1001 7
0 1 0
0 1 1
0 1 2
1 1 4
0 3 1 0 1
0 3 2 0 2
1 3 4 0 4
0 5 1 0 1 0 2
1 5 2 0 2 0 4
0 5 4 0 5 0 1
0 7 1 0 1 0 3 0 3
1 7 2 0 2 1 0 0 0
1 7 4 0 5 0 5 1 0
1 9 1 0 1 0 4 0 4 1 0
1 9 2 0 3 0 1 0 2 1 0
1 9 4 0 6 0 2 0 5 0 5
1 11 1 0 1 0 5 0 6 0 3 0 4
0 11 2 0 3 0 3 0 6 0 0 0 2
1 11 4 1 0 0 0 0 5 0 1 0 4
0 13 1 0 1 1 0 0 1 0 2 0 4 0 1
0 13 2 0 3 0 6 0 1 0 5 0 0 0 3
1 13 4 1 0 0 5 0 4 0 2 0 1 1 0
1 15 1 0 2 0 0 0 3 0 1 0 5 0 3 0 5
1 15 2 0 4 0 0 0 6 0 3 0 3 0 0 0 4
0 15 5 0 0 0 2 0 4 1 0 1 0 0 2 0 1
0 17 1 0 2 0 1 0 5 0 2 0 0 0 6 0 3 0 2
1 17 2 0 4 0 3 0 2 0 5 0 1 0 4 1 0 0 5
0 17 5 0 0 1 0 0 6 0 2 0 4 0 2 0 0 0 3
1 19 1 0 2 0 2 1 0 0 4 0 6 0 0 0 5 0 0 1 0
1 19 2 0 4 0 5 1 0 0 1 0 5 0 2 0 2 0 2 0 5
1 19 5 0 1 0 4 1 0 0 3 0 2 0 5 0 4 0 5 0 3
0 21 1 0 2 0 4 0 1 1 0 0 6 0 5 0 3 0 2 0 4 0 0
0 21 2 0 5 0 0 0 4 1 0 0 5 0 3 1 0 0 6 0 0 0 1
0 21 5 0 2 0 2 0 2 0 0 0 3 0 1 0 0 0 4 0 1 0 2
1 23 1 0 2 0 5 0 4 0 4 0 0 0 6 0 2 0 1 0 0 0 3 0 4
0 23 2 0 5 0 3 0 2 0 1 0 2 0 4 0 5 0 2 0 0 1 0 0 2
1 23 5 0 2 1 0 0 5 0 2 0 5 0 1 0 3 0 5 0 1 0 6 0 3
0 25 1 0 2 1 0 0 0 0 2 0 6 0 2 0 3 1 0 0 3 0 4 0 5 0 0
0 25 2 0 5 0 5 1 0 0 5 0 4 0 5 1 0 1 0 1 0 0 2 0 3 0 1
0 25 5 0 3 0 5 0 0 0 3 0 2 0 5 0 0 1 0 0 6 0 3 0 6 0 2
1 27 1 0 3 0 0 0 3 0 1 0 6 0 5 0 2 0 2 1 0 0 5 0 0 0 5 0 5
1 27 2 0 6 0 0 0 6 0 3 0 5 0 3 0 5 0 5 1 0 0 2 0 2 0 3 0 4
0 27 5 0 4 0 2 0 5 0 0 0 4 0 0 0 4 0 4 1 0 0 4 0 4 1 0 0 2
1 29 1 0 3 0 1 0 6 0 2 0 2 0 0 0 2 0 1 0 3 0 0 0 1 0 2 1 0 0 4
0 29 2 0 6 0 3 0 4 0 5 0 4 0 0 0 4 0 2 0 6 0 0 0 2 0 5 1 0 0 1
0 29 5 0 5 0 0 0 2 0 4 0 1 0 2 0 0 0 6 0 4 0 1 0 5 0 3 1 0 0 2
1 31 1 0 3 0 3 0 1 0 5 0 0 0 3 0 4 0 1 0 5 0 1 0 4 0 3 0 0 1 0 0 4
0 31 2 0 6 0 6 0 3 0 2 0 1 1 0 0 1 0 4 0 2 0 4 0 0 1 0 0 2 1 0 0 1
0 31 5 0 5 0 5 1 0 0 5 0 3 0 6 0 2 0 0 0 6 0 0 0 2 0 6 0 4 0 6 0 1
1 33 1 0 3 0 4 0 5 0 0 0 3 0 0 0 5 0 5 0 1 0 4 0 1 0 5 0 5 0 2 0 5 0 3
0 33 2 1 0 0 2 0 3 0 1 0 6 0 1 0 3 0 3 0 4 0 0 0 4 0 3 0 3 0 6 0 3 0 0
0 33 5 0 6 0 3 0 6 0 3 0 4 0 3 1 0 0 0 0 1 0 2 0 1 0 0 0 0 0 5 1 0 0 1
0 35 1 0 3 0 6 0 0 0 6 0 0 0 2 0 0 1 0 0 0 0 2 0 4 0 2 0 0 0 1 0 3 1 0 0 2
1 35 2 1 0 0 5 0 2 0 4 0 1 0 4 0 1 0 5 1 0 0 5 0 0 0 5 0 0 0 2 1 0 1 0 0 4
0 35 5 1 0 0 2 0 6 0 0 0 4 0 0 0 4 0 4 0 0 0 2 0 2 0 2 0 1 0 5 1 0 1 0 0 1
0 37 1 0 3 1 0 0 5 0 4 0 2 0 0 0 2 0 1 0 1 0 1 0 4 0 4 0 4 0 3 0 4 0 0 0 6 0 1
1 37 3 0 0 0 0 0 3 0 1 0 5 0 0 0 4 0 2 0 2 0 3 0 1 0 2 0 2 0 0 0 1 0 2 0 4 0 3
0 37 6 0 0 0 0 0 6 0 3 0 2 0 2 0 0 0 5 0 4 0 6 0 2 0 4 0 4 0 0 0 2 0 5 0 1 0 0
0 39 1 0 4 0 1 0 1 0 4 1 0 0 5 0 4 0 1 0 3 0 2 0 5 0 6 0 1 0 1 0 1 0 5 0 2 0 3 0 0
0 39 3 0 0 0 3 0 3 0 2 0 0 0 3 0 1 0 3 0 6 0 5 0 3 0 5 0 3 0 2 0 3 0 2 0 5 0 6 0 0
0 39 6 0 0 0 6 0 6 0 4 0 0 0 6 0 2 1 0 0 6 0 4 0 0 0 3 1 0 0 5 0 6 0 5 0 3 0 5 0 1
0 41 1 0 4 0 2 0 5 0 6 0 1 0 2 0 4 1 0 0 0 0 5 0 1 0 2 0 0 0 0 0 3 0 6 0 4 0 0 0 3 0 3
1 41 3 0 0 0 6 0 3 0 5 0 3 0 5 0 1 1 0 0 1 0 2 0 3 0 4 0 0 0 0 1 0 0 6 0 1 0 1 1 0 0 0
1 41 6 0 1 0 5 0 0 0 4 0 0 0 3 0 4 0 6 0 1 0 4 1 0 0 1 0 1 0 1 1 0 0 4 0 3 0 3 0 5 1 0
1 43 1 0 4 0 4 0 2 0 2 0 0 0 1 1 0 0 2 0 5 0 4 0 1 1 0 0 2 0 2 0 3 1 0 0 1 0 0 0 0 0 4 1 0
1 43 3 0 1 0 1 0 5 0 4 0 0 0 3 0 6 0 4 0 3 0 1 0 4 0 6 0 3 0 4 1 0 1 0 0 2 0 0 0 1 0 1 1 0
1 43 6 0 2 0 3 0 3 0 1 0 1 1 0 0 6 0 1 1 0 0 4 0 1 0 6 0 0 0 3 0 0 0 6 0 3 0 0 0 2 0 3 0 5
1 45 1 0 4 0 5 0 6 0 6 0 2 0 3 1 0 0 4 0 4 1 0 0 0 0 4 0 4 0 1 0 6 0 1 0 4 1 0 0 1 0 4 1 0 0 4
0 45 3 0 1 0 4 0 6 0 5 0 6 0 0 0 0 0 1 0 2 1 0 0 1 0 1 0 1 0 4 0 4 0 4 0 1 1 0 0 3 0 2 0 0 0 1
0 45 6 0 3 0 1 0 6 0 4 0 5 0 1 0 0 0 2 0 5 0 6 0 1 0 2 0 3 0 1 0 2 0 1 0 4 0 6 0 5 0 4 0 0 0 2
1 47 1 0 4 1 0 0 4 0 5 0 2 0 3 0 3 0 0 0 5 0 3 0 5 0 3 0 4 0 6 0 2 0 4 0 3 0 1 0 6 0 4 0 1 0 1 0 4
0 47 3 0 2 0 0 0 1 0 3 0 5 0 6 0 6 0 1 0 3 0 0 0 4 0 0 0 2 0 5 0 6 0 0 1 0 0 4 0 5 0 1 0 3 0 3 0 1
0 47 6 0 4 0 0 0 2 1 0 0 4 0 6 0 5 0 3 0 6 0 1 0 0 0 1 0 5 0 3 0 5 0 2 1 0 0 1 0 3 0 3 0 6 0 6 0 2
1 49 1 0 5 0 1 0 1 0 5 1 0 0 1 0 6 0 4 0 0 0 5 0 3 0 0 0 3 0 3 0 0 0 3 0 6 0 6 0 1 1 0 0 0 0 6 0 5 0 5
1 49 3 0 2 0 3 0 3 0 3 1 0 0 3 0 5 0 1 0 2 0 2 1 0 0 1 0 6 0 6 0 0 1 0 0 6 0 5 0 4 0 6 0 0 0 5 0 4 0 4
0 49 6 0 4 1 0 0 0 0 0 1 0 1 0 0 3 0 3 0 4 0 5 0 6 0 2 0 5 0 5 0 2 1 0 0 5 0 4 0 2 0 5 0 2 0 3 0 2 0 2
1 51 1 0 5 0 2 1 0 0 0 0 1 1 0 0 6 0 5 1 0 0 2 0 4 0 5 0 6 0 3 0 3 1 0 0 0 0 3 0 1 0 6 0 2 0 5 0 6 0 4 0 4
0 51 3 0 2 0 6 0 5 1 0 0 3 1 0 0 5 0 4 1 0 0 5 0 1 0 4 0 6 0 0 0 0 1 0 0 0 0 6 0 3 0 4 0 6 0 3 0 6 0 2 0 2
1 51 6 0 5 0 5 0 5 0 0 0 0 0 0 0 3 0 3 0 0 0 2 0 4 0 1 0 5 0 1 0 1 0 6 0 0 0 5 0 0 0 2 0 6 0 0 0 5 0 5 0 4
0 53 1 0 5 0 4 0 4 0 3 0 1 0 0 0 0 0 6 0 6 0 0 0 5 0 0 0 4 0 2 0 3 0 3 0 4 0 2 0 2 0 1 0 5 0 4 0 2 0 3 0 4 0 2
1 53 3 0 3 0 2 0 1 1 0 0 3 0 0 0 1 0 5 0 5 0 2 0 2 0 2 0 0 0 5 1 0 0 0 0 1 0 5 0 4 0 3 0 3 0 1 0 5 1 0 0 1 0 5
0 53 6 0 6 0 4 0 3 0 6 0 5 0 0 0 3 0 3 0 3 0 5 0 4 0 4 0 1 0 3 1 0 0 0 0 3 0 3 0 1 1 0 1 0 0 4 0 3 1 0 0 3 0 3
1 55 1 0 5 0 6 0 2 0 0 0 6 0 3 0 1 1 0 0 0 0 0 0 4 0 2 0 1 0 3 1 0 1 0 0 0 0 6 0 6 0 3 1 0 1 0 0 1 0 0 1 0 1 0 0 0
1 55 3 0 3 0 5 0 5 0 1 0 4 1 0 0 4 0 5 1 0 0 1 0 0 0 5 0 3 0 0 0 0 0 6 0 0 0 5 0 6 0 1 0 0 0 6 0 1 0 1 1 0 0 5 1 0
1 56 1 0 0 0 0 4 0 3 0 4 0 2 0 0 0 1 0 4 1 0 0 2 0 1 0 2 1 0 0 1 0 1 0 4 0 2 0 3 0 5 0 3 0 1 0 4 0 3 0 3 1 0 0 3 1 0
1 57 1 0 6 0 0 0 1 0 0 0 1 0 5 0 0 0 3 0 1 1 0 0 4 0 2 0 5 0 6 0 1 0 3 0 0 0 5 1 0 0 3 1 0 0 4 0 1 0 0 0 0 1 0 1 0 1 0
1 57 3 0 4 0 1 0 2 0 0 0 3 0 2 0 1 0 6 0 3 1 0 0 0 0 6 0 3 0 5 0 3 0 6 0 1 0 4 0 0 0 0 0 0 0 0 0 3 0 0 0 1 1 0 1 0 0 5
0 58 1 0 0 1 0 3 0 4 0 0 0 6 0 4 0 3 0 5 0 0 1 0 0 1 0 5 0 0 0 4 0 0 0 5 0 4 0 0 0 1 0 0 0 0 0 0 0 6 0 0 0 3 1 0 1 0 0 3
1 59 1 0 6 0 1 1 0 0 1 0 2 0 5 0 2 0 0 0 3 0 2 0 6 0 2 0 2 0 2 0 0 0 2 0 3 0 1 0 1 0 2 0 0 0 0 0 1 0 4 0 2 0 0 0 0 0 6 0 5
1 59 3 0 4 0 4 0 6 0 1 0 5 0 2 0 5 0 0 0 6 0 5 0 4 0 5 0 4 0 4 0 0 0 4 0 6 0 2 0 2 0 4 0 0 0 0 0 3 0 0 0 5 0 0 0 1 0 5 0 4
0 60 1 0 0 2 0 2 0 5 0 4 0 2 0 6 0 2 0 2 0 5 0 4 0 2 0 4 0 2 0 1 0 2 0 1 0 5 0 5 0 5 0 0 0 1 0 0 0 6 0 1 0 2 0 1 0 3 0 3 0 2
1 61 1 0 6 0 3 0 5 0 3 0 1 0 6 0 4 0 5 0 5 0 3 0 1 0 6 0 0 0 5 0 2 0 4 0 3 0 3 0 4 0 3 0 1 0 2 0 1 0 4 0 3 0 4 0 2 0 6 0 6 0 4
0 61 3 0 5 0 0 0 3 1 0 0 4 0 5 0 2 0 4 0 3 1 0 0 4 0 4 0 2 0 2 0 6 0 1 0 0 0 0 0 1 1 0 0 3 0 4 0 3 0 1 0 0 0 1 0 6 0 5 0 6 0 2
1 62 1 0 0 3 0 2 0 0 0 0 0 1 0 3 0 6 0 1 0 1 0 0 0 1 0 1 0 5 0 5 0 4 0 3 0 0 0 0 0 3 0 6 0 6 0 0 1 0 0 3 0 0 0 3 0 5 0 4 0 5 0 5
1 63 1 0 6 0 5 0 4 0 0 0 0 0 2 1 0 0 5 0 3 0 2 0 0 0 2 0 3 0 3 0 4 0 1 1 0 0 1 0 0 1 0 0 6 0 5 0 2 0 6 0 5 0 0 1 0 0 4 0 2 0 4 0 4
0 63 3 0 5 0 4 0 1 0 1 0 0 0 5 1 0 0 2 1 0 0 5 0 0 0 4 1 0 0 0 0 1 0 4 0 6 0 1 0 1 1 0 0 5 0 3 0 6 0 5 0 3 0 2 1 0 0 0 0 6 0 1 0 2
1 64 1 0 0 4 0 1 0 3 0 2 0 1 0 3 1 0 0 5 1 0 0 2 0 2 0 1 1 0 0 0 0 3 0 1 0 5 0 3 0 3 1 0 0 3 0 0 0 6 0 3 1 0 0 6 0 6 0 0 0 4 0 3 0 4
0 65 1 1 0 0 0 0 3 0 6 0 4 0 3 0 0 0 0 0 3 1 0 0 4 0 4 0 3 0 5 1 0 0 6 0 3 0 3 0 0 0 0 1 0 0 6 0 1 0 5 0 1 0 0 0 5 0 5 0 2 0 1 0 0 0 2
1 65 3 0 5 1 0 1 0 0 6 0 1 1 0 0 1 0 1 0 0 0 0 0 1 0 2 0 0 0 5 0 0 0 4 1 0 1 0 0 1 0 1 1 0 0 4 0 4 0 2 0 3 0 1 0 3 0 3 0 5 0 2 0 0 0 4
0 66 1 0 0 5 0 0 1 0 0 4 0 4 0 6 0 1 0 2 0 0 0 0 0 2 0 4 0 1 0 2 0 2 0 2 0 0 0 6 0 1 0 3 1 0 0 1 0 1 0 5 0 6 0 2 1 0 0 0 0 3 0 5 0 1 0 1
0 67 1 1 0 0 2 0 2 1 0 0 1 0 2 0 5 0 3 0 4 0 0 0 0 0 5 0 0 0 3 0 4 0 4 0 4 0 1 0 4 0 3 1 0 1 0 0 2 0 3 0 3 0 5 0 6 0 5 1 0 1 0 0 3 0 3 0 2
1 67 3 0 6 0 3 0 5 0 6 0 1 0 5 0 3 0 0 0 1 0 1 0 1 0 2 0 1 1 0 0 2 0 2 0 1 0 4 0 1 0 1 0 0 0 6 0 3 1 0 0 0 0 4 0 6 0 5 0 0 0 6 0 5 0 6 0 4
0 68 1 0 0 6 0 0 0 4 0 5 0 4 0 2 1 0 0 1 0 2 0 2 0 2 0 4 0 3 0 6 0 3 0 4 0 3 0 0 0 3 0 2 0 1 0 5 0 0 1 0 0 1 0 1 0 6 0 3 0 2 0 5 0 4 0 6 0 2
1 69 1 1 0 0 4 0 2 0 1 0 4 0 1 0 6 0 6 0 1 0 4 0 4 0 5 0 1 0 0 0 6 0 0 0 1 1 0 0 1 0 6 0 4 0 3 0 2 0 2 0 6 0 1 0 3 0 4 1 0 0 6 0 3 0 2 0 5 0 5
1 69 3 1 0 0 0 0 5 0 3 0 0 0 4 0 5 0 5 0 4 0 1 0 2 0 3 0 3 0 1 0 4 0 1 0 3 0 6 0 2 0 5 0 1 1 0 0 5 0 5 0 4 0 3 1 0 0 3 0 0 0 4 1 0 0 6 0 3 0 4
0 70 1 0 1 0 0 1 0 2 1 0 0 2 0 1 0 4 0 4 0 1 0 3 0 4 0 6 0 6 0 3 0 0 0 3 1 0 0 5 0 6 0 2 0 4 1 0 0 3 0 4 0 2 0 0 1 0 0 6 0 1 0 2 0 0 0 5 0 0 0 2
1 71 1 1 0 0 6 0 1 0 5 0 6 0 3 0 3 0 1 0 1 0 3 1 0 0 2 0 6 0 5 1 0 0 2 0 0 0 0 0 3 0 5 0 6 0 1 1 0 1 0 0 1 0 5 0 1 1 0 0 4 0 3 0 4 0 1 0 2 0 1 0 4
0 71 3 1 0 0 4 0 4 0 3 0 5 1 0 1 0 0 3 0 2 1 0 1 0 0 5 0 5 0 4 1 0 0 4 0 0 0 0 1 0 0 4 0 5 0 4 1 0 0 6 0 2 0 2 0 4 1 0 0 1 0 0 0 1 0 3 0 4 0 3 0 1
0 73 1 0 0 0 0 0 1 0 2 0 0 0 5 0 0 0 6 0 5 0 5 1 0 1 0 0 3 0 4 0 3 0 0 0 0 0 1 0 1 1 0 0 1 0 4 0 3 0 0 0 4 0 5 0 5 0 1 1 0 0 2 0 0 0 2 1 0 0 1 1 0 0 3
1 73 2 0 0 0 0 0 2 0 4 0 1 0 2 0 2 0 5 0 4 0 5 0 0 0 6 0 6 0 0 1 0 0 1 0 0 0 2 0 3 0 6 0 2 0 0 1 0 0 2 0 1 0 4 0 3 0 4 0 6 0 3 0 0 0 5 0 6 0 2 0 6 0 5
1 73 4 0 0 0 0 0 5 0 0 0 3 0 4 0 5 0 3 0 2 0 3 0 2 0 5 0 5 0 2 0 6 0 1 0 0 0 4 1 0 0 5 0 5 0 1 0 6 0 3 0 3 0 1 0 0 0 2 0 5 1 0 0 2 0 3 0 5 0 6 0 5 0 4
0 75 1 0 0 0 1 0 1 0 2 0 1 1 0 0 2 0 3 1 0 0 5 0 6 0 5 0 3 0 3 0 6 0 4 0 3 0 1 0 2 0 0 0 3 0 3 0 4 0 4 1 0 1 0 0 3 0 0 0 5 0 3 1 0 0 4 1 0 0 4 0 6 0 4 0 2
1 75 2 0 0 0 2 0 2 0 4 0 3 0 6 0 4 0 0 0 0 0 3 0 6 0 4 0 0 0 0 0 6 0 1 1 0 0 3 0 4 0 0 1 0 0 0 0 2 0 3 0 0 0 6 0 5 0 1 0 3 0 1 0 0 0 2 0 0 0 1 0 6 0 1 0 5
1 75 4 0 0 0 4 0 5 0 1 0 0 0 6 0 1 0 1 0 0 1 0 0 6 0 1 0 1 0 1 0 4 0 4 0 6 0 6 0 0 0 2 0 5 1 0 0 4 0 6 0 1 0 5 0 3 0 3 0 6 0 2 0 0 0 4 0 0 0 3 0 4 0 4 0 3
0 77 1 0 0 0 2 0 1 0 3 0 3 0 1 0 4 0 3 0 2 0 1 1 0 0 4 0 3 0 2 0 3 0 1 0 2 0 6 0 5 0 1 0 5 0 4 0 0 0 1 0 5 0 4 0 3 0 0 0 0 0 5 0 5 0 1 0 0 0 1 1 0 0 2 0 2 0 0
0 77 2 0 0 0 4 0 2 0 6 0 6 0 3 0 0 1 0 0 5 0 3 1 0 0 0 1 0 0 5 0 6 0 2 0 5 0 5 0 3 0 4 0 3 0 1 0 1 0 3 0 3 0 1 1 0 0 1 0 1 0 3 0 3 0 3 0 0 0 3 0 6 0 3 0 4 0 0
0 77 4 0 1 0 0 0 6 0 5 0 5 1 0 0 2 1 0 0 3 0 0 1 0 0 1 1 0 0 3 0 5 0 6 0 3 0 4 0 0 0 1 1 0 0 3 0 2 0 6 0 6 0 3 0 6 0 1 0 2 0 6 0 6 0 6 0 0 1 0 0 6 0 0 0 1 0 1
0 79 1 0 0 0 3 0 1 0 5 0 4 0 4 1 0 0 5 0 6 0 5 0 1 0 6 0 2 0 6 0 6 0 3 0 6 0 0 0 1 0 1 0 3 0 6 0 5 0 5 0 5 0 6 0 0 0 5 0 3 0 5 0 5 0 6 0 5 0 2 1 0 0 4 0 1 0 2 0 2
1 79 2 0 0 0 6 0 3 0 3 0 2 0 3 0 0 0 3 0 6 0 3 0 4 0 4 0 6 0 5 0 6 0 0 0 5 0 1 0 2 0 2 1 0 0 6 0 4 0 4 0 4 0 5 0 2 0 3 0 0 0 4 0 4 0 6 0 3 1 0 0 0 0 0 0 3 0 4 0 4
0 79 4 0 1 0 4 1 0 1 0 0 5 0 6 0 0 1 0 0 6 0 0 0 2 0 2 0 6 0 4 0 5 0 2 0 2 0 3 0 4 0 5 1 0 0 5 0 2 0 2 0 2 0 3 0 5 0 6 0 1 0 1 0 2 0 6 0 0 1 0 0 0 0 0 1 0 0 2 0 2
1 81 1 0 0 0 4 0 2 0 0 1 0 0 3 0 5 0 2 1 0 0 4 0 1 0 4 0 5 0 5 0 2 0 3 0 5 0 4 1 0 0 2 0 5 0 0 0 2 0 5 0 4 0 4 1 0 0 4 0 5 0 3 0 2 0 5 0 4 0 2 0 5 1 0 0 1 0 6 0 3 0 4
0 81 2 0 1 0 0 0 5 0 1 0 6 0 6 0 2 1 0 0 0 0 0 0 4 0 1 0 4 0 3 0 5 1 0 0 4 0 2 1 0 0 5 0 2 0 1 0 5 0 3 0 2 0 3 0 0 0 1 0 3 1 0 0 6 0 3 0 1 0 6 0 3 1 0 0 3 0 5 0 0 0 2
1 81 4 0 2 0 1 0 2 0 4 0 5 0 5 0 6 0 5 1 0 0 1 0 0 0 4 0 1 0 0 0 5 0 0 0 0 1 0 0 0 0 2 0 5 0 3 0 2 1 0 0 5 0 6 0 0 0 3 0 0 0 0 0 4 1 0 0 4 0 5 0 0 1 0 1 0 0 3 0 1 0 4
0 83 1 0 0 0 5 0 2 0 5 0 1 0 4 0 4 0 6 0 4 1 0 0 2 0 1 0 0 0 3 0 1 0 2 0 1 0 1 0 5 1 0 0 5 0 2 1 0 1 0 0 0 0 3 0 5 0 1 0 6 0 0 0 1 0 2 0 0 0 1 0 3 0 2 1 0 0 6 0 5 0 3 0 1
0 83 2 0 1 0 2 0 6 0 2 0 4 0 1 0 2 0 6 0 2 1 0 0 4 0 2 0 0 0 6 0 2 0 4 0 2 0 3 0 4 0 0 0 2 1 0 0 0 0 5 1 0 1 0 0 3 0 4 0 4 0 1 0 2 0 4 0 0 0 2 0 6 0 5 1 0 0 5 0 3 1 0 0 3
1 83 4 0 2 0 5 0 4 0 6 0 0 0 3 0 5 0 4 1 0 0 0 0 0 0 5 0 1 0 4 0 6 0 0 0 5 1 0 0 1 0 1 0 5 0 6 0 0 0 4 0 0 0 6 0 6 0 1 0 1 0 3 0 5 0 0 0 1 0 5 0 5 0 5 0 0 0 3 0 0 1 0 1 0
1 85 1 0 0 0 6 0 3 0 2 0 5 0 1 1 0 0 4 0 2 1 0 0 0 0 1 0 2 0 4 0 1 0 5 0 2 0 3 1 0 0 2 0 3 0 3 0 5 0 2 0 0 0 2 0 5 0 5 0 3 0 2 1 0 0 3 0 1 0 3 0 3 0 4 0 3 0 1 0 6 0 1 1 0 0 5
0 85 2 0 1 0 4 1 0 0 6 0 2 0 4 1 0 0 0 0 6 0 5 1 0 0 2 0 5 0 0 0 4 0 2 0 5 1 0 1 0 0 4 1 0 0 0 0 3 0 5 0 0 0 5 0 3 0 3 1 0 0 6 0 6 0 5 0 2 1 0 0 0 0 1 1 0 0 4 0 4 0 4 1 0 0 3
1 85 4 0 3 0 2 0 0 0 4 0 6 0 1 1 0 0 1 0 5 0 4 1 0 0 5 0 2 0 2 0 0 0 6 0 4 0 0 1 0 0 1 1 0 0 0 1 0 0 3 0 2 0 3 0 0 0 1 0 0 0 5 0 6 0 3 0 6 0 5 1 0 0 3 1 0 0 1 0 2 0 2 1 0 1 0
1 87 1 0 0 1 0 0 5 0 1 0 1 0 5 0 4 0 6 0 2 0 3 0 3 0 0 0 2 0 5 0 4 0 1 0 5 0 1 0 2 0 6 0 2 0 6 0 0 0 6 0 5 0 4 0 6 0 0 0 2 0 1 0 3 0 6 0 0 0 6 0 4 1 0 1 0 1 0 0 2 0 4 0 5 1 0 0 5
0 87 2 0 1 1 0 0 2 0 3 0 3 0 3 0 2 0 5 0 5 0 6 0 6 0 0 0 5 0 3 0 1 0 4 0 2 0 3 0 5 0 4 0 6 0 4 0 2 0 5 0 4 0 2 0 5 0 1 0 4 0 2 1 0 0 5 0 2 0 5 0 3 0 0 1 0 0 6 0 4 0 1 0 5 0 0 0 3
1 87 4 0 3 0 6 0 3 0 6 0 6 0 6 0 5 0 3 0 4 0 6 0 5 0 2 0 2 1 0 0 4 0 0 0 5 1 0 0 4 0 2 0 6 0 1 0 6 0 3 0 1 0 6 0 2 0 4 0 0 1 0 0 0 0 2 0 6 0 2 1 0 0 2 1 0 0 5 0 1 0 4 0 2 0 1 1 0
1 89 1 0 1 0 0 0 6 0 0 0 6 0 6 0 6 0 4 0 0 0 2 0 6 0 3 0 5 0 5 1 0 0 0 0 2 0 4 0 0 0 0 0 6 0 4 0 4 0 4 1 0 0 4 0 4 0 6 0 0 0 2 0 5 1 0 0 5 0 4 0 6 0 6 0 4 1 0 0 2 0 4 0 0 0 5 0 3 0 5
1 89 2 0 2 0 1 0 4 0 2 0 5 0 6 0 6 0 1 0 1 0 5 0 5 0 0 0 4 0 4 1 0 0 0 0 5 0 0 0 1 0 1 0 5 0 2 0 2 0 3 0 0 0 1 0 2 0 5 0 1 0 5 0 4 0 0 0 3 0 2 0 6 0 6 0 2 1 0 0 5 0 0 0 2 0 3 0 0 0 4
0 89 4 0 4 0 3 0 0 0 6 0 3 0 6 0 5 0 3 0 3 0 3 0 3 0 2 0 1 0 2 1 0 0 1 0 2 0 1 0 2 0 3 0 2 0 5 0 4 0 6 0 0 0 2 0 5 0 2 0 4 0 3 0 1 0 1 0 6 0 5 0 5 0 5 1 0 0 0 0 2 0 1 0 4 0 6 0 1 0 1
0 91 1 0 1 0 1 1 0 0 2 0 5 0 0 0 6 0 3 1 0 1 0 1 0 1 0 0 5 0 2 0 5 0 6 0 1 0 4 0 2 0 4 0 6 0 5 0 3 0 2 0 5 0 1 0 5 0 2 0 6 0 0 1 0 0 3 0 3 0 5 0 4 0 4 0 4 1 0 0 0 0 4 0 3 0 1 0 5 0 3 0 2
1 91 2 0 2 0 3 0 6 0 4 0 2 0 2 0 5 0 1 0 0 1 0 1 0 1 0 0 2 0 6 0 3 0 5 0 4 0 0 0 6 0 1 0 6 0 3 1 0 0 6 0 2 0 4 0 2 0 6 0 4 0 2 0 6 0 5 1 0 0 4 0 2 0 2 0 2 1 0 0 1 0 0 1 0 0 4 0 2 1 0 0 5
0 91 4 0 4 1 0 0 6 0 1 0 5 0 5 0 2 0 3 0 1 1 0 1 0 0 6 0 4 0 5 0 0 0 4 0 1 0 2 0 4 0 4 0 5 0 1 0 0 0 4 0 6 0 0 0 6 0 5 0 1 0 6 0 5 0 5 0 0 0 0 0 5 0 4 0 5 0 6 0 1 0 1 1 0 0 0 1 0 0 0 0 3
1 93 1 0 1 0 3 0 0 0 4 0 4 0 3 0 3 0 5 0 6 0 3 1 0 1 0 0 5 0 2 0 3 0 2 0 0 0 3 0 5 0 1 0 2 0 3 0 3 0 1 0 1 0 5 0 2 0 5 0 3 0 4 0 5 0 4 0 3 0 1 0 1 0 3 0 2 0 4 0 5 0 3 0 3 0 6 0 0 0 5 1 0 1 0
1 93 2 0 2 0 6 0 1 0 1 0 2 0 0 0 0 0 4 0 6 0 1 0 0 1 0 0 2 0 5 0 6 0 4 0 0 1 0 0 3 0 3 0 4 0 6 0 6 0 2 0 3 0 2 0 6 0 3 0 0 0 2 0 4 0 1 1 0 0 3 0 2 0 6 0 5 0 1 0 4 0 0 0 0 0 5 0 2 0 4 0 0 0 5
0 93 4 0 5 0 4 0 3 0 2 0 4 0 0 0 1 0 1 0 5 0 3 0 1 0 6 0 4 0 3 0 6 0 1 0 2 0 6 0 5 1 0 0 2 0 6 0 5 0 5 0 6 0 5 0 4 1 0 0 1 0 5 0 0 0 4 0 6 0 5 0 5 0 5 0 3 0 4 0 0 0 1 0 1 0 2 0 6 0 0 0 2 0 3
1 95 1 0 1 0 4 0 1 1 0 0 6 0 0 0 1 0 2 0 3 0 2 1 0 0 4 0 5 0 2 0 0 0 5 0 3 0 5 0 5 0 4 1 0 0 5 0 5 0 4 0 4 0 6 0 4 0 2 1 0 0 3 0 2 0 2 0 1 0 6 0 4 0 4 0 4 0 0 0 1 0 1 0 2 0 2 0 5 0 4 0 1 0 4 1 0
1 95 2 0 3 0 0 0 4 1 0 0 4 0 1 0 2 0 4 0 6 0 5 1 0 0 1 0 3 0 5 0 1 0 3 0 0 0 4 0 4 0 3 0 0 0 3 0 4 0 2 0 2 0 6 0 1 0 6 0 6 0 5 0 4 0 4 0 3 0 5 0 2 0 2 0 1 0 1 0 2 0 2 0 4 0 5 0 3 0 1 0 4 0 1 1 0
1 95 4 0 6 0 1 0 2 0 0 0 0 0 3 0 5 0 1 0 6 0 4 1 0 0 2 1 0 0 3 0 3 0 6 0 1 0 1 0 1 1 0 0 1 1 0 0 1 0 5 0 5 0 4 0 4 0 5 0 6 0 4 0 2 0 2 0 0 0 3 0 5 0 4 0 2 0 2 0 4 0 5 0 1 0 3 1 0 0 4 0 0 0 4 0 5
1 97 1 0 1 0 5 0 3 0 4 0 0 0 0 1 0 0 3 0 4 0 5 0 2 1 0 0 5 0 6 0 5 1 0 0 5 0 3 0 2 0 3 0 6 0 2 0 6 0 2 0 3 0 4 0 2 0 2 0 4 0 6 0 1 0 5 0 4 0 0 1 0 0 4 0 1 0 5 0 5 0 1 0 3 0 4 0 0 0 0 0 0 0 2 0 1 0 4
0 97 2 0 3 0 3 0 0 0 1 0 1 0 1 0 6 0 6 0 1 0 3 1 0 0 0 0 3 0 6 0 5 0 0 0 2 1 0 0 5 1 0 0 5 0 6 0 4 0 5 1 0 0 1 0 5 0 5 0 1 0 5 0 4 0 3 0 1 0 2 1 0 0 0 0 4 0 3 0 3 0 3 1 0 0 1 0 1 0 0 0 0 0 4 0 3 0 1
0 97 4 0 6 0 6 0 0 0 2 0 2 0 3 0 5 0 5 0 3 1 0 1 0 0 0 1 0 0 6 0 3 0 1 0 5 1 0 0 4 0 0 0 3 0 6 0 2 0 4 1 0 0 3 0 3 0 3 0 4 0 3 0 1 1 0 0 3 0 5 0 6 0 0 0 1 0 0 0 0 0 0 1 0 0 2 0 2 0 0 0 1 0 0 1 0 0 3
1 99 1 0 1 0 6 0 5 0 1 0 4 0 4 1 0 0 4 0 4 0 1 0 0 0 6 0 0 1 0 0 4 1 0 0 4 0 4 0 0 0 0 0 1 1 0 0 5 0 6 0 1 1 0 1 0 0 0 0 0 0 1 1 0 0 4 0 6 0 6 0 3 0 5 0 1 0 2 0 0 0 0 0 1 0 6 0 3 0 4 0 0 0 2 0 1 0 6 0 5
1 99 2 0 3 0 5 0 3 0 4 0 1 0 3 0 0 0 1 0 1 0 3 0 1 0 4 0 2 1 0 0 2 0 0 0 1 0 1 0 1 0 0 0 3 1 0 0 3 0 5 0 4 1 0 0 5 1 0 0 0 0 3 1 0 0 1 0 6 0 6 0 0 0 3 0 3 0 4 0 0 0 0 0 3 0 5 0 0 0 1 0 1 0 4 0 3 0 5 0 4
0 99 4 1 0 0 4 0 0 0 1 0 3 0 6 0 0 0 2 0 2 0 6 0 3 0 0 0 6 0 6 0 3 0 0 0 2 0 2 0 2 0 0 1 0 1 0 1 0 0 4 0 3 0 0 0 3 1 0 0 0 1 0 1 0 0 3 0 5 0 5 0 1 1 0 0 0 0 1 0 1 0 0 1 0 0 3 0 1 0 2 0 3 0 1 0 0 0 4 0 2
1 101 1 0 2 0 0 0 0 0 1 0 2 1 0 0 5 0 1 0 4 0 5 0 4 1 0 0 2 0 5 0 5 1 0 0 1 0 4 0 4 0 4 0 1 1 0 1 0 1 0 0 0 1 0 0 1 1 0 1 0 0 1 1 0 0 6 0 6 0 3 0 3 0 4 0 5 1 0 0 2 0 2 0 1 0 6 0 5 0 2 0 4 0 6 0 2 0 1 0 0 0 5
0 101 2 0 4 0 0 0 0 0 2 0 5 1 0 0 2 0 4 0 1 0 4 0 2 1 0 0 5 0 3 0 4 1 0 0 3 0 1 0 2 0 1 0 4 1 0 1 0 0 6 0 0 0 6 0 2 1 0 0 6 0 2 1 0 0 5 0 6 0 0 0 0 0 2 0 4 1 0 0 4 0 4 0 3 0 5 0 3 0 6 0 1 0 5 0 5 0 2 0 1 0 3
1 101 5 0 0 0 1 0 0 0 5 0 3 1 0 0 5 0 0 0 4 0 0 1 0 0 0 0 3 0 0 0 2 1 0 0 6 0 2 0 4 0 3 0 2 0 0 1 0 0 4 0 2 0 4 1 0 0 0 0 4 1 0 0 0 0 3 0 5 0 1 0 0 0 5 0 2 0 0 0 1 0 2 0 0 0 4 0 0 0 5 0 4 0 3 0 3 0 5 0 2 1 0
1 103 1 0 2 0 1 0 2 0 1 0 3 0 1 0 0 0 2 0 2 0 0 0 2 0 5 1 0 0 6 0 0 0 5 1 0 0 4 0 6 0 0 1 0 0 5 0 1 1 0 0 0 0 6 0 1 1 0 0 1 0 1 1 0 0 0 1 0 0 3 0 3 0 1 0 2 0 5 0 0 0 2 0 4 0 1 0 0 0 2 0 3 0 2 0 0 0 0 0 3 0 6 0 5
1 103 2 0 4 0 2 0 4 0 2 0 6 0 2 0 0 0 4 0 4 0 0 0 5 0 4 0 0 0 4 0 2 0 4 0 0 0 1 0 5 0 2 1 0 0 2 0 4 0 6 0 0 0 4 0 4 0 6 0 1 0 3 0 6 0 0 0 6 0 5 0 6 0 2 0 5 0 2 0 1 0 5 0 0 0 3 0 0 0 4 0 6 0 4 0 0 0 0 1 0 0 6 0 4
0 103 5 0 0 0 6 0 0 0 6 0 4 0 5 0 1 0 1 0 1 0 2 0 3 0 1 0 2 0 0 0 6 0 0 0 1 0 3 0 2 0 6 0 6 0 4 0 1 0 5 0 2 0 1 0 2 0 5 0 3 1 0 0 5 0 2 0 5 0 4 0 5 0 6 0 2 0 5 0 3 0 2 0 1 0 6 0 1 0 1 0 6 0 1 0 1 0 1 1 0 0 5 0 2
1 105 1 0 2 0 2 0 4 0 2 0 5 0 2 0 3 0 3 0 2 0 2 0 4 0 6 0 2 0 4 0 1 0 4 0 1 0 2 0 6 0 5 0 5 0 6 0 1 0 4 0 2 0 5 0 2 0 5 0 3 0 1 0 0 0 2 0 6 0 3 0 2 0 4 0 5 0 6 0 2 1 0 0 5 0 3 0 4 0 3 0 3 0 4 0 3 0 2 0 3 1 0 0 2 0 5
1 105 2 0 4 0 5 0 0 0 6 0 2 0 5 0 6 0 6 0 4 0 5 0 1 0 5 0 6 0 0 0 4 0 0 0 3 0 5 0 5 0 4 0 4 0 5 0 4 0 0 0 6 0 2 0 6 0 2 1 0 0 3 0 0 0 5 0 4 1 0 0 6 0 1 0 4 0 5 1 0 0 0 0 3 0 0 0 2 0 0 0 0 0 1 1 0 0 5 1 0 1 0 0 5 0 3
0 105 5 0 1 0 3 0 2 0 4 0 6 0 3 0 6 0 6 0 2 0 3 0 4 0 3 0 5 0 2 0 0 0 1 1 0 0 4 0 4 0 2 0 2 0 4 0 1 0 2 0 4 0 6 0 4 0 6 0 6 0 5 0 1 0 3 0 3 0 0 0 4 0 4 0 1 0 4 1 0 0 0 0 6 0 0 0 4 0 0 0 0 0 3 1 0 0 4 0 0 1 0 0 3 0 0
0 107 1 0 2 0 3 0 6 0 5 0 1 0 6 0 0 0 6 0 5 0 5 1 0 0 2 0 0 0 3 0 5 0 0 0 3 1 0 0 1 0 1 0 5 0 5 0 0 0 3 0 5 0 1 0 6 0 2 0 6 0 6 0 3 0 3 0 6 0 6 0 1 0 1 0 1 0 4 0 1 1 0 0 1 0 4 0 2 0 0 0 1 0 1 0 0 0 0 0 0 0 2 0 6 0 5 0 0
0 107 2 0 4 1 0 0 6 0 3 0 4 0 4 0 2 0 5 0 4 0 4 1 0 0 4 0 0 1 0 0 3 0 1 1 0 1 0 0 2 0 3 0 3 0 3 0 1 1 0 0 3 0 4 0 4 0 6 0 5 0 6 0 0 0 0 0 6 0 5 0 3 0 2 0 3 0 0 0 4 0 6 0 2 0 0 0 5 0 0 0 2 0 2 0 0 0 0 0 0 0 5 0 5 0 3 0 1
0 107 5 0 2 0 0 0 5 0 0 0 2 0 1 0 6 0 3 0 2 0 3 0 0 0 0 0 2 0 6 0 5 0 3 1 0 0 6 0 3 0 6 0 6 0 6 0 3 0 6 0 6 0 1 0 2 0 6 0 4 0 5 0 1 0 1 0 5 0 3 1 0 0 5 0 6 0 1 0 1 0 5 0 5 0 1 0 2 0 1 0 4 0 4 0 0 0 0 0 1 0 3 0 3 1 0 0 3
1 109 1 0 2 0 5 0 1 0 2 0 1 0 4 0 3 0 4 1 0 0 5 0 6 0 0 0 0 0 5 0 5 0 4 0 1 0 0 0 5 0 0 0 6 0 6 0 6 0 0 0 6 0 5 0 3 0 5 0 5 0 2 0 3 0 3 0 3 0 3 0 1 0 0 0 3 0 5 0 3 0 3 0 3 0 3 0 3 0 4 0 3 0 1 0 1 0 1 0 0 0 2 1 0 0 0 1 0 1 0
1 109 2 0 5 0 2 0 3 0 4 0 3 0 1 0 0 0 3 0 0 0 3 0 5 0 1 0 1 0 3 0 4 0 1 0 3 0 1 0 2 0 2 0 5 0 6 0 5 0 2 0 5 0 4 0 0 0 4 0 3 0 5 0 6 0 6 0 6 0 6 0 2 0 0 1 0 0 4 0 0 0 0 0 0 0 0 0 0 0 1 1 0 0 3 0 2 0 2 0 0 0 5 0 6 0 0 1 0 0 5
0 109 5 0 2 0 5 1 0 0 1 1 0 0 3 0 0 0 6 0 0 1 0 0 3 0 3 0 2 1 0 0 1 0 3 0 6 0 2 0 4 0 5 0 3 0 6 0 3 0 6 0 3 0 1 0 2 0 1 0 0 0 4 0 6 0 6 0 6 0 5 0 5 0 1 1 0 0 0 0 1 0 0 0 0 0 0 0 0 0 3 0 6 0 5 0 4 0 4 0 1 0 3 0 5 0 2 1 0 0 3
1 111 1 0 2 0 6 0 3 1 0 0 3 0 6 0 5 0 1 0 4 0 2 0 6 0 5 0 6 0 5 0 6 0 1 1 0 0 5 0 6 0 1 0 4 0 0 0 6 0 0 0 5 1 0 0 3 0 4 0 2 0 1 0 1 0 6 0 6 0 6 0 4 0 3 0 4 0 5 1 0 0 2 0 0 0 0 0 0 0 0 1 0 0 6 0 4 0 2 0 1 0 3 1 0 0 3 0 6 0 6 0 5
1 111 2 0 5 0 5 0 0 1 0 1 0 0 6 0 3 0 4 0 0 0 6 0 5 0 4 0 6 0 4 0 5 0 4 1 0 0 3 0 5 0 4 0 0 0 2 0 4 0 2 0 3 1 0 1 0 0 1 0 5 0 2 0 3 0 5 0 6 0 6 0 2 0 0 0 2 0 4 1 0 0 4 0 0 0 0 0 0 0 1 1 0 0 5 0 1 0 5 0 2 1 0 1 0 1 0 0 6 0 6 0 4
0 111 5 0 3 0 3 0 2 1 0 1 0 0 5 0 0 0 1 0 2 0 5 0 4 0 2 0 6 0 2 0 4 0 2 1 0 1 0 0 4 0 1 0 1 0 5 0 0 0 6 0 0 0 0 0 6 0 2 0 2 0 5 1 0 0 4 0 6 0 5 0 5 0 0 0 5 0 2 0 0 0 0 0 1 0 0 0 0 0 3 1 0 0 2 0 4 0 2 1 0 0 0 1 0 1 0 0 5 0 6 0 2
1 113 1 0 2 1 0 1 0 1 0 0 0 1 0 0 2 0 1 0 2 0 5 0 3 0 1 0 6 0 4 0 6 0 0 1 0 0 0 1 0 0 0 0 3 0 3 0 2 0 2 0 4 0 1 0 1 0 4 0 5 0 5 0 4 0 0 0 1 0 6 0 4 0 3 0 2 0 2 0 5 0 0 0 0 0 2 0 0 0 0 1 0 1 0 0 5 0 0 0 6 0 6 0 0 1 0 1 0 0 3 0 5 0 5
1 113 2 0 5 1 0 1 0 0 6 0 0 0 6 0 3 0 2 0 5 0 2 1 0 0 4 0 5 0 2 0 5 0 2 0 6 0 0 0 5 1 0 0 6 0 6 0 4 0 5 0 0 0 3 0 3 0 1 0 4 0 4 0 1 0 1 0 3 0 5 0 1 1 0 0 5 0 5 0 2 0 1 0 0 0 4 0 0 0 1 1 0 1 0 0 2 0 2 0 5 0 5 0 2 1 0 0 6 0 6 0 3 0 4
0 113 5 0 4 0 0 1 0 0 4 0 2 0 4 1 0 0 6 0 2 1 0 0 0 0 1 0 3 0 6 0 2 0 6 0 4 0 2 0 4 0 0 0 5 0 6 0 2 0 3 0 1 0 6 0 6 0 3 0 1 0 1 0 3 0 2 1 0 0 3 0 4 1 0 0 3 0 3 0 5 0 2 0 1 0 0 0 1 0 3 1 0 0 6 0 3 0 5 0 3 0 3 1 0 0 0 0 5 0 6 0 0 0 2
1 115 1 0 3 0 1 0 2 1 0 0 0 0 6 0 2 0 0 0 4 0 6 0 5 1 0 0 2 1 0 0 5 0 6 0 5 0 1 0 6 0 0 0 2 0 3 0 5 0 5 0 6 0 3 0 5 0 5 1 0 0 3 0 2 0 6 0 5 0 6 0 6 0 1 1 0 1 0 0 0 0 3 0 5 0 2 0 0 0 3 0 0 0 0 0 5 0 0 0 4 0 0 0 0 1 0 0 1 0 3 0 5 0 1 0 4
0 115 2 0 6 0 2 0 5 0 6 0 0 0 4 0 5 0 1 0 1 0 6 0 4 1 0 0 5 1 0 0 3 0 6 0 3 0 4 0 4 0 1 0 4 1 0 0 4 0 4 0 6 0 0 0 4 0 4 1 0 0 6 0 5 0 5 0 4 0 6 0 5 0 4 1 0 0 5 1 0 1 0 0 3 0 5 0 0 0 6 0 0 0 1 0 2 0 2 0 0 0 1 0 1 0 6 0 1 1 0 0 3 0 4 0 1
0 115 5 0 4 0 6 0 3 0 5 0 2 0 1 0 3 0 3 0 3 0 5 0 3 0 0 0 3 1 0 1 0 0 6 0 0 0 2 0 1 0 4 0 2 0 0 0 1 0 2 0 5 0 2 0 1 0 3 0 0 0 5 0 4 0 4 0 2 0 6 0 4 0 3 0 0 0 4 0 0 0 6 0 6 0 2 0 2 0 4 0 1 0 2 0 4 0 4 0 0 0 2 0 3 0 4 0 4 0 6 0 6 0 0 0 3
1 117 1 0 3 0 2 0 6 0 0 0 3 0 5 0 2 1 0 0 0 0 0 0 3 1 0 0 2 0 0 0 0 1 0 0 4 0 1 0 4 0 3 0 0 0 5 0 0 0 2 0 5 0 2 0 5 0 2 0 6 0 1 0 3 0 2 0 1 0 6 0 5 0 1 1 0 0 2 0 0 0 2 0 5 0 5 0 5 0 5 0 0 0 3 0 5 0 1 0 1 0 1 0 4 1 0 0 2 0 2 0 6 0 5 0 1 1 0
1 117 2 0 6 0 5 0 4 0 1 1 0 0 3 0 6 0 5 1 0 0 0 1 0 1 0 0 4 0 0 0 1 1 0 0 0 0 4 0 0 1 0 0 2 0 2 0 1 0 5 0 2 0 6 0 2 0 6 0 4 0 3 0 6 0 4 0 3 0 5 0 3 0 4 0 6 0 3 0 0 0 5 0 3 0 4 0 4 0 3 0 1 1 0 0 3 0 3 0 2 0 3 0 1 1 0 0 4 0 5 0 5 0 3 0 4 0 5
1 117 5 0 5 0 4 0 1 0 4 0 6 0 6 0 5 0 4 1 0 0 1 1 0 1 0 0 0 0 1 0 3 0 6 0 0 0 0 0 2 0 6 0 3 0 4 0 3 0 2 0 6 0 4 0 6 0 5 0 2 0 0 0 6 0 2 0 0 0 4 0 0 0 2 0 5 1 0 0 2 0 3 0 0 0 2 0 1 1 0 0 4 0 6 0 5 0 6 0 4 0 6 0 3 1 0 0 1 0 4 0 4 0 0 0 2 0 4
0 119 1 0 3 0 4 0 1 0 4 0 1 0 6 0 6 0 4 0 2 1 0 0 3 1 0 0 5 1 0 0 2 1 0 0 5 0 1 0 0 0 5 0 5 0 0 0 1 1 0 0 6 0 5 0 2 0 6 0 3 0 5 0 1 0 4 0 5 0 1 0 0 0 1 0 5 0 3 1 0 0 4 0 6 0 0 0 4 0 3 1 0 0 1 0 6 0 4 0 6 0 2 0 6 0 0 1 0 0 3 0 1 0 1 0 1 0 5 0 1
0 119 2 1 0 0 1 0 4 0 0 0 4 0 5 0 6 0 1 1 0 0 0 0 0 0 0 0 3 1 0 0 5 1 0 0 2 0 3 0 1 0 3 0 3 0 1 0 3 1 0 0 5 0 3 0 6 0 5 0 0 0 3 0 4 0 1 0 3 0 3 0 0 0 3 0 3 0 1 0 0 0 1 0 5 0 2 0 1 0 0 1 0 0 3 0 5 0 2 0 5 0 6 0 4 0 2 0 6 0 5 0 2 0 2 0 3 0 2 0 3
1 119 5 0 6 0 2 0 0 0 2 0 1 0 4 0 5 0 4 0 5 1 0 0 0 0 1 0 0 0 0 0 3 1 0 0 4 0 6 0 2 0 6 0 6 0 3 0 0 0 0 0 3 0 0 0 6 0 3 0 1 1 0 0 1 0 3 0 6 0 6 0 0 0 6 0 6 0 2 0 0 0 3 0 2 0 5 0 2 0 1 0 6 0 6 0 2 0 6 0 3 0 6 0 1 0 6 0 5 0 3 0 5 0 4 0 6 0 4 1 0
1 121 1 0 3 0 5 0 5 0 0 0 4 0 3 0 1 0 4 0 2 0 4 1 0 0 0 0 2 0 0 0 1 0 0 0 0 0 1 0 5 0 6 0 5 0 5 1 0 0 1 0 0 0 6 0 1 0 4 1 0 0 4 0 6 0 1 1 0 0 6 0 5 0 2 0 5 0 5 0 5 0 0 0 6 0 5 0 2 0 5 0 3 0 5 0 5 0 6 0 5 0 0 0 5 0 4 0 5 0 4 0 0 0 4 0 2 0 6 0 2 1 0
1 121 2 1 0 0 4 0 3 0 2 0 0 1 0 0 4 0 0 0 6 0 1 1 0 0 0 0 4 0 0 0 2 0 0 0 0 0 3 0 3 0 6 0 4 0 4 1 0 0 2 0 1 0 4 0 4 0 2 0 0 0 1 0 5 0 4 1 0 0 5 0 3 0 6 0 3 0 4 0 3 0 2 0 5 0 3 0 6 0 3 0 0 0 4 0 4 0 6 0 3 0 2 0 3 0 2 0 4 0 1 0 2 0 0 0 6 0 4 0 6 0 5
1 121 5 1 0 0 0 1 0 0 5 0 1 1 0 0 0 0 2 0 4 0 4 0 6 0 0 0 0 0 1 0 4 0 0 0 0 1 0 0 0 0 6 0 2 0 2 1 0 0 4 0 3 0 1 0 1 0 5 0 0 0 3 0 3 0 3 0 0 0 3 0 0 0 6 0 0 0 1 1 0 0 6 0 3 0 0 0 5 1 0 0 2 0 1 0 2 0 5 1 0 0 5 0 6 0 5 0 0 0 3 0 4 0 1 0 5 0 2 0 6 0 4
0 123 1 0 3 1 0 0 1 1 0 0 2 0 4 0 5 1 0 0 5 0 1 0 2 0 5 0 1 0 0 0 3 0 0 0 1 0 1 0 6 0 0 0 4 0 5 0 5 1 0 0 0 1 0 0 3 0 3 0 2 0 1 0 6 0 6 0 6 0 0 0 6 0 1 0 4 0 1 0 3 1 0 0 4 1 0 0 2 0 3 1 0 0 4 0 2 0 5 0 4 0 0 0 3 0 6 0 3 0 1 1 0 0 1 0 4 0 2 0 6 0 5 0 2
1 123 2 1 0 1 0 0 3 0 6 0 4 0 1 0 5 0 0 0 2 0 3 0 5 0 2 0 3 0 0 0 6 0 0 0 2 0 3 0 4 0 2 0 1 0 4 0 4 1 0 0 1 0 6 0 5 0 6 0 4 0 3 0 5 0 6 0 5 0 2 0 4 0 4 0 0 0 4 0 0 0 0 0 1 1 0 0 5 0 0 0 0 0 0 0 6 0 3 0 1 0 1 1 0 0 5 1 0 0 4 0 6 0 2 0 0 0 6 0 5 0 3 0 5
1 123 5 1 0 0 6 0 6 0 5 0 1 0 4 0 2 0 1 0 4 1 0 0 3 0 5 0 6 0 1 0 4 0 1 0 4 1 0 0 1 0 5 0 3 0 1 0 2 1 0 0 3 0 5 0 4 0 6 0 2 0 0 0 4 0 6 0 3 0 6 0 1 0 1 0 2 0 0 0 1 0 0 0 3 1 0 0 2 0 1 0 0 0 1 0 4 1 0 0 3 0 3 1 0 0 4 0 0 0 1 0 5 0 5 0 1 0 5 0 4 0 0 0 4
0 125 1 0 4 0 0 0 5 0 6 0 3 0 4 0 0 0 5 0 3 0 1 1 0 1 0 0 4 0 5 0 4 0 0 0 4 0 1 1 0 0 3 0 2 1 0 0 3 0 5 0 6 0 6 0 3 0 2 0 5 0 5 0 1 0 1 0 6 0 0 0 5 0 3 0 2 0 4 0 0 0 2 0 0 1 0 1 0 0 4 0 2 0 0 0 3 0 1 1 0 1 0 0 1 0 0 0 0 0 1 0 3 0 3 0 3 0 4 0 3 0 1 0 2 0 1
0 125 3 0 0 0 2 0 3 0 6 0 0 0 1 0 2 0 2 1 0 0 4 1 0 1 0 0 1 0 4 0 1 0 2 0 0 0 4 0 6 0 5 0 5 0 6 0 6 0 3 0 6 0 5 1 0 0 6 0 3 0 3 0 3 0 3 0 4 0 2 0 2 1 0 0 6 0 0 0 1 0 4 0 1 1 0 1 0 0 0 0 5 0 0 0 6 0 3 1 0 0 6 0 1 0 0 0 0 0 2 1 0 0 0 0 0 0 1 1 0 0 3 0 4 0 2
1 125 6 0 0 0 4 1 0 0 5 0 1 0 2 0 4 0 5 1 0 0 2 0 0 0 6 0 2 0 0 0 3 0 4 0 1 0 1 0 6 0 4 0 4 0 6 0 6 0 0 0 6 0 5 0 0 0 5 0 0 0 0 0 0 0 0 0 1 0 5 0 5 1 0 0 4 0 1 0 3 0 0 0 4 1 0 0 6 0 0 0 2 0 2 0 5 0 1 0 0 0 4 0 3 0 0 0 0 0 5 0 5 1 0 0 0 0 3 0 6 0 6 0 0 0 5
0 127 1 0 4 0 2 0 2 0 0 0 2 0 3 0 5 0 1 0 4 1 0 0 4 0 1 0 4 0 5 0 0 1 0 0 1 0 3 0 3 0 5 0 2 0 2 0 6 0 5 0 2 0 5 0 3 0 2 0 2 0 1 0 0 0 0 0 0 0 3 0 3 0 5 0 0 0 0 0 3 0 6 0 1 0 2 0 0 0 4 0 1 0 4 0 5 0 2 0 3 0 1 0 0 1 0 0 1 0 1 0 3 0 4 1 0 0 0 1 0 0 6 0 5 0 2 0 3
1 127 3 0 0 0 5 0 4 0 0 0 4 1 0 0 3 0 4 0 2 0 0 0 0 0 4 0 1 0 3 0 2 0 6 0 1 1 0 0 0 0 3 0 5 0 5 0 5 0 3 0 6 0 2 1 0 0 5 0 4 0 2 0 0 0 0 0 0 1 0 0 0 0 3 0 1 0 0 1 0 0 5 0 3 0 4 0 1 0 0 0 4 0 1 0 3 0 5 0 6 0 2 0 1 0 6 0 1 0 2 1 0 0 2 1 0 0 1 1 0 0 5 0 3 0 5 1 0
1 127 6 0 1 0 3 0 1 0 2 0 1 1 0 1 0 0 1 0 5 0 0 0 1 0 0 0 3 0 6 0 5 0 4 0 4 0 5 1 0 1 0 0 4 0 4 0 4 0 0 0 5 1 0 0 0 0 3 0 1 0 5 0 0 0 0 0 1 0 5 1 0 0 6 0 2 0 1 1 0 0 3 0 0 0 1 0 3 0 1 0 0 0 3 1 0 0 4 0 5 0 5 0 3 0 4 0 3 0 5 0 6 0 4 0 6 0 2 1 0 0 3 0 0 0 4 1 0
1 129 1 0 4 0 3 0 6 0 2 0 4 0 3 1 0 0 6 0 2 0 2 0 1 0 2 0 0 1 0 0 6 0 4 0 2 0 2 0 5 0 0 1 0 0 1 0 2 0 1 0 2 0 3 1 0 0 0 0 6 0 3 0 2 0 1 0 0 0 3 0 4 0 0 0 4 0 5 0 3 0 6 0 5 0 0 0 2 0 6 0 2 0 1 0 0 0 0 0 1 0 4 0 4 0 0 0 2 0 0 0 4 0 6 0 2 0 5 0 6 0 6 0 5 0 1 0 1 1 0
1 129 3 0 1 0 0 0 5 0 6 0 1 0 1 0 0 0 4 0 5 0 4 0 2 0 4 0 1 1 0 0 5 0 1 0 5 0 5 0 2 0 2 0 6 0 1 0 4 0 2 0 4 1 0 1 0 0 1 0 4 1 0 0 5 0 2 0 0 1 0 0 1 0 2 0 1 0 4 0 0 0 6 0 3 0 1 0 5 0 4 0 5 0 2 0 0 0 0 0 3 0 1 0 1 0 1 0 4 0 1 0 1 0 5 0 6 0 3 0 6 0 6 0 3 0 3 0 3 0 5
1 129 6 0 2 0 1 0 3 0 5 0 3 0 2 0 1 0 1 0 4 0 1 0 6 0 0 0 4 1 0 0 2 0 4 0 3 0 3 0 5 0 5 0 4 0 4 0 0 0 6 0 2 0 0 0 6 0 2 0 2 0 0 0 2 0 5 0 1 0 6 0 1 0 4 0 3 0 0 0 2 0 4 1 0 0 4 0 3 0 2 0 3 0 5 0 0 0 0 0 6 0 2 0 2 0 3 0 0 0 3 0 3 0 3 0 6 0 0 0 6 0 6 0 0 0 0 0 0 0 4
0 131 1 0 4 0 5 0 2 1 0 0 3 1 0 0 5 0 2 0 3 0 0 0 4 0 4 0 2 0 1 1 0 0 5 0 1 0 0 0 0 0 4 0 4 0 2 0 1 0 2 0 4 0 5 0 1 0 4 0 5 0 4 0 0 0 5 0 2 0 4 0 4 0 4 0 0 1 0 0 1 0 5 0 2 0 0 0 0 1 0 0 5 1 0 0 3 0 1 0 1 0 4 0 5 0 4 0 6 0 0 1 0 0 0 0 0 0 5 0 2 0 5 0 5 0 1 0 0 0 1 0 1
0 131 3 0 1 0 3 1 0 0 0 0 0 0 0 0 2 0 5 0 6 0 1 0 1 0 1 0 5 0 3 1 0 0 2 0 3 0 0 0 1 0 1 0 1 0 5 0 2 0 5 0 1 0 3 0 4 0 1 0 4 0 1 0 2 0 2 0 6 0 1 0 2 0 1 0 2 0 6 0 2 0 2 0 5 0 0 0 1 1 0 0 3 1 0 0 6 0 2 0 3 0 1 0 4 0 2 0 5 0 2 0 5 1 0 0 1 0 2 0 6 0 3 0 3 0 3 0 0 0 2 0 2
1 131 6 0 2 1 0 1 0 0 0 0 0 0 0 0 5 0 3 0 5 0 3 0 2 0 3 0 3 0 0 1 0 0 4 0 6 0 0 0 2 0 2 0 3 0 2 0 6 0 2 0 3 1 0 0 1 0 4 0 0 0 3 0 4 0 5 0 4 0 3 0 4 0 2 0 5 0 4 0 5 0 5 0 2 0 1 0 3 1 0 0 0 0 0 0 4 0 5 0 6 0 3 0 0 0 6 0 2 0 6 0 3 1 0 0 2 0 5 0 4 1 0 1 0 1 0 0 1 0 4 0 4
0 133 1 0 4 1 0 0 0 0 5 1 0 0 0 0 1 0 3 0 0 0 3 1 0 0 5 0 6 0 6 0 1 1 0 0 1 0 5 0 1 0 4 0 4 0 6 0 5 0 4 0 5 1 0 1 0 0 3 0 0 0 1 1 0 0 2 0 4 0 2 0 0 0 1 0 6 0 3 0 2 0 4 0 3 0 5 0 2 1 0 1 0 0 0 0 1 0 1 0 4 0 5 1 0 0 2 0 4 0 6 0 5 0 0 1 0 0 5 0 3 0 3 0 0 1 0 0 6 0 2 0 1 0 2
1 133 3 0 1 1 0 0 1 0 3 1 0 0 0 0 2 0 6 0 1 0 0 0 0 0 3 0 6 0 5 0 4 0 6 0 2 0 2 0 4 0 1 0 2 0 6 0 4 0 2 0 5 0 0 0 6 0 5 0 0 0 3 0 6 0 4 0 0 0 5 0 0 0 3 0 4 1 0 0 6 0 1 0 0 0 3 1 0 0 0 0 5 1 0 0 2 0 3 0 1 0 4 1 0 0 5 0 1 0 6 0 3 0 2 1 0 0 2 1 0 1 0 0 2 1 0 0 4 0 5 0 2 0 4
0 133 6 0 3 0 6 0 1 1 0 1 0 0 0 0 5 0 4 0 3 0 0 0 0 1 0 0 6 0 4 0 2 0 5 0 5 0 5 0 0 0 3 0 5 0 5 0 1 0 6 0 2 0 2 0 5 0 3 0 1 1 0 0 6 0 1 0 2 0 2 0 1 1 0 0 3 0 0 0 4 0 3 0 0 1 0 1 0 0 1 0 3 1 0 0 4 0 6 0 3 0 2 0 0 0 2 0 4 0 4 1 0 0 6 0 6 0 4 1 0 0 6 0 4 1 0 0 1 0 3 0 6 0 1
1 135 1 0 5 0 0 0 5 0 4 1 0 0 6 0 0 0 3 0 1 1 0 0 1 0 1 1 0 0 5 0 1 0 6 0 3 0 4 0 3 0 1 1 0 0 4 0 3 0 4 0 4 0 5 0 5 0 2 1 0 0 4 1 0 0 4 0 3 0 4 0 4 0 3 0 6 0 5 0 1 0 0 1 0 0 2 1 0 0 6 0 2 0 0 0 0 0 1 0 5 1 0 0 5 0 0 0 5 0 1 0 3 0 0 0 5 0 6 0 3 0 0 0 5 0 2 1 0 0 2 1 0 0 5 0 3
0 135 3 0 2 0 2 0 3 0 3 0 0 0 4 0 1 0 6 0 3 0 6 0 1 0 3 1 0 0 2 0 4 0 5 0 0 0 1 1 0 0 4 1 0 0 1 0 0 0 2 0 2 0 4 0 3 1 0 0 0 0 2 0 0 0 1 0 0 0 2 0 2 0 0 0 6 0 3 0 3 0 1 0 6 0 4 1 0 0 4 0 5 0 0 0 0 0 3 0 4 0 0 0 2 0 2 0 2 0 3 0 6 0 1 0 3 0 5 1 0 0 2 0 2 0 6 0 6 0 4 1 0 0 3 0 0
0 135 6 0 4 0 4 0 6 0 6 0 1 0 0 0 4 0 5 0 0 0 5 0 3 1 0 1 0 0 5 0 1 0 3 0 1 0 3 1 0 0 1 1 0 0 2 0 0 0 4 0 5 0 1 0 0 1 0 0 0 0 4 0 0 0 2 0 0 0 4 0 4 0 1 0 4 1 0 1 0 0 4 0 5 0 3 0 0 0 1 0 3 0 1 0 0 1 0 0 1 0 1 0 4 0 4 0 4 1 0 0 5 0 3 1 0 0 4 1 0 0 4 0 5 0 5 0 6 0 2 1 0 0 6 0 0
0 137 1 0 5 0 2 0 2 0 6 0 5 0 3 0 1 0 1 0 3 0 2 0 3 0 1 0 0 1 0 0 2 0 3 0 6 0 2 1 0 1 0 0 3 0 6 0 3 0 1 0 1 0 3 0 3 0 1 0 6 0 0 0 0 0 1 0 4 0 1 0 1 0 1 0 4 0 2 0 0 1 0 0 1 0 3 1 0 0 1 0 2 0 6 0 2 0 1 0 6 0 1 0 3 0 1 0 2 0 3 0 0 0 3 0 1 0 0 0 2 0 0 0 1 0 4 0 4 0 5 1 0 0 0 0 4 0 1
0 137 3 0 2 0 5 0 5 0 5 0 3 1 0 0 3 0 2 0 6 0 4 0 6 0 2 0 1 0 6 0 3 1 0 0 5 1 0 0 0 0 6 0 6 0 4 1 0 0 3 0 2 0 6 0 6 0 3 0 4 0 1 0 0 0 3 0 0 0 3 0 2 0 3 0 0 0 5 0 1 0 6 0 1 1 0 1 0 0 2 0 5 0 4 0 5 0 3 0 4 0 3 0 6 0 2 0 4 0 6 0 0 0 6 0 2 0 0 0 4 0 0 0 3 0 1 0 2 0 4 1 0 0 1 0 0 0 3
1 137 6 0 5 0 3 0 4 0 4 0 0 1 0 0 6 0 5 0 5 0 2 0 5 0 5 0 3 0 5 0 1 0 0 0 3 1 0 0 1 0 5 0 6 0 2 1 0 0 6 0 5 0 5 0 6 0 0 0 1 0 3 0 0 0 6 0 0 0 6 0 4 0 6 0 1 0 2 0 4 0 4 0 4 1 0 0 6 0 4 0 3 0 2 0 4 0 0 0 2 0 0 0 5 0 6 0 1 0 5 0 2 0 4 0 5 0 1 0 0 0 1 0 6 0 2 0 5 0 1 1 0 0 2 0 0 1 0
1 139 1 0 5 0 4 0 0 0 2 0 1 0 2 1 0 0 5 0 4 0 3 0 6 0 3 0 4 0 0 0 3 0 3 0 0 1 0 1 0 0 3 0 3 0 5 1 0 0 0 0 5 0 4 0 4 0 5 0 1 0 2 0 6 0 1 0 4 0 2 0 5 0 2 0 5 0 3 0 5 0 1 0 2 0 3 0 0 0 5 0 1 1 0 0 6 0 0 0 1 0 4 0 1 0 3 0 5 0 4 0 2 0 6 0 1 0 3 0 3 0 0 0 3 0 4 0 6 0 2 0 4 0 6 0 3 0 1 0 5
1 139 3 0 3 0 1 0 1 0 4 0 2 0 5 1 0 0 3 0 2 0 0 0 6 0 0 0 1 0 1 0 6 0 6 0 1 1 0 0 6 0 5 1 0 0 4 1 0 0 1 0 3 0 2 0 2 0 3 0 3 0 5 0 4 0 4 0 0 0 6 0 2 0 6 0 3 0 0 0 3 0 3 0 4 0 6 0 1 0 2 0 4 1 0 0 4 0 1 0 3 0 0 0 3 1 0 0 4 0 1 0 6 0 4 0 3 0 6 0 6 0 0 1 0 0 2 0 5 0 6 0 1 0 5 1 0 0 4 0 3
0 139 6 0 6 0 2 0 3 0 0 0 6 0 3 1 0 0 6 0 4 0 1 0 4 0 1 0 2 0 3 0 5 0 5 0 4 1 0 0 5 0 5 0 0 0 1 1 0 0 2 0 6 0 4 0 4 1 0 0 0 0 4 0 2 0 1 0 2 0 4 0 6 0 4 1 0 0 1 1 0 0 0 0 2 0 5 0 3 0 5 0 2 0 0 0 0 0 3 0 6 0 1 0 0 0 0 0 0 0 4 0 5 0 2 0 0 0 6 0 5 0 2 0 6 0 4 0 3 0 5 0 4 0 4 0 0 0 1 0 0
0 141 1 0 5 0 5 0 5 0 6 0 1 0 5 0 1 0 0 0 5 0 1 0 4 0 0 0 3 0 4 1 0 0 4 0 4 0 3 0 0 0 3 0 3 0 1 0 3 0 6 0 4 0 5 0 2 0 2 1 0 0 1 0 0 0 5 0 2 0 5 0 1 0 6 0 2 1 0 0 3 0 5 1 0 0 5 0 3 0 0 0 3 0 5 0 0 0 0 1 0 0 5 0 3 0 0 0 0 0 1 0 1 0 3 0 5 0 1 0 5 0 3 0 6 0 5 0 2 0 0 0 4 0 2 0 1 0 1 0 2 0 0
0 141 3 0 3 0 4 0 4 0 5 0 4 0 2 0 3 0 1 0 2 0 4 0 0 0 1 1 0 0 3 0 0 0 1 0 1 1 0 0 1 0 6 0 6 0 2 1 0 0 6 0 2 0 3 0 5 0 5 0 6 0 1 0 1 0 2 0 6 0 2 0 4 0 4 0 6 0 6 0 6 0 4 0 0 0 2 1 0 0 1 1 0 0 3 0 1 0 1 1 0 0 2 1 0 0 1 0 0 0 2 0 2 1 0 0 3 0 4 0 3 0 0 0 6 0 3 0 5 0 1 0 0 0 5 0 2 0 2 0 4 0 0
0 142 1 0 0 0 0 2 0 2 0 4 0 1 0 5 0 6 0 2 0 5 0 0 0 1 0 3 0 6 0 5 0 0 0 2 0 3 0 6 0 2 0 5 0 5 1 0 0 0 0 4 0 5 1 0 0 4 0 4 0 5 0 3 0 2 0 5 0 4 0 6 0 1 0 2 0 6 0 6 0 6 0 1 0 1 0 5 0 6 0 2 0 6 0 5 0 2 0 3 0 6 0 4 0 6 0 1 0 0 0 4 0 5 0 6 0 6 0 0 1 0 0 2 0 5 0 0 0 3 0 3 0 1 0 2 0 5 0 5 0 0 0 1
0 143 1 0 5 1 0 0 4 0 5 0 0 0 4 0 3 0 5 0 6 0 2 0 1 0 2 1 0 0 6 0 3 0 1 0 4 1 0 0 5 0 6 0 3 0 4 1 0 0 1 0 1 0 5 0 0 0 1 0 2 0 3 1 0 0 6 0 3 0 2 0 5 0 3 0 5 0 5 0 6 0 5 0 3 0 3 0 3 0 5 0 6 0 5 0 3 0 5 1 0 0 6 0 2 0 5 0 3 0 1 0 1 0 4 0 6 0 5 0 2 0 6 0 4 0 2 0 1 0 6 0 6 0 2 0 5 0 3 0 3 0 1 0 2
1 143 3 0 4 0 0 0 1 0 3 0 2 0 1 0 0 0 4 0 5 0 5 0 2 0 5 1 0 0 4 1 0 0 4 0 2 0 0 0 3 0 6 0 0 0 2 1 0 0 2 0 3 0 2 0 1 0 2 0 5 0 0 0 0 0 4 1 0 0 6 0 3 0 0 0 4 0 4 0 6 0 4 0 0 0 0 0 0 0 4 0 6 0 4 0 0 0 5 0 0 0 4 0 6 0 2 1 0 0 3 0 3 0 1 0 6 0 3 0 6 0 5 0 1 0 5 0 3 0 5 0 5 0 6 0 2 1 0 1 0 0 3 0 4
0 144 1 0 0 1 0 1 0 2 0 6 0 4 0 2 0 1 0 1 0 4 0 3 0 6 0 4 0 0 0 2 0 0 0 0 0 5 0 0 1 0 0 5 0 1 0 5 0 6 0 3 0 6 0 4 0 2 0 5 0 2 0 1 0 1 0 2 0 0 0 4 1 0 0 2 0 1 0 2 0 6 0 1 0 1 0 0 0 1 0 1 0 6 0 1 0 2 0 2 0 2 0 1 0 5 0 6 0 6 0 5 0 6 0 3 0 5 0 0 0 6 0 3 0 4 0 3 0 0 0 4 0 4 0 5 1 0 0 0 0 6 0 6 0 1
1 145 1 0 6 0 1 0 2 0 5 0 5 0 1 0 5 0 2 0 3 0 1 0 0 0 6 0 1 0 1 0 4 0 0 0 1 0 2 0 2 1 0 0 2 0 4 0 3 0 6 0 0 0 6 0 1 0 6 0 2 0 5 0 2 0 2 0 4 0 1 0 1 1 0 0 4 0 2 0 5 0 4 0 3 0 2 0 0 0 2 0 3 0 4 0 3 0 4 0 4 0 4 0 3 0 3 0 6 0 6 0 4 0 6 0 0 0 3 0 2 0 5 0 0 0 1 1 0 0 2 0 1 0 2 0 4 1 0 0 1 0 5 0 5 0 3
0 145 3 0 4 0 3 0 5 0 3 0 3 0 4 0 2 0 5 0 6 0 2 0 1 0 4 0 3 0 3 0 0 0 1 0 2 0 4 0 5 0 6 0 4 0 1 0 0 0 5 0 2 0 4 0 4 0 4 0 6 0 2 0 5 0 5 0 0 0 3 0 3 1 0 0 0 0 6 0 3 0 1 1 0 0 5 0 0 0 4 1 0 0 2 0 0 0 2 0 2 0 2 0 0 0 0 0 6 0 6 0 2 0 5 0 1 0 6 0 5 0 2 0 1 0 3 0 6 0 3 0 2 0 5 0 1 1 0 0 3 0 3 0 4 0 0
0 146 1 0 0 2 0 0 0 4 0 0 0 0 0 1 0 6 0 3 0 5 0 5 0 3 0 0 1 0 1 0 0 1 0 2 0 5 0 1 0 4 0 6 0 1 0 3 0 1 0 2 0 6 0 1 0 2 0 2 0 5 0 6 0 3 0 3 0 1 1 0 0 0 1 0 0 1 0 4 1 0 0 4 1 0 0 2 0 2 0 1 1 0 0 4 0 0 0 4 0 4 0 4 0 0 0 1 0 5 0 5 0 6 0 2 0 4 0 5 0 3 0 5 0 2 1 0 0 5 1 0 0 6 0 2 0 4 0 6 0 5 1 0 0 1 0 1
0 147 1 0 6 0 3 0 1 0 0 0 1 0 0 0 3 0 5 0 0 0 4 0 3 1 0 0 2 1 0 0 6 0 1 0 5 0 2 0 4 0 1 0 5 0 3 0 6 0 2 0 5 0 4 0 3 0 4 0 5 0 3 0 5 1 0 1 0 0 4 0 6 0 0 0 6 0 2 0 2 0 0 0 1 1 0 0 4 0 4 0 3 1 0 0 0 0 2 0 1 0 2 0 1 0 1 0 3 0 3 0 4 0 5 0 6 0 1 0 4 0 0 0 3 1 0 0 0 0 4 0 0 0 4 0 6 0 1 0 6 0 4 1 0 0 2 0 2
1 147 3 0 4 1 0 0 3 0 0 0 2 0 0 1 0 0 3 0 2 0 1 0 0 1 0 0 5 1 0 0 4 0 4 0 2 0 6 0 0 0 4 0 3 0 0 0 5 0 6 0 3 0 2 0 0 0 2 0 4 0 0 0 5 0 0 1 0 0 1 0 5 0 2 0 4 0 5 0 4 0 0 0 3 1 0 0 1 0 2 0 0 1 0 0 0 0 4 0 2 0 4 0 2 0 2 1 0 0 0 0 2 0 4 0 5 0 4 0 0 0 1 1 0 1 0 0 1 0 0 0 2 0 1 0 5 0 4 0 5 0 2 1 0 0 4 0 4
0 148 1 0 0 2 1 0 0 6 0 0 0 4 0 1 0 6 0 5 0 4 0 2 0 1 1 0 0 4 0 0 0 1 0 1 0 6 0 4 0 2 0 0 1 0 0 2 0 3 0 5 1 0 0 5 0 0 0 5 0 0 0 2 0 2 0 2 0 6 0 2 0 2 0 6 0 1 0 4 0 1 0 1 1 0 1 0 0 2 0 4 0 1 0 6 0 0 0 0 0 6 0 0 0 5 0 5 0 5 1 0 0 5 0 1 0 4 0 1 0 1 0 3 1 0 0 6 0 1 0 0 0 4 0 3 0 3 0 2 0 3 1 0 0 0 0 1 0 2
1 149 1 0 6 0 4 1 0 0 4 0 2 0 0 0 4 0 5 0 4 0 1 0 5 0 3 1 0 0 0 0 1 0 2 0 3 0 5 0 1 0 5 0 1 0 6 0 3 1 0 0 5 0 0 0 2 0 2 0 2 0 1 0 4 0 4 0 5 0 4 0 5 0 5 0 4 0 4 0 0 0 3 0 3 1 0 0 6 0 4 0 0 0 4 0 4 0 1 0 1 0 4 0 2 0 3 0 4 0 5 0 0 0 2 0 4 0 0 0 3 0 3 0 0 0 0 0 4 0 3 0 1 0 0 1 0 1 0 0 5 1 0 1 0 0 0 0 2 0 4
0 149 3 0 5 0 3 0 0 0 0 0 5 0 1 0 1 0 4 0 1 0 4 0 3 0 0 1 0 0 0 0 2 0 4 1 0 0 3 0 4 0 2 0 4 0 5 0 1 0 0 0 2 0 1 0 4 0 4 0 4 0 3 0 1 0 2 0 4 0 2 0 4 0 4 0 2 0 1 0 1 1 0 0 1 0 0 0 5 0 1 0 2 0 1 0 1 0 3 0 3 0 0 0 5 1 0 0 2 0 3 0 1 0 5 0 0 0 1 0 6 0 6 0 0 0 1 0 0 1 0 0 3 0 1 1 0 1 0 0 4 0 0 0 5 1 0 0 5 0 1
0 150 1 0 0 3 1 0 0 1 0 1 0 2 0 3 0 3 0 0 0 4 0 0 1 0 0 2 0 5 1 0 0 5 0 1 1 0 1 0 0 1 0 6 0 1 0 3 0 3 0 0 0 4 0 3 0 1 0 2 0 1 1 0 0 3 0 5 0 0 0 6 0 1 0 1 0 5 0 2 0 3 0 6 0 1 0 1 0 2 0 3 0 4 0 2 0 2 0 6 0 6 0 1 0 3 1 0 0 4 0 6 0 3 0 2 0 1 0 3 0 5 0 5 0 1 0 2 0 1 0 6 0 5 0 3 1 0 1 0 0 0 0 2 0 4 0 0 0 2 0 3
1 151 1 0 6 0 6 0 6 0 1 0 2 0 4 0 6 0 6 0 1 0 0 0 2 0 6 0 4 0 4 0 0 0 2 0 4 1 0 0 6 0 2 0 4 0 3 0 6 0 6 0 1 0 0 1 0 0 3 0 4 0 3 0 6 0 6 0 2 0 2 0 4 0 3 0 3 0 2 0 5 1 0 0 5 0 3 0 2 0 4 1 0 0 1 0 5 0 5 0 5 0 5 0 4 0 0 0 0 0 1 0 5 1 0 0 5 0 2 1 0 0 4 0 3 0 3 0 4 0 3 0 5 0 4 0 1 0 0 0 5 1 0 0 5 0 0 0 1 0 4 1 0
1 151 3 0 5 0 6 0 5 0 3 0 5 0 1 0 6 0 5 0 3 0 0 0 5 0 5 0 2 0 1 0 1 0 5 0 2 0 0 0 4 0 6 0 1 0 0 0 6 0 5 0 3 0 1 0 6 0 6 0 1 0 0 0 6 0 5 0 5 0 5 0 0 1 0 1 0 0 6 0 4 0 0 0 2 1 0 0 6 0 1 1 0 0 3 0 3 0 4 0 4 0 4 0 1 0 1 0 0 0 3 0 4 0 0 0 2 1 0 0 0 0 1 0 0 0 0 0 2 0 0 0 4 0 1 0 3 0 1 0 4 0 0 0 2 0 1 0 3 0 1 1 0
1 152 1 0 0 4 0 6 0 4 0 0 0 3 0 4 0 5 0 3 1 0 0 2 0 3 0 3 0 5 0 2 0 3 0 2 0 5 0 1 0 1 0 5 0 3 0 1 0 5 0 3 1 0 0 4 0 5 0 5 0 3 0 1 0 5 0 4 0 4 0 3 0 2 1 0 1 0 0 5 0 1 0 1 0 5 1 0 0 4 0 4 0 6 0 5 1 0 0 2 0 2 0 1 0 3 0 2 0 0 1 0 0 1 0 1 0 5 0 5 1 0 0 2 0 0 0 0 0 4 0 1 0 0 0 3 0 6 0 3 0 0 0 1 0 4 0 2 0 6 0 3 0 5
1 153 1 1 0 0 1 0 6 0 1 0 1 1 0 0 2 0 4 0 0 1 0 0 4 1 0 0 0 0 3 0 5 0 6 0 5 0 2 0 3 0 3 0 2 1 0 0 4 0 3 0 1 0 0 0 1 0 4 0 3 1 0 0 4 0 3 0 2 0 1 1 0 1 0 0 0 1 0 0 2 0 3 0 3 0 4 0 0 0 1 0 2 0 6 0 4 1 0 0 4 0 4 0 2 0 6 0 4 0 1 0 6 0 1 0 3 0 3 0 4 1 0 0 4 0 0 0 1 0 0 0 3 0 0 1 0 0 5 1 0 0 1 0 3 0 0 0 6 0 5 0 0 0 4
0 153 3 0 6 0 2 0 4 0 3 0 3 0 6 0 4 0 0 0 2 1 0 0 1 1 0 0 0 1 0 0 4 0 6 0 3 0 5 0 6 0 6 0 5 1 0 0 0 1 0 0 3 0 0 0 3 0 1 0 1 0 0 0 0 1 0 0 5 0 3 1 0 0 6 0 0 0 6 0 3 1 0 0 0 0 1 0 1 0 2 0 5 0 5 0 3 0 0 0 1 0 1 0 6 0 5 0 1 0 4 0 4 0 3 1 0 0 0 0 3 0 0 0 0 0 1 0 2 0 0 0 6 0 1 1 0 0 3 1 0 0 2 0 6 0 1 0 5 0 3 0 2 0 1
0 154 1 0 0 5 0 6 0 1 0 0 0 0 0 6 0 1 0 1 0 5 0 6 0 2 0 6 0 0 1 0 0 1 0 6 0 0 0 4 0 6 0 6 0 4 1 0 0 1 0 6 0 5 0 0 0 6 0 2 0 2 0 0 0 1 1 0 0 3 0 1 0 0 0 4 0 2 0 5 0 0 1 0 0 0 0 2 0 2 0 5 0 3 0 3 1 0 0 1 0 2 0 3 0 5 0 3 0 4 0 1 0 2 0 0 1 0 0 0 0 6 0 0 0 0 0 2 0 4 0 1 0 4 0 4 0 6 0 6 0 6 0 4 0 4 0 4 0 2 1 0 0 5 0 2
1 155 1 1 0 0 3 0 5 0 3 0 0 0 1 0 4 0 3 0 3 0 3 0 5 0 6 0 4 0 2 0 6 0 2 0 4 0 2 0 1 0 6 0 6 0 2 1 0 0 3 0 5 0 3 0 2 0 4 0 5 0 4 0 0 0 3 0 6 0 5 0 2 0 1 0 0 0 6 0 2 0 2 0 5 1 0 0 4 0 5 0 3 0 0 0 0 1 0 0 2 0 4 1 0 0 4 0 0 0 1 0 3 0 4 0 1 0 6 0 0 0 4 0 1 0 0 0 5 0 0 0 4 0 1 0 2 0 6 0 6 0 6 0 2 0 2 0 1 1 0 0 0 0 2 0 5
1 155 3 0 6 0 6 0 2 1 0 0 1 0 3 0 1 0 0 0 0 0 0 0 4 0 6 0 1 0 6 0 4 0 6 0 0 0 5 0 3 0 5 0 5 0 6 0 6 0 6 0 2 1 0 0 6 0 1 0 4 0 1 0 1 1 0 0 6 0 3 0 5 0 2 0 1 0 4 0 5 0 5 0 4 0 0 0 1 0 3 1 0 0 1 0 1 0 6 0 4 0 2 0 0 0 0 0 1 0 2 1 0 0 1 0 4 0 4 0 2 0 0 0 3 0 1 0 2 0 2 0 0 0 3 0 5 0 5 0 6 0 5 0 5 0 4 0 3 0 5 1 0 0 5 0 3
0 156 1 0 0 6 0 5 0 6 0 6 0 1 0 6 0 2 0 0 0 0 0 1 0 1 0 5 0 4 0 5 0 2 0 5 0 2 0 3 0 0 0 4 0 4 0 6 0 6 0 5 1 0 0 0 0 4 0 4 0 0 0 3 0 3 1 0 0 5 0 0 0 3 0 5 0 3 0 1 0 4 0 4 0 1 0 1 0 2 1 0 1 0 0 2 0 3 0 5 0 1 0 5 0 0 0 0 0 2 0 5 0 6 0 2 0 1 0 1 0 5 0 0 0 6 0 2 0 4 0 4 0 0 1 0 0 4 0 4 0 6 0 4 0 4 0 2 0 0 0 5 0 0 0 3 0 0
0 157 1 1 0 0 5 0 4 0 6 0 5 0 4 0 4 0 5 0 0 0 0 0 2 0 3 0 3 0 2 0 3 0 6 0 2 0 5 0 6 0 1 0 1 0 2 0 6 0 6 0 4 1 0 0 1 0 1 0 1 0 1 1 0 0 1 0 0 0 2 0 1 1 0 0 3 1 0 0 4 0 1 0 1 0 3 0 2 0 5 1 0 0 6 0 3 1 0 0 3 0 4 0 2 0 1 0 0 0 5 0 3 0 5 0 5 0 2 0 3 0 2 0 2 0 4 0 6 0 1 0 1 0 2 1 0 0 1 0 2 0 6 0 2 0 1 0 5 0 1 0 2 0 1 0 6 0 0
0 157 3 1 0 0 3 0 2 0 6 0 4 0 2 0 2 0 3 0 1 0 0 0 4 0 6 0 6 0 4 1 0 0 5 0 6 0 3 0 5 0 3 0 2 0 5 0 5 0 6 0 2 1 0 0 2 0 2 0 2 0 3 0 6 0 1 0 0 0 4 0 3 1 0 0 0 0 0 0 0 0 3 0 2 0 6 0 5 0 4 0 0 0 5 0 0 1 0 1 0 0 1 0 5 0 2 0 1 0 3 0 0 0 4 0 3 0 5 0 6 0 4 0 5 0 1 0 5 0 3 0 2 0 5 0 6 0 1 0 5 0 4 0 5 0 3 0 2 0 3 0 4 0 3 0 4 0 1
0 158 1 0 1 0 0 6 0 5 0 5 0 1 0 5 0 4 0 6 0 2 0 1 0 1 0 6 0 6 0 3 0 0 0 3 0 6 0 0 0 3 1 0 0 6 0 3 0 4 0 5 0 6 0 6 0 3 0 4 0 4 1 0 0 5 0 3 0 1 0 1 0 0 1 0 0 0 0 0 0 0 0 6 0 5 0 5 0 4 0 1 0 2 0 2 0 2 1 0 0 6 0 2 0 2 0 5 0 2 0 6 0 1 0 1 0 0 0 4 0 6 0 2 0 3 0 4 0 2 1 0 0 6 0 3 0 5 0 4 0 3 0 2 0 3 1 0 0 5 1 0 0 2 0 0 0 1 0 3
1 159 1 1 0 1 0 0 5 0 4 0 3 0 4 0 3 0 2 0 5 0 5 0 2 0 3 0 5 0 5 1 0 0 1 1 0 0 5 0 2 0 0 0 0 0 5 0 0 0 2 0 4 0 6 0 6 0 0 0 2 0 3 0 0 0 2 1 0 0 3 0 2 0 1 0 5 1 0 0 0 0 1 0 5 0 4 0 4 0 1 0 3 0 4 0 4 0 5 1 0 0 4 0 5 0 5 0 2 0 6 0 4 0 3 0 2 0 1 0 1 0 5 0 5 1 0 0 1 1 0 0 0 0 5 0 0 0 4 0 1 1 0 0 6 0 0 0 0 0 3 1 0 0 4 0 0 0 2 1 0
1 159 3 1 0 1 0 0 3 0 2 0 0 0 1 1 0 0 6 0 3 0 3 0 5 1 0 0 4 0 4 1 0 0 3 1 0 0 2 0 5 0 0 0 1 0 2 0 1 0 5 0 1 0 6 0 5 0 1 0 4 0 6 0 0 0 5 0 6 0 5 0 4 0 3 0 3 1 0 0 0 0 3 0 3 0 2 0 1 0 3 1 0 0 2 0 2 0 5 0 0 0 1 0 4 0 3 0 6 0 5 0 1 1 0 0 5 0 2 0 3 0 3 0 4 1 0 0 3 0 6 0 0 0 2 0 2 0 0 0 4 1 0 0 4 0 1 0 1 0 0 0 0 0 0 0 1 0 5 0 5
1 161 1 0 0 0 0 0 6 0 5 0 4 0 0 0 3 1 0 0 5 0 0 0 0 0 5 0 0 0 1 0 2 1 0 1 0 1 0 0 5 0 2 0 1 0 2 0 4 0 3 0 2 0 4 0 5 0 3 0 4 0 1 0 5 0 2 0 3 0 6 0 4 0 2 0 0 0 0 1 0 0 0 0 6 0 6 0 4 0 2 1 0 1 0 0 4 0 5 0 2 0 1 0 3 0 1 0 0 0 6 0 3 0 4 1 0 0 2 0 5 1 0 0 0 0 2 1 0 1 0 0 5 0 1 0 4 0 4 0 1 0 2 0 0 0 0 0 3 0 2 0 0 0 0 0 0 0 3 0 3 0 4
0 161 2 0 0 0 1 0 5 0 4 0 1 0 2 0 0 0 0 0 2 0 1 0 1 0 2 0 1 0 2 0 5 1 0 1 0 1 0 0 2 0 5 0 2 0 5 0 0 1 0 0 6 0 1 0 4 0 0 0 1 0 4 0 2 0 5 1 0 0 6 0 1 0 5 0 0 0 1 0 6 0 0 0 5 0 6 0 1 1 0 0 0 1 0 0 1 0 3 0 5 0 2 0 6 0 2 0 1 0 5 0 0 0 2 1 0 0 5 0 3 1 0 0 0 0 5 1 0 1 0 0 2 0 4 0 1 0 1 0 3 0 4 0 0 0 0 0 6 0 4 0 0 0 0 0 0 1 0 0 0 0 2
1 161 4 0 0 0 3 0 3 0 1 0 3 0 4 0 0 0 0 0 4 0 2 0 2 0 4 0 2 0 5 0 4 0 0 1 0 0 6 0 4 0 2 0 6 0 2 0 2 1 0 0 4 0 4 0 0 0 1 0 3 0 0 0 6 0 4 0 0 0 4 0 4 0 2 0 1 0 3 0 4 0 2 0 3 0 5 0 4 0 6 0 0 0 6 0 1 1 0 0 3 0 6 0 4 0 5 0 3 0 2 0 1 0 5 1 0 0 3 0 0 1 0 0 1 0 4 0 0 0 6 0 4 0 0 0 3 0 2 1 0 0 1 0 1 0 1 0 5 0 1 0 1 0 0 0 1 0 5 1 0 0 4
0 163 1 0 0 0 1 0 6 0 6 0 2 1 0 0 1 0 1 0 1 0 0 0 5 0 5 0 0 0 6 0 3 0 1 0 2 1 0 0 5 0 1 0 6 0 4 0 5 0 5 1 0 0 1 0 1 0 1 0 2 0 6 0 1 0 5 0 1 0 2 0 1 0 1 0 5 0 2 1 0 0 1 0 5 1 0 0 4 0 2 0 5 0 2 0 4 0 4 0 6 0 6 0 5 0 2 0 3 1 0 0 5 0 3 0 3 1 0 0 6 0 1 0 6 0 2 0 0 0 2 0 5 0 1 0 1 0 6 0 5 0 6 0 1 0 2 0 3 0 2 0 3 0 2 0 0 0 3 0 4 0 0 0 1
0 163 2 0 0 0 3 0 5 0 5 0 6 0 6 0 1 0 2 0 2 0 1 0 3 0 3 0 2 0 4 1 0 0 3 0 5 1 0 0 2 0 4 0 5 0 2 0 4 0 4 1 0 0 2 0 2 0 2 0 5 0 4 0 4 0 2 0 3 0 4 0 2 0 3 0 2 0 6 0 6 0 2 0 4 0 0 0 0 0 6 0 2 0 6 0 1 0 2 0 6 0 6 0 3 0 6 0 0 0 0 0 3 0 0 0 1 0 0 0 4 0 4 0 4 0 5 0 0 0 5 0 2 0 3 0 3 0 5 0 4 0 5 0 3 0 4 0 6 0 4 0 6 0 4 0 0 1 0 0 1 0 1 0 2
1 163 4 0 0 1 0 0 4 0 4 0 6 0 5 0 3 0 4 0 4 0 2 0 6 0 6 0 5 0 1 1 0 1 0 0 4 1 0 0 5 0 1 0 3 0 6 0 1 0 2 1 0 0 4 0 4 0 5 0 3 0 2 0 1 0 5 1 0 0 1 0 5 0 6 0 5 0 5 0 5 0 6 0 0 0 1 0 1 0 4 0 6 0 4 0 3 0 5 0 5 0 6 0 0 0 5 0 1 0 0 0 6 0 0 0 2 0 1 0 1 0 2 0 2 0 3 0 2 0 2 0 5 1 0 0 0 0 4 0 2 0 4 0 0 0 2 0 6 0 2 0 6 0 1 0 2 0 6 0 1 0 2 0 4
0 165 1 0 0 0 2 1 0 0 1 0 2 0 6 0 4 0 0 0 2 0 1 0 6 0 5 0 6 0 3 0 4 1 0 1 0 0 2 0 0 0 2 0 3 1 0 0 5 0 3 0 5 1 0 0 1 0 2 0 3 1 0 0 5 0 3 0 3 1 0 0 3 0 3 0 6 0 4 0 4 0 4 0 5 0 1 0 2 0 3 0 1 0 6 0 2 0 0 0 4 0 4 0 5 0 2 0 2 0 3 0 1 0 4 0 1 0 4 0 2 0 2 0 4 0 4 0 6 0 4 0 5 0 3 1 0 0 1 0 0 0 6 0 0 0 1 0 5 0 4 0 6 0 4 0 3 0 5 0 4 0 3 0 5 0 1
0 165 2 0 0 0 5 0 6 0 1 0 5 0 5 0 1 0 1 0 4 0 3 0 5 0 4 0 6 0 0 0 3 0 0 0 6 0 3 0 0 0 5 0 0 0 0 0 3 0 0 0 4 1 0 0 2 0 5 0 0 0 0 0 3 0 0 0 0 1 0 1 0 0 0 0 6 0 2 0 2 0 2 0 3 0 3 0 4 0 6 0 3 0 4 0 5 0 1 0 1 0 2 0 3 0 5 0 4 0 6 0 3 0 0 0 4 0 0 0 5 0 5 0 1 0 2 0 6 0 2 0 4 0 0 1 0 0 2 0 1 0 4 0 1 0 3 0 3 0 2 0 6 0 2 0 0 0 4 0 2 0 0 0 3 0 3
1 165 4 0 1 0 3 0 5 0 4 0 3 0 3 0 3 0 3 0 1 0 0 0 4 0 2 0 5 0 1 0 6 0 1 0 4 1 0 0 2 0 2 0 1 0 0 0 6 0 1 0 1 1 0 0 5 0 2 0 1 0 0 0 6 0 0 0 1 1 0 0 6 0 0 0 4 0 5 0 4 0 4 1 0 0 0 0 2 0 6 0 0 0 2 0 3 0 3 0 2 0 4 1 0 0 4 0 2 0 5 1 0 0 2 0 0 0 2 0 3 0 3 0 3 0 5 0 4 0 6 0 0 0 2 0 6 0 3 0 3 0 0 0 3 0 6 0 6 0 5 0 4 0 5 0 1 0 0 0 5 0 0 1 0 0 0
1 167 1 0 0 0 3 1 0 0 4 0 1 1 0 1 0 1 0 1 0 0 3 0 1 0 0 0 6 0 2 0 4 0 4 0 4 0 1 1 0 0 4 0 4 0 2 0 1 0 4 0 3 0 3 1 0 0 2 0 5 0 2 0 1 0 4 0 1 0 3 1 0 0 4 0 2 0 1 0 4 0 2 0 2 1 0 0 0 0 5 0 4 0 1 0 4 0 6 0 6 0 5 0 2 0 0 0 0 0 6 0 3 1 0 0 4 0 0 0 4 1 0 0 0 0 0 0 4 0 2 0 5 0 1 0 5 0 4 1 0 1 0 0 1 1 0 0 6 0 6 0 4 0 2 0 3 0 3 0 1 0 2 0 2 0 5 1 0
1 167 2 0 1 0 0 0 0 0 0 0 4 1 0 1 0 1 0 0 6 0 5 0 2 0 1 0 4 0 6 0 1 0 2 0 1 0 4 1 0 0 1 0 1 0 5 0 3 0 1 0 0 0 0 1 0 0 5 0 2 0 5 0 3 0 0 0 4 0 0 0 0 0 0 0 5 0 3 0 0 0 5 0 5 0 6 0 0 0 3 0 1 0 4 0 1 0 6 0 6 0 3 0 5 0 0 0 1 0 5 0 1 0 0 0 0 0 2 0 1 1 0 0 0 0 1 0 0 0 6 0 2 0 4 0 3 0 3 0 0 0 6 0 2 1 0 0 5 0 6 0 1 0 5 0 6 0 6 0 2 0 4 0 5 0 3 1 0
1 167 4 0 2 0 0 0 0 0 1 0 2 0 0 1 0 1 0 0 5 0 3 0 5 0 3 0 1 0 5 0 3 0 4 0 3 0 1 1 0 0 2 0 3 0 2 1 0 0 3 0 0 0 1 1 0 0 2 0 6 0 2 1 0 0 2 0 0 0 1 0 0 0 1 0 2 1 0 0 2 0 3 0 4 0 5 0 1 0 6 0 3 0 0 0 4 0 5 0 6 0 0 0 3 0 1 0 3 0 2 0 3 0 0 0 0 0 4 0 3 0 5 1 0 0 2 0 1 0 4 0 6 0 0 1 0 1 0 0 2 0 4 1 0 0 0 0 3 0 5 0 4 0 3 0 6 0 5 0 6 0 1 0 4 0 0 1 0
1 169 1 0 0 0 5 0 0 0 0 0 2 0 4 0 1 1 0 1 0 0 3 0 0 0 3 1 0 0 4 0 3 0 0 0 1 1 0 0 4 0 6 0 3 0 6 0 5 0 6 0 5 0 0 0 3 0 6 0 4 0 4 0 6 0 6 0 3 0 0 0 2 0 0 0 2 0 5 0 6 0 3 1 0 0 2 0 3 0 4 0 4 1 0 0 2 0 1 0 4 0 5 0 1 0 6 0 2 0 6 0 4 0 6 0 0 0 1 0 1 0 0 0 4 1 0 0 4 0 3 0 1 0 5 0 2 1 0 0 6 0 4 0 1 1 0 0 0 1 0 0 4 0 2 0 0 0 6 0 4 0 5 0 4 0 0 0 2 0 5
1 169 2 0 1 0 2 0 1 0 0 0 5 0 0 0 4 1 0 0 6 0 5 0 1 0 0 0 0 0 0 1 0 0 1 0 3 1 0 0 1 0 6 0 0 0 6 0 4 0 6 0 3 0 1 1 0 0 6 0 2 0 2 0 6 0 5 1 0 0 1 0 4 0 0 0 5 0 3 0 6 0 0 1 0 0 4 1 0 0 2 0 2 1 0 0 4 0 3 0 1 0 3 0 4 0 4 0 6 0 5 0 2 0 5 0 1 0 2 0 2 0 1 0 2 0 0 0 0 1 0 0 4 0 2 1 0 0 0 0 5 0 1 0 4 0 6 0 0 1 0 0 0 0 5 0 1 0 5 0 2 0 4 0 1 0 1 0 5 0 3
0 169 4 0 2 0 4 0 2 0 1 0 2 0 2 0 2 0 0 0 5 0 3 0 3 0 0 0 0 0 1 0 6 0 1 1 0 1 0 0 3 0 4 0 2 0 5 0 2 0 5 1 0 0 4 1 0 0 4 0 5 0 5 0 5 0 4 1 0 0 3 0 0 0 2 0 3 0 0 0 5 0 2 1 0 0 1 1 0 0 4 0 5 1 0 0 0 1 0 0 3 1 0 0 2 0 2 0 6 0 3 0 6 0 2 0 3 0 4 0 4 0 2 0 4 0 0 0 1 1 0 0 0 0 6 0 6 0 0 0 2 0 4 0 1 0 5 0 2 0 6 0 0 0 2 0 4 0 2 0 6 0 0 0 3 0 3 0 3 0 0
0 171 1 0 0 0 6 0 0 0 5 0 2 0 4 0 4 0 4 0 1 0 2 1 0 1 0 0 1 0 0 0 3 0 4 0 4 1 0 0 6 0 6 0 0 0 6 0 2 0 6 0 4 0 0 0 2 0 0 0 1 0 4 0 4 0 4 0 2 1 0 0 6 0 0 0 4 0 6 0 1 0 2 0 6 0 6 0 2 1 0 0 1 0 4 1 0 0 1 0 6 0 6 0 6 0 3 0 5 0 5 0 0 0 5 0 5 1 0 0 2 0 1 0 6 0 0 0 1 0 3 0 6 0 0 0 5 0 5 0 1 0 5 0 0 0 4 0 2 0 6 0 4 0 1 0 5 0 0 0 6 0 4 0 1 0 6 0 6 0 6 0 0
0 171 2 0 1 0 4 0 2 0 2 0 6 0 1 0 2 0 1 0 3 0 5 1 0 0 6 0 1 0 0 1 0 0 2 0 3 0 0 0 5 0 5 0 2 0 4 0 6 0 5 0 1 0 1 0 4 0 0 0 3 0 1 0 2 0 1 1 0 0 0 0 4 0 2 0 1 0 5 0 3 0 5 0 5 0 5 0 6 0 6 0 2 0 1 1 0 0 3 0 5 0 6 0 6 0 0 0 4 0 3 0 2 0 3 0 4 1 0 0 4 0 3 0 4 0 1 0 2 1 0 0 5 0 2 0 3 0 3 0 4 0 2 0 2 0 0 0 6 0 5 0 1 0 4 0 2 0 2 0 5 0 1 0 4 0 5 0 6 0 5 0 1
1 171 4 0 3 0 0 0 5 0 5 0 4 0 3 0 4 0 2 1 0 0 5 0 0 0 4 0 3 0 1 0 6 0 3 0 6 0 1 0 3 0 3 0 6 0 1 0 6 0 3 0 3 0 3 0 0 0 1 0 6 0 2 0 4 0 3 0 6 0 0 0 0 0 5 0 3 0 3 0 0 0 4 0 4 0 4 0 6 0 5 0 5 0 3 0 6 0 6 0 3 0 6 0 5 0 2 0 0 1 0 0 5 1 0 0 3 0 0 0 1 0 0 0 1 0 3 0 5 1 0 0 2 0 5 1 0 0 0 0 1 0 5 0 4 0 1 0 5 0 3 0 4 0 0 0 5 0 5 0 2 0 4 0 1 0 4 0 6 0 3 0 3
0 173 1 0 0 1 0 0 2 0 3 0 4 0 2 0 0 0 1 1 0 0 0 0 2 0 2 0 0 1 0 0 4 0 5 0 0 0 5 0 3 1 0 0 0 0 5 0 4 0 4 1 0 1 0 1 0 0 1 0 3 0 4 0 6 0 1 0 0 0 5 0 1 0 1 0 2 1 0 1 0 0 2 0 1 0 2 0 2 0 6 0 4 0 4 0 0 0 6 0 6 0 0 0 6 0 3 0 5 0 1 1 0 0 3 1 0 0 6 0 0 0 2 0 0 0 2 1 0 0 4 1 0 0 5 0 3 1 0 0 0 0 3 0 3 0 1 0 4 0 3 0 0 0 1 0 2 0 3 0 3 0 6 0 0 0 4 0 1 0 6 0 0 0 0
0 173 2 0 1 0 6 0 3 1 0 0 1 0 5 0 0 0 3 0 5 1 0 0 4 0 4 0 1 1 0 0 1 0 3 0 2 0 3 0 0 1 0 0 1 0 3 0 2 0 3 0 0 1 0 0 6 0 1 1 0 0 2 0 5 0 3 0 1 0 2 0 3 0 2 0 5 1 0 0 6 0 3 0 2 0 4 0 5 0 5 0 2 0 1 0 2 0 5 0 5 0 2 0 5 0 0 0 3 0 4 1 0 0 0 0 0 0 4 0 1 0 4 0 0 0 5 1 0 0 2 0 0 0 3 0 0 1 0 0 0 0 6 0 6 0 3 0 0 1 0 0 1 0 2 0 4 1 0 0 0 0 5 0 2 0 0 0 4 0 4 0 1 0 0
0 173 4 0 3 0 5 0 0 1 0 0 3 0 2 0 1 1 0 0 5 0 0 0 1 0 1 0 4 0 6 0 1 0 6 0 4 0 6 0 1 0 6 0 1 0 6 0 4 0 6 0 1 1 0 0 4 0 4 0 6 0 4 0 2 1 0 0 3 0 4 0 6 0 5 0 4 0 0 0 4 1 0 0 6 0 1 0 4 0 3 0 5 0 2 0 5 0 3 0 3 0 6 0 2 0 1 1 0 0 2 1 0 0 0 0 1 0 0 0 4 0 0 0 2 0 3 1 0 0 4 0 0 0 6 0 1 0 6 0 0 0 5 0 5 1 0 0 2 0 6 0 1 0 5 0 1 1 0 0 1 0 2 0 5 0 1 0 1 0 1 0 3 0 0
0 175 1 0 1 0 0 0 3 0 2 0 6 0 5 0 4 0 3 1 0 0 2 0 1 0 2 0 3 0 1 0 5 0 4 0 5 0 2 0 5 0 4 0 4 0 4 0 5 0 2 0 5 0 4 1 0 0 1 0 2 0 6 0 1 0 6 0 6 0 6 0 1 0 6 0 4 0 1 0 2 0 2 0 0 0 4 0 4 0 1 0 0 0 3 0 6 0 3 0 0 0 0 0 5 0 5 0 3 0 6 0 4 0 5 1 0 0 2 0 1 0 0 0 1 0 5 0 0 0 0 0 0 0 2 0 4 0 4 0 4 0 2 0 3 0 4 1 0 0 5 0 4 0 4 0 2 0 4 0 6 0 1 0 5 0 2 0 3 0 2 0 2 0 6 0 0
0 175 2 0 2 0 0 0 6 0 5 0 5 0 4 0 2 0 0 1 0 0 4 0 2 0 4 0 6 0 3 0 3 0 2 0 3 0 6 0 3 0 2 0 2 0 2 0 3 0 6 0 3 0 2 1 0 0 2 0 5 0 4 0 4 0 5 0 6 0 5 0 4 0 5 0 1 0 3 0 4 0 4 0 1 0 1 0 1 0 3 0 0 1 0 0 5 1 0 0 1 0 1 0 3 0 4 0 0 0 6 0 2 0 4 1 0 0 4 0 2 0 0 0 3 0 2 0 1 0 0 0 0 0 5 0 1 0 2 0 1 0 5 1 0 0 3 0 0 0 3 0 2 0 1 0 6 0 1 0 5 0 4 0 2 0 5 0 6 0 4 0 5 0 4 0 1
0 175 4 0 4 0 1 0 5 0 4 0 4 0 1 0 5 0 1 1 0 0 0 0 6 0 1 0 5 1 0 1 0 0 5 1 0 0 5 1 0 0 5 0 4 0 4 1 0 0 5 1 0 0 6 0 6 0 4 0 3 0 2 0 2 0 4 0 6 0 4 0 2 0 3 0 3 1 0 0 2 0 1 0 3 0 2 0 2 0 6 0 1 1 0 0 3 1 0 0 2 0 2 1 0 0 1 0 2 0 4 0 6 0 2 0 0 0 0 0 5 0 0 0 6 0 4 0 2 0 0 0 1 0 2 0 3 0 4 0 3 0 3 1 0 0 6 0 0 0 6 0 4 0 3 0 4 0 4 0 3 0 1 0 6 0 3 0 6 0 2 0 4 0 1 0 3
1 177 1 0 1 0 1 0 4 0 3 0 2 0 1 0 4 0 2 0 4 0 6 0 0 0 4 0 4 0 4 0 0 1 0 0 4 0 0 0 4 0 0 0 3 0 2 0 3 0 0 0 4 0 0 0 5 0 6 0 1 1 0 0 5 0 5 0 1 0 6 0 1 0 5 1 0 0 0 1 0 0 4 0 2 0 6 0 4 0 5 0 4 0 4 0 6 0 6 0 6 0 3 0 5 0 6 0 1 0 5 0 1 0 5 0 5 0 0 0 1 0 2 0 2 0 5 0 1 0 5 0 0 0 2 0 4 1 0 0 2 0 0 0 1 0 0 0 4 0 2 0 5 0 2 0 0 0 2 0 1 1 0 0 4 0 5 0 0 0 5 0 6 0 0 0 3 1 0
1 177 2 0 2 0 3 0 0 1 0 0 5 0 3 0 0 0 6 0 1 0 5 0 2 0 1 0 2 0 1 0 2 1 0 0 0 0 2 0 0 0 1 0 6 0 4 0 6 0 1 0 0 0 2 0 3 0 5 0 4 1 0 0 3 0 3 0 4 0 4 0 4 0 3 1 0 0 1 1 0 0 0 0 6 0 5 0 2 0 4 0 2 0 2 0 6 0 6 0 6 0 0 0 4 0 5 0 4 0 2 0 4 0 3 0 3 0 1 0 2 0 4 0 5 0 2 0 4 0 2 0 1 0 5 0 1 1 0 0 4 0 0 0 2 0 1 0 0 0 6 0 2 0 5 0 0 0 4 0 3 1 0 0 1 0 3 0 2 0 3 0 5 0 1 1 0 1 0
1 177 4 0 4 0 6 0 1 1 0 0 2 1 0 0 2 0 4 0 4 0 2 0 5 0 2 0 4 0 2 0 5 0 5 1 0 0 4 0 0 0 3 0 5 0 2 0 5 0 3 0 0 0 4 1 0 0 4 0 2 1 0 1 0 0 0 0 2 0 2 0 2 0 0 1 0 0 3 0 6 0 0 0 5 0 3 0 6 0 0 0 5 0 5 0 5 0 6 0 5 0 2 0 1 0 4 0 1 0 6 0 0 1 0 1 0 0 3 0 5 0 1 0 3 0 6 0 0 0 5 0 3 0 2 0 4 1 0 0 0 0 1 0 4 0 2 0 1 0 4 0 6 0 2 0 2 0 1 0 0 1 0 0 2 0 6 0 4 1 0 0 3 0 4 1 0 0 5
0 179 1 0 1 0 2 0 5 0 4 0 6 0 4 0 6 0 4 0 1 0 1 0 6 0 2 0 6 0 0 0 6 0 3 0 5 0 0 0 0 0 1 1 0 0 3 0 6 0 2 1 0 0 2 0 2 0 0 0 0 1 0 0 0 0 5 1 0 0 4 0 4 0 4 0 1 0 6 0 6 0 4 0 2 0 3 0 0 0 5 0 2 0 3 0 4 0 4 0 6 0 3 0 5 0 3 0 0 0 4 0 4 0 2 1 0 0 6 0 6 0 2 0 3 1 0 0 5 0 2 0 2 1 0 0 6 0 1 1 0 0 0 0 3 0 0 0 5 0 3 0 1 0 5 0 5 0 4 0 2 0 1 0 6 0 4 0 5 0 2 1 0 1 0 0 3 0 0 0 3
1 179 2 0 2 0 5 0 3 0 2 0 6 0 2 0 6 0 1 0 3 0 3 0 4 0 6 0 4 0 2 0 5 0 0 0 3 0 1 0 0 0 3 0 6 0 6 0 4 0 6 0 6 0 3 0 4 0 0 0 1 0 6 0 0 0 4 0 0 0 1 0 2 0 1 0 4 0 5 0 6 0 1 0 5 0 6 0 1 0 2 0 5 1 0 0 2 0 2 0 6 0 0 0 3 1 0 0 2 0 1 0 1 1 0 0 0 0 5 0 5 0 6 0 0 0 0 0 2 0 5 0 5 1 0 0 4 0 4 0 5 1 0 0 6 0 1 0 2 1 0 0 4 0 3 0 4 0 1 0 5 0 3 0 5 0 2 0 3 1 0 0 0 0 6 0 5 0 0 1 0
1 179 4 0 5 0 2 1 0 0 6 0 4 0 6 0 4 0 3 1 0 0 0 0 2 0 6 0 1 0 6 0 2 0 1 0 6 0 2 0 0 1 0 0 6 0 6 0 2 0 6 0 6 0 0 0 1 0 1 0 3 0 4 0 2 0 0 0 1 0 2 0 4 0 3 0 1 0 4 0 5 0 4 0 3 0 5 0 3 0 5 0 3 1 0 0 4 0 5 0 4 0 1 1 0 1 0 0 4 0 2 0 3 0 6 0 0 0 3 0 4 0 5 0 1 0 0 0 5 0 3 0 5 0 0 0 1 0 2 0 5 0 0 0 4 0 3 0 5 1 0 0 1 0 0 0 1 0 4 0 3 0 0 0 3 0 5 1 0 1 0 0 1 0 5 0 3 0 2 0 5
1 181 1 0 1 0 3 1 0 0 0 0 5 0 2 0 6 0 2 0 0 1 0 0 0 0 5 0 4 0 4 0 4 0 5 0 3 0 4 0 5 0 1 1 0 0 5 0 5 0 6 0 5 0 5 0 1 0 2 0 2 1 0 0 1 0 5 0 0 0 2 0 5 0 0 1 0 0 4 0 1 0 4 0 2 0 0 0 4 0 0 0 4 0 1 0 0 0 1 0 4 0 1 0 4 1 0 1 0 0 0 0 5 1 0 0 5 0 1 1 0 0 2 0 3 0 3 0 1 0 3 0 0 0 3 0 1 0 2 0 5 0 2 0 2 0 1 0 0 0 4 1 0 0 2 0 0 0 3 0 0 1 0 0 1 1 0 0 5 0 0 0 6 0 2 0 2 1 0 0 6 0 3
0 181 2 0 2 1 0 1 0 0 1 0 2 0 6 0 4 0 5 0 1 0 6 0 0 0 3 0 2 0 2 0 2 0 4 0 0 0 2 0 3 0 4 1 0 0 3 0 4 0 6 0 4 0 3 0 3 0 4 0 5 0 6 0 2 0 2 0 1 0 5 0 2 0 2 1 0 0 0 0 4 0 0 0 5 0 1 0 0 0 2 0 0 0 3 0 0 0 3 0 0 0 4 0 2 0 0 0 6 0 0 0 4 0 0 0 2 0 4 0 6 0 3 0 6 0 6 0 2 0 6 0 0 0 6 0 2 0 5 0 2 0 5 0 4 0 2 0 1 0 1 1 0 0 4 0 0 0 6 0 1 0 6 0 2 1 0 0 2 0 2 0 4 0 5 0 5 1 0 0 5 0 0
0 181 4 0 5 1 0 0 6 0 1 0 5 0 5 0 2 0 3 0 4 0 4 0 1 0 6 0 4 0 4 0 5 0 0 0 1 0 4 1 0 0 2 1 0 1 0 0 2 0 6 0 2 0 0 0 0 0 2 0 4 0 5 0 5 0 4 0 3 0 2 0 5 0 5 0 6 0 0 0 0 0 2 0 2 0 3 0 0 0 4 0 0 0 6 0 0 0 6 0 1 0 0 0 5 0 1 0 4 0 2 0 0 0 1 0 5 0 1 0 6 0 0 0 6 0 5 0 6 0 4 0 2 0 4 0 6 0 2 0 6 0 3 0 1 0 5 0 2 0 3 1 0 0 0 0 2 0 4 0 4 0 4 0 6 0 6 0 3 0 5 0 1 0 4 0 5 0 0 0 2 0 1
0 183 1 0 1 0 5 0 0 0 4 0 4 0 3 0 3 0 5 1 0 0 2 0 1 0 4 0 5 0 2 0 2 0 3 0 1 0 3 0 1 1 0 0 5 1 0 0 6 0 4 0 4 0 5 0 0 0 0 0 5 0 1 0 4 0 4 0 1 1 0 0 6 0 3 0 4 0 5 0 1 0 0 0 4 0 4 0 6 0 1 0 0 0 2 0 4 0 2 0 4 0 3 0 1 0 2 0 4 0 0 0 5 0 0 0 3 0 2 0 4 0 4 0 2 0 5 0 4 0 6 0 1 0 6 0 1 0 5 0 6 0 4 1 0 0 4 0 2 0 5 1 0 1 0 0 0 0 5 0 1 0 2 0 2 0 6 0 6 0 0 0 3 0 4 0 1 0 3 0 1 0 4 0 2
1 183 2 0 3 0 2 0 2 0 1 0 2 0 0 0 0 0 4 1 0 0 4 0 3 0 1 0 3 0 5 0 4 0 6 0 2 0 6 0 3 1 0 0 4 0 0 0 5 0 2 0 2 0 3 0 1 0 1 0 2 0 4 0 1 0 1 0 4 1 0 0 5 0 0 0 2 0 3 0 3 0 1 0 1 0 2 0 5 0 3 0 0 0 5 0 0 0 6 0 0 1 0 0 3 0 5 0 0 0 2 0 2 0 1 0 6 0 5 0 1 0 1 0 6 0 3 0 2 0 5 0 4 0 4 0 4 0 3 0 6 0 3 0 0 0 0 0 6 0 4 0 0 0 6 0 0 0 2 0 3 0 4 0 5 0 5 0 5 0 1 1 0 0 1 0 3 0 6 0 3 0 0 0 5
0 183 4 0 6 0 4 0 4 0 2 0 4 0 0 0 1 0 2 0 0 0 0 1 0 0 3 1 0 0 4 0 2 0 5 0 6 0 5 0 1 0 0 0 0 0 2 0 2 0 5 0 4 0 6 0 2 0 2 0 5 0 0 0 3 0 3 0 2 0 0 0 2 0 1 0 4 0 6 0 6 0 2 0 2 0 5 0 2 1 0 0 2 0 2 0 2 0 4 0 2 0 6 0 6 0 2 0 1 0 4 0 4 0 3 0 5 0 3 0 3 0 3 0 4 1 0 0 6 0 3 0 2 0 2 0 2 0 0 0 5 1 0 0 1 0 1 0 5 0 1 0 2 0 4 0 1 0 4 1 0 0 2 0 4 0 4 0 3 0 4 0 6 0 1 1 0 0 5 1 0 0 2 0 3
1 185 1 0 1 0 6 0 2 0 1 0 6 0 0 0 1 0 2 0 4 0 0 0 1 1 0 0 0 0 0 0 0 0 6 0 3 0 6 0 3 0 3 0 0 0 0 0 4 0 5 0 3 0 2 0 5 0 5 0 5 0 2 0 1 0 6 0 6 0 4 0 0 0 4 0 3 0 1 0 6 0 5 0 5 0 5 0 2 0 6 0 6 0 3 0 4 0 5 0 0 0 6 0 5 0 5 0 5 0 3 0 1 0 2 0 0 0 4 0 0 0 0 0 0 0 3 0 0 0 4 1 0 0 5 0 4 0 4 0 1 0 3 1 0 0 2 0 3 0 2 0 3 0 5 0 0 0 4 0 1 1 0 0 5 0 1 0 2 0 0 0 2 0 5 0 4 1 0 0 3 1 0 0 4 1 0
1 185 2 0 3 0 4 0 5 0 3 0 4 0 1 0 2 0 5 0 0 0 1 0 3 0 5 1 0 0 0 0 1 0 5 0 0 0 5 1 0 1 0 0 1 0 1 0 1 0 3 1 0 0 6 0 3 0 4 0 3 0 5 0 3 0 5 0 6 0 1 0 2 0 0 1 0 0 4 0 5 0 4 0 4 0 3 0 6 0 5 0 6 0 0 0 2 0 3 0 2 0 5 0 4 0 4 0 3 1 0 0 3 0 4 0 1 0 0 0 1 0 0 0 0 0 6 0 1 0 2 0 0 0 3 0 2 0 1 0 3 1 0 1 0 0 4 0 6 0 4 1 0 0 3 0 2 0 0 0 4 1 0 0 2 0 3 0 4 0 0 0 5 0 3 0 3 0 0 0 0 0 0 0 1 1 0
1 185 4 1 0 0 2 0 4 0 0 0 1 0 3 0 5 0 2 0 1 0 2 1 0 0 4 1 0 0 0 0 3 0 2 0 2 0 4 0 0 0 6 0 1 0 2 0 3 0 0 0 0 0 5 0 0 0 2 0 0 0 4 0 0 0 4 0 5 0 3 0 4 0 1 1 0 0 1 0 4 0 2 0 2 0 0 0 6 0 4 0 5 0 1 0 4 0 6 0 5 0 3 0 2 0 2 0 0 1 0 1 0 0 1 0 3 0 0 0 2 0 0 0 1 0 4 0 3 0 4 0 0 0 6 0 4 0 3 0 0 0 0 1 0 0 1 0 6 0 2 1 0 0 6 0 4 0 1 0 1 1 0 0 4 1 0 0 1 0 2 0 2 1 0 1 0 0 1 0 0 0 0 0 3 0 5
1 187 1 0 1 1 0 0 5 0 0 0 1 0 2 1 0 0 3 0 5 0 2 0 5 1 0 0 1 1 0 0 0 0 6 0 4 0 5 0 0 0 2 0 4 0 3 0 4 0 6 0 0 0 1 0 2 0 1 0 4 0 1 0 0 0 2 0 1 0 4 0 0 0 1 0 4 0 6 0 2 0 0 0 5 0 4 0 1 0 5 0 2 0 3 0 4 0 1 0 6 0 3 1 0 0 5 0 4 0 1 1 0 0 6 0 1 0 6 0 0 0 4 0 0 0 3 0 1 0 0 0 1 0 2 0 5 0 1 1 0 0 1 0 1 0 6 0 2 0 4 1 0 0 0 0 5 0 1 0 3 0 3 1 0 0 1 1 0 0 2 0 4 0 5 1 0 0 6 0 1 0 0 0 0 1 0 0 4
0 187 2 0 3 1 0 0 2 0 1 0 2 0 5 0 6 0 6 0 2 0 6 0 3 1 0 0 3 0 6 0 0 0 5 0 2 0 3 0 1 0 5 0 1 0 0 0 2 0 5 0 1 0 2 0 4 0 3 0 0 0 3 0 0 0 4 0 3 0 0 0 1 0 3 0 1 0 5 0 5 0 1 0 3 0 1 0 4 0 2 0 5 1 0 0 1 0 4 0 5 0 1 0 0 0 3 0 1 0 4 1 0 0 4 0 4 0 4 0 2 0 0 0 1 0 6 0 2 0 0 0 2 0 5 0 2 0 4 0 6 0 1 0 3 0 4 0 6 0 1 1 0 0 1 0 2 0 3 1 0 0 0 1 0 0 3 0 6 0 4 0 1 0 5 0 0 0 4 0 3 0 0 0 1 1 0 0 1
0 187 4 1 0 1 0 0 4 0 2 0 5 0 3 0 6 0 5 0 6 0 5 0 0 1 0 1 0 0 5 0 2 0 2 0 5 0 6 0 3 0 2 0 3 0 0 0 5 0 2 0 3 0 5 0 0 1 0 0 1 0 6 0 1 0 0 1 0 0 1 0 2 0 6 0 3 0 3 0 3 0 3 0 6 0 3 0 0 0 6 0 3 1 0 0 3 0 1 0 3 0 3 0 0 0 6 0 3 0 2 0 0 0 1 0 2 0 1 0 5 0 0 0 3 0 4 0 5 0 0 0 5 0 2 0 6 0 1 0 5 0 3 1 0 0 2 0 5 0 4 0 6 0 1 0 4 1 0 1 0 0 1 0 6 0 6 0 5 0 1 0 4 0 2 0 2 0 0 1 0 0 1 0 3 0 6 0 1
1 189 1 0 2 0 0 1 0 0 0 0 6 0 3 0 0 0 6 0 4 0 6 0 3 0 2 1 0 1 0 0 2 0 5 0 5 0 3 0 5 1 0 0 5 0 6 0 1 0 2 0 5 1 0 0 3 0 2 0 6 0 2 0 4 0 3 0 1 0 6 0 1 0 5 0 5 0 0 0 0 0 0 0 0 0 5 1 0 0 2 0 5 0 0 1 0 0 6 0 2 0 6 0 6 0 1 0 4 1 0 0 5 0 0 0 2 0 4 0 3 0 2 0 1 1 0 0 2 0 3 0 2 0 2 0 6 0 4 0 4 0 3 0 0 1 0 0 5 0 3 0 2 0 5 0 4 0 2 0 0 0 6 0 2 0 5 0 6 0 3 0 4 0 0 0 5 0 4 0 1 0 6 0 1 1 0 0 5 0 3
0 189 2 0 4 0 1 0 6 0 0 0 4 1 0 0 2 0 5 0 2 0 5 1 0 1 0 0 0 0 6 0 4 0 3 0 4 0 0 0 5 0 0 0 3 0 5 0 3 0 5 0 3 1 0 0 6 0 5 0 4 0 6 0 0 1 0 0 4 0 4 0 4 0 3 0 3 0 1 0 0 0 0 0 1 0 3 1 0 0 5 0 2 0 2 1 0 0 4 0 6 0 5 0 5 0 4 0 2 0 0 0 2 0 1 0 5 0 0 1 0 0 5 0 3 0 6 0 3 0 6 0 4 0 5 0 5 0 2 0 1 1 0 0 2 1 0 0 2 1 0 0 6 0 3 0 1 0 5 0 1 0 4 0 6 0 3 0 6 0 0 0 1 0 2 0 3 0 1 0 4 0 4 0 4 1 0 0 3 0 0
0 189 5 0 0 0 4 0 4 0 2 0 1 1 0 0 5 0 2 0 6 0 4 0 0 0 6 0 0 0 5 0 2 0 0 0 1 0 2 0 2 0 1 1 0 0 4 0 0 0 4 0 1 0 0 0 5 0 4 0 2 0 5 0 2 1 0 0 1 0 2 0 1 1 0 1 0 0 3 0 0 0 0 0 3 0 0 0 0 0 2 0 5 0 5 1 0 0 1 0 6 0 4 0 4 0 1 0 5 0 0 0 4 0 3 0 2 0 2 1 0 0 3 0 0 0 6 0 0 0 6 0 2 0 4 0 3 0 5 0 3 0 6 0 4 0 6 0 4 1 0 0 4 1 0 0 4 0 2 0 4 0 1 0 6 0 0 0 5 0 1 0 2 0 4 0 6 0 3 0 1 0 2 0 2 1 0 0 6 0 0
0 191 1 0 2 0 2 0 1 0 1 0 5 0 3 1 0 0 2 0 6 0 5 0 1 0 2 0 4 0 2 0 2 0 5 0 0 0 2 0 4 0 4 0 3 1 0 0 0 0 2 0 0 0 3 0 1 0 3 0 1 0 6 0 2 0 6 0 6 0 1 0 4 0 3 1 0 0 6 0 5 0 0 0 0 0 6 0 0 0 0 0 5 0 3 0 4 1 0 0 3 0 5 0 2 0 1 0 4 0 2 0 2 0 0 1 0 0 5 0 5 0 6 0 5 0 1 0 4 0 2 0 4 0 6 0 1 0 0 0 4 0 0 0 6 0 2 0 6 0 3 0 0 0 2 0 0 0 0 0 6 0 0 0 4 0 4 0 2 0 2 0 3 0 5 0 1 0 5 1 0 0 3 0 4 0 5 1 0 0 4 0 1
0 191 2 0 4 0 4 0 2 0 3 0 3 0 0 1 0 0 5 0 5 0 3 0 3 0 5 0 0 0 5 0 5 0 2 0 1 0 5 0 1 0 2 0 0 1 0 0 0 0 4 0 0 0 6 0 2 0 6 0 3 0 4 0 6 0 5 0 5 0 4 0 1 0 1 0 0 0 5 0 3 0 1 0 1 0 4 0 1 0 1 0 3 0 0 0 2 1 0 1 0 0 3 0 5 0 3 0 0 0 5 0 4 0 1 1 0 0 3 0 4 0 6 0 3 0 4 0 0 0 6 0 1 0 5 0 3 0 1 0 0 0 2 0 4 0 6 0 4 1 0 0 1 0 4 0 0 0 1 0 4 0 2 0 1 0 1 0 5 0 4 1 0 0 3 0 4 0 3 1 0 1 0 0 2 0 5 0 0 0 0 0 3
1 191 5 0 1 0 1 0 5 0 6 0 6 0 1 1 0 0 3 0 4 0 0 0 0 0 3 0 2 0 3 0 3 0 5 0 3 0 2 0 3 0 4 0 1 0 6 0 0 0 0 0 2 0 4 0 6 0 5 0 0 0 2 0 6 0 4 0 4 0 1 0 3 0 2 0 1 0 2 1 0 0 3 0 3 0 0 0 3 0 2 0 6 0 0 0 5 1 0 0 6 0 6 0 2 1 0 0 2 0 3 0 1 0 4 0 6 0 6 0 1 0 6 0 0 0 1 0 2 0 4 0 4 0 2 1 0 0 3 0 0 0 5 0 1 0 6 0 2 1 0 0 3 0 0 0 1 0 3 0 0 0 5 0 2 0 3 0 3 0 2 1 0 1 0 0 2 0 1 0 0 0 6 0 4 0 2 0 1 0 0 1 0
1 193 1 0 2 0 3 0 3 0 3 0 6 0 5 0 4 0 6 0 6 0 0 0 1 0 0 0 6 0 4 1 0 0 0 0 3 1 0 0 5 1 0 0 1 0 4 0 4 0 1 0 0 0 5 0 1 0 6 0 3 0 1 0 5 0 5 0 2 0 1 0 3 0 6 0 4 0 2 0 5 0 6 0 5 0 6 0 0 0 6 0 5 0 4 0 2 0 4 0 0 0 5 0 5 0 6 0 6 0 3 0 6 0 3 0 1 0 6 0 5 0 4 0 4 0 1 0 2 0 5 0 1 0 1 0 6 0 6 0 5 0 1 0 2 0 4 0 4 0 6 0 6 0 5 0 0 0 2 0 6 0 1 0 2 0 5 0 6 0 6 0 5 1 0 0 6 0 3 0 2 0 1 0 5 0 1 0 5 0 2 0 1 0 5
1 193 2 0 4 1 0 0 0 0 0 0 6 0 4 0 2 0 6 0 5 0 1 0 2 0 1 0 5 0 2 1 0 0 1 0 0 0 0 0 3 1 0 0 3 0 1 0 1 0 3 0 1 0 2 0 4 0 4 1 0 0 4 0 3 0 3 0 5 0 2 1 0 0 6 0 1 0 6 0 3 0 6 0 4 0 5 0 2 0 5 0 4 0 1 0 6 0 0 0 2 0 3 0 4 0 6 0 6 0 0 0 5 1 0 0 4 0 5 0 4 0 2 0 1 0 3 0 5 0 2 0 3 0 3 0 5 0 6 0 3 0 3 0 5 0 1 0 2 0 6 0 6 0 3 0 1 0 5 0 4 0 3 0 5 0 3 0 6 0 6 0 5 0 0 0 4 1 0 0 5 0 3 0 2 0 4 0 2 0 5 0 3 0 3
0 193 5 0 1 1 0 0 0 0 1 0 5 0 1 0 6 0 5 0 3 0 3 0 4 0 3 0 2 0 6 0 6 0 1 0 0 0 0 1 0 1 0 0 6 0 2 0 2 0 6 0 2 0 5 0 1 0 3 0 0 0 1 0 0 0 0 0 3 1 0 0 0 0 4 0 4 0 5 0 0 0 6 0 2 0 3 0 6 0 3 0 1 0 4 0 4 0 1 0 4 1 0 0 2 0 6 0 5 0 2 0 4 0 0 0 1 0 4 0 1 0 5 0 2 1 0 0 3 0 5 1 0 0 0 0 4 0 6 0 0 0 0 0 3 0 3 0 5 0 5 0 5 1 0 0 4 0 3 0 2 0 0 0 4 0 0 0 6 0 6 0 3 0 2 0 2 0 0 0 2 1 0 0 6 0 0 0 6 0 3 0 0 0 0
0 195 1 0 2 0 4 0 5 1 0 0 3 0 2 0 4 0 5 0 4 0 0 0 0 0 1 1 0 0 6 0 5 0 5 0 3 0 0 0 1 1 0 1 0 0 4 0 5 0 5 0 4 0 6 0 2 0 3 0 6 0 0 0 2 0 0 0 0 1 0 1 0 0 1 0 1 0 2 0 3 0 2 0 4 0 5 1 0 0 5 1 0 0 4 0 1 0 1 0 4 0 1 1 0 0 5 0 5 0 3 0 6 0 0 0 1 0 3 0 0 0 4 0 2 0 6 0 6 0 6 0 3 1 0 0 1 0 1 0 5 0 1 0 0 1 0 0 0 0 4 0 4 0 5 0 0 0 0 1 0 0 5 0 1 0 0 0 2 0 5 0 5 1 0 0 5 0 4 0 0 0 5 1 0 0 4 0 2 0 4 1 0 0 1 0 0
0 195 2 0 5 0 1 0 4 1 0 0 6 0 5 0 1 0 4 0 1 0 1 0 0 0 3 1 0 0 5 0 4 0 3 1 0 0 1 0 3 1 0 1 0 0 1 0 4 0 4 0 2 0 5 0 5 1 0 0 5 0 1 0 4 0 0 0 1 1 0 0 6 0 1 0 2 0 4 0 6 0 5 0 1 0 5 0 0 0 4 0 0 0 0 0 3 0 3 0 0 0 4 1 0 0 3 0 4 0 0 0 5 0 1 0 2 0 6 0 1 0 0 0 6 0 5 0 6 0 6 0 0 1 0 0 2 0 3 0 2 0 3 0 1 0 6 0 0 0 1 0 2 0 3 0 1 0 1 1 0 0 2 0 3 0 0 0 5 0 3 0 5 0 0 0 3 0 1 0 2 0 4 0 0 0 0 0 6 0 1 1 0 0 2 0 0
0 195 5 0 2 0 4 0 2 0 0 0 5 0 3 0 4 0 0 0 3 0 2 0 1 0 0 0 0 0 3 0 2 0 0 1 0 0 3 0 0 0 0 0 6 0 2 0 1 0 1 0 6 0 3 0 5 0 0 0 2 0 4 0 0 0 1 0 3 1 0 0 4 0 3 0 5 0 1 0 6 0 3 0 4 0 2 0 2 0 0 0 1 0 0 0 6 0 6 0 1 0 1 1 0 1 0 0 1 0 2 0 2 0 3 0 5 0 4 0 3 0 1 0 5 0 4 0 6 0 5 0 2 0 6 0 3 0 6 0 4 0 6 0 3 0 4 0 1 0 2 0 4 0 6 0 2 0 3 0 6 0 3 0 6 0 1 0 3 0 0 0 3 0 1 0 6 0 2 0 5 0 0 0 1 0 1 0 4 0 4 0 6 0 3 0 0
0 197 1 0 2 0 6 0 0 0 5 0 1 0 3 0 0 0 1 0 1 0 6 0 4 0 2 0 0 0 0 0 6 0 4 0 1 0 6 0 5 0 0 0 1 0 4 0 5 0 2 0 3 0 5 0 0 0 3 0 1 0 5 0 0 0 1 0 3 0 0 0 0 0 1 0 0 0 3 0 4 0 5 0 0 0 1 0 5 0 4 0 0 0 2 0 1 0 5 0 5 0 3 0 3 1 0 0 6 0 1 0 4 0 4 1 0 0 4 0 1 1 0 0 4 0 3 0 2 0 6 0 3 0 6 0 5 0 0 0 6 0 2 0 6 0 0 0 1 0 3 0 5 0 1 0 5 0 5 1 0 0 6 0 0 0 5 0 3 0 6 0 0 0 6 0 3 0 4 0 6 0 2 0 1 0 2 0 3 0 1 0 2 0 5 1 0 0 1
0 197 2 0 5 0 4 0 2 0 2 0 3 0 6 0 0 0 2 0 3 0 5 0 1 0 5 0 0 0 1 0 5 0 1 0 4 0 5 0 3 0 1 0 3 0 1 0 3 0 5 1 0 0 3 0 1 0 6 0 3 0 2 0 1 0 2 0 6 0 0 0 0 0 2 0 0 1 0 0 2 0 3 0 1 0 3 0 3 0 1 0 1 0 4 0 3 0 3 0 4 0 0 0 1 0 0 0 4 0 4 0 1 0 3 0 0 0 0 0 4 1 0 0 0 1 0 0 6 0 5 0 0 0 6 0 3 0 2 0 4 0 6 0 4 0 1 0 2 1 0 0 3 0 4 0 3 0 5 0 0 0 4 0 2 0 3 0 0 0 5 0 2 0 5 0 0 0 2 0 5 0 5 0 2 0 4 0 6 0 2 0 5 0 3 1 0 0 2
1 197 5 0 3 0 1 0 5 0 4 1 0 0 5 0 1 0 4 1 0 0 3 0 4 0 2 0 1 0 3 0 2 0 4 0 1 0 3 1 0 0 3 0 6 0 2 1 0 0 4 1 0 0 6 0 3 0 4 1 0 0 5 0 2 0 5 0 4 0 1 0 0 0 4 0 1 0 6 0 3 0 6 0 2 0 6 0 6 0 2 0 3 0 1 0 0 0 0 0 1 0 1 0 2 0 1 0 1 0 1 0 3 0 6 0 0 0 1 0 1 1 0 0 1 1 0 0 5 0 3 0 2 0 4 1 0 0 6 0 1 0 6 0 1 0 3 0 5 0 6 0 6 0 1 0 0 0 3 0 2 0 0 0 5 0 6 0 1 0 2 0 6 0 2 0 1 0 5 0 3 0 3 0 6 0 1 0 5 0 6 0 3 0 0 1 0 0 4
0 199 1 0 2 1 0 0 4 0 3 0 3 0 0 0 2 0 4 0 1 1 0 1 0 0 1 0 5 0 2 0 6 0 5 0 0 0 3 1 0 1 0 1 0 0 5 1 0 0 0 0 2 0 0 0 5 0 0 0 3 0 0 0 2 0 6 0 3 0 1 0 3 0 1 0 0 0 4 0 5 0 0 0 5 0 6 0 5 0 5 0 5 0 6 0 2 0 0 0 0 0 2 0 2 0 4 0 2 0 2 0 2 1 0 0 5 0 1 0 2 0 3 0 6 0 2 1 0 0 2 1 0 0 6 0 2 0 0 0 4 0 4 0 4 0 3 1 0 0 4 0 6 0 5 0 3 0 0 0 6 0 4 0 1 0 3 0 5 0 3 0 5 0 4 0 5 0 3 0 3 0 0 0 0 0 5 0 4 0 3 0 5 1 0 0 2 1 0 0 1
0 199 2 0 5 1 0 0 0 1 0 1 0 0 1 0 5 0 0 0 4 1 0 0 6 0 2 0 2 0 6 0 5 0 3 0 2 0 0 0 0 1 0 1 0 0 3 1 0 0 0 0 4 0 1 0 2 0 1 0 6 0 0 0 5 0 4 1 0 0 3 0 6 0 2 0 1 0 1 0 3 0 2 0 3 0 6 0 4 0 4 0 4 0 5 0 5 0 0 0 0 0 4 0 5 0 0 0 5 0 4 0 5 1 0 0 2 0 3 0 4 1 0 0 5 0 6 0 6 0 4 1 0 0 4 0 5 0 1 0 1 0 2 0 2 0 1 0 0 0 1 0 6 0 3 1 0 0 2 0 5 0 1 0 3 1 0 0 4 0 0 0 4 0 2 0 3 1 0 1 0 0 1 0 1 0 3 0 2 0 0 0 4 1 0 0 5 0 6 0 1
1 199 5 0 3 1 0 0 1 1 0 0 6 0 2 0 2 0 2 0 2 0 0 0 4 0 5 0 5 0 5 0 3 1 0 0 5 0 0 0 1 1 0 0 6 0 6 0 6 0 0 0 0 0 3 0 4 0 3 0 4 0 2 0 3 0 2 1 0 1 0 0 5 0 5 0 2 0 2 0 6 0 4 1 0 0 6 0 2 0 2 0 2 0 4 0 3 0 1 0 1 0 1 0 3 0 2 0 3 0 2 0 4 1 0 0 4 1 0 0 3 0 0 0 3 0 6 0 6 0 3 0 0 0 1 0 3 0 3 0 2 0 4 0 4 0 2 0 0 0 3 0 5 0 0 1 0 0 5 0 2 0 4 0 0 0 0 0 0 0 2 0 0 0 6 0 0 0 0 0 6 0 1 0 2 0 6 0 4 0 1 0 2 0 0 0 3 0 5 0 3
0 201 1 0 3 0 0 1 0 0 3 1 0 0 4 0 5 0 4 0 4 0 4 0 1 0 1 0 4 0 4 0 4 0 1 0 0 0 2 0 1 0 3 1 0 0 5 0 6 0 5 0 1 0 0 1 0 0 2 0 0 0 1 0 5 0 6 0 5 1 0 1 0 0 3 0 3 0 5 0 5 0 5 0 3 0 0 0 4 0 5 0 4 0 5 0 0 1 0 0 3 0 2 0 2 0 6 0 4 0 6 0 5 0 2 0 0 0 1 1 0 0 6 0 0 1 0 0 6 0 5 1 0 0 1 0 2 0 6 0 6 0 5 0 1 0 1 0 5 0 0 1 0 0 3 0 2 1 0 0 2 0 6 0 0 0 1 0 0 0 0 0 4 0 1 0 4 0 1 0 1 0 4 0 3 0 5 0 5 0 1 0 3 0 4 0 0 1 0 0 4 0 0
0 201 2 0 6 0 1 1 0 0 0 0 0 0 1 0 4 0 2 0 2 0 1 0 3 0 3 0 1 0 2 0 1 0 3 0 0 0 4 0 3 0 0 0 0 0 3 0 6 0 3 0 3 0 1 0 6 0 3 0 0 0 3 0 3 0 6 0 5 0 0 0 6 0 5 1 0 0 4 0 4 0 3 1 0 0 2 0 1 0 4 0 2 0 3 0 2 0 6 0 5 0 4 0 5 0 5 0 2 0 6 0 3 0 5 0 0 0 3 1 0 0 4 0 2 1 0 0 5 0 4 1 0 0 2 0 5 0 5 0 6 0 3 0 3 0 3 0 2 0 2 0 6 0 5 0 5 0 6 0 4 0 4 0 1 0 2 0 0 0 1 0 0 0 4 0 0 0 3 0 3 0 1 0 0 0 4 0 3 0 3 1 0 0 1 0 2 1 0 0 0 0 1
0 201 5 0 4 0 4 0 5 1 0 0 0 0 3 0 0 0 5 0 4 0 2 0 6 0 6 0 2 0 4 0 2 0 6 0 1 0 0 1 0 0 1 0 0 1 0 0 5 1 0 1 0 0 4 0 4 1 0 0 1 1 0 0 0 0 6 0 3 0 2 0 5 0 5 0 0 0 1 0 2 0 0 1 0 0 4 0 3 0 0 0 5 0 6 0 5 0 5 0 4 0 2 0 4 0 3 0 6 0 5 0 0 0 3 0 2 0 0 0 0 0 0 1 0 0 0 0 3 0 2 1 0 0 5 0 3 0 4 0 5 1 0 1 0 1 0 0 5 0 5 0 5 0 4 0 4 0 6 0 2 0 1 0 3 0 4 0 0 0 2 0 1 0 0 0 1 0 6 0 6 0 2 0 1 0 1 0 0 0 0 1 0 0 2 0 5 0 5 1 0 0 2
1 203 1 0 3 0 2 0 2 0 4 1 0 0 0 0 6 0 1 0 3 0 1 0 6 0 5 0 5 0 6 0 0 0 6 0 4 0 3 0 1 0 6 0 1 0 1 1 0 0 4 0 0 1 0 0 1 0 2 1 0 0 3 0 6 0 0 0 4 1 0 0 6 0 3 0 3 0 1 0 2 0 4 0 1 1 0 0 0 1 0 0 2 0 3 0 6 0 4 0 4 0 1 0 6 0 1 0 0 0 6 0 3 0 1 0 6 0 4 0 0 0 0 0 1 0 5 1 0 0 6 0 5 1 0 0 3 0 0 0 2 0 5 0 0 1 0 1 0 0 3 0 4 0 4 0 2 0 2 0 5 0 5 0 2 1 0 0 1 0 1 0 4 0 2 0 0 0 3 0 5 0 5 0 5 0 2 0 2 0 0 0 1 0 6 0 4 0 3 0 4 1 0 0 4
0 203 2 0 6 0 4 0 5 0 1 1 0 0 1 0 4 0 3 0 6 0 3 0 5 0 4 0 4 0 5 0 2 0 5 0 1 1 0 0 4 0 4 0 3 0 3 1 0 0 0 0 2 0 6 0 1 0 5 0 6 0 6 0 4 0 2 0 2 0 0 0 4 1 0 1 0 0 3 0 5 0 0 0 4 0 6 0 0 0 6 0 3 1 0 0 6 0 2 0 1 0 4 0 4 0 3 0 1 0 4 1 0 0 4 0 5 0 1 0 1 0 0 0 3 0 4 0 0 0 5 0 4 1 0 0 6 0 0 0 5 0 2 0 2 1 0 0 6 0 6 0 1 0 1 0 5 0 5 0 3 0 3 0 6 0 6 0 1 0 3 0 0 0 5 0 0 1 0 0 4 0 4 0 3 0 5 0 4 0 0 0 3 0 5 0 2 0 0 0 3 0 0 0 1
0 203 5 0 5 0 2 0 3 0 4 0 6 0 2 0 1 0 0 0 6 0 0 0 4 0 2 0 2 0 3 0 6 0 2 0 4 1 0 0 1 0 2 0 0 0 0 1 0 0 0 0 5 0 4 0 4 0 3 0 6 0 6 0 1 0 5 0 4 0 1 0 2 0 0 0 6 0 6 0 2 0 2 0 1 0 5 0 2 0 5 0 1 0 0 0 4 0 5 0 3 0 1 0 1 1 0 0 4 0 2 0 0 0 1 0 3 0 3 0 2 0 0 1 0 0 1 0 2 0 3 0 3 0 0 0 4 0 2 0 2 0 5 0 5 1 0 0 5 0 5 0 3 0 3 0 3 0 4 0 0 0 0 0 6 0 5 0 3 0 6 0 1 0 2 0 2 1 0 0 1 0 2 0 0 0 4 0 1 0 1 1 0 0 3 0 5 0 0 0 6 0 0 0 2
1 205 1 0 3 0 3 0 5 1 0 0 2 0 5 0 5 0 2 0 1 0 4 0 2 0 0 0 5 0 4 1 0 0 5 0 6 0 1 1 0 0 2 0 4 0 0 0 1 0 6 0 0 0 3 0 2 0 2 0 0 0 6 0 5 0 4 0 3 0 1 0 3 0 4 0 1 0 5 0 5 0 5 0 4 0 3 0 2 0 6 0 2 0 3 0 1 0 1 0 3 1 0 0 3 0 3 1 0 0 0 0 5 0 0 0 2 0 6 0 6 0 4 0 1 0 6 0 1 0 4 0 6 0 6 0 1 0 0 0 5 0 5 0 3 0 5 0 0 0 3 0 4 0 0 0 0 0 0 0 1 0 1 0 1 0 5 0 4 0 0 0 5 0 3 0 4 0 5 0 6 0 1 0 4 0 1 0 0 0 3 0 3 0 6 0 6 0 2 0 2 0 4 0 1 0 4
0 205 2 1 0 0 0 0 4 1 0 0 5 0 3 0 3 0 5 0 3 0 0 0 5 0 1 0 3 0 3 0 0 0 3 0 5 0 4 0 6 0 4 0 0 0 1 0 3 0 4 0 1 0 6 0 4 0 4 0 1 0 5 0 4 0 1 1 0 0 3 1 0 0 1 0 4 0 3 0 4 0 4 0 1 1 0 0 6 0 4 0 5 0 6 0 2 0 2 1 0 1 0 1 0 0 0 1 0 0 1 0 2 0 1 0 5 0 5 0 6 0 1 0 4 0 4 0 4 0 1 0 6 0 5 0 3 0 1 0 3 0 4 0 0 0 3 0 1 1 0 0 1 0 1 0 0 0 0 0 2 0 2 0 3 0 3 0 1 0 2 0 3 0 0 0 2 0 4 0 5 0 4 0 0 0 3 0 0 1 0 0 0 0 6 0 5 0 5 0 5 0 0 0 4 0 1
0 205 5 0 6 0 0 0 2 0 0 0 3 0 0 0 0 0 3 1 0 0 2 0 2 0 3 0 6 0 6 0 0 1 0 0 4 0 2 0 6 0 1 0 1 0 2 1 0 0 1 0 4 0 5 0 2 0 1 0 4 0 3 0 1 0 4 0 6 0 6 0 6 0 2 0 1 0 0 0 2 0 1 0 4 1 0 0 5 0 2 0 4 0 5 0 5 0 5 1 0 1 0 0 6 0 0 0 6 0 1 0 4 0 3 0 3 0 4 0 5 0 4 0 1 0 2 0 1 0 4 0 5 0 3 1 0 0 3 1 0 0 1 0 1 0 6 0 3 0 6 0 1 0 2 0 0 0 0 0 4 0 4 0 6 0 6 0 2 0 4 0 6 0 0 0 5 0 1 0 4 0 1 0 1 0 6 0 1 0 6 0 0 0 5 0 4 0 4 0 3 0 2 0 0 0 3
1 207 1 0 3 0 5 0 1 0 4 0 0 0 6 0 0 0 0 1 0 1 0 0 4 0 4 1 0 0 6 0 5 0 2 1 0 0 0 0 6 0 4 0 3 0 2 0 5 0 6 0 2 0 1 0 3 0 5 0 3 0 0 1 0 0 4 0 1 0 6 0 6 0 5 0 5 0 2 0 0 0 4 0 3 0 2 0 0 0 2 0 6 0 1 0 4 0 4 0 5 0 0 1 0 0 4 0 2 0 4 0 4 0 1 0 0 0 0 0 2 0 4 0 1 0 3 0 4 0 3 0 1 0 4 0 0 1 0 1 0 1 0 0 2 0 3 0 5 0 0 0 5 0 3 0 4 0 0 0 1 0 1 0 2 0 6 0 5 0 6 0 1 0 5 0 2 0 2 0 4 0 0 0 3 0 3 0 4 0 4 0 4 0 2 0 3 0 2 0 1 1 0 0 5 0 0 1 0
1 207 2 1 0 0 3 0 4 0 0 0 2 0 4 0 1 0 1 1 0 1 0 0 1 0 3 0 0 0 5 0 3 0 6 0 6 0 0 0 5 0 1 1 0 0 6 0 3 0 5 0 5 0 2 1 0 0 3 1 0 0 2 1 0 0 0 0 4 0 5 0 6 0 4 0 3 0 5 0 1 0 0 1 0 0 5 0 0 0 5 0 4 0 4 0 1 0 2 0 3 0 2 1 0 0 0 0 6 0 1 0 1 0 3 0 0 0 0 0 5 0 0 0 3 1 0 0 1 1 0 0 4 0 0 0 2 1 0 1 0 0 6 0 3 1 0 0 3 0 2 0 3 0 0 0 1 0 1 0 2 0 2 0 5 0 5 0 4 0 5 0 4 0 2 0 5 0 5 0 0 0 1 1 0 0 0 0 2 0 2 0 1 0 5 0 6 0 4 0 3 1 0 0 2 0 2 0 5
1 207 5 0 6 0 6 0 0 0 1 0 5 0 0 0 3 0 3 1 0 0 6 0 1 0 6 0 1 0 3 0 0 0 6 0 5 0 2 0 2 0 4 1 0 0 5 0 0 0 4 0 3 0 6 0 6 0 6 0 6 0 4 0 6 0 0 0 1 0 4 0 6 0 2 0 0 0 3 0 3 0 1 1 0 0 2 0 2 0 3 0 2 0 1 0 3 0 4 0 6 0 5 0 6 0 0 0 4 0 3 0 2 0 6 0 0 0 1 0 2 0 1 1 0 1 0 0 3 1 0 0 0 0 1 0 5 1 0 1 0 0 5 0 0 1 0 0 6 0 4 0 6 0 0 0 2 0 2 0 4 0 5 0 3 0 4 0 2 0 4 0 1 0 6 0 3 0 3 0 1 0 3 0 5 1 0 0 4 0 4 0 3 0 3 0 6 0 2 0 0 1 0 0 4 0 5 0 3
0 209 1 0 3 0 6 0 5 0 1 0 3 0 2 0 1 1 0 0 1 0 0 0 4 0 4 0 4 0 3 0 6 0 1 0 5 0 3 0 5 0 5 0 2 0 0 0 2 0 2 0 1 0 0 0 6 0 6 0 6 0 6 0 2 0 5 0 1 0 3 0 1 0 5 0 5 0 0 0 6 0 6 0 3 0 6 0 3 0 4 0 6 0 4 0 2 1 0 0 2 0 6 0 4 0 5 0 2 0 0 1 0 0 6 0 4 0 1 0 2 0 4 0 3 1 0 0 6 0 6 0 5 1 0 0 3 0 4 0 0 1 0 0 2 0 2 1 0 0 5 0 2 0 5 0 1 0 4 0 5 0 1 0 4 0 0 0 1 0 6 0 0 0 4 0 4 1 0 1 0 0 3 1 0 0 5 0 0 0 1 0 2 0 0 0 0 0 5 0 5 0 1 1 0 0 1 0 4 0 0
0 209 2 1 0 0 6 0 3 0 3 0 6 0 4 0 3 0 6 0 1 0 1 0 1 0 2 0 2 0 0 0 5 0 4 0 3 0 0 0 4 0 3 0 5 0 0 0 4 0 4 0 2 0 1 0 5 0 6 0 6 0 5 0 6 0 2 0 3 0 6 0 3 0 3 0 3 0 2 0 5 0 6 0 0 0 6 0 0 0 2 0 6 0 1 0 6 0 6 0 4 0 5 0 2 0 3 0 5 0 1 1 0 0 5 0 1 0 3 0 5 0 1 0 1 0 0 0 5 0 6 0 4 1 0 1 0 0 1 0 2 0 6 0 3 0 5 1 0 0 2 0 6 0 2 0 4 0 1 0 3 0 4 0 0 0 1 0 3 0 4 0 2 0 1 0 3 0 0 1 0 0 0 0 0 0 2 0 1 0 2 0 4 0 0 0 1 0 3 0 3 0 4 0 6 0 2 0 0 0 1
0 209 5 1 0 0 5 0 0 0 0 0 6 0 2 0 0 0 5 0 3 0 2 0 2 0 4 0 4 0 1 0 3 0 1 1 0 0 2 0 1 0 0 0 3 0 2 0 1 0 1 0 5 0 3 0 3 0 6 0 6 0 4 0 5 0 5 1 0 0 5 1 0 1 0 1 0 0 6 0 3 0 5 0 2 0 4 0 1 0 5 0 4 0 4 0 5 0 6 0 2 0 3 0 5 1 0 0 3 0 4 1 0 0 2 0 3 1 0 0 3 0 3 0 2 0 1 0 3 0 6 0 3 0 0 0 6 0 1 0 5 0 5 0 0 0 4 1 0 0 5 0 4 0 6 0 0 0 3 1 0 0 1 0 1 0 2 1 0 0 1 0 5 0 2 0 6 0 1 0 5 1 0 0 0 0 4 0 2 0 5 0 0 0 1 0 2 1 0 0 0 0 2 0 5 0 5 0 0 0 2
1 211 1 0 4 0 0 0 2 0 1 0 1 0 4 0 5 0 1 0 2 1 0 0 5 0 5 0 1 0 1 0 3 0 6 0 3 0 6 0 3 0 2 0 0 0 6 0 4 0 2 0 3 0 3 0 0 0 0 0 6 0 6 0 2 0 4 0 5 0 0 0 4 0 0 1 0 1 0 0 5 0 0 0 3 0 6 0 0 0 4 0 3 0 2 0 2 0 4 0 5 0 5 1 0 0 4 1 0 1 0 0 2 1 0 0 4 1 0 1 0 0 6 0 6 0 4 0 2 1 0 0 5 1 0 0 2 0 4 0 4 0 3 0 3 0 2 0 2 0 0 0 3 0 2 0 5 0 1 1 0 1 0 0 2 0 2 0 5 0 6 0 2 0 2 0 6 0 4 0 4 0 3 1 0 0 1 0 0 0 6 0 2 0 1 0 2 0 5 0 5 1 0 0 5 0 3 0 3 0 1 0 4
0 211 3 0 0 0 1 0 4 0 2 0 3 0 1 0 3 0 3 0 5 1 0 0 3 0 3 0 3 0 2 1 0 0 6 0 0 0 5 1 0 0 5 0 1 0 5 0 1 0 5 0 6 0 6 0 0 0 1 0 5 0 5 0 6 0 1 0 3 0 2 0 0 0 2 1 0 1 0 0 2 0 1 1 0 0 5 0 2 0 0 1 0 0 5 0 5 0 1 0 4 0 5 0 0 0 2 0 0 0 6 0 4 1 0 0 2 0 0 1 0 0 5 0 6 0 1 1 0 0 0 0 3 1 0 0 5 0 1 0 1 1 0 1 0 0 5 0 4 0 0 0 6 0 5 0 2 0 4 1 0 0 6 0 3 0 5 0 3 0 5 0 5 0 5 0 5 0 2 0 2 0 0 1 0 0 2 0 1 0 4 0 5 0 2 0 5 0 3 0 5 0 0 0 2 1 0 1 0 0 4 0 1
0 211 6 0 0 0 3 0 0 0 5 0 6 0 2 1 0 0 0 0 4 1 0 0 6 0 6 0 6 0 5 1 0 0 4 0 2 0 4 0 0 0 2 0 4 0 2 0 4 0 3 0 6 0 5 0 1 0 3 0 3 0 4 0 5 0 3 0 6 0 4 0 0 0 5 1 0 0 6 0 3 0 3 1 0 0 2 0 5 0 1 1 0 0 3 0 3 0 4 0 1 0 3 0 1 0 4 0 1 0 5 0 2 1 0 0 4 0 1 1 0 0 3 0 5 0 4 0 6 0 0 0 0 0 0 0 2 0 3 0 3 1 0 1 0 0 3 0 1 0 2 0 5 0 3 0 6 0 2 0 0 0 5 0 0 0 4 0 0 0 4 0 4 0 4 0 3 0 5 0 4 0 1 0 6 0 3 0 3 0 1 0 3 0 6 0 3 0 0 0 3 0 1 0 5 1 0 1 0 0 0 0 3
1 213 1 0 4 0 1 0 6 0 1 0 3 0 5 0 6 0 6 0 0 0 2 0 0 0 5 0 6 0 6 0 5 0 0 0 0 0 6 0 0 0 1 0 5 0 0 0 6 0 1 0 0 0 6 0 3 0 3 1 0 0 0 0 2 0 4 0 0 0 6 0 1 0 2 0 4 0 0 0 5 0 0 0 0 1 0 0 5 0 2 0 4 0 6 0 5 1 0 0 1 0 3 0 6 0 3 0 0 0 4 0 2 1 0 0 0 0 0 0 4 0 6 0 6 0 3 0 2 0 5 0 1 0 0 0 0 0 4 1 0 0 1 0 0 0 6 0 5 0 2 0 5 0 3 0 0 0 5 0 5 0 1 0 2 0 2 0 0 0 2 0 1 0 2 0 2 0 0 0 4 0 1 0 4 0 4 1 0 1 0 0 3 1 0 0 5 1 0 0 1 0 6 0 3 0 4 0 0 0 5 1 0 1 0
1 213 3 0 0 0 4 0 4 0 3 1 0 0 4 0 6 0 5 0 1 0 4 0 1 0 3 0 6 0 6 0 3 0 1 0 1 0 4 0 1 0 3 0 2 0 2 0 4 0 3 0 1 0 5 0 0 0 0 1 0 0 0 0 5 0 0 0 2 0 4 0 3 0 5 0 0 0 2 0 2 0 1 0 1 1 0 0 2 0 6 0 1 0 6 0 4 1 0 0 2 1 0 0 5 1 0 0 2 0 0 0 6 0 5 1 0 0 1 0 1 0 6 0 5 1 0 0 6 0 2 0 3 0 0 0 1 0 1 1 0 0 2 0 1 0 5 0 3 0 6 0 2 1 0 0 2 0 3 0 3 0 3 0 4 0 4 0 0 0 4 0 2 0 4 0 4 0 1 0 0 0 4 0 1 0 3 0 0 1 0 0 0 0 0 0 3 1 0 0 3 0 5 0 0 0 1 0 2 0 4 0 0 0 5
0 213 6 0 1 0 1 0 2 0 1 0 0 0 1 0 6 0 3 0 4 0 0 0 3 1 0 0 6 0 5 1 0 0 3 0 3 0 0 0 3 0 6 0 4 0 5 0 0 1 0 0 4 0 2 0 1 0 1 0 6 0 0 0 2 0 1 0 5 0 1 0 0 0 3 0 1 0 4 0 4 0 2 0 3 0 6 0 4 0 4 0 4 0 5 0 2 1 0 0 5 1 0 0 3 1 0 0 4 0 1 0 5 0 4 1 0 0 2 0 3 0 5 0 5 0 0 0 4 0 5 0 6 0 0 0 2 0 3 0 6 0 3 0 3 0 3 0 0 0 5 0 6 0 6 0 3 1 0 0 0 0 0 0 2 0 1 0 2 0 0 0 6 0 1 0 1 0 3 0 1 0 0 0 3 0 6 0 1 0 5 1 0 0 0 1 0 1 0 1 0 0 3 0 1 0 2 0 5 0 0 0 2 0 3
1 215 1 0 4 0 3 0 2 0 4 0 2 0 0 0 3 0 5 0 0 0 1 0 2 0 0 0 0 0 5 0 4 1 0 0 6 0 6 0 0 1 0 0 6 0 2 0 3 0 2 1 0 0 0 0 5 0 2 0 3 0 4 0 1 0 4 0 3 0 2 0 3 0 0 0 6 0 3 0 1 0 1 0 5 1 0 0 6 0 2 0 2 0 2 0 3 1 0 0 0 0 4 0 0 0 0 0 0 0 0 0 4 0 3 0 2 1 0 0 4 1 0 0 4 0 3 0 2 0 1 0 4 0 5 0 1 0 4 1 0 0 5 1 0 1 0 1 0 0 2 0 3 0 6 0 6 0 0 1 0 0 0 0 0 0 4 0 2 0 4 0 1 0 4 0 3 0 2 0 6 0 2 0 0 1 0 0 5 0 4 0 3 1 0 0 1 1 0 1 0 0 6 0 5 0 2 0 5 0 2 0 1 0 4 1 0
1 215 3 0 0 1 0 0 6 0 0 0 5 0 0 1 0 0 3 0 1 0 2 0 4 0 0 0 1 0 3 0 3 0 0 0 5 0 5 0 2 1 0 0 4 0 5 0 6 0 5 0 6 0 0 0 2 0 5 1 0 0 1 0 4 0 0 1 0 0 5 0 6 0 1 0 4 1 0 0 3 0 3 0 4 0 0 0 4 0 5 0 4 0 4 1 0 1 0 0 1 0 0 0 1 0 0 0 0 0 1 0 0 1 0 1 0 0 0 0 2 0 0 0 0 1 0 0 5 0 3 0 1 0 3 0 4 0 2 0 0 0 4 0 0 1 0 0 6 0 3 1 0 0 6 0 5 0 2 0 5 1 0 0 1 0 0 0 6 0 0 0 4 0 0 1 0 0 6 0 4 0 5 0 1 1 0 0 3 0 2 0 0 1 0 0 3 1 0 1 0 0 5 0 3 0 6 0 2 0 5 0 3 0 1 1 0
1 215 6 0 1 1 0 0 4 0 2 0 2 0 2 0 6 0 5 0 2 0 5 0 0 0 1 0 2 0 6 0 6 0 1 0 3 0 3 1 0 0 0 0 1 0 4 0 6 0 4 0 5 0 1 0 5 0 3 1 0 0 3 0 0 0 2 1 0 0 3 0 5 0 4 0 1 1 0 1 0 0 0 0 1 0 2 0 1 0 4 0 2 0 3 0 0 0 6 0 1 0 0 0 2 0 0 0 0 0 2 0 1 1 0 0 5 1 0 0 4 0 0 0 1 1 0 0 2 1 0 0 3 1 0 0 1 0 5 0 1 0 0 0 2 1 0 0 5 0 1 0 0 0 5 0 3 0 6 0 3 1 0 0 2 0 1 0 4 0 2 0 0 0 2 1 0 0 5 0 2 0 3 0 4 0 6 0 5 0 4 0 1 1 0 0 0 0 0 1 0 0 3 0 0 0 5 0 6 0 2 1 0 0 4 0 5
1 217 1 0 4 0 4 1 0 0 0 0 5 0 4 0 5 0 5 0 3 0 6 0 2 0 1 0 2 0 5 0 5 0 5 0 3 1 0 0 0 1 0 0 0 0 3 0 1 0 6 0 2 0 3 0 4 0 3 0 0 1 0 0 6 0 0 0 5 0 6 0 6 0 3 0 1 0 4 1 0 0 5 1 0 0 2 0 4 0 3 0 0 0 5 0 6 0 1 0 4 0 3 0 0 0 4 0 0 0 0 0 4 0 3 1 0 0 4 0 0 0 0 0 1 0 3 0 6 0 4 0 6 0 6 0 6 0 2 0 2 0 3 0 0 0 5 1 0 0 2 0 3 0 1 0 3 0 0 0 6 0 0 1 0 0 4 0 3 0 0 0 5 0 0 0 5 1 0 0 2 0 5 1 0 0 2 0 6 0 4 0 1 0 4 0 5 1 0 0 1 0 6 0 5 0 1 0 3 0 5 1 0 0 0 0 1 0 4
0 217 3 0 1 0 2 1 0 0 1 0 3 0 2 0 4 0 4 0 0 0 5 0 5 0 2 0 5 0 3 0 4 0 4 0 0 1 0 0 1 0 5 1 0 0 6 0 3 0 4 0 5 1 0 0 1 1 0 0 2 1 0 0 4 0 2 0 3 0 6 0 5 1 0 0 4 0 2 0 0 0 3 1 0 0 5 0 0 1 0 0 2 0 3 0 5 0 4 0 0 1 0 0 2 0 0 0 1 0 1 0 1 0 1 0 0 0 0 0 1 0 0 0 2 1 0 0 6 0 2 0 6 0 6 0 5 0 5 0 4 0 6 0 1 0 3 1 0 0 4 0 6 0 2 0 6 0 1 0 4 0 2 1 0 0 0 1 0 0 2 0 2 0 2 0 3 1 0 0 5 0 3 1 0 0 5 0 5 0 1 0 4 0 1 0 4 1 0 0 3 0 5 0 3 0 3 1 0 0 4 1 0 0 0 0 3 0 1
0 217 6 0 2 0 5 0 6 0 1 0 6 0 5 0 1 0 1 0 2 0 3 0 3 0 6 0 3 0 0 0 2 0 1 0 2 0 6 0 2 0 4 0 0 0 5 0 0 0 2 0 4 1 0 0 3 0 6 0 4 1 0 0 0 0 5 1 0 0 6 0 5 0 0 0 0 0 5 0 1 0 0 0 0 0 2 0 2 0 6 0 3 1 0 0 4 0 1 0 2 0 6 0 3 0 0 0 2 0 2 0 2 0 2 0 0 0 0 0 2 0 0 0 5 1 0 0 4 0 6 0 5 0 6 0 4 0 4 0 2 0 5 0 4 0 0 0 0 0 1 0 5 0 6 0 4 0 4 0 0 0 6 0 6 0 0 0 6 0 3 0 4 0 5 0 0 0 0 0 3 0 1 0 0 0 3 0 3 0 4 0 0 0 4 0 1 1 0 1 0 0 4 0 0 0 1 0 0 0 1 1 0 0 0 0 6 0 2
1 219 1 0 4 0 6 0 3 0 5 0 4 0 5 0 3 0 3 0 2 0 4 1 0 0 0 0 5 1 0 0 1 0 4 0 2 0 5 0 4 0 6 0 0 0 2 0 2 0 1 0 5 0 1 1 0 1 0 0 6 0 2 1 0 0 1 0 4 0 0 0 5 0 3 0 1 0 1 0 2 0 3 0 0 0 0 0 4 0 5 0 5 0 1 0 0 0 0 0 3 0 5 0 4 1 0 0 1 0 4 0 4 0 4 0 4 0 0 0 0 0 4 0 1 0 4 0 0 0 1 0 6 0 4 0 6 0 2 0 1 0 6 0 3 0 1 0 1 0 0 0 3 0 3 0 6 0 2 0 1 0 2 0 5 0 5 0 2 0 5 0 0 0 2 0 3 0 1 0 0 0 6 0 2 0 0 1 0 0 0 0 1 0 2 0 0 0 4 1 0 1 0 0 0 0 1 0 2 0 0 0 3 0 6 0 0 0 4 0 5
1 219 3 0 1 0 6 0 0 0 4 0 2 0 3 1 0 1 0 0 6 0 1 1 0 0 1 0 3 1 0 0 3 0 0 0 6 0 3 0 2 0 5 0 1 0 4 0 4 0 3 0 2 0 4 1 0 1 0 0 4 0 6 0 6 0 2 0 0 0 2 0 2 1 0 0 3 0 2 0 4 0 6 0 0 0 1 0 1 0 4 0 3 0 3 0 0 0 0 1 0 0 4 0 2 1 0 0 3 0 1 0 2 0 2 0 1 0 1 0 1 0 0 0 4 0 0 0 1 0 3 0 5 0 2 0 5 0 5 0 3 0 4 1 0 0 3 0 2 0 0 1 0 0 0 0 5 0 5 0 2 0 5 0 3 0 3 0 6 0 2 0 1 0 4 0 6 0 2 0 1 0 4 0 5 0 1 0 5 1 0 0 2 0 4 0 1 0 2 0 0 0 5 1 0 0 2 0 4 0 0 1 0 0 5 0 2 0 1 0 4
0 219 6 0 3 0 4 0 2 0 0 0 6 0 0 0 0 1 0 0 4 0 4 0 6 0 1 1 0 1 0 0 6 0 1 0 4 1 0 0 6 0 2 0 4 0 1 0 1 1 0 0 6 0 2 0 0 1 0 0 1 0 6 0 5 0 5 0 0 0 4 0 5 0 6 0 5 0 5 0 1 0 5 0 1 0 2 0 3 0 0 1 0 1 0 0 1 0 1 1 0 0 0 0 6 0 6 0 5 0 2 0 4 0 4 0 2 0 2 0 2 0 1 0 0 0 1 0 2 1 0 0 3 0 6 0 3 0 4 0 0 0 2 1 0 0 6 0 4 0 1 0 6 0 0 0 3 0 3 0 6 0 3 0 0 0 0 0 5 0 5 0 3 0 1 0 5 0 5 0 3 0 1 0 3 0 4 0 3 1 0 0 5 0 0 0 3 0 4 0 1 0 3 1 0 0 5 0 0 0 2 1 0 0 2 0 5 0 3 0 1
0 221 1 0 5 0 0 0 1 0 5 0 1 0 4 0 1 0 1 1 0 0 1 0 2 0 5 0 4 1 0 1 0 0 4 0 4 0 2 0 0 0 4 0 6 0 0 0 3 0 3 1 0 0 4 0 5 0 1 0 6 0 2 0 5 0 4 0 3 0 2 0 1 0 4 0 6 0 4 0 3 0 4 0 2 0 3 0 4 0 6 0 1 1 0 0 6 0 1 0 3 0 6 0 0 0 5 0 6 0 3 0 6 0 1 0 1 0 5 0 4 0 4 0 2 0 0 0 2 0 5 0 6 0 6 0 5 0 0 0 1 0 1 0 5 1 0 0 5 0 1 0 4 0 4 0 1 1 0 0 0 0 5 1 0 0 1 0 1 0 3 0 3 1 0 0 4 0 3 0 3 1 0 0 3 1 0 0 2 0 1 0 0 0 2 0 1 1 0 0 1 0 4 0 0 0 0 0 2 0 1 0 5 0 6 0 4 0 2 1 0 0 3
1 221 3 0 2 0 1 0 3 0 2 0 4 0 0 0 3 0 3 0 6 0 1 0 5 0 3 0 3 0 0 1 0 0 1 0 1 0 5 0 1 0 1 0 5 0 1 1 0 0 1 0 0 0 1 0 3 0 4 0 4 0 6 0 3 0 1 1 0 0 5 0 3 0 1 0 6 0 2 0 0 0 1 0 5 1 0 0 2 0 5 0 4 1 0 0 4 0 3 1 0 0 5 0 2 0 3 0 6 0 0 0 5 0 3 0 3 0 3 0 2 0 1 0 5 0 0 0 5 0 3 0 6 0 6 0 3 0 1 0 2 0 3 0 4 0 0 0 2 0 4 0 1 0 1 0 4 0 6 0 0 0 3 1 0 0 2 0 2 1 0 0 1 0 0 0 1 0 0 0 0 1 0 1 0 1 0 0 4 0 2 0 0 0 4 0 3 0 6 0 2 0 0 0 1 0 0 0 4 0 3 0 3 0 6 0 1 0 6 0 6 0 5
1 221 6 0 4 0 2 0 6 0 5 0 0 0 1 1 0 0 0 0 5 0 4 0 2 1 0 1 0 0 2 0 6 0 1 0 3 0 2 0 3 0 3 0 2 0 4 0 6 0 1 0 0 0 2 1 0 0 2 0 2 0 5 1 0 0 4 1 0 0 2 1 0 0 4 0 4 0 5 0 0 0 3 0 3 1 0 0 5 0 3 0 3 0 0 0 1 0 1 0 0 0 2 0 5 1 0 0 5 0 2 0 2 1 0 1 0 1 0 0 5 0 3 0 2 0 2 0 3 0 0 0 6 0 5 1 0 0 3 0 4 1 0 0 1 0 1 0 5 0 0 0 3 0 3 0 1 0 5 0 1 1 0 1 0 0 4 0 5 0 6 0 1 0 0 0 2 0 0 0 1 1 0 1 0 1 0 0 0 0 5 0 1 0 1 0 0 0 5 0 5 0 0 0 2 0 1 0 1 0 0 0 0 0 5 0 4 0 5 0 6 0 4
0 223 1 0 5 0 1 0 6 0 5 0 3 0 1 0 3 0 6 0 0 0 3 0 1 1 0 0 0 0 6 0 4 0 4 0 3 0 6 0 4 0 6 0 6 0 5 0 1 0 5 0 3 0 0 0 5 0 6 0 3 0 5 0 4 0 0 0 1 1 0 0 5 1 0 0 1 0 2 0 3 0 1 1 0 0 1 0 0 0 2 1 0 1 0 0 1 0 2 0 2 0 0 0 5 0 4 0 0 0 2 0 5 0 5 1 0 1 0 1 0 0 2 1 0 0 5 0 4 0 6 0 1 0 5 0 4 1 0 1 0 0 2 1 0 0 2 0 3 0 2 0 1 0 6 0 6 0 3 0 2 0 4 1 0 1 0 0 1 0 4 0 5 0 3 0 0 0 4 0 0 0 3 1 0 1 0 0 6 0 0 0 2 0 3 0 2 0 1 0 3 0 3 0 1 0 4 0 2 0 2 0 0 0 1 0 3 0 2 0 4 0 6 0 2
1 223 3 0 2 0 4 0 5 0 3 1 0 0 3 1 0 0 5 0 1 0 6 0 3 0 6 0 0 0 5 0 2 0 2 0 0 0 6 0 2 0 6 0 6 0 3 0 4 0 2 1 0 0 2 0 3 0 6 0 0 0 4 0 1 0 1 0 3 1 0 0 3 1 0 0 2 0 4 0 6 0 3 0 6 0 1 0 0 0 5 1 0 0 6 0 1 0 4 0 4 0 1 0 3 0 1 0 1 0 5 0 3 0 5 0 0 1 0 0 6 0 4 1 0 0 3 0 2 0 5 0 4 0 3 0 3 0 0 0 6 0 4 0 6 0 3 0 6 0 4 0 3 0 5 0 5 1 0 0 6 0 2 0 0 0 6 0 2 0 1 0 3 1 0 0 2 0 0 0 2 0 0 0 0 1 0 0 4 0 1 0 4 0 6 0 4 0 2 0 6 0 6 0 3 0 0 0 5 0 4 0 0 0 2 0 6 0 5 0 1 0 5 0 5
1 223 6 0 5 0 1 0 4 0 1 0 0 0 0 0 0 0 2 0 4 0 5 0 0 0 5 0 2 0 2 0 5 0 4 0 1 0 4 0 6 0 5 0 6 0 0 0 1 0 6 0 6 0 3 1 0 0 5 0 2 0 0 0 3 0 2 1 0 1 0 1 0 1 0 0 5 0 1 0 6 0 0 0 5 0 3 0 1 0 4 0 0 0 4 0 4 0 1 0 1 0 3 0 6 0 2 0 3 0 3 0 0 0 3 0 2 1 0 0 5 0 2 1 0 0 6 0 5 0 3 0 1 1 0 1 0 0 2 0 5 0 2 0 6 0 0 0 6 0 2 0 0 0 4 0 5 0 0 0 4 0 5 0 1 0 4 0 5 0 2 1 0 1 0 0 4 0 0 0 4 0 0 0 1 1 0 0 0 0 4 0 1 0 6 0 1 0 6 0 5 0 5 1 0 0 2 0 3 0 1 0 1 0 5 0 5 0 3 0 4 0 3 0 4
0 225 1 0 5 0 3 0 4 0 0 0 3 0 0 0 0 0 0 0 5 0 1 0 3 0 2 0 2 0 5 0 5 0 3 0 1 0 4 0 1 0 6 0 4 0 5 0 1 0 3 0 5 0 6 0 1 0 0 0 2 0 5 0 0 0 6 0 5 1 0 1 0 1 0 1 0 0 2 0 4 0 4 0 2 0 2 1 0 0 4 0 0 0 2 0 1 0 1 0 3 0 2 1 0 0 5 0 5 0 6 0 6 0 0 0 6 0 5 1 0 0 2 1 0 0 0 0 5 0 3 1 0 0 4 1 0 0 6 0 4 0 2 0 6 0 4 0 2 0 4 0 5 0 1 0 1 0 3 0 2 0 1 0 3 0 4 0 1 0 3 1 0 0 0 1 0 0 0 0 2 0 0 0 1 0 3 0 6 0 0 0 0 0 4 0 4 0 4 0 5 0 4 0 4 1 0 0 4 0 6 0 2 0 3 0 3 0 4 0 0 0 2 0 0 0 2
1 225 3 0 3 0 0 0 1 0 1 0 6 0 0 0 0 0 1 0 2 0 3 0 6 0 4 0 5 0 3 0 3 1 0 0 4 0 0 0 4 0 5 0 2 0 3 0 3 1 0 0 4 0 5 0 3 0 0 0 5 0 2 0 2 0 5 0 5 0 0 1 0 1 0 0 6 0 4 0 1 0 1 0 5 0 5 1 0 0 0 0 1 0 4 0 2 0 2 0 6 0 5 1 0 0 3 0 4 0 6 0 5 0 2 0 5 0 4 1 0 0 5 0 6 0 0 0 3 0 1 0 0 0 2 0 0 0 5 0 1 0 6 0 5 0 1 0 6 0 1 0 3 0 3 0 2 0 6 0 4 0 2 1 0 0 1 0 3 1 0 1 0 0 1 0 5 1 0 0 4 0 0 0 2 1 0 0 5 0 1 0 1 0 1 0 2 0 2 0 4 0 2 0 3 0 0 0 1 0 5 0 5 1 0 0 0 0 1 0 1 0 4 0 0 0 4
0 225 6 0 6 0 0 0 2 0 3 0 4 0 1 0 0 0 2 0 4 1 0 0 6 0 2 0 4 0 0 0 1 0 0 0 0 0 2 0 1 0 3 0 5 1 0 0 1 0 0 0 1 0 3 1 0 0 2 0 2 0 5 0 5 0 3 0 3 0 2 1 0 1 0 0 5 0 1 0 3 0 3 0 3 0 4 1 0 0 0 0 3 0 0 0 5 0 5 0 5 0 4 1 0 1 0 0 2 0 6 0 3 0 6 0 3 0 3 0 0 0 3 0 5 0 1 0 6 0 2 0 0 0 4 0 1 0 2 0 4 0 5 0 3 0 4 0 4 0 3 0 6 0 6 0 5 0 5 0 1 0 6 0 6 0 2 0 0 0 0 0 6 0 2 0 4 0 0 0 0 0 1 0 5 1 0 0 2 0 3 0 2 0 2 0 4 0 5 0 0 0 5 0 6 0 0 0 3 0 3 0 4 1 0 0 0 0 2 0 3 0 0 0 2 0 1
0 227 1 0 5 0 5 0 1 0 4 1 0 0 1 0 3 0 0 0 5 0 2 0 0 0 4 0 6 0 0 0 1 0 2 0 0 0 0 0 4 0 2 1 0 0 4 1 0 0 2 0 0 0 2 1 0 1 0 0 4 0 5 0 3 0 3 1 0 1 0 1 0 0 0 1 0 0 2 0 3 1 0 0 0 0 0 0 2 1 0 0 0 0 6 0 1 0 3 0 4 0 4 0 3 0 0 0 6 0 4 0 5 0 0 0 5 1 0 1 0 0 1 1 0 0 3 0 4 0 4 0 5 0 1 0 0 0 3 0 5 0 1 0 4 0 0 0 2 0 2 0 0 0 6 0 6 0 4 0 3 0 4 0 5 0 5 0 5 0 0 0 1 0 4 0 6 0 0 0 1 0 0 0 3 0 3 1 0 0 4 0 6 0 4 0 5 0 1 0 3 0 2 0 3 0 5 0 1 1 0 0 0 0 2 1 0 0 0 0 4 0 6 0 0 0 4 0 2
1 227 3 0 3 0 3 0 4 0 1 1 0 0 2 0 6 0 1 0 2 0 5 0 1 0 1 0 5 0 1 0 2 0 4 0 0 0 1 0 0 1 0 0 0 0 1 1 0 0 4 0 0 0 5 1 0 1 0 0 1 0 4 0 0 0 1 0 0 1 0 0 6 0 0 0 6 0 3 1 0 1 0 0 0 0 0 0 5 0 6 0 0 0 4 0 3 1 0 0 2 0 1 1 0 0 2 0 5 0 2 0 3 0 2 0 4 0 0 0 6 0 2 0 6 0 6 0 1 0 2 0 3 0 3 0 0 1 0 0 3 0 4 0 0 0 1 0 4 0 4 0 1 0 5 0 6 0 2 0 0 0 2 0 4 0 4 0 3 0 1 0 3 0 1 0 5 0 1 0 2 0 0 1 0 0 1 0 0 0 1 0 6 0 2 0 3 0 3 0 6 0 4 1 0 0 3 0 4 0 5 1 0 0 5 0 6 0 0 0 1 0 5 0 2 0 0 0 5
0 228 1 0 0 0 0 0 0 1 0 4 0 6 0 4 0 4 0 3 0 5 0 2 0 3 0 3 0 2 0 3 0 5 0 0 0 1 0 2 0 1 0 5 1 0 0 3 1 0 0 0 0 2 0 4 0 0 0 6 0 2 0 0 0 1 0 2 0 1 1 0 0 4 0 2 0 5 0 1 0 0 0 5 1 0 0 1 0 3 0 5 0 2 0 1 0 0 1 0 0 4 0 3 0 6 0 4 0 2 0 5 0 6 0 5 0 0 0 2 0 4 0 6 0 5 0 5 0 3 0 4 0 6 0 6 0 1 0 6 0 6 0 0 0 1 0 3 0 1 0 1 0 4 0 3 0 5 0 5 0 0 0 5 0 1 0 1 1 0 0 3 0 6 0 3 0 2 0 3 0 4 0 1 0 6 0 1 0 0 0 3 0 4 0 5 1 0 0 0 0 6 0 2 1 0 1 0 0 2 0 5 0 0 0 3 0 5 0 1 0 3 0 2 0 5 0 1 0 3
1 229 1 0 5 1 0 0 0 0 3 0 1 0 6 0 2 0 2 0 0 0 3 0 5 0 6 0 6 0 4 1 0 0 3 0 1 0 2 0 4 0 3 0 3 1 0 1 0 1 0 0 0 0 5 0 0 0 2 0 4 0 5 0 0 0 2 0 4 0 3 1 0 0 0 0 6 0 2 0 3 0 1 0 3 1 0 0 2 1 0 0 3 0 5 0 2 0 1 1 0 0 1 0 0 0 6 0 1 0 6 0 3 0 6 0 3 0 1 0 5 0 1 0 6 0 4 0 4 0 0 0 2 0 6 0 5 0 4 0 5 0 5 0 1 0 2 0 6 0 2 0 3 0 1 0 0 0 4 0 3 0 2 0 2 0 3 0 3 0 6 0 6 0 4 1 0 0 5 1 0 0 1 0 4 0 4 0 3 0 0 1 0 0 2 0 4 1 0 0 1 0 4 1 0 0 0 0 6 0 4 0 2 0 1 1 0 0 3 0 3 0 6 0 5 0 2 0 3 1 0
1 229 3 0 3 1 0 0 0 0 6 0 3 0 4 0 5 0 4 0 0 1 0 0 4 0 6 0 6 0 2 1 0 0 6 0 2 0 5 0 1 0 0 0 1 0 0 1 0 0 6 0 0 0 2 0 1 0 5 0 1 0 3 0 1 0 5 0 1 0 0 1 0 0 1 0 4 0 5 0 6 0 2 1 0 1 0 0 5 0 6 0 6 0 2 0 5 0 3 0 6 0 1 0 1 0 4 0 4 0 5 0 0 0 5 1 0 0 4 0 2 0 4 0 5 0 2 0 1 0 1 0 5 0 5 0 4 0 2 0 4 0 3 0 3 0 5 0 4 0 5 0 6 0 2 0 1 0 0 1 0 0 5 0 4 1 0 0 0 0 6 0 6 0 3 0 0 0 3 1 0 0 3 0 1 0 1 1 0 0 2 0 6 0 4 0 1 1 0 0 3 0 1 1 0 0 1 0 5 0 1 0 5 0 3 0 6 0 5 1 0 0 6 0 3 0 5 1 0 1 0
1 230 1 0 0 0 1 0 0 1 0 5 0 0 0 2 0 4 0 1 0 2 1 0 0 1 0 6 0 5 1 0 0 0 0 4 0 6 0 2 0 3 0 0 0 2 0 1 1 0 0 4 0 1 0 4 0 3 0 2 0 3 0 6 0 3 0 2 0 3 0 1 0 6 0 2 0 1 0 4 0 5 1 0 0 0 1 0 0 3 0 6 0 5 0 6 0 3 0 0 0 5 0 3 0 3 0 1 0 2 0 3 0 2 0 4 0 0 0 0 0 6 0 1 0 3 0 5 0 2 0 3 0 3 0 4 0 1 0 6 0 1 0 0 0 0 0 4 0 2 0 4 0 5 0 5 0 2 0 1 1 0 0 3 0 2 1 0 0 1 0 5 0 5 1 0 0 1 1 0 1 0 0 6 0 2 0 3 0 6 0 4 0 5 0 1 0 4 0 6 0 5 0 3 0 6 0 2 0 2 0 4 0 3 0 0 0 6 0 5 0 0 0 5 0 0 0 5 0 0 0 5
0 231 1 0 6 0 0 0 6 0 2 0 2 0 1 0 5 0 0 0 3 0 5 0 6 0 2 0 5 0 4 1 0 0 1 0 1 0 5 0 5 0 6 0 0 0 4 0 3 1 0 0 0 0 4 0 0 1 0 0 5 1 0 0 5 1 0 0 5 0 6 0 3 0 4 0 5 0 3 0 1 0 4 1 0 0 1 0 6 0 6 0 5 0 4 0 5 1 0 0 2 0 2 1 0 1 0 0 3 0 4 0 6 0 5 0 0 0 1 0 1 0 4 0 3 1 0 0 3 0 5 1 0 0 0 0 1 0 4 0 4 0 3 0 0 0 1 0 0 0 6 0 1 0 4 0 3 0 5 0 3 0 6 0 5 0 5 0 6 0 2 0 3 0 4 1 0 0 3 1 0 1 0 0 4 0 5 1 0 0 6 0 2 0 3 0 4 0 1 0 6 0 4 0 0 0 5 0 5 0 5 0 0 1 0 0 2 0 5 0 3 0 2 0 2 0 2 0 2 0 2 0 3
1 231 3 0 4 0 2 0 4 0 5 0 4 0 3 0 2 0 1 1 0 0 4 0 5 0 6 0 3 0 2 1 0 0 2 0 3 0 3 0 4 0 5 0 2 0 1 0 0 1 0 0 1 0 0 0 2 1 0 0 4 0 0 0 4 0 0 0 3 0 6 0 0 0 2 0 3 1 0 0 4 0 1 1 0 0 3 0 5 0 6 0 4 0 2 0 4 1 0 0 4 0 5 1 0 0 6 0 6 0 1 0 6 0 3 0 1 0 2 0 3 0 1 0 0 1 0 1 0 0 4 1 0 0 0 0 3 0 1 0 1 1 0 0 1 0 2 0 1 0 4 0 4 0 1 0 0 0 4 0 0 0 6 0 4 0 4 0 5 0 5 1 0 0 3 0 0 0 0 0 0 1 0 0 1 0 5 0 0 0 4 0 5 1 0 0 1 0 4 0 5 0 1 0 2 0 3 0 4 0 3 0 2 0 6 0 4 0 2 1 0 0 5 0 4 0 4 0 4 0 4 1 0
1 232 1 0 0 1 0 6 0 1 0 4 0 1 1 0 0 5 0 3 1 0 0 1 0 4 0 5 1 0 0 6 0 6 0 3 1 0 0 0 0 2 0 3 0 5 0 2 0 1 0 6 0 1 0 0 0 5 1 0 0 0 0 2 0 0 0 1 1 0 0 5 0 1 0 5 0 0 0 0 0 0 0 4 0 6 0 6 0 3 0 6 0 1 0 6 0 2 0 0 0 1 0 5 0 0 0 5 0 5 0 4 0 4 1 0 0 3 0 4 0 6 0 2 0 1 1 0 1 0 0 1 1 0 0 0 0 6 0 2 0 3 0 6 0 1 0 4 0 3 0 1 0 1 0 3 0 1 0 0 0 2 0 5 0 2 0 2 0 4 0 4 1 0 0 6 0 0 0 0 0 1 0 6 0 2 0 2 0 2 0 1 0 4 1 0 0 3 0 1 0 3 0 3 0 4 1 0 0 1 1 0 0 6 0 5 0 1 1 0 0 0 0 3 0 2 0 2 0 2 0 2 1 0
1 233 1 0 6 0 2 0 4 0 4 0 0 0 4 1 0 0 3 0 0 1 0 0 3 0 1 0 5 0 0 0 5 0 6 0 0 1 0 0 0 0 4 1 0 0 3 0 5 0 3 0 4 0 3 0 1 0 3 1 0 0 0 0 4 0 0 0 3 1 0 0 2 0 4 0 2 0 1 0 0 0 1 0 1 0 6 0 6 0 0 0 5 0 4 0 4 0 5 0 0 0 3 0 2 0 2 0 3 0 4 0 2 0 2 1 0 1 0 0 2 0 5 0 5 0 3 1 0 0 6 0 2 0 6 0 0 0 4 0 5 1 0 0 5 0 4 0 0 1 0 0 3 0 2 0 6 0 2 0 0 0 5 0 2 0 5 0 5 0 1 0 3 0 0 0 4 0 1 0 0 0 3 0 4 0 5 0 4 0 4 0 3 0 1 1 0 0 6 0 2 1 0 0 0 0 2 1 0 0 3 1 0 0 5 0 3 0 4 0 5 1 0 0 6 0 4 0 4 0 4 0 5 0 5
1 233 3 0 4 0 6 0 1 0 1 0 2 0 1 1 0 0 6 0 1 0 6 0 5 0 3 0 2 0 2 0 3 0 5 0 2 0 6 0 0 0 1 1 0 1 0 0 4 0 0 0 1 1 0 0 3 1 0 1 0 0 1 0 0 0 1 1 0 1 0 0 5 0 0 0 5 0 2 0 0 0 2 0 3 0 5 0 5 0 2 0 3 0 2 0 2 0 3 0 1 0 6 0 4 0 4 1 0 0 1 0 5 0 5 1 0 0 6 0 4 0 3 0 4 0 1 0 0 0 4 0 6 0 4 0 2 0 1 0 5 0 0 0 3 0 1 0 2 0 6 0 5 0 5 0 4 0 5 0 1 0 2 0 6 0 3 0 3 0 3 0 6 0 1 0 0 0 3 0 0 1 0 0 2 0 4 0 2 0 1 1 0 0 4 1 0 0 4 0 6 0 5 1 0 0 5 1 0 0 0 0 0 0 3 0 0 0 2 0 5 0 0 0 5 0 2 0 2 0 2 0 4 0 4
0 234 1 0 0 2 0 5 0 3 0 2 0 4 0 3 1 0 0 4 0 4 0 5 0 3 1 0 0 5 0 4 1 0 0 3 0 6 0 4 0 1 0 3 1 0 1 0 0 0 0 1 0 3 1 0 0 0 0 0 0 6 0 1 0 0 0 3 1 0 1 0 0 2 0 2 0 2 0 5 0 0 0 4 1 0 0 4 0 3 0 5 0 6 0 4 0 4 0 6 0 3 0 5 0 2 0 2 1 0 0 3 0 3 0 5 0 0 0 5 0 2 0 0 0 1 0 3 0 1 0 1 0 6 0 1 0 5 0 3 0 2 0 1 0 6 0 2 0 5 0 5 0 4 0 4 0 2 0 3 0 3 0 5 0 5 0 0 0 0 0 0 0 5 0 3 0 0 0 6 0 1 0 6 0 4 0 0 0 5 0 3 1 0 0 2 0 0 0 1 0 6 0 5 0 0 0 3 1 0 0 0 0 0 0 6 0 0 0 5 0 2 0 2 0 2 0 5 0 4 0 5 0 1 0 2
1 235 1 0 6 0 4 0 2 1 0 0 6 0 1 0 1 0 0 0 1 0 2 0 4 0 1 0 0 0 3 0 2 1 0 1 0 0 6 0 1 0 4 0 0 0 0 0 5 1 0 0 2 1 0 1 0 0 0 0 1 0 4 0 3 0 1 0 0 0 0 0 6 0 3 0 4 0 5 0 2 0 2 0 2 0 0 0 1 0 0 0 4 0 6 0 2 0 2 0 6 0 0 0 3 0 5 0 5 0 6 0 5 1 0 0 3 0 2 0 2 0 5 0 0 0 2 0 6 0 2 0 3 0 4 0 4 0 2 1 0 0 5 0 3 0 4 0 6 0 3 0 4 0 2 0 1 0 5 1 0 0 0 0 4 0 3 0 1 0 0 0 1 0 2 1 0 0 2 0 4 0 4 0 5 0 1 0 2 0 3 0 0 1 0 0 4 0 0 0 3 0 5 0 3 0 1 1 0 1 0 0 0 0 1 0 4 0 2 0 2 0 5 0 4 0 5 0 3 0 2 0 3 0 3 0 4
0 235 3 0 5 0 1 1 0 0 0 0 4 0 3 0 2 0 0 0 2 0 5 0 0 0 3 0 0 0 6 0 5 1 0 1 0 0 4 0 4 0 0 0 1 0 1 0 3 1 0 0 5 1 0 0 5 1 0 0 3 0 0 1 0 0 3 0 0 0 1 0 5 0 0 0 2 0 3 0 5 0 4 0 4 0 0 0 2 0 1 0 1 0 5 0 5 0 5 0 4 0 1 1 0 0 4 0 4 0 6 0 4 1 0 0 6 0 4 0 5 0 2 0 1 0 5 0 4 0 5 1 0 0 2 0 1 1 0 0 0 0 3 0 0 0 2 0 6 0 0 0 1 0 5 0 3 0 3 1 0 0 1 0 0 1 0 0 3 0 0 0 2 0 5 0 6 0 4 0 1 0 2 0 3 0 3 0 4 0 6 0 1 1 0 0 0 0 1 1 0 0 3 1 0 0 4 1 0 0 5 1 0 0 3 0 0 0 5 0 5 0 3 0 2 0 3 1 0 0 5 1 0 0 0 0 2
1 236 1 0 0 3 0 4 0 6 0 0 0 0 1 0 0 5 0 0 0 5 0 2 0 1 0 6 0 1 0 5 0 5 0 0 1 0 0 1 0 1 0 1 0 2 0 3 0 0 0 0 0 4 0 0 0 3 1 0 0 6 0 1 0 6 0 5 0 0 0 3 0 2 0 1 0 4 1 0 0 4 0 2 0 1 0 1 0 4 0 2 0 3 0 3 0 4 0 4 0 1 0 4 1 0 0 1 0 2 0 6 0 3 0 0 0 5 0 2 0 3 0 5 0 3 0 3 0 2 0 4 1 0 0 4 0 3 0 5 1 0 0 6 0 0 0 5 0 4 0 1 0 3 0 3 0 0 0 0 1 0 0 2 0 1 0 6 0 5 0 0 0 5 0 3 0 6 0 1 0 3 0 4 1 0 0 0 0 2 0 5 0 4 0 5 1 0 0 3 1 0 0 0 0 0 0 2 0 0 0 3 1 0 0 6 0 1 0 3 0 3 1 0 0 6 0 0 0 0 0 3 1 0 0 0 0 4
0 237 1 0 6 0 6 0 1 0 5 0 1 0 1 1 0 0 2 0 2 0 2 0 5 0 3 0 4 0 4 0 3 0 3 0 2 0 6 0 1 0 2 0 2 0 4 0 6 0 0 0 1 0 0 0 2 0 0 0 0 0 4 0 4 0 5 0 3 0 1 0 6 0 4 0 3 0 2 0 0 0 0 0 5 0 2 0 3 0 0 0 5 1 0 0 0 0 2 0 1 0 4 0 1 1 0 0 2 0 5 0 4 1 0 0 2 0 2 0 5 1 0 0 3 1 0 1 0 0 6 0 2 0 0 0 1 0 0 0 5 0 0 0 4 0 2 0 3 0 1 0 3 0 6 0 6 0 0 0 1 0 6 0 3 0 3 0 5 0 3 0 2 0 3 0 0 0 5 0 3 1 0 0 2 1 0 0 0 0 5 0 3 0 2 0 4 1 0 1 0 1 0 0 0 0 0 0 4 0 1 0 0 0 0 0 4 0 3 1 0 0 1 0 0 0 4 0 1 0 0 1 0 1 0 0 1 0 1
0 237 3 0 5 0 5 0 4 0 2 0 3 0 3 0 6 0 3 0 4 0 5 0 3 0 0 0 2 0 1 1 0 1 0 0 6 0 4 0 3 0 4 0 5 0 1 0 5 0 1 0 2 0 0 0 4 0 0 0 1 0 1 0 2 0 3 1 0 0 4 0 5 0 1 1 0 0 5 0 0 0 1 0 2 0 5 0 6 0 1 0 3 1 0 0 0 0 4 0 3 0 0 0 4 0 6 0 4 0 3 0 2 1 0 0 4 0 5 0 4 0 0 0 0 0 0 1 0 0 4 0 5 0 0 0 2 0 1 0 2 0 2 0 0 0 5 0 6 0 2 1 0 0 6 0 5 0 1 0 3 0 5 0 0 0 0 0 3 1 0 0 5 0 6 0 1 0 3 0 0 1 0 0 5 0 6 0 0 0 2 1 0 0 6 0 2 0 0 1 0 0 5 1 0 0 1 0 0 0 3 0 0 0 1 0 1 0 0 1 0 0 2 0 1 0 0 0 3 0 1 1 0 0 6 0 1 0 2
1 238 1 0 0 4 0 4 0 1 0 5 1 0 0 0 0 6 0 0 0 2 0 3 1 0 0 1 0 4 0 3 1 0 1 0 0 5 0 2 0 0 0 2 0 3 0 4 0 2 0 3 0 4 0 1 0 0 0 1 0 2 0 2 0 5 0 0 0 0 0 1 0 3 0 4 1 0 0 2 0 1 0 2 0 5 0 3 0 5 0 3 1 0 1 0 0 1 0 0 1 0 0 2 0 1 0 6 0 1 1 0 1 0 0 0 0 1 0 4 0 1 0 1 0 0 0 1 1 0 0 1 0 3 0 1 0 4 0 2 0 4 0 4 0 1 0 3 0 5 1 0 0 0 0 5 0 3 0 3 1 0 0 3 0 1 0 1 0 0 0 0 0 3 0 5 0 3 0 6 0 1 1 0 0 3 0 5 0 1 0 5 1 0 0 4 0 5 0 1 1 0 0 3 1 0 0 2 0 0 0 6 0 0 0 2 0 2 0 1 0 6 0 3 0 2 0 0 0 6 0 3 1 0 0 4 0 3 0 4
0 239 1 1 0 0 1 0 1 0 4 0 3 1 0 0 1 0 4 0 1 0 4 1 0 1 0 0 3 0 1 0 1 0 0 1 0 0 2 0 5 0 0 0 4 1 0 0 1 0 5 1 0 0 1 0 3 0 0 0 2 0 4 0 5 0 2 0 1 0 0 0 2 1 0 0 2 1 0 0 4 0 2 0 5 0 3 0 0 0 4 0 1 0 0 0 6 0 1 0 1 0 6 0 3 0 3 0 4 0 4 1 0 0 5 1 0 0 3 0 0 0 3 0 2 0 0 0 3 0 6 0 1 0 6 0 3 0 0 0 6 0 1 0 1 0 3 1 0 0 4 1 0 0 1 0 3 0 0 0 0 1 0 0 6 0 2 0 2 0 0 0 0 1 0 0 4 0 0 0 5 0 4 0 6 0 6 0 2 0 4 0 4 0 0 0 1 0 3 0 4 0 6 0 6 0 6 0 3 0 1 0 4 0 1 0 4 0 4 0 3 0 4 1 0 0 5 0 1 0 5 0 1 0 0 0 1 0 0 0 2
1 239 3 0 6 0 1 0 3 0 1 0 0 1 0 0 3 0 0 0 4 0 2 0 0 0 6 0 5 0 2 0 2 0 1 0 6 0 4 0 2 0 2 0 1 1 0 0 3 0 3 1 0 0 2 0 6 0 0 0 5 0 1 0 3 0 5 0 2 0 0 0 5 0 6 0 4 1 0 0 0 0 6 0 2 1 0 0 2 0 0 0 3 0 1 0 4 0 3 0 3 0 5 0 0 0 0 0 2 0 3 0 0 0 3 1 0 0 6 0 0 0 6 0 4 0 0 1 0 0 5 0 4 0 4 1 0 0 2 0 4 0 3 0 3 0 0 0 0 0 1 1 0 0 2 0 6 0 0 0 1 1 0 0 4 0 5 0 4 0 0 0 1 1 0 0 0 0 2 0 3 0 2 0 6 0 5 0 6 0 1 0 1 0 1 0 2 1 0 0 2 0 6 0 6 0 5 1 0 0 4 0 0 0 4 0 1 0 2 0 0 0 3 0 0 0 2 0 4 0 2 0 3 0 0 0 2 0 0 0 4
0 240 1 0 0 5 0 3 0 6 0 2 0 1 0 6 0 5 0 1 0 0 0 5 0 1 0 5 0 3 0 5 0 4 0 3 0 5 0 1 0 5 0 4 0 3 0 6 0 5 1 0 1 0 0 5 0 4 0 2 0 2 0 3 1 0 0 3 0 5 0 1 0 3 0 6 0 2 1 0 0 1 0 4 0 6 0 6 0 3 0 0 0 6 0 3 0 1 0 0 0 0 0 3 0 1 0 0 0 4 0 6 0 1 0 0 0 0 0 4 0 2 0 5 0 1 0 2 1 0 0 3 0 2 0 2 1 0 0 5 0 0 1 0 1 0 0 1 0 0 0 3 0 6 0 4 0 4 0 1 0 3 1 0 0 1 0 4 0 1 0 1 0 3 0 5 1 0 0 4 0 6 0 5 0 5 0 4 0 5 0 3 0 2 0 2 0 5 0 6 0 4 0 5 0 6 0 5 0 0 0 0 0 2 0 0 0 3 0 4 0 0 0 6 0 0 0 5 0 0 0 5 0 6 0 0 0 4 0 1 0 1
0 241 1 1 0 0 3 0 0 0 5 0 5 0 3 0 5 0 3 0 3 0 1 0 2 0 4 0 3 0 0 0 4 0 2 0 0 0 3 0 4 0 3 0 2 0 0 0 6 0 5 0 0 1 0 0 3 0 1 0 5 0 4 1 0 1 0 1 0 0 3 0 3 1 0 0 5 0 6 0 6 0 2 0 1 0 6 0 5 1 0 0 2 0 4 1 0 0 3 0 0 0 0 0 6 0 2 0 1 0 1 0 5 0 3 0 0 0 1 0 0 0 6 0 2 0 3 0 5 0 6 0 5 0 4 0 5 1 0 0 2 0 2 1 0 0 6 0 1 0 0 1 0 0 6 0 2 0 1 0 3 1 0 1 0 0 3 0 0 0 3 0 2 1 0 0 5 0 0 0 1 0 6 0 4 0 4 0 2 0 3 1 0 0 5 0 5 0 3 0 6 0 2 0 4 0 6 0 3 0 1 0 0 0 4 0 0 1 0 0 1 0 2 0 4 0 2 0 2 0 2 0 3 0 5 0 2 0 0 0 3 0 2
1 241 3 0 6 0 5 0 1 0 3 0 4 0 0 0 3 1 0 1 0 0 3 0 5 0 0 1 0 0 2 0 0 0 5 0 0 1 0 0 1 1 0 0 5 0 1 0 5 0 3 0 2 0 6 0 5 0 3 0 3 0 3 0 0 1 0 0 6 0 6 0 0 0 0 0 3 0 6 0 5 0 5 0 3 0 5 0 4 1 0 0 5 0 1 1 0 0 6 0 0 0 1 0 4 0 5 0 2 0 3 0 2 1 0 0 1 0 2 0 1 0 4 0 5 1 0 0 4 0 6 0 4 0 2 0 4 1 0 0 4 0 5 1 0 0 4 0 3 0 1 1 0 0 4 0 5 0 3 0 0 0 0 0 6 0 5 0 0 0 6 0 5 1 0 0 2 0 1 0 3 0 5 0 2 0 1 0 6 0 0 0 0 0 3 0 4 0 0 0 5 0 6 0 1 0 5 1 0 0 3 0 1 0 0 0 2 0 6 0 1 0 5 0 0 0 5 0 4 0 4 1 0 0 3 0 5 0 0 0 6 0 4
0 242 1 0 0 6 0 3 0 3 1 0 0 1 0 2 0 0 0 0 0 6 0 6 0 2 0 2 0 6 0 3 0 1 0 2 0 2 0 6 0 2 1 0 0 2 0 4 0 2 1 0 0 6 0 5 0 3 1 0 1 0 1 0 0 2 1 0 0 5 0 5 0 1 0 0 1 0 0 6 0 4 0 4 0 0 0 4 0 3 0 0 0 2 0 4 1 0 0 4 0 1 0 3 0 1 0 3 0 5 0 6 0 5 0 6 0 1 0 4 0 3 0 1 0 5 0 0 0 1 0 6 0 1 0 6 0 2 0 0 0 1 0 5 0 0 0 0 1 0 0 4 1 0 0 1 0 3 1 0 0 1 0 1 0 5 0 3 0 2 0 5 0 4 1 0 0 4 0 2 1 0 0 3 0 5 0 3 0 4 0 1 0 0 1 0 0 1 0 2 0 3 0 5 0 4 0 3 1 0 0 6 0 2 0 0 0 5 0 4 0 4 0 2 0 2 0 3 0 2 0 2 1 0 1 0 0 3 0 2 0 5 0 2
1 243 1 1 0 0 5 0 0 0 0 1 0 0 2 0 4 0 0 0 1 0 5 0 5 0 5 0 5 0 4 1 0 0 3 0 4 0 5 0 4 0 6 0 6 0 4 0 0 1 0 0 0 0 5 0 4 0 1 0 0 1 0 0 6 0 4 1 0 0 3 0 3 0 3 0 1 1 0 0 5 0 2 0 1 0 2 0 0 1 0 0 1 0 5 0 2 0 0 0 0 0 3 0 6 0 2 1 0 0 4 0 6 0 4 0 5 0 4 0 0 1 0 0 4 0 2 0 1 0 3 0 4 0 4 0 4 0 5 0 0 0 3 0 2 0 1 0 1 1 0 0 1 1 0 0 2 1 0 1 0 0 2 0 3 0 2 1 0 0 6 0 3 0 3 0 0 0 0 0 6 0 6 0 6 0 3 0 0 0 1 0 3 0 1 0 6 0 1 0 4 1 0 0 4 0 2 0 1 0 0 0 4 0 5 0 1 0 3 0 2 0 1 0 5 0 4 0 6 0 4 0 5 1 0 0 6 0 5 0 5 0 2 0 5
1 243 3 1 0 0 2 0 1 0 1 0 6 0 4 0 0 0 1 0 3 0 3 0 4 0 4 0 4 0 2 1 0 1 0 0 2 0 4 0 2 0 6 0 6 0 1 0 2 0 6 0 0 0 3 0 1 0 3 0 1 1 0 0 5 0 2 1 0 0 6 0 6 0 6 0 3 1 0 0 2 0 5 0 2 0 4 0 1 0 6 0 2 0 2 0 5 0 0 0 0 1 0 0 5 1 0 0 0 0 1 0 6 0 2 0 4 0 1 0 2 1 0 0 0 0 5 0 2 1 0 0 2 0 2 0 2 0 3 0 1 0 6 0 4 0 2 0 3 0 6 0 2 0 6 0 4 1 0 0 6 0 3 0 6 0 5 1 0 0 4 1 0 1 0 0 1 0 1 0 5 0 6 0 5 1 0 0 1 0 2 0 6 0 3 0 4 0 4 0 2 0 0 0 0 0 5 0 2 0 1 0 1 0 3 0 3 0 6 0 4 0 3 0 3 0 2 0 6 0 2 0 5 0 0 0 5 0 4 0 3 0 6 0 3
0 244 1 0 1 0 0 4 0 2 0 3 0 5 0 1 0 1 0 2 1 0 0 0 0 2 0 2 0 1 1 0 0 0 0 6 0 4 0 0 0 6 0 5 0 5 0 3 0 5 0 4 0 1 0 6 0 2 0 6 0 3 1 0 0 2 1 0 0 0 0 5 0 6 0 6 0 0 1 0 0 5 0 2 0 6 0 0 0 4 0 4 0 5 0 5 0 2 0 1 0 1 1 0 0 3 1 0 0 0 0 3 0 4 0 6 0 0 0 3 0 5 0 6 0 0 0 2 0 6 0 6 0 3 0 4 0 4 0 6 0 3 0 5 0 1 0 5 1 0 0 5 0 6 0 5 0 3 0 0 0 5 0 0 0 6 0 5 0 0 0 2 0 0 0 6 0 1 0 3 0 3 0 6 0 4 1 0 0 2 0 5 0 5 0 0 0 2 0 1 0 5 0 0 0 1 0 2 0 5 0 2 0 2 1 0 0 0 0 6 0 1 1 0 1 0 0 6 0 4 0 6 0 2 0 2 0 3 0 2 0 0 0 6 0 0
0 245 1 1 0 1 0 0 0 0 5 1 0 0 3 0 3 0 2 0 5 0 5 1 0 0 4 0 4 0 3 0 6 0 0 0 5 0 1 0 2 0 5 0 4 0 4 0 0 0 4 0 1 0 4 0 4 0 6 0 5 0 0 1 0 0 5 0 6 0 0 0 3 0 6 0 5 0 2 1 0 0 2 0 6 0 4 0 2 0 1 0 2 0 4 0 3 0 5 0 2 0 3 0 6 0 6 0 5 1 0 1 0 0 2 0 5 0 1 1 0 0 4 0 5 0 1 0 5 0 5 0 6 0 0 0 2 0 2 0 6 0 0 0 3 0 4 0 4 0 0 0 3 0 6 0 3 1 0 0 2 0 2 0 2 0 5 0 3 0 1 0 4 0 1 0 4 0 3 1 0 0 0 0 6 0 2 1 0 0 5 0 3 0 3 0 1 0 4 0 3 0 2 0 1 0 2 0 5 0 2 0 5 0 5 0 6 0 0 0 4 0 4 1 0 1 0 0 5 0 2 0 5 0 5 0 4 0 6 0 4 0 1 0 4 0 1
0 245 3 1 0 0 6 0 0 0 3 1 0 0 6 0 6 0 5 0 3 0 5 0 0 0 1 0 2 0 0 0 5 0 2 0 2 0 3 0 5 0 3 0 2 0 1 0 2 0 0 0 4 0 1 0 2 0 6 0 3 0 2 1 0 0 3 0 5 0 1 1 0 0 6 0 3 0 6 0 6 0 4 0 5 0 1 0 5 0 2 0 5 0 1 0 0 0 3 0 5 1 0 0 6 0 6 0 5 0 0 0 6 0 4 0 2 0 4 1 0 0 1 0 3 0 4 0 3 0 4 0 5 0 1 0 4 0 5 0 4 0 1 1 0 0 2 0 1 0 1 1 0 0 6 0 0 1 0 0 4 0 4 0 5 0 2 1 0 0 4 0 0 0 4 0 1 0 0 1 0 0 1 0 4 1 0 0 0 0 2 1 0 1 0 0 4 0 0 1 0 0 5 0 2 0 5 0 2 0 6 0 3 0 4 0 5 0 2 0 1 0 3 0 0 1 0 0 2 0 6 0 3 0 4 0 2 0 6 0 1 0 4 0 0 0 3
1 247 1 0 0 0 0 0 4 0 2 0 0 0 0 0 5 0 6 0 4 0 0 0 3 0 1 0 2 0 4 0 1 0 2 0 5 0 4 1 0 0 3 1 0 0 5 0 2 0 4 0 1 0 0 0 3 0 5 0 4 1 0 0 6 0 6 0 6 0 2 0 4 1 0 0 5 0 0 0 6 0 6 0 2 0 3 0 4 0 2 0 6 0 2 0 3 0 0 1 0 0 5 0 0 0 5 0 6 0 3 0 2 0 5 0 1 0 6 0 1 1 0 0 2 1 0 0 2 0 0 0 2 0 3 0 4 0 1 0 4 0 1 0 4 0 6 0 3 0 2 0 3 1 0 0 4 0 2 1 0 0 1 0 2 0 3 1 0 0 0 0 0 0 2 0 0 0 3 0 1 0 6 0 2 0 1 1 0 0 0 0 5 1 0 1 0 0 0 0 2 1 0 0 2 0 6 0 2 0 6 0 5 0 0 0 2 0 3 0 5 0 2 0 6 0 1 0 6 0 4 0 5 0 0 0 1 0 6 0 4 0 4 0 0 0 1 1 0
1 247 2 0 0 0 1 0 0 0 5 0 0 0 1 0 3 0 6 0 1 0 1 0 6 0 2 0 5 0 0 0 3 0 5 0 3 0 3 0 0 0 0 0 0 0 2 0 6 0 0 0 3 0 0 1 0 0 4 0 3 0 0 0 5 0 6 0 5 0 6 0 2 0 0 0 2 0 2 0 5 0 5 0 5 1 0 0 1 0 6 0 4 0 5 0 6 0 1 1 0 0 2 0 2 0 3 0 5 1 0 0 6 0 2 0 4 0 4 0 4 0 6 0 4 0 6 0 3 0 0 0 4 1 0 0 1 0 4 0 0 0 4 0 1 0 5 1 0 0 6 0 0 0 0 0 0 0 6 0 6 0 1 0 4 1 0 1 0 0 0 0 0 0 4 0 0 0 6 0 3 0 4 0 5 0 3 0 6 0 0 0 4 0 0 0 5 1 0 0 5 0 6 0 4 0 4 0 6 0 5 0 3 0 1 0 4 1 0 0 3 0 6 0 4 0 4 0 5 0 2 0 3 0 1 0 3 0 5 0 2 0 1 0 1 0 3 0 5
1 247 4 0 0 0 2 0 1 0 2 0 1 0 2 1 0 0 5 0 3 0 3 0 4 0 6 0 2 0 1 1 0 0 3 1 0 1 0 0 1 0 0 0 0 0 5 0 4 0 1 0 6 0 1 1 0 0 0 1 0 0 2 0 3 0 6 0 4 0 5 0 5 0 0 0 4 0 5 0 3 0 4 0 4 1 0 0 3 0 5 0 2 0 4 0 5 0 4 0 6 0 3 0 4 1 0 0 5 0 0 0 4 0 6 0 1 0 2 0 2 0 6 0 2 0 5 1 0 0 2 0 1 1 0 0 3 0 0 0 2 0 0 0 4 0 4 0 0 0 4 0 1 0 0 0 1 0 5 0 5 0 4 0 2 0 0 0 5 1 0 0 1 0 0 0 2 0 5 0 0 0 2 0 4 0 0 0 5 0 2 0 0 0 2 0 4 0 0 0 3 0 6 0 2 0 2 0 6 0 3 1 0 0 4 0 1 1 0 1 0 0 6 0 2 0 2 0 3 0 5 0 6 0 2 1 0 0 3 0 5 0 2 0 2 1 0 0 4
0 249 1 0 0 0 1 0 4 0 2 0 4 0 2 0 5 1 0 0 3 0 0 0 0 0 2 0 5 0 5 0 3 1 0 0 0 0 0 0 6 0 1 0 0 0 1 0 3 0 1 0 4 0 4 0 4 0 6 0 0 0 6 0 3 1 0 0 6 0 2 0 4 0 3 0 2 0 1 0 4 0 0 0 2 0 2 1 0 1 0 0 3 0 6 0 1 0 4 0 2 0 6 0 0 0 3 0 0 0 2 0 2 0 1 0 5 0 3 0 4 0 5 0 4 0 6 0 3 1 0 0 4 0 3 0 6 0 5 0 0 0 4 0 1 0 1 0 1 0 2 0 0 0 3 0 0 0 3 0 3 0 4 0 1 0 5 0 1 0 3 1 0 0 2 0 0 0 5 0 2 0 1 0 5 0 0 0 2 0 2 0 5 0 0 0 5 0 0 0 1 1 0 0 5 0 5 0 5 0 5 0 1 0 0 0 0 0 4 1 0 1 0 0 4 0 5 0 4 1 0 0 4 0 5 0 6 0 6 0 6 0 2 0 5 0 5 1 0 0 1
0 249 2 0 0 0 3 0 0 0 6 0 0 0 6 0 3 1 0 0 6 0 0 0 0 0 5 0 3 0 4 0 0 1 0 0 0 0 1 0 4 0 3 0 0 0 2 0 6 0 3 0 1 0 2 0 2 0 5 0 2 0 5 0 1 0 0 0 4 0 6 0 0 1 0 0 5 0 3 0 0 0 1 0 4 0 5 1 0 0 6 0 6 0 4 0 4 0 0 0 6 0 4 0 1 0 6 0 0 0 4 0 4 0 3 0 3 0 0 0 2 0 4 0 2 0 6 0 1 0 0 0 1 0 0 0 6 0 3 0 2 0 0 0 3 0 2 0 2 0 4 0 0 0 6 0 0 1 0 0 0 0 1 0 4 0 2 0 3 1 0 1 0 0 4 0 1 0 2 0 5 0 3 0 2 0 1 0 4 0 5 0 2 0 2 0 2 0 1 0 3 1 0 0 3 0 4 0 4 0 3 0 3 0 0 0 1 0 2 0 0 1 0 0 1 0 4 0 3 0 0 0 1 0 4 0 6 0 6 0 5 0 6 0 3 0 4 1 0 0 2
1 249 4 0 0 0 6 0 1 0 4 0 2 0 5 0 1 0 0 0 4 0 1 0 1 0 3 0 0 0 1 0 2 0 5 1 0 0 3 0 0 1 0 0 1 0 5 0 4 1 0 0 3 0 4 0 5 0 2 0 6 0 2 0 3 0 1 0 1 0 5 0 2 1 0 0 2 1 0 0 1 0 3 0 1 0 5 0 0 0 5 0 6 0 2 0 1 0 2 0 5 0 1 0 4 0 4 0 2 0 1 0 1 1 0 1 0 0 1 0 5 0 0 0 6 0 4 0 3 0 0 0 2 0 1 0 4 1 0 0 5 0 0 0 6 0 4 0 5 0 0 0 2 0 4 0 2 0 5 1 0 0 3 0 0 0 6 0 0 0 0 1 0 0 0 0 3 0 5 0 2 1 0 0 5 0 3 0 1 0 3 0 5 0 4 0 4 0 2 1 0 1 0 1 0 0 2 0 1 1 0 1 0 0 1 0 2 0 4 0 1 0 6 0 2 0 0 1 0 0 1 0 3 0 1 0 6 0 6 0 4 0 6 0 0 0 2 1 0 0 4
0 251 1 0 0 0 2 0 4 0 4 0 0 0 6 0 2 0 3 0 1 0 0 0 3 0 2 0 6 0 0 0 2 0 5 0 3 1 0 0 6 0 1 0 6 0 2 0 3 0 2 1 0 1 0 0 2 0 3 0 6 0 4 0 5 0 6 0 2 0 3 0 2 0 6 0 6 0 4 0 6 0 1 0 6 0 3 0 2 0 2 0 3 0 5 0 5 0 2 0 5 0 2 0 4 0 1 0 1 0 5 0 2 0 3 1 0 0 6 0 2 0 2 0 2 0 5 0 1 1 0 0 1 0 4 0 3 0 2 0 0 0 2 0 2 0 5 0 2 0 3 0 1 0 5 0 0 0 6 0 3 1 0 0 6 0 1 0 4 0 1 0 1 0 5 1 0 1 0 0 3 1 0 0 0 0 2 1 0 0 3 1 0 0 4 0 2 0 1 1 0 0 0 1 0 0 6 0 3 0 3 1 0 0 6 0 1 0 5 0 0 0 4 0 4 0 5 0 1 0 6 0 1 0 6 0 3 0 5 0 6 0 2 0 5 0 1 0 5 1 0 0 1
0 251 2 0 0 0 5 0 1 0 1 0 2 0 4 0 5 0 6 0 2 0 0 0 6 0 5 0 4 0 1 0 5 0 3 0 1 0 0 0 4 0 4 0 4 0 5 0 6 0 5 1 0 0 6 0 3 1 0 0 6 0 2 0 4 0 5 0 5 0 6 0 5 0 5 0 6 0 2 0 5 0 4 0 4 1 0 0 5 0 4 1 0 0 4 0 3 0 6 0 2 0 6 0 0 0 3 0 3 0 2 0 6 0 0 0 0 0 4 0 5 0 4 0 5 0 2 0 4 0 6 0 2 0 0 1 0 0 5 0 0 0 4 0 5 0 2 0 5 0 6 0 3 0 2 0 2 0 5 0 1 0 0 0 4 0 4 0 0 0 3 0 3 0 4 0 0 0 6 0 6 0 5 1 0 0 5 1 0 0 0 0 0 0 0 0 5 0 3 0 6 0 0 1 0 0 5 0 0 0 1 0 0 0 4 0 4 0 2 0 2 0 1 0 2 0 3 0 4 0 4 0 4 0 5 0 0 0 4 0 5 0 6 0 2 0 4 0 3 1 0 0 2
1 251 4 0 1 0 2 0 3 0 2 0 5 0 1 0 4 0 5 0 5 0 1 0 5 0 4 0 1 0 4 0 2 1 0 0 3 0 1 0 1 0 2 0 2 0 4 0 6 0 5 0 0 0 5 0 1 0 0 0 4 0 6 0 1 0 4 0 4 0 6 0 4 0 4 0 5 0 6 0 3 0 2 0 3 0 0 0 3 0 3 0 0 0 1 0 0 0 5 0 6 0 4 0 1 0 6 0 6 0 5 0 4 0 1 0 1 0 1 0 4 0 2 0 3 0 6 0 1 0 5 0 5 0 1 1 0 0 2 0 2 0 1 0 3 0 6 0 3 0 5 1 0 0 5 0 5 0 2 0 3 0 1 0 1 0 1 0 1 1 0 0 0 0 1 0 2 0 5 0 6 0 5 0 0 0 3 1 0 0 0 0 0 0 1 0 3 0 0 0 5 0 2 1 0 0 2 0 1 0 2 0 1 0 1 0 1 0 5 0 4 0 2 0 4 1 0 0 2 0 2 0 2 0 3 0 2 0 1 0 4 0 5 0 6 0 1 0 0 1 0 0 4
0 253 1 0 0 0 3 0 4 0 6 0 5 0 2 0 4 0 1 0 4 0 3 0 4 0 3 0 1 0 4 0 0 0 6 0 6 0 5 0 2 0 2 0 4 0 5 0 1 0 6 0 3 0 2 0 2 0 3 0 1 0 1 0 5 0 4 0 1 0 2 0 6 0 2 0 2 0 4 0 5 1 0 0 5 0 6 0 0 0 6 0 6 0 0 0 2 0 1 0 3 0 6 0 1 0 4 0 5 0 6 0 4 0 1 0 3 0 2 0 3 0 0 0 5 1 0 0 5 0 4 0 3 0 3 0 4 0 6 0 3 0 4 0 2 1 0 0 6 0 0 0 5 0 0 0 3 0 3 0 5 0 6 0 2 0 2 0 2 0 3 0 5 1 0 0 2 0 5 0 3 0 6 0 3 0 1 1 0 1 0 0 0 0 0 0 2 0 6 0 1 0 2 0 6 0 6 0 3 0 2 0 4 0 2 0 2 0 3 0 3 0 1 0 6 0 1 1 0 0 4 0 4 0 4 0 6 0 4 0 3 0 1 0 4 0 5 0 3 0 1 1 0 0 1
0 253 2 0 0 1 0 0 2 0 6 0 3 0 6 0 0 0 4 0 1 0 0 0 1 1 0 0 4 0 0 0 2 0 5 0 6 0 3 0 5 0 5 0 1 0 3 0 4 0 4 1 0 0 5 0 4 0 6 0 2 0 3 0 3 0 1 0 3 0 5 0 4 0 5 0 5 0 1 0 5 0 0 0 3 0 5 0 2 0 5 0 5 0 1 0 4 0 2 1 0 0 5 0 4 0 1 0 4 0 6 0 1 0 3 0 6 0 4 0 6 0 1 0 4 0 0 0 3 0 2 0 0 0 0 0 2 0 6 0 0 0 1 1 0 0 0 0 4 0 2 0 2 0 1 1 0 0 0 0 4 0 5 0 5 0 4 0 4 1 0 0 4 1 0 0 5 0 3 0 0 0 5 1 0 0 4 1 0 0 5 1 0 0 0 0 5 0 4 0 3 0 5 0 5 0 5 1 0 0 6 0 0 0 5 0 4 0 6 0 6 0 3 0 4 0 4 1 0 0 1 0 2 0 2 0 6 0 1 1 0 0 4 0 1 0 3 1 0 0 4 0 6 0 1
1 253 4 0 1 0 6 0 4 0 5 0 0 0 5 0 2 0 0 0 3 0 0 0 3 1 0 0 0 0 1 0 5 0 3 0 6 0 0 0 4 0 3 0 3 1 0 0 2 0 3 0 0 0 3 0 2 0 5 0 5 0 6 0 6 0 2 1 0 0 4 0 2 0 4 0 3 0 4 0 2 0 1 1 0 0 3 0 6 0 3 0 3 0 4 0 0 1 0 0 0 0 3 0 1 0 4 0 1 0 5 0 3 1 0 0 6 0 2 0 5 0 4 0 0 0 1 0 6 0 4 0 0 0 0 0 5 0 4 0 1 0 3 0 6 0 0 0 0 0 5 0 4 0 3 0 6 0 0 0 1 0 4 0 4 0 2 0 3 0 0 0 2 0 0 0 2 1 0 0 2 0 4 0 0 0 2 0 0 0 3 1 0 0 1 0 3 0 2 0 0 0 4 0 4 0 5 0 0 0 4 0 2 0 3 0 2 0 6 0 6 0 0 0 2 0 2 1 0 0 2 0 4 0 5 0 4 0 4 1 0 0 0 0 4 0 0 0 0 0 1 0 5 0 3
0 255 1 0 0 0 4 0 5 0 2 0 3 0 2 0 2 0 5 0 0 0 6 0 0 1 0 1 0 0 0 0 3 0 3 0 0 0 5 0 2 0 1 0 0 0 0 1 0 0 4 0 6 0 0 0 6 0 5 0 3 0 4 0 6 0 5 1 0 0 0 0 0 0 6 0 1 0 0 0 1 0 5 0 3 0 6 0 6 0 5 0 0 0 0 0 1 0 2 0 5 1 0 0 6 0 3 0 0 0 4 0 3 0 1 0 0 0 4 0 6 0 3 0 1 0 1 0 3 0 5 0 1 0 1 0 1 0 3 0 1 0 3 1 0 0 5 0 1 0 1 0 3 0 2 0 0 0 5 0 1 0 3 0 1 0 1 0 5 0 6 0 0 0 4 0 0 0 5 0 6 0 4 0 0 0 1 0 4 0 0 1 0 1 0 0 2 0 6 0 4 0 1 0 1 0 2 0 3 0 2 0 0 0 5 0 6 0 5 0 5 0 5 0 1 0 4 0 5 0 6 0 4 0 1 0 4 0 2 0 2 1 0 0 1 0 0 0 1 0 0 0 3 0 3 0 0
0 255 2 0 1 0 1 0 3 0 5 0 6 0 4 0 5 0 2 0 2 0 4 0 2 1 0 0 5 1 0 0 6 0 6 0 1 0 2 0 5 0 2 0 0 0 1 1 0 0 1 0 5 0 2 0 5 0 4 0 0 0 2 0 6 0 4 1 0 0 0 0 1 0 4 0 3 0 0 0 3 0 3 0 0 0 6 0 6 0 3 0 1 0 0 0 2 0 5 0 4 0 0 0 4 1 0 0 2 0 0 1 0 0 3 0 1 0 1 0 5 1 0 0 3 0 2 1 0 0 3 0 3 0 2 0 2 0 6 0 3 0 0 0 0 0 2 0 3 0 2 0 6 0 4 0 1 0 2 0 3 0 6 0 2 0 3 0 3 0 5 0 2 0 0 0 2 0 3 0 6 0 1 0 1 0 3 0 0 0 2 1 0 0 6 0 4 0 5 0 1 0 3 0 2 0 4 0 6 0 4 0 1 0 3 0 6 0 4 0 4 0 3 0 4 0 1 0 4 0 6 0 1 0 4 0 0 0 5 0 5 0 6 0 1 0 0 0 2 0 0 0 6 0 6 0 0
0 255 4 0 2 0 2 1 0 0 4 0 6 0 2 0 3 0 5 0 5 0 0 1 0 0 0 0 4 0 0 0 5 0 5 0 3 0 5 0 2 0 5 0 0 0 3 0 6 0 2 0 2 0 6 0 3 0 1 0 1 0 5 0 5 0 2 1 0 0 0 0 3 0 0 1 0 0 1 0 6 0 6 0 1 0 5 0 5 1 0 0 3 0 0 0 5 0 3 0 1 0 2 0 1 1 0 0 4 0 1 0 6 0 5 0 2 0 3 0 3 1 0 0 6 0 5 0 6 0 5 0 6 0 4 0 5 0 4 1 0 0 1 0 0 0 4 0 6 0 5 0 5 0 1 0 3 0 4 1 0 0 5 0 5 1 0 0 0 0 3 0 5 0 0 0 4 1 0 0 5 0 3 0 2 0 6 0 0 0 5 1 0 0 5 0 2 0 3 0 3 0 6 0 5 0 1 0 6 0 1 0 3 1 0 0 6 0 2 0 2 0 0 0 1 0 4 0 1 0 5 0 4 0 0 0 2 0 3 0 4 0 5 0 3 0 0 0 4 0 1 0 5 0 5 0 1
1 257 1 0 0 0 5 0 5 1 0 0 1 0 5 0 5 1 0 0 4 0 3 0 2 0 6 0 0 0 0 0 2 0 3 0 4 0 0 0 3 0 6 0 2 0 1 1 0 0 5 0 5 0 5 0 4 1 0 0 3 0 3 0 3 0 3 0 6 0 5 1 0 0 6 0 1 0 6 0 2 0 5 0 5 0 4 0 3 0 4 1 0 0 6 0 1 0 2 1 0 0 3 0 4 0 3 1 0 0 0 0 4 0 5 0 3 0 5 1 0 0 1 0 0 0 5 0 4 0 6 0 4 0 6 0 2 0 4 0 2 1 0 0 2 0 1 0 1 0 6 0 4 0 3 0 3 1 0 0 3 0 0 0 3 0 4 1 0 0 0 1 0 0 3 0 2 0 2 0 0 0 2 1 0 0 6 0 4 0 2 0 4 0 0 0 2 0 5 1 0 0 0 0 6 0 3 0 4 0 4 0 4 0 0 0 0 0 4 0 5 0 4 0 0 0 3 0 0 0 4 0 3 0 1 0 1 0 4 1 0 0 2 0 3 1 0 0 2 0 0 0 4 0 3 0 3 0 3
0 257 2 0 1 0 3 0 4 1 0 0 3 0 3 0 5 0 0 0 0 1 0 0 6 0 4 0 1 0 0 0 4 1 0 0 1 0 1 1 0 0 5 0 5 0 3 1 0 0 3 0 4 0 4 0 2 1 0 1 0 0 0 0 0 0 0 0 6 0 5 0 0 0 4 0 4 0 4 0 6 0 3 0 4 0 2 0 0 0 3 0 0 0 4 0 3 0 5 0 6 0 6 0 1 0 0 1 0 0 1 0 1 0 4 0 0 0 4 1 0 0 2 0 1 0 3 0 2 0 6 0 2 0 5 0 6 0 0 0 6 0 6 0 3 0 2 0 3 0 5 0 2 0 0 0 0 1 0 0 6 0 0 1 0 0 2 1 0 0 1 0 6 0 5 0 4 0 4 0 0 0 5 1 0 0 5 0 1 0 6 0 0 0 1 0 5 0 3 1 0 0 1 0 5 0 0 0 2 0 2 0 1 0 1 0 1 0 1 0 4 0 1 0 1 0 6 0 1 0 0 1 0 0 3 0 3 0 1 1 0 0 4 1 0 1 0 0 4 0 1 0 1 0 0 0 0 0 0
0 257 4 0 2 1 0 0 2 1 0 1 0 0 0 0 3 0 1 0 1 1 0 0 5 0 1 0 3 0 1 0 1 1 0 0 2 0 3 1 0 0 3 0 4 0 0 1 0 1 0 0 2 0 1 1 0 0 0 0 5 1 0 0 0 0 1 0 5 0 3 0 2 0 1 0 2 0 2 0 6 0 0 0 1 0 5 0 0 0 6 0 1 0 1 0 0 0 4 0 6 0 5 0 3 0 1 0 6 0 1 0 3 0 0 0 2 0 1 1 0 0 4 0 2 0 6 0 5 0 4 0 6 0 3 0 5 0 2 0 5 0 5 1 0 0 5 1 0 0 3 0 5 0 0 0 1 1 0 0 4 0 2 0 6 0 4 0 6 0 2 0 5 0 4 0 2 0 1 0 2 0 4 0 0 0 2 0 4 0 4 0 1 0 3 0 3 0 0 1 0 0 3 0 2 0 1 0 4 0 4 0 2 0 2 0 2 0 3 0 0 0 3 0 3 0 4 0 3 0 1 0 6 0 5 0 6 0 3 1 0 0 2 0 0 1 0 0 0 0 3 0 2 0 0 0 0 0 0
0 259 1 0 0 0 6 0 6 0 4 1 0 0 5 1 0 0 6 0 2 0 3 1 0 0 2 0 3 0 6 0 2 0 3 0 6 0 3 1 0 1 0 1 0 0 1 0 2 1 0 0 6 0 3 0 3 0 6 0 0 0 3 1 0 0 0 0 3 0 2 1 0 0 5 0 2 0 4 0 5 0 4 0 1 0 3 0 2 0 2 0 4 0 3 0 2 0 1 0 1 0 6 0 3 1 0 0 4 0 4 0 3 0 6 0 0 0 4 0 3 1 0 0 0 0 6 0 5 0 4 0 2 0 6 0 0 0 3 0 6 0 3 0 5 0 0 0 3 1 0 1 0 0 3 0 1 0 3 1 0 0 0 0 6 0 5 0 2 0 5 0 6 0 3 0 1 0 5 0 2 0 5 0 0 0 1 0 5 0 1 0 1 0 3 0 6 0 6 0 1 0 6 0 5 0 4 0 3 0 1 0 1 0 5 0 4 0 4 0 6 0 0 1 0 0 0 0 1 1 0 0 4 0 5 0 4 0 6 0 0 1 0 0 4 0 1 0 5 1 0 0 6 0 4 0 0 0 0 0 0
0 259 2 0 1 0 5 0 6 0 3 0 0 0 4 0 0 0 4 0 5 1 0 1 0 0 4 1 0 0 5 0 5 1 0 0 6 0 1 0 0 1 0 0 6 0 1 0 5 1 0 0 5 0 0 0 0 0 5 0 1 1 0 1 0 0 0 0 6 0 5 1 0 0 2 0 6 0 1 0 4 0 1 0 3 0 6 0 4 0 5 0 0 1 0 0 5 0 2 0 3 0 5 0 1 0 0 0 1 0 2 0 0 0 5 0 2 0 1 0 0 1 0 0 1 0 5 0 4 0 1 0 6 0 4 0 1 1 0 0 6 0 0 0 3 0 2 0 0 0 0 0 6 0 5 0 2 1 0 1 0 0 1 0 5 0 3 0 6 0 3 0 5 1 0 0 4 0 2 0 6 0 2 0 1 0 3 0 2 0 3 0 2 1 0 0 6 0 5 0 4 0 5 0 4 0 1 1 0 0 3 0 3 0 3 0 2 0 2 0 5 0 2 0 5 1 0 0 3 1 0 0 1 0 4 0 2 0 5 0 2 1 0 0 0 0 4 0 4 0 0 0 5 0 1 0 1 0 0 0 0
0 259 4 0 3 0 3 0 5 1 0 0 2 0 0 0 2 0 1 0 5 0 0 1 0 0 2 0 0 0 3 0 5 0 0 0 4 0 3 0 1 1 0 0 4 0 4 0 4 0 0 0 2 0 1 0 1 0 2 0 4 1 0 0 6 0 0 0 5 0 4 1 0 0 5 0 4 0 4 0 0 0 3 1 0 0 6 0 2 0 3 0 2 1 0 0 2 0 5 1 0 0 3 0 3 0 0 0 2 0 4 0 1 0 2 0 5 0 2 0 1 0 6 0 2 0 3 0 1 0 4 0 5 0 1 0 4 1 0 0 4 0 1 0 6 0 4 0 0 0 1 0 5 0 3 1 0 0 0 0 6 0 2 0 3 0 0 0 6 0 0 0 5 0 0 0 0 0 6 0 4 0 5 0 2 0 6 0 4 0 6 0 5 1 0 0 5 0 4 0 2 0 4 0 1 0 4 0 6 0 5 0 6 0 6 0 4 0 5 0 2 0 6 0 3 1 0 1 0 1 0 0 3 0 0 0 6 0 2 0 6 0 6 0 0 0 1 0 1 0 2 0 2 0 3 0 2 0 0 0 0
0 261 1 0 1 0 0 0 0 0 4 1 0 0 4 0 0 0 4 0 3 0 2 0 2 0 6 0 3 0 0 1 0 0 3 0 2 0 0 1 0 0 4 1 0 0 1 0 2 0 1 0 1 0 4 0 2 0 2 0 5 0 2 0 0 0 4 0 2 0 3 0 3 0 0 0 3 0 2 0 1 0 2 0 0 0 0 0 4 0 5 0 6 0 5 0 6 0 4 0 3 1 0 0 6 0 6 0 0 0 5 0 0 0 3 0 5 0 2 0 5 0 3 0 4 0 5 0 6 0 3 0 1 0 3 0 4 0 2 0 0 0 0 0 4 0 5 0 1 0 1 0 3 0 3 0 0 1 0 0 1 0 4 0 5 0 6 0 1 0 4 0 2 0 2 0 1 0 1 0 5 0 2 0 3 0 6 0 5 0 2 0 6 0 5 0 0 0 3 0 1 0 6 0 0 0 4 0 1 0 6 0 4 0 6 0 6 0 2 0 3 0 6 0 5 0 1 0 0 1 0 0 6 0 5 0 1 0 4 0 6 0 5 0 5 0 1 0 2 0 2 0 4 0 4 0 6 0 4 0 0 0 0
0 261 2 0 2 0 0 0 1 0 2 0 0 0 0 0 2 0 0 1 0 0 5 0 5 0 4 1 0 0 2 0 6 0 5 0 4 0 1 1 0 0 1 1 0 0 2 0 4 0 2 0 3 0 0 0 5 0 5 0 2 0 5 0 1 0 0 0 5 0 6 0 6 0 0 0 6 0 4 0 2 0 4 0 0 0 1 0 1 0 4 0 6 0 4 0 6 0 2 0 1 0 0 0 5 0 5 0 2 0 2 0 1 1 0 0 3 0 6 0 3 0 0 0 2 0 4 0 5 1 0 0 3 1 0 0 1 0 5 0 0 0 1 0 1 0 3 0 3 0 2 0 6 0 6 0 1 0 6 0 2 0 1 0 4 0 5 0 4 0 0 0 5 0 4 0 2 0 3 0 2 0 5 1 0 0 6 0 3 0 6 0 5 0 3 0 1 0 6 0 3 0 4 0 2 0 0 0 4 0 5 0 2 0 6 0 5 0 5 1 0 0 6 0 3 0 3 0 1 1 0 0 5 0 3 0 4 0 1 0 6 0 4 0 3 0 3 0 4 0 5 0 1 0 2 0 6 0 1 0 1 0 0
0 261 4 0 4 0 0 0 2 0 4 0 0 0 0 0 4 0 1 1 0 0 3 0 4 0 2 1 0 0 5 0 5 0 4 0 1 0 4 0 6 0 2 0 6 0 4 0 0 0 5 0 6 0 1 0 3 0 3 0 6 0 2 0 3 0 1 0 3 0 6 0 5 0 2 0 5 0 1 0 6 0 0 0 1 0 2 0 3 0 1 0 6 0 2 0 5 0 5 0 2 0 1 0 3 0 3 0 5 0 4 0 3 0 6 0 6 0 4 1 0 0 1 0 5 0 1 0 4 1 0 1 0 1 0 0 3 0 2 0 1 0 2 0 2 0 6 0 6 0 5 0 5 0 5 0 4 0 4 0 5 0 3 0 1 0 4 0 1 0 2 0 3 0 1 0 5 0 6 0 5 0 4 0 0 0 5 0 0 0 6 0 3 1 0 0 4 0 5 0 0 0 1 0 5 0 1 0 1 0 3 0 6 0 5 0 4 0 5 0 0 0 4 1 0 1 0 0 4 1 0 0 3 0 0 0 1 0 4 0 5 0 2 0 0 0 0 0 2 0 3 0 3 0 5 0 4 0 3 0 2 0 0
0 263 1 0 1 0 1 0 1 0 5 0 0 0 1 0 1 0 0 0 4 0 6 0 6 0 0 1 0 0 0 0 3 0 4 0 1 0 4 0 1 0 5 0 6 0 5 0 1 0 2 0 3 0 5 0 3 1 0 0 0 0 5 0 5 0 6 0 2 1 0 0 6 0 3 0 6 0 2 0 4 0 4 0 1 0 2 0 4 0 6 0 3 0 4 0 6 0 3 0 3 0 5 0 2 1 0 0 0 0 4 0 2 0 0 0 6 0 6 0 2 1 0 0 3 0 2 0 4 0 2 0 0 1 0 0 6 0 5 0 4 0 2 0 4 0 5 0 5 0 6 0 4 0 4 0 4 0 2 0 2 0 3 1 0 0 4 0 0 0 3 0 4 0 6 0 3 0 3 0 6 0 4 0 1 0 2 0 2 0 2 0 5 0 1 0 0 0 1 0 3 0 1 0 3 0 2 0 3 0 2 1 0 0 6 0 4 0 2 0 3 0 2 0 2 0 0 1 0 0 1 1 0 0 6 0 0 0 3 0 1 0 3 0 5 0 0 0 0 0 4 1 0 0 0 0 4 0 1 1 0 0 5 0 0
0 263 2 0 2 0 2 0 3 0 2 0 1 0 2 0 2 0 1 0 1 0 6 0 5 0 2 0 5 1 0 1 0 0 1 0 4 0 0 0 4 0 3 0 6 0 3 0 3 0 4 1 0 0 4 0 0 1 0 0 1 0 3 0 4 0 5 1 0 0 0 0 5 0 0 0 5 0 6 0 1 0 1 0 3 0 5 0 1 0 6 0 0 0 2 0 6 0 0 0 0 0 3 0 6 0 6 0 0 0 0 0 5 0 1 0 5 0 5 0 6 0 6 0 5 0 5 0 0 0 5 0 1 1 0 0 5 0 4 0 1 0 6 0 1 0 4 0 4 0 6 0 2 0 2 0 1 0 5 0 5 0 0 0 0 0 0 0 1 1 0 0 2 0 6 0 0 0 0 0 6 0 1 0 3 0 4 0 4 0 5 0 2 0 3 0 0 0 2 0 6 0 2 0 6 0 4 0 6 0 5 1 0 0 5 0 1 0 5 0 6 0 4 0 4 0 1 0 6 0 2 1 0 0 4 0 1 0 6 0 2 1 0 0 3 0 1 0 1 0 1 1 0 0 1 0 0 0 4 1 0 0 2 0 1
0 263 4 0 4 0 4 0 6 0 4 0 2 0 4 0 4 0 2 0 3 0 5 0 3 0 6 0 4 0 0 0 6 0 2 0 0 0 2 0 1 0 0 0 6 0 0 0 0 0 3 0 0 0 0 0 2 0 6 0 1 1 0 0 2 0 4 1 0 0 1 0 2 0 2 0 3 0 5 0 3 0 2 1 0 0 3 0 4 0 4 0 1 0 5 0 4 0 1 0 0 1 0 0 6 0 5 0 1 0 1 0 2 0 4 0 3 0 4 0 6 0 6 0 4 0 3 0 2 0 2 0 4 1 0 0 3 0 1 0 4 0 4 0 4 0 1 0 2 0 5 0 5 0 4 0 3 0 3 0 3 0 1 0 0 0 0 0 3 0 6 0 4 0 4 0 1 0 1 0 4 0 3 1 0 0 2 0 2 0 3 0 5 0 6 0 0 0 5 0 4 0 6 0 5 0 2 0 6 0 5 0 0 0 2 0 4 0 3 0 6 0 2 0 1 0 4 0 4 1 0 0 0 0 0 0 4 0 4 0 6 0 6 0 5 0 2 0 2 0 3 0 6 0 1 0 1 0 1 1 0 0 4 0 2
1 265 1 0 1 0 2 0 2 0 6 0 1 0 6 0 1 0 1 0 5 1 0 0 4 0 0 0 6 0 1 0 2 0 4 0 5 0 0 0 4 0 2 0 1 0 4 0 1 0 0 0 6 0 0 0 0 0 5 0 4 0 4 0 6 0 4 0 1 1 0 0 2 0 4 0 4 1 0 0 3 1 0 0 6 0 6 0 6 0 1 0 1 0 4 0 3 0 1 0 3 0 1 1 0 0 5 0 3 0 3 0 2 0 5 0 1 0 0 0 2 0 6 0 6 0 1 1 0 0 5 0 5 0 1 1 0 0 6 0 3 0 1 0 2 0 1 0 3 0 5 0 3 0 4 0 1 1 0 1 0 1 0 0 3 0 0 0 0 1 0 0 6 0 2 0 1 0 3 0 3 0 1 0 0 1 0 0 4 0 4 1 0 0 4 0 5 0 2 0 3 0 2 0 6 0 3 0 6 0 5 0 3 0 1 0 5 0 1 0 0 0 5 0 5 0 3 0 1 0 2 1 0 0 0 0 1 0 1 0 2 0 6 0 6 0 3 0 5 0 4 1 0 0 5 0 3 0 2 0 3 1 0 0 0 0 5
0 265 2 0 2 0 4 0 5 0 4 0 4 0 4 0 3 0 3 0 4 0 0 0 0 0 2 0 4 0 3 0 5 0 1 0 3 0 2 0 0 0 5 0 3 0 0 0 3 0 1 0 4 0 1 0 1 0 3 0 2 0 2 0 6 0 1 0 4 0 6 0 4 0 1 0 3 0 0 0 0 0 0 0 5 0 6 0 5 0 3 0 3 0 0 1 0 0 3 0 6 0 3 1 0 0 2 1 0 1 0 0 6 0 2 0 3 0 0 0 5 0 5 0 5 0 4 1 0 0 3 0 3 0 4 1 0 0 4 1 0 0 3 0 4 0 2 1 0 0 4 0 0 0 1 0 4 1 0 1 0 0 6 0 5 0 0 0 1 1 0 0 4 0 5 0 2 0 6 0 6 0 2 0 1 1 0 0 1 0 3 0 0 0 1 0 3 0 5 0 6 0 5 0 5 0 0 0 6 0 3 1 0 0 4 0 2 0 3 0 1 0 3 0 3 1 0 0 3 0 5 0 5 1 0 0 2 0 2 0 5 0 5 0 6 0 0 0 4 0 3 0 0 0 2 1 0 0 5 1 0 1 0 0 1 0 3
1 265 4 0 5 0 1 0 4 0 2 0 2 0 2 0 0 0 0 0 1 0 1 0 0 0 5 0 1 0 0 0 3 0 3 0 6 0 4 0 1 0 2 1 0 0 1 0 6 0 3 0 0 0 3 0 2 0 6 0 4 0 5 0 4 0 4 0 1 0 6 0 1 0 3 0 6 0 0 0 0 0 1 0 3 0 6 0 3 1 0 1 0 0 2 0 6 0 6 0 5 0 0 1 0 0 5 1 0 1 0 0 4 0 5 0 6 0 1 0 3 0 4 0 4 0 2 1 0 1 0 0 0 0 3 0 0 0 1 1 0 1 0 0 1 1 0 0 0 0 0 0 1 0 3 0 2 0 0 1 0 0 5 0 3 0 1 0 3 1 0 0 1 0 3 0 6 0 5 0 5 0 5 0 3 0 6 0 1 0 6 0 0 0 2 1 0 0 4 0 6 0 4 0 3 0 2 0 5 0 1 0 0 0 0 0 5 0 6 0 2 1 0 0 0 1 0 1 0 0 4 0 4 1 0 0 4 0 5 0 3 0 4 0 5 0 2 0 0 1 0 0 1 0 5 1 0 0 4 0 0 0 6 0 1 1 0
1 267 1 0 1 0 3 0 4 0 0 0 5 0 4 0 4 0 0 0 0 0 2 0 2 0 1 0 2 0 3 0 0 1 0 0 0 0 6 0 1 0 3 0 5 0 6 0 2 0 4 1 0 0 1 0 6 0 5 0 5 0 2 0 4 0 2 0 1 0 4 0 4 0 3 1 0 0 5 0 1 0 0 0 2 1 0 0 6 0 1 0 0 0 6 0 4 0 5 0 6 0 3 0 2 1 0 0 4 0 0 1 0 0 1 0 4 0 5 0 3 1 0 0 2 0 1 1 0 0 0 0 5 1 0 0 6 0 0 0 3 1 0 0 6 0 2 0 5 1 0 0 0 0 2 0 6 0 4 0 1 1 0 0 2 1 0 0 3 1 0 1 0 0 2 1 0 0 6 0 4 0 4 0 4 0 0 0 5 0 4 0 4 0 1 0 5 1 0 0 1 0 6 0 1 1 0 0 6 0 2 0 3 0 0 0 1 0 3 0 5 0 6 0 6 0 0 1 0 1 0 0 1 0 3 0 0 0 1 0 4 0 0 0 2 0 3 0 5 0 1 0 6 0 2 0 4 0 0 0 0 0 2 0 4 0 4 0 5
1 267 2 0 2 1 0 0 1 0 2 0 3 0 2 0 1 0 1 0 0 0 4 0 4 0 2 0 4 0 6 0 1 0 6 0 0 0 4 0 3 1 0 0 4 0 5 0 6 0 1 1 0 0 3 0 5 0 4 0 3 0 6 0 0 0 5 0 3 0 1 0 2 0 1 0 0 0 2 0 3 0 0 0 5 1 0 0 4 0 3 0 1 0 5 0 2 0 4 0 5 1 0 1 0 0 0 0 0 0 2 0 6 0 2 0 1 0 4 0 0 1 0 0 4 0 3 0 6 0 0 0 4 0 0 0 4 0 2 0 0 0 0 0 4 0 6 0 3 1 0 0 0 0 5 0 5 0 1 0 4 0 6 0 4 1 0 0 0 0 0 0 6 0 4 1 0 0 5 0 2 0 2 0 1 0 2 0 3 0 2 0 1 0 4 0 3 1 0 0 3 0 4 0 4 1 0 0 4 0 5 0 6 0 0 0 2 1 0 0 4 0 6 0 5 0 2 1 0 0 6 0 1 0 6 0 0 0 3 0 0 0 1 0 4 1 0 0 3 0 4 0 4 0 6 0 0 0 1 0 0 0 5 0 1 0 2 0 4
0 267 4 0 5 0 6 0 1 0 4 0 6 0 4 0 2 0 2 0 1 0 1 0 1 0 6 0 1 0 5 0 4 0 4 0 2 0 1 0 1 0 0 0 1 0 4 0 5 0 4 0 6 0 6 0 3 0 2 0 0 0 5 0 2 0 2 1 0 0 3 0 4 0 2 0 0 0 4 0 6 0 1 0 4 0 0 0 0 1 0 0 4 0 2 0 6 0 1 0 5 0 0 0 5 1 0 0 0 0 5 0 4 0 5 0 3 0 0 0 2 1 0 0 1 0 0 0 5 0 2 0 0 0 2 0 0 0 5 0 0 0 1 0 1 0 6 0 0 1 0 0 1 0 3 0 3 0 4 0 1 0 6 0 2 1 0 0 0 0 1 0 5 0 3 0 0 0 2 0 5 0 4 0 2 0 4 0 6 0 4 0 3 0 1 0 0 1 0 1 0 0 2 0 3 0 0 0 1 0 4 0 5 0 1 0 5 1 0 0 1 0 6 0 3 1 0 0 0 0 4 0 4 0 4 0 1 0 6 0 0 0 3 0 1 1 0 1 0 0 2 0 2 0 5 0 1 0 2 0 1 0 2 0 3 0 5 0 1
0 269 1 0 1 0 4 0 5 0 4 0 1 0 6 0 1 0 5 0 4 0 2 0 2 0 3 0 4 0 4 0 3 0 2 0 1 0 5 0 2 0 2 0 0 0 3 0 1 0 4 0 2 0 6 0 5 1 0 0 5 0 1 0 2 0 5 0 5 0 6 0 6 0 0 0 5 0 1 0 1 0 5 0 4 0 0 0 1 0 1 1 0 0 0 0 6 0 4 0 4 0 2 0 2 0 3 1 0 0 1 0 3 0 2 0 3 1 0 0 1 0 5 0 6 0 1 0 1 0 2 0 5 0 0 0 4 0 1 0 2 0 1 0 2 0 3 0 4 0 2 0 6 0 1 1 0 0 0 0 1 0 4 0 4 0 6 0 5 1 0 0 3 0 2 1 0 0 1 0 5 0 3 0 1 0 6 0 1 0 6 0 1 1 0 0 3 0 1 1 0 0 6 0 3 0 6 0 0 0 3 0 1 0 3 0 4 0 3 1 0 0 3 0 5 0 0 1 0 0 1 0 1 0 2 0 1 0 4 0 4 0 1 0 6 0 3 1 0 0 6 0 3 0 5 0 2 0 3 0 4 0 2 0 4 1 0 0 3 0 3
1 269 2 0 3 0 1 0 4 0 1 0 4 0 4 0 4 0 3 0 1 0 5 0 4 1 0 0 2 0 1 1 0 0 5 0 3 0 2 0 5 0 4 0 0 0 6 0 3 0 0 0 6 0 5 0 5 0 0 0 2 0 3 0 5 0 3 0 4 0 6 0 5 0 2 0 2 0 3 0 3 0 3 0 1 0 1 0 2 0 3 0 6 0 0 0 5 0 2 0 1 0 5 0 4 1 0 1 0 0 2 0 6 0 4 1 0 1 0 0 3 0 3 0 5 0 3 0 2 0 5 0 2 0 2 0 0 0 3 0 4 0 2 0 4 1 0 0 1 0 6 0 4 0 4 0 5 1 0 0 3 0 1 0 2 0 6 0 4 1 0 0 6 0 5 0 6 0 2 0 2 1 0 0 4 0 4 0 4 0 4 0 4 0 6 0 5 0 3 1 0 0 5 0 0 0 5 0 1 0 6 0 2 1 0 0 2 0 0 1 0 1 0 0 3 0 2 0 6 0 1 0 2 0 4 0 3 0 1 0 1 0 4 0 5 0 1 0 0 0 5 0 0 0 3 0 5 1 0 0 1 0 6 0 1 1 0 1 0 0 0
1 269 4 0 6 0 3 0 0 0 4 0 1 0 2 0 1 1 0 0 4 0 3 0 2 1 0 0 4 0 3 1 0 0 2 1 0 0 6 0 3 0 1 0 2 0 4 1 0 0 2 0 5 0 4 0 3 0 1 0 4 1 0 0 4 0 0 0 2 0 6 0 3 0 5 0 4 0 6 0 6 0 6 0 2 0 2 0 4 1 0 0 5 0 2 0 2 0 5 0 3 0 3 0 3 0 0 0 6 0 4 0 5 0 3 0 0 0 6 0 5 1 0 0 3 1 0 0 6 0 2 0 5 0 4 0 0 1 0 0 1 0 6 0 1 1 0 0 3 0 5 0 2 0 2 0 4 1 0 0 6 0 2 0 5 0 5 0 3 0 0 0 5 0 4 0 5 0 5 0 5 1 0 0 1 0 2 0 2 0 2 0 2 0 6 0 4 0 1 0 0 0 2 0 2 0 2 0 4 0 4 0 6 0 6 0 3 0 1 1 0 0 6 0 5 0 5 0 4 0 3 0 5 0 0 1 0 0 3 0 3 0 1 0 3 0 3 0 1 0 2 0 1 1 0 0 4 1 0 0 3 0 4 0 4 1 0 0 5 1 0
1 271 1 0 1 0 5 1 0 0 2 0 0 0 3 0 4 0 3 1 0 0 0 1 0 1 0 0 0 0 1 0 0 1 0 0 5 1 0 0 4 1 0 0 3 0 5 0 1 1 0 0 5 0 3 0 1 1 0 0 4 0 2 0 0 0 0 0 1 0 5 0 5 0 0 0 4 0 2 0 6 0 6 0 5 0 5 0 5 0 2 0 0 0 2 0 5 0 5 0 2 1 0 1 0 1 0 0 2 0 5 0 2 0 3 1 0 0 2 0 5 0 5 0 0 0 0 0 0 0 4 0 6 0 3 0 1 0 2 0 6 0 2 0 4 0 4 0 6 0 6 0 2 0 5 0 5 0 2 0 0 0 4 0 6 0 3 0 3 1 0 0 2 0 3 0 2 0 4 0 4 0 4 1 0 0 2 0 4 0 4 0 4 0 5 0 5 0 1 0 3 0 0 0 4 0 4 0 5 0 1 0 2 0 6 0 5 1 0 0 4 1 0 0 5 0 4 0 4 0 2 0 0 0 3 0 2 0 6 0 5 0 6 0 2 0 6 0 6 0 2 0 4 0 3 1 0 0 1 1 0 1 0 0 2 0 3 0 0 0 3 1 0
1 271 2 0 3 0 3 1 0 0 4 0 0 1 0 0 2 0 0 1 0 0 1 1 0 0 5 1 0 0 2 0 1 1 0 0 4 0 0 0 1 1 0 1 0 0 3 0 4 1 0 0 2 1 0 0 4 1 0 0 0 0 5 0 0 0 0 0 3 0 3 0 3 0 2 0 0 0 6 0 5 0 6 0 4 0 4 0 3 0 5 0 0 0 5 0 3 0 3 1 0 0 0 1 0 0 6 0 4 0 2 0 5 1 0 1 0 0 5 0 3 0 3 0 1 0 0 0 1 0 1 0 5 1 0 0 3 0 5 0 4 0 6 0 1 0 2 0 6 0 5 0 6 0 3 0 3 0 5 0 1 0 1 0 6 0 0 0 0 1 0 0 4 0 6 0 5 0 1 0 2 0 2 1 0 0 5 0 1 0 2 0 2 0 4 0 3 0 3 0 6 0 1 0 1 0 2 0 3 0 3 0 5 0 5 0 5 0 0 0 2 0 0 0 3 0 2 0 1 0 5 0 0 0 6 0 5 0 5 0 4 0 5 0 6 0 5 0 5 0 6 0 1 0 0 1 0 0 3 1 0 0 6 0 3 0 6 0 0 1 0 1 0
1 271 4 1 0 0 1 0 0 0 0 0 2 0 6 0 3 0 1 0 6 0 2 1 0 0 3 1 0 0 4 0 3 1 0 0 0 0 1 0 3 1 0 0 6 0 6 0 1 1 0 0 5 1 0 0 1 1 0 0 1 0 2 0 1 0 0 0 6 0 6 0 6 0 4 0 1 0 5 0 4 0 6 0 2 0 2 0 0 0 3 0 2 0 3 0 0 0 0 1 0 0 1 1 0 0 5 0 1 0 6 0 4 0 0 1 0 0 2 1 0 1 0 0 3 0 0 0 2 0 3 0 3 1 0 1 0 0 4 0 2 0 5 0 3 0 5 0 5 0 4 0 6 0 0 0 0 0 3 0 3 0 3 0 4 0 1 0 1 1 0 0 1 0 6 0 3 0 3 0 4 0 5 1 0 0 2 0 3 0 4 0 5 0 1 0 0 0 0 0 5 0 3 0 2 0 4 1 0 0 0 0 4 0 4 0 3 0 1 0 4 0 0 0 6 0 4 0 3 0 2 0 2 0 5 0 4 0 4 0 2 0 4 0 6 0 4 0 4 0 5 0 3 0 1 1 0 0 0 0 0 0 5 0 0 0 5 0 2 1 0 0 5
0 273 1 0 1 1 0 0 2 0 0 0 0 0 5 0 4 1 0 0 4 0 4 1 0 0 0 0 0 0 0 0 1 0 0 1 0 0 0 0 3 0 0 0 0 0 5 0 5 0 4 1 0 0 3 1 0 0 3 0 6 0 1 0 4 0 2 0 1 0 5 0 6 0 6 0 1 0 4 0 3 0 2 0 5 0 5 0 4 0 0 0 6 0 4 0 6 0 0 0 1 0 6 0 2 1 0 0 2 0 4 0 5 0 1 0 2 0 6 0 4 1 0 0 6 0 5 0 0 0 4 1 0 0 1 0 0 1 0 0 0 0 6 0 3 0 0 0 4 0 4 0 2 0 5 0 1 0 0 1 0 0 0 0 0 0 1 0 3 0 3 0 6 0 2 0 5 0 0 0 0 0 2 0 4 1 0 0 4 1 0 0 2 0 3 0 3 0 0 0 1 0 2 1 0 0 6 0 1 1 0 0 1 0 1 0 1 1 0 0 4 0 0 0 2 0 5 0 1 1 0 0 5 0 5 0 3 0 2 0 1 0 6 0 1 0 6 0 2 0 2 0 3 1 0 0 4 0 5 1 0 0 1 0 2 0 2 0 2 1 0 0 0 0 3
1 273 2 0 3 0 6 0 3 0 0 0 1 0 3 0 3 0 0 0 1 0 2 1 0 0 0 0 0 0 0 0 2 0 1 0 5 1 0 0 6 0 0 0 1 0 3 0 4 0 2 1 0 1 0 1 0 1 0 0 5 0 4 0 0 0 5 0 3 0 3 0 6 0 5 0 4 0 0 1 0 0 6 0 3 0 4 0 1 0 2 0 5 0 2 0 5 0 1 0 3 0 4 0 6 0 6 0 4 0 1 0 3 0 3 0 5 0 5 0 3 0 0 0 5 0 3 0 2 0 1 1 0 0 2 0 1 0 6 0 0 0 4 1 0 0 2 0 1 0 1 0 6 0 2 0 3 0 1 0 5 1 0 0 0 0 2 1 0 0 0 0 5 0 6 0 2 0 1 0 0 0 5 0 2 0 0 0 1 1 0 0 4 0 6 0 6 0 0 0 2 0 5 1 0 0 4 0 4 0 6 0 1 0 2 0 3 1 0 0 0 0 1 0 5 0 2 0 4 1 0 0 3 0 3 1 0 0 5 0 3 0 4 0 4 0 4 0 5 0 5 0 0 0 0 0 1 0 4 1 0 0 2 0 4 0 4 0 5 0 5 1 0 1 0
1 273 4 1 0 0 5 1 0 0 1 0 2 0 6 0 6 0 0 0 2 0 5 0 5 1 0 0 0 0 0 0 4 0 3 0 4 0 0 0 4 0 1 0 2 1 0 0 1 1 0 0 0 1 0 1 0 1 0 0 3 0 1 0 2 0 3 0 0 0 0 0 6 0 4 0 1 0 2 1 0 0 5 0 0 0 1 0 3 0 5 0 2 0 6 0 2 0 3 1 0 0 2 0 6 0 6 0 1 0 3 1 0 0 0 0 4 0 3 1 0 0 2 0 2 1 0 0 5 0 3 0 6 0 3 0 3 0 4 0 2 0 1 1 0 0 4 0 2 0 3 0 4 0 5 0 6 0 3 0 3 1 0 0 0 0 5 0 6 0 0 0 3 0 5 0 5 0 2 0 1 0 2 0 5 0 0 0 3 1 0 0 1 0 6 0 5 0 1 0 5 0 4 0 0 0 1 0 2 0 5 0 3 0 4 1 0 1 0 0 0 0 3 0 2 0 6 0 1 1 0 1 0 0 1 0 0 0 3 0 0 0 2 0 2 0 2 0 4 0 3 0 1 0 0 0 3 0 1 1 0 0 5 0 1 0 2 0 4 0 5 0 0 0 5
0 275 1 0 2 0 0 0 3 1 0 0 2 0 5 0 5 0 5 0 1 0 5 0 3 0 4 1 0 0 0 0 1 0 1 0 0 0 1 0 2 0 0 0 3 0 5 0 6 0 2 0 6 0 0 1 0 1 0 0 6 0 5 0 2 0 4 0 6 0 0 0 1 0 5 0 1 0 3 0 5 1 0 0 2 0 1 0 2 1 0 0 3 0 6 0 4 0 5 1 0 1 0 0 5 0 5 0 5 0 3 1 0 1 0 0 1 0 1 0 0 1 0 0 4 0 5 1 0 0 3 0 0 0 6 0 0 0 0 0 1 0 5 0 3 1 0 0 0 0 5 1 0 0 2 0 4 0 6 0 0 0 0 1 0 0 1 0 3 0 5 0 1 1 0 0 4 0 3 0 5 0 2 0 5 0 2 0 1 1 0 1 0 0 3 0 5 0 3 0 4 0 3 0 1 0 1 0 2 0 5 0 3 0 0 0 3 0 0 0 5 1 0 0 6 0 5 0 4 0 4 1 0 0 6 0 1 0 0 0 6 0 0 0 4 0 4 0 5 0 0 1 0 0 3 0 0 0 6 0 3 1 0 0 2 0 3 0 5 0 1 0 3 0 2 0 3
1 275 2 0 4 0 0 1 0 1 0 0 5 0 3 0 4 0 3 0 4 0 3 0 0 0 2 1 0 0 0 0 2 0 2 0 0 0 2 0 4 0 0 1 0 0 4 0 5 0 6 0 4 0 2 1 0 1 0 0 5 0 3 0 6 0 1 0 5 0 1 0 3 0 2 0 3 1 0 0 4 1 0 0 4 0 2 0 5 0 6 0 6 0 5 0 2 0 5 0 0 1 0 0 3 0 4 0 4 0 1 0 0 0 6 0 1 0 2 0 1 1 0 0 1 0 4 1 0 0 6 0 1 0 4 0 1 0 0 0 3 0 3 0 0 1 0 0 1 0 3 1 0 0 5 0 1 0 5 0 1 0 1 0 6 0 1 1 0 0 3 0 4 1 0 0 1 0 0 0 3 0 6 0 2 0 5 0 3 1 0 0 6 0 6 0 3 0 0 0 1 1 0 0 3 0 2 0 5 0 2 1 0 0 1 0 6 0 1 0 4 0 0 0 5 0 4 0 2 0 3 0 0 0 4 0 3 0 1 0 4 0 2 0 1 0 2 0 3 0 2 0 6 0 5 0 1 0 5 0 0 1 0 0 4 1 0 0 3 0 3 0 6 0 4 1 0
1 275 5 0 0 0 2 1 0 1 0 0 3 0 0 0 2 0 0 0 1 1 0 0 1 0 5 0 5 1 0 0 4 0 4 0 0 0 5 0 0 0 2 1 0 0 1 0 4 0 6 0 1 1 0 0 0 1 0 0 3 0 0 0 5 0 4 0 2 0 3 0 6 0 5 0 0 0 0 0 2 0 0 0 0 0 6 0 3 0 6 0 6 0 3 0 6 0 2 0 2 0 6 0 6 0 1 0 1 0 3 0 1 0 4 0 3 0 4 0 3 0 6 0 2 0 2 0 0 0 4 0 4 0 0 0 3 0 0 0 6 0 6 0 1 0 6 0 2 0 0 0 0 0 2 0 4 0 2 0 3 0 3 0 4 0 4 0 6 0 6 0 1 1 0 0 2 0 0 1 0 0 5 0 6 0 3 0 1 0 0 0 5 0 5 1 0 0 1 0 3 0 6 0 5 0 5 0 2 0 6 0 6 0 2 0 4 0 4 0 0 0 2 0 3 0 1 0 5 0 6 0 1 0 0 1 0 0 4 0 0 0 5 0 2 0 4 0 6 0 5 0 5 0 3 0 4 0 2 0 2 1 0 0 1 1 0 1 0 0 0 0 6 0 2 1 0
1 277 1 0 2 0 1 0 5 1 0 0 6 0 5 0 0 0 4 0 0 0 3 0 6 0 2 0 3 0 5 0 0 0 1 0 1 0 2 0 2 0 1 0 5 0 6 0 2 0 1 0 5 0 4 0 6 0 0 0 6 0 5 0 1 0 3 0 1 0 5 1 0 0 6 0 3 0 1 0 0 0 4 0 0 0 1 0 5 0 0 0 6 0 6 0 0 0 5 0 5 0 5 0 5 0 5 0 3 0 2 0 6 0 3 0 1 0 0 0 2 0 0 0 5 0 5 0 4 0 1 0 1 0 1 0 1 0 6 0 1 0 5 0 5 0 4 0 4 0 5 0 0 0 0 0 5 0 0 0 5 1 0 0 0 0 2 0 2 0 6 0 5 0 4 0 6 0 3 0 1 1 0 0 3 0 5 1 0 0 3 0 1 0 3 0 4 1 0 0 2 1 0 0 6 0 4 0 3 0 6 0 5 0 5 0 6 0 1 0 1 0 1 0 4 0 6 0 3 0 3 0 5 0 3 0 1 1 0 0 0 0 2 0 2 0 6 0 1 0 6 0 4 0 4 0 0 0 1 0 5 0 5 0 6 0 2 1 0 0 6 0 0 0 4 0 6 0 5
1 277 2 0 4 0 3 0 4 0 0 0 5 0 3 0 2 0 0 0 1 1 0 0 5 0 5 1 0 0 3 0 1 0 2 0 2 0 4 0 4 0 3 0 3 0 5 0 5 0 3 0 3 0 2 0 5 0 2 0 5 0 3 0 3 0 6 0 3 0 4 0 0 0 4 1 0 0 3 0 1 0 0 0 1 0 3 0 2 0 2 0 5 0 5 0 2 0 3 0 4 0 4 0 4 0 3 1 0 0 6 0 4 1 0 0 3 0 0 0 4 0 1 0 3 0 4 0 1 0 3 0 2 0 2 0 3 0 4 0 4 0 3 0 4 0 2 0 2 0 3 0 1 0 1 0 2 0 2 0 3 1 0 0 0 0 4 0 5 0 5 0 4 0 2 0 5 1 0 0 4 0 6 0 6 0 3 1 0 0 6 0 2 1 0 0 2 1 0 0 5 1 0 0 5 0 2 0 0 0 6 0 4 0 4 0 5 0 3 0 2 0 3 0 1 0 6 0 0 0 0 0 3 1 0 0 4 0 5 1 0 0 4 0 5 0 4 0 4 0 5 0 2 0 1 0 1 0 3 0 3 0 4 0 5 1 0 0 0 0 4 0 2 0 1 0 6 0 4
0 277 5 0 1 0 0 0 1 0 2 0 2 1 0 0 5 0 0 0 3 1 0 0 3 0 4 1 0 0 6 0 2 0 4 0 5 0 1 0 2 0 0 0 0 0 4 0 3 1 0 1 0 0 6 0 2 0 6 0 3 0 0 0 0 0 6 0 0 0 1 0 2 0 1 1 0 0 6 0 2 0 0 0 2 0 6 0 4 0 5 0 3 0 3 0 5 1 0 0 2 0 2 0 2 0 1 0 0 0 5 0 2 1 0 0 6 0 1 0 0 0 3 1 0 0 1 0 3 0 6 0 4 0 4 1 0 0 2 0 2 0 0 0 1 0 5 0 4 0 6 0 2 0 2 0 4 0 4 1 0 1 0 0 1 0 1 0 4 0 4 0 1 0 6 0 4 0 0 0 1 0 6 0 6 0 1 0 0 0 4 0 6 0 6 0 4 1 0 0 4 0 0 0 2 0 5 0 1 0 5 0 2 0 2 0 3 1 0 0 5 0 6 0 3 0 4 0 1 0 1 0 0 0 0 0 1 0 5 0 0 0 1 0 4 0 2 0 2 0 3 0 5 0 2 0 2 1 0 0 0 0 2 0 4 1 0 0 1 0 0 0 5 0 3 0 5 0 2
1 279 1 0 2 0 3 0 0 0 2 0 4 0 5 1 0 0 2 0 1 1 0 1 0 1 0 0 3 0 0 0 4 0 6 0 1 0 3 0 3 0 4 0 0 0 1 0 1 0 1 0 0 1 0 0 4 0 6 0 4 1 0 0 1 0 1 0 4 0 1 0 2 0 4 0 3 1 0 0 4 0 5 0 0 0 5 0 5 0 2 0 4 0 0 0 0 0 4 1 0 0 4 0 4 0 4 0 2 0 1 0 2 1 0 0 0 0 4 0 3 0 0 1 0 1 0 0 2 1 0 0 6 0 2 0 2 1 0 0 4 0 4 0 0 0 3 0 3 0 2 0 5 0 5 0 5 0 1 0 3 0 0 0 6 0 1 0 3 0 1 0 1 0 4 0 5 0 1 0 1 0 3 0 5 0 5 0 3 0 1 0 1 0 6 0 6 0 3 0 0 0 0 0 1 0 5 0 2 0 4 0 2 0 5 0 5 0 0 0 0 0 3 0 6 0 0 0 1 0 3 0 2 0 0 0 0 0 3 0 2 0 1 0 3 0 0 0 5 0 4 1 0 0 3 0 5 0 5 0 5 1 0 0 5 0 1 1 0 0 2 0 1 0 3 0 0 0 3 0 5
1 279 2 0 4 0 6 0 0 0 5 0 1 0 4 1 0 0 4 0 3 1 0 1 0 0 6 0 5 0 1 0 1 0 5 0 3 1 0 0 0 0 1 0 1 0 2 0 2 0 2 0 1 1 0 0 1 0 6 0 2 1 0 0 2 0 3 0 0 0 3 0 5 0 1 0 1 0 0 0 1 0 3 0 2 0 3 0 3 0 6 0 0 0 1 0 1 0 2 0 0 0 1 0 2 0 1 0 5 0 2 0 5 0 6 0 0 0 0 1 0 0 2 1 0 0 6 0 4 1 0 0 4 0 5 0 5 1 0 0 1 0 1 0 1 0 6 0 6 0 5 0 3 0 4 0 3 0 3 0 6 0 1 0 4 0 3 0 6 0 2 0 3 0 1 0 3 0 3 0 2 1 0 0 4 0 3 1 0 0 3 0 3 0 5 0 5 1 0 0 1 0 0 0 3 0 2 0 6 0 0 0 6 0 3 0 3 0 1 0 0 1 0 0 5 0 1 0 2 0 6 0 4 0 0 0 0 0 6 0 4 0 2 0 6 0 1 0 3 0 2 1 0 1 0 0 4 0 4 0 5 0 0 0 2 0 4 0 6 0 3 0 2 0 6 0 0 1 0 0 4
0 279 5 0 1 0 5 0 2 0 2 0 4 0 2 0 0 0 1 0 1 0 0 1 0 0 5 0 3 0 3 0 3 0 3 0 0 1 0 0 0 0 2 0 2 0 4 0 4 0 4 0 3 0 6 0 2 0 4 0 6 0 6 0 3 0 6 0 0 1 0 0 3 0 3 0 2 0 0 0 2 0 6 0 4 1 0 0 0 0 5 0 1 0 2 0 2 0 4 0 0 0 2 0 4 0 3 0 2 0 6 0 3 0 5 0 1 0 1 0 6 0 4 1 0 0 5 0 3 0 0 0 1 0 4 0 4 1 0 0 2 0 2 0 3 0 5 0 6 0 4 0 0 0 2 0 0 0 0 0 5 0 4 0 1 0 0 0 5 0 5 0 6 0 2 0 6 0 6 0 5 1 0 0 1 0 0 1 0 1 0 0 0 0 4 0 4 1 0 0 2 0 0 0 6 0 5 0 4 0 2 0 4 1 0 1 0 0 3 0 1 1 0 0 2 0 3 0 5 0 5 0 1 0 1 0 1 0 5 0 1 0 6 0 4 0 3 0 6 0 5 1 0 1 0 0 1 0 2 0 3 0 1 0 5 0 1 0 5 1 0 0 6 0 4 0 2 1 0 0 1
0 281 1 0 2 0 4 0 2 0 5 0 5 0 0 0 5 0 0 0 2 0 2 0 1 1 0 0 2 1 0 1 0 1 0 1 0 0 2 0 5 1 0 0 4 0 5 0 1 0 2 0 2 0 0 0 5 0 6 0 1 0 6 0 6 0 0 0 5 0 2 0 6 0 5 0 6 0 4 0 0 0 5 0 5 0 2 1 0 0 1 0 2 0 3 0 4 0 5 0 0 0 1 0 5 0 0 1 0 0 6 0 5 0 0 0 3 0 3 0 3 0 5 0 3 0 0 0 2 1 0 0 1 0 3 0 1 0 2 1 0 0 4 0 4 1 0 0 4 0 6 0 1 0 1 0 4 0 0 0 1 0 3 0 1 0 3 0 1 0 3 0 4 0 5 0 6 0 5 0 6 0 4 1 0 0 2 0 1 1 0 0 6 0 0 0 1 0 2 1 0 0 4 0 1 0 5 0 4 0 1 0 6 0 2 0 0 0 6 0 5 0 3 0 6 0 3 1 0 0 4 0 3 0 3 0 2 0 3 0 2 0 4 0 5 0 2 0 0 0 6 0 5 0 0 0 6 0 1 0 4 0 6 0 3 0 2 0 4 0 4 0 0 0 5 0 1 0 6 0 6 0 1
1 281 2 0 5 0 0 0 6 0 3 0 3 0 2 0 2 0 1 0 4 0 4 0 3 0 6 0 4 1 0 1 0 1 0 0 6 0 4 0 4 0 0 0 1 0 3 0 3 0 4 0 4 0 1 0 3 0 5 0 4 0 5 0 5 0 2 0 2 0 6 0 5 0 4 0 6 0 1 0 2 0 3 0 3 0 6 0 6 0 1 0 4 1 0 0 2 0 3 0 1 0 3 0 2 0 2 1 0 0 5 0 3 0 1 1 0 0 0 0 0 0 3 1 0 0 1 0 5 0 6 0 1 0 6 0 2 0 5 1 0 0 1 0 3 0 0 0 1 0 5 0 3 0 3 0 0 0 1 0 2 0 6 0 2 0 6 0 2 1 0 0 2 0 4 0 6 0 4 0 6 0 2 1 0 0 4 0 3 1 0 0 4 0 1 0 2 0 5 1 0 0 0 0 4 0 3 0 1 0 4 0 4 0 5 0 1 0 5 0 4 0 0 0 6 0 1 0 0 0 0 1 0 1 0 0 5 0 6 0 5 0 1 0 3 0 5 0 1 0 5 0 3 0 2 0 4 0 4 0 1 0 5 1 0 0 6 0 1 0 1 0 2 0 2 0 4 0 5 0 5 0 3
0 281 5 0 2 0 2 0 4 1 0 1 0 0 5 0 4 0 3 0 1 0 2 0 0 0 6 0 3 0 0 1 0 1 0 0 5 0 2 0 1 0 1 0 2 1 0 0 0 0 2 0 1 0 3 1 0 0 4 0 2 0 4 0 3 0 5 0 5 0 5 0 4 0 2 0 5 0 3 0 4 1 0 0 0 0 6 0 5 0 4 0 1 1 0 0 4 0 6 0 2 0 6 0 4 0 5 1 0 0 2 1 0 0 4 0 5 1 0 0 0 1 0 1 0 0 3 0 3 0 5 0 4 0 4 0 6 0 3 1 0 0 2 0 6 0 0 0 3 0 2 1 0 1 0 0 1 0 2 0 5 0 4 0 6 0 4 0 6 0 6 0 4 0 1 0 6 0 2 0 5 1 0 0 0 0 1 0 1 0 0 0 0 0 3 0 5 0 3 1 0 0 1 0 0 1 0 0 4 0 1 0 2 0 3 0 4 0 3 0 1 0 2 0 4 0 3 0 0 0 1 1 0 1 0 0 3 0 6 0 3 0 3 1 0 0 3 0 4 0 2 1 0 0 6 0 1 0 1 0 4 0 4 0 0 0 4 0 3 0 2 0 4 0 5 0 1 0 4 0 4 0 0
0 283 1 0 2 0 5 0 5 0 2 0 0 1 0 0 3 0 1 1 0 0 3 0 4 0 1 0 4 1 0 0 2 1 0 1 0 0 2 0 5 0 2 0 2 0 5 0 5 1 0 0 4 0 3 0 0 0 0 0 0 0 6 0 1 0 0 0 4 0 4 0 4 0 1 0 6 0 3 0 0 0 2 1 0 0 1 0 5 0 4 0 1 0 4 1 0 0 1 0 5 0 6 0 5 0 2 0 4 1 0 0 5 1 0 0 1 0 4 1 0 0 1 1 0 0 6 0 5 1 0 0 4 0 2 0 2 0 6 0 0 1 0 0 5 0 4 0 1 0 6 0 5 1 0 0 6 0 1 0 5 0 3 0 2 0 6 0 2 0 6 0 6 0 1 0 4 0 4 0 6 0 3 1 0 0 0 0 2 0 2 0 0 0 0 1 0 0 4 0 0 1 0 0 2 0 1 1 0 0 0 0 3 0 4 1 0 0 1 1 0 0 3 0 5 0 0 1 0 0 1 0 3 1 0 0 6 0 6 0 5 0 0 0 0 1 0 1 0 0 1 1 0 0 0 0 4 0 3 0 3 0 1 0 1 0 2 0 0 1 0 0 6 0 1 0 3 0 4 0 1 0 1 0 1
0 283 2 0 5 0 3 0 3 0 5 0 1 0 6 0 5 0 3 0 6 0 6 0 0 0 4 0 1 1 0 0 5 1 0 0 6 0 4 0 2 0 5 0 5 0 3 0 5 0 0 0 0 1 0 0 1 0 0 0 1 0 4 0 3 0 1 0 1 0 2 0 1 0 4 0 4 1 0 0 1 0 5 0 6 0 2 0 3 0 1 0 4 0 1 1 0 0 3 0 3 0 6 0 3 0 6 0 2 0 0 0 3 1 0 0 3 0 1 1 0 0 3 1 0 0 5 0 5 0 0 0 0 0 5 0 5 0 4 0 2 1 0 0 3 0 1 0 4 0 5 0 5 0 0 0 4 0 4 0 2 1 0 0 6 0 4 0 6 0 5 0 5 0 4 0 1 0 2 0 6 0 0 1 0 0 0 0 4 0 4 0 0 0 1 1 0 0 0 0 2 0 6 0 3 0 3 0 5 1 0 1 0 0 2 1 0 0 3 0 6 0 6 0 2 0 2 0 6 0 2 0 0 0 0 0 5 0 6 0 3 0 1 0 1 1 0 0 6 0 2 0 6 0 0 0 0 1 0 1 0 0 3 0 2 0 4 0 1 1 0 0 4 0 3 1 0 0 1 0 3 0 2 0 2
1 283 5 0 3 0 0 0 0 0 3 0 4 0 5 0 4 0 0 0 6 0 5 0 2 0 0 0 4 1 0 0 4 0 0 0 5 0 1 0 6 0 3 0 4 0 0 0 3 0 1 0 1 0 6 0 1 0 0 0 3 0 0 1 0 0 3 0 2 0 4 0 3 0 1 0 2 1 0 0 3 0 3 0 5 0 5 0 6 0 3 0 0 0 4 0 6 0 5 1 0 0 6 0 0 0 5 0 5 0 0 1 0 1 0 0 6 0 3 1 0 0 0 0 0 0 3 0 3 0 1 0 1 0 3 0 4 0 1 0 6 0 6 0 5 0 3 0 1 0 4 0 3 0 2 0 1 0 1 1 0 0 0 0 5 0 2 0 6 0 4 0 4 0 1 0 3 0 5 0 4 0 2 0 6 0 0 0 1 0 1 0 1 0 3 0 5 1 0 0 5 0 5 0 0 0 0 0 5 0 0 0 6 0 4 0 6 0 6 0 5 0 5 0 5 0 5 0 4 0 5 0 0 0 1 0 3 0 5 1 0 0 3 0 3 1 0 0 4 0 6 0 4 0 1 0 1 1 0 0 6 0 5 0 5 0 0 0 4 1 0 0 1 0 0 1 0 0 2 0 6 0 4 0 4
0 285 1 0 2 1 0 0 1 0 0 1 0 0 2 0 4 0 1 0 2 0 5 0 3 0 5 0 1 0 2 0 0 0 0 0 2 0 2 0 4 0 5 0 0 0 1 0 1 0 6 0 2 0 3 0 4 0 3 0 0 0 6 0 1 0 6 0 5 0 5 0 0 1 0 0 3 0 5 0 6 0 5 1 0 0 4 0 4 0 5 1 0 0 2 0 1 0 6 0 5 0 0 0 4 0 2 0 3 0 3 0 2 1 0 1 0 0 5 0 0 1 0 0 0 0 0 0 6 0 6 0 2 0 2 1 0 0 1 0 4 0 5 0 6 0 3 1 0 0 4 0 0 1 0 0 5 0 2 0 3 0 6 0 0 0 2 0 6 0 5 0 2 0 1 0 3 1 0 0 4 0 1 0 6 0 4 0 1 0 2 0 2 0 2 1 0 0 5 0 0 0 3 0 3 0 1 0 1 0 2 0 2 0 5 0 2 0 6 0 6 0 4 0 4 0 4 0 4 0 2 0 3 0 1 0 2 1 0 0 4 1 0 1 0 0 1 0 0 0 1 0 6 0 1 0 3 0 3 1 0 0 5 0 4 0 3 0 2 0 1 1 0 0 2 0 1 0 6 0 4 0 5 0 2 0 2
1 285 2 0 5 0 6 0 1 0 1 0 6 0 4 0 0 0 3 0 5 0 3 0 0 0 3 0 3 0 4 0 0 0 0 0 4 0 5 0 1 0 3 0 1 0 2 0 3 0 4 0 5 1 0 0 1 1 0 0 2 0 4 0 4 0 5 0 4 0 3 0 2 0 6 0 6 0 3 0 6 0 5 0 0 0 1 0 2 0 4 1 0 0 4 0 3 0 5 0 3 0 2 0 0 0 5 0 6 0 6 0 5 1 0 1 0 0 2 0 2 0 5 1 0 0 1 0 5 0 5 0 5 0 5 0 6 0 2 0 1 0 4 0 6 0 1 0 0 0 0 0 2 1 0 0 2 0 5 1 0 0 5 0 1 0 5 0 5 0 3 0 5 0 3 0 0 0 0 0 0 0 4 0 5 0 1 0 3 0 4 0 4 0 5 1 0 0 2 0 1 0 6 0 6 0 2 0 2 0 4 0 5 0 2 0 6 0 5 0 6 0 2 0 2 0 2 0 1 0 5 0 6 0 2 0 5 1 0 0 2 0 0 0 6 0 1 0 0 0 3 0 4 0 3 1 0 0 1 0 0 0 3 0 1 1 0 0 5 0 3 0 6 0 3 0 3 0 5 0 2 0 3 0 5 0 4
0 285 5 0 3 0 5 0 3 0 3 0 5 0 1 0 1 1 0 0 3 1 0 0 1 1 0 0 0 0 1 0 1 0 1 0 1 0 3 0 3 0 6 0 2 0 4 1 0 0 2 0 4 1 0 0 3 0 6 0 4 0 1 0 2 0 4 0 1 1 0 0 6 0 5 0 6 0 0 0 6 0 3 0 1 0 2 0 5 0 2 0 0 0 1 0 0 0 3 1 0 0 5 0 1 0 3 0 6 0 6 0 5 0 0 0 6 0 3 0 5 0 3 1 0 0 3 0 3 0 4 0 4 0 4 0 5 0 5 0 3 0 1 0 5 0 3 0 0 0 0 0 5 0 6 0 4 0 4 0 0 0 2 0 4 0 3 0 4 0 0 0 3 1 0 0 1 0 0 0 1 0 1 0 3 0 3 1 0 0 2 0 2 0 4 1 0 0 4 0 3 0 5 0 5 0 5 0 5 0 1 0 3 0 6 0 5 0 4 0 5 0 5 0 4 0 4 0 3 0 3 0 5 0 6 0 3 1 0 0 4 0 1 0 4 0 3 0 0 1 0 0 2 0 0 1 0 0 2 0 0 0 6 0 3 1 0 0 3 0 0 0 6 0 0 0 0 0 3 0 5 1 0 0 4 0 2
1 287 1 0 3 0 0 0 4 0 0 0 0 0 3 0 3 0 3 0 6 0 6 0 6 0 2 0 5 1 0 0 2 0 2 0 2 0 2 1 0 0 0 0 5 0 6 0 1 1 0 0 5 0 1 1 0 1 0 0 6 0 1 0 3 0 5 0 0 0 4 1 0 0 5 0 4 0 5 0 2 0 4 1 0 0 3 0 5 0 2 0 5 0 0 0 2 0 1 0 0 0 0 0 2 0 3 1 0 0 6 0 6 0 3 0 2 0 5 0 0 0 4 0 0 1 0 1 0 0 0 0 2 0 2 0 2 0 4 0 3 1 0 0 4 0 2 1 0 0 1 0 1 0 3 0 6 0 2 0 1 0 1 0 5 0 1 0 0 0 1 0 1 1 0 1 0 0 2 0 0 0 2 0 2 1 0 0 0 1 0 0 4 0 5 0 2 0 0 0 1 0 0 0 4 0 4 0 4 0 3 0 3 1 0 0 6 0 4 0 2 0 4 0 4 0 2 0 2 0 0 0 0 0 4 0 6 0 1 0 0 0 0 0 4 0 0 1 0 0 2 0 6 0 3 0 1 0 6 0 3 0 1 0 5 0 0 1 0 0 6 0 1 0 4 0 1 0 0 1 0 0 5 0 0 0 0 0 5
0 287 2 0 6 0 1 0 0 0 1 0 0 1 0 0 0 0 0 0 6 0 6 0 5 0 6 0 3 1 0 0 4 0 4 0 4 0 5 0 6 0 0 0 3 0 5 0 4 1 0 0 2 0 4 1 0 1 0 0 4 0 3 1 0 0 3 0 2 0 2 0 0 0 3 0 2 0 3 0 6 0 1 1 0 1 0 0 3 0 6 0 2 0 1 0 4 0 2 0 0 0 0 0 5 0 0 0 0 0 5 0 5 1 0 0 6 0 2 0 2 0 0 0 2 1 0 0 5 1 0 0 4 0 4 0 5 0 1 0 1 0 0 0 0 0 6 0 6 0 1 0 2 1 0 0 5 0 5 0 2 0 3 0 2 0 3 0 0 0 2 0 3 1 0 0 6 0 3 0 0 0 4 0 5 0 6 0 0 1 0 0 1 0 3 0 5 0 0 0 2 0 1 0 1 0 2 0 2 0 0 0 1 0 0 0 5 0 1 0 6 0 1 0 1 0 5 0 4 0 0 0 1 0 1 0 5 0 3 0 0 0 1 0 0 0 2 0 6 0 4 0 4 1 0 0 4 0 4 1 0 0 4 0 2 0 2 1 0 0 4 0 4 0 0 0 3 0 1 1 0 0 2 0 1 0 1 0 3
1 287 5 0 4 0 3 0 0 0 2 0 1 0 5 1 0 0 1 0 5 0 6 0 4 0 6 0 1 0 0 0 1 0 2 0 2 0 4 0 5 0 1 1 0 0 4 0 2 1 0 0 5 0 2 0 0 1 0 0 1 0 0 1 0 0 6 0 4 0 4 0 0 0 6 0 4 1 0 0 5 0 4 1 0 0 6 0 6 0 4 0 5 0 3 0 0 0 5 0 0 0 1 0 2 0 1 0 1 0 3 0 5 0 0 0 4 0 5 0 4 0 0 0 5 1 0 0 4 0 0 0 1 0 2 0 3 0 3 0 2 0 0 0 1 0 5 0 5 0 3 0 5 1 0 0 3 0 3 0 5 0 6 0 4 0 6 0 0 0 5 0 0 0 0 0 4 1 0 0 2 0 1 0 4 0 5 0 2 0 6 0 1 1 0 0 3 0 1 0 4 0 2 0 2 0 4 0 4 0 0 0 2 0 1 0 2 0 4 0 4 0 3 0 3 0 3 0 1 0 1 0 2 0 3 0 2 1 0 0 1 0 2 0 0 0 5 0 5 0 2 0 3 0 0 0 1 0 3 0 0 0 0 0 5 0 5 1 0 0 1 0 1 0 1 0 6 0 3 0 6 0 3 0 2 0 2 1 0
1 289 1 0 3 0 1 1 0 0 1 0 4 0 3 0 3 1 0 0 3 0 3 0 6 0 2 0 5 0 3 0 0 0 2 0 4 0 5 0 1 0 3 0 4 1 0 0 0 1 0 0 0 0 2 0 5 0 1 0 6 0 1 0 1 1 0 0 5 0 2 0 1 0 2 0 5 0 3 0 0 0 3 0 3 0 0 0 5 0 6 0 2 0 3 1 0 0 2 0 2 0 1 0 2 0 4 0 2 0 2 1 0 0 3 0 2 0 1 0 4 0 1 0 2 0 4 0 0 0 0 0 1 0 2 0 4 0 6 0 6 0 4 0 0 0 3 0 3 0 4 0 0 0 4 1 0 1 0 0 0 0 4 0 6 0 2 0 5 0 2 0 2 0 1 0 1 0 1 1 0 0 4 0 3 0 1 0 3 0 6 0 4 0 4 0 6 0 5 0 3 0 0 0 5 0 5 0 1 0 1 0 1 0 4 0 2 0 5 0 1 0 1 1 0 1 0 1 0 0 3 0 2 0 4 0 6 0 5 0 6 0 1 0 4 0 1 0 3 0 3 0 5 0 6 0 0 0 2 0 6 0 0 0 1 0 3 0 4 1 0 0 2 0 2 0 3 0 5 0 0 0 5 1 0 0 5 0 5 0 5
1 289 2 0 6 0 3 0 6 0 2 0 1 0 0 0 0 1 0 1 0 0 0 0 5 0 6 0 2 1 0 0 1 0 5 0 1 0 3 0 3 1 0 0 2 1 0 0 1 0 5 1 0 0 5 0 2 0 4 0 4 0 3 0 3 1 0 0 2 0 5 0 2 0 5 0 2 1 0 0 1 0 6 0 6 0 1 0 3 0 5 0 5 1 0 1 0 0 4 0 4 0 2 0 5 0 0 0 5 0 5 0 6 0 5 0 4 0 3 0 0 0 3 0 5 0 0 0 1 0 0 0 2 0 5 0 1 0 6 0 6 0 1 0 1 1 0 0 0 0 1 0 2 0 2 0 0 0 6 0 0 0 1 0 5 0 6 0 2 0 5 0 4 0 2 0 2 0 3 1 0 0 0 1 0 0 3 1 0 0 6 0 2 0 2 0 6 0 3 1 0 0 2 0 3 0 3 0 3 0 2 0 3 0 0 0 6 0 2 0 3 0 3 1 0 1 0 0 6 0 5 0 5 0 1 0 6 0 4 0 5 0 4 0 0 0 3 1 0 0 0 0 4 0 5 0 1 0 5 0 4 0 1 0 2 1 0 0 2 1 0 0 4 0 4 1 0 0 3 0 2 0 4 0 0 0 3 0 4 0 4
0 289 5 0 5 0 0 0 5 0 5 0 2 0 0 0 1 1 0 0 6 0 0 0 3 0 5 0 6 0 6 0 2 0 2 0 3 1 0 0 0 1 0 0 5 0 6 0 2 0 4 0 0 0 2 0 6 0 1 0 2 0 0 0 0 1 0 0 5 0 2 0 6 0 2 0 6 0 6 0 2 0 5 0 5 0 3 1 0 0 4 0 5 0 0 1 0 0 1 0 1 0 6 0 2 0 2 0 3 0 4 0 6 0 4 0 1 1 0 0 1 1 0 0 3 0 1 0 2 0 0 0 5 0 2 0 4 0 5 0 5 0 3 0 3 0 5 1 0 0 2 0 4 0 4 0 1 0 4 0 1 0 3 0 3 0 5 0 6 0 3 0 1 0 5 0 4 1 0 1 0 0 1 1 0 0 0 0 0 0 4 0 5 0 5 0 5 0 0 1 0 0 4 0 6 0 6 0 6 0 4 0 6 0 1 0 4 0 5 1 0 0 1 0 0 1 0 0 5 0 4 0 3 0 4 0 5 0 2 0 4 0 1 0 1 1 0 1 0 0 1 0 1 0 3 0 4 0 3 0 1 0 3 0 5 0 6 0 4 1 0 0 1 0 2 1 0 0 6 0 5 0 0 0 1 1 0 0 2 0 2
1 291 1 0 3 0 3 0 2 0 3 0 3 0 5 0 0 0 3 1 0 0 4 0 1 1 0 0 4 0 6 0 5 0 5 0 4 1 0 1 0 0 1 1 0 0 3 0 5 0 6 0 0 0 1 0 5 0 4 0 3 0 4 0 0 0 1 1 0 0 2 0 6 0 4 0 6 0 5 0 5 0 6 0 3 0 4 0 1 0 0 0 1 0 3 0 2 0 6 0 1 0 3 0 4 0 5 0 4 1 0 0 2 0 6 0 1 0 4 0 6 0 2 0 6 0 5 0 2 0 4 0 1 0 2 0 6 0 1 0 4 0 4 0 0 0 0 0 4 1 0 0 5 0 1 0 1 0 4 0 0 0 3 1 0 0 0 0 4 0 5 1 0 0 4 0 3 0 3 0 0 0 6 0 2 0 5 1 0 0 1 0 1 0 4 0 4 0 3 0 2 1 0 0 1 0 6 0 6 0 6 0 2 0 5 0 4 0 1 0 4 1 0 0 2 0 1 1 0 0 3 0 2 0 0 0 2 0 3 0 6 0 0 0 3 0 3 1 0 0 6 0 1 0 2 1 0 0 1 1 0 0 3 1 0 0 4 0 6 0 2 1 0 0 2 0 5 1 0 0 5 0 3 0 1 0 3 0 6 0 3 0 4
0 291 2 0 6 0 6 0 4 1 0 0 0 0 3 0 2 0 0 0 0 0 0 0 4 1 0 0 1 0 6 0 4 0 4 0 3 0 0 0 6 0 2 0 6 0 6 0 3 0 5 0 1 0 3 0 3 0 2 0 0 0 1 0 1 0 3 0 6 0 4 0 5 0 2 0 6 0 4 0 4 0 6 0 0 0 1 0 3 0 0 0 2 0 6 0 5 0 4 0 3 1 0 0 2 0 4 0 2 1 0 0 5 0 4 0 4 0 1 0 5 0 6 0 5 0 3 0 6 0 0 0 3 0 5 0 4 0 4 0 1 0 1 0 1 0 1 0 2 0 0 0 2 0 3 0 3 0 0 0 1 1 0 1 0 0 1 0 1 0 5 0 0 0 0 1 0 1 0 0 2 0 4 0 6 0 3 1 0 0 2 0 3 0 1 0 1 1 0 0 6 0 6 0 2 0 5 0 6 0 5 0 6 0 3 0 1 0 4 0 1 1 0 0 4 0 3 0 6 0 5 0 4 0 0 0 4 1 0 0 5 0 1 1 0 0 1 0 0 0 4 0 3 0 5 0 6 0 2 1 0 0 0 0 0 0 1 0 5 0 6 0 6 0 4 0 4 0 0 0 2 1 0 0 3 1 0 0 6 0 0 0 2
1 291 5 0 5 0 6 0 2 1 0 0 0 0 6 0 4 0 0 0 0 0 1 0 1 1 0 0 3 0 5 0 2 0 1 1 0 0 2 0 4 0 6 0 5 0 6 0 0 0 3 0 3 0 6 0 6 0 4 0 0 0 2 0 2 1 0 0 6 0 2 0 3 0 6 0 5 0 2 0 2 0 5 0 1 0 2 0 6 0 0 0 5 0 5 0 4 0 2 0 0 1 0 0 5 0 0 1 0 0 0 0 3 0 2 0 1 0 4 0 3 0 6 0 4 0 0 0 5 0 1 1 0 0 4 0 2 0 1 0 3 0 2 0 2 0 2 0 4 0 0 0 4 0 6 0 6 0 0 0 3 1 0 0 6 0 1 0 3 0 2 0 1 0 1 1 0 0 6 0 4 0 1 0 6 0 0 1 0 0 4 0 6 0 2 0 3 1 0 0 5 0 5 0 6 0 3 0 6 0 4 0 5 1 0 0 4 0 0 0 4 1 0 0 1 0 0 0 6 0 4 0 1 0 2 0 2 0 0 0 2 0 4 0 6 0 1 0 1 0 1 0 0 0 4 0 5 0 6 0 5 1 0 0 0 0 3 0 3 0 6 0 6 0 2 0 1 0 1 0 5 1 0 0 0 0 0 0 4 0 1 0 4
0 293 1 0 3 0 4 0 5 0 6 0 6 0 0 0 5 0 1 0 1 0 0 0 2 0 3 0 6 0 6 0 2 0 5 0 3 0 6 0 4 0 1 0 6 0 4 0 5 0 1 1 0 0 0 0 6 0 6 0 1 0 1 0 4 0 5 1 0 0 4 0 5 1 0 0 6 0 3 0 5 0 5 0 2 0 3 0 5 0 4 0 2 0 3 0 4 0 1 0 5 0 1 1 0 0 2 0 2 0 5 1 0 0 6 0 4 0 3 0 1 0 0 0 6 0 1 0 2 0 2 0 4 1 0 0 0 0 5 0 2 0 6 0 4 0 4 0 5 0 0 0 2 0 1 0 6 0 5 0 2 0 0 0 0 0 4 0 3 0 6 0 4 0 2 0 3 1 0 0 5 0 1 0 4 0 4 0 2 1 0 0 1 0 5 0 6 0 0 0 0 0 3 0 4 0 6 0 0 0 6 0 2 0 5 0 0 0 0 0 2 0 1 1 0 0 2 0 1 0 5 0 1 0 3 0 4 0 4 0 0 0 5 0 1 0 5 0 3 0 2 0 2 0 1 0 1 0 4 0 6 0 4 1 0 0 0 1 0 0 0 0 6 0 5 0 5 0 2 0 3 0 3 1 0 0 0 0 1 0 0 0 4 0 1
0 293 2 1 0 0 2 0 4 0 6 0 5 0 2 0 2 0 3 0 2 0 0 0 4 1 0 0 6 0 5 0 6 0 3 0 0 0 6 0 1 0 4 0 5 0 2 0 3 0 4 0 6 0 0 0 5 0 5 0 3 0 3 0 1 0 5 0 0 0 1 0 5 0 0 0 5 0 0 0 4 0 3 0 5 1 0 0 4 0 1 0 5 1 0 0 1 0 4 0 2 0 4 0 6 0 3 0 5 0 4 0 0 0 5 0 1 1 0 0 3 0 1 0 4 0 3 0 4 0 5 0 1 1 0 0 1 0 2 0 6 0 5 0 2 0 2 0 3 0 1 0 4 0 3 0 5 0 3 0 5 0 0 0 1 0 1 0 0 0 6 0 1 0 6 0 0 0 0 0 2 0 4 0 1 0 1 0 6 0 6 0 2 0 3 0 5 0 1 0 0 1 0 0 2 0 5 0 2 0 4 0 6 0 2 0 1 0 0 0 4 0 3 0 6 0 3 0 3 0 2 0 3 1 0 0 2 0 1 0 2 0 2 0 4 0 2 1 0 0 5 0 4 0 2 0 3 0 1 0 6 0 2 1 0 0 1 0 6 0 0 0 5 0 4 0 3 0 5 1 0 0 0 1 0 0 0 0 2 0 1 0 0 0 3
1 293 5 0 6 0 4 0 1 0 6 0 3 0 5 0 4 0 6 0 4 0 1 0 2 0 0 0 5 0 4 0 5 1 0 0 2 0 4 0 4 0 1 0 3 0 5 1 0 0 2 0 5 0 2 0 3 0 3 1 0 1 0 0 4 0 2 0 1 0 3 0 2 0 2 0 2 0 2 0 1 0 0 0 5 0 0 0 0 0 4 0 3 1 0 0 3 0 0 0 6 0 1 0 6 0 0 0 4 0 1 0 2 0 2 0 4 0 6 0 5 0 3 0 1 0 0 0 2 0 3 0 4 0 6 0 1 0 5 0 5 0 3 0 5 0 4 0 6 0 3 0 1 0 0 0 4 0 0 0 3 0 1 0 2 0 2 0 1 0 4 0 4 0 4 0 1 0 0 0 5 0 0 0 3 0 3 0 5 0 5 0 5 1 0 0 3 0 3 0 1 0 6 0 4 0 2 0 6 0 1 0 5 0 5 0 2 0 1 0 1 0 0 0 5 1 0 1 0 0 5 1 0 1 0 0 4 0 2 0 4 0 5 0 0 1 0 0 0 0 3 0 1 0 5 0 6 0 3 0 4 0 6 0 6 0 2 0 4 0 2 0 3 0 2 0 0 0 4 1 0 0 1 0 5 1 0 0 4 0 2 0 0 1 0
1 295 1 0 3 0 6 0 1 0 4 0 5 0 0 0 4 0 2 0 6 0 1 0 3 0 4 0 1 0 3 0 2 0 4 1 0 0 5 0 1 0 1 0 3 1 0 0 4 1 0 0 5 0 2 0 5 1 0 0 1 0 0 1 0 0 0 0 5 0 2 0 6 0 4 0 4 0 4 0 4 0 2 0 1 0 2 0 1 0 1 0 1 0 0 1 0 0 6 0 1 0 4 0 4 0 4 0 2 0 0 0 3 0 4 0 5 0 1 0 6 0 3 1 0 0 3 0 0 0 4 1 0 0 2 0 5 0 4 0 3 0 4 0 0 0 4 0 2 0 5 1 0 0 3 0 1 0 0 0 1 0 6 0 2 0 4 0 4 0 3 0 1 0 2 0 1 0 3 0 1 0 2 0 1 1 0 0 0 0 4 0 4 0 4 1 0 0 6 0 6 0 3 0 5 0 1 0 6 0 4 0 4 0 3 0 3 0 5 0 2 0 2 0 1 0 4 0 0 1 0 0 4 0 0 1 0 0 0 0 6 0 1 0 3 0 2 0 5 1 0 0 6 0 3 0 3 0 6 0 0 0 2 0 6 0 5 0 6 0 0 0 5 0 6 0 4 0 1 0 1 1 0 0 3 0 4 0 0 0 0 0 5 0 1 0 5
1 295 2 1 0 0 5 0 4 0 1 0 3 0 2 0 0 0 6 0 4 0 3 1 0 0 1 0 3 0 6 0 5 0 2 0 0 0 2 0 3 0 3 0 0 0 0 0 2 0 0 0 2 0 6 0 3 1 0 0 2 0 1 0 6 0 0 0 2 0 6 0 5 0 2 0 2 0 2 0 1 0 5 0 2 0 4 0 2 0 2 0 2 0 1 1 0 0 4 0 4 0 1 0 2 0 1 0 5 0 0 1 0 0 2 0 3 0 4 0 5 0 0 1 0 0 6 0 1 0 1 1 0 0 5 0 3 0 2 0 0 0 1 0 2 0 0 0 6 0 3 1 0 0 6 0 2 0 0 0 3 0 4 0 6 0 1 0 1 1 0 0 3 0 4 0 2 0 6 0 2 0 4 0 3 0 6 0 0 0 1 0 2 0 3 0 0 0 5 0 6 0 0 0 3 0 4 0 5 0 2 0 2 0 0 0 0 0 3 0 5 0 4 0 3 0 0 0 2 1 0 0 0 0 2 0 6 0 0 0 4 0 3 0 6 0 5 0 4 0 0 0 5 0 0 0 0 0 5 0 1 0 5 0 5 0 4 0 5 0 2 0 3 0 6 0 1 0 3 0 3 0 6 0 6 0 0 0 1 0 1 0 2 0 4 0 3
0 295 5 1 0 0 3 0 1 0 3 0 6 0 4 0 1 0 5 0 2 0 0 1 0 0 2 1 0 0 6 0 3 0 5 0 0 0 4 0 6 0 6 0 0 0 0 0 4 0 0 0 5 0 5 0 0 1 0 0 4 0 3 0 4 0 1 0 5 0 5 0 3 0 5 0 4 0 4 0 3 0 2 0 6 0 0 0 5 0 4 0 4 0 3 1 0 0 1 0 1 0 3 0 4 0 3 0 2 0 2 0 6 0 3 1 0 0 2 0 3 0 2 1 0 0 4 0 3 0 3 1 0 0 2 1 0 0 5 0 0 0 2 0 4 0 1 0 5 0 1 0 0 0 4 0 5 0 0 1 0 0 2 0 5 0 3 0 3 0 6 0 6 0 0 0 6 0 4 0 6 0 1 0 0 0 5 0 1 0 2 0 4 0 6 0 1 0 3 0 5 0 1 1 0 0 2 0 3 0 5 0 4 0 0 0 0 1 0 0 4 0 1 1 0 0 1 0 5 0 5 1 0 0 5 0 4 0 2 0 1 0 0 0 6 0 4 0 1 0 2 0 2 0 1 0 1 0 2 0 4 0 3 0 4 0 2 0 3 0 5 1 0 0 5 0 3 1 0 0 0 0 6 0 5 0 1 0 2 0 2 0 5 0 1 0 0
0 297 1 0 3 1 0 0 6 0 2 1 0 0 6 0 1 0 4 0 2 0 5 0 1 0 6 0 4 1 0 0 5 0 0 0 3 0 2 0 1 0 6 0 5 0 1 0 1 0 0 0 2 0 3 0 3 0 2 1 0 0 1 0 0 0 1 0 4 0 3 0 4 0 0 0 4 0 2 0 1 1 0 0 6 0 4 0 2 0 3 0 2 0 2 0 0 1 0 0 2 0 2 1 0 0 1 1 0 0 5 0 5 0 5 0 0 1 0 0 4 0 6 0 5 1 0 0 1 0 0 0 0 1 0 0 5 1 0 0 2 0 1 0 5 0 0 0 4 0 2 0 3 0 1 0 1 0 3 0 2 0 6 0 4 0 3 0 0 0 0 0 6 0 5 0 2 0 5 0 2 0 5 0 3 0 1 0 2 0 3 0 5 0 1 0 5 0 3 1 0 0 3 0 4 0 6 0 3 1 0 0 4 0 1 0 1 0 1 1 0 0 0 0 4 0 6 0 2 0 3 0 5 0 0 0 3 0 1 0 5 0 2 0 1 0 5 0 1 0 3 0 4 0 4 0 2 0 2 0 5 0 1 0 0 0 1 0 5 1 0 0 5 0 0 0 3 0 0 1 0 0 1 0 5 0 3 0 3 0 4 0 5 0 2 0 3 0 0
0 297 3 0 0 0 0 0 4 1 0 0 0 0 4 0 4 0 0 0 6 0 2 0 4 0 5 0 3 0 0 0 2 0 1 0 6 0 4 0 3 0 5 0 3 0 3 0 2 0 0 0 4 0 6 0 6 0 5 0 6 0 1 0 0 0 3 0 1 0 0 0 1 0 2 0 0 0 5 0 3 1 0 0 5 0 1 0 5 0 6 0 4 0 4 0 1 0 6 0 3 0 5 0 6 0 2 1 0 0 3 0 4 0 3 0 2 1 0 0 1 0 6 0 4 1 0 0 2 0 0 0 1 1 0 0 3 1 0 0 4 0 3 0 2 0 2 0 0 0 5 0 6 0 2 0 2 0 6 0 5 0 5 0 1 1 0 0 1 0 1 0 5 0 3 0 6 0 2 0 6 0 2 1 0 0 3 0 4 1 0 0 3 0 4 0 3 0 0 1 0 1 0 0 2 0 6 0 1 0 0 0 0 0 3 0 2 0 3 0 6 0 0 0 1 0 5 0 5 1 0 0 3 0 1 0 6 0 3 0 2 0 5 0 3 0 2 0 3 1 0 0 2 0 1 0 5 0 5 0 2 0 3 0 0 0 3 0 4 0 0 0 2 0 1 0 6 0 1 0 6 0 2 0 3 0 0 0 0 0 2 0 3 0 5 0 6 0 0
0 297 6 0 0 0 1 0 1 1 0 0 1 0 1 0 1 0 2 0 4 0 6 0 1 0 3 1 0 0 1 0 4 0 3 0 5 0 2 0 0 0 3 1 0 1 0 0 5 0 1 0 1 0 6 0 6 0 4 0 5 0 3 0 0 0 6 0 2 0 0 0 2 0 4 0 1 0 3 0 1 0 0 0 2 0 4 0 3 0 6 0 2 0 1 0 4 0 5 0 0 0 4 0 5 0 6 0 6 0 6 0 0 1 0 0 6 0 6 0 2 0 5 0 2 1 0 0 4 0 0 0 3 1 0 0 0 0 0 0 0 1 0 0 5 0 4 0 1 0 3 0 5 0 5 0 5 0 5 0 4 0 3 0 4 0 6 0 1 0 3 0 3 0 0 0 5 0 6 0 4 0 6 0 6 0 6 0 1 1 0 1 0 0 1 1 0 0 2 1 0 0 6 0 4 0 4 0 3 0 0 0 0 0 6 0 4 1 0 0 5 0 1 0 3 0 3 0 4 1 0 0 6 0 3 0 4 1 0 0 6 0 2 1 0 0 5 1 0 1 0 0 4 0 3 0 3 0 3 0 5 0 6 0 0 1 0 0 1 0 1 0 4 0 3 0 4 0 4 0 4 0 5 0 6 0 0 0 0 0 4 1 0 0 4 0 5 0 1
0 299 1 0 4 0 1 0 2 0 3 0 6 0 1 0 2 0 2 0 5 0 1 0 5 0 3 1 0 1 0 0 3 0 1 0 0 0 3 0 5 0 1 0 0 0 0 1 0 0 2 0 3 0 3 0 5 0 6 0 2 0 3 1 0 0 2 0 4 0 5 0 0 0 5 0 0 0 3 0 6 0 2 0 0 0 5 0 1 0 0 0 5 0 5 0 3 0 1 0 3 0 2 0 1 0 4 0 6 0 6 0 5 0 2 1 0 0 5 0 5 0 6 0 2 1 0 0 0 0 0 0 1 1 0 1 0 0 0 0 0 0 1 1 0 0 3 0 1 0 3 1 0 0 4 0 4 0 4 0 4 0 2 0 0 0 2 0 5 0 3 0 6 0 6 0 1 0 3 0 6 0 2 0 6 0 6 0 5 0 4 1 0 0 6 0 2 0 6 0 4 1 0 0 5 0 2 0 1 1 0 0 1 0 1 0 5 0 3 0 0 0 2 0 3 1 0 0 0 0 3 0 0 0 5 0 0 0 3 0 0 0 4 1 0 0 0 0 4 0 0 1 0 0 1 0 0 0 0 0 0 0 4 0 5 0 2 0 6 0 1 0 3 0 1 0 0 0 2 0 2 0 2 0 4 0 5 0 1 0 1 0 2 0 0 0 1 0 3 0 3
1 299 3 0 0 0 3 0 4 1 0 0 5 0 3 0 4 0 5 0 2 0 4 0 3 0 1 0 0 0 6 0 5 0 2 0 0 1 0 0 3 0 3 0 0 0 1 0 6 0 3 1 0 0 0 0 4 0 5 0 5 1 0 1 0 0 5 0 1 0 3 0 2 0 2 0 1 1 0 0 5 0 5 0 1 0 2 0 3 0 1 0 3 0 3 1 0 0 3 0 6 0 4 0 3 0 1 0 6 0 6 0 3 1 0 0 0 0 3 0 4 0 5 0 6 0 5 1 0 0 0 0 3 1 0 0 5 1 0 0 0 0 3 0 6 0 5 0 3 0 0 0 0 0 1 0 2 0 2 0 1 0 5 0 0 0 5 0 3 0 0 0 6 0 5 0 3 1 0 0 5 0 6 0 5 0 6 0 4 0 3 0 0 0 4 0 6 0 5 0 3 0 0 0 2 0 5 0 3 0 6 0 1 0 3 0 2 1 0 0 1 0 4 1 0 1 0 0 0 0 6 0 1 0 2 0 1 0 6 0 1 0 1 1 0 0 1 0 0 0 2 0 6 0 1 0 0 0 0 0 1 0 1 0 3 0 6 0 4 0 3 0 6 0 2 0 0 0 4 0 4 0 5 0 1 0 3 0 3 0 2 0 4 0 0 0 2 1 0 0 0
1 299 6 0 0 1 0 0 3 0 0 0 3 0 0 0 2 0 3 0 6 0 0 1 0 0 3 0 1 0 5 0 3 0 5 0 1 0 6 0 5 0 6 0 0 0 3 0 5 0 0 1 0 0 1 0 1 0 4 0 5 0 0 1 0 0 2 0 3 0 6 0 4 0 4 0 3 1 0 0 3 0 3 0 3 0 4 0 6 0 2 1 0 0 0 1 0 1 0 0 6 0 1 1 0 0 4 0 5 0 6 0 0 1 0 0 0 1 0 0 2 0 4 0 6 0 4 1 0 0 1 0 0 0 0 0 3 1 0 0 0 1 0 0 6 0 3 1 0 0 1 0 0 0 2 0 4 0 4 0 3 0 2 0 2 0 2 1 0 0 2 0 5 0 4 0 1 0 0 0 3 0 6 0 4 0 6 0 1 1 0 0 2 0 1 0 6 0 3 1 0 0 1 0 5 0 3 0 0 0 5 0 3 0 6 0 5 0 6 0 2 0 2 0 0 0 6 0 0 0 4 0 3 0 4 0 3 0 4 0 3 0 3 0 6 0 1 0 0 0 5 0 4 0 3 0 0 0 0 0 2 0 2 1 0 0 6 0 2 0 0 0 5 0 5 0 1 0 1 0 2 0 3 0 3 0 6 0 6 0 5 0 0 0 1 0 5 0 5 1 0
1 301 1 0 4 0 2 0 6 0 5 0 0 0 6 0 0 0 4 1 0 0 5 0 2 0 6 0 5 0 3 0 3 0 0 0 3 0 4 0 5 0 4 0 5 0 1 1 0 0 3 0 2 0 6 0 1 0 3 0 1 0 3 0 2 0 6 0 3 1 0 0 6 0 2 0 2 0 0 1 0 1 0 0 0 0 0 0 2 0 5 0 6 0 6 0 0 1 0 1 0 0 4 0 4 1 0 0 1 0 4 0 5 0 2 0 6 0 0 0 6 0 4 0 1 0 6 0 2 1 0 0 2 0 0 0 0 1 0 1 0 0 1 1 0 0 5 0 0 1 0 0 2 0 0 0 5 0 1 0 1 1 0 0 5 0 4 0 5 0 6 0 4 0 3 0 1 0 3 0 0 1 0 0 6 0 2 0 5 0 4 0 6 0 3 0 3 0 5 0 0 1 0 0 3 0 2 1 0 0 2 0 3 0 0 0 6 0 4 0 5 0 5 0 4 0 1 0 4 0 2 0 1 0 0 0 2 0 0 0 2 0 0 0 0 0 5 0 3 0 1 0 3 0 1 1 0 0 1 0 0 0 4 0 5 1 0 0 4 0 5 0 1 0 3 0 3 0 3 0 2 0 4 1 0 0 0 0 6 0 6 0 3 0 1 0 3 0 3 0 4 1 0
1 301 3 0 0 0 6 0 5 0 3 0 2 0 4 0 2 0 2 0 0 0 2 0 6 0 5 0 3 1 0 1 0 0 1 1 0 0 2 0 4 0 2 0 3 0 4 0 6 0 5 0 5 0 4 0 3 0 6 0 2 0 6 0 5 0 5 0 1 0 0 0 4 0 5 0 4 0 1 1 0 0 5 1 0 0 0 0 5 0 3 0 6 0 5 0 2 1 0 1 0 0 1 0 2 1 0 0 3 0 1 0 3 0 6 0 4 0 2 0 5 0 1 0 4 0 4 0 6 0 6 0 3 0 0 0 1 1 0 0 6 0 2 1 0 0 2 0 2 0 6 0 3 0 1 0 2 0 3 0 3 1 0 0 3 0 2 0 4 0 6 0 1 1 0 0 3 0 6 0 1 1 0 0 4 0 6 0 3 0 2 0 6 0 0 0 0 0 3 0 2 0 6 0 5 0 5 0 6 0 3 0 6 0 1 0 5 0 2 0 4 0 4 0 1 0 4 0 0 0 5 0 2 0 0 0 4 0 0 0 4 0 0 0 1 0 2 1 0 0 3 0 6 0 3 0 6 0 1 0 1 0 1 0 5 0 0 0 1 0 3 0 3 0 6 0 6 0 6 0 5 0 1 1 0 0 1 0 5 0 5 1 0 0 3 1 0 0 0 0 2 1 0
1 301 6 0 1 0 5 0 3 1 0 0 6 0 0 0 5 0 4 0 0 0 5 0 5 0 4 0 1 0 0 0 6 0 2 0 6 0 4 0 0 0 5 1 0 0 2 0 6 0 4 0 4 0 2 0 0 0 5 0 6 0 5 0 4 0 3 0 3 0 1 0 1 0 4 0 1 0 4 1 0 0 3 1 0 0 1 0 3 0 0 0 6 0 3 1 0 0 0 0 6 0 1 0 5 0 6 0 5 0 2 1 0 0 6 0 1 0 6 0 2 0 4 0 1 0 2 0 6 0 5 1 0 0 1 0 3 1 0 0 4 0 6 0 6 0 3 0 5 0 4 1 0 0 3 0 4 1 0 0 0 1 0 0 6 0 5 0 1 0 5 0 4 0 6 0 6 0 4 0 4 1 0 0 1 0 5 1 0 0 6 0 4 0 1 0 0 0 6 0 5 0 5 0 4 0 4 0 6 0 0 0 5 0 4 0 2 0 6 0 1 0 1 0 4 0 0 0 2 0 2 0 5 0 1 0 0 0 2 0 0 0 1 0 2 0 5 0 6 0 6 0 5 0 0 0 5 0 3 0 2 0 3 0 2 0 1 0 2 1 0 0 0 0 6 0 6 0 6 0 3 0 4 0 6 0 2 0 3 0 4 1 0 1 0 1 0 0 0 0 5 0 5
1 303 1 0 4 0 4 0 3 0 1 0 0 0 4 0 2 0 3 0 1 0 2 0 3 0 4 0 1 0 3 0 1 0 4 0 6 0 5 0 1 0 2 0 3 1 0 0 5 0 5 0 2 0 1 0 5 0 1 0 3 0 6 0 4 0 1 1 0 1 0 0 3 0 3 0 0 0 4 0 1 1 0 1 0 1 0 0 2 0 6 0 1 0 5 0 0 1 0 0 1 0 4 0 4 0 3 0 6 0 3 1 0 0 0 0 4 0 4 0 4 0 6 0 0 0 3 0 5 0 5 0 4 1 0 0 3 0 0 0 0 0 1 0 6 0 6 0 0 0 4 0 2 1 0 1 0 0 2 1 0 0 1 1 0 0 5 0 3 0 4 0 3 0 2 0 6 0 6 0 2 0 2 1 0 0 3 0 4 0 0 0 5 0 1 0 3 0 1 0 5 0 4 0 4 0 2 0 2 0 5 0 2 0 3 0 1 0 6 0 4 0 3 0 3 0 0 0 1 0 4 0 5 0 2 0 3 0 0 0 4 0 0 0 2 0 5 0 3 0 6 0 6 0 3 0 2 0 2 1 0 0 5 0 6 0 4 0 2 0 5 0 6 0 0 0 5 0 6 0 6 0 0 0 2 0 5 0 5 1 0 0 3 0 0 1 0 0 6 0 0 0 3 0 4
0 303 3 0 1 0 1 1 0 0 3 0 1 0 0 0 5 0 6 0 2 0 4 1 0 0 1 0 3 0 6 0 3 0 1 0 6 0 3 0 3 0 5 0 0 0 0 0 3 0 3 0 5 0 3 0 2 0 3 1 0 0 6 0 1 0 4 1 0 0 6 0 5 0 6 0 1 0 0 0 4 1 0 1 0 0 6 0 4 0 4 0 4 0 2 0 2 0 6 0 2 0 1 0 2 0 0 0 6 0 0 1 0 0 1 0 1 0 2 0 2 0 5 0 1 1 0 0 4 0 4 0 2 1 0 0 6 0 0 0 0 0 3 0 5 0 5 0 2 0 0 1 0 0 0 0 6 0 4 0 6 0 2 1 0 0 3 0 0 0 1 1 0 0 6 0 5 0 5 0 5 0 5 0 6 0 6 0 0 0 2 0 2 0 3 0 6 0 3 0 3 0 2 0 1 0 5 0 5 0 2 0 5 0 6 0 3 0 5 0 1 1 0 1 0 0 1 0 3 0 1 0 3 0 5 0 6 0 1 0 0 0 1 0 5 0 3 0 0 0 6 0 5 1 0 0 5 0 5 1 0 0 3 0 6 0 1 0 6 0 3 0 5 0 2 0 3 0 6 0 5 0 1 0 5 0 3 0 4 1 0 0 6 0 1 1 0 0 4 0 1 1 0 0 2
1 303 6 0 2 0 3 0 6 0 5 0 2 0 1 0 3 0 5 0 6 0 1 1 0 0 2 1 0 0 5 1 0 0 4 0 5 0 0 0 0 0 3 0 1 0 0 1 0 0 0 0 3 1 0 0 6 0 0 0 0 0 4 0 4 0 2 0 0 0 5 0 4 0 5 0 3 0 1 0 2 0 0 1 0 0 5 0 2 0 2 0 1 0 5 0 5 0 4 0 5 0 2 0 4 0 1 0 4 0 2 0 6 0 1 0 2 0 4 0 5 0 2 0 4 1 0 0 1 0 1 1 0 0 0 0 4 0 1 0 0 1 0 0 4 0 3 0 5 0 1 0 6 0 0 0 5 0 2 0 5 0 6 0 6 0 5 0 0 0 3 1 0 0 5 0 4 0 4 0 4 0 4 0 6 0 5 0 1 0 4 0 4 1 0 0 5 1 0 1 0 0 5 0 3 0 3 0 3 0 6 0 3 0 6 0 0 0 3 0 4 1 0 0 6 0 1 0 6 0 2 1 0 0 4 0 5 0 3 0 0 0 3 0 2 1 0 0 2 0 5 0 5 0 0 0 3 0 4 1 0 1 0 0 5 0 4 0 5 0 0 0 3 0 5 1 0 0 6 0 3 0 4 0 3 0 0 0 3 0 0 0 4 0 4 1 0 0 0 0 4 0 6 0 3
0 305 1 0 4 0 5 1 0 0 6 0 3 0 5 0 2 1 0 0 4 0 5 0 4 0 6 0 4 1 0 0 4 0 0 0 1 0 3 0 1 0 0 0 6 0 2 0 1 0 6 0 0 0 0 0 0 0 4 0 1 0 1 0 1 0 1 0 5 0 1 0 3 0 2 0 3 1 0 0 3 0 4 0 1 1 0 0 2 0 5 0 4 0 3 0 3 0 4 0 2 0 3 0 6 0 0 0 4 0 0 0 6 0 4 0 3 0 5 0 1 0 3 0 6 0 1 1 0 0 2 0 3 0 6 0 0 0 0 0 3 0 1 1 0 0 1 0 0 0 3 0 4 0 4 0 2 0 2 0 6 0 3 0 6 0 6 0 3 0 2 0 0 0 0 0 3 0 2 0 2 0 2 0 2 0 6 0 3 0 4 0 1 0 3 0 0 0 4 0 0 1 0 0 3 0 0 0 0 0 0 0 6 0 0 0 5 0 1 1 0 0 3 0 0 0 4 0 4 0 4 1 0 0 0 0 1 0 3 1 0 0 1 0 6 0 5 0 6 0 4 0 3 0 3 0 1 1 0 0 3 0 0 1 0 0 3 0 2 0 3 0 1 1 0 0 5 0 0 0 5 0 0 0 1 1 0 0 1 0 6 0 1 0 1 0 2 1 0 0 1 0 1 0 6 0 0
0 305 3 0 1 0 5 0 0 0 5 0 0 0 3 1 0 0 0 0 1 0 4 0 2 0 6 0 3 0 0 0 0 0 1 0 2 0 6 0 2 0 1 0 4 0 5 0 3 0 4 0 1 0 0 0 1 0 0 0 3 0 2 0 2 0 3 0 2 0 3 0 6 0 4 1 0 1 0 1 0 0 1 0 4 0 6 0 4 0 3 0 2 0 0 0 0 0 1 0 5 1 0 0 5 0 2 0 0 0 2 0 5 0 2 0 0 0 3 0 3 1 0 0 5 0 4 0 6 0 3 1 0 0 5 0 1 0 0 0 6 0 3 0 6 0 1 0 0 1 0 0 2 0 1 0 5 0 5 0 5 0 0 0 6 0 5 1 0 0 5 0 0 0 0 0 6 0 4 0 4 0 4 0 5 0 5 0 0 0 1 0 3 0 6 0 1 0 0 0 2 0 6 0 5 0 0 0 0 0 1 0 4 0 2 0 2 0 4 0 6 0 5 0 1 0 1 0 2 0 2 1 0 0 0 0 2 1 0 1 0 0 3 0 5 0 4 0 6 0 1 1 0 1 0 0 4 0 6 0 5 0 1 0 6 0 5 0 4 0 6 0 3 1 0 0 2 0 2 0 2 0 1 0 3 0 6 0 2 0 4 0 3 0 2 0 5 0 6 0 1 0 3 0 4 0 1
0 305 6 0 3 0 2 0 2 0 2 0 1 1 0 1 0 0 0 0 3 0 0 0 6 0 4 1 0 0 1 0 0 0 2 0 5 0 4 0 5 0 3 0 1 0 4 0 0 0 1 0 3 0 0 0 2 0 0 0 6 0 4 0 4 0 6 0 4 1 0 0 6 0 3 0 0 1 0 0 6 0 2 0 1 0 6 0 1 1 0 0 5 0 0 0 0 0 3 0 4 0 0 0 2 0 5 0 0 0 5 0 2 0 5 0 0 1 0 0 1 0 0 0 3 0 2 0 6 0 1 0 0 0 2 0 3 0 1 0 5 0 0 0 5 0 3 0 1 0 6 0 3 0 3 0 3 0 4 0 3 0 2 0 5 0 5 0 0 0 2 0 1 0 1 0 5 0 2 0 2 0 2 0 4 0 3 0 1 0 2 1 0 0 5 0 3 0 0 0 5 0 5 0 3 0 1 0 0 0 3 0 0 0 5 0 5 0 1 0 6 0 3 0 3 0 2 0 4 0 5 0 5 1 0 0 5 1 0 0 6 0 6 0 3 0 2 0 5 0 4 1 0 1 0 0 1 0 6 0 3 0 4 0 5 0 4 0 2 0 6 0 0 1 0 0 4 0 4 0 4 0 2 1 0 0 5 0 6 0 0 1 0 0 6 0 3 0 5 0 3 1 0 0 1 0 3
1 307 1 0 4 1 0 0 5 0 4 0 4 0 3 1 0 0 5 1 0 0 6 0 1 0 5 0 2 1 0 0 2 0 0 0 5 0 3 0 2 0 3 1 0 0 4 0 0 0 1 0 2 0 6 0 0 0 4 0 1 0 5 0 2 0 2 0 6 0 3 0 0 0 4 1 0 0 2 1 0 0 4 0 5 0 3 0 4 0 4 1 0 0 2 0 1 0 0 1 0 0 1 0 1 0 5 0 2 0 2 0 2 0 6 0 2 0 2 0 6 0 1 0 0 0 6 0 5 0 4 0 3 0 0 0 4 0 6 0 3 0 2 0 2 0 2 1 0 0 4 0 5 0 0 0 0 0 0 0 1 1 0 0 6 0 3 0 3 0 1 0 4 0 2 0 3 0 2 0 5 0 4 0 5 0 0 1 0 0 3 0 5 1 0 0 2 1 0 0 2 0 3 0 3 1 0 0 3 0 0 0 6 0 1 0 3 0 3 0 4 0 4 1 0 1 0 0 6 0 1 0 4 0 5 0 0 0 4 0 0 0 5 0 5 1 0 0 6 0 3 0 3 0 0 0 6 0 2 0 5 0 0 0 2 0 4 0 1 0 6 0 4 0 2 1 0 0 1 0 2 0 1 1 0 0 0 0 3 0 5 0 2 1 0 0 5 0 0 0 4 0 0 1 0 0 2 1 0
1 307 3 0 2 0 0 0 3 0 2 0 2 0 1 0 0 0 4 0 0 0 4 0 4 0 2 0 6 0 6 0 3 0 1 0 2 1 0 0 6 0 0 0 0 0 0 0 1 0 2 0 5 0 4 0 2 0 0 0 4 0 2 0 5 0 5 0 4 1 0 0 2 0 1 1 0 0 5 1 0 0 1 0 4 0 0 0 2 0 2 1 0 0 4 0 2 0 1 0 6 0 1 0 3 0 2 0 5 0 4 0 5 0 4 0 5 0 5 0 4 0 3 0 1 0 5 0 4 0 1 1 0 0 2 0 1 0 5 1 0 0 5 0 4 0 5 1 0 0 1 0 3 0 1 0 0 0 0 0 3 1 0 0 4 1 0 1 0 0 4 0 0 0 5 0 6 0 5 0 3 0 2 0 3 0 2 0 6 0 6 0 3 1 0 0 5 0 6 0 3 1 0 0 0 1 0 0 6 0 1 0 4 0 3 1 0 0 0 0 2 0 3 0 0 1 0 0 4 0 4 0 1 0 3 0 2 0 0 0 2 0 3 0 5 0 0 0 4 1 0 1 0 0 2 0 4 0 6 0 2 0 1 0 5 0 0 0 4 0 5 0 1 0 6 0 6 0 1 0 4 0 3 0 5 1 0 1 0 0 3 1 0 0 0 0 2 0 2 0 0 0 2 0 6 0 4 0 5
1 307 6 0 4 0 0 0 6 0 4 0 4 0 2 0 1 0 0 0 2 0 1 0 1 0 6 0 5 0 5 1 0 0 3 0 5 1 0 0 4 0 1 0 0 0 0 0 2 0 5 0 3 0 1 0 5 0 1 0 0 0 6 0 3 0 4 0 2 1 0 0 4 0 3 1 0 0 3 1 0 0 3 0 0 0 1 0 4 0 5 1 0 0 0 0 5 0 3 0 4 0 3 0 6 0 5 0 3 0 2 0 4 0 2 0 4 0 4 0 1 1 0 0 4 0 3 0 1 0 4 0 6 0 3 0 3 0 4 0 0 0 3 0 2 0 4 1 0 0 2 0 6 0 2 0 0 0 1 0 0 0 0 0 2 0 0 1 0 0 0 0 2 0 3 0 6 0 3 1 0 0 5 0 6 0 5 0 5 0 6 0 1 0 0 0 3 0 6 0 0 1 0 0 1 1 0 0 4 0 4 0 1 0 0 1 0 0 0 0 4 0 6 0 1 1 0 0 1 0 1 0 3 0 6 0 4 0 0 0 4 1 0 0 3 0 2 0 2 0 0 0 6 0 4 0 1 0 5 0 5 0 3 0 2 0 2 0 1 0 3 0 4 0 5 0 5 0 4 0 1 0 0 0 5 0 0 0 6 0 6 0 5 1 0 0 4 0 4 0 0 0 5 0 5 0 2 0 4
0 309 1 0 5 0 1 0 2 0 5 0 2 0 1 0 5 0 2 0 0 0 4 0 2 0 3 0 5 0 4 0 4 1 0 1 0 0 5 0 0 0 0 0 3 0 0 0 0 0 5 0 2 1 0 0 4 0 2 0 3 0 1 0 5 0 0 0 1 1 0 0 0 0 1 0 0 1 0 1 0 1 0 0 6 0 0 0 3 0 1 0 4 1 0 0 1 0 3 0 0 0 2 0 0 0 6 0 3 1 0 0 6 0 0 0 6 0 1 0 1 0 4 1 0 0 0 1 0 0 4 0 1 0 6 0 0 0 0 0 1 0 1 0 6 0 5 0 1 1 0 0 5 0 4 0 5 0 0 0 2 0 0 0 0 0 4 0 1 0 5 1 0 0 4 1 0 0 6 0 1 0 0 0 3 0 6 0 4 0 4 0 5 0 3 0 0 1 0 0 5 0 2 0 6 0 2 1 0 0 1 0 1 0 3 0 1 0 6 0 0 0 1 0 5 0 4 0 6 0 1 0 2 1 0 0 6 0 1 0 2 0 1 1 0 0 6 0 4 0 4 0 1 0 5 0 1 0 4 0 3 0 3 1 0 0 5 0 4 0 2 1 0 0 2 0 4 0 4 0 1 0 3 0 1 0 2 0 2 0 5 0 6 0 5 0 0 0 1 0 1 0 2 0 3 0 3 0 6 0 1
1 309 3 0 2 0 3 0 5 0 2 0 5 0 3 0 2 0 5 0 1 0 0 0 5 1 0 0 4 0 2 0 3 0 0 1 0 0 2 0 1 0 0 0 6 0 0 0 1 0 2 1 0 0 0 0 0 0 5 0 6 0 3 0 2 0 1 0 3 0 5 1 0 0 2 0 1 1 0 1 0 1 0 0 4 0 1 0 6 0 3 0 1 1 0 0 2 0 6 0 0 0 4 0 1 0 5 0 1 0 0 0 4 0 2 0 4 0 3 0 3 0 1 1 0 0 1 1 0 0 0 0 4 0 4 0 1 0 0 0 2 0 3 0 5 0 3 0 4 1 0 0 3 0 2 0 3 0 1 0 4 0 0 0 1 0 0 0 4 0 4 0 0 0 2 0 0 0 4 0 3 0 0 1 0 0 6 0 2 0 2 0 3 1 0 0 2 1 0 0 2 0 6 0 4 0 6 0 6 0 1 0 2 0 6 0 3 0 4 0 1 0 3 0 3 0 2 0 5 0 3 0 5 1 0 0 4 0 3 0 4 0 3 1 0 0 5 0 2 0 1 0 4 0 2 0 4 0 1 0 0 0 1 0 0 0 3 0 1 0 6 0 6 0 4 0 1 0 1 0 3 0 6 0 2 0 4 0 5 0 3 0 6 0 3 0 1 0 2 0 2 0 4 1 0 0 0 0 5 0 3
0 309 6 0 4 1 0 0 3 0 6 0 2 1 0 0 6 0 2 0 3 0 1 0 4 0 0 0 0 0 5 0 6 0 1 0 6 0 3 0 2 0 1 0 4 0 1 0 2 0 5 0 5 1 0 0 1 0 3 0 5 1 0 0 5 0 2 1 0 0 4 1 0 0 4 0 3 1 0 1 0 1 0 0 0 0 4 0 4 1 0 0 4 0 6 0 4 0 4 0 2 0 0 0 4 0 2 0 3 0 1 0 0 0 6 0 0 1 0 1 0 0 4 0 6 0 2 0 6 0 0 0 1 0 1 0 3 0 0 0 4 1 0 0 4 0 0 0 2 1 0 0 6 0 4 0 6 0 3 0 0 0 1 0 2 0 1 0 1 0 1 0 1 0 4 0 1 0 0 1 0 0 2 1 0 0 4 0 5 0 4 1 0 1 0 0 5 0 6 0 4 0 5 0 2 0 6 0 5 0 3 0 5 0 5 0 0 0 1 0 3 0 6 0 6 0 5 0 3 0 0 0 5 0 0 0 1 0 0 0 2 0 1 0 0 0 2 0 5 0 3 0 0 0 6 0 0 0 3 0 0 0 2 0 0 0 6 0 3 0 5 0 6 0 1 0 3 0 2 1 0 0 5 0 6 0 1 0 4 0 0 0 5 1 0 0 3 0 4 0 5 0 1 1 0 0 1 0 3 0 0
0 311 1 0 5 0 2 1 0 1 0 0 5 1 0 0 0 0 4 0 5 0 6 0 3 0 0 0 1 0 1 0 3 0 5 0 4 0 4 1 0 0 5 0 3 0 0 0 3 0 5 0 3 0 4 1 0 0 2 1 0 0 5 0 0 0 2 1 0 0 0 0 2 0 0 0 1 0 1 0 0 1 0 0 6 0 0 0 1 0 3 0 0 0 1 0 6 0 2 0 1 0 5 0 1 0 0 0 5 0 6 0 2 0 1 0 4 0 2 1 0 1 0 0 1 0 5 0 6 0 4 0 1 0 2 0 2 0 6 0 1 0 2 0 0 0 0 0 1 0 5 1 0 0 5 0 2 0 5 1 0 0 1 0 2 0 4 0 2 0 2 0 2 0 3 0 0 0 3 0 1 0 6 0 4 1 0 0 1 0 4 0 3 0 0 1 0 0 3 0 6 0 2 0 3 0 6 0 5 0 4 0 0 0 4 0 3 0 1 0 2 1 0 0 6 0 6 0 3 1 0 0 2 0 2 0 1 0 2 0 0 0 4 0 2 0 0 0 5 0 2 1 0 0 2 0 4 0 1 0 6 0 0 0 4 0 1 0 5 0 0 0 4 0 5 0 3 0 6 0 5 1 0 0 3 0 5 0 4 0 0 0 2 0 3 1 0 1 0 0 2 0 3 0 4 0 6 0 1 0 6 0 0
0 311 3 0 2 1 0 0 0 1 0 0 3 1 0 0 1 0 1 0 4 0 5 1 0 0 1 0 2 0 2 1 0 0 4 0 2 0 3 0 0 0 2 1 0 0 1 1 0 0 4 0 0 0 2 1 0 0 5 1 0 0 2 0 1 0 5 0 5 1 0 0 4 0 0 0 2 0 2 0 1 1 0 0 4 0 1 0 2 0 6 0 0 0 3 0 4 0 5 0 3 0 2 0 3 0 1 0 3 0 5 0 5 0 3 0 0 1 0 0 0 0 6 0 2 0 3 0 6 0 1 0 3 0 4 0 5 0 4 0 3 0 4 0 0 0 0 0 3 0 4 0 0 0 2 0 6 0 3 1 0 0 2 0 5 0 0 0 5 0 4 0 4 0 6 0 0 0 6 0 3 0 5 0 2 1 0 0 3 0 0 1 0 0 2 0 6 0 6 0 4 0 5 1 0 0 6 0 4 0 1 0 2 0 0 1 0 0 3 0 5 1 0 0 5 0 6 0 0 1 0 0 4 0 4 0 2 0 4 0 1 0 0 0 5 0 1 0 2 0 6 0 6 0 4 0 0 0 4 0 4 0 2 0 0 0 4 0 2 0 2 0 1 0 4 0 0 0 6 0 4 1 0 1 0 0 4 0 1 0 1 0 5 0 0 0 0 0 6 0 3 1 0 0 2 0 5 0 4 0 4 0 1
0 311 6 0 5 0 6 0 0 0 6 0 6 0 6 0 1 0 3 0 1 0 4 1 0 0 2 0 4 0 5 1 0 0 0 0 5 0 6 0 0 0 5 0 6 0 2 1 0 0 0 0 1 0 5 1 0 0 3 1 0 0 4 0 3 0 3 0 5 0 0 0 0 0 1 0 4 0 4 0 3 1 0 0 0 0 3 0 5 0 4 0 1 1 0 0 2 0 3 1 0 0 5 0 6 0 2 1 0 0 4 0 3 1 0 0 2 0 6 0 0 0 4 0 5 1 0 0 5 0 3 1 0 0 2 0 4 0 2 0 0 0 1 0 1 0 0 1 0 0 1 0 1 0 5 0 5 0 0 1 0 0 5 0 2 0 2 0 3 0 2 0 2 0 5 0 2 0 5 0 0 0 3 0 6 0 6 0 5 0 1 0 6 0 4 0 5 0 6 0 2 0 5 0 0 0 5 0 1 0 3 0 4 0 1 0 6 0 6 0 4 0 0 0 3 0 5 0 2 1 0 0 1 0 1 0 6 0 0 0 3 0 1 0 2 0 3 0 5 0 5 0 6 0 1 0 2 0 1 0 1 0 5 0 1 0 0 0 5 0 4 0 3 0 0 0 2 0 5 0 3 0 0 1 0 0 0 0 3 0 3 0 2 0 1 0 1 0 5 0 0 1 0 0 5 0 3 0 2 0 1 0 3
1 313 1 0 5 0 4 0 5 0 2 0 5 0 6 0 5 0 3 0 6 0 3 0 1 1 0 0 5 0 1 0 4 1 0 0 1 0 3 0 5 0 2 0 3 0 5 0 6 0 5 1 0 0 3 0 4 0 0 0 0 0 0 0 1 0 0 0 0 0 3 0 1 0 0 0 3 0 1 0 2 0 0 1 0 0 0 1 0 0 4 0 1 0 4 0 6 0 4 0 0 0 0 0 3 0 5 1 0 0 0 0 1 0 0 1 0 0 5 0 4 0 2 0 1 0 5 0 0 0 3 0 0 1 0 0 5 0 0 0 5 0 0 0 2 0 2 0 1 0 6 0 1 0 3 0 3 0 3 0 2 1 0 0 2 0 5 0 4 0 6 0 4 0 5 0 2 0 6 0 2 0 1 1 0 0 6 0 6 0 3 0 4 0 5 0 2 0 4 0 5 0 6 0 2 0 2 0 2 0 3 1 0 0 1 0 4 0 5 0 6 0 1 0 1 1 0 0 3 0 6 0 6 0 1 0 3 0 4 0 1 0 6 0 2 0 4 1 0 0 4 0 4 0 5 0 3 0 4 0 2 0 3 0 2 0 3 0 1 0 3 0 1 1 0 0 1 0 5 0 2 1 0 0 2 0 5 1 0 0 6 0 6 0 4 0 2 0 3 0 2 0 2 1 0 0 2 1 0 0 5 0 2 1 0
1 313 3 0 3 0 2 0 3 0 6 0 3 0 6 0 4 0 0 0 5 1 0 0 4 1 0 0 2 0 4 0 1 1 0 0 2 1 0 0 3 0 5 1 0 0 4 0 6 0 4 1 0 1 0 0 1 0 1 0 0 0 0 0 2 0 0 0 0 0 6 0 2 0 0 0 6 0 2 0 4 0 1 0 6 0 0 1 0 0 0 0 4 0 1 0 6 0 1 0 1 0 0 1 0 0 4 1 0 0 0 0 2 0 1 1 0 0 3 0 1 0 5 0 3 0 2 0 1 0 6 0 1 1 0 0 2 0 2 0 2 0 1 0 4 0 4 0 3 0 4 0 3 0 6 0 6 0 6 0 5 0 6 0 4 0 3 0 2 0 6 0 2 0 3 0 6 0 4 0 5 0 3 1 0 0 5 0 6 0 0 0 2 0 3 0 6 0 1 0 4 0 5 0 5 0 4 0 4 1 0 1 0 0 3 0 1 0 4 0 5 0 3 0 3 0 6 0 6 0 5 0 5 0 3 1 0 0 1 0 4 0 4 0 6 0 2 0 0 0 1 0 2 0 4 0 0 0 1 0 5 0 6 0 4 0 6 0 2 0 6 0 3 0 6 0 2 0 2 0 6 0 6 0 4 0 4 0 0 0 5 0 6 0 1 0 5 0 6 0 4 0 5 0 6 0 4 1 0 0 2 0 6 0 5
1 313 6 0 6 0 4 1 0 0 6 0 0 0 6 0 1 0 2 0 4 0 0 0 1 1 0 0 5 0 0 0 4 0 6 0 4 0 6 0 6 0 4 0 0 0 1 0 6 0 3 0 0 0 6 0 1 0 2 0 0 0 0 0 4 0 0 0 1 0 4 0 5 0 1 0 4 0 6 0 0 0 4 0 4 0 2 0 6 0 0 0 0 0 4 0 4 0 3 0 2 0 1 1 0 0 1 1 0 0 0 0 4 0 3 0 6 0 5 0 3 0 2 1 0 0 5 0 3 0 4 0 4 0 6 0 3 0 4 0 4 0 3 0 1 0 2 0 0 0 2 0 0 0 6 0 6 0 6 0 4 0 6 0 1 1 0 0 6 0 4 0 5 1 0 0 6 0 2 0 4 0 1 0 0 0 3 0 5 0 1 0 4 1 0 0 5 0 4 0 1 0 4 0 4 0 2 0 3 0 0 0 6 0 5 0 3 0 1 0 4 0 0 0 0 0 6 0 6 0 4 0 4 0 0 1 0 0 3 0 1 0 2 0 5 0 5 0 0 0 2 0 5 0 0 0 1 0 3 0 3 0 6 0 2 0 5 0 6 0 5 0 0 0 5 0 5 0 5 0 5 0 6 0 2 0 1 0 2 0 3 0 5 0 4 0 3 0 6 0 2 0 4 0 6 0 2 1 0 0 5 0 5 0 4
0 315 1 0 5 0 6 0 3 0 0 0 4 0 2 0 4 0 3 0 5 0 0 0 1 0 3 1 0 0 2 0 2 0 1 0 6 0 2 0 6 0 6 0 1 0 1 0 3 0 4 1 0 0 2 0 4 0 3 0 4 0 0 0 1 0 0 0 1 0 3 0 1 0 3 0 4 0 1 0 5 0 2 0 1 0 1 0 6 0 4 0 1 0 1 0 1 0 1 1 0 0 5 0 3 0 6 0 2 0 6 0 0 0 1 0 0 0 6 0 3 1 0 1 0 0 0 0 3 0 0 0 2 0 2 0 6 0 0 0 2 0 1 1 0 0 3 0 4 0 0 0 4 0 1 0 5 0 6 0 6 0 2 0 5 0 4 1 0 0 5 0 2 0 5 0 0 0 4 0 6 0 0 0 3 0 0 1 0 0 3 0 4 0 2 0 0 0 3 0 1 0 4 0 1 0 1 0 5 0 6 0 1 0 5 0 3 1 0 0 4 0 0 0 1 0 1 0 5 0 6 0 2 0 1 0 2 0 6 0 5 0 2 0 5 0 3 0 3 0 1 0 5 0 2 0 1 0 2 1 0 0 0 0 5 0 6 0 3 0 6 0 3 0 2 0 3 0 4 0 4 0 4 0 5 0 5 0 2 0 4 1 0 0 4 0 2 0 0 0 5 0 6 0 1 0 5 1 0 0 0 0 3 0 4 0 2
1 315 3 0 3 0 5 1 0 0 2 0 0 0 6 0 1 0 0 0 3 0 1 0 2 1 0 1 0 0 4 0 4 0 3 0 4 0 6 0 5 0 5 0 3 0 2 1 0 0 2 1 0 0 5 0 1 0 0 0 1 0 1 0 2 0 0 0 2 0 6 0 2 1 0 0 1 0 4 0 2 0 5 0 2 0 3 0 5 0 1 0 3 0 2 0 2 0 3 1 0 0 3 0 0 0 5 0 6 0 4 0 1 0 2 0 1 0 5 0 1 0 0 0 5 1 0 0 6 0 0 0 4 0 5 0 4 0 1 0 4 0 3 0 6 0 6 0 0 0 2 0 0 0 4 0 3 0 6 0 5 0 6 0 3 0 3 0 0 0 2 0 6 0 2 0 2 0 1 0 5 0 1 0 6 0 1 0 6 0 6 0 0 0 5 0 0 0 6 0 3 0 0 0 3 0 3 0 3 0 5 0 4 0 3 0 1 0 0 0 0 0 1 0 2 0 3 0 3 0 5 0 5 0 2 0 5 0 5 0 3 0 6 0 2 1 0 1 0 0 4 0 2 0 5 0 2 0 5 0 6 0 0 0 3 0 6 0 0 0 5 1 0 0 5 1 0 0 2 0 2 0 2 0 4 0 3 0 6 0 2 0 0 0 0 0 5 0 1 0 3 0 5 0 4 0 3 1 0 0 0 1 0 0 1 0 5
0 316 1 0 0 0 0 4 1 0 0 4 0 1 0 4 0 3 0 0 0 6 0 2 0 5 1 0 1 0 0 1 0 2 0 0 0 2 0 6 0 4 0 3 1 0 0 6 0 6 0 4 1 0 0 2 0 3 0 0 0 2 0 2 0 4 0 0 0 5 0 4 0 6 0 6 0 2 0 0 0 6 0 2 0 5 1 0 0 3 0 3 0 6 0 4 0 4 1 0 1 0 0 6 0 1 0 3 0 6 0 1 0 3 0 4 0 3 0 2 0 3 0 1 0 4 0 0 0 4 0 2 0 1 0 4 0 1 0 4 0 1 0 0 0 6 0 5 0 1 0 4 0 1 0 1 0 0 0 6 0 4 0 5 1 0 1 0 0 1 0 5 0 4 0 5 0 4 0 3 0 2 0 4 0 4 0 4 0 5 0 5 0 2 0 2 0 2 0 4 1 0 0 1 1 0 0 0 0 0 0 4 0 1 1 0 0 3 0 0 0 0 0 2 0 4 1 0 0 0 0 4 0 3 0 6 0 3 0 4 0 0 0 5 1 0 0 0 1 0 0 0 0 6 0 2 0 6 0 3 0 5 0 1 1 0 0 5 0 2 0 4 0 0 0 3 1 0 0 4 0 4 0 5 0 1 0 0 0 5 0 5 0 0 0 1 0 2 0 3 1 0 0 4 0 2 0 0 1 0 0 1 0 6 0 2 0 3
1 317 1 0 6 0 0 0 2 0 0 0 0 0 4 0 0 1 0 0 2 0 4 0 6 0 4 0 0 0 6 0 1 0 4 0 0 0 5 0 5 0 2 0 1 0 0 0 5 0 6 0 2 1 0 0 4 0 6 0 0 0 4 0 5 0 0 0 2 0 3 0 2 0 6 0 5 0 5 0 1 0 4 0 6 0 3 1 0 1 0 0 0 0 6 0 2 0 3 0 0 1 0 0 4 0 3 1 0 0 5 0 3 1 0 0 1 1 0 0 5 0 6 0 3 0 0 0 2 0 0 0 5 0 3 0 0 0 4 0 0 0 3 0 1 0 5 0 3 0 4 0 0 0 3 0 2 0 1 0 5 0 2 0 5 0 0 0 6 0 2 0 3 0 2 0 4 0 1 1 0 0 6 0 1 0 2 0 2 0 4 0 3 0 5 0 4 0 5 0 1 1 0 0 3 0 5 1 0 0 1 0 0 0 4 0 6 0 5 0 0 0 0 0 5 0 1 1 0 0 1 0 1 0 0 0 6 0 0 0 1 0 2 0 3 1 0 0 1 0 6 0 0 0 4 0 6 0 5 0 0 0 3 0 4 1 0 0 2 0 6 0 0 0 2 0 0 0 0 0 1 0 2 0 3 0 3 0 1 0 3 0 3 0 1 0 2 0 5 0 0 0 0 0 0 0 5 0 1 0 6 0 2 0 4 0 5 1 0
1 317 3 0 4 0 1 0 4 0 0 0 1 0 0 0 2 0 6 0 4 0 1 0 6 0 1 0 2 0 4 0 4 0 0 0 2 0 3 0 3 0 5 0 2 0 1 0 3 0 5 1 0 0 0 0 1 0 5 0 2 0 1 0 3 0 1 0 4 0 6 0 5 0 5 0 4 0 3 0 4 0 1 0 6 0 1 0 0 0 6 0 0 0 4 0 5 0 6 0 1 1 0 0 1 0 1 0 0 0 3 0 0 1 0 0 3 1 0 0 3 0 5 1 0 0 1 0 4 0 1 0 2 1 0 0 2 0 0 0 1 0 6 0 3 0 3 0 0 0 1 0 1 0 6 0 4 0 3 0 2 0 6 0 2 0 2 0 4 0 5 0 6 0 5 0 0 0 4 1 0 0 4 0 3 0 4 0 5 0 1 0 0 0 4 0 2 0 3 0 4 0 6 0 6 0 3 1 0 0 2 0 1 0 1 0 6 0 3 0 1 0 1 0 2 0 4 0 6 0 1 0 2 0 1 0 4 0 1 0 2 0 4 1 0 1 0 0 3 0 4 0 2 0 1 0 6 0 3 0 1 1 0 0 2 1 0 0 5 0 4 0 1 0 4 0 0 0 0 0 2 0 4 0 6 0 6 0 2 0 6 0 6 0 2 0 5 0 2 0 1 0 0 0 1 0 2 0 4 0 4 0 6 0 1 0 4 1 0
1 318 1 0 0 1 0 4 0 0 0 1 0 2 0 0 0 5 0 5 0 1 0 4 0 4 0 3 0 5 0 1 0 1 0 1 0 4 1 0 0 0 0 3 0 5 0 2 1 0 0 4 1 0 0 0 0 3 0 2 0 5 0 2 0 6 0 3 0 1 0 6 0 4 0 4 0 2 0 0 0 1 0 4 0 4 0 3 0 1 0 4 0 2 0 1 0 4 0 5 0 4 0 6 0 1 0 2 0 0 0 6 0 1 0 6 0 6 0 6 0 6 0 3 1 0 0 3 0 0 0 3 0 5 0 6 0 3 0 0 0 3 0 4 1 0 1 0 0 1 0 2 0 3 0 5 0 1 1 0 0 6 0 4 0 5 0 5 0 1 0 4 0 6 0 3 0 2 0 2 0 0 0 1 0 0 0 2 0 3 0 3 0 1 0 0 0 5 1 0 0 2 0 6 0 6 0 0 1 0 0 4 0 2 0 3 0 4 1 0 0 3 0 2 0 5 0 1 0 5 0 3 0 4 0 3 0 0 0 3 0 5 0 2 0 0 0 6 0 6 0 0 0 5 0 3 0 4 1 0 0 4 0 6 0 4 1 0 0 3 0 1 0 4 0 0 0 1 0 0 0 5 0 1 0 6 0 5 0 6 0 5 0 5 0 6 0 2 0 5 0 2 0 0 0 2 0 5 0 1 0 2 0 5 0 4 0 1 1 0
1 319 1 0 6 0 2 0 0 0 1 0 2 0 4 0 1 0 3 0 3 0 4 0 1 0 2 0 0 0 3 0 3 0 2 0 3 0 1 1 0 0 0 1 0 0 3 1 0 0 0 0 1 1 0 0 0 0 6 0 5 0 2 0 6 0 4 1 0 0 4 0 5 0 2 0 1 0 5 0 0 0 3 0 1 0 1 1 0 0 4 0 0 0 5 0 3 0 1 0 4 0 2 0 5 0 3 0 4 0 1 0 4 0 4 0 5 0 6 0 6 0 6 0 0 1 0 0 6 0 0 1 0 0 4 0 5 1 0 0 1 1 0 0 3 0 0 0 6 0 1 0 4 1 0 0 3 0 4 1 0 0 5 0 2 0 4 0 3 0 4 0 1 0 5 1 0 0 5 0 4 0 0 0 2 0 0 0 4 0 6 0 6 0 2 0 1 0 3 1 0 0 5 0 5 0 5 0 2 1 0 0 0 0 5 1 0 0 2 1 0 0 6 0 5 0 2 0 4 0 3 0 0 0 1 1 0 0 1 1 0 0 3 0 5 0 1 0 5 0 5 0 2 0 3 0 0 0 3 0 0 0 1 0 6 0 2 1 0 0 6 0 3 0 0 0 1 0 2 0 1 0 2 0 4 0 5 0 4 0 6 0 4 0 4 0 5 0 6 0 2 0 5 0 0 0 5 0 2 0 3 0 5 0 3 0 1 0 4 0 5
1 319 3 0 4 0 5 0 0 0 2 0 5 0 0 0 3 1 0 0 0 0 1 0 3 0 4 0 0 0 6 0 6 0 4 0 6 0 3 0 6 0 0 0 6 0 6 0 5 1 0 0 3 0 6 0 0 0 5 0 3 0 6 0 5 0 3 0 0 0 1 0 3 0 5 0 3 0 2 0 1 0 6 0 2 0 3 1 0 0 0 0 2 0 2 1 0 0 4 0 0 0 6 0 3 0 0 0 1 0 4 0 1 0 2 0 4 0 6 0 6 0 5 0 2 1 0 0 4 0 2 1 0 0 1 0 4 1 0 0 3 0 6 0 5 0 1 0 4 0 4 0 1 1 0 1 0 0 3 0 0 0 2 0 6 0 1 0 0 0 1 0 4 0 4 0 0 0 3 0 1 0 1 0 4 0 1 0 1 0 6 0 5 0 5 0 3 0 0 0 0 0 3 0 4 0 3 0 6 0 6 0 0 0 3 1 0 0 5 1 0 0 5 0 3 0 6 0 0 1 0 0 1 0 3 0 6 0 2 0 6 0 6 0 2 0 4 0 3 0 3 0 5 0 6 0 0 0 6 0 0 0 3 0 4 1 0 0 0 0 4 1 0 0 1 0 2 0 4 0 2 0 5 0 1 0 4 0 2 0 6 0 2 0 2 0 4 0 5 0 6 0 2 0 2 0 2 0 5 1 0 0 3 1 0 0 4 0 1 0 4
0 320 1 0 0 2 0 3 0 1 0 5 0 2 0 1 1 0 1 0 0 0 0 2 1 0 0 1 0 2 0 5 0 6 0 2 0 6 0 0 0 5 0 2 0 5 0 6 0 4 1 0 1 0 0 5 0 2 0 3 0 0 0 6 0 3 1 0 0 1 0 2 1 0 0 3 1 0 0 5 0 3 0 4 0 5 1 0 1 0 0 0 0 4 0 5 1 0 0 0 0 2 0 4 1 0 0 1 0 3 0 0 0 3 0 5 0 1 0 6 0 6 0 3 1 0 0 0 0 0 0 6 0 6 0 2 0 1 1 0 1 0 0 6 0 3 0 4 0 1 0 1 0 4 1 0 0 6 0 5 0 0 0 5 0 4 0 3 0 0 0 3 0 1 0 1 0 1 0 6 0 2 0 3 0 0 0 3 0 3 0 5 0 4 0 3 1 0 0 1 0 0 1 0 0 2 0 0 0 6 0 5 0 2 0 0 0 0 0 4 0 0 0 3 0 0 0 5 0 2 0 6 0 1 1 0 0 5 0 6 0 5 0 5 0 6 0 1 0 0 0 0 0 4 0 5 0 2 0 4 0 1 1 0 0 2 1 0 0 1 0 1 1 0 0 2 0 5 0 0 0 6 0 2 0 4 0 0 0 6 0 4 0 5 0 5 0 1 0 4 0 5 0 5 0 4 0 5 0 4 0 0 0 0 0 0 0 0 0 4 0 1
0 321 1 0 6 0 3 0 6 0 3 0 2 0 5 0 3 1 0 0 5 1 0 0 5 0 6 0 1 0 5 0 3 0 5 0 6 0 4 0 2 0 2 0 6 0 3 0 6 0 3 0 0 1 0 0 2 0 5 0 6 0 1 0 5 0 0 1 0 0 2 0 5 1 0 0 0 0 0 0 3 0 0 0 2 0 5 0 0 0 6 0 0 0 1 0 4 1 0 0 0 0 5 0 1 1 0 0 2 0 6 0 0 1 0 0 3 0 4 0 5 0 6 0 0 1 0 0 0 0 1 0 5 0 5 0 5 0 3 1 0 1 0 0 5 0 0 0 1 0 3 0 3 0 2 0 0 0 5 0 3 0 2 0 3 0 1 1 0 0 1 0 6 0 2 0 2 0 3 0 4 0 5 0 6 0 0 1 0 0 0 0 4 0 2 0 0 1 0 0 2 0 1 0 6 0 3 0 1 0 5 0 3 0 5 0 0 0 1 0 0 0 1 0 6 0 1 0 2 0 6 0 4 0 4 1 0 0 3 0 6 0 4 0 4 0 5 0 3 0 0 0 1 0 1 0 3 0 6 0 0 0 4 0 6 0 4 0 6 0 1 0 3 0 6 0 4 0 2 0 2 0 4 0 6 0 0 0 2 0 5 0 2 0 4 0 3 0 4 0 1 0 4 0 4 0 2 0 4 0 1 0 1 0 0 0 0 0 1 0 0 0 3
1 321 3 0 5 0 0 0 5 1 0 0 6 0 3 0 1 0 0 0 4 0 0 0 3 0 5 0 4 0 3 0 0 0 4 0 6 0 1 0 5 0 5 0 5 0 0 0 5 1 0 0 2 0 6 0 4 0 3 0 5 0 4 0 2 0 2 0 6 0 4 0 3 1 0 0 0 0 0 0 6 0 0 0 5 0 2 0 2 0 4 0 1 0 3 0 1 1 0 0 1 0 2 0 4 0 6 0 4 0 4 0 2 0 6 0 6 0 1 0 4 0 5 0 2 0 5 1 0 0 3 0 3 0 4 0 4 0 1 0 0 1 0 0 2 0 1 0 2 0 6 0 6 0 4 0 1 0 2 1 0 0 5 0 6 0 3 0 6 0 2 0 4 0 5 0 4 1 0 0 2 0 4 0 5 0 2 0 6 0 0 0 0 0 5 0 1 0 6 0 3 0 3 0 4 1 0 0 4 0 3 0 0 0 3 0 1 0 2 0 0 0 3 0 4 0 3 0 5 0 5 0 2 0 2 1 0 1 0 0 6 0 2 0 2 0 3 1 0 0 1 0 2 0 2 1 0 0 5 0 2 0 1 0 6 0 2 0 5 0 3 1 0 0 6 0 1 0 5 0 5 0 1 0 5 0 1 0 5 0 2 0 6 0 1 0 0 0 1 0 4 0 1 0 1 0 6 0 0 0 3 0 2 0 0 0 0 0 2 0 0 1 0
1 322 1 0 0 3 0 2 0 4 0 0 0 4 1 0 0 3 0 1 0 0 0 1 1 0 0 4 0 1 1 0 0 2 0 1 0 5 0 4 0 3 0 4 0 3 0 2 0 3 1 0 0 5 0 5 0 2 0 0 0 4 0 1 0 5 0 5 0 5 0 2 0 0 1 0 0 0 0 1 0 4 0 2 0 2 0 5 0 5 0 0 0 3 0 6 0 3 0 6 0 1 0 5 0 1 0 6 0 2 0 1 0 6 0 5 0 5 0 4 0 1 0 3 0 6 0 3 1 0 1 0 0 0 0 2 0 1 0 3 0 1 0 6 0 3 0 2 0 5 0 5 0 6 0 1 0 3 0 5 1 0 0 3 0 6 0 0 0 5 0 6 0 1 0 4 0 2 1 0 0 5 0 1 0 3 0 6 0 4 0 1 0 1 0 2 0 4 0 5 0 0 0 0 0 3 0 0 0 0 1 0 0 1 0 6 0 2 0 4 0 0 1 0 0 2 0 0 0 4 0 3 0 5 0 5 1 0 1 0 0 4 0 5 0 4 1 0 1 0 0 2 0 4 0 5 1 0 0 2 0 5 0 3 0 4 0 6 0 3 0 1 0 0 0 4 0 4 0 3 0 3 0 4 0 2 0 4 0 2 0 6 0 4 0 3 0 0 0 3 0 0 0 3 0 3 0 4 0 1 0 6 0 4 0 0 0 0 0 4 0 1 0 5
1 323 1 0 6 0 5 0 5 0 0 0 2 0 1 1 0 0 6 0 2 0 0 0 3 1 0 0 0 0 4 0 6 0 3 0 3 0 3 0 2 0 0 0 1 1 0 0 6 0 0 0 0 0 3 0 3 0 5 0 1 0 0 0 4 0 3 0 4 0 3 0 5 0 1 0 5 1 0 0 3 0 0 0 5 0 5 0 3 0 3 0 1 1 0 0 6 0 0 0 5 0 4 0 2 0 4 0 4 0 5 0 3 0 5 0 4 0 4 0 1 0 3 1 0 0 6 0 1 0 0 0 5 1 0 0 4 0 2 0 6 0 3 0 4 1 0 0 6 0 3 0 4 0 5 0 3 1 0 0 4 1 0 1 0 0 5 0 2 0 3 0 5 0 4 0 0 1 0 0 0 0 2 0 3 1 0 0 6 0 1 0 3 0 2 0 5 0 1 0 3 0 1 0 0 0 6 0 0 0 1 0 6 0 2 0 4 0 6 0 0 0 2 0 6 0 3 0 1 0 1 0 0 0 4 0 5 0 0 1 0 0 1 0 4 0 3 0 0 0 6 0 4 0 1 0 4 1 0 0 5 0 3 0 0 0 2 0 5 1 0 0 3 0 1 0 1 0 2 0 0 0 0 0 1 0 6 0 0 0 6 0 5 0 1 1 0 0 1 0 6 0 0 1 0 0 0 0 1 0 4 0 5 0 1 0 1 0 1 0 0 0 4 0 3
0 323 3 0 5 0 4 0 3 0 1 0 4 0 3 1 0 0 4 0 5 0 0 1 0 1 0 0 1 0 1 0 5 1 0 1 0 1 0 0 5 0 0 0 3 1 0 0 4 0 1 0 0 1 0 0 0 0 3 0 3 0 1 0 1 0 0 0 2 0 0 0 3 0 4 0 3 1 0 0 6 0 1 0 3 0 3 1 0 1 0 0 4 1 0 0 4 0 2 0 3 0 1 0 6 0 1 0 2 0 4 0 0 0 4 0 2 0 1 0 4 0 0 0 0 0 4 0 3 0 1 0 4 0 0 0 0 0 6 0 5 0 0 0 3 0 0 0 5 0 0 0 2 0 4 0 1 0 0 0 2 0 0 1 0 0 2 0 5 1 0 0 4 0 1 0 2 0 5 1 0 0 5 0 0 0 0 0 4 0 3 0 6 0 5 0 2 0 3 0 6 0 2 0 1 0 4 0 1 0 3 0 4 0 6 0 1 0 5 0 1 0 5 0 4 1 0 0 3 0 2 0 1 0 1 0 3 0 2 0 6 0 2 0 0 1 0 0 2 0 5 0 1 0 4 0 2 0 0 0 2 1 0 0 1 0 5 0 3 1 0 0 6 0 2 0 2 0 4 0 0 0 0 0 3 0 4 0 2 0 5 0 3 0 4 0 6 0 2 0 4 0 2 0 5 1 0 0 3 0 1 0 3 0 3 0 2 0 2 0 1 0 1 0 0
0 324 1 0 0 4 0 1 1 0 0 4 0 1 0 1 0 0 0 1 0 3 0 2 1 0 0 6 0 1 0 3 0 4 0 0 1 0 1 0 0 2 0 2 0 0 0 0 0 0 0 3 0 1 0 5 1 0 0 6 0 6 0 2 0 2 0 0 0 4 0 0 1 0 0 2 0 1 0 0 0 4 0 3 1 0 0 1 0 0 1 0 0 2 0 0 0 0 0 5 0 6 0 3 0 4 0 3 0 5 0 0 0 2 0 0 0 5 0 3 0 0 0 1 0 1 0 0 1 0 0 4 0 0 0 1 0 1 0 5 0 3 0 1 0 6 0 1 0 2 0 1 0 5 0 0 0 3 0 0 0 4 0 1 0 6 0 4 0 4 0 0 0 0 0 3 0 5 0 4 0 0 0 2 0 1 0 1 0 1 0 0 0 6 0 3 0 5 1 0 0 5 0 5 0 3 0 0 0 3 1 0 0 2 0 5 0 4 0 2 0 4 0 3 0 2 1 0 0 6 0 4 0 2 0 2 0 6 0 5 0 4 0 5 0 1 0 6 0 4 0 2 0 4 0 0 0 5 0 0 0 5 0 6 0 2 0 3 0 1 0 0 0 4 0 5 0 5 0 0 0 1 0 0 1 0 0 1 0 6 0 3 0 0 0 2 0 5 0 6 0 0 0 6 0 3 1 0 0 6 0 2 0 6 0 6 0 4 0 4 0 2 0 2 0 0
0 325 1 1 0 0 0 0 4 1 0 0 0 0 3 0 2 0 0 0 2 0 6 0 5 1 0 0 4 0 3 1 0 0 1 0 2 1 0 0 6 0 3 0 4 0 0 0 0 0 0 0 6 0 3 0 4 0 0 0 5 0 5 0 5 0 4 0 1 0 0 0 2 0 6 0 3 0 2 0 1 0 1 0 0 1 0 0 2 0 1 0 6 0 3 0 0 0 1 0 3 0 6 0 0 0 2 0 0 0 3 0 1 0 4 0 1 0 2 1 0 0 1 0 2 0 2 0 1 1 0 0 0 0 1 0 2 0 3 0 2 1 0 0 4 0 4 0 3 0 4 0 3 0 2 0 1 0 6 0 1 0 0 0 4 0 5 0 2 0 1 0 1 0 0 1 0 0 4 0 1 0 1 0 4 0 2 0 2 0 2 0 1 0 5 0 0 0 5 0 0 0 3 0 3 1 0 0 1 1 0 1 0 0 5 0 3 0 1 0 6 0 0 1 0 1 0 0 0 0 5 0 1 0 5 0 5 0 5 0 4 0 2 0 3 0 4 0 5 0 1 0 6 0 0 0 2 0 2 0 2 0 3 0 5 0 5 0 6 0 2 0 1 0 1 0 4 0 3 0 1 0 2 0 1 0 6 0 2 0 4 1 0 0 1 0 5 0 3 0 5 0 2 0 5 0 1 0 0 0 4 0 6 0 5 0 6 0 2 0 1 0 5 0 4 0 0
0 325 3 0 6 0 0 0 1 1 0 0 0 0 6 0 4 0 0 0 5 0 5 0 5 0 0 0 1 0 0 1 0 0 2 0 5 1 0 0 5 0 0 0 1 0 1 0 0 0 1 0 5 0 0 0 1 0 2 0 3 0 4 0 4 0 1 0 3 0 0 0 5 0 4 1 0 0 5 0 2 0 2 0 1 0 6 0 3 0 3 0 4 1 0 0 1 0 2 1 0 0 5 0 1 0 4 0 0 0 6 0 3 0 0 0 3 0 5 0 6 0 1 0 4 0 4 0 3 0 5 1 0 0 2 0 4 0 6 0 5 1 0 0 1 0 2 0 0 0 1 1 0 0 5 0 3 0 4 0 3 0 1 0 1 0 3 0 5 0 2 0 2 0 1 1 0 0 0 0 3 0 3 0 0 0 5 0 4 0 4 0 3 0 2 0 2 0 2 0 1 1 0 0 0 1 0 0 3 1 0 1 0 0 2 1 0 0 4 0 4 0 2 1 0 0 6 0 0 0 2 0 4 0 3 0 4 0 4 0 1 0 5 1 0 0 2 0 3 0 4 0 4 0 1 0 4 0 4 0 4 1 0 0 4 0 4 0 5 0 5 0 2 0 3 0 0 1 0 0 3 0 4 0 3 0 4 0 6 0 1 1 0 0 3 0 3 0 0 0 3 0 6 0 2 0 3 0 1 0 1 0 6 0 4 0 5 0 5 0 3 0 3 0 1 0 1
0 326 1 0 0 5 0 1 0 3 0 6 0 0 0 5 0 1 0 2 0 3 0 4 0 3 0 1 0 2 0 1 0 6 0 4 0 4 0 0 0 2 0 1 0 2 0 2 0 0 0 3 0 2 0 1 0 2 0 4 1 0 0 2 0 1 0 3 0 6 0 1 0 3 0 3 0 0 0 2 0 5 0 4 0 3 0 5 0 0 0 0 0 2 1 0 0 2 0 5 1 0 0 2 0 4 0 0 0 2 0 4 1 0 0 1 1 0 0 4 0 5 0 4 0 1 0 2 0 0 0 4 1 0 0 5 0 1 0 6 0 4 1 0 0 2 0 4 0 0 0 3 1 0 0 3 0 0 0 1 1 0 0 3 0 2 1 0 0 3 0 5 0 4 0 3 0 5 1 0 0 6 0 6 0 1 0 3 0 2 0 1 1 0 0 5 0 4 0 4 0 3 0 6 0 0 1 0 0 0 0 0 0 6 0 4 1 0 0 1 0 1 1 0 0 0 0 4 0 1 0 5 0 1 0 0 0 2 0 1 0 4 0 3 1 0 0 4 1 0 0 2 0 1 0 4 0 1 0 2 0 3 0 0 0 1 0 2 0 4 0 3 0 5 0 6 0 1 0 6 0 6 0 1 0 0 0 2 0 5 0 4 0 6 0 5 0 6 0 0 1 0 0 5 0 5 0 6 0 2 0 3 0 5 0 2 0 4 0 3 1 0 1 0 0 3 0 2
1 327 1 1 0 0 2 0 3 1 0 0 5 0 2 0 2 0 3 0 4 1 0 0 1 1 0 0 3 0 4 0 3 0 5 0 2 0 1 0 1 0 4 0 2 0 4 0 4 0 0 0 6 0 4 0 2 0 5 0 1 1 0 0 4 0 2 1 0 0 5 0 3 0 6 0 6 0 0 0 5 0 3 0 2 0 0 0 3 0 1 0 0 0 5 0 6 0 4 0 3 1 0 0 5 0 0 0 1 0 5 0 1 1 0 0 3 1 0 0 1 0 4 0 1 0 3 0 4 0 1 0 2 0 0 0 2 0 4 0 5 0 2 1 0 0 5 0 0 0 1 1 0 1 0 0 6 0 0 0 3 0 6 0 5 0 5 0 6 0 6 0 3 0 2 0 0 0 5 0 0 0 5 0 5 0 3 0 6 0 4 0 3 1 0 0 3 0 2 0 2 0 0 0 5 0 2 0 5 1 0 0 1 0 5 0 2 1 0 0 2 0 3 0 6 0 0 0 0 0 4 0 2 0 3 0 0 0 4 0 3 0 1 0 1 0 0 0 1 1 0 0 4 0 3 0 0 0 3 0 4 0 6 0 0 0 2 0 5 0 1 0 0 0 4 0 5 0 4 0 5 0 5 0 3 0 0 0 5 0 3 0 2 0 6 0 4 0 5 0 2 1 0 0 3 0 4 0 5 0 5 1 0 0 3 0 6 0 1 0 1 0 0 0 6 0 5 0 4
0 327 3 0 6 0 4 0 0 0 0 0 2 0 5 0 4 1 0 0 2 1 0 0 3 0 6 0 6 0 1 0 0 0 3 0 5 0 2 0 3 0 0 0 6 0 1 0 1 0 2 0 5 0 1 0 6 0 2 0 4 1 0 0 0 1 0 0 0 0 3 0 0 0 6 0 5 0 2 0 2 1 0 0 5 0 0 0 6 0 2 0 1 0 3 0 6 0 2 0 1 0 0 0 2 0 1 0 3 0 2 0 4 0 6 0 6 0 6 0 2 0 0 0 3 1 0 0 1 0 3 0 4 0 0 0 5 0 1 0 3 1 0 0 0 0 2 0 1 0 3 1 0 1 0 0 4 0 1 1 0 0 6 0 4 0 4 0 6 0 5 1 0 0 5 0 1 0 2 0 2 0 3 0 4 0 0 0 6 0 2 0 0 1 0 0 6 0 4 0 4 0 1 0 2 0 6 0 3 1 0 0 3 0 2 0 6 0 6 0 3 1 0 0 5 0 1 0 1 0 0 0 5 0 6 0 1 0 0 1 0 0 3 0 2 0 0 0 3 1 0 0 0 1 0 0 1 1 0 0 2 0 5 0 1 0 5 0 2 0 3 0 1 0 1 0 4 0 2 0 4 0 3 1 0 0 2 0 2 1 0 0 6 0 5 0 2 0 3 0 6 0 6 0 6 0 1 0 4 0 4 1 0 1 0 0 5 0 3 0 2 0 1 0 5 0 4 0 2
1 328 1 0 0 6 0 1 0 1 0 0 0 5 0 3 0 2 1 0 0 5 0 6 0 6 0 5 0 5 0 3 0 0 1 0 0 3 0 5 0 6 0 1 0 4 0 3 0 2 0 5 0 2 0 4 0 4 0 6 0 1 1 0 0 1 0 5 1 0 0 6 0 1 0 5 0 3 0 5 0 5 1 0 0 2 0 2 0 4 0 5 0 2 1 0 0 5 0 5 0 2 0 0 0 4 0 2 0 6 0 5 0 1 0 6 0 6 0 5 0 5 0 0 1 0 1 0 0 2 1 0 0 1 0 2 0 2 0 3 1 0 1 0 0 0 0 4 0 3 0 0 0 0 1 0 0 0 0 4 1 0 0 5 0 2 0 2 0 6 0 5 0 0 0 2 0 3 0 4 0 4 1 0 0 1 0 2 0 4 0 5 0 1 1 0 0 5 0 2 0 1 0 3 0 5 0 5 0 0 1 0 0 6 0 5 0 5 0 6 0 1 0 0 0 2 0 3 0 2 0 1 0 3 0 5 0 3 0 1 0 6 0 5 0 4 0 0 1 0 1 0 0 1 0 6 0 2 0 6 0 4 0 2 0 4 0 2 0 5 0 6 0 2 0 3 0 0 0 6 0 1 0 0 1 0 0 4 0 5 1 0 0 5 0 3 0 5 1 0 0 6 0 6 0 5 0 4 0 1 0 3 0 0 1 0 0 2 1 0 0 5 0 3 0 3 0 1 0 5
1 329 1 1 0 0 4 0 3 0 2 0 1 0 2 1 0 1 0 0 0 0 3 0 6 0 6 0 4 0 3 1 0 0 2 0 6 0 6 0 3 0 5 0 4 0 0 1 0 0 6 0 2 0 6 0 1 0 2 0 5 0 4 0 6 0 2 0 4 0 0 0 4 0 4 0 3 0 0 0 4 0 4 1 0 0 4 0 5 0 1 0 3 1 0 0 0 0 3 0 3 0 5 0 1 0 0 0 6 0 5 0 3 0 4 0 5 0 6 0 4 0 3 0 2 1 0 0 6 0 4 0 6 0 1 0 4 0 5 0 0 0 0 0 6 0 0 0 0 1 0 0 1 0 1 0 6 0 0 0 2 0 0 0 2 0 5 0 5 0 5 0 3 0 1 0 4 1 0 0 2 0 2 1 0 0 2 0 5 0 1 0 3 0 4 1 0 0 2 0 5 0 2 1 0 0 4 0 3 0 2 1 0 0 5 0 4 0 4 0 5 0 3 0 0 0 4 0 6 0 4 0 2 1 0 0 3 1 0 0 4 0 5 0 4 0 1 0 2 1 0 0 6 0 2 0 4 0 6 0 5 0 1 0 6 0 0 0 6 0 3 0 5 0 5 0 6 0 1 0 4 0 3 0 1 1 0 0 1 0 5 0 0 0 3 0 0 0 5 0 0 0 5 0 6 0 4 0 1 0 3 0 6 0 1 0 6 0 4 1 0 0 2 1 0 1 0 0 4 0 3
0 329 3 1 0 0 0 1 0 0 5 0 2 0 5 1 0 0 5 1 0 1 0 0 6 0 6 0 2 0 0 1 0 0 5 0 5 0 6 0 0 0 4 0 1 0 2 1 0 0 4 0 6 0 4 0 3 0 5 0 3 0 2 0 5 0 6 0 0 0 2 0 1 0 1 1 0 0 2 0 1 0 3 0 0 0 1 0 3 0 3 1 0 1 0 0 0 1 0 0 0 0 3 0 3 0 1 0 5 0 4 0 0 0 2 0 4 0 6 0 1 1 0 1 0 0 0 0 5 0 2 0 5 0 4 0 1 0 3 0 1 0 1 0 4 0 1 0 1 0 6 0 1 0 3 0 4 0 1 0 4 0 0 0 5 0 3 0 4 0 3 1 0 0 4 0 1 1 0 0 4 0 5 0 6 0 4 0 2 0 3 1 0 0 2 1 0 0 5 0 2 1 0 0 0 0 0 1 0 1 0 0 0 0 3 0 2 0 2 0 3 1 0 0 2 0 1 0 6 0 1 1 0 0 0 0 0 0 0 0 1 0 4 0 1 0 3 0 5 1 0 0 4 0 6 0 1 0 6 0 3 0 4 0 4 0 2 0 5 0 0 0 4 0 4 0 5 0 4 0 0 1 0 0 4 0 6 0 2 0 2 0 1 0 6 0 1 0 2 0 2 0 3 0 6 0 1 0 3 1 0 0 5 0 4 0 5 0 2 1 0 0 5 1 0 1 0 0 1 0 0
0 330 1 0 1 0 0 1 1 0 0 2 0 6 0 4 0 0 0 4 0 0 1 0 0 5 0 5 0 5 0 1 1 0 0 3 0 4 0 5 0 2 0 0 0 3 0 5 1 0 0 1 0 6 0 2 0 0 0 3 1 0 0 6 0 3 0 5 0 1 0 4 0 2 0 3 0 6 0 3 0 2 0 6 0 0 0 2 1 0 0 1 0 0 0 6 0 0 0 5 1 0 0 6 0 6 0 3 0 3 0 1 0 1 0 5 0 1 0 5 0 4 1 0 0 6 0 0 0 2 0 6 0 3 0 1 0 3 0 6 0 2 0 3 0 0 0 3 0 3 0 4 0 3 1 0 0 1 0 4 0 0 0 2 0 3 0 0 0 2 0 1 0 0 0 0 0 4 1 0 0 1 0 4 0 6 0 1 0 5 1 0 1 0 0 5 1 0 0 2 0 6 0 5 1 0 0 1 1 0 0 5 1 0 0 6 0 4 0 4 1 0 1 0 0 4 0 3 0 4 0 4 0 5 1 0 0 0 0 0 0 3 0 0 0 3 1 0 0 5 0 0 0 1 0 5 0 4 0 5 0 0 0 2 0 1 0 6 0 2 0 2 0 1 0 2 0 4 0 1 0 2 1 0 0 1 0 5 0 5 0 4 0 3 0 4 0 3 0 4 0 4 1 0 0 5 0 4 0 0 0 0 0 3 0 2 0 3 1 0 0 0 0 4 0 0 0 6 0 1 0 0
0 331 1 1 0 0 6 0 2 0 6 0 4 0 5 0 1 0 2 0 0 0 2 1 0 0 3 0 4 0 3 0 4 0 6 0 6 0 1 0 3 0 5 0 0 1 0 0 4 1 0 0 3 0 4 0 5 0 1 0 0 0 0 0 5 0 0 0 3 0 4 0 0 0 5 1 0 0 5 1 0 0 6 0 4 0 1 0 5 0 6 0 1 0 1 0 4 0 2 0 4 0 0 0 5 0 5 1 0 1 0 0 3 0 3 0 2 0 4 0 3 0 3 0 0 0 4 0 1 0 5 0 4 1 0 0 3 1 0 0 5 0 5 0 6 0 0 1 0 0 0 0 2 0 0 1 0 0 3 0 0 0 1 0 4 0 6 0 0 0 4 0 2 0 0 0 1 0 1 1 0 0 3 0 1 0 5 0 4 0 4 0 0 1 0 0 3 1 0 0 5 0 5 0 4 1 0 0 3 1 0 0 4 0 0 0 5 0 2 0 3 0 0 1 0 0 1 0 0 0 2 0 2 0 4 1 0 0 0 0 0 0 6 0 1 0 0 0 0 0 2 0 1 0 3 0 3 0 2 0 3 0 1 0 4 0 3 0 4 0 5 0 4 0 2 0 5 0 0 0 3 0 5 0 6 0 2 0 3 0 4 0 2 0 0 0 2 0 0 0 2 0 3 0 0 0 3 0 1 0 1 0 0 0 6 0 4 1 0 1 0 0 1 0 0 0 2 0 4 0 3 0 0
0 331 3 1 0 0 4 0 6 0 5 0 2 0 3 0 3 0 4 0 0 0 5 0 6 0 6 0 1 0 0 0 2 0 6 0 5 0 3 1 0 0 3 0 2 1 0 0 1 1 0 1 0 0 2 0 3 0 3 0 0 0 1 0 2 0 1 1 0 0 1 0 2 0 4 0 0 0 4 0 0 0 5 0 1 0 4 0 3 0 5 0 3 0 3 0 0 0 6 0 0 0 2 0 3 0 5 0 0 0 6 0 5 0 6 0 5 0 0 1 0 1 0 0 2 0 0 0 4 0 3 0 3 0 0 0 0 0 0 0 3 0 4 0 5 0 2 0 5 1 0 0 4 0 1 0 6 0 5 0 0 0 3 0 1 0 5 0 2 0 0 0 5 0 0 0 2 0 3 0 6 0 5 0 3 0 3 0 2 0 1 0 2 1 0 0 0 0 0 0 3 0 4 0 3 0 0 0 0 0 0 0 0 0 2 0 2 0 5 0 6 0 1 0 6 0 1 0 0 0 4 0 5 0 1 1 0 0 0 0 1 0 4 0 3 0 0 0 0 0 4 0 2 0 6 0 6 0 4 0 6 0 3 0 1 0 0 0 2 0 4 0 1 0 6 0 2 0 1 1 0 0 4 0 5 0 5 1 0 0 1 0 5 0 0 0 4 0 0 0 4 0 6 0 0 0 6 0 2 0 2 0 1 0 5 0 3 0 0 0 6 0 1 0 0 0 5 0 0 1 0 0 1
0 333 1 0 0 0 0 0 1 0 6 0 3 0 5 1 0 0 0 0 1 0 2 0 3 0 6 0 5 0 3 0 0 0 5 0 5 0 4 0 0 1 0 0 6 0 5 0 6 0 2 1 0 0 6 0 3 0 6 0 6 0 0 0 2 0 4 0 3 0 6 0 1 0 5 0 0 0 2 0 0 0 2 0 2 0 4 0 1 0 0 0 3 1 0 1 0 0 2 0 4 0 1 0 4 1 0 0 3 0 2 0 5 0 4 0 6 0 3 0 2 1 0 0 6 0 3 0 1 0 0 1 0 1 0 0 1 0 0 0 0 1 0 0 2 0 3 0 6 0 4 0 0 0 0 0 4 0 5 0 3 0 1 0 6 0 3 0 2 0 5 0 1 0 2 0 1 0 4 1 0 0 6 0 3 1 0 1 0 0 5 0 2 0 5 0 5 1 0 0 0 1 0 0 1 1 0 0 1 0 0 0 0 0 0 0 4 0 5 0 3 0 5 0 4 0 4 0 3 0 1 0 1 0 3 0 4 0 5 1 0 0 3 0 0 1 0 0 1 0 1 0 0 0 6 0 5 0 6 0 2 0 5 1 0 0 3 0 0 0 5 0 0 0 4 0 4 0 5 0 3 1 0 0 1 0 4 0 4 1 0 0 3 0 2 0 2 0 0 0 2 0 1 0 5 0 2 0 4 0 5 0 4 0 3 0 2 1 0 0 2 0 4 0 3 0 1 0 2 0 2 0 6 0 1
1 333 2 0 0 0 0 0 3 0 5 0 0 0 4 1 0 0 0 0 2 0 4 1 0 0 6 0 3 1 0 0 2 0 3 0 4 0 1 0 2 1 0 0 5 0 4 0 5 1 0 0 0 0 5 0 0 0 6 0 5 0 1 0 5 0 1 0 0 0 5 0 4 0 2 0 1 0 4 0 0 0 4 0 5 0 0 0 3 0 1 0 0 0 0 0 6 0 4 0 0 0 4 0 1 1 0 0 6 0 5 0 3 0 2 0 5 1 0 1 0 0 0 0 4 1 0 0 3 0 1 1 0 0 6 0 1 0 0 0 1 0 6 0 3 1 0 0 6 0 1 0 1 0 1 0 1 0 3 1 0 0 4 0 4 1 0 0 6 0 2 0 3 0 4 0 3 0 2 0 0 0 5 0 1 0 0 1 0 0 2 0 6 0 3 0 4 1 0 0 1 0 6 0 2 0 6 0 1 0 0 0 0 0 1 0 1 0 4 0 0 0 4 0 2 0 1 1 0 0 3 0 2 1 0 0 2 0 4 1 0 0 6 0 1 0 6 0 1 0 2 0 1 0 5 0 4 0 5 0 6 0 3 1 0 0 6 0 1 0 2 0 2 0 1 0 2 0 4 0 0 1 0 0 3 0 1 0 2 1 0 0 6 0 4 0 4 0 0 0 4 0 3 0 2 0 6 0 1 0 4 0 1 1 0 0 6 0 6 0 4 0 0 1 0 0 3 0 4 0 5 0 4 0 3
0 333 4 0 0 0 0 1 0 0 3 0 2 0 1 1 0 0 0 0 5 0 2 0 0 0 5 0 0 1 0 0 4 1 0 0 1 0 3 0 5 1 0 0 3 0 2 0 4 1 0 0 1 0 2 0 2 0 5 0 3 0 4 0 2 0 3 0 1 0 3 0 1 0 5 0 3 0 0 0 2 0 1 0 3 0 1 0 6 0 2 0 0 0 1 0 5 0 1 0 2 0 0 0 4 1 0 0 5 0 3 1 0 0 6 0 4 0 0 0 6 0 0 0 1 1 0 0 6 0 3 1 0 0 4 0 3 0 0 0 3 0 5 0 1 0 0 0 4 0 3 0 2 0 2 0 3 0 0 0 0 0 1 0 3 0 0 0 4 0 5 1 0 0 1 1 0 0 5 0 1 0 2 0 3 0 1 0 6 0 4 0 5 0 0 0 2 1 0 0 3 0 4 0 6 0 4 0 3 0 0 0 0 0 2 0 3 0 0 0 2 0 0 0 5 0 3 0 6 0 5 0 5 0 6 0 4 0 2 0 0 0 4 0 4 0 4 0 3 0 4 0 3 0 3 0 2 0 4 0 6 0 1 0 0 0 4 0 3 0 4 0 4 0 2 0 5 0 0 0 2 0 6 0 5 0 2 0 5 1 0 0 5 0 2 0 1 0 2 0 0 1 0 0 6 0 4 0 4 0 0 0 4 1 0 0 5 0 6 0 1 0 2 0 6 0 6 0 1 0 4 0 2 0 0
0 335 1 0 0 0 1 0 1 0 6 0 5 0 4 0 3 0 6 0 0 0 2 0 5 0 1 0 2 0 2 1 0 0 1 1 0 0 2 1 0 0 4 1 0 0 6 0 5 0 1 1 0 0 2 0 4 0 5 0 3 0 0 0 1 0 5 0 6 0 2 0 6 0 3 0 2 1 0 0 1 0 4 0 2 0 6 0 3 0 4 0 5 0 0 0 3 0 2 0 3 0 4 0 1 0 2 0 0 0 3 0 1 0 0 0 5 0 1 0 2 0 4 0 1 0 3 1 0 0 5 0 1 0 0 0 0 1 0 0 1 1 0 0 3 0 3 0 1 0 0 1 0 0 5 0 4 0 6 0 0 0 0 0 2 0 6 0 1 0 1 0 4 1 0 0 3 1 0 0 2 0 3 0 4 0 6 0 3 0 5 0 2 0 3 0 1 0 5 0 6 0 6 0 1 0 6 0 1 1 0 0 1 0 0 0 4 0 6 0 0 0 4 0 1 0 3 0 0 0 6 0 4 0 4 0 6 0 1 0 5 0 1 0 1 0 2 0 2 0 0 0 1 1 0 1 0 0 6 0 1 0 5 0 3 0 1 0 1 0 0 0 2 0 1 0 6 0 2 0 1 0 5 0 5 0 3 0 6 0 4 0 0 0 2 0 5 0 2 0 4 0 1 1 0 0 5 0 2 0 1 0 2 0 2 0 0 0 3 0 5 0 3 0 5 0 5 0 5 0 4 0 0 0 5 0 0
0 335 2 0 0 0 2 0 3 0 5 0 4 0 2 0 0 0 5 0 1 0 5 0 2 0 3 0 4 0 5 0 6 0 2 0 6 0 4 1 0 0 2 0 0 0 5 0 3 0 4 0 6 0 4 0 1 0 3 1 0 0 1 0 3 0 3 0 5 0 6 0 4 1 0 0 6 0 6 0 2 0 0 0 6 0 5 0 0 0 2 0 3 0 1 0 6 0 4 1 0 0 1 0 3 0 4 0 0 0 6 0 2 0 1 0 2 0 3 0 5 0 0 0 4 0 0 0 0 0 2 0 3 0 0 0 1 0 6 0 2 0 6 0 5 0 6 0 2 0 1 1 0 0 3 0 2 0 5 0 1 0 0 0 5 0 4 0 3 0 3 0 1 1 0 1 0 1 0 0 4 1 0 0 2 0 6 0 0 0 3 0 5 0 6 0 3 0 3 0 6 0 5 0 4 0 4 0 4 0 6 0 1 0 1 0 1 0 5 0 2 0 0 0 3 0 6 0 1 0 5 0 2 0 2 0 5 0 4 0 2 0 3 0 2 0 4 0 4 0 0 0 3 1 0 1 0 0 4 0 4 0 2 1 0 0 3 0 2 0 0 0 4 0 3 0 4 0 5 0 3 0 3 0 4 0 0 0 6 0 1 0 1 0 5 0 2 0 6 0 0 0 4 1 0 0 2 0 5 0 2 0 4 0 4 0 0 1 0 0 4 0 0 0 4 0 4 0 4 0 1 0 2 0 2 0 1
0 335 4 0 0 0 4 1 0 0 4 0 1 0 5 0 1 0 2 0 4 0 2 0 5 1 0 0 2 0 4 0 5 0 6 0 5 0 2 1 0 0 4 0 1 0 3 0 0 0 2 0 6 0 1 0 3 1 0 1 0 0 2 1 0 0 0 0 4 0 6 0 3 0 0 0 5 0 5 0 5 0 1 0 5 0 3 0 1 0 4 0 6 0 3 0 5 0 2 1 0 0 2 1 0 0 1 0 2 0 4 0 5 0 2 0 4 1 0 0 3 0 2 0 0 0 1 0 0 0 4 0 6 0 0 0 3 0 4 0 6 0 5 0 4 0 5 0 5 0 3 0 6 0 5 0 5 0 2 0 3 0 1 0 3 0 1 1 0 1 0 0 4 1 0 1 0 1 0 0 1 1 0 0 5 0 4 0 1 1 0 0 4 0 6 0 0 0 0 0 6 0 4 0 2 0 2 0 2 0 5 0 3 0 2 0 3 0 2 0 5 0 0 1 0 0 5 0 4 0 2 0 5 0 5 0 3 0 1 0 5 0 6 0 5 0 1 0 1 0 2 0 0 0 0 1 0 0 1 0 1 0 6 0 6 0 5 0 4 0 1 0 1 0 0 0 2 0 4 0 0 0 0 0 1 0 2 0 4 0 3 0 3 0 2 0 6 0 4 0 2 0 1 1 0 0 5 0 2 0 6 0 1 0 1 0 2 1 0 0 0 0 2 0 1 0 2 0 1 0 3 0 4 0 4 0 2
1 337 1 0 0 0 2 0 2 0 0 0 0 0 4 0 2 0 3 0 5 0 0 0 6 0 3 1 0 0 5 0 1 0 4 0 6 0 3 1 0 0 0 0 0 0 3 0 6 0 0 0 5 0 4 0 4 0 0 0 0 0 6 0 4 0 6 0 0 0 1 0 5 1 0 0 2 0 3 0 4 0 3 0 4 0 2 1 0 0 4 0 1 0 6 0 0 0 3 0 6 0 6 0 4 0 6 0 1 0 5 0 1 0 3 0 6 0 1 1 0 0 6 0 4 0 0 0 2 0 1 0 1 0 5 0 1 1 0 0 2 0 6 0 4 0 2 0 4 0 4 0 0 0 6 0 4 0 3 0 5 0 6 0 2 0 6 0 3 1 0 1 0 0 2 0 0 1 0 0 6 0 2 1 0 0 3 0 1 0 4 1 0 0 1 0 5 0 1 0 1 0 5 0 1 0 5 0 4 0 5 0 2 1 0 0 5 0 6 0 5 0 2 0 2 1 0 0 3 0 1 0 6 0 3 0 3 1 0 0 4 0 3 0 6 0 3 0 3 0 2 0 4 0 0 0 1 0 6 0 1 0 3 0 5 0 6 0 4 0 1 0 3 0 2 0 0 0 5 0 0 0 1 0 0 0 2 0 5 0 0 1 0 1 0 0 6 0 5 0 1 0 5 0 3 1 0 0 2 0 6 0 4 0 3 0 2 0 5 0 5 1 0 0 4 0 2 0 4 0 2 1 0 0 2 0 1 0 5
1 337 2 0 0 0 4 0 4 0 0 0 1 0 0 0 5 1 0 0 3 0 2 0 5 0 1 0 0 0 2 0 4 0 1 0 6 0 0 1 0 0 0 0 0 1 0 0 5 0 2 0 3 0 2 0 1 0 1 0 1 0 5 0 2 0 5 0 1 0 3 0 3 1 0 0 4 1 0 0 2 0 0 0 1 1 0 0 0 0 0 0 4 0 4 0 1 1 0 0 6 0 6 0 2 0 5 0 4 0 2 0 3 1 0 0 5 0 4 1 0 0 5 0 1 0 1 0 4 0 2 0 3 0 2 0 4 0 6 0 4 0 5 0 1 0 6 0 1 0 1 0 2 0 5 0 2 0 0 0 4 0 5 0 6 0 5 0 1 0 0 0 6 0 3 0 1 1 0 0 4 0 6 0 6 0 5 0 3 0 1 1 0 0 3 0 2 0 3 0 3 0 2 0 4 0 3 0 2 0 3 1 0 0 0 0 3 0 6 0 3 0 5 0 5 0 6 0 5 0 3 0 5 0 0 0 1 0 0 0 1 0 0 0 5 1 0 1 0 0 6 0 0 0 1 0 3 0 4 0 3 1 0 0 4 0 6 0 1 0 3 0 6 0 4 0 1 0 2 0 1 0 2 0 0 0 5 0 2 0 2 1 0 1 0 0 5 0 3 0 4 0 3 0 0 1 0 0 5 0 5 0 1 1 0 0 6 0 3 0 5 0 0 0 0 0 6 0 0 0 6 0 6 0 3 0 3 0 3
0 337 4 0 1 0 1 0 1 0 1 0 2 0 1 0 3 1 0 0 6 0 5 0 2 0 3 0 0 0 5 0 0 0 4 0 4 0 2 0 5 1 0 0 1 1 0 0 2 0 5 0 6 0 4 0 2 0 2 0 3 0 2 0 6 0 2 0 3 1 0 0 1 0 0 0 1 1 0 0 4 0 0 0 3 0 5 1 0 0 1 0 1 0 1 0 4 1 0 0 5 0 5 0 6 0 3 0 1 0 6 0 0 0 0 0 3 0 3 0 0 0 2 0 3 0 3 0 0 0 5 0 6 0 5 0 1 0 6 0 2 0 3 0 4 0 4 0 3 0 2 0 5 0 2 0 5 0 1 0 1 0 4 0 6 0 3 0 3 0 1 0 4 1 0 0 4 1 0 0 1 0 6 0 6 0 3 1 0 0 4 0 6 0 5 0 4 0 6 0 6 0 5 0 0 1 0 0 5 1 0 1 0 0 0 1 0 0 6 0 0 0 4 0 4 0 6 0 4 0 0 0 3 0 1 0 2 0 0 0 2 0 1 0 4 0 0 1 0 0 4 0 1 0 2 1 0 0 2 0 1 0 0 0 1 0 5 0 3 1 0 0 6 0 1 0 3 0 4 0 2 0 4 0 1 0 2 0 5 0 5 1 0 1 0 0 3 0 0 0 1 1 0 0 2 1 0 0 3 0 3 0 4 1 0 0 5 0 0 0 3 0 1 0 1 0 4 0 2 0 5 0 6 0 0 0 0 0 0
0 339 1 0 0 0 3 0 2 0 2 0 2 0 4 0 3 0 0 0 0 0 5 0 3 0 5 0 6 0 1 0 2 0 2 0 1 0 1 0 6 0 3 1 0 0 3 0 6 0 4 0 3 0 6 0 1 0 5 0 4 0 6 0 5 0 4 0 5 1 0 1 0 0 2 0 0 0 3 1 0 0 0 0 1 1 0 0 4 1 0 0 2 0 2 0 3 0 2 0 0 0 3 0 4 0 5 1 0 0 4 0 4 0 1 0 0 0 6 0 6 0 0 0 4 0 6 0 6 0 1 0 3 0 6 0 3 0 4 0 4 0 5 1 0 0 2 0 1 1 0 0 6 0 2 0 6 0 2 0 3 0 3 0 1 0 5 1 0 1 0 0 4 0 2 0 0 0 1 1 0 0 3 0 5 0 6 0 1 0 0 0 1 0 6 0 4 0 2 0 6 0 6 0 3 0 2 1 0 0 4 0 0 0 6 0 0 1 0 0 4 0 2 0 1 0 2 0 6 0 1 0 1 0 6 0 2 0 4 0 0 0 4 0 3 0 0 0 2 1 0 0 0 0 3 0 5 0 6 0 3 0 2 0 0 0 3 0 3 0 1 0 0 0 4 0 3 1 0 0 1 0 6 0 0 0 3 0 5 0 3 0 5 0 0 0 6 0 5 0 0 0 3 0 6 0 4 0 6 0 5 1 0 0 3 0 0 0 2 0 1 0 6 0 2 0 3 0 0 0 6 0 3 0 5 0 1 0 0 0 0
0 339 2 0 0 0 6 0 4 0 4 0 5 0 0 1 0 0 1 0 1 0 3 0 0 0 4 0 5 0 3 0 4 0 4 0 2 0 3 0 5 0 0 1 0 1 0 0 6 0 2 0 0 0 5 0 4 0 3 0 2 0 6 0 4 0 2 0 5 0 0 0 6 0 3 0 0 1 0 1 0 0 0 0 3 1 0 0 1 1 0 0 4 0 4 0 6 0 4 0 0 1 0 0 2 0 5 0 0 0 1 0 1 0 3 0 1 0 5 0 5 0 2 0 1 0 6 0 5 0 3 1 0 0 6 0 0 0 2 0 2 0 4 1 0 0 4 0 3 1 0 0 4 0 6 0 4 0 5 0 6 0 6 0 3 0 4 0 0 1 0 0 0 0 5 0 0 0 3 0 6 0 6 0 3 0 5 0 3 0 0 0 3 0 5 0 1 0 6 0 5 0 5 1 0 1 0 0 0 0 0 0 2 0 4 0 2 1 0 0 0 0 5 0 2 0 5 0 4 0 3 0 3 0 4 0 6 0 0 0 2 0 0 1 0 0 1 0 5 0 5 1 0 1 0 0 4 0 5 1 0 0 5 0 0 0 6 0 6 0 2 0 1 0 1 0 0 1 0 0 3 0 4 0 1 1 0 0 4 0 0 0 3 0 2 0 5 0 3 0 1 1 0 0 6 0 2 0 6 0 4 1 0 0 6 0 0 0 4 0 3 0 4 0 5 0 6 0 1 0 5 0 0 0 3 0 3 0 0 0 0
0 339 4 0 1 0 5 0 2 0 2 0 3 0 2 0 6 0 1 0 2 0 6 0 1 0 1 0 4 0 0 0 2 0 1 0 5 1 0 0 3 0 2 1 0 1 0 0 4 0 5 0 1 0 3 0 1 1 0 0 6 0 5 0 1 0 6 0 2 0 2 0 4 1 0 0 2 1 0 0 5 1 0 1 0 1 0 0 3 1 0 0 1 0 2 0 6 0 1 0 2 0 6 0 4 0 2 0 1 0 2 0 2 0 6 0 3 0 3 0 3 0 5 0 3 0 5 0 4 0 1 0 0 0 4 0 1 0 4 0 5 0 2 0 0 0 1 0 1 0 0 0 1 0 6 0 2 0 4 0 6 0 6 0 0 0 1 0 2 0 6 0 0 0 2 0 1 1 0 0 6 0 6 0 0 0 3 1 0 0 1 1 0 0 3 0 4 0 5 0 4 0 5 0 0 0 5 1 0 0 0 0 5 0 0 0 6 0 6 0 0 0 2 0 6 0 3 0 2 0 0 0 0 0 2 0 5 0 1 0 4 0 1 0 6 0 2 0 3 0 5 0 0 1 0 0 1 0 5 0 0 0 2 0 2 0 5 0 5 0 5 0 2 0 2 0 1 0 6 0 6 0 0 0 4 1 0 0 0 0 1 0 6 0 5 0 2 1 0 0 4 1 0 0 4 0 6 0 5 0 3 0 0 0 4 0 2 0 1 0 0 0 2 0 4 0 5 0 4 0 2 0 1 0 6 0 6 0 0 0 0
0 341 1 0 0 0 4 0 2 0 5 0 4 0 6 0 5 0 4 0 3 0 5 0 4 0 3 0 3 0 0 0 1 0 4 0 3 0 3 1 0 0 6 0 5 1 0 1 0 0 1 0 3 0 3 0 6 0 3 1 0 0 5 0 3 0 4 0 4 0 5 0 5 0 1 1 0 0 5 1 0 0 4 0 0 1 0 0 6 0 6 0 6 0 1 0 5 0 4 0 3 0 5 0 5 0 1 0 5 0 2 0 4 0 5 0 5 0 0 0 0 0 0 0 4 0 0 0 4 0 1 0 3 0 1 0 0 0 4 0 1 0 3 0 5 0 0 0 2 0 2 0 0 0 3 0 4 0 6 0 1 0 6 0 5 0 1 0 2 0 5 0 4 0 1 0 4 0 3 1 0 0 5 0 5 0 1 1 0 1 0 0 3 0 6 0 6 0 1 0 4 0 2 0 3 0 2 0 3 1 0 0 1 0 2 0 2 0 5 0 5 0 1 0 5 0 4 1 0 0 5 0 0 0 0 0 5 0 2 0 4 0 0 0 4 0 4 0 5 1 0 0 3 0 2 0 6 0 2 0 2 0 1 0 4 0 5 0 3 0 4 0 3 0 5 0 4 0 3 0 5 0 5 0 2 0 1 1 0 0 0 0 3 0 5 0 3 1 0 0 0 0 2 0 0 0 1 0 6 0 3 1 0 0 2 0 0 0 5 0 2 0 0 0 5 0 1 0 4 0 1 0 5 0 3 0 5 0 5 0 1 0 0
0 341 2 0 1 0 0 0 6 0 3 0 2 0 6 0 4 0 2 0 0 0 4 0 1 1 0 1 0 0 1 0 3 0 1 0 0 0 1 0 0 0 5 0 5 0 0 0 6 0 1 1 0 0 0 0 6 0 1 0 0 0 3 0 0 0 2 0 2 0 4 0 3 0 4 1 0 0 4 0 0 0 0 0 2 1 0 0 5 0 6 0 5 0 4 0 3 0 2 0 0 0 4 0 3 0 4 0 2 0 6 0 1 0 4 0 3 0 1 0 0 0 1 0 0 0 2 0 0 0 3 0 6 0 2 0 1 0 0 0 3 1 0 0 3 0 1 0 4 0 4 0 0 1 0 0 2 0 5 0 4 0 5 0 3 0 3 0 5 0 3 0 1 0 4 0 1 0 1 0 0 0 3 0 3 0 4 1 0 0 6 0 6 0 5 0 5 0 4 0 0 0 5 0 6 0 4 1 0 1 0 0 2 0 4 0 5 0 3 0 3 0 4 0 3 0 3 0 0 0 2 0 1 0 1 0 2 0 6 0 0 0 2 0 1 0 2 0 4 1 0 0 6 0 5 0 4 0 5 0 4 0 3 0 1 0 4 0 0 0 2 0 0 0 4 0 2 0 0 0 4 0 3 0 5 0 3 0 5 1 0 1 0 0 4 0 0 1 0 0 0 0 4 0 0 0 3 0 5 0 0 1 0 0 4 0 1 0 2 0 5 0 1 0 2 0 4 0 0 0 4 0 3 0 0 0 4 0 3 0 3 0 0
0 341 4 0 2 0 1 0 4 1 0 0 6 0 5 0 1 0 5 0 1 0 0 0 4 1 0 0 6 0 1 0 6 0 2 0 0 0 2 0 1 0 3 0 3 0 2 0 4 0 4 0 6 0 0 0 4 0 3 0 0 0 6 0 0 0 4 0 5 0 1 0 0 0 3 0 0 0 0 0 1 0 0 0 5 1 0 0 3 0 6 0 4 0 1 1 0 0 5 0 1 0 1 0 0 0 1 0 6 0 4 0 4 0 0 1 0 0 3 0 0 0 2 0 0 0 4 0 0 1 0 0 5 0 5 0 2 0 0 1 0 1 0 0 6 0 3 0 1 0 1 0 2 0 6 0 4 0 3 0 2 0 4 0 0 0 0 0 3 1 0 0 4 0 0 0 3 0 2 0 0 1 0 0 0 0 3 0 0 0 5 0 6 0 4 0 4 0 1 0 2 0 3 0 6 0 3 0 0 0 6 0 4 0 1 0 4 0 0 0 0 0 1 1 0 1 0 0 1 0 4 0 2 0 2 0 5 0 4 0 1 0 4 0 2 0 5 0 2 0 0 0 5 0 4 0 2 0 4 0 1 1 0 0 4 0 0 0 1 0 4 0 1 0 0 0 5 0 1 0 1 0 0 0 4 0 0 0 5 0 0 1 0 0 0 0 2 0 6 0 0 0 0 0 1 1 0 0 3 0 2 1 0 0 0 0 3 0 5 0 2 0 3 0 5 0 0 0 2 0 0 1 0 0 2 0 0 1 0 1 0 0 1
0 343 1 0 0 0 5 0 3 0 2 0 0 0 5 0 3 0 4 0 2 0 3 0 1 0 2 0 0 0 4 0 4 0 4 0 5 0 0 0 4 0 2 0 6 0 6 0 5 0 1 0 2 0 5 0 2 0 0 1 0 0 2 0 4 0 2 0 1 0 3 0 3 0 0 0 6 0 0 0 0 0 2 0 1 0 3 1 0 1 0 0 6 0 1 0 4 1 0 0 2 0 3 0 2 0 0 0 3 0 5 0 2 0 1 0 2 0 6 0 5 0 0 0 4 0 1 0 0 0 2 1 0 0 3 0 3 0 5 0 1 1 0 1 0 0 4 1 0 0 3 0 2 0 5 0 5 0 1 1 0 0 6 0 0 0 1 0 1 0 0 0 0 0 0 0 1 0 6 0 4 0 1 0 5 1 0 0 6 0 1 0 3 0 6 0 2 0 1 0 3 0 4 1 0 0 5 1 0 0 2 0 5 0 1 0 4 0 0 0 1 0 0 0 3 1 0 0 6 0 2 0 0 0 5 0 5 0 3 0 1 0 4 0 0 0 6 0 2 0 5 0 1 0 3 0 1 0 6 0 0 0 4 1 0 0 0 0 1 0 3 0 0 0 3 0 1 0 2 0 3 0 2 0 1 0 0 0 2 0 2 0 2 0 5 1 0 0 5 0 4 0 1 0 0 0 3 0 6 0 5 0 5 0 5 1 0 1 0 0 3 0 5 1 0 0 3 0 1 0 4 0 1 0 6 0 3 0 1 1 0 0 6 0 1
1 343 2 0 1 0 2 1 0 0 5 0 1 0 3 0 0 0 1 0 5 0 6 0 2 0 4 0 1 0 1 0 2 0 2 0 3 0 2 0 0 0 6 0 5 0 6 0 3 0 3 0 5 0 2 0 5 0 1 0 6 0 4 0 0 0 5 0 2 0 6 0 6 0 1 0 4 0 1 0 0 0 4 0 3 0 0 0 0 1 0 0 4 0 4 0 1 1 0 0 4 0 6 0 4 0 0 1 0 0 3 0 5 0 2 0 5 0 5 0 3 0 2 0 0 0 3 0 0 0 5 0 6 0 5 1 0 0 3 0 4 1 0 1 0 0 1 1 0 0 6 0 5 0 3 0 3 0 4 1 0 0 4 0 1 0 2 0 2 0 0 0 0 0 0 0 3 0 5 0 1 0 4 0 4 0 0 0 4 0 3 1 0 0 5 0 5 0 2 1 0 0 3 0 0 0 3 1 0 0 5 0 2 0 4 0 0 0 1 0 2 0 1 0 0 0 0 0 4 0 5 0 1 0 3 0 3 1 0 0 4 0 0 0 2 0 4 0 6 0 2 0 3 0 6 0 3 0 4 0 2 0 1 1 0 0 0 0 2 0 6 0 0 0 6 0 2 0 4 0 6 0 4 0 2 0 0 0 4 0 4 0 5 0 4 0 0 0 3 0 1 0 3 0 0 1 0 0 6 0 4 0 4 0 5 0 0 0 6 0 6 0 3 1 0 0 6 0 3 0 0 0 4 0 4 1 0 0 4 1 0 0 4 0 3
0 343 4 0 2 0 5 1 0 0 2 0 3 0 6 0 0 0 3 0 3 0 5 0 6 0 0 0 3 0 2 0 4 0 4 0 6 0 4 0 1 0 5 0 4 0 6 0 0 0 0 0 3 0 6 0 2 0 4 0 5 0 1 0 2 0 2 0 6 0 5 0 5 0 4 0 0 0 3 0 1 0 0 1 0 0 1 0 1 1 0 0 1 0 1 0 4 1 0 0 1 0 6 0 1 0 2 0 6 0 6 0 2 0 6 0 3 0 3 1 0 0 5 0 0 0 6 0 1 0 3 0 6 0 4 1 0 1 0 0 3 0 0 0 6 0 2 1 0 0 5 0 4 0 0 0 0 0 3 0 0 0 0 0 3 0 4 0 4 0 0 0 0 0 0 1 0 0 3 0 4 0 1 0 1 0 2 0 1 0 1 0 0 0 3 0 3 0 6 0 6 0 5 0 1 0 0 0 0 0 2 0 6 0 0 0 1 0 2 0 4 0 2 0 0 0 1 0 1 0 3 0 3 1 0 0 1 0 0 0 0 0 1 0 5 0 1 0 5 0 5 1 0 0 6 0 0 0 1 0 5 0 3 0 5 1 0 0 5 0 4 0 2 0 4 0 6 0 1 0 6 0 1 0 5 0 1 0 1 0 2 0 4 0 1 0 1 0 6 0 2 0 6 0 1 1 0 0 5 0 2 0 2 0 3 0 2 0 5 0 6 0 1 0 0 0 4 1 0 0 2 0 1 0 3 0 0 0 2 0 0 0 1 0 0
0 345 1 0 0 0 6 0 3 1 0 0 4 1 0 0 5 0 1 1 0 0 0 0 4 0 5 0 1 0 6 0 5 0 1 0 2 0 6 0 1 0 4 0 3 0 2 0 5 0 1 0 0 1 0 0 5 0 6 0 1 0 3 0 3 0 4 0 5 0 5 0 4 0 4 0 1 0 1 0 6 0 2 0 1 0 6 0 1 0 3 0 6 0 1 0 3 0 1 1 0 0 3 0 4 0 3 0 5 0 5 0 5 0 6 0 5 0 0 0 1 0 0 0 2 0 2 0 4 0 3 1 0 0 6 0 3 0 0 0 6 0 5 0 1 0 4 1 0 0 0 0 3 0 1 0 1 0 0 0 6 0 0 0 0 1 0 0 2 0 1 0 1 0 0 0 1 0 6 0 6 0 0 0 3 0 2 0 4 0 2 0 2 0 0 1 0 0 0 0 6 0 6 0 3 0 3 0 0 0 0 0 5 0 4 0 1 0 2 0 5 0 0 0 5 0 0 0 2 0 2 1 0 0 0 1 0 0 2 0 0 0 0 0 3 0 2 0 4 0 3 0 5 0 0 0 4 0 1 0 3 0 3 0 0 0 5 0 0 0 3 0 1 0 6 0 1 0 5 0 4 0 4 0 4 0 2 0 3 0 2 0 5 0 0 0 3 0 3 0 4 0 6 0 4 0 4 1 0 0 2 0 5 0 4 0 6 0 5 0 3 0 5 0 3 0 1 0 1 1 0 0 4 0 2 0 6 0 0 0 4 0 0 0 2 0 0
0 345 2 0 1 0 5 0 1 0 0 0 2 0 0 0 2 0 4 0 6 0 0 0 1 0 3 0 4 0 5 0 3 0 3 0 5 0 4 0 4 0 0 1 0 0 6 0 2 0 3 0 1 1 0 0 3 0 5 0 3 1 0 0 0 0 2 0 4 0 4 0 2 0 1 0 3 0 3 0 4 0 5 0 3 0 4 0 3 1 0 0 5 0 3 0 6 0 3 0 6 0 6 0 1 0 0 0 4 0 4 0 4 0 6 0 3 0 1 0 2 0 0 0 4 0 5 0 1 0 1 0 0 0 4 1 0 0 2 0 5 0 3 0 4 0 1 1 0 0 0 0 6 0 2 0 2 0 1 0 4 0 1 0 1 0 6 0 3 0 2 0 2 0 0 0 3 0 5 0 5 0 1 0 6 0 5 0 0 0 5 0 4 0 1 0 6 0 0 0 5 0 5 1 0 1 0 0 1 0 1 0 3 0 1 0 3 0 5 0 2 0 2 0 2 0 1 0 4 0 5 0 6 0 0 0 6 0 3 0 0 0 0 0 6 0 5 0 1 0 0 0 3 0 2 0 0 0 3 0 6 0 6 0 1 0 2 0 1 0 6 0 3 0 4 0 4 0 3 0 2 0 2 0 1 0 5 0 6 0 5 0 2 0 1 1 0 0 0 0 2 0 6 0 2 0 2 1 0 0 5 0 3 0 2 0 6 0 4 0 0 0 3 1 0 0 3 0 3 1 0 0 0 0 6 0 4 0 2 0 0 0 1 0 4 0 0
0 345 4 0 3 0 2 0 3 0 0 0 4 0 0 0 5 0 1 0 5 0 1 0 2 1 0 0 2 0 4 0 0 0 0 0 4 0 2 0 1 0 2 1 0 0 4 0 5 0 6 0 3 0 6 0 6 0 3 0 0 1 0 0 0 0 5 0 1 0 1 0 5 0 2 1 0 0 0 0 2 0 4 0 0 0 2 0 1 0 0 0 3 0 0 0 6 0 0 0 6 0 5 0 3 0 1 0 1 0 2 0 2 0 5 1 0 0 3 0 4 0 1 0 1 0 3 0 3 0 2 0 1 0 1 1 0 0 5 0 3 0 0 0 1 0 4 0 6 0 0 0 4 0 5 0 4 0 3 0 0 0 3 0 3 0 4 1 0 0 5 0 4 0 0 1 0 0 4 0 3 0 4 0 5 0 3 0 2 0 3 0 1 0 4 0 4 0 2 0 3 0 5 0 0 0 6 0 1 0 2 0 6 0 2 1 0 0 3 0 5 0 4 0 4 0 3 0 1 0 4 0 5 0 2 0 4 1 0 0 1 0 1 0 5 0 3 0 3 0 0 0 6 0 4 0 0 1 0 0 6 0 5 0 3 0 4 0 3 0 5 0 0 0 2 0 1 1 0 0 5 0 4 0 3 0 3 0 6 0 3 0 5 0 3 0 5 1 0 0 5 0 4 0 5 0 5 1 0 0 2 1 0 0 6 0 5 0 1 0 1 1 0 1 0 1 0 0 0 1 0 0 1 0 5 0 1 0 5 0 0 0 3 0 0 0 1
0 347 1 0 0 1 0 0 5 0 6 0 1 0 0 0 2 0 2 0 4 0 2 0 3 0 5 0 6 0 4 0 0 0 1 0 1 0 0 0 5 0 2 0 5 1 0 0 1 0 4 0 6 0 0 0 6 0 5 1 0 0 2 0 6 0 0 0 2 0 3 0 3 0 2 0 6 0 5 1 0 0 5 0 0 0 1 0 4 0 2 0 0 0 6 0 1 0 4 0 2 0 5 0 3 1 0 0 3 0 2 0 4 0 5 0 3 1 0 1 0 0 1 0 3 0 2 0 6 0 6 0 4 0 2 0 3 1 0 0 2 1 0 0 1 0 3 0 1 0 5 0 2 0 1 0 4 0 1 1 0 0 1 1 0 0 0 0 3 0 0 0 3 0 1 0 2 1 0 0 1 0 0 0 2 0 3 1 0 0 5 0 6 0 3 0 1 0 1 0 5 1 0 0 3 0 2 0 4 0 3 0 5 0 4 0 6 0 6 0 6 0 3 0 2 0 1 1 0 0 4 0 1 0 3 0 6 0 1 1 0 0 2 0 3 0 2 1 0 1 0 0 2 0 5 0 1 0 2 1 0 0 5 0 4 0 0 0 2 0 0 0 3 0 1 0 4 0 3 1 0 0 3 0 2 0 0 0 0 0 6 0 0 0 4 0 0 0 5 0 0 0 3 0 2 0 4 0 4 1 0 0 5 1 0 0 5 0 3 0 3 0 3 1 0 1 0 0 6 0 0 0 6 0 2 0 2 0 4 0 2 0 1 0 6 0 0 0 2
1 347 2 0 1 1 0 0 3 0 5 0 3 0 0 0 4 0 5 0 0 0 5 1 0 0 4 0 6 0 1 0 1 0 2 0 2 0 1 0 2 0 6 0 3 1 0 0 3 0 1 0 5 0 2 0 5 0 4 1 0 0 5 0 4 0 1 0 4 0 6 0 6 0 5 0 5 0 5 0 0 0 2 0 1 0 3 0 0 0 5 0 1 0 4 0 4 0 0 0 6 0 3 0 0 1 0 0 6 0 5 0 1 0 4 0 1 0 0 0 6 0 1 0 6 0 5 0 5 0 6 0 1 0 5 1 0 1 0 0 5 0 6 0 1 0 6 0 3 0 2 0 5 0 3 0 0 0 4 0 6 0 2 0 5 1 0 0 6 0 0 0 6 0 2 0 5 0 6 0 1 0 0 0 5 0 0 0 0 0 3 0 5 1 0 0 3 0 3 0 3 1 0 0 6 0 5 0 1 0 0 0 4 0 2 0 6 0 6 0 5 1 0 0 5 0 3 1 0 0 0 0 3 1 0 0 5 0 4 0 6 0 3 0 6 0 5 1 0 0 6 0 4 0 2 0 3 0 5 1 0 0 3 0 1 0 1 0 4 0 0 0 6 0 3 0 1 0 0 1 0 0 6 0 4 0 0 0 1 0 4 0 2 0 0 0 2 0 2 0 1 0 6 0 5 0 1 0 3 0 0 0 4 0 0 0 3 0 0 0 0 0 1 0 0 1 0 0 4 0 2 0 4 0 5 0 5 0 0 0 5 0 3 0 4 0 1 0 4
0 347 4 0 3 0 6 0 6 0 2 1 0 0 2 0 1 0 3 0 2 0 4 0 0 0 1 0 5 0 3 0 2 0 4 0 4 0 2 0 5 0 5 0 0 1 0 0 6 0 3 0 2 0 6 0 3 0 3 0 0 0 3 0 1 0 4 0 1 0 6 0 6 0 4 0 4 0 3 0 1 0 4 0 2 0 6 0 1 0 2 0 4 0 1 0 1 0 2 0 4 1 0 0 2 1 0 0 5 0 3 0 4 0 0 0 3 0 1 0 4 0 4 0 5 0 4 0 4 0 5 0 4 0 4 0 0 1 0 0 3 0 5 0 4 0 4 1 0 0 6 0 2 1 0 0 2 0 1 0 5 0 6 0 4 0 0 0 4 0 2 0 4 0 6 0 3 0 5 0 3 0 1 0 2 0 1 0 0 1 0 0 4 1 0 1 0 0 0 0 1 0 0 0 5 0 3 0 3 0 1 0 0 0 6 0 5 0 6 0 5 0 0 0 3 0 0 1 0 0 1 0 0 0 0 0 3 0 2 0 6 0 0 0 6 0 5 0 0 0 5 0 1 0 5 1 0 0 4 1 0 0 6 0 2 0 3 0 0 0 2 0 4 1 0 0 3 0 1 1 0 0 5 0 1 0 1 0 3 0 0 0 5 0 0 0 4 0 4 0 3 0 5 0 3 0 3 0 6 0 1 0 0 0 1 0 6 0 0 0 0 0 2 0 1 1 0 0 0 0 6 0 1 0 4 0 3 0 2 0 3 0 0 0 1 0 4 0 1
0 349 1 0 1 0 0 0 6 0 5 0 6 0 6 0 3 0 2 0 6 0 5 0 0 0 1 0 3 0 2 1 0 0 6 0 1 0 1 0 6 0 3 0 3 0 2 1 0 0 4 1 0 0 6 0 4 1 0 1 0 0 1 0 6 0 3 0 0 0 4 0 5 0 6 0 2 0 1 1 0 0 4 0 0 0 6 0 4 0 3 0 5 0 0 0 3 0 2 0 5 0 1 1 0 0 5 1 0 0 3 0 0 0 1 0 1 0 6 0 3 0 1 0 2 0 4 0 2 0 2 0 4 0 2 0 1 0 2 0 6 0 6 0 3 0 2 0 3 0 0 0 4 0 6 0 6 0 3 0 3 0 3 0 6 0 1 0 2 0 0 0 6 0 1 0 6 0 0 0 3 1 0 0 3 0 4 0 2 0 1 1 0 0 2 0 0 0 5 1 0 0 2 0 1 0 2 1 0 1 0 0 3 0 1 0 5 0 4 0 6 0 3 0 1 0 6 0 1 0 6 0 1 0 0 0 0 0 6 0 5 0 4 0 2 0 5 0 3 0 2 0 2 0 4 0 4 0 0 0 2 0 0 0 4 0 5 0 6 0 0 0 5 0 1 1 0 0 6 0 3 1 0 0 2 0 3 0 2 0 6 0 1 0 2 0 2 0 1 0 2 0 0 0 4 0 0 0 0 0 5 0 3 0 0 0 3 0 4 0 1 0 0 0 4 0 3 0 6 0 0 0 4 0 4 0 0 1 0 0 5 0 6 0 0 0 3 0 0 0 3
1 349 2 0 2 0 1 0 5 0 4 0 6 0 5 1 0 0 6 0 5 0 3 0 1 0 2 0 6 0 5 1 0 0 4 0 3 0 3 0 4 1 0 1 0 1 0 0 0 0 2 0 0 0 5 0 3 0 0 0 6 0 2 0 4 1 0 0 2 0 1 0 4 0 5 0 5 0 3 1 0 0 0 0 2 0 5 0 2 0 0 0 3 0 1 0 6 0 5 0 2 0 4 1 0 0 3 1 0 0 6 0 0 0 2 0 3 0 4 1 0 0 3 0 5 0 0 0 5 0 5 0 0 0 5 0 2 0 5 0 5 0 5 1 0 0 5 0 6 0 1 0 1 0 6 0 6 0 0 0 0 0 0 0 5 0 3 0 4 0 1 0 4 0 4 0 4 0 1 1 0 1 0 1 0 0 1 0 5 0 3 0 6 0 3 0 1 0 3 1 0 0 4 0 2 0 5 1 0 0 6 0 5 0 3 0 3 0 2 0 5 1 0 0 4 0 4 0 4 0 4 0 3 0 0 0 1 0 5 0 4 0 1 0 6 0 2 1 0 0 5 0 5 0 1 0 1 0 1 0 4 0 1 0 1 0 4 0 5 0 2 0 2 0 4 1 0 0 5 0 0 1 0 0 4 0 6 0 5 0 4 0 3 0 4 0 4 0 2 0 4 0 1 0 0 0 1 0 1 0 2 1 0 0 1 1 0 0 1 0 3 0 1 0 1 0 0 0 5 0 2 0 1 0 1 0 2 1 0 0 3 0 5 0 1 0 6 0 0 1 0
1 349 4 0 4 0 3 0 3 0 2 0 6 0 5 0 0 0 5 0 3 1 0 0 3 0 5 0 5 0 5 0 0 0 1 0 0 0 0 0 3 0 0 1 0 0 5 1 0 0 4 0 1 0 2 1 0 0 2 0 4 0 6 0 1 1 0 0 4 0 3 0 1 0 4 0 4 0 0 1 0 0 0 0 5 0 2 0 5 0 0 0 6 0 3 0 5 0 3 0 6 0 2 0 0 0 0 0 0 0 4 0 1 0 4 1 0 0 2 1 0 1 0 0 3 0 2 0 3 0 3 0 2 0 2 0 6 0 3 0 4 0 5 0 0 0 3 0 5 0 3 0 3 0 5 0 5 0 1 0 0 0 1 0 3 0 0 0 1 0 4 0 1 0 2 0 1 0 4 1 0 1 0 0 6 0 2 0 3 0 0 0 5 1 0 0 4 0 0 0 0 0 0 0 6 0 4 0 0 0 5 0 3 1 0 1 0 0 6 0 4 0 0 0 1 0 2 0 2 0 1 1 0 0 1 0 3 0 3 0 1 0 4 0 4 1 0 0 0 0 3 0 3 0 3 0 2 0 3 0 0 0 3 0 3 0 1 0 3 0 5 0 5 0 2 0 0 0 2 0 2 1 0 0 1 0 6 0 4 0 2 0 0 0 2 0 1 0 6 0 0 0 3 0 0 0 2 0 2 0 5 0 6 0 2 0 6 0 1 0 6 0 2 0 2 0 1 0 2 0 5 0 2 0 2 0 5 0 6 0 6 0 2 0 4 0 4 0 2 0 5
1 351 1 0 1 0 1 1 0 1 0 0 6 0 5 0 3 0 2 0 3 0 0 1 0 1 0 0 4 0 4 0 3 0 1 0 2 0 0 0 0 0 6 0 1 1 0 0 4 0 0 0 0 0 3 0 5 0 6 0 4 0 1 0 5 0 4 1 0 0 0 1 0 0 4 0 1 0 1 0 2 0 6 0 0 0 2 0 6 0 2 0 2 0 5 0 0 0 4 0 0 0 5 0 5 0 0 0 0 0 1 0 0 0 4 0 1 1 0 0 5 1 0 0 6 0 5 0 4 0 6 0 6 0 4 0 5 0 5 0 0 0 2 0 3 0 1 1 0 0 4 0 0 0 0 0 4 0 3 0 3 0 0 0 2 0 6 0 0 0 3 0 0 0 3 0 4 0 3 0 2 0 0 1 0 0 4 0 5 0 6 0 1 0 4 0 0 0 0 0 1 0 0 0 1 0 5 0 1 0 2 0 3 0 1 0 0 1 0 0 5 0 1 0 1 0 2 0 4 0 4 0 3 0 6 0 1 0 6 0 6 0 3 0 1 0 2 1 0 0 0 0 6 0 6 0 6 0 4 0 6 0 0 0 6 0 6 0 2 1 0 0 4 0 3 0 5 0 0 0 4 0 5 0 6 0 2 0 5 0 1 0 5 0 0 0 4 0 3 0 4 0 1 0 6 0 0 0 4 0 5 0 3 0 5 0 6 0 4 0 4 0 4 0 5 0 4 0 2 0 5 0 2 0 5 0 5 0 3 0 6 0 5 0 6 0 1 0 1 0 6 0 3
0 351 2 0 2 0 3 1 0 1 0 0 5 0 3 1 0 0 5 0 6 0 1 1 0 1 0 0 1 0 1 1 0 0 3 0 4 0 0 0 1 0 4 0 4 1 0 0 0 0 1 0 0 1 0 0 4 0 6 0 1 0 4 0 3 0 2 1 0 0 1 1 0 0 0 0 3 0 2 0 5 0 4 0 1 0 5 0 4 0 5 0 5 0 2 0 2 0 0 0 2 0 3 0 3 0 1 0 0 0 2 0 1 0 0 0 4 1 0 0 4 0 0 0 5 0 4 0 2 0 6 0 6 0 2 0 4 0 3 0 1 0 4 0 6 0 3 1 0 0 0 0 1 0 1 0 0 1 0 1 0 0 1 0 5 0 4 0 1 0 6 0 0 1 0 0 1 1 0 0 5 0 1 1 0 0 1 0 4 0 5 0 4 0 0 0 1 0 0 0 2 0 0 0 3 0 2 0 3 0 4 0 6 0 2 0 1 1 0 0 2 0 3 0 2 0 5 0 1 0 2 0 0 0 5 0 4 0 5 0 5 1 0 0 3 0 5 0 6 0 0 0 5 0 6 0 6 0 2 0 5 0 2 0 5 0 5 1 0 0 0 0 1 0 0 0 3 0 2 0 1 0 4 0 5 0 6 0 2 0 4 0 2 0 2 0 1 0 0 0 1 0 4 0 4 0 2 0 1 0 4 0 0 0 4 0 6 0 2 0 2 0 2 0 4 0 1 0 6 0 2 0 6 0 3 0 4 0 0 0 6 0 4 0 5 0 3 0 3 0 5 0 0
0 351 4 0 5 0 0 0 0 1 0 0 3 0 1 0 0 0 3 0 5 0 4 1 0 0 6 0 1 0 3 0 6 0 6 0 0 0 1 0 3 0 1 0 2 1 0 0 0 0 2 0 1 1 0 0 1 0 5 0 4 0 0 1 0 0 6 0 6 0 2 0 5 1 0 0 6 0 5 0 3 0 1 0 4 0 3 0 2 0 4 0 3 0 5 0 4 0 0 0 4 0 6 0 6 0 2 0 0 0 4 0 2 0 1 0 2 0 0 0 0 0 2 0 3 0 1 0 6 0 5 0 5 0 6 0 0 1 0 0 4 0 1 0 6 0 0 1 0 0 0 0 2 0 2 0 1 1 0 0 6 0 2 0 3 0 1 0 4 0 4 0 2 0 6 0 2 1 0 0 2 0 4 0 6 0 2 0 1 0 4 0 1 0 1 0 2 0 0 0 4 0 0 0 6 0 4 1 0 0 2 0 5 0 5 0 3 0 6 0 3 0 6 0 5 0 2 0 3 0 4 0 1 0 3 0 2 0 4 0 4 1 0 1 0 0 4 0 5 0 2 0 3 0 6 0 5 0 6 0 2 0 6 0 3 0 4 1 0 0 0 0 2 0 0 0 6 0 4 0 3 0 1 0 4 0 5 0 6 0 0 0 5 0 4 0 2 0 0 0 3 0 1 0 1 0 5 0 3 0 0 0 2 0 1 0 5 0 5 0 4 0 5 0 0 0 4 0 4 0 6 0 5 0 0 0 1 0 2 0 5 0 2 0 4 0 0 0 0 0 3 0 1
0 353 1 0 1 0 3 0 1 0 1 0 6 0 5 0 2 0 0 1 0 0 4 0 3 0 0 0 4 0 3 1 0 0 6 0 5 0 1 0 2 0 6 0 2 0 5 0 5 1 0 0 4 0 3 0 6 0 2 0 3 0 1 0 2 1 0 0 5 0 5 0 6 0 4 0 0 0 5 0 3 1 0 0 4 0 0 1 0 0 6 0 1 0 0 0 4 0 1 0 2 0 1 0 6 0 5 0 5 0 1 0 0 0 5 0 2 0 4 0 0 0 0 0 4 0 6 0 3 0 5 0 4 0 4 0 5 0 2 1 0 0 0 0 4 0 4 0 2 0 5 1 0 0 4 0 4 0 3 1 0 0 4 0 5 0 6 0 3 0 1 0 1 0 6 0 4 0 6 0 6 0 4 0 1 0 5 0 5 0 3 0 0 0 3 0 2 0 4 0 1 0 0 0 2 0 5 0 2 1 0 0 5 0 3 0 4 0 0 0 6 0 0 0 6 0 3 0 5 1 0 0 1 0 3 0 6 0 5 0 1 0 3 0 0 1 0 0 1 0 3 0 5 1 0 0 6 0 4 0 5 0 6 0 5 0 0 0 2 1 0 0 0 0 4 0 1 0 5 0 1 1 0 0 4 0 1 0 4 0 5 0 2 0 3 0 1 0 5 0 0 0 6 0 2 0 3 0 2 1 0 0 1 0 4 0 3 0 3 0 4 0 2 0 3 0 2 0 1 0 2 0 6 0 3 0 1 0 2 0 5 0 2 0 6 0 0 0 1 0 0 0 6 0 2
1 353 2 0 2 0 6 0 2 0 3 0 5 0 3 0 5 0 1 1 0 0 0 1 0 0 2 0 1 0 1 0 0 0 5 0 3 0 3 0 5 0 4 0 6 0 3 0 5 0 0 0 1 0 0 0 5 0 5 0 6 0 2 0 5 1 0 0 3 0 4 0 6 0 1 0 2 0 3 0 1 0 0 0 0 0 2 1 0 0 4 0 3 0 1 0 0 0 3 0 4 0 3 0 5 0 4 0 3 0 3 0 1 0 2 0 6 0 0 0 1 0 1 0 1 0 6 0 0 0 4 0 2 0 2 0 3 0 6 0 6 0 0 0 1 0 1 0 6 0 4 0 0 0 1 0 2 0 1 0 0 0 1 0 4 0 5 1 0 0 3 0 3 0 5 0 2 0 6 0 6 0 1 0 4 0 3 0 3 1 0 0 1 0 6 0 5 0 0 0 3 0 0 0 5 0 2 1 0 0 0 0 3 0 0 0 1 0 2 0 4 0 2 0 5 0 0 0 4 1 0 0 2 1 0 0 6 0 3 0 3 0 6 0 1 0 6 0 1 1 0 0 5 0 0 0 5 0 2 0 4 0 6 0 3 0 1 0 5 0 6 0 0 0 0 0 4 0 2 0 4 1 0 0 0 0 4 0 1 0 3 0 5 0 6 0 3 0 2 0 2 0 4 0 5 0 6 0 5 0 6 0 2 0 1 0 0 0 0 0 1 0 5 0 6 0 4 0 2 0 5 0 4 1 0 0 3 0 5 0 2 0 6 0 4 0 1 0 2 0 1 0 4 0 5
1 353 4 0 5 0 4 0 5 1 0 0 4 0 0 0 3 0 4 0 6 0 0 0 6 0 3 0 2 0 2 0 1 0 3 0 0 0 0 0 4 0 2 0 6 0 0 0 3 0 1 0 2 0 1 0 3 0 4 0 5 0 6 0 3 1 0 1 0 0 2 0 5 0 3 0 4 0 6 0 2 0 0 0 0 0 5 1 0 0 0 1 0 0 3 0 0 1 0 0 2 0 0 0 4 0 1 1 0 1 0 0 3 0 5 0 4 0 1 0 2 0 2 0 3 0 4 0 2 0 0 0 5 0 4 1 0 0 6 0 5 0 1 0 2 0 3 0 5 0 1 0 1 0 2 0 4 0 2 0 0 0 3 0 1 0 4 1 0 1 0 0 0 0 3 0 6 0 5 0 5 0 4 0 1 0 0 0 0 1 0 0 3 0 5 0 3 0 1 0 6 0 1 0 2 0 6 0 5 1 0 0 6 0 0 0 2 0 5 0 0 0 6 0 2 0 2 0 1 1 0 0 5 1 0 0 5 0 0 0 0 0 5 0 4 0 4 0 4 1 0 0 2 0 2 0 2 0 6 0 1 0 5 1 0 0 4 0 3 0 5 0 1 0 1 0 0 0 6 0 1 1 0 0 1 0 0 0 3 1 0 0 4 0 5 1 0 0 5 0 5 0 1 0 4 0 6 0 4 0 5 0 5 0 2 0 0 0 0 0 3 0 3 0 6 0 1 0 6 0 3 0 2 1 0 1 0 0 3 0 6 0 5 0 1 0 3 0 4 0 3 0 1 0 4
0 355 1 0 1 0 4 0 2 0 5 0 0 0 0 0 1 1 0 0 2 0 5 0 2 0 4 1 0 0 5 0 4 0 2 0 6 0 0 0 1 0 0 0 6 0 4 0 1 0 6 0 2 0 4 0 2 1 0 0 2 0 4 0 6 0 1 0 0 0 6 0 4 0 3 0 0 0 2 0 5 0 5 0 0 0 1 0 3 1 0 0 1 0 6 0 5 0 1 0 6 0 3 0 1 0 0 0 4 1 0 0 6 0 6 0 3 0 1 0 3 0 4 0 4 1 0 0 1 0 5 0 1 0 3 0 3 0 0 0 5 0 3 0 3 0 4 1 0 0 3 0 3 0 2 0 5 0 0 0 5 0 0 0 6 0 3 0 2 0 0 0 5 1 0 1 0 0 6 0 4 0 4 0 1 0 3 0 0 0 1 0 6 0 6 0 2 1 0 0 4 0 4 0 3 0 5 0 5 0 5 0 0 0 4 0 1 0 5 0 2 0 2 0 4 0 5 0 4 0 3 1 0 0 4 0 0 0 2 0 1 0 1 0 3 0 2 0 2 0 2 1 0 0 4 0 4 0 5 0 4 0 4 0 4 0 0 0 1 0 0 0 3 0 3 0 2 0 1 0 4 0 4 0 6 0 1 0 1 0 0 0 0 0 1 0 5 0 0 0 3 0 3 0 4 0 1 0 6 0 2 0 4 0 3 0 5 0 0 0 0 1 0 0 0 0 5 0 4 0 4 1 0 1 0 0 0 0 6 0 6 0 5 0 3 0 3 1 0 0 1 1 0 0 4 0 1
0 355 2 0 3 0 0 0 6 0 2 0 1 0 0 0 3 0 6 0 4 0 2 0 6 0 2 0 0 0 3 0 1 0 6 0 4 0 1 0 2 0 1 0 5 0 1 0 4 0 4 0 6 0 0 0 6 0 6 0 4 0 1 0 5 0 3 0 1 0 5 0 1 1 0 0 1 0 5 0 3 0 3 0 1 0 2 1 0 1 0 0 3 0 5 0 3 0 4 0 4 1 0 0 3 0 1 0 2 0 0 0 5 0 5 1 0 0 3 1 0 0 2 0 2 1 0 0 3 0 2 0 3 0 6 0 6 0 1 0 3 0 0 0 0 0 2 1 0 0 6 0 6 0 5 0 2 0 2 0 2 0 2 0 4 1 0 0 5 0 1 0 4 0 0 1 0 0 5 0 2 0 1 0 3 0 6 0 0 0 3 0 5 0 5 1 0 0 0 0 1 0 2 0 0 0 4 0 4 0 3 0 2 0 0 0 4 0 2 0 5 0 5 0 1 0 4 0 2 0 1 0 0 0 0 0 1 0 4 0 2 0 2 0 6 0 4 0 4 0 5 1 0 0 1 0 2 0 4 0 2 0 2 0 1 0 1 0 2 0 0 0 6 0 6 0 4 0 3 0 1 0 2 0 5 0 3 0 2 0 0 0 0 0 3 0 2 0 1 1 0 0 0 0 1 0 4 0 4 0 6 0 1 0 0 0 3 0 1 0 1 0 6 0 0 0 3 0 2 0 3 0 0 0 6 0 0 0 5 0 6 0 4 0 0 0 0 1 0 0 3 1 0 0 0 0 3
1 355 4 0 6 0 1 0 4 0 5 0 2 0 0 1 0 0 6 0 1 0 6 0 4 0 5 0 0 0 6 0 3 0 5 0 1 0 3 0 4 0 3 0 2 0 4 0 1 0 2 0 5 0 2 0 5 0 6 0 1 0 4 0 2 1 0 0 4 0 2 0 4 0 6 0 2 0 2 1 0 1 0 0 3 0 5 1 0 0 6 0 6 0 3 0 0 0 2 0 2 1 0 0 6 0 2 0 4 0 1 0 3 0 4 1 0 1 0 1 0 0 4 0 5 0 6 0 5 0 4 1 0 0 6 0 5 0 3 0 6 0 0 0 0 0 5 1 0 0 5 0 6 0 3 0 5 0 4 0 4 0 5 0 2 0 0 0 2 0 4 0 0 0 2 1 0 0 2 0 5 0 2 1 0 0 5 0 1 1 0 0 4 0 4 1 0 0 0 0 2 0 4 0 1 0 1 0 1 1 0 0 5 0 1 0 0 0 6 0 3 0 3 0 4 0 0 0 5 0 2 0 0 0 0 0 3 0 0 0 5 0 5 0 5 0 2 0 2 0 4 1 0 0 2 0 5 0 0 0 5 0 4 0 2 0 2 0 4 0 1 0 5 0 6 0 1 1 0 0 3 0 5 0 2 1 0 0 5 0 0 0 0 0 6 0 4 0 3 0 5 1 0 0 3 0 1 0 2 0 5 0 3 0 0 0 6 0 2 0 3 0 4 0 1 0 6 0 4 0 6 0 1 0 4 0 2 0 3 0 6 0 1 0 1 0 1 0 6 0 6 0 5 1 0 1 0
1 357 1 0 1 0 5 0 4 0 1 0 3 0 5 0 1 1 0 0 4 0 4 0 5 0 2 0 3 0 2 0 5 0 0 0 3 0 3 1 0 0 1 1 0 0 6 0 0 0 3 0 5 0 2 0 6 0 3 0 5 0 4 0 0 1 0 0 0 0 0 0 6 0 1 0 5 0 5 0 5 1 0 0 6 0 6 0 4 0 0 0 5 0 5 1 0 0 1 0 4 0 5 1 0 0 4 0 6 0 0 0 3 1 0 0 3 0 0 1 0 1 0 0 1 0 4 0 6 0 4 0 3 0 0 0 5 0 4 0 0 0 5 0 1 0 1 0 4 0 0 0 3 0 6 0 0 0 4 0 2 0 2 0 3 0 5 0 0 0 5 0 0 0 1 0 5 0 6 0 4 0 2 1 0 0 0 0 2 0 4 1 0 0 1 0 2 1 0 0 0 0 5 0 0 0 3 0 2 0 3 1 0 0 2 0 3 0 1 0 5 0 0 0 0 0 1 0 2 0 2 0 5 0 0 0 0 0 6 0 1 0 3 0 4 0 3 0 5 0 5 0 1 1 0 0 5 0 2 0 2 0 3 0 1 0 5 0 5 0 0 0 4 0 3 0 5 0 4 0 6 0 6 0 2 1 0 0 0 0 2 0 1 0 1 0 5 0 2 0 0 0 4 1 0 0 6 0 2 0 5 0 2 1 0 0 2 0 4 0 5 1 0 0 1 0 4 0 5 0 2 0 5 0 4 0 0 0 5 1 0 0 5 0 3 0 2 0 3 0 5 0 6 0 5 0 0 0 5
0 357 2 0 3 0 3 0 1 0 3 1 0 0 3 0 4 1 0 0 1 0 2 0 3 0 5 0 6 0 5 0 2 0 1 1 0 0 0 1 0 0 3 1 0 0 4 0 1 1 0 0 3 0 6 0 5 0 0 0 4 0 1 0 2 0 5 1 0 0 1 0 4 0 4 0 3 0 4 0 5 0 0 0 5 0 6 0 1 0 2 0 3 0 4 1 0 0 3 0 1 0 5 0 0 0 1 0 5 0 1 1 0 1 0 0 6 0 1 1 0 0 6 0 2 0 1 0 6 0 1 1 0 0 2 0 3 0 1 0 2 0 2 0 3 0 3 0 0 0 1 1 0 0 5 0 2 0 0 0 5 0 4 1 0 0 3 0 2 0 2 0 1 0 3 0 3 0 6 0 1 0 6 0 5 1 0 0 5 0 1 1 0 0 2 0 5 0 6 0 0 0 2 0 1 0 6 0 4 1 0 1 0 0 4 0 6 0 3 0 2 0 1 0 0 0 2 0 4 0 5 0 2 0 1 0 1 0 4 0 3 1 0 0 2 0 0 0 4 0 3 0 4 1 0 0 2 0 5 0 4 0 6 0 3 0 3 0 3 0 2 0 1 0 0 0 4 0 2 0 6 0 5 0 6 0 5 1 0 0 4 0 2 0 3 0 2 0 5 0 1 0 2 0 0 0 4 0 6 0 2 0 6 0 6 0 4 0 1 0 4 1 0 0 3 0 1 0 3 0 6 0 3 0 1 0 2 0 4 0 0 0 2 1 0 0 5 1 0 0 4 0 6 0 3 0 2 0 3
1 357 4 0 6 0 6 0 2 1 0 1 0 1 0 0 2 1 0 0 2 0 4 1 0 0 4 0 6 0 3 0 5 0 3 0 6 0 0 1 0 0 0 0 0 0 0 0 4 0 6 0 6 0 5 0 3 0 2 0 0 0 3 0 5 0 3 1 0 0 3 0 1 0 2 0 0 0 2 0 3 0 2 0 3 0 5 0 3 0 4 1 0 0 2 1 0 0 6 0 3 0 2 0 1 0 3 0 2 0 4 1 0 1 0 0 4 0 4 1 0 0 4 0 5 0 3 0 4 0 4 0 6 0 3 0 6 0 2 0 4 0 4 0 6 0 6 0 0 0 3 1 0 0 2 0 5 0 1 0 3 0 2 1 0 0 6 0 4 0 4 0 2 1 0 0 0 0 5 0 4 0 5 0 5 0 0 0 2 0 4 0 6 0 4 0 3 0 5 0 1 0 4 0 3 0 5 0 3 0 0 1 0 0 1 0 5 1 0 0 5 0 2 0 0 0 5 0 1 0 3 0 5 0 2 0 3 0 1 0 0 1 0 0 4 0 1 0 1 0 0 0 2 1 0 0 5 0 3 0 2 0 5 1 0 1 0 1 0 0 5 0 2 0 1 0 0 0 6 0 5 0 4 0 6 0 5 0 0 0 0 0 5 0 6 0 5 0 2 0 3 0 4 0 1 0 1 0 5 0 6 0 5 0 6 0 1 0 4 0 1 1 0 0 6 0 2 1 0 0 5 1 0 0 3 0 5 0 0 0 1 0 5 1 0 0 4 0 0 0 1 0 5 1 0 0 5 1 0
1 359 1 0 1 0 6 0 5 1 0 0 0 1 0 0 6 0 4 0 6 0 4 0 2 0 0 0 1 0 6 0 0 0 4 0 0 0 5 0 2 0 5 1 0 0 0 0 1 0 1 0 6 0 6 0 3 1 0 0 5 0 0 1 0 0 4 0 0 1 0 0 6 0 2 0 4 0 0 0 4 0 6 0 4 1 0 0 4 0 0 0 2 1 0 0 5 1 0 0 4 1 0 0 5 0 2 0 6 0 5 0 2 0 0 1 0 0 1 0 3 0 0 0 1 0 4 0 0 0 2 0 2 0 6 0 0 0 5 0 6 0 1 0 2 0 6 0 5 0 1 1 0 1 0 0 5 0 2 0 3 0 6 0 5 1 0 0 5 0 2 0 1 0 6 0 6 0 0 0 3 0 2 0 4 0 3 0 1 0 5 0 1 0 6 0 2 0 0 0 3 0 4 0 1 0 0 0 3 1 0 0 2 0 6 0 2 0 4 0 0 0 2 0 5 0 1 0 2 0 3 1 0 0 3 0 5 0 6 0 2 0 1 1 0 0 0 0 3 0 2 0 0 0 5 1 0 0 2 1 0 0 6 0 4 0 0 1 0 1 0 0 2 0 5 0 2 0 1 0 5 0 4 0 2 0 6 0 3 0 1 0 1 0 3 0 6 0 3 0 5 1 0 0 1 0 3 0 3 0 3 0 6 0 4 0 5 0 4 0 0 0 4 1 0 0 4 1 0 0 0 0 3 1 0 1 0 0 3 0 1 0 3 0 4 0 0 0 0 0 1 0 3 0 4 0 0 0 3 1 0
1 359 2 0 3 0 5 0 4 1 0 0 1 1 0 0 5 0 2 0 6 0 1 0 5 0 0 0 3 0 4 0 2 0 0 0 2 0 2 0 6 0 3 1 0 0 0 0 2 0 3 0 5 0 6 0 1 0 0 0 2 0 2 1 0 0 0 0 2 1 0 0 4 0 6 0 0 0 2 0 1 0 6 0 3 0 0 0 0 0 1 0 5 1 0 0 4 0 0 0 2 0 0 0 2 0 6 0 5 0 3 0 5 0 1 0 6 0 1 0 6 0 0 0 3 0 0 0 1 0 4 0 5 0 4 0 2 0 3 0 5 0 3 0 5 0 5 0 3 0 4 1 0 1 0 0 2 0 5 1 0 0 6 0 5 0 0 0 2 0 5 0 3 0 5 0 5 0 1 0 6 0 5 0 0 1 0 0 4 0 2 0 4 0 4 0 5 0 0 1 0 0 1 0 3 0 0 1 0 1 0 0 5 0 4 0 6 0 0 0 1 0 5 0 2 0 3 0 4 1 0 1 0 1 0 0 4 0 5 0 5 0 3 0 5 1 0 0 6 0 4 0 1 0 3 1 0 0 5 1 0 0 5 0 1 0 2 1 0 0 6 0 4 0 2 0 5 0 3 0 3 0 1 0 6 0 4 1 0 0 3 0 2 1 0 0 6 0 0 0 4 1 0 0 2 1 0 0 0 0 0 0 6 0 2 0 4 0 1 0 2 0 2 0 0 0 1 1 0 0 1 0 0 0 0 0 6 0 5 0 2 1 0 0 1 0 1 0 0 0 2 1 0 0 1 0 1 1 0 1 0
1 359 4 1 0 0 4 0 2 1 0 0 3 1 0 0 2 0 6 0 4 0 4 0 2 0 1 1 0 0 1 0 5 0 0 0 4 0 5 0 5 0 0 1 0 0 0 0 4 1 0 0 4 0 5 0 3 0 0 0 4 0 5 0 5 1 0 0 5 1 0 0 1 0 5 0 1 0 4 0 3 0 4 1 0 0 1 0 0 0 3 0 4 0 0 0 0 0 1 0 4 0 0 0 5 0 5 0 4 0 0 0 3 0 4 0 4 0 4 0 4 0 1 0 6 0 0 0 3 0 1 0 4 0 1 0 5 1 0 0 4 0 0 0 4 0 4 0 0 0 3 0 0 0 6 0 4 0 4 0 0 0 5 0 3 0 1 0 5 0 3 0 0 0 4 0 3 0 4 0 5 0 3 0 2 1 0 0 0 0 6 0 1 0 2 0 3 0 2 0 6 0 1 0 6 0 1 1 0 1 0 0 3 0 2 0 5 0 1 0 3 0 2 0 5 1 0 0 3 0 0 1 0 1 0 0 1 0 4 0 4 0 0 0 5 0 0 0 5 0 1 0 4 0 0 0 0 0 4 0 0 0 2 0 3 0 5 1 0 0 5 0 1 0 6 0 2 1 0 1 0 0 4 0 5 0 2 1 0 0 6 0 5 1 0 0 4 0 2 0 1 1 0 0 5 0 5 1 0 0 1 0 4 0 6 0 0 0 3 0 4 0 4 0 0 0 3 0 6 0 1 0 0 0 1 0 5 0 3 0 6 0 6 0 1 0 2 0 0 0 5 0 6 0 1 0 3 1 0 0 5
0 361 1 0 2 0 0 0 0 0 6 0 6 0 6 0 6 0 4 0 5 0 2 0 1 0 5 0 3 0 6 0 2 0 2 0 2 0 1 0 4 0 3 0 2 0 6 0 0 0 2 0 0 0 1 0 3 1 0 0 2 0 1 0 4 0 5 0 0 0 3 1 0 0 3 0 2 0 4 0 1 0 0 0 2 1 0 0 2 0 0 1 0 0 1 0 1 0 0 0 3 0 0 0 2 0 3 0 4 0 1 0 1 1 0 0 2 0 2 0 2 0 1 0 4 0 4 0 1 0 6 0 3 0 0 0 4 0 4 0 0 0 0 0 2 0 1 0 1 0 1 0 6 0 1 0 5 0 2 0 1 0 2 0 2 1 0 0 4 0 2 1 0 0 2 0 1 0 0 0 2 0 3 1 0 0 6 0 6 0 0 0 4 0 3 0 4 0 6 0 5 0 4 0 4 0 4 0 4 1 0 0 6 0 5 0 5 0 2 0 3 0 6 0 5 0 3 1 0 0 6 0 1 1 0 0 6 0 2 0 1 0 1 0 2 0 2 0 2 0 2 0 4 0 0 0 1 0 1 0 0 0 1 0 4 1 0 0 5 0 0 0 2 0 4 0 4 1 0 0 0 1 0 0 1 0 3 1 0 0 0 0 5 0 5 0 0 0 0 0 5 0 3 1 0 0 3 0 4 1 0 0 3 0 1 0 5 0 1 1 0 0 2 0 1 0 1 1 0 0 5 0 3 0 0 0 3 0 3 0 0 0 6 0 5 0 3 0 4 0 1 0 3 0 5 0 4 0 0 0 0 0 3
1 361 2 0 4 0 0 0 1 0 5 0 6 0 6 0 6 0 2 0 3 0 5 0 3 0 3 0 0 0 5 0 5 0 4 0 4 0 3 0 0 1 0 0 6 0 4 0 1 0 4 0 0 0 2 1 0 1 0 0 4 0 3 0 1 0 3 0 1 1 0 1 0 0 6 0 5 0 0 0 3 0 0 0 5 0 6 0 3 0 1 0 6 0 1 0 2 0 0 0 6 0 0 0 4 1 0 0 1 0 3 0 3 0 6 0 3 0 4 0 4 0 3 0 1 0 1 0 4 0 4 1 0 0 2 0 1 0 1 0 1 0 0 0 4 0 2 0 2 0 3 0 4 0 4 0 2 0 5 0 2 0 4 0 5 1 0 0 0 0 6 0 6 0 3 0 2 0 0 0 5 0 0 0 0 0 5 0 5 0 2 0 1 0 0 0 2 0 6 0 4 0 2 0 2 0 2 0 3 0 0 0 5 0 4 0 3 0 5 1 0 0 6 0 4 0 1 0 0 0 4 0 4 1 0 0 4 0 5 0 2 0 2 0 4 0 4 0 4 0 5 0 0 0 1 0 2 0 2 0 0 0 3 0 2 0 0 0 2 0 1 0 5 0 1 0 2 1 0 0 1 0 6 0 1 1 0 1 0 0 1 0 3 0 3 0 1 0 1 0 3 0 0 1 0 1 0 0 2 1 0 0 6 0 3 0 2 0 4 0 6 0 3 0 2 0 3 1 0 0 2 1 0 0 1 0 6 0 6 0 1 0 5 0 4 0 0 0 1 0 3 1 0 0 4 0 1 0 1 0 0 1 0
1 361 5 0 0 0 1 0 3 0 3 0 6 0 6 0 5 0 5 1 0 0 3 1 0 1 0 0 2 0 3 0 4 0 2 0 1 1 0 0 2 1 0 0 5 0 1 0 4 0 0 0 1 0 5 1 0 1 0 0 0 1 0 0 3 0 6 0 3 1 0 1 0 0 5 0 3 0 1 0 6 0 1 0 3 0 5 1 0 0 4 0 4 0 3 0 4 0 1 0 4 0 2 0 1 1 0 0 2 1 0 0 0 0 6 0 0 0 2 0 1 1 0 0 3 0 3 0 1 0 2 1 0 0 4 0 2 0 2 0 2 0 1 0 0 0 5 0 4 1 0 0 2 0 1 0 6 0 2 0 6 0 1 0 4 1 0 0 1 0 5 0 5 1 0 0 5 0 1 0 2 0 1 0 1 0 3 0 3 0 5 0 2 0 0 0 5 0 5 0 1 0 5 0 4 0 4 0 6 0 1 0 3 0 2 0 0 0 5 0 0 0 5 0 1 0 3 0 1 0 1 0 3 0 0 0 1 0 3 0 5 0 5 0 1 0 2 0 2 0 3 0 1 0 2 0 4 0 4 0 0 0 6 0 4 0 0 0 4 0 3 0 2 0 3 0 5 0 6 0 2 0 4 0 4 1 0 0 6 0 1 0 6 0 6 0 2 0 2 0 6 0 1 1 0 0 6 0 4 1 0 0 4 1 0 0 6 0 1 0 5 1 0 0 5 1 0 1 0 0 5 0 6 0 2 0 5 0 5 0 4 0 3 0 1 0 1 0 3 0 0 0 0 0 0 0 3 0 2 0 1 0 5
1 363 1 0 2 0 1 0 2 1 0 0 0 0 6 0 6 0 4 0 5 0 0 0 0 0 0 0 6 0 3 1 0 0 1 0 5 0 3 0 6 0 4 1 0 0 2 0 4 0 0 0 1 0 3 0 4 0 0 0 6 0 0 0 6 0 6 0 5 0 1 0 0 1 0 0 2 1 0 0 4 0 4 0 3 1 0 0 5 0 0 0 1 0 2 0 0 0 1 0 4 0 0 0 5 0 3 0 6 0 4 0 6 0 0 0 4 0 1 0 4 0 3 0 6 0 5 0 6 0 2 0 5 1 0 0 0 0 5 0 4 0 4 0 2 0 1 0 3 0 2 1 0 0 4 0 3 0 4 0 6 0 4 0 4 0 1 1 0 0 3 0 3 0 5 0 0 0 2 0 3 0 4 0 2 0 2 1 0 0 0 0 3 0 5 0 1 0 3 0 3 0 4 0 3 0 2 0 2 0 5 0 3 0 6 0 4 0 1 0 2 0 2 0 2 0 3 0 6 0 2 0 2 0 6 0 0 0 2 1 0 0 4 0 3 0 3 0 4 0 4 0 6 0 2 0 5 0 1 0 1 0 2 0 5 0 1 0 2 0 0 1 0 0 5 1 0 0 4 0 5 0 6 0 1 0 3 0 0 0 4 0 4 0 5 0 5 0 5 0 5 0 4 0 4 1 0 0 5 0 3 0 0 0 2 0 0 0 4 0 4 0 4 0 0 0 4 0 0 1 0 0 3 0 5 0 6 0 3 0 4 0 1 1 0 0 3 0 2 0 6 0 0 0 0 0 0 0 6 0 4 0 3 0 3
0 363 2 0 4 0 2 0 5 0 6 0 0 0 5 0 6 0 2 0 3 0 1 0 0 0 1 0 5 0 0 1 0 0 3 0 3 0 0 0 6 0 2 1 0 0 5 0 0 0 1 0 2 1 0 0 1 0 2 0 4 0 2 0 5 0 6 0 3 0 3 0 1 0 6 0 4 1 0 0 1 0 2 0 1 0 0 0 2 0 1 0 2 0 4 0 0 0 3 0 0 0 2 0 3 0 0 0 6 0 2 0 5 0 2 0 0 0 4 0 1 0 0 0 6 0 4 0 5 0 6 0 3 1 0 0 1 0 3 0 2 0 1 0 5 0 2 0 6 0 5 1 0 0 1 0 0 0 2 0 6 0 2 0 1 0 4 0 6 0 5 1 0 0 3 0 1 0 4 1 0 0 1 0 5 0 5 0 5 1 0 1 0 0 3 0 3 1 0 0 0 0 1 1 0 0 5 0 5 0 3 0 0 0 6 0 1 0 3 0 4 0 4 0 4 1 0 0 5 0 5 0 5 0 4 0 1 0 5 1 0 0 1 0 0 0 0 0 2 0 2 0 5 0 6 0 2 0 3 0 2 0 5 0 2 0 3 0 4 0 1 1 0 0 4 0 0 0 1 0 4 0 5 0 3 0 6 0 1 0 1 0 2 0 4 0 4 0 4 0 4 0 2 0 3 0 0 0 2 1 0 0 1 0 4 0 1 0 1 0 2 0 1 0 2 0 0 0 2 0 6 0 6 0 3 0 6 0 0 0 1 0 4 0 6 0 5 0 5 0 4 0 1 0 0 0 1 0 5 0 2 0 0 0 0
0 363 5 0 0 0 6 0 3 0 5 0 2 0 3 0 5 0 5 0 6 0 2 0 0 0 3 0 2 0 2 0 6 0 5 0 6 0 1 0 4 1 0 0 0 0 2 0 1 0 2 0 5 0 6 0 1 0 5 0 0 0 6 0 3 0 5 1 0 1 0 0 4 0 5 0 2 1 0 0 2 0 4 0 2 0 0 0 4 0 2 0 5 0 0 0 1 0 6 0 0 0 4 0 6 0 1 0 4 0 6 0 2 0 5 0 1 0 0 0 3 0 1 0 5 0 2 0 4 0 6 0 0 1 0 0 2 0 6 0 4 0 3 0 2 0 6 0 5 0 4 1 0 0 2 0 0 0 5 0 4 0 5 0 3 0 1 0 6 0 4 1 0 0 6 0 3 0 1 1 0 0 3 0 3 0 4 0 5 0 0 0 6 0 5 1 0 1 0 0 0 0 3 1 0 0 3 0 3 1 0 0 2 0 4 0 3 1 0 0 2 0 2 0 3 0 0 0 3 0 4 0 4 0 1 0 4 0 3 1 0 0 2 0 0 0 0 0 4 0 5 0 3 0 5 0 5 0 6 0 5 0 2 0 5 1 0 0 1 0 4 1 0 0 0 0 1 0 3 0 1 0 4 0 0 0 5 0 3 0 2 0 5 0 1 0 2 0 2 0 1 0 5 0 6 0 0 0 5 0 6 0 2 0 0 0 3 0 2 0 4 0 2 0 4 0 0 0 5 0 5 0 6 0 0 0 5 0 1 0 3 0 1 0 6 0 4 0 4 0 1 0 3 0 0 0 3 0 2 0 5 0 0 0 0
0 365 1 0 2 0 2 0 5 0 0 0 3 0 5 1 0 0 4 0 4 0 5 0 5 0 0 0 6 0 4 0 5 0 5 0 4 0 5 0 4 0 1 1 0 0 0 0 4 0 2 0 5 0 3 0 5 0 4 0 2 0 2 0 5 0 0 0 5 0 0 1 0 0 1 0 3 0 6 0 6 0 4 0 0 0 5 0 1 0 0 0 6 0 2 0 1 0 3 0 4 0 2 0 1 0 5 0 4 0 1 0 5 0 6 0 2 0 3 0 0 0 6 0 3 0 2 0 6 0 1 0 5 0 2 0 6 0 4 0 5 0 1 1 0 0 6 0 5 0 4 0 2 1 0 0 4 0 1 0 3 0 2 0 3 1 0 0 4 0 5 0 3 0 0 0 4 1 0 0 4 0 6 0 5 1 0 0 2 0 3 0 2 0 5 0 5 0 0 0 5 1 0 1 0 1 0 1 0 0 0 1 0 0 5 0 1 0 0 1 0 0 4 0 4 0 6 0 0 1 0 0 2 0 1 0 4 0 1 0 0 1 0 0 4 0 0 0 1 0 1 0 4 0 0 0 4 0 4 0 6 0 3 0 6 0 3 1 0 0 3 0 1 1 0 0 0 0 2 0 6 0 3 0 0 0 2 0 2 1 0 0 6 0 2 0 3 0 4 0 4 0 3 0 3 0 5 0 2 0 3 0 5 0 5 0 0 0 6 0 5 0 0 0 6 0 0 0 2 0 3 0 4 0 5 0 2 0 2 0 3 0 6 0 3 0 5 0 2 0 1 0 3 0 6 0 0 0 6 0 5 0 2 0 1 0 0
0 365 2 0 4 0 5 0 2 0 1 1 0 0 5 0 0 0 1 0 2 0 4 0 3 0 2 0 5 0 2 0 4 0 4 0 2 0 4 0 1 0 4 0 6 0 0 0 0 0 6 0 3 0 0 0 4 0 1 0 5 0 5 0 2 0 2 0 2 0 2 0 6 0 1 1 0 0 6 0 6 0 1 0 2 0 2 0 3 0 1 0 4 0 5 0 2 1 0 0 1 0 5 0 3 0 3 0 1 0 4 0 3 0 5 0 5 0 6 0 1 0 4 1 0 0 6 0 4 0 4 0 2 0 6 0 5 0 2 0 3 0 4 1 0 0 5 0 4 0 1 1 0 0 0 0 0 0 3 0 6 0 5 0 0 0 0 0 1 0 3 1 0 0 2 0 2 0 0 0 1 0 6 0 4 1 0 0 4 0 6 0 5 0 3 0 3 0 2 0 4 0 0 1 0 1 0 0 6 0 0 1 0 0 2 0 3 0 1 1 0 0 1 0 2 0 5 0 2 0 6 0 3 0 3 0 0 0 3 0 1 1 0 0 0 0 1 0 2 0 3 0 0 0 2 0 1 0 2 0 6 0 0 0 6 0 0 1 0 0 6 0 3 0 5 1 0 0 5 0 4 1 0 0 1 0 4 0 5 1 0 0 4 0 5 1 0 0 2 0 2 0 0 0 0 0 3 0 5 1 0 0 4 0 3 0 2 0 5 0 3 0 2 0 4 0 1 0 4 1 0 0 2 0 3 0 5 0 4 1 0 0 6 0 0 0 3 0 5 0 2 1 0 0 5 0 2 0 5 0 3 0 5 0 2 0 0
0 365 5 0 1 0 3 0 5 0 3 1 0 0 2 0 1 0 2 0 5 0 0 1 0 0 6 0 2 0 6 0 1 0 1 0 6 0 0 0 4 0 1 0 5 0 1 0 1 0 4 1 0 0 2 0 0 0 4 0 3 0 3 0 5 0 4 0 4 0 5 0 4 0 4 1 0 0 5 0 5 0 3 0 4 0 4 0 6 0 3 0 1 0 3 0 6 0 6 0 2 0 2 1 0 1 0 0 4 0 1 0 0 0 4 0 4 0 5 0 4 0 2 0 0 0 5 0 2 0 1 0 6 0 5 0 3 0 5 1 0 0 3 0 0 0 3 0 1 0 4 0 5 1 0 0 0 1 0 0 6 0 3 0 1 0 0 0 2 1 0 1 0 0 4 0 4 0 0 0 3 0 5 0 3 0 0 0 1 0 6 0 3 1 0 1 0 0 6 0 0 0 2 1 0 1 0 0 4 0 2 0 6 0 3 0 6 0 3 0 6 0 1 0 5 0 2 0 6 0 4 1 0 1 0 0 1 0 6 0 3 0 5 1 0 0 2 0 4 0 6 0 0 0 4 0 2 0 5 0 4 0 2 0 4 0 2 1 0 0 5 0 0 0 5 0 0 0 3 0 2 1 0 0 3 0 1 0 5 0 0 0 1 0 4 1 0 0 4 0 4 0 0 0 0 1 0 0 5 0 0 0 0 1 0 0 6 0 2 1 0 0 6 0 0 0 4 0 1 1 0 0 4 1 0 0 4 0 3 0 0 0 4 0 1 1 0 0 3 1 0 0 0 0 2 0 6 0 3 0 0 0 3 0 5 0 0
0 367 1 0 2 0 3 1 0 0 4 0 0 1 0 0 4 0 2 0 5 0 2 0 2 1 0 0 4 0 6 0 4 0 3 0 3 0 4 0 2 0 0 0 4 0 2 0 3 0 3 0 1 1 0 0 4 0 1 0 1 0 0 0 0 0 4 0 2 0 2 0 4 0 2 0 3 0 0 0 3 0 4 0 0 0 2 0 2 0 5 1 0 0 3 1 0 0 6 0 5 0 5 0 5 1 0 1 0 0 0 0 3 0 1 0 1 0 2 0 4 0 1 0 5 0 1 0 2 0 5 0 3 0 5 0 4 0 0 0 4 1 0 0 6 0 0 0 6 0 3 0 1 0 4 1 0 0 1 1 0 0 4 1 0 0 3 0 0 0 5 1 0 1 0 0 1 0 1 0 1 1 0 0 3 1 0 0 1 0 3 0 5 0 1 0 0 1 0 0 4 0 1 0 5 1 0 1 0 0 0 0 6 0 5 0 0 0 6 0 0 0 5 0 4 0 2 0 6 0 5 0 3 0 0 0 6 0 2 0 5 0 0 0 4 1 0 0 5 0 1 0 5 0 2 0 0 0 6 0 3 0 1 0 6 0 0 1 0 0 0 0 2 0 2 0 2 0 1 0 6 0 5 0 6 0 5 0 3 0 2 0 1 0 3 0 2 0 0 0 1 0 1 0 1 0 1 1 0 0 2 0 1 0 1 1 0 0 4 1 0 0 0 0 4 0 2 0 0 0 4 1 0 0 2 0 0 0 0 1 0 0 2 0 0 0 4 0 6 0 6 0 5 1 0 0 5 0 4 1 0 0 1 1 0 0 3 0 1
0 367 2 0 5 0 0 0 0 0 0 0 2 1 0 0 0 0 6 0 2 0 5 0 5 1 0 0 1 0 6 0 2 0 0 0 0 0 1 0 5 0 1 0 0 0 5 0 6 0 6 0 3 1 0 0 0 0 3 0 2 0 0 0 1 0 0 0 5 0 5 0 0 0 5 0 6 0 0 1 0 0 1 0 1 0 4 0 5 0 4 0 0 0 0 0 0 0 5 0 4 0 4 0 5 0 0 0 5 1 0 0 6 0 2 0 2 0 5 0 0 0 4 0 2 0 3 0 5 0 3 0 0 0 4 0 1 0 2 0 2 0 0 0 4 0 2 0 4 1 0 0 4 0 1 1 0 0 3 1 0 0 1 1 0 0 6 0 1 0 4 0 0 0 6 0 1 0 2 0 3 0 6 0 6 0 6 0 1 1 0 0 3 0 3 0 1 1 0 0 0 0 4 0 4 0 0 0 6 0 0 0 5 0 3 0 2 0 4 0 2 0 3 0 1 0 6 0 5 0 3 1 0 0 2 0 4 0 6 0 2 0 2 0 2 0 0 0 2 0 4 0 2 0 5 0 1 0 4 1 0 0 4 0 4 0 2 0 5 1 0 0 4 0 4 0 4 0 3 0 5 0 4 0 6 0 3 1 0 0 5 0 2 0 6 0 4 0 0 0 2 0 2 0 2 0 3 0 6 0 3 0 2 0 3 1 0 0 1 1 0 0 1 0 0 0 5 0 1 0 1 1 0 0 4 0 0 0 1 0 6 0 3 0 1 0 1 0 6 0 6 0 5 0 0 0 3 0 2 1 0 0 3 0 6 0 5 0 2
1 367 5 0 2 0 1 0 0 0 0 0 5 0 6 0 0 0 4 0 6 0 3 0 4 1 0 0 3 0 4 0 5 0 0 0 0 0 3 0 2 0 3 0 1 0 3 0 6 0 6 0 0 1 0 0 0 0 6 0 4 0 0 0 2 0 1 0 3 0 3 0 2 0 3 0 5 0 2 0 6 0 1 0 3 0 1 0 4 0 1 0 1 0 0 0 1 0 3 0 2 0 2 0 3 0 2 0 4 0 0 0 4 0 5 0 5 0 2 0 2 0 0 0 5 1 0 0 3 1 0 0 2 0 0 0 3 0 4 0 4 0 1 0 0 0 6 0 2 0 0 0 0 0 4 0 6 0 6 0 6 0 2 1 0 0 4 0 4 0 0 0 2 0 4 0 3 0 4 1 0 0 6 0 6 0 5 0 4 0 6 0 5 0 6 0 3 0 6 0 0 0 1 0 1 0 2 0 4 0 2 0 2 1 0 0 6 0 0 0 5 0 6 0 3 0 5 0 4 0 0 1 0 0 5 0 1 0 5 0 5 0 4 0 4 0 0 0 5 0 0 0 6 0 2 0 4 0 2 0 0 0 1 0 1 0 6 0 4 0 0 0 1 0 2 0 2 0 0 0 4 0 2 0 6 0 1 0 0 0 2 0 6 0 5 0 1 0 1 0 4 0 4 0 4 1 0 0 5 1 0 0 5 1 0 1 0 0 3 0 6 0 1 0 1 0 2 0 3 0 3 1 0 0 0 0 1 0 3 0 4 1 0 0 3 0 3 0 5 0 6 0 3 0 1 0 6 0 5 0 6 0 6 0 5 0 3 0 5
1 369 1 0 2 0 5 0 2 0 0 0 1 0 3 0 5 0 2 0 1 0 6 0 0 0 2 1 0 1 0 0 2 0 3 0 1 0 0 0 6 0 4 0 6 0 2 1 0 0 6 0 5 0 2 0 6 0 0 0 5 0 1 0 1 0 4 0 2 0 6 0 6 0 4 1 0 0 3 0 6 0 4 0 3 0 6 0 3 0 0 0 3 0 2 0 0 0 2 0 6 0 4 0 4 0 6 0 5 0 0 0 2 0 1 0 4 0 3 0 5 0 4 0 1 0 3 1 0 1 0 1 0 0 4 0 0 1 0 0 2 0 1 0 3 0 1 0 4 0 5 0 0 0 1 0 1 0 6 0 6 0 5 1 0 0 0 0 1 0 1 0 1 0 5 0 1 0 0 0 3 0 0 0 5 0 6 0 4 0 2 0 6 0 4 0 6 0 0 0 5 0 1 0 2 0 2 0 5 0 0 0 5 0 5 1 0 0 4 0 2 0 3 0 6 0 0 0 4 0 1 0 2 1 0 0 2 0 4 0 3 0 4 0 2 0 1 0 2 0 2 0 2 0 4 0 6 0 0 0 5 0 0 0 2 0 3 0 5 0 1 0 1 0 2 0 4 0 4 0 1 0 0 0 6 0 4 0 3 0 0 0 5 0 5 0 3 0 3 0 3 0 1 0 2 0 3 0 0 0 4 0 0 0 4 0 0 0 6 0 6 0 4 0 3 0 2 0 4 1 0 0 0 1 0 0 0 0 2 1 0 0 2 1 0 1 0 0 0 0 4 0 5 1 0 0 4 0 5 0 4 0 6 0 6 0 4 0 0 0 4
0 369 2 0 5 0 2 0 5 0 0 0 2 1 0 0 3 0 5 0 3 0 4 0 1 0 5 1 0 0 6 0 3 0 6 0 2 0 1 0 5 0 2 0 5 1 0 0 0 0 5 0 3 0 6 0 4 0 2 0 2 0 3 0 3 0 0 0 6 0 5 0 6 0 2 1 0 1 0 0 6 0 2 0 0 0 5 1 0 0 1 0 6 0 4 0 0 0 5 0 5 0 2 0 2 0 6 0 3 0 1 0 4 0 3 0 1 0 0 0 4 0 1 0 4 0 0 0 0 1 0 1 0 0 0 0 2 0 6 0 3 0 2 0 6 0 3 0 1 0 3 0 1 0 2 0 3 0 5 0 6 0 4 1 0 0 0 0 2 0 2 0 3 0 2 0 3 0 0 0 6 0 1 0 3 0 6 0 1 0 6 0 5 0 2 0 5 0 2 0 2 0 3 0 4 0 5 0 2 0 2 0 3 0 5 0 0 0 0 0 5 1 0 0 5 0 2 0 0 0 3 0 5 0 6 0 4 0 1 0 0 0 1 0 5 0 2 0 4 0 4 0 5 0 1 0 5 0 2 0 2 0 1 0 4 1 0 0 3 0 3 0 2 0 5 0 1 0 1 0 3 0 1 0 5 0 1 1 0 0 2 0 3 0 3 1 0 1 0 1 0 0 3 0 4 0 6 0 1 0 0 0 2 0 0 0 2 0 5 0 6 0 1 1 0 0 6 0 1 1 0 0 1 0 5 1 0 0 5 0 6 0 4 1 0 0 6 0 0 0 1 0 5 0 0 0 1 0 4 0 2 0 6 0 6 0 1 0 2 0 1
0 369 5 0 2 0 6 0 2 0 1 0 5 0 6 0 6 0 3 0 0 0 1 0 4 0 4 0 0 0 5 0 0 0 5 0 5 0 3 0 2 0 6 0 3 1 0 0 1 0 3 0 0 0 6 0 1 0 5 0 4 0 6 0 6 0 1 0 5 0 4 0 5 1 0 0 0 1 0 0 4 0 5 0 1 0 3 1 0 0 3 0 5 0 1 0 2 0 3 0 3 0 5 0 5 0 4 1 0 0 4 0 0 1 0 0 3 0 1 0 0 0 4 0 0 0 1 0 1 1 0 0 5 1 0 0 5 0 4 1 0 0 6 0 4 1 0 0 3 0 6 0 2 0 4 1 0 0 4 0 6 0 2 1 0 0 0 0 4 0 4 0 6 0 4 0 6 0 1 0 4 0 3 1 0 0 5 0 4 0 5 0 3 0 6 0 2 0 5 0 4 1 0 0 2 0 3 0 5 0 4 1 0 0 3 0 1 0 1 0 4 0 0 0 2 0 5 0 0 1 0 0 4 0 6 0 1 0 3 0 0 0 3 0 2 0 6 0 1 0 2 0 3 0 4 0 2 0 5 0 4 0 3 0 1 1 0 0 6 0 6 0 5 0 2 0 3 0 2 0 6 0 3 0 2 0 4 0 6 0 3 1 0 0 1 0 0 1 0 0 6 0 6 0 1 0 5 0 3 0 0 0 4 0 0 0 5 0 3 0 5 0 4 1 0 0 4 0 4 0 6 0 2 0 4 0 0 0 3 0 6 0 3 0 0 0 4 0 1 0 3 0 2 0 1 0 3 0 0 0 6 0 5 0 5 0 3 0 4 0 2
1 371 1 0 2 0 6 0 4 0 5 0 3 0 3 0 6 0 5 1 0 0 1 0 3 0 1 0 1 0 2 0 2 0 2 0 3 0 3 1 0 0 6 0 5 0 0 1 0 0 2 0 6 0 1 0 4 0 4 0 3 0 2 0 6 0 5 0 4 0 3 0 2 0 4 1 0 0 1 1 0 0 1 0 3 0 3 1 0 1 0 1 0 0 3 0 3 0 4 1 0 0 0 0 4 0 4 0 3 0 0 0 0 0 2 0 6 0 5 0 2 0 1 0 0 0 1 0 2 0 3 1 0 0 4 0 0 0 3 0 3 0 0 0 5 0 2 1 0 1 0 0 5 0 6 0 2 0 0 0 1 0 5 0 6 0 6 0 0 0 1 0 2 0 6 0 2 0 5 0 4 0 1 0 1 0 0 0 3 0 2 0 4 0 0 0 5 0 6 0 3 0 2 1 0 0 4 1 0 0 4 0 2 1 0 0 6 0 2 0 3 0 0 0 1 0 5 0 2 0 2 1 0 0 1 0 5 0 3 0 6 0 0 0 6 0 5 0 4 0 3 0 4 1 0 0 1 0 6 0 3 0 1 1 0 0 4 1 0 0 5 0 6 0 3 0 5 0 6 0 5 0 4 1 0 0 6 0 1 0 6 0 0 1 0 0 2 0 1 1 0 0 5 0 5 0 4 0 2 1 0 0 2 0 0 0 2 0 3 0 0 0 4 0 3 0 0 0 1 0 2 0 5 0 6 0 0 0 1 1 0 0 5 1 0 0 2 0 0 0 3 0 6 0 4 0 2 0 6 0 1 0 5 0 4 0 4 0 0 0 1 0 5
0 371 2 0 5 0 5 0 2 0 4 0 0 0 0 0 6 0 4 1 0 0 2 0 6 0 2 0 2 0 4 0 4 0 4 1 0 0 1 0 0 0 5 0 3 0 2 0 6 0 4 0 4 0 4 0 1 0 1 1 0 0 6 0 5 0 4 0 1 1 0 0 6 0 1 1 0 0 3 0 6 0 1 1 0 0 1 0 0 1 0 0 6 0 5 1 0 0 2 1 0 0 1 0 1 0 1 1 0 0 1 0 0 0 5 0 5 0 3 0 5 0 2 0 0 0 2 0 5 0 0 0 0 0 0 0 1 0 6 0 6 0 1 0 2 1 0 0 0 1 0 0 3 0 5 0 5 0 0 0 3 0 3 0 6 0 5 0 1 0 2 0 5 0 4 0 6 0 3 0 1 0 3 0 2 0 0 0 6 0 5 0 0 0 2 0 3 0 5 1 0 1 0 0 0 0 2 0 0 0 0 1 0 0 0 0 4 0 5 0 6 0 0 0 3 0 2 0 5 0 5 0 6 0 2 0 3 0 0 0 5 0 2 0 5 0 4 0 2 0 0 0 2 1 0 0 3 0 4 1 0 0 4 1 0 0 2 0 0 0 3 0 6 0 0 0 4 0 6 0 4 0 3 0 0 0 4 0 4 0 4 0 2 0 6 0 3 0 3 1 0 0 3 0 4 0 1 0 6 0 6 0 3 0 0 0 4 0 6 0 1 0 0 1 0 0 1 0 2 0 5 0 3 0 5 0 1 0 3 1 0 0 3 1 0 0 4 0 0 1 0 0 6 0 1 0 6 0 4 0 4 0 3 0 2 0 1 0 1 0 3 0 3
1 371 5 0 3 0 3 0 6 0 0 0 1 0 1 0 5 0 2 1 0 0 5 0 4 0 5 0 5 0 1 0 2 0 2 1 0 0 2 0 1 0 2 1 0 0 6 0 5 0 2 0 2 0 1 0 3 0 3 1 0 0 5 0 4 0 1 0 4 1 0 0 4 0 4 0 6 0 6 0 4 0 4 0 6 0 1 0 1 1 0 0 5 0 4 1 0 0 5 0 6 0 1 0 2 0 3 0 6 0 1 0 1 0 3 0 4 0 0 0 3 0 5 0 0 0 5 0 2 0 1 0 0 0 0 0 3 0 5 0 5 0 3 0 5 0 6 0 0 0 6 0 6 0 3 0 3 0 1 1 0 0 0 0 6 0 3 0 3 0 5 0 3 0 2 0 5 1 0 0 3 0 6 0 4 0 1 0 5 0 3 0 1 0 4 1 0 0 5 0 0 0 5 1 0 0 4 0 0 0 1 0 6 0 0 0 1 0 4 0 5 0 1 0 6 0 5 0 3 0 4 0 5 0 5 0 6 0 1 0 2 0 6 0 3 0 1 0 5 0 0 0 5 0 6 0 6 0 2 0 0 0 1 1 0 0 4 0 0 1 0 0 5 0 2 0 1 0 6 0 1 1 0 0 2 0 1 0 2 0 1 0 6 0 5 0 0 0 0 1 0 1 0 0 1 0 4 0 5 0 5 1 0 0 2 0 1 0 5 0 3 0 1 0 6 0 1 0 5 0 3 0 0 0 3 0 4 0 0 0 0 0 0 0 0 0 0 0 2 1 0 0 4 0 4 0 5 0 2 0 1 1 0 0 5 0 2 0 2 1 0 0 0
1 373 1 0 3 0 0 0 0 0 5 0 1 0 2 0 3 0 2 1 0 0 0 0 3 0 2 0 4 0 3 0 3 0 4 0 5 0 6 0 3 0 2 0 5 1 0 0 5 0 3 0 5 0 4 0 2 1 0 0 1 0 0 0 3 0 1 0 4 0 2 0 0 0 1 0 2 0 6 0 6 0 2 0 2 0 5 0 3 0 3 1 0 0 3 0 3 0 0 0 3 0 5 0 3 0 4 1 0 0 5 0 3 0 2 1 0 0 1 0 1 1 0 0 3 0 2 0 2 0 5 0 2 0 0 0 0 1 0 0 4 0 4 0 0 0 4 0 5 0 2 0 5 0 5 1 0 1 0 0 4 0 6 0 0 0 5 0 0 0 0 0 3 1 0 0 6 0 3 1 0 1 0 0 6 0 1 0 4 0 2 1 0 0 4 0 2 0 0 0 2 0 2 0 4 0 0 0 0 0 1 0 3 0 4 0 1 0 3 0 1 0 3 0 4 0 5 0 4 0 0 0 2 0 4 0 4 0 5 0 3 0 5 0 4 1 0 0 4 0 2 0 2 0 3 0 6 0 5 0 5 0 0 0 3 1 0 0 0 0 2 1 0 0 2 0 5 0 3 0 4 0 4 0 6 0 3 0 2 0 4 0 3 0 5 0 3 0 1 0 1 1 0 0 6 0 2 0 1 0 4 0 4 1 0 0 4 0 3 0 2 1 0 0 4 0 4 0 4 0 2 1 0 0 1 1 0 0 1 0 1 0 0 0 0 0 0 0 0 0 5 1 0 0 1 0 2 0 3 0 5 0 3 1 0 0 2 0 5 0 5 0 5 1 0
1 373 2 0 6 0 0 0 1 0 2 0 3 0 4 0 6 0 5 0 5 1 0 0 6 0 5 0 1 0 0 0 0 0 2 0 4 0 5 1 0 0 6 0 4 0 0 0 3 0 0 0 4 0 1 0 6 0 6 0 1 0 0 0 6 0 3 0 0 0 5 0 0 0 2 0 5 0 5 0 5 0 5 0 5 0 3 0 0 0 0 1 0 0 6 0 6 0 0 1 0 0 4 0 0 0 3 0 0 0 2 1 0 0 6 0 6 0 1 0 3 0 6 0 5 0 4 0 5 0 2 0 5 0 0 0 1 1 0 0 1 0 1 0 2 0 1 0 3 0 6 0 3 0 5 0 0 1 0 0 1 0 5 0 2 0 2 0 1 0 1 0 0 0 0 0 5 0 1 0 0 1 0 0 4 0 4 0 0 1 0 0 0 0 0 0 5 0 0 0 4 0 5 0 0 0 1 0 0 0 2 1 0 0 1 0 3 0 6 0 2 1 0 0 2 0 4 0 1 0 1 0 5 0 1 0 2 0 4 0 0 0 4 0 3 0 0 0 0 0 5 0 4 1 0 0 6 0 4 0 3 0 1 1 0 1 0 0 0 0 5 0 6 0 4 0 3 0 0 0 2 0 2 0 5 1 0 0 6 0 1 0 0 0 3 1 0 0 3 0 3 1 0 0 4 0 5 0 3 0 1 0 3 0 0 0 0 1 0 1 0 0 0 0 1 0 2 0 1 0 6 0 6 0 2 0 6 0 1 0 2 0 0 0 0 0 0 0 1 0 3 1 0 0 2 0 4 1 0 0 4 0 0 1 0 0 5 0 3 0 4 0 4 1 0
1 373 5 0 4 0 1 0 2 0 4 1 0 0 2 0 6 0 4 0 5 0 0 0 5 0 3 0 3 0 0 0 0 0 5 0 1 0 5 0 0 0 5 0 1 0 1 0 6 0 1 0 0 0 4 0 5 0 5 0 3 0 1 0 4 1 0 0 2 0 2 0 1 0 5 0 3 0 4 0 4 0 4 0 3 1 0 0 1 0 1 1 0 0 5 0 5 0 2 1 0 0 0 0 1 0 6 0 0 0 5 1 0 0 5 0 5 0 3 1 0 0 6 0 4 0 2 0 3 0 6 0 2 0 1 0 3 0 6 0 1 0 2 0 4 0 2 1 0 0 6 0 0 0 3 0 2 0 6 0 2 0 2 0 5 0 4 0 2 0 2 0 0 0 1 0 2 0 3 0 1 1 0 0 1 0 1 0 2 0 5 1 0 0 1 0 2 0 2 0 1 0 3 0 1 0 2 0 0 0 5 0 6 0 1 1 0 0 5 0 6 0 6 0 4 0 0 0 3 0 3 0 2 0 3 0 5 0 0 0 2 0 0 1 0 0 1 0 1 0 3 0 3 0 0 0 5 0 1 1 0 0 4 1 0 0 6 0 0 0 3 0 6 0 1 1 0 0 1 0 4 0 5 0 4 0 0 0 4 0 3 0 0 1 0 1 0 1 0 0 1 0 0 0 1 0 3 1 0 0 3 0 6 0 0 0 1 1 0 0 5 1 0 0 2 0 4 0 3 0 5 0 5 0 6 0 4 0 3 0 4 0 0 0 0 0 0 0 2 1 0 1 0 0 5 0 2 0 0 0 0 0 2 1 0 0 3 0 0 0 2 0 2 1 0
1 375 1 0 3 0 1 0 3 0 5 0 1 1 0 0 5 0 5 0 2 0 3 0 2 0 2 1 0 1 0 0 1 0 1 0 2 0 4 0 2 0 2 0 2 0 3 0 3 0 4 0 3 0 1 0 1 0 4 0 3 1 0 0 4 0 1 1 0 0 4 0 4 0 3 0 3 0 0 0 2 0 2 0 2 0 0 1 0 0 2 0 3 1 0 0 3 0 3 0 6 0 5 1 0 0 3 0 4 0 2 0 4 0 0 0 3 0 4 0 1 0 0 0 5 0 1 0 5 1 0 0 5 0 5 0 2 1 0 0 5 0 3 0 5 0 0 1 0 0 0 0 4 0 1 0 6 0 5 0 4 0 5 0 5 0 3 0 1 0 5 0 4 0 0 0 2 0 4 0 6 0 3 0 6 0 1 0 2 0 5 0 3 1 0 0 2 0 4 0 4 0 2 0 6 0 2 0 4 0 1 0 3 0 5 0 4 1 0 0 3 0 6 0 6 0 1 0 1 0 6 0 6 0 4 1 0 0 3 0 1 0 4 0 1 0 6 0 1 0 2 0 6 0 6 0 1 0 2 0 4 1 0 0 2 0 0 0 4 0 1 1 0 0 5 0 4 0 6 0 2 0 1 0 4 0 1 0 2 0 0 1 0 0 2 1 0 1 0 0 6 0 1 0 0 0 2 1 0 1 0 1 0 0 5 0 1 0 3 1 0 0 3 1 0 0 5 0 1 0 0 0 4 0 4 0 6 0 2 0 0 0 1 0 1 0 0 0 0 0 5 1 0 1 0 0 2 0 5 0 0 0 0 0 5 0 6 0 5 0 0 0 4 0 5 0 5
1 375 2 0 6 0 2 1 0 0 3 0 4 1 0 0 3 0 3 0 5 0 6 0 4 0 5 1 0 0 6 0 1 0 2 0 5 0 0 0 5 0 4 0 4 1 0 0 0 0 1 1 0 0 3 0 3 0 1 0 1 0 0 0 0 0 4 1 0 0 1 0 1 1 0 1 0 0 1 0 4 0 4 0 4 0 1 0 6 0 3 1 0 1 0 1 0 0 0 0 6 0 4 1 0 1 0 0 1 0 6 0 0 0 1 1 0 0 1 0 3 0 1 0 2 0 4 0 4 0 0 0 3 0 3 1 0 0 0 0 3 0 0 0 3 0 2 0 6 0 0 0 0 0 4 0 5 0 4 0 2 0 4 0 3 1 0 0 4 0 3 0 1 0 1 0 5 0 1 0 6 0 0 0 5 0 3 0 5 0 3 0 0 1 0 0 5 0 1 0 1 0 6 0 4 0 6 0 0 0 3 1 0 0 4 0 2 1 0 1 0 0 6 0 5 0 3 0 3 0 5 0 6 0 2 1 0 0 6 0 3 0 0 0 4 0 4 0 3 0 5 0 5 0 5 0 3 0 5 0 1 1 0 0 4 0 1 0 0 0 4 1 0 0 3 0 2 0 5 0 5 0 3 0 0 0 3 0 4 0 1 0 6 0 4 1 0 1 0 0 4 0 3 0 0 0 5 1 0 1 0 1 0 0 2 0 4 0 0 0 0 0 0 0 0 0 2 0 3 0 1 0 1 0 2 0 5 0 5 0 0 0 2 0 2 0 0 0 1 0 4 0 0 0 6 0 4 0 2 0 1 0 1 0 3 0 6 0 3 0 2 0 1 0 4 0 4
0 375 5 0 4 0 6 0 6 0 6 0 1 1 0 1 0 0 0 0 4 0 6 0 2 0 5 0 0 0 4 0 3 0 5 0 2 0 2 0 3 0 2 0 2 1 0 0 0 0 3 0 6 0 5 0 6 0 2 0 2 0 0 0 1 0 1 1 0 0 2 0 3 1 0 0 6 0 2 0 1 0 2 0 1 0 4 0 5 0 1 0 0 1 0 0 6 0 0 0 5 0 3 0 0 0 6 0 2 0 4 0 1 0 3 0 6 0 1 0 6 0 2 0 5 0 1 0 1 0 1 1 0 0 0 1 0 0 0 0 6 0 0 0 6 0 5 0 4 0 1 0 1 0 1 0 4 0 1 0 6 0 1 0 1 0 0 0 0 1 0 0 3 0 3 0 2 0 4 0 4 0 2 0 3 0 0 0 3 1 0 0 2 1 0 0 2 0 3 0 3 0 5 0 2 0 5 0 2 0 0 0 0 0 0 1 0 0 0 1 0 0 5 0 4 0 0 0 0 0 4 0 5 1 0 0 0 0 4 1 0 0 2 0 1 0 2 0 0 0 4 0 4 0 4 0 0 0 3 0 4 1 0 0 0 0 3 0 1 0 1 1 0 0 6 0 5 0 3 0 3 1 0 0 1 1 0 0 1 0 4 0 5 0 3 0 0 1 0 0 0 1 0 0 2 0 4 0 0 1 0 0 6 0 4 0 0 0 1 0 0 0 0 0 0 0 4 0 6 0 2 0 2 0 5 0 3 0 3 0 1 0 4 0 4 0 0 0 3 0 0 0 2 0 5 0 1 0 5 0 2 0 2 1 0 0 5 1 0 0 5 0 3 0 1 0 2
1 377 1 0 3 0 2 0 6 0 6 0 5 0 4 1 0 0 6 0 0 0 1 0 5 0 6 0 2 0 2 0 1 0 0 0 3 0 5 0 4 0 6 0 4 0 5 0 5 1 0 1 0 0 6 0 4 0 5 0 5 0 4 0 0 0 2 0 3 0 6 0 4 0 0 0 0 0 4 0 5 0 2 0 4 0 3 0 1 0 3 0 3 0 1 1 0 0 4 0 2 0 2 1 0 0 2 0 4 0 6 0 0 0 3 1 0 0 5 0 4 0 4 0 6 0 2 0 3 0 2 0 3 0 6 0 0 0 6 0 0 0 4 0 2 0 5 0 4 0 1 0 3 0 2 0 3 0 0 0 4 0 4 0 3 0 2 0 0 0 1 0 6 0 5 0 6 0 5 0 1 0 1 0 5 0 6 0 0 1 0 1 0 0 5 0 6 0 3 1 0 0 0 0 3 0 6 0 2 0 5 0 0 0 0 0 1 0 6 0 0 1 0 0 3 0 1 0 1 0 1 0 1 0 4 1 0 0 1 0 1 1 0 0 4 0 2 0 4 0 1 0 1 0 2 0 1 0 1 1 0 0 2 1 0 0 0 0 6 0 2 0 3 1 0 0 5 0 4 0 0 0 0 1 0 0 3 0 6 0 2 0 1 0 3 1 0 0 2 0 6 0 0 0 6 0 4 0 0 0 2 1 0 0 5 0 1 0 1 0 2 0 0 0 0 0 1 0 1 0 5 0 5 0 5 0 2 1 0 1 0 0 4 0 1 0 1 0 1 0 6 0 0 0 5 0 2 0 4 0 2 0 5 0 5 1 0 0 4 0 0 0 2 1 0 0 3 0 4
0 377 2 0 6 0 5 0 5 0 6 0 4 0 3 0 0 0 4 0 1 0 3 0 3 0 5 0 5 0 4 0 2 0 0 1 0 0 4 0 2 0 6 0 2 0 4 0 5 0 0 1 0 0 5 0 2 0 4 0 4 0 1 0 1 0 4 1 0 0 6 0 1 0 1 0 1 0 1 0 3 0 6 0 0 1 0 0 3 0 6 0 6 0 3 1 0 0 0 0 5 0 5 0 6 0 4 0 1 0 5 0 2 0 0 0 0 0 3 0 2 0 2 0 5 0 5 0 6 0 4 1 0 0 5 0 2 0 4 0 2 0 0 0 6 0 3 0 1 0 3 0 6 0 4 0 6 0 1 0 1 0 1 1 0 0 5 0 0 0 3 0 5 0 4 0 6 0 3 0 3 0 3 0 3 0 5 0 2 1 0 1 0 0 3 0 6 0 0 1 0 0 0 1 0 0 5 0 6 0 2 0 1 0 0 0 3 0 4 0 2 0 6 0 5 0 2 0 2 0 2 0 3 0 1 1 0 0 2 0 3 1 0 0 0 0 6 0 0 0 3 0 2 0 4 0 2 0 3 0 6 0 4 0 6 0 0 0 4 0 6 0 0 0 0 0 3 0 1 0 1 0 1 0 6 0 6 0 4 0 5 0 2 1 0 1 0 0 5 0 4 0 2 0 5 0 1 0 1 0 5 1 0 0 2 0 3 0 2 0 4 0 0 0 0 0 2 0 3 0 3 0 4 0 3 1 0 0 0 1 0 0 0 0 3 0 2 0 3 0 4 0 2 0 2 0 6 0 0 0 6 0 3 0 5 0 0 0 0 0 1 0 5 0 6 0 6 0 1
1 377 5 0 5 0 4 0 4 0 6 0 1 1 0 0 2 0 0 0 3 1 0 0 0 0 4 0 4 0 1 0 5 0 1 1 0 0 0 0 6 0 4 0 6 0 1 0 3 0 2 1 0 0 2 0 6 0 1 0 1 0 3 0 3 0 2 0 0 0 4 0 3 0 2 0 2 0 2 1 0 0 5 0 2 0 6 0 6 0 5 0 6 0 0 1 0 0 1 0 3 0 4 0 6 0 1 0 4 0 2 0 5 0 0 0 0 0 6 0 4 0 5 0 3 0 4 0 6 0 3 0 0 0 2 0 6 0 0 0 5 0 1 0 4 1 0 0 3 1 0 0 6 0 2 0 5 0 3 0 2 0 3 1 0 0 2 0 1 1 0 0 4 0 2 0 6 0 0 0 0 0 0 0 0 0 3 1 0 0 0 0 6 0 6 0 4 0 2 0 6 0 0 1 0 0 3 0 5 0 5 0 2 0 0 1 0 0 1 0 6 0 5 0 3 0 5 0 4 0 4 0 6 0 3 0 6 0 3 1 0 1 0 0 1 0 4 0 1 0 6 0 5 0 0 0 5 1 0 0 6 0 2 0 5 0 2 0 1 0 5 0 1 0 0 0 6 0 2 0 2 0 3 0 5 0 6 0 2 0 3 1 0 0 0 1 0 0 3 0 1 0 6 0 2 0 3 0 3 0 3 1 0 0 4 0 6 0 5 0 0 0 1 0 0 0 4 1 0 0 0 0 2 0 0 1 0 0 1 0 5 1 0 0 6 0 4 1 0 0 1 0 5 0 5 0 4 0 2 0 5 0 0 0 3 0 1 0 0 0 3 0 3 0 6 0 5 0 3
0 379 1 0 3 0 4 0 2 0 2 0 5 0 4 0 6 0 3 0 0 1 0 1 0 0 1 0 1 0 1 0 4 0 2 0 4 0 6 0 0 0 5 0 2 0 5 0 3 0 6 0 5 0 6 0 4 0 4 0 3 0 2 0 6 0 6 0 4 0 1 0 0 1 0 0 5 0 4 0 5 1 0 0 2 0 6 0 5 0 6 0 4 0 5 0 2 0 6 0 1 1 0 0 2 0 5 0 4 0 0 0 6 0 2 0 1 0 1 0 5 0 2 0 4 0 0 0 2 0 5 1 0 0 1 0 5 0 4 0 2 0 2 0 4 0 2 0 0 0 0 0 0 0 4 0 6 0 2 1 0 0 5 1 0 1 0 0 4 0 3 1 0 0 0 0 6 0 4 0 1 0 0 0 0 0 0 1 0 1 0 0 1 0 5 0 6 0 1 0 6 0 4 0 2 0 6 0 6 0 3 0 3 0 5 0 1 0 6 0 2 0 5 0 4 0 0 0 4 0 2 0 2 0 6 0 0 0 6 0 1 0 0 0 6 0 2 0 0 0 4 0 5 0 3 0 2 0 4 0 0 0 4 0 6 0 2 0 5 0 3 0 2 0 3 0 1 0 4 0 5 0 4 1 0 0 4 0 5 0 5 1 0 1 0 0 1 0 6 0 5 0 3 0 4 0 5 1 0 0 0 0 1 0 0 0 1 0 6 0 3 0 1 0 2 0 1 0 1 1 0 0 0 0 4 0 1 0 6 0 2 0 4 0 0 0 5 0 2 1 0 0 3 0 3 0 4 0 1 0 6 0 2 0 1 0 6 0 2 0 0 1 0 0 0 0 6 0 4 0 0
0 379 2 1 0 0 1 0 5 0 5 0 3 0 2 0 5 1 0 0 2 1 0 0 6 0 1 0 2 0 3 0 0 0 6 0 1 0 5 0 2 0 2 0 6 0 3 0 0 0 6 0 4 0 6 0 2 0 1 1 0 0 6 0 5 0 6 0 1 0 3 0 1 1 0 0 3 0 2 0 4 1 0 0 5 0 5 0 4 0 6 0 2 0 3 0 6 0 4 0 4 0 6 0 4 0 3 0 1 0 2 0 4 0 5 0 2 0 3 0 2 0 6 0 0 0 1 0 5 0 3 1 0 0 3 0 3 0 1 0 5 0 5 0 0 0 5 0 0 0 0 0 1 0 1 0 5 1 0 0 0 0 4 0 0 1 0 0 1 0 0 1 0 0 1 0 5 0 1 0 3 0 0 0 0 0 1 1 0 0 6 0 2 0 3 0 5 0 4 0 5 0 1 0 6 0 5 0 6 0 0 0 0 0 3 0 4 0 4 0 6 0 3 0 1 0 2 0 0 0 5 0 5 0 4 0 2 0 4 0 3 0 1 0 4 0 5 0 1 0 1 0 3 1 0 0 6 0 0 0 2 0 1 0 5 0 6 0 2 1 0 0 5 0 6 0 3 0 1 0 4 0 3 0 0 0 1 0 4 0 5 0 0 0 6 0 2 0 5 0 4 0 0 0 2 0 4 1 0 0 0 0 2 0 0 0 3 0 4 1 0 0 3 0 4 0 2 0 3 0 6 0 0 0 0 0 4 0 4 0 6 0 0 0 2 0 2 0 6 0 6 0 5 1 0 0 1 0 4 0 4 0 5 0 3 0 4 0 5 0 1 0 6 0 0 0 5 0 1 0 1
0 379 5 0 6 0 2 0 3 0 3 1 0 0 6 0 3 1 0 0 5 1 0 0 4 0 3 0 4 0 6 0 1 0 4 0 4 0 2 0 5 0 5 0 4 1 0 0 2 0 5 0 2 0 5 0 5 0 3 1 0 0 5 0 4 0 5 0 3 0 6 0 3 0 6 0 5 0 5 0 2 0 0 0 3 0 4 0 2 0 5 0 5 1 0 0 6 0 2 0 2 0 6 0 1 1 0 0 3 0 5 0 1 0 3 0 5 0 6 0 5 0 4 0 1 0 3 0 3 0 0 1 0 0 6 0 6 0 3 0 3 0 3 0 2 0 2 0 1 0 0 0 2 0 3 0 3 1 0 0 1 0 0 0 2 0 6 0 1 0 1 0 6 0 2 0 2 0 3 0 6 0 0 0 0 0 3 1 0 0 4 0 5 1 0 0 4 0 2 0 3 0 4 0 5 0 4 0 5 0 1 0 0 1 0 0 2 0 2 0 5 1 0 0 3 0 4 0 1 0 3 0 4 0 1 0 6 0 0 1 0 0 4 0 1 0 3 0 3 0 3 0 0 0 0 0 4 0 1 0 4 0 3 0 3 0 5 1 0 0 0 0 3 0 5 1 0 0 4 0 0 1 0 0 1 0 3 0 1 0 3 0 2 0 4 0 6 0 3 0 1 0 1 0 5 0 1 1 0 0 0 0 4 0 0 1 0 0 2 1 0 1 0 0 1 0 5 1 0 0 5 0 1 0 1 0 1 0 2 0 5 0 1 0 4 0 5 0 5 0 6 0 4 1 0 0 3 0 1 0 2 0 4 0 0 0 2 0 3 0 4 0 4 0 2 0 2 0 3 0 2
1 381 1 0 3 0 5 0 5 1 0 0 1 0 0 0 5 0 1 0 0 0 4 0 0 0 1 0 0 0 2 0 5 0 4 0 1 0 1 0 6 0 3 0 4 0 2 1 0 0 5 0 2 0 6 0 3 0 4 0 1 0 0 0 3 0 2 0 4 0 0 0 6 0 0 0 6 0 4 0 3 0 5 0 0 1 0 0 1 0 6 0 3 0 5 0 0 0 4 0 5 0 5 0 4 0 4 0 6 0 6 0 2 0 3 1 0 0 4 0 6 0 4 0 1 0 3 0 6 0 6 0 1 1 0 0 5 0 5 1 0 1 0 1 0 0 5 0 4 0 2 0 0 0 4 1 0 0 0 1 0 0 2 0 0 0 5 0 4 0 3 0 3 0 4 0 5 0 4 1 0 0 5 0 1 0 1 0 0 0 0 0 1 0 5 0 0 0 0 0 5 1 0 0 2 0 4 0 2 0 3 0 3 0 1 0 6 0 3 0 5 0 3 1 0 1 0 0 1 0 3 1 0 0 1 0 4 0 4 0 2 1 0 0 0 0 3 0 6 0 6 0 6 0 0 0 1 0 0 0 4 0 1 0 0 0 0 0 4 1 0 0 0 1 0 0 5 0 0 0 0 0 2 0 6 0 1 0 6 0 2 0 6 0 5 0 1 0 5 1 0 0 3 0 3 0 2 0 4 0 6 0 0 0 0 0 2 0 6 0 4 1 0 0 6 0 2 0 4 0 0 0 2 0 3 0 2 0 2 0 5 0 2 0 4 0 1 0 4 0 4 0 6 0 2 1 0 0 6 0 2 0 5 0 0 0 1 0 4 1 0 0 2 0 1 0 5 0 4 0 6 0 4
0 381 2 1 0 0 4 0 4 1 0 0 2 0 1 0 2 0 3 0 1 0 0 0 1 0 2 0 0 0 5 0 3 0 1 0 3 0 3 0 5 0 0 0 1 1 0 0 0 0 2 0 6 0 5 0 0 0 1 0 3 0 0 0 6 0 5 0 0 0 2 0 4 0 2 0 5 0 2 0 0 0 3 0 2 0 6 0 2 0 5 0 0 0 3 0 2 0 1 0 4 0 4 0 2 0 2 0 6 0 5 0 6 0 0 0 0 0 1 0 6 0 1 0 3 1 0 0 6 0 5 0 4 1 0 0 3 0 5 0 0 1 0 1 0 0 3 0 1 0 5 0 1 0 1 1 0 0 1 0 6 0 3 0 1 0 3 0 2 0 0 0 0 0 2 0 4 0 3 0 0 0 2 0 3 0 2 0 0 0 0 0 3 0 2 0 1 0 1 0 3 1 0 0 5 0 0 0 5 0 6 0 6 0 3 0 5 0 0 0 4 0 1 0 0 0 6 0 1 1 0 1 0 0 3 0 1 0 1 0 6 0 5 1 0 1 0 0 6 0 6 0 5 0 1 0 2 0 1 0 0 0 3 0 0 0 1 0 1 1 0 0 1 1 0 0 2 0 1 0 0 0 5 0 4 0 4 0 4 0 6 0 5 0 3 0 4 0 3 1 0 0 6 0 6 0 5 0 1 0 5 0 1 0 0 0 5 0 5 0 3 0 0 0 4 0 6 0 0 0 1 0 4 0 6 0 4 0 5 0 2 0 6 0 0 0 4 0 1 0 2 0 5 1 0 0 0 0 4 0 6 0 2 0 1 0 3 0 1 1 0 0 4 0 3 0 3 0 2 0 6 0 2
1 381 5 1 0 0 1 0 2 1 0 0 4 0 2 0 4 0 6 0 2 0 0 0 2 0 4 0 1 0 2 1 0 0 3 1 0 0 0 0 3 0 1 0 3 0 5 1 0 0 5 0 5 0 3 0 1 0 2 0 6 0 1 0 5 0 3 0 1 0 5 0 0 0 6 0 2 0 5 0 0 0 6 0 5 0 4 0 6 0 2 0 1 0 6 0 4 0 3 0 1 0 1 0 5 0 5 0 5 0 4 0 5 0 1 0 0 0 3 0 4 0 4 0 0 0 0 0 5 0 4 0 2 1 0 1 0 0 3 0 2 1 0 0 6 0 5 0 3 0 2 0 3 0 3 0 6 0 2 0 4 1 0 0 3 0 6 0 4 0 0 0 0 0 5 0 0 1 0 0 1 0 4 0 6 0 4 0 0 0 0 0 6 0 4 0 2 0 3 0 0 0 0 0 2 0 2 0 3 0 6 0 6 0 0 0 3 0 2 0 0 0 3 0 1 0 4 0 4 1 0 0 6 0 5 0 2 0 3 0 5 0 5 0 0 1 0 0 5 0 6 0 3 0 3 0 4 0 2 0 0 0 6 0 0 0 2 0 3 0 6 0 2 0 6 0 3 0 2 0 1 0 3 0 2 0 2 0 2 0 6 0 4 0 0 0 2 0 1 0 0 0 5 0 6 0 3 0 4 0 2 0 3 0 1 0 3 0 3 1 0 0 2 0 1 0 5 0 1 0 3 0 1 0 6 0 2 0 3 0 6 0 4 0 2 0 0 0 3 0 5 0 3 1 0 0 1 0 1 0 5 0 5 0 2 0 6 0 3 1 0 0 0 1 0 1 0 0 6 0 4 0 5
1 383 1 0 3 1 0 0 2 0 5 1 0 0 0 0 6 0 1 0 5 0 5 0 0 0 5 0 0 0 3 0 5 0 6 0 6 0 5 1 0 0 6 0 2 1 0 0 5 0 0 0 3 0 3 1 0 0 3 0 5 0 4 0 4 0 2 1 0 0 4 0 2 0 2 0 4 0 6 0 2 0 2 0 5 0 4 0 2 0 5 0 5 0 3 0 5 0 1 1 0 0 3 0 3 0 3 0 4 0 4 0 2 0 3 0 3 0 0 1 0 0 2 0 1 0 1 0 1 0 3 0 1 1 0 0 0 0 6 0 5 0 5 1 0 0 5 0 3 1 0 0 5 1 0 0 0 0 5 0 6 0 1 1 0 1 0 0 6 0 1 0 1 0 1 0 2 0 2 0 6 0 2 0 1 0 6 0 1 0 1 0 1 0 5 0 1 0 5 0 6 0 0 0 0 0 4 0 4 1 0 0 6 0 5 0 1 0 6 0 4 0 0 0 6 0 3 0 1 0 3 0 0 0 5 0 3 0 5 1 0 0 4 0 3 0 2 1 0 0 3 0 6 0 0 0 0 0 1 0 5 0 1 0 4 0 1 0 4 1 0 0 5 0 6 0 4 1 0 0 5 0 2 0 6 0 4 0 4 0 5 0 5 0 1 0 1 0 4 0 2 0 1 0 3 0 6 0 0 0 1 0 5 0 6 0 2 1 0 0 0 1 0 0 4 0 3 0 2 0 3 0 6 0 3 0 4 0 5 1 0 0 6 0 1 0 5 0 0 1 0 0 4 0 0 1 0 0 2 0 3 0 3 0 3 0 6 0 5 0 0 1 0 0 1 1 0 1 0 0 5 0 2 0 4
0 383 2 1 0 1 0 0 5 0 3 1 0 0 1 0 4 0 4 0 3 0 3 0 2 0 2 0 1 1 0 0 4 0 6 0 6 0 5 0 0 0 4 1 0 0 0 0 2 0 1 1 0 0 0 1 0 1 0 0 4 0 2 0 1 1 0 0 0 0 0 0 5 0 5 0 1 0 5 0 5 0 5 0 3 0 1 0 6 0 3 0 4 0 0 0 3 0 4 0 6 0 5 1 0 0 0 0 2 0 1 0 5 0 6 0 6 0 1 0 6 0 3 0 2 0 2 0 2 0 6 0 3 0 6 0 0 0 5 0 4 0 5 0 0 0 3 0 1 0 0 0 3 1 0 0 1 0 3 0 5 0 4 1 0 1 0 0 4 0 3 0 2 0 2 0 4 0 5 0 4 0 5 0 3 0 4 0 3 0 2 0 3 0 2 0 4 0 3 0 5 0 1 0 1 0 1 0 3 0 0 0 5 0 3 0 4 0 5 0 1 0 2 0 4 1 0 0 3 0 6 0 1 0 3 0 0 0 5 0 0 0 0 1 0 0 6 0 6 0 6 0 4 0 1 0 0 0 3 0 2 0 4 0 0 0 4 0 2 0 0 0 3 0 6 0 3 0 0 0 2 0 6 0 5 0 2 0 2 0 4 0 3 0 3 0 3 0 0 0 5 0 2 1 0 0 5 0 1 0 3 0 3 0 5 0 6 0 6 0 0 1 0 0 0 1 0 0 5 1 0 0 6 0 0 0 2 0 5 0 0 0 4 0 4 0 2 0 2 1 0 0 0 0 2 0 6 0 3 1 0 0 0 0 0 0 6 0 3 0 2 0 6 0 2 1 0 1 0 0 2 0 6 0 1
1 383 5 1 0 1 0 0 3 0 0 1 0 0 3 0 1 0 1 1 0 1 0 0 5 0 4 0 3 1 0 0 1 0 6 0 6 0 3 0 2 0 1 1 0 0 0 0 4 0 3 0 6 0 0 1 0 1 0 0 0 0 5 0 3 0 5 1 0 0 1 0 3 0 3 0 4 0 3 0 4 0 3 1 0 0 4 0 5 0 0 0 1 0 1 1 0 0 2 0 6 0 4 1 0 0 0 0 4 0 3 0 3 0 6 0 5 0 4 0 4 1 0 0 5 0 4 0 5 0 5 0 0 0 5 0 2 0 3 0 2 0 3 0 1 0 6 0 2 0 0 1 0 1 0 0 2 1 0 0 4 0 3 0 0 1 0 0 0 1 0 0 5 0 5 0 1 0 4 0 2 0 4 0 0 0 1 1 0 0 5 0 6 0 5 0 1 0 0 0 3 0 3 0 2 0 2 0 6 0 1 0 3 0 0 0 2 0 3 0 3 0 5 0 1 1 0 1 0 0 5 0 3 0 6 0 1 0 2 0 1 0 1 1 0 0 5 0 6 0 6 0 1 0 3 0 0 0 6 0 5 0 0 0 2 0 0 0 5 0 0 1 0 0 5 1 0 0 1 0 5 0 5 0 3 0 5 0 5 0 0 1 0 1 0 1 0 0 2 0 2 1 0 0 0 0 2 0 3 1 0 0 0 0 4 0 6 0 5 0 2 0 6 0 0 1 0 0 4 0 0 0 4 0 1 0 5 0 2 0 2 0 1 0 1 0 5 0 5 0 5 1 0 0 5 0 5 0 0 1 0 0 0 0 1 0 4 1 0 0 6 0 4 1 0 0 0 0 6 0 4 0 4 0 3
0 385 1 0 4 0 0 0 6 0 5 0 1 0 6 0 5 0 2 0 3 1 0 1 0 0 3 0 2 0 0 1 0 0 3 0 5 0 5 1 0 0 5 0 3 0 6 0 0 0 1 0 0 0 5 0 2 1 0 0 6 0 0 0 3 0 0 0 4 1 0 0 2 1 0 0 0 0 2 0 0 0 2 0 1 0 0 0 1 0 3 0 1 0 2 0 3 0 6 0 4 0 5 0 2 1 0 0 1 0 1 0 0 0 0 0 6 0 4 0 2 0 3 0 0 0 3 0 2 0 4 0 3 0 2 0 2 0 5 0 6 0 4 0 6 0 3 0 4 0 5 0 1 1 0 0 6 0 4 1 0 0 0 1 0 0 2 0 6 0 0 1 0 0 3 0 3 0 4 0 0 0 6 0 0 0 1 0 3 1 0 0 3 0 6 0 3 0 3 0 0 0 6 0 6 0 4 0 5 0 4 0 3 0 6 0 0 0 4 1 0 0 0 0 3 0 4 1 0 1 0 0 3 0 0 0 5 0 3 0 4 0 2 0 3 1 0 0 3 0 6 0 5 0 3 0 6 0 1 0 5 0 3 0 1 0 4 0 1 0 2 0 2 1 0 0 3 1 0 0 3 0 3 0 4 0 0 0 4 0 3 0 2 1 0 1 0 0 6 0 3 0 5 0 5 1 0 0 4 1 0 1 0 0 1 0 1 0 6 0 3 0 6 0 4 0 2 1 0 0 0 0 2 0 0 0 4 0 2 0 5 0 4 0 2 0 3 0 3 0 4 0 5 0 0 0 3 0 3 0 2 0 5 1 0 0 3 0 2 0 0 0 5 0 2 1 0 0 1 0 5 0 2 0 2 0 0
0 385 3 0 0 0 2 0 5 0 3 0 4 0 5 0 3 0 6 0 0 0 0 0 6 0 5 0 4 0 1 0 6 0 6 0 3 0 5 0 0 0 3 0 0 0 5 0 1 0 2 0 1 0 2 1 0 0 0 0 4 0 1 0 6 0 1 0 1 1 0 0 5 0 5 1 0 0 4 0 0 0 4 0 2 0 0 0 2 0 6 0 2 0 4 1 0 0 6 0 2 0 3 0 6 0 6 0 1 0 2 0 0 0 1 0 5 0 1 0 5 0 6 0 0 0 6 0 5 0 0 1 0 0 5 0 5 0 3 0 6 0 2 0 6 0 0 0 2 0 3 0 4 1 0 0 5 0 2 1 0 0 1 0 6 0 4 0 4 0 2 0 6 0 5 1 0 0 1 0 2 0 4 0 1 0 2 1 0 1 0 1 0 0 5 1 0 1 0 0 2 0 5 0 6 0 2 0 4 0 2 0 0 0 5 0 2 0 1 1 0 0 0 1 0 0 3 0 0 0 6 0 5 0 1 0 3 0 0 0 1 0 5 1 0 1 0 1 0 0 6 0 4 0 0 0 5 0 4 0 2 1 0 0 4 0 0 0 3 0 4 0 5 0 6 0 6 0 6 0 5 1 0 0 1 0 2 0 0 1 0 1 0 0 0 1 0 0 5 0 0 0 4 0 5 0 0 0 2 0 0 0 6 0 1 0 3 0 5 0 0 0 6 0 1 0 6 0 5 1 0 0 4 0 1 0 0 0 6 0 3 0 1 0 5 1 0 0 0 0 2 0 3 0 1 0 6 0 6 0 5 0 3 1 0 0 6 0 4 0 1 0 2 0 6 0 6 0 2 0 2 0 5 0 4 0 0
0 385 6 0 0 0 5 0 3 0 0 0 2 0 4 0 0 0 5 0 1 0 1 0 5 0 4 0 1 0 4 0 5 0 6 0 0 0 3 0 1 0 6 0 1 0 2 0 3 0 4 0 2 0 5 0 6 0 0 0 0 0 4 0 4 0 3 0 3 1 0 0 3 0 5 0 0 0 0 0 2 0 0 0 5 0 0 0 5 0 4 0 6 0 2 0 0 0 4 0 5 1 0 0 6 0 5 0 3 0 4 0 0 0 3 0 2 0 4 0 3 0 5 0 2 0 5 0 3 0 2 1 0 0 3 0 4 0 0 0 5 0 6 0 4 0 1 0 4 1 0 0 3 0 0 0 2 0 6 0 6 0 2 0 5 0 2 0 1 0 6 0 5 0 4 1 0 0 2 0 5 0 0 0 3 0 5 1 0 1 0 1 0 0 4 0 0 0 6 0 4 0 3 0 5 0 6 0 0 0 5 0 1 0 2 0 5 0 3 0 6 0 0 0 6 0 5 0 1 0 5 0 3 0 3 0 6 0 0 0 3 0 4 0 0 1 0 1 0 0 5 0 1 0 2 0 3 0 1 1 0 0 0 0 0 0 1 1 0 0 2 0 4 0 6 0 6 0 6 0 4 1 0 0 2 0 4 0 1 1 0 0 6 0 0 1 0 0 2 0 2 0 1 0 3 0 1 0 4 0 1 0 4 0 3 1 0 0 3 0 2 0 4 0 4 0 5 0 5 0 0 0 0 0 3 0 1 0 4 1 0 0 4 0 3 1 0 0 0 0 4 0 6 0 3 0 5 0 6 0 4 0 1 0 0 0 5 0 1 0 3 0 5 0 5 0 5 0 5 0 5 0 3 0 1 0 1
0 387 1 0 4 0 2 0 2 1 0 0 1 0 5 0 0 0 2 0 2 0 3 0 3 0 3 0 1 0 4 0 1 0 4 0 5 0 1 0 6 0 3 0 4 0 3 0 4 1 0 0 1 0 6 0 3 0 5 0 1 0 1 0 1 0 2 0 0 0 0 1 0 1 0 0 3 0 1 0 0 0 4 0 1 0 2 0 2 0 3 0 2 0 5 0 5 0 1 0 1 0 5 0 0 0 5 0 4 0 0 0 1 0 1 0 6 0 5 0 1 0 0 0 3 0 6 0 2 1 0 0 6 0 6 0 6 0 0 0 2 0 3 0 6 0 1 0 4 0 1 1 0 0 6 0 0 0 5 0 5 0 5 0 6 0 2 0 5 0 3 0 5 0 4 0 2 1 0 0 5 0 2 0 1 1 0 0 5 0 0 1 0 1 0 0 0 0 2 0 5 0 2 0 0 0 4 0 5 0 2 0 2 0 3 0 5 0 3 0 0 0 5 0 2 0 5 0 3 0 4 0 3 0 0 0 0 0 5 0 1 1 0 0 1 0 2 1 0 1 0 0 2 0 3 0 4 0 6 0 3 0 5 1 0 0 0 0 3 0 6 0 4 0 1 0 6 0 6 0 6 0 2 1 0 0 5 0 0 0 4 1 0 0 4 0 2 0 6 0 3 0 4 0 2 0 6 0 3 0 0 0 4 0 1 0 0 1 0 0 6 0 5 0 1 0 2 0 4 0 3 0 1 0 0 0 6 0 3 0 2 0 0 0 1 0 0 1 0 0 1 0 1 0 6 0 0 0 4 0 6 0 1 0 3 0 1 0 2 0 3 1 0 0 4 0 4 0 4 0 4 0 3 1 0 0 3 0 2
1 387 3 0 0 0 5 0 5 0 6 0 2 0 2 0 1 0 4 0 4 0 6 0 6 0 6 0 3 0 0 0 4 0 1 0 3 0 4 0 5 0 0 0 2 0 0 0 2 1 0 0 3 0 5 0 0 0 3 0 3 0 2 0 2 0 4 0 0 0 1 1 0 0 6 0 5 0 2 0 1 0 0 0 3 0 4 0 4 0 6 0 5 0 3 0 3 0 3 0 3 0 2 0 2 0 3 0 1 0 1 0 2 0 3 0 5 0 3 0 3 0 0 1 0 0 5 1 0 0 0 0 5 0 6 0 5 0 1 0 4 1 0 0 5 0 4 0 0 0 4 1 0 0 4 0 2 0 3 0 4 0 4 0 5 0 6 0 3 0 0 0 4 0 1 1 0 0 0 0 2 0 5 0 3 1 0 0 2 0 2 1 0 0 5 1 0 0 5 0 2 0 5 0 1 0 1 0 3 0 5 0 4 1 0 0 3 1 0 0 2 0 2 0 6 0 3 0 0 0 1 1 0 0 1 0 1 0 2 0 4 0 6 0 1 0 5 1 0 0 6 0 3 1 0 0 2 0 6 0 0 0 4 1 0 0 0 1 0 0 6 0 1 0 4 0 5 0 6 0 5 1 0 0 0 0 2 0 2 0 2 0 0 0 0 0 6 0 5 0 0 0 1 0 6 0 4 1 0 0 2 0 0 0 3 0 1 1 0 0 5 0 3 0 3 0 5 0 0 1 0 0 3 0 1 0 4 1 0 0 5 0 0 0 2 0 1 0 6 0 1 0 3 0 4 0 2 0 1 0 5 0 3 0 6 0 2 0 5 0 0 0 0 0 1 0 2 0 2 0 2 0 0 1 0 0 6 0 4
0 387 6 0 1 0 3 0 4 0 5 0 5 0 4 0 3 0 1 0 2 0 6 0 6 0 5 1 0 0 2 0 0 0 3 1 0 0 2 0 3 0 1 0 4 0 0 0 5 0 6 0 6 0 2 0 1 0 6 0 6 0 4 0 5 0 0 0 1 0 3 1 0 0 5 0 3 0 5 0 2 0 0 1 0 0 2 0 2 0 6 0 3 1 0 1 0 1 0 1 0 0 5 0 4 0 6 0 2 0 2 0 4 1 0 0 3 1 0 1 0 0 2 1 0 0 3 1 0 0 1 0 3 0 6 0 3 0 4 0 2 0 0 0 3 0 1 0 2 0 2 0 0 0 0 0 5 1 0 0 2 0 2 0 4 0 5 1 0 0 2 0 0 0 4 0 5 1 0 0 5 0 3 0 0 1 0 0 4 0 5 1 0 0 4 0 0 0 2 0 6 0 2 0 3 0 2 1 0 0 4 0 2 1 0 1 0 1 0 0 4 0 5 0 4 1 0 0 1 0 3 0 6 0 1 0 2 0 5 0 1 0 5 0 4 0 4 0 0 0 5 0 0 1 0 0 5 0 4 0 2 0 1 1 0 0 1 1 0 0 4 0 4 0 1 0 4 0 6 0 4 1 0 0 0 0 4 0 4 0 4 0 0 0 1 0 5 0 3 0 1 0 3 0 5 0 2 1 0 0 4 0 0 0 6 0 3 1 0 0 3 0 0 0 0 0 3 0 2 0 6 0 5 0 3 0 2 0 0 0 2 0 1 0 4 0 3 0 4 0 3 1 0 0 1 0 5 0 3 0 3 0 0 0 5 0 6 0 2 0 1 0 0 0 2 0 4 0 4 0 4 0 1 1 0 0 5 0 2
1 389 1 0 4 0 3 1 0 0 2 0 4 0 4 0 1 1 0 0 3 0 5 0 5 0 6 0 4 1 0 0 4 0 0 1 0 1 0 0 4 0 6 0 3 0 0 0 2 0 3 0 6 0 5 0 5 0 3 0 5 0 6 0 2 0 3 0 1 0 3 0 0 0 0 0 3 0 0 0 3 0 5 0 1 0 6 0 3 0 5 0 5 0 1 0 0 1 0 1 0 1 0 0 3 0 2 0 5 0 5 0 5 0 2 0 0 0 0 0 0 0 6 0 4 0 6 0 6 0 6 0 1 1 0 0 6 0 0 0 1 0 5 0 0 0 6 0 2 0 4 0 4 0 0 0 1 0 3 1 0 0 4 0 5 0 1 0 4 1 0 0 4 0 1 0 1 0 5 0 0 0 2 1 0 0 2 1 0 0 1 0 5 0 0 0 0 0 1 0 5 0 4 0 5 0 6 0 5 1 0 0 0 1 0 0 0 1 0 1 0 0 1 0 4 0 2 1 0 0 2 1 0 0 5 0 3 0 5 0 2 0 4 0 3 0 2 0 1 0 2 0 2 0 2 1 0 0 3 0 1 0 5 0 3 0 6 0 2 1 0 0 1 0 1 0 4 0 1 0 6 0 2 1 0 0 1 0 1 0 2 0 1 0 1 0 3 0 2 1 0 0 3 1 0 0 3 1 0 0 0 0 0 0 2 0 5 0 0 1 0 0 6 0 0 0 0 0 6 0 5 0 5 0 3 1 0 0 5 0 0 0 4 0 3 0 1 0 0 0 2 0 0 1 0 0 3 0 2 1 0 1 0 0 2 0 3 0 5 0 5 0 2 0 0 0 5 0 1 0 2 0 1 0 4 1 0 0 2 0 5
1 389 3 0 1 0 0 1 0 0 5 0 1 0 1 0 4 0 6 0 6 0 3 0 4 0 6 0 3 0 0 0 0 0 2 1 0 1 0 0 1 0 5 1 0 0 1 0 4 1 0 0 6 0 4 0 4 0 0 0 4 0 5 0 5 0 6 0 2 0 6 0 0 0 0 0 6 0 0 1 0 0 3 0 4 0 5 0 0 0 4 0 3 0 3 0 1 1 0 1 0 0 6 0 5 0 5 0 3 0 4 0 3 0 5 0 0 0 0 0 1 0 5 0 2 0 6 0 6 0 5 0 4 1 0 0 4 0 1 0 3 0 2 0 2 0 4 0 6 0 1 0 1 0 1 0 3 0 0 0 0 0 1 0 3 0 4 0 2 0 0 0 0 0 3 0 3 0 2 0 1 0 5 0 6 0 4 0 6 0 2 0 2 0 1 0 0 0 3 0 3 0 2 0 4 0 6 0 4 1 0 0 1 0 6 0 0 1 0 0 6 0 2 0 0 0 6 0 6 0 4 1 0 0 3 0 0 0 3 0 6 0 0 1 0 0 5 0 2 0 4 0 4 0 5 0 6 0 5 0 3 0 3 0 0 0 5 0 6 0 6 0 1 0 3 0 0 0 4 0 4 0 6 0 6 0 1 0 2 0 4 0 2 0 2 0 6 0 5 0 6 0 6 0 6 0 6 0 5 1 0 0 0 0 5 0 2 0 2 1 0 0 4 0 1 0 1 0 5 0 4 0 4 0 1 0 0 0 2 0 2 0 0 1 0 0 3 0 0 0 4 0 1 0 6 0 5 0 5 1 0 0 6 0 3 1 0 0 4 0 3 0 5 0 1 0 2 0 3 0 4 0 3 0 1 1 0 0 5 0 3
0 389 6 0 2 0 1 1 0 0 2 0 3 0 3 0 1 0 6 0 6 0 0 0 2 0 5 1 0 0 1 0 0 0 5 1 0 0 6 0 2 0 3 1 0 0 3 0 2 0 0 0 5 0 2 0 1 0 2 0 1 0 4 0 4 0 5 0 6 0 4 0 1 0 1 0 4 0 2 0 6 0 6 0 1 0 3 0 2 0 0 1 0 1 0 0 4 1 0 1 0 0 5 0 4 0 4 0 0 0 2 0 0 0 3 0 1 0 0 0 3 0 2 0 6 0 5 0 6 0 4 0 3 0 0 0 0 0 3 0 6 0 4 0 5 0 1 0 5 0 3 0 2 0 2 0 6 0 0 0 0 0 2 1 0 0 1 0 5 0 0 0 0 0 6 0 6 0 4 0 3 0 3 0 6 0 2 0 5 0 5 0 4 0 2 0 0 0 6 0 6 0 5 0 1 0 6 0 2 1 0 0 3 0 4 0 2 1 0 0 4 0 5 0 1 0 5 0 6 0 2 1 0 0 6 0 0 1 0 0 5 0 2 1 0 0 2 0 6 0 1 0 2 0 4 0 6 0 3 1 0 1 0 0 2 0 3 0 6 0 5 0 3 0 6 0 1 0 1 0 2 0 6 0 5 0 3 0 5 0 0 0 5 0 5 0 5 0 4 0 6 0 6 0 6 0 6 0 4 1 0 0 1 0 2 0 5 0 5 1 0 0 0 0 3 0 3 0 3 0 2 0 1 0 3 0 0 0 4 0 4 0 1 0 6 0 5 0 1 0 0 0 4 0 5 0 4 0 5 0 0 0 5 0 1 0 0 0 1 0 0 0 3 0 3 0 4 1 0 0 1 1 0 0 4 1 0 0 3 0 0
0 391 1 0 4 0 5 0 3 0 6 0 3 0 6 0 6 0 3 0 5 0 5 0 1 0 5 0 3 1 0 0 2 0 1 0 4 0 0 0 4 0 5 1 0 1 0 0 6 0 4 0 1 0 2 0 5 0 2 0 4 0 3 0 1 0 2 0 4 0 6 0 1 0 3 0 3 0 0 0 6 0 5 0 5 0 3 0 6 0 4 0 1 1 0 1 0 0 2 0 0 1 0 0 3 0 2 0 1 0 1 0 4 0 0 0 6 0 2 0 0 0 6 0 5 0 5 0 4 0 6 0 1 1 0 0 1 0 0 1 0 0 6 0 2 0 3 0 4 0 2 1 0 0 5 0 5 0 4 0 1 0 0 0 5 0 6 0 2 0 2 0 1 0 1 0 5 0 6 0 2 0 0 0 0 0 5 0 6 0 3 0 4 0 1 0 5 0 1 0 5 0 6 0 3 0 4 0 4 0 6 0 6 0 6 0 0 1 0 0 0 0 1 0 3 0 4 0 3 0 5 1 0 0 0 0 4 0 2 1 0 0 2 0 6 0 6 0 4 0 4 0 3 0 5 0 1 0 6 0 1 0 0 0 6 0 3 1 0 0 6 0 4 0 0 0 5 0 3 0 2 0 5 0 5 0 4 0 0 0 3 0 2 0 3 0 4 0 4 0 2 0 6 0 6 0 6 0 6 0 2 1 0 0 2 0 5 0 3 0 4 1 0 0 0 0 6 0 6 0 6 0 4 0 2 0 6 0 1 0 1 0 1 0 4 0 5 0 3 0 3 0 1 0 1 0 4 0 2 0 3 0 2 0 2 0 3 0 0 0 2 0 0 1 0 0 0 0 2 1 0 0 3 1 0 0 1 1 0 0 6 0 0
0 391 3 0 1 0 4 0 0 0 6 0 0 0 6 0 6 0 0 0 4 0 3 0 4 0 3 0 0 1 0 0 4 0 3 0 0 0 2 0 1 0 5 0 0 1 0 0 5 0 1 0 3 0 5 0 2 0 6 0 0 1 0 0 3 0 5 0 1 0 5 0 3 0 6 0 6 0 1 0 5 0 4 0 4 0 0 0 6 0 1 0 4 1 0 0 6 0 3 0 1 0 6 0 5 0 4 0 2 0 3 0 0 0 2 0 4 0 5 0 1 0 5 0 4 0 4 0 2 0 5 0 4 0 6 0 1 0 1 1 0 0 4 0 5 1 0 0 1 1 0 0 0 0 3 0 4 0 1 0 3 0 1 0 3 0 5 0 5 0 4 0 2 0 3 0 3 0 5 0 5 0 0 0 1 0 3 0 6 0 0 0 1 0 4 0 2 0 4 0 3 0 6 0 0 0 2 0 2 0 6 0 6 0 5 0 2 0 5 1 0 0 2 1 0 0 2 0 0 0 4 1 0 0 1 0 0 0 6 0 6 0 4 0 5 0 6 0 2 0 2 0 0 0 3 0 4 0 4 0 3 0 1 0 5 0 1 0 0 0 5 0 1 0 2 0 2 1 0 0 6 0 3 0 4 0 1 0 1 0 6 0 4 1 0 0 2 0 1 0 6 0 5 0 6 0 6 0 5 0 6 0 6 0 4 0 3 0 0 0 2 1 0 0 1 0 5 0 6 0 6 0 1 0 6 0 4 0 3 0 2 0 3 0 1 0 3 1 0 1 0 0 3 0 3 0 0 0 5 0 6 0 4 0 4 0 6 0 0 0 4 0 1 0 5 1 0 0 5 0 6 0 6 0 6 0 2 1 0 0 4 0 1
0 391 6 0 3 0 0 0 2 0 4 0 2 0 5 0 5 0 2 0 1 0 0 0 1 1 0 0 2 1 0 0 0 1 0 0 1 0 4 0 3 0 2 0 2 1 0 0 2 0 3 1 0 0 3 0 6 0 4 0 2 0 6 0 6 0 2 0 4 0 3 0 0 0 6 0 5 0 4 0 3 0 2 0 1 0 2 0 4 0 4 0 2 0 0 0 4 1 0 0 4 0 5 0 4 0 1 0 5 0 6 0 0 0 5 0 1 0 3 0 4 0 3 0 2 0 1 0 6 0 3 0 2 0 5 0 3 0 3 1 0 0 1 0 4 1 0 0 3 0 5 1 0 1 0 0 1 0 3 0 6 0 2 1 0 0 4 0 4 0 1 0 5 1 0 0 0 0 4 0 3 0 1 0 2 1 0 0 5 0 1 0 3 0 0 0 6 0 1 0 0 0 5 0 1 0 4 0 5 0 5 0 6 0 3 0 6 0 3 1 0 0 5 0 6 0 3 0 1 0 1 1 0 0 2 0 1 0 5 0 6 0 2 0 4 0 5 0 5 0 4 0 0 1 0 0 2 0 1 1 0 0 4 0 2 0 3 0 1 0 2 0 3 0 4 0 5 1 0 0 5 0 0 0 1 0 3 0 3 0 5 0 2 1 0 0 4 0 3 0 5 0 4 0 6 0 6 0 4 0 6 0 6 0 1 1 0 0 1 0 5 0 6 0 2 0 3 0 6 0 5 0 4 0 5 0 1 1 0 0 5 0 6 0 3 0 0 0 0 0 6 0 5 0 6 0 1 0 3 0 6 0 2 0 2 0 5 0 2 0 0 0 4 0 4 0 0 0 3 0 6 0 6 0 5 1 0 0 0 0 0 0 3
1 393 1 0 4 1 0 0 1 0 5 0 0 0 6 0 3 0 3 0 5 0 2 0 0 0 3 0 6 0 4 0 6 0 0 0 6 0 2 0 0 1 0 0 5 0 5 0 6 0 3 1 0 1 0 1 0 0 6 0 1 0 6 0 5 0 5 0 6 0 0 1 0 0 2 0 5 0 4 0 1 1 0 0 5 0 2 0 5 0 1 0 1 0 5 0 1 0 2 0 0 0 1 0 4 0 1 0 4 0 3 0 5 0 2 0 2 0 3 1 0 0 1 1 0 0 5 0 3 0 4 1 0 0 6 0 3 0 0 0 0 1 0 0 3 0 1 1 0 1 0 0 5 0 0 0 6 0 1 1 0 0 5 1 0 0 0 0 1 0 1 0 4 0 3 1 0 0 1 0 0 1 0 0 3 0 5 1 0 0 2 0 3 0 6 0 1 0 4 0 3 0 1 0 2 0 4 0 1 0 4 0 4 0 6 0 0 0 6 0 1 0 0 0 3 0 5 1 0 0 3 0 3 0 6 0 3 0 3 0 3 0 5 0 6 0 1 0 4 0 4 0 1 0 2 0 6 0 3 0 3 1 0 0 0 0 5 0 6 0 2 0 4 1 0 0 2 0 5 0 0 0 2 0 1 0 2 1 0 0 0 0 3 1 0 0 0 0 1 0 0 0 4 0 2 0 6 0 6 0 2 0 6 0 5 0 4 0 6 0 2 0 3 0 5 0 5 1 0 0 6 0 4 0 2 0 3 0 4 1 0 0 3 0 5 1 0 0 1 0 1 0 5 0 4 0 5 0 3 1 0 0 5 0 5 0 5 0 2 0 5 0 1 0 1 0 1 0 1 1 0 0 6 0 6 0 4 1 0 0 0 0 0 1 0
1 393 3 0 1 1 0 0 3 0 2 0 2 0 5 0 0 0 0 0 3 0 5 0 0 1 0 0 6 0 2 0 5 0 2 0 4 0 5 0 1 1 0 0 3 0 4 0 6 0 1 0 0 1 0 1 0 0 4 0 4 0 5 0 4 0 4 0 5 0 2 0 6 0 4 0 3 0 1 0 4 1 0 0 2 0 6 0 2 0 3 0 3 0 2 0 3 0 4 0 0 0 3 0 0 0 4 0 1 0 0 0 3 0 5 0 4 1 0 1 0 0 3 1 0 0 3 0 0 0 3 0 0 0 4 1 0 0 1 0 1 0 6 0 5 0 3 1 0 1 0 0 2 0 2 0 4 0 4 1 0 0 3 1 0 0 0 0 2 0 3 0 1 0 0 1 0 0 2 0 1 0 6 0 6 0 3 1 0 0 4 1 0 0 5 0 4 0 0 1 0 0 3 0 5 0 0 0 4 0 1 0 2 0 5 0 2 0 4 0 3 0 0 1 0 0 4 1 0 1 0 0 0 0 6 0 0 0 0 0 0 0 4 0 5 0 4 0 1 0 1 0 3 0 5 0 5 0 0 0 0 1 0 0 1 0 3 0 5 0 6 0 1 1 0 0 5 0 2 0 1 0 4 0 2 0 5 0 5 1 0 1 0 1 0 0 0 0 2 0 1 0 0 0 6 0 5 0 5 0 6 0 5 0 4 0 2 0 5 0 5 1 0 0 4 0 5 0 0 0 5 0 1 0 5 1 0 0 2 1 0 1 0 0 4 1 0 0 2 0 3 0 3 0 2 0 4 0 1 0 0 0 3 0 4 0 3 0 6 0 2 0 3 0 2 0 2 0 3 1 0 0 5 0 6 0 2 1 0 0 0 0 1 0 5
0 393 6 0 3 0 6 0 5 0 4 0 5 0 2 0 1 0 0 1 0 0 3 0 2 1 0 0 4 0 6 0 2 0 6 0 1 0 3 0 4 0 6 0 6 0 1 0 5 0 3 0 1 1 0 1 0 0 1 0 2 0 4 0 2 0 2 0 3 0 6 0 5 0 1 1 0 0 4 0 1 1 0 0 5 0 4 0 5 0 6 0 6 0 4 1 0 0 1 0 1 0 6 0 1 0 0 0 3 0 0 1 0 0 4 0 3 0 0 0 6 0 6 0 6 0 5 0 0 0 6 0 1 0 1 1 0 0 2 0 3 0 5 0 4 0 1 0 0 0 6 0 3 0 5 0 1 0 2 1 0 1 0 1 0 0 0 0 4 0 6 0 2 0 1 0 6 0 3 0 3 0 5 0 6 0 1 0 0 0 2 0 0 0 3 0 1 0 2 0 6 0 6 0 2 0 2 0 0 0 3 0 5 0 2 0 6 0 0 1 0 0 2 1 0 0 2 0 0 0 6 0 0 0 4 0 1 0 0 0 1 0 1 0 4 0 1 0 3 0 2 1 0 0 4 0 3 0 1 0 1 0 6 0 1 1 0 0 4 0 5 0 4 1 0 0 2 0 5 0 3 0 0 0 6 0 3 0 5 0 0 1 0 0 5 1 0 0 4 0 2 0 1 0 5 0 4 0 4 0 6 0 4 0 1 0 6 0 3 0 5 0 0 0 1 0 3 0 2 0 2 0 4 0 3 1 0 0 5 1 0 1 0 0 1 1 0 0 4 0 6 0 6 0 5 0 0 0 3 0 0 1 0 0 2 0 0 0 5 0 5 0 6 0 4 0 5 0 0 0 0 0 3 0 5 0 6 0 5 1 0 0 3 0 3
1 395 1 0 5 0 0 0 6 0 4 0 2 0 3 0 5 0 2 0 1 0 6 0 5 0 5 1 0 0 1 0 5 0 6 0 4 0 3 1 0 0 2 0 6 0 5 0 4 0 2 1 0 0 4 1 0 0 6 0 1 0 5 0 0 0 5 0 4 1 0 0 6 0 3 0 4 1 0 0 0 0 4 1 0 0 3 0 2 0 4 0 6 0 6 0 2 1 0 0 2 0 3 0 4 0 3 0 0 0 6 0 1 1 0 0 0 1 0 0 2 0 5 0 6 0 6 0 3 0 2 0 4 0 3 0 3 0 6 0 3 1 0 0 4 0 1 0 3 0 1 0 5 0 0 0 3 0 3 0 5 1 0 1 0 0 6 0 0 0 1 0 5 0 5 0 3 0 5 0 0 0 0 0 4 0 5 0 3 0 0 0 4 0 0 0 6 0 2 0 5 0 5 0 5 0 5 0 4 0 0 1 0 0 3 0 6 0 4 0 2 0 6 0 4 0 6 0 3 0 1 0 4 0 2 0 0 0 3 0 0 0 2 0 3 0 0 0 3 0 6 0 5 1 0 0 0 1 0 0 3 0 3 0 4 0 4 1 0 0 1 0 4 0 2 1 0 0 5 0 2 1 0 0 2 0 5 0 0 0 3 0 2 1 0 0 4 0 0 0 0 0 5 0 3 0 3 0 2 0 2 0 6 0 1 0 4 0 5 0 0 0 3 0 1 0 2 0 6 0 4 0 5 0 1 0 1 0 0 0 4 0 0 0 6 0 2 1 0 0 1 0 6 0 6 0 3 0 1 0 6 0 1 0 6 0 3 0 1 0 3 0 4 0 6 0 2 0 3 0 1 0 0 1 0 0 4 0 6 0 4 1 0 1 0 0 0
1 395 3 0 2 0 2 0 5 0 1 0 5 1 0 0 3 0 5 0 3 0 5 0 4 0 4 1 0 0 3 0 3 0 6 0 2 0 0 1 0 0 5 0 5 0 4 0 1 1 0 0 0 0 2 0 0 0 4 0 4 0 2 0 2 0 3 0 3 0 0 0 5 0 0 0 2 1 0 0 1 0 1 1 0 0 6 0 5 0 1 0 6 0 5 0 6 0 6 0 3 1 0 0 1 1 0 0 2 0 4 0 4 0 6 0 0 0 6 0 4 0 3 0 6 0 5 1 0 0 6 0 1 0 0 0 0 0 6 0 1 0 0 0 0 0 3 0 6 0 3 0 2 0 1 1 0 0 0 0 5 0 0 1 0 0 4 0 1 0 3 0 3 0 4 0 0 0 3 0 1 0 1 0 1 0 3 1 0 0 2 0 0 0 2 0 4 0 6 0 3 0 4 0 4 0 4 0 1 0 2 0 6 0 6 0 5 0 1 0 6 0 5 0 2 0 5 1 0 0 4 0 0 0 5 0 0 0 6 0 0 0 4 0 6 0 0 1 0 0 6 0 4 1 0 0 1 0 6 0 5 1 0 0 2 0 2 1 0 0 3 0 0 1 0 0 0 0 2 0 6 0 6 0 4 0 2 0 1 0 6 0 5 1 0 0 0 0 1 0 1 0 2 1 0 1 0 0 5 0 5 0 4 0 4 0 1 0 3 0 1 0 6 0 2 0 5 0 5 0 2 0 3 0 3 0 2 0 1 0 0 0 2 0 4 0 6 0 6 0 2 0 5 0 5 1 0 0 4 0 4 0 4 0 4 1 0 0 3 1 0 0 2 0 5 0 5 0 6 0 2 0 1 1 0 0 1 0 6 0 3 0 0 0 5 1 0
1 395 6 0 4 0 5 0 2 0 4 0 3 1 0 1 0 0 4 0 0 0 4 0 2 0 2 1 0 1 0 0 0 0 5 0 5 0 1 1 0 0 3 0 4 0 1 0 4 0 5 1 0 0 4 0 1 0 1 0 1 0 5 0 4 0 6 0 6 0 1 0 2 0 1 0 5 0 6 0 1 0 3 1 0 0 5 0 3 0 4 0 5 0 4 0 6 0 6 0 0 1 0 0 3 0 6 0 4 0 1 0 2 0 5 0 2 0 5 0 2 0 0 0 6 0 5 0 0 0 4 0 3 0 0 0 1 0 4 0 3 0 0 0 0 1 0 0 5 1 0 0 5 0 3 0 6 0 0 0 2 0 2 1 0 0 0 0 3 1 0 0 0 0 1 0 1 0 6 0 2 0 2 0 2 1 0 1 0 0 4 0 0 0 5 0 1 0 6 0 0 0 2 0 2 0 1 0 3 0 5 0 5 0 6 0 3 0 4 0 5 0 3 0 6 0 4 0 0 0 0 0 2 0 2 0 2 0 4 0 2 0 1 0 5 0 2 1 0 0 5 0 2 1 0 0 3 0 5 0 4 1 0 0 4 0 5 0 6 0 5 0 1 0 5 1 0 0 5 0 5 0 6 0 1 0 5 0 3 0 5 0 4 1 0 0 0 0 2 0 2 0 5 1 0 1 0 0 3 0 4 0 2 0 1 0 3 0 6 0 3 0 4 0 6 0 3 0 3 0 5 0 6 0 6 0 4 0 2 0 0 0 5 0 1 0 6 0 5 0 6 0 3 0 5 0 0 0 1 0 2 0 2 0 2 1 0 1 0 1 0 0 5 0 3 0 4 0 5 0 5 0 3 0 6 0 2 0 4 1 0 0 2 0 3 1 0
1 397 1 0 5 0 2 0 3 0 6 0 1 0 1 0 0 1 0 0 0 0 2 0 0 0 5 0 5 1 0 0 6 0 0 0 3 0 3 0 4 0 6 0 6 0 0 0 4 0 1 0 5 0 0 0 0 0 3 0 2 0 3 0 3 0 2 0 6 0 5 0 3 0 4 0 3 0 3 0 5 0 4 0 0 0 0 0 3 0 0 0 2 0 4 0 2 0 6 0 5 0 2 0 6 0 6 0 5 0 1 0 3 0 5 0 2 0 6 0 2 0 5 0 1 0 5 0 3 0 2 0 0 1 0 0 1 0 3 0 0 1 0 0 1 0 1 1 0 0 4 0 0 0 3 0 0 0 5 0 1 0 4 0 5 0 5 1 0 1 0 1 0 0 0 0 2 0 3 0 4 0 5 0 4 0 5 1 0 1 0 0 0 0 2 0 2 0 4 0 4 0 1 0 4 0 4 0 2 1 0 0 4 0 4 0 6 0 0 0 2 0 4 0 0 0 6 0 1 0 1 0 0 0 4 0 4 0 5 0 0 0 5 0 3 0 2 1 0 0 0 0 2 0 6 0 6 0 6 0 3 0 3 0 0 0 1 0 4 0 6 0 3 0 4 0 4 0 0 0 3 0 4 0 5 0 4 0 3 0 0 0 4 0 2 1 0 0 0 0 4 0 5 0 4 0 0 0 6 0 6 0 0 0 5 0 2 1 0 0 6 0 0 0 2 0 6 0 0 0 0 0 4 0 6 0 6 0 1 0 5 0 1 0 2 0 4 0 5 0 4 0 6 0 0 0 3 0 1 0 2 0 4 0 4 0 5 1 0 1 0 1 0 0 3 0 0 0 2 0 4 0 4 0 0 0 5 0 6 0 1 1 0 0 4 1 0 1 0
1 397 3 0 2 0 5 1 0 0 5 0 3 0 2 0 1 0 5 1 0 0 4 0 1 0 3 0 5 0 0 0 4 0 1 1 0 0 0 0 2 0 6 0 5 0 2 0 0 0 4 0 2 0 1 0 0 0 6 0 4 0 6 0 6 0 5 0 5 0 4 0 0 0 2 0 0 0 0 0 4 0 1 0 1 0 0 0 6 0 0 0 5 0 0 0 6 0 5 0 3 0 6 0 5 0 6 0 3 0 3 1 0 0 3 0 6 0 4 0 6 0 2 0 4 0 2 1 0 0 5 0 1 0 6 0 1 0 6 0 1 0 6 0 1 0 3 1 0 0 0 0 1 0 6 0 1 0 2 0 4 0 1 0 4 0 5 0 0 1 0 0 5 1 0 0 4 1 0 0 2 0 4 0 2 0 5 0 0 0 5 1 0 0 4 0 5 0 1 0 1 0 4 0 1 0 1 1 0 0 0 0 1 0 2 0 5 0 1 0 5 0 0 0 2 0 4 0 3 0 2 0 1 0 1 0 2 0 3 0 2 0 2 1 0 0 6 0 5 1 0 0 5 0 5 0 6 0 5 1 0 1 0 0 1 0 3 0 1 0 6 0 0 0 2 0 1 0 1 1 0 0 2 0 4 0 1 1 0 0 2 0 0 0 6 0 6 0 0 0 1 0 4 0 1 0 2 0 5 0 5 0 2 0 2 1 0 0 0 0 4 0 1 0 5 0 4 0 1 0 1 0 1 0 6 0 5 0 4 0 2 0 3 0 5 0 1 0 4 0 2 0 5 0 1 0 6 0 2 0 5 0 1 0 2 0 5 0 0 1 0 0 6 0 5 0 0 0 5 0 1 0 1 0 2 0 3 0 5 0 4 1 0 0 2 0 0 0 5
0 397 6 0 5 0 4 0 0 0 2 1 0 0 5 0 3 0 4 0 0 0 0 0 3 1 0 0 3 0 2 0 0 0 4 0 5 1 0 0 5 0 5 0 3 0 5 0 1 0 0 0 5 0 2 0 1 0 5 0 2 0 6 0 6 0 4 0 4 0 1 0 1 0 4 0 0 0 1 0 0 0 3 0 2 0 1 0 4 0 2 0 2 0 2 0 5 0 4 0 0 0 6 0 4 0 6 0 0 0 0 1 0 1 0 0 6 0 2 0 5 0 6 0 0 1 0 0 0 0 2 0 4 0 4 0 4 0 4 0 4 0 4 0 3 1 0 1 0 0 0 0 3 0 4 0 3 0 5 0 0 0 4 0 1 0 3 0 2 1 0 0 4 0 0 0 1 1 0 0 5 0 0 0 6 0 2 0 2 0 4 0 0 0 1 0 3 0 3 0 3 0 0 0 3 0 3 0 5 1 0 0 2 0 5 0 2 0 4 0 2 0 1 0 5 0 0 1 0 0 5 0 2 0 2 0 4 0 6 0 4 0 5 1 0 0 5 0 5 0 0 0 3 0 4 0 6 0 5 0 0 0 6 0 1 0 6 0 3 0 4 0 1 0 4 0 2 0 3 0 6 0 4 0 0 0 4 0 6 0 3 0 1 0 5 0 5 0 1 0 3 0 0 0 3 0 5 0 3 0 3 0 5 0 5 0 6 0 0 0 0 0 4 0 3 0 1 0 3 0 2 0 3 0 5 0 4 0 1 0 5 1 0 0 3 0 4 0 0 0 6 0 2 0 4 0 4 0 6 0 2 0 3 0 5 0 2 0 2 1 0 0 5 0 3 0 2 0 2 0 3 0 2 0 4 1 0 0 4 0 2 1 0 0 4 0 1 0 3
1 399 1 0 5 0 4 0 1 0 1 0 5 1 0 0 3 0 0 0 1 0 1 0 0 1 0 1 0 0 6 0 4 0 1 0 1 0 5 0 0 0 3 0 4 0 0 0 3 0 3 0 1 0 2 0 5 0 3 0 2 0 6 0 5 0 6 0 2 0 1 0 3 0 3 0 0 0 1 0 2 0 0 0 6 0 4 0 3 0 0 0 5 0 4 0 5 0 3 0 1 0 2 0 5 0 2 0 5 0 1 0 1 1 0 1 0 0 4 0 6 0 3 0 5 0 2 0 5 1 0 0 5 0 1 0 2 0 2 0 2 0 2 0 2 0 1 0 0 0 5 1 0 1 0 0 2 0 0 0 3 0 2 0 0 0 3 0 6 0 5 1 0 0 0 0 1 0 3 1 0 0 2 0 2 0 4 0 5 0 5 0 0 0 1 0 2 0 6 0 6 0 6 0 0 1 0 0 0 0 4 1 0 0 5 0 2 0 6 0 0 0 5 0 3 0 2 0 2 1 0 0 2 0 5 0 5 0 1 0 6 0 2 0 5 0 0 0 3 0 3 0 1 1 0 0 2 0 6 0 3 0 2 0 4 0 4 0 5 0 0 0 1 0 4 0 0 0 5 1 0 0 6 0 1 0 2 0 1 0 5 1 0 0 4 0 3 0 3 0 3 0 6 0 0 1 0 0 4 0 0 0 0 0 4 0 4 0 5 0 1 0 1 0 0 1 0 0 3 0 6 0 4 1 0 0 4 0 1 0 4 0 3 1 0 1 0 0 1 0 2 0 4 0 6 0 1 0 2 0 5 0 5 1 0 0 3 0 5 0 5 1 0 0 2 1 0 0 5 0 4 0 6 0 5 0 2 0 0 0 0 1 0 0 0 0 0 0 3 1 0
1 399 3 0 3 0 1 0 3 0 3 0 3 1 0 0 6 0 0 0 2 0 2 0 1 1 0 1 0 0 5 0 1 0 3 0 3 0 2 0 1 1 0 0 1 0 1 0 6 0 6 0 2 0 5 0 2 1 0 0 6 0 5 0 4 0 5 0 5 0 2 0 6 0 6 0 0 0 2 0 4 0 1 0 5 0 1 1 0 0 2 0 3 0 2 0 3 1 0 0 3 0 5 0 2 0 6 0 2 0 3 0 3 1 0 1 0 0 1 0 6 0 0 0 3 0 6 0 4 0 0 0 2 0 3 0 4 0 4 0 4 0 4 0 4 0 2 0 1 0 4 0 0 0 6 0 3 0 0 0 6 0 4 0 0 1 0 0 6 0 4 1 0 0 0 0 2 1 0 1 0 0 4 0 5 0 1 0 4 0 3 0 1 0 2 0 5 0 5 0 6 0 5 0 2 0 6 0 0 0 2 0 0 0 2 0 6 0 4 0 2 0 2 1 0 0 5 0 5 0 6 0 4 0 3 0 3 0 4 0 4 0 6 0 2 0 1 0 6 0 6 0 3 0 6 0 4 0 4 1 0 0 6 0 1 0 2 0 3 0 1 0 3 0 0 0 2 0 4 0 0 0 4 0 3 0 4 0 3 0 4 0 0 0 1 0 0 0 0 0 0 0 5 0 2 1 0 0 0 0 1 0 1 0 1 0 2 0 3 0 3 0 2 0 1 0 6 0 6 0 5 0 3 0 0 0 0 0 4 0 1 0 1 0 0 0 6 0 1 0 5 0 1 0 5 0 3 0 5 0 3 0 4 1 0 1 0 0 4 0 4 1 0 0 5 1 0 0 3 0 2 0 6 0 3 0 5 0 0 0 1 0 5 1 0 0 0 1 0 1 0
1 399 6 0 6 0 2 1 0 0 0 0 1 0 0 0 4 0 1 0 4 0 4 0 3 1 0 1 0 0 2 0 3 0 6 0 6 0 4 0 3 0 6 0 1 0 3 0 5 0 5 0 6 0 2 1 0 0 0 0 5 0 4 0 2 0 4 0 3 0 6 0 5 0 5 0 1 0 5 0 0 0 4 0 2 0 4 0 6 0 3 0 6 0 4 1 0 1 0 1 0 0 3 0 6 0 4 0 5 1 0 0 1 0 0 0 6 0 2 0 4 0 1 1 0 0 6 0 1 0 1 0 4 1 0 0 2 0 2 0 2 0 2 0 1 0 5 0 3 0 0 0 2 0 4 1 0 0 2 0 5 0 1 0 2 1 0 0 5 0 2 1 0 0 0 0 5 1 0 1 0 0 1 0 3 0 4 0 0 1 0 0 3 0 5 0 3 0 4 0 6 0 3 0 6 0 4 0 1 0 4 0 0 0 5 0 5 0 1 0 5 0 5 1 0 0 3 0 4 0 6 0 2 0 0 0 0 0 2 0 2 0 5 0 5 0 3 0 5 0 6 0 0 0 6 0 2 0 3 0 0 0 4 0 3 0 4 0 6 0 2 0 6 0 0 0 5 0 0 0 2 0 1 0 0 0 2 0 0 0 1 0 1 0 2 0 0 0 0 0 1 0 2 0 6 0 5 1 0 0 2 0 2 0 2 0 4 0 6 0 6 0 4 0 3 0 5 0 6 0 3 1 0 0 1 0 1 0 0 0 3 0 2 0 1 0 4 0 4 0 2 0 4 0 3 0 0 0 4 0 0 0 3 0 0 1 0 0 1 0 3 0 0 0 3 1 0 0 6 0 5 0 5 0 0 0 3 0 1 0 3 0 3 1 0 0 1 1 0 0 5
0 401 1 0 5 0 5 0 6 0 5 1 0 0 2 0 1 0 0 0 4 0 1 0 2 0 1 0 0 0 6 0 3 1 0 0 6 0 6 0 2 0 0 0 5 0 3 1 0 0 4 0 4 0 5 0 6 0 6 0 0 0 3 0 1 0 6 0 1 0 0 0 6 0 4 0 3 0 4 0 2 0 2 0 0 0 6 0 1 0 6 0 0 0 6 0 3 0 0 1 0 0 6 0 6 0 5 0 2 0 4 1 0 0 2 0 1 0 4 0 6 0 0 0 4 1 0 0 4 0 3 0 3 0 1 1 0 0 4 0 4 0 4 0 4 0 3 0 2 1 0 0 1 0 5 0 1 1 0 0 5 0 2 0 3 0 5 1 0 0 2 0 6 0 6 0 0 0 4 0 0 0 6 0 1 1 0 0 1 0 2 0 6 0 6 0 3 0 0 0 2 0 6 0 0 0 6 0 1 0 4 0 0 0 2 0 3 0 3 0 4 0 3 0 4 1 0 1 0 0 2 0 5 0 5 0 0 0 0 0 4 0 5 0 3 0 4 0 0 0 4 0 5 0 2 0 4 0 5 0 6 0 1 0 1 0 0 0 2 0 5 0 6 0 4 0 2 0 2 0 1 0 4 0 2 0 0 0 4 0 0 0 2 0 2 0 4 0 0 0 0 0 2 0 5 0 5 0 4 1 0 0 4 0 4 0 5 0 1 0 6 0 6 0 2 0 0 0 4 0 6 0 0 1 0 0 2 0 2 0 0 0 6 0 4 0 3 0 1 0 1 0 6 0 0 1 0 0 2 0 0 0 1 0 6 0 1 0 6 0 1 0 6 0 1 0 0 0 0 0 5 0 4 0 3 0 1 0 6 0 2 1 0 0 0 1 0 0 3 1 0 0 3
1 401 3 0 3 0 4 0 6 0 4 1 0 0 4 0 2 0 1 0 0 0 3 0 4 0 2 0 1 0 5 0 1 0 0 0 5 0 5 0 5 0 1 0 3 0 1 0 0 0 1 0 2 0 4 0 6 0 5 0 1 0 6 0 3 0 4 0 3 0 1 0 5 0 2 0 0 0 1 0 5 0 4 0 1 0 4 0 4 0 4 0 2 0 4 1 0 0 2 1 0 0 5 0 6 0 3 0 6 0 1 1 0 0 4 0 3 0 1 0 5 0 2 0 2 0 0 0 0 1 0 1 0 0 4 1 0 0 1 0 2 0 2 0 1 1 0 0 6 0 6 0 2 0 2 0 4 1 0 0 2 0 5 1 0 0 4 1 0 0 5 0 5 0 5 0 2 0 0 0 2 0 4 0 4 0 6 0 1 0 5 0 5 0 5 1 0 0 1 0 5 0 4 0 2 0 4 0 4 0 0 0 1 0 4 1 0 0 0 0 2 0 0 0 3 0 0 0 6 0 4 0 3 0 3 0 1 0 1 0 1 0 4 0 0 0 1 0 2 0 1 0 3 0 6 0 1 0 4 0 5 0 3 0 2 0 0 0 5 0 3 0 6 0 1 0 5 0 4 0 3 0 0 0 5 0 1 0 0 0 1 0 4 0 5 0 0 0 1 0 0 0 5 0 3 0 4 0 3 0 0 0 1 0 2 0 3 0 4 0 5 0 5 0 5 0 1 0 1 0 5 0 2 0 6 0 3 0 4 0 1 0 5 0 1 1 0 0 3 0 3 0 4 0 2 0 6 0 3 0 0 0 3 0 4 0 4 0 4 0 4 0 4 0 3 0 0 0 1 0 3 0 1 1 0 0 4 0 4 0 6 0 6 0 0 0 6 0 6 0 6 0 5
1 402 1 0 0 0 0 2 0 6 0 3 0 0 0 0 0 5 0 2 0 0 1 0 0 1 0 5 0 3 0 2 0 3 0 1 0 3 0 4 0 3 0 3 0 6 0 2 0 0 0 2 0 5 0 1 0 6 0 3 0 4 0 5 0 0 0 1 1 0 0 4 0 2 0 5 0 0 0 3 0 3 0 1 0 4 0 1 0 2 0 1 0 6 0 1 1 0 0 5 1 0 0 3 0 6 0 0 0 5 0 4 1 0 0 0 1 0 0 4 0 2 0 5 0 4 0 0 0 1 1 0 1 0 0 1 1 0 0 2 0 4 0 4 0 3 1 0 0 5 0 5 0 5 0 5 0 1 1 0 0 5 0 4 0 0 0 2 0 0 0 3 0 4 0 3 0 5 0 0 0 5 0 1 0 2 0 5 0 4 0 3 0 4 0 4 1 0 0 3 0 3 0 1 0 6 0 1 0 1 0 1 0 3 0 1 1 0 0 0 0 4 0 0 0 6 0 1 0 5 0 1 1 0 1 0 0 3 0 2 0 3 0 0 0 1 0 2 0 4 0 2 1 0 0 5 0 4 0 1 0 3 1 0 0 5 0 1 0 3 0 0 0 5 0 4 0 3 0 1 1 0 0 2 0 2 0 3 0 0 0 3 0 1 0 3 0 1 0 2 0 1 0 3 0 0 0 1 1 0 0 1 0 2 0 4 1 0 0 2 0 4 0 4 0 3 0 3 0 3 0 2 0 6 0 5 0 0 0 1 0 4 0 2 0 4 0 6 0 5 1 0 0 1 0 6 0 4 1 0 0 1 1 0 0 2 0 2 0 2 0 2 0 1 1 0 0 1 0 2 0 6 0 3 1 0 0 1 0 2 0 6 0 5 0 2 0 5 0 6 0 6 0 4
0 403 1 0 5 1 0 0 5 0 4 1 0 0 1 0 1 0 2 0 5 0 1 0 6 0 2 0 2 1 0 0 5 0 6 0 2 1 0 0 2 0 0 0 0 0 5 0 5 0 0 0 5 0 2 0 4 0 5 0 0 0 2 0 3 0 1 0 3 1 0 0 0 0 6 0 2 0 1 0 6 0 6 0 3 0 0 0 3 0 4 0 3 0 4 0 4 1 0 0 3 1 0 1 0 0 5 0 2 0 3 0 2 1 0 0 1 1 0 0 0 0 6 0 3 0 1 0 1 0 3 1 0 0 6 0 2 0 6 0 4 0 1 0 2 0 1 0 0 0 3 0 4 0 4 0 3 0 4 1 0 0 3 0 1 0 1 0 4 0 0 1 0 0 2 0 0 0 3 0 2 0 2 0 3 0 5 0 3 0 2 0 0 0 2 0 2 1 0 0 6 0 6 0 3 0 4 0 3 0 2 0 2 0 6 0 3 0 6 0 0 0 0 0 2 0 4 0 4 0 2 0 4 1 0 0 6 0 5 0 4 0 6 0 0 0 2 0 5 0 0 1 0 0 0 0 3 0 1 0 4 0 0 0 0 0 2 0 3 0 6 0 1 0 3 0 1 1 0 0 4 0 6 0 3 0 4 0 6 0 0 0 6 0 2 0 6 0 2 0 4 0 2 0 6 0 0 0 3 0 6 0 1 0 5 0 1 1 0 0 5 0 1 0 1 1 0 1 0 1 0 0 6 0 5 0 3 0 1 0 3 0 0 0 6 0 1 0 6 0 4 1 0 0 3 0 5 0 2 1 0 0 3 0 6 0 3 0 4 0 4 0 4 0 3 0 6 0 1 0 5 0 5 0 0 1 0 0 2 0 5 0 5 0 3 0 6 0 3 0 6 0 6 0 2
1 403 3 0 4 0 0 0 3 0 2 1 0 0 2 0 2 0 5 0 2 0 4 0 4 0 5 0 5 1 0 0 3 0 5 0 6 0 6 0 3 0 0 0 1 0 3 0 3 0 2 0 2 0 6 0 1 0 3 0 1 0 4 0 6 0 2 1 0 1 0 0 1 0 4 0 5 0 3 0 5 0 5 1 0 0 1 1 0 0 2 0 0 0 2 0 3 0 0 0 0 0 0 1 0 0 2 0 5 0 6 0 5 0 6 0 2 0 6 0 0 0 4 1 0 0 3 0 3 0 0 0 0 0 4 0 6 0 5 0 1 0 3 0 4 0 2 0 0 1 0 0 2 0 2 0 0 0 2 1 0 0 6 0 2 0 3 0 0 0 2 0 6 0 3 0 0 0 6 0 4 0 4 1 0 0 3 1 0 0 5 0 0 0 4 0 5 1 0 0 5 0 6 0 0 0 1 1 0 0 5 0 5 0 5 0 0 0 5 0 1 0 0 0 5 0 1 0 1 0 6 0 2 0 0 0 5 0 4 0 2 0 5 0 1 0 5 0 2 0 2 0 5 1 0 0 6 0 3 0 0 0 1 0 0 0 4 1 0 0 5 0 3 0 6 0 3 1 0 0 1 0 6 0 0 0 2 0 5 0 2 0 4 0 6 0 4 0 6 0 0 0 6 0 4 0 1 1 0 0 5 0 4 0 2 0 4 1 0 0 2 0 3 0 3 1 0 1 0 1 0 0 5 0 3 1 0 0 3 0 6 0 1 0 4 0 4 0 5 0 2 1 0 1 0 0 3 0 6 0 6 0 6 0 5 0 0 0 2 0 2 0 2 0 0 0 5 0 4 0 3 0 3 0 2 0 6 0 4 0 3 0 4 0 0 0 6 0 0 0 6 0 5 0 5
1 404 1 0 0 1 0 1 0 6 0 5 0 6 0 3 0 5 0 2 0 6 0 1 0 2 0 4 0 4 1 0 1 0 0 4 0 6 0 5 1 0 0 1 0 2 0 6 0 6 0 4 0 5 0 4 0 3 0 6 0 3 0 1 0 5 1 0 0 0 0 6 0 2 0 1 0 4 0 0 0 4 0 4 1 0 0 3 0 6 0 3 0 0 0 4 0 6 0 0 0 0 0 1 0 6 0 4 0 3 0 6 0 4 0 5 0 6 0 4 0 2 0 1 1 0 0 6 0 6 0 0 0 1 0 1 0 6 0 3 0 3 1 0 0 1 0 5 0 1 0 6 0 3 0 4 0 0 0 5 1 0 0 4 0 5 0 6 0 0 0 5 0 4 1 0 0 2 0 5 0 2 0 3 0 0 0 0 0 0 0 2 0 2 0 1 0 5 0 0 0 3 0 5 0 1 0 3 1 0 0 3 0 4 0 3 0 2 0 2 0 3 0 1 0 2 0 3 0 3 0 4 0 5 0 1 0 3 0 1 0 6 0 2 0 4 0 2 0 5 0 5 0 4 0 0 0 4 1 0 0 1 0 2 0 1 0 2 0 0 0 3 0 0 0 6 0 0 1 0 0 3 0 4 0 1 0 5 0 2 0 6 0 1 0 6 0 2 0 5 0 2 0 5 0 1 0 4 1 0 0 3 0 1 0 6 0 1 1 0 0 4 1 0 0 1 0 0 1 0 1 0 0 3 0 0 1 0 1 0 0 5 0 4 0 1 0 2 0 3 1 0 0 0 0 6 0 6 0 5 0 6 0 6 0 3 0 1 0 4 0 4 0 4 0 1 0 3 0 1 1 0 1 0 0 6 0 5 0 2 0 0 0 1 0 2 0 4 0 2 0 5 0 4 0 4
0 405 1 0 6 0 1 0 3 0 5 0 4 0 6 0 0 0 3 0 6 0 4 0 3 0 5 0 1 0 3 0 0 1 0 0 1 0 6 0 4 1 0 0 2 0 5 0 5 0 6 0 2 0 4 0 2 0 0 0 5 1 0 0 4 0 3 1 0 0 1 0 4 0 5 0 3 0 0 0 2 0 1 0 2 1 0 1 0 0 5 1 0 0 2 0 1 0 5 0 1 0 0 0 3 0 5 0 2 0 0 0 6 0 2 0 4 0 6 0 1 0 5 0 3 1 0 0 5 0 5 0 1 0 2 0 3 0 5 0 0 0 0 1 0 0 3 0 2 0 4 0 5 0 0 0 1 0 2 0 4 0 0 0 1 0 4 0 5 0 2 0 3 0 2 1 0 0 5 0 2 0 5 0 6 0 0 0 0 0 0 0 4 0 4 0 3 0 2 0 1 1 0 0 3 0 3 1 0 1 0 1 0 0 1 1 0 0 5 0 4 0 6 0 2 0 4 1 0 0 0 0 2 0 3 0 3 0 6 0 3 0 4 0 6 0 0 0 6 0 3 0 4 0 1 0 2 0 1 1 0 0 2 0 4 0 2 0 4 0 0 0 6 0 1 0 4 0 2 0 6 0 6 0 0 0 4 0 2 0 6 0 4 0 4 0 4 0 6 0 2 0 6 0 2 0 4 0 1 1 0 0 6 0 3 0 4 0 4 1 0 0 1 1 0 0 2 0 1 1 0 0 6 0 5 0 1 1 0 1 0 0 3 0 1 0 3 0 4 1 0 1 0 0 1 0 5 0 6 0 4 0 6 0 5 1 0 0 4 0 1 0 2 0 1 0 3 0 6 0 3 1 0 1 0 0 5 0 3 0 5 0 0 0 2 0 5 0 0 0 6 0 3 0 2 0 2
1 405 3 0 4 0 3 1 0 0 4 0 2 0 5 0 1 1 0 0 6 0 2 0 0 0 3 0 3 0 6 0 1 0 6 0 2 0 5 0 2 1 0 0 5 0 3 0 4 0 5 0 6 0 0 0 5 0 1 0 4 0 0 0 1 0 0 1 0 0 3 0 1 0 3 1 0 0 1 0 4 0 2 0 5 1 0 1 0 0 3 1 0 0 4 0 3 0 2 0 3 0 0 1 0 0 3 0 5 0 1 0 4 0 6 0 1 0 5 0 4 0 3 0 1 0 0 0 3 0 3 0 3 0 4 1 0 0 3 0 1 0 1 0 6 0 5 0 5 0 1 0 3 0 1 0 2 0 5 0 0 0 1 0 3 0 1 0 3 0 5 0 6 0 5 1 0 0 2 0 6 0 3 0 5 0 1 0 0 0 1 0 1 0 1 1 0 0 5 0 3 0 6 0 6 0 0 0 0 1 0 0 6 0 2 1 0 0 3 0 2 0 5 0 6 0 1 1 0 0 0 0 4 1 0 0 0 0 6 0 0 0 2 0 5 0 2 0 5 0 0 0 1 0 3 0 4 0 3 0 6 0 4 0 0 0 6 0 0 0 2 0 4 0 4 0 0 0 6 0 5 0 5 0 2 0 0 0 6 0 5 0 2 0 2 0 2 0 5 0 6 0 4 0 6 0 0 0 4 1 0 0 5 0 0 0 2 0 2 1 0 0 3 0 6 0 3 0 3 1 0 0 5 0 3 0 4 1 0 0 6 0 5 0 2 1 0 0 3 0 0 0 6 0 2 0 3 0 6 0 2 0 6 0 5 0 0 0 0 0 3 0 4 0 2 1 0 0 6 0 1 0 0 1 0 0 3 0 0 0 3 0 1 0 5 0 2 0 2 0 4 1 0 0 5 0 4
0 406 1 0 0 2 0 1 0 0 0 0 0 6 0 2 0 4 1 0 0 4 0 5 0 0 1 0 0 0 0 5 0 4 0 4 0 6 0 2 1 0 0 0 0 3 0 0 0 2 0 4 0 5 0 2 0 2 0 4 0 0 0 1 0 2 0 1 0 6 0 5 0 2 1 0 1 0 0 3 0 0 0 6 0 4 0 0 1 0 0 0 0 0 0 0 1 0 0 5 0 6 0 1 0 6 0 6 0 2 0 4 0 1 0 5 0 4 0 3 0 1 1 0 0 3 0 0 1 0 0 0 0 0 0 2 1 0 0 6 0 2 0 3 0 5 0 4 0 3 0 3 0 6 0 2 0 5 0 2 0 1 0 2 0 6 0 2 1 0 0 4 0 6 0 4 1 0 0 5 0 5 0 0 0 3 0 3 0 0 0 2 0 2 0 3 1 0 0 3 0 0 0 6 0 5 0 1 0 1 1 0 0 4 0 6 0 6 0 5 0 5 0 3 0 5 0 4 0 6 0 0 0 1 1 0 0 1 0 4 0 1 0 5 0 2 0 6 0 2 0 1 0 2 1 0 0 2 0 0 0 6 0 1 0 2 0 4 0 1 0 5 0 1 0 1 0 2 0 5 0 4 0 3 0 5 0 1 0 5 0 3 0 5 0 4 0 5 0 3 0 6 0 2 0 5 0 2 0 2 0 0 0 2 0 1 0 4 0 5 0 6 0 6 0 5 0 0 0 1 0 0 0 3 0 0 0 3 0 0 0 5 0 3 0 6 0 6 0 5 0 1 0 4 0 5 1 0 0 5 0 6 0 5 0 3 0 1 0 0 1 0 0 1 1 0 0 0 0 4 0 3 0 1 0 6 0 5 0 0 0 6 0 3 0 2 0 5 0 5 0 2 0 0 0 3 0 2
1 407 1 0 6 0 3 0 2 0 0 0 1 0 4 0 6 0 2 0 0 0 1 0 3 0 2 0 6 0 0 0 3 0 2 0 2 0 5 0 6 0 5 1 0 0 6 0 0 0 5 0 1 0 3 0 5 0 5 0 0 0 1 0 2 0 4 0 3 0 5 0 3 1 0 0 0 0 6 0 5 0 1 0 5 0 1 0 2 0 5 1 0 0 0 0 1 1 0 0 3 0 5 0 4 0 5 0 5 0 6 0 0 0 4 0 3 0 1 1 0 0 4 0 6 0 5 0 1 0 5 1 0 0 0 0 5 1 0 0 4 0 5 1 0 0 4 0 2 0 0 0 0 0 5 0 6 0 2 0 5 0 2 0 5 0 4 1 0 0 0 0 1 0 6 0 3 0 0 0 3 0 3 0 1 0 6 0 6 0 0 0 4 0 4 1 0 1 0 0 6 0 1 0 5 0 3 0 3 0 3 1 0 0 1 0 6 0 6 0 4 0 4 0 0 0 4 0 2 0 5 0 1 0 3 0 6 0 2 0 0 0 4 0 2 0 6 0 4 0 5 0 2 0 5 0 6 0 3 0 1 0 4 0 3 0 5 0 0 0 4 0 2 0 3 0 2 0 5 0 3 0 2 0 0 0 3 0 4 0 3 0 0 0 4 0 2 0 4 0 0 0 5 0 6 0 2 0 5 0 4 0 0 0 4 0 3 0 1 0 4 0 6 0 6 0 3 0 1 0 2 0 0 0 6 0 0 0 6 0 1 0 3 0 0 0 6 0 6 0 3 0 4 0 1 0 5 0 0 0 3 0 6 0 3 1 0 0 3 0 1 0 6 0 2 0 6 0 0 0 0 1 0 0 4 0 5 0 3 0 2 0 4 1 0 0 6 0 3 0 3 0 5 0 0 0 6 0 4
0 407 3 0 4 1 0 0 5 0 0 0 3 0 1 0 5 0 5 0 0 0 2 0 6 0 5 0 4 0 1 0 6 0 4 0 5 0 3 0 6 0 5 0 0 0 4 0 2 0 2 0 3 1 0 0 4 0 3 0 1 0 2 0 5 0 1 0 0 0 4 0 0 1 0 0 1 0 5 0 3 0 4 0 2 0 3 0 5 0 3 1 0 0 0 0 3 0 6 0 6 0 3 0 2 0 4 0 4 0 5 0 2 0 0 1 0 0 4 1 0 0 1 0 6 0 3 0 4 0 3 1 0 0 1 0 4 0 0 0 1 0 5 0 0 0 0 0 5 0 0 0 1 0 3 0 5 0 6 0 2 0 6 0 3 0 2 1 0 0 0 0 3 0 4 1 0 0 1 0 6 0 6 0 3 0 5 0 5 0 2 0 1 0 3 0 0 1 0 0 4 0 4 0 3 0 0 0 0 0 0 1 0 0 3 0 5 0 6 0 2 0 1 0 2 0 0 0 6 0 2 0 3 1 0 0 5 0 5 0 1 0 0 0 6 0 5 0 2 0 3 0 6 0 3 0 5 1 0 0 4 0 1 0 0 0 3 0 2 0 0 0 5 0 6 0 5 0 2 1 0 0 5 0 0 1 0 0 1 1 0 0 2 0 0 0 6 0 0 0 2 0 3 0 5 0 6 0 3 0 1 0 2 0 0 1 0 0 4 0 1 0 6 0 5 1 0 0 3 0 4 0 1 0 4 0 2 0 4 0 3 0 6 0 1 0 5 0 6 0 0 0 1 0 4 0 2 0 1 1 0 0 6 0 0 1 0 0 6 0 3 0 4 0 6 0 4 0 1 0 1 1 0 0 1 0 3 1 0 0 6 0 2 0 0 0 5 0 0 0 0 0 3 0 2 0 5 0 2
1 408 1 0 0 3 0 0 0 2 0 1 0 6 0 3 0 3 0 3 0 1 0 5 0 5 0 4 0 1 0 4 0 5 0 2 0 4 0 0 0 6 0 3 0 2 0 0 0 5 0 5 0 0 0 0 0 0 1 0 0 3 0 5 0 2 0 3 0 1 0 0 0 2 0 6 0 2 0 3 0 0 0 1 0 5 1 0 0 4 0 0 1 0 0 0 1 0 0 6 0 5 1 0 0 6 0 1 0 2 0 3 0 5 0 1 1 0 0 1 1 0 0 3 0 5 0 0 0 2 0 0 1 0 0 3 0 0 0 1 0 3 0 2 0 1 0 1 0 2 0 1 0 2 1 0 0 4 0 5 0 6 0 4 1 0 0 6 0 5 1 0 1 0 0 2 1 0 0 3 0 5 0 6 0 0 0 4 0 3 0 5 0 2 0 6 0 1 1 0 0 1 0 1 1 0 0 1 0 0 0 1 0 6 0 6 0 3 0 5 0 5 0 2 0 4 0 1 0 4 0 6 0 0 0 0 0 3 0 3 0 3 0 1 0 5 0 3 0 5 1 0 0 6 0 0 0 5 0 0 0 0 0 3 0 0 0 6 0 4 0 1 0 3 0 6 0 3 1 0 0 0 0 2 0 2 0 6 0 2 0 6 0 3 0 1 0 4 0 1 0 4 1 0 0 4 0 5 1 0 0 3 0 4 0 1 1 0 0 0 0 4 0 5 0 4 1 0 1 0 0 1 0 4 0 0 0 6 0 1 0 0 0 5 0 4 0 3 0 5 0 1 0 3 0 0 0 5 0 3 1 0 0 4 0 2 1 0 0 5 0 0 0 2 0 6 0 1 0 3 0 3 0 6 0 2 0 0 0 0 0 4 0 5 0 1 0 2 0 1 0 0 0 6 0 5 0 2 0 5
1 409 1 0 6 0 5 0 0 0 4 0 3 0 4 1 0 1 0 1 0 0 4 0 3 0 4 0 1 0 4 0 1 0 3 0 6 0 0 0 2 0 4 1 0 0 5 0 1 0 3 0 3 0 1 0 0 0 1 0 6 0 6 0 2 0 5 0 6 0 2 0 0 0 5 0 4 0 5 0 6 0 0 0 3 0 4 0 0 0 0 0 2 0 6 0 0 1 0 0 5 0 5 0 0 0 4 0 3 0 4 1 0 0 3 0 4 0 6 0 2 0 6 0 6 0 2 0 1 0 4 0 1 0 6 0 5 0 0 0 2 0 6 0 4 0 2 0 2 0 4 0 2 0 5 1 0 0 1 0 4 0 6 0 3 0 0 0 5 0 5 0 0 0 6 0 4 0 6 0 6 0 3 0 5 0 2 0 1 0 0 0 3 0 6 0 4 0 4 0 6 0 1 0 3 0 6 0 1 0 0 0 3 0 5 0 6 0 0 0 4 0 3 0 6 0 0 0 4 0 1 0 5 0 1 0 0 0 6 0 6 0 6 0 3 0 3 0 0 0 5 0 0 0 4 0 2 0 2 0 1 0 0 0 6 0 1 0 5 0 1 0 3 1 0 0 6 0 0 1 0 0 0 0 4 0 5 0 4 0 6 0 4 1 0 0 4 0 0 0 4 0 2 0 0 0 1 0 4 1 0 1 0 0 1 0 4 0 6 0 0 0 1 0 4 0 3 0 0 0 6 0 2 0 0 0 2 0 4 0 3 0 1 0 3 0 2 0 0 0 3 0 3 0 6 0 1 0 3 0 1 0 0 0 0 1 0 0 0 0 2 0 1 0 5 0 4 0 3 1 0 0 0 0 5 0 5 0 0 0 1 0 1 0 3 0 3 0 4 0 2 0 1 0 5 0 3 0 6 0 3
0 409 3 0 5 0 3 0 2 0 1 0 0 0 3 0 0 1 0 1 0 0 1 0 0 0 1 0 4 0 0 0 3 1 0 0 5 0 1 0 5 0 2 0 0 0 2 0 3 0 6 0 6 0 2 0 0 0 3 0 5 0 5 0 6 0 3 0 5 0 5 0 1 0 3 0 2 0 4 0 5 0 1 1 0 0 1 0 1 0 0 0 5 0 4 0 2 1 0 0 3 0 3 0 2 0 1 0 0 0 2 1 0 1 0 0 2 0 5 0 6 0 5 0 5 0 5 0 3 0 0 0 4 0 5 0 3 0 1 0 5 0 5 0 1 0 5 0 5 0 0 0 6 0 3 1 0 0 3 0 1 0 5 1 0 0 2 0 3 0 3 0 2 0 5 0 2 0 6 0 6 0 0 0 3 0 5 0 2 0 0 1 0 0 6 0 2 0 2 0 5 0 3 1 0 0 5 0 3 0 0 1 0 0 4 0 5 0 2 0 1 0 0 0 5 0 2 0 0 0 4 0 2 0 3 0 1 0 5 0 6 0 5 1 0 1 0 0 2 0 2 0 2 0 0 0 5 0 4 0 2 0 1 0 4 0 4 0 2 0 4 0 0 0 0 0 4 0 2 0 6 0 0 0 1 0 4 0 2 0 6 0 3 0 0 0 0 0 2 0 0 0 5 0 0 0 3 0 2 0 0 0 6 0 2 0 1 0 5 0 1 0 3 0 0 1 0 0 2 0 4 0 5 0 0 0 5 0 0 1 0 0 3 0 6 0 4 0 0 1 0 0 0 0 5 0 3 0 6 0 2 0 0 0 1 0 5 1 0 0 4 0 3 0 3 0 2 0 0 1 0 0 1 0 3 0 3 0 1 0 2 0 2 1 0 0 0 0 1 0 5 0 3 0 3 0 0 0 6 0 0
0 410 1 0 0 3 1 0 0 5 0 2 0 0 0 6 0 1 1 0 0 6 0 1 0 0 0 3 0 0 0 2 0 0 0 0 0 2 0 4 0 2 0 5 0 0 0 4 1 0 0 6 0 5 0 5 0 0 1 0 0 4 0 4 0 6 0 0 0 4 0 3 0 3 0 6 0 5 0 1 0 3 0 4 0 6 0 1 0 2 0 1 0 3 0 1 0 6 0 6 0 5 0 6 0 4 0 2 0 0 0 5 1 0 0 6 0 4 0 3 0 6 0 4 0 4 0 3 1 0 0 2 0 1 0 3 1 0 0 4 0 3 0 3 0 4 0 3 0 3 0 2 0 5 0 0 1 0 0 6 0 3 0 3 1 0 0 4 0 6 0 6 0 5 0 2 0 6 0 5 0 5 0 1 1 0 0 3 0 5 0 1 1 0 0 4 0 5 0 5 0 3 0 1 0 0 0 2 1 0 0 2 1 0 0 1 0 3 0 5 0 2 0 1 0 2 0 5 0 1 0 0 0 5 0 6 0 3 0 3 0 6 0 5 0 0 0 6 0 3 0 4 0 4 0 1 0 3 0 1 0 5 0 3 0 1 0 1 0 6 0 0 0 1 0 1 0 0 0 6 0 4 0 1 0 3 0 0 0 6 0 4 1 0 0 1 0 0 0 4 0 1 0 2 0 1 0 6 0 4 0 1 0 4 0 5 0 3 0 2 0 3 0 6 0 1 0 6 0 4 0 1 0 3 0 2 0 2 0 2 0 6 0 6 0 5 0 1 0 2 0 6 0 0 0 3 0 0 0 5 0 5 0 0 0 3 0 4 0 0 0 0 1 0 1 0 0 5 0 1 0 6 0 1 0 6 0 6 0 2 0 4 0 5 0 5 1 0 0 3 0 2 1 0 1 0 0 2 0 4 0 1
0 411 1 1 0 0 0 0 0 0 2 0 5 0 1 0 4 0 4 1 0 0 4 0 3 0 0 0 6 0 0 0 4 0 0 0 0 0 5 0 0 0 6 0 2 0 2 0 2 0 0 0 5 0 4 0 3 0 2 1 0 0 1 0 2 0 5 0 2 0 1 0 0 0 0 0 6 0 3 0 3 1 0 0 2 0 5 0 3 0 4 0 2 0 6 0 3 0 5 0 6 0 4 0 6 0 1 0 5 0 1 0 4 0 0 0 5 0 2 0 0 0 6 0 2 0 2 0 0 1 0 0 4 0 3 0 0 0 0 0 1 0 0 0 0 0 1 1 0 1 0 0 6 0 2 0 2 1 0 0 5 0 0 0 1 0 0 0 1 0 6 0 6 0 3 0 6 0 5 0 4 0 3 0 4 0 6 0 6 0 2 0 4 1 0 0 1 0 4 0 3 1 0 0 3 0 0 0 5 0 6 0 4 0 6 0 1 1 0 0 3 0 5 0 2 0 5 0 2 0 3 0 1 0 3 0 6 0 0 0 0 0 6 0 3 0 2 0 5 0 0 0 2 0 1 0 3 0 6 0 3 0 2 1 0 0 3 0 3 0 4 0 1 0 2 0 2 0 1 0 5 0 1 0 3 0 6 0 1 0 5 0 2 1 0 0 2 0 1 0 0 0 3 0 4 0 3 0 5 0 1 0 4 0 1 0 3 1 0 0 5 1 0 0 5 0 4 0 5 0 1 0 3 0 6 0 4 0 4 0 5 0 5 0 6 0 3 0 3 0 5 0 4 0 1 0 6 0 1 0 3 0 3 0 1 1 0 0 1 0 1 0 1 1 0 1 0 0 2 0 4 0 4 0 4 0 5 0 5 0 6 0 1 0 4 0 4 1 0 0 6 0 5 1 0 0 6 0 4 0 0 0 3
1 411 3 0 5 1 0 0 0 0 5 0 2 0 4 0 1 0 3 0 0 0 0 1 0 0 2 0 4 0 2 0 0 0 1 0 1 0 2 0 2 0 4 0 5 0 4 0 4 0 1 0 3 0 1 1 0 0 6 0 6 0 1 0 5 0 2 0 5 0 2 0 0 0 1 0 5 0 0 0 0 1 0 0 5 0 3 0 0 0 1 0 6 0 5 0 0 0 4 0 6 0 2 0 5 0 4 0 2 0 4 0 0 0 2 0 2 0 5 0 1 0 4 0 5 0 4 0 1 1 0 0 0 1 0 0 1 0 0 0 2 0 0 0 0 0 3 1 0 1 0 0 4 0 5 0 5 1 0 0 2 0 1 0 2 0 0 0 3 0 5 0 6 0 0 0 6 0 4 0 2 0 0 0 2 0 6 0 5 0 6 0 1 1 0 0 3 0 1 0 0 1 0 0 6 0 1 0 3 0 6 0 2 0 5 0 4 0 6 0 6 0 2 0 6 0 2 0 5 0 6 0 2 1 0 0 5 0 1 0 1 0 4 1 0 0 6 0 2 0 1 0 4 0 2 1 0 0 5 1 0 0 6 0 6 0 5 1 0 0 1 0 3 0 4 0 4 0 3 0 2 0 3 1 0 0 5 0 4 0 2 0 6 0 6 0 3 0 2 0 0 1 0 0 2 0 0 0 3 0 4 0 0 0 4 0 0 0 0 0 4 0 0 0 3 0 2 0 3 0 3 1 0 0 6 0 2 0 2 0 4 0 4 0 6 0 0 0 0 0 4 0 1 0 4 0 4 0 3 0 6 0 6 0 3 0 6 0 1 0 2 0 3 1 0 0 6 0 4 0 1 0 2 0 2 0 4 0 4 0 5 0 4 0 1 0 3 0 0 0 5 0 5 0 0 0 5 0 1 0 1 1 0
1 412 1 0 0 4 1 0 0 1 0 2 0 6 0 0 0 3 0 6 0 0 0 1 0 6 0 4 0 0 0 5 0 0 0 2 0 2 0 4 0 5 0 1 0 4 0 2 0 1 0 3 0 6 0 3 1 0 0 5 0 5 0 4 0 2 0 6 0 2 0 5 0 0 0 3 0 2 0 1 0 1 1 0 0 2 1 0 0 1 0 3 0 5 0 3 0 2 0 1 0 5 0 6 0 3 0 1 0 6 0 0 0 1 0 4 0 5 0 2 0 4 0 1 0 4 0 1 0 4 0 6 0 0 0 6 0 1 0 0 0 4 0 0 0 1 0 0 0 0 1 0 0 1 0 4 0 4 1 0 0 4 0 2 0 4 0 0 1 0 0 4 0 5 0 2 0 5 0 1 0 5 0 0 0 5 0 5 0 4 0 5 0 4 0 6 0 5 0 2 0 1 1 0 0 4 0 3 1 0 0 5 0 6 0 3 0 2 0 6 0 5 0 6 0 4 0 6 0 3 0 5 1 0 0 0 0 2 0 3 0 3 0 2 0 0 0 4 0 5 0 3 0 0 1 0 0 0 0 4 0 0 0 5 0 6 0 4 1 0 0 2 1 0 0 2 0 1 1 0 0 6 0 0 0 0 0 3 0 1 0 6 0 5 0 5 1 0 0 5 0 1 0 6 0 3 0 0 1 0 0 1 0 2 0 0 0 1 0 1 0 0 0 1 0 6 0 4 1 0 0 1 0 0 0 4 0 5 0 5 0 1 0 2 0 5 0 1 0 1 0 0 0 4 0 1 0 2 0 0 0 6 0 6 0 0 0 5 0 3 0 5 0 0 0 0 0 5 0 1 0 3 0 4 0 5 0 1 0 2 0 4 0 1 0 3 0 6 0 1 0 3 0 3 0 2 0 2 0 3 0 3 0 5
1 413 1 1 0 0 1 1 0 0 2 0 5 0 4 0 1 1 0 0 5 0 1 0 3 0 5 0 1 0 2 0 2 0 1 0 4 0 5 0 1 0 3 0 4 0 0 0 5 0 2 1 0 0 6 0 1 0 0 0 3 0 4 0 1 0 6 0 4 0 6 0 2 0 1 0 6 0 4 0 2 0 3 0 6 0 4 0 6 0 1 1 0 0 3 1 0 0 5 0 3 0 3 0 5 1 0 0 4 0 4 0 1 0 3 0 1 0 3 0 6 0 0 0 4 0 0 0 4 0 1 0 5 0 2 0 4 0 3 0 1 0 0 0 1 0 2 0 0 0 1 0 6 0 2 0 1 0 3 0 0 0 0 0 6 0 0 0 2 1 0 0 1 0 3 0 6 0 2 0 4 0 2 0 2 0 3 0 4 0 2 0 4 0 2 0 6 0 3 0 5 0 3 1 0 0 1 0 1 0 0 0 3 0 5 1 0 0 6 0 5 0 4 0 6 0 2 0 6 0 0 0 4 1 0 0 0 0 4 0 6 0 6 0 4 0 1 0 1 0 3 1 0 0 2 0 6 0 0 0 0 0 2 0 3 0 6 0 2 1 0 0 5 0 6 0 3 0 3 1 0 0 4 0 1 0 0 0 6 0 3 0 5 0 4 0 5 0 0 0 2 0 4 0 4 1 0 0 2 0 6 0 1 0 4 0 0 0 2 0 2 0 0 0 3 0 5 0 2 1 0 0 2 0 1 0 1 0 4 0 3 0 3 0 5 0 2 0 3 0 2 0 1 0 0 0 3 0 4 0 1 0 5 0 5 0 2 0 3 0 0 0 3 0 1 0 1 0 2 0 3 1 0 0 2 0 3 0 3 0 5 0 0 0 3 1 0 0 5 0 3 0 6 0 6 0 4 0 4 1 0 0 0 0 4
0 413 3 0 6 0 2 0 6 0 4 0 3 0 1 0 4 1 0 0 2 0 3 1 0 0 3 0 3 0 4 0 4 0 3 0 1 0 3 0 3 1 0 0 1 0 2 0 2 1 0 0 0 0 4 0 3 0 0 1 0 0 1 0 4 0 5 0 2 0 5 0 5 0 3 0 5 0 1 0 5 1 0 0 6 0 2 0 5 0 4 1 0 0 0 0 0 0 3 0 0 0 0 0 5 0 0 0 1 0 1 0 3 0 6 0 2 1 0 0 5 0 2 0 0 0 2 0 0 0 4 0 2 0 6 0 0 1 0 0 3 0 0 0 2 0 4 0 0 0 3 0 4 0 5 0 2 0 6 0 0 0 1 0 4 0 1 0 5 0 6 0 1 1 0 0 5 0 6 0 0 0 5 0 4 1 0 0 1 0 6 0 0 0 6 0 5 0 0 0 4 0 0 1 0 0 2 0 2 0 0 1 0 0 5 0 0 0 5 0 4 0 2 0 5 0 6 0 4 0 2 0 1 1 0 0 1 0 1 0 6 0 6 0 1 0 3 0 2 1 0 1 0 0 5 0 4 0 1 0 0 0 4 1 0 0 5 1 0 0 0 0 3 0 6 0 0 0 1 0 0 0 0 0 3 0 1 0 5 0 0 0 4 0 2 0 3 0 1 0 5 0 1 0 2 1 0 0 5 0 4 0 4 0 0 0 1 0 4 0 4 0 0 1 0 0 3 0 6 0 6 0 3 0 2 0 3 0 1 0 0 0 0 0 3 0 5 0 6 0 4 0 2 0 0 1 0 0 1 0 4 0 3 0 3 0 5 0 6 0 0 0 6 0 2 0 2 0 4 1 0 1 0 0 4 1 0 0 0 0 3 0 2 0 0 0 0 0 3 0 0 0 6 0 6 0 2 0 2 1 0 0 1 0 1
0 414 1 0 0 5 0 6 0 5 0 1 1 0 0 4 0 1 1 0 0 4 1 0 1 0 1 0 0 0 0 2 0 1 1 0 0 3 1 0 0 0 1 0 0 2 0 4 0 5 0 6 0 0 0 0 1 0 0 2 0 6 0 2 0 1 0 3 0 6 0 3 0 4 0 0 0 3 0 4 0 4 0 0 0 4 0 6 0 3 0 2 1 0 0 0 0 0 0 6 0 0 0 1 0 2 0 1 0 2 0 2 1 0 0 5 1 0 0 0 0 2 0 5 0 0 0 4 0 1 0 0 0 6 0 4 0 2 0 6 0 5 0 0 0 5 0 0 0 1 1 0 0 2 0 3 0 6 0 4 0 1 0 3 0 0 0 4 0 3 0 5 0 4 1 0 0 3 0 5 0 2 0 3 0 2 1 0 0 3 0 4 0 2 0 5 0 3 0 2 0 0 0 2 0 6 0 3 0 4 0 1 1 0 0 2 0 2 0 3 0 1 0 6 0 3 0 6 0 1 0 5 0 3 0 6 0 1 0 3 0 5 0 5 0 3 0 6 0 5 1 0 1 0 0 3 0 1 0 3 0 1 0 2 0 0 0 3 1 0 0 0 1 0 0 5 0 1 0 2 0 0 0 0 0 6 0 3 0 2 0 2 0 0 0 5 0 6 0 3 0 2 0 3 0 5 1 0 0 3 0 2 0 1 0 1 0 3 0 1 0 1 0 2 0 6 0 6 0 5 0 5 1 0 0 5 0 6 0 2 0 0 0 0 1 0 0 4 0 6 0 1 0 5 0 1 0 6 0 2 0 1 0 0 0 0 0 4 0 5 0 2 0 4 0 5 0 5 0 2 0 0 1 0 0 1 1 0 0 0 0 6 0 4 0 0 0 0 0 6 0 1 0 5 0 5 0 5 0 5 0 6 0 1 0 2
1 415 1 1 0 0 3 0 6 0 3 0 4 1 0 0 0 0 4 1 0 0 2 0 0 1 0 0 5 1 0 0 4 0 3 0 6 0 6 0 6 0 0 0 6 0 4 0 1 0 4 0 5 0 1 0 1 0 6 0 4 0 4 0 5 0 2 1 0 0 6 0 0 0 1 0 1 1 0 0 2 0 1 0 2 0 1 0 5 1 0 0 6 0 5 1 0 0 1 0 4 0 1 0 2 0 4 0 2 0 4 0 5 1 0 0 3 1 0 0 0 0 5 0 2 0 2 0 0 0 3 0 1 0 5 0 1 0 6 0 5 0 3 0 2 0 2 0 1 0 3 0 6 0 3 1 0 0 6 0 1 0 3 0 6 0 1 0 1 0 0 0 4 0 2 1 0 1 0 0 3 0 5 0 6 0 5 0 6 0 6 0 0 0 6 0 2 1 0 0 5 0 0 0 5 0 5 0 0 0 1 0 4 0 6 0 3 0 4 0 6 0 3 0 5 0 0 0 5 0 4 0 3 0 0 0 5 0 3 1 0 0 4 0 4 0 0 0 6 0 5 0 0 0 6 0 5 0 2 0 6 0 2 0 4 0 0 1 0 1 0 0 1 1 0 0 2 0 3 0 4 0 0 0 1 0 4 1 0 0 5 0 4 0 1 0 3 0 5 1 0 0 5 1 0 0 4 1 0 0 6 0 4 0 2 0 2 0 6 0 2 0 2 0 5 0 5 0 6 0 4 0 5 0 0 0 3 0 5 0 5 0 0 0 1 1 0 0 1 0 5 0 4 0 2 0 4 0 4 0 5 0 2 0 0 0 1 0 1 0 3 0 6 0 1 0 4 0 3 0 5 0 1 0 6 0 2 0 6 0 0 0 5 0 1 0 1 0 1 0 4 0 4 0 3 0 4 0 4 0 4 0 5 0 3 0 4
0 415 3 0 6 0 6 0 5 0 0 0 2 1 0 0 1 0 1 1 0 0 4 0 1 1 0 0 4 0 0 0 1 0 0 0 6 0 6 0 5 0 2 0 5 0 1 0 4 0 1 0 3 0 3 0 3 0 5 0 2 0 2 0 3 1 0 0 0 0 4 0 1 0 2 0 3 0 6 0 3 0 2 0 4 0 3 0 4 0 0 0 5 0 4 1 0 0 3 0 0 0 3 0 5 0 0 0 6 0 1 0 4 1 0 1 0 1 0 0 1 0 2 0 5 0 4 0 0 0 6 0 3 0 2 0 4 0 5 0 3 1 0 0 5 0 4 0 2 1 0 0 6 0 1 0 0 0 4 0 3 1 0 0 5 0 3 0 2 0 1 0 0 1 0 0 0 0 6 0 6 0 3 0 6 0 4 0 6 0 5 0 2 0 4 1 0 0 0 0 2 0 2 0 3 0 3 0 1 0 3 0 1 0 6 0 0 0 2 0 6 0 0 0 3 0 2 0 3 0 1 1 0 0 2 0 3 0 1 0 0 0 1 0 1 0 2 0 5 0 3 0 2 0 5 0 3 0 6 0 4 0 6 0 0 0 2 1 0 0 6 0 2 0 6 0 3 1 0 0 1 0 1 0 3 0 2 0 0 0 3 0 1 0 3 1 0 0 5 0 0 0 4 0 0 0 2 0 0 0 5 0 1 0 5 0 5 0 4 0 5 0 5 0 3 0 4 0 6 0 2 0 3 0 1 1 0 0 4 0 3 0 1 0 3 0 6 0 2 0 3 0 1 0 6 0 1 0 2 0 3 0 5 0 0 0 2 0 2 1 0 0 5 0 4 0 1 0 0 0 3 0 4 0 4 0 6 0 4 0 2 0 2 0 3 0 2 0 3 0 1 0 2 0 0 0 2 0 2 0 2 0 4 0 0 0 2
1 416 1 0 0 6 0 6 0 3 0 1 0 5 0 6 0 1 0 3 1 0 0 0 0 4 1 0 0 0 0 1 0 2 0 1 0 5 0 6 0 3 0 6 0 2 0 4 0 0 0 3 1 0 0 0 0 0 0 3 0 5 0 4 1 0 1 0 0 1 0 0 0 3 0 4 1 0 0 5 1 0 0 6 0 1 0 0 0 1 0 2 0 3 0 2 1 0 0 6 0 0 1 0 0 3 0 2 0 4 0 4 0 2 0 0 1 0 0 6 0 1 0 5 0 3 0 1 0 2 0 4 1 0 0 6 0 1 0 4 0 1 0 0 0 3 0 1 1 0 0 0 0 4 0 3 0 1 0 1 0 1 0 0 0 2 1 0 0 5 0 2 0 1 0 6 0 0 0 5 0 6 0 0 0 6 0 2 0 6 0 3 0 6 0 1 1 0 0 0 0 4 0 4 0 6 0 6 0 2 0 6 0 3 0 4 0 1 0 5 0 4 0 1 0 6 0 4 0 6 0 3 0 6 0 3 0 6 0 2 0 0 0 2 0 2 0 5 0 2 1 0 0 6 0 3 0 0 0 6 0 2 0 5 0 1 0 5 1 0 0 4 0 6 0 5 0 0 1 0 0 2 0 2 0 6 0 4 0 0 0 6 0 3 0 0 0 0 0 2 0 2 0 0 0 1 0 4 0 1 0 2 0 4 0 3 0 4 0 2 0 4 0 4 0 0 0 2 0 5 0 5 0 6 0 3 1 0 0 0 1 0 0 3 1 0 0 5 0 5 0 6 0 3 0 4 0 3 0 4 1 0 0 3 0 1 0 4 0 5 1 0 0 3 0 1 0 3 0 0 1 0 0 2 0 2 0 6 0 1 0 5 0 4 0 6 0 4 0 6 0 2 0 4 0 0 0 4 0 4 0 5 0 0 0 1 0 4
0 417 1 1 0 0 5 0 5 1 0 0 4 0 3 0 5 0 3 1 0 1 0 0 1 0 1 1 0 0 0 0 2 0 4 0 3 0 3 0 6 0 0 0 5 0 6 0 0 0 1 1 0 1 0 0 0 0 0 1 0 0 4 0 3 0 0 0 6 0 1 0 0 1 0 0 3 0 0 0 4 0 0 0 4 0 3 0 0 0 2 0 4 0 6 0 5 1 0 0 4 0 2 0 6 0 5 0 5 0 1 0 1 0 5 0 1 1 0 0 4 0 4 0 2 1 0 0 3 0 5 0 2 0 0 0 4 0 4 0 0 0 3 0 0 0 6 0 3 0 6 0 0 0 0 1 0 0 3 0 2 0 2 0 0 0 5 1 0 0 2 0 5 0 3 0 4 0 2 0 3 0 5 0 2 0 4 0 6 0 5 0 0 0 5 0 4 0 6 0 0 0 1 0 2 0 6 0 5 0 6 0 5 0 0 0 1 0 4 0 3 0 1 0 4 0 5 0 2 0 6 0 0 0 6 0 0 0 5 0 5 0 0 0 4 0 5 0 2 1 0 0 0 0 4 1 0 0 2 0 4 0 6 0 2 0 4 0 4 0 0 0 1 0 6 0 3 0 2 0 6 0 3 0 5 0 5 0 1 0 2 0 4 1 0 0 1 0 0 0 4 0 4 0 0 0 3 0 0 0 3 0 5 0 1 0 0 0 1 0 6 0 1 0 1 0 1 0 5 0 3 0 4 0 6 0 0 1 0 0 1 1 0 0 0 0 0 0 3 0 4 0 6 0 0 0 2 0 0 0 2 1 0 0 6 0 3 0 1 0 4 1 0 0 6 0 2 0 6 0 1 0 6 0 3 0 5 0 4 0 4 0 3 0 2 0 6 0 2 0 5 0 6 0 0 0 2 0 1 0 2 0 3 0 1 0 3 0 1
0 417 3 1 0 0 3 0 5 0 0 0 1 0 0 0 4 0 1 0 0 0 6 0 1 0 3 0 5 1 0 0 5 0 1 0 0 0 0 0 5 0 2 0 3 0 5 0 1 0 3 1 0 0 5 1 0 0 1 1 0 0 0 1 0 0 2 0 4 0 3 0 1 0 6 0 5 0 1 0 0 0 2 0 0 1 0 0 1 0 5 0 1 0 6 0 5 0 0 0 0 0 6 0 5 0 4 0 3 0 3 0 3 0 2 0 4 1 0 0 1 0 1 0 6 0 6 0 6 0 2 0 5 0 1 0 1 0 1 0 1 0 6 0 1 0 5 0 0 0 5 0 1 0 1 0 6 0 5 0 4 0 4 0 1 0 3 1 0 0 5 0 3 0 0 0 1 0 5 1 0 0 3 0 6 0 1 0 6 0 3 0 2 0 3 0 2 0 5 0 1 0 2 0 5 0 5 0 4 0 6 0 3 0 1 0 3 0 0 1 0 0 4 0 1 0 3 0 6 0 4 0 2 0 4 0 2 0 3 0 3 0 2 0 1 0 3 0 6 0 6 0 0 0 1 1 0 0 5 0 1 0 5 0 6 0 1 0 1 0 1 0 3 0 4 1 0 0 6 0 5 0 0 0 4 0 3 0 3 0 5 0 1 1 0 0 2 0 1 0 1 0 1 0 1 0 6 0 0 1 0 0 3 0 3 0 0 0 3 0 4 0 3 0 2 0 3 0 3 0 0 0 2 0 5 0 2 0 6 0 2 0 5 1 0 0 0 1 0 0 2 0 5 0 1 0 4 0 0 0 5 1 0 0 4 1 0 0 4 0 2 0 0 0 4 0 6 0 4 0 4 0 5 0 0 0 4 0 2 0 1 1 0 0 6 0 4 0 6 0 3 0 5 0 1 0 4 0 2 0 4 0 6 0 2 0 6 0 2
1 418 1 0 1 0 1 0 0 3 0 1 0 2 0 1 0 0 0 3 0 1 0 4 0 3 1 0 0 5 0 0 0 2 0 3 0 0 0 1 0 2 0 5 1 0 0 3 0 4 0 0 0 0 0 3 1 0 0 3 0 6 0 0 0 6 0 4 0 0 1 0 0 4 0 5 0 3 0 3 0 0 0 4 0 1 0 6 0 2 0 2 0 4 0 5 0 3 0 1 0 1 0 5 0 4 0 1 1 0 1 0 1 0 0 6 0 1 1 0 0 2 0 3 0 5 0 6 0 5 0 6 0 2 0 3 0 2 0 2 0 3 0 4 0 4 0 2 0 2 0 2 0 3 0 3 0 5 0 4 0 2 0 1 0 4 0 0 0 0 0 2 1 0 0 1 0 3 0 3 1 0 1 0 0 5 0 4 0 4 1 0 0 5 0 6 0 5 0 2 0 3 0 5 0 3 0 4 0 2 0 5 1 0 0 3 0 6 0 1 1 0 0 0 0 3 1 0 0 6 0 1 0 6 0 0 0 5 0 6 0 6 0 4 0 2 1 0 0 6 0 5 0 1 0 3 1 0 0 2 0 4 0 3 0 5 0 3 0 2 0 2 1 0 0 3 0 0 0 5 0 3 0 2 0 1 0 0 0 0 0 3 0 4 0 6 0 3 0 2 0 2 0 2 0 3 0 4 0 2 0 6 0 5 0 6 0 0 1 0 0 1 1 0 0 5 0 6 0 6 0 0 0 5 0 2 0 6 0 4 0 6 0 3 1 0 0 1 0 6 0 4 0 2 0 4 0 0 0 2 0 4 0 0 0 2 0 0 0 0 0 5 0 1 0 1 0 6 0 2 0 2 0 3 0 2 0 0 0 5 0 3 1 0 0 5 0 2 0 6 0 0 0 3 0 4 0 0 0 6 0 1 0 5 0 6 0 4 0 5
1 419 1 1 0 1 0 0 6 0 5 0 2 0 4 0 2 0 0 0 6 0 3 0 1 0 1 0 0 0 2 0 1 0 4 0 6 0 0 0 2 0 5 0 3 1 0 1 0 0 1 0 1 0 0 1 0 1 0 1 0 0 5 0 2 0 5 0 1 0 2 1 0 0 1 0 3 1 0 1 0 0 2 0 0 0 4 0 4 0 5 0 5 0 1 0 3 1 0 0 3 0 3 0 3 0 1 0 4 1 0 1 0 1 0 0 4 0 4 0 6 0 3 1 0 0 4 0 6 0 4 0 5 0 5 0 6 0 4 0 4 1 0 0 2 0 1 0 5 0 4 0 4 1 0 0 0 0 4 0 1 0 5 0 3 0 0 0 1 0 0 0 5 0 6 0 1 1 0 0 1 0 0 1 0 0 3 0 2 0 3 0 0 0 3 0 6 0 3 0 5 1 0 0 4 0 0 0 1 0 6 0 3 1 0 1 0 0 5 0 4 0 6 0 0 0 0 0 0 0 4 0 4 0 4 0 2 0 3 0 6 0 6 0 1 1 0 0 0 0 5 0 3 0 3 1 0 1 0 0 5 0 1 0 0 0 3 1 0 0 5 0 5 0 6 0 5 0 1 0 2 1 0 0 5 0 2 0 0 0 0 1 0 0 2 0 5 1 0 0 5 0 4 0 4 1 0 0 1 0 6 0 5 0 4 0 5 0 2 0 6 0 2 1 0 0 3 0 6 0 5 0 2 0 2 0 6 0 5 0 2 0 6 0 0 1 0 0 3 0 5 0 1 0 6 0 0 0 1 0 5 0 0 0 1 0 4 0 0 0 1 0 2 0 3 0 3 0 4 0 5 0 4 0 6 0 4 0 1 0 3 0 1 0 0 0 2 0 6 0 4 0 1 1 0 0 1 0 2 0 4 0 4 0 3 0 6 0 2 0 4
0 419 3 1 0 1 0 0 5 0 3 0 6 0 0 0 5 0 1 0 4 1 0 0 3 0 2 0 0 0 4 0 3 0 1 0 5 0 1 0 5 0 3 0 1 0 0 0 6 0 1 0 2 0 1 1 0 1 0 1 0 0 2 0 6 0 2 0 3 0 5 0 6 0 2 0 0 0 0 0 6 0 3 0 1 0 1 0 2 0 4 0 3 0 3 1 0 1 0 0 6 0 6 0 6 0 3 0 2 0 0 1 0 1 0 0 1 0 2 0 6 0 1 0 0 0 1 0 6 0 2 0 4 0 4 0 6 0 2 0 2 1 0 0 4 0 3 0 3 0 2 0 2 1 0 0 1 0 0 0 4 0 2 1 0 0 1 0 2 0 1 0 3 0 5 0 4 0 6 0 1 0 1 0 6 0 5 0 4 0 6 0 0 1 0 0 6 0 0 0 5 0 0 0 0 0 1 0 3 0 5 0 1 0 0 1 0 0 3 0 2 0 5 0 1 0 0 0 1 0 1 0 2 0 1 0 5 1 0 0 6 0 5 0 4 0 6 0 0 0 3 0 0 0 1 0 0 1 0 0 2 0 3 0 1 0 0 0 0 0 3 0 4 0 6 0 3 0 3 0 5 1 0 0 2 0 5 0 0 0 1 0 6 0 4 0 4 0 0 0 3 0 2 0 2 1 0 0 3 0 5 0 4 0 2 0 3 0 6 0 4 0 6 0 6 0 6 0 5 0 3 0 5 0 5 0 5 0 3 0 6 0 4 0 2 0 6 0 6 0 2 0 4 0 4 0 1 0 3 0 2 0 1 0 3 0 0 0 1 0 2 0 4 1 0 0 0 0 2 0 4 0 2 0 6 0 1 0 3 0 6 0 2 0 0 0 5 0 5 0 1 0 4 0 6 0 1 0 5 0 1 0 2 0 0 0 5 0 6 0 1
1 421 1 0 0 0 0 1 0 0 3 0 0 0 5 0 2 0 2 0 4 0 1 1 0 0 6 0 4 0 1 0 0 1 0 0 4 0 2 0 4 0 2 1 0 0 3 0 1 0 4 0 3 0 4 0 3 1 0 1 0 0 6 0 4 0 4 0 5 1 0 0 4 0 5 0 5 0 0 0 1 0 4 1 0 0 3 0 2 0 5 0 1 0 0 0 1 0 0 1 0 0 5 0 6 0 5 1 0 0 5 0 1 1 0 0 6 0 1 0 5 0 4 0 3 0 0 0 3 0 4 0 6 0 1 0 2 0 5 0 5 0 5 1 0 0 0 1 0 1 0 0 5 0 5 0 6 0 1 0 1 0 0 0 6 0 6 0 1 0 4 0 2 1 0 0 4 0 2 0 5 0 3 0 3 0 5 0 4 0 2 0 5 0 2 1 0 0 4 0 2 0 2 0 1 0 0 0 2 1 0 0 3 0 3 0 1 0 6 0 5 0 5 0 2 0 3 0 0 0 2 0 2 0 4 0 3 0 4 0 0 0 5 0 4 0 2 0 5 0 1 0 6 0 0 0 2 0 1 0 6 0 3 0 6 0 2 0 0 0 0 1 0 0 2 0 6 0 0 0 0 0 4 1 0 0 5 0 2 0 1 0 3 0 5 0 2 0 1 0 1 0 6 0 4 0 5 0 6 0 6 0 3 0 1 0 5 1 0 0 6 0 2 0 6 0 6 0 6 0 4 0 0 0 4 0 4 0 4 0 0 0 6 0 1 0 6 0 5 0 5 0 6 0 1 0 1 0 3 0 6 0 4 0 2 0 6 0 0 0 2 0 5 0 1 1 0 0 0 0 5 0 0 0 6 0 4 0 3 1 0 0 5 0 5 0 1 0 3 0 3 0 4 0 1 0 5 0 4 0 2 0 3 0 4 0 1 0 3 0 5 0 3
0 421 2 0 0 0 1 0 6 0 5 0 1 0 2 0 5 0 5 0 0 0 4 1 0 0 5 0 1 0 3 0 1 1 0 0 0 0 6 0 0 0 6 0 6 0 5 0 3 0 1 0 0 0 2 0 1 0 0 1 0 0 5 0 2 0 2 0 5 0 0 0 1 0 4 0 3 0 1 0 3 0 1 1 0 0 6 0 5 0 2 0 3 0 0 0 2 0 1 1 0 0 3 0 6 0 5 0 0 0 2 0 4 1 0 0 4 0 4 0 3 0 1 1 0 0 1 1 0 0 2 0 5 0 3 0 5 0 3 0 4 0 4 1 0 0 1 1 0 1 0 0 3 0 4 0 5 0 3 0 2 0 1 0 5 0 5 0 4 0 0 1 0 0 0 0 0 0 6 0 3 0 0 0 0 0 4 0 1 0 6 0 2 1 0 0 0 0 0 0 5 0 4 0 2 0 0 0 5 0 6 0 5 0 6 0 3 0 5 0 4 0 3 0 5 0 6 0 0 0 4 0 5 0 1 0 0 0 1 0 2 0 3 0 1 0 6 0 2 0 4 0 4 0 1 0 4 0 3 0 5 0 0 0 5 0 5 0 0 0 1 0 6 0 4 0 4 0 1 0 1 0 2 0 0 0 2 0 5 0 2 1 0 0 3 0 5 0 2 0 3 0 5 0 2 0 4 0 6 0 5 1 0 0 4 0 4 0 0 0 4 0 6 0 5 0 6 0 6 0 1 0 2 0 1 0 2 0 1 0 2 0 4 0 4 0 5 0 4 0 4 0 5 0 3 0 2 1 0 0 6 0 1 0 6 0 4 0 1 0 5 0 2 0 4 0 6 0 0 0 2 0 2 0 5 0 2 0 1 0 0 0 3 0 3 0 3 1 0 0 0 0 1 0 4 0 3 0 1 0 5 1 0 0 1 0 3 1 0 0 4 0 0
0 421 4 0 0 0 3 0 5 0 3 0 3 0 5 0 3 0 3 0 2 0 2 0 0 0 2 0 3 0 6 0 3 0 6 0 0 0 4 0 2 0 5 0 6 0 3 1 0 0 3 0 0 0 4 0 2 0 1 1 0 0 2 0 5 0 5 0 2 0 1 0 3 0 0 1 0 0 3 0 6 0 3 1 0 0 5 0 3 0 5 0 6 0 0 0 4 0 3 0 6 0 6 0 5 0 3 0 1 0 5 0 2 0 0 0 1 0 1 1 0 0 4 0 6 0 2 0 6 0 4 0 3 0 0 0 4 0 0 0 2 0 2 1 0 0 3 1 0 0 6 0 6 0 1 0 3 1 0 0 5 0 3 0 3 0 4 0 1 0 2 0 5 1 0 0 1 0 4 1 0 0 1 0 1 0 0 0 4 0 4 0 6 0 5 1 0 0 1 0 3 0 1 0 5 0 1 0 3 0 6 0 4 0 6 0 0 0 4 0 2 0 0 0 4 0 5 0 2 0 1 0 3 0 3 0 0 0 2 0 4 0 6 0 3 0 4 0 6 0 1 0 1 0 4 0 1 0 0 0 3 0 2 0 3 0 3 0 1 0 3 0 5 0 2 0 1 0 3 0 2 0 4 0 0 0 5 0 2 0 6 0 6 0 6 0 2 0 5 1 0 0 3 0 6 0 1 0 6 0 5 0 0 0 1 0 1 0 2 0 1 0 6 0 4 0 6 0 5 0 3 0 4 0 2 0 4 0 2 0 5 0 1 0 2 0 4 0 2 0 2 0 3 1 0 1 0 0 0 0 4 0 4 0 5 0 1 0 4 0 2 0 6 0 1 0 5 0 1 0 4 0 5 0 2 0 5 0 2 0 0 1 0 0 0 0 0 1 0 0 0 0 3 0 0 1 0 0 4 0 3 1 0 0 3 0 0 0 0 0 0 0 1
0 423 1 0 0 0 1 1 0 0 4 0 0 0 0 0 3 1 0 1 0 0 5 0 4 0 0 0 4 1 0 0 6 0 0 0 5 0 2 0 0 0 6 0 3 0 6 0 0 1 0 0 6 0 1 0 0 0 5 0 3 0 6 0 4 0 3 0 3 0 5 0 2 0 6 0 1 0 6 0 6 0 5 0 1 0 0 0 3 0 0 0 4 0 5 0 2 0 1 0 0 0 6 0 6 0 3 1 0 0 4 0 2 0 5 0 0 0 2 0 3 1 0 0 1 0 5 0 6 0 5 0 1 1 0 0 2 0 0 0 1 0 4 0 5 1 0 0 0 0 0 0 5 0 5 0 4 0 0 0 0 0 3 0 0 0 0 0 1 0 3 0 5 0 3 1 0 0 3 0 1 1 0 0 2 0 2 0 1 0 1 0 2 0 6 0 4 1 0 0 2 0 6 0 3 0 2 0 3 1 0 0 6 0 2 0 5 0 2 0 0 0 5 0 1 0 1 0 3 0 5 0 2 0 6 0 6 0 0 0 5 0 1 0 6 0 0 0 2 0 5 0 3 0 3 0 0 0 3 0 0 0 6 0 4 0 6 0 6 0 2 1 0 0 3 0 5 0 2 0 6 0 5 0 0 0 2 0 2 0 6 0 5 0 6 0 5 0 6 0 3 1 0 1 0 0 5 0 4 0 5 0 3 0 1 0 2 0 2 0 4 0 3 0 5 0 2 0 6 0 4 0 0 0 1 0 6 0 0 0 6 0 2 0 3 0 5 0 0 0 5 0 5 0 0 0 0 0 6 0 0 0 1 0 2 0 3 0 4 0 0 0 6 0 4 0 4 0 2 0 4 0 1 0 3 0 6 0 2 0 5 0 1 0 5 1 0 0 1 0 5 1 0 0 6 0 1 1 0 0 1 0 0 1 0 0 6 0 0 0 0 0 0 0 2
1 423 2 0 0 0 3 1 0 0 0 0 1 0 1 0 0 0 0 1 0 0 3 0 1 0 2 0 2 0 0 0 4 0 2 0 2 0 5 0 1 0 5 0 0 0 5 0 2 1 0 0 4 0 3 0 1 0 3 0 0 0 6 0 2 0 0 0 0 0 3 0 6 0 4 0 4 0 5 0 6 0 3 0 3 0 0 0 6 0 1 0 1 0 3 0 5 0 2 0 1 0 5 0 6 0 1 0 0 0 0 0 6 0 2 0 1 0 4 1 0 1 0 0 3 0 3 0 6 0 3 0 4 0 6 0 3 0 0 0 3 0 1 0 4 1 0 0 0 0 1 0 3 0 4 0 1 0 1 0 0 0 6 0 0 0 0 0 2 1 0 0 4 0 0 1 0 0 6 0 3 0 6 0 3 0 4 0 2 0 2 0 5 0 5 0 2 1 0 0 5 0 4 1 0 0 6 0 0 0 0 0 4 0 6 0 2 0 5 0 1 0 2 0 3 0 2 1 0 0 3 0 6 0 5 0 5 0 2 0 2 0 4 0 4 0 1 0 5 0 2 1 0 1 0 0 1 0 6 0 1 0 5 0 2 0 6 0 5 0 6 0 6 0 6 0 2 0 6 0 5 0 3 0 1 0 4 0 5 0 5 0 4 0 6 0 4 0 6 0 1 0 0 1 0 0 3 0 2 0 3 1 0 0 3 0 4 0 5 0 1 0 0 0 3 0 6 0 5 0 1 0 1 0 3 0 4 0 2 0 4 0 5 1 0 0 3 0 2 0 3 0 3 0 1 0 1 0 4 0 1 0 2 0 4 1 0 0 1 0 2 0 5 0 2 0 1 0 6 0 0 0 3 1 0 0 5 0 6 0 2 0 4 0 3 1 0 0 3 0 4 0 0 0 4 0 4 0 6 0 1 0 1 1 0 0 4 0 1 0 0 0 0 0 4
0 423 4 0 0 1 0 1 0 0 0 0 2 0 2 0 0 0 1 0 6 0 5 0 2 0 4 0 4 0 1 0 0 0 5 0 5 0 2 0 4 0 2 0 2 0 2 1 0 0 0 0 0 1 0 0 3 0 6 0 1 0 4 0 5 0 0 0 0 1 0 0 6 0 2 0 2 0 4 0 5 1 0 1 0 0 2 0 4 0 3 0 2 1 0 0 3 0 5 0 3 0 3 0 5 0 3 0 0 0 1 0 4 0 5 0 3 0 2 0 0 0 6 0 5 1 0 0 6 0 0 0 2 0 5 1 0 0 1 0 6 0 3 0 1 1 0 0 0 0 2 1 0 0 1 0 3 0 2 0 1 0 4 0 1 0 0 0 5 1 0 0 0 0 2 1 0 0 5 0 0 0 6 0 0 0 1 0 5 0 5 0 3 0 3 1 0 0 0 0 3 0 3 0 0 0 4 0 1 0 1 0 1 0 5 0 6 0 2 0 3 0 4 0 6 0 5 0 6 0 6 0 5 0 4 0 3 0 5 0 5 0 1 0 1 0 4 0 2 1 0 0 0 0 6 0 2 0 4 0 4 0 2 0 6 0 5 0 4 0 6 0 6 0 5 0 6 0 5 0 3 1 0 0 4 0 1 0 4 0 4 0 2 0 6 0 2 0 5 0 3 0 1 0 6 0 5 0 4 1 0 1 0 1 0 0 2 0 3 0 3 0 0 1 0 0 6 0 3 0 3 0 2 1 0 0 1 0 6 0 1 0 4 1 0 0 6 0 4 0 6 0 6 0 2 0 3 0 0 0 3 0 5 0 1 1 0 0 2 0 5 0 2 0 5 0 3 0 4 0 2 0 0 0 0 0 3 0 5 0 6 0 1 0 0 1 0 1 0 0 1 0 2 0 1 0 2 0 5 0 3 0 3 1 0 0 0 0 3 0 0 0 1 0 1
0 425 1 0 0 0 2 1 0 0 5 1 0 0 4 0 4 0 0 0 3 0 5 0 3 0 6 0 1 0 1 0 3 0 1 0 3 0 3 0 6 0 0 0 5 0 4 0 5 0 5 1 0 0 1 0 6 0 6 0 4 0 4 0 1 0 3 0 1 0 1 1 0 0 4 0 5 0 5 0 1 0 5 0 0 0 6 0 4 0 0 1 0 0 6 0 6 0 6 0 3 0 0 0 0 0 3 1 0 0 1 0 3 0 1 0 3 1 0 0 5 0 1 0 5 0 5 0 0 0 4 0 1 0 5 0 3 1 0 0 3 0 4 1 0 0 4 0 5 1 0 0 5 0 6 0 1 0 6 0 4 0 3 0 0 0 3 0 1 0 3 1 0 0 0 0 5 1 0 0 2 0 2 0 4 0 1 0 3 0 3 0 4 0 0 0 0 1 0 0 0 0 6 0 6 0 1 0 0 0 3 0 2 0 3 0 3 0 5 0 5 1 0 0 2 0 6 0 4 0 6 0 6 0 4 0 2 0 0 0 4 0 3 0 3 0 3 0 0 0 6 0 6 0 0 0 4 0 6 0 1 0 1 0 6 0 5 0 4 0 2 0 6 0 6 0 4 0 6 0 4 0 1 0 0 0 0 0 4 0 1 0 1 0 6 0 4 0 6 0 2 1 0 0 4 0 5 0 4 0 3 0 0 1 0 0 6 0 3 0 6 0 6 0 1 1 0 0 4 1 0 1 0 0 6 0 6 0 2 0 4 0 4 0 2 0 0 0 5 0 2 0 6 0 5 0 5 0 6 0 0 1 0 0 3 0 4 0 6 0 4 0 2 0 6 0 3 0 0 0 1 0 5 0 0 0 0 1 0 0 4 0 5 0 3 0 1 1 0 0 6 0 1 0 4 0 2 0 5 0 3 0 0 0 0 1 0 0 0 0 6 0 0 0 2 0 2
1 425 2 0 0 0 5 1 0 0 4 0 0 0 1 0 1 0 1 1 0 0 4 0 0 0 5 0 3 0 2 0 6 0 2 1 0 0 0 0 5 0 2 0 3 0 2 0 4 0 4 1 0 0 3 0 5 0 6 0 2 0 1 0 3 0 6 0 2 0 3 1 0 0 1 0 4 0 3 0 4 0 2 0 2 0 5 0 1 0 2 1 0 0 5 0 6 0 5 1 0 0 1 0 0 1 0 1 0 0 2 0 6 0 3 0 0 0 0 0 2 0 4 0 3 0 3 0 2 0 0 0 4 0 3 0 0 1 0 1 0 0 3 0 0 0 1 0 5 0 0 0 3 0 5 0 4 0 5 0 1 1 0 0 1 0 6 0 2 1 0 1 0 0 1 0 3 1 0 0 4 0 5 0 0 0 3 1 0 0 0 0 1 0 1 0 1 0 6 0 0 0 5 0 5 0 3 0 0 0 6 0 4 1 0 0 0 0 4 0 4 1 0 0 5 0 5 0 2 0 6 0 6 0 1 0 5 0 1 0 0 1 0 1 0 1 0 0 2 0 5 0 5 0 2 0 1 0 5 0 3 0 3 0 5 0 4 0 1 0 6 0 5 0 6 0 2 0 6 0 1 0 3 0 0 0 1 0 0 0 3 0 3 0 5 0 2 0 5 1 0 0 0 0 1 0 4 0 1 1 0 0 2 1 0 0 5 0 0 0 6 0 5 0 4 1 0 0 2 0 0 1 0 0 5 0 5 0 6 0 1 0 1 0 5 0 1 0 2 0 6 0 5 0 4 0 4 0 5 0 2 0 6 0 6 0 1 0 6 0 1 0 6 0 4 1 0 0 1 0 3 0 2 0 1 0 1 1 0 0 1 0 3 1 0 0 4 1 0 0 4 0 4 0 0 0 6 0 2 1 0 0 1 0 1 0 6 0 0 0 4 0 1 0 4 0 4
0 425 4 0 1 0 4 0 0 0 0 0 1 0 2 0 2 0 3 1 0 0 0 0 2 0 2 1 0 0 6 0 4 0 6 0 6 0 0 0 2 0 5 0 6 0 5 0 1 0 2 1 0 1 0 0 4 0 5 0 5 0 2 1 0 0 5 0 5 1 0 1 0 0 3 0 1 0 0 0 1 0 5 0 5 0 2 0 3 0 5 1 0 0 3 0 6 0 4 1 0 0 2 0 1 1 0 0 6 0 4 0 4 1 0 0 1 0 0 0 5 0 0 1 0 1 0 0 5 0 1 0 0 1 0 0 2 1 0 0 6 0 5 0 0 0 3 0 2 0 1 1 0 0 4 0 2 0 3 0 4 0 6 0 2 0 4 1 0 0 0 0 6 0 2 0 0 0 0 0 1 0 3 0 1 1 0 1 0 0 0 0 2 0 2 0 3 0 4 0 2 0 3 0 3 1 0 0 2 0 5 0 2 1 0 0 1 0 1 0 3 0 0 0 3 0 3 0 6 0 5 0 5 0 4 0 2 0 3 0 1 1 0 1 0 0 6 0 4 0 3 0 3 0 5 0 3 0 3 0 0 0 0 0 4 0 1 0 4 0 5 0 4 0 5 0 6 0 4 0 3 0 6 0 0 0 2 0 0 1 0 0 0 0 3 0 6 0 3 1 0 0 0 0 3 0 0 0 4 0 6 0 4 1 0 0 2 0 2 0 5 0 4 0 2 1 0 0 4 0 1 1 0 0 3 0 4 0 5 0 3 0 3 0 2 0 3 0 5 0 5 0 4 0 2 0 2 0 3 0 6 0 5 0 5 0 4 0 4 0 4 0 5 0 2 1 0 0 2 0 6 0 4 0 2 0 3 0 6 0 2 0 0 0 0 0 2 0 0 0 1 0 1 0 2 0 4 0 6 0 6 0 1 0 3 0 4 0 2 0 0 0 4 0 1 0 2
1 427 1 0 0 0 4 0 0 0 1 0 0 0 2 0 4 0 4 1 0 1 0 0 0 0 4 0 5 1 0 0 5 0 2 0 6 0 5 0 1 0 5 0 3 0 6 0 3 0 3 0 5 1 0 1 0 0 1 0 4 0 3 1 0 0 0 0 3 0 5 0 0 0 6 0 5 0 2 0 0 0 3 0 3 0 3 0 5 1 0 0 4 1 0 1 0 0 6 0 2 1 0 0 4 0 3 1 0 0 5 0 2 0 2 1 0 0 2 0 1 0 2 0 2 1 0 1 0 0 2 0 3 0 1 0 6 0 4 1 0 0 5 0 3 0 1 0 6 0 4 0 3 1 0 0 0 0 5 1 0 0 2 0 5 0 6 0 1 1 0 0 1 0 4 0 5 0 0 0 0 0 2 0 6 0 3 1 0 0 5 1 0 0 4 0 4 1 0 0 1 0 5 1 0 0 0 1 0 0 5 0 2 0 6 0 6 0 1 0 2 0 6 0 0 1 0 0 0 0 6 0 4 0 4 0 1 0 5 0 6 0 3 1 0 1 0 0 5 0 2 0 0 0 0 0 3 1 0 1 0 0 1 0 1 0 0 0 4 0 1 0 4 0 2 0 4 0 6 0 2 0 0 0 5 0 1 0 4 0 1 0 5 1 0 1 0 0 6 0 0 1 0 0 0 0 6 0 1 0 1 0 6 0 2 1 0 0 4 0 5 0 3 0 1 1 0 0 0 0 0 0 4 0 6 0 6 0 1 0 3 1 0 1 0 0 5 1 0 0 4 0 4 0 1 0 5 0 4 1 0 0 6 0 4 0 4 0 2 0 2 0 2 0 3 0 6 0 6 0 4 0 5 0 1 0 5 1 0 0 5 0 5 0 0 0 0 0 4 0 0 0 2 0 2 0 5 0 1 0 6 0 5 0 3 1 0 0 1 0 5 0 1 0 0 0 3 0 4
0 427 2 0 1 0 0 0 1 0 2 0 0 0 5 0 1 0 3 0 0 0 6 0 0 0 1 0 5 0 0 0 2 0 6 0 5 0 3 0 4 0 3 0 0 0 6 0 0 0 0 0 5 0 0 0 6 0 2 0 1 0 0 1 0 0 0 1 0 0 3 0 2 0 5 0 3 0 5 0 0 1 0 0 0 0 0 0 5 0 0 0 2 0 0 1 0 0 4 1 0 0 0 0 1 0 1 0 0 0 2 0 5 0 5 0 6 0 3 0 2 0 4 0 5 1 0 0 6 0 3 0 6 0 3 0 5 0 3 0 0 0 2 1 0 0 4 0 5 0 2 0 0 1 0 0 1 0 3 1 0 0 5 0 3 0 5 0 4 0 6 0 2 0 1 0 3 0 1 0 0 0 5 0 5 0 1 0 0 0 4 0 0 0 1 0 2 1 0 0 3 0 3 1 0 0 1 1 0 0 2 0 6 0 5 0 5 0 3 0 5 0 4 0 2 0 6 0 0 0 5 0 2 0 1 0 4 0 3 0 6 0 1 0 0 1 0 0 2 0 5 0 0 0 1 0 0 0 0 0 6 0 1 0 2 0 1 0 0 0 4 0 0 0 6 0 1 0 5 0 5 0 1 0 2 0 4 0 0 0 4 0 4 0 0 1 0 0 4 0 2 0 6 0 0 0 4 0 3 0 3 0 4 1 0 0 0 0 1 0 3 1 0 0 4 0 5 1 0 0 1 0 1 0 6 0 5 0 4 0 0 0 0 1 0 0 4 0 0 0 1 0 1 0 4 0 3 0 3 0 0 0 5 0 2 0 1 0 5 0 4 0 4 1 0 0 6 0 6 0 2 0 3 0 4 0 4 0 0 0 3 0 3 0 1 0 1 0 0 0 1 0 4 0 5 0 2 0 4 0 5 0 4 0 0 1 0 0 3 0 2 0 3 0 0 1 0 0 2
1 427 4 0 2 0 0 0 2 0 4 0 1 0 2 0 3 0 6 0 1 0 4 0 1 0 3 0 2 0 1 0 5 0 5 0 4 0 0 0 1 1 0 0 2 0 4 0 1 0 1 0 2 0 2 0 4 0 5 0 2 0 1 0 6 0 0 0 6 0 5 0 5 0 3 0 0 0 3 0 2 0 5 1 0 0 1 0 2 0 1 0 4 0 1 1 0 0 1 1 0 0 0 0 2 0 2 0 0 0 5 0 3 0 4 0 5 1 0 0 6 0 1 0 5 0 0 0 5 0 0 0 6 0 0 0 3 1 0 0 1 0 5 1 0 0 1 0 3 0 5 0 1 0 6 0 2 0 0 0 0 0 3 0 0 0 4 0 2 0 5 0 5 0 2 0 6 0 2 0 1 0 3 0 3 0 3 0 1 0 0 0 1 0 2 0 5 0 6 0 5 1 0 1 0 0 3 0 6 0 4 0 5 0 4 0 4 0 0 0 4 0 1 0 6 0 4 0 2 0 2 0 5 0 3 0 1 0 0 0 5 0 3 0 1 0 6 0 4 0 2 0 1 0 2 0 0 0 1 0 4 0 3 0 4 0 2 0 1 0 0 0 2 0 4 0 4 0 3 0 3 0 3 0 5 0 0 0 2 0 1 0 1 0 2 1 0 0 0 0 6 0 4 0 2 0 1 0 0 0 0 0 2 1 0 0 0 0 3 0 0 0 0 0 1 0 4 1 0 0 2 0 3 0 5 0 4 0 1 0 1 0 1 1 0 0 0 0 1 0 2 0 3 0 0 1 0 1 0 0 2 0 2 0 5 0 3 0 3 0 2 0 3 0 0 0 5 0 5 0 5 1 0 0 2 0 1 0 1 0 6 0 6 0 2 0 2 0 0 0 3 0 1 0 3 0 6 0 1 0 4 0 1 0 2 0 6 0 5 0 4 0 6 0 1 0 6 0 3
0 429 1 0 0 0 5 0 0 0 5 0 0 0 3 0 4 1 0 0 5 0 4 0 0 0 3 0 6 0 4 0 3 0 3 0 4 0 1 0 1 0 3 0 6 0 4 0 0 0 3 0 2 0 4 0 5 0 1 0 3 0 5 0 3 0 4 0 2 0 5 0 4 0 3 1 0 0 1 0 6 0 5 0 3 1 0 0 2 0 4 0 3 0 0 0 4 0 6 0 2 0 5 1 0 0 4 0 4 0 1 0 3 0 0 0 2 0 5 0 0 0 4 0 4 0 2 0 2 0 2 0 2 0 4 0 1 1 0 1 0 0 3 0 3 1 0 0 2 1 0 0 3 0 4 0 4 0 5 0 0 0 0 0 6 0 1 0 0 0 6 0 3 0 3 0 6 0 4 0 5 0 2 0 6 0 6 0 6 0 2 0 0 0 2 0 5 0 3 0 6 0 5 0 0 0 6 0 6 0 5 0 2 0 4 0 2 0 1 0 2 0 0 0 4 0 5 0 1 0 5 0 5 0 2 1 0 0 3 0 1 0 2 1 0 0 4 0 5 0 1 0 5 0 2 0 4 0 0 0 3 0 1 0 0 0 1 0 5 0 2 0 0 0 5 0 1 0 2 0 0 0 0 0 0 0 3 0 1 0 4 0 2 0 2 0 5 0 6 0 0 0 5 0 1 0 5 0 2 0 0 0 0 0 5 0 5 1 0 0 6 0 0 0 0 0 3 0 1 1 0 0 4 1 0 0 4 0 1 0 3 0 2 0 3 0 5 1 0 0 2 0 4 0 6 0 1 1 0 0 6 0 3 0 5 0 2 1 0 1 0 0 5 0 6 0 1 0 3 0 4 0 4 1 0 0 4 0 2 0 3 0 5 0 5 0 5 0 4 0 0 0 6 0 2 1 0 0 5 0 4 0 0 0 3 0 5 0 5 0 4 0 2 0 5 0 4 0 5 0 0
0 429 2 0 1 0 2 0 2 0 2 0 1 1 0 0 3 0 0 0 3 0 1 0 1 1 0 0 6 0 2 0 0 0 0 0 1 0 3 0 2 1 0 0 6 0 1 0 1 0 6 0 5 0 1 0 3 0 3 1 0 0 4 0 0 0 1 0 6 0 3 0 2 0 0 1 0 0 3 0 5 0 4 0 0 1 0 0 5 0 0 1 0 0 2 0 1 0 5 0 6 0 4 0 0 0 1 0 1 0 3 0 6 0 0 0 5 0 2 0 2 0 1 0 1 0 5 0 4 0 4 0 5 0 0 0 4 1 0 0 6 0 5 1 0 1 0 0 5 0 6 0 6 0 1 0 2 0 3 0 1 0 1 0 4 0 3 0 1 0 5 0 0 0 0 0 6 0 2 0 3 0 6 0 5 0 6 0 5 0 5 0 0 0 5 0 3 0 0 0 6 0 3 0 2 0 5 0 6 0 3 0 6 0 0 0 5 0 2 0 4 0 1 0 1 0 3 0 4 0 3 0 3 0 6 0 6 0 5 0 2 0 5 1 0 0 1 0 3 0 4 0 2 0 6 0 0 0 1 0 6 0 2 0 0 0 3 0 2 0 5 0 1 0 2 0 3 0 4 0 0 0 0 0 0 0 6 0 3 0 0 0 5 0 5 0 3 0 5 0 2 0 2 0 4 0 2 0 5 0 0 0 1 0 3 0 5 0 0 0 4 0 1 0 0 0 6 0 3 1 0 0 2 0 0 0 0 0 3 0 6 0 4 1 0 0 4 1 0 0 5 0 1 0 5 0 4 1 0 0 5 0 0 0 3 1 0 0 0 1 0 0 3 0 5 0 3 1 0 0 2 0 3 0 0 0 0 0 5 1 0 0 4 0 4 0 4 0 1 0 2 0 4 1 0 0 0 0 3 0 1 0 1 1 0 0 4 0 4 0 1 0 6 0 3 0 2 0 3 0 1
0 429 4 0 2 0 4 0 4 0 4 0 3 0 6 0 5 0 0 0 6 0 2 0 3 1 0 0 4 0 5 0 0 0 0 0 2 0 6 0 5 1 0 0 4 0 3 0 3 0 5 0 3 0 3 1 0 0 1 0 0 0 0 0 1 0 3 0 4 1 0 0 5 0 1 0 6 0 6 0 3 0 1 0 2 1 0 0 2 0 2 0 6 0 3 0 3 0 3 0 6 0 1 0 1 0 2 0 2 1 0 0 5 0 2 0 2 0 5 0 4 0 2 0 3 0 3 0 2 0 2 0 3 0 2 0 2 0 0 0 5 0 5 0 0 1 0 0 3 0 6 0 5 0 3 0 4 0 6 0 2 0 3 0 0 1 0 0 4 0 2 0 1 0 1 0 4 0 5 1 0 0 6 0 4 0 6 0 4 0 3 0 2 0 2 1 0 0 2 0 4 1 0 0 6 0 3 0 6 0 0 0 5 0 2 0 2 0 6 0 0 0 3 0 2 1 0 0 2 0 0 0 0 0 6 0 6 0 3 0 6 0 3 1 0 0 2 1 0 0 1 0 6 0 4 0 1 0 3 0 4 0 5 0 0 0 6 0 5 0 2 0 3 0 4 1 0 0 1 0 1 0 0 0 1 0 4 1 0 0 2 0 3 0 4 0 0 0 3 0 5 0 5 0 0 0 6 0 2 0 1 0 2 1 0 0 3 0 2 0 0 0 3 0 1 0 5 0 0 1 0 0 4 0 0 0 0 1 0 0 6 0 3 0 0 0 2 0 0 0 2 0 4 0 3 0 3 0 0 0 2 0 1 1 0 1 0 0 1 0 6 0 6 0 3 0 0 1 0 0 4 0 6 0 0 0 1 0 4 0 0 0 1 0 2 0 1 0 3 0 5 0 1 1 0 0 0 0 6 0 2 0 3 1 0 0 1 0 1 0 4 0 4 1 0 0 5 0 6 0 2
1 431 1 0 0 0 6 0 1 0 2 0 2 0 0 0 6 0 3 0 2 0 4 0 6 0 0 0 0 0 1 0 3 0 1 0 0 0 5 0 5 0 5 0 0 0 1 0 0 0 0 0 4 0 0 0 0 1 0 0 2 0 0 0 0 0 2 1 0 0 3 0 0 0 2 0 4 0 5 0 5 1 0 0 3 0 5 0 6 0 3 0 5 0 5 0 0 0 0 0 0 0 5 0 3 0 2 0 4 0 5 1 0 0 2 0 5 0 5 0 3 0 1 0 5 0 6 0 6 0 4 0 4 0 6 0 4 0 4 0 1 0 3 0 3 0 2 0 6 0 6 0 5 0 4 0 0 0 2 0 5 0 5 0 6 0 1 1 0 0 0 0 5 0 2 0 3 0 1 0 5 0 0 0 5 0 2 0 6 0 1 1 0 0 5 0 5 0 6 0 4 0 2 0 0 0 5 0 0 0 5 0 2 0 2 0 5 0 5 0 4 0 1 0 6 0 5 0 6 0 3 0 0 0 1 0 5 0 6 0 0 0 6 0 0 1 0 0 5 0 6 0 2 0 5 0 1 0 3 1 0 0 2 0 3 0 2 0 5 0 3 0 5 1 0 0 2 1 0 0 2 0 2 0 0 0 3 0 1 1 0 0 4 1 0 0 1 0 1 1 0 0 4 0 3 0 2 0 4 0 5 0 2 0 5 0 6 0 5 0 4 0 0 0 6 0 3 0 2 0 2 1 0 0 0 0 1 0 1 1 0 0 4 1 0 0 1 0 4 0 0 0 5 0 0 1 0 1 0 0 1 0 4 0 3 1 0 0 6 0 2 0 5 0 5 1 0 0 2 1 0 0 1 0 5 0 1 0 3 0 0 0 1 0 2 0 4 0 2 1 0 0 3 0 4 0 6 0 0 0 4 0 5 1 0 1 0 0 2 0 3 0 1 0 3 0 0 0 3 0 5 0 5
1 431 2 0 1 0 4 0 3 0 4 0 4 0 1 0 4 1 0 0 6 0 1 0 5 0 1 0 0 0 2 0 6 0 2 0 1 0 3 0 4 0 3 0 1 0 2 0 0 0 1 0 0 0 1 0 1 0 6 0 3 0 0 0 0 0 5 0 6 0 5 0 0 0 5 0 1 0 4 0 4 1 0 1 0 0 4 0 6 0 0 0 4 0 3 0 1 0 0 0 1 0 2 1 0 0 6 0 1 0 4 1 0 0 5 0 3 0 3 1 0 0 4 0 3 0 6 0 6 0 2 0 2 0 6 0 2 0 1 0 3 0 6 0 6 0 5 0 5 0 6 0 4 0 1 0 1 0 5 0 3 0 4 0 5 0 4 0 6 0 0 0 2 0 5 0 6 0 3 0 2 0 2 0 2 0 6 0 4 0 4 1 0 0 3 0 4 0 6 0 1 0 5 0 1 0 2 0 2 0 2 0 5 0 5 0 3 0 4 0 1 0 4 0 5 0 4 0 5 1 0 0 1 0 3 0 3 0 5 0 2 0 4 0 2 1 0 0 3 0 5 0 6 0 2 0 3 1 0 1 0 0 4 0 6 0 5 0 3 0 0 0 4 1 0 0 5 0 6 0 3 0 4 0 0 0 6 0 3 1 0 0 1 1 0 0 2 0 3 1 0 0 0 1 0 0 6 0 1 0 3 0 6 0 3 0 6 0 4 0 1 0 2 0 4 1 0 0 5 0 5 0 5 1 0 0 2 0 3 1 0 0 1 1 0 0 3 0 0 0 2 0 2 0 2 1 0 0 6 0 2 0 1 0 1 0 0 0 4 0 6 0 3 0 4 1 0 0 5 0 6 0 2 0 2 0 3 0 6 0 0 0 2 0 5 0 0 0 6 0 6 0 6 0 1 0 5 0 2 0 1 0 5 0 0 0 6 0 3 0 6 0 2 0 6 0 0 1 0 0 4 0 4
0 431 4 0 3 0 1 0 0 0 2 0 1 0 4 0 2 0 0 0 4 0 4 0 2 0 3 0 0 0 5 0 4 0 5 0 2 1 0 0 1 1 0 0 3 0 4 0 0 0 2 0 0 0 2 0 3 0 4 1 0 0 1 0 1 0 3 0 6 0 3 0 2 0 2 0 4 0 1 0 3 0 0 1 0 0 1 0 5 0 2 0 0 1 0 0 3 0 0 0 2 0 5 1 0 0 4 0 4 0 2 0 0 0 3 0 0 0 1 0 0 0 1 0 0 0 6 0 5 0 5 0 5 0 4 0 5 0 2 1 0 0 6 0 6 0 4 0 4 0 6 0 1 0 3 0 3 0 3 0 0 0 2 0 4 0 2 0 5 0 1 0 5 0 3 0 5 1 0 0 5 0 4 0 5 0 5 0 2 0 2 1 0 1 0 0 2 0 5 0 4 0 2 0 3 0 4 0 4 0 5 0 3 0 4 0 0 0 1 0 4 0 1 0 4 0 2 0 4 1 0 0 2 1 0 0 0 0 3 0 6 0 0 0 6 0 6 0 6 0 3 0 5 0 6 0 0 0 0 1 0 0 1 0 6 0 3 1 0 0 2 0 2 0 0 0 3 0 6 0 0 0 1 0 2 0 5 0 0 1 0 0 3 0 6 0 3 1 0 1 0 0 1 1 0 0 4 0 3 1 0 0 6 0 0 0 6 0 1 0 3 0 5 0 2 0 0 0 3 0 4 0 4 1 0 0 4 1 0 1 0 0 3 0 6 0 5 0 0 0 4 0 4 0 5 1 0 0 4 0 5 0 2 0 2 0 1 0 1 0 6 0 0 0 3 0 0 0 3 0 5 0 5 0 4 1 0 0 5 0 1 0 5 0 2 0 2 0 5 0 6 0 5 0 4 0 2 0 5 0 3 0 2 0 2 0 5 0 0 0 5 0 6 0 4 0 2 1 0 0 1 0 2
1 433 1 0 0 1 0 0 3 0 0 0 4 0 3 0 0 0 5 0 1 0 1 0 1 0 5 0 6 0 1 0 3 0 2 0 3 0 6 0 6 0 2 0 6 0 6 0 0 0 1 0 4 0 0 0 4 1 0 0 2 1 0 0 2 0 2 1 0 0 5 1 0 0 5 0 5 0 0 0 3 0 6 0 1 0 6 0 2 0 2 0 5 0 1 0 6 0 5 0 0 0 5 0 4 0 0 0 1 0 1 0 5 0 0 0 6 0 0 0 2 0 0 0 2 0 1 0 5 0 4 0 4 0 4 0 2 0 3 1 0 0 0 0 5 0 6 0 2 0 2 0 5 0 3 0 6 0 6 0 6 0 0 0 5 0 0 0 6 0 2 0 4 0 3 0 0 0 5 0 0 0 3 0 2 0 4 0 3 0 5 0 5 1 0 0 6 0 4 0 3 0 1 0 5 1 0 0 2 0 2 0 4 0 0 0 1 0 1 0 3 0 0 0 4 0 0 0 6 0 1 1 0 0 5 0 5 1 0 1 0 0 5 0 2 0 5 0 6 0 6 0 0 0 4 0 5 0 1 0 1 0 6 0 2 0 5 0 0 1 0 0 4 0 4 0 0 1 0 0 5 0 1 0 2 0 5 0 2 0 2 0 6 0 6 0 5 0 1 0 0 0 6 0 2 1 0 0 1 0 1 0 0 0 4 0 2 0 4 0 3 1 0 0 3 0 5 0 0 1 0 0 2 0 3 0 0 0 2 0 0 0 6 0 6 0 5 0 3 0 2 0 1 0 2 0 5 0 0 0 1 0 3 0 5 0 4 0 2 0 3 0 4 0 1 0 6 0 0 1 0 0 4 0 4 0 3 0 0 0 2 0 4 0 2 0 5 0 5 0 3 0 6 0 4 0 1 0 6 0 2 1 0 0 5 0 5 0 2 0 2 0 3 0 6 0 1 0 6 0 6 0 1 0 4
0 433 2 0 1 0 6 0 5 0 1 0 0 1 0 0 2 0 2 0 3 0 2 0 3 0 3 0 5 0 3 0 6 0 4 1 0 0 6 0 5 0 6 0 5 0 5 0 1 0 3 0 0 0 2 0 1 1 0 0 5 0 6 0 3 0 5 1 0 0 4 0 0 0 3 0 3 0 1 1 0 0 5 0 4 0 4 0 5 0 5 0 2 0 4 0 5 0 3 0 2 0 3 0 1 0 1 0 2 0 3 0 2 0 2 0 4 0 1 0 4 0 0 0 4 0 3 0 3 0 2 0 2 0 1 0 5 1 0 1 0 0 1 0 3 0 5 0 5 0 5 0 3 0 0 0 6 0 6 0 5 0 2 0 2 0 2 0 4 0 6 0 0 1 0 0 2 0 2 0 1 0 6 0 5 0 1 0 0 0 4 0 5 0 0 0 5 0 1 1 0 0 4 0 3 1 0 0 4 0 5 0 0 0 1 0 2 0 2 0 6 0 1 0 0 0 2 0 4 0 4 1 0 0 3 0 5 0 0 1 0 0 2 0 6 0 3 0 6 0 5 0 2 0 1 0 3 0 3 0 3 0 4 0 6 0 2 0 2 1 0 0 1 0 1 0 2 1 0 0 2 0 3 0 5 0 2 0 5 0 5 0 5 0 6 0 3 0 3 0 1 0 4 0 6 0 6 0 1 0 2 0 1 0 0 0 6 0 1 0 0 1 0 1 0 0 3 0 2 0 6 0 3 0 6 0 0 0 4 0 1 0 5 0 6 0 3 1 0 0 5 0 2 0 5 0 2 0 1 0 2 1 0 0 4 0 1 0 5 1 0 0 1 0 4 0 4 0 2 1 0 0 1 0 1 1 0 0 1 0 5 0 0 0 6 0 3 0 4 0 0 0 6 0 1 0 4 0 4 1 0 0 0 0 3 0 3 0 5 0 4 1 0 0 5 0 4 0 5 0 5 0 4 0 1
0 433 4 0 3 0 5 0 3 0 3 0 1 0 6 0 3 0 4 0 6 0 4 1 0 0 0 0 4 0 0 0 6 0 3 0 0 0 5 0 4 0 6 0 4 0 3 0 3 0 6 0 0 0 4 0 3 1 0 0 3 0 6 0 0 0 5 0 0 0 0 0 1 0 6 0 6 0 3 1 0 0 3 0 2 0 2 0 4 0 3 0 6 0 1 0 3 1 0 0 5 0 6 0 2 0 2 0 4 0 6 0 4 0 5 0 0 0 4 0 0 0 2 0 0 1 0 1 0 0 5 0 4 0 3 0 4 0 0 0 6 0 1 1 0 0 4 0 4 0 3 1 0 0 2 0 5 0 6 0 3 0 5 0 4 0 5 0 1 0 5 0 2 0 6 0 3 0 4 0 3 0 5 0 3 0 3 0 1 0 1 0 3 0 2 0 2 0 4 1 0 0 1 0 1 0 0 0 1 0 3 0 1 0 2 0 4 0 5 0 4 0 3 0 0 0 5 0 1 0 2 1 0 1 0 0 3 0 2 0 6 0 4 0 5 0 0 0 6 0 3 0 5 0 2 1 0 0 0 0 0 0 2 0 5 0 5 0 5 0 6 0 1 0 2 0 5 0 6 0 3 1 0 0 3 0 6 0 3 0 4 0 4 0 5 1 0 1 0 0 4 0 1 0 6 0 5 0 3 0 4 0 2 0 1 0 4 0 3 0 1 1 0 0 6 0 5 0 5 0 5 0 0 0 5 0 2 0 0 0 4 0 3 0 6 0 1 0 0 0 2 0 6 0 2 0 5 0 2 0 5 1 0 0 0 0 4 0 3 1 0 0 3 0 1 0 1 0 6 0 6 0 1 0 3 0 6 0 2 0 2 0 2 0 5 0 0 0 1 0 2 0 4 0 4 0 1 0 2 1 0 0 0 1 0 0 0 0 4 0 3 0 0 0 3 0 2 0 4 0 4 0 1 0 3
1 435 1 0 1 0 0 0 3 1 0 1 0 0 4 0 5 0 0 0 2 0 6 0 2 1 0 0 1 0 0 0 2 0 4 1 0 0 2 0 3 0 2 0 6 0 2 0 0 0 0 0 5 0 2 0 1 0 0 1 0 1 0 0 5 0 2 0 2 0 1 0 0 0 3 0 5 0 6 0 0 1 0 0 6 0 4 0 5 0 1 0 0 0 5 0 4 0 0 0 0 0 3 0 5 0 5 0 5 0 1 0 6 0 2 0 3 0 2 0 0 0 1 0 4 0 1 1 0 1 0 0 3 0 2 0 0 0 1 0 2 0 4 0 4 1 0 0 1 0 2 0 0 1 0 0 5 0 3 0 6 0 0 0 4 0 2 0 3 0 4 0 2 0 6 0 5 0 0 0 2 0 0 0 3 1 0 1 0 0 3 0 2 0 6 0 4 0 5 0 1 1 0 0 2 0 2 0 0 0 2 0 6 0 2 0 5 0 1 0 4 0 1 1 0 0 2 0 2 0 3 0 5 1 0 0 6 0 5 0 5 0 5 0 2 0 3 0 2 0 5 0 0 0 3 0 6 0 5 1 0 0 0 0 5 0 3 0 4 0 4 0 5 0 3 0 5 0 3 0 6 0 0 1 0 1 0 0 6 0 0 0 2 0 2 0 5 0 0 1 0 0 0 0 4 0 5 0 4 0 0 0 1 0 5 0 3 0 0 1 0 0 4 1 0 0 5 0 4 0 4 0 3 0 2 0 2 0 5 0 1 0 1 0 0 0 5 0 3 0 0 0 5 0 4 0 6 0 2 0 6 0 3 1 0 0 1 0 1 0 0 1 0 0 6 0 2 0 3 0 5 0 5 0 3 1 0 0 5 0 5 0 4 0 5 0 2 0 1 0 2 0 5 0 1 0 1 0 3 0 5 0 6 0 0 0 6 0 0 0 0 1 0 0 1 0 6 0 5 0 1 0 1 0 3 1 0
1 435 2 0 2 0 1 0 0 0 0 1 0 0 1 0 3 0 1 0 5 0 4 0 6 0 6 0 1 0 0 0 5 0 1 1 0 0 4 0 6 0 5 0 4 0 5 0 0 0 1 0 2 0 5 0 2 0 1 1 0 1 0 0 2 0 5 0 4 0 2 0 0 1 0 0 4 0 5 0 2 1 0 0 5 0 2 0 3 0 3 0 1 0 3 0 1 0 1 0 0 1 0 0 4 0 4 0 3 0 4 0 4 0 5 0 6 0 4 0 0 0 3 0 0 0 4 1 0 0 6 0 5 0 4 0 0 0 2 0 5 0 1 0 2 1 0 0 2 0 4 0 1 1 0 0 3 0 0 0 5 0 2 0 0 0 5 1 0 0 1 0 6 0 5 0 3 0 1 0 4 0 1 0 0 0 0 0 6 0 5 0 5 0 5 0 2 0 3 0 4 0 6 0 3 0 4 0 0 0 5 0 4 0 6 0 2 0 4 0 0 0 4 0 6 0 3 0 4 1 0 0 5 0 0 0 5 0 4 0 4 0 3 0 5 0 6 0 5 0 2 0 1 1 0 0 6 0 4 1 0 0 1 0 3 0 0 0 2 0 2 0 4 0 0 0 4 0 0 0 5 0 2 1 0 1 0 0 4 0 1 0 4 0 5 0 2 0 2 0 6 0 0 0 1 0 4 0 1 0 1 0 3 0 2 1 0 0 2 1 0 0 2 0 0 0 3 0 2 0 1 1 0 0 5 0 5 0 2 0 3 0 2 0 1 0 2 1 0 0 2 0 3 0 2 0 5 0 6 0 5 0 0 1 0 0 2 0 2 0 1 1 0 0 4 0 5 1 0 0 4 0 4 0 1 0 0 0 3 0 4 0 2 0 3 0 5 0 2 0 5 0 2 0 3 0 2 1 0 0 4 0 5 0 2 0 4 0 1 0 1 0 6 0 2 0 5 0 3 0 3 0 2 1 0 1 0
1 435 4 0 4 0 2 0 0 0 1 0 6 0 1 0 6 0 3 0 3 0 2 0 6 0 5 0 3 0 1 0 2 0 4 1 0 0 1 0 6 0 4 0 2 0 3 0 1 0 2 0 5 0 2 0 5 0 3 1 0 0 6 0 4 0 3 0 1 0 5 0 1 1 0 0 1 0 3 1 0 0 0 0 2 0 5 0 6 0 6 0 2 0 6 0 2 0 2 0 1 1 0 0 1 0 2 0 0 0 2 0 2 0 4 0 6 0 1 0 1 0 6 0 1 0 2 0 0 0 5 0 4 0 1 0 1 0 5 0 2 0 3 0 5 0 6 0 4 0 0 0 4 0 6 0 5 0 1 0 2 0 5 0 1 0 3 1 0 0 3 0 5 0 3 1 0 0 4 0 0 0 3 0 0 0 1 0 5 0 4 0 4 0 3 0 5 1 0 0 2 0 6 0 0 0 1 0 2 0 3 0 2 0 5 0 6 0 0 0 2 0 1 0 6 0 0 0 3 0 0 0 2 0 2 0 3 0 2 0 2 0 0 0 4 0 6 0 3 0 5 0 3 1 0 0 5 0 2 1 0 0 2 0 6 0 0 0 4 0 5 0 0 0 2 0 0 0 2 0 2 1 0 0 0 1 0 0 0 0 4 0 1 0 3 0 5 0 5 0 4 0 1 0 3 0 0 0 3 0 2 0 6 0 5 0 6 0 4 0 6 0 3 0 0 0 6 0 4 0 3 1 0 0 3 0 3 0 5 0 6 0 4 0 2 0 5 0 6 0 3 0 6 0 5 0 3 0 6 0 3 0 2 0 6 0 3 0 4 0 3 1 0 0 1 0 5 0 0 0 1 0 1 0 3 0 0 1 0 0 1 0 5 1 0 0 3 0 6 0 2 0 5 0 6 0 5 1 0 0 1 0 3 0 6 0 0 0 3 0 3 0 4 0 6 0 2 1 0 1 0 1 0 0 0 0 5
0 437 1 0 1 0 1 0 5 0 0 0 3 0 4 0 4 0 4 1 0 1 0 0 6 0 5 0 3 1 0 0 3 0 5 0 1 1 0 0 3 0 5 0 1 0 5 0 6 0 2 0 5 0 2 0 6 0 3 0 1 0 0 0 5 0 1 1 0 0 4 0 2 0 4 0 6 0 1 1 0 1 0 0 0 0 5 0 3 0 6 0 5 0 6 0 4 0 5 0 4 0 3 0 6 0 1 0 4 0 0 0 4 0 5 0 1 0 5 0 3 0 3 0 4 0 3 0 4 0 1 0 3 0 1 0 3 0 3 0 2 0 5 1 0 0 4 0 6 0 1 0 2 0 1 0 6 0 3 0 3 0 5 0 2 0 3 1 0 1 0 1 0 0 4 0 1 0 0 0 0 0 1 0 6 0 0 0 3 0 3 0 2 0 2 0 0 0 4 1 0 0 5 0 4 0 1 0 2 0 4 0 6 0 5 0 3 0 5 0 1 0 4 0 3 0 4 0 1 0 6 0 0 0 4 0 4 0 6 0 4 0 4 0 1 0 1 0 6 0 0 0 4 0 1 0 0 0 2 0 6 0 6 0 4 0 4 0 2 0 1 0 3 0 1 0 4 0 0 0 4 0 5 0 6 0 0 0 6 0 0 0 0 0 3 1 0 0 4 0 4 0 1 0 3 0 6 0 0 0 6 0 5 0 5 0 4 0 6 0 2 0 5 1 0 0 2 0 5 0 2 0 0 1 0 1 0 0 0 0 4 0 6 0 1 0 6 0 3 0 6 0 0 0 6 0 4 0 0 0 5 1 0 0 6 0 5 0 0 0 2 0 0 1 0 0 3 0 2 0 1 0 2 0 2 0 6 0 1 0 6 0 2 0 3 1 0 1 0 0 5 0 6 0 3 0 6 0 4 1 0 0 2 1 0 0 5 0 1 1 0 0 0 0 2 0 5 1 0 0 0 1 0 0 6 0 0 0 3
1 437 2 0 2 0 3 0 2 0 1 1 0 0 2 0 2 0 3 0 0 1 0 0 5 0 4 0 0 1 0 1 0 0 3 0 4 0 6 0 6 0 2 0 4 0 3 0 5 0 6 0 2 0 6 0 4 1 0 0 3 0 1 0 2 0 4 1 0 0 0 0 6 0 1 0 5 0 4 1 0 0 6 0 0 0 3 0 0 0 6 0 4 0 6 0 2 0 4 0 2 0 0 0 5 0 4 0 0 0 2 0 1 0 3 0 4 0 3 0 0 0 0 0 2 0 0 0 1 0 3 0 6 0 2 0 6 0 6 0 5 0 4 0 0 0 1 0 5 0 3 0 4 0 3 0 5 0 0 0 0 0 3 0 6 0 0 0 0 1 0 1 0 0 0 0 3 0 0 0 0 0 3 0 4 0 1 0 6 0 6 0 4 0 4 0 1 0 2 0 0 0 3 0 1 0 3 0 5 0 1 0 6 0 4 0 0 0 3 0 4 0 1 0 0 0 1 0 4 0 4 0 2 0 1 0 2 0 6 0 2 0 1 0 3 0 3 0 4 0 2 0 0 0 3 0 0 0 5 0 5 0 6 0 2 0 1 0 5 0 2 0 6 0 3 0 0 0 2 0 1 0 4 0 5 0 2 0 4 0 1 0 1 0 0 0 0 0 1 0 1 0 3 1 0 0 5 0 2 0 5 0 4 0 4 0 2 0 5 0 6 0 3 1 0 0 5 0 2 0 5 0 1 1 0 0 6 0 0 0 1 0 5 0 4 0 5 0 0 0 5 0 2 0 5 0 1 0 2 0 4 0 0 0 5 0 3 0 1 0 4 0 1 0 6 0 5 0 4 0 2 0 4 0 5 0 4 0 4 0 4 0 6 0 0 0 0 1 0 0 3 0 6 0 0 0 6 0 2 1 0 0 5 1 0 0 2 0 4 0 5 1 0 0 5 0 3 1 0 0 1 1 0 0 4 0 1 1 0
1 437 4 0 4 0 6 0 4 0 3 0 6 0 3 0 4 0 6 0 1 1 0 0 3 0 1 0 2 1 0 0 6 0 6 0 1 0 6 0 5 0 6 0 1 0 0 0 4 0 5 0 6 0 5 0 2 1 0 0 6 0 2 0 5 0 1 1 0 0 1 0 4 0 4 0 3 0 3 0 0 0 4 0 1 0 6 0 1 0 5 0 2 0 5 0 6 0 0 0 5 0 1 0 3 0 1 0 1 0 4 0 2 1 0 0 1 1 0 0 1 0 0 0 4 0 0 0 2 1 0 0 5 0 6 0 5 0 6 0 4 0 1 0 1 0 3 0 3 0 0 0 2 0 0 0 3 0 1 0 0 1 0 0 5 0 1 0 1 1 0 0 5 1 0 0 6 0 0 0 0 1 0 0 1 0 4 0 5 0 6 0 2 0 1 0 3 0 4 0 0 0 6 0 2 1 0 0 3 0 4 0 5 0 1 0 1 1 0 0 1 0 3 0 0 0 3 0 1 0 1 0 5 0 2 0 5 0 4 0 5 0 2 1 0 0 0 0 1 0 5 0 0 0 6 0 1 0 3 0 4 0 5 0 5 0 3 0 2 0 6 0 4 1 0 0 1 0 4 0 3 0 1 0 3 0 6 0 0 0 3 0 2 0 0 0 0 0 2 0 3 0 0 0 0 0 2 0 6 0 3 0 2 0 1 0 6 0 3 0 6 0 1 0 0 0 2 0 6 0 2 0 4 1 0 0 4 0 1 0 3 0 3 0 2 0 3 0 2 0 2 0 6 0 2 0 3 0 5 0 0 0 2 0 2 1 0 0 4 0 0 0 4 0 5 0 4 0 1 0 6 0 1 0 4 0 2 0 2 0 2 0 5 0 1 0 1 0 6 0 6 0 4 0 2 0 4 1 0 0 0 0 3 1 0 0 5 0 1 0 5 0 0 0 3 0 0 1 0 0 3 1 0 0 0 0 4 0 5
1 439 1 0 1 0 2 0 6 0 2 0 0 0 6 0 0 0 2 0 5 0 4 0 6 0 5 0 2 0 5 1 0 0 5 0 5 0 4 0 5 0 4 0 5 0 3 0 1 0 1 0 4 0 6 0 3 1 0 0 0 0 4 0 6 0 2 0 4 0 6 0 2 0 1 0 1 1 0 1 0 0 2 0 0 0 4 0 4 0 4 0 2 0 6 0 3 0 5 0 2 0 2 0 3 0 6 0 2 0 3 0 0 0 6 0 6 0 2 0 6 0 1 0 1 0 0 0 1 0 5 1 0 0 3 0 6 0 4 0 6 0 1 0 3 0 2 0 6 0 6 0 0 0 4 0 0 0 6 0 2 0 1 1 0 0 2 0 3 0 3 1 0 0 4 0 0 0 4 0 1 0 1 0 6 0 2 0 1 0 4 0 5 0 5 0 2 1 0 0 1 0 2 0 4 0 6 0 6 0 6 0 1 0 3 0 3 0 3 0 6 0 1 0 6 0 0 0 6 0 2 0 3 0 2 0 6 0 3 0 2 0 3 0 6 0 5 1 0 0 3 0 2 0 2 0 4 0 3 1 0 0 2 0 4 0 3 1 0 0 6 0 5 0 2 1 0 0 3 0 0 1 0 0 3 1 0 0 5 0 1 0 6 0 4 0 0 0 0 0 4 0 6 0 0 0 0 0 5 0 4 1 0 0 5 0 3 0 5 0 0 0 5 0 3 0 0 0 5 0 4 0 6 0 2 0 0 0 0 0 3 0 6 0 6 0 4 0 6 0 4 0 5 0 4 0 5 1 0 0 3 0 1 0 4 0 5 1 0 0 0 0 2 0 1 0 4 0 1 0 4 0 4 0 4 0 0 0 5 0 4 0 5 0 2 0 3 0 3 0 5 0 6 0 1 0 6 0 1 1 0 0 1 0 0 0 0 0 2 0 4 0 2 0 1 0 6 0 1 0 6 0 6 0 6 0 0 0 1 0 4
0 439 2 0 2 0 5 0 4 0 5 0 1 0 4 0 1 0 5 0 3 0 2 0 6 0 3 0 6 0 4 0 0 0 3 0 4 0 2 0 4 0 2 0 3 1 0 0 3 0 3 0 1 0 6 0 0 1 0 0 1 0 1 0 5 0 6 0 1 0 5 0 5 0 2 0 3 1 0 0 6 0 3 0 1 0 1 0 2 0 1 0 6 0 5 0 0 0 3 0 5 0 4 1 0 0 5 0 5 0 6 0 1 0 5 0 5 0 6 0 4 0 3 0 2 0 0 0 3 0 3 1 0 1 0 0 6 0 2 0 5 0 3 0 6 0 5 0 5 0 5 0 2 0 0 0 2 0 4 0 5 0 3 0 6 0 3 1 0 0 1 0 0 0 0 0 2 0 0 0 3 0 3 0 4 0 5 0 3 0 1 0 4 0 3 0 6 0 6 0 1 0 5 0 1 0 6 0 6 0 5 0 3 1 0 0 0 0 0 0 5 0 4 0 4 0 2 0 4 0 5 0 6 0 5 0 4 1 0 0 5 1 0 0 6 0 4 1 0 0 6 0 4 0 5 0 1 0 0 1 0 0 5 0 1 0 1 0 0 0 5 0 3 0 6 0 6 0 5 0 1 1 0 0 0 0 0 0 2 0 4 0 5 0 1 0 1 0 1 0 1 0 5 0 1 0 1 0 3 0 3 0 0 0 3 0 0 0 3 0 2 0 2 1 0 0 2 0 3 0 2 0 5 0 5 0 0 0 0 1 0 0 6 0 6 0 2 0 6 0 2 0 4 0 2 0 4 1 0 0 6 0 3 0 1 0 4 1 0 0 0 0 4 0 3 0 0 0 4 0 1 0 2 0 1 0 2 0 3 0 2 0 3 0 5 1 0 0 0 0 4 0 5 0 4 0 4 0 4 0 6 0 1 0 0 0 0 0 5 0 0 0 5 0 3 0 4 0 4 0 5 0 6 0 5 0 1 0 3 0 1
0 439 4 0 5 0 3 0 2 0 3 0 4 0 0 0 4 0 2 1 0 0 6 0 5 0 0 0 6 0 1 0 1 1 0 0 1 0 6 0 0 0 5 1 0 1 0 0 6 0 6 0 3 0 4 0 2 0 6 0 1 0 3 0 3 0 5 0 4 0 3 0 3 0 6 0 0 0 0 0 4 1 0 0 3 0 2 0 4 0 3 0 5 0 3 0 1 1 0 0 4 0 3 0 0 0 3 0 4 0 5 0 4 0 3 0 4 0 6 0 1 1 0 0 5 0 0 1 0 0 1 0 0 1 0 0 4 0 6 0 3 0 0 0 6 0 4 0 4 0 3 0 5 0 0 0 5 0 1 0 4 0 0 0 6 0 0 1 0 0 2 0 0 0 0 0 4 0 0 1 0 0 0 0 2 0 3 1 0 0 4 0 1 0 0 0 6 0 5 0 4 0 2 0 4 0 5 0 6 0 4 0 0 1 0 0 0 0 1 0 3 0 2 0 1 0 6 0 1 0 4 0 6 0 4 0 3 0 0 0 4 0 0 0 5 0 3 0 0 0 5 0 2 0 3 0 3 0 1 1 0 0 2 0 3 0 2 0 1 0 3 0 0 0 6 0 6 0 3 0 4 0 5 1 0 0 0 0 5 0 1 0 3 0 3 0 2 0 2 0 3 0 2 0 3 0 2 0 6 0 6 0 0 0 6 0 0 0 6 0 4 0 5 0 6 0 3 0 6 0 5 0 3 0 3 0 1 0 1 1 0 0 5 0 5 0 6 0 4 0 6 0 0 0 6 0 2 0 0 0 4 1 0 0 4 0 1 1 0 0 1 0 0 1 0 0 2 0 0 0 3 0 4 0 2 0 4 0 6 0 4 1 0 0 4 1 0 0 1 0 1 0 4 0 2 0 2 0 2 0 5 0 3 0 0 0 1 0 2 0 2 0 3 0 0 0 2 0 2 0 4 0 6 0 3 0 3 0 6 0 2
1 441 1 0 1 0 3 1 0 0 5 1 0 0 1 0 2 0 0 1 0 0 0 0 5 0 3 0 2 0 4 0 3 0 3 0 6 0 2 0 4 0 2 0 4 0 0 1 0 0 5 0 6 0 0 0 1 0 6 0 4 0 3 1 0 0 0 0 4 0 2 0 0 0 0 0 5 0 1 0 1 0 1 1 0 0 6 0 5 0 1 0 0 0 3 1 0 0 4 1 0 0 0 1 0 0 1 1 0 0 2 0 4 0 2 0 0 0 2 0 5 0 4 1 0 0 2 0 2 0 6 0 1 0 1 1 0 0 1 0 5 1 0 0 2 0 5 0 2 0 2 0 0 0 3 0 2 0 2 0 4 0 0 0 2 0 4 0 2 0 6 0 3 0 0 0 1 0 0 0 2 0 5 1 0 0 5 0 0 0 0 0 0 0 3 0 1 0 5 0 4 0 1 0 6 0 1 0 4 0 6 0 1 0 2 0 5 1 0 0 2 0 6 0 4 0 3 0 4 0 4 0 1 0 6 0 1 1 0 0 2 0 0 0 2 0 2 1 0 0 2 0 2 0 5 0 6 0 6 0 3 0 6 0 3 0 6 0 4 0 2 0 6 0 1 0 5 0 6 0 0 0 2 0 4 1 0 0 1 0 2 0 3 0 6 0 6 0 4 0 4 0 6 0 4 0 6 0 5 0 5 0 5 0 2 0 4 0 2 0 5 0 2 0 4 0 6 0 0 0 6 0 3 1 0 1 0 0 3 0 3 1 0 0 3 0 4 0 6 0 2 0 5 0 2 0 4 0 5 0 1 0 2 0 0 0 0 0 4 0 6 0 1 0 1 0 6 0 3 0 0 1 0 0 1 0 6 0 1 0 6 0 3 0 0 0 1 1 0 0 2 0 3 0 0 0 5 0 4 0 5 0 2 1 0 0 1 0 2 0 4 0 4 0 6 0 0 0 4 0 5 0 1 0 6 0 0 0 0 0 5 0 5
1 441 2 0 3 0 0 0 0 0 3 1 0 0 2 0 4 0 1 0 6 0 0 0 2 1 0 0 6 0 1 0 0 0 0 0 5 0 6 0 0 0 6 0 0 0 2 1 0 0 3 0 5 0 1 0 3 0 5 0 2 0 0 1 0 0 1 0 0 0 5 0 0 0 1 0 2 0 3 0 2 0 3 1 0 0 5 0 3 0 3 0 1 0 0 0 0 0 1 1 0 0 1 0 6 0 2 0 6 0 4 0 0 0 5 0 0 0 5 0 3 0 2 1 0 0 4 0 5 0 4 0 3 0 3 0 6 0 2 0 3 1 0 0 5 0 2 0 5 0 4 0 0 0 6 0 4 0 5 0 0 0 1 0 5 0 0 0 6 0 4 1 0 0 1 0 2 0 0 0 5 0 4 0 0 0 2 0 1 0 0 0 0 0 6 0 3 0 3 0 1 0 4 0 4 0 4 0 1 0 5 0 3 0 5 0 3 1 0 0 5 0 5 0 2 0 0 0 2 0 1 0 4 0 4 0 4 0 6 0 3 0 0 0 4 0 5 0 6 0 3 0 5 0 3 0 6 0 6 0 0 0 6 0 0 0 6 0 1 0 6 0 4 0 4 0 3 0 5 0 1 0 5 0 1 1 0 0 2 0 4 1 0 0 6 0 6 0 2 0 2 0 6 0 2 0 6 0 4 0 4 0 3 0 6 0 0 0 6 0 2 0 6 0 1 0 5 0 2 0 5 0 1 0 0 0 6 0 5 1 0 1 0 1 0 0 2 0 5 0 6 0 2 0 6 0 1 0 3 0 3 0 4 0 0 0 1 0 1 0 5 0 3 0 3 0 4 1 0 0 2 0 6 0 2 0 4 0 4 0 4 1 0 0 1 0 3 0 6 0 3 0 6 0 1 0 3 0 2 0 3 0 6 0 6 0 1 0 5 0 1 0 2 0 5 0 2 0 1 0 3 0 4 0 4 0 1 0 1 0 3 0 4
0 441 4 0 6 0 0 0 0 1 0 1 0 0 5 0 0 0 4 0 4 0 1 0 5 1 0 0 4 0 3 0 0 0 1 0 3 0 5 0 2 0 4 0 1 0 5 0 6 0 6 0 2 0 3 1 0 0 3 0 5 0 1 0 6 0 1 0 1 0 2 0 1 0 2 0 4 0 6 0 5 0 0 0 0 0 2 1 0 1 0 0 3 0 0 0 0 0 3 0 6 0 2 0 4 0 6 0 5 0 1 0 2 0 2 0 2 0 2 1 0 1 0 0 0 0 1 0 4 0 2 0 0 0 0 0 5 0 6 0 0 0 0 0 2 0 6 0 3 0 1 0 2 0 5 0 2 0 3 0 1 0 3 0 2 0 2 0 5 0 2 1 0 0 2 0 4 0 1 0 3 0 1 0 1 0 4 0 2 0 0 0 1 0 4 1 0 1 0 0 4 0 1 0 2 0 1 0 4 0 3 0 0 0 4 0 1 0 0 0 3 0 3 0 5 0 0 0 4 0 3 0 1 0 2 0 2 0 5 1 0 0 2 0 1 0 4 0 6 0 0 0 4 0 0 0 6 0 5 0 2 0 4 0 2 0 4 0 4 0 5 0 2 0 2 0 0 0 3 0 4 0 2 0 4 0 6 0 4 0 2 0 0 0 5 0 5 0 5 0 5 0 4 0 6 0 5 0 2 0 2 0 0 0 5 0 2 0 4 0 6 0 4 0 4 0 2 0 6 0 2 0 3 0 1 0 5 0 5 0 0 1 0 0 6 0 4 0 3 0 5 0 6 0 4 0 3 1 0 0 0 0 1 0 1 0 2 0 3 0 3 0 0 0 0 0 2 1 0 0 5 0 4 0 6 0 1 0 2 0 2 1 0 0 2 1 0 0 6 0 0 0 5 0 3 0 6 0 4 1 0 0 6 0 5 0 4 0 2 0 3 0 5 0 2 0 5 0 2 1 0 0 2 0 1 0 3 0 2 1 0 0 2
1 443 1 0 1 0 5 0 1 0 1 1 0 1 0 0 2 0 2 0 1 0 1 0 4 0 4 0 0 0 0 1 0 0 1 0 2 1 0 0 3 0 6 0 0 0 4 0 3 0 6 0 5 0 5 1 0 1 0 1 0 0 3 0 4 0 4 0 3 0 2 0 4 0 2 0 5 0 1 0 6 0 3 0 1 0 0 0 5 1 0 0 6 0 5 0 0 0 0 1 0 0 5 0 6 0 1 0 6 0 3 0 3 0 4 0 4 0 4 0 5 1 0 0 5 1 0 0 3 0 0 0 5 0 0 0 1 0 3 0 5 0 1 0 0 0 5 0 4 1 0 0 3 0 5 0 2 0 5 0 6 0 2 0 6 0 4 0 5 0 2 0 6 0 6 0 4 0 0 0 3 0 6 0 2 0 3 0 0 0 5 0 0 0 3 0 2 0 0 1 0 0 0 0 3 0 4 0 3 0 0 1 0 0 2 0 0 0 3 0 0 1 0 0 0 0 3 0 2 0 0 1 0 0 3 0 4 0 5 0 3 1 0 0 4 0 3 0 1 0 5 0 2 0 0 0 2 0 5 0 3 0 6 0 0 0 6 0 1 0 2 0 3 0 5 0 4 0 0 1 0 0 1 0 6 0 1 0 6 0 1 0 5 0 1 0 3 0 4 0 4 0 4 0 2 0 6 0 3 0 5 0 4 0 1 0 2 0 6 0 1 0 6 0 2 0 1 0 6 0 4 0 5 0 6 0 3 0 3 0 3 0 2 1 0 0 5 0 2 0 0 0 4 0 6 0 2 0 0 1 0 0 0 0 2 0 2 0 4 0 6 0 6 0 0 0 0 0 5 1 0 0 3 0 2 0 5 0 3 0 4 0 5 0 6 0 4 1 0 0 4 0 2 0 3 0 0 0 6 0 3 0 0 0 5 0 4 0 1 0 5 1 0 0 3 0 6 0 2 0 6 0 6 0 3 0 2 0 6 0 5 0 6 0 3
0 443 2 0 3 0 2 0 3 0 3 1 0 0 6 0 3 0 4 0 2 0 3 0 1 0 1 0 1 0 1 0 6 0 1 0 5 0 6 0 6 0 4 0 2 0 1 0 0 0 6 0 4 0 5 0 0 1 0 0 6 0 6 0 1 0 1 1 0 0 6 0 0 0 6 0 2 0 4 0 4 1 0 0 3 0 1 0 4 0 0 0 5 0 3 0 1 0 1 1 0 0 3 0 5 0 4 0 5 0 0 0 0 0 2 0 2 0 2 0 5 0 0 0 3 1 0 0 6 0 1 0 2 0 1 0 2 1 0 0 3 0 3 0 1 0 3 0 2 1 0 1 0 0 3 0 6 0 3 0 5 0 6 0 5 0 2 0 3 0 6 0 5 0 6 0 1 0 1 1 0 0 5 0 5 0 6 0 1 0 2 0 1 0 6 0 4 0 1 0 5 1 0 1 0 0 1 1 0 0 2 0 6 0 3 0 0 0 6 0 1 0 5 1 0 0 6 0 4 0 1 0 6 0 6 0 1 0 4 0 1 0 0 0 0 1 0 0 4 0 2 0 5 0 0 0 5 0 3 0 0 0 5 0 2 0 4 0 3 0 4 1 0 0 4 0 1 0 2 0 6 0 2 0 4 0 4 0 4 0 4 0 2 0 3 1 0 0 2 0 2 0 1 0 6 0 5 0 0 0 4 0 1 0 3 0 5 0 4 0 4 0 4 0 5 0 3 0 5 0 2 0 4 0 5 1 0 1 0 1 0 1 0 0 0 0 2 0 5 0 1 0 1 0 5 0 5 0 1 0 5 1 0 0 4 0 5 0 1 0 6 0 5 0 1 0 1 0 3 1 0 0 6 0 5 0 3 0 0 0 2 0 4 0 6 0 3 0 0 0 0 0 5 0 6 0 1 0 4 1 0 0 2 0 3 0 1 0 4 0 3 1 0 1 0 0 5 0 6 0 5 0 5 1 0 0 6 0 5 0 4 0 6 0 0
0 443 4 0 6 0 4 1 0 0 1 0 0 0 5 0 0 0 1 0 5 0 6 0 2 0 2 0 2 0 3 0 4 0 4 0 3 0 6 0 6 0 1 0 5 0 2 0 1 0 5 0 2 0 3 0 2 1 0 0 5 0 5 0 3 0 3 1 0 0 4 0 2 0 4 0 6 0 1 0 2 1 0 0 6 0 3 0 0 0 2 0 2 1 0 0 3 0 3 0 6 0 6 0 3 0 2 0 3 0 1 0 0 0 4 0 4 0 5 0 2 0 2 0 0 0 0 0 4 0 3 0 4 0 2 0 5 0 6 0 5 0 6 0 2 0 6 0 5 1 0 0 6 0 6 0 5 0 0 0 4 0 6 0 3 0 5 1 0 0 6 0 4 0 5 0 3 0 3 1 0 0 3 0 4 0 5 0 3 0 4 0 3 0 5 0 1 0 4 0 4 0 0 0 6 0 2 0 6 0 4 0 4 1 0 0 2 0 4 0 4 0 4 0 0 0 5 0 1 0 4 0 5 0 5 0 4 0 0 0 3 0 0 0 1 1 0 0 0 0 6 0 2 0 2 0 2 1 0 0 2 0 2 0 6 0 1 0 0 0 3 0 0 0 0 0 3 0 5 0 4 0 6 0 1 0 2 0 2 0 1 0 5 1 0 1 0 0 4 0 4 0 3 0 5 0 3 0 2 0 0 0 3 1 0 0 4 0 2 0 2 0 2 0 4 0 0 0 3 0 6 0 1 0 5 0 0 1 0 1 0 0 5 1 0 0 5 0 2 0 3 0 3 0 3 0 3 0 4 0 4 0 0 0 1 0 3 0 4 0 5 0 3 0 3 0 3 0 0 0 0 0 5 0 3 1 0 0 1 0 5 0 1 0 5 1 0 0 1 0 1 0 3 0 5 0 4 0 1 1 0 0 4 0 6 0 3 0 1 0 1 0 0 1 0 0 3 0 6 0 4 0 5 0 0 0 5 0 4 0 2 0 5 0 1
0 445 1 0 1 0 6 0 2 1 0 0 2 0 1 0 2 0 1 0 3 0 3 0 5 0 5 0 4 0 4 1 0 0 2 0 2 0 0 0 6 0 5 0 4 0 2 0 5 0 3 0 2 0 5 0 6 0 5 1 0 0 3 0 4 0 0 0 1 0 0 0 0 0 6 0 1 0 5 0 3 0 5 1 0 0 4 1 0 0 1 0 4 0 5 0 6 0 5 1 0 0 6 0 5 1 0 0 5 0 6 0 2 0 1 0 1 0 2 0 3 0 5 0 4 0 0 0 1 0 1 0 0 0 1 0 6 0 3 0 6 0 4 0 5 0 6 0 5 0 5 0 0 0 5 0 6 0 3 0 2 0 1 0 6 0 0 0 5 0 0 0 5 0 2 0 4 0 0 0 0 1 0 1 0 0 2 0 4 0 0 0 2 0 0 0 3 0 4 0 1 0 1 0 2 0 4 0 6 0 5 0 2 0 2 1 0 0 5 0 1 0 2 0 1 0 2 0 2 0 4 0 1 0 4 0 4 0 1 0 1 0 6 0 0 0 3 0 6 0 0 0 4 0 5 0 4 0 5 0 6 0 3 0 5 0 4 0 3 0 0 0 6 0 0 0 0 1 0 0 4 0 2 0 5 0 3 0 4 0 4 0 3 0 4 0 0 1 0 0 1 0 2 0 0 0 3 1 0 0 5 0 1 0 0 0 0 0 0 0 5 0 4 0 5 0 0 0 1 1 0 0 5 0 4 0 2 0 2 1 0 1 0 0 4 0 0 0 2 0 5 1 0 0 0 0 0 0 0 0 2 0 1 0 1 0 2 1 0 0 2 0 3 1 0 1 0 1 0 0 1 0 1 0 3 0 0 1 0 0 3 0 2 0 4 0 3 1 0 0 2 0 2 1 0 0 4 0 1 0 4 1 0 0 1 0 5 1 0 0 3 0 2 0 1 0 6 0 6 0 5 0 2 0 3 0 2 0 3 0 1 0 6 0 2 0 3
1 445 2 0 3 0 4 0 6 0 6 0 3 0 2 0 4 0 2 1 0 0 0 0 4 0 4 0 2 0 2 1 0 0 4 0 4 0 1 0 5 0 4 0 1 0 6 0 2 1 0 0 6 0 3 0 6 0 4 1 0 1 0 0 1 0 1 0 2 0 0 0 1 0 4 0 4 0 3 0 0 0 5 0 0 0 1 1 0 0 3 0 1 0 4 0 6 0 5 0 0 0 5 0 5 0 0 0 3 0 5 0 5 0 2 0 2 0 4 1 0 0 4 0 1 0 1 0 2 0 2 0 0 0 3 0 5 0 0 0 6 0 2 0 4 0 6 0 4 0 3 0 2 0 3 0 5 1 0 0 5 0 3 0 4 0 2 0 2 0 2 0 2 0 6 0 0 0 1 0 1 1 0 0 6 0 4 0 0 0 1 0 4 0 0 1 0 0 1 0 3 0 2 0 5 0 1 0 6 0 3 0 5 0 5 1 0 0 2 0 3 0 4 0 2 0 4 0 5 0 0 0 4 0 1 0 1 0 3 0 3 0 4 0 1 1 0 0 5 0 2 0 1 0 4 0 2 0 4 0 6 0 0 0 4 0 1 1 0 0 2 0 4 0 1 0 1 1 0 0 0 0 6 0 3 0 0 0 2 0 2 0 0 0 1 0 2 0 6 0 1 0 4 0 1 0 0 0 0 0 2 0 3 0 0 0 0 0 1 0 3 0 2 0 3 0 1 0 3 1 0 0 3 0 1 0 5 0 5 1 0 1 0 0 0 0 1 0 5 0 3 1 0 0 0 0 0 0 0 0 4 0 2 0 2 0 5 0 6 0 4 0 0 0 0 1 0 0 6 0 1 0 2 0 6 0 1 0 6 0 5 0 5 0 1 0 0 1 0 0 4 0 5 1 0 0 0 0 4 0 1 1 0 0 3 0 3 1 0 0 6 0 4 0 3 0 5 0 6 0 3 0 5 0 6 0 4 0 6 0 3 0 4 0 5 1 0
1 445 4 1 0 0 2 0 6 0 5 1 0 0 6 0 0 0 6 0 6 0 0 0 1 0 1 0 5 0 5 1 0 0 1 0 1 0 4 0 3 0 1 0 4 0 4 1 0 0 0 0 5 0 0 0 6 0 3 0 0 0 6 0 1 0 2 0 4 0 0 0 3 0 1 0 1 1 0 0 2 0 2 0 1 0 3 0 6 0 5 0 3 0 1 0 6 0 3 0 2 0 3 0 3 0 1 1 0 0 4 0 3 0 5 0 5 0 2 0 0 0 0 0 3 0 2 0 4 0 4 0 0 1 0 0 3 0 2 0 4 0 6 0 1 0 6 0 1 1 0 0 5 1 0 0 5 0 0 0 3 0 0 0 1 0 5 0 4 0 4 0 5 0 4 0 1 0 2 0 3 1 0 0 5 0 1 0 1 0 3 0 0 0 2 0 6 0 1 0 6 0 5 0 2 0 4 0 5 0 0 0 4 0 4 1 0 0 4 1 0 0 1 0 6 0 1 0 3 0 2 0 0 0 3 0 2 1 0 0 0 0 1 0 4 1 0 0 2 0 5 0 3 0 0 0 6 0 1 0 5 0 2 0 0 0 4 0 6 0 4 0 0 0 3 0 3 0 6 0 0 0 4 1 0 0 1 0 4 0 4 0 0 0 2 0 5 0 4 0 4 0 0 0 3 0 0 0 0 0 4 0 6 0 0 0 0 0 2 0 6 0 4 0 6 0 2 1 0 1 0 0 6 0 3 0 3 0 5 0 0 0 5 1 0 0 3 0 3 0 0 1 0 0 0 0 0 0 1 0 0 0 5 0 5 0 3 0 6 0 1 0 1 0 1 1 0 0 4 0 3 0 5 0 4 0 4 0 5 0 4 0 3 0 3 0 1 1 0 0 1 0 4 1 0 0 1 0 0 0 4 0 6 0 6 0 0 0 0 0 5 0 2 0 0 0 4 0 6 0 0 0 4 0 6 0 2 0 6 0 0 0 2 0 4 1 0
1 447 1 0 1 1 0 0 5 0 5 0 5 0 0 0 4 0 2 0 5 0 5 0 1 0 2 0 3 0 3 0 4 1 0 0 2 0 3 0 0 1 0 0 4 0 1 0 2 1 0 0 1 0 2 0 2 0 4 1 0 0 2 0 4 0 3 0 5 0 0 0 1 0 6 0 2 0 3 0 6 0 3 0 4 0 2 1 0 0 6 0 3 1 0 0 4 0 4 1 0 0 5 0 6 0 6 0 3 1 0 0 1 0 0 0 4 0 3 0 5 0 0 0 0 0 6 0 5 0 1 0 1 0 2 0 6 0 5 0 5 0 1 0 5 0 4 0 4 0 4 1 0 0 4 0 0 0 2 0 1 0 6 0 0 0 3 0 3 0 2 0 2 0 4 0 1 0 3 0 5 0 0 0 0 0 2 0 3 0 2 0 6 0 0 0 5 0 4 0 4 0 5 0 3 0 6 0 1 0 3 0 2 0 1 0 3 0 0 0 1 1 0 0 3 0 4 0 3 0 6 0 4 0 0 0 6 0 5 0 5 1 0 0 3 0 1 1 0 0 5 0 2 1 0 0 2 0 4 0 4 0 2 0 5 0 1 0 1 0 6 0 1 0 1 1 0 0 0 0 5 0 2 0 1 1 0 0 3 0 1 0 1 0 1 0 5 0 3 0 2 0 1 0 1 0 6 0 0 0 1 0 1 0 5 0 1 0 0 0 5 0 5 0 2 0 5 1 0 0 0 1 0 0 5 0 0 0 0 0 3 0 2 0 3 1 0 0 6 0 6 0 1 0 5 1 0 0 0 0 2 0 1 0 3 0 4 0 0 0 5 0 3 0 2 0 3 1 0 0 1 0 0 0 4 0 2 0 2 0 4 0 1 1 0 1 0 0 4 0 6 0 2 0 1 1 0 0 2 0 1 0 1 0 6 0 5 0 1 0 1 0 2 0 5 0 1 0 1 0 5 0 2 0 1 0 5 0 6 0 4 0 1 0 5 0 1 1 0
1 447 2 0 3 1 0 0 3 0 4 0 3 0 2 0 0 0 6 0 3 0 3 0 3 0 4 1 0 0 0 0 2 1 0 0 4 0 6 0 1 1 0 0 0 0 3 0 5 0 6 0 1 0 4 0 5 0 1 1 0 0 5 0 1 0 0 0 3 0 1 0 3 0 4 0 5 1 0 0 6 0 0 0 1 1 0 0 0 0 5 0 1 0 0 0 1 0 3 0 0 0 3 0 6 0 6 0 0 1 0 0 2 0 1 0 1 0 0 0 3 0 1 0 1 0 5 0 3 0 3 0 2 0 5 0 5 0 4 0 3 0 4 0 3 0 2 0 2 0 3 0 0 0 0 0 1 0 4 0 3 0 4 0 1 0 6 0 6 0 4 0 5 0 0 0 3 1 0 0 3 0 1 0 0 0 4 0 6 0 5 0 4 0 2 0 3 0 2 0 2 0 4 0 0 0 5 0 3 0 6 0 4 0 2 0 6 0 0 0 3 0 6 0 6 0 1 0 0 0 6 0 1 0 2 0 5 0 4 0 4 1 0 0 6 0 3 1 0 0 2 0 6 0 6 0 4 0 1 0 1 0 6 0 2 0 3 0 3 0 4 0 3 0 3 0 6 0 0 0 2 0 5 0 3 0 6 0 5 0 2 0 2 0 3 0 2 1 0 0 5 0 2 0 3 0 4 0 1 0 2 0 3 0 2 0 3 0 1 0 3 0 3 0 6 0 3 1 0 0 1 1 0 0 2 0 1 0 0 0 6 0 5 0 0 0 0 0 5 0 5 0 4 0 3 1 0 0 0 0 4 0 2 1 0 0 1 0 2 0 2 1 0 0 5 1 0 1 0 0 2 0 1 0 0 0 5 0 5 0 0 0 4 1 0 1 0 0 1 0 5 0 5 0 3 0 6 0 3 0 2 0 3 0 5 0 3 0 3 0 2 0 5 0 2 0 3 0 3 0 2 0 5 0 3 0 3 0 6 0 1 0 4 0 2 0 4 0 5
1 447 4 1 0 1 0 1 0 0 1 1 0 0 5 0 1 0 5 0 0 0 0 0 0 0 2 1 0 0 0 0 5 1 0 0 1 0 5 0 4 0 5 1 0 1 0 0 4 0 5 0 4 0 1 0 3 0 4 1 0 0 2 0 3 0 0 0 6 0 2 1 0 0 2 0 5 0 0 0 4 0 1 0 3 0 6 0 0 0 2 0 3 0 0 0 2 0 6 0 0 1 0 0 6 0 5 0 2 0 6 0 3 0 2 0 2 0 0 0 6 0 2 0 3 0 2 1 0 1 0 0 6 0 3 0 4 0 2 0 0 0 1 1 0 0 5 0 4 0 6 0 0 0 0 0 3 0 1 0 0 0 1 0 4 0 5 0 6 0 2 0 3 0 1 1 0 1 0 0 6 0 2 0 1 0 1 0 6 0 4 0 1 0 5 0 6 0 4 0 5 0 0 0 2 0 3 0 0 0 6 0 1 0 6 0 4 0 1 1 0 0 6 0 5 0 3 0 1 0 4 0 3 0 5 0 3 0 2 0 3 0 0 0 5 0 0 1 0 0 5 0 5 0 6 0 1 0 3 0 3 0 4 0 5 1 0 0 0 0 2 0 0 0 0 0 5 0 1 0 5 0 3 0 0 0 6 0 3 0 5 0 4 0 6 0 5 1 0 0 2 0 5 1 0 0 1 0 3 0 4 0 6 0 4 0 6 0 2 1 0 0 0 0 6 0 0 1 0 0 3 0 6 0 3 0 2 0 1 0 5 0 3 0 1 0 1 0 3 0 4 0 2 0 0 1 0 0 1 0 0 0 6 0 6 0 1 0 4 0 5 1 0 0 4 0 0 0 6 0 3 0 2 0 1 0 3 0 3 0 2 0 2 0 0 0 6 0 2 0 3 0 4 0 0 0 5 1 0 0 5 1 0 0 3 1 0 1 0 0 6 0 2 0 5 0 6 0 6 0 5 0 3 0 0 0 0 0 5 0 4 0 0 0 6 0 1 0 4
0 449 1 0 2 0 0 1 0 0 6 0 2 1 0 0 2 0 4 0 2 0 1 0 0 0 0 0 5 0 6 0 0 0 3 1 0 0 3 0 3 0 2 0 5 0 0 1 0 0 1 0 4 0 1 0 3 1 0 0 2 1 0 0 4 0 6 0 1 0 4 0 6 0 6 0 4 0 2 0 2 0 0 0 3 1 0 0 5 0 1 0 4 0 6 0 0 0 5 0 4 0 2 1 0 0 5 0 3 0 6 0 4 1 0 0 5 0 4 0 1 0 4 0 5 0 6 0 5 1 0 1 0 0 5 0 0 0 1 0 5 0 0 0 3 1 0 0 3 0 2 0 5 0 1 0 0 0 6 0 2 0 0 0 3 0 1 0 4 0 5 0 5 0 6 0 3 1 0 1 0 0 4 0 5 0 2 0 3 0 5 0 1 0 4 0 3 0 6 0 2 0 3 0 1 0 4 0 6 0 1 0 4 0 4 0 5 0 1 0 4 1 0 0 5 0 3 1 0 0 4 0 1 0 0 0 3 1 0 0 5 0 6 0 1 0 2 0 2 1 0 0 3 0 4 0 5 0 3 1 0 0 0 0 2 0 4 1 0 0 0 0 4 0 0 0 1 0 2 0 4 0 2 1 0 0 2 0 5 0 0 0 4 0 2 0 6 0 4 1 0 0 5 0 3 1 0 0 2 1 0 0 2 0 6 0 2 0 5 0 6 0 6 0 0 0 4 0 2 0 6 0 6 0 4 1 0 0 5 0 3 0 2 1 0 0 3 0 2 1 0 0 1 0 5 0 1 0 6 0 1 0 1 0 5 0 5 0 4 0 1 0 5 0 0 0 0 0 2 0 4 1 0 0 5 0 2 0 6 0 6 0 4 0 4 0 1 0 4 0 5 1 0 0 1 0 2 0 4 0 0 0 4 0 0 0 0 0 0 1 0 0 4 0 6 0 3 0 6 0 6 0 3 1 0 0 1 0 1 0 3 0 1 0 2 0 4 0 4 0 1
0 449 2 0 4 0 1 1 0 0 4 0 6 0 6 0 4 0 0 0 5 0 2 0 0 0 1 0 3 0 5 0 1 1 0 1 0 0 6 0 6 0 5 0 2 0 2 0 6 0 2 0 0 0 3 1 0 1 0 0 5 1 0 0 1 0 5 0 4 0 1 0 6 0 6 0 1 0 5 0 4 0 1 0 0 0 0 0 2 0 4 0 1 0 5 0 2 0 3 0 1 1 0 0 0 0 3 0 0 0 6 0 3 0 0 0 3 0 1 0 4 0 1 0 4 0 6 0 5 0 0 1 0 0 2 0 1 0 3 0 2 0 1 1 0 1 0 0 6 0 5 0 2 0 3 0 1 0 4 0 5 0 0 0 6 0 3 0 1 0 4 0 4 0 6 0 1 0 0 1 0 0 1 0 3 0 5 1 0 0 3 0 4 0 1 0 0 0 5 0 5 0 6 0 3 0 1 0 5 0 4 0 1 0 2 0 3 0 4 0 2 0 0 0 3 0 1 0 0 0 0 0 3 0 1 0 0 0 0 0 3 0 5 0 3 0 4 0 5 0 6 0 6 0 1 0 4 0 0 1 0 0 0 0 5 0 1 1 0 0 1 0 0 0 1 0 2 0 5 0 0 0 6 0 6 0 4 0 2 0 2 0 0 0 6 0 5 0 3 0 0 0 3 0 0 1 0 0 5 0 6 0 4 0 4 0 6 0 3 0 6 0 5 0 2 0 0 0 6 0 5 0 6 0 3 0 0 0 2 1 0 0 6 0 6 0 5 0 5 0 6 0 2 0 2 0 4 0 4 0 3 0 3 0 3 0 4 0 1 0 4 0 2 0 1 0 0 0 5 0 2 0 0 0 2 0 6 0 5 0 6 0 2 0 1 0 4 0 1 0 4 1 0 0 2 0 5 0 0 0 2 0 0 0 1 0 0 0 1 1 0 0 1 0 6 0 0 0 6 0 6 0 0 1 0 0 2 0 2 0 6 0 2 0 5 0 1 0 1 0 3
1 449 5 0 0 0 4 1 0 0 1 0 6 0 6 0 1 0 2 0 2 0 5 0 0 0 2 1 0 0 3 0 4 1 0 1 0 0 5 0 6 0 3 0 5 0 5 0 4 0 5 0 1 0 0 0 0 1 0 0 3 1 0 0 3 0 3 0 1 0 4 0 5 0 5 0 4 0 3 0 1 0 3 0 0 0 0 0 5 0 0 0 4 0 2 0 5 0 6 0 3 0 5 1 0 0 6 0 1 0 4 1 0 0 1 0 6 0 3 0 0 0 4 0 1 0 6 0 3 0 2 0 6 0 3 0 2 0 6 0 4 0 3 1 0 1 0 0 5 0 3 0 5 0 6 0 3 0 1 0 3 0 2 0 4 1 0 0 4 0 1 0 2 0 5 0 3 0 1 0 6 0 1 1 0 0 4 1 0 1 0 0 1 0 3 0 1 0 3 0 4 0 5 1 0 0 4 0 3 0 1 0 3 0 4 1 0 0 1 0 5 0 0 0 6 0 2 0 0 0 0 0 6 0 2 0 0 0 0 1 0 0 4 0 0 0 2 0 4 0 6 0 5 0 4 0 0 0 2 0 6 0 0 0 2 0 4 0 6 0 1 0 0 0 2 0 5 0 2 0 2 0 5 0 6 0 1 0 5 0 4 0 1 0 5 0 3 1 0 0 1 0 6 0 1 1 0 0 3 0 6 0 2 0 2 0 6 0 0 0 6 0 3 0 5 0 1 0 5 0 4 0 5 1 0 0 1 0 5 1 0 0 5 0 6 0 4 0 4 0 5 0 5 0 5 0 1 0 2 0 0 0 0 0 0 0 1 0 4 0 0 0 5 0 2 0 1 0 2 0 5 0 0 0 5 0 5 0 4 0 5 0 5 0 3 0 0 0 4 0 1 1 0 0 5 0 2 0 1 0 4 0 0 0 2 0 0 0 3 0 6 0 2 0 4 0 2 0 5 0 5 0 2 0 6 0 3 0 5 0 4 0 6 0 2 0 3 0 2 1 0
1 451 1 0 2 0 2 0 1 1 0 0 3 0 5 0 5 0 3 0 4 0 5 0 2 0 1 0 5 0 6 0 6 0 2 0 0 1 0 0 3 0 6 0 0 0 4 0 4 0 2 0 3 0 3 0 0 0 1 0 6 0 6 0 6 0 5 0 6 0 3 0 1 0 4 0 4 0 1 1 0 0 3 0 6 0 0 0 1 0 2 0 2 0 0 0 6 0 3 0 6 0 0 0 5 0 0 0 4 0 4 0 1 1 0 0 3 0 4 1 0 0 2 0 0 0 4 0 4 1 0 0 6 0 4 1 0 0 6 0 5 0 2 0 1 0 0 1 0 0 3 0 0 0 4 0 5 1 0 0 3 0 6 0 5 0 2 0 0 0 0 0 3 0 5 0 2 1 0 0 4 0 4 0 4 1 0 0 2 0 0 0 6 0 1 0 6 0 2 1 0 0 2 0 5 0 0 0 0 1 0 0 3 1 0 0 2 1 0 0 3 0 2 0 2 0 4 0 5 0 0 0 1 0 4 0 5 0 0 0 1 1 0 0 0 0 1 0 5 0 1 0 6 0 4 0 1 0 1 0 5 0 4 0 1 0 5 0 1 0 5 0 3 0 0 0 5 0 2 0 5 0 5 0 3 0 5 0 4 0 3 0 1 0 4 0 3 0 0 1 0 0 3 0 4 0 4 0 6 0 6 0 4 0 5 0 5 0 4 0 2 0 5 0 0 0 3 0 4 0 3 0 2 0 4 1 0 0 3 0 4 0 0 0 3 0 6 0 2 0 2 0 4 0 4 0 3 0 3 0 4 0 0 0 0 0 0 0 3 0 0 0 2 0 2 0 5 0 2 0 5 0 2 0 2 0 3 0 4 0 2 0 4 0 3 1 0 0 2 0 0 0 4 1 0 0 2 0 5 0 3 0 0 0 1 0 4 0 0 1 0 0 5 0 6 0 0 0 6 0 3 0 3 0 6 0 5 0 0 0 4 0 2 0 5 0 5 0 6 0 5 0 5
1 451 2 0 4 0 4 0 3 0 6 0 6 0 3 0 4 0 0 0 2 0 3 0 5 0 3 0 3 0 6 0 5 0 5 0 1 0 6 0 6 0 4 0 2 0 1 0 1 0 5 0 6 0 6 0 0 0 3 0 5 0 6 0 6 0 4 0 5 1 0 0 4 0 1 0 1 0 4 0 6 0 6 0 4 0 1 0 2 0 4 0 4 0 1 0 5 0 0 0 5 0 2 0 2 0 2 0 1 0 1 0 4 0 6 0 6 0 1 1 0 0 4 0 1 0 1 0 3 0 0 0 5 0 3 0 0 0 5 0 3 0 5 0 2 0 1 0 6 0 5 0 1 0 1 0 4 1 0 1 0 0 6 0 3 0 5 0 0 0 0 1 0 0 3 1 0 0 0 0 1 0 2 0 2 1 0 0 4 0 1 0 4 0 4 0 4 0 6 0 6 0 4 0 2 0 1 0 1 0 6 0 6 0 6 0 4 0 6 0 5 0 4 0 5 0 1 0 3 0 1 0 3 0 1 0 3 0 1 0 3 0 5 1 0 0 3 0 2 0 4 0 5 0 1 0 3 0 3 0 3 0 1 0 4 0 2 0 4 0 2 1 0 0 2 0 2 0 6 0 3 0 4 0 0 0 4 0 1 1 0 0 4 0 0 1 0 0 2 0 6 0 6 0 1 0 2 0 6 0 6 0 2 0 4 0 4 0 1 0 6 0 2 0 1 1 0 0 1 1 0 0 6 0 1 1 0 1 0 0 1 0 1 1 0 0 5 0 5 0 5 0 1 0 2 0 0 0 0 0 1 0 1 0 0 0 0 0 6 0 0 0 4 0 5 0 2 0 6 0 2 0 5 0 4 1 0 0 1 0 6 0 1 0 0 1 0 0 4 0 1 0 1 1 0 0 5 0 2 1 0 0 1 0 3 0 0 0 2 1 0 0 3 0 5 0 2 0 5 0 0 0 0 0 6 0 3 0 2 0 0 0 6 0 3 0 4 0 6 0 4 0 4
0 451 5 0 1 0 2 0 0 0 6 0 6 0 0 0 1 0 1 0 4 1 0 0 4 0 0 0 0 0 6 0 4 0 3 0 4 0 5 0 6 0 1 0 5 0 2 0 3 0 3 0 6 0 5 0 1 1 0 0 4 0 6 0 6 0 2 0 5 0 0 0 0 0 3 0 3 0 1 0 6 0 6 0 1 0 3 0 5 0 1 0 1 0 4 0 2 0 2 0 2 0 5 0 4 0 4 0 2 0 3 0 1 0 6 0 5 0 4 1 0 0 0 0 3 0 2 0 6 0 1 0 2 1 0 0 2 0 3 0 0 0 3 0 5 0 3 0 5 0 3 0 3 0 3 0 2 0 0 1 0 0 5 0 0 0 3 0 1 0 1 0 6 0 6 0 5 1 0 0 2 0 4 0 5 1 0 0 0 0 4 0 1 0 2 0 2 0 6 0 6 0 1 0 5 0 2 0 3 0 5 0 6 0 6 0 2 0 6 0 4 0 2 0 3 0 3 0 6 0 2 0 6 0 2 0 6 0 2 1 0 0 4 1 0 0 6 0 5 0 1 0 3 0 3 0 6 0 6 0 6 0 3 0 0 0 6 0 0 0 6 0 6 0 3 0 5 0 5 0 0 0 1 0 2 0 0 0 4 1 0 0 0 0 2 0 6 0 4 0 5 0 5 0 3 0 5 0 5 0 5 0 6 0 1 0 1 0 4 0 4 0 5 0 3 0 6 0 2 1 0 0 4 0 4 1 0 0 6 0 1 0 3 1 0 0 3 0 4 0 3 0 3 0 4 0 0 0 0 0 2 0 2 0 0 0 1 0 4 0 2 0 1 0 3 0 6 0 4 0 6 0 3 0 2 1 0 0 3 0 4 0 3 0 1 1 0 0 0 0 3 0 3 1 0 0 2 0 6 0 6 0 1 0 6 0 0 0 5 0 6 0 6 0 2 0 6 0 2 0 1 0 1 0 4 1 0 0 5 0 1 0 5 0 0 0 2 0 6 0 2 0 2
1 453 1 0 2 0 3 0 4 0 1 0 5 0 5 0 1 0 2 0 3 0 2 0 0 0 0 0 1 0 1 0 5 0 2 0 0 0 2 0 4 0 5 0 4 0 2 0 5 1 0 0 0 0 6 0 3 0 4 1 0 0 1 0 6 0 5 0 6 0 2 0 1 0 0 0 6 0 6 0 3 0 5 0 5 0 3 1 0 0 3 0 3 0 3 0 0 0 5 0 4 0 5 0 3 0 2 0 1 0 5 0 6 0 3 0 5 0 4 0 2 1 0 0 0 0 6 0 5 0 4 0 3 0 5 0 6 0 3 0 6 0 0 1 0 0 4 0 0 0 3 1 0 1 0 1 0 0 5 0 1 1 0 0 2 0 1 0 6 0 2 0 3 0 5 0 6 0 4 1 0 0 5 0 1 0 4 1 0 0 1 0 0 0 3 0 4 0 5 0 5 0 5 0 4 0 2 0 5 1 0 0 4 0 6 0 5 0 6 0 5 0 1 0 5 1 0 0 0 0 5 0 6 0 4 0 6 0 4 1 0 0 0 0 2 0 0 0 5 0 3 0 3 1 0 0 0 0 6 0 6 0 5 1 0 0 2 0 4 0 2 0 5 0 6 0 0 0 4 0 3 0 1 0 2 0 4 0 1 0 1 1 0 0 0 0 5 0 5 0 2 0 4 0 4 0 0 0 4 0 4 0 4 0 5 0 3 0 3 0 1 0 2 0 4 0 0 0 5 1 0 0 0 0 1 0 3 0 0 0 4 0 3 1 0 1 0 1 0 0 2 0 0 0 0 0 1 0 1 0 0 0 4 0 4 0 0 0 3 0 0 0 5 0 2 1 0 0 6 0 2 0 5 1 0 0 6 0 6 0 6 0 0 1 0 0 4 0 5 1 0 1 0 0 0 1 0 0 5 0 5 0 5 0 4 0 4 0 2 0 3 0 6 0 5 0 6 0 4 0 5 0 2 0 3 0 2 0 0 0 2 0 4 0 2 0 1 0 5 0 4 0 5 0 4
0 453 2 0 4 1 0 0 1 0 4 0 3 0 3 0 3 0 4 0 6 0 4 0 0 0 0 0 2 0 3 0 2 0 5 0 0 0 5 0 1 0 4 0 1 0 6 0 3 1 0 0 1 0 5 0 0 0 2 1 0 0 3 0 5 0 4 0 5 0 5 0 2 0 1 0 5 0 6 0 0 0 4 0 4 0 0 1 0 0 6 0 6 0 6 0 1 0 3 0 2 0 3 1 0 0 5 0 3 0 3 0 6 0 0 0 4 0 1 0 6 0 6 0 0 0 5 0 4 0 2 0 0 0 4 0 6 0 0 0 5 0 2 1 0 0 0 0 2 0 0 0 0 1 0 1 0 0 2 0 4 0 6 0 3 0 3 0 4 0 5 1 0 0 4 0 6 0 3 0 0 0 2 0 4 0 1 1 0 0 2 0 0 1 0 0 2 0 4 0 4 0 4 0 1 0 6 0 4 0 0 0 1 0 6 0 4 0 6 0 3 0 4 0 3 1 0 0 1 0 3 0 6 0 2 0 6 0 2 1 0 0 0 0 4 0 1 0 3 0 0 0 0 1 0 0 1 0 5 0 6 0 4 1 0 0 5 0 0 0 6 0 3 0 5 0 2 0 0 1 0 0 3 0 5 0 0 0 3 0 3 0 6 0 0 0 3 0 3 0 6 0 1 0 1 0 2 0 1 0 2 0 2 0 3 1 0 1 0 0 3 0 5 0 0 0 2 0 3 1 0 0 0 0 2 0 6 0 1 0 1 0 1 0 0 1 0 0 6 0 3 0 0 0 0 0 2 0 2 0 1 0 1 0 1 0 1 0 6 0 1 0 2 1 0 0 0 0 4 0 6 0 4 0 0 0 5 0 6 0 5 0 2 1 0 0 1 0 5 0 0 0 6 0 0 1 0 0 3 0 4 0 4 0 2 0 1 0 5 1 0 0 6 0 4 0 6 0 2 0 3 0 5 0 6 0 4 0 0 0 5 0 0 0 5 0 3 0 3 0 2 0 4 0 2
1 453 5 0 1 1 0 0 3 0 1 0 0 0 0 0 0 0 2 0 6 0 1 0 1 0 0 0 4 0 6 0 5 0 2 0 2 0 2 0 4 0 0 0 4 0 5 0 0 1 0 0 3 0 2 0 1 0 5 0 6 0 6 0 3 0 2 0 4 0 3 0 5 0 3 0 3 0 5 0 2 0 1 0 1 0 2 1 0 0 5 0 6 0 5 0 3 0 6 0 5 0 0 0 0 0 3 0 0 0 0 0 5 0 2 0 0 0 4 0 5 0 5 0 2 0 3 0 1 0 5 0 1 0 1 0 5 0 2 0 2 0 6 0 5 1 0 0 4 0 0 0 1 1 0 0 6 0 4 0 1 0 6 0 0 0 0 0 2 0 5 0 0 0 1 0 5 1 0 0 1 0 5 0 0 0 4 0 6 0 3 0 1 0 6 0 4 0 1 0 2 0 1 0 4 0 5 0 1 0 1 0 3 0 5 0 2 0 6 0 0 0 2 0 0 1 0 0 2 1 0 0 5 0 6 0 4 0 6 0 6 0 0 0 0 0 3 0 6 0 0 0 1 0 6 0 2 0 3 0 6 0 3 0 0 0 2 0 2 0 5 0 0 0 3 0 5 0 1 0 6 0 6 0 2 0 1 1 0 0 0 0 5 0 1 1 0 0 0 0 5 0 3 0 2 0 4 0 2 0 4 0 5 0 0 0 0 0 6 0 6 0 2 0 1 0 4 1 0 1 0 0 0 0 5 0 4 0 3 0 2 0 2 0 1 1 0 0 4 1 0 0 1 0 0 0 4 0 4 0 2 0 2 0 2 0 3 0 4 0 3 0 5 0 6 0 0 0 1 0 6 0 1 0 2 0 3 0 6 0 3 0 6 0 6 0 2 0 2 0 2 0 4 0 2 0 6 0 6 0 1 0 1 0 5 0 3 0 4 0 0 0 5 0 2 0 5 0 5 1 0 0 4 0 6 0 1 0 2 0 2 0 2 0 2 1 0 1 0 0 6 0 0 0 5
0 455 1 0 2 0 4 0 6 0 5 0 2 0 0 0 0 0 0 0 5 0 4 0 3 0 2 0 1 0 1 0 6 0 3 0 5 0 4 0 5 0 0 0 2 0 1 0 3 0 2 0 6 0 5 0 4 0 3 0 3 0 6 0 5 1 0 0 6 0 1 0 0 0 4 0 0 0 0 0 3 0 5 0 2 0 2 0 5 1 0 0 3 0 6 0 4 0 0 0 6 0 3 0 1 0 0 0 6 0 0 0 1 0 2 0 5 0 1 0 1 0 4 0 3 0 5 0 6 0 3 0 2 0 3 0 3 0 2 0 5 0 5 0 5 0 5 0 0 0 0 0 1 0 3 1 0 0 5 0 1 0 4 0 4 0 1 0 0 0 5 0 2 0 1 0 3 0 3 1 0 0 3 0 2 0 2 0 1 0 5 1 0 0 4 0 5 0 1 0 3 0 4 0 3 0 1 0 3 0 3 0 2 1 0 0 3 0 6 0 4 0 1 0 4 0 1 0 6 0 4 1 0 0 3 0 6 0 2 0 6 0 5 0 1 0 0 1 0 0 5 0 1 0 3 0 4 0 5 1 0 0 5 1 0 0 1 0 4 0 5 0 2 0 1 1 0 0 3 0 4 0 5 0 5 0 5 0 3 0 6 0 0 0 2 0 4 0 6 0 0 0 2 1 0 0 6 0 0 0 6 0 1 0 3 0 1 0 1 0 5 0 5 0 5 0 3 0 2 0 0 0 6 0 0 0 3 0 1 1 0 0 5 0 4 0 3 1 0 0 1 1 0 0 2 0 1 0 1 0 1 0 5 0 4 0 4 1 0 0 2 0 0 0 4 0 5 0 1 0 3 0 4 0 3 0 4 1 0 0 6 0 0 0 6 0 5 0 5 0 4 0 5 0 0 0 6 0 5 0 5 0 3 0 3 0 3 0 0 0 1 0 2 0 2 0 6 0 3 0 5 0 0 0 1 0 5 0 3 0 4 0 4 0 4 0 5 1 0 1 0 0 4 0 2 0 3
1 455 2 0 5 0 1 0 6 0 3 0 5 0 0 0 0 0 1 0 3 0 1 1 0 0 5 0 2 0 3 0 5 0 0 0 4 0 2 0 3 0 1 0 4 0 2 0 6 0 5 0 5 0 4 0 2 0 0 0 0 0 6 0 5 0 0 0 4 0 3 0 1 0 0 0 1 0 0 1 0 0 3 0 5 0 5 0 3 1 0 1 0 0 6 0 1 0 2 0 4 1 0 0 3 0 1 0 4 0 1 0 2 0 5 0 2 0 3 0 3 0 1 0 0 0 4 0 5 1 0 0 5 0 6 0 6 0 5 0 3 0 4 0 4 0 3 0 1 0 0 0 3 0 0 0 0 0 2 0 4 0 1 0 1 0 3 0 1 0 2 0 5 0 2 1 0 0 0 1 0 0 6 0 4 0 4 0 3 0 4 0 0 0 1 0 3 0 3 1 0 0 1 1 0 0 3 0 6 0 6 0 5 0 6 0 6 0 5 0 1 0 4 0 0 0 4 0 5 0 2 1 0 1 0 0 5 0 6 0 5 0 3 0 3 0 1 1 0 0 2 0 3 1 0 0 2 0 5 0 0 0 3 1 0 0 3 0 1 0 3 0 5 0 3 0 6 0 6 0 1 0 4 0 4 0 4 0 0 0 5 0 1 0 5 0 1 0 5 0 1 0 5 1 0 0 4 0 2 0 4 0 3 0 6 0 2 0 3 0 3 0 4 0 3 1 0 0 5 0 1 0 4 0 1 0 6 0 3 1 0 0 3 0 2 0 0 1 0 0 3 0 6 0 3 0 2 0 2 0 3 0 3 0 2 0 2 1 0 0 4 0 1 0 1 0 3 0 3 1 0 0 2 0 0 0 3 0 0 0 4 0 2 0 5 0 4 0 4 0 2 0 3 0 2 0 5 0 4 0 3 1 0 1 0 1 0 0 1 0 2 0 4 0 5 0 5 0 0 0 3 0 1 0 3 0 3 0 0 0 2 0 2 0 2 0 5 0 0 1 0 0 0 0 5 1 0
1 455 5 0 2 0 4 0 5 0 0 0 3 0 1 0 0 0 2 0 6 0 3 1 0 0 2 0 5 1 0 0 3 0 2 0 0 0 5 0 6 0 3 0 0 0 6 0 5 0 4 0 4 0 1 0 5 0 0 0 1 0 5 0 3 0 2 0 0 1 0 0 3 0 0 0 2 0 1 0 6 0 6 0 3 0 4 0 1 0 0 1 0 0 4 0 3 0 5 0 1 1 0 0 6 0 3 0 0 0 3 0 5 0 2 0 5 0 6 0 6 0 2 0 1 0 1 0 5 0 0 0 3 0 6 0 6 0 4 0 0 0 2 0 1 1 0 0 3 0 0 0 6 0 0 0 0 0 5 0 0 0 3 0 2 0 6 0 2 0 5 0 2 0 6 0 6 0 0 1 0 0 5 0 2 0 2 0 0 0 1 0 1 0 2 1 0 0 0 1 0 0 3 0 6 0 6 0 5 0 6 0 4 0 6 0 6 0 3 0 4 0 0 0 2 0 1 0 3 1 0 0 0 1 0 0 3 0 6 0 3 1 0 1 0 0 4 0 6 0 3 1 0 1 0 0 5 0 2 0 1 1 0 1 0 0 6 0 2 1 0 0 4 0 0 0 6 0 5 0 4 0 1 0 2 0 1 0 2 0 2 0 4 0 2 0 4 0 2 0 4 0 4 0 0 0 0 0 6 0 1 0 0 0 5 0 5 1 0 0 0 0 2 0 1 0 0 0 2 0 4 0 0 0 4 0 5 0 0 1 0 0 6 0 4 0 1 0 6 0 6 0 4 1 0 0 5 0 4 0 6 0 6 0 4 0 5 1 0 0 0 0 3 0 2 1 0 0 0 1 0 0 4 0 0 0 6 0 1 0 0 0 6 0 3 0 2 0 1 0 5 0 6 0 5 0 3 0 2 0 1 0 0 1 0 0 6 0 1 0 5 0 1 0 4 0 3 0 1 0 6 0 2 0 6 0 6 0 0 0 4 0 4 0 5 0 2 0 2 0 6 0 0 0 3 1 0
1 457 1 0 2 0 6 0 1 0 3 0 1 0 6 0 2 0 0 0 5 0 5 0 0 1 0 0 5 0 3 1 0 0 6 0 4 0 1 0 3 0 5 1 0 0 2 0 5 0 4 0 2 0 1 0 4 0 2 0 1 0 3 0 2 1 0 0 5 0 1 0 6 0 5 0 0 0 4 0 3 0 5 0 6 0 0 0 1 0 3 0 1 1 0 0 1 0 0 0 3 0 4 1 0 0 4 1 0 0 1 1 0 0 3 0 6 0 3 0 6 0 5 0 5 0 2 0 3 0 2 0 1 1 0 0 6 0 6 0 1 0 1 0 4 0 3 0 6 0 5 0 1 0 4 0 1 0 1 0 2 0 1 0 6 0 5 0 4 0 6 0 2 0 6 0 5 0 5 0 2 1 0 0 2 0 5 0 4 0 0 0 2 0 2 0 5 0 6 0 0 0 6 0 6 0 5 0 6 0 4 0 6 0 2 0 6 0 6 0 0 0 1 0 1 0 4 0 2 1 0 1 0 0 1 0 6 0 6 0 5 0 1 0 0 1 0 0 1 0 6 0 1 0 0 1 0 0 2 0 5 0 3 1 0 1 0 0 4 1 0 0 0 0 0 0 2 0 5 0 4 0 1 0 3 0 4 0 2 0 4 0 5 0 0 0 6 0 0 0 6 0 1 0 1 0 1 0 1 0 4 0 3 0 1 0 3 0 4 1 0 0 0 0 4 0 2 0 0 0 5 0 0 0 2 0 1 0 3 0 2 1 0 0 5 0 1 0 4 0 5 0 6 0 3 0 0 0 3 0 2 0 6 0 6 0 2 0 4 1 0 0 0 0 6 0 5 0 6 0 0 1 0 0 0 0 2 0 4 0 3 0 1 0 4 1 0 0 5 0 3 0 3 0 6 0 3 1 0 0 5 0 2 0 1 1 0 0 4 0 4 0 2 0 4 0 0 1 0 0 4 0 4 0 6 0 5 0 5 0 2 0 1 0 2 0 3 0 5 0 5 0 4 0 1 1 0 1 0
1 457 2 0 5 0 4 0 3 0 6 0 3 0 4 0 5 0 1 0 3 0 3 0 2 1 0 0 3 0 1 0 0 0 5 0 1 0 3 1 0 0 4 1 0 0 5 0 3 0 1 0 5 0 3 0 0 0 5 0 2 0 6 0 5 1 0 0 2 0 4 0 5 0 3 0 2 0 1 0 0 0 4 0 5 0 1 0 2 0 6 0 3 0 6 0 1 0 0 1 0 0 3 0 0 0 1 1 0 0 3 0 6 0 6 0 5 0 0 0 6 0 4 0 3 0 5 0 6 0 4 0 3 1 0 0 5 0 5 0 3 0 3 0 1 0 0 0 6 0 3 0 4 0 0 0 3 0 2 0 4 0 3 0 5 0 4 0 2 0 5 0 6 0 5 0 4 0 3 0 6 0 6 0 4 0 3 0 1 0 1 0 4 0 5 0 3 0 5 0 2 0 5 0 6 0 4 0 6 0 2 0 5 0 6 0 5 0 5 0 1 0 2 0 3 0 0 1 0 0 0 0 6 0 2 0 5 0 6 0 3 0 3 0 1 0 6 0 2 0 4 0 3 0 1 0 6 0 4 0 3 0 1 0 0 1 0 0 1 1 0 0 0 0 0 0 5 0 3 0 1 0 3 1 0 0 1 0 6 0 1 0 3 0 2 0 4 0 2 0 4 0 3 0 2 0 2 0 3 0 0 1 0 0 3 1 0 0 2 1 0 0 1 0 0 0 5 0 1 0 2 0 1 0 4 0 2 0 6 0 5 1 0 0 2 0 4 0 1 0 4 0 5 1 0 0 1 0 6 0 5 0 5 0 5 0 6 0 1 1 0 0 1 0 5 0 4 0 5 0 2 0 5 1 0 0 5 0 0 1 0 0 4 0 2 0 0 0 3 0 0 0 0 0 6 0 1 0 0 0 2 0 5 0 3 1 0 0 1 0 1 0 6 0 0 0 2 1 0 0 1 0 2 0 6 0 4 0 3 0 5 0 2 0 4 1 0 0 4 0 4 0 1 0 4 1 0 0 5
0 457 5 0 3 0 2 0 0 0 6 0 0 0 2 0 3 0 3 0 6 0 6 0 5 0 6 0 5 0 2 0 1 0 2 0 4 0 0 0 0 0 2 0 0 0 2 1 0 0 4 0 2 1 0 0 2 0 2 0 6 0 5 0 4 1 0 0 5 0 1 0 3 1 0 0 5 0 2 0 1 0 1 0 3 0 3 0 5 0 5 0 0 0 5 0 3 0 1 0 6 0 5 0 0 0 3 0 6 0 6 0 5 0 6 0 3 0 2 0 5 0 2 0 0 0 4 0 6 0 2 0 1 0 0 0 3 0 3 1 0 1 0 0 3 0 1 0 5 0 0 0 1 0 1 0 6 0 5 0 1 0 0 0 4 0 1 0 6 0 3 0 6 0 4 0 2 0 0 0 6 0 6 0 1 1 0 0 3 0 3 0 1 0 4 0 0 0 3 0 6 0 3 0 6 0 2 0 5 0 6 0 3 0 6 0 4 0 3 0 3 0 4 0 6 0 1 0 6 0 0 0 4 0 6 0 3 0 5 1 0 1 0 0 4 0 4 0 6 0 0 1 0 0 4 0 5 0 1 1 0 0 3 0 1 0 6 0 2 0 5 1 0 0 1 0 2 1 0 0 3 1 0 1 0 0 3 0 4 0 3 0 6 0 5 0 0 0 6 0 0 1 0 0 5 0 4 0 6 0 1 0 6 0 6 0 6 0 4 0 6 0 1 0 1 0 2 0 3 0 4 0 3 0 0 0 6 0 5 0 4 1 0 0 5 0 0 0 4 0 1 0 4 1 0 0 3 0 5 0 4 0 4 0 4 0 5 0 4 0 6 0 2 0 3 0 2 0 3 0 6 0 4 0 0 0 2 0 2 1 0 0 0 0 5 0 0 0 6 0 0 0 1 0 4 0 3 0 0 0 5 0 3 0 0 1 0 0 2 0 3 0 4 0 1 0 5 0 6 0 1 0 5 0 5 0 2 0 0 0 3 0 6 0 2 0 0 0 1 0 1 0 4 0 2 0 0 0 3
1 459 1 0 2 1 0 0 5 0 1 0 4 0 1 0 4 1 0 0 0 0 6 0 6 0 4 0 6 0 3 0 5 0 2 0 5 0 0 0 1 0 0 0 4 0 0 0 5 1 0 0 0 0 6 0 6 0 3 0 5 0 5 0 4 0 3 0 0 0 2 0 4 0 0 0 0 0 2 0 5 0 2 0 2 1 0 0 0 0 4 0 3 0 2 0 2 1 0 0 4 0 5 0 3 0 1 1 0 0 6 0 6 0 4 0 5 1 0 0 6 0 2 0 5 0 1 0 1 0 5 0 5 0 2 0 0 1 0 0 1 0 0 0 6 0 5 0 3 0 2 0 1 0 2 0 3 0 5 0 3 0 3 0 1 0 0 0 4 0 5 0 0 0 6 0 1 0 5 0 1 0 5 0 5 0 4 0 6 0 5 0 6 0 3 0 0 0 1 1 0 0 6 0 0 0 5 0 6 0 3 0 6 0 0 0 6 0 2 0 0 0 0 0 2 0 5 0 4 0 4 0 2 0 1 0 6 0 0 0 5 0 0 1 0 0 1 0 2 0 5 0 2 1 0 0 1 0 3 0 4 0 6 0 5 0 3 0 4 0 6 0 3 1 0 0 2 0 5 1 0 0 0 0 0 0 6 0 6 0 1 0 0 0 6 0 3 0 2 0 4 0 2 1 0 0 3 0 2 0 5 0 4 0 5 0 6 0 6 0 2 0 5 0 3 0 2 0 4 1 0 0 1 1 0 0 2 0 5 0 4 0 3 0 0 0 2 0 2 0 0 0 4 0 1 1 0 1 0 0 4 0 2 0 2 0 2 0 4 0 2 0 5 0 5 0 6 0 4 1 0 0 6 0 1 0 1 0 4 0 5 0 6 0 0 0 2 0 2 0 4 0 1 0 3 0 0 1 0 0 2 0 2 1 0 0 2 0 6 0 3 1 0 0 1 0 4 0 3 0 5 0 4 0 3 0 3 0 5 0 0 1 0 0 5 0 5 0 0 0 2 0 3 0 0 0 5 0 0 1 0
1 459 2 0 5 1 0 0 2 0 4 0 0 0 4 0 1 1 0 0 1 0 5 0 6 0 2 0 6 0 0 0 3 0 6 0 2 0 1 0 2 0 1 0 0 0 2 0 3 1 0 0 1 0 5 0 6 0 0 0 4 0 4 0 1 1 0 0 1 0 5 0 0 0 1 0 0 0 5 0 2 0 5 0 5 0 6 0 0 0 0 1 0 0 5 0 5 1 0 0 1 0 3 1 0 0 4 1 0 0 5 0 6 0 2 0 5 0 0 0 4 0 6 0 2 0 3 0 3 0 3 0 3 0 5 0 1 0 6 0 1 0 1 0 5 0 3 1 0 0 5 0 2 0 4 1 0 0 3 1 0 1 0 0 3 0 1 0 1 0 3 0 2 0 4 0 4 0 2 0 4 0 3 0 4 0 2 0 6 0 4 0 5 1 0 0 1 0 3 1 0 0 4 0 2 0 3 0 6 0 0 0 5 0 2 0 4 0 5 0 0 0 0 0 5 0 3 0 2 0 1 0 5 0 3 0 4 0 2 0 2 0 2 0 6 0 1 0 5 0 2 0 6 0 6 0 1 1 0 0 2 0 6 0 4 0 0 0 2 0 6 0 0 1 0 0 5 0 3 1 0 0 0 0 1 0 5 0 5 0 3 0 1 0 4 1 0 0 6 0 0 0 6 0 6 0 5 0 5 0 3 0 2 0 4 0 6 0 5 0 6 0 2 1 0 0 6 0 1 1 0 0 3 0 6 0 4 0 3 0 1 1 0 0 1 0 4 0 4 0 1 0 0 0 4 1 0 1 0 0 0 0 5 0 4 0 5 0 0 0 6 0 3 0 4 0 6 0 3 0 0 0 4 0 3 0 3 0 1 0 4 0 5 0 1 0 4 0 5 0 0 0 3 0 6 0 1 0 6 0 3 0 5 0 6 0 4 0 5 0 0 1 0 0 3 0 1 0 0 0 4 0 2 0 0 0 0 0 3 0 2 1 0 0 3 0 3 0 1 0 4 0 6 0 1 0 2 0 2 0 5
1 459 5 0 3 1 0 0 5 0 0 0 2 0 0 0 4 0 6 0 2 0 3 0 5 0 6 0 4 0 1 1 0 0 5 0 5 0 2 0 4 0 2 0 0 0 4 1 0 1 0 0 3 0 3 0 5 0 2 0 1 0 1 0 4 0 6 0 2 0 2 0 1 0 2 0 1 0 2 0 6 0 3 0 4 0 5 0 1 0 1 1 0 0 3 0 4 1 0 0 3 0 0 0 0 0 2 0 0 0 3 0 5 0 6 0 2 0 2 0 1 0 5 0 5 1 0 0 0 0 0 0 0 0 3 0 4 0 4 0 3 0 3 0 3 0 1 0 0 0 2 0 6 0 2 0 0 0 0 0 0 0 6 0 5 0 2 0 2 0 6 0 5 0 1 0 1 0 6 0 1 0 0 0 1 0 6 0 5 0 2 0 4 1 0 0 3 0 0 0 0 0 0 0 5 1 0 0 5 0 2 0 2 0 6 0 1 0 3 0 1 0 1 0 2 1 0 0 5 0 3 0 3 0 0 0 1 0 5 0 4 0 5 0 4 0 4 0 2 0 6 0 5 0 5 0 4 0 6 0 4 0 5 0 1 0 1 0 5 0 4 0 2 1 0 0 3 0 0 1 0 0 0 0 3 0 3 0 3 1 0 0 4 0 2 0 0 0 4 0 2 0 5 0 6 0 4 0 3 1 0 0 6 0 1 0 6 0 4 0 5 1 0 0 0 0 4 0 4 0 6 0 6 0 5 0 1 1 0 0 4 0 6 0 2 0 1 0 1 0 3 0 1 0 2 0 0 0 6 0 0 0 3 0 2 0 3 0 2 0 5 0 0 0 2 0 5 1 0 0 2 0 0 1 0 1 0 0 4 0 1 0 3 0 4 0 1 0 3 0 1 1 0 0 5 0 4 0 5 0 0 0 4 0 6 0 2 0 3 0 2 0 6 0 5 0 2 0 1 0 0 0 5 0 0 0 0 0 6 0 5 0 6 0 5 0 6 0 3 0 1 0 5 0 3 0 4 0 5 0 3
0 461 1 0 3 0 1 0 0 0 2 0 1 0 4 0 1 0 1 0 5 0 5 1 0 0 4 0 6 0 1 0 4 1 0 0 3 0 3 0 6 0 0 0 5 0 1 0 2 0 0 0 6 0 5 1 0 0 3 0 5 0 2 0 3 0 1 0 5 0 5 0 4 0 2 0 4 0 2 0 5 0 5 0 0 0 2 0 3 0 3 0 3 0 6 0 6 0 1 1 0 0 6 0 0 0 0 0 4 0 0 1 0 0 4 0 5 0 5 0 4 0 3 0 3 0 4 1 0 0 0 0 0 0 0 1 0 0 2 0 1 1 0 1 0 1 0 0 3 0 0 0 5 0 4 0 5 0 0 0 0 0 1 0 5 0 3 0 5 0 5 0 5 0 3 0 3 0 3 0 4 0 3 0 0 0 3 0 5 0 3 0 6 0 1 1 0 0 6 0 0 0 0 0 1 0 4 0 0 0 2 0 5 0 5 0 4 0 3 0 6 0 2 0 2 0 5 1 0 0 2 1 0 1 0 0 1 0 3 0 3 0 2 0 4 0 2 0 1 0 6 0 5 0 4 0 4 0 2 0 6 0 2 0 3 0 3 0 3 0 3 0 1 0 6 0 6 0 5 0 1 0 5 1 0 1 0 0 0 0 1 0 0 0 0 0 5 0 1 0 0 0 6 0 3 0 6 0 2 0 1 0 0 0 4 0 4 0 5 0 2 0 4 1 0 0 1 0 1 0 2 0 6 0 6 0 3 0 4 1 0 0 1 0 5 0 5 0 2 0 2 0 6 0 2 0 4 0 1 0 4 0 1 0 6 0 4 0 6 0 5 0 2 0 1 0 5 0 3 1 0 0 4 0 1 1 0 1 0 0 0 0 3 1 0 0 1 0 3 0 6 0 3 1 0 0 3 0 2 0 3 0 2 0 1 0 5 0 5 0 6 0 5 0 5 0 3 0 5 0 2 0 1 0 2 0 1 0 1 0 5 0 4 0 6 0 4 0 5 1 0 0 4 0 3 0 0 0 2 0 4 0 0
0 461 2 0 6 0 2 0 0 0 4 0 3 0 0 0 3 0 3 0 3 0 5 0 0 0 1 0 5 0 4 0 1 1 0 1 0 0 0 0 5 0 2 0 2 0 3 0 4 0 1 0 5 0 4 1 0 1 0 0 3 0 5 0 6 0 3 0 3 0 4 0 1 0 6 0 0 0 6 0 3 0 3 0 1 0 4 1 0 0 0 0 0 0 6 0 5 0 4 1 0 0 4 0 1 0 1 0 0 0 2 1 0 0 1 0 4 0 4 0 2 0 0 0 0 0 2 1 0 0 0 0 0 0 1 0 6 0 3 0 3 1 0 1 0 0 6 0 5 0 1 0 3 0 2 0 3 0 1 0 0 0 3 0 3 0 0 0 4 0 4 0 4 0 0 0 0 0 0 0 1 1 0 0 1 1 0 0 4 0 0 0 5 0 4 1 0 0 4 0 1 0 0 0 3 0 0 0 1 0 5 0 3 0 4 0 2 0 0 0 5 0 5 0 5 0 3 1 0 0 5 1 0 0 6 0 1 0 6 0 6 0 5 0 0 0 5 0 3 0 5 0 4 0 2 0 1 0 6 0 4 0 5 0 6 0 6 0 6 0 6 0 3 0 5 0 6 0 3 0 4 0 4 0 0 0 5 1 0 0 2 0 0 0 1 0 2 0 3 0 1 0 5 0 0 0 5 0 5 0 2 0 1 0 1 0 2 0 3 0 6 0 1 1 0 0 2 0 2 0 5 0 5 0 6 0 0 0 2 1 0 0 3 0 3 0 3 0 5 0 5 0 4 0 6 0 0 0 4 0 0 0 4 0 5 0 2 0 6 0 3 0 5 0 3 0 3 0 1 0 0 0 0 0 4 1 0 0 5 1 0 1 0 1 0 0 2 1 0 0 6 0 0 1 0 0 6 0 4 0 6 0 4 0 3 0 3 0 4 0 6 0 4 0 4 0 0 0 3 0 5 0 2 0 4 0 2 0 3 0 3 0 2 0 6 0 2 0 5 0 0 0 0 1 0 0 1 0 5 0 0 0 1
0 461 5 0 4 0 5 0 1 0 0 1 0 0 1 1 0 0 0 0 0 0 3 0 1 0 3 0 3 0 1 0 4 1 0 0 6 0 0 0 2 0 5 0 4 1 0 0 1 0 4 0 3 0 3 0 0 0 6 0 6 0 3 0 6 0 0 0 0 0 1 0 4 0 4 0 2 0 4 1 0 1 0 0 4 0 1 1 0 0 0 0 1 0 5 0 4 0 3 0 0 0 0 0 3 0 2 0 0 0 5 0 6 0 2 0 1 0 1 0 5 0 0 0 0 0 5 0 5 1 0 0 0 0 3 0 5 0 0 0 1 0 0 1 0 0 5 0 3 0 3 0 6 0 4 0 6 0 2 0 0 0 6 0 6 0 1 0 1 0 2 0 1 0 1 0 0 0 0 0 3 0 6 0 2 1 0 0 0 0 2 0 3 0 3 0 0 0 0 0 3 0 0 0 6 0 0 0 3 0 3 0 0 0 1 0 5 0 1 0 3 0 4 0 4 0 1 0 0 0 4 0 0 0 4 0 4 0 5 0 6 0 3 0 2 0 3 0 0 0 4 0 1 0 5 0 3 0 5 0 2 0 4 0 6 0 6 0 6 0 6 0 0 0 4 0 6 0 0 0 2 0 1 0 2 0 3 1 0 0 4 0 0 0 2 0 4 0 6 0 3 0 2 0 2 0 3 0 3 0 5 0 2 0 2 0 4 1 0 0 5 0 4 0 6 0 3 0 5 0 3 0 4 0 5 0 1 0 5 0 6 0 5 1 0 0 0 0 4 0 4 0 2 0 5 0 2 0 0 0 2 0 1 0 3 0 6 0 5 0 0 0 3 1 0 1 0 0 3 0 0 0 1 0 2 0 0 0 4 0 0 1 0 0 6 0 4 1 0 0 4 0 2 1 0 0 5 0 2 0 6 0 2 0 0 0 0 0 2 0 6 0 2 0 1 0 1 1 0 0 3 0 6 0 0 0 5 0 6 0 6 0 5 0 4 0 6 0 2 0 1 0 1 0 6 0 2 0 2 0 1 0 2
1 463 1 0 3 0 2 0 3 0 3 0 1 0 6 0 2 0 5 1 0 0 0 0 6 0 2 0 6 0 6 0 3 0 2 0 0 0 4 0 1 0 5 0 3 0 2 1 0 0 3 0 0 1 0 1 0 0 2 0 5 0 6 0 0 0 5 0 1 0 0 0 3 0 1 0 1 0 6 0 2 0 0 1 0 0 0 0 4 0 5 1 0 0 3 0 3 0 1 1 0 0 1 0 0 0 6 0 4 0 1 0 3 0 5 0 5 0 2 0 3 0 2 0 1 0 1 0 3 0 4 1 0 0 0 1 0 0 3 0 1 0 2 0 1 1 0 0 3 0 0 0 0 0 6 0 2 0 5 0 5 0 1 0 5 0 5 0 3 0 2 0 4 0 2 0 2 0 0 0 0 1 0 0 5 0 6 0 5 1 0 0 4 0 6 0 6 0 0 0 0 0 6 0 1 0 4 0 1 0 6 0 6 0 0 0 3 0 2 0 3 1 0 0 2 0 1 0 3 0 1 0 0 0 2 0 1 0 2 0 4 0 5 1 0 0 5 0 6 0 1 0 0 0 4 0 3 0 0 0 3 0 6 0 1 0 6 0 6 0 6 0 5 0 2 0 1 0 5 0 1 0 4 0 2 0 5 0 0 0 0 0 0 0 1 0 5 0 1 0 5 1 0 0 5 0 4 1 0 0 0 0 3 0 5 0 5 0 2 0 0 0 3 0 2 0 6 0 0 0 4 0 0 0 2 0 3 0 4 0 3 0 6 0 4 1 0 0 1 0 1 0 1 0 6 0 2 0 5 0 0 0 4 0 2 1 0 0 6 0 3 0 2 0 0 0 0 0 6 0 5 0 0 0 2 0 4 0 1 0 0 0 2 1 0 0 5 0 3 0 0 0 0 1 0 0 0 0 2 0 6 0 4 0 5 0 0 0 0 0 5 0 4 0 5 0 2 0 3 0 6 0 6 0 4 0 2 0 3 0 6 0 6 0 4 0 2 0 5 0 5 0 2 0 3 0 4 0 5 0 4 0 2 0 4
0 463 2 0 6 0 4 0 6 0 6 0 3 0 4 0 6 0 3 1 0 0 1 0 4 0 6 0 5 0 5 1 0 0 5 0 1 0 0 0 4 0 2 1 0 0 6 0 6 0 5 0 1 1 0 0 6 0 4 0 3 0 5 0 2 0 2 0 3 0 0 0 6 0 2 0 3 0 4 0 5 0 1 0 6 0 0 0 1 0 4 1 0 0 6 0 6 0 3 0 6 0 1 0 1 0 5 0 1 0 3 1 0 0 4 0 3 0 5 0 6 0 4 0 2 0 2 1 0 0 2 1 0 0 1 0 6 0 5 0 2 0 4 0 3 0 6 0 5 0 0 0 1 0 4 0 6 0 3 0 3 0 4 0 3 0 3 1 0 0 6 0 0 0 5 0 4 0 0 0 1 1 0 0 3 0 6 0 5 0 0 0 1 0 6 0 5 0 1 0 1 0 4 0 4 0 0 0 4 0 5 0 5 0 1 0 6 0 4 1 0 1 0 0 4 0 2 0 6 0 2 0 0 0 4 0 2 0 5 0 1 0 5 0 0 0 3 0 5 0 3 0 1 0 0 1 0 0 1 1 0 0 5 0 4 0 5 0 6 0 6 0 3 0 5 0 3 0 2 0 4 0 0 0 6 0 2 0 1 0 0 0 0 0 3 0 2 0 4 0 4 0 0 0 3 0 2 1 0 0 0 1 0 0 4 0 3 0 5 0 0 0 6 0 5 0 4 0 2 0 0 0 1 0 4 1 0 0 2 0 0 0 6 0 2 1 0 0 2 0 2 0 3 0 4 0 6 0 2 0 2 0 0 1 0 0 0 0 4 1 0 0 5 0 0 0 1 0 5 0 3 0 1 0 5 0 0 0 3 0 0 0 5 1 0 0 2 1 0 0 1 0 1 0 5 1 0 0 5 0 5 0 2 0 3 0 1 0 1 0 3 0 2 0 3 0 5 1 0 0 6 0 6 0 1 0 5 1 0 0 6 0 6 0 1 0 6 0 3 0 3 0 5 1 0 0 2 0 4 0 1 0 6 0 1
1 463 5 0 5 0 2 0 6 0 6 0 0 0 2 0 6 0 0 1 0 0 3 0 1 0 6 0 4 0 5 0 0 0 2 0 3 0 1 0 0 1 0 0 0 0 5 0 6 0 3 0 4 1 0 0 5 0 2 0 0 0 3 0 5 0 4 0 6 0 1 0 4 0 5 1 0 0 2 0 3 0 4 0 4 0 1 0 3 0 2 0 0 0 5 0 6 0 0 0 5 0 3 0 3 0 2 0 4 0 0 0 0 0 1 0 0 0 4 0 6 0 1 0 5 0 5 0 6 0 4 0 6 0 2 0 5 0 3 0 6 0 1 0 0 0 6 0 3 0 1 0 3 0 1 0 6 0 0 0 0 0 2 0 0 0 1 0 0 0 4 0 2 0 3 0 1 0 1 0 3 0 6 0 6 0 5 0 3 0 1 0 3 0 5 0 3 0 3 0 3 0 1 0 1 0 2 0 1 0 4 0 3 0 4 0 5 0 3 0 0 1 0 0 0 0 6 0 4 0 5 0 1 0 0 0 6 0 2 0 4 0 2 0 1 1 0 0 3 1 0 0 3 0 1 0 6 0 2 1 0 0 3 0 2 0 4 0 6 0 6 0 0 0 3 1 0 0 6 0 0 0 2 0 4 0 5 0 2 0 0 0 0 0 6 0 5 0 1 0 1 0 1 0 6 0 5 0 6 0 0 1 0 0 1 0 0 0 3 0 2 0 5 0 4 0 1 0 5 0 0 0 3 0 1 1 0 0 4 0 1 0 4 0 6 0 6 0 3 0 4 1 0 0 2 0 5 0 5 0 4 0 1 0 6 0 0 0 2 0 0 0 2 0 1 0 3 0 2 1 0 0 4 0 2 0 1 0 6 0 1 0 3 1 0 0 5 0 6 0 1 0 3 0 4 0 0 0 3 0 3 0 5 0 6 0 2 0 2 0 6 0 4 1 0 0 5 0 0 0 5 0 5 0 4 0 4 0 0 0 5 0 5 0 4 0 5 0 0 0 0 0 4 1 0 0 5 0 0 0 4 0 4 0 3
0 465 1 0 3 0 3 0 6 0 5 0 5 0 1 0 5 0 4 0 2 0 6 0 5 0 3 0 5 0 2 0 3 0 1 0 4 0 6 0 2 0 1 0 6 0 0 0 3 0 6 0 0 0 3 0 0 0 2 0 5 0 0 1 0 0 4 0 2 0 5 0 4 0 1 0 4 1 0 0 4 1 0 0 2 0 1 0 3 0 6 0 4 0 1 0 3 0 5 0 2 0 2 1 0 1 0 0 6 0 0 0 1 0 0 0 2 0 1 0 1 0 5 0 4 0 3 0 4 0 6 0 2 0 5 0 6 0 3 0 0 0 5 0 3 0 1 0 4 1 0 0 3 0 6 0 3 0 4 0 1 0 0 0 4 0 0 0 2 0 1 0 0 0 5 0 6 0 2 0 2 1 0 0 6 0 6 0 3 1 0 0 3 1 0 0 3 1 0 1 0 1 0 0 3 0 2 0 4 0 3 0 1 0 0 0 2 0 3 1 0 0 2 0 6 0 0 0 5 0 2 0 3 0 3 0 1 0 4 0 6 0 0 0 5 0 3 0 6 0 6 0 6 0 5 0 3 0 4 0 6 0 6 0 5 0 5 0 1 0 6 0 5 0 2 0 0 0 0 0 4 0 1 0 5 0 1 0 3 0 5 0 0 0 1 0 5 0 3 0 3 0 2 0 3 0 5 0 4 0 5 0 2 0 6 0 1 0 0 0 6 0 5 0 3 0 1 0 4 0 2 0 1 0 6 0 3 1 0 0 0 0 4 0 1 0 6 0 6 0 0 0 2 1 0 0 5 0 3 0 4 0 1 0 4 0 4 0 1 0 4 0 0 0 4 0 2 0 6 0 5 1 0 0 0 0 5 0 3 0 4 0 4 0 0 0 0 0 3 0 5 0 3 1 0 0 1 0 1 1 0 0 0 0 4 0 5 0 5 0 5 0 5 0 3 0 0 0 2 0 2 0 3 0 4 0 2 0 1 0 2 0 3 0 4 0 2 0 3 0 1 0 1 0 2 0 0 0 2 0 2 0 1 0 2 0 0
0 465 2 1 0 0 0 0 6 0 4 0 3 0 4 0 3 0 1 0 6 0 5 0 4 0 0 0 3 0 5 0 6 0 3 0 1 0 5 0 5 0 3 0 4 0 1 1 0 0 5 0 1 0 6 0 0 0 5 0 2 0 2 1 0 0 0 0 6 0 3 0 1 0 4 0 2 0 0 0 1 1 0 0 4 0 2 1 0 0 6 0 1 0 3 1 0 0 3 0 5 0 5 1 0 1 0 0 4 0 1 0 2 0 0 0 4 0 2 0 3 0 3 0 2 0 0 0 2 0 5 0 6 0 3 0 5 1 0 0 2 0 2 1 0 0 4 0 1 1 0 1 0 0 6 0 0 0 1 0 3 0 1 0 0 0 1 0 4 0 2 0 1 0 3 0 5 0 5 0 5 1 0 0 5 0 6 0 1 0 0 0 0 0 0 0 0 0 0 1 0 0 6 0 5 0 5 0 0 1 0 0 3 0 0 0 4 1 0 1 0 0 5 0 4 0 2 0 2 0 5 0 6 0 6 0 3 0 1 0 5 0 2 0 3 0 0 0 6 0 6 0 6 0 4 0 0 0 2 0 6 0 6 0 4 0 3 0 4 0 5 0 3 0 5 0 0 0 1 0 0 0 4 0 2 0 3 1 0 0 3 0 1 0 3 0 2 1 0 1 0 0 5 1 0 0 4 0 2 0 3 0 6 0 4 0 3 0 1 0 5 0 3 1 0 0 4 0 0 0 5 0 3 0 5 0 0 1 0 0 1 0 0 0 4 0 5 0 5 0 1 0 5 1 0 0 3 0 0 0 1 0 4 0 1 0 1 0 4 0 0 0 2 0 0 0 6 0 5 0 4 1 0 0 1 0 3 0 0 0 2 0 1 0 1 0 0 1 0 0 4 0 0 1 0 0 2 0 3 0 6 0 0 0 1 0 4 0 4 0 4 0 3 1 0 0 1 0 4 0 4 1 0 0 1 0 5 0 2 0 4 1 0 0 1 0 5 0 6 0 2 0 2 0 4 0 0 0 4 0 4 0 2 0 4 0 0
0 465 5 0 6 0 0 0 5 0 2 0 0 0 1 1 0 0 4 0 5 0 4 0 1 0 1 1 0 0 4 0 5 1 0 0 4 0 3 0 4 0 0 0 1 0 4 1 0 0 2 0 4 0 4 0 2 0 2 0 5 0 5 0 6 0 0 0 4 1 0 0 4 0 0 0 5 0 0 0 3 1 0 0 0 1 0 0 0 0 4 0 3 1 0 1 0 1 0 0 4 0 5 0 0 1 0 0 0 0 3 0 4 0 1 0 0 0 5 0 6 0 6 0 4 0 0 0 5 0 3 0 6 0 0 0 4 1 0 0 4 0 5 1 0 0 0 0 4 1 0 1 0 0 4 0 1 0 2 0 6 0 2 0 0 0 3 0 0 0 5 0 2 1 0 0 4 0 4 0 5 0 0 0 3 0 5 0 3 0 0 0 0 0 0 0 0 0 1 1 0 0 5 0 4 0 3 0 2 0 6 0 5 0 1 0 2 0 0 1 0 0 3 0 1 0 5 0 5 0 3 0 6 0 5 1 0 0 4 0 2 0 5 0 6 0 1 0 5 0 6 0 6 0 1 0 1 0 5 0 5 0 6 0 2 0 0 0 2 0 4 0 0 0 3 0 1 0 2 0 1 0 0 0 5 1 0 1 0 0 6 0 2 0 6 0 5 1 0 1 0 0 4 0 0 0 0 0 5 1 0 0 6 0 1 1 0 0 4 0 3 0 1 0 0 0 0 0 2 0 3 0 0 0 3 0 2 0 6 0 1 0 1 0 1 0 4 0 3 0 4 0 3 1 0 0 6 0 0 0 3 0 0 0 3 0 3 0 0 0 1 0 4 0 1 0 5 0 4 0 2 1 0 0 2 0 6 0 0 0 4 0 2 0 2 0 1 1 0 0 0 0 2 0 6 0 3 1 0 0 5 0 1 0 3 0 1 0 2 0 2 0 0 1 0 0 3 0 1 0 2 1 0 0 3 0 2 0 6 0 1 1 0 0 3 0 3 0 5 0 5 0 5 0 0 0 2 0 1 0 1 0 6 0 0 0 1
0 467 1 0 3 0 5 0 2 0 2 0 5 0 0 0 3 1 0 0 1 0 4 0 1 0 3 0 3 1 0 0 1 0 5 0 0 0 1 0 0 0 1 0 1 0 3 0 1 1 0 0 5 0 1 0 1 0 5 0 5 0 3 0 4 0 5 0 2 0 2 0 0 0 0 0 2 0 2 0 1 1 0 1 0 0 1 0 6 0 0 0 1 0 1 0 0 1 0 1 0 0 1 0 3 0 2 0 5 1 0 1 0 0 1 0 3 0 1 0 3 0 6 0 6 0 1 0 2 0 3 0 0 0 5 0 2 0 2 0 0 0 1 0 4 1 0 0 1 0 2 0 0 1 0 0 0 0 3 0 5 0 4 0 5 0 0 0 6 0 1 0 2 1 0 0 0 0 1 0 2 0 3 0 1 1 0 0 3 1 0 0 1 0 0 0 0 0 0 0 3 1 0 0 3 0 1 1 0 0 6 0 5 0 3 0 3 0 4 0 1 0 6 0 5 0 3 0 3 0 4 0 0 0 6 0 5 0 0 0 0 0 6 0 3 0 5 0 4 0 3 0 6 0 5 0 3 0 3 0 3 0 4 0 5 0 5 0 0 0 5 0 0 0 1 0 6 0 2 0 4 0 2 0 1 0 4 0 0 1 0 0 4 0 6 0 5 0 5 0 0 1 0 0 0 0 1 0 1 0 4 0 0 0 4 0 4 1 0 0 0 1 0 0 3 0 0 0 0 0 4 0 6 0 0 0 6 0 5 0 4 0 3 0 2 0 3 0 1 0 0 0 2 0 1 0 0 0 4 0 1 0 6 0 0 0 6 0 6 0 0 0 3 0 0 0 4 0 3 0 1 0 6 0 6 0 4 0 4 0 2 0 0 0 5 0 4 0 3 0 5 1 0 0 5 0 5 0 1 0 0 0 2 0 3 0 6 0 2 0 4 0 4 0 1 0 6 0 5 0 2 0 5 0 6 0 5 0 5 0 4 0 4 0 6 0 5 1 0 0 4 0 4 0 3 0 1 0 4 0 2 0 3 0 4 0 1 0 2
1 467 2 1 0 0 3 0 5 0 5 0 2 0 1 1 0 1 0 0 3 0 0 0 3 1 0 0 0 1 0 0 3 0 2 0 1 0 2 0 0 0 2 0 2 0 6 0 3 1 0 0 2 0 3 0 3 0 3 0 4 0 0 0 2 0 3 0 5 0 4 0 0 0 0 0 4 0 4 0 3 1 0 0 6 0 2 0 4 0 1 0 2 0 2 0 1 1 0 0 6 0 1 0 6 0 5 0 4 0 0 0 6 0 1 0 6 0 2 1 0 0 6 0 5 0 3 0 4 0 6 0 1 0 2 0 5 0 4 0 0 0 3 0 1 1 0 0 2 0 4 0 1 0 5 1 0 1 0 0 4 0 2 0 3 0 2 0 4 0 3 0 5 0 5 1 0 0 2 0 4 0 6 0 3 0 6 0 6 0 6 0 1 0 0 0 0 0 0 1 0 1 0 0 6 0 3 1 0 0 5 0 4 0 0 0 0 0 1 0 4 0 5 0 4 0 0 0 0 0 1 0 2 0 5 0 3 0 1 0 1 0 5 0 0 0 4 0 2 0 0 0 6 0 4 0 0 0 0 0 0 0 2 0 4 0 3 0 2 0 2 0 1 0 3 0 4 0 6 0 0 0 5 0 3 0 0 0 2 1 0 0 1 0 6 0 4 0 3 0 2 0 5 1 0 0 2 0 3 0 0 0 2 0 1 0 2 1 0 0 1 0 6 0 5 0 0 0 1 0 1 0 5 0 2 0 5 0 4 0 1 1 0 0 5 0 6 0 2 0 0 0 4 0 2 0 1 0 0 0 4 0 4 0 2 0 5 0 5 0 1 0 6 0 1 0 0 1 0 0 4 0 5 0 6 0 2 0 1 0 5 0 1 0 3 0 2 0 0 0 5 0 0 0 3 0 3 0 3 0 0 0 4 1 0 0 5 0 6 0 1 0 1 0 4 0 5 0 3 0 6 0 3 0 6 0 4 0 4 0 2 0 2 0 6 0 5 0 0 0 1 0 1 1 0 0 4 0 0 0 5 1 0 0 1 0 3 0 4
0 467 5 0 6 0 6 0 3 0 3 0 5 0 3 1 0 0 6 0 5 0 0 1 0 1 0 0 1 0 6 0 5 0 4 0 2 0 4 0 0 0 4 0 5 0 5 0 0 1 0 0 4 1 0 0 0 0 0 0 1 0 1 0 4 1 0 0 4 0 1 0 1 0 1 0 1 0 2 0 1 0 0 0 4 0 6 0 0 0 3 0 4 0 4 0 3 1 0 0 4 0 4 0 5 0 4 0 1 0 2 0 4 0 4 0 4 1 0 0 0 0 5 0 4 0 0 0 2 0 5 0 3 0 5 0 3 0 1 0 1 0 6 0 3 0 6 0 4 0 0 0 4 0 4 0 0 1 0 0 0 0 5 0 6 0 5 0 1 0 0 0 4 0 4 1 0 0 5 0 1 0 6 0 0 0 6 0 6 0 5 0 3 0 0 0 0 0 1 1 0 1 0 0 5 0 1 0 0 0 3 0 1 0 1 0 0 0 3 0 1 0 4 0 1 0 1 0 0 0 2 0 5 0 2 1 0 0 3 0 3 0 2 0 2 0 0 0 5 0 1 0 5 0 1 0 1 0 0 0 0 0 5 0 0 1 0 0 5 0 4 0 2 1 0 0 2 0 5 0 2 0 2 1 0 0 1 0 5 0 6 0 2 0 5 0 1 1 0 0 6 0 3 1 0 0 4 0 6 0 0 0 4 0 2 0 5 0 6 0 2 0 5 0 3 0 1 0 2 0 3 0 2 0 6 0 3 0 1 0 4 1 0 0 3 0 5 0 5 0 1 0 0 0 5 0 2 0 1 0 1 0 1 0 6 0 3 0 3 0 4 0 4 0 3 0 1 1 0 0 1 0 4 0 5 0 5 0 3 0 2 0 3 0 6 0 4 0 1 0 2 0 1 0 6 0 6 0 6 0 1 0 2 0 0 0 3 0 5 0 3 0 3 0 1 0 4 0 0 0 6 0 0 0 6 0 2 0 1 0 5 0 5 0 5 0 3 0 1 0 2 0 3 1 0 0 0 0 2 0 3 1 0 0 2 1 0 0 2
1 469 1 0 3 0 6 0 6 0 0 0 0 0 4 0 1 0 0 0 5 0 3 0 2 1 0 0 6 0 2 0 5 0 4 0 1 0 6 0 0 0 2 0 1 0 4 0 3 0 2 1 0 0 1 1 0 0 0 0 0 0 2 0 3 0 2 0 0 0 0 0 3 0 2 0 2 0 2 0 4 0 2 0 1 0 1 0 5 0 1 1 0 0 2 0 2 0 1 0 0 0 1 0 2 0 4 0 1 0 3 0 5 0 1 0 2 0 2 1 0 0 1 0 3 0 1 0 1 0 5 0 3 0 0 0 3 1 0 0 3 0 3 0 5 0 0 0 6 0 1 0 2 0 1 0 1 0 2 0 6 0 0 0 3 0 6 0 3 0 3 0 1 0 1 0 3 0 0 0 2 0 4 0 4 0 2 0 5 0 6 0 3 1 0 0 1 0 0 0 3 1 0 1 0 0 2 0 3 0 0 0 6 0 2 0 2 0 0 0 6 0 3 0 0 0 3 0 2 0 0 0 5 0 2 0 6 0 6 0 5 0 6 0 4 0 4 0 1 0 2 0 4 0 2 0 3 0 2 0 0 0 1 0 2 0 2 1 0 0 3 0 1 0 6 0 6 0 4 0 2 0 5 0 5 0 6 0 2 0 3 0 5 0 6 0 2 0 4 1 0 0 5 0 1 0 0 0 1 0 5 0 2 0 0 0 6 0 3 0 5 0 6 0 2 1 0 0 3 0 4 0 6 0 5 0 4 1 0 0 4 0 1 1 0 1 0 0 4 0 3 0 3 0 1 0 2 0 5 0 2 0 2 0 3 0 5 0 0 0 0 0 2 0 1 1 0 0 4 0 6 0 2 0 1 0 4 0 3 1 0 0 5 1 0 0 6 0 1 0 3 0 4 0 3 0 5 0 6 0 5 0 3 0 4 0 0 1 0 0 3 1 0 1 0 0 4 0 0 0 2 0 4 0 2 0 4 0 5 0 3 0 3 0 4 0 3 1 0 0 3 0 4 1 0 1 0 0 0 0 4 1 0 1 0 0 5 0 6 0 3
0 469 2 1 0 0 6 0 5 0 1 0 1 0 0 0 3 0 1 0 2 1 0 1 0 0 0 0 4 0 6 0 3 0 1 0 4 0 4 0 1 0 4 0 3 0 0 1 0 0 6 0 6 0 2 0 5 1 0 0 0 0 4 0 6 0 4 0 0 0 0 0 6 0 4 0 4 0 5 0 0 0 5 0 2 0 3 0 2 0 4 0 6 0 3 0 4 0 2 0 0 0 2 0 5 0 0 0 3 1 0 0 3 0 3 0 4 0 5 0 6 0 1 0 6 0 2 0 3 0 2 1 0 0 1 1 0 1 0 1 0 0 0 0 3 0 2 0 4 0 3 0 4 0 2 0 2 0 5 0 4 0 1 1 0 0 5 1 0 1 0 0 3 0 2 0 6 0 0 0 5 0 1 0 1 0 6 0 3 0 6 0 0 1 0 0 2 0 1 0 0 0 0 0 6 0 3 0 6 0 1 0 4 0 5 0 4 0 1 0 4 1 0 0 1 0 6 0 4 0 1 0 2 0 6 0 5 0 6 0 4 0 6 0 2 0 1 0 3 0 5 0 0 0 5 0 6 0 4 0 0 0 2 0 4 0 5 0 6 0 5 0 3 0 5 0 6 0 1 0 6 0 3 0 4 0 5 0 5 1 0 0 4 0 5 0 6 0 2 0 0 0 2 0 3 0 0 0 3 0 2 0 5 0 1 0 5 0 0 0 4 0 5 0 6 0 6 0 6 0 1 0 6 0 4 0 3 0 0 0 0 0 4 1 0 1 0 0 0 1 0 1 0 0 3 0 5 0 2 0 5 0 4 1 0 0 3 0 1 0 0 0 4 0 3 1 0 0 1 0 5 0 5 0 3 0 1 0 1 0 0 0 4 0 0 0 4 0 3 1 0 0 2 0 0 0 4 0 6 0 4 0 0 0 1 0 2 1 0 0 0 0 0 1 0 0 0 0 1 0 5 0 0 0 6 0 1 0 4 0 0 0 0 0 2 0 0 1 0 1 0 0 3 0 0 0 6 0 0 0 2 0 0 1 0 0 3 0 6 0 0
0 469 5 1 0 0 5 0 3 0 3 0 2 0 0 0 6 0 2 0 5 1 0 0 6 0 0 0 1 0 5 1 0 0 4 0 1 0 1 0 4 0 0 1 0 0 2 1 0 0 5 0 5 0 6 0 3 1 0 0 1 0 1 0 6 0 1 0 1 0 1 0 5 0 2 0 2 0 3 0 2 0 2 0 5 0 6 0 5 0 1 0 6 0 0 0 1 0 5 0 0 0 5 0 2 0 1 1 0 1 0 1 0 0 0 0 2 0 4 0 5 0 4 0 4 0 5 0 6 0 5 0 6 0 2 1 0 1 0 0 5 1 0 0 6 0 5 0 1 0 0 0 1 0 5 0 5 0 3 0 1 0 4 1 0 0 4 0 0 0 6 0 5 0 5 0 4 0 2 0 2 0 3 0 3 0 5 0 0 0 5 0 2 0 6 0 3 0 2 0 0 0 1 0 5 0 0 0 5 0 4 0 1 0 4 0 1 0 4 0 1 1 0 0 3 0 5 0 1 0 3 0 5 0 5 0 4 0 6 0 2 0 5 0 5 0 2 1 0 0 3 0 2 0 3 0 6 0 1 0 1 0 5 0 1 0 4 0 6 0 4 0 0 0 4 0 5 0 4 0 5 0 0 0 2 0 4 0 5 0 0 0 1 0 4 0 5 0 5 0 0 0 4 0 6 0 0 0 6 0 5 0 2 0 4 0 2 0 2 0 1 0 4 0 6 0 6 0 5 0 4 0 5 0 1 1 0 0 1 0 1 0 2 0 0 0 6 0 0 1 0 0 6 0 6 0 2 0 6 0 3 0 2 1 0 0 6 0 2 0 1 0 1 0 0 1 0 0 3 0 3 0 3 1 0 0 3 0 2 0 1 0 0 0 2 0 1 0 0 1 0 0 4 0 1 0 1 0 6 0 1 0 1 0 2 0 5 0 5 1 0 0 1 0 5 1 0 0 3 0 2 0 2 0 4 0 4 0 0 0 1 0 0 0 4 0 1 1 0 0 6 0 5 0 1 0 4 0 1 0 4 0 1 0 6 0 6 0 4 0 1
0 471 1 0 4 0 0 0 2 1 0 1 0 0 5 0 1 0 4 0 6 0 4 0 0 0 4 0 1 0 3 0 4 0 0 0 0 0 3 0 3 0 0 0 2 0 6 0 4 1 0 0 3 0 4 0 6 0 0 1 0 0 2 0 3 0 4 0 3 0 2 0 3 0 2 0 5 0 4 0 6 0 4 0 5 0 3 0 6 0 3 0 4 0 4 0 1 0 3 0 2 0 2 0 2 0 5 0 3 1 0 1 0 0 5 1 0 0 5 0 1 0 4 0 2 0 2 0 4 0 6 0 4 0 5 1 0 0 0 1 0 0 4 0 0 0 5 0 3 0 3 0 0 0 3 0 3 0 3 1 0 0 4 0 2 0 0 0 0 0 2 0 5 0 4 0 4 0 1 0 5 0 4 1 0 0 0 0 3 0 2 0 2 0 6 0 4 1 0 0 5 0 0 0 3 0 2 0 2 0 3 0 1 0 4 0 0 0 4 0 0 0 4 0 6 0 6 0 2 0 3 1 0 0 4 0 4 0 2 0 5 0 6 0 3 0 3 0 6 0 6 0 5 0 4 1 0 0 5 0 3 0 3 0 2 0 4 0 1 0 6 0 1 0 2 0 1 0 4 0 2 0 3 0 1 0 5 0 1 0 3 0 1 0 3 0 1 0 4 0 3 0 2 0 1 0 5 0 2 0 5 0 3 0 6 0 0 0 5 0 4 0 3 0 1 0 6 0 6 0 4 0 2 0 3 0 4 0 6 0 1 0 2 0 4 0 1 0 4 0 2 1 0 0 5 0 5 0 6 0 4 1 0 1 0 0 0 0 4 0 5 0 2 0 2 0 1 0 6 0 5 1 0 0 0 1 0 0 6 0 4 0 2 0 0 0 4 0 2 0 1 1 0 0 0 0 3 0 3 0 4 0 3 0 2 0 5 0 3 0 4 1 0 0 3 0 3 1 0 0 6 0 4 0 5 0 1 0 1 0 1 0 2 0 1 0 0 0 4 1 0 0 5 0 3 0 4 0 0 0 4 0 0 0 4 0 5 0 6 0 1 0 3
1 471 3 0 0 0 1 0 5 1 0 1 0 0 2 0 4 0 1 0 6 0 1 0 2 0 0 0 3 1 0 0 1 0 1 0 0 0 6 0 6 0 0 0 5 0 5 0 2 1 0 1 0 0 2 0 5 0 2 0 6 0 3 1 0 0 1 1 0 0 5 0 6 0 5 0 3 0 2 0 6 0 2 0 4 0 0 0 6 0 0 0 2 0 1 0 3 0 6 0 4 0 4 0 5 0 3 0 1 0 0 1 0 0 4 0 0 0 2 0 4 0 0 0 5 0 5 0 1 0 6 0 2 0 4 1 0 0 1 1 0 0 0 0 2 0 2 1 0 1 0 0 1 1 0 0 0 0 1 0 0 0 0 0 5 0 0 0 0 0 5 0 3 0 2 0 1 0 4 0 3 0 2 1 0 0 0 0 6 0 4 0 5 0 5 0 3 0 0 0 2 0 1 0 6 0 4 0 4 0 6 0 3 0 0 0 2 0 0 0 2 0 1 0 6 0 5 0 6 0 0 0 0 0 1 0 1 0 6 0 3 0 6 0 0 0 0 0 6 0 6 0 4 0 3 0 0 0 2 1 0 1 0 0 6 0 0 0 4 0 4 0 3 0 4 0 3 0 0 0 5 0 6 0 3 0 2 0 3 0 6 0 2 0 6 0 3 0 0 1 0 0 5 0 3 0 2 0 6 0 3 0 0 0 5 0 2 0 3 0 1 1 0 0 4 0 5 0 6 0 1 0 5 1 0 0 2 0 5 0 3 0 5 0 0 0 4 0 0 1 0 0 0 0 3 0 4 0 6 0 3 0 0 0 6 0 0 0 1 0 3 0 5 0 4 0 3 0 5 0 4 1 0 0 1 1 0 0 5 0 1 0 5 0 1 0 0 0 5 0 3 0 5 1 0 1 0 0 0 0 1 1 0 0 6 0 3 0 0 0 2 1 0 1 0 0 1 0 0 0 5 0 2 0 3 0 3 0 2 0 2 0 4 0 2 0 1 0 2 0 0 0 3 0 0 0 1 0 2 0 0 0 2 0 1 0 4 0 5 0 3 1 0
1 471 6 0 0 0 3 0 4 0 0 0 6 0 4 0 0 0 4 0 4 0 3 0 4 0 0 1 0 1 0 0 2 0 2 0 1 0 5 0 5 0 2 0 3 0 3 1 0 0 0 0 6 0 4 0 2 0 6 0 5 0 0 1 0 0 3 1 0 0 3 0 6 0 3 1 0 0 6 0 4 0 6 0 0 0 2 0 4 0 1 0 4 0 2 1 0 0 6 0 2 0 2 0 3 1 0 0 3 0 1 1 0 0 0 0 1 0 5 0 0 0 2 0 3 0 3 0 4 0 4 0 6 0 1 1 0 0 3 0 5 1 0 0 4 0 5 1 0 0 6 0 2 0 5 1 0 0 2 0 0 0 1 0 2 0 1 0 1 0 2 1 0 0 5 0 3 0 0 1 0 0 6 0 6 0 0 0 5 0 2 0 4 0 3 1 0 0 1 0 4 0 3 0 5 0 2 0 2 0 5 1 0 0 1 0 4 0 0 0 4 0 3 0 5 0 4 0 5 0 1 0 0 0 2 0 3 0 5 0 0 0 5 0 1 0 1 0 5 0 6 0 1 1 0 0 1 0 5 1 0 1 0 0 4 0 2 0 1 0 2 0 0 0 1 1 0 0 2 0 3 0 5 1 0 0 5 1 0 0 5 0 6 0 4 1 0 0 2 1 0 0 2 1 0 0 6 0 4 1 0 0 2 0 2 0 5 0 6 0 3 1 0 0 1 0 4 0 5 0 4 0 3 1 0 0 5 0 3 0 0 0 3 0 2 0 0 0 2 0 5 1 0 1 0 0 2 0 5 1 0 0 2 0 4 0 1 0 2 1 0 0 4 0 2 0 0 0 4 0 2 1 0 0 3 1 0 0 2 0 4 0 2 0 3 0 1 0 3 0 0 0 5 0 0 0 5 1 0 0 3 1 0 0 4 1 0 0 1 0 5 1 0 0 6 0 1 0 1 0 2 0 5 0 6 0 6 0 4 0 5 0 0 0 5 0 2 0 4 0 0 0 6 0 0 0 2 0 4 0 0 0 4 0 3 0 1 0 4 0 0 1 0
1 473 1 0 4 0 1 1 0 0 1 0 2 0 5 0 1 0 2 0 1 0 2 0 0 0 1 0 2 1 0 0 6 0 3 0 4 0 3 0 3 0 3 0 5 1 0 0 0 1 0 0 1 0 5 0 1 0 6 0 5 0 3 0 2 0 6 0 6 0 6 0 6 0 5 0 1 0 0 0 5 0 2 0 5 0 1 0 5 0 0 0 4 0 0 1 0 0 0 0 4 0 5 0 4 1 0 1 0 0 6 0 3 0 5 1 0 0 3 0 2 0 1 0 4 1 0 0 0 0 2 0 2 0 5 0 4 0 6 0 6 0 4 0 0 0 1 0 5 0 0 0 4 0 6 0 3 1 0 0 4 0 0 0 2 0 4 0 2 0 2 0 5 1 0 0 2 1 0 0 2 1 0 0 5 0 5 0 2 0 2 0 6 0 1 0 0 1 0 0 3 0 1 0 0 0 3 0 5 0 5 0 3 1 0 0 3 0 0 0 2 0 1 0 0 0 4 0 2 0 3 0 3 0 0 0 4 1 0 0 3 0 2 0 2 0 3 0 3 0 3 0 5 0 4 0 6 0 2 0 4 0 0 1 0 0 0 0 5 0 2 0 4 0 0 0 3 0 6 0 3 1 0 0 5 0 0 0 4 0 0 0 3 0 6 0 2 1 0 0 5 0 6 0 4 1 0 0 5 0 2 1 0 0 4 0 5 0 3 0 6 0 0 1 0 0 3 0 1 0 4 0 2 0 1 0 0 0 2 1 0 0 1 0 6 0 4 0 0 0 5 0 4 0 0 0 6 0 4 0 3 1 0 0 5 0 0 0 3 0 5 1 0 0 0 0 5 0 1 0 0 0 6 0 6 0 6 0 6 0 4 0 0 0 5 0 6 0 2 0 6 0 1 0 2 0 2 0 4 0 0 0 0 0 0 0 1 1 0 0 3 0 4 0 0 0 4 0 3 0 2 0 5 0 3 0 6 0 6 0 2 0 3 0 2 0 2 0 6 0 0 0 2 0 4 0 1 0 5 0 0 0 2 0 0 1 0 0 4 0 0 0 2 0 5
1 473 3 0 0 0 4 0 6 0 1 0 5 0 2 0 3 0 4 0 2 0 4 0 0 0 2 0 5 1 0 0 5 0 0 0 2 0 0 0 0 0 0 0 4 1 0 0 1 0 6 0 2 0 2 0 4 0 5 0 3 1 0 0 6 0 5 0 6 0 6 0 6 0 3 0 3 0 1 0 2 0 6 0 2 0 4 0 2 0 2 0 0 0 2 0 6 0 0 0 1 0 4 0 3 0 0 1 0 0 5 0 0 0 4 1 0 0 6 0 4 0 3 0 1 1 0 0 0 0 4 0 5 0 3 0 2 0 6 0 6 0 1 0 1 0 3 0 2 0 2 0 1 0 6 0 1 0 0 0 0 0 1 0 5 0 0 0 5 0 5 0 3 1 0 0 5 0 6 0 4 1 0 0 3 0 3 0 5 0 5 0 4 0 3 0 1 0 6 0 5 0 2 0 0 1 0 0 4 0 4 0 0 1 0 0 6 0 0 0 4 0 2 0 1 0 0 0 5 0 6 0 6 0 1 0 1 1 0 0 6 0 4 0 4 1 0 0 0 0 0 0 4 0 2 0 5 0 6 0 0 0 2 0 6 0 0 0 2 0 6 0 0 0 1 1 0 0 6 0 1 0 0 0 2 0 2 0 0 0 1 1 0 0 5 1 0 0 0 0 3 0 6 0 3 0 0 0 2 1 0 0 0 0 1 0 4 0 0 0 5 0 2 0 6 0 5 0 3 0 0 0 5 0 2 0 0 0 5 0 6 0 2 0 5 0 1 0 2 0 3 0 1 0 2 0 5 0 2 0 1 0 0 0 2 0 1 1 0 0 4 1 0 0 1 0 2 0 3 0 1 0 5 0 6 0 6 0 6 0 1 0 2 0 3 0 5 0 6 0 4 0 3 0 4 0 5 0 0 0 1 0 0 0 0 0 3 0 6 0 6 0 0 0 2 0 0 1 0 0 6 0 3 0 0 0 6 0 5 0 5 0 6 0 4 0 5 0 4 0 1 0 5 0 0 0 4 0 2 0 1 0 4 0 1 1 0 0 0 0 1 0 5 0 3
0 473 6 0 1 0 1 0 5 0 4 0 2 0 5 1 0 0 1 0 6 0 0 0 1 0 5 0 4 0 0 0 2 0 1 0 4 0 0 0 0 0 1 0 1 1 0 0 3 0 4 0 5 0 5 0 1 0 4 0 1 0 0 0 5 0 4 0 6 0 6 0 5 1 0 1 0 0 3 0 5 0 4 0 6 0 0 0 5 0 4 0 0 0 5 0 4 0 1 0 3 0 0 1 0 0 2 1 0 0 2 0 2 0 2 0 0 0 5 0 1 1 0 0 4 0 6 0 0 0 1 0 3 1 0 0 6 0 5 0 5 0 3 0 2 0 6 0 4 0 4 0 3 0 4 0 3 0 0 0 0 0 3 0 2 0 2 0 3 0 4 0 1 0 0 0 3 0 6 0 2 1 0 1 0 0 0 0 4 0 4 0 1 1 0 0 4 0 5 0 3 0 5 0 1 1 0 0 1 0 1 0 2 1 0 0 4 0 2 0 0 0 5 0 2 0 1 0 3 0 6 0 5 0 3 0 3 1 0 0 5 0 2 0 2 1 0 0 0 0 1 0 0 0 6 0 3 0 5 0 1 0 5 0 4 0 1 0 5 0 4 0 1 0 3 1 0 0 4 0 3 0 0 0 4 0 4 0 0 0 3 1 0 0 3 1 0 0 0 1 0 0 5 1 0 0 1 0 5 0 5 1 0 0 3 0 0 0 2 0 2 0 6 0 5 0 3 1 0 0 2 0 2 0 5 0 1 0 3 0 5 0 6 0 2 0 3 0 4 0 6 0 2 0 5 0 2 0 5 0 2 0 0 0 4 0 3 1 0 0 1 1 0 0 2 0 4 0 6 0 3 0 3 0 6 0 6 0 5 0 3 0 4 1 0 0 4 0 6 0 2 0 0 0 2 0 3 0 1 0 2 0 0 0 0 1 0 0 6 0 5 0 1 0 4 0 1 1 0 0 4 1 0 0 2 0 5 0 4 0 4 0 6 0 2 0 4 0 1 0 4 0 2 0 2 0 0 0 5 0 3 0 0 0 4 0 5 1 0 0 3 0 3 0 0
0 475 1 0 4 0 3 0 3 0 3 0 1 0 6 0 3 1 0 0 3 0 4 0 1 0 3 0 3 0 1 0 1 0 4 0 3 0 0 0 1 0 0 0 2 0 3 0 6 0 6 0 1 0 4 0 3 0 4 0 0 0 3 0 1 0 3 0 2 0 6 0 6 0 5 0 0 0 6 0 6 0 3 0 2 0 5 0 2 0 3 0 1 0 2 0 3 0 1 0 3 0 6 0 1 0 6 0 4 0 6 0 3 0 4 0 4 0 1 0 2 0 4 1 0 0 1 0 5 0 1 0 3 0 0 0 0 0 5 0 4 0 3 1 0 0 6 0 5 0 2 0 2 0 0 0 1 1 0 0 1 0 0 0 6 0 4 0 4 1 0 0 1 0 3 0 0 1 0 0 5 1 0 0 0 0 6 0 0 0 1 0 1 0 4 1 0 0 1 0 4 0 0 0 3 0 4 0 6 0 1 0 2 0 5 1 0 0 0 0 5 0 1 0 2 0 5 0 2 1 0 0 6 0 4 0 0 0 1 0 0 0 2 0 5 0 5 0 5 1 0 0 2 0 1 0 5 0 0 0 3 0 4 0 3 0 1 0 4 0 3 0 1 0 4 0 0 0 0 0 0 1 0 0 2 0 1 0 1 0 1 1 0 1 0 1 0 1 0 0 1 1 0 0 3 1 0 0 3 0 3 0 4 1 0 0 6 0 0 0 4 0 5 0 5 0 4 0 0 1 0 0 4 0 5 0 2 0 3 1 0 0 4 0 5 0 5 1 0 0 2 0 5 0 6 0 2 0 6 0 2 0 5 0 1 0 1 0 0 1 0 0 3 0 6 0 4 0 1 0 6 0 0 0 0 0 6 0 6 0 4 0 0 0 3 0 0 0 1 0 5 0 5 0 0 0 4 0 6 0 2 0 4 0 0 0 1 1 0 0 5 0 3 0 4 0 0 0 4 1 0 0 1 1 0 0 5 0 3 0 2 0 2 0 5 0 6 0 0 0 4 0 0 0 5 0 4 0 1 0 2 1 0 0 2 0 1 0 4 1 0 0 6 0 6 0 0
0 475 3 0 0 1 0 1 0 1 0 0 4 0 5 0 0 1 0 1 0 0 1 0 3 0 6 0 6 0 2 0 3 0 0 1 0 0 1 0 2 0 0 0 4 1 0 0 6 0 5 0 4 0 1 0 0 0 1 0 1 0 6 0 2 0 6 0 5 0 5 0 6 0 3 0 2 0 5 0 5 1 0 0 6 0 2 0 5 0 6 0 2 0 4 0 6 0 2 1 0 0 5 0 4 0 5 0 2 0 6 0 0 0 2 0 1 0 3 0 5 0 1 1 0 0 3 0 2 0 3 0 6 0 0 0 1 0 3 0 2 0 1 0 0 0 5 0 3 0 5 0 4 0 0 0 3 0 6 0 1 0 1 0 5 0 2 0 2 1 0 0 2 0 6 0 1 1 0 0 3 1 0 0 1 0 4 0 1 0 2 0 3 0 1 1 0 0 3 0 0 0 1 1 0 0 2 0 5 0 3 0 5 0 3 1 0 0 1 0 2 0 3 0 5 0 2 1 0 0 0 0 5 0 1 0 1 0 2 0 0 0 5 0 3 0 4 0 4 1 0 0 4 0 3 0 2 0 1 1 0 0 1 1 0 0 4 0 0 1 0 0 4 0 0 0 1 0 0 0 1 0 6 0 3 0 2 0 2 0 3 1 0 1 0 1 0 0 6 0 2 0 6 0 6 0 6 0 5 1 0 0 3 0 0 0 4 0 2 0 1 0 4 0 4 0 1 0 2 1 0 0 1 0 3 0 6 0 0 0 0 0 1 0 4 0 4 1 0 0 5 0 3 0 5 0 6 0 4 0 6 0 2 0 3 0 2 0 1 0 6 0 6 0 5 0 1 0 4 0 4 0 1 0 1 0 5 0 6 0 1 0 1 0 6 0 0 0 3 0 3 0 3 0 2 0 1 0 5 0 6 0 0 0 1 0 3 1 0 0 3 0 0 0 1 0 2 0 1 1 0 0 3 1 0 0 2 1 0 0 5 0 5 0 3 0 5 0 2 0 0 0 2 0 3 0 1 0 3 0 5 0 6 0 3 0 3 0 2 0 0 0 5 0 5 0 1
0 475 6 0 1 1 0 1 0 1 0 0 1 0 3 0 2 1 0 0 6 0 1 1 0 0 6 0 5 0 5 0 6 0 1 0 6 0 1 0 4 0 1 0 2 0 0 0 5 0 4 0 1 0 3 0 0 0 2 0 3 0 4 0 6 0 5 0 4 0 4 0 5 1 0 0 6 0 3 0 5 0 0 0 4 0 6 0 3 0 5 0 6 0 1 0 5 1 0 0 0 0 3 0 2 0 3 0 6 0 4 0 1 0 4 0 2 1 0 0 3 0 4 0 6 0 5 0 4 1 0 0 5 0 1 0 2 0 6 0 4 0 2 0 1 0 3 0 0 0 4 0 1 0 1 1 0 0 5 0 3 0 3 0 2 0 5 0 5 0 6 0 4 0 4 0 4 0 6 0 6 0 6 0 2 0 0 0 3 0 4 0 6 0 3 0 6 0 5 0 0 0 3 0 6 0 4 0 3 0 0 0 4 0 0 1 0 0 2 0 4 1 0 0 3 0 6 0 6 0 0 0 2 0 3 0 2 0 4 0 1 0 3 0 0 0 2 0 3 0 0 0 0 1 0 0 5 0 3 0 6 0 2 1 0 0 0 0 2 1 0 0 0 0 1 0 2 0 0 0 3 0 4 1 0 0 5 0 5 0 0 0 0 1 0 1 0 0 4 0 6 0 5 0 6 0 6 0 4 1 0 0 6 0 1 0 0 0 5 0 3 0 1 0 1 0 3 0 5 0 6 0 1 1 0 0 5 0 1 0 0 0 3 0 1 0 3 0 0 0 3 0 0 0 4 0 6 0 2 0 5 0 5 0 6 0 4 0 3 0 5 0 6 0 3 0 4 0 1 0 1 0 3 0 3 0 3 0 5 0 3 0 3 0 4 0 1 0 6 0 6 0 6 0 4 0 3 0 3 0 5 0 1 0 2 1 0 1 0 0 6 0 0 0 2 0 4 0 3 0 6 0 6 0 6 0 4 1 0 0 3 0 4 0 0 0 3 0 5 0 0 0 4 0 6 0 2 1 0 0 4 0 5 1 0 1 0 0 5 0 1 0 3 0 3 0 3
1 477 1 0 4 0 4 1 0 1 0 0 6 0 1 0 6 0 5 1 0 0 4 0 4 1 0 0 5 0 4 0 4 0 5 0 4 0 4 0 4 0 0 0 3 0 4 0 1 0 3 0 1 0 3 0 6 0 0 0 4 1 0 0 2 0 6 0 4 0 2 0 2 0 5 0 0 0 5 0 0 0 3 0 2 0 1 0 6 0 0 0 4 0 5 0 4 0 3 1 0 0 0 0 6 0 4 1 0 0 6 0 1 0 4 0 0 0 6 0 6 0 6 0 1 0 6 0 4 0 3 0 0 0 2 0 3 0 5 0 5 0 1 0 5 0 2 0 6 0 1 0 0 0 3 0 3 1 0 0 2 1 0 1 0 0 6 0 3 0 4 0 6 0 2 0 2 0 2 0 6 0 6 0 5 0 5 0 0 1 0 0 2 0 6 0 0 0 6 0 3 0 1 1 0 0 6 0 1 1 0 0 2 0 0 0 2 0 6 0 4 0 1 1 0 1 0 0 6 0 5 0 1 0 4 0 6 0 5 0 0 0 3 0 6 0 0 0 4 0 6 0 0 0 1 1 0 0 3 0 0 0 5 0 6 0 5 1 0 0 5 0 5 1 0 0 2 0 4 0 0 1 0 0 3 0 0 0 3 0 3 0 1 0 1 1 0 1 0 0 1 0 6 0 4 0 6 0 6 0 3 0 0 0 4 0 3 0 1 0 2 1 0 0 3 0 2 1 0 0 4 0 5 0 4 1 0 0 2 0 3 0 0 0 6 0 2 0 6 0 0 0 6 0 1 0 1 0 5 0 6 0 3 0 4 0 6 0 2 0 0 0 4 0 6 0 0 0 1 0 3 0 2 1 0 0 0 0 0 0 4 0 0 0 0 0 1 0 4 0 5 0 6 0 6 0 2 0 0 0 0 0 3 0 3 0 5 1 0 1 0 0 4 0 1 0 5 0 1 0 0 0 6 0 6 0 6 0 2 1 0 1 0 0 1 0 1 1 0 0 3 0 2 0 1 0 5 1 0 0 0 0 1 0 5 0 0 1 0 0 2 0 3 1 0 0 0 0 0
1 477 3 0 1 0 3 0 0 1 0 0 4 0 4 0 5 0 5 0 0 0 1 0 3 0 0 0 3 0 2 0 2 0 4 0 2 0 2 0 1 0 1 1 0 0 1 0 3 0 6 0 2 1 0 0 5 0 2 0 1 1 0 0 5 0 5 0 1 0 5 0 5 0 2 0 2 0 2 0 1 0 6 0 4 0 3 0 4 0 2 0 1 0 4 0 2 0 0 1 0 0 1 0 5 0 3 0 0 0 4 0 4 0 0 0 2 0 5 0 6 0 5 0 4 0 5 0 1 1 0 0 1 0 4 1 0 0 4 0 3 0 4 0 2 0 6 0 4 0 3 0 0 1 0 0 0 1 0 0 5 1 0 1 0 0 5 0 0 0 2 0 5 0 5 0 4 0 5 0 5 0 6 0 4 0 3 0 2 0 6 0 4 0 4 0 2 0 4 1 0 0 4 1 0 0 4 0 4 0 6 0 3 0 0 0 5 0 5 0 1 0 4 1 0 1 0 0 5 0 3 0 4 0 1 0 6 0 3 0 1 1 0 0 5 0 2 0 1 0 5 0 1 0 3 0 6 0 5 0 1 0 3 0 6 0 5 0 0 0 3 0 4 1 0 0 5 0 0 0 2 0 6 0 5 0 0 0 6 0 6 0 2 0 3 1 0 0 6 0 2 0 5 0 2 0 6 0 5 1 0 0 2 0 0 1 0 0 3 0 5 0 6 0 5 0 5 1 0 0 1 0 4 0 2 1 0 0 4 0 6 0 1 0 4 0 6 0 4 0 2 0 4 0 3 0 3 0 3 0 6 0 0 0 2 0 5 0 5 0 1 0 1 0 5 0 1 0 2 0 6 0 5 0 5 1 0 0 1 0 0 0 1 0 0 0 3 0 1 0 4 0 6 0 5 0 5 0 0 0 0 1 0 0 0 0 5 0 0 1 0 0 0 0 4 0 2 0 3 0 1 0 5 0 6 0 5 1 0 0 0 0 6 0 1 0 3 0 6 0 5 0 4 0 3 0 3 1 0 0 0 0 3 0 2 0 2 0 6 0 3 1 0 1 0 0 0 0 0
1 477 6 0 2 0 6 0 1 1 0 0 1 0 2 0 4 0 3 0 1 0 2 0 6 0 0 0 6 0 4 0 5 0 0 0 5 0 4 0 2 0 3 0 6 0 1 1 0 0 5 1 0 0 0 0 2 0 5 0 3 1 0 0 3 0 3 0 4 0 3 0 3 0 5 0 4 0 4 0 3 0 5 0 2 0 0 0 1 0 5 0 3 0 0 0 5 0 1 0 6 0 2 0 2 1 0 0 2 0 1 0 1 0 1 0 5 0 3 0 6 0 4 0 2 0 3 0 4 0 6 0 2 0 2 0 0 0 1 0 0 0 1 0 6 0 5 0 1 1 0 0 2 0 6 0 0 1 0 0 4 0 0 1 0 0 2 0 1 0 5 0 3 0 4 0 2 0 4 0 4 0 6 0 1 1 0 0 6 0 5 0 2 0 1 0 6 0 2 0 0 0 2 0 0 0 1 0 2 0 5 1 0 0 2 0 3 0 3 0 4 0 2 0 0 1 0 0 3 0 0 0 1 0 4 0 4 1 0 0 4 1 0 0 2 0 5 0 3 0 2 0 3 1 0 0 6 0 3 0 3 1 0 0 6 0 3 0 1 1 0 0 3 0 0 0 2 0 1 0 5 0 5 0 3 0 2 0 5 0 5 0 6 0 0 0 0 0 4 0 6 0 2 0 6 0 5 0 4 1 0 0 4 0 1 0 6 0 6 0 3 0 6 0 4 0 4 1 0 0 3 0 0 1 0 0 0 0 1 0 5 0 4 0 1 0 6 0 1 0 6 0 1 0 0 0 0 0 0 0 5 0 1 0 5 0 3 0 3 0 3 0 3 0 2 0 3 0 5 0 5 0 4 0 4 1 0 0 2 0 0 0 2 0 0 0 6 0 3 0 1 0 6 0 4 0 3 0 1 0 1 0 6 0 0 0 2 0 2 0 6 0 0 0 0 0 5 0 6 0 3 0 3 0 6 0 4 1 0 0 1 0 4 0 3 1 0 0 6 0 4 0 2 0 0 0 0 1 0 0 0 0 6 0 4 0 5 0 5 0 1 0 0 0 5 1 0 0 0
1 479 1 0 4 0 6 0 4 0 4 0 6 0 1 0 5 0 0 1 0 0 3 0 5 0 4 0 2 0 5 0 2 0 3 0 2 0 3 0 1 0 5 1 0 0 5 0 4 1 0 0 3 1 0 0 0 0 5 0 3 0 0 1 0 1 0 0 0 0 2 0 0 0 0 0 4 0 2 0 2 0 0 0 3 0 5 0 0 0 3 0 2 1 0 0 2 0 2 0 4 0 4 0 5 0 5 0 6 0 3 0 2 0 2 0 3 0 3 0 0 0 6 0 1 0 5 1 0 0 2 0 5 0 5 0 4 0 0 0 2 0 0 0 3 0 5 0 3 0 4 0 6 0 4 0 4 0 2 1 0 0 0 0 2 0 6 0 3 0 3 0 3 0 0 0 1 0 6 0 1 0 2 0 5 0 4 1 0 0 5 0 3 0 5 0 3 0 4 0 5 0 0 0 4 0 0 0 2 0 5 0 3 1 0 0 4 1 0 0 0 0 1 0 5 0 1 0 6 0 5 0 0 0 3 0 1 0 3 0 0 0 1 1 0 0 5 0 2 1 0 0 6 0 0 0 0 0 5 0 0 0 1 0 0 0 4 1 0 0 4 0 6 0 5 0 0 0 4 0 3 0 3 0 3 1 0 0 6 0 3 0 4 0 5 0 1 0 1 0 1 0 5 0 6 0 5 0 4 0 3 0 0 0 0 0 4 0 5 0 6 0 0 0 6 0 2 0 2 1 0 0 6 0 1 0 5 1 0 0 3 0 3 0 1 0 4 0 4 0 4 0 4 0 3 0 0 0 0 0 1 0 2 0 4 0 2 1 0 1 0 1 0 1 0 0 5 1 0 0 4 0 4 0 2 0 2 1 0 0 4 0 0 0 4 0 1 0 4 1 0 0 4 0 5 0 1 1 0 0 3 0 3 0 4 0 1 0 4 0 5 0 4 0 1 0 1 0 3 0 6 0 0 0 0 0 6 0 2 1 0 0 3 0 1 0 1 0 0 0 5 0 1 0 5 0 0 0 1 0 6 0 0 0 5 0 2 0 4 0 3 0 3 0 1 0 3 1 0 0 0
1 479 3 0 1 0 6 0 2 0 2 0 5 0 4 0 2 0 2 0 6 0 6 0 3 0 1 0 6 0 2 0 5 0 6 0 4 0 6 0 3 0 4 0 0 0 3 0 2 1 0 1 0 1 0 0 1 0 2 1 0 0 2 1 0 0 5 1 0 0 4 0 0 0 1 0 0 0 5 0 4 0 0 1 0 0 3 0 1 0 6 0 5 0 6 0 3 0 5 0 1 0 2 0 4 0 4 0 5 1 0 0 5 0 4 0 6 0 6 0 1 0 4 0 4 0 3 1 0 0 5 0 3 0 4 0 1 0 1 0 4 0 0 1 0 0 4 0 0 0 2 0 6 0 2 0 1 0 6 0 5 1 0 0 5 0 4 1 0 1 0 1 0 0 1 0 3 0 4 0 3 0 5 0 3 0 3 0 0 0 3 0 0 0 4 0 0 0 2 0 3 0 2 0 0 0 1 0 5 0 3 0 1 0 0 0 1 1 0 0 0 0 3 0 2 0 4 0 5 0 3 0 1 0 6 0 2 0 6 0 0 0 3 1 0 0 2 1 0 0 0 0 4 0 1 0 1 0 2 0 1 0 2 0 1 0 2 0 0 0 1 0 6 0 3 0 2 0 1 0 0 0 0 0 1 0 0 0 5 0 0 0 2 0 3 0 3 0 2 0 3 0 3 0 6 0 4 0 1 1 0 0 1 0 1 0 1 0 4 0 5 0 2 0 4 0 5 0 5 1 0 0 4 0 4 0 3 1 0 0 6 0 6 0 3 0 1 0 2 0 2 0 1 1 0 0 1 0 0 0 2 0 5 0 0 1 0 0 0 1 0 1 0 1 0 0 4 0 0 0 1 0 1 0 5 0 5 1 0 0 0 0 2 0 0 0 4 0 2 0 0 0 1 0 3 0 4 0 6 0 5 1 0 0 1 0 4 0 1 0 4 0 1 0 3 0 2 1 0 0 5 0 1 0 1 0 4 0 6 0 6 0 5 0 2 0 2 0 1 0 2 0 4 0 2 0 1 0 3 0 4 0 2 0 2 0 6 0 0 1 0 1 0 0 3 1 0 1 0 0 0
1 479 6 0 3 0 4 0 5 0 5 0 3 0 1 0 5 0 5 0 5 0 5 1 0 0 4 0 4 0 6 0 3 0 6 0 2 0 6 0 0 0 1 0 1 0 6 0 5 1 0 1 0 0 6 0 1 0 5 0 6 0 4 1 0 0 4 0 0 0 0 0 1 0 2 0 1 0 3 0 1 0 2 0 6 0 5 0 3 0 5 0 4 0 6 0 0 0 3 0 3 0 5 0 1 0 2 0 5 0 0 0 3 0 2 0 6 0 5 0 4 0 1 0 2 0 1 0 0 0 3 0 0 0 1 0 3 0 3 0 0 0 2 1 0 0 0 0 1 0 5 0 4 0 5 0 3 0 5 0 5 0 0 0 3 0 3 0 0 1 0 0 6 0 1 1 0 0 2 0 0 0 3 1 0 1 0 0 1 0 6 0 1 0 0 0 1 0 4 0 6 0 4 0 0 0 3 0 2 1 0 0 3 0 0 0 3 0 5 1 0 0 6 0 5 0 1 0 3 1 0 0 4 0 4 0 6 0 4 0 1 1 0 1 0 0 5 0 6 0 0 0 0 0 3 0 2 0 4 0 2 0 4 0 2 0 4 0 0 0 3 0 4 1 0 0 5 0 2 0 0 0 0 0 2 0 1 0 2 0 1 0 4 0 6 0 6 0 4 1 0 0 0 0 6 0 1 0 4 0 6 0 1 0 2 0 3 0 1 0 3 0 6 0 1 0 4 0 5 0 0 0 1 0 2 0 1 0 0 0 5 0 5 1 0 0 3 0 4 0 4 0 3 0 6 0 1 0 0 0 5 0 2 0 2 0 6 0 0 1 0 1 0 1 0 0 0 0 1 0 2 0 3 0 3 0 4 1 0 0 0 0 4 0 1 0 0 0 5 0 0 0 2 1 0 0 2 0 6 0 4 1 0 0 3 0 0 0 4 0 0 0 3 0 6 0 5 1 0 0 2 0 3 0 3 0 1 0 6 0 6 0 3 0 5 0 4 0 2 0 5 0 0 0 5 0 2 1 0 0 1 0 5 0 5 0 4 0 2 1 0 1 0 0 0 0 0 0 5 1 0
1 481 1 0 5 0 0 0 2 0 4 0 3 1 0 0 4 0 3 0 4 0 4 0 5 0 0 0 1 0 2 0 6 0 0 0 5 0 6 0 4 0 1 0 2 0 3 0 5 0 5 0 0 1 0 0 4 0 4 0 3 0 6 0 3 0 0 0 0 0 1 0 0 0 2 0 4 0 2 0 6 0 2 0 5 0 5 0 4 0 0 0 4 0 2 0 5 0 1 1 0 0 0 0 3 0 3 0 5 0 2 0 1 0 6 0 5 0 5 0 4 0 1 0 3 0 4 0 2 0 0 0 6 0 0 0 2 0 6 0 6 0 0 0 5 0 5 1 0 0 3 0 3 0 2 0 4 0 0 0 4 0 3 0 1 0 6 0 6 0 1 1 0 0 4 0 4 0 6 0 3 0 1 0 0 0 0 0 6 0 2 0 4 0 3 0 0 0 3 0 1 0 6 0 1 0 1 0 6 0 5 0 6 0 5 0 0 1 0 0 5 0 0 0 5 0 3 0 4 0 0 0 0 0 1 0 2 0 6 0 1 0 4 1 0 1 0 0 3 0 5 0 1 0 0 0 6 0 5 0 0 0 6 0 0 0 6 0 0 0 1 1 0 0 3 0 0 0 2 0 5 0 0 0 0 0 4 0 2 0 4 0 3 0 1 0 6 0 6 0 2 1 0 0 1 0 4 0 4 0 1 0 5 0 3 0 4 0 6 0 2 1 0 0 5 0 4 0 1 0 3 0 1 0 2 0 4 0 2 0 1 0 3 0 4 1 0 1 0 0 2 0 2 0 0 0 5 0 3 0 1 0 2 0 5 0 5 0 4 0 2 1 0 1 0 0 5 1 0 0 2 0 4 1 0 0 0 0 2 1 0 0 1 0 0 0 3 0 1 0 2 0 1 0 5 0 6 0 4 0 5 0 2 1 0 0 6 0 1 0 0 0 1 1 0 0 6 0 4 1 0 0 4 0 6 0 6 0 3 0 5 0 6 0 0 0 4 0 1 0 6 0 2 0 2 0 2 0 6 0 6 0 2 0 3 0 4 0 1 1 0 0 0 0 5 1 0 0 1 0 3 1 0
1 481 3 0 2 0 1 0 5 0 1 0 1 0 0 0 1 0 0 0 2 0 2 0 3 0 1 0 2 0 5 0 4 0 2 0 3 0 6 0 1 0 3 0 4 1 0 0 4 0 3 0 2 1 0 0 1 0 2 0 0 0 5 1 0 0 1 0 0 0 2 0 0 0 5 0 0 0 6 0 4 0 6 0 3 0 4 0 1 0 2 0 0 0 6 0 2 0 4 0 5 1 0 1 0 0 0 0 3 0 5 0 3 0 5 0 4 0 4 0 1 0 3 1 0 0 1 0 5 0 1 0 4 0 1 0 5 0 5 0 5 0 2 0 3 0 4 1 0 0 6 0 6 0 5 0 0 0 2 0 0 1 0 0 4 0 5 0 5 0 4 1 0 0 1 0 2 0 5 1 0 0 3 0 0 0 1 0 4 0 6 0 0 1 0 0 1 0 6 0 3 0 4 0 3 0 3 0 5 0 4 0 6 0 3 0 2 1 0 0 2 0 2 0 3 0 0 0 1 0 1 0 0 0 2 0 5 0 4 0 4 0 2 0 0 0 6 0 6 0 2 0 3 0 1 0 5 0 3 0 2 0 4 0 2 0 4 0 1 0 3 0 6 0 5 0 0 0 5 0 2 0 1 0 1 0 0 0 6 0 0 1 0 0 4 0 5 0 5 0 6 0 6 0 2 0 1 0 1 0 4 0 3 0 0 0 2 0 5 1 0 0 0 0 3 0 1 0 3 0 6 0 2 0 5 0 0 0 5 0 2 1 0 0 3 0 0 0 6 0 3 0 4 0 1 0 2 1 0 0 3 0 5 0 3 0 4 0 1 1 0 0 0 1 0 0 3 1 0 0 5 0 1 1 0 0 0 0 5 0 6 0 1 0 0 0 6 0 2 0 4 0 3 0 3 0 6 0 2 0 3 1 0 0 0 0 4 0 3 0 0 0 3 1 0 0 5 0 3 0 0 0 1 0 6 0 6 0 0 0 4 0 5 0 2 0 0 0 4 0 4 0 5 0 4 0 5 0 5 0 5 0 5 1 0 0 1 0 4 0 6 0 0 0 3 1 0 0 2 1 0 1 0
1 481 6 0 4 0 3 0 2 0 3 0 2 0 0 0 2 0 0 0 4 0 4 0 6 0 2 0 5 0 3 0 1 0 5 1 0 0 5 0 3 1 0 0 3 0 0 0 0 1 0 0 6 0 6 0 1 0 4 0 1 0 3 1 0 0 2 0 0 0 4 0 1 0 2 0 2 0 5 0 2 0 6 0 0 0 1 0 3 0 4 0 1 0 4 0 6 0 1 0 5 0 0 0 5 1 0 1 0 0 4 0 0 0 4 0 2 0 1 0 3 1 0 1 0 0 3 0 2 0 4 0 0 0 4 0 3 0 4 0 3 0 5 1 0 0 3 0 0 0 5 0 6 0 3 0 1 0 4 0 1 1 0 0 1 0 4 0 4 0 2 1 0 0 2 0 5 0 3 1 0 0 6 0 0 0 3 0 1 0 5 0 2 0 6 0 2 0 5 0 0 0 2 0 0 0 0 0 4 0 2 0 5 1 0 0 6 0 6 0 3 0 4 0 6 0 0 0 2 0 2 0 0 0 5 0 3 0 2 0 1 0 5 0 1 0 5 0 5 0 5 0 6 0 3 0 2 1 0 0 6 0 0 0 6 0 0 0 3 1 0 0 6 0 3 0 2 0 2 0 5 0 2 0 2 0 1 0 4 0 2 1 0 0 1 0 4 0 4 0 6 0 5 0 5 0 2 0 3 0 0 1 0 0 1 0 5 0 3 1 0 0 0 0 6 0 2 1 0 0 5 0 6 0 2 0 2 0 2 0 6 0 6 0 5 0 1 0 5 0 0 0 1 0 3 0 5 0 6 0 6 0 3 0 0 0 1 0 4 0 6 0 0 1 0 0 0 0 0 0 2 0 4 0 6 0 0 0 3 0 5 0 3 0 1 0 4 0 6 0 1 0 0 0 0 0 5 0 5 1 0 1 0 0 1 0 0 1 0 0 2 0 0 0 0 0 2 1 0 0 1 0 3 0 5 0 5 0 2 0 1 0 3 0 5 0 1 0 1 0 2 0 4 0 2 0 4 0 4 0 4 0 4 1 0 0 3 0 1 0 5 0 1 1 0 1 0 0 5 1 0 0 5
0 483 1 0 5 0 1 1 0 0 5 0 6 0 4 0 0 0 4 0 1 0 1 0 2 0 5 0 6 0 2 1 0 0 4 0 4 0 0 0 3 0 0 1 0 0 6 0 0 0 1 1 0 0 5 0 5 0 4 0 0 0 3 1 0 1 0 0 4 0 1 0 0 0 3 0 4 0 5 0 2 0 6 0 4 0 1 0 2 1 0 0 1 0 4 0 1 0 5 0 4 0 2 0 2 0 4 0 0 1 0 0 0 0 2 0 0 0 5 0 3 0 0 0 0 0 6 0 5 0 5 0 0 0 2 0 1 0 0 0 2 0 0 0 4 1 0 0 6 0 1 0 3 0 5 1 0 0 4 0 0 0 4 0 6 0 2 0 1 0 1 0 6 0 6 0 4 0 3 0 1 0 0 0 4 0 1 0 6 0 3 0 2 0 6 0 4 0 6 0 2 0 1 0 4 0 0 0 1 0 0 0 6 0 4 0 0 0 5 0 6 0 0 0 2 0 5 0 1 0 4 0 4 0 1 0 2 1 0 0 5 0 3 0 2 0 4 0 3 0 4 0 4 0 5 1 0 1 0 0 0 0 4 0 2 0 4 0 2 0 0 0 0 0 4 1 0 0 5 0 5 0 2 0 5 0 4 0 3 0 0 0 6 0 6 0 2 0 1 0 2 0 6 0 4 0 3 0 5 0 6 0 1 0 6 0 2 0 3 0 0 1 0 0 1 0 4 1 0 0 0 0 3 0 5 0 5 0 4 0 5 0 5 0 6 0 3 0 4 0 2 0 1 0 2 1 0 0 4 0 6 0 5 1 0 0 1 0 3 0 1 0 5 0 2 0 5 1 0 0 0 0 5 0 1 0 5 0 1 1 0 0 3 1 0 0 4 0 1 0 5 0 3 0 0 0 1 0 3 0 5 0 0 0 6 0 1 0 1 0 6 0 3 0 0 0 0 0 5 0 6 0 1 1 0 0 4 0 3 0 5 0 2 1 0 0 3 0 3 0 2 0 5 0 0 0 6 0 1 0 2 0 2 0 2 1 0 0 6 0 3 0 2 0 4 1 0 1 0 0 4 0 0 0 3
1 483 3 0 2 0 4 1 0 0 3 0 6 0 1 0 2 0 0 0 3 0 2 0 5 0 3 0 5 1 0 0 0 0 1 0 1 0 1 0 6 0 1 1 0 0 4 0 1 0 3 1 0 0 3 0 4 0 1 0 2 0 0 0 0 1 0 0 0 0 3 0 0 1 0 0 2 0 3 0 6 0 5 0 1 0 3 0 5 0 6 0 2 0 0 0 4 0 3 0 1 0 5 0 5 0 0 0 2 0 5 1 0 0 4 0 1 0 2 1 0 0 1 0 1 0 5 0 4 0 3 0 1 0 4 0 2 0 0 0 4 0 1 0 2 0 0 0 4 0 3 1 0 0 5 0 0 0 0 0 2 0 1 0 5 0 5 0 2 0 3 0 5 0 6 0 1 1 0 0 3 0 1 0 0 0 4 0 4 1 0 0 6 0 5 0 2 0 5 0 5 0 3 0 0 0 1 0 2 0 1 0 5 0 1 0 2 0 3 0 5 0 1 0 5 0 2 0 4 0 1 0 1 0 3 0 5 1 0 0 2 1 0 0 6 0 1 0 0 0 2 0 2 0 5 0 0 0 6 0 0 0 0 0 6 0 0 0 5 0 0 0 1 0 2 0 0 0 3 0 3 0 6 0 3 0 1 1 0 0 2 0 5 0 5 0 5 0 2 0 5 0 5 0 2 0 0 0 4 0 5 0 4 0 4 0 5 0 6 0 1 0 6 0 2 0 1 1 0 0 0 1 0 0 4 0 4 0 2 0 4 0 4 0 6 0 0 0 1 0 5 0 2 0 5 1 0 0 1 0 6 0 4 1 0 0 2 0 6 0 3 0 2 0 6 0 3 1 0 0 1 0 2 0 4 0 2 0 4 1 0 0 0 0 0 0 0 0 4 0 2 1 0 0 1 0 2 1 0 0 3 0 2 0 4 0 3 0 3 0 4 1 0 0 1 0 1 0 3 0 5 0 4 1 0 0 1 0 0 0 3 0 6 0 6 0 5 0 6 0 5 0 2 0 2 0 4 0 3 0 4 0 4 0 5 1 0 0 4 1 0 0 6 0 2 0 0 1 0 0 0 0 1 1 0
1 483 6 0 5 0 1 1 0 1 0 0 5 0 3 0 4 0 0 0 6 0 5 0 3 0 0 0 4 1 0 0 0 0 2 0 2 0 3 0 4 0 4 1 0 0 0 0 3 1 0 1 0 1 0 0 1 0 3 0 4 0 0 0 1 0 5 1 0 0 6 0 1 0 6 0 3 1 0 0 6 0 3 0 3 1 0 0 4 0 5 0 5 0 1 0 0 1 0 0 4 0 3 0 3 0 1 0 5 0 4 0 0 0 0 0 3 0 5 0 6 0 1 0 3 0 3 0 1 1 0 0 4 0 0 0 5 0 1 0 0 0 3 0 4 0 1 0 1 0 1 0 0 0 2 0 1 0 0 0 4 0 3 0 3 0 3 0 5 1 0 0 4 0 5 0 4 0 6 0 5 0 2 0 1 0 1 0 3 0 0 0 5 0 3 0 6 0 3 0 3 1 0 0 1 0 2 0 4 0 3 0 2 0 3 0 4 1 0 0 3 0 4 0 2 0 6 0 0 0 3 0 2 1 0 0 4 1 0 0 5 1 0 0 4 0 3 0 0 0 4 0 5 0 2 0 2 0 4 0 1 0 1 0 4 0 2 0 2 0 1 0 2 0 4 0 0 1 0 0 0 0 5 1 0 0 4 0 6 0 4 0 3 0 4 0 3 0 6 0 3 0 3 0 5 0 1 0 1 0 4 0 2 0 2 0 4 0 5 0 4 0 4 0 5 0 3 0 6 0 0 1 0 0 1 0 1 0 6 0 1 0 2 0 5 0 1 0 3 0 2 0 6 0 3 1 0 0 3 0 5 0 2 1 0 0 5 0 4 1 0 0 6 0 5 0 0 1 0 0 2 0 5 0 0 0 6 0 1 1 0 0 0 0 0 0 1 0 0 0 6 0 6 0 1 0 5 0 6 0 5 0 5 0 1 0 0 0 0 0 2 1 0 0 2 0 2 1 0 0 4 0 2 1 0 0 2 0 0 1 0 0 6 0 6 0 4 0 6 0 3 0 5 0 5 0 1 0 0 0 2 0 2 0 5 0 0 0 2 0 0 0 4 0 5 0 1 0 5 1 0 0 3 0 5
1 485 1 0 5 0 3 0 4 1 0 1 0 0 3 0 0 0 1 0 2 0 5 0 3 1 0 0 2 0 1 1 0 0 0 0 4 0 4 1 0 0 2 0 2 1 0 0 1 0 0 0 0 1 0 0 6 0 1 1 0 0 1 0 1 0 3 0 4 0 0 0 4 0 4 0 5 0 1 0 0 0 5 0 0 0 1 0 0 0 1 0 4 0 3 0 3 0 1 1 0 0 0 1 0 1 0 0 4 0 3 0 1 0 1 0 0 1 0 0 4 0 5 0 3 0 6 0 6 0 3 1 0 0 0 0 2 0 2 0 3 0 0 1 0 0 1 0 3 0 2 0 2 0 0 0 4 0 2 0 1 0 1 0 0 0 0 0 0 0 5 0 0 0 1 0 4 0 2 0 6 0 3 0 5 0 2 0 2 0 6 0 1 0 3 0 0 0 6 0 0 0 0 1 0 0 2 0 5 0 0 1 0 0 5 1 0 0 2 1 0 1 0 0 1 0 6 0 4 0 1 0 6 0 5 1 0 0 2 0 0 0 4 0 0 0 0 1 0 0 2 0 1 0 3 0 5 0 5 0 0 0 3 0 3 0 0 0 5 0 4 0 2 0 5 0 0 0 2 0 6 0 0 0 4 0 0 0 1 0 6 0 2 0 0 0 2 0 0 0 6 0 0 0 0 0 3 0 3 0 3 0 0 0 5 0 5 0 1 0 4 0 2 0 2 0 4 0 0 0 5 0 2 0 6 0 1 0 3 0 4 0 3 0 5 0 2 0 3 0 6 0 5 0 5 0 0 1 0 1 0 0 3 1 0 0 0 0 3 0 3 0 0 0 5 0 3 0 2 0 6 0 4 0 2 0 2 0 4 0 4 0 5 1 0 0 0 0 2 0 1 0 5 0 5 0 4 0 3 0 6 0 4 0 3 0 3 0 0 0 0 0 5 0 6 0 3 0 5 1 0 0 0 0 6 0 6 0 3 0 1 1 0 0 5 0 6 0 2 0 6 0 0 0 4 0 3 0 3 0 0 0 4 0 5 0 2 0 1 0 4 0 1 0 1 0 3 0 4 0 3 1 0 1 0 0 4
0 485 3 0 3 0 0 0 3 0 0 0 6 0 5 0 0 0 2 0 5 0 3 0 0 1 0 0 4 0 3 0 6 0 0 0 1 0 2 1 0 0 4 0 5 0 6 0 1 0 0 0 1 1 0 0 4 0 4 0 6 0 1 0 2 1 0 0 1 0 2 0 1 0 2 0 3 0 3 0 1 0 2 0 1 0 2 0 0 0 3 0 0 1 0 1 0 0 4 0 6 0 0 1 0 1 0 0 0 1 0 0 3 0 2 0 1 1 0 0 1 0 4 0 0 0 6 0 6 0 0 1 0 0 0 0 4 0 4 0 6 0 1 0 6 0 1 0 6 0 4 0 4 0 1 0 0 0 5 0 2 0 2 0 0 0 0 0 1 0 2 0 1 0 3 0 0 0 6 0 5 0 0 0 3 0 5 0 5 0 4 0 3 0 6 0 1 0 4 0 1 0 1 0 6 0 4 0 2 0 2 1 0 0 3 1 0 0 5 1 0 0 6 0 2 0 5 0 1 0 4 0 5 0 4 1 0 0 4 0 1 0 0 0 1 0 1 0 6 0 3 0 2 1 0 0 4 0 3 0 1 0 6 0 6 0 1 0 3 0 1 0 6 0 2 0 1 0 5 0 4 0 2 0 0 0 1 0 3 0 4 0 5 0 0 0 4 0 1 0 4 0 1 0 0 0 6 0 6 0 6 0 1 0 3 0 3 0 4 0 0 0 5 0 5 0 0 0 2 0 2 0 6 0 4 0 3 1 0 0 2 0 0 0 3 0 5 1 0 0 6 0 4 0 3 0 2 1 0 0 6 0 6 0 5 1 0 0 6 0 6 0 1 0 2 1 0 0 6 0 5 0 1 0 5 0 5 0 1 0 2 0 4 1 0 0 0 0 4 0 3 0 3 0 4 0 2 0 0 0 6 0 1 1 0 1 0 0 1 0 1 0 3 0 6 0 0 0 4 1 0 0 1 0 5 0 5 1 0 0 4 1 0 0 3 0 5 0 6 0 4 0 2 0 0 1 0 1 0 0 2 0 1 0 3 0 5 0 3 0 0 0 3 0 2 1 0 0 2 0 1 0 0 1 0 0 1
0 485 6 0 6 0 0 0 6 0 1 0 5 0 3 0 1 0 5 0 2 1 0 0 2 1 0 0 1 0 0 0 5 0 1 0 2 0 5 1 0 0 1 0 4 0 5 0 3 0 0 0 3 1 0 0 1 0 2 0 5 0 3 0 5 0 6 0 1 0 4 0 2 0 4 0 6 0 6 0 2 0 4 0 2 0 4 0 0 0 6 0 1 1 0 1 0 0 1 0 5 0 2 1 0 0 6 0 0 0 6 0 5 0 4 0 3 0 6 0 2 0 0 0 2 0 5 0 5 0 2 0 6 0 0 0 1 0 2 0 5 0 4 0 4 0 4 0 5 0 2 0 1 0 3 0 1 0 2 0 5 0 4 0 0 0 0 0 2 0 4 0 2 0 6 0 1 0 5 0 3 0 1 1 0 0 4 0 4 0 2 0 0 0 5 0 4 0 0 0 3 0 3 0 5 0 1 0 5 0 5 1 0 0 0 0 0 0 4 0 0 0 4 0 6 0 2 0 4 0 1 0 4 0 3 0 0 0 0 0 3 0 0 0 2 0 3 0 4 1 0 1 0 0 0 0 0 1 0 0 4 0 5 0 5 0 3 0 6 0 3 0 4 0 5 0 3 0 3 0 1 0 5 0 0 0 2 1 0 0 2 0 3 0 2 0 0 0 4 0 0 0 3 0 1 0 5 0 6 0 5 0 3 1 0 0 0 0 1 0 2 0 3 0 3 0 1 0 4 0 5 0 5 0 2 0 0 1 0 0 4 0 0 1 0 0 5 0 0 0 5 0 1 1 0 1 0 0 0 0 5 0 6 0 5 0 0 0 5 0 5 0 3 0 5 1 0 0 5 0 3 0 4 0 3 0 3 0 3 0 5 0 1 1 0 0 1 0 1 0 0 0 0 0 1 0 5 0 1 0 4 0 4 1 0 0 6 0 1 0 2 1 0 0 5 0 2 0 1 1 0 0 3 0 3 0 5 0 0 0 1 1 0 1 0 0 4 0 6 0 1 0 5 0 1 1 0 0 6 0 3 0 2 1 0 0 3 1 0 0 1 0 6 0 5 0 6 0 3 0 2 0 1 0 6 0 1
1 487 1 0 5 0 5 0 2 0 4 0 4 0 2 1 0 0 4 0 2 0 6 0 6 0 4 0 6 0 1 0 1 0 2 0 3 0 5 0 3 1 0 0 3 0 1 0 3 1 0 0 1 1 0 1 0 0 2 0 5 0 3 0 0 0 4 0 5 0 4 0 0 0 6 0 1 0 6 0 5 0 6 0 0 0 6 0 0 0 2 0 4 0 4 1 0 0 6 0 2 0 2 1 0 0 0 0 4 0 2 0 5 0 4 0 2 0 0 0 5 0 5 0 0 0 5 0 3 0 3 0 6 0 4 0 1 0 2 0 5 0 3 0 2 0 2 0 2 0 3 0 5 0 2 0 6 0 2 0 5 0 3 0 1 0 1 0 0 0 5 0 0 0 6 0 4 0 4 0 2 1 0 0 4 1 0 0 1 0 1 0 5 0 1 0 3 0 1 0 1 1 0 0 0 0 3 0 4 0 3 0 4 1 0 0 0 0 1 0 0 0 2 0 1 0 5 0 6 0 0 0 4 0 0 1 0 0 1 0 0 0 6 0 0 0 4 1 0 0 3 0 0 0 5 1 0 0 1 1 0 0 1 0 4 0 4 0 0 0 6 0 0 0 2 0 3 1 0 1 0 0 4 0 2 0 1 0 5 0 6 0 3 0 6 0 4 0 1 0 0 0 1 0 6 0 3 0 3 0 6 0 4 0 0 1 0 0 0 0 2 0 4 0 6 0 6 0 3 0 1 0 4 0 3 0 5 0 1 1 0 0 0 0 2 1 0 0 2 0 2 0 2 0 4 1 0 0 6 0 0 0 3 0 6 0 3 0 2 0 3 0 4 0 0 0 5 0 0 0 3 0 0 0 2 0 0 0 0 0 0 0 3 0 4 0 6 0 1 0 2 0 0 0 0 0 3 0 2 0 4 0 1 0 3 0 0 0 4 0 3 0 5 1 0 0 2 0 5 0 3 0 6 0 5 1 0 0 3 0 1 0 3 1 0 1 0 0 1 0 5 0 4 0 2 0 4 1 0 0 4 1 0 0 6 0 6 0 6 0 6 0 2 0 5 0 4 0 5 1 0 0 5 0 3 0 4 0 3
0 487 3 0 3 0 3 0 6 0 1 0 1 1 0 0 0 0 0 0 6 0 5 0 6 0 2 0 5 0 3 0 2 0 4 1 0 0 4 0 0 1 0 0 6 0 2 1 0 1 0 0 3 1 0 0 6 0 4 0 2 1 0 0 2 0 1 0 4 0 1 0 2 0 4 0 4 0 5 0 4 0 5 0 2 0 4 0 1 0 5 0 1 0 3 0 0 0 4 0 5 0 5 0 6 0 0 0 0 0 6 0 3 0 1 0 5 0 1 0 3 0 3 0 2 0 3 0 0 0 0 0 6 0 1 0 3 0 5 0 2 1 0 0 5 0 4 0 4 1 0 0 3 0 6 0 4 0 6 0 2 1 0 0 3 0 2 0 1 0 2 0 2 0 5 0 2 0 1 1 0 0 0 0 1 1 0 0 2 0 3 0 2 0 3 0 6 0 2 0 3 0 5 1 0 1 0 0 2 0 0 0 2 1 0 0 0 0 2 0 0 0 4 0 3 0 3 0 5 0 2 0 0 0 2 0 6 0 1 0 1 0 4 0 2 0 1 1 0 0 6 0 1 0 3 1 0 0 3 0 6 0 2 0 1 0 1 0 2 0 4 0 1 0 5 0 0 0 0 1 0 0 0 0 5 0 3 0 3 0 6 0 0 0 6 0 1 0 3 0 0 0 3 0 5 0 0 0 0 0 6 0 1 0 2 0 5 1 0 0 5 0 1 0 6 0 5 1 0 0 4 0 1 0 0 0 3 0 4 0 5 1 0 0 5 0 6 0 3 0 4 0 5 0 2 0 0 0 4 0 1 1 0 0 5 1 0 0 5 1 0 0 1 0 2 0 2 0 1 0 6 0 0 0 4 0 0 0 0 0 0 1 0 0 2 0 5 0 3 0 4 0 0 0 0 0 6 0 5 0 0 0 3 0 6 0 1 0 1 0 0 0 4 1 0 0 5 0 3 0 0 0 6 0 4 1 0 0 6 0 3 0 0 0 0 0 6 0 2 0 3 0 1 0 6 0 2 0 0 0 2 0 0 0 5 0 6 0 6 0 5 0 6 0 3 0 2 0 5 0 0 0 3 0 0 0 2 0 0
0 488 1 0 0 0 0 0 0 5 0 3 0 3 0 5 1 0 0 1 0 5 0 4 0 5 0 6 0 2 1 0 0 6 0 2 0 0 0 0 0 2 1 0 0 4 1 0 0 0 1 0 0 0 0 0 0 5 0 1 0 6 0 6 0 3 0 3 0 0 0 3 0 5 0 1 0 2 0 4 0 2 0 3 0 6 0 0 0 4 0 2 0 3 0 6 0 1 0 1 0 4 0 4 0 5 0 1 0 1 0 4 1 0 0 4 0 2 0 3 0 6 0 6 0 4 0 6 0 0 0 1 0 4 0 3 1 0 0 3 1 0 0 0 0 3 0 2 0 2 1 0 1 0 0 6 0 2 0 5 0 6 0 6 0 5 0 4 0 2 0 4 0 5 0 2 0 5 0 3 0 5 1 0 0 3 0 6 0 3 0 6 0 4 1 0 0 5 0 5 1 0 0 5 0 0 0 6 0 3 0 0 0 5 0 5 1 0 0 4 0 1 0 1 0 0 0 0 0 3 0 5 0 0 0 5 0 4 0 3 0 3 0 0 0 5 0 3 1 0 0 4 0 3 1 0 1 0 1 0 0 5 0 5 0 2 0 2 0 5 0 0 0 4 0 2 0 1 0 1 0 6 0 0 0 3 0 0 0 0 0 5 0 2 0 4 0 3 0 6 0 0 1 0 0 3 0 1 0 1 0 4 0 3 0 5 0 4 0 0 0 2 0 4 0 5 0 5 0 0 0 0 0 3 0 0 1 0 0 2 0 5 0 0 0 3 0 6 0 0 0 2 0 3 0 5 0 1 0 0 0 4 1 0 0 4 0 0 0 3 1 0 0 2 0 4 0 4 0 3 0 4 0 2 0 0 0 1 0 0 0 1 0 6 0 4 0 3 0 0 0 1 0 1 0 1 0 5 0 3 0 1 1 0 0 5 0 3 0 2 0 1 0 2 0 0 0 2 1 0 0 2 0 5 0 3 0 0 0 4 1 0 0 1 0 1 0 4 0 5 0 6 0 3 0 4 0 5 0 0 0 4 0 1 0 3 0 6 0 6 0 4 0 5 1 0 0 6 0 2 0 1 0 6 0 0 0 4 0 0
0 489 1 0 5 1 0 0 1 0 3 0 0 0 0 0 4 1 0 0 3 0 3 0 2 0 4 0 5 1 0 0 0 0 4 0 5 0 0 0 0 0 5 1 0 0 1 1 0 0 1 0 5 1 0 0 1 0 2 0 4 0 5 0 5 1 0 1 0 0 1 1 0 0 3 0 3 0 5 0 0 0 5 1 0 0 5 0 2 0 0 0 5 1 0 0 5 0 3 0 3 0 1 0 2 0 3 0 3 0 3 0 2 0 0 0 0 0 5 1 0 0 6 0 6 0 2 0 5 0 1 0 3 0 1 0 0 1 0 1 0 1 0 0 0 0 6 0 4 0 5 1 0 1 0 0 4 0 6 0 3 0 6 0 6 0 4 0 1 0 6 0 1 0 3 0 6 0 3 0 0 0 4 1 0 1 0 0 6 0 0 0 6 0 3 0 0 0 3 0 5 0 0 0 2 0 2 0 4 1 0 0 2 0 3 0 5 0 0 0 0 0 3 0 2 0 0 0 0 1 0 0 3 0 2 0 3 0 1 1 0 1 0 0 2 0 3 0 1 0 0 0 1 0 1 0 0 1 0 1 0 0 3 0 3 0 5 0 5 0 2 0 2 0 0 0 5 0 2 0 3 0 4 0 1 0 6 0 0 0 1 0 2 0 6 0 1 0 0 0 5 0 2 0 6 0 5 0 2 0 3 0 1 0 0 0 4 0 1 0 1 0 5 0 1 0 4 0 3 0 1 0 0 0 6 0 1 0 6 0 4 0 2 0 1 1 0 0 5 0 1 0 4 1 0 0 3 0 3 0 1 0 2 0 0 0 0 0 1 1 0 1 0 0 5 0 1 0 2 0 0 0 1 0 5 0 0 0 2 0 0 0 3 0 5 0 1 1 0 0 1 0 2 0 2 0 3 0 2 1 0 0 4 1 0 0 2 1 0 0 5 0 2 0 4 0 0 0 5 0 6 0 4 0 2 1 0 0 2 0 1 1 0 0 2 0 3 0 1 0 4 0 6 0 0 0 2 0 3 0 2 0 0 0 3 1 0 0 6 0 6 0 2 0 5 0 0 0 4 0 5 0 3 0 4 0 2 0 0 0 1
0 489 3 0 3 1 0 0 2 0 6 0 0 0 1 0 1 1 0 0 6 0 6 0 5 0 1 0 4 1 0 0 1 0 1 0 3 0 1 0 1 0 3 1 0 0 3 0 6 0 2 0 3 1 0 0 2 0 5 0 1 0 4 0 5 0 0 0 6 0 2 0 6 0 5 1 0 0 3 0 2 0 4 0 0 0 2 0 5 0 1 0 4 0 0 0 2 1 0 1 0 0 3 0 4 0 6 0 6 0 6 0 4 0 0 0 1 0 4 0 0 0 5 0 5 0 6 0 2 0 3 0 6 0 2 0 1 1 0 1 0 0 6 0 0 0 5 0 2 0 5 0 0 1 0 0 1 0 6 0 0 0 6 0 6 0 1 0 4 0 4 0 3 1 0 0 5 1 0 0 2 0 2 0 0 1 0 0 4 0 2 0 4 1 0 0 1 1 0 0 3 0 1 0 4 0 5 0 1 1 0 0 4 1 0 0 3 0 1 0 0 0 6 0 4 0 0 0 1 0 6 0 5 0 4 0 6 0 3 1 0 0 6 0 3 0 6 0 2 0 0 0 2 0 2 0 1 1 0 0 6 0 5 1 0 0 4 0 3 0 5 0 4 0 1 0 2 0 5 1 0 0 1 0 4 0 4 0 1 0 2 0 5 0 4 0 3 0 1 0 2 0 6 0 5 0 3 0 5 0 6 0 2 0 1 0 0 0 3 0 3 0 2 0 4 0 0 1 0 0 3 0 1 0 4 0 4 0 5 0 1 0 5 0 3 1 0 0 2 0 4 0 1 1 0 0 6 0 6 0 2 0 4 0 0 0 0 0 3 1 0 1 0 0 2 0 3 0 4 0 0 0 3 0 2 0 1 0 4 0 0 1 0 0 3 0 4 0 6 0 1 0 4 0 4 0 6 0 5 1 0 0 1 1 0 0 5 1 0 0 2 0 6 0 0 0 2 0 3 0 6 0 1 0 6 0 6 0 3 0 3 0 6 0 3 0 6 0 3 0 1 0 5 0 1 0 4 0 6 0 4 0 1 0 0 0 0 0 5 0 5 0 6 0 2 0 2 0 1 0 4 0 0 0 1 0 5 0 0 0 2
1 490 1 0 0 0 1 0 0 5 0 4 0 1 0 2 0 3 1 0 0 5 0 6 0 3 0 4 0 1 1 0 0 2 0 2 0 6 0 2 0 2 1 0 1 0 1 0 0 5 0 5 1 0 1 0 0 5 0 2 0 4 0 1 0 3 0 2 0 4 0 6 0 5 0 4 1 0 0 6 0 5 0 0 0 1 0 5 0 2 0 4 0 0 0 1 0 5 1 0 0 6 0 6 0 1 0 6 0 6 0 6 0 1 0 1 0 3 0 0 0 2 0 3 0 4 0 5 0 5 1 0 0 5 0 5 0 3 1 0 1 0 0 4 0 2 0 2 0 6 0 2 0 2 0 6 0 2 0 4 0 2 0 5 0 5 0 4 0 1 0 2 0 1 0 0 0 3 1 0 0 4 0 4 0 1 1 0 0 0 0 6 0 1 1 0 0 3 0 6 0 5 0 3 0 1 0 3 0 4 1 0 0 1 1 0 0 6 0 2 0 1 0 5 0 1 0 1 0 3 0 5 0 4 0 2 0 6 0 1 0 0 0 5 0 0 0 5 0 5 0 0 0 4 0 4 0 3 1 0 0 5 0 5 0 0 0 1 0 0 0 4 0 1 0 3 0 5 0 3 1 0 0 3 0 1 0 1 0 3 0 5 0 3 0 1 1 0 0 3 0 5 0 5 0 4 0 0 0 4 0 5 0 5 0 2 0 0 0 6 0 6 0 5 0 0 0 2 0 6 0 5 0 3 0 1 0 2 0 3 0 4 0 3 0 0 1 0 0 5 0 0 0 4 1 0 0 5 0 5 0 6 0 0 0 1 0 1 0 0 0 0 0 6 0 3 1 0 0 1 0 1 0 6 0 4 0 3 0 0 0 2 0 6 0 6 0 1 0 5 0 4 0 1 0 2 0 6 0 4 1 0 0 3 1 0 0 3 1 0 0 5 0 4 0 1 0 4 1 0 0 5 0 4 0 5 0 6 0 0 0 0 0 6 0 0 0 5 1 0 0 4 0 2 0 4 0 1 0 6 0 1 0 3 0 0 0 1 0 3 0 4 0 5 0 5 0 4 0 3 0 0 0 1 0 3 0 2 0 1 0 4
0 491 1 0 6 0 0 1 0 0 3 0 1 0 3 0 5 0 0 0 0 0 3 0 6 0 0 0 1 0 4 0 6 0 3 0 5 0 4 0 5 0 5 1 0 1 0 1 0 0 3 0 5 0 0 1 0 0 2 0 6 0 0 0 3 0 6 0 5 0 1 0 6 0 4 0 3 0 0 0 5 0 3 0 1 0 3 0 2 0 6 0 0 0 1 0 3 0 4 0 0 0 5 0 5 0 4 0 5 0 6 0 5 0 3 0 2 0 6 0 0 0 4 1 0 0 2 0 4 0 5 0 0 0 3 0 4 0 1 0 0 1 0 0 0 0 5 0 5 0 4 0 5 0 5 0 4 0 6 0 0 0 6 0 3 0 4 0 1 0 3 0 4 0 2 0 1 0 0 0 0 0 1 0 1 0 4 0 6 0 0 0 4 0 4 0 6 0 6 0 5 0 3 1 0 0 3 1 0 0 2 1 0 0 3 1 0 0 4 0 5 0 3 0 2 0 3 0 2 1 0 0 4 0 1 0 6 0 4 0 3 0 1 0 2 0 2 0 3 0 3 0 2 0 1 0 2 0 1 0 0 0 3 0 3 0 1 0 2 0 1 0 0 0 3 1 0 0 4 0 0 1 0 0 6 0 2 0 2 1 0 0 3 1 0 0 4 0 6 0 6 0 3 0 4 0 1 0 2 0 1 0 4 0 3 0 5 0 1 0 5 0 6 0 3 0 1 0 5 0 5 0 3 1 0 0 3 0 4 1 0 0 1 1 0 0 2 1 0 0 2 0 2 0 2 0 0 0 3 0 4 0 5 0 1 0 2 0 2 0 0 0 1 0 5 0 0 1 0 0 2 0 3 0 5 0 1 1 0 0 1 0 5 0 5 0 5 0 4 0 3 0 1 0 3 0 5 0 5 0 3 0 0 0 0 0 0 0 0 0 0 0 3 0 1 0 4 0 2 0 0 0 3 0 2 0 4 0 5 0 1 0 1 0 4 0 2 0 4 0 0 0 0 0 6 0 0 0 4 0 4 0 3 0 6 0 0 0 2 1 0 0 2 0 4 0 4 0 1 1 0 0 1 0 2 0 6 0 4 0 3 0 1
0 491 3 0 4 0 2 0 6 0 5 0 2 1 0 0 3 0 1 0 0 1 0 0 5 0 1 0 3 0 1 0 6 0 0 0 4 0 2 0 4 0 5 0 0 1 0 0 6 0 6 0 2 0 2 0 6 0 4 0 4 0 1 1 0 0 6 0 3 0 4 0 5 0 1 1 0 0 2 0 2 1 0 0 3 0 6 0 5 0 4 0 1 0 2 1 0 0 1 0 2 0 3 0 4 0 2 0 4 0 6 0 3 1 0 0 6 0 4 0 2 0 1 1 0 0 5 0 1 0 3 0 1 1 0 0 1 0 3 0 1 0 6 0 0 0 3 0 4 0 2 0 4 0 4 0 2 0 5 0 2 0 5 0 0 0 1 0 3 1 0 0 1 0 5 0 2 0 0 0 0 0 2 0 3 0 1 0 5 0 2 0 1 0 2 0 6 0 6 0 4 0 0 1 0 1 0 1 0 0 5 1 0 0 0 0 0 0 1 0 3 1 0 0 5 0 6 0 5 1 0 0 0 0 4 0 5 0 1 1 0 0 3 0 4 0 4 0 6 0 6 0 4 0 2 0 4 0 2 0 0 0 6 0 6 0 2 0 4 0 2 0 1 0 0 0 0 0 0 0 2 1 0 0 4 0 5 0 5 1 0 0 0 0 0 0 1 0 6 0 6 0 0 0 1 0 3 0 4 0 3 0 1 0 0 0 3 0 4 0 3 0 5 1 0 0 4 0 3 0 4 0 0 1 0 1 0 0 2 1 0 0 3 0 6 0 4 0 6 0 3 0 4 0 4 0 0 1 0 0 2 0 3 0 3 0 4 0 4 0 0 0 3 0 2 0 2 0 6 0 3 1 0 0 3 0 4 0 6 0 2 0 3 0 4 0 4 0 1 1 0 0 3 1 0 0 4 0 3 1 0 0 1 0 0 0 0 0 0 0 0 0 6 0 3 0 0 0 5 0 0 0 6 0 5 0 1 0 3 0 3 0 3 0 0 0 6 0 0 0 1 0 1 0 4 0 2 0 1 0 2 0 0 0 5 0 1 0 5 0 6 0 4 0 1 0 1 0 4 0 6 0 1 0 5 0 5 0 1 1 0 0 3
1 492 1 0 0 1 0 6 0 5 0 3 0 6 0 6 0 5 0 2 0 1 1 0 0 2 0 3 0 6 0 3 0 4 0 2 0 0 0 6 0 1 0 3 0 2 1 0 0 5 0 5 0 5 0 5 0 5 0 2 0 1 0 4 1 0 0 5 0 0 0 2 0 3 0 4 0 6 0 3 0 5 0 6 0 6 0 5 0 4 0 1 0 3 0 5 0 6 0 1 0 4 1 0 0 1 0 6 0 1 0 6 0 1 0 0 0 5 0 1 0 5 0 3 1 0 0 2 0 3 0 6 0 3 0 6 0 1 0 6 0 3 0 4 0 1 1 0 0 1 0 6 0 1 0 1 0 6 0 2 0 6 0 2 0 1 0 2 1 0 1 0 0 3 0 2 0 5 0 0 0 0 0 4 0 6 0 3 0 2 0 5 0 2 0 5 0 5 0 6 0 1 0 2 1 0 1 0 1 0 0 3 1 0 0 0 0 0 0 3 0 0 0 0 0 3 0 6 0 4 1 0 0 1 0 1 0 3 0 4 0 6 0 6 0 1 0 2 0 6 0 6 0 1 0 6 0 0 0 5 0 1 0 5 0 5 0 6 0 0 0 5 0 2 0 0 0 0 0 0 0 5 1 0 0 1 0 4 0 4 1 0 0 0 0 0 0 3 0 5 0 5 0 1 0 2 1 0 0 1 1 0 0 3 0 0 1 0 0 2 0 0 0 5 0 0 0 1 0 0 0 1 0 2 1 0 0 6 0 4 0 6 0 6 0 5 0 2 0 6 0 0 0 2 0 1 0 2 0 6 0 3 1 0 0 0 0 2 0 1 0 1 0 6 0 4 0 5 0 5 0 0 1 0 1 0 0 2 0 5 0 5 1 0 0 2 0 1 0 4 1 0 0 0 0 0 0 1 0 0 1 0 0 2 0 0 0 0 0 0 0 1 0 4 1 0 0 2 0 2 0 2 0 5 0 3 0 3 0 6 0 6 0 6 0 1 0 4 0 1 0 2 0 3 0 0 0 5 0 2 0 4 0 1 0 2 0 4 0 3 0 6 0 1 0 3 0 3 0 1 0 5 0 4 0 3 0 3 0 4 0 6 0 5
1 493 1 0 6 0 2 0 5 0 4 0 0 0 6 0 6 0 3 0 5 0 3 0 6 0 3 1 0 0 6 0 0 0 1 0 5 0 1 0 4 0 3 0 6 0 5 1 0 0 3 0 4 0 4 0 4 0 3 0 5 0 3 0 2 0 0 0 2 0 1 0 4 1 0 0 2 0 6 0 0 0 4 0 6 0 6 0 4 0 1 0 3 1 0 0 4 0 5 0 4 0 1 1 0 0 3 0 4 0 4 0 4 0 3 0 1 0 2 0 4 0 3 0 0 1 0 0 4 1 0 0 6 0 0 0 5 0 4 0 5 0 0 0 1 0 4 0 6 0 2 0 4 0 3 0 3 0 4 0 6 0 4 0 5 0 2 0 5 1 0 0 6 0 5 0 5 0 2 0 1 0 1 0 1 0 5 1 0 0 6 0 2 0 6 0 3 0 4 0 5 0 3 0 5 1 0 1 0 0 6 0 6 0 5 1 0 0 0 0 6 0 0 0 0 1 0 0 6 0 2 1 0 0 2 0 2 1 0 0 2 0 6 0 5 0 3 0 5 0 5 0 5 0 4 0 4 0 2 0 2 0 4 0 3 0 4 0 5 0 2 0 2 0 5 0 0 0 0 0 1 0 3 1 0 0 3 0 1 0 2 1 0 0 0 0 0 1 0 0 4 0 3 0 3 0 5 0 6 0 2 0 6 0 5 0 1 0 6 0 3 0 1 0 2 0 1 0 2 0 0 0 2 0 5 1 0 0 5 0 2 0 6 0 6 0 3 0 6 0 4 0 1 0 4 0 2 0 5 0 5 0 0 1 0 0 0 0 4 0 2 0 3 0 5 0 2 0 4 0 3 0 2 1 0 0 6 0 4 0 3 0 4 1 0 0 4 0 3 0 1 1 0 0 0 0 0 0 2 0 1 0 6 0 3 0 0 0 0 0 0 0 3 0 1 1 0 0 4 0 4 0 5 0 3 0 0 0 0 0 6 0 6 0 5 0 4 0 0 0 3 0 4 0 6 0 1 0 2 0 6 0 0 0 3 0 5 0 1 0 0 0 5 0 3 0 6 0 6 0 3 0 3 0 2 0 0 0 0 0 2 0 6 0 4
0 493 3 0 4 0 6 0 3 0 1 0 2 0 5 0 6 0 0 0 4 0 0 0 6 0 1 0 0 0 4 0 1 0 3 0 2 0 4 0 1 0 0 0 6 0 4 1 0 1 0 0 2 0 2 0 2 0 0 0 3 1 0 0 5 0 0 0 4 0 3 0 1 1 0 0 5 0 4 0 2 0 1 0 6 0 6 0 1 0 4 0 0 0 0 0 1 0 4 0 1 0 4 0 6 0 6 0 1 0 2 0 1 1 0 0 3 0 5 0 0 1 0 0 2 1 0 0 2 0 0 0 4 0 2 0 3 0 2 0 3 0 1 0 3 0 1 0 5 0 6 0 1 0 0 0 0 0 2 0 6 0 2 0 3 0 6 0 4 0 0 0 5 0 4 0 3 0 5 0 2 0 2 0 3 0 4 0 0 0 4 0 6 0 5 0 0 0 2 0 4 0 0 0 5 0 0 1 0 0 5 0 6 0 4 1 0 0 1 0 4 0 1 0 1 1 0 0 4 0 6 0 6 0 3 0 5 0 6 0 4 0 5 0 4 0 0 0 4 0 4 0 4 0 2 0 1 0 5 0 5 0 1 0 0 0 2 0 3 0 5 0 5 0 2 0 1 0 0 0 2 1 0 1 0 0 6 0 2 0 5 0 5 1 0 0 1 1 0 0 1 0 0 0 0 0 4 0 5 0 6 0 5 0 3 0 4 0 4 1 0 0 3 0 4 0 2 0 4 0 0 0 5 0 4 0 0 0 2 0 6 0 5 0 6 0 0 0 6 0 1 0 4 0 0 0 6 0 3 0 3 0 2 0 6 0 0 0 0 0 5 1 0 0 3 0 6 0 0 1 0 1 0 0 0 0 5 0 2 0 0 0 3 0 0 0 0 1 0 0 4 0 5 1 0 0 0 0 4 0 3 0 4 1 0 0 1 0 0 0 0 0 6 0 3 1 0 0 1 0 2 0 3 1 0 0 1 0 1 0 5 0 6 0 4 0 1 0 1 1 0 0 2 0 5 0 3 0 5 0 4 0 1 1 0 0 3 0 3 0 1 0 3 0 0 0 6 0 5 1 0 1 0 0 5 0 0 0 0 0 5 0 5 0 2
1 494 1 0 0 2 0 5 1 0 0 3 0 5 0 3 0 5 0 2 0 0 0 2 0 4 0 3 0 1 0 0 0 3 0 6 0 5 0 0 0 3 0 1 0 5 0 3 0 0 0 6 0 3 0 4 0 4 0 1 0 0 0 0 0 2 0 2 0 0 1 0 0 4 1 0 0 3 0 1 0 5 0 3 0 5 0 5 0 4 0 0 0 1 0 0 0 3 0 0 0 4 0 1 0 6 0 5 0 3 0 4 0 3 0 6 0 6 0 2 0 2 0 6 0 4 0 6 0 3 0 1 0 0 0 5 0 6 0 4 0 6 0 2 0 6 0 3 0 3 0 5 0 3 0 0 0 0 0 5 0 4 0 5 1 0 0 6 0 1 0 2 0 3 0 2 0 0 0 3 0 5 0 4 1 0 0 1 0 2 0 1 0 6 0 3 0 1 0 5 0 0 0 2 0 2 0 2 1 0 0 3 0 6 0 2 1 0 0 3 0 0 0 3 0 3 1 0 0 1 0 6 0 6 0 0 0 4 0 6 0 2 0 4 0 1 0 2 0 1 0 2 0 1 0 5 0 3 0 3 0 3 0 3 0 0 0 4 1 0 0 4 0 3 0 5 0 2 0 0 0 5 1 0 1 0 0 4 0 6 0 3 0 4 1 0 0 3 0 6 0 1 0 0 0 1 0 1 0 4 0 6 0 4 0 0 0 2 0 2 1 0 1 0 0 1 0 6 0 0 0 2 0 3 0 1 0 1 0 5 0 5 0 4 0 5 0 2 0 4 0 4 0 0 0 2 0 4 1 0 1 0 0 6 0 4 0 1 0 1 0 3 1 0 1 0 0 5 0 2 1 0 0 6 0 0 0 2 0 5 0 0 0 6 0 0 0 1 1 0 0 1 0 4 1 0 0 1 0 1 0 0 0 2 1 0 0 2 0 0 0 1 0 5 0 0 1 0 0 2 0 4 1 0 1 0 0 2 0 3 0 3 0 6 0 1 0 3 0 3 0 6 0 4 0 3 0 0 0 4 0 1 0 4 0 6 0 5 0 6 0 2 0 6 0 1 0 5 0 5 0 0 1 0 0 2 0 1 0 1 0 3 0 3 0 5
1 495 1 0 6 0 4 0 3 1 0 1 0 0 4 0 0 0 3 0 5 0 0 0 5 0 0 1 0 0 3 0 0 1 0 0 6 0 3 0 1 0 6 0 3 0 2 1 0 0 2 0 5 0 0 0 2 0 1 0 3 0 0 0 0 0 4 0 4 0 1 1 0 0 1 1 0 0 6 0 3 0 3 0 0 0 4 0 4 0 1 0 1 0 2 0 0 0 6 0 1 0 0 0 4 0 5 0 4 0 0 0 2 0 0 0 6 0 5 0 5 0 5 0 5 0 2 0 5 1 0 0 3 0 1 0 3 0 6 0 2 0 5 0 6 0 5 0 0 0 0 0 3 1 0 0 1 0 1 0 3 0 2 0 5 0 0 0 4 0 3 0 4 0 6 0 4 0 0 1 0 0 4 0 2 1 0 0 2 0 4 0 3 0 4 1 0 0 4 0 2 0 1 0 4 0 4 0 5 0 6 0 6 0 4 0 6 0 6 0 5 0 0 1 0 0 0 1 0 0 3 0 5 0 5 0 2 0 1 0 5 0 6 0 0 0 3 0 4 0 2 0 4 0 3 0 2 1 0 1 0 1 0 1 0 0 2 0 2 0 0 0 1 0 0 0 3 0 5 0 1 0 4 0 0 1 0 0 1 0 6 0 0 0 2 1 0 1 0 0 5 0 3 0 0 0 2 0 3 0 1 0 6 0 1 0 1 0 4 0 5 1 0 0 6 0 2 0 4 0 1 0 4 0 6 0 2 0 3 0 3 0 4 0 2 0 3 0 6 0 1 0 1 0 1 0 5 0 2 0 0 1 0 0 5 0 1 0 3 0 3 0 0 0 0 1 0 0 2 1 0 0 0 0 4 0 1 0 5 0 2 0 2 0 4 0 1 0 3 0 6 0 2 0 1 1 0 0 2 0 2 0 0 0 5 0 6 0 3 0 0 0 3 0 2 0 2 0 6 0 4 0 2 0 0 0 6 0 3 1 0 0 0 0 5 0 3 1 0 0 0 0 6 0 1 1 0 0 2 0 0 0 4 0 1 0 6 0 4 0 5 0 6 0 4 0 4 0 3 0 3 0 2 0 6 0 3 0 2 0 2 1 0 0 0 0 4
0 495 3 0 5 0 2 0 1 0 0 1 0 0 0 0 1 1 0 0 3 0 2 0 2 0 2 0 6 0 5 0 1 1 0 0 4 1 0 0 4 0 4 1 0 0 6 0 6 0 4 0 2 0 1 0 4 0 2 0 6 0 0 0 1 0 1 0 1 0 4 0 6 0 2 1 0 0 4 1 0 1 0 0 2 0 1 0 1 0 3 0 2 0 4 0 1 0 4 0 3 0 1 0 1 0 4 0 1 0 1 0 4 0 1 0 5 0 4 0 4 0 4 0 3 0 6 0 3 1 0 0 6 0 2 1 0 0 5 0 6 0 3 0 6 0 3 0 1 0 0 1 0 1 0 0 2 0 2 0 6 0 5 0 2 0 2 0 1 0 0 0 2 0 6 0 1 0 2 1 0 0 0 0 6 0 6 0 4 0 1 0 0 0 3 0 0 0 0 0 5 0 3 0 1 0 2 0 4 0 6 0 6 0 2 0 6 0 6 0 3 0 2 0 6 0 0 0 6 0 6 0 3 0 3 0 5 0 3 0 3 0 5 0 1 1 0 0 1 0 6 0 0 1 0 1 0 0 0 1 0 1 0 0 6 0 3 0 4 0 0 0 2 0 0 1 0 0 3 0 4 0 0 0 2 0 6 0 2 0 4 0 1 0 5 1 0 1 0 0 2 1 0 0 1 0 4 0 6 0 3 0 4 0 3 0 3 0 1 0 5 0 0 0 4 0 6 0 0 0 4 0 1 0 5 0 5 1 0 0 0 0 1 0 5 1 0 0 5 0 3 0 2 0 3 0 2 0 5 0 1 1 0 0 2 0 3 0 6 0 6 0 0 0 1 0 6 0 4 0 6 0 0 0 0 0 4 0 2 0 5 0 5 0 0 0 3 1 0 0 5 0 5 0 3 0 6 0 3 0 4 0 1 0 3 0 5 1 0 0 1 0 6 0 4 0 5 0 5 0 1 0 5 0 1 0 5 0 0 1 0 0 1 0 3 0 0 1 0 0 1 0 4 0 4 0 6 0 3 0 1 0 0 0 4 0 5 0 2 0 4 0 6 0 2 0 1 1 0 1 0 0 6 0 4 1 0 0 5 0 5 0 6 0 0 0 1
0 496 1 0 0 3 0 5 0 2 0 1 0 5 1 0 0 3 0 6 0 5 0 4 0 4 0 5 0 5 0 3 0 4 1 0 0 2 0 0 0 1 0 3 0 0 0 5 0 6 0 1 0 5 0 3 0 0 0 6 0 4 0 1 0 2 0 2 0 3 0 1 0 5 1 0 0 0 0 2 0 0 0 6 0 3 0 2 0 2 0 6 0 5 0 0 0 4 0 0 1 0 0 3 0 3 0 0 0 3 0 3 0 0 0 4 0 3 0 2 0 2 0 2 0 0 0 6 0 1 0 0 0 4 1 0 0 0 0 3 0 6 0 0 0 5 1 0 0 3 0 1 1 0 0 6 0 3 0 5 0 5 0 3 0 5 0 4 0 2 0 0 0 5 0 4 0 3 0 5 0 6 0 0 0 5 0 6 0 1 0 3 0 0 0 6 0 0 0 1 0 2 1 0 0 3 0 5 0 1 0 6 0 5 0 6 0 5 0 5 1 0 0 6 0 4 0 2 0 5 0 6 0 0 0 0 0 4 0 0 0 0 0 3 0 4 0 6 0 2 0 4 0 2 1 0 0 6 0 0 1 0 1 0 0 5 0 0 0 1 0 1 0 4 0 1 0 6 0 6 0 0 0 1 0 5 0 4 0 6 0 0 0 4 0 4 0 0 0 6 0 4 0 6 0 2 0 1 0 6 0 0 0 1 1 0 1 0 0 4 0 2 0 2 0 1 0 5 0 2 0 0 0 4 0 3 0 4 1 0 0 0 0 3 0 4 0 0 0 2 1 0 0 5 0 6 0 5 0 2 0 4 0 6 0 3 1 0 0 6 0 5 0 1 0 3 0 5 0 2 0 5 0 1 0 1 0 0 0 6 0 3 0 3 0 2 0 0 0 0 0 3 0 4 0 0 0 6 0 0 0 1 0 3 1 0 0 4 1 0 0 3 0 5 0 2 0 4 0 3 0 4 0 2 0 4 0 2 0 2 0 6 0 1 0 6 0 1 0 6 0 2 0 1 0 2 0 5 1 0 0 3 0 1 0 1 0 3 0 6 0 1 0 5 0 5 0 3 1 0 1 0 0 5 0 3 0 0 0 3 0 4 0 5 0 1 0 2
1 497 1 0 6 0 6 0 2 0 5 0 3 0 3 1 0 1 0 0 6 0 4 0 2 0 2 0 4 0 4 0 0 0 2 1 0 0 4 0 0 0 2 0 6 0 1 0 3 0 5 0 4 0 2 1 0 0 2 0 5 0 1 0 3 0 4 0 4 0 6 0 3 0 3 1 0 0 0 0 4 0 1 0 4 1 0 0 5 0 5 0 5 0 3 0 2 0 0 0 2 0 6 0 5 0 6 0 0 0 6 0 6 0 1 0 0 1 0 0 5 0 4 0 4 0 1 0 4 0 3 0 1 0 1 1 0 0 0 1 0 0 5 0 2 0 3 1 0 0 6 0 3 1 0 0 5 0 0 0 4 0 4 0 0 0 4 0 1 0 5 0 1 0 3 0 2 0 0 0 4 0 5 0 2 0 3 0 5 0 3 0 6 0 1 0 4 0 1 0 2 0 5 0 6 0 6 0 2 0 4 0 5 0 4 0 6 0 4 0 5 0 0 0 5 0 1 0 6 0 3 0 5 0 1 0 1 0 0 0 1 0 0 1 0 0 2 0 5 0 6 0 0 1 0 0 0 0 4 0 2 1 0 1 0 0 2 0 1 0 2 0 3 0 0 0 4 0 5 0 5 0 1 0 3 0 3 0 2 0 5 0 2 0 1 0 1 0 2 0 5 0 2 0 5 0 5 0 3 0 4 0 1 0 3 1 0 1 0 0 0 0 5 0 4 0 3 0 2 0 5 0 1 0 1 0 0 0 2 1 0 0 0 1 0 0 1 0 1 0 5 1 0 0 3 0 6 0 3 0 6 0 1 0 6 0 1 0 0 0 5 0 3 0 3 1 0 0 3 0 6 0 2 0 3 0 2 0 1 0 4 1 0 1 0 0 5 0 0 0 0 1 0 0 1 0 2 0 4 0 1 0 3 0 0 0 0 0 1 1 0 1 0 0 3 0 6 0 1 0 0 0 1 0 6 0 0 0 5 0 5 0 4 0 4 0 4 0 4 0 4 0 5 0 2 0 5 0 3 1 0 0 6 0 2 0 2 1 0 0 5 0 4 0 3 0 4 0 1 0 0 1 0 0 2 1 0 0 1 1 0 0 2 0 3 0 3 0 4
0 497 3 0 5 0 5 0 6 0 3 0 0 0 1 0 0 1 0 0 5 0 1 0 5 0 5 0 1 0 1 0 1 0 5 1 0 0 0 0 1 0 5 0 4 0 3 1 0 0 4 0 1 0 6 0 6 0 4 0 2 0 3 1 0 0 2 0 2 0 6 0 0 0 0 1 0 0 1 0 0 0 4 0 2 0 0 0 3 0 4 0 3 1 0 0 5 0 0 0 5 0 5 0 4 0 5 0 2 0 5 0 5 0 3 0 1 1 0 0 3 0 2 0 1 0 4 0 0 1 0 0 3 0 3 0 6 0 0 1 0 0 2 0 6 0 0 0 0 0 5 0 1 0 0 0 2 0 2 0 1 0 1 0 2 0 0 0 4 0 2 0 3 0 6 0 4 0 1 0 1 0 3 0 5 1 0 0 4 0 0 0 5 0 4 0 0 0 3 0 5 0 3 0 6 0 5 0 6 0 1 0 4 0 2 0 6 0 2 0 3 0 2 0 2 0 4 0 5 0 0 0 3 0 3 0 2 0 0 0 2 0 1 0 6 0 4 0 3 0 5 0 2 0 6 0 0 0 0 1 0 0 0 0 6 0 3 0 2 0 4 0 6 0 1 0 1 0 4 0 3 0 3 0 6 0 6 0 5 0 2 0 5 0 2 0 2 0 5 0 2 0 6 0 3 0 4 0 0 0 1 0 4 0 0 0 0 0 6 0 0 0 3 0 1 1 0 0 6 0 2 0 3 0 2 0 0 0 5 0 6 0 0 0 6 0 1 0 3 0 3 1 0 1 0 0 6 0 0 0 5 0 4 0 4 0 3 0 1 0 3 0 0 0 0 1 0 1 0 0 5 0 5 0 6 0 4 0 3 0 2 0 0 1 0 0 2 0 1 0 1 0 6 0 1 0 5 0 0 0 3 0 6 0 0 0 0 0 3 1 0 0 6 0 6 0 4 0 3 0 0 0 3 0 4 0 2 0 3 0 4 0 2 0 2 0 2 0 2 0 2 0 3 0 6 0 3 0 1 0 0 0 4 0 5 0 5 1 0 0 3 0 2 0 0 0 1 0 3 0 1 0 6 0 4 0 6 0 2 0 6 0 3 1 0 0 0 0 2
1 498 1 0 0 4 0 4 0 5 1 0 0 1 0 2 0 1 1 0 0 2 0 4 0 3 0 3 0 3 0 2 0 3 0 3 1 0 0 0 0 3 0 3 0 2 0 1 0 0 0 0 0 4 0 5 0 6 0 1 0 5 1 0 1 0 0 4 0 5 0 4 0 1 0 1 0 6 0 1 0 1 0 0 0 5 0 0 1 0 0 2 0 1 0 0 0 2 0 2 0 3 0 4 0 2 0 3 0 6 0 3 0 3 1 0 0 4 0 6 0 5 0 4 0 3 0 0 0 2 0 6 0 5 1 0 0 5 0 2 0 6 0 4 0 4 0 1 0 1 0 2 0 3 0 0 0 4 0 4 0 2 0 2 0 4 0 1 0 0 0 5 1 0 0 6 0 1 0 3 0 2 1 0 0 5 0 0 0 0 0 2 0 3 0 1 0 1 1 0 0 4 0 0 0 6 0 4 0 5 0 4 0 0 0 6 0 4 0 5 0 6 0 4 0 5 0 1 0 3 0 1 0 6 0 6 0 4 0 0 0 4 0 3 0 5 0 2 0 0 0 3 0 6 0 4 0 1 0 1 0 6 0 0 0 4 1 0 0 6 0 1 0 5 0 3 0 3 0 1 0 0 0 0 0 6 0 6 0 3 0 6 0 2 0 5 0 5 0 2 0 6 0 5 0 0 0 1 0 1 0 3 0 0 0 1 0 1 0 4 0 1 0 6 0 3 1 0 0 4 0 5 0 6 0 4 0 1 0 3 0 5 0 2 0 4 0 3 1 0 0 1 0 0 1 0 0 4 0 2 0 3 0 2 0 1 1 0 0 3 0 6 0 0 0 1 1 0 1 0 0 3 0 4 0 6 0 1 1 0 0 5 0 1 0 6 0 3 0 2 0 3 0 4 0 4 0 2 0 1 1 0 0 5 0 1 0 1 0 0 0 0 0 5 0 6 0 1 1 0 0 1 1 0 0 1 0 5 1 0 0 1 0 5 0 4 0 4 0 4 0 4 1 0 0 5 1 0 0 3 0 1 0 1 0 4 0 4 1 0 0 6 0 4 0 0 0 2 0 6 0 3 0 5 0 2 0 5 0 6 0 5 0 0 1 0 0 0 0 4
0 499 1 1 0 0 1 0 2 0 4 1 0 0 2 0 4 0 3 0 6 0 4 0 0 1 0 1 0 1 0 0 5 1 0 0 0 1 0 0 0 0 6 0 6 0 4 0 2 0 0 0 1 0 1 0 4 0 5 0 4 0 4 0 0 1 0 0 1 0 4 0 1 0 3 0 3 0 4 0 3 0 2 0 1 0 2 0 2 0 6 0 3 0 2 0 0 0 4 0 4 1 0 0 1 0 5 1 0 0 6 0 0 0 1 0 0 0 1 0 6 0 4 0 1 1 0 0 1 0 5 0 5 0 5 0 0 0 2 0 6 0 5 0 2 0 1 0 3 0 2 0 4 0 6 0 1 0 1 0 1 0 5 0 5 0 0 0 3 0 1 0 4 0 0 0 4 0 3 0 6 0 5 1 0 0 2 0 1 0 0 0 4 0 6 0 2 0 3 1 0 0 0 0 2 0 5 0 2 0 4 0 1 0 2 0 5 0 2 0 4 0 6 0 2 0 3 0 3 0 6 0 3 0 5 0 6 0 1 0 2 0 1 0 0 0 3 0 5 0 0 1 0 0 6 0 1 0 3 0 3 0 4 0 2 0 2 0 0 0 4 0 4 0 2 1 0 1 0 0 3 0 0 0 1 0 5 0 6 0 0 0 5 0 6 0 3 0 3 0 6 0 5 0 3 0 1 0 2 0 2 0 6 0 0 0 2 0 3 0 0 0 4 0 5 0 1 0 0 0 1 0 4 0 6 0 1 0 3 1 0 0 3 0 6 0 1 0 0 1 0 0 2 0 1 1 0 0 0 0 5 0 6 0 4 0 3 0 6 0 6 0 4 0 1 0 3 1 0 0 6 0 6 0 1 0 5 0 4 1 0 0 2 0 4 0 4 1 0 0 5 1 0 0 2 0 1 0 5 0 3 1 0 0 2 0 3 0 2 0 0 0 1 0 3 0 5 0 4 0 6 0 2 0 6 0 2 0 3 1 0 0 3 0 3 0 2 0 2 0 2 0 3 0 0 0 3 1 0 0 6 0 2 0 3 0 1 0 3 0 0 0 5 0 1 0 1 0 5 0 5 0 0 0 3 0 6 0 3 0 6 0 3 0 2 0 6 0 0 0 1
0 499 3 0 6 0 1 0 5 0 1 1 0 0 5 0 1 0 0 0 6 0 1 0 2 1 0 1 0 1 0 0 3 1 0 0 1 0 6 0 0 0 5 0 6 0 1 0 5 0 0 0 2 0 3 0 1 0 4 0 2 0 1 0 2 0 6 0 2 0 0 0 3 1 0 0 0 0 1 1 0 0 5 0 2 0 4 0 5 0 4 1 0 0 5 0 1 0 1 0 2 1 0 0 3 0 4 0 0 0 4 0 1 0 2 0 0 0 3 0 5 0 1 0 4 0 6 0 2 0 3 0 4 0 3 0 1 0 5 0 5 0 3 0 5 0 2 0 6 0 5 0 1 0 5 0 3 0 2 0 3 0 3 0 3 0 1 0 6 0 3 0 0 0 2 0 1 0 0 0 6 0 4 1 0 0 4 0 2 0 1 0 1 0 5 0 5 1 0 1 0 0 0 0 5 0 2 0 6 0 0 0 3 0 5 0 2 0 6 0 1 0 5 0 5 1 0 0 0 0 6 0 0 0 4 0 5 0 3 0 4 0 2 0 0 1 0 0 3 0 2 1 0 0 4 0 3 1 0 0 0 0 1 0 5 0 4 0 1 0 1 0 1 1 0 0 0 0 6 0 5 0 0 0 3 0 3 0 5 0 2 0 3 0 6 0 0 0 0 0 6 0 3 1 0 0 3 0 4 0 5 0 4 0 1 0 4 0 6 0 1 0 1 0 3 0 3 0 0 0 3 0 1 0 5 0 3 1 0 1 0 1 0 0 5 0 3 0 1 0 6 0 3 0 3 0 6 0 0 0 3 0 6 0 2 0 0 0 6 0 6 0 1 0 4 0 0 0 0 0 5 0 5 0 4 0 3 0 2 1 0 0 5 0 1 0 3 0 0 0 3 1 0 0 4 0 3 0 3 0 0 1 0 0 4 0 6 0 4 0 0 0 2 1 0 0 4 0 2 0 5 0 6 0 4 0 5 1 0 1 0 0 6 0 6 0 4 0 4 0 4 0 6 0 1 0 0 0 0 0 4 0 5 0 6 0 2 0 6 0 1 0 2 0 3 0 3 0 3 0 3 0 1 1 0 0 6 0 0 0 5 1 0 0 6 0 4 0 1 0 2
1 500 1 0 0 5 0 4 0 2 0 4 1 0 0 2 0 3 0 1 0 4 0 3 0 5 1 0 1 0 0 6 0 6 0 6 0 2 0 4 0 2 0 3 0 5 0 4 0 2 0 1 0 4 0 6 0 3 0 0 0 5 0 2 0 5 0 4 0 5 0 0 1 0 1 0 0 0 0 3 1 0 0 2 0 6 0 1 0 4 0 3 0 0 0 2 0 3 0 2 0 5 0 6 0 6 0 0 0 2 0 0 0 3 0 4 0 0 1 0 0 3 0 4 0 1 0 5 0 5 1 0 0 1 1 0 0 4 0 3 0 4 0 0 0 3 0 6 0 5 0 3 0 4 0 2 1 0 0 5 0 6 0 6 0 6 0 3 0 4 1 0 0 1 0 4 0 2 0 1 0 5 0 3 0 0 0 0 0 5 0 2 0 3 0 3 0 5 0 0 0 6 0 0 0 2 0 6 0 4 0 1 1 0 0 3 0 6 0 4 0 4 0 3 0 4 1 0 0 1 0 4 0 2 0 1 0 4 0 0 0 1 0 5 0 1 0 6 0 5 0 5 1 0 0 1 0 0 1 0 0 0 0 3 0 3 0 1 0 3 0 2 0 3 0 6 0 0 0 5 0 3 0 1 1 0 0 0 0 3 0 5 1 0 0 5 0 1 0 1 0 5 0 0 1 0 1 0 0 2 0 4 0 1 0 4 0 1 0 5 0 3 0 2 0 6 0 6 0 0 0 6 0 3 0 3 0 1 0 0 1 0 1 0 0 2 1 0 0 4 0 5 0 0 0 0 0 5 0 1 1 0 0 5 0 5 0 1 0 5 0 5 0 4 0 0 0 1 0 1 0 3 0 4 0 1 1 0 1 0 0 0 0 2 0 3 0 6 0 1 0 0 0 0 0 0 1 0 1 0 0 2 1 0 0 1 0 6 0 1 0 1 0 5 1 0 0 0 0 6 0 3 0 6 0 2 0 5 0 0 1 0 0 5 0 6 0 2 0 2 0 2 0 5 0 3 0 0 0 1 0 1 0 4 0 5 0 6 0 4 0 3 0 4 0 6 0 6 0 6 0 6 0 3 1 0 0 4 0 2 0 4 0 0 0 5 0 1 0 3 0 4
0 501 1 1 0 0 3 0 1 0 6 0 1 1 0 0 4 0 6 0 3 0 1 0 0 0 5 0 0 1 0 0 5 0 6 0 5 0 6 0 0 0 5 1 0 0 4 0 1 0 5 0 3 0 1 0 5 1 0 0 2 0 2 0 6 0 3 0 2 0 3 0 2 1 0 0 5 1 0 1 0 1 0 0 5 0 4 0 4 0 0 1 0 0 1 0 4 0 6 0 5 0 3 0 6 0 5 0 1 0 4 0 0 1 0 0 1 0 2 0 6 0 6 0 0 0 4 0 3 0 4 1 0 0 3 1 0 0 1 0 0 0 1 0 1 1 0 0 6 0 4 0 0 0 1 1 0 0 0 0 3 0 6 0 6 0 6 0 0 0 2 1 0 0 3 0 0 0 5 0 3 0 2 1 0 0 1 0 1 0 2 0 5 1 0 0 0 0 3 0 2 0 4 0 1 0 5 0 5 0 1 0 4 0 6 0 6 0 5 0 2 0 2 0 0 0 2 1 0 0 3 0 0 0 5 0 3 0 0 0 1 0 3 0 2 0 4 0 5 0 4 0 4 1 0 0 2 0 1 0 5 1 0 0 6 0 6 0 2 0 6 0 4 1 0 0 5 0 2 0 2 1 0 0 4 0 5 1 0 1 0 0 5 0 0 0 2 0 3 0 3 0 2 0 2 1 0 0 6 0 4 0 0 0 4 0 0 0 4 0 2 1 0 0 6 0 5 0 5 0 2 0 4 1 0 1 0 0 3 0 1 1 0 0 6 0 4 1 0 0 1 0 3 0 1 0 1 0 2 0 4 1 0 0 3 0 3 0 4 0 3 0 4 0 1 0 1 0 2 0 2 1 0 0 1 0 4 1 0 0 5 1 0 0 4 1 0 0 5 0 3 0 0 0 0 0 1 1 0 0 6 0 4 0 6 0 2 0 4 0 3 0 3 0 3 1 0 0 1 0 5 0 0 0 5 0 6 0 2 0 2 1 0 0 3 0 5 0 5 0 4 0 5 0 2 1 0 0 1 0 2 0 3 0 1 0 4 0 6 0 2 0 0 0 2 0 6 0 6 0 6 0 6 0 1 0 0 0 0 0 6 0 0 0 2 0 2 0 3 1 0 0 2
1 501 3 0 6 0 5 0 3 0 4 0 4 1 0 0 1 0 5 1 0 0 3 0 1 0 2 0 2 1 0 0 3 0 6 0 4 0 5 0 2 0 4 0 0 0 0 0 4 0 2 1 0 0 4 0 3 1 0 0 4 0 5 0 4 1 0 0 5 0 6 0 5 1 0 0 4 0 0 1 0 1 0 0 3 0 2 0 1 0 2 0 6 0 2 0 1 0 6 0 4 0 0 0 6 0 3 0 4 0 0 0 2 0 6 0 1 0 5 0 5 0 5 0 2 0 1 0 0 0 2 1 0 1 0 1 0 0 2 0 0 0 2 0 3 1 0 0 5 0 1 0 1 0 3 0 5 1 0 1 0 0 6 0 6 0 5 0 1 0 5 0 6 0 5 0 1 0 2 1 0 0 6 0 6 0 1 0 2 0 5 0 3 1 0 0 0 0 6 0 5 0 0 0 4 0 3 0 3 0 4 0 1 0 6 0 6 0 3 0 5 0 4 0 0 0 5 0 6 0 5 0 1 0 2 1 0 0 1 0 2 0 6 0 5 0 1 0 4 0 2 0 2 1 0 0 4 0 3 0 4 0 0 0 5 0 5 0 6 0 5 0 3 0 0 0 2 0 5 0 5 1 0 0 1 0 5 0 0 1 0 0 2 0 1 0 4 0 6 0 6 0 4 0 5 1 0 0 5 0 1 0 2 0 0 0 2 0 0 1 0 0 0 0 5 0 4 0 3 0 6 0 2 0 0 0 6 0 5 0 3 1 0 0 5 0 2 1 0 0 2 0 6 0 2 0 2 0 5 0 1 1 0 1 0 0 0 0 2 0 0 0 1 0 3 0 2 0 4 0 5 0 6 0 2 0 2 0 0 0 4 0 0 0 2 0 0 0 2 1 0 0 1 0 0 0 3 1 0 0 5 0 2 0 5 0 6 0 1 0 0 0 0 0 0 1 0 0 3 0 2 0 2 0 3 0 5 0 5 0 5 0 6 0 6 0 3 0 4 0 2 0 3 0 6 0 6 0 1 0 4 0 6 0 3 0 1 0 5 0 5 0 0 0 5 0 5 0 6 0 6 0 5 0 3 0 0 0 1 0 4 0 1 0 4 0 4 1 0 1 0 0 4
0 502 1 0 0 6 0 4 0 0 0 2 0 2 1 0 0 3 0 3 1 0 0 6 0 2 0 4 0 5 0 6 0 6 0 5 0 2 0 3 0 6 0 0 0 1 0 1 0 0 1 0 0 0 0 1 0 1 0 0 0 1 0 4 0 3 0 0 0 3 0 6 0 5 0 0 0 0 0 2 1 0 0 6 0 5 0 4 0 2 0 5 0 4 0 5 0 3 0 5 0 1 0 2 0 5 0 0 0 1 0 1 0 5 0 4 0 4 0 3 0 4 0 3 0 5 0 2 0 0 0 5 1 0 1 0 0 6 0 3 0 0 0 5 0 0 0 0 0 2 0 3 0 2 1 0 0 5 0 0 1 0 0 5 0 6 0 3 0 4 0 3 0 6 0 3 0 3 0 5 1 0 0 5 0 5 0 3 0 5 0 3 0 0 1 0 0 1 0 5 0 3 0 2 0 1 0 0 0 0 0 1 0 4 0 5 0 6 0 0 0 4 0 1 0 2 0 3 0 6 0 3 0 3 0 5 0 6 0 1 0 5 0 5 0 3 0 4 0 0 0 5 0 5 1 0 0 1 0 0 0 1 0 2 0 3 0 4 0 6 0 3 1 0 0 1 0 5 0 3 0 4 1 0 0 3 0 2 0 2 0 6 0 3 0 3 0 1 0 6 0 6 0 2 0 5 0 0 0 2 0 3 0 4 0 0 0 4 0 1 0 6 0 0 0 3 0 2 0 0 0 5 0 5 0 1 0 5 0 4 0 1 0 0 0 2 0 6 0 6 0 4 0 4 0 5 0 5 0 2 0 4 1 0 0 5 1 0 0 4 0 0 0 2 0 6 0 5 0 1 0 4 0 5 0 5 0 4 0 1 0 0 0 1 0 4 0 0 0 5 0 6 0 1 0 1 0 0 0 0 0 2 0 6 0 3 0 5 0 3 0 0 0 0 0 1 0 6 0 5 0 4 0 4 1 0 0 4 0 4 0 4 0 6 0 6 0 0 0 1 0 5 1 0 0 6 0 5 0 4 0 1 0 5 1 0 0 4 0 3 0 3 0 2 0 3 0 4 0 6 0 6 0 3 1 0 0 1 0 3 0 0 0 4 0 1 0 3 0 0 1 0 0 1
0 503 1 1 0 0 5 0 1 0 1 0 4 0 5 0 6 0 6 0 0 0 0 0 4 0 6 0 1 0 4 0 6 0 6 0 3 0 5 1 0 0 5 0 1 0 2 0 2 0 1 0 5 1 0 0 2 0 2 0 0 0 3 0 0 1 0 0 1 1 0 0 6 0 3 0 1 0 0 0 5 1 0 0 5 0 4 0 1 0 6 0 3 0 2 0 4 0 0 0 3 0 3 0 5 0 2 0 1 0 2 0 3 0 3 0 2 0 2 0 0 0 2 0 0 0 3 0 5 0 1 0 4 0 0 1 0 0 4 1 0 0 2 0 2 0 1 0 0 0 4 0 6 0 5 1 0 0 2 0 2 1 0 0 3 0 6 0 0 0 2 0 0 0 6 0 0 0 0 0 5 0 0 0 3 0 4 0 0 0 3 1 0 0 2 0 6 0 2 0 2 1 0 0 5 0 2 0 0 0 0 0 3 0 1 0 4 0 5 0 2 0 0 0 3 0 4 1 0 0 6 0 0 0 0 0 4 0 5 0 4 0 3 0 4 0 0 0 1 0 2 0 3 0 4 1 0 0 2 0 0 0 2 0 4 1 0 0 2 0 6 0 0 1 0 0 3 0 3 0 0 0 2 1 0 0 6 0 4 0 5 0 4 1 0 1 0 0 4 0 5 0 5 0 6 0 2 0 1 0 4 1 0 0 1 0 2 0 0 0 4 0 4 0 1 0 6 0 4 0 1 0 3 0 3 0 4 0 3 0 1 0 3 0 0 0 5 0 5 0 6 0 2 0 2 0 4 0 3 0 6 0 2 0 0 0 4 0 0 0 0 0 1 0 5 0 5 0 3 0 4 0 1 0 4 0 4 0 1 0 3 0 0 0 3 0 0 0 2 0 3 0 5 0 3 0 2 0 0 0 0 0 5 0 5 0 0 0 3 1 0 0 1 0 0 0 3 0 5 0 4 0 2 0 3 0 0 0 1 0 2 0 2 0 6 0 5 0 1 0 3 0 4 0 0 0 5 0 4 0 1 0 4 0 4 0 0 0 0 1 0 1 0 0 5 1 0 0 2 0 6 0 6 0 0 1 0 0 2 0 6 0 1 0 0 0 3 0 6 0 1 0 6 0 1
1 503 3 1 0 0 2 0 3 0 3 0 1 0 4 0 6 0 5 0 1 0 1 0 1 0 5 0 4 0 1 0 6 0 6 0 0 0 5 0 0 0 2 0 3 0 4 0 4 0 3 0 3 1 0 0 4 0 4 0 0 0 6 0 1 0 6 0 2 1 0 0 4 1 0 0 3 0 1 0 4 0 0 0 3 0 1 0 4 0 4 1 0 0 6 0 0 0 1 1 0 0 0 0 3 0 5 0 2 0 4 0 6 0 6 0 4 0 4 0 0 0 4 0 0 1 0 0 3 0 4 0 0 0 2 1 0 0 1 1 0 0 4 0 4 0 2 0 1 0 1 0 6 0 4 1 0 0 4 0 5 0 6 0 6 0 4 0 1 0 4 0 1 0 4 0 1 0 1 0 2 0 1 1 0 0 1 0 1 1 0 1 0 0 5 0 4 0 5 0 5 1 0 0 2 0 5 0 0 0 0 0 6 0 3 0 1 0 3 0 5 0 0 1 0 0 3 0 0 0 4 0 1 0 1 0 1 0 4 0 2 0 0 0 1 0 1 0 2 0 4 1 0 0 2 1 0 0 4 0 0 0 5 0 1 1 0 0 5 0 4 0 2 0 6 0 5 0 6 0 0 0 5 1 0 0 5 0 2 0 4 0 3 0 0 1 0 0 1 0 4 0 4 0 5 0 5 0 3 0 1 1 0 0 2 0 4 0 1 0 1 0 1 0 4 0 5 0 1 0 3 1 0 0 0 0 1 1 0 0 3 0 6 0 1 0 3 0 4 0 5 0 5 0 5 0 1 0 0 0 5 0 5 0 1 0 0 0 1 0 0 0 3 0 3 0 4 0 0 0 1 0 4 0 1 0 1 0 3 0 6 0 0 0 6 0 0 0 4 1 0 0 3 1 0 0 5 0 0 0 1 0 3 0 3 0 1 1 0 1 0 0 2 0 0 1 0 0 4 0 1 0 5 0 6 0 0 0 2 0 4 0 5 0 5 0 3 0 3 1 0 0 1 0 2 0 3 0 1 0 4 0 1 0 1 0 1 0 1 1 0 1 0 0 3 1 0 0 5 0 5 0 5 0 2 0 6 0 4 0 4 0 3 0 0 1 0 0 5 0 4 0 4 0 3
0 504 1 0 1 0 0 4 0 6 0 6 0 3 0 1 0 6 0 3 0 3 0 2 0 3 0 3 0 1 0 4 0 5 0 5 0 2 0 2 0 1 0 4 1 0 0 2 0 2 0 0 0 1 0 0 0 1 0 1 0 2 0 4 0 4 0 4 1 0 0 0 0 1 1 0 0 6 0 3 0 0 0 1 0 6 0 3 0 1 0 3 0 0 0 4 0 1 0 3 0 5 1 0 1 0 0 3 0 6 0 1 0 6 0 6 0 2 0 1 0 2 0 0 0 2 0 6 0 6 0 0 0 1 0 5 0 6 0 2 1 0 0 1 0 1 0 5 0 2 0 3 0 5 0 3 0 0 0 1 0 4 0 6 0 6 0 1 0 4 0 0 0 4 0 0 0 3 0 2 0 4 0 3 0 6 0 1 0 3 1 0 1 0 0 3 0 2 0 4 0 4 1 0 0 5 0 2 0 1 0 1 0 4 1 0 0 3 1 0 0 3 0 2 0 6 0 5 0 1 0 0 0 3 0 2 0 3 0 0 0 5 0 0 0 2 0 2 0 5 0 1 1 0 0 5 1 0 0 0 0 2 0 2 0 4 1 0 0 3 0 1 0 6 0 5 0 4 0 5 0 2 0 4 0 0 0 2 0 6 0 0 1 0 0 2 0 6 0 2 0 1 0 2 0 4 0 3 1 0 0 4 0 6 0 4 0 0 0 3 0 2 0 3 0 1 0 3 0 3 1 0 1 0 0 0 0 3 0 6 0 6 0 4 0 3 1 0 0 2 0 4 0 4 0 3 0 3 0 1 0 3 0 3 0 3 0 0 0 2 0 0 1 0 0 0 0 1 0 1 0 3 0 0 0 3 0 2 1 0 0 5 0 2 0 4 0 2 0 2 0 0 0 0 0 0 0 2 0 1 0 2 0 6 0 6 0 3 1 0 0 6 0 3 0 1 1 0 0 0 0 4 0 3 0 5 0 1 0 5 0 1 0 4 0 4 0 0 0 0 1 0 0 2 0 4 0 6 0 3 0 0 0 3 0 2 0 2 0 3 1 0 1 0 0 0 0 0 0 3 0 4 0 3 0 6 0 5 0 2 0 1 1 0 0 2 1 0 0 3 0 2 0 2 0 0
0 505 1 1 0 1 0 0 1 0 6 0 5 1 0 0 4 0 4 1 0 1 0 0 5 0 6 0 6 0 3 0 1 0 4 0 3 0 5 0 4 0 3 0 1 1 0 0 4 0 4 0 0 0 2 0 0 0 2 0 2 0 5 0 1 0 2 0 2 1 0 0 0 0 3 1 0 0 4 1 0 0 1 0 3 0 4 1 0 0 3 0 6 0 1 0 0 0 3 1 0 0 5 0 0 0 6 0 6 0 4 0 4 0 5 0 5 0 5 0 2 0 4 0 0 0 5 0 5 0 5 0 1 0 3 0 3 0 5 0 6 0 6 0 1 0 3 0 2 0 5 1 0 0 3 1 0 0 1 0 3 0 1 0 6 0 5 0 4 0 0 0 2 0 0 0 1 0 6 0 5 0 1 0 0 0 5 0 4 0 0 0 0 0 6 0 5 0 5 0 1 0 3 0 0 0 2 0 5 0 2 0 3 0 1 1 0 1 0 1 0 0 6 0 5 0 5 0 3 0 3 0 0 0 6 0 4 0 6 0 1 0 2 0 1 0 4 0 5 0 2 0 4 1 0 0 3 1 0 0 0 0 4 0 5 0 1 1 0 0 6 0 3 0 5 0 4 0 2 0 3 0 6 0 0 0 1 0 5 0 4 0 2 0 6 0 4 0 4 0 5 0 2 0 5 0 1 0 1 0 0 0 1 0 6 0 1 0 1 0 6 0 4 0 6 0 2 1 0 0 1 0 0 0 5 1 0 1 0 0 6 0 6 0 2 0 0 1 0 0 5 0 1 0 1 1 0 1 0 0 3 0 6 0 6 0 6 0 0 0 4 0 1 0 5 1 0 0 2 0 2 0 6 0 0 0 6 0 5 1 0 0 2 0 6 0 0 0 5 0 4 0 0 0 0 0 0 0 4 0 2 0 5 0 5 0 6 0 1 0 0 0 4 1 0 0 4 0 6 0 0 0 1 0 0 0 3 0 4 0 2 0 4 0 1 0 1 0 1 0 1 0 6 0 4 0 1 0 5 1 0 0 1 0 6 0 4 0 5 0 0 0 0 0 5 1 0 0 0 1 0 0 2 0 0 0 6 0 3 0 5 0 3 0 6 0 4 0 6 0 5 0 4 0 4 0 0
0 505 3 1 0 0 6 0 2 0 5 0 5 0 0 0 1 0 3 0 0 1 0 0 3 0 6 0 5 1 0 0 4 0 1 0 0 0 4 0 1 1 0 0 4 1 0 0 1 0 1 0 1 0 4 0 0 0 4 0 5 0 2 0 3 0 4 0 5 0 6 0 0 0 0 0 0 0 1 1 0 0 2 1 0 0 2 1 0 1 0 0 5 0 3 0 1 0 0 0 0 0 2 0 2 0 5 0 6 0 2 0 2 0 4 0 4 0 3 0 6 0 0 0 2 0 3 0 4 0 3 0 3 1 0 0 0 0 4 0 6 0 5 0 3 0 6 0 5 0 3 1 0 1 0 1 0 0 2 0 6 0 3 0 5 0 4 0 1 0 1 0 4 0 0 0 3 0 5 0 3 0 3 0 1 0 3 0 1 0 1 0 1 0 5 0 4 0 3 0 3 0 6 0 0 0 5 0 2 0 5 0 6 0 3 1 0 1 0 1 0 0 5 0 4 0 3 1 0 1 0 0 2 0 5 0 2 0 5 0 3 0 4 0 3 0 1 0 3 0 6 0 1 1 0 1 0 1 0 0 1 0 1 0 3 0 4 1 0 0 5 0 0 0 4 0 1 0 5 1 0 0 5 0 1 0 3 0 3 0 1 0 6 0 5 0 2 0 2 0 3 0 6 0 2 0 3 0 2 0 0 0 3 0 4 0 3 0 3 0 5 0 2 0 5 0 6 0 6 0 1 0 1 0 4 0 0 1 0 0 5 0 5 0 5 0 1 1 0 0 2 0 3 0 3 1 0 0 6 0 6 0 5 0 6 0 5 0 2 0 0 0 4 0 3 1 0 0 4 0 5 0 4 0 2 0 5 0 4 1 0 0 5 0 4 0 2 0 3 0 1 0 1 0 0 0 1 0 0 0 6 0 3 0 4 0 5 0 3 0 1 0 2 0 0 0 1 0 5 0 1 0 2 0 0 1 0 0 1 0 6 0 0 0 3 0 2 0 2 0 3 0 5 0 1 0 4 0 3 1 0 0 3 0 5 0 2 0 3 0 1 0 1 0 3 1 0 0 1 0 6 0 3 0 1 0 5 0 0 0 4 0 0 0 6 0 2 0 6 0 4 0 2 0 1 0 1
0 507 1 0 0 0 0 0 4 0 6 0 3 0 3 0 1 0 2 0 6 0 1 0 6 0 6 0 5 0 5 0 0 0 0 0 3 0 1 0 0 0 4 1 0 0 1 1 0 0 2 0 2 0 3 0 0 0 2 0 1 0 3 0 5 1 0 0 2 0 4 0 5 0 1 0 0 0 0 0 3 0 6 0 4 0 6 0 4 1 0 1 0 0 2 1 0 0 3 0 0 0 0 0 4 0 5 0 3 0 5 0 5 0 5 0 1 0 2 0 0 0 5 0 1 0 4 1 0 0 2 0 0 0 0 1 0 0 1 0 1 0 6 0 4 0 0 0 6 0 4 0 1 0 0 1 0 0 6 0 4 0 5 0 0 0 4 0 1 0 3 0 3 0 0 0 1 1 0 0 3 1 0 1 0 0 3 0 6 0 2 0 2 0 3 0 3 0 2 0 0 0 0 0 5 0 2 0 2 0 6 0 3 0 6 0 1 0 0 1 0 1 0 0 3 0 2 0 1 0 0 0 6 0 4 0 2 0 6 0 3 0 0 0 1 1 0 0 3 1 0 0 5 0 4 1 0 1 0 0 6 0 1 0 2 1 0 0 3 0 0 0 2 0 2 0 0 0 4 0 4 0 0 0 2 0 3 0 6 0 6 0 3 0 5 0 3 0 5 0 4 1 0 0 5 0 5 0 6 0 4 0 0 1 0 0 2 0 0 0 0 0 3 0 6 0 3 0 6 0 5 0 3 0 3 0 0 0 2 1 0 0 3 0 4 0 3 0 4 0 6 0 3 1 0 0 1 0 0 0 5 0 6 0 4 0 6 0 3 0 5 0 1 0 1 0 1 0 0 0 1 0 4 0 1 0 6 0 3 0 3 0 0 0 3 0 1 0 5 0 6 0 2 0 2 0 0 0 2 0 1 0 5 0 0 0 2 0 3 1 0 0 3 0 4 0 0 0 3 0 2 0 3 0 4 0 1 0 6 0 2 0 4 0 1 0 6 0 4 0 4 1 0 0 3 0 4 0 1 0 0 1 0 1 0 0 3 0 5 0 6 0 2 0 2 1 0 1 0 0 3 0 4 1 0 0 4 0 2 0 2 0 0 0 2 0 4 0 6 0 5 0 1 0 5 0 2 0 2
1 507 2 0 0 0 1 0 1 0 5 1 0 1 0 0 3 0 5 0 4 0 4 0 5 0 6 0 4 0 3 0 1 0 0 0 6 0 2 0 1 0 1 1 0 0 3 0 6 0 3 0 4 0 6 0 0 0 4 0 2 1 0 0 4 1 0 0 5 0 1 0 3 0 3 0 0 0 0 1 0 0 6 0 2 0 6 0 3 0 0 0 6 0 4 0 6 0 5 0 0 0 1 0 1 0 4 0 0 0 4 0 4 0 3 0 3 0 4 0 1 0 2 0 4 0 1 1 0 0 4 0 0 0 1 0 6 0 1 0 3 0 5 0 1 0 2 0 5 0 1 0 3 0 1 1 0 0 5 0 2 0 3 0 2 0 0 0 3 0 6 0 6 0 0 0 3 1 0 0 0 0 0 0 6 0 6 0 4 0 5 0 4 0 6 0 6 0 4 0 0 0 1 0 2 0 5 0 5 0 5 0 0 0 5 0 3 0 1 1 0 0 6 0 5 0 4 0 2 0 1 0 5 0 1 0 6 0 4 1 0 0 1 0 3 1 0 0 0 0 0 0 3 0 3 0 0 1 0 0 4 0 3 0 5 0 6 0 5 0 0 0 4 0 4 0 1 0 1 0 1 0 1 0 4 1 0 0 6 0 6 0 0 0 4 0 0 0 4 0 3 0 0 0 3 0 4 0 6 0 1 0 2 0 6 0 3 0 0 0 0 1 0 0 6 0 0 0 6 0 3 1 0 1 0 0 1 0 5 0 6 0 6 0 1 0 0 0 2 0 6 0 0 1 0 0 2 0 1 0 3 0 6 0 2 0 6 0 0 0 3 0 3 0 2 0 2 0 0 0 3 0 0 0 4 0 4 1 0 1 0 0 1 0 6 0 3 0 3 0 5 0 5 0 4 0 0 0 4 0 3 0 2 0 1 0 4 1 0 1 0 1 0 0 1 0 1 0 6 0 4 1 0 0 1 0 4 0 4 0 6 0 0 0 4 0 5 0 2 0 2 1 0 1 0 0 1 0 3 0 1 1 0 0 6 0 6 0 3 0 5 0 5 0 5 1 0 0 6 0 6 0 2 0 0 0 0 0 5 0 4 0 0 0 5 0 1 0 6 0 3 0 4 0 2 0 5 0 4
0 507 4 0 0 0 2 0 3 0 4 0 0 0 6 0 6 0 3 0 2 0 2 0 4 0 6 0 1 1 0 0 3 0 1 0 4 0 5 0 2 0 3 0 6 0 6 0 5 0 0 0 2 0 5 0 2 0 0 1 0 0 0 0 2 0 0 0 2 0 3 0 6 0 6 0 0 0 1 1 0 0 4 0 6 0 4 1 0 0 2 0 5 0 2 0 6 0 3 0 1 0 2 0 3 0 0 0 2 0 1 0 2 0 0 0 0 0 1 0 3 0 5 0 0 0 4 1 0 0 0 0 1 0 3 0 4 0 3 1 0 0 3 0 3 0 5 0 2 0 3 0 6 0 3 1 0 0 2 0 5 0 6 0 4 0 0 1 0 0 6 0 5 0 1 1 0 1 0 0 0 0 1 0 5 0 6 0 2 0 4 0 2 0 6 0 6 0 1 0 1 0 2 0 5 0 3 0 4 0 3 0 2 0 2 1 0 0 4 1 0 0 5 0 4 0 1 0 5 0 3 0 2 0 4 0 5 0 2 1 0 0 2 1 0 1 0 0 0 0 0 0 6 0 6 0 1 1 0 0 1 0 0 0 4 0 6 0 3 0 2 0 1 0 1 0 3 0 2 0 2 0 3 0 2 0 0 0 5 0 5 0 2 0 0 0 2 0 0 1 0 0 1 1 0 0 2 0 5 0 3 0 5 0 4 1 0 0 1 0 1 1 0 0 4 0 2 0 5 0 1 0 0 0 6 0 2 0 3 0 6 0 5 0 3 0 0 0 5 0 4 0 2 0 6 0 3 0 2 1 0 0 5 0 6 0 4 0 1 0 6 0 6 0 4 0 4 0 0 0 6 0 1 0 1 0 3 0 0 0 6 0 2 0 5 0 0 0 0 0 4 0 4 0 1 0 2 0 0 1 0 0 5 0 3 0 2 0 0 1 0 0 6 0 1 0 3 0 5 0 2 1 0 0 3 0 1 0 2 0 5 0 2 0 1 0 3 0 5 0 5 1 0 0 6 0 1 0 6 0 3 1 0 0 5 0 6 0 0 0 4 0 4 0 5 0 0 0 5 0 5 0 5 0 0 0 1 0 3 0 1 0 2 0 2 0 4 0 5 0 0 0 1 0 6 0 3 0 2
1 509 1 0 0 0 1 0 4 1 0 0 1 0 2 0 5 0 5 1 0 0 5 0 5 0 1 0 5 0 4 0 6 0 5 0 3 0 1 0 3 0 5 1 0 0 6 0 6 0 3 0 1 0 5 0 2 0 5 0 1 0 5 1 0 0 4 0 0 0 4 1 0 0 6 0 5 0 1 0 3 1 0 0 1 0 6 0 2 1 0 0 5 0 2 0 6 0 4 1 0 0 3 0 4 0 6 0 0 0 4 0 2 0 4 0 0 0 0 0 2 1 0 0 3 0 2 0 1 1 0 0 0 0 2 1 0 0 2 0 0 1 0 1 0 0 0 0 3 0 5 1 0 0 6 0 0 1 0 0 5 0 3 0 6 0 1 0 2 1 0 0 5 0 3 0 4 1 0 0 5 1 0 0 3 0 3 0 5 0 6 0 0 0 6 0 5 0 5 0 3 0 2 0 5 0 3 0 0 0 1 1 0 0 5 0 5 1 0 0 2 0 0 0 3 0 1 0 4 0 2 1 0 0 6 0 1 0 3 0 6 0 6 0 4 1 0 0 5 1 0 0 1 0 5 0 5 0 4 0 6 0 1 0 1 0 1 0 5 1 0 0 5 0 2 0 2 0 6 0 4 0 4 0 6 0 4 0 1 0 3 0 3 0 5 0 0 0 4 0 1 0 6 0 2 0 6 0 4 0 3 0 0 0 4 0 2 1 0 0 2 0 3 1 0 0 0 0 6 0 2 0 3 0 1 0 4 0 5 1 0 0 6 0 3 1 0 0 2 0 3 0 1 0 6 0 4 1 0 1 0 0 0 0 3 0 6 0 1 0 4 0 5 0 6 0 2 0 1 0 2 0 4 0 3 0 2 0 6 0 1 0 4 0 6 0 2 0 1 0 1 0 1 0 1 0 3 0 4 0 1 1 0 0 2 1 0 0 5 0 1 1 0 0 4 0 3 1 0 0 3 0 6 0 6 0 5 0 2 0 5 0 2 0 5 0 2 1 0 0 4 0 5 0 0 0 4 0 4 0 5 0 1 0 0 0 3 0 5 0 2 0 1 0 2 0 3 0 2 0 3 0 4 0 3 0 1 0 2 0 6 0 2 0 4 0 5 0 1 0 3 0 1 0 3 0 4 1 0 0 5
0 509 2 0 0 0 3 0 1 1 0 0 2 0 5 0 3 0 5 0 0 0 3 0 3 0 4 0 3 0 2 0 6 0 3 1 0 0 3 1 0 0 5 0 0 0 5 0 5 1 0 0 4 0 2 0 6 0 2 0 4 0 4 0 0 0 0 0 2 0 2 0 0 0 5 0 3 0 3 1 0 1 0 0 3 0 4 1 0 0 0 0 2 0 6 0 5 0 2 1 0 1 0 0 2 0 5 0 2 0 0 0 6 0 0 0 1 0 0 0 5 0 6 0 5 0 4 0 3 0 5 1 0 0 5 0 6 0 3 0 1 1 0 0 5 1 0 1 0 0 5 0 0 0 4 0 2 1 0 0 3 0 0 0 5 0 3 0 5 1 0 0 3 0 0 0 3 0 0 0 3 1 0 1 0 0 0 0 4 0 5 0 2 0 5 0 4 0 3 1 0 0 6 0 2 1 0 0 1 0 3 1 0 0 3 0 4 1 0 0 4 0 0 0 6 0 3 0 0 1 0 0 0 0 4 0 3 1 0 0 6 0 6 0 3 0 0 0 3 1 0 0 3 0 3 0 4 0 2 0 5 0 3 0 2 0 3 0 4 0 0 0 2 0 5 0 5 0 5 0 2 0 2 0 6 0 1 0 3 1 0 0 0 0 3 0 2 0 0 0 4 0 4 0 6 0 5 0 1 1 0 0 2 0 0 0 6 0 6 0 3 1 0 1 0 0 1 0 4 0 5 0 6 0 3 0 1 0 5 0 0 0 5 0 0 1 0 0 4 0 6 0 3 0 5 0 3 0 0 0 5 1 0 1 0 0 5 0 4 0 1 0 4 0 5 0 5 0 2 0 5 0 0 1 0 0 6 0 4 0 4 0 1 0 5 0 5 0 2 0 2 0 2 0 2 1 0 0 1 0 4 0 6 0 4 1 0 0 2 0 4 1 0 0 1 0 0 1 0 1 0 0 6 0 6 0 3 0 6 0 2 0 6 0 2 1 0 0 0 0 1 0 3 0 2 0 1 0 2 0 3 0 3 0 0 1 0 0 3 0 5 0 2 0 4 0 6 0 4 1 0 0 1 1 0 0 3 0 5 0 4 0 6 0 1 0 3 0 3 0 6 0 2 1 0 0 3 0 0 0 3
1 509 4 0 0 0 6 0 3 0 6 0 4 0 3 0 0 0 3 0 1 1 0 0 0 0 1 1 0 0 6 0 5 0 1 0 0 0 0 0 0 0 2 0 2 0 3 0 5 0 0 0 0 0 6 0 4 0 6 0 1 0 1 0 1 0 0 0 4 0 4 0 1 0 3 0 0 0 1 0 0 0 6 0 6 0 1 1 0 0 0 0 5 0 5 0 3 1 0 0 0 0 6 0 4 0 2 0 5 0 1 0 4 0 1 0 2 0 1 0 3 0 6 0 4 0 2 0 0 0 5 0 0 0 3 0 5 1 0 0 4 1 0 0 4 0 0 1 0 0 2 0 2 0 0 0 6 0 6 0 5 0 1 0 3 0 0 0 4 1 0 0 6 0 0 0 6 0 1 0 0 0 0 0 6 0 0 0 1 0 3 0 6 0 3 0 2 0 1 0 0 0 4 0 6 0 6 0 1 1 0 1 0 1 0 0 3 0 0 0 0 0 2 0 4 1 0 0 2 0 6 0 0 0 1 0 1 0 0 0 5 0 5 1 0 0 1 1 0 1 0 1 0 0 0 0 1 0 6 0 2 1 0 0 5 1 0 0 1 0 1 0 5 0 3 0 4 0 3 0 5 0 5 0 4 0 3 1 0 1 0 0 0 0 6 0 4 0 1 0 1 0 2 0 6 0 3 0 4 0 6 0 3 0 1 0 5 0 6 0 1 0 0 0 6 0 2 0 1 0 4 0 5 1 0 0 4 0 2 0 2 0 2 0 2 1 0 0 1 0 6 0 0 0 3 1 0 0 2 0 4 0 0 1 0 0 3 0 1 0 4 0 1 0 4 0 3 0 6 0 2 0 2 1 0 0 5 0 2 0 1 0 4 0 3 0 3 0 5 0 4 0 4 0 5 0 6 0 2 0 1 0 6 0 2 1 0 0 5 0 1 1 0 0 2 0 1 1 0 1 0 0 5 0 6 0 0 0 5 0 6 0 4 0 6 0 5 1 0 0 2 0 6 0 4 0 2 0 4 0 6 0 6 0 1 0 6 0 6 0 2 0 6 0 1 0 6 0 2 1 0 0 3 0 6 0 6 0 3 0 2 0 5 0 3 1 0 0 0 0 5 0 6 0 6 0 5 0 0 1 0
1 511 1 0 0 0 2 0 5 0 0 0 6 0 1 1 0 0 1 0 6 0 3 0 5 1 0 0 3 1 0 0 5 0 3 0 3 0 0 0 0 0 0 0 4 0 4 1 0 0 3 0 1 0 1 0 5 0 2 0 5 0 3 0 2 0 2 0 1 0 1 0 1 0 3 0 6 0 0 0 2 0 1 0 5 0 5 0 4 0 6 0 0 0 3 0 4 0 0 1 0 0 1 0 5 0 1 0 6 0 2 0 4 0 0 0 3 0 4 0 2 1 0 0 6 0 1 0 5 0 1 0 2 0 1 1 0 0 5 0 0 0 2 0 0 0 0 0 2 0 6 0 3 0 4 0 1 0 5 0 6 0 3 0 3 0 6 0 1 0 2 0 0 0 4 0 2 0 4 0 3 0 0 0 1 0 4 0 1 0 2 1 0 0 5 1 0 0 5 0 2 0 1 0 1 0 6 0 5 0 4 1 0 1 0 0 6 0 5 0 0 0 0 0 5 0 1 1 0 0 5 0 4 0 1 0 2 0 2 0 1 0 3 0 4 1 0 0 3 1 0 1 0 0 5 1 0 0 3 0 4 1 0 0 0 0 3 1 0 0 2 0 3 0 3 0 0 0 2 0 0 0 4 0 4 0 2 0 1 0 0 0 6 0 0 0 5 0 1 0 3 0 2 0 5 0 5 0 0 0 2 0 5 1 0 0 4 0 3 0 5 0 3 0 1 0 4 0 5 0 3 0 1 0 5 0 0 0 0 0 5 0 4 0 4 0 5 0 6 0 2 0 4 0 1 1 0 1 0 0 5 0 0 0 2 0 6 0 5 0 3 0 0 0 4 0 1 0 0 0 5 0 5 0 5 1 0 0 2 0 5 0 3 0 1 0 0 0 0 0 4 0 2 0 2 0 4 0 5 0 5 0 3 0 4 1 0 0 0 0 2 0 4 0 6 0 3 0 3 1 0 1 0 0 3 0 5 0 2 0 3 0 6 0 2 0 6 0 4 1 0 0 5 0 5 0 1 0 6 0 1 0 6 0 5 0 4 0 5 0 5 0 6 0 4 0 4 0 4 0 6 0 6 0 6 0 5 0 5 1 0 0 6 0 3 0 0 1 0 0 1 0 3 0 6 0 6 0 3 0 2 0 5
1 511 2 0 0 0 5 0 2 0 2 0 4 0 4 0 6 0 2 0 5 0 0 0 5 0 0 0 0 0 0 0 2 1 0 1 0 0 1 0 0 0 1 0 1 0 2 1 0 0 6 0 2 0 3 0 2 0 6 0 2 1 0 0 5 0 4 0 2 0 2 0 2 1 0 0 5 0 1 0 4 0 3 0 3 0 4 0 2 0 5 0 1 1 0 0 1 0 2 0 6 0 2 0 2 0 4 0 4 0 6 0 0 0 1 1 0 0 1 1 0 0 0 0 4 0 4 0 2 0 3 0 4 0 3 1 0 0 2 0 1 0 4 0 0 0 0 0 5 0 5 0 0 0 1 0 4 0 3 0 6 0 0 0 0 0 5 0 3 0 4 0 1 0 0 0 6 0 0 1 0 0 1 0 3 0 0 0 3 0 5 1 0 0 4 0 0 0 2 0 5 0 2 0 3 0 5 0 4 0 3 0 0 1 0 0 5 0 3 0 1 0 1 0 2 0 4 1 0 0 3 0 1 0 3 0 4 0 4 0 2 1 0 0 3 0 0 0 0 0 0 1 0 0 3 1 0 1 0 0 2 1 0 0 0 1 0 1 0 0 4 0 6 0 6 0 0 0 4 0 1 0 1 0 1 0 5 0 2 0 1 0 4 0 2 0 2 0 3 0 6 0 5 0 3 0 3 0 1 0 5 0 4 0 0 0 1 0 0 0 3 1 0 0 4 0 1 0 3 1 0 0 4 0 2 0 1 0 1 0 3 0 2 0 2 0 4 0 5 0 6 0 0 0 4 1 0 1 0 0 2 0 1 0 5 0 5 0 3 1 0 0 2 0 0 0 3 0 1 0 3 0 4 0 4 1 0 0 5 0 2 1 0 0 3 0 0 0 1 0 0 0 5 0 5 0 1 0 4 0 4 0 0 0 2 1 0 0 0 0 5 0 1 0 6 0 0 0 1 0 0 0 6 0 6 0 2 0 5 1 0 0 5 0 6 0 5 0 3 0 0 0 3 0 3 0 4 0 4 0 4 0 5 0 4 0 2 0 4 0 4 0 6 0 2 0 2 0 2 0 6 0 6 0 6 0 4 0 5 0 0 0 4 1 0 0 2 0 6 0 1 1 0 0 6 0 5 1 0 0 6 0 3
0 511 4 0 1 0 2 0 5 0 5 0 1 0 2 0 5 0 6 0 2 0 2 0 2 0 1 0 0 0 0 0 5 1 0 0 6 0 1 0 0 0 2 0 2 0 5 1 0 0 4 0 5 0 6 0 5 0 4 1 0 0 0 0 3 0 1 0 5 0 4 0 5 1 0 0 2 0 4 0 1 0 0 0 0 0 1 0 6 0 2 0 4 0 6 0 1 0 5 0 4 0 5 0 5 0 1 0 2 0 5 0 1 0 3 0 6 0 2 0 6 0 0 0 1 0 1 0 5 1 0 0 2 0 0 1 0 0 4 0 3 0 0 0 1 0 1 0 3 0 3 0 1 0 3 0 1 0 0 0 5 0 1 0 1 0 3 0 0 0 1 0 3 0 1 0 4 0 2 0 6 0 1 0 6 0 0 1 0 0 5 0 0 0 0 0 1 0 5 0 2 0 5 1 0 0 4 0 1 1 0 0 2 1 0 0 2 1 0 0 3 0 2 0 5 0 1 1 0 0 6 0 2 1 0 0 2 0 1 0 6 0 6 0 5 0 0 0 0 0 1 1 0 0 0 0 0 0 6 0 4 0 6 0 0 1 0 1 0 0 1 0 6 0 5 0 2 0 0 0 3 0 2 0 3 0 2 0 5 0 3 0 0 0 5 0 4 1 0 0 6 0 3 1 0 1 0 0 4 0 3 0 1 0 1 0 2 0 1 0 0 0 0 0 0 0 4 0 0 0 0 0 0 0 5 0 2 0 2 0 6 0 4 0 5 0 1 0 4 0 5 0 2 0 2 0 0 0 6 0 3 0 3 0 3 0 4 0 0 1 0 0 4 0 0 0 6 0 2 1 0 0 2 0 3 0 0 0 2 0 6 0 6 0 5 0 0 0 2 0 1 0 3 0 3 0 4 0 1 0 1 0 1 0 5 0 6 0 0 0 2 0 4 0 4 0 1 0 2 0 1 0 5 0 5 0 6 0 4 0 0 0 3 0 6 0 3 1 0 0 1 1 0 0 0 0 2 0 2 0 2 0 4 0 1 0 6 0 1 0 2 0 5 0 5 0 4 0 5 0 5 0 6 0 6 0 2 0 3 0 2 0 1 1 0 0 5 0 4 0 4 1 0 0 5 0 5 0 0 0 5 0 0
0 513 1 0 0 0 3 0 5 0 3 0 3 0 3 0 5 0 3 0 5 0 5 0 4 0 4 0 2 0 0 0 1 0 4 0 0 0 4 0 3 0 0 0 4 0 5 0 4 0 0 0 1 0 4 0 6 0 4 0 2 1 0 0 0 0 6 0 3 0 3 0 2 0 4 1 0 0 5 0 0 0 3 0 0 0 0 0 3 0 4 0 6 0 1 0 5 0 4 0 3 0 2 0 4 0 3 0 3 0 5 0 2 0 3 1 0 0 5 0 6 0 4 0 1 0 2 0 3 0 3 1 0 0 4 0 1 1 0 0 0 1 0 0 1 0 2 0 2 0 6 0 6 0 2 0 6 0 2 0 1 0 2 0 3 0 2 0 6 0 0 0 2 0 6 0 3 0 0 0 6 0 4 0 4 0 4 0 2 1 0 0 2 0 1 0 0 0 3 0 2 0 6 0 4 0 0 0 0 0 4 0 6 0 4 0 6 0 4 0 6 0 5 0 5 0 2 0 4 1 0 0 4 0 6 0 6 0 3 0 3 0 5 0 6 0 3 0 1 0 0 0 3 0 5 1 0 0 1 0 5 0 2 0 5 0 2 1 0 0 6 0 2 0 5 0 3 0 5 0 0 0 6 0 4 0 6 0 5 0 2 1 0 0 2 0 3 0 3 0 0 0 5 0 1 0 0 1 0 0 0 1 0 0 3 0 2 0 4 0 2 0 0 0 0 0 1 0 0 0 1 0 0 0 1 0 2 0 5 0 5 0 5 0 2 0 3 0 4 0 1 0 3 0 5 0 4 0 1 0 5 0 0 0 0 0 0 0 1 0 2 1 0 0 0 0 2 0 4 0 6 0 6 0 3 0 6 0 0 0 5 0 5 0 6 0 3 0 1 0 4 0 2 1 0 0 0 0 1 0 3 0 2 0 3 0 3 0 5 0 1 0 5 0 1 0 1 0 3 0 4 0 3 0 3 0 4 0 6 0 1 0 1 1 0 0 6 0 0 1 0 0 3 0 5 1 0 0 4 0 4 0 5 0 0 0 4 0 4 0 3 0 5 0 3 0 4 0 2 0 4 0 4 0 6 0 5 0 5 0 6 0 4 0 3 1 0 0 3 0 2 0 3 0 0 0 3 0 3 0 2 0 2 0 1
0 513 2 0 0 1 0 0 4 0 0 0 0 0 0 0 4 0 0 0 4 0 4 0 2 0 1 0 5 0 0 0 3 0 0 0 2 0 0 1 0 0 2 0 1 0 4 0 1 0 1 0 3 0 1 0 6 0 1 0 6 0 6 0 0 0 4 1 0 1 0 0 6 0 2 0 0 0 2 0 1 0 6 0 0 0 0 1 0 0 2 0 5 0 4 0 3 0 1 1 0 0 6 0 1 0 0 0 0 0 3 0 6 0 0 0 0 0 3 0 6 0 1 0 3 0 4 1 0 0 1 0 0 0 0 0 4 0 6 0 0 0 6 0 1 0 4 0 5 0 5 0 5 0 6 0 4 0 5 0 2 0 4 0 6 0 5 0 4 0 1 0 5 0 4 1 0 0 2 0 5 0 2 0 2 0 1 0 6 0 6 0 3 0 2 0 0 0 6 0 5 0 5 0 1 0 1 0 1 0 1 0 6 0 2 0 6 0 2 0 6 0 4 0 3 0 6 0 2 0 0 0 1 0 6 0 6 0 0 0 0 0 4 0 5 1 0 0 3 0 0 1 0 0 4 1 0 0 3 0 2 0 6 0 2 1 0 0 0 0 4 0 6 0 3 0 0 0 3 0 2 0 5 0 2 0 6 0 3 0 6 0 6 0 3 0 6 0 6 0 1 0 2 0 3 0 1 0 6 0 0 0 6 0 5 0 5 0 0 0 5 0 0 0 0 0 2 0 0 0 2 0 0 0 2 0 5 0 3 0 4 0 3 0 5 1 0 0 1 0 3 1 0 0 4 0 1 0 4 0 2 0 1 0 0 0 0 0 2 0 5 0 5 1 0 0 5 0 1 0 6 0 6 0 0 0 5 0 2 0 3 0 4 0 5 1 0 0 4 0 0 0 6 0 5 1 0 0 2 0 6 0 4 1 0 0 0 0 3 0 4 0 2 0 3 0 2 1 0 0 2 0 0 0 0 0 2 0 5 0 3 0 3 1 0 0 4 0 2 0 6 0 6 0 4 0 0 0 1 0 2 0 3 0 2 0 1 0 2 0 0 0 4 0 0 0 1 0 6 0 1 0 2 0 6 0 4 0 4 0 6 0 2 0 0 1 0 0 6 0 4 0 6 0 0 0 6 0 6 0 4 0 4 0 2
1 513 4 0 1 1 0 0 0 0 1 0 0 0 1 0 0 0 2 0 1 0 1 0 5 0 3 0 2 0 1 0 6 0 0 0 4 0 1 0 6 0 3 0 3 0 0 0 3 0 2 0 6 0 3 0 4 0 4 0 5 0 5 0 2 0 2 0 0 1 0 0 4 0 5 0 0 0 4 0 3 0 4 0 1 0 1 0 6 0 4 0 3 0 1 1 0 0 4 1 0 0 4 0 3 0 0 0 0 1 0 0 5 0 1 0 0 1 0 0 5 0 3 1 0 0 2 1 0 0 2 0 0 0 1 0 1 0 5 0 2 0 4 0 4 0 1 0 4 0 4 0 4 0 6 0 2 0 3 0 6 0 1 0 6 0 4 0 1 0 4 0 3 0 2 1 0 0 5 0 2 0 5 0 4 0 3 0 5 0 5 1 0 0 5 0 1 0 5 0 4 0 3 0 3 0 2 0 2 0 3 0 4 0 6 0 4 0 6 0 5 0 2 0 0 0 5 0 5 0 0 0 3 0 5 0 5 0 1 0 1 0 1 0 4 1 0 0 6 0 1 1 0 0 1 1 0 0 6 0 5 0 4 0 6 0 6 0 0 0 1 0 5 1 0 0 1 0 6 0 5 0 2 0 6 0 5 0 0 0 6 0 6 0 0 0 6 0 5 0 3 0 4 0 6 0 3 0 4 0 2 0 5 0 4 0 3 0 2 0 2 0 1 0 0 0 4 0 0 0 4 0 0 0 5 0 3 0 0 0 2 0 0 0 4 1 0 0 3 0 0 0 0 0 0 0 4 0 0 0 5 0 2 0 0 0 0 0 5 0 3 0 5 0 0 0 2 0 4 0 5 0 5 0 2 0 2 0 5 1 0 0 2 0 5 0 0 0 0 0 2 0 5 0 4 1 0 0 5 0 5 0 2 1 0 0 0 1 0 0 1 0 5 0 6 0 5 0 6 0 3 0 0 0 0 0 5 0 3 0 0 0 1 0 0 0 0 0 6 0 5 0 6 0 1 0 1 0 2 0 4 0 6 0 4 0 2 0 4 0 1 0 0 0 1 0 3 0 4 0 3 0 5 0 5 0 2 0 2 0 5 0 5 0 1 1 0 0 5 0 2 0 5 0 2 0 5 0 6 0 2 0 1 0 5
1 515 1 0 0 0 4 0 5 1 0 0 2 0 0 0 2 0 0 0 4 0 2 0 3 0 2 1 0 0 5 0 3 0 4 0 2 0 0 0 4 0 4 1 0 1 0 0 1 0 6 0 5 0 5 0 0 0 2 0 2 0 4 0 3 0 5 0 4 0 1 1 0 0 1 0 3 0 2 0 1 0 0 0 1 0 3 0 3 0 5 0 1 1 0 0 4 1 0 0 2 0 0 0 0 1 0 0 1 0 1 1 0 0 2 0 3 0 1 1 0 0 3 0 0 1 0 0 5 0 6 0 3 0 0 0 2 0 3 0 2 0 6 0 1 0 1 0 4 0 1 0 2 0 2 0 5 0 5 1 0 0 5 0 4 0 5 0 1 0 4 0 0 1 0 1 0 0 0 0 2 0 6 0 3 0 2 0 0 0 4 0 5 0 0 0 2 0 4 0 3 0 1 1 0 1 0 0 5 0 4 1 0 0 2 0 6 0 2 0 6 0 3 0 5 0 1 0 3 0 3 0 1 1 0 0 4 0 3 0 3 0 2 0 3 0 2 0 0 0 4 0 4 0 6 0 2 1 0 0 5 0 4 0 2 0 6 0 5 0 1 0 3 0 3 1 0 0 3 0 5 0 3 0 6 0 5 0 3 0 2 0 5 0 5 0 2 0 5 0 4 0 0 0 2 0 6 0 0 0 1 0 6 0 3 0 1 1 0 0 5 0 4 0 2 0 1 0 0 0 2 0 0 0 2 0 2 1 0 0 1 0 4 0 1 0 1 1 0 0 6 0 0 0 0 0 1 0 0 0 2 0 2 0 5 0 0 0 1 0 3 0 0 0 3 0 1 0 5 0 1 0 4 0 3 0 5 0 5 0 3 1 0 0 5 0 2 0 1 0 0 0 5 0 3 0 3 0 0 0 3 0 3 0 6 0 6 0 0 0 6 0 2 0 3 0 6 0 4 0 5 1 0 0 1 0 1 0 2 1 0 0 1 0 2 0 0 0 1 0 5 0 4 0 5 0 3 0 2 0 5 0 1 0 6 0 1 0 6 0 0 0 3 0 0 0 2 1 0 0 2 0 0 0 4 0 3 0 5 0 5 0 3 0 3 0 4 1 0 0 2 0 6 0 2 0 6 0 3 0 5 0 5 0 3 0 3
0 515 2 0 1 0 1 0 4 1 0 0 4 0 0 0 4 0 1 0 0 0 5 0 6 0 5 1 0 0 3 0 0 0 1 0 5 0 1 0 1 0 3 0 0 0 6 0 2 0 5 0 4 0 3 0 1 0 4 0 5 0 1 0 0 0 4 0 1 0 4 0 6 0 1 0 6 0 4 0 2 0 0 0 2 1 0 0 0 0 3 0 4 1 0 0 1 1 0 0 4 0 0 0 1 0 6 0 1 0 3 0 6 0 3 0 6 0 3 0 6 0 5 0 1 1 0 0 3 0 5 1 0 0 1 0 4 0 6 0 5 0 4 0 3 0 3 0 0 0 3 0 4 0 5 0 3 0 5 0 0 0 3 0 2 0 3 0 4 0 0 0 2 1 0 0 5 1 0 0 5 0 4 1 0 0 5 0 1 0 1 0 3 0 1 0 5 0 0 1 0 0 4 1 0 1 0 0 3 0 2 1 0 0 5 0 4 0 6 0 5 0 0 0 3 0 3 0 6 0 6 0 3 1 0 0 0 1 0 1 0 0 5 0 6 0 4 0 1 0 1 0 2 0 5 1 0 0 0 0 3 0 1 0 6 0 5 0 3 0 3 1 0 0 0 1 0 1 0 0 4 0 0 0 6 0 3 1 0 0 6 0 3 0 3 0 6 0 3 0 1 0 1 0 5 0 4 0 1 0 3 0 4 1 0 0 4 1 0 0 3 0 1 0 5 0 2 0 0 0 4 0 0 0 4 0 5 0 6 0 2 0 0 0 3 0 3 1 0 0 4 0 1 0 0 0 2 0 0 0 4 0 5 0 2 0 1 0 2 0 6 0 0 0 6 0 3 0 2 0 4 0 1 0 0 0 4 0 4 0 1 0 0 0 2 0 5 0 2 0 1 0 2 1 0 1 0 0 1 1 0 0 0 0 6 0 5 0 2 0 4 0 5 1 0 0 6 0 2 0 4 1 0 0 2 0 2 0 5 0 6 0 1 0 4 0 0 0 3 0 3 0 2 0 3 1 0 0 6 0 2 0 4 0 4 0 4 0 4 0 1 0 6 0 0 0 5 0 6 0 3 0 1 0 1 0 0 0 4 0 4 0 0 0 0 0 2 1 0 0 5 0 4 0 6 0 5 0 0 0 4 0 4 0 0 0 0
0 515 4 0 2 0 3 0 2 0 0 0 0 0 2 0 0 0 3 0 1 0 3 0 6 0 4 1 0 0 6 0 0 0 3 0 2 0 3 0 2 0 6 0 1 0 4 0 6 0 3 0 1 1 0 0 4 0 1 0 3 0 3 0 1 0 0 0 4 0 1 0 5 0 4 0 5 0 1 0 5 0 0 0 5 0 5 1 0 1 0 0 2 1 0 0 3 1 0 0 0 0 1 0 3 0 4 0 3 1 0 0 6 0 0 0 6 0 0 0 6 0 3 0 4 0 6 0 6 0 3 1 0 0 3 0 1 0 6 0 4 0 1 1 0 1 0 0 1 1 0 0 2 0 4 0 0 0 3 0 1 0 6 0 4 1 0 0 1 0 1 0 5 1 0 0 4 0 0 0 3 0 3 0 0 0 2 0 3 0 2 0 6 0 3 0 2 0 2 1 0 0 2 0 0 0 6 0 5 0 5 1 0 0 3 0 2 0 6 0 3 0 1 1 0 0 0 0 6 0 6 0 0 1 0 0 1 1 0 1 0 0 3 0 6 0 1 0 3 0 2 0 5 0 3 1 0 0 0 0 6 0 3 0 5 0 4 0 0 0 0 1 0 0 1 1 0 1 0 0 0 0 2 0 5 0 1 0 0 0 5 0 0 0 0 0 5 1 0 0 3 0 3 0 3 0 1 0 3 1 0 0 3 0 0 0 1 1 0 0 6 0 3 0 2 0 5 0 1 0 0 0 2 0 1 0 4 0 5 0 5 0 0 1 0 0 1 0 0 0 0 0 3 0 0 0 4 0 1 0 1 0 3 0 5 0 2 0 5 0 4 0 2 0 4 1 0 0 6 0 0 0 3 0 1 0 1 0 1 0 3 0 0 0 5 0 2 0 5 0 2 0 5 1 0 0 6 0 2 0 6 0 0 0 5 0 3 0 6 0 1 0 5 0 0 0 4 0 6 0 1 1 0 0 4 0 5 0 3 0 5 0 4 0 0 0 1 0 6 0 6 0 5 0 0 0 0 0 4 0 6 0 1 0 2 0 2 0 1 0 4 0 4 0 2 0 3 0 5 1 0 0 3 0 2 0 1 0 1 0 1 0 1 0 0 0 5 1 0 0 3 0 2 0 6 0 3 0 2 0 1 0 1 0 1 0 0
0 517 1 0 0 0 5 0 6 0 4 0 0 0 0 0 4 0 0 0 6 0 2 1 0 0 6 0 3 0 0 0 4 0 1 0 6 0 4 0 6 0 5 0 4 0 4 0 1 0 5 1 0 0 4 1 0 0 0 0 3 0 6 0 6 0 2 0 1 0 0 0 4 0 3 0 2 0 3 0 4 0 2 0 2 0 3 0 5 0 0 0 6 0 4 0 6 0 6 0 5 1 0 0 2 1 0 0 2 0 1 0 0 0 4 0 2 0 4 0 2 0 5 0 0 0 2 0 6 0 6 0 0 1 0 0 6 0 3 0 5 0 1 0 4 1 0 0 6 0 2 0 6 0 4 0 0 0 1 0 6 0 3 0 5 0 2 1 0 0 2 0 3 0 4 0 0 0 0 0 1 0 6 0 6 0 0 0 4 0 6 0 5 0 4 1 0 0 5 0 5 0 6 0 3 0 1 0 5 0 4 0 4 1 0 0 6 0 5 0 4 1 0 0 4 0 6 0 0 0 5 0 5 0 2 0 6 0 2 1 0 0 6 0 6 0 4 0 3 0 6 0 5 0 3 0 0 1 0 0 1 0 5 0 0 0 4 0 1 0 1 0 1 0 6 0 2 1 0 0 5 1 0 0 5 0 2 0 3 0 1 0 2 0 1 0 1 0 3 1 0 0 6 0 6 0 6 0 2 1 0 1 0 0 6 0 0 0 3 1 0 0 4 1 0 0 6 0 2 0 3 0 0 0 4 0 3 0 1 0 4 0 3 0 2 0 6 0 1 0 0 0 0 0 6 0 1 0 0 0 3 0 2 1 0 0 3 0 6 0 3 0 1 0 6 0 2 0 0 0 4 0 1 0 6 0 2 0 2 0 2 0 6 0 1 0 2 0 6 0 2 0 6 0 4 0 0 0 4 0 6 0 4 0 2 0 3 0 0 0 5 0 4 0 2 0 2 0 1 0 5 0 4 1 0 0 1 0 4 0 0 0 4 0 1 0 1 0 3 0 5 0 6 0 3 0 1 0 1 0 1 0 5 0 3 0 4 0 4 0 3 0 1 0 1 0 5 1 0 0 4 1 0 0 6 0 4 0 2 0 2 0 2 0 2 0 1 0 3 1 0 0 6 0 5 0 4 1 0 0 5 0 2 0 2 0 2 0 0
0 517 2 0 1 0 3 0 6 0 1 0 1 0 1 0 0 0 2 0 4 1 0 0 0 0 4 1 0 0 2 0 0 0 4 0 5 0 2 0 6 0 4 0 2 0 1 0 4 0 4 0 0 0 1 1 0 0 0 1 0 0 6 0 5 0 5 0 2 0 1 0 0 1 0 0 5 1 0 0 1 0 5 0 4 1 0 0 3 0 2 0 5 0 2 0 6 0 6 0 4 1 0 0 5 0 6 0 3 0 2 0 1 0 0 0 6 0 0 0 6 0 2 0 1 0 5 0 5 0 5 0 2 1 0 0 5 0 0 0 3 0 4 0 2 0 0 0 4 0 6 0 5 0 1 0 1 0 3 0 5 0 0 0 3 0 6 0 6 0 3 1 0 0 1 0 1 0 0 0 3 0 5 0 5 0 2 0 1 0 6 0 4 0 3 0 0 0 3 0 4 0 5 1 0 0 4 0 3 0 2 0 3 0 0 0 5 0 4 0 3 0 0 0 1 0 5 0 2 0 3 0 3 0 6 0 4 1 0 0 0 0 5 0 6 0 2 0 0 0 6 0 3 1 0 0 2 0 6 0 2 0 2 0 2 0 0 0 3 0 2 0 3 0 4 1 0 0 0 0 4 0 0 0 2 0 5 0 6 0 2 0 4 0 2 0 3 0 0 0 0 0 5 0 6 0 5 1 0 0 0 1 0 0 4 0 2 0 0 0 0 0 2 0 0 0 4 0 5 0 6 0 1 0 0 1 0 0 4 0 0 1 0 0 6 0 4 0 3 0 0 0 1 0 4 0 3 0 0 0 6 0 5 0 6 0 6 0 4 1 0 0 4 0 4 0 5 0 1 0 0 0 4 0 4 0 5 0 4 0 5 0 4 0 3 0 5 0 4 0 6 0 5 0 1 0 2 0 1 0 6 0 1 0 5 0 6 0 1 0 3 0 1 0 5 0 4 0 3 0 3 0 2 1 0 0 3 0 0 0 2 0 0 0 3 0 2 1 0 0 4 0 5 1 0 0 3 0 2 0 3 0 3 0 0 0 2 0 1 1 0 0 3 0 3 0 4 0 0 0 2 0 0 0 5 0 1 0 5 0 4 0 4 0 4 0 3 0 0 0 0 0 5 0 4 0 3 0 0 0 2 0 5 0 4 0 4 0 0
0 517 4 0 2 1 0 0 5 0 3 0 2 0 2 0 0 0 5 0 1 1 0 0 1 0 1 1 0 0 4 0 1 0 1 0 3 0 6 0 5 0 1 0 5 0 3 0 1 0 1 0 1 0 3 0 6 0 0 1 0 0 5 0 4 0 3 0 5 0 2 0 1 1 0 0 3 1 0 0 3 0 3 0 2 1 0 0 6 0 5 0 2 0 6 0 5 0 6 0 3 0 0 0 3 0 5 1 0 0 5 0 2 0 1 0 4 0 2 0 4 0 5 0 3 0 3 0 4 0 3 1 0 0 0 0 2 0 1 1 0 0 1 0 5 0 1 0 1 0 6 0 3 0 3 0 2 1 0 0 3 0 1 1 0 0 6 0 6 0 0 1 0 0 2 0 2 0 0 1 0 0 4 0 3 0 5 0 3 0 5 0 1 1 0 0 1 1 0 0 2 0 5 0 0 0 0 1 0 0 5 0 6 0 1 0 3 0 1 1 0 0 1 0 3 0 2 0 5 1 0 0 0 0 6 0 2 1 0 0 1 0 3 0 5 0 5 0 1 0 5 0 0 1 0 0 5 0 4 0 5 0 4 0 4 0 0 0 6 0 4 1 0 0 2 1 0 0 1 0 0 0 1 0 5 0 3 0 5 0 6 0 0 0 5 0 6 0 0 0 1 0 3 0 6 0 4 1 0 0 1 1 0 0 0 0 5 0 0 0 0 0 4 0 1 0 1 0 4 0 5 0 3 0 1 1 0 0 0 0 2 1 0 0 5 0 1 1 0 0 1 0 3 0 0 1 0 0 2 0 5 0 4 0 6 0 6 0 3 0 0 0 1 0 2 0 3 0 3 0 1 0 1 0 2 0 4 0 2 0 4 0 2 0 0 0 4 0 2 0 6 0 3 0 3 0 4 0 3 0 4 0 4 0 3 0 5 0 3 0 6 0 3 0 3 0 1 1 0 1 0 0 6 0 6 0 5 0 0 0 4 0 0 0 6 0 5 1 0 0 1 0 4 1 0 0 6 0 4 0 6 0 6 0 0 0 4 0 3 0 6 0 5 1 0 0 1 0 1 0 4 0 1 0 2 0 4 0 3 0 2 0 2 0 1 1 0 0 1 0 1 0 3 0 1 1 0 0 1 0 5 0 3 0 2 0 1 0 1
0 519 1 0 0 1 0 0 0 0 2 1 0 0 5 0 4 0 1 0 2 0 4 0 6 0 1 0 3 1 0 0 0 0 3 0 2 1 0 0 6 0 3 0 4 0 2 1 0 0 3 0 2 0 2 1 0 0 5 0 2 1 0 0 3 0 2 0 0 0 3 0 5 0 3 0 6 0 6 0 6 0 5 0 6 0 5 1 0 0 5 0 3 0 6 0 5 0 4 0 5 1 0 0 1 1 0 0 5 0 0 0 2 0 5 0 3 0 0 0 6 0 1 0 4 0 0 0 0 0 2 0 0 1 0 0 0 0 4 0 3 0 6 0 2 0 2 0 3 0 3 0 4 1 0 1 0 0 6 0 6 0 5 0 3 1 0 0 5 0 5 0 2 0 6 0 3 0 4 0 1 1 0 0 1 0 0 0 4 0 0 0 3 0 4 0 6 0 2 0 6 0 4 0 2 0 1 0 1 1 0 0 3 0 5 0 3 0 6 0 3 0 6 0 1 0 6 0 5 0 3 1 0 0 1 0 4 0 6 0 6 0 1 1 0 0 4 0 3 0 4 0 2 0 2 1 0 0 3 0 2 0 4 0 2 0 1 0 2 0 5 0 2 1 0 0 5 0 6 0 1 0 0 0 3 0 3 0 0 0 4 0 5 0 2 0 3 0 5 0 1 0 2 1 0 0 6 0 2 1 0 0 3 0 6 0 0 0 2 0 1 0 1 0 0 0 3 0 3 0 1 0 3 1 0 0 4 0 5 1 0 0 5 1 0 0 2 0 4 0 6 0 1 0 6 0 1 0 6 0 4 0 3 0 2 0 6 0 5 1 0 0 1 0 2 0 4 0 6 0 6 0 2 0 2 0 5 0 0 0 6 0 0 0 5 0 1 0 0 0 6 0 5 0 0 0 0 0 2 0 0 0 2 0 2 0 0 0 4 0 0 0 5 1 0 1 0 0 4 1 0 1 0 0 5 0 6 0 3 0 2 0 0 0 2 0 5 0 4 1 0 0 3 0 2 0 0 0 5 0 2 0 6 0 5 0 2 0 1 0 0 0 6 0 4 1 0 0 2 0 3 0 0 0 3 0 5 0 0 1 0 0 5 0 4 0 3 0 6 0 1 0 2 0 6 0 3 0 6 0 2 0 2 1 0 0 5 0 2 0 2
1 519 2 0 1 0 5 1 0 0 5 1 0 0 3 0 1 0 3 0 5 0 1 0 5 0 3 1 0 1 0 0 0 0 6 0 5 1 0 0 5 0 0 0 1 0 6 0 6 0 5 0 4 0 5 1 0 0 2 0 6 0 6 0 5 0 4 0 0 1 0 0 4 0 0 0 6 0 6 0 6 0 4 0 6 0 5 0 0 0 3 0 0 0 6 0 4 0 2 0 4 1 0 0 3 1 0 0 2 0 1 0 5 0 2 1 0 0 2 0 4 0 4 0 0 0 1 0 0 0 4 0 1 0 6 0 0 0 1 0 0 0 5 0 5 0 4 1 0 0 0 0 3 0 0 1 0 0 5 0 6 0 4 0 1 0 0 0 3 0 3 0 6 0 5 0 0 0 1 0 4 0 6 0 1 0 1 0 0 0 1 1 0 0 2 0 5 0 6 0 5 0 1 0 5 0 2 0 3 0 6 0 6 0 3 0 0 0 6 0 0 0 5 0 4 0 5 0 4 0 0 1 0 0 3 0 1 0 6 0 5 0 4 1 0 0 1 0 0 0 1 0 5 0 5 0 6 0 5 0 5 0 0 0 5 0 2 0 5 0 2 1 0 0 0 0 3 0 5 0 3 0 0 0 6 0 6 0 1 0 1 0 3 0 5 1 0 0 3 0 3 0 5 1 0 0 4 0 6 0 6 0 6 0 4 0 1 0 4 0 2 0 2 0 0 0 6 0 6 0 3 0 0 0 0 0 1 0 5 0 0 0 3 1 0 0 5 0 1 0 5 0 4 0 4 0 4 0 5 0 1 1 0 0 6 0 5 0 4 1 0 0 2 0 5 0 1 0 6 0 5 0 5 0 5 0 2 0 2 0 4 0 2 0 2 0 3 0 1 0 5 0 3 0 1 0 0 0 4 0 0 0 4 0 4 0 1 0 0 0 2 0 4 0 0 1 0 0 2 0 0 1 0 0 3 0 5 1 0 0 5 0 0 0 5 0 3 0 2 1 0 0 6 0 4 0 1 0 2 0 6 0 5 0 3 0 5 0 2 0 1 0 5 0 2 1 0 0 4 0 6 0 0 1 0 0 3 0 2 1 0 0 3 0 2 0 0 0 5 0 3 0 5 0 5 0 0 0 5 0 5 0 5 1 0 0 2 0 5 0 4
0 519 4 0 3 0 4 0 0 0 3 1 0 0 6 0 2 1 0 0 3 0 4 0 3 0 1 0 0 0 6 0 0 0 5 0 5 0 0 0 2 0 1 0 3 0 5 0 6 0 4 0 2 0 4 1 0 0 5 0 5 0 6 0 4 0 1 0 2 1 0 0 0 0 2 0 5 0 6 0 6 0 2 0 6 0 3 0 1 0 6 0 1 0 5 0 1 0 6 0 1 1 0 1 0 1 0 0 4 0 3 0 2 0 6 0 6 0 4 0 1 0 1 0 1 0 2 0 1 0 0 0 4 0 4 0 1 0 2 0 1 0 3 0 4 0 2 1 0 0 0 0 6 0 1 1 0 0 3 0 6 0 1 0 3 0 0 1 0 0 0 0 6 0 3 0 1 0 3 0 1 0 5 0 3 0 2 0 0 0 3 0 6 0 4 0 3 0 6 0 3 0 4 0 2 0 5 1 0 0 6 0 5 1 0 0 2 0 4 0 2 0 3 0 2 0 4 0 1 0 2 0 6 0 5 0 3 0 5 0 4 0 2 1 0 0 2 0 0 0 3 0 3 0 4 0 6 0 4 0 3 0 2 0 2 0 6 0 2 0 6 0 5 1 0 1 0 0 3 1 0 0 2 0 5 0 5 0 3 0 2 1 0 0 4 1 0 1 0 0 0 0 5 0 0 0 1 0 6 0 6 0 6 0 1 0 4 0 0 0 5 0 4 0 1 0 5 0 5 1 0 0 1 0 0 0 3 0 2 0 2 0 0 0 0 0 2 0 4 0 3 0 2 0 2 0 2 0 3 0 4 1 0 0 5 0 4 0 2 1 0 0 5 0 2 0 4 0 5 0 4 0 4 0 3 0 5 0 5 0 0 0 5 0 4 0 6 0 3 0 2 1 0 0 3 0 1 0 0 0 2 0 1 0 1 0 3 0 0 0 5 0 0 0 2 0 6 0 3 0 1 0 6 0 6 0 4 0 0 0 2 0 2 0 2 1 0 1 0 0 0 0 5 0 1 0 3 0 5 0 5 0 4 0 0 0 3 0 5 0 3 0 2 1 0 0 0 0 1 0 5 0 2 0 6 0 5 0 5 0 6 0 5 0 4 0 1 0 3 0 0 0 4 0 3 0 2 0 3 0 4 0 4 1 0 0 5 0 3 0 2
1 521 1 0 1 0 0 0 1 0 2 0 0 0 0 0 4 0 6 0 6 0 6 0 0 1 0 0 3 0 1 0 4 0 2 0 3 0 3 0 1 0 4 0 2 1 0 0 4 0 6 0 1 0 6 0 2 0 0 0 3 0 4 0 6 0 1 0 3 0 5 0 5 1 0 0 5 0 3 0 6 0 5 0 6 0 4 1 0 0 4 0 4 0 4 0 2 0 4 0 4 0 4 1 0 1 0 1 0 0 0 1 0 0 6 0 5 0 6 0 1 0 3 0 2 0 2 0 4 0 2 0 1 0 1 0 1 0 3 0 4 0 2 1 0 0 1 0 6 0 6 0 0 0 4 0 4 0 6 0 6 0 4 0 3 0 6 0 1 0 6 0 0 0 4 1 0 0 3 0 6 0 3 0 2 1 0 0 5 0 0 1 0 0 6 0 2 0 0 0 6 0 0 0 1 0 6 0 4 0 0 0 5 0 4 1 0 0 5 0 0 0 5 0 6 0 5 0 0 0 3 0 5 0 5 0 4 0 0 0 4 0 1 0 6 0 6 0 3 0 0 1 0 0 0 0 2 0 6 0 1 1 0 0 5 0 5 0 4 0 6 0 5 0 5 0 0 0 6 0 6 0 6 0 4 0 3 0 3 1 0 1 0 0 0 0 2 0 0 0 6 0 0 0 2 0 1 0 3 0 5 0 6 0 5 0 4 0 0 0 2 0 3 0 1 0 4 0 3 0 4 1 0 0 2 0 0 0 6 0 4 0 4 0 0 0 0 0 5 0 0 1 0 0 5 0 4 0 4 1 0 0 3 0 0 0 3 0 1 1 0 0 0 0 2 0 6 0 1 0 4 0 2 0 2 0 0 0 4 0 3 0 2 0 3 0 2 0 5 1 0 0 6 0 6 0 5 0 2 0 0 0 4 0 2 0 2 0 6 0 1 0 2 0 1 0 5 0 4 1 0 0 4 0 5 0 6 0 1 0 1 0 4 0 4 0 5 1 0 0 6 0 0 0 2 0 3 1 0 0 4 0 4 0 1 0 1 1 0 0 3 1 0 0 6 0 5 1 0 0 3 0 2 0 6 0 5 0 4 0 4 0 6 0 4 0 1 0 3 0 6 0 1 0 0 1 0 0 5 1 0 0 2 0 3 0 0 0 2 1 0 0 5
0 521 2 0 2 0 0 0 2 0 4 0 0 0 1 0 1 0 6 0 6 0 5 0 2 0 6 0 5 0 3 0 0 0 5 0 6 0 6 0 3 0 0 1 0 0 0 0 1 0 5 0 4 0 4 0 5 0 0 1 0 0 2 0 5 0 3 1 0 0 4 0 5 0 0 0 3 0 0 0 6 0 4 0 6 0 3 0 0 0 1 0 2 0 1 0 6 0 1 0 2 0 3 0 0 1 0 0 6 0 0 1 0 0 5 0 4 0 5 0 3 0 6 0 4 0 5 0 0 0 5 0 2 0 2 0 2 1 0 0 1 0 6 0 6 0 2 0 5 0 5 0 2 0 1 0 2 0 6 0 6 0 2 0 0 0 5 0 4 0 4 0 2 0 1 1 0 1 0 0 5 1 0 1 0 0 0 0 2 0 2 1 0 0 4 0 5 0 1 0 4 0 1 0 3 0 5 0 1 0 2 0 3 0 3 0 0 0 2 0 2 0 3 0 6 0 3 0 1 1 0 0 4 0 4 0 1 0 2 0 0 0 4 0 5 0 5 1 0 0 2 0 5 1 0 0 5 0 4 0 4 1 0 0 3 0 4 0 2 0 6 0 4 0 3 0 2 0 5 0 6 0 6 0 2 0 0 0 1 0 0 0 5 1 0 0 4 0 1 0 4 0 1 0 4 0 2 1 0 0 4 0 6 0 4 0 1 0 1 0 4 0 6 0 3 0 1 0 0 0 2 1 0 0 4 0 1 0 5 0 2 0 1 0 1 0 1 0 2 0 2 1 0 0 3 0 2 0 2 1 0 0 6 0 0 0 6 0 3 0 5 1 0 0 5 0 4 0 4 0 0 0 5 0 4 0 1 0 0 1 0 0 5 0 6 0 5 0 4 0 0 0 5 0 6 0 3 0 5 0 1 0 0 0 5 0 5 0 4 0 3 0 4 0 3 0 3 0 3 0 0 0 1 0 4 0 5 0 3 0 3 0 1 0 2 0 5 0 0 0 4 0 1 0 5 0 0 0 0 0 1 0 1 0 3 0 3 1 0 0 0 0 0 0 5 0 4 1 0 0 6 0 5 0 5 0 4 0 2 0 2 0 6 0 1 0 3 1 0 0 5 0 3 0 1 1 0 0 3 1 0 0 4 0 6 0 0 0 5 1 0 0 3
1 521 4 0 4 0 0 0 5 0 0 0 1 0 2 0 3 0 5 0 6 0 3 0 6 0 5 0 3 1 0 0 2 0 3 0 6 0 5 1 0 0 2 0 5 1 0 0 3 0 3 0 2 0 2 0 3 0 2 0 6 0 4 0 3 0 1 0 0 0 1 0 3 0 1 0 6 0 1 0 5 0 2 0 5 1 0 0 1 0 2 0 4 0 3 0 4 0 3 0 4 0 6 0 1 1 0 0 4 0 2 1 0 0 3 0 2 0 4 0 0 0 6 0 2 0 3 0 2 0 2 0 5 0 4 0 5 0 6 0 2 0 5 0 5 0 6 0 3 0 3 0 5 0 2 0 5 0 5 0 5 0 5 0 1 0 3 0 2 0 1 0 5 0 3 1 0 1 0 0 4 0 0 0 5 1 0 0 4 0 5 1 0 0 1 0 3 0 4 0 0 0 3 1 0 0 3 0 3 0 4 0 6 0 6 0 0 0 4 0 4 1 0 0 5 1 0 0 4 1 0 0 1 0 1 0 3 0 4 0 1 0 1 0 4 0 4 1 0 0 5 0 4 0 0 0 3 0 2 0 2 1 0 1 0 0 1 0 6 0 5 0 1 1 0 0 6 0 3 0 6 0 5 0 5 0 0 0 2 0 1 0 4 0 0 0 0 0 4 0 0 0 4 0 0 1 0 0 0 0 1 0 6 0 1 0 3 0 3 0 1 0 5 1 0 0 3 0 0 0 5 1 0 0 0 0 4 0 2 0 5 0 2 0 2 0 2 0 4 0 5 0 6 0 5 0 4 0 5 1 0 0 4 0 2 0 5 0 0 0 5 0 0 0 3 0 2 0 1 0 2 0 3 0 1 0 3 0 1 1 0 0 3 0 6 0 4 0 1 0 2 0 3 0 6 0 0 0 3 0 3 0 1 0 3 0 4 0 2 0 0 0 1 1 0 1 0 1 0 0 1 0 3 0 1 0 3 1 0 1 0 0 3 0 5 0 2 0 2 0 0 0 4 0 2 0 1 0 0 0 2 0 2 1 0 0 0 1 0 0 0 0 1 0 3 0 3 0 0 0 5 0 4 0 4 0 1 0 5 0 5 0 4 0 4 0 0 0 0 0 2 1 0 0 4 1 0 0 0 0 0 0 1 0 5 0 2 0 3 1 0 1 0
1 523 1 0 1 0 1 0 2 0 2 0 1 0 2 0 4 1 0 0 4 0 6 0 0 0 6 0 4 0 0 1 0 0 4 1 0 0 6 0 4 1 0 0 5 0 3 1 0 0 6 0 6 0 4 0 4 0 6 0 5 0 5 0 1 1 0 0 3 0 0 0 2 0 6 0 3 0 4 0 4 0 2 0 6 0 3 1 0 0 2 0 5 0 1 0 0 0 2 0 0 0 2 0 5 0 4 1 0 0 0 0 6 0 6 0 5 0 5 0 0 0 2 0 4 0 5 0 6 0 4 0 5 0 3 0 2 0 4 0 5 0 6 0 3 0 4 0 6 0 0 0 0 0 3 0 6 0 3 0 4 0 4 0 3 0 3 0 6 0 4 0 3 0 3 0 1 0 0 1 0 0 0 0 2 0 4 0 0 0 1 0 4 1 0 0 2 1 0 0 1 0 1 1 0 1 0 1 0 0 0 0 2 0 6 0 5 0 2 0 1 0 3 0 0 0 4 0 0 0 1 1 0 0 2 0 2 1 0 0 1 0 3 0 3 0 1 0 3 0 0 0 3 0 1 0 1 0 6 0 4 0 5 1 0 0 6 0 2 0 5 0 3 0 4 1 0 0 5 0 0 0 6 0 4 0 3 0 1 0 4 0 3 0 0 0 1 0 1 0 0 0 2 0 0 0 2 0 5 1 0 0 3 0 4 0 3 0 6 0 6 0 3 0 3 1 0 0 6 0 1 0 3 1 0 0 1 0 0 0 6 0 2 0 5 0 4 0 5 0 1 0 4 0 6 0 4 0 2 0 5 0 0 0 0 0 6 0 2 0 2 0 2 0 1 0 6 0 4 0 2 0 4 0 6 0 2 0 6 0 3 0 6 0 6 0 5 0 1 0 3 0 4 1 0 0 5 0 1 0 6 0 6 0 2 1 0 0 1 0 5 0 0 0 3 1 0 1 0 0 6 0 1 0 6 0 3 0 0 0 0 0 6 0 6 0 2 0 5 0 4 0 1 0 0 0 5 0 2 0 0 0 4 0 5 0 6 0 0 0 5 1 0 0 2 0 6 0 6 0 1 0 3 0 2 0 1 0 4 0 3 0 4 0 2 0 1 0 1 0 0 0 5 1 0 0 1 1 0 0 0 0 0 0 3 0 2 0 6 0 0 0 0 0 5
0 523 2 0 2 0 2 0 4 0 4 0 2 0 5 0 2 0 0 0 1 0 5 0 2 0 5 0 1 0 2 1 0 0 2 0 0 0 5 0 3 0 0 0 3 0 1 0 0 0 5 0 6 0 2 0 2 0 6 0 4 0 3 0 4 0 6 0 5 0 0 0 5 0 5 0 0 0 2 0 1 0 6 0 5 0 0 1 0 0 5 0 2 0 3 0 0 0 4 0 0 0 5 0 3 0 2 1 0 0 1 0 5 0 6 0 4 0 3 0 1 0 5 0 1 0 4 0 6 0 2 0 3 1 0 0 6 0 1 0 4 0 6 0 0 0 2 0 5 0 1 0 0 1 0 0 6 0 0 0 2 0 2 0 0 0 0 0 6 0 1 1 0 1 0 0 3 0 1 0 5 1 0 0 5 0 0 0 1 0 3 0 1 1 0 0 5 0 6 0 1 0 3 1 0 1 0 0 5 1 0 0 5 0 5 0 3 0 5 0 2 0 6 0 1 0 0 0 1 0 3 0 6 0 3 0 5 0 6 0 1 0 6 0 6 0 2 0 6 0 0 0 6 0 2 0 3 0 5 0 2 0 5 0 0 0 4 0 6 0 3 0 0 0 3 0 0 0 2 0 2 0 5 0 1 1 0 0 4 0 0 1 0 0 1 0 2 0 2 0 0 0 4 0 0 0 5 0 3 1 0 1 0 0 2 0 0 0 6 0 6 0 0 0 1 0 0 0 4 0 3 1 0 1 0 0 2 0 1 0 4 0 6 0 3 0 2 0 3 0 4 0 1 0 6 0 1 0 6 0 2 0 1 0 1 0 4 0 5 0 4 0 4 0 3 0 5 0 1 0 6 0 1 0 5 0 6 0 5 0 0 0 6 0 6 0 3 0 3 1 0 0 3 0 0 0 2 0 4 0 5 0 5 0 6 0 6 0 2 0 2 0 2 0 0 0 0 1 0 0 4 0 4 0 4 1 0 0 1 0 1 0 5 0 5 0 6 0 3 0 1 0 3 0 1 0 2 0 5 0 1 0 1 0 4 0 5 0 2 0 3 1 0 0 5 0 5 0 5 0 3 0 6 0 4 0 3 0 1 0 0 0 1 0 5 0 2 0 2 0 1 0 3 1 0 0 3 0 5 1 0 0 0 0 6 0 5 0 4 0 1 0 1 0 3
1 523 4 0 4 0 5 0 1 0 1 0 6 0 2 0 5 0 0 0 3 0 2 0 6 0 2 0 3 0 5 0 6 0 3 0 1 0 2 1 0 0 1 0 6 0 2 0 1 0 3 0 5 0 5 0 5 0 5 0 2 0 0 0 2 0 6 0 3 0 2 0 3 0 3 0 1 0 4 0 3 0 5 0 3 0 2 1 0 0 2 0 5 0 6 0 1 0 0 0 2 0 2 1 0 0 6 0 6 0 2 0 3 0 6 0 1 1 0 0 4 0 2 0 4 0 1 0 5 0 6 0 0 0 0 0 4 0 4 0 1 0 5 0 1 0 5 0 2 0 3 0 1 1 0 0 4 0 1 0 4 0 4 0 0 0 1 0 4 0 4 1 0 0 6 0 5 0 3 0 4 0 0 0 2 0 1 0 2 0 6 0 3 1 0 0 3 0 5 0 4 0 0 0 0 1 0 0 4 0 0 0 3 0 4 0 0 0 3 0 6 0 4 0 3 0 0 0 2 1 0 0 6 0 0 0 4 0 5 0 4 0 5 0 5 0 6 0 4 0 2 0 4 0 5 1 0 0 3 0 6 0 2 0 2 0 1 0 5 1 0 0 1 0 6 0 0 0 4 0 5 0 2 0 4 1 0 0 0 0 2 0 6 0 1 0 4 0 4 0 1 0 0 0 2 0 3 0 1 0 0 0 6 0 3 0 1 0 5 0 5 0 1 0 2 0 1 0 1 0 1 0 0 0 6 0 3 0 3 0 1 0 5 1 0 0 5 1 0 0 1 0 4 0 4 0 4 0 4 0 5 0 2 0 3 0 1 0 4 0 2 0 2 0 0 0 3 0 4 0 4 0 4 0 3 0 6 0 3 0 2 0 5 0 6 0 0 0 0 1 0 0 6 0 0 0 5 0 1 0 4 0 4 0 6 0 5 0 5 0 4 0 4 0 0 0 1 1 0 0 1 0 2 0 2 1 0 0 2 0 3 0 3 0 4 0 5 1 0 0 3 0 6 0 2 0 5 0 2 0 3 0 3 0 1 0 3 0 6 0 0 0 0 0 3 0 4 0 4 0 0 0 6 0 1 1 0 0 3 0 0 0 3 0 2 0 5 0 4 0 2 1 0 1 0 1 0 0 4 1 0 0 1 0 5 0 4 0 1 0 3 0 2 1 0
1 525 1 0 1 0 2 0 3 0 3 0 3 0 4 0 6 0 2 0 1 0 6 0 5 0 4 0 5 1 0 0 4 0 5 1 0 0 3 0 5 0 6 0 2 0 4 0 5 0 2 1 0 0 4 0 4 0 4 0 3 0 5 0 0 0 5 0 4 1 0 0 5 0 6 0 6 0 3 0 1 0 0 0 3 1 0 0 6 0 6 0 4 0 3 0 5 0 3 0 0 0 4 0 5 1 0 0 5 0 5 0 5 1 0 0 5 0 4 1 0 0 0 0 6 0 0 0 4 0 3 0 5 0 1 0 1 0 1 0 1 0 4 0 2 0 4 0 2 0 5 0 6 0 3 1 0 0 0 0 4 0 1 0 1 0 1 0 3 0 1 0 3 0 0 0 5 0 4 0 0 0 1 0 1 0 4 0 2 0 5 0 5 0 0 1 0 1 0 0 4 0 1 0 1 0 1 1 0 0 0 0 1 1 0 0 1 0 1 1 0 0 6 0 1 1 0 0 1 0 5 1 0 0 4 0 2 0 1 0 4 0 2 0 4 0 4 0 6 0 1 0 6 0 1 0 4 1 0 1 0 0 5 0 5 0 4 0 3 0 3 1 0 0 3 0 4 0 2 0 1 0 3 0 6 0 1 1 0 0 0 0 5 0 4 0 4 0 1 0 1 0 3 0 0 0 4 0 6 0 2 0 1 0 4 1 0 0 4 0 3 0 3 0 3 0 4 0 2 0 2 0 2 0 1 0 4 1 0 1 0 0 4 0 4 0 0 0 3 1 0 0 3 0 1 0 2 0 2 0 2 0 3 0 5 0 6 0 3 0 0 0 5 0 4 0 0 1 0 0 2 0 2 0 2 0 0 0 5 1 0 0 6 0 3 0 5 0 1 0 1 1 0 0 4 0 2 0 2 0 4 0 1 0 2 0 6 0 4 0 4 0 2 0 1 0 1 0 3 0 6 0 1 0 4 0 5 0 6 0 3 1 0 0 0 0 2 0 4 1 0 1 0 0 5 0 6 0 2 0 5 0 6 0 6 0 2 1 0 0 5 0 1 0 0 1 0 0 2 0 1 0 2 0 4 0 4 0 6 0 5 0 0 0 6 0 5 0 3 0 1 1 0 0 0 1 0 1 0 0 1 1 0 0 3 0 3 0 1 0 3 0 6 0 5 0 5
1 525 2 0 2 0 4 1 0 0 0 0 0 0 2 0 5 0 5 0 3 0 5 0 4 0 2 0 5 0 0 0 1 0 4 1 0 1 0 0 4 0 5 0 6 0 1 0 3 1 0 0 0 0 1 0 2 0 2 0 0 0 3 0 2 0 3 0 3 0 0 0 3 0 6 0 5 1 0 0 3 0 1 0 0 0 0 0 5 0 6 0 2 0 0 0 3 1 0 0 2 0 1 0 5 0 0 0 3 0 4 0 5 0 0 0 3 0 2 1 0 0 1 0 4 0 2 0 1 0 0 0 3 0 3 0 2 0 2 0 3 0 0 0 6 0 0 0 6 0 3 0 6 0 0 1 0 0 1 0 0 0 3 0 2 0 2 0 6 0 2 0 6 0 1 0 3 0 1 0 1 0 2 0 3 0 0 0 6 0 3 0 3 0 2 1 0 1 0 0 0 0 3 0 2 0 3 0 5 1 0 0 3 0 6 0 1 0 3 1 0 0 4 0 4 0 6 0 2 0 4 0 0 0 0 0 5 0 3 0 0 0 6 0 1 0 2 0 5 0 4 0 4 0 4 0 2 0 0 1 0 0 3 0 4 0 2 0 0 0 0 1 0 1 0 0 1 0 5 0 2 1 0 0 5 0 4 0 6 0 0 0 3 0 2 0 1 0 3 0 2 0 6 0 1 0 1 0 5 0 5 0 3 0 2 0 0 0 1 0 0 0 0 0 0 0 1 0 5 0 4 0 4 0 3 0 2 0 0 1 0 0 1 0 1 0 1 1 0 1 0 0 6 0 2 0 4 0 4 0 4 1 0 0 4 0 5 1 0 0 2 0 3 0 1 0 2 0 6 0 3 0 4 0 4 0 1 0 4 0 0 0 5 0 0 0 3 0 3 0 3 1 0 0 0 0 5 0 5 0 0 0 3 0 5 0 5 0 2 0 1 0 5 0 2 0 2 1 0 0 5 0 4 0 1 0 4 0 6 0 0 1 0 0 0 0 5 0 2 0 0 1 0 0 3 0 5 0 6 0 3 0 6 0 5 1 0 0 0 0 2 0 3 0 1 0 6 0 3 0 2 0 5 0 1 0 2 0 6 0 3 0 2 0 5 0 3 1 0 0 4 0 6 0 0 1 0 0 6 0 2 0 6 0 5 0 6 0 2 1 0 0 6 0 4 0 4
0 525 4 0 5 0 1 1 0 0 0 0 0 0 5 0 3 0 4 0 0 0 4 0 1 0 6 0 2 0 1 0 3 0 2 0 0 1 0 0 1 0 4 0 5 0 3 1 0 1 0 0 0 0 2 0 4 0 4 0 0 0 6 0 4 0 6 0 6 0 0 1 0 0 6 0 4 1 0 0 6 0 2 0 0 0 1 0 3 0 5 0 5 0 0 1 0 1 0 0 4 0 3 0 2 0 1 1 0 0 2 0 3 0 1 0 6 0 5 0 6 0 2 0 0 0 5 0 2 0 0 0 6 0 6 0 4 0 4 0 6 0 1 0 4 0 2 0 5 0 0 0 5 0 2 0 6 0 1 0 0 0 6 0 4 0 5 0 4 0 6 0 4 0 3 0 6 0 2 0 2 0 4 0 6 0 1 0 4 1 0 1 0 1 0 0 0 0 5 1 0 0 6 0 4 1 0 0 4 1 0 1 0 0 5 0 4 0 0 0 0 0 1 0 2 0 5 0 6 0 0 0 1 0 1 0 2 1 0 0 2 0 4 0 3 0 5 0 3 0 2 0 2 0 1 0 5 0 1 0 6 0 6 0 0 0 5 0 0 0 1 1 0 0 6 0 2 0 2 1 0 0 0 0 3 0 2 0 5 0 1 0 6 0 4 0 2 0 6 0 5 0 4 0 3 0 3 0 3 0 3 1 0 0 5 0 0 0 2 0 0 0 0 0 0 0 3 0 3 0 2 0 1 1 0 0 5 0 1 0 6 0 1 0 2 0 3 1 0 1 0 0 4 0 6 0 1 0 2 0 3 0 0 0 1 0 4 1 0 0 4 0 6 0 2 0 5 0 5 0 0 0 2 0 1 0 4 0 0 0 2 0 2 0 1 1 0 0 0 0 0 1 0 0 1 0 3 0 3 0 1 1 0 0 4 0 3 0 5 0 3 0 2 0 5 0 5 1 0 0 3 0 1 0 4 0 1 0 5 0 2 0 6 0 0 0 2 0 5 0 1 0 6 0 6 0 3 0 6 0 0 0 6 0 4 1 0 0 0 0 4 0 6 0 3 0 4 1 0 0 6 0 2 0 3 0 5 0 4 1 0 0 6 0 3 0 1 0 0 0 1 0 5 0 2 1 0 0 4 0 6 0 5 0 4 0 5 1 0 0 0 0 5 0 2 0 2
1 527 1 0 1 0 3 0 4 0 5 1 0 0 1 0 3 0 0 0 1 0 2 0 0 0 4 0 4 0 5 0 2 0 6 0 4 0 1 0 6 0 2 0 1 0 4 0 1 0 0 0 5 1 0 0 5 0 1 0 1 0 2 0 5 0 2 0 6 0 5 0 2 1 0 0 5 0 3 0 0 0 4 0 5 0 0 0 2 1 0 0 4 0 3 0 2 1 0 1 0 0 0 1 0 0 5 0 3 0 6 0 3 0 6 0 3 0 5 0 4 0 5 0 5 0 1 0 2 0 5 0 1 0 5 0 6 0 2 0 2 0 5 0 4 0 0 0 6 0 2 0 2 0 2 0 6 0 4 0 3 0 1 0 5 0 2 0 4 0 2 0 6 0 2 0 0 0 5 0 5 0 5 0 1 0 5 0 4 0 2 0 0 1 0 0 6 0 0 0 4 0 0 0 5 0 3 0 0 0 2 0 0 1 0 0 3 0 1 0 1 0 0 0 2 0 5 0 3 0 5 0 1 0 2 0 2 0 5 0 6 0 4 0 1 0 0 0 3 1 0 0 5 0 4 0 3 0 2 0 4 0 5 0 5 0 2 0 2 0 1 0 3 1 0 0 4 0 5 0 5 0 5 1 0 0 6 0 5 0 2 0 4 0 5 0 1 0 6 0 5 0 4 0 2 0 0 0 0 0 0 0 1 0 0 0 2 0 1 0 4 0 0 0 0 0 0 0 6 0 6 0 4 0 3 1 0 0 2 0 4 0 4 0 3 0 5 0 0 0 0 1 0 0 1 0 5 0 3 0 4 0 6 0 0 0 3 0 2 0 0 0 1 0 5 0 6 0 3 0 3 0 1 0 4 0 3 0 0 0 1 0 4 0 4 0 3 0 5 1 0 0 1 0 6 0 1 0 6 0 6 0 3 1 0 0 1 0 0 0 3 1 0 0 6 0 3 0 4 1 0 0 6 0 3 0 0 0 4 0 2 0 6 0 4 0 1 0 5 0 2 0 4 0 5 0 6 0 0 0 5 0 2 0 5 0 2 1 0 0 1 0 1 0 6 0 0 0 3 0 0 0 4 0 5 1 0 0 4 0 3 0 0 0 4 1 0 0 3 0 0 0 3 0 2 1 0 0 0 0 1 0 6 0 4 0 2 0 4 1 0 0 1 0 2 0 5 0 4
0 527 2 0 2 1 0 0 2 0 4 1 0 0 2 0 6 0 0 0 2 0 4 0 1 0 1 0 2 0 3 0 6 0 5 0 1 0 4 0 4 0 5 0 3 0 0 0 3 0 1 0 4 0 0 0 2 0 3 0 2 0 5 0 2 0 6 0 5 0 3 1 0 0 0 0 2 1 0 0 2 0 1 0 3 0 1 0 5 1 0 0 0 1 0 1 0 0 0 0 6 0 0 1 0 0 3 0 0 0 6 0 0 0 6 0 0 0 4 0 2 0 4 0 3 0 3 0 5 0 2 0 4 0 3 0 5 0 5 0 5 0 3 0 1 0 2 0 4 0 5 0 4 0 5 0 5 0 1 1 0 0 4 0 2 0 6 0 0 0 6 0 4 0 5 0 1 0 3 0 4 0 3 0 4 0 3 0 1 0 5 0 1 1 0 0 4 0 2 0 0 0 2 0 2 1 0 0 1 0 4 0 1 0 6 0 5 0 2 0 2 0 0 0 5 0 3 0 0 0 3 0 3 0 4 0 5 0 3 0 6 0 1 0 3 0 1 0 0 0 0 0 3 0 1 1 0 0 6 0 1 0 4 0 3 0 5 0 4 0 3 0 0 0 0 0 1 0 4 0 4 0 5 0 0 0 5 0 3 0 6 0 1 0 3 0 4 0 5 0 4 0 1 0 5 0 0 0 0 0 0 0 2 0 0 0 4 0 3 0 0 0 1 0 0 0 1 0 5 0 6 0 2 0 0 1 0 0 5 0 1 0 2 0 0 0 3 0 1 0 1 0 6 0 2 0 3 0 0 0 2 0 5 0 1 0 6 0 4 0 0 0 3 0 3 0 5 1 0 1 0 0 4 0 0 1 0 0 1 0 3 0 1 0 2 0 0 0 4 1 0 0 3 0 4 0 4 0 5 0 6 0 0 1 0 0 2 0 1 0 0 0 0 0 5 0 0 0 3 0 0 0 4 1 0 0 2 0 0 0 6 0 5 0 1 0 4 0 2 0 6 0 1 0 4 0 5 0 2 0 2 0 6 0 2 0 6 0 6 0 1 0 3 0 4 0 1 0 6 0 1 0 1 0 5 0 0 0 0 1 0 0 2 0 1 1 0 0 6 0 0 0 6 0 5 0 5 1 0 0 3 0 5 0 1 0 6 0 1 1 0 0 2 0 5 0 3 0 2
1 527 4 0 5 0 6 0 4 0 1 1 0 0 5 0 4 0 1 0 5 0 0 0 3 0 2 0 4 1 0 0 6 0 3 0 4 0 1 0 2 0 3 1 0 0 1 0 6 0 3 0 0 0 1 0 4 0 6 0 5 0 2 0 6 0 5 0 4 0 0 1 0 0 0 0 5 0 6 0 3 0 2 0 6 0 3 0 3 1 0 0 1 1 0 0 6 0 0 0 4 0 2 0 6 0 5 0 1 0 4 0 2 0 4 0 2 0 0 0 6 0 1 0 0 0 0 0 3 0 6 0 1 0 0 0 4 0 4 0 3 1 0 0 3 0 5 0 1 0 4 0 2 0 4 0 3 0 4 1 0 0 0 0 6 0 4 0 2 0 5 0 2 0 3 0 3 1 0 0 2 0 0 0 1 1 0 0 4 0 2 0 4 1 0 0 0 0 5 0 0 0 4 0 5 0 6 0 2 0 0 0 4 0 5 0 3 0 5 0 4 0 1 0 2 1 0 0 1 1 0 0 0 0 2 0 4 0 0 0 5 0 3 0 6 0 2 0 0 0 0 0 6 0 3 1 0 0 4 0 4 0 1 0 0 0 4 0 1 1 0 0 1 0 0 0 3 0 1 0 2 0 3 0 2 0 3 0 0 0 5 0 3 1 0 0 2 0 4 0 1 0 4 0 2 0 1 0 0 0 0 0 4 0 1 0 0 1 0 0 1 0 2 0 0 0 3 0 3 0 5 0 5 0 1 1 0 0 2 0 3 0 4 0 0 0 6 0 2 0 3 0 4 0 5 0 6 0 0 0 5 0 2 0 4 0 5 0 1 0 1 1 0 0 0 0 5 0 0 1 0 0 0 0 2 0 6 0 1 0 6 0 2 0 4 0 1 0 1 1 0 1 0 0 2 0 2 0 4 0 5 0 2 0 6 0 3 0 2 0 0 0 1 0 2 0 1 0 6 0 1 0 1 1 0 0 4 0 1 0 5 0 3 0 4 0 0 0 6 0 4 0 4 0 1 0 3 0 5 0 5 0 4 0 6 0 5 0 5 0 3 1 0 0 1 0 4 0 4 0 3 0 3 0 2 0 1 0 1 0 6 0 3 0 3 1 0 0 4 0 2 0 5 0 4 0 4 1 0 1 0 0 3 0 4 0 4 0 4 0 6 0 4 0 2 1 0 0 5
0 529 1 0 1 0 4 0 6 0 1 0 4 1 0 0 3 0 1 0 4 0 2 0 1 0 6 0 5 0 2 0 0 0 5 0 0 0 1 0 3 0 4 1 0 1 0 0 3 0 4 1 0 0 1 0 3 0 1 0 6 0 3 0 6 0 5 0 4 0 1 0 2 0 6 0 0 0 3 0 5 1 0 0 6 0 5 0 0 0 0 1 0 0 3 1 0 0 4 0 2 0 0 0 6 0 5 0 3 0 4 0 0 0 6 0 0 0 5 0 1 0 4 0 3 0 0 0 0 1 0 0 5 0 3 0 1 0 1 0 2 0 0 1 0 1 0 0 3 0 4 0 0 0 6 0 1 0 0 0 2 1 0 0 1 0 5 0 1 0 6 0 2 0 5 1 0 0 0 1 0 0 4 0 0 0 3 1 0 0 0 0 6 0 1 1 0 0 1 0 2 0 2 0 1 0 4 0 5 0 5 0 1 0 1 0 4 0 0 0 4 0 1 0 3 0 5 0 6 0 2 0 5 1 0 0 5 0 0 0 2 0 3 0 0 0 5 0 5 0 0 0 1 0 5 0 1 0 0 0 1 0 1 0 3 0 1 0 0 0 4 0 6 0 1 0 0 0 6 0 2 0 4 0 6 0 4 0 6 0 1 0 3 0 0 1 0 0 5 0 0 0 4 0 0 0 5 0 2 0 0 0 1 0 0 0 3 0 1 0 6 0 1 0 4 0 0 1 0 0 0 0 4 0 3 0 4 0 6 0 3 1 0 0 1 0 2 0 4 0 5 1 0 0 2 0 4 0 5 0 2 0 2 0 6 0 1 0 3 0 3 0 3 0 6 0 0 0 2 0 2 0 5 1 0 0 5 0 4 0 4 0 4 0 6 0 0 0 3 0 3 1 0 0 6 0 3 0 5 0 1 0 3 0 6 0 4 1 0 0 5 0 0 0 2 0 4 0 3 0 4 0 3 0 3 1 0 0 0 0 4 0 3 0 0 0 1 0 2 0 5 0 2 0 1 0 3 1 0 0 4 0 4 0 2 0 6 0 4 0 4 0 0 1 0 0 3 0 1 0 1 1 0 1 0 0 5 0 2 0 3 0 5 0 0 0 1 0 0 0 0 0 6 0 3 0 2 0 3 0 0 0 6 0 6 0 1 0 2 0 2 0 6 0 1 1 0 0 0 0 3
1 529 2 0 3 0 1 0 5 0 4 0 1 1 0 0 6 0 3 0 0 0 5 0 3 0 5 0 3 0 5 0 1 0 2 0 1 0 2 1 0 0 3 0 0 0 6 0 6 0 1 1 0 0 2 0 6 0 3 0 5 0 0 0 6 0 4 0 1 0 3 0 5 0 4 0 1 1 0 0 5 0 0 0 5 0 3 0 1 0 1 1 0 0 0 0 0 0 0 0 5 0 1 0 5 0 4 0 0 0 1 0 2 0 4 0 2 0 2 0 4 0 0 1 0 0 1 0 1 1 0 0 2 1 0 0 3 0 2 0 4 0 1 1 0 0 6 0 6 0 0 0 2 0 4 0 3 0 0 0 5 0 6 0 2 0 2 0 4 0 4 0 6 0 3 1 0 0 1 1 0 0 0 0 1 1 0 1 0 0 1 0 4 0 4 0 6 0 1 0 4 0 4 0 3 0 1 0 4 0 3 0 3 0 3 0 0 0 2 0 0 0 3 1 0 0 4 0 5 0 6 0 4 0 0 0 2 0 1 0 4 0 6 0 1 0 3 0 3 0 1 0 3 0 2 0 3 0 0 0 2 0 2 0 6 0 2 0 1 0 1 0 5 0 3 0 1 0 4 0 6 0 1 0 6 0 2 0 5 0 3 0 6 0 1 1 0 0 2 0 2 0 0 0 2 0 2 0 5 0 0 0 2 0 0 0 6 0 3 0 4 0 4 0 0 0 2 0 6 0 0 0 1 0 0 0 2 0 6 0 0 1 0 0 2 0 5 0 1 0 4 1 0 0 5 0 1 0 3 0 5 0 5 0 4 0 3 1 0 0 0 0 0 0 5 0 1 0 4 0 5 0 4 0 0 0 3 0 2 0 2 0 2 0 5 0 1 1 0 0 1 0 0 0 5 0 0 0 3 0 3 1 0 0 6 0 3 0 0 0 2 0 1 0 5 0 1 0 0 0 2 0 0 0 0 1 0 0 1 0 0 1 0 0 1 0 2 0 5 0 2 0 5 0 3 0 0 0 0 0 1 0 1 0 6 0 5 0 2 0 1 0 2 0 6 0 5 0 2 0 3 1 0 1 0 0 2 0 5 1 0 0 3 0 1 0 2 0 0 0 1 0 4 1 0 0 5 0 6 0 1 0 5 0 5 0 3 0 4 0 5 0 4 0 4 0 5 1 0 1 0
1 529 4 0 6 0 3 0 3 0 1 0 4 1 0 0 4 1 0 0 2 0 3 0 0 0 4 0 0 0 3 0 3 0 4 0 2 0 5 0 6 0 5 0 1 0 5 0 5 0 4 0 6 0 4 0 5 0 0 0 3 0 2 0 5 0 1 0 3 1 0 0 4 0 1 0 4 1 0 0 2 0 2 0 2 1 0 0 3 0 3 0 5 1 0 0 0 0 1 0 2 0 4 0 3 0 1 0 1 0 2 0 5 0 0 0 5 0 5 0 0 0 2 0 6 0 1 0 3 0 6 0 4 0 6 0 5 0 5 0 0 0 4 1 0 0 5 0 5 0 1 0 5 0 0 1 0 0 2 0 3 0 5 0 5 0 5 0 1 0 2 0 6 0 0 1 0 0 3 0 5 1 0 0 3 1 0 0 6 0 2 0 1 0 2 0 5 0 4 0 1 0 1 1 0 0 4 0 0 1 0 1 0 1 0 0 1 0 4 0 1 0 0 0 0 0 1 0 4 0 6 0 1 0 1 0 4 0 3 0 1 0 5 0 3 0 6 0 6 0 2 0 6 0 4 0 6 0 0 0 4 0 5 0 4 0 5 0 2 0 3 0 2 1 0 0 4 0 1 0 5 0 4 0 4 0 6 0 3 0 0 0 5 0 4 0 6 0 3 0 4 0 0 0 4 0 5 0 2 0 1 0 4 0 1 0 5 0 0 0 2 0 1 0 1 0 5 0 4 0 1 0 2 0 0 0 5 0 4 0 2 0 6 0 4 0 2 0 4 0 2 0 0 0 2 0 3 1 0 0 4 0 4 0 2 0 0 1 0 0 0 0 1 0 2 0 4 0 1 0 4 0 1 0 1 0 6 0 4 0 4 0 5 0 2 0 4 0 6 0 1 0 1 0 2 0 1 1 0 0 1 0 0 0 4 1 0 0 1 0 4 0 3 0 2 0 3 0 0 0 4 0 0 0 1 0 6 0 1 0 1 0 6 0 1 0 5 0 2 0 6 0 2 1 0 0 1 0 0 0 2 0 3 0 5 0 3 0 5 0 2 0 5 0 5 0 3 0 6 0 0 0 0 0 6 0 4 0 3 1 0 0 6 0 2 0 4 0 0 0 3 0 2 0 0 0 3 0 5 0 4 0 3 0 4 0 0 0 2 0 4 0 2 0 2 0 5 0 0 0 5
0 531 1 0 1 0 5 1 0 1 0 0 4 0 2 0 0 0 1 1 0 0 4 0 6 0 1 0 0 0 1 1 0 0 0 0 1 0 6 0 3 0 6 0 3 0 4 0 3 0 4 0 2 0 6 0 2 0 3 0 1 0 6 0 5 0 2 0 4 0 0 0 0 0 0 0 4 0 1 1 0 0 4 0 4 0 5 0 6 0 5 1 0 0 4 1 0 0 0 0 2 0 5 0 0 1 0 0 3 0 2 0 5 0 2 0 2 0 3 0 3 0 1 0 5 0 4 0 3 1 0 0 6 0 2 0 6 0 4 0 3 0 2 0 2 0 0 0 3 0 3 0 4 0 2 0 2 0 6 0 3 1 0 0 4 0 4 0 3 0 3 0 5 0 4 0 2 0 6 0 6 0 4 0 0 0 0 0 0 0 4 0 5 0 2 0 5 0 3 0 1 0 3 0 3 1 0 0 0 0 2 1 0 1 0 0 6 0 2 0 0 0 3 0 0 0 0 0 3 0 1 0 5 0 3 0 3 0 0 1 0 0 4 0 3 0 0 0 6 0 5 0 6 0 5 0 2 0 5 0 2 0 1 0 4 0 2 0 3 0 5 0 6 0 5 1 0 0 0 0 4 0 3 0 2 0 2 0 5 1 0 0 2 0 3 0 2 0 6 0 0 0 1 0 2 0 1 0 3 0 5 0 3 0 0 0 4 0 2 0 1 0 4 0 2 0 3 0 3 0 1 0 3 0 4 0 1 0 3 0 1 0 6 0 5 0 1 0 6 0 0 0 5 0 0 0 5 0 0 0 0 0 1 0 1 0 5 0 1 0 5 1 0 0 2 0 5 0 0 0 4 0 0 0 3 0 3 0 5 0 2 0 2 0 3 0 6 0 1 0 5 0 3 0 2 0 4 0 3 0 6 0 1 0 1 0 1 1 0 0 3 0 0 1 0 0 5 0 6 0 1 0 0 0 1 0 3 0 4 0 3 0 3 0 4 0 4 0 2 0 6 0 4 0 6 0 6 0 1 0 0 0 4 1 0 0 4 0 0 0 3 0 6 0 3 0 4 0 0 0 5 0 1 0 1 0 5 0 2 0 1 0 0 0 4 0 6 0 0 0 1 0 6 0 4 0 0 1 0 0 4 0 2 0 0 0 1 0 1 0 5 0 0 0 5 0 5 0 2 0 2 0 3
1 531 2 0 3 0 4 0 0 1 0 0 0 0 5 0 0 0 3 1 0 0 1 0 5 0 3 0 0 0 3 0 5 1 0 0 3 0 5 0 0 0 6 0 0 0 2 0 0 0 1 0 6 0 4 0 5 0 6 0 3 0 5 0 3 0 6 0 0 0 1 0 0 0 1 0 0 0 4 1 0 0 1 0 2 0 4 0 6 0 5 0 0 0 1 1 0 0 0 0 5 0 2 0 2 0 6 0 5 0 5 0 2 0 5 0 4 0 6 0 6 0 3 0 3 0 2 0 1 0 0 0 4 0 6 0 5 0 1 1 0 0 5 0 4 0 0 1 0 0 0 0 1 0 5 0 5 0 5 0 1 0 0 0 1 0 2 0 0 0 0 0 4 0 1 0 6 0 5 0 6 0 1 0 1 0 0 0 1 0 1 0 3 0 6 0 2 1 0 0 3 1 0 0 0 1 0 0 0 0 5 1 0 1 0 0 4 0 5 0 0 0 6 0 0 0 0 0 6 0 3 0 2 1 0 1 0 0 2 1 0 0 0 1 0 0 2 0 5 0 4 0 6 0 3 0 6 0 2 0 5 0 3 0 0 0 5 1 0 0 4 0 6 0 4 1 0 0 1 0 0 1 0 0 5 0 5 0 3 1 0 0 4 0 6 0 5 0 4 0 1 0 2 0 4 0 2 1 0 0 3 1 0 0 2 0 0 0 5 0 3 0 0 0 5 0 6 0 6 0 2 1 0 0 1 0 3 0 6 0 3 0 5 0 3 0 4 0 4 0 2 0 2 0 2 0 2 0 1 0 0 0 2 0 3 0 2 0 4 0 3 1 0 0 5 0 2 0 2 0 0 0 1 1 0 0 0 0 3 0 5 0 4 1 0 0 5 0 4 0 2 1 0 0 6 0 1 0 0 0 5 0 3 0 2 0 3 0 6 0 5 0 1 1 0 0 3 0 5 0 3 0 0 0 2 1 0 0 2 0 0 0 0 0 2 0 1 0 6 0 5 0 2 0 6 0 5 0 3 0 1 0 2 0 0 0 0 0 1 1 0 0 6 0 0 0 1 0 2 0 2 0 3 0 3 0 2 0 5 0 2 0 1 0 1 0 5 0 1 0 3 0 5 0 1 0 2 1 0 0 0 0 5 0 0 0 2 0 3 0 2 0 2 0 3 0 3 0 5 0 4 1 0
1 531 4 1 0 0 1 0 2 0 6 0 0 0 2 0 1 1 0 1 0 0 3 0 2 1 0 0 1 1 0 0 4 1 0 1 0 0 3 0 2 0 4 0 1 0 4 0 0 0 3 0 5 0 2 0 4 0 6 0 0 0 4 0 0 0 5 0 1 0 2 0 0 0 2 0 1 0 1 1 0 0 2 0 5 0 1 0 6 0 3 0 1 0 3 0 6 0 0 0 2 0 5 0 5 0 5 0 4 0 3 0 6 0 3 0 2 0 6 0 5 1 0 1 0 0 5 0 2 0 1 0 1 0 6 0 3 0 4 1 0 0 3 0 1 0 2 0 5 1 0 0 3 0 3 0 4 0 3 0 3 0 0 0 2 0 4 0 0 0 1 0 0 0 4 0 5 0 4 0 5 0 3 0 2 0 0 0 2 0 2 1 0 0 5 0 6 0 6 0 6 0 6 0 0 0 6 0 0 0 4 0 0 1 0 0 1 0 3 0 2 0 4 0 1 0 1 0 4 1 0 1 0 0 0 0 6 0 4 0 6 0 0 0 6 0 4 0 3 0 2 0 6 0 0 0 5 0 6 0 2 1 0 0 2 0 4 0 0 0 1 0 6 0 2 1 0 0 2 0 1 1 0 0 3 0 4 0 1 0 0 0 1 0 6 0 4 0 1 0 3 0 5 0 0 0 6 0 6 0 6 0 6 0 3 0 1 0 2 1 0 0 2 0 3 0 6 0 5 0 6 0 6 0 1 1 0 0 6 0 0 0 4 0 0 0 2 0 1 0 5 0 4 0 4 0 4 0 2 0 0 0 4 0 6 0 5 0 1 0 1 0 0 0 2 0 5 0 4 0 0 0 3 0 5 1 0 1 0 0 4 0 3 0 0 0 3 0 1 1 0 0 0 0 4 0 3 0 1 0 2 1 0 0 5 1 0 0 6 0 3 0 4 0 6 0 6 0 2 1 0 0 1 0 5 0 6 0 3 0 0 0 0 0 4 0 3 0 5 0 3 0 6 0 5 0 3 1 0 0 3 0 4 0 0 0 0 0 3 1 0 0 4 0 1 0 2 0 4 0 4 0 6 0 6 0 5 0 2 0 5 0 2 0 3 0 2 0 3 1 0 0 3 0 3 0 5 0 6 0 0 0 2 0 1 0 4 0 6 0 4 0 4 1 0 0 0 0 4 0 2 1 0
1 533 1 0 1 1 0 0 2 0 5 0 4 0 1 0 4 0 3 1 0 0 6 0 5 0 5 0 6 0 2 1 0 0 2 0 0 0 6 0 5 0 5 0 0 0 4 0 0 0 1 1 0 0 3 0 6 0 1 0 5 0 2 0 0 0 2 0 2 0 3 0 4 0 0 0 4 0 2 0 3 0 6 0 4 0 2 0 4 0 4 1 0 0 3 1 0 0 5 0 1 0 5 0 3 0 4 0 4 0 2 0 0 0 5 1 0 0 6 0 5 0 5 0 0 1 0 0 2 0 5 0 2 0 3 0 5 0 0 0 2 1 0 0 6 0 2 0 5 0 3 1 0 1 0 0 0 0 1 1 0 1 0 0 1 0 5 0 0 0 1 0 2 0 1 0 1 0 4 0 2 0 3 1 0 0 5 0 0 0 4 0 5 1 0 0 3 0 6 0 6 0 6 0 5 0 2 0 4 0 2 0 0 0 2 0 6 0 1 0 6 0 5 0 0 0 3 0 3 0 2 0 0 0 6 0 0 0 5 0 2 0 5 0 2 0 5 0 1 1 0 0 6 0 4 0 2 0 3 0 5 0 6 0 6 0 4 0 0 0 1 0 3 0 4 0 6 0 6 0 3 0 3 0 6 0 6 0 0 0 3 0 0 0 3 0 5 0 1 0 3 1 0 0 3 0 2 0 5 0 6 0 6 0 5 1 0 0 3 0 5 0 6 0 3 1 0 0 6 0 4 0 6 0 5 0 4 1 0 0 4 0 2 0 0 0 1 0 4 0 3 0 3 0 2 0 2 0 1 0 5 0 1 0 1 0 6 0 3 0 3 0 2 0 0 0 5 0 3 0 1 0 1 1 0 0 5 0 0 1 0 0 0 1 0 0 1 0 6 0 3 0 6 0 0 0 0 1 0 0 3 0 5 1 0 0 4 0 0 0 5 0 0 0 2 0 6 0 5 0 6 0 6 0 2 0 3 0 5 1 0 0 1 0 1 0 1 0 0 0 4 0 0 0 6 0 4 0 0 1 0 1 0 0 1 0 1 0 1 0 0 0 0 0 0 0 3 0 5 0 1 0 2 0 6 0 6 0 3 0 6 0 2 0 5 0 6 0 4 1 0 1 0 1 0 0 0 0 4 0 5 0 1 0 4 0 3 0 1 0 6 0 2 0 2 1 0 0 1 0 0 0 6 0 5
1 533 2 0 3 0 6 0 4 0 3 0 1 0 4 0 1 0 1 0 0 0 5 0 4 0 4 0 5 0 6 0 6 0 3 0 1 0 5 0 4 0 3 0 2 0 0 0 1 0 3 0 6 0 6 0 4 0 4 0 2 0 5 0 0 0 4 0 4 1 0 0 1 0 2 0 0 0 5 1 0 0 6 0 1 0 6 0 1 0 3 0 0 0 0 0 0 0 2 0 4 0 3 0 0 0 2 0 1 0 5 0 1 0 4 0 0 0 5 0 4 0 3 0 2 0 6 0 4 0 2 0 5 1 0 0 3 0 1 0 5 1 0 0 4 0 6 0 3 0 1 0 0 0 5 1 0 0 3 1 0 0 6 0 2 0 2 0 1 0 2 0 4 0 2 0 3 0 0 0 6 0 0 0 0 0 2 0 2 0 1 0 4 1 0 1 0 0 6 0 6 0 6 0 3 0 6 0 0 0 5 0 0 0 5 0 4 0 4 0 5 0 3 0 1 0 6 0 6 0 4 0 1 0 4 0 2 0 2 0 6 0 2 0 6 0 2 0 4 1 0 0 5 0 1 0 5 1 0 0 4 0 6 0 6 0 1 0 1 0 2 1 0 0 2 0 6 0 6 0 0 0 0 0 6 0 5 0 1 0 6 0 0 1 0 0 3 0 3 1 0 1 0 0 6 0 5 0 3 0 6 0 6 0 4 1 0 1 0 0 4 0 6 0 1 0 0 0 5 0 2 0 6 0 4 0 3 0 0 0 0 0 5 0 0 0 3 0 0 1 0 1 0 0 5 0 4 0 3 0 2 0 3 0 3 0 4 1 0 1 0 0 5 0 1 0 2 1 0 0 3 0 3 1 0 0 2 0 2 0 6 0 0 0 6 0 2 0 5 0 0 0 5 0 1 0 1 0 6 0 6 0 4 0 0 0 0 0 2 0 2 0 1 0 5 0 5 0 4 0 6 0 5 0 5 1 0 0 4 1 0 0 2 0 2 0 2 0 1 0 0 0 2 0 5 0 1 0 2 1 0 0 6 0 1 0 2 0 2 0 0 0 0 0 0 1 0 0 3 0 3 0 5 0 5 0 6 0 0 0 5 0 6 0 3 0 6 0 3 0 0 1 0 0 6 0 0 0 1 0 3 0 4 0 0 1 0 0 4 0 4 0 5 0 5 0 6 0 1 0 1 0 5 0 4
0 533 4 1 0 0 6 0 1 1 0 0 4 0 0 0 3 0 2 0 1 0 3 0 2 0 2 0 4 0 6 0 5 1 0 0 4 0 3 0 1 1 0 0 5 0 0 0 2 1 0 0 6 0 6 0 2 0 1 0 6 0 2 0 2 0 1 0 2 1 0 0 2 0 4 0 1 0 4 0 0 0 4 0 4 0 4 0 3 0 6 0 0 0 0 0 0 0 5 0 0 1 0 0 1 0 4 0 3 0 2 0 4 0 0 0 2 0 3 0 1 1 0 0 6 0 5 0 1 0 6 0 3 1 0 0 6 0 3 0 4 0 0 0 1 0 5 1 0 0 3 0 1 0 4 0 0 0 0 0 0 0 4 0 5 0 4 0 2 0 5 0 0 0 5 0 6 0 1 0 4 0 1 0 0 0 4 0 4 0 3 0 2 0 0 1 0 0 5 0 6 0 6 0 0 0 5 0 2 0 2 0 2 0 3 0 2 0 2 0 3 1 0 0 4 0 5 0 6 0 1 0 4 0 0 0 5 0 5 0 4 0 6 0 4 0 6 0 2 0 0 0 2 0 4 0 4 0 0 0 1 0 6 0 5 0 3 0 2 0 5 0 6 0 4 0 5 0 5 0 1 0 1 0 5 0 3 0 4 0 4 0 2 0 6 0 6 0 0 0 0 1 0 0 5 0 4 0 0 0 6 0 6 0 3 0 0 1 0 0 1 0 5 0 3 0 1 0 2 0 6 0 5 0 1 1 0 0 1 0 1 0 2 0 1 0 6 0 1 1 0 1 0 0 3 0 1 1 0 0 5 1 0 0 0 0 3 0 0 1 0 0 2 0 3 0 5 0 6 0 5 1 0 1 0 0 4 0 5 0 4 0 2 0 4 0 6 0 2 0 2 0 2 0 3 0 3 0 5 0 6 0 1 0 1 0 0 0 4 0 4 0 3 0 3 0 4 0 2 0 6 0 4 0 5 0 0 0 1 1 0 0 4 0 4 0 4 0 2 0 0 0 5 0 2 0 3 0 5 1 0 0 4 0 3 0 4 0 4 0 0 0 0 0 1 0 6 0 5 1 0 0 4 0 4 0 5 0 2 0 3 0 6 0 0 0 5 1 0 0 2 1 0 0 4 0 1 0 2 1 0 0 1 0 2 1 0 0 1 0 2 0 4 0 4 0 5 0 3 0 3 0 3 0 2
1 535 1 0 2 0 0 0 4 0 4 1 0 0 0 0 1 0 6 0 4 0 2 0 6 0 4 0 5 0 1 0 6 0 5 0 0 0 0 1 0 0 4 1 0 0 2 0 1 0 5 1 0 0 5 0 5 0 5 0 3 0 4 0 5 0 4 0 2 0 5 0 6 0 4 0 0 0 4 0 0 0 2 0 1 0 2 0 2 0 0 0 5 0 1 0 0 0 1 0 2 0 2 0 6 0 2 0 0 1 0 0 6 0 0 0 1 0 4 0 6 0 3 1 0 0 5 0 3 0 4 0 5 0 1 0 0 0 5 0 0 0 1 0 1 0 3 0 3 1 0 0 6 0 3 0 0 0 1 0 0 0 1 0 1 0 4 0 1 0 6 0 2 0 2 0 3 0 5 0 4 0 0 0 3 0 1 0 1 0 1 1 0 0 5 0 1 1 0 0 3 0 6 0 5 0 2 0 2 0 5 0 4 0 4 0 6 0 4 0 5 0 0 0 0 0 1 0 4 0 5 0 4 0 0 0 2 0 3 0 4 0 2 0 6 0 2 0 5 0 5 0 0 0 5 0 1 0 1 0 1 0 3 0 5 0 3 1 0 0 6 0 3 0 6 0 2 0 4 0 3 0 3 0 3 0 3 0 0 0 2 0 1 0 6 0 5 0 5 0 1 0 1 1 0 0 3 0 1 0 2 0 5 0 5 1 0 0 2 0 6 0 2 0 2 1 0 0 3 0 5 0 5 0 3 0 4 0 6 0 1 0 2 0 4 0 3 0 4 0 4 1 0 0 6 0 5 0 3 1 0 0 3 1 0 0 0 0 6 0 1 0 6 0 3 1 0 0 4 0 6 0 5 0 0 1 0 0 1 0 4 0 1 0 6 0 1 0 5 0 5 0 4 0 4 1 0 0 0 0 4 0 5 0 3 0 2 0 1 0 1 0 2 0 0 0 0 0 1 0 6 0 5 0 2 0 3 0 1 0 3 1 0 0 1 0 2 0 1 0 5 0 1 0 2 0 5 1 0 0 5 0 0 0 1 0 0 0 2 0 1 0 1 0 0 0 3 0 5 0 5 0 0 0 1 0 2 0 3 0 5 1 0 0 5 0 2 0 3 1 0 0 5 1 0 0 0 0 3 0 5 0 6 0 1 0 5 0 6 0 1 0 5 0 1 0 2 0 3 1 0 1 0 1 0 0 5
0 535 2 0 4 0 1 0 1 0 2 1 0 0 0 0 3 0 5 0 1 0 6 0 5 0 2 0 3 0 4 0 5 0 3 0 1 0 1 1 0 0 1 1 0 0 4 0 3 0 4 0 0 0 3 0 4 0 4 0 0 0 2 0 4 0 1 0 6 0 3 0 6 0 1 0 2 0 0 0 1 0 4 0 2 0 4 0 4 0 1 0 2 0 3 0 0 0 2 0 4 0 5 0 4 0 5 0 1 1 0 0 4 0 1 0 3 0 1 0 6 0 1 0 0 0 3 0 0 0 2 0 3 0 3 0 1 0 2 0 1 0 2 0 2 1 0 0 1 0 0 0 4 1 0 0 1 0 2 0 0 0 2 0 3 0 0 0 4 0 4 0 5 0 4 1 0 0 4 0 1 0 1 0 6 0 2 0 2 0 3 1 0 0 2 0 4 0 6 0 6 0 5 0 3 0 5 0 5 0 3 0 2 0 2 0 6 0 2 0 3 0 1 0 0 0 3 0 1 0 4 0 1 0 1 0 4 1 0 0 1 0 6 0 4 0 6 0 3 0 3 0 2 0 2 0 3 0 2 0 2 1 0 0 4 0 1 0 0 0 5 0 0 0 5 0 6 0 0 1 0 1 0 1 0 1 0 0 1 0 4 0 3 0 5 0 4 0 3 0 3 0 3 0 6 0 5 0 2 0 5 0 3 0 4 1 0 0 5 0 4 0 5 0 5 0 6 0 6 0 3 0 4 0 0 0 2 0 5 0 3 0 5 0 1 0 0 0 2 0 3 0 0 0 5 0 4 0 0 1 0 1 0 1 0 0 1 0 4 0 4 0 5 0 1 0 0 0 1 0 6 0 3 0 2 0 6 0 2 0 0 0 4 0 4 0 4 0 3 0 4 0 2 0 2 1 0 0 1 0 1 0 3 1 0 0 5 0 2 0 2 0 4 0 0 0 0 0 3 0 5 0 3 0 5 0 6 0 2 1 0 1 0 0 2 0 4 0 3 0 2 0 3 0 5 0 4 0 0 0 2 0 1 0 2 0 0 0 4 0 2 0 2 0 0 1 0 0 4 0 3 0 1 0 2 0 4 1 0 0 5 0 0 0 2 0 6 0 0 0 0 0 3 1 0 0 0 1 0 0 4 0 5 0 4 0 3 0 5 0 4 0 2 0 3 0 5 0 0 0 0 1 0 1 0 0 3
1 535 5 0 0 0 3 0 2 0 5 0 5 1 0 1 0 0 3 0 4 0 5 0 3 0 5 1 0 0 2 0 3 1 0 0 3 0 3 0 6 0 2 1 0 0 1 0 0 0 1 0 1 1 0 0 2 0 1 0 1 0 5 0 0 0 4 0 5 0 0 0 5 0 3 0 4 0 0 0 3 0 0 0 6 0 1 0 1 0 3 0 4 0 6 0 0 0 5 0 1 0 4 0 2 0 3 0 4 1 0 0 0 0 3 0 6 0 3 0 4 0 3 0 0 0 6 0 0 0 4 0 6 0 6 0 2 0 4 0 2 0 4 0 5 0 6 0 1 0 1 0 1 1 0 0 2 0 4 0 0 0 4 0 6 0 1 0 1 0 2 0 4 0 3 0 0 0 0 0 3 0 3 0 4 0 5 0 4 1 0 1 0 0 5 0 1 0 6 0 6 0 4 0 0 0 4 0 3 1 0 0 5 0 5 0 4 0 5 0 6 0 2 0 0 0 6 0 3 0 0 0 3 0 3 0 1 1 0 0 3 0 5 0 2 0 5 1 0 1 0 0 5 0 4 0 6 0 4 0 5 1 0 0 0 0 3 0 1 0 2 0 2 0 3 0 5 0 2 1 0 1 0 1 0 0 6 0 2 0 1 0 0 0 4 0 2 0 0 0 0 0 0 0 6 0 3 0 6 0 3 0 0 0 3 0 0 0 3 0 2 0 4 0 4 0 6 0 6 0 0 0 1 0 1 0 5 0 3 0 0 0 3 0 3 0 0 0 4 0 6 0 1 0 3 0 1 0 2 1 0 1 0 0 6 0 2 0 1 0 2 0 3 0 3 0 0 0 3 0 4 1 0 0 6 0 4 0 5 0 1 0 1 0 2 0 2 0 0 0 1 0 5 0 5 0 6 0 1 0 3 0 0 0 0 0 2 0 5 0 5 0 0 0 1 0 0 1 0 0 4 0 0 0 4 0 5 1 0 0 0 0 6 0 4 0 0 1 0 0 5 1 0 0 4 0 1 0 1 0 4 0 2 0 4 0 1 0 0 0 5 0 4 0 1 1 0 0 0 1 0 0 3 0 5 0 2 0 0 0 2 0 1 0 5 0 4 0 1 0 0 1 0 1 0 0 1 1 0 0 1 0 4 0 2 0 0 0 4 0 1 0 5 1 0 0 3 0 1 0 1 1 0 0 6 0 5
1 537 1 0 2 0 1 0 6 0 5 0 3 0 5 0 0 0 6 0 6 0 1 0 4 0 0 0 4 1 0 0 4 1 0 1 0 1 0 0 0 0 5 0 6 0 6 0 1 0 0 0 2 0 3 0 6 0 3 0 2 0 3 0 2 0 2 0 1 0 3 0 2 0 3 0 0 0 1 0 1 0 6 0 1 0 4 0 3 0 2 1 0 0 2 0 5 0 2 0 2 0 4 0 0 0 5 1 0 0 2 1 0 0 0 1 0 0 6 0 0 0 1 1 0 0 2 0 4 0 2 0 1 0 6 0 5 0 6 0 0 0 6 0 1 0 4 0 5 0 3 0 2 0 3 0 6 0 4 0 0 0 2 0 1 0 5 0 3 0 2 0 5 0 0 1 0 0 1 0 0 1 0 0 0 0 2 0 4 0 3 0 0 1 0 0 2 0 4 0 5 0 6 0 1 0 2 0 1 0 1 0 0 0 3 0 4 0 2 0 4 0 5 0 5 0 1 0 4 1 0 0 1 0 6 0 6 0 3 0 6 0 6 0 2 0 6 0 4 0 0 1 0 0 3 0 2 0 6 0 2 0 4 1 0 0 0 0 6 0 2 0 4 0 4 1 0 0 3 1 0 0 0 1 0 1 0 0 4 0 5 0 2 0 1 0 0 0 5 0 0 0 0 0 1 0 5 0 0 0 5 1 0 0 1 0 6 0 0 0 6 0 5 0 1 0 2 0 6 0 5 0 1 0 2 0 3 0 2 1 0 0 1 0 6 0 6 0 1 0 1 0 5 0 3 0 6 0 2 0 5 1 0 1 0 0 4 0 5 0 2 0 4 0 6 0 6 0 0 1 0 0 3 0 0 0 5 0 2 0 3 0 3 0 2 0 4 0 4 0 0 0 3 0 3 0 4 0 5 0 3 0 6 0 0 0 0 0 5 0 3 0 3 0 1 0 2 0 1 1 0 0 0 0 2 0 1 0 4 1 0 0 1 0 5 0 1 0 2 1 0 0 4 0 0 0 0 0 3 0 3 0 0 0 6 0 0 0 3 0 1 0 3 0 1 0 4 0 6 0 0 0 6 0 6 0 2 0 5 0 0 0 4 0 3 0 3 0 1 0 3 0 1 1 0 0 6 0 2 0 6 0 2 0 0 0 5 0 1 0 0 0 4 0 3 1 0 0 6 0 2 0 3 1 0 0 5 0 4
0 537 2 0 4 0 3 0 5 0 4 0 0 0 3 0 2 0 5 0 5 0 4 0 0 0 2 0 2 0 0 0 2 0 0 1 0 0 6 0 0 0 3 0 6 0 5 0 3 0 0 0 4 1 0 0 5 1 0 0 5 0 6 0 4 0 4 0 2 0 6 0 4 0 6 0 0 0 2 0 3 0 4 0 4 0 0 1 0 0 6 0 6 0 4 0 2 0 5 0 5 0 0 0 2 0 3 1 0 0 5 0 6 0 0 1 0 0 4 0 1 0 3 0 6 0 4 0 0 0 5 0 3 0 5 0 4 0 5 0 2 0 4 0 4 0 1 0 3 1 0 0 5 1 0 0 6 0 1 0 1 0 4 0 3 0 2 1 0 0 6 0 2 0 2 0 6 0 1 0 1 0 5 1 0 0 5 0 0 1 0 0 2 0 6 0 4 0 1 0 4 0 5 0 3 0 4 0 2 0 2 0 0 1 0 0 1 0 6 0 1 0 4 0 3 0 4 0 1 1 0 0 3 0 5 0 6 0 0 0 6 0 5 0 6 0 5 0 1 0 2 0 6 0 5 0 5 0 4 0 6 0 1 1 0 0 1 0 4 0 6 0 1 0 2 1 0 1 0 1 0 0 1 1 0 1 0 0 1 0 3 0 5 0 2 0 1 0 2 0 1 0 0 0 3 0 2 0 2 0 3 1 0 0 3 0 4 0 2 0 5 0 3 0 3 0 5 0 5 0 3 0 3 0 4 0 6 0 5 0 6 0 2 0 5 0 5 0 3 0 3 0 3 0 0 0 5 0 6 0 4 0 0 1 0 0 1 0 3 0 6 0 1 0 6 0 5 0 2 0 6 0 5 0 1 0 2 0 5 0 6 0 6 0 5 0 1 0 1 0 1 1 0 0 0 0 2 0 4 0 0 0 5 0 1 0 1 0 2 1 0 1 0 0 3 0 4 0 3 0 5 1 0 0 4 0 3 0 1 1 0 0 3 0 2 0 3 0 5 1 0 0 0 0 1 0 0 0 6 0 6 0 1 0 4 0 1 0 6 0 2 0 6 0 3 0 1 0 5 0 2 0 5 0 5 0 6 0 2 0 2 0 0 1 0 1 0 0 3 0 6 0 3 1 0 0 4 0 6 0 4 0 5 0 1 0 2 0 3 0 1 0 1 0 1 0 0 0 4 0 6 0 0 0 0 0 3 0 2
1 537 5 0 1 0 0 0 4 0 1 0 1 0 6 0 5 0 3 0 4 0 1 0 1 0 4 0 4 0 0 0 4 0 1 1 0 0 4 0 1 1 0 0 6 0 3 1 0 0 2 0 2 0 0 0 4 0 0 0 3 0 6 0 2 0 1 0 6 0 5 0 2 0 5 0 1 0 4 1 0 0 2 0 1 0 2 1 0 0 5 0 6 0 1 0 6 0 3 0 3 0 1 0 5 0 0 0 0 0 3 0 5 0 2 1 0 0 0 0 3 1 0 0 6 0 1 0 2 0 3 0 0 0 4 0 2 0 3 0 6 0 1 0 1 0 4 0 0 0 0 0 4 0 0 0 4 0 3 0 3 0 0 1 0 1 0 0 0 0 4 0 5 0 5 0 4 0 3 0 3 0 4 0 0 0 2 0 2 0 6 0 4 0 5 0 1 0 4 0 1 0 4 0 0 0 1 0 5 0 4 0 1 0 6 0 2 0 4 0 4 0 1 0 0 0 1 0 4 0 6 0 6 0 3 0 5 0 2 0 5 0 4 0 6 0 3 0 3 0 5 0 5 0 4 0 4 0 2 0 5 0 4 0 6 0 2 0 1 0 5 0 3 0 5 1 0 1 0 0 6 0 2 1 0 0 6 0 1 1 0 0 3 0 5 0 2 0 4 0 2 0 0 0 6 0 4 0 4 1 0 1 0 1 0 0 1 0 6 0 3 0 0 0 0 0 4 0 4 0 0 0 0 0 2 0 6 0 4 0 5 0 6 0 3 0 3 1 0 1 0 1 0 0 2 0 3 0 6 0 1 0 2 0 6 0 1 1 0 0 5 0 4 0 5 0 3 0 6 0 5 0 3 0 3 0 5 0 3 0 6 0 6 0 3 0 3 0 2 0 3 0 5 1 0 0 5 0 0 0 2 0 2 0 3 0 2 0 5 1 0 0 6 0 6 0 1 0 0 0 5 0 0 0 0 1 0 0 4 0 6 0 5 0 4 1 0 0 4 1 0 0 0 0 2 0 1 0 5 0 5 0 4 0 0 0 4 0 4 0 6 0 4 1 0 0 4 0 2 0 6 0 3 0 4 0 5 0 5 0 4 0 1 1 0 0 6 0 6 0 5 0 1 0 0 0 1 0 6 0 2 0 3 0 3 0 4 0 6 0 2 0 2 0 2 0 1 0 1 0 5 0 1 0 0 0 6 0 4
0 539 1 0 2 0 3 0 1 0 0 0 3 0 3 0 5 0 4 0 0 0 1 0 3 0 3 0 1 0 1 0 2 0 0 0 4 1 0 0 0 0 4 1 0 0 5 0 0 1 0 0 4 0 4 0 1 0 0 0 1 1 0 0 5 0 5 0 3 0 5 0 3 0 6 0 2 0 4 0 1 1 0 0 4 0 2 0 5 1 0 0 3 0 5 0 4 0 4 1 0 1 0 0 4 0 2 0 1 0 0 1 0 0 3 0 6 0 6 0 0 0 0 0 0 0 4 0 3 0 4 0 6 0 1 0 0 0 5 1 0 0 5 0 3 0 3 0 0 0 1 0 1 0 0 0 2 0 0 1 0 1 0 0 2 1 0 0 6 0 0 0 1 0 4 0 4 0 2 0 0 0 0 0 1 0 1 0 4 0 5 0 5 0 2 0 3 0 4 0 0 0 4 0 0 0 1 0 3 0 3 0 1 0 4 0 4 0 6 0 1 0 1 0 3 0 0 0 3 0 1 0 6 0 6 0 0 0 3 0 6 0 3 0 2 0 6 0 0 0 0 0 4 0 4 0 2 0 1 0 6 0 3 0 2 0 5 0 5 0 3 0 3 0 0 0 5 0 0 1 0 0 4 1 0 0 0 0 4 0 4 0 6 0 6 0 2 0 6 0 0 0 5 0 1 0 5 0 2 0 3 0 0 1 0 0 6 0 2 0 4 1 0 0 1 0 1 0 1 0 1 0 1 0 0 0 5 0 5 0 2 0 4 0 6 0 0 0 1 0 0 1 0 0 6 0 3 1 0 0 5 0 3 0 5 0 4 0 4 1 0 0 3 0 2 0 4 0 0 0 6 0 4 0 0 0 0 0 4 0 0 0 6 0 5 1 0 1 0 0 5 1 0 0 5 0 0 0 2 0 1 0 4 0 4 0 6 0 5 0 4 0 0 0 5 0 5 0 3 0 1 0 2 0 1 0 1 1 0 0 1 0 6 0 4 0 3 0 0 0 1 1 0 0 0 0 4 0 3 0 3 0 4 0 1 0 2 0 1 0 2 0 6 0 3 0 0 0 0 0 6 0 5 0 0 0 2 0 4 0 4 0 1 0 4 1 0 0 5 0 6 0 3 0 3 0 0 0 3 0 4 0 5 1 0 0 0 0 2 0 5 0 5 0 4 0 4 0 2 0 3 0 2 0 3 0 1 0 5 0 2
1 539 2 0 4 0 6 0 2 0 0 1 0 0 0 0 4 0 1 0 1 0 2 0 6 0 6 0 2 0 2 0 4 0 1 0 1 1 0 0 1 0 2 0 0 0 2 0 2 1 0 0 1 0 1 0 3 0 0 0 3 1 0 0 3 0 4 0 0 0 4 0 0 0 5 0 6 0 0 0 4 1 0 0 0 0 6 0 3 1 0 1 0 0 4 0 2 0 3 0 0 1 0 0 0 0 5 0 2 0 1 0 6 0 6 0 5 0 5 0 1 0 0 0 1 0 1 0 0 0 2 0 5 0 3 0 1 0 4 0 0 0 2 1 0 1 0 0 1 0 2 0 2 0 0 0 4 0 1 1 0 0 6 0 4 1 0 0 4 0 1 0 3 0 1 0 1 0 5 0 0 0 0 0 2 0 3 0 1 0 4 0 3 0 5 1 0 0 1 0 2 0 0 0 1 0 2 0 6 0 6 0 3 0 1 0 2 0 5 0 3 0 2 0 6 0 0 0 6 0 3 0 5 0 5 0 1 1 0 0 5 1 0 0 6 0 4 0 1 0 1 0 1 0 1 0 5 0 3 0 4 1 0 0 6 0 3 0 3 1 0 1 0 0 2 0 2 0 2 1 0 0 1 1 0 0 1 0 1 0 2 0 6 0 5 0 6 0 4 0 2 0 2 0 4 0 2 0 5 0 6 0 1 1 0 0 4 0 6 0 1 1 0 0 2 0 2 0 2 0 2 0 2 0 1 0 3 0 3 0 6 0 1 0 5 0 1 0 2 0 1 1 0 0 5 0 1 0 0 0 3 0 0 0 4 0 2 0 2 1 0 0 6 0 5 0 0 0 2 0 5 0 1 0 1 0 1 0 0 0 2 0 5 0 5 0 0 1 0 0 4 0 0 0 2 0 1 0 4 0 3 0 1 0 2 0 6 0 4 0 1 0 2 0 3 0 3 1 0 0 3 0 4 0 2 0 3 0 6 0 2 0 5 0 1 1 0 0 1 0 3 0 6 0 0 0 1 0 0 0 0 0 1 0 3 0 4 0 2 0 5 0 4 1 0 0 1 0 1 0 5 0 3 0 1 0 5 0 1 0 1 0 4 0 2 0 0 0 3 0 5 1 0 1 0 0 1 1 0 0 2 0 4 1 0 0 0 0 5 0 3 0 4 0 2 0 1 0 5 0 6 0 4 0 6 0 3 0 2 0 5
1 539 5 0 1 0 5 0 5 0 1 0 6 0 0 0 0 0 3 0 2 0 5 0 5 0 5 0 5 0 5 0 0 0 3 0 3 0 6 0 1 0 4 0 0 0 4 0 5 0 6 0 1 0 2 0 6 0 0 1 0 1 0 1 0 0 1 0 2 0 0 0 2 0 3 0 5 0 2 0 1 1 0 0 1 0 5 0 1 0 0 1 0 0 0 0 5 0 6 0 1 0 6 0 0 0 2 0 5 0 3 0 5 0 6 0 4 0 3 0 3 0 0 0 2 0 2 0 0 0 5 0 2 1 0 0 4 0 0 0 1 0 5 1 0 0 6 0 1 0 4 0 4 0 1 0 0 0 4 1 0 0 5 0 3 0 0 0 0 0 3 0 6 0 2 0 3 0 2 0 1 0 0 0 4 0 6 0 3 0 1 0 0 0 4 1 0 0 2 0 4 0 0 0 2 0 5 0 5 0 5 1 0 0 3 0 5 0 2 1 0 0 6 0 4 0 2 0 5 0 0 0 4 0 3 0 4 1 0 0 4 0 0 0 5 0 1 0 3 0 2 0 2 0 3 0 3 0 0 0 3 0 0 0 5 0 0 0 1 0 0 0 6 0 3 0 4 0 5 0 6 0 2 0 6 0 1 0 2 0 5 0 5 0 4 0 6 0 1 0 5 0 5 0 0 0 6 0 3 0 5 0 4 1 0 0 1 0 5 0 4 0 6 0 3 0 4 0 4 0 4 0 4 0 2 1 0 0 0 0 5 0 4 0 2 0 3 0 4 0 3 1 0 0 2 0 3 0 0 0 6 0 1 0 0 0 5 0 5 1 0 0 5 0 3 0 1 0 5 0 2 0 3 0 2 0 2 0 0 0 5 0 3 0 3 0 2 1 0 0 0 0 1 0 4 0 3 0 0 1 0 0 3 0 5 0 5 0 1 0 3 0 4 1 0 0 0 1 0 1 0 0 1 0 5 1 0 0 5 0 6 0 2 0 4 0 6 0 1 1 0 0 5 0 1 0 2 0 0 0 0 0 2 1 0 0 1 0 6 0 3 0 2 1 0 0 2 0 3 0 2 1 0 0 4 0 2 0 3 0 3 0 0 0 5 0 0 1 0 0 5 0 0 0 6 0 2 0 6 0 4 0 1 1 0 0 1 0 3 0 0 0 1 0 5 0 3 0 3 0 6 0 2 0 5 1 0 0 6 0 3
0 541 1 0 2 0 4 0 3 0 3 0 4 0 4 0 1 0 0 0 6 0 5 0 3 0 4 0 4 0 4 0 3 0 1 1 0 0 0 0 5 0 4 0 0 0 2 0 1 0 4 0 5 0 3 0 5 0 4 0 2 1 0 1 0 0 6 0 1 0 4 0 0 0 4 1 0 0 3 0 5 0 3 0 6 0 2 0 2 0 3 0 1 0 6 0 0 0 3 0 5 0 4 0 4 0 1 0 5 0 3 0 0 0 4 0 6 0 1 1 0 1 0 0 1 0 4 0 4 0 1 0 2 1 0 0 0 0 0 0 1 0 3 0 4 0 0 0 4 0 4 0 1 0 1 0 3 0 1 0 2 0 0 0 2 1 0 0 1 0 0 1 0 0 5 0 5 0 6 0 4 0 2 0 1 0 1 0 5 1 0 0 3 0 1 0 1 1 0 0 5 0 0 0 1 0 5 0 3 0 4 0 4 1 0 1 0 0 3 1 0 0 0 0 5 0 1 0 6 0 2 0 2 0 1 0 0 0 3 0 0 0 0 0 2 0 2 0 3 0 6 0 4 0 4 0 6 0 6 0 0 0 6 0 1 0 2 0 1 0 2 0 1 0 5 0 0 0 2 0 4 0 5 0 6 0 4 0 3 0 5 0 3 0 4 0 2 0 5 0 4 0 3 0 3 0 2 0 5 0 0 0 4 0 2 1 0 0 3 0 3 0 2 0 6 0 0 0 2 0 2 0 2 0 1 0 6 0 6 0 0 0 3 0 1 0 5 1 0 0 2 0 0 1 0 0 4 0 6 0 1 0 4 0 3 0 1 0 3 0 5 0 0 0 2 1 0 0 4 0 2 0 5 0 6 0 4 0 4 0 1 0 2 1 0 1 0 0 6 0 5 1 0 0 3 0 0 1 0 0 2 0 6 0 6 0 3 0 3 0 3 1 0 0 2 1 0 0 1 1 0 0 6 0 2 0 4 0 0 0 3 0 5 0 6 0 1 0 5 0 4 1 0 0 2 0 3 0 4 0 0 0 0 0 5 0 6 0 2 0 4 1 0 0 6 0 6 0 3 0 6 0 5 1 0 0 0 0 5 0 6 0 6 0 1 0 2 0 2 1 0 0 2 0 2 0 4 0 6 0 5 0 1 0 4 0 6 0 1 0 6 0 0 0 3 0 3 0 0 0 0 0 5 0 6 0 4 0 0 0 5 0 0
0 541 2 0 5 0 1 0 0 0 0 0 2 0 1 0 3 0 1 0 5 0 4 0 0 0 2 0 2 0 1 1 0 0 4 0 6 0 0 0 3 0 1 0 1 0 4 0 3 0 1 0 4 0 0 0 4 0 1 1 0 0 0 1 0 0 4 0 4 0 0 0 2 0 1 1 0 1 0 0 4 0 0 0 5 0 5 0 4 0 6 0 3 0 4 0 1 1 0 0 4 0 2 0 1 0 4 0 2 1 0 0 2 0 1 0 5 0 4 1 0 0 6 0 2 0 1 0 1 0 3 0 5 0 5 1 0 0 0 0 2 1 0 0 1 0 2 0 1 0 1 0 3 0 2 0 6 0 2 0 4 0 0 0 5 0 6 0 1 0 1 1 0 0 3 0 4 0 6 0 1 0 5 0 2 0 3 0 3 1 0 0 6 0 2 0 3 1 0 0 2 0 1 0 3 0 3 0 0 0 2 0 3 0 0 0 6 0 6 0 6 0 0 0 2 0 4 0 4 0 5 0 4 0 2 0 0 0 6 0 0 0 0 0 4 0 4 1 0 0 6 0 2 0 2 0 6 0 5 0 2 0 4 0 3 0 4 0 2 0 4 0 3 0 2 0 1 0 5 0 1 0 4 0 6 0 2 0 0 0 4 0 0 0 1 0 6 0 3 0 1 1 0 1 0 0 6 0 2 0 2 0 0 0 6 0 6 0 5 0 6 0 5 0 4 0 1 0 4 0 4 0 4 0 3 0 5 0 5 0 1 0 6 0 3 0 3 1 0 0 4 0 1 1 0 0 1 0 5 0 4 0 0 1 0 0 3 1 0 0 3 0 1 0 5 1 0 0 0 0 6 0 3 0 6 0 2 0 1 0 3 0 5 1 0 1 0 0 5 0 4 1 0 0 6 0 1 0 6 0 4 0 5 0 6 0 0 0 0 0 0 1 0 0 5 0 6 0 2 1 0 0 4 0 6 0 0 0 1 1 0 0 4 0 5 0 4 0 3 0 2 1 0 0 4 1 0 0 1 0 1 0 1 0 3 0 5 0 6 0 2 0 0 0 5 0 6 0 0 0 6 0 4 1 0 0 1 0 3 0 6 0 5 0 3 0 4 0 5 0 6 0 3 0 5 0 1 0 6 0 3 0 4 0 1 0 5 0 4 0 4 0 1 0 6 0 6 0 0 0 1 0 3 0 6 0 1 0 2 0 2 0 1
0 541 5 0 2 0 3 0 0 0 0 0 4 0 2 0 6 0 3 0 3 0 1 0 1 0 4 0 4 0 3 1 0 0 1 0 5 0 1 0 6 0 2 0 3 0 0 1 0 0 4 0 0 0 2 0 0 0 4 0 6 0 0 1 0 0 1 0 1 0 1 0 4 0 3 1 0 1 0 0 0 0 2 0 3 0 4 0 2 0 6 0 0 0 1 0 4 1 0 0 0 0 5 0 3 0 0 0 6 0 6 0 3 0 3 0 3 0 3 0 0 0 4 0 5 0 2 0 2 1 0 0 4 0 4 1 0 0 0 0 5 0 6 0 1 0 4 0 2 0 2 0 6 0 5 0 4 0 6 0 0 0 2 0 3 0 5 0 3 0 3 0 6 0 6 0 1 0 5 0 4 0 2 0 5 1 0 0 1 0 0 0 4 0 5 1 0 1 0 0 4 0 2 0 6 0 6 0 0 0 4 0 6 0 1 0 5 0 6 0 5 0 1 0 5 0 1 0 2 0 4 0 1 0 5 0 1 0 4 0 1 0 1 0 1 0 3 0 0 0 4 0 5 0 5 0 5 0 3 0 6 0 1 0 0 0 1 0 6 0 0 1 0 0 5 0 3 0 2 0 4 0 1 0 5 0 5 0 1 0 0 0 1 0 3 0 4 1 0 0 4 1 0 1 0 0 4 0 5 0 4 0 1 0 5 0 6 0 4 0 6 0 4 0 1 0 4 0 1 0 2 0 2 0 0 0 4 0 3 0 4 0 5 0 0 0 1 0 0 0 0 0 4 0 6 0 2 0 3 0 1 0 2 0 6 0 6 0 6 0 5 0 3 0 3 1 0 0 1 0 5 0 0 0 5 0 5 0 2 1 0 0 5 0 0 1 0 0 3 0 3 0 0 0 4 0 4 0 5 0 2 0 4 0 5 0 1 0 0 0 1 1 0 0 3 0 5 1 0 0 0 0 1 0 5 0 1 0 3 1 0 0 1 0 4 0 1 1 0 1 0 0 0 0 1 1 0 0 2 0 2 0 2 1 0 0 4 0 5 0 5 0 1 0 3 0 5 0 2 0 5 0 2 1 0 0 2 1 0 0 6 0 4 0 0 0 2 0 4 0 6 0 0 0 3 0 4 0 5 0 0 0 1 0 4 0 3 0 2 0 1 0 4 0 5 0 5 0 1 0 2 1 0 0 5 0 3 0 4 0 4 0 2
1 543 1 0 2 0 5 0 6 0 0 0 1 0 0 0 6 0 4 1 0 1 0 0 3 0 3 0 1 0 2 0 0 1 0 0 3 0 2 0 4 0 4 0 5 0 6 0 1 1 0 0 0 0 1 0 4 0 1 0 1 0 5 0 2 0 6 0 1 0 2 0 3 0 1 0 1 0 0 0 5 1 0 0 4 1 0 0 1 0 6 0 4 0 1 0 3 0 1 1 0 0 1 0 2 1 0 0 2 0 5 0 5 1 0 1 0 1 0 1 0 0 2 0 1 0 3 0 5 0 5 1 0 0 1 0 2 1 0 0 1 0 3 0 5 0 4 0 0 0 5 0 5 0 5 0 4 0 2 0 5 0 1 0 4 1 0 0 4 0 0 0 0 0 6 0 5 0 4 0 3 0 1 0 6 0 3 1 0 0 2 0 1 0 1 0 5 0 0 1 0 0 0 0 6 0 5 0 5 0 2 0 1 0 5 0 4 0 3 0 6 0 3 0 4 0 2 0 3 0 5 0 0 0 4 0 2 0 4 0 0 0 3 0 2 0 2 0 6 0 1 0 1 0 4 0 4 0 4 0 0 0 5 0 3 0 0 0 3 0 4 0 2 1 0 0 2 1 0 0 6 0 0 0 4 0 3 0 3 0 3 0 0 0 2 1 0 0 3 0 0 0 2 0 0 1 0 0 1 0 4 0 1 0 4 0 3 0 6 0 2 0 6 0 1 0 4 0 0 0 3 0 4 0 4 0 1 0 1 0 0 0 2 0 3 0 1 0 2 0 0 0 1 0 1 0 5 0 5 0 6 0 2 0 5 0 5 0 6 0 6 0 4 0 0 0 0 1 0 0 3 0 2 0 2 0 3 0 3 1 0 0 0 0 2 0 2 0 6 0 5 0 6 0 1 0 1 0 2 0 3 0 6 0 1 0 3 0 3 0 0 0 3 0 6 0 6 0 3 1 0 0 0 0 3 0 2 0 3 1 0 1 0 0 3 0 0 0 4 1 0 0 5 1 0 0 3 0 6 0 3 0 4 0 5 1 0 0 1 0 4 0 3 0 3 1 0 0 3 0 6 0 2 0 6 0 6 0 4 1 0 0 5 0 1 0 1 0 5 0 1 0 5 0 1 1 0 0 2 0 3 0 1 0 3 0 0 1 0 0 5 0 3 0 1 0 4 0 3 0 3 0 5 1 0 0 3 0 0 0 2 0 1 0 5
1 543 2 0 5 0 3 0 5 0 1 0 2 0 1 0 5 0 3 0 0 0 6 0 5 0 6 0 2 0 4 0 1 0 6 0 5 0 5 0 1 0 2 0 4 0 5 0 4 0 5 1 0 0 3 0 0 0 3 0 3 0 2 0 6 0 4 0 3 0 4 0 6 0 2 0 2 0 1 0 4 0 0 0 1 1 0 0 3 0 5 0 1 0 3 0 6 0 3 0 6 0 1 0 5 0 6 0 4 0 3 0 5 0 0 1 0 1 0 0 6 0 3 0 2 1 0 0 4 0 4 1 0 0 2 0 5 0 6 0 1 1 0 0 4 0 1 0 2 0 3 0 4 0 4 0 1 0 6 0 2 0 4 0 2 0 0 0 0 0 1 0 1 0 5 0 4 0 1 1 0 0 4 0 5 0 0 1 0 0 4 0 2 0 3 0 2 0 2 0 6 0 0 0 5 0 4 0 3 0 5 0 3 0 3 0 2 0 0 0 6 0 0 0 1 0 5 1 0 0 3 0 2 0 0 0 6 0 0 0 1 0 6 0 4 0 5 0 4 0 3 0 3 0 1 0 2 0 1 0 2 0 2 1 0 0 1 1 0 0 1 0 6 0 6 0 4 1 0 0 4 0 2 0 0 1 0 1 0 1 0 0 1 0 5 0 6 0 5 0 0 0 4 0 1 0 6 0 2 0 0 0 4 0 1 0 0 0 5 0 6 0 4 0 4 0 0 0 1 1 0 0 2 0 1 0 3 0 2 0 0 0 4 0 6 0 2 0 4 0 0 0 2 0 3 0 3 0 4 0 5 0 6 0 3 0 4 0 6 0 6 0 1 0 1 0 1 0 6 0 5 0 4 0 4 1 0 0 0 1 0 0 0 0 4 0 5 0 5 0 4 0 5 0 3 0 2 0 4 1 0 0 5 0 3 0 6 0 6 0 0 1 0 0 6 0 6 0 0 1 0 0 0 0 6 0 5 0 0 0 0 0 6 0 5 0 1 0 2 0 0 0 3 1 0 1 0 0 6 0 0 0 2 0 4 1 0 0 3 0 1 0 0 0 0 1 0 1 0 0 5 0 6 0 5 0 6 0 3 0 0 0 2 0 3 0 3 0 2 0 4 0 2 0 4 0 6 0 3 0 6 0 2 0 6 0 1 1 0 0 2 1 0 0 4 0 1 0 0 0 0 0 4 1 0 0 6 0 0 0 4 0 3 0 3
0 543 5 0 3 0 0 0 3 0 3 0 4 0 3 0 2 1 0 0 2 0 5 0 4 0 5 0 6 0 0 0 4 0 5 0 4 0 3 0 3 0 5 0 1 0 4 0 2 0 4 1 0 0 6 0 0 0 6 0 6 0 5 0 5 0 2 0 0 0 2 0 5 0 5 0 4 0 3 0 0 0 1 0 3 0 6 0 6 0 2 0 3 1 0 0 6 0 0 0 5 0 4 0 3 0 6 0 2 0 0 0 3 0 2 1 0 1 0 0 4 1 0 1 0 0 0 0 1 0 2 1 0 0 5 0 3 0 5 0 4 1 0 0 0 0 3 0 4 1 0 0 2 0 1 0 4 0 4 0 6 0 0 0 5 0 0 0 0 0 2 0 3 0 3 0 1 0 4 1 0 0 1 0 3 0 2 1 0 0 0 0 5 0 6 0 4 0 5 0 4 0 2 0 3 0 2 0 0 0 3 1 0 1 0 0 5 0 1 0 4 0 1 0 3 0 3 1 0 0 6 0 4 0 1 0 4 0 1 0 3 0 5 0 2 0 4 0 1 1 0 1 0 0 3 0 4 0 2 0 4 0 5 0 6 0 2 0 6 0 2 0 5 0 6 0 3 0 0 0 0 0 5 0 1 1 0 1 0 0 6 0 2 0 3 0 6 0 3 0 2 0 0 0 4 0 4 0 5 0 1 0 0 0 3 0 1 0 3 0 6 0 2 0 1 0 1 0 3 0 6 0 3 0 2 0 6 0 4 0 1 0 1 0 5 0 6 0 0 0 1 0 4 1 0 0 0 0 2 0 4 0 6 0 0 0 2 0 6 0 5 0 3 0 2 0 3 0 5 0 4 0 2 0 2 1 0 0 1 0 6 0 0 0 1 0 4 0 4 0 2 0 3 1 0 0 6 0 2 0 0 0 3 0 0 0 6 0 5 0 2 1 0 0 5 0 5 0 2 0 6 0 0 0 5 0 3 0 1 0 1 0 5 0 3 0 3 0 4 0 1 0 0 0 0 1 0 0 4 0 1 0 5 0 1 1 0 0 6 0 2 0 0 0 1 1 0 1 0 0 3 0 6 0 4 0 5 1 0 0 1 0 4 0 6 0 6 0 5 0 0 0 6 0 1 0 6 0 0 0 5 0 6 0 4 0 4 0 6 0 4 1 0 0 0 0 3 0 0 0 1 0 2 0 0 0 4 0 2 0 1 0 0 0 0
0 545 1 0 2 1 0 0 1 1 0 0 0 0 1 1 0 0 6 0 6 0 4 0 3 0 2 0 4 0 5 0 2 0 1 0 4 0 2 0 0 0 0 0 3 0 4 0 0 0 6 0 2 0 0 0 4 0 2 0 5 0 6 0 4 0 3 0 5 0 0 0 5 0 3 0 4 0 1 1 0 0 1 0 2 1 0 0 6 0 5 0 6 0 0 0 0 0 4 0 2 0 3 0 2 0 0 0 5 0 5 0 0 0 6 0 5 1 0 1 0 0 2 0 0 0 5 1 0 0 2 0 5 1 0 0 3 0 0 0 4 0 2 1 0 0 0 1 0 0 2 1 0 0 4 0 3 0 1 0 2 0 5 0 2 0 2 0 1 0 0 0 4 0 6 0 6 0 3 0 1 1 0 0 2 0 6 0 5 0 6 0 0 0 3 0 6 0 2 0 4 0 1 0 5 0 6 0 4 0 1 0 0 0 0 1 0 0 2 0 4 0 0 0 3 1 0 0 1 0 0 0 5 0 1 0 4 0 0 0 3 1 0 0 3 0 6 0 0 0 4 1 0 0 6 0 6 0 0 0 6 0 1 0 4 0 5 0 6 0 4 0 6 0 3 0 5 1 0 0 1 0 1 0 2 0 4 1 0 1 0 0 4 0 5 1 0 0 5 1 0 0 5 0 1 0 1 0 2 0 3 0 3 0 0 0 6 0 2 1 0 0 5 0 5 0 2 0 2 1 0 0 5 1 0 0 6 0 5 0 1 0 3 0 3 0 3 0 5 0 1 0 3 0 1 1 0 0 0 0 5 0 1 0 5 0 1 0 5 0 5 0 3 1 0 0 5 1 0 0 4 0 1 0 5 0 5 0 6 0 2 0 4 0 1 0 3 0 1 0 1 0 6 0 0 0 0 0 4 0 5 0 0 0 6 0 1 0 5 0 3 1 0 0 0 0 3 0 3 0 6 0 4 0 2 0 2 1 0 0 3 0 3 0 3 0 0 0 0 0 1 0 3 0 0 0 1 1 0 0 0 0 4 0 2 0 4 1 0 0 4 0 5 0 0 0 3 1 0 0 6 0 6 0 5 0 2 0 4 1 0 0 3 0 1 0 6 0 6 0 3 0 2 0 4 0 4 0 4 0 2 0 3 0 6 0 2 0 2 0 6 0 2 1 0 0 0 0 6 0 0 0 2 0 4 0 1 0 0 0 5 0 2 0 0 0 0
0 545 2 0 5 0 6 0 2 0 5 1 0 0 3 1 0 0 5 0 6 0 1 1 0 0 6 0 1 0 3 0 5 0 3 0 0 0 5 0 0 0 0 1 0 0 1 0 2 0 4 0 5 0 1 0 0 0 6 0 3 0 6 0 2 0 0 0 3 0 2 0 3 0 0 0 1 0 4 0 6 0 1 0 5 1 0 0 5 0 4 0 5 0 1 0 1 0 0 0 5 0 6 0 4 0 1 0 3 0 3 0 2 0 5 0 5 0 0 0 6 0 3 0 1 0 3 1 0 0 5 0 3 1 0 0 6 0 1 0 0 0 6 0 6 0 0 0 6 0 4 1 0 0 0 1 0 0 3 0 5 0 2 0 5 0 4 0 2 0 1 0 1 0 6 0 5 1 0 0 4 0 6 0 4 0 5 0 4 0 5 0 1 1 0 0 5 0 6 0 0 0 4 0 3 0 6 0 1 0 3 0 0 0 1 0 6 0 4 0 0 0 1 1 0 1 0 0 2 0 1 0 2 0 4 0 0 0 1 1 0 1 0 1 0 0 5 0 2 0 2 0 0 0 5 0 5 0 2 0 4 0 4 0 1 0 4 0 6 0 2 0 6 0 0 0 4 1 0 0 2 0 2 0 5 0 2 0 0 1 0 0 1 0 5 0 0 0 4 0 0 0 2 0 3 0 2 0 4 0 6 0 6 0 1 0 4 1 0 0 0 0 3 0 3 0 5 0 5 1 0 0 4 0 0 0 5 0 3 0 3 1 0 0 0 0 0 0 3 0 3 0 6 0 3 0 6 0 0 0 2 0 4 0 2 0 4 0 3 0 4 0 1 0 0 0 4 0 0 0 0 0 4 0 3 0 4 0 5 0 6 0 0 0 3 0 6 0 2 0 3 0 4 0 1 0 1 0 1 0 3 0 2 0 4 0 4 0 3 0 0 1 0 0 0 1 0 0 0 0 6 0 1 0 5 0 5 0 6 0 5 0 6 0 6 0 0 0 0 0 2 0 6 0 0 0 3 0 6 0 0 0 0 0 6 0 2 0 0 0 1 0 3 0 2 0 0 0 0 0 5 0 6 0 3 0 6 0 1 1 0 0 6 0 3 0 5 0 5 1 0 0 6 0 1 0 2 0 1 0 5 1 0 0 5 0 5 0 5 0 4 0 6 0 6 0 0 0 4 0 1 0 5 0 0 0 3 0 1 0 2 0 5 0 0 0 0
0 545 5 0 3 0 5 0 6 0 4 0 0 0 0 0 0 0 3 0 5 0 4 1 0 0 4 0 3 1 0 0 3 1 0 0 2 0 2 0 1 0 1 0 6 0 1 0 5 0 1 0 3 0 3 0 1 0 5 0 0 0 5 0 5 0 0 0 6 0 4 0 6 0 0 0 3 0 1 0 5 0 4 0 4 0 0 0 3 0 2 0 3 0 3 0 2 0 1 0 3 0 6 0 1 0 3 0 6 0 6 0 5 0 3 0 3 0 2 0 4 1 0 0 4 0 0 0 0 0 3 0 1 0 0 0 4 0 3 0 1 0 5 0 5 0 2 0 5 0 2 1 0 0 1 0 6 0 6 0 2 0 6 0 3 0 1 0 5 0 2 0 3 0 5 0 5 0 0 0 1 0 6 0 2 0 4 0 2 0 3 0 4 1 0 0 3 0 5 0 2 0 1 0 0 0 5 0 3 0 6 0 0 0 3 0 5 0 1 0 1 0 3 1 0 0 6 0 3 0 2 0 5 0 0 0 1 0 3 1 0 1 0 1 0 0 2 0 5 0 4 0 1 0 3 0 3 0 6 0 1 0 1 0 4 0 1 0 5 0 6 0 4 0 2 0 1 1 0 0 4 0 5 0 2 0 5 0 1 0 6 0 2 0 2 0 2 0 0 0 1 0 4 0 6 0 5 0 1 0 6 0 5 0 4 0 1 1 0 0 0 1 0 0 0 0 4 0 5 0 0 0 0 0 2 0 3 0 0 0 0 1 0 0 0 0 0 1 0 0 0 0 6 0 0 0 5 0 1 0 5 0 0 0 6 0 1 0 0 0 1 0 3 0 1 0 0 0 1 0 1 0 1 0 0 0 2 0 4 0 5 0 1 1 0 0 5 0 5 1 0 0 1 0 3 0 2 0 2 0 6 0 5 0 1 0 1 1 0 0 2 0 6 0 0 0 6 0 0 0 4 0 4 0 3 0 4 0 6 0 4 0 6 0 5 0 1 0 0 0 5 0 4 0 1 1 0 0 5 0 1 0 1 0 4 0 5 0 0 0 2 0 6 0 4 0 0 0 1 0 3 0 6 0 0 0 5 0 4 1 0 0 5 0 0 0 4 0 5 0 0 0 4 0 3 0 4 0 3 0 4 0 0 0 3 0 4 0 4 0 2 0 6 0 5 0 2 0 0 0 4 0 2 0 1 0 6 0 2 0 5 0 2 0 1 0 0
0 547 1 0 3 0 0 0 4 0 6 0 1 0 1 0 0 0 0 1 0 0 4 0 3 0 0 0 1 0 0 1 0 1 0 1 0 0 4 0 4 0 2 0 3 0 4 0 4 0 2 0 3 0 6 0 6 0 3 0 2 0 2 0 3 0 3 0 2 0 5 0 2 0 5 0 1 0 6 0 3 0 3 0 2 0 1 0 1 0 6 0 4 0 6 0 6 0 4 0 2 1 0 0 5 0 3 1 0 0 6 0 6 0 3 1 0 1 0 0 6 0 2 0 0 0 0 0 1 0 0 0 6 0 2 0 1 0 0 1 0 0 4 0 3 0 3 0 6 0 2 0 6 0 6 0 2 0 5 0 5 0 6 0 4 1 0 0 4 0 2 0 5 1 0 0 4 0 3 0 1 0 3 0 4 0 6 0 0 0 5 1 0 0 2 1 0 1 0 0 3 0 5 0 2 0 1 0 3 0 0 0 5 0 1 1 0 0 3 0 3 0 3 0 0 0 0 0 4 1 0 0 6 0 2 0 1 0 3 0 0 0 0 1 0 0 6 0 4 0 3 0 1 0 3 1 0 0 0 0 5 0 3 0 3 0 0 0 4 0 3 0 6 0 1 0 5 0 3 1 0 0 1 0 3 0 6 0 2 0 4 0 4 0 5 0 4 0 4 0 0 0 3 0 1 0 6 0 3 0 4 0 5 0 4 0 1 0 4 0 6 0 0 0 6 0 0 0 1 0 3 0 1 0 0 0 4 0 6 0 0 0 1 0 5 1 0 0 1 0 6 0 0 0 4 0 2 0 2 0 4 0 2 0 2 0 4 0 3 0 0 0 2 0 6 0 2 0 0 0 2 0 2 0 2 0 0 0 5 0 1 0 3 0 4 1 0 0 3 0 4 1 0 0 2 0 6 0 4 0 5 0 5 0 3 0 3 0 3 0 6 0 4 0 4 0 2 0 4 0 2 0 1 0 2 0 0 0 2 0 6 0 2 0 6 0 3 0 3 0 1 0 3 0 1 0 4 1 0 0 2 0 3 0 3 0 1 0 3 0 1 0 5 0 5 0 1 0 1 0 2 1 0 0 5 0 2 0 3 0 3 0 0 0 2 0 2 0 1 0 3 0 2 0 1 0 0 0 2 0 0 0 1 0 1 1 0 0 2 0 1 0 6 0 5 0 3 0 5 0 1 0 0 0 5 0 3 0 4 0 6 0 2 0 5 0 2 0 0
0 547 2 0 6 0 1 0 1 0 5 0 3 0 2 0 0 0 1 1 0 0 0 1 0 0 1 0 2 0 1 1 0 1 0 1 0 0 1 0 1 0 5 1 0 0 2 0 1 0 5 1 0 0 6 0 5 1 0 0 5 0 4 0 6 0 6 0 5 0 2 0 6 0 2 0 4 0 4 1 0 1 0 0 5 0 2 0 3 0 5 0 2 0 6 0 6 0 1 1 0 0 0 0 3 0 1 0 0 0 5 0 6 0 1 0 0 1 0 0 4 0 5 0 0 0 0 0 2 0 1 0 4 0 5 0 2 0 1 1 0 0 1 0 0 0 0 0 5 0 6 0 5 0 5 0 6 0 3 0 4 0 6 0 3 0 0 0 0 0 6 0 4 0 0 0 0 1 0 0 3 1 0 0 2 0 5 0 2 0 3 1 0 0 5 1 0 0 6 0 6 0 2 0 5 0 2 0 6 0 1 0 2 0 4 0 6 0 5 0 6 0 6 0 0 0 1 0 2 0 0 0 4 0 5 0 2 0 6 0 0 0 1 1 0 0 5 0 1 1 0 0 3 1 0 1 0 0 1 0 2 1 0 1 0 0 2 0 1 0 0 0 5 0 4 0 3 0 0 1 0 0 2 1 0 0 5 0 6 0 1 0 2 0 4 0 2 0 1 0 1 0 6 0 3 0 5 0 0 0 2 0 4 0 1 0 4 0 1 0 5 0 2 0 4 0 1 0 2 0 6 0 2 0 1 0 1 0 5 0 1 0 3 0 3 1 0 0 3 0 4 0 2 0 0 0 5 0 5 0 0 0 5 0 5 0 0 1 0 0 1 0 5 0 4 0 5 0 0 0 4 0 4 0 4 0 1 0 2 0 3 1 0 0 2 1 0 1 0 0 2 1 0 0 5 0 5 0 2 0 4 0 4 0 0 0 0 0 0 0 6 0 2 0 1 0 6 0 0 0 5 0 2 0 4 0 0 0 5 0 4 0 6 0 4 1 0 1 0 0 3 0 6 0 3 0 1 1 0 0 4 0 6 0 6 0 2 0 6 0 3 0 3 0 3 0 3 0 2 0 5 1 0 0 2 0 5 0 6 0 6 0 0 0 4 0 4 0 2 0 6 0 4 0 2 0 0 0 4 0 0 0 2 0 3 0 6 0 3 0 3 0 5 0 4 0 0 0 3 0 3 0 1 0 3 0 0 0 2 0 5 0 6 0 2 0 5 0 0
0 547 5 0 4 0 3 0 3 0 2 1 0 0 5 0 0 0 3 0 6 0 0 0 6 0 1 0 4 0 3 1 0 1 0 0 6 0 1 0 3 0 3 1 0 0 4 0 3 0 4 0 0 0 5 0 5 0 0 0 3 0 2 0 6 0 6 0 3 0 6 0 4 0 6 0 1 0 3 0 0 1 0 0 2 0 5 1 0 0 3 0 6 0 5 0 5 0 4 0 5 1 0 0 6 0 2 0 1 0 3 0 5 0 3 0 1 1 0 0 1 0 3 0 1 0 0 0 4 0 3 0 1 0 3 0 5 0 3 0 6 0 1 0 0 0 1 0 3 0 6 0 4 0 4 0 6 0 0 0 2 0 5 1 0 0 1 0 1 0 5 0 1 0 1 0 1 0 6 0 6 0 6 0 4 0 2 0 6 0 0 0 0 0 4 0 0 0 5 0 5 0 6 0 2 0 6 0 4 0 3 0 5 0 1 0 6 0 4 0 6 0 5 0 1 0 2 0 4 0 1 0 1 0 3 0 6 0 4 0 1 0 3 1 0 0 2 0 4 1 0 0 0 0 0 0 6 0 1 0 5 1 0 0 6 0 3 0 2 0 1 0 3 0 1 1 0 0 2 0 6 0 4 1 0 0 3 0 5 0 3 0 5 0 0 0 5 0 2 0 3 0 5 0 0 0 3 0 1 0 5 0 0 0 4 0 0 0 4 0 2 0 6 0 0 0 3 0 5 0 4 0 5 0 2 0 3 0 2 0 3 1 0 0 0 1 0 1 0 0 1 0 5 0 1 0 3 0 3 0 2 0 3 0 3 0 2 0 6 0 2 0 3 0 2 0 3 0 2 0 1 0 2 0 1 0 3 0 4 1 0 1 0 0 5 1 0 0 6 0 4 1 0 0 3 0 3 0 6 0 1 0 1 0 1 0 0 0 1 0 4 0 5 0 3 0 4 0 2 0 2 0 6 0 0 0 2 0 3 0 2 0 6 0 3 0 0 0 6 0 6 0 4 1 0 0 4 1 0 0 1 0 6 0 5 0 6 0 4 1 0 1 0 1 0 1 0 0 6 0 3 1 0 0 5 0 3 0 6 0 5 0 2 0 1 0 1 0 6 0 5 0 1 0 5 0 1 0 0 0 1 0 4 1 0 0 6 0 0 0 0 0 4 0 1 0 1 0 6 0 6 0 2 0 6 0 0 0 5 0 3 0 5 0 6 0 2 0 1
0 549 1 0 3 0 1 1 0 1 0 1 0 0 0 0 2 0 1 1 0 0 5 0 2 0 4 0 4 0 1 0 1 0 0 1 0 0 4 0 3 1 0 0 1 0 0 0 1 0 0 0 1 0 2 0 3 0 3 0 1 0 6 0 5 0 5 0 6 0 0 0 6 0 2 0 5 0 3 0 6 0 1 0 6 0 4 0 3 1 0 1 0 0 6 0 4 0 4 0 2 0 5 0 0 0 4 0 5 0 2 1 0 0 3 1 0 0 4 0 6 0 1 0 6 0 2 0 1 0 0 1 0 0 3 1 0 0 4 0 0 0 5 0 3 0 0 0 2 1 0 0 6 0 2 0 2 0 5 0 1 0 5 0 3 1 0 0 2 0 3 0 2 0 3 0 2 0 3 0 5 0 6 0 6 0 1 0 6 0 4 0 1 0 1 0 0 0 2 0 3 0 4 0 5 0 6 0 5 0 2 0 0 0 3 0 4 0 5 0 2 0 6 0 3 0 3 0 5 0 0 0 3 0 2 1 0 0 6 0 1 0 3 1 0 1 0 0 5 0 1 1 0 0 0 0 1 0 4 0 4 0 4 0 0 0 4 1 0 0 5 0 2 0 6 0 3 0 6 0 4 0 5 0 2 1 0 1 0 0 4 0 0 0 3 0 2 0 2 0 5 1 0 0 3 0 1 0 6 0 3 0 2 0 2 0 0 0 2 0 0 0 6 0 4 0 1 1 0 0 4 0 2 0 3 0 5 0 6 0 4 1 0 1 0 0 1 1 0 0 6 0 2 0 2 0 3 0 6 0 6 0 4 0 6 0 6 0 5 0 4 0 5 0 6 0 4 0 6 0 4 0 2 0 4 0 2 1 0 0 3 0 0 1 0 0 4 0 0 0 5 0 2 1 0 1 0 0 0 0 5 0 3 0 2 0 2 0 0 0 3 0 1 0 4 0 0 0 1 0 5 0 5 0 4 0 1 0 4 0 6 0 5 0 4 1 0 0 2 0 5 0 6 0 3 0 0 0 1 1 0 0 3 0 5 0 4 0 6 0 3 0 0 1 0 1 0 1 0 0 5 0 1 0 0 0 3 0 0 0 6 0 3 0 5 0 2 0 3 0 5 0 3 0 4 0 2 0 3 0 0 0 3 0 2 0 0 0 4 0 1 0 1 0 0 0 3 0 3 0 5 0 5 0 6 0 4 0 2 0 3 0 0 0 4 0 5 0 5 0 2
1 549 2 0 6 0 3 1 0 1 0 0 5 1 0 0 4 0 3 1 0 0 2 0 6 0 1 0 1 0 3 0 2 0 1 1 0 0 1 0 0 1 0 0 2 0 0 0 2 0 0 0 2 0 4 0 6 0 6 0 3 0 5 0 4 0 4 0 5 0 2 0 4 0 6 0 3 0 0 0 5 0 4 0 5 0 2 0 1 0 0 1 0 0 5 0 2 0 1 0 6 0 2 0 2 0 1 0 3 1 0 0 0 0 0 0 0 0 1 0 5 0 4 0 4 0 5 0 2 0 1 1 0 0 0 0 0 0 0 0 2 0 2 1 0 0 1 0 5 1 0 0 4 0 5 0 5 0 2 0 4 0 3 0 0 1 0 0 4 0 6 0 4 0 6 0 4 1 0 0 4 0 6 0 5 0 4 0 5 0 1 0 3 0 2 0 0 0 4 1 0 0 2 0 4 0 6 0 3 0 5 0 0 1 0 0 2 0 3 0 6 0 5 0 0 0 0 0 3 0 1 0 6 0 5 1 0 0 4 0 4 0 0 0 0 1 0 0 2 0 4 0 5 1 0 0 3 0 1 0 2 0 1 0 2 0 2 0 0 0 2 0 6 0 5 0 0 0 6 0 2 0 3 1 0 0 0 1 0 0 0 0 1 0 6 0 4 0 5 0 3 1 0 0 6 0 3 0 4 1 0 0 5 0 4 0 0 0 4 0 1 0 5 0 1 0 4 1 0 0 0 0 5 1 0 0 4 0 6 0 3 0 0 0 6 0 2 1 0 0 4 0 5 0 4 1 0 0 6 0 6 0 2 0 6 0 6 0 4 0 2 0 4 0 6 0 2 0 6 0 1 0 6 0 0 0 6 0 6 0 5 0 1 1 0 0 0 0 2 0 2 1 0 0 0 0 6 0 0 0 2 1 0 0 5 0 4 0 0 0 6 0 3 0 0 0 1 0 3 0 3 0 4 0 1 0 4 0 1 0 6 0 4 0 2 1 0 0 5 0 3 0 5 1 0 0 1 0 3 0 6 0 6 0 3 0 2 0 5 1 0 0 2 1 0 1 0 1 0 0 2 0 3 0 0 0 6 0 1 0 5 0 0 0 3 0 5 1 0 0 4 0 0 0 1 0 5 0 6 0 0 0 6 0 4 0 1 0 0 0 3 0 2 0 0 1 0 0 0 0 4 0 4 0 6 0 1 0 5 0 6 0 1 0 1 0 4 0 3 0 5
1 549 5 0 5 0 1 0 0 1 0 0 4 0 0 0 1 0 0 1 0 0 5 0 4 0 3 0 2 0 6 0 4 0 3 0 6 0 1 0 1 0 6 0 3 0 0 0 4 0 0 0 5 0 1 0 6 0 6 0 0 0 4 0 2 0 2 0 3 0 6 0 1 0 5 1 0 0 2 0 3 0 2 0 3 0 5 0 2 0 1 1 0 0 2 0 5 0 3 0 4 0 5 0 4 0 2 1 0 1 0 0 0 0 0 0 0 0 3 0 3 0 2 0 2 0 3 0 5 0 3 0 5 1 0 0 0 0 0 0 4 0 5 0 6 0 2 0 4 0 0 0 1 0 4 0 3 0 6 0 0 1 0 0 2 1 0 0 1 0 6 0 2 0 6 0 3 0 0 0 1 0 6 0 4 0 2 0 3 0 3 0 6 0 4 0 1 0 1 1 0 0 5 0 1 0 6 0 0 0 3 0 2 0 6 0 3 1 0 0 6 0 3 0 1 0 0 0 6 0 3 0 5 0 5 0 0 0 1 0 1 0 1 0 1 0 6 0 4 0 1 0 4 1 0 0 6 0 2 0 4 0 2 0 4 0 4 0 0 0 5 0 5 0 3 0 2 0 4 0 5 1 0 1 0 0 1 0 5 1 0 0 3 0 5 0 2 0 4 0 1 0 0 0 5 0 0 0 3 0 0 0 3 0 1 0 2 0 0 0 4 0 2 0 4 0 1 1 0 0 1 0 4 0 0 0 1 0 5 1 0 0 2 0 4 1 0 0 0 0 1 0 4 0 3 0 0 0 5 0 5 0 6 0 5 0 6 0 1 0 6 0 1 0 5 0 6 0 4 0 4 0 4 0 2 0 5 0 6 0 3 0 4 0 5 1 0 0 4 0 5 0 6 0 0 0 4 0 1 0 5 1 0 0 3 0 1 0 2 0 4 1 0 0 1 0 2 1 0 0 0 0 1 0 4 0 0 0 4 0 5 0 1 1 0 0 0 0 3 0 0 0 4 1 0 0 2 1 0 0 6 0 5 1 0 0 6 0 3 1 0 0 5 1 0 1 0 0 6 0 3 0 6 0 1 0 4 0 4 0 2 0 1 1 0 0 5 0 0 0 0 0 1 0 3 0 3 0 5 0 2 0 5 0 1 0 3 0 0 0 6 0 4 0 1 0 6 0 0 0 1 0 2 0 5 0 4 0 3 0 5 0 3 0 3 0 1 0 0 0 4
0 551 1 0 3 0 3 0 3 0 1 1 0 0 0 0 1 0 2 0 1 1 0 0 3 0 1 1 0 0 6 0 5 0 2 0 0 0 5 0 3 0 3 0 4 1 0 0 2 0 0 0 2 0 2 0 4 0 5 0 5 0 2 0 0 0 5 0 4 1 0 0 5 0 4 0 3 1 0 0 4 0 6 0 4 1 0 0 3 0 5 0 3 0 6 0 4 0 3 0 0 0 2 0 4 0 1 1 0 0 0 0 5 1 0 0 0 0 0 0 6 0 6 0 4 0 4 1 0 0 4 0 0 0 4 1 0 0 0 0 1 0 1 0 4 0 5 0 6 0 0 0 1 0 3 0 1 0 0 0 5 0 2 0 6 0 4 0 6 0 2 0 4 0 6 0 4 1 0 0 1 0 3 0 5 0 1 0 5 1 0 0 0 0 6 0 1 0 3 0 3 1 0 0 2 0 4 0 4 0 1 0 6 0 5 0 5 0 1 0 0 0 4 1 0 0 3 0 1 0 5 0 0 0 4 0 3 0 1 0 2 0 2 0 2 0 3 0 5 0 1 0 4 0 2 0 0 0 4 0 6 0 0 0 6 0 1 0 1 0 2 0 3 0 3 1 0 0 6 0 1 0 5 0 0 0 6 0 2 0 3 1 0 1 0 0 3 0 6 0 0 0 3 0 1 0 2 0 1 0 6 0 0 0 6 0 2 0 4 0 1 0 0 0 6 0 0 0 4 0 6 0 2 0 0 0 1 0 3 0 3 1 0 0 5 0 1 1 0 0 0 0 3 0 0 1 0 0 2 0 3 0 4 0 6 0 4 0 5 0 4 0 4 0 4 0 3 0 6 0 2 0 2 0 1 0 6 0 3 0 6 0 0 0 2 0 5 0 0 0 1 0 4 0 5 0 2 0 0 0 4 0 3 1 0 0 6 0 2 0 5 0 1 1 0 0 2 0 5 0 5 1 0 0 3 0 0 0 2 0 1 0 3 0 4 0 5 1 0 0 6 0 1 0 1 1 0 0 5 1 0 0 5 0 5 0 0 0 5 0 1 0 0 0 4 0 0 1 0 0 5 0 0 0 5 0 4 0 1 0 1 0 5 0 3 1 0 0 2 0 1 0 0 0 2 1 0 0 0 0 3 0 6 0 2 0 3 0 6 0 1 0 5 0 1 0 4 0 4 0 1 0 2 0 5 0 3 0 2 0 0 0 3 1 0 1 0 0 3 0 1 0 1
0 551 2 0 6 0 6 0 6 0 3 0 5 1 0 0 2 0 4 0 3 0 6 0 5 0 3 1 0 0 5 0 3 0 5 0 1 0 3 0 0 0 0 0 2 1 0 0 4 0 0 0 4 0 5 0 1 0 4 0 3 0 5 0 1 0 3 0 3 0 0 0 3 0 2 0 1 0 0 0 1 0 6 0 2 1 0 1 0 0 4 0 0 0 6 0 1 1 0 0 1 0 5 0 0 0 4 0 6 0 0 0 3 1 0 0 0 0 1 0 5 0 6 0 2 0 3 0 0 0 0 0 2 0 1 1 0 0 0 0 2 0 3 0 1 0 4 0 5 0 1 0 2 0 6 0 2 0 1 0 2 0 6 0 5 0 2 0 5 0 6 0 1 0 6 0 2 1 0 0 2 1 0 0 3 0 4 0 3 1 0 0 1 0 4 0 3 1 0 0 0 1 0 0 5 0 1 0 1 0 4 0 5 0 4 0 3 0 3 0 1 0 1 1 0 0 6 0 3 0 2 0 2 0 0 1 0 0 3 0 4 0 4 0 4 1 0 0 3 0 4 0 0 0 5 0 1 0 1 0 5 0 2 0 4 0 3 0 2 0 4 1 0 0 1 0 0 0 4 0 4 0 2 0 2 0 4 0 6 0 0 0 0 0 6 0 6 0 4 0 1 0 6 0 2 0 4 0 3 0 4 0 2 0 4 0 6 0 0 0 3 0 1 0 4 0 2 0 1 0 5 0 5 0 0 0 2 1 0 0 1 0 0 0 2 0 4 0 5 1 0 0 6 0 1 0 6 0 3 1 0 0 2 0 6 0 2 0 4 0 2 0 2 0 2 0 0 0 5 0 5 0 4 0 3 0 5 0 0 0 5 0 1 0 5 0 2 0 1 0 3 0 1 0 3 0 5 0 1 0 1 0 1 0 0 0 4 0 6 0 2 0 4 0 6 0 4 0 3 0 4 1 0 0 6 0 0 0 4 0 2 1 0 0 2 0 5 0 0 0 4 0 3 0 3 1 0 0 4 0 0 0 3 0 3 0 2 0 2 0 3 0 1 0 0 0 2 1 0 0 2 0 2 0 3 0 1 0 3 0 3 0 3 0 0 1 0 0 4 0 2 0 0 0 5 0 5 1 0 1 0 0 5 0 5 1 0 0 5 0 4 0 2 0 4 0 1 0 1 0 3 0 5 0 2 1 0 0 5 0 1 0 0 0 0 0 6 0 5 0 2 0 2
1 551 5 0 5 0 6 0 6 0 0 0 4 1 0 0 5 0 1 0 0 0 6 0 4 0 1 0 0 0 3 0 0 0 3 0 3 0 6 0 0 0 0 0 5 1 0 0 0 0 2 0 1 0 3 0 4 0 1 0 0 0 3 0 3 0 6 0 6 0 0 0 6 0 4 0 2 0 0 0 3 0 4 1 0 0 0 1 0 0 0 0 2 0 4 0 4 0 6 0 2 0 2 0 2 0 1 0 5 0 1 1 0 1 0 0 0 0 3 0 3 0 5 0 5 0 6 0 0 0 0 0 4 0 3 0 5 1 0 0 4 0 6 0 3 0 1 0 3 0 3 0 5 0 4 0 5 0 2 0 5 0 5 0 3 0 6 0 3 0 5 0 4 0 4 0 6 0 6 0 4 0 6 0 6 0 1 0 0 1 0 0 3 0 1 0 0 1 0 0 1 1 0 0 2 0 3 0 3 0 1 0 4 0 1 1 0 1 0 0 3 0 3 1 0 0 4 1 0 0 5 0 4 0 1 0 6 0 6 0 1 0 2 0 2 1 0 1 0 0 1 0 2 0 2 0 3 0 3 0 2 0 6 0 0 1 0 0 6 0 1 1 0 0 2 0 1 0 1 0 1 0 5 0 5 0 1 0 5 0 1 0 1 0 5 0 6 0 1 0 4 0 4 0 6 0 1 0 0 0 1 0 6 0 1 0 5 0 1 0 6 0 3 0 0 0 5 0 3 0 3 0 3 0 1 0 5 0 6 0 1 0 0 0 5 0 1 0 5 0 0 0 4 0 4 0 5 0 0 1 0 0 5 0 4 0 6 0 0 0 5 0 4 0 4 0 1 0 3 0 4 0 2 0 0 0 3 0 2 0 2 0 4 0 2 0 5 0 2 0 6 0 2 1 0 0 3 0 3 0 2 0 2 0 1 0 1 0 5 0 6 0 1 0 6 0 2 0 0 0 3 0 0 0 4 0 2 0 0 0 6 0 6 0 4 0 2 0 2 0 1 0 0 0 1 0 0 0 0 0 1 0 6 0 6 0 4 0 4 0 6 0 2 0 0 0 5 0 6 0 3 0 4 0 6 0 2 0 6 0 6 0 6 0 1 1 0 0 0 0 5 0 1 0 3 0 5 0 0 1 0 0 3 0 5 0 0 0 3 0 1 0 6 0 0 0 3 0 2 1 0 0 3 1 0 0 0 0 2 0 3 0 0 0 1 0 5 0 3 0 5 0 4
0 553 1 0 3 0 4 0 6 0 5 0 2 0 2 0 0 0 2 0 3 0 1 0 5 0 1 0 3 0 0 0 6 0 0 1 0 0 0 0 5 0 1 0 1 0 3 1 0 0 0 0 4 0 2 1 0 0 1 0 3 0 0 1 0 0 0 0 6 0 5 0 2 0 5 0 1 0 5 0 0 1 0 0 2 1 0 0 1 0 5 1 0 0 5 0 1 0 2 0 5 0 5 0 4 0 4 0 3 0 2 0 4 1 0 0 5 1 0 1 0 0 0 0 4 0 4 0 5 0 1 0 1 0 1 0 0 0 5 0 0 0 1 0 5 1 0 0 3 1 0 0 0 0 4 0 2 0 3 0 6 0 3 0 4 0 0 0 6 0 0 0 4 0 2 0 2 0 6 0 6 0 2 0 6 0 5 0 3 0 1 0 6 0 5 0 2 0 1 0 6 0 2 0 6 0 3 0 6 0 6 0 3 0 0 0 4 1 0 0 6 0 6 0 0 0 0 0 2 0 0 0 3 0 1 0 4 0 5 0 5 0 3 0 4 0 5 1 0 0 6 0 1 0 4 0 4 0 6 0 6 0 5 0 4 0 2 1 0 0 4 0 4 0 6 0 3 0 2 0 2 0 3 0 3 0 3 0 4 0 2 0 3 0 3 0 3 0 5 0 4 0 1 0 2 0 5 0 3 0 0 0 3 0 4 0 4 0 2 0 4 0 4 1 0 0 2 0 2 1 0 1 0 1 0 0 4 0 3 0 5 0 3 0 1 0 2 0 4 0 2 0 2 0 1 0 2 0 3 0 2 1 0 0 3 0 2 0 5 0 2 0 3 0 2 0 1 0 3 1 0 0 1 0 5 0 0 0 6 0 4 0 5 0 0 0 6 0 2 0 6 0 4 0 6 0 6 0 5 0 6 0 4 0 4 0 2 0 3 0 3 0 5 0 4 0 4 0 5 0 0 0 6 0 1 0 0 0 5 0 1 0 5 0 6 0 1 0 5 0 4 0 2 0 0 0 2 0 0 0 0 0 3 0 5 0 6 0 2 0 2 0 5 0 5 0 1 0 3 0 6 0 0 0 2 0 5 0 6 0 5 0 6 0 5 0 4 0 6 0 0 0 2 0 3 1 0 0 3 0 2 0 6 0 6 0 2 0 1 0 6 0 3 0 4 0 1 0 6 0 5 0 6 0 6 0 5 1 0 0 4 0 6 0 0 0 3 0 3 0 0 0 4 0 2
1 553 2 1 0 0 2 0 6 0 3 0 5 0 4 0 0 0 4 0 6 0 3 0 2 0 3 0 6 0 1 0 4 0 2 0 6 0 0 0 2 0 3 0 2 1 0 1 0 0 1 0 0 0 6 0 6 0 1 0 6 0 1 0 6 0 0 0 5 0 3 0 6 0 2 0 4 0 2 0 2 0 6 0 4 0 6 0 2 0 4 0 0 0 2 0 3 0 5 0 3 0 4 0 2 0 1 1 0 0 6 0 2 0 0 0 4 0 0 0 6 0 0 0 1 0 2 0 3 0 3 0 2 0 2 0 1 0 2 0 1 0 3 0 3 1 0 1 0 1 0 0 1 0 0 0 5 1 0 0 6 0 0 0 1 0 2 0 4 0 2 0 0 0 5 0 5 0 5 0 5 0 6 0 5 0 3 1 0 0 4 0 5 0 3 0 5 0 3 0 4 0 6 0 5 0 0 0 6 0 5 1 0 0 2 0 2 0 0 0 5 0 5 0 1 0 0 0 4 0 0 0 6 0 3 0 1 0 4 0 4 0 0 0 2 0 5 0 0 0 4 0 4 0 1 0 2 0 6 0 6 0 4 0 1 1 0 0 0 0 1 0 2 0 5 1 0 0 5 0 4 1 0 0 0 0 0 0 1 0 5 1 0 0 0 0 0 0 4 0 1 0 3 0 5 0 2 1 0 0 1 1 0 0 2 0 1 0 6 0 1 0 2 1 0 0 4 0 5 1 0 1 0 1 0 0 1 0 0 0 3 1 0 0 3 0 5 0 0 0 5 0 4 0 2 0 4 0 6 0 5 0 6 0 5 0 5 0 2 0 5 0 6 0 4 0 2 1 0 1 0 0 3 0 2 0 2 0 5 0 2 0 3 0 2 0 4 0 6 0 5 0 2 0 6 0 6 0 4 0 6 0 2 0 1 0 5 1 0 0 0 0 4 0 2 0 2 0 3 0 2 0 4 0 3 0 1 0 2 0 4 0 3 0 5 0 4 0 3 0 1 0 5 0 0 0 4 0 0 0 0 1 0 0 4 0 5 0 5 0 5 0 3 0 3 0 3 1 0 0 5 0 1 0 5 0 3 0 6 0 4 0 6 0 4 0 2 0 5 0 1 0 4 1 0 1 0 0 6 0 5 0 5 0 5 0 5 0 3 0 5 0 0 0 1 0 4 0 5 0 4 0 6 0 6 0 5 0 0 0 1 0 5 0 1 0 6 0 6 0 1 0 0 0 5
0 553 5 0 6 0 4 0 5 0 0 0 4 0 1 0 2 0 1 0 5 1 0 0 5 1 0 0 5 0 4 0 0 0 6 0 4 0 1 0 4 0 6 0 5 1 0 0 6 0 1 0 1 0 5 0 5 0 4 0 4 0 4 0 4 0 2 0 3 0 0 0 5 0 6 0 0 0 5 0 5 0 5 0 2 0 5 0 6 0 0 0 1 0 4 1 0 0 4 0 0 0 1 0 5 0 3 1 0 0 4 0 5 0 1 0 0 0 2 0 4 0 1 0 2 0 4 0 6 0 6 0 4 0 4 0 2 0 4 0 2 1 0 0 1 0 0 1 0 0 6 0 1 0 1 0 4 0 0 0 4 0 1 0 2 0 5 0 0 0 5 0 1 0 3 0 4 0 4 0 4 0 6 0 4 0 1 0 0 0 1 0 4 0 0 0 4 0 0 0 2 0 6 0 3 0 2 0 5 0 4 1 0 0 4 0 4 0 1 0 3 0 3 0 3 0 1 0 0 0 2 0 4 1 0 0 4 0 1 0 1 0 1 0 5 0 2 0 2 0 1 0 1 0 3 0 5 0 5 0 6 0 1 0 4 0 5 1 0 0 2 0 5 0 4 0 0 0 3 0 2 1 0 0 0 0 0 0 3 0 3 1 0 0 0 0 1 0 0 0 3 1 0 0 3 0 6 0 6 0 2 0 6 0 3 0 3 0 4 0 3 0 5 1 0 0 1 0 5 0 0 1 0 0 6 0 1 0 0 1 0 1 0 1 0 0 3 0 2 0 3 0 1 0 6 0 1 0 6 0 4 0 6 0 4 0 3 0 6 0 3 0 6 0 1 1 0 0 0 0 6 0 5 0 4 0 5 0 2 0 5 0 6 0 5 0 1 0 6 0 3 0 6 0 5 0 6 0 2 0 5 0 5 0 3 0 3 1 0 0 1 0 0 0 5 0 4 0 6 0 5 0 0 1 0 0 3 0 5 0 1 0 0 0 4 0 1 1 0 0 4 0 2 0 2 0 0 0 1 0 1 1 0 0 1 0 4 0 4 0 4 0 0 0 0 0 1 0 0 0 2 0 4 0 3 0 0 0 6 0 2 0 6 0 1 0 6 0 2 0 4 0 2 0 0 1 0 0 5 0 4 0 4 0 4 0 4 0 0 0 3 0 1 0 3 0 1 0 4 0 2 0 6 0 6 0 3 0 1 0 3 0 2 0 4 0 5 0 5 0 3 0 1 0 3
1 555 1 0 3 0 6 0 2 0 3 0 2 0 0 0 3 0 4 0 3 0 4 0 0 0 4 0 0 0 3 0 1 0 2 0 5 0 1 0 4 0 1 0 6 0 5 0 0 0 4 0 3 0 3 0 3 0 4 0 2 0 2 0 2 0 1 0 5 0 6 0 1 0 3 0 5 0 2 0 3 0 4 0 3 0 6 0 3 0 5 0 1 0 3 0 2 0 0 0 0 0 1 0 3 0 3 0 1 0 0 0 1 0 3 0 3 0 0 0 5 0 0 0 3 0 5 0 1 0 6 0 6 0 2 0 1 0 6 0 0 0 6 0 6 0 1 0 1 1 0 0 4 0 3 0 3 0 0 0 2 0 0 0 3 0 5 0 2 0 2 0 2 0 3 1 0 0 2 0 2 0 2 0 6 0 1 0 3 0 0 0 3 0 0 0 2 0 0 0 1 0 5 0 4 1 0 0 6 0 3 0 3 0 0 0 1 0 1 0 3 0 6 0 6 0 6 0 2 0 0 0 5 0 2 0 0 0 0 0 3 0 2 0 3 0 2 0 5 0 4 0 2 0 2 1 0 0 4 0 4 0 5 0 4 0 1 0 4 1 0 0 5 0 3 0 1 0 1 0 6 0 5 0 5 1 0 0 0 1 0 0 0 1 0 0 0 0 2 0 0 1 0 1 0 1 0 0 6 0 5 0 6 0 5 0 0 0 0 0 2 0 0 0 4 1 0 0 3 0 2 0 2 1 0 0 4 0 3 0 1 1 0 1 0 0 6 0 5 0 4 0 6 0 3 0 4 0 4 0 5 0 2 0 6 0 2 0 0 0 6 0 0 0 5 0 4 0 6 0 0 0 5 0 4 0 2 0 3 0 6 0 3 0 6 0 3 0 4 0 5 0 0 0 6 0 4 0 5 0 6 0 3 0 4 0 0 0 0 1 0 0 2 0 1 0 3 0 2 0 6 0 3 0 2 0 6 0 6 0 2 0 3 0 1 0 0 0 4 1 0 0 0 0 5 0 4 0 0 0 2 0 3 0 6 0 2 0 1 0 2 0 1 0 1 0 0 0 2 0 0 0 5 0 0 1 0 0 2 0 4 0 6 0 4 0 4 0 4 0 6 0 0 0 5 0 1 1 0 0 3 0 2 0 2 0 2 0 1 0 1 0 6 0 2 0 6 0 3 0 0 0 6 0 5 0 5 1 0 0 3 0 6 0 5 0 1 0 4 0 3 1 0 0 3 1 0
1 555 2 1 0 0 5 0 5 0 6 0 4 0 0 1 0 0 2 0 0 0 1 0 2 0 0 0 1 0 6 0 2 0 5 0 2 0 4 0 0 0 4 0 5 0 3 0 2 0 1 0 0 0 0 0 0 0 1 0 5 0 4 0 4 0 3 0 3 0 5 0 3 1 0 0 3 0 5 1 0 0 2 0 0 0 6 0 0 0 3 0 3 0 6 0 4 0 0 0 0 0 2 0 6 0 6 0 2 0 0 0 2 0 6 0 6 0 1 0 2 0 1 1 0 0 3 0 4 0 5 0 5 0 5 0 3 0 4 0 2 0 5 0 5 0 3 0 3 1 0 0 0 1 0 1 0 0 1 0 4 0 0 1 0 0 3 0 5 0 4 0 4 1 0 1 0 0 4 0 4 0 5 0 4 0 3 0 6 0 0 0 6 0 0 0 4 0 0 0 3 0 3 0 3 0 0 0 4 1 0 1 0 0 1 0 2 0 2 1 0 0 6 0 6 0 5 0 5 0 1 0 2 0 5 0 0 0 0 0 6 0 4 0 6 0 5 0 3 0 1 0 5 0 5 1 0 0 1 0 2 0 4 0 1 0 4 0 2 0 0 0 2 1 0 0 3 0 3 0 5 0 4 0 4 1 0 0 1 0 6 0 0 0 5 1 0 0 4 0 1 1 0 1 0 1 0 0 5 0 4 0 6 0 3 0 1 0 0 0 4 0 1 0 1 1 0 0 6 0 4 0 5 1 0 0 0 1 0 0 4 1 0 1 0 0 5 0 4 0 2 0 6 0 0 0 2 0 2 0 3 0 6 0 4 0 5 0 1 0 4 0 2 0 3 0 2 0 5 0 2 0 3 0 1 0 5 1 0 0 6 0 0 0 6 0 0 0 2 0 3 0 2 0 5 0 2 0 4 0 6 0 0 0 1 0 1 0 1 0 6 0 3 0 2 0 6 0 5 0 4 1 0 0 6 0 5 0 5 0 5 0 6 0 2 0 1 0 1 1 0 0 1 0 3 0 1 0 1 0 4 1 0 0 5 0 5 0 2 0 4 0 2 0 2 0 0 0 4 0 1 0 2 0 2 0 6 0 4 0 1 0 6 0 2 0 2 0 2 0 5 0 2 0 2 0 4 0 6 0 5 0 4 0 4 0 4 0 2 0 3 0 4 0 6 0 4 1 0 0 2 0 5 0 4 0 4 1 0 1 0 0 6 0 3 0 4 0 1 0 0 1 0 1 0 1 0
1 555 5 1 0 0 3 0 4 0 6 0 1 0 2 0 6 0 3 0 0 0 2 0 4 0 0 0 3 0 4 0 6 0 2 0 6 0 0 0 2 0 1 0 3 1 0 0 5 0 2 0 0 0 0 0 0 0 3 0 3 0 2 0 2 0 0 0 0 0 4 0 0 1 0 1 0 0 4 1 0 0 4 0 1 0 4 0 1 1 0 0 0 0 6 0 1 0 1 0 0 0 5 0 5 0 5 0 5 0 0 0 5 0 5 0 5 0 3 0 4 0 3 0 6 0 6 0 1 0 4 0 4 0 4 0 0 0 1 0 6 0 3 0 4 0 0 0 0 1 0 0 1 1 0 0 6 0 2 0 0 0 2 0 6 0 6 0 3 0 2 0 3 0 0 1 0 0 1 0 2 0 4 0 2 0 0 0 5 0 2 0 4 0 2 0 0 0 1 0 6 0 6 0 6 0 1 0 2 0 0 0 6 0 1 0 4 0 5 1 0 0 5 0 6 0 4 0 3 0 3 0 5 0 2 0 1 0 1 0 5 0 2 0 6 0 3 1 0 0 4 0 3 0 4 1 0 0 2 0 5 0 0 0 4 0 0 0 5 0 0 0 5 0 6 0 5 1 0 0 4 0 2 0 2 1 0 0 3 0 4 0 2 0 4 0 0 0 0 0 4 1 0 1 0 1 0 0 3 0 2 0 5 1 0 0 3 0 1 0 0 0 3 0 3 1 0 0 5 0 2 0 4 1 0 0 1 1 0 0 2 0 0 1 0 0 3 0 1 0 6 0 4 0 1 0 4 0 4 1 0 0 6 0 2 0 3 0 4 0 0 0 5 0 6 0 5 0 2 0 5 0 6 0 3 0 4 0 0 0 4 0 2 0 4 0 1 0 4 0 6 0 5 0 2 0 6 0 1 0 5 0 1 0 2 0 2 0 3 0 4 1 0 0 6 0 5 0 4 0 3 0 0 0 5 0 4 0 4 0 4 0 5 0 5 0 2 0 3 0 6 0 1 0 6 0 2 0 3 0 2 0 0 0 3 0 3 0 6 0 0 0 5 0 4 0 1 0 0 0 3 0 4 0 5 0 5 0 1 0 4 0 4 0 5 0 4 0 5 0 2 0 5 0 5 0 1 0 6 0 4 0 2 0 2 0 1 0 5 1 0 0 2 0 6 0 2 1 0 0 5 0 3 0 2 0 3 0 0 1 0 0 5 0 0 0 1 0 3 0 1 1 0 1 0 0 5
0 557 1 0 3 1 0 1 0 0 2 0 5 0 3 0 5 0 4 1 0 0 1 0 5 0 0 0 1 1 0 0 2 0 5 0 6 0 4 0 1 0 4 0 3 0 0 0 0 0 2 0 5 0 0 0 0 0 0 0 6 0 6 0 4 0 4 0 0 0 1 0 0 0 2 1 0 1 0 0 2 0 0 0 0 0 4 0 0 0 4 0 6 0 0 0 4 0 3 0 2 0 1 0 3 0 4 0 4 0 3 0 2 0 3 0 4 0 4 0 0 0 2 0 0 0 6 0 5 0 4 0 1 0 2 0 1 0 1 0 3 0 5 0 0 0 1 0 1 0 1 0 6 0 2 1 0 0 4 0 5 0 0 0 5 0 5 0 5 1 0 0 5 0 6 0 1 0 6 0 1 0 5 0 0 0 5 0 1 0 2 0 6 0 0 0 5 0 0 0 3 0 5 0 6 0 5 0 3 0 4 0 1 0 4 0 4 0 1 0 5 0 0 0 3 0 6 0 2 0 0 0 0 0 3 0 5 0 2 0 3 0 2 0 6 0 5 0 1 0 0 0 1 0 0 0 2 1 0 0 5 0 2 0 2 0 0 0 2 0 2 0 2 0 3 0 6 0 5 0 0 0 0 0 5 0 5 0 6 0 6 0 0 0 6 0 0 0 1 0 1 0 2 0 0 1 0 0 6 0 5 0 5 0 3 1 0 0 6 0 2 0 0 1 0 0 1 0 0 0 2 0 6 0 1 1 0 0 3 0 6 0 3 0 1 0 6 0 5 0 3 0 5 0 1 0 4 0 1 0 3 0 0 0 4 0 5 1 0 0 1 0 2 0 3 0 6 0 3 0 6 0 3 0 6 0 0 0 1 0 2 0 0 0 6 0 0 0 4 0 1 0 6 0 3 0 6 0 4 0 4 0 2 0 3 0 4 0 4 1 0 0 3 0 0 0 5 0 4 0 1 1 0 0 2 0 3 0 2 0 2 0 2 0 4 0 3 0 5 1 0 0 5 0 4 0 4 0 5 0 6 0 4 0 0 1 0 0 0 0 5 0 2 0 3 0 1 0 3 0 0 1 0 0 2 0 4 0 3 0 4 0 1 0 2 0 4 0 2 0 3 0 6 0 3 0 3 0 4 0 5 0 1 0 5 0 4 0 3 0 3 1 0 0 5 0 4 1 0 0 0 0 2 1 0 0 5 0 6 0 1 1 0 0 2 0 1 0 2 0 6 0 3 1 0 1 0 0 3
1 557 3 0 0 0 0 0 6 0 4 0 3 0 0 0 4 0 2 1 0 0 3 0 2 0 1 0 3 0 6 0 4 0 3 0 6 0 1 0 4 0 0 1 0 0 1 0 0 0 5 0 2 0 1 0 0 0 1 0 5 0 6 0 2 0 1 0 1 0 2 0 0 0 5 1 0 0 6 0 3 0 0 0 1 0 0 0 2 0 1 0 5 0 2 0 0 1 0 0 5 0 2 1 0 0 2 0 1 1 0 0 5 1 0 0 2 0 1 0 1 0 4 0 1 0 5 0 4 0 1 0 3 0 4 0 2 0 2 1 0 0 3 0 1 0 2 0 2 0 3 0 4 1 0 0 0 0 1 0 3 0 2 0 3 0 4 0 5 0 0 0 3 0 5 0 4 0 4 0 4 0 2 0 2 0 2 0 3 0 5 0 4 0 2 0 2 0 1 1 0 0 4 0 6 0 4 0 0 0 1 0 4 0 1 0 1 0 4 0 2 0 1 1 0 0 5 0 5 0 0 0 0 1 0 0 3 0 5 0 6 0 5 0 5 0 3 0 3 0 0 0 2 0 0 0 5 1 0 0 2 0 5 0 4 0 0 0 4 0 4 0 4 1 0 0 6 0 3 0 1 0 1 0 3 0 4 0 6 0 5 0 2 0 4 0 1 0 2 0 2 0 4 0 1 1 0 0 5 0 4 0 4 0 1 0 0 0 4 0 5 0 1 0 6 0 1 0 0 0 5 0 4 0 4 0 6 0 6 0 4 1 0 0 4 0 5 0 4 0 0 0 3 0 4 0 0 0 3 0 6 0 1 0 1 0 4 1 0 0 2 0 4 1 0 0 6 0 0 0 6 0 0 0 5 0 1 0 2 0 4 0 1 0 4 0 2 0 0 0 4 0 5 0 0 0 6 0 2 0 1 0 5 1 0 0 2 0 2 1 0 0 6 0 1 0 3 0 1 0 4 0 6 0 3 0 6 0 4 0 4 0 5 0 1 0 0 0 5 0 0 0 3 0 2 0 2 0 4 0 6 0 1 0 2 0 6 0 0 0 2 0 5 0 6 0 2 0 6 0 1 0 6 0 4 0 1 0 0 0 1 0 3 0 5 0 0 0 5 1 0 0 6 0 0 0 0 0 2 0 3 0 4 0 3 0 2 0 0 0 1 0 0 0 3 0 2 1 0 0 0 0 5 1 0 0 3 0 5 0 4 0 6 0 3 0 2 0 5 0 5 0 1 0 0 0 6 0 5
1 557 6 0 0 0 1 0 5 0 1 1 0 0 2 0 0 0 6 0 6 0 5 0 4 0 2 1 0 0 6 0 2 0 0 0 5 0 4 0 0 0 2 0 6 0 1 0 1 0 2 0 5 0 2 0 0 0 3 0 3 0 5 0 5 0 2 0 2 0 4 0 1 0 4 0 0 0 4 1 0 0 1 0 2 0 0 0 4 0 3 0 2 0 5 0 1 1 0 0 2 0 6 0 6 0 3 0 3 1 0 0 3 1 0 0 4 0 2 0 3 0 0 0 4 0 3 0 1 0 3 1 0 0 1 0 5 0 5 0 6 0 5 0 2 0 4 0 4 1 0 0 2 1 0 0 0 0 2 0 6 0 4 1 0 0 2 0 3 0 1 1 0 0 4 0 2 0 2 0 1 0 5 0 4 0 4 1 0 0 4 0 1 0 5 0 4 0 3 1 0 0 1 0 6 0 1 0 1 0 3 0 0 0 3 0 3 0 0 0 5 0 3 1 0 0 3 0 3 0 1 0 1 0 6 0 6 0 3 0 6 0 4 0 3 1 0 1 0 0 1 0 4 0 1 0 3 1 0 0 5 0 3 0 1 0 2 0 1 0 2 0 3 0 0 0 4 1 0 0 3 0 2 1 0 0 2 0 6 0 3 0 6 0 0 0 3 0 4 0 5 0 0 0 4 1 0 0 3 0 2 0 1 0 3 0 1 0 1 0 3 0 4 0 4 0 3 0 1 0 3 0 2 0 2 0 6 0 6 0 3 0 0 0 1 0 4 0 1 0 1 1 0 0 1 0 1 1 0 0 5 0 3 0 3 0 1 1 0 0 5 0 2 0 0 0 4 0 2 0 4 0 2 0 2 0 3 0 5 0 0 0 4 0 0 0 5 0 1 0 1 0 3 0 2 0 4 0 5 0 3 0 3 1 0 0 4 0 5 1 0 0 4 0 3 0 6 0 3 0 1 0 6 0 0 0 6 0 2 0 2 0 3 0 3 0 1 0 2 0 1 0 6 0 4 0 5 0 1 0 5 0 3 0 5 0 4 0 1 0 5 0 3 0 5 0 6 0 4 0 4 0 5 0 1 0 3 0 0 0 2 1 0 0 3 0 2 0 4 0 0 0 4 0 1 0 0 0 4 1 0 0 1 1 0 0 5 0 0 0 2 0 0 0 6 0 5 0 6 0 0 0 3 1 0 1 0 0 4 0 2 0 5 1 0 0 6 0 3 0 3 0 3 0 1 0 5 0 4
0 559 1 0 4 0 1 0 3 0 2 0 4 0 6 0 3 0 1 0 5 0 6 0 4 0 1 1 0 0 0 0 4 0 5 0 1 0 3 0 1 0 1 0 5 0 4 0 3 0 2 0 5 0 2 0 5 0 0 1 0 0 0 0 4 0 3 0 5 0 5 0 0 0 4 0 0 0 2 0 1 1 0 0 2 0 4 0 1 0 0 1 0 0 6 0 2 0 4 0 6 0 4 0 5 0 6 0 0 0 1 0 0 0 0 0 0 0 0 0 5 0 6 0 1 0 0 1 0 0 3 1 0 1 0 0 3 0 3 0 4 0 6 0 3 0 6 0 1 0 2 1 0 0 5 0 5 1 0 0 5 0 5 0 2 1 0 0 4 0 6 0 3 1 0 0 0 0 5 0 4 0 3 0 3 0 2 0 3 0 0 0 0 0 4 0 3 0 2 0 0 1 0 0 3 0 4 0 3 0 2 0 6 0 0 0 6 0 6 0 1 0 3 0 0 1 0 0 6 0 6 0 2 0 3 0 5 0 6 0 0 0 6 0 2 0 1 0 0 0 6 0 2 0 0 0 4 0 0 0 0 0 2 1 0 0 3 0 4 0 2 0 4 0 6 0 1 0 1 1 0 0 6 0 5 0 6 0 4 0 5 0 0 0 5 0 1 1 0 0 2 0 3 0 2 0 1 1 0 0 6 0 4 0 2 0 6 0 2 0 2 1 0 0 2 0 1 1 0 0 3 0 6 0 4 0 5 0 5 0 5 1 0 0 1 0 3 0 0 0 3 0 3 0 6 0 1 0 3 1 0 0 2 1 0 1 0 0 4 1 0 0 2 0 5 0 1 0 0 0 6 0 0 0 5 0 4 1 0 0 3 0 2 0 0 0 2 0 2 0 3 0 2 0 6 0 5 0 1 0 4 0 0 0 1 0 0 0 1 0 5 0 0 0 1 0 0 0 5 1 0 0 4 0 4 0 2 0 4 0 5 0 4 0 6 0 6 0 2 0 4 0 3 0 5 0 2 0 3 0 4 0 3 0 0 0 4 0 1 0 4 0 3 0 0 0 4 0 6 0 2 0 2 0 3 0 3 0 6 0 0 0 5 0 6 0 5 0 5 0 0 0 2 0 0 0 3 0 1 0 1 1 0 0 3 1 0 0 2 0 1 0 4 0 1 0 5 0 4 0 5 0 2 0 0 0 0 1 0 0 0 0 6 0 4 0 0 0 4 1 0 1 0 1 0 0 4 0 3 0 2
1 559 3 0 0 0 3 0 6 0 5 0 1 0 5 1 0 0 4 0 3 0 6 0 1 0 4 0 6 0 0 0 1 0 3 0 3 0 6 0 2 0 3 0 3 0 1 1 0 0 6 0 2 0 6 0 2 0 2 0 6 0 0 0 1 0 0 0 4 0 3 0 2 0 0 0 1 0 4 0 3 0 6 0 4 0 0 0 3 0 1 1 0 0 4 0 6 0 1 0 6 0 2 0 4 0 5 0 1 0 2 0 0 0 0 0 0 0 1 0 3 0 5 0 3 0 1 1 0 0 0 0 0 0 6 0 5 1 0 0 2 0 6 0 0 0 5 0 3 0 5 1 0 0 3 0 5 0 0 0 3 0 3 1 0 0 0 0 1 0 6 0 0 1 0 0 1 0 3 0 1 1 0 1 0 0 5 0 6 0 0 0 1 0 0 1 0 0 5 0 1 0 6 0 6 0 0 1 0 0 6 0 4 0 2 0 5 0 5 0 3 0 6 0 1 1 0 0 5 0 5 0 5 1 0 0 4 0 5 0 2 0 4 0 5 0 2 0 1 0 4 0 5 0 1 0 0 0 1 0 0 0 5 0 6 0 6 0 0 0 6 0 1 0 5 0 3 0 3 1 0 0 5 0 4 0 6 0 2 0 3 0 2 0 2 0 4 0 6 0 3 0 6 0 4 0 3 1 0 0 5 0 1 0 6 0 4 0 5 0 5 0 6 0 3 0 3 0 6 0 6 0 5 0 2 0 4 0 4 0 4 1 0 0 2 0 6 0 0 1 0 0 0 0 5 0 3 1 0 1 0 0 5 1 0 1 0 0 1 1 0 0 5 0 2 0 3 0 1 0 4 0 2 0 3 0 2 1 0 0 6 0 4 0 0 0 4 0 4 0 6 0 5 0 5 0 3 0 4 0 0 0 1 0 2 0 0 0 3 0 2 0 1 0 2 0 1 0 4 0 0 0 1 0 1 0 6 0 1 0 4 0 2 0 6 0 5 0 6 0 1 0 0 0 3 0 5 1 0 0 1 1 0 0 2 0 0 0 4 0 0 1 0 0 2 0 1 0 5 0 5 0 4 1 0 0 0 0 5 0 2 0 3 0 6 0 4 0 3 0 1 0 4 0 0 0 6 0 2 0 3 0 6 0 6 0 6 0 3 0 3 0 0 0 4 0 3 0 2 0 3 0 5 0 0 0 1 0 6 0 0 0 5 0 1 0 2 0 2 0 0 1 0 1 0 0 0 1 0 0 5
0 559 6 0 0 1 0 0 6 0 3 0 4 0 4 0 0 0 1 0 0 0 5 0 4 0 1 0 5 0 1 0 2 1 0 0 0 0 5 0 5 0 6 0 6 0 3 1 0 0 4 0 6 0 4 0 5 0 5 0 4 0 1 0 2 0 1 0 0 1 0 0 5 0 0 0 3 0 1 0 0 0 6 0 1 0 1 0 6 0 3 1 0 0 1 0 5 0 4 0 4 0 6 0 1 0 3 0 3 0 4 0 0 0 0 0 0 0 2 1 0 0 3 1 0 0 4 0 5 1 0 0 1 0 5 0 4 1 0 0 5 0 4 0 2 0 3 0 0 0 4 1 0 1 0 0 3 0 1 1 0 0 0 1 0 0 0 0 3 0 4 0 2 0 6 0 1 0 6 0 3 1 0 1 0 0 3 0 5 0 1 0 2 0 1 1 0 0 2 0 4 0 5 0 5 0 2 1 0 0 5 0 1 0 6 0 3 0 4 0 0 0 5 0 4 1 0 0 3 0 4 0 5 0 0 0 1 0 3 0 6 0 1 0 3 0 5 0 3 0 1 0 3 0 3 0 0 0 2 0 1 0 3 0 6 0 5 0 2 0 4 0 4 0 3 0 0 0 1 0 0 0 3 0 2 0 5 0 5 0 6 0 4 0 5 0 1 0 6 0 0 0 6 0 2 0 1 0 0 0 2 0 4 0 5 0 2 0 4 0 4 0 6 0 0 0 0 0 6 0 6 0 3 0 6 0 1 0 2 0 2 1 0 0 5 0 4 0 2 0 6 0 0 0 3 0 1 0 0 1 0 0 4 0 0 0 6 0 2 1 0 0 2 0 5 0 6 0 3 0 0 0 5 0 6 0 5 1 0 0 5 0 1 0 2 0 1 0 2 0 6 0 4 0 4 0 0 0 1 0 1 0 2 0 4 0 0 0 6 0 4 0 2 0 4 0 3 0 0 0 1 0 2 0 3 0 4 0 4 0 0 0 6 0 5 0 4 0 5 0 3 0 0 1 0 0 4 1 0 0 3 0 6 0 3 0 1 0 0 0 2 0 6 0 3 0 3 0 3 0 4 0 2 1 0 0 1 0 2 0 5 1 0 0 6 0 1 1 0 0 4 0 0 0 2 0 4 0 5 1 0 0 6 0 6 0 5 1 0 1 0 0 2 0 0 1 0 0 5 1 0 0 3 0 1 0 3 0 4 0 2 0 2 0 3 0 4 0 4 0 1 1 0 0 6 0 0 1 0 0 3
1 561 1 0 4 0 2 1 0 0 5 0 0 0 2 0 1 0 1 0 2 0 1 0 3 0 1 0 4 0 2 0 3 0 5 0 6 0 0 0 3 0 4 0 6 0 6 0 1 0 0 0 1 0 6 0 2 0 4 0 4 0 1 0 3 0 4 0 2 0 1 1 0 0 2 0 1 0 6 0 2 0 1 0 4 0 3 0 3 0 5 0 0 1 0 0 3 0 3 0 2 0 2 0 5 0 3 1 0 0 0 0 1 0 1 0 0 0 0 0 5 1 0 0 0 0 0 0 1 0 4 1 0 0 3 0 3 0 3 0 0 0 3 0 1 0 5 0 6 0 1 0 2 0 0 0 6 0 5 0 3 0 6 0 0 0 5 1 0 1 0 0 1 0 6 0 4 0 4 0 5 0 1 0 0 0 6 0 6 0 2 0 3 0 4 0 3 0 6 0 4 0 1 0 4 0 3 1 0 0 0 0 2 0 4 0 5 0 0 0 1 0 2 0 3 0 2 1 0 1 0 0 2 0 3 0 1 0 2 1 0 0 5 0 3 1 0 0 3 1 0 0 3 0 6 0 6 0 0 0 4 0 2 1 0 0 6 0 3 0 6 0 1 0 1 1 0 0 1 0 2 0 0 0 6 0 5 0 3 0 4 0 6 0 2 0 3 0 4 0 4 0 2 0 4 0 5 0 2 0 0 0 5 0 1 0 3 0 6 0 1 0 2 0 5 0 1 0 1 0 5 0 6 0 0 0 5 0 3 0 4 0 5 1 0 0 3 0 1 0 6 0 4 0 1 0 6 0 2 0 1 1 0 0 0 0 2 0 4 0 6 0 6 0 4 0 3 0 5 1 0 0 2 0 3 0 6 0 5 0 0 0 2 0 3 0 4 0 2 0 5 0 5 0 2 0 1 0 1 0 2 0 2 0 5 0 0 0 2 0 5 0 1 0 6 0 0 1 0 0 1 0 2 0 4 1 0 0 2 0 1 0 2 0 5 0 4 0 2 0 3 1 0 0 2 1 0 0 1 1 0 1 0 0 5 1 0 0 3 0 0 0 5 0 5 0 0 0 0 0 0 0 1 0 6 0 6 0 1 0 5 0 4 0 0 0 4 0 4 1 0 0 0 0 1 0 5 0 1 0 5 0 0 0 5 0 6 0 5 0 0 0 6 0 3 0 1 1 0 0 3 1 0 0 6 0 2 1 0 0 1 0 5 0 4 1 0 0 2 0 1 0 4 1 0 0 4 0 2 0 6 0 5
1 561 3 0 0 1 0 0 0 0 2 0 1 0 4 0 2 0 2 0 4 0 2 0 6 0 3 0 0 0 5 1 0 0 4 0 5 0 1 1 0 0 2 0 6 0 5 0 3 0 0 0 3 0 4 0 6 0 1 0 1 0 3 1 0 0 1 0 5 0 3 0 6 0 3 0 3 0 4 0 5 0 3 0 1 0 0 0 0 0 3 0 2 0 6 0 5 0 6 0 4 0 5 0 3 0 0 1 0 0 0 0 2 0 2 0 0 0 1 0 3 1 0 0 0 0 0 0 3 0 1 1 0 0 6 0 6 0 6 0 0 0 6 0 3 0 3 0 5 0 3 0 4 0 1 0 5 0 4 0 0 0 5 0 2 0 4 0 0 0 6 0 2 0 5 0 2 0 2 0 3 0 3 0 1 0 5 0 5 0 5 1 0 0 2 0 0 0 6 0 1 0 4 0 1 0 0 1 0 0 0 0 5 0 1 0 3 0 1 0 2 0 4 0 6 0 5 1 0 0 6 0 3 0 6 0 2 0 5 1 0 0 3 0 0 1 0 1 0 1 0 1 0 0 6 0 5 0 2 0 0 1 0 0 0 0 5 0 0 0 5 0 3 0 3 0 6 0 1 0 4 0 1 0 5 0 4 0 0 0 2 0 5 0 5 1 0 0 2 0 1 0 6 0 1 0 3 0 5 0 1 0 2 0 3 1 0 0 5 0 3 0 5 0 2 0 3 0 3 0 3 0 5 0 2 0 3 0 0 0 2 0 4 1 0 0 6 0 3 0 5 0 1 0 4 0 4 0 5 0 3 0 5 1 0 0 5 0 1 0 6 0 6 0 2 0 0 0 4 1 0 0 4 1 0 0 6 0 3 0 1 0 4 1 0 0 1 0 6 0 3 0 3 0 5 0 2 0 2 0 4 0 5 0 2 0 1 0 5 0 2 0 4 0 4 0 2 0 6 0 1 0 5 0 1 1 0 0 4 0 2 0 5 0 3 0 1 0 5 1 0 1 0 0 5 0 6 0 2 1 0 1 0 0 3 1 0 0 6 0 1 0 3 0 3 0 1 0 0 0 0 0 3 0 5 0 5 0 4 0 3 0 1 0 2 0 1 0 2 1 0 0 0 0 3 0 2 0 4 0 2 0 2 0 3 0 6 0 3 0 2 0 4 1 0 0 4 1 0 0 0 0 0 0 4 0 6 0 6 0 2 0 3 0 2 1 0 0 4 0 3 0 2 0 0 0 0 0 6 0 5 0 4
0 561 6 0 1 0 5 1 0 0 4 0 3 0 0 0 5 0 5 0 0 0 6 0 4 1 0 0 2 0 4 0 0 0 1 0 3 0 4 0 6 0 4 0 5 0 3 1 0 0 1 1 0 0 2 0 5 0 3 0 2 1 0 1 0 0 3 0 3 0 0 0 6 0 0 0 0 0 2 0 3 1 0 0 3 0 0 0 0 0 6 0 5 0 5 0 4 0 6 0 2 0 3 1 0 0 2 0 5 1 0 0 4 0 4 0 0 0 2 1 0 1 0 0 0 0 0 0 6 0 3 1 0 0 5 0 6 0 5 0 2 0 5 0 0 0 0 0 4 0 0 0 1 0 4 0 3 0 1 0 2 0 2 0 6 0 0 0 2 0 4 0 6 0 2 0 5 0 4 0 6 0 6 0 3 0 3 0 4 0 4 1 0 0 4 0 1 0 4 0 4 0 0 0 3 0 1 0 6 0 0 0 2 0 3 0 6 0 2 0 5 0 1 0 6 0 5 0 0 0 5 0 0 0 5 0 6 0 3 1 0 0 6 0 1 1 0 1 0 1 0 1 0 0 5 0 3 0 5 0 1 0 6 0 0 0 2 0 2 0 3 0 0 0 0 0 5 0 4 0 0 0 4 0 3 0 1 0 1 0 5 0 3 0 4 1 0 0 4 0 3 0 4 0 3 1 0 0 3 0 3 0 5 0 0 0 0 0 3 0 0 0 3 0 5 1 0 0 0 0 0 0 3 0 5 0 6 0 0 0 5 0 2 0 0 0 5 0 0 0 3 0 4 0 1 0 2 0 4 0 0 0 5 0 0 0 2 0 4 0 5 0 5 0 5 0 1 0 2 0 0 0 2 0 0 0 4 1 0 0 4 0 1 1 0 0 3 0 5 0 0 0 0 0 3 0 5 0 5 0 1 0 3 0 5 0 3 0 2 0 6 0 1 0 1 0 6 0 4 0 4 0 2 0 4 1 0 0 0 0 6 0 2 1 0 0 4 0 4 0 0 1 0 0 3 0 5 1 0 0 0 1 0 0 0 0 0 0 4 0 3 0 6 0 6 0 2 0 0 0 0 1 0 0 4 0 4 0 1 1 0 0 3 0 4 0 2 0 5 0 5 1 0 0 6 0 5 0 0 0 5 0 4 1 0 0 5 1 0 0 6 0 2 0 0 0 1 1 0 0 0 0 1 0 1 0 6 0 5 0 5 0 6 0 5 1 0 0 0 1 0 0 5 0 0 0 1 0 5 0 4 0 2
1 563 1 0 4 0 4 0 4 0 0 0 0 1 0 0 2 0 3 0 3 0 2 0 5 0 2 1 0 0 5 0 0 0 1 0 2 1 0 0 2 0 6 0 2 0 4 0 0 1 0 0 3 0 6 0 4 0 2 1 0 1 0 0 0 0 6 0 5 0 6 0 1 0 4 0 1 0 0 0 4 1 0 1 0 0 6 0 0 0 1 0 5 0 4 0 4 0 2 0 5 0 5 1 0 1 0 0 5 0 4 0 0 0 1 0 1 0 1 0 5 1 0 0 5 1 0 0 1 0 5 0 1 0 0 0 3 0 6 0 3 0 6 0 2 0 1 0 1 0 0 0 1 0 3 0 0 1 0 0 3 0 4 0 5 0 4 0 1 0 5 0 1 0 5 0 6 0 3 0 2 0 6 0 6 0 0 0 0 0 2 0 3 0 0 0 0 0 4 0 1 0 1 0 1 0 6 0 3 0 4 0 1 0 4 1 0 0 5 0 6 0 2 0 4 0 5 0 3 0 2 0 2 0 2 0 3 0 6 0 1 0 0 0 4 0 4 1 0 1 0 1 0 1 0 0 3 0 0 0 3 0 4 0 4 0 1 0 4 0 4 0 6 0 0 0 1 0 3 0 1 0 2 0 0 1 0 0 3 0 3 0 3 0 0 0 3 0 0 0 1 0 0 0 2 0 0 1 0 1 0 0 0 0 3 0 1 0 0 0 6 0 0 1 0 0 4 1 0 0 0 0 0 1 0 0 4 0 5 0 2 0 2 0 5 0 1 0 2 0 1 1 0 0 1 0 3 0 5 0 0 0 2 0 2 0 1 0 5 0 1 0 4 0 4 0 3 0 3 0 4 0 0 0 4 0 1 0 2 0 0 0 0 0 4 0 6 0 6 0 2 0 1 0 0 1 0 0 4 0 3 0 3 1 0 0 3 1 0 0 6 0 4 0 3 0 3 0 5 0 2 0 1 0 6 0 1 1 0 0 1 0 4 1 0 0 0 0 1 0 1 0 2 0 6 0 6 0 3 1 0 0 1 0 5 1 0 0 1 0 1 0 0 0 6 0 5 0 5 0 0 0 1 1 0 0 1 0 1 0 4 0 6 0 6 0 0 0 6 0 3 0 5 0 0 0 5 0 3 0 2 0 3 0 3 0 0 0 4 0 0 0 4 0 5 0 0 0 3 0 5 1 0 0 2 0 3 0 5 0 4 0 4 0 6 0 4 1 0 0 1 1 0 0 2 0 1 0 3 0 3 0 1 0 5
1 563 3 0 1 0 2 0 1 0 1 0 1 0 6 0 3 0 6 0 6 0 5 0 2 1 0 0 0 0 2 0 1 0 2 0 5 0 6 0 4 0 4 0 6 0 0 0 2 0 6 0 6 0 5 0 1 1 0 0 0 0 6 0 0 0 5 0 4 0 5 0 4 0 0 0 3 0 1 0 2 0 0 1 0 0 4 0 1 0 3 0 3 0 2 0 1 0 6 0 3 0 5 0 0 1 0 0 3 0 1 0 1 0 2 0 2 0 3 0 4 0 0 0 3 1 0 0 3 0 2 0 3 0 0 1 0 0 6 0 0 0 5 0 5 0 2 0 2 0 0 0 2 0 6 0 1 0 6 0 6 0 1 0 4 0 1 0 4 0 2 0 4 0 3 0 5 1 0 0 6 0 5 0 5 0 1 0 0 0 4 0 6 0 0 0 1 0 0 0 3 0 2 0 3 0 5 0 0 0 1 0 4 0 2 0 0 0 3 0 5 0 6 0 1 0 3 1 0 0 5 0 4 0 4 1 0 0 5 0 3 0 1 0 1 0 3 0 0 1 0 1 0 0 6 0 5 0 0 1 0 0 2 0 1 0 4 0 1 0 2 0 5 0 1 0 2 0 6 0 2 0 4 0 1 0 6 0 5 0 6 0 6 0 0 0 6 0 0 0 2 0 0 0 4 0 1 1 0 0 5 1 0 0 6 0 2 0 1 0 4 0 2 1 0 0 1 1 0 0 0 0 1 1 0 0 1 0 3 0 5 0 5 0 2 0 3 0 4 0 3 0 6 0 1 1 0 0 3 0 1 0 4 0 4 0 3 0 2 0 4 0 1 0 2 0 0 0 0 0 1 0 2 0 0 0 3 0 4 0 0 0 1 0 1 0 6 0 5 0 5 0 2 0 1 1 0 0 1 0 0 0 1 0 0 0 0 0 0 0 5 0 2 0 0 0 0 0 3 0 5 0 3 0 4 0 4 0 6 0 2 0 1 1 0 0 0 0 2 0 2 0 5 0 5 0 6 0 0 1 0 0 3 0 3 1 0 0 2 0 2 0 1 0 5 0 4 0 3 0 1 0 3 0 6 0 1 0 3 0 1 0 6 0 5 0 2 0 5 0 0 0 3 0 2 0 2 1 0 0 5 0 6 0 6 0 1 0 0 0 2 0 1 0 3 0 1 1 0 0 4 1 0 0 4 1 0 0 4 0 2 0 2 0 6 0 2 1 0 0 3 0 6 0 3 0 2 0 6 0 6 0 3 0 3
0 563 6 0 2 0 4 0 2 0 2 0 3 0 5 0 0 0 6 0 6 0 3 0 6 0 5 1 0 0 4 0 2 0 5 0 3 0 6 0 2 0 2 0 5 0 1 0 5 0 5 0 6 0 3 0 4 0 6 0 0 0 4 0 2 0 3 0 2 0 4 0 1 0 1 0 6 0 2 0 4 0 1 1 0 0 0 0 3 0 6 0 6 0 4 0 3 0 5 0 0 0 3 0 2 0 6 0 5 0 2 0 2 0 4 0 4 1 0 0 1 0 1 1 0 1 0 0 6 0 4 0 6 0 1 1 0 0 4 0 2 0 3 0 3 0 5 0 4 0 0 0 5 0 4 0 4 0 5 0 5 0 4 0 0 0 4 0 0 0 6 0 1 0 0 0 5 0 0 0 5 0 4 0 3 0 3 0 1 0 1 0 5 0 1 0 2 0 0 0 6 0 4 1 0 0 3 0 1 0 3 0 0 0 5 0 0 1 0 0 4 0 5 0 4 0 0 0 0 0 3 0 2 0 3 0 0 0 2 1 0 0 3 0 2 0 6 0 1 1 0 1 0 0 5 0 3 0 2 0 6 0 3 0 3 0 0 0 3 0 5 0 2 0 3 0 5 0 4 0 6 0 0 0 4 0 5 0 4 0 6 0 5 0 2 0 4 0 1 0 4 0 1 0 0 0 4 1 0 0 4 0 0 0 4 0 5 0 3 0 0 0 6 0 6 0 2 0 5 1 0 0 3 0 6 0 1 1 0 0 4 0 3 0 5 1 0 0 2 0 0 0 5 0 4 0 6 0 5 0 3 0 1 0 1 1 0 0 6 0 0 0 3 0 4 0 0 0 0 0 2 0 4 0 0 1 0 0 1 0 1 0 2 0 3 0 5 0 4 0 3 0 5 0 3 0 6 0 1 0 0 0 2 0 0 0 0 0 1 0 2 0 5 0 0 0 0 1 0 0 4 0 0 0 2 0 2 0 5 0 5 0 3 0 5 1 0 0 4 0 5 0 3 0 4 0 5 0 2 0 6 0 5 1 0 1 0 0 4 0 4 0 3 0 3 0 1 1 0 0 3 1 0 0 5 0 3 0 6 0 3 0 5 0 3 0 6 0 2 0 1 0 6 0 4 0 5 1 0 0 3 0 6 0 5 0 3 0 0 0 4 0 2 0 6 0 3 1 0 0 2 0 0 0 2 0 0 0 0 0 5 0 5 0 4 0 6 0 6 0 6 0 4 1 0 0 6 0 5 0 6 0 0 0 0
0 565 1 0 4 0 6 0 0 0 5 0 4 1 0 0 3 0 2 0 5 0 6 0 0 0 6 0 5 0 0 0 0 0 6 0 3 0 0 0 5 0 5 0 5 0 2 0 4 0 3 0 4 0 6 0 0 0 2 0 5 0 2 0 0 0 5 0 6 0 5 0 0 0 3 0 3 0 4 0 6 0 0 0 4 0 5 1 0 1 0 0 6 0 6 0 2 0 0 0 3 0 1 0 6 0 5 0 5 0 3 0 5 0 5 0 1 0 2 1 0 0 2 0 3 1 0 1 0 0 5 0 2 0 5 0 4 1 0 0 0 0 5 1 0 0 0 0 4 0 1 0 2 0 3 0 2 0 2 0 4 0 4 0 1 0 2 0 0 0 2 0 4 0 3 0 1 0 2 0 2 0 3 0 1 1 0 1 0 0 3 0 3 0 2 0 3 0 4 0 1 0 5 0 2 1 0 0 6 0 2 0 6 0 1 0 2 0 2 1 0 0 1 0 4 0 1 0 1 0 0 0 6 0 4 0 6 0 0 0 5 0 6 0 5 0 5 0 4 0 4 1 0 1 0 0 2 1 0 0 6 0 4 1 0 1 0 0 1 1 0 0 3 0 5 1 0 0 4 0 2 0 5 0 2 0 1 0 4 0 2 0 6 0 3 0 6 0 0 0 4 0 0 0 3 0 1 0 2 0 0 0 0 0 2 0 1 0 3 1 0 0 2 0 5 0 5 0 6 0 3 1 0 1 0 0 5 0 4 1 0 0 1 0 0 0 4 1 0 0 4 0 1 0 3 0 2 0 6 0 3 1 0 0 3 0 3 1 0 0 4 0 1 1 0 0 1 0 1 0 0 0 5 0 0 0 2 0 6 0 1 0 2 0 4 1 0 0 4 0 2 0 0 0 4 0 0 0 5 0 3 0 0 0 4 0 0 0 0 0 2 0 5 0 2 0 1 0 1 1 0 0 0 0 1 0 4 0 5 0 3 0 4 0 0 0 5 0 0 0 1 0 4 0 0 0 2 0 3 0 6 0 5 0 5 0 0 1 0 0 1 0 1 1 0 1 0 0 4 1 0 0 0 0 0 0 3 0 0 0 6 0 0 0 4 0 0 0 5 0 5 0 3 0 5 0 2 0 4 1 0 1 0 0 6 0 3 1 0 0 2 0 0 0 6 0 5 0 0 1 0 0 4 0 0 0 4 0 0 0 1 0 3 0 4 0 2 0 6 0 6 0 6 0 3 0 0 0 5 0 4 0 5 0 1 0 0
0 565 3 0 1 0 5 0 2 0 3 0 2 1 0 0 6 0 5 0 3 0 5 0 2 0 5 0 3 0 1 0 1 0 4 1 0 0 2 0 3 0 4 0 3 0 6 0 1 0 0 0 2 0 5 0 1 0 5 0 2 0 5 0 1 0 3 0 6 0 3 0 1 1 0 0 0 0 2 0 5 0 2 0 1 0 5 0 0 1 0 0 5 0 5 0 5 0 0 0 6 0 3 0 5 0 4 0 4 0 0 0 4 0 3 0 3 0 5 0 6 0 4 0 0 0 0 1 0 0 2 0 6 0 3 0 2 1 0 0 1 0 3 1 0 0 1 0 0 0 3 0 4 0 6 0 4 0 5 0 1 0 1 0 3 0 4 0 0 0 5 0 0 1 0 0 3 0 4 0 4 0 6 0 3 1 0 0 6 0 5 0 6 0 4 1 0 0 1 0 4 0 2 1 0 0 0 0 4 0 6 0 4 0 3 0 4 0 5 0 6 0 2 0 0 0 3 0 2 0 1 0 5 0 2 0 5 0 2 0 3 0 6 0 4 0 4 0 2 0 3 0 0 0 6 0 4 1 0 0 5 0 3 0 0 0 6 0 2 0 6 0 6 0 4 0 0 0 0 0 6 0 2 0 5 0 3 0 0 0 6 0 5 0 0 0 5 0 2 0 0 0 1 0 6 0 2 0 4 0 0 0 0 0 4 0 2 1 0 1 0 0 5 0 3 0 4 0 6 0 1 0 0 1 0 0 3 0 2 1 0 0 2 0 1 0 2 0 0 0 0 0 3 0 6 0 5 0 5 0 0 1 0 1 0 0 1 0 0 0 0 0 4 0 6 0 1 0 2 0 1 0 2 0 1 0 5 0 4 0 3 0 5 0 2 0 0 0 0 0 5 0 1 0 0 0 2 0 2 1 0 0 2 0 0 0 1 0 0 0 5 0 2 0 5 0 2 0 3 0 5 1 0 0 3 0 1 0 4 0 0 0 1 0 2 0 2 0 1 0 3 0 0 0 1 0 4 1 0 0 6 0 4 0 3 0 2 0 6 0 1 0 3 1 0 1 0 0 1 1 0 0 0 0 0 0 6 0 1 0 4 0 2 0 0 0 2 0 3 0 4 0 0 0 3 0 6 0 2 0 0 1 0 0 5 0 0 1 0 0 4 0 1 0 5 0 3 0 2 1 0 0 0 0 2 0 0 0 1 0 2 1 0 0 1 0 6 0 5 0 6 0 5 1 0 0 2 0 3 0 2 0 3 0 3 0 0
0 565 6 0 3 0 2 0 5 0 6 0 5 1 0 0 5 0 4 0 0 0 3 0 6 0 2 1 0 0 3 0 3 0 1 1 0 0 4 1 0 0 2 0 0 0 5 0 3 0 0 0 5 0 2 0 4 0 2 0 6 0 2 0 3 1 0 0 5 1 0 0 4 0 5 1 0 0 5 0 2 0 5 0 3 0 2 0 2 1 0 0 3 0 4 0 3 0 2 0 5 0 0 0 4 0 2 0 1 0 2 0 1 0 0 0 0 0 4 0 6 0 1 0 1 0 1 0 6 0 4 0 4 1 0 0 6 0 6 0 1 1 0 1 0 0 2 0 0 1 0 0 2 0 6 0 2 0 3 0 3 0 2 1 0 0 1 0 2 0 2 0 2 0 6 0 6 0 1 0 2 0 6 0 1 0 0 0 5 0 4 0 6 0 2 1 0 0 3 0 0 0 6 0 6 0 0 0 1 0 6 0 2 0 0 0 2 0 4 0 5 0 5 0 0 0 6 0 4 0 3 0 2 0 6 0 2 0 5 1 0 0 6 0 2 0 1 0 5 0 6 0 1 0 5 0 3 0 0 0 2 1 0 0 2 0 4 0 6 0 5 0 6 0 1 0 1 0 1 0 4 0 6 0 2 1 0 0 2 0 5 0 3 0 2 0 2 0 5 0 0 0 3 0 4 0 6 0 0 0 1 0 1 0 0 1 0 0 0 1 0 0 3 0 0 0 2 0 5 0 3 0 1 0 6 0 5 0 5 0 6 0 3 0 2 0 4 0 0 0 0 1 0 0 6 0 4 0 3 0 2 1 0 0 6 0 1 0 0 0 1 0 1 0 5 0 3 0 4 0 2 0 4 0 3 0 3 0 2 0 0 0 3 0 5 0 0 0 1 0 2 0 3 0 0 0 4 0 5 0 6 0 3 0 0 0 2 0 1 0 2 0 6 0 2 0 5 1 0 0 4 1 0 0 6 0 3 0 0 0 1 0 2 0 4 0 4 0 2 0 6 0 0 0 3 0 2 0 0 0 5 0 1 1 0 0 6 0 4 0 4 0 0 0 0 0 6 0 2 0 5 1 0 0 1 0 4 0 4 0 0 0 5 0 0 0 4 1 0 0 1 0 1 1 0 0 5 0 5 0 1 1 0 0 2 0 2 1 0 0 0 0 4 0 2 1 0 0 6 0 5 1 0 0 4 0 0 0 2 0 5 0 6 0 2 0 5 0 4 0 6 0 4 1 0 0 4 0 6 0 4 0 6 0 6 0 0
0 567 1 0 4 1 0 0 6 0 3 0 6 0 5 0 0 0 3 0 1 0 1 1 0 0 5 0 6 0 6 0 5 0 6 0 3 1 0 0 1 1 0 0 4 0 1 0 2 1 0 0 2 0 2 0 6 0 0 0 6 0 4 0 6 0 0 0 0 0 4 0 0 0 1 0 5 0 0 0 2 0 6 0 2 1 0 0 5 0 5 0 6 0 6 0 0 1 0 0 6 0 2 0 2 0 0 0 5 0 2 0 4 0 2 0 0 0 1 0 1 0 5 0 3 0 2 0 3 0 5 0 2 0 3 0 0 0 5 0 5 0 4 1 0 0 6 0 3 0 1 0 6 0 4 0 4 0 5 0 6 0 6 0 5 0 6 0 1 0 4 0 4 0 5 0 5 0 5 0 3 0 5 0 4 0 3 0 1 0 3 0 2 0 5 0 6 0 6 0 5 0 1 0 5 0 5 0 1 0 3 0 4 0 5 0 0 0 5 0 1 0 4 0 3 0 2 0 5 0 1 1 0 0 6 0 4 0 6 0 4 0 0 0 4 0 5 0 3 0 3 0 5 0 4 0 2 1 0 0 1 0 5 0 6 0 4 0 1 0 6 0 4 0 5 0 3 0 2 0 3 0 1 0 5 0 6 0 6 0 4 0 2 1 0 0 5 0 5 0 2 0 1 1 0 0 2 0 5 0 1 0 2 0 2 0 1 0 6 0 0 0 6 0 5 0 0 0 5 0 2 1 0 0 4 0 5 0 4 0 4 0 5 1 0 0 6 0 0 0 1 0 1 1 0 0 5 0 1 1 0 1 0 0 0 0 4 0 3 0 0 0 2 0 3 0 3 0 0 0 1 0 6 0 0 1 0 1 0 0 5 0 0 1 0 0 3 0 1 0 2 0 4 0 6 0 1 0 1 0 4 0 5 1 0 0 1 0 4 0 2 0 5 0 4 0 6 0 4 0 0 0 2 0 0 0 4 1 0 0 1 0 2 0 5 0 1 0 1 0 6 0 4 0 1 0 6 0 4 0 1 0 2 0 4 1 0 0 5 0 2 0 1 0 1 0 1 0 4 0 6 0 3 1 0 0 3 0 1 0 1 0 2 0 2 0 2 0 1 1 0 0 2 0 3 1 0 0 3 0 3 0 4 0 6 0 3 0 5 0 6 0 0 0 0 1 0 0 0 0 5 0 5 0 0 0 0 0 1 0 5 0 3 0 5 0 6 0 3 0 2 0 6 0 3 0 0 0 1 0 6 0 2 0 6 0 5 0 1
1 567 3 0 2 0 0 0 5 0 0 0 6 0 3 0 1 0 6 0 2 0 3 1 0 0 3 0 6 0 6 0 4 0 6 0 0 1 0 0 3 1 0 0 0 0 3 0 5 0 6 0 3 0 5 0 4 0 2 0 5 0 2 0 5 0 1 0 1 0 0 0 1 0 3 0 2 0 1 0 5 0 4 1 0 0 0 0 3 0 4 0 6 0 5 0 2 1 0 0 4 0 5 0 4 0 1 0 2 0 6 0 0 0 5 0 0 0 2 0 3 0 2 1 0 0 5 1 0 0 3 0 5 0 6 0 1 0 3 0 4 0 3 0 0 0 4 1 0 0 4 0 5 0 2 0 2 0 4 0 6 0 6 0 4 0 5 0 4 0 1 0 2 0 4 0 4 0 4 0 0 0 4 0 1 1 0 0 3 0 6 0 5 0 3 0 6 0 6 0 3 0 4 0 3 0 3 0 3 1 0 0 2 0 3 0 2 0 2 0 4 0 0 1 0 0 6 0 2 0 4 1 0 0 5 0 2 0 6 0 1 0 2 0 1 0 4 0 0 0 0 0 4 0 1 0 6 0 6 0 2 0 3 0 6 0 1 0 4 0 5 0 2 0 3 1 0 0 5 0 6 0 3 0 3 0 6 0 6 0 1 1 0 0 0 0 3 0 3 0 5 0 3 0 6 0 4 0 2 0 3 0 4 0 4 0 3 0 4 0 2 0 5 0 3 0 2 0 2 1 0 0 0 0 1 0 4 0 2 0 2 0 5 0 0 0 4 0 1 0 2 0 3 1 0 0 2 0 4 1 0 0 6 0 0 0 0 1 0 0 1 0 4 0 6 0 6 0 0 0 3 0 4 0 2 1 0 1 0 0 2 0 2 0 6 0 5 0 2 0 5 0 1 0 5 0 3 0 3 0 1 0 4 1 0 0 3 0 0 0 6 0 3 0 2 0 6 0 1 0 1 0 4 0 1 0 1 1 0 0 2 0 5 0 2 0 3 0 3 0 5 0 1 0 4 0 5 0 1 0 3 0 5 0 2 0 0 0 2 0 5 0 2 0 2 0 3 0 1 0 6 0 0 1 0 0 6 0 2 0 2 0 4 0 4 0 4 0 3 0 6 0 3 1 0 1 0 1 0 0 0 0 2 0 6 0 0 0 4 0 5 0 1 0 1 0 6 0 0 0 3 0 3 0 1 0 0 0 3 0 3 0 0 0 4 0 5 1 0 0 6 0 4 1 0 0 1 0 3 0 4 0 6 0 5 0 3 0 3
0 567 6 0 4 0 1 0 2 0 2 0 4 1 0 0 4 0 4 0 5 1 0 1 0 1 0 0 6 0 6 0 2 0 5 0 2 0 6 0 6 0 5 1 0 1 0 0 4 0 6 0 0 0 4 0 1 0 6 0 2 0 6 0 2 0 3 0 2 0 0 0 2 0 6 0 4 0 3 0 3 0 2 1 0 0 0 1 0 0 2 0 6 0 3 1 0 0 0 0 1 0 4 0 1 0 3 0 5 0 4 0 2 0 2 0 1 0 4 0 6 0 5 1 0 0 3 1 0 1 0 0 4 0 5 0 3 1 0 0 1 1 0 0 2 0 2 0 0 0 1 0 3 0 5 0 5 0 1 0 6 0 6 0 2 0 4 0 1 0 3 0 5 0 1 0 2 0 1 0 2 0 0 0 4 0 6 0 6 0 5 0 4 0 0 0 6 0 6 0 0 0 2 0 0 0 0 0 0 1 0 0 4 0 6 0 4 0 5 0 0 0 2 1 0 0 4 0 6 0 2 0 0 0 2 0 6 0 4 0 3 0 4 0 3 0 0 0 1 0 1 0 0 0 4 0 5 0 5 0 5 1 0 0 5 0 4 0 1 0 3 0 6 0 0 0 0 0 3 0 6 0 0 0 0 0 6 0 5 0 4 0 5 1 0 1 0 0 0 0 4 0 0 0 6 0 1 0 5 1 0 0 2 0 2 0 0 0 1 0 6 0 2 1 0 0 5 0 5 0 5 1 0 0 3 0 0 0 5 0 5 0 2 0 2 0 0 0 3 0 4 1 0 1 0 0 5 0 2 0 0 0 4 0 1 0 1 0 6 0 2 0 1 0 6 0 5 0 1 1 0 0 1 1 0 0 0 0 6 0 3 0 5 0 5 0 3 0 6 0 2 0 4 0 2 1 0 1 0 0 4 0 1 1 0 0 6 0 1 0 4 1 0 0 6 0 4 0 3 0 3 0 0 0 3 0 3 0 6 0 4 0 2 0 5 1 0 0 0 0 3 0 4 0 1 0 3 0 3 1 0 0 3 0 5 0 0 0 5 0 2 0 5 0 4 0 6 0 3 0 4 0 2 1 0 0 4 0 5 0 5 0 1 0 2 0 2 0 0 0 6 0 1 0 0 1 0 0 5 1 0 0 5 0 4 0 2 0 1 0 3 0 3 0 3 0 4 0 1 0 6 0 6 0 2 0 0 0 6 0 6 0 1 0 1 0 5 0 0 0 5 0 2 1 0 0 2 1 0 0 2 0 6 0 4 0 0 0 0
0 569 1 0 5 0 1 0 3 0 4 0 5 0 2 0 0 0 1 0 2 0 5 0 0 1 0 1 0 0 5 0 5 0 6 0 2 0 6 0 5 0 6 0 5 0 0 1 0 0 1 0 5 0 2 0 0 0 4 0 4 0 6 0 4 0 5 0 6 0 4 0 0 0 5 0 5 0 1 1 0 1 0 0 6 0 6 0 0 0 6 0 4 0 5 0 0 1 0 0 0 0 3 0 0 0 3 1 0 0 4 0 1 0 5 0 4 0 3 0 1 0 6 0 5 0 0 0 0 0 0 1 0 0 1 0 4 0 0 1 0 0 3 0 6 0 3 0 4 0 0 0 2 1 0 0 4 0 3 0 4 0 5 0 5 0 6 0 0 0 3 1 0 0 3 0 3 0 4 0 2 0 4 0 1 0 1 0 6 0 6 0 4 0 1 0 2 0 5 0 5 0 1 0 4 0 0 0 0 0 1 1 0 0 1 0 6 0 2 0 3 0 1 0 5 1 0 0 1 0 5 0 5 0 0 0 5 0 5 0 2 0 0 0 1 1 0 0 1 0 2 0 2 0 1 0 1 0 4 0 4 0 5 0 0 0 3 0 1 0 3 1 0 0 5 0 1 0 0 1 0 0 5 0 1 0 1 0 5 0 4 0 2 0 5 0 0 0 6 0 0 0 0 0 2 0 4 0 4 0 3 1 0 0 4 0 4 0 0 0 3 0 4 1 0 0 0 0 3 0 4 0 4 1 0 0 6 0 1 0 3 0 3 0 5 0 4 0 0 1 0 0 3 0 0 1 0 0 2 0 5 0 1 0 0 0 3 0 3 0 4 0 5 0 3 0 5 0 3 0 4 0 6 0 2 0 6 0 0 0 5 0 0 0 4 0 4 0 0 0 5 0 6 0 0 1 0 0 0 1 0 0 0 0 4 1 0 0 4 0 4 0 2 0 0 0 5 0 1 1 0 1 0 0 1 1 0 0 0 0 6 0 1 0 6 0 3 1 0 0 0 1 0 0 1 0 3 1 0 0 0 1 0 1 0 0 3 0 2 0 2 0 6 0 3 0 2 0 6 0 0 0 1 1 0 0 0 0 1 0 4 0 3 0 3 0 4 0 4 0 1 0 4 0 3 0 1 1 0 0 4 0 0 0 3 0 1 0 5 0 2 1 0 0 0 0 0 0 1 0 4 0 5 0 5 0 5 0 1 0 5 0 5 0 3 0 3 0 2 0 2 0 2 0 6 0 6 0 4 0 6 0 4 0 5 0 1 0 1 0 0
0 569 3 0 2 0 3 1 0 0 2 0 3 0 5 0 0 0 2 0 5 0 2 0 2 1 0 1 0 0 3 0 4 0 5 0 6 0 5 0 4 0 6 0 3 0 2 0 6 0 2 0 2 0 5 0 1 0 1 0 2 0 6 0 2 0 4 0 6 0 1 0 2 0 3 0 3 0 4 1 0 1 0 0 5 0 5 0 2 0 5 0 2 0 3 0 2 0 5 1 0 0 6 0 1 0 0 0 0 0 0 0 4 0 3 0 1 1 0 0 4 0 5 0 3 0 1 0 0 0 1 0 6 0 2 0 0 0 2 0 6 0 6 0 5 0 0 0 1 0 1 0 5 1 0 0 1 0 0 0 2 0 4 0 4 0 5 0 1 1 0 1 0 1 0 0 0 0 1 0 6 0 0 0 3 0 3 0 5 0 6 0 1 0 3 0 5 0 3 0 3 0 4 0 0 0 1 0 0 0 3 0 6 0 2 0 4 0 5 0 6 0 3 0 3 1 0 0 3 0 3 0 3 0 2 0 3 0 3 0 5 0 0 0 3 0 6 0 1 0 4 0 4 0 2 0 3 0 1 0 2 0 3 0 1 0 6 0 3 0 0 0 0 0 2 0 3 0 1 1 0 0 2 0 3 0 3 0 3 0 1 0 6 0 2 0 2 0 4 0 1 0 0 0 5 0 1 0 2 0 1 0 0 0 1 0 1 0 1 1 0 0 2 1 0 0 0 1 0 0 2 0 3 0 0 0 4 0 3 1 0 0 0 0 4 0 1 0 2 0 6 0 5 0 1 0 6 0 4 0 2 0 3 0 0 1 0 0 0 0 2 0 4 0 0 0 4 0 0 0 2 0 5 0 6 0 4 0 2 0 2 0 2 0 1 0 1 0 2 0 3 0 5 0 2 0 6 0 0 0 6 0 0 0 2 0 0 0 1 0 1 0 5 0 1 0 2 0 4 1 0 0 6 0 2 0 6 0 0 0 4 0 4 0 5 0 0 1 0 0 1 0 6 0 1 1 0 1 0 0 1 1 0 0 6 0 5 0 4 0 5 0 4 1 0 0 6 0 4 0 1 0 3 0 5 1 0 0 3 0 1 0 0 0 0 0 2 0 1 0 4 0 0 1 0 0 4 1 0 0 0 0 1 0 6 0 3 0 2 0 6 0 5 1 0 0 0 0 3 0 1 0 4 0 4 0 3 0 4 0 3 0 3 1 0 1 0 0 5 0 4 0 5 0 5 0 6 0 2 0 6 0 2 0 3 0 3 0 2 0 0
0 569 6 0 4 1 0 1 0 0 4 1 0 0 3 0 1 0 5 0 2 0 5 0 5 1 0 0 6 0 6 0 1 0 4 0 6 0 4 0 2 0 5 1 0 0 6 0 4 0 5 0 5 0 2 0 3 0 2 0 5 0 4 0 6 0 1 0 5 0 3 0 4 1 0 0 0 0 3 0 0 1 0 0 3 0 3 0 6 0 2 0 5 0 6 0 5 0 4 0 0 0 4 0 3 0 0 0 0 0 1 0 0 1 0 0 4 1 0 0 1 0 3 1 0 0 3 0 0 0 3 0 4 0 5 0 0 0 5 0 5 0 6 0 3 0 1 0 2 0 3 0 3 1 0 0 2 0 0 0 5 0 1 0 2 0 3 0 4 1 0 1 0 0 5 1 0 0 3 0 4 0 1 1 0 0 0 0 4 0 5 0 3 1 0 0 4 0 0 0 0 0 1 0 1 0 2 0 0 1 0 0 5 0 6 0 1 0 4 0 6 0 0 0 0 1 0 0 6 0 6 0 6 0 4 1 0 0 0 0 3 0 1 1 0 0 5 0 4 0 1 0 1 0 5 0 6 0 2 0 4 0 6 0 3 0 4 1 0 0 1 0 0 0 4 0 6 0 3 0 6 0 3 0 6 0 6 0 6 0 3 0 4 0 5 0 5 0 0 0 3 0 1 0 2 0 3 0 4 0 2 0 0 0 2 0 2 0 3 0 6 0 4 0 6 0 0 0 6 0 3 0 6 0 1 0 1 0 0 1 0 0 1 0 0 0 3 0 5 0 5 0 3 0 4 0 5 0 1 0 5 0 6 0 1 0 5 1 0 0 5 0 0 0 2 0 0 0 1 0 5 0 3 0 6 0 1 0 5 0 4 0 4 0 2 0 2 0 4 1 0 0 3 0 6 0 4 0 2 0 4 0 1 0 4 0 0 0 2 0 3 0 2 0 3 0 5 0 2 0 0 0 4 0 6 0 4 0 2 0 1 0 2 0 3 0 2 0 6 0 2 0 4 0 4 1 0 0 6 0 2 1 0 0 5 0 4 0 2 0 4 0 3 0 0 0 5 0 1 0 3 1 0 0 4 1 0 0 6 0 2 0 0 0 0 0 4 0 3 0 0 0 2 1 0 0 1 1 0 0 0 0 3 0 4 1 0 0 6 0 5 0 4 1 0 0 0 0 6 0 3 0 1 0 2 0 0 0 2 0 0 0 1 0 0 1 0 0 3 0 2 0 4 0 4 0 5 0 6 0 4 0 5 0 6 0 6 0 4 0 0
0 571 1 0 5 0 3 0 0 1 0 0 1 1 0 0 6 0 3 0 2 0 6 0 3 0 5 0 0 0 5 0 5 0 4 0 1 0 6 0 1 0 6 0 4 0 0 0 5 0 2 0 4 0 3 0 5 0 6 0 5 0 3 0 2 0 5 0 4 0 3 0 0 0 2 1 0 0 0 0 6 0 1 0 6 0 5 1 0 0 5 0 6 0 3 0 6 0 4 0 1 0 2 0 0 1 0 0 1 0 0 0 2 0 1 1 0 0 1 1 0 0 2 1 0 1 0 0 6 0 0 1 0 0 2 0 3 0 2 0 3 0 4 0 5 1 0 0 3 0 4 1 0 0 0 1 0 0 4 0 1 0 2 0 3 0 4 1 0 0 3 0 0 1 0 0 3 1 0 1 0 0 1 0 4 0 6 0 0 0 1 0 4 0 1 0 0 0 0 0 1 0 0 0 2 0 2 0 4 0 1 1 0 0 3 0 5 0 4 0 1 0 5 0 1 0 1 1 0 0 5 0 6 0 6 0 2 1 0 0 0 0 6 0 3 1 0 0 3 0 1 0 3 0 3 0 3 0 5 0 6 0 1 0 6 0 0 0 2 1 0 0 2 0 1 0 1 0 6 0 0 0 6 0 0 0 6 0 6 0 6 0 0 0 2 0 4 0 3 0 1 0 6 0 2 0 4 1 0 0 1 0 5 0 0 0 4 0 4 1 0 0 6 0 2 0 5 0 2 0 5 0 0 0 5 0 3 0 2 0 1 0 6 0 1 0 0 1 0 0 4 0 4 0 0 0 2 0 3 0 4 0 3 0 5 0 4 0 4 0 0 0 2 0 1 0 4 0 0 0 3 0 3 0 0 0 5 0 4 0 3 0 2 0 1 0 5 0 5 0 1 1 0 1 0 0 6 0 1 0 6 0 0 0 4 0 0 0 1 0 4 0 6 0 4 1 0 0 3 0 5 0 1 0 1 0 6 0 1 0 5 0 2 0 4 0 6 0 5 0 4 0 6 0 1 0 3 0 0 0 4 1 0 0 0 0 3 0 1 0 6 0 0 1 0 0 2 0 2 0 4 0 0 0 0 0 2 0 0 0 4 0 5 0 0 0 1 0 0 1 0 0 1 0 5 0 6 0 2 0 5 1 0 1 0 0 3 0 0 0 5 0 4 0 2 1 0 0 1 0 4 1 0 0 3 0 4 0 0 0 4 0 0 0 2 0 1 0 6 0 5 0 5 0 1 0 2 0 4 0 6 0 2 0 4 0 6 0 6 0 1 0 1
0 571 3 0 2 1 0 0 2 0 6 0 2 1 0 0 4 1 0 0 6 0 5 0 0 0 3 0 2 0 3 0 4 0 1 0 4 0 4 0 4 0 5 0 1 0 2 0 2 0 6 0 1 0 0 0 4 0 6 0 3 1 0 0 6 0 3 0 1 1 0 0 1 0 5 0 6 0 0 0 4 0 4 0 5 0 5 0 0 0 3 0 6 0 0 0 6 0 1 0 3 0 4 0 1 0 6 0 1 0 0 0 4 0 3 0 6 0 2 0 6 0 4 1 0 1 0 0 4 0 2 0 6 0 3 0 6 0 4 1 0 0 2 0 4 1 0 1 0 0 2 1 0 0 1 1 0 0 0 0 3 0 4 1 0 0 2 1 0 0 6 0 1 1 0 0 0 0 0 0 6 0 2 0 1 0 5 0 1 0 3 0 0 0 3 0 0 0 0 0 2 0 0 0 4 0 5 0 0 0 4 0 6 0 6 0 3 0 1 0 4 0 2 0 3 0 3 1 0 0 3 0 6 0 5 0 6 0 6 0 0 0 5 0 0 1 0 0 6 0 2 1 0 0 0 0 0 0 4 0 5 0 4 0 4 0 1 0 5 0 6 0 3 0 2 0 3 0 4 0 2 0 4 0 2 0 5 0 6 0 5 0 1 0 5 0 0 1 0 0 4 0 4 0 6 0 1 1 0 0 3 0 2 0 2 0 1 0 3 0 0 0 4 0 6 0 2 0 6 0 2 0 2 0 2 1 0 0 5 0 3 0 4 0 3 0 1 1 0 0 1 0 1 0 1 0 4 1 0 0 2 0 0 0 4 0 2 0 1 0 1 0 4 0 3 0 0 0 1 0 6 0 6 0 1 0 3 0 1 1 0 0 5 0 3 0 3 0 3 0 4 1 0 1 0 0 4 0 4 0 4 0 2 0 0 0 1 0 3 0 1 0 6 0 2 1 0 1 0 0 3 0 3 0 3 0 4 0 4 0 2 0 6 0 1 0 6 0 4 0 2 0 5 0 3 0 6 0 1 0 1 1 0 0 0 0 6 0 3 0 4 0 2 0 6 0 3 0 5 0 0 0 1 0 0 0 4 0 1 0 1 0 3 0 1 0 2 0 1 0 6 0 2 0 3 0 5 0 6 0 4 0 0 0 6 0 5 0 1 0 3 0 1 0 6 0 6 0 2 0 1 1 0 1 0 0 1 0 2 0 0 0 1 0 4 0 3 0 5 0 4 0 3 0 3 0 5 0 1 0 5 0 6 0 1 0 6 0 5 0 3 0 2
1 571 6 0 5 0 6 0 4 0 4 1 0 0 0 0 2 0 0 0 5 0 3 0 1 0 6 0 4 1 0 0 1 0 4 0 1 0 2 0 2 0 3 0 3 0 4 0 5 0 4 0 3 0 1 0 1 0 6 0 1 0 0 0 4 1 0 0 4 0 6 0 2 0 3 0 5 0 2 0 1 0 2 0 4 0 3 0 1 1 0 0 5 0 2 0 4 0 3 1 0 0 1 0 4 0 4 0 3 0 1 0 1 0 0 0 5 0 6 0 5 0 3 0 0 1 0 0 0 0 6 0 5 0 0 0 6 0 2 1 0 0 5 0 2 0 0 0 6 0 4 0 6 0 2 0 5 1 0 1 0 0 2 1 0 0 5 1 0 0 4 0 4 0 5 1 0 0 1 0 4 0 5 0 3 0 2 0 3 0 6 0 0 0 6 0 0 0 0 0 4 0 1 0 1 0 3 0 2 0 1 0 6 0 5 1 0 0 4 0 0 0 5 1 0 0 0 1 0 1 0 0 6 0 4 0 6 0 5 0 2 0 2 0 2 1 0 0 4 0 6 0 5 1 0 0 1 0 1 0 4 0 2 0 1 0 4 0 3 0 5 1 0 0 5 1 0 0 1 0 6 0 0 0 6 0 3 0 6 0 3 0 4 0 2 0 2 1 0 0 1 0 2 0 5 0 4 0 6 0 5 0 4 0 4 0 2 0 6 0 1 0 1 0 5 0 6 0 4 0 5 0 4 0 5 1 0 0 3 0 0 0 1 1 0 0 4 0 6 0 1 0 2 0 3 0 1 1 0 0 4 0 1 0 0 0 5 0 2 0 3 0 0 1 0 0 1 0 3 0 5 0 5 0 3 0 6 0 3 1 0 0 3 0 0 0 0 0 0 0 3 0 0 1 0 0 1 0 2 0 1 0 5 0 0 0 2 0 6 0 3 0 4 1 0 0 0 0 6 0 5 1 0 0 0 0 2 0 1 0 6 0 4 0 4 0 5 0 1 0 6 0 3 0 0 0 5 0 3 0 3 0 6 0 0 0 5 0 0 0 1 0 6 0 5 0 0 0 3 0 1 0 2 0 1 0 0 0 3 0 2 0 6 0 2 0 4 0 3 0 4 0 5 1 0 0 4 0 6 0 1 0 2 0 5 0 3 0 3 0 6 0 3 0 5 0 5 0 5 0 3 1 0 0 6 0 1 0 4 0 0 0 3 0 1 0 0 0 4 0 2 0 0 0 0 0 3 0 4 0 3 0 5 0 4 0 5 0 3 1 0 0 5
0 573 1 0 5 0 4 0 6 0 2 0 2 1 0 0 0 0 4 0 1 0 2 1 0 0 4 0 5 0 2 1 0 0 3 0 0 0 3 0 4 0 4 1 0 0 0 0 2 0 4 0 1 1 0 0 3 0 3 0 4 0 3 0 1 0 2 0 0 0 1 0 5 0 5 1 0 0 3 0 5 0 2 0 5 0 0 1 0 0 4 1 0 0 2 0 6 0 1 0 0 1 0 0 3 0 1 0 1 1 0 0 3 0 2 0 1 0 3 0 6 0 3 1 0 0 2 0 6 0 0 0 5 0 3 0 2 0 4 1 0 0 0 0 2 0 5 0 1 0 5 0 2 0 5 0 6 0 4 0 0 0 6 0 4 1 0 0 4 0 0 0 1 0 2 0 4 1 0 0 3 0 1 0 3 1 0 0 5 1 0 0 5 0 2 0 4 0 1 0 1 0 0 0 3 0 2 0 6 0 4 0 3 0 5 0 5 0 0 0 0 0 2 0 3 1 0 0 1 1 0 1 0 0 5 0 2 0 6 0 3 0 5 0 4 0 5 1 0 0 1 0 6 0 4 1 0 0 2 0 3 0 0 0 5 0 3 0 1 0 0 0 5 0 0 0 3 1 0 0 3 0 4 0 2 0 5 0 0 0 6 0 0 0 1 0 5 0 5 0 6 0 1 0 5 0 3 0 2 0 6 0 4 0 2 0 1 0 6 0 4 0 3 0 3 0 3 0 6 0 2 0 4 0 2 0 4 1 0 0 6 0 0 0 3 1 0 0 1 0 5 0 3 0 4 0 6 0 3 1 0 0 0 0 3 0 1 0 2 0 5 0 6 0 1 0 6 0 1 1 0 0 4 0 4 0 0 0 6 0 0 1 0 0 6 0 0 0 0 0 0 0 6 0 1 0 6 0 1 0 4 0 3 0 2 0 1 0 5 0 5 0 0 0 2 1 0 0 1 0 5 0 4 1 0 0 0 0 4 0 3 0 5 0 2 0 2 0 3 0 4 0 4 1 0 0 2 0 3 0 0 0 0 0 5 0 2 0 2 0 1 0 3 0 5 0 3 0 1 0 6 0 2 0 4 0 2 0 0 0 6 0 5 0 4 0 6 0 1 0 0 0 2 0 5 0 0 0 1 0 5 0 3 0 5 0 3 0 0 0 0 0 6 0 0 0 4 0 4 0 4 0 1 0 0 0 4 0 4 0 0 0 1 0 6 0 2 0 1 0 0 0 5 0 0 0 0 1 0 0 2 0 0 0 4 0 2 0 4 0 1 0 0 0 3
1 573 3 0 3 0 2 0 5 0 5 0 5 0 6 0 0 0 0 0 3 0 5 1 0 0 1 0 3 0 6 0 6 0 5 0 0 1 0 0 2 0 2 1 0 0 0 0 5 0 0 0 4 0 6 0 5 1 0 0 1 1 0 0 3 0 4 0 0 0 3 0 3 0 4 1 0 1 0 0 3 0 6 0 2 0 2 1 0 0 1 1 0 0 5 0 4 0 3 0 1 0 6 0 5 0 2 0 3 0 6 0 5 0 4 0 2 1 0 0 6 0 0 1 0 0 5 0 4 0 2 0 2 1 0 0 6 0 1 1 0 0 0 0 5 0 2 0 4 0 2 0 6 0 3 0 6 0 1 0 2 0 5 0 3 0 0 0 0 0 1 0 2 0 5 0 1 1 0 0 6 0 3 0 0 0 0 0 4 0 0 0 2 0 6 0 0 0 3 0 2 0 0 0 6 0 5 0 5 0 2 0 0 0 4 0 3 0 1 0 0 0 4 1 0 1 0 0 3 1 0 1 0 0 2 0 6 0 5 0 0 0 4 0 2 0 4 1 0 0 3 0 5 0 2 1 0 0 4 0 6 0 1 0 2 1 0 0 3 0 1 0 2 0 1 1 0 1 0 1 0 0 1 0 6 0 2 0 2 0 4 0 1 0 3 0 3 0 4 0 5 0 4 0 2 1 0 0 6 0 5 0 1 0 5 0 3 0 5 0 2 0 0 0 0 0 0 0 5 0 6 0 0 0 6 0 2 0 0 0 4 0 1 1 0 1 0 0 3 0 3 0 0 0 2 0 6 0 0 1 0 0 0 0 6 0 2 0 5 0 3 0 5 0 4 0 4 0 4 1 0 0 1 0 1 0 2 0 4 0 2 1 0 0 4 0 1 0 0 0 1 0 4 0 4 0 4 0 4 0 0 1 0 0 5 0 3 0 3 0 3 0 1 0 5 0 6 0 2 0 3 0 2 1 0 0 1 0 1 0 0 0 3 0 5 0 4 1 0 0 2 0 2 1 0 0 4 0 6 0 0 0 1 0 2 0 5 0 4 0 2 1 0 0 3 1 0 0 4 0 4 0 6 0 0 0 5 0 1 0 5 0 4 0 2 0 5 0 3 0 0 0 5 0 2 0 1 0 3 0 3 0 0 0 3 1 0 0 1 0 1 0 4 0 2 0 1 0 2 0 1 0 3 0 1 0 1 0 1 0 1 0 3 0 4 0 5 0 2 0 1 0 2 0 1 0 1 0 6 0 3 0 1 0 0 0 6 0 0 0 3 0 0 1 0
1 573 6 0 6 0 5 0 3 0 4 0 4 0 5 0 1 0 0 1 0 0 4 1 0 0 2 1 0 0 6 0 6 0 3 0 2 0 6 0 3 0 5 0 6 0 0 0 2 0 2 0 1 0 6 0 4 1 0 0 3 0 6 0 6 0 0 0 1 1 0 0 0 0 3 0 0 0 6 0 6 0 4 0 5 0 5 0 6 0 2 1 0 0 3 0 1 1 0 0 4 0 5 0 3 0 5 1 0 0 6 0 4 0 1 1 0 0 0 0 4 0 2 1 0 0 3 0 1 0 5 0 5 1 0 0 4 0 4 0 6 0 0 0 2 0 6 0 0 0 6 0 5 0 0 0 5 0 3 0 5 0 2 1 0 0 1 0 0 0 2 0 5 0 2 0 4 1 0 0 4 1 0 0 1 0 1 0 0 0 1 0 5 0 4 0 1 0 6 0 4 0 1 0 5 0 4 0 3 0 5 0 1 0 0 1 0 0 3 0 1 0 2 0 0 1 0 0 0 0 0 0 6 0 4 0 5 0 3 0 2 0 0 0 6 0 1 1 0 1 0 0 3 1 0 0 0 0 1 0 5 0 3 0 5 0 6 0 5 0 2 0 4 0 3 1 0 1 0 0 6 0 2 0 4 0 5 0 5 0 0 0 3 1 0 0 0 0 2 0 4 0 1 1 0 0 0 0 5 0 3 0 4 0 3 0 0 0 3 0 5 0 0 0 0 0 1 0 3 0 5 0 2 0 4 0 5 0 1 0 0 0 4 1 0 0 6 0 5 0 6 0 0 0 5 0 4 0 2 0 6 0 0 0 4 0 6 0 3 0 0 0 4 0 2 0 2 0 2 1 0 0 2 0 2 0 5 0 0 1 0 0 0 0 0 0 3 0 0 0 3 0 1 0 2 0 2 0 1 0 2 1 0 0 2 1 0 1 0 1 0 0 4 0 3 0 5 0 5 0 6 0 5 0 6 0 1 0 2 0 0 1 0 0 4 0 2 1 0 0 4 0 5 1 0 0 1 0 5 0 1 0 2 0 5 0 3 0 1 1 0 0 0 0 0 0 0 0 1 0 2 0 5 0 2 0 2 0 4 0 3 0 1 0 6 0 2 1 0 0 2 0 2 0 5 0 2 0 6 0 6 0 0 1 0 1 0 0 2 0 3 0 0 0 5 0 2 0 4 0 2 0 6 0 2 0 2 0 2 0 2 1 0 0 2 0 3 0 5 0 2 0 4 0 2 0 3 0 4 1 0 0 3 0 1 0 4 0 1 0 6 0 1 0 5
1 575 1 0 5 0 6 0 4 0 0 0 2 0 2 0 3 0 3 0 1 1 0 0 1 1 0 0 5 1 0 0 5 0 5 1 0 0 6 0 5 0 0 0 4 0 5 0 1 0 4 0 4 0 3 0 5 0 2 1 0 1 0 0 6 0 5 0 1 0 3 0 5 1 0 0 6 0 1 0 5 0 6 0 2 0 4 0 4 0 5 0 6 0 6 0 5 0 3 1 0 0 1 0 4 0 0 0 5 0 0 0 5 0 1 0 4 0 6 0 0 0 0 0 6 0 6 0 5 0 3 0 3 0 5 0 0 0 1 0 2 0 5 0 1 0 5 0 4 0 2 0 5 0 3 0 2 0 3 0 0 0 3 0 6 0 6 0 1 0 0 0 5 0 2 0 6 0 2 0 0 0 1 1 0 0 2 0 2 0 0 0 3 0 3 0 1 0 4 0 5 0 1 0 4 0 3 0 2 0 0 0 3 0 3 0 1 0 6 0 5 0 2 0 4 0 1 0 5 1 0 0 1 0 5 0 2 0 3 1 0 0 5 0 1 0 4 0 4 1 0 0 6 0 6 0 5 1 0 0 3 0 3 0 0 0 4 0 6 0 3 0 6 0 1 0 1 0 0 1 0 0 4 0 6 0 1 0 4 0 3 0 1 1 0 1 0 0 0 0 5 0 0 0 4 0 6 0 0 0 3 0 0 0 1 1 0 0 1 1 0 0 3 0 1 0 0 0 2 1 0 0 3 0 6 0 1 0 3 0 3 0 1 0 2 0 0 0 5 0 4 0 5 0 2 0 3 0 1 0 6 0 4 0 2 0 1 0 5 1 0 0 2 0 0 0 5 0 4 0 5 0 6 0 3 0 5 0 2 0 2 0 5 1 0 0 0 0 6 0 0 0 6 0 2 0 4 0 4 0 2 0 5 0 6 0 4 1 0 1 0 1 0 0 1 0 0 0 4 0 4 0 6 0 4 0 5 0 3 0 4 0 1 1 0 0 0 1 0 0 0 0 1 0 4 1 0 0 3 0 2 0 3 0 5 0 2 1 0 0 4 0 5 1 0 0 0 0 0 0 2 0 5 0 2 0 5 0 5 0 0 1 0 0 4 0 4 0 6 0 6 0 3 0 5 0 2 0 6 0 5 0 5 0 2 1 0 0 6 0 3 0 6 0 1 0 2 0 6 0 0 0 6 0 4 0 5 0 4 0 4 0 5 0 6 0 3 1 0 0 3 0 6 0 0 0 5 1 0 0 2 1 0 0 6 0 3 0 0 0 4 0 4 0 4 0 3
0 575 3 0 3 0 6 0 1 0 1 0 4 0 4 0 6 0 6 0 3 0 6 0 2 1 0 0 4 0 0 0 3 0 5 0 0 0 5 0 3 0 2 0 1 0 3 0 4 0 1 0 2 0 0 0 3 1 0 0 0 1 0 0 5 0 3 0 3 1 0 0 5 0 0 0 4 0 4 0 3 0 5 0 6 0 1 0 2 0 4 0 6 0 6 0 4 0 0 1 0 0 3 0 0 0 2 0 2 0 2 0 2 0 4 0 1 0 5 0 1 0 1 0 5 0 6 0 4 0 0 0 0 0 3 0 1 0 2 0 5 0 2 0 4 0 3 0 1 0 6 0 2 1 0 0 5 0 6 0 0 1 0 0 6 0 5 0 3 0 1 0 2 0 6 0 4 0 5 0 0 0 3 0 6 0 3 0 4 0 0 0 6 0 6 0 3 0 1 0 3 0 4 0 0 1 0 0 5 0 0 0 6 0 6 0 3 0 5 0 3 0 6 0 0 0 4 0 3 1 0 0 3 0 2 0 6 0 0 0 0 0 2 0 4 0 1 0 3 0 0 0 5 0 6 0 4 1 0 0 6 0 6 0 1 0 1 0 6 0 0 0 5 0 3 0 2 0 1 1 0 0 1 0 5 0 4 0 0 1 0 0 4 1 0 0 6 0 0 0 2 0 2 0 1 0 5 0 1 0 6 0 0 0 3 0 6 0 2 0 6 0 5 0 2 0 0 0 5 0 6 0 6 0 4 0 3 0 6 0 6 0 2 0 4 0 1 0 3 0 2 0 3 0 5 0 6 0 3 0 5 0 1 0 5 0 3 0 3 1 0 0 4 0 1 0 3 0 2 0 4 0 6 0 0 0 3 0 5 0 5 0 3 1 0 0 1 0 4 0 2 0 4 0 6 0 1 0 1 0 6 0 3 0 6 0 3 0 0 1 0 0 6 0 1 0 1 0 1 0 2 0 6 0 2 0 4 0 0 0 1 0 4 0 6 0 0 0 5 1 0 0 3 0 1 1 0 0 6 0 4 1 0 0 3 1 0 0 0 0 1 0 4 1 0 0 0 0 0 0 5 0 2 0 6 0 3 0 3 0 2 1 0 0 1 0 2 0 6 0 6 0 0 0 3 0 6 0 5 0 4 0 3 1 0 0 0 0 5 0 0 0 5 0 3 0 5 0 4 0 2 0 5 0 2 0 4 0 2 0 2 0 4 0 6 0 0 1 0 1 0 0 5 0 2 0 3 1 0 0 5 1 0 0 4 1 0 0 2 0 1 0 2 0 2 0 0
0 576 1 0 0 0 0 5 0 3 0 3 0 1 0 2 0 6 0 6 0 0 0 5 1 0 0 0 0 0 0 1 1 0 0 3 0 2 0 2 1 0 0 5 0 2 1 0 0 1 0 3 0 4 0 0 1 0 1 0 0 1 1 0 0 3 0 0 0 1 0 0 0 2 0 2 0 1 0 2 0 0 0 4 0 5 0 3 0 5 0 1 0 6 0 6 0 1 0 2 0 6 0 5 0 0 0 4 0 4 0 4 0 5 0 0 0 4 0 2 0 3 0 3 0 3 0 6 0 1 0 1 0 0 0 6 0 2 0 5 0 2 0 6 0 0 1 0 0 4 0 4 1 0 0 0 0 3 0 5 0 2 1 0 0 5 0 3 1 0 0 3 0 5 0 5 0 2 0 3 0 1 1 0 0 6 0 0 0 1 0 2 0 5 0 5 1 0 0 3 1 0 0 1 0 2 1 0 0 2 0 2 0 5 0 6 0 0 0 4 0 0 0 5 0 2 0 1 0 0 1 0 0 6 0 5 0 4 0 1 0 0 0 5 0 0 0 3 0 6 0 1 0 3 0 6 0 3 0 0 0 5 0 5 0 3 0 3 0 4 0 2 0 2 1 0 0 5 0 3 0 6 0 2 0 3 0 1 0 2 1 0 0 2 0 0 0 4 0 1 0 4 0 4 0 3 0 2 0 4 0 4 0 1 1 0 0 5 0 6 0 5 0 3 0 5 0 1 0 3 0 6 0 6 0 2 0 0 0 6 0 5 0 6 0 0 0 3 0 6 0 4 1 0 0 4 0 6 0 0 0 3 0 4 0 3 0 0 0 1 0 0 0 0 0 3 0 6 0 5 0 1 0 5 0 1 1 0 0 4 0 4 0 0 1 0 0 3 0 0 0 6 0 1 0 5 0 3 0 3 0 5 0 0 0 5 1 0 0 2 1 0 0 4 0 3 0 2 0 2 0 5 0 4 0 6 0 0 0 1 0 3 0 1 0 5 0 2 0 3 1 0 0 6 0 3 1 0 0 5 0 2 1 0 1 0 1 0 0 0 0 3 0 1 1 0 0 0 0 1 0 2 0 6 0 4 1 0 1 0 0 6 0 6 0 1 0 5 0 5 0 5 0 1 1 0 0 6 0 4 0 2 0 0 1 0 0 1 0 2 0 2 0 3 0 0 0 4 0 1 0 6 0 2 0 6 0 0 0 5 0 5 0 1 0 5 0 2 1 0 1 0 0 2 0 6 0 0 0 0 0 4 0 0 0 1 1 0 0 4 0 2 0 4 0 4 0 0
0 577 1 0 6 0 0 0 2 1 0 1 0 0 3 0 5 0 5 0 5 0 2 0 3 1 0 0 0 0 0 0 3 0 6 0 5 0 4 0 5 1 0 0 2 0 6 0 6 0 1 1 0 0 1 0 2 1 0 0 6 0 2 0 6 0 5 0 0 0 2 0 0 0 4 0 4 0 2 0 4 0 1 0 1 0 4 0 0 0 3 0 4 0 5 0 5 0 3 0 5 0 5 0 3 0 2 0 1 0 2 0 2 0 3 0 2 0 0 0 5 1 0 0 0 0 0 0 5 0 3 0 2 0 1 0 4 0 6 0 2 0 6 0 4 0 2 1 0 0 1 0 2 1 0 0 0 1 0 0 3 1 0 0 0 0 3 0 0 1 0 1 0 0 4 0 3 0 5 0 6 0 3 1 0 0 4 0 1 0 2 0 5 0 3 0 4 1 0 1 0 1 0 0 2 0 5 0 6 0 3 0 5 0 3 0 5 0 2 0 0 0 2 0 2 0 5 0 2 0 1 1 0 0 5 0 4 0 1 0 3 0 1 0 2 0 1 1 0 0 5 0 3 1 0 0 5 1 0 0 2 0 3 0 4 0 0 0 0 0 1 0 5 0 5 1 0 0 3 0 0 0 5 0 5 0 6 0 2 0 5 0 6 0 3 0 1 0 0 0 4 0 1 0 1 1 0 0 6 0 1 0 1 0 4 1 0 0 3 0 6 0 4 0 0 0 3 0 3 1 0 0 6 0 5 0 5 0 1 0 5 0 4 0 5 0 1 1 0 0 6 0 3 0 0 0 1 0 5 0 1 1 0 0 1 1 0 0 1 0 2 0 0 0 0 1 0 0 6 0 3 0 4 0 2 0 4 1 0 0 1 0 1 0 2 0 6 0 5 0 1 0 4 0 4 0 3 0 0 0 0 0 3 0 2 0 3 1 0 0 5 1 0 0 0 1 0 0 5 0 5 0 3 0 2 0 5 0 1 0 2 0 6 0 3 0 2 0 6 0 0 0 0 0 5 0 1 0 0 0 2 1 0 0 0 1 0 0 5 1 0 0 6 0 3 0 5 1 0 0 2 0 5 0 5 0 3 0 0 1 0 0 5 0 5 0 4 0 3 0 4 0 3 0 4 1 0 0 5 0 1 0 5 0 1 0 6 0 1 0 4 0 4 0 6 0 1 0 0 0 4 0 4 0 6 0 4 0 2 0 3 0 3 0 4 0 2 1 0 0 0 0 6 0 4 0 4 0 1 0 1 0 0 0 1 0 3 1 0 0 0 0 6 0 1 0 1 0 1
0 577 3 0 4 0 1 0 5 1 0 0 6 0 6 0 3 0 4 0 3 0 5 1 0 1 0 0 0 0 0 1 0 0 6 0 4 0 2 0 4 1 0 0 5 0 5 0 5 0 4 0 6 0 1 0 5 1 0 0 4 0 6 0 5 0 3 0 1 0 4 0 1 0 1 0 1 0 6 0 0 0 3 0 3 0 0 0 1 1 0 0 2 0 4 0 4 0 0 0 4 0 3 1 0 0 5 0 2 0 4 0 4 0 6 0 4 0 1 0 3 1 0 0 0 0 1 0 2 1 0 0 5 0 3 0 1 0 5 0 6 0 5 0 1 0 6 0 6 0 1 0 5 0 6 0 0 0 6 0 6 0 5 1 0 0 6 0 1 1 0 1 0 0 1 0 0 0 4 0 6 0 1 0 0 0 0 0 3 0 5 0 3 0 0 0 3 0 0 1 0 0 6 0 4 0 3 0 6 0 0 0 4 0 0 0 3 0 5 0 0 0 4 0 5 0 2 0 5 0 3 1 0 0 3 0 1 0 3 0 6 0 2 0 4 0 3 1 0 0 3 0 1 0 0 0 3 1 0 0 4 1 0 0 1 0 1 0 0 0 3 0 3 0 4 1 0 0 6 0 1 0 3 0 4 0 5 0 6 0 3 0 5 1 0 0 3 0 1 0 0 0 3 0 3 1 0 0 4 0 3 0 3 0 1 1 0 1 0 0 6 0 1 0 1 1 0 0 1 0 0 0 5 0 4 0 3 0 4 0 3 0 2 0 3 0 4 1 0 0 4 1 0 0 1 0 3 0 2 0 4 0 6 0 2 0 6 0 1 0 4 0 0 0 1 1 0 0 5 0 0 0 1 0 6 0 1 1 0 0 2 0 2 0 5 0 5 0 3 0 4 0 1 0 1 1 0 0 1 0 0 0 6 0 5 0 0 0 0 0 3 1 0 0 1 1 0 0 3 0 3 1 0 0 6 0 2 0 3 0 5 0 4 1 0 0 6 0 4 0 1 0 1 0 2 0 3 0 0 0 5 0 6 0 0 1 0 0 4 0 0 0 5 0 0 0 4 1 0 0 5 0 3 0 3 1 0 0 2 1 0 0 3 0 4 0 2 0 0 0 2 0 0 0 3 0 0 0 2 0 4 0 2 0 4 0 4 0 4 0 1 0 2 0 5 0 3 0 1 0 1 0 2 0 6 0 1 0 5 1 0 0 0 0 1 0 6 0 6 0 0 0 5 0 2 0 1 0 3 0 2 0 0 0 2 1 0 1 0 0 1 0 4 0 3 0 2 0 2
1 578 1 0 0 1 0 4 0 4 0 0 0 5 0 6 0 0 0 2 0 0 0 5 0 0 0 5 1 0 0 1 1 0 0 5 0 1 0 6 0 2 0 0 0 3 0 4 0 4 0 2 0 5 0 4 0 4 0 0 0 1 0 6 0 3 1 0 0 4 0 0 0 3 0 2 0 3 0 4 0 1 0 6 0 6 0 0 0 3 0 6 0 4 0 1 0 1 0 2 0 1 0 1 0 0 0 2 0 6 0 1 0 2 0 6 0 1 0 3 1 0 1 0 0 0 0 2 0 5 1 0 0 2 1 0 0 4 0 3 0 6 0 3 0 4 0 5 0 5 0 4 0 3 0 5 0 2 0 5 0 6 0 5 0 0 0 4 0 4 1 0 0 6 0 1 0 1 0 1 0 5 0 3 0 0 0 0 1 0 0 3 1 0 0 1 0 6 0 1 1 0 0 5 0 2 0 0 0 5 0 2 0 0 0 1 1 0 0 3 0 2 0 1 0 3 0 6 0 3 0 0 1 0 0 6 0 2 1 0 0 5 0 6 0 1 0 0 1 0 0 6 0 2 0 1 0 0 0 0 0 1 1 0 0 2 0 2 0 0 1 0 0 0 0 3 0 0 0 4 0 3 1 0 0 2 0 4 0 6 0 0 0 4 1 0 0 6 0 2 0 0 1 0 0 1 0 0 0 0 1 0 1 0 0 4 1 0 1 0 0 4 0 3 0 3 0 6 0 1 0 1 0 3 0 2 0 0 0 1 1 0 0 5 1 0 0 3 0 0 0 1 1 0 0 2 0 6 0 5 0 1 0 5 0 6 0 4 0 4 0 0 0 1 0 3 1 0 0 2 0 1 0 3 0 4 0 4 0 6 0 3 0 5 0 3 0 4 0 0 0 1 0 3 0 3 0 6 0 1 0 1 0 5 0 3 0 1 0 0 1 0 1 0 0 3 0 6 0 6 0 0 0 0 0 4 0 5 1 0 0 4 0 3 0 0 0 5 0 1 0 3 0 2 0 4 0 6 0 1 0 3 0 5 0 2 1 0 0 0 0 2 0 2 0 2 0 2 0 0 0 3 0 0 0 0 1 0 0 5 0 6 0 6 0 0 0 5 0 0 0 4 0 0 0 6 0 0 0 5 0 0 0 6 0 1 0 2 0 1 0 3 0 5 0 2 1 0 0 3 0 2 0 5 0 4 0 4 0 3 1 0 0 0 0 3 0 5 0 5 0 2 0 2 0 5 0 2 0 6 0 4 0 0 0 5 1 0 0 6 0 2 0 0 1 0 0 5 0 4
0 579 1 0 6 0 2 0 1 0 1 0 2 0 3 0 5 0 1 0 4 0 1 0 2 0 2 0 3 1 0 0 3 1 0 0 2 0 4 0 4 0 5 0 0 1 0 0 2 0 1 0 6 0 3 0 2 0 1 0 1 0 3 0 5 0 1 0 0 0 0 0 1 0 6 0 4 1 0 0 1 0 4 0 5 0 5 0 1 1 0 0 6 0 1 0 3 0 2 0 4 0 2 0 2 0 0 0 5 0 4 0 3 0 5 0 4 0 4 0 0 0 0 0 5 1 0 0 5 0 3 1 0 0 5 1 0 0 1 0 0 0 6 0 0 0 2 0 4 0 4 0 2 0 0 0 3 0 6 0 3 0 6 0 3 0 2 0 1 0 3 0 0 0 4 0 3 0 2 0 3 0 2 1 0 0 1 0 1 0 6 0 6 0 6 0 2 0 4 0 4 1 0 0 2 0 5 0 1 0 2 0 5 0 0 0 3 0 6 0 5 0 4 0 2 1 0 0 5 1 0 0 2 1 0 0 4 1 0 0 0 0 3 0 5 0 3 0 1 1 0 0 4 0 5 0 2 0 0 0 0 0 3 0 6 0 3 0 4 0 1 0 5 1 0 0 6 0 1 0 1 0 0 1 0 0 5 0 1 0 5 0 2 0 2 0 0 0 4 0 5 0 1 0 6 0 1 0 0 0 1 1 0 1 0 0 2 0 0 1 0 0 1 0 0 0 0 0 5 0 3 0 2 0 6 0 4 0 0 0 3 1 0 0 3 1 0 0 6 0 0 0 3 0 6 0 4 0 5 0 3 0 4 0 3 0 6 0 2 0 1 0 1 0 2 1 0 1 0 0 4 0 2 1 0 0 2 0 2 0 6 0 0 0 4 0 0 0 1 0 1 0 2 1 0 0 0 0 5 0 3 0 3 0 2 1 0 0 3 0 1 1 0 0 6 0 6 0 5 0 5 0 1 0 1 0 1 0 5 0 0 0 0 1 0 0 2 0 2 0 3 0 6 0 5 0 1 0 5 0 3 1 0 0 3 0 6 0 5 1 0 0 4 0 4 0 4 0 4 0 0 0 6 0 0 0 1 1 0 0 3 0 6 0 5 0 2 0 2 0 2 0 0 0 2 0 4 0 2 0 2 0 2 0 4 0 3 0 4 0 2 1 0 0 3 0 6 0 6 0 5 0 5 0 3 0 2 0 2 0 0 1 0 0 0 1 0 0 4 0 3 0 5 0 5 0 2 0 6 0 5 0 1 0 2 0 4 0 0 0 4 0 5 0 1 1 0 0 3 0 2
1 579 3 0 4 0 5 0 2 0 2 0 4 1 0 0 3 0 4 0 0 0 3 0 4 0 4 1 0 1 0 1 0 1 0 0 5 0 1 0 2 0 3 0 2 0 6 0 3 0 3 0 4 1 0 0 5 0 2 0 2 1 0 0 3 0 3 0 0 0 0 0 3 0 5 0 2 1 0 0 3 0 1 0 4 0 3 0 4 1 0 0 4 0 3 0 6 0 5 0 0 0 5 0 4 0 1 0 3 0 2 0 0 0 4 0 2 0 1 0 1 0 1 0 4 0 0 0 3 0 1 0 0 0 3 1 0 0 2 0 1 0 4 0 1 0 5 0 1 0 1 0 5 0 0 1 0 0 6 0 0 0 5 1 0 0 5 0 2 0 6 0 1 0 0 1 0 0 5 0 6 0 5 0 6 0 1 0 3 0 5 0 6 0 5 0 6 0 1 0 2 1 0 0 5 0 2 0 3 0 5 0 2 0 1 1 0 0 6 0 4 0 1 1 0 0 0 0 3 1 0 0 5 1 0 0 1 1 0 0 0 1 0 0 3 1 0 0 4 1 0 0 1 0 3 0 5 0 0 0 0 1 0 0 6 0 0 0 1 0 4 0 4 0 0 0 4 0 3 0 2 0 1 1 0 0 2 0 4 0 2 0 5 0 4 0 1 0 1 0 3 0 4 0 4 0 3 0 0 0 3 1 0 0 6 0 3 0 1 0 6 0 1 0 0 0 1 0 2 1 0 0 6 0 5 0 1 0 2 0 0 0 0 0 0 0 0 0 4 0 1 1 0 0 6 0 2 0 4 0 0 0 2 0 0 0 5 0 5 0 2 0 2 0 5 1 0 1 0 0 0 0 6 0 6 0 3 0 5 0 4 0 2 0 0 0 1 0 2 0 2 0 5 0 6 0 0 0 2 1 0 1 0 0 6 0 6 0 5 0 3 1 0 0 5 0 6 0 4 0 3 0 3 0 2 0 3 0 2 0 1 0 1 0 6 0 3 0 4 1 0 0 6 0 3 0 4 0 3 0 0 1 0 1 0 0 6 0 5 0 0 0 1 0 2 0 2 0 1 0 2 0 4 0 1 0 3 0 6 0 6 0 5 0 3 0 5 0 4 0 4 0 0 0 5 0 0 0 5 0 4 0 5 0 1 0 0 0 1 0 6 0 6 0 6 0 5 0 6 0 4 0 3 1 0 0 5 0 4 0 1 0 6 0 0 1 0 0 1 0 0 0 4 0 3 0 6 0 5 0 3 0 3 0 5 0 0 0 2 0 1 0 3 0 4 0 6 0 5 0 4
0 580 1 0 0 2 0 3 0 5 0 5 0 1 1 0 1 0 0 1 0 1 1 0 0 2 0 3 0 0 1 0 1 0 1 0 0 2 0 3 0 4 0 6 0 5 0 5 0 0 0 0 0 3 0 0 0 2 0 5 0 5 0 6 0 5 0 6 0 0 0 0 1 0 0 3 0 6 0 6 0 5 0 3 0 1 0 0 0 3 0 0 0 1 0 0 0 6 0 3 0 2 0 3 0 1 0 3 0 6 0 4 0 1 0 0 0 5 0 2 0 2 0 3 0 0 0 1 0 6 0 2 0 0 1 0 1 0 0 4 0 3 0 0 0 4 0 2 0 3 0 3 0 2 0 2 1 0 0 4 0 2 0 4 0 0 0 2 0 6 0 4 0 3 0 1 1 0 0 3 0 6 0 4 0 5 0 3 1 0 0 4 0 6 0 4 0 5 0 3 0 5 1 0 0 2 0 5 1 0 0 3 0 5 0 3 1 0 0 5 0 1 0 4 0 6 0 0 0 0 0 0 0 3 1 0 0 3 0 6 0 0 1 0 0 0 0 0 0 1 1 0 0 2 1 0 0 3 0 1 0 1 1 0 0 4 0 1 0 3 0 1 0 1 0 2 0 0 1 0 0 5 0 3 0 6 0 4 0 0 0 6 0 3 0 1 0 3 0 2 1 0 0 2 0 1 1 0 0 2 0 0 0 0 0 4 1 0 0 4 0 4 0 3 0 0 0 2 0 5 1 0 0 5 0 3 0 3 0 4 0 0 0 0 0 0 0 1 0 0 0 4 1 0 0 4 0 6 0 0 0 1 0 4 0 1 0 3 0 3 0 5 0 5 0 4 0 0 0 6 0 0 0 5 0 6 0 0 0 4 0 1 0 5 0 0 0 2 0 4 0 5 0 3 0 5 0 1 0 5 1 0 1 0 0 5 0 6 0 4 0 1 0 0 0 3 0 6 0 1 1 0 1 0 0 5 0 6 0 4 0 2 0 3 0 5 0 0 0 3 0 0 0 5 0 0 0 1 1 0 0 2 1 0 1 0 0 5 0 3 0 1 0 2 0 4 0 4 0 2 0 5 0 0 0 3 1 0 0 6 0 6 0 4 0 0 0 4 0 2 0 1 0 2 0 2 0 2 0 3 0 2 0 3 0 3 0 0 0 3 0 5 0 6 0 6 0 4 0 6 0 2 0 1 0 0 0 3 0 1 0 4 0 4 0 2 0 6 0 1 0 1 0 1 0 0 0 6 0 4 0 0 0 0 0 3 0 1 0 4 0 2 1 0 0 2 0 6 0 4 0 2
1 581 1 0 6 0 3 1 0 0 4 0 3 0 4 1 0 0 6 0 1 0 3 0 6 0 3 0 6 0 1 1 0 1 0 0 6 0 3 1 0 0 2 0 6 0 4 0 3 0 1 0 0 0 6 0 0 0 5 0 3 0 4 0 6 0 4 0 5 0 1 0 1 0 6 0 6 0 5 0 6 0 3 1 0 0 3 0 0 0 6 0 0 0 2 0 1 0 4 1 0 0 5 0 6 0 2 1 0 0 6 0 1 0 3 0 1 0 2 0 5 0 4 0 6 0 0 0 3 0 4 0 5 0 1 1 0 1 0 0 0 1 0 0 2 0 0 0 5 0 6 0 6 0 4 0 5 1 0 0 0 0 6 0 0 0 1 0 5 0 5 0 1 1 0 0 4 0 6 0 6 0 5 0 2 0 4 0 1 0 0 0 1 0 6 0 2 0 4 0 0 0 4 1 0 0 5 0 3 1 0 1 0 0 4 0 1 0 0 0 2 0 4 0 1 0 5 0 1 0 0 0 0 1 0 1 0 1 0 0 5 0 2 0 5 1 0 0 0 0 3 0 6 0 4 0 6 0 5 0 2 0 3 1 0 0 0 0 3 0 6 0 2 0 2 0 4 0 1 1 0 0 3 0 0 0 6 0 1 0 2 0 4 1 0 0 3 0 6 0 5 0 6 0 3 0 3 0 6 0 3 0 0 0 1 0 2 0 0 0 1 0 1 1 0 0 1 0 5 0 4 0 0 0 3 0 0 0 0 0 1 0 1 0 0 0 0 0 2 0 1 0 2 0 0 0 1 0 5 0 1 0 3 0 0 0 3 1 0 0 0 0 4 0 4 0 1 0 2 0 4 0 2 0 3 0 5 0 2 0 0 0 4 0 2 0 1 0 5 0 1 0 4 0 0 0 3 0 4 0 4 0 0 1 0 0 3 0 6 0 1 0 3 0 0 1 0 0 5 0 4 1 0 1 0 0 3 0 6 0 1 0 5 1 0 0 3 0 1 0 6 0 1 0 2 0 1 0 3 0 6 0 4 1 0 1 0 0 2 1 0 0 3 0 5 0 1 0 1 0 6 0 2 0 2 0 0 0 0 0 5 0 6 0 1 0 2 0 0 0 5 0 2 0 4 0 4 0 4 0 6 0 4 0 6 0 6 0 0 1 0 0 4 0 6 0 6 0 2 0 5 0 5 0 2 0 0 0 6 0 3 0 1 0 1 0 6 0 4 0 3 0 2 0 2 0 1 0 5 0 1 0 1 0 0 0 6 0 3 0 0 0 6 0 6 0 4 0 5 0 1 0 5
1 581 3 0 5 0 1 0 0 0 1 0 0 0 3 0 0 0 4 0 3 1 0 0 6 0 0 0 5 0 4 1 0 1 0 0 5 0 0 1 0 0 5 0 5 0 1 1 0 0 3 0 1 0 4 0 2 0 3 0 0 0 2 0 6 0 2 0 3 0 3 0 3 0 5 0 6 0 4 0 6 0 0 1 0 0 6 0 1 0 4 0 1 0 4 0 3 0 2 0 0 0 3 0 5 1 0 0 0 0 4 0 3 0 6 0 2 0 5 0 3 0 2 0 5 0 1 1 0 0 2 0 3 0 4 1 0 0 6 0 0 0 6 0 3 0 1 0 3 0 6 0 6 0 2 0 4 1 0 0 1 0 4 0 1 0 3 0 3 0 3 0 4 1 0 0 1 0 6 0 6 0 3 0 6 0 0 0 3 0 0 0 3 0 4 0 6 0 0 0 2 0 2 0 0 0 3 0 1 0 0 1 0 0 0 0 3 0 0 0 5 0 0 0 4 0 2 0 3 0 0 0 1 1 0 1 0 1 0 0 2 0 6 0 3 1 0 0 0 1 0 0 6 0 2 0 6 0 3 0 5 1 0 1 0 0 0 1 0 0 5 0 5 0 5 0 0 0 4 0 6 0 5 0 1 0 4 0 3 0 5 0 1 1 0 1 0 0 6 0 4 0 6 0 0 0 0 0 5 1 0 0 1 0 2 0 4 0 0 0 2 0 3 0 6 0 2 0 3 0 1 0 1 0 6 0 0 0 0 0 2 0 2 0 0 0 0 0 4 0 2 0 4 0 0 0 3 0 2 0 3 0 6 0 0 1 0 1 0 0 1 0 1 0 1 0 3 0 5 0 0 0 5 1 0 0 3 0 5 0 1 0 0 0 5 0 3 0 2 0 4 0 0 0 1 1 0 0 2 0 1 0 2 0 6 0 6 0 4 0 3 0 6 0 1 1 0 0 3 0 3 0 0 0 6 0 6 0 4 0 4 0 3 1 0 0 6 0 3 0 4 0 3 0 4 0 2 1 0 0 6 0 3 0 0 0 6 0 4 0 6 0 6 0 2 0 3 0 3 0 4 0 5 0 4 0 0 0 1 0 3 0 5 0 3 0 4 0 1 0 2 0 6 0 1 0 2 0 2 0 6 0 2 0 6 0 5 0 2 1 0 0 1 0 6 0 5 0 6 0 3 0 3 0 5 0 1 0 4 1 0 0 3 0 3 0 5 0 1 1 0 0 5 0 4 0 3 0 2 0 3 0 2 0 1 0 4 1 0 0 2 0 5 0 6 0 2 0 3 0 4 0 3
0 582 1 0 0 3 0 3 0 0 0 2 0 0 0 6 0 1 0 1 0 1 0 0 0 4 0 2 0 3 0 3 0 0 1 0 0 2 0 2 1 0 0 3 0 3 0 4 0 6 0 5 0 3 0 0 0 5 0 6 0 0 0 5 0 4 0 5 1 0 0 0 0 0 0 4 0 6 0 2 0 5 0 2 1 0 0 4 0 4 0 0 0 4 0 0 1 0 0 5 0 0 1 0 0 4 1 0 0 1 0 1 0 0 0 5 0 6 0 2 1 0 0 6 0 2 0 4 0 6 0 3 1 0 0 3 0 0 0 4 0 2 0 4 1 0 0 3 1 0 0 6 0 5 0 6 0 1 1 0 0 3 0 0 0 3 1 0 0 0 0 0 0 2 1 0 0 3 0 5 0 6 0 0 0 5 0 1 0 6 0 0 1 0 0 2 0 5 0 1 0 4 0 4 0 0 0 6 0 2 0 1 0 5 1 0 0 6 0 1 0 2 0 2 0 0 0 5 0 6 0 0 0 3 1 0 1 0 0 6 0 4 0 5 0 0 1 0 0 1 1 0 0 4 0 6 0 5 0 0 0 5 0 0 0 6 0 0 1 0 0 3 0 4 0 3 0 2 0 1 0 6 0 3 0 4 0 1 0 0 0 3 0 4 1 0 1 0 0 5 0 2 0 5 0 1 0 1 0 3 1 0 0 2 0 5 0 0 0 1 0 4 1 0 0 5 0 5 0 6 0 2 0 3 0 4 0 1 0 0 0 4 0 4 0 0 0 1 0 0 0 6 0 0 0 1 0 6 0 4 1 0 0 5 0 2 1 0 0 6 0 1 0 2 0 2 1 0 0 3 0 2 0 3 1 0 1 0 0 3 0 3 0 1 0 2 1 0 0 6 0 0 0 1 0 3 0 6 0 3 0 2 0 5 0 5 0 6 0 2 0 0 0 5 0 4 0 6 0 5 0 6 0 1 0 5 0 6 0 2 0 2 0 1 0 0 0 5 0 0 0 2 0 0 0 1 1 0 0 0 0 4 1 0 0 2 0 5 0 2 0 6 0 5 0 5 1 0 0 0 0 2 0 4 0 1 0 1 0 2 1 0 0 4 0 0 0 1 0 3 0 5 0 4 0 3 0 4 0 5 0 4 0 6 0 5 0 3 0 6 0 6 0 2 0 5 0 4 0 6 0 0 0 0 0 3 0 4 0 1 1 0 1 0 0 0 0 3 0 4 1 0 0 3 0 1 1 0 0 5 0 6 0 4 0 3 0 1 1 0 0 5 0 3 0 5 0 5 1 0 0 2 0 0
0 583 1 0 6 0 5 0 6 0 0 0 4 0 1 0 4 0 3 0 2 0 2 0 1 0 0 0 5 0 6 0 6 0 1 0 6 0 3 0 5 0 6 0 5 1 0 0 2 0 6 0 3 1 0 0 2 0 3 0 5 0 2 0 3 0 2 0 4 1 0 0 0 0 1 0 1 0 5 0 6 0 2 1 0 0 0 0 1 0 1 0 2 0 0 0 2 1 0 0 2 0 2 1 0 0 1 1 0 0 2 0 2 0 1 0 3 0 5 1 0 0 0 0 4 0 6 0 1 0 6 0 0 1 0 0 6 0 1 0 0 0 6 0 2 0 0 0 0 0 0 0 5 0 4 0 5 0 4 0 6 0 5 0 0 1 0 1 0 0 0 0 0 0 5 0 6 0 6 0 3 0 5 0 2 0 2 0 4 0 4 0 2 0 6 0 4 0 2 0 4 0 1 0 1 0 2 0 4 0 5 0 3 0 4 0 0 0 4 0 3 0 4 0 4 0 1 0 3 0 5 0 2 0 0 0 0 1 0 0 5 0 2 0 3 0 2 0 6 0 2 1 0 0 1 0 6 0 3 0 2 0 2 0 2 0 4 0 2 0 6 0 6 0 0 1 0 0 5 0 3 0 5 0 0 0 1 0 3 0 0 1 0 0 3 0 0 1 0 0 2 0 6 0 2 0 3 0 2 1 0 1 0 0 5 0 2 0 1 0 3 0 2 0 0 0 3 0 4 0 5 0 5 1 0 0 1 0 3 0 1 0 1 0 1 0 1 0 2 0 1 0 4 0 1 0 3 0 5 0 3 0 0 0 2 1 0 0 0 0 4 0 3 0 4 0 5 0 6 0 5 0 5 0 0 0 0 0 6 0 5 0 6 0 2 0 5 1 0 0 4 0 1 0 2 1 0 0 5 1 0 0 6 0 3 0 4 0 5 0 5 0 1 0 3 0 2 0 6 0 4 0 5 0 4 0 3 0 5 0 5 0 4 0 2 0 1 0 2 0 1 0 4 0 0 0 3 0 6 0 0 0 1 1 0 0 5 0 2 0 6 0 5 0 4 0 4 1 0 0 0 0 5 0 0 0 3 0 2 0 5 1 0 0 0 0 1 0 2 1 0 0 4 0 2 0 0 0 2 0 4 0 2 0 6 0 4 0 0 0 6 0 5 0 6 0 3 0 2 0 5 0 1 0 0 1 0 0 1 0 4 1 0 0 5 1 0 1 0 0 2 1 0 0 6 0 3 1 0 0 3 0 6 0 1 1 0 0 4 1 0 0 3 0 0 0 4 0 4 1 0 0 4 0 0
0 583 3 0 5 0 4 0 5 0 2 0 0 0 4 0 0 1 0 0 5 0 4 0 2 0 1 0 3 0 6 0 5 0 4 0 5 0 0 0 4 0 6 0 4 1 0 0 5 0 5 0 0 1 0 0 4 1 0 0 3 0 5 0 6 0 5 0 1 1 0 0 0 0 2 0 3 0 3 0 5 0 6 0 5 1 0 0 2 0 2 0 4 0 0 0 5 0 6 0 3 0 5 0 6 0 2 0 6 0 3 0 4 0 2 1 0 0 4 1 0 0 1 0 1 0 5 0 4 0 4 0 2 1 0 0 4 0 3 0 1 0 4 0 5 0 0 0 0 0 1 0 3 0 2 0 4 0 2 0 6 0 3 0 2 1 0 0 5 1 0 0 1 0 3 0 6 0 6 0 0 0 3 0 5 0 5 0 1 0 1 0 6 0 5 0 1 0 6 0 0 0 3 0 2 0 5 0 1 0 4 0 0 0 1 0 2 0 1 0 0 0 2 0 1 0 3 1 0 0 3 0 5 0 0 0 1 1 0 0 2 0 5 0 6 0 5 0 4 0 6 0 6 0 2 0 4 1 0 0 5 0 4 0 5 0 0 0 6 0 5 0 5 0 2 1 0 0 3 0 0 0 3 0 1 0 2 0 6 0 1 0 6 0 5 0 1 0 6 0 4 0 4 0 5 0 6 0 5 1 0 1 0 0 2 0 5 0 2 0 6 0 4 0 0 1 0 0 2 0 4 0 4 1 0 0 2 0 6 0 2 0 2 0 2 0 2 0 4 0 3 0 0 0 3 1 0 0 3 1 0 0 1 0 5 0 6 0 0 0 1 0 0 0 2 0 4 0 6 0 4 0 3 0 1 0 1 0 5 0 4 0 5 0 6 0 4 0 0 0 0 0 3 0 5 1 0 0 4 0 0 0 5 0 0 0 2 0 4 0 3 0 3 0 6 0 5 0 5 0 2 0 4 0 2 0 0 0 4 0 4 0 1 0 5 0 2 0 4 0 3 0 0 0 1 1 0 0 5 0 1 0 3 1 0 0 2 0 6 0 5 0 4 0 2 0 2 1 0 0 1 0 2 0 1 0 6 0 5 0 3 1 0 0 0 0 2 0 5 1 0 0 0 0 5 0 0 0 5 0 0 0 6 0 5 0 1 0 2 0 5 0 4 0 5 1 0 0 6 0 2 0 3 0 1 0 6 0 2 0 2 0 0 0 4 0 0 0 6 0 4 1 0 0 5 0 0 1 0 1 0 0 5 0 4 1 0 0 1 1 0 0 6 0 1 0 1 0 3 0 0 0 0 0 1
0 584 1 0 0 4 0 2 0 3 0 5 0 1 0 0 0 2 1 0 0 3 0 1 0 5 0 2 1 0 0 6 0 4 0 2 0 3 0 2 0 1 0 6 0 3 0 0 0 3 0 3 0 2 1 0 0 1 1 0 1 0 0 4 0 6 0 3 0 4 0 5 1 0 0 4 1 0 0 0 0 4 0 6 0 4 1 0 0 4 0 5 0 0 0 2 0 3 0 6 0 0 0 4 0 5 0 6 0 5 0 0 0 1 1 0 0 0 0 1 1 0 0 2 0 3 0 3 0 2 0 1 1 0 0 0 0 0 1 0 0 4 0 1 0 3 0 1 0 0 0 2 0 6 0 5 0 0 0 6 0 4 1 0 1 0 0 0 0 3 1 0 0 2 1 0 0 6 0 5 0 1 1 0 0 4 0 3 0 3 0 3 0 5 0 3 0 4 0 4 0 1 0 6 0 5 0 2 0 4 0 0 0 1 0 2 0 4 0 2 0 0 0 4 0 2 1 0 1 0 1 0 0 3 0 1 0 3 0 6 0 4 0 3 0 6 0 4 0 2 0 6 0 5 0 6 0 2 0 0 0 3 0 2 0 3 0 2 0 5 0 4 0 3 0 6 0 6 0 5 0 0 0 6 0 2 0 5 0 4 0 4 0 5 0 3 0 4 0 5 0 2 0 2 0 4 0 6 0 5 0 0 0 6 0 4 0 2 0 6 0 5 0 1 0 2 0 6 0 4 0 1 0 2 1 0 0 5 0 4 0 5 0 4 0 4 0 5 0 0 1 0 0 1 1 0 1 0 1 0 1 0 0 3 0 3 0 5 0 1 0 2 0 0 0 5 0 1 0 6 0 1 1 0 0 3 0 3 0 3 0 2 0 4 0 6 0 1 0 1 0 0 1 0 0 5 0 0 0 0 0 2 0 2 0 1 0 5 0 1 0 0 0 0 0 6 0 4 0 3 0 6 0 0 0 5 0 1 0 1 0 1 0 4 0 2 0 6 0 0 1 0 0 1 0 3 1 0 0 2 0 3 1 0 1 0 0 5 0 5 0 4 0 1 0 5 0 5 0 6 0 1 0 4 0 3 0 5 0 4 0 0 1 0 0 0 0 5 0 3 1 0 0 1 0 2 0 2 0 2 0 2 0 5 0 3 0 3 0 5 0 3 0 2 0 5 0 0 0 4 0 5 0 6 0 3 0 4 0 5 0 4 0 1 0 0 0 2 0 5 0 3 0 0 0 2 0 2 1 0 1 0 0 3 0 2 1 0 0 3 1 0 0 4 0 3 0 2 0 6 0 0 0 0 0 2
1 585 1 1 0 0 0 0 5 1 0 0 3 0 3 0 0 0 5 0 6 0 5 0 3 0 2 1 0 0 0 0 5 0 1 0 5 0 6 0 4 0 3 0 4 1 0 0 1 0 6 0 6 0 5 0 6 0 2 1 0 1 0 0 1 0 6 0 0 0 2 0 5 0 0 0 1 1 0 0 1 0 1 0 6 0 3 0 0 0 1 0 3 0 1 0 4 1 0 0 5 0 2 0 1 0 4 0 6 0 3 0 1 0 3 0 5 1 0 0 3 0 6 0 3 0 6 0 6 0 4 0 3 0 5 1 0 0 1 1 0 0 0 0 3 0 6 0 2 0 0 0 5 0 5 0 3 0 2 0 5 0 3 0 0 0 5 1 0 1 0 1 0 0 5 1 0 0 5 0 3 0 4 1 0 0 1 0 0 0 0 0 0 0 4 0 0 0 2 0 1 0 4 0 5 0 3 0 6 0 0 0 1 0 2 0 5 0 0 0 5 0 1 0 0 1 0 0 0 1 0 0 6 0 5 0 2 1 0 0 6 0 2 0 0 0 6 0 1 0 6 0 5 0 4 0 5 0 5 0 0 0 6 0 4 0 6 0 5 0 3 0 2 0 0 0 6 0 6 0 3 0 2 0 4 0 6 0 3 0 2 0 2 0 4 0 0 0 2 0 3 0 5 0 5 0 1 0 6 0 3 0 2 0 5 0 1 0 6 0 5 0 3 0 3 0 5 0 5 0 1 0 3 0 5 1 0 0 3 0 2 0 4 0 2 0 2 0 3 0 2 0 6 0 2 1 0 1 0 1 0 0 6 0 5 1 0 0 3 0 3 0 4 0 1 0 2 0 4 0 4 0 4 0 6 0 5 0 6 0 6 0 5 0 1 0 5 0 3 0 2 0 1 1 0 0 2 0 1 0 0 0 4 0 4 0 3 0 2 0 3 0 0 0 1 0 5 0 2 0 0 0 5 0 2 0 2 0 3 0 2 0 3 0 0 0 6 0 4 0 2 0 6 0 1 1 0 1 0 0 5 0 0 0 0 1 0 0 3 0 4 0 1 0 4 0 3 0 4 0 5 0 4 0 1 0 0 0 4 0 1 0 2 0 6 0 0 0 3 0 0 1 0 0 2 0 4 0 4 0 4 0 5 0 3 0 0 0 0 0 3 1 0 0 6 0 2 0 2 0 1 0 4 0 6 0 0 0 2 0 4 0 1 0 3 0 0 0 5 0 2 1 0 0 1 0 4 0 5 1 0 0 6 0 5 0 5 1 0 0 0 0 0 0 0 1 0 0 6 0 4 0 1 0 0 0 4
0 585 3 0 6 0 0 0 3 1 0 0 6 0 6 0 1 0 3 0 6 0 3 1 0 0 6 0 6 0 0 0 2 0 4 0 3 0 6 0 2 0 0 0 2 1 0 0 3 0 5 0 6 0 4 0 5 1 0 0 0 0 6 0 2 0 4 0 1 0 5 0 2 0 1 0 3 0 6 0 1 0 3 0 4 1 0 0 1 0 2 0 6 0 3 0 2 0 0 0 2 0 5 0 3 0 1 0 5 1 0 0 3 1 0 0 4 1 0 1 0 0 6 0 0 0 6 0 6 0 2 0 0 0 4 1 0 0 3 0 5 1 0 1 0 0 5 0 5 0 1 0 3 0 3 1 0 0 6 0 2 1 0 0 2 0 4 0 0 1 0 1 0 0 4 0 0 0 3 0 0 0 2 1 0 0 2 0 0 0 0 0 1 0 0 0 1 0 4 0 3 0 1 0 4 0 0 0 5 0 1 0 2 0 5 0 2 0 2 0 2 0 3 0 1 0 6 0 0 1 0 0 5 0 3 1 0 0 0 0 4 0 5 0 1 0 4 0 4 0 5 0 4 0 2 0 4 0 3 0 2 0 5 0 2 0 6 0 3 1 0 0 5 0 1 0 5 0 5 1 0 0 6 0 1 0 5 1 0 0 5 0 5 0 0 0 1 0 4 1 0 0 4 0 3 0 4 0 4 1 0 0 6 0 2 0 4 0 5 0 4 0 0 0 0 0 4 0 3 0 3 1 0 0 4 1 0 0 6 0 5 0 0 0 5 0 4 0 6 0 5 0 4 1 0 0 0 1 0 1 0 0 5 0 4 1 0 1 0 0 0 0 1 0 3 0 5 0 1 0 2 0 2 0 6 0 4 0 6 0 6 0 3 0 4 0 2 1 0 0 5 0 3 0 6 0 3 0 2 0 1 0 1 0 1 1 0 0 5 0 6 0 0 0 3 0 2 0 5 0 1 0 2 0 5 0 4 0 6 0 4 0 6 0 1 0 5 0 1 0 6 0 4 0 4 1 0 1 0 0 2 0 1 0 1 0 6 0 6 0 0 0 4 0 1 0 0 0 2 0 4 0 1 0 3 0 1 0 0 0 3 0 5 0 4 0 1 0 6 0 1 0 6 0 4 0 1 0 2 0 2 0 3 1 0 0 1 0 1 0 0 0 0 0 4 0 5 0 4 0 3 0 1 0 5 0 1 0 5 0 0 0 3 0 6 0 1 0 2 0 6 0 6 0 2 0 1 0 5 0 0 0 5 0 4 0 4 1 0 0 0 0 0 0 1 1 0 0 5 0 1 0 3 0 1 0 1
0 586 1 0 0 5 0 2 0 0 0 0 0 5 0 5 0 3 1 0 0 6 0 1 0 0 0 5 0 5 0 1 0 5 0 1 0 0 0 5 0 5 0 0 0 5 0 6 0 6 0 3 0 6 0 2 0 4 1 0 0 1 0 4 0 6 0 0 0 4 0 2 0 5 0 2 1 0 0 5 0 3 1 0 0 2 1 0 0 2 0 5 0 4 1 0 0 5 0 0 0 5 0 2 1 0 0 4 0 4 0 0 0 0 0 0 0 2 0 0 1 0 0 4 0 2 0 5 0 5 0 5 0 1 0 1 1 0 1 0 0 5 0 0 1 0 0 3 0 3 0 3 1 0 0 1 0 0 0 4 0 6 0 6 0 4 0 0 0 2 1 0 1 0 0 0 0 1 0 6 0 0 0 5 0 6 0 3 0 0 0 0 0 2 0 0 0 3 0 0 1 0 0 4 0 0 0 2 0 2 0 3 0 5 0 2 0 5 0 4 0 4 0 6 0 3 0 4 0 2 1 0 0 3 0 0 1 0 0 1 0 1 0 3 0 4 0 1 0 2 0 4 0 1 0 6 0 0 1 0 0 6 0 2 0 6 0 5 0 1 0 0 0 2 0 4 0 3 0 5 0 0 0 4 0 4 0 4 0 0 0 3 0 3 0 1 0 3 0 2 0 0 0 1 0 0 0 2 0 3 0 0 0 4 0 6 0 1 0 4 0 1 0 1 0 1 0 1 0 0 0 1 0 0 0 2 0 0 0 5 0 3 0 2 0 3 0 2 0 6 0 4 0 2 1 0 0 1 1 0 1 0 0 3 0 3 0 0 0 5 1 0 0 2 1 0 0 3 0 3 0 4 0 5 0 5 0 2 0 6 0 6 0 0 0 1 1 0 0 0 0 3 0 0 0 5 1 0 0 5 0 2 0 2 0 3 1 0 0 3 0 5 0 1 0 6 0 5 0 2 0 3 0 5 0 3 0 2 0 6 0 2 0 5 0 4 0 2 0 4 0 5 0 2 0 3 0 0 0 6 0 3 0 2 0 3 0 5 0 5 0 2 0 0 0 3 0 0 0 5 0 0 0 3 0 6 0 2 0 0 1 0 0 4 0 1 0 4 0 4 0 4 0 5 0 1 0 3 0 4 0 4 1 0 1 0 0 2 0 2 0 0 0 1 0 1 0 4 0 1 1 0 0 4 0 2 0 4 0 2 0 1 1 0 0 5 0 3 0 5 0 5 0 5 0 5 0 3 0 2 0 2 0 3 0 2 0 2 1 0 0 0 0 0 0 3 1 0 0 2 0 3 0 6 0 2 0 2
1 587 1 1 0 0 2 0 5 0 0 0 1 0 3 0 4 0 1 0 0 0 4 0 3 0 1 0 3 0 3 0 4 0 2 0 3 0 1 0 3 0 3 0 2 0 3 0 6 0 6 0 0 0 5 0 6 0 1 1 0 0 3 0 1 0 5 0 2 0 0 0 6 0 2 1 0 0 0 0 3 0 0 1 0 0 5 0 6 0 4 0 3 0 3 0 0 0 2 0 2 0 2 1 0 0 0 0 1 0 1 0 1 0 0 0 0 0 4 0 1 1 0 0 0 0 6 0 3 0 4 0 3 0 3 0 3 1 0 1 0 0 2 0 2 0 6 0 5 1 0 0 0 1 0 0 2 0 1 0 1 0 6 0 6 0 1 0 1 0 5 1 0 0 5 1 0 0 3 0 4 0 2 0 3 0 5 1 0 0 1 0 0 0 4 0 0 0 6 0 1 1 0 0 0 0 1 0 4 0 4 1 0 0 3 0 6 0 3 0 2 0 2 0 6 0 0 0 1 0 6 0 6 0 5 0 1 0 6 0 1 0 2 1 0 0 1 0 3 0 5 0 0 0 4 0 4 0 2 1 0 0 4 0 6 0 5 0 3 0 3 0 0 0 5 0 1 0 0 0 3 0 2 0 1 0 2 0 1 0 1 0 6 0 6 0 2 0 6 0 4 0 0 0 2 0 0 0 4 0 6 0 1 0 1 0 5 0 4 0 0 0 3 0 2 0 2 0 2 0 0 0 2 0 0 0 4 0 1 0 2 1 0 0 5 0 6 0 5 0 5 0 1 0 6 0 6 0 2 1 0 0 6 0 5 0 6 0 1 0 3 1 0 0 5 0 6 0 5 1 0 0 2 0 4 0 3 0 6 0 5 0 5 0 1 0 3 0 5 1 0 0 6 0 1 0 4 0 0 0 2 0 5 0 4 1 0 1 0 1 0 0 3 0 4 0 5 0 3 0 5 1 0 0 3 1 0 0 6 0 4 0 6 0 3 0 1 0 6 0 1 0 3 0 5 0 6 0 1 0 4 1 0 0 5 1 0 0 4 0 3 0 5 0 0 0 6 0 1 0 2 0 1 1 0 0 5 0 5 0 1 1 0 0 0 0 4 0 1 0 2 0 2 0 3 0 3 1 0 0 2 0 3 0 0 0 6 0 3 0 4 0 0 0 2 0 3 0 0 0 4 1 0 0 0 0 6 0 0 0 5 0 3 1 0 0 3 0 0 0 4 0 4 0 4 0 3 1 0 0 5 0 4 0 6 0 4 0 5 0 5 1 0 0 0 1 0 1 0 0 4 1 0 0 5 0 5 0 4
0 587 3 0 6 0 4 0 2 0 1 0 2 1 0 0 1 0 3 0 1 0 0 1 0 0 3 1 0 0 0 0 1 0 5 0 6 0 2 0 6 0 6 0 4 1 0 0 6 0 5 0 2 0 3 0 5 0 4 0 6 0 5 0 3 0 2 0 5 0 1 0 4 0 6 0 5 1 0 0 6 0 1 1 0 0 3 0 6 0 1 1 0 1 0 0 1 0 4 0 4 0 5 0 5 1 0 0 2 0 2 0 2 0 0 0 1 0 0 0 4 0 6 0 0 0 5 0 0 0 2 0 0 0 0 0 1 0 0 0 6 0 3 0 5 0 5 0 4 1 0 0 1 0 6 0 3 0 2 0 3 0 5 0 5 0 3 0 3 0 4 0 0 0 3 1 0 1 0 0 1 0 5 1 0 0 4 1 0 0 2 0 1 0 0 0 2 0 4 0 4 0 5 1 0 0 3 0 1 0 2 1 0 1 0 0 5 1 0 0 5 0 5 0 4 0 1 0 3 0 5 0 6 0 3 0 4 0 4 0 3 0 5 0 6 0 1 1 0 0 3 0 2 0 1 0 1 1 0 0 0 0 1 0 6 0 3 1 0 1 0 0 2 0 2 0 3 0 0 0 6 0 4 0 2 0 4 0 2 0 3 0 5 0 5 0 6 0 5 0 1 0 1 0 4 0 1 0 1 0 5 0 3 0 3 0 3 0 1 0 1 0 6 0 4 0 4 0 4 0 0 0 4 0 1 0 0 0 3 0 5 1 0 0 3 0 6 0 4 0 3 0 4 0 5 0 5 1 0 0 0 0 5 0 4 0 5 0 4 0 0 0 0 0 3 0 6 0 4 1 0 0 5 0 1 0 0 0 6 0 4 0 3 0 3 1 0 0 5 0 0 0 4 0 4 0 0 0 1 0 5 0 3 0 3 0 0 1 0 0 6 0 6 0 1 0 4 0 0 0 5 0 0 0 0 0 0 0 5 0 2 0 5 1 0 0 4 0 4 0 3 1 0 0 4 0 5 0 4 0 2 0 0 0 4 0 0 0 1 0 0 0 3 0 2 0 4 0 3 0 4 0 3 1 0 0 3 0 3 0 4 0 6 0 0 0 0 0 3 0 4 0 4 1 0 0 0 1 0 0 4 0 6 0 1 0 5 0 0 0 1 0 1 0 4 0 6 0 1 0 1 1 0 0 1 0 4 0 2 0 3 0 0 1 0 0 6 0 1 0 1 0 2 0 2 0 1 0 0 0 3 0 2 0 6 0 2 0 4 0 4 1 0 0 1 1 0 1 0 0 2 0 0 0 3 0 4 0 2
1 588 1 0 0 6 0 1 0 5 0 2 0 5 0 6 0 1 0 6 0 2 0 1 0 6 0 6 0 5 1 0 0 3 0 3 0 5 0 6 0 5 0 6 0 3 0 0 0 5 0 3 0 5 1 0 0 4 0 2 0 6 0 3 1 0 0 6 0 2 0 4 0 1 0 6 0 5 0 0 0 4 0 4 0 6 0 6 0 4 0 4 1 0 0 6 0 2 0 1 0 2 0 4 0 4 1 0 0 4 0 4 0 4 0 0 0 2 0 1 0 1 0 5 0 2 0 2 0 1 0 4 0 0 0 0 0 2 0 1 0 5 0 0 0 4 0 4 0 2 1 0 0 3 0 4 1 0 0 5 1 0 0 4 0 4 0 0 0 0 0 1 0 2 0 0 0 0 0 6 0 2 0 4 0 0 0 1 1 0 0 4 0 2 0 0 0 5 0 1 0 2 0 4 1 0 0 6 0 2 0 5 1 0 1 0 0 4 0 0 0 3 0 4 0 1 0 3 1 0 0 4 0 6 0 0 0 2 0 2 0 0 0 4 0 5 0 4 0 6 0 5 0 4 0 2 0 3 0 5 1 0 0 3 0 5 0 1 0 0 0 6 0 3 0 4 0 6 0 1 0 5 0 1 0 6 0 0 0 5 1 0 0 4 0 4 0 6 0 3 0 3 0 3 0 0 0 3 0 3 0 2 1 0 1 0 1 0 0 3 0 3 0 5 0 2 0 2 0 1 0 2 0 0 0 3 0 0 1 0 0 4 1 0 1 0 0 6 0 2 0 0 0 2 0 4 0 4 1 0 0 1 0 3 0 2 0 4 0 1 0 1 0 0 1 0 0 6 0 3 0 0 0 2 0 3 0 1 0 5 0 2 0 0 0 1 0 0 0 2 0 2 0 1 0 1 0 1 0 3 0 2 1 0 1 0 0 2 1 0 0 5 0 5 0 4 0 0 0 2 0 2 0 1 0 0 0 1 0 2 0 6 0 4 0 0 0 1 0 2 0 1 0 0 0 1 0 4 0 1 0 5 0 1 0 0 0 1 0 2 0 0 0 6 0 5 0 1 0 0 0 2 0 0 1 0 1 0 0 0 0 2 0 5 0 1 0 0 1 0 0 2 0 2 1 0 0 1 1 0 0 1 0 5 0 4 0 2 0 1 0 2 0 3 0 1 0 5 0 3 0 3 0 6 0 2 0 0 0 5 0 6 0 1 1 0 0 4 0 3 0 2 0 4 0 4 0 2 0 0 0 6 0 5 0 4 0 6 0 1 0 2 1 0 0 3 1 0 0 6 0 3 0 0 1 0 0 1 0 5
0 589 1 1 0 0 4 0 4 0 2 0 6 0 3 0 5 0 4 0 4 0 5 0 3 0 5 0 6 0 4 1 0 1 0 0 0 0 4 0 6 0 4 0 5 1 0 0 2 0 3 0 0 0 5 0 0 0 0 0 6 0 5 0 1 0 0 0 4 0 6 0 0 0 4 0 5 0 3 0 2 0 1 0 2 0 6 0 6 0 2 0 3 0 0 0 4 0 5 0 2 0 5 0 1 0 3 0 0 0 1 0 2 0 1 0 1 0 4 0 2 0 3 0 2 0 5 0 4 0 3 0 0 0 1 0 0 0 4 0 3 0 2 0 2 0 1 0 1 0 6 0 6 0 6 0 2 0 0 0 4 0 0 0 1 0 1 0 1 0 0 0 2 0 4 0 0 0 1 0 4 0 6 0 0 0 1 0 3 1 0 0 0 0 5 0 1 0 2 0 3 0 5 0 2 0 0 0 4 0 6 0 4 0 0 1 0 0 0 0 1 1 0 0 1 0 4 0 0 0 0 0 1 0 5 0 1 0 4 0 4 0 1 0 1 0 4 0 2 0 6 0 4 0 1 0 5 1 0 0 4 1 0 1 0 0 3 0 3 0 1 0 5 0 0 0 2 0 5 0 4 0 2 0 4 0 4 0 2 0 4 0 0 0 1 0 2 0 5 1 0 1 0 1 0 0 1 0 6 0 6 0 5 1 0 1 0 0 6 0 5 1 0 0 3 0 5 0 4 0 2 0 4 0 0 0 6 0 1 1 0 0 2 0 0 1 0 0 4 0 5 0 0 0 5 0 1 0 2 1 0 0 2 0 6 0 5 0 0 0 3 0 2 0 1 1 0 0 4 1 0 0 1 0 4 0 6 0 3 0 2 0 5 0 0 0 2 0 0 0 4 0 4 0 2 0 2 0 2 0 6 0 5 1 0 0 6 0 4 1 0 0 3 0 4 0 1 0 1 0 4 0 4 0 2 0 0 0 2 0 5 0 5 0 1 0 1 0 2 0 4 0 2 0 0 0 3 0 0 0 4 0 2 0 3 0 0 0 2 0 4 0 1 0 5 0 3 0 3 0 0 0 4 0 1 1 0 0 5 1 0 0 5 0 2 0 3 0 1 0 6 0 3 0 5 0 6 0 2 0 6 0 2 0 3 0 1 0 5 0 2 0 4 0 6 0 3 0 3 0 0 0 0 0 5 0 5 0 1 0 3 0 5 0 4 1 0 0 0 1 0 0 6 0 1 0 1 0 5 0 1 0 5 0 4 0 2 0 5 0 3 0 5 1 0 0 0 0 0 0 4 1 0 0 2 0 6 0 2 0 3
1 589 3 1 0 0 1 0 1 0 6 0 5 0 0 0 4 0 2 0 2 0 4 0 0 0 4 0 6 0 3 0 0 0 6 0 0 0 1 0 6 0 2 0 4 1 0 0 4 0 6 0 1 0 2 0 1 0 1 0 5 0 3 0 3 0 1 0 1 0 5 0 2 0 1 0 3 1 0 0 5 0 2 0 5 0 5 0 5 0 5 0 6 0 1 0 1 0 3 0 6 0 2 0 3 0 6 0 0 0 2 0 4 0 2 0 3 0 0 0 5 0 6 0 5 0 3 0 1 1 0 0 1 0 2 0 1 0 0 1 0 0 5 0 4 0 2 0 3 0 5 0 6 0 5 0 5 0 1 0 0 0 1 0 2 0 2 0 2 0 0 0 5 0 0 0 1 0 3 0 1 0 5 0 1 0 2 1 0 1 0 0 1 0 2 0 3 0 4 1 0 0 3 0 5 0 1 0 1 0 6 0 1 0 2 0 5 1 0 0 3 0 6 0 2 0 0 0 1 0 0 0 3 0 2 0 4 0 1 0 1 0 3 0 3 0 0 0 6 0 5 0 1 0 4 0 4 0 0 0 2 0 0 0 6 0 5 0 6 0 3 0 2 0 1 0 5 0 3 0 1 0 6 0 1 0 1 0 6 0 0 0 1 0 2 0 5 0 4 0 0 1 0 0 6 0 2 0 5 0 6 0 5 0 0 1 0 0 5 0 4 1 0 1 0 0 4 0 1 0 6 0 0 0 2 0 4 0 4 0 6 0 3 0 1 1 0 0 1 0 3 0 2 0 2 0 3 0 5 0 6 0 4 0 5 0 3 0 1 0 6 0 4 0 3 1 0 0 1 1 0 0 3 0 1 0 5 1 0 0 6 0 2 0 1 0 4 0 1 0 1 0 1 0 5 0 4 0 5 0 5 0 5 0 0 0 5 0 2 1 0 1 0 0 1 0 3 0 3 0 1 0 1 0 5 0 0 0 5 0 3 0 3 0 3 0 2 0 5 0 0 0 5 0 0 0 6 0 1 0 0 0 5 0 6 0 0 0 5 0 0 0 4 0 2 1 0 1 0 0 2 0 0 0 4 1 0 0 4 0 0 0 2 0 5 0 6 0 3 0 5 0 0 0 4 0 5 0 6 0 4 0 5 0 6 0 3 0 2 0 6 0 1 0 5 1 0 1 0 0 1 0 1 0 3 0 3 0 3 1 0 0 4 0 2 1 0 0 1 1 0 0 4 0 3 0 3 0 2 0 4 0 3 0 1 0 6 0 3 0 0 0 4 1 0 0 0 0 1 0 1 1 0 0 5 0 4 0 5 1 0
1 590 1 0 1 0 0 2 0 3 0 5 0 3 0 2 0 0 0 5 0 5 0 0 0 2 0 1 0 5 1 0 0 2 0 4 0 1 0 3 0 4 0 6 0 2 0 0 0 1 0 5 0 3 0 4 0 2 0 3 0 2 1 0 1 0 0 3 0 3 0 2 0 5 0 3 0 0 0 0 0 2 0 6 0 3 0 4 0 4 0 4 0 5 0 3 0 2 1 0 0 5 0 5 1 0 0 5 0 1 0 5 0 0 0 5 0 6 0 1 0 3 0 6 0 3 1 0 0 4 0 6 0 1 0 4 0 2 0 1 1 0 0 3 0 1 0 5 1 0 0 4 0 6 0 4 0 3 0 3 0 0 0 2 0 4 0 4 0 4 0 1 0 2 0 1 0 2 0 6 0 3 0 2 0 3 0 5 1 0 0 6 0 1 0 4 1 0 0 2 1 0 1 0 0 3 0 3 0 3 0 4 0 3 0 5 0 3 1 0 1 0 0 5 0 5 0 0 0 2 0 0 0 6 0 5 0 0 0 3 0 2 0 6 0 6 0 1 0 5 0 3 0 4 0 1 0 1 0 1 0 4 0 1 0 5 0 4 0 5 1 0 0 5 0 3 0 2 1 0 0 4 0 4 0 3 0 3 0 4 0 1 0 2 0 5 0 3 0 1 0 2 1 0 0 4 0 6 0 3 0 6 0 3 0 2 1 0 0 3 0 3 0 0 1 0 0 0 0 4 0 4 0 1 0 5 0 1 0 2 0 5 1 0 0 4 0 6 0 1 0 6 0 4 0 4 1 0 0 4 0 6 0 2 0 3 1 0 0 4 0 5 0 2 0 0 1 0 0 3 0 6 0 5 0 3 0 4 0 0 0 4 0 5 0 3 0 0 0 3 0 2 0 3 0 3 0 2 0 4 0 4 0 3 0 2 0 2 1 0 0 0 0 6 0 1 0 6 0 6 0 2 0 3 0 2 0 2 0 2 1 0 1 0 1 0 0 6 0 2 0 2 0 2 0 2 0 4 0 3 0 1 0 3 0 5 0 2 0 2 0 2 0 0 1 0 0 0 0 6 0 3 0 1 0 2 0 0 0 0 0 1 0 5 0 3 0 6 0 0 0 3 0 2 0 1 0 4 0 6 0 2 0 4 0 5 1 0 0 6 0 4 0 4 0 4 0 0 0 6 0 1 0 2 1 0 0 0 0 1 0 0 0 0 0 6 0 6 0 2 1 0 0 0 1 0 1 0 0 6 0 0 1 0 0 4 0 4 1 0 0 2 0 1 1 0 0 0 0 2 0 3 1 0 0 3 0 2 0 4 1 0
1 591 1 1 0 0 6 0 3 1 0 0 3 1 0 0 5 0 1 0 3 0 3 0 1 0 4 0 3 0 3 1 0 0 5 0 0 0 3 1 0 0 2 0 5 0 5 0 0 0 3 0 3 0 0 0 1 0 5 0 6 0 5 1 0 0 6 0 5 0 6 0 5 0 2 1 0 0 1 0 0 0 5 0 5 0 0 0 2 0 2 0 2 0 3 1 0 1 0 0 0 0 3 0 5 0 0 0 2 0 4 0 2 0 2 0 3 0 5 0 3 1 0 0 6 0 1 0 0 0 1 0 5 0 4 0 0 0 5 0 3 0 6 0 5 0 3 0 4 0 0 0 1 0 6 0 1 1 0 1 0 0 1 0 5 0 1 0 2 0 1 0 3 0 4 0 2 0 5 0 4 1 0 0 5 1 0 0 5 0 0 0 4 0 4 0 1 1 0 0 5 1 0 0 6 0 5 1 0 0 0 0 2 0 0 0 4 0 1 0 0 1 0 0 3 0 3 0 1 0 4 0 1 0 5 0 3 0 1 0 6 0 5 0 5 0 5 0 4 0 3 0 0 0 1 0 3 0 2 0 3 0 0 0 4 0 3 0 2 0 5 0 0 0 2 1 0 1 0 0 0 0 1 0 2 0 0 0 0 0 1 0 3 0 5 0 2 1 0 0 3 0 5 1 0 0 1 0 6 0 0 0 5 1 0 0 6 0 6 0 5 0 6 0 1 0 6 0 0 0 1 0 1 0 4 0 2 0 3 0 5 0 4 0 0 0 1 0 5 0 4 0 5 0 2 0 3 0 0 0 1 0 5 0 6 0 0 0 0 0 1 0 3 0 5 0 1 0 6 0 6 0 5 0 4 0 0 0 1 0 2 0 1 0 3 1 0 0 1 0 6 0 4 0 6 0 6 0 5 0 1 0 1 1 0 0 5 0 5 0 6 0 0 0 4 0 4 0 5 0 5 0 5 0 6 0 4 0 4 0 5 1 0 1 0 1 0 0 4 0 5 0 4 0 4 0 5 0 0 1 0 0 3 1 0 0 3 0 5 0 4 0 4 0 1 0 6 0 0 0 4 1 0 0 3 0 4 0 0 0 0 0 3 0 3 0 0 0 5 0 1 0 6 0 4 0 3 0 1 0 5 0 6 0 1 0 5 0 0 0 5 0 2 0 2 0 1 0 2 0 4 0 3 0 5 0 5 1 0 0 2 0 0 0 1 0 5 0 5 0 6 0 6 0 0 1 0 1 0 0 4 0 2 1 0 0 1 0 2 1 0 0 4 0 3 0 5 1 0 0 4 1 0 1 0 0 6 0 5 0 1 1 0
1 591 3 1 0 0 5 0 1 0 0 0 0 0 0 0 2 0 3 0 6 0 6 0 3 0 1 0 0 0 1 0 0 0 2 0 1 1 0 1 0 0 5 0 3 0 3 0 1 0 6 0 6 0 0 0 3 0 3 0 6 0 5 0 0 0 5 0 4 0 6 0 3 0 6 0 6 0 1 0 1 0 3 0 3 0 1 0 4 0 4 0 5 0 0 0 0 0 5 1 0 1 0 0 3 0 1 0 5 0 0 0 5 0 4 1 0 0 4 0 1 0 0 0 4 0 3 0 0 0 3 0 3 0 1 0 2 0 3 0 0 0 6 0 4 0 0 0 1 0 1 0 3 0 4 0 4 1 0 0 6 0 2 0 2 0 3 0 4 0 2 1 0 0 1 0 6 0 3 0 3 0 0 0 4 0 0 0 2 0 2 0 1 0 1 0 4 1 0 0 4 0 0 0 5 0 4 1 0 0 0 0 4 0 1 0 0 0 3 0 1 0 6 0 5 0 6 0 3 0 0 0 4 0 2 1 0 0 4 0 5 0 4 0 4 0 4 0 1 1 0 0 1 0 2 0 6 0 4 0 6 0 1 0 0 1 0 0 6 0 2 0 1 0 5 1 0 0 5 1 0 0 2 0 4 0 0 0 0 0 2 1 0 0 3 0 6 0 6 0 6 0 3 1 0 0 3 0 4 0 2 0 4 0 0 0 5 0 6 0 4 0 5 0 4 0 4 0 1 0 2 0 3 0 0 0 5 1 0 0 4 0 1 0 1 0 3 0 3 0 2 0 3 0 5 0 6 0 0 0 3 0 3 0 5 0 1 0 0 0 2 1 0 0 3 0 4 0 5 0 6 0 4 0 1 0 1 0 2 0 4 0 2 1 0 1 0 0 3 0 5 0 2 0 6 0 6 0 3 0 3 0 3 1 0 0 3 0 4 0 5 0 2 0 1 0 2 0 4 0 4 0 4 0 6 0 2 0 2 0 5 0 0 1 0 1 0 0 1 0 4 0 2 0 2 0 3 0 2 0 6 0 6 0 6 0 6 0 3 0 2 0 1 0 4 0 4 0 2 0 1 1 0 1 0 0 1 0 1 0 0 0 6 0 6 0 1 0 2 0 4 0 5 0 1 1 0 0 4 0 3 0 5 0 4 0 2 0 2 0 2 0 5 0 4 0 2 0 5 0 1 0 0 0 4 0 4 1 0 0 4 0 0 0 3 0 3 0 4 0 6 0 5 0 2 1 0 1 0 0 0 0 6 0 6 0 1 0 5 1 0 0 1 0 0 0 5 0 0 0 2 0 0 1 0 0 5 0 3 0 4 0 5
1 593 1 0 0 0 0 0 2 0 3 0 0 0 0 0 0 0 4 1 0 0 6 0 5 1 0 0 3 0 0 0 2 0 0 0 4 0 3 1 0 1 0 0 2 1 0 1 0 0 4 0 5 0 5 0 1 1 0 0 0 0 6 0 3 0 2 0 3 0 2 0 6 0 0 0 6 0 5 0 3 0 2 0 6 0 6 0 3 0 1 0 2 0 3 0 1 0 1 0 4 0 0 0 6 0 5 0 3 0 2 0 2 0 3 0 3 0 0 0 0 0 3 0 1 0 0 1 0 0 1 0 6 0 6 0 2 0 4 0 6 0 1 0 5 0 1 0 1 0 2 0 2 1 0 0 2 0 3 0 0 0 4 0 5 0 4 1 0 0 1 0 6 0 6 0 2 0 4 1 0 1 0 0 2 0 0 0 1 0 4 0 4 0 2 0 3 0 2 0 0 0 0 0 2 0 3 0 2 1 0 0 1 0 0 0 3 0 0 0 6 0 3 0 5 0 4 0 5 1 0 0 2 0 0 1 0 0 0 0 1 0 4 0 2 0 2 0 1 0 4 0 6 0 1 0 5 0 5 0 2 0 5 0 3 0 1 1 0 0 4 0 5 0 3 0 4 0 0 0 3 1 0 0 5 0 0 0 1 0 0 0 5 0 6 0 6 0 5 0 6 0 6 0 0 1 0 1 0 0 1 0 6 0 0 0 2 0 3 0 6 0 2 0 4 0 2 0 1 0 3 0 4 0 6 0 1 0 4 0 0 0 0 0 3 0 2 0 6 0 6 0 4 1 0 0 4 0 5 0 1 1 0 0 0 0 3 0 3 0 0 0 5 0 6 0 6 0 1 0 4 0 6 0 1 0 3 0 2 0 5 0 0 1 0 0 0 0 6 0 6 0 2 0 6 0 5 0 6 0 0 0 0 0 0 1 0 1 0 0 2 0 3 0 5 0 2 0 5 0 1 0 2 0 2 0 5 0 5 0 5 0 2 0 2 1 0 0 6 0 2 0 0 0 5 0 4 0 6 0 5 0 5 0 6 0 6 0 5 1 0 0 5 0 3 0 1 0 1 0 5 0 3 1 0 0 6 0 1 0 2 0 1 0 5 0 5 0 3 0 5 0 1 0 3 0 4 1 0 0 1 0 0 0 4 0 1 0 5 0 4 0 5 0 3 0 1 0 6 0 2 0 3 0 1 0 1 0 3 0 0 0 0 0 1 1 0 0 0 0 2 0 6 0 3 1 0 0 0 0 6 0 0 0 5 0 5 0 4 0 3 1 0 0 2 0 1 0 2 0 1 0 4 0 1 1 0 0 3 0 0 0 2 0 4
0 593 2 0 0 0 0 0 4 0 6 0 0 0 0 0 1 0 2 0 0 0 5 0 4 1 0 0 6 0 0 0 4 0 1 0 1 0 1 0 0 0 6 0 4 1 0 1 0 0 1 0 4 0 3 0 4 0 6 0 0 0 4 1 0 0 5 0 6 0 5 0 4 0 2 0 5 0 3 1 0 0 6 0 5 0 5 1 0 0 3 0 4 0 6 0 2 0 3 0 0 0 2 0 5 0 3 1 0 0 5 0 4 0 6 0 6 0 0 0 0 0 6 0 2 0 1 0 6 0 2 0 5 0 5 0 6 0 1 0 5 0 4 0 2 0 3 0 2 0 4 0 5 0 6 0 3 0 6 0 1 0 1 0 4 0 2 1 0 0 3 0 5 0 5 0 6 0 2 0 0 0 6 0 3 0 0 0 3 0 1 0 1 0 5 0 6 0 4 0 0 0 0 0 4 0 6 0 5 0 6 0 1 0 0 0 6 0 1 0 5 0 0 0 4 0 2 0 4 1 0 0 4 0 1 0 5 1 0 0 3 0 0 0 5 0 4 0 3 0 1 0 5 0 4 0 3 0 3 0 6 0 2 1 0 0 4 1 0 0 1 0 4 0 0 0 1 0 2 0 0 0 0 0 2 0 1 0 2 0 1 0 3 0 6 0 6 0 4 0 6 0 5 0 2 1 0 0 6 0 2 0 4 0 1 0 4 1 0 0 5 0 6 0 0 0 5 0 2 1 0 0 2 0 5 0 4 0 0 0 1 0 0 0 6 0 5 0 5 0 6 0 3 0 0 0 1 0 3 0 4 0 5 1 0 0 6 0 6 0 1 0 3 0 6 0 5 0 4 0 1 0 5 0 3 0 6 0 5 0 2 0 2 0 6 0 0 0 5 0 5 0 6 0 5 0 4 0 5 0 1 0 0 0 1 1 0 0 6 0 3 1 0 0 3 0 6 0 2 0 3 0 4 0 5 0 3 0 4 0 3 0 5 0 5 1 0 0 4 0 5 0 1 0 3 0 2 0 6 0 4 0 4 0 6 0 6 0 5 0 0 0 2 1 0 0 3 0 3 0 3 0 1 0 0 0 4 0 3 0 4 0 3 0 3 0 4 0 0 0 3 0 3 1 0 0 2 1 0 0 2 0 1 0 0 0 4 0 3 0 2 0 3 1 0 0 4 0 4 0 5 0 6 0 2 0 2 0 6 0 0 0 0 0 3 0 5 1 0 0 5 0 5 0 0 1 0 0 1 0 4 0 2 0 3 0 4 0 2 0 0 1 0 0 4 0 2 0 4 0 3 0 0 0 4 0 6 0 5 0 0 0 5 0 1
0 593 4 0 0 0 1 0 1 0 5 0 1 0 0 0 2 0 4 0 1 0 3 0 3 0 0 0 4 0 2 0 0 0 3 0 2 0 2 0 1 0 5 0 3 0 0 0 6 0 2 0 1 0 0 0 2 0 5 0 2 0 2 0 0 0 3 0 6 0 4 0 1 0 6 0 3 0 1 0 0 0 5 0 4 0 4 1 0 1 0 0 2 0 5 0 5 0 6 0 0 0 5 0 3 0 1 0 0 0 3 0 2 0 6 0 5 0 1 0 1 0 4 0 5 0 3 0 4 0 6 0 3 0 4 0 5 0 4 0 3 0 1 0 5 0 6 0 5 0 1 0 4 0 6 0 0 0 5 0 3 0 3 0 0 0 6 0 6 0 6 0 3 0 4 0 5 0 5 0 1 0 4 1 0 0 1 0 6 0 2 0 3 0 3 0 6 0 1 0 1 0 1 0 1 0 6 0 4 0 5 0 3 0 1 0 4 0 4 0 2 0 2 0 0 0 6 0 2 0 0 0 0 0 4 0 3 1 0 0 6 0 1 0 3 0 1 1 0 0 4 0 3 0 2 0 0 0 0 0 5 1 0 0 0 0 1 1 0 0 3 0 0 0 1 0 2 0 4 0 0 0 0 0 4 0 2 0 4 0 2 1 0 0 6 0 6 0 2 0 6 0 3 1 0 0 0 0 4 0 6 0 0 0 4 0 2 0 0 0 3 0 5 0 2 0 2 0 6 0 6 0 4 0 3 0 1 0 1 0 2 0 1 0 5 0 4 0 4 0 5 1 0 0 1 0 2 1 0 0 2 0 5 0 0 0 5 0 5 0 3 1 0 0 6 0 4 0 1 0 4 0 3 0 0 0 6 0 3 0 5 0 5 0 4 0 2 0 3 0 4 0 6 0 4 0 2 0 3 0 3 0 0 0 3 1 0 0 5 0 0 1 0 1 0 0 5 0 5 1 0 0 2 0 4 0 0 0 2 0 0 0 4 0 5 0 0 0 1 0 3 0 3 0 6 0 5 0 5 0 2 0 2 0 6 0 6 0 3 0 1 0 5 0 6 0 5 0 6 0 6 0 2 0 1 0 1 0 0 0 2 0 0 0 0 0 1 0 1 1 0 0 0 1 0 0 5 0 6 0 3 0 2 0 1 0 0 1 0 0 6 0 0 0 0 0 1 0 2 0 4 0 5 0 5 0 5 0 4 0 1 0 0 1 0 0 5 0 0 0 3 0 3 0 2 0 6 0 2 0 0 0 5 1 0 0 1 0 5 0 1 1 0 0 0 0 6 0 0 1 0 0 2 0 1 0 6 0 3 0 2 0 2 0 3
1 595 1 0 0 0 1 0 2 0 3 0 2 0 3 0 0 0 5 0 0 0 3 0 6 0 6 0 1 0 0 0 5 0 0 0 6 0 4 0 4 0 3 0 2 1 0 0 2 0 4 0 5 0 2 0 0 0 5 0 2 0 5 0 4 0 0 1 0 0 6 0 1 0 4 0 4 1 0 0 3 0 1 0 3 0 2 0 3 0 0 0 6 0 4 0 3 0 4 0 5 0 2 0 2 1 0 0 3 0 0 0 6 0 5 0 5 0 3 0 3 0 3 0 1 0 4 0 0 0 2 0 6 0 0 0 2 0 4 0 1 1 0 0 4 0 3 0 6 0 3 0 4 0 1 0 5 0 2 0 2 1 0 1 0 0 2 0 5 0 6 0 6 0 0 0 2 0 4 0 3 0 4 0 1 1 0 0 3 0 4 0 5 1 0 0 0 0 5 0 3 0 2 0 2 0 3 0 5 0 2 0 3 1 0 0 4 0 1 0 1 0 5 0 4 0 1 0 4 0 5 0 0 0 1 0 1 0 1 0 0 0 4 0 3 0 6 0 3 1 0 0 0 1 0 0 5 0 0 0 1 0 3 1 0 0 0 0 3 0 6 0 5 0 0 0 2 0 5 0 0 0 1 0 1 0 0 0 6 0 0 1 0 0 0 0 5 0 5 0 6 0 5 0 0 1 0 0 1 0 1 0 5 0 2 0 0 0 5 0 0 1 0 0 3 0 5 0 5 0 5 0 6 0 1 1 0 0 3 0 2 0 4 0 3 0 3 0 2 0 2 0 4 1 0 0 2 0 5 0 6 0 4 0 2 0 2 0 3 0 4 0 1 0 0 0 5 0 1 0 4 0 0 1 0 0 2 0 5 0 0 0 4 0 4 0 1 0 5 1 0 0 2 0 6 0 1 0 5 0 6 0 6 0 1 0 0 0 0 0 2 0 2 1 0 1 0 0 3 0 4 1 0 0 5 0 0 0 1 0 4 0 1 0 1 0 3 0 1 0 2 1 0 0 0 0 6 0 4 0 3 0 5 0 5 0 5 0 5 1 0 0 4 0 3 0 6 0 4 0 6 0 5 0 5 0 2 0 2 0 0 0 4 0 0 0 0 0 2 0 3 0 6 0 0 1 0 0 3 0 5 1 0 0 5 0 2 0 1 1 0 0 4 0 1 0 0 0 2 0 5 0 1 0 4 0 4 0 4 0 1 0 3 0 1 1 0 0 2 0 1 0 6 0 6 0 5 0 4 0 5 0 1 0 3 1 0 0 3 0 2 0 4 0 6 0 0 0 4 0 2 0 6 0 3 0 3 0 4 1 0 0 5 0 4 1 0
1 595 2 0 0 0 2 0 4 0 6 0 4 0 6 0 1 0 2 0 1 1 0 0 6 0 5 0 3 0 1 0 2 0 2 0 5 0 2 0 1 1 0 0 6 0 6 0 4 0 1 0 3 0 5 0 1 0 2 0 6 0 3 0 1 0 2 1 0 0 4 0 4 0 1 0 2 1 0 0 6 0 2 0 6 0 4 0 6 0 1 0 5 0 2 0 0 0 2 0 3 0 5 0 5 0 6 0 5 0 1 0 5 0 4 0 3 1 0 1 0 1 0 0 4 0 0 0 1 0 5 0 4 0 1 0 5 0 0 0 4 1 0 0 1 0 0 0 6 0 0 0 1 0 4 0 2 0 5 0 5 1 0 0 6 0 4 0 3 0 6 0 5 0 1 0 5 0 1 0 0 0 1 0 4 0 6 0 6 0 1 0 4 1 0 0 1 0 2 1 0 0 5 0 4 1 0 0 3 0 6 0 0 0 0 0 0 0 3 0 3 0 3 0 1 0 4 0 1 0 3 0 1 0 2 0 2 0 2 0 1 0 1 0 0 0 6 0 0 1 0 0 1 1 0 0 2 0 1 0 2 1 0 1 0 0 0 1 0 0 6 0 3 0 1 0 5 0 2 0 1 0 2 0 2 0 1 0 4 0 2 0 6 0 0 0 3 0 4 0 6 0 3 0 2 0 6 0 1 0 3 0 2 0 5 0 1 0 2 0 2 0 6 0 6 0 3 0 4 0 4 0 5 0 4 0 6 0 5 0 5 0 0 1 0 1 0 0 5 0 5 0 1 1 0 0 5 0 3 0 6 0 1 0 5 0 4 1 0 0 1 0 3 0 1 0 2 0 4 0 0 0 2 0 6 0 4 0 2 0 2 0 1 0 1 0 4 0 3 1 0 0 5 0 4 0 4 0 3 0 6 0 5 0 3 0 0 0 0 0 4 0 5 1 0 0 6 0 6 0 2 0 0 0 2 0 1 0 3 0 0 0 3 0 2 0 6 0 2 0 5 0 6 0 0 0 5 0 2 0 0 0 4 0 4 0 4 0 5 0 0 0 1 0 0 0 6 0 2 0 6 0 4 0 3 0 5 0 4 0 1 0 0 0 1 0 0 0 4 1 0 0 5 0 2 0 6 0 6 0 4 0 0 0 2 0 5 0 3 1 0 0 0 0 3 0 0 0 5 0 2 0 4 0 1 0 2 0 1 0 3 0 6 0 3 0 6 0 3 0 3 0 5 0 6 0 4 0 2 0 3 0 3 1 0 1 0 0 6 0 5 0 1 0 5 0 2 0 0 0 6 0 5 0 0 0 0 0 3 0 0 0 3 0 2 1 0
1 595 4 0 0 0 5 0 1 0 6 0 2 0 5 0 3 0 4 0 3 1 0 0 5 0 3 1 0 0 3 0 4 0 5 0 2 0 5 0 3 1 0 0 5 0 6 0 1 0 3 1 0 0 3 0 3 0 5 0 4 1 0 0 3 0 5 1 0 0 1 0 1 0 3 0 5 1 0 0 4 0 6 0 5 0 2 0 5 0 4 0 2 0 5 0 0 0 4 1 0 0 4 0 4 0 6 0 3 0 4 0 3 0 2 0 1 0 0 1 0 1 0 0 0 0 1 0 3 0 3 0 1 0 4 0 2 0 2 0 1 1 0 0 2 0 1 0 4 0 1 0 3 0 0 0 6 0 3 0 5 0 0 0 5 0 2 0 0 0 6 0 3 0 4 0 2 0 3 0 0 0 3 0 1 0 6 0 5 0 4 0 1 1 0 0 2 0 5 1 0 0 3 0 2 1 0 1 0 0 5 0 1 0 0 0 0 0 6 0 6 0 6 0 3 0 0 0 3 0 6 0 2 0 4 0 4 0 4 0 2 0 2 0 1 0 4 0 2 0 6 0 2 0 6 0 3 0 2 0 5 1 0 0 6 0 0 1 0 0 4 1 0 0 4 0 2 0 5 0 2 0 4 0 4 0 3 0 0 0 6 0 4 0 1 1 0 0 2 0 5 1 0 0 6 0 4 0 3 0 6 0 5 0 2 0 3 0 4 0 5 0 5 0 6 0 0 0 2 0 2 0 4 0 2 0 6 0 4 0 3 0 2 1 0 1 0 0 3 0 3 0 4 1 0 0 3 0 0 0 5 0 4 0 3 0 2 1 0 0 2 0 6 0 2 0 5 0 0 0 1 0 5 0 5 0 1 0 5 0 4 0 2 0 3 0 1 0 1 0 0 0 3 0 2 0 2 0 0 0 6 0 3 1 0 0 1 0 1 0 1 0 5 0 0 0 5 0 5 0 5 0 0 0 4 0 2 0 6 0 0 0 6 0 5 0 4 0 6 0 3 0 5 0 2 0 2 0 5 0 1 0 1 0 2 0 2 0 3 0 1 0 2 0 1 0 4 0 6 0 5 0 2 0 0 0 4 0 1 0 3 0 0 0 2 0 1 0 2 0 0 0 2 0 6 0 5 0 6 0 1 0 1 0 5 0 3 0 0 1 0 0 0 0 6 0 1 0 2 0 6 0 0 0 3 0 4 0 2 1 0 0 6 0 0 0 6 0 0 0 0 0 4 0 6 0 1 0 5 1 0 0 1 0 0 1 0 0 5 0 3 0 4 0 2 0 5 0 1 0 5 0 3 0 1 0 0 0 6 0 0 0 6 0 5 0 5
1 597 1 0 0 0 2 0 2 0 4 0 4 0 6 0 3 0 0 0 2 0 1 0 0 0 3 0 0 1 0 1 0 0 2 0 3 0 6 0 3 0 1 0 0 0 3 0 5 0 3 1 0 1 0 1 0 0 0 0 4 0 2 1 0 1 0 0 4 1 0 0 2 0 2 1 0 0 5 0 0 0 1 0 6 0 3 0 6 0 3 0 1 0 6 0 2 0 2 0 2 0 0 0 1 0 2 0 6 0 0 0 1 1 0 0 5 0 2 0 1 1 0 0 5 1 0 0 2 0 6 0 6 0 3 0 0 0 5 0 4 0 3 0 6 0 3 0 3 0 0 0 3 0 6 0 1 0 5 0 0 0 3 0 2 0 2 0 5 0 1 0 5 0 0 0 1 0 5 0 6 0 0 0 6 0 3 0 5 0 4 0 1 0 4 0 6 0 4 0 3 1 0 0 6 0 5 1 0 1 0 0 2 0 3 0 0 0 1 0 5 0 6 0 5 1 0 0 1 1 0 0 5 0 6 0 1 0 2 0 1 0 5 0 4 0 3 0 0 0 6 0 4 0 6 0 4 1 0 0 6 0 4 0 0 0 4 0 2 1 0 0 2 0 0 0 0 0 6 0 2 0 6 0 1 0 1 1 0 0 2 0 5 0 1 0 4 0 6 0 4 0 4 0 0 0 5 0 2 0 0 0 6 0 3 0 5 1 0 0 2 0 4 0 4 0 5 0 1 0 4 0 5 0 0 0 6 0 5 0 1 1 0 1 0 0 0 0 6 0 5 1 0 0 2 1 0 0 6 0 1 0 3 0 1 1 0 0 6 0 6 0 4 0 4 0 6 0 2 0 1 0 3 0 3 0 3 0 4 0 3 0 1 0 5 0 6 0 2 0 2 0 0 0 6 0 4 0 4 0 1 0 5 0 0 1 0 0 2 0 2 0 3 0 2 0 2 0 3 0 4 0 3 0 2 0 0 0 6 0 4 0 2 0 5 0 4 0 2 0 6 0 0 0 3 0 5 0 5 0 2 0 3 0 2 0 4 0 4 0 6 0 2 0 4 0 3 0 1 0 6 0 3 0 5 0 1 0 0 0 3 0 6 0 0 0 4 0 2 0 4 0 0 0 5 0 5 0 4 0 5 0 3 0 3 0 2 1 0 0 2 0 6 0 0 0 4 0 3 0 5 0 4 0 1 1 0 0 1 1 0 0 0 0 4 0 2 0 4 0 1 0 1 0 1 0 5 0 4 0 3 1 0 0 2 0 1 1 0 0 3 0 0 0 1 0 6 0 2 0 4 0 2 1 0 0 3 0 1 0 4 0 2 0 5 0 4 0 4
0 597 2 0 0 0 4 0 5 0 1 0 2 0 5 1 0 0 1 0 4 0 2 0 0 0 6 0 1 1 0 0 6 0 3 1 0 0 5 1 0 0 3 0 0 1 0 0 4 0 1 0 0 1 0 0 6 0 0 0 0 1 0 0 0 1 0 0 1 1 0 0 4 0 5 1 0 0 2 0 1 0 3 0 5 0 0 0 5 1 0 0 4 0 4 0 5 0 4 0 4 0 0 0 2 0 5 0 4 0 1 0 3 1 0 0 2 0 5 0 3 1 0 0 3 1 0 0 5 0 5 0 5 1 0 0 2 0 3 0 2 0 0 0 5 1 0 1 0 0 1 1 0 0 5 0 4 0 2 0 1 0 6 0 4 0 5 0 2 0 4 0 2 0 1 0 3 0 3 0 5 0 2 0 5 0 0 0 4 0 1 0 4 0 1 0 6 0 2 0 1 0 0 0 5 0 5 0 0 0 6 0 3 0 6 0 0 0 3 0 3 0 6 0 4 1 0 0 3 1 0 0 3 0 5 0 3 0 4 0 3 0 3 0 1 1 0 0 2 0 5 0 2 0 6 0 3 0 0 0 5 0 1 0 2 0 0 0 6 0 6 0 3 0 0 0 1 0 4 0 6 0 4 0 3 0 3 0 6 0 4 0 2 0 4 0 1 0 6 0 2 0 1 0 2 0 2 0 5 0 1 0 5 0 0 0 4 1 0 0 5 0 1 0 2 0 3 0 4 0 1 0 3 0 2 0 5 0 3 0 4 1 0 0 6 0 0 0 5 0 4 1 0 0 5 1 0 0 4 0 3 0 6 0 3 1 0 0 5 0 6 0 2 0 2 0 5 0 5 0 2 1 0 0 0 0 0 0 1 1 0 0 4 0 3 0 5 0 5 0 4 0 1 0 5 0 2 0 1 0 4 0 2 0 2 0 6 0 3 0 4 0 6 0 4 0 4 1 0 0 1 1 0 0 5 0 1 0 5 0 1 0 6 0 3 0 1 0 6 0 4 0 1 1 0 0 4 0 3 0 5 0 6 0 5 0 1 0 2 0 5 0 6 0 0 1 0 0 4 0 5 0 0 0 3 0 3 0 0 1 0 0 5 0 2 0 0 0 6 0 0 0 2 0 3 0 4 0 2 0 3 1 0 1 0 0 6 0 6 0 4 0 4 0 2 0 1 0 0 0 4 0 1 0 4 0 6 0 2 0 6 0 0 0 0 0 6 0 0 0 3 0 2 0 3 0 3 0 2 0 0 1 0 0 4 0 3 0 6 0 5 0 0 0 3 0 4 0 6 0 0 0 6 0 6 0 5 0 3 0 0 0 6 0 3 0 2 0 2
1 597 4 0 1 0 1 0 3 0 3 0 5 0 3 1 0 0 3 0 0 0 5 0 1 0 4 0 4 1 0 0 5 0 1 0 0 0 3 1 0 0 6 0 1 1 0 0 0 0 3 0 1 1 0 0 4 0 1 0 1 0 6 0 0 0 6 0 2 1 0 0 1 0 4 1 0 0 4 0 2 1 0 0 3 0 2 0 4 0 0 0 1 0 2 0 4 0 2 0 1 0 1 0 5 0 3 0 1 0 3 1 0 1 0 0 5 0 3 0 1 0 0 0 0 0 0 0 3 0 4 0 4 1 0 0 4 0 6 0 4 0 1 0 4 0 0 0 6 0 2 1 0 0 3 0 1 0 5 0 3 0 5 0 2 0 3 0 6 0 0 0 5 0 2 1 0 0 0 0 3 0 6 0 2 0 2 0 0 0 4 0 0 0 4 0 4 0 5 0 2 0 1 0 3 0 3 0 2 0 5 0 0 0 5 0 1 1 0 0 0 0 6 0 2 1 0 1 0 1 0 1 0 0 4 0 0 0 1 1 0 1 0 0 4 0 6 0 4 0 2 0 6 0 4 1 0 0 2 0 2 0 3 0 4 0 1 0 5 0 5 1 0 0 1 0 3 0 1 0 6 0 2 0 0 0 0 0 6 0 1 0 6 0 0 0 4 0 4 0 5 0 2 0 4 0 5 0 2 0 4 0 2 0 2 0 2 0 0 0 2 0 3 0 4 1 0 0 1 0 3 0 6 0 5 0 3 0 0 0 3 0 0 0 4 0 2 0 3 0 3 0 0 0 4 0 0 0 1 0 0 0 6 0 1 0 0 0 3 0 5 0 5 0 5 0 3 0 3 0 6 0 5 1 0 0 0 0 3 1 0 0 1 0 0 0 4 0 4 0 1 0 4 0 2 0 5 0 3 0 0 0 5 0 5 0 5 0 0 0 2 0 6 0 2 0 2 1 0 0 3 1 0 0 2 0 4 0 2 0 4 0 4 1 0 0 4 0 5 0 1 0 4 1 0 0 1 0 0 0 4 0 6 0 3 0 3 0 5 0 3 0 5 0 2 1 0 0 1 0 3 0 1 0 6 0 6 0 1 1 0 0 2 0 5 0 1 0 4 0 1 0 4 1 0 0 1 0 6 0 0 0 0 1 0 0 5 0 6 0 2 0 1 0 5 0 2 0 1 0 0 0 4 0 1 0 5 0 6 0 4 0 1 0 1 0 4 0 1 0 6 0 4 0 6 0 6 0 4 0 1 1 0 0 1 0 0 0 6 0 3 0 1 1 0 0 2 0 5 0 2 0 5 0 6 0 3 1 0 0 2 0 4 1 0 0 5 0 4
0 599 1 0 0 0 3 0 2 1 0 0 0 0 4 0 0 1 0 0 6 0 1 0 2 0 4 0 1 0 3 0 0 0 2 0 3 0 1 0 0 0 0 0 4 0 4 0 5 1 0 0 6 0 3 1 0 0 0 0 3 0 3 0 4 0 2 0 4 0 6 0 6 0 2 0 2 0 0 0 0 0 6 0 6 0 5 0 5 0 0 0 1 0 2 0 5 0 0 0 5 0 2 0 3 0 2 1 0 0 4 0 0 0 0 1 0 0 2 1 0 0 3 0 0 0 0 0 0 1 0 0 2 0 3 0 0 0 1 0 6 0 1 0 4 0 0 0 2 0 4 0 6 0 6 0 5 0 3 0 3 0 0 0 3 0 5 1 0 0 5 0 2 0 2 0 6 0 5 1 0 1 0 0 5 0 5 0 4 0 1 0 0 0 2 0 1 0 2 0 3 0 5 0 2 0 6 0 6 0 5 0 2 0 2 0 2 0 4 0 6 0 0 0 4 1 0 0 0 1 0 1 0 1 0 0 0 0 1 0 3 1 0 1 0 0 1 0 6 0 1 0 6 0 5 0 2 1 0 0 4 0 4 1 0 0 1 0 4 0 3 0 4 1 0 0 2 0 6 0 3 0 4 0 5 0 0 0 1 0 4 0 4 0 4 0 2 0 1 0 2 0 3 0 6 0 1 0 3 0 6 0 0 0 5 0 4 0 4 0 0 0 4 1 0 0 2 1 0 0 2 1 0 0 6 0 3 1 0 0 1 0 6 0 1 0 0 0 5 0 6 0 6 0 1 0 0 0 1 0 2 0 1 0 4 0 3 0 0 1 0 0 4 0 4 0 4 0 0 0 0 0 6 0 4 1 0 0 0 1 0 1 0 0 2 0 1 0 1 0 1 0 4 0 0 0 6 0 2 1 0 0 2 0 3 0 4 0 3 0 1 0 5 0 4 0 5 0 5 0 6 0 6 0 6 0 4 0 0 0 6 0 1 0 3 0 0 0 1 0 3 0 4 0 1 1 0 0 2 0 1 0 1 0 6 0 0 0 0 0 4 0 0 0 3 0 6 0 6 0 1 0 6 0 3 0 5 0 5 0 4 0 6 0 4 0 2 0 4 0 0 0 4 0 1 1 0 0 3 0 4 0 1 0 1 1 0 0 3 0 5 0 5 0 3 0 2 0 5 0 2 0 1 0 0 0 4 0 3 0 6 0 1 0 3 0 3 0 0 0 4 0 5 0 2 0 6 0 6 0 1 0 4 0 6 0 1 0 1 0 4 1 0 0 4 0 6 0 4 0 2 0 6 0 3 0 6 0 0 1 0 0 5 0 2 0 0 0 3 0 2
1 599 2 0 0 0 6 0 5 0 6 0 0 0 0 0 2 1 0 0 4 0 3 0 5 0 0 0 3 0 6 0 0 0 4 0 6 0 2 0 0 0 1 0 1 0 2 0 5 0 0 0 5 0 0 1 0 0 0 1 0 0 0 0 1 0 6 0 1 0 6 0 5 0 5 0 4 0 0 0 1 0 5 0 6 0 4 0 3 0 1 0 2 0 5 0 2 0 2 0 2 0 5 0 6 0 5 1 0 0 0 0 1 0 1 0 6 0 4 0 6 0 5 0 0 0 0 0 1 0 6 0 3 0 6 0 0 0 3 0 4 0 4 0 0 0 1 0 5 0 1 0 6 0 6 0 3 1 0 1 0 0 1 1 0 0 5 0 0 0 2 0 5 0 5 0 5 0 5 0 0 1 0 0 3 0 4 0 1 0 3 0 0 0 4 0 2 0 4 1 0 0 3 0 6 0 5 0 6 0 3 0 5 0 4 0 5 0 1 0 5 0 2 0 1 1 0 0 1 1 0 1 0 0 5 1 0 0 3 0 0 0 0 0 6 0 2 0 4 0 4 0 5 0 3 1 0 0 0 0 1 0 2 1 0 0 3 0 1 0 0 0 2 1 0 0 5 0 5 0 0 0 2 0 3 0 1 0 3 0 1 0 2 0 1 0 5 0 2 0 4 1 0 0 5 0 3 1 0 0 5 0 2 0 3 0 2 0 1 0 2 0 1 1 0 0 5 0 6 0 4 1 0 0 5 0 0 1 0 0 3 0 4 0 3 0 1 0 3 0 6 0 5 0 3 0 0 0 2 0 4 0 3 0 0 1 0 0 2 1 0 0 1 0 2 0 1 0 1 0 1 0 5 0 2 1 0 0 1 1 0 0 6 0 3 0 2 0 2 0 3 0 0 0 2 0 4 0 6 0 6 0 3 1 0 0 1 1 0 0 4 0 3 0 2 0 4 0 4 0 6 0 6 0 6 0 1 0 2 0 4 0 3 0 6 0 0 0 2 1 0 0 1 0 4 0 6 0 3 0 2 0 3 0 4 0 1 0 1 0 0 0 1 1 0 0 6 0 5 0 4 0 5 0 0 0 4 0 4 0 2 0 6 0 1 0 6 0 0 0 2 0 0 0 4 0 6 0 6 0 0 0 3 0 3 0 6 0 6 0 3 0 3 1 0 0 6 0 2 0 5 0 2 0 1 0 1 0 0 0 5 0 3 0 6 0 6 0 1 0 1 0 3 0 6 0 5 0 5 0 4 0 1 0 5 0 3 0 3 0 2 0 0 0 1 0 6 0 1 0 6 0 5 0 0 0 5 0 2 1 0 0 2 0 5 0 0 0 6 0 4
0 599 4 0 1 0 5 0 4 0 5 0 1 0 0 0 5 1 0 0 1 0 0 0 3 0 1 1 0 0 5 0 2 0 1 0 5 0 5 0 0 0 2 0 2 0 5 0 2 0 2 0 2 0 2 0 6 0 0 0 5 1 0 0 3 0 4 0 4 0 5 0 4 0 4 0 1 0 1 0 3 0 3 0 6 0 1 1 0 0 3 0 5 0 2 0 5 0 4 0 5 0 3 0 6 0 4 1 0 0 0 0 2 0 3 0 5 0 2 0 6 0 3 0 1 0 0 0 3 0 5 0 0 0 5 0 1 1 0 0 2 0 1 0 1 0 3 0 2 0 4 0 5 0 6 0 1 0 0 0 6 0 2 1 0 0 2 0 1 0 5 0 3 0 4 0 4 0 3 0 2 0 6 0 6 0 0 0 3 0 6 0 1 0 0 0 6 0 1 1 0 1 0 0 6 0 4 0 6 0 0 0 4 0 2 0 3 0 4 0 2 0 5 0 3 0 6 0 2 1 0 1 0 0 3 1 0 0 6 0 0 0 1 0 4 0 6 0 1 0 2 0 4 0 0 1 0 0 0 0 2 0 5 0 6 0 5 0 2 0 0 0 5 1 0 0 3 0 3 0 1 0 4 0 6 0 2 0 6 0 2 0 4 0 3 0 2 0 6 0 2 0 0 0 3 0 1 0 0 0 2 0 5 0 6 0 4 0 2 0 4 0 3 1 0 0 3 0 6 0 3 0 0 0 2 0 2 0 6 0 6 0 0 1 0 0 3 1 0 0 6 0 3 1 0 0 1 0 5 0 0 1 0 0 2 0 6 0 4 0 6 0 1 0 4 0 2 0 2 0 3 0 2 0 6 0 6 0 2 1 0 0 4 1 0 0 5 0 4 0 6 0 0 0 5 0 1 0 6 0 6 0 0 1 0 0 3 1 0 0 0 1 0 0 6 0 1 0 2 0 6 0 6 0 5 0 3 0 5 0 1 0 0 0 5 0 1 0 5 0 6 0 2 0 1 0 5 1 0 0 5 1 0 0 1 0 3 0 2 0 0 0 3 1 0 0 5 0 4 0 2 0 3 0 2 0 1 0 1 0 6 0 4 0 4 0 4 0 1 0 4 0 1 0 1 0 6 0 5 0 1 1 0 0 0 0 6 0 6 0 0 0 1 0 0 0 4 0 6 0 2 0 5 0 2 0 2 0 1 0 3 0 0 0 6 0 5 0 3 0 2 1 0 0 6 0 4 0 4 0 1 0 4 0 2 1 0 1 0 0 5 0 0 0 3 0 4 0 4 0 5 0 3 0 2 0 2 0 6 0 6 0 4 0 2 0 2 0 5 0 2
1 601 1 0 0 0 4 0 3 0 2 0 3 0 3 0 1 0 3 1 0 0 2 0 0 0 6 0 3 1 0 0 2 0 5 0 3 0 3 0 3 0 1 0 4 0 5 0 2 0 5 0 4 0 4 0 5 0 4 0 2 0 3 1 0 1 0 0 2 0 2 0 4 0 2 0 1 0 3 0 2 1 0 0 0 0 5 0 4 0 6 0 6 0 2 0 6 0 3 0 2 0 4 0 0 0 6 0 2 1 0 0 0 0 4 1 0 0 3 0 6 0 4 1 0 0 3 0 0 1 0 0 3 0 2 0 2 0 4 0 6 0 3 0 2 0 2 0 6 0 5 0 1 0 4 0 5 0 3 0 1 0 4 0 6 0 6 0 3 0 3 0 3 0 0 0 2 0 1 1 0 0 6 0 5 0 5 0 1 1 0 0 5 0 3 0 1 0 4 0 4 1 0 1 0 0 5 0 2 0 5 0 2 0 0 0 5 1 0 0 1 0 6 0 3 0 0 0 5 1 0 0 0 1 0 0 0 0 0 0 4 0 1 0 3 0 1 0 5 0 3 0 5 0 0 0 2 0 5 1 0 0 5 0 3 0 6 0 3 0 5 0 1 0 3 1 0 0 6 0 6 0 3 0 1 0 5 0 6 0 4 0 6 0 0 1 0 0 6 0 4 0 5 0 0 0 6 0 2 0 0 0 5 0 3 0 6 0 1 0 6 0 1 0 0 1 0 1 0 0 5 1 0 0 1 0 4 0 5 0 5 0 5 0 2 1 0 0 0 0 0 0 5 0 0 1 0 0 3 0 2 0 2 0 6 0 4 0 5 0 2 0 5 0 4 0 0 0 5 0 4 0 6 0 5 0 5 0 5 1 0 0 0 0 2 0 0 0 3 0 2 0 5 0 2 0 2 0 4 0 5 0 5 0 2 0 6 0 6 0 6 0 0 1 0 0 4 0 3 0 5 0 5 0 6 0 4 0 0 0 3 0 3 0 1 0 2 0 4 0 3 0 5 0 5 0 3 0 4 0 0 0 3 1 0 0 2 0 6 0 4 0 1 0 0 0 0 0 3 0 1 0 5 0 6 0 4 0 2 0 3 0 5 0 2 0 2 0 1 0 4 0 0 0 3 0 3 0 5 0 3 0 4 0 6 0 0 0 5 0 5 0 1 0 2 0 1 0 1 0 5 0 6 0 2 0 5 0 4 0 2 0 6 0 1 0 5 0 3 1 0 1 0 0 0 0 5 0 2 0 1 0 4 0 0 1 0 0 0 1 0 0 2 0 1 1 0 0 2 0 2 0 3 1 0 0 5 0 5 0 5 0 6 0 1 0 5 0 5 0 2 0 5
1 601 2 0 1 0 0 1 0 0 5 0 6 0 6 0 2 1 0 1 0 0 4 0 1 0 5 0 0 1 0 0 5 0 2 1 0 1 0 1 0 0 4 0 1 0 3 0 6 0 3 0 2 0 2 0 4 0 1 0 6 0 0 0 0 0 6 0 3 0 5 0 0 0 5 0 2 0 6 0 5 0 6 0 0 0 3 0 2 0 6 0 5 0 6 0 4 1 0 0 6 0 0 0 2 0 4 0 6 0 6 0 0 0 1 1 0 1 0 0 6 0 2 1 0 0 6 0 1 0 6 0 5 0 4 0 5 0 1 0 5 1 0 0 5 0 5 0 5 0 3 0 4 0 1 0 3 1 0 0 4 0 1 0 6 0 5 1 0 1 0 1 0 0 1 0 4 0 3 1 0 0 5 0 4 0 3 0 4 1 0 0 2 1 0 0 4 0 1 0 3 0 0 1 0 0 2 0 6 0 2 0 5 0 1 0 3 1 0 0 3 0 4 1 0 0 2 0 3 1 0 0 1 0 5 1 0 0 1 0 0 0 3 0 6 0 3 0 3 0 0 0 3 0 1 0 5 0 4 0 0 0 3 0 0 0 6 0 0 0 3 0 4 0 0 0 0 0 5 0 5 1 0 0 4 0 3 0 6 0 2 0 5 0 2 1 0 0 5 0 2 0 3 0 2 0 4 0 5 0 1 0 3 0 0 0 5 0 4 0 4 0 3 0 1 1 0 1 0 0 3 1 0 0 3 0 1 0 4 0 4 0 3 0 6 0 5 1 0 0 1 0 2 0 2 0 6 0 5 0 4 0 5 0 5 0 2 0 3 0 6 0 3 0 1 0 2 0 3 0 2 0 6 0 4 0 4 0 4 1 0 0 0 0 4 0 0 0 6 0 5 0 2 0 5 0 5 0 1 0 4 0 3 0 6 0 5 0 6 0 5 0 2 1 0 0 1 0 0 0 4 0 4 0 6 0 1 0 1 0 6 0 6 0 2 0 5 0 1 0 0 0 4 0 4 0 0 0 1 0 1 1 0 1 0 0 5 0 5 0 1 0 3 0 0 0 0 0 6 0 3 0 3 0 6 0 1 0 5 1 0 0 3 0 5 0 4 0 3 0 0 0 1 1 0 0 0 0 4 0 0 0 2 0 5 0 2 0 3 0 3 0 3 0 4 0 2 0 3 0 3 0 5 0 6 0 3 0 1 0 6 0 4 0 4 0 3 0 1 0 0 0 6 0 0 0 2 0 5 0 3 0 0 0 2 0 6 0 0 0 6 0 3 0 3 0 6 0 3 0 5 0 0 0 0 0 3 0 4 0 4 0 5 0 4 0 3 0 3 0 6 0 3
0 601 4 0 2 0 1 1 0 0 3 0 6 0 5 1 0 0 0 1 0 0 0 0 4 0 2 0 2 1 0 0 2 1 0 0 0 1 0 1 0 0 0 0 3 1 0 0 5 1 0 0 5 0 5 0 0 0 4 0 4 0 1 0 1 0 5 0 0 0 3 0 2 0 2 0 6 0 5 0 4 0 5 0 1 0 6 0 5 0 5 0 4 0 6 0 3 0 0 0 4 0 1 0 5 0 1 0 6 0 5 0 1 0 3 1 0 1 0 0 4 1 0 0 0 0 4 0 4 0 5 0 4 0 2 0 3 0 4 0 4 0 0 0 3 0 4 0 4 0 0 0 1 0 4 0 0 0 0 0 0 0 4 0 5 0 5 0 0 1 0 0 6 0 2 0 1 0 1 0 0 0 3 0 2 0 0 0 2 1 0 0 5 1 0 0 0 0 3 0 6 0 1 0 6 0 4 0 4 0 6 0 2 0 3 1 0 1 0 1 0 0 2 1 0 0 4 1 0 1 0 0 3 0 3 1 0 0 2 0 0 1 0 0 5 1 0 1 0 0 1 0 6 0 3 0 3 0 1 0 1 0 6 0 1 0 4 0 1 1 0 0 1 0 1 0 1 0 3 0 5 0 0 0 1 0 0 0 5 0 6 0 2 1 0 0 0 0 2 0 5 0 6 0 5 0 1 0 3 0 3 0 6 0 1 0 3 0 2 0 1 1 0 0 4 1 0 0 6 0 6 0 6 0 5 0 3 0 1 0 2 0 0 0 6 0 4 1 0 0 2 0 4 0 5 0 5 0 4 0 2 0 4 0 3 0 5 1 0 0 5 1 0 0 3 0 4 0 6 0 5 0 5 0 2 0 2 0 2 1 0 0 1 0 0 0 2 0 5 0 3 0 6 0 3 0 3 0 4 0 1 0 0 0 6 0 4 0 6 0 3 0 6 0 6 0 1 0 1 0 1 0 2 0 5 0 3 0 3 0 5 0 5 0 6 0 2 0 3 0 1 0 1 0 1 0 1 0 2 0 3 1 0 1 0 0 3 0 3 0 3 0 6 0 0 0 1 0 5 0 0 0 0 0 5 0 4 0 3 1 0 1 0 0 4 0 1 1 0 0 1 0 3 0 6 0 0 0 0 0 1 0 5 0 2 0 5 1 0 0 0 0 0 0 1 0 5 1 0 0 0 0 4 0 5 1 0 0 4 0 5 0 2 0 1 1 0 0 3 0 1 0 4 0 1 0 5 0 2 1 0 0 1 0 5 0 4 0 2 0 5 0 0 0 0 0 6 0 0 0 3 0 1 0 0 1 0 0 2 0 2 0 4 0 2 0 0 0 0 0 6 0 0
0 603 1 0 0 0 5 0 3 0 6 0 6 0 5 0 4 1 0 0 1 0 6 0 0 0 0 0 5 0 5 0 6 0 4 0 6 0 0 1 0 0 6 0 0 0 0 0 0 0 4 0 0 0 3 0 3 0 2 0 1 0 1 0 3 0 3 0 2 0 1 0 6 0 4 0 5 0 5 0 4 0 2 0 3 0 4 0 5 0 4 0 4 0 2 0 5 1 0 0 2 0 0 0 4 0 2 0 4 0 5 0 3 0 4 0 0 0 0 1 0 0 1 1 0 0 1 0 1 0 2 0 4 0 1 0 5 1 0 0 2 0 1 0 1 1 0 0 2 0 1 0 1 0 3 0 0 0 1 0 0 0 1 0 1 0 4 0 3 0 2 1 0 0 4 0 5 0 2 0 2 0 0 0 6 0 4 0 0 0 5 1 0 0 3 1 0 0 0 1 0 0 5 0 4 0 5 0 2 0 2 0 5 0 6 0 0 0 0 1 0 0 6 0 4 1 0 0 2 0 0 0 6 0 5 1 0 1 0 0 4 0 1 1 0 0 4 0 0 0 6 0 2 0 4 1 0 1 0 0 3 0 3 0 4 0 4 0 0 0 4 0 6 0 1 0 2 0 2 1 0 0 3 0 1 0 2 0 1 0 3 0 5 0 6 0 5 1 0 0 5 0 3 0 6 0 3 0 3 1 0 0 0 0 5 0 3 0 6 0 4 0 3 1 0 0 2 0 0 0 5 0 6 0 6 0 3 1 0 0 3 0 4 0 1 0 5 0 2 1 0 0 5 0 1 0 4 0 4 0 1 0 6 0 1 0 0 0 5 0 0 0 3 1 0 1 0 0 2 0 6 0 4 0 3 0 5 0 4 0 5 0 6 0 1 0 0 0 5 0 3 0 0 0 6 0 0 0 0 0 1 0 3 0 1 0 5 0 2 0 6 0 0 0 6 0 5 0 3 0 2 0 2 0 5 0 3 0 0 0 0 0 4 0 4 0 5 0 5 0 6 0 2 0 2 0 2 0 2 0 5 0 0 0 0 0 6 0 5 1 0 0 0 0 5 0 1 0 3 0 2 0 1 0 1 0 3 0 2 0 1 0 0 1 0 0 0 0 4 0 6 0 1 1 0 0 5 0 1 0 0 0 3 0 2 0 6 0 3 1 0 0 0 0 0 0 3 0 3 1 0 0 1 0 1 0 5 0 0 0 1 0 3 0 5 0 3 0 6 0 5 0 3 0 0 0 4 0 2 0 6 0 6 0 2 0 3 0 1 0 6 0 2 0 1 0 1 0 4 0 1 0 6 0 2 0 1 0 6 0 3 0 5 0 0 0 5 0 0 0 1 0 4 0 1
0 603 2 0 1 0 3 0 0 0 6 0 6 0 4 0 2 1 0 0 3 0 4 0 1 0 1 0 3 0 4 0 6 0 2 0 5 0 2 1 0 0 4 0 1 0 0 0 1 0 0 0 1 0 6 0 6 0 4 0 2 0 2 0 6 0 6 0 4 0 3 0 5 0 2 0 4 0 4 0 1 0 5 1 0 0 2 0 4 0 2 0 1 0 6 0 3 1 0 0 4 0 1 0 0 0 6 0 1 0 4 0 0 0 1 0 1 0 1 0 6 0 2 0 6 0 1 0 2 0 5 0 0 0 4 0 3 1 0 0 4 0 2 0 3 0 6 0 3 0 2 0 2 0 6 0 0 0 2 0 0 0 2 0 3 0 0 1 0 1 0 0 0 0 1 0 3 0 5 0 4 0 1 0 5 0 1 0 2 0 3 1 0 1 0 1 0 0 1 1 0 0 3 0 2 0 3 0 5 0 5 0 3 0 5 0 1 0 1 1 0 0 5 0 2 1 0 0 4 0 1 0 5 0 5 0 0 1 0 0 0 0 4 1 0 0 0 0 2 0 4 0 6 0 2 0 0 0 6 0 5 1 0 0 2 0 1 0 2 0 1 0 5 0 3 0 4 0 5 0 6 0 5 0 2 0 4 0 2 1 0 0 4 0 6 0 5 0 0 0 3 0 0 0 6 0 0 0 0 1 0 0 1 0 3 0 0 0 6 0 2 0 0 1 0 0 4 0 1 0 3 0 6 0 6 0 0 1 0 1 0 0 1 0 4 0 2 1 0 0 0 0 2 0 4 0 1 0 1 0 4 0 4 0 3 0 1 0 2 0 2 0 0 0 0 0 6 0 4 0 5 0 2 0 0 0 4 0 2 0 4 0 5 0 3 0 1 0 2 1 0 0 2 0 4 0 1 0 0 0 2 0 6 0 3 0 2 0 6 0 4 0 2 0 5 0 3 1 0 0 5 0 5 0 2 1 0 0 1 0 1 0 1 0 2 0 4 0 4 0 5 0 5 0 4 0 4 0 5 0 2 0 1 0 1 0 5 0 4 1 0 0 1 0 2 0 3 0 6 0 4 0 2 0 2 0 6 0 4 0 2 0 1 0 6 0 0 0 1 0 5 0 4 1 0 0 2 0 3 0 0 0 6 0 5 0 5 0 0 1 0 0 0 0 0 1 0 0 0 1 0 0 2 0 3 0 2 0 1 0 2 1 0 0 4 0 0 0 6 0 3 1 0 0 2 0 0 0 6 0 5 0 5 0 5 0 6 0 3 0 4 0 5 0 2 0 3 0 0 0 4 0 4 0 5 0 3 0 5 0 0 0 3 0 2 0 2 0 1 0 3 0 0 0 3
1 603 4 0 2 0 6 0 1 0 5 0 6 0 1 0 6 0 6 0 6 0 0 0 3 0 2 1 0 0 2 0 5 0 6 0 2 1 0 0 0 0 0 0 3 0 0 0 2 0 0 0 3 0 5 0 6 0 1 0 5 0 5 0 5 0 6 0 2 0 0 0 3 0 6 0 1 0 1 0 4 0 3 1 0 0 5 0 0 0 5 0 3 0 5 0 1 0 0 0 0 0 3 0 1 0 4 0 4 0 0 0 1 0 2 0 2 0 3 0 4 0 6 0 4 0 3 0 5 0 2 0 2 0 1 0 1 0 0 0 0 0 5 1 0 0 5 1 0 0 5 0 5 0 4 0 1 0 4 0 0 0 4 0 6 0 1 1 0 0 5 1 0 0 2 1 0 0 4 0 1 0 4 0 2 0 3 0 5 0 0 0 0 1 0 0 6 0 2 0 6 0 5 0 4 1 0 0 4 0 4 0 0 0 3 0 3 0 3 1 0 0 2 1 0 0 0 0 0 0 4 0 3 0 3 0 2 0 6 0 0 0 1 1 0 0 0 0 5 0 1 0 5 0 5 0 1 0 5 0 4 1 0 0 4 0 2 0 4 0 3 0 3 0 0 0 2 0 4 0 6 0 3 0 6 0 0 1 0 0 0 0 1 0 6 0 3 0 1 0 6 0 1 0 4 0 1 0 1 0 6 0 1 0 6 0 1 0 4 0 5 0 1 1 0 0 0 0 3 1 0 0 6 0 5 0 2 1 0 0 6 0 2 0 0 0 6 0 5 1 0 0 5 0 0 0 3 0 3 0 1 0 1 1 0 0 3 0 4 0 4 0 0 0 1 0 5 0 2 0 3 0 5 0 1 0 0 0 6 0 1 0 3 1 0 0 3 0 5 0 6 0 4 0 0 0 3 0 0 0 5 0 4 1 0 0 6 0 5 0 1 0 6 0 3 0 1 0 0 0 3 0 3 0 6 0 6 0 1 0 2 0 2 0 5 0 1 0 2 0 4 0 4 0 2 0 2 0 3 0 5 0 2 0 3 0 3 0 2 1 0 0 2 0 4 1 0 0 6 0 1 0 5 0 5 0 5 0 1 0 5 0 3 0 4 0 1 0 3 0 3 0 2 1 0 0 4 0 6 0 1 0 5 0 4 0 3 0 2 0 5 1 0 0 1 0 6 0 0 0 6 0 3 0 6 0 4 0 2 0 5 1 0 0 0 0 2 0 5 0 0 1 0 0 4 0 1 0 5 0 4 0 4 0 4 0 6 0 0 0 2 0 3 0 5 0 6 0 1 0 1 0 2 0 4 0 0 0 3 0 1 0 6 0 4 0 4 0 2 0 6 0 0 1 0
1 605 1 0 0 0 6 0 4 0 4 0 3 0 5 0 4 0 5 0 6 0 5 0 1 0 6 0 5 0 6 0 4 0 3 0 5 0 6 0 5 1 0 0 0 0 6 0 0 0 4 0 0 1 0 0 4 0 5 0 4 0 3 0 4 0 4 0 5 0 5 0 0 1 0 0 5 0 3 0 3 0 1 0 1 0 0 0 2 0 2 0 3 0 0 0 3 0 3 0 0 0 0 0 6 0 3 0 1 0 1 0 1 0 2 0 4 0 4 1 0 0 2 0 6 0 2 0 0 0 3 0 5 0 4 0 2 0 2 0 0 0 1 0 4 0 0 0 4 0 0 0 3 0 4 0 1 0 4 0 0 0 2 0 1 0 5 0 4 1 0 0 3 1 0 0 5 1 0 0 0 0 4 0 0 0 5 1 0 0 3 0 1 0 1 1 0 0 4 0 6 0 5 0 4 0 3 0 0 0 1 0 1 0 1 1 0 0 0 0 0 1 0 0 5 0 5 1 0 0 1 0 0 1 0 1 0 0 6 0 4 0 1 0 3 0 6 0 0 0 2 0 4 0 3 0 3 0 4 0 3 0 3 0 0 0 0 0 6 0 0 1 0 1 0 0 1 0 5 0 1 0 6 0 0 0 5 0 2 0 5 1 0 0 3 0 4 1 0 0 4 0 4 0 4 0 0 0 3 0 3 0 4 0 4 0 4 0 4 0 1 0 3 0 4 0 6 0 0 0 0 0 0 0 5 0 3 1 0 0 0 0 4 0 5 0 1 0 5 0 5 0 0 0 2 0 1 0 6 0 6 0 2 0 3 0 6 0 6 0 1 0 1 0 1 0 3 0 2 0 5 1 0 0 3 0 3 0 1 0 4 0 3 1 0 1 0 1 0 0 4 0 6 0 1 0 1 0 6 0 1 0 3 0 3 0 0 0 5 0 3 0 4 0 4 1 0 0 3 0 0 1 0 0 0 0 6 0 5 0 3 0 4 0 5 0 2 0 3 0 5 0 1 0 1 0 5 0 4 1 0 0 3 0 5 0 6 0 6 0 5 0 6 0 4 0 2 0 0 0 4 0 4 0 3 0 4 0 3 0 4 0 3 0 0 0 1 0 3 0 6 0 6 0 5 1 0 0 1 0 5 0 4 0 3 0 1 1 0 0 6 0 3 1 0 0 3 0 4 0 2 0 5 0 0 0 6 0 1 0 6 0 3 1 0 0 0 0 5 0 2 0 2 1 0 0 0 0 4 0 3 0 2 0 2 0 2 0 5 0 1 0 4 1 0 0 4 0 5 0 3 0 2 0 5 0 0 0 1 0 6 0 3 0 5 0 2 0 1 0 6 0 4 0 2 0 5
1 605 2 0 1 0 5 0 2 0 2 0 0 0 4 0 2 0 4 0 6 0 3 0 4 0 5 0 4 0 6 0 2 0 0 0 4 0 6 0 4 1 0 0 1 0 4 0 2 0 0 0 2 1 0 0 1 0 4 0 2 0 0 0 2 0 2 0 4 0 3 0 2 1 0 0 2 1 0 1 0 0 3 0 2 0 0 0 4 0 4 0 6 0 0 0 6 0 6 0 0 0 1 0 4 1 0 0 3 0 2 0 2 0 5 0 1 0 2 1 0 0 5 0 4 0 5 0 0 1 0 0 4 0 1 0 5 0 4 0 0 0 3 0 0 0 2 0 0 0 1 1 0 0 1 0 4 0 0 0 1 0 4 0 3 0 3 0 3 0 0 0 0 0 0 0 3 1 0 0 1 0 0 0 2 0 3 1 0 0 6 0 2 0 3 1 0 0 1 0 6 0 4 0 1 1 0 0 1 0 2 0 2 0 3 0 5 1 0 0 1 1 0 0 3 0 4 1 0 0 2 0 1 1 0 1 0 0 5 0 1 0 3 1 0 0 5 0 1 0 5 0 1 0 0 0 0 0 1 1 0 1 0 0 1 0 1 0 4 0 2 1 0 0 6 0 2 0 2 0 4 0 4 0 2 0 2 0 6 0 3 1 0 1 0 0 3 0 0 0 1 0 2 0 1 0 1 1 0 0 0 0 2 0 2 0 2 0 1 0 3 1 0 0 2 0 5 0 1 0 0 0 1 0 3 0 0 1 0 0 1 0 1 0 3 0 4 0 3 0 3 0 1 0 4 0 3 0 5 0 5 0 5 1 0 0 6 0 5 0 3 0 2 0 2 0 6 0 5 0 3 1 0 0 6 0 6 0 3 0 1 0 1 0 0 1 0 1 0 0 1 0 5 0 3 0 3 0 4 0 3 0 6 0 6 0 1 0 3 0 0 0 2 0 2 1 0 0 6 0 1 0 6 0 0 0 5 0 4 0 0 0 2 0 3 0 5 1 0 0 3 0 3 0 3 0 3 0 2 1 0 1 0 0 4 0 6 0 6 0 4 0 6 0 1 0 5 0 1 0 1 0 2 0 0 0 2 0 0 0 1 1 0 0 1 0 2 1 0 0 6 0 6 0 4 1 0 0 3 0 3 0 1 1 0 0 4 1 0 0 5 0 0 1 0 1 0 0 1 0 6 0 2 0 2 0 4 0 4 0 5 0 0 1 0 0 1 0 2 0 5 0 5 0 6 0 0 0 0 1 0 0 5 0 4 0 5 0 2 0 4 0 2 0 0 0 1 0 3 1 0 0 6 0 2 0 1 0 3 0 5 0 0 0 3 0 5 0 3 0 5 0 1 0 6 0 3
0 605 4 0 3 0 2 0 5 0 4 0 1 0 0 0 6 0 1 0 6 0 0 0 2 0 4 0 2 0 5 0 5 0 1 0 1 0 6 0 2 1 0 0 3 0 0 0 5 0 0 0 5 0 6 0 2 0 0 0 5 0 0 0 4 0 5 0 0 1 0 0 6 0 6 0 4 1 0 0 6 0 5 0 4 0 1 0 1 0 2 0 5 0 2 0 5 0 5 0 1 0 3 0 1 1 0 0 6 0 4 0 5 0 2 0 3 0 5 1 0 0 3 0 2 0 3 0 2 1 0 0 0 0 4 0 3 0 1 0 1 0 6 0 0 0 4 0 0 0 3 0 6 0 2 0 0 0 1 0 3 0 0 1 0 1 0 1 0 0 1 0 0 0 0 1 0 1 0 0 2 0 0 0 5 0 0 0 0 0 4 0 5 1 0 1 0 0 3 0 5 0 1 0 4 0 6 0 1 0 4 0 4 1 0 0 4 1 0 0 3 0 6 0 6 0 1 1 0 0 4 0 3 1 0 1 0 0 2 0 4 0 0 0 0 0 2 0 4 0 2 0 3 0 0 0 0 0 3 1 0 0 6 0 1 0 3 0 0 1 0 0 0 0 4 0 5 0 5 0 1 0 1 0 5 0 5 0 5 0 1 0 0 0 6 0 5 0 0 0 2 0 4 0 2 0 3 0 5 1 0 0 4 0 4 0 4 0 2 1 0 1 0 0 5 0 2 0 3 0 0 0 2 0 6 0 1 0 6 0 1 0 2 1 0 0 1 1 0 1 0 0 4 0 1 0 0 0 4 0 4 0 5 0 0 0 5 0 3 1 0 0 5 0 5 0 5 0 4 0 1 0 0 0 5 0 5 1 0 0 3 0 2 0 1 1 0 0 6 0 2 0 3 0 0 0 0 0 2 0 0 0 6 0 5 0 3 0 6 0 0 0 4 0 5 1 0 0 4 0 4 0 4 0 2 0 3 0 1 0 1 0 4 1 0 0 4 1 0 0 6 0 6 0 6 0 6 0 5 1 0 1 0 0 1 0 6 0 6 0 2 0 5 0 4 0 2 0 3 0 2 0 4 0 0 0 4 0 0 0 3 0 6 0 1 0 5 1 0 0 5 0 6 0 2 1 0 0 6 0 6 0 3 1 0 0 2 0 0 0 2 0 2 1 0 0 6 0 2 0 4 0 5 0 5 0 1 0 2 0 3 0 2 0 6 0 1 0 5 0 3 0 4 0 5 0 1 0 1 1 0 0 3 0 2 0 3 0 6 0 0 0 5 0 0 0 3 0 0 0 0 0 4 0 5 0 2 1 0 0 3 0 1 1 0 0 4 0 0 0 3 0 4 0 5 0 0
0 607 1 0 0 1 0 0 6 0 3 0 1 0 3 0 1 0 4 0 4 0 4 0 1 0 5 0 0 0 6 0 3 0 3 0 3 0 3 0 4 0 6 0 6 0 5 0 1 0 2 0 2 0 3 0 5 0 5 0 1 0 2 0 2 0 1 0 3 0 2 1 0 0 5 0 6 0 3 0 0 0 5 0 4 0 1 0 3 0 2 0 5 0 2 0 6 0 3 0 3 0 3 0 6 0 3 1 0 0 5 0 2 0 3 0 5 1 0 0 4 1 0 0 6 0 4 0 6 0 5 0 6 0 0 0 0 1 0 0 3 0 3 0 4 0 2 0 0 0 1 1 0 0 5 0 5 0 0 0 2 0 6 0 1 1 0 1 0 0 6 0 1 0 0 0 1 1 0 0 6 0 3 0 1 0 2 0 1 0 1 0 1 0 5 0 0 0 6 0 6 0 2 0 4 0 1 0 5 0 4 0 1 0 3 0 0 0 1 1 0 1 0 0 6 0 5 0 4 1 0 0 1 0 1 0 0 0 6 0 4 0 0 0 1 0 0 0 5 0 0 0 5 0 6 0 0 0 1 0 0 0 0 0 4 0 3 0 6 0 1 0 6 0 0 0 1 0 4 0 3 0 3 0 3 0 3 0 4 0 3 0 3 0 1 0 5 0 3 0 1 0 5 0 0 0 5 1 0 0 5 0 0 0 1 0 2 0 1 1 0 0 0 1 0 0 2 0 5 0 6 0 0 0 5 0 4 0 4 0 4 0 3 0 5 0 6 0 2 1 0 1 0 0 0 0 3 0 1 0 1 0 2 0 3 0 2 0 3 0 1 0 0 0 3 0 4 0 4 0 1 0 3 0 1 0 3 0 4 1 0 0 6 0 4 0 3 1 0 0 4 0 5 0 6 0 0 0 0 0 4 0 1 0 5 0 4 0 0 0 5 0 2 0 1 0 5 0 0 0 1 0 2 0 1 0 5 0 6 0 2 0 3 0 2 0 0 0 2 0 0 0 5 0 6 0 6 0 6 0 5 0 0 0 6 0 2 0 5 0 5 0 6 0 3 0 1 0 5 0 6 0 5 0 0 0 2 0 0 0 1 1 0 0 5 0 4 0 4 0 0 0 3 0 5 1 0 0 0 0 5 0 6 0 0 1 0 0 4 0 0 0 4 0 5 1 0 0 4 0 6 0 1 0 4 0 3 0 3 0 4 0 6 0 5 0 4 0 4 0 3 0 0 0 2 0 3 0 3 0 3 0 6 0 5 0 4 1 0 0 5 0 2 0 2 0 1 0 6 0 0 0 1 0 1 0 3 0 6 0 6 0 5 0 3 1 0 0 0 0 1 1 0 0 2 0 3 0 1
0 607 2 0 1 1 0 0 4 1 0 0 3 0 6 0 3 0 1 0 2 0 1 0 4 0 2 0 2 0 5 0 0 0 0 0 0 0 0 0 2 0 6 0 6 0 3 0 3 0 4 0 4 1 0 0 4 0 3 0 3 0 4 0 4 0 2 0 6 0 5 1 0 0 3 0 5 1 0 0 2 0 3 0 1 0 3 0 6 0 5 0 2 0 6 0 5 0 0 0 0 0 0 0 6 0 1 0 0 0 2 0 5 1 0 0 5 0 0 0 2 0 0 0 5 0 2 0 6 0 4 0 5 0 1 0 1 0 6 0 5 1 0 0 1 0 5 0 0 0 3 1 0 0 3 0 3 0 1 0 5 0 4 0 4 1 0 1 0 0 4 0 3 0 0 0 3 1 0 0 4 1 0 0 3 0 4 0 2 0 2 0 3 0 2 0 2 0 5 0 5 0 6 0 0 0 4 0 3 0 1 0 3 0 6 0 0 0 3 1 0 1 0 0 5 0 4 0 2 1 0 0 2 0 2 0 1 0 5 0 1 0 1 0 2 0 1 0 2 0 2 0 3 0 5 0 1 0 2 0 0 0 1 0 1 0 0 0 5 0 4 0 4 0 1 0 3 0 1 0 0 0 0 0 0 0 0 0 1 1 0 1 0 0 4 0 2 1 0 0 4 0 2 0 2 0 4 0 0 0 2 0 1 0 2 0 4 0 3 0 6 0 0 0 6 0 4 0 3 0 5 0 2 0 3 0 2 0 2 0 2 0 0 0 4 0 5 1 0 0 0 0 5 1 0 0 6 0 2 0 2 0 4 0 6 0 4 0 6 0 2 0 0 1 0 0 2 0 1 0 3 0 6 0 2 1 0 0 3 0 0 0 5 0 2 0 1 0 0 0 1 0 4 0 5 0 1 0 1 0 0 0 4 0 3 0 1 0 2 0 2 0 5 0 3 0 2 0 1 0 2 0 4 0 3 0 3 0 5 0 5 0 6 0 4 0 0 0 4 0 1 0 3 0 6 0 6 0 6 0 3 0 2 0 4 0 6 0 3 0 4 0 5 1 0 0 4 0 3 0 6 0 3 0 1 0 4 0 0 0 3 1 0 0 3 0 2 0 1 0 1 1 0 0 4 1 0 0 1 0 3 0 5 0 2 1 0 0 0 0 2 0 1 0 5 0 0 0 1 0 5 0 4 0 1 0 0 0 0 0 2 0 6 0 4 0 2 0 1 1 0 0 1 0 4 1 0 0 0 0 0 0 6 0 4 0 3 0 0 0 2 0 5 0 4 0 3 0 4 0 1 0 2 0 2 1 0 0 6 0 6 0 4 0 0 1 0 0 0 0 3 0 6 0 3 0 6 0 2
1 607 4 0 3 1 0 0 1 1 0 1 0 0 5 1 0 0 3 0 4 0 3 0 0 0 5 0 5 0 2 0 1 0 0 0 0 0 0 0 5 0 5 0 6 0 0 0 0 0 2 0 3 0 0 0 1 0 0 0 0 0 2 0 1 0 6 0 5 0 4 1 0 1 0 0 4 1 0 0 4 0 6 0 2 1 0 0 6 0 3 0 6 0 5 0 3 0 1 0 0 0 1 0 4 0 3 0 0 0 5 0 4 0 0 0 2 0 1 0 4 0 1 0 2 0 6 0 5 0 2 0 3 0 3 0 3 0 5 0 4 1 0 0 3 0 2 0 1 1 0 1 0 0 6 0 6 0 3 0 3 0 2 0 3 0 0 1 0 0 0 1 0 0 2 0 0 0 0 0 1 1 0 1 0 0 1 0 5 0 4 0 6 0 4 0 5 0 3 0 4 0 5 0 2 0 0 1 0 0 3 1 0 0 5 0 2 0 0 0 0 1 0 0 3 0 1 0 6 0 6 0 3 0 4 0 3 0 2 0 3 0 2 0 4 0 2 0 4 0 4 1 0 0 3 0 3 0 4 0 0 0 2 0 2 0 1 0 3 0 2 0 1 0 3 0 6 0 2 0 0 0 0 0 0 0 0 0 3 1 0 1 0 0 0 1 0 0 0 0 0 0 5 0 5 0 0 0 1 0 4 0 2 0 5 0 1 0 0 0 5 0 2 0 5 0 2 0 0 0 3 0 5 0 6 0 4 0 4 0 4 0 1 0 1 0 4 1 0 0 1 0 4 0 0 0 4 0 5 0 5 0 1 0 6 0 2 0 5 0 5 0 1 0 6 0 3 0 2 1 0 0 5 0 6 0 6 0 5 0 1 0 2 0 5 0 2 0 0 0 3 0 1 0 3 0 3 0 2 0 1 0 0 1 0 0 3 0 4 0 5 0 2 1 0 0 5 0 2 0 5 0 1 0 0 0 0 0 4 0 4 0 6 0 1 0 2 0 0 0 3 1 0 0 6 0 6 0 5 1 0 0 6 0 1 0 6 0 0 0 2 0 5 0 0 0 1 0 0 0 5 1 0 0 4 0 0 0 1 1 0 1 0 0 6 0 4 0 2 0 3 1 0 0 1 1 0 0 2 1 0 0 3 0 6 0 5 1 0 0 4 0 3 0 2 0 1 0 3 0 3 0 1 0 3 0 0 0 0 0 5 0 5 0 1 0 5 0 3 0 6 0 2 0 1 1 0 0 0 0 1 0 5 0 1 1 0 0 1 0 5 0 3 0 2 0 0 0 1 0 3 0 4 0 5 1 0 0 5 0 6 0 1 0 2 0 5 1 0 1 0 0 6 0 0 0 5 0 5
1 609 1 0 1 0 0 1 0 0 3 1 0 1 0 0 3 1 0 1 0 0 1 1 0 0 2 0 3 0 3 0 5 0 2 0 0 0 0 0 1 0 3 0 4 0 5 0 1 0 0 0 4 0 6 0 0 0 2 0 0 0 0 0 4 0 3 0 5 0 4 0 3 0 0 1 0 0 2 0 0 0 1 0 5 1 0 0 0 0 5 0 0 0 6 0 3 1 0 0 3 0 0 0 3 0 0 1 0 0 2 0 3 0 1 0 1 0 4 0 3 0 0 0 3 0 5 0 5 0 3 0 5 1 0 0 0 0 0 0 4 0 2 1 0 0 6 0 4 0 3 1 0 1 0 0 5 0 5 1 0 1 0 0 5 0 6 0 1 0 6 0 0 0 6 0 3 0 0 0 0 0 3 1 0 0 6 0 2 0 3 0 2 0 6 0 2 0 4 0 0 0 2 0 3 0 5 0 1 1 0 0 0 0 0 0 2 0 5 0 0 0 1 0 6 0 5 0 3 0 5 0 6 0 0 0 1 1 0 0 5 0 6 0 5 0 0 0 6 0 1 0 2 1 0 1 0 0 0 0 1 0 1 0 4 0 4 0 2 0 6 0 4 0 2 1 0 0 5 0 5 0 0 0 0 0 0 0 1 0 0 0 0 0 6 0 0 0 5 1 0 0 1 0 3 0 3 0 1 0 3 0 0 0 6 0 2 0 3 0 1 0 2 0 6 0 2 0 5 0 0 1 0 0 4 0 6 0 2 0 2 0 1 0 3 0 3 0 1 1 0 0 3 0 0 0 2 0 1 0 4 0 3 0 4 0 4 0 6 0 3 0 3 0 4 0 4 1 0 1 0 0 0 0 3 0 6 0 6 0 3 0 3 0 5 0 2 0 5 0 0 0 6 0 2 0 6 0 6 0 4 0 2 0 1 0 6 0 6 0 1 0 3 1 0 0 0 0 2 0 6 0 2 0 3 0 0 0 1 0 1 0 2 0 5 0 3 0 4 0 1 0 0 0 0 0 5 0 6 0 5 0 0 0 4 0 4 0 4 0 1 0 5 0 2 0 1 0 2 0 1 0 4 0 0 0 0 0 1 0 3 1 0 1 0 0 5 0 1 0 5 1 0 1 0 0 3 0 6 0 4 0 6 0 6 0 5 0 5 0 0 0 0 1 0 0 5 0 2 0 6 0 6 0 2 0 6 0 0 0 1 0 3 0 3 0 4 0 3 0 0 0 5 0 5 0 3 0 5 1 0 0 3 0 2 0 4 0 6 0 2 0 2 1 0 0 5 0 0 0 2 1 0 0 2 0 5 0 0 0 3 0 5 0 3 0 5 0 4 0 0 1 0 0 4 0 2 0 3 0 4
0 609 2 0 2 0 1 1 0 0 0 0 0 1 0 0 0 0 0 0 6 0 2 0 6 0 3 1 0 0 0 0 3 0 5 0 0 0 0 0 2 1 0 0 2 0 3 0 3 0 1 0 1 0 5 0 1 0 4 0 0 0 1 0 1 0 0 0 4 0 1 1 0 0 2 0 6 0 3 0 0 0 3 0 3 1 0 0 1 0 2 0 2 0 5 0 0 1 0 0 6 0 0 0 6 0 1 0 6 0 3 0 6 0 2 0 3 0 0 1 0 0 1 1 0 0 4 0 4 0 0 0 4 1 0 0 0 0 1 0 0 1 0 0 0 0 5 0 2 0 1 0 0 1 0 0 3 0 5 0 0 1 0 0 3 0 5 0 4 0 4 0 2 0 4 1 0 0 1 0 1 0 0 0 0 0 4 0 5 0 6 0 5 0 4 0 6 0 0 0 1 0 4 1 0 0 3 0 4 0 5 1 0 0 0 0 5 0 2 0 1 0 3 0 5 0 4 0 0 0 4 0 5 0 1 0 3 1 0 0 3 0 6 0 3 0 2 0 4 0 3 0 5 1 0 0 5 1 0 0 2 0 3 0 1 0 1 0 6 0 5 0 1 1 0 0 0 0 3 0 3 0 1 0 0 0 0 0 2 0 0 0 1 0 4 0 2 0 3 1 0 0 2 0 6 0 6 0 2 0 6 0 1 0 4 0 5 0 6 0 2 0 5 0 4 0 6 0 2 0 2 1 0 0 1 0 5 0 5 0 4 0 2 0 6 0 6 0 3 0 6 0 5 0 0 0 4 0 3 0 1 0 0 0 2 0 2 0 6 0 0 0 0 0 2 0 3 0 0 0 5 1 0 1 0 0 6 0 6 0 0 0 0 0 3 0 6 0 2 0 2 0 4 0 6 0 5 0 6 0 1 0 5 0 3 0 5 0 5 0 3 1 0 1 0 0 0 0 5 0 4 0 5 0 6 0 0 0 2 0 2 0 5 0 3 0 0 0 1 0 3 0 0 0 1 0 3 0 6 0 3 0 2 0 1 0 2 0 1 0 4 0 2 0 5 0 2 0 4 0 3 0 0 0 1 0 0 0 3 0 0 0 0 1 0 0 2 0 4 0 4 0 0 0 6 0 6 0 5 0 2 0 6 0 6 0 4 0 3 0 1 0 1 1 0 0 2 0 6 0 5 0 5 0 6 0 4 0 1 0 2 1 0 0 0 0 1 1 0 0 2 0 3 0 4 0 0 0 4 1 0 0 6 0 5 0 1 0 5 0 5 0 5 1 0 0 2 0 1 0 5 0 6 0 4 0 2 0 1 1 0 0 4 0 0 0 4 0 1 0 2 1 0 0 0 0 5 1 0 0 2
1 609 4 0 4 0 3 0 5 1 0 0 1 0 5 1 0 0 1 0 4 0 6 0 5 0 0 1 0 0 0 1 0 0 3 0 1 0 0 0 5 0 6 0 3 0 6 0 6 0 2 0 3 0 2 0 4 0 0 0 1 0 2 0 2 0 1 0 0 0 4 0 6 0 4 0 4 1 0 0 1 1 0 0 0 1 0 0 2 0 4 0 5 0 2 0 2 1 0 0 4 0 2 0 4 0 4 0 5 0 0 0 5 0 5 0 6 0 1 0 6 0 2 1 0 0 1 0 1 0 2 0 1 1 0 0 0 0 2 0 1 0 6 0 0 0 2 0 5 0 2 0 1 0 6 0 6 0 2 0 2 0 6 0 6 0 3 0 2 0 1 0 6 0 1 1 0 0 2 0 2 0 0 0 1 0 1 0 4 0 6 0 4 0 2 0 5 0 1 0 3 0 1 1 0 1 0 0 2 0 4 1 0 0 1 0 2 0 5 0 2 1 0 0 4 0 1 0 2 0 1 0 3 0 3 1 0 1 0 1 0 0 5 1 0 0 6 0 1 0 0 0 5 0 0 0 3 1 0 0 4 0 6 0 2 0 3 0 5 0 3 0 4 0 5 1 0 0 6 0 6 0 2 0 0 0 0 0 4 0 0 0 3 0 0 0 5 1 0 1 0 0 5 0 5 0 5 0 6 0 4 0 4 0 1 0 4 0 5 0 6 0 3 0 2 0 5 0 5 0 5 0 6 0 2 0 3 0 4 0 1 0 6 0 5 0 6 0 0 0 6 0 3 0 2 0 0 1 0 0 3 0 0 0 4 0 5 0 4 0 1 0 0 0 4 0 6 0 1 0 4 0 0 1 0 0 5 0 5 0 1 0 0 1 0 0 5 0 5 0 5 0 1 0 6 0 4 0 5 0 4 0 3 0 0 0 4 0 4 0 1 0 0 0 6 0 0 0 3 0 2 0 4 0 5 0 1 0 4 0 5 0 2 1 0 0 1 0 2 0 6 0 0 0 2 1 0 0 5 1 0 0 5 0 2 0 4 0 3 0 0 0 6 0 2 0 6 0 0 1 0 0 1 0 2 0 0 0 6 0 0 0 1 0 6 0 4 0 1 0 1 0 2 0 5 0 6 0 3 0 6 0 5 0 6 0 1 1 0 0 3 0 3 0 6 0 4 0 5 0 4 0 4 0 6 0 1 0 3 0 5 0 5 1 0 0 3 0 6 0 3 1 0 0 1 0 2 0 2 0 0 0 5 0 3 0 4 0 3 0 4 0 4 1 0 0 4 0 3 0 3 0 6 0 1 0 5 0 3 1 0 0 0 0 2 0 0 0 3 0 5 0 6 0 0 0 3 1 0 0 4
0 611 1 0 1 0 2 0 0 0 4 1 0 0 3 0 3 1 0 0 3 0 1 0 6 0 3 0 2 0 6 0 0 0 6 0 5 0 2 0 1 0 3 0 6 0 0 0 6 0 5 0 5 0 6 0 5 0 0 0 1 0 2 0 4 0 4 0 2 0 1 0 1 0 6 0 2 0 2 1 0 0 3 0 6 0 0 0 6 0 4 0 1 0 3 0 5 0 5 1 0 0 0 0 6 0 1 0 2 0 3 0 2 0 3 0 4 0 5 0 4 0 4 0 6 0 6 0 1 0 2 0 4 0 3 0 5 1 0 0 4 0 3 0 4 0 1 0 5 0 2 0 5 0 3 0 5 0 5 0 5 0 5 0 5 0 5 1 0 0 5 0 3 0 4 0 4 0 6 0 3 0 4 0 0 0 2 0 3 0 1 0 6 0 1 0 6 0 2 0 3 0 6 0 3 1 0 0 6 0 4 0 1 1 0 0 2 0 5 0 2 1 0 0 0 0 0 0 3 0 4 0 2 1 0 0 1 0 0 1 0 1 0 0 4 0 0 0 4 0 3 0 1 0 2 0 2 0 0 0 0 0 1 0 5 0 5 1 0 0 4 0 0 0 2 0 5 0 0 0 5 0 5 0 5 0 0 0 1 0 0 0 1 0 6 0 1 0 4 0 0 1 0 0 3 0 4 0 4 0 6 0 2 0 1 0 4 0 1 0 4 0 5 1 0 0 6 0 3 0 4 0 4 0 5 0 5 1 0 0 1 0 4 0 5 0 4 0 5 0 2 0 4 1 0 0 5 0 1 0 6 0 5 0 1 0 1 0 4 0 1 0 3 0 1 0 1 0 5 0 4 0 0 0 2 1 0 0 3 0 3 0 3 0 1 1 0 0 3 0 4 0 3 0 4 0 5 0 2 0 4 0 1 1 0 0 2 0 1 0 1 0 3 0 1 0 4 0 1 0 6 0 5 0 1 0 3 0 4 0 1 0 3 0 6 0 6 0 1 0 5 0 4 0 1 0 5 1 0 0 4 0 0 0 2 0 6 0 0 1 0 0 2 0 4 0 6 0 4 0 2 0 6 0 1 0 4 0 1 0 4 0 1 0 3 0 5 0 1 0 3 0 2 0 5 0 3 0 6 0 0 0 6 0 4 0 5 0 4 0 6 0 5 1 0 0 6 0 2 0 4 0 2 0 2 0 5 0 3 1 0 0 4 0 4 1 0 1 0 0 6 0 0 1 0 0 2 0 4 0 4 0 1 0 3 0 0 0 2 0 0 0 2 0 3 0 0 0 1 0 0 0 0 0 5 0 4 0 3 0 0 1 0 0 0 0 4 0 0 1 0 0 4 0 5 0 2 0 0 0 0 0 1
0 611 2 0 2 0 4 0 1 0 1 1 0 1 0 0 0 1 0 0 6 0 3 0 4 1 0 0 6 0 4 0 2 0 5 0 3 0 5 0 2 1 0 0 5 0 2 0 5 0 4 0 4 0 6 0 3 0 1 0 2 0 5 0 1 0 1 0 5 0 2 0 3 0 4 0 5 0 5 0 6 0 6 0 4 0 2 0 5 0 1 0 3 1 0 0 4 0 4 1 0 0 1 0 4 0 3 0 4 0 6 0 4 1 0 0 2 0 4 0 2 0 2 0 6 0 5 0 3 0 5 0 1 0 0 0 5 0 0 0 1 0 0 0 1 0 4 0 2 0 6 0 3 0 0 0 4 0 4 0 4 0 4 0 4 0 5 0 0 0 3 0 0 0 2 0 2 0 6 0 0 0 1 0 1 0 4 0 6 0 3 0 4 0 4 0 4 0 5 1 0 0 6 0 1 0 0 0 5 0 1 0 4 0 6 0 4 0 2 0 6 0 5 1 0 0 0 1 0 0 1 0 6 0 6 0 1 0 1 1 0 1 0 0 0 0 2 0 0 1 0 0 3 0 4 0 4 0 0 0 0 0 3 0 3 0 5 0 0 0 0 0 1 0 5 0 2 0 2 0 3 0 4 0 3 0 1 0 2 0 0 0 3 0 4 0 4 0 0 0 2 0 6 0 6 0 1 0 2 0 5 0 5 0 3 0 0 0 4 0 1 0 5 0 0 0 5 0 0 0 2 0 2 0 4 0 4 1 0 0 3 0 1 0 4 0 2 0 3 0 6 0 2 0 0 0 2 0 4 0 5 0 3 0 3 0 3 0 0 0 3 0 6 0 2 0 3 0 3 0 1 0 1 0 5 0 6 0 5 0 6 0 6 0 3 0 6 0 6 0 1 0 0 0 2 0 3 0 6 0 0 0 4 0 6 0 3 0 2 0 2 0 6 0 3 0 0 0 4 0 5 0 3 0 3 1 0 0 1 0 3 1 0 0 6 0 5 0 4 0 3 0 1 0 4 0 4 0 0 0 0 0 1 0 5 0 4 0 2 0 6 0 4 0 1 0 6 0 1 0 6 0 4 0 4 0 0 0 4 0 0 0 3 1 0 0 3 0 3 0 6 0 5 0 3 0 0 0 5 0 2 0 5 0 2 0 4 0 2 0 6 0 5 0 0 0 4 0 6 0 0 0 5 0 5 0 3 0 1 0 0 0 1 0 3 0 0 1 0 0 4 0 2 0 6 0 4 0 1 0 1 0 3 0 6 0 0 0 4 0 0 0 4 0 6 0 0 0 2 0 0 0 1 0 3 0 1 1 0 0 2 0 6 0 0 0 0 0 2 1 0 0 1 0 3 0 5 0 0 0 0 0 2
1 611 4 0 5 0 0 0 3 0 3 1 0 0 6 0 0 1 0 0 5 0 0 0 3 0 0 0 5 0 1 0 6 0 3 0 0 0 3 1 0 0 0 0 2 0 6 0 3 0 2 0 2 0 5 1 0 0 3 0 5 0 2 0 3 0 3 0 2 0 5 1 0 0 2 0 4 0 4 0 6 0 6 0 1 0 6 0 2 0 4 0 0 0 0 0 1 0 2 1 0 0 3 0 1 0 0 0 2 0 6 0 2 1 0 0 5 0 0 0 5 0 5 0 5 0 4 0 0 0 3 0 3 0 1 0 2 0 1 0 2 0 0 0 3 0 0 0 6 0 4 1 0 0 2 0 1 0 2 0 2 0 2 0 2 0 3 0 1 0 6 0 0 0 4 0 5 0 4 0 1 0 2 0 3 0 1 0 6 0 0 0 2 0 2 0 2 0 5 0 0 0 4 0 3 0 1 0 2 0 4 0 1 0 6 0 1 0 6 0 5 0 4 1 0 0 1 0 6 0 2 0 5 0 5 0 3 0 3 1 0 0 5 1 0 0 4 0 1 0 6 0 6 0 1 0 1 0 1 0 0 1 0 0 0 0 3 0 1 0 0 0 3 0 2 0 5 0 4 1 0 0 1 1 0 0 3 0 4 0 0 1 0 0 2 0 1 0 1 0 5 0 5 0 5 0 3 0 5 0 3 0 3 1 0 0 2 0 0 0 4 0 2 0 2 0 2 0 1 0 4 0 5 0 1 0 2 1 0 0 6 0 3 0 0 0 5 1 0 0 5 0 5 0 0 0 5 0 1 0 3 1 0 1 0 1 0 0 1 1 0 0 5 0 5 0 6 0 6 0 2 0 3 0 3 0 6 0 4 0 6 0 6 0 0 0 6 0 5 0 3 0 0 0 4 1 0 0 5 0 2 0 1 0 5 1 0 0 5 0 5 0 4 1 0 0 2 0 1 0 4 0 0 0 0 1 0 0 3 0 0 0 0 0 5 0 4 0 1 1 0 0 4 0 1 0 1 0 1 0 0 0 3 0 3 0 1 0 6 0 5 0 1 0 4 0 4 0 4 0 5 0 2 0 1 0 2 0 0 0 1 1 0 1 0 1 0 0 0 0 6 0 3 1 0 0 2 0 2 0 6 0 2 0 6 0 0 0 6 0 5 0 3 0 2 0 1 0 5 0 2 0 3 0 3 1 0 0 3 0 0 0 2 0 6 0 1 1 0 0 0 0 6 0 5 0 1 0 3 0 2 1 0 0 5 0 2 0 0 0 2 0 1 0 5 0 1 0 4 0 0 0 2 0 6 0 3 0 6 0 4 0 4 0 1 0 0 0 5 0 6 0 1 1 0 0 3 0 1 0 0 0 4
0 613 1 0 1 0 3 0 1 1 0 0 1 0 0 0 4 0 2 1 0 0 2 0 1 0 6 0 1 0 2 0 4 0 4 1 0 0 1 1 0 1 0 0 0 0 5 0 4 1 0 0 5 0 5 0 3 1 0 1 0 0 3 0 5 0 6 0 6 0 5 0 3 1 0 0 5 0 1 0 2 0 6 0 5 0 4 0 4 0 6 0 0 0 1 0 0 0 2 0 5 0 6 0 5 0 2 0 0 0 5 0 4 1 0 0 0 0 2 0 2 0 3 0 4 0 4 0 1 0 1 0 6 0 6 0 2 0 4 0 2 0 4 0 0 0 6 0 1 0 5 0 2 1 0 0 4 0 2 0 4 0 4 0 4 0 4 0 6 0 3 0 4 0 2 0 1 0 4 0 1 0 3 0 4 0 6 0 3 0 4 0 1 0 4 0 4 0 5 0 2 0 2 0 0 1 0 0 3 0 5 0 0 0 4 0 4 0 4 0 5 0 4 0 2 1 0 0 3 0 4 0 6 0 3 0 4 0 0 0 1 0 0 0 4 0 0 0 0 0 4 0 5 0 5 0 3 0 2 0 2 0 1 0 5 1 0 0 6 0 2 0 0 0 6 0 5 0 3 0 2 1 0 0 3 0 6 0 6 0 0 0 2 0 6 0 3 0 2 0 3 0 3 0 4 0 4 0 0 0 4 0 0 0 0 1 0 0 4 0 1 0 0 0 5 0 4 0 4 0 3 0 1 0 3 0 3 0 5 1 0 0 4 1 0 0 2 0 4 0 0 0 3 0 3 0 2 0 2 0 4 0 0 0 0 1 0 0 6 0 2 1 0 0 3 0 4 0 6 0 5 0 5 1 0 0 0 0 6 0 2 0 6 0 5 0 2 0 5 0 3 1 0 0 2 0 2 0 0 0 2 0 5 0 3 0 4 0 0 0 3 0 4 0 2 1 0 0 4 0 3 0 0 0 1 0 1 0 6 0 5 0 0 0 1 0 3 0 1 0 4 1 0 0 0 0 3 0 2 0 2 0 0 0 6 0 6 0 3 0 5 0 3 0 4 0 1 0 2 0 2 0 3 0 5 0 2 0 4 0 0 0 3 1 0 1 0 0 6 0 0 0 5 0 0 1 0 0 4 0 5 0 4 0 6 0 4 0 2 0 5 0 3 1 0 0 5 0 3 0 2 0 5 1 0 0 0 1 0 0 6 0 0 0 5 0 4 0 4 0 6 0 0 0 5 0 3 0 3 0 6 0 5 1 0 0 2 0 5 0 0 0 4 0 3 0 2 0 4 0 0 0 1 0 5 0 5 0 0 0 6 0 2 0 1 0 3 0 1 0 3 0 5 0 4 0 6 0 5 0 2 0 1 0 1
0 613 2 0 2 0 6 0 3 0 6 0 1 0 1 0 0 0 6 0 6 0 3 0 3 0 4 0 3 0 5 0 1 0 2 1 0 0 3 1 0 0 6 0 0 0 3 0 3 0 0 0 3 0 4 0 1 0 0 0 6 0 6 0 3 0 6 0 6 0 4 0 1 0 0 0 2 0 3 0 5 0 5 0 4 0 2 0 2 0 5 0 1 0 2 0 0 0 5 0 3 0 6 0 3 0 5 0 1 0 3 0 2 1 0 0 0 0 4 0 4 1 0 0 2 0 1 0 3 0 3 0 5 0 5 0 6 0 0 0 6 0 0 0 2 0 4 0 4 0 2 1 0 0 0 0 0 0 6 0 1 0 2 0 2 0 2 0 6 0 0 0 1 0 5 0 3 0 0 0 3 1 0 0 2 0 6 0 0 0 1 0 4 0 1 0 2 0 3 0 5 0 4 0 1 0 6 0 6 0 2 0 2 0 1 0 2 0 2 0 4 0 1 0 6 0 6 0 6 0 1 0 6 0 0 0 1 0 1 0 2 0 1 0 0 0 1 0 1 0 1 0 4 0 3 1 0 0 5 0 4 0 3 0 4 0 0 0 4 0 5 0 1 0 5 0 3 1 0 0 6 0 6 0 6 0 5 0 5 0 1 0 5 0 4 1 0 0 5 1 0 0 0 0 2 0 1 0 2 0 0 0 1 0 1 1 0 0 0 0 3 0 1 0 3 0 2 0 1 1 0 0 3 1 0 0 0 0 5 0 0 0 1 1 0 0 5 0 0 0 1 0 6 0 6 0 4 0 5 0 0 0 1 0 1 1 0 0 4 0 6 0 6 0 6 0 1 0 6 0 4 0 4 1 0 0 1 0 4 0 6 0 5 0 3 0 6 0 3 0 0 1 0 0 4 0 4 0 0 0 5 0 3 0 0 0 1 0 1 1 0 0 1 1 0 0 0 0 0 1 0 0 1 0 2 0 3 0 5 0 3 0 1 0 2 0 6 0 3 0 1 1 0 0 0 0 6 0 4 0 4 0 1 0 5 0 6 0 0 0 4 0 0 0 1 0 3 0 4 0 4 1 0 0 3 0 6 0 0 0 2 0 0 0 0 1 0 0 4 0 2 0 2 0 2 1 0 0 1 0 4 0 2 0 6 0 1 0 6 0 3 0 1 0 0 0 2 1 0 0 6 0 3 1 0 0 1 1 0 0 4 0 2 0 3 0 2 0 2 0 5 0 2 0 3 0 0 0 0 0 6 0 4 1 0 0 5 0 2 0 2 0 0 1 0 0 6 0 0 0 1 0 3 0 3 0 3 0 2 0 4 0 5 0 2 0 6 0 2 1 0 0 4 0 2 0 6 0 3 0 5 0 2 0 2
1 613 4 0 5 0 5 0 0 0 5 0 3 0 2 0 1 0 5 0 6 0 0 0 0 0 2 0 0 0 3 0 3 0 5 1 0 0 0 0 0 0 4 0 1 0 6 0 6 0 0 1 0 0 1 0 3 0 1 0 5 0 6 0 0 0 6 0 6 0 1 0 3 0 0 0 4 1 0 0 4 0 4 0 1 0 5 0 5 0 2 0 3 0 4 0 1 0 3 0 0 0 6 0 0 0 3 0 3 0 6 0 5 0 6 0 0 0 1 0 2 1 0 0 4 0 2 1 0 0 0 0 4 0 4 0 5 0 2 0 4 0 1 0 5 0 1 0 1 0 6 0 5 1 0 0 1 0 4 0 3 0 4 0 4 0 5 0 4 0 1 0 3 0 2 1 0 0 1 1 0 1 0 0 5 0 4 0 1 0 3 0 0 0 3 0 4 1 0 0 4 0 1 0 4 0 5 0 5 0 5 0 4 0 2 0 4 0 5 0 0 0 4 0 5 0 6 0 5 0 4 0 4 0 1 0 2 0 2 0 4 0 2 0 0 0 2 0 2 0 3 0 1 0 1 0 0 0 3 0 2 0 0 0 1 0 2 0 1 0 3 0 4 0 3 0 1 0 0 0 5 0 6 0 6 0 4 0 3 0 4 0 3 0 3 0 0 0 3 1 0 0 0 0 4 0 2 0 4 0 0 0 2 0 3 0 5 1 0 0 6 0 2 0 6 0 4 0 3 0 6 0 6 0 6 0 0 0 2 0 1 0 3 1 0 0 2 0 1 0 3 0 5 0 6 0 2 0 3 0 1 0 2 0 3 1 0 0 1 0 6 0 6 0 5 0 4 0 5 0 2 0 2 1 0 0 3 0 1 0 6 0 4 0 0 0 5 1 0 0 2 1 0 0 1 0 1 0 2 0 2 1 0 0 1 0 2 0 3 0 6 0 2 0 5 1 0 0 1 0 6 0 1 0 4 1 0 0 3 1 0 0 3 0 5 0 4 1 0 0 4 0 6 0 0 0 5 0 2 0 1 0 4 0 3 0 5 0 2 0 0 0 1 0 2 1 0 0 2 0 2 1 0 1 0 0 5 0 1 0 4 0 0 0 1 1 0 0 0 0 5 0 4 0 5 0 6 0 2 0 0 0 6 0 4 0 4 0 4 1 0 0 3 0 0 0 5 1 0 0 5 0 0 1 0 0 3 1 0 0 0 0 5 0 6 0 4 0 5 0 2 0 5 0 6 0 0 0 1 0 5 0 3 0 0 0 2 0 5 0 4 0 1 1 0 0 4 0 1 0 2 0 6 0 6 0 6 0 5 0 1 0 3 0 6 0 4 1 0 0 0 0 0 0 6 0 5 0 0 0 3 0 5 0 4
0 615 1 0 1 0 4 0 3 0 2 0 2 1 0 0 5 0 3 0 3 0 5 0 1 0 0 0 4 0 0 1 0 0 0 0 4 1 0 0 0 0 1 0 0 0 4 0 5 0 5 0 2 0 6 0 1 0 6 0 3 0 3 0 5 0 2 0 5 0 5 0 3 0 6 0 1 0 2 0 0 0 1 0 1 0 4 0 3 0 3 0 5 1 0 0 1 0 3 0 6 0 1 0 4 0 1 1 0 0 0 0 6 0 4 0 5 0 1 0 2 0 5 1 0 0 0 0 6 0 6 0 0 0 1 0 2 0 3 0 6 0 0 0 4 0 2 0 3 0 3 0 5 0 4 1 0 0 3 0 1 0 0 0 2 0 2 0 4 0 1 0 3 0 6 0 5 0 6 0 2 1 0 1 0 0 3 0 1 0 3 0 6 0 0 1 0 0 3 0 0 0 0 0 4 0 1 0 4 0 4 0 4 0 1 0 6 0 1 0 3 0 2 0 1 0 4 0 6 0 4 0 2 0 1 0 3 0 4 0 5 0 0 0 5 0 0 0 4 0 4 0 6 0 2 0 2 0 0 0 6 0 4 0 0 0 2 0 4 0 2 1 0 0 1 1 0 0 3 0 1 0 3 0 6 0 6 0 2 0 0 0 1 1 0 1 0 0 1 1 0 1 0 0 1 0 0 0 6 0 0 0 1 0 4 1 0 0 5 0 0 0 4 0 6 0 5 0 2 0 0 0 6 0 6 0 5 0 1 0 4 0 2 1 0 1 0 0 4 0 2 1 0 0 4 0 5 0 5 0 6 0 2 0 4 1 0 1 0 0 3 0 5 0 6 0 4 0 2 0 3 0 5 0 5 0 6 0 5 0 3 0 5 0 1 0 2 0 3 1 0 0 5 0 6 0 1 0 2 0 4 0 5 0 6 0 1 0 4 1 0 0 5 0 6 0 3 1 0 0 3 0 4 0 4 0 1 1 0 1 0 1 0 1 0 0 4 0 3 0 0 0 1 0 5 0 2 0 2 0 5 0 3 0 1 0 0 0 3 0 5 0 0 0 2 0 5 0 6 0 3 0 5 1 0 1 0 0 2 0 4 0 0 0 1 0 3 0 6 0 0 0 3 0 2 0 4 0 5 0 5 0 1 0 5 0 2 0 2 0 2 1 0 0 6 0 1 0 4 0 0 0 2 0 2 0 6 0 6 0 6 0 0 0 3 0 6 0 2 0 3 0 6 0 3 0 5 0 1 0 3 0 2 1 0 0 1 0 5 0 3 0 1 0 4 1 0 0 0 0 3 0 5 0 5 0 6 0 6 0 3 0 3 1 0 0 6 0 2 1 0 0 0 0 1 0 5 0 3 0 1 1 0 0 4 0 2
1 615 2 0 3 0 0 1 0 0 5 0 5 1 0 0 3 0 0 0 0 0 3 0 3 0 1 0 0 0 2 0 6 0 0 0 1 1 0 0 0 0 2 0 1 0 1 0 4 0 3 0 6 0 4 0 4 0 5 0 0 0 0 0 3 0 6 0 3 0 4 0 0 0 5 0 3 0 4 0 0 0 2 0 3 0 1 0 0 0 0 0 4 1 0 0 2 1 0 0 5 0 4 0 0 0 4 0 6 0 0 0 5 0 2 0 3 0 3 0 5 0 3 1 0 0 1 0 5 0 5 0 1 0 2 0 4 1 0 0 5 0 2 0 0 0 5 1 0 0 0 0 4 0 2 1 0 0 6 0 2 0 0 0 4 0 5 0 0 0 3 1 0 0 6 0 4 0 5 1 0 0 0 0 6 0 5 0 2 1 0 0 5 0 2 0 6 0 5 0 0 0 1 0 0 0 4 0 1 0 2 0 1 0 4 0 4 0 3 0 6 0 4 0 3 0 1 0 6 0 1 0 5 0 2 1 0 0 2 0 3 0 2 0 2 0 2 0 1 0 2 0 5 0 5 0 4 0 1 0 5 0 1 0 1 0 5 0 0 0 6 0 6 0 2 0 6 0 5 0 2 1 0 0 6 0 5 0 5 0 0 0 3 1 0 0 6 0 2 1 0 0 6 0 1 0 1 0 4 0 1 0 3 0 2 0 0 0 2 0 2 0 1 0 6 0 3 0 5 0 1 0 5 0 6 0 3 0 4 0 0 1 0 0 0 1 0 0 0 1 0 0 0 0 1 0 4 0 4 0 5 0 6 0 2 0 0 0 6 0 6 0 3 0 6 0 1 0 5 1 0 0 4 0 4 0 6 0 4 0 0 0 3 0 3 0 5 0 0 0 0 0 3 0 5 0 3 0 5 0 1 0 4 0 5 0 4 0 2 0 0 0 3 0 6 0 0 1 0 1 0 0 2 0 1 0 4 1 0 1 0 1 0 1 0 0 0 1 0 0 1 0 3 0 2 0 5 0 5 0 2 1 0 0 3 0 0 1 0 0 3 0 1 0 5 0 3 0 6 0 0 0 5 0 0 0 6 0 4 0 0 0 1 0 2 1 0 0 5 0 1 0 6 0 5 0 1 0 4 0 3 0 4 0 2 0 5 0 4 0 5 1 0 0 4 0 4 0 0 0 1 0 4 0 5 0 5 0 6 0 5 0 1 1 0 0 5 0 5 1 0 0 6 0 0 0 3 0 3 0 6 0 5 0 6 0 2 0 2 1 0 0 4 0 1 1 0 0 0 1 0 0 4 0 4 0 6 0 6 0 0 0 1 0 0 0 4 0 6 0 5 1 0 0 3 0 2 1 0 0 4 1 0 0 0 0 5
0 615 4 0 6 0 1 1 0 0 3 0 4 1 0 0 6 0 0 0 0 0 6 0 6 0 2 0 0 0 5 0 4 0 1 0 3 0 5 1 0 0 4 0 2 0 3 0 1 0 0 0 6 0 2 0 2 0 3 0 1 0 0 1 0 0 6 0 0 0 1 0 2 0 3 0 0 0 1 0 1 0 4 0 6 0 2 0 0 0 1 0 1 1 0 0 5 1 0 0 3 0 1 0 2 0 1 0 5 0 2 0 2 0 5 1 0 0 0 0 4 0 0 1 0 0 3 0 3 0 3 0 3 0 5 0 2 0 0 0 2 0 5 0 1 0 3 1 0 0 1 0 0 1 0 0 0 0 4 0 5 0 1 0 1 0 3 0 2 0 0 0 0 0 5 0 2 0 4 1 0 0 1 0 5 0 3 1 0 0 0 0 2 0 6 0 5 0 3 0 1 0 2 0 1 0 0 0 3 0 4 0 3 0 1 0 2 0 0 0 6 0 1 1 0 0 4 0 4 0 4 0 2 0 6 0 6 0 3 0 6 0 4 0 4 0 4 0 2 0 5 0 3 0 4 0 1 0 4 0 2 0 3 0 3 0 2 0 2 0 5 0 5 0 6 0 5 0 3 1 0 0 0 0 5 0 4 0 3 0 2 0 0 0 0 0 4 1 0 0 0 0 4 0 3 0 3 0 0 0 3 0 6 0 4 0 0 0 4 0 4 0 3 0 5 0 0 0 3 0 4 0 3 0 6 0 0 0 1 0 2 0 6 0 0 0 6 0 0 0 5 1 0 0 3 0 1 0 2 0 4 0 5 0 5 0 1 0 5 0 6 0 0 0 5 0 4 0 4 0 0 0 1 0 2 0 6 0 1 0 1 1 0 0 0 0 3 0 1 0 0 1 0 0 4 0 0 0 3 0 4 0 1 0 4 0 1 0 5 0 0 1 0 0 5 0 2 1 0 0 6 0 3 0 3 0 2 0 0 1 0 1 0 0 6 0 0 0 6 0 1 0 6 0 5 0 3 0 3 0 6 0 6 0 5 0 1 0 6 0 5 0 3 0 3 0 0 0 5 0 2 0 2 0 2 0 5 0 1 0 1 0 2 0 5 1 0 0 2 0 4 0 5 0 3 0 4 0 1 0 0 0 1 0 6 0 3 0 2 0 5 0 0 0 1 0 1 0 1 0 3 0 1 0 4 0 4 0 6 0 3 0 4 1 0 0 3 0 5 0 0 0 4 0 1 1 0 0 0 0 6 0 4 0 5 0 5 0 5 1 0 0 0 0 4 0 6 0 0 1 0 0 1 0 2 0 6 0 5 0 1 0 2 0 1 0 1 0 6 0 4 1 0 0 6 0 5 1 0 0 1 1 0 0 1 0 3
1 617 1 0 1 0 5 0 4 0 6 0 6 0 2 0 0 0 4 0 1 0 1 0 5 0 5 0 5 0 1 0 3 0 1 0 3 1 0 0 5 0 0 0 0 0 5 0 6 0 2 0 1 0 4 0 5 0 4 0 6 0 2 0 1 1 0 0 4 0 1 0 2 0 4 0 6 0 0 0 2 0 3 0 1 0 5 0 5 0 0 0 2 0 3 1 0 0 3 1 0 0 6 0 2 0 4 0 3 0 2 0 5 0 5 0 3 1 0 0 1 0 0 0 2 0 6 0 5 1 0 0 0 0 0 0 3 0 5 0 0 0 5 0 2 0 3 1 0 1 0 0 2 0 1 0 6 0 0 0 1 0 3 0 3 0 2 0 6 0 4 0 0 0 1 0 2 0 6 0 1 1 0 0 3 0 3 0 0 1 0 0 0 0 5 0 5 0 3 1 0 0 3 0 4 0 2 0 0 1 0 0 1 1 0 0 3 0 4 0 1 0 4 0 4 1 0 0 1 0 2 0 1 0 6 0 5 0 6 0 0 0 6 0 2 0 2 0 1 0 6 0 3 0 0 0 1 0 4 0 0 0 5 0 6 0 6 0 4 0 5 0 3 0 4 0 6 0 4 0 0 1 0 0 1 0 3 0 1 1 0 0 5 0 0 0 1 0 1 1 0 0 1 0 0 1 0 1 0 0 1 1 0 0 6 0 1 0 2 0 1 0 2 0 0 0 3 0 1 1 0 0 2 0 0 0 5 0 1 0 2 0 5 0 4 0 2 0 4 0 2 0 3 1 0 0 6 0 2 0 5 0 1 0 4 0 3 0 4 0 3 0 5 0 2 0 3 0 2 0 1 0 1 0 2 0 5 0 4 0 3 0 3 0 5 1 0 0 6 0 2 0 1 1 0 0 0 0 1 1 0 0 1 0 4 0 0 0 4 0 2 0 2 1 0 0 2 1 0 0 0 0 4 1 0 1 0 0 5 0 1 1 0 1 0 0 4 0 2 0 4 0 4 0 5 0 4 0 0 0 0 0 6 0 6 0 3 0 4 0 5 0 3 1 0 1 0 0 2 0 2 0 5 0 4 0 5 0 2 0 3 0 2 0 5 0 3 1 0 0 5 0 1 0 4 0 0 0 1 0 3 0 0 0 3 0 4 1 0 0 6 0 2 0 1 0 2 0 2 0 2 0 6 0 3 0 1 0 2 0 6 0 0 0 2 1 0 1 0 0 3 0 2 0 0 0 4 0 6 0 0 0 5 0 2 0 4 0 4 0 4 1 0 0 1 0 1 0 5 0 2 0 6 0 1 0 5 0 5 0 3 0 3 0 4 0 2 0 3 0 5 0 3 0 0 0 5 0 4 1 0 0 3 0 6 0 1 1 0
1 617 2 0 3 0 3 0 2 0 6 0 5 0 5 0 1 0 0 0 3 0 3 0 3 0 4 0 3 0 3 0 6 0 3 0 0 0 0 0 2 0 1 0 1 0 3 0 5 0 5 0 3 0 1 0 4 0 2 0 5 0 5 0 3 1 0 0 0 0 3 0 5 0 1 0 5 0 1 0 4 0 6 0 3 0 3 0 3 0 1 0 5 0 0 0 0 0 0 0 0 0 4 0 6 0 0 1 0 0 6 0 3 0 4 0 0 1 0 0 2 0 0 0 5 0 5 0 4 1 0 0 0 0 0 1 0 0 3 0 2 0 2 0 6 0 0 0 0 0 6 0 3 0 3 0 4 0 1 0 2 0 6 0 6 0 5 0 5 0 1 0 1 0 2 0 5 0 4 0 4 0 6 0 5 0 6 0 1 0 6 0 0 0 3 0 4 0 0 1 0 1 0 0 1 0 5 0 1 0 6 0 2 0 6 0 6 0 0 0 4 0 1 0 2 1 0 0 2 0 4 0 3 0 5 0 4 0 5 0 2 0 4 0 5 0 4 0 3 0 4 1 0 0 1 0 3 0 0 0 2 0 3 0 6 0 6 0 2 0 4 0 0 0 2 0 6 0 1 0 2 0 6 0 1 0 6 0 3 1 0 0 2 0 1 0 2 0 3 0 6 0 1 0 1 1 0 0 6 0 2 1 0 0 4 0 3 0 4 0 2 0 4 0 0 0 6 0 3 0 6 0 3 0 1 0 2 0 3 0 5 0 3 0 1 0 6 0 0 0 6 0 0 0 0 0 4 0 6 0 2 0 4 0 1 0 0 0 2 0 0 0 3 0 5 0 6 0 4 0 2 0 2 0 5 0 3 0 2 0 0 0 0 0 5 0 0 0 4 0 5 0 3 0 5 1 0 0 3 0 6 0 2 0 0 0 2 0 0 0 5 0 5 0 6 0 4 0 6 0 0 0 2 0 0 1 0 0 2 0 4 1 0 1 0 0 0 0 6 0 1 0 2 0 4 0 1 0 1 0 1 0 5 0 6 0 0 0 2 0 4 0 1 0 0 0 6 0 3 0 5 0 3 0 2 0 3 0 5 0 6 0 5 0 3 0 1 0 0 0 2 0 4 0 0 0 1 0 2 0 6 0 0 1 0 0 3 0 0 0 4 0 5 0 2 0 4 0 4 0 5 0 4 1 0 0 3 0 5 0 4 0 1 0 5 1 0 0 6 0 5 0 4 0 1 0 1 0 5 0 2 0 2 0 6 0 1 0 2 0 2 1 0 0 2 0 3 0 2 0 6 0 4 0 4 0 3 0 4 0 0 0 0 0 1 0 5 1 0 0 3 1 0 0 2 0 3 0 2 1 0 1 0 0 5 0 4 0 5
1 617 4 0 6 0 6 0 5 0 5 0 4 0 3 0 3 0 0 1 0 0 0 0 0 0 2 0 0 0 0 0 5 1 0 0 1 0 0 0 4 0 2 0 2 1 0 0 4 0 3 1 0 0 4 0 0 0 6 0 3 0 4 0 0 1 0 0 0 1 0 0 3 0 4 0 2 0 4 0 1 0 5 1 0 1 0 1 0 0 4 0 2 0 1 0 0 0 0 0 1 0 1 0 5 0 2 1 0 0 5 0 0 0 1 0 2 0 6 0 3 0 1 0 3 0 4 0 2 1 0 0 0 0 1 0 6 0 5 0 4 0 5 0 4 0 1 0 1 0 5 0 0 0 0 0 1 0 3 0 5 0 5 0 6 0 4 0 3 0 3 0 2 0 5 0 3 0 2 0 2 0 6 0 4 0 5 0 4 0 4 0 1 1 0 0 1 0 2 1 0 0 6 0 2 0 2 0 4 0 4 0 6 0 5 0 5 0 2 0 0 0 3 0 5 0 6 0 4 0 1 0 0 0 4 0 2 0 3 0 6 0 1 0 4 0 2 0 0 0 2 1 0 0 2 0 6 0 0 0 4 1 0 0 6 0 5 0 6 0 0 0 1 0 5 0 4 0 3 0 5 0 4 0 4 0 5 0 0 1 0 0 4 0 2 0 4 1 0 0 5 0 3 0 3 1 0 0 4 1 0 0 0 0 1 0 0 0 1 0 6 0 0 0 2 0 5 0 0 0 5 1 0 0 3 0 4 1 0 0 3 1 0 0 4 0 4 0 2 0 4 0 1 0 1 0 1 0 5 0 6 0 0 0 3 0 0 0 4 0 0 1 0 0 4 0 6 0 1 0 5 0 5 0 2 1 0 0 5 0 0 0 1 0 2 0 2 0 1 0 4 0 0 0 4 1 0 1 0 0 5 0 5 0 0 0 4 0 1 0 3 0 4 0 6 0 2 0 5 0 1 0 4 0 1 0 6 0 4 0 2 0 0 0 6 0 0 0 4 0 3 0 5 0 0 0 3 0 2 0 3 0 3 0 5 0 1 0 5 0 0 0 3 0 1 0 5 0 0 0 3 1 0 0 5 1 0 0 4 0 6 0 3 1 0 0 3 0 0 0 5 0 0 0 1 0 2 0 5 0 4 0 2 0 6 0 5 0 1 0 1 0 3 0 6 0 1 0 2 0 4 0 2 1 0 1 0 0 4 0 1 0 4 0 4 0 0 0 5 0 4 0 1 0 3 0 3 0 2 0 5 0 5 0 4 0 3 0 4 0 5 0 6 0 3 0 6 0 5 0 5 0 2 0 2 0 0 0 1 0 1 0 0 0 3 0 3 1 0 1 0 1 0 0 4 0 6 0 5 1 0 1 0 0 3 0 2 0 4
0 619 1 0 1 0 6 0 6 0 4 0 4 0 1 1 0 1 0 0 2 0 5 1 0 0 0 0 4 0 0 0 1 0 3 1 0 0 2 0 1 0 0 0 5 0 5 1 0 0 1 0 1 0 0 0 0 0 2 0 5 0 0 0 1 0 2 0 6 0 0 0 6 0 6 0 0 0 6 0 0 0 4 0 4 0 0 1 0 1 0 0 0 0 5 0 2 0 0 0 0 0 2 0 3 0 2 1 0 0 0 0 2 0 1 0 2 0 5 0 4 1 0 0 3 1 0 0 1 0 6 0 5 1 0 0 3 0 5 0 4 0 2 0 4 0 1 0 3 0 3 0 2 0 1 0 0 0 2 1 0 0 4 0 4 0 6 0 1 1 0 1 0 0 6 0 2 1 0 0 5 0 5 0 5 0 2 0 4 0 2 0 1 0 4 0 6 0 1 0 5 1 0 0 4 0 5 0 5 0 1 0 2 0 6 0 4 0 3 0 5 0 0 1 0 0 4 0 6 0 1 0 3 0 1 0 0 0 5 1 0 0 5 0 4 0 0 0 5 0 0 0 5 0 6 0 4 0 4 0 2 0 2 0 0 0 5 0 4 0 5 0 1 0 3 0 3 0 2 0 0 0 4 0 2 0 2 0 3 0 2 1 0 0 0 0 6 0 2 0 0 0 3 0 0 0 1 0 0 0 1 1 0 0 0 0 2 0 0 0 3 0 4 0 1 0 5 0 2 0 2 0 3 1 0 1 0 0 3 0 0 0 0 0 0 0 1 0 1 0 6 0 0 0 3 0 2 0 3 0 3 0 5 0 1 0 6 0 1 0 0 0 2 1 0 0 1 0 5 0 4 0 3 0 3 1 0 0 0 0 2 0 1 0 2 0 4 0 4 0 3 0 0 0 2 0 2 0 0 1 0 0 3 0 3 0 2 0 0 0 3 1 0 0 2 0 5 0 6 0 2 0 4 0 0 0 4 0 5 0 1 0 5 0 1 0 4 0 2 0 1 0 0 0 3 0 1 0 6 0 4 1 0 0 0 0 3 0 4 0 2 0 1 0 6 0 3 0 2 0 2 0 0 0 0 0 4 0 0 0 1 0 6 0 0 1 0 0 6 0 1 0 2 0 1 0 2 0 5 0 3 0 1 0 6 0 5 0 3 0 3 0 2 1 0 0 5 0 3 0 5 0 0 1 0 0 0 1 0 0 0 0 4 0 1 0 1 0 2 0 3 0 1 0 3 0 6 0 6 0 5 0 3 0 4 0 2 0 0 0 2 0 4 0 6 0 0 0 6 0 4 0 3 0 5 0 4 0 0 0 2 0 2 0 0 1 0 0 1 0 0 1 0 1 0 0 1 0 6 0 5 0 0 0 6 0 5 0 5 0 1
1 619 2 0 3 0 5 0 6 0 2 0 1 0 4 1 0 0 6 0 4 0 3 1 0 0 1 0 0 0 1 0 2 1 0 1 0 0 4 0 2 0 1 0 3 0 4 1 0 0 2 0 2 0 0 0 0 0 5 0 2 0 1 0 2 0 5 0 4 0 2 0 5 0 5 0 2 0 4 0 2 0 1 0 1 0 2 1 0 0 6 0 0 0 2 0 5 0 0 0 0 0 4 0 6 0 5 0 5 1 0 0 4 0 2 0 5 0 3 0 2 1 0 1 0 1 0 0 3 0 5 0 4 1 0 1 0 0 4 0 1 0 6 0 0 0 3 0 6 0 6 0 4 0 2 0 0 0 5 1 0 0 1 0 2 0 5 0 4 1 0 1 0 0 4 1 0 0 0 0 3 0 4 0 3 0 6 0 0 0 5 0 3 0 1 0 5 0 4 0 4 0 0 0 1 0 4 0 3 0 3 0 5 0 5 0 2 0 0 0 3 0 2 1 0 0 1 0 5 0 3 0 6 0 2 0 1 0 4 0 0 0 3 0 1 0 2 0 2 0 2 0 3 0 6 0 2 0 1 0 5 0 4 0 1 0 3 0 2 0 3 0 3 0 6 0 6 0 4 0 1 0 0 0 5 0 4 0 6 0 5 0 6 0 0 0 4 0 5 0 0 0 6 0 0 0 2 0 0 0 3 0 5 1 0 0 4 0 0 1 0 0 1 0 4 0 2 0 5 0 5 0 0 0 0 0 6 0 5 0 0 0 0 0 0 0 2 0 3 0 4 0 1 0 6 0 4 1 0 0 0 0 3 0 4 0 4 0 3 0 0 0 5 0 6 0 2 0 3 0 2 0 0 0 0 1 0 0 0 0 4 0 2 0 5 0 1 0 1 1 0 0 1 0 4 0 4 0 1 0 6 0 5 0 6 0 4 0 0 1 0 1 0 0 5 0 3 0 5 0 6 0 0 0 2 0 1 0 3 0 4 0 2 0 4 0 0 0 5 0 2 0 0 0 6 0 3 0 5 0 2 1 0 0 0 1 0 0 1 0 5 0 3 0 4 1 0 0 5 0 4 0 0 0 1 0 0 0 1 0 3 0 4 0 2 1 0 0 4 0 3 0 4 0 2 0 5 0 2 1 0 0 4 0 5 0 3 1 0 1 0 1 0 0 0 0 3 0 0 0 3 0 2 0 6 0 0 0 6 0 0 0 0 0 3 0 2 0 4 0 6 0 2 1 0 0 6 0 6 0 4 0 0 0 1 0 5 0 0 0 5 0 1 0 5 0 2 0 5 0 2 0 0 0 4 0 1 0 1 0 4 0 4 0 1 0 6 0 1 0 1 1 0 0 6 0 2 0 5 0 3 0 2 0 5 0 4 0 3 0 3
0 619 4 1 0 0 4 0 5 0 5 0 3 0 2 0 0 0 5 0 2 0 0 1 0 0 2 0 0 0 2 0 5 1 0 1 0 0 0 0 5 0 2 1 0 0 2 1 0 0 4 0 4 0 0 0 1 0 2 0 5 0 2 0 5 0 3 0 1 0 6 0 3 0 3 0 6 0 0 0 5 0 2 0 2 0 5 1 0 0 4 0 1 0 5 0 2 0 1 0 1 0 1 0 6 0 4 0 5 0 0 0 0 0 6 0 2 1 0 1 0 0 0 1 0 0 6 0 6 0 3 0 3 0 0 1 0 0 0 0 4 0 4 0 1 1 0 0 6 0 6 0 1 0 5 0 1 0 3 1 0 0 2 0 5 0 3 0 3 0 0 1 0 0 1 1 0 0 0 1 0 0 2 0 0 0 5 0 2 0 2 1 0 0 4 0 3 0 2 0 1 0 1 0 3 0 1 0 0 0 0 0 4 0 3 0 5 0 0 0 6 0 5 0 6 0 2 0 3 0 0 0 5 0 5 0 3 0 0 0 1 0 6 0 2 0 4 0 4 0 4 1 0 0 5 0 5 0 3 0 3 0 1 0 3 0 6 0 4 1 0 0 0 0 6 0 6 0 1 0 3 0 1 0 3 0 2 0 6 0 4 0 5 0 2 0 1 0 3 0 2 0 4 0 1 0 4 0 0 1 0 0 5 0 0 0 0 0 2 0 6 0 2 0 0 0 6 0 3 0 3 0 1 0 1 0 5 0 3 0 1 0 0 0 0 0 4 1 0 0 1 0 4 0 5 0 2 1 0 0 0 1 0 0 2 0 1 1 0 0 2 0 3 0 5 0 5 0 6 0 4 0 0 0 1 0 6 0 0 0 0 0 6 0 2 0 3 0 3 0 6 0 2 0 1 0 1 0 4 0 5 0 4 0 6 0 1 0 2 1 0 1 0 0 3 0 0 0 4 0 5 0 1 0 4 0 2 1 0 0 1 0 6 0 0 0 2 0 2 0 5 0 1 0 5 0 0 0 3 0 6 0 6 0 0 0 6 0 2 0 3 0 0 0 3 0 0 0 3 0 1 0 1 0 2 0 0 0 2 1 0 0 1 1 0 0 0 0 1 0 0 0 1 0 6 0 2 1 0 0 0 0 1 0 4 0 1 0 0 1 0 0 5 1 0 0 6 0 0 0 6 0 5 0 4 0 2 0 4 0 1 0 0 0 6 0 5 0 1 0 5 1 0 0 0 0 5 0 6 0 1 0 1 0 3 0 2 0 2 0 2 0 4 0 2 0 6 0 2 0 5 0 1 0 0 0 3 0 3 0 1 0 1 0 4 0 4 0 3 0 3 1 0 0 4 0 6 0 2 1 0 0 6 0 3 0 2 0 0 0 0
0 621 1 0 2 0 0 0 1 0 4 0 3 1 0 0 5 0 1 0 2 0 5 0 1 0 6 0 3 0 0 0 5 0 4 0 0 0 6 0 0 0 2 0 6 0 6 0 4 1 0 0 1 0 1 0 1 0 2 0 5 0 2 0 6 0 2 1 0 0 4 0 5 0 0 0 0 0 5 0 2 0 2 0 5 0 5 0 4 0 0 0 0 0 4 0 2 0 5 0 2 0 2 0 3 0 5 0 2 0 3 0 1 0 1 0 4 1 0 0 0 0 6 0 0 1 0 0 5 0 5 1 0 1 0 0 2 0 6 0 0 0 1 0 1 0 4 1 0 0 5 0 5 0 4 0 2 0 3 1 0 1 0 0 5 0 2 1 0 1 0 0 2 0 6 0 2 0 6 0 0 0 6 0 3 0 1 0 2 0 5 0 5 1 0 0 0 1 0 0 5 0 2 0 2 0 6 0 2 0 0 0 1 0 1 0 0 0 3 0 2 0 5 0 4 0 5 0 5 0 6 0 1 0 3 0 3 1 0 0 1 0 3 0 4 0 6 0 1 0 2 0 3 0 0 0 3 0 3 1 0 1 0 0 3 1 0 0 6 0 2 1 0 0 1 0 5 0 5 0 3 0 6 0 2 0 6 0 5 0 5 0 2 0 3 0 5 0 2 0 6 0 5 0 0 0 4 0 0 0 2 1 0 0 2 0 1 0 0 0 5 0 4 0 5 0 1 0 4 1 0 1 0 0 3 0 3 0 2 1 0 0 3 0 0 0 1 0 1 1 0 0 3 0 1 0 3 0 6 0 6 0 0 0 6 0 3 0 3 0 6 0 3 1 0 0 4 0 4 0 6 0 1 0 1 0 3 0 4 0 1 0 1 0 4 0 5 1 0 0 0 0 5 0 5 0 2 0 3 0 1 0 4 0 2 0 5 0 3 0 5 1 0 0 6 0 5 0 1 0 1 0 3 0 4 0 0 0 6 0 6 0 2 0 4 0 1 0 4 0 5 0 2 0 4 0 2 0 1 1 0 0 6 0 5 0 2 0 4 0 5 0 6 0 0 0 6 0 0 0 6 0 2 0 2 0 4 0 0 0 5 0 6 0 2 0 5 1 0 0 2 0 0 0 3 0 4 0 6 0 5 1 0 0 3 0 0 0 3 0 1 1 0 0 4 0 0 0 4 0 2 0 5 0 4 0 1 0 6 0 0 0 3 0 1 0 5 0 3 0 4 0 3 1 0 0 1 0 3 0 5 0 3 0 2 0 6 0 4 0 4 0 5 0 0 0 6 0 4 0 6 0 2 0 3 0 0 0 6 0 6 0 2 0 3 0 1 0 2 0 0 0 1 0 0 0 1 0 5 1 0 0 0 0 4 1 0 0 5 0 0 0 0
0 621 2 0 4 0 0 0 3 0 1 0 1 0 0 0 2 0 3 0 5 0 2 0 4 0 4 1 0 0 2 0 3 0 1 0 2 0 4 0 1 0 5 0 5 0 6 0 2 1 0 0 2 0 2 0 2 0 5 0 2 0 6 0 4 1 0 0 0 0 1 0 3 0 1 0 1 0 2 0 5 0 5 0 3 0 4 0 1 0 1 0 1 0 0 0 6 0 2 0 5 0 4 1 0 0 3 0 5 0 6 0 2 0 3 0 1 1 0 0 1 0 4 0 2 1 0 0 3 0 5 0 0 0 6 0 4 0 4 0 1 0 2 0 3 0 2 0 0 0 3 0 4 0 1 0 6 0 0 0 0 1 0 0 2 1 0 0 0 0 6 0 4 0 4 0 6 0 4 0 2 0 4 1 0 0 3 0 5 0 3 0 4 1 0 0 1 1 0 0 2 0 5 0 5 0 4 0 5 0 0 0 2 0 2 0 0 0 6 0 5 0 3 0 2 0 4 0 4 0 5 0 3 1 0 0 0 1 0 0 2 1 0 0 2 0 5 0 3 0 4 0 6 0 0 1 0 0 1 0 0 1 0 0 0 0 0 0 4 0 6 0 6 0 2 0 3 0 4 0 0 0 5 0 6 0 5 0 4 0 3 0 5 1 0 0 3 0 6 0 5 0 3 0 2 0 0 0 1 0 5 0 6 0 3 0 2 0 1 0 3 0 2 0 3 0 4 0 2 0 0 0 6 0 5 0 6 0 5 0 6 0 5 0 0 0 2 0 3 0 6 0 5 0 2 1 0 0 6 0 5 0 2 0 5 0 0 0 0 0 6 0 1 0 0 0 1 0 2 0 5 0 3 0 2 1 0 0 1 0 3 0 3 0 1 0 4 1 0 0 1 0 3 0 3 0 5 0 6 0 3 0 0 0 6 0 3 0 0 0 5 0 0 0 5 0 3 0 3 0 2 1 0 0 1 0 2 0 5 0 5 0 6 0 0 0 4 0 1 0 3 0 6 0 0 0 5 0 3 1 0 0 5 0 3 0 6 0 1 0 4 0 5 0 2 0 4 0 2 0 4 0 5 0 5 0 0 0 2 0 3 0 5 0 6 0 3 1 0 0 4 0 0 1 0 0 2 0 6 0 4 1 0 0 6 0 0 0 6 0 3 1 0 0 0 0 2 0 0 0 6 0 3 0 1 0 4 0 4 0 1 0 6 0 3 0 3 0 0 0 2 0 0 1 0 0 2 1 0 0 3 1 0 0 6 0 5 0 2 0 2 0 3 0 2 0 5 0 2 0 5 0 5 0 6 0 1 0 5 0 5 0 5 0 6 0 2 0 4 0 0 0 2 0 0 0 3 0 3 1 0 0 1 0 2 0 0 0 2 0 1 0 0
0 621 5 0 0 0 1 0 6 0 2 0 2 0 0 0 4 1 0 0 3 0 6 0 1 0 2 1 0 0 4 0 6 0 2 0 5 0 0 0 4 0 3 0 4 0 5 0 6 0 6 0 3 0 4 0 5 0 2 0 6 0 5 0 2 1 0 0 0 0 2 0 6 0 2 0 2 0 5 0 3 0 4 0 0 0 1 0 3 0 2 0 2 0 1 0 4 0 6 0 3 0 2 1 0 1 0 0 4 0 5 0 5 0 6 0 3 0 6 0 2 0 0 0 6 0 6 0 6 0 2 0 2 0 5 0 2 0 1 0 3 0 4 0 6 0 4 0 0 1 0 0 1 0 4 0 4 0 1 0 1 0 6 0 4 0 6 0 0 0 5 0 2 0 2 0 6 0 1 0 6 0 1 1 0 1 0 0 4 0 0 0 2 1 0 0 3 0 6 0 4 0 3 0 4 0 2 0 3 0 1 0 4 0 4 0 1 0 5 0 3 1 0 0 6 0 1 0 2 0 4 0 0 1 0 0 1 0 6 0 4 0 6 0 4 0 3 0 0 0 2 0 5 0 2 0 6 0 1 0 1 0 5 1 0 0 1 0 1 0 6 0 5 0 5 1 0 0 1 0 2 0 3 0 6 0 4 0 2 0 0 0 4 1 0 1 0 0 6 0 3 1 0 0 5 0 0 0 3 0 3 0 5 1 0 0 5 0 2 0 6 0 4 1 0 0 1 0 5 0 1 0 5 0 4 0 6 0 4 0 6 0 3 0 1 0 4 1 0 0 6 0 3 1 0 0 0 0 5 0 3 0 6 0 2 0 1 0 1 0 4 0 3 0 0 0 2 0 5 0 2 1 0 0 6 0 6 0 1 0 6 0 6 0 3 0 1 1 0 0 2 1 0 0 0 0 4 0 5 1 0 0 2 0 4 1 0 0 2 0 2 0 2 0 2 1 0 1 0 0 6 0 6 0 1 0 5 0 3 0 4 0 5 0 2 0 0 0 3 1 0 0 5 0 2 0 3 0 1 0 0 0 3 0 0 0 5 0 4 0 1 0 3 0 6 0 0 0 6 0 1 0 4 0 3 0 1 0 4 1 0 0 4 0 6 0 1 0 0 0 0 0 2 0 6 0 4 0 5 0 3 0 0 0 4 0 2 0 5 0 0 1 0 0 0 0 4 0 1 0 4 1 0 0 4 0 1 0 1 0 4 0 4 1 0 1 0 0 1 0 4 0 1 0 6 0 4 1 0 0 0 0 0 0 5 0 3 0 5 0 4 0 6 0 5 0 2 0 6 0 3 0 4 0 5 0 4 0 3 0 4 0 4 0 5 0 6 0 0 0 1 0 4 0 0 1 0 0 0 1 0 0 2 0 4 0 0 0 4 0 2 0 0
0 623 1 0 2 0 1 0 3 0 4 0 5 0 4 0 1 0 1 1 0 1 0 0 5 0 3 0 5 1 0 0 1 0 5 0 6 0 2 0 2 0 1 0 0 0 2 0 4 0 6 0 6 0 0 0 2 0 3 0 6 0 5 0 3 0 6 0 5 1 0 0 5 0 4 0 5 0 5 0 3 0 0 0 1 0 1 0 2 0 6 0 4 0 4 0 3 0 1 0 5 1 0 1 0 0 0 1 0 0 1 0 4 0 4 0 6 0 0 0 5 0 5 0 1 0 5 0 6 0 5 0 5 0 5 0 2 0 5 0 2 1 0 0 2 0 6 0 1 0 2 0 6 0 2 0 1 0 1 0 3 0 3 0 5 0 2 0 5 0 2 0 2 0 5 0 5 0 4 0 4 0 4 0 4 1 0 1 0 0 0 0 1 0 5 0 6 0 6 0 5 0 2 0 0 0 1 0 5 0 6 0 3 0 1 0 1 0 4 0 3 0 1 0 0 0 4 0 3 0 5 0 0 0 2 0 6 0 2 0 5 0 2 0 6 0 1 1 0 0 1 0 5 0 2 0 6 0 4 0 3 0 3 0 3 1 0 0 2 0 3 0 5 0 4 0 4 1 0 0 2 0 4 1 0 0 6 0 1 0 5 0 1 0 2 0 0 1 0 0 5 0 1 0 0 0 2 0 1 1 0 0 0 0 5 0 0 0 2 0 6 0 5 0 2 1 0 0 3 0 2 0 4 0 3 0 2 0 6 0 2 0 5 1 0 0 4 0 2 0 0 0 5 0 0 1 0 0 1 0 3 0 0 0 5 0 5 0 2 0 3 0 0 1 0 0 1 0 5 0 2 1 0 0 0 0 5 0 5 0 4 0 5 0 5 1 0 0 4 0 6 0 4 0 6 0 0 0 1 0 4 1 0 0 5 0 1 1 0 0 4 0 4 0 4 0 5 1 0 1 0 0 5 0 5 0 4 0 3 0 0 0 2 0 3 0 5 0 1 0 0 0 0 0 2 0 5 0 6 0 2 0 0 0 6 0 1 0 3 0 1 0 3 1 0 0 5 0 2 0 4 0 4 0 0 1 0 0 4 0 2 0 0 0 1 0 5 0 3 0 0 0 0 0 5 0 5 0 2 0 3 1 0 0 2 0 0 0 6 0 2 0 2 0 6 0 0 0 0 0 4 0 2 0 0 0 0 0 3 0 3 0 1 0 3 0 0 0 6 0 2 0 0 0 4 0 5 0 2 1 0 0 0 0 1 0 3 0 0 0 4 0 2 0 6 0 3 0 6 0 5 0 0 0 2 0 4 0 2 0 0 0 2 0 2 0 4 0 5 0 1 0 3 0 0 0 2 0 6 0 0 0 6 0 4 0 0 0 2 0 0 0 5 0 0
0 623 2 0 4 0 2 1 0 0 2 0 4 0 1 0 3 0 3 1 0 1 0 0 3 0 0 0 4 1 0 0 3 0 3 0 5 0 5 0 4 0 2 0 0 0 5 0 1 0 6 0 5 0 1 0 4 1 0 0 6 0 4 0 0 0 6 0 5 0 0 0 3 0 2 0 4 0 3 1 0 0 1 0 2 0 2 0 5 0 5 0 2 0 1 1 0 0 4 0 4 0 0 0 6 0 0 0 6 0 2 0 1 0 2 0 5 0 2 0 3 0 3 0 4 0 3 0 6 0 4 0 4 0 3 0 6 0 2 0 6 0 6 0 4 0 4 0 3 0 5 0 4 0 5 0 2 0 2 1 0 0 0 0 3 0 6 0 2 0 5 0 5 0 3 0 4 0 2 0 2 0 2 0 3 0 0 0 5 1 0 0 3 0 3 0 6 0 6 0 3 0 5 0 0 0 3 0 3 0 5 1 0 0 3 0 3 0 0 1 0 0 3 0 1 0 1 0 0 0 3 0 1 0 5 0 4 0 6 0 2 0 6 0 4 0 4 0 6 0 2 0 2 0 6 0 5 0 2 0 0 0 0 0 0 1 0 0 4 1 0 0 4 0 2 0 2 1 0 0 5 0 2 0 0 0 4 0 4 0 2 0 3 0 4 0 1 1 0 0 2 0 3 0 0 0 4 0 3 0 6 0 0 0 2 0 1 0 5 0 5 0 3 0 6 0 6 0 5 0 5 0 0 1 0 0 6 0 4 0 6 0 4 0 0 0 0 0 5 0 1 0 2 0 2 0 6 0 1 0 6 0 1 0 3 0 3 0 5 0 6 0 1 0 6 0 2 0 2 0 6 0 6 0 0 0 3 0 4 0 2 0 4 0 5 0 0 0 1 0 6 0 2 0 5 0 1 0 3 0 2 0 0 0 2 0 4 1 0 0 1 0 2 0 2 0 5 0 0 1 0 0 3 0 4 0 1 1 0 0 1 0 4 1 0 0 3 0 3 0 0 0 0 0 5 0 3 0 5 0 5 0 1 0 4 0 3 0 6 0 3 0 0 0 0 0 2 0 6 0 1 0 1 0 2 1 0 0 0 0 5 0 0 0 3 0 2 1 0 0 1 0 1 0 3 0 3 0 5 1 0 1 0 0 4 0 1 0 4 0 5 0 5 0 4 0 1 0 1 0 0 0 5 0 0 0 0 0 6 0 6 0 2 0 6 0 1 0 4 0 5 0 1 0 1 0 3 0 6 0 5 1 0 0 2 0 6 0 1 0 0 0 6 0 5 0 0 0 6 0 3 0 1 0 5 0 0 0 5 0 0 0 4 0 5 0 1 0 3 0 3 0 6 0 0 0 5 0 4 0 2 0 5 0 1 0 1 0 4 0 1 0 2 0 1
0 623 5 0 0 0 6 0 6 0 4 0 0 0 3 1 0 0 1 0 0 0 6 0 5 0 1 0 1 1 0 1 0 0 0 0 4 0 4 0 1 0 5 0 1 0 2 0 4 0 5 0 3 0 4 0 2 0 0 0 5 0 1 0 2 0 5 0 3 0 1 0 6 0 5 0 1 0 0 1 0 0 2 0 4 0 5 0 3 0 3 0 5 0 3 1 0 0 1 0 1 0 2 0 4 0 2 0 4 0 5 0 2 0 5 0 2 0 5 1 0 0 0 0 2 0 0 0 6 0 2 0 2 0 0 0 5 0 6 0 5 0 6 0 2 0 2 0 0 0 4 0 2 0 3 0 5 0 5 0 5 1 0 1 0 0 5 0 6 0 3 0 4 0 0 0 1 0 5 0 4 0 4 0 6 0 1 0 3 1 0 1 0 0 0 0 6 0 6 0 0 0 3 0 1 1 0 0 0 0 4 1 0 0 6 0 6 0 1 0 6 0 5 0 2 0 2 0 0 0 6 0 3 0 3 0 2 0 5 0 6 0 5 0 2 0 2 0 5 0 5 0 5 0 5 0 3 0 5 0 0 0 0 0 1 1 0 0 2 0 0 0 0 0 5 0 5 1 0 0 2 0 5 0 1 0 1 0 1 0 5 1 0 0 1 0 4 0 6 0 3 0 6 0 1 0 1 0 0 0 5 0 1 0 4 0 3 0 3 0 4 0 0 0 6 0 6 0 4 0 3 0 2 1 0 0 5 0 2 0 6 0 1 0 1 0 1 0 2 0 3 0 4 0 5 0 4 0 4 0 4 0 3 1 0 0 0 0 4 0 5 0 4 0 4 0 5 0 5 0 5 0 5 0 1 1 0 0 1 0 6 0 1 0 3 0 1 0 3 0 4 0 6 0 2 0 3 0 6 0 4 0 0 0 5 0 1 1 0 0 2 0 4 0 5 0 2 0 2 0 6 0 6 0 0 0 4 0 6 0 2 0 1 1 0 0 6 0 6 0 0 0 1 0 3 0 0 0 4 0 3 0 4 0 1 0 0 0 5 1 0 0 1 0 0 0 5 0 4 0 3 0 2 0 5 0 6 0 0 0 2 0 1 0 6 0 5 0 6 0 1 0 2 1 0 0 0 0 5 0 0 1 0 0 0 0 4 0 1 0 4 0 4 0 1 0 3 0 2 0 1 0 2 0 1 0 1 0 5 0 5 0 6 0 4 0 4 0 1 0 3 0 3 0 2 1 0 0 6 0 4 1 0 0 5 0 4 0 3 0 1 0 5 0 3 0 2 0 4 1 0 0 4 0 2 0 2 0 2 0 2 0 1 0 3 0 3 1 0 0 0 0 5 0 2 0 3 0 1 0 6 0 2 0 3 0 3 0 0 0 3 0 4 0 2
1 625 1 0 2 0 2 0 5 0 6 0 1 0 1 1 0 1 0 0 2 0 1 0 5 0 3 0 3 0 3 1 0 0 6 0 0 0 1 0 1 0 4 0 2 0 3 0 5 0 1 0 4 0 0 0 1 0 5 0 1 0 2 0 3 0 5 0 2 1 0 0 4 0 5 0 3 0 3 0 1 0 6 0 4 0 1 0 4 0 0 0 0 0 4 0 0 1 0 0 2 0 2 0 5 0 0 0 6 0 1 0 3 0 6 0 2 0 6 0 3 1 0 0 0 0 4 0 1 0 4 0 5 0 4 0 1 0 3 0 6 0 4 0 5 0 5 0 4 0 1 0 0 0 5 1 0 0 4 0 4 0 5 0 0 1 0 0 3 0 6 0 0 0 1 0 1 0 3 0 3 0 2 0 2 0 5 0 4 0 0 0 0 0 6 0 0 0 5 0 5 0 1 0 6 0 3 0 6 0 0 0 2 0 0 0 5 0 5 0 4 0 5 0 3 0 5 0 4 0 1 0 4 1 0 1 0 0 6 0 3 0 6 0 3 0 5 0 5 0 3 0 4 0 4 0 4 0 0 0 3 0 1 0 0 0 3 0 6 0 3 0 0 0 1 0 3 0 4 1 0 0 5 0 2 0 3 0 2 0 3 0 3 1 0 0 3 0 1 0 6 0 0 0 5 0 3 0 2 0 1 0 2 0 4 0 1 0 0 0 0 0 1 0 2 0 5 0 6 0 1 1 0 1 0 0 0 0 2 0 6 0 4 0 3 0 2 0 2 0 4 1 0 0 2 0 4 0 2 0 2 0 2 0 0 1 0 0 1 0 1 0 4 0 2 0 2 0 4 0 4 0 4 0 3 0 4 0 6 0 2 0 4 0 3 0 6 0 2 1 0 0 2 0 5 0 5 1 0 0 6 0 1 0 2 0 2 0 4 0 6 0 4 0 1 0 3 0 5 0 5 0 5 0 5 0 2 0 1 0 5 0 5 0 3 1 0 0 5 0 5 0 1 0 2 0 6 0 1 0 1 0 0 0 1 0 3 0 1 0 3 1 0 0 2 0 1 0 3 0 1 1 0 0 6 0 3 0 5 0 1 0 4 0 3 0 5 0 4 0 5 0 3 0 5 0 6 0 0 0 2 0 2 0 6 0 0 0 0 0 4 0 1 0 1 0 3 0 6 0 4 0 2 0 4 0 2 0 3 0 3 0 4 0 6 0 2 0 1 0 3 0 6 0 6 0 5 1 0 0 5 0 3 0 0 0 3 0 1 1 0 0 4 0 2 1 0 0 6 0 2 0 0 0 0 0 5 0 4 0 4 0 4 0 2 1 0 0 0 1 0 0 1 0 2 0 5 0 6 0 3 0 4 0 5 0 6 0 6 0 0 1 0 0 1 0 5
0 625 2 0 4 0 5 0 3 0 5 0 3 0 3 1 0 0 6 0 3 0 3 0 3 0 0 0 0 0 1 0 0 0 4 0 1 0 2 0 3 0 0 0 5 1 0 0 3 0 4 0 0 0 1 0 3 0 2 0 3 0 4 1 0 0 3 1 0 0 0 0 1 0 3 1 0 1 0 0 4 0 5 0 1 0 4 0 0 0 1 0 1 0 0 0 2 0 6 0 3 0 5 0 2 0 2 0 4 0 3 1 0 0 5 0 6 0 5 0 0 1 0 0 1 0 0 0 4 0 1 0 4 0 1 0 3 1 0 0 6 0 2 0 4 0 4 0 1 0 3 0 1 0 4 0 0 0 1 0 2 0 3 0 2 0 6 0 6 0 4 0 1 0 2 0 2 0 6 0 6 0 4 0 5 0 3 0 1 0 1 0 1 0 4 0 2 0 3 0 3 0 4 0 5 0 0 0 5 0 1 0 4 0 1 0 3 0 4 0 2 0 4 0 0 0 4 0 1 0 4 0 2 0 0 1 0 0 5 0 0 0 6 0 0 0 4 0 4 0 0 0 2 0 2 0 1 0 1 0 6 0 2 0 0 1 0 0 5 1 0 0 1 0 2 1 0 0 3 0 0 0 2 0 5 0 6 0 4 1 0 0 0 1 0 0 6 0 3 0 4 0 2 0 2 1 0 0 5 0 2 0 5 0 0 0 3 0 0 0 0 0 2 0 5 0 3 0 5 0 4 1 0 0 5 1 0 0 5 0 5 0 1 1 0 0 5 0 5 0 1 1 0 0 5 0 0 0 5 0 4 0 4 0 1 0 6 0 1 0 3 0 0 0 5 0 5 0 1 0 2 0 2 0 0 0 2 0 5 0 6 0 1 0 0 0 5 0 6 0 6 0 4 0 3 0 5 0 0 0 4 0 3 0 4 0 5 0 1 0 6 0 1 0 3 1 0 0 4 0 4 0 4 0 3 0 5 0 3 0 3 0 4 0 1 0 0 0 3 0 3 0 3 0 5 0 4 0 3 0 2 0 0 0 2 0 6 0 2 1 0 1 0 0 4 0 2 0 6 0 3 1 0 0 5 0 0 0 3 0 4 0 1 0 0 0 4 0 2 0 4 0 0 0 4 0 5 0 1 0 4 0 5 0 4 0 1 0 1 0 0 0 3 0 2 1 0 0 6 0 1 0 6 0 0 0 5 1 0 0 0 0 2 0 5 0 5 0 2 1 0 0 6 0 6 0 5 0 0 0 2 1 0 0 1 0 6 0 3 1 0 0 0 1 0 0 0 0 4 0 5 0 0 0 1 0 3 0 2 0 2 0 1 0 6 0 6 0 0 0 6 0 1 0 5 0 3 0 6 0 0 0 2 0 4 0 6 0 5 0 2 0 6 0 2 0 3
1 625 5 0 1 0 4 0 0 0 4 0 0 0 1 0 0 0 4 1 0 1 0 1 0 0 1 0 0 0 2 0 1 0 0 0 3 0 4 0 6 0 1 0 3 1 0 1 0 0 1 0 1 0 2 0 6 0 4 1 0 0 2 1 0 1 0 1 0 0 0 0 3 0 0 0 0 1 0 0 1 0 3 0 4 0 0 0 1 0 2 0 2 0 0 0 5 0 5 0 0 0 3 0 5 0 5 0 1 0 1 0 0 0 3 0 6 0 3 0 2 0 6 0 1 0 1 0 0 0 4 0 0 0 4 0 0 0 0 0 4 0 6 0 1 0 1 0 3 0 6 0 3 0 0 0 1 0 2 0 4 0 6 0 5 0 5 0 6 0 1 0 3 0 4 0 5 0 5 0 6 0 2 0 3 1 0 0 3 0 2 0 3 0 0 0 5 1 0 0 0 0 2 0 3 0 2 0 2 0 4 0 0 0 3 1 0 0 1 0 6 0 0 0 2 0 0 0 4 0 0 0 5 0 1 1 0 0 2 0 2 0 4 0 2 0 1 0 1 0 1 0 4 0 4 0 2 0 3 0 4 0 5 0 1 1 0 0 3 1 0 0 2 0 5 0 6 0 5 0 0 0 5 0 3 0 6 0 2 1 0 0 1 1 0 0 5 0 0 0 1 0 5 0 5 1 0 0 2 0 6 0 2 0 1 0 6 0 0 0 0 0 5 0 3 0 0 0 4 0 3 0 0 0 4 0 0 0 3 0 3 0 4 1 0 0 3 0 3 0 4 1 0 0 2 0 2 0 3 0 2 0 1 0 4 0 4 0 3 0 6 0 1 0 3 0 3 0 3 0 4 0 4 0 0 0 5 0 3 0 5 0 3 0 1 0 3 0 6 0 6 0 2 0 0 0 3 0 2 0 1 0 0 0 2 0 3 0 4 0 4 0 4 0 0 0 0 0 1 0 2 0 2 0 0 0 4 0 0 0 0 0 1 0 3 0 0 1 0 0 0 0 0 0 4 0 1 1 0 0 5 0 0 0 5 0 4 1 0 0 0 1 0 0 0 0 6 0 5 0 1 0 0 0 2 0 1 1 0 0 1 0 3 0 1 0 0 0 6 0 0 0 2 0 1 0 3 0 4 0 1 0 4 0 1 0 3 0 2 0 0 0 6 0 5 1 0 0 4 0 4 0 4 0 2 0 3 1 0 0 0 0 5 0 3 0 3 1 0 0 0 0 5 0 6 0 3 0 1 0 5 0 6 0 2 0 5 0 0 1 0 0 1 0 6 0 0 0 1 0 3 0 1 0 2 0 6 0 4 0 4 0 3 0 5 0 5 0 2 0 4 0 4 0 3 0 0 0 5 0 1 0 5 0 1 0 6 0 3 0 6 0 4 0 5 1 0
1 627 1 0 2 0 4 0 0 0 2 0 0 0 1 0 2 0 1 0 2 0 0 1 0 0 6 0 1 0 0 0 4 0 2 0 0 1 0 0 2 0 5 0 4 0 0 0 0 0 6 0 1 0 2 0 5 0 5 0 2 1 0 0 5 1 0 1 0 0 5 1 0 0 6 0 0 0 1 0 6 0 1 1 0 0 1 0 1 0 2 0 4 0 4 0 1 0 3 0 3 0 1 1 0 0 4 0 3 0 3 0 2 0 0 1 0 0 5 1 0 0 6 0 4 0 3 0 2 0 1 0 0 0 2 0 0 0 1 0 1 0 1 0 5 0 3 0 2 1 0 0 5 1 0 0 1 0 2 0 5 0 1 0 6 0 4 0 4 0 5 0 3 1 0 0 2 0 4 0 4 0 5 0 5 1 0 1 0 0 6 0 4 0 6 0 1 0 3 1 0 0 0 0 4 0 6 0 4 0 5 0 0 0 1 1 0 1 0 0 3 0 4 0 1 0 4 0 1 0 0 0 2 0 2 0 4 0 6 0 3 0 5 0 0 0 5 0 2 0 2 0 3 0 1 0 1 0 5 1 0 0 2 0 3 0 4 0 6 0 6 0 6 0 4 0 3 0 6 0 3 0 2 0 3 0 0 0 5 0 6 0 6 0 2 1 0 0 2 0 1 0 3 0 3 0 4 1 0 0 5 0 4 0 5 0 3 0 4 0 1 0 1 0 2 1 0 0 2 0 0 1 0 0 2 0 0 0 1 1 0 0 0 0 2 1 0 1 0 0 0 0 2 1 0 0 4 0 4 0 6 0 4 0 3 0 1 0 2 0 0 0 5 0 3 1 0 0 0 0 0 0 2 0 1 0 2 0 3 0 0 0 3 1 0 0 3 1 0 0 6 0 5 0 5 0 0 0 6 0 4 0 2 0 0 0 4 1 0 0 2 0 2 0 1 0 1 0 0 0 2 0 4 0 4 0 1 0 0 0 1 0 0 0 2 0 6 0 1 0 5 1 0 0 1 0 0 0 4 1 0 0 2 0 2 0 3 0 2 1 0 0 1 0 6 0 0 0 5 0 3 0 3 0 0 0 4 0 3 0 6 0 1 0 6 0 2 0 1 0 4 0 1 0 4 0 2 1 0 0 1 0 4 0 0 0 3 0 6 0 4 0 1 0 5 0 5 0 0 0 1 0 2 0 1 0 5 1 0 1 0 0 1 0 3 0 0 0 0 1 0 0 1 0 3 0 5 1 0 0 4 0 3 0 5 0 6 0 2 0 2 0 6 0 2 0 4 0 1 0 2 0 6 0 2 0 5 0 5 0 2 0 2 0 0 0 4 0 3 0 6 0 1 0 1 1 0 0 2 0 2 0 4 0 2 0 4 0 5 0 0 0 6 0 2 0 4 1 0
1 627 2 0 5 0 0 0 1 0 4 0 0 0 2 0 4 0 2 0 4 0 1 1 0 0 4 0 3 0 1 0 0 0 5 0 1 0 6 0 4 0 3 0 1 0 1 0 1 0 4 0 3 0 5 0 3 0 3 1 0 0 0 0 4 0 0 1 0 0 4 0 0 0 4 0 1 0 3 0 4 0 4 0 6 0 1 0 2 0 5 0 1 0 1 0 3 0 6 0 6 0 3 1 0 0 0 1 0 1 0 0 5 0 1 1 0 0 4 0 0 0 5 0 1 1 0 0 5 0 2 0 0 0 4 0 0 0 2 0 2 0 3 0 2 1 0 1 0 0 0 0 3 1 0 0 2 0 5 0 2 0 4 0 5 0 2 0 2 0 4 0 0 1 0 0 5 0 1 0 2 0 4 0 5 0 0 1 0 0 5 0 2 0 5 0 3 1 0 1 0 0 1 0 1 0 6 0 2 0 3 0 1 0 3 1 0 0 6 0 6 0 0 0 4 0 0 0 3 0 0 0 4 0 5 0 1 0 6 0 0 0 3 0 2 0 2 0 5 0 4 0 6 0 2 0 3 0 3 1 0 0 4 1 0 0 2 0 6 0 6 0 6 0 2 0 0 0 5 1 0 0 5 0 6 0 1 0 3 0 6 0 5 0 6 0 6 0 3 0 2 1 0 0 0 0 3 0 0 0 3 0 2 0 4 0 0 0 1 0 3 0 2 0 5 0 6 0 3 0 1 0 6 0 3 0 0 0 3 0 5 1 0 0 5 1 0 0 5 1 0 0 5 1 0 0 1 0 2 0 6 0 1 1 0 0 3 0 4 0 1 0 3 0 0 1 0 0 0 0 0 0 4 0 2 0 4 0 6 0 1 0 0 0 0 0 0 0 0 0 5 0 4 0 3 0 2 0 5 0 1 0 5 0 1 0 1 1 0 0 4 0 4 0 2 0 2 0 0 0 5 0 1 0 1 0 3 0 0 0 2 0 0 0 5 0 4 0 4 0 3 1 0 0 2 0 1 0 1 1 0 0 4 0 4 0 6 0 5 0 6 0 2 0 4 0 2 0 2 1 0 1 0 0 2 0 1 0 0 0 5 0 4 0 4 0 5 0 3 0 0 0 4 0 0 0 6 0 6 0 2 0 0 0 1 1 0 0 6 0 1 0 4 0 3 0 3 0 1 0 2 0 4 0 3 0 4 0 0 0 6 0 1 0 6 0 0 0 1 0 6 0 1 1 0 0 5 0 0 0 1 0 0 0 4 0 5 0 5 0 5 0 4 0 6 0 0 0 3 0 5 0 4 0 6 0 3 0 3 0 5 0 4 0 1 0 1 0 0 0 5 0 3 0 3 0 6 0 3 0 5 0 0 0 6 0 1 0 3 0 2 0 4 0 6 0 1 1 0
1 627 5 0 2 0 1 0 3 0 0 0 1 0 5 0 0 0 6 0 0 0 4 1 0 0 0 1 0 0 3 0 1 0 2 0 4 0 5 0 1 1 0 0 3 0 2 0 3 0 1 0 0 0 4 0 0 0 0 1 0 0 1 0 0 0 2 1 0 0 0 0 2 0 0 0 3 1 0 0 2 0 2 0 5 0 3 0 5 0 2 0 3 0 2 1 0 0 6 0 6 0 0 1 0 0 1 1 0 1 0 0 2 0 4 1 0 0 0 0 2 0 2 0 4 1 0 0 2 0 5 0 1 0 0 0 1 0 4 0 4 0 6 0 5 1 0 0 5 1 0 1 0 1 0 0 5 0 2 0 6 0 1 0 3 0 5 0 5 0 0 0 2 1 0 0 2 0 3 0 5 0 1 0 3 0 2 1 0 0 2 0 6 0 3 0 1 0 0 0 6 0 1 0 3 0 4 0 5 0 6 0 3 0 0 0 0 0 5 0 5 0 2 0 0 0 1 0 6 0 1 0 1 0 3 0 4 0 4 0 1 0 6 0 4 0 5 0 3 0 2 0 5 0 5 1 0 0 1 0 0 0 1 1 0 0 5 0 5 0 6 0 5 0 5 0 1 0 4 0 0 0 3 0 5 0 3 1 0 0 6 0 4 0 6 0 5 1 0 0 6 0 5 1 0 0 6 0 0 0 6 0 5 0 0 0 1 0 2 0 6 0 5 0 3 0 5 1 0 0 4 0 4 1 0 0 1 1 0 0 5 0 0 0 4 0 0 0 4 0 0 0 3 1 0 0 2 0 5 0 4 0 4 0 6 0 6 0 0 0 3 0 6 0 1 0 5 1 0 0 1 0 0 0 6 0 1 0 5 0 3 0 0 0 0 0 0 0 1 0 3 0 1 1 0 0 6 0 2 0 4 0 2 0 3 0 3 1 0 0 1 0 1 0 5 0 4 0 1 0 2 0 3 0 2 0 6 0 0 0 4 0 1 0 3 0 2 0 2 0 0 1 0 0 4 0 2 0 3 1 0 0 1 0 2 0 6 0 4 0 5 0 6 0 0 0 5 0 5 1 0 0 6 0 3 0 2 0 1 0 3 0 2 0 2 0 3 1 0 0 2 0 0 0 2 0 5 0 5 0 5 0 0 0 3 1 0 0 4 0 4 0 0 1 0 1 0 0 3 0 5 0 1 0 0 0 1 0 2 0 4 0 4 0 4 0 1 0 3 0 4 0 4 1 0 0 2 0 1 0 2 0 1 0 1 0 4 0 4 0 4 0 2 0 5 0 1 1 0 0 4 0 2 0 6 0 0 0 0 0 4 0 1 0 3 0 2 0 1 0 3 0 0 0 0 0 6 0 0 0 3 0 2 0 4 0 3 0 6 0 5 0 1 0 5 0 4 0 5
1 629 1 0 2 0 5 0 2 0 6 0 0 0 3 0 2 0 2 0 4 0 2 0 1 1 0 0 1 0 6 0 5 0 2 0 5 0 1 0 3 0 4 0 6 0 5 0 4 0 6 0 2 0 1 0 0 0 1 0 1 0 6 0 1 0 0 0 5 0 5 1 0 0 4 0 0 1 0 1 0 0 4 0 5 0 3 0 0 0 3 0 5 0 6 0 5 1 0 0 5 0 5 0 2 0 6 0 2 1 0 0 6 0 4 0 1 1 0 0 0 0 4 0 5 0 1 1 0 0 5 0 2 0 3 0 0 0 3 0 1 0 2 0 6 0 5 0 0 0 4 0 0 1 0 1 0 0 2 0 6 0 4 0 3 1 0 0 4 0 3 0 1 0 5 0 6 0 3 1 0 0 3 0 3 0 6 0 5 0 6 0 4 0 4 1 0 0 3 0 1 0 4 0 3 1 0 0 2 0 4 0 5 1 0 0 1 0 1 0 3 0 3 0 5 0 0 0 3 0 4 0 3 0 2 1 0 0 2 0 1 0 4 0 5 0 2 0 3 1 0 0 6 0 3 0 4 1 0 0 2 0 0 0 3 1 0 0 3 0 4 0 6 0 4 0 3 0 4 0 0 0 1 1 0 0 4 0 1 0 0 0 5 0 2 0 6 0 5 0 0 0 5 0 5 0 0 0 4 0 2 0 5 0 3 0 1 0 2 0 5 0 5 0 4 0 0 0 5 0 0 0 1 0 2 1 0 0 3 1 0 0 2 0 2 0 0 0 2 0 0 0 1 1 0 1 0 0 5 0 3 0 2 0 2 0 6 0 5 0 1 1 0 0 5 0 4 0 3 1 0 0 2 0 1 0 4 0 4 0 2 1 0 0 1 0 0 0 0 0 2 0 6 0 3 1 0 0 4 0 6 0 0 0 5 1 0 0 0 1 0 0 2 0 3 0 3 0 1 0 3 0 4 0 6 0 5 0 4 0 2 0 0 0 3 0 6 0 4 0 4 0 1 1 0 0 0 0 5 1 0 1 0 0 2 0 5 0 5 0 2 0 4 0 5 0 2 0 3 0 5 0 0 0 4 1 0 0 5 0 2 0 6 0 4 0 4 1 0 1 0 0 4 0 0 0 5 0 3 0 4 0 3 0 2 0 0 0 0 0 1 0 1 0 2 1 0 0 6 0 6 0 2 0 3 0 0 0 2 0 5 0 1 0 2 0 1 0 3 1 0 0 2 0 2 1 0 0 4 0 2 0 4 0 2 0 3 0 1 0 2 0 1 0 6 0 2 0 4 1 0 0 0 0 6 0 4 0 1 0 1 0 0 0 3 0 6 0 4 0 2 0 6 0 0 0 1 0 4 0 1 0 6 0 5 0 1 0 0 0 6 0 3 0 4 0 3 0 2 0 4
0 629 2 0 5 0 2 0 6 0 4 0 1 0 6 0 4 0 5 0 0 0 5 0 3 0 6 0 2 0 5 0 3 0 6 0 2 0 3 1 0 0 2 0 6 0 4 0 2 0 5 0 5 0 2 0 0 0 2 0 3 0 4 0 3 0 1 0 3 0 5 0 0 0 0 0 2 1 0 1 0 0 1 0 3 1 0 0 1 1 0 0 4 0 6 0 5 0 0 0 3 0 3 0 6 0 4 1 0 0 0 0 5 0 1 0 4 0 6 0 0 0 1 0 3 0 4 1 0 0 2 0 5 0 6 0 0 0 6 0 2 0 5 0 5 0 3 0 2 0 0 0 2 1 0 0 6 0 4 0 5 0 2 0 1 0 0 0 0 1 0 0 4 0 3 0 6 0 0 1 0 1 0 0 0 0 6 0 4 0 6 0 2 0 2 1 0 0 6 0 3 0 1 0 0 1 0 0 5 0 1 0 4 1 0 0 2 0 2 1 0 0 0 0 3 0 1 1 0 0 1 1 0 0 6 0 6 0 3 0 3 0 1 0 3 0 6 0 0 0 0 0 5 0 0 0 2 1 0 0 4 0 0 1 0 1 0 1 0 0 2 0 6 0 2 0 0 0 1 0 1 0 3 1 0 0 0 0 3 0 1 0 2 0 6 0 5 0 3 0 2 0 3 0 3 0 2 0 0 0 6 0 2 1 0 0 3 0 5 0 3 0 4 0 1 0 2 0 2 0 1 0 2 0 5 0 6 0 6 0 6 0 3 0 4 0 0 0 4 0 0 0 3 1 0 1 0 0 2 1 0 0 5 0 5 0 5 0 3 0 4 1 0 0 3 0 2 0 0 1 0 0 4 0 3 0 1 0 1 0 6 0 6 0 1 0 0 0 0 0 5 0 5 0 1 0 0 0 1 0 5 0 2 0 3 1 0 0 1 0 6 0 3 0 6 0 6 0 2 1 0 0 2 0 6 0 4 0 1 0 5 0 0 1 0 0 6 0 2 0 1 0 4 0 6 0 0 0 4 0 0 0 6 0 4 0 3 0 3 0 6 0 1 0 3 0 5 1 0 0 3 0 2 0 2 0 0 0 2 0 6 0 5 0 2 0 3 0 0 1 0 0 0 0 2 0 3 0 0 0 1 1 0 0 5 0 0 0 0 0 2 0 2 0 5 1 0 0 5 0 5 0 5 0 6 0 0 0 5 0 2 0 3 0 4 0 2 1 0 1 0 0 4 0 5 1 0 0 0 0 6 0 0 0 5 0 6 0 2 0 4 0 3 0 4 0 6 0 1 1 0 0 1 0 5 0 1 0 3 0 2 0 0 1 0 0 6 0 1 0 6 0 4 0 1 0 3 0 0 0 4 0 5 0 3 0 3 0 1 0 5 0 0 0 1 1 0 0 6 0 1
1 629 5 0 2 0 6 0 5 0 1 0 4 0 5 0 2 0 3 0 2 0 3 0 0 0 5 0 6 0 3 0 0 0 5 0 5 1 0 1 0 0 5 0 5 0 1 0 6 0 3 0 3 0 5 0 0 0 4 1 0 0 1 1 0 0 3 1 0 0 3 0 1 0 0 0 5 1 0 0 6 0 1 1 0 1 0 0 3 1 0 0 1 0 6 0 3 0 1 1 0 0 0 0 6 0 2 1 0 0 1 0 2 0 4 0 1 0 5 0 1 0 2 1 0 0 2 1 0 0 5 0 3 0 5 0 2 0 4 0 6 0 3 0 3 1 0 0 5 0 0 0 5 1 0 0 5 0 2 0 3 0 5 0 2 0 0 0 1 1 0 0 1 0 0 0 5 0 2 1 0 0 6 0 0 0 5 0 2 0 5 0 5 0 5 1 0 0 4 1 0 0 3 0 1 1 0 0 2 0 4 0 1 1 0 0 4 0 5 0 5 1 0 0 6 0 3 0 6 0 2 1 0 0 5 0 5 1 0 1 0 0 3 1 0 0 5 0 1 0 1 0 2 0 1 0 5 1 0 0 0 0 2 1 0 1 0 0 6 0 4 0 4 0 5 0 0 0 2 0 2 1 0 1 0 0 0 0 6 0 2 0 5 0 5 0 3 1 0 0 5 0 6 0 6 0 4 0 1 0 4 0 6 0 6 0 6 0 3 0 0 0 1 0 3 0 4 0 4 0 2 0 5 0 3 0 6 0 6 0 6 0 0 0 1 0 2 0 0 0 2 0 0 0 0 0 6 0 4 1 0 0 3 0 4 0 4 0 0 0 2 1 0 0 6 0 4 0 1 1 0 0 0 1 0 0 3 0 3 0 5 0 5 0 3 0 0 0 1 0 3 0 3 0 3 0 0 0 3 0 2 0 5 1 0 1 0 0 3 0 5 0 0 0 6 0 5 0 6 0 6 0 4 0 5 0 1 0 4 0 2 0 2 1 0 0 4 0 5 0 3 0 1 0 5 0 2 0 0 0 2 0 5 0 2 0 0 0 0 0 5 0 3 1 0 0 4 1 0 0 6 0 4 0 4 0 0 0 5 0 5 0 3 0 5 0 6 0 1 0 5 1 0 0 4 0 6 0 0 0 3 1 0 0 2 0 1 0 0 0 4 0 5 0 4 0 0 0 3 0 4 0 4 0 5 0 2 0 2 0 5 1 0 0 1 1 0 0 0 1 0 0 1 0 4 1 0 0 1 0 4 0 2 0 3 0 5 0 6 0 1 0 0 0 2 0 5 0 4 0 6 0 2 0 2 0 3 0 6 0 4 0 1 1 0 0 4 0 4 0 5 0 1 0 3 0 6 0 1 0 1 0 3 1 0 1 0 0 4 0 2 0 1 0 3 1 0 0 4 0 3
0 631 1 0 2 0 6 0 5 0 3 0 4 0 1 0 3 0 5 0 6 0 4 0 6 0 1 0 3 0 5 1 0 0 2 0 3 0 5 0 0 1 0 0 3 0 3 0 4 0 5 0 0 0 0 0 3 0 2 0 1 1 0 0 3 0 6 0 6 0 6 0 5 0 2 0 1 0 4 0 0 0 4 0 4 1 0 0 6 0 6 0 6 0 2 0 4 1 0 0 4 0 6 0 0 0 4 0 6 0 6 0 1 0 5 0 0 0 4 0 2 0 3 0 5 0 6 0 4 1 0 0 3 0 0 0 3 0 6 0 1 0 6 0 0 0 1 0 0 0 2 0 2 0 4 0 0 0 2 0 5 1 0 0 3 0 5 0 0 0 3 0 6 0 1 0 1 0 2 1 0 0 0 0 4 0 2 0 2 0 6 0 3 0 4 0 5 0 0 0 1 1 0 0 6 0 3 0 6 0 4 0 0 0 4 1 0 0 1 0 4 0 5 0 0 0 5 0 0 0 5 1 0 0 0 0 3 0 5 0 0 1 0 0 0 0 0 0 2 0 3 0 2 0 4 0 3 0 3 1 0 0 0 0 5 1 0 1 0 0 5 0 2 0 2 0 3 0 1 0 4 0 5 1 0 0 6 0 0 0 4 0 6 0 3 0 4 0 1 0 0 0 3 0 6 0 6 0 1 0 4 0 1 0 6 0 6 0 5 1 0 0 1 0 2 1 0 0 2 0 1 0 6 0 3 0 0 0 6 0 6 0 5 0 1 0 2 0 4 0 0 0 4 0 0 0 1 0 5 0 2 1 0 1 0 0 2 0 1 0 1 0 5 1 0 0 5 0 1 0 4 0 6 0 0 0 6 0 5 1 0 0 4 0 3 1 0 0 1 0 2 0 6 0 6 0 6 0 0 0 6 0 5 0 4 0 0 0 6 0 6 0 2 0 2 0 5 0 4 0 6 0 6 0 2 0 3 0 4 0 0 0 5 0 5 1 0 0 1 0 3 1 0 0 4 0 2 0 5 0 0 0 5 0 2 0 5 0 0 0 1 0 3 0 1 0 0 0 2 0 0 0 5 0 2 0 1 0 2 0 3 0 4 0 0 0 4 0 5 0 4 0 4 0 0 0 1 0 5 0 1 1 0 1 0 0 4 0 2 0 1 0 1 0 4 0 1 0 1 1 0 0 2 0 2 0 3 0 5 0 5 0 3 1 0 0 3 0 6 0 0 0 6 0 2 0 1 1 0 0 3 0 0 0 5 1 0 0 4 0 5 0 3 0 0 0 5 0 3 0 2 0 5 0 5 0 4 1 0 0 6 0 1 0 4 1 0 0 1 0 2 0 3 0 3 1 0 0 5 0 3 0 3 0 0 0 0 1 0 0 0 0 5 0 3 0 0 0 0 0 1 0 0
0 631 2 0 5 0 5 0 4 0 0 0 1 0 3 1 0 0 4 0 6 0 2 0 5 0 3 1 0 0 4 1 0 0 4 1 0 0 3 0 2 0 6 0 5 1 0 0 2 0 3 0 1 0 0 0 6 0 4 0 3 0 6 0 6 0 5 0 6 0 6 0 3 0 5 0 3 0 0 0 2 0 1 0 3 0 0 0 5 0 6 0 5 0 6 0 2 0 0 0 1 0 5 0 2 0 1 0 6 0 5 0 4 0 2 0 2 0 0 0 5 1 0 0 4 0 6 0 2 1 0 0 6 0 0 1 0 0 5 0 4 0 4 0 1 0 2 0 0 0 4 0 5 0 0 0 1 0 5 0 3 1 0 1 0 0 3 0 1 1 0 0 5 0 3 0 2 0 5 0 6 0 0 0 0 0 5 0 5 0 5 0 0 0 2 0 3 0 1 0 3 1 0 0 5 0 0 0 6 0 1 0 2 0 1 1 0 0 3 0 1 0 3 0 2 0 2 0 2 0 3 1 0 0 0 1 0 0 3 0 2 0 5 1 0 0 0 0 4 0 6 0 5 0 1 0 0 0 0 1 0 0 1 0 4 0 0 1 0 0 2 0 5 0 4 0 6 0 3 0 1 0 5 0 0 0 4 0 2 0 1 0 6 0 0 0 1 0 3 0 0 1 0 0 6 0 5 0 4 0 0 0 4 0 5 0 6 0 4 1 0 0 2 0 5 0 6 0 3 0 3 0 4 1 0 0 2 0 5 0 6 0 3 0 3 0 5 0 0 0 2 0 0 0 1 0 3 0 2 1 0 0 0 0 6 0 3 0 2 0 3 0 4 0 0 0 2 0 4 0 1 0 5 0 2 0 5 0 5 0 0 0 1 0 0 1 0 0 2 0 5 0 5 0 6 0 5 0 2 0 5 0 4 0 1 0 2 0 5 0 5 0 5 0 5 0 3 0 2 0 6 0 5 0 5 1 0 0 1 0 2 0 3 0 4 1 0 0 3 0 0 0 0 0 0 0 6 0 2 0 2 0 2 0 6 0 2 0 1 0 2 0 6 0 2 0 0 0 4 0 1 0 2 0 5 0 2 0 4 1 0 0 1 0 2 0 1 0 4 0 2 0 1 0 1 0 3 0 2 0 4 1 0 1 0 0 0 0 5 0 2 0 3 0 0 0 3 0 3 0 6 0 3 0 4 1 0 0 4 0 4 0 0 1 0 1 0 0 5 0 2 0 4 0 5 0 3 0 6 0 5 0 1 0 4 0 0 0 1 0 3 1 0 0 2 0 2 1 0 0 6 0 3 0 4 0 3 0 0 0 4 0 4 0 1 1 0 0 2 0 4 1 0 0 1 0 0 0 2 1 0 1 0 0 1 0 1 0 6 0 0 0 2 1 0 0 1 0 0 0 2 0 0
0 631 5 0 3 0 4 0 1 0 1 0 3 0 0 0 0 0 1 0 5 0 6 0 3 0 1 0 0 0 2 0 0 0 1 1 0 0 6 0 5 0 5 0 4 1 0 0 4 0 6 0 2 0 1 0 5 0 2 0 0 0 6 0 6 0 4 0 6 0 6 0 0 0 3 1 0 0 1 0 4 0 2 0 6 0 1 0 3 0 6 0 4 0 5 0 5 0 0 0 3 0 2 0 5 0 3 0 5 0 4 0 1 0 5 0 4 0 1 0 4 0 0 0 1 0 5 1 0 0 0 0 4 0 2 1 0 0 3 0 2 0 1 0 3 0 4 0 1 0 1 0 3 0 1 0 3 0 3 0 1 0 0 0 6 0 5 0 3 1 0 0 2 1 0 0 6 0 3 0 5 0 1 0 1 0 3 0 4 0 3 0 1 0 4 0 6 0 3 0 0 0 0 0 2 0 2 0 4 0 3 0 4 0 3 0 6 0 5 0 2 0 6 0 4 0 4 0 4 1 0 1 0 0 1 0 6 0 5 0 5 0 3 1 0 0 1 0 1 0 6 0 3 0 3 0 0 0 1 0 6 0 2 0 0 0 2 0 6 0 4 0 3 0 2 0 5 1 0 0 4 0 2 0 2 0 0 0 5 0 3 0 4 0 1 0 2 0 6 0 1 1 0 0 5 0 4 0 1 0 2 0 1 0 4 0 6 0 2 1 0 0 5 0 3 0 6 0 0 0 0 0 2 1 0 0 5 0 3 0 6 0 0 0 0 0 3 0 1 0 4 0 0 0 2 0 6 0 5 0 6 0 0 0 4 1 0 0 5 1 0 0 1 0 1 0 5 0 0 0 4 0 2 0 6 0 3 0 3 0 1 0 2 0 1 0 6 0 4 0 3 0 4 0 6 0 3 0 6 0 3 0 1 0 3 0 5 0 3 0 4 0 4 0 3 1 0 0 6 0 5 0 4 0 4 1 0 0 2 0 4 1 0 0 2 1 0 0 6 0 0 0 0 0 1 0 4 0 5 0 4 0 5 0 4 0 5 0 2 0 5 0 4 0 5 0 1 0 0 0 3 0 5 0 2 0 6 0 1 1 0 0 2 0 4 0 3 0 0 0 5 0 2 0 2 0 6 0 5 0 2 0 0 0 6 0 0 0 2 0 5 0 6 0 0 1 0 0 0 0 6 0 0 0 3 0 0 0 1 0 1 0 2 1 0 1 0 0 2 0 6 0 1 0 4 0 0 0 6 0 3 0 4 0 0 0 1 0 2 1 0 1 0 0 4 0 5 1 0 0 5 0 0 0 1 1 0 0 2 0 1 0 1 0 4 0 6 0 4 0 1 1 0 0 2 0 0 0 5 1 0 0 6 0 1 0 3 0 4 0 1 0 5 0 6 0 1 0 0 0 4 0 0
0 633 1 0 3 0 0 0 1 0 3 0 2 0 6 0 0 0 0 0 3 0 3 0 5 1 0 0 3 0 0 0 4 0 0 0 3 1 0 0 5 0 4 0 4 0 3 0 0 0 1 0 5 0 5 0 3 0 2 0 5 0 1 0 5 0 6 0 2 0 6 0 5 0 1 1 0 1 0 0 3 0 0 0 6 0 4 0 3 1 0 0 6 0 2 0 4 0 3 0 1 0 6 0 5 0 3 0 0 0 4 0 1 0 4 0 3 0 1 0 4 0 0 0 1 0 3 0 3 1 0 0 1 0 0 0 6 0 6 0 5 0 4 0 2 1 0 0 1 0 3 0 2 0 6 0 2 0 6 0 6 0 2 0 1 0 5 0 4 0 0 1 0 0 5 1 0 0 5 0 0 0 3 0 3 0 2 1 0 0 1 1 0 0 4 0 1 0 5 1 0 0 1 0 0 0 4 0 5 0 1 0 0 0 2 0 0 0 6 0 3 0 6 0 5 0 2 0 2 0 3 0 0 0 6 0 2 0 5 0 4 0 4 0 0 1 0 0 2 0 3 0 4 1 0 1 0 0 1 0 3 0 4 0 5 0 0 0 5 0 5 0 1 1 0 0 6 0 4 0 0 0 0 0 5 0 4 0 1 0 3 0 0 0 1 0 3 0 5 0 4 0 4 1 0 0 3 0 1 0 3 0 4 0 3 0 1 0 5 1 0 0 0 0 3 0 0 0 5 0 1 0 0 0 5 1 0 0 3 0 0 0 5 0 1 0 0 0 6 0 3 0 0 0 1 0 5 0 5 0 4 0 5 0 2 0 2 0 0 0 3 1 0 0 2 0 3 0 2 0 2 0 0 0 6 0 4 1 0 1 0 0 3 0 4 0 3 0 5 0 2 0 0 0 2 0 6 0 0 0 5 1 0 0 3 1 0 0 4 0 0 0 2 0 2 0 1 0 0 0 5 0 4 0 2 0 2 1 0 0 5 0 1 1 0 0 5 1 0 0 4 0 1 0 0 0 3 0 1 0 4 0 2 0 4 0 2 0 3 0 6 0 3 0 2 0 3 0 3 0 0 1 0 0 3 0 6 0 4 0 4 0 6 0 4 0 0 1 0 0 2 0 2 0 5 0 5 0 5 0 3 0 5 0 1 0 4 0 1 0 5 0 3 0 5 0 2 0 6 0 0 0 4 0 1 0 6 0 0 0 2 0 2 0 5 1 0 0 6 0 4 0 4 0 4 0 0 0 2 0 5 0 0 0 1 0 1 0 2 0 5 1 0 1 0 0 1 0 5 0 0 0 2 0 1 0 3 0 6 0 3 0 2 0 3 0 1 0 6 0 1 0 4 0 6 0 3 0 1 0 4 0 0 0 4 0 3 1 0 0 1 0 4 0 3 0 5 0 3 0 1 0 0 0 1
0 633 2 0 6 0 0 0 2 0 6 0 5 0 4 0 1 0 0 1 0 0 0 0 4 1 0 0 6 0 1 0 0 0 2 0 0 0 0 0 3 0 2 0 1 1 0 0 1 0 3 0 3 0 3 1 0 0 6 0 2 0 4 0 3 0 5 0 6 0 5 0 3 0 4 1 0 0 6 0 5 0 1 0 5 0 2 0 1 0 0 0 4 0 6 0 0 1 0 0 4 0 5 0 3 1 0 0 2 0 0 0 4 0 0 1 0 0 4 0 0 0 1 0 2 1 0 0 0 1 0 0 2 0 1 0 5 0 6 0 4 0 1 0 6 0 6 0 1 0 6 0 5 0 4 0 6 0 5 0 5 0 5 0 3 0 3 0 1 0 2 1 0 0 4 0 0 0 2 0 1 0 6 0 6 0 5 0 6 0 2 1 0 0 0 0 4 0 3 1 0 0 2 0 1 0 1 0 3 0 3 0 0 0 4 0 1 0 5 0 0 0 6 0 3 0 5 0 4 0 6 0 1 0 4 0 6 0 3 0 2 0 1 0 2 0 6 0 3 1 0 0 3 0 0 0 6 0 1 1 0 0 2 0 3 0 2 0 3 0 3 0 4 1 0 0 5 0 1 0 1 0 1 0 3 0 1 0 3 0 6 0 0 0 2 1 0 0 4 0 2 0 2 1 0 0 6 0 2 1 0 0 1 1 0 0 4 0 3 1 0 0 0 0 6 0 1 0 2 0 3 0 1 0 3 1 0 0 6 0 1 0 2 0 3 0 1 0 4 1 0 0 1 0 3 0 3 0 4 0 2 0 3 0 5 0 4 0 0 1 0 1 0 0 4 0 6 0 4 0 4 0 1 0 5 0 3 0 0 0 6 0 6 0 1 0 0 0 3 0 5 0 0 0 5 0 4 0 2 0 4 0 0 0 0 0 0 0 0 0 1 0 4 0 4 0 2 0 1 0 3 0 1 0 5 0 5 1 0 0 2 0 4 1 0 0 4 0 0 0 0 0 3 0 0 0 6 0 3 0 0 0 6 0 0 0 5 1 0 0 5 1 0 0 5 0 6 0 6 0 1 0 6 0 6 0 5 0 2 0 2 0 6 0 1 0 2 0 6 0 3 0 5 0 3 0 4 0 4 0 0 0 3 0 4 0 0 0 4 0 3 0 0 0 3 0 6 0 4 0 2 0 0 0 4 0 4 0 1 0 4 0 5 0 4 0 0 0 5 0 2 0 2 0 1 0 1 0 5 0 2 0 1 0 2 0 2 0 5 0 4 0 0 0 6 0 2 0 2 0 1 0 4 0 2 1 0 0 5 1 0 0 5 0 6 0 3 0 4 0 4 0 1 0 5 1 0 0 4 0 0 0 2 0 1 0 0 1 0 0 3 0 1 0 0 0 3 1 0 0 3 0 0 0 2
1 633 5 0 4 0 1 0 5 0 5 0 4 0 1 0 3 0 1 0 6 0 0 0 2 0 0 0 4 0 3 0 0 0 4 0 0 0 0 0 6 0 4 0 3 0 6 0 1 1 0 0 0 0 1 0 0 0 4 0 6 0 1 0 0 0 4 0 6 0 4 0 0 0 3 0 0 0 5 0 3 0 4 0 2 0 5 0 2 0 1 0 1 0 5 0 2 1 0 0 1 0 4 0 0 1 0 0 4 0 1 0 0 0 2 1 0 0 0 0 1 0 2 0 5 0 6 0 0 0 6 0 3 0 3 0 3 0 6 0 1 0 4 0 5 0 5 0 4 0 5 0 4 0 2 0 6 0 4 0 4 0 3 1 0 1 0 0 3 0 5 1 0 0 0 0 1 0 4 0 3 0 5 0 6 0 4 0 5 0 6 0 6 0 0 0 1 0 0 1 0 0 4 0 2 0 2 0 6 0 6 0 1 0 0 0 4 0 2 0 2 0 5 0 0 0 4 0 2 0 5 0 4 0 1 0 5 1 0 0 5 0 2 0 5 0 5 0 0 1 0 0 6 0 1 0 4 0 4 0 6 0 3 0 6 0 4 1 0 0 0 0 3 0 0 0 2 0 3 0 2 0 2 0 6 0 2 1 0 0 5 0 1 0 5 1 0 0 0 0 5 0 5 1 0 0 4 0 6 0 6 0 2 1 0 0 1 0 0 1 0 0 1 0 4 0 3 0 4 0 6 0 3 0 0 0 0 0 4 0 3 0 4 0 6 0 3 0 1 1 0 0 2 1 0 0 0 0 1 0 5 1 0 0 4 0 1 0 2 1 0 1 0 0 1 0 6 0 2 0 1 0 4 0 2 1 0 0 2 0 5 0 5 0 3 0 0 1 0 0 3 0 2 0 3 0 1 0 6 0 0 0 1 0 0 0 0 0 0 0 3 0 1 0 1 0 5 0 2 0 6 0 3 0 3 0 4 1 0 0 5 0 2 0 0 0 0 0 1 0 0 0 6 0 1 0 4 1 0 0 2 0 4 0 2 0 4 0 0 0 4 0 0 0 3 0 6 0 5 0 4 0 5 0 6 0 3 0 5 0 5 0 4 0 3 0 5 0 5 0 0 0 4 0 0 0 2 0 1 0 1 1 0 0 1 0 2 0 0 1 0 0 1 1 0 0 6 0 1 0 5 0 1 0 1 0 1 0 4 0 1 0 4 0 1 0 2 0 2 0 5 0 4 0 2 0 3 0 2 0 5 0 2 0 4 0 5 0 3 0 1 0 2 0 4 0 5 0 4 0 3 0 0 1 0 0 0 0 4 0 0 0 3 0 6 0 0 0 2 0 1 0 4 0 4 0 0 0 0 0 1 0 4 0 2 0 1 0 6 0 5 0 2 0 0 1 0 1 0 0 6 0 0 0 4
0 635 1 0 3 0 1 0 4 0 3 0 4 0 1 0 3 0 6 0 3 0 4 0 1 0 4 0 1 0 0 1 0 0 2 0 0 0 1 0 1 0 5 0 2 0 0 0 5 0 4 0 5 1 0 0 2 0 1 0 1 0 5 0 3 0 1 0 1 0 6 0 1 0 1 0 6 0 1 0 3 0 0 0 1 0 6 0 2 0 5 0 2 0 3 0 2 0 6 0 6 0 2 0 0 0 2 1 0 0 0 0 3 0 0 0 5 0 5 1 0 0 2 0 5 0 3 0 5 0 2 0 5 0 0 0 0 0 0 0 5 0 4 0 1 0 4 0 4 0 2 0 4 0 1 0 6 0 5 0 2 0 2 0 1 0 0 0 6 0 6 0 3 1 0 0 0 0 3 0 1 0 0 0 4 0 6 0 2 0 4 0 6 0 5 0 1 0 2 0 1 1 0 0 0 0 5 0 5 0 5 0 5 0 3 0 1 0 0 0 5 0 5 0 2 0 2 0 0 0 6 0 3 0 1 0 4 0 4 0 0 0 2 0 6 0 3 0 3 0 2 1 0 0 4 0 4 0 1 0 2 0 6 0 0 0 6 0 2 1 0 0 0 0 6 0 0 0 4 0 6 0 4 0 5 0 4 1 0 0 0 0 2 0 4 0 3 1 0 0 1 0 3 0 5 0 0 0 1 0 6 0 5 0 6 0 6 0 1 0 1 0 6 0 2 0 1 0 0 0 2 0 5 1 0 0 1 0 1 0 1 0 0 0 2 0 5 1 0 0 4 0 6 0 4 0 5 1 0 0 3 0 4 0 0 0 0 0 3 0 5 1 0 0 6 0 2 0 4 0 5 0 3 0 0 0 6 0 6 0 4 0 3 0 3 1 0 0 2 0 6 0 5 0 4 0 6 0 3 0 4 0 1 0 2 0 0 0 0 0 0 0 6 0 2 0 3 0 2 0 6 0 5 0 0 0 0 0 3 0 0 0 2 0 5 0 0 0 0 0 2 0 1 0 4 0 4 0 1 1 0 0 5 0 0 0 6 0 0 0 2 0 0 0 1 1 0 0 6 0 4 0 2 0 4 0 6 0 0 0 4 0 4 0 2 0 0 0 4 0 3 0 2 0 0 0 1 0 4 0 2 0 3 0 6 0 1 0 4 0 1 0 6 0 2 1 0 0 4 0 4 0 2 0 3 0 2 0 3 0 0 0 4 0 0 0 3 0 4 0 5 0 3 0 1 0 5 0 6 0 5 0 2 0 6 0 1 0 3 1 0 0 3 0 5 0 1 0 4 0 1 1 0 0 2 0 6 0 0 0 0 0 1 1 0 0 5 0 1 0 4 0 3 0 1 0 1 0 1 0 0 0 3 0 0 0 5 0 3 0 5 0 3 0 5 0 1 1 0 1 0 0 4 0 2 0 1
0 635 2 0 6 0 3 0 1 0 0 0 1 0 3 1 0 0 6 0 0 0 1 0 4 0 0 0 3 0 1 0 6 0 3 0 0 0 2 0 3 0 2 0 5 0 1 0 3 0 2 0 4 1 0 0 4 0 2 0 3 0 2 1 0 0 3 0 3 0 4 0 3 0 3 0 4 0 3 0 6 0 0 0 3 0 4 0 6 0 2 0 5 0 6 0 5 0 5 0 5 0 5 0 0 0 5 0 5 1 0 0 6 0 1 0 3 0 4 1 0 0 5 0 3 0 0 0 3 0 6 0 2 0 1 0 0 0 1 0 3 0 1 0 4 0 1 0 1 0 6 0 0 0 4 0 5 0 3 0 5 0 4 0 2 0 1 0 5 0 6 0 0 1 0 0 0 0 6 0 2 0 1 0 1 0 5 0 6 0 1 0 6 0 3 0 3 0 4 0 3 0 6 0 0 0 3 0 4 0 4 0 3 1 0 0 3 0 1 0 3 0 3 0 5 0 4 0 1 0 4 1 0 0 4 0 1 0 1 0 1 0 5 0 4 1 0 1 0 1 0 0 0 0 1 0 1 0 3 0 5 0 4 0 2 0 4 0 6 0 6 0 0 0 4 0 2 0 1 0 6 0 2 0 4 0 2 1 0 0 0 0 5 0 1 0 0 1 0 0 2 1 0 0 3 0 1 0 3 0 5 0 4 0 6 0 5 0 3 0 3 0 4 0 5 0 2 0 0 0 5 0 3 1 0 0 2 0 2 0 2 0 0 0 5 0 4 0 0 0 1 0 6 0 2 0 4 1 0 1 0 0 1 0 1 0 0 1 0 0 5 0 0 0 4 0 6 0 1 0 3 1 0 0 2 0 5 0 6 0 2 0 0 0 0 1 0 0 5 0 5 0 4 0 2 0 6 0 0 0 1 0 3 0 4 0 0 0 0 0 1 0 4 0 5 0 6 0 5 0 5 0 3 0 1 0 0 0 6 0 0 0 5 0 2 0 1 0 0 0 4 0 3 0 1 0 1 0 4 1 0 0 2 0 2 0 4 0 1 0 4 0 0 0 3 1 0 0 5 0 1 0 6 0 1 0 5 0 2 0 1 0 1 0 5 0 1 0 0 1 0 0 5 0 0 0 3 0 0 0 5 1 0 0 5 0 4 0 0 0 4 0 4 1 0 0 0 0 1 0 1 0 5 0 6 0 4 0 6 0 1 0 0 0 1 1 0 0 2 0 3 1 0 0 4 0 3 0 6 0 3 0 6 0 4 0 3 1 0 1 0 1 0 0 3 0 4 0 0 0 4 0 6 0 4 0 4 0 1 0 0 0 3 1 0 0 2 0 4 0 0 1 0 0 3 0 2 0 2 0 0 0 6 0 1 0 3 0 0 0 4 0 0 0 3 0 4 1 0 1 0 0 0 0 5 0 2
1 635 5 0 4 1 0 0 3 0 0 0 3 0 0 0 0 0 4 0 1 0 3 0 0 0 1 0 6 0 3 0 4 1 0 0 1 0 4 0 6 0 5 0 2 0 3 0 6 0 5 0 2 0 0 0 0 0 5 0 6 0 5 0 6 0 5 1 0 0 2 0 0 0 0 0 2 0 0 0 5 0 1 1 0 0 2 0 5 0 6 0 3 0 6 0 4 0 4 0 4 0 3 0 2 0 3 0 5 0 0 0 4 0 3 1 0 0 3 0 0 0 2 1 0 0 1 1 0 0 5 0 5 0 2 0 0 0 2 0 6 0 3 0 0 0 3 0 3 0 4 0 2 0 1 0 4 0 0 0 4 0 1 0 5 0 3 0 3 0 5 0 2 0 6 0 0 0 4 0 5 0 2 0 3 0 3 0 5 0 4 0 5 0 0 0 0 0 2 0 0 0 5 0 1 1 0 0 2 0 2 0 0 1 0 0 6 0 2 1 0 0 0 0 4 0 1 0 4 0 2 0 0 0 0 0 3 0 2 0 3 0 3 0 3 0 0 1 0 0 5 1 0 0 2 0 2 1 0 0 4 0 1 0 6 0 1 0 6 0 5 0 2 0 0 0 5 0 3 0 4 0 6 0 0 0 6 0 6 0 0 0 2 0 3 0 1 0 6 0 4 0 6 0 5 0 2 1 0 0 4 0 2 0 6 0 4 0 0 0 0 0 2 0 3 0 5 0 1 0 3 0 0 1 0 0 4 0 4 0 4 0 1 0 3 0 1 0 1 0 3 0 4 0 6 0 2 0 0 0 6 0 1 0 2 0 1 1 0 0 2 0 2 0 1 0 5 0 3 1 0 1 0 0 5 0 3 0 5 0 5 0 0 0 1 1 0 0 3 0 4 0 1 0 6 0 4 0 1 0 2 1 0 0 1 0 1 0 0 0 3 0 1 0 4 0 6 0 4 0 3 1 0 0 3 0 1 0 4 0 2 0 2 0 5 0 2 0 1 0 0 1 0 0 3 0 3 0 1 1 0 0 4 0 5 0 0 0 4 0 0 0 2 0 0 0 0 0 2 0 4 0 4 0 4 0 2 0 5 0 2 0 3 0 2 0 3 0 1 1 0 0 2 0 1 0 6 0 1 0 4 0 0 0 3 0 1 0 2 0 1 0 2 1 0 0 0 0 2 0 3 0 3 0 6 0 2 0 5 0 3 0 0 0 3 0 6 0 4 0 0 0 0 0 1 0 0 0 6 0 0 0 6 0 2 0 1 0 0 1 0 0 6 0 6 0 0 0 2 0 1 0 6 0 2 0 1 0 3 0 0 1 0 1 0 0 5 0 0 0 2 0 6 0 5 0 4 0 4 0 1 0 4 0 3 0 6 0 1 0 0 0 1 1 0 0 3 0 0 0 6 0 0 0 2 0 5
1 637 1 0 3 0 2 1 0 0 6 0 0 0 6 0 0 0 1 0 0 0 3 0 6 0 0 0 3 0 5 0 0 0 2 1 0 0 3 0 1 0 6 0 3 0 5 1 0 0 6 0 3 0 5 0 0 0 1 0 3 0 6 0 4 0 6 0 4 1 0 0 4 0 0 0 0 0 4 0 1 0 2 0 4 0 6 0 4 0 3 0 6 0 0 0 6 0 2 0 2 0 1 1 0 0 5 1 0 0 3 0 2 0 1 0 0 1 0 0 6 0 0 0 5 0 6 0 2 1 0 0 3 0 3 0 5 0 0 0 5 0 4 1 0 0 1 1 0 0 0 0 1 0 5 0 3 0 0 0 2 0 0 0 4 0 3 0 0 0 0 0 3 0 6 0 4 0 2 0 1 0 3 0 5 1 0 0 0 0 4 0 2 0 3 0 1 0 0 0 4 0 1 0 2 0 4 0 6 0 3 0 4 0 1 1 0 0 4 0 6 0 6 0 0 0 0 0 4 0 0 0 5 0 0 0 0 0 6 0 4 0 6 0 6 0 6 0 1 1 0 0 3 1 0 0 4 0 5 1 0 0 0 0 4 0 4 0 4 0 5 0 3 0 5 0 1 0 3 0 0 0 2 0 5 0 2 0 5 0 5 0 1 0 4 0 6 0 3 0 5 0 2 0 6 0 3 1 0 0 0 0 0 0 6 0 5 0 1 0 1 0 0 0 4 1 0 0 3 0 3 0 6 0 1 1 0 0 1 0 2 0 1 0 3 0 6 0 2 0 2 1 0 0 2 0 5 0 5 0 1 0 4 0 3 0 4 0 3 0 6 0 3 0 4 0 3 0 3 0 1 0 0 1 0 0 3 0 0 0 4 0 3 0 1 0 3 0 6 0 6 0 0 0 4 0 5 0 1 0 3 0 5 0 6 0 1 0 2 0 0 0 6 0 3 0 1 0 6 0 2 0 0 1 0 0 6 0 3 0 0 0 5 0 5 0 2 0 5 0 2 0 1 0 6 0 5 0 6 0 3 1 0 0 1 0 3 0 2 0 0 0 1 0 4 0 0 0 0 0 5 0 1 0 2 0 1 0 6 0 2 0 5 0 6 0 4 0 6 0 3 0 6 0 3 0 3 0 4 0 4 0 0 0 1 0 6 0 2 0 4 0 2 0 5 0 5 1 0 0 4 1 0 0 0 0 5 0 6 0 2 1 0 0 1 1 0 0 6 0 1 0 1 0 0 0 2 0 1 0 4 0 2 0 4 0 5 0 2 0 1 1 0 0 5 0 5 0 1 0 4 0 3 0 4 0 5 0 2 0 6 0 1 1 0 1 0 0 2 0 1 0 5 0 5 0 4 0 2 0 1 0 4 0 1 0 0 0 5 0 3 0 0 0 3 0 6 0 5 0 1 0 4 0 1 0 5 0 3
0 637 2 0 6 0 5 1 0 0 4 0 2 0 4 0 1 0 2 0 0 1 0 0 5 0 1 1 0 0 3 0 1 0 5 0 6 0 5 0 3 0 5 0 0 0 5 0 0 0 5 0 0 0 3 0 1 0 2 1 0 0 6 0 2 0 6 0 3 0 0 0 0 0 1 0 1 0 0 0 3 0 5 0 1 0 6 0 2 0 0 0 5 0 2 0 4 0 5 0 4 0 3 1 0 0 3 1 0 0 6 0 4 0 2 0 1 1 0 0 4 0 2 0 3 0 5 0 6 0 6 0 5 1 0 0 3 0 2 0 3 0 2 1 0 0 3 0 5 1 0 0 3 0 2 1 0 0 1 0 4 0 1 0 0 1 0 0 1 0 0 1 0 0 6 0 1 0 5 0 2 1 0 0 4 1 0 0 1 0 0 0 5 0 6 0 2 0 1 0 0 0 3 0 5 0 1 0 6 0 0 0 1 0 4 1 0 0 1 0 6 0 5 0 1 0 1 0 0 0 2 0 2 0 1 0 1 0 5 0 2 0 6 0 6 0 5 0 4 1 0 0 0 0 0 0 1 0 4 1 0 0 1 0 1 0 2 0 2 0 4 0 0 0 3 0 3 0 6 0 0 0 5 0 2 0 6 0 3 0 3 0 4 0 1 0 6 0 0 0 3 0 6 0 5 0 0 1 0 0 0 0 1 0 5 0 3 0 3 0 2 0 1 0 1 1 0 1 0 0 0 0 5 0 4 0 6 0 1 0 4 0 2 1 0 0 5 0 5 0 5 0 6 0 4 0 3 0 3 0 4 0 1 0 0 0 2 0 0 0 6 0 0 0 1 1 0 1 0 0 3 0 1 0 6 0 5 0 1 0 0 1 0 0 3 1 0 0 6 0 5 0 2 0 1 0 3 0 3 1 0 0 4 0 5 0 3 0 4 0 1 0 4 1 0 0 4 0 4 0 5 0 1 1 0 0 4 1 0 0 2 0 3 0 3 0 6 0 2 0 5 0 3 0 5 0 4 0 6 0 0 1 0 0 2 0 6 0 4 0 0 0 3 0 0 0 1 0 1 0 2 0 3 0 4 0 3 0 4 0 6 0 3 0 6 0 2 0 6 0 0 0 6 0 0 0 0 0 2 0 1 0 1 0 3 0 4 0 6 0 0 0 6 0 3 0 5 0 0 0 1 1 0 0 1 0 3 0 5 0 6 0 6 0 2 1 0 0 4 0 3 0 2 0 0 0 4 0 3 0 0 0 6 0 1 0 3 0 5 0 3 1 0 0 3 0 3 0 4 0 1 0 0 0 2 0 3 0 6 0 4 0 4 1 0 0 6 0 3 0 3 0 3 0 4 0 1 0 5 0 3 0 0 0 3 0 1 0 2 1 0 0 1 1 0 0 6 0 3 0 4 0 0 0 4 0 3 0 0
0 637 5 0 5 0 5 0 0 0 0 0 6 0 0 0 3 0 4 0 1 1 0 0 2 0 4 0 6 0 5 0 3 0 3 0 6 0 4 0 0 0 3 0 2 0 2 0 2 0 2 0 1 0 6 0 2 0 5 1 0 0 4 0 6 0 4 1 0 0 1 0 0 0 2 0 2 0 0 1 0 0 3 0 4 0 4 0 5 0 1 0 2 0 6 0 1 0 4 0 2 0 1 0 0 0 0 0 0 0 5 0 1 0 5 0 3 1 0 0 0 0 5 1 0 0 4 0 6 0 6 0 4 1 0 0 6 0 4 0 6 0 5 0 6 0 6 0 3 1 0 0 6 0 5 0 6 0 2 0 0 0 3 0 1 0 6 0 1 0 1 1 0 0 4 0 4 0 2 1 0 0 0 0 1 1 0 0 2 0 1 0 3 0 5 0 5 0 2 0 0 1 0 0 3 0 4 0 4 0 1 0 3 0 1 1 0 0 3 0 5 0 3 0 3 0 2 0 0 0 4 0 4 0 2 0 3 0 2 0 6 0 5 0 6 0 4 0 2 1 0 0 0 0 0 0 3 0 1 1 0 0 2 0 2 0 4 0 5 0 0 0 1 1 0 0 0 0 5 0 2 0 2 0 6 0 5 0 0 0 0 0 1 0 4 0 4 0 1 1 0 0 6 0 3 0 2 0 5 1 0 0 3 0 2 1 0 1 0 0 5 0 2 0 3 1 0 0 6 0 0 0 3 0 2 0 5 0 4 0 0 1 0 0 0 0 3 0 4 0 4 0 6 0 2 0 0 0 0 0 1 0 3 0 0 0 4 0 1 0 4 0 1 0 3 1 0 0 6 0 5 0 3 0 5 0 3 0 3 0 1 1 0 0 0 0 0 0 5 0 3 0 5 0 2 1 0 0 1 0 0 0 1 0 4 0 0 0 1 0 4 0 2 0 0 0 1 0 2 0 3 0 4 1 0 0 1 1 0 0 4 1 0 0 0 0 5 0 6 0 3 0 0 0 4 0 2 0 5 0 2 0 6 0 4 0 5 0 1 0 1 0 6 0 0 0 2 0 2 0 4 1 0 0 2 0 0 0 2 0 6 0 0 0 5 0 6 0 4 0 2 0 4 0 1 0 0 0 4 0 2 0 2 1 0 0 2 0 5 0 2 0 5 0 0 0 3 0 1 0 3 0 6 0 1 1 0 0 4 0 6 0 5 1 0 0 0 0 0 1 0 0 5 0 1 0 0 1 0 0 2 0 4 0 3 1 0 0 4 0 0 1 0 1 0 0 0 0 1 0 3 0 0 0 4 1 0 0 6 0 2 0 3 0 0 0 5 0 0 0 0 0 0 0 1 0 4 0 2 1 0 0 1 0 6 0 2 0 5 0 6 0 2 1 0 0 5 0 0 0 1 0 2 0 0 1 0 0 1
0 639 1 0 3 0 4 0 3 0 1 0 1 0 4 0 1 1 0 0 1 0 4 0 6 0 4 0 1 0 6 0 4 0 0 0 0 0 6 0 1 0 1 0 6 0 4 0 4 0 4 0 4 0 3 0 4 0 6 0 4 0 0 0 1 0 6 0 2 1 0 0 2 0 0 0 4 0 4 0 1 0 6 0 6 0 1 0 2 0 3 0 3 0 5 0 4 0 4 0 0 0 5 0 2 0 0 0 0 0 1 0 2 0 4 0 3 0 0 1 0 0 1 0 4 0 0 0 1 0 6 0 6 0 3 0 0 0 5 0 2 0 6 0 4 0 6 0 6 0 1 0 0 0 5 0 4 0 5 0 5 0 0 0 6 0 3 0 4 0 3 0 3 1 0 0 1 0 1 0 6 0 5 1 0 0 3 0 6 0 3 0 2 1 0 0 4 0 3 0 5 0 1 0 6 0 6 0 1 0 1 0 3 0 6 0 3 0 6 0 6 0 2 1 0 1 0 0 5 0 1 0 1 0 1 0 5 0 6 0 5 0 5 0 4 0 6 0 1 0 6 0 5 1 0 0 0 0 6 0 3 0 6 0 3 0 5 0 1 0 3 0 1 0 3 0 6 0 0 0 2 0 5 0 5 0 5 0 3 0 1 0 0 0 3 0 1 0 1 0 4 1 0 0 4 1 0 0 6 0 3 1 0 0 6 0 5 1 0 1 0 0 2 0 6 0 0 0 0 0 4 0 1 0 6 0 5 0 3 0 1 0 2 0 5 1 0 1 0 0 2 0 2 0 5 0 5 0 0 0 0 0 2 0 6 0 1 0 0 0 4 0 0 0 4 0 0 0 0 0 5 0 4 0 0 0 3 1 0 1 0 0 4 0 5 1 0 0 1 0 3 0 0 0 3 0 6 0 6 0 1 0 0 0 3 0 0 0 1 0 3 0 0 0 5 0 0 0 2 0 4 1 0 0 2 1 0 0 3 1 0 0 1 1 0 0 1 0 3 0 5 1 0 0 2 0 0 0 6 0 2 0 6 0 5 0 2 0 3 0 3 0 3 0 4 0 1 0 4 0 5 0 1 1 0 0 4 0 0 0 5 0 4 0 2 0 3 0 6 0 1 0 6 0 0 0 3 0 1 0 0 0 5 0 5 0 6 0 4 0 2 0 6 0 2 0 1 0 6 0 2 1 0 0 5 0 4 1 0 0 1 0 6 0 4 1 0 0 0 0 1 1 0 0 2 0 3 0 1 0 6 0 4 0 1 0 1 0 0 0 0 0 2 1 0 0 5 1 0 0 2 0 6 0 1 0 2 0 0 0 4 0 5 0 6 0 1 0 2 0 1 0 0 0 0 0 3 0 0 0 6 0 6 0 2 0 4 0 6 0 3 0 5 1 0 0 0 0 2 0 1 0 2 0 4 0 1 0 6 0 1
1 639 2 1 0 0 1 1 0 0 3 0 3 0 0 0 4 0 6 0 2 0 1 0 6 0 1 0 4 0 5 0 1 0 1 0 1 0 4 0 3 0 3 0 5 0 2 0 2 0 2 0 2 0 0 0 2 0 6 0 1 0 1 0 3 0 4 0 6 0 6 0 3 0 1 0 1 0 1 0 4 0 5 0 5 0 3 0 4 1 0 0 0 0 4 0 2 0 1 0 2 0 2 0 5 0 0 0 0 0 2 0 5 0 0 1 0 0 2 0 6 0 2 0 0 0 1 0 3 0 5 0 5 1 0 0 2 0 2 0 6 0 5 0 2 0 6 0 5 0 3 0 1 0 3 0 2 0 4 0 3 0 2 0 5 0 0 0 2 0 0 0 0 1 0 0 2 0 3 0 5 0 4 1 0 1 0 0 5 1 0 1 0 0 0 0 1 0 0 0 3 0 4 0 5 0 5 0 3 0 2 1 0 0 6 0 0 0 6 0 5 1 0 0 0 1 0 0 2 0 3 0 2 0 3 0 3 0 6 0 4 0 4 0 2 0 5 0 4 0 5 0 4 1 0 0 1 0 5 0 0 0 6 0 0 0 3 0 3 0 6 0 2 1 0 0 5 0 1 0 5 0 3 0 4 0 3 1 0 0 3 0 0 0 6 0 2 0 3 0 2 0 0 0 2 0 0 0 5 0 1 0 0 0 5 0 5 0 0 0 6 0 4 0 4 0 1 0 1 0 0 0 4 0 5 0 3 1 0 0 3 0 5 0 4 0 0 0 6 0 3 0 5 0 3 0 3 0 1 0 0 0 5 0 4 0 3 0 1 0 0 0 2 0 0 0 1 0 1 0 3 0 1 0 2 0 0 0 0 1 0 0 1 0 4 1 0 0 2 0 6 0 0 1 0 0 6 0 5 0 3 0 0 0 6 0 0 0 2 0 6 0 1 0 2 0 1 0 5 0 1 1 0 0 5 0 6 0 6 0 6 0 2 0 6 0 1 1 0 0 4 1 0 0 4 0 1 0 4 0 6 0 5 0 3 0 5 1 0 0 0 0 0 0 1 0 4 0 1 0 3 0 4 1 0 0 0 0 2 0 3 0 1 0 5 1 0 0 5 0 4 0 4 0 1 0 6 0 2 0 1 0 3 0 4 0 6 0 1 0 6 0 4 0 5 0 3 0 4 1 0 0 0 0 3 0 2 1 0 0 3 0 5 0 2 1 0 0 0 0 3 0 6 0 3 0 6 0 3 0 5 0 1 0 3 0 2 0 0 0 0 0 5 1 0 0 3 1 0 0 5 0 4 0 3 0 4 0 1 0 1 0 4 0 5 0 3 0 4 0 2 0 0 0 0 0 6 0 1 0 5 0 5 0 6 0 1 0 6 0 0 0 4 1 0 0 0 0 4 0 2 0 5 0 0 0 4 0 4 0 3
0 639 5 0 6 0 2 0 6 0 5 0 6 0 1 0 1 0 5 0 5 0 3 0 4 0 4 0 1 0 3 0 3 0 2 0 3 0 1 0 0 0 0 0 3 0 5 0 4 0 4 0 4 0 0 0 5 0 4 0 3 0 2 1 0 0 2 0 6 0 5 1 0 0 3 0 2 0 3 0 1 0 4 0 4 0 0 0 2 1 0 0 1 0 0 0 5 0 2 0 4 0 5 0 2 0 1 0 0 0 5 0 2 0 2 0 6 0 4 0 4 0 5 0 0 0 2 1 0 0 4 0 4 1 0 0 4 0 5 0 5 0 3 0 6 0 5 0 3 1 0 0 3 0 6 0 5 0 0 1 0 0 6 0 2 0 1 0 4 0 0 0 1 0 6 0 3 1 0 0 4 0 3 0 0 1 0 0 4 0 0 0 5 1 0 0 2 0 0 1 0 0 2 0 4 0 3 1 0 1 0 0 0 0 4 0 2 0 5 0 4 1 0 0 1 0 6 0 3 0 6 0 4 1 0 0 0 0 6 0 2 0 1 0 6 0 3 0 2 0 4 0 2 1 0 0 3 0 2 0 2 0 4 0 1 1 0 0 0 0 5 1 0 0 0 0 2 0 4 0 3 0 0 0 2 0 0 1 0 0 6 0 1 0 4 0 5 0 6 0 4 0 0 0 4 0 1 0 2 0 3 0 1 0 3 0 3 0 2 0 5 0 2 0 1 0 3 0 2 0 1 0 1 0 4 0 0 1 0 1 0 0 4 0 1 0 2 0 5 0 0 0 3 1 0 1 0 0 3 0 1 0 3 0 1 1 0 0 3 0 0 0 4 0 0 0 2 0 2 0 6 0 2 0 4 0 0 0 1 0 6 0 2 0 1 1 0 0 5 0 4 0 2 1 0 0 5 0 3 1 0 0 2 0 4 0 1 0 5 0 4 0 3 0 4 0 3 0 2 0 4 1 0 0 3 0 6 0 6 0 5 0 6 0 4 0 4 1 0 0 2 0 0 0 0 0 4 0 1 0 6 0 4 0 0 0 4 1 0 0 0 0 0 0 3 0 0 0 3 1 0 0 2 1 0 0 0 0 4 0 6 0 3 0 4 0 0 0 3 0 2 0 1 0 4 0 4 0 5 0 2 1 0 0 2 0 5 0 4 0 5 0 2 0 4 0 0 0 2 1 0 0 0 0 6 0 5 0 6 0 6 0 2 0 6 0 5 1 0 1 0 0 6 0 0 0 6 0 0 0 3 0 3 0 6 0 4 0 0 0 1 0 4 0 0 0 0 0 0 0 3 0 2 0 0 0 1 0 3 0 3 0 1 0 4 0 0 0 1 0 5 0 0 0 1 0 4 0 4 0 3 0 4 0 5 0 4 0 4 0 2 0 1 1 0 0 1 0 0 0 6 0 2 0 2 0 1 0 2 0 0
0 641 1 0 3 0 5 0 6 0 5 0 4 0 5 0 3 0 3 0 3 0 4 0 0 0 2 0 1 0 3 0 6 0 6 0 4 0 6 0 2 0 0 0 0 1 0 0 4 0 2 0 2 0 1 0 2 0 3 0 1 1 0 0 6 0 6 0 4 0 5 0 4 1 0 0 6 0 4 0 6 0 3 0 1 0 1 0 1 0 5 0 6 0 1 0 1 0 2 0 6 0 1 0 3 0 5 0 2 0 1 0 2 0 5 0 5 0 5 0 2 0 2 0 3 0 1 0 5 1 0 0 1 0 3 0 0 0 1 0 4 0 4 0 0 0 6 0 4 0 0 1 0 1 0 0 6 0 3 0 2 1 0 0 4 0 5 0 3 0 0 0 1 0 3 0 5 0 1 0 0 0 0 1 0 0 2 1 0 0 0 0 2 0 3 1 0 0 4 0 1 0 6 0 4 0 1 0 1 0 0 0 6 0 0 0 0 0 6 0 3 0 2 1 0 0 3 0 5 0 0 0 6 0 2 1 0 0 1 0 4 0 5 0 3 0 4 1 0 0 6 0 0 0 6 0 6 0 5 0 4 0 5 0 0 0 4 0 6 0 0 0 3 1 0 0 0 0 5 0 0 1 0 0 1 0 4 0 1 1 0 0 4 0 4 0 1 0 4 0 6 0 1 0 2 0 0 0 3 0 4 0 6 0 2 0 6 0 6 0 5 0 2 0 5 0 2 0 6 0 4 0 2 0 3 0 0 0 2 1 0 1 0 0 0 0 3 0 5 0 2 0 2 0 0 0 0 0 6 0 5 0 2 0 6 0 3 0 6 0 5 0 1 0 0 0 1 0 4 0 5 0 4 0 6 0 0 0 1 0 3 0 4 0 5 0 3 1 0 0 3 0 1 1 0 0 0 0 3 0 0 1 0 0 5 0 0 0 4 0 3 0 2 0 0 0 1 1 0 0 6 0 1 1 0 1 0 0 6 0 6 0 4 0 6 0 2 0 2 1 0 0 4 0 0 0 1 0 0 0 4 0 5 0 1 0 2 0 1 1 0 0 0 0 0 0 6 0 0 1 0 1 0 0 5 0 6 0 0 0 1 0 6 0 0 0 1 0 1 0 6 0 4 0 3 0 1 0 2 0 3 0 6 0 6 0 4 0 3 0 2 0 3 0 6 0 0 0 1 0 5 0 6 0 0 0 5 0 4 0 6 0 5 0 6 0 5 0 5 0 0 1 0 0 4 0 2 0 4 0 1 1 0 0 0 0 6 0 1 0 1 0 3 0 0 0 1 0 0 0 0 0 6 0 4 0 0 0 2 0 6 0 6 0 3 0 0 0 1 0 3 0 2 0 1 0 3 0 1 0 2 0 0 0 2 0 4 0 2 0 1 0 5 0 3 0 6 0 1 0 1 0 4 0 5 0 4 0 2 0 4 0 0
0 641 2 1 0 0 4 0 6 0 4 0 2 0 4 0 0 0 0 0 0 0 1 0 1 0 4 0 2 1 0 0 6 0 6 0 2 0 5 0 5 0 0 0 1 1 0 0 0 0 5 0 4 0 2 0 4 0 6 0 3 1 0 0 5 0 6 0 2 0 4 0 3 0 0 0 5 0 2 0 5 1 0 0 3 0 2 0 3 0 3 0 5 0 3 0 2 0 5 0 4 0 3 1 0 0 3 0 5 0 2 0 5 0 3 0 4 0 3 0 5 0 4 0 6 0 3 0 3 1 0 0 2 0 6 0 0 0 3 0 1 0 1 0 2 0 5 0 1 0 2 1 0 1 0 0 4 1 0 1 0 0 0 0 1 0 3 1 0 0 1 0 2 1 0 0 3 0 3 0 0 0 1 0 6 0 4 0 5 1 0 0 5 0 0 0 0 0 0 0 4 0 5 0 1 0 3 0 2 0 1 0 4 0 1 0 1 0 4 1 0 0 6 0 6 0 6 0 2 0 2 0 4 0 6 0 6 0 2 0 1 0 4 0 0 0 3 0 0 0 4 0 2 0 5 0 6 0 4 0 2 0 3 0 2 0 1 0 5 0 1 1 0 1 0 0 1 0 2 0 2 0 6 0 2 0 0 0 4 1 0 0 1 0 1 0 4 0 1 0 5 0 3 0 4 0 0 1 0 0 2 0 5 0 6 0 5 0 6 0 3 0 6 0 2 0 6 0 5 0 1 0 5 0 6 0 0 0 5 1 0 0 5 1 0 1 0 0 3 0 5 0 4 0 0 0 1 0 5 0 3 0 6 0 5 0 0 0 6 0 3 0 3 0 0 0 3 0 1 0 4 0 2 0 5 0 1 0 2 1 0 0 2 0 4 0 0 1 0 0 6 0 3 0 5 1 0 0 6 0 1 1 0 0 2 0 2 0 0 1 0 0 5 0 0 0 3 1 0 0 4 0 4 1 0 1 0 0 5 0 6 0 2 0 5 0 5 0 5 1 0 0 0 0 1 0 2 0 1 0 1 0 3 0 3 0 4 0 3 0 5 1 0 0 1 0 4 0 2 1 0 1 0 0 3 0 5 0 1 0 3 0 4 0 1 0 2 0 3 0 5 0 1 1 0 0 3 0 4 1 0 0 6 0 6 0 1 1 0 0 5 1 0 0 5 0 1 0 3 0 3 0 5 0 2 0 3 0 2 0 6 0 4 0 6 0 4 0 3 0 2 1 0 0 0 0 6 0 0 0 4 0 6 0 0 0 4 0 3 0 2 0 6 0 0 0 2 0 0 0 1 0 5 0 1 0 1 0 5 0 5 0 5 1 0 0 1 0 2 0 6 0 4 0 2 0 6 0 2 0 4 0 0 0 5 0 0 0 5 0 3 0 3 0 0 0 5 0 3 0 3 0 1 0 4 0 1 0 6 0 0 0 1
0 641 5 1 0 0 1 0 6 0 1 0 6 0 0 0 1 0 0 0 0 0 2 0 3 0 0 1 0 0 0 0 5 0 5 0 6 0 3 0 3 0 1 0 3 0 6 0 0 0 3 0 1 0 6 0 1 0 6 0 1 0 0 0 3 0 5 0 6 0 0 1 0 0 2 0 2 0 6 0 3 1 0 0 6 0 4 1 0 0 0 0 3 1 0 0 6 0 3 0 2 0 0 1 0 1 0 0 3 0 6 0 3 0 0 0 2 0 0 0 4 0 2 0 6 0 0 0 0 1 0 0 5 0 4 0 1 0 6 0 2 0 2 0 5 0 2 0 3 0 5 1 0 1 0 0 2 0 0 0 5 1 0 0 2 1 0 1 0 0 2 0 5 0 6 0 5 0 6 0 0 0 3 0 5 0 2 0 5 0 0 0 2 0 1 0 0 0 1 0 1 0 3 0 3 0 6 0 4 0 3 0 0 0 3 0 3 0 2 0 0 0 5 0 6 0 5 0 5 0 5 0 1 0 6 0 5 0 5 0 3 0 0 0 1 0 6 0 1 0 0 0 6 0 3 0 6 0 1 0 5 0 6 0 4 0 3 0 2 0 4 1 0 0 6 0 1 0 4 0 5 0 4 0 5 0 1 0 1 1 0 0 2 0 3 0 0 0 4 0 3 0 0 0 1 0 2 0 6 0 4 0 3 0 6 0 4 0 6 0 0 0 5 0 6 0 5 0 3 0 4 0 3 0 5 0 2 0 4 0 0 0 4 0 0 0 6 0 6 0 3 0 1 0 1 0 3 0 3 0 0 0 6 0 3 0 2 0 4 1 0 1 0 0 1 0 6 0 3 0 0 0 6 0 2 0 3 0 5 0 6 0 4 0 0 0 2 1 0 0 5 0 0 0 5 0 0 0 4 0 4 0 6 0 3 0 4 0 1 1 0 0 2 0 2 0 0 0 0 0 1 0 3 0 0 1 0 0 3 0 5 0 6 0 3 0 4 0 4 1 0 0 0 0 2 0 4 0 2 0 2 1 0 0 0 0 2 0 0 0 4 1 0 0 3 0 0 1 0 0 0 0 6 0 6 0 2 0 3 1 0 0 1 0 3 0 4 1 0 0 3 0 4 0 6 0 6 0 2 0 0 0 5 0 5 0 4 1 0 0 4 0 0 0 2 0 3 1 0 0 0 0 3 0 5 0 6 0 5 0 5 0 2 0 6 0 1 1 0 0 6 0 6 0 0 0 4 0 2 0 1 0 5 0 2 0 0 1 0 0 6 0 4 0 1 0 4 0 0 0 3 0 2 0 3 0 3 0 3 0 4 0 4 1 0 0 2 0 5 0 5 0 1 0 6 0 4 0 6 0 0 0 2 0 2 0 2 0 2 1 0 1 0 0 2 0 2 1 0 1 0 0 4 0 0 0 4 0 4 0 1 0 2
1 643 1 0 3 1 0 0 3 0 4 0 4 0 4 0 1 0 2 0 0 0 0 0 4 0 6 0 1 0 6 0 0 0 3 0 4 0 5 1 0 1 0 0 3 1 0 0 5 0 1 0 6 0 3 0 4 0 4 0 4 0 3 0 0 1 0 0 4 0 5 0 2 0 6 0 3 0 5 0 5 0 1 0 0 0 5 0 2 1 0 0 1 0 0 0 0 0 4 1 0 0 5 0 1 1 0 0 6 0 6 0 4 1 0 0 1 0 4 0 1 0 0 0 6 0 4 0 1 0 1 1 0 0 3 0 1 0 4 0 4 0 5 0 5 0 2 0 5 1 0 0 5 0 0 0 6 0 3 0 1 0 3 1 0 0 5 1 0 0 6 0 4 0 3 0 6 0 4 0 5 0 1 1 0 0 3 0 6 0 2 0 1 0 4 0 2 0 0 0 2 0 2 1 0 0 0 0 6 0 1 1 0 0 1 0 6 0 6 0 4 0 1 0 3 0 6 0 4 0 4 0 3 0 4 0 5 0 4 0 3 1 0 0 1 0 3 0 4 0 3 0 1 0 5 0 0 0 5 0 4 0 3 0 6 0 1 1 0 0 6 0 2 0 0 0 4 0 4 0 1 0 4 0 2 0 3 0 3 0 3 0 6 0 3 0 6 0 1 0 0 1 0 0 1 0 2 0 5 0 5 0 2 0 0 0 6 0 2 0 5 0 2 0 3 0 6 0 4 0 0 0 2 0 0 0 3 0 6 0 0 0 2 0 0 0 2 0 5 0 5 1 0 0 3 0 2 0 6 0 6 0 1 0 4 1 0 0 6 0 2 0 0 0 6 0 2 0 4 1 0 0 2 0 4 0 5 1 0 0 4 0 6 0 1 0 1 0 5 1 0 0 2 0 2 0 2 0 2 0 1 0 2 0 6 0 0 0 1 0 4 0 6 0 3 0 4 0 0 0 0 0 2 0 6 0 1 0 6 0 6 0 3 0 6 0 0 0 2 0 2 1 0 0 0 0 5 0 0 0 5 0 5 0 5 1 0 0 4 0 1 0 1 1 0 0 6 0 1 0 6 0 0 0 5 0 5 0 5 1 0 1 0 0 2 1 0 0 2 1 0 1 0 0 2 0 6 0 5 0 5 0 1 0 3 0 4 0 3 0 0 0 0 0 1 0 4 1 0 1 0 0 0 1 0 0 4 0 6 0 4 0 3 0 6 0 4 0 4 1 0 0 5 0 5 0 2 0 0 0 5 0 3 0 2 0 5 0 1 1 0 0 5 0 1 0 4 0 0 0 1 0 6 0 4 1 0 0 0 0 0 0 2 0 2 1 0 0 5 0 3 0 3 0 4 0 5 0 2 0 5 0 1 0 4 0 4 0 4 0 5 1 0 0 6 0 3 0 5 1 0 1 0 0 0 0 2 0 1 0 1 0 3 0 4
0 643 2 1 0 1 0 1 0 0 2 0 2 0 1 0 3 0 4 0 0 0 1 0 1 0 5 0 4 0 4 0 1 1 0 0 2 0 5 0 0 1 0 0 0 0 0 0 2 0 4 0 5 0 0 0 2 0 2 0 1 1 0 0 2 1 0 0 1 0 3 0 6 0 5 0 0 0 4 0 3 0 3 0 1 0 2 0 6 0 6 0 1 0 0 0 1 0 2 0 0 0 2 0 4 1 0 0 5 0 6 0 2 1 0 0 3 0 0 0 3 0 1 0 5 0 1 0 3 0 3 0 6 0 5 0 3 0 1 0 2 0 4 0 3 0 6 0 4 0 0 0 2 0 2 0 4 1 0 0 4 0 0 0 0 0 4 0 0 0 5 0 2 0 0 0 6 0 2 0 3 0 4 0 6 0 6 0 4 0 5 0 3 0 0 0 5 0 0 0 4 0 5 0 6 0 0 0 4 0 4 0 6 0 2 0 5 0 6 0 1 0 3 1 0 0 6 0 2 0 2 0 0 0 2 0 4 0 2 0 0 1 0 0 2 1 0 0 1 1 0 0 4 0 2 0 2 0 3 0 2 0 0 0 5 0 4 1 0 0 4 0 5 0 1 0 1 0 1 0 4 0 0 0 5 1 0 0 0 0 0 0 6 0 0 0 5 0 3 0 1 0 6 0 1 0 5 0 3 0 3 0 5 0 1 0 4 0 6 0 2 0 5 1 0 0 6 0 1 0 1 0 4 0 0 1 0 0 5 0 1 0 4 0 0 0 5 0 3 0 4 1 0 0 6 0 5 0 5 0 5 0 4 0 2 0 0 0 4 0 5 0 1 0 4 0 6 0 1 1 0 0 5 0 1 0 5 0 0 0 1 0 5 0 3 0 3 0 3 1 0 0 4 0 4 0 4 0 4 0 2 0 5 0 4 0 1 0 3 0 1 0 6 0 0 0 1 0 1 0 0 0 5 0 4 0 4 0 5 0 6 0 0 0 5 0 1 0 4 0 5 0 6 0 0 0 2 0 2 0 3 0 4 0 5 0 0 0 0 0 3 0 3 1 0 0 4 0 4 0 4 0 2 0 3 0 4 0 5 0 0 0 6 0 4 0 6 0 4 1 0 0 6 0 4 0 5 0 4 0 3 0 3 1 0 0 1 1 0 0 1 0 0 0 3 0 2 0 0 0 6 0 0 1 0 0 1 0 6 0 2 0 0 0 6 0 2 0 3 0 0 0 3 0 3 0 5 0 1 0 2 1 0 0 6 0 2 0 4 1 0 0 2 0 4 0 0 0 1 0 3 0 5 0 2 1 0 0 0 0 0 0 4 0 5 1 0 0 3 0 0 0 0 0 2 0 3 0 6 0 2 0 4 0 1 0 2 0 2 0 5 0 0 0 5 0 0 0 5 0 0 0 5 1 0 0 4 0 2 0 2 1 0 0 2
1 643 5 1 0 1 0 0 6 0 3 0 4 0 2 1 0 0 1 0 1 0 2 0 3 0 3 0 2 0 1 0 4 0 6 0 4 0 2 0 2 0 5 1 0 0 0 0 5 0 1 0 3 0 1 0 4 0 4 0 3 0 6 0 4 0 6 0 1 1 0 0 6 0 3 0 2 0 0 1 0 1 0 0 3 0 5 0 5 0 5 0 3 0 0 0 2 0 4 0 0 0 5 0 2 0 0 0 3 0 5 0 6 0 6 0 5 0 0 0 6 0 3 0 2 0 3 1 0 0 0 0 6 0 3 1 0 0 3 0 5 0 1 0 0 0 6 0 1 0 1 0 4 0 5 0 2 0 0 0 0 0 1 0 1 0 0 0 2 0 2 0 5 0 1 0 4 0 5 1 0 0 2 0 6 0 6 0 2 0 3 1 0 0 2 0 2 0 2 0 1 0 4 0 5 0 2 0 1 0 2 0 5 0 6 0 3 0 5 0 4 0 0 0 0 0 4 0 5 0 4 0 0 0 5 0 0 0 5 0 1 0 6 0 4 0 6 0 2 1 0 0 0 0 5 0 4 0 6 0 4 0 1 0 3 0 3 0 0 0 1 0 3 0 3 0 2 0 3 0 0 0 2 0 3 1 0 0 0 0 1 0 4 0 2 0 2 1 0 0 4 0 4 0 4 0 3 0 0 0 0 0 3 0 4 0 1 0 5 0 6 0 4 0 0 0 4 0 3 0 3 0 0 0 2 1 0 0 2 0 4 0 0 0 2 0 3 0 0 0 3 0 0 0 5 0 4 0 4 0 4 0 1 0 5 0 1 0 1 0 3 0 4 0 1 0 5 0 4 1 0 0 2 0 4 0 2 0 1 0 3 0 3 0 0 0 0 0 1 0 0 0 1 0 2 0 2 0 1 0 6 0 3 0 1 0 3 0 6 0 3 0 4 0 1 0 2 0 2 0 1 0 3 0 2 0 2 0 4 0 5 0 2 0 2 0 4 0 1 0 4 0 5 0 1 0 4 0 4 1 0 0 2 0 3 0 1 0 0 1 0 0 1 0 0 0 1 0 2 0 1 0 5 1 0 0 2 0 3 0 2 0 5 0 2 0 6 0 3 0 0 0 5 0 2 0 4 0 2 0 0 0 0 1 0 0 3 0 6 0 1 0 0 0 6 0 4 0 1 0 4 0 2 0 6 0 2 0 4 0 5 0 1 0 4 0 5 0 6 0 0 1 0 0 0 0 3 0 3 0 5 1 0 0 4 0 6 0 1 1 0 0 5 0 0 0 1 0 2 1 0 0 3 0 6 0 5 1 0 0 1 0 1 0 4 1 0 0 6 0 0 0 0 0 4 1 0 0 5 0 6 0 0 0 3 0 4 0 5 0 2 0 2 0 2 0 2 0 2 0 2 0 4 0 0 0 0 0 5 0 5 0 6 0 3
0 645 1 0 4 0 0 1 0 0 5 0 0 0 1 0 6 0 6 0 1 0 2 0 4 0 6 0 6 0 4 0 3 0 1 0 6 0 1 0 5 0 5 0 3 1 0 0 1 0 2 0 3 0 6 0 3 0 1 0 2 0 0 0 6 0 2 0 5 0 4 1 0 0 4 1 0 0 5 0 1 1 0 0 6 0 6 0 3 0 4 0 3 1 0 0 1 0 5 0 0 0 2 0 2 0 5 0 0 1 0 0 4 0 6 0 6 0 3 0 2 0 4 1 0 0 5 1 0 1 0 0 1 0 5 0 0 1 0 1 0 0 3 0 3 0 1 0 4 0 3 0 3 0 1 0 3 0 5 0 0 0 0 0 2 0 2 0 0 0 4 0 5 0 2 0 4 0 1 0 4 1 0 0 5 0 5 0 5 0 5 1 0 1 0 0 4 0 4 0 4 0 3 0 1 0 3 0 5 0 2 0 5 0 3 0 6 0 0 0 4 0 1 0 1 0 1 0 1 0 4 0 1 0 2 0 2 0 2 0 2 0 4 0 5 0 2 0 5 0 6 0 6 0 0 0 3 0 2 0 6 0 1 0 3 0 6 0 6 0 0 0 2 0 6 0 6 0 4 0 6 0 0 0 4 1 0 1 0 0 0 0 3 0 0 0 5 0 5 1 0 0 1 0 2 0 1 1 0 0 1 0 0 1 0 0 1 0 4 0 3 0 6 0 1 0 2 0 0 1 0 1 0 0 1 0 5 0 6 0 4 0 0 0 1 0 4 0 6 0 0 0 6 0 1 0 3 0 2 0 2 0 1 0 4 0 2 0 3 0 2 1 0 0 1 0 4 0 3 0 2 1 0 0 5 0 0 0 5 0 2 0 6 0 6 0 0 0 0 0 2 0 0 0 2 0 4 0 4 0 3 0 4 1 0 0 3 1 0 0 6 0 0 0 1 0 3 0 4 0 4 0 2 0 6 0 4 0 5 0 1 0 3 0 5 0 5 0 0 0 4 0 1 0 3 0 4 0 1 0 2 1 0 0 4 0 6 0 2 0 1 0 6 0 1 0 0 0 2 0 4 0 3 0 3 1 0 0 4 0 6 0 5 0 2 0 6 0 4 1 0 0 2 0 2 0 6 0 0 0 5 0 0 0 1 0 6 0 6 0 4 0 3 0 1 0 5 0 1 0 4 0 0 0 6 0 4 0 6 0 1 0 3 0 4 0 1 0 4 0 5 0 2 0 5 1 0 1 0 0 0 0 5 0 0 0 1 0 5 0 4 1 0 0 2 0 1 0 2 0 5 0 6 0 6 0 5 0 4 1 0 0 2 0 3 0 2 0 0 0 4 0 1 0 1 0 2 0 0 0 3 0 5 0 1 1 0 0 2 0 3 0 5 0 4 0 4 0 4 0 4 0 5 0 0 0 1 0 1 0 3 0 4 0 6 0 0
0 645 3 0 0 0 2 1 0 0 2 0 1 0 3 0 5 0 5 0 3 0 5 0 1 0 6 0 6 0 1 1 0 0 4 0 4 0 4 0 3 0 4 0 0 1 0 0 2 0 4 1 0 0 5 1 0 0 3 0 4 0 1 0 4 0 6 0 3 0 3 0 0 0 2 0 0 0 2 0 4 1 0 0 5 0 6 0 0 0 2 0 0 1 0 0 3 0 2 0 1 0 4 0 5 0 2 0 2 1 0 0 1 0 6 0 5 1 0 0 6 0 2 0 0 0 4 0 0 0 6 0 2 0 2 0 2 1 0 0 6 0 5 0 6 0 3 0 0 1 0 1 0 0 3 1 0 0 3 0 1 0 0 0 4 0 4 0 1 0 1 0 3 0 6 0 0 0 4 0 2 0 0 0 3 0 4 0 4 0 5 0 0 1 0 0 1 0 2 0 1 1 0 0 3 1 0 0 3 0 6 0 3 0 0 0 5 0 2 0 0 0 3 0 2 0 2 0 3 0 0 0 3 0 4 0 4 0 4 0 5 0 1 0 3 0 6 0 3 0 6 0 5 0 1 0 6 0 5 0 4 0 3 1 0 0 6 0 5 0 1 0 5 0 5 0 6 0 2 0 5 0 2 0 2 0 0 0 5 1 0 0 6 0 1 0 3 0 4 1 0 0 2 0 4 0 3 0 6 0 1 0 1 0 6 0 2 0 1 0 0 0 5 0 3 0 4 0 1 1 0 0 6 0 2 0 3 0 6 0 1 0 1 0 3 0 1 0 5 0 2 0 4 0 3 0 6 0 4 0 4 0 3 0 0 0 5 0 6 0 5 0 6 0 2 0 0 1 0 1 0 0 0 0 2 0 2 0 2 0 6 0 5 0 5 0 1 0 0 0 4 0 0 0 5 0 1 0 2 0 0 0 3 0 0 0 0 0 0 0 4 0 1 0 2 1 0 0 2 0 1 0 6 0 5 0 2 0 3 0 3 1 0 0 4 0 3 0 2 0 0 0 3 1 0 0 1 0 3 0 5 1 0 0 1 0 5 0 5 0 3 0 4 0 3 0 0 0 5 0 1 0 0 0 1 0 0 0 1 0 6 0 3 0 6 0 5 0 2 1 0 0 4 0 5 0 4 0 2 0 2 0 1 0 3 0 5 0 6 0 1 1 0 0 4 0 2 0 4 0 0 0 2 0 5 0 2 0 5 0 3 1 0 0 1 0 4 0 1 0 3 0 6 0 4 0 0 0 6 0 0 0 2 0 1 0 3 0 3 0 2 1 0 0 4 0 2 0 5 0 3 0 6 0 6 0 4 0 2 1 0 0 4 0 6 0 4 0 1 0 0 0 3 0 2 0 4 0 0 1 0 0 3 0 4 0 6 0 3 1 0 0 4 0 2 0 2 0 2 0 2 0 3 0 1 0 2 0 2 1 0 0 2 0 5 0 1
0 645 6 0 0 0 5 0 6 0 3 0 2 1 0 0 4 0 4 0 0 0 3 0 4 0 5 0 5 0 4 1 0 0 1 0 2 0 2 0 0 0 1 0 2 0 6 0 4 0 2 0 0 0 3 1 0 1 0 0 1 0 4 0 1 0 5 1 0 1 0 0 1 0 4 0 0 0 5 0 2 0 0 0 3 0 5 0 1 0 4 0 1 0 6 0 5 0 4 0 3 0 1 0 3 0 5 0 5 0 6 0 2 0 5 0 5 0 0 0 4 0 5 0 1 0 0 0 2 0 4 0 5 0 4 0 5 1 0 0 5 0 4 0 5 1 0 0 2 1 0 0 6 0 6 0 6 0 5 0 2 0 1 0 1 0 1 0 3 0 2 1 0 0 5 0 2 0 0 0 5 0 0 1 0 0 2 0 2 0 3 0 2 0 6 0 1 0 4 0 3 0 6 0 6 0 6 0 6 0 4 1 0 0 2 0 2 0 5 0 0 0 6 0 4 0 4 0 6 0 0 1 0 0 2 0 2 0 2 0 3 0 3 1 0 0 6 0 0 0 6 0 3 0 4 0 5 0 4 0 2 0 1 0 0 0 5 0 3 0 4 0 3 0 4 0 5 0 6 0 2 0 5 0 4 0 1 0 4 0 0 0 4 0 3 1 0 0 2 1 0 0 5 0 1 0 0 0 5 0 3 0 3 0 4 0 5 0 2 0 1 0 3 0 0 0 1 0 4 1 0 0 4 0 5 1 0 0 5 0 3 0 2 0 6 0 3 0 2 0 6 0 1 0 0 0 6 0 2 0 1 1 0 0 2 0 3 0 6 0 4 0 5 0 5 0 1 1 0 0 5 1 0 0 4 0 4 0 5 0 5 0 4 0 3 0 3 0 1 0 0 0 2 0 2 0 3 0 4 0 0 0 6 0 0 0 0 0 1 0 0 0 3 0 5 0 6 0 3 0 3 0 5 0 3 0 5 1 0 0 1 0 0 0 0 1 0 0 5 0 0 1 0 1 0 0 2 1 0 0 4 1 0 0 3 0 3 0 4 0 0 0 1 1 0 0 2 0 2 0 3 0 0 0 2 0 0 0 3 0 5 0 0 0 6 0 3 1 0 0 0 0 1 0 4 0 1 0 5 0 4 0 2 1 0 0 4 0 5 0 4 1 0 0 0 0 6 0 0 0 1 0 5 0 2 0 6 0 3 0 0 1 0 0 3 0 0 0 3 1 0 0 6 0 1 0 2 0 4 0 1 0 4 0 2 0 6 0 6 0 5 1 0 0 0 0 6 0 3 0 0 0 6 0 6 0 1 1 0 0 0 0 1 0 6 0 1 0 3 0 0 0 6 0 5 0 0 0 2 0 6 0 6 0 1 0 6 0 1 0 0 0 0 0 5 0 4 0 4 0 4 0 6 0 2 0 4 0 5 0 6 0 4 0 2 0 3
1 647 1 0 4 0 2 0 3 0 5 1 0 1 0 0 0 0 1 0 1 0 1 1 0 0 2 0 4 0 4 0 2 1 0 0 2 0 4 0 4 0 0 0 2 0 5 0 5 0 1 0 5 0 1 0 0 0 0 0 6 0 2 0 0 0 4 0 4 0 0 0 6 0 2 0 0 0 2 0 2 0 5 0 0 1 0 0 3 0 4 0 0 0 4 0 5 0 4 0 1 1 0 0 3 1 0 0 4 0 4 0 5 0 6 0 3 0 3 0 2 0 1 0 3 0 3 0 0 0 5 0 1 0 4 0 2 0 5 0 0 0 3 0 2 0 4 1 0 0 5 1 0 0 5 0 6 0 6 0 3 0 5 0 2 0 2 0 2 0 6 0 5 1 0 0 2 0 5 0 1 0 2 0 2 0 6 0 3 0 4 0 6 0 5 0 4 0 4 0 1 0 0 0 6 0 6 0 6 0 6 0 2 1 0 0 4 0 5 0 2 0 2 0 5 0 2 0 2 0 5 0 2 0 6 0 3 0 4 0 4 1 0 0 1 0 0 0 4 0 2 0 5 0 0 0 2 0 4 0 1 0 5 0 2 0 1 0 3 0 0 0 2 0 0 0 2 0 4 0 5 0 6 0 3 0 1 0 4 0 0 0 2 0 1 0 0 1 0 0 5 1 0 0 2 0 3 0 1 0 3 0 0 0 0 0 2 0 3 0 5 0 2 0 6 0 0 0 3 0 2 0 0 0 1 0 5 0 0 0 2 1 0 0 6 0 4 1 0 0 6 0 4 0 3 0 1 0 4 0 5 0 3 0 6 0 3 1 0 0 6 0 2 0 4 0 3 0 4 1 0 0 4 0 0 0 1 0 2 0 4 0 4 0 1 1 0 1 0 0 3 0 0 0 4 0 4 1 0 0 1 0 2 0 4 0 1 0 0 0 2 0 0 1 0 0 4 0 6 0 0 0 0 0 4 0 0 0 4 1 0 0 2 0 0 0 1 1 0 0 2 0 2 1 0 0 6 0 4 1 0 0 1 1 0 1 0 0 0 0 1 0 1 0 3 0 6 0 3 0 4 0 6 0 0 0 4 0 0 1 0 0 3 0 2 0 5 0 0 1 0 0 0 0 3 0 0 0 4 0 3 0 1 1 0 0 0 0 1 0 4 0 2 1 0 0 1 0 4 0 1 0 3 0 2 0 6 0 4 1 0 0 2 0 6 0 5 0 1 0 0 0 0 0 4 0 3 0 5 0 0 0 4 0 0 0 6 0 5 0 6 0 4 1 0 0 1 0 4 1 0 0 2 0 5 0 5 0 4 0 5 1 0 0 3 0 4 0 3 0 6 0 1 0 5 0 3 0 1 0 5 0 5 0 5 0 4 0 4 0 3 0 0 0 1 0 3 0 2 0 2 0 2 0 5 0 6 0 1 0 4 0 6 0 1 0 5 1 0
1 647 3 0 0 0 5 1 0 0 5 0 0 0 5 1 0 0 2 0 2 0 3 0 6 0 4 0 1 0 1 0 6 0 6 0 4 0 1 0 1 0 1 0 5 0 3 0 3 0 4 0 2 0 3 0 0 0 1 0 4 0 5 0 1 0 1 0 1 0 2 0 4 0 5 0 0 0 4 0 5 0 2 0 2 0 6 0 6 0 0 0 2 0 1 0 4 0 1 0 4 1 0 0 0 0 0 0 1 0 2 0 4 0 5 1 0 1 0 0 5 0 2 0 6 0 6 0 1 0 2 0 4 0 0 0 6 0 2 0 1 0 6 0 5 0 2 0 0 0 4 0 0 0 3 0 6 0 6 0 0 0 3 0 5 0 4 0 5 0 5 0 4 1 0 0 5 0 2 0 3 0 4 0 5 0 5 0 0 0 2 0 6 0 4 0 2 0 1 0 3 0 1 0 5 0 6 0 6 0 5 1 0 0 0 0 1 0 3 0 5 0 5 0 2 0 5 0 5 0 2 0 6 0 5 0 0 0 2 0 2 1 0 0 2 0 1 0 0 0 6 0 2 0 1 0 5 0 0 0 4 0 2 0 5 0 2 0 6 0 0 0 4 0 0 0 5 0 1 0 4 0 5 1 0 0 4 0 0 0 1 0 4 0 2 0 1 1 0 0 3 1 0 0 4 0 6 0 2 0 6 0 0 0 0 0 4 1 0 0 3 0 6 0 4 0 1 0 6 0 4 0 0 0 3 0 2 0 1 0 5 1 0 0 5 0 3 0 0 0 5 0 1 1 0 0 4 0 1 0 4 0 0 0 6 0 1 0 0 0 4 0 6 0 1 0 0 0 3 0 0 0 0 0 1 0 2 0 5 0 1 0 1 0 4 1 0 0 6 0 5 0 1 0 1 0 2 1 0 0 2 0 5 0 0 0 3 0 0 0 4 0 1 1 0 0 1 0 5 0 1 0 1 0 0 0 2 0 1 1 0 0 4 0 0 0 3 0 6 0 3 0 5 1 0 0 5 0 2 1 0 0 3 1 0 0 5 1 0 0 2 0 2 1 0 0 6 0 0 0 2 0 5 0 2 0 0 0 2 0 6 0 5 0 5 0 2 0 2 0 5 1 0 0 6 0 1 0 0 1 0 0 4 0 5 1 0 0 3 0 0 0 6 0 6 0 2 0 0 0 3 0 6 0 5 0 5 0 2 1 0 0 5 0 5 0 3 0 3 0 0 0 1 0 1 0 0 0 3 0 2 0 0 0 2 0 5 0 4 0 6 0 2 1 0 0 3 0 1 1 0 0 5 0 3 0 4 0 2 0 4 1 0 1 0 0 2 0 0 0 5 0 4 0 2 1 0 0 4 0 3 0 4 0 4 0 2 0 1 1 0 0 1 0 2 0 6 0 4 0 4 0 5 0 3 0 5 0 4 0 1 0 5 0 4 0 3 1 0
1 647 6 0 1 0 4 0 0 0 2 0 2 0 3 1 0 0 4 0 4 1 0 0 6 0 1 0 3 0 3 0 5 0 6 0 1 0 3 0 2 0 3 0 3 0 0 0 0 0 1 0 5 0 6 0 0 0 3 0 1 0 3 0 3 0 2 0 2 0 5 0 1 0 3 0 2 0 1 0 3 0 5 0 5 0 5 0 5 0 1 0 4 0 3 0 0 0 4 0 1 1 0 0 0 0 0 0 2 0 5 0 1 0 5 0 0 1 0 0 2 0 6 0 5 0 5 0 3 0 5 0 0 0 2 0 4 0 5 0 3 0 5 0 3 0 5 0 1 0 0 0 1 1 0 0 6 0 5 0 1 1 0 0 4 0 2 0 4 0 4 0 3 0 0 0 2 0 5 1 0 0 2 0 4 0 3 0 1 0 5 0 5 0 1 0 5 0 2 0 6 0 3 0 3 0 6 0 6 0 4 1 0 0 0 0 2 1 0 0 4 0 3 0 6 0 3 0 3 0 6 0 5 0 3 0 1 0 4 0 5 0 6 0 3 0 2 0 1 0 4 0 5 0 3 0 2 0 2 0 0 0 6 0 2 0 6 0 4 0 2 0 0 0 2 0 2 0 4 0 1 0 5 0 0 0 0 0 1 0 3 0 0 0 5 0 3 1 0 0 0 0 0 0 1 0 5 0 6 0 4 0 1 0 1 0 1 1 0 1 0 0 6 0 1 0 4 0 5 0 1 0 1 0 6 0 4 0 3 0 4 0 0 0 2 1 0 0 2 0 2 0 4 1 0 0 0 0 4 0 0 0 2 0 4 0 3 0 1 0 1 0 5 0 3 0 0 0 6 0 0 0 0 0 2 0 5 0 2 0 3 0 3 0 2 0 0 0 5 0 3 0 3 0 2 0 5 0 6 0 4 0 2 0 1 0 6 0 1 0 0 0 4 0 6 0 2 0 2 0 3 0 2 0 0 0 4 0 3 1 0 0 0 0 1 1 0 0 6 0 0 0 5 0 0 0 2 1 0 0 0 0 0 0 0 0 3 1 0 0 4 0 5 1 0 0 4 0 1 0 5 0 2 0 5 0 0 0 5 0 5 0 4 0 3 0 5 0 5 0 4 0 0 0 4 0 3 0 1 1 0 0 1 0 4 1 0 0 6 0 1 0 5 0 5 0 5 0 0 1 0 0 6 0 4 0 3 1 0 0 0 0 3 0 3 1 0 1 0 0 1 0 2 0 2 0 0 0 6 0 4 0 0 0 5 0 3 0 2 0 5 0 6 0 6 0 5 0 3 1 0 0 3 0 0 0 1 0 6 0 2 0 0 0 6 0 3 0 1 0 3 0 1 1 0 0 0 0 1 0 0 0 2 0 1 0 5 0 3 0 6 0 1 0 5 0 5 0 2 0 2 0 4 0 0 0 4 0 1 0 4 0 3 0 2 0 0 1 0
1 649 1 0 4 0 4 0 0 0 1 0 4 0 5 0 0 0 0 0 1 0 3 0 0 0 4 0 3 1 0 0 0 0 4 0 5 0 3 0 6 0 4 0 6 0 6 0 0 0 0 0 3 0 3 0 5 0 1 0 6 0 2 0 6 0 6 0 4 0 5 0 2 0 3 0 6 0 4 0 2 1 0 0 4 0 4 0 4 0 3 0 4 0 0 1 0 0 2 0 0 0 4 0 5 1 0 0 0 0 5 0 2 0 4 0 2 0 2 0 6 0 4 0 5 0 4 0 4 0 0 0 3 0 1 0 5 0 1 0 4 0 0 0 4 0 0 0 3 0 3 0 0 0 3 1 0 0 5 0 3 0 4 1 0 0 0 0 6 0 1 0 1 1 0 0 1 0 5 0 3 1 0 0 5 0 0 1 0 0 4 0 3 0 3 0 4 0 2 0 6 0 5 0 0 0 0 0 6 0 6 0 2 1 0 0 0 0 5 1 0 0 1 0 0 0 6 0 0 0 0 0 6 0 3 1 0 0 4 0 1 0 4 0 5 1 0 0 5 0 3 0 1 0 3 1 0 0 5 0 4 0 1 0 4 0 6 0 5 0 1 0 5 0 0 0 4 0 5 0 0 0 4 0 2 0 1 0 0 0 2 0 6 0 1 0 3 0 0 1 0 0 0 0 0 0 3 0 3 0 6 0 1 0 3 0 2 0 3 1 0 1 0 0 4 0 4 0 1 0 3 0 3 0 3 0 5 0 2 0 0 0 1 0 1 0 5 0 6 0 3 0 5 0 1 1 0 0 1 0 0 0 1 0 5 0 0 1 0 0 3 0 3 0 2 1 0 0 2 0 4 0 1 0 0 0 5 0 2 0 5 0 6 0 6 0 4 0 1 0 2 1 0 1 0 0 6 0 3 0 6 0 1 0 5 0 3 0 4 0 3 0 1 0 1 0 5 0 5 0 4 0 6 0 4 0 1 0 1 0 0 1 0 0 0 0 3 1 0 0 4 0 2 0 2 0 1 0 5 0 5 1 0 0 0 0 1 0 0 0 0 0 1 0 5 0 0 0 0 0 4 0 2 0 6 0 2 0 2 0 3 0 4 0 2 0 0 0 4 0 4 0 1 0 2 0 0 1 0 0 4 0 6 0 2 0 2 0 0 0 4 0 4 0 3 0 4 0 3 0 2 1 0 0 5 0 2 0 0 1 0 0 0 1 0 0 1 0 0 0 6 0 1 0 4 0 4 0 1 0 5 0 1 0 2 0 2 1 0 0 6 0 3 0 6 0 6 0 4 0 0 1 0 0 6 0 0 0 3 0 4 0 5 0 1 0 4 1 0 0 3 0 6 0 3 0 5 1 0 0 2 0 0 0 4 0 3 0 3 0 0 0 5 0 4 0 3 0 3 0 5 0 5 0 0 0 2 0 0 0 4 0 0 1 0 0 5 0 1 0 5
1 649 3 0 1 0 1 0 1 0 3 0 1 0 3 0 1 0 0 0 2 0 6 0 1 0 1 0 0 1 0 0 1 0 1 0 4 0 0 0 6 0 2 0 6 0 5 0 1 0 0 1 0 0 0 0 3 0 4 0 4 0 6 0 5 0 6 0 2 0 3 0 5 1 0 0 6 0 1 1 0 0 0 0 1 0 2 0 2 0 0 0 1 0 2 0 6 0 3 0 1 0 1 0 4 1 0 0 1 0 2 0 6 0 0 0 5 0 5 0 5 0 2 0 4 0 2 0 1 0 1 0 6 0 3 0 2 0 4 0 0 0 2 0 0 0 1 0 6 0 6 0 1 0 0 0 0 0 3 0 0 0 2 1 0 0 1 0 4 0 3 0 3 0 6 0 2 0 3 0 1 0 0 0 2 0 2 1 0 0 1 0 0 0 0 0 1 0 6 0 5 0 3 0 1 0 1 0 5 0 5 0 6 0 6 0 0 0 3 1 0 0 2 0 1 0 4 0 1 0 1 0 5 0 1 0 0 0 0 0 4 0 1 0 5 0 0 0 2 1 0 0 4 0 0 0 0 0 3 0 1 0 4 0 1 0 6 0 3 0 4 0 2 0 2 0 1 0 3 0 2 0 0 0 5 0 2 0 0 0 5 0 4 0 3 0 6 0 1 0 5 1 0 0 0 1 0 0 0 0 5 0 3 0 6 0 5 0 0 0 0 1 0 0 1 0 1 0 3 1 0 0 0 0 0 0 3 0 5 0 0 0 2 0 3 0 3 0 6 0 0 0 3 0 4 0 6 0 1 0 0 0 3 0 2 0 2 0 6 0 5 0 6 0 5 0 6 0 4 0 0 0 3 0 1 0 2 0 6 0 3 0 6 0 6 0 1 0 3 0 5 1 0 1 0 0 5 0 0 0 5 0 4 0 3 0 0 0 1 1 0 0 3 0 3 0 3 0 4 0 2 0 6 0 1 0 3 0 2 0 1 0 6 0 0 0 0 0 0 0 0 0 5 0 4 0 3 0 3 0 4 1 0 0 0 0 2 0 0 0 0 0 3 0 2 0 1 0 1 0 0 0 6 0 4 0 5 0 4 1 0 0 1 0 5 0 1 0 1 0 1 0 3 0 4 0 1 1 0 0 1 0 5 0 5 0 4 0 1 0 1 0 2 0 0 0 1 1 0 1 0 0 0 0 2 0 5 0 1 0 6 0 0 0 6 0 1 0 1 0 4 0 4 0 1 0 1 0 4 0 2 0 3 0 4 0 5 1 0 0 5 0 0 0 6 0 6 0 1 0 2 1 0 0 4 0 1 1 0 0 2 0 3 0 4 0 1 1 0 1 0 0 6 0 0 0 4 1 0 0 4 0 1 0 0 1 0 1 0 0 2 0 3 0 2 0 0 0 0 0 4 0 3 0 1 0 4 0 1 0 0 0 2 1 0 0 2 0 4 0 3
0 649 6 0 2 0 2 0 2 0 6 0 2 0 6 0 2 0 0 0 5 0 4 0 3 0 2 0 1 0 6 0 1 0 3 0 0 0 2 0 4 0 6 0 5 0 3 0 3 0 1 0 5 1 0 1 0 0 2 0 2 0 6 0 4 0 5 0 5 1 0 0 5 0 0 0 4 0 4 0 5 1 0 0 2 0 4 0 4 0 0 0 2 0 5 0 4 1 0 0 3 0 3 0 1 1 0 0 2 0 5 0 4 0 2 0 3 0 4 0 3 0 6 0 0 0 5 0 2 0 3 0 4 1 0 0 6 0 0 0 1 0 4 0 0 0 3 0 5 0 5 0 3 0 0 0 0 0 6 0 0 0 5 0 6 0 2 0 1 0 0 0 0 0 5 0 5 0 6 0 2 0 0 0 4 0 5 0 6 0 1 0 0 0 0 0 3 0 5 0 3 1 0 0 3 0 3 0 3 0 4 0 6 0 5 0 1 1 0 1 0 0 4 0 3 0 0 0 3 0 3 0 2 0 3 0 0 0 1 0 0 0 4 0 2 0 1 0 5 1 0 0 0 0 1 0 0 0 6 0 3 0 0 0 4 0 5 0 0 0 1 0 5 0 4 0 2 0 6 0 4 0 1 0 2 0 5 0 1 0 3 0 2 0 0 0 5 0 4 0 3 1 0 0 1 0 6 0 0 0 3 0 0 0 6 0 3 0 1 0 1 0 6 0 1 0 2 1 0 1 0 0 0 0 0 1 0 0 3 0 1 0 4 1 0 0 0 0 5 0 1 1 0 0 2 0 5 0 3 0 0 0 6 0 4 0 5 0 5 0 4 0 6 0 4 0 6 0 1 0 1 0 6 0 2 0 5 0 5 0 0 0 6 0 5 0 3 1 0 0 5 0 0 1 0 0 2 0 2 0 3 0 1 1 0 0 1 0 3 0 6 0 5 1 0 0 0 0 1 0 6 0 4 0 3 0 6 0 4 0 3 0 4 0 1 0 0 0 0 0 1 0 3 0 2 0 0 0 0 0 2 1 0 0 0 0 4 0 0 0 0 0 6 0 4 0 2 0 2 0 1 0 5 0 2 0 4 0 2 1 0 0 3 0 2 0 3 0 2 0 2 1 0 0 1 0 4 0 6 0 2 0 3 0 4 0 1 0 3 0 2 0 4 0 0 0 3 1 0 0 5 1 0 0 5 0 2 0 4 0 4 0 2 0 4 0 3 0 3 0 1 0 1 0 3 0 3 0 0 0 5 1 0 0 2 0 5 0 0 0 2 0 2 0 5 0 5 0 3 0 5 1 0 0 0 0 4 0 6 0 3 1 0 0 1 0 4 1 0 1 0 0 4 0 2 0 2 0 0 0 0 0 3 0 1 1 0 0 6 0 3 0 6 0 4 0 0 0 1 0 0 1 0 0 4 0 0 0 3 0 0 0 5 0 6 0 4 0 1 0 0
0 651 1 0 4 0 5 0 4 0 5 0 4 0 6 0 4 0 5 0 1 0 3 0 1 1 0 0 5 0 3 0 4 0 3 0 6 0 0 0 5 0 1 0 6 0 3 1 0 1 0 0 4 0 4 0 0 0 6 0 3 0 5 0 5 0 2 0 4 0 5 0 0 0 2 0 2 0 1 0 2 0 4 1 0 0 5 0 1 0 1 0 1 0 5 0 3 0 2 1 0 0 6 0 6 0 3 0 6 0 4 0 3 0 1 0 5 1 0 0 2 0 0 0 5 0 2 0 2 0 5 1 0 0 3 0 0 0 4 0 1 0 3 0 0 0 1 1 0 0 4 0 3 1 0 0 1 0 1 0 4 0 2 0 3 0 5 0 5 0 2 0 0 0 1 0 3 0 4 0 5 0 5 0 1 0 1 0 4 0 5 0 3 0 0 0 0 1 0 0 4 0 0 1 0 1 0 0 0 0 0 0 2 0 6 0 3 0 4 1 0 1 0 0 0 1 0 0 1 0 6 0 6 0 4 0 6 0 0 0 2 0 1 0 0 0 5 0 3 0 3 1 0 0 0 0 2 0 1 0 4 1 0 0 2 0 1 0 3 0 1 0 3 0 3 0 1 0 6 0 5 0 1 0 3 0 5 0 2 0 3 0 6 0 4 0 1 0 3 0 2 0 0 1 0 0 3 0 4 0 1 0 6 0 1 0 4 1 0 0 3 0 3 0 4 0 3 0 5 1 0 0 5 1 0 0 1 0 6 0 5 0 3 0 1 1 0 0 1 0 2 0 4 0 6 0 4 0 2 1 0 0 2 0 5 0 2 0 4 0 4 0 2 0 6 0 2 0 5 0 3 0 3 0 4 0 6 0 3 0 3 0 2 0 5 0 4 0 1 0 0 0 2 0 2 0 6 0 3 0 4 0 6 0 3 0 6 0 1 1 0 0 6 0 4 1 0 0 0 0 3 0 5 0 2 0 0 0 6 0 2 0 0 0 1 0 3 0 0 0 0 0 2 0 6 0 4 0 0 0 0 0 5 0 6 0 0 0 0 0 1 0 1 0 5 0 1 0 5 0 4 0 3 0 2 0 6 0 0 0 6 0 6 0 5 0 4 0 6 0 4 0 5 0 6 0 2 0 1 0 5 0 5 1 0 0 1 0 3 0 6 0 5 0 0 0 2 0 0 0 0 0 4 0 0 0 2 0 6 0 1 0 1 0 6 0 0 1 0 1 0 0 3 0 2 0 6 0 6 0 1 0 3 1 0 0 5 0 2 0 1 0 4 0 5 0 3 0 4 0 0 0 4 1 0 0 1 0 1 0 6 0 0 1 0 0 3 0 2 0 0 1 0 0 0 0 5 0 4 0 0 0 0 0 6 0 3 1 0 0 5 0 0 0 6 0 1 0 1 0 2 0 1 1 0 0 0 0 1 0 6 0 1 0 3 0 6 0 1 0 3 0 0
0 651 3 0 1 0 4 0 2 0 4 0 2 0 6 0 2 0 3 0 3 0 6 0 3 1 0 0 3 0 0 0 2 0 0 0 5 0 2 0 2 0 4 0 5 0 1 0 0 1 0 0 1 0 1 0 2 0 5 0 0 0 4 0 3 0 6 0 1 0 3 0 1 0 4 0 4 0 2 0 5 0 2 0 0 0 2 0 3 0 2 0 3 0 2 1 0 1 0 0 0 0 5 0 6 0 0 0 6 0 1 1 0 0 4 0 3 1 0 0 4 0 1 0 2 0 5 0 5 0 3 1 0 0 6 0 1 0 0 0 3 0 6 0 0 0 3 1 0 0 1 0 0 1 0 0 2 0 3 0 0 0 5 1 0 0 4 0 3 0 5 0 0 0 2 1 0 0 2 0 4 0 3 0 3 0 3 0 1 0 3 1 0 0 1 0 1 1 0 0 0 0 2 1 0 0 5 1 0 0 0 0 5 0 5 0 0 0 3 0 0 0 6 0 0 0 6 0 2 0 5 0 6 0 2 0 5 0 1 0 4 0 2 0 1 0 3 0 0 0 0 1 0 0 0 0 4 0 3 0 1 1 0 0 4 0 2 0 6 0 2 0 6 0 6 0 3 0 5 0 3 0 3 1 0 0 3 0 5 1 0 0 6 0 1 0 3 0 6 0 4 0 1 0 6 0 6 0 0 0 4 0 4 0 4 0 1 1 0 1 0 0 0 0 2 0 0 0 5 0 0 0 3 1 0 0 3 0 5 0 3 1 0 0 4 0 6 0 1 0 5 0 1 0 6 0 1 0 6 0 6 0 4 0 2 0 6 0 1 0 1 0 6 0 4 0 6 0 3 0 0 0 0 0 2 0 5 1 0 1 0 0 6 0 3 0 1 0 3 0 0 0 4 0 5 0 5 0 0 0 2 0 6 0 0 0 5 0 4 1 0 0 5 0 2 1 0 0 0 1 0 0 3 0 5 0 1 0 4 0 5 0 0 0 2 0 6 0 0 0 0 0 5 0 5 0 1 0 1 0 1 0 3 0 5 0 1 0 0 0 2 0 3 0 2 0 4 0 3 0 1 1 0 0 6 0 4 0 2 0 5 0 6 0 4 0 2 0 6 0 2 0 4 0 5 0 5 0 3 0 3 0 4 1 0 0 2 1 0 0 6 0 3 0 1 0 4 0 0 0 1 0 0 0 1 0 5 0 4 0 3 0 3 0 4 0 2 1 0 0 6 0 5 0 5 0 5 0 5 0 4 0 0 0 0 0 2 0 5 0 3 0 1 0 4 0 0 0 1 0 2 0 1 1 0 0 2 0 3 0 4 0 2 0 6 0 5 0 4 0 1 0 6 0 0 0 3 0 1 0 1 0 1 0 5 0 1 0 0 0 2 0 2 0 4 0 3 0 2 0 4 0 3 0 5 1 0 0 3 0 4 0 3 1 0 0 5 0 3 0 6 0 0
0 651 6 0 3 0 0 0 6 0 0 0 6 0 4 0 5 1 0 0 0 0 6 0 0 1 0 0 6 0 0 0 4 0 1 0 2 0 5 0 5 0 1 0 3 0 3 0 1 0 6 0 1 0 2 0 5 0 2 0 2 0 1 0 0 0 5 0 3 0 6 0 3 0 1 0 1 0 6 0 2 0 5 0 0 0 4 0 6 0 4 0 6 0 5 1 0 0 6 0 0 0 3 0 5 0 2 0 4 0 4 1 0 0 1 0 1 0 0 0 0 0 3 0 5 0 3 0 4 0 1 0 0 0 4 0 3 0 0 1 0 0 5 0 1 1 0 1 0 0 2 0 1 0 6 0 3 0 6 0 1 0 4 0 0 0 1 0 0 0 3 0 1 0 5 0 6 0 4 0 0 1 0 1 0 1 0 0 3 1 0 1 0 0 2 0 3 0 5 1 0 0 5 1 0 0 3 1 0 0 1 0 3 0 3 0 1 0 6 0 1 0 4 0 2 0 4 0 6 0 3 0 5 0 6 0 2 0 4 0 0 0 5 0 2 0 6 0 0 0 1 0 6 0 0 0 0 1 0 0 4 1 0 0 0 0 6 0 4 0 6 0 5 0 6 0 0 0 4 0 0 0 0 1 0 1 0 0 5 0 0 0 4 0 3 1 0 0 6 0 1 0 4 0 5 0 5 0 2 0 1 0 2 0 1 0 4 1 0 0 5 1 0 0 4 0 1 0 2 0 1 1 0 1 0 1 0 0 4 0 1 0 0 0 1 0 5 0 4 0 2 0 4 0 4 0 4 0 5 0 6 0 1 0 6 0 4 0 3 0 3 0 5 0 2 0 5 1 0 0 1 0 0 0 5 0 4 0 0 1 0 0 4 1 0 0 3 0 6 0 1 0 1 0 4 0 3 0 1 0 5 0 4 0 2 0 3 0 3 0 0 0 2 0 6 0 6 0 0 0 6 0 6 0 2 0 4 0 1 0 3 0 1 0 5 0 4 0 1 0 1 0 3 0 3 0 3 0 2 0 2 1 0 0 3 0 3 0 0 0 4 0 6 0 5 0 0 1 0 0 4 1 0 0 5 0 1 0 6 0 3 0 6 0 1 0 6 0 4 0 6 0 1 0 4 0 4 0 0 0 0 0 2 1 0 0 5 1 0 0 4 1 0 0 4 0 0 0 1 0 2 0 0 0 3 0 3 0 2 0 0 0 0 0 1 1 0 0 0 0 5 0 4 0 4 0 4 0 4 0 1 0 1 0 0 0 5 0 2 1 0 0 4 0 0 0 1 0 2 0 4 0 3 0 6 0 3 1 0 0 1 0 6 0 5 0 4 0 1 0 4 0 4 0 1 0 6 0 2 0 2 0 3 0 2 0 3 0 0 0 4 0 5 0 0 1 0 0 6 0 1 0 0 0 4 1 0 1 0 0 2 0 1 0 0 0 3 0 0 0 5 0 1
0 653 1 0 4 1 0 0 2 0 4 0 2 0 5 0 2 0 4 1 0 0 1 0 4 0 2 1 0 0 4 0 2 0 0 0 3 0 5 0 3 0 3 0 3 0 6 0 6 0 3 0 4 0 3 0 5 0 2 0 5 0 4 0 2 0 1 0 3 0 0 0 5 1 0 0 3 0 3 0 4 0 6 0 2 0 2 0 1 0 6 0 2 0 6 0 5 0 0 0 4 0 1 1 0 0 3 0 6 0 1 0 2 1 0 0 2 0 2 0 0 0 0 1 0 0 4 0 0 0 1 0 3 0 1 0 0 1 0 0 2 1 0 0 2 0 4 1 0 0 6 0 3 0 3 0 5 0 0 0 5 0 4 0 0 0 1 0 2 0 0 0 6 0 3 0 3 0 6 0 1 0 2 1 0 1 0 1 0 0 0 0 0 0 6 0 3 1 0 0 5 0 0 0 3 1 0 1 0 1 0 0 2 0 6 0 6 0 3 0 4 0 4 0 0 0 6 0 1 0 6 0 0 0 4 0 5 0 6 0 0 0 2 0 2 0 6 0 4 0 1 0 3 0 4 0 1 0 1 1 0 0 1 1 0 0 1 0 5 0 2 0 6 0 4 0 5 0 2 0 0 0 1 0 1 1 0 1 0 0 2 0 2 0 1 0 1 0 0 0 4 0 4 0 1 0 4 0 3 0 5 0 2 0 4 0 3 0 2 0 0 0 4 0 0 0 0 0 3 0 4 0 3 1 0 1 0 1 0 0 0 0 3 0 0 0 3 0 3 0 1 0 6 0 1 0 2 0 2 0 4 0 5 0 4 0 5 0 2 0 0 0 0 0 3 0 6 0 3 1 0 0 2 0 1 0 3 0 1 0 2 1 0 0 1 1 0 1 0 0 5 0 3 0 3 0 0 1 0 0 4 0 3 0 1 0 5 0 6 0 6 0 0 0 5 0 5 0 5 0 2 0 5 0 5 0 6 0 0 0 3 0 6 0 3 0 3 0 1 0 3 0 2 0 6 0 6 0 6 0 4 0 5 0 6 0 5 0 6 0 1 0 1 0 6 0 3 0 2 1 0 0 2 0 0 0 2 0 4 0 5 0 0 0 5 0 4 0 5 0 2 0 5 0 4 0 1 0 1 0 1 0 0 0 5 1 0 0 4 0 0 0 2 0 0 0 0 0 1 0 2 0 4 0 0 0 6 0 6 0 4 0 0 0 0 0 3 0 6 0 0 0 3 0 2 0 2 0 2 0 1 0 3 0 2 0 1 0 2 1 0 0 0 0 0 0 1 0 2 0 5 0 1 0 0 0 6 0 0 1 0 0 3 0 5 0 4 0 1 0 4 0 1 0 1 0 4 0 4 0 5 0 4 0 6 0 4 0 6 0 1 0 1 0 3 0 2 1 0 0 4 0 3 0 1 0 2 0 0 0 6 0 3 0 2 0 0 0 6 0 1 0 2 0 3
1 653 3 0 1 1 0 0 5 0 0 0 6 0 2 0 6 0 1 1 0 0 3 0 0 1 0 0 0 0 0 0 5 0 0 1 0 0 4 0 0 0 0 0 0 0 6 0 6 0 0 0 2 0 0 0 3 0 6 0 3 0 1 0 5 0 2 0 6 0 1 0 3 1 0 1 0 0 0 0 2 0 5 0 5 0 4 0 3 0 4 0 6 0 5 0 3 0 2 0 0 0 4 0 6 0 6 0 4 0 3 0 5 0 6 0 3 0 4 0 0 0 1 1 0 0 0 0 1 0 2 0 6 0 2 0 1 0 6 0 4 0 6 0 4 0 2 0 0 0 5 0 0 0 0 0 3 0 2 0 3 0 1 0 1 0 2 0 4 0 1 0 5 0 0 0 0 0 5 0 3 0 5 1 0 1 0 0 5 1 0 0 1 0 5 0 1 0 0 0 2 0 2 0 0 0 0 1 0 0 6 0 4 0 5 0 6 0 0 0 2 0 1 0 2 0 4 0 4 0 4 0 2 0 1 0 4 0 5 0 1 0 4 0 5 0 5 0 1 0 3 1 0 0 1 0 3 0 3 0 6 0 2 0 6 0 2 0 2 0 6 0 5 0 2 0 3 0 5 0 0 0 2 0 3 1 0 0 6 0 3 0 4 0 2 0 2 0 1 0 1 0 1 0 4 0 1 0 0 0 3 0 6 0 0 1 0 0 5 0 1 0 0 0 1 0 0 1 0 0 2 0 1 0 0 1 0 0 5 1 0 0 6 0 0 0 6 0 6 0 3 0 4 0 3 0 4 0 5 0 1 0 4 0 2 0 3 0 5 0 0 0 0 1 0 0 6 0 0 1 0 0 4 0 2 0 6 0 2 0 5 0 6 0 2 1 0 1 0 0 2 1 0 1 0 0 2 1 0 0 0 1 0 0 4 0 3 0 6 0 5 0 2 0 3 0 4 0 3 0 6 0 3 0 4 0 5 0 1 1 0 0 5 1 0 1 0 0 3 0 6 0 5 0 5 0 6 0 6 0 2 0 4 0 6 0 4 0 5 0 3 0 3 0 4 1 0 0 6 0 6 0 3 0 0 0 5 0 1 0 3 0 2 0 3 0 2 0 3 0 6 0 3 0 1 0 3 0 2 0 2 0 1 0 4 0 0 0 0 0 1 0 4 0 0 0 0 0 2 0 5 0 0 0 2 0 5 0 6 0 1 0 1 0 0 1 0 0 5 0 1 0 6 0 4 0 4 0 4 0 2 0 6 0 4 0 2 0 5 0 5 1 0 0 0 0 2 0 5 0 2 0 3 0 1 0 4 0 2 0 6 0 6 0 3 0 1 0 4 0 0 0 3 0 3 0 1 0 2 0 4 0 2 0 6 0 2 0 5 0 3 0 2 0 6 0 5 1 0 0 0 1 0 0 3 0 4 0 1 0 4 1 0 0 5 0 1 0 4 0 3 0 4 1 0
1 653 6 0 3 1 0 0 2 0 2 0 4 0 6 0 4 0 4 0 6 0 5 0 1 0 5 1 0 0 1 0 2 0 2 1 0 0 0 0 1 0 0 0 1 0 5 0 5 0 1 0 4 0 0 1 0 0 5 1 0 0 4 0 2 0 6 0 4 0 4 0 0 0 0 0 5 1 0 0 5 0 3 0 4 0 2 0 0 0 2 0 6 0 3 1 0 0 5 0 1 0 1 0 6 0 6 0 2 0 0 0 4 0 6 0 0 0 1 0 1 0 3 0 5 1 0 0 2 0 5 0 4 0 5 0 3 0 5 0 2 0 6 0 1 0 5 0 1 0 2 0 1 0 0 0 6 0 4 0 6 0 2 0 2 0 5 0 0 0 4 0 2 0 1 0 1 0 3 0 0 0 5 0 0 1 0 0 3 1 0 0 3 0 2 0 3 0 0 0 4 0 4 0 0 0 1 1 0 0 5 0 2 0 4 0 5 0 1 0 4 0 2 0 5 0 1 0 2 0 1 0 5 0 3 0 1 0 3 0 4 0 1 0 4 0 3 0 3 1 0 1 0 0 2 1 0 0 0 0 5 0 6 0 4 0 5 0 5 0 5 0 3 0 5 1 0 0 3 0 1 0 5 0 0 0 0 0 5 0 0 0 1 0 5 0 4 0 2 0 2 0 3 0 0 0 3 0 0 1 0 0 5 0 2 1 0 0 2 0 3 0 0 0 2 0 1 0 6 0 3 0 2 0 1 1 0 0 4 0 0 0 4 0 2 0 5 0 6 0 0 0 2 0 0 0 2 0 3 0 4 0 0 0 5 1 0 0 3 0 1 0 1 1 0 0 4 0 2 1 0 0 0 0 6 0 4 0 6 0 3 0 5 1 0 0 0 0 6 0 4 1 0 0 6 0 4 0 6 0 0 1 0 0 1 0 0 0 6 0 3 0 5 1 0 0 2 0 0 0 6 0 0 0 2 0 3 0 4 1 0 0 4 0 0 0 6 0 6 0 5 0 4 0 4 0 6 0 5 0 6 0 1 0 6 0 2 0 4 0 0 0 0 0 3 0 0 0 5 0 5 1 0 0 2 0 2 0 3 0 6 0 4 0 6 0 4 1 0 0 5 1 0 0 3 0 6 0 4 0 4 0 3 0 0 0 1 0 0 0 3 0 0 0 1 0 0 0 5 0 2 0 1 0 5 0 3 0 5 0 3 0 2 0 1 1 0 0 2 0 4 0 5 0 2 0 2 0 1 0 6 0 5 0 1 0 6 0 3 0 4 1 0 0 0 0 5 0 2 0 5 0 6 0 3 0 0 0 6 0 5 0 5 1 0 0 4 0 0 0 1 0 6 0 6 0 2 0 5 0 0 0 6 0 4 0 6 0 2 1 0 0 6 0 5 0 4 1 0 0 1 0 6 0 6 0 0 0 4 0 2 0 0 0 2 0 4 0 1 0 0 0 2 1 0
1 655 1 0 5 0 0 1 0 0 4 0 5 0 1 0 6 0 2 0 2 0 6 0 3 0 4 0 3 1 0 0 2 0 4 0 5 0 5 1 0 0 2 0 0 0 3 0 3 0 3 0 4 0 0 0 2 1 0 0 4 0 0 0 0 0 6 0 5 0 2 0 1 0 1 0 1 0 4 0 0 0 3 0 0 0 1 0 5 0 0 0 5 0 5 0 1 0 0 0 2 0 3 0 3 0 5 0 5 0 5 0 1 0 1 0 5 0 1 0 2 0 2 1 0 0 4 1 0 0 5 0 3 0 2 0 4 0 0 0 3 0 6 0 4 0 4 0 2 0 3 0 4 0 2 0 1 0 5 0 2 0 5 0 5 0 5 0 2 0 2 0 0 0 5 0 2 0 2 0 6 0 1 0 2 0 2 0 6 0 6 0 6 0 5 0 4 0 6 0 1 0 1 0 1 0 1 0 3 1 0 0 2 0 6 0 1 0 3 0 4 0 0 0 6 0 2 0 3 0 4 0 3 0 2 1 0 0 3 1 0 0 1 0 4 0 1 0 0 0 1 0 0 0 6 0 4 0 6 0 0 0 3 0 6 0 2 0 4 0 4 0 4 0 0 0 4 1 0 0 6 0 3 0 2 0 1 0 1 0 2 0 1 0 3 0 3 0 1 0 5 0 4 0 6 0 0 0 6 0 1 1 0 0 2 0 6 0 6 0 3 0 6 0 0 0 4 0 3 0 4 1 0 0 5 0 3 1 0 0 0 0 2 0 0 0 6 0 3 0 5 0 1 0 4 0 0 0 4 1 0 0 1 0 2 0 3 1 0 0 6 0 2 0 3 1 0 0 0 0 6 0 6 0 0 0 5 0 2 0 6 0 0 0 4 1 0 0 1 0 5 0 3 0 0 0 5 0 2 0 5 0 2 0 6 0 1 0 1 0 5 0 0 0 4 1 0 0 4 0 1 0 4 0 1 0 4 1 0 0 3 0 0 0 0 0 2 0 5 0 6 0 4 0 2 0 2 0 6 0 4 0 5 0 4 0 4 0 6 0 0 0 1 0 0 0 6 0 1 0 3 0 4 1 0 0 4 0 4 1 0 0 6 0 2 0 6 0 3 0 0 0 3 1 0 1 0 0 6 0 2 0 1 1 0 0 1 0 2 0 0 0 6 0 0 0 2 0 1 0 2 0 5 0 3 0 3 0 0 0 3 1 0 0 5 0 3 0 6 0 4 0 1 0 3 0 5 0 4 0 3 0 5 0 3 0 4 0 5 0 0 0 2 1 0 0 1 0 2 0 6 0 3 0 5 1 0 0 2 0 5 0 4 0 5 0 0 0 0 0 1 0 3 0 5 0 5 0 6 0 2 0 2 0 5 0 2 0 5 1 0 0 0 0 5 0 4 0 2 1 0 0 3 0 5 0 5 0 2 0 0 0 5 0 0 0 5 0 0 0 3 0 0 0 5 0 5
1 655 3 0 2 0 2 1 0 0 1 0 3 0 4 0 4 0 5 0 5 0 5 0 0 0 2 0 0 1 0 0 5 0 1 0 4 0 4 1 0 0 4 0 0 1 0 0 0 0 0 0 1 0 1 0 5 1 0 0 0 0 1 0 1 0 5 0 3 0 5 0 2 0 2 0 3 0 0 0 1 0 6 0 0 0 3 0 2 0 2 0 3 0 3 0 3 0 0 0 4 1 0 0 0 0 4 0 4 0 3 0 3 0 3 0 2 0 3 0 4 0 5 1 0 0 2 0 0 0 2 1 0 0 6 0 0 0 1 1 0 0 6 0 2 0 1 0 5 1 0 0 1 0 5 0 3 0 2 0 6 0 3 0 4 0 3 0 5 0 4 0 1 0 2 0 5 0 5 0 4 0 3 0 4 0 5 0 5 0 6 0 6 0 4 0 2 0 5 0 3 0 2 0 2 0 2 1 0 1 0 0 5 0 4 0 3 1 0 0 1 0 2 0 4 0 5 1 0 0 1 1 0 0 6 0 6 0 6 0 6 0 2 0 0 0 3 0 0 0 2 0 1 0 5 0 2 0 5 0 1 1 0 0 5 0 6 0 1 0 2 0 1 0 2 0 2 0 0 0 4 1 0 0 5 0 2 0 2 0 4 0 2 0 6 0 6 0 3 0 3 0 2 0 5 0 2 0 4 0 4 0 6 0 4 0 5 0 6 0 0 0 5 0 2 0 1 0 0 0 3 0 0 0 3 0 0 1 0 0 0 0 4 0 1 0 5 0 0 0 3 0 4 0 0 0 2 0 1 1 0 0 2 0 5 0 0 0 0 0 4 0 5 1 0 1 0 0 1 0 5 0 5 0 2 0 2 0 6 0 4 0 2 0 1 1 0 0 3 0 2 1 0 0 2 0 2 0 6 0 2 0 6 0 4 0 3 0 3 0 2 0 2 0 2 0 0 0 0 0 4 0 0 0 4 0 1 1 0 0 6 0 0 0 0 0 5 0 3 0 6 0 1 0 5 0 5 0 5 0 2 0 4 0 2 0 2 0 5 0 1 0 2 0 1 0 4 0 3 1 0 0 3 0 0 0 1 0 3 0 0 0 4 0 6 0 4 1 0 0 2 0 0 0 0 1 0 0 4 0 5 0 3 0 6 0 1 0 4 0 1 0 4 0 1 0 4 0 2 0 5 0 2 1 0 1 0 0 2 0 0 0 0 0 3 0 0 0 6 0 1 0 3 1 0 0 4 0 2 0 0 0 4 0 0 0 2 0 3 0 1 0 5 0 6 0 1 0 5 0 5 0 0 0 4 1 0 0 5 0 3 0 2 0 3 0 1 0 0 0 2 1 0 0 4 0 4 0 5 0 5 0 5 0 2 0 6 0 3 1 0 0 1 0 3 0 1 0 6 0 6 0 6 0 3 0 3 0 5 0 1 0 2 0 2 0 2 0 1 0 6 0 1 0 3 0 4
0 655 6 0 4 0 5 0 6 0 1 1 0 0 2 0 2 0 4 0 4 0 3 0 1 0 4 0 1 1 0 0 2 0 4 0 1 0 3 0 0 0 0 0 2 0 5 1 0 0 0 0 2 0 3 0 3 1 0 0 0 0 2 0 3 0 3 0 0 0 3 0 5 0 4 0 6 0 0 0 3 0 4 0 1 0 6 0 4 0 4 0 6 0 6 0 6 0 1 0 1 1 0 0 1 0 1 0 1 1 0 1 0 1 0 0 5 1 0 0 2 0 4 1 0 0 4 0 0 0 5 1 0 0 4 0 1 0 3 1 0 0 4 0 5 0 3 0 3 1 0 0 3 0 2 1 0 0 6 0 5 0 0 0 2 0 0 0 4 0 1 0 3 0 5 0 3 0 4 0 2 0 0 0 2 0 4 0 4 0 6 0 6 0 1 0 6 0 2 1 0 0 5 0 4 0 5 1 0 1 0 0 3 0 2 0 0 1 0 0 2 0 5 0 1 0 4 1 0 0 3 1 0 0 5 0 6 0 6 0 5 0 5 0 0 0 6 0 0 0 4 0 3 0 2 0 6 0 2 0 4 1 0 0 3 0 5 0 3 0 4 0 2 0 4 0 4 0 1 0 2 0 0 0 2 0 5 0 5 0 0 0 6 0 5 0 5 1 0 1 0 0 6 0 2 0 6 0 1 0 2 0 6 0 2 0 4 0 5 0 2 0 2 0 5 0 2 0 0 0 6 0 0 0 6 0 1 0 6 0 0 0 0 0 4 0 2 0 1 1 0 0 1 0 1 0 4 0 3 0 6 0 4 0 2 0 1 0 1 0 1 0 5 0 0 0 6 0 2 0 3 0 3 0 5 0 5 0 5 0 1 0 5 0 3 0 6 0 5 0 5 0 6 0 3 0 5 0 4 0 6 0 5 0 1 1 0 1 0 0 5 0 4 0 4 0 0 0 1 0 0 0 2 0 0 0 4 1 0 0 4 0 1 0 1 0 3 0 0 0 5 0 4 0 3 0 4 0 3 0 6 0 0 0 5 0 5 0 2 0 3 0 4 0 3 0 1 0 0 1 0 0 6 0 0 0 2 0 6 0 1 0 1 0 6 0 2 1 0 0 4 0 0 0 1 1 0 0 1 0 4 0 0 0 5 0 4 0 0 0 4 0 0 0 4 0 0 0 6 0 2 1 0 0 0 0 6 0 3 0 0 0 0 0 6 0 1 0 4 0 4 0 0 0 0 0 0 0 5 0 1 0 0 0 1 0 4 0 6 0 3 0 3 0 5 0 4 0 3 0 3 0 2 0 2 0 0 0 2 1 0 0 5 0 6 0 2 0 0 0 5 1 0 0 1 0 2 0 4 0 4 0 3 0 6 0 5 0 0 1 0 0 2 0 6 0 3 0 5 0 6 0 6 0 0 0 0 0 3 0 3 0 4 0 4 0 4 0 3 0 4 0 3 1 0 0 2
1 657 1 0 5 0 2 0 4 0 5 0 4 0 6 0 3 0 5 0 1 0 1 1 0 0 4 0 0 0 4 0 6 0 4 0 0 0 3 0 6 0 0 0 0 0 5 0 3 1 0 0 0 0 4 1 0 0 0 1 0 0 0 0 4 0 6 0 6 0 0 1 0 0 4 0 2 0 5 0 1 1 0 0 1 0 4 0 5 0 2 0 2 0 6 0 6 0 5 0 3 0 3 0 6 0 1 0 2 0 3 1 0 1 0 1 0 0 3 1 0 0 5 0 2 0 0 0 0 0 2 0 4 0 0 0 0 0 4 0 0 0 0 0 1 0 4 0 0 0 0 1 0 0 6 0 5 1 0 0 5 0 3 0 1 0 4 0 1 0 0 0 3 1 0 0 4 0 0 0 1 0 5 0 0 0 5 0 1 0 2 0 6 0 5 0 4 0 4 1 0 0 0 0 3 0 2 0 5 0 0 0 6 0 5 0 4 0 1 0 6 0 4 0 2 0 4 0 2 0 0 0 0 0 0 0 3 0 6 0 6 0 4 0 3 0 2 0 4 0 2 0 0 1 0 0 6 0 4 0 6 0 1 1 0 1 0 0 4 0 0 0 1 0 6 0 1 0 1 0 3 0 4 0 0 0 5 0 3 0 3 0 2 0 5 0 4 0 5 0 0 1 0 0 4 0 6 0 4 0 3 0 5 0 4 0 6 0 1 0 3 0 5 0 5 0 2 0 5 0 1 0 4 0 2 0 4 0 4 0 4 0 1 0 1 0 0 0 5 0 3 0 6 0 1 0 3 0 1 0 0 0 6 0 1 0 5 0 2 0 2 0 3 0 2 0 2 0 4 0 5 1 0 0 0 0 4 0 4 0 3 0 4 0 3 0 0 0 6 0 4 0 4 0 6 0 0 0 4 0 2 0 6 0 3 0 4 1 0 1 0 0 3 0 2 0 1 0 1 0 2 0 0 0 4 0 1 0 2 0 0 0 0 0 3 0 2 0 6 0 1 0 3 0 2 0 0 0 2 0 0 0 5 0 2 0 3 0 3 0 5 1 0 0 1 1 0 0 3 0 1 1 0 0 4 0 1 0 5 0 4 0 3 0 3 0 4 1 0 0 0 0 0 0 1 0 3 0 6 0 2 0 0 0 2 0 3 0 1 0 2 0 0 0 2 0 0 0 2 0 4 0 6 0 6 0 0 0 4 1 0 0 1 0 1 0 4 0 4 0 1 0 1 0 1 0 0 0 1 0 2 0 3 0 0 0 3 0 1 0 6 0 0 0 0 0 4 0 1 1 0 1 0 0 5 0 4 0 0 0 5 1 0 0 3 0 5 0 5 0 1 0 3 1 0 0 2 0 5 0 1 0 2 0 0 0 6 0 3 0 2 0 6 0 4 0 5 0 0 0 4 0 6 0 5 0 1 0 0 1 0 0 0 0 2 0 2 0 2 0 0 0 2 0 0 1 0 0 4
0 657 3 0 2 0 6 0 1 0 4 0 2 0 6 0 0 0 3 0 3 0 3 1 0 0 0 0 2 0 1 0 6 0 1 0 1 1 0 0 5 0 1 0 1 0 3 0 0 1 0 0 1 0 1 1 0 0 1 0 6 0 0 0 1 0 6 0 5 0 2 1 0 0 0 0 6 0 2 0 4 0 6 0 2 0 1 0 3 0 5 0 5 0 5 0 6 0 4 0 0 0 0 0 5 0 3 0 5 0 0 0 0 1 0 1 0 0 0 0 0 0 2 0 5 0 0 0 0 0 5 0 0 0 1 0 1 0 0 0 1 0 0 0 3 0 0 0 1 0 1 1 0 0 5 0 5 0 0 0 2 1 0 0 4 0 0 0 3 0 1 0 0 0 0 0 0 0 1 0 3 0 2 0 2 0 2 0 3 0 5 0 5 0 4 0 2 0 2 1 0 0 0 0 6 0 5 0 2 0 2 0 5 0 4 0 1 0 4 0 5 0 1 0 6 0 0 0 5 0 0 0 0 0 0 1 0 0 6 0 6 0 1 1 0 0 6 0 0 0 5 0 1 1 0 0 5 0 2 0 5 0 4 1 0 1 0 0 0 0 1 0 3 0 4 0 3 0 2 1 0 0 1 0 2 0 2 1 0 1 0 0 6 0 3 0 2 0 3 0 2 1 0 0 1 0 6 0 2 0 0 0 4 0 2 0 5 0 3 1 0 0 4 0 3 0 6 0 2 0 4 0 0 0 6 0 1 0 2 0 1 0 3 0 2 0 1 0 3 0 0 0 5 0 3 0 6 0 2 0 1 0 4 0 4 0 2 0 5 0 4 0 6 0 4 0 5 0 1 0 4 1 0 0 1 0 1 0 2 0 0 0 1 1 0 0 2 0 5 0 2 0 2 0 5 0 2 0 0 0 6 0 5 0 0 0 3 0 0 0 6 0 5 0 4 0 2 0 2 0 4 0 1 0 0 0 3 0 4 0 0 0 0 0 6 0 5 0 4 0 3 0 6 0 4 0 0 0 4 0 1 0 2 0 5 1 0 0 0 0 4 1 0 0 3 0 6 0 5 0 3 1 0 0 0 0 4 0 3 0 2 0 0 0 0 0 2 1 0 0 0 0 0 0 2 1 0 0 5 0 5 0 0 0 4 0 6 0 2 0 4 0 0 0 4 0 0 0 5 0 1 0 6 0 5 0 2 0 1 1 0 0 2 0 3 0 1 0 1 0 3 0 2 0 2 0 0 0 2 0 4 0 6 0 0 0 6 0 3 0 4 0 1 0 1 0 0 0 4 1 0 1 0 0 3 0 1 0 2 0 3 1 0 1 0 0 4 0 3 0 3 1 0 1 0 0 5 0 2 0 3 0 4 0 1 0 4 1 0 0 6 0 5 0 2 0 3 0 2 0 1 0 6 0 3 0 3 0 1 0 5 1 0 0 4 0 4 0 4 0 0 0 4 0 1 1 0 0 1
0 657 6 0 5 0 4 0 4 0 0 0 6 0 4 0 1 1 0 0 0 0 0 1 0 0 0 0 4 0 3 0 4 0 3 0 3 1 0 0 2 0 3 0 2 0 6 0 1 0 6 0 1 0 3 0 6 0 2 0 4 0 1 0 3 0 5 0 3 0 6 0 6 0 0 0 4 0 6 0 1 0 5 0 5 0 2 1 0 0 4 0 4 0 4 0 6 0 1 0 1 0 1 0 3 0 0 0 3 0 1 0 1 1 0 0 5 1 0 0 0 0 5 0 2 0 1 0 1 0 2 0 1 0 2 0 2 0 0 0 2 0 0 0 6 0 0 0 2 0 3 1 0 0 3 0 3 0 1 0 5 1 0 0 0 0 1 0 6 0 2 0 0 0 0 0 0 0 2 0 6 0 4 0 4 0 4 1 0 0 4 0 4 0 1 0 5 0 5 0 6 0 0 0 5 0 3 0 5 0 5 0 3 0 1 0 4 0 1 0 3 0 4 0 4 0 2 0 2 0 1 0 0 0 1 1 0 0 5 0 5 0 4 1 0 0 4 0 2 0 2 0 4 1 0 0 2 0 6 0 3 0 3 0 0 0 5 1 0 0 2 1 0 0 1 1 0 0 6 0 6 0 1 0 4 0 5 1 0 1 0 0 4 1 0 0 5 0 6 0 5 0 6 0 2 0 4 0 5 0 1 0 0 0 6 0 3 0 1 0 0 0 1 0 0 0 5 0 6 0 0 0 2 0 4 0 3 0 4 0 2 0 6 0 4 0 2 0 6 0 1 0 3 0 0 0 5 0 5 0 3 0 1 0 1 0 6 0 3 0 2 0 6 0 2 0 3 0 4 0 1 1 0 0 2 0 2 0 4 0 0 0 3 0 6 0 4 0 2 0 5 0 5 0 2 0 5 0 1 0 5 0 3 0 1 0 6 0 1 0 5 0 4 0 1 0 5 0 5 0 0 0 3 0 0 1 0 0 1 0 1 0 1 0 5 0 4 0 2 0 0 0 6 0 1 0 2 0 0 0 3 0 5 0 3 1 0 0 1 0 1 1 0 1 0 0 6 0 4 0 0 1 0 0 1 0 0 1 0 0 5 0 0 0 0 0 5 0 5 1 0 0 0 0 5 1 0 0 3 0 3 0 2 0 1 0 5 0 6 0 0 0 2 0 0 0 2 0 2 0 4 0 5 0 3 0 5 0 3 0 6 0 3 0 6 0 2 0 2 0 6 0 4 0 4 0 0 0 5 0 1 0 5 0 2 0 5 0 0 0 1 0 3 0 2 0 1 0 2 0 0 0 6 0 5 0 2 0 5 0 0 0 0 1 0 0 1 0 0 0 1 0 0 1 0 0 2 0 5 1 0 0 1 0 4 0 2 0 0 0 5 0 3 0 5 0 6 0 4 0 3 0 4 1 0 1 0 0 4 0 4 0 0 0 1 0 2 0 1 0 2 0 0 0 4 0 6 0 1
1 659 1 0 5 0 4 0 2 0 1 0 2 0 5 0 1 0 4 0 5 1 0 0 1 0 6 0 0 0 1 0 0 0 2 0 0 0 0 1 0 0 4 0 6 0 5 0 4 0 4 0 4 0 3 1 0 0 5 0 6 0 0 0 3 1 0 0 4 0 0 0 6 0 5 0 2 0 1 0 5 0 4 0 3 0 3 1 0 0 0 0 1 0 2 0 2 0 5 0 3 0 2 0 2 0 6 0 0 0 6 0 2 0 3 1 0 0 3 1 0 0 1 0 2 0 5 0 2 0 2 0 4 0 2 0 4 0 4 0 0 0 4 0 1 0 4 0 1 0 4 1 0 1 0 0 6 0 6 0 3 0 3 1 0 0 0 0 3 0 4 0 5 0 0 0 0 0 0 0 5 0 5 0 2 0 2 0 3 0 0 0 1 0 1 0 4 0 3 0 4 0 5 0 2 0 3 0 0 0 4 0 3 1 0 0 4 0 0 0 3 1 0 0 2 0 1 0 5 0 4 0 2 0 0 0 3 1 0 0 3 0 4 0 3 0 0 0 0 0 5 0 5 0 1 1 0 0 5 0 4 1 0 1 0 0 2 0 3 1 0 0 5 0 6 0 2 1 0 0 5 0 5 0 4 0 1 0 5 0 0 1 0 0 2 0 0 0 3 0 6 0 4 0 5 0 6 0 1 0 3 0 3 0 1 0 4 1 0 0 3 0 0 0 2 0 1 0 3 0 5 0 1 0 5 0 1 0 0 0 1 0 6 0 5 0 1 0 6 0 4 0 3 0 6 0 1 0 3 0 3 1 0 0 3 0 3 0 4 1 0 0 6 0 4 0 5 1 0 0 1 0 4 0 6 0 3 0 5 0 0 0 1 1 0 0 6 0 1 0 6 0 3 0 3 0 6 0 2 0 4 0 2 1 0 0 4 0 4 0 4 0 3 0 1 0 4 0 3 0 3 0 1 0 6 0 1 0 6 0 1 0 2 0 3 0 3 0 1 0 5 0 1 0 4 0 3 0 4 0 0 1 0 0 4 0 0 1 0 0 2 0 3 1 0 1 0 0 5 0 1 0 2 0 6 0 1 0 1 1 0 0 2 0 1 0 1 0 3 0 4 1 0 0 1 0 3 1 0 0 6 0 6 0 4 0 3 0 3 0 5 0 1 0 4 0 0 0 4 0 5 0 1 0 4 0 0 0 4 0 0 0 6 0 0 0 5 0 5 0 5 0 5 0 2 0 1 0 2 0 2 0 4 0 2 0 6 0 2 0 1 0 2 0 6 0 4 0 2 0 4 0 1 0 5 0 3 0 6 0 2 0 1 0 1 0 6 0 1 0 0 0 2 0 1 0 6 0 4 0 3 1 0 0 3 0 0 0 5 0 1 0 3 0 0 0 4 0 6 0 2 0 0 0 3 0 0 1 0 0 1 0 1 0 1 0 2 0 4 0 2 0 4 0 1 0 1 0 5 0 3
0 659 3 0 3 0 1 0 5 0 2 0 5 0 2 0 4 0 1 0 4 1 0 0 3 0 4 0 1 0 2 0 0 0 4 0 0 0 1 1 0 0 1 0 6 0 4 0 2 0 2 0 2 0 1 0 0 0 3 0 5 0 2 0 0 0 0 0 0 0 2 0 5 0 3 0 5 0 3 0 3 0 2 0 0 0 0 1 0 0 0 0 2 0 4 0 5 0 2 1 0 0 5 0 5 0 4 0 2 0 4 0 5 1 0 1 0 1 0 1 0 0 2 0 5 0 2 0 5 0 5 0 0 0 6 0 1 0 1 0 2 0 0 0 4 0 0 0 4 0 2 0 0 1 0 0 5 0 6 0 0 0 0 1 0 0 0 1 0 0 2 0 3 0 1 0 0 0 1 0 3 0 3 0 5 0 4 0 6 0 0 0 2 0 3 0 1 0 0 0 2 0 3 0 5 0 6 0 1 0 1 0 1 0 0 0 0 0 1 1 0 1 0 0 4 0 3 0 3 0 1 0 5 0 0 1 0 1 0 1 0 0 1 1 0 0 1 0 1 0 3 0 3 0 4 1 0 0 3 0 3 0 0 0 6 0 4 0 0 0 0 0 3 0 5 1 0 0 0 0 3 0 4 0 1 0 4 0 2 0 2 0 6 0 3 0 0 1 0 0 6 0 2 0 4 0 5 0 3 0 6 0 6 0 3 0 1 1 0 0 6 0 0 0 4 0 2 1 0 0 3 0 4 0 2 0 3 0 0 0 3 0 5 0 3 0 4 0 5 0 2 0 0 0 5 0 3 1 0 0 0 1 0 1 0 0 0 0 3 0 0 0 5 0 2 0 4 1 0 0 3 0 1 0 6 0 0 0 3 0 1 0 3 1 0 0 4 0 4 0 5 0 0 0 0 0 5 0 6 0 0 1 0 0 0 0 1 0 2 0 1 1 0 0 4 0 0 1 0 1 0 0 4 0 4 0 4 0 4 0 3 0 4 0 6 0 6 0 3 0 2 0 4 0 1 0 0 0 1 0 2 1 0 0 0 0 2 0 6 0 4 0 0 0 0 1 0 0 2 0 3 0 5 0 4 0 3 0 3 0 6 0 3 0 2 0 2 1 0 0 2 1 0 0 3 0 0 0 0 0 5 0 6 0 2 0 0 0 0 0 3 0 4 0 0 0 2 0 1 0 3 0 4 0 0 0 2 0 0 0 2 0 4 0 2 0 3 0 4 0 4 0 3 0 5 0 2 0 4 0 5 0 0 0 6 0 4 0 5 0 2 0 5 0 5 0 1 0 6 0 0 0 4 0 3 0 0 0 5 0 5 0 2 0 3 0 4 0 3 0 0 0 4 0 3 0 5 0 2 0 0 1 0 0 6 0 1 0 2 0 3 0 6 0 1 0 1 0 5 0 5 0 0 0 6 0 1 0 6 0 1 0 2 0 2 0 5 0 0 0 6 0 0 0 3 0 3 0 3 0 0
0 659 6 0 6 0 3 0 2 0 6 0 2 0 6 0 0 0 4 0 1 1 0 1 0 0 1 0 3 0 4 0 1 0 0 0 1 0 3 0 6 0 2 0 5 0 1 0 5 0 4 0 4 0 2 0 0 1 0 0 3 0 5 0 0 0 0 0 0 0 5 0 3 0 0 0 3 1 0 1 0 0 5 0 0 0 1 0 5 1 0 0 5 0 1 0 3 1 0 0 0 0 3 0 4 0 1 0 6 0 1 0 5 0 0 1 0 1 0 0 6 0 4 0 2 0 6 0 3 0 3 0 2 0 4 0 3 0 2 0 4 0 1 0 0 0 2 0 0 0 5 0 1 1 0 0 3 0 5 0 1 0 1 0 6 0 0 0 6 0 3 0 6 0 2 0 0 0 2 1 0 0 0 0 4 0 2 0 5 0 1 0 4 0 6 0 2 0 0 0 4 1 0 0 4 0 5 0 3 0 2 0 2 0 0 0 0 0 3 1 0 1 0 0 0 1 0 1 0 0 4 0 2 0 2 1 0 1 0 0 6 0 2 0 6 0 1 0 2 1 0 0 0 0 2 1 0 0 6 0 6 0 1 0 5 0 1 0 1 0 0 1 0 0 4 1 0 0 0 1 0 0 1 0 4 0 0 0 5 0 5 0 4 1 0 0 2 1 0 0 4 0 6 0 1 0 4 0 0 0 6 0 5 1 0 0 4 1 0 0 4 0 2 0 0 0 6 0 6 0 6 0 0 0 5 0 6 0 0 1 0 0 4 0 0 0 2 0 3 0 5 0 1 0 3 0 0 1 0 0 1 1 0 0 5 1 0 0 6 0 1 0 2 0 6 0 1 1 0 0 6 0 3 0 4 0 1 0 6 0 3 0 0 0 0 0 1 0 2 0 3 0 1 0 1 0 3 0 5 0 2 0 5 1 0 0 2 0 4 0 3 1 0 0 0 0 2 1 0 1 0 0 1 0 2 0 2 0 2 0 0 0 2 0 6 0 5 1 0 0 6 0 0 0 3 0 0 0 2 0 5 0 5 1 0 0 5 0 5 0 1 0 1 0 1 0 6 0 3 1 0 0 4 0 2 0 0 0 0 0 5 1 0 0 5 0 5 0 6 0 4 0 6 0 5 0 0 0 1 0 3 0 5 0 5 0 0 0 0 1 0 0 1 0 1 0 4 0 2 1 0 0 1 0 1 0 4 0 0 0 5 0 0 0 5 1 0 0 2 0 2 0 0 0 3 0 6 0 1 0 3 0 2 0 5 0 2 0 3 0 6 0 3 0 3 0 4 0 4 0 2 0 0 1 0 0 2 0 3 0 3 0 5 1 0 0 1 1 0 0 2 0 1 0 0 0 3 0 5 0 1 1 0 0 4 0 3 0 4 1 0 0 5 0 3 0 3 0 3 0 3 0 2 0 4 0 4 0 4 0 3 0 4 0 5 0 2 0 2 0 4 0 1 0 6 0 6 0 6 0 0
0 661 1 0 5 0 5 1 0 0 6 0 4 0 6 0 4 0 2 0 0 0 4 1 0 0 6 0 1 1 0 0 1 0 3 0 0 0 2 1 0 0 5 0 6 0 2 0 4 0 3 0 2 0 1 0 5 0 1 0 6 0 6 0 2 0 1 0 0 0 1 0 2 1 0 0 2 0 0 0 0 1 0 0 2 0 1 0 3 0 4 0 0 0 2 0 3 1 0 1 0 0 0 1 0 0 1 0 4 0 4 0 4 0 2 0 2 1 0 1 0 0 5 0 1 0 6 0 4 1 0 1 0 0 6 0 0 1 0 0 6 0 0 0 3 0 0 0 4 0 1 0 2 0 4 0 6 0 6 0 2 0 3 0 3 0 4 0 2 0 5 0 0 0 5 0 5 0 0 0 5 0 6 0 0 0 0 0 6 0 2 0 4 0 1 0 5 0 5 0 1 0 2 0 0 0 1 0 3 1 0 0 5 0 4 0 0 0 1 0 0 0 0 0 6 0 0 1 0 1 0 0 0 0 5 0 5 1 0 1 0 0 4 0 6 0 4 0 3 0 5 0 5 1 0 0 5 1 0 0 5 0 5 0 4 0 2 0 3 0 2 0 1 1 0 0 1 1 0 0 1 0 6 0 2 0 0 0 2 0 3 0 4 0 2 1 0 0 5 1 0 0 1 0 5 0 4 0 0 0 2 0 5 0 5 0 0 0 2 0 0 0 0 0 5 0 1 0 5 0 6 0 5 0 2 0 3 0 5 0 2 1 0 0 0 0 1 0 4 1 0 0 3 0 3 0 6 0 1 0 6 0 2 1 0 0 4 0 0 0 4 0 3 0 5 0 4 0 4 1 0 0 5 0 0 0 1 0 4 0 4 1 0 0 1 0 0 0 2 0 4 0 6 0 2 0 2 1 0 0 3 0 6 0 3 1 0 0 5 0 1 0 0 1 0 0 0 0 5 1 0 0 6 0 1 0 4 0 4 0 4 0 0 0 5 0 5 0 5 0 0 0 4 0 1 0 6 0 0 0 5 0 3 0 5 0 0 0 3 0 3 0 3 0 2 0 3 0 5 0 1 0 0 0 0 0 5 0 0 0 1 0 4 0 0 0 3 0 4 0 6 0 2 0 6 0 3 0 1 0 2 1 0 0 4 0 3 0 1 0 1 0 6 0 1 0 3 0 0 0 6 0 6 0 1 0 3 0 0 0 2 0 2 0 2 0 3 1 0 0 4 0 4 0 0 1 0 0 5 0 3 0 6 0 5 0 2 0 5 1 0 0 6 0 0 0 0 0 2 0 1 0 5 0 1 0 6 0 3 1 0 0 0 0 4 1 0 0 3 0 6 0 3 0 2 0 0 1 0 0 3 0 4 1 0 0 1 0 0 0 3 0 0 0 2 1 0 1 0 1 0 1 0 0 6 0 1 0 2 0 2 0 0 0 2 0 3 0 5 0 5 0 0 0 4 0 5 0 6 0 5 0 1
1 661 3 0 3 0 5 0 0 0 5 0 2 0 6 0 1 0 5 0 1 0 2 0 0 0 4 0 4 0 6 0 1 0 6 0 0 0 5 1 0 0 3 0 5 0 6 0 0 1 0 0 5 0 3 0 2 0 4 0 5 0 5 0 5 0 2 0 0 0 2 0 5 0 6 0 3 0 0 0 1 0 6 0 3 0 2 1 0 0 1 0 1 0 5 0 0 0 0 0 6 0 0 0 6 0 2 0 1 0 2 0 1 0 5 0 5 1 0 1 0 0 2 0 4 0 5 0 3 0 0 1 0 0 4 0 2 1 0 0 4 0 1 0 6 0 1 0 0 0 3 0 5 0 1 0 6 0 5 0 5 1 0 0 0 0 1 0 6 0 2 0 2 0 3 0 3 0 2 0 3 0 5 0 1 0 1 0 4 0 6 0 0 0 4 0 3 0 3 0 3 0 4 0 0 0 3 0 0 0 0 0 3 0 1 0 1 0 2 0 0 0 1 0 4 0 2 1 0 0 6 0 0 0 3 0 5 0 0 1 0 0 1 0 6 0 2 0 0 0 4 0 5 0 0 0 4 0 0 0 3 0 4 0 1 0 5 0 6 0 4 0 3 0 6 0 2 0 6 0 2 0 4 0 5 0 0 0 4 1 0 0 1 1 0 0 0 0 3 1 0 0 3 0 3 0 1 0 1 0 5 0 3 0 3 0 1 0 4 0 0 0 1 0 2 0 4 0 3 0 6 0 3 0 5 1 0 0 3 0 6 0 5 1 0 0 3 0 1 1 0 1 0 0 0 0 5 0 4 0 4 1 0 0 0 0 0 0 2 0 1 0 0 0 4 0 2 0 3 0 0 0 2 0 1 0 3 0 1 0 2 1 0 0 2 0 0 0 5 0 1 0 5 0 5 0 5 0 6 0 6 0 5 0 1 0 0 0 2 0 3 0 1 0 6 0 0 0 4 0 0 0 4 0 4 0 1 0 2 0 1 0 2 0 3 0 4 0 3 0 2 0 0 0 4 0 4 0 2 0 3 0 0 0 3 0 1 0 6 0 6 0 6 0 4 1 0 0 3 0 3 0 0 0 1 0 2 0 1 0 3 0 0 0 1 1 0 0 2 0 5 0 6 0 4 1 0 0 3 0 5 1 0 0 0 1 0 0 3 0 3 0 4 0 3 0 6 0 1 0 5 0 5 0 3 0 6 0 0 0 4 0 4 0 5 0 0 0 0 0 1 0 1 0 2 1 0 0 3 0 0 0 6 0 3 0 6 0 4 0 0 0 4 0 1 0 0 0 4 0 3 0 2 0 4 0 5 0 0 1 0 0 1 0 1 1 0 1 0 0 5 1 0 0 5 0 1 0 6 0 6 0 1 1 0 0 2 0 0 0 6 0 0 0 5 1 0 1 0 1 0 1 0 0 4 0 3 0 4 0 4 0 0 0 4 1 0 0 4 0 3 0 2 0 1 0 4 0 6 0 3 0 3
0 662 1 0 0 0 0 3 0 2 0 2 0 6 0 4 0 4 0 2 0 3 0 4 0 1 0 1 0 2 0 5 0 4 0 4 0 2 0 3 1 0 1 0 0 4 0 5 0 2 1 0 0 2 1 0 0 6 0 1 0 4 0 4 0 3 0 5 0 0 0 5 0 3 0 5 1 0 0 1 0 3 0 4 1 0 0 6 0 6 0 1 0 3 0 2 0 1 0 1 0 4 0 2 0 4 0 5 0 2 0 4 0 3 0 3 0 5 0 0 0 6 0 4 0 1 0 3 1 0 0 2 1 0 0 0 1 0 0 0 0 0 0 4 0 4 0 3 0 0 1 0 0 3 0 4 0 5 0 4 0 4 1 0 0 0 0 3 0 4 0 5 0 4 0 6 0 6 0 4 1 0 0 3 0 3 0 3 0 1 0 5 0 2 0 1 0 0 0 0 0 0 0 1 0 1 0 6 0 0 0 0 0 6 0 2 0 2 0 4 0 0 0 3 0 0 1 0 0 0 0 4 0 1 1 0 0 3 0 2 0 6 0 2 0 4 0 5 0 1 0 1 0 3 0 2 0 0 0 1 1 0 0 1 0 4 0 3 0 6 0 2 0 0 0 5 0 6 0 4 0 6 0 1 0 3 0 2 0 1 1 0 0 3 0 5 1 0 1 0 1 0 0 6 0 6 0 2 0 3 0 2 1 0 1 0 0 4 0 0 0 1 0 2 0 5 0 1 0 0 0 6 0 0 0 4 1 0 1 0 0 6 0 4 1 0 0 6 0 3 1 0 0 6 0 0 0 3 0 2 0 2 1 0 0 0 0 0 0 4 0 2 0 1 0 0 0 5 0 6 0 0 0 4 0 2 0 6 0 2 0 5 0 6 0 3 0 1 0 2 0 4 0 3 0 4 0 4 0 6 0 6 0 3 0 3 0 0 0 4 0 6 0 3 0 4 0 2 0 0 0 2 0 1 0 1 0 3 0 4 0 2 0 4 1 0 0 1 1 0 0 5 0 1 0 1 0 1 0 5 0 6 0 0 0 6 0 3 0 5 0 6 0 6 0 2 1 0 0 6 0 6 0 0 0 2 0 4 0 2 0 6 0 0 0 3 0 6 0 4 0 3 0 6 0 2 1 0 1 0 0 4 1 0 0 1 0 6 0 5 1 0 0 2 0 0 0 5 0 4 0 3 0 4 0 0 0 5 0 2 0 1 0 2 0 3 0 1 0 0 0 2 0 2 0 5 0 6 0 5 0 1 0 5 0 0 0 6 0 1 0 2 0 0 0 3 0 1 0 0 1 0 0 6 0 1 0 3 0 2 0 6 0 1 0 3 1 0 1 0 0 4 0 0 0 2 0 4 0 5 0 5 0 4 0 6 0 3 0 1 0 4 0 2 0 4 0 0 1 0 1 0 1 0 0 1 0 0 0 2 0 1 0 2 0 2 0 0 0 0 1 0 0 5 0 3 0 1 0 6 0 0 0 0
0 663 1 0 5 1 0 0 6 0 4 0 5 0 5 0 2 0 1 0 5 1 0 0 1 0 3 0 2 0 5 0 3 0 2 0 1 0 6 0 0 0 0 1 0 0 1 0 3 0 6 0 6 0 4 1 0 0 4 0 4 0 1 0 2 0 0 0 3 0 2 0 3 0 0 0 4 1 0 0 2 1 0 0 3 0 0 0 5 0 5 0 3 0 6 0 4 0 2 0 3 0 0 0 6 0 1 0 3 0 6 0 1 0 0 0 0 0 3 0 2 0 5 0 1 0 3 1 0 1 0 0 5 0 6 0 0 0 5 1 0 0 1 0 1 0 1 1 0 0 2 0 6 0 6 0 1 0 4 0 2 0 2 1 0 0 0 1 0 0 2 0 4 0 2 0 6 0 6 0 2 1 0 0 6 0 6 0 6 0 3 0 2 0 5 0 2 0 0 0 0 0 0 0 2 0 3 0 4 0 1 0 1 0 4 0 5 0 5 0 0 0 1 0 6 0 1 0 6 0 0 0 0 0 4 0 6 0 5 0 5 0 4 0 6 0 1 0 3 0 3 0 2 0 6 0 4 0 0 0 3 0 6 0 2 0 1 0 0 0 5 0 5 0 1 0 3 0 6 0 2 0 5 0 3 0 6 0 4 0 3 0 6 0 6 0 4 0 0 1 0 1 0 0 5 0 5 0 5 0 6 0 5 1 0 1 0 0 0 0 1 0 2 0 5 0 2 0 3 0 1 0 4 0 2 0 2 0 0 1 0 0 5 0 3 0 0 0 5 0 1 0 0 0 4 0 1 0 6 0 4 0 5 0 5 1 0 0 1 0 0 0 5 0 2 0 1 0 3 0 5 0 2 0 0 0 6 0 4 0 6 0 3 0 5 1 0 0 3 0 5 0 1 0 0 0 2 0 2 0 6 0 5 1 0 1 0 0 2 0 1 0 6 0 0 0 1 0 5 0 0 0 4 0 2 0 2 1 0 0 1 0 6 0 1 1 0 0 3 1 0 0 2 0 3 0 2 0 3 0 3 0 5 0 2 0 5 0 0 0 4 0 6 0 5 1 0 0 0 0 5 0 5 0 1 0 5 0 0 0 6 0 4 0 1 1 0 0 6 0 2 0 0 0 5 1 0 0 0 1 0 0 1 1 0 0 3 0 5 0 4 1 0 0 4 0 1 0 3 0 2 0 0 0 1 0 2 0 2 0 5 0 2 0 4 0 6 0 2 0 0 0 4 0 5 0 3 0 6 0 3 0 4 0 2 0 2 0 4 0 3 0 4 0 0 0 6 0 2 0 1 1 0 0 4 0 3 0 6 0 5 0 4 0 4 0 0 0 0 1 0 0 0 0 1 0 5 0 1 0 4 0 4 0 2 0 5 1 0 0 4 0 0 0 6 0 0 0 2 1 0 1 0 0 6 0 1 0 0 0 4 0 2 0 4 0 4 0 0 0 1 1 0 0 2 1 0 0 4 0 4 0 1 0 0
0 663 3 0 4 0 0 0 5 0 2 0 4 0 3 0 5 0 3 0 3 1 0 0 2 0 6 0 5 0 2 1 0 0 5 0 3 0 4 0 1 0 1 0 6 0 1 1 0 0 6 0 6 0 3 0 0 0 1 0 1 0 3 0 4 0 0 0 6 0 4 0 6 0 1 0 1 1 0 0 5 0 6 0 5 0 1 0 3 0 4 0 0 0 6 0 1 0 5 0 6 0 1 0 4 0 3 1 0 0 5 0 3 0 0 0 0 0 6 0 5 0 2 0 4 0 0 0 0 1 0 0 3 0 5 0 2 0 3 1 0 0 2 0 2 0 3 0 6 0 4 0 5 0 5 0 4 0 0 0 5 0 5 0 6 0 0 0 6 0 4 0 0 0 6 0 5 0 5 1 0 0 0 0 5 0 6 0 5 1 0 0 6 0 2 0 5 0 0 0 0 0 0 0 4 1 0 0 1 0 3 0 3 0 1 0 4 0 3 0 1 0 3 0 4 0 4 0 4 0 1 0 1 0 1 0 6 0 4 0 4 0 2 0 5 0 3 0 6 0 6 0 5 0 5 0 1 0 1 1 0 0 5 0 5 0 2 0 1 0 3 0 3 0 3 1 0 0 5 0 6 0 3 0 0 0 6 0 2 0 0 0 6 0 6 0 1 0 2 1 0 1 0 0 3 0 4 0 4 0 6 0 5 0 0 0 5 1 0 0 2 0 5 0 2 0 5 0 6 0 3 0 0 0 5 0 4 0 1 1 0 0 2 1 0 0 2 0 2 0 3 0 1 0 0 0 4 0 5 0 2 0 4 0 4 1 0 0 2 0 1 0 2 0 5 0 2 1 0 0 3 0 5 0 1 0 5 0 2 0 6 0 0 0 4 1 0 1 0 0 3 0 3 0 0 0 4 0 5 0 5 0 5 0 0 0 6 0 3 0 3 0 4 0 1 0 3 0 2 0 2 0 0 0 5 0 5 0 6 0 2 0 4 0 4 0 6 0 6 0 6 0 3 0 6 0 4 1 0 0 0 0 3 0 6 0 2 0 2 0 1 0 6 0 4 1 0 0 1 0 3 0 3 0 4 0 2 0 2 0 5 0 1 0 4 1 0 0 4 0 5 0 1 0 3 1 0 0 1 0 6 0 2 0 6 0 6 0 3 0 3 0 0 0 0 0 3 0 6 0 4 0 0 0 2 0 4 0 5 0 2 0 6 0 1 0 5 0 5 0 1 0 1 0 4 0 0 0 6 0 0 0 1 0 5 0 5 0 1 0 0 0 1 0 2 0 4 0 5 0 3 1 0 0 1 0 0 0 6 0 4 0 2 0 1 0 1 0 1 0 5 1 0 0 3 0 2 0 4 0 1 0 1 0 6 0 4 0 0 0 0 0 2 0 4 0 1 0 5 1 0 1 0 0 4 0 3 0 1 0 0 0 6 0 1 0 1 0 1 0 3 0 6 0 4 1 0 0 1 0 1 0 3 0 0
0 664 1 0 0 1 0 2 0 2 0 6 0 1 0 0 0 4 0 0 0 0 1 0 0 5 0 5 0 3 1 0 0 0 0 3 0 0 0 1 0 3 0 3 0 4 0 4 1 0 0 5 0 5 1 0 0 1 0 2 0 2 1 0 0 1 0 2 0 5 0 2 0 5 0 3 0 3 1 0 0 3 0 6 0 3 0 3 1 0 0 1 0 2 0 4 0 4 0 3 0 5 0 4 0 1 0 1 0 0 0 2 1 0 0 1 0 1 0 5 0 3 0 6 0 0 0 1 0 1 0 6 0 6 0 2 0 5 1 0 1 0 0 4 0 4 1 0 0 6 0 2 0 4 0 4 0 1 0 2 0 3 0 4 0 5 0 2 0 5 0 1 0 2 0 5 0 4 0 4 1 0 0 1 0 3 0 6 0 5 0 0 0 4 0 6 0 2 0 1 0 0 0 1 0 1 1 0 0 2 0 6 0 6 0 3 0 0 1 0 0 3 1 0 0 2 0 2 0 1 0 3 0 2 0 3 0 5 0 2 0 1 0 6 0 3 0 0 0 6 0 6 0 4 0 3 0 3 0 3 1 0 0 3 0 3 0 5 0 2 1 0 0 0 0 1 0 0 0 3 0 5 1 0 0 2 0 4 0 5 0 1 0 5 0 5 0 3 0 5 1 0 0 6 0 6 0 1 0 2 0 6 0 3 0 2 0 3 1 0 0 5 0 2 0 6 0 3 0 5 1 0 0 2 0 3 0 1 0 4 0 6 0 4 0 6 0 3 0 4 0 6 0 2 0 1 0 1 0 3 0 6 0 1 0 2 1 0 0 4 0 2 0 5 0 2 0 6 0 6 0 6 0 2 0 4 0 2 0 6 0 4 0 2 0 2 0 0 0 6 0 5 0 6 0 1 0 1 0 4 0 4 0 3 0 2 0 5 0 0 0 0 0 1 0 3 0 6 0 4 0 4 0 1 0 3 0 4 0 5 0 6 0 1 0 2 0 6 0 6 0 6 0 0 0 6 0 2 1 0 0 0 1 0 0 5 0 5 0 4 0 3 0 5 0 2 1 0 0 2 1 0 0 0 0 1 0 5 0 5 0 2 0 4 0 2 0 0 0 1 0 3 0 3 1 0 1 0 0 3 0 4 0 6 0 5 0 5 1 0 1 0 0 1 0 0 1 0 0 6 0 1 0 1 0 5 0 1 0 3 0 6 0 4 0 4 0 3 0 3 0 3 0 3 0 0 0 2 0 4 0 1 0 3 0 3 0 3 0 3 0 0 0 2 0 5 0 1 0 4 0 0 1 0 0 2 0 1 0 5 0 1 0 5 0 2 0 2 0 3 0 3 1 0 0 6 0 5 0 0 0 3 0 3 0 5 0 1 0 1 0 0 0 5 0 0 0 4 0 4 0 0 1 0 0 0 1 0 0 3 0 1 0 4 0 3 0 2 0 2 1 0 0 6 0 2 1 0 0 2 0 2 0 6 0 0
0 665 1 0 6 0 1 0 4 0 5 0 4 0 3 0 1 0 0 0 1 0 1 1 0 0 3 0 4 0 0 1 0 0 0 0 6 0 0 0 2 1 0 0 0 0 2 0 3 0 0 0 3 0 4 1 0 0 2 0 4 0 5 0 6 0 1 0 5 0 2 0 6 0 3 0 0 0 0 1 0 1 0 0 6 0 0 0 0 1 0 0 2 0 5 0 1 0 2 0 0 0 4 0 1 0 3 0 2 0 0 0 5 0 6 0 1 0 3 0 3 0 0 0 5 0 1 0 2 0 3 0 5 0 5 0 6 0 4 0 0 1 0 0 1 0 3 0 0 0 4 0 6 0 1 0 1 0 3 0 4 1 0 0 2 0 3 0 6 0 2 0 3 0 5 0 3 0 2 0 2 1 0 0 2 1 0 0 6 0 3 0 2 0 1 0 5 0 5 0 2 0 0 0 2 0 3 0 6 0 4 0 5 0 5 1 0 0 2 0 6 0 6 0 6 0 3 0 4 0 2 0 6 0 4 1 0 0 3 0 5 0 3 0 4 1 0 0 2 0 5 0 6 0 2 0 0 0 0 0 0 1 0 1 0 0 0 0 3 0 6 0 5 1 0 0 2 0 0 1 0 0 4 1 0 0 5 0 1 0 3 0 4 0 3 0 4 0 0 0 5 0 0 0 5 0 5 0 3 0 5 0 4 1 0 0 6 0 0 0 0 0 2 0 6 0 5 0 0 0 4 1 0 0 4 0 6 0 3 0 1 0 6 0 2 0 6 0 0 0 2 0 5 0 5 0 2 0 2 1 0 0 5 0 3 0 5 1 0 0 0 0 6 0 2 0 6 0 5 0 6 0 5 0 6 0 0 0 6 0 5 0 1 0 5 0 4 0 1 0 5 0 4 0 5 0 3 0 3 0 1 0 1 1 0 0 6 0 2 0 1 0 0 0 2 1 0 0 6 0 2 0 1 0 3 1 0 0 2 0 4 0 5 0 3 0 5 0 5 0 6 0 5 0 2 0 4 0 6 0 6 0 0 1 0 0 3 0 4 0 2 0 0 0 3 0 6 0 6 0 4 0 5 1 0 0 3 0 3 0 3 0 6 0 0 0 5 0 0 0 2 1 0 0 1 0 0 0 6 0 6 0 1 0 6 0 4 0 5 0 0 0 6 0 1 0 1 1 0 0 4 0 3 0 3 0 2 0 3 1 0 0 6 0 2 0 1 1 0 1 0 1 0 1 0 0 1 0 5 0 0 0 3 0 6 0 6 0 6 0 6 0 0 0 5 0 2 0 4 0 0 0 2 0 6 0 3 0 3 0 2 0 4 0 2 0 5 0 4 1 0 0 1 0 0 0 5 0 3 0 1 1 0 0 0 0 3 0 3 0 2 0 1 0 2 0 2 0 1 0 1 0 2 0 6 0 0 0 6 0 5 0 3 0 0 1 0 0 5 0 5 1 0 0 4 0 6 0 6 0 3 0 5 0 4 0 1
0 665 3 0 4 0 4 0 1 0 4 0 1 1 0 0 3 0 0 0 2 0 3 0 6 0 6 0 0 0 2 0 6 0 0 0 4 0 1 0 5 0 5 1 0 0 4 0 6 0 0 1 0 0 2 1 0 0 5 0 1 0 4 0 5 0 4 0 2 0 6 0 4 1 0 0 1 0 1 1 0 1 0 0 4 0 1 0 1 0 6 0 4 0 2 0 3 0 4 0 1 0 0 0 3 0 6 0 4 0 1 0 3 0 5 0 3 0 6 0 6 0 1 0 2 0 3 0 4 1 0 0 4 0 4 0 6 0 1 0 2 0 6 0 1 0 6 0 1 0 1 0 5 0 3 0 2 1 0 0 2 1 0 0 4 1 0 0 5 0 5 1 0 0 3 1 0 0 5 0 5 0 6 0 4 1 0 0 4 1 0 0 5 0 3 0 3 0 3 0 5 0 0 0 4 1 0 0 6 0 2 0 4 0 4 1 0 0 5 0 5 0 6 0 6 0 0 0 1 0 6 0 5 0 2 1 0 1 0 0 4 0 0 0 2 1 0 0 5 0 3 0 5 0 5 0 0 0 0 0 1 1 0 0 5 1 0 1 0 0 6 0 4 1 0 0 4 0 1 1 0 0 2 0 0 0 2 0 3 1 0 0 2 0 0 0 1 0 2 0 2 0 2 0 3 0 4 0 0 0 4 0 3 0 0 0 4 0 1 0 0 0 5 0 5 0 3 0 2 0 2 0 0 0 1 0 5 1 0 0 4 0 4 0 6 0 4 0 1 0 5 0 3 0 3 0 5 0 5 1 0 0 3 0 0 0 4 1 0 0 1 0 4 0 6 0 5 0 4 0 6 0 4 0 5 0 2 0 5 0 3 0 4 0 3 0 1 0 4 0 3 0 2 0 3 1 0 1 0 0 3 0 3 1 0 0 4 0 5 0 2 0 0 0 5 1 0 0 4 0 5 0 2 1 0 1 0 0 5 0 1 0 4 0 0 0 4 0 4 0 6 0 3 0 6 0 1 0 6 0 5 0 2 0 6 0 6 0 0 0 5 0 0 1 0 0 6 0 6 0 2 0 4 1 0 1 0 0 0 0 0 0 5 0 2 0 2 0 1 0 5 0 6 0 1 0 1 0 5 0 5 0 4 0 5 0 2 0 3 0 2 0 4 0 3 0 3 1 0 0 0 1 0 1 0 0 6 0 0 0 0 0 4 0 5 0 3 1 0 1 0 1 0 0 6 0 2 0 2 0 1 1 0 0 6 0 6 0 6 0 5 0 2 0 2 0 6 0 0 0 1 0 5 0 4 1 0 1 0 0 6 0 0 0 6 0 3 0 2 1 0 0 2 0 1 0 2 1 0 0 4 0 5 1 0 0 6 0 6 0 4 0 2 0 4 0 4 0 2 0 2 0 5 0 4 0 2 0 5 0 3 1 0 0 2 1 0 0 3 0 5 0 0 0 1 0 6 0 6 0 0 0 4 0 1 0 3
1 666 1 0 0 2 0 1 0 4 0 0 0 4 0 6 0 5 0 0 0 4 1 0 0 6 0 5 0 1 0 5 0 4 0 2 0 0 0 4 0 3 0 5 0 0 0 1 0 5 0 2 0 6 0 4 1 0 0 2 0 4 0 1 0 4 0 1 0 6 0 5 0 2 1 0 0 2 0 3 1 0 1 0 0 0 0 3 0 3 0 5 0 1 0 5 1 0 0 1 0 3 0 0 1 0 0 6 0 1 0 3 1 0 0 4 0 0 0 6 0 5 0 3 0 4 1 0 0 3 0 0 0 1 0 2 0 5 0 3 0 5 0 4 0 4 0 4 0 3 0 3 0 2 1 0 0 6 0 6 0 4 1 0 0 2 0 0 0 3 0 5 0 0 0 0 0 0 0 3 0 4 0 6 0 3 0 0 0 2 0 0 0 3 0 0 0 0 0 0 0 3 0 2 0 2 0 0 0 4 0 6 0 1 0 3 0 0 0 3 0 4 0 6 0 5 0 1 0 3 0 5 0 3 1 0 0 0 1 0 0 0 0 1 0 5 1 0 0 3 0 0 0 4 0 3 0 1 0 0 0 3 1 0 0 4 0 0 1 0 0 5 0 3 0 0 0 0 0 4 0 6 0 3 0 0 0 4 1 0 1 0 0 4 0 0 0 2 0 4 0 4 0 4 1 0 0 1 0 2 0 0 1 0 0 2 0 0 0 3 0 1 0 3 0 3 1 0 0 5 0 4 0 0 0 3 0 4 0 0 0 1 0 2 0 6 0 1 0 4 0 3 0 0 0 0 0 4 0 4 1 0 0 6 0 1 0 1 1 0 0 3 0 1 0 6 0 4 0 2 0 6 0 2 0 3 0 6 0 3 0 0 0 1 1 0 0 4 0 0 1 0 0 6 0 0 0 0 0 6 0 6 0 0 0 0 0 1 0 3 0 5 0 1 0 4 0 0 0 1 0 3 1 0 0 0 1 0 0 2 0 4 0 0 0 2 0 1 0 2 0 6 0 0 0 5 0 4 0 5 0 3 0 6 0 5 0 5 0 2 0 2 0 2 1 0 0 5 0 5 0 6 0 2 0 0 0 5 1 0 0 1 0 2 0 5 0 4 0 3 0 3 0 5 0 3 0 3 0 3 0 4 0 2 0 3 0 5 0 6 0 5 0 1 0 0 0 0 1 0 0 1 1 0 1 0 0 4 0 1 0 1 0 1 0 4 0 1 0 0 1 0 1 0 0 4 0 5 0 4 0 3 1 0 0 5 0 6 0 6 0 3 0 5 0 5 0 4 0 1 0 3 0 3 0 3 0 0 1 0 0 4 0 2 0 4 1 0 0 6 0 6 0 3 0 2 0 5 1 0 0 1 0 5 0 0 0 5 0 6 0 1 0 6 0 1 0 1 0 5 0 5 0 3 0 1 0 6 0 3 0 0 1 0 0 5 0 6 0 6 0 2 0 1 0 3 0 5 0 5 0 2 0 0 0 3 1 0
1 667 1 0 6 0 3 0 3 0 0 0 2 0 1 0 6 0 3 0 2 0 2 0 0 0 5 0 3 0 4 0 3 0 1 0 5 0 1 0 1 0 0 0 3 0 1 0 3 0 2 0 6 0 5 0 2 1 0 0 5 0 0 0 4 0 0 0 4 0 5 0 3 0 6 0 6 0 4 0 0 0 0 0 5 1 0 1 0 0 0 0 3 0 4 0 3 1 0 0 2 0 6 0 1 1 0 0 4 0 4 0 0 0 0 0 0 0 2 0 5 0 4 0 0 0 2 1 0 0 6 0 0 0 2 0 5 0 3 0 0 0 4 0 2 0 2 0 1 1 0 1 0 1 0 0 0 0 5 0 6 0 2 1 0 0 4 0 0 1 0 0 3 0 1 0 0 0 0 1 0 0 2 0 5 1 0 0 1 0 4 0 0 0 6 0 0 0 0 0 0 0 6 0 4 0 4 0 1 0 1 0 5 0 3 0 6 0 0 1 0 0 2 0 6 0 3 0 3 1 0 0 4 0 0 1 0 0 1 0 5 1 0 0 3 0 3 1 0 0 6 0 1 0 0 1 0 0 3 0 1 0 0 0 0 0 0 0 2 1 0 0 2 1 0 0 1 0 1 0 1 0 5 1 0 0 2 0 2 0 0 1 0 0 0 0 1 0 5 0 1 0 2 0 2 1 0 0 2 0 4 0 1 0 6 0 3 0 0 0 6 0 2 1 0 0 1 0 0 0 3 0 1 0 1 1 0 0 1 0 1 0 2 0 5 0 4 0 4 0 0 1 0 0 1 0 1 0 1 0 3 0 0 0 4 0 3 0 3 0 6 0 5 0 3 0 5 0 1 0 6 0 4 0 5 1 0 0 5 1 0 0 1 0 3 1 0 0 0 0 2 1 0 0 4 0 1 0 1 0 5 0 5 0 1 0 0 0 2 1 0 0 3 0 4 0 0 0 1 0 2 1 0 1 0 0 1 0 6 0 4 0 0 0 1 0 4 0 2 0 5 0 4 0 2 0 3 0 2 0 4 0 0 0 6 0 4 0 3 0 5 0 4 0 5 1 0 0 3 0 4 0 5 0 5 0 1 0 3 1 0 0 2 0 5 0 3 0 2 0 0 0 0 0 4 0 0 0 0 0 0 0 1 0 5 1 0 0 4 0 6 0 3 0 3 0 0 0 1 0 6 0 2 1 0 1 0 0 0 0 3 0 2 0 3 0 0 0 3 0 1 1 0 1 0 0 1 0 4 0 2 0 1 0 0 0 3 0 6 0 6 0 0 0 4 0 4 0 1 0 3 0 6 0 6 0 6 0 1 1 0 0 0 0 6 0 2 0 0 0 5 0 5 1 0 0 6 0 3 1 0 0 3 0 2 0 2 0 3 0 5 0 4 0 4 0 3 0 3 0 3 0 3 1 0 0 4 0 4 1 0 0 2 1 0 0 3 0 6 0 5 0 5 0 2 1 0 0 4 0 3 0 5 0 0 1 0 1 0
1 667 3 0 4 1 0 1 0 0 1 0 4 0 3 0 4 1 0 0 5 0 4 0 1 0 3 0 0 0 1 1 0 0 4 0 2 0 3 0 2 0 0 0 6 0 2 0 6 0 5 0 5 0 3 1 0 0 0 0 2 0 2 0 0 0 2 0 1 0 4 0 0 0 6 0 6 0 1 0 1 0 1 0 4 0 0 0 5 1 0 1 0 0 2 0 0 1 0 0 5 0 4 0 4 1 0 0 1 0 1 0 1 0 0 0 0 0 5 0 3 0 1 0 1 0 5 1 0 0 4 0 1 0 5 0 2 1 0 0 2 0 0 0 5 0 4 0 3 1 0 1 0 0 6 0 0 0 3 0 5 1 0 0 0 0 0 0 2 0 6 0 5 0 2 0 0 0 1 0 6 0 4 0 3 1 0 0 3 0 0 0 2 0 4 0 1 0 0 0 1 0 5 0 2 0 1 0 3 0 3 0 3 0 0 0 5 0 2 0 6 0 4 0 5 0 0 0 1 0 0 0 0 0 2 0 6 0 2 0 3 1 0 1 0 0 1 0 0 0 4 0 3 0 1 0 6 0 5 0 2 0 0 0 0 0 0 0 5 0 6 0 4 0 6 0 1 0 2 0 3 0 3 1 0 0 4 0 4 0 1 0 5 1 0 0 3 0 2 0 3 0 4 0 5 0 6 0 4 0 0 0 4 0 4 1 0 0 2 0 4 0 6 0 6 0 1 0 0 0 6 0 2 0 3 0 6 0 1 0 2 0 5 0 3 0 2 0 1 0 2 0 6 0 1 0 2 0 2 0 6 0 1 0 1 0 0 0 0 0 6 0 4 0 0 0 3 0 4 0 5 0 2 0 5 0 0 0 3 1 0 0 2 1 0 1 0 0 0 0 5 1 0 0 0 0 3 0 3 0 3 0 3 0 3 0 0 0 5 0 6 0 6 0 0 0 1 0 2 0 5 1 0 0 6 0 2 0 5 0 1 0 1 0 3 0 0 0 6 0 3 0 1 0 5 0 6 0 5 0 0 0 2 0 5 0 2 0 0 0 4 0 2 0 4 1 0 1 0 0 2 0 4 0 3 0 3 1 0 1 0 0 5 0 2 1 0 0 5 0 0 0 1 0 0 0 1 0 0 0 0 0 3 0 4 0 0 0 1 0 5 1 0 1 0 0 1 0 3 0 4 1 0 0 0 0 5 1 0 0 6 0 4 0 6 0 0 0 6 0 3 1 0 0 6 0 2 0 0 0 5 0 2 0 0 1 0 0 6 0 5 0 2 0 1 0 1 0 3 1 0 0 6 0 6 0 5 0 4 0 6 0 0 0 4 0 5 0 1 0 3 0 5 0 0 0 5 0 0 1 0 0 6 0 4 0 4 1 0 0 4 0 2 0 2 0 0 0 0 0 0 0 1 0 0 0 1 0 2 1 0 0 5 0 6 0 6 0 5 0 4 0 3 1 0 0 0 0 1 0 0 0 3 0 2 1 0 0 5
0 668 1 0 0 3 0 0 0 6 0 2 0 1 0 0 0 3 0 0 0 3 0 1 0 3 0 6 0 0 0 3 1 0 0 0 0 5 0 6 0 4 0 1 0 4 0 6 0 5 0 4 0 4 0 0 1 0 0 0 0 4 0 4 0 0 0 4 0 3 0 0 0 2 0 5 0 5 0 3 0 2 0 3 0 0 0 2 0 4 0 0 0 6 0 3 0 1 1 0 0 3 0 2 0 2 1 0 0 2 0 2 0 2 0 0 0 1 0 2 1 0 0 3 0 3 0 4 0 0 0 0 0 4 0 2 0 6 0 6 0 3 0 1 0 3 0 2 0 1 0 0 1 0 0 4 0 1 1 0 0 4 1 0 0 0 0 0 0 5 0 5 0 3 0 5 0 0 0 3 0 5 0 2 0 0 1 0 0 6 0 0 0 5 0 0 0 3 0 0 0 3 0 2 0 5 0 2 0 6 0 6 0 6 0 1 0 2 0 6 0 5 0 2 0 3 0 1 0 2 0 0 0 0 0 5 0 4 0 6 0 0 0 0 0 6 0 1 0 1 0 0 1 0 0 4 0 5 0 3 0 5 0 0 0 0 0 1 0 3 0 6 0 2 0 5 0 3 0 4 1 0 0 1 0 0 0 1 0 1 0 4 0 3 1 0 0 6 0 4 1 0 0 2 0 4 0 6 0 1 0 2 0 1 0 2 1 0 0 5 0 1 0 6 0 5 0 3 0 1 0 4 0 5 1 0 0 5 0 3 0 5 0 2 1 0 0 5 0 2 0 5 0 4 0 3 0 4 0 5 0 4 0 3 0 2 0 0 0 1 0 5 0 1 0 1 1 0 0 2 0 3 0 6 0 2 0 1 1 0 1 0 0 5 1 0 0 6 0 0 0 3 1 0 0 0 0 6 0 6 0 6 0 6 0 6 0 1 0 3 0 6 0 5 0 1 0 2 0 5 0 4 0 0 0 4 0 6 0 2 0 3 0 2 0 6 0 1 0 4 1 0 0 4 0 3 0 6 0 3 0 1 0 5 0 2 0 5 0 1 0 0 0 6 0 2 0 0 0 6 0 4 0 1 0 0 0 1 0 0 1 0 0 2 1 0 0 0 0 2 0 1 0 2 0 0 0 2 0 0 0 0 1 0 0 1 0 1 0 3 0 4 0 0 0 6 0 1 1 0 0 2 1 0 0 1 0 4 0 0 0 5 0 2 0 5 0 2 0 5 0 1 0 0 0 4 0 5 0 1 0 2 0 5 0 1 1 0 0 5 0 3 0 5 0 2 0 3 0 0 0 0 0 5 0 6 0 4 0 2 0 5 0 2 0 1 0 3 0 3 1 0 0 3 0 2 0 2 0 2 1 0 0 5 0 2 0 3 0 0 0 0 0 5 0 4 0 0 0 0 0 0 0 2 0 0 0 2 0 5 1 0 0 3 0 6 0 6 0 4 0 2 0 0 1 0 0 0 0 2 0 0 0 6 0 5 1 0 0 3
1 669 1 0 6 0 5 0 1 0 4 0 5 0 2 0 0 0 6 0 0 0 6 0 2 1 0 0 5 0 1 1 0 1 0 0 1 0 3 0 6 0 1 0 4 0 1 0 6 0 4 0 2 0 1 0 2 0 6 0 0 0 1 0 1 0 2 0 0 1 0 0 1 0 5 0 3 0 3 1 0 0 5 0 6 0 0 0 5 0 0 0 2 0 4 1 0 0 4 0 6 0 5 0 4 0 5 0 6 0 3 0 4 0 4 0 0 0 2 0 5 0 6 0 5 1 0 0 1 0 1 0 1 0 0 0 6 0 5 0 5 1 0 0 3 0 6 0 4 0 2 0 1 1 0 0 0 0 4 1 0 0 1 1 0 0 0 0 1 0 3 0 4 0 0 0 3 0 1 1 0 0 3 0 5 0 1 1 0 0 4 0 2 0 2 0 1 0 6 0 0 0 6 0 5 0 2 0 6 0 5 0 6 0 5 0 3 0 5 0 5 0 3 0 5 0 6 0 2 0 4 0 0 0 1 0 3 0 2 0 5 0 1 0 1 0 4 0 3 0 2 0 1 1 0 0 1 0 4 0 0 0 3 0 1 0 0 0 2 1 0 0 5 0 6 0 3 0 0 0 2 1 0 0 2 0 0 0 2 0 3 0 1 0 1 0 0 0 5 0 2 1 0 0 5 0 1 0 5 0 3 0 4 0 2 0 5 1 0 0 2 0 4 0 5 0 3 1 0 0 4 0 1 0 5 0 0 0 3 0 0 0 3 1 0 0 0 0 2 0 6 0 3 0 2 0 0 0 2 0 4 0 1 1 0 0 5 0 0 0 3 0 2 0 3 0 3 0 6 0 3 1 0 0 5 0 5 0 3 1 0 1 0 0 4 0 0 0 4 0 1 1 0 1 0 0 1 0 5 0 6 0 6 0 6 0 5 0 3 1 0 0 6 0 3 0 3 0 5 0 3 0 1 0 2 0 1 0 5 0 5 0 6 0 5 0 4 0 4 0 2 0 0 0 1 0 0 0 5 1 0 0 4 0 2 0 6 0 2 0 3 0 1 0 4 0 5 0 1 0 5 0 1 0 3 0 0 0 2 0 1 0 6 0 4 0 5 1 0 0 4 0 2 0 4 0 0 0 4 0 0 0 1 0 6 0 1 0 2 1 0 0 1 0 2 0 4 0 4 0 6 0 4 0 6 0 2 0 0 0 2 0 2 0 6 0 2 0 6 0 2 0 3 0 1 0 1 0 3 0 3 0 5 0 2 0 4 1 0 0 3 0 0 0 3 0 5 0 6 0 0 0 1 0 3 0 6 0 1 0 6 0 2 0 5 0 2 1 0 0 0 1 0 0 6 0 4 0 4 0 5 1 0 0 2 0 5 0 6 0 0 0 1 0 3 0 1 0 1 0 0 0 0 0 4 0 0 0 5 0 3 1 0 1 0 0 6 0 6 0 1 0 5 0 1 0 5 1 0 0 4 0 1 0 5 0 4 1 0 1 0
1 669 3 0 5 0 3 0 4 0 1 0 3 0 5 0 1 0 4 0 2 0 4 1 0 0 0 0 2 0 4 1 0 0 6 0 1 1 0 0 5 0 4 0 0 0 4 0 5 0 1 0 5 0 2 0 5 0 4 0 1 0 2 0 2 0 4 0 1 0 6 0 2 0 3 0 0 0 1 0 0 0 3 0 5 0 2 0 2 0 1 0 5 0 2 0 0 0 1 0 6 0 4 0 2 0 4 0 6 0 0 0 2 0 1 0 1 0 5 0 3 0 6 0 4 1 0 0 2 0 2 0 2 0 1 0 5 0 4 0 4 1 0 1 0 0 6 0 1 0 5 0 3 0 6 0 0 0 1 1 0 0 3 0 5 1 0 0 2 1 0 0 1 0 1 0 6 0 3 0 6 0 6 0 2 0 4 1 0 0 0 0 5 0 4 0 3 0 4 0 2 0 5 0 3 0 6 0 5 0 4 0 6 0 4 0 0 0 4 0 4 0 0 0 4 0 5 0 6 0 0 0 1 0 2 0 6 0 5 0 2 0 3 0 3 0 0 1 0 0 5 0 3 0 6 0 2 0 0 0 1 0 6 0 2 0 0 0 5 1 0 0 3 0 5 1 0 0 1 0 5 0 6 0 3 0 0 0 4 0 6 0 2 0 2 0 1 0 2 1 0 0 0 0 2 0 4 0 3 0 0 0 1 0 6 0 3 1 0 0 5 0 1 0 4 0 1 0 0 0 0 0 4 0 2 0 1 0 6 0 0 1 0 1 0 0 0 0 5 0 4 1 0 0 5 0 0 0 5 0 0 0 4 1 0 0 2 0 1 0 6 0 4 1 0 0 0 0 6 0 1 0 0 0 3 0 4 0 1 0 0 1 0 0 0 0 2 0 0 0 4 1 0 0 6 0 2 0 3 0 6 0 6 0 6 0 4 0 1 0 0 0 5 0 0 0 0 0 3 1 0 0 3 0 4 0 3 0 3 0 4 0 6 0 4 0 2 0 1 0 5 0 0 0 2 0 1 0 4 0 0 0 0 0 6 0 4 0 5 0 6 0 3 0 1 0 3 0 4 0 2 0 3 0 6 0 0 0 4 0 3 0 5 0 2 0 5 0 0 0 0 0 6 0 0 0 2 0 0 0 1 0 3 0 4 0 3 0 5 0 6 0 1 0 5 0 1 0 2 0 6 0 2 0 5 0 5 0 0 0 4 0 5 0 4 0 6 0 4 0 5 0 6 0 2 0 2 1 0 0 0 0 3 0 6 0 1 1 0 0 6 0 0 1 0 0 4 0 5 0 1 0 2 1 0 0 5 0 4 0 4 0 6 0 2 0 6 0 6 0 0 1 0 0 5 0 2 0 2 0 4 1 0 0 5 0 3 0 5 0 1 0 2 0 6 0 2 0 2 0 0 0 1 0 0 0 2 0 3 0 1 0 0 1 0 0 5 0 5 0 4 0 2 0 4 0 4 0 0 0 0 0 4 0 3 0 3 0 0 0 5
0 670 1 0 0 4 0 0 0 1 0 3 1 0 0 3 0 4 0 0 0 6 0 1 1 0 0 0 0 5 0 2 0 0 0 4 0 4 1 0 0 3 0 1 0 2 0 1 0 3 0 4 0 2 0 6 0 3 0 1 0 3 0 4 0 5 0 0 0 4 0 4 0 5 0 6 0 0 0 2 0 0 1 0 0 3 0 5 0 4 0 3 0 2 0 5 0 0 0 3 0 5 0 1 0 6 0 1 0 5 0 1 0 4 0 2 0 3 0 3 0 0 0 6 0 2 1 0 0 4 0 4 0 4 0 3 0 3 0 2 0 3 0 0 1 0 0 4 0 4 0 3 0 0 0 5 0 1 0 3 0 6 0 6 0 3 1 0 0 5 0 6 0 1 0 3 0 5 0 0 0 6 0 5 0 6 0 1 1 0 0 1 0 3 0 2 0 0 0 1 0 6 0 3 0 0 0 6 0 4 0 2 0 6 0 1 0 2 0 1 0 1 0 2 0 1 0 4 0 5 0 1 0 2 0 5 0 5 0 3 0 5 0 6 0 6 0 1 1 0 0 3 0 0 0 5 0 5 0 0 0 3 0 4 0 5 0 1 0 3 1 0 1 0 0 4 1 0 0 3 0 3 0 5 1 0 0 2 0 1 0 5 0 5 0 4 0 2 0 5 0 5 1 0 0 5 0 0 1 0 0 1 0 3 0 5 0 1 0 0 0 2 0 4 0 0 0 3 0 0 0 1 0 0 0 5 0 3 0 4 0 2 1 0 0 6 0 0 0 3 0 3 0 0 0 2 0 2 0 2 0 2 0 1 1 0 0 4 0 3 0 5 0 2 1 0 0 1 0 4 0 3 0 0 1 0 0 1 0 3 0 1 0 5 1 0 0 4 0 1 0 2 0 0 0 4 0 5 1 0 0 6 0 6 0 6 0 1 0 3 0 1 0 2 0 1 0 0 1 0 1 0 1 0 0 2 0 0 0 0 0 2 0 6 0 1 0 5 0 3 0 2 0 1 0 4 0 3 0 0 0 1 0 1 0 5 0 2 0 4 0 5 1 0 0 3 1 0 0 1 0 5 1 0 0 5 0 2 0 1 0 0 0 3 0 6 0 2 0 1 0 1 0 4 0 1 0 4 0 0 0 2 1 0 0 2 0 0 0 4 0 5 0 4 0 2 0 3 0 5 0 4 0 6 0 3 0 3 0 2 0 1 0 4 0 2 0 6 0 2 0 4 0 5 0 5 0 5 0 5 1 0 1 0 0 5 0 4 1 0 0 4 0 2 1 0 0 1 0 3 0 3 0 5 1 0 0 3 0 2 0 2 0 5 0 6 0 5 0 5 0 2 1 0 0 2 0 5 0 5 0 2 0 0 0 3 0 0 0 3 0 3 0 5 0 4 0 5 0 4 0 0 0 2 0 0 0 4 0 6 0 2 0 1 1 0 0 3 0 4 0 1 0 6 0 1 0 1 0 1 0 1 0 0 1 0 1 0 0 2 0 3
1 671 1 1 0 0 0 0 1 0 2 1 0 1 0 1 0 0 1 0 2 0 4 0 4 0 6 0 0 0 2 0 5 0 1 0 1 0 2 1 0 0 6 0 2 0 4 0 2 1 0 0 1 0 6 0 4 1 0 0 3 1 0 0 2 0 3 0 2 0 1 0 2 0 4 0 5 0 1 0 4 0 1 0 6 0 6 0 3 0 1 1 0 0 6 0 2 0 1 1 0 0 3 0 4 0 4 0 4 0 2 0 4 0 0 0 5 0 6 0 6 0 1 0 4 1 0 0 0 0 1 0 2 0 1 1 0 1 0 0 5 0 6 0 1 1 0 0 1 0 1 1 0 0 2 0 2 0 3 1 0 0 6 0 6 0 1 0 0 0 3 0 5 0 3 1 0 0 3 0 2 0 5 0 4 0 5 0 4 0 6 0 1 0 6 0 4 0 0 0 3 0 4 1 0 0 2 0 5 0 1 0 6 0 4 0 3 0 4 0 2 0 2 0 4 0 3 0 1 0 3 0 3 0 5 0 3 0 4 0 0 0 4 0 6 0 5 0 4 0 6 0 5 0 1 0 3 0 3 0 1 1 0 0 2 0 3 0 4 0 0 0 0 1 0 0 1 1 0 1 0 0 0 0 4 1 0 0 4 0 3 0 3 0 4 0 1 0 6 0 3 0 5 0 0 0 2 0 2 0 6 0 1 1 0 0 3 0 3 0 0 0 5 0 0 0 1 0 6 0 0 0 2 0 1 0 3 0 0 0 1 1 0 0 0 0 4 0 1 0 6 0 6 0 0 0 4 0 4 0 4 0 4 0 3 1 0 0 1 0 0 0 3 0 6 0 6 0 2 0 0 1 0 0 2 0 6 0 1 0 6 0 3 0 4 0 0 0 0 0 3 0 4 0 1 0 1 0 5 0 0 0 5 0 6 0 5 0 3 0 6 0 2 0 4 0 2 0 1 1 0 1 0 0 6 0 3 0 0 0 0 0 5 0 4 0 4 0 2 1 0 0 5 0 3 0 0 1 0 0 1 0 2 0 3 0 2 0 6 0 1 0 4 1 0 1 0 1 0 0 3 0 4 0 0 0 2 0 5 0 2 0 0 1 0 0 5 0 5 0 2 0 3 0 0 0 4 0 0 0 1 0 5 0 6 0 3 0 1 0 1 0 4 0 1 0 5 1 0 0 4 0 2 0 5 1 0 1 0 0 5 0 3 0 0 0 6 0 4 0 6 0 1 0 4 0 4 0 4 0 5 0 0 1 0 0 3 0 3 0 0 0 0 0 6 0 6 0 1 1 0 0 0 0 4 1 0 0 6 0 4 0 5 0 3 0 6 0 4 0 3 0 6 0 6 0 4 0 3 0 3 0 5 0 0 0 6 0 0 1 0 0 0 0 4 0 2 0 4 0 1 0 1 0 4 0 1 0 1 0 5 0 5 0 3 0 6 0 6 0 0 0 4 0 4 0 3 0 2 0 2 0 2 0 1 1 0 0 6 0 3 1 0
1 671 3 0 5 1 0 0 2 0 5 1 0 1 0 0 6 0 1 0 5 0 1 0 2 0 5 0 1 0 5 0 2 0 3 0 2 0 5 1 0 0 4 0 6 0 0 0 6 0 6 0 2 0 5 0 2 1 0 1 0 1 0 0 4 0 6 0 4 0 2 0 5 0 1 0 3 0 4 0 0 0 4 0 5 0 5 1 0 0 4 1 0 0 4 0 5 0 3 0 6 0 6 0 1 0 2 0 1 0 6 0 0 0 2 0 3 0 6 0 5 0 4 0 1 1 0 0 0 0 2 0 4 0 3 1 0 1 0 0 3 0 5 0 4 0 6 0 1 0 3 0 6 0 3 0 5 0 0 0 0 0 5 0 5 0 3 0 0 1 0 0 4 0 0 1 0 0 6 0 5 0 3 0 2 0 4 0 2 0 5 0 4 0 5 0 1 0 1 1 0 0 2 1 0 0 5 0 2 0 4 0 5 0 2 0 0 0 1 0 5 0 5 0 0 1 0 0 3 1 0 0 0 0 4 0 0 0 1 0 2 0 1 0 6 0 4 0 2 0 6 0 3 0 3 0 6 0 6 0 3 0 6 0 3 1 0 0 1 0 1 0 1 0 6 0 2 1 0 0 6 0 0 0 2 0 0 0 1 0 0 0 0 0 1 0 4 0 5 0 0 0 3 0 1 0 4 0 5 0 4 0 4 0 6 0 5 0 6 0 1 0 2 0 1 0 3 0 4 0 1 0 4 0 2 0 6 0 0 0 3 0 6 0 0 0 0 0 4 0 5 0 5 0 2 0 1 0 2 0 2 0 2 0 0 1 0 0 2 0 0 1 0 0 6 0 5 0 5 0 1 0 6 0 4 0 4 0 4 0 5 0 0 0 1 0 1 0 0 1 0 0 1 0 3 0 3 0 2 0 2 0 3 0 6 0 4 0 0 0 5 0 6 0 0 0 5 0 3 1 0 1 0 0 4 1 0 0 1 0 1 0 3 0 2 0 1 1 0 0 0 0 2 1 0 0 2 0 6 0 1 0 4 0 6 0 5 0 4 0 4 0 2 0 0 1 0 0 6 0 6 0 0 0 1 0 5 0 2 0 5 0 1 1 0 0 3 0 3 0 5 0 6 0 1 0 0 0 1 0 3 0 3 0 5 1 0 0 3 0 3 0 0 0 4 0 4 0 0 0 0 0 6 0 4 0 0 1 0 0 2 1 0 0 2 0 5 0 2 0 5 0 4 0 1 0 2 0 2 0 3 0 2 0 6 0 5 0 6 0 0 0 1 0 5 0 5 0 4 0 6 0 0 0 2 0 0 0 5 0 2 0 4 0 0 0 6 0 2 0 0 0 6 0 6 0 2 0 0 0 0 0 3 0 2 0 4 0 2 0 6 0 0 0 0 0 6 0 0 0 3 0 3 0 0 0 3 0 3 0 3 0 4 0 0 0 6 0 5 0 2 0 1 0 1 1 0 0 5 0 4 0 4 0 3 1 0 0 5 0 0 1 0
