1001 9
0 1 0
0 1 1
0 1 2
0 1 4
1 2 1 0
1 3 1 0 7
1 3 3 0 5
0 3 7 0 1
0 5 1 0 4 0 3
1 5 2 0 8 0 6
1 5 5 0 7 0 4
0 7 1 0 1 0 6 0 0
0 7 2 0 3 0 2 0 1
0 7 4 0 6 0 4 0 2
1 8 1 0 0 3 1 0 0 5
0 9 1 0 8 0 6 1 0 0 1
0 9 3 0 7 0 4 1 0 0 2
0 9 7 0 5 0 0 1 0 0 4
1 11 1 0 5 0 1 0 2 0 8 0 7
1 11 3 0 0 0 3 0 5 0 7 0 6
1 11 6 0 0 0 7 0 1 0 6 0 4
0 13 1 0 2 0 2 0 4 0 4 0 3 0 0
0 13 2 0 4 0 4 0 8 0 8 0 6 0 0
0 13 4 1 0 0 0 0 8 0 8 0 3 0 1
0 14 1 0 1 0 0 1 0 7 0 7 0 7 0 2
1 15 1 1 0 0 8 0 2 0 5 0 6 0 5 0 5
0 15 3 1 0 0 6 0 6 0 1 0 4 0 2 0 2
1 15 7 1 0 0 3 0 3 0 3 0 8 0 4 0 4
0 17 1 0 5 1 0 0 6 0 6 0 7 0 7 0 0 0 0
0 17 3 0 2 0 0 0 3 0 4 0 6 0 5 0 1 0 0
0 17 6 0 4 0 0 0 6 1 0 0 4 0 1 0 3 0 0
0 19 1 0 2 1 0 0 2 0 3 1 0 0 8 0 2 0 6 0 0
0 19 2 0 5 0 8 0 3 0 7 1 0 0 6 0 6 0 2 0 1
0 19 5 0 1 0 7 0 8 0 6 0 0 0 3 0 3 0 5 0 2
1 21 1 0 0 0 4 0 5 0 8 0 3 0 1 0 6 0 7 0 0 0 5
0 21 2 0 0 1 0 0 2 0 7 0 7 0 3 0 3 0 5 0 2 0 1
0 21 4 0 1 0 8 0 4 0 5 0 5 0 7 0 7 0 0 0 5 0 2
1 21 8 0 3 0 7 0 0 0 2 0 2 0 6 0 5 0 2 0 0 0 5
0 23 1 0 6 0 8 0 4 0 1 0 4 0 5 0 3 0 1 0 5 0 1 0 1
0 23 3 0 3 0 7 1 0 0 3 1 0 0 1 0 7 0 3 0 0 0 3 0 2
1 23 6 0 7 0 5 1 0 0 7 0 8 0 2 0 4 0 7 0 0 0 6 0 4
0 25 1 0 3 0 6 0 3 0 0 0 5 0 7 0 5 1 0 0 5 0 2 0 3 0 0
0 25 2 0 7 0 2 0 7 0 1 0 1 0 6 0 3 0 0 0 0 0 5 0 6 0 0
0 25 5 0 4 0 6 0 4 0 3 0 3 0 2 0 7 0 0 0 1 0 1 0 3 0 1
0 27 1 0 1 0 0 0 3 1 0 0 7 0 6 0 5 0 4 0 1 0 2 0 2 0 6 0 2
1 27 2 0 2 0 0 0 7 1 0 0 5 0 4 0 1 1 0 0 3 0 4 0 5 0 2 0 5
0 27 4 0 4 0 1 0 6 0 0 0 0 1 0 0 4 0 8 0 5 1 0 0 1 0 6 0 1
0 27 8 0 8 0 3 0 2 0 1 0 1 0 8 0 8 0 7 0 2 1 0 0 3 0 2 0 3
1 29 1 0 7 0 7 0 7 0 4 0 2 0 3 0 7 0 8 0 5 0 6 0 8 0 5 0 4 0 6
0 29 3 0 5 0 6 0 5 1 0 0 5 0 7 0 5 0 8 0 2 0 4 0 8 0 2 0 0 0 4
1 29 7 0 1 0 4 0 3 0 0 0 1 0 6 0 2 0 7 0 5 1 0 0 7 0 5 0 0 1 0
1 31 1 0 4 0 3 0 8 0 6 0 0 0 3 0 2 0 6 0 5 0 3 0 0 0 5 0 1 0 2 0 7
1 31 2 0 8 0 7 0 7 0 3 0 1 0 6 0 5 0 3 0 1 0 7 0 1 0 0 0 3 0 5 0 5
0 31 5 0 7 0 6 0 5 0 7 0 3 0 3 0 1 0 7 0 3 0 4 0 3 0 0 0 7 0 1 0 2
0 33 1 0 1 0 6 0 4 0 2 0 5 0 7 0 6 0 3 0 4 0 7 0 8 0 6 0 1 0 4 0 3 0 4
1 33 2 0 3 0 2 1 0 0 6 0 1 0 6 0 3 0 7 1 0 0 6 0 8 0 3 0 3 0 8 0 6 1 0
1 33 4 0 6 0 5 1 0 0 2 0 4 0 2 0 8 0 6 0 0 0 3 0 7 0 7 0 7 0 7 0 4 1 0
1 34 1 0 0 4 0 2 1 0 0 4 0 8 0 5 0 7 0 3 0 1 0 7 0 5 0 6 0 6 0 6 0 0 1 0
1 35 1 0 8 0 7 0 5 0 8 0 8 0 7 0 2 0 5 0 7 0 3 0 5 0 2 0 4 0 4 0 3 0 2 0 7
1 35 3 0 7 0 6 0 2 0 8 0 8 0 5 0 6 0 1 0 5 0 8 0 0 0 5 0 8 0 8 0 6 0 5 0 5
0 35 7 0 5 0 3 0 6 0 7 0 8 0 2 0 3 0 4 0 1 0 7 0 2 0 1 0 8 0 8 0 4 0 2 0 2
1 37 1 0 5 0 1 0 8 0 3 0 6 0 7 0 5 0 6 0 8 0 3 0 4 0 5 0 3 0 7 0 7 1 0 0 5 0 4
0 37 3 0 0 0 4 0 6 0 8 0 3 0 6 0 2 0 4 0 7 0 7 1 0 0 1 0 8 0 5 0 7 0 0 0 1 0 0
0 37 6 0 0 1 0 0 4 0 7 0 8 0 2 0 5 1 0 0 6 0 6 1 0 0 3 0 7 0 2 0 5 0 1 0 2 0 0
0 39 1 0 2 0 2 0 8 0 8 0 5 0 7 0 6 0 2 0 0 0 3 0 4 1 0 0 7 0 4 0 6 0 0 0 3 0 4 0 0
0 39 2 0 4 0 5 0 7 0 8 0 2 0 6 0 3 0 5 0 0 0 7 0 0 0 0 0 5 0 0 0 3 0 1 0 6 0 8 0 0
0 39 4 1 0 0 2 0 6 0 7 0 6 0 2 0 8 0 0 0 2 0 4 0 1 0 1 0 0 0 1 0 6 0 3 0 3 0 7 0 1
0 40 1 0 1 0 0 5 0 3 0 6 0 3 0 6 0 6 0 1 0 4 0 8 0 2 0 2 0 0 0 3 0 2 0 7 0 7 0 4 0 3
1 41 1 1 0 1 0 0 0 0 8 0 2 0 8 0 3 0 3 0 3 1 0 0 7 0 5 0 4 0 0 0 6 0 5 0 5 0 5 1 0 0 7
1 41 3 1 0 0 8 0 0 0 6 0 6 0 6 0 7 0 6 0 7 1 0 0 5 0 1 1 0 0 2 0 3 0 2 0 2 0 3 0 0 0 5
0 41 7 1 0 0 6 0 2 0 3 0 4 0 4 0 6 0 4 0 7 0 0 0 0 0 4 0 8 0 3 0 6 0 4 0 4 0 6 0 1 0 1
0 43 1 0 6 0 0 0 2 0 5 0 6 1 0 0 0 0 4 0 0 0 5 0 1 0 0 1 0 0 7 0 8 0 3 0 0 0 0 0 3 0 3 0 2
1 43 3 0 2 0 1 0 5 0 1 0 4 1 0 0 0 0 8 0 1 0 0 0 3 0 1 1 0 0 5 0 7 0 7 0 0 0 0 0 6 0 6 0 4
0 43 6 0 4 0 3 0 0 0 3 1 0 1 0 0 1 0 6 0 3 0 0 0 6 0 3 1 0 0 1 0 6 0 5 0 1 0 1 0 3 0 4 0 0
0 45 1 0 2 1 0 0 7 0 0 0 7 1 0 0 8 0 2 0 2 0 7 0 1 0 2 0 8 0 8 0 2 0 3 0 1 0 3 0 2 0 6 0 8 0 0
0 45 2 0 5 1 0 0 4 0 2 0 6 0 0 0 6 0 5 0 5 0 4 0 3 0 5 0 7 0 7 0 5 0 6 0 2 0 6 0 5 0 3 0 7 0 1
0 45 5 0 1 1 0 0 8 0 5 0 2 0 2 0 3 0 2 0 1 1 0 0 8 0 1 0 6 0 6 0 2 0 3 0 6 0 3 0 1 0 8 0 4 0 3
1 47 1 0 0 0 4 1 0 0 7 0 1 0 5 0 4 0 6 0 4 0 3 1 0 0 6 0 4 0 3 0 3 0 5 0 7 0 2 0 7 0 3 0 6 1 0 0 7
1 47 2 0 1 0 0 0 0 0 4 0 4 0 1 0 0 0 3 1 0 1 0 0 0 0 2 1 0 0 7 0 7 0 1 0 5 0 6 0 4 0 8 0 4 0 0 0 5
0 47 4 0 2 0 0 0 0 0 8 0 8 0 2 0 0 0 7 1 0 0 7 1 0 0 5 1 0 0 5 0 5 0 4 0 1 0 4 0 0 0 7 1 0 0 2 0 1
0 47 8 0 4 0 0 0 1 0 7 0 7 0 5 0 1 0 6 0 0 0 6 0 0 0 2 0 0 0 1 0 1 1 0 0 3 0 8 0 1 0 5 1 0 0 4 0 2
1 49 1 0 6 1 0 0 1 0 3 0 5 0 6 0 1 0 4 0 2 0 2 0 2 0 1 0 4 0 0 0 2 0 3 0 8 0 6 0 6 0 4 0 1 1 0 0 8 0 4
0 49 3 0 3 1 0 0 2 0 7 0 1 0 3 0 3 0 8 0 4 0 4 0 4 0 2 0 8 0 0 0 4 0 7 0 7 0 4 0 3 1 0 0 4 1 0 0 7 0 0
0 49 6 0 7 0 8 0 4 0 4 0 3 0 6 0 7 0 6 1 0 1 0 1 0 0 6 0 6 0 1 1 0 0 6 0 5 1 0 1 0 0 0 0 0 0 0 0 4 0 1
0 51 1 0 3 0 6 0 7 1 0 1 0 0 8 0 3 0 6 0 5 0 0 1 0 1 0 0 3 0 3 0 4 1 0 0 3 0 3 0 0 0 7 1 0 0 0 0 0 0 8 0 2
1 51 2 0 7 0 3 0 7 0 0 1 0 0 6 0 8 0 3 0 1 0 2 1 0 0 8 0 5 0 6 1 0 1 0 0 6 0 6 0 1 0 5 1 0 0 0 0 1 0 6 0 5
0 51 5 0 4 0 8 0 4 0 2 1 0 0 3 0 7 0 7 0 2 0 5 1 0 0 7 0 2 0 5 0 0 1 0 0 3 0 3 0 4 0 1 1 0 0 0 0 3 0 3 0 2
1 53 1 0 1 0 0 0 7 1 0 0 6 0 8 0 6 0 5 0 5 0 6 0 2 0 0 0 4 0 6 0 0 0 2 0 8 0 5 0 6 0 8 0 3 0 7 1 0 0 6 0 6 0 4
0 53 2 0 2 0 1 0 6 0 0 0 3 0 8 0 4 0 2 0 2 0 3 0 5 0 0 1 0 0 3 0 1 0 5 0 7 0 2 0 4 0 7 0 8 0 6 0 0 0 3 0 4 0 0
0 53 4 0 4 0 3 0 2 0 1 0 7 0 6 1 0 0 5 0 4 0 7 0 0 0 2 0 8 0 5 0 3 0 1 0 5 0 5 1 0 0 6 0 8 0 3 0 1 0 6 0 8 0 0
0 53 8 0 8 0 6 0 4 0 3 0 5 0 5 0 0 0 1 0 0 0 5 0 1 0 5 0 7 0 1 0 7 0 3 0 1 0 3 0 0 0 3 0 7 0 7 0 3 0 3 0 7 0 1
0 55 1 0 7 0 8 0 3 1 0 0 8 0 1 0 1 0 1 0 2 0 1 0 0 0 4 0 1 0 5 0 4 0 4 0 7 0 2 0 6 0 0 0 7 0 5 0 5 0 7 0 7 0 4 0 3
1 55 3 0 5 0 7 1 0 0 0 0 6 0 3 0 2 0 2 0 4 0 2 0 0 0 8 0 3 0 1 0 0 0 0 0 5 0 6 0 2 0 2 0 5 0 2 0 2 0 6 0 5 1 0 0 7
1 55 7 0 1 0 6 1 0 0 1 0 2 0 7 0 4 0 4 0 8 0 4 0 1 0 6 0 7 0 2 0 0 0 1 0 1 0 3 0 5 0 5 0 0 0 5 0 5 0 3 0 3 0 0 0 5
0 57 1 0 4 0 4 0 3 1 0 0 2 0 5 0 5 0 0 0 0 0 7 1 0 0 4 0 3 0 5 0 5 0 0 0 2 0 2 0 7 0 1 0 1 0 2 0 1 0 1 0 7 0 6 0 1 0 1
0 57 2 0 8 0 8 0 7 0 8 0 4 0 1 0 1 0 1 0 1 0 5 1 0 0 8 0 7 0 1 0 1 0 1 0 4 0 5 0 4 0 3 0 2 0 4 0 2 0 3 0 5 0 3 0 3 0 2
1 57 5 0 7 0 8 0 6 0 7 1 0 0 3 0 2 0 2 0 3 0 2 0 0 0 7 0 5 0 3 0 2 0 2 1 0 0 1 1 0 0 7 0 4 0 8 0 4 0 7 0 0 0 7 0 6 0 4
0 59 1 0 1 0 6 0 8 0 4 0 6 1 0 0 6 0 4 0 4 0 6 0 4 0 1 0 5 0 1 0 7 0 4 0 5 0 8 0 2 1 0 0 5 0 0 0 8 0 0 0 5 0 2 0 5 0 4 0 0
0 59 2 0 3 0 3 0 8 0 0 0 5 0 0 0 3 0 0 0 0 0 3 1 0 0 4 0 0 0 4 0 5 0 0 0 2 0 7 0 6 1 0 0 0 0 2 0 6 0 2 0 0 0 6 0 0 1 0 0 1
0 59 4 0 6 0 7 0 6 0 2 0 0 0 1 0 6 0 0 0 0 0 7 0 8 0 7 0 0 1 0 0 1 0 1 0 5 0 5 0 4 1 0 0 0 0 5 0 2 0 5 0 1 0 2 0 2 0 8 0 1
0 60 1 0 0 4 0 6 0 3 0 5 0 0 0 3 0 2 0 1 0 1 0 5 0 8 0 5 0 2 0 8 0 1 0 3 0 1 0 2 0 0 1 0 0 1 0 0 0 6 0 0 0 3 0 4 0 5 0 6 0 3
1 61 1 0 8 0 8 0 2 0 8 0 0 0 1 0 6 0 4 0 2 0 3 0 1 0 8 0 1 0 6 0 6 0 3 0 6 0 2 0 4 0 1 0 8 0 1 0 1 0 2 0 1 0 6 1 0 0 2 0 3 0 7
1 61 3 0 7 0 7 0 6 0 6 0 1 0 3 0 2 1 0 0 5 0 6 0 3 0 6 0 4 0 3 0 3 0 8 0 2 0 5 0 8 0 3 0 6 0 3 0 2 0 4 0 3 0 3 1 0 0 4 0 7 0 5
0 61 7 0 5 0 6 0 4 0 3 0 3 0 6 0 5 1 0 0 1 0 3 0 8 0 2 1 0 0 7 0 7 0 6 0 6 0 1 0 7 0 8 0 2 0 7 0 4 0 8 0 6 0 7 0 8 0 8 0 5 0 2
1 63 1 0 5 0 2 0 3 1 0 0 7 0 7 0 3 0 2 1 0 0 2 0 7 0 6 0 6 1 0 0 5 0 6 0 4 0 3 0 4 0 5 0 7 0 6 0 5 0 0 0 8 0 4 0 6 0 8 0 8 0 1 0 5
0 63 3 0 0 0 5 0 7 1 0 0 5 0 5 0 7 0 5 0 8 0 4 0 5 0 4 0 5 0 0 0 1 0 3 1 0 0 7 1 0 0 2 0 6 0 4 0 1 0 2 0 7 0 0 0 4 0 8 0 7 0 4 0 1
0 63 6 0 1 0 1 0 7 0 0 0 1 0 2 0 6 0 2 0 8 0 0 0 2 0 0 0 1 0 1 0 2 0 7 1 0 0 5 1 0 0 5 0 2 1 0 0 3 0 5 0 4 0 1 1 0 0 8 0 5 1 0 0 3
1 65 1 0 2 0 3 0 3 0 4 0 1 0 2 0 5 0 2 0 6 0 6 0 1 0 4 0 0 0 2 0 2 0 5 0 6 0 0 0 2 0 0 0 0 0 6 0 8 0 6 0 0 1 0 0 4 1 0 0 7 0 2 1 0 0 6
0 65 2 0 4 0 6 0 6 0 8 0 2 0 5 0 0 0 6 0 3 0 3 0 3 0 8 0 0 0 4 0 5 0 1 0 3 0 1 0 4 0 0 0 1 0 3 0 8 0 3 0 2 1 0 0 0 0 0 0 4 0 6 1 0 0 3
1 65 4 1 0 0 4 0 4 0 7 0 6 0 0 0 2 0 2 0 7 0 6 0 7 0 6 0 1 1 0 0 1 0 3 0 6 0 2 0 8 0 0 0 2 0 7 0 6 0 7 0 5 0 7 1 0 0 0 1 0 0 4 1 0 0 6
0 66 1 0 1 0 1 0 0 0 0 6 0 3 0 1 0 4 0 5 0 5 0 4 0 6 0 3 0 4 0 8 0 1 0 7 0 2 0 6 0 6 0 1 0 5 0 5 0 4 0 6 0 2 0 6 1 0 0 1 1 0 0 0 0 0 0 3
1 67 1 1 0 1 0 0 8 0 0 0 2 0 7 0 2 1 0 0 2 0 2 0 0 0 3 0 7 1 0 0 7 0 4 0 4 0 6 0 3 0 3 0 4 0 1 0 2 0 0 0 3 0 6 0 3 1 0 0 3 0 7 1 0 0 0 0 6
0 67 3 1 0 1 0 0 6 0 1 0 5 0 4 0 6 0 8 0 3 0 4 0 0 0 7 0 6 0 0 0 5 0 0 0 0 0 3 0 7 0 6 0 8 0 2 0 4 0 0 0 7 0 2 0 8 0 8 0 6 0 5 1 0 0 1 0 3
1 67 7 1 0 1 0 0 2 0 4 0 1 0 0 0 4 0 7 0 7 0 8 0 1 0 5 0 3 0 2 0 0 0 1 0 0 0 7 0 5 0 4 0 7 0 5 0 8 0 1 0 4 0 6 0 7 0 8 0 4 0 2 1 0 0 2 0 6
0 69 1 0 6 0 0 0 8 0 3 0 8 0 2 0 0 1 0 0 6 0 6 0 7 0 4 0 0 0 7 0 4 0 0 0 2 0 1 0 5 0 2 0 0 0 6 0 2 0 7 0 3 1 0 0 4 0 6 0 7 1 0 0 6 0 8 0 4 0 3
1 69 3 0 2 0 2 0 6 0 8 0 6 0 5 0 1 1 0 0 3 0 4 0 5 1 0 0 2 0 4 1 0 0 1 0 4 0 3 0 0 0 5 0 1 0 2 0 6 0 4 0 8 0 8 0 8 0 3 0 7 0 0 0 3 0 7 1 0 0 7
1 69 6 0 4 0 5 0 3 0 8 0 4 0 1 0 4 0 8 0 5 1 0 0 2 1 0 0 4 1 0 1 0 0 2 0 8 0 6 0 1 0 0 0 3 0 5 0 3 0 0 0 8 0 8 0 7 0 8 0 4 0 1 0 7 0 6 0 0 0 5
0 71 1 0 3 0 0 0 1 0 8 0 6 1 0 0 3 1 0 0 8 0 2 1 0 0 5 1 0 0 0 0 0 0 8 0 4 0 7 0 3 0 3 0 0 0 7 0 0 0 7 0 1 0 7 0 8 0 6 0 7 1 0 0 4 0 5 0 3 0 2 0 1
0 71 2 0 6 0 0 0 3 0 7 0 4 1 0 0 7 1 0 0 6 0 6 1 0 0 1 1 0 0 0 0 1 0 7 0 0 0 5 0 7 0 6 0 1 0 4 0 2 0 4 0 4 0 5 0 8 0 4 0 6 1 0 1 0 0 1 0 7 0 4 0 2
1 71 5 0 2 0 1 0 7 0 5 0 1 0 0 0 6 0 0 0 3 0 4 1 0 0 3 0 7 1 0 0 3 0 4 0 2 0 1 0 6 0 3 0 3 0 8 0 4 1 0 0 0 0 2 0 8 0 0 0 5 0 0 0 8 0 2 0 4 1 0 0 5
0 73 1 0 0 0 5 0 3 0 5 0 1 0 3 0 1 0 2 0 1 0 6 1 0 1 0 0 7 0 5 1 0 0 6 0 8 0 4 0 3 0 2 0 7 0 7 0 7 0 0 1 0 0 0 0 5 0 6 0 2 0 0 0 2 0 6 0 6 0 0 0 0 0 1
0 73 2 0 1 0 0 0 8 0 0 0 3 0 6 0 2 0 4 0 3 0 4 0 0 1 0 0 5 0 3 0 0 0 3 0 7 1 0 0 7 0 5 0 5 0 6 0 5 0 2 0 8 0 0 0 1 0 3 0 5 0 0 0 5 0 3 0 3 0 1 0 0 0 2
0 73 4 0 2 0 1 0 6 0 1 0 7 0 2 0 5 0 8 0 6 0 8 0 1 1 0 0 0 0 7 0 0 0 7 0 6 0 0 0 5 0 2 0 2 0 4 0 1 0 6 0 6 0 1 0 2 0 7 0 0 0 2 0 0 0 7 0 6 0 2 0 0 0 4
1 73 8 0 4 0 3 0 2 0 4 0 4 0 6 0 1 0 8 0 4 0 7 0 4 0 8 0 0 0 4 0 2 0 5 0 3 0 2 0 0 0 5 0 4 0 8 0 3 0 3 0 3 0 3 0 5 0 4 0 1 0 4 0 1 0 5 0 3 0 5 0 0 1 0
1 75 1 0 6 1 0 0 7 0 4 1 0 0 0 0 3 0 4 0 7 0 0 0 6 0 0 0 7 0 1 0 8 0 5 0 0 0 7 0 4 0 1 0 1 0 0 0 7 0 7 0 6 0 6 0 7 0 0 1 0 0 3 0 8 0 3 0 0 0 8 0 0 0 2 0 7
1 75 3 0 4 0 0 0 5 0 0 1 0 0 0 0 6 1 0 0 5 0 2 0 2 0 2 0 4 0 4 0 7 0 1 0 2 0 4 1 0 0 3 0 2 0 1 0 5 0 6 0 4 0 4 0 5 0 2 0 8 0 6 0 6 0 7 0 1 0 6 0 1 0 5 0 5
0 75 6 0 8 0 1 0 0 0 2 0 8 0 0 0 4 0 0 0 0 0 5 0 4 0 4 1 0 0 0 0 5 0 3 0 4 1 0 1 0 0 6 0 4 0 3 0 1 0 4 0 0 0 0 0 1 0 6 0 7 0 4 0 4 0 5 0 4 0 2 0 4 0 1 0 2
0 77 1 0 3 0 7 0 3 0 0 0 5 0 6 0 1 0 8 0 0 0 1 0 1 0 0 0 0 1 0 0 1 0 0 0 8 0 0 0 0 1 0 0 2 1 0 0 7 0 2 0 8 0 0 0 0 0 3 0 3 0 6 0 0 0 0 0 1 1 0 0 5 0 8 0 2 0 4
1 77 2 0 7 0 4 0 7 0 1 0 1 0 3 0 4 0 6 0 1 0 2 0 2 0 0 0 1 0 8 0 1 0 1 0 6 0 1 0 1 0 8 0 4 1 0 0 4 0 6 0 6 0 1 0 0 0 6 0 7 0 2 0 1 0 0 0 3 1 0 0 1 0 7 0 5 1 0
1 77 5 0 5 0 0 0 5 0 3 0 2 0 6 1 0 0 3 0 3 0 4 0 4 0 0 0 3 0 6 0 3 0 3 0 2 0 3 0 3 0 7 0 0 1 0 1 0 0 4 0 3 0 3 0 1 0 3 0 5 0 5 0 2 0 0 0 7 0 8 0 2 0 5 0 2 1 0
1 79 1 0 1 0 1 0 2 0 0 0 7 0 5 0 3 1 0 0 6 0 6 0 8 0 8 0 0 0 7 0 2 0 7 0 6 0 4 0 6 0 7 0 4 0 2 1 0 0 8 0 7 0 6 0 6 0 2 0 7 0 1 0 1 0 5 0 1 0 5 0 7 0 6 0 0 0 6 0 7
1 79 2 0 2 0 2 0 4 0 1 0 5 0 1 1 0 0 0 0 3 0 4 0 8 0 7 0 2 0 4 0 6 0 5 0 4 0 0 0 4 0 5 1 0 0 6 1 0 0 7 0 6 0 4 0 3 0 6 0 4 0 3 0 3 0 0 0 4 0 1 0 6 0 3 0 2 0 3 0 6
0 79 4 0 4 0 4 0 8 0 3 0 0 0 4 0 7 1 0 0 6 1 0 0 8 0 5 0 5 1 0 0 4 0 1 1 0 0 1 1 0 0 3 0 0 0 4 0 0 0 5 0 3 1 0 0 8 0 2 1 0 0 7 0 6 0 0 0 8 0 3 0 2 0 7 0 4 0 7 0 3
1 80 1 0 0 0 0 0 0 7 0 7 0 0 1 0 0 7 0 0 0 4 0 0 0 7 0 2 0 2 1 0 0 8 0 3 0 8 0 2 0 8 0 5 0 0 0 8 0 1 0 0 1 0 0 0 0 6 0 6 1 0 0 5 0 3 0 2 0 6 0 7 0 5 0 5 0 0 0 5 0 7
1 81 1 0 7 1 0 0 1 0 5 0 5 0 2 1 0 0 4 0 1 0 8 0 1 0 4 0 5 0 5 1 0 0 6 0 8 0 6 0 6 0 7 0 1 0 2 0 6 0 3 0 1 0 8 0 0 0 3 0 5 0 0 0 0 0 7 0 5 0 3 0 6 0 2 0 1 0 2 0 1 0 6
0 81 3 0 5 1 0 0 3 0 1 0 1 0 6 0 8 0 7 0 3 0 6 0 3 1 0 0 2 0 3 0 0 0 3 0 8 0 4 0 4 0 5 0 3 0 5 0 2 0 7 0 3 0 6 0 1 0 7 0 0 0 1 0 1 0 5 0 1 0 8 0 2 0 5 0 2 0 4 0 3 0 3
1 81 7 0 1 1 0 0 6 0 2 0 3 0 3 0 8 0 5 0 8 0 2 0 8 0 8 0 3 0 6 0 0 0 7 0 7 0 0 0 0 0 1 0 8 0 0 0 6 0 4 0 8 0 2 0 4 0 4 0 1 0 2 0 3 0 0 0 4 0 6 0 6 0 0 0 5 0 8 0 6 0 6
1 83 1 0 4 0 4 1 0 0 2 0 5 0 6 0 7 0 7 0 2 0 7 0 6 0 7 0 7 0 8 0 2 0 2 0 5 0 5 0 1 0 0 0 3 0 6 0 2 0 3 0 0 0 7 0 5 0 8 0 8 0 2 0 4 0 6 0 0 1 0 0 4 0 3 0 2 0 1 0 8 0 4 0 4
0 83 2 1 0 0 0 1 0 0 5 0 1 0 4 0 6 0 5 0 6 0 5 0 4 0 6 0 6 0 7 0 5 0 5 0 1 0 1 0 3 0 0 0 7 0 2 0 5 0 6 0 1 0 5 0 2 0 8 0 7 0 5 1 0 0 3 0 2 0 8 0 7 0 6 0 4 0 3 0 7 0 0 0 0
0 83 5 0 8 0 0 1 0 0 0 0 3 1 0 0 4 0 2 0 4 0 2 0 0 0 4 0 4 0 6 0 2 0 1 0 3 0 2 0 6 0 1 0 4 0 6 0 1 0 3 0 4 0 0 0 6 0 7 0 6 0 2 1 0 0 6 0 5 0 7 0 6 0 3 1 0 0 8 0 4 0 1 0 0
0 85 1 0 1 0 7 0 2 0 7 1 0 0 7 0 8 0 7 0 4 0 8 0 4 0 0 1 0 0 0 0 3 0 5 0 2 0 6 0 5 0 2 0 3 1 0 0 3 0 3 0 6 0 8 0 1 0 3 0 6 0 3 0 6 1 0 0 3 0 2 0 6 0 3 1 0 0 0 0 6 1 0 0 3 0 0
0 85 2 0 3 0 4 0 6 0 6 0 0 0 5 0 8 0 6 0 0 0 7 1 0 0 2 0 7 1 0 0 7 0 0 0 6 0 3 0 1 0 5 0 7 0 8 0 5 0 7 0 3 0 7 0 3 0 7 0 2 0 8 0 3 1 0 0 6 0 5 0 2 0 8 0 8 0 0 0 3 1 0 0 6 0 0
0 85 4 0 6 1 0 0 4 0 3 0 2 0 1 0 8 0 3 0 2 0 5 1 0 0 5 0 6 0 0 0 4 0 2 0 2 0 7 0 3 0 1 0 6 0 8 0 2 0 5 0 8 0 4 0 8 0 4 0 6 0 6 1 0 0 0 0 3 0 1 0 6 0 7 0 7 0 1 0 7 1 0 0 2 0 1
0 86 1 0 0 4 1 0 0 8 0 6 0 4 0 3 0 6 0 7 0 5 0 2 0 0 0 1 0 3 0 1 0 8 0 4 0 5 0 4 0 7 0 3 0 3 0 7 0 6 0 1 0 8 0 0 0 8 0 0 0 4 0 4 1 0 0 0 0 6 0 3 0 3 0 6 0 5 0 4 0 5 1 0 0 4 0 2
1 87 1 1 0 0 0 0 0 0 7 0 3 1 0 0 8 0 3 0 6 0 1 0 5 0 0 0 2 0 6 0 3 0 7 0 0 0 2 0 0 0 5 0 7 0 7 0 5 0 3 0 4 0 6 0 2 0 6 0 1 1 0 0 0 1 0 0 1 0 2 0 7 0 7 0 3 0 2 0 0 0 2 1 0 0 8 0 4
0 87 3 0 7 1 0 0 1 0 4 1 0 0 0 0 6 0 8 0 2 0 4 0 0 0 1 0 5 0 2 0 8 0 4 0 1 0 4 0 1 0 1 0 6 0 6 0 1 0 7 1 0 0 3 0 6 0 2 0 4 0 8 0 0 0 8 0 1 0 5 0 5 0 5 0 7 0 4 0 0 0 5 1 0 0 7 0 0
0 87 7 0 5 1 0 0 2 1 0 1 0 0 1 0 3 0 7 0 5 0 8 0 0 0 3 0 0 0 6 0 6 1 0 0 3 0 8 0 2 0 3 0 3 0 3 0 4 0 5 1 0 0 7 0 2 0 5 1 0 0 7 0 2 0 6 0 4 0 1 0 2 0 2 0 5 1 0 0 2 0 2 0 0 0 4 0 1
0 89 1 0 5 0 2 1 0 0 5 1 0 0 8 0 1 0 7 0 5 0 2 0 7 0 1 0 6 0 1 0 3 0 4 1 0 0 7 0 6 0 5 0 6 0 6 0 6 1 0 0 3 0 0 0 4 0 6 0 2 0 0 0 4 0 6 0 2 1 0 0 3 0 4 0 5 0 1 1 0 0 4 0 4 0 0 0 8 0 2
1 89 3 0 0 0 6 1 0 0 2 0 0 0 6 0 4 0 5 0 1 0 6 0 4 0 4 0 2 0 3 0 7 0 0 0 0 0 5 0 4 0 2 0 4 0 4 0 4 1 0 0 6 0 0 1 0 0 3 0 5 0 0 1 0 0 3 0 6 0 8 0 5 1 0 0 1 0 4 0 8 0 7 0 8 0 1 0 6 0 5
0 89 6 0 1 0 3 1 0 0 4 0 1 0 3 0 0 0 1 0 4 0 2 1 0 1 0 0 5 0 7 0 4 0 1 0 1 0 0 1 0 0 5 1 0 0 0 0 1 0 0 0 2 0 2 0 8 0 6 0 0 0 2 0 8 0 6 0 3 0 8 0 2 1 0 0 2 1 0 0 8 0 6 0 7 0 4 0 3 0 2
1 91 1 0 2 0 3 0 7 0 8 0 7 0 2 0 6 0 0 0 2 0 8 0 5 1 0 1 0 0 1 0 5 1 0 0 3 0 2 0 1 1 0 0 1 1 0 0 0 0 2 0 0 0 4 0 5 0 7 0 3 0 1 0 5 0 7 0 3 0 8 0 6 0 6 0 8 0 4 1 0 0 7 0 4 0 5 1 0 0 7 0 4
0 91 2 0 4 0 7 0 5 0 8 0 5 0 6 0 2 0 1 0 5 0 7 0 3 0 0 0 8 0 2 0 1 1 0 0 6 0 4 0 3 0 8 0 2 0 7 1 0 0 4 0 0 1 0 0 2 0 5 0 7 0 3 0 1 0 5 0 8 0 7 0 4 0 4 0 8 0 1 0 0 0 5 0 0 0 3 0 0 0 5 0 0
0 91 4 1 0 0 6 0 2 0 8 0 2 0 3 0 5 0 3 0 1 0 5 0 7 0 1 0 6 0 5 0 3 1 0 0 2 1 0 0 8 0 6 0 6 0 5 1 0 0 8 0 1 0 8 0 4 0 1 0 5 0 7 0 3 0 1 0 8 0 6 0 0 0 0 0 7 0 3 0 1 0 0 0 1 0 6 0 1 0 0 0 1
0 93 1 0 0 0 0 0 2 0 6 0 6 0 5 0 7 0 0 0 7 0 3 0 1 0 5 0 4 0 3 0 1 0 8 0 8 0 4 1 0 0 7 0 4 0 4 0 3 0 0 0 6 0 4 0 6 1 0 0 4 0 1 0 5 0 7 0 3 0 7 0 3 0 1 0 1 0 4 0 7 0 2 0 0 0 3 0 2 0 3 0 0 0 2
0 93 2 0 0 0 0 0 5 0 3 0 4 0 2 0 5 0 2 0 4 0 7 0 3 0 0 1 0 0 7 0 3 0 7 0 8 0 1 0 0 0 4 1 0 1 0 0 7 0 1 0 3 0 0 0 4 1 0 0 8 0 3 0 1 0 5 0 8 0 4 0 7 0 2 0 2 1 0 0 5 0 5 0 0 0 6 0 4 0 6 0 0 0 4
1 93 4 0 0 0 1 0 0 0 7 0 8 0 5 0 0 0 5 1 0 0 5 0 7 0 1 1 0 0 4 0 8 0 5 0 7 0 3 0 1 0 0 0 0 1 0 0 4 0 3 0 6 0 1 0 0 0 0 0 6 0 7 0 3 0 1 0 8 0 0 0 5 0 5 0 5 1 0 0 1 0 1 0 2 0 3 0 0 0 3 0 1 1 0
1 93 8 0 0 0 2 0 1 0 5 0 8 0 1 0 2 0 2 0 0 0 1 0 5 0 4 0 8 0 8 0 7 0 2 0 5 0 7 0 2 0 0 0 1 0 8 0 7 0 7 0 2 0 3 0 0 0 1 0 3 0 5 0 7 0 3 0 6 0 2 0 1 0 2 0 2 1 0 0 2 0 2 0 4 0 6 0 0 0 6 0 3 0 7
1 95 1 0 6 0 1 0 4 0 3 0 1 0 7 0 3 0 4 0 4 0 0 0 3 0 1 0 0 0 8 0 8 0 5 0 6 0 1 0 5 0 5 0 0 0 3 0 7 0 6 0 5 0 5 0 6 0 0 0 2 0 7 0 1 0 5 0 8 0 2 0 5 0 2 0 4 0 5 0 8 0 3 0 4 1 0 0 3 0 2 0 2 0 8 0 5
0 95 3 0 2 0 3 0 8 0 6 0 3 0 4 0 7 0 8 0 8 0 0 0 6 0 2 0 1 0 7 0 8 0 2 0 3 0 4 0 1 0 1 0 1 0 7 0 5 0 4 0 2 0 2 0 3 0 1 0 5 0 4 0 4 0 1 0 7 0 6 0 0 0 5 1 0 0 2 0 7 0 7 1 0 1 0 0 6 0 4 0 5 0 7 0 2
1 95 6 0 4 0 7 0 7 0 3 0 7 1 0 0 6 0 8 0 7 0 2 0 2 0 5 0 3 0 5 0 7 0 5 0 6 0 8 0 2 0 2 0 3 0 5 0 1 1 0 0 5 0 4 0 6 0 3 0 0 1 0 1 0 0 4 0 5 0 3 0 2 0 1 1 0 0 5 0 5 0 7 0 0 1 0 0 3 0 0 0 2 0 5 0 5
0 97 1 0 3 0 0 0 6 0 5 0 8 0 6 0 0 0 3 0 8 0 5 0 5 0 5 0 0 0 8 0 1 0 6 0 2 0 4 0 7 0 5 0 4 0 7 0 0 0 4 1 0 0 1 0 0 0 3 0 7 0 1 1 0 0 8 0 8 0 0 0 7 0 4 0 3 1 0 0 1 0 2 0 5 0 2 0 8 0 5 0 0 0 5 0 1 0 2
0 97 2 0 6 0 1 0 3 0 2 0 8 0 3 0 1 0 7 0 7 0 2 0 2 0 1 0 2 0 6 0 4 0 2 0 5 1 0 0 6 0 2 0 0 0 5 0 1 1 0 1 0 0 2 0 0 0 7 0 4 0 4 1 0 0 7 0 7 0 2 0 4 1 0 0 8 0 8 0 1 0 5 0 0 0 6 0 7 0 1 0 2 0 0 0 3 0 4
1 97 5 0 2 0 3 0 6 0 5 0 6 0 7 0 3 0 5 0 5 0 5 0 4 0 2 0 5 0 2 1 0 0 6 0 2 0 0 0 2 0 5 0 1 0 0 0 4 1 0 0 8 0 3 0 1 0 5 0 0 0 1 0 0 0 5 0 5 0 6 0 0 0 0 0 7 0 7 0 4 0 0 0 2 0 3 0 5 0 3 0 4 0 0 0 6 1 0
1 99 1 0 0 0 5 0 7 0 3 0 2 0 4 0 5 0 8 0 1 0 2 0 1 1 0 0 6 0 0 0 6 1 0 0 2 0 5 0 0 0 5 0 0 0 3 0 1 0 0 0 0 0 6 0 7 0 3 0 0 0 1 0 2 0 1 0 1 0 2 0 3 0 1 0 1 0 5 0 5 1 0 0 1 0 4 0 7 0 0 0 7 0 8 0 1 0 3 1 0
1 99 2 0 1 0 1 0 5 0 7 0 4 1 0 0 2 0 7 0 3 0 4 0 3 1 0 0 2 0 2 0 3 1 0 0 5 0 0 0 2 0 0 0 1 0 6 0 2 0 0 0 1 0 3 0 5 0 7 0 0 0 2 0 4 0 2 0 2 0 4 0 6 0 2 0 3 0 1 0 2 1 0 0 2 1 0 0 5 0 2 0 5 0 7 0 3 0 7 0 7
1 99 4 0 2 0 3 0 1 0 6 0 0 1 0 0 5 0 4 0 7 0 8 0 7 0 8 0 3 0 4 0 7 1 0 0 0 0 1 0 4 0 0 0 3 0 2 0 5 0 0 0 2 0 7 0 1 0 5 0 1 0 4 0 8 0 4 0 4 1 0 0 3 0 5 0 6 0 2 0 5 0 8 0 4 1 0 0 0 0 6 0 1 0 5 0 8 0 5 0 6
0 99 8 0 4 0 6 0 3 0 2 0 2 1 0 0 1 0 0 0 6 0 8 0 6 0 7 0 7 1 0 0 6 1 0 0 0 0 2 0 8 0 0 0 6 0 5 0 0 0 1 0 5 0 4 0 4 0 0 0 3 1 0 0 8 0 0 0 0 1 0 0 7 0 1 0 3 0 6 0 1 0 8 0 0 1 0 0 1 0 2 0 4 0 1 0 8 0 2 0 4
1 101 1 0 7 0 0 0 3 0 7 0 4 0 5 0 8 0 1 0 1 0 3 0 8 0 4 0 6 0 7 0 0 0 3 1 0 0 0 0 5 0 6 0 2 0 3 0 1 0 1 0 3 0 0 1 0 1 0 0 1 0 7 1 0 0 6 0 1 0 1 1 0 0 4 0 3 0 7 0 2 0 4 0 6 0 2 0 8 0 1 0 4 0 8 0 3 0 6 0 5 1 0
1 101 3 0 4 0 1 0 7 0 5 0 0 0 2 0 7 0 3 0 2 0 7 0 7 0 0 0 4 0 5 0 1 0 7 0 8 0 0 0 1 0 3 0 5 0 6 0 2 0 2 0 6 0 1 1 0 0 8 0 2 0 6 0 0 0 2 0 3 0 3 0 8 0 7 0 7 0 4 0 5 1 0 0 3 0 6 0 6 0 3 1 0 0 7 0 8 0 3 0 2 1 0
1 101 6 0 8 0 3 0 5 0 1 0 1 0 5 0 4 0 7 0 5 0 5 0 5 0 1 1 0 0 1 0 4 0 5 0 7 0 1 0 2 0 7 0 1 0 3 0 5 0 5 0 2 0 4 1 0 0 6 0 6 0 2 0 1 0 4 0 6 0 7 0 7 0 6 0 6 0 0 0 2 1 0 0 7 0 3 0 3 1 0 0 0 0 5 0 7 0 7 0 5 0 7
1 103 1 0 3 0 7 0 8 0 0 0 3 0 3 0 1 0 0 0 6 0 2 0 2 0 1 0 4 0 8 0 1 1 0 0 2 0 5 0 3 0 5 0 4 0 3 0 7 0 1 0 1 0 6 0 0 0 0 0 3 0 3 0 5 0 2 1 0 0 4 0 6 0 6 0 4 0 3 0 1 0 5 1 0 0 4 0 7 0 7 0 8 0 0 0 1 0 6 0 6 0 2 0 6
0 103 2 0 7 0 5 0 7 0 1 0 6 0 6 0 2 0 1 0 2 0 5 0 4 0 2 1 0 0 7 0 4 0 8 0 4 0 0 0 8 0 0 1 0 0 8 0 4 0 3 0 3 0 2 0 1 0 0 0 6 0 7 0 0 0 6 0 8 0 8 0 3 0 3 1 0 0 7 0 3 0 1 1 0 1 0 0 6 0 6 0 7 0 1 0 3 0 3 0 3 0 6 0 3
1 103 5 0 5 0 2 0 5 0 4 0 3 0 3 0 5 0 2 0 5 0 0 1 0 0 6 1 0 0 5 0 0 0 7 1 0 0 2 0 6 0 2 1 0 0 6 1 0 0 7 0 6 0 4 0 2 0 1 0 3 0 5 0 2 0 3 0 8 0 7 0 7 0 7 1 0 0 4 0 7 0 3 1 0 1 0 0 3 0 4 0 5 0 3 0 6 0 6 0 7 0 2 0 7
1 105 1 0 1 0 1 0 6 0 0 1 0 0 7 0 7 0 0 0 6 0 0 0 2 1 0 0 4 0 0 0 0 0 2 0 5 1 0 0 5 0 2 0 6 1 0 0 4 0 0 0 5 0 3 1 0 0 5 0 2 0 7 0 0 0 5 0 7 0 7 0 6 0 6 0 6 1 0 1 0 0 5 1 0 0 0 0 8 0 5 1 0 0 1 0 8 0 3 0 4 0 5 0 6 0 5
0 105 2 0 2 0 3 0 2 0 2 1 0 0 5 0 5 0 2 0 2 0 1 0 5 0 8 0 7 0 0 0 0 0 5 0 2 0 0 0 0 0 6 0 3 1 0 0 8 0 1 0 0 1 0 0 0 0 0 0 6 0 4 0 2 0 1 0 6 0 6 0 4 0 4 0 5 0 0 1 0 0 1 1 0 0 1 0 7 0 2 1 0 0 3 0 6 0 7 1 0 0 2 0 4 0 2
1 105 4 0 4 0 6 0 4 0 5 1 0 0 1 0 1 0 5 0 4 0 3 0 1 0 8 0 5 0 1 0 1 0 0 0 5 0 0 0 1 0 2 1 0 0 0 0 6 0 3 0 1 0 7 1 0 0 1 0 2 1 0 0 5 0 3 0 3 0 4 0 0 0 0 0 1 0 2 0 8 0 2 0 8 0 2 0 4 0 6 0 8 0 6 0 3 0 6 1 0 0 4 0 8 0 4
0 106 1 0 0 0 0 4 0 0 0 2 1 0 0 2 0 3 0 0 1 0 0 7 0 3 0 7 0 1 0 3 0 2 0 1 0 0 0 1 0 2 0 5 0 8 0 0 0 2 0 7 0 3 0 5 1 0 0 2 0 5 1 0 0 0 0 7 0 6 0 8 0 0 0 0 0 2 0 5 0 6 0 6 0 6 0 5 1 0 0 4 0 8 0 3 0 8 0 3 1 0 1 0 0 8 0 0
0 107 1 0 7 1 0 0 8 0 0 0 5 0 8 0 3 0 6 0 1 1 0 0 4 0 8 0 4 0 3 0 6 0 4 0 2 0 0 0 2 0 5 0 1 0 7 0 1 0 5 0 4 0 8 0 1 1 0 0 5 0 1 1 0 0 1 0 5 0 4 0 7 0 1 0 0 0 5 0 1 0 4 0 4 0 4 0 2 1 0 1 0 0 7 0 8 0 6 1 0 0 0 1 0 0 6 0 1
0 107 3 0 6 0 0 0 6 0 2 0 1 0 7 0 8 0 2 0 4 0 8 0 8 0 6 1 0 0 8 0 2 1 0 0 5 0 0 0 5 0 0 0 4 0 4 0 4 0 1 0 0 0 7 0 4 1 0 0 0 0 4 0 8 0 2 0 1 0 0 0 5 0 3 0 1 0 0 0 3 0 8 0 8 0 8 0 5 1 0 1 0 0 5 0 8 0 4 1 0 0 1 1 0 0 2 0 3
1 107 7 0 2 0 2 0 2 0 5 0 3 0 5 0 7 0 5 1 0 0 8 0 8 0 5 0 0 0 6 0 6 1 0 0 0 0 2 0 0 0 1 0 8 0 8 0 8 0 2 0 1 0 5 0 0 1 0 0 0 1 0 0 7 0 5 0 2 0 1 0 0 0 7 0 2 0 0 0 7 0 7 0 8 0 8 0 3 0 0 1 0 0 1 0 8 0 0 1 0 0 3 0 8 0 3 0 6
0 109 1 0 4 0 5 0 4 0 5 0 0 0 8 0 1 0 6 0 3 0 0 0 7 0 8 0 1 0 2 0 3 0 4 1 0 0 0 0 4 0 0 0 3 0 7 0 8 0 7 0 5 0 3 0 0 0 2 0 8 0 0 1 0 0 5 0 1 0 5 0 2 0 1 0 4 0 5 0 1 0 5 0 6 0 8 0 7 0 7 0 1 0 8 0 2 0 6 0 2 0 8 0 6 0 6 0 8 0 3
1 109 2 1 0 0 2 0 0 0 1 0 2 0 6 0 4 0 2 0 7 0 1 0 5 0 7 0 3 0 4 0 6 1 0 1 0 0 0 0 8 0 0 0 7 0 5 0 8 0 6 0 1 0 7 0 0 0 5 0 6 0 2 1 0 0 0 0 4 0 0 0 5 0 2 1 0 0 1 0 4 0 1 0 4 0 8 0 6 0 5 0 4 0 6 0 6 0 2 0 6 0 7 0 4 0 4 0 7 0 7
1 109 5 0 8 0 3 0 0 0 2 0 5 0 2 1 0 0 6 0 4 0 4 0 1 0 5 0 7 1 0 0 5 0 0 0 8 0 0 0 6 0 2 0 5 0 2 0 8 0 3 0 4 0 4 0 2 0 1 0 3 0 6 0 7 1 0 0 8 0 1 0 0 0 6 0 8 0 1 0 8 0 2 1 0 0 8 0 4 0 2 0 0 0 4 0 3 0 6 0 3 0 6 0 0 0 0 0 6 0 6
0 111 1 0 1 0 7 0 7 0 0 0 5 0 0 0 6 1 0 0 2 1 0 1 0 0 4 0 1 0 7 0 0 0 0 0 2 0 6 0 2 0 2 0 6 0 0 0 6 0 6 0 7 0 8 0 8 0 4 0 2 0 7 0 3 0 7 0 0 0 6 0 3 0 1 0 3 0 7 0 4 0 6 0 6 1 0 0 6 1 0 0 5 0 0 0 8 0 7 0 2 0 8 0 2 0 1 0 1 0 3 0 4
1 111 2 0 3 0 5 0 5 0 2 0 0 0 2 0 3 1 0 0 5 1 0 0 8 0 7 0 3 0 4 0 1 0 0 0 5 0 2 0 5 0 5 0 2 0 2 0 3 0 4 0 6 0 8 0 7 1 0 0 6 0 4 0 8 0 4 0 2 0 2 0 7 0 2 0 7 0 5 0 0 0 4 0 5 0 0 0 4 0 0 0 0 0 2 0 7 0 5 0 6 0 6 0 5 0 2 0 2 0 6 1 0
1 111 4 0 7 0 1 0 1 0 5 0 0 0 4 0 7 1 0 0 2 0 0 0 7 0 5 0 7 0 8 0 2 0 1 0 0 0 6 0 1 0 1 0 5 0 4 0 6 1 0 0 4 0 8 0 7 0 0 0 3 0 0 0 7 1 0 0 5 0 5 0 4 0 6 0 5 0 1 0 1 1 0 0 1 0 1 0 8 0 0 0 0 0 5 0 5 0 2 0 4 0 4 0 1 0 5 0 5 0 3 1 0
1 112 1 0 0 5 0 3 0 3 0 0 0 1 1 0 0 6 1 0 0 4 0 1 0 5 0 2 0 6 0 7 0 5 0 2 0 1 0 2 0 3 0 3 0 1 0 0 0 4 1 0 1 0 0 8 0 5 0 1 0 6 0 1 0 6 0 0 0 1 0 2 0 0 0 4 0 1 0 3 0 3 0 8 0 1 0 3 0 6 0 1 0 1 0 1 0 1 0 5 0 8 0 8 0 3 0 1 0 1 0 8 0 7
1 113 1 1 0 0 0 0 7 0 6 0 0 0 3 1 0 0 3 1 0 0 8 0 3 0 0 0 6 0 3 0 6 0 1 0 5 0 2 0 4 0 6 0 6 0 2 0 1 0 0 0 0 1 0 0 7 0 1 0 4 0 2 0 4 0 2 0 1 0 2 0 4 0 0 0 8 0 2 0 6 0 7 0 6 0 3 0 7 0 2 0 3 0 2 0 2 0 3 0 1 0 8 0 7 0 7 0 2 0 3 0 7 0 6
1 113 3 0 8 0 0 0 5 0 3 0 1 0 7 0 8 0 6 1 0 0 6 0 7 0 1 0 2 0 8 0 2 0 4 0 0 0 5 1 0 0 4 0 3 0 5 0 2 0 0 0 1 1 0 0 4 0 3 0 8 0 4 0 8 0 4 0 2 0 4 0 8 0 1 0 6 0 6 0 3 0 6 0 3 0 8 0 4 0 5 0 6 0 4 0 4 0 6 0 3 0 7 0 6 0 5 0 5 0 7 0 5 0 4
0 113 7 0 6 0 2 0 0 0 7 0 3 0 5 0 8 0 5 0 0 0 3 0 5 0 3 0 5 0 6 0 5 0 8 0 1 0 1 1 0 0 8 0 7 0 0 0 5 0 0 0 3 0 8 0 7 0 7 0 7 0 0 0 7 1 0 0 5 1 0 0 7 0 4 0 3 0 3 0 8 0 2 0 8 0 7 0 0 0 2 0 4 0 0 0 0 0 3 0 8 0 5 0 4 0 2 0 2 0 6 0 2 0 0
0 115 1 0 5 0 3 0 5 0 1 0 4 0 8 0 1 0 8 0 1 0 1 0 7 0 0 0 8 0 1 0 4 0 2 0 7 0 3 0 3 1 0 0 7 0 5 0 2 0 0 0 1 0 7 0 7 0 6 0 6 0 5 0 2 0 6 0 0 0 2 0 0 0 4 1 0 0 7 0 7 0 6 0 6 0 7 0 5 0 1 0 4 0 8 0 0 0 0 0 7 0 7 0 1 1 0 0 5 0 5 0 2 0 5 0 0
0 115 3 0 0 0 8 0 0 0 3 1 0 0 7 0 4 0 6 0 3 0 3 0 4 0 2 0 6 0 3 0 8 0 5 0 4 0 7 0 7 1 0 0 5 0 1 0 5 0 0 0 3 0 5 0 6 0 4 0 4 0 1 0 6 0 2 0 1 0 4 0 1 0 0 0 0 0 5 0 6 0 4 0 4 0 6 0 1 0 3 1 0 0 7 0 1 0 1 0 5 0 5 0 4 1 0 0 1 0 1 0 6 0 0 0 1
0 115 6 0 1 0 6 0 1 0 7 1 0 0 5 0 0 0 3 0 7 0 6 0 8 0 5 0 2 0 8 0 7 0 2 0 0 0 6 0 7 0 0 0 0 0 4 0 0 0 1 0 7 0 1 0 3 1 0 1 0 0 4 0 2 0 5 0 2 0 8 0 2 0 0 0 1 0 1 0 4 0 0 0 0 0 3 0 3 0 7 1 0 0 4 0 3 0 3 0 1 0 2 0 0 1 0 0 2 0 3 0 2 0 1 0 2
0 117 1 0 2 0 4 0 2 0 4 0 6 0 0 0 0 0 1 0 7 0 5 0 4 0 8 0 1 0 6 0 7 0 5 0 5 0 1 0 3 0 5 0 1 0 0 0 8 0 0 0 3 0 4 0 3 0 7 1 0 0 8 0 7 0 5 0 0 0 6 0 6 0 5 0 0 0 2 0 2 0 8 0 0 0 0 0 6 0 7 0 5 1 0 0 8 0 6 0 6 0 2 0 4 0 1 0 8 0 3 0 6 0 4 0 2 0 4
1 117 2 0 4 0 8 0 4 1 0 0 3 0 1 0 0 0 3 0 5 0 2 0 0 0 7 0 4 0 3 0 6 0 2 0 1 0 3 0 7 0 0 0 3 0 1 0 6 0 1 0 6 0 8 0 7 0 6 0 0 0 7 0 6 0 1 0 2 0 3 0 4 0 1 0 1 0 4 0 5 0 6 0 1 0 1 0 3 0 6 0 3 0 0 0 7 0 4 0 3 0 5 0 8 0 3 0 6 0 8 0 2 1 0 0 5 1 0
1 117 4 1 0 0 8 0 0 1 0 0 6 0 2 0 0 0 7 0 0 0 5 0 1 0 4 1 0 0 8 0 2 0 5 0 2 0 7 0 4 0 1 0 6 0 3 0 2 0 4 0 3 0 8 0 6 0 3 0 2 0 5 0 3 0 3 0 4 0 6 0 8 0 2 0 2 1 0 0 2 0 3 0 3 0 2 0 7 0 2 0 7 0 1 0 4 1 0 0 8 0 1 0 7 0 8 0 3 0 7 0 6 1 0 0 1 1 0
1 119 1 0 0 0 0 0 6 0 2 1 0 0 2 0 5 0 1 0 4 0 2 0 0 0 4 0 0 0 0 0 6 0 6 0 0 0 6 0 4 1 0 0 4 0 2 0 7 0 4 0 8 0 7 0 7 0 3 0 7 0 5 0 0 0 7 0 6 1 0 0 4 0 7 0 5 0 5 0 8 0 3 0 6 0 6 0 5 0 4 0 6 0 4 0 4 0 0 0 0 0 6 0 4 0 5 0 7 0 8 0 5 0 4 1 0 0 3 0 7
1 119 2 0 0 0 1 0 2 0 6 0 8 0 4 0 0 0 3 0 8 0 4 0 0 0 8 0 0 0 1 0 3 0 3 0 2 0 3 0 0 1 0 0 8 0 5 0 5 0 0 0 8 0 6 0 5 0 8 0 5 0 1 0 2 0 5 0 4 1 0 1 0 0 6 0 2 0 2 0 7 0 8 0 3 0 4 0 2 0 0 0 3 1 0 1 0 0 1 0 1 0 3 0 0 0 2 0 6 0 8 0 2 0 0 1 0 0 7 0 5
0 119 4 0 0 0 2 0 5 0 3 0 7 1 0 0 1 0 7 0 6 1 0 0 2 0 6 0 1 0 2 0 6 0 6 0 4 0 6 0 1 1 0 0 7 0 2 0 1 0 2 0 7 0 4 0 2 0 8 0 1 0 3 0 5 0 1 0 1 0 0 1 0 0 2 0 5 0 5 0 5 0 7 0 7 0 8 0 4 0 0 0 7 1 0 0 8 0 1 0 2 0 6 0 0 0 5 0 3 0 7 0 5 0 1 1 0 0 5 0 2
1 119 8 0 0 0 5 0 0 0 8 0 5 1 0 0 3 0 5 0 4 1 0 0 5 0 2 0 3 0 5 0 3 0 4 0 0 0 3 0 4 1 0 0 4 0 5 0 2 0 5 0 4 1 0 0 6 0 6 0 3 0 7 0 0 0 3 0 2 0 1 0 8 0 4 0 1 0 2 0 2 0 6 0 6 0 7 1 0 0 2 0 6 0 0 0 6 0 3 0 5 0 2 0 2 0 0 0 8 0 5 0 1 0 4 1 0 0 0 0 5
0 121 1 0 6 0 2 0 0 0 2 0 7 0 2 1 0 0 7 0 1 0 1 0 0 0 0 0 5 0 7 0 0 0 7 0 8 0 0 0 6 1 0 1 0 1 0 0 1 0 6 0 1 0 1 0 0 0 3 0 3 0 8 0 4 0 1 0 6 0 4 0 3 0 6 1 0 0 3 0 4 0 5 0 3 0 4 0 6 1 0 0 5 0 2 0 2 0 2 0 8 0 0 0 5 0 4 0 1 0 7 0 1 0 3 1 0 1 0 0 1 0 1
0 121 3 0 2 0 5 0 0 0 5 0 4 0 6 1 0 0 4 0 3 0 2 0 0 0 1 0 1 0 5 0 2 0 5 0 7 0 2 0 4 0 0 1 0 0 8 0 2 0 2 0 3 0 2 0 0 0 6 0 7 0 6 1 0 0 4 0 2 1 0 0 8 0 3 1 0 0 6 1 0 0 1 0 7 1 0 0 5 0 0 0 0 0 5 0 4 0 5 0 6 0 2 0 0 1 0 0 4 0 4 0 3 0 7 1 0 0 8 0 1 0 2
0 121 6 0 5 0 0 0 2 0 1 0 0 0 4 1 0 0 8 0 6 0 4 0 0 0 2 0 3 0 0 0 6 0 1 0 5 0 5 0 8 0 1 1 0 0 6 0 5 0 4 0 6 0 4 0 1 0 3 0 6 0 4 1 0 0 8 0 5 1 0 0 6 1 0 0 0 0 3 1 0 0 3 0 6 0 0 0 0 0 1 0 1 0 1 0 0 0 2 0 3 0 5 0 1 0 8 0 7 0 8 0 7 0 6 0 0 0 6 0 3 0 4
1 123 1 0 3 0 1 0 1 0 4 0 2 0 1 0 0 0 0 0 7 0 3 1 0 0 1 0 4 0 6 0 1 0 2 0 4 0 1 0 2 0 7 0 4 1 0 0 3 0 2 0 0 0 3 1 0 0 3 0 7 0 3 0 1 0 0 0 7 0 3 0 0 0 3 1 0 0 0 0 7 0 8 0 6 0 2 0 1 0 0 0 2 0 2 0 2 0 0 0 4 0 7 0 0 0 4 0 7 0 6 0 8 0 6 0 3 0 2 0 2 0 7 1 0
1 123 2 0 6 0 2 0 2 0 8 0 4 0 2 0 0 0 1 0 4 0 8 0 8 0 1 1 0 0 3 0 3 0 4 0 8 0 2 0 5 0 5 0 0 1 0 0 6 0 4 0 0 0 7 0 8 0 6 0 4 0 7 0 2 0 1 0 4 0 7 0 0 0 7 0 8 0 0 0 5 0 8 0 3 0 5 0 2 0 0 0 4 0 4 0 4 0 0 1 0 0 5 0 1 1 0 0 6 0 4 0 8 0 3 0 7 0 4 0 5 0 5 1 0
1 123 5 0 2 0 5 0 5 0 6 1 0 0 5 0 0 0 2 1 0 0 8 0 7 0 4 0 8 0 5 0 6 1 0 0 7 0 6 0 1 0 1 0 2 1 0 0 2 1 0 0 2 0 5 0 8 0 4 0 0 0 5 0 5 0 2 1 0 0 5 0 2 0 5 0 7 0 2 0 1 0 7 0 8 0 0 0 5 0 0 0 8 0 8 0 8 0 1 1 0 0 0 0 4 1 0 0 3 0 0 0 7 0 8 0 5 0 0 0 2 0 2 1 0
1 125 1 0 0 0 6 0 1 0 2 0 5 0 0 0 0 0 1 0 5 1 0 0 7 0 6 0 0 0 8 0 2 0 5 0 0 0 5 0 3 0 3 0 2 0 5 0 8 0 4 0 8 0 4 0 1 0 7 1 0 0 2 0 1 0 1 0 6 1 0 0 0 0 6 0 1 0 5 0 5 0 3 0 5 0 7 0 2 0 0 0 2 0 7 0 8 0 7 0 4 0 7 1 0 1 0 1 0 0 6 0 1 0 5 0 8 0 1 0 1 0 4 0 5 0 7
1 125 2 0 1 0 2 0 3 0 5 0 0 0 1 0 0 0 3 0 2 0 0 0 5 0 3 0 2 0 6 0 6 0 0 0 2 0 0 0 7 0 6 0 5 0 1 0 8 0 0 0 7 1 0 0 4 0 5 1 0 0 4 0 2 0 3 0 3 1 0 0 1 0 2 0 4 0 1 0 1 0 8 0 1 0 5 0 5 0 0 0 5 0 5 0 8 0 6 0 0 0 7 0 0 1 0 1 0 0 2 0 4 0 1 0 7 0 3 0 2 1 0 0 2 0 6
0 125 4 0 2 0 4 0 7 0 0 0 1 0 2 0 0 0 6 0 4 0 1 0 0 0 7 0 5 0 3 0 3 0 1 0 4 0 1 0 5 0 4 0 1 0 4 0 6 0 2 0 5 1 0 1 0 0 2 1 0 0 8 0 4 0 6 0 7 0 8 0 1 0 4 0 8 0 2 0 3 0 6 0 4 0 1 0 1 0 2 0 1 0 2 0 8 0 3 0 2 0 4 0 2 1 0 0 8 0 3 0 8 0 3 0 4 0 7 0 5 0 8 0 4 0 3
1 125 8 0 4 1 0 0 5 0 1 0 2 0 4 0 1 0 2 1 0 0 3 0 1 0 5 0 1 0 7 0 6 0 2 0 8 0 3 0 0 1 0 0 3 1 0 0 3 0 6 0 2 0 0 0 8 0 4 1 0 0 7 0 0 0 4 0 6 0 7 0 3 1 0 0 7 0 5 0 7 0 2 1 0 0 3 0 2 0 4 0 2 0 5 0 6 0 7 0 4 0 8 0 5 1 0 0 6 0 8 0 6 0 7 1 0 0 6 0 2 0 7 1 0 0 7
1 127 1 0 7 0 1 0 0 0 0 0 3 0 4 0 8 0 2 0 5 0 8 0 5 0 3 0 0 0 4 0 5 0 3 0 6 0 6 0 7 0 1 0 8 0 6 0 8 0 6 0 2 0 5 0 1 0 7 0 1 0 0 0 4 0 1 1 0 0 4 0 5 1 0 0 0 0 5 0 2 0 5 0 6 0 8 0 5 0 4 0 8 0 5 0 1 0 4 0 6 0 0 0 8 0 3 0 0 0 3 0 8 0 4 0 7 0 0 0 2 0 6 0 6 0 0 0 5
0 127 3 0 4 0 3 0 0 0 0 0 6 1 0 0 7 0 6 0 1 0 8 0 1 0 7 0 0 1 0 0 1 0 8 0 3 0 4 0 5 0 4 0 7 0 4 0 8 0 3 0 6 0 0 0 4 0 4 0 3 0 0 0 8 0 3 0 8 0 8 0 1 1 0 0 1 0 0 0 6 0 1 0 4 0 8 0 2 0 0 0 8 0 1 0 3 1 0 0 3 0 2 0 6 0 7 0 0 0 7 0 7 0 0 0 5 0 1 0 5 0 3 0 3 0 2 0 1
0 127 6 0 8 0 6 0 0 0 1 0 4 0 0 0 5 0 3 0 4 0 6 0 4 0 4 0 2 0 8 0 2 0 6 0 7 1 0 0 2 0 0 0 6 0 0 0 7 0 8 0 2 0 1 0 8 0 8 0 6 0 1 0 6 0 8 0 7 0 7 0 4 0 8 0 1 0 1 0 2 0 3 1 0 0 7 0 5 0 1 0 6 0 3 0 7 0 8 0 5 0 5 0 3 0 5 0 2 0 5 0 5 0 2 0 0 0 4 0 0 0 7 0 6 0 4 0 2
1 129 1 0 3 0 8 0 3 0 1 0 2 0 8 0 1 0 0 0 7 1 0 0 3 1 0 1 0 0 6 0 6 0 6 0 3 0 6 1 0 0 4 0 1 0 2 0 2 0 5 0 7 0 5 0 3 0 7 0 8 0 3 0 4 0 3 0 8 0 6 0 6 0 0 0 7 0 3 0 2 0 4 0 7 1 0 0 5 0 1 0 4 0 2 0 8 0 5 0 8 0 2 0 1 0 8 0 0 0 6 0 1 0 1 0 5 0 0 0 8 0 1 0 5 0 3 1 0 0 5
0 129 2 0 7 0 6 0 7 0 2 0 5 0 6 0 3 0 1 0 5 1 0 0 7 1 0 1 0 0 3 0 4 0 3 0 8 0 3 1 0 0 8 0 2 0 4 0 5 0 1 0 6 0 1 0 8 0 5 0 7 0 7 0 8 0 7 0 7 0 4 0 3 0 2 0 4 0 7 0 4 1 0 0 7 0 0 0 0 0 3 0 8 0 5 0 7 0 2 0 7 0 5 0 3 0 6 0 2 0 2 0 3 0 3 0 0 0 2 0 6 0 4 0 0 1 0 0 0 0 1
0 129 5 0 5 0 4 0 5 0 6 0 1 0 3 0 7 0 3 0 2 0 0 0 6 0 0 0 8 0 5 0 8 0 7 0 6 1 0 0 0 0 6 0 5 1 0 0 1 0 4 0 2 0 4 0 7 0 2 0 6 0 6 0 8 0 6 0 5 1 0 0 7 0 4 1 0 0 6 0 1 0 0 0 4 0 1 0 0 0 7 0 7 0 2 0 5 0 6 0 5 0 1 0 8 0 2 0 5 0 4 0 6 0 6 0 0 0 5 0 2 1 0 0 2 0 7 1 0 0 2
0 131 1 0 1 0 2 0 0 0 2 0 3 0 3 0 7 0 4 0 7 0 4 0 1 0 2 0 2 0 7 0 2 0 8 0 6 0 4 1 0 0 1 0 3 0 2 1 0 0 2 0 8 0 4 1 0 0 5 0 6 0 3 0 4 0 8 0 4 0 3 0 0 0 5 0 1 0 0 0 2 0 3 0 0 0 8 0 2 0 1 0 5 0 5 0 6 0 1 0 4 0 1 0 4 0 6 0 6 0 1 0 0 0 4 0 3 0 2 0 0 0 6 0 8 0 4 0 5 1 0 0 4
1 131 2 0 2 0 4 0 0 0 4 0 6 0 7 0 5 0 0 0 5 1 0 0 3 0 4 0 5 0 4 0 6 0 7 0 4 0 0 1 0 0 2 0 6 0 5 0 8 0 4 0 7 0 1 0 0 0 1 0 3 0 7 1 0 0 7 1 0 0 7 0 1 0 0 0 3 0 0 0 4 0 6 0 1 0 6 0 5 0 3 0 1 0 2 0 3 0 3 0 8 0 2 1 0 0 4 0 3 0 3 0 0 0 8 0 6 0 4 0 1 0 3 0 8 0 0 0 2 1 0 1 0
1 131 4 0 4 0 8 0 0 1 0 0 4 0 6 0 1 0 2 0 1 1 0 0 6 1 0 0 2 0 0 0 4 0 5 1 0 0 2 0 8 0 4 0 3 0 2 0 8 0 0 0 5 0 3 0 0 0 2 0 7 0 6 0 0 0 6 0 0 0 4 0 3 0 0 0 6 0 0 1 0 0 3 0 4 0 3 0 1 0 7 0 2 0 4 0 6 0 7 0 6 0 6 0 8 0 7 0 6 0 6 0 1 0 7 0 3 1 0 0 3 0 7 0 6 0 1 0 5 1 0 0 7
1 132 1 0 0 0 0 7 0 2 0 8 0 8 0 2 0 3 0 4 0 3 1 0 0 3 1 0 0 4 0 0 1 0 0 2 1 0 0 5 0 6 1 0 0 7 0 5 0 6 0 2 0 0 0 7 0 0 0 5 0 5 0 3 0 2 0 2 0 1 0 8 0 6 0 1 0 2 0 2 0 8 0 5 0 8 0 6 0 3 0 4 0 5 1 0 0 4 0 6 0 4 0 4 0 8 0 6 0 4 0 3 0 4 0 4 0 8 0 8 0 6 0 5 0 3 0 4 0 2 0 0 0 5
0 133 1 0 8 0 0 0 4 0 6 0 7 0 7 0 5 0 6 0 8 0 7 0 8 0 6 0 8 0 7 0 1 0 8 0 4 1 0 0 1 0 5 0 0 0 5 0 2 0 3 0 5 0 1 0 4 0 2 0 1 0 1 0 7 0 4 0 4 0 3 0 7 0 3 0 3 0 4 0 5 0 7 0 2 0 8 0 3 0 7 1 0 0 2 1 0 1 0 0 4 0 0 0 0 0 8 0 3 1 0 0 7 1 0 0 0 0 8 0 8 0 4 0 1 0 7 0 8 0 4 0 1 0 1
0 133 3 0 6 0 1 1 0 0 4 0 6 0 6 0 2 0 4 0 8 0 6 0 8 0 4 0 8 0 5 0 4 0 7 0 0 1 0 0 3 0 0 0 2 0 0 0 5 0 7 0 0 0 3 0 8 0 4 0 2 0 3 0 4 1 0 1 0 0 8 0 4 0 7 0 6 1 0 0 2 0 5 0 6 0 6 0 8 0 5 1 0 0 5 1 0 0 8 0 7 0 0 0 1 0 6 1 0 0 0 0 5 1 0 0 1 0 7 0 7 1 0 0 4 0 5 0 7 1 0 0 3 0 2
1 133 7 0 2 0 4 0 8 0 8 0 3 0 3 0 5 1 0 0 8 0 4 0 8 0 0 0 8 0 2 0 0 0 5 0 2 0 8 0 5 0 0 0 4 0 1 0 1 0 5 0 1 0 7 0 6 1 0 0 5 0 7 0 0 0 0 1 0 0 7 0 0 0 6 0 4 1 0 0 5 0 1 0 4 0 4 0 8 0 3 0 0 0 2 0 0 0 7 0 5 0 1 0 3 0 3 1 0 0 1 0 1 1 0 0 3 0 5 0 6 1 0 1 0 0 2 0 6 1 0 0 6 0 4
0 135 1 0 4 0 5 1 0 0 8 0 7 0 7 0 7 0 2 0 0 0 7 0 0 0 7 0 2 0 6 0 5 0 1 0 0 0 6 0 7 0 1 0 1 0 8 0 2 0 3 0 0 0 4 0 5 0 5 0 0 0 1 0 5 0 1 0 1 1 0 0 4 0 2 0 3 0 1 0 0 0 0 0 3 1 0 0 0 0 7 0 7 0 0 0 4 0 1 0 5 0 1 0 3 0 6 0 7 0 8 0 1 0 3 0 8 0 6 0 1 0 5 0 0 0 8 0 4 0 4 0 0 0 3 0 0
0 135 2 1 0 0 3 0 0 0 7 0 6 0 6 0 5 0 5 0 1 0 4 0 2 0 4 0 6 0 3 0 1 0 3 0 1 0 3 0 5 0 3 0 3 0 6 0 5 0 6 0 0 1 0 0 2 0 1 0 1 0 3 0 0 0 3 0 3 0 8 0 7 0 4 0 6 0 2 0 0 0 0 0 7 0 8 0 0 0 5 0 5 0 1 0 8 0 3 0 0 0 3 0 7 0 3 0 6 0 7 0 3 0 7 0 7 0 3 0 4 0 0 0 2 0 6 1 0 1 0 0 1 0 6 0 0
0 135 5 0 8 0 5 0 1 0 5 0 4 0 4 0 2 0 1 0 3 0 8 0 4 1 0 0 3 0 7 0 2 0 6 0 2 0 7 0 0 0 7 0 7 0 3 0 2 0 3 0 2 0 8 0 3 0 2 0 2 0 6 0 0 0 6 0 7 0 7 0 6 0 0 0 3 0 5 0 0 0 1 0 5 0 7 0 2 0 1 0 1 0 4 0 6 0 7 0 0 0 7 0 4 0 8 0 3 0 5 0 8 0 5 0 5 0 7 0 8 0 0 0 5 0 4 0 0 0 8 0 2 0 2 0 1
0 137 1 0 1 0 8 0 1 0 4 0 0 1 0 1 0 0 5 0 2 0 7 0 7 0 0 1 0 0 7 0 4 0 6 0 2 0 6 0 4 0 2 0 5 0 5 0 7 0 4 0 6 0 5 0 6 0 7 0 4 0 5 0 2 0 2 0 3 0 6 0 6 0 3 0 1 0 7 0 0 0 1 0 3 0 1 0 5 0 5 0 2 0 2 1 0 0 4 0 5 0 2 0 5 0 0 0 7 0 8 0 1 0 8 0 2 0 2 0 6 0 7 0 2 0 0 1 0 0 2 0 6 0 5 0 4 0 2
1 137 2 0 3 0 6 0 3 0 8 0 1 1 0 1 0 0 0 0 6 0 5 0 5 0 2 1 0 0 5 0 0 0 3 0 6 0 2 1 0 0 6 0 1 0 2 0 6 0 0 0 4 0 2 0 4 0 6 0 0 0 1 0 5 0 4 0 7 0 3 0 3 0 7 0 3 0 4 0 1 0 2 0 6 0 3 0 1 0 1 0 5 0 5 0 8 0 8 0 0 0 6 0 0 0 2 0 5 0 7 0 4 0 6 0 5 0 5 0 3 0 5 0 5 0 1 0 8 0 4 0 3 0 1 1 0 0 5
0 137 4 0 7 0 2 0 8 0 6 0 4 1 0 0 8 0 0 0 3 0 2 0 1 0 6 1 0 0 0 0 1 0 7 0 2 0 6 1 0 0 2 0 3 0 5 0 2 0 1 0 8 0 4 1 0 0 3 0 1 0 3 0 1 0 0 0 5 0 7 0 7 0 4 0 7 0 8 0 2 0 5 0 2 0 7 0 2 0 3 0 1 0 2 0 8 0 7 0 2 0 2 0 1 0 5 0 1 0 6 0 0 0 4 0 2 0 1 0 8 0 1 0 1 0 4 0 6 1 0 0 7 0 3 1 0 0 1
0 138 1 0 0 5 0 6 0 7 0 4 0 1 0 0 0 6 0 1 0 6 0 4 0 3 0 3 1 0 0 0 0 3 0 4 0 6 0 3 1 0 0 4 0 7 0 0 0 5 0 3 0 7 0 0 1 0 0 6 0 2 0 6 0 2 0 1 0 1 0 6 0 6 0 0 0 6 0 7 0 6 0 0 0 6 0 4 0 5 0 6 0 2 0 5 0 7 0 5 0 5 0 4 0 3 0 0 0 4 0 2 0 1 0 8 0 4 0 3 0 6 0 3 0 2 1 0 0 5 0 0 0 4 0 8 0 8 0 1
0 139 1 1 0 0 1 0 4 0 5 1 0 0 3 0 1 0 2 0 4 0 2 1 0 0 7 0 7 0 7 1 0 0 6 1 0 0 3 0 8 0 8 0 8 0 4 0 2 0 0 0 8 0 4 0 2 1 0 0 2 0 6 0 2 0 5 0 2 0 3 0 3 0 3 0 2 0 3 0 6 0 3 0 2 0 3 0 0 0 2 0 3 0 6 0 1 0 6 0 2 0 1 1 0 0 7 0 0 0 8 0 4 0 3 0 6 1 0 0 8 0 2 0 7 0 5 1 0 0 0 0 1 1 0 0 8 0 7 0 3
1 139 3 0 8 0 1 1 0 0 2 1 0 0 6 0 2 0 4 0 8 0 5 1 0 0 5 0 6 0 7 0 0 0 3 1 0 0 7 0 7 0 8 0 7 1 0 0 5 0 1 0 6 1 0 0 6 0 8 0 4 0 2 0 6 0 0 0 5 0 6 0 6 0 6 0 4 0 7 0 2 0 7 0 4 0 6 0 0 0 4 0 7 0 2 0 4 0 2 0 5 0 3 1 0 0 4 0 2 0 6 1 0 0 8 0 4 0 0 0 6 0 6 0 5 0 2 1 0 0 0 0 3 1 0 0 7 0 5 0 7
1 139 7 0 6 0 4 0 8 0 4 1 0 0 2 0 5 1 0 0 8 0 3 0 0 0 1 0 4 0 5 0 1 0 7 1 0 0 5 0 6 0 8 0 7 0 0 0 0 0 4 0 4 0 0 0 3 0 7 1 0 0 6 0 2 0 2 0 1 0 4 0 4 0 4 0 0 0 5 0 6 0 5 0 0 0 3 0 1 1 0 0 5 0 5 0 8 0 5 0 0 0 8 0 8 0 7 0 5 0 4 0 0 0 6 1 0 0 2 0 3 0 4 0 1 0 6 0 7 1 0 0 7 1 0 0 5 0 2 0 6
0 141 1 0 5 0 4 0 0 0 8 0 0 1 0 0 5 0 2 0 0 0 6 0 7 0 0 0 2 1 0 0 1 0 4 0 6 0 0 0 1 0 4 0 8 0 5 0 1 0 0 0 8 0 8 0 0 0 7 0 6 0 0 0 2 0 5 0 4 0 2 0 8 0 8 0 8 0 1 0 1 0 4 0 1 0 1 0 6 0 3 1 0 0 1 0 2 0 8 0 1 0 2 0 7 0 8 0 6 0 1 1 0 0 2 0 3 1 0 0 4 0 6 0 8 0 3 0 3 0 7 0 0 0 6 0 0 0 0 0 6 0 3
1 141 3 0 0 1 0 0 2 0 6 0 2 1 0 0 0 0 5 0 1 0 3 0 5 0 1 0 5 0 8 0 1 1 0 0 3 0 1 0 2 1 0 0 8 0 1 0 3 0 1 0 7 0 7 0 2 0 5 0 3 0 1 0 5 0 0 1 0 0 6 0 7 0 8 0 7 0 3 0 2 0 8 0 2 0 3 0 2 0 8 0 8 0 1 0 5 0 6 0 3 0 5 0 5 0 8 0 3 0 4 0 8 0 3 0 7 0 8 0 8 0 3 0 7 0 7 0 7 0 4 0 2 0 2 0 1 0 1 0 2 0 7
1 141 6 0 1 0 8 0 4 0 2 0 6 0 8 0 0 0 0 0 3 0 7 0 0 0 4 0 1 0 7 0 4 0 8 0 5 0 2 0 5 1 0 0 6 0 3 0 6 0 3 0 5 0 5 0 6 0 0 0 7 0 3 0 0 0 2 1 0 0 3 0 6 0 8 0 5 0 7 0 5 0 6 0 5 0 6 0 5 0 7 0 7 0 4 0 1 0 3 0 8 0 1 0 2 0 7 0 7 1 0 0 7 0 8 0 5 0 8 0 7 0 8 0 5 0 6 0 5 1 0 0 5 0 4 0 2 0 2 0 5 0 5
0 143 1 0 2 0 4 0 6 1 0 0 6 0 3 0 7 0 1 0 0 0 7 0 4 0 1 0 8 0 3 0 5 0 0 0 8 0 1 0 6 0 2 0 0 0 2 0 8 0 2 0 8 0 1 0 2 0 3 0 2 0 4 0 7 0 0 0 5 0 8 0 6 0 3 0 8 0 2 0 6 0 2 0 4 0 2 0 4 0 2 0 6 0 5 1 0 0 3 0 7 0 6 0 3 0 5 0 5 0 7 0 0 0 5 0 8 0 2 0 8 0 6 0 8 0 2 0 4 0 3 0 0 0 0 1 0 0 5 0 5 0 1 0 2
0 143 2 0 4 1 0 0 5 0 0 0 2 0 8 0 4 0 3 0 1 0 4 1 0 0 4 0 6 0 8 0 0 0 2 0 6 0 4 0 2 0 5 0 0 0 5 0 6 0 6 0 6 0 3 0 4 0 6 0 4 1 0 0 5 0 2 0 1 0 8 0 3 0 8 0 6 0 6 0 2 0 5 0 8 0 4 0 8 0 5 0 3 0 2 1 0 0 7 0 5 0 3 0 8 0 1 0 2 0 5 0 2 0 1 0 7 0 6 0 7 0 4 0 7 0 5 0 8 0 6 0 0 0 1 1 0 0 1 0 1 0 3 0 4
1 143 5 0 0 0 0 0 0 0 1 0 5 0 6 1 0 0 7 0 2 1 0 1 0 1 0 0 4 0 7 0 1 0 5 0 2 1 0 0 6 0 0 0 2 0 1 0 4 0 4 0 3 0 7 1 0 0 4 0 1 0 0 0 0 0 5 0 3 0 6 0 8 0 7 0 4 0 3 0 6 0 1 0 8 0 0 0 8 0 1 0 7 0 5 1 0 0 5 0 1 0 8 0 6 0 3 0 5 0 0 0 5 0 3 0 5 0 4 0 6 0 0 0 6 0 2 0 8 0 3 0 1 0 3 0 8 0 1 0 2 0 6 1 0
1 145 1 0 0 0 1 0 0 0 0 0 3 0 1 0 5 0 0 0 4 0 6 1 0 1 0 0 8 0 8 0 4 0 4 0 0 0 6 1 0 0 2 0 1 0 4 0 2 0 8 0 8 0 7 0 5 1 0 0 8 0 2 0 0 0 1 0 0 0 8 0 3 0 8 0 5 1 0 0 8 0 2 0 4 0 6 0 2 0 6 0 4 0 5 0 3 0 0 0 0 0 4 0 7 0 3 0 8 0 0 0 2 0 0 0 8 0 1 0 0 0 3 0 2 0 2 0 6 0 6 0 7 0 2 0 7 0 6 0 3 0 5 0 3 1 0
1 145 2 0 0 0 2 0 0 0 0 0 6 0 3 0 0 0 1 1 0 0 5 0 0 1 0 0 7 0 7 1 0 1 0 0 2 0 3 1 0 0 4 0 2 0 8 0 5 0 7 0 8 0 6 0 3 0 0 0 6 0 5 0 0 0 2 0 1 0 6 0 8 0 7 0 3 0 0 0 6 0 5 1 0 0 3 0 6 0 3 0 0 0 1 0 7 0 0 0 0 1 0 0 5 0 8 0 6 0 1 0 4 0 1 0 6 0 3 0 0 0 6 0 4 0 5 0 3 0 4 0 5 0 6 0 5 0 3 0 8 0 0 0 8 0 7
1 145 4 0 0 0 4 0 0 0 1 0 2 0 7 0 0 0 3 1 0 0 0 0 2 1 0 0 5 0 7 0 0 0 8 0 3 0 7 0 8 0 7 0 5 0 7 0 2 0 6 0 8 0 3 0 7 0 1 0 3 0 1 0 1 0 4 0 3 0 3 0 8 0 5 0 7 0 1 0 3 0 2 1 0 0 7 0 2 0 7 0 0 0 3 0 4 0 1 0 1 1 0 0 1 0 8 0 3 0 3 0 8 0 3 0 2 0 7 0 1 0 3 0 0 0 1 0 7 1 0 0 2 0 4 0 1 0 8 0 6 0 2 0 7 0 6
1 145 8 0 0 0 8 0 0 0 2 0 5 0 4 0 1 0 7 0 7 1 0 0 5 1 0 0 1 0 5 0 2 0 6 0 8 0 5 0 8 0 6 0 2 0 5 0 6 0 3 0 7 0 8 0 4 0 3 0 6 0 2 0 2 0 8 0 6 0 7 0 7 0 2 0 5 0 3 0 6 0 5 1 0 0 4 0 6 0 4 0 1 0 6 0 8 0 2 0 3 0 8 0 2 0 6 0 7 0 7 0 6 0 7 0 5 0 4 0 3 0 6 0 0 0 3 0 5 1 0 0 4 0 8 0 3 0 7 0 3 0 6 0 5 0 4
0 147 1 0 6 0 2 0 6 0 1 0 5 0 0 1 0 0 4 0 5 0 7 0 0 0 1 1 0 0 3 0 0 0 6 0 3 0 8 0 2 0 8 0 3 0 6 0 1 0 3 0 8 0 5 0 7 1 0 0 8 0 2 0 5 0 5 0 7 0 4 0 6 0 5 0 6 0 0 0 8 0 3 0 2 1 0 1 0 0 3 1 0 0 4 0 3 0 7 0 5 0 7 0 6 0 6 0 3 0 6 0 6 0 4 0 6 0 1 1 0 0 8 0 2 0 1 0 7 0 1 1 0 1 0 0 7 0 8 0 4 0 8 0 3 0 2 0 0
0 147 3 0 2 0 6 0 2 0 4 0 0 0 2 0 8 0 8 0 1 0 5 0 1 0 3 0 8 0 5 0 1 0 2 0 8 0 6 0 6 0 6 0 8 0 2 0 3 0 7 0 7 0 2 0 7 0 0 0 6 0 6 0 1 0 2 0 6 0 0 0 4 0 2 0 3 0 2 0 6 0 7 0 5 1 0 0 8 0 6 0 8 0 7 0 7 0 5 0 2 0 6 0 4 0 3 0 8 0 3 0 4 0 0 0 3 0 4 1 0 0 6 0 5 0 3 0 4 0 4 1 0 1 0 0 5 0 8 0 0 0 7 0 7 0 4 0 0
0 147 6 0 5 0 2 0 5 0 8 0 0 0 5 0 7 0 7 0 4 0 0 0 3 0 7 0 7 0 1 0 3 0 5 0 7 0 4 0 4 0 4 0 7 0 5 0 7 0 5 0 5 0 6 0 4 0 2 0 3 0 3 0 3 0 5 0 2 0 1 0 8 0 4 0 6 0 5 0 3 0 6 0 3 0 0 0 7 0 4 0 8 0 6 0 6 0 1 0 6 0 2 1 0 0 8 0 6 0 7 0 8 0 0 0 7 0 0 0 0 0 3 0 1 0 7 1 0 0 1 0 0 1 0 0 1 0 7 0 2 0 5 0 5 1 0 0 1
0 149 1 0 3 0 1 0 6 0 1 0 7 0 2 0 1 0 6 0 5 1 0 0 1 0 7 0 5 0 5 0 3 0 7 0 1 0 6 0 0 0 0 0 0 0 6 0 2 0 6 0 2 0 2 0 3 1 0 0 5 0 6 0 6 0 7 0 0 0 5 0 3 0 7 0 0 0 4 0 1 0 8 0 2 0 7 0 1 0 5 0 0 0 8 0 4 0 3 0 4 0 2 0 6 1 0 0 7 0 4 0 6 0 7 0 2 0 4 0 1 0 0 0 6 0 3 0 5 1 0 0 2 0 1 0 8 0 2 0 4 0 6 0 1 0 2 1 0 0 2
0 149 2 0 6 0 3 0 2 0 4 0 4 0 5 0 3 0 3 0 2 1 0 0 3 0 5 0 2 0 1 0 8 0 4 0 4 0 2 0 1 0 0 0 1 0 2 0 6 0 2 0 5 0 4 0 7 1 0 0 1 0 4 0 4 0 5 0 2 0 0 0 8 0 4 0 1 0 8 0 3 0 6 0 6 0 4 0 4 0 0 0 2 0 6 1 0 0 7 0 8 0 5 0 4 0 0 0 5 0 0 0 4 0 5 0 5 0 8 0 2 0 1 0 2 0 8 0 1 1 0 0 4 0 3 0 6 0 5 1 0 0 3 0 3 0 5 0 8 0 3
1 149 5 0 2 0 7 0 4 1 0 0 0 0 1 0 7 0 6 0 5 0 8 0 6 0 0 0 5 0 3 0 6 1 0 1 0 0 5 0 2 0 0 0 2 0 5 0 2 0 6 0 1 0 0 0 6 1 0 0 2 1 0 0 0 0 1 0 5 0 1 0 6 1 0 0 4 0 6 0 8 0 3 0 3 1 0 1 0 0 1 0 5 0 4 0 0 0 5 0 8 0 1 1 0 0 2 0 0 0 1 1 0 0 2 0 2 0 7 0 5 0 2 0 5 0 6 0 4 0 8 0 7 0 7 0 3 0 2 1 0 0 6 0 7 0 1 0 7 0 7
1 151 1 0 0 0 6 0 5 0 0 1 0 0 0 0 3 0 5 0 4 0 2 0 8 0 3 0 2 0 0 0 8 0 4 0 0 1 0 0 0 0 5 0 0 0 5 0 0 0 6 0 2 0 3 0 1 0 3 1 0 0 5 0 7 1 0 0 3 0 0 0 4 0 3 1 0 1 0 0 4 0 7 0 7 0 7 1 0 0 8 0 2 0 0 1 0 0 2 0 1 0 7 0 4 0 8 0 3 0 0 0 3 0 8 0 3 0 5 0 5 0 1 0 6 0 1 0 4 0 0 0 8 0 6 0 5 0 7 0 5 1 0 0 3 0 5 0 4 0 5 0 6
0 151 2 0 1 0 3 0 1 0 2 0 7 1 0 0 7 0 0 1 0 0 6 0 6 0 7 0 4 0 1 0 6 1 0 0 2 0 8 0 0 0 0 0 2 0 0 0 2 0 2 0 5 0 6 0 2 0 7 1 0 0 1 0 6 1 0 0 6 0 0 0 8 0 7 1 0 0 8 0 8 0 5 0 6 0 7 0 0 0 6 0 5 0 1 0 8 0 3 0 3 0 5 0 0 0 7 0 7 0 0 0 7 0 6 0 8 0 1 0 1 0 4 0 2 0 3 0 8 0 1 0 7 0 4 0 2 0 6 0 2 1 0 0 7 0 1 0 0 0 2 0 4
1 151 4 0 2 0 6 0 2 0 5 0 6 0 0 0 4 0 2 1 0 0 3 0 4 0 5 1 0 0 4 0 3 1 0 0 5 0 6 0 1 0 0 0 4 0 0 0 4 0 5 0 1 0 3 0 6 0 5 1 0 0 3 0 4 0 0 0 2 0 2 0 7 0 7 0 0 0 7 0 8 0 2 0 4 0 5 0 2 0 3 0 1 0 4 0 6 0 7 0 7 0 0 0 2 0 5 0 5 0 2 0 5 0 4 0 7 0 3 0 2 0 8 0 4 0 7 0 6 0 4 0 4 1 0 0 6 0 2 0 6 1 0 0 4 0 3 0 0 0 4 1 0
1 151 8 0 5 0 2 0 6 0 1 0 3 0 1 0 8 0 5 0 8 0 5 1 0 0 2 1 0 0 8 0 7 1 0 0 1 0 3 0 3 0 0 0 8 0 0 1 0 0 1 0 3 0 7 0 3 0 2 1 0 0 6 0 8 0 0 0 4 0 5 0 5 0 5 0 2 0 5 0 7 0 5 1 0 0 1 0 5 0 6 0 2 1 0 0 4 0 6 0 5 0 1 0 5 0 1 0 1 0 6 0 1 0 0 0 5 0 7 0 5 0 7 0 0 0 6 0 4 0 0 0 1 0 0 0 2 0 6 0 3 1 0 0 8 0 6 0 0 1 0 1 0
1 153 1 0 7 0 1 0 6 0 2 0 3 0 6 0 3 0 7 0 2 0 8 0 2 1 0 0 5 1 0 0 7 0 6 1 0 0 2 0 6 0 6 0 1 0 6 0 2 0 8 0 1 0 7 0 4 0 7 0 5 1 0 0 3 0 7 0 1 1 0 0 2 0 2 0 1 0 6 0 1 0 6 0 2 1 0 0 3 0 1 0 3 0 6 0 8 0 8 0 3 0 1 0 4 0 0 0 3 0 3 0 2 0 3 0 1 0 1 0 6 0 2 0 5 0 2 0 2 1 0 0 1 0 2 0 0 0 5 0 2 1 0 0 0 0 7 0 3 0 2 1 0 0 7
1 153 3 0 4 0 4 0 2 0 5 0 7 0 2 0 8 0 4 0 6 0 6 0 6 1 0 0 2 0 0 0 5 0 4 1 0 0 5 0 3 0 3 0 4 0 2 0 6 0 6 0 4 0 5 0 0 0 6 0 2 1 0 0 7 0 4 0 4 0 8 0 3 0 4 0 3 0 2 0 4 0 2 0 6 0 8 0 5 0 2 0 7 0 3 0 8 0 7 0 7 0 2 0 8 0 0 0 6 0 6 0 4 0 6 0 2 0 3 0 2 0 6 0 0 0 5 0 5 0 8 0 1 0 4 0 1 0 0 0 6 0 8 0 0 0 4 0 7 0 5 1 0 0 5
0 153 6 0 8 0 8 0 5 0 1 0 5 0 6 0 7 0 0 0 4 0 4 0 4 1 0 0 4 0 1 0 1 0 1 0 0 0 0 0 7 0 6 0 8 0 5 0 3 0 4 0 0 0 1 0 2 0 2 0 6 1 0 0 5 0 0 0 0 0 7 0 7 0 8 0 6 0 4 0 8 0 5 0 3 0 8 0 1 0 6 0 4 0 8 0 7 0 6 0 5 0 6 0 6 0 2 0 3 0 4 0 0 0 3 0 5 0 6 0 5 0 2 0 2 0 1 0 2 0 7 0 3 0 8 0 2 0 1 0 3 0 7 0 1 1 0 0 6 0 3 0 0 0 1
0 155 1 0 3 0 8 0 8 0 1 0 4 0 1 0 4 0 5 0 1 1 0 0 0 0 0 1 0 0 8 0 2 0 2 0 2 0 0 0 1 0 5 0 4 0 8 0 1 0 7 0 8 0 0 0 2 0 4 0 5 0 4 0 0 0 0 0 1 0 1 0 5 0 6 0 8 0 4 0 0 0 8 0 1 0 8 0 6 0 4 0 3 0 0 0 8 0 6 0 4 0 2 0 4 0 3 0 5 0 6 0 8 0 0 0 7 0 1 0 4 0 1 0 5 0 4 0 2 0 5 0 4 0 8 0 6 0 5 0 2 0 7 0 4 0 4 1 0 0 2 0 7 0 0 0 2
0 155 2 0 7 0 7 0 7 0 3 0 8 0 2 1 0 0 1 0 4 0 7 1 0 0 1 1 0 0 6 0 5 0 4 0 4 0 0 0 3 0 1 0 0 0 7 0 4 0 5 0 7 0 1 0 4 1 0 0 1 1 0 0 1 0 0 0 2 0 3 0 1 0 4 0 7 1 0 0 2 0 6 0 4 0 7 0 3 1 0 0 7 0 1 0 7 0 3 1 0 0 5 0 8 0 7 0 1 0 4 0 7 0 2 0 4 0 3 0 8 0 3 0 0 1 0 0 6 0 1 0 0 0 8 0 4 0 1 0 6 0 5 0 0 0 0 1 0 0 5 0 4 0 1 0 4
1 155 5 0 5 0 6 0 5 0 8 0 6 0 6 0 8 0 1 1 0 0 6 1 0 0 3 1 0 0 3 0 1 1 0 1 0 0 1 0 6 0 2 0 1 0 5 0 0 0 2 0 5 0 3 1 0 1 0 0 3 0 8 0 1 0 0 0 4 0 6 0 2 1 0 0 6 1 0 0 5 0 3 0 0 0 5 1 0 0 0 0 4 0 4 0 4 1 0 0 0 0 1 0 8 0 5 0 3 1 0 0 5 0 5 0 8 0 7 0 6 0 7 0 1 1 0 0 2 0 3 0 1 0 6 1 0 0 4 0 3 0 1 0 1 0 1 1 0 0 0 1 0 0 3 1 0
1 157 1 0 1 0 2 0 4 0 2 0 8 0 4 0 4 0 7 0 4 1 0 0 3 1 0 0 7 0 8 0 5 0 3 1 0 0 8 0 2 0 2 0 5 0 3 0 0 0 1 0 5 0 0 1 0 0 0 0 8 0 6 0 6 0 3 0 0 1 0 0 3 0 6 1 0 0 4 0 0 0 0 0 7 0 1 0 1 1 0 0 0 1 0 0 0 0 0 1 0 0 0 0 3 0 7 0 1 1 0 0 0 0 1 0 2 0 8 0 6 0 4 0 5 0 4 0 8 0 3 0 6 0 3 0 3 1 0 0 8 0 6 0 2 0 2 0 3 0 8 0 0 0 8 0 6 0 7
1 157 2 0 2 0 4 0 8 0 5 0 7 0 0 0 0 0 6 0 0 1 0 0 7 1 0 0 5 0 8 0 1 1 0 0 0 0 6 0 5 0 5 0 0 0 7 0 0 0 3 0 0 0 2 0 8 0 0 0 7 0 4 0 3 0 7 0 1 0 8 0 6 0 3 1 0 0 8 0 0 0 1 0 4 0 3 0 3 0 8 0 0 0 7 1 0 0 1 0 7 1 0 0 7 0 4 0 4 0 7 1 0 0 2 0 5 0 7 0 4 0 0 0 2 0 0 0 7 0 8 0 2 0 7 0 7 1 0 0 7 0 3 0 5 0 4 0 7 0 6 0 2 0 7 0 4 0 6
0 157 4 0 4 1 0 0 8 0 2 0 5 0 1 0 1 0 2 0 2 1 0 0 6 0 0 0 1 0 7 0 4 0 8 0 0 0 3 0 2 0 1 0 2 0 4 0 1 0 6 0 0 0 5 0 6 0 2 0 4 1 0 0 8 0 4 0 4 0 7 0 3 1 0 0 0 0 6 0 1 0 2 0 8 0 6 0 7 0 6 0 2 0 5 1 0 0 3 0 6 0 0 0 5 0 0 0 0 0 6 1 0 0 5 0 1 0 5 1 0 0 1 0 4 0 1 0 5 0 7 0 6 0 5 0 7 0 0 0 4 0 8 0 1 0 0 0 6 0 3 0 6 0 5 0 0 0 4
1 158 1 0 0 1 0 0 0 6 0 6 0 0 0 3 0 2 0 4 0 5 1 0 0 2 0 1 0 3 0 5 0 0 0 7 0 1 0 6 0 4 0 2 0 4 0 8 0 3 0 2 0 2 0 1 0 3 0 6 0 0 0 0 0 7 0 0 0 0 0 5 0 8 0 8 0 0 0 2 0 3 0 5 0 7 0 4 0 6 0 3 0 6 0 1 1 0 0 7 0 2 0 2 0 0 0 1 0 1 0 4 0 0 0 0 0 4 0 1 1 0 0 2 0 8 0 3 0 1 0 6 0 4 0 2 0 5 0 1 1 0 0 7 0 3 0 1 0 2 0 8 0 3 0 1 0 1 1 0
1 159 1 0 8 0 1 0 1 0 3 0 3 0 1 0 6 0 4 1 0 0 2 1 0 0 4 0 2 0 7 0 0 0 2 0 4 0 4 0 2 1 0 0 5 1 0 0 7 0 7 0 4 0 4 0 2 0 7 0 2 0 1 0 1 0 4 0 1 0 1 0 1 0 8 0 7 0 1 0 4 0 7 0 1 0 6 0 0 0 3 0 8 0 2 0 4 1 0 0 4 0 5 0 4 0 0 0 2 0 2 0 8 0 0 0 0 0 8 0 3 0 8 0 4 0 6 0 7 0 3 0 2 1 0 0 6 0 0 0 4 1 0 0 4 0 7 0 2 0 5 0 6 0 7 0 2 0 3 0 7
1 159 3 0 6 0 3 0 2 0 6 0 6 0 3 0 3 0 0 1 0 0 5 0 8 0 7 0 5 0 4 0 1 0 4 0 8 0 8 0 5 1 0 0 2 0 0 0 5 0 5 1 0 1 0 0 6 0 4 0 5 0 2 0 2 0 8 0 2 0 2 0 3 0 7 0 5 0 3 1 0 0 5 0 4 0 2 0 1 0 7 0 6 0 5 1 0 1 0 1 0 0 1 1 0 0 1 0 4 0 5 0 6 0 1 0 1 0 6 0 8 0 7 0 0 0 4 0 5 0 7 0 5 1 0 0 2 0 1 1 0 1 0 1 0 0 5 0 6 0 1 0 4 0 5 0 5 0 7 0 5
0 159 7 0 2 0 7 0 5 0 3 0 3 0 7 0 6 0 1 1 0 0 1 0 8 0 6 0 1 1 0 0 3 1 0 0 8 0 8 0 2 1 0 0 4 0 1 0 1 0 3 0 0 1 0 0 3 0 0 0 1 0 5 0 5 0 6 0 5 0 4 0 7 0 5 0 1 1 0 0 0 0 0 1 0 0 5 0 3 0 5 0 4 0 3 0 0 1 0 0 8 0 2 0 8 0 1 1 0 0 2 0 3 0 3 0 3 0 3 0 8 0 5 0 1 1 0 0 2 0 6 0 2 1 0 0 4 0 3 1 0 1 0 1 0 0 1 0 3 0 3 1 0 0 2 0 2 0 6 0 2
1 161 1 0 4 0 6 0 5 0 1 0 7 0 7 0 5 0 3 0 4 0 8 0 2 0 7 0 3 0 4 0 8 0 6 1 0 0 7 0 7 0 6 0 8 0 7 0 2 0 2 0 6 0 1 0 8 0 5 0 0 0 3 0 1 0 2 0 4 0 2 0 0 0 6 0 1 0 4 0 7 1 0 0 1 1 0 0 0 0 8 0 0 1 0 0 7 0 1 1 0 0 6 0 6 0 6 0 4 0 8 0 3 0 6 0 6 0 6 0 7 0 7 0 1 0 4 0 8 0 4 0 2 0 6 0 8 0 7 0 7 1 0 1 0 0 8 0 1 0 6 0 7 0 8 0 3 0 5 0 2 0 5
0 161 2 1 0 0 4 0 1 0 4 0 5 0 6 0 1 0 7 1 0 0 7 0 6 0 4 0 7 1 0 0 8 0 5 0 0 0 5 0 6 0 4 0 8 0 5 0 5 0 5 0 2 0 4 0 7 0 1 0 1 0 6 0 2 0 4 0 8 0 4 0 1 0 2 0 3 1 0 0 6 1 0 0 3 0 8 0 0 0 6 0 2 1 0 0 4 0 4 1 0 0 3 0 4 0 4 0 0 0 7 0 8 0 3 0 4 0 4 0 6 0 5 0 3 1 0 0 7 1 0 0 6 0 3 0 8 0 6 0 7 0 0 1 0 0 6 0 4 0 3 0 6 0 7 0 8 0 0 0 6 0 1
0 161 5 0 8 0 7 0 2 1 0 0 2 0 3 0 4 0 6 0 0 0 5 0 4 0 0 0 7 0 0 0 7 0 1 0 2 0 1 0 4 0 0 0 8 0 2 0 2 0 1 0 5 1 0 0 5 0 3 0 3 0 2 0 5 1 0 0 7 1 0 0 3 0 4 0 7 1 0 0 3 1 0 0 7 0 6 0 2 0 2 0 6 0 8 0 7 1 0 1 0 0 6 0 8 0 8 0 1 0 5 0 7 0 7 1 0 0 0 0 4 0 1 1 0 0 0 0 6 0 0 0 2 0 8 0 7 0 4 0 5 0 2 1 0 0 2 1 0 0 8 0 3 0 6 0 7 0 2 0 2 0 3
1 163 1 0 1 0 8 0 5 0 6 0 8 0 3 0 6 1 0 0 3 0 2 0 0 1 0 0 2 0 4 0 2 0 4 0 3 0 4 0 2 0 8 0 1 0 6 0 5 0 4 0 3 0 2 0 0 0 0 0 7 0 6 0 5 0 2 0 0 0 5 1 0 0 6 1 0 0 6 1 0 0 7 1 0 0 5 0 3 0 5 0 5 0 3 0 8 0 7 0 0 1 0 0 3 0 8 0 7 0 4 0 1 0 6 0 6 1 0 0 0 0 8 0 3 0 8 0 0 0 2 0 1 0 5 0 7 0 6 0 0 0 1 0 6 0 8 0 4 1 0 0 6 0 8 0 3 0 5 0 5 0 4 0 6
0 163 2 0 3 0 7 0 2 0 4 0 7 0 8 0 3 1 0 0 6 0 4 0 1 0 8 0 3 0 8 0 4 0 8 0 6 0 8 0 5 0 6 0 4 0 3 0 1 1 0 0 7 0 4 0 0 0 1 0 5 0 4 0 1 0 5 0 1 0 2 0 0 0 4 0 0 0 4 0 0 0 6 0 0 0 0 0 8 0 1 0 1 0 8 0 7 0 5 0 2 0 8 0 6 0 7 0 5 1 0 0 4 0 3 0 4 1 0 0 1 0 6 0 8 0 6 0 1 0 4 0 3 0 1 0 6 0 3 0 1 0 3 0 3 0 8 0 1 0 0 0 3 0 7 0 8 0 1 0 2 0 0 0 4
1 163 4 0 7 0 4 0 5 1 0 0 6 0 7 1 0 0 0 0 2 1 0 0 4 0 6 0 8 0 7 0 0 0 8 0 4 0 8 0 2 0 3 1 0 0 7 0 3 1 0 0 4 1 0 0 1 0 3 0 0 1 0 0 4 0 0 0 3 0 4 0 0 0 8 0 0 0 8 0 1 0 2 0 1 0 1 0 6 0 3 0 3 0 7 0 6 0 1 0 6 0 7 0 4 0 6 0 2 1 0 0 8 0 6 1 0 1 0 0 3 0 3 0 8 0 3 0 3 0 8 0 6 0 3 0 2 0 7 0 2 0 6 0 7 0 6 0 3 0 0 0 7 0 5 0 7 0 3 0 4 0 0 1 0
1 164 1 0 0 6 0 0 0 3 0 0 0 3 0 6 1 0 0 0 0 5 0 8 0 8 0 3 0 8 0 5 0 2 0 7 0 0 0 7 0 5 0 7 1 0 0 4 0 8 0 8 0 8 0 8 0 1 0 6 0 1 0 8 0 7 0 0 0 6 0 8 0 1 0 6 0 2 0 6 0 3 0 4 0 2 0 3 0 2 0 7 0 7 0 5 0 3 0 4 0 3 0 6 0 0 0 3 0 6 1 0 0 7 0 5 0 0 0 8 0 5 0 7 0 6 0 7 0 7 0 7 0 3 0 7 0 5 0 4 0 6 0 3 0 6 0 3 0 7 0 1 0 5 0 2 0 5 0 7 0 8 0 1 0 7
1 165 1 1 0 0 2 0 1 0 6 0 0 0 7 0 3 1 0 0 1 0 1 0 8 0 7 0 8 0 7 0 1 0 6 0 4 0 2 0 5 0 2 0 6 1 0 1 0 0 8 0 8 0 8 0 7 0 4 0 2 0 4 0 7 0 5 0 2 0 3 0 7 0 4 0 2 0 6 0 2 0 7 0 8 0 4 0 6 0 5 0 5 0 6 0 1 0 7 0 8 0 7 0 2 0 1 0 7 0 4 0 0 0 5 0 1 0 2 0 7 0 2 0 6 0 4 0 6 0 6 0 5 0 8 0 5 0 2 0 0 0 3 0 8 0 2 0 8 0 4 0 4 0 0 0 6 0 1 0 6 0 7 0 4 0 5
0 165 3 0 8 0 3 0 3 0 2 0 2 0 4 0 8 0 8 0 1 0 3 0 7 0 6 0 8 0 5 0 4 0 2 1 0 0 6 0 0 0 6 0 4 0 0 1 0 0 7 0 8 0 8 0 5 1 0 0 5 1 0 0 6 0 1 0 5 0 7 0 4 1 0 0 6 0 2 0 6 0 5 0 8 0 0 0 4 0 2 0 2 0 3 0 4 0 5 0 8 0 5 0 5 0 3 0 4 1 0 0 2 0 0 0 3 0 5 0 4 0 6 0 3 0 0 0 4 0 4 0 2 0 8 0 1 0 5 0 0 0 7 0 6 0 6 0 6 1 0 1 0 0 2 0 2 0 4 0 3 0 6 0 0 0 2
0 165 7 0 6 0 7 0 6 0 4 0 4 1 0 0 8 0 7 0 3 0 7 0 5 0 4 0 8 0 1 1 0 0 6 1 0 0 2 0 2 0 2 1 0 0 2 1 0 0 5 0 8 0 8 0 3 0 0 0 2 0 0 0 2 0 4 0 1 0 6 0 1 0 0 0 2 0 6 0 3 0 2 0 7 0 1 0 8 0 4 0 4 0 6 1 0 0 2 0 8 0 2 0 1 0 7 1 0 1 0 0 4 0 0 0 7 0 1 0 0 0 3 0 7 0 0 0 8 0 8 0 5 0 6 0 4 0 0 0 2 0 5 0 4 0 4 0 5 0 0 0 8 0 3 0 4 0 8 0 7 0 2 0 1 0 4
1 167 1 0 5 0 4 0 6 0 4 0 0 0 1 0 0 0 7 0 5 0 8 0 5 0 2 0 0 0 7 0 4 1 0 0 3 1 0 0 4 0 4 0 5 0 8 0 4 1 0 0 1 0 8 0 7 0 7 0 0 0 4 0 0 0 4 0 8 0 3 0 2 0 3 0 0 0 5 0 2 0 7 0 5 0 4 0 4 0 7 0 0 0 0 0 4 1 0 0 5 0 6 0 5 0 3 0 6 0 0 0 8 0 7 0 1 0 4 0 3 0 0 0 7 0 4 0 2 0 7 0 8 0 2 0 3 1 0 0 1 0 5 0 1 0 0 0 0 0 1 0 2 0 6 0 7 1 0 0 8 0 5 0 5 0 2 1 0
1 167 3 0 1 0 0 0 3 1 0 0 1 0 2 0 1 0 5 0 2 0 8 0 1 0 5 0 1 0 5 0 0 1 0 0 7 0 8 0 7 1 0 0 2 0 8 0 0 1 0 0 3 0 7 0 6 0 5 0 1 0 8 0 0 1 0 0 7 0 7 0 4 0 6 0 1 0 0 0 6 0 5 0 2 0 0 0 0 0 5 0 1 0 1 0 0 0 0 0 1 0 4 0 1 0 8 0 2 0 2 0 7 0 5 0 3 0 8 0 6 0 1 0 4 1 0 0 6 0 5 0 7 0 5 0 7 0 8 0 2 0 0 0 3 0 0 0 0 0 2 0 5 0 3 0 7 0 0 0 7 0 2 0 1 0 6 0 7
1 167 6 0 2 0 0 0 7 0 8 0 1 0 4 0 3 0 0 0 6 0 6 0 4 0 0 0 4 0 0 0 2 1 0 0 5 0 8 0 6 1 0 0 5 0 6 0 2 0 8 0 6 0 5 0 4 0 1 0 4 0 6 0 2 1 0 0 5 0 6 0 0 0 3 0 3 0 1 0 3 0 1 0 5 0 0 0 1 0 0 0 3 0 2 0 0 0 0 0 2 0 8 0 3 0 6 0 5 0 5 0 5 0 1 0 8 0 7 0 3 0 4 0 0 0 0 0 3 0 2 0 6 0 2 0 6 0 7 0 5 0 0 0 6 0 0 0 0 0 5 0 0 0 8 0 4 0 2 0 4 0 5 0 3 0 3 0 6
0 169 1 0 2 0 5 0 1 0 5 0 7 0 3 0 8 0 6 0 1 0 3 0 3 1 0 0 1 0 8 0 0 0 5 1 0 0 1 0 8 0 5 0 0 0 1 0 3 0 6 0 7 0 4 0 1 1 0 0 3 1 0 0 3 0 6 1 0 0 1 0 3 0 1 0 6 0 6 0 2 0 6 0 3 0 0 0 1 0 2 0 0 0 6 0 4 0 0 0 0 0 5 0 6 0 8 0 3 0 2 0 2 0 1 0 4 0 7 0 5 0 7 0 8 0 0 0 0 0 6 0 5 0 2 0 6 0 3 0 6 0 1 0 2 0 2 0 1 0 1 0 0 0 2 0 6 1 0 0 5 1 0 0 1 0 7 0 7 0 3
1 169 2 0 5 0 0 0 4 0 1 0 5 0 8 0 7 0 3 0 3 0 6 0 7 0 8 0 2 0 6 0 2 0 1 1 0 0 3 0 7 0 1 0 1 0 2 0 7 0 3 0 5 1 0 0 4 0 8 0 6 0 8 0 6 0 3 1 0 0 2 0 6 0 3 0 3 0 3 0 6 0 2 0 7 0 0 0 2 0 4 0 1 0 2 1 0 0 1 0 1 0 1 0 4 0 7 0 7 0 4 0 4 0 2 1 0 0 6 0 2 0 6 0 7 0 1 0 1 0 3 0 1 0 6 0 2 0 8 0 2 0 3 0 4 0 4 0 2 0 2 0 0 0 5 0 4 0 0 0 1 1 0 0 3 0 5 0 5 0 7
1 169 5 0 0 0 1 0 8 0 3 0 1 0 8 0 5 0 7 0 7 0 3 0 6 0 7 0 6 0 2 0 5 0 3 0 8 0 6 0 4 0 3 0 2 0 5 0 4 0 8 0 1 1 0 1 0 0 8 0 4 0 8 0 3 0 8 0 8 0 4 0 2 0 7 0 6 0 7 0 2 0 6 0 4 0 1 0 4 0 8 0 2 0 5 0 8 0 1 0 2 0 2 1 0 0 6 0 5 1 0 1 0 0 6 1 0 0 2 0 6 0 3 0 5 0 3 0 2 0 6 0 3 0 2 0 6 0 6 0 5 0 6 0 8 0 8 0 4 0 4 0 1 0 0 1 0 0 1 0 3 0 8 0 6 0 1 0 2 0 6
0 171 1 0 0 0 1 0 3 0 6 0 7 0 3 0 7 0 2 0 6 0 5 0 8 0 3 0 6 0 3 0 6 0 0 0 8 0 7 0 3 1 0 0 7 0 5 0 1 0 0 0 7 0 4 1 0 1 0 0 7 0 0 0 7 0 8 0 7 0 7 1 0 0 6 0 5 0 4 0 5 0 6 0 2 1 0 0 3 1 0 0 7 0 6 0 1 0 7 0 3 0 4 0 5 1 0 0 3 0 3 0 0 1 0 0 3 1 0 0 5 0 2 0 8 0 0 0 7 0 5 0 2 0 7 0 5 0 3 0 4 0 2 0 4 0 8 0 7 1 0 1 0 0 3 0 1 0 8 0 1 0 7 0 7 0 3 0 3 0 5 0 3
1 171 2 0 0 0 2 0 7 0 3 0 5 0 8 0 4 0 6 0 3 0 2 0 7 0 8 0 2 0 8 0 2 0 2 0 7 0 5 1 0 0 0 0 5 0 1 0 3 0 1 0 5 0 1 0 0 1 0 0 4 0 2 0 5 0 8 0 6 0 7 0 0 0 3 0 2 0 0 0 2 0 3 0 6 0 8 0 6 1 0 0 5 0 3 0 4 0 4 0 7 1 0 0 2 1 0 0 6 0 6 0 1 0 8 0 6 1 0 0 0 0 6 0 6 0 2 0 5 0 1 0 6 0 5 0 1 0 7 0 8 0 4 1 0 0 8 0 7 0 0 0 8 0 5 0 3 0 6 0 4 0 5 0 5 0 7 0 7 0 0 0 7
1 171 4 0 0 0 5 0 4 0 8 0 1 0 8 0 0 0 3 0 7 0 5 0 5 0 7 0 6 0 6 0 5 0 5 0 5 0 2 1 0 0 1 0 0 0 3 0 6 0 3 0 0 0 3 0 1 0 8 0 7 0 5 0 1 0 8 0 4 0 5 0 1 0 6 0 4 0 0 0 4 0 7 0 3 0 8 0 5 0 0 0 0 0 7 1 0 0 0 0 6 1 0 0 5 1 0 0 3 0 3 0 4 0 7 0 4 1 0 0 1 0 3 0 3 0 6 0 0 0 4 0 3 0 1 0 4 0 5 0 8 0 1 0 0 0 7 0 5 0 2 0 7 0 1 0 8 0 3 0 0 0 2 0 2 0 6 0 5 0 2 0 5
0 171 8 0 1 0 1 0 0 0 7 0 4 0 6 0 1 0 7 0 5 0 2 0 2 0 6 0 4 0 4 0 2 0 2 0 1 0 6 0 8 0 1 0 0 0 7 0 2 0 7 0 0 0 6 0 3 0 7 0 6 0 1 0 4 0 7 0 0 0 1 0 4 0 2 1 0 0 1 1 0 0 5 0 8 0 7 0 1 0 1 0 1 0 5 1 0 0 1 0 4 0 0 0 1 1 0 0 6 0 6 1 0 0 6 0 0 1 0 0 2 0 6 0 7 0 2 0 1 0 8 0 6 0 2 1 0 0 2 0 7 0 3 0 1 0 5 0 1 0 6 0 4 0 4 0 6 0 7 0 0 0 4 0 5 0 3 0 1 0 6 0 1
0 173 1 0 6 0 3 0 2 0 1 0 5 0 0 0 3 0 4 0 5 0 1 0 5 0 5 0 2 1 0 1 0 0 5 0 4 0 3 0 3 0 7 0 3 0 1 0 4 0 6 0 4 0 2 0 2 0 8 0 5 0 3 0 3 1 0 0 5 0 1 0 2 0 8 0 5 0 8 0 2 1 0 0 1 0 8 0 5 0 3 0 2 0 3 0 1 1 0 0 2 0 8 0 0 0 3 1 0 0 3 0 5 0 0 0 2 0 2 0 8 0 4 0 3 0 5 0 5 0 3 0 7 0 3 0 6 0 8 0 4 0 4 0 7 0 3 0 0 0 4 0 3 0 0 0 0 0 4 0 5 0 1 1 0 0 1 0 7 0 3 0 2 0 3
1 173 3 0 2 0 7 0 4 0 3 0 0 0 1 0 6 1 0 0 1 0 4 0 1 0 1 0 6 1 0 1 0 0 0 1 0 0 7 0 7 0 4 0 7 0 2 1 0 0 3 1 0 0 5 0 5 0 7 0 1 0 7 0 7 1 0 0 0 0 3 0 5 0 7 0 2 0 7 0 6 0 8 0 2 0 7 0 1 0 7 0 4 0 6 0 3 0 8 0 4 0 6 0 1 0 7 0 8 0 6 0 0 0 1 0 4 0 5 0 6 1 0 0 8 0 1 0 1 0 8 0 4 0 8 0 3 0 8 0 0 0 0 0 5 0 7 0 0 0 8 0 6 0 0 0 0 1 0 0 1 0 4 0 8 0 2 0 4 0 7 0 4 0 6
0 173 6 0 5 0 4 1 0 0 7 0 0 0 3 0 3 1 0 0 2 0 8 0 2 0 3 0 4 0 0 0 8 0 0 1 0 0 5 0 6 0 0 0 5 0 6 0 8 0 6 1 0 0 1 0 2 0 5 0 4 0 5 0 6 1 0 0 0 0 7 0 1 0 5 0 6 0 5 0 4 0 7 0 6 0 4 0 4 0 5 0 0 0 3 0 8 0 7 0 0 0 3 0 4 0 5 0 8 0 3 0 1 0 2 1 0 0 2 0 5 0 0 0 6 0 3 0 3 0 7 0 0 0 7 0 8 0 6 0 1 0 1 0 1 0 5 0 2 0 7 0 3 0 1 0 1 0 8 0 1 1 0 0 7 0 5 1 0 0 6 0 0 0 4
1 175 1 0 3 0 2 0 1 0 0 0 4 0 1 0 6 0 7 0 8 0 4 0 6 0 5 0 6 0 8 0 1 0 6 0 2 1 0 0 1 0 3 0 2 0 1 0 4 0 8 0 4 1 0 0 2 0 5 0 1 0 0 0 2 0 4 1 0 0 1 0 4 0 4 0 1 0 4 0 2 0 0 0 6 0 4 0 0 0 0 0 1 0 1 0 7 0 7 0 5 0 1 0 6 1 0 0 2 0 7 0 7 0 2 0 5 0 8 0 4 0 0 0 2 0 2 0 7 0 7 0 4 0 2 0 5 0 8 0 3 0 3 0 2 0 3 0 0 0 6 0 4 0 7 0 2 0 3 0 6 0 4 1 0 0 5 0 3 0 0 0 2 0 1 1 0
1 175 2 0 6 0 4 0 2 0 0 0 8 0 3 0 3 0 6 0 8 0 0 0 4 0 2 0 4 0 7 0 4 0 2 0 6 0 8 0 1 0 6 0 4 0 2 1 0 0 8 0 0 1 0 0 5 0 0 0 3 0 0 0 4 1 0 1 0 0 2 0 8 0 8 0 2 0 8 0 4 0 1 0 2 1 0 0 1 0 0 0 2 0 3 0 5 0 6 0 1 0 4 0 3 1 0 0 5 0 5 0 5 0 6 0 1 0 7 1 0 0 1 0 4 0 5 0 5 0 5 1 0 0 6 0 1 0 7 0 7 0 6 0 4 0 6 0 1 0 3 0 0 0 5 0 5 0 7 0 3 0 1 0 0 0 0 0 7 0 0 0 4 0 3 0 7
1 175 5 0 2 1 0 0 5 0 1 0 6 0 7 0 7 0 3 0 7 0 1 0 8 0 4 1 0 0 5 1 0 0 6 0 3 0 7 0 4 0 2 1 0 0 6 1 0 0 6 0 2 1 0 0 0 0 1 0 6 0 1 0 0 0 0 0 8 0 4 0 7 0 7 0 6 0 6 1 0 0 3 0 5 0 8 0 1 0 0 0 4 0 7 0 1 0 3 0 3 0 8 0 7 1 0 0 1 0 2 0 2 0 3 0 4 0 5 1 0 0 2 1 0 0 2 0 2 0 3 0 0 0 2 0 4 0 5 0 6 0 4 0 0 0 3 0 3 0 6 0 1 0 1 0 2 0 5 0 7 0 2 0 0 0 1 0 4 0 1 0 8 0 7 0 5
0 177 1 0 0 0 6 1 0 0 0 0 4 0 3 0 6 0 5 0 8 0 4 0 4 0 7 0 1 0 0 0 2 0 0 0 2 0 8 0 4 1 0 0 6 1 0 0 4 0 0 0 2 0 6 0 7 1 0 0 3 0 2 0 3 0 0 0 1 0 7 0 0 0 6 0 6 0 4 0 4 1 0 0 7 0 1 0 7 0 3 0 0 1 0 0 5 0 3 0 6 0 7 0 7 0 6 1 0 0 2 0 4 0 4 0 6 1 0 0 2 1 0 0 5 0 8 0 3 0 4 0 6 0 0 0 4 1 0 0 2 0 3 1 0 0 1 0 6 0 7 0 2 0 3 0 2 0 5 0 1 0 5 0 5 0 0 0 2 0 8 0 3 0 7 0 6 0 2
1 177 2 0 1 0 3 1 0 0 0 0 8 0 7 0 3 0 2 0 8 0 0 0 0 0 5 0 3 0 0 0 4 0 0 0 5 0 7 0 1 0 0 0 3 1 0 0 8 0 0 0 5 0 3 0 6 1 0 0 6 0 4 0 6 0 0 0 3 0 4 0 2 0 3 0 4 0 0 0 1 0 0 0 4 0 4 0 4 0 7 0 1 1 0 0 0 0 8 0 3 0 6 0 6 0 4 1 0 0 4 1 0 0 0 0 4 1 0 0 5 1 0 0 1 0 7 0 7 1 0 0 3 0 1 1 0 1 0 0 4 0 7 0 8 0 2 0 3 0 5 0 5 0 6 0 5 0 0 0 4 0 1 0 1 0 1 0 5 0 6 0 8 0 5 0 3 0 5
0 177 4 0 2 0 7 0 8 0 0 0 7 0 5 0 7 0 5 0 6 0 1 0 1 0 0 0 7 0 0 0 8 0 1 0 1 0 5 0 3 0 0 0 7 1 0 0 6 0 2 0 0 0 8 0 4 0 0 0 3 0 0 0 3 0 1 0 6 0 8 0 4 0 6 0 8 0 0 0 2 0 0 1 0 0 0 0 0 0 5 0 4 0 8 0 0 0 6 0 8 0 3 0 4 0 0 1 0 1 0 1 0 0 1 0 0 0 0 0 1 1 0 0 3 0 5 0 6 1 0 0 6 0 3 1 0 0 8 0 8 0 5 0 7 0 5 0 7 0 1 0 2 0 4 0 1 0 1 0 8 0 2 0 2 0 3 0 1 0 4 0 8 0 1 0 8 0 1
0 177 8 0 5 0 5 0 7 0 2 0 5 0 2 0 6 0 2 0 3 0 3 0 2 0 1 0 4 0 2 0 6 0 3 0 3 0 0 0 7 0 1 0 6 0 0 0 2 0 5 0 1 0 6 1 0 0 1 0 6 0 0 0 6 0 3 0 3 0 8 0 0 0 4 0 7 0 1 0 4 0 1 0 7 1 0 0 1 0 1 0 0 0 7 0 2 0 3 0 7 0 7 0 8 0 1 1 0 1 0 0 8 0 1 0 0 0 0 0 3 0 8 0 6 0 1 0 5 0 0 0 2 1 0 0 0 0 7 0 8 0 2 0 6 0 2 0 5 0 3 0 4 0 8 0 2 0 3 0 6 0 5 0 4 0 6 0 2 1 0 0 7 0 4 0 6 0 3
1 179 1 0 7 0 2 0 2 0 5 0 6 0 0 0 6 0 2 0 5 0 6 0 6 0 4 0 2 0 8 0 5 0 2 0 7 0 6 0 1 0 4 0 4 0 2 0 1 0 5 0 0 0 4 0 3 1 0 0 3 0 2 0 2 0 2 0 7 0 7 0 6 0 1 1 0 0 5 0 3 0 8 0 3 0 5 1 0 0 2 0 2 0 1 0 4 0 5 0 7 0 5 0 6 0 7 0 4 1 0 1 0 0 6 0 3 0 0 0 0 0 7 0 7 0 3 0 4 0 0 0 1 0 5 0 8 0 0 0 5 0 7 0 6 0 2 0 6 0 0 0 7 1 0 0 7 0 5 0 7 0 3 0 2 0 0 0 3 0 6 1 0 0 5 0 0 0 3 0 7
1 179 3 0 4 0 5 0 5 0 1 0 3 0 2 0 2 0 6 0 1 0 4 0 3 1 0 0 6 0 7 0 1 0 6 0 5 0 3 0 3 0 8 0 8 0 4 0 3 0 0 0 1 0 8 0 7 0 8 0 5 0 4 0 4 0 5 0 5 0 6 0 3 0 4 1 0 0 0 0 8 0 6 0 8 0 1 1 0 0 4 0 4 0 2 1 0 0 2 0 6 0 2 0 4 0 6 0 1 0 0 1 0 0 2 0 7 0 0 0 1 0 5 0 5 0 7 0 8 0 0 0 3 0 1 0 7 0 2 0 1 0 6 0 3 0 6 0 2 0 2 0 6 0 0 0 5 0 2 0 5 0 7 0 4 0 0 0 7 0 4 0 0 0 0 0 1 0 7 0 5
0 179 6 1 0 0 2 0 1 0 3 0 6 0 4 0 5 0 2 0 3 0 8 0 7 1 0 0 3 0 5 0 4 0 3 0 1 0 7 0 7 0 7 0 7 1 0 0 7 0 0 0 3 0 7 0 6 0 8 0 2 0 0 0 0 0 2 0 2 0 3 0 7 1 0 1 0 0 1 0 7 0 4 0 7 0 4 0 8 0 7 0 8 0 5 0 8 0 4 0 2 0 5 1 0 0 3 0 3 0 1 0 8 0 4 0 4 0 1 0 3 0 1 0 2 0 6 0 7 0 1 0 6 0 3 0 4 0 5 0 3 0 2 0 8 0 2 0 5 0 5 0 2 0 2 0 0 0 6 0 1 0 5 1 0 0 2 0 4 1 0 0 1 0 0 0 3 0 5 0 2
1 181 1 0 3 1 0 0 4 0 2 0 7 0 3 0 0 0 1 0 5 0 7 0 7 0 6 1 0 0 7 0 0 1 0 0 7 0 3 0 5 0 6 0 6 0 7 0 0 0 4 0 1 0 7 0 5 0 4 0 7 0 5 0 0 0 0 0 4 0 4 0 7 0 6 0 0 0 8 0 2 0 5 0 0 0 6 0 0 0 8 0 6 0 8 0 2 0 7 1 0 0 6 0 1 1 0 0 6 0 6 0 3 0 6 1 0 1 0 0 3 0 6 0 2 0 5 0 3 0 5 0 4 0 2 0 7 1 0 0 1 0 7 0 5 0 6 0 6 0 1 0 1 0 5 0 4 0 1 0 2 0 4 0 1 1 0 0 4 1 0 1 0 0 2 0 0 0 7 0 0 0 5
0 181 2 0 7 0 8 0 7 0 5 0 4 0 7 0 0 0 3 0 1 0 6 0 6 0 5 0 0 0 4 0 2 1 0 0 4 0 8 0 1 0 4 0 4 0 5 0 1 0 8 0 3 0 5 0 2 0 0 0 6 0 1 0 1 0 0 1 0 0 0 0 6 0 3 0 2 0 6 0 6 0 0 0 2 0 2 0 2 0 7 0 4 0 7 0 6 0 6 0 0 0 2 0 4 1 0 0 3 0 3 0 8 0 4 0 0 0 8 0 6 0 2 0 6 0 0 0 8 0 0 1 0 0 6 0 5 1 0 0 3 0 5 0 2 0 4 0 3 0 3 0 3 0 0 1 0 0 3 0 4 0 8 0 3 1 0 0 0 0 0 0 8 0 3 0 1 0 4 0 2 0 1
0 181 5 0 5 0 8 0 6 0 2 0 0 0 5 0 1 0 6 0 3 0 3 0 4 0 1 0 1 0 8 0 5 0 8 0 8 0 6 0 3 1 0 0 0 0 1 0 4 0 6 0 8 0 0 0 5 0 1 0 2 0 3 0 2 0 1 0 8 0 0 0 2 0 7 0 5 0 3 0 3 0 1 0 4 0 4 0 5 0 5 0 0 0 6 0 4 0 3 0 1 0 4 1 0 1 0 0 6 0 7 0 6 1 0 0 2 0 7 0 3 0 6 0 2 0 2 0 6 0 2 1 0 0 3 0 2 1 0 0 7 0 0 0 5 0 8 0 6 0 6 0 6 0 1 0 8 0 5 1 0 0 7 0 8 0 7 1 0 0 1 0 6 0 7 0 2 0 8 0 4 0 2
1 183 1 0 1 0 2 0 8 0 3 0 5 0 1 0 0 0 4 0 2 0 7 0 6 0 8 0 2 0 3 0 7 0 2 0 8 0 8 0 3 0 8 0 7 1 0 0 2 1 0 0 4 0 7 0 2 0 0 0 3 0 4 0 6 0 4 0 3 0 6 0 1 0 5 0 5 0 1 0 7 0 6 0 2 1 0 0 0 0 2 0 1 0 2 0 2 1 0 0 7 0 3 0 0 0 0 1 0 0 3 0 6 0 4 1 0 0 5 0 4 0 8 0 2 0 5 0 5 0 2 0 6 0 8 0 5 0 5 1 0 0 4 0 2 0 1 0 8 0 4 0 4 0 3 0 4 0 7 0 3 0 0 0 5 0 8 0 6 1 0 0 3 0 3 0 5 0 6 0 6 1 0 0 5
0 183 2 0 2 0 5 0 6 0 8 0 0 0 3 0 0 0 8 0 5 0 5 0 4 0 7 0 5 0 7 0 4 0 6 0 7 0 7 0 8 0 7 0 6 1 0 0 5 0 8 0 8 0 4 0 5 0 0 0 6 1 0 0 3 1 0 0 8 0 2 0 4 0 1 0 1 0 4 0 5 0 3 0 6 0 7 1 0 0 4 0 2 0 4 0 5 1 0 0 4 0 7 0 0 0 1 0 8 0 6 0 3 0 1 0 0 0 1 0 0 0 7 0 6 0 1 0 1 0 6 0 3 0 8 0 2 0 2 1 0 0 8 0 4 0 3 0 6 1 0 1 0 0 7 1 0 0 5 0 7 0 1 0 1 0 8 0 4 1 0 0 6 0 7 0 1 0 4 0 5 0 0 0 1
0 183 4 0 5 0 1 0 4 0 7 0 1 0 6 0 1 0 7 0 2 0 2 0 0 0 6 0 2 0 6 0 0 0 4 0 6 0 6 0 8 0 6 0 5 0 0 0 1 0 8 0 8 0 0 0 1 0 2 0 3 1 0 0 7 1 0 0 6 0 5 0 8 0 2 0 2 1 0 0 1 0 8 0 3 0 6 1 0 0 8 0 4 1 0 0 2 1 0 1 0 0 5 0 1 0 3 0 7 0 3 0 7 0 2 0 0 0 2 0 1 0 5 0 3 0 3 0 3 0 2 0 8 0 6 0 5 0 5 1 0 0 6 1 0 0 8 0 4 0 0 1 0 0 6 0 0 0 1 0 5 0 3 0 3 0 7 0 1 0 0 0 3 0 5 0 3 1 0 0 1 0 1 0 2
0 184 1 0 0 1 0 3 1 0 0 5 0 4 0 2 0 4 0 4 0 5 0 4 0 1 0 2 0 6 0 2 0 1 1 0 0 4 0 4 0 8 0 4 0 1 0 1 0 3 0 7 0 7 0 1 0 2 0 4 0 7 1 0 0 6 0 0 0 3 0 2 0 7 0 5 0 5 0 8 0 2 0 6 0 8 0 4 0 0 0 7 0 0 1 0 0 5 1 0 1 0 0 0 0 3 0 7 0 4 0 8 0 4 0 5 0 0 0 4 0 3 0 0 0 7 0 6 0 6 0 5 0 7 0 4 0 2 0 3 0 0 0 4 0 0 0 6 1 0 0 2 1 0 0 2 0 1 0 3 0 0 0 7 0 7 0 4 0 3 0 0 0 7 0 0 0 8 0 8 0 1 0 2 0 4
1 185 1 0 8 0 1 0 7 1 0 0 0 1 0 0 5 1 0 0 0 0 1 1 0 0 3 0 5 0 2 0 5 0 3 0 8 0 7 1 0 0 7 1 0 0 3 0 2 0 7 0 5 0 5 0 3 0 4 1 0 0 7 0 0 0 2 0 1 0 6 0 5 0 5 0 2 0 2 0 7 0 6 0 3 0 7 1 0 0 2 0 4 0 2 1 0 0 2 0 0 0 7 1 0 0 7 0 5 0 0 0 8 0 0 0 1 0 1 0 8 0 6 0 1 0 5 0 4 0 4 0 2 0 5 1 0 0 5 0 6 0 0 0 8 0 1 0 3 1 0 0 5 0 8 0 3 0 2 0 6 0 1 0 5 0 5 1 0 0 7 0 1 0 4 0 2 0 7 0 7 0 3 0 4 1 0
1 185 3 0 6 0 4 0 5 1 0 0 1 1 0 0 1 1 0 0 0 0 3 0 8 0 6 0 0 0 6 0 0 0 8 0 7 0 7 0 0 0 5 1 0 0 6 0 5 0 5 0 2 0 1 0 8 0 0 0 0 0 4 0 1 0 4 0 3 0 3 0 2 0 1 0 5 0 5 0 5 0 3 0 8 0 5 1 0 0 4 0 8 0 5 0 8 0 3 0 1 0 6 0 0 0 5 0 1 0 2 0 6 0 1 0 2 0 3 0 7 0 3 0 4 0 0 1 0 1 0 0 6 0 2 0 0 0 1 0 3 0 2 0 6 0 3 0 7 1 0 0 1 0 7 0 7 0 5 0 2 0 4 0 1 0 3 0 0 0 4 0 3 0 8 0 5 0 5 0 5 0 7 1 0 1 0
1 185 7 0 3 0 0 0 2 1 0 0 3 0 8 0 2 0 7 1 0 0 7 0 7 0 3 0 2 0 2 0 2 0 7 0 6 0 5 0 2 0 2 0 0 0 3 0 2 0 1 0 5 0 3 0 6 0 1 0 0 0 8 0 2 0 8 0 6 0 6 0 4 0 3 0 1 0 2 0 1 0 8 0 7 0 2 1 0 1 0 0 8 0 2 0 7 0 7 0 3 0 2 0 2 0 0 0 3 0 5 0 2 0 3 0 4 0 7 0 4 0 7 0 8 0 1 1 0 1 0 0 2 0 5 0 0 0 2 0 6 0 5 0 2 0 8 0 5 1 0 0 3 0 5 0 6 0 1 0 5 0 8 0 2 0 6 0 0 0 8 0 7 0 7 0 2 0 2 0 2 0 7 0 0 0 7
1 187 1 0 4 0 7 0 0 0 5 0 8 0 6 0 6 0 6 0 6 0 0 0 5 0 5 0 7 0 4 0 4 0 5 0 5 0 4 0 1 0 5 0 4 0 0 0 6 0 4 0 3 0 0 0 8 0 2 0 3 0 1 0 6 0 6 0 7 0 4 0 3 1 0 0 7 0 2 0 4 0 3 0 7 0 5 0 6 1 0 1 0 0 6 0 6 0 5 0 5 0 7 0 4 0 4 0 0 0 7 0 0 0 5 0 6 1 0 0 6 0 0 0 6 0 7 0 4 1 0 0 8 0 4 0 0 0 1 0 5 0 3 0 1 0 6 0 7 0 2 1 0 0 7 0 1 0 3 0 4 0 1 0 7 0 6 0 2 0 2 0 7 0 6 0 5 0 5 0 4 0 5 0 4 0 2 0 5
0 187 2 1 0 0 5 0 2 0 1 0 8 0 4 0 4 0 4 0 3 0 2 0 1 0 2 0 6 0 0 0 0 0 2 0 1 1 0 0 4 0 0 1 0 0 2 0 2 1 0 0 7 0 1 0 6 0 5 0 6 0 3 0 3 0 4 0 5 1 0 1 0 0 0 0 4 0 5 0 8 0 7 0 5 0 2 0 5 0 0 1 0 0 3 0 4 0 2 0 2 0 5 1 0 1 0 0 2 0 4 0 2 0 1 0 5 0 0 0 2 0 2 0 3 0 6 0 1 0 0 0 6 1 0 0 1 0 3 0 0 0 7 0 3 0 3 0 5 0 6 1 0 0 4 0 3 0 6 0 8 0 3 0 5 0 3 0 5 0 5 0 5 0 4 0 2 0 2 0 0 0 1 1 0 0 6 0 1
0 187 5 1 0 0 0 0 5 0 3 0 6 1 0 1 0 1 0 0 7 0 4 0 2 0 5 0 2 0 1 0 0 0 4 0 3 0 8 0 7 0 1 0 8 0 3 0 5 1 0 0 4 0 4 0 3 0 2 0 3 0 7 0 6 1 0 0 3 0 0 0 7 1 0 1 0 0 2 0 8 0 6 0 1 0 6 0 0 0 2 0 8 0 5 0 8 0 4 0 5 0 2 0 0 0 8 0 3 0 8 0 4 0 3 0 0 0 1 0 4 0 4 0 7 0 2 0 3 0 1 0 3 1 0 0 2 0 6 0 1 0 4 0 7 0 7 0 1 0 4 1 0 0 8 0 7 0 3 0 7 0 8 0 0 0 8 0 1 0 2 0 1 1 0 0 5 0 4 0 0 0 3 1 0 0 2 0 3
1 189 1 0 1 1 0 0 1 0 0 0 8 0 4 0 0 1 0 1 0 0 4 1 0 0 6 0 0 0 5 0 2 0 0 0 8 0 7 0 7 0 5 0 4 0 6 0 8 0 1 1 0 0 8 0 8 0 6 0 4 0 7 0 5 0 4 1 0 0 6 0 1 0 6 0 0 0 8 0 4 0 7 0 3 0 4 0 2 0 1 0 5 0 7 0 2 0 8 0 0 0 1 0 5 0 1 0 6 0 8 0 6 1 0 0 7 0 0 0 2 1 0 0 0 0 5 0 5 0 6 0 2 0 7 0 8 0 4 0 2 0 3 1 0 0 6 0 5 0 4 0 0 0 0 0 7 0 5 0 8 0 5 0 7 0 2 0 6 0 3 0 4 0 3 1 0 0 0 1 0 0 1 0 7 0 8 0 3 0 6
0 189 2 0 3 0 8 0 1 0 1 0 6 1 0 0 2 1 0 1 0 0 0 0 0 0 2 0 2 0 0 0 5 0 1 0 7 0 6 0 6 0 2 0 0 0 4 0 7 0 4 1 0 0 7 0 8 0 4 0 0 0 6 0 2 0 1 0 0 0 2 0 4 0 2 0 2 0 7 0 0 0 5 0 7 0 8 0 4 0 3 0 1 0 5 0 6 0 6 0 1 0 3 0 0 0 4 0 3 0 8 0 5 0 0 0 4 0 1 0 5 0 8 0 0 0 1 0 2 0 3 0 6 0 5 0 7 1 0 0 5 0 7 1 0 0 3 0 1 1 0 0 1 0 1 0 5 0 2 0 8 0 2 0 5 0 6 0 2 0 7 0 8 0 7 0 8 0 0 0 8 0 2 0 5 0 7 0 8 0 3
1 189 4 0 7 0 6 0 3 0 3 0 3 1 0 0 5 1 0 0 7 1 0 0 0 0 4 0 4 0 1 0 0 0 4 0 5 0 4 0 3 0 5 0 0 1 0 0 6 0 1 0 0 0 5 0 7 1 0 0 2 0 2 0 5 0 2 0 0 0 4 0 8 0 4 0 5 0 4 0 2 0 1 0 6 0 7 1 0 0 7 0 3 0 1 0 4 0 3 0 3 0 6 0 0 0 8 0 7 0 7 0 1 0 1 0 8 0 3 0 1 0 7 0 1 0 2 0 4 0 7 0 3 0 2 0 7 0 0 0 1 0 6 1 0 0 6 0 3 0 8 0 1 0 3 0 0 0 6 0 6 0 6 0 1 0 3 0 6 0 5 0 8 0 6 0 7 0 2 0 6 0 6 0 1 0 6 0 7 0 7
1 190 1 0 0 6 0 3 0 7 0 6 0 7 1 0 0 2 0 0 0 5 1 0 0 0 0 8 0 8 0 2 0 0 1 0 0 1 1 0 0 8 0 0 0 2 1 0 0 2 0 3 0 1 0 1 0 6 1 0 0 4 0 5 0 0 0 5 0 0 1 0 0 8 0 0 0 1 1 0 0 5 0 3 0 3 0 7 0 0 0 4 0 7 0 2 0 8 0 6 0 7 0 2 0 2 0 7 0 6 0 5 0 3 0 3 0 6 0 7 0 3 0 4 0 3 0 4 1 0 0 5 0 7 0 5 0 4 0 1 0 3 0 4 0 0 0 2 0 8 0 6 0 3 0 6 0 1 0 3 0 4 0 3 0 3 0 7 0 3 0 2 0 8 0 4 0 5 0 6 0 3 0 3 0 4 0 3 0 6 0 6
0 191 1 1 0 0 2 0 8 0 5 0 4 0 6 1 0 0 4 0 1 0 1 1 0 0 1 0 7 0 7 0 5 0 1 0 8 0 2 1 0 0 6 0 1 0 5 0 8 0 3 0 6 0 2 0 3 0 3 1 0 1 0 0 1 0 2 0 0 0 2 1 0 0 6 0 1 0 3 1 0 0 0 0 7 0 7 0 4 0 1 1 0 0 5 0 6 0 7 0 4 0 5 0 5 0 5 0 5 0 4 0 1 0 7 0 7 0 3 0 5 0 7 0 8 0 7 0 0 0 0 0 1 0 6 0 1 1 0 0 3 0 6 0 8 0 0 0 5 0 7 0 3 0 8 0 2 0 3 0 6 0 8 0 6 0 7 0 4 0 7 0 5 0 7 0 0 0 2 0 3 0 7 0 6 0 8 0 7 0 3 0 4
1 191 3 0 8 0 4 0 7 0 2 0 0 0 4 1 0 0 8 0 2 0 3 0 8 0 2 0 5 0 6 0 1 0 4 0 6 0 6 1 0 0 2 0 4 0 1 0 7 0 8 0 2 0 5 0 6 0 7 1 0 0 8 0 1 0 4 0 0 0 5 1 0 0 2 0 3 0 7 0 8 0 0 0 5 0 5 1 0 0 4 1 0 0 1 0 4 0 6 0 0 0 2 0 2 0 2 0 1 1 0 0 4 0 5 0 5 0 8 0 1 0 6 0 8 0 5 0 1 0 0 0 3 0 2 0 4 0 8 0 6 0 3 0 7 0 2 0 1 0 5 0 8 0 6 0 5 0 7 0 3 0 8 0 4 0 6 0 0 0 6 0 2 0 5 0 1 0 4 0 7 0 5 0 4 0 8 0 5 0 7 1 0
1 191 7 0 7 0 0 0 5 0 5 0 1 0 0 0 0 0 6 0 5 0 7 0 6 0 6 0 1 0 3 0 3 1 0 0 4 0 4 1 0 0 4 0 8 0 3 0 5 0 7 0 6 0 1 0 4 0 7 0 0 0 6 0 3 0 8 0 1 0 1 1 0 0 4 0 7 0 5 0 7 0 2 0 1 0 2 1 0 1 0 1 0 0 2 1 0 0 3 0 1 0 4 0 4 0 4 0 3 0 8 0 8 0 1 0 2 0 7 0 4 0 3 0 8 0 1 0 3 0 0 0 6 0 4 1 0 0 8 0 3 0 8 0 4 0 5 0 3 0 1 0 8 0 4 0 2 0 5 0 8 0 7 0 0 0 3 0 2 0 2 0 6 0 0 0 3 1 0 0 6 0 2 0 0 0 8 0 2 0 6 1 0
1 193 1 0 5 0 5 0 2 0 1 0 1 0 3 0 0 0 1 0 3 0 2 0 6 0 4 0 3 0 3 0 6 0 7 0 8 0 7 1 0 1 0 1 0 0 7 0 8 0 1 0 6 0 3 0 3 1 0 0 5 0 2 0 2 0 8 0 6 0 3 0 3 0 8 0 8 0 5 0 2 0 5 0 5 0 2 0 5 1 0 1 0 0 8 0 4 0 8 0 5 0 2 0 8 0 8 0 8 0 7 0 7 0 7 0 3 0 5 0 4 1 0 0 8 0 6 0 3 0 6 0 1 0 3 0 1 0 0 0 6 0 8 0 7 0 0 0 1 0 7 0 3 0 6 1 0 0 6 0 1 0 8 0 5 0 1 0 6 0 4 0 5 0 2 0 1 0 7 1 0 0 2 0 5 0 1 0 6 0 6 0 3 1 0
1 193 3 0 1 0 1 0 5 0 2 0 2 0 6 0 0 0 2 0 6 0 5 0 2 1 0 0 7 0 7 0 3 0 6 0 8 0 7 0 0 1 0 1 0 0 5 0 7 0 4 0 2 0 7 0 7 1 0 0 0 0 5 0 5 0 7 0 3 0 7 0 7 0 7 0 8 0 1 0 6 0 1 0 1 0 6 0 2 0 0 1 0 0 7 0 0 0 8 0 1 0 6 0 7 0 8 0 8 0 6 0 6 0 5 0 8 0 1 0 1 0 0 0 7 0 3 0 8 0 2 0 3 0 6 0 2 0 1 0 3 0 8 0 5 0 1 0 3 0 4 0 8 0 4 0 0 0 2 0 4 0 7 0 1 0 4 0 3 0 0 0 1 0 5 0 3 0 5 1 0 0 5 0 0 0 4 0 3 0 3 0 8 0 7
1 193 6 0 2 0 3 0 0 0 5 0 5 0 2 0 1 0 5 0 3 0 1 0 6 1 0 0 5 0 5 0 8 0 3 0 8 0 5 0 2 1 0 1 0 0 1 0 5 1 0 0 6 0 5 0 6 1 0 0 1 0 1 0 2 0 5 0 8 0 5 0 6 0 6 0 7 0 4 0 2 0 3 0 3 0 2 0 5 0 1 1 0 0 4 0 2 0 6 0 4 0 3 0 6 0 8 0 8 0 4 0 4 0 2 0 7 0 3 0 2 0 1 0 4 0 8 0 6 0 5 0 7 0 2 0 5 0 2 0 7 0 7 0 1 0 3 0 6 1 0 0 7 1 0 0 1 0 4 1 0 0 5 0 3 0 8 0 6 0 0 0 3 0 0 0 8 0 2 0 0 0 0 0 1 0 8 0 6 0 7 0 7 0 6
1 195 1 0 2 0 5 0 6 0 1 0 1 0 1 0 5 0 3 0 0 0 7 0 3 0 4 0 0 0 1 0 2 0 7 0 8 0 7 0 1 0 6 1 0 0 8 0 2 0 2 0 0 0 3 0 2 0 4 1 0 0 2 0 2 0 5 0 1 0 8 0 2 0 4 0 4 0 5 1 0 0 5 0 6 0 6 0 5 0 0 0 4 0 8 0 7 0 5 0 2 1 0 0 8 0 3 0 8 0 7 1 0 1 0 0 6 0 4 0 7 0 4 0 2 1 0 0 8 0 4 0 2 0 5 0 6 0 0 0 6 0 5 0 5 0 3 0 7 0 4 0 0 0 5 1 0 0 3 0 0 0 0 0 0 0 8 0 7 0 3 0 1 0 6 0 1 0 6 0 5 0 0 0 0 0 3 0 7 0 4 0 6 0 6 0 4
0 195 2 0 5 0 1 0 3 0 3 0 2 0 3 0 0 0 7 0 1 0 4 0 7 0 8 0 0 0 2 0 5 0 5 0 8 0 5 0 4 0 4 0 0 0 6 0 5 0 4 0 0 0 6 0 4 1 0 1 0 0 4 0 5 0 0 0 4 0 6 0 5 1 0 0 0 0 3 0 0 0 1 0 4 0 4 0 1 0 1 1 0 0 8 0 6 0 1 0 6 1 0 0 6 0 8 0 7 0 7 0 0 1 0 0 3 0 0 0 5 1 0 0 6 1 0 0 6 1 0 0 6 0 1 0 3 0 2 0 3 0 2 0 1 0 8 0 4 1 0 0 2 0 1 1 0 0 6 0 0 0 0 0 1 0 7 0 5 0 7 0 3 0 2 0 4 0 3 0 1 0 1 0 0 0 7 0 5 0 0 0 4 0 4 0 0
0 195 5 0 0 0 3 0 6 0 6 0 4 0 6 0 1 0 4 0 3 1 0 0 6 0 7 0 1 0 5 0 1 0 2 0 8 0 1 1 0 1 0 0 2 0 3 0 1 1 0 0 2 0 3 0 1 0 0 0 8 0 8 0 0 0 1 1 0 0 4 0 2 1 0 0 0 0 6 0 0 0 2 0 8 0 8 0 2 0 3 1 0 0 7 0 3 0 4 0 4 0 0 0 3 0 8 0 6 0 5 0 2 0 8 0 5 0 1 0 2 0 0 0 4 0 0 0 4 0 0 0 2 0 3 0 6 0 4 0 6 0 4 0 3 0 7 0 0 1 0 0 4 0 3 1 0 0 2 0 1 0 0 0 3 0 5 0 2 0 5 0 7 0 4 0 8 0 6 0 2 0 2 0 1 0 5 0 1 0 1 0 8 0 8 0 0
0 197 1 0 0 0 1 0 7 0 3 0 4 0 0 0 3 0 3 0 8 0 7 1 0 0 3 0 5 0 4 0 0 0 3 0 5 0 6 0 4 1 0 0 8 0 3 0 6 0 3 0 8 0 3 0 6 0 2 0 1 0 7 0 7 0 1 0 3 0 8 0 7 0 5 0 8 0 0 0 2 0 1 0 5 0 7 0 7 0 5 0 7 1 0 0 4 0 7 0 8 0 8 0 0 0 7 0 7 0 4 0 1 0 6 0 7 0 1 0 3 0 4 0 0 0 8 0 0 0 8 0 0 0 4 0 7 0 3 0 0 0 3 1 0 0 8 0 4 0 2 0 8 0 7 0 7 0 8 0 3 0 2 0 0 0 7 0 0 0 6 0 1 0 6 0 0 0 8 0 3 0 5 0 4 0 3 0 0 0 3 0 3 0 7 0 7 0 1
0 197 2 0 0 0 3 0 4 0 7 0 8 0 0 0 6 0 7 0 7 0 6 1 0 0 7 0 0 1 0 0 1 0 7 0 1 0 4 0 1 0 0 0 6 0 8 0 2 0 8 0 6 0 8 0 2 0 5 0 3 0 5 0 5 0 3 0 7 0 7 0 6 0 2 0 7 0 1 0 4 0 3 0 1 0 6 0 6 0 2 0 6 1 0 1 0 0 6 0 8 0 7 0 2 0 5 0 5 1 0 0 4 0 3 0 5 0 3 0 6 0 8 0 1 0 6 0 2 0 6 0 1 1 0 0 5 0 7 0 0 0 7 1 0 0 6 1 0 0 6 0 7 0 6 0 6 0 7 0 7 0 4 0 1 0 4 0 2 0 2 0 4 0 2 0 2 0 6 0 8 0 0 1 0 0 7 0 0 0 6 0 7 0 5 0 5 0 3
1 197 4 0 0 0 6 1 0 0 6 0 7 0 2 0 3 0 6 0 6 0 5 0 0 0 4 0 2 0 8 0 2 0 4 0 3 0 8 0 2 0 1 0 3 0 7 0 6 0 7 0 4 0 7 0 6 0 0 0 8 0 1 0 1 0 8 0 5 0 6 0 3 0 6 0 4 0 3 0 8 0 6 0 3 0 3 0 3 0 6 0 4 0 0 1 0 0 3 0 8 0 5 0 6 0 1 0 2 1 0 0 8 0 7 0 0 0 8 0 3 0 7 0 4 0 2 0 6 0 2 0 4 1 0 0 1 0 5 0 2 0 6 0 0 0 4 0 0 0 3 0 6 0 4 0 4 0 6 0 5 1 0 0 3 0 8 0 4 0 4 0 8 0 4 0 5 0 3 0 7 0 2 1 0 0 4 0 2 0 3 0 6 0 2 0 1 0 7
1 197 8 0 1 0 4 0 0 0 3 0 5 0 5 0 7 0 3 0 4 0 1 0 1 0 8 0 5 0 6 0 5 0 8 0 7 0 6 0 5 0 2 0 7 0 5 0 4 0 6 0 0 0 6 0 3 0 2 0 6 0 3 0 3 0 7 0 2 0 3 0 8 0 2 1 0 0 8 0 7 0 3 0 7 0 6 0 7 0 2 1 0 0 2 0 8 0 6 0 7 0 2 0 3 0 3 0 5 1 0 0 7 0 5 0 2 0 6 0 8 0 4 1 0 0 6 0 2 0 5 1 0 1 0 0 3 0 0 0 6 0 2 0 1 0 8 0 0 0 7 0 3 0 0 0 0 0 4 0 2 1 0 0 7 0 7 0 0 0 0 0 8 0 0 0 1 0 8 0 4 0 6 0 8 0 7 0 4 0 7 0 2 0 5 0 3 0 5
0 199 1 0 6 0 3 0 8 0 0 0 7 0 1 0 2 0 5 0 7 0 8 0 2 0 3 0 7 0 2 0 4 0 2 0 8 0 6 0 4 0 1 0 6 0 5 0 2 0 0 0 3 0 2 0 2 0 7 0 5 0 2 0 7 0 7 0 4 0 5 0 7 0 6 0 6 1 0 0 7 0 5 0 8 0 5 0 4 0 5 0 6 0 8 0 4 0 7 0 4 0 5 0 5 0 6 0 7 0 2 0 0 0 5 0 1 0 6 0 3 0 8 0 1 0 0 0 2 0 6 0 2 0 0 0 8 0 5 0 1 0 2 0 5 0 3 0 6 0 2 0 4 0 7 0 0 0 0 0 8 0 5 1 0 0 5 0 5 0 1 0 1 0 6 0 1 0 3 0 7 0 0 0 4 0 8 0 6 0 0 0 5 0 6 0 0 0 8 0 1
0 199 3 0 2 0 8 0 6 0 2 0 4 0 3 0 5 0 1 0 6 0 7 0 5 0 7 0 4 0 5 0 8 0 5 0 7 0 3 1 0 0 4 0 3 0 1 0 5 0 0 0 6 0 4 0 5 0 5 0 1 0 6 0 5 0 6 0 0 0 2 0 6 0 4 0 5 0 0 0 5 0 2 0 8 0 2 0 0 0 2 0 4 0 8 0 0 0 6 0 0 0 2 0 2 0 4 0 5 0 5 0 1 0 0 0 4 0 2 0 8 0 6 0 3 0 0 0 5 0 2 0 5 0 1 0 7 0 1 0 3 0 5 0 0 0 8 0 2 0 5 1 0 0 5 0 1 0 1 0 7 0 3 0 0 0 1 0 1 0 3 0 3 0 2 0 3 0 7 0 4 0 1 1 0 0 8 0 3 0 2 0 1 0 3 0 2 0 6 0 3
1 199 6 0 5 0 7 0 3 0 5 0 8 0 7 0 0 0 4 0 3 0 6 0 2 0 6 0 0 0 2 0 8 0 2 0 5 0 8 0 8 0 7 0 6 0 3 0 0 0 2 0 3 0 0 0 2 0 1 0 4 0 3 0 2 0 3 0 1 0 5 0 3 0 0 0 1 0 2 0 0 0 6 0 6 0 5 0 0 0 4 1 0 0 7 0 2 0 2 0 1 0 4 0 4 1 0 0 2 0 1 0 3 0 0 0 8 0 5 0 7 0 3 0 7 0 1 0 0 0 6 0 0 0 4 0 4 0 3 0 7 0 0 0 2 0 6 0 6 0 2 0 0 0 0 0 3 0 3 0 4 0 7 0 0 0 2 0 2 0 6 0 6 0 4 0 7 0 4 1 0 0 4 1 0 0 6 0 7 0 4 0 2 0 6 0 5 0 2 0 7
1 201 1 0 3 0 2 0 5 0 8 0 1 0 8 0 5 0 1 0 8 0 7 0 2 0 6 0 2 0 1 0 5 0 6 0 6 0 1 0 8 0 8 0 6 0 3 0 7 0 0 0 4 0 6 0 0 0 4 0 2 0 8 0 6 0 4 0 6 0 3 0 0 0 7 0 0 0 2 0 4 0 1 0 3 0 4 0 1 0 2 0 0 0 0 0 4 0 5 0 4 0 2 1 0 0 0 1 0 0 4 0 2 0 6 0 1 0 7 0 2 0 5 0 8 0 4 0 3 0 1 0 2 0 1 0 8 0 8 0 7 0 4 0 1 0 5 0 3 0 3 0 5 0 0 0 0 0 6 0 6 1 0 0 5 0 1 0 4 0 5 0 3 0 4 0 0 0 6 0 1 0 0 0 0 0 0 0 3 0 5 1 0 0 6 0 3 0 1 0 6 0 5
0 201 2 0 6 0 5 0 1 0 7 0 4 0 7 0 1 0 4 0 7 0 5 0 6 0 2 0 5 0 3 0 1 0 4 0 3 0 4 0 7 0 8 0 3 0 8 0 4 0 1 1 0 0 3 0 1 0 8 0 5 0 7 0 4 0 0 0 3 0 7 0 1 0 4 0 1 0 4 0 8 0 2 0 6 0 8 0 2 0 4 0 0 0 0 1 0 0 1 1 0 0 6 0 8 0 0 0 8 0 7 0 5 0 2 0 4 0 4 0 6 0 1 0 7 1 0 0 7 0 2 0 4 0 3 0 7 0 8 0 5 1 0 0 4 0 0 0 7 0 7 0 0 0 1 0 1 0 3 0 5 0 0 0 0 0 3 1 0 0 1 0 7 0 8 0 1 0 2 0 3 0 0 0 0 0 0 0 7 0 2 0 0 0 2 0 7 0 3 0 3 0 2
1 201 5 0 3 0 1 0 4 0 5 0 0 0 5 0 3 1 0 0 6 0 2 0 3 0 6 0 0 0 7 0 2 0 8 0 6 1 0 0 6 0 7 0 8 0 6 1 0 0 4 0 8 0 5 0 3 0 7 0 2 0 5 1 0 0 1 0 7 0 4 0 3 0 8 0 2 1 0 0 7 0 6 0 3 0 7 0 5 0 8 0 0 0 1 0 8 0 2 1 0 0 3 0 7 0 2 0 7 0 6 0 1 0 5 1 0 0 0 0 3 0 4 0 6 0 0 0 4 0 5 0 8 0 7 0 5 0 8 0 2 1 0 0 8 0 1 0 5 0 5 0 1 0 2 0 2 0 7 0 0 0 1 0 0 0 7 0 8 0 2 0 5 0 7 0 3 0 4 0 6 0 0 0 0 0 1 0 4 0 5 0 0 0 5 0 4 0 7 0 6 0 4
0 203 1 0 0 0 7 0 2 1 0 0 1 0 2 0 0 1 0 0 0 0 2 0 5 0 7 0 2 0 2 0 4 0 6 0 7 0 5 0 0 0 3 0 6 0 8 0 4 1 0 1 0 0 8 0 1 0 8 0 4 0 6 0 1 1 0 0 3 0 4 1 0 0 8 0 6 0 6 1 0 0 5 0 3 0 8 0 5 0 2 0 7 0 1 0 3 0 6 0 6 0 8 0 6 0 4 0 6 0 5 0 3 0 4 0 1 1 0 0 0 0 6 1 0 0 3 0 1 1 0 0 2 0 8 0 6 0 2 0 7 0 6 1 0 0 6 0 4 0 1 0 1 0 3 0 4 0 5 0 4 0 1 0 2 0 1 0 5 0 7 0 6 0 1 0 5 0 7 1 0 0 3 0 1 0 0 0 2 1 0 0 1 0 2 0 1 0 0 0 6 0 4 0 0
0 203 2 0 1 0 4 0 6 0 8 0 1 0 4 0 1 0 7 1 0 0 5 0 1 0 5 0 5 0 4 1 0 0 4 0 6 0 1 0 1 0 7 0 3 0 8 0 1 0 0 1 0 0 6 0 4 0 7 0 0 0 3 0 4 0 8 0 6 0 0 0 0 0 7 0 4 0 5 0 0 0 0 0 8 0 7 0 1 0 6 0 4 0 3 0 7 0 3 0 4 0 8 0 4 0 0 0 4 0 1 0 7 0 8 0 3 0 8 0 0 0 3 1 0 0 6 0 3 0 8 0 4 0 7 0 3 0 6 0 5 0 5 0 0 0 2 1 0 0 3 0 2 0 6 1 0 0 1 1 0 0 3 0 4 0 3 0 1 0 6 0 3 0 4 0 1 0 6 1 0 0 6 0 2 0 0 0 5 0 8 0 1 0 4 0 2 0 1 0 2 1 0 0 1
0 203 4 0 2 1 0 0 4 0 7 0 3 0 8 0 3 0 6 0 0 0 0 0 4 0 1 0 2 0 0 1 0 1 0 0 3 0 3 0 3 0 4 0 8 0 6 0 3 0 1 1 0 0 3 0 0 0 5 0 1 0 6 1 0 0 8 0 3 0 1 0 1 0 5 0 0 0 1 0 1 0 1 0 7 0 5 0 4 0 2 1 0 0 8 0 4 0 7 1 0 0 7 1 0 0 1 0 8 0 3 0 5 0 7 0 8 0 6 0 1 0 7 1 0 0 2 0 8 0 7 0 0 0 5 0 8 0 3 0 2 0 1 0 1 0 5 0 8 0 5 0 5 0 3 1 0 0 3 0 8 0 5 0 8 0 6 0 3 0 2 0 7 0 8 0 3 0 4 0 0 0 2 0 5 0 1 0 1 0 7 0 3 0 8 0 4 0 2 0 5 0 8 0 1
0 203 8 0 5 0 8 0 8 0 4 0 8 0 6 0 8 0 2 0 1 0 0 0 8 0 2 0 4 0 1 1 0 0 8 0 5 0 6 0 6 1 0 0 8 0 3 0 7 0 3 0 8 0 5 0 1 0 0 0 4 0 4 0 0 0 6 0 7 0 2 0 3 0 0 0 1 0 2 0 2 0 3 0 5 0 1 1 0 0 6 1 0 0 7 0 0 0 7 0 0 0 5 1 0 0 3 0 6 0 8 0 1 0 6 0 8 0 3 0 4 0 5 1 0 0 5 0 7 0 5 0 2 0 1 0 7 0 7 0 4 0 2 0 3 0 1 0 8 0 2 0 1 0 8 0 8 0 6 0 7 0 2 0 8 0 3 0 7 0 5 0 5 0 7 0 7 0 8 0 0 0 5 0 0 0 3 0 3 0 4 0 8 0 6 1 0 0 6 0 1 0 7 0 3
1 205 1 0 7 0 2 0 8 0 8 0 0 0 8 0 4 0 7 0 5 0 2 0 1 0 6 0 5 0 8 0 3 1 0 0 7 0 2 0 4 0 5 0 0 0 6 0 8 0 4 0 8 0 7 0 1 0 3 0 0 0 8 0 8 0 1 0 3 0 5 0 5 0 6 0 0 0 2 0 4 0 4 0 7 0 0 0 4 1 0 0 4 0 0 0 4 0 2 0 4 0 2 0 1 1 0 0 7 0 3 0 7 0 4 0 3 0 7 0 7 1 0 0 3 0 0 0 1 0 6 0 1 0 5 0 3 0 5 0 5 1 0 0 5 0 6 0 3 0 6 0 5 0 3 0 7 0 8 0 4 0 5 0 6 0 6 0 8 0 5 0 2 0 2 0 6 0 6 0 7 0 2 0 0 0 1 0 6 0 6 1 0 0 8 0 5 0 0 0 2 0 4 0 4 0 7
1 205 3 0 4 0 6 0 7 0 7 0 2 0 7 0 0 0 6 0 1 0 5 0 3 0 3 0 2 0 7 1 0 0 0 0 4 0 5 1 0 0 1 0 2 0 3 0 8 0 0 0 8 0 5 0 3 0 6 0 1 0 7 0 7 0 3 0 7 0 1 0 2 0 3 0 1 0 4 1 0 0 0 0 5 0 1 1 0 1 0 0 8 0 0 0 8 0 4 0 8 0 4 0 3 1 0 0 4 0 8 0 4 1 0 0 8 0 5 0 6 1 0 0 6 0 0 0 3 0 2 0 4 0 0 0 8 0 1 0 3 0 0 0 1 0 3 0 8 0 3 0 1 0 8 0 5 0 8 0 0 0 2 0 4 0 4 0 8 0 1 0 5 0 5 0 3 0 4 0 5 0 5 0 0 0 3 0 3 0 5 0 0 0 7 0 1 0 1 0 4 1 0 0 0 0 6
0 205 6 1 0 0 4 0 6 0 5 0 6 0 4 0 2 0 2 0 4 0 0 0 7 0 6 0 5 0 5 1 0 0 0 1 0 0 2 1 0 0 2 0 4 0 7 0 6 0 2 0 7 0 1 0 8 0 2 0 4 0 5 0 5 0 8 0 4 0 3 0 4 0 6 0 2 1 0 1 0 0 1 0 0 0 4 1 0 1 0 0 6 0 2 0 7 0 0 0 7 1 0 0 8 0 8 0 8 0 7 0 1 0 0 0 7 0 2 0 5 0 0 0 2 0 1 0 6 0 4 0 8 0 1 0 6 0 3 0 6 0 0 0 2 0 7 0 6 0 7 0 3 0 7 0 2 0 7 0 1 0 4 1 0 0 0 0 7 0 4 0 1 0 1 0 7 1 0 0 2 0 1 0 1 0 6 0 7 0 0 0 2 0 4 0 3 0 2 1 0 1 0 0 1 0 3
1 207 1 0 3 1 0 1 0 0 4 0 2 0 3 1 0 0 5 0 4 0 8 0 1 0 5 0 4 0 2 0 2 1 0 0 1 0 8 0 4 0 8 0 3 1 0 0 6 0 3 0 6 0 4 0 4 0 6 0 5 1 0 0 2 0 2 0 7 1 0 0 7 1 0 0 3 0 6 1 0 0 8 0 1 0 1 0 0 0 0 1 0 0 2 0 6 0 4 0 2 0 6 0 0 0 7 0 8 0 8 0 5 0 3 0 1 0 4 0 6 0 0 0 1 0 4 0 3 0 3 0 0 0 7 0 4 0 2 0 8 0 2 0 1 0 5 0 5 0 4 0 5 0 8 0 4 0 6 0 4 0 3 1 0 1 0 0 1 0 4 1 0 0 3 0 3 0 5 1 0 0 4 0 2 0 3 0 3 0 5 0 1 0 4 0 8 0 6 0 5 1 0 0 8 0 1 0 6
0 207 2 0 7 1 0 0 8 0 7 0 4 0 7 1 0 0 1 0 0 0 7 0 4 0 0 1 0 0 5 0 5 0 8 0 2 0 7 0 0 0 7 1 0 0 0 0 2 0 8 0 3 0 0 0 0 0 4 0 2 1 0 0 4 0 5 0 6 0 0 0 5 1 0 0 7 0 4 0 0 0 6 0 3 0 2 0 0 0 1 0 8 0 4 0 2 1 0 0 6 0 2 0 2 0 5 0 8 0 8 0 1 0 7 0 2 1 0 0 3 0 1 0 2 0 8 0 6 0 6 0 1 0 4 1 0 0 6 0 6 0 5 0 3 0 1 0 2 0 0 0 2 0 8 0 0 0 3 1 0 1 0 0 0 0 8 0 1 1 0 1 0 0 6 0 7 0 1 1 0 0 8 0 4 0 6 0 7 0 0 0 3 1 0 0 8 0 4 0 3 0 0 0 6 0 4 0 3
1 207 5 0 6 0 0 0 7 0 6 0 0 0 6 1 0 0 2 0 1 0 4 1 0 0 2 1 0 0 1 0 2 0 7 0 6 0 4 0 2 0 5 1 0 0 0 0 5 0 6 0 7 0 0 0 0 0 8 0 5 0 8 0 8 0 1 0 3 0 2 0 2 0 0 0 4 1 0 0 2 0 2 0 7 0 4 0 0 0 3 0 6 1 0 0 6 1 0 0 2 0 5 0 5 0 1 0 8 0 7 0 4 0 4 0 6 0 8 0 5 0 2 0 5 0 7 0 4 0 3 0 4 0 0 0 0 0 3 0 4 0 1 0 7 0 2 0 4 0 0 0 5 0 6 0 1 0 7 1 0 0 8 0 0 0 6 0 4 1 0 1 0 0 3 0 5 0 4 1 0 0 7 0 0 0 4 0 5 0 1 0 7 1 0 0 6 1 0 0 7 0 1 0 2 1 0 0 7
1 209 1 0 1 0 3 0 2 0 5 0 3 0 2 0 3 1 0 0 4 0 2 1 0 1 0 0 5 0 8 0 1 0 5 0 5 0 3 1 0 0 6 0 1 1 0 0 1 0 1 0 4 0 5 0 1 0 1 0 7 0 2 0 8 0 7 0 3 0 6 0 4 0 4 0 0 1 0 1 0 0 4 0 5 0 4 1 0 0 1 0 7 0 4 0 0 0 3 1 0 0 5 0 1 0 1 0 4 0 7 0 6 0 0 0 0 0 4 0 8 0 1 0 6 0 1 0 5 1 0 0 7 0 8 0 0 0 0 0 6 0 8 0 3 0 4 0 5 0 8 0 1 0 1 0 3 0 4 0 6 0 0 0 6 0 2 0 3 0 1 0 0 0 8 0 6 0 1 0 1 0 0 0 4 0 1 1 0 0 1 0 4 0 6 0 0 0 4 0 0 0 4 0 3 0 5 1 0 0 5
0 209 2 0 2 0 6 0 5 0 0 0 7 0 4 0 7 0 8 0 7 0 5 1 0 1 0 0 1 0 7 0 4 0 1 0 1 1 0 0 0 0 2 0 4 0 8 0 1 0 2 1 0 0 1 0 3 0 3 0 4 0 6 0 7 0 5 0 8 0 2 1 0 1 0 0 2 1 0 0 8 0 8 0 1 0 0 1 0 0 3 0 4 1 0 0 1 0 7 1 0 0 0 0 3 0 2 1 0 0 6 0 3 0 1 0 0 1 0 0 7 0 4 0 2 0 4 0 2 0 0 0 5 0 7 0 1 0 1 0 3 0 7 0 7 1 0 0 2 0 7 0 3 0 2 0 6 1 0 0 3 0 2 0 2 0 5 0 6 0 2 0 1 0 7 0 3 0 3 0 2 0 0 0 8 0 3 0 8 0 1 1 0 0 3 0 1 0 8 0 0 0 8 0 7 0 2 0 0 0 1
0 209 4 0 5 0 3 0 1 0 2 0 5 0 0 0 6 0 8 0 6 0 3 0 0 0 8 0 2 0 4 1 0 0 3 0 3 0 7 1 0 0 4 1 0 0 7 0 3 0 5 0 8 0 1 0 6 0 6 1 0 0 4 0 6 0 2 0 7 0 6 1 0 0 8 0 4 1 0 0 7 0 7 0 3 0 1 0 8 0 5 1 0 1 0 0 3 0 5 1 0 0 0 0 6 0 5 1 0 0 2 0 7 0 2 0 1 1 0 0 4 1 0 0 5 0 8 0 4 0 1 0 1 0 5 0 3 0 2 0 7 0 5 0 6 1 0 0 5 0 4 0 7 0 5 0 3 1 0 0 6 0 4 0 5 0 1 0 3 0 5 0 3 0 4 0 7 0 6 0 4 0 1 0 6 0 8 0 6 0 4 0 8 0 5 0 3 0 6 0 2 0 7 0 5 0 5 0 0 0 2
0 210 1 0 0 1 0 7 0 2 0 5 0 0 0 2 0 3 0 8 0 3 0 7 0 1 0 6 0 5 1 0 1 0 0 6 0 7 0 6 0 0 0 0 0 0 0 4 0 8 0 1 0 7 0 4 0 3 0 4 1 0 1 0 0 3 0 6 0 5 0 5 0 0 0 7 0 1 0 0 0 5 0 5 0 7 0 3 0 7 0 3 0 0 0 8 0 6 0 1 1 0 0 1 0 3 0 2 1 0 0 5 0 4 0 5 0 3 1 0 0 0 0 0 0 1 0 7 1 0 0 3 0 3 0 0 0 7 0 5 0 5 0 2 0 5 0 0 0 1 0 0 0 6 0 1 1 0 0 0 0 3 0 0 0 1 0 3 0 7 0 0 0 7 1 0 0 6 0 3 1 0 0 4 0 3 0 8 0 4 0 0 0 8 0 1 0 8 0 2 0 6 0 5 0 2 0 1 0 1 0 4
1 211 1 0 8 0 2 0 4 0 6 0 0 0 1 0 4 0 7 0 6 0 8 0 4 0 4 0 3 0 3 0 0 1 0 0 3 0 6 0 3 0 1 0 0 0 0 1 0 0 7 0 4 0 4 1 0 0 8 0 0 0 0 0 8 0 6 0 3 0 2 0 1 0 2 0 4 0 3 0 1 0 1 0 2 0 5 0 8 0 4 0 7 0 1 0 7 0 3 0 4 0 8 0 1 0 6 0 5 1 0 0 1 0 0 0 1 0 8 0 7 1 0 0 0 0 3 0 5 1 0 0 6 0 6 0 1 0 5 0 2 0 1 0 6 0 0 0 1 0 2 0 1 0 2 0 4 0 7 1 0 0 6 0 0 0 2 0 7 0 4 0 2 0 6 0 0 0 2 0 8 0 8 0 7 0 7 0 6 1 0 0 2 0 6 0 4 0 6 0 6 0 3 0 1 0 5 0 2 0 2 1 0
1 211 3 0 6 0 5 1 0 0 3 0 1 0 2 1 0 0 6 0 4 0 7 1 0 1 0 0 7 0 6 0 1 0 8 0 6 0 2 0 7 0 2 0 0 0 1 1 0 0 5 0 0 0 1 0 0 0 6 0 1 0 1 0 7 0 3 0 7 0 4 0 2 0 4 0 8 0 6 0 2 0 2 0 5 0 1 0 8 0 0 0 5 0 4 0 4 0 7 1 0 0 7 0 4 0 3 0 2 1 0 0 2 0 0 0 3 0 7 0 6 1 0 0 0 0 7 0 2 0 0 0 3 0 3 0 4 0 0 0 5 0 3 0 2 0 1 0 2 0 4 0 2 0 4 1 0 0 7 0 0 0 2 0 1 0 5 0 4 1 0 0 6 0 2 0 1 0 5 0 7 0 8 0 6 0 6 0 4 1 0 0 5 0 3 0 0 0 4 0 3 0 7 0 3 0 0 0 5 0 5 0 7
1 211 7 0 3 0 2 1 0 0 6 0 2 0 5 1 0 0 3 0 0 0 7 0 0 1 0 0 5 0 3 0 4 0 7 0 3 0 6 0 4 0 5 0 0 0 3 1 0 0 0 0 1 0 2 0 1 0 2 0 3 0 3 0 4 0 8 0 4 1 0 0 5 1 0 0 8 0 3 0 5 0 5 0 0 0 4 0 6 0 2 0 1 0 0 0 0 0 7 0 0 0 4 1 0 0 7 0 5 0 8 0 3 0 0 0 7 0 5 0 4 1 0 0 1 0 4 0 5 0 0 0 6 0 6 0 8 0 1 0 0 0 7 0 4 0 2 0 4 0 8 0 5 0 0 0 0 0 4 0 1 0 4 0 3 0 1 0 1 0 0 0 2 0 5 0 3 0 1 0 6 0 8 0 4 0 4 0 1 0 0 0 0 0 7 0 0 0 8 0 7 0 4 0 7 0 1 0 1 0 2 0 6
0 213 1 0 4 0 7 0 5 1 0 0 2 0 6 0 1 1 0 0 6 0 1 0 4 0 2 1 0 0 0 0 7 1 0 0 5 0 8 0 3 0 0 0 1 0 1 0 7 0 7 1 0 0 2 0 4 0 2 0 4 0 6 0 6 1 0 0 8 0 1 0 0 0 2 0 0 0 6 0 8 0 1 0 1 0 1 1 0 0 3 0 5 0 2 0 0 0 1 0 4 0 2 0 0 0 0 0 5 0 2 0 7 0 7 0 1 0 5 0 2 0 0 1 0 0 2 1 0 0 1 0 2 0 3 0 4 0 7 0 3 0 1 0 4 1 0 0 5 1 0 0 8 0 1 0 1 0 0 0 8 0 2 0 8 0 6 0 2 0 2 0 0 0 5 0 0 0 7 0 3 0 3 0 7 1 0 1 0 0 3 0 0 0 1 0 4 0 2 0 7 0 6 0 0 0 5 0 3 0 2 0 5 0 3
1 213 2 1 0 0 6 0 2 1 0 0 5 0 2 0 4 1 0 0 2 0 3 0 8 0 5 0 8 0 0 0 6 0 0 0 1 0 7 0 7 0 0 0 2 0 3 0 5 0 6 1 0 0 4 0 8 0 4 1 0 0 4 0 5 0 0 0 6 0 3 0 0 0 4 0 1 0 3 0 7 0 3 0 2 0 3 0 8 0 6 0 0 0 5 0 0 0 2 0 8 0 4 0 0 0 1 0 0 0 6 0 5 0 5 0 4 0 0 0 5 0 1 0 8 0 4 0 8 0 1 0 4 0 6 1 0 0 5 0 7 0 3 0 0 0 0 0 2 0 0 0 6 0 3 0 2 0 1 0 6 0 6 0 7 0 3 0 5 0 4 0 1 0 0 0 2 0 4 0 7 0 7 0 6 0 0 0 8 0 5 0 0 0 2 0 8 0 5 0 5 0 3 0 2 0 0 0 7 0 5 0 0 0 7
1 213 5 1 0 0 2 0 6 1 0 0 0 0 5 1 0 1 0 0 4 0 7 0 7 0 2 0 7 0 2 0 2 0 1 0 3 0 5 0 5 0 1 0 4 0 7 0 1 0 4 1 0 1 0 0 8 0 0 1 0 1 0 0 1 0 2 0 2 0 7 0 0 0 8 0 2 0 7 0 4 0 7 0 4 0 7 0 7 0 3 0 2 0 0 0 1 0 5 0 6 1 0 0 1 0 2 0 1 0 3 0 2 0 1 1 0 0 2 0 0 0 4 0 7 0 0 0 7 0 3 1 0 0 5 0 0 0 1 0 5 0 7 0 0 0 0 0 4 0 1 0 2 0 7 0 4 0 3 0 3 0 4 0 5 0 8 0 0 1 0 0 3 0 0 0 4 1 0 0 6 0 6 0 3 0 2 0 7 0 1 0 1 0 5 0 7 0 2 0 1 0 7 0 4 0 1 0 5 0 1 0 2 0 5
0 215 1 0 1 1 0 0 5 0 3 1 0 0 1 0 2 0 0 0 8 0 8 0 5 0 5 0 6 0 4 0 5 0 4 0 2 0 7 0 1 0 1 0 3 1 0 0 5 0 4 0 0 0 0 1 0 0 6 0 2 1 0 0 8 0 1 0 4 0 5 0 4 0 2 0 6 0 6 0 5 0 0 0 6 0 0 0 6 0 5 0 7 0 4 0 0 0 3 0 1 0 4 1 0 0 2 0 4 0 2 0 6 0 4 0 3 0 8 0 3 0 0 1 0 0 5 0 2 0 4 1 0 0 0 0 0 0 1 0 3 0 1 0 5 0 1 0 0 0 8 0 2 0 5 0 4 1 0 0 7 0 6 1 0 0 2 0 7 0 2 0 8 0 5 0 1 0 0 0 0 0 3 0 3 0 7 0 5 0 4 0 3 0 3 0 1 0 5 0 5 0 3 0 4 1 0 0 4 0 0 0 3 0 5 0 1
0 215 2 0 3 1 0 0 0 0 8 0 8 0 1 0 4 0 1 0 7 0 8 0 2 0 2 0 4 0 0 0 1 1 0 0 6 0 4 0 3 0 2 0 7 1 0 0 0 1 0 0 1 0 1 1 0 0 2 0 6 1 0 0 6 0 3 1 0 0 1 1 0 0 6 0 3 0 4 0 1 0 2 0 2 0 2 0 3 0 2 0 5 1 0 0 1 0 6 0 2 1 0 1 0 0 4 0 8 0 5 0 2 1 0 0 8 0 6 0 7 0 1 1 0 0 0 0 5 1 0 1 0 0 0 0 0 0 2 0 6 0 3 0 0 0 3 0 1 0 6 0 6 0 1 0 1 0 0 0 5 0 4 1 0 0 5 0 4 0 6 0 7 0 1 0 3 0 0 0 0 0 6 0 7 0 5 0 1 1 0 0 7 0 6 0 3 0 1 0 1 0 7 1 0 1 0 0 8 0 0 0 7 0 0 0 3
1 215 4 0 7 0 8 0 0 0 7 0 7 0 3 0 8 0 3 0 5 0 7 0 5 0 4 0 8 0 0 0 3 1 0 0 2 1 0 0 7 0 5 0 5 1 0 0 1 0 8 0 1 0 3 0 8 0 4 0 4 0 0 0 2 0 8 0 8 0 2 1 0 0 2 0 7 0 8 0 2 0 4 0 4 0 4 0 6 0 5 0 1 1 0 0 3 0 2 0 6 1 0 0 8 0 8 0 7 0 1 0 6 1 0 0 7 0 4 0 5 0 4 0 8 0 0 0 2 0 0 0 7 1 0 0 0 0 5 0 2 0 7 0 0 0 6 0 3 0 3 0 3 0 3 0 2 0 1 0 1 0 1 0 0 0 1 0 0 0 4 0 5 0 3 0 6 0 0 0 1 0 3 0 6 0 1 0 4 1 0 0 5 0 3 0 7 0 2 0 3 0 6 0 0 1 0 0 6 0 2 0 4 0 1 0 6
0 216 1 0 0 6 0 7 0 2 0 5 0 5 0 8 0 6 0 8 0 1 0 6 0 2 0 0 0 7 0 1 0 7 0 8 0 4 1 0 0 5 0 2 0 2 1 0 0 3 0 6 0 3 0 7 0 6 1 0 1 0 0 1 0 5 0 7 0 7 0 6 0 8 0 4 0 5 0 7 0 5 1 0 0 0 0 0 0 4 0 1 0 4 0 8 0 5 0 5 0 4 0 0 0 7 0 8 0 5 0 4 0 4 0 0 0 5 0 0 0 2 0 0 0 7 0 1 0 4 0 1 0 5 1 0 0 1 0 0 0 6 0 4 0 2 0 2 0 7 0 6 0 6 0 6 0 4 0 2 0 2 0 2 0 0 0 2 0 0 1 0 0 1 0 8 0 2 0 1 0 2 0 7 0 2 0 4 0 0 0 0 0 0 0 8 0 4 0 5 0 7 0 2 0 2 1 0 0 2 0 5 0 8 0 3 0 3
1 217 1 1 0 0 3 0 5 0 6 0 1 0 2 0 8 0 4 0 7 0 4 0 2 0 5 0 1 0 4 0 4 0 5 0 8 0 1 0 0 0 0 0 5 0 5 0 8 0 6 0 2 0 8 0 5 0 5 0 0 0 8 0 2 0 1 0 6 0 6 0 4 0 8 0 0 0 2 0 6 0 2 1 0 0 0 0 0 0 8 0 2 1 0 0 8 0 2 0 1 1 0 0 2 0 5 0 8 0 1 1 0 1 0 0 2 0 0 0 1 0 4 0 1 0 4 0 3 0 8 0 3 0 1 1 0 0 2 0 1 0 2 1 0 0 5 0 5 0 5 0 4 0 4 0 3 1 0 0 5 0 4 0 4 0 0 0 4 0 1 0 8 0 2 0 6 0 5 0 2 0 5 0 4 0 5 0 8 0 0 0 0 0 1 0 7 0 0 0 2 0 5 0 5 0 5 0 8 0 4 0 1 0 7 0 7 0 6
1 217 3 0 8 0 6 0 1 0 3 0 3 0 5 0 7 0 0 0 5 1 0 0 6 0 0 0 3 1 0 0 0 0 2 0 7 0 3 0 0 0 1 0 1 0 2 0 8 0 3 0 6 0 7 0 2 0 1 0 2 0 6 0 5 0 3 0 3 0 4 0 0 0 7 0 1 0 5 0 2 0 6 0 7 1 0 0 1 0 6 0 6 1 0 0 6 0 5 0 3 0 8 0 4 0 1 0 7 0 4 1 0 0 8 0 3 0 0 0 2 0 8 0 2 0 8 0 7 0 6 0 7 0 3 0 8 0 3 0 2 0 5 1 0 0 1 0 2 0 1 1 0 1 0 1 0 0 0 0 0 1 0 1 0 0 1 0 8 0 3 0 6 0 6 0 3 0 1 0 6 0 1 0 0 0 2 0 7 0 1 0 0 0 3 0 4 0 1 0 5 0 1 0 2 0 2 0 7 1 0 0 4 0 5 0 6 0 4
0 217 7 0 7 0 3 0 3 0 6 0 7 0 1 0 5 0 2 0 2 0 0 0 2 0 1 0 7 0 7 1 0 0 5 0 4 0 7 0 0 0 2 0 2 0 5 0 6 0 8 0 3 0 5 0 5 0 2 0 5 0 3 0 1 0 7 0 6 0 8 0 1 0 4 0 4 0 0 0 6 0 3 0 6 1 0 0 3 0 3 0 5 0 0 0 3 0 1 0 8 0 6 1 0 0 4 0 5 0 1 0 0 0 6 0 7 0 0 0 5 0 6 0 6 0 7 0 6 0 4 0 5 0 8 0 6 0 7 0 5 0 1 1 0 0 2 0 4 0 3 1 0 1 0 0 7 1 0 0 1 1 0 0 8 0 2 0 6 0 8 0 3 0 3 0 7 0 3 0 2 0 3 0 0 0 5 0 4 0 3 0 0 0 6 0 8 0 3 0 0 0 3 0 4 0 5 0 5 1 0 1 0 0 2 0 4 0 0
0 219 1 0 5 0 5 0 7 0 7 0 3 0 5 0 4 0 0 0 5 0 4 0 0 0 4 0 3 0 5 0 7 0 0 0 1 0 0 0 5 0 1 0 4 0 5 0 1 0 4 0 7 0 8 0 1 0 1 0 6 0 0 0 7 0 3 0 5 0 4 0 7 0 3 0 8 0 8 0 1 0 2 0 8 0 3 1 0 0 6 0 7 0 0 0 1 0 6 0 3 0 7 0 4 1 0 1 0 0 1 0 3 0 1 0 3 0 5 0 2 0 1 0 4 0 4 0 6 0 4 0 0 0 2 0 8 0 4 0 6 0 1 0 4 0 8 0 3 0 8 0 7 1 0 1 0 0 5 1 0 0 3 1 0 0 6 0 6 0 3 0 7 0 7 0 7 0 4 0 7 0 4 0 6 0 1 0 0 1 0 0 7 0 1 0 3 0 7 0 7 0 0 0 6 1 0 0 2 0 3 0 0 0 8 0 3 0 8 0 0
0 219 3 0 1 0 2 0 6 0 5 0 8 0 0 1 0 0 2 0 0 1 0 0 1 0 8 0 7 0 1 0 5 0 1 0 2 0 1 0 0 0 3 1 0 0 1 0 3 1 0 0 6 0 7 0 3 0 3 0 2 0 2 0 4 0 8 0 1 0 0 0 5 0 8 0 7 0 7 0 3 0 5 0 6 1 0 0 0 0 3 0 5 0 1 0 3 0 2 0 8 0 5 0 1 0 0 0 8 0 1 0 6 0 2 0 7 0 0 0 5 0 2 1 0 0 0 0 3 1 0 0 1 0 5 0 7 0 0 0 3 0 3 1 0 0 7 0 8 0 7 0 7 0 0 1 0 0 1 1 0 0 7 1 0 0 3 0 3 0 8 0 5 0 6 0 6 0 0 0 6 0 0 0 3 0 3 0 1 1 0 0 4 0 3 0 7 0 5 0 5 0 2 0 3 1 0 0 4 0 6 0 1 0 6 0 8 0 6 0 1
0 219 6 0 2 0 5 0 3 0 2 0 7 0 2 0 8 0 3 0 1 0 8 0 2 0 7 0 5 0 4 0 0 0 3 0 4 0 2 0 0 0 7 0 8 0 1 0 7 1 0 0 3 0 5 0 7 0 6 0 4 0 4 1 0 0 7 0 3 0 1 0 1 0 8 0 6 0 5 0 8 0 1 0 4 1 0 0 0 0 7 0 0 0 3 0 6 0 5 0 7 0 1 0 3 0 1 0 6 0 4 0 2 0 6 0 4 0 2 0 0 0 6 0 7 1 0 0 7 0 8 0 2 0 1 0 5 0 1 0 6 0 7 1 0 0 5 0 8 0 6 0 5 0 2 0 8 0 2 1 0 0 5 1 0 0 6 0 7 0 7 0 2 0 4 0 3 0 2 0 2 0 1 0 6 0 6 0 3 0 8 0 7 0 7 0 5 0 2 0 1 0 5 0 7 0 8 0 8 0 2 0 4 0 3 0 8 0 3 0 3
1 221 1 0 2 0 6 0 0 0 7 0 5 0 4 0 6 0 6 0 7 0 3 0 6 0 6 0 5 0 1 1 0 0 1 0 6 0 8 0 4 0 1 0 5 0 7 0 4 0 5 1 0 0 7 0 1 0 6 0 4 0 0 0 1 0 0 0 4 0 7 0 2 0 3 0 7 0 4 0 2 0 7 0 3 1 0 1 0 0 1 0 4 0 1 0 7 0 3 0 2 0 5 0 3 0 6 0 3 0 2 1 0 0 6 0 2 1 0 0 5 0 1 0 3 0 7 0 0 0 5 0 7 0 5 0 3 0 0 0 4 0 3 0 7 0 0 0 1 0 8 0 4 0 1 0 6 0 6 0 6 1 0 0 2 0 0 0 3 0 6 0 5 0 5 0 8 0 6 0 4 0 4 0 3 0 3 0 3 0 8 0 7 0 6 0 6 0 1 0 5 0 3 0 1 0 6 0 8 0 7 0 5 0 8 0 7 0 6 0 7 0 6
1 221 2 0 5 0 2 0 2 0 5 0 2 0 0 0 4 0 4 0 5 0 8 0 3 0 4 0 1 0 4 0 8 0 2 0 3 0 7 1 0 0 4 0 1 0 6 0 0 0 3 0 0 0 4 0 4 0 2 1 0 0 1 0 2 0 0 1 0 0 5 0 5 0 7 0 4 1 0 0 6 0 4 1 0 0 0 0 8 0 1 0 8 0 3 0 4 0 7 0 5 0 0 0 8 0 2 0 7 0 5 1 0 0 2 0 6 1 0 0 0 0 3 0 7 0 4 0 2 0 1 0 6 0 1 0 7 0 0 0 8 0 7 0 4 0 1 0 3 0 6 1 0 0 4 0 3 0 4 0 4 1 0 0 4 0 0 0 7 0 3 0 2 0 2 0 8 0 3 1 0 1 0 0 7 0 6 0 7 0 7 0 6 0 4 0 3 0 4 0 0 0 7 0 3 0 3 0 8 0 6 0 2 0 8 0 6 0 4 0 6 0 4
0 221 5 0 0 0 5 0 5 0 0 0 5 0 0 1 0 0 0 0 2 0 7 0 7 0 8 0 2 1 0 0 7 0 5 0 7 0 5 1 0 0 8 0 3 0 2 0 1 0 6 0 0 0 8 0 8 0 5 0 8 0 1 0 4 0 1 1 0 0 1 0 2 0 6 0 1 0 0 0 3 0 0 1 0 0 1 0 6 0 4 0 6 0 7 1 0 0 6 0 1 0 2 0 6 0 6 0 5 0 2 1 0 0 5 0 3 1 0 0 0 0 7 0 4 1 0 0 5 0 3 0 2 0 4 0 4 0 2 0 7 0 5 1 0 0 3 0 7 0 3 1 0 0 8 0 6 1 0 0 0 1 0 0 8 0 1 0 4 0 7 0 4 0 5 0 6 1 0 0 0 1 0 0 5 0 4 0 6 0 6 0 3 1 0 0 7 0 8 0 1 0 4 0 7 0 7 0 7 0 3 0 6 0 7 0 4 0 0 0 4 0 0
0 223 1 0 0 0 2 0 1 0 1 0 2 0 0 0 2 0 7 1 0 0 5 0 5 0 6 0 7 0 6 1 0 0 5 0 2 0 6 0 3 0 0 0 6 0 7 0 4 0 3 0 2 0 2 0 7 0 8 0 2 0 7 0 3 0 8 0 3 0 8 0 1 0 5 0 2 0 3 0 0 0 6 0 1 0 8 0 2 0 3 0 0 0 4 0 7 0 0 0 2 0 3 0 5 0 3 0 4 0 1 0 6 1 0 0 0 0 8 0 8 0 0 0 5 0 1 0 0 0 0 0 7 0 4 0 8 0 8 0 5 0 5 0 2 1 0 0 7 0 4 1 0 0 0 0 7 0 4 1 0 0 1 1 0 0 6 0 3 1 0 0 6 0 0 0 2 0 4 1 0 0 1 1 0 0 1 0 0 0 4 0 3 1 0 0 0 0 5 0 7 0 3 1 0 0 6 0 6 0 5 0 8 0 3 0 5 1 0 0 1 0 8 0 0
0 223 2 0 0 0 4 0 2 0 2 0 4 0 0 0 5 0 6 0 0 0 1 0 2 0 4 0 6 0 5 0 0 0 0 0 6 0 2 0 7 0 1 0 3 0 5 1 0 0 7 0 4 0 5 0 5 0 7 0 6 0 4 0 8 0 6 0 8 0 6 0 4 0 0 0 5 0 6 0 1 0 2 0 4 0 6 0 5 0 6 0 0 1 0 0 5 0 1 0 4 0 7 0 0 0 7 0 8 0 3 0 3 1 0 0 1 0 7 0 7 0 2 0 0 0 3 0 0 0 1 0 5 0 0 0 8 0 8 0 2 0 1 0 6 1 0 0 5 0 0 1 0 0 1 0 5 0 0 1 0 0 3 1 0 0 2 1 0 0 0 0 2 0 1 0 4 1 0 1 0 0 3 0 8 0 1 0 0 0 8 0 7 0 8 0 0 0 1 0 5 1 0 0 0 0 3 0 4 0 2 0 7 0 8 0 1 1 0 0 3 0 6 0 1
0 223 4 0 0 0 8 0 4 0 4 0 8 0 1 0 1 0 3 0 1 0 2 0 4 1 0 0 4 0 1 0 1 0 1 0 2 0 6 0 4 0 3 0 7 0 2 0 0 0 5 0 0 0 2 0 2 0 6 0 4 0 0 0 8 0 4 0 8 0 3 1 0 0 2 0 1 0 3 0 3 0 4 1 0 0 4 0 2 0 3 0 2 1 0 0 0 0 3 1 0 0 5 0 2 0 5 0 7 0 7 0 7 0 8 0 2 0 5 0 5 0 5 0 0 0 6 0 0 0 3 0 0 0 2 0 7 0 7 0 5 0 3 0 4 0 0 0 0 0 2 0 8 0 2 0 0 0 2 0 8 0 6 0 8 0 4 0 7 1 0 0 4 0 3 0 0 0 0 0 8 0 6 0 6 0 3 0 1 0 7 0 6 0 7 0 1 0 3 0 1 1 0 0 0 0 6 0 8 0 5 0 5 0 7 0 4 0 8 0 6 0 2 0 3
1 223 8 0 1 0 7 0 0 0 0 0 7 0 3 0 2 0 6 0 2 0 4 1 0 1 0 0 8 0 2 0 2 0 2 0 5 0 2 1 0 0 8 0 4 0 5 0 1 0 0 0 1 0 4 0 5 0 2 1 0 0 2 0 7 0 0 0 7 0 8 0 8 0 3 0 2 0 6 0 6 1 0 1 0 0 8 0 4 0 6 0 5 0 7 1 0 0 7 1 0 0 0 0 6 0 1 0 6 0 6 0 6 0 7 0 6 0 1 0 2 0 1 0 2 0 2 0 1 0 6 0 0 0 5 0 5 0 6 0 1 0 7 0 8 0 0 0 0 0 5 0 6 0 5 0 0 0 5 0 7 0 4 0 8 0 0 0 6 1 0 0 8 0 6 0 0 0 1 0 7 0 4 0 3 0 7 0 3 0 5 0 4 0 5 0 3 0 6 0 3 0 8 0 0 0 3 0 8 0 2 0 2 0 6 0 0 0 8 0 3 0 5 0 6
0 225 1 0 6 0 4 0 4 0 1 0 1 0 4 0 7 0 5 0 2 0 6 0 0 0 0 1 0 0 6 0 5 0 4 0 5 0 0 0 6 1 0 0 7 0 0 0 1 0 3 0 0 0 2 1 0 0 1 0 6 0 8 0 4 0 4 0 2 0 5 0 8 0 7 0 7 0 5 0 3 0 5 0 0 1 0 0 7 0 0 0 4 0 2 0 7 0 0 0 5 1 0 0 1 0 2 0 4 0 3 0 4 0 4 0 6 0 3 0 3 0 4 0 2 0 4 0 4 0 3 0 2 0 2 0 1 0 2 0 3 0 4 0 5 0 7 0 1 0 1 0 1 0 4 0 1 0 2 0 1 0 6 0 0 0 7 0 2 0 4 0 0 0 7 0 3 0 1 0 3 0 4 1 0 0 8 0 4 0 8 0 1 0 0 0 1 0 8 0 2 0 8 0 6 0 1 0 7 0 6 0 5 0 5 0 2 0 2 0 6 0 8 0 1 0 4
1 225 3 0 2 1 0 1 0 0 3 0 2 1 0 0 6 0 1 0 6 0 2 0 1 0 1 1 0 0 3 0 2 0 0 0 1 0 2 0 4 0 0 0 4 0 1 0 2 0 6 0 0 0 5 0 8 0 2 0 3 0 7 1 0 1 0 0 6 0 1 0 8 0 6 0 6 0 1 0 8 0 0 0 2 1 0 0 4 0 1 0 8 0 5 0 4 0 2 0 1 1 0 0 2 0 4 0 8 0 6 1 0 0 0 0 3 0 7 0 6 0 8 0 4 0 8 0 8 0 6 0 4 0 4 0 2 0 4 0 6 1 0 0 2 0 5 0 3 0 2 0 2 0 8 0 2 0 4 0 3 0 2 0 2 0 4 0 5 0 8 0 1 0 4 0 7 0 2 0 7 0 0 0 0 0 7 0 0 0 7 0 3 0 0 0 3 0 6 0 6 0 7 0 3 0 4 0 5 0 4 0 2 0 1 0 5 0 5 0 3 0 7 0 3 1 0
1 225 6 0 5 1 0 0 8 0 5 0 5 1 0 0 2 0 4 0 2 0 5 0 2 0 3 0 8 0 5 0 4 0 0 0 2 0 4 0 8 0 0 0 8 0 2 0 5 0 2 0 2 0 1 0 7 0 5 0 7 0 6 0 0 1 0 0 2 0 4 0 7 0 4 0 3 0 4 0 6 0 1 0 5 0 8 0 7 0 3 0 7 0 1 1 0 0 5 0 3 0 8 0 3 1 0 0 8 0 4 1 0 0 0 0 7 0 5 0 4 0 8 0 0 0 8 0 8 0 3 1 0 1 0 0 5 1 0 0 4 1 0 0 5 0 0 0 7 0 4 0 5 0 6 0 5 0 8 0 6 0 4 0 4 1 0 0 2 0 7 0 3 1 0 0 5 0 6 0 4 0 1 0 1 0 4 0 2 0 4 0 7 0 0 0 7 0 3 0 4 0 5 0 7 1 0 0 1 1 0 0 5 0 3 0 1 0 1 0 8 0 4 0 8 0 7
1 227 1 0 3 0 3 0 0 0 7 0 2 0 2 1 0 0 4 0 8 0 5 0 0 0 5 0 7 0 7 0 1 1 0 0 1 0 4 1 0 0 7 0 2 0 6 0 6 0 0 0 5 0 4 0 3 0 5 0 2 0 6 0 3 0 2 0 8 0 3 1 0 0 5 1 0 0 7 1 0 0 3 0 4 0 1 0 8 0 5 0 8 0 4 0 4 1 0 0 0 0 8 0 6 1 0 0 0 0 7 0 0 1 0 0 1 0 5 0 2 0 0 0 7 0 2 0 7 0 7 1 0 0 0 1 0 0 2 0 0 0 0 0 0 0 0 0 2 0 5 0 0 0 2 0 4 0 2 0 8 0 4 0 0 0 0 1 0 0 5 0 4 1 0 0 0 0 1 0 3 1 0 0 3 0 2 0 8 0 4 1 0 0 5 0 2 0 4 0 7 1 0 0 2 0 6 1 0 0 3 1 0 0 0 0 7 0 2 0 3 0 7 0 0 0 8 0 6
1 227 2 0 6 0 6 0 1 0 4 0 5 0 5 0 8 0 8 0 7 0 1 0 2 0 1 0 6 0 5 0 4 0 8 0 2 0 0 0 0 0 4 0 6 0 3 0 3 0 2 0 0 1 0 0 8 0 0 0 6 0 2 0 7 0 5 0 6 1 0 0 0 0 2 0 0 0 5 1 0 0 6 0 8 0 3 0 7 0 2 0 8 0 0 0 0 1 0 0 1 0 7 0 4 1 0 0 1 0 4 0 2 0 8 0 2 0 0 0 5 0 1 0 4 0 6 0 5 0 6 1 0 0 1 0 8 0 3 0 0 0 0 0 0 0 0 0 5 0 0 0 1 0 4 0 8 0 5 0 6 1 0 0 1 0 1 1 0 0 1 0 0 1 0 0 0 0 2 0 7 0 8 0 5 0 5 0 7 0 1 0 0 0 0 0 5 1 0 0 6 1 0 0 5 0 3 1 0 0 7 0 8 0 0 0 4 0 5 0 7 0 4 0 2 0 7 0 4
0 227 5 0 3 0 3 0 3 1 0 0 2 0 2 0 8 0 8 0 5 0 3 0 4 0 3 0 3 0 2 0 0 0 7 0 5 0 0 0 0 1 0 0 3 0 7 0 6 0 4 0 1 1 0 0 6 0 2 0 2 0 6 0 5 0 2 0 4 1 0 0 0 0 4 0 1 0 2 0 0 0 3 0 7 0 8 0 4 0 6 0 6 0 1 0 1 0 8 0 2 0 5 0 0 1 0 0 2 0 8 0 5 0 6 0 5 0 1 0 0 0 3 1 0 0 4 0 2 0 4 1 0 0 3 0 6 0 7 0 0 0 0 0 0 0 1 0 0 0 1 0 2 1 0 0 8 0 2 0 4 1 0 0 2 0 3 0 8 0 1 0 1 0 7 1 0 0 5 0 5 0 8 0 2 0 2 0 5 0 3 0 0 0 1 0 2 0 0 0 4 0 0 0 0 1 0 0 0 0 5 0 7 0 1 1 0 0 2 0 5 1 0 0 6 0 5 0 0
0 229 1 0 0 0 7 0 6 0 7 0 8 0 3 0 5 0 7 0 8 0 1 0 7 0 8 0 6 0 6 0 4 0 1 0 5 0 1 0 1 0 1 0 8 0 6 0 5 0 3 1 0 0 4 1 0 0 2 0 5 0 5 0 3 0 1 0 5 1 0 1 0 0 0 0 8 0 2 0 4 0 0 0 7 0 5 0 8 0 0 0 4 0 3 0 3 0 3 0 6 0 6 0 0 0 2 0 8 0 4 0 7 0 2 0 4 0 1 0 3 0 0 0 7 0 8 0 7 0 4 1 0 1 0 0 7 0 3 0 5 0 1 0 0 0 0 0 2 0 0 0 2 0 5 1 0 0 6 0 5 1 0 1 0 0 4 0 7 0 6 0 3 0 3 0 6 0 0 0 1 0 2 0 7 0 5 0 5 0 0 0 7 0 0 0 2 0 4 0 0 0 8 0 0 0 1 0 8 0 0 0 1 0 5 0 4 0 8 0 4 0 2 0 0 0 3 0 1 0 1
0 229 2 0 1 0 5 0 4 0 6 0 7 0 8 0 1 0 6 0 7 0 4 0 5 0 8 0 4 0 3 1 0 0 4 0 0 0 3 0 2 0 3 0 7 0 4 0 1 0 8 0 8 0 8 0 8 0 4 0 1 0 1 0 7 0 3 0 2 0 0 0 8 0 0 0 6 0 5 0 8 0 1 0 5 0 2 0 7 0 1 0 8 0 6 0 6 0 7 0 3 0 3 0 1 0 5 0 7 0 0 0 5 0 5 0 8 0 2 0 6 0 1 0 5 0 8 0 6 0 1 0 0 1 0 0 4 0 8 0 0 0 3 0 0 0 0 0 4 0 0 0 5 0 2 0 0 0 3 0 3 0 0 0 8 0 8 0 5 0 3 0 7 0 7 0 2 0 1 0 2 0 5 0 5 0 2 0 1 0 2 0 4 0 1 0 4 0 8 0 1 0 6 0 1 0 3 0 6 0 1 0 3 0 1 0 0 0 7 1 0 0 5 0 0 0 6 0 2 0 2
1 229 4 0 3 0 1 0 0 0 4 0 6 0 7 0 4 0 3 0 6 0 0 0 2 0 7 1 0 0 8 0 8 0 7 0 0 0 6 0 4 0 7 0 4 1 0 0 4 0 7 0 8 0 8 0 7 1 0 0 3 0 3 0 4 0 7 0 4 0 1 0 6 0 2 0 3 0 2 0 7 0 4 0 0 0 6 0 4 0 4 0 7 0 4 0 4 0 5 0 7 0 6 0 3 0 1 0 5 0 2 0 1 0 2 0 7 0 6 0 2 0 4 0 1 0 8 0 3 0 3 0 1 0 8 0 8 0 6 0 1 0 6 0 0 0 0 0 8 0 1 0 0 0 5 0 0 0 6 0 6 0 1 0 7 0 8 0 1 0 8 0 5 0 5 0 5 0 2 0 5 0 1 0 1 0 5 0 2 0 4 0 8 0 2 1 0 0 7 0 4 0 2 0 3 0 7 0 2 0 3 0 6 0 2 0 1 0 6 0 0 0 0 0 2 0 2 0 5 0 4
0 229 8 0 6 0 2 0 0 1 0 0 4 0 5 1 0 0 8 0 2 0 1 0 5 0 6 0 0 0 7 0 8 0 5 0 2 0 3 0 0 0 6 0 0 1 0 1 0 0 6 0 8 0 8 0 6 1 0 0 6 0 6 1 0 0 5 1 0 0 4 0 2 0 5 0 6 0 5 0 4 1 0 0 2 0 3 0 0 0 0 0 6 0 0 0 0 0 2 0 6 0 3 0 7 0 3 0 0 0 5 0 2 0 5 0 5 0 3 0 5 0 8 0 3 0 6 0 7 0 6 0 3 0 7 0 8 0 3 0 4 0 2 0 1 0 1 0 6 0 3 0 1 0 0 0 2 0 3 0 3 0 4 0 5 0 7 0 4 0 7 0 2 0 2 0 1 0 6 0 0 0 3 0 3 0 0 0 5 1 0 0 7 0 6 1 0 0 4 1 0 0 5 0 7 0 4 0 5 0 7 0 2 0 5 0 3 0 2 0 1 0 0 0 4 0 5 0 1 0 0
0 231 1 0 7 0 3 0 5 0 1 0 8 0 8 0 2 0 0 0 6 0 5 0 3 0 1 0 3 0 2 0 5 0 8 0 1 0 5 0 6 0 1 0 2 0 2 1 0 1 0 0 3 0 8 0 8 0 5 0 0 0 3 0 5 0 0 0 1 1 0 0 8 0 5 0 1 0 4 0 2 0 0 1 0 0 4 0 6 0 0 0 1 0 2 0 1 0 0 0 5 0 2 0 8 0 4 0 7 0 1 0 0 0 6 0 1 0 1 0 8 0 1 0 7 0 8 0 3 0 6 0 3 0 8 0 5 0 7 0 7 0 8 0 4 0 2 0 3 0 2 0 7 0 2 0 0 0 4 0 6 0 6 1 0 0 2 0 6 0 0 0 5 0 5 0 4 0 3 0 2 0 1 0 6 0 6 0 1 0 2 0 0 0 5 0 5 0 0 0 0 0 0 0 1 0 6 0 0 0 2 0 5 0 6 0 0 0 7 0 4 0 2 0 0 1 0 0 1 0 3 0 0
0 231 3 0 4 0 8 0 0 0 4 0 7 0 7 0 5 0 1 0 3 0 1 0 7 0 2 0 6 0 5 0 1 0 7 0 4 0 1 0 3 0 3 0 4 0 5 1 0 0 8 0 6 0 7 0 8 0 1 0 1 0 7 0 0 0 1 0 3 1 0 0 7 0 1 0 3 0 8 0 4 0 1 0 8 0 8 0 2 0 1 0 2 0 4 0 2 0 1 0 0 0 6 0 7 0 0 0 5 0 3 0 1 0 2 0 3 0 3 0 6 0 4 0 5 0 7 0 8 0 2 0 8 0 7 0 2 0 6 0 6 0 7 1 0 0 5 0 6 0 5 0 4 0 5 0 0 1 0 0 4 0 4 1 0 0 5 0 2 0 2 0 1 0 1 1 0 0 7 0 4 0 3 0 3 0 3 0 3 0 4 0 1 0 1 0 1 0 1 0 0 0 0 0 3 0 2 0 1 0 5 0 1 0 3 0 2 0 4 1 0 0 5 0 1 0 8 0 1 0 6 0 0
0 231 6 1 0 0 7 0 1 1 0 0 6 0 6 0 1 0 3 0 6 0 3 0 4 0 6 0 3 0 1 0 4 0 4 1 0 0 3 0 6 0 6 1 0 0 3 0 0 0 7 0 4 0 6 0 7 0 3 0 3 0 4 0 1 0 2 0 7 1 0 0 4 0 3 0 7 0 6 1 0 0 4 0 7 0 7 0 5 0 2 0 4 0 8 0 4 0 2 0 1 0 3 0 5 0 2 0 0 0 7 0 2 0 4 0 6 0 7 0 3 0 0 0 2 0 6 0 7 0 6 0 7 0 5 0 6 0 3 0 4 0 7 0 0 0 1 0 4 0 2 0 0 0 1 0 2 0 8 0 8 0 0 0 0 0 0 0 5 0 4 0 2 0 3 1 0 0 4 1 0 0 7 0 6 0 6 0 6 0 8 0 2 0 2 0 2 0 2 0 0 0 0 0 6 0 4 0 3 0 0 0 3 0 6 0 5 0 0 0 0 0 0 0 4 0 6 0 4 0 2 0 1
0 233 1 0 4 0 0 0 4 0 4 1 0 0 3 0 3 0 3 0 7 0 2 0 7 1 0 0 3 0 7 0 2 1 0 0 0 1 0 0 7 0 3 0 4 1 0 0 6 0 1 0 5 0 0 0 4 0 5 0 7 0 6 0 8 0 2 0 5 0 5 1 0 0 8 0 7 0 5 0 4 1 0 1 0 0 6 0 6 0 1 0 5 1 0 0 7 1 0 0 5 0 2 0 7 0 0 0 5 0 1 0 4 0 5 1 0 0 4 0 5 0 7 0 0 0 5 0 3 0 6 0 4 0 6 0 2 0 3 0 7 1 0 0 5 0 1 0 2 0 8 0 4 0 0 0 2 0 5 0 7 0 7 0 1 0 0 0 1 0 0 1 0 0 5 0 7 1 0 0 0 0 0 0 5 0 4 0 4 0 4 0 7 0 5 0 4 0 4 0 4 0 0 0 1 0 2 1 0 0 7 0 0 0 7 0 3 0 1 0 1 0 0 0 0 1 0 0 3 1 0 0 5 0 2
1 233 2 0 8 0 0 1 0 0 0 1 0 0 6 0 6 0 7 0 4 0 6 0 5 1 0 0 7 0 4 0 6 0 8 0 0 1 0 0 4 0 8 0 0 0 0 0 2 0 4 0 0 0 1 1 0 0 2 0 6 0 4 0 7 0 6 0 1 0 3 0 0 0 7 0 6 0 2 0 1 0 0 1 0 0 3 0 3 0 4 0 2 0 0 0 6 0 0 0 0 0 6 0 4 0 2 0 0 0 3 1 0 0 2 1 0 1 0 0 2 0 5 0 2 0 0 0 8 0 3 0 0 0 3 0 5 0 7 0 6 0 0 0 0 0 3 0 5 0 6 1 0 0 1 0 5 0 1 0 6 0 5 0 3 0 0 0 2 0 1 1 0 0 1 0 6 1 0 0 0 0 1 0 1 0 0 0 0 0 0 0 6 0 1 1 0 1 0 1 0 0 1 0 2 0 5 1 0 0 4 0 2 0 4 0 7 0 2 0 2 0 0 0 1 0 8 0 6 1 0 0 0 0 5
0 233 5 0 6 0 2 0 8 0 0 1 0 0 3 0 4 0 6 0 0 0 4 0 3 0 0 0 5 0 0 0 4 0 7 0 2 0 8 0 8 0 6 0 1 0 0 0 4 0 8 0 0 0 3 0 8 0 4 0 3 0 0 0 6 0 3 0 3 0 6 0 1 0 5 0 3 0 5 0 2 0 1 0 8 0 5 0 6 0 8 0 4 0 1 0 2 0 1 0 1 0 2 1 0 0 5 0 0 0 7 0 8 0 4 1 0 0 8 0 4 0 0 0 5 0 1 0 6 0 7 0 0 0 7 0 1 0 6 0 3 0 1 0 0 0 7 0 1 0 4 1 0 0 3 0 0 0 4 0 3 0 1 0 7 0 0 0 4 0 3 0 8 0 2 0 3 1 0 0 0 0 2 0 2 0 0 0 0 0 1 0 2 0 4 1 0 1 0 0 8 0 1 0 5 0 1 1 0 0 8 0 4 1 0 0 5 0 5 0 4 0 0 0 3 0 7 0 4 1 0 0 1 0 1
0 235 1 0 1 0 3 0 6 0 6 0 2 0 8 0 5 1 0 0 3 0 1 0 8 0 6 0 1 0 0 0 1 1 0 0 5 0 6 0 7 0 8 0 3 0 3 0 0 1 0 0 7 0 1 0 7 0 6 1 0 0 7 0 1 0 2 0 7 0 7 0 2 0 4 0 0 0 8 0 0 0 5 0 3 0 7 0 2 0 4 0 7 1 0 0 3 0 4 0 2 0 2 0 5 1 0 0 0 0 2 0 5 0 8 0 1 0 0 0 6 1 0 0 2 0 0 0 4 0 3 0 5 0 2 0 4 0 4 0 2 0 7 0 2 0 1 0 4 0 3 1 0 1 0 0 6 0 0 0 8 0 6 0 3 0 4 0 1 0 8 0 7 0 6 0 5 0 7 0 7 1 0 0 4 0 4 0 0 0 0 0 2 0 5 0 0 0 0 1 0 0 6 0 4 0 0 0 4 1 0 0 7 0 1 0 0 0 1 0 1 1 0 0 1 0 7 0 5 0 0 1 0 0 2 0 2
0 235 2 0 2 0 7 0 3 0 3 0 6 0 7 0 2 1 0 0 6 0 3 0 7 0 3 0 3 0 0 0 3 1 0 0 1 0 4 0 6 0 7 0 7 0 6 0 1 1 0 0 4 0 4 0 5 0 5 0 0 0 4 0 3 0 5 0 5 0 5 0 5 0 8 0 1 0 6 0 2 0 0 0 8 0 4 0 5 1 0 0 6 1 0 0 6 0 8 0 4 0 5 0 1 1 0 0 0 0 5 0 1 0 7 0 3 0 1 0 3 1 0 0 4 0 0 0 8 0 7 0 0 0 5 0 8 0 8 0 5 0 4 0 5 0 2 0 8 0 7 1 0 1 0 0 2 0 2 0 7 0 3 0 7 0 8 0 3 0 7 0 6 0 4 0 2 0 6 0 6 1 0 0 8 0 8 0 0 0 0 0 5 0 0 0 1 0 1 1 0 0 2 1 0 0 2 0 0 0 0 0 4 0 3 0 0 0 2 0 3 0 8 0 2 0 5 0 1 0 2 0 8 0 3 0 4
1 235 4 0 5 0 4 0 7 0 7 0 3 0 5 0 6 1 0 0 2 0 8 0 4 0 7 0 6 0 0 0 7 0 8 0 1 1 0 0 4 0 6 0 6 0 3 0 4 0 8 0 7 1 0 0 2 0 1 0 1 0 8 0 7 0 1 0 2 0 2 0 2 0 7 0 4 0 2 0 5 0 1 0 7 0 0 0 3 0 0 0 4 0 0 0 3 0 8 0 0 0 1 0 4 0 8 0 0 0 0 0 4 0 4 0 7 0 2 0 7 0 8 0 7 0 1 0 7 0 5 0 2 0 1 0 8 0 8 0 2 0 0 0 1 0 6 0 7 0 7 0 0 0 8 0 3 0 5 0 4 0 8 0 5 0 7 0 8 0 5 0 3 1 0 0 6 0 3 0 5 0 0 0 7 0 7 0 1 0 1 0 0 0 1 0 2 0 3 0 8 0 4 0 8 0 3 0 0 0 0 0 8 0 6 0 0 0 4 0 7 0 6 0 6 0 0 0 3 0 5 0 6 0 7 1 0
1 236 1 0 0 2 0 0 0 6 0 5 0 8 0 1 0 4 1 0 0 5 0 7 0 0 0 6 0 3 0 2 0 5 0 7 0 4 0 8 0 8 0 3 0 3 0 7 1 0 0 8 0 6 1 0 0 4 0 2 0 3 0 7 0 5 0 3 0 4 0 4 0 5 0 4 1 0 0 6 0 0 0 4 0 4 0 1 0 6 0 0 0 8 0 0 0 7 0 6 0 1 0 2 1 0 0 7 0 1 0 0 1 0 0 0 0 5 0 6 0 5 0 8 0 5 0 4 0 5 0 1 0 5 0 3 0 7 0 7 0 5 0 0 0 3 0 3 0 6 0 5 0 2 0 6 0 8 0 1 0 0 0 8 0 2 0 6 0 8 0 1 1 0 0 0 0 2 0 8 0 0 0 2 0 5 0 5 0 3 0 2 0 0 0 2 0 4 0 7 0 7 0 0 0 7 0 7 0 0 0 1 0 7 0 3 0 1 1 0 0 6 0 4 0 3 0 1 0 7 0 1 0 4 0 6 1 0
1 237 1 0 8 0 3 0 1 0 3 0 2 0 7 0 4 0 0 0 0 0 1 0 5 0 2 0 2 0 7 0 5 0 1 0 6 0 0 0 8 0 7 0 7 0 7 0 6 0 0 0 7 0 4 1 0 0 8 0 4 0 7 0 5 0 1 0 7 1 0 0 0 0 2 0 1 0 0 0 2 0 1 0 8 0 8 0 3 0 2 0 2 0 6 0 2 0 5 0 3 0 3 0 5 1 0 0 4 0 3 0 1 0 8 0 0 0 1 0 4 0 2 0 8 0 2 0 0 0 1 0 4 0 0 0 8 0 5 0 6 0 1 0 1 0 6 0 7 0 3 0 1 0 6 0 3 0 7 0 3 0 1 0 6 0 6 0 3 0 7 0 4 0 7 1 0 0 5 0 6 0 1 0 5 0 1 0 1 0 7 0 4 0 0 0 4 1 0 0 6 0 5 0 2 0 5 0 5 0 1 0 3 0 4 0 7 0 3 1 0 0 2 1 0 0 7 0 3 0 4 0 3 1 0 0 4 1 0
1 237 3 0 6 0 7 0 2 0 6 0 5 0 4 1 0 0 1 0 0 0 3 0 0 0 5 0 5 0 5 0 1 0 4 0 2 0 2 0 7 0 6 0 6 0 6 0 3 0 2 0 5 0 1 0 0 0 7 0 0 0 6 0 1 0 4 0 5 1 0 0 0 0 4 0 2 0 0 0 4 0 3 0 7 0 7 0 7 0 4 0 5 0 2 0 6 0 0 0 7 0 7 0 1 1 0 0 8 0 6 0 3 0 6 0 1 0 2 0 8 0 5 0 6 0 5 0 0 0 2 0 8 0 1 0 7 0 2 0 3 0 3 0 3 0 3 0 5 0 7 0 3 0 2 0 8 0 4 0 7 0 3 0 3 0 3 0 8 0 5 0 0 0 7 0 0 0 1 0 3 0 4 0 0 0 3 0 3 0 4 1 0 0 2 0 0 0 0 0 3 0 1 0 6 0 1 0 1 0 3 0 6 1 0 0 5 0 8 0 8 0 4 1 0 0 4 0 7 0 8 0 7 0 8 0 8 0 7
1 237 7 0 3 0 5 0 6 0 3 0 2 0 0 1 0 0 2 0 0 0 6 0 1 0 1 0 2 0 1 0 3 0 8 0 4 0 5 0 5 0 4 0 4 0 3 0 7 0 5 0 0 0 3 0 1 0 4 0 2 0 2 0 3 1 0 0 2 1 0 0 0 0 8 0 4 0 0 0 8 0 7 0 5 0 6 0 6 0 0 0 1 0 6 0 2 0 2 0 5 0 5 0 4 1 0 0 7 0 3 0 8 0 2 0 3 0 5 0 7 0 2 0 4 0 1 0 1 0 5 0 6 0 4 0 4 0 5 0 6 0 6 0 6 0 7 0 1 0 5 0 7 0 5 0 7 0 0 0 5 0 7 0 6 0 7 0 7 0 1 0 2 0 4 0 1 0 2 0 6 0 8 0 0 0 6 0 6 1 0 1 0 0 4 0 0 0 0 0 6 0 3 0 2 0 3 0 2 0 7 0 4 0 0 0 1 0 8 0 8 0 0 1 0 1 0 0 6 0 8 0 6 0 8 0 8 0 6
1 239 1 0 4 0 8 0 1 0 3 0 7 0 4 0 1 0 8 0 3 0 1 0 2 0 3 0 2 0 4 0 2 0 7 0 7 0 0 0 2 0 1 1 0 1 0 0 8 0 5 0 1 0 1 0 6 0 2 0 8 0 4 0 4 0 7 0 8 0 4 0 8 0 0 0 6 1 0 0 2 0 7 0 6 0 2 0 4 0 3 0 1 0 3 0 2 0 5 0 5 0 1 0 2 0 1 0 0 0 4 0 8 0 6 0 5 0 7 0 1 0 5 0 5 0 8 0 2 0 3 0 1 0 4 0 0 0 0 0 2 0 4 0 4 0 4 0 5 0 4 0 1 0 6 0 2 0 5 0 2 0 1 0 6 0 4 0 6 0 5 0 3 0 4 0 8 0 2 0 5 0 3 0 7 0 2 0 3 0 5 0 0 0 8 0 7 0 0 0 1 0 2 0 7 0 4 0 6 0 5 0 4 1 0 0 1 0 3 0 7 0 7 0 2 1 0 1 0 0 3 0 8 0 4 0 8 0 8 0 4
0 239 2 1 0 0 7 0 3 0 7 0 4 1 0 0 4 0 6 0 7 0 2 0 4 0 6 0 4 0 8 0 5 0 5 0 5 0 1 0 4 0 3 1 0 1 0 0 7 0 1 0 3 0 3 0 2 0 6 0 7 0 0 0 0 0 6 0 8 0 0 0 7 0 2 0 3 1 0 0 5 0 5 0 3 0 5 0 8 0 6 0 2 0 6 0 5 0 1 0 1 0 3 0 4 0 2 0 0 1 0 0 8 0 4 0 2 0 5 0 4 0 1 0 2 0 7 0 5 0 6 0 2 0 8 0 0 0 0 0 4 1 0 0 0 0 0 0 1 1 0 0 4 0 2 0 6 0 0 0 5 0 3 0 3 0 0 0 4 0 1 0 7 1 0 0 7 0 6 0 0 0 8 0 4 0 5 0 7 0 0 0 2 0 7 0 5 0 1 0 2 0 5 0 5 0 0 0 4 0 2 0 0 1 0 0 2 0 7 0 5 0 5 0 6 1 0 0 8 0 6 0 7 0 0 0 8 0 8 0 0
0 239 5 1 0 0 4 0 8 0 5 0 0 1 0 1 0 0 4 0 5 0 5 1 0 0 4 0 0 0 8 0 2 0 2 0 1 0 3 0 8 0 7 1 0 1 0 0 4 0 3 0 6 0 6 0 5 0 3 0 5 0 1 0 1 0 3 0 7 0 2 0 4 0 5 0 7 1 0 0 1 0 1 0 8 0 1 0 8 0 3 0 6 0 3 0 1 0 3 0 2 0 6 0 8 0 4 0 1 1 0 0 6 1 0 0 6 0 0 1 0 0 3 0 5 0 5 0 2 0 3 0 6 0 6 0 1 0 0 1 0 1 0 0 0 0 0 0 3 0 8 0 7 0 5 0 2 0 2 0 0 0 7 0 6 0 0 0 8 0 3 0 6 0 0 0 5 0 3 0 2 0 7 0 0 0 2 0 5 0 1 0 5 0 5 0 1 0 3 0 5 0 1 0 1 0 1 0 8 0 4 0 1 0 8 0 4 0 5 0 2 0 2 0 5 0 0 0 7 0 4 0 5 0 2 0 7 0 7 0 1
0 241 1 0 1 1 0 1 0 0 8 0 1 0 2 1 0 0 8 0 8 0 1 0 2 1 0 0 8 0 1 0 6 0 5 0 4 0 2 0 7 0 7 0 7 0 0 0 8 0 7 0 7 0 3 0 4 0 1 0 8 0 0 0 3 0 2 0 7 0 4 0 5 1 0 0 2 0 6 1 0 0 2 0 3 0 6 0 4 0 6 0 8 0 2 0 7 0 2 0 6 0 5 0 3 0 7 1 0 0 4 1 0 0 4 0 0 0 2 0 2 0 8 0 6 0 1 0 1 0 5 0 7 0 3 0 3 0 3 0 1 1 0 0 7 1 0 0 0 0 7 0 7 0 6 0 1 0 5 0 4 0 1 0 5 0 3 0 2 0 6 0 8 0 2 0 2 0 0 0 7 0 5 0 4 0 1 0 5 0 0 0 4 0 1 0 1 0 3 0 7 0 0 0 3 0 2 0 3 0 6 1 0 0 4 0 7 0 0 0 1 0 5 0 5 0 0 0 2 0 5 0 0 0 1 0 6 0 5 0 5 0 3
1 241 2 0 3 1 0 1 0 0 6 0 3 0 5 1 0 0 7 0 7 0 3 0 5 1 0 0 6 0 4 0 3 0 1 1 0 0 6 0 5 0 6 0 5 0 2 0 7 0 6 0 5 0 7 0 8 0 3 0 6 0 1 0 6 0 5 0 5 0 0 0 2 1 0 0 5 0 3 1 0 0 4 0 7 0 3 0 0 0 4 0 7 0 6 0 4 0 6 0 3 0 1 0 8 0 5 1 0 1 0 1 0 0 8 0 0 0 4 0 5 0 7 0 3 0 3 0 3 0 1 0 5 0 7 0 6 0 6 0 3 1 0 0 5 1 0 0 1 0 5 0 6 0 3 0 4 0 0 1 0 0 4 0 0 0 7 0 5 0 3 0 7 0 5 0 4 0 1 0 5 0 1 1 0 0 4 0 0 0 1 0 8 0 2 0 2 0 7 0 4 0 1 0 6 0 4 0 7 0 3 1 0 1 0 0 5 0 1 0 3 0 1 0 1 0 1 0 5 0 0 0 1 0 3 0 3 0 2 0 1 0 7
1 241 4 0 7 1 0 1 0 0 2 0 8 0 2 0 0 0 5 0 5 0 8 0 2 0 0 0 2 1 0 0 7 0 3 1 0 0 3 0 2 0 4 0 1 0 6 0 5 0 4 0 2 0 6 0 7 0 8 0 2 0 4 0 3 0 2 0 1 0 1 0 5 1 0 0 0 0 8 0 8 0 8 0 4 0 7 0 0 1 0 0 6 0 4 0 0 0 3 0 7 0 3 0 7 0 3 0 0 1 0 1 0 0 6 0 1 1 0 0 2 0 5 0 7 0 6 0 6 0 3 0 1 0 6 0 4 0 3 1 0 0 0 0 1 1 0 0 3 0 1 0 3 0 7 0 8 0 1 0 8 0 7 0 1 0 5 0 1 0 8 0 5 0 1 1 0 0 4 0 0 0 4 0 8 0 7 0 0 0 3 0 6 0 5 0 5 0 4 1 0 0 4 0 3 0 0 0 5 1 0 0 0 1 0 0 0 0 3 0 6 0 2 0 2 0 3 0 0 0 1 0 2 0 6 0 6 0 4 0 3 0 5
0 242 1 0 0 7 0 0 0 8 0 4 0 6 0 5 0 1 0 1 0 2 0 7 0 5 0 0 0 5 1 0 0 4 0 8 0 8 0 5 0 4 0 8 0 3 0 3 0 1 1 0 0 6 0 3 0 6 0 7 0 5 0 8 0 6 0 4 0 2 0 3 0 1 1 0 0 1 0 7 0 8 0 8 0 0 0 5 0 2 1 0 0 2 1 0 0 1 0 7 0 4 0 8 0 4 0 7 0 1 1 0 1 0 0 2 0 4 0 8 0 4 0 1 0 6 0 4 0 3 0 7 0 3 0 2 1 0 0 8 0 7 1 0 0 3 0 8 0 5 0 2 0 7 0 5 0 7 0 4 0 7 0 5 0 4 0 0 0 4 0 7 0 1 0 4 0 8 0 7 0 0 1 0 0 8 0 5 0 1 0 7 0 3 0 2 0 2 0 0 1 0 0 8 0 6 0 1 0 1 1 0 0 1 0 7 1 0 0 7 0 2 0 5 0 4 0 6 0 0 0 2 0 5 0 3 0 3 1 0 0 8 0 1
0 243 1 1 0 0 4 0 2 0 7 0 0 0 4 0 1 0 3 0 2 0 5 0 5 0 1 0 2 0 1 1 0 1 0 0 8 0 8 0 2 0 0 0 7 0 7 0 6 0 3 1 0 0 2 0 8 0 3 0 6 0 2 0 8 0 3 1 0 0 5 0 6 0 3 0 8 0 2 0 5 0 8 0 7 0 2 0 0 0 6 0 8 0 4 0 8 0 2 0 5 0 0 0 8 0 0 0 5 0 4 1 0 0 8 0 3 1 0 0 7 1 0 0 4 0 2 1 0 0 8 0 4 0 7 0 5 1 0 0 7 0 6 1 0 0 7 0 7 0 1 0 6 0 5 0 2 0 6 0 0 0 6 0 1 1 0 0 1 1 0 0 5 0 3 1 0 0 8 0 5 0 2 1 0 0 7 0 1 0 4 0 4 0 7 0 4 0 4 0 1 1 0 0 7 0 3 0 3 0 3 0 8 0 2 0 6 0 0 0 4 0 6 0 1 0 0 0 3 0 1 0 5 0 0 0 7 0 7 1 0 0 6 0 3
1 243 3 0 8 0 7 0 5 0 4 0 1 0 8 0 2 0 6 0 5 0 1 0 1 0 3 0 4 0 3 1 0 1 0 0 7 0 7 0 5 0 1 0 5 0 6 0 3 0 8 0 8 0 4 0 6 0 8 0 2 0 6 0 6 1 0 0 0 0 1 0 3 0 8 0 6 0 6 0 1 0 8 0 5 0 5 0 1 0 3 0 8 0 0 0 7 0 6 0 0 0 2 0 6 0 2 0 1 0 1 0 0 0 6 1 0 0 0 0 5 1 0 0 8 0 5 1 0 0 7 0 0 0 6 0 3 0 0 0 5 0 5 0 0 0 5 0 5 0 4 0 3 0 1 0 6 0 2 0 2 0 2 0 4 0 8 0 2 1 0 0 0 1 0 0 0 0 7 0 1 0 6 1 0 0 4 0 3 1 0 0 0 0 5 1 0 1 0 0 4 1 0 0 4 0 7 0 6 0 7 0 6 0 6 0 2 0 1 1 0 0 3 0 3 0 0 0 6 0 3 0 0 0 2 0 5 0 7 0 0 0 2 0 7
1 243 7 0 7 0 6 0 1 1 0 0 4 0 6 0 6 0 3 0 1 0 3 0 2 0 6 0 8 0 7 1 0 1 0 0 5 0 6 0 1 0 4 0 1 0 3 0 8 0 7 0 8 0 0 0 4 0 7 0 6 0 3 0 4 1 0 0 0 0 2 0 7 0 7 0 4 0 3 0 4 0 7 0 2 0 1 0 3 0 7 0 6 0 2 0 5 0 3 0 1 0 5 0 2 0 5 0 2 0 2 0 1 0 3 1 0 0 1 0 2 0 0 0 7 0 3 0 0 0 4 0 2 0 2 0 7 0 1 0 1 0 1 0 2 0 1 0 1 1 0 0 7 0 3 0 2 0 5 0 4 0 4 1 0 0 7 0 6 0 8 0 0 0 8 0 0 0 4 0 4 0 3 1 0 0 8 0 7 0 8 0 0 0 2 0 0 0 8 0 8 0 8 0 8 0 5 0 4 0 6 0 4 0 3 0 5 0 3 0 8 0 5 0 6 0 1 0 2 0 7 0 0 0 5 0 1 0 5 0 1 0 5 0 5
0 245 1 0 5 0 6 0 3 0 4 0 8 0 8 0 3 0 3 0 7 0 2 0 6 0 5 0 3 0 8 0 7 0 0 1 0 0 1 0 3 0 3 0 8 0 2 0 7 0 7 0 6 0 7 0 1 1 0 0 6 0 3 0 7 1 0 1 0 0 0 0 5 0 5 0 5 1 0 0 7 1 0 0 5 0 5 0 2 0 7 0 5 0 3 0 6 0 0 0 7 0 3 0 0 0 6 0 0 0 5 0 4 0 2 0 7 0 8 0 1 0 4 0 1 0 4 0 7 0 0 0 8 0 4 0 5 0 4 0 3 0 2 0 2 0 4 0 2 0 3 1 0 0 4 0 7 0 5 0 1 0 0 0 1 0 0 0 5 0 4 0 7 0 2 0 6 0 1 0 8 0 8 0 7 1 0 0 7 0 6 0 7 0 1 0 4 0 1 0 7 0 8 0 8 0 8 0 2 0 0 0 3 1 0 0 8 0 0 0 8 0 7 0 2 0 3 0 3 0 5 0 4 0 2 0 0 0 4 0 0 0 4 0 1 0 2
0 245 3 0 1 0 3 0 7 1 0 0 8 0 7 0 7 0 7 0 4 0 6 0 3 0 1 0 8 0 7 0 5 0 2 0 8 0 1 0 6 0 7 0 6 0 6 0 5 0 6 0 4 0 5 0 4 1 0 0 2 0 8 0 6 0 0 0 8 0 0 0 1 0 2 0 3 0 0 0 6 0 0 0 1 0 1 0 6 0 5 0 1 0 8 0 2 0 2 0 4 0 7 0 1 0 2 0 2 0 0 1 0 0 6 0 5 0 7 0 3 0 8 0 2 1 0 0 5 0 2 0 7 0 0 0 1 1 0 0 7 0 4 0 4 0 8 0 4 0 7 0 8 0 8 0 5 0 1 0 3 0 0 0 2 0 1 0 1 0 0 0 5 0 6 0 2 0 4 0 7 0 8 0 7 0 0 0 5 0 4 0 5 0 3 0 8 0 3 0 5 0 8 0 8 0 7 0 5 0 0 0 7 1 0 0 6 0 2 0 7 0 5 0 5 0 6 0 7 0 0 1 0 0 5 0 0 0 8 0 0 0 8 0 2 0 4
1 245 6 0 2 0 7 0 6 0 0 0 7 0 6 0 6 0 6 0 0 0 3 0 7 0 3 0 7 0 6 0 1 0 6 0 6 0 4 0 3 0 6 0 4 0 4 0 2 0 4 0 0 0 2 0 0 1 0 0 5 0 7 0 3 0 2 0 6 0 1 0 2 0 4 0 6 0 1 0 2 0 1 0 2 0 3 0 3 0 1 0 4 0 6 0 5 0 4 1 0 0 5 0 3 0 4 0 4 0 1 1 0 0 3 0 2 0 5 0 8 0 6 0 6 1 0 0 0 0 6 0 4 0 1 0 3 1 0 0 5 0 0 0 0 0 8 0 0 0 6 0 8 0 8 0 1 0 3 0 6 0 0 0 4 0 2 0 2 0 1 0 1 0 3 0 5 1 0 0 6 0 8 0 5 0 2 0 1 0 0 0 1 0 8 0 6 0 8 0 1 0 8 0 8 0 6 0 1 0 2 0 6 0 0 0 2 0 6 0 5 0 2 0 2 0 4 0 5 0 2 1 0 0 0 0 2 0 6 0 2 0 6 0 5 1 0
1 247 1 0 2 0 6 0 5 0 3 0 2 0 5 0 4 0 4 0 3 0 1 0 7 0 4 0 8 0 5 0 3 0 4 0 3 0 3 1 0 0 8 0 2 1 0 1 0 0 5 0 8 0 0 0 4 0 1 1 0 0 1 0 5 0 7 0 5 0 2 0 3 0 4 1 0 0 3 0 3 0 4 0 2 0 4 0 6 0 6 0 2 1 0 0 4 0 2 0 1 0 0 0 0 0 7 0 8 0 8 0 3 0 8 0 5 0 5 0 1 0 8 0 4 0 4 1 0 0 1 0 2 1 0 0 3 0 7 1 0 0 0 0 1 0 1 0 6 0 2 0 3 0 8 0 7 0 3 0 7 0 2 0 1 0 8 0 4 0 4 0 2 0 2 0 7 0 2 0 0 0 3 0 8 0 1 0 5 0 2 0 0 0 3 0 7 0 4 0 7 0 4 0 7 0 8 0 3 0 3 0 5 0 2 0 1 0 5 0 3 0 1 0 5 0 4 1 0 0 1 0 6 0 7 1 0 0 5 0 2 0 6 0 3 0 2 1 0
1 247 2 0 5 0 3 0 1 0 7 0 5 0 0 1 0 1 0 0 7 0 3 0 5 0 0 0 8 0 1 0 7 0 8 0 6 0 7 1 0 0 6 0 6 1 0 1 0 0 1 0 7 0 1 0 8 0 3 0 8 0 2 0 1 0 6 0 1 0 5 0 6 1 0 1 0 0 6 0 6 0 8 0 4 1 0 0 4 0 3 0 6 0 8 0 7 0 4 0 2 0 0 0 1 0 5 0 8 0 7 0 8 0 7 0 2 0 1 0 4 0 7 0 0 0 0 1 0 0 2 0 5 0 8 0 6 0 5 1 0 0 0 0 2 0 3 0 2 0 5 0 7 0 7 0 5 0 8 0 4 0 5 0 3 0 6 1 0 1 0 0 5 0 5 0 4 0 5 0 0 0 7 0 6 0 4 0 0 0 5 0 0 0 7 0 5 0 0 0 6 0 0 0 6 0 7 0 7 0 7 0 0 0 5 0 3 0 0 0 7 0 3 0 1 0 0 1 0 0 3 0 3 0 7 0 0 0 0 0 6 0 2 0 7 0 5 0 7
1 247 5 0 0 0 7 0 3 0 5 0 1 0 2 1 0 1 0 0 4 0 8 0 0 0 2 0 6 0 4 0 5 0 8 0 4 0 7 0 0 0 3 0 5 0 0 0 8 0 2 0 4 0 4 0 6 0 8 0 6 0 5 0 3 0 2 0 4 0 1 0 5 0 0 1 0 0 3 0 4 0 8 0 0 1 0 0 8 0 7 0 3 0 8 0 5 1 0 0 5 0 0 0 3 0 1 0 8 0 6 0 8 0 5 0 5 0 2 1 0 0 5 0 1 0 1 0 8 0 4 0 1 0 8 0 4 0 2 1 0 0 0 0 4 0 6 0 5 0 1 0 6 0 6 0 2 0 8 0 0 0 1 0 8 0 4 0 0 1 0 0 1 0 2 0 0 0 1 0 2 0 5 0 3 1 0 0 2 0 0 0 2 0 5 0 1 0 2 0 2 0 2 0 3 0 6 0 6 0 5 0 2 0 0 0 7 0 1 0 4 0 7 0 2 0 1 0 8 0 5 0 7 0 4 0 1 0 1 0 2 0 6 0 5 0 2 0 6
0 249 1 0 0 0 2 0 4 0 8 0 0 0 3 0 5 1 0 0 8 0 8 0 6 0 1 0 5 0 3 0 0 0 2 0 8 0 0 0 5 0 1 0 7 0 0 0 2 0 6 0 5 1 0 0 0 0 4 0 8 0 4 0 1 0 7 0 4 0 8 0 3 0 0 0 2 0 8 0 5 1 0 0 7 0 2 1 0 0 7 0 5 0 8 0 7 0 3 0 0 0 0 0 1 0 6 0 3 0 7 0 4 0 8 0 2 0 1 0 6 1 0 0 0 0 3 0 3 0 6 1 0 0 4 0 6 1 0 0 6 0 7 1 0 1 0 0 4 0 1 0 4 0 3 0 3 0 6 0 6 0 1 0 3 0 6 1 0 0 2 0 8 0 1 0 4 0 0 0 2 0 5 0 0 0 8 0 8 0 3 0 0 0 5 0 0 0 3 0 4 0 4 0 4 0 7 0 3 0 4 0 1 0 5 0 1 0 4 0 3 1 0 0 5 0 5 0 3 0 7 0 2 0 5 1 0 0 3 0 2 0 5 0 3 0 1 0 6 0 3
1 249 2 0 0 0 4 1 0 0 7 0 1 0 7 0 2 0 0 0 7 0 8 0 3 0 4 0 0 0 7 0 0 0 5 0 6 0 2 0 0 0 4 0 4 0 1 0 5 0 3 0 2 1 0 0 0 1 0 0 7 1 0 0 4 0 5 0 0 0 7 0 7 0 0 0 5 0 7 0 3 0 0 0 4 0 6 1 0 0 5 0 2 0 8 0 5 0 7 0 0 0 0 0 3 0 2 0 8 0 5 0 0 0 7 0 5 0 3 0 3 1 0 0 0 0 6 0 7 0 3 1 0 1 0 0 5 0 0 0 3 0 7 0 0 0 8 0 7 0 2 0 8 0 6 0 7 0 3 0 3 0 3 0 7 0 3 1 0 0 5 0 6 0 3 0 8 0 0 0 5 0 0 0 2 0 7 0 7 0 7 0 1 0 0 0 1 0 6 1 0 0 0 0 0 0 5 0 7 0 8 0 3 0 0 0 3 0 8 0 7 1 0 0 1 0 1 0 8 0 4 0 6 0 1 1 0 0 6 0 5 0 0 0 7 0 3 0 2 0 7
1 249 4 0 1 0 0 0 0 0 4 0 4 0 4 0 5 0 1 0 5 0 7 0 7 0 8 0 1 0 4 0 2 0 1 0 3 0 5 0 0 0 8 0 8 0 3 0 0 0 7 0 5 0 8 0 0 1 0 0 5 1 0 1 0 0 1 0 2 0 5 0 5 0 2 0 1 0 5 0 7 0 0 1 0 0 5 0 0 0 0 0 6 0 7 0 2 0 5 0 1 0 0 0 6 0 5 0 7 0 1 0 2 0 5 0 1 0 7 0 7 0 8 0 0 0 3 0 5 1 0 0 0 1 0 0 0 0 1 0 7 0 4 0 2 0 7 0 5 0 6 0 7 0 4 0 5 0 7 0 6 0 7 0 4 1 0 0 0 0 1 0 3 0 8 0 6 0 2 0 0 0 1 0 5 0 5 0 6 0 5 0 3 0 0 0 3 0 3 1 0 0 0 0 1 0 1 0 6 0 7 0 7 0 0 0 7 0 7 0 6 1 0 0 2 0 3 0 7 0 0 0 3 0 4 1 0 0 3 0 1 0 2 0 4 0 7 0 5 0 5
0 249 8 0 2 0 0 0 0 1 0 0 0 0 0 0 1 0 4 0 1 0 6 0 6 0 7 0 3 0 8 0 4 0 2 0 7 0 0 0 2 0 7 0 7 0 7 0 1 0 5 0 2 0 7 0 2 1 0 0 2 0 0 0 8 0 1 0 5 0 1 0 1 0 5 0 3 0 1 0 5 0 2 1 0 0 0 0 1 0 1 0 3 0 5 0 6 0 0 0 3 0 1 0 3 0 2 0 5 0 3 0 5 0 0 0 4 0 5 0 6 0 7 0 1 0 7 0 1 1 0 0 1 0 7 1 0 0 3 0 4 1 0 0 6 0 5 0 2 0 4 0 6 0 0 0 2 0 6 0 4 0 6 0 0 1 0 0 0 0 2 0 7 0 7 0 3 0 5 0 0 0 3 0 1 0 2 0 4 0 1 0 7 0 0 0 6 0 7 0 7 1 0 0 2 0 3 0 3 0 6 0 5 0 2 0 5 0 6 0 4 1 0 0 4 0 7 0 4 0 1 0 6 1 0 1 0 0 6 0 2 0 4 1 0 0 6 0 2 0 2
1 251 1 0 6 0 5 0 0 0 1 0 7 1 0 0 0 0 2 0 8 0 3 0 3 0 4 0 5 0 8 0 6 1 0 0 6 0 4 0 1 0 5 0 5 0 6 0 5 0 4 0 0 0 6 0 4 0 6 0 8 0 3 0 1 0 6 0 4 0 0 0 3 0 3 0 0 0 7 0 3 0 0 0 6 0 7 1 0 0 2 0 2 0 7 0 1 0 3 0 1 0 6 0 2 0 6 0 5 0 0 0 8 0 0 0 1 1 0 0 2 0 4 0 5 0 4 0 4 0 4 0 8 0 2 0 5 1 0 0 7 0 0 0 0 0 3 0 1 0 5 1 0 0 3 0 1 0 5 0 3 0 0 0 3 0 2 0 7 1 0 0 5 0 5 0 5 0 8 0 0 0 1 0 6 0 2 0 4 0 8 0 3 0 4 0 2 0 3 0 6 0 6 1 0 0 4 0 6 0 7 0 3 0 1 0 6 0 1 0 4 0 0 1 0 1 0 0 5 1 0 0 4 0 4 0 0 1 0 0 2 0 6 0 0 0 0 0 2 0 5 0 4
0 251 3 0 3 0 1 0 1 0 3 0 5 1 0 0 0 0 5 0 6 0 7 0 6 1 0 0 2 0 8 0 5 0 0 0 2 1 0 0 4 0 1 0 2 0 4 0 1 1 0 0 2 0 3 0 0 0 4 0 7 0 7 0 3 0 2 1 0 0 1 0 6 0 6 0 1 0 4 0 7 0 1 0 3 0 6 1 0 0 4 0 5 0 4 0 3 0 6 0 3 0 2 0 6 0 3 0 1 0 2 0 6 0 1 0 3 0 8 0 3 1 0 0 2 0 0 0 0 0 0 0 7 0 6 0 2 0 0 0 4 0 1 0 0 0 6 0 3 0 1 1 0 0 6 0 3 0 0 0 7 0 0 0 6 0 5 0 6 0 0 0 1 0 2 0 2 0 7 0 1 0 3 0 2 0 5 1 0 0 7 0 7 0 8 0 4 0 7 0 3 0 4 1 0 1 0 0 4 0 5 0 7 0 3 0 2 0 3 0 8 0 1 1 0 1 0 0 1 1 0 0 8 0 8 0 1 0 8 0 4 0 2 0 1 0 0 0 5 0 1 0 0
0 251 6 0 6 0 2 0 2 0 7 0 1 1 0 0 1 0 1 0 4 0 6 0 4 1 0 0 5 0 7 0 1 0 1 0 5 0 8 0 7 0 2 0 4 0 8 0 3 0 8 0 3 0 6 0 0 1 0 0 6 0 5 0 7 0 5 0 8 0 2 0 3 0 3 0 3 1 0 0 5 0 3 0 7 0 3 1 0 1 0 0 1 1 0 0 8 0 2 0 7 0 5 0 2 0 7 0 2 0 5 0 2 0 3 0 7 0 6 0 8 0 8 0 3 0 0 0 0 0 1 0 5 0 3 0 5 0 0 0 8 0 2 0 1 0 2 0 7 0 3 1 0 0 2 0 7 0 1 0 4 0 2 0 3 0 2 0 3 0 1 0 2 0 4 0 5 0 4 0 3 0 6 0 5 0 2 0 0 0 5 0 6 0 8 0 0 0 5 0 8 0 0 0 0 0 8 0 8 0 1 0 5 0 7 0 4 0 7 0 6 0 4 1 0 0 8 0 2 1 0 0 7 0 7 0 4 0 6 1 0 0 5 0 2 0 1 0 0 0 3 0 0
0 253 1 0 3 0 3 0 5 0 5 0 4 0 4 0 8 0 1 0 2 1 0 0 4 0 1 0 0 0 1 0 5 0 3 0 3 0 1 0 8 0 5 0 5 1 0 0 7 0 8 0 6 0 8 0 2 0 2 1 0 0 3 0 2 0 6 0 2 0 7 0 5 0 6 0 6 0 7 1 0 0 0 0 8 0 4 1 0 0 0 0 8 0 2 1 0 0 6 0 6 0 5 0 1 0 6 0 4 0 6 0 0 0 5 0 7 0 5 0 4 0 8 0 7 0 7 0 0 0 0 0 3 0 0 0 8 0 0 0 2 0 6 0 5 0 2 0 5 0 4 0 8 0 8 0 4 0 4 0 3 0 8 0 4 0 6 0 4 0 6 0 2 0 4 1 0 0 1 1 0 0 8 0 3 0 1 0 5 0 1 0 1 0 4 0 7 0 2 0 1 0 7 0 1 0 1 0 7 0 7 0 4 0 1 0 6 0 0 0 6 0 4 0 1 0 0 0 6 0 6 1 0 0 5 0 6 0 0 0 5 0 0 0 0 0 5 0 2 0 0 0 6 0 0
0 253 2 0 6 0 7 0 1 0 2 0 0 0 0 0 7 0 3 0 5 0 8 0 7 0 2 0 0 0 3 0 0 0 7 0 6 0 3 0 7 0 2 0 3 0 0 0 5 0 8 0 4 0 7 0 5 0 5 0 8 0 5 0 5 0 2 0 6 0 5 0 2 0 4 0 4 0 6 1 0 0 1 0 7 0 0 1 0 0 1 0 6 0 6 1 0 0 3 0 4 0 1 0 4 0 3 0 0 0 3 0 2 0 1 0 6 0 2 0 0 0 8 0 6 0 5 0 1 0 0 0 6 0 1 0 6 0 1 0 5 0 3 0 1 0 6 0 1 0 0 0 8 0 7 1 0 1 0 0 8 0 7 0 0 0 4 0 0 0 3 0 5 1 0 1 0 0 3 1 0 0 6 0 7 0 3 0 0 0 3 0 2 1 0 0 5 0 5 0 3 0 4 0 3 0 3 0 5 0 5 1 0 0 4 0 2 0 2 0 2 1 0 0 3 0 1 0 3 0 5 0 0 0 1 0 3 0 2 0 0 0 1 0 1 0 0 0 5 0 1 0 2 0 1
0 253 5 0 3 0 5 0 3 0 4 0 0 0 1 0 4 0 8 0 1 0 8 0 5 0 5 0 0 0 6 0 1 0 5 0 3 0 8 0 4 0 5 0 6 0 1 0 1 0 8 0 0 0 6 0 2 0 2 0 8 0 2 0 1 0 6 0 3 0 1 0 5 1 0 0 0 0 4 1 0 0 3 0 4 0 2 0 8 0 2 0 3 0 4 1 0 0 6 0 8 0 2 0 8 0 6 0 0 0 6 0 4 0 3 0 2 0 5 0 1 0 7 0 4 0 1 0 3 0 1 0 2 0 4 0 2 0 4 0 0 0 7 0 3 0 2 0 3 0 1 0 7 0 7 0 0 1 0 0 7 0 5 0 1 0 8 0 0 0 7 0 2 0 0 0 8 0 6 1 0 0 3 0 5 0 7 0 0 0 6 0 5 1 0 0 1 0 1 0 7 0 8 0 6 0 7 0 1 0 2 1 0 0 8 0 4 0 4 0 5 0 8 0 5 0 2 0 7 0 0 0 1 0 2 0 6 0 4 0 0 0 2 0 2 0 1 0 0 0 3 0 4 0 2
1 255 1 0 0 0 8 0 0 0 7 0 8 0 0 0 2 1 0 0 7 0 4 0 7 0 2 0 1 0 2 0 2 0 4 0 0 0 8 0 7 0 0 0 2 0 3 0 3 0 3 0 6 0 2 0 2 0 5 0 5 0 6 0 5 0 3 0 2 0 7 0 3 0 1 1 0 0 0 1 0 1 0 0 6 0 8 0 5 0 6 0 5 0 7 0 0 0 0 0 3 0 7 0 6 0 7 0 3 0 2 0 2 1 0 0 7 0 5 0 0 0 4 0 4 1 0 0 3 0 6 0 2 0 4 0 8 0 4 0 8 0 1 0 4 0 7 0 4 0 6 0 3 0 5 0 5 0 2 1 0 0 5 0 1 0 4 0 6 0 2 0 4 0 5 0 1 0 7 0 4 1 0 0 7 0 1 0 5 0 2 0 3 0 2 1 0 0 2 0 3 0 5 0 8 0 4 0 5 0 3 0 5 1 0 0 7 0 0 0 0 0 2 0 8 0 1 0 6 0 4 0 1 0 2 0 5 0 2 1 0 0 1 0 4 0 4 0 2 0 0 0 6 0 8 0 4
0 255 2 0 1 0 6 0 2 0 5 0 7 0 1 0 5 1 0 0 5 0 0 0 5 0 5 0 2 0 4 0 4 0 8 0 1 0 7 0 5 0 1 0 4 0 6 0 6 0 7 0 2 0 5 0 5 0 1 0 2 0 4 0 1 0 7 0 5 0 4 0 7 0 3 0 8 0 0 1 0 1 0 0 3 0 8 0 2 0 4 0 2 0 5 0 1 0 0 0 7 0 5 0 4 0 5 0 7 0 4 0 5 1 0 0 5 0 1 0 1 1 0 0 0 1 0 0 7 0 2 0 5 1 0 0 8 0 0 0 7 0 3 1 0 0 6 0 0 0 3 0 8 0 1 0 1 0 6 1 0 0 0 0 3 1 0 0 3 0 5 1 0 0 1 0 4 0 5 0 1 0 0 0 4 0 4 0 0 0 5 0 6 0 5 0 8 0 3 0 7 0 1 0 8 0 0 0 1 0 8 0 2 0 0 0 4 0 1 0 0 0 5 0 6 0 4 0 2 1 0 0 3 0 5 0 0 0 6 0 8 0 1 0 8 0 8 0 4 0 1 0 3 0 8 0 0
0 255 4 0 3 0 2 0 6 0 1 0 5 0 4 0 2 0 0 0 0 0 2 0 1 0 1 0 5 1 0 0 0 0 7 0 4 0 5 0 1 0 3 1 0 0 4 0 4 0 5 0 6 0 1 0 1 0 3 0 4 0 8 0 3 0 5 0 2 0 0 0 5 0 8 0 6 0 2 1 0 0 8 0 6 0 6 0 5 0 8 0 5 0 0 0 3 0 1 0 5 0 2 0 0 0 2 0 6 0 0 0 3 0 0 0 0 0 3 0 3 0 8 0 0 1 0 0 4 0 6 0 2 0 0 0 6 0 2 0 4 1 0 0 0 0 2 0 1 0 7 0 6 0 3 0 3 0 3 1 0 0 0 0 7 0 8 0 6 0 1 1 0 0 2 1 0 0 1 0 3 0 0 0 8 0 8 0 1 0 1 0 4 0 2 0 7 0 8 0 4 0 4 0 6 0 1 0 3 0 6 0 5 0 0 0 8 0 2 0 1 0 1 0 3 1 0 0 6 0 8 0 6 0 0 0 2 0 3 0 7 0 4 0 7 0 7 1 0 0 3 0 7 0 6 0 1
0 255 8 0 6 0 5 0 2 0 4 0 0 1 0 0 5 0 0 0 0 0 4 0 2 0 3 0 1 1 0 0 1 0 5 0 0 0 1 0 3 0 7 0 8 0 7 1 0 0 2 0 3 0 3 0 2 0 6 1 0 0 7 0 8 0 0 0 5 0 1 0 1 0 8 0 3 0 6 1 0 0 7 0 4 0 4 0 2 0 8 0 1 0 1 0 6 0 3 0 0 0 5 0 0 0 5 0 2 0 1 0 6 0 0 0 0 0 6 0 7 0 6 0 2 0 8 0 8 0 2 0 5 0 1 0 2 0 5 1 0 1 0 0 0 0 4 0 3 0 5 0 3 0 7 0 6 0 7 0 8 0 0 0 5 0 8 0 3 0 4 0 8 0 4 0 8 0 1 0 6 0 1 0 7 0 7 0 3 0 2 0 8 0 5 0 5 0 8 0 0 0 0 0 3 0 3 0 7 0 3 0 1 0 2 0 6 0 5 0 2 0 2 0 7 1 0 0 3 0 8 0 3 0 1 0 4 0 7 0 5 0 0 0 6 0 6 1 0 0 7 0 5 0 3 0 3
1 257 1 0 7 0 4 0 1 0 5 0 8 0 1 1 0 0 0 0 1 0 0 0 8 0 4 0 6 0 3 0 8 0 2 0 0 0 1 0 2 0 7 0 5 0 8 0 6 1 0 0 4 0 6 0 6 0 5 0 4 0 0 0 5 0 7 0 2 0 0 0 3 0 3 0 6 0 8 0 4 0 0 0 4 1 0 1 0 0 6 0 6 0 3 0 3 0 2 0 7 0 1 0 0 0 2 0 0 0 5 0 3 0 2 0 1 0 1 0 3 0 6 0 3 0 6 0 7 0 7 0 6 0 0 0 3 0 5 0 2 0 0 0 7 1 0 0 8 0 7 0 0 0 8 0 5 0 4 0 6 0 7 0 2 0 1 0 7 0 7 1 0 0 8 0 0 0 7 0 4 0 2 0 4 0 5 0 5 0 7 0 5 0 7 0 2 0 2 0 7 0 1 0 0 0 6 0 7 0 4 0 7 0 2 0 5 0 3 0 1 0 5 0 5 0 5 1 0 0 7 0 6 0 7 0 2 1 0 0 6 0 1 0 2 0 3 0 5 0 0 0 5 0 1 0 7 0 6
1 257 3 0 4 1 0 0 4 0 1 0 7 0 4 0 7 1 0 0 2 0 1 0 7 0 0 0 3 0 8 0 6 0 5 0 0 0 2 0 5 0 5 0 2 0 8 0 4 1 0 1 0 0 4 0 4 0 1 1 0 0 2 0 1 0 5 0 5 0 0 0 6 0 7 0 3 0 7 1 0 0 2 0 0 0 0 1 0 0 3 0 3 0 7 0 6 0 5 0 4 0 3 0 0 0 4 0 1 0 0 0 7 0 4 0 2 0 2 0 7 0 2 0 8 0 3 0 6 0 6 0 3 0 1 0 7 0 0 0 5 0 1 0 6 0 0 0 7 0 5 0 2 0 7 0 2 0 0 0 4 0 5 0 5 0 3 0 5 0 7 0 0 0 6 0 2 0 4 1 0 0 5 1 0 0 2 0 2 0 6 0 2 0 5 0 5 0 5 0 4 0 3 0 1 0 3 0 6 0 0 0 5 0 6 0 0 0 7 0 3 0 1 0 2 0 3 0 0 0 5 0 4 0 5 0 6 1 0 0 2 0 3 0 4 0 7 0 0 0 2 0 0 0 4 0 5 0 4
0 257 6 1 0 1 0 0 8 0 3 0 5 0 0 0 6 1 0 0 4 0 3 0 4 0 1 0 7 0 7 0 4 0 1 0 1 0 5 0 1 0 1 0 6 0 7 0 1 0 0 0 8 0 7 0 8 0 3 0 8 0 3 0 3 0 1 0 1 0 2 0 3 0 5 0 8 0 5 1 0 0 4 0 0 0 1 0 8 0 5 0 7 0 5 0 4 0 1 1 0 0 7 0 0 0 8 0 2 0 1 0 4 1 0 0 5 0 5 0 4 0 6 0 6 0 8 0 3 0 3 0 7 0 3 0 4 0 2 0 0 0 4 0 2 0 2 0 5 0 1 0 6 0 4 0 5 0 0 1 0 0 2 0 1 0 8 0 1 0 5 0 2 0 2 0 6 0 0 0 0 0 1 1 0 0 4 0 5 0 2 0 6 0 1 0 2 0 1 1 0 0 7 0 2 0 7 0 2 0 2 0 1 0 3 0 2 0 4 0 7 0 2 0 4 0 6 0 1 0 1 0 0 0 2 0 4 1 0 0 4 0 6 1 0 0 5 0 1 0 4 0 0 1 0 0 2 0 0
0 259 1 0 4 0 0 1 0 0 6 0 8 0 0 0 2 0 3 1 0 0 8 0 6 0 8 0 3 0 5 0 5 1 0 0 3 0 3 0 0 0 3 0 3 0 3 0 5 0 3 0 1 0 7 0 6 0 7 0 8 0 6 0 7 0 6 0 2 0 2 0 4 0 7 0 1 0 8 0 2 1 0 0 8 0 0 0 3 0 7 0 2 0 6 0 1 1 0 0 4 1 0 0 4 0 2 0 6 0 5 0 3 0 0 0 0 0 1 0 2 0 0 0 4 0 4 0 7 0 7 0 7 0 4 0 7 0 8 0 4 0 0 0 8 0 4 0 5 0 0 0 4 0 3 0 0 0 1 0 2 0 8 0 3 0 3 0 6 0 4 0 0 0 5 0 5 0 2 0 1 0 0 0 3 0 8 0 8 0 0 0 6 0 2 0 3 0 4 0 3 1 0 0 4 0 6 0 4 0 5 0 4 0 2 0 6 0 4 1 0 0 5 0 5 1 0 0 3 0 3 0 2 0 0 0 4 1 0 1 0 1 0 0 5 0 0 0 0 0 3 0 8 0 1 0 8 0 3 0 0
0 259 2 0 8 0 1 1 0 0 3 0 7 0 1 0 4 0 7 1 0 0 7 0 4 0 7 0 8 0 1 0 2 1 0 0 6 0 6 0 0 0 6 0 6 0 7 0 0 0 7 0 3 0 5 0 4 0 6 0 8 0 4 0 6 0 3 0 5 0 4 1 0 0 5 0 4 0 6 0 6 1 0 0 6 0 1 0 7 0 4 0 6 0 2 0 4 0 8 0 8 0 8 0 7 0 5 0 3 0 1 0 7 0 0 0 0 0 2 0 4 0 0 1 0 0 0 0 6 0 6 0 6 0 0 0 6 0 7 1 0 0 2 0 7 0 0 0 1 0 1 0 8 0 6 0 0 0 2 0 5 0 6 0 7 0 7 0 2 1 0 0 2 0 1 0 1 0 5 0 2 0 0 0 7 0 7 0 7 0 2 0 2 0 5 0 6 0 8 0 7 0 8 0 8 0 3 0 0 0 1 1 0 0 6 0 3 0 1 0 0 0 1 0 2 1 0 0 6 0 6 0 4 0 1 0 0 0 0 1 0 1 0 0 0 0 1 0 0 0 7 0 6 0 4 0 6 0 7 0 0
0 259 5 0 6 0 4 0 8 0 6 0 4 0 3 1 0 0 7 0 0 0 5 0 0 0 6 0 7 0 3 0 5 1 0 0 3 0 3 0 2 0 3 0 4 0 5 0 2 0 4 0 8 0 1 0 0 0 4 0 8 0 0 0 3 0 8 0 1 0 1 0 0 0 1 0 0 0 4 0 5 0 0 0 2 0 4 0 5 0 0 0 3 0 5 1 0 0 8 0 8 0 8 0 6 0 1 0 7 0 3 0 4 0 1 0 0 0 4 0 8 0 1 0 8 0 0 0 3 0 4 0 3 0 2 0 3 0 6 1 0 0 5 0 4 0 1 0 2 0 3 0 7 0 3 0 1 0 5 0 1 0 4 0 6 0 5 0 6 0 8 0 3 0 2 0 3 0 0 0 5 0 1 0 5 0 6 0 5 0 5 0 5 0 1 0 4 0 8 0 6 0 8 0 7 0 7 0 0 0 3 1 0 0 2 0 7 0 2 0 0 0 2 0 5 1 0 0 3 0 3 1 0 0 3 0 0 0 1 1 0 0 7 1 0 0 2 0 1 0 5 0 4 0 0 0 4 0 5 0 1
0 261 1 0 1 0 4 0 0 0 8 0 3 1 0 1 0 0 0 0 4 0 2 0 0 0 2 0 3 0 5 0 8 0 1 1 0 0 6 0 6 0 4 0 6 1 0 0 1 0 5 1 0 0 7 0 3 0 0 1 0 0 7 0 1 0 7 0 6 0 3 0 2 0 0 0 2 0 0 1 0 0 1 0 1 0 4 1 0 0 1 0 1 0 7 0 2 0 0 0 7 0 8 0 8 0 3 0 4 0 4 0 7 0 8 0 2 0 0 1 0 0 7 0 4 0 6 0 1 0 6 0 8 0 6 0 4 0 7 0 4 0 0 0 0 1 0 0 3 0 4 0 7 0 4 0 7 0 3 0 0 0 3 1 0 0 4 0 2 0 4 0 7 0 7 0 4 0 6 0 1 0 0 0 4 0 1 0 4 0 2 0 2 0 1 0 3 1 0 0 8 0 4 0 8 0 6 0 5 0 1 0 7 0 8 0 4 0 4 0 5 0 0 0 5 0 1 1 0 0 6 0 7 0 8 0 5 0 0 0 3 1 0 0 5 1 0 0 4 0 3 0 0 1 0 0 1 1 0 0 1 0 3
1 261 2 0 2 0 8 0 1 0 6 1 0 0 0 0 7 1 0 0 8 0 4 0 0 0 4 0 7 0 1 0 7 0 4 1 0 0 3 0 4 0 0 0 4 1 0 0 3 0 2 0 0 0 4 0 7 0 1 1 0 0 4 0 4 0 5 0 3 0 7 0 4 0 0 0 4 0 1 0 8 0 1 0 2 1 0 1 0 0 2 0 3 0 4 0 5 0 1 0 5 0 8 0 7 0 7 1 0 0 0 0 6 0 7 0 5 0 1 1 0 0 5 0 0 0 3 0 4 0 3 0 8 0 4 0 0 0 5 1 0 0 1 0 1 0 8 0 5 1 0 0 6 0 0 0 5 0 7 0 0 0 7 0 8 0 7 0 4 1 0 0 6 0 6 0 0 0 3 0 3 0 0 0 8 0 2 0 8 0 4 0 4 0 2 0 7 1 0 0 7 0 0 0 8 0 4 0 1 0 4 0 5 0 8 0 0 0 0 0 1 0 2 0 0 0 4 1 0 0 3 0 6 0 8 0 1 0 1 0 7 1 0 0 1 1 0 0 8 0 6 0 1 0 8 0 2 0 8 0 1 0 6
0 261 4 0 5 0 6 0 4 0 3 1 0 0 1 0 6 0 0 0 6 1 0 0 1 1 0 0 5 0 4 0 5 0 0 1 0 0 6 0 8 0 0 1 0 1 0 0 6 0 4 0 0 1 0 0 5 0 4 0 8 0 7 1 0 0 1 0 8 0 4 1 0 0 1 0 8 0 3 0 6 0 3 0 5 1 0 0 8 0 3 0 6 1 0 0 1 0 4 0 1 0 8 0 6 0 6 1 0 0 1 0 3 0 6 0 1 0 4 1 0 0 0 0 1 0 6 0 8 0 7 0 6 1 0 0 2 0 1 1 0 0 2 0 3 0 7 0 3 0 0 0 2 0 2 0 1 0 5 0 2 0 5 0 8 0 6 0 1 0 0 0 3 0 3 0 1 0 6 0 6 0 1 0 6 0 6 0 6 1 0 1 0 0 6 0 6 0 0 0 4 0 2 0 6 1 0 0 3 1 0 0 2 0 7 0 1 0 0 0 2 0 4 0 0 1 0 1 0 0 7 0 3 0 7 0 3 0 3 0 5 1 0 0 3 1 0 0 7 0 3 0 4 0 6 0 6 0 6 0 4 0 3
1 262 1 0 0 2 0 3 1 0 0 8 0 8 0 2 0 2 0 2 0 3 1 0 0 3 1 0 0 1 0 0 0 1 0 2 1 0 0 3 0 7 0 2 1 0 1 0 0 2 1 0 0 2 1 0 0 1 0 0 0 8 0 6 1 0 0 3 0 7 0 0 1 0 0 3 0 6 0 8 0 2 0 8 0 2 0 0 0 6 0 8 0 3 1 0 0 2 0 8 0 3 0 7 0 4 0 4 1 0 0 2 0 7 0 2 0 3 1 0 1 0 0 0 0 3 0 3 0 8 0 6 0 4 1 0 0 4 0 3 0 8 0 3 0 7 0 4 0 7 0 0 0 4 0 4 0 3 0 0 0 6 0 1 0 8 0 3 0 3 0 0 0 6 0 6 0 3 0 3 0 3 0 4 0 3 0 4 0 5 0 0 1 0 0 3 0 3 0 1 0 8 0 5 0 3 1 0 0 7 0 8 0 4 0 4 0 3 0 0 0 4 0 8 0 1 1 0 1 0 0 4 0 8 0 4 0 7 0 7 0 1 1 0 0 7 1 0 0 4 0 7 1 0 0 4 0 4 0 3 1 0 0 7
1 263 1 0 8 0 3 0 7 1 0 0 7 0 7 0 5 0 4 0 4 0 7 0 8 0 6 0 8 0 1 0 0 0 2 0 5 0 8 0 6 0 4 0 6 1 0 0 8 0 4 0 8 0 4 0 8 0 1 0 1 0 7 0 4 1 0 0 7 0 4 0 2 0 8 0 6 0 3 0 7 0 6 0 6 0 5 0 1 0 3 0 7 0 8 0 8 0 4 0 6 0 8 0 5 0 0 0 0 1 0 0 5 0 4 0 5 0 7 1 0 0 7 1 0 0 6 0 7 0 7 0 4 0 0 1 0 0 8 0 7 0 6 0 8 0 5 0 0 0 5 0 1 0 8 0 8 0 6 0 1 0 2 0 4 0 6 0 7 0 6 0 1 0 3 0 3 0 7 0 6 0 6 0 8 0 6 1 0 0 1 0 2 0 8 0 5 0 6 0 3 0 7 0 1 1 0 0 0 0 5 0 7 1 0 1 0 0 7 0 0 1 0 0 7 0 4 1 0 0 8 0 8 0 7 0 0 0 6 0 5 0 4 1 0 0 5 1 0 1 0 0 6 1 0 0 8 0 8 0 7 1 0 0 5
0 263 3 0 6 0 8 0 6 0 0 0 5 0 6 0 2 0 0 0 0 0 6 0 8 0 4 0 7 0 3 0 0 0 5 0 1 0 8 0 4 0 0 0 5 0 0 0 7 0 0 0 8 0 0 0 7 0 3 0 3 0 5 0 1 0 0 0 4 1 0 0 6 0 7 0 3 0 8 0 5 0 4 0 4 0 1 0 3 0 7 0 5 0 8 0 8 0 0 0 4 0 8 0 1 0 1 0 1 1 0 0 1 0 0 0 2 0 7 0 0 0 6 0 0 0 3 0 6 0 5 1 0 0 2 1 0 0 7 0 6 0 4 0 8 0 1 0 2 0 0 0 4 0 7 0 8 0 3 0 3 0 4 1 0 0 4 0 6 0 3 0 3 0 6 0 7 0 5 0 4 0 4 0 8 0 4 1 0 0 2 0 5 0 7 0 2 0 3 0 8 0 4 0 4 0 8 0 0 0 1 0 7 0 0 1 0 0 4 0 2 1 0 0 5 0 1 0 0 0 7 0 8 0 5 0 2 0 3 0 2 0 1 0 0 0 2 0 0 1 0 0 4 0 0 0 7 0 8 0 7 0 0 0 1
0 263 7 0 3 0 8 0 3 0 2 0 1 0 3 0 5 0 0 0 1 0 3 0 8 0 0 0 5 0 7 0 1 0 0 0 4 0 6 1 0 0 2 0 0 0 2 0 4 0 2 0 6 0 2 0 4 0 7 0 7 0 0 0 3 0 1 0 0 0 0 0 3 0 5 0 8 0 7 0 1 1 0 1 0 0 3 0 7 0 5 0 2 0 8 0 7 0 1 1 0 0 7 0 3 0 2 0 3 0 8 0 1 0 0 0 5 0 4 0 2 0 2 0 1 0 7 0 3 0 2 1 0 0 5 1 0 0 5 0 4 0 0 0 7 0 3 0 4 0 0 1 0 0 6 0 7 0 7 0 6 1 0 1 0 1 0 0 3 0 7 0 7 0 3 0 6 0 2 0 0 0 0 0 8 0 0 1 0 0 5 0 1 0 5 0 5 0 7 0 7 0 0 0 0 0 7 0 1 0 3 0 4 0 2 0 8 0 7 0 5 1 0 0 0 0 3 0 1 0 5 0 8 0 1 0 5 0 6 0 4 0 2 0 0 0 4 0 1 0 8 0 7 0 1 0 5 0 8 0 5 0 1 0 2
0 265 1 0 4 0 8 0 6 0 7 0 4 0 2 0 7 0 0 0 1 0 2 0 7 0 6 0 2 0 1 0 5 0 3 0 0 1 0 0 4 1 0 0 4 0 0 0 4 0 8 0 5 0 2 0 5 1 0 0 6 0 5 0 1 0 6 0 2 0 0 0 0 0 7 0 1 0 8 0 5 0 4 1 0 0 8 0 6 0 5 0 1 0 6 0 7 0 5 0 4 1 0 0 4 0 7 0 4 0 7 0 6 0 3 0 1 0 0 1 0 0 5 0 4 0 3 0 4 0 7 0 5 1 0 0 2 0 0 0 0 1 0 0 2 0 4 0 7 0 8 0 1 1 0 0 3 0 6 0 6 0 5 0 0 1 0 0 8 0 6 0 5 0 5 0 8 0 2 0 5 0 0 0 1 0 6 0 2 1 0 0 0 0 4 0 1 0 2 0 6 0 5 0 1 0 1 0 4 0 3 0 6 0 8 0 5 0 7 0 6 0 2 1 0 0 0 0 6 0 3 0 1 0 7 0 4 0 1 0 3 1 0 0 5 0 0 0 8 0 3 0 7 0 5 0 4 0 1 0 8 0 1 0 3 0 4
1 265 2 1 0 0 8 0 4 0 5 1 0 0 6 0 4 0 1 0 2 0 5 0 5 0 3 0 5 0 3 0 0 0 7 0 1 0 8 0 8 0 8 0 7 0 0 1 0 0 8 0 1 0 6 0 2 0 0 0 3 0 1 0 4 0 2 0 5 0 0 0 1 0 4 0 4 0 7 0 2 0 1 0 0 0 7 0 4 0 1 0 4 0 3 0 6 0 2 0 0 1 0 1 0 0 6 0 0 0 6 0 3 0 7 0 2 0 1 1 0 0 0 1 0 0 7 1 0 0 6 0 2 1 0 0 4 0 0 0 1 0 8 0 3 1 0 0 6 0 7 0 4 0 8 0 6 0 3 0 4 0 1 0 2 1 0 0 7 0 4 0 2 0 2 0 7 0 6 0 0 0 1 0 3 0 2 0 6 0 7 1 0 0 8 0 2 0 5 0 3 0 1 0 3 0 2 0 8 0 7 0 3 0 8 0 2 0 6 0 3 0 6 0 8 0 0 0 2 0 7 0 3 0 4 1 0 0 3 0 7 1 0 0 0 0 2 0 6 0 8 0 5 0 1 1 0 0 4 0 6 0 3 0 6 1 0
1 265 5 1 0 0 7 0 0 0 3 0 0 0 2 1 0 0 3 0 5 0 1 0 1 0 8 0 0 0 7 0 1 0 4 0 4 0 7 0 8 0 8 0 5 0 2 1 0 0 6 0 4 0 2 0 5 0 0 0 6 0 2 0 8 0 5 0 0 0 1 0 2 1 0 0 0 0 5 0 5 0 2 0 1 0 4 1 0 0 3 0 8 0 7 0 2 0 5 0 1 1 0 1 0 0 2 0 2 0 2 0 8 0 4 0 5 0 3 0 8 0 0 1 0 0 6 0 0 0 2 0 6 0 8 0 7 0 0 0 3 0 6 1 0 0 0 0 3 0 6 0 0 0 8 0 3 0 7 0 8 0 2 0 5 1 0 0 4 1 0 0 5 0 5 0 5 0 3 0 1 0 2 0 6 0 5 0 3 0 7 0 0 0 6 0 6 0 0 0 7 0 2 0 6 0 5 0 7 0 5 0 8 0 6 0 6 0 2 0 8 0 3 0 7 0 1 0 5 0 4 0 7 1 0 1 0 0 7 0 5 1 0 0 0 0 5 0 3 0 8 0 1 0 4 0 8 0 8 0 2 0 8 0 3 1 0
1 267 1 0 2 0 0 0 4 0 1 0 6 0 0 0 5 0 8 0 6 0 0 0 3 0 3 0 6 0 2 0 4 0 3 1 0 0 0 0 6 0 8 0 8 0 1 0 6 1 0 0 2 1 0 0 6 0 0 0 2 0 2 0 6 0 7 0 1 0 1 0 2 0 5 0 8 0 0 0 1 0 1 0 5 0 2 1 0 1 0 0 7 0 7 0 5 0 6 0 0 0 4 1 0 0 8 0 3 0 4 0 5 0 7 0 0 0 1 0 8 0 6 0 2 1 0 0 2 0 1 0 5 0 3 0 8 0 5 0 1 0 7 0 3 1 0 0 0 0 7 0 2 0 2 0 6 0 8 0 5 0 7 0 6 0 2 0 0 0 0 0 0 0 1 0 2 0 1 0 7 0 2 0 5 0 3 0 1 0 8 0 4 0 2 0 3 0 3 0 2 0 4 0 6 0 3 0 2 0 6 0 2 0 8 0 4 0 3 0 6 0 6 0 8 0 4 0 4 0 1 0 0 0 7 0 0 1 0 0 5 0 2 1 0 0 1 0 0 0 8 0 6 0 3 1 0 0 8 0 7 0 6 0 6 0 8 0 7
1 267 2 0 4 0 0 0 8 0 3 0 2 0 2 0 1 0 8 0 3 0 1 0 6 0 7 0 2 0 5 0 8 0 7 0 8 0 0 0 3 0 8 0 7 0 4 0 3 1 0 0 5 1 0 0 2 0 1 0 4 0 5 0 3 0 5 0 3 0 2 0 5 0 1 0 7 0 1 0 2 0 3 0 0 0 6 1 0 1 0 0 5 0 6 0 2 0 3 0 2 0 0 0 0 0 6 0 7 1 0 0 2 0 5 0 1 0 3 0 7 0 3 0 6 0 8 0 3 0 3 0 0 0 8 0 7 0 1 0 4 0 4 0 8 0 8 0 0 0 4 0 5 0 5 0 3 0 8 0 2 0 6 0 3 0 5 0 0 0 0 0 0 0 2 0 4 0 3 0 4 0 6 0 0 0 7 0 3 0 6 1 0 0 5 0 6 0 6 0 4 1 0 0 3 0 7 0 5 0 2 0 6 0 6 1 0 0 8 0 3 0 4 0 7 1 0 1 0 0 3 0 1 0 4 0 2 1 0 0 0 0 6 0 8 0 1 0 1 0 7 0 3 1 0 0 0 0 7 0 6 0 4 0 4 0 8 0 6
1 267 4 0 8 0 1 0 6 0 7 0 4 0 4 0 3 0 6 0 7 0 3 0 3 0 5 0 6 0 1 0 8 0 6 0 7 0 1 0 7 0 7 0 5 1 0 1 0 0 0 0 1 1 0 0 4 0 2 1 0 0 1 0 8 0 0 0 7 0 5 0 0 0 4 0 4 0 3 0 4 0 6 0 1 0 4 0 0 1 0 0 1 0 3 0 5 0 6 0 4 0 0 0 1 0 3 0 6 1 0 0 5 0 0 0 3 0 7 0 4 0 8 0 3 0 7 0 7 0 6 0 1 0 7 0 5 0 3 1 0 0 0 0 8 0 7 0 1 1 0 0 2 0 1 0 8 0 6 0 6 0 2 0 8 0 0 0 1 0 0 0 0 0 4 0 8 0 6 1 0 0 3 0 2 0 4 0 8 0 4 0 0 0 1 0 4 0 4 0 0 1 0 0 7 0 5 0 1 0 6 0 3 0 5 0 0 0 6 0 7 1 0 0 7 0 0 0 8 0 5 0 2 0 8 0 5 0 8 0 0 0 3 0 7 0 3 0 3 0 4 0 8 0 8 0 0 0 5 0 4 0 0 0 0 0 8 0 4
0 268 1 0 0 7 0 4 0 3 0 5 1 0 1 0 0 8 0 3 0 5 0 7 0 7 0 1 0 3 0 4 0 7 0 4 0 5 0 4 0 5 0 6 0 3 0 0 0 7 1 0 0 3 0 8 0 7 0 5 0 8 0 2 0 6 0 2 0 5 0 1 0 1 0 8 0 8 0 6 1 0 0 3 0 3 0 8 0 1 0 8 0 1 0 7 0 1 0 3 1 0 0 1 0 2 0 7 0 4 0 0 0 0 0 1 0 7 0 5 0 0 0 7 0 8 0 5 0 6 0 3 0 4 0 5 0 1 0 8 0 8 0 0 0 7 0 5 0 4 0 8 0 3 0 3 0 7 0 4 0 3 0 6 0 6 0 1 0 2 0 0 0 0 1 0 0 8 0 4 1 0 0 6 0 4 1 0 0 7 1 0 0 1 0 2 0 8 0 8 0 1 1 0 0 5 0 1 0 4 0 2 0 8 0 0 0 2 0 3 0 7 0 0 0 4 0 2 0 7 0 1 0 6 0 7 0 2 0 7 0 1 0 7 0 4 0 7 0 6 1 0 0 8 0 7 0 2 0 0 1 0 0 1 0 1 0 7 0 0
0 269 1 1 0 0 4 1 0 0 8 0 2 0 0 1 0 0 6 0 8 0 1 0 6 0 5 0 3 0 6 1 0 0 6 0 0 0 2 0 0 0 2 0 3 0 7 0 1 0 5 1 0 0 7 0 7 0 6 0 2 0 7 0 6 0 2 0 6 0 0 0 3 0 3 0 7 0 8 0 4 1 0 0 6 0 7 0 6 0 4 0 6 0 4 0 4 0 3 0 7 0 8 0 1 0 5 0 4 1 0 0 1 0 0 0 3 0 5 0 1 0 2 0 5 0 8 0 2 0 3 0 7 1 0 0 1 0 4 0 7 0 7 0 2 0 5 0 2 0 0 0 7 0 7 0 7 0 4 1 0 0 8 0 3 0 3 0 3 0 4 0 0 0 1 1 0 0 7 0 1 0 0 0 3 0 1 0 0 0 5 1 0 0 2 0 5 0 7 0 7 0 4 1 0 0 0 0 3 0 8 0 5 0 6 0 1 0 4 0 7 0 4 0 1 0 8 0 5 0 4 0 4 0 3 0 5 0 6 0 4 0 4 0 5 0 0 0 6 0 5 0 0 0 7 0 5 0 5 0 1 0 8 0 1 0 3 0 4 0 1
0 269 3 1 0 0 0 0 0 0 6 0 5 0 1 1 0 0 3 0 7 0 4 0 3 0 1 0 8 0 4 0 0 0 2 0 1 0 4 0 0 0 4 0 7 0 4 0 4 0 2 0 0 0 5 0 6 0 3 0 6 0 5 0 3 0 6 0 2 0 1 0 6 0 7 0 5 0 8 0 1 0 0 0 3 0 6 0 4 0 0 0 3 1 0 1 0 0 8 0 5 0 7 0 4 0 1 0 0 1 0 0 2 0 0 0 7 0 0 0 3 0 5 0 1 0 7 0 5 0 7 0 5 1 0 0 2 1 0 0 6 0 5 0 6 0 0 0 5 0 1 0 5 0 6 0 6 0 1 0 0 0 6 0 7 0 6 0 6 0 8 0 0 0 3 1 0 0 4 0 3 0 0 0 6 0 2 0 1 0 1 1 0 0 5 0 1 0 6 0 6 0 0 1 0 0 0 0 7 0 7 0 2 0 3 0 3 1 0 0 5 1 0 0 4 0 7 0 1 1 0 1 0 0 8 0 1 0 4 0 0 0 0 0 1 0 2 0 3 0 1 0 2 0 5 0 2 0 1 0 4 0 6 0 3 0 6 0 8 0 2
1 269 7 0 7 1 0 0 1 0 3 0 1 0 4 0 8 0 6 0 4 1 0 0 7 0 3 0 6 1 0 0 1 0 4 0 2 0 8 0 0 1 0 0 5 1 0 1 0 0 5 0 1 0 1 0 3 0 8 0 3 0 1 0 8 0 2 0 5 0 3 0 3 0 6 0 2 0 7 0 3 0 0 0 7 0 2 1 0 0 1 0 7 1 0 1 0 0 7 0 2 0 5 1 0 0 3 0 1 0 8 0 3 0 1 0 4 0 1 0 7 0 0 0 4 0 5 0 2 0 6 0 2 1 0 0 5 1 0 0 3 0 2 0 3 0 2 0 0 0 4 0 1 0 4 0 3 0 3 0 1 0 3 0 6 0 4 0 4 0 7 0 1 0 7 0 8 0 7 0 6 0 1 0 2 0 5 0 2 0 3 1 0 0 0 0 4 0 3 0 3 0 2 0 8 0 0 0 5 0 5 0 5 0 6 0 7 1 0 0 1 1 0 1 0 0 5 0 4 1 0 1 0 0 6 0 3 0 8 0 0 0 0 0 2 0 4 0 6 0 2 0 5 0 0 0 5 0 2 1 0 0 3 0 8 0 3 0 7 0 5
0 271 1 0 5 0 6 1 0 0 2 0 6 0 2 1 0 0 8 0 4 0 1 0 0 0 4 0 8 0 3 1 0 0 2 0 8 0 5 0 6 0 2 1 0 0 2 0 0 1 0 0 0 0 3 0 2 0 7 0 6 0 7 0 3 0 6 0 6 0 0 0 7 0 7 0 2 0 6 0 4 0 7 0 1 0 4 0 6 0 8 0 2 0 6 0 0 1 0 0 4 0 6 0 1 1 0 0 6 0 3 0 6 0 7 0 2 0 8 0 3 0 4 0 1 1 0 0 1 0 6 0 2 0 6 1 0 0 1 1 0 0 6 0 4 0 6 0 4 0 0 0 8 0 2 0 8 0 6 0 6 0 2 0 7 0 3 0 0 0 0 0 5 0 4 0 5 0 8 0 6 0 3 0 3 0 5 0 0 0 5 0 7 0 7 1 0 0 8 0 6 0 6 0 5 0 6 0 2 0 1 0 2 0 2 0 4 0 6 1 0 0 3 1 0 1 0 0 1 0 1 0 0 1 0 0 2 0 8 0 6 0 1 0 0 0 4 1 0 0 3 0 6 0 0 0 2 0 0 0 6 0 8 0 6 0 6 0 8 0 5 0 2
1 271 3 0 1 0 4 1 0 0 5 0 2 0 6 1 0 0 6 1 0 0 3 0 0 1 0 0 7 0 8 0 8 0 4 0 7 0 2 0 3 0 6 0 8 0 3 0 1 0 7 1 0 0 6 0 5 0 5 0 4 0 5 0 8 0 3 0 3 0 2 0 5 0 5 0 6 0 3 0 0 0 5 0 3 1 0 0 4 0 7 0 6 0 2 0 2 0 8 0 8 0 2 0 4 1 0 0 2 0 8 0 3 0 5 0 6 0 6 0 7 0 8 0 3 0 8 0 2 0 2 0 6 0 3 1 0 0 3 1 0 0 3 0 0 0 3 1 0 0 2 0 6 0 6 0 7 0 4 0 3 0 6 0 4 0 7 0 0 0 1 0 1 0 0 0 2 0 8 0 3 0 7 0 7 0 0 0 2 0 1 0 6 0 7 0 0 0 7 0 4 0 4 0 2 0 3 0 5 0 2 0 4 0 4 1 0 0 4 1 0 0 7 1 0 0 8 0 1 0 2 0 1 0 8 0 4 0 7 0 3 0 3 0 0 1 0 1 0 0 7 0 2 0 1 0 4 0 1 0 3 0 8 0 4 0 4 0 8 0 1 0 5
0 271 6 0 3 0 0 0 0 0 0 0 6 0 4 0 0 0 3 1 0 0 6 0 1 1 0 0 5 0 8 0 8 0 0 0 5 0 5 0 7 0 3 0 7 0 7 0 3 0 6 0 0 0 3 0 2 0 2 0 0 0 2 0 7 0 7 0 6 0 5 0 1 0 2 0 3 0 7 0 1 0 0 0 8 0 8 0 8 0 5 0 3 0 5 0 5 0 7 0 7 0 5 1 0 1 0 0 5 0 6 0 8 0 1 0 4 0 4 0 6 0 7 0 8 0 6 0 5 0 5 0 2 0 8 0 8 0 6 0 8 0 5 0 0 0 7 0 8 0 4 0 3 0 4 0 5 1 0 0 8 0 3 0 0 0 5 0 1 0 2 0 2 0 0 0 5 0 6 0 8 0 5 0 5 0 1 0 4 0 3 0 3 0 5 0 2 0 4 1 0 1 0 0 5 0 7 0 0 0 5 1 0 0 1 0 0 0 0 0 0 0 6 0 0 0 6 0 3 0 4 0 3 0 7 0 0 0 5 0 7 0 6 0 1 1 0 1 0 0 4 0 5 0 2 0 8 0 2 0 7 0 7 0 0 0 0 0 7 0 4 0 1
0 273 1 0 2 0 7 0 0 0 0 0 1 0 2 1 0 0 1 0 7 1 0 0 2 0 4 1 0 0 1 0 8 0 7 0 2 0 1 0 2 0 5 0 8 0 5 0 5 0 8 0 2 0 1 0 6 0 4 0 4 0 0 0 5 0 5 0 6 0 4 0 1 0 3 0 4 0 7 0 4 0 3 0 1 0 7 0 8 0 8 0 1 0 8 0 1 0 2 0 6 0 6 0 3 0 0 1 0 0 1 0 4 0 7 0 3 1 0 0 0 0 4 0 6 0 8 0 4 0 2 0 1 0 6 0 7 0 8 0 4 0 8 0 1 0 2 0 5 0 7 1 0 0 7 1 0 0 3 0 0 0 6 0 7 0 1 0 0 0 3 0 4 0 4 0 1 0 1 0 4 0 8 0 2 0 1 0 3 0 8 0 6 0 7 0 0 0 6 0 0 0 0 1 0 0 1 0 5 0 2 0 1 1 0 0 2 0 0 0 0 0 1 0 2 0 2 0 2 0 7 0 8 0 7 0 4 0 2 0 1 0 6 0 3 0 4 1 0 0 8 0 8 0 0 0 6 0 6 0 6 0 5 0 5 0 1 0 1 0 4 1 0 0 3
1 273 2 0 5 0 4 0 1 0 0 0 2 0 5 0 8 0 2 0 5 1 0 0 4 1 0 1 0 0 3 0 7 0 5 0 5 0 2 0 5 0 1 0 8 0 2 0 2 0 7 0 5 0 3 0 2 1 0 1 0 0 2 0 1 0 2 0 3 1 0 0 3 0 6 1 0 0 5 1 0 0 7 0 3 0 5 0 8 0 7 0 4 0 6 0 3 0 5 0 3 0 3 0 7 0 1 0 8 0 1 1 0 0 5 0 8 0 7 1 0 1 0 0 4 0 7 1 0 0 5 0 3 0 3 0 6 0 8 0 0 0 7 0 3 0 5 0 1 0 7 0 0 0 5 1 0 0 6 0 1 0 3 0 5 0 3 0 0 0 6 0 8 0 8 0 2 0 2 1 0 0 7 0 5 0 2 0 7 0 7 0 4 0 5 0 2 0 2 0 1 0 1 0 8 0 2 0 0 0 5 0 3 0 8 0 3 0 0 0 0 0 2 0 4 0 4 0 5 0 5 0 8 0 5 1 0 0 5 0 3 0 2 0 8 0 0 0 0 0 7 0 7 0 2 0 3 0 4 0 4 0 2 0 1 0 3 0 2 1 0 1 0 0 6
0 273 5 0 0 1 0 0 3 0 0 0 5 0 1 0 7 0 6 0 2 0 0 0 0 0 0 0 8 0 6 0 5 0 2 0 1 0 6 0 0 0 4 0 6 0 5 0 5 0 5 0 1 0 7 0 5 1 0 0 8 0 3 0 2 0 4 0 7 0 8 0 6 0 4 0 0 0 2 0 0 0 4 0 8 0 1 0 8 0 6 0 0 0 3 0 8 0 0 0 7 0 7 0 4 0 4 0 6 0 4 1 0 0 1 0 8 0 7 0 0 0 8 0 8 0 6 0 0 0 0 0 7 0 7 0 3 0 7 0 2 0 4 0 8 0 0 0 4 0 4 0 2 0 2 0 0 0 2 0 3 0 7 0 0 0 7 0 1 0 3 0 8 0 7 0 5 0 5 1 0 0 5 0 1 0 6 0 5 0 6 0 0 0 1 0 5 0 4 0 2 0 3 0 6 0 5 0 1 0 0 0 8 0 6 0 7 0 0 0 0 0 4 1 0 0 0 0 2 0 2 0 8 0 3 0 0 0 0 0 7 0 5 0 6 0 1 0 1 0 5 0 5 0 5 0 6 0 8 0 8 0 4 0 2 0 6 0 5 1 0 1 0 0 3
1 275 1 0 0 0 2 0 8 0 5 0 1 0 0 0 4 0 5 0 3 0 5 0 0 0 0 0 1 0 7 0 4 0 1 0 5 0 3 0 2 0 1 1 0 0 4 0 2 0 2 0 1 0 4 0 5 0 3 0 0 0 6 0 7 0 4 1 0 0 6 0 8 0 3 1 0 0 1 0 4 0 0 1 0 0 7 0 4 0 7 0 3 0 1 0 7 0 6 0 2 0 5 0 6 0 0 0 0 0 4 0 0 1 0 0 3 0 7 0 5 0 2 0 7 0 8 0 3 0 1 0 1 0 5 0 5 0 8 0 4 0 5 1 0 0 7 0 1 0 8 0 8 0 4 0 4 0 0 0 4 0 7 0 4 0 2 0 4 0 3 0 7 0 7 0 6 0 2 0 3 0 0 0 0 0 4 0 3 0 2 0 3 0 1 0 3 0 0 1 0 0 5 0 7 0 3 0 1 0 3 0 1 0 7 0 4 0 5 0 1 0 0 1 0 1 0 0 0 0 4 0 5 0 6 0 7 0 0 0 1 0 5 0 2 0 3 0 3 0 3 0 1 0 2 0 2 0 4 0 8 0 7 1 0 0 6 0 3 0 3 0 0 0 8 0 5
0 275 2 0 0 0 5 0 7 0 1 0 3 0 0 1 0 0 1 0 8 0 0 0 1 0 0 0 3 0 4 1 0 0 4 0 0 0 7 0 4 0 3 0 8 0 7 0 4 0 4 0 2 1 0 0 1 0 7 0 1 0 3 0 6 0 1 0 0 0 3 0 7 0 8 0 8 0 1 0 8 0 1 1 0 0 5 0 0 0 5 0 7 0 3 0 5 0 3 0 6 0 1 0 3 0 1 0 0 0 8 0 1 0 8 0 6 0 5 0 1 0 6 0 5 0 7 0 7 0 2 0 3 0 1 0 2 0 8 0 0 0 3 0 0 0 4 0 4 0 7 0 7 1 0 1 0 0 1 1 0 0 5 1 0 0 5 0 8 0 7 0 5 0 6 0 3 0 5 0 6 0 0 0 0 0 8 0 6 0 4 0 6 0 2 0 6 0 1 1 0 0 1 0 5 0 7 0 2 0 6 0 3 0 5 0 0 0 1 0 3 0 1 1 0 0 7 1 0 1 0 0 2 0 4 0 5 0 1 0 3 0 0 0 5 0 6 0 6 0 6 0 2 0 4 0 4 1 0 0 8 0 7 0 0 0 2 0 7 0 6 0 1 0 7 0 2
1 275 4 0 1 0 1 0 5 0 3 0 6 0 1 0 8 0 2 0 6 0 1 0 2 0 0 0 6 1 0 1 0 0 8 0 1 0 4 1 0 0 8 0 7 0 5 1 0 1 0 0 6 0 8 0 2 0 4 0 3 0 7 0 2 0 3 0 0 0 7 0 5 0 8 0 7 0 4 0 6 0 4 1 0 0 0 0 2 0 1 0 5 0 8 0 0 0 8 0 2 0 3 0 6 0 2 0 1 0 6 0 4 0 7 0 4 0 1 0 4 0 3 0 2 0 6 0 5 0 5 0 6 0 2 0 5 0 6 0 1 0 6 0 0 1 0 0 0 0 6 0 7 0 0 0 8 0 2 1 0 0 2 0 0 0 1 0 8 0 6 0 2 0 3 0 8 0 1 0 3 0 1 0 1 0 7 0 4 0 0 0 3 0 6 0 2 0 4 0 8 0 2 0 1 0 5 0 6 0 2 0 8 0 0 0 1 0 2 0 6 0 3 1 0 0 6 0 0 0 8 0 3 1 0 0 1 0 3 0 6 0 1 0 1 0 4 0 4 0 3 0 5 1 0 0 1 0 0 0 7 0 5 0 1 0 5 0 5 0 3 0 4 0 4 0 5
0 275 8 0 2 0 3 0 0 0 8 0 2 0 4 0 6 0 6 0 2 0 3 0 4 0 1 0 4 0 0 1 0 0 6 0 4 0 0 0 0 0 7 0 6 0 3 0 0 1 0 0 3 0 7 0 5 0 8 0 7 0 4 0 5 0 6 0 1 0 5 0 2 0 8 0 6 0 0 0 4 0 0 1 0 0 0 0 4 0 3 0 1 0 7 0 2 0 6 0 5 0 7 0 2 0 5 0 3 0 3 0 0 0 5 1 0 0 3 0 8 0 6 0 5 0 3 0 2 0 2 0 3 0 6 0 1 0 3 0 4 0 2 0 2 0 8 0 0 0 3 0 5 0 2 0 6 0 6 0 8 0 3 0 0 0 3 0 7 0 3 0 5 0 7 0 6 0 3 0 6 0 2 0 3 0 4 1 0 0 1 0 7 0 2 0 5 1 0 0 7 0 5 0 3 0 1 0 3 0 6 0 6 0 1 0 2 0 5 0 2 1 0 0 0 0 2 0 2 0 6 0 8 0 8 0 1 0 7 0 2 0 3 0 2 0 8 0 8 0 7 0 1 1 0 0 2 0 1 0 5 0 1 0 4 0 1 0 1 0 7 1 0 0 0 0 2
0 277 1 0 6 0 5 0 6 0 1 0 6 0 5 1 0 0 4 0 3 0 5 0 6 0 8 0 2 0 8 0 1 1 0 0 2 1 0 0 1 0 1 0 5 0 3 0 7 0 1 0 8 0 6 0 5 0 2 0 8 0 6 0 0 0 2 0 3 0 4 0 0 0 6 0 7 0 3 0 1 0 8 0 1 0 7 1 0 0 8 0 6 0 3 0 4 0 6 0 3 0 2 0 5 0 6 0 0 0 7 0 6 0 1 0 1 1 0 0 7 0 7 0 4 0 1 0 7 0 4 0 4 0 7 0 2 0 3 0 6 0 8 0 4 0 5 0 6 0 1 0 7 0 0 0 6 0 3 0 4 0 7 0 7 0 0 0 7 0 4 0 8 0 1 0 6 0 3 0 8 0 2 0 5 0 6 1 0 1 0 0 3 0 4 0 6 0 2 0 0 0 5 0 1 0 7 0 2 0 7 0 3 0 3 0 3 0 5 0 0 0 6 0 7 1 0 0 4 0 5 0 3 0 8 0 7 0 4 0 4 0 5 0 6 0 5 0 7 0 8 0 5 0 4 0 8 0 3 0 3 0 0 0 3 0 8 0 2 0 3 0 5 1 0 0 0 0 4
1 277 3 0 3 0 2 0 3 0 4 0 3 0 2 1 0 0 8 0 7 0 1 0 4 0 7 0 6 0 6 0 4 0 8 0 4 0 8 0 1 0 3 0 0 0 8 0 4 0 4 0 7 0 4 0 1 0 6 0 7 0 3 0 1 0 4 0 6 0 8 0 1 0 3 0 5 0 7 0 3 0 6 0 4 0 6 0 0 0 7 0 3 0 7 1 0 0 3 0 7 0 5 0 1 0 3 0 2 0 5 0 3 0 3 0 3 1 0 0 5 0 5 1 0 0 4 0 5 0 0 0 0 0 5 0 5 0 7 0 3 0 8 0 0 0 2 0 3 0 4 0 4 0 2 0 2 0 7 1 0 0 6 0 5 0 2 0 5 0 0 0 7 0 4 0 2 0 8 0 6 0 6 0 1 0 5 0 0 0 8 0 5 1 0 0 3 0 5 0 1 0 0 0 4 0 4 0 6 0 4 0 7 0 6 0 7 0 0 0 2 0 3 0 6 1 0 1 0 0 1 0 8 0 7 0 6 0 0 0 0 0 2 0 4 0 2 0 6 0 8 0 2 0 0 0 7 0 7 0 6 0 0 0 7 0 6 0 5 0 7 0 1 1 0 0 0 1 0
1 277 6 0 6 0 4 0 6 0 8 0 6 0 5 1 0 0 7 0 5 0 3 1 0 0 6 0 4 0 4 0 0 0 8 0 0 0 7 0 3 0 6 0 1 0 7 0 0 0 0 0 5 1 0 0 4 0 3 0 5 0 7 0 2 1 0 0 4 0 7 0 3 0 7 0 1 0 5 0 8 0 3 0 0 0 3 0 2 0 4 0 8 0 5 1 0 0 7 0 5 0 1 0 3 0 6 0 5 0 0 0 7 0 6 0 7 1 0 0 1 0 2 1 0 1 0 0 1 0 1 0 1 0 1 0 2 0 5 0 8 0 6 0 1 0 4 0 6 0 8 0 8 0 4 0 5 0 6 0 0 0 3 0 1 0 6 0 0 0 2 0 4 1 0 0 6 0 7 0 4 0 3 0 4 0 0 0 2 0 7 0 2 1 0 0 7 0 0 0 3 0 0 1 0 0 0 0 4 0 0 0 6 0 4 0 5 0 1 0 4 0 7 0 4 0 0 0 8 0 2 0 7 0 6 0 3 0 1 0 0 0 4 0 8 0 5 0 3 0 7 0 5 0 1 0 5 0 6 0 3 0 2 0 5 0 4 0 2 0 5 0 4 0 8 0 0 0 7
1 279 1 0 3 0 4 0 0 0 4 0 8 0 4 0 3 0 0 0 5 0 1 1 0 0 0 0 2 1 0 1 0 0 2 0 6 0 2 0 4 0 8 0 2 0 4 0 4 0 1 0 1 0 1 1 0 0 8 0 7 0 1 0 5 0 6 0 8 0 8 0 4 0 8 0 4 0 4 0 1 0 7 0 7 0 0 0 6 0 4 1 0 0 8 0 3 0 0 0 5 0 1 0 3 0 7 0 3 0 1 0 2 0 5 0 4 0 6 1 0 0 2 0 5 1 0 0 8 0 1 0 2 0 2 0 2 0 5 0 1 0 8 0 3 0 3 1 0 0 4 0 8 0 8 0 0 0 2 0 3 0 1 0 6 0 3 0 2 0 1 0 5 0 0 0 0 0 3 0 5 1 0 0 7 0 8 0 0 0 5 0 4 0 6 1 0 0 4 0 1 0 6 0 1 0 7 1 0 0 8 0 1 0 3 0 0 0 1 0 3 1 0 0 5 1 0 0 2 0 6 0 6 0 5 0 3 0 7 0 2 0 0 1 0 0 8 0 1 0 8 0 5 0 1 0 4 0 1 0 3 0 7 0 5 0 0 1 0 0 6 0 1 0 0 0 7 0 2 0 5
0 279 2 0 6 0 8 0 0 1 0 0 7 1 0 0 7 0 1 0 0 0 4 0 7 1 0 0 5 1 0 0 8 0 4 0 2 0 5 1 0 0 7 0 5 0 8 0 8 0 2 0 2 0 3 1 0 0 7 0 5 0 4 0 1 0 4 0 8 0 8 0 0 0 7 1 0 1 0 0 4 0 5 0 5 0 2 0 3 0 1 0 0 0 6 0 7 0 1 0 0 0 3 0 7 0 4 0 7 0 2 0 5 0 1 0 0 0 4 1 0 0 5 0 2 0 0 0 6 0 3 0 4 0 4 0 5 0 0 0 4 0 6 0 7 0 7 0 8 0 8 0 7 0 7 0 1 0 4 0 6 0 3 0 2 0 7 0 4 0 3 0 0 0 1 0 0 0 7 0 2 0 0 0 5 0 7 0 2 0 1 0 0 0 4 1 0 0 8 0 3 0 2 0 4 0 6 0 0 0 6 0 3 0 6 0 0 0 2 0 7 1 0 0 1 1 0 0 5 0 3 0 4 0 1 0 8 0 4 0 5 0 1 1 0 0 6 0 4 0 7 0 1 0 3 0 8 0 2 0 7 0 5 0 1 0 2 1 0 0 2 0 3 0 1 0 4 0 6 0 1
0 279 5 0 3 0 7 0 2 1 0 0 6 0 0 0 4 0 3 0 0 1 0 0 7 0 0 0 2 0 0 0 6 1 0 0 6 0 2 0 0 0 5 0 2 0 8 0 7 0 5 0 4 0 7 1 0 0 5 0 1 1 0 0 3 1 0 0 8 0 7 0 2 0 6 0 0 0 8 0 8 0 1 0 1 0 5 0 6 0 2 0 1 0 3 0 5 0 3 0 0 0 7 0 5 0 0 0 5 0 6 0 0 0 3 0 1 0 0 0 0 0 0 0 5 0 1 0 2 0 7 1 0 0 0 0 1 0 1 1 0 0 4 0 6 0 6 0 8 0 8 0 6 0 5 0 3 1 0 0 3 0 7 0 5 0 4 1 0 0 7 0 0 0 2 0 1 0 4 0 5 0 1 0 1 0 5 0 5 0 2 0 1 0 0 0 0 0 6 0 7 0 4 1 0 0 3 0 2 0 2 0 8 0 2 0 1 0 5 0 5 1 0 0 3 1 0 0 0 0 7 0 8 0 3 0 7 0 0 0 1 0 4 1 0 0 3 0 0 0 5 0 3 0 7 0 6 0 6 0 5 0 1 0 3 0 5 0 8 0 3 0 6 0 2 1 0 0 3 0 3
1 281 1 0 0 0 8 0 4 0 6 1 0 0 2 0 1 0 8 0 6 0 1 1 0 0 4 0 1 0 4 0 1 0 4 0 0 0 2 0 5 0 1 0 0 0 6 0 7 0 6 0 2 0 0 0 7 0 0 0 0 0 4 0 8 0 6 1 0 0 7 0 5 0 6 0 2 0 2 0 7 0 7 0 3 0 3 0 1 0 3 0 5 0 2 0 7 0 0 0 7 0 1 0 5 0 1 0 2 0 1 0 3 0 1 0 6 0 2 0 0 0 0 0 1 0 0 0 3 0 5 0 5 1 0 0 0 0 2 0 3 0 8 0 8 0 3 0 4 0 8 0 8 0 4 0 1 0 8 0 8 0 6 0 5 0 2 0 1 0 0 0 4 0 1 0 4 0 2 1 0 0 1 0 3 0 3 0 1 0 1 0 5 0 2 0 0 0 1 0 3 0 6 0 0 1 0 0 6 0 4 0 5 0 6 0 5 0 3 0 1 0 2 1 0 0 7 0 8 0 0 0 5 0 7 0 8 0 4 0 1 0 2 1 0 1 0 0 6 0 1 0 0 0 8 0 5 0 4 0 4 0 1 0 3 0 7 0 1 0 7 0 8 0 2 0 6 0 8 0 5 0 6
0 281 2 0 1 0 7 0 0 0 4 1 0 0 4 0 3 0 7 0 3 0 4 0 8 0 7 0 2 0 8 0 2 0 8 0 0 0 5 0 0 0 3 0 1 0 3 0 6 0 3 0 5 0 1 0 4 0 1 0 0 1 0 0 8 0 5 0 0 0 5 0 2 0 3 0 5 0 5 0 5 0 5 0 7 0 6 0 2 0 7 0 0 0 6 0 4 0 2 0 4 0 4 0 0 0 3 0 4 0 2 0 6 0 3 0 2 0 5 0 0 0 0 0 2 0 0 0 7 0 1 0 2 1 0 0 0 0 4 0 7 0 7 0 7 0 7 1 0 0 8 0 7 1 0 0 4 0 7 0 8 0 4 0 1 0 5 0 2 0 0 0 8 0 2 0 8 0 5 0 8 0 1 0 6 0 6 0 2 0 3 0 0 0 5 0 0 0 2 0 7 0 2 0 2 1 0 0 3 0 0 0 2 0 4 0 1 0 7 0 2 0 5 1 0 0 5 0 7 0 2 0 1 0 6 0 7 1 0 0 3 0 5 1 0 1 0 0 2 0 3 0 1 0 7 0 1 1 0 1 0 0 3 0 7 0 4 0 4 0 5 0 7 0 6 0 3 0 8 0 2 0 4
1 281 4 0 3 0 4 0 1 1 0 1 0 0 8 0 7 0 4 0 7 1 0 0 8 0 5 0 6 0 6 0 6 0 6 0 2 0 0 0 1 0 6 0 2 0 7 0 2 0 8 0 0 0 3 0 8 0 2 0 1 1 0 0 7 0 1 0 2 0 0 0 5 0 7 0 1 0 2 0 2 0 2 0 6 0 3 0 6 0 4 0 2 0 2 1 0 0 5 0 8 0 8 0 0 0 6 0 8 0 5 0 2 0 7 0 5 0 0 0 1 0 0 0 4 0 1 0 4 0 3 0 5 0 7 1 0 1 0 0 6 0 6 0 6 0 7 0 0 0 7 0 6 1 0 1 0 0 6 0 7 1 0 0 4 0 0 0 5 0 1 0 6 0 6 0 7 0 2 0 7 0 4 0 3 0 3 0 5 0 6 0 1 0 0 0 1 0 5 0 4 0 5 0 5 0 8 0 5 0 0 0 4 0 8 0 3 0 4 0 6 0 2 0 0 0 1 0 5 0 5 0 3 0 3 0 6 1 0 0 7 0 2 0 0 0 8 0 3 0 6 0 3 0 4 0 4 1 0 0 8 0 6 0 5 0 0 0 0 0 2 0 6 0 3 0 8 0 6 0 5 1 0
1 281 8 0 6 0 8 0 3 1 0 1 0 0 7 0 6 0 0 0 7 0 0 0 7 0 2 0 4 0 4 0 4 0 3 0 5 0 0 0 3 0 2 0 6 0 4 0 6 0 6 0 1 0 7 0 6 0 5 0 3 1 0 0 4 0 3 0 4 0 1 0 1 0 5 0 3 0 4 0 4 0 5 0 2 0 8 0 2 1 0 0 5 0 5 1 0 0 1 0 8 0 7 0 2 0 3 0 8 0 1 0 6 0 5 0 1 0 1 0 2 0 0 0 8 0 2 0 8 0 7 0 1 0 7 0 0 1 0 0 3 0 4 0 4 0 5 0 2 0 5 0 5 0 0 1 0 0 3 0 6 1 0 0 8 0 1 0 0 0 4 0 3 0 4 0 5 0 6 0 4 1 0 0 7 0 7 0 1 0 3 0 3 0 0 0 3 0 1 0 0 0 2 0 2 0 8 0 1 0 1 1 0 0 7 0 7 1 0 0 3 0 5 0 0 0 3 0 1 0 1 0 7 0 7 0 4 0 0 0 4 0 5 0 1 0 6 0 8 0 2 0 7 1 0 0 1 0 0 0 7 0 4 0 1 0 1 0 0 0 5 0 2 0 8 0 7 0 4 0 2 1 0
1 283 1 0 7 0 4 0 7 1 0 0 0 1 0 0 5 0 3 0 2 0 4 0 2 0 4 0 5 0 8 0 8 0 8 0 7 0 0 0 1 0 6 0 5 0 3 0 0 0 4 0 3 0 4 0 5 0 4 0 1 0 8 0 8 0 7 0 6 0 8 0 2 0 3 0 0 0 7 1 0 0 0 0 1 0 6 0 6 0 6 1 0 0 1 0 2 1 0 0 3 0 7 0 5 0 5 0 7 0 6 0 4 0 3 0 1 0 3 0 2 0 4 0 1 0 6 0 6 0 7 0 5 0 4 0 4 0 2 0 8 0 5 1 0 0 0 0 1 0 6 0 1 0 1 0 2 0 8 0 6 0 4 0 0 0 6 0 3 0 0 0 8 0 6 1 0 0 2 0 4 0 1 0 0 0 5 0 5 0 3 0 6 0 6 0 0 0 6 0 2 0 0 0 4 0 5 0 6 0 3 0 3 1 0 0 5 0 6 1 0 0 7 0 0 0 1 0 6 0 2 0 3 0 5 0 5 1 0 0 1 1 0 0 1 0 4 0 3 0 7 0 6 0 5 1 0 0 2 0 1 0 4 1 0 0 3 0 2 0 1 0 0 0 6 0 7 0 5 1 0 0 6 0 7
1 283 3 0 5 0 0 0 6 1 0 0 1 1 0 0 0 0 7 0 4 0 8 0 4 1 0 0 2 0 8 0 8 0 8 0 5 0 1 0 3 0 3 0 1 0 7 0 0 0 8 0 6 1 0 0 1 1 0 0 4 0 7 0 8 0 6 0 4 0 7 0 5 0 6 0 1 0 5 1 0 0 0 0 3 0 3 0 4 0 4 1 0 0 2 0 5 0 8 0 6 0 5 0 2 0 2 0 6 0 3 1 0 0 7 0 2 0 6 0 4 0 8 0 3 0 3 0 4 0 6 0 1 1 0 1 0 0 6 0 7 0 2 1 0 0 0 0 3 0 2 0 3 0 2 0 5 0 7 0 3 1 0 0 2 0 2 0 7 0 1 0 7 0 4 1 0 0 4 0 8 0 2 0 1 0 1 0 1 0 8 0 3 0 3 0 2 0 2 0 5 0 0 1 0 0 2 0 3 0 7 0 7 1 0 0 1 0 5 0 0 0 4 0 1 0 3 0 2 0 5 0 7 0 1 0 2 1 0 0 3 0 8 0 1 0 8 0 7 0 5 0 4 0 2 1 0 0 4 0 2 1 0 1 0 0 6 0 4 0 2 0 1 0 3 0 6 0 3 0 0 0 3 0 6
0 283 7 0 0 0 2 0 3 1 0 0 3 0 8 0 0 0 5 0 0 0 8 0 0 1 0 0 5 0 7 0 8 0 8 0 1 0 3 0 6 0 6 0 3 0 4 0 2 0 7 0 4 1 0 0 3 0 8 0 8 0 5 0 8 0 4 0 0 0 6 0 2 0 3 0 4 0 1 1 0 0 0 0 6 0 6 1 0 0 0 1 0 0 5 0 1 0 8 0 4 0 1 0 5 0 5 0 2 1 0 0 0 0 4 0 6 0 3 0 0 0 7 0 7 0 6 1 0 0 3 0 4 1 0 1 0 0 3 0 5 0 6 0 7 1 0 0 6 0 4 0 6 0 5 0 1 0 5 0 8 0 8 0 3 0 5 0 4 0 4 0 5 0 0 1 0 1 0 0 7 0 5 0 2 0 2 0 3 0 6 0 7 0 6 0 4 0 5 0 0 0 2 0 8 0 3 0 7 0 5 0 6 1 0 0 3 0 0 0 1 0 8 0 2 0 6 0 5 0 1 0 5 0 3 0 5 0 8 0 6 0 6 0 4 0 7 0 6 0 1 1 0 0 6 0 8 0 7 0 5 1 0 1 0 0 2 1 0 0 5 0 2 0 7 0 2 0 7 0 0 0 7 0 3
1 285 1 0 4 0 1 0 4 0 7 0 8 0 6 0 6 0 2 0 0 0 2 0 6 0 2 1 0 0 1 0 6 0 8 0 7 0 3 0 7 0 3 0 3 0 7 0 8 0 5 0 5 0 0 1 0 0 7 0 7 0 8 0 2 0 7 1 0 0 2 0 2 0 5 0 6 0 8 0 3 0 8 0 0 0 3 0 4 1 0 0 1 1 0 0 0 0 4 0 6 1 0 0 4 0 1 0 1 0 6 0 7 1 0 1 0 0 3 0 7 0 1 0 5 0 6 0 4 1 0 0 7 0 0 0 0 0 8 0 6 0 1 0 4 0 7 0 0 0 3 0 0 0 4 0 1 0 4 0 1 0 8 0 7 0 8 0 1 0 0 0 0 0 1 0 2 1 0 1 0 0 5 0 1 0 5 0 4 0 7 0 3 0 6 0 4 0 0 0 1 0 1 0 5 0 6 0 8 0 5 0 2 0 4 1 0 0 6 0 0 0 3 0 6 0 6 0 3 0 1 0 4 0 0 0 8 0 1 0 8 0 4 0 4 0 0 0 6 0 3 0 4 1 0 0 3 0 8 0 6 0 3 0 0 0 8 0 4 1 0 0 0 0 6 0 4 0 6 0 4 0 2 0 4 0 7
1 285 2 0 8 0 2 1 0 0 6 0 8 0 4 0 3 0 5 0 0 0 5 0 2 0 6 0 8 0 2 0 3 0 8 0 5 0 8 0 4 0 7 0 7 0 5 0 8 0 2 0 1 0 2 1 0 0 5 0 6 0 7 0 6 0 5 1 0 0 4 0 5 0 1 0 4 0 7 0 8 0 6 0 1 0 6 1 0 1 0 0 3 0 7 1 0 1 0 0 4 1 0 0 8 0 2 0 3 0 3 0 7 0 0 0 8 0 6 0 4 0 4 0 1 0 4 0 1 0 0 0 4 0 1 0 1 0 7 0 3 0 3 1 0 0 5 0 1 0 6 0 0 0 8 0 2 0 8 0 3 0 7 0 6 0 7 0 3 0 0 0 0 0 2 0 5 1 0 1 0 0 0 0 4 0 1 0 0 0 5 0 8 0 2 1 0 0 1 0 2 0 3 0 1 0 4 0 8 0 1 0 6 0 0 0 0 0 2 0 1 0 7 0 3 0 3 0 7 0 2 0 8 0 1 0 6 0 4 0 6 1 0 1 0 0 2 0 2 0 7 1 0 1 0 0 7 0 7 0 3 0 7 0 1 0 7 0 0 1 0 0 1 0 3 0 0 0 3 1 0 0 5 1 0 0 6
0 285 5 0 6 0 6 1 0 0 3 0 7 1 0 0 8 0 0 0 2 0 0 0 6 0 3 0 7 0 5 0 7 0 7 0 2 0 8 0 0 0 6 0 6 0 2 0 7 0 5 0 2 0 5 1 0 0 1 0 4 0 6 0 4 0 2 1 0 1 0 0 1 0 3 1 0 0 6 0 8 0 3 0 4 0 4 0 0 0 8 0 6 0 6 0 0 1 0 0 0 0 0 0 6 0 5 0 6 0 7 0 4 0 2 0 7 0 3 1 0 1 0 0 3 0 8 0 2 0 0 0 8 0 2 0 3 0 4 0 7 0 7 1 0 0 0 0 4 0 2 0 2 0 6 0 6 0 6 0 8 0 5 0 4 0 5 0 7 0 0 0 0 0 5 0 2 0 0 0 7 1 0 0 8 0 2 0 1 0 1 0 7 0 6 0 8 0 1 0 4 0 6 0 2 1 0 0 7 0 4 0 2 0 1 0 0 0 4 0 3 0 4 0 7 0 7 0 4 0 6 0 6 0 4 0 3 0 0 0 5 0 0 0 8 0 3 0 5 0 6 0 0 1 0 0 5 0 5 0 8 0 4 0 4 0 4 0 2 0 8 0 1 0 6 0 0 0 7 1 0 0 2 0 0 0 3
1 287 1 0 1 0 4 0 4 1 0 0 7 0 6 0 0 0 6 0 1 0 4 0 1 0 2 0 8 0 5 0 2 0 6 0 5 0 6 0 6 0 2 0 3 0 3 0 6 0 5 0 1 0 6 0 1 1 0 0 2 1 0 0 3 1 0 0 6 1 0 0 8 0 1 0 7 1 0 0 3 0 7 0 7 0 8 0 8 0 1 0 7 0 4 0 3 0 2 0 7 1 0 0 1 0 3 0 2 0 4 0 5 1 0 0 6 0 4 1 0 0 0 0 8 0 6 0 6 0 5 0 1 0 6 0 5 0 6 1 0 0 6 0 6 1 0 0 0 0 8 0 4 0 5 0 3 0 4 0 4 0 8 0 2 0 0 0 2 0 5 0 1 0 1 0 0 0 5 0 1 0 6 0 0 0 6 0 5 0 2 0 3 0 5 0 4 0 7 0 3 1 0 0 3 0 6 1 0 0 4 1 0 0 5 0 2 0 0 0 8 0 6 1 0 0 6 0 6 0 0 0 4 0 3 1 0 0 7 0 1 0 0 0 2 0 6 0 8 0 1 0 3 0 2 1 0 0 1 0 2 0 7 1 0 1 0 1 0 0 6 0 6 0 4 0 2 0 2 0 5 1 0 0 4 0 0 0 6
0 287 2 0 2 1 0 0 1 0 0 0 5 0 3 0 2 0 2 0 3 0 8 0 2 0 5 0 7 0 1 0 6 0 3 0 2 0 4 0 3 0 5 0 6 0 7 0 3 0 1 0 4 0 2 0 4 0 8 0 4 0 8 0 6 1 0 0 4 0 0 0 6 0 4 0 5 1 0 0 7 0 5 0 6 0 8 0 7 0 4 0 4 1 0 0 7 0 5 0 5 1 0 0 2 0 6 0 4 1 0 0 3 0 0 0 3 0 0 1 0 0 1 0 7 0 4 0 4 0 1 0 4 0 3 0 2 0 5 0 0 0 3 0 4 1 0 0 1 0 7 0 0 0 1 0 7 1 0 0 0 0 7 0 5 0 0 0 5 0 0 0 3 0 2 0 1 0 0 0 4 0 2 0 2 0 3 0 1 0 5 0 7 0 1 0 0 0 5 0 8 0 8 0 6 0 4 0 0 0 0 0 0 0 0 0 5 0 1 0 7 0 5 0 0 0 3 0 3 0 1 0 8 0 7 1 0 0 4 0 3 0 0 0 5 0 3 0 7 0 3 0 6 0 5 0 8 0 1 0 5 0 6 0 0 1 0 1 0 0 3 0 3 1 0 0 5 0 5 0 1 1 0 0 8 0 1 0 3
1 287 4 0 5 0 8 0 1 0 1 0 0 0 7 0 4 0 4 0 7 0 6 0 6 0 1 0 5 0 4 0 2 0 7 0 4 0 8 0 7 0 1 0 4 0 5 0 7 0 2 0 8 0 4 1 0 0 8 0 0 0 8 0 4 1 0 0 8 0 1 0 3 0 0 0 3 0 0 0 5 0 2 0 4 0 8 0 6 0 0 0 1 0 0 0 5 0 2 0 2 1 0 0 5 0 3 0 0 1 0 0 6 0 0 0 6 0 1 0 8 0 2 0 4 1 0 1 0 0 3 0 8 0 6 0 5 0 0 0 1 0 6 1 0 1 0 0 3 0 4 0 1 0 3 0 5 1 0 0 1 0 5 0 1 0 2 0 0 0 1 0 6 0 4 0 2 0 0 0 8 0 4 0 4 0 6 0 3 0 1 0 5 0 3 0 1 0 1 0 8 0 8 0 3 1 0 0 1 0 0 0 0 0 1 0 0 0 4 0 5 0 1 0 1 0 6 0 6 0 3 0 7 0 6 1 0 0 8 0 6 0 1 0 0 0 8 0 4 0 8 0 3 0 2 0 7 0 4 0 1 0 3 0 2 1 0 0 8 0 5 0 7 1 0 0 1 0 1 0 4 1 0 0 6 0 3 0 6
0 288 1 0 0 2 0 7 0 3 0 2 0 1 0 5 0 0 0 0 0 6 0 4 0 3 0 4 0 0 1 0 0 6 0 5 0 0 0 8 0 5 0 3 1 0 0 2 0 5 0 6 0 7 0 1 0 0 0 6 0 2 0 7 0 1 0 0 0 6 0 3 0 6 0 0 0 6 0 1 0 0 0 5 1 0 0 8 0 3 0 1 0 2 0 1 0 0 0 5 0 5 1 0 0 0 0 7 0 1 1 0 0 2 0 2 0 2 0 4 0 6 0 6 0 0 0 0 0 8 0 6 0 7 0 4 0 1 0 1 0 3 0 4 0 0 0 8 0 5 0 8 0 2 0 7 0 1 1 0 0 3 0 0 0 3 0 4 0 0 0 3 0 2 1 0 0 5 0 1 0 7 0 0 0 0 0 3 0 7 0 3 0 0 0 7 0 2 0 3 0 7 0 7 0 8 0 8 0 1 0 0 0 0 0 2 0 0 1 0 0 1 0 3 0 3 0 3 0 3 0 8 0 5 0 5 0 0 0 7 0 3 0 3 0 1 0 7 0 0 0 7 0 7 0 5 0 4 1 0 0 3 0 6 0 5 1 0 0 7 0 2 0 6 1 0 0 2 0 3 0 0 0 0 0 2 0 8 0 3
1 289 1 0 8 0 4 0 4 0 7 0 4 0 3 0 0 0 1 0 1 0 2 1 0 0 7 0 8 0 1 1 0 0 3 0 1 0 2 0 7 0 1 0 8 0 8 0 4 0 1 0 4 0 5 0 3 0 1 0 2 0 6 0 4 0 3 0 1 0 2 0 8 0 2 0 2 0 2 0 3 0 1 0 2 0 0 0 6 0 7 0 2 0 4 0 2 0 1 0 1 0 2 1 0 0 1 0 4 0 4 0 8 0 3 0 4 0 4 1 0 0 4 0 3 0 1 0 1 0 7 0 4 0 5 1 0 0 3 0 2 0 6 0 8 0 1 0 7 0 2 0 7 0 6 0 4 0 4 0 8 0 5 0 0 0 6 0 8 0 0 0 6 0 5 1 0 0 0 0 4 0 4 0 1 0 0 0 7 0 4 0 7 0 1 0 4 0 5 0 7 0 5 0 6 0 8 0 7 0 3 0 0 0 0 0 4 0 1 0 8 0 1 0 6 0 6 0 6 0 7 0 7 0 2 0 1 0 2 0 4 0 7 0 6 0 3 0 4 0 2 0 5 0 6 0 2 0 0 1 0 0 7 0 3 0 3 0 0 0 4 0 6 0 3 1 0 0 4 0 6 0 0 0 0 0 5 0 6 0 7
1 289 3 0 7 0 0 0 0 0 5 1 0 0 7 0 0 0 2 0 2 0 5 1 0 0 5 0 7 0 4 0 8 0 5 0 2 0 5 0 4 0 4 0 7 0 7 1 0 0 3 1 0 0 1 0 7 0 2 0 5 0 2 1 0 0 7 0 2 0 5 0 6 0 5 0 4 0 4 0 6 0 2 0 4 0 1 0 3 0 5 0 5 0 8 0 4 0 2 0 2 0 5 0 8 0 1 1 0 0 0 0 7 0 7 1 0 0 0 1 0 0 8 0 6 0 2 0 3 0 5 0 0 0 2 1 0 0 6 0 5 0 3 0 7 0 4 0 4 0 6 0 5 0 4 0 0 0 0 0 8 0 1 0 2 0 3 0 7 0 2 0 3 0 2 1 0 0 0 0 8 0 8 0 2 0 1 0 5 0 0 0 5 0 3 1 0 0 2 0 6 0 2 0 4 0 8 0 5 0 7 0 0 0 0 0 8 0 3 0 6 0 4 0 3 0 4 0 4 0 6 0 5 0 5 0 2 0 4 1 0 0 6 0 3 0 7 0 8 0 5 0 1 0 3 0 5 0 1 1 0 0 4 0 7 0 6 0 0 1 0 0 3 0 8 0 8 0 8 0 2 0 1 0 1 0 1 0 4 0 6
0 289 7 0 4 0 1 0 1 0 2 0 0 0 4 0 1 0 4 0 5 0 2 0 0 0 1 0 6 0 0 0 8 0 1 0 6 0 1 0 0 0 0 0 6 0 6 1 0 0 7 0 8 0 2 0 4 0 6 0 0 0 6 1 0 0 4 0 6 0 1 0 4 0 2 0 0 0 0 0 3 0 5 0 8 0 2 0 7 0 1 0 2 0 7 1 0 0 5 0 5 0 1 0 7 0 4 0 8 0 0 0 5 0 6 1 0 0 1 1 0 0 7 0 3 0 5 0 7 0 0 0 1 0 5 1 0 0 3 0 1 0 8 0 5 0 0 0 0 0 4 0 1 1 0 0 1 0 1 0 6 0 3 0 4 0 7 0 4 0 5 0 6 0 5 0 8 0 0 0 7 0 7 0 5 0 3 0 0 0 2 0 0 0 8 0 8 0 4 0 2 0 5 1 0 0 8 0 2 0 5 0 1 0 1 0 6 0 8 0 2 1 0 0 7 1 0 0 0 0 4 0 2 0 1 0 6 0 0 0 0 0 2 0 8 0 5 0 8 0 1 0 3 0 7 0 0 0 4 0 8 0 8 0 5 0 3 0 2 0 8 0 6 0 7 0 8 0 7 0 5 0 2 0 2 0 2 1 0 0 4
1 291 1 0 4 1 0 0 3 0 2 0 4 0 0 0 8 0 2 1 0 0 1 0 5 0 0 0 3 0 2 0 2 0 6 0 4 0 2 0 3 0 0 0 1 0 3 0 5 0 0 0 5 0 7 0 5 1 0 0 3 0 2 0 3 1 0 1 0 0 3 0 3 0 8 0 4 0 0 0 0 0 7 0 1 0 7 0 6 0 4 0 3 0 5 0 6 0 0 0 1 0 1 0 4 0 5 0 0 0 7 0 2 0 1 0 4 1 0 0 3 1 0 0 4 0 8 0 1 0 5 0 1 0 3 0 1 1 0 0 6 0 3 0 7 0 1 0 1 0 0 0 8 0 3 0 8 0 1 0 3 0 2 0 7 1 0 0 6 0 0 0 2 0 4 0 2 0 7 0 2 0 5 0 6 0 1 0 7 0 0 0 4 0 1 0 7 0 7 1 0 0 6 0 2 0 0 0 6 0 6 0 0 0 3 0 3 0 3 0 7 0 6 1 0 0 5 1 0 0 0 0 8 0 4 0 3 0 2 0 1 0 0 0 5 0 7 0 2 0 7 0 3 0 7 0 4 0 1 1 0 0 8 0 8 0 1 0 7 0 5 0 7 0 4 0 6 0 8 0 6 0 1 0 5 0 4 0 5 0 8 0 7
1 291 2 1 0 1 0 0 6 0 4 0 8 0 1 0 6 0 6 0 8 0 2 0 0 0 1 0 6 0 4 0 5 0 2 1 0 0 5 0 6 0 0 0 2 0 7 0 0 0 2 0 1 0 6 0 2 1 0 0 6 0 4 0 7 1 0 0 8 0 5 0 7 0 6 1 0 0 1 0 1 0 4 0 4 0 5 0 3 1 0 0 8 0 1 0 3 0 1 0 2 0 2 1 0 0 1 0 2 0 4 0 5 0 2 1 0 1 0 0 7 0 8 0 8 0 6 0 4 0 0 0 3 0 6 0 3 1 0 0 2 0 8 0 4 0 3 0 2 0 1 0 6 0 8 0 6 0 3 0 6 0 5 0 6 0 0 0 2 0 1 0 4 0 8 0 5 0 4 0 6 0 1 0 3 0 4 0 4 0 1 0 8 0 3 0 5 0 7 0 0 0 2 0 5 0 1 0 3 0 3 0 1 0 6 0 6 0 7 0 5 0 5 0 0 0 1 1 0 0 1 0 6 1 0 0 7 0 4 0 2 0 1 0 1 0 5 0 6 0 4 0 8 0 4 1 0 0 4 1 0 0 7 0 7 0 4 0 5 0 2 0 6 0 0 0 4 0 8 0 3 0 4 0 1 0 0 0 2 0 8 0 6
1 291 5 1 0 1 0 0 3 0 0 0 7 0 4 0 3 0 4 0 7 0 5 0 0 0 3 0 3 0 0 0 1 0 6 1 0 0 1 0 3 0 1 0 5 0 4 0 1 0 4 0 3 0 2 0 6 1 0 0 3 0 0 0 7 0 0 0 7 0 2 0 6 0 4 1 0 0 2 0 2 1 0 0 0 0 1 1 0 0 0 0 6 0 3 0 6 0 2 0 4 0 5 0 8 0 1 0 4 1 0 0 1 0 6 1 0 1 0 0 5 0 8 0 8 0 3 1 0 0 1 0 7 0 2 0 8 0 8 0 4 0 6 1 0 0 7 0 4 0 3 0 3 0 8 0 3 0 8 0 3 0 2 0 3 0 1 0 4 0 2 1 0 0 8 0 2 0 0 0 3 0 3 0 6 0 8 0 8 0 3 0 6 0 8 0 1 0 5 0 1 0 5 0 0 0 3 0 6 0 6 0 3 0 3 0 4 0 6 0 2 0 1 0 1 0 3 0 8 0 2 0 4 0 0 0 4 1 0 0 5 0 2 0 3 0 1 0 4 0 0 0 8 0 1 0 0 0 0 0 0 0 5 0 6 0 0 0 1 0 6 0 2 0 1 1 0 0 7 0 7 0 8 0 2 0 0 0 5 0 7 0 4
0 293 1 0 2 0 0 0 8 0 5 0 1 0 4 1 0 0 7 1 0 0 6 0 1 0 1 0 6 0 6 0 0 0 3 0 3 1 0 0 2 0 6 0 3 0 0 1 0 0 3 0 8 0 6 0 5 0 3 1 0 0 6 0 1 0 4 0 2 0 4 0 6 0 3 0 0 1 0 0 4 0 5 0 7 1 0 0 3 0 8 0 0 0 2 0 8 0 2 0 5 1 0 0 2 0 7 0 3 1 0 1 0 0 3 0 4 0 0 1 0 0 1 0 8 0 7 0 8 0 8 0 2 0 4 0 6 0 7 0 8 0 0 0 5 0 0 0 4 1 0 0 7 0 7 0 6 0 8 0 6 0 7 0 4 0 6 0 2 0 8 0 5 1 0 0 6 0 5 0 0 0 6 0 7 0 3 0 8 0 7 0 8 0 3 0 7 0 4 0 0 0 4 0 0 0 1 0 7 0 3 0 3 0 7 0 6 1 0 0 3 0 5 0 2 0 2 0 7 0 6 0 5 0 8 0 1 0 0 0 0 0 0 0 5 0 6 0 2 0 8 0 1 0 6 0 3 0 0 0 0 0 1 0 1 0 3 0 1 0 3 0 2 0 5 0 3 1 0 0 5 0 6 0 7 0 5 0 1 0 1 0 6 0 0
0 293 2 0 4 0 1 0 7 0 1 0 4 0 0 0 0 0 6 0 0 0 2 0 3 0 3 0 3 0 3 0 1 0 6 0 7 0 8 0 4 0 2 0 7 0 1 0 8 0 6 0 7 0 4 0 1 1 0 0 0 0 2 0 3 0 8 0 4 1 0 0 3 0 7 0 1 0 8 0 8 0 1 0 6 1 0 0 7 0 6 0 1 0 5 0 6 0 6 0 1 1 0 0 5 0 4 1 0 0 0 0 8 0 5 0 8 0 1 0 8 0 2 0 7 0 6 0 8 0 7 0 5 1 0 0 4 0 6 0 7 0 2 0 0 0 2 0 0 0 0 0 5 0 6 0 4 0 8 0 4 0 6 0 0 0 3 0 6 0 7 0 3 0 0 0 3 0 1 0 2 0 3 0 5 0 8 0 7 0 6 0 7 0 8 0 4 1 0 0 1 0 8 0 0 0 3 0 4 0 7 0 7 0 5 0 4 1 0 0 7 0 0 0 5 0 5 0 5 0 4 0 2 0 7 0 3 0 0 0 0 0 1 0 1 0 3 0 6 0 6 0 4 0 2 0 7 0 0 0 0 0 2 0 2 0 6 0 2 0 6 0 5 0 0 1 0 0 0 0 1 0 4 0 6 0 1 0 3 0 3 0 2 0 1
0 293 4 0 8 0 3 0 4 0 3 0 8 0 0 0 1 0 2 0 1 0 4 0 6 0 6 0 6 0 6 0 3 0 3 0 6 0 7 1 0 0 6 0 4 0 4 0 7 0 4 0 5 1 0 0 4 0 7 1 0 0 4 0 7 0 7 0 0 1 0 0 7 0 4 0 4 0 7 0 7 0 4 0 4 0 0 0 5 0 3 0 4 0 1 0 4 0 3 0 4 1 0 0 1 0 0 1 0 0 1 0 7 0 2 0 7 0 4 0 6 0 6 0 5 0 4 0 8 0 6 0 2 1 0 1 0 0 4 0 5 0 5 0 0 0 4 0 0 0 1 0 1 0 4 0 0 0 8 0 0 0 3 0 1 0 7 0 3 0 5 0 7 0 0 0 6 0 2 0 4 0 7 0 1 0 8 0 6 0 4 0 6 0 8 0 0 1 0 0 3 0 6 0 1 0 6 1 0 0 6 0 6 0 2 0 1 0 0 0 4 0 2 0 1 0 2 0 1 1 0 0 6 0 4 0 7 0 0 0 0 0 2 0 2 0 7 0 3 0 3 1 0 0 6 0 4 0 1 0 0 0 4 0 5 0 2 0 6 0 3 0 1 0 2 0 7 1 0 0 2 1 0 0 3 0 3 0 6 0 6 0 4 0 2
1 294 1 0 0 7 0 7 0 8 0 7 0 6 0 1 0 2 0 4 0 2 1 0 0 4 0 4 0 4 0 3 0 7 0 7 0 3 0 7 0 0 0 3 0 0 0 0 0 6 0 0 0 2 1 0 1 0 0 6 1 0 1 0 0 6 0 5 0 2 1 0 0 5 0 0 0 0 0 6 0 5 1 0 1 0 0 2 0 0 0 7 0 8 0 2 0 8 0 6 1 0 1 0 0 2 0 1 0 8 0 2 0 4 0 6 0 5 0 0 0 4 0 4 0 2 0 0 0 8 0 3 0 6 1 0 0 8 0 8 0 1 0 1 0 1 0 8 0 0 0 2 0 2 0 8 0 1 0 6 0 1 0 6 0 3 0 4 0 8 0 1 0 5 0 2 0 2 0 5 1 0 0 5 0 4 0 7 0 4 0 0 0 4 0 7 0 2 0 8 0 6 0 2 0 4 0 4 0 0 0 3 0 3 0 5 0 2 0 0 0 8 0 4 0 2 0 4 0 3 1 0 0 3 0 0 0 5 0 1 0 0 0 4 0 5 0 4 0 7 0 7 1 0 0 2 1 0 0 3 0 0 1 0 0 1 0 6 0 2 0 7 0 2 0 5 0 5 1 0 0 5 0 8 0 5 0 7 0 3 0 3 1 0 0 5
0 295 1 1 0 0 5 0 6 0 8 0 6 0 3 0 3 0 4 0 8 0 5 0 8 0 7 0 8 0 8 0 7 0 5 0 5 0 8 0 4 0 1 0 6 0 0 0 1 0 2 0 1 0 5 1 0 1 0 0 4 0 0 1 0 0 3 0 1 0 6 1 0 0 0 0 1 0 1 0 3 0 3 0 0 0 8 0 3 0 1 0 5 0 7 0 6 0 7 0 5 0 0 0 8 0 3 0 3 0 6 0 5 1 0 0 4 0 1 0 1 0 8 0 8 0 4 0 1 0 6 0 8 0 4 0 0 0 7 0 7 0 3 0 2 0 3 0 6 0 1 0 4 0 5 0 6 0 4 0 2 0 4 0 2 0 7 1 0 0 7 0 4 0 0 0 5 0 5 0 2 0 0 0 1 0 0 0 5 1 0 0 1 1 0 0 5 0 6 0 7 0 3 0 5 0 8 0 8 0 0 0 6 0 7 0 0 0 5 0 1 0 6 1 0 0 5 0 8 0 7 0 8 0 5 0 1 0 0 0 3 0 0 1 0 0 2 0 0 0 6 0 6 1 0 0 5 0 8 0 5 0 1 0 8 0 2 0 2 0 6 0 4 0 6 0 1 0 3 0 0 0 1 0 8 0 2 0 5 0 7 0 7 1 0 0 1
0 295 3 1 0 0 1 0 4 0 8 0 3 0 7 0 6 1 0 0 8 0 2 0 8 0 6 0 8 0 8 0 6 0 2 0 2 0 7 1 0 0 4 0 2 0 1 0 2 0 4 0 3 0 2 0 0 0 8 0 7 0 1 0 8 0 5 0 3 0 3 1 0 0 0 0 2 0 2 0 6 0 6 0 1 0 6 0 7 0 3 0 1 0 6 0 4 0 6 0 1 0 2 0 6 0 7 0 7 0 3 0 2 1 0 0 8 0 2 0 3 0 7 0 7 1 0 0 4 0 3 0 7 1 0 0 2 0 5 0 5 0 7 0 4 0 7 0 2 0 3 1 0 0 2 0 3 1 0 0 5 0 8 0 5 0 6 0 0 0 4 1 0 0 2 0 1 0 1 0 5 0 0 0 2 0 1 0 1 1 0 0 3 1 0 0 1 0 4 0 5 0 8 0 1 0 8 0 7 0 2 0 3 0 5 0 2 0 0 0 4 0 4 0 0 0 1 0 8 0 6 0 8 0 1 0 3 0 0 0 6 0 1 0 8 0 3 0 1 0 3 0 5 0 0 0 1 0 8 0 1 0 4 0 6 0 5 0 5 0 3 0 0 0 3 0 3 0 6 0 0 0 3 0 6 0 6 0 1 0 6 0 6 1 0 0 2
0 295 7 0 8 0 1 1 0 0 7 0 8 0 5 0 5 0 0 0 6 0 6 0 7 0 4 0 8 0 8 0 3 0 5 0 5 0 5 1 0 0 8 0 4 0 2 0 4 0 8 0 6 0 4 0 1 0 7 0 5 0 4 0 7 0 1 0 7 0 7 0 7 1 0 0 4 0 5 0 3 0 3 0 4 0 3 0 5 0 7 0 3 0 3 0 0 0 3 0 3 0 5 0 3 0 6 0 5 0 7 0 5 1 0 0 6 0 5 0 7 0 5 0 6 1 0 0 8 0 7 0 5 1 0 0 5 0 1 0 2 0 6 0 0 0 5 0 5 0 7 0 8 0 3 0 7 1 0 0 1 0 8 0 2 0 3 0 1 1 0 1 0 0 4 0 2 0 3 0 0 0 1 0 4 0 2 0 3 0 8 0 6 0 8 0 1 1 0 0 2 0 7 0 4 0 7 0 5 0 5 0 7 0 0 0 5 0 0 0 8 0 8 0 0 0 3 0 7 0 4 0 7 0 3 0 6 0 1 0 2 0 4 0 6 0 7 0 2 0 7 0 0 0 1 0 3 0 6 0 3 1 0 0 4 0 2 0 1 0 7 0 0 0 6 0 7 0 2 0 1 0 7 0 3 0 3 0 4 0 3 0 4 1 0 0 4
1 297 1 0 5 0 7 0 4 1 0 0 5 0 8 0 2 0 1 0 2 0 3 0 4 0 6 0 0 0 8 0 7 0 8 0 1 0 2 0 3 0 0 0 6 1 0 0 5 1 0 0 8 0 3 1 0 0 4 0 5 0 2 0 0 0 5 0 4 0 5 0 6 0 6 1 0 1 0 0 1 0 7 0 6 0 8 0 7 0 1 0 5 0 7 0 6 0 0 0 6 0 7 0 0 0 8 0 3 0 2 0 6 0 3 0 0 0 3 0 2 0 6 0 2 0 5 0 0 0 7 0 6 0 3 0 0 0 0 0 3 0 5 0 2 0 2 0 1 0 2 0 6 0 7 0 8 0 5 1 0 0 3 0 6 0 5 0 6 0 3 1 0 0 8 0 7 0 4 0 6 0 0 0 2 0 8 0 4 0 7 0 7 0 4 0 7 0 4 0 8 0 4 0 5 0 0 0 6 0 2 0 2 0 5 0 2 0 0 0 2 0 7 0 7 0 1 0 7 0 5 0 0 0 5 0 8 0 2 0 3 0 4 1 0 0 4 0 5 0 6 0 4 0 1 0 2 0 7 0 2 0 8 0 8 0 7 0 4 0 3 0 4 0 2 0 3 0 5 0 5 0 3 0 4 0 7 0 6 0 8 0 6 1 0 1 0 1 0
1 297 3 0 1 0 6 0 1 0 0 0 1 0 7 0 5 0 2 0 4 0 6 1 0 0 3 0 2 0 7 0 6 0 7 0 3 0 4 0 6 0 1 0 4 0 0 0 2 0 0 0 6 0 8 0 8 0 8 0 0 0 5 0 1 0 1 0 0 0 2 0 4 0 5 0 0 0 8 0 2 0 5 0 4 0 8 0 5 0 4 0 1 0 6 0 3 0 2 0 3 0 5 0 2 0 6 0 7 0 5 0 2 0 7 0 0 0 6 0 5 0 2 0 6 0 0 0 2 0 5 0 3 0 7 0 0 0 0 0 7 0 0 0 5 0 4 0 2 0 5 0 3 0 6 0 8 0 2 1 0 0 7 0 3 0 2 0 3 1 0 0 0 0 7 0 6 0 0 0 3 0 1 0 5 0 7 0 0 0 6 0 6 0 0 0 6 0 0 0 8 0 0 0 1 0 2 0 2 0 5 0 5 0 0 0 5 0 0 0 5 0 5 0 5 0 4 0 5 0 1 0 2 0 1 0 7 0 5 0 6 1 0 1 0 1 0 0 2 0 3 1 0 0 3 0 5 0 4 0 6 0 7 0 8 0 5 1 0 0 7 0 8 0 4 0 7 0 1 0 1 0 7 1 0 0 6 0 4 0 8 0 5 0 0 1 0 0 7
1 297 6 0 3 0 2 0 3 0 0 0 3 0 5 0 1 0 5 1 0 0 4 1 0 0 6 0 5 0 5 0 4 0 5 0 7 1 0 0 3 0 3 0 8 0 0 0 4 0 1 0 3 0 8 0 8 0 7 0 2 0 0 0 3 0 2 0 0 0 4 1 0 0 1 0 2 0 6 0 6 0 1 0 0 0 8 0 1 1 0 0 4 0 2 0 7 0 4 0 7 0 0 0 6 0 3 0 6 0 1 0 6 0 4 0 2 0 3 0 1 0 6 0 2 0 1 0 5 0 0 0 8 0 4 0 1 0 1 0 4 0 2 0 0 1 0 0 6 0 0 0 8 0 3 0 7 0 6 1 0 0 4 0 7 0 4 0 7 0 8 0 0 0 5 0 3 0 1 0 6 0 3 0 1 0 5 0 2 0 3 0 3 0 2 0 2 0 2 0 6 0 1 0 2 0 4 0 5 0 1 0 1 0 2 0 0 0 2 0 1 0 2 0 2 0 0 0 1 0 3 0 4 0 3 0 5 0 2 0 5 0 0 1 0 0 8 0 3 0 7 0 8 0 6 0 1 0 0 0 4 0 6 0 8 0 3 0 0 0 5 0 8 0 0 0 5 0 3 0 3 0 6 0 0 0 3 0 0 0 8 0 1 0 2 1 0 0 5
0 299 1 0 2 0 7 0 4 0 6 0 0 0 7 0 0 0 4 0 2 0 0 0 0 0 0 0 3 0 2 0 2 0 0 0 2 0 6 1 0 0 6 0 7 0 6 0 1 0 8 0 2 0 7 0 7 0 8 0 5 0 5 0 0 0 6 0 4 0 0 1 0 1 0 0 2 0 5 0 3 0 3 0 3 0 1 0 6 0 4 0 8 0 7 0 5 0 5 0 0 0 5 0 2 0 2 0 8 0 2 0 4 0 2 1 0 0 5 0 6 0 3 0 2 0 5 0 3 0 0 0 2 0 6 1 0 0 3 0 2 0 8 0 4 0 1 1 0 0 2 0 2 0 6 0 8 0 5 0 4 1 0 1 0 0 6 0 0 0 6 0 7 0 2 0 0 0 7 0 3 0 2 0 7 0 3 0 0 0 5 0 6 0 6 0 4 0 4 0 5 0 2 0 3 0 4 1 0 0 1 0 3 0 2 0 4 0 0 0 4 0 2 0 4 0 4 0 0 0 2 0 6 0 8 0 7 0 0 0 6 0 0 0 2 1 0 0 6 0 8 0 5 0 8 0 3 0 3 0 0 1 0 0 4 0 7 0 7 0 1 0 1 0 7 0 2 0 0 0 7 0 7 0 2 0 1 0 6 0 1 0 6 0 3 0 5 1 0 0 1
0 299 2 0 5 0 5 0 0 0 3 0 2 0 4 0 1 0 8 0 4 0 0 0 0 0 0 0 6 0 4 0 4 0 0 0 5 0 4 0 0 0 3 0 6 0 3 0 4 0 6 0 6 0 5 0 6 0 8 0 2 0 1 0 2 0 2 1 0 0 2 1 0 0 8 0 4 0 0 0 7 0 6 0 6 0 3 0 3 0 0 0 8 0 6 0 2 0 1 0 2 0 0 0 5 0 5 0 6 0 5 0 8 0 5 1 0 0 1 0 3 0 7 0 5 0 0 0 7 0 0 0 5 0 3 1 0 0 6 0 5 0 6 1 0 0 4 0 8 0 3 0 5 0 3 0 8 0 2 0 1 0 0 1 0 0 2 0 2 0 3 0 5 0 5 0 1 0 4 0 7 0 5 0 4 0 7 0 1 0 1 0 4 0 4 0 0 0 0 0 1 0 5 0 6 1 0 1 0 0 2 0 6 0 4 0 8 0 0 0 8 0 4 0 8 0 8 0 0 0 5 0 3 0 8 0 5 0 2 0 2 0 1 0 5 1 0 0 3 0 8 0 2 0 7 0 7 0 6 0 1 0 8 0 8 0 5 0 5 0 3 0 3 0 4 0 5 0 1 0 5 0 5 0 5 0 3 0 2 0 4 0 2 0 8 0 1 1 0 0 2
0 299 5 0 1 0 1 0 1 0 6 0 4 0 8 0 3 0 6 1 0 0 1 0 0 0 1 0 2 1 0 1 0 0 2 0 0 1 0 0 1 0 7 0 2 0 7 1 0 0 4 0 4 0 2 0 4 0 7 0 5 0 2 0 4 0 5 0 8 0 4 1 0 0 6 1 0 0 2 0 5 0 4 0 3 0 7 0 6 0 1 0 7 0 3 0 5 0 2 0 4 0 1 0 1 0 2 0 4 0 2 0 8 0 2 1 0 0 2 0 7 0 5 0 1 0 2 0 4 0 2 0 0 1 0 0 0 0 3 0 2 0 4 1 0 1 0 0 7 0 8 0 0 0 8 0 6 0 5 0 2 0 1 0 8 0 3 0 4 0 7 0 1 0 1 0 3 1 0 0 6 0 2 0 0 0 5 0 3 0 2 0 8 0 8 0 0 0 0 0 3 0 1 0 5 0 0 0 8 0 4 0 3 0 0 0 7 0 2 0 7 0 0 0 8 0 7 0 2 0 0 0 8 0 7 0 1 0 5 0 4 0 3 0 1 1 0 0 7 0 6 0 6 0 5 0 6 0 3 0 4 0 7 0 8 0 2 0 1 0 7 0 6 1 0 0 1 0 4 0 1 0 2 0 1 0 7 0 4 0 8 0 5 0 6 0 4 0 8 0 3
1 301 1 0 0 0 3 0 2 0 3 0 3 0 0 0 7 0 8 0 3 1 0 0 2 0 0 0 2 0 5 1 0 0 8 0 3 0 1 0 8 0 2 0 4 0 6 0 5 1 0 0 8 0 8 0 4 1 0 0 6 0 1 0 5 1 0 0 2 0 8 0 1 0 0 0 3 1 0 0 5 0 0 1 0 0 8 0 5 0 3 0 4 0 4 0 8 0 0 0 5 0 8 0 2 0 2 0 4 0 8 0 5 0 6 0 6 0 8 0 4 0 5 0 1 0 3 0 4 0 8 0 4 0 1 0 7 1 0 0 6 0 5 0 0 0 0 1 0 0 5 0 7 0 2 0 7 0 4 0 1 0 5 0 3 0 6 0 7 1 0 0 5 0 3 0 2 0 7 1 0 0 2 0 5 0 1 0 0 0 7 0 5 0 7 0 7 0 1 0 0 0 6 0 3 0 0 0 2 0 6 1 0 0 7 0 1 0 4 0 6 0 4 0 2 0 7 0 5 0 5 0 1 0 7 0 5 0 4 0 0 1 0 0 7 0 3 1 0 0 5 0 4 0 4 0 2 0 3 0 7 1 0 0 6 0 7 0 5 0 3 0 5 0 4 1 0 0 2 0 8 0 2 0 4 0 3 0 5 0 0 0 8 0 2 0 4 0 0 0 7 0 7
1 301 2 0 0 0 6 0 4 0 6 0 6 0 1 0 5 0 7 0 8 0 8 0 3 0 0 0 5 0 2 0 0 0 6 0 7 0 3 0 6 0 5 1 0 0 4 0 3 0 0 0 7 0 8 0 1 0 0 0 2 0 4 0 1 1 0 0 5 0 6 0 3 0 0 0 7 1 0 0 0 0 2 1 0 0 7 0 1 0 7 1 0 0 0 0 7 0 2 0 1 0 7 0 5 0 4 1 0 0 8 0 2 0 4 0 4 0 8 0 0 0 1 0 3 0 6 1 0 0 7 1 0 0 4 0 6 0 0 0 3 0 1 0 1 0 1 1 0 0 1 0 5 0 6 0 4 1 0 0 4 0 0 0 8 0 3 0 7 0 0 0 0 0 7 0 5 0 5 1 0 0 5 0 0 0 3 0 1 0 5 0 2 0 6 0 5 0 3 0 1 0 2 0 7 0 0 0 5 0 4 0 0 0 4 0 3 1 0 0 3 1 0 0 6 0 5 0 2 0 1 0 4 0 5 0 1 1 0 0 2 1 0 0 4 1 0 0 0 0 0 1 0 1 0 0 5 0 7 0 6 0 0 0 3 0 6 0 1 0 8 0 1 0 0 1 0 0 5 0 6 0 5 0 8 0 7 0 0 0 2 0 6 0 5 0 8 0 1 0 5 0 6
0 301 4 0 1 0 3 0 0 0 4 0 3 0 4 0 1 0 6 0 8 0 7 0 7 0 1 0 0 0 5 0 1 0 3 0 5 0 8 0 3 0 2 1 0 0 8 0 6 0 1 0 5 0 7 0 3 0 0 0 4 0 8 0 3 1 0 0 1 0 3 0 7 0 1 0 5 1 0 0 0 0 5 1 0 0 4 0 4 0 5 1 0 0 1 0 4 0 5 0 3 0 5 0 2 0 1 0 0 0 6 0 5 1 0 0 0 0 7 0 1 0 2 0 7 0 4 0 0 0 5 1 0 1 0 0 3 0 1 0 6 0 2 0 2 0 3 0 8 0 2 0 1 0 4 0 0 1 0 0 8 0 1 0 6 0 8 0 4 0 1 0 1 0 5 0 2 0 3 0 0 0 0 0 1 0 6 0 3 0 0 0 6 0 3 0 1 0 7 0 2 0 5 0 4 0 2 0 0 1 0 0 1 0 8 0 7 0 8 0 6 1 0 0 3 0 1 0 5 0 2 1 0 0 1 0 4 0 8 0 4 0 8 0 8 0 7 1 0 0 1 1 0 1 0 0 1 0 6 0 3 0 1 0 7 0 2 0 4 0 6 0 3 0 1 1 0 0 1 0 4 0 2 0 8 0 5 0 1 0 5 0 3 0 2 0 7 0 4 0 1 0 4
1 301 8 0 2 0 6 0 0 0 8 0 6 0 8 0 3 0 3 0 8 0 6 0 5 0 3 0 1 0 0 0 3 0 7 0 1 0 7 0 7 0 5 1 0 0 7 0 3 0 4 0 1 0 5 0 7 0 0 1 0 0 7 0 8 0 8 0 1 0 7 0 4 0 4 0 1 1 0 0 1 0 1 1 0 1 0 0 0 0 2 1 0 0 2 1 0 0 1 0 8 0 0 0 5 0 2 0 1 0 3 0 2 1 0 0 1 0 4 0 3 0 5 0 4 1 0 0 2 0 2 0 0 0 8 0 5 0 3 0 2 0 5 0 4 0 7 0 6 0 5 0 2 0 8 0 1 1 0 0 6 0 4 0 3 0 7 1 0 0 3 0 3 0 0 0 5 0 6 0 0 0 0 0 3 0 2 0 7 0 1 0 2 0 7 0 3 0 4 0 6 0 0 1 0 0 5 0 1 0 8 0 2 0 7 0 6 0 8 0 4 1 0 0 6 0 3 0 0 0 6 0 8 0 1 1 0 0 8 0 0 0 8 0 8 0 6 1 0 0 3 1 0 0 8 0 2 0 2 0 7 0 3 0 4 0 5 1 0 0 3 0 7 0 3 0 8 0 1 0 8 0 5 0 7 0 1 0 4 0 0 0 7 0 5 0 4 1 0 0 3 1 0
1 303 1 0 6 0 6 0 2 0 2 0 7 0 4 0 7 0 7 0 7 0 7 0 4 0 1 0 7 0 2 0 0 0 7 0 4 0 4 0 5 0 6 0 3 0 0 0 4 0 7 0 8 0 3 0 1 0 5 0 2 1 0 0 5 0 8 0 7 0 4 0 4 1 0 1 0 0 4 0 8 0 1 0 3 1 0 0 7 1 0 0 5 0 8 0 4 0 8 0 2 0 6 0 2 0 0 0 5 0 2 0 6 0 5 0 8 0 1 0 8 0 7 0 1 0 0 1 0 0 4 0 4 0 1 0 7 0 1 0 7 0 5 0 1 0 0 0 6 0 4 0 1 0 6 0 6 0 4 1 0 0 2 1 0 0 8 0 5 1 0 0 6 0 6 0 1 0 1 0 3 0 1 0 0 0 6 0 5 0 4 0 3 0 5 0 4 0 7 1 0 0 3 0 2 1 0 0 0 0 4 0 6 0 6 0 5 0 4 0 8 0 1 0 0 0 2 0 7 0 1 0 3 0 7 0 4 1 0 0 6 0 2 0 7 0 8 0 4 1 0 0 7 1 0 0 6 0 5 0 5 0 4 0 7 1 0 0 2 1 0 0 7 0 4 0 8 0 6 0 4 0 7 0 2 0 5 0 3 0 8 0 1 0 5 0 2 0 0 1 0 0 7 0 7
1 303 3 0 3 0 3 0 5 0 5 0 5 0 0 0 6 0 6 0 6 0 5 1 0 0 4 0 4 0 5 0 1 0 5 0 0 0 0 0 2 0 3 0 7 0 0 1 0 0 6 0 7 0 7 0 3 0 0 0 6 1 0 0 1 0 8 0 6 0 0 0 1 0 0 0 8 0 8 0 6 0 3 0 7 1 0 0 6 0 0 0 1 0 8 0 0 0 7 0 6 0 2 0 5 0 1 0 0 0 6 0 3 0 2 0 7 0 4 0 7 0 5 0 3 0 1 0 8 0 7 0 8 0 3 0 4 0 4 0 5 0 1 0 3 0 1 0 2 1 0 0 4 0 3 0 4 0 0 1 0 0 5 1 0 0 7 0 3 0 0 0 3 0 3 0 3 0 2 0 6 0 2 0 1 0 3 0 1 1 0 0 8 0 1 0 0 0 6 1 0 0 6 0 5 0 7 1 0 1 0 0 4 0 4 0 2 0 0 0 7 0 3 0 0 0 5 0 4 0 3 0 7 0 5 0 1 0 0 0 2 0 6 0 5 0 8 0 1 0 0 0 6 0 0 0 3 0 2 0 2 0 0 0 6 1 0 0 5 1 0 0 5 0 0 0 8 0 4 0 0 0 5 0 6 0 0 0 8 0 6 0 4 0 0 0 5 0 1 1 0 0 5 0 6
0 303 6 0 6 0 7 0 1 0 2 0 1 0 2 0 3 0 4 0 4 0 2 1 0 1 0 0 0 0 1 0 4 0 0 0 1 0 0 0 4 0 7 0 4 0 2 1 0 0 3 0 6 0 5 0 7 0 1 0 3 1 0 0 3 0 7 0 3 0 1 0 2 0 1 0 7 0 8 0 3 0 8 0 6 0 0 0 2 0 1 0 3 0 6 0 2 0 5 0 3 0 6 0 0 0 3 0 1 0 2 0 7 0 5 0 5 0 0 0 6 0 1 0 7 0 3 0 7 0 6 0 7 0 7 1 0 0 0 0 1 0 3 0 6 0 2 0 5 0 8 0 7 0 6 0 8 0 1 1 0 0 2 0 0 0 4 0 7 0 0 0 6 0 6 0 6 0 5 0 2 0 5 0 2 0 6 0 3 1 0 0 6 0 3 0 1 0 4 0 0 0 3 0 2 0 7 0 0 0 8 0 7 0 8 0 4 0 1 0 4 0 7 0 1 0 0 1 0 0 8 0 5 0 1 0 3 0 0 0 5 0 3 0 2 0 7 0 3 0 1 0 2 0 1 0 6 0 4 0 4 0 1 0 4 0 0 0 2 0 0 0 0 0 2 0 6 1 0 0 2 0 1 0 3 0 2 0 7 0 3 1 0 0 2 0 0 0 4 1 0 0 1 0 4
1 305 1 0 3 0 4 0 5 0 3 0 4 0 2 0 4 0 6 0 8 0 8 0 5 1 0 0 7 1 0 0 2 0 8 0 0 0 2 0 0 1 0 0 5 1 0 0 6 0 8 0 6 0 3 0 2 0 5 0 3 0 7 0 8 0 6 0 4 0 7 0 2 0 4 0 3 0 5 0 7 0 8 0 7 0 3 0 1 0 4 0 2 0 7 0 2 0 6 0 0 0 8 0 2 0 1 0 6 0 2 0 5 0 5 0 2 0 1 0 2 0 2 0 4 0 4 0 8 0 5 0 4 0 6 0 6 1 0 0 0 0 2 0 7 0 2 0 6 0 1 0 8 0 6 0 4 0 7 0 4 0 8 0 3 0 0 1 0 0 5 0 2 0 3 0 4 0 4 0 1 0 6 0 0 0 6 0 2 1 0 0 0 0 2 0 7 0 2 0 8 0 0 0 6 0 5 0 4 0 2 0 7 0 6 0 7 1 0 0 3 1 0 0 5 0 3 0 1 1 0 0 7 0 1 0 3 0 6 0 1 0 0 0 7 0 5 0 4 0 7 0 2 0 4 0 3 0 2 1 0 1 0 0 3 0 8 0 0 0 4 0 0 0 0 0 5 0 3 1 0 0 4 0 2 0 6 0 5 0 4 0 8 0 8 0 3 0 0 1 0 1 0 0 2 1 0
1 305 2 0 6 1 0 0 1 0 7 0 8 0 4 1 0 0 4 0 8 0 8 0 3 0 0 0 5 1 0 0 5 0 6 0 1 0 4 0 1 1 0 0 2 0 0 0 3 0 8 0 3 0 7 0 5 0 0 0 8 0 5 0 8 0 4 0 0 0 5 0 5 0 8 0 7 0 1 0 6 0 8 0 5 0 7 0 2 0 8 0 5 0 4 0 6 0 2 0 2 0 6 0 5 0 3 0 2 0 6 0 1 0 1 0 5 0 2 0 4 0 4 1 0 0 0 0 8 0 2 0 0 0 4 0 4 1 0 0 0 0 5 0 4 0 6 0 2 0 4 0 7 0 4 0 0 0 6 0 0 0 7 0 7 0 1 1 0 0 0 0 5 0 6 0 8 0 8 0 3 0 2 0 2 0 2 0 6 0 7 1 0 0 5 0 4 0 6 0 6 0 2 0 3 0 1 1 0 0 6 0 5 0 4 0 6 1 0 0 7 1 0 0 0 0 7 0 3 1 0 0 4 0 3 0 7 0 2 0 3 0 1 0 5 0 2 0 0 0 5 0 5 0 8 0 6 0 5 1 0 0 8 0 6 0 6 0 1 0 8 0 0 0 1 0 0 0 8 0 8 0 7 0 5 0 3 0 2 0 0 0 8 0 7 0 7 0 1 1 0 0 8 0 4 0 7
1 305 5 0 3 1 0 0 3 0 5 0 8 0 0 1 0 1 0 0 8 0 7 0 7 0 1 0 2 0 0 0 1 0 3 0 3 0 8 0 3 0 8 0 3 0 0 0 7 0 6 0 8 0 5 0 1 0 2 0 7 0 2 0 7 1 0 0 2 0 1 0 2 0 8 0 5 0 4 0 3 0 8 0 2 0 5 0 6 0 7 0 2 0 0 0 3 0 5 0 5 0 3 0 1 0 7 0 5 0 2 0 3 0 3 0 0 0 5 1 0 0 0 1 0 0 1 0 6 0 5 0 0 1 0 0 0 1 0 0 1 0 1 0 0 0 3 0 5 1 0 0 5 1 0 0 2 0 2 0 2 0 5 0 5 0 4 0 8 0 0 0 1 0 4 0 8 0 7 0 7 0 4 0 4 0 5 0 3 0 7 0 0 0 1 0 0 0 4 0 3 0 5 0 6 0 3 1 0 0 3 0 2 0 0 0 5 0 0 0 5 1 0 0 1 0 4 0 8 0 8 0 7 0 7 0 4 0 5 0 6 0 3 0 0 0 5 0 1 0 1 0 2 0 8 0 4 0 3 0 0 0 7 0 4 0 3 0 4 0 6 0 1 0 2 0 1 0 7 0 8 0 6 0 1 0 7 0 4 0 1 0 7 0 6 0 5 0 4 1 0 0 7 0 0 0 6
0 307 1 0 0 0 8 0 8 0 6 0 1 0 7 0 2 1 0 1 0 0 7 0 6 0 5 0 3 0 4 0 0 0 2 0 6 0 7 0 6 0 8 0 6 0 7 0 1 0 5 0 4 0 8 0 1 0 3 0 5 0 4 0 6 0 5 1 0 0 4 0 2 0 5 0 7 0 1 1 0 0 8 0 6 0 6 0 1 0 4 0 5 0 5 0 0 0 7 0 1 0 1 0 7 0 3 0 5 0 1 0 5 0 6 0 6 0 1 0 1 1 0 0 1 0 8 0 2 0 3 0 1 0 2 0 8 0 0 0 8 0 1 0 2 0 0 0 7 0 2 0 0 0 1 1 0 0 4 0 4 0 5 0 1 0 2 0 0 0 7 0 1 0 2 1 0 0 8 0 6 0 6 0 0 0 0 0 1 0 8 0 4 0 1 0 2 0 0 0 8 0 7 0 1 0 3 0 8 0 8 0 5 0 4 0 1 0 0 0 2 0 1 1 0 0 2 1 0 0 8 0 8 0 6 0 6 0 0 0 2 0 3 0 7 0 1 0 0 0 3 0 2 0 5 0 6 1 0 0 7 0 1 0 4 1 0 0 7 1 0 0 3 0 3 0 4 0 3 0 5 0 8 0 3 0 4 0 4 1 0 0 4 0 5 0 4 0 2 0 1 0 0 0 4 0 2 0 3
1 307 2 0 1 0 7 0 8 0 3 0 4 0 4 0 6 1 0 1 0 0 5 0 4 0 1 0 7 0 8 0 0 0 5 0 3 0 6 0 4 0 8 0 4 0 5 0 4 0 1 0 0 0 7 0 3 0 7 0 1 0 0 0 4 0 2 1 0 0 8 0 5 0 1 0 5 0 4 1 0 0 7 0 4 0 3 0 3 1 0 0 2 0 1 0 2 0 4 0 3 0 3 0 4 0 8 0 0 0 4 0 1 0 4 0 3 0 3 0 3 0 8 0 2 0 6 0 5 0 6 0 2 0 5 0 6 0 2 0 6 0 3 0 4 0 1 0 4 0 5 0 0 0 3 0 8 0 7 1 0 0 1 0 3 0 4 0 1 0 4 0 3 0 5 1 0 0 7 0 4 0 3 0 1 0 0 0 3 0 6 1 0 0 3 0 4 0 1 0 7 0 5 0 3 0 7 0 7 0 8 0 1 1 0 0 3 0 0 0 4 0 3 0 8 0 4 1 0 0 7 0 8 0 4 0 3 0 1 0 4 0 7 0 4 0 3 0 0 0 6 0 5 0 1 0 5 0 0 0 4 0 4 0 0 0 0 0 5 1 0 0 6 0 6 0 8 0 7 0 1 0 7 0 7 1 0 0 0 1 0 1 0 0 1 1 0 0 5 0 2 0 0 0 8 0 4 0 6
0 307 4 0 3 0 5 0 7 0 7 1 0 0 0 0 5 0 0 1 0 0 0 1 0 0 4 0 5 0 7 0 2 0 0 0 8 0 3 0 0 0 8 0 0 0 1 1 0 0 3 0 1 0 4 0 8 0 4 0 3 0 0 0 8 0 5 1 0 0 7 0 1 0 4 0 1 0 1 0 0 0 4 1 0 0 7 0 7 0 8 0 3 0 2 0 4 0 8 0 6 0 6 1 0 0 7 0 1 0 8 0 2 0 8 0 6 0 6 0 7 0 6 0 6 0 3 0 2 0 3 0 6 0 1 0 3 0 6 0 2 0 7 0 8 0 2 1 0 0 1 0 1 0 7 0 7 0 6 1 0 0 2 0 6 0 8 0 2 0 8 0 7 0 2 0 0 0 4 1 0 0 7 0 2 0 0 0 7 0 3 1 0 0 6 0 8 0 3 0 5 0 1 0 8 0 5 0 6 0 7 0 4 0 8 0 5 0 0 0 8 0 7 0 7 0 1 0 0 0 5 0 7 1 0 0 7 0 2 1 0 0 5 1 0 0 7 0 1 0 3 0 1 0 4 0 0 0 1 0 8 0 8 0 0 0 1 0 2 0 0 0 3 0 4 0 8 0 5 0 4 0 5 0 6 1 0 0 1 1 0 0 8 0 2 1 0 0 0 0 5 0 1 0 7 0 0 0 4
1 307 8 0 7 0 1 0 6 0 6 1 0 0 1 0 0 0 2 0 8 0 0 0 8 0 8 0 1 0 5 0 5 0 1 0 6 0 7 0 1 0 6 0 1 0 3 0 8 0 5 0 2 1 0 0 7 1 0 0 7 0 1 0 7 0 3 0 0 0 4 0 3 0 8 0 2 0 2 0 1 0 0 0 0 0 5 0 6 0 7 0 7 0 4 1 0 0 8 0 4 0 5 0 0 0 4 0 4 0 6 0 6 0 7 0 4 0 4 0 6 0 4 0 3 0 7 0 4 0 7 0 2 0 3 0 7 0 2 0 6 0 5 0 7 0 6 0 8 0 1 0 3 0 5 0 6 0 4 1 0 0 5 0 3 0 7 0 6 0 7 0 5 0 5 0 1 0 0 0 0 0 4 0 5 0 1 0 4 1 0 0 0 0 3 0 7 0 8 0 0 0 4 0 7 0 2 0 4 0 6 0 0 0 8 0 1 0 2 0 7 0 6 0 5 0 3 0 1 0 1 0 7 0 0 0 4 0 6 1 0 0 2 0 0 0 4 0 3 0 6 0 2 0 8 0 0 0 3 0 7 0 7 0 1 0 2 0 4 0 0 0 6 1 0 0 8 0 2 0 0 0 2 0 4 1 0 0 3 1 0 0 6 0 6 0 8 0 0 0 0 0 4 0 4 0 1 1 0
1 309 1 0 7 0 5 0 4 0 3 0 4 1 0 0 2 0 0 0 5 0 6 0 2 0 7 0 7 0 4 0 1 0 1 0 4 0 3 0 5 0 4 0 2 0 3 0 7 0 7 0 1 0 6 1 0 0 6 0 0 0 4 0 4 0 4 0 7 0 0 0 8 0 7 0 6 0 5 0 4 0 2 0 0 0 1 0 1 0 4 0 6 0 6 0 1 0 0 0 7 0 0 0 1 0 1 1 0 0 0 0 4 0 4 0 6 0 0 0 0 0 3 1 0 0 8 0 5 0 0 0 5 0 5 0 7 0 4 0 6 0 3 0 2 0 6 0 4 0 7 0 3 0 7 0 1 0 4 0 1 0 0 0 0 0 8 0 5 0 4 0 6 0 2 0 1 0 3 0 0 0 0 1 0 0 1 0 3 1 0 1 0 0 0 0 7 0 5 0 7 0 1 1 0 0 5 0 5 1 0 0 3 0 2 0 6 0 3 0 5 0 5 0 4 0 1 0 7 0 2 0 3 0 4 0 1 1 0 0 4 1 0 0 4 0 0 0 8 0 7 0 2 0 6 0 6 0 1 0 7 0 5 0 5 0 3 0 4 0 8 0 1 0 4 0 0 0 6 0 5 0 0 0 4 1 0 1 0 0 7 1 0 0 3 0 4 0 7 0 1 0 0 0 8 0 8 0 3 0 7
1 309 3 0 5 0 1 1 0 0 7 1 0 1 0 0 4 0 1 0 1 0 3 0 6 0 5 0 5 1 0 0 3 0 2 0 8 0 7 0 0 1 0 0 5 0 7 0 5 0 5 0 4 0 4 0 0 0 2 0 1 1 0 0 0 0 0 0 5 0 2 0 7 0 6 0 4 0 1 1 0 0 5 0 0 0 2 0 2 1 0 0 4 0 3 0 3 0 1 0 4 0 1 0 2 0 3 0 7 1 0 1 0 0 0 0 3 0 1 0 0 0 7 1 0 0 7 0 1 0 2 0 1 0 2 0 6 0 0 0 3 0 7 0 5 0 3 0 0 0 5 0 8 0 4 0 3 0 8 0 2 0 0 0 1 0 7 0 2 0 0 0 3 0 5 0 2 0 6 0 0 0 1 0 8 0 1 0 7 1 0 0 8 0 0 0 5 0 2 0 5 0 4 1 0 0 1 0 2 1 0 0 6 0 5 0 2 0 8 0 1 0 1 1 0 0 4 0 4 0 5 0 6 0 8 0 3 0 8 0 8 0 8 0 7 0 1 0 7 0 5 0 6 0 3 0 3 0 4 0 5 0 2 0 1 0 7 1 0 0 7 0 3 0 8 0 1 0 3 0 1 0 2 0 0 0 0 1 0 0 5 1 0 0 6 1 0 0 5 0 3 0 1 0 7 0 7 0 8 0 5
0 309 7 0 0 0 4 1 0 0 6 0 0 0 8 0 7 0 2 0 2 0 7 0 3 0 2 0 2 1 0 0 6 0 5 0 7 0 5 0 2 1 0 0 1 0 6 0 2 0 1 1 0 1 0 0 1 0 4 0 3 0 7 1 0 0 1 0 0 0 6 0 5 0 3 1 0 0 4 1 0 0 0 0 1 0 4 0 5 0 8 0 7 0 6 0 6 0 2 0 8 0 2 0 4 0 7 0 6 0 0 0 7 1 0 0 6 0 2 0 1 0 6 0 0 0 4 0 3 0 4 0 2 0 5 0 2 0 1 0 7 0 5 0 1 0 7 0 1 0 1 0 7 1 0 0 8 0 6 0 5 0 0 0 3 0 4 0 5 0 0 0 7 0 0 0 6 0 2 0 1 0 3 0 6 0 4 0 6 0 0 0 6 0 2 0 0 0 6 0 1 0 0 1 0 0 2 0 5 1 0 0 3 0 1 0 6 0 6 0 3 0 3 0 8 0 7 1 0 0 2 0 4 0 7 0 8 0 7 0 8 0 8 0 5 0 4 0 5 0 2 0 3 0 7 0 6 1 0 0 1 0 5 0 3 0 6 0 0 0 4 0 8 0 6 0 3 0 6 0 2 0 4 0 0 0 1 1 0 0 2 0 0 0 4 0 0 0 0 0 7 0 3 0 5 0 6 0 8 0 2
1 311 1 0 4 0 2 0 0 0 0 0 2 0 2 0 7 0 5 0 5 0 5 0 4 0 7 0 4 0 5 1 0 0 3 0 2 0 6 0 1 0 6 0 8 0 2 0 2 0 5 0 3 1 0 0 8 0 1 0 8 0 7 0 5 1 0 0 2 0 1 0 3 0 1 0 8 0 8 0 8 0 7 1 0 0 2 1 0 0 2 0 8 0 6 0 4 0 3 0 6 0 6 0 5 1 0 0 6 0 3 0 2 0 6 0 0 0 2 0 5 0 3 0 2 0 1 0 8 0 6 0 8 0 5 0 0 0 5 0 3 0 5 0 1 0 4 0 4 0 3 0 3 0 6 0 0 0 7 0 4 0 1 0 1 0 6 1 0 0 1 0 2 0 4 0 2 0 2 0 5 0 2 0 7 0 3 0 0 0 3 0 2 0 2 0 5 0 1 0 2 0 3 0 1 0 8 0 4 0 1 1 0 0 6 0 3 0 3 0 3 0 7 0 7 0 7 0 6 1 0 0 4 1 0 0 6 0 8 0 6 0 8 0 8 0 2 0 0 0 1 0 5 0 7 0 5 0 4 1 0 0 3 0 0 0 8 0 2 0 1 1 0 0 8 0 3 0 8 0 2 0 5 0 8 0 0 0 3 0 8 0 3 0 0 0 8 0 0 0 1 0 4 0 8 0 1 0 4 0 7 0 5
0 311 2 0 8 0 4 0 0 0 0 0 4 0 5 0 5 0 2 0 2 0 2 0 0 0 6 0 0 0 2 1 0 0 6 0 5 0 2 0 4 0 3 0 7 0 5 0 5 0 0 1 0 0 0 0 6 0 4 0 7 0 6 0 2 1 0 0 4 0 2 0 6 0 3 0 7 0 8 0 8 0 6 1 0 0 5 0 8 0 4 0 7 0 3 1 0 0 8 0 3 0 4 0 3 0 0 0 2 0 7 0 5 0 2 0 1 0 5 0 0 0 7 0 4 0 3 0 7 0 4 0 8 0 1 0 2 0 0 0 8 0 0 0 3 0 8 0 8 0 6 0 7 0 2 0 2 0 4 1 0 0 3 0 3 0 3 1 0 0 2 0 4 0 8 0 4 0 5 0 0 0 6 0 4 0 7 0 0 0 6 0 4 0 5 0 0 0 3 0 4 0 6 0 3 0 6 1 0 0 4 1 0 0 2 0 7 0 6 0 7 0 5 0 6 0 6 0 5 0 0 0 0 0 0 0 3 0 8 0 4 0 8 0 7 0 5 0 0 0 3 0 1 0 6 0 2 0 0 1 0 0 6 0 1 0 6 0 5 0 3 1 0 0 6 0 8 0 6 0 6 0 1 0 7 0 1 0 7 0 6 0 7 0 1 0 6 0 1 0 2 1 0 0 7 0 3 1 0 0 6 0 2
1 311 5 0 6 1 0 0 1 0 0 1 0 0 2 0 1 0 5 0 4 0 4 0 1 0 2 0 1 0 5 1 0 0 3 0 1 0 5 0 8 0 7 0 5 0 2 0 1 0 2 0 8 0 0 0 3 0 0 0 6 0 3 0 6 0 8 0 7 0 5 0 2 0 8 0 5 0 8 0 8 0 5 0 0 0 1 0 8 0 0 0 5 1 0 0 0 0 6 0 7 0 8 0 6 0 0 0 5 0 5 0 1 0 5 0 3 0 0 0 2 0 4 1 0 0 8 0 5 0 0 0 7 0 3 0 4 0 1 0 6 0 1 0 7 0 7 0 8 0 4 0 5 0 5 0 4 1 0 1 0 0 6 0 6 0 7 0 8 0 3 1 0 0 8 0 0 0 1 0 2 0 3 0 0 0 5 0 2 0 3 0 0 0 1 0 1 0 6 1 0 0 3 0 8 0 3 1 0 1 0 1 0 0 5 0 5 0 4 0 6 0 2 0 4 0 4 0 1 0 1 0 0 0 0 0 7 0 7 0 0 0 8 0 6 0 1 0 1 0 6 0 3 0 2 0 5 0 1 1 0 0 2 0 4 0 3 0 1 1 0 0 0 0 3 0 8 0 4 0 3 0 4 0 4 0 4 0 5 0 4 0 5 0 4 0 2 0 3 0 5 1 0 0 4 1 0 0 0 0 2 0 5
0 313 1 0 1 0 4 1 0 0 2 0 1 0 8 0 3 0 3 0 0 1 0 1 0 0 3 0 4 0 3 0 1 1 0 0 6 0 3 0 1 0 8 0 6 0 1 0 5 0 2 0 5 0 6 0 1 0 6 0 1 0 2 0 8 0 3 0 8 0 6 0 1 0 6 0 7 0 2 0 8 0 8 0 1 0 1 0 3 0 6 0 2 0 1 1 0 0 1 0 3 0 6 0 8 0 3 0 2 0 1 0 1 0 4 0 0 0 7 0 0 0 5 0 0 0 0 0 7 0 1 0 2 0 4 0 7 0 8 0 3 0 2 0 4 0 5 0 6 0 8 0 0 0 2 0 2 0 1 0 0 1 0 0 3 0 4 0 6 0 7 1 0 0 0 0 6 0 1 0 2 0 4 0 6 0 1 0 0 0 5 0 6 0 0 0 2 0 3 0 3 1 0 0 7 0 6 1 0 0 0 1 0 1 0 0 1 0 2 0 0 0 3 0 5 0 8 0 8 0 2 0 2 0 0 0 1 0 5 0 5 0 2 0 7 0 3 0 3 0 3 0 2 0 7 0 5 0 0 0 4 0 8 0 3 0 8 0 6 0 3 0 7 1 0 0 7 0 6 1 0 0 7 1 0 0 0 0 0 0 2 0 0 0 1 1 0 0 5 0 7 0 1 1 0 1 0 1 0 0 0 0 5 0 1
0 313 2 0 2 1 0 1 0 0 4 0 3 0 6 0 7 0 6 0 1 1 0 0 8 0 5 0 8 0 6 0 3 1 0 0 2 0 7 0 3 0 7 0 3 0 4 0 0 0 6 0 1 0 3 0 4 0 2 0 3 0 5 0 6 0 8 0 7 0 3 0 4 0 3 0 5 0 6 0 7 0 7 0 3 0 2 0 7 0 2 0 5 0 3 0 8 0 1 0 7 0 3 0 7 0 7 0 4 0 2 0 2 0 8 0 1 0 4 0 2 0 0 0 1 0 1 0 4 0 3 0 4 1 0 0 6 0 7 0 7 0 4 1 0 0 2 0 4 0 7 0 1 0 4 0 4 0 2 0 1 0 8 0 5 1 0 0 4 0 6 1 0 0 1 0 2 0 3 0 4 1 0 0 3 0 3 0 1 0 1 0 3 0 1 0 4 0 6 0 7 1 0 0 5 0 4 1 0 0 1 1 0 0 8 0 1 0 4 0 0 0 7 0 1 0 8 0 7 0 5 0 4 0 0 0 3 0 1 0 1 0 6 0 4 0 7 0 6 0 6 0 5 0 5 0 1 0 1 1 0 0 7 0 8 0 7 0 3 0 8 0 6 0 0 0 5 0 5 0 0 0 5 1 0 0 0 0 0 0 4 0 0 0 3 1 0 0 1 0 5 0 4 1 0 1 0 0 8 0 0 0 0 0 3
1 313 4 0 5 1 0 0 8 0 7 0 7 0 3 0 6 0 3 0 4 1 0 0 7 0 2 0 8 0 3 0 8 0 8 0 4 0 4 0 8 0 4 0 7 0 8 0 1 0 2 0 3 0 6 0 8 0 4 0 7 0 1 0 4 0 8 0 5 0 7 0 8 0 7 0 1 0 4 0 6 0 5 0 7 0 5 0 4 0 6 0 0 0 8 0 6 0 4 0 4 0 8 0 5 0 5 1 0 0 5 0 5 0 6 0 3 0 8 0 4 0 0 0 2 0 2 0 8 0 7 0 0 0 0 0 3 0 6 0 6 0 0 1 0 0 4 1 0 0 5 0 3 0 8 0 8 0 4 0 3 0 7 0 2 1 0 1 0 0 4 1 0 0 2 0 4 0 6 1 0 1 0 0 6 0 6 0 2 0 2 0 6 0 2 1 0 0 4 0 7 0 0 0 1 0 0 1 0 0 3 1 0 0 6 0 3 0 8 0 1 0 4 0 4 0 7 0 6 0 1 1 0 0 1 0 6 0 2 0 3 0 3 0 0 0 6 0 4 0 4 0 2 0 1 0 3 0 3 1 0 0 5 0 8 0 5 0 8 0 7 0 3 0 2 0 1 0 1 0 2 0 1 1 0 0 0 0 0 0 8 0 0 0 7 0 8 0 2 0 1 0 1 0 0 1 0 0 6 0 1 0 0 0 6
0 314 1 0 0 3 0 0 0 7 0 6 0 5 0 8 0 2 0 8 0 0 0 0 0 4 0 6 0 6 0 8 0 7 0 8 0 0 0 0 0 8 0 0 0 6 0 7 0 3 0 4 0 7 0 3 0 8 0 0 0 5 0 3 1 0 0 8 0 2 0 6 0 8 0 5 0 3 1 0 0 4 0 2 0 6 0 2 0 0 0 3 0 2 0 7 0 4 0 0 0 0 0 8 0 2 0 3 0 0 0 1 0 2 0 3 0 8 0 6 1 0 0 1 0 4 0 5 0 7 0 5 0 1 0 0 0 7 0 3 0 3 0 2 1 0 0 0 0 0 0 0 0 8 0 7 0 7 1 0 0 8 0 4 0 6 1 0 0 8 0 8 0 8 0 3 1 0 0 5 0 0 1 0 0 3 0 3 0 5 0 5 0 2 0 6 0 8 0 8 0 4 0 1 0 2 0 1 0 8 0 6 1 0 0 2 0 8 0 6 0 3 1 0 0 0 0 6 0 3 0 4 0 8 0 2 0 2 0 5 0 6 0 6 0 1 0 2 1 0 1 0 0 5 0 2 0 6 0 7 1 0 0 1 0 8 0 2 0 8 0 5 0 7 0 4 0 2 0 2 0 4 0 3 0 7 1 0 0 1 0 6 0 2 0 5 0 7 0 5 0 2 0 2 0 1 1 0 0 2 0 3 0 1 0 3
1 315 1 0 8 0 5 0 1 0 5 0 4 0 2 0 7 0 6 0 6 0 1 0 0 1 0 0 4 0 4 0 8 0 6 0 7 0 1 0 1 0 6 0 2 0 3 0 5 0 7 1 0 0 5 0 8 0 6 0 2 0 0 1 0 0 0 0 6 0 6 0 3 0 8 0 1 0 8 0 8 0 7 0 5 0 2 0 5 0 0 0 6 0 5 0 4 1 0 0 1 0 1 0 6 0 5 0 6 0 0 0 2 0 4 0 7 0 7 0 4 1 0 0 2 1 0 0 2 0 6 0 1 0 3 0 1 0 4 0 7 0 6 0 5 0 7 1 0 0 0 0 1 0 7 0 6 0 7 0 0 0 7 0 0 0 5 0 0 0 7 0 8 0 7 1 0 0 0 0 0 0 2 0 8 0 5 0 7 0 1 0 1 0 6 0 3 0 8 0 7 1 0 0 3 0 4 0 3 0 7 0 4 1 0 0 5 0 7 0 3 0 8 0 8 0 0 0 2 0 7 1 0 0 7 0 5 0 5 0 1 0 4 0 3 0 3 0 5 1 0 1 0 0 0 0 6 0 3 0 6 1 0 0 3 0 6 0 6 0 7 0 2 0 5 1 0 0 5 0 4 0 8 0 7 0 5 1 0 0 3 0 2 0 6 0 1 0 6 0 1 0 5 0 4 0 3 0 8 0 3 0 6 0 2 0 6
0 315 3 0 7 0 1 0 4 0 0 1 0 0 6 0 5 0 4 0 3 0 3 0 1 0 8 0 7 1 0 0 8 0 4 0 5 0 3 0 3 0 2 0 5 0 7 0 1 0 7 0 0 0 1 0 8 0 3 0 5 0 1 0 8 0 0 0 3 0 3 0 8 0 6 0 4 0 7 0 8 0 6 0 1 0 6 0 0 0 2 0 3 0 2 0 0 1 0 0 2 0 3 0 3 0 2 0 3 0 1 0 4 1 0 0 6 0 6 0 0 1 0 0 5 0 8 0 4 0 2 0 3 0 6 0 2 1 0 0 6 0 4 0 2 0 6 1 0 0 0 0 3 0 5 0 4 0 5 0 2 0 4 0 2 0 0 0 2 0 5 0 8 0 6 1 0 0 0 0 0 0 5 0 7 0 2 0 5 0 3 0 3 0 2 0 8 0 7 0 6 1 0 0 6 0 8 0 7 0 5 0 1 0 0 0 1 0 5 0 8 0 7 0 7 0 1 0 5 0 6 0 0 0 5 0 2 0 1 0 3 0 8 0 6 0 7 0 2 0 0 0 8 0 0 0 2 0 8 0 3 1 0 0 7 0 3 0 4 0 5 0 6 0 2 0 0 0 1 0 0 0 8 0 6 0 2 1 0 0 6 0 5 0 2 0 4 0 2 0 4 0 0 1 0 0 8 0 6 0 8 0 2 0 6 0 3
1 315 7 0 4 0 3 0 8 0 1 1 0 0 3 0 1 1 0 0 7 0 6 0 3 0 7 0 7 0 0 0 7 0 0 0 1 0 7 0 6 0 5 0 1 0 5 0 4 0 4 0 1 0 3 0 6 0 8 0 0 0 4 0 6 0 1 0 6 0 7 0 7 0 4 0 0 0 6 0 8 0 3 0 4 0 2 0 1 0 4 0 6 0 4 0 1 0 8 0 3 0 6 0 6 0 4 0 6 0 3 0 0 0 0 0 3 0 3 0 2 1 0 0 1 0 7 1 0 0 5 0 7 0 2 0 6 1 0 0 2 1 0 0 6 0 3 1 0 0 0 0 7 0 1 0 0 0 1 0 5 0 8 0 4 0 0 0 5 0 1 0 8 0 4 1 0 0 0 0 1 0 1 0 5 0 6 0 0 0 7 0 6 0 5 0 7 0 6 0 5 0 0 0 3 0 8 0 6 0 1 0 3 0 0 0 3 0 1 0 8 0 6 0 5 0 4 0 1 0 3 0 2 0 0 0 5 0 2 0 7 0 7 0 4 0 5 0 5 0 1 0 6 0 1 0 5 0 6 1 0 0 0 0 4 0 7 1 0 0 2 0 3 0 5 0 0 0 2 0 1 0 7 0 3 0 6 1 0 0 3 0 1 0 5 0 8 0 4 0 8 0 1 1 0 0 7 0 4 0 7 0 6 0 2 0 7
1 317 1 0 4 1 0 0 8 0 6 0 4 0 8 0 5 0 3 1 0 0 5 0 3 0 8 0 5 0 5 0 2 0 4 0 1 0 3 0 5 0 4 0 1 0 4 0 0 1 0 1 0 0 3 0 7 0 3 0 7 0 1 1 0 0 3 0 4 0 3 0 6 0 5 1 0 0 2 0 3 0 7 0 7 0 8 0 4 0 2 1 0 0 3 1 0 0 4 0 6 0 8 0 3 0 4 0 0 0 3 0 7 0 0 0 0 0 6 0 6 0 5 0 8 0 2 0 6 0 0 0 1 0 5 0 6 0 3 1 0 0 5 1 0 0 2 0 8 0 8 0 0 0 4 0 3 0 0 0 3 0 1 0 7 1 0 0 2 0 0 0 4 0 7 0 0 1 0 0 0 0 2 0 3 0 1 0 3 0 2 0 5 0 4 0 2 0 6 0 4 0 1 0 1 0 7 0 7 0 3 0 3 0 6 0 0 0 6 0 3 0 7 0 4 0 1 1 0 0 3 0 6 0 4 0 1 0 0 0 6 0 5 0 6 0 0 0 2 0 1 0 4 0 2 0 4 0 1 0 4 1 0 0 0 1 0 0 6 1 0 0 4 0 7 0 0 0 1 0 4 0 3 0 4 0 8 0 3 1 0 0 6 0 3 0 1 0 8 0 0 0 7 0 4 1 0 0 5 0 0 0 6 0 3 0 6 0 5
0 317 3 0 0 0 0 0 7 0 4 0 0 0 8 0 1 1 0 0 0 0 0 0 8 0 7 0 2 0 1 0 5 0 8 0 2 0 7 0 0 1 0 0 3 0 8 0 1 1 0 0 8 0 6 0 4 0 8 0 4 0 4 0 8 0 5 0 8 0 7 0 3 0 2 1 0 0 4 0 7 0 5 0 6 0 7 1 0 0 6 0 8 0 6 0 8 0 8 0 3 0 7 0 7 0 8 0 0 0 7 0 4 0 1 0 1 0 3 0 4 0 2 0 7 0 6 0 2 0 1 0 3 0 1 0 3 1 0 0 0 0 1 1 0 0 5 0 7 0 7 0 1 0 8 0 6 0 0 0 6 0 3 0 5 1 0 0 4 0 0 1 0 0 5 0 2 0 7 1 0 0 4 0 6 0 2 0 6 0 5 0 0 1 0 0 6 0 2 1 0 0 3 0 3 0 5 0 5 0 7 0 7 0 2 0 2 0 2 0 8 0 4 1 0 0 4 0 8 0 6 0 2 1 0 0 3 0 1 0 3 0 2 0 3 0 1 0 4 0 2 0 8 0 4 0 8 0 2 1 0 1 0 0 1 1 0 0 3 1 0 1 0 0 5 0 1 0 2 0 8 0 6 1 0 0 7 1 0 0 0 0 2 0 7 0 3 0 6 0 2 0 5 0 1 0 0 0 0 0 2 0 2 0 8 0 3 0 2
1 317 6 0 0 0 1 0 4 1 0 0 2 0 6 0 4 0 7 1 0 0 1 0 7 0 5 0 5 0 3 0 1 0 7 0 6 0 4 0 2 0 8 0 6 0 6 0 4 1 0 0 7 0 4 0 0 0 8 0 0 0 0 0 8 0 2 0 8 0 5 0 7 0 5 0 8 0 8 0 5 0 2 0 4 0 7 0 0 0 3 0 8 0 4 0 8 0 7 0 8 0 5 0 6 0 7 0 2 0 4 1 0 0 3 0 2 0 6 0 8 0 5 0 5 0 3 0 5 0 2 0 6 0 2 0 7 0 7 1 0 0 3 1 0 0 1 0 6 0 5 0 4 0 7 0 3 0 2 0 2 0 8 0 1 1 0 0 8 0 1 1 0 0 0 0 6 0 5 1 0 1 0 0 3 0 6 0 3 0 1 0 2 1 0 0 2 0 6 0 8 0 5 0 7 0 1 0 2 0 6 0 5 0 5 0 4 0 5 0 7 0 0 1 0 1 0 0 8 0 3 0 6 0 8 0 5 0 2 0 6 0 4 0 6 0 2 0 8 0 5 0 7 0 0 0 7 0 6 1 0 0 8 0 2 0 8 0 6 1 0 1 0 0 0 0 3 0 5 0 7 0 5 0 0 0 5 1 0 0 0 0 5 0 4 0 8 0 2 0 6 0 0 0 3 0 0 0 0 0 4 0 5 0 6 0 7 0 4
0 319 1 0 2 0 1 0 2 1 0 1 0 0 5 0 3 0 0 0 6 1 0 0 3 0 5 0 2 0 1 0 7 0 3 0 5 0 3 1 0 0 6 0 7 0 4 0 4 0 1 0 0 0 4 1 0 0 2 0 6 0 1 0 1 0 6 0 6 0 7 0 2 0 6 0 2 0 8 0 8 0 1 0 5 1 0 0 5 0 1 0 7 0 7 0 0 0 8 0 6 0 8 0 2 0 4 0 5 0 5 1 0 1 0 0 6 0 5 0 3 0 8 0 2 0 1 0 8 0 0 0 6 0 2 0 6 0 5 0 6 1 0 0 7 0 8 0 2 0 3 0 2 0 0 0 5 0 7 0 4 0 5 0 6 0 4 1 0 0 6 0 4 0 8 0 0 0 3 0 3 0 0 0 8 0 6 0 2 0 7 0 2 0 5 0 8 0 4 0 3 0 8 0 2 0 5 0 3 0 5 0 3 0 2 0 2 0 0 0 2 0 5 0 2 1 0 1 0 0 6 0 8 0 3 0 8 0 1 0 6 0 3 0 0 0 3 0 6 0 7 0 2 0 5 0 2 0 5 0 5 0 0 0 6 0 6 0 7 0 5 0 0 0 7 1 0 0 7 0 1 0 6 0 1 0 2 0 1 1 0 0 1 0 1 0 0 0 7 0 6 0 2 0 1 0 6 0 0 0 0 1 0 0 2 0 4 0 6 0 0
0 319 2 0 4 0 2 0 5 1 0 1 0 0 0 0 7 0 1 0 3 1 0 0 7 0 0 0 5 0 3 0 4 0 8 0 0 1 0 0 0 0 3 0 5 1 0 1 0 0 3 0 0 1 0 1 0 0 5 0 2 0 3 0 3 0 3 0 4 0 5 0 6 0 2 0 6 0 7 0 7 0 4 0 2 0 0 0 0 0 4 0 5 0 5 0 2 0 7 0 4 0 7 0 5 1 0 0 2 0 3 0 0 1 0 0 3 0 1 0 8 0 6 0 5 0 3 0 6 0 2 0 2 0 6 0 3 0 2 0 5 0 0 0 5 0 7 0 5 0 6 0 4 0 1 0 1 0 6 0 0 0 2 0 4 0 1 0 0 0 3 0 0 0 7 0 1 0 6 0 6 0 1 0 7 0 3 0 6 0 4 0 6 0 1 0 7 1 0 0 8 0 6 0 6 0 0 0 8 0 0 0 7 0 4 0 4 0 0 0 5 0 0 0 6 1 0 1 0 0 3 0 7 0 8 0 6 0 4 0 2 0 7 0 0 0 7 0 3 0 5 0 6 0 0 0 6 0 1 0 1 0 2 0 3 0 4 0 6 0 1 0 2 0 6 0 0 0 4 0 4 0 2 0 3 0 4 0 3 0 8 0 1 0 2 0 1 0 5 0 3 0 5 0 3 0 2 0 1 0 1 0 8 0 3 1 0 0 3 0 1
0 319 4 0 8 0 5 0 2 0 0 0 8 0 0 0 4 0 3 0 7 1 0 0 4 0 2 0 0 0 7 1 0 0 7 0 2 0 7 1 0 0 7 0 2 0 0 0 8 0 5 0 1 1 0 1 0 0 0 0 5 0 6 0 6 0 6 1 0 0 2 0 3 0 6 0 3 0 6 0 5 1 0 0 5 0 0 0 0 1 0 0 2 0 1 0 6 0 5 0 0 0 6 0 2 1 0 0 4 0 6 0 1 0 8 0 5 0 3 0 7 0 4 0 1 0 8 0 2 0 5 0 5 0 2 0 7 0 5 0 0 0 2 0 1 0 6 0 2 0 3 1 0 0 3 0 3 0 2 0 1 0 4 0 8 0 2 0 0 0 6 0 1 0 4 0 4 0 3 0 3 0 4 0 4 0 8 0 3 0 0 0 3 0 4 0 6 0 0 0 7 0 4 0 3 0 2 0 6 0 2 0 4 1 0 1 0 0 2 0 0 0 2 0 4 0 0 0 8 0 6 0 5 0 8 0 3 1 0 0 6 0 4 0 2 0 4 0 8 0 1 0 3 0 2 0 2 0 3 0 2 0 4 0 6 1 0 0 3 0 3 0 5 0 2 0 1 0 8 0 8 0 4 0 6 0 8 0 7 0 6 0 3 0 4 0 3 0 0 0 8 0 0 0 7 0 4 0 2 0 3 0 6 0 8 0 8 0 5 0 2
1 320 1 0 0 8 0 1 0 5 0 1 0 6 0 1 0 8 0 7 0 5 1 0 0 8 0 4 0 1 0 6 0 0 0 4 0 6 0 6 0 0 0 4 0 5 0 1 0 7 0 1 0 4 1 0 0 8 0 0 0 1 0 4 0 4 0 4 1 0 0 4 0 7 0 2 0 8 0 3 0 3 0 0 0 0 0 1 0 1 0 8 0 3 0 3 0 3 0 1 0 2 0 2 0 6 0 8 0 8 0 2 0 4 0 7 0 1 0 8 0 4 1 0 0 4 0 6 0 6 0 1 0 1 0 6 0 5 0 1 0 1 0 4 0 3 0 2 0 5 0 7 0 8 0 5 0 6 0 4 0 2 1 0 0 7 0 5 0 1 0 2 0 3 0 8 0 8 0 6 0 6 1 0 0 0 0 7 0 7 0 0 0 6 1 0 0 3 0 2 0 4 1 0 0 7 0 5 0 2 0 6 0 0 0 0 0 8 0 3 0 0 0 4 0 8 0 1 0 7 0 4 0 2 0 7 1 0 0 0 0 2 1 0 0 5 1 0 0 7 0 3 0 6 0 4 0 4 0 6 0 4 1 0 0 4 1 0 0 6 0 7 0 0 0 5 0 3 0 7 0 8 0 0 0 4 0 8 0 6 0 3 0 7 0 8 0 6 0 1 0 6 0 2 0 4 1 0 0 5 0 7 0 3 0 8 0 8 0 1 0 5
0 321 1 1 0 0 6 0 4 0 0 0 4 0 2 0 4 0 7 0 6 0 3 0 0 0 6 1 0 0 4 0 2 0 1 1 0 0 4 0 3 0 1 1 0 0 1 0 4 0 4 0 4 0 0 0 0 0 6 0 1 0 2 1 0 0 0 0 0 1 0 1 0 0 5 0 6 0 6 0 7 0 6 0 0 0 0 0 2 0 3 0 6 0 7 0 6 0 6 0 2 0 4 0 5 0 3 0 8 0 7 0 5 1 0 0 5 0 4 0 7 0 0 1 0 1 0 0 4 0 3 0 3 0 3 0 3 0 1 0 3 0 2 0 8 0 6 0 5 0 1 0 6 0 8 0 2 0 3 1 0 0 6 1 0 0 5 0 1 0 3 0 4 0 7 0 7 0 8 0 4 0 4 1 0 0 1 0 5 0 5 0 2 0 3 1 0 0 6 0 5 0 0 0 0 0 5 0 1 0 6 0 2 0 1 0 1 0 6 0 7 0 0 1 0 0 7 0 4 0 4 1 0 0 6 0 5 1 0 0 0 0 5 1 0 0 2 0 0 0 4 0 8 0 3 0 0 0 0 0 4 0 1 0 0 0 0 0 0 0 3 0 5 0 2 0 0 0 8 0 5 0 7 0 1 1 0 0 8 0 3 0 8 0 5 0 8 0 3 0 4 0 2 0 6 0 0 0 0 0 1 0 5 0 8 0 7 0 7 0 4 0 1
0 321 3 1 0 0 2 1 0 0 1 0 8 0 4 1 0 0 6 0 3 0 7 0 1 0 3 1 0 0 8 0 4 0 3 0 8 0 7 0 6 0 3 0 8 0 1 0 8 0 8 0 8 0 0 0 1 0 2 0 3 0 5 0 7 1 0 0 1 1 0 1 0 0 1 0 4 0 4 0 6 0 3 0 1 0 0 0 4 0 7 0 3 0 6 0 4 0 3 0 5 1 0 0 1 0 8 0 7 0 6 0 3 0 0 0 1 0 0 0 5 0 2 1 0 0 8 0 7 0 6 0 6 0 6 0 6 0 2 0 6 0 5 0 7 0 4 0 1 0 4 0 3 0 7 0 5 0 7 1 0 0 4 0 0 0 0 0 3 0 6 1 0 0 6 0 6 0 8 0 0 0 0 1 0 0 3 0 1 0 1 0 5 0 7 1 0 0 3 0 1 0 1 0 1 0 0 0 4 0 2 0 5 0 2 0 3 0 3 0 5 0 2 1 0 0 5 0 0 0 1 0 0 0 3 0 2 1 0 0 1 0 1 1 0 0 4 0 0 1 0 0 7 0 7 0 0 0 0 0 8 0 2 0 0 0 0 0 0 0 7 0 0 0 5 0 1 0 7 0 2 0 5 0 4 1 0 0 6 0 8 0 7 0 2 0 7 0 7 0 8 0 5 0 2 0 1 0 0 0 3 0 1 0 8 0 6 0 5 1 0 0 3
1 321 7 0 8 0 4 0 8 0 2 0 7 0 1 0 0 0 2 0 8 0 4 0 3 0 7 1 0 0 6 1 0 0 8 0 7 0 6 0 3 0 8 0 6 0 4 0 7 0 8 0 7 0 1 0 2 0 4 0 7 0 1 0 6 1 0 0 3 1 0 0 8 0 1 1 0 0 0 0 3 0 7 0 2 0 0 1 0 0 5 0 8 0 2 1 0 0 8 0 1 1 0 0 3 0 7 0 6 0 3 0 7 0 0 0 2 0 1 0 0 0 6 1 0 0 7 0 6 0 4 0 4 0 4 0 3 0 6 0 3 0 2 0 5 1 0 0 3 0 8 0 7 0 5 0 2 0 6 1 0 0 8 0 0 0 0 0 7 0 4 0 0 0 3 0 4 0 7 0 1 0 1 0 8 0 5 0 2 0 3 0 1 0 6 1 0 0 6 0 2 0 2 0 2 0 0 0 8 0 5 0 0 0 5 0 6 0 7 0 0 0 6 1 0 0 0 0 1 0 2 0 0 0 6 0 5 0 8 0 1 0 3 0 8 0 7 0 1 1 0 0 5 0 5 0 1 0 1 0 6 0 5 0 0 0 0 0 1 0 4 0 2 0 0 0 4 0 4 0 6 0 1 0 1 0 0 0 3 0 8 0 5 0 6 0 5 0 6 0 8 0 1 0 5 0 2 0 0 0 6 0 3 0 7 0 4 0 2 1 0 0 6
0 323 1 0 5 0 8 0 0 0 7 0 6 0 4 0 3 0 0 0 5 0 6 1 0 0 8 0 6 0 0 0 4 0 0 0 7 0 6 0 3 0 8 0 7 0 4 0 0 0 6 0 8 0 5 0 3 0 4 1 0 0 5 0 4 0 3 1 0 0 7 1 0 0 6 0 4 0 7 1 0 0 7 0 4 0 5 0 1 1 0 0 1 0 7 0 6 1 0 0 6 0 4 0 8 0 6 0 5 0 3 0 8 0 4 0 1 0 4 0 2 0 1 0 4 0 0 0 5 0 3 1 0 1 0 1 0 0 8 0 2 0 7 0 5 0 1 1 0 0 7 0 7 0 6 0 1 0 6 0 4 0 0 0 6 0 1 0 1 0 4 1 0 0 1 0 6 1 0 0 5 0 3 0 3 0 7 0 1 0 5 0 6 0 3 0 4 0 0 0 2 0 5 0 4 0 4 0 1 0 7 0 1 0 2 0 1 0 4 0 5 0 2 0 3 1 0 0 0 0 2 0 4 0 1 0 3 0 2 0 7 0 3 0 7 0 7 0 5 0 4 1 0 0 1 0 1 0 3 0 3 0 3 0 1 0 1 0 0 0 2 0 8 0 4 0 0 1 0 0 0 0 3 0 3 0 2 0 0 0 7 0 7 0 2 0 4 0 2 0 4 0 7 0 4 0 0 0 5 0 1 0 2 0 8 0 4 1 0 0 6 1 0 0 3
1 323 3 0 1 0 7 0 2 0 5 0 3 1 0 0 7 0 1 0 1 0 5 0 0 0 7 0 3 0 1 0 8 0 1 0 5 0 3 0 8 0 7 0 5 1 0 0 2 0 3 0 8 0 1 0 8 0 0 0 0 0 0 1 0 1 0 0 0 0 6 0 0 0 3 0 0 0 7 0 0 0 5 0 0 0 1 0 4 0 8 0 2 0 5 0 5 0 0 0 3 0 0 0 8 0 4 0 1 0 8 0 6 1 0 0 3 0 8 0 4 0 2 0 8 0 1 0 0 1 0 0 0 1 0 1 0 0 6 0 6 0 5 0 1 0 4 1 0 0 5 0 6 0 3 0 4 0 2 1 0 0 2 0 2 0 3 0 2 1 0 1 0 0 3 0 4 0 0 0 0 0 7 0 7 0 4 0 4 0 1 0 3 0 7 0 8 0 0 0 5 0 0 1 0 1 0 0 4 0 4 0 3 0 4 0 2 1 0 0 1 0 5 0 7 0 7 1 0 0 4 0 8 0 2 0 6 0 5 0 4 0 8 0 5 0 6 0 2 0 0 1 0 0 2 0 2 0 6 0 6 0 6 0 2 0 2 0 0 0 5 0 6 1 0 0 2 0 7 1 0 0 6 0 6 0 4 0 1 0 5 0 5 0 5 0 8 0 4 1 0 0 5 1 0 0 2 0 0 0 3 0 5 0 7 0 1 0 0 0 3 1 0 0 6
0 323 6 0 3 0 4 0 6 0 0 1 0 0 0 0 4 0 3 0 3 0 0 0 2 0 4 0 7 0 3 0 6 0 4 0 0 0 8 0 7 0 6 0 2 1 0 0 4 0 7 0 6 0 4 0 6 0 1 0 0 0 1 1 0 0 8 0 0 0 2 0 1 0 6 0 1 0 4 0 2 0 0 0 1 0 2 1 0 0 7 0 6 0 1 0 1 0 1 0 6 0 1 0 6 1 0 0 4 0 7 0 4 1 0 0 7 0 6 1 0 0 6 0 6 0 3 0 1 0 8 0 0 1 0 1 0 0 3 0 4 0 1 0 4 0 0 0 0 0 1 0 3 0 7 0 8 0 5 0 8 0 3 0 4 0 6 0 5 1 0 0 8 0 5 0 8 0 0 0 1 0 5 0 5 1 0 1 0 0 3 0 7 0 5 0 7 0 2 0 0 0 2 1 0 0 8 0 7 0 8 0 6 0 8 0 5 0 8 0 2 0 1 0 6 0 6 1 0 1 0 0 7 0 6 0 3 0 2 0 0 0 8 0 2 0 3 0 5 0 1 0 8 0 3 0 5 0 3 0 4 0 3 0 5 0 4 0 1 0 1 0 4 1 0 0 5 0 6 0 0 0 3 0 3 1 0 0 4 0 1 0 2 0 2 0 8 0 1 0 0 0 1 1 0 0 4 0 0 0 7 0 1 0 5 0 3 0 0 0 7 1 0 0 3
1 325 1 0 2 0 7 1 0 0 3 0 2 0 7 1 0 0 8 0 6 0 6 0 0 0 4 1 0 0 5 0 8 0 2 1 0 0 2 0 7 0 6 0 3 0 6 0 8 0 8 0 5 0 4 0 0 0 3 0 3 0 0 0 3 1 0 0 6 0 1 0 4 0 3 0 2 0 3 0 8 0 4 0 0 0 2 0 5 1 0 0 5 0 3 0 3 0 2 0 3 0 2 0 4 0 3 1 0 1 0 0 6 0 1 0 0 0 5 0 5 0 0 0 3 0 3 0 7 0 3 0 6 0 2 1 0 0 8 0 5 0 8 0 2 0 8 0 0 0 0 0 2 0 7 0 5 0 8 0 2 0 7 0 7 1 0 0 4 0 3 0 0 0 7 0 2 0 7 0 1 0 3 0 1 0 3 0 0 0 8 0 6 0 5 0 2 0 5 0 5 0 0 0 5 1 0 0 7 0 6 0 8 0 4 0 8 0 2 0 7 0 5 0 3 0 3 0 5 0 0 1 0 0 5 0 3 0 7 0 4 0 1 0 6 0 5 0 7 0 0 0 4 0 6 0 8 0 0 0 7 0 8 0 7 0 0 1 0 0 3 0 3 0 0 0 0 0 1 0 3 0 1 0 6 0 7 0 8 0 7 0 2 0 4 0 5 0 6 0 3 0 0 0 3 0 8 0 7 0 1 0 4 0 4 0 0 0 7 0 1 0 5 1 0 0 6
0 325 2 0 5 0 5 1 0 0 6 0 5 0 6 0 0 0 7 0 4 0 3 0 2 0 0 0 0 0 1 0 7 0 6 0 8 0 4 0 5 0 3 0 8 0 3 0 8 0 8 0 1 1 0 0 1 0 6 0 6 0 0 0 7 1 0 0 2 0 3 0 8 0 6 0 4 0 7 0 6 1 0 0 1 0 5 0 2 0 0 0 0 0 7 0 6 0 4 0 6 0 4 0 8 0 7 1 0 1 0 0 2 0 3 0 1 0 1 0 1 0 1 0 6 0 7 0 4 0 8 0 2 0 6 1 0 0 7 0 2 0 7 0 6 0 6 0 1 0 0 0 5 0 5 0 2 0 7 0 6 0 5 0 6 1 0 0 8 0 6 0 1 0 4 0 6 0 4 0 3 0 6 0 2 0 6 0 1 0 7 0 4 0 1 0 6 0 1 0 1 0 2 0 2 0 0 0 5 0 4 0 8 0 0 0 7 0 6 0 5 0 1 0 7 0 7 0 0 0 2 1 0 0 0 0 8 0 4 1 0 0 4 0 3 0 2 0 5 0 1 1 0 0 4 0 7 0 2 0 5 0 8 0 5 0 2 0 8 0 5 0 6 0 0 0 0 0 2 0 6 0 3 0 3 0 6 0 8 0 5 0 5 1 0 0 2 0 3 0 7 0 0 0 7 0 7 0 5 0 3 0 8 0 8 0 1 0 4 0 4 0 2 0 0 0 3
1 325 5 0 1 0 3 0 0 0 3 0 2 0 3 0 2 0 4 1 0 0 7 0 4 0 0 0 0 0 3 0 5 0 4 0 8 0 0 0 1 0 8 0 6 0 8 0 7 0 7 0 4 0 8 0 2 0 3 0 3 0 2 0 5 1 0 0 4 0 7 0 7 0 4 0 0 0 6 0 4 1 0 0 3 0 0 0 5 0 0 0 1 0 5 0 4 0 0 0 4 0 0 0 8 0 7 0 0 0 8 0 3 0 6 0 2 0 2 0 2 0 3 0 3 0 6 0 0 0 7 0 6 0 4 0 0 0 4 0 6 0 5 0 4 0 3 0 3 0 1 0 1 0 1 0 6 0 5 0 4 0 2 0 5 0 0 0 7 0 3 0 3 1 0 0 3 1 0 0 8 0 2 0 6 0 2 0 4 0 4 1 0 0 4 0 2 0 3 0 2 0 4 0 4 0 1 0 1 0 0 0 7 0 2 0 5 0 4 0 1 0 4 0 5 0 5 0 1 0 5 0 8 0 0 0 7 0 0 1 0 0 8 0 6 0 5 0 0 0 4 0 8 0 8 0 4 0 6 0 1 0 8 0 1 0 6 0 7 0 2 0 3 0 1 0 0 0 5 0 2 0 7 0 7 0 3 0 8 0 2 0 2 1 0 0 4 0 7 0 4 0 2 0 5 0 6 0 1 0 8 0 7 0 7 0 3 0 8 0 8 0 4 0 0 0 6
0 327 1 0 0 0 3 0 6 0 0 0 6 0 4 0 6 0 5 0 0 0 0 0 4 1 0 0 1 0 0 0 7 0 1 0 0 0 7 0 1 0 3 0 7 0 4 0 8 0 6 0 6 0 0 0 7 0 5 0 6 0 6 0 5 0 1 1 0 1 0 0 6 0 5 1 0 0 2 0 3 0 0 1 0 0 6 0 1 0 0 0 1 0 3 0 0 1 0 0 1 0 8 0 1 0 7 0 5 0 2 0 6 0 8 0 2 0 5 0 4 0 4 0 6 0 7 0 2 0 2 0 5 0 3 1 0 0 1 1 0 0 4 0 1 1 0 0 7 0 6 0 2 0 2 0 3 0 3 0 1 1 0 0 6 0 0 0 2 0 4 0 7 0 7 0 8 0 6 1 0 0 6 0 6 0 2 0 5 1 0 0 0 1 0 0 8 0 4 0 6 0 4 0 8 0 8 0 2 0 2 0 1 0 4 0 6 0 0 1 0 0 3 1 0 0 2 0 1 0 4 0 1 0 7 0 2 0 4 0 2 1 0 0 7 0 4 0 1 0 1 1 0 0 8 0 8 0 0 0 3 0 4 0 6 0 4 0 3 0 5 0 5 0 6 0 2 0 1 0 0 0 6 0 5 0 5 0 8 0 6 0 5 0 5 0 8 0 8 0 4 1 0 0 6 0 1 0 3 0 4 0 7 0 6 0 5 0 8 0 7 0 7 1 0 0 2 0 3
1 327 2 0 0 0 7 0 2 0 2 0 3 0 0 0 4 0 1 0 1 0 0 1 0 1 0 0 2 0 1 0 4 0 3 0 1 0 4 0 3 0 7 0 5 0 0 0 8 0 4 0 3 0 2 0 5 0 2 0 4 0 4 0 1 0 4 1 0 1 0 0 3 0 2 1 0 0 4 0 6 0 1 1 0 0 2 0 3 0 0 0 2 0 6 0 1 0 8 0 2 0 6 0 4 0 5 0 1 0 6 0 3 0 7 0 6 0 1 0 0 0 0 0 4 0 5 0 5 0 5 0 0 0 8 0 8 0 2 0 8 0 7 0 3 1 0 0 5 0 3 0 5 0 4 0 6 0 6 0 3 1 0 0 2 0 1 0 4 1 0 0 6 0 6 0 8 0 5 0 0 0 3 0 3 0 6 0 1 1 0 0 1 1 0 0 7 0 0 0 4 0 0 0 8 0 7 0 5 0 4 0 2 1 0 0 3 0 2 0 8 0 6 0 8 0 3 0 2 0 8 0 3 0 4 0 5 0 8 0 5 1 0 0 4 1 0 0 3 0 3 1 0 0 7 0 7 0 1 0 6 1 0 0 3 1 0 0 8 0 1 0 2 0 3 0 5 0 2 0 1 0 3 0 2 0 2 0 8 0 4 0 2 0 2 0 8 0 8 0 1 0 0 0 2 0 3 0 6 1 0 0 6 0 4 0 2 0 8 0 6 0 6 1 0 0 4 0 6
0 327 4 0 1 0 4 0 5 0 4 0 6 0 0 0 8 0 2 0 2 0 1 1 0 0 8 0 3 0 2 0 8 0 6 0 2 0 8 0 7 0 5 0 1 0 2 0 6 1 0 0 7 0 5 0 0 0 5 0 8 0 8 0 3 0 0 0 0 0 8 0 5 0 5 0 8 0 8 0 2 0 4 0 8 0 3 0 6 0 0 0 5 0 2 0 4 0 6 0 6 0 3 0 0 0 1 0 4 0 2 0 8 0 5 0 3 0 3 0 0 0 0 1 0 0 2 0 2 0 1 0 2 0 7 0 7 0 6 0 7 0 5 1 0 0 0 0 0 0 8 0 1 0 0 0 4 0 3 0 8 0 8 0 3 0 3 0 0 0 0 0 3 0 4 0 8 0 1 0 1 0 6 0 7 0 2 0 4 0 8 0 2 1 0 0 4 0 1 0 8 0 1 0 7 0 6 0 1 1 0 0 6 0 8 0 5 0 5 0 7 0 4 0 7 0 7 0 5 0 6 0 7 1 0 0 2 0 8 0 2 1 0 1 0 1 0 0 6 0 7 1 0 0 5 0 5 0 4 0 3 1 0 0 7 1 0 0 6 0 3 0 4 0 7 0 0 0 5 0 2 0 6 0 4 0 5 0 6 1 0 0 5 0 5 0 7 0 7 0 3 0 0 0 4 0 7 0 4 0 0 0 2 1 0 0 6 0 7 0 4 0 4 1 0 1 0 0 4
1 327 8 0 2 1 0 0 2 0 0 0 3 0 2 0 6 0 5 0 4 0 3 1 0 0 6 0 7 0 5 0 7 0 3 0 6 0 7 0 6 0 1 0 3 0 5 0 4 0 0 0 5 0 1 0 2 0 1 0 8 0 7 0 7 0 0 0 1 0 7 0 2 0 2 0 8 0 7 0 5 1 0 0 7 0 8 0 2 0 2 0 0 0 5 1 0 0 4 0 3 0 7 0 0 0 2 0 8 0 5 0 7 0 1 0 7 0 6 0 0 0 1 0 8 0 3 0 4 0 2 0 5 0 5 0 6 0 4 0 6 0 2 1 0 0 0 0 1 0 6 0 3 0 0 0 8 0 7 0 7 0 7 0 7 0 6 0 0 0 0 0 6 1 0 0 7 0 3 0 3 0 3 0 5 0 5 1 0 0 7 0 6 0 8 0 7 0 3 0 6 0 4 0 5 0 3 0 4 1 0 0 3 0 8 0 2 0 2 0 6 0 0 0 6 0 6 0 2 0 4 0 6 1 0 0 5 0 6 0 6 1 0 1 0 1 0 0 3 0 7 0 0 0 1 0 1 1 0 1 0 0 0 0 6 0 0 0 2 0 7 1 0 0 5 0 2 0 0 0 6 0 3 0 0 0 2 0 5 0 0 0 1 0 2 0 6 0 5 0 7 0 0 1 0 0 5 1 0 0 1 0 5 1 0 0 3 0 6 0 0 0 1 0 0 0 8 0 7
1 329 1 0 6 0 6 0 8 0 3 0 0 0 6 0 5 0 3 0 1 1 0 1 0 0 0 0 3 0 6 0 2 0 5 0 8 0 3 0 6 0 3 0 3 0 7 0 0 1 0 0 2 0 0 0 3 0 4 0 3 0 7 0 6 0 5 0 1 0 3 0 4 0 5 0 5 0 7 0 6 0 3 0 0 0 5 0 7 0 5 0 4 0 1 0 1 1 0 0 8 0 7 0 4 0 1 0 5 0 7 0 2 0 5 0 4 0 5 0 3 0 1 0 3 0 6 0 7 0 8 0 5 0 1 0 2 0 4 0 0 0 3 0 6 0 7 1 0 0 3 0 2 0 7 0 1 0 7 0 6 0 6 0 6 0 6 0 3 0 1 0 1 0 4 0 0 0 4 0 7 0 6 0 7 0 1 0 3 0 0 0 5 0 4 0 8 0 5 0 8 0 3 0 0 0 1 0 7 1 0 1 0 0 7 0 6 0 5 0 5 0 2 0 2 0 3 0 3 0 5 1 0 0 5 0 0 0 1 0 4 0 5 0 0 1 0 0 8 0 6 0 4 0 1 0 2 0 3 1 0 0 8 0 0 0 2 0 1 0 5 0 6 0 0 0 0 0 5 0 1 0 2 0 7 0 0 0 5 0 0 0 1 0 2 0 5 0 3 0 2 0 5 0 2 1 0 0 1 1 0 0 3 0 1 1 0 0 7 0 2 0 1 0 2 0 1 0 7 0 6
1 329 3 0 3 0 4 0 7 0 7 0 1 0 3 0 1 0 7 0 3 1 0 0 7 1 0 0 7 0 2 0 6 0 1 0 7 0 8 0 2 0 7 0 7 0 4 0 2 0 8 0 3 0 0 0 6 0 8 0 7 0 5 0 4 0 1 0 3 0 6 1 0 0 2 0 2 0 6 0 3 0 7 0 1 0 1 0 6 0 1 1 0 0 3 0 3 1 0 0 7 0 5 1 0 0 4 0 1 0 5 0 6 0 1 0 0 0 1 0 7 0 2 0 7 0 3 0 6 0 8 0 1 0 3 0 4 0 8 0 0 0 7 0 3 0 6 1 0 0 6 0 5 0 4 0 4 0 5 0 4 0 4 0 4 0 3 0 7 0 2 0 2 0 8 0 0 1 0 0 6 0 4 0 5 0 3 0 6 0 1 0 1 0 0 0 8 0 2 0 7 0 7 0 0 0 3 0 6 0 0 1 0 0 5 0 4 0 2 0 1 0 5 0 4 0 6 0 7 0 2 0 0 0 0 0 1 0 2 1 0 0 1 0 2 1 0 0 7 0 3 1 0 0 3 0 4 0 7 1 0 0 6 0 1 0 4 0 3 0 1 0 3 0 1 0 1 0 0 0 3 0 5 0 4 0 2 0 0 0 1 0 2 0 5 0 0 0 7 0 5 0 0 0 6 0 8 0 2 0 8 0 5 0 3 1 0 0 4 0 5 0 2 0 4 0 3 0 5 0 4
0 329 6 0 6 1 0 0 6 0 5 0 3 0 6 0 3 0 4 1 0 0 0 0 6 0 0 0 4 0 6 0 2 0 4 0 5 0 7 0 6 0 5 0 5 1 0 0 6 0 6 0 7 0 1 0 3 0 8 0 6 0 1 1 0 0 3 0 7 0 3 1 0 0 4 0 5 0 2 0 8 0 4 0 3 0 3 0 2 0 4 0 8 0 5 0 7 1 0 0 5 0 2 1 0 0 8 0 3 0 1 0 3 0 3 0 0 0 3 0 4 0 6 0 4 0 8 0 3 0 7 0 3 0 6 1 0 0 7 0 2 0 4 0 8 0 4 0 0 0 3 0 2 0 0 0 0 0 1 1 0 1 0 1 0 0 8 0 4 0 5 0 5 0 6 0 2 1 0 0 3 0 0 0 1 0 8 0 2 0 3 0 2 0 1 0 6 0 6 0 5 0 5 0 1 0 7 0 2 0 2 1 0 0 0 1 0 0 5 0 3 0 1 0 0 0 4 0 5 0 5 0 0 0 0 0 2 0 5 0 8 0 1 0 5 1 0 0 4 0 8 0 8 0 5 1 0 0 7 0 0 0 2 0 3 0 8 0 6 0 2 0 6 0 2 0 2 0 0 0 7 0 0 1 0 0 5 0 0 0 2 0 5 0 0 0 2 0 5 0 1 0 2 0 3 0 7 0 6 0 7 0 1 0 8 0 8 0 8 0 0 0 5 0 8 0 7 0 1 0 0
0 331 1 0 3 0 5 0 0 0 3 0 1 0 8 0 2 0 7 1 0 1 0 0 1 0 2 0 1 1 0 0 3 0 5 1 0 0 2 0 6 0 4 0 2 0 3 0 0 0 3 0 4 0 5 0 3 0 7 0 7 0 3 0 4 0 8 0 6 0 4 0 8 0 8 0 8 0 0 0 6 0 6 1 0 0 7 0 6 0 4 1 0 0 8 0 2 0 7 0 0 0 0 0 6 1 0 0 6 0 7 0 2 0 6 0 6 0 0 0 6 1 0 0 4 0 0 0 7 0 8 0 4 0 8 0 4 0 0 0 4 0 5 1 0 0 7 1 0 0 1 0 6 0 4 0 0 0 0 0 3 1 0 1 0 1 0 0 7 0 0 0 2 0 2 0 3 0 6 0 8 0 5 0 0 0 3 0 6 0 5 0 6 0 4 0 3 0 3 0 4 0 2 0 1 0 4 0 4 0 5 0 5 0 8 0 0 1 0 0 0 0 7 0 2 0 0 1 0 0 2 0 1 0 1 0 0 0 5 0 1 0 7 0 4 0 1 1 0 1 0 0 8 0 8 0 3 0 0 0 4 0 1 0 4 0 7 0 7 0 3 0 6 0 2 0 5 0 4 0 1 0 4 0 2 1 0 0 0 0 1 0 5 0 0 0 1 0 5 0 0 0 3 0 4 0 7 0 5 0 4 0 5 0 4 0 7 0 8 0 7 0 2 0 1 0 8 0 5 0 3 0 0
0 331 2 0 7 0 0 0 1 0 6 0 3 0 6 0 6 0 6 0 0 0 8 0 1 0 4 0 3 0 8 0 6 0 1 1 0 0 5 0 2 1 0 0 5 0 6 0 0 0 6 1 0 0 1 0 8 0 5 0 5 0 7 1 0 0 8 0 4 0 0 0 8 0 8 0 7 0 2 0 3 0 5 0 0 0 5 0 4 0 1 0 0 0 6 0 6 0 4 0 1 0 1 0 4 0 0 0 3 0 5 0 6 0 3 0 3 0 2 0 3 1 0 0 8 0 1 0 5 0 8 0 0 0 7 1 0 0 1 1 0 0 3 0 0 0 5 1 0 0 3 0 2 1 0 0 1 0 0 0 7 1 0 1 0 1 0 0 4 0 1 0 4 0 4 0 7 0 3 0 8 0 1 0 1 0 7 0 3 0 2 0 3 1 0 0 7 0 6 0 8 0 4 0 2 1 0 0 0 0 2 0 2 0 7 0 2 0 8 0 0 0 4 0 5 0 1 0 8 0 3 0 2 0 2 0 1 0 0 0 4 0 4 1 0 0 4 1 0 1 0 0 7 0 7 0 7 0 0 0 8 0 2 1 0 0 6 0 5 0 8 0 2 0 6 0 0 1 0 0 3 0 8 0 5 0 7 1 0 0 3 0 0 0 1 0 3 0 0 0 1 0 6 1 0 0 6 0 2 0 0 0 2 0 0 0 6 0 8 0 5 0 5 0 3 0 7 0 1 0 7 0 0
0 331 5 0 4 0 1 0 3 0 2 0 8 0 3 0 4 0 3 0 2 0 6 0 3 0 8 0 7 0 7 0 3 0 4 1 0 0 0 0 6 1 0 0 1 0 3 0 2 0 3 1 0 0 3 0 7 0 2 0 2 0 7 0 0 0 6 1 0 0 2 0 7 0 8 0 5 0 5 0 7 0 0 0 2 0 0 1 0 0 3 0 1 0 3 0 3 1 0 0 3 0 2 0 8 0 0 0 7 0 1 0 3 0 7 0 6 0 4 0 7 1 0 0 6 0 4 0 1 0 7 0 2 0 5 1 0 0 3 0 8 0 5 0 1 0 1 1 0 0 6 0 5 0 8 0 1 0 1 0 6 0 0 1 0 0 8 0 7 0 2 1 0 0 0 0 5 0 8 0 6 0 3 0 3 0 4 0 7 0 4 0 7 1 0 0 5 0 4 0 7 1 0 0 6 0 7 1 0 0 4 0 5 0 4 0 6 0 6 0 1 1 0 0 1 0 4 0 6 0 7 0 4 0 4 0 2 0 0 1 0 0 1 0 0 0 0 0 0 1 0 0 5 0 6 0 5 0 2 0 6 0 6 1 0 0 3 0 2 0 7 0 6 0 2 0 2 0 8 0 6 0 7 0 2 0 6 1 0 0 6 0 0 0 2 0 6 0 0 0 3 0 4 0 0 0 2 0 5 0 0 0 4 0 1 0 3 0 8 0 2 0 1 0 8 0 4 0 4 0 4 0 1
0 333 1 0 0 1 0 0 3 0 6 0 5 0 6 0 7 0 8 0 6 0 5 0 2 0 8 0 7 0 6 0 5 0 7 1 0 1 0 0 1 0 3 1 0 0 2 0 6 0 4 0 7 0 8 0 6 0 4 0 5 0 5 0 4 0 2 0 3 1 0 0 5 0 5 0 8 0 2 0 2 0 5 0 1 0 4 0 1 0 8 0 5 0 2 0 6 0 7 0 8 0 5 0 5 0 6 0 2 0 4 0 3 0 7 0 5 0 4 0 0 0 7 0 0 0 2 1 0 0 4 0 4 0 6 0 1 1 0 0 7 0 7 0 1 0 3 0 3 1 0 0 3 0 2 0 7 0 3 0 3 0 2 0 2 1 0 0 7 0 5 0 6 0 8 0 0 0 1 0 8 0 3 0 7 0 6 1 0 0 6 0 0 0 7 0 0 0 1 0 0 0 7 0 0 0 3 0 6 1 0 1 0 0 2 0 0 0 4 0 3 0 4 0 8 0 1 1 0 0 4 0 5 1 0 1 0 0 5 0 1 0 8 0 1 0 0 0 0 0 1 1 0 0 1 0 4 0 1 0 6 0 3 0 4 1 0 0 6 0 5 0 5 0 3 0 5 0 5 0 7 0 4 0 5 0 6 0 4 0 0 0 2 0 1 0 5 0 2 0 1 0 6 0 8 0 0 0 5 0 0 0 1 0 8 0 2 0 7 0 6 0 5 0 3 0 6 1 0 1 0 1 0 0 3
1 333 2 0 1 0 8 0 6 0 3 0 2 0 4 0 6 0 8 0 4 0 1 0 6 0 7 0 6 0 4 0 2 0 7 0 0 0 8 0 1 0 7 0 8 0 4 0 3 0 0 0 6 0 8 0 4 0 0 0 2 0 1 1 0 0 5 0 7 1 0 0 1 0 2 0 7 0 5 0 5 0 0 0 3 0 8 0 3 0 7 0 1 0 6 0 3 0 6 0 8 0 2 0 2 0 3 0 5 0 8 0 7 0 5 0 1 1 0 0 2 0 4 0 1 0 5 0 8 0 7 1 0 0 3 0 4 1 0 0 5 0 5 0 3 0 6 0 7 0 8 0 5 0 5 0 4 0 7 0 6 0 4 0 5 1 0 0 5 0 2 0 4 0 7 0 1 0 3 0 6 0 8 0 5 0 5 0 0 0 2 0 2 0 4 0 1 0 2 0 1 0 4 0 1 0 7 0 4 0 0 0 8 0 3 0 0 0 8 0 6 1 0 0 7 0 4 0 8 0 8 0 2 0 0 1 0 0 0 0 4 0 6 0 3 0 0 0 0 0 3 0 8 0 1 0 8 0 3 0 2 0 8 0 0 0 0 0 3 0 2 0 1 0 8 0 1 0 2 0 6 0 0 0 2 0 3 1 0 0 1 0 4 0 3 0 0 0 5 0 3 0 3 0 7 0 2 0 0 0 1 0 3 0 6 0 6 0 5 0 4 0 1 0 8 0 4 0 0 1 0 0 8 0 5
0 333 4 0 3 0 7 0 3 0 7 0 4 1 0 0 4 0 7 1 0 0 4 0 3 0 6 0 3 1 0 0 6 0 4 0 2 0 6 0 4 0 5 0 7 1 0 0 7 0 1 0 3 0 7 1 0 0 1 0 4 0 3 1 0 0 1 0 6 1 0 0 2 0 5 0 5 0 2 0 1 0 1 0 7 0 6 0 8 0 4 0 4 0 2 0 8 0 3 0 7 0 5 0 4 0 7 0 1 0 8 0 6 0 1 0 4 0 8 0 3 0 8 0 3 0 1 0 8 0 6 1 0 0 7 0 0 0 0 0 1 0 1 0 8 0 3 0 6 0 8 0 2 0 2 0 0 0 6 0 4 0 0 0 3 0 0 0 0 0 5 1 0 0 5 0 3 0 7 0 3 0 8 0 2 0 1 0 1 0 4 0 4 0 8 0 2 0 4 0 2 0 8 0 3 0 4 1 0 0 2 0 6 0 7 0 1 0 7 0 5 0 0 0 5 0 0 0 8 0 7 0 5 0 1 0 7 1 0 1 0 0 3 0 7 0 0 0 0 0 7 0 6 0 4 0 6 0 7 0 5 0 6 0 1 0 0 0 6 0 4 0 3 0 6 0 3 0 5 0 2 0 1 0 4 0 7 0 8 0 1 0 8 0 6 0 1 0 0 0 7 0 7 0 4 0 5 0 0 0 2 0 7 0 3 0 4 0 1 1 0 0 4 0 6 1 0 0 2 1 0 0 7 0 2
1 333 8 0 7 0 4 0 8 0 5 0 0 1 0 1 0 0 6 1 0 0 8 0 7 0 2 1 0 0 0 0 2 1 0 0 6 0 3 0 0 0 2 0 7 0 0 0 4 0 3 0 7 0 5 1 0 0 2 0 8 0 7 0 8 0 2 0 3 1 0 0 5 0 1 0 1 0 5 0 2 0 3 0 5 0 4 0 7 1 0 1 0 0 6 0 6 0 8 0 5 0 2 0 0 0 5 0 4 0 7 0 3 0 3 1 0 0 7 0 8 0 6 0 7 0 3 0 7 0 5 0 0 0 4 0 1 0 0 0 2 0 3 0 6 0 8 0 3 0 7 0 5 0 4 0 1 0 2 1 0 0 1 0 6 0 0 0 1 0 2 0 0 0 0 0 8 0 4 0 8 0 6 0 5 0 2 0 2 1 0 0 0 0 7 0 5 0 8 0 5 0 6 0 7 1 0 1 0 0 5 0 3 0 5 0 4 0 5 0 1 0 2 0 0 0 2 0 7 0 6 0 1 0 4 0 6 0 0 0 8 0 6 0 4 0 1 0 1 0 5 0 4 0 0 0 4 0 6 0 2 0 3 0 3 0 1 0 2 1 0 0 8 0 2 0 8 0 0 0 5 0 2 1 0 0 6 0 7 0 4 0 7 0 3 0 3 0 1 0 5 0 6 0 0 0 1 0 1 0 5 0 4 0 7 0 8 0 3 0 8 0 8 0 3 1 0 0 5 1 0 0 4 0 5
0 335 1 0 7 0 6 0 0 0 8 0 1 0 2 1 0 1 0 0 4 0 0 0 7 0 5 0 6 0 7 1 0 0 5 1 0 0 2 0 7 0 0 0 5 0 4 0 1 0 8 0 7 0 5 0 2 1 0 0 5 0 7 0 6 0 7 0 5 0 7 1 0 0 0 0 3 0 3 0 0 0 5 0 7 0 1 0 0 0 7 0 0 1 0 0 3 0 4 0 8 0 1 0 5 0 1 0 1 0 0 0 5 0 7 0 7 1 0 0 5 0 8 0 4 0 5 0 8 0 5 0 1 0 1 0 8 0 2 0 0 0 4 0 7 0 3 0 7 0 8 0 5 0 1 1 0 0 3 0 5 0 8 0 2 0 2 0 1 0 2 0 4 0 0 0 1 0 7 0 0 0 8 0 4 0 1 0 5 0 5 0 8 0 0 0 5 0 2 0 8 0 2 0 4 0 7 0 0 1 0 0 0 0 8 0 1 0 0 0 1 0 3 0 4 0 0 0 5 0 5 0 3 0 3 1 0 0 3 0 2 0 7 0 3 1 0 0 3 0 3 0 0 1 0 0 1 1 0 0 3 0 5 0 6 0 6 0 2 0 5 1 0 0 6 0 6 0 6 0 2 0 0 0 6 1 0 0 3 0 6 0 0 0 5 0 7 0 6 0 3 0 1 0 3 0 1 0 2 0 3 0 1 0 0 0 6 0 7 0 8 0 7 0 7 1 0 0 0 0 1 1 0 1 0 0 2
0 335 3 0 5 0 3 0 2 0 6 0 3 0 5 1 0 0 8 0 7 0 1 0 5 0 2 0 4 0 7 0 0 0 1 1 0 0 5 0 4 0 2 0 0 1 0 0 4 0 7 0 6 0 1 0 6 1 0 0 1 0 6 0 4 0 6 0 2 0 6 1 0 0 0 0 6 0 6 0 1 0 1 0 5 0 3 0 1 0 4 0 2 0 8 0 5 1 0 0 7 0 4 0 0 0 3 0 2 0 1 0 1 0 6 0 7 0 0 0 1 0 8 0 0 0 2 0 8 0 1 0 3 0 3 0 6 0 5 0 0 1 0 0 5 0 8 0 5 0 8 0 1 0 4 0 8 0 6 0 1 0 7 0 5 0 4 0 2 0 4 0 8 0 0 0 3 0 4 0 2 0 6 1 0 0 4 0 1 0 2 0 7 0 2 0 0 0 6 0 6 0 5 1 0 0 5 0 2 0 8 0 0 0 6 0 3 0 0 0 2 0 6 0 8 0 1 0 1 0 1 0 7 0 7 0 8 0 5 0 5 0 4 0 8 0 8 0 5 0 6 0 1 0 8 0 2 0 8 0 6 0 1 0 4 0 3 0 6 0 2 0 0 0 3 0 4 0 3 0 5 0 1 0 3 1 0 0 7 0 2 0 2 0 1 0 6 0 3 0 7 0 2 0 6 0 2 0 4 0 6 0 2 0 1 0 3 0 6 0 8 0 6 0 6 1 0 0 0 0 3 1 0 0 8 0 3
1 335 7 0 0 0 7 0 5 0 2 0 8 0 2 0 0 0 7 0 5 0 4 0 0 0 5 1 0 0 5 0 1 0 3 1 0 0 0 1 0 0 5 0 1 0 8 0 8 0 5 0 3 0 4 0 3 1 0 0 3 0 3 0 0 0 3 0 6 0 3 1 0 0 1 0 3 0 3 0 3 0 3 0 0 0 7 0 2 0 8 0 5 0 7 0 3 0 0 0 4 1 0 0 1 0 6 0 4 0 2 0 3 0 3 0 5 0 1 0 3 0 6 0 1 0 5 0 6 0 3 0 6 0 7 0 3 0 1 0 2 1 0 0 1 0 8 0 2 0 7 0 3 1 0 0 8 0 3 0 4 0 5 0 1 1 0 0 5 1 0 0 7 0 1 0 6 0 8 0 5 0 3 1 0 0 8 0 2 0 5 0 4 0 5 0 1 0 3 0 4 0 3 0 0 0 0 0 6 0 6 0 2 0 2 0 7 0 0 0 5 0 3 0 7 0 3 0 2 0 3 0 5 0 6 0 8 0 2 0 2 0 0 0 8 0 8 0 2 0 3 0 4 0 6 0 6 0 7 0 3 0 3 0 8 0 7 0 2 0 5 0 0 0 6 0 8 0 7 0 0 0 3 0 7 1 0 0 4 0 5 0 4 0 3 0 2 0 8 0 4 0 6 0 2 0 5 1 0 0 3 0 5 0 2 0 7 0 3 0 8 0 4 0 4 1 0 0 0 0 7 1 0 0 6 0 7
1 337 1 0 4 0 2 0 5 0 1 0 6 0 6 0 5 0 1 0 5 0 1 1 0 0 2 0 2 0 0 0 0 0 3 0 7 0 8 0 0 1 0 0 0 0 4 0 7 0 8 0 1 0 7 0 8 0 7 0 8 0 5 0 6 0 0 0 7 0 2 0 8 0 8 0 1 0 6 0 6 0 6 0 6 0 1 0 4 0 6 0 7 0 2 0 5 0 7 0 0 1 0 1 0 0 3 0 2 1 0 0 5 0 6 0 7 0 0 0 3 0 7 0 2 0 4 0 1 0 3 0 8 0 3 0 5 0 7 0 2 0 5 0 8 0 2 0 6 0 6 0 4 1 0 0 0 0 6 0 7 1 0 0 1 0 4 1 0 0 2 0 0 0 4 0 4 0 3 0 8 0 1 1 0 0 0 0 6 0 6 0 1 0 0 0 1 0 3 0 6 0 8 0 6 0 0 0 1 0 3 0 3 0 5 0 5 0 4 0 2 0 0 0 8 0 4 0 7 0 4 0 7 0 1 0 4 0 7 0 5 0 4 0 1 0 7 0 7 0 5 0 6 1 0 0 4 0 4 0 5 0 7 0 7 0 7 0 5 0 6 0 0 0 2 0 3 0 8 0 5 0 1 0 7 0 5 1 0 1 0 0 1 1 0 0 7 0 5 0 7 0 0 0 3 0 6 0 1 1 0 0 7 0 0 0 6 0 4 0 8 0 7 0 0 0 0 1 0 0 1 0 6 0 0 0 3 0 6
0 337 2 0 8 0 5 0 0 0 4 0 3 0 4 0 1 0 4 0 0 0 4 0 8 0 3 0 4 0 0 0 0 0 7 0 5 0 7 0 2 0 7 1 0 1 0 0 6 0 7 0 4 0 5 0 8 0 6 0 8 0 2 0 3 0 2 0 4 0 6 0 7 0 7 0 4 0 3 0 4 0 4 0 3 0 3 1 0 0 4 0 5 0 6 0 1 0 5 0 2 1 0 0 8 0 5 0 5 1 0 0 1 0 4 0 5 0 1 0 7 0 4 0 5 0 8 0 2 0 7 0 6 0 8 0 1 0 5 0 6 0 1 0 7 0 6 0 3 0 4 0 0 1 0 0 1 0 3 0 6 1 0 0 2 1 0 1 0 0 4 0 0 0 8 0 8 0 7 0 6 0 4 0 8 0 0 0 3 0 3 0 3 0 0 0 2 0 7 0 3 0 8 0 3 0 1 0 2 0 6 0 7 0 1 0 1 1 0 0 5 0 1 0 7 0 0 0 6 0 0 0 5 0 3 1 0 0 6 0 1 1 0 0 4 0 5 0 6 0 2 0 4 1 0 1 0 0 0 0 2 0 6 0 6 0 6 0 2 0 3 0 1 0 4 0 7 0 7 0 1 0 4 0 5 0 3 0 0 0 8 0 2 1 0 0 5 0 2 0 5 0 1 0 7 0 2 0 4 1 0 0 4 0 2 0 3 0 0 0 8 0 5 0 1 0 1 0 8 0 2 0 2 0 1 0 7 0 3
1 337 5 0 7 0 1 0 1 0 8 0 6 0 8 0 2 0 8 0 0 1 0 0 7 0 7 0 8 0 0 0 1 0 5 0 2 0 5 0 6 0 6 0 0 1 0 0 3 0 6 0 0 0 2 0 8 0 4 0 7 0 5 0 6 0 4 1 0 0 4 0 6 0 5 1 0 0 7 0 8 0 8 0 6 0 7 0 8 0 8 0 1 0 3 0 4 0 0 0 6 1 0 0 7 0 2 0 2 1 0 0 2 1 0 0 1 0 4 0 5 0 0 0 2 0 7 0 6 0 5 0 4 0 7 0 4 0 1 0 3 0 4 0 5 0 3 0 7 0 8 0 1 0 8 0 1 0 7 0 3 1 0 0 5 1 0 0 8 0 7 0 1 0 7 0 8 0 6 0 4 0 0 0 7 0 1 0 6 0 6 0 6 0 0 0 5 0 4 0 8 0 6 0 7 0 2 0 5 0 3 0 5 0 3 0 3 1 0 0 0 0 4 0 4 0 2 0 2 0 2 0 0 1 0 0 0 0 2 0 4 0 8 0 8 0 1 0 3 0 6 0 0 0 0 0 7 1 0 0 5 0 3 0 4 0 3 0 5 0 6 0 2 1 0 0 6 0 5 0 3 1 0 0 1 0 7 0 1 0 6 0 6 1 0 0 0 0 6 0 0 0 4 0 4 0 5 1 0 1 0 0 8 0 4 0 6 0 1 0 7 0 1 0 3 0 3 0 6 0 5 0 4 0 3 0 4 0 7
1 339 1 0 1 0 5 0 3 0 3 0 7 0 4 0 7 0 6 0 6 0 2 1 0 0 5 0 6 0 7 0 1 0 3 0 0 0 6 0 1 0 4 0 3 0 2 0 8 0 6 0 2 0 1 0 5 0 7 0 0 0 6 0 2 0 4 0 0 1 0 1 0 0 4 0 3 0 0 0 5 0 8 0 8 0 4 0 6 0 8 0 7 0 3 0 6 0 8 0 1 0 4 0 0 0 4 0 5 0 5 0 8 0 4 0 8 0 1 1 0 0 1 0 1 0 5 0 5 0 4 0 2 0 0 0 5 1 0 0 3 0 6 1 0 0 1 0 8 0 5 0 7 0 4 0 6 0 4 0 4 1 0 0 0 0 2 0 0 0 7 0 5 0 4 0 5 0 8 0 3 1 0 0 2 0 4 0 4 0 3 0 4 0 3 0 2 0 1 0 0 0 8 0 4 0 5 0 6 0 0 0 8 0 0 0 7 0 7 0 7 1 0 0 8 0 8 0 4 0 4 0 4 0 1 0 7 1 0 0 4 1 0 0 8 0 7 0 3 0 7 0 2 0 1 0 1 0 6 0 0 0 0 0 7 0 8 0 7 0 1 0 3 0 6 1 0 0 3 0 1 0 8 0 8 0 2 0 4 0 4 0 3 0 4 1 0 0 1 0 2 0 1 1 0 0 0 0 3 0 0 1 0 0 7 0 0 0 3 0 4 0 4 0 3 0 6 0 7 0 3 0 1 1 0 0 7 1 0 0 6
0 339 2 0 3 0 0 0 7 0 7 0 5 0 0 0 6 0 4 0 3 0 6 1 0 0 1 0 4 0 5 0 3 0 6 0 1 0 2 0 3 0 8 0 6 0 5 0 7 0 3 0 5 0 3 0 1 0 5 0 2 0 2 0 5 0 8 0 1 1 0 0 8 0 7 0 6 0 1 0 1 0 8 0 8 0 0 0 4 0 8 0 5 0 8 0 3 0 7 0 3 0 8 0 0 1 0 0 2 0 2 0 8 0 0 0 7 0 4 0 8 0 1 0 3 0 1 0 1 1 0 0 5 0 1 0 1 1 0 0 7 0 3 1 0 0 3 0 7 0 2 0 6 0 0 0 4 0 0 0 0 1 0 0 0 0 4 0 1 0 5 0 2 0 0 0 2 0 7 0 8 0 8 0 3 0 8 0 8 0 6 0 8 0 6 0 4 0 2 0 1 0 7 0 0 0 2 0 3 0 2 0 6 0 2 0 5 0 6 0 7 0 0 0 7 0 7 1 0 1 0 1 0 0 4 0 6 0 0 0 0 0 0 0 7 0 5 0 8 0 4 0 5 0 2 0 3 0 2 0 1 0 1 0 5 0 8 0 5 0 3 0 7 0 3 1 0 0 6 0 3 0 7 0 7 0 5 0 8 0 8 0 6 1 0 1 0 0 2 0 4 0 3 0 7 1 0 0 6 0 1 1 0 0 4 0 1 0 6 0 8 0 8 0 7 0 3 0 5 0 7 0 3 1 0 0 6 0 0 0 3
1 339 4 0 6 0 1 0 5 0 6 0 1 0 2 0 2 1 0 0 8 0 3 1 0 0 2 1 0 0 1 0 8 0 2 0 3 0 4 0 7 0 7 0 4 0 2 0 5 0 8 0 0 0 7 0 3 0 0 0 5 0 5 0 1 0 7 0 4 1 0 0 7 0 6 0 3 0 3 0 3 0 7 0 7 0 1 1 0 0 8 0 2 0 7 0 8 0 4 0 8 0 6 0 2 0 8 0 3 0 5 0 6 0 2 0 5 0 0 0 7 0 3 0 6 0 2 0 3 1 0 0 0 0 3 0 3 1 0 0 4 0 8 0 8 0 6 0 4 0 6 0 2 0 1 0 8 0 0 0 1 0 7 1 0 0 8 0 3 0 0 0 5 0 0 0 5 0 5 0 8 0 7 0 8 0 7 0 8 0 4 0 8 0 3 1 0 0 5 0 3 0 4 0 1 0 4 0 6 0 5 0 2 0 6 0 1 0 4 0 5 0 2 0 5 0 7 0 0 1 0 0 8 0 8 0 2 0 1 0 0 0 1 0 5 0 2 0 8 0 0 0 1 0 5 0 6 0 4 0 2 0 3 0 1 0 8 0 1 0 8 0 4 1 0 0 0 0 2 0 8 0 5 0 6 0 2 0 8 0 8 0 5 0 0 0 8 0 3 0 8 0 7 0 6 0 0 0 2 0 4 0 8 0 7 0 3 0 3 0 8 0 8 0 5 0 8 0 1 0 5 1 0 0 0 0 2 0 1 0 6
0 340 1 0 0 3 0 4 0 1 0 3 0 3 0 4 0 5 1 0 0 6 0 8 0 8 0 4 0 8 0 2 0 6 0 5 0 6 1 0 0 6 0 5 1 0 0 6 0 1 0 7 0 2 0 4 0 7 0 1 0 1 0 1 0 4 0 5 0 1 0 0 0 5 0 3 0 7 0 6 0 7 0 5 0 5 0 4 1 0 0 6 0 6 0 5 0 8 0 0 0 8 0 3 0 6 0 6 0 8 0 1 0 3 0 6 0 0 0 2 0 4 0 8 0 2 0 5 0 7 0 7 1 0 0 6 0 7 0 8 0 8 0 7 0 8 0 4 0 0 0 3 0 5 0 3 0 6 0 1 0 3 0 6 0 0 0 6 0 7 0 1 0 0 0 2 0 1 0 2 0 8 0 6 0 8 0 6 0 8 0 0 0 7 1 0 0 0 0 0 0 7 0 8 0 2 1 0 0 4 0 1 0 6 0 2 0 3 1 0 0 1 0 6 0 1 0 5 0 2 1 0 0 7 0 7 0 5 0 2 0 0 0 3 0 0 0 6 0 6 0 1 0 3 0 1 0 3 1 0 0 5 0 6 0 3 0 6 0 4 0 7 0 0 1 0 0 0 0 5 0 7 0 2 0 3 0 6 0 7 0 8 0 1 0 2 0 6 0 8 0 7 0 6 0 3 0 1 0 4 1 0 0 8 0 5 0 7 0 7 0 7 0 8 0 2 0 7 0 4 0 1 1 0 0 0 0 4 0 3 0 3
1 341 1 0 8 0 5 0 8 0 2 0 6 0 6 1 0 0 3 0 0 0 3 0 8 0 8 0 0 0 7 0 6 0 3 0 2 0 5 0 0 0 3 0 3 0 0 0 2 0 4 0 4 0 5 1 0 0 5 0 3 0 2 0 2 1 0 0 1 0 3 0 1 0 0 0 8 0 5 0 4 0 6 0 2 0 2 0 1 0 0 0 3 0 4 0 2 0 7 0 2 0 6 0 8 0 3 0 4 0 7 0 3 0 7 0 2 0 1 0 4 1 0 0 7 0 6 0 1 0 6 0 7 0 0 0 3 0 6 0 8 0 8 0 6 0 7 1 0 0 1 0 7 0 0 0 8 0 2 0 3 0 7 0 2 0 2 0 3 0 5 0 3 0 0 0 4 0 2 0 5 0 7 0 4 0 8 0 4 0 7 0 2 0 5 1 0 0 0 0 1 0 5 0 7 0 6 0 8 0 7 0 3 0 2 0 5 0 7 0 8 0 2 0 2 0 4 0 0 0 6 1 0 0 5 0 6 0 1 0 5 0 0 0 6 0 1 0 3 0 3 0 3 0 6 0 2 0 7 1 0 0 1 0 3 0 8 0 3 0 0 0 5 0 2 0 8 0 0 0 1 0 5 0 5 0 7 0 3 0 6 0 7 0 3 0 5 0 3 0 8 0 6 0 3 0 7 0 3 0 0 0 0 0 7 0 2 0 6 0 6 0 6 0 7 0 6 0 4 1 0 0 4 0 7 1 0 0 8 0 6 0 6
1 341 3 0 7 0 2 0 7 0 6 0 3 0 4 1 0 0 6 0 0 0 7 0 7 0 7 0 2 0 5 0 3 0 7 0 5 0 0 0 1 0 6 0 6 0 0 0 4 1 0 0 0 0 3 0 0 0 0 0 7 0 4 0 5 0 8 0 1 0 6 0 2 0 1 0 7 0 2 0 0 0 3 0 5 0 4 0 2 0 0 0 6 0 8 0 5 0 4 0 6 0 3 0 7 0 7 1 0 0 5 0 8 0 4 0 5 0 3 0 0 0 0 0 5 0 3 0 4 0 3 0 5 0 1 0 7 0 3 0 8 0 8 0 4 0 6 1 0 0 3 0 4 0 2 0 6 0 5 0 7 0 4 0 5 0 4 0 7 0 0 0 7 0 0 0 8 0 5 0 1 0 6 0 0 0 8 0 0 0 5 0 6 0 1 1 0 0 0 0 3 0 1 0 6 0 4 0 8 0 5 0 7 0 5 0 1 0 6 0 7 0 5 0 4 0 8 0 1 0 4 0 0 0 1 0 3 0 4 0 0 0 2 0 2 0 3 0 6 0 6 0 7 0 2 0 6 0 5 1 0 0 2 0 7 0 6 0 7 0 1 0 0 0 6 0 6 0 1 0 3 0 1 0 2 0 5 0 8 0 3 0 5 0 8 0 0 0 8 0 7 0 3 0 8 0 4 0 7 0 0 0 1 0 4 0 6 0 3 0 4 0 4 0 6 0 4 0 0 1 0 1 0 0 7 0 0 0 7 0 4 0 4
0 341 7 0 4 0 6 0 5 0 3 0 8 0 0 0 0 0 2 0 2 0 5 0 6 0 5 0 6 0 0 0 8 0 5 0 1 0 1 0 3 0 3 0 3 0 1 1 0 1 0 0 0 0 6 0 0 0 1 0 5 0 0 0 2 0 7 0 4 0 2 0 5 0 3 0 4 0 5 0 0 0 7 0 0 1 0 0 5 0 1 0 3 0 8 0 2 0 0 0 3 0 8 0 5 0 7 0 0 0 1 0 8 0 0 0 1 0 7 0 0 0 1 0 0 0 7 0 8 0 7 0 0 0 4 0 4 0 8 0 7 0 8 0 0 0 4 1 0 0 6 0 8 0 5 0 3 0 2 0 6 0 0 0 2 0 0 0 5 0 2 0 4 0 2 0 7 0 1 0 4 0 2 0 2 0 6 0 2 0 1 0 3 0 4 0 7 1 0 0 6 0 3 0 3 0 0 0 8 0 2 0 6 0 1 0 4 0 3 0 6 0 2 0 0 0 7 0 3 0 8 0 0 0 2 0 6 0 8 0 0 0 4 0 4 0 7 0 3 0 4 0 5 0 6 0 3 0 2 1 0 0 5 0 5 0 4 0 5 0 3 0 1 0 3 0 3 0 3 0 6 0 2 0 5 0 1 0 7 0 8 0 1 0 7 0 2 0 7 0 5 0 8 0 7 0 0 0 5 0 1 0 2 1 0 0 3 0 7 1 0 0 0 0 3 1 0 0 2 1 0 1 0 0 4 0 2 0 5 0 0 0 0
0 343 1 0 5 0 0 0 4 0 1 0 8 0 6 0 1 0 0 0 4 0 5 0 1 0 4 0 2 0 3 0 2 0 7 0 1 0 3 0 2 0 6 0 6 0 6 0 3 1 0 0 8 0 0 0 2 0 1 0 3 0 0 0 1 0 5 0 4 1 0 0 6 0 0 0 7 1 0 0 1 0 2 0 4 0 2 1 0 0 0 0 3 0 7 0 6 0 5 0 0 0 7 0 7 0 2 0 5 0 1 0 3 0 6 0 1 0 3 0 4 0 1 0 2 0 1 0 5 0 8 0 5 0 1 1 0 0 0 0 8 0 6 0 7 0 2 0 0 0 0 0 3 0 8 0 1 0 7 0 5 0 2 0 1 0 4 0 1 0 0 0 5 0 8 0 5 0 4 0 3 0 8 0 4 0 5 0 2 0 5 0 2 0 6 1 0 0 7 0 0 0 2 0 7 0 6 0 1 0 6 0 6 0 2 0 3 0 8 0 7 0 2 0 5 0 1 0 4 0 8 0 6 0 1 0 5 0 3 0 7 0 1 1 0 0 0 0 5 0 7 1 0 0 2 0 3 0 7 0 5 1 0 0 1 0 2 0 0 0 1 0 7 0 2 0 6 0 6 0 7 0 2 0 6 0 0 0 4 0 5 0 7 0 4 0 4 0 6 0 5 0 2 0 8 0 5 0 2 0 0 0 3 0 5 0 8 0 6 0 5 1 0 0 0 0 7 0 8 0 4 1 0 0 8 0 7 0 5 0 0 0 1 0 0
0 343 3 0 0 0 1 0 8 0 3 0 7 0 3 0 3 0 0 1 0 0 1 0 3 0 8 0 4 0 6 0 5 0 4 0 3 0 6 0 5 0 3 0 4 0 3 1 0 0 0 0 6 0 1 0 4 0 2 0 6 0 0 0 3 0 1 0 1 0 0 0 2 0 2 0 5 1 0 0 2 0 4 0 8 0 5 0 7 1 0 0 7 0 5 0 4 0 1 0 2 0 5 0 5 0 6 0 0 0 3 0 7 0 2 0 3 0 6 0 8 0 2 0 4 0 3 0 1 0 8 0 1 0 4 0 8 0 0 0 7 0 4 0 5 0 5 0 0 0 0 0 7 0 6 0 4 0 5 0 1 0 5 0 2 0 8 0 2 0 1 0 1 0 8 0 1 1 0 0 8 0 7 0 0 0 1 0 6 0 0 0 6 0 4 0 0 0 4 0 1 0 5 0 5 0 3 0 4 0 3 0 3 0 5 0 7 0 7 0 5 0 6 0 0 0 3 1 0 0 8 0 3 0 4 0 0 0 8 0 4 0 4 0 8 0 0 0 1 0 6 1 0 0 4 0 7 0 5 0 2 1 0 0 2 0 4 0 0 0 3 0 4 0 6 0 3 0 4 0 5 0 6 0 2 0 1 1 0 0 2 0 6 0 0 0 0 0 4 0 1 0 6 0 7 0 1 0 5 0 0 0 7 0 1 0 8 0 4 0 2 1 0 0 1 0 5 0 8 0 1 0 0 0 7 0 6 0 1 0 1 0 2 0 0
0 343 6 0 0 0 3 0 6 0 8 0 4 0 7 0 6 0 1 0 8 0 1 0 7 0 7 0 0 0 4 0 1 1 0 0 8 0 3 0 1 0 7 0 8 0 7 0 8 0 0 0 2 0 3 0 8 0 5 0 2 0 1 0 6 0 2 0 2 0 0 0 4 0 5 0 1 1 0 0 4 1 0 0 8 0 2 0 7 0 0 0 5 0 1 1 0 0 3 0 5 0 1 0 2 0 3 0 1 0 7 0 4 0 5 0 7 0 3 0 7 0 5 0 8 0 6 0 3 0 6 0 3 1 0 0 7 0 2 0 5 0 0 0 2 0 1 0 1 0 1 0 5 0 4 0 0 0 1 0 4 0 0 0 6 0 6 0 5 0 2 0 3 0 6 0 4 1 0 0 7 0 5 0 1 0 3 0 2 0 2 0 2 1 0 0 1 0 8 0 3 0 1 0 1 0 7 0 8 0 6 0 7 0 1 0 6 0 6 0 2 0 3 0 1 0 7 1 0 0 6 0 7 0 8 0 1 0 7 0 0 0 0 0 7 0 1 0 3 0 3 1 0 1 0 0 6 0 1 0 6 0 8 0 3 0 8 0 0 0 6 1 0 0 3 0 7 1 0 0 2 0 3 0 5 0 3 0 8 0 4 0 2 0 1 0 0 0 8 0 3 0 3 0 5 0 4 0 0 0 2 0 4 0 4 0 6 1 0 0 6 0 8 0 2 0 1 0 7 0 3 0 1 0 5 0 3 0 3 0 2 0 4 0 0
0 345 1 0 2 0 1 0 7 0 3 0 8 0 0 0 6 0 3 0 4 0 6 0 4 0 5 0 5 0 1 0 8 0 3 1 0 0 6 0 7 0 3 0 5 0 8 0 6 0 7 0 1 0 4 0 7 0 7 0 1 0 5 0 3 0 2 0 5 0 4 0 0 1 0 0 1 0 4 1 0 0 0 0 0 0 6 0 6 0 4 0 2 0 0 0 4 0 8 0 6 0 0 0 3 0 4 0 6 0 3 0 5 0 0 0 2 0 5 0 8 0 5 0 2 0 8 0 3 0 8 0 2 1 0 0 0 0 4 0 6 0 0 0 1 0 4 0 2 0 2 0 3 0 0 1 0 0 1 0 2 0 8 0 1 0 3 0 4 0 1 0 5 0 7 0 3 0 1 0 0 0 5 0 1 0 3 0 6 0 4 0 4 0 5 0 8 0 2 0 6 0 7 0 2 0 3 0 5 0 8 0 4 0 5 0 4 0 3 0 3 0 5 0 6 0 3 0 6 0 0 0 3 0 6 0 7 0 4 0 4 0 1 0 1 0 4 0 3 0 6 0 7 1 0 1 0 0 2 0 4 0 3 0 7 0 8 0 6 0 2 0 3 1 0 0 7 0 5 1 0 0 4 0 7 0 0 0 8 0 6 1 0 0 5 0 2 0 1 0 6 0 7 0 7 0 0 1 0 0 1 0 4 1 0 0 0 0 5 0 0 0 3 0 7 0 5 0 3 0 4 0 7 0 3 0 0 0 7 0 6 0 4 0 8 0 0
0 345 2 0 4 0 3 0 4 0 8 0 6 0 2 0 2 0 7 1 0 0 4 0 0 0 2 0 1 0 4 0 6 1 0 0 0 0 3 0 5 0 8 0 1 0 8 0 4 0 5 0 3 1 0 0 6 0 5 0 4 0 0 0 7 0 5 0 0 1 0 0 2 0 8 0 1 1 0 1 0 0 0 0 1 0 3 0 3 1 0 0 5 0 0 1 0 0 8 0 3 0 1 0 6 1 0 0 3 0 8 0 0 0 1 0 5 0 1 0 8 0 1 0 6 0 6 0 8 0 6 0 6 0 7 1 0 1 0 0 3 0 1 0 2 0 8 0 4 0 4 0 6 0 1 0 8 0 1 0 5 0 6 0 3 0 6 0 8 0 3 0 1 0 5 0 7 0 2 0 1 0 0 0 3 0 7 0 3 0 0 0 0 0 2 0 7 0 6 0 3 0 5 0 5 0 7 0 1 0 8 0 0 0 1 1 0 0 7 0 7 0 1 0 3 0 8 0 2 0 1 0 7 0 3 0 5 1 0 1 0 0 3 0 2 0 8 0 7 0 3 0 7 0 0 0 8 0 3 0 8 0 7 0 5 0 8 0 3 0 5 0 7 1 0 0 5 0 2 1 0 1 0 0 5 0 2 0 7 0 5 0 0 0 0 0 5 0 3 0 3 0 6 0 5 0 2 0 8 0 1 1 0 1 0 0 1 0 0 0 1 0 7 0 5 0 1 0 7 1 0 0 5 0 7 0 1 0 5 0 4 0 0 0 7 0 1
0 345 4 0 8 0 6 1 0 0 8 0 3 0 5 0 5 0 5 1 0 0 8 0 0 0 4 0 2 1 0 0 4 1 0 0 0 0 7 0 1 0 7 0 4 0 7 0 0 0 1 1 0 0 0 0 3 0 1 1 0 0 2 0 5 0 1 0 2 0 8 0 4 0 6 0 4 1 0 0 7 1 0 0 2 0 6 0 7 1 0 0 0 0 2 1 0 0 6 0 7 0 3 0 3 1 0 0 7 0 6 0 1 0 3 0 0 0 4 0 6 0 4 0 3 0 4 0 8 0 4 0 4 0 7 0 0 0 8 0 5 0 2 0 5 0 7 0 0 0 0 0 3 0 4 0 6 0 4 0 1 0 3 0 8 0 3 0 7 0 7 0 3 0 1 0 5 0 5 0 2 0 0 0 7 0 4 0 7 0 0 0 0 0 5 0 5 0 3 0 8 0 1 0 2 0 5 0 4 0 6 0 1 0 3 1 0 0 5 0 5 0 3 0 7 0 6 0 5 0 3 0 4 0 8 0 2 0 0 0 8 0 5 0 5 0 7 0 5 0 8 0 4 0 2 0 6 0 8 0 7 0 6 0 2 0 7 0 8 0 1 0 7 0 0 0 0 0 6 1 0 1 0 0 0 0 6 0 5 0 1 0 1 0 1 0 0 0 7 0 7 0 3 0 1 0 6 0 6 0 4 1 0 0 8 0 1 0 0 0 3 0 5 0 1 0 4 0 6 0 0 0 1 0 5 0 4 0 0 1 0 0 2 0 4 0 3
1 346 1 0 0 8 0 5 0 0 0 6 0 8 0 1 0 2 0 3 0 0 0 6 0 1 0 8 0 5 0 8 0 8 0 8 0 0 0 4 0 4 0 5 0 0 0 5 0 1 0 3 0 7 1 0 0 6 0 3 0 8 0 4 0 0 0 3 0 5 0 7 0 0 0 4 0 1 0 0 0 5 1 0 0 5 0 3 0 6 1 0 0 0 0 5 1 0 0 3 0 5 0 7 0 7 1 0 0 5 0 3 0 3 0 6 0 0 1 0 0 3 1 0 0 7 1 0 0 8 0 0 0 0 0 5 0 2 0 7 0 1 0 6 0 1 0 5 0 1 0 0 0 6 1 0 0 3 1 0 0 3 0 7 0 6 0 8 0 5 0 5 0 7 0 3 0 1 0 1 0 5 0 1 0 5 0 0 0 5 0 1 0 1 0 1 0 1 0 8 0 6 0 3 0 5 0 1 0 0 0 3 0 3 0 7 1 0 0 1 0 1 0 8 0 5 0 4 0 1 0 7 1 0 0 7 0 5 0 1 0 7 0 2 0 2 0 6 0 2 0 7 1 0 0 6 0 3 0 8 0 6 0 3 0 6 0 5 0 7 0 4 0 4 0 1 0 1 0 4 0 0 0 8 0 0 0 3 0 1 0 3 0 2 0 2 0 1 0 5 0 5 0 7 0 3 0 3 0 4 0 1 0 0 0 6 0 3 0 0 0 7 0 0 0 3 1 0 0 3 0 1 0 3 0 0 1 0 0 2 0 8 0 3 0 8 0 6
1 347 1 1 0 0 7 0 1 0 2 0 3 0 7 0 3 0 4 0 6 0 1 0 2 0 4 0 7 0 2 0 8 0 8 0 7 0 1 1 0 0 0 0 1 0 2 0 0 0 3 0 7 0 6 0 0 0 2 0 8 0 6 1 0 0 1 0 7 0 1 0 5 0 1 0 8 0 2 0 1 0 2 0 0 0 0 0 8 0 3 1 0 0 1 0 1 1 0 0 7 0 1 0 6 0 7 0 0 0 0 0 7 0 7 0 2 0 2 0 8 0 6 1 0 0 6 0 0 0 6 0 1 0 1 0 0 0 6 0 4 0 4 0 2 0 4 0 0 0 3 0 1 0 3 1 0 0 7 0 8 0 6 0 5 0 4 0 8 0 2 0 2 0 5 0 7 0 2 0 3 0 0 0 4 0 0 0 2 0 0 0 3 0 2 0 2 0 3 0 7 0 3 0 8 0 0 0 3 0 0 0 6 0 7 0 5 1 0 0 2 0 3 0 7 0 1 1 0 0 4 0 6 0 0 0 5 0 1 0 4 0 4 0 5 0 5 0 2 0 6 0 6 0 0 0 2 0 8 0 7 0 3 0 8 0 3 0 2 0 5 1 0 1 0 0 3 0 2 0 8 0 1 0 6 0 1 0 6 0 2 0 6 0 4 0 4 0 3 0 1 0 2 0 5 0 7 0 6 0 8 0 2 0 1 0 2 0 7 0 1 0 4 0 1 0 7 0 8 0 5 0 2 0 6 0 1 0 8 0 4 0 6 0 8 0 7 0 4
0 347 3 1 0 0 4 0 3 0 4 0 7 0 4 0 7 1 0 0 3 0 3 0 4 1 0 0 5 0 6 0 7 0 8 0 5 0 4 0 7 1 0 0 2 0 4 0 0 0 7 0 5 0 3 0 1 0 5 0 7 0 4 1 0 0 3 0 4 0 4 0 0 0 4 0 6 0 5 0 2 0 4 0 0 0 1 0 6 0 8 0 8 0 1 0 3 1 0 0 4 0 4 0 3 0 5 0 1 0 1 0 5 0 5 0 5 0 5 0 7 0 5 0 0 0 2 0 2 0 2 0 3 0 2 0 1 0 2 1 0 1 0 0 5 0 8 0 0 0 6 0 2 0 7 1 0 0 5 0 8 0 4 0 2 0 0 0 7 0 5 0 5 0 1 0 5 0 5 0 6 0 0 0 8 0 0 0 4 0 0 0 6 0 4 0 4 0 7 0 4 0 8 0 6 0 1 0 6 0 1 0 3 0 6 0 2 1 0 0 4 0 7 0 4 0 4 0 8 0 8 0 2 0 2 0 0 0 3 1 0 0 0 0 2 0 1 0 6 0 3 0 3 0 1 0 5 0 7 0 5 0 8 0 6 0 7 0 5 0 2 0 0 0 8 0 5 0 5 0 6 0 4 0 2 0 4 0 2 0 6 0 2 1 0 1 0 0 7 0 2 0 5 0 1 0 6 0 4 0 7 0 5 0 2 0 5 0 4 0 3 0 8 0 3 0 5 0 8 0 1 0 6 0 2 0 4 0 7 0 0 0 4 0 8 0 6 0 0
0 347 7 0 8 0 7 0 6 1 0 0 6 0 0 0 6 1 0 0 6 0 7 0 0 0 0 0 1 0 4 0 6 0 8 0 2 0 0 0 6 1 0 0 4 0 8 0 1 0 5 0 1 0 7 0 3 0 1 0 6 0 0 1 0 0 6 0 8 0 8 0 0 1 0 0 4 0 1 0 5 0 8 0 0 0 3 0 3 0 8 0 7 0 3 0 7 0 8 0 7 0 8 0 7 0 0 0 3 0 3 0 1 0 2 0 2 0 2 0 6 0 1 0 1 0 4 0 4 0 4 0 6 0 4 0 2 0 5 1 0 1 0 0 1 0 7 0 2 0 2 0 6 0 6 0 0 0 1 0 7 1 0 0 5 0 1 0 5 0 2 0 1 0 4 0 1 0 2 0 3 0 2 0 6 0 1 0 8 0 1 0 3 0 0 0 0 0 6 0 0 0 8 0 3 0 4 0 2 0 3 0 7 0 2 0 6 0 8 0 8 0 5 0 0 0 0 0 8 0 7 0 5 0 4 0 0 0 7 0 7 1 0 0 4 0 3 0 2 0 7 0 6 0 3 0 1 0 6 0 2 0 8 0 4 0 6 0 1 0 5 0 1 0 7 0 2 0 2 0 3 1 0 0 5 0 8 0 5 0 2 0 6 1 0 1 0 0 4 0 6 0 0 0 4 0 3 0 0 0 6 0 1 0 6 0 0 1 0 0 8 0 6 0 8 0 1 0 7 0 4 0 2 0 5 1 0 0 5 0 1 1 0 0 8 0 3 0 1
0 349 1 0 5 0 8 0 6 0 5 0 0 0 2 0 2 0 4 0 0 0 3 0 5 0 1 0 0 0 2 1 0 0 4 0 7 0 5 0 1 0 3 1 0 1 0 0 7 0 4 0 0 0 4 0 4 0 7 0 3 0 2 0 2 1 0 0 3 0 8 0 7 0 2 0 8 0 7 0 3 0 1 0 7 0 1 0 6 0 7 0 7 0 5 0 8 0 5 0 8 0 6 0 8 0 5 0 1 0 6 0 6 0 2 0 4 0 4 0 5 0 2 0 3 0 2 1 0 0 0 0 0 0 3 1 0 0 6 0 2 0 0 0 8 0 2 0 4 0 5 0 5 0 3 0 3 0 1 0 3 0 6 0 0 0 0 0 4 0 0 0 5 0 2 0 8 0 2 0 4 0 6 0 5 0 2 0 4 0 6 0 3 0 6 0 0 0 1 0 2 0 2 0 6 0 7 0 8 0 4 0 7 0 4 0 6 0 3 0 8 0 8 0 1 0 1 0 1 0 7 0 6 0 1 1 0 0 2 0 5 0 6 1 0 0 8 0 6 0 5 0 5 0 3 0 7 0 3 0 2 0 6 0 7 0 0 0 3 0 4 0 0 0 4 0 4 0 5 0 4 0 7 1 0 0 1 0 8 0 1 0 6 0 4 0 0 0 8 0 8 0 2 0 1 0 8 0 6 0 1 0 2 0 4 0 2 0 2 1 0 0 7 0 4 0 7 0 4 0 4 1 0 0 6 0 2 0 0 0 0 0 4 1 0 0 6 0 7 0 2
1 349 3 0 1 0 8 0 4 0 1 0 1 0 4 0 4 0 8 0 0 0 7 0 0 0 3 0 0 0 5 0 8 0 8 0 5 0 1 0 3 0 7 1 0 1 0 0 4 1 0 0 1 1 0 0 0 0 5 0 7 0 4 0 5 0 8 0 6 0 7 0 5 0 6 0 7 0 5 0 7 0 3 0 4 0 4 0 3 0 6 0 6 0 2 0 8 0 2 0 8 0 4 0 8 0 1 0 4 0 3 0 3 0 5 1 0 0 0 0 1 0 5 0 6 0 5 0 7 1 0 0 0 0 7 1 0 0 2 0 5 0 1 0 6 0 5 1 0 0 2 0 1 0 7 0 6 0 2 0 7 0 2 0 1 0 0 0 8 0 1 0 0 0 6 0 6 0 5 1 0 0 4 0 1 0 5 1 0 0 3 0 8 0 2 0 1 0 2 0 4 0 5 0 3 0 6 0 8 0 0 0 6 0 0 0 3 0 8 0 7 0 7 0 3 0 2 0 3 0 5 0 3 0 4 0 8 0 4 0 1 0 5 0 0 0 7 0 4 0 2 0 1 0 8 0 4 0 7 0 5 0 3 0 5 0 1 0 6 0 8 0 0 1 0 0 0 0 2 0 0 0 6 1 0 0 3 0 6 0 4 0 2 1 0 0 2 0 7 0 7 0 5 0 3 0 7 0 3 0 3 0 4 0 8 0 4 0 5 1 0 0 5 0 0 0 6 0 0 0 1 0 0 0 2 0 5 0 0 0 1 0 0 0 0 0 3 0 5 0 5
0 349 6 0 3 0 6 1 0 0 3 0 2 1 0 0 0 0 7 0 2 0 4 0 1 0 6 0 1 0 1 0 8 0 8 0 1 0 3 0 7 0 6 0 0 0 8 0 8 0 8 0 2 0 8 0 0 0 1 0 6 0 0 0 2 0 8 0 4 0 6 0 2 0 4 0 6 0 2 0 5 0 7 0 8 0 8 0 7 0 3 0 3 0 6 0 6 0 6 0 7 0 0 0 7 0 3 0 8 0 6 0 7 0 1 1 0 0 0 0 3 0 1 0 4 0 2 0 6 1 0 0 1 0 5 1 0 0 5 0 0 0 4 0 3 0 2 1 0 0 4 0 3 0 5 0 3 0 6 0 4 0 5 0 2 0 1 0 6 0 3 0 1 0 3 0 4 0 2 1 0 0 8 0 3 0 1 1 0 0 7 0 6 0 5 0 2 0 4 1 0 0 1 0 8 0 3 0 7 0 2 0 2 0 1 0 7 0 7 0 6 0 5 0 7 0 4 0 7 0 0 0 7 1 0 0 7 1 0 0 4 0 0 0 2 0 4 1 0 0 5 0 3 0 7 0 0 0 6 0 1 0 8 0 0 0 4 0 3 0 7 0 2 0 7 1 0 0 4 0 1 0 3 1 0 0 7 0 2 1 0 0 6 0 8 0 4 0 5 0 6 0 1 0 8 0 4 0 7 0 6 1 0 0 8 0 0 0 3 0 0 0 0 0 2 0 2 0 1 0 2 0 0 0 5 0 0 0 1 0 2 0 0 0 0 0 7 0 1 0 2
0 351 1 0 2 0 8 0 3 1 0 0 6 0 5 0 8 0 0 0 4 0 5 0 8 0 3 0 2 0 3 0 3 0 7 0 7 0 3 0 7 0 5 0 3 0 2 0 7 0 8 0 7 0 6 0 6 0 1 0 3 0 2 0 1 0 5 0 7 0 0 0 3 0 5 1 0 0 3 0 6 0 1 0 6 0 8 0 8 0 5 0 7 0 7 0 3 0 4 0 4 0 5 0 2 0 4 0 8 0 7 0 4 0 5 0 4 0 7 1 0 0 6 0 2 0 8 0 5 0 3 1 0 0 3 0 2 0 0 0 0 0 1 0 8 0 6 0 5 0 8 0 7 0 7 0 0 0 8 0 3 0 0 0 1 0 5 0 3 0 2 0 7 0 2 0 6 0 8 0 5 1 0 0 6 0 7 0 3 1 0 0 5 0 4 0 1 0 5 1 0 1 0 0 3 0 6 0 8 0 4 0 5 0 4 0 3 0 5 0 6 0 4 0 2 0 6 0 0 0 5 0 2 0 6 0 0 0 5 1 0 0 8 0 0 0 5 0 0 0 0 0 0 0 8 0 4 0 2 0 2 0 4 0 6 0 1 0 8 0 7 0 4 0 6 0 5 1 0 0 8 0 2 0 7 1 0 0 4 0 6 1 0 0 3 0 8 0 0 0 2 0 3 0 4 0 7 0 0 0 6 0 5 0 0 0 6 0 1 0 6 0 0 0 0 0 4 0 4 0 2 0 4 0 1 0 0 0 1 0 2 0 4 0 0 0 1 0 4 0 3 0 4
1 351 2 0 5 0 6 1 0 0 0 0 3 0 2 0 7 0 1 1 0 0 2 0 7 0 7 0 4 0 6 0 7 0 5 0 5 0 8 0 5 0 1 0 7 0 5 0 5 0 8 0 6 0 4 0 3 0 3 0 6 0 4 0 3 0 1 0 5 0 1 0 7 0 1 1 0 0 7 0 2 0 4 0 3 0 8 0 8 0 2 0 6 0 5 0 7 1 0 0 0 0 1 0 5 1 0 0 8 0 6 0 0 0 2 0 0 0 7 0 0 0 2 0 6 0 7 0 1 0 8 0 8 0 5 0 4 0 0 0 0 0 3 0 7 0 4 0 2 0 8 0 6 0 5 0 2 0 6 0 7 0 0 0 3 0 0 0 7 0 5 0 4 0 6 0 3 0 8 0 3 0 0 0 3 0 5 1 0 0 0 0 0 1 0 0 4 0 2 0 0 0 8 0 6 0 3 0 8 0 0 0 1 1 0 0 8 0 1 0 3 1 0 0 6 0 2 0 2 0 0 0 6 0 2 0 2 0 2 0 0 0 6 0 2 0 0 0 1 0 0 0 1 0 6 1 0 0 5 0 4 1 0 0 3 0 4 0 7 0 6 0 0 0 4 0 3 0 0 0 6 0 6 0 5 1 0 1 0 0 4 1 0 0 7 0 6 0 1 0 4 0 6 1 0 0 5 0 2 0 3 0 1 0 2 0 2 0 4 0 2 0 1 0 0 0 8 0 8 0 4 0 8 0 2 0 0 0 2 0 4 0 8 0 0 0 2 0 8 0 6 1 0
1 351 5 0 1 0 4 1 0 0 0 0 6 0 5 0 4 0 4 0 8 0 4 0 5 0 6 0 0 0 4 0 6 0 2 0 2 0 8 0 1 0 4 0 5 0 2 0 2 0 8 0 3 1 0 0 7 0 7 0 2 1 0 0 7 0 3 0 0 0 4 0 4 0 4 1 0 0 4 0 5 0 8 0 7 0 7 0 7 0 6 0 3 0 2 0 6 1 0 0 0 0 3 0 2 0 0 0 7 0 3 0 1 0 4 0 1 0 4 0 1 0 5 0 3 0 5 0 4 0 7 0 8 0 1 1 0 0 1 0 0 0 7 0 4 1 0 0 6 0 7 0 4 0 1 0 6 0 3 0 5 0 1 0 6 0 1 0 5 0 2 0 0 0 3 0 8 0 6 0 7 0 0 0 7 0 1 1 0 0 0 0 1 0 8 0 7 0 4 0 1 0 7 0 3 0 8 0 6 0 1 0 3 1 0 0 6 0 3 0 7 1 0 0 2 0 5 0 4 0 1 0 2 0 5 0 4 0 4 0 1 0 2 0 5 0 0 0 2 0 0 0 3 0 4 0 0 0 1 0 0 1 0 0 6 1 0 0 6 0 3 0 1 0 8 0 6 0 1 0 3 0 4 0 3 0 0 1 0 0 0 0 0 0 5 0 3 0 3 1 0 0 5 0 0 0 0 0 5 0 6 0 2 0 4 0 4 0 8 0 4 0 2 0 1 0 7 0 8 0 0 0 7 0 5 0 0 0 4 1 0 0 7 0 1 0 5 0 7 0 4 1 0
1 353 1 0 0 0 3 1 0 1 0 0 1 0 3 0 2 0 0 0 0 0 8 0 0 0 2 0 3 0 1 1 0 0 3 0 5 0 5 0 6 0 3 1 0 0 1 0 5 0 5 0 6 1 0 0 0 0 5 0 5 0 6 1 0 0 4 0 7 0 0 1 0 0 0 0 0 1 0 1 0 0 2 0 8 0 6 0 6 0 6 0 3 0 7 0 5 0 3 1 0 0 0 0 6 0 4 0 1 0 4 0 7 0 2 0 8 0 2 0 8 0 3 0 0 0 8 0 1 0 0 0 6 0 7 0 4 0 8 0 1 0 1 0 5 0 1 0 0 0 3 0 5 1 0 0 4 0 2 0 8 0 0 0 4 0 2 0 4 0 0 0 5 0 0 0 7 0 7 0 4 0 5 0 2 0 4 0 4 0 7 1 0 0 3 0 7 0 5 1 0 0 4 0 4 0 8 0 7 0 3 0 3 0 7 1 0 0 2 0 8 0 5 1 0 0 5 0 0 1 0 0 3 0 5 0 0 1 0 1 0 0 3 0 5 0 0 0 1 0 4 0 0 0 6 0 8 0 0 0 2 0 1 1 0 0 4 0 0 0 2 0 7 0 3 0 7 0 3 0 3 0 6 0 8 0 6 0 1 0 7 1 0 0 1 0 0 0 7 0 7 1 0 0 0 0 1 0 1 0 1 0 3 0 5 1 0 0 0 0 7 1 0 0 5 0 3 0 5 0 7 0 2 0 5 0 1 0 2 0 0 0 0 0 4 0 4 0 1 0 6 0 0 1 0
1 353 2 0 0 0 7 1 0 0 8 0 1 0 6 0 4 0 0 0 1 0 6 0 1 0 4 0 6 0 3 0 8 0 6 0 1 0 2 0 3 0 8 0 8 0 2 0 1 0 2 0 4 1 0 0 1 0 1 0 2 0 4 1 0 1 0 0 5 0 2 0 7 1 0 0 1 1 0 0 8 0 4 0 7 0 4 0 4 0 3 0 8 0 5 0 1 0 8 0 8 0 0 0 2 1 0 0 3 1 0 0 5 0 6 0 6 0 6 0 6 0 7 0 1 0 6 0 3 0 1 0 3 0 6 0 0 0 7 0 3 0 3 0 0 0 3 0 0 0 7 0 1 1 0 0 8 0 5 0 6 0 1 0 8 0 4 0 8 0 1 0 0 0 2 0 5 0 6 0 0 0 1 0 5 1 0 0 0 0 6 1 0 0 7 0 5 0 2 1 0 1 0 0 0 0 8 0 5 0 7 0 7 0 5 1 0 0 5 0 7 0 3 0 0 0 0 0 2 0 8 0 6 0 0 0 2 1 0 0 8 0 6 0 0 0 1 0 2 0 8 0 1 0 3 0 7 0 1 0 4 0 3 0 8 0 7 0 0 0 5 0 4 0 8 0 4 0 7 0 7 0 3 0 8 0 3 0 4 0 5 1 0 0 2 0 1 0 5 0 6 1 0 0 0 0 2 0 2 0 2 0 7 0 1 1 0 0 1 0 6 0 0 0 0 0 8 0 1 0 5 0 6 0 0 0 3 0 4 0 0 0 0 0 8 0 8 0 3 0 2 0 2 0 7
1 353 4 0 1 0 6 0 0 0 6 0 4 0 2 1 0 0 1 0 3 0 2 0 3 1 0 0 3 0 8 0 7 0 3 0 3 0 4 0 7 0 7 0 7 0 5 0 2 0 4 1 0 1 0 0 2 0 2 0 5 0 0 0 0 1 0 0 0 0 6 0 5 1 0 0 3 1 0 0 7 0 0 0 5 1 0 1 0 0 8 0 7 0 1 0 4 0 7 0 7 0 1 0 5 0 8 0 6 1 0 0 1 0 4 0 4 0 4 0 4 0 5 0 4 0 2 0 7 0 2 0 7 0 2 0 2 0 4 0 7 0 6 0 0 0 6 0 1 0 4 0 4 1 0 0 7 0 2 0 3 0 4 0 7 0 0 0 7 0 3 0 0 0 5 0 1 0 3 0 1 0 3 0 1 1 0 0 1 0 4 0 0 0 5 0 1 0 6 1 0 0 8 0 0 0 7 0 2 0 6 0 6 0 3 0 0 0 1 0 5 0 7 0 0 0 0 0 5 0 7 0 3 0 1 0 5 1 0 0 7 0 3 0 1 0 2 0 5 0 6 0 3 0 7 0 4 0 3 0 8 0 7 0 7 0 5 0 2 0 1 0 0 0 8 0 0 0 6 0 5 0 8 0 6 0 7 1 0 0 2 1 0 0 4 0 3 0 1 0 4 1 0 0 0 0 4 0 4 0 5 0 4 0 4 0 8 0 2 0 2 0 1 0 1 0 6 0 4 0 1 0 3 0 1 0 6 0 8 0 0 0 1 0 7 0 7 0 7 0 4 0 5 0 5
0 353 8 0 3 0 2 0 2 0 2 1 0 0 6 0 8 0 1 0 6 0 4 0 7 0 8 0 6 0 7 0 5 0 7 0 6 1 0 0 6 0 6 0 6 0 1 0 6 0 0 0 0 0 8 0 3 0 5 0 0 0 1 0 1 0 8 0 0 0 3 0 2 1 0 0 7 1 0 0 4 0 2 0 2 0 0 1 0 0 7 0 5 0 3 1 0 0 6 0 5 0 4 0 1 0 8 0 4 1 0 0 2 1 0 0 0 0 0 0 0 0 1 1 0 0 6 0 4 0 6 0 4 0 5 0 4 1 0 0 6 0 3 0 2 0 2 0 3 1 0 0 1 0 0 0 4 0 5 0 6 1 0 0 5 0 2 0 4 0 7 0 1 0 0 0 3 0 6 0 2 0 6 0 3 0 8 0 1 0 8 0 1 0 0 0 4 0 4 0 0 0 6 0 2 0 4 0 6 0 3 0 3 0 7 0 0 0 3 0 1 0 5 0 1 0 1 0 1 0 5 0 7 0 3 0 2 0 0 0 4 0 7 0 2 0 5 0 1 0 3 0 8 0 4 1 0 0 8 0 7 0 6 0 6 0 1 0 5 0 2 0 1 0 6 0 2 0 3 0 2 0 8 0 4 0 6 1 0 0 5 0 8 0 7 0 6 0 2 1 0 1 0 0 0 1 0 0 0 0 2 0 0 0 0 0 7 0 5 0 4 0 2 0 3 0 2 1 0 0 3 0 6 0 3 0 3 0 7 0 1 0 3 0 5 0 6 0 6 0 0 0 2 0 2
0 355 1 0 6 0 7 0 4 0 4 0 5 1 0 0 3 0 7 0 4 0 3 0 0 0 6 0 8 0 4 0 6 0 2 0 6 0 5 0 0 0 3 0 4 0 3 0 4 0 2 0 1 0 1 0 6 0 8 0 0 0 1 0 2 0 3 0 6 0 1 0 6 0 5 1 0 0 5 1 0 0 8 0 4 0 4 0 1 1 0 0 5 0 1 1 0 0 0 0 3 0 1 1 0 0 4 0 7 0 0 1 0 0 5 0 7 1 0 0 0 0 0 0 3 1 0 0 3 0 0 0 4 0 0 0 2 0 1 0 0 0 2 0 7 0 4 0 4 0 7 0 8 0 1 0 0 1 0 0 2 0 5 0 0 0 0 0 5 1 0 0 5 0 3 0 0 0 7 0 2 0 6 0 2 0 8 0 6 0 4 0 6 0 3 0 0 0 8 0 8 0 1 0 2 0 5 1 0 0 3 0 7 0 7 0 4 0 1 0 6 0 3 0 0 0 3 0 2 0 3 0 1 0 5 0 7 0 4 0 0 1 0 0 5 0 6 0 0 0 3 0 7 0 7 0 1 0 0 0 7 0 6 0 4 0 3 0 4 0 0 0 5 0 3 0 2 0 5 0 6 0 5 0 7 0 0 0 5 0 0 0 1 0 8 0 6 0 3 0 6 1 0 0 8 0 0 0 7 1 0 0 4 0 0 0 1 0 5 0 1 1 0 0 5 0 6 0 5 0 8 0 6 0 2 0 7 0 7 0 4 0 3 0 7 0 1 0 4 0 3 0 1 0 4 0 4
1 355 3 0 3 0 6 0 0 0 0 0 2 1 0 0 7 0 4 1 0 0 7 0 1 0 3 0 8 0 0 0 3 0 6 0 3 0 1 0 1 0 6 0 8 0 6 0 8 0 4 0 2 0 3 0 3 0 7 0 1 0 2 0 4 0 7 0 2 0 4 0 3 0 3 0 0 0 2 0 0 0 6 1 0 1 0 0 4 1 0 0 0 0 4 0 7 1 0 0 6 0 3 0 8 0 8 0 4 0 2 1 0 0 1 0 6 1 0 0 0 0 0 0 7 0 8 0 5 0 0 0 8 0 0 0 4 0 2 0 0 0 5 0 5 0 0 0 0 0 6 0 7 0 3 0 1 0 8 0 4 0 0 0 1 0 1 0 2 0 0 0 0 0 7 0 1 0 4 0 6 0 2 0 6 0 7 0 4 0 0 0 3 0 7 0 1 0 7 0 7 0 3 0 5 0 1 1 0 0 7 0 5 0 5 1 0 0 4 0 2 0 7 0 0 0 6 0 4 0 6 0 3 0 1 0 5 1 0 0 2 1 0 0 1 0 3 0 1 0 7 0 5 0 5 0 3 0 1 0 5 0 3 1 0 0 7 0 8 0 1 0 0 0 7 0 5 0 1 0 4 0 2 0 5 0 2 0 0 0 1 0 3 0 7 0 3 0 8 0 4 0 0 0 6 0 2 0 5 1 0 0 8 0 0 0 3 0 0 0 4 1 0 0 1 0 4 0 2 0 8 0 3 0 6 0 5 0 5 1 0 0 8 0 4 0 3 0 8 0 6 0 2 1 0 0 0
1 355 6 0 7 0 2 0 1 0 0 0 5 1 0 0 5 0 1 0 0 0 4 0 3 0 7 0 6 0 1 0 7 0 2 0 7 0 2 0 3 0 3 0 8 0 4 0 7 1 0 0 5 0 6 0 7 0 4 0 3 0 4 1 0 0 5 0 5 0 8 0 6 0 6 0 0 0 4 0 1 0 4 0 0 0 8 0 8 0 7 1 0 1 0 0 7 0 0 0 2 0 8 0 7 0 7 1 0 0 6 0 8 0 2 0 3 1 0 0 0 0 1 0 5 0 8 0 1 0 2 0 6 0 1 0 8 0 4 0 1 0 1 0 1 0 1 0 1 0 3 0 5 0 7 0 3 0 6 1 0 0 1 0 2 0 2 0 4 0 0 0 1 0 4 0 3 1 0 0 3 0 6 0 3 0 5 1 0 0 1 0 7 0 4 0 4 0 5 0 5 0 8 0 0 0 4 1 0 0 5 0 2 0 2 1 0 0 8 0 5 0 4 0 2 0 3 0 0 0 3 0 7 0 3 0 1 1 0 0 5 0 8 0 1 0 6 0 3 0 5 0 2 0 1 0 7 0 3 0 0 1 0 0 0 0 5 0 7 0 3 0 1 0 5 0 1 0 3 0 8 0 5 0 0 0 5 0 0 0 2 0 7 0 4 0 8 0 6 1 0 0 2 0 2 0 6 0 2 0 0 0 6 0 1 0 6 0 0 1 0 1 0 0 2 0 8 0 5 0 6 0 8 0 3 0 2 0 3 0 0 0 6 1 0 0 8 0 7 0 3 0 6 0 7 1 0
1 357 1 0 3 0 5 0 5 0 2 0 1 0 2 0 0 0 0 0 3 0 0 0 8 0 7 0 5 0 3 0 4 0 4 0 6 0 4 0 5 0 6 0 7 0 7 0 0 0 7 0 0 0 1 0 4 0 5 1 0 0 8 0 0 0 0 0 1 0 2 0 8 0 4 0 3 0 1 0 8 0 2 0 8 0 1 0 7 0 8 0 7 0 0 1 0 0 4 0 1 0 5 0 7 0 6 0 7 0 0 0 3 0 7 0 5 0 7 0 7 1 0 0 3 0 1 0 7 0 3 0 5 0 2 0 4 0 6 1 0 0 3 0 2 0 2 0 2 0 2 0 7 0 1 0 5 0 8 0 3 1 0 0 2 0 4 0 4 0 8 0 0 0 2 0 8 0 7 0 8 0 6 0 2 0 8 0 1 1 0 0 3 0 5 0 0 0 0 0 2 0 2 0 7 0 2 0 0 0 0 0 0 0 5 0 5 1 0 0 7 0 1 1 0 0 5 0 6 0 0 0 7 0 4 0 7 0 3 1 0 0 1 0 7 0 4 0 2 0 8 0 0 0 5 0 3 0 4 0 7 0 1 0 8 0 0 0 1 0 5 0 7 0 3 0 0 0 3 0 7 0 7 0 1 0 2 0 0 0 1 0 5 0 5 0 0 0 8 0 4 1 0 0 4 0 5 0 2 0 5 0 1 0 2 0 4 0 2 0 2 1 0 0 8 0 4 0 7 0 2 0 4 0 7 0 7 0 4 0 6 0 1 0 4 0 0 0 7 0 5 0 8 0 3 0 6 1 0
1 357 2 0 7 0 1 0 1 0 5 0 2 0 4 0 0 0 0 0 6 0 1 0 7 0 6 0 1 0 7 1 0 0 0 0 4 0 0 0 2 0 4 0 6 0 5 0 2 0 4 0 1 0 2 1 0 0 3 0 0 0 6 0 1 0 0 0 2 0 5 0 6 1 0 0 7 0 3 0 6 0 6 0 6 0 4 0 5 0 8 0 5 0 2 0 8 0 7 0 3 0 1 0 6 0 4 0 5 0 1 0 7 0 5 0 2 0 6 0 6 1 0 0 6 0 3 0 4 0 8 0 0 0 5 1 0 0 4 1 0 0 6 0 4 0 4 0 4 0 5 0 4 0 4 0 1 0 7 0 8 0 8 0 3 1 0 0 0 0 7 0 1 0 5 0 7 0 6 0 8 0 3 0 6 0 6 0 4 0 8 0 6 0 0 0 1 0 0 0 4 0 5 0 4 0 5 0 0 0 0 0 1 0 1 0 3 0 0 0 4 0 4 1 0 0 1 0 3 0 2 0 5 0 0 0 5 0 8 0 8 0 2 0 4 1 0 0 6 0 6 0 2 0 0 0 7 1 0 0 5 0 4 0 6 0 1 0 3 0 1 0 5 0 7 0 0 0 7 0 5 0 5 0 3 0 4 0 0 0 3 0 1 0 1 0 2 0 7 0 0 1 0 1 0 0 1 0 6 0 0 0 3 0 4 0 8 0 4 0 5 1 0 0 7 0 0 0 5 0 5 1 0 0 6 0 6 0 0 0 3 0 3 0 8 0 1 0 5 0 2 0 7 0 8 0 3 1 0
1 357 5 0 4 0 3 0 3 0 0 0 5 0 8 0 0 0 1 0 2 0 4 0 5 0 3 0 4 0 5 1 0 0 0 0 8 0 0 0 4 1 0 0 4 0 1 0 5 0 8 0 2 0 5 0 8 0 5 0 1 0 2 0 3 0 0 0 5 0 1 0 5 0 0 0 4 0 8 0 3 0 4 0 4 0 0 0 2 0 8 0 1 0 6 0 7 0 5 0 7 0 3 0 3 0 0 0 1 0 4 0 5 0 1 0 6 0 3 0 5 0 0 0 2 0 7 1 0 0 7 0 2 0 2 0 0 0 0 0 0 0 3 0 0 0 0 0 0 0 1 1 0 1 0 0 4 0 5 0 8 0 7 0 8 0 8 0 0 0 4 0 4 0 1 0 6 0 4 0 7 0 8 0 3 0 4 0 0 0 8 0 3 0 1 0 2 0 0 1 0 0 2 0 0 0 1 0 1 0 0 0 2 0 2 0 6 0 0 1 0 0 0 1 0 0 2 0 6 0 5 0 0 0 2 0 1 0 8 0 7 0 6 0 0 0 0 0 3 0 3 0 5 0 1 0 6 0 0 0 1 0 0 0 3 0 3 0 6 0 3 0 1 0 5 0 2 0 5 0 2 0 1 0 7 0 8 0 0 0 6 0 2 0 2 0 5 0 4 0 2 1 0 0 8 0 2 0 2 0 1 0 6 1 0 0 8 0 0 0 3 0 0 0 4 0 2 0 1 0 3 0 0 0 3 0 3 0 1 0 6 0 7 0 6 0 4 0 0 0 6 0 5 0 7 0 8 0 7
1 359 1 0 0 1 0 0 7 0 6 0 1 0 1 0 7 0 1 0 2 0 4 1 0 0 1 0 7 1 0 0 2 1 0 0 1 0 6 0 1 1 0 1 0 0 8 0 3 0 1 0 7 0 6 0 1 0 8 0 1 0 3 0 4 0 6 0 1 0 0 0 4 0 0 0 1 1 0 0 7 0 7 0 8 0 8 0 0 0 5 0 6 0 4 0 3 0 6 0 2 0 5 0 7 0 6 0 0 0 2 1 0 0 1 0 4 0 2 0 8 0 0 0 1 0 5 0 6 0 0 0 4 0 5 0 4 0 0 0 0 0 0 0 6 0 0 0 0 0 0 0 3 1 0 0 8 0 8 0 1 0 8 0 6 0 8 0 7 0 1 0 8 0 8 0 3 0 3 0 0 0 6 0 7 0 7 0 8 0 1 0 6 0 7 0 2 0 4 0 1 0 8 0 3 0 0 0 2 0 2 0 0 0 4 0 5 0 2 0 2 0 8 0 0 0 8 0 4 0 3 0 1 0 1 0 4 0 3 0 7 0 6 0 3 0 1 0 0 0 6 0 7 0 0 0 4 0 2 0 1 0 2 0 0 0 6 0 7 0 2 0 7 0 3 0 0 0 6 0 0 0 5 0 3 0 5 0 7 0 2 0 2 0 5 0 5 0 0 1 0 0 6 1 0 0 6 0 5 0 4 0 3 0 4 0 0 0 6 0 1 0 6 0 0 0 8 0 4 0 2 0 6 0 0 0 6 0 6 0 3 0 3 0 6 0 3 1 0 0 2 0 3 0 2 0 6 0 8 0 6
1 359 2 0 1 1 0 0 5 0 3 0 3 0 3 0 4 0 3 0 4 1 0 1 0 0 3 0 5 1 0 0 5 0 8 0 2 0 2 0 4 1 0 1 0 0 6 0 7 0 3 0 5 0 3 0 4 0 6 0 3 0 6 1 0 0 3 0 3 0 0 0 8 0 0 0 3 1 0 0 5 0 6 0 8 0 7 0 2 0 1 0 3 1 0 0 8 0 2 0 6 0 1 0 6 0 3 0 1 0 5 0 8 0 1 0 8 0 5 0 6 0 1 0 3 0 1 0 3 0 1 1 0 0 1 1 0 0 1 0 0 0 1 0 2 0 1 0 0 0 0 0 7 1 0 0 7 0 7 0 4 0 7 0 4 0 8 0 5 0 4 0 7 0 7 0 7 0 6 0 1 0 3 0 6 0 6 0 7 0 4 0 3 0 5 0 5 0 8 0 3 0 6 0 7 0 0 0 4 0 4 0 0 1 0 0 1 0 5 0 5 0 6 0 2 0 6 1 0 0 7 0 2 0 2 0 8 0 7 0 5 0 3 0 7 0 2 0 1 0 3 0 5 0 1 0 8 0 4 0 2 0 4 0 1 0 3 0 5 0 6 0 4 0 7 0 1 0 2 0 2 0 0 0 8 0 1 0 5 0 5 0 5 0 1 0 1 0 2 1 0 0 4 0 0 0 3 0 1 1 0 0 7 0 8 0 1 0 2 0 4 0 2 0 2 0 6 1 0 0 6 0 2 0 2 0 3 0 3 0 7 0 7 0 2 0 8 0 8 0 3 0 6 0 5 0 3 0 8 0 4
0 359 4 0 3 1 0 0 0 0 7 0 6 0 6 0 8 0 7 0 0 0 0 0 8 0 6 0 2 0 0 0 1 0 7 0 5 0 5 0 0 0 0 1 0 0 3 0 5 0 8 0 0 0 7 1 0 0 3 0 8 0 3 1 0 0 6 0 6 0 1 0 6 0 1 0 7 1 0 0 1 0 4 0 8 0 5 0 5 0 2 0 7 1 0 0 6 0 6 0 2 0 4 0 2 0 7 0 3 0 1 0 7 0 4 0 7 0 2 0 3 0 3 0 6 0 2 0 6 0 3 0 8 0 2 0 8 0 1 0 0 0 2 0 4 0 2 0 0 0 1 0 6 0 0 0 5 0 6 0 0 0 6 0 0 0 8 0 2 0 0 0 6 0 6 0 6 0 3 0 3 0 7 0 3 0 4 0 5 1 0 0 8 0 1 0 2 0 7 0 8 0 3 0 5 0 1 0 8 0 8 0 1 0 8 0 2 0 1 0 2 0 3 0 6 0 4 0 0 0 4 0 5 0 5 0 7 0 6 0 1 0 8 0 4 0 5 0 2 0 7 0 0 0 4 0 6 1 0 0 5 0 8 0 2 0 7 0 1 0 4 0 0 0 5 0 3 0 4 0 4 0 1 0 6 0 4 0 1 0 2 0 1 0 3 0 2 0 5 0 8 0 7 0 0 0 6 0 3 1 0 0 5 0 7 0 3 0 4 0 8 0 4 0 5 0 4 0 0 0 2 0 5 0 4 0 6 0 7 0 5 0 5 0 6 0 7 0 7 0 8 0 3 0 1 0 8 0 7 0 0
0 359 8 0 7 0 8 0 0 0 5 0 4 0 4 0 8 0 5 0 1 0 1 0 7 0 3 0 5 0 0 0 3 0 5 0 2 0 1 0 1 0 1 0 8 0 6 0 1 0 7 0 2 0 5 1 0 0 7 0 6 1 0 0 0 0 3 0 3 0 4 0 2 0 4 0 5 1 0 0 2 1 0 0 8 0 2 0 1 0 6 0 6 0 0 0 3 0 3 0 5 0 8 0 5 0 4 0 7 0 3 0 5 0 0 0 5 0 5 0 6 0 7 0 2 0 6 0 2 0 8 0 6 0 6 0 6 0 3 0 0 0 4 0 8 0 4 0 0 0 3 0 2 0 2 0 1 0 3 0 2 0 2 0 2 0 6 0 5 0 1 0 3 0 4 0 3 0 7 0 7 0 4 0 7 1 0 0 3 0 0 0 6 0 3 0 5 0 5 0 7 0 8 0 0 0 4 0 7 0 7 0 4 0 6 0 5 0 2 0 4 0 7 0 2 1 0 0 1 1 0 0 2 0 2 0 6 0 3 0 4 0 7 0 0 0 1 0 6 0 4 0 1 1 0 0 5 0 0 0 1 0 7 0 6 0 4 0 3 0 8 0 1 0 0 0 7 0 8 0 8 0 3 0 2 1 0 0 3 0 4 0 2 0 6 0 5 0 1 0 8 0 5 0 2 0 2 1 0 0 0 0 1 0 5 0 7 1 0 0 8 0 0 0 1 1 0 0 1 0 5 0 1 0 0 0 4 0 6 0 2 0 2 0 4 0 6 0 6 0 7 0 7 0 3 0 7 0 5 0 1
0 361 1 0 7 0 6 0 7 0 2 0 1 0 0 0 0 0 8 0 1 0 3 0 3 0 4 0 8 0 0 0 1 0 7 0 0 0 5 0 2 0 2 0 3 0 7 0 3 0 4 0 4 0 6 0 2 0 0 0 5 0 4 1 0 0 0 0 6 0 6 0 8 0 4 1 0 0 2 1 0 0 5 1 0 0 6 0 5 0 3 0 3 0 3 0 1 0 6 0 7 0 1 0 8 0 2 0 0 0 5 0 8 0 0 0 2 0 1 0 2 0 4 0 5 0 6 0 2 0 6 0 7 0 4 0 4 0 3 0 7 0 0 1 0 0 7 1 0 0 1 0 6 0 4 0 4 0 2 0 6 0 4 0 4 0 5 0 3 0 1 0 3 0 6 0 8 0 7 0 5 0 6 0 0 0 6 1 0 0 6 0 1 0 2 0 8 0 1 0 2 0 6 0 7 0 1 1 0 0 6 0 6 0 0 0 4 0 1 0 5 1 0 0 5 0 6 0 8 0 2 0 8 0 3 0 5 0 2 0 7 1 0 0 5 0 1 0 3 0 2 1 0 0 4 1 0 0 0 0 1 0 3 0 5 0 3 1 0 0 8 0 6 0 3 0 1 0 5 0 8 0 7 0 7 0 5 0 8 0 5 0 8 0 5 0 3 0 1 0 4 0 7 0 1 0 5 0 5 0 7 1 0 0 3 0 1 0 7 0 0 0 6 0 1 0 3 0 8 0 2 0 0 0 3 0 0 1 0 0 3 0 5 0 4 1 0 0 4 0 4 0 6 0 5 0 8 0 5 0 1 0 3
1 361 3 0 5 0 4 0 5 0 5 0 2 0 0 0 1 0 6 0 3 0 6 0 6 1 0 0 7 0 1 0 3 0 4 0 2 0 0 0 5 0 4 0 7 0 4 0 7 1 0 0 0 0 3 0 5 0 1 0 1 0 0 1 0 0 1 0 3 0 4 0 8 0 0 1 0 0 5 1 0 0 2 0 0 0 3 0 1 0 7 0 6 0 6 0 3 0 3 0 5 0 4 0 6 0 5 0 1 0 1 0 7 0 1 0 4 0 2 0 4 1 0 0 2 0 3 0 6 0 3 0 5 1 0 1 0 0 8 0 4 0 2 1 0 0 5 1 0 0 3 0 2 1 0 1 0 0 6 0 3 0 0 0 0 0 1 0 7 0 2 0 7 0 3 0 8 0 6 0 2 0 3 0 2 0 4 0 0 0 2 0 3 0 5 0 6 0 3 0 5 0 3 0 5 0 4 1 0 0 3 0 3 0 1 0 8 0 3 0 2 0 0 0 1 0 4 0 7 0 6 0 6 0 8 0 0 0 6 0 6 0 0 0 0 0 3 0 6 0 5 0 8 0 8 0 7 1 0 0 2 0 7 0 0 1 0 0 0 0 7 0 3 0 7 0 3 0 1 0 8 0 6 0 6 0 2 0 8 0 2 0 8 0 1 0 7 0 2 1 0 0 5 0 4 0 1 0 2 0 6 1 0 0 6 0 3 0 4 0 2 0 2 0 3 0 7 0 6 0 5 0 0 0 6 0 1 0 8 0 6 0 1 0 0 1 0 1 0 0 0 0 4 0 2 0 8 0 1 0 3 0 6
0 361 7 0 1 0 0 0 2 0 1 0 5 0 0 0 3 0 2 0 8 0 3 0 5 0 0 0 4 0 3 0 6 0 8 0 4 0 1 0 1 0 0 0 6 0 0 0 6 1 0 0 0 0 7 0 0 0 3 0 2 0 1 0 8 0 1 0 6 1 0 0 7 0 2 1 0 0 1 1 0 0 4 0 0 0 6 0 3 0 5 0 4 0 3 0 7 0 7 0 1 0 0 0 4 0 1 0 3 0 3 0 4 0 3 0 8 0 4 1 0 1 0 0 4 0 7 0 2 0 8 0 2 0 0 1 0 0 6 1 0 0 6 1 0 0 1 1 0 0 6 0 5 1 0 1 0 0 2 0 7 0 0 0 0 0 3 0 4 0 6 0 4 0 8 0 7 0 3 0 5 0 6 0 4 0 8 0 0 0 4 0 7 0 1 0 3 0 8 0 0 0 8 0 1 0 0 1 0 0 6 0 6 0 3 0 6 0 7 0 4 0 0 0 2 1 0 0 6 0 4 0 4 0 7 0 2 0 3 0 3 0 1 0 0 0 7 0 3 0 2 0 8 0 8 0 6 1 0 0 5 0 4 0 2 0 8 0 0 0 4 0 8 0 4 0 7 0 3 0 7 0 4 0 3 0 6 0 6 0 6 0 6 0 4 0 4 0 6 1 0 0 0 1 0 0 3 0 5 0 4 0 0 0 2 0 7 0 8 0 4 0 4 0 7 0 5 0 4 0 1 0 2 0 2 0 4 0 7 0 3 0 3 0 1 1 0 0 7 1 0 0 8 0 5 0 6 0 3 0 7 0 3
1 363 1 0 4 0 3 0 0 0 4 0 3 0 0 0 1 0 6 0 5 0 6 0 8 0 0 0 1 0 8 0 7 0 3 0 7 1 0 0 3 0 2 0 1 0 2 0 2 0 3 1 0 0 1 0 4 0 1 0 6 0 4 0 3 0 6 0 4 0 4 0 0 0 4 0 6 0 8 0 2 0 8 0 7 0 1 0 2 0 8 0 0 1 0 0 8 0 5 0 5 0 3 0 0 0 8 0 2 0 6 0 6 0 8 0 7 0 7 0 1 0 0 0 8 0 8 0 4 0 6 0 6 0 5 0 1 1 0 0 4 0 0 0 3 1 0 0 3 1 0 0 3 0 3 0 0 0 8 0 4 0 4 0 1 0 0 0 6 1 0 0 4 0 0 0 8 0 5 0 8 0 1 0 4 0 0 0 7 0 1 1 0 0 5 0 3 0 7 0 6 0 2 0 6 0 3 0 1 1 0 0 3 0 3 0 8 0 3 0 5 1 0 0 1 0 5 1 0 0 3 0 0 0 0 0 5 0 5 0 6 0 6 0 2 0 1 0 4 0 7 0 5 0 7 0 8 0 5 0 0 0 0 1 0 0 6 0 6 0 1 1 0 0 8 0 0 0 5 0 8 0 4 1 0 0 8 0 3 0 4 0 4 0 4 0 0 0 0 0 4 1 0 0 1 0 8 0 6 0 0 1 0 0 1 0 5 0 5 0 8 0 0 0 0 0 6 0 1 1 0 0 3 0 4 0 4 1 0 0 5 0 7 0 6 0 3 1 0 0 6 0 0 0 7 0 2 0 3 0 8 0 4 0 7
1 363 2 0 8 0 6 0 0 0 8 0 6 0 0 0 3 0 3 0 2 0 4 0 7 0 1 0 3 0 7 0 5 0 8 0 5 1 0 0 6 0 4 0 2 0 4 0 4 0 7 0 8 0 1 0 8 0 3 0 2 1 0 0 8 0 2 1 0 1 0 0 1 1 0 0 4 0 7 0 6 0 7 0 5 0 3 0 5 0 6 0 2 1 0 0 7 0 2 0 1 0 7 0 1 0 6 0 6 0 3 0 4 0 8 0 6 0 5 0 3 0 1 0 7 0 8 0 0 0 4 0 4 0 1 0 4 0 8 0 7 0 0 0 7 0 8 0 6 0 8 0 5 0 6 0 1 0 6 1 0 1 0 0 3 0 1 0 3 1 0 0 8 0 1 0 7 0 2 0 7 0 3 0 8 0 1 0 4 0 4 1 0 0 0 0 8 0 5 0 3 0 6 0 2 0 7 0 3 0 8 0 5 0 7 0 6 0 8 0 1 1 0 0 3 0 1 1 0 0 6 0 0 0 1 0 1 0 2 0 4 0 3 0 5 0 2 1 0 0 6 0 2 0 6 0 8 0 1 0 1 0 1 1 0 0 3 0 3 0 4 1 0 0 6 0 2 0 1 0 8 0 1 0 0 0 6 0 7 0 8 0 8 0 8 0 0 0 0 1 0 1 0 0 3 0 7 0 3 0 2 0 8 0 2 0 1 0 2 0 7 0 1 0 1 0 2 0 4 0 8 0 5 1 0 0 1 0 0 0 1 0 6 0 3 1 0 0 0 0 2 0 2 0 4 0 5 0 7 0 7 0 0 0 6
0 363 5 0 7 0 3 0 2 0 7 0 3 0 1 0 6 0 6 0 4 1 0 0 5 0 3 0 7 0 5 0 2 0 8 0 3 0 0 0 2 1 0 0 5 1 0 0 0 0 6 0 7 0 4 0 6 0 7 0 5 1 0 0 6 0 6 1 0 0 8 0 2 0 8 0 8 0 5 0 4 0 6 0 1 0 8 0 1 0 3 0 6 1 0 0 4 0 5 0 3 0 4 0 4 0 3 0 3 0 7 1 0 0 8 0 4 0 1 0 7 0 3 0 5 0 7 0 1 0 8 0 8 0 2 1 0 0 8 0 5 0 2 0 5 0 8 0 4 0 8 0 2 0 3 0 4 0 4 0 0 0 8 0 5 0 2 0 7 1 0 0 6 0 4 0 4 0 6 0 4 0 8 0 6 0 3 1 0 0 0 1 0 0 1 0 7 0 1 0 8 0 2 0 6 0 4 0 8 0 7 0 2 0 6 0 4 0 7 0 4 0 8 0 5 0 3 1 0 0 2 0 1 0 2 0 2 0 4 0 8 0 7 0 0 0 6 1 0 0 2 0 6 0 3 0 7 0 3 0 2 0 3 0 8 0 5 0 7 0 0 0 0 0 2 0 5 0 3 0 6 0 3 0 1 0 3 0 6 0 8 0 8 0 7 0 1 0 1 1 0 0 8 0 6 0 4 0 7 0 5 0 6 0 5 0 2 0 5 0 4 0 3 0 2 0 4 1 0 0 8 0 2 1 0 0 2 0 0 0 3 0 2 0 8 0 7 1 0 0 4 0 4 1 0 0 2 0 6 0 5 0 2 0 3
1 365 1 0 1 0 5 0 7 0 5 0 4 0 7 0 3 0 3 0 4 0 1 0 0 0 0 0 8 0 5 0 1 0 6 0 6 0 7 0 0 0 5 1 0 0 1 1 0 0 1 0 3 0 6 0 0 0 4 0 6 0 3 0 0 0 3 0 5 0 0 0 6 0 6 0 7 0 8 0 2 0 0 0 3 0 4 0 6 0 3 0 7 0 3 1 0 1 0 0 1 0 7 0 8 0 8 0 6 0 7 0 6 0 0 0 6 1 0 0 4 0 4 0 8 0 1 0 5 0 4 0 7 0 7 0 6 1 0 0 7 0 1 0 6 0 1 0 8 0 0 0 7 0 5 0 6 0 8 0 8 0 1 0 7 0 1 0 6 0 6 0 0 0 3 0 0 0 0 0 4 0 0 0 8 0 3 0 8 0 8 0 0 0 8 0 2 0 4 0 4 0 6 0 6 0 3 0 0 0 8 0 5 0 6 0 3 0 0 0 6 0 0 0 8 0 1 0 8 0 8 0 3 0 2 0 4 0 4 1 0 0 8 0 5 0 2 0 3 1 0 0 5 0 2 0 8 0 4 0 7 0 4 0 7 0 7 0 2 0 5 0 1 0 0 0 5 0 0 0 8 0 2 0 7 0 2 0 7 0 3 0 8 0 8 0 5 0 3 0 3 1 0 0 7 0 4 0 0 0 6 0 2 0 4 0 1 0 6 0 0 1 0 0 7 0 5 0 0 0 0 0 6 0 6 0 8 0 3 0 0 0 6 0 5 0 7 0 6 1 0 1 0 0 0 1 0 0 5 0 3 0 1 0 5 0 6
0 365 2 0 3 0 1 0 6 0 2 0 0 0 5 0 7 0 6 0 8 0 2 0 0 0 1 0 7 0 1 0 4 0 3 0 4 0 5 0 2 0 1 1 0 0 3 0 8 0 1 0 7 0 2 0 1 1 0 0 3 0 7 0 0 0 7 0 0 0 2 0 3 0 4 0 6 0 7 0 5 0 0 0 6 1 0 0 3 0 8 0 4 1 0 0 0 0 8 0 2 0 5 0 8 0 8 0 4 0 6 0 3 0 2 0 3 1 0 1 0 0 0 0 7 0 4 0 1 0 0 0 6 0 6 0 5 0 0 0 4 0 4 0 2 0 4 0 6 0 2 0 5 0 2 0 4 0 8 0 7 0 4 0 4 0 4 0 3 0 3 0 1 0 6 0 0 0 0 0 8 0 1 0 6 0 8 0 7 0 7 0 2 0 6 0 5 1 0 0 0 0 4 0 3 0 7 0 1 0 7 0 2 0 3 0 7 0 1 0 2 0 2 0 6 0 4 0 7 0 7 0 7 0 4 1 0 0 1 0 0 0 7 0 1 0 5 0 7 1 0 0 0 0 6 0 7 0 0 0 6 0 0 0 6 0 5 0 6 0 0 0 3 0 1 0 0 0 2 0 6 0 6 0 4 0 6 0 4 0 8 0 7 0 8 0 1 0 7 0 7 1 0 0 4 1 0 0 2 0 2 0 5 0 8 0 3 0 2 0 2 1 0 0 5 0 1 0 1 0 1 0 3 0 4 0 7 0 7 0 1 0 3 0 2 0 6 0 5 0 0 0 8 0 0 1 0 0 0 0 7 0 3 0 1 0 4
1 365 4 0 6 0 3 0 2 0 5 0 1 0 1 0 6 0 4 0 7 0 5 0 0 0 3 0 4 0 3 0 8 0 6 1 0 0 1 0 5 0 3 0 8 0 6 0 6 0 4 0 4 0 5 0 3 0 8 0 6 0 4 0 2 0 4 0 1 0 4 0 6 1 0 0 4 0 6 0 1 0 2 0 3 1 0 0 7 0 7 0 0 1 0 0 1 0 6 0 6 0 1 0 8 0 8 0 0 0 3 0 7 0 4 0 7 1 0 0 8 0 0 0 4 1 0 0 3 0 1 0 3 0 4 0 1 0 1 0 8 0 8 0 4 1 0 0 3 0 6 0 0 0 5 1 0 0 8 0 5 1 0 1 0 1 0 0 7 0 6 0 3 0 2 0 1 0 1 0 6 0 4 0 3 0 8 0 6 0 5 0 6 0 3 0 2 1 0 0 0 0 8 0 7 0 4 0 4 0 4 0 5 0 7 0 4 0 3 0 4 0 5 0 3 0 0 0 6 0 6 0 6 0 0 1 0 0 2 0 1 0 4 0 4 0 1 0 6 1 0 0 1 0 3 0 5 0 2 0 2 0 2 0 3 0 2 0 3 0 1 0 6 0 2 0 0 0 5 0 3 0 4 0 0 0 4 0 0 0 8 0 6 0 7 0 4 0 5 0 6 1 0 1 0 1 0 0 4 0 5 0 1 0 7 0 7 0 4 0 5 1 0 0 0 0 3 0 2 0 2 0 6 1 0 0 6 0 5 0 3 0 6 0 5 0 3 0 1 0 2 0 6 0 2 0 8 0 0 0 4 0 7 0 2 1 0
1 366 1 0 0 3 0 7 0 5 0 0 0 3 0 3 0 3 0 0 0 6 0 1 0 1 0 6 0 8 0 7 0 7 0 4 1 0 0 3 0 0 0 8 0 7 0 4 0 4 0 0 0 0 0 1 0 8 0 7 0 3 1 0 0 5 0 8 0 2 1 0 0 4 1 0 1 0 0 3 0 3 0 4 0 7 1 0 0 5 0 5 0 2 0 8 0 2 0 3 0 3 0 4 0 7 0 7 0 1 0 7 0 5 0 0 0 7 0 0 0 6 0 1 1 0 1 0 0 6 0 2 0 6 0 8 0 2 0 3 0 7 0 8 0 0 1 0 0 7 0 2 0 2 0 2 0 0 0 7 0 3 0 0 1 0 1 0 0 5 0 3 0 7 0 4 0 2 0 3 0 2 1 0 0 8 0 7 0 4 0 2 0 3 0 7 0 5 0 8 0 0 0 7 0 6 0 0 0 0 0 0 0 2 0 5 1 0 0 7 1 0 0 1 0 7 0 1 0 3 0 4 0 3 0 2 0 8 0 3 0 2 0 8 0 8 0 3 0 3 1 0 0 2 0 7 0 0 0 5 0 4 0 4 0 6 0 4 0 6 0 3 0 2 0 5 0 1 0 0 0 7 0 8 0 0 0 8 0 1 0 7 0 4 0 6 0 0 0 2 0 5 0 0 1 0 0 8 0 8 0 0 0 4 0 5 0 6 0 0 0 2 1 0 0 0 0 6 0 4 0 5 0 4 0 0 0 3 0 1 0 8 0 3 0 1 0 7 0 2 0 5 0 2 0 6 0 6 0 1 1 0 0 5 0 6 0 7
1 367 1 0 8 0 6 0 5 0 1 0 1 0 6 0 6 0 6 0 1 0 2 0 3 0 3 0 3 0 8 0 6 0 6 0 0 1 0 0 6 0 1 0 7 0 5 1 0 1 0 0 1 0 0 0 3 0 7 0 5 1 0 0 0 0 1 0 7 0 6 1 0 0 0 0 0 0 8 0 5 0 6 1 0 0 7 0 0 0 1 0 1 0 6 0 6 0 5 0 6 0 6 1 0 0 6 0 5 0 4 0 5 0 1 0 2 0 4 0 2 0 2 0 4 1 0 1 0 0 2 0 6 0 3 0 7 0 5 0 7 0 5 0 7 0 2 1 0 0 4 0 5 0 4 0 4 0 1 0 4 0 7 0 1 1 0 1 0 0 0 0 8 0 4 1 0 0 5 0 6 0 5 1 0 0 7 0 5 1 0 0 5 0 7 0 5 0 2 0 7 0 2 0 5 0 3 0 1 0 0 0 0 0 5 0 2 0 0 0 5 1 0 0 3 0 4 0 3 0 6 0 8 0 6 0 5 0 6 0 7 0 5 0 7 0 7 0 7 0 7 0 8 0 4 0 4 0 2 0 1 0 0 0 0 0 4 0 0 0 3 0 7 0 5 0 0 0 3 0 1 0 5 0 7 0 2 0 6 0 4 0 5 0 0 0 3 0 1 0 5 0 0 0 2 1 0 0 7 0 7 0 1 1 0 0 2 0 3 0 1 0 5 0 8 0 0 0 3 0 0 0 1 1 0 0 1 0 6 0 3 0 6 0 7 0 3 0 4 0 6 0 0 0 6 0 3 0 3 0 4 1 0 0 1 0 4 0 6
0 367 3 0 7 0 4 0 1 0 3 0 3 0 3 0 4 0 3 0 3 0 4 0 6 0 6 0 7 0 7 0 4 0 3 0 2 1 0 0 2 0 4 0 5 0 3 0 0 0 8 0 1 0 0 0 7 0 5 0 2 1 0 0 0 0 3 0 5 0 4 1 0 0 0 0 1 0 7 0 2 0 5 0 0 0 4 0 1 0 2 0 3 0 3 0 4 0 2 0 4 0 5 0 0 0 3 0 2 0 0 0 1 0 3 0 4 0 8 0 4 0 5 0 0 0 0 0 8 0 4 0 2 0 8 0 5 0 2 0 6 0 2 0 5 0 6 0 8 0 8 0 0 1 0 1 0 0 3 1 0 0 5 0 4 1 0 0 8 0 0 0 7 0 1 0 0 0 1 0 4 0 3 0 0 0 5 0 3 0 0 0 1 0 6 0 1 0 6 0 4 0 6 0 0 0 7 0 2 0 0 0 1 0 0 0 5 0 1 0 1 1 0 0 6 0 8 0 7 0 3 0 8 0 4 0 2 0 4 0 6 0 2 0 6 0 6 0 6 0 6 0 7 1 0 1 0 0 5 0 2 0 0 0 0 0 8 0 0 0 7 0 5 0 1 0 1 0 6 0 3 0 1 0 5 0 6 0 3 0 0 0 1 0 1 0 6 0 3 0 0 0 1 0 5 1 0 0 5 0 5 0 4 0 8 0 3 0 6 0 3 0 1 0 7 0 1 0 6 0 0 0 3 0 8 0 2 0 2 0 8 0 3 0 5 0 7 1 0 0 3 0 2 0 2 0 7 0 6 1 0 1 0 0 2 1 0 0 4
1 367 7 0 4 1 0 0 3 0 6 0 6 0 6 0 8 0 6 0 6 1 0 0 4 0 4 0 6 0 5 1 0 0 7 0 5 0 8 0 3 1 0 0 1 0 7 0 1 0 6 0 3 0 1 0 5 0 1 0 6 0 7 1 0 0 7 0 1 0 0 1 0 0 0 0 3 0 4 0 6 0 0 0 1 0 8 0 2 0 4 0 6 0 6 0 8 0 4 1 0 0 1 0 1 0 6 0 4 0 0 0 2 0 6 1 0 0 8 0 0 0 1 0 1 0 1 0 6 1 0 0 6 0 7 0 1 0 6 0 2 0 6 0 1 0 4 0 8 0 7 0 2 1 0 0 8 0 6 1 0 0 1 0 1 0 0 0 6 0 2 0 4 0 3 0 0 0 2 0 8 0 6 0 1 0 0 0 7 0 0 0 3 0 2 0 4 0 3 0 0 0 3 0 2 0 4 0 5 0 0 0 2 0 1 0 0 0 3 0 3 1 0 0 3 0 8 0 5 0 8 0 6 1 0 0 5 1 0 0 3 0 6 0 3 0 4 0 4 0 4 0 7 0 0 1 0 0 0 0 5 0 0 0 1 0 6 0 2 0 5 0 1 0 3 0 3 0 2 0 7 0 3 0 1 0 3 0 7 0 0 0 2 0 3 0 2 0 7 0 0 0 3 0 2 0 0 0 1 0 2 0 0 0 7 0 8 0 2 0 7 0 3 0 4 0 4 0 2 0 1 0 7 0 6 0 5 0 5 0 6 0 8 0 1 0 6 1 0 0 6 0 4 0 5 0 5 0 5 0 0 0 8 0 4 0 8 0 7
1 369 1 0 5 0 0 1 0 0 7 0 3 0 4 0 4 0 8 0 4 0 4 1 0 1 0 0 0 0 4 0 3 0 0 0 5 0 2 0 7 0 8 0 8 0 2 0 4 0 4 0 2 0 7 0 3 0 0 0 4 0 3 0 7 0 0 0 4 0 3 0 1 0 7 1 0 0 6 1 0 0 3 0 1 0 3 0 6 0 5 1 0 0 4 0 4 0 8 0 0 1 0 0 2 0 3 0 2 1 0 0 1 0 5 0 4 0 0 0 6 0 1 0 2 0 2 0 3 0 4 0 0 0 3 0 5 0 4 0 2 0 6 0 2 0 3 1 0 0 8 0 5 0 6 1 0 0 7 0 4 1 0 0 2 0 2 0 1 0 2 0 5 0 8 0 6 0 0 0 5 0 7 0 3 0 3 0 1 0 4 0 1 0 6 0 4 0 8 0 6 0 0 0 6 0 4 1 0 0 1 0 1 0 4 0 2 0 0 0 6 0 7 0 8 0 6 0 7 0 2 0 8 0 5 0 0 0 1 1 0 0 7 0 2 0 7 1 0 0 0 0 0 0 5 0 2 0 8 0 0 0 0 0 1 0 3 0 2 0 6 0 0 0 3 0 6 0 6 0 5 0 4 0 7 0 2 0 7 0 4 0 1 0 4 0 6 0 5 0 4 0 1 0 6 0 4 0 0 0 2 0 4 0 1 0 5 0 7 0 6 0 4 0 7 0 8 0 8 0 4 0 3 0 5 0 4 0 2 0 2 0 4 0 7 0 4 0 4 0 0 0 3 0 0 0 2 0 2 0 1 0 2 0 7 0 0 0 8 0 6
1 369 3 0 0 0 2 1 0 0 4 0 7 1 0 0 0 0 8 0 0 0 1 0 0 0 7 1 0 0 8 0 6 0 1 0 0 0 6 0 5 0 8 0 7 0 5 0 8 0 8 0 5 0 4 0 7 0 0 0 8 0 7 0 4 0 1 0 8 0 6 0 3 0 6 0 0 0 3 1 0 0 6 0 2 0 7 0 3 0 2 1 0 1 0 0 0 0 7 0 2 0 8 0 3 0 6 0 5 0 8 0 2 0 0 1 0 0 2 0 2 0 3 0 4 0 4 0 6 0 8 0 0 0 7 0 0 1 0 0 6 0 2 0 5 0 7 1 0 0 7 0 2 0 5 0 0 0 5 0 0 1 0 0 4 0 4 0 2 0 5 0 1 0 8 0 3 0 2 0 1 0 5 0 7 0 6 0 2 0 8 0 3 0 3 0 0 0 8 0 3 0 2 0 3 0 0 1 0 0 2 0 2 0 8 0 4 0 1 0 3 0 6 0 8 0 4 0 5 0 6 0 7 0 1 0 1 0 3 1 0 0 4 0 6 0 5 1 0 0 0 0 1 0 0 0 6 0 6 0 1 0 0 0 2 0 6 0 5 0 2 0 1 0 7 0 3 0 4 0 2 0 0 0 5 0 6 0 4 1 0 0 3 1 0 0 4 0 1 1 0 0 4 0 2 1 0 0 1 0 4 0 8 0 3 0 1 0 6 0 4 0 0 0 6 0 8 0 7 1 0 0 8 0 0 1 0 0 5 0 4 1 0 0 5 1 0 1 0 0 1 0 6 0 0 0 4 0 4 0 2 0 5 0 4 0 2 0 7 0 4
0 369 6 0 0 0 5 0 8 0 8 0 5 1 0 0 1 0 6 0 1 0 2 0 1 0 6 0 0 0 7 0 3 0 3 0 1 0 3 0 2 0 8 0 6 0 2 0 8 0 8 0 2 0 0 0 5 0 2 0 7 0 5 1 0 0 4 0 7 0 3 0 8 0 2 0 1 0 7 1 0 0 2 0 6 0 4 0 7 0 5 1 0 0 8 0 0 0 4 0 6 0 6 0 8 0 3 0 2 0 7 0 5 0 1 0 8 0 3 0 4 0 6 1 0 0 0 0 4 0 7 0 2 0 4 0 2 1 0 0 2 0 6 0 1 0 7 0 0 0 4 0 6 0 0 0 2 0 0 0 2 0 8 0 7 0 8 0 5 0 0 0 4 0 6 0 7 0 4 0 3 0 1 0 6 0 3 0 6 0 6 0 7 0 6 0 1 0 6 0 7 0 4 0 6 0 1 0 8 0 3 0 5 0 6 1 0 0 3 0 7 0 3 0 8 0 0 0 2 0 4 0 5 0 3 0 2 0 7 0 8 0 8 0 3 0 2 1 0 0 0 0 2 0 1 0 3 0 3 0 3 0 0 0 5 0 3 0 1 0 5 0 3 0 4 0 7 0 8 0 4 0 1 0 1 0 4 0 0 1 0 0 7 0 8 0 7 0 3 0 8 0 7 0 5 0 8 0 1 1 0 0 7 0 7 0 3 0 2 1 0 0 2 0 3 0 8 0 7 0 0 0 6 0 2 1 0 0 1 0 1 0 0 0 2 0 0 0 8 0 2 0 2 0 1 0 8 0 8 0 5 0 0 1 0 0 6 0 5 0 0
0 371 1 0 2 0 2 0 1 0 8 0 8 0 2 1 0 0 3 0 2 0 3 0 4 0 3 0 2 0 2 0 4 0 7 0 6 0 2 0 6 0 5 0 7 0 3 0 6 0 7 0 7 0 5 0 1 0 0 0 6 0 5 0 2 1 0 1 0 0 5 0 8 0 6 0 5 0 3 0 5 1 0 0 5 0 3 0 0 0 6 0 3 0 0 0 6 0 1 1 0 0 4 0 4 0 7 0 7 0 5 0 5 0 1 0 4 0 6 0 7 1 0 0 4 1 0 0 0 1 0 0 5 0 5 0 8 0 5 0 8 0 4 0 2 0 4 0 4 0 1 1 0 0 3 0 1 0 4 0 0 0 5 0 7 0 6 0 8 0 1 0 1 1 0 0 4 0 5 1 0 0 7 0 3 0 2 0 8 0 3 0 4 0 6 0 3 0 4 0 3 0 6 0 0 0 3 0 4 0 6 0 8 0 1 0 4 1 0 0 7 0 4 0 8 0 6 0 1 0 4 1 0 0 1 0 7 0 5 0 5 0 8 0 7 0 7 0 5 0 7 1 0 0 4 0 2 0 6 0 6 0 6 0 1 0 0 0 7 0 3 0 0 0 7 1 0 0 6 0 7 1 0 0 3 0 2 0 8 0 1 1 0 0 5 0 8 0 5 0 8 0 7 0 6 0 2 0 7 0 4 1 0 0 5 0 5 0 7 0 5 0 8 0 3 0 7 0 7 0 5 0 2 0 2 0 6 0 8 0 1 0 2 0 0 0 4 0 1 0 6 0 5 0 4 0 3 0 7 0 8 0 1 0 2 1 0 0 3 0 1 0 1
0 371 2 0 4 0 4 0 3 0 7 0 7 0 6 0 8 0 5 0 4 0 6 0 8 0 6 0 4 0 4 1 0 0 6 0 3 0 6 0 3 0 2 0 5 0 8 0 3 0 6 0 6 0 1 0 3 0 1 0 3 0 1 0 6 1 0 1 0 0 1 0 8 0 4 0 1 0 8 0 2 0 0 0 0 0 7 0 1 0 2 0 7 0 1 0 2 0 4 0 8 0 7 1 0 0 6 0 6 0 2 0 1 0 3 1 0 0 4 0 6 1 0 1 0 1 0 0 1 1 0 0 1 0 2 0 8 0 2 0 7 1 0 0 5 0 8 0 8 0 3 0 8 0 5 0 2 0 8 0 1 0 1 0 6 0 4 0 7 0 3 0 3 0 8 0 8 0 2 0 0 0 4 0 7 0 5 0 6 0 7 1 0 0 3 0 7 0 8 0 7 0 2 0 1 0 6 1 0 0 4 0 7 0 4 0 0 0 0 0 5 0 0 0 8 0 3 0 3 1 0 1 0 0 3 0 5 0 2 0 2 0 8 0 6 0 6 0 2 0 6 1 0 0 8 0 5 0 3 0 4 0 3 0 3 0 1 0 4 0 7 0 1 0 6 0 0 0 3 0 6 1 0 0 6 0 5 0 6 0 4 1 0 0 1 0 8 0 2 0 8 0 6 0 3 0 6 0 5 0 1 0 0 0 1 0 2 0 6 0 2 0 7 0 8 0 5 0 6 0 1 0 5 0 5 0 3 0 7 0 3 0 4 0 0 0 8 0 3 0 3 0 1 1 0 0 8 0 5 0 7 0 3 0 5 0 8 0 5 0 2 0 2
1 371 4 0 8 0 8 0 7 0 5 0 6 0 4 0 8 0 2 0 0 0 4 0 8 0 4 0 0 0 1 0 0 0 2 0 8 0 2 0 7 0 5 0 1 0 7 0 8 0 3 0 3 0 3 0 6 0 2 0 6 0 3 0 4 0 0 0 8 0 2 0 6 1 0 0 4 0 6 0 5 0 0 0 1 0 4 0 3 0 5 0 4 0 3 0 4 1 0 0 8 0 7 0 0 0 3 0 3 0 5 0 2 0 7 0 8 0 8 0 4 0 0 1 0 0 8 0 2 0 8 0 1 0 5 0 6 0 6 0 6 0 0 0 1 0 8 0 7 0 8 0 7 0 1 0 6 0 6 0 3 0 3 0 3 0 0 0 5 0 7 0 7 0 7 0 7 0 5 0 0 1 0 0 6 0 2 0 4 0 6 1 0 0 7 0 5 0 8 0 5 0 5 0 3 0 3 1 0 1 0 0 5 1 0 0 1 0 1 0 0 0 2 0 6 0 7 0 7 1 0 0 8 0 6 0 0 0 5 0 5 0 7 0 4 0 3 0 6 0 4 0 0 0 7 0 1 0 7 0 8 0 6 0 6 0 2 1 0 0 5 0 4 0 2 0 1 0 7 0 4 0 0 0 3 0 2 0 4 0 0 1 0 0 3 0 6 0 6 0 7 0 3 0 8 0 3 0 1 0 3 0 0 0 2 0 5 0 2 0 6 0 5 0 8 0 2 0 3 0 4 0 1 0 1 0 8 0 4 0 7 0 8 0 1 0 6 0 7 0 6 0 3 1 0 0 7 0 2 0 5 0 8 0 1 0 8 0 1 0 5 0 4
0 372 1 0 0 8 0 8 0 6 0 2 0 4 0 0 0 7 0 5 0 0 1 0 0 7 1 0 0 1 0 2 0 0 0 5 0 6 0 6 0 5 0 1 0 4 0 5 0 7 0 7 0 6 0 7 0 2 0 6 0 2 0 7 0 8 0 1 0 6 0 6 0 3 1 0 1 0 0 4 0 1 0 1 0 2 0 8 0 7 0 0 1 0 0 8 0 0 0 0 0 7 0 5 0 1 0 6 0 7 0 0 0 6 0 5 0 8 0 7 1 0 0 2 1 0 0 6 0 6 0 6 0 4 0 1 0 4 0 4 0 3 0 1 0 3 0 7 0 6 0 8 0 5 0 4 0 3 0 3 0 7 0 6 0 6 0 1 0 1 0 6 0 6 0 6 0 6 0 1 0 2 1 0 0 2 0 5 1 0 0 5 0 0 0 5 0 2 0 8 0 2 0 1 0 7 0 7 1 0 1 0 0 1 1 0 0 2 0 2 0 0 0 5 0 3 0 6 0 7 0 0 0 7 0 3 0 2 0 1 0 2 0 5 1 0 0 8 0 2 1 0 0 2 0 4 0 4 0 5 0 8 0 4 0 3 0 6 1 0 0 0 1 0 0 5 0 3 0 4 1 0 0 1 0 6 0 4 0 8 0 1 0 8 0 6 0 3 0 4 0 5 0 8 0 6 0 7 0 2 0 6 0 0 0 5 0 0 0 6 0 3 0 2 0 7 0 5 0 6 0 8 0 2 0 3 0 7 0 0 0 6 0 7 0 4 0 3 0 6 0 3 1 0 0 0 0 4 0 6 0 1 0 7 0 4 0 6 0 4 0 1 0 0
0 373 1 1 0 0 7 0 8 0 3 0 5 0 8 0 1 0 5 0 1 0 2 1 0 0 5 1 0 0 2 0 4 0 1 0 1 0 4 0 4 0 1 0 3 1 0 0 2 0 6 0 6 0 4 0 5 0 6 0 2 0 6 0 5 0 7 0 4 0 3 0 3 1 0 0 0 0 8 0 7 0 2 0 2 0 5 0 7 0 5 0 2 1 0 0 6 0 1 0 1 0 5 0 1 0 4 0 3 0 5 0 2 0 3 0 2 0 8 0 6 1 0 0 5 1 0 0 3 0 4 0 3 1 0 0 3 0 8 0 8 0 6 0 2 0 7 0 5 0 4 0 8 0 1 1 0 0 7 0 7 0 5 0 4 0 3 0 3 0 3 0 3 0 4 0 4 0 3 0 3 0 5 0 8 0 4 0 2 0 0 0 0 0 2 0 0 0 6 0 6 0 5 0 3 0 5 0 7 0 0 0 8 0 2 0 8 0 3 0 4 0 1 0 0 0 8 0 3 0 5 0 2 0 4 0 7 0 4 0 2 0 5 0 2 0 0 0 6 0 6 0 8 0 3 1 0 0 0 0 2 0 7 1 0 0 8 0 3 1 0 0 1 1 0 0 0 0 7 1 0 1 0 0 3 0 3 0 0 0 7 0 4 0 7 0 3 0 7 1 0 0 2 0 8 0 4 0 5 0 6 0 2 0 2 0 0 0 2 0 2 0 7 0 5 0 5 0 2 0 4 0 7 0 5 0 7 0 4 0 2 0 3 0 5 1 0 0 8 0 2 0 8 0 7 1 0 1 0 0 3 0 4 0 5 0 0 0 3 1 0 0 3 0 0
0 373 3 1 0 0 5 0 7 0 8 0 1 0 7 0 4 0 0 0 3 0 5 1 0 0 1 1 0 0 4 0 8 0 2 0 2 0 8 0 8 0 2 0 7 0 8 0 4 0 3 0 4 0 0 0 2 0 3 0 6 0 3 0 2 0 5 1 0 0 7 0 7 0 8 0 0 0 7 0 5 0 5 0 5 0 1 0 6 0 1 0 6 1 0 0 2 0 3 0 3 0 0 0 3 0 8 0 7 0 0 0 5 0 6 0 5 0 7 0 5 0 0 0 1 1 0 0 6 0 8 0 7 0 8 0 6 0 7 0 8 0 3 0 6 0 5 0 2 0 0 0 7 0 4 1 0 0 5 0 6 0 1 1 0 0 7 0 6 0 6 0 6 0 8 0 8 0 6 0 7 0 1 0 7 1 0 0 5 0 0 0 0 0 4 0 1 0 3 0 4 0 1 0 8 0 1 0 5 0 2 0 6 0 6 0 6 0 7 0 8 0 2 0 1 0 6 0 8 0 0 0 5 1 0 0 5 1 0 0 6 0 0 0 5 0 1 0 3 0 4 0 7 0 8 0 7 1 0 0 5 0 6 0 0 0 6 0 8 0 8 0 2 0 8 0 0 0 6 0 0 0 8 0 5 0 6 0 1 0 5 0 0 0 5 0 8 0 5 1 0 0 5 0 7 0 0 0 2 0 3 0 5 0 4 0 0 0 4 0 5 0 5 0 2 0 1 0 5 1 0 0 6 0 2 0 5 1 0 0 5 0 7 0 2 0 0 0 6 0 6 0 7 0 7 0 0 0 8 0 5 1 0 0 1 0 1 0 7 0 8 0 5 0 0
0 373 7 1 0 0 1 0 6 0 7 0 4 0 4 1 0 0 1 0 7 0 1 1 0 0 3 0 8 0 8 0 6 0 5 0 5 0 7 0 7 0 6 0 5 0 7 1 0 0 7 0 8 0 0 0 4 0 7 0 2 0 7 0 5 0 2 0 0 0 5 0 6 0 7 0 2 0 5 0 2 0 2 0 1 0 4 0 2 0 4 0 3 1 0 0 4 0 6 0 6 0 0 0 7 0 7 0 5 0 2 0 1 0 4 0 2 0 6 0 1 0 1 0 3 1 0 0 3 0 8 0 6 0 8 0 4 0 6 0 7 0 8 0 3 0 1 0 5 0 1 0 5 0 1 0 0 0 1 0 3 0 4 1 0 0 5 0 4 0 4 0 4 0 8 0 8 0 4 0 5 0 4 0 6 0 0 0 0 0 1 0 0 0 8 0 2 0 6 0 8 0 3 0 6 0 4 0 0 0 6 0 3 0 4 0 4 0 6 0 7 0 5 0 3 0 3 0 7 0 2 0 2 0 0 0 2 0 0 0 2 0 2 0 0 0 3 0 6 1 0 0 6 0 8 0 7 0 0 0 1 0 3 0 2 0 3 0 8 0 7 0 6 0 6 0 2 0 2 0 2 0 7 0 2 0 3 0 4 0 0 0 2 0 1 0 8 0 3 0 0 0 1 0 5 0 1 0 4 0 7 0 0 1 0 0 1 1 0 0 2 0 1 0 5 0 3 0 2 0 0 0 2 0 6 0 2 0 0 0 1 0 5 0 5 0 1 0 3 0 4 0 6 0 5 0 2 0 7 0 2 1 0 0 2 0 3 0 5 0 8 0 1 0 1
0 375 1 0 5 1 0 0 3 0 3 0 6 0 0 0 0 1 0 0 3 0 4 0 4 0 8 0 6 0 7 0 8 0 4 0 2 0 2 0 6 0 6 0 4 0 2 0 7 0 0 0 5 0 7 0 1 1 0 0 5 0 6 0 5 0 1 0 5 0 1 0 1 0 4 0 5 0 6 0 0 0 5 0 4 0 2 0 8 0 4 0 8 0 7 0 8 0 8 0 3 0 3 0 2 0 5 0 6 0 1 0 5 0 2 0 8 0 5 0 2 0 3 0 2 0 7 0 8 0 6 0 7 0 4 0 8 0 0 0 4 0 6 0 7 0 7 0 3 0 0 0 4 0 0 0 3 0 0 0 2 0 7 0 0 0 0 0 1 0 0 0 0 0 0 0 8 0 8 0 0 0 2 0 0 0 3 0 1 0 0 0 2 0 1 0 6 0 6 0 3 0 7 0 8 0 2 1 0 0 2 0 2 0 7 1 0 0 0 0 4 0 6 0 1 0 7 0 7 0 4 0 5 0 4 0 0 0 4 0 0 0 4 0 4 0 0 0 7 0 4 0 0 0 3 0 8 0 5 0 1 0 2 0 6 0 4 0 7 0 7 0 6 0 4 0 3 0 5 0 4 0 5 0 4 0 5 0 6 0 8 0 0 0 4 0 3 0 6 0 7 0 0 0 3 0 0 0 3 1 0 0 5 0 2 0 8 0 2 0 8 0 3 0 3 0 0 0 7 0 4 0 0 0 5 0 2 0 5 0 0 0 3 0 1 0 1 0 3 0 6 1 0 0 4 0 1 0 6 0 4 0 6 0 8 0 3 0 7 0 1 0 7 0 3 0 2
1 375 3 0 1 1 0 0 6 0 7 0 2 0 1 0 1 0 8 0 5 1 0 0 0 0 8 0 4 0 6 0 7 1 0 0 5 0 5 0 3 0 3 1 0 0 6 0 4 0 2 0 1 0 5 0 4 1 0 0 1 0 4 0 1 0 4 0 0 0 3 0 2 1 0 0 2 0 3 0 2 0 0 1 0 0 6 0 7 0 0 0 8 0 6 0 8 0 7 0 7 0 6 0 5 0 1 0 3 0 4 0 0 0 6 0 7 0 1 0 5 0 6 0 5 0 5 0 8 0 4 0 6 0 0 0 7 0 1 1 0 0 4 0 6 0 5 0 7 0 0 0 8 0 0 0 6 0 0 0 5 0 4 0 1 0 0 0 2 0 0 0 0 0 1 0 7 0 7 0 1 0 4 0 0 0 6 0 2 0 0 0 4 0 3 0 3 0 3 0 8 0 5 0 7 0 6 0 8 0 3 0 5 0 5 1 0 0 0 1 0 0 3 0 4 0 5 0 6 0 0 0 1 1 0 0 1 0 8 0 0 0 8 0 8 0 1 0 4 1 0 0 1 0 7 0 7 0 1 0 3 0 5 0 3 0 0 0 6 0 6 0 3 1 0 0 8 0 1 0 0 0 2 0 0 0 2 0 4 0 7 0 1 0 8 0 7 0 3 0 5 0 1 0 6 0 0 0 7 1 0 0 0 0 6 0 6 0 6 0 6 0 7 0 6 0 1 0 4 1 0 0 2 0 0 0 6 0 0 0 1 0 6 0 2 0 2 0 7 0 3 1 0 0 8 0 3 0 3 0 0 0 4 0 7 0 8 0 4 0 4 0 4 0 7 0 4
0 375 6 0 3 1 0 0 3 0 5 0 5 0 2 0 3 0 7 0 2 1 0 0 1 0 7 0 0 0 4 0 7 0 0 0 1 0 1 0 7 0 7 1 0 0 2 1 0 0 5 0 3 0 1 0 0 1 0 0 2 0 8 0 2 0 8 0 0 0 6 0 5 0 8 0 3 0 6 0 4 0 1 1 0 0 3 0 5 0 2 0 7 0 4 0 8 0 6 0 6 0 4 0 1 0 3 0 6 0 8 0 1 0 3 0 5 0 4 0 1 0 4 0 2 0 2 0 8 0 0 0 3 0 2 0 4 0 4 0 8 0 8 0 3 0 2 0 5 0 2 0 6 0 2 0 2 0 2 0 0 1 0 0 3 0 0 0 4 0 0 0 0 0 3 0 5 0 5 0 3 0 8 0 1 0 2 0 5 0 0 0 8 0 6 0 6 0 7 0 7 0 2 0 6 0 4 0 7 0 8 0 1 0 2 1 0 0 1 0 8 0 5 1 0 0 2 0 3 0 1 0 3 0 8 0 2 0 6 0 2 0 7 0 7 0 3 1 0 1 0 0 3 0 5 0 5 0 3 0 7 0 0 0 7 0 1 0 3 0 3 1 0 0 0 0 6 0 3 0 0 0 4 0 0 0 4 1 0 0 5 0 4 0 7 0 5 0 8 0 0 0 4 0 2 0 2 0 5 1 0 0 1 0 3 0 4 0 4 0 4 0 6 0 3 0 3 1 0 1 0 0 4 0 1 0 2 0 1 0 3 0 2 0 5 0 5 0 4 1 0 0 0 0 6 0 7 0 6 0 0 1 0 0 6 0 8 0 0 0 0 0 0 0 6 0 0
0 377 1 0 2 0 8 0 8 0 6 0 1 0 1 0 5 0 7 0 4 0 6 0 8 0 2 0 4 0 1 1 0 0 5 0 1 0 2 0 3 0 5 0 6 1 0 0 5 1 0 0 0 0 7 0 2 0 1 0 8 0 4 0 6 0 6 0 6 0 2 0 3 0 2 0 7 0 8 0 2 1 0 0 4 0 8 0 6 0 0 0 6 0 5 0 0 0 8 0 4 0 3 1 0 0 3 0 7 0 3 0 7 0 3 0 7 0 0 1 0 0 3 0 8 0 4 0 5 0 6 0 1 0 6 0 4 1 0 0 0 0 8 0 7 0 7 0 5 0 0 0 6 0 2 0 5 0 4 0 4 0 1 0 8 0 5 0 0 0 8 0 0 0 0 0 7 0 1 0 1 0 8 0 6 0 3 0 5 0 0 0 2 0 7 0 4 0 4 0 6 0 5 0 6 0 3 0 0 0 6 0 7 0 3 0 5 0 8 0 2 0 7 0 2 1 0 0 4 0 6 0 2 0 7 0 6 0 6 0 2 0 6 0 5 0 5 1 0 0 0 0 8 0 6 0 1 0 1 0 8 0 4 0 2 0 4 0 3 0 6 0 7 0 8 0 0 0 2 0 7 0 0 0 8 0 1 0 0 0 0 0 1 0 0 0 6 0 2 0 7 0 1 0 8 0 4 0 5 0 1 1 0 0 2 0 6 1 0 0 0 0 0 0 3 0 7 0 7 1 0 0 8 0 7 0 2 0 4 0 2 0 6 0 5 0 1 0 2 0 0 1 0 0 1 0 3 0 6 0 3 0 2 1 0 0 3 0 7 0 1 0 0 0 1 0 2 0 1
0 377 2 0 5 0 7 0 8 0 3 0 3 0 3 0 1 0 6 0 0 0 4 0 7 0 5 0 8 0 3 1 0 0 0 0 3 0 4 0 7 0 1 0 5 0 0 0 1 1 0 0 1 0 4 0 5 0 3 0 7 0 0 0 4 0 4 0 3 0 5 0 6 0 5 0 5 0 7 0 6 0 8 0 8 0 7 0 3 0 2 0 3 0 1 0 2 0 6 1 0 0 8 0 8 0 6 0 4 0 8 0 4 0 8 0 4 0 2 0 8 0 6 0 7 0 0 0 2 0 3 0 4 0 3 0 0 1 0 0 1 0 7 0 6 0 6 0 1 0 2 0 2 0 6 0 0 1 0 1 0 0 4 0 7 0 1 0 2 0 6 0 1 0 1 0 4 0 3 0 3 0 7 0 3 0 8 0 0 0 1 0 5 0 5 0 0 0 0 0 4 0 2 0 3 0 7 0 1 0 3 0 5 0 8 0 1 0 7 0 6 0 4 0 6 0 8 0 8 0 2 0 6 0 5 0 4 0 3 0 6 0 3 0 2 0 2 1 0 0 1 0 7 0 3 0 3 0 3 0 6 1 0 0 5 0 8 0 7 0 3 0 6 0 7 0 1 0 5 0 4 0 2 0 6 0 3 0 0 0 0 0 2 0 1 0 2 0 6 0 4 0 4 0 7 0 0 0 1 0 4 0 8 0 4 0 3 1 0 0 0 0 0 0 7 0 5 0 7 0 0 0 7 0 5 0 5 0 8 0 5 0 3 0 1 0 3 0 4 0 1 0 8 0 1 0 7 0 2 0 7 0 5 0 8 0 6 0 4 0 3 0 0 0 2 0 4 0 2
1 377 5 0 1 0 6 0 7 0 7 0 6 0 6 0 3 0 2 0 1 1 0 0 6 0 2 0 7 0 8 0 7 1 0 0 6 1 0 0 5 0 4 0 0 0 1 0 3 0 8 0 1 1 0 0 1 0 8 0 4 0 1 0 8 0 8 0 7 0 1 0 4 0 2 0 2 0 6 0 4 0 8 0 8 0 5 0 7 0 4 0 6 0 2 0 5 0 4 0 0 0 7 0 8 0 4 0 0 0 8 0 0 0 7 1 0 0 6 0 7 0 4 0 5 0 1 0 4 0 6 0 8 0 6 0 1 0 8 0 2 0 5 0 4 0 3 0 3 0 4 0 5 0 2 0 2 1 0 0 8 0 8 0 4 0 3 0 5 0 2 0 3 0 2 0 8 0 6 0 7 0 4 0 8 0 6 0 1 0 3 0 1 0 1 0 1 0 0 0 8 0 4 0 7 0 4 0 3 0 7 0 1 0 7 0 4 0 5 0 4 0 0 0 4 0 8 0 7 0 6 0 3 0 1 1 0 0 8 0 2 0 7 0 4 0 5 0 8 0 2 0 4 0 7 0 6 0 7 0 4 0 0 0 1 0 8 0 5 0 8 0 3 0 5 0 4 0 0 1 0 0 6 0 2 0 7 0 0 0 0 0 4 0 2 0 5 0 3 0 0 0 0 0 5 0 1 0 2 1 0 0 7 1 0 0 8 0 7 1 0 0 1 0 5 0 2 0 5 0 2 0 5 0 2 0 2 0 8 0 1 0 7 0 2 0 6 0 8 0 3 0 6 0 4 0 4 0 6 0 5 0 2 0 8 0 3 1 0 0 7 0 0 0 4 0 8 0 4
0 379 1 0 0 0 4 0 3 0 6 0 6 0 4 0 3 0 7 0 4 0 3 1 0 0 2 0 6 0 5 0 8 0 7 0 0 0 4 0 0 0 0 1 0 0 1 0 2 0 7 0 6 0 4 0 8 0 2 0 6 1 0 0 4 0 7 0 8 0 5 0 3 0 8 0 4 0 5 0 3 0 0 0 8 0 8 0 2 0 6 0 0 0 3 0 6 0 0 1 0 0 2 0 5 0 7 1 0 0 2 0 6 0 2 0 6 0 0 0 3 0 6 0 0 0 1 0 3 1 0 0 4 0 8 0 3 0 4 0 6 0 6 0 0 1 0 0 7 0 6 1 0 0 1 0 5 0 5 1 0 0 7 0 7 1 0 0 8 0 0 0 5 0 6 0 5 0 7 0 4 0 6 0 0 0 8 0 3 0 3 0 6 0 2 0 2 0 2 0 1 0 7 0 0 0 5 1 0 0 8 0 4 0 4 0 5 0 0 0 1 1 0 0 1 1 0 0 8 0 6 0 3 0 7 0 3 1 0 0 6 0 6 0 5 0 0 0 2 0 7 0 5 1 0 0 6 0 4 0 5 1 0 0 1 0 3 0 7 0 2 0 7 0 8 0 0 1 0 0 2 1 0 0 2 0 6 0 4 0 1 0 0 0 8 0 5 0 0 0 7 0 0 0 1 0 0 0 3 0 5 1 0 0 6 0 0 0 7 0 6 1 0 0 3 0 0 0 6 0 0 0 6 0 0 0 5 0 5 0 6 0 4 0 4 0 6 0 3 0 7 0 8 0 3 0 0 0 0 0 4 0 1 0 6 0 6 1 0 0 0 0 4 0 1 1 0 0 8 0 0
0 379 2 0 0 0 8 0 7 0 3 0 3 1 0 0 8 0 4 1 0 0 8 0 8 0 4 0 3 0 2 0 8 0 5 0 1 0 8 0 0 0 1 0 8 0 1 0 5 0 5 0 4 0 0 0 7 0 6 0 3 1 0 1 0 0 6 0 8 0 1 0 8 0 7 0 0 0 1 0 7 0 1 0 7 0 7 0 6 0 2 0 1 0 7 0 2 0 2 0 8 0 4 0 1 0 6 1 0 0 5 0 2 0 6 0 2 0 1 0 7 0 2 0 1 0 2 0 7 0 8 0 8 0 6 0 7 1 0 0 4 0 3 0 2 1 0 0 5 0 4 1 0 0 3 0 1 0 3 0 0 0 5 0 7 0 0 0 6 0 2 0 1 0 4 0 2 0 6 0 0 0 3 0 2 0 6 0 7 0 7 0 2 0 5 0 4 0 4 0 3 0 4 0 2 0 2 0 0 0 7 0 0 0 0 0 1 0 1 0 3 0 8 0 2 1 0 0 7 0 3 0 8 0 4 1 0 0 0 0 3 0 4 0 1 0 1 0 5 0 5 0 3 0 0 0 3 0 0 0 2 1 0 0 2 0 7 0 4 0 6 0 5 0 7 0 2 0 8 0 4 0 8 0 4 0 2 1 0 0 3 0 1 0 7 0 1 0 2 0 4 0 1 0 2 0 0 0 7 0 2 0 0 0 2 0 2 0 5 0 4 1 0 0 6 0 1 0 2 0 2 0 2 0 2 0 1 0 2 0 4 0 0 0 0 0 3 0 8 0 5 0 7 0 7 0 0 0 0 0 8 0 3 0 3 0 4 1 0 0 0 0 8 0 3 1 0 0 6 0 1
0 379 4 0 1 0 7 0 5 0 7 0 7 1 0 0 7 0 1 0 0 0 7 0 7 1 0 0 7 0 5 0 7 0 1 0 4 0 6 0 1 0 3 0 6 0 4 0 1 0 1 1 0 0 2 0 5 0 3 1 0 0 0 1 0 0 3 0 7 0 4 0 7 0 5 0 1 0 3 0 4 0 4 0 5 0 6 0 3 0 5 0 3 0 4 0 5 0 5 0 6 1 0 0 4 0 4 0 0 0 0 0 6 0 2 0 5 0 3 0 4 0 5 0 2 0 5 0 5 0 8 0 8 0 4 0 6 1 0 0 8 0 6 0 5 1 0 0 1 0 0 1 0 0 6 0 2 0 6 0 1 0 1 0 5 0 2 0 2 0 5 0 2 0 8 0 5 0 2 0 1 0 6 0 5 0 3 0 6 0 5 0 6 0 0 1 0 1 0 0 7 0 8 0 4 0 4 0 1 0 4 0 1 0 0 0 2 0 2 0 7 0 6 0 6 1 0 0 4 0 8 0 7 0 0 1 0 0 0 0 6 0 8 0 2 0 3 0 1 0 1 0 7 0 0 0 6 0 0 0 5 0 8 0 4 0 5 0 0 0 4 0 2 0 5 0 6 0 7 0 0 0 7 1 0 0 6 0 8 0 5 0 3 0 4 0 3 0 4 0 8 0 2 0 4 0 1 0 4 0 5 0 0 0 4 0 5 0 1 0 1 0 0 0 2 0 3 0 4 0 4 0 4 0 4 0 2 0 4 0 8 0 0 0 0 0 7 0 7 0 2 0 6 0 5 0 1 0 1 0 6 0 7 0 6 1 0 1 0 0 1 0 6 1 0 0 0 0 2 0 3
1 379 8 0 3 0 5 0 2 0 6 0 7 0 0 0 4 0 3 0 1 0 5 0 7 0 0 0 5 0 2 0 5 0 3 1 0 0 3 0 3 0 7 0 2 1 0 0 3 0 3 0 8 0 4 0 0 0 8 0 8 0 0 0 8 0 6 0 5 0 0 0 6 0 1 0 3 0 6 1 0 0 0 0 2 0 3 0 8 0 0 0 7 1 0 0 2 0 2 0 4 1 0 0 8 0 8 0 0 0 1 0 2 0 6 0 0 0 7 1 0 0 1 0 6 0 1 0 2 0 8 0 8 0 0 0 5 0 0 0 7 0 4 0 2 1 0 0 2 0 1 1 0 0 2 0 6 0 2 0 3 0 3 0 0 0 5 0 5 0 0 0 6 0 7 0 1 0 5 0 3 0 3 0 1 0 8 0 3 0 2 0 3 0 2 1 0 1 0 0 5 0 7 1 0 1 0 0 3 0 8 0 2 0 0 0 4 0 5 0 5 0 4 0 4 1 0 1 0 0 8 0 5 0 2 0 8 0 0 0 3 0 7 0 5 0 6 0 2 0 3 0 4 0 2 0 2 0 2 0 1 0 8 0 0 0 1 0 1 0 8 0 5 0 1 0 4 0 5 0 2 0 6 0 0 0 3 0 8 0 1 0 7 0 8 0 6 1 0 0 7 0 5 0 8 0 2 1 0 0 1 0 1 1 0 0 1 0 3 0 2 0 0 0 4 0 6 0 8 0 8 0 8 0 8 0 4 1 0 0 7 0 1 0 1 0 5 0 5 0 6 0 3 0 1 0 3 0 3 0 3 0 6 0 5 0 0 0 8 0 2 0 3 1 0 0 0 0 4 0 6
0 381 1 0 6 0 8 0 0 0 6 0 3 0 5 0 1 0 8 0 6 0 3 0 1 0 5 0 2 0 0 0 6 0 0 0 8 0 8 0 5 0 7 0 4 0 6 0 8 0 5 0 7 0 6 1 0 0 2 0 7 0 7 0 2 0 7 0 4 0 1 0 2 0 2 0 3 0 7 0 3 1 0 0 0 0 4 0 7 0 6 0 2 0 5 1 0 0 4 0 5 0 0 0 0 0 7 0 7 0 1 0 2 0 5 0 2 0 2 0 5 1 0 0 3 0 2 0 3 0 5 0 7 0 7 0 2 0 0 0 2 0 4 1 0 0 6 0 8 0 3 0 3 0 8 0 4 0 2 0 5 0 6 0 6 0 1 0 1 0 1 0 2 0 3 0 5 0 4 0 0 0 7 0 6 0 3 0 6 0 7 0 4 0 6 0 5 1 0 1 0 0 1 0 7 0 0 0 8 0 6 0 6 0 5 0 0 1 0 0 2 0 2 0 0 0 1 0 0 1 0 0 7 0 1 0 6 0 6 0 1 0 7 0 5 0 2 0 3 0 5 0 6 0 8 0 4 0 4 0 4 0 3 0 6 0 1 0 2 0 3 0 7 0 1 0 3 1 0 0 1 0 6 0 2 0 1 0 7 0 6 0 4 0 5 0 8 0 5 0 0 0 5 0 2 0 7 0 6 0 8 0 1 0 3 0 8 0 1 0 6 0 4 0 0 1 0 0 4 0 8 0 8 0 8 0 8 0 1 0 0 0 4 0 3 0 3 0 1 0 2 0 3 0 7 0 2 0 6 0 6 0 7 0 3 0 1 0 2 0 6 0 5 0 7 0 7 1 0 1 0 0 4
1 381 3 0 3 0 7 0 2 0 2 0 8 0 0 0 4 0 7 0 3 0 7 0 3 0 0 0 5 0 1 0 2 0 2 0 7 0 8 0 2 0 6 0 0 0 4 0 8 0 2 0 6 0 4 1 0 0 5 0 5 0 5 0 6 0 4 1 0 0 3 0 4 0 4 0 7 0 4 0 8 0 7 1 0 1 0 0 6 0 3 0 6 0 1 1 0 1 0 0 1 0 1 0 1 0 5 0 5 0 3 0 5 0 0 0 5 0 5 0 1 1 0 0 6 0 4 0 7 0 1 0 6 0 5 0 5 0 0 0 5 0 0 0 0 0 3 0 7 0 7 0 7 0 6 1 0 0 6 0 1 0 4 0 3 0 3 0 2 0 2 0 4 0 7 0 0 1 0 0 2 0 5 0 3 0 8 0 3 0 6 0 0 0 4 0 3 0 0 0 8 0 2 0 4 0 2 0 7 0 4 0 4 0 1 0 2 0 8 0 3 0 4 0 0 0 2 0 1 1 0 0 4 0 4 0 3 0 3 0 4 0 5 0 1 0 5 0 7 0 1 0 4 0 7 1 0 1 0 1 0 0 8 0 2 0 3 0 4 0 7 0 4 0 3 0 7 0 8 0 2 0 2 0 5 0 3 0 5 0 4 0 0 0 2 0 8 0 1 0 2 0 0 0 6 0 5 0 4 0 7 0 3 0 7 0 6 0 4 0 2 1 0 0 2 0 8 0 8 0 7 0 8 0 8 0 7 0 3 0 0 0 8 0 6 0 6 0 2 0 4 0 7 0 4 0 6 0 3 0 4 0 5 0 7 0 2 0 5 0 3 0 2 0 6 0 7 0 0 0 8 0 7
1 381 6 0 7 0 4 0 5 0 5 0 6 0 1 1 0 0 5 0 8 0 4 0 7 0 1 0 0 0 3 0 4 0 5 0 5 0 7 0 6 0 2 0 1 1 0 0 7 0 6 0 3 0 1 0 0 0 1 0 2 0 2 0 4 0 0 1 0 0 6 1 0 0 0 0 6 0 0 0 8 0 7 0 0 1 0 0 2 0 8 0 2 0 4 1 0 0 8 0 1 0 2 0 3 0 1 0 1 0 8 0 0 0 2 0 1 0 1 0 4 1 0 0 3 0 0 0 5 0 4 0 3 0 2 0 1 0 2 0 0 0 1 0 0 0 7 0 5 0 6 0 6 0 5 0 0 0 2 0 3 0 8 0 6 0 6 0 4 0 4 1 0 0 5 0 2 0 8 0 4 0 0 0 8 0 6 0 8 0 2 0 1 0 8 0 6 0 1 0 6 0 5 0 8 0 5 0 4 1 0 1 0 0 3 0 5 0 6 0 7 0 8 0 0 0 4 0 3 0 8 0 7 0 8 0 6 0 6 1 0 0 1 0 4 0 1 0 5 0 3 1 0 0 7 0 0 1 0 1 0 0 6 0 5 0 6 1 0 0 5 1 0 0 8 0 5 0 7 0 5 0 5 0 0 0 8 0 0 1 0 0 1 0 5 0 6 0 3 0 4 0 1 0 3 0 2 0 0 0 5 0 8 0 5 0 3 1 0 0 6 0 8 0 4 0 7 0 8 0 6 0 8 0 8 0 5 0 7 0 1 0 7 0 4 0 3 0 5 1 0 0 6 0 0 0 3 0 7 1 0 0 2 0 5 0 6 0 0 0 7 0 5 0 3 0 5 0 2 0 7 0 6
1 383 1 0 3 0 6 0 0 0 2 0 2 0 3 0 4 1 0 0 1 0 8 0 0 0 5 0 3 0 0 0 6 1 0 0 2 0 2 0 6 0 3 0 5 0 3 1 0 0 5 0 3 0 7 0 2 0 0 0 2 0 4 0 4 0 8 0 1 1 0 0 3 1 0 0 1 0 2 0 2 0 7 0 5 0 2 0 8 0 4 0 6 0 6 0 0 0 0 0 6 0 3 0 4 0 6 0 2 0 3 0 6 0 1 0 4 0 2 0 2 1 0 1 0 0 6 0 1 0 0 1 0 0 7 0 4 0 2 0 4 0 0 0 2 0 1 0 5 0 2 0 4 0 4 0 1 0 1 0 4 0 7 0 7 0 4 0 4 0 0 0 1 0 0 0 0 0 6 0 6 1 0 0 2 0 7 0 4 0 7 0 5 0 3 0 7 0 3 0 4 0 3 0 2 0 8 0 2 0 1 0 0 0 8 0 6 0 1 0 4 0 6 0 7 0 1 0 8 0 7 0 7 0 6 0 8 0 4 0 4 1 0 0 2 0 8 0 3 0 0 1 0 0 0 0 4 0 2 1 0 1 0 0 3 0 2 0 5 0 0 0 2 0 0 0 7 0 2 0 6 0 2 0 1 0 2 0 6 0 2 0 8 0 2 0 1 0 3 0 7 0 8 0 2 0 6 0 4 0 1 0 1 0 8 0 1 1 0 0 0 0 3 0 8 0 0 0 6 0 8 0 4 0 8 0 8 0 2 0 5 0 4 0 4 1 0 0 8 0 2 0 0 0 2 0 1 0 7 0 5 1 0 0 5 0 1 0 3 0 2 0 5 0 1 0 8 0 0 0 6 0 5 0 4
0 383 2 0 7 0 2 0 1 0 4 0 4 0 6 1 0 1 0 0 3 0 6 0 2 0 0 0 7 0 1 0 3 1 0 0 4 0 5 0 2 0 8 0 0 1 0 0 0 0 0 0 8 0 4 0 5 0 0 0 4 1 0 0 0 0 7 0 4 0 8 0 6 0 8 0 1 0 4 0 5 0 5 0 1 0 6 0 7 0 0 0 4 0 3 0 1 0 1 0 2 0 7 1 0 0 3 0 5 0 7 0 2 0 3 0 8 0 4 0 5 1 0 1 0 0 2 0 3 0 1 1 0 0 4 1 0 0 5 0 8 0 0 0 4 0 3 0 0 0 5 0 8 0 8 0 2 0 2 1 0 0 6 0 5 1 0 1 0 0 1 0 2 0 0 0 1 0 3 0 4 1 0 0 5 0 5 0 0 0 6 0 1 0 8 0 4 0 7 0 8 0 6 0 5 0 6 0 5 0 2 0 1 0 7 0 3 0 3 1 0 0 4 0 5 0 4 0 7 0 6 0 6 0 4 0 8 0 0 0 0 1 0 0 5 0 6 0 7 0 1 0 7 1 0 0 8 0 5 1 0 0 8 0 5 0 5 0 0 0 1 0 4 0 1 0 4 0 6 0 2 0 5 0 2 0 5 0 2 0 6 0 6 0 5 0 2 0 7 0 5 0 7 0 6 0 2 1 0 0 3 0 3 0 6 0 4 0 7 1 0 0 7 0 6 0 2 0 3 0 8 0 0 0 8 0 7 0 6 0 1 0 0 0 1 0 0 0 6 0 5 0 0 0 4 0 3 0 5 0 3 0 0 0 0 0 3 0 6 0 5 0 0 0 4 0 6 0 2 0 3 0 2 0 0
0 383 5 0 4 0 5 0 2 1 0 0 0 0 5 0 0 0 8 0 6 0 2 0 5 0 1 0 4 0 3 0 7 0 8 0 8 0 0 0 6 0 6 0 2 0 7 1 0 0 1 0 7 0 0 0 1 0 1 1 0 1 0 0 1 0 5 0 0 0 8 0 4 0 7 0 3 1 0 0 2 0 1 0 4 0 3 0 5 0 1 0 8 0 6 0 2 0 2 0 5 0 5 1 0 0 7 0 1 0 5 0 5 0 7 0 7 0 0 0 3 0 0 0 8 0 3 0 6 0 3 1 0 0 0 0 0 0 1 0 7 0 1 0 8 0 6 0 1 0 1 0 8 0 7 0 5 0 5 1 0 0 3 0 3 0 0 0 8 0 1 0 4 0 0 0 2 0 7 0 0 0 0 0 1 0 1 0 2 0 2 0 4 0 7 0 0 0 6 0 8 0 4 0 2 0 4 0 1 0 5 0 3 0 4 0 7 0 7 0 8 0 8 0 1 0 0 0 6 0 4 0 4 0 0 0 7 0 1 0 1 1 0 0 1 0 4 0 5 0 4 0 6 0 0 0 7 0 3 0 0 0 7 0 2 0 1 0 1 0 2 0 8 0 2 1 0 0 3 0 6 0 0 0 6 0 0 0 6 0 3 0 4 0 1 0 6 0 5 0 2 0 6 0 3 0 6 0 8 0 5 0 7 0 3 0 0 0 7 0 0 0 5 0 3 0 5 0 7 0 6 0 2 0 7 0 6 0 3 0 3 0 0 0 2 0 1 0 3 0 1 0 1 0 8 0 7 0 0 0 7 0 0 0 0 0 7 0 3 0 1 0 1 1 0 0 3 0 5 0 6 0 4 0 0
0 385 1 0 1 0 0 0 1 0 6 0 8 0 0 0 0 0 2 0 7 0 3 0 6 0 0 0 3 0 8 0 7 0 5 0 8 0 7 0 2 0 3 0 3 0 6 0 5 1 0 0 3 0 4 0 1 0 2 0 3 1 0 0 8 0 2 0 0 0 2 0 7 0 0 0 5 0 8 0 8 0 3 0 2 0 8 0 7 0 0 0 4 0 7 0 3 0 5 0 5 0 1 0 3 0 0 0 4 0 4 0 1 0 2 0 6 0 5 0 1 0 6 0 1 0 6 0 8 0 2 0 8 0 7 1 0 0 0 0 3 0 4 0 4 0 7 0 3 0 3 0 3 0 7 0 6 0 2 0 2 1 0 0 6 0 6 0 1 0 6 0 3 0 8 0 0 0 5 0 4 0 1 0 0 0 2 0 2 0 4 0 4 1 0 0 5 0 2 0 3 0 7 1 0 0 5 0 8 0 3 0 0 0 7 1 0 0 6 0 6 0 8 0 7 0 3 0 1 0 2 1 0 1 0 0 2 0 4 0 3 0 3 0 8 0 1 1 0 0 2 0 0 0 3 0 2 0 4 0 7 0 1 0 4 0 5 0 2 0 2 0 5 0 6 0 6 0 8 0 6 0 2 0 2 0 2 0 2 0 2 0 7 0 8 0 3 0 3 0 1 0 6 0 2 0 8 0 3 0 8 0 2 0 5 0 7 0 1 0 4 0 2 0 0 0 8 0 1 0 6 0 3 0 6 0 5 0 3 0 7 0 6 0 0 0 4 0 2 0 6 0 2 0 3 0 7 0 5 0 2 0 4 0 1 0 1 0 4 0 7 0 2 0 3 0 8 0 6 0 1 0 3 1 0 0 1
0 385 2 0 2 0 0 0 3 0 3 0 7 0 1 0 0 0 5 0 4 0 8 0 2 0 1 0 7 0 7 0 6 0 2 0 8 0 5 0 5 0 6 0 7 0 3 0 2 1 0 0 6 0 8 0 2 0 4 0 7 1 0 0 6 0 5 0 0 0 5 0 4 0 2 0 1 0 8 0 7 0 7 0 5 0 7 0 5 0 1 1 0 0 5 0 8 0 1 0 1 0 3 0 6 0 0 0 8 0 8 0 2 0 5 0 3 0 1 0 4 0 2 0 4 0 3 0 7 0 6 0 7 0 6 1 0 0 0 0 6 1 0 0 0 0 5 0 7 0 6 0 7 0 5 0 3 0 5 0 5 1 0 0 3 0 3 0 4 0 2 0 8 0 6 0 2 0 0 1 0 0 3 0 0 0 4 0 4 1 0 0 1 0 0 0 0 0 5 0 7 0 6 0 0 0 1 0 7 0 7 0 1 0 6 0 0 0 3 0 4 0 8 0 5 0 7 0 2 0 5 1 0 0 8 0 3 0 8 0 6 0 7 0 6 0 4 0 8 0 3 0 0 0 6 0 4 1 0 0 5 0 3 1 0 0 1 0 5 0 5 0 1 0 4 0 4 0 8 0 3 0 5 0 4 0 4 0 4 0 5 0 5 0 7 0 7 0 6 0 3 0 2 0 6 0 6 0 8 0 6 0 6 0 1 0 5 0 3 0 8 0 4 0 1 0 6 0 4 0 2 0 8 0 3 0 1 0 8 0 5 0 3 0 1 0 8 0 5 0 2 0 5 0 7 0 5 0 1 0 5 0 8 0 2 0 2 1 0 0 5 0 5 0 7 0 7 0 3 0 3 0 7 0 8 0 1
0 385 4 0 4 0 0 0 6 0 7 0 4 0 3 0 1 0 1 0 0 0 7 0 5 0 3 0 5 0 6 0 3 0 6 0 7 0 2 0 2 0 4 0 5 0 7 0 5 1 0 0 3 0 7 0 5 1 0 0 7 0 0 0 3 0 1 0 2 0 0 1 0 0 5 0 3 0 7 0 6 0 6 0 2 0 6 0 1 0 4 1 0 0 1 0 7 0 3 0 2 0 7 0 2 0 2 0 7 0 7 0 6 0 0 0 7 0 2 0 8 0 4 0 8 0 7 0 5 0 4 0 6 0 4 1 0 0 1 0 3 1 0 0 1 0 1 0 6 0 4 0 6 0 1 0 8 0 1 0 2 1 0 0 6 0 6 0 8 0 5 0 7 0 3 0 5 0 1 0 8 0 5 0 0 1 0 0 0 1 0 0 2 0 0 0 1 0 1 0 6 0 3 0 1 0 3 0 5 0 5 0 4 0 2 0 1 0 6 1 0 0 8 0 2 0 5 0 6 0 2 0 0 0 6 0 8 0 7 0 4 0 6 0 4 0 0 0 7 0 7 0 1 0 3 0 1 0 0 0 0 0 8 0 8 0 2 0 1 0 1 0 3 1 0 0 0 0 7 0 8 0 1 0 0 0 0 0 0 0 2 0 2 0 6 0 6 0 3 0 7 0 5 0 3 0 4 0 8 0 4 0 3 0 4 0 0 0 8 0 6 1 0 0 4 0 2 1 0 0 6 0 6 0 7 0 3 0 7 0 1 0 7 0 3 0 7 0 1 0 6 0 1 0 6 0 1 0 4 0 1 0 7 0 5 0 5 1 0 0 1 0 2 0 6 0 5 0 7 0 7 0 5 0 7 0 3
1 385 8 0 8 0 1 0 3 0 5 1 0 0 7 0 2 0 2 0 1 0 5 0 1 0 8 0 1 0 3 0 8 0 3 0 5 0 5 0 4 1 0 0 2 0 6 0 2 1 0 0 7 0 5 0 3 0 0 0 4 0 1 0 6 0 2 0 4 0 1 1 0 0 0 0 8 0 5 0 4 0 3 0 6 0 2 0 3 1 0 1 0 0 3 0 4 0 7 0 5 0 4 0 5 0 5 0 5 0 6 0 3 0 2 0 4 0 6 0 7 0 0 0 8 0 6 0 2 0 0 0 4 0 0 1 0 0 2 0 7 0 8 0 1 0 3 0 3 0 0 0 3 0 4 0 6 0 3 0 5 1 0 0 3 0 4 0 8 0 2 0 5 0 8 0 0 0 4 0 7 0 1 0 2 0 8 0 0 0 8 0 3 0 0 0 2 0 3 0 2 0 7 0 2 0 7 0 1 0 1 1 0 0 5 0 3 0 4 0 0 0 6 0 6 0 1 0 3 0 5 0 1 0 3 0 8 0 6 0 0 0 3 1 0 0 2 0 5 0 5 0 3 0 6 0 2 0 0 0 1 0 7 0 7 0 5 0 2 0 2 0 7 0 8 0 0 0 5 0 7 0 3 0 0 0 0 0 0 0 4 0 5 0 3 0 3 0 8 0 5 0 1 0 7 1 0 0 7 1 0 0 7 0 8 0 1 0 7 0 4 1 0 0 8 0 5 1 0 0 3 0 4 0 5 0 8 0 4 0 4 0 4 0 8 0 4 0 4 0 2 0 4 0 2 0 3 0 8 0 3 0 5 0 2 0 2 1 0 0 2 0 5 0 3 0 2 0 6 0 6 0 2 0 5 0 7
1 387 1 0 7 0 7 0 3 0 7 0 2 0 0 0 4 0 5 0 4 0 3 0 0 0 4 0 6 0 3 0 7 0 6 0 8 0 1 0 2 0 0 1 0 0 5 0 2 0 6 1 0 0 5 0 1 0 7 0 0 0 8 0 3 0 2 0 5 0 8 0 3 0 8 0 0 0 7 0 1 1 0 0 8 0 2 0 5 0 7 1 0 0 8 0 5 1 0 0 6 0 2 0 0 0 2 0 2 0 2 0 3 0 7 0 4 1 0 0 4 0 5 0 2 0 7 0 3 0 5 0 0 0 8 0 1 0 8 0 4 0 5 0 7 0 3 0 6 0 6 0 0 0 6 1 0 0 3 0 8 0 1 1 0 0 6 1 0 0 7 0 6 0 1 0 7 0 1 1 0 0 5 0 3 0 5 0 6 0 2 0 6 0 7 0 0 0 4 0 6 0 5 0 4 0 6 0 4 0 3 0 3 1 0 0 0 0 7 0 8 0 1 0 3 0 3 0 3 0 7 0 0 0 3 0 7 0 7 0 3 0 1 0 7 0 8 0 4 0 1 0 1 0 8 0 2 0 5 0 0 0 3 0 5 0 6 0 1 0 5 0 5 0 5 0 7 0 2 0 1 0 5 0 7 0 0 0 0 0 0 1 0 0 1 0 7 0 7 0 7 0 1 0 4 0 6 0 0 0 6 0 0 0 5 0 7 0 4 0 5 0 1 0 0 0 7 0 2 1 0 0 6 1 0 0 2 0 8 0 0 0 0 0 0 0 7 1 0 1 0 0 5 0 8 0 4 0 7 0 6 0 8 0 0 0 5 0 5 0 8 0 4 0 0 0 7 0 5 0 3 0 3 0 6 0 1 0 6
0 387 3 0 5 0 5 0 8 0 4 0 5 0 0 1 0 0 1 1 0 0 7 0 0 1 0 0 3 0 8 0 5 0 4 0 7 0 3 0 4 0 1 1 0 0 0 0 6 0 4 0 0 0 0 0 4 0 4 0 2 0 6 0 7 0 5 0 1 0 7 0 8 0 6 0 2 0 4 0 4 1 0 0 6 0 6 0 1 0 7 0 0 0 7 0 3 0 0 0 2 0 5 0 0 0 4 0 4 0 4 0 7 0 5 0 0 1 0 1 0 0 1 0 6 0 4 0 8 0 0 0 2 0 6 0 4 0 7 0 0 0 2 0 5 0 8 0 3 0 3 0 2 0 3 1 0 0 7 0 6 0 4 1 0 0 4 0 0 0 5 0 3 0 4 0 4 0 4 1 0 0 0 0 8 0 1 0 3 0 6 0 3 0 5 0 1 1 0 0 4 0 2 0 0 0 3 1 0 0 7 0 7 0 8 0 0 0 5 0 7 0 3 0 6 0 6 0 7 0 4 0 1 0 7 0 5 0 5 0 7 0 3 0 5 0 7 1 0 0 3 0 3 0 6 0 6 0 0 0 1 0 7 0 1 0 3 0 4 0 1 0 2 0 2 0 5 0 5 0 3 0 1 0 5 0 1 0 0 0 1 0 8 0 2 0 5 0 6 0 5 0 3 1 0 0 3 0 2 0 2 0 2 0 1 0 6 0 0 0 1 0 3 0 1 0 4 0 6 1 0 0 3 1 0 0 5 0 6 0 1 0 0 0 1 0 6 0 0 1 0 0 1 0 8 0 0 0 6 0 4 0 7 0 2 0 1 0 2 0 7 1 0 0 2 0 5 0 1 0 7 0 7 0 2 0 4 0 3
1 387 7 0 1 0 2 0 8 0 0 0 1 0 2 0 8 0 2 1 0 0 4 0 2 0 8 0 6 0 7 0 2 0 0 0 5 0 7 0 8 0 3 0 8 0 0 0 2 1 0 0 1 0 0 0 8 0 8 0 5 0 3 0 6 0 1 0 4 0 5 0 8 0 3 0 5 1 0 0 1 0 0 0 3 0 3 0 4 0 4 0 2 0 4 0 7 0 0 0 5 0 0 0 1 1 0 0 0 0 0 0 6 0 1 0 2 1 0 0 8 0 2 0 3 0 0 0 7 0 1 0 5 0 3 0 0 0 5 0 1 0 5 0 1 0 7 0 7 0 6 0 4 0 7 1 0 0 5 0 4 0 0 1 0 0 8 0 1 0 0 0 7 1 0 0 0 0 0 1 0 0 1 0 6 0 3 0 7 0 2 0 8 0 0 0 4 0 8 0 7 0 4 0 0 0 7 1 0 0 5 0 6 0 7 0 2 0 1 0 5 0 8 0 3 0 4 0 5 1 0 0 4 0 5 0 2 0 2 0 5 0 8 0 1 0 6 1 0 0 6 0 7 0 3 0 3 0 1 0 3 0 4 0 3 0 6 0 8 0 2 0 4 0 5 0 1 0 1 0 7 0 3 0 0 0 3 0 0 0 3 0 6 0 6 0 1 0 4 0 1 0 8 0 8 0 5 0 4 0 4 0 4 0 3 0 2 0 1 0 2 0 6 0 2 1 0 0 4 1 0 0 7 1 0 0 1 0 3 0 3 0 0 0 3 0 2 0 2 0 8 0 2 0 6 0 2 0 3 0 0 0 5 0 5 0 2 0 5 0 5 1 0 0 5 0 0 0 4 0 5 0 5 0 5 0 8 0 6
1 389 1 0 4 0 3 0 5 0 6 0 1 0 2 0 5 0 6 0 6 0 8 0 7 0 5 0 7 0 4 0 5 0 5 0 1 0 1 0 6 0 7 0 8 0 6 0 1 0 5 0 8 0 1 0 1 0 7 0 8 0 1 0 8 0 2 0 3 1 0 0 2 0 7 0 8 0 1 1 0 0 2 0 0 0 6 0 6 0 8 0 8 0 4 1 0 0 5 0 2 0 0 0 1 0 3 0 7 1 0 0 1 0 2 0 3 0 5 1 0 0 6 0 5 0 6 0 1 0 4 0 4 0 0 0 7 0 1 0 0 0 4 0 0 0 4 0 5 0 6 0 4 0 0 0 7 0 0 0 0 1 0 0 2 1 0 0 6 0 3 0 1 0 5 1 0 0 0 0 1 0 8 0 2 0 2 0 8 0 4 0 6 0 6 0 1 1 0 0 8 0 5 1 0 0 2 0 6 0 0 0 1 0 4 0 5 0 5 0 3 0 1 0 7 0 7 1 0 0 2 1 0 1 0 0 1 0 5 0 5 0 1 0 7 0 4 0 4 0 0 0 3 0 5 0 7 0 6 0 2 0 6 0 8 0 7 0 3 0 7 0 5 1 0 0 1 0 3 0 3 0 4 0 7 0 0 0 6 0 0 0 7 0 3 0 3 0 3 0 8 0 3 0 7 0 8 0 1 1 0 1 0 1 0 0 7 0 4 0 2 0 5 0 2 0 6 1 0 0 0 0 0 0 5 1 0 0 2 0 6 0 6 0 0 0 6 0 4 0 5 0 6 0 6 0 2 0 5 0 6 0 1 0 1 0 1 0 6 0 1 0 3 0 0 0 0 0 1 1 0 0 2 0 2 0 2 0 8 0 4
0 389 2 0 8 0 7 0 1 0 3 0 3 0 5 0 1 0 4 0 4 0 8 0 6 0 2 0 6 0 0 0 2 0 1 0 3 0 3 0 3 0 6 0 8 0 3 0 4 0 1 0 7 0 3 0 3 0 5 0 7 0 4 0 6 0 5 0 7 0 8 0 4 0 5 0 7 0 4 0 8 0 3 0 1 0 3 0 4 0 8 0 8 0 1 0 0 0 0 0 5 0 0 0 2 0 7 0 5 1 0 0 2 0 4 0 7 0 2 0 0 0 3 0 2 0 3 0 3 0 8 0 8 0 1 0 4 0 3 0 0 0 8 0 0 1 0 0 2 0 3 1 0 0 2 0 4 0 1 0 1 0 8 0 4 1 0 0 2 0 7 0 3 0 1 1 0 0 0 0 3 0 6 0 5 0 5 0 7 0 0 0 4 0 3 0 4 1 0 0 7 0 2 1 0 0 5 0 2 0 1 0 2 1 0 0 2 0 1 0 7 0 3 0 5 0 6 1 0 0 5 1 0 0 8 0 2 0 1 0 1 0 4 0 4 1 0 1 0 0 1 0 7 0 1 0 6 0 3 0 6 0 3 0 8 0 5 0 8 0 5 0 2 1 0 0 2 0 6 0 6 1 0 0 5 0 2 0 2 0 2 0 4 0 7 0 6 0 7 0 6 0 8 0 5 0 7 0 4 1 0 1 0 1 0 0 4 1 0 0 6 0 0 0 6 0 3 1 0 0 0 0 1 0 1 1 0 0 5 0 3 0 3 0 2 0 3 0 0 0 2 0 4 0 3 0 6 0 1 0 3 0 3 0 2 0 3 0 2 0 3 0 6 0 0 0 0 0 3 0 8 0 3 0 4 0 5 0 7 0 0
0 389 5 0 7 0 5 0 3 0 6 0 7 0 0 0 3 1 0 0 0 0 8 0 3 0 6 0 2 0 1 0 4 0 2 0 6 0 6 0 7 0 3 0 7 0 7 0 8 0 3 0 4 0 7 0 7 0 1 0 6 0 0 0 4 0 2 0 6 0 8 0 0 0 2 0 6 0 0 0 7 0 7 0 2 0 6 1 0 0 8 0 7 0 3 0 0 0 1 0 0 0 1 0 5 0 5 0 2 1 0 0 4 1 0 0 5 0 5 0 0 0 6 0 4 0 6 0 7 0 7 0 7 0 3 0 8 0 6 0 1 0 6 0 2 0 8 0 3 0 7 0 8 0 3 0 8 0 2 0 3 0 7 0 0 1 0 0 5 0 4 0 7 0 3 0 7 1 0 0 7 0 3 0 2 0 2 0 5 0 1 0 8 0 7 0 0 0 0 0 4 0 6 1 0 0 0 0 5 0 2 0 5 0 8 0 3 0 3 0 4 0 8 0 1 0 5 0 0 0 2 0 0 0 6 0 5 0 2 0 2 1 0 0 1 0 0 0 8 0 2 0 4 0 4 0 2 0 8 0 2 0 8 0 7 0 2 0 8 0 1 0 6 0 8 0 4 0 3 0 5 0 0 0 0 0 5 0 4 0 4 1 0 0 6 0 4 0 6 0 4 0 8 0 2 0 6 0 1 0 0 1 0 1 0 0 0 0 0 0 2 0 2 0 2 0 8 0 7 1 0 0 2 0 3 1 0 0 0 0 7 0 6 0 4 0 6 0 0 0 4 0 8 0 7 0 2 0 3 0 6 0 6 0 4 0 6 0 4 0 7 0 2 0 1 0 0 0 7 0 6 0 7 1 0 0 2 0 5 0 1
0 391 1 0 1 0 6 0 1 0 8 0 3 0 5 0 1 0 7 0 8 0 0 0 6 0 8 0 2 0 5 0 2 0 8 0 5 0 3 0 4 0 5 0 8 0 5 0 6 0 7 0 7 1 0 0 6 0 5 0 4 0 2 0 1 0 8 0 5 0 3 0 7 0 1 0 5 0 2 0 2 0 5 0 5 0 6 0 4 0 0 0 7 0 5 0 7 0 0 0 2 0 0 0 3 0 1 0 1 0 6 1 0 0 0 0 0 0 1 0 1 0 2 0 3 0 0 0 4 0 6 0 6 0 5 0 8 0 7 0 3 0 4 0 2 0 6 0 6 0 8 0 5 0 7 0 8 0 6 0 5 0 7 0 4 0 2 1 0 0 1 0 0 0 5 0 8 0 6 0 0 0 4 0 7 0 4 0 5 0 0 0 4 0 7 0 5 0 1 0 0 1 0 0 4 1 0 0 1 0 0 0 6 0 1 0 7 0 7 0 6 1 0 0 7 0 4 0 0 0 1 0 4 0 1 0 3 0 1 0 5 0 5 0 8 0 1 0 1 0 6 0 5 0 8 0 8 0 5 0 6 0 6 0 7 0 5 0 6 0 6 0 4 0 3 0 7 1 0 0 8 0 0 0 1 0 1 0 1 0 0 0 1 0 0 0 3 0 0 0 4 0 0 0 7 0 6 0 2 0 3 0 1 1 0 0 7 1 0 0 0 0 4 0 4 0 5 0 7 0 6 1 0 0 4 0 7 0 8 0 0 0 5 0 4 0 0 0 3 0 1 1 0 0 8 0 5 0 5 0 7 0 3 0 4 0 0 0 4 0 0 0 5 0 5 0 2 0 1 0 5 0 4 0 6 1 0 0 5 0 0 0 3
1 391 2 0 3 0 2 0 4 0 6 0 8 0 0 0 4 0 5 0 7 0 2 0 3 0 7 0 6 0 0 0 6 0 7 0 1 0 7 1 0 0 2 0 8 0 2 0 4 0 6 0 7 0 0 0 3 0 1 1 0 0 5 0 3 0 7 0 1 0 8 0 4 0 4 0 0 0 5 0 5 0 1 0 2 0 3 1 0 0 2 0 5 0 2 0 5 0 1 0 4 0 0 0 6 0 2 0 3 0 3 1 0 0 0 0 0 0 2 0 2 0 4 0 6 0 0 1 0 0 4 0 4 0 2 0 8 0 5 0 7 0 8 0 5 0 3 0 4 0 8 0 2 0 6 0 8 0 4 0 2 0 5 1 0 0 6 0 8 0 1 0 1 0 1 0 8 0 3 0 1 1 0 0 6 0 0 0 1 0 1 1 0 0 6 0 1 0 3 0 1 0 8 0 8 0 8 0 1 0 1 0 2 0 4 0 5 0 6 0 5 0 0 0 4 1 0 0 1 0 2 0 8 0 2 0 6 0 3 0 1 0 2 0 7 0 3 0 3 0 3 0 2 0 8 0 8 0 2 0 4 0 4 0 6 0 2 0 4 0 3 1 0 0 8 0 6 0 0 0 6 0 1 0 2 0 2 0 2 0 0 0 2 0 0 0 6 0 0 0 8 0 1 0 5 0 3 0 5 0 6 0 3 1 0 0 5 1 0 0 0 1 0 0 0 0 2 0 6 0 4 1 0 1 0 0 6 0 7 0 2 0 0 1 0 0 1 0 6 0 3 1 0 0 7 0 2 0 2 0 5 0 7 0 8 0 0 0 8 0 1 0 1 0 1 0 5 0 3 0 1 0 0 0 5 0 0 0 0 0 1 0 6
0 391 4 0 6 0 4 1 0 0 4 0 7 0 1 1 0 0 2 0 5 0 5 0 7 0 5 0 3 0 2 0 3 0 5 0 4 0 5 1 0 0 5 0 6 0 5 1 0 0 4 0 5 0 1 0 6 0 3 1 0 0 0 0 8 0 4 0 4 0 6 1 0 1 0 0 2 0 1 0 1 0 3 0 4 0 7 0 8 0 4 0 0 0 6 0 0 0 3 0 8 0 1 0 2 0 5 0 6 0 7 0 7 1 0 0 0 0 4 0 4 1 0 0 3 0 2 0 8 0 7 0 8 0 5 0 7 0 2 0 6 0 8 0 1 0 7 1 0 0 7 0 6 0 3 0 7 1 0 0 6 0 2 0 0 0 3 0 7 0 3 0 2 0 3 0 6 0 7 0 3 1 0 0 2 0 1 0 2 0 3 1 0 0 2 0 3 0 6 0 3 0 7 0 8 0 7 0 3 0 2 0 4 1 0 0 2 0 4 0 1 0 1 1 0 1 0 0 2 0 5 0 6 0 6 0 2 0 7 0 2 0 5 0 4 0 7 0 6 0 6 0 5 0 7 0 7 0 5 1 0 0 0 0 3 0 5 0 8 0 7 1 0 0 7 0 3 0 2 0 2 0 3 0 4 0 4 0 4 0 0 0 4 0 1 0 2 0 2 0 6 0 4 0 0 0 8 0 1 0 3 1 0 0 0 0 1 1 0 0 1 0 7 1 0 0 5 0 3 0 1 0 0 1 0 0 3 0 5 0 5 0 1 0 8 0 2 0 2 1 0 0 0 0 4 0 5 0 5 0 1 0 6 0 7 0 2 0 6 0 3 0 2 0 3 0 0 0 7 0 2 0 1 0 0 0 1 0 0 0 3 0 3
1 392 1 0 0 4 0 0 1 0 1 0 0 5 0 4 0 8 0 4 0 1 0 2 0 6 0 1 0 7 0 4 0 7 0 1 0 0 0 3 0 0 0 1 0 4 0 2 1 0 1 0 0 1 0 4 0 2 0 8 0 8 0 0 0 7 0 0 0 0 0 5 0 0 0 8 0 3 0 2 0 2 0 6 1 0 0 6 0 7 1 0 0 2 0 2 0 1 0 7 0 6 0 3 0 5 0 1 0 4 0 6 0 6 1 0 0 0 1 0 0 0 1 0 0 6 0 5 0 7 0 6 0 8 0 2 0 5 0 6 0 3 0 7 0 4 0 6 0 0 0 5 0 3 0 8 0 6 0 0 0 2 0 5 0 0 0 7 0 4 0 7 0 4 0 7 0 3 0 5 0 8 0 8 0 3 0 2 0 4 0 7 0 8 0 3 0 7 0 2 0 8 0 5 0 8 0 5 0 7 0 4 1 0 1 0 0 4 0 8 0 2 0 3 1 0 0 8 0 4 0 1 0 4 0 3 0 6 0 4 0 6 0 1 0 0 0 6 0 4 0 4 0 2 0 6 0 6 0 2 1 0 0 0 0 7 0 1 0 8 0 7 0 0 0 4 0 7 0 4 0 4 0 6 0 8 0 8 0 8 0 0 0 8 0 2 0 4 0 5 0 2 1 0 0 2 0 6 0 3 0 7 0 7 1 0 0 3 0 8 0 2 0 6 0 0 0 0 0 7 0 2 0 1 0 8 0 6 0 1 0 1 0 4 0 6 0 5 0 5 0 7 1 0 1 0 0 2 0 1 0 4 0 3 0 5 0 6 0 2 0 7 0 4 0 6 0 1 0 4 0 5 0 2 0 0 0 2 0 0 0 6 0 6
0 393 1 0 8 0 7 0 1 1 0 1 0 0 1 0 0 0 7 1 0 0 3 0 5 0 2 0 4 0 5 0 0 0 5 0 3 0 0 0 6 0 0 0 2 0 8 0 5 1 0 0 8 0 1 0 8 0 5 0 7 0 7 0 2 0 4 0 1 0 1 0 0 0 2 0 6 0 7 0 4 0 5 0 4 0 0 0 3 0 6 1 0 0 4 0 4 0 3 0 5 0 3 0 8 0 0 0 3 1 0 0 4 0 4 1 0 0 1 0 8 0 0 1 0 0 3 0 2 0 6 0 4 0 7 0 6 0 1 0 3 0 8 0 5 0 0 0 3 0 2 0 0 0 8 0 7 0 3 0 1 0 5 0 0 0 2 0 5 0 0 0 6 0 0 0 5 0 8 0 1 0 8 0 7 0 7 0 4 1 0 0 6 0 7 0 8 0 4 0 6 0 7 0 2 0 8 0 2 0 6 0 1 0 0 0 8 0 8 0 6 0 5 0 7 1 0 0 6 1 0 0 3 0 8 0 7 0 3 0 0 0 3 0 3 0 1 0 2 1 0 1 0 0 6 0 3 0 3 0 6 0 8 0 0 0 4 0 4 0 7 0 5 0 1 1 0 0 6 0 0 0 0 0 4 0 8 0 8 0 7 0 2 0 6 0 5 1 0 0 1 0 6 0 8 0 4 0 2 0 8 0 5 0 6 1 0 0 7 0 6 0 6 0 2 0 1 0 1 0 4 0 5 0 3 0 7 0 3 0 3 0 2 1 0 0 4 0 2 0 2 0 7 0 0 0 8 0 3 0 2 0 8 0 7 0 1 0 3 0 6 0 5 0 0 0 3 0 3 1 0 0 1 0 5 0 0 0 4 0 1 0 3 0 4
1 393 3 0 7 0 5 0 4 1 0 0 8 0 1 0 1 0 5 1 0 0 7 0 0 0 5 1 0 0 1 0 2 0 0 0 7 0 1 0 2 0 1 0 5 0 7 0 3 0 0 0 6 0 4 0 7 0 2 0 6 0 5 0 5 0 8 0 2 0 2 0 0 0 5 0 3 0 6 0 0 0 1 1 0 0 1 0 7 0 3 1 0 0 8 0 8 0 7 0 0 0 8 0 6 0 1 0 7 0 8 0 7 1 0 1 0 0 3 0 6 0 2 0 8 0 5 0 5 0 3 0 0 0 6 0 3 0 3 0 7 0 7 0 1 0 1 0 6 0 4 0 1 0 7 0 5 0 7 0 3 0 0 0 1 0 5 0 0 0 2 0 2 0 2 0 1 0 7 0 4 0 7 0 6 0 6 0 1 0 0 0 3 0 6 0 8 0 0 0 4 0 5 0 6 0 6 0 6 0 2 0 3 0 1 0 7 0 8 0 4 0 2 0 7 0 0 0 3 1 0 0 7 0 7 0 5 0 7 0 0 0 6 0 6 0 2 0 5 1 0 1 0 0 2 0 7 0 7 0 3 0 7 0 1 1 0 0 0 0 6 0 1 0 4 1 0 0 2 0 1 0 0 1 0 0 8 0 8 0 5 0 6 0 3 0 2 1 0 0 3 0 3 0 7 1 0 0 6 0 7 0 2 0 5 0 0 0 5 0 4 0 3 0 5 0 2 0 2 1 0 0 1 0 8 0 4 0 7 0 6 0 5 0 8 0 7 0 4 0 5 0 4 0 2 0 6 0 7 0 5 0 7 0 5 0 3 0 7 0 3 0 1 0 1 0 6 0 7 0 8 0 2 0 0 0 1 0 8 0 2 0 6 1 0
1 393 7 0 5 0 2 0 1 0 0 0 6 0 3 0 3 0 2 0 0 0 4 0 2 0 1 1 0 0 2 0 4 0 1 0 4 0 3 0 4 0 3 0 1 0 5 0 7 0 1 0 3 0 0 0 5 0 6 0 3 0 2 0 2 0 7 0 5 0 4 0 1 0 0 0 8 0 2 0 1 0 3 0 8 0 2 0 4 1 0 0 0 0 7 0 8 0 5 0 2 0 7 0 3 0 4 0 5 0 8 0 7 0 0 0 8 0 6 0 2 0 6 0 7 0 2 0 1 0 7 0 1 0 2 0 7 0 7 0 5 0 5 0 3 0 3 0 2 1 0 0 4 0 5 0 2 0 5 0 7 0 0 0 3 0 0 0 1 0 4 0 4 0 4 0 3 0 5 0 0 0 6 0 4 0 3 0 3 0 0 0 7 0 3 0 7 0 1 1 0 0 2 0 4 0 4 0 3 0 5 0 6 0 3 0 5 0 7 1 0 0 6 0 4 0 1 0 7 1 0 0 5 0 6 0 2 0 5 0 2 0 3 0 3 0 6 0 2 0 0 0 8 0 4 0 5 0 5 0 8 0 4 0 4 0 8 0 0 0 2 0 3 1 0 1 0 0 4 0 2 0 1 1 0 0 7 0 8 0 2 0 3 0 7 0 5 0 8 0 5 0 7 0 6 0 0 0 3 0 5 0 6 0 0 0 2 0 0 1 0 0 8 0 0 0 5 0 5 0 8 0 2 0 7 0 0 0 6 0 4 0 2 0 8 0 6 0 0 0 1 1 0 0 6 0 3 0 6 0 2 0 6 0 1 0 8 0 4 0 7 0 2 0 3 0 3 0 6 0 7 0 5 0 0 0 3 0 6 0 6 0 3 1 0
1 395 1 0 5 0 1 0 5 0 2 0 1 0 2 0 7 0 6 0 4 0 0 0 8 0 4 0 3 0 8 0 3 0 8 0 2 0 8 0 6 0 8 0 6 0 3 0 1 0 5 0 3 0 6 0 1 0 1 0 3 0 7 0 4 0 5 0 5 0 1 1 0 0 3 0 1 0 6 0 5 0 2 0 7 0 6 0 5 1 0 1 0 0 1 0 5 0 8 0 1 0 6 0 4 0 7 1 0 0 2 0 8 0 5 0 2 0 7 0 3 0 6 0 3 0 5 0 5 0 3 0 4 0 3 0 5 0 5 0 6 0 2 0 1 0 7 0 6 0 5 0 8 0 8 0 0 0 6 0 1 0 5 0 1 0 6 0 0 0 2 0 8 0 8 0 8 0 7 0 0 0 2 0 2 1 0 0 7 0 6 0 1 0 4 0 8 0 4 0 4 0 8 0 3 0 8 0 8 0 7 0 1 0 3 0 8 0 1 0 7 0 0 0 2 1 0 0 4 0 6 0 0 0 1 0 3 0 6 0 0 0 5 0 6 0 7 0 2 0 5 0 1 0 7 0 0 0 2 0 2 0 8 0 0 0 0 0 7 0 1 0 4 0 7 1 0 0 8 0 7 0 4 0 3 1 0 0 5 0 7 0 5 0 7 0 5 0 2 0 8 0 2 0 6 0 3 0 1 0 7 0 1 0 3 0 1 0 4 0 1 1 0 0 6 0 2 0 1 0 2 0 7 0 6 0 4 0 2 0 2 1 0 0 6 0 7 0 3 0 1 0 3 1 0 0 2 0 8 0 2 0 6 0 2 0 4 0 7 0 0 0 5 0 5 0 6 0 7 0 3 0 6 0 1 0 1 0 7 0 3 0 3 0 8 0 7
1 395 3 0 0 0 4 0 0 0 5 0 2 0 5 0 5 0 3 1 0 0 2 0 6 1 0 0 8 0 6 0 8 0 6 0 6 0 7 0 4 0 8 0 3 0 7 0 3 0 0 0 8 0 2 0 3 0 2 0 7 0 5 0 0 0 2 0 1 0 4 0 8 0 5 0 3 0 3 0 1 0 6 0 5 0 4 0 3 0 0 0 8 0 2 0 1 0 7 0 4 0 3 0 0 0 6 1 0 0 5 0 7 0 1 0 6 0 4 0 8 0 2 0 8 0 1 0 1 0 7 0 8 0 7 0 1 0 2 0 3 0 5 0 3 0 5 0 4 0 2 0 8 0 7 0 2 0 2 0 4 0 0 0 4 0 2 0 1 0 5 0 7 0 8 0 8 0 5 0 1 0 4 0 5 1 0 0 5 0 3 0 3 1 0 0 8 0 0 0 0 0 7 0 8 0 7 0 8 0 5 0 3 0 7 0 6 0 4 0 4 0 1 0 5 0 8 0 8 0 2 0 1 0 2 0 7 0 2 0 2 0 1 0 4 0 5 0 6 0 0 0 4 0 4 0 1 0 4 0 5 0 6 0 1 0 1 0 4 0 3 1 0 0 7 0 0 0 7 0 5 1 0 1 0 0 0 0 1 0 6 0 2 0 6 0 1 0 6 0 6 0 6 0 2 0 7 0 3 0 4 0 3 0 6 0 2 0 8 0 3 1 0 0 2 0 5 0 2 0 5 0 5 0 3 1 0 0 5 0 5 1 0 0 3 0 5 0 7 0 2 0 7 0 8 0 4 0 6 0 6 0 2 0 5 1 0 0 5 0 2 0 1 0 2 0 4 0 5 0 8 0 2 0 3 0 3 0 4 0 7 0 7 0 7 0 6
1 395 6 0 0 0 8 0 1 0 0 0 6 0 1 0 1 0 8 0 8 0 4 0 4 0 0 0 7 0 4 0 8 0 4 0 4 0 6 0 0 0 7 0 8 0 4 0 7 0 1 0 6 0 5 0 6 0 5 0 5 0 1 0 1 0 4 0 2 1 0 0 8 0 1 0 7 0 6 0 3 0 3 0 1 1 0 0 7 0 1 0 6 0 5 0 3 0 4 1 0 0 7 0 1 0 4 0 0 0 1 0 5 0 4 0 3 0 0 0 7 0 6 0 6 0 3 0 3 0 5 0 8 0 5 0 3 0 4 0 7 0 0 0 8 0 0 1 0 0 6 0 7 0 5 0 5 0 4 0 8 0 0 0 8 0 4 0 3 0 1 0 6 0 8 0 8 0 1 0 3 1 0 0 3 0 0 0 0 0 7 0 7 1 0 0 6 0 1 0 1 0 5 0 8 0 6 0 8 0 1 0 8 0 5 0 3 1 0 1 0 0 4 0 1 0 8 0 7 0 5 0 2 0 5 0 4 0 5 0 4 0 2 1 0 0 2 0 3 0 1 0 8 0 8 0 2 1 0 0 2 0 3 0 3 0 2 0 8 0 7 1 0 0 4 0 2 0 5 0 3 0 0 0 7 1 0 0 3 0 2 0 6 0 2 0 4 0 3 0 4 0 3 0 6 0 4 0 7 0 8 0 7 0 2 0 6 0 6 0 8 0 8 0 4 0 0 0 6 0 1 0 1 1 0 0 0 0 1 0 2 1 0 0 7 0 1 0 5 0 6 0 5 0 8 0 0 0 4 0 3 0 6 0 2 0 0 0 0 0 5 0 2 0 4 1 0 0 2 0 7 0 5 0 6 0 6 1 0 0 6 0 6 0 6 0 4
0 397 1 0 2 0 2 0 6 0 3 0 1 0 2 0 3 0 3 0 7 0 7 1 0 1 0 0 2 0 5 0 0 0 8 0 0 0 0 0 3 0 2 0 5 0 8 0 0 0 5 0 4 0 3 0 2 0 4 0 2 0 1 0 3 0 2 0 8 0 5 1 0 0 6 0 4 0 5 0 3 0 7 0 6 0 3 1 0 0 4 0 4 0 3 0 1 0 8 0 0 0 0 0 4 0 3 0 8 0 0 0 3 0 0 1 0 0 7 0 1 0 5 0 4 0 3 0 7 0 7 0 1 0 8 0 1 0 7 1 0 0 5 0 2 0 6 0 2 1 0 0 3 0 6 0 2 0 2 0 0 0 7 0 2 0 6 1 0 0 7 0 3 0 3 0 8 0 7 0 3 0 7 0 8 0 5 0 0 0 1 0 5 0 7 0 0 0 2 0 3 0 3 0 1 0 8 0 4 0 7 0 4 0 7 0 1 1 0 0 0 0 8 0 7 0 3 0 7 0 6 0 1 0 6 0 1 0 0 0 1 1 0 0 6 0 8 0 3 0 6 0 3 0 7 0 7 0 6 0 8 0 3 0 6 0 6 0 5 0 7 0 6 1 0 0 8 0 5 0 0 0 7 0 1 0 5 1 0 0 6 0 5 0 2 0 5 0 8 0 6 0 8 0 7 0 3 0 0 0 6 0 8 0 5 0 6 0 3 0 4 0 8 0 7 1 0 0 2 0 2 0 3 0 3 0 7 1 0 0 2 0 5 1 0 0 4 0 4 0 1 0 4 0 2 0 7 0 1 0 8 0 7 0 2 0 5 0 0 0 1 0 0 0 5 1 0 1 0 0 5 0 5 0 2 0 4 0 5 0 0 0 3 0 4 0 4 0 0
0 397 2 0 4 0 5 0 2 0 7 0 2 0 4 0 6 0 7 0 5 0 7 0 0 0 8 0 4 0 0 0 2 0 6 0 1 0 0 0 6 0 5 0 1 0 7 0 2 0 0 1 0 0 7 0 4 0 8 0 4 0 2 0 6 0 5 0 7 0 3 0 0 0 3 0 0 0 1 0 8 0 5 0 3 0 8 0 8 0 7 0 8 0 6 0 3 0 6 0 1 0 0 0 8 0 7 0 6 0 1 0 6 0 1 1 0 0 4 0 4 0 0 1 0 0 8 0 5 0 5 0 4 0 6 0 4 0 6 0 0 0 0 0 6 0 2 0 6 0 8 0 6 0 2 0 5 0 4 0 1 0 4 0 6 0 4 0 0 0 4 0 7 0 7 0 7 0 5 0 8 0 5 0 8 0 1 0 1 0 3 0 1 0 5 0 1 0 4 0 6 0 6 0 3 0 7 0 0 0 6 0 0 0 5 0 4 0 8 0 0 0 7 0 5 0 8 0 5 0 3 0 4 0 2 0 3 0 0 0 3 1 0 0 3 0 7 0 8 0 2 0 8 0 5 0 6 0 4 0 7 0 8 0 3 0 4 0 2 0 6 0 5 0 0 0 7 0 1 0 2 0 4 0 4 0 2 0 0 0 3 0 1 0 6 0 1 0 8 0 4 0 8 0 5 0 7 0 1 0 3 0 8 0 2 0 3 0 7 1 0 0 8 0 6 1 0 0 4 0 4 0 6 0 7 0 5 1 0 0 5 0 1 1 0 0 8 0 8 0 2 0 8 0 5 0 4 0 4 0 7 0 5 0 6 0 0 0 1 0 2 0 1 0 2 0 0 1 0 0 1 0 1 0 5 1 0 0 1 0 1 0 6 0 8 0 8 0 0
0 397 4 1 0 0 1 0 6 0 4 0 5 1 0 0 4 0 6 0 2 0 5 0 2 0 6 1 0 0 1 0 5 0 2 0 3 0 1 0 3 0 1 0 4 0 4 0 5 0 1 1 0 0 5 0 0 0 7 1 0 0 6 0 3 0 2 0 5 0 7 0 0 0 6 0 0 0 3 0 7 0 1 0 8 0 7 0 8 0 6 0 8 0 3 0 8 0 2 0 3 0 1 0 7 0 6 0 3 0 4 0 2 0 4 0 8 0 7 0 8 0 1 1 0 0 7 0 2 0 2 0 0 0 4 0 0 0 3 0 1 0 1 0 2 0 6 0 3 0 8 0 3 0 6 0 0 1 0 0 3 1 0 0 3 1 0 0 1 1 0 0 6 0 6 0 6 0 2 0 8 0 2 0 7 0 3 0 2 0 6 0 3 0 0 0 3 1 0 0 4 0 3 0 8 0 4 0 2 0 2 0 2 0 1 0 0 0 7 0 2 0 5 0 2 0 8 0 1 0 7 0 8 0 4 0 6 0 0 0 7 0 8 0 6 0 5 0 7 0 6 0 7 0 2 0 4 0 0 0 6 0 7 0 7 0 8 0 5 0 3 0 1 0 2 0 4 0 3 0 4 0 8 0 8 0 4 0 0 0 6 0 3 0 2 0 4 0 7 0 0 0 8 0 2 0 5 0 3 0 7 0 6 0 5 0 7 0 6 0 0 0 7 0 4 1 0 1 0 0 0 0 4 0 6 0 3 0 0 0 0 0 4 1 0 0 7 0 7 0 6 0 7 0 2 0 0 0 0 0 6 0 2 0 3 0 1 0 2 0 4 0 2 0 4 0 1 0 8 0 1 0 3 0 1 1 0 0 2 0 3 0 3 0 8 0 7 0 1
0 398 1 0 1 0 0 3 0 3 0 0 0 2 1 0 1 0 0 3 0 6 0 0 0 6 0 3 1 0 0 3 0 0 0 5 0 6 0 2 0 6 0 2 1 0 0 0 0 1 0 4 1 0 0 0 0 2 0 6 0 0 0 2 0 7 0 5 0 1 0 5 0 2 0 2 0 1 0 7 0 4 0 4 0 7 0 6 0 8 0 4 0 7 0 8 0 6 0 5 0 6 0 3 0 5 0 3 0 7 0 8 0 4 1 0 0 8 0 6 0 7 0 4 1 0 0 4 0 5 0 4 0 0 0 8 0 0 0 6 0 2 0 2 0 5 0 2 0 8 0 6 0 8 0 2 0 2 0 8 0 6 0 8 0 6 0 8 0 2 1 0 0 3 0 4 0 3 0 6 0 6 0 6 0 4 0 7 0 5 0 2 0 7 0 0 0 7 0 8 0 7 0 7 0 6 1 0 0 5 0 4 0 4 0 2 0 1 0 4 0 6 0 0 0 6 0 6 0 4 0 5 0 8 0 0 0 3 0 2 0 5 0 8 0 4 0 2 0 6 0 4 0 5 0 5 0 8 0 1 0 3 0 6 0 6 0 8 0 1 0 7 0 2 0 4 0 8 0 6 1 0 0 8 0 7 1 0 0 2 0 2 0 7 0 4 1 0 0 5 0 2 0 6 0 6 0 0 0 8 0 5 0 4 0 2 0 6 0 3 0 2 0 5 0 1 0 0 0 7 1 0 1 0 0 3 0 7 0 0 0 1 0 0 0 0 0 5 0 6 0 4 0 5 0 5 0 0 0 1 0 2 0 5 0 6 0 2 0 4 0 8 0 4 0 8 0 3 0 6 0 3 0 6 0 3 0 8 0 3 0 6 0 7 0 7 0 5 0 3
1 399 1 1 0 0 8 0 5 0 6 0 0 0 5 1 0 0 8 0 6 0 2 0 2 0 2 0 8 0 8 0 5 0 1 0 1 0 3 0 6 0 2 0 6 0 7 1 0 0 2 1 0 1 0 0 0 0 5 0 2 0 1 0 5 0 5 0 1 0 4 0 0 0 5 0 4 0 3 0 5 0 0 0 0 0 6 0 4 0 8 0 0 0 6 0 8 0 4 0 2 0 3 0 8 0 0 0 8 0 5 0 8 0 1 0 0 0 7 0 4 0 6 0 0 1 0 1 0 0 1 1 0 0 2 0 6 0 2 0 2 0 5 0 5 0 0 0 6 0 7 0 4 0 7 0 5 0 5 0 7 0 4 0 8 0 4 0 7 0 6 0 8 0 5 0 8 0 7 0 3 0 4 0 4 0 0 0 6 0 1 0 6 0 4 0 2 0 5 0 8 0 6 0 6 0 5 0 0 0 0 1 0 1 0 0 5 0 2 1 0 0 3 0 2 0 3 0 4 0 0 0 2 0 7 0 1 0 6 0 5 0 1 0 7 1 0 0 6 0 3 0 0 0 2 0 2 0 7 0 3 0 7 0 3 0 4 0 7 0 4 0 4 0 5 1 0 0 8 0 5 0 0 0 7 0 6 1 0 0 4 0 5 0 5 0 1 0 0 0 0 0 6 0 3 0 3 0 2 0 7 0 1 1 0 0 6 0 2 0 7 0 5 0 0 0 3 0 1 0 6 0 0 0 8 0 6 0 4 0 1 0 2 0 0 0 1 0 1 0 4 0 0 0 2 0 1 0 1 0 2 0 5 0 1 0 3 0 5 1 0 0 8 0 0 0 7 0 8 0 2 0 8 0 2 0 8 0 6 0 8 0 3 0 6 0 6 0 1 0 7
1 399 3 1 0 0 7 0 2 0 3 0 2 0 2 0 0 0 7 0 3 0 5 0 4 0 5 0 7 0 8 0 1 0 3 0 2 0 7 0 2 0 6 0 3 0 6 1 0 0 5 1 0 0 8 0 0 0 0 0 5 0 3 0 1 0 1 0 3 0 8 0 1 0 0 1 0 0 8 0 0 0 1 0 1 0 3 0 0 0 7 0 2 0 3 0 7 1 0 0 5 0 7 0 6 0 2 0 7 0 2 0 7 0 3 0 1 0 5 0 0 0 3 0 2 1 0 0 8 0 2 0 8 0 4 0 2 0 5 0 5 0 1 0 1 0 2 0 3 0 6 0 0 0 6 0 2 0 2 0 6 0 0 0 8 0 0 0 6 0 4 0 8 0 2 0 8 0 5 0 7 0 8 0 8 0 1 0 2 0 4 0 2 1 0 0 6 0 1 0 8 0 4 0 4 0 1 0 1 0 1 1 0 1 0 0 0 0 6 0 8 0 5 0 4 0 6 0 8 0 0 0 5 0 4 0 4 0 3 0 1 0 4 0 6 0 0 0 2 0 7 0 0 0 4 0 5 0 4 0 8 0 4 0 7 1 0 0 6 0 0 0 0 0 3 0 0 0 7 0 1 0 2 0 5 0 4 1 0 1 0 0 2 0 1 0 3 0 0 0 1 0 2 0 7 0 6 0 5 0 4 0 4 1 0 0 2 0 6 0 5 0 1 0 1 0 6 0 3 0 2 0 2 0 7 0 3 1 0 0 3 0 4 0 0 0 2 0 2 0 8 0 0 0 4 0 2 0 2 0 5 0 0 0 3 0 7 0 2 0 0 0 6 0 2 0 5 0 7 0 6 0 6 0 6 0 7 0 4 0 7 0 8 0 3 0 3 0 4 0 5
0 399 7 1 0 0 4 0 5 0 6 0 4 0 4 0 1 0 4 0 8 0 1 0 0 0 2 0 6 0 7 0 3 0 6 0 5 0 4 0 6 0 2 0 8 0 4 0 0 0 2 0 0 0 6 0 1 0 1 0 0 0 7 0 2 0 2 0 7 0 6 0 3 0 1 1 0 0 6 0 1 0 2 0 2 0 6 0 1 0 4 0 5 0 7 0 6 0 0 0 1 0 6 0 3 0 6 0 4 0 6 0 4 0 7 0 3 0 0 0 1 0 6 0 5 1 0 0 6 0 6 0 6 1 0 0 6 0 1 0 1 0 3 0 2 0 4 0 7 0 2 0 2 0 2 0 5 0 5 0 2 0 2 0 6 0 2 0 3 0 0 0 7 0 6 0 7 0 2 0 6 0 8 0 7 0 3 0 4 0 8 0 5 1 0 0 2 0 4 0 6 1 0 1 0 0 3 0 2 0 3 1 0 0 8 0 0 0 3 0 8 0 2 0 0 0 4 0 7 0 2 0 0 1 0 1 0 0 7 0 2 1 0 0 3 0 1 0 5 0 4 0 1 1 0 0 2 0 0 0 8 0 0 0 7 0 0 0 2 0 1 0 0 0 6 0 1 0 4 0 3 0 5 0 1 0 1 0 0 0 8 0 3 0 2 0 6 0 0 0 2 0 5 0 5 0 4 0 2 0 0 0 0 1 0 0 5 0 3 0 1 0 3 0 3 0 2 0 7 0 4 0 5 0 4 0 8 0 8 0 5 0 8 0 0 0 4 0 5 0 6 0 1 0 8 0 4 0 5 0 0 0 1 0 7 0 4 0 5 0 1 0 2 0 6 0 1 0 6 0 4 0 4 0 4 0 6 0 0 0 6 0 7 0 7 0 6 1 0 0 2
0 401 1 0 5 1 0 1 0 0 2 0 3 1 0 1 0 0 3 1 0 0 7 0 3 0 0 0 5 0 3 0 5 0 8 0 3 0 2 0 0 0 3 0 6 0 6 1 0 0 1 0 4 0 1 0 2 0 3 0 2 0 1 0 4 0 5 0 5 0 5 0 3 0 7 0 3 1 0 0 2 0 3 0 4 0 5 0 2 0 3 1 0 0 2 0 6 0 3 0 1 0 3 0 2 0 8 0 3 0 0 0 4 0 0 0 5 0 7 0 0 0 3 0 3 0 3 0 0 0 3 0 4 0 5 0 0 0 2 0 3 0 2 0 6 0 4 1 0 0 5 0 5 0 4 0 5 0 1 0 1 0 5 0 5 0 2 0 5 0 6 0 1 0 5 0 4 0 5 0 6 0 3 0 8 0 5 0 7 1 0 0 8 0 2 1 0 0 4 1 0 0 5 0 0 0 8 0 5 0 4 0 7 1 0 0 6 0 1 0 7 0 6 0 5 0 0 1 0 0 5 0 5 0 1 1 0 1 0 0 4 0 6 0 8 0 5 0 3 0 0 1 0 0 4 0 8 0 3 0 1 0 6 0 2 0 4 0 1 0 4 0 2 0 1 0 2 0 3 0 8 0 7 0 0 0 3 0 2 0 1 0 6 0 7 0 5 0 2 0 1 0 5 0 1 0 1 1 0 0 5 0 0 0 1 1 0 0 0 0 7 0 2 0 6 0 6 0 5 0 5 0 0 0 2 0 0 0 8 0 8 0 2 0 7 0 1 1 0 0 2 0 3 0 4 0 7 0 0 0 1 0 1 0 3 0 5 0 0 0 1 0 3 0 5 0 2 0 4 0 3 0 0 0 0 0 0 0 3 0 2 0 3 0 6 0 6 0 4 1 0 0 4
1 401 3 0 2 0 0 0 8 0 3 0 7 1 0 0 8 0 6 1 0 0 4 0 7 0 1 0 0 0 8 0 1 0 7 0 7 0 4 0 0 0 7 0 3 0 4 1 0 0 2 0 8 0 2 0 4 0 6 0 4 0 2 1 0 0 2 0 2 0 1 0 8 0 4 0 8 0 8 0 3 0 6 1 0 0 1 0 5 0 7 0 8 0 4 0 2 0 7 0 2 0 6 0 5 0 6 0 7 0 0 0 8 0 1 0 1 0 5 0 1 0 6 0 6 0 6 0 0 0 6 1 0 0 1 0 1 0 4 0 6 0 5 0 3 0 1 0 0 0 1 0 2 0 0 0 1 0 3 0 3 0 1 0 1 0 6 0 1 0 3 0 4 0 1 0 0 0 2 0 3 0 8 0 7 0 2 0 7 0 0 0 6 0 6 1 0 0 0 0 0 0 0 0 2 0 7 0 2 0 0 0 7 0 0 0 2 0 4 0 5 0 4 0 1 0 2 1 0 0 1 0 1 0 4 1 0 0 8 0 8 0 3 0 8 0 1 0 7 0 1 0 8 0 8 0 6 0 7 0 3 0 2 0 5 0 8 0 2 0 8 0 4 0 2 0 4 0 7 0 7 0 5 0 1 0 6 0 4 0 3 0 3 0 6 0 1 0 5 0 3 0 0 0 3 0 3 1 0 0 0 0 1 0 3 0 8 0 0 0 4 0 6 0 3 0 4 0 2 0 1 0 1 0 4 0 1 0 7 0 7 0 6 0 4 0 4 0 8 0 3 0 6 1 0 0 5 0 1 0 2 0 2 0 7 0 0 0 1 0 2 0 7 0 0 0 5 0 8 0 6 0 0 0 0 0 0 0 6 0 4 0 7 0 3 0 4 0 0 1 0 1 0
1 401 6 0 4 0 1 0 6 0 8 0 6 0 0 0 7 0 4 1 0 1 0 0 5 0 3 0 1 0 6 0 4 0 5 0 5 1 0 0 2 0 4 0 7 1 0 1 0 0 5 0 6 0 5 1 0 0 3 1 0 0 6 0 8 0 3 0 4 0 3 0 7 0 0 0 8 0 7 0 8 0 3 1 0 0 3 0 1 0 6 0 7 1 0 0 6 0 4 0 6 0 3 0 2 0 4 0 5 0 2 0 6 0 3 0 3 0 0 0 4 0 3 0 4 0 3 0 2 0 3 1 0 0 2 0 2 1 0 0 4 0 1 0 7 0 2 0 0 0 2 0 4 0 0 0 2 0 6 0 6 0 2 0 3 0 2 0 3 0 6 0 8 0 2 0 0 0 4 0 7 0 7 0 5 0 6 0 4 0 2 0 3 0 4 1 0 0 0 0 0 0 0 0 5 0 4 0 5 0 1 0 4 0 1 0 4 1 0 0 1 1 0 0 3 0 5 0 8 0 1 0 3 0 0 0 0 0 7 0 7 0 8 0 6 0 4 0 4 0 4 0 7 0 8 0 4 0 5 0 7 0 5 0 1 0 7 0 6 0 6 1 0 0 5 1 0 0 6 0 6 0 1 0 4 0 2 1 0 0 7 0 7 0 2 0 4 0 0 0 7 0 0 0 6 0 7 0 7 1 0 0 2 0 7 0 6 0 1 1 0 0 3 0 7 0 8 0 4 0 2 0 2 0 8 0 3 0 5 0 6 0 4 0 0 0 0 0 7 0 8 0 4 0 0 0 0 0 3 0 4 0 5 0 4 0 1 0 2 0 5 0 4 0 2 0 1 0 8 0 3 0 1 0 0 0 1 0 3 0 0 0 5 0 7 0 8 0 1 1 0 0 7
1 403 1 0 2 1 0 0 4 0 3 0 8 0 3 0 2 0 5 0 1 0 0 1 0 0 0 0 7 0 3 0 3 0 0 0 2 0 2 1 0 0 4 1 0 0 7 0 0 1 0 0 1 0 4 0 2 1 0 0 7 1 0 0 3 0 7 0 7 0 8 0 7 0 4 0 2 0 7 0 6 0 7 0 8 0 8 0 5 0 3 0 3 0 7 0 0 0 3 0 0 0 3 0 7 0 4 1 0 0 1 0 6 0 2 0 7 0 6 0 0 0 8 0 6 0 8 0 6 0 4 0 7 0 8 0 3 0 5 0 8 0 7 0 3 0 4 0 5 0 0 0 4 0 8 0 0 0 5 0 3 0 3 0 5 0 6 0 4 0 7 0 3 0 7 0 5 0 0 1 0 0 6 0 6 0 2 0 3 1 0 0 5 0 6 1 0 1 0 0 0 0 0 0 1 0 1 0 0 0 1 0 3 0 8 0 2 1 0 1 0 0 3 0 8 0 6 0 1 0 7 0 3 0 6 0 0 0 1 0 5 0 6 0 8 0 4 0 0 0 0 0 0 0 6 0 8 0 0 0 2 0 6 0 1 0 4 0 5 0 4 0 5 0 0 0 2 0 0 0 3 0 3 0 3 0 8 0 5 1 0 0 5 0 5 0 5 0 8 0 1 0 4 0 2 0 3 0 6 0 6 1 0 0 5 0 5 0 3 0 4 0 8 0 6 0 5 0 7 1 0 0 5 0 5 0 6 0 8 0 1 0 3 1 0 0 1 0 1 0 5 0 7 1 0 0 1 0 0 0 6 1 0 0 1 1 0 0 3 0 5 0 0 1 0 0 5 0 3 0 6 0 7 0 2 0 0 0 2 0 6 0 1 0 1 0 6 0 7 0 4 1 0 0 5
0 403 2 0 5 0 8 0 7 0 7 0 6 0 7 0 5 0 0 0 3 0 1 0 8 0 0 0 4 0 7 0 6 0 0 0 4 0 5 1 0 0 0 0 0 0 4 0 2 0 8 0 1 0 8 0 5 1 0 0 5 1 0 0 7 0 5 0 6 0 8 0 5 1 0 0 6 0 5 0 4 0 6 0 8 0 8 0 1 0 7 0 7 0 4 0 1 0 6 0 0 0 7 0 5 0 0 1 0 0 3 0 2 0 6 0 5 0 3 0 2 0 7 0 4 0 8 0 4 0 0 0 6 0 7 0 8 0 1 0 8 0 5 0 7 1 0 0 1 0 1 1 0 0 7 0 2 0 0 0 7 0 7 0 1 0 4 0 0 0 5 0 8 0 5 0 1 0 2 1 0 0 3 0 3 0 5 0 7 1 0 0 1 0 5 0 0 0 7 1 0 0 0 0 2 0 2 0 0 0 2 0 7 0 6 0 6 1 0 0 8 0 6 0 7 0 3 0 4 0 4 0 8 0 2 0 1 0 3 0 1 0 4 0 7 1 0 0 1 0 0 0 1 0 3 0 7 0 1 0 5 0 2 0 3 1 0 0 2 0 0 0 1 0 1 0 4 0 0 0 6 0 6 0 7 0 7 0 3 0 0 0 1 0 2 0 2 0 7 0 3 0 8 0 4 0 7 0 3 0 5 0 0 0 1 0 1 0 7 1 0 0 8 0 4 0 2 0 7 0 0 0 1 0 2 0 4 0 7 0 3 0 7 0 8 0 1 0 3 0 1 0 6 1 0 0 2 0 1 0 3 1 0 0 3 0 8 0 6 0 0 0 2 1 0 0 0 0 8 0 3 0 5 0 5 0 0 0 5 0 2 0 3 0 3 0 3 0 6 0 1 0 0 0 1
0 403 5 0 1 0 8 0 6 0 6 0 4 0 6 0 1 0 1 0 6 0 3 0 6 0 1 1 0 0 6 0 3 0 1 1 0 0 2 1 0 0 0 0 0 0 8 0 5 0 6 0 4 0 7 0 3 0 0 0 2 0 0 0 5 0 2 0 4 0 8 0 3 0 0 0 3 0 2 0 0 0 4 0 8 0 7 0 4 0 5 0 5 1 0 0 4 0 2 0 2 0 5 0 1 0 2 0 8 0 5 0 5 0 3 0 1 0 7 0 5 0 5 0 0 0 7 1 0 0 2 0 3 0 6 0 7 0 4 0 7 0 2 0 6 1 0 0 2 0 3 1 0 0 4 0 5 0 1 0 5 0 5 0 3 0 8 0 1 0 1 0 8 0 1 0 3 0 5 0 8 0 5 0 7 0 1 0 6 1 0 0 3 0 0 0 2 0 5 1 0 0 0 0 4 0 4 0 0 0 5 0 5 0 4 0 5 0 0 0 7 0 4 0 5 0 7 1 0 0 0 0 7 0 5 0 2 0 6 0 2 1 0 0 6 1 0 0 2 0 0 0 2 0 7 0 4 0 4 0 0 0 5 0 7 0 8 0 3 0 0 0 2 0 2 0 8 0 1 0 3 0 4 0 6 0 5 0 7 0 0 0 2 0 4 0 5 0 4 0 8 0 7 0 0 0 5 0 8 0 0 0 1 0 2 0 3 0 6 0 0 0 6 1 0 0 6 0 4 0 1 0 2 0 4 1 0 0 5 0 8 0 5 0 7 0 3 0 6 0 3 0 3 1 0 0 4 0 2 0 7 0 8 0 6 0 7 0 3 0 1 0 5 0 8 0 0 0 6 0 8 0 1 0 1 0 2 0 0 0 5 0 6 0 6 0 7 0 2 0 3 0 0 0 2
0 405 1 0 0 0 4 0 7 0 4 0 4 0 0 0 3 0 3 0 3 0 2 0 8 0 2 0 4 1 0 0 2 0 7 0 3 0 8 0 4 0 7 1 0 0 1 0 7 0 2 0 4 0 0 0 5 0 7 0 0 0 4 0 1 0 0 0 5 1 0 0 7 0 7 0 0 0 6 0 4 0 0 1 0 0 8 0 6 0 0 0 2 0 2 1 0 0 8 0 4 0 5 0 0 0 3 0 5 0 7 0 2 0 1 0 7 0 3 0 5 0 2 0 1 0 2 0 5 1 0 0 4 0 7 0 3 0 6 0 0 0 5 0 6 0 3 1 0 0 4 0 7 0 8 0 8 0 0 0 4 0 1 0 1 0 8 0 6 0 3 0 3 0 6 0 3 0 7 0 1 0 8 0 2 0 5 0 4 0 3 1 0 0 6 0 0 0 5 0 1 1 0 0 0 0 8 0 8 0 1 0 1 0 2 0 0 0 1 0 2 0 5 0 0 0 2 0 6 1 0 0 1 0 5 0 1 0 6 0 2 0 6 1 0 0 3 1 0 0 4 0 0 0 5 0 4 1 0 1 0 0 2 0 1 0 6 0 7 0 7 0 0 0 4 0 5 0 6 0 3 0 6 1 0 0 4 0 2 0 5 0 1 0 4 1 0 0 2 0 0 0 8 0 5 0 2 0 1 0 7 0 1 0 2 0 4 0 7 0 2 0 2 0 4 0 0 0 2 1 0 0 3 0 5 0 0 0 0 0 1 0 8 0 2 0 5 0 8 0 2 0 7 0 7 0 8 0 7 0 5 0 5 0 8 0 4 0 5 0 7 0 3 0 1 0 7 0 2 0 3 0 7 0 3 0 2 0 4 0 1 0 1 0 4 0 4 0 5 0 5 0 6 0 0 0 4
1 405 2 0 0 1 0 0 5 1 0 1 0 0 1 0 6 0 6 0 6 0 5 0 6 0 5 1 0 1 0 0 5 0 4 0 8 0 7 0 0 0 6 1 0 0 3 0 4 0 5 0 8 0 1 0 1 0 5 0 1 0 8 0 2 0 1 0 2 0 0 0 5 0 5 0 2 0 2 1 0 0 2 1 0 0 7 0 3 0 1 0 4 0 5 1 0 0 7 0 0 0 1 0 1 0 7 0 1 0 5 0 5 0 3 0 4 0 8 0 0 0 5 0 2 0 5 0 1 1 0 1 0 0 5 0 8 0 2 0 2 0 1 0 3 0 8 0 8 0 8 0 5 0 8 0 7 0 1 0 8 0 2 0 3 0 7 0 3 0 7 0 7 0 2 0 8 0 4 0 4 0 6 0 6 0 0 1 0 1 0 0 0 0 2 0 2 0 0 0 4 0 8 0 0 0 7 0 7 0 3 0 2 0 4 0 0 0 2 0 5 0 0 0 1 0 5 0 3 1 0 0 3 0 0 0 4 0 2 0 6 0 3 1 0 0 7 0 8 0 7 0 1 0 1 0 1 0 0 0 8 0 3 0 3 0 3 0 6 0 5 0 1 1 0 0 2 0 3 0 8 0 3 1 0 0 8 0 5 0 0 0 3 1 0 1 0 0 4 0 1 0 7 0 1 0 5 0 3 0 4 0 3 0 4 1 0 0 5 0 5 0 4 0 8 0 0 0 5 0 8 0 6 0 0 0 1 0 0 0 3 0 6 0 6 0 1 0 7 0 6 0 5 0 6 0 8 0 6 0 2 0 2 0 8 0 0 0 2 0 5 0 7 0 3 0 4 0 5 0 7 0 4 0 7 0 4 0 8 0 2 0 2 1 0 0 0 0 2 0 2 0 3 0 1 1 0
1 405 4 0 1 1 0 0 2 0 0 0 8 0 2 0 3 0 4 0 4 0 2 0 4 0 3 0 0 1 0 0 1 0 0 0 8 0 5 0 2 0 3 1 0 0 6 1 0 0 2 0 7 0 3 0 3 0 0 0 4 0 6 0 5 0 2 0 4 0 1 0 1 0 1 0 5 0 5 0 8 0 4 1 0 0 4 0 7 0 2 1 0 0 3 0 0 0 4 0 1 0 2 0 3 0 4 0 4 0 1 0 1 0 7 1 0 0 7 0 2 0 0 0 6 0 0 0 4 1 0 1 0 0 1 0 7 0 5 0 4 0 2 0 7 0 7 0 8 0 8 0 2 0 8 0 5 0 4 0 6 0 5 0 7 0 4 0 8 0 5 0 5 0 6 0 7 0 0 0 0 0 4 0 3 0 2 1 0 0 7 1 0 0 4 0 4 0 0 1 0 0 7 0 2 0 5 0 5 0 7 0 4 0 8 0 0 0 5 0 0 0 1 0 3 0 0 0 8 0 8 0 5 0 0 0 8 0 5 0 2 1 0 0 0 0 5 0 8 0 5 0 3 0 2 0 2 0 1 0 6 0 7 0 6 0 7 0 3 0 1 0 4 0 8 0 3 0 7 0 6 1 0 0 0 0 7 0 1 0 1 0 7 1 0 0 8 0 7 0 3 0 4 0 4 0 0 0 7 0 8 0 7 0 0 0 0 0 1 0 2 0 0 0 7 0 2 0 1 0 8 0 3 0 1 0 2 0 0 0 7 0 3 0 3 0 4 0 5 0 4 0 2 0 4 0 8 0 3 0 5 0 5 0 6 0 1 0 5 0 1 0 5 0 7 1 0 0 2 0 6 0 0 0 6 0 0 0 7 0 5 0 5 0 7 1 0 0 4 0 4 0 6 0 3 0 7
1 405 8 0 3 0 8 0 3 0 1 0 6 0 5 0 6 0 8 0 8 0 4 0 8 0 6 0 1 0 8 0 1 0 1 0 7 0 1 0 5 0 7 1 0 0 3 1 0 0 5 0 4 0 7 0 6 0 0 1 0 0 4 0 1 0 5 0 8 0 2 0 2 0 3 0 1 0 2 0 8 0 0 1 0 1 0 0 5 0 6 0 8 0 5 0 0 0 8 0 2 0 4 0 6 0 8 0 8 0 2 0 3 0 6 0 0 0 4 0 5 0 1 0 2 0 2 0 0 0 0 0 8 0 2 0 5 0 1 1 0 0 6 0 5 0 6 0 8 0 7 0 6 0 7 0 2 0 0 0 4 0 2 0 6 0 0 0 8 0 2 0 2 0 4 0 5 0 1 0 0 0 8 0 6 0 5 1 0 0 5 1 0 0 8 0 8 0 1 1 0 0 4 0 6 0 1 0 2 0 6 0 0 0 7 0 2 0 0 0 1 0 2 0 6 0 1 0 7 0 8 0 1 0 2 0 7 0 1 0 6 0 8 0 0 0 1 0 8 0 1 0 7 0 4 0 4 0 3 0 3 0 6 0 4 0 5 0 7 0 2 1 0 0 7 0 8 0 5 0 4 1 0 0 1 0 4 0 3 0 3 0 6 0 0 0 7 0 5 0 7 0 8 0 8 0 1 0 5 0 8 0 5 0 1 0 0 0 2 0 4 0 1 0 4 0 5 0 3 0 6 0 7 0 2 0 4 0 1 0 4 0 7 0 6 1 0 0 1 1 0 0 5 1 0 0 7 0 8 0 1 0 2 0 3 0 4 0 0 0 4 0 1 0 6 1 0 0 5 0 2 0 2 0 2 0 2 0 5 0 2 0 2 0 6 1 0 1 0 0 0 0 3 0 8 0 5
0 407 1 0 6 0 8 0 6 0 7 0 3 0 3 0 2 0 4 0 8 0 8 0 0 0 8 0 3 0 4 0 6 0 3 0 3 0 4 0 4 0 1 0 6 1 0 0 7 1 0 0 1 0 0 0 6 0 3 0 2 0 8 0 7 0 3 0 1 0 7 0 5 0 4 0 6 0 2 0 5 0 6 0 2 1 0 1 0 0 1 0 4 0 8 0 1 0 2 0 6 0 5 1 0 0 4 0 8 0 7 0 5 0 7 0 2 0 1 1 0 0 1 0 3 0 4 0 4 0 0 0 1 0 6 0 6 0 0 0 4 1 0 0 3 0 2 0 4 0 8 0 6 0 4 0 5 0 5 0 0 0 8 0 5 0 2 0 2 0 6 0 5 0 4 1 0 0 1 0 3 0 1 0 7 0 4 0 3 0 0 0 2 0 0 0 7 0 7 0 4 0 8 0 8 0 2 0 3 0 5 0 2 0 2 0 4 0 5 0 0 0 2 0 5 0 2 0 4 0 5 0 7 0 3 0 5 0 4 0 4 0 3 0 7 0 1 0 3 0 6 0 4 0 4 1 0 1 0 0 7 0 7 0 3 0 0 0 2 0 5 0 6 1 0 0 5 0 8 0 2 0 0 1 0 0 2 0 8 0 6 0 7 0 2 0 2 0 5 0 2 0 6 0 8 0 7 0 4 0 1 0 8 0 1 0 3 0 0 0 4 0 8 0 2 1 0 0 1 0 8 0 3 0 5 0 5 0 8 0 2 1 0 0 6 0 4 1 0 0 3 1 0 0 2 0 0 0 5 0 7 0 3 0 4 0 6 0 8 0 0 0 8 0 3 0 4 0 0 0 0 0 5 0 4 0 4 0 5 0 0 0 5 0 5 0 4 0 0 0 7 1 0 0 7 0 7 0 2
1 407 3 0 3 0 8 0 4 0 5 0 7 0 6 0 4 1 0 0 8 0 7 0 2 0 6 0 7 1 0 0 3 0 7 0 6 0 8 0 8 0 3 0 4 0 0 0 5 1 0 0 2 0 1 0 2 0 7 0 5 0 7 0 5 0 7 0 3 0 5 0 2 0 0 0 3 0 6 0 1 0 3 0 6 1 0 0 8 0 1 1 0 0 7 0 3 0 5 0 3 0 2 1 0 1 0 0 8 0 6 0 2 0 5 0 5 0 3 0 8 0 1 0 6 0 8 0 8 0 0 0 3 0 3 0 3 0 1 1 0 1 0 0 6 0 4 1 0 0 8 0 4 0 0 0 2 0 1 0 2 0 7 0 1 0 5 0 5 0 3 0 2 0 0 1 0 0 2 0 6 0 3 0 4 1 0 0 7 0 0 0 4 0 1 0 5 0 6 0 0 0 8 0 7 0 5 0 7 0 0 0 5 0 4 1 0 0 1 0 1 0 5 0 0 0 5 1 0 0 2 0 5 0 8 0 0 1 0 1 0 0 8 0 4 0 3 0 7 0 3 0 0 0 1 0 0 1 0 0 5 0 5 0 7 0 0 0 5 0 1 0 5 0 0 0 1 0 7 0 5 0 1 0 8 0 4 0 7 0 4 0 5 0 5 0 5 0 0 0 6 0 3 0 8 0 5 1 0 0 4 0 6 0 3 0 6 0 0 1 0 0 7 0 6 0 8 0 2 0 6 0 8 0 1 0 2 0 7 0 6 1 0 0 3 0 0 1 0 0 7 0 8 0 3 0 1 0 1 0 5 0 7 1 0 0 4 0 7 0 2 0 6 0 7 0 8 0 0 0 1 0 1 0 0 0 0 0 1 0 2 0 1 0 1 1 0 0 2 0 6 0 0 0 5 0 5 0 5
0 407 6 0 7 0 7 0 0 0 2 0 6 0 4 0 1 0 0 0 7 0 5 0 6 0 3 0 6 1 0 0 7 0 5 0 4 0 8 0 7 0 7 0 8 0 1 0 1 1 0 0 4 0 2 0 5 0 5 0 2 0 6 0 2 0 5 0 8 0 0 0 5 0 0 0 7 0 2 0 3 0 7 0 4 0 0 0 6 0 4 1 0 0 4 0 8 0 0 0 7 0 5 1 0 1 0 0 7 0 3 0 6 0 1 0 1 0 8 0 6 0 4 0 3 0 8 0 7 0 1 0 6 0 6 0 6 0 3 1 0 1 0 0 3 0 1 0 0 0 6 1 0 0 1 0 4 0 2 0 5 0 4 0 4 0 1 0 1 0 7 0 4 0 1 0 8 0 4 0 2 0 8 0 0 0 0 0 4 0 1 0 8 0 3 0 1 0 3 0 2 0 7 0 6 0 2 0 5 0 2 0 1 0 0 1 0 0 2 0 3 0 0 0 2 0 1 1 0 0 5 0 1 0 7 0 2 1 0 1 0 0 6 1 0 0 8 0 4 0 7 0 0 0 2 0 1 1 0 0 1 0 2 0 5 0 2 0 0 0 4 0 0 0 1 0 3 0 5 0 1 0 4 0 7 0 0 0 6 0 0 0 2 0 2 0 1 0 2 0 2 0 8 0 7 0 2 1 0 1 0 0 3 0 8 0 2 0 2 1 0 0 5 0 4 0 7 0 6 0 3 0 7 0 3 0 5 0 5 0 4 1 0 0 6 0 1 1 0 0 5 0 7 0 7 0 2 0 3 0 1 0 6 1 0 1 0 0 5 0 6 0 3 0 6 0 7 0 1 0 2 0 2 0 0 0 0 0 2 0 4 0 2 0 3 0 8 0 4 0 2 0 2 0 1 0 2 0 2
0 409 1 0 3 0 6 0 5 0 1 0 5 0 2 1 0 0 3 0 1 0 5 0 2 0 3 0 8 0 4 0 0 0 5 0 2 0 0 0 8 0 6 0 6 0 7 0 3 0 3 0 8 0 7 0 5 0 1 0 1 0 6 0 2 0 6 0 1 0 7 0 2 0 0 0 2 0 4 0 5 0 7 0 4 1 0 0 2 0 3 0 0 1 0 1 0 0 7 0 2 0 5 0 3 0 0 1 0 0 4 0 8 0 2 0 3 0 3 0 7 0 3 1 0 0 8 0 7 0 5 0 4 0 3 0 4 0 3 1 0 0 0 0 8 0 5 0 2 0 1 0 3 1 0 0 2 0 8 0 5 0 0 1 0 1 0 0 3 0 3 0 4 1 0 0 4 0 6 1 0 0 6 0 6 0 1 0 0 0 8 0 3 0 6 0 7 0 2 0 6 0 5 0 5 0 3 0 6 0 0 0 5 0 2 0 1 0 8 0 3 0 6 0 0 0 4 0 3 1 0 0 0 0 4 0 4 0 6 1 0 1 0 0 4 0 0 0 7 0 0 0 5 0 1 0 4 0 3 0 8 0 1 0 5 0 0 0 5 0 0 0 8 0 0 0 2 0 7 0 0 0 3 1 0 0 5 0 2 0 2 0 1 0 4 0 4 0 2 0 4 0 5 0 7 0 5 0 6 1 0 0 8 0 6 0 6 0 5 0 5 1 0 0 1 0 0 0 6 0 3 0 8 0 4 0 8 0 1 0 2 0 1 0 0 0 2 0 4 1 0 0 1 0 6 0 5 0 5 0 6 0 3 0 4 0 0 1 0 0 1 0 3 0 8 0 3 0 5 0 3 0 4 0 4 0 0 0 0 0 4 0 8 0 4 0 7 0 6 1 0 0 5 0 4 0 2 0 4 0 4
1 409 2 0 7 0 3 0 1 0 4 0 0 0 6 0 8 0 5 0 3 0 0 0 5 0 7 0 6 1 0 0 2 0 0 0 5 0 1 0 7 0 4 0 4 0 5 0 7 0 7 0 7 0 6 0 1 0 3 0 3 0 2 0 6 0 2 0 4 0 4 0 5 0 0 0 4 1 0 0 2 0 6 0 0 1 0 0 4 0 6 0 1 1 0 1 0 0 4 0 6 0 0 0 7 0 1 0 8 0 8 0 6 0 5 0 6 0 7 0 4 1 0 0 0 0 7 0 6 0 1 1 0 0 7 0 8 0 7 0 8 0 0 0 7 0 1 0 5 0 2 0 7 0 8 0 4 0 7 0 1 0 2 1 0 0 8 0 5 0 6 1 0 1 0 1 0 0 5 0 0 0 3 0 3 0 3 0 1 0 6 0 8 0 3 0 5 0 6 0 3 0 2 0 1 0 8 0 2 0 2 0 0 0 5 0 3 0 6 0 8 0 2 0 1 0 8 0 7 0 7 1 0 1 0 0 0 0 5 0 0 0 8 0 7 0 1 0 4 0 2 0 0 0 3 0 8 0 7 0 6 0 4 0 0 0 2 0 0 0 2 0 6 0 1 0 5 0 4 0 1 0 7 1 0 0 0 0 5 0 4 0 2 0 8 0 8 0 4 1 0 0 2 0 6 0 2 0 5 0 0 0 7 0 4 0 4 0 2 0 2 1 0 0 2 0 1 0 2 0 8 0 7 0 0 0 7 0 3 0 4 0 2 0 0 0 4 1 0 1 0 0 3 0 3 0 2 0 2 0 3 0 7 0 8 0 1 0 8 0 1 0 7 0 6 0 8 0 0 0 7 0 8 0 8 0 0 0 0 1 0 0 8 0 0 0 6 0 5 0 0 0 0 1 0 0 5 1 0 0 0
1 409 5 0 4 0 7 0 2 0 8 0 1 0 3 0 8 0 1 0 7 0 1 0 1 0 6 0 4 1 0 0 4 0 1 0 0 0 4 0 5 0 0 0 0 0 2 0 6 0 6 0 6 0 3 0 3 0 6 0 6 0 5 0 2 0 5 1 0 0 0 0 1 0 1 1 0 1 0 0 5 0 2 0 2 0 8 0 8 0 2 0 4 1 0 0 8 0 8 0 2 0 2 0 4 0 4 0 7 0 8 0 4 0 2 0 4 0 6 0 0 1 0 0 1 0 5 0 3 0 4 1 0 0 5 0 8 0 6 0 7 0 2 0 4 0 4 0 0 0 6 0 5 0 8 0 0 0 5 0 3 0 5 1 0 0 7 0 2 0 5 0 0 1 0 1 0 0 0 0 1 0 6 0 6 0 6 0 3 0 3 0 7 0 8 0 1 0 3 0 7 0 4 0 3 0 6 0 5 0 4 0 1 0 0 0 8 0 3 0 7 0 5 0 3 0 7 0 6 0 7 0 0 0 8 0 0 0 0 0 2 0 7 0 5 0 3 0 8 0 4 0 0 0 7 0 7 0 6 0 3 1 0 0 1 0 4 0 0 0 5 0 2 0 4 0 0 1 0 0 4 0 5 1 0 0 1 0 0 1 0 0 6 0 7 0 8 0 0 1 0 0 5 0 2 0 6 0 0 0 2 0 4 1 0 1 0 0 5 0 5 0 8 0 3 0 2 0 5 0 7 0 5 0 2 0 4 0 7 0 8 0 4 0 1 0 0 0 0 0 8 0 5 0 6 0 4 0 4 0 7 0 5 0 7 0 4 0 6 0 4 0 5 0 4 0 7 0 2 0 5 0 8 0 7 0 1 0 1 1 0 0 6 0 2 0 3 0 1 0 1 0 1 1 0 0 1 1 0 0 0
1 411 1 0 1 0 0 0 5 0 6 0 6 0 3 0 7 0 6 0 4 0 4 0 3 0 3 0 3 0 0 1 0 0 8 0 2 0 0 1 0 0 1 0 1 0 0 0 5 0 3 0 4 0 3 0 7 0 7 0 3 0 4 0 1 0 6 0 1 1 0 0 0 0 2 0 3 1 0 1 0 0 0 0 5 0 5 0 7 0 7 0 6 0 0 0 0 0 7 0 7 0 5 0 4 1 0 0 0 0 6 0 7 1 0 0 5 1 0 0 3 0 2 0 8 0 2 0 0 0 8 0 0 0 0 0 1 0 8 0 4 0 5 0 5 0 8 0 8 0 1 0 3 0 2 0 7 0 2 0 0 0 8 0 2 0 0 0 4 0 6 0 0 0 2 1 0 0 7 1 0 0 3 0 3 0 4 0 3 0 7 0 7 0 5 0 7 0 3 0 7 0 4 1 0 0 8 0 3 0 1 1 0 0 3 0 1 0 6 0 8 0 5 0 1 0 8 0 5 0 4 0 5 0 2 0 6 0 1 0 0 0 5 0 5 0 1 0 8 0 6 1 0 0 2 0 5 0 6 0 3 0 8 0 8 0 1 0 8 0 1 0 0 0 5 0 8 0 1 0 8 0 8 0 1 1 0 0 2 0 1 1 0 0 3 0 6 0 7 0 2 1 0 0 0 0 6 0 2 0 1 0 5 0 0 0 0 1 0 0 1 0 2 0 7 0 7 0 5 0 1 0 6 0 1 0 5 1 0 0 6 0 7 1 0 0 3 0 0 0 1 0 7 0 2 0 4 0 0 0 0 0 6 0 2 0 6 0 0 0 4 0 0 0 2 0 0 0 5 0 6 0 1 0 8 0 5 0 3 0 3 1 0 0 2 0 5 0 6 0 2 0 2 0 3 0 8 0 2 0 7 1 0
1 411 2 0 2 0 1 0 1 0 4 0 3 0 8 0 5 0 3 1 0 1 0 0 7 0 6 0 6 0 1 1 0 0 6 0 5 0 1 0 8 0 1 0 2 0 1 0 0 0 7 0 8 0 7 0 5 0 5 0 7 0 8 0 3 0 2 0 4 0 7 1 0 0 4 0 7 1 0 0 8 0 0 0 1 0 2 0 6 0 6 0 3 0 1 0 1 0 5 0 6 0 2 0 0 1 0 0 1 0 3 0 7 0 0 0 1 1 0 0 6 0 5 0 6 0 5 0 1 0 6 0 1 0 0 0 3 0 7 0 0 0 2 0 2 0 8 0 7 0 3 0 6 0 5 0 4 0 5 0 1 0 6 0 5 0 0 1 0 0 3 0 1 0 5 1 0 0 5 1 0 0 6 0 6 0 8 0 7 0 5 0 6 0 2 0 5 0 8 0 5 0 1 0 0 0 6 0 7 0 3 0 8 0 5 0 3 0 3 0 8 0 1 0 4 0 7 0 2 0 0 0 1 0 6 0 2 0 3 0 1 0 1 0 1 0 4 0 7 0 4 1 0 0 5 0 1 0 3 0 8 0 7 0 7 0 4 0 6 0 3 0 1 0 1 0 7 0 4 0 7 0 7 0 4 0 8 0 3 0 3 0 8 0 6 0 3 0 5 0 6 0 8 0 0 0 2 0 5 0 3 0 0 0 1 0 1 0 8 0 1 0 5 0 5 0 6 0 1 0 4 0 2 0 4 0 2 0 0 0 3 0 6 1 0 0 6 0 0 0 3 0 4 0 5 0 8 0 0 0 1 0 2 0 6 0 2 0 1 0 8 0 0 0 4 0 1 0 1 0 3 0 4 0 7 0 1 0 7 0 7 0 8 0 4 0 1 0 3 0 5 0 4 0 7 0 6 0 6 0 5 1 0
1 411 4 0 4 0 2 0 2 0 8 0 7 0 7 0 1 1 0 0 0 1 0 0 5 0 4 0 3 0 4 1 0 0 3 0 1 0 4 0 6 0 3 0 4 0 2 0 1 0 5 0 8 0 6 0 2 0 2 0 6 0 7 0 7 0 4 1 0 0 6 1 0 1 0 0 7 0 0 0 6 0 1 0 2 0 5 0 3 0 3 0 7 0 2 0 3 0 1 0 3 0 5 0 1 0 8 0 1 0 7 0 4 0 1 0 3 1 0 0 3 0 2 0 4 0 1 0 4 0 2 0 3 0 0 0 7 0 4 0 1 0 4 0 5 0 7 0 5 0 8 0 3 0 2 0 0 0 1 0 4 0 3 0 1 0 2 0 8 0 5 0 3 0 2 0 0 0 2 0 0 0 3 0 4 0 8 0 6 0 2 0 3 0 6 0 1 0 8 0 1 0 3 0 1 0 3 0 5 0 8 0 7 0 1 0 7 0 7 0 6 0 3 1 0 0 5 0 5 0 0 0 3 0 2 0 5 0 6 0 2 0 2 0 2 1 0 0 6 0 1 0 0 0 0 0 3 0 7 0 7 0 6 0 6 0 0 0 3 0 7 0 2 0 3 0 5 0 0 0 6 0 6 0 0 0 7 0 7 0 7 0 7 0 3 0 8 0 1 0 4 0 7 0 1 0 5 0 0 0 7 0 0 0 2 0 3 0 6 0 4 0 1 0 2 0 3 0 3 0 8 0 4 0 8 0 4 0 0 0 7 0 4 0 0 0 2 0 1 0 6 1 0 0 2 0 7 0 1 0 2 0 5 0 2 0 5 0 3 0 6 0 1 0 8 0 2 0 2 0 6 1 0 0 5 0 4 0 5 0 6 0 7 1 0 0 3 0 7 0 1 0 0 0 6 0 4 0 4 0 2 1 0
1 411 8 0 8 0 4 0 5 0 7 0 6 0 5 0 4 0 8 0 0 1 0 0 0 1 0 0 7 1 0 1 0 0 6 0 2 1 0 0 3 0 7 0 8 0 4 0 3 0 1 0 8 0 3 0 5 0 5 0 3 0 6 0 6 0 1 0 0 0 4 0 0 1 0 0 4 0 2 0 2 0 3 0 5 0 0 0 7 0 7 0 4 0 5 0 6 0 2 0 7 0 0 0 4 0 6 0 4 0 4 1 0 0 3 0 7 0 8 0 5 0 4 0 8 0 2 0 8 0 4 0 6 0 1 0 4 1 0 0 3 1 0 0 2 0 6 0 2 0 7 0 7 0 4 0 0 0 2 0 8 0 6 0 2 0 5 0 7 0 1 0 7 0 4 0 0 0 4 0 0 0 6 1 0 0 8 0 3 0 5 0 7 0 2 0 4 0 6 0 3 0 6 0 2 0 7 0 1 0 8 0 5 0 4 0 5 0 6 0 3 1 0 0 0 0 1 0 1 0 1 0 6 0 5 0 1 0 3 0 5 0 4 0 5 1 0 0 2 0 3 0 0 0 0 0 7 0 5 0 6 0 4 0 3 0 1 0 7 0 4 0 5 0 7 0 0 0 2 0 3 0 3 0 2 0 5 0 6 0 6 0 5 0 8 0 6 0 3 1 0 0 5 0 4 0 0 0 2 0 4 0 1 0 4 0 7 0 2 1 0 0 3 0 4 0 6 0 7 0 7 0 0 0 7 1 0 0 2 0 4 1 0 0 1 0 4 0 3 0 3 1 0 0 5 0 4 0 3 0 5 0 0 0 6 0 0 0 8 0 2 0 4 0 6 0 5 0 5 0 4 0 0 0 1 0 0 0 2 0 4 0 6 1 0 0 7 0 4 0 3 0 1 0 2 1 0 1 0 0 6 0 7
1 413 1 0 7 0 8 0 0 0 2 0 6 0 4 0 2 0 0 0 7 0 2 0 8 0 0 1 0 0 6 0 0 1 0 0 2 0 6 0 8 0 6 0 5 0 7 1 0 0 7 0 3 0 6 0 8 0 1 0 1 0 8 0 3 0 3 0 3 0 0 0 8 0 1 0 8 0 7 0 4 0 4 0 7 0 0 0 2 0 5 0 6 0 0 0 2 0 3 0 6 0 4 0 1 1 0 0 4 0 0 0 0 1 0 0 7 0 5 0 8 0 2 0 0 0 7 0 6 0 7 0 0 0 3 0 3 1 0 1 0 0 7 0 8 0 4 0 2 0 6 0 5 0 5 1 0 0 1 0 5 0 7 0 3 0 6 0 1 0 5 0 4 0 4 1 0 0 1 0 8 0 1 0 4 0 0 0 6 0 8 0 1 0 5 0 5 1 0 0 3 0 8 0 2 0 6 0 4 0 4 0 7 0 2 0 0 0 2 0 3 0 8 0 7 1 0 0 2 0 2 0 3 0 3 0 1 0 3 0 7 0 1 0 0 0 2 1 0 0 4 0 6 0 0 0 1 0 5 0 2 0 3 1 0 0 7 0 3 0 5 0 0 0 2 0 5 0 1 0 4 0 6 0 6 0 5 0 1 0 4 0 4 0 2 0 8 0 3 1 0 0 0 0 0 1 0 0 1 0 4 0 8 0 2 1 0 0 5 0 6 0 8 0 5 1 0 0 4 0 6 0 5 0 2 0 5 1 0 0 4 1 0 1 0 0 2 0 8 0 6 0 7 1 0 0 0 1 0 0 8 0 0 0 2 0 2 0 2 0 6 0 5 1 0 0 4 0 2 0 1 1 0 0 1 0 2 0 0 0 4 1 0 0 5 0 0 0 4 1 0 0 7 0 2 0 5 1 0 1 0 0 3 0 6
0 413 3 0 5 0 7 0 1 0 5 0 2 1 0 0 5 0 1 0 4 0 6 0 6 0 2 1 0 0 2 0 2 0 8 0 4 0 3 0 8 0 4 0 2 0 7 0 0 0 4 0 8 0 3 0 7 0 3 0 3 0 6 0 7 0 6 0 6 0 1 0 6 0 4 0 7 0 6 0 0 0 0 0 5 0 1 0 5 0 1 0 3 0 1 0 4 0 7 0 2 1 0 0 4 0 8 0 7 0 0 0 1 1 0 0 5 0 2 0 7 0 5 0 1 0 5 0 4 0 5 0 1 0 6 0 7 1 0 1 0 0 5 0 7 1 0 0 6 0 3 0 2 0 2 1 0 0 3 0 1 0 5 0 8 0 2 0 4 0 1 0 0 0 0 1 0 0 3 0 6 0 3 0 8 0 1 0 3 0 7 0 4 0 1 0 2 1 0 0 7 0 6 0 6 0 3 0 0 0 0 0 5 0 5 0 0 0 4 0 7 0 7 0 6 1 0 0 4 0 4 0 6 0 6 0 2 0 7 0 4 0 3 0 0 0 5 0 8 0 8 0 2 0 1 0 3 0 0 0 5 0 7 1 0 0 4 0 8 0 0 0 1 0 5 0 0 0 3 1 0 0 4 0 4 0 1 0 3 0 8 0 8 0 5 0 6 0 8 0 7 1 0 0 1 0 8 0 1 1 0 0 7 0 6 1 0 0 1 0 4 0 8 0 2 1 0 1 0 0 4 0 1 0 6 0 2 0 0 0 0 0 0 0 8 0 4 0 7 0 4 0 6 1 0 0 1 1 0 0 6 0 1 0 4 0 4 0 5 0 3 0 2 1 0 0 8 0 4 0 3 0 8 0 1 0 4 0 1 0 0 0 0 0 0 0 2 0 0 0 0 0 4 0 6 0 2 0 0 0 8 0 6 0 3
1 413 7 0 1 0 5 0 4 0 0 0 6 1 0 0 0 0 3 1 0 0 4 0 3 0 6 0 8 0 3 0 5 0 6 1 0 0 8 0 6 1 0 0 6 0 4 0 1 1 0 0 7 0 8 0 4 0 7 0 7 0 3 0 6 0 4 0 3 0 4 0 3 0 0 0 6 0 3 0 1 0 1 0 0 0 4 0 0 0 3 0 6 0 2 1 0 0 5 0 6 0 8 0 8 0 7 0 5 0 1 0 3 1 0 0 0 0 6 0 5 0 1 0 4 0 1 0 0 0 1 0 4 0 3 0 7 0 0 1 0 0 1 0 7 0 0 0 2 0 7 0 4 0 5 0 8 0 5 0 3 0 1 0 7 0 5 0 8 0 2 0 0 0 1 0 8 0 6 0 2 0 8 0 6 0 3 0 7 0 4 1 0 0 3 0 5 1 0 0 5 0 4 0 3 0 7 0 0 0 1 0 1 0 1 0 1 1 0 0 6 0 6 0 4 1 0 1 0 0 0 0 4 0 3 0 6 0 4 1 0 0 7 0 1 0 1 0 8 0 7 0 5 0 2 0 6 0 1 0 1 0 6 1 0 1 0 0 7 0 1 0 3 0 0 0 1 0 7 0 8 0 7 0 8 0 2 0 7 0 7 0 8 0 2 0 4 0 8 0 6 1 0 0 3 0 6 0 4 1 0 0 5 0 4 1 0 0 2 1 0 0 7 0 6 1 0 0 8 0 7 0 3 0 2 0 5 0 0 0 0 0 1 0 7 0 0 0 6 0 0 0 4 1 0 0 3 1 0 0 2 0 3 1 0 0 0 0 1 0 7 0 5 1 0 0 6 1 0 0 8 0 6 0 3 0 8 0 2 0 0 0 0 0 0 0 4 0 0 0 0 1 0 0 3 0 5 0 1 0 7 0 3 0 7
1 415 1 0 4 0 4 0 0 1 0 0 2 0 3 1 0 0 0 0 7 0 8 0 7 0 7 0 3 0 7 0 8 0 1 0 5 0 0 0 7 0 5 0 0 0 2 1 0 0 4 1 0 0 5 0 8 0 0 0 6 0 5 0 8 0 2 1 0 0 7 0 8 0 6 0 1 0 2 0 7 0 2 0 2 0 0 0 8 0 0 0 7 0 2 0 6 1 0 0 1 0 4 0 8 0 8 0 6 0 1 0 3 0 7 0 8 0 0 0 3 0 1 0 3 0 8 0 2 0 0 0 2 0 8 0 7 0 4 0 2 0 8 0 2 0 4 0 1 0 5 0 5 0 0 0 2 0 8 0 1 0 7 0 3 0 5 0 2 0 7 0 5 0 0 0 3 0 7 0 3 0 6 0 7 0 3 0 8 0 5 0 0 1 0 0 7 0 2 0 0 0 0 1 0 0 8 0 4 0 1 0 2 0 2 0 2 0 3 1 0 0 3 0 4 0 1 0 0 0 7 1 0 0 8 0 7 0 3 0 1 0 0 0 4 0 3 0 3 0 7 0 6 0 1 0 6 0 2 0 3 0 3 0 4 0 0 1 0 0 4 0 3 0 6 0 0 0 3 0 5 0 8 0 6 0 7 0 6 0 5 0 6 0 7 0 5 1 0 0 8 0 4 1 0 0 7 0 3 0 1 0 0 0 1 0 0 1 0 0 5 1 0 0 5 0 5 0 0 0 7 0 5 0 7 0 5 0 0 0 1 0 0 0 3 0 4 0 2 0 2 0 1 1 0 1 0 0 7 0 8 0 3 0 7 0 7 1 0 0 3 0 5 0 3 0 0 0 4 0 0 0 7 0 3 0 8 0 6 0 5 0 0 0 0 0 0 0 8 0 0 0 1 0 8 0 6 0 0 0 4 0 4 0 8 0 5
0 415 2 0 8 0 8 0 1 0 8 0 3 0 7 0 8 0 0 0 5 0 8 0 6 0 5 0 8 0 5 0 7 0 4 0 0 0 2 0 5 0 1 0 1 0 5 1 0 0 0 0 0 0 1 0 7 0 2 0 3 0 2 0 7 0 6 1 0 0 5 0 8 0 3 0 3 0 5 0 4 0 5 0 4 0 1 0 6 0 2 0 4 0 6 0 3 1 0 0 2 1 0 0 8 0 8 0 3 0 3 0 7 0 5 0 7 0 1 0 6 0 2 0 7 0 6 0 5 0 0 0 5 0 7 0 5 1 0 0 6 0 6 0 5 0 8 0 3 0 1 0 1 0 1 0 5 0 6 0 4 0 4 0 8 0 0 0 6 0 5 0 1 0 1 0 7 0 4 0 8 0 3 0 5 0 8 0 7 0 1 0 2 1 0 0 4 0 5 0 0 0 1 1 0 0 6 1 0 0 3 0 4 0 4 0 4 0 7 0 8 0 5 0 8 0 2 0 1 0 6 0 0 0 7 0 5 0 7 0 2 0 0 0 8 0 6 0 7 0 5 0 3 0 4 0 2 0 5 0 6 0 6 0 8 0 1 0 8 0 7 0 7 0 2 0 1 0 7 0 1 0 8 0 4 0 6 0 4 0 2 0 4 0 6 0 3 0 0 0 7 0 1 0 0 0 4 0 7 0 2 0 0 0 2 0 1 1 0 0 2 0 0 0 1 0 1 0 2 0 5 0 2 0 6 0 1 0 1 0 2 0 0 0 6 0 8 0 4 0 4 0 3 1 0 1 0 0 5 0 7 0 8 0 5 0 6 1 0 0 7 0 0 0 7 0 0 0 8 0 1 0 4 0 8 0 7 0 4 0 1 0 1 0 0 0 1 0 6 0 1 0 3 0 7 0 3 0 1 1 0 0 0 0 8 0 2
1 415 5 0 7 0 7 0 4 0 6 0 8 0 5 0 7 0 2 0 1 0 8 0 4 0 2 0 8 0 2 0 5 1 0 0 1 0 5 0 0 0 3 0 3 0 1 1 0 0 0 0 0 0 3 0 4 0 5 0 6 0 5 0 5 0 5 0 0 0 1 0 7 0 7 0 7 0 1 0 0 0 1 1 0 0 4 0 2 0 5 1 0 0 3 0 8 0 8 0 4 1 0 0 7 0 7 0 7 0 7 0 5 0 2 0 5 0 4 0 2 0 6 0 5 0 4 0 1 0 2 0 1 0 6 0 3 0 0 0 3 0 4 0 2 0 7 0 7 0 2 0 2 0 3 0 1 0 4 0 0 0 0 0 7 0 2 0 3 0 1 0 3 0 3 0 5 0 0 0 7 0 8 0 1 0 8 0 5 0 3 0 5 0 8 0 8 0 0 0 1 0 3 1 0 0 3 1 0 0 6 1 0 0 0 0 0 0 6 0 8 0 2 0 7 0 5 0 3 0 2 0 2 0 5 0 2 0 5 0 5 0 1 0 7 0 4 0 6 0 1 0 7 0 8 0 5 0 1 0 4 0 4 0 7 0 4 0 7 0 6 0 5 0 5 0 3 0 4 0 4 0 7 0 0 0 3 1 0 0 5 1 0 0 3 0 7 0 1 0 4 0 3 0 0 1 0 0 5 0 5 0 0 0 4 0 3 0 8 0 3 0 0 0 2 0 2 0 5 0 0 0 6 0 2 0 3 0 2 0 4 0 1 0 3 0 7 1 0 1 0 1 0 0 0 1 0 0 1 0 6 0 8 0 2 0 5 0 0 0 4 0 2 0 4 0 2 0 6 0 3 1 0 0 8 0 5 1 0 0 3 0 2 0 0 0 3 0 2 0 3 0 7 0 4 0 7 0 3 0 8 0 0 0 6 0 5
0 417 1 0 1 0 6 0 6 0 0 0 4 0 8 0 2 0 5 0 5 0 3 0 6 1 0 0 6 0 6 0 6 0 1 1 0 0 3 0 0 0 1 0 6 0 6 0 3 0 7 1 0 0 0 0 6 1 0 0 2 0 4 0 2 0 2 0 1 0 1 0 3 0 5 0 6 0 5 0 3 0 0 0 3 0 8 0 7 0 5 0 1 1 0 0 7 0 7 0 8 0 1 0 0 0 5 0 6 0 6 0 6 0 1 0 6 0 0 1 0 0 6 0 3 0 1 1 0 0 3 0 4 0 3 0 2 0 7 0 0 0 6 0 8 0 5 0 5 0 5 0 5 0 4 0 6 0 2 0 8 0 0 0 1 0 4 0 5 0 6 0 2 0 6 0 7 0 0 0 2 0 5 0 7 0 4 0 7 0 1 0 8 0 1 0 8 0 7 0 1 0 2 0 7 0 8 0 6 1 0 0 3 1 0 0 0 0 1 0 3 0 7 0 6 0 5 0 1 0 7 0 4 0 5 0 0 0 6 0 1 0 1 0 4 0 5 0 0 0 3 0 4 0 5 0 8 0 1 0 3 1 0 0 0 0 6 0 0 0 6 0 4 0 2 0 1 0 7 1 0 0 0 0 5 0 1 0 7 1 0 0 1 1 0 0 7 0 4 0 3 0 8 0 6 0 1 1 0 0 1 0 1 0 1 0 8 0 7 0 6 0 7 0 0 0 4 0 5 0 0 0 2 0 2 0 5 0 6 0 4 0 8 0 2 0 7 0 6 0 0 1 0 0 8 0 0 0 8 0 2 0 3 0 7 0 6 0 0 0 1 0 8 0 4 0 8 0 5 0 2 1 0 0 0 0 7 0 2 1 0 0 6 0 4 0 0 0 6 0 4 0 7 0 5 0 0 0 5 0 8 0 6 0 2 0 3 0 2
1 417 2 0 3 0 3 0 3 0 1 1 0 0 7 0 6 0 1 0 1 0 8 0 4 0 0 0 3 0 4 0 3 0 4 0 8 0 5 0 0 0 3 0 3 0 3 0 8 0 5 1 0 0 1 0 3 1 0 0 4 0 8 0 4 0 4 0 2 0 2 0 7 0 1 0 4 0 1 0 7 0 0 0 7 0 7 0 6 0 1 0 4 1 0 0 5 0 6 0 7 0 3 0 1 0 1 0 4 0 4 0 3 0 4 0 2 0 2 1 0 0 2 0 7 0 3 0 8 0 5 0 8 0 6 0 5 0 4 0 2 0 3 0 8 0 2 0 2 0 2 0 2 0 0 0 3 0 6 0 6 0 1 0 2 1 0 0 2 0 3 0 6 0 3 0 5 0 1 0 5 0 1 0 6 0 0 0 5 0 4 0 6 0 4 0 7 0 5 0 3 0 5 0 5 0 8 0 4 1 0 0 7 0 7 1 0 0 2 0 7 0 5 0 4 0 1 0 4 0 5 0 0 0 1 0 2 0 2 0 3 0 2 1 0 0 1 0 1 0 6 1 0 0 2 0 7 0 3 0 7 0 8 0 0 0 2 0 2 0 2 1 0 0 5 0 3 0 5 1 0 0 1 0 0 0 4 0 5 1 0 0 3 1 0 0 4 1 0 0 8 0 7 0 3 0 4 0 8 0 1 0 2 0 3 0 7 0 6 0 4 0 5 0 1 1 0 0 1 0 1 0 4 0 5 0 1 0 4 0 0 0 7 0 6 0 5 0 3 0 2 1 0 0 6 0 2 0 6 0 5 0 7 0 5 0 3 0 1 0 3 0 7 0 0 0 8 0 1 0 6 0 8 0 0 0 4 0 6 1 0 0 2 1 0 0 2 0 3 0 0 0 6 0 1 0 2 0 1 0 8 0 3 0 5 0 6 0 4
0 417 4 0 6 0 6 0 6 0 3 1 0 0 5 0 3 0 3 0 3 0 6 1 0 0 1 0 6 0 8 0 6 1 0 0 8 0 1 0 1 0 6 0 6 0 7 0 7 0 2 1 0 0 2 0 7 0 8 0 8 0 6 1 0 1 0 0 5 0 5 0 4 0 3 0 8 0 3 0 4 0 2 0 5 0 6 0 3 0 4 0 0 0 0 0 1 0 4 0 5 0 7 0 2 0 2 0 8 0 8 0 6 0 8 0 4 0 5 0 8 0 4 0 4 0 8 0 7 0 2 0 8 0 4 0 1 1 0 0 5 0 7 0 6 0 5 0 4 0 4 0 4 0 0 0 7 0 3 0 3 0 3 0 5 0 8 0 3 0 7 0 2 0 8 0 0 0 4 0 0 0 4 0 2 0 2 0 1 0 0 0 4 0 0 0 6 0 1 0 8 0 1 0 2 0 8 0 1 0 0 0 5 0 6 1 0 0 5 0 5 0 1 1 0 0 3 1 0 0 1 0 1 0 2 0 4 0 4 0 6 0 5 0 8 0 1 0 3 0 3 1 0 0 5 0 4 0 8 0 5 0 7 0 1 0 4 0 4 0 5 1 0 0 0 0 8 0 1 1 0 0 2 0 0 1 0 0 2 1 0 0 7 1 0 0 0 0 0 0 7 0 5 0 7 1 0 0 7 0 3 0 4 0 7 0 5 0 4 0 0 0 1 0 4 0 8 0 1 0 2 1 0 0 1 0 3 0 8 0 1 0 5 0 4 0 1 0 7 0 5 1 0 0 2 0 6 0 3 0 2 0 6 0 1 0 7 0 2 0 7 0 4 0 2 0 6 0 4 0 3 0 7 0 1 1 0 0 4 1 0 0 5 0 8 0 3 0 6 0 1 0 2 0 3 0 4 0 3 0 6 0 8 0 1 0 4 0 0
0 418 1 0 0 4 0 4 0 3 1 0 0 0 0 0 0 7 0 6 0 7 0 3 1 0 0 3 0 3 0 8 0 5 0 0 0 6 0 3 0 3 0 3 0 4 0 6 0 5 0 6 0 8 0 4 0 5 0 8 0 8 0 5 0 0 1 0 0 1 0 1 1 0 0 8 0 6 0 7 0 8 0 5 0 1 0 3 0 7 0 8 0 0 0 0 0 2 1 0 0 2 0 5 0 5 0 5 0 7 0 8 0 4 0 8 0 0 0 2 0 8 0 0 0 0 0 8 0 5 0 6 0 6 1 0 0 4 1 0 0 1 0 6 0 4 0 1 1 0 1 0 1 0 0 2 0 4 0 7 0 6 0 7 0 1 0 7 0 8 0 4 0 6 0 6 0 1 0 8 0 0 0 8 0 4 0 4 0 2 0 0 0 8 0 1 0 2 0 4 0 6 0 3 0 5 0 6 0 3 0 1 0 1 0 5 0 0 0 1 0 1 0 4 0 8 0 6 0 8 0 1 0 2 0 4 1 0 0 0 0 4 0 2 0 7 0 3 0 6 0 7 1 0 0 1 0 0 0 8 0 2 0 5 0 3 1 0 0 0 0 2 1 0 0 1 0 6 0 4 0 8 0 3 0 1 0 8 0 4 1 0 0 5 1 0 0 0 0 1 0 5 0 2 0 7 0 0 0 4 0 7 1 0 0 6 0 1 1 0 0 1 0 2 1 0 0 7 0 3 0 5 0 8 0 1 0 7 0 6 0 4 0 0 1 0 0 4 0 5 0 2 1 0 0 5 0 2 0 7 0 5 0 2 0 4 0 4 0 6 0 4 1 0 0 6 0 2 1 0 0 8 0 4 0 4 1 0 0 0 0 0 0 1 0 7 0 8 0 2 0 3 0 4 0 6 0 8 0 7 0 3 0 7 0 3 0 8 0 0
0 419 1 0 8 0 7 0 8 0 7 0 7 1 0 0 1 0 5 0 4 0 5 0 8 0 8 0 5 0 7 0 7 0 1 0 2 0 2 0 7 0 6 0 6 1 0 0 4 0 2 0 4 0 8 0 0 0 2 0 8 0 8 0 1 0 2 0 8 0 1 0 3 1 0 0 7 0 4 0 6 0 8 0 1 0 3 0 7 0 5 0 7 0 1 0 0 0 5 0 8 0 4 0 1 0 2 0 2 0 6 0 8 0 0 0 7 0 1 0 5 0 6 0 1 0 1 0 7 0 2 0 4 0 4 1 0 1 0 1 0 0 3 0 2 1 0 0 4 1 0 1 0 0 8 0 3 1 0 0 6 0 4 0 5 0 4 0 5 0 8 0 0 0 4 0 3 0 4 0 6 0 2 0 6 1 0 1 0 0 5 0 1 0 6 0 3 0 4 1 0 0 3 0 8 0 1 0 3 0 7 0 2 0 3 0 0 0 1 0 2 0 2 1 0 0 8 0 4 0 7 0 3 0 4 1 0 1 0 0 0 0 8 0 5 0 4 0 8 0 3 0 6 1 0 0 2 0 1 0 6 0 6 0 0 0 8 0 7 1 0 0 5 0 8 0 2 0 3 0 0 0 7 0 7 0 3 0 7 0 1 0 0 0 1 1 0 0 0 0 3 0 0 0 6 0 4 0 1 1 0 0 7 0 0 0 2 0 4 0 8 0 1 0 5 1 0 0 4 0 8 0 1 0 7 0 4 0 5 0 3 1 0 0 2 0 8 0 8 0 0 0 6 1 0 0 0 0 6 0 5 0 1 0 5 1 0 0 0 0 4 0 1 0 0 0 2 0 6 1 0 0 7 0 0 0 0 1 0 0 0 0 0 0 3 0 5 0 7 0 5 0 6 1 0 0 4 0 8 0 5 0 8 0 4 0 8 0 6 0 1
0 419 3 0 7 0 6 0 8 0 6 0 6 1 0 0 3 0 1 0 0 0 2 0 8 0 8 0 2 0 6 0 5 0 3 0 4 0 5 0 5 0 4 0 4 1 0 0 8 0 4 1 0 0 7 0 1 0 5 0 7 0 7 0 3 0 5 0 6 0 3 0 7 1 0 0 5 0 0 0 4 0 7 0 3 0 7 0 5 0 2 0 5 0 3 0 1 0 1 0 7 1 0 0 3 0 4 0 5 0 3 0 7 0 2 0 4 0 4 0 1 0 3 0 3 0 3 0 4 0 5 1 0 0 1 0 0 1 0 0 8 0 5 0 5 1 0 0 0 0 0 1 0 0 6 1 0 0 0 0 3 0 0 0 2 0 0 0 2 0 7 0 1 0 8 0 6 1 0 0 3 0 6 0 4 0 0 1 0 0 0 0 4 0 2 0 7 1 0 1 0 0 7 0 6 0 3 0 7 0 4 0 5 0 6 0 0 0 2 0 4 0 5 1 0 0 7 0 0 0 5 0 8 0 0 0 0 0 8 0 0 0 7 0 2 0 0 0 7 0 8 0 3 1 0 0 4 0 3 0 3 0 3 0 2 0 7 0 7 0 0 0 1 0 7 0 5 0 6 0 1 0 5 0 5 0 8 0 4 0 3 0 0 0 3 0 7 1 0 0 6 0 1 0 2 1 0 0 4 1 0 0 4 0 1 0 4 1 0 0 7 0 4 0 1 1 0 1 0 0 7 0 4 0 5 0 0 0 1 0 8 0 8 0 4 0 7 0 7 0 2 0 3 1 0 0 1 0 3 0 1 0 4 0 1 1 0 0 0 0 8 0 2 0 0 0 5 0 4 0 0 0 4 0 1 0 1 0 7 1 0 0 0 0 7 0 1 0 6 0 2 0 4 1 0 1 0 0 8 0 2 0 8 0 0 0 8 0 3 0 3
1 419 7 0 5 0 4 0 8 0 4 0 4 1 0 0 6 0 2 0 0 0 5 0 7 0 7 0 6 0 3 0 1 0 7 1 0 0 2 0 2 0 0 0 1 0 0 0 7 0 1 0 0 0 4 0 4 0 1 0 6 0 5 0 8 0 1 0 3 0 8 0 6 0 0 0 0 0 1 1 0 0 5 0 8 0 5 0 1 0 6 0 0 0 7 0 2 0 3 0 5 1 0 0 6 1 0 0 1 0 8 0 4 0 5 0 8 0 8 0 2 0 6 0 6 0 6 1 0 0 2 1 0 0 2 0 1 1 0 0 7 0 2 0 2 1 0 0 0 0 1 1 0 0 3 1 0 0 0 0 6 0 0 0 4 0 0 0 5 0 4 0 4 0 7 0 4 1 0 0 7 0 2 1 0 0 2 0 7 1 0 0 8 0 5 0 6 0 0 1 0 0 5 0 3 0 8 0 5 0 0 0 2 0 3 0 1 0 4 1 0 0 3 0 0 0 4 0 2 0 1 0 7 0 1 0 1 0 6 0 2 0 4 0 5 0 1 0 5 0 7 0 8 0 8 0 7 0 6 0 6 0 6 0 5 0 5 0 5 0 1 0 3 0 5 0 2 0 3 0 4 0 1 0 2 0 7 1 0 0 7 0 0 0 7 0 6 0 0 0 2 0 3 0 5 0 8 0 8 0 8 0 7 0 3 0 0 0 0 0 4 1 0 0 4 1 0 1 0 0 5 0 0 0 1 0 1 0 3 0 7 0 8 0 0 0 6 0 5 0 5 0 7 0 8 0 1 0 6 0 2 0 8 0 3 0 8 0 0 0 6 0 5 0 1 0 0 1 0 0 1 0 8 0 2 0 3 0 5 1 0 0 1 0 4 0 4 0 2 0 6 0 0 0 0 1 0 0 6 0 6 0 6 0 2 0 6 0 7 0 6
1 421 1 0 5 0 2 0 0 0 8 0 0 0 1 0 0 0 2 0 5 0 1 0 1 0 6 0 6 0 3 0 7 0 3 0 5 1 0 0 4 0 4 0 0 0 2 0 1 0 4 0 3 0 0 0 8 0 8 0 3 0 3 0 2 0 7 0 3 0 7 0 7 0 3 0 1 0 0 0 3 1 0 0 1 0 8 0 1 0 4 0 2 0 2 0 4 0 5 0 7 0 2 0 0 0 3 1 0 0 3 0 7 0 0 0 2 0 8 0 7 0 6 0 3 0 4 0 4 1 0 0 5 0 8 0 3 0 3 1 0 0 4 0 5 0 5 0 7 1 0 0 3 0 8 0 6 0 8 0 0 0 2 0 1 0 8 0 1 0 1 0 0 0 0 0 6 0 1 0 0 0 4 0 6 0 8 0 4 0 6 0 0 0 7 0 2 0 3 0 2 1 0 0 0 0 8 0 7 0 1 0 1 0 4 0 6 0 2 1 0 1 0 0 6 0 0 0 8 0 4 0 3 0 4 0 3 0 3 0 2 0 5 1 0 0 1 0 4 0 1 0 6 0 8 0 8 0 6 0 4 0 4 0 4 0 2 0 2 0 1 0 3 0 7 0 0 0 5 0 6 0 8 0 2 0 5 0 6 0 0 0 4 0 2 0 5 0 3 0 1 0 4 0 7 0 1 0 8 0 8 0 8 0 5 0 7 0 0 0 1 0 0 0 0 0 0 0 0 1 0 0 0 0 1 0 2 0 2 0 7 0 5 0 7 0 2 0 3 0 2 0 2 0 6 0 7 0 4 0 2 0 6 0 6 0 8 0 6 0 2 0 3 0 1 0 3 0 1 0 8 0 2 0 6 0 5 0 7 0 1 1 0 0 2 0 8 0 8 0 5 0 2 0 1 0 1 1 0 0 3 0 4 0 3 0 6 0 3 0 6 0 4
0 421 3 0 0 0 5 0 1 0 6 0 1 0 2 0 0 0 5 0 0 0 3 0 3 0 3 0 3 0 8 0 4 0 8 0 1 1 0 0 8 0 8 0 0 0 4 0 2 0 8 0 6 0 1 0 7 0 7 0 7 0 6 0 5 0 4 0 8 0 5 0 5 0 7 0 2 0 0 0 7 0 8 0 2 0 6 0 3 0 8 0 4 0 4 1 0 0 2 0 5 0 5 0 0 0 7 0 8 0 6 0 4 0 1 0 5 0 7 0 6 0 3 0 7 1 0 0 1 0 0 0 1 0 7 0 7 0 7 0 8 0 8 0 1 0 2 0 6 1 0 0 7 0 7 0 4 0 7 0 1 0 4 0 3 0 6 0 3 0 2 0 0 0 1 0 2 0 3 0 0 1 0 0 4 0 8 0 0 0 3 0 2 0 4 0 5 0 6 0 5 0 8 0 0 0 7 0 5 0 3 0 2 1 0 0 3 0 6 1 0 1 0 0 2 0 2 0 6 1 0 0 7 0 8 0 6 0 6 0 5 0 1 1 0 0 2 0 8 0 3 0 3 0 8 0 8 0 3 1 0 1 0 1 0 0 5 0 4 0 2 0 7 0 4 0 2 0 1 0 4 0 7 0 6 0 1 0 3 0 1 0 8 0 5 0 0 0 7 0 2 1 0 0 5 0 4 0 7 0 8 0 8 0 2 0 5 0 1 0 2 0 0 0 0 0 0 0 1 0 7 1 0 0 2 0 4 0 5 0 5 0 2 0 5 0 5 0 6 0 4 0 5 0 3 0 5 1 0 0 6 0 3 0 4 0 8 0 3 0 5 0 6 0 2 0 6 0 3 0 6 0 6 0 3 0 2 0 5 0 4 0 8 0 4 0 7 0 8 0 1 0 5 0 2 0 3 0 8 0 5 0 8 0 7 0 2 0 8 0 3 0 0
0 421 6 0 1 0 0 0 4 0 2 0 3 0 4 0 1 0 0 0 1 0 6 0 6 0 6 0 7 0 7 0 0 0 7 0 4 1 0 0 7 0 7 0 1 0 8 0 5 0 7 0 3 0 4 0 5 0 6 0 6 0 4 0 2 0 0 0 8 0 2 0 2 0 5 0 5 0 1 0 5 0 7 0 6 0 2 0 8 0 7 0 0 0 0 1 0 0 5 0 1 0 1 0 2 0 5 0 8 0 3 1 0 0 4 0 1 0 6 0 3 0 8 0 5 1 0 0 2 0 0 0 3 0 5 0 6 0 6 0 8 0 7 0 3 0 5 0 4 0 0 0 5 0 6 0 0 0 5 0 3 0 8 0 7 0 2 0 7 0 4 0 0 0 2 0 4 0 6 0 1 0 8 0 8 0 6 0 1 0 6 0 4 1 0 0 2 0 4 0 2 0 7 0 2 0 5 0 1 0 7 0 5 0 8 0 6 0 4 0 0 0 8 0 3 0 5 0 4 0 0 0 5 0 8 0 4 0 4 0 1 0 4 0 8 0 4 0 6 0 7 0 7 0 7 0 7 1 0 0 0 1 0 1 0 0 0 1 0 0 6 0 4 1 0 0 5 0 2 1 0 0 6 0 3 0 3 0 6 0 3 0 7 0 1 0 2 0 4 0 6 1 0 0 1 0 0 0 6 0 8 0 7 0 6 0 0 0 3 0 4 0 0 0 0 0 0 0 3 0 5 1 0 0 4 1 0 0 2 0 1 0 6 0 1 0 2 0 4 0 0 0 1 0 8 0 2 0 0 0 2 0 7 1 0 0 7 0 8 0 1 0 3 0 6 0 2 0 8 0 3 0 3 0 7 0 5 0 1 0 0 0 8 0 0 0 6 0 7 0 4 0 0 0 5 0 7 0 7 0 2 0 8 0 5 0 6 0 6 0 7 0 0
0 423 1 0 2 0 3 0 0 0 8 0 4 0 6 0 8 0 2 0 0 0 3 0 3 0 4 0 4 0 6 0 5 0 2 0 5 0 1 0 0 0 5 0 5 0 4 0 7 0 2 0 5 0 7 1 0 0 2 0 4 0 3 1 0 0 5 0 1 0 6 0 5 0 5 0 1 0 1 0 4 0 1 0 6 0 3 0 6 0 7 0 5 0 1 0 1 1 0 0 0 0 3 0 2 0 5 0 1 0 7 0 8 0 8 0 7 0 3 0 2 0 8 0 7 0 2 1 0 0 4 0 0 0 7 0 1 0 4 0 4 0 8 0 5 0 8 0 0 1 0 0 2 0 1 0 3 0 2 0 0 0 8 0 7 0 5 0 6 0 4 1 0 0 1 0 4 1 0 0 3 0 4 0 7 0 8 0 3 0 4 0 3 0 0 1 0 0 4 0 8 0 5 0 4 0 6 0 0 0 4 0 5 0 2 0 8 0 3 1 0 0 2 0 6 0 8 0 0 1 0 0 2 0 1 0 7 1 0 1 0 0 3 1 0 0 8 0 0 0 4 0 6 0 6 0 6 0 6 1 0 0 1 1 0 0 8 0 0 1 0 0 3 0 1 0 0 0 0 0 6 1 0 0 2 0 7 0 7 0 2 0 8 0 4 0 3 0 4 1 0 0 4 1 0 0 2 0 1 0 3 0 8 0 6 0 3 0 1 0 6 0 8 0 0 0 0 0 0 0 7 0 1 1 0 1 0 1 0 0 4 0 3 0 2 0 3 0 4 0 8 0 0 0 3 0 6 0 5 0 0 0 5 0 6 0 0 0 5 0 7 0 3 0 7 0 2 0 6 0 6 0 7 0 7 0 5 0 1 0 3 0 1 0 6 0 2 0 3 0 5 1 0 0 2 0 1 0 6 0 5 0 6 0 7 0 2 0 4 0 4 0 5 0 1
0 423 2 0 4 0 6 0 1 0 7 0 0 0 4 0 7 0 5 0 0 0 6 0 6 1 0 0 0 0 4 0 1 0 6 0 0 0 3 0 1 0 1 0 2 0 0 0 5 0 6 0 1 0 6 1 0 0 4 0 8 0 7 1 0 0 0 0 4 0 3 0 2 0 1 0 3 0 2 0 8 0 3 0 2 0 8 0 3 0 6 0 1 0 3 0 3 0 7 1 0 0 6 0 5 0 0 0 4 0 5 0 8 0 8 0 5 0 7 0 5 0 7 0 5 0 6 0 8 0 7 0 1 0 4 0 3 1 0 0 0 0 8 0 2 0 7 0 2 0 8 0 3 0 2 0 6 0 4 0 1 0 7 0 6 0 2 0 4 0 0 1 0 0 2 1 0 1 0 0 6 1 0 0 6 0 7 0 7 0 8 0 6 0 1 0 8 0 8 0 7 0 2 0 0 0 3 0 1 1 0 0 1 0 6 0 6 0 8 0 8 0 4 0 3 0 7 0 2 0 8 0 3 0 3 0 6 0 0 0 8 0 6 1 0 0 6 0 1 1 0 0 4 0 4 0 4 0 4 1 0 0 3 1 0 0 6 0 2 0 8 0 5 0 2 0 0 0 1 0 3 1 0 0 5 0 5 0 5 0 6 0 6 1 0 0 7 1 0 1 0 1 0 1 0 0 4 0 2 0 7 0 7 0 3 0 7 0 3 0 3 0 7 0 1 0 0 0 1 0 4 0 4 1 0 1 0 0 8 0 7 0 6 0 4 0 6 1 0 0 7 0 1 0 7 0 3 0 1 0 2 0 1 0 3 0 2 0 1 0 5 0 8 0 4 0 6 0 3 0 4 0 6 0 6 0 1 0 3 0 6 0 3 0 2 0 5 0 7 0 1 1 0 0 4 0 3 0 3 0 2 0 4 0 5 0 5 1 0 0 0 0 1 0 3
1 423 4 1 0 0 3 0 4 0 4 0 1 1 0 0 6 0 1 0 2 0 3 0 4 1 0 0 0 0 8 0 3 0 2 0 1 0 6 0 2 0 2 0 4 0 1 0 1 0 3 0 4 0 3 1 0 1 0 0 8 0 6 1 0 0 0 0 8 0 6 0 4 0 2 0 6 0 5 0 6 0 7 0 5 0 6 0 8 0 2 0 3 0 6 0 7 0 6 0 0 0 3 0 1 0 1 1 0 0 2 0 8 0 8 0 2 0 6 0 2 0 6 0 2 0 4 0 8 0 5 0 3 0 8 0 7 0 8 0 0 0 6 0 6 0 4 0 6 0 6 0 7 0 5 0 2 1 0 0 4 0 5 0 3 0 5 0 8 0 1 0 8 0 4 1 0 1 0 0 4 0 0 0 3 0 6 0 6 0 8 0 3 0 4 0 7 0 8 0 5 0 5 0 0 0 6 0 3 0 8 0 2 0 3 0 4 0 8 0 7 1 0 0 8 0 4 0 6 0 6 0 7 0 7 0 2 0 2 0 7 0 5 0 0 0 2 0 4 0 8 0 7 1 0 0 0 0 0 1 0 0 7 1 0 0 2 0 6 0 7 0 1 0 5 0 0 0 2 0 7 1 0 0 1 0 2 0 2 0 4 0 5 0 0 0 6 0 0 1 0 1 0 0 8 0 7 0 5 0 5 0 5 0 8 0 4 0 7 0 7 0 4 0 3 0 0 0 2 1 0 0 1 0 0 1 0 0 7 0 6 0 4 0 0 0 5 0 0 0 4 0 4 0 4 0 7 0 2 0 4 0 2 0 6 0 4 0 3 0 1 0 8 0 0 0 3 0 7 1 0 0 4 0 3 0 3 0 7 0 2 0 7 0 5 0 1 0 5 0 4 0 8 0 7 0 6 0 6 0 4 1 0 0 2 0 2 1 0 0 0 0 2 0 6
0 424 1 0 1 0 0 6 0 8 0 8 0 3 1 0 0 2 0 3 0 4 0 6 1 0 1 0 0 1 0 6 0 7 0 4 0 3 0 2 0 5 0 4 0 8 0 2 0 2 0 6 0 8 0 7 1 0 1 0 0 7 0 4 1 0 0 1 0 7 0 3 1 0 0 6 0 3 0 2 0 4 0 6 0 2 0 4 0 7 0 5 0 7 0 3 0 6 0 3 0 1 0 6 0 2 0 3 0 8 0 4 0 7 0 7 0 6 0 2 0 6 0 2 0 5 1 0 0 8 0 1 0 8 0 7 0 6 0 7 0 2 0 3 0 4 0 0 0 4 0 4 0 6 0 1 0 6 0 8 0 8 0 0 0 8 0 1 0 7 0 4 0 7 0 1 0 0 0 8 0 7 0 0 0 7 0 3 0 4 0 7 0 7 1 0 0 6 0 8 0 2 0 1 0 2 0 2 0 8 0 6 0 5 0 6 1 0 0 8 0 7 0 0 0 7 0 0 0 4 0 4 0 6 0 5 0 5 0 5 0 5 0 1 0 1 0 4 1 0 0 8 0 6 1 0 0 0 0 1 1 0 0 5 1 0 0 5 0 3 0 5 0 4 0 0 0 1 0 5 0 5 1 0 0 2 0 4 0 4 1 0 0 1 0 2 0 2 0 2 1 0 1 0 0 7 0 6 0 2 0 2 0 2 0 8 0 0 0 6 0 5 1 0 0 7 0 0 0 5 0 8 0 1 0 1 1 0 0 5 0 3 1 0 0 2 0 0 0 1 1 0 0 0 0 0 0 5 0 5 0 8 0 5 0 2 1 0 0 7 0 3 0 6 0 1 0 7 0 5 1 0 0 8 0 6 0 7 0 4 0 6 0 5 0 1 0 4 0 1 0 0 0 8 0 6 0 4 0 4 0 0 1 0 0 4 0 5 0 7 1 0 0 5 0 3
1 425 1 1 0 1 0 0 3 0 8 0 7 0 8 0 8 0 3 0 6 1 0 0 5 0 0 0 8 0 2 0 3 0 5 1 0 0 7 0 5 0 1 0 0 0 7 0 5 0 5 0 3 0 8 0 7 0 0 1 0 0 5 0 0 1 0 0 3 0 4 1 0 0 0 0 2 0 7 0 4 1 0 0 3 0 5 1 0 0 6 0 2 0 5 0 8 0 2 0 7 0 3 0 2 0 5 0 7 0 7 0 0 0 6 0 6 0 3 0 6 0 2 0 6 0 2 0 0 0 6 0 4 0 7 0 6 0 4 0 5 0 5 0 6 0 8 0 0 1 0 0 0 0 3 0 4 0 3 0 8 0 7 0 2 0 6 0 4 0 5 0 0 0 5 0 3 0 1 0 7 0 5 0 2 0 4 0 7 1 0 0 6 0 7 0 0 0 3 0 7 0 5 0 2 0 4 0 5 0 7 0 4 0 2 0 5 0 0 0 7 0 5 0 2 0 4 0 1 1 0 0 0 0 4 0 2 0 2 0 2 0 1 0 3 0 3 0 0 0 0 0 7 0 4 1 0 0 0 0 3 1 0 0 2 0 0 0 0 0 8 0 0 1 0 0 1 0 3 0 1 0 2 1 0 0 4 1 0 0 0 1 0 0 2 0 4 0 4 0 5 1 0 1 0 0 5 0 3 0 5 0 4 0 5 0 6 0 2 0 3 0 3 0 0 0 4 0 2 0 1 0 7 0 3 0 3 1 0 0 0 0 8 0 8 0 3 0 0 0 3 0 7 1 0 0 1 0 1 0 2 0 8 0 1 0 6 1 0 0 4 0 8 0 2 0 4 0 5 0 3 0 0 0 7 0 4 0 6 0 0 0 4 0 1 0 3 0 8 0 2 0 1 0 7 0 3 1 0 1 0 0 2 0 8 0 8 0 1 0 7 0 0 0 0 0 7
1 425 3 1 0 0 8 0 6 0 7 0 6 0 8 0 7 0 8 0 4 0 0 0 0 0 2 0 6 0 5 0 7 0 2 0 0 0 5 0 1 0 3 0 1 0 5 0 2 0 1 0 8 0 7 0 5 0 2 1 0 0 0 0 2 0 8 0 5 1 0 1 0 0 0 0 5 0 5 0 0 1 0 0 7 0 2 0 0 0 2 0 6 0 1 0 7 0 6 0 4 0 7 0 5 0 1 0 6 0 5 0 2 0 3 0 3 0 8 0 2 0 6 0 2 0 5 0 1 0 3 0 0 0 6 0 4 0 0 0 2 0 2 0 4 0 7 0 2 0 7 1 0 0 6 0 8 0 7 0 7 0 5 0 6 0 3 0 0 0 1 0 2 0 0 0 7 0 3 0 5 0 1 0 5 1 0 0 7 0 0 0 3 0 5 0 1 0 7 0 5 0 1 0 5 1 0 0 2 0 5 1 0 0 6 0 0 0 2 0 5 0 1 0 5 0 8 0 3 0 7 1 0 0 8 0 4 0 4 0 4 0 2 0 6 0 6 0 0 0 1 0 5 0 0 1 0 0 0 0 7 0 8 0 3 0 0 0 1 0 6 0 2 0 8 0 1 0 6 0 2 0 5 0 8 0 8 0 8 0 0 0 8 0 3 1 0 0 0 0 3 0 0 1 0 0 0 0 8 0 1 0 0 0 2 0 3 0 5 0 6 0 6 0 0 0 8 0 4 0 3 0 4 0 7 0 7 0 8 0 0 0 7 0 7 0 7 0 0 0 7 0 5 1 0 0 2 0 2 0 5 0 6 0 4 0 3 1 0 1 0 0 7 0 5 1 0 0 1 0 7 0 1 0 5 0 0 0 3 0 1 0 8 0 2 0 7 0 6 0 5 0 3 0 4 1 0 0 0 0 8 0 4 0 7 0 7 0 4 0 4 0 1 0 1 0 5
0 425 7 1 0 0 7 0 4 0 6 0 4 0 8 0 6 0 7 1 0 0 1 0 0 0 5 0 3 0 2 0 5 0 5 0 1 0 0 0 3 0 6 0 3 0 0 0 5 0 3 0 7 0 6 0 1 0 6 0 7 1 0 0 5 0 7 0 3 0 0 0 8 0 0 0 1 0 1 0 2 1 0 0 4 0 5 0 0 0 5 0 2 0 4 0 5 0 4 0 0 0 6 0 1 0 4 0 3 0 1 0 5 0 6 0 7 0 6 0 6 0 2 0 6 0 0 0 3 0 6 0 1 0 2 1 0 0 1 0 4 0 4 1 0 0 5 0 6 0 6 0 0 0 3 0 8 0 6 0 6 0 2 0 3 0 7 0 0 0 2 0 4 0 1 0 4 0 8 0 0 0 4 0 2 0 0 0 4 0 1 0 7 0 0 0 4 0 5 0 1 0 4 0 1 1 0 0 5 0 2 0 0 0 2 0 1 0 5 0 0 0 4 0 1 0 7 0 8 0 6 0 0 0 6 1 0 1 0 1 0 0 6 0 3 0 3 0 1 0 3 0 0 0 2 0 8 0 0 0 5 0 7 0 7 0 0 0 3 0 2 0 6 0 6 0 4 0 2 0 6 0 1 0 8 0 8 0 7 0 2 0 6 0 8 0 7 1 0 0 6 0 1 0 8 0 0 0 6 0 3 0 0 0 4 0 7 0 1 0 4 0 3 0 2 0 6 1 0 0 7 1 0 0 6 0 6 0 7 0 2 0 5 0 6 0 5 0 2 0 5 0 2 1 0 0 4 0 5 0 1 0 3 1 0 1 0 0 0 1 0 0 5 0 2 1 0 0 3 0 4 0 4 0 0 0 1 0 6 0 3 0 6 0 6 0 5 0 4 0 1 0 7 1 0 1 0 0 1 0 7 0 0 0 6 0 5 1 0 1 0 0 3 0 3 0 1
0 427 1 0 6 0 0 0 5 0 0 0 4 0 0 0 8 0 4 0 6 1 0 0 2 0 1 0 0 0 7 0 5 0 1 0 1 0 3 0 0 0 7 0 2 0 7 0 1 0 0 0 8 0 5 0 3 0 4 0 3 0 7 0 0 0 1 0 5 0 7 0 1 0 6 0 1 0 2 0 2 0 5 0 8 0 8 0 0 0 2 0 0 0 5 1 0 0 1 1 0 0 2 0 2 0 3 0 8 0 6 0 3 0 1 0 4 0 6 0 4 0 3 0 6 0 2 0 1 0 7 0 2 0 3 0 5 0 8 0 1 1 0 0 1 0 0 0 1 0 4 0 3 0 1 0 7 0 7 0 4 0 3 0 5 0 7 0 4 0 1 0 4 0 8 0 2 1 0 0 7 0 1 0 8 0 4 0 0 0 8 0 3 0 4 0 1 1 0 0 1 0 3 0 8 0 3 1 0 0 0 0 5 0 0 0 4 0 3 0 0 0 1 0 8 0 3 0 5 0 8 0 3 0 2 0 4 0 0 1 0 1 0 0 2 0 7 0 6 0 2 0 6 0 0 0 5 0 6 0 2 0 1 0 6 0 5 0 1 0 6 0 5 0 3 0 3 1 0 0 6 0 2 0 4 0 7 0 8 0 5 0 6 0 3 0 8 0 7 0 0 0 2 0 4 0 6 0 2 0 2 0 7 0 0 1 0 0 5 0 3 0 8 0 6 0 5 0 4 0 0 0 6 0 0 0 3 0 4 0 5 0 6 0 1 0 4 0 1 0 6 0 0 0 6 0 8 0 8 0 0 0 3 0 7 1 0 0 8 0 0 1 0 0 0 0 6 0 8 0 5 0 8 0 8 0 0 0 3 0 2 0 8 0 3 0 4 0 1 1 0 0 4 0 6 0 0 0 8 0 2 0 4 0 2 0 3 0 3 0 0 0 8 0 5 0 6 0 2
1 427 3 0 2 0 2 0 0 0 1 0 8 0 1 0 7 0 0 0 4 1 0 0 4 0 2 0 1 0 5 0 1 0 3 0 2 0 6 0 1 0 4 0 6 0 4 0 3 0 1 0 7 0 1 0 7 0 8 0 7 0 4 0 1 0 3 0 1 0 5 0 4 0 2 0 3 0 4 0 5 0 1 0 8 0 7 0 1 0 4 0 1 0 1 1 0 0 3 0 8 0 3 0 4 0 7 0 7 0 3 0 7 0 2 1 0 0 3 1 0 0 8 0 2 0 5 0 3 0 4 0 5 0 7 0 1 0 7 0 4 0 8 0 1 0 0 0 2 0 8 0 6 0 3 0 5 0 5 1 0 0 8 0 1 0 5 1 0 0 3 1 0 0 7 0 6 1 0 0 4 0 4 0 6 1 0 0 2 0 6 0 7 0 8 0 3 0 8 0 1 0 7 0 6 0 8 0 8 0 0 0 0 0 1 0 8 0 6 0 0 0 3 0 6 0 8 0 1 0 7 0 7 0 4 0 8 0 1 1 0 0 8 0 4 0 5 0 3 0 6 0 2 0 2 0 1 0 3 0 5 0 3 0 3 0 1 0 4 0 3 0 1 0 7 0 7 1 0 0 2 0 5 1 0 0 6 0 8 0 2 0 3 0 8 0 7 0 5 0 1 0 4 1 0 0 3 0 5 0 5 0 4 0 2 1 0 0 0 0 8 0 7 0 4 0 1 1 0 0 2 0 2 0 1 0 6 1 0 0 2 0 3 0 3 0 8 0 3 0 2 0 2 0 3 0 8 0 7 0 1 0 7 0 6 0 0 0 6 0 2 0 8 0 0 0 3 0 8 0 2 0 8 0 7 0 1 0 6 0 5 0 6 0 7 0 8 0 3 0 8 0 8 0 2 0 2 0 6 0 5 0 8 0 4 0 6 0 6 0 1 0 7 0 2 0 3 0 5
0 427 6 0 4 0 4 0 0 0 3 0 6 0 4 0 4 0 1 1 0 1 0 0 8 0 4 0 3 0 0 0 3 0 6 0 5 0 2 0 3 1 0 0 3 1 0 0 7 0 3 0 4 0 4 0 5 0 8 0 5 1 0 0 3 0 6 0 3 0 0 1 0 0 5 0 6 1 0 0 1 0 4 0 7 0 5 0 3 0 8 0 2 0 3 0 8 0 6 0 6 0 7 1 0 0 6 0 5 0 8 0 4 0 6 0 8 0 6 1 0 0 6 0 6 0 0 0 7 1 0 0 2 0 5 0 4 0 5 0 0 0 7 0 3 0 0 0 5 0 7 0 3 0 8 0 1 0 3 0 0 0 6 0 4 0 1 1 0 0 7 1 0 0 5 0 4 1 0 1 0 0 0 0 4 1 0 0 5 0 3 0 6 0 7 0 8 0 6 0 4 0 5 0 4 0 8 0 7 0 1 0 0 0 3 0 7 0 3 0 1 0 7 0 3 0 7 0 4 0 5 0 6 0 0 0 7 0 4 1 0 0 7 0 0 0 1 0 8 0 2 0 5 0 4 0 2 0 7 0 0 0 7 0 6 0 2 0 8 0 6 0 3 0 5 0 6 1 0 0 5 0 2 0 0 0 3 0 7 0 5 0 7 0 7 0 6 0 1 0 3 1 0 1 0 0 7 0 1 0 1 1 0 0 6 0 8 0 0 0 7 0 5 1 0 0 4 0 8 0 3 0 4 0 3 0 3 1 0 0 4 0 6 0 7 0 6 0 7 0 4 0 4 0 7 0 7 0 5 0 4 0 5 0 3 0 2 0 2 0 6 0 6 0 1 0 7 0 6 0 6 0 7 0 5 0 4 0 3 0 2 0 4 0 6 0 7 0 8 0 7 0 7 0 5 0 5 0 3 0 2 0 8 0 0 0 4 0 3 0 4 0 4 0 5 0 7 0 1
0 429 1 0 2 1 0 1 0 0 1 0 7 0 2 1 0 1 0 0 4 1 0 1 0 0 6 1 0 0 7 0 0 0 7 0 3 0 1 0 5 0 7 0 8 0 6 1 0 0 4 0 7 1 0 0 0 0 2 0 8 0 2 1 0 0 7 0 2 0 7 0 1 1 0 0 1 0 4 1 0 0 2 1 0 0 6 0 1 0 8 0 6 0 5 0 7 0 7 0 4 0 4 0 7 0 0 0 3 0 2 0 8 0 0 0 4 0 8 0 5 0 0 0 3 0 3 0 2 0 5 1 0 0 5 0 1 0 0 0 1 0 2 0 4 0 7 0 1 0 1 0 5 0 8 0 6 0 3 0 6 0 1 0 2 1 0 0 4 1 0 0 6 0 0 0 1 0 1 0 0 0 8 0 0 0 0 0 0 0 0 0 8 0 3 0 6 0 8 0 4 0 0 0 2 0 0 0 8 0 5 0 3 0 0 0 7 0 4 0 7 0 3 0 4 0 8 0 5 0 0 0 2 0 3 0 2 0 5 0 1 0 0 0 4 0 1 0 3 0 6 0 6 0 0 1 0 0 6 0 4 0 2 0 5 0 3 0 6 0 7 0 3 0 8 0 1 0 5 0 0 0 0 0 5 0 0 0 7 0 5 0 2 0 6 0 6 0 3 0 3 0 7 1 0 1 0 0 4 0 3 0 3 1 0 0 3 0 7 0 2 0 5 0 2 1 0 1 0 0 7 0 7 0 8 0 6 0 7 0 8 0 8 0 3 0 6 0 4 0 6 0 0 0 0 0 6 0 6 0 2 0 0 0 1 0 7 0 4 0 5 0 3 0 3 0 4 0 5 0 4 0 4 0 6 0 1 1 0 0 7 0 4 1 0 0 4 0 6 0 8 0 6 0 6 0 2 0 1 0 7 0 5 0 6 0 1 0 8 0 6 1 0 0 0 0 2 0 5 0 3
1 429 2 0 5 1 0 0 8 0 2 0 4 0 6 1 0 1 0 0 0 0 0 1 0 0 4 0 0 0 4 0 2 0 4 0 7 0 3 0 1 0 6 0 8 0 4 1 0 1 0 0 6 1 0 0 0 0 5 0 6 0 6 1 0 0 4 0 6 0 4 0 4 0 8 0 1 1 0 1 0 0 5 1 0 0 2 0 4 0 7 0 4 0 2 0 6 0 6 0 0 0 0 0 5 0 1 0 6 0 5 0 6 0 1 1 0 0 8 0 1 0 1 0 6 0 6 0 5 0 2 0 0 0 0 0 3 0 0 0 2 0 4 1 0 0 5 0 3 0 3 0 1 0 8 0 3 0 8 0 2 0 3 0 5 1 0 0 0 0 0 0 2 0 1 0 2 0 2 0 1 0 6 0 1 0 0 0 0 0 1 0 6 0 8 0 3 0 7 1 0 0 1 0 4 0 1 0 7 0 1 0 7 0 1 0 5 0 0 0 5 0 7 1 0 0 8 0 1 0 1 0 4 0 6 0 5 0 0 0 3 0 0 0 8 0 2 0 7 0 3 0 3 0 2 1 0 0 2 1 0 0 6 0 0 0 8 0 3 0 5 0 8 0 6 0 4 0 0 0 1 0 1 0 0 0 2 0 5 0 1 0 6 0 3 0 3 0 7 0 7 0 6 0 0 0 8 0 7 0 6 0 7 0 8 0 6 0 4 0 6 0 0 0 6 1 0 1 0 0 5 0 6 0 8 0 4 0 6 0 8 0 7 0 8 0 3 0 0 0 3 0 1 0 1 0 3 0 3 0 5 0 0 0 3 0 5 0 0 0 1 0 7 0 6 1 0 0 2 0 0 0 0 0 3 0 4 1 0 0 5 0 0 1 0 1 0 0 4 0 8 0 4 0 3 0 5 0 3 0 5 0 2 0 3 0 4 0 7 0 4 1 0 0 0 0 5 0 0 0 7
1 429 5 0 2 0 0 0 6 0 5 1 0 0 5 0 0 0 7 1 0 0 1 0 8 0 7 0 0 0 8 0 4 1 0 0 5 0 7 0 3 0 3 0 8 0 1 0 0 1 0 0 3 1 0 0 1 0 1 0 4 0 4 1 0 1 0 0 4 0 0 0 0 0 7 0 4 1 0 1 0 0 1 1 0 0 4 1 0 0 5 1 0 0 6 0 3 0 3 0 1 0 1 0 0 0 4 0 3 0 2 0 3 0 4 1 0 0 6 0 3 0 3 0 3 0 4 0 1 0 5 0 0 0 0 0 6 0 0 0 5 0 0 0 0 0 0 0 7 0 6 0 3 0 6 0 8 0 6 0 5 0 7 0 1 1 0 0 0 0 0 0 4 0 2 0 4 0 4 0 3 0 2 0 3 0 0 0 0 0 3 0 3 0 7 0 8 0 5 1 0 0 2 0 8 0 3 0 4 0 4 0 4 0 4 0 0 0 2 0 1 0 7 0 0 0 6 0 3 0 2 1 0 0 4 0 1 0 1 0 6 0 1 0 6 0 6 0 4 0 7 0 6 0 5 0 8 0 4 1 0 0 2 0 2 0 6 0 8 0 1 0 8 0 3 1 0 0 1 0 2 0 2 0 0 0 5 0 0 0 4 0 2 0 7 0 7 0 5 0 6 0 3 0 2 0 7 0 6 0 4 0 6 0 8 0 4 0 0 0 3 0 2 0 4 0 0 1 0 0 1 0 4 0 8 0 0 0 4 0 8 0 6 0 7 0 7 0 0 0 6 0 2 0 2 0 6 0 7 0 0 0 1 0 7 0 0 0 1 0 3 0 5 0 4 1 0 0 4 0 0 0 0 0 7 0 0 0 0 0 0 0 2 1 0 0 8 0 8 0 6 1 0 0 8 0 0 0 8 0 0 0 5 0 6 1 0 0 6 0 0 1 0 0 1 0 0 0 2 0 5
0 431 1 0 0 0 5 0 1 0 3 0 3 0 0 0 0 0 2 0 5 1 0 0 3 0 7 0 5 0 2 0 7 0 1 0 0 0 1 0 5 0 7 0 7 0 6 0 3 0 1 0 8 0 6 0 8 0 1 0 2 1 0 0 1 0 0 0 8 0 7 0 0 0 1 0 5 0 1 0 0 0 8 0 2 1 0 0 0 0 0 0 2 0 0 0 2 0 7 0 6 0 2 0 2 0 0 0 8 0 6 0 4 0 7 0 0 0 0 0 2 0 7 0 6 0 6 0 8 0 3 0 0 0 1 0 1 0 2 0 2 0 0 0 1 0 0 0 1 0 5 0 3 0 8 0 3 0 8 0 4 0 2 0 5 0 4 0 7 1 0 0 0 0 8 0 4 0 8 0 8 0 6 0 4 0 6 0 0 0 0 0 6 0 7 0 5 0 8 0 2 1 0 0 5 0 6 0 7 0 8 0 8 0 8 0 8 0 0 0 4 0 3 0 4 0 2 0 2 0 7 0 5 0 8 0 7 0 2 0 3 0 2 0 4 0 3 0 4 0 0 0 6 0 4 0 2 0 8 0 0 1 0 0 4 0 5 0 3 0 7 0 4 0 6 0 8 0 8 0 1 0 4 0 4 0 1 0 0 0 1 0 8 0 5 0 5 0 6 0 2 0 3 0 7 0 5 0 5 0 4 0 0 0 4 0 7 1 0 0 1 0 6 0 4 0 8 0 1 0 8 0 1 1 0 0 7 0 1 1 0 0 8 0 4 0 6 0 5 0 2 0 2 0 5 0 5 0 3 0 5 0 1 0 3 0 4 0 1 0 2 0 7 0 1 0 0 1 0 0 8 0 0 0 1 0 4 0 1 0 0 0 0 0 5 1 0 0 7 0 8 0 5 0 0 0 6 0 2 0 6 0 2 0 1 0 5 0 0 0 2 0 2 0 8 0 1 0 0 0 5 0 1
0 431 2 0 1 0 0 0 3 0 6 0 6 0 0 0 0 0 5 0 1 1 0 0 7 0 5 0 1 0 6 0 4 0 3 0 0 0 3 0 1 0 6 0 6 0 3 0 7 0 3 0 7 0 4 0 7 0 3 0 5 0 8 0 1 0 1 0 7 0 5 0 1 0 3 0 0 0 3 0 1 0 6 0 6 0 7 1 0 0 0 0 4 0 0 0 5 0 5 0 3 0 5 0 4 0 1 0 7 0 4 0 0 0 5 0 1 0 0 0 5 0 5 0 4 0 4 0 7 0 7 0 0 0 2 0 2 0 4 0 4 0 0 0 2 0 0 0 3 0 0 0 8 0 6 0 8 0 6 1 0 0 6 0 1 0 0 0 6 1 0 0 1 0 7 0 0 0 8 0 8 0 4 0 0 0 3 0 1 0 1 0 3 0 6 0 2 0 7 0 6 1 0 0 1 0 4 0 6 0 8 0 8 0 8 0 7 0 1 0 8 0 6 0 8 0 4 0 5 0 5 0 2 0 8 0 5 0 5 0 6 0 4 0 8 0 6 0 8 0 1 0 2 1 0 0 6 0 6 0 2 0 8 0 8 0 0 0 8 0 5 0 0 0 4 0 8 0 7 0 3 0 8 0 8 0 2 0 0 0 3 0 7 0 2 0 2 0 3 0 5 0 7 0 5 0 2 0 1 1 0 0 1 1 0 0 6 1 0 0 3 0 3 0 0 0 7 0 4 0 6 0 4 1 0 0 4 0 4 1 0 0 7 0 0 0 4 0 1 0 5 0 5 0 1 0 1 0 8 0 0 0 3 0 6 0 8 0 2 0 5 0 4 0 3 0 1 1 0 0 6 0 1 0 2 0 8 0 2 0 0 0 1 0 2 0 0 0 5 0 8 0 1 0 2 0 2 0 6 0 2 0 5 0 3 0 0 0 1 0 4 0 5 0 6 0 3 0 1 0 0 0 3
1 431 4 0 2 0 0 0 7 0 3 0 3 0 1 0 1 0 0 0 4 1 0 0 5 0 1 0 4 0 2 1 0 0 7 0 0 0 6 0 3 0 3 0 3 0 8 0 4 0 8 0 5 0 0 0 5 0 8 0 1 0 7 0 3 0 3 0 5 0 1 0 3 0 6 0 0 0 6 0 3 0 3 0 4 0 6 1 0 0 0 0 8 0 1 0 1 0 1 0 8 0 0 1 0 0 4 0 4 1 0 0 2 0 0 0 3 0 1 0 1 0 2 0 0 0 0 0 6 0 5 0 1 0 4 0 4 0 8 0 8 0 0 0 4 0 0 0 6 0 1 0 7 0 4 0 8 0 5 0 0 0 2 0 3 0 1 0 3 1 0 0 3 0 4 0 2 0 7 0 7 1 0 0 1 0 6 0 2 0 2 0 7 0 2 0 6 0 5 0 4 1 0 0 2 1 0 0 4 0 8 0 8 0 8 0 5 0 4 0 7 0 4 0 8 0 0 0 2 0 1 0 6 0 7 0 2 0 2 0 4 0 0 0 8 0 4 0 7 0 3 0 5 1 0 0 3 0 3 0 6 0 7 0 7 0 2 0 7 0 1 0 1 1 0 0 8 0 5 0 8 0 7 0 7 0 5 0 0 0 7 0 4 0 5 0 4 0 7 0 1 0 6 0 1 0 5 0 3 0 8 0 2 1 0 0 3 1 0 0 6 0 6 0 1 0 5 0 0 0 4 0 0 1 0 1 0 0 1 0 0 0 4 0 1 0 8 0 3 0 1 0 1 0 3 0 3 0 6 0 1 0 7 0 3 0 7 0 6 0 0 1 0 0 7 0 3 1 0 0 2 0 3 0 5 0 6 0 5 0 0 0 2 0 4 0 1 0 1 0 7 0 3 0 4 0 5 0 2 0 6 0 0 0 7 0 0 0 2 1 0 0 2 0 3 0 7 0 2 0 0 0 6
0 431 8 0 4 0 1 0 4 0 7 0 6 0 2 0 2 0 1 0 0 0 0 0 0 0 3 0 8 0 5 1 0 0 4 0 2 0 2 0 7 0 6 0 7 0 7 0 0 0 8 0 1 0 2 0 1 0 7 0 4 0 4 0 7 0 7 0 0 0 3 0 7 0 2 0 2 0 2 0 7 0 6 1 0 0 4 1 0 0 1 0 6 0 3 0 2 0 3 0 6 0 2 0 8 0 7 1 0 1 0 0 4 0 0 0 6 0 2 0 2 0 4 0 0 0 1 0 3 0 1 0 3 1 0 0 0 0 8 0 7 0 1 0 8 0 1 0 2 0 4 0 5 0 0 0 8 0 1 0 1 0 4 0 6 0 2 0 7 0 8 0 5 0 8 0 5 0 5 0 6 1 0 0 3 0 2 0 5 0 5 0 4 0 6 0 3 0 2 0 0 1 0 0 5 0 8 0 8 0 7 0 8 0 8 0 2 0 0 0 6 0 0 0 7 0 1 0 4 0 3 0 3 0 5 0 5 0 4 0 8 0 1 0 7 0 0 0 5 0 8 0 1 1 0 0 6 0 7 0 3 0 6 0 5 0 6 0 4 0 3 0 3 1 0 0 7 0 2 0 8 0 6 0 6 0 1 0 2 0 5 0 0 0 2 0 0 0 5 0 4 0 2 0 4 0 0 0 8 0 6 0 6 0 8 0 6 1 0 0 3 0 3 0 4 0 0 0 1 0 8 0 1 1 0 0 8 0 1 0 0 0 8 0 3 0 6 0 7 0 2 0 2 0 6 0 7 0 2 0 4 0 4 0 8 0 5 0 3 0 2 1 0 0 4 0 8 0 8 0 3 0 7 0 1 0 4 0 1 0 1 0 4 0 8 0 2 0 3 0 4 0 7 1 0 0 1 0 6 0 2 0 2 0 4 0 1 0 5 0 8 0 3 0 7 0 4 0 5 0 1 0 3
1 433 1 0 6 1 0 0 3 1 0 0 6 0 3 0 5 0 4 0 2 0 0 0 0 0 0 0 7 0 7 0 2 1 0 0 8 0 4 0 5 0 5 0 4 0 6 0 5 0 2 0 6 0 3 0 4 0 3 0 5 0 0 0 0 0 6 0 5 0 1 0 7 0 4 0 5 0 4 0 5 0 5 0 4 1 0 1 0 1 0 0 3 0 2 0 7 0 4 0 7 0 2 0 6 0 7 0 7 0 0 0 8 0 7 0 1 0 2 0 5 0 4 0 8 0 0 0 2 0 6 0 2 0 7 0 8 0 0 0 7 0 5 0 4 0 6 0 3 0 4 1 0 0 1 0 2 0 6 0 3 0 2 1 0 0 3 0 6 0 5 0 8 0 2 0 8 0 2 0 2 0 4 1 0 0 6 0 5 0 1 0 2 0 0 0 3 0 7 0 4 0 1 1 0 0 1 0 8 0 8 0 6 0 8 0 7 0 5 0 1 0 2 0 2 0 4 0 3 0 8 0 6 0 7 0 1 0 2 0 0 0 7 0 4 0 4 0 2 0 1 0 7 0 4 1 0 0 3 0 5 0 8 0 3 0 2 0 3 1 0 0 7 0 7 1 0 0 4 0 6 0 7 0 4 0 3 0 3 0 5 0 0 0 1 0 4 0 1 0 0 1 0 0 5 0 8 0 1 0 7 0 4 0 4 0 8 0 4 1 0 0 6 0 6 0 8 0 0 0 3 0 6 0 4 1 0 0 6 0 3 0 1 0 6 0 8 0 3 0 5 0 5 0 5 0 3 0 5 0 5 1 0 0 0 0 8 0 1 0 7 0 5 0 8 0 8 0 7 0 7 0 8 0 4 0 3 0 8 0 2 0 2 1 0 0 7 0 5 0 6 1 0 0 6 1 0 0 3 0 2 0 5 0 4 0 8 0 3 0 1 0 7 0 8 0 5 0 0 0 1 0 3 0 6
0 433 3 0 3 1 0 0 7 1 0 0 2 0 8 0 0 1 0 0 5 0 0 0 0 0 1 0 5 0 5 0 6 1 0 0 7 0 0 0 2 0 2 0 0 0 4 0 1 0 6 0 2 0 7 0 8 0 7 0 0 0 1 0 1 0 3 0 1 0 4 0 5 0 0 0 2 0 0 0 2 0 2 0 1 0 0 1 0 0 8 0 5 0 5 0 5 0 0 0 5 0 6 0 3 0 6 0 5 0 2 0 7 0 5 0 3 0 5 0 1 0 0 0 7 0 1 0 5 0 2 0 6 0 5 0 7 0 2 0 5 0 2 0 0 0 3 0 7 1 0 1 0 0 2 0 5 0 2 0 7 0 5 0 8 0 6 0 3 0 2 0 7 0 6 0 6 0 5 0 5 0 0 0 0 0 3 0 1 0 3 0 4 0 0 0 7 0 4 1 0 0 4 0 8 0 2 0 7 0 8 0 4 0 8 0 6 0 1 0 3 0 4 0 4 0 8 0 7 0 7 0 4 0 5 0 3 0 4 0 1 0 4 1 0 1 0 0 5 0 3 0 5 0 0 1 0 0 7 0 1 0 7 0 7 0 4 0 7 1 0 0 5 0 6 1 0 1 0 0 4 0 5 1 0 0 7 0 7 0 0 0 1 0 2 0 8 0 2 0 1 1 0 0 1 0 7 0 4 0 5 0 0 0 0 0 8 0 1 0 0 0 3 0 4 0 7 0 1 0 7 0 3 0 1 0 0 0 2 0 7 0 3 0 3 0 7 0 8 0 1 0 2 0 1 0 8 0 1 0 2 1 0 0 1 0 6 0 4 0 5 0 2 0 8 0 8 0 6 0 6 0 7 1 0 0 8 0 6 0 5 0 5 1 0 0 5 0 2 0 5 0 0 0 3 1 0 0 6 0 5 0 1 0 0 0 7 0 7 0 3 0 5 0 8 0 1 0 1 0 2 0 7 0 3
1 433 6 0 7 1 0 0 5 1 0 0 5 0 6 0 2 1 0 0 0 0 1 0 0 0 3 0 1 0 2 0 5 0 0 0 4 0 1 0 4 0 4 0 0 0 8 0 3 0 2 0 6 0 5 0 8 0 5 0 1 0 2 0 2 0 6 0 2 1 0 0 1 0 1 0 4 0 0 0 4 0 4 0 2 0 1 1 0 0 7 0 2 0 2 0 1 0 2 0 1 0 3 0 8 0 3 0 1 0 6 0 5 0 1 0 8 0 0 0 3 0 1 0 4 0 4 0 0 0 6 0 3 0 2 0 5 0 6 0 0 0 5 0 0 0 7 0 6 0 0 0 8 0 4 0 0 0 6 0 5 0 2 0 8 0 3 0 7 0 5 0 5 0 4 0 4 0 2 0 1 0 1 0 0 0 6 0 2 0 6 0 8 0 1 0 5 0 0 1 0 1 0 0 7 0 6 0 5 0 8 0 0 0 8 0 3 0 3 0 6 1 0 0 0 0 8 0 6 0 6 0 0 0 1 0 7 0 8 0 3 0 0 0 0 1 0 0 0 0 8 0 0 0 2 1 0 0 4 0 4 0 5 0 6 0 0 0 7 0 0 0 1 0 5 0 0 0 8 0 8 0 2 0 0 0 5 0 5 0 1 0 2 0 5 0 6 0 5 0 3 0 8 0 2 0 5 0 0 0 1 0 1 0 1 0 6 0 3 0 0 0 6 1 0 0 5 0 4 0 4 0 7 0 2 0 0 0 5 0 4 0 7 0 7 0 5 0 7 0 3 0 4 0 3 0 6 0 3 0 5 0 8 0 2 0 3 0 0 0 1 0 6 0 7 0 8 0 4 0 4 0 7 0 0 0 7 0 4 0 2 0 3 0 0 0 0 0 6 0 0 0 1 0 7 1 0 0 3 0 1 0 3 0 1 0 5 0 5 0 8 0 1 0 7 0 3 0 2 0 5 0 4 0 7
1 435 1 0 3 0 7 0 0 0 2 0 0 0 1 0 3 0 6 0 7 1 0 0 2 0 0 0 6 0 2 0 5 0 0 0 1 0 8 0 2 0 8 0 8 0 1 0 6 0 7 0 5 0 3 0 2 0 8 0 1 0 3 0 4 0 5 0 2 0 6 0 8 0 1 0 2 0 8 0 0 0 8 0 8 0 4 0 3 1 0 0 4 0 5 0 4 0 2 0 4 0 2 0 7 0 6 0 7 0 3 0 3 0 1 0 4 0 6 0 1 0 6 0 2 0 8 0 8 0 1 0 2 0 7 0 5 0 1 0 3 0 2 0 0 0 2 0 5 0 3 0 2 0 6 1 0 0 2 0 3 0 1 0 6 0 6 0 8 0 5 0 2 0 1 1 0 1 0 0 5 0 2 0 2 0 1 0 2 0 6 0 3 0 7 0 4 0 0 0 2 1 0 1 0 0 5 0 4 0 2 0 7 0 2 0 6 0 7 0 7 0 3 1 0 0 1 0 7 0 4 0 3 0 1 0 3 0 5 0 7 0 7 0 0 0 1 0 8 0 0 0 6 0 1 0 5 0 8 0 7 1 0 0 2 0 3 0 2 0 4 0 1 0 3 0 0 0 2 0 7 0 7 0 5 0 1 0 1 0 1 0 3 0 5 0 1 0 4 0 1 0 8 0 6 0 6 0 0 0 1 0 2 0 2 0 3 0 2 0 7 0 1 0 4 0 0 0 1 0 0 0 0 0 5 0 5 0 1 0 1 0 0 0 6 0 6 0 2 0 5 0 7 0 8 0 7 0 2 0 8 0 1 0 7 0 5 0 6 0 0 0 3 0 3 0 6 0 8 0 0 0 0 0 5 0 2 0 4 1 0 0 5 0 6 0 0 0 1 0 2 0 1 0 3 0 5 1 0 0 6 0 2 0 6 0 3 0 1 0 2 0 7 0 4 0 4 0 7 0 5 0 1 0 0 0 6
0 435 2 0 7 0 4 0 1 0 4 0 0 0 2 0 7 0 3 0 6 1 0 0 4 0 1 0 2 0 6 0 0 0 1 0 3 0 6 0 6 0 7 0 7 0 4 0 3 0 6 0 1 0 7 0 5 0 6 0 3 0 6 1 0 0 1 0 6 0 3 0 7 0 3 0 5 0 6 0 2 0 7 0 7 1 0 0 8 0 8 0 8 0 0 1 0 0 5 0 8 0 5 0 5 0 4 0 5 0 7 0 6 0 2 1 0 0 3 0 4 0 2 0 6 0 7 0 7 0 3 0 5 0 5 0 1 0 3 0 6 0 4 0 0 0 5 0 0 0 7 0 5 0 3 1 0 0 4 0 6 0 3 0 3 0 4 0 8 0 1 0 5 0 3 1 0 1 0 0 0 0 5 0 4 0 2 0 5 0 2 0 8 0 4 1 0 0 1 0 5 1 0 1 0 0 0 1 0 0 6 0 4 0 6 0 3 0 6 0 5 0 8 0 8 0 2 0 4 1 0 0 7 0 2 0 7 0 1 0 6 0 5 0 1 0 3 0 6 0 2 0 2 0 4 0 1 0 8 0 6 1 0 0 4 0 6 0 4 0 8 0 2 0 6 0 0 0 5 0 5 0 6 0 1 0 3 0 2 0 2 0 7 0 0 0 3 0 8 0 3 0 7 0 4 0 3 0 1 0 2 0 4 0 4 0 6 0 5 0 4 0 3 0 8 0 0 0 2 0 0 0 1 0 1 0 1 0 3 0 2 0 1 0 3 0 3 0 6 0 1 0 6 0 8 0 5 0 6 0 6 0 4 0 5 0 2 0 3 0 1 0 6 0 7 0 3 0 7 0 1 0 1 0 0 0 6 0 0 0 0 0 1 0 3 0 1 0 2 0 4 0 2 0 7 0 2 0 0 0 2 0 6 0 2 0 7 0 2 0 5 0 5 0 0 0 0 0 6 0 1 0 3 0 1 0 3
1 435 5 0 4 1 0 0 3 0 8 0 0 0 5 0 4 0 8 0 3 1 0 0 8 0 2 0 5 0 2 0 1 0 2 0 7 0 3 0 4 0 6 0 5 1 0 0 8 0 2 0 4 0 5 0 2 0 3 0 8 0 3 1 0 0 3 0 2 0 8 0 4 0 8 0 1 0 3 0 6 0 5 0 7 0 0 0 7 0 8 0 7 0 2 1 0 0 1 0 8 0 2 0 2 0 0 0 2 0 6 0 3 0 6 0 8 0 5 0 8 0 5 0 3 0 6 0 5 0 8 0 1 0 1 0 3 0 7 0 2 1 0 0 2 0 0 0 2 0 5 0 1 0 8 0 8 0 8 0 2 0 7 0 6 1 0 0 7 0 4 0 0 1 0 0 0 0 8 0 0 0 0 1 0 0 6 0 0 0 6 0 7 0 0 1 0 0 3 0 2 0 0 0 8 0 0 1 0 0 3 0 0 0 3 0 8 0 3 0 2 0 8 0 7 0 6 0 0 0 0 0 4 0 6 0 4 0 4 0 3 0 1 0 3 0 7 0 2 0 5 0 4 0 8 0 3 0 7 0 4 1 0 1 0 0 4 0 0 0 7 0 6 0 2 0 2 0 1 0 2 0 3 0 3 0 6 0 4 0 5 0 4 0 1 0 7 0 6 0 8 0 4 1 0 0 7 0 2 0 4 1 0 0 0 0 4 0 1 1 0 0 8 0 6 0 1 0 4 0 0 0 2 0 2 0 2 0 6 0 4 0 2 0 6 0 7 0 2 0 4 0 3 0 8 0 2 0 4 0 4 0 0 0 1 0 5 0 6 0 3 0 3 0 5 0 8 0 4 0 3 0 2 0 1 0 2 0 1 0 0 0 2 0 6 0 2 0 4 0 8 0 5 0 4 0 5 0 0 0 5 0 2 0 6 0 4 0 6 0 1 0 1 0 1 0 1 0 2 0 3 0 6 0 2 0 6
0 437 1 0 1 0 0 1 0 0 7 0 6 0 2 0 1 0 0 0 7 1 0 0 0 0 6 0 6 0 0 0 5 0 2 0 5 0 4 0 7 1 0 0 4 0 3 0 0 0 6 0 5 1 0 0 1 0 5 0 7 0 6 0 8 0 8 0 5 0 5 0 7 0 0 0 7 0 3 0 7 0 3 0 2 0 5 0 2 0 5 0 8 0 5 0 6 0 8 0 2 0 6 0 5 0 4 0 0 0 5 0 2 0 8 0 3 0 8 0 2 0 8 0 1 0 8 0 3 0 2 0 7 0 3 0 2 0 7 0 4 0 6 0 8 0 3 0 0 0 5 0 0 0 4 0 7 0 8 0 7 0 6 0 5 0 5 0 0 0 4 1 0 0 2 0 8 0 0 0 6 0 1 0 1 1 0 0 2 0 2 0 3 0 5 0 2 0 8 0 5 0 4 0 1 0 6 0 2 0 8 0 5 0 0 0 7 0 6 0 7 0 5 0 7 0 6 0 3 0 1 0 0 1 0 0 3 1 0 1 0 0 7 0 2 0 7 0 4 0 6 0 1 0 0 0 7 0 8 0 5 0 1 0 0 0 8 0 7 0 1 0 5 0 3 0 5 0 4 0 2 0 4 0 6 0 7 0 3 0 0 0 1 1 0 0 4 0 5 0 4 0 8 0 1 0 0 0 4 0 5 1 0 1 0 0 0 0 8 0 3 1 0 0 7 0 3 0 3 0 8 0 0 0 4 0 4 0 5 0 2 1 0 0 6 0 3 0 5 0 5 0 8 0 7 0 6 0 5 0 8 0 8 0 0 0 3 0 1 0 3 0 7 0 7 0 1 0 7 1 0 0 7 0 4 0 2 0 4 0 2 0 0 0 5 0 2 0 5 1 0 0 8 0 2 0 0 0 1 0 2 0 0 0 6 0 3 0 0 0 3 0 3 0 2 0 2 0 2 0 4 0 7 0 2 0 6 0 3
1 437 2 0 2 0 1 1 0 0 5 0 3 0 5 0 2 0 1 0 5 1 0 0 1 0 3 0 3 0 2 0 0 0 6 0 1 0 0 0 6 1 0 0 8 0 6 0 1 0 3 0 2 1 0 0 3 0 1 0 6 0 4 0 8 0 8 0 2 0 2 0 5 0 2 0 4 0 8 0 4 0 7 0 5 0 0 0 6 0 1 0 8 0 2 0 4 0 7 0 6 0 3 0 1 1 0 0 2 0 0 0 6 0 6 0 8 0 6 0 6 0 6 0 4 0 6 0 7 0 5 0 4 0 7 0 5 0 5 0 0 0 4 0 7 0 7 0 1 0 0 0 1 1 0 0 6 0 8 0 6 0 4 0 2 0 1 0 1 1 0 1 0 0 5 0 6 0 2 0 2 0 3 0 3 0 8 0 3 0 4 0 7 0 0 0 6 0 7 0 1 1 0 0 4 0 2 0 6 0 7 0 1 0 2 0 5 0 4 0 6 0 2 0 6 0 3 0 7 0 2 0 1 0 8 0 6 1 0 1 0 0 4 0 6 0 5 0 0 0 3 0 3 0 1 0 5 0 8 0 1 0 3 0 1 0 7 0 5 0 4 0 0 0 8 0 0 1 0 0 5 1 0 0 4 0 5 0 7 0 0 0 3 0 8 0 8 0 1 0 0 0 7 0 3 0 0 1 0 0 3 0 0 0 8 0 0 0 6 1 0 0 0 0 4 0 7 0 7 0 6 0 1 1 0 0 0 0 1 0 6 1 0 0 2 0 8 0 1 0 2 0 8 0 6 0 4 0 2 0 8 0 7 0 1 0 6 0 2 0 7 0 5 0 5 0 4 0 6 0 0 0 4 1 0 0 5 0 8 0 4 0 1 0 0 0 6 0 2 0 0 0 6 0 5 0 0 0 2 0 4 0 1 0 2 0 7 0 0 0 6 0 6 0 4 0 4 0 4 1 0 0 5 0 6 0 2 0 7
1 437 4 0 4 0 3 1 0 0 0 0 8 0 0 0 5 0 3 0 1 1 0 0 2 0 6 0 6 0 4 0 1 0 2 0 3 0 1 0 4 0 0 0 7 0 3 0 3 0 6 0 5 0 8 0 5 0 3 0 3 0 0 0 8 0 7 0 5 0 5 0 0 0 5 1 0 0 8 0 0 0 6 0 1 0 2 0 2 0 4 0 6 0 5 1 0 0 6 0 3 0 7 0 3 0 8 0 3 0 1 0 3 0 4 0 8 0 4 0 4 0 4 0 0 0 4 0 6 0 2 0 0 0 6 0 2 0 1 0 1 1 0 0 6 0 5 0 3 0 0 0 3 1 0 0 3 0 8 0 3 1 0 0 5 0 2 0 3 1 0 1 0 0 1 0 3 0 5 0 4 0 6 0 7 0 6 0 7 1 0 0 5 0 2 0 3 0 5 0 4 0 8 0 7 0 5 0 3 0 5 0 3 0 5 0 1 0 0 0 3 0 6 0 2 0 8 0 4 0 5 0 3 0 7 0 5 0 0 0 8 0 8 0 3 0 1 0 1 0 6 0 6 0 3 0 1 0 7 0 3 0 6 0 3 0 5 0 1 1 0 0 2 0 6 0 2 1 0 0 1 1 0 1 0 0 2 0 5 0 1 0 7 0 7 0 7 0 3 0 1 0 4 0 7 0 1 0 8 0 5 0 1 0 6 0 2 0 3 1 0 0 0 1 0 0 6 0 6 0 3 0 4 0 7 1 0 0 3 0 3 1 0 0 5 0 6 0 3 0 5 0 7 0 3 1 0 0 6 0 7 0 5 0 4 0 2 0 6 0 5 0 2 0 2 0 0 0 3 0 2 0 0 0 0 0 1 0 7 1 0 0 3 0 1 0 2 0 5 0 1 0 3 0 1 0 1 0 4 0 8 0 2 0 5 0 4 0 2 0 3 0 4 0 0 0 0 0 1 0 0 0 1 0 3 0 6 0 5
0 437 8 0 8 0 7 0 8 0 0 0 6 0 2 0 0 0 7 0 3 0 8 0 4 0 3 0 3 1 0 0 3 0 4 0 6 0 2 0 8 0 1 0 4 0 7 0 7 0 3 0 2 0 8 0 1 0 7 0 6 0 1 0 7 0 6 0 2 0 1 0 2 0 2 0 0 0 6 0 2 0 2 0 3 0 4 0 4 1 0 0 4 0 3 0 0 0 2 0 8 0 4 0 8 0 6 0 7 0 2 0 6 1 0 0 7 1 0 1 0 1 0 0 1 1 0 0 3 0 5 0 1 0 2 0 5 0 2 0 3 1 0 0 3 0 1 0 7 0 0 0 7 0 8 0 6 0 6 1 0 0 0 0 0 0 5 0 7 1 0 0 8 0 1 0 7 0 1 0 0 0 4 0 6 0 4 0 7 0 0 0 0 0 5 0 7 0 1 0 0 0 8 0 6 0 1 0 8 0 0 0 8 0 0 0 3 0 0 0 7 0 2 0 6 0 7 0 0 0 1 0 8 0 5 0 1 0 2 0 7 0 7 0 7 0 2 0 3 0 3 0 3 0 7 0 3 0 4 0 8 0 2 0 8 0 0 0 4 0 8 0 4 0 2 0 6 0 8 0 2 1 0 0 8 0 4 0 0 0 4 0 5 0 6 0 5 0 7 0 2 1 0 0 5 0 4 0 7 0 1 0 4 0 2 0 5 0 7 0 8 0 0 1 0 0 3 0 3 0 7 1 0 0 6 1 0 0 6 0 7 1 0 0 1 0 3 0 8 0 1 0 5 1 0 0 0 0 3 0 6 0 1 1 0 0 6 0 3 0 1 0 5 0 4 0 0 0 6 0 4 0 0 0 0 0 3 0 5 1 0 0 6 0 2 0 5 0 0 0 3 0 6 0 2 0 2 1 0 0 7 0 6 0 0 1 0 0 5 0 6 0 8 0 0 0 0 0 2 0 0 0 2 0 7 0 3 0 2
1 439 1 0 7 0 8 0 6 0 7 0 2 0 2 0 5 0 1 0 4 0 8 0 6 1 0 0 7 0 7 0 8 0 5 1 0 0 3 0 6 0 6 0 3 1 0 0 6 0 5 0 7 0 5 0 6 0 4 0 5 0 3 0 4 0 5 0 3 0 5 0 2 0 4 0 4 0 1 0 2 0 5 0 4 0 6 1 0 0 0 1 0 0 8 0 6 0 0 0 5 0 7 0 0 0 8 0 4 0 5 0 6 0 4 0 0 0 6 0 0 1 0 0 8 0 2 0 8 0 6 0 0 0 3 0 5 0 0 0 5 0 7 0 8 0 5 0 3 0 4 0 2 0 5 0 8 0 4 0 4 1 0 0 0 0 1 0 1 0 7 0 0 0 6 0 4 0 4 0 3 0 0 1 0 0 4 0 0 0 5 0 1 0 1 0 1 0 5 0 3 0 1 0 7 0 3 0 4 0 6 0 2 0 6 0 1 0 6 0 1 0 4 0 6 0 3 0 5 0 1 0 3 0 7 0 1 0 3 0 5 0 5 0 6 0 5 0 5 0 6 0 6 0 7 0 4 0 7 1 0 0 7 0 6 0 6 0 1 1 0 0 7 1 0 0 6 0 3 0 7 0 6 1 0 0 6 1 0 0 1 1 0 0 2 0 4 0 2 0 5 0 6 1 0 0 1 0 0 0 5 0 3 0 8 0 5 0 1 0 6 0 7 0 2 0 8 0 5 0 7 0 6 0 0 0 4 0 0 0 3 0 6 1 0 0 2 0 7 0 6 0 4 0 1 1 0 0 0 0 7 0 2 0 4 1 0 0 2 0 7 0 3 0 0 1 0 0 2 0 2 1 0 0 1 0 0 0 7 0 2 0 0 0 2 0 6 0 0 0 1 0 7 0 2 0 5 0 5 1 0 0 5 0 3 0 2 1 0 0 1 0 4 0 7 0 1 0 0 0 4 0 0 0 5 0 4 0 7 0 4
0 439 3 0 5 0 8 0 4 0 5 0 5 0 5 0 0 0 3 1 0 0 8 0 5 0 0 0 5 0 6 0 8 0 2 1 0 0 7 0 3 0 3 1 0 0 0 0 3 0 2 0 6 0 2 0 4 0 0 0 1 0 7 1 0 0 1 0 8 0 0 0 5 0 8 0 8 0 2 0 5 0 1 0 0 0 4 1 0 0 1 1 0 0 7 0 3 0 2 0 1 0 5 0 2 0 7 0 0 0 2 0 3 1 0 0 2 0 2 0 2 1 0 0 6 0 6 0 7 0 3 0 1 0 7 0 0 0 2 0 1 0 6 0 8 0 1 0 7 0 8 0 5 0 1 0 8 0 0 0 0 1 0 0 0 0 2 0 3 0 4 0 2 0 2 1 0 1 0 0 7 0 1 0 8 0 7 0 1 0 0 0 3 0 2 0 3 0 0 0 7 0 3 0 4 0 7 1 0 0 3 0 6 0 2 0 4 0 2 0 3 1 0 0 3 0 8 0 0 0 3 0 7 0 4 0 3 0 7 0 1 0 2 0 4 0 2 0 2 0 4 0 4 0 6 0 0 0 7 0 0 0 5 0 4 0 3 0 4 1 0 0 6 0 0 0 2 0 8 0 5 0 5 0 0 0 3 1 0 0 3 0 8 0 3 0 8 0 5 0 1 0 4 1 0 0 2 0 1 0 0 0 8 0 7 0 1 0 4 0 3 0 5 0 6 0 7 0 2 0 6 0 3 0 1 0 8 0 0 0 7 0 3 1 0 0 5 0 5 0 3 1 0 0 4 0 8 0 0 0 4 0 5 1 0 1 0 0 5 0 4 0 7 0 1 0 8 0 3 0 5 0 8 0 1 0 1 0 4 0 5 0 0 0 5 0 2 0 1 0 3 0 4 0 6 0 1 0 3 0 0 0 0 0 7 0 5 0 8 0 1 1 0 0 5 0 3 0 0 0 8 0 1 0 1 0 0 0 6 0 0
0 439 7 0 1 0 8 0 0 0 2 0 2 0 1 0 1 0 7 1 0 0 7 0 1 0 2 0 1 0 4 0 7 0 6 1 0 0 4 0 7 0 7 0 7 1 0 0 6 0 5 0 2 0 5 0 8 0 0 0 3 0 5 1 0 0 3 0 6 0 2 0 1 0 8 0 7 0 6 0 0 0 3 0 0 1 0 1 0 0 3 1 0 0 4 0 7 0 4 0 3 0 0 0 6 0 4 0 1 0 4 0 7 0 8 0 3 0 4 0 5 1 0 0 3 0 4 0 5 0 7 0 3 0 4 0 1 0 4 0 3 0 3 0 7 0 4 0 5 0 8 0 1 0 4 0 6 0 1 0 1 0 7 1 0 0 4 0 6 0 8 0 4 0 5 1 0 1 0 0 4 0 4 0 7 0 5 0 3 0 0 0 6 0 4 0 6 0 1 0 4 0 7 1 0 0 6 1 0 0 7 0 2 0 5 0 8 0 4 0 7 0 8 0 6 0 6 0 1 0 7 0 4 1 0 0 8 0 4 0 3 0 4 0 8 0 4 0 4 1 0 0 0 0 3 0 2 0 4 0 2 0 0 1 0 0 8 0 0 0 0 0 2 0 1 0 5 0 7 0 2 0 1 0 1 0 7 0 8 0 6 0 6 0 8 0 7 0 1 0 3 1 0 1 0 0 4 0 2 0 1 0 7 0 5 0 3 0 8 0 7 0 1 0 4 0 5 0 6 0 2 0 7 0 3 0 6 0 2 0 4 1 0 0 0 0 1 0 1 0 8 0 8 0 8 0 6 0 1 1 0 0 3 0 0 1 0 0 1 0 0 0 5 0 4 0 6 0 8 0 1 0 7 0 3 0 2 1 0 0 1 0 2 0 0 0 5 0 2 0 6 1 0 0 3 0 3 0 6 0 0 0 1 0 5 0 2 0 7 0 4 1 0 0 0 0 7 0 1 0 6 0 3 0 2 0 1 0 2 0 1
0 441 1 0 4 0 4 0 6 0 1 0 4 0 4 0 2 0 3 0 6 0 0 0 4 0 3 0 4 0 2 1 0 0 6 0 4 1 0 1 0 0 6 0 6 0 7 0 0 0 3 0 1 0 6 0 1 0 7 0 1 0 7 0 1 1 0 0 7 0 2 0 5 0 3 0 7 0 6 0 3 0 1 0 6 0 1 1 0 0 8 0 6 0 8 0 8 0 4 1 0 0 7 0 1 0 2 1 0 0 3 1 0 0 6 0 7 0 7 1 0 0 2 1 0 0 6 1 0 0 2 0 5 0 7 0 8 0 2 0 8 0 6 0 7 0 5 0 0 0 2 0 7 0 3 1 0 0 3 0 3 0 3 0 5 1 0 1 0 0 4 0 8 0 0 0 3 0 0 0 8 0 7 1 0 0 6 0 1 0 7 0 1 0 3 0 0 0 3 0 3 1 0 0 7 0 0 0 4 0 0 0 4 0 6 0 1 0 8 0 0 0 6 0 8 0 4 0 3 0 4 0 5 0 1 0 0 0 6 1 0 0 7 1 0 0 8 0 0 0 0 1 0 0 0 0 6 0 4 0 8 0 4 0 1 1 0 0 6 0 1 0 0 0 4 0 3 0 1 0 5 0 5 0 2 0 3 0 5 0 8 0 4 0 4 0 8 0 5 0 3 0 7 1 0 0 8 0 7 0 4 0 3 0 5 0 1 0 8 0 7 0 5 0 3 1 0 0 2 0 3 0 6 0 4 0 8 0 2 0 5 1 0 1 0 0 0 0 2 0 3 0 7 0 8 0 8 0 3 0 4 0 8 0 5 0 1 0 8 0 1 0 1 0 1 0 0 0 4 0 7 0 4 0 4 0 7 0 5 0 8 0 1 0 4 0 1 0 0 0 6 0 3 1 0 0 6 0 7 0 2 0 1 0 3 0 0 0 6 0 5 0 0 1 0 0 1 0 4 0 4 0 2 0 7 0 4 0 2 0 4 0 2
1 441 2 1 0 0 0 0 3 0 3 0 8 0 8 0 4 0 7 0 2 0 1 0 8 0 6 0 8 0 5 1 0 0 3 0 1 0 0 1 0 0 3 0 4 0 5 0 1 0 6 0 3 0 2 0 4 0 4 0 4 0 4 0 4 1 0 0 4 0 6 0 0 0 8 0 5 0 3 0 7 0 3 0 2 0 4 1 0 0 7 0 4 0 8 0 8 0 1 0 0 0 4 0 3 0 5 0 8 0 6 1 0 0 3 0 6 0 6 1 0 0 5 1 0 0 3 1 0 0 5 0 1 0 6 0 7 0 6 0 7 0 4 0 6 0 1 0 1 0 5 0 4 0 8 0 8 0 5 0 6 0 7 0 2 0 0 0 8 0 8 0 6 0 1 0 6 0 1 0 7 0 7 0 0 0 2 0 4 0 4 0 3 0 6 0 0 0 6 0 7 1 0 0 4 0 1 0 8 0 0 1 0 0 3 0 4 0 6 0 2 0 3 0 7 1 0 0 7 1 0 0 1 0 3 0 1 0 4 0 0 0 6 0 0 0 6 0 1 0 1 0 8 0 0 0 3 0 0 0 7 1 0 0 4 1 0 0 2 0 3 0 0 0 8 0 6 0 3 0 1 0 1 0 5 0 7 0 1 0 8 0 0 0 0 0 8 0 1 0 8 0 6 0 0 0 7 0 5 1 0 0 8 0 0 0 4 0 7 0 6 0 1 0 8 0 8 0 3 0 7 0 3 0 0 0 7 0 6 0 2 0 0 0 7 1 0 0 4 0 7 0 5 0 8 0 7 0 7 1 0 0 8 0 1 0 4 0 6 0 3 0 2 0 2 0 0 1 0 0 6 0 0 0 0 0 6 0 2 0 7 0 3 0 8 0 2 0 1 0 2 1 0 0 0 0 3 0 5 0 5 0 2 0 6 0 1 0 3 0 1 0 2 0 8 0 1 0 8 0 8 0 5 0 4 1 0 0 5 0 8 0 4
0 441 5 0 7 1 0 0 6 0 7 0 7 0 8 0 0 0 5 0 5 0 3 0 7 0 4 0 8 0 2 1 0 0 6 0 2 0 1 0 8 0 5 1 0 0 1 0 4 0 2 0 7 0 4 1 0 0 0 0 0 0 0 0 0 1 0 1 0 0 3 0 2 0 7 0 1 0 8 0 4 0 7 0 5 0 0 0 0 0 5 0 0 0 8 0 7 0 3 0 0 0 8 0 7 0 1 0 8 0 4 1 0 0 7 0 3 0 5 0 0 0 1 1 0 0 7 1 0 0 0 0 4 0 3 0 6 0 4 0 6 0 0 0 3 0 3 0 3 0 1 0 0 0 8 0 8 0 2 0 4 0 5 0 5 0 1 0 7 0 8 0 3 0 4 0 2 0 4 0 5 0 5 0 1 0 4 0 8 0 8 0 7 0 2 0 2 0 3 0 6 1 0 0 8 0 3 0 6 0 2 0 8 0 5 1 0 0 3 0 5 0 7 0 6 0 0 0 5 1 0 0 2 0 6 0 2 0 8 0 1 0 2 0 2 0 2 0 3 0 3 0 6 0 1 0 6 0 1 0 5 1 0 1 0 1 0 0 4 0 6 0 1 0 7 0 3 0 7 0 2 0 3 0 1 0 5 0 4 0 6 0 1 0 1 0 6 0 4 0 7 0 3 0 2 0 5 0 3 0 0 0 6 0 1 1 0 0 6 0 3 0 4 0 7 0 7 0 8 0 4 0 7 0 1 0 5 0 3 0 5 0 1 0 5 1 0 1 0 0 6 0 2 0 8 0 6 0 7 0 0 0 6 0 3 1 0 0 3 0 7 0 4 0 4 0 1 1 0 0 2 0 1 0 1 0 2 0 6 0 4 0 8 0 6 0 5 0 2 0 5 0 7 1 0 0 7 0 1 0 1 0 6 0 2 0 3 0 6 0 2 0 5 0 6 0 4 0 7 0 8 0 2 0 1 0 0 0 1 0 8 0 0
0 443 1 0 1 0 7 0 0 0 3 0 6 0 6 0 7 0 2 0 1 0 1 0 8 0 5 0 0 0 7 0 6 1 0 0 2 0 5 0 3 0 7 0 2 1 0 0 2 0 8 0 5 0 5 0 0 1 0 0 0 0 0 0 0 0 1 1 0 0 8 0 5 0 5 0 4 0 4 0 7 0 0 0 6 0 1 0 1 0 1 0 0 0 2 0 7 0 5 0 7 0 1 0 7 0 5 0 4 0 7 0 1 0 0 0 4 0 8 0 0 0 1 0 3 1 0 0 5 1 0 0 0 0 8 0 7 0 3 0 0 0 3 0 1 0 6 0 6 0 6 0 2 0 1 0 7 0 7 0 5 1 0 0 2 0 1 0 4 0 5 0 7 0 7 0 8 0 4 1 0 0 2 0 1 0 3 1 0 0 8 0 8 0 5 0 5 0 4 0 7 0 4 0 0 0 6 0 8 0 2 0 6 0 7 0 2 1 0 0 7 0 1 0 6 0 3 0 2 0 1 1 0 0 5 0 2 0 6 0 6 0 3 0 4 0 4 0 4 0 6 0 7 0 2 0 4 0 2 0 4 0 2 0 0 1 0 0 8 0 8 0 2 0 4 0 4 0 8 0 4 0 5 0 6 0 3 0 1 0 0 0 3 0 3 0 3 0 3 0 0 0 5 0 7 0 5 0 0 0 7 0 1 0 2 0 4 1 0 0 2 0 7 1 0 0 6 0 6 0 8 0 0 0 5 0 4 0 0 0 8 0 0 0 4 0 2 0 0 1 0 0 2 0 6 0 7 0 4 0 5 0 2 0 2 0 8 0 8 0 6 0 4 1 0 1 0 0 4 0 8 0 3 0 2 0 2 0 5 0 3 0 0 0 8 0 4 0 1 0 6 0 1 0 7 0 0 0 4 0 3 0 3 0 2 0 5 0 7 0 2 0 6 0 1 0 4 0 0 0 6 0 7 0 5 0 2 0 0 0 3 0 6 0 1
0 443 2 0 3 0 4 0 1 0 7 0 3 0 4 0 5 0 5 0 2 0 3 0 7 0 1 0 2 0 5 0 4 1 0 0 5 0 0 0 8 0 4 0 6 0 8 0 4 0 7 0 2 0 1 0 2 0 7 1 0 0 0 0 0 0 3 1 0 0 7 0 2 0 2 0 0 0 0 0 5 0 2 0 2 0 3 0 2 0 2 0 0 0 5 0 5 0 2 0 5 0 4 0 5 0 2 0 0 0 5 0 3 0 0 1 0 0 7 0 1 0 2 0 7 1 0 0 1 1 0 0 1 0 7 0 5 0 7 0 0 0 6 0 3 0 3 0 4 0 3 0 5 0 3 0 5 0 6 0 2 1 0 0 4 0 2 1 0 0 2 0 6 0 6 0 8 0 0 1 0 0 4 0 2 0 7 1 0 0 7 0 8 0 2 0 2 0 0 0 5 1 0 0 2 0 3 0 7 0 6 0 3 0 5 0 6 1 0 0 4 0 4 0 2 0 7 0 4 0 3 1 0 0 0 0 6 0 3 0 3 0 7 1 0 0 0 0 0 0 4 0 5 0 5 0 8 0 4 0 8 0 4 0 1 1 0 0 7 0 7 0 5 1 0 0 0 0 8 0 0 0 2 0 3 0 7 0 2 0 0 0 6 0 6 0 6 0 6 0 1 0 1 0 6 0 1 0 2 0 4 0 3 0 4 1 0 1 0 0 5 0 6 0 0 0 3 0 4 0 7 0 2 0 0 1 0 0 2 0 6 0 1 0 8 0 4 0 1 0 8 0 4 0 3 0 6 0 0 0 1 0 5 0 5 0 7 0 8 0 4 0 1 0 0 0 8 0 8 0 6 0 7 0 4 0 5 0 0 0 7 0 1 0 6 1 0 0 4 0 2 0 4 0 4 0 1 0 8 0 6 0 6 0 5 0 1 0 5 0 6 0 2 0 3 0 8 0 1 0 3 0 6 0 1 0 5 0 0 0 7 0 2 0 3
1 443 4 0 6 0 8 0 3 0 4 0 7 1 0 0 2 0 1 0 5 0 7 0 4 0 3 0 5 0 1 0 1 0 0 0 0 0 2 0 7 0 0 0 4 0 8 0 0 0 5 0 5 0 2 0 5 0 5 1 0 0 0 0 0 0 7 1 0 0 4 0 5 0 4 0 0 0 1 0 0 0 5 0 4 0 6 0 4 0 4 0 1 0 1 0 1 0 6 0 1 0 0 0 1 0 5 0 1 0 0 0 7 0 1 1 0 0 4 0 3 0 5 0 5 1 0 0 3 0 8 0 2 0 5 0 2 0 5 0 2 0 2 0 7 0 6 0 8 0 7 0 0 0 8 0 1 0 3 0 6 0 8 0 7 0 5 0 8 0 4 0 3 0 4 0 7 0 2 0 8 0 7 0 5 0 6 0 0 0 5 0 7 0 5 0 4 0 1 0 1 1 0 0 4 0 7 0 5 0 3 0 8 0 1 0 4 1 0 0 8 0 8 0 5 0 4 1 0 0 8 0 8 0 0 0 2 0 7 0 7 0 5 1 0 0 0 0 0 1 0 0 2 0 2 0 8 0 0 0 7 1 0 0 4 1 0 0 5 0 6 0 2 1 0 0 1 0 6 0 1 0 4 0 7 0 4 0 5 0 1 0 3 0 4 0 4 0 3 0 3 0 3 0 2 0 3 0 4 0 8 0 7 0 0 0 0 1 0 0 1 0 3 0 1 0 6 1 0 0 5 0 5 0 1 0 8 0 4 0 2 0 4 0 6 1 0 0 4 0 6 1 0 0 8 0 2 0 1 0 3 0 1 0 2 0 6 0 7 1 0 0 3 0 1 0 7 0 8 0 4 0 6 0 0 0 1 0 2 0 4 0 4 0 3 1 0 0 8 0 4 0 8 0 8 0 3 0 7 0 4 0 4 0 1 0 4 0 1 0 3 0 5 0 7 0 6 0 3 0 7 0 2 0 4 0 0 0 2 0 4 0 5 0 6
0 444 1 0 0 4 0 7 0 7 1 0 0 6 1 0 0 4 0 3 0 1 0 5 1 0 0 8 0 0 0 3 0 2 0 0 0 0 0 5 0 4 0 1 1 0 0 7 0 2 0 1 0 1 0 6 0 1 0 2 1 0 0 0 0 1 0 5 1 0 1 0 0 1 1 0 0 1 0 2 0 1 0 1 0 0 0 3 1 0 1 0 0 3 0 2 0 3 0 2 0 3 0 0 0 3 0 0 0 3 0 1 0 4 0 4 0 8 0 7 0 7 0 1 0 2 1 0 0 7 0 6 0 6 0 0 0 6 0 0 0 5 0 5 0 5 0 4 0 8 0 5 0 2 0 6 0 3 0 7 0 3 0 8 0 6 0 2 0 7 1 0 0 7 1 0 0 5 0 6 0 7 0 6 0 2 0 3 0 2 0 1 0 6 0 1 1 0 0 3 0 3 0 8 0 8 0 5 0 1 0 8 0 6 0 4 0 0 0 0 0 7 0 8 0 2 0 1 0 0 0 7 0 7 0 1 0 5 0 5 0 6 0 2 1 0 0 0 0 1 0 8 0 3 0 5 0 6 0 2 0 6 0 0 0 0 0 0 0 1 0 3 0 6 0 8 0 2 0 2 0 3 1 0 0 6 0 0 0 1 0 3 0 6 0 8 0 8 0 6 0 6 0 6 0 4 0 6 1 0 0 8 0 5 0 1 0 1 0 8 0 1 0 6 0 3 0 4 0 0 0 1 0 1 0 4 0 6 1 0 0 5 1 0 0 4 1 0 1 0 0 5 0 0 0 6 0 5 0 2 0 6 0 2 0 5 0 3 0 6 1 0 0 6 0 3 0 5 0 8 0 0 0 3 0 1 0 2 0 4 0 8 0 8 0 7 1 0 0 7 0 0 0 8 0 7 0 8 0 4 1 0 1 0 0 3 0 8 0 2 0 7 0 1 0 6 0 3 0 8 0 4 0 5 0 8 0 0 0 4 1 0 0 2 0 4
1 445 1 0 8 0 8 0 5 0 7 0 0 0 3 1 0 0 8 0 6 0 3 0 2 0 0 0 6 0 1 0 6 0 4 0 0 0 1 0 0 1 0 0 4 1 0 0 4 0 5 0 2 0 3 0 2 0 3 0 5 0 7 1 0 0 3 0 2 0 0 0 8 0 2 0 8 0 1 0 4 0 2 0 2 0 0 0 7 1 0 0 8 0 5 0 4 0 6 0 4 0 6 0 0 0 6 0 0 0 6 0 2 1 0 0 0 0 8 0 6 0 5 0 3 0 5 1 0 0 5 0 4 0 3 0 2 0 2 0 2 0 1 0 2 0 2 0 0 0 8 0 1 0 6 0 2 0 8 0 4 0 8 0 7 0 3 0 6 0 6 0 0 0 6 0 0 0 1 0 4 0 6 0 3 0 5 0 6 0 4 0 3 0 2 0 4 0 8 0 5 0 7 0 7 0 8 0 1 0 4 0 7 0 3 1 0 0 1 0 1 0 5 0 7 0 5 0 2 0 1 0 5 0 5 0 4 0 1 0 2 0 3 0 6 0 7 1 0 0 3 0 6 0 8 0 1 0 3 0 6 0 2 0 1 0 0 0 0 0 2 0 7 0 3 0 7 0 5 0 4 0 7 1 0 0 2 0 1 0 2 0 7 0 3 0 8 0 8 0 4 0 4 0 4 0 0 0 5 0 0 0 7 0 1 0 3 0 3 0 6 0 4 0 2 0 7 0 8 0 0 0 2 0 2 1 0 0 5 0 0 0 2 0 0 0 0 0 0 1 0 0 0 0 2 0 3 0 1 0 6 0 2 0 6 0 0 0 8 0 4 0 0 0 2 0 8 0 1 0 7 0 1 0 6 0 2 0 4 1 0 0 8 0 8 0 7 0 0 0 4 0 2 0 7 0 6 0 8 0 1 0 0 0 8 0 6 0 6 0 6 0 4 0 4 0 2 0 8 0 7 0 0 0 2 0 7 0 1 1 0 1 0 0 4 1 0
1 445 3 0 7 0 8 0 2 0 5 0 1 0 7 1 0 0 7 0 3 0 7 0 4 0 1 0 2 0 4 0 2 1 0 0 1 0 2 0 1 0 8 0 8 0 8 0 8 0 0 0 5 0 6 0 4 0 7 0 1 0 6 1 0 0 6 0 4 0 1 0 6 0 6 0 6 0 3 0 8 0 4 0 4 0 1 0 6 0 0 0 7 0 2 0 0 0 4 0 0 0 3 0 2 0 2 0 2 0 2 0 6 0 8 0 0 0 7 0 4 0 1 0 8 0 2 0 0 0 0 1 0 0 7 0 4 0 4 0 4 0 2 0 4 0 4 0 1 0 6 0 4 0 2 0 6 0 7 0 0 0 8 0 5 0 8 0 3 0 3 0 2 0 2 0 1 0 2 1 0 0 3 0 8 0 1 0 3 1 0 0 7 0 4 1 0 0 8 0 2 0 6 0 6 0 7 0 3 1 0 0 5 0 8 0 8 0 1 0 3 0 1 0 6 0 1 0 5 0 3 0 1 0 1 1 0 0 3 0 4 0 7 0 3 0 6 1 0 0 7 0 3 0 7 0 3 0 7 0 2 0 5 0 2 0 0 0 0 0 5 0 4 0 8 0 5 0 2 0 0 0 6 1 0 0 4 0 2 0 5 0 4 0 8 0 7 0 7 1 0 1 0 1 0 0 2 0 0 0 2 0 4 0 3 0 6 0 7 0 2 1 0 0 6 0 5 0 7 0 1 0 4 0 5 1 0 0 0 0 1 0 4 0 0 0 0 0 1 0 7 1 0 0 4 0 6 0 3 0 2 0 6 0 2 0 2 0 6 1 0 0 1 0 5 0 6 0 4 0 4 0 4 0 2 0 6 0 0 0 0 0 7 0 8 0 5 0 1 0 8 0 5 0 5 0 4 0 7 0 3 0 1 0 7 0 4 0 4 0 3 1 0 1 0 0 6 0 7 0 5 0 1 0 5 0 4 0 4 1 0 0 8 0 8 0 7
1 445 7 0 5 0 7 0 6 0 0 0 4 0 6 0 0 0 4 0 8 0 4 1 0 0 3 0 4 0 8 0 5 0 8 0 1 0 4 0 3 0 7 0 8 0 8 0 7 0 2 0 1 0 4 0 0 0 5 0 4 0 4 0 0 0 2 1 0 0 4 0 3 0 4 0 3 0 8 0 6 1 0 1 0 0 4 0 2 0 2 0 4 0 5 0 0 0 8 0 0 0 6 0 4 0 4 0 4 0 5 0 3 0 7 0 2 0 4 1 0 0 4 0 6 0 5 0 0 0 1 1 0 0 4 1 0 1 0 1 0 0 5 0 8 0 8 0 3 0 2 1 0 0 6 0 3 0 5 0 2 0 7 0 2 0 7 0 7 0 6 0 4 0 4 0 2 0 5 0 8 0 6 0 6 0 3 0 7 1 0 0 5 0 1 0 0 0 6 0 6 0 3 0 4 0 5 1 0 0 0 0 1 0 8 0 7 0 3 0 6 0 3 0 2 0 4 0 0 0 7 0 2 0 3 0 8 0 5 1 0 0 5 0 8 0 4 0 0 0 4 0 8 0 4 0 8 0 4 0 6 0 0 0 5 0 0 0 1 0 1 0 0 0 8 0 1 0 5 0 1 0 3 1 0 0 8 0 5 0 1 0 0 0 8 0 6 0 7 0 0 1 0 0 8 0 3 0 0 0 4 0 8 0 7 0 3 0 5 0 6 1 0 0 3 0 2 0 5 0 3 1 0 0 2 1 0 0 0 0 2 0 8 0 0 0 0 0 3 0 5 1 0 1 0 0 3 0 7 0 5 0 2 0 5 0 5 0 3 1 0 0 3 0 1 0 3 1 0 1 0 1 0 0 6 0 2 0 1 0 1 0 5 0 8 0 1 0 4 0 7 0 2 0 2 0 0 0 5 0 7 0 3 0 4 1 0 1 0 1 0 0 0 1 0 0 3 0 6 0 1 0 4 0 1 0 0 0 1 0 0 0 7 0 8 0 6
1 447 1 0 5 0 2 0 6 0 3 0 1 1 0 0 3 0 1 1 0 0 8 0 0 1 0 0 6 1 0 0 8 0 2 0 7 0 3 0 8 0 7 0 5 0 8 0 8 0 5 0 5 0 2 0 8 0 1 0 0 1 0 1 0 0 1 0 5 0 8 0 7 0 6 0 8 0 7 0 7 0 5 0 0 0 8 0 7 0 4 0 4 1 0 0 1 0 2 0 6 0 2 0 3 0 0 0 0 0 0 0 1 0 8 0 4 0 5 1 0 1 0 1 0 0 4 0 1 0 1 0 3 1 0 0 0 0 0 1 0 1 0 0 1 0 8 0 7 0 7 0 5 1 0 0 2 0 8 0 0 0 6 0 4 0 6 0 5 0 6 0 3 1 0 1 0 0 6 0 1 0 8 0 4 0 3 0 8 0 6 0 0 0 0 0 3 0 1 0 3 0 3 0 7 1 0 0 2 1 0 0 0 0 3 0 7 0 5 0 8 0 2 0 7 0 4 0 8 0 1 0 4 0 5 0 7 0 7 0 3 0 0 0 1 0 7 1 0 0 1 1 0 0 8 0 0 0 8 0 0 0 3 0 2 0 0 0 1 0 2 0 2 0 1 0 6 0 4 0 0 0 3 0 7 1 0 0 7 0 1 0 3 0 1 0 7 0 4 0 5 0 2 1 0 0 6 0 7 0 0 1 0 0 8 0 5 0 8 0 1 0 4 1 0 0 6 0 5 0 0 0 8 0 8 0 4 0 7 1 0 0 5 0 6 0 1 0 0 0 7 0 2 0 0 0 8 0 6 0 5 0 1 0 6 0 1 0 1 0 8 0 8 0 5 0 2 0 7 1 0 1 0 1 0 0 2 0 5 0 2 0 3 0 1 0 7 0 3 1 0 0 5 0 5 0 4 0 1 0 1 0 5 0 8 0 0 0 0 1 0 0 8 0 0 0 8 0 6 0 2 0 3 0 8 0 2 0 0 0 2 0 1 0 5 0 8 0 4
0 447 3 0 0 0 6 0 2 0 7 0 3 0 8 0 5 0 3 1 0 0 6 0 2 1 0 0 4 0 0 0 6 0 6 0 4 0 8 0 7 0 6 0 2 0 8 0 8 0 2 0 1 0 6 0 6 0 3 0 1 1 0 0 8 0 2 0 1 0 8 0 6 0 4 0 8 0 6 0 6 0 1 0 2 0 7 0 6 0 0 0 0 1 0 0 2 0 5 0 2 0 5 0 6 0 0 0 0 0 0 0 3 0 7 0 0 0 3 0 0 1 0 0 8 0 7 0 2 0 2 0 7 0 7 1 0 0 1 1 0 0 8 0 2 0 7 0 6 0 6 0 2 1 0 0 5 0 6 0 2 0 3 0 0 0 4 0 2 0 3 1 0 0 0 1 0 0 2 0 4 0 6 1 0 0 8 0 7 0 3 0 1 0 0 0 6 0 2 0 6 0 7 0 5 1 0 0 5 0 7 1 0 0 7 0 5 0 2 0 7 0 6 0 5 0 0 0 7 0 3 1 0 0 2 0 6 0 5 0 7 0 0 0 3 0 5 1 0 0 3 1 0 0 6 0 2 0 6 0 1 0 6 0 4 0 0 0 2 0 4 0 4 0 3 0 2 1 0 0 1 0 7 0 6 0 0 0 4 0 3 0 6 0 3 0 5 0 0 0 1 0 6 1 0 0 3 0 5 0 2 1 0 0 7 0 2 0 7 0 4 0 0 0 0 0 3 0 1 0 2 0 7 0 8 0 0 0 7 0 0 0 1 0 3 0 3 0 1 0 4 0 5 0 1 0 7 0 4 0 1 0 4 0 2 0 3 0 3 0 7 0 8 0 1 0 6 0 6 0 0 1 0 0 8 0 4 0 0 0 5 0 6 0 3 0 4 1 0 0 0 0 1 0 1 1 0 0 3 0 3 0 1 0 7 0 1 0 1 1 0 0 6 0 2 0 7 0 3 0 5 0 7 0 6 0 5 0 0 0 4 0 3 0 1 0 8 0 0
0 447 6 0 1 0 2 0 6 0 4 0 8 0 7 0 1 1 0 0 0 0 2 0 6 0 8 0 7 0 1 0 3 0 4 0 0 0 8 0 6 0 3 0 6 0 7 0 7 0 5 0 3 0 3 0 3 0 7 0 3 1 0 0 6 0 5 0 3 0 7 0 4 0 0 0 8 0 4 0 3 0 3 0 5 0 5 0 3 0 1 0 1 0 8 0 4 0 0 0 6 0 1 0 3 0 1 0 0 0 0 0 7 0 4 0 1 0 6 0 1 1 0 0 7 0 5 0 5 0 5 0 5 0 6 1 0 0 3 1 0 0 6 0 6 0 5 0 4 0 3 0 6 1 0 0 1 0 3 0 5 0 6 0 0 0 8 0 4 0 7 0 8 0 0 0 8 0 3 1 0 0 5 0 0 0 7 0 5 0 7 0 2 0 1 0 2 0 6 0 3 0 6 0 3 0 0 0 1 0 7 0 0 0 5 0 1 0 6 0 5 0 4 0 1 0 2 0 4 0 8 0 8 0 4 0 3 0 2 0 5 0 1 0 7 0 1 1 0 0 7 1 0 0 2 0 6 0 2 0 4 0 2 1 0 0 1 0 4 0 8 0 8 0 6 0 5 0 8 0 2 0 5 0 3 0 1 0 8 0 7 0 2 0 8 0 0 0 1 0 3 0 3 1 0 0 7 0 0 0 6 1 0 0 4 0 6 0 4 1 0 0 1 0 0 0 6 0 2 0 5 0 5 0 7 0 2 0 4 0 1 0 2 0 6 0 6 0 2 1 0 0 1 0 4 0 4 1 0 0 3 0 8 0 4 0 6 0 7 0 5 0 7 0 4 0 3 0 3 0 2 1 0 0 6 1 0 0 2 0 1 0 3 0 7 1 0 1 0 0 0 0 2 0 3 0 8 0 5 0 6 0 3 0 4 0 3 0 3 1 0 0 2 0 6 0 4 0 8 0 1 0 6 0 4 0 1 0 1 0 8 0 6 0 3 0 6 0 1
0 449 1 0 2 0 3 0 5 0 3 0 0 0 8 0 5 0 4 0 7 1 0 0 5 0 3 0 8 0 5 0 3 0 6 0 8 0 1 0 7 0 3 0 8 0 3 0 6 0 6 0 1 0 7 0 6 0 7 0 4 1 0 0 0 0 3 0 1 0 8 0 4 1 0 0 2 0 6 1 0 0 7 0 7 0 1 0 1 0 7 0 2 0 3 0 6 1 0 0 2 0 2 0 3 0 6 0 2 0 0 0 1 0 4 1 0 0 4 0 2 0 4 1 0 0 5 0 2 0 2 0 2 0 2 0 4 1 0 0 7 1 0 0 3 0 4 0 1 1 0 0 8 0 3 1 0 0 2 0 7 0 1 0 3 0 2 0 7 0 0 0 6 0 7 0 2 0 6 1 0 0 0 0 0 0 2 0 5 0 2 0 5 0 5 0 2 0 5 0 2 0 8 0 2 0 7 0 0 0 3 0 4 0 2 0 0 0 4 0 3 0 1 1 0 0 3 0 4 1 0 0 8 0 7 1 0 0 7 0 5 0 0 0 4 0 4 0 4 1 0 0 5 1 0 0 5 0 2 0 5 0 8 0 5 0 8 0 1 1 0 0 8 0 8 0 4 0 2 0 7 0 6 0 0 0 7 0 3 0 7 0 5 0 6 0 6 0 1 0 2 0 6 0 7 1 0 0 4 0 2 0 3 1 0 1 0 0 4 0 0 1 0 0 2 0 1 0 2 0 6 0 1 0 2 0 5 0 5 0 8 0 2 0 5 0 3 0 3 0 6 0 8 0 1 1 0 0 0 1 0 0 7 0 7 0 0 0 4 0 6 0 2 0 5 1 0 0 7 0 6 0 5 1 0 0 3 1 0 0 4 0 2 0 7 0 6 0 0 0 7 1 0 0 4 0 7 0 7 0 2 0 3 0 7 0 8 0 6 0 7 0 8 0 4 0 3 0 0 0 7 0 4 0 2 1 0 0 3 0 3 0 7 0 3 0 8 0 2 0 3
1 449 2 0 4 0 7 0 0 0 7 0 1 0 7 0 2 0 0 0 7 0 0 0 0 0 8 0 7 0 1 0 8 0 3 0 7 0 4 0 4 0 8 0 6 0 8 0 3 0 3 0 4 0 5 0 4 0 6 0 0 1 0 0 0 0 6 0 3 0 7 0 0 1 0 0 5 0 4 0 0 0 5 0 5 0 3 0 3 0 4 0 5 0 7 0 3 1 0 0 4 0 4 0 7 0 2 0 5 0 0 0 2 1 0 1 0 0 8 0 5 0 0 0 0 0 0 0 5 0 4 0 4 0 5 0 0 0 0 0 5 1 0 0 6 0 8 0 3 1 0 0 6 0 8 0 8 0 4 0 4 0 3 0 6 0 5 0 4 0 2 0 3 0 5 0 6 0 3 1 0 0 0 0 0 0 5 0 0 0 6 0 1 0 1 0 6 0 0 0 6 0 6 0 6 0 4 0 1 0 6 0 8 0 4 0 0 0 8 0 6 0 3 0 8 0 6 0 0 0 0 0 7 0 7 0 0 0 5 0 1 0 1 1 0 0 0 0 1 0 0 0 2 0 0 0 0 0 6 0 1 0 8 0 2 0 7 0 4 1 0 0 7 0 7 1 0 0 6 0 5 0 3 0 2 0 4 0 8 0 5 0 2 0 4 0 3 0 3 0 5 0 3 0 6 1 0 0 8 0 4 0 7 1 0 0 8 0 7 0 1 0 8 0 3 0 2 0 5 0 2 0 3 0 5 0 1 0 2 0 7 0 6 0 0 0 7 0 7 0 3 0 7 0 4 0 8 0 0 1 0 0 5 0 5 0 1 1 0 0 3 0 6 0 2 0 0 0 5 0 4 0 2 1 0 0 7 0 8 0 7 0 5 0 5 0 3 0 2 0 5 1 0 1 0 0 6 0 5 0 5 0 7 0 5 0 8 0 4 0 6 0 7 1 0 0 7 0 1 0 4 1 0 0 6 0 8 0 5 0 7 0 4 0 8 0 6 0 5 0 6
0 449 4 1 0 0 5 0 2 0 4 0 4 0 4 0 5 0 1 0 4 0 1 0 1 0 7 0 5 0 4 0 6 0 8 0 5 0 0 0 0 0 8 0 4 0 7 0 7 0 6 1 0 0 2 0 0 0 3 0 2 0 8 0 0 0 2 0 8 0 4 0 2 1 0 0 0 1 0 0 2 0 1 0 1 0 7 0 6 1 0 0 2 0 5 0 8 0 8 0 7 1 0 0 5 0 6 0 0 0 1 0 5 1 0 1 0 0 7 0 1 0 1 0 0 0 1 0 1 0 0 0 0 0 1 0 1 0 1 0 2 0 0 0 3 0 7 1 0 0 0 0 3 0 8 0 7 1 0 1 0 0 8 0 3 0 1 1 0 0 5 0 7 0 1 0 3 0 8 0 7 1 0 0 1 0 0 0 2 0 2 0 3 0 3 0 2 0 2 0 3 0 4 0 3 1 0 0 4 0 3 0 7 1 0 0 2 0 7 0 3 0 8 0 7 0 3 0 1 0 1 0 5 0 5 0 2 0 0 0 3 0 3 0 7 1 0 0 2 0 0 0 4 0 0 0 1 0 2 0 4 0 6 0 6 0 5 0 1 0 0 0 5 0 7 0 0 0 3 0 1 0 7 0 4 1 0 0 8 0 1 0 5 0 8 0 6 0 7 0 0 0 8 0 4 0 0 0 7 0 0 0 7 0 0 0 7 0 5 0 4 0 6 0 7 0 5 0 0 0 5 0 7 0 0 0 3 0 5 0 5 0 3 0 2 0 5 0 5 0 8 0 5 0 0 0 7 0 2 1 0 0 1 0 1 0 4 0 8 0 6 0 2 0 5 0 1 0 0 1 0 0 6 1 0 0 5 0 8 0 6 0 2 0 1 0 7 0 5 0 2 0 0 1 0 0 3 0 2 0 2 0 6 0 2 0 8 0 0 0 4 0 7 0 0 0 4 0 4 0 0 0 0 0 3 0 8 0 2 0 6 0 0 0 8 0 4 0 2 0 4
1 451 1 0 0 0 0 0 0 0 5 1 0 0 0 0 0 0 1 0 3 0 8 0 2 0 3 0 5 0 2 0 0 0 4 0 8 0 1 0 1 0 1 0 7 0 0 0 6 0 6 0 4 1 0 0 4 0 0 0 6 0 5 0 6 0 1 0 5 0 6 1 0 0 6 0 8 0 0 0 8 0 3 0 2 0 3 0 5 0 4 1 0 0 5 0 1 0 8 0 8 0 7 0 0 0 1 0 3 0 1 0 3 0 2 0 0 1 0 0 4 0 3 0 2 0 0 0 2 0 2 0 0 0 0 0 2 0 2 0 2 0 4 0 0 0 7 0 5 1 0 0 0 0 7 0 7 0 7 0 0 1 0 0 6 0 7 0 3 1 0 0 1 0 5 0 3 0 7 0 7 0 6 1 0 0 2 0 0 0 4 0 4 0 6 0 6 0 4 0 4 0 6 0 8 0 7 0 8 0 7 0 7 0 5 1 0 0 5 0 4 0 8 0 7 0 5 0 7 0 2 0 3 0 1 0 1 0 5 0 0 0 6 0 7 0 5 1 0 0 4 0 0 0 8 0 0 0 2 0 4 1 0 0 4 0 4 0 1 0 3 0 1 0 1 0 5 0 1 0 6 0 3 0 5 0 1 0 0 0 6 0 4 0 1 0 8 0 4 0 5 0 2 0 6 1 0 0 2 0 4 0 2 0 4 0 2 0 5 0 2 0 0 0 4 0 6 0 1 0 2 0 1 0 5 0 1 0 7 0 1 0 1 0 7 0 5 0 1 0 2 0 8 0 1 0 2 0 4 0 6 0 8 0 1 0 2 1 0 0 8 0 3 0 6 0 0 0 3 0 1 1 0 0 4 0 0 0 1 0 8 0 3 0 5 0 3 0 5 0 1 0 5 0 1 0 8 0 5 0 4 0 5 0 2 0 6 0 6 0 1 1 0 0 5 0 1 0 8 0 8 0 0 0 0 0 7 0 6 0 6 0 2 0 2 0 6 1 0 0 5 1 0
1 451 2 0 0 0 0 0 1 0 1 1 0 0 0 0 0 0 2 0 7 0 6 0 5 0 7 0 0 0 5 0 0 1 0 0 7 0 3 0 2 0 3 0 4 0 2 0 3 0 4 0 0 1 0 0 8 0 1 0 3 0 2 0 3 0 4 0 1 0 5 0 0 0 3 0 7 0 2 0 6 0 7 0 4 0 7 0 1 0 1 0 0 0 0 0 4 0 7 0 8 0 5 0 1 0 2 0 6 0 2 0 6 0 4 0 1 0 8 0 7 0 6 0 4 0 0 0 4 0 4 0 0 0 0 0 4 0 4 0 4 0 8 0 1 0 5 0 2 1 0 0 1 0 5 0 6 0 5 0 2 1 0 0 3 0 5 0 8 0 8 0 2 0 0 0 8 0 5 0 6 0 4 1 0 0 4 0 0 1 0 0 0 0 4 0 4 0 0 0 0 0 4 0 8 0 6 0 8 0 6 0 6 0 3 0 0 0 1 0 0 0 8 0 6 0 2 0 5 0 5 0 6 0 2 0 3 0 0 0 2 0 3 0 6 0 2 1 0 0 8 0 1 0 6 0 1 0 4 1 0 1 0 0 8 0 8 0 2 0 6 0 2 0 3 0 0 0 4 0 2 0 8 0 0 0 3 0 1 0 2 1 0 0 4 0 7 0 0 0 1 0 6 0 3 1 0 0 4 0 8 0 4 0 8 0 5 0 0 0 5 0 0 1 0 0 3 0 3 0 4 0 3 0 0 0 4 0 4 0 3 0 3 0 5 0 1 0 3 0 5 0 6 0 3 0 4 1 0 0 4 0 7 0 3 0 5 1 0 0 6 0 8 0 2 0 1 0 6 0 3 0 8 0 7 0 0 0 3 0 6 0 8 0 0 0 8 0 0 0 4 0 0 0 4 0 7 0 2 0 0 0 1 0 6 0 3 0 3 0 4 1 0 0 0 0 4 0 7 0 7 0 1 0 1 0 5 0 4 0 3 0 5 0 5 0 4 0 0 0 1 1 0
1 451 4 0 0 0 0 0 2 0 3 0 7 1 0 0 0 0 5 0 5 0 4 0 2 0 5 0 2 0 0 0 2 1 0 0 4 0 7 0 4 0 6 0 8 0 4 0 6 0 8 0 1 1 0 0 6 0 3 0 6 0 4 0 6 0 8 0 3 0 0 0 1 0 7 0 4 0 6 0 3 0 6 0 0 0 5 0 3 0 2 0 0 0 0 1 0 0 6 0 8 0 1 0 3 0 5 0 2 0 6 0 2 1 0 0 4 0 7 0 6 0 3 1 0 0 1 0 8 0 8 0 0 0 0 1 0 0 0 0 0 0 7 0 4 0 0 0 6 0 8 0 2 0 1 0 4 0 1 0 6 0 8 0 6 0 1 0 8 0 7 0 5 0 1 0 7 0 2 0 4 0 0 1 0 0 8 0 1 0 7 1 0 0 8 0 8 0 0 0 0 1 0 0 8 0 4 0 8 0 4 0 3 0 7 0 0 0 2 0 1 0 7 0 3 0 6 0 1 0 2 0 3 0 5 0 6 0 0 0 4 0 7 0 2 0 6 1 0 0 6 0 4 0 2 0 4 0 0 0 0 1 0 0 7 0 7 0 6 0 2 0 5 0 6 0 0 0 8 0 5 0 6 0 1 0 6 0 2 0 5 0 8 0 8 0 4 0 1 0 3 0 2 0 8 0 8 0 8 0 7 0 0 0 8 0 1 0 2 0 0 0 2 0 8 0 5 0 6 0 8 0 6 0 0 0 8 0 8 0 6 0 7 0 0 0 3 0 7 0 1 0 3 0 7 1 0 1 0 1 0 0 5 0 8 0 2 0 0 0 3 0 7 0 5 0 3 0 2 0 8 0 7 0 5 0 1 0 7 0 3 0 7 0 2 0 6 0 1 0 8 0 0 1 0 0 5 0 5 0 0 0 3 0 2 0 7 0 6 1 0 1 0 0 0 1 0 0 6 0 5 0 3 0 3 0 0 1 0 0 8 0 1 0 1 1 0 0 1 0 3 0 7
1 451 8 0 0 0 0 0 4 0 7 0 5 1 0 0 1 0 1 0 1 1 0 0 6 0 0 0 5 0 0 0 5 0 8 0 8 0 5 0 0 0 4 0 8 0 0 0 4 0 7 0 4 1 0 0 2 0 8 0 3 0 0 0 4 0 7 0 7 0 0 0 3 0 5 0 0 0 3 0 8 0 2 0 2 0 0 0 7 0 4 0 0 0 1 1 0 0 3 0 7 0 3 0 7 0 0 0 6 0 2 0 6 0 8 0 8 0 5 0 3 0 8 0 8 0 2 0 7 0 7 0 1 0 1 0 7 1 0 0 1 0 4 1 0 0 2 0 3 0 7 0 5 0 2 0 8 0 3 0 3 0 8 0 3 0 4 0 7 0 6 0 1 0 4 0 4 0 5 0 8 0 1 1 0 0 6 0 4 0 6 0 0 0 7 0 7 0 1 0 1 1 0 0 7 0 0 0 7 1 0 0 8 0 4 0 1 0 4 0 3 0 4 0 8 0 2 0 3 0 4 0 7 0 1 0 3 0 1 1 0 0 5 0 6 0 4 0 0 0 2 1 0 0 5 0 8 0 0 0 1 1 0 0 5 0 6 0 3 0 6 0 1 0 3 0 2 0 7 0 2 0 3 0 4 0 2 0 6 0 1 0 8 0 7 1 0 0 3 0 6 0 5 0 7 0 8 0 8 0 5 0 2 0 6 0 3 0 4 0 0 0 5 0 7 0 2 0 4 0 8 0 3 0 2 0 7 0 8 0 4 0 5 0 1 0 7 0 4 0 3 0 7 0 6 0 0 1 0 1 0 0 1 0 7 0 5 0 0 0 7 0 5 0 1 0 7 0 5 0 7 0 6 0 1 0 4 0 4 0 8 0 4 0 6 0 2 0 4 0 6 0 2 1 0 0 1 0 1 0 1 0 6 0 5 0 5 0 5 0 0 0 8 0 0 1 0 0 3 0 1 0 7 0 6 0 1 1 0 0 6 0 3 0 3 0 8 0 1 0 7 0 5
0 453 1 0 6 0 1 0 0 1 0 0 6 0 2 1 0 0 2 0 2 0 3 1 0 0 2 0 2 0 0 0 2 0 1 0 8 0 8 0 1 0 1 1 0 0 7 0 1 1 0 0 6 0 0 1 0 0 5 0 6 0 7 0 0 1 0 0 6 0 5 0 1 0 7 0 0 0 1 0 7 0 6 0 5 0 4 0 1 0 4 1 0 0 1 0 3 0 8 0 6 0 4 0 8 0 4 0 2 0 2 0 6 0 3 0 8 0 8 0 1 0 8 0 7 0 7 0 6 0 5 0 5 0 3 0 3 0 5 1 0 0 2 1 0 1 0 0 4 0 7 0 5 0 1 0 6 0 6 0 7 0 7 0 6 0 7 1 0 0 6 0 3 0 3 1 0 0 0 0 2 0 7 0 4 1 0 0 3 0 0 0 3 0 2 0 5 0 5 0 3 0 3 1 0 0 4 0 2 0 6 0 0 0 6 1 0 0 3 0 8 0 6 1 0 0 7 0 5 0 6 1 0 0 5 0 3 0 6 0 3 1 0 0 1 0 3 1 0 0 1 0 5 1 0 0 1 0 7 0 1 0 3 1 0 0 1 0 3 0 8 0 2 0 3 0 6 0 5 0 4 0 5 0 6 0 8 0 5 0 2 0 4 0 7 0 6 1 0 0 7 0 3 0 2 0 6 0 8 0 8 0 1 0 6 0 2 0 7 0 8 0 1 0 1 0 5 0 5 1 0 0 7 0 7 0 5 0 5 0 8 0 0 0 1 0 4 0 4 1 0 0 8 0 5 0 3 0 2 1 0 0 8 0 2 0 5 0 1 0 2 0 5 0 1 0 4 0 5 0 2 0 6 0 3 0 3 1 0 0 0 0 8 0 0 0 3 0 5 1 0 0 3 0 6 0 8 0 1 0 2 0 3 0 3 0 2 0 2 0 1 0 2 0 6 0 2 0 8 0 5 0 3 0 5 0 3 0 4 1 0 0 2 0 7 0 7 0 6 0 4 0 5 0 2
1 453 3 0 2 0 3 0 1 1 0 0 2 0 6 0 8 0 3 0 4 0 7 0 8 0 3 0 4 0 0 0 4 0 3 0 7 0 7 0 3 0 3 1 0 0 4 0 4 1 0 0 2 0 2 1 0 0 1 0 4 0 5 0 2 1 0 0 3 0 1 0 4 0 4 0 1 0 3 0 5 0 4 0 1 1 0 0 3 1 0 1 0 0 2 0 7 0 7 0 4 0 0 0 7 1 0 0 5 0 5 0 2 0 8 0 7 0 7 0 4 0 7 0 6 0 6 0 4 0 2 0 1 0 7 0 7 0 1 1 0 0 5 1 0 0 8 0 8 0 5 0 1 0 4 0 3 0 4 0 6 0 6 0 4 0 7 0 0 0 2 0 7 0 7 0 7 1 0 0 5 0 5 0 0 1 0 0 6 0 0 0 6 0 5 0 1 0 1 0 7 0 7 0 8 0 7 0 5 0 2 0 2 0 3 1 0 0 7 0 7 0 5 0 0 0 5 0 2 0 5 0 0 0 0 0 8 0 2 0 8 0 8 0 1 0 7 0 8 0 2 0 1 1 0 0 3 0 4 0 3 0 7 0 8 0 1 0 7 0 6 0 5 0 7 0 3 0 2 0 0 0 2 0 4 0 8 0 1 0 5 1 0 0 6 0 5 0 0 0 4 0 7 0 5 0 3 0 8 0 7 0 4 0 2 0 6 0 5 0 7 0 3 0 3 0 1 0 3 0 0 0 5 0 6 0 2 0 2 0 7 0 1 0 2 1 0 0 1 0 0 0 7 0 1 0 7 0 5 1 0 0 6 0 6 0 0 0 3 0 5 0 0 0 3 1 0 0 1 0 6 0 2 0 7 0 7 0 8 0 0 0 6 0 1 0 7 0 1 1 0 0 7 0 3 0 7 0 3 0 4 0 6 0 6 0 4 0 4 0 2 0 5 0 2 0 6 0 7 0 1 0 8 0 0 0 7 1 0 1 0 0 5 0 5 0 6 0 4 0 0 0 1 0 5
0 453 6 0 4 0 6 0 3 0 8 0 4 0 3 0 7 0 7 1 0 0 6 0 7 0 7 0 8 0 0 0 8 0 7 0 5 0 5 0 7 0 7 0 8 0 7 1 0 1 0 0 4 0 5 0 8 0 1 1 0 0 1 0 6 0 8 0 5 0 2 0 8 0 8 0 2 0 7 0 0 1 0 0 4 0 8 0 6 1 0 0 8 0 4 0 5 0 5 1 0 0 2 0 6 0 0 0 1 0 1 0 6 0 7 0 6 0 6 0 0 0 6 0 4 0 3 1 0 0 5 0 3 0 5 0 5 0 4 1 0 0 2 0 0 0 7 0 8 0 1 0 3 0 8 0 6 1 0 0 4 0 4 0 0 0 5 0 1 0 5 0 5 0 6 0 7 0 0 0 1 0 1 0 2 1 0 0 2 0 2 0 3 0 1 0 3 0 3 0 5 0 6 0 8 0 6 0 1 0 5 0 4 0 7 1 0 0 5 0 6 0 1 0 2 0 0 0 6 0 0 0 1 0 1 0 6 0 6 0 7 0 7 0 4 0 5 0 7 0 5 0 3 0 8 0 5 0 8 0 7 0 5 0 7 0 4 0 5 0 4 0 2 0 5 0 7 0 4 0 0 0 4 1 0 0 7 0 4 0 2 0 0 0 3 0 1 0 1 1 0 0 6 0 1 0 8 0 7 0 5 1 0 0 6 0 3 0 2 0 5 0 7 0 6 0 2 0 6 0 1 0 1 0 3 0 5 0 5 0 4 0 3 0 5 0 8 0 1 0 1 0 4 0 4 0 5 0 3 0 0 0 3 0 3 0 1 0 7 0 0 0 1 0 7 0 8 0 2 0 2 0 6 0 5 0 6 0 7 0 2 0 2 0 4 0 4 0 4 1 0 0 4 0 8 0 4 0 7 1 0 0 4 0 3 1 0 1 0 0 6 0 0 0 6 0 3 0 5 0 4 0 6 0 2 0 6 0 0 1 0 0 1 0 2 0 3 1 0 0 1 0 3 0 1
0 455 1 0 3 0 0 0 3 0 8 0 6 1 0 0 8 0 5 0 7 0 0 0 3 0 6 0 6 0 7 0 2 0 7 0 6 0 2 0 2 0 6 0 6 0 8 0 7 0 0 0 8 0 8 0 1 0 7 0 4 0 8 0 2 0 3 0 8 0 1 0 6 0 7 0 7 0 6 0 4 0 2 0 8 0 8 0 7 0 5 0 0 0 7 0 0 0 2 0 2 1 0 0 5 0 2 0 1 0 2 0 3 0 3 0 6 0 4 0 3 0 2 0 2 1 0 1 0 0 0 0 0 0 8 0 1 0 2 0 0 1 0 0 4 0 1 0 5 0 7 0 3 0 7 0 7 0 4 1 0 0 8 0 8 0 1 0 0 0 4 0 1 0 2 0 4 0 5 0 1 0 2 0 2 0 5 0 8 0 3 0 4 0 6 0 2 0 6 0 7 0 1 0 4 0 8 0 3 0 4 0 1 0 0 0 7 0 0 0 1 0 3 0 3 0 4 0 1 0 2 0 1 0 2 0 3 0 3 0 4 0 6 0 6 0 0 0 2 0 6 0 1 0 8 0 7 0 2 0 8 0 6 0 2 0 6 0 0 0 1 1 0 0 6 0 1 0 5 1 0 0 2 0 0 0 0 0 4 1 0 0 5 0 0 0 6 0 2 0 3 1 0 0 2 0 4 0 7 0 6 0 3 0 0 0 2 0 7 0 5 0 1 0 6 0 3 0 6 0 2 0 3 0 2 0 7 0 1 0 1 1 0 0 8 0 1 0 7 0 3 0 2 1 0 0 0 0 1 0 7 0 0 0 6 0 6 0 3 0 4 0 1 0 3 0 5 0 7 0 5 0 5 0 3 0 2 0 4 0 5 0 5 0 4 1 0 0 0 0 0 1 0 1 0 0 8 0 0 0 6 1 0 0 8 0 7 1 0 1 0 0 2 0 2 0 2 0 8 0 1 0 0 0 3 0 6 0 2 0 2 0 8 0 1 0 4 0 7 0 8 0 1 0 6 0 2
1 455 2 0 6 0 0 0 7 0 7 0 5 0 0 0 7 0 2 0 5 0 1 0 7 0 3 0 4 0 5 0 6 0 5 0 3 0 5 0 5 0 3 0 4 0 8 0 5 0 2 0 7 0 7 0 4 0 5 0 0 0 7 0 5 0 7 0 6 0 4 0 3 0 6 0 6 0 3 1 0 0 6 0 7 0 8 0 6 0 1 0 2 0 4 0 1 0 4 0 5 1 0 0 0 0 5 0 2 0 4 0 6 0 7 0 2 1 0 0 7 0 4 0 5 1 0 0 7 1 0 0 1 0 6 0 3 0 4 0 1 0 8 0 7 0 3 0 1 0 5 0 8 0 5 0 6 0 1 0 0 0 7 0 7 0 3 0 0 0 8 0 2 0 4 1 0 0 1 0 3 0 4 0 5 0 1 0 7 0 7 1 0 0 3 0 6 0 3 0 5 0 3 1 0 0 7 0 7 0 8 0 2 0 1 0 4 0 1 0 2 0 6 0 6 0 8 0 2 0 4 0 2 0 4 0 6 0 6 1 0 0 4 0 3 0 1 0 5 0 2 0 4 0 7 0 5 0 6 0 7 0 3 0 6 0 2 0 1 0 3 1 0 0 2 0 4 0 1 1 0 0 4 0 0 0 1 0 0 0 0 0 0 0 2 0 2 0 5 0 7 0 8 0 3 1 0 0 6 0 3 0 7 0 0 0 5 0 5 0 1 0 4 0 2 0 8 0 2 0 5 0 6 0 5 0 4 0 3 0 3 1 0 0 6 0 4 0 4 0 7 0 5 0 7 1 0 0 3 0 4 0 2 0 3 0 3 0 7 0 8 0 2 0 7 0 1 0 6 0 2 0 1 0 7 0 4 1 0 0 2 0 2 0 0 1 0 0 0 0 1 1 0 1 0 0 6 0 2 0 4 0 0 0 7 0 7 0 0 0 8 0 3 0 4 0 5 0 6 0 3 0 0 0 7 0 2 0 5 0 5 0 6 0 3 1 0 0 6 0 7 0 4 0 2 0 5
0 455 5 0 2 0 2 0 5 0 6 0 1 0 2 0 4 0 6 0 0 0 4 0 4 0 7 1 0 0 2 0 4 0 1 0 8 0 1 0 1 0 7 1 0 0 8 0 1 0 6 0 5 0 6 0 0 0 1 0 2 0 5 0 2 0 6 0 3 1 0 0 8 0 3 0 3 1 0 0 0 0 3 0 6 0 8 0 3 0 3 0 4 0 8 0 2 1 0 0 2 1 0 0 1 0 0 0 5 1 0 0 4 0 5 0 6 1 0 0 5 0 0 0 3 0 0 0 5 1 0 0 3 0 2 0 7 0 8 0 3 0 7 0 5 0 7 0 3 0 1 0 8 0 2 0 3 0 3 0 1 0 5 0 5 0 7 0 1 0 6 0 5 1 0 1 0 0 2 0 6 1 0 0 1 0 4 0 5 0 6 1 0 0 7 0 2 0 8 0 0 1 0 0 0 0 5 0 6 0 7 0 5 0 2 0 8 0 2 0 5 0 3 0 4 0 7 0 5 0 8 0 4 1 0 0 4 0 4 1 0 0 8 0 6 0 3 0 0 0 5 1 0 0 6 0 2 0 4 0 5 0 8 0 2 0 5 0 2 0 7 0 8 0 3 0 8 0 3 0 8 0 7 0 0 0 2 0 0 0 0 0 0 0 4 0 5 0 1 0 6 0 7 1 0 0 0 0 2 0 8 0 4 0 2 0 1 0 1 0 3 0 8 0 5 0 6 0 6 0 1 0 4 0 1 1 0 0 7 0 7 1 0 0 3 0 0 0 0 0 6 0 2 0 6 1 0 0 6 0 8 0 4 0 6 0 7 0 5 0 7 0 6 0 4 0 4 0 2 0 5 0 3 0 5 0 0 1 0 0 4 0 4 0 1 0 7 1 0 0 3 1 0 1 0 0 2 0 5 0 8 0 1 0 5 0 5 0 2 0 6 0 7 1 0 0 2 0 3 0 7 0 1 0 4 0 6 0 1 0 2 0 3 1 0 0 0 0 3 0 5 1 0 0 6 0 1
0 457 1 0 0 0 5 0 5 0 1 0 3 0 3 0 4 1 0 0 3 0 1 1 0 0 0 0 6 1 0 0 4 0 8 0 3 0 6 0 3 0 3 0 6 0 0 0 6 0 4 0 3 0 2 0 3 0 1 0 2 0 5 0 0 0 6 0 2 1 0 0 0 0 6 0 7 0 7 0 7 1 0 0 7 0 3 0 7 0 7 0 6 1 0 0 7 0 6 0 8 0 4 0 8 0 1 0 1 0 1 1 0 1 0 0 2 0 5 0 0 0 0 0 1 0 6 0 1 0 1 1 0 0 6 0 5 0 5 0 7 0 8 0 5 0 2 0 5 0 7 0 3 0 6 0 5 0 6 0 6 0 3 0 1 0 2 0 5 0 4 0 3 0 3 0 0 0 8 0 4 0 3 1 0 0 2 1 0 0 2 0 5 0 0 0 4 0 6 0 6 0 2 0 8 0 0 0 1 0 4 0 6 0 1 0 6 0 6 0 6 0 0 0 7 1 0 0 6 0 2 0 8 0 0 1 0 1 0 0 1 0 0 0 7 0 3 0 7 0 1 0 2 0 0 0 2 0 5 1 0 0 2 0 7 0 6 0 0 0 6 0 5 0 7 0 8 0 6 0 8 0 7 0 5 0 1 0 4 0 0 0 0 0 0 1 0 0 1 0 4 0 3 0 6 1 0 0 0 0 5 0 6 1 0 0 5 0 2 0 2 0 7 0 7 0 2 0 4 0 3 0 3 0 8 0 3 1 0 0 5 0 6 1 0 0 6 0 0 0 1 0 2 0 6 0 4 0 0 0 3 0 8 0 0 0 4 0 6 0 2 0 6 0 3 1 0 1 0 0 6 0 0 0 8 0 0 0 2 0 8 0 7 0 8 0 3 0 5 1 0 0 7 1 0 0 8 0 4 0 1 0 7 0 4 0 1 0 1 0 6 0 3 0 6 1 0 0 4 0 7 0 4 0 3 1 0 0 3 0 3 0 4 0 7 0 7 1 0 0 7 0 2 0 0 0 2 0 3
1 457 2 0 1 0 1 0 1 0 3 0 6 0 6 1 0 1 0 0 6 0 3 0 8 0 0 0 3 1 0 1 0 0 7 0 8 0 2 0 7 0 7 0 2 0 2 0 2 1 0 0 7 0 4 0 6 0 2 0 5 0 0 0 2 0 2 0 6 0 8 0 0 0 3 0 6 0 6 0 7 0 0 0 4 0 8 0 5 0 6 0 5 0 0 0 5 0 4 0 8 0 0 0 7 0 3 0 2 0 3 1 0 0 8 0 4 0 0 0 1 0 0 0 3 0 2 0 3 0 3 1 0 0 3 0 2 0 2 0 6 0 8 0 1 0 6 0 1 0 5 0 8 0 3 0 2 0 4 0 3 0 7 0 2 0 5 0 0 1 0 0 7 0 6 0 1 0 6 1 0 0 8 0 8 0 4 0 8 0 4 0 0 0 1 1 0 0 4 0 3 0 6 0 6 0 1 0 2 1 0 0 3 0 4 0 3 0 4 0 3 0 2 0 6 0 0 0 2 0 6 0 6 0 2 1 0 0 8 0 1 0 1 0 4 0 8 0 4 0 3 0 4 0 0 0 5 0 1 1 0 0 5 0 5 0 3 0 2 0 3 0 2 0 6 0 8 0 4 0 8 0 6 0 1 0 3 0 8 0 0 0 0 0 1 0 8 0 1 0 8 0 7 0 3 1 0 0 1 0 1 0 5 0 0 0 0 0 5 0 5 0 5 0 5 0 5 0 8 0 6 0 7 0 6 1 0 0 0 0 1 0 5 0 0 0 2 0 1 0 2 0 5 0 2 1 0 0 1 0 7 0 6 0 1 1 0 0 3 0 6 0 2 1 0 0 0 1 0 0 2 0 2 0 6 0 1 0 5 0 7 0 6 0 7 0 8 0 2 0 0 0 6 0 0 0 6 1 0 0 4 0 4 1 0 0 3 0 3 0 2 0 8 0 3 1 0 1 0 0 5 1 0 0 8 0 8 0 5 0 6 1 0 0 6 0 7 0 0 0 4 0 5 0 0 0 4 0 6
0 457 4 0 2 0 2 0 2 0 7 0 3 0 5 0 0 1 0 0 2 0 8 0 6 0 1 0 7 1 0 1 0 0 5 0 7 0 6 0 5 0 5 0 5 0 4 0 5 1 0 0 5 0 0 0 3 0 6 0 0 0 1 0 4 0 5 0 3 0 7 0 1 0 7 0 3 0 4 0 5 0 1 1 0 0 8 0 2 0 4 0 1 0 2 0 1 0 0 0 7 0 2 0 4 0 7 0 4 0 7 1 0 0 6 1 0 0 1 0 2 0 0 0 6 0 4 0 6 0 7 0 8 0 5 0 4 0 5 0 3 0 7 0 4 0 2 0 4 0 1 0 7 0 7 0 4 0 8 0 7 0 4 0 6 0 0 0 2 1 0 0 5 0 3 0 4 0 4 0 0 0 7 0 8 0 0 0 7 1 0 0 1 0 3 0 8 0 7 0 7 0 3 0 3 0 3 0 5 0 8 0 5 0 8 0 6 0 8 0 6 0 5 0 2 0 1 0 5 0 3 0 3 0 6 1 0 0 6 0 3 0 2 1 0 0 7 1 0 0 7 0 8 0 1 0 0 0 4 1 0 0 1 0 1 0 7 0 4 0 6 0 5 0 3 0 8 0 0 0 8 0 3 0 3 0 7 0 6 0 1 0 0 0 3 0 6 0 4 0 7 0 5 0 8 0 8 0 1 0 3 0 0 0 1 0 1 0 1 0 2 0 2 0 2 0 2 0 8 0 4 0 6 0 4 1 0 0 0 0 3 0 0 0 1 0 4 0 2 0 5 0 0 0 6 0 8 0 2 0 5 0 3 0 4 0 8 0 6 0 2 0 6 0 8 0 0 0 8 0 3 0 5 0 2 0 4 0 1 0 6 0 4 0 6 0 7 0 5 0 1 0 2 0 2 0 3 1 0 1 0 0 0 1 0 0 6 0 6 0 5 0 6 1 0 0 0 1 0 0 2 0 0 0 7 0 8 0 2 0 5 0 0 0 3 0 5 0 1 1 0 0 1 0 1 1 0 0 4
1 457 8 0 4 0 4 0 5 0 4 0 8 0 0 0 2 0 8 0 4 0 7 0 3 0 4 0 6 0 0 1 0 0 1 0 6 0 4 0 2 0 2 0 2 0 0 0 3 0 0 0 0 0 1 0 7 0 2 0 1 0 2 1 0 0 1 0 8 0 4 0 4 0 4 0 7 1 0 0 1 0 4 1 0 0 6 0 5 0 8 0 2 0 4 0 2 0 1 0 4 0 5 1 0 0 6 0 0 0 7 0 0 0 3 1 0 0 2 0 4 0 1 0 3 0 0 0 4 0 6 0 8 0 2 0 0 0 1 0 8 0 4 1 0 0 5 0 8 0 3 0 5 0 6 0 0 0 8 0 6 0 0 0 3 0 1 0 5 1 0 0 0 0 7 0 8 0 8 0 1 0 5 0 7 0 2 0 5 1 0 0 2 0 7 0 7 0 6 0 5 0 7 0 6 0 7 0 1 0 8 0 2 0 8 0 4 0 8 0 4 0 1 0 5 0 3 0 0 0 7 0 7 0 4 0 0 0 2 0 7 0 5 1 0 0 6 0 0 0 5 0 7 0 3 0 0 1 0 1 0 0 2 0 3 0 5 0 0 0 4 0 1 0 8 0 6 0 2 0 6 0 7 0 7 0 5 0 3 0 3 0 0 0 7 0 3 0 0 0 6 0 2 0 8 0 7 0 3 0 6 0 0 0 2 0 2 0 2 0 4 0 4 0 4 0 5 0 7 0 0 0 4 0 0 1 0 0 0 0 6 0 0 0 2 0 8 0 5 0 0 0 2 0 3 0 7 0 6 0 0 0 7 1 0 0 8 0 3 0 6 0 3 0 7 0 2 0 6 0 8 0 0 0 5 0 8 0 3 0 3 0 0 0 4 0 6 0 1 0 3 0 4 0 4 0 7 1 0 0 8 0 0 1 0 0 3 0 4 0 2 0 4 1 0 0 1 0 8 0 3 0 1 0 5 0 7 0 6 0 0 0 1 0 7 0 0 0 4 0 8 0 1 0 3 0 8 0 7
1 459 1 0 7 0 0 0 0 0 2 0 0 0 7 0 1 0 5 0 7 0 0 0 5 0 7 1 0 0 3 0 2 0 8 0 2 0 2 1 0 0 5 0 4 0 4 0 0 0 6 0 0 0 0 0 3 0 4 0 5 0 2 0 5 0 8 0 2 0 7 0 0 0 0 0 0 0 6 1 0 0 3 0 0 0 0 0 3 0 2 0 7 0 5 0 8 0 4 0 2 1 0 0 3 0 0 0 2 0 2 0 4 0 1 0 7 0 8 0 3 0 8 0 2 0 6 0 0 1 0 0 4 0 7 0 5 0 0 0 3 0 7 0 1 0 0 0 1 0 7 0 8 0 1 0 3 0 2 0 7 0 3 0 1 0 6 0 3 0 1 1 0 0 1 0 5 0 8 0 7 0 4 0 1 0 5 0 6 0 1 1 0 0 5 0 5 0 6 0 4 0 2 0 6 0 4 0 5 0 4 0 6 0 6 0 7 0 0 0 7 1 0 0 4 0 0 0 7 0 1 0 5 0 5 1 0 0 1 0 5 0 5 0 3 0 0 0 2 0 2 0 1 0 5 0 7 0 1 1 0 0 8 0 3 0 7 0 0 0 1 0 8 0 3 0 7 0 3 0 6 0 3 0 6 0 6 0 1 0 7 0 6 0 1 0 4 0 7 0 1 0 2 0 6 0 7 0 5 0 8 0 2 0 1 0 4 0 4 0 4 1 0 0 0 0 0 0 2 0 5 0 1 0 8 0 1 0 8 0 0 0 2 0 1 0 5 0 7 0 1 0 1 0 4 0 7 0 5 0 3 0 2 0 6 0 0 0 6 0 8 0 2 0 8 0 4 0 6 0 3 0 7 0 2 0 1 0 7 0 7 0 6 0 0 1 0 0 3 0 3 0 6 1 0 0 0 0 7 0 0 0 6 0 2 0 8 0 5 0 8 0 4 1 0 1 0 0 3 0 6 0 7 0 3 0 1 0 6 0 3 0 1 0 3 0 4 0 1 1 0 0 7 0 3 0 7 0 7 0 6
1 459 3 0 4 0 1 0 0 0 4 0 1 0 4 0 4 0 1 0 5 0 2 0 1 0 6 1 0 0 6 0 5 0 6 0 5 0 5 1 0 0 0 1 0 1 0 0 2 0 2 0 1 0 0 0 6 1 0 0 1 0 6 0 1 0 7 0 6 0 4 0 1 0 0 0 1 0 3 1 0 0 6 0 0 0 0 0 6 0 5 0 5 0 2 0 7 1 0 0 6 0 8 0 5 0 0 0 4 0 4 0 8 0 3 0 5 0 7 0 8 0 6 0 6 0 2 0 2 0 8 0 8 0 5 0 1 0 1 0 7 0 4 0 3 0 0 0 3 0 5 0 7 0 3 0 6 0 5 0 4 0 7 0 3 0 2 0 7 0 3 0 8 0 2 0 1 0 8 0 5 1 0 0 4 0 1 0 3 0 4 1 0 0 1 0 2 0 3 1 0 0 6 0 3 0 0 0 2 0 0 0 4 0 4 0 5 0 2 0 5 1 0 0 8 0 1 0 4 0 4 0 1 0 2 1 0 0 3 0 1 0 1 0 7 0 0 0 4 0 4 0 3 0 1 0 5 0 4 1 0 0 6 0 8 0 4 0 1 0 3 0 6 0 8 0 4 0 8 0 2 0 8 0 3 0 3 0 4 0 5 0 3 0 3 1 0 0 5 0 3 0 5 0 3 0 6 0 2 0 7 0 5 0 2 1 0 0 0 0 0 1 0 0 0 0 0 0 5 0 0 0 4 0 6 0 4 0 6 0 1 0 4 0 3 0 1 0 5 0 3 0 2 1 0 0 6 0 1 0 7 0 5 0 2 0 2 0 3 0 7 0 6 0 7 0 0 0 3 0 8 0 4 0 5 0 3 0 5 0 6 0 3 0 2 0 8 0 5 0 7 0 3 1 0 0 1 0 4 0 2 0 2 0 6 0 7 0 2 0 8 0 1 0 0 0 8 0 6 0 3 0 5 0 7 0 3 0 2 0 7 0 2 0 6 0 8 0 3 1 0 0 4 0 8 0 5 0 6 0 4
0 459 6 0 8 0 2 0 0 0 8 0 2 0 8 0 8 0 3 0 0 0 5 0 3 0 4 0 0 0 3 0 2 0 4 0 2 0 2 1 0 0 1 1 0 0 8 0 3 0 4 0 2 0 1 0 3 1 0 0 3 0 2 0 4 0 5 0 3 1 0 0 3 0 0 0 2 0 7 1 0 0 2 0 1 0 1 0 3 0 2 0 1 0 6 0 6 0 0 0 3 0 8 0 1 0 1 1 0 0 0 0 7 0 8 0 1 0 6 0 8 0 4 0 3 0 5 0 5 0 7 0 8 0 1 0 3 0 3 0 4 1 0 0 7 0 0 0 7 0 1 0 5 0 8 0 3 0 2 0 0 0 5 0 7 0 5 0 4 0 8 0 6 0 5 0 3 0 7 0 2 1 0 0 8 0 2 0 6 1 0 1 0 0 2 0 4 0 7 1 0 0 2 0 7 0 0 0 4 0 0 1 0 0 0 0 1 0 6 0 2 0 0 0 6 0 3 0 8 0 8 0 2 0 5 0 8 0 5 0 2 0 3 0 4 0 1 0 8 0 8 0 6 0 3 0 1 0 1 0 0 0 3 0 7 1 0 0 3 0 7 0 3 0 8 0 0 0 7 0 6 0 6 0 7 0 6 1 0 0 1 0 7 0 7 1 0 0 0 0 8 0 0 0 8 0 2 0 6 0 5 0 1 0 6 0 7 1 0 0 1 0 7 1 0 0 1 0 0 0 1 1 0 0 4 0 0 0 3 0 3 0 8 0 6 0 3 0 0 0 7 0 5 1 0 0 2 0 4 0 5 0 1 0 5 0 4 0 7 0 5 0 4 0 5 0 1 0 7 0 7 0 0 0 1 0 8 0 1 0 3 0 7 0 5 0 7 0 2 0 5 0 8 0 8 0 1 0 8 0 4 0 5 0 3 0 5 0 6 0 6 0 3 0 1 0 7 0 3 0 8 0 1 0 5 0 7 0 5 0 4 0 6 0 3 0 7 0 8 0 8 0 8 0 7 0 2 0 4 0 0
0 461 1 0 3 0 7 0 5 0 1 0 6 0 6 0 7 0 7 0 7 0 1 0 0 0 7 0 8 0 0 0 6 0 4 0 8 0 4 0 5 0 8 0 2 1 0 0 6 0 7 0 8 0 4 0 2 0 7 0 8 0 5 0 4 1 0 0 1 0 8 0 8 0 5 0 0 0 5 0 5 1 0 0 4 0 2 0 2 0 6 0 4 0 3 0 3 0 3 0 1 0 7 0 6 0 3 0 3 0 8 0 0 0 5 0 7 0 4 0 3 0 7 1 0 0 8 0 1 0 2 0 6 0 7 0 3 0 6 0 7 0 0 0 0 0 4 0 2 0 4 0 4 0 1 0 7 0 7 0 4 0 1 0 1 0 6 0 2 0 0 0 8 0 4 0 1 0 8 0 4 0 6 1 0 0 6 0 6 0 4 0 0 0 8 0 3 1 0 0 6 1 0 0 5 0 4 0 1 0 8 0 1 0 7 1 0 0 3 0 2 0 5 0 1 0 2 0 8 0 7 0 7 0 6 0 1 0 8 0 1 0 5 0 6 0 8 0 3 0 7 0 8 0 3 0 7 0 2 0 2 0 0 0 7 0 5 1 0 0 7 0 4 0 8 0 6 0 2 0 5 0 4 0 4 0 6 0 4 1 0 0 3 0 5 0 6 1 0 0 1 0 6 0 2 0 6 0 6 0 3 0 1 0 4 0 3 0 6 1 0 0 3 0 5 1 0 0 2 0 0 0 3 0 8 0 7 0 0 0 6 0 7 0 7 0 3 0 7 0 1 0 5 0 2 1 0 0 4 1 0 0 1 0 4 0 1 0 0 0 6 0 2 0 0 0 1 0 4 0 5 0 5 0 1 0 3 0 6 0 3 0 7 0 5 0 2 0 5 0 6 0 1 0 8 0 7 0 4 0 7 0 0 0 1 0 8 0 1 0 4 0 3 0 7 0 3 0 4 0 8 0 6 0 4 0 1 0 6 0 2 0 0 0 3 0 8 0 5 0 8 0 8 0 8 0 5 0 5 0 8 0 0
0 461 2 0 7 0 5 0 1 0 4 0 3 0 4 0 6 0 6 0 5 0 3 0 1 0 5 0 7 0 2 0 3 0 0 0 8 0 0 0 2 0 7 0 6 1 0 0 3 0 6 0 7 1 0 0 6 0 5 0 8 0 2 0 0 1 0 0 3 0 7 0 8 0 1 0 2 0 1 0 2 1 0 0 8 0 4 0 5 0 2 1 0 0 7 0 6 0 6 0 3 0 5 0 3 0 7 0 7 0 6 0 2 0 1 0 5 1 0 0 8 0 6 0 0 0 6 0 3 0 5 0 3 0 5 0 8 0 3 0 5 0 1 0 0 0 8 0 4 0 8 0 8 0 3 0 5 0 5 1 0 0 3 0 3 0 2 0 5 0 1 0 6 1 0 0 4 0 7 0 0 0 5 0 0 0 3 0 3 1 0 0 2 0 6 1 0 0 0 0 4 0 0 0 0 1 0 0 4 0 6 0 4 0 5 1 0 0 6 0 5 0 0 0 3 0 5 0 7 0 6 0 6 0 3 0 4 0 6 0 4 0 1 0 4 0 7 0 8 0 5 0 7 0 8 0 4 0 5 0 4 0 1 0 5 0 3 0 0 0 5 0 0 0 8 0 3 0 6 0 1 0 0 0 0 0 4 0 0 1 0 0 7 0 1 0 4 1 0 0 3 0 2 0 6 0 3 0 3 0 7 0 2 0 8 0 7 0 3 1 0 0 7 0 1 1 0 0 4 0 0 0 7 0 7 0 5 0 2 0 3 0 6 0 5 0 8 0 4 0 4 0 0 0 6 0 8 0 8 0 8 0 1 0 8 0 2 0 1 0 2 0 5 0 0 0 2 1 0 0 2 0 1 0 3 0 7 0 2 0 8 0 5 0 1 0 6 0 1 0 3 0 4 0 7 0 6 0 0 0 5 0 1 0 3 0 6 0 3 0 8 0 7 0 4 0 7 1 0 0 8 0 3 1 0 0 4 0 2 0 5 0 0 0 7 0 7 0 2 0 8 0 8 0 8 0 2 0 2 0 7 0 1
0 461 5 0 5 0 1 0 3 0 8 0 6 1 0 0 4 0 4 0 1 0 7 0 3 0 1 0 5 0 5 0 6 0 1 0 6 0 1 0 5 0 5 0 4 1 0 0 7 0 3 0 7 0 0 0 3 0 2 0 7 0 5 0 1 0 8 0 6 0 5 0 7 0 3 0 4 0 2 0 5 1 0 0 7 0 0 0 1 0 6 1 0 0 5 0 4 0 3 0 8 0 0 0 8 0 5 0 6 0 3 0 5 0 3 0 2 0 0 0 7 0 3 0 2 0 2 0 8 0 0 0 8 0 1 0 7 0 8 0 0 0 3 0 1 0 7 0 0 0 8 0 7 0 8 0 1 0 2 1 0 0 6 0 6 0 5 0 0 0 4 0 3 1 0 1 0 0 5 0 2 0 0 0 1 0 6 0 7 0 8 0 4 0 3 1 0 0 0 0 8 0 0 0 1 0 8 0 8 0 3 0 0 0 3 0 0 0 3 0 1 0 1 0 7 0 1 0 6 0 4 0 3 0 7 1 0 0 3 1 0 0 3 1 0 0 6 0 8 0 2 0 6 0 8 0 0 0 1 1 0 0 4 0 0 0 7 0 1 0 0 0 2 0 6 0 8 0 2 0 3 0 0 0 0 0 8 0 1 1 0 0 4 0 3 1 0 1 0 0 6 0 5 0 2 0 7 0 7 0 4 0 6 0 7 0 5 1 0 0 0 0 4 0 4 0 8 0 7 0 1 0 5 0 6 0 1 0 5 0 7 0 3 0 2 0 7 1 0 1 0 0 2 0 3 0 8 0 8 0 7 0 4 0 6 0 5 0 2 0 5 0 0 0 1 0 5 0 8 0 3 0 2 0 7 0 4 0 6 0 7 0 1 0 4 0 2 0 3 0 6 1 0 0 6 0 3 0 2 0 0 0 3 0 7 0 2 0 8 0 7 0 6 0 0 0 7 0 0 0 6 0 8 0 8 0 7 0 5 0 0 0 2 0 5 0 5 0 6 0 7 0 8 0 7 0 5 0 5 0 4 0 3
1 463 1 0 1 0 1 0 3 0 7 0 7 0 4 1 0 0 8 0 8 0 3 0 4 0 7 0 3 0 1 0 2 0 3 0 4 0 2 0 4 0 1 0 2 0 1 0 0 0 4 0 8 0 4 0 1 0 6 0 5 0 5 0 1 0 4 0 7 0 4 0 2 0 5 0 7 0 8 0 5 0 2 0 0 0 4 0 1 0 3 0 4 0 0 0 0 1 0 0 8 0 6 0 2 0 7 0 2 0 3 0 8 0 0 0 7 0 4 0 1 0 4 0 7 0 4 0 5 0 6 0 2 0 6 0 4 0 5 0 7 0 1 0 6 0 3 0 4 0 2 0 7 0 6 0 7 0 3 0 5 1 0 0 3 0 4 0 1 0 1 0 8 0 7 1 0 1 0 0 0 0 5 0 0 0 3 0 3 0 6 0 7 1 0 0 8 0 8 0 0 0 6 0 1 0 3 0 7 0 7 0 7 0 0 0 6 0 0 0 6 0 2 0 3 0 4 0 4 0 2 1 0 0 8 0 5 1 0 0 7 0 8 0 6 1 0 0 3 0 7 0 6 0 3 0 7 0 1 0 3 0 8 0 7 0 1 0 4 0 3 0 0 0 5 0 3 0 7 0 5 0 6 0 0 0 1 0 6 0 4 0 8 0 7 0 7 1 0 1 0 0 3 0 1 0 6 0 5 0 6 0 0 0 4 0 6 0 2 1 0 0 0 1 0 0 0 0 8 0 5 0 4 0 1 0 3 0 4 0 1 0 5 0 7 0 5 0 6 0 0 0 8 0 3 0 7 0 7 0 8 0 6 0 0 0 4 0 1 0 6 0 0 0 1 0 3 0 1 0 7 0 7 0 5 0 5 0 0 0 4 0 5 0 3 0 8 0 4 0 7 0 4 0 0 0 2 0 7 0 4 0 0 0 7 0 4 0 6 0 7 0 6 0 3 0 2 0 4 0 2 0 3 0 8 0 8 0 6 0 1 0 1 0 5 0 1 0 2 0 4 0 6 0 8 0 6 0 2 0 1 1 0 0 7
1 463 2 0 2 0 2 0 7 0 5 0 6 0 1 0 0 0 7 0 7 0 7 1 0 0 5 0 7 0 2 0 4 0 6 0 8 0 4 0 8 0 2 0 4 0 2 0 0 1 0 0 7 1 0 0 4 0 3 0 2 0 1 0 3 1 0 0 5 1 0 0 6 0 1 0 6 0 8 0 1 0 5 0 0 0 8 0 2 0 6 0 8 0 0 0 1 1 0 0 7 0 3 0 6 0 4 0 5 0 7 0 6 0 2 0 4 1 0 0 3 1 0 0 6 0 0 0 2 0 3 0 6 0 3 0 0 0 2 0 5 0 4 0 2 0 7 0 8 0 5 0 5 0 4 0 5 0 8 0 1 1 0 0 6 0 8 0 2 0 3 0 7 0 7 0 0 0 8 0 0 0 0 0 1 0 6 0 7 0 3 0 7 0 0 0 7 0 7 0 2 0 2 0 3 0 7 0 5 0 6 0 5 0 2 0 2 0 2 0 2 0 5 0 6 0 8 0 8 0 5 1 0 0 7 0 3 0 0 0 5 0 8 0 4 1 0 0 7 0 5 0 3 0 8 0 4 0 3 0 7 0 7 0 5 0 3 0 8 0 6 0 1 0 0 0 8 0 5 0 2 0 3 0 1 0 3 0 3 0 0 0 8 0 6 0 7 0 0 0 8 0 5 0 3 0 3 0 2 0 3 0 1 1 0 0 3 0 6 0 8 0 0 0 8 0 0 0 7 0 1 1 0 0 3 0 6 0 8 0 3 0 1 0 6 0 2 0 3 0 2 0 6 0 8 0 5 0 6 0 8 0 3 0 1 0 8 0 3 0 2 0 1 0 2 0 6 0 3 0 5 0 6 0 2 0 1 0 1 1 0 0 1 0 8 0 7 0 0 0 5 1 0 0 1 0 5 0 4 1 0 0 2 0 5 0 0 0 4 0 6 0 3 0 7 0 4 0 8 0 4 0 7 0 7 0 8 0 3 0 3 0 3 0 0 0 3 0 4 1 0 0 4 0 8 0 3 0 5 0 3 1 0 0 5
0 463 4 0 4 0 5 0 5 0 2 0 3 0 3 0 1 0 5 0 6 0 7 0 0 0 1 0 5 0 5 1 0 0 4 0 8 0 0 0 7 0 5 0 8 0 4 0 1 1 0 0 5 1 0 0 8 0 6 0 4 0 2 0 7 1 0 0 2 0 0 0 2 0 4 0 3 0 7 0 4 0 0 0 2 0 6 0 6 0 3 0 7 0 1 0 3 1 0 0 4 0 8 0 3 0 0 0 2 0 6 0 3 0 5 1 0 1 0 0 7 1 0 0 2 0 1 0 4 0 7 0 2 0 7 0 0 0 5 0 0 1 0 0 6 0 5 0 8 0 2 0 2 0 0 0 2 0 7 0 4 1 0 0 3 0 7 0 5 0 7 0 5 0 5 0 2 0 6 0 1 0 0 0 3 0 3 0 5 0 8 0 4 0 2 0 5 0 5 0 5 0 4 0 7 0 5 0 2 0 4 0 1 0 5 0 4 0 4 0 5 0 1 0 4 0 8 0 8 0 3 0 0 0 4 0 7 0 1 0 1 0 8 0 1 0 0 0 5 0 1 0 8 0 6 1 0 0 8 0 5 0 6 0 1 0 8 0 7 0 3 0 3 0 1 0 7 0 1 0 5 0 6 0 2 0 6 0 6 0 1 0 7 0 4 0 5 0 2 0 7 0 1 0 7 0 6 0 4 0 6 0 3 0 8 0 6 0 3 0 7 0 2 0 6 0 2 0 4 0 4 0 8 0 6 0 3 0 7 0 7 0 3 0 2 0 5 0 6 0 5 0 3 0 8 0 2 0 4 0 7 0 7 0 3 0 6 0 7 0 4 0 2 0 5 0 2 0 8 0 1 0 3 0 5 0 2 0 3 0 8 0 2 0 7 0 5 0 2 0 1 1 0 0 3 0 1 0 0 1 0 0 5 0 0 0 1 1 0 0 3 0 8 0 5 0 0 0 8 0 0 0 6 0 6 0 7 0 7 0 6 0 6 0 0 0 6 1 0 1 0 1 0 0 7 0 8 0 0 1 0 0 0 0 1
0 464 1 0 0 0 0 2 0 1 0 5 0 6 0 6 0 3 0 1 0 4 0 5 0 1 0 3 0 1 0 2 1 0 1 0 0 7 0 2 0 5 0 2 0 7 1 0 0 4 1 0 0 2 0 0 0 7 0 3 1 0 0 6 0 5 1 0 0 4 0 0 0 4 0 8 0 7 0 4 1 0 0 1 0 5 0 3 0 3 0 8 0 4 0 3 0 7 0 8 0 8 0 6 0 7 0 0 0 5 0 2 0 8 0 2 0 0 1 0 0 5 1 0 0 4 0 2 1 0 0 5 0 6 0 4 0 2 0 0 0 2 1 0 0 3 0 2 0 7 0 5 0 4 0 0 0 5 0 5 0 0 1 0 0 7 0 5 0 2 0 6 0 2 0 1 0 6 0 2 0 3 0 0 0 6 0 7 0 1 0 7 1 0 0 6 0 1 0 2 0 2 0 0 0 6 0 1 0 5 0 8 0 3 0 1 0 0 0 0 0 1 0 3 1 0 0 8 0 7 0 7 0 0 1 0 0 5 0 3 0 3 0 6 0 3 0 1 0 0 0 4 0 7 0 5 0 0 0 7 0 2 0 3 0 4 0 7 0 5 0 7 0 6 0 3 0 4 0 4 0 1 0 3 0 6 0 3 0 3 0 4 0 5 0 0 0 1 0 6 0 4 0 4 0 5 0 4 0 0 0 3 0 8 0 7 0 3 0 8 0 4 0 6 0 2 0 5 1 0 0 0 0 8 0 3 0 8 0 5 0 5 0 7 0 5 0 1 0 4 0 1 0 8 0 6 0 5 1 0 0 6 0 5 0 8 0 3 0 5 1 0 0 6 0 0 0 6 0 6 0 3 0 7 0 0 0 5 0 7 0 6 0 6 0 5 0 1 0 5 0 3 0 8 0 5 0 2 0 1 1 0 0 0 0 1 0 3 0 8 0 6 0 7 0 1 0 2 0 6 0 2 0 3 0 4 0 6 0 6 0 4 0 3 0 2 0 4 0 0 1 0 1 0 0 5 0 7 0 2 0 7 1 0 0 2
0 465 1 0 7 1 0 0 4 0 3 0 1 0 4 0 3 0 7 0 2 1 0 0 1 0 3 0 6 0 2 0 5 1 0 1 0 0 4 0 6 0 0 0 6 0 5 1 0 1 0 1 0 0 4 0 1 0 4 1 0 0 0 0 3 0 2 1 0 0 8 0 0 1 0 0 8 0 6 0 0 1 0 0 3 0 0 0 7 0 7 0 6 1 0 0 8 0 5 0 8 0 8 0 4 0 5 0 2 0 0 0 6 0 6 0 5 0 1 1 0 0 1 1 0 0 8 0 5 1 0 0 1 0 3 1 0 0 5 0 0 0 5 0 8 0 5 0 5 0 5 0 1 1 0 0 2 0 1 0 1 0 2 1 0 0 5 0 1 0 6 0 2 0 5 0 3 0 2 0 5 0 6 0 1 0 3 0 5 0 4 0 6 0 0 0 2 0 3 0 4 0 4 0 1 0 2 0 4 0 1 0 7 0 7 0 2 0 0 0 0 0 2 0 7 1 0 0 7 0 6 0 5 0 2 1 0 0 0 0 7 0 7 0 2 0 7 0 2 0 0 1 0 0 6 0 1 0 2 0 4 0 5 0 6 1 0 0 6 0 2 0 6 0 3 0 7 0 8 0 8 0 2 0 7 0 2 0 7 0 6 1 0 0 1 0 1 0 3 0 3 0 0 0 0 0 1 1 0 0 1 0 7 0 7 0 5 0 8 0 7 0 0 0 3 0 6 0 1 1 0 0 1 0 6 0 8 0 7 0 2 0 2 0 6 0 1 0 3 0 8 0 3 0 7 0 4 0 3 0 0 0 3 0 2 0 7 0 8 0 2 0 0 0 2 0 2 0 3 0 3 0 8 0 4 0 2 0 1 0 6 0 4 0 4 0 1 0 4 0 0 0 8 0 7 0 1 0 5 0 3 0 7 1 0 0 2 0 7 0 7 0 4 0 5 0 3 0 5 0 2 0 5 0 6 1 0 0 4 0 3 1 0 0 7 0 4 0 8 0 1 1 0 1 0 0 1 0 5 0 6 0 5 1 0 0 4
1 465 3 0 5 1 0 0 8 0 6 0 2 0 8 0 7 0 4 0 6 0 8 0 1 0 7 0 2 0 6 0 2 0 0 0 8 0 8 0 2 0 2 0 3 0 3 0 0 1 0 0 8 0 7 0 2 1 0 1 0 0 0 0 6 0 5 1 0 0 6 0 2 1 0 0 7 0 3 0 2 0 8 0 5 0 1 0 5 0 6 0 5 0 0 0 7 0 2 0 8 0 8 0 0 0 1 0 5 0 1 0 3 0 4 0 1 0 4 0 8 0 2 1 0 0 7 0 2 1 0 0 2 0 7 1 0 0 0 0 2 0 1 0 8 0 2 0 2 0 1 0 4 0 8 0 3 0 2 0 2 0 5 1 0 0 0 0 4 0 2 0 6 0 0 0 7 0 5 0 1 0 3 0 3 0 7 0 1 0 0 0 3 0 1 0 4 0 6 0 8 0 8 0 2 0 4 0 8 0 3 0 5 0 5 0 5 0 0 0 0 0 5 0 6 0 0 0 5 0 4 0 1 0 6 0 8 0 0 0 5 0 5 0 6 0 4 0 5 0 1 1 0 0 2 0 3 0 4 1 0 0 2 0 5 0 0 0 2 0 6 0 2 0 8 0 5 0 8 0 7 0 6 0 4 0 6 0 5 0 4 1 0 0 2 0 2 0 6 0 6 0 0 0 0 0 3 0 8 0 2 0 5 0 6 0 2 0 8 0 5 0 1 0 7 0 2 0 4 0 8 0 2 0 3 0 8 0 5 0 5 0 5 0 2 0 3 0 7 0 6 0 8 0 4 1 0 0 7 0 0 0 6 0 5 0 5 0 7 0 5 0 0 0 4 0 4 0 6 0 7 0 6 1 0 0 5 0 3 0 2 1 0 1 0 0 3 0 8 0 1 0 7 0 5 0 4 0 0 0 8 0 5 1 0 0 5 0 5 0 6 0 0 0 1 0 8 0 0 0 6 0 1 0 4 1 0 0 8 0 7 1 0 0 5 0 0 0 7 0 4 1 0 0 8 0 2 0 1 0 4 0 2 1 0 1 0
1 465 7 0 2 0 0 0 7 0 3 0 6 0 7 0 6 0 0 0 4 0 7 0 4 0 4 0 6 0 2 0 5 0 1 0 7 0 7 0 5 0 4 0 6 0 6 0 1 1 0 0 7 0 5 0 6 1 0 0 8 0 0 0 3 0 3 0 0 0 2 0 6 1 0 0 4 0 7 0 5 0 7 0 1 0 4 0 1 0 4 0 1 0 2 0 4 0 6 0 7 0 7 0 1 0 3 0 0 0 3 0 6 0 8 0 2 1 0 0 7 0 6 1 0 0 4 0 6 0 8 0 4 0 5 1 0 0 0 0 4 0 3 0 6 0 5 0 4 0 2 1 0 0 7 0 7 0 4 0 5 0 1 1 0 0 0 0 8 0 5 0 2 0 2 0 5 0 1 0 3 0 6 0 7 0 4 0 3 0 0 0 6 0 2 1 0 0 4 0 8 0 7 0 5 1 0 0 7 0 8 0 1 0 2 0 1 0 1 0 1 0 1 0 3 0 2 0 0 1 0 0 4 0 3 0 7 0 2 0 1 0 2 0 4 0 0 0 1 0 4 0 8 0 3 0 6 1 0 1 0 0 5 0 0 0 1 0 5 0 2 0 6 0 7 0 2 0 8 0 6 0 4 0 0 0 4 0 2 0 0 1 0 0 4 0 5 0 3 0 3 0 1 0 0 0 7 0 6 0 6 0 1 0 3 0 6 0 7 0 1 0 4 0 4 0 5 1 0 0 7 0 5 0 7 0 7 0 2 0 2 0 1 0 5 0 7 0 5 0 4 0 8 0 1 0 0 0 4 0 2 0 3 0 2 0 2 0 6 0 1 0 1 1 0 0 0 0 4 0 6 0 5 0 0 0 0 0 7 0 5 1 0 0 8 0 6 0 6 0 4 0 5 0 1 1 0 0 2 0 7 0 3 0 0 0 1 0 2 0 3 0 1 0 3 0 6 0 2 0 2 0 4 0 0 0 0 0 7 0 7 0 0 0 0 0 2 0 5 0 1 0 0 0 6 0 5 0 2 0 8 0 5 1 0 0 7
1 467 1 0 4 0 5 0 1 0 4 0 8 0 3 0 6 0 3 0 1 1 0 0 6 0 0 0 0 0 3 0 6 0 0 0 4 0 5 0 6 0 2 0 0 0 4 0 3 0 4 1 0 0 5 0 2 0 5 0 0 0 6 0 1 0 6 0 6 0 0 0 5 0 3 1 0 1 0 0 6 0 2 0 5 0 3 0 8 0 2 0 8 0 2 0 4 1 0 0 4 0 6 0 5 0 3 0 6 0 0 0 7 0 3 0 7 0 6 1 0 0 5 0 4 1 0 1 0 0 4 0 8 0 0 0 2 1 0 0 0 0 8 0 7 0 3 0 1 1 0 0 6 1 0 0 5 0 6 0 0 0 1 0 4 0 8 0 0 0 7 0 1 0 5 0 5 0 0 0 3 0 7 0 3 0 5 1 0 0 7 0 1 0 2 0 6 0 8 0 8 0 7 0 6 0 3 0 0 0 5 0 7 0 3 0 4 0 2 0 2 0 2 0 2 0 6 0 4 0 1 0 8 0 7 0 7 0 4 0 5 0 2 0 4 0 8 0 0 0 2 1 0 0 7 0 8 0 4 0 0 1 0 0 0 0 1 0 3 0 0 0 6 0 3 0 5 0 6 0 7 0 3 1 0 0 1 0 8 0 4 0 1 0 8 0 8 0 0 0 7 0 6 0 2 0 1 0 5 0 4 0 3 0 3 0 7 0 3 0 5 0 3 1 0 0 0 0 3 0 0 0 5 0 2 0 6 0 5 0 5 0 4 0 3 0 1 0 6 0 2 0 0 0 7 0 3 0 0 0 8 0 4 0 6 0 4 0 5 0 2 0 3 0 3 0 7 1 0 1 0 0 4 0 1 0 1 0 1 0 5 0 3 0 0 0 7 0 4 0 4 0 0 0 1 0 4 0 8 0 4 0 4 0 7 0 0 0 2 0 4 0 6 0 2 0 7 0 2 0 5 0 4 0 8 0 0 0 1 0 5 0 5 0 1 0 0 0 5 0 0 0 3 0 1 0 3 0 1 0 6 0 7 0 3 0 0 0 5
0 467 2 1 0 0 1 0 3 1 0 0 7 0 8 0 2 0 7 0 3 1 0 0 2 0 1 0 0 0 7 0 2 0 1 1 0 0 2 0 3 0 5 0 0 0 8 0 7 0 0 0 0 0 0 0 6 0 0 0 2 0 2 0 4 0 3 0 3 0 2 0 0 1 0 0 0 1 0 0 2 0 6 0 0 0 8 0 6 0 6 0 6 0 5 1 0 1 0 1 0 0 4 0 1 0 8 0 2 0 2 0 4 0 8 0 5 0 5 0 0 0 1 0 1 0 0 0 8 0 8 0 6 0 1 0 5 0 8 0 0 0 7 0 5 0 7 0 3 1 0 0 4 0 0 0 1 0 3 0 1 0 2 1 0 0 7 0 2 0 4 0 4 0 1 0 1 0 1 0 7 0 4 0 8 0 2 0 0 0 4 0 3 0 5 0 3 0 8 0 8 0 6 0 3 0 7 0 1 0 1 0 5 0 7 0 8 0 4 0 4 0 4 0 5 0 2 1 0 0 4 0 7 0 6 0 6 0 0 0 1 0 5 1 0 0 7 0 1 0 5 1 0 0 5 0 7 1 0 0 2 0 7 1 0 0 2 0 6 0 1 0 2 0 8 0 1 0 4 0 5 0 8 0 8 0 2 0 6 1 0 0 4 0 7 0 7 0 2 0 5 0 3 0 5 0 3 0 0 1 0 0 7 0 7 0 4 0 8 0 0 0 8 0 7 1 0 0 6 0 1 0 0 0 6 0 3 0 2 0 1 1 0 0 7 0 3 0 2 0 5 0 1 0 4 0 7 0 1 0 7 0 0 0 4 0 0 0 1 0 5 0 6 0 7 0 6 0 0 0 8 0 7 0 2 0 2 0 3 0 0 0 7 0 1 0 4 1 0 1 0 0 1 0 2 1 0 0 8 0 0 0 0 0 5 0 1 0 4 1 0 0 3 0 6 0 4 0 6 0 1 0 0 0 7 0 1 0 3 0 1 0 1 0 3 0 1 0 0 0 1 0 6 0 2 0 6 0 3 0 3 0 5 0 7 0 1 0 1
0 467 5 0 8 0 1 0 7 1 0 0 5 0 7 0 6 0 4 0 8 0 8 0 3 0 2 0 1 0 4 0 5 0 3 0 8 0 3 0 7 0 0 0 2 0 7 0 5 0 1 0 0 0 1 0 2 0 1 0 4 0 4 0 8 0 6 0 6 0 4 0 1 0 8 0 0 0 8 0 4 0 2 0 2 0 7 0 4 0 4 0 4 0 3 0 0 1 0 0 8 0 7 0 3 0 6 0 5 0 4 1 0 0 8 0 2 0 1 0 1 0 2 0 2 0 1 0 7 0 8 0 3 0 4 0 1 0 7 0 2 0 5 0 2 0 5 0 8 0 8 0 7 0 0 0 2 0 6 0 2 0 5 1 0 0 4 0 5 0 8 0 8 0 2 0 2 0 3 0 5 0 0 0 7 0 5 0 0 0 8 0 7 0 0 0 8 0 7 0 8 0 3 0 8 0 4 0 3 0 3 0 1 0 6 0 8 0 0 0 0 0 0 0 1 0 6 0 8 0 8 0 5 0 4 0 3 0 1 0 3 0 2 0 0 0 4 0 4 0 2 0 0 0 1 0 6 1 0 0 5 0 5 1 0 0 5 0 2 0 3 0 5 0 6 0 3 1 0 0 2 0 8 0 7 0 6 0 3 1 0 1 0 0 6 0 5 0 6 0 0 0 8 0 0 0 7 0 1 1 0 0 5 0 6 0 0 0 7 0 2 0 7 0 7 0 0 0 2 0 3 0 1 0 2 0 7 0 4 0 3 1 0 0 4 0 7 0 5 0 0 0 3 1 0 0 5 0 4 0 4 0 1 0 8 0 0 0 3 0 1 0 4 0 6 0 3 0 2 0 7 0 5 0 5 0 4 0 6 0 1 0 4 0 4 0 0 0 0 0 8 0 1 0 5 1 0 0 6 0 1 0 1 0 0 0 3 1 0 1 0 0 7 0 3 0 0 0 3 0 3 0 1 0 4 0 3 0 6 0 2 0 2 0 6 0 2 0 0 0 3 0 2 0 6 0 2 0 7 0 7 0 1 0 5 0 3 0 2
1 469 1 0 1 0 7 0 4 0 6 0 0 0 1 0 6 0 4 0 0 0 8 0 7 0 7 0 4 0 2 1 0 0 1 0 8 0 6 0 8 0 4 0 1 0 5 0 5 0 1 0 3 0 0 0 2 0 4 0 2 1 0 0 0 0 8 0 4 0 3 1 0 0 4 0 6 0 2 0 6 1 0 0 5 0 5 0 4 1 0 1 0 1 0 0 7 0 1 1 0 0 7 0 5 0 8 0 3 0 2 0 1 0 0 0 6 0 5 0 2 0 2 0 4 0 4 0 3 0 5 0 7 0 7 0 8 0 3 0 4 0 6 0 0 0 6 0 1 0 8 0 8 0 5 0 1 0 5 0 2 0 6 0 1 1 0 1 0 0 2 0 8 0 7 0 5 0 4 0 7 0 0 0 2 0 5 0 1 0 2 0 7 0 5 0 2 0 7 0 6 0 7 0 8 0 6 1 0 0 7 0 6 0 3 0 3 0 7 0 1 0 0 0 0 0 3 0 3 0 8 0 8 0 1 1 0 0 7 0 2 0 6 0 4 0 0 0 8 0 8 0 4 0 0 0 3 0 4 0 0 0 1 0 3 0 0 0 0 0 5 0 7 0 1 0 3 0 8 0 8 0 4 0 7 0 6 0 3 1 0 0 0 1 0 0 3 0 2 0 3 0 2 0 6 0 2 0 4 0 4 1 0 0 1 0 3 0 2 0 4 0 6 0 5 0 5 0 1 0 4 0 6 0 2 0 5 0 4 1 0 0 8 0 8 0 8 0 5 0 1 0 1 0 7 1 0 0 0 1 0 1 0 0 4 0 6 0 1 0 6 0 2 1 0 0 3 0 7 0 5 0 5 0 2 0 2 0 0 0 3 0 3 0 8 0 8 0 0 0 1 0 6 0 4 0 2 0 0 0 2 0 3 0 2 0 0 0 7 1 0 1 0 0 4 0 7 0 0 0 6 0 6 0 2 0 8 0 7 0 2 0 5 0 5 0 2 0 5 0 0 0 6 0 5 0 2 0 6 0 5 0 5 0 4 0 0 0 7 0 4
0 469 2 0 3 0 5 0 0 0 3 0 1 0 3 0 2 1 0 0 2 0 7 0 6 0 5 1 0 0 6 0 8 0 2 0 7 0 4 0 7 1 0 0 4 0 1 0 1 0 3 0 6 0 0 0 4 0 8 0 5 0 8 0 0 0 6 1 0 0 8 0 8 0 8 0 2 0 6 0 4 0 0 0 1 0 2 0 1 0 0 1 0 1 0 0 4 0 4 1 0 0 5 0 2 0 7 0 7 0 4 0 2 0 1 0 3 0 1 0 5 0 4 0 8 0 8 0 7 0 1 0 6 0 6 0 7 0 7 1 0 0 3 0 2 0 2 0 4 0 7 0 8 0 1 0 4 0 0 0 6 0 2 0 4 1 0 0 8 0 4 0 7 0 6 0 2 0 0 0 5 0 1 0 5 0 0 0 3 0 5 0 5 0 1 0 6 0 5 0 4 0 6 0 8 0 5 0 0 0 5 0 3 0 7 0 7 0 4 0 3 0 0 0 0 0 6 0 7 0 7 0 7 0 4 1 0 0 4 0 6 0 2 1 0 0 2 0 7 0 7 1 0 0 1 0 6 0 8 0 0 0 2 0 6 0 0 0 1 0 1 0 5 0 3 0 7 0 7 0 8 0 0 0 6 0 3 0 8 0 8 0 0 0 8 0 5 0 4 0 6 0 5 0 2 0 5 1 0 0 0 1 0 0 2 0 6 0 4 1 0 0 4 0 2 0 1 0 3 1 0 0 3 0 6 0 1 0 1 0 0 0 7 0 8 0 8 0 1 0 3 0 3 0 5 1 0 0 1 1 0 0 8 0 8 0 2 0 4 0 2 0 6 0 8 0 6 0 5 0 2 0 1 0 5 0 4 0 0 0 6 0 7 0 7 0 7 0 1 0 3 0 2 1 0 0 5 0 0 0 4 0 6 0 4 0 1 0 6 0 0 0 8 0 8 0 4 0 2 0 3 0 3 0 6 0 7 0 5 0 6 0 1 0 1 0 6 0 0 0 2 0 3 0 1 0 6 0 3 0 2 0 1 1 0 0 2 0 5 0 0
0 469 4 0 7 0 0 0 1 0 6 0 2 0 6 0 5 0 8 0 4 0 5 0 4 0 3 0 0 0 3 0 7 0 6 0 5 0 0 0 6 1 0 0 8 0 2 0 2 0 7 0 2 0 1 1 0 0 8 0 2 0 7 0 2 0 4 0 0 0 7 0 8 0 7 0 6 0 2 1 0 0 1 0 2 0 4 0 2 0 1 1 0 0 8 0 8 0 0 0 0 0 0 0 6 0 5 0 5 1 0 0 5 0 2 0 6 0 3 0 1 0 0 0 8 0 8 0 5 0 4 0 3 0 4 0 6 0 6 1 0 0 6 0 4 0 4 1 0 0 6 0 7 0 3 0 8 0 1 0 2 0 6 0 0 0 0 0 7 0 0 0 6 0 3 0 5 0 1 0 0 0 4 0 0 0 1 0 7 0 1 0 1 0 4 0 3 0 2 0 0 0 4 0 8 0 1 0 2 0 0 0 8 0 5 0 5 1 0 0 7 0 0 0 1 0 3 0 6 0 6 0 6 0 0 1 0 1 0 0 3 0 6 0 8 0 4 0 5 0 6 1 0 0 3 0 3 0 7 0 1 0 5 0 2 0 1 0 2 0 3 0 0 0 8 0 5 0 6 0 7 0 2 0 2 0 8 0 7 0 7 0 2 0 7 0 2 0 0 0 4 0 1 0 6 0 1 1 0 0 1 0 8 0 4 0 3 0 0 1 0 0 8 0 4 0 2 0 7 0 8 0 6 0 2 0 3 0 2 0 1 0 5 0 8 0 7 0 3 0 6 0 7 0 1 1 0 0 3 1 0 0 7 0 7 0 5 0 8 0 5 0 3 0 8 0 4 0 1 0 5 0 3 0 0 1 0 0 2 0 3 0 6 0 6 0 5 0 3 0 6 0 5 1 0 0 0 0 1 1 0 0 3 1 0 0 4 0 2 0 2 0 7 0 7 1 0 0 5 0 6 0 7 0 3 0 6 0 2 0 3 0 3 0 3 0 2 0 1 0 4 0 6 0 3 0 2 0 7 0 4 0 3 0 8 0 4 0 0 0 1
0 470 1 0 0 5 0 1 0 3 0 2 0 6 0 3 0 2 0 8 0 0 0 1 1 0 0 7 0 0 0 7 0 5 0 4 0 1 0 2 0 4 0 0 0 6 0 5 0 5 0 4 0 5 0 3 1 0 0 6 0 6 0 4 0 5 0 8 0 1 0 5 0 8 0 6 0 3 0 6 0 8 0 1 0 4 0 8 0 4 0 3 1 0 0 7 0 7 0 1 0 0 0 1 0 3 0 2 0 3 0 0 0 0 0 6 0 2 0 7 0 2 0 1 0 7 0 8 0 1 1 0 0 7 1 0 0 4 0 5 0 0 0 3 0 0 0 1 0 0 0 3 0 5 0 8 0 6 0 3 0 5 0 2 0 1 0 1 0 4 0 2 0 2 0 8 0 0 0 3 0 0 0 8 0 0 0 3 0 4 0 3 0 2 0 8 0 6 0 4 0 0 1 0 0 7 0 3 0 4 0 1 0 7 0 2 0 3 0 0 0 4 0 1 0 2 0 7 0 3 0 4 0 3 0 2 1 0 0 8 0 6 0 3 0 8 0 0 0 2 0 4 1 0 0 6 0 7 0 4 0 4 0 0 0 5 0 2 0 4 0 6 0 1 0 7 0 2 0 4 0 5 0 5 0 5 0 7 0 6 0 5 0 6 0 4 0 5 0 0 0 8 0 3 0 2 0 4 0 8 0 2 0 6 1 0 0 7 0 1 1 0 0 6 1 0 0 6 0 5 0 8 0 3 0 5 0 6 0 4 0 3 0 1 0 8 0 5 0 8 0 3 0 5 0 4 0 8 0 6 1 0 0 5 0 6 0 2 0 8 0 1 0 8 0 6 1 0 0 4 0 0 0 7 0 1 0 8 0 3 0 7 0 3 0 4 0 1 0 8 0 3 0 2 1 0 0 0 0 3 0 8 0 6 0 8 0 7 0 4 0 5 0 5 0 7 0 0 0 1 0 4 0 5 0 8 0 2 0 5 0 6 0 6 0 6 0 4 0 2 1 0 0 3 0 7 0 5 0 4 1 0 0 8 0 6 1 0 0 1 0 2
0 471 1 1 0 0 0 0 3 0 6 0 5 0 2 0 7 0 5 0 6 0 1 0 3 1 0 0 4 0 2 0 5 0 1 1 0 0 3 0 4 0 8 0 1 0 3 0 2 0 2 0 0 0 1 1 0 0 0 0 3 0 4 0 0 0 2 0 7 0 4 0 1 0 8 0 3 0 8 0 3 0 7 0 3 1 0 0 7 1 0 1 0 0 0 0 5 0 5 0 3 0 0 0 2 0 6 0 4 0 6 0 0 0 1 0 2 0 6 0 4 0 5 0 3 0 5 0 7 0 4 1 0 0 5 1 0 1 0 0 1 0 1 0 6 0 0 0 2 0 0 0 7 0 1 0 8 0 3 0 8 0 0 0 5 0 2 0 2 0 8 0 4 0 5 0 6 0 1 0 6 0 1 0 6 0 1 0 6 0 8 0 6 0 5 0 7 0 3 1 0 0 2 1 0 0 4 0 7 0 8 0 3 0 4 0 5 0 6 0 0 0 8 0 2 0 5 0 4 0 7 0 8 0 6 0 5 1 0 0 7 0 3 0 8 0 6 0 1 0 5 0 0 0 0 0 3 0 5 1 0 1 0 0 2 0 0 0 5 1 0 0 3 0 4 0 4 0 5 1 0 0 2 0 2 0 2 0 6 0 4 0 2 0 4 0 0 0 1 0 2 0 6 0 7 0 4 1 0 0 7 0 6 0 4 0 0 0 4 0 4 1 0 0 4 0 0 0 3 0 2 0 7 0 8 0 1 0 3 1 0 0 7 0 3 0 7 0 2 0 7 0 8 0 1 0 0 0 8 0 5 0 0 0 1 0 3 0 6 0 6 0 4 0 7 0 4 1 0 0 8 0 1 0 4 0 4 0 6 0 8 0 4 0 7 0 8 0 3 0 6 0 7 0 5 0 7 1 0 0 7 0 7 0 4 0 8 0 6 0 0 0 2 0 2 0 5 0 1 0 2 1 0 0 2 0 7 0 6 0 1 0 4 0 4 0 3 1 0 0 6 0 8 0 6 0 5 0 2 0 1 0 0 0 7 0 4 1 0 0 2 0 4
1 471 3 0 7 1 0 0 7 0 3 0 1 0 6 0 5 0 2 0 3 0 3 0 7 0 8 0 7 0 5 0 0 0 4 0 8 0 5 1 0 0 7 0 3 0 6 0 4 0 4 0 0 0 3 0 7 1 0 0 6 0 8 0 0 0 5 0 4 1 0 0 4 0 6 0 8 0 6 0 8 0 4 1 0 0 0 0 6 0 0 0 8 0 0 0 1 0 1 0 7 0 0 0 5 0 3 0 0 0 3 0 1 0 2 0 5 0 3 0 0 0 1 0 8 0 1 0 6 0 1 0 0 0 2 0 0 0 8 0 1 0 3 0 2 0 1 0 4 0 1 0 4 0 4 0 6 0 8 0 6 0 2 0 0 0 5 0 5 0 7 0 0 0 2 0 3 0 4 0 2 0 4 0 2 0 4 0 3 0 8 0 4 0 2 0 5 0 8 0 8 0 4 0 8 0 8 0 5 0 7 0 7 1 0 0 2 0 3 0 2 0 6 0 6 0 1 0 0 0 6 0 8 0 4 0 3 0 0 0 4 0 8 0 7 0 3 0 4 0 0 0 1 0 0 0 7 0 2 0 0 0 8 0 3 0 1 0 1 1 0 0 6 1 0 0 0 0 2 1 0 0 4 0 4 0 5 0 2 1 0 0 5 0 8 0 0 0 2 0 5 0 3 0 6 0 1 0 0 0 5 0 3 1 0 0 1 1 0 0 0 1 0 0 8 0 0 0 6 0 5 0 5 0 7 0 3 0 7 1 0 0 4 0 8 0 4 0 6 0 5 0 7 0 3 0 1 0 7 0 1 0 1 0 2 0 7 0 3 0 4 0 0 0 6 0 1 0 0 0 6 0 3 1 0 0 0 0 4 0 8 0 0 0 6 0 7 0 8 0 3 0 6 0 2 0 7 0 0 0 5 0 6 0 0 0 8 0 3 0 1 0 4 0 5 0 0 0 3 0 5 0 8 0 4 0 5 0 3 0 3 0 8 0 8 0 7 1 0 0 3 0 8 0 4 0 1 0 5 0 2 0 1 0 5 0 0 1 0 0 4 1 0
1 471 7 0 6 0 0 0 4 0 7 0 3 0 3 0 1 0 5 0 6 0 7 0 5 0 8 0 6 0 1 0 1 1 0 0 8 0 3 0 0 0 4 0 8 0 2 1 0 1 0 0 1 0 7 0 6 0 0 0 3 0 7 0 2 0 1 0 0 1 0 1 0 0 4 0 8 0 4 0 8 0 0 1 0 0 1 0 2 0 2 0 6 0 1 0 2 0 3 0 4 0 2 0 0 0 7 0 0 0 6 0 2 0 5 0 0 0 7 0 0 0 3 0 6 0 4 0 2 0 3 0 0 0 4 0 1 0 6 0 3 0 6 0 4 0 2 0 8 0 2 1 0 0 0 0 4 0 8 0 3 0 5 0 1 0 1 0 2 0 5 0 1 0 4 0 6 0 8 0 4 0 8 0 4 0 8 0 7 0 6 1 0 0 6 0 1 0 8 0 8 0 0 0 8 0 8 0 2 0 6 0 6 1 0 0 4 0 6 0 5 0 3 0 3 0 3 0 1 0 3 0 7 1 0 0 7 0 0 1 0 0 8 0 5 0 7 0 8 0 0 0 2 0 1 0 4 0 5 0 1 0 6 0 7 0 2 0 3 1 0 0 3 1 0 0 0 0 5 0 8 0 7 1 0 0 1 0 6 1 0 0 1 0 7 0 1 0 5 0 0 0 8 0 2 0 3 0 1 0 0 0 8 0 8 0 2 0 8 0 0 1 0 0 6 0 2 0 3 0 2 0 2 0 5 0 8 0 5 1 0 1 0 0 8 0 0 0 4 0 2 0 5 0 7 0 3 0 4 0 3 0 2 0 5 0 4 0 7 0 8 0 1 0 2 0 3 0 1 0 2 0 8 0 7 1 0 1 0 0 7 0 2 0 3 0 6 0 7 0 8 0 2 0 6 0 4 0 2 0 1 0 3 0 2 0 6 0 7 0 2 1 0 0 1 0 1 0 7 0 1 0 8 0 0 0 1 0 7 0 7 0 7 0 8 0 6 1 0 0 7 0 6 1 0 0 4 0 0 0 5 0 3 0 0 0 2 0 8 0 8 0 7
1 473 1 0 5 0 3 0 1 1 0 0 5 0 7 0 6 0 3 0 1 0 4 0 6 0 2 0 8 0 3 0 3 0 3 1 0 0 6 0 7 0 0 1 0 0 7 0 6 1 0 0 8 0 2 0 5 0 3 0 1 0 7 0 4 0 5 0 2 0 1 1 0 0 8 0 8 0 7 0 0 0 7 0 2 0 8 0 1 0 4 0 5 0 2 0 3 0 4 0 6 0 8 0 4 0 1 0 4 0 2 0 2 0 6 0 0 0 2 0 4 0 1 0 7 0 2 1 0 0 5 0 6 0 0 0 8 0 3 0 2 0 8 0 2 1 0 0 6 0 6 0 6 0 7 1 0 1 0 0 7 0 8 0 0 0 3 0 2 0 5 0 0 0 3 1 0 0 4 0 8 0 0 0 8 0 0 0 8 0 6 0 5 0 0 0 2 0 4 0 7 0 7 0 2 0 7 0 7 0 6 0 3 0 4 1 0 1 0 0 4 0 1 0 7 0 6 0 6 0 2 0 7 0 6 0 0 0 4 0 2 1 0 0 7 0 2 0 6 0 7 0 1 0 4 0 2 1 0 0 1 0 4 0 3 0 5 0 5 0 7 0 8 0 6 0 8 0 0 0 1 0 8 0 6 1 0 0 3 0 3 1 0 0 3 0 4 0 4 0 0 0 2 0 6 0 5 0 6 0 2 0 1 0 7 0 7 0 6 0 6 0 2 1 0 0 2 0 5 0 6 0 4 0 5 0 1 0 8 0 3 0 0 1 0 0 6 0 1 0 8 0 5 0 1 0 5 0 7 0 8 0 6 0 5 0 1 0 0 0 6 0 7 0 3 0 4 0 6 0 2 0 5 0 7 0 7 0 0 1 0 0 4 0 5 0 7 0 3 0 6 0 7 0 6 0 2 1 0 0 5 0 2 0 6 0 5 0 3 0 5 0 6 0 8 0 1 0 3 0 4 0 4 0 6 0 1 0 3 0 5 0 6 0 6 0 8 0 5 0 0 0 5 0 4 1 0 0 8 0 1 0 0 0 7 0 0 0 5 0 7 0 8 0 6
1 473 3 0 0 0 7 0 3 1 0 0 1 0 6 0 3 0 7 0 2 1 0 0 3 0 6 0 6 0 7 0 6 0 7 1 0 0 3 0 5 0 2 1 0 0 5 0 5 0 0 0 6 0 6 0 0 0 7 0 3 0 5 0 0 0 1 0 5 0 3 1 0 0 7 0 8 0 5 0 2 0 4 0 6 0 6 0 3 1 0 0 1 0 5 0 6 1 0 0 4 0 7 1 0 0 3 0 8 0 4 0 5 0 2 0 1 0 4 0 8 0 3 0 4 0 6 1 0 0 1 0 3 0 2 0 6 0 7 0 5 0 6 0 6 1 0 0 3 0 4 0 4 0 7 0 0 1 0 0 5 0 7 0 1 0 6 0 5 0 0 0 1 0 7 0 8 0 8 0 6 0 2 0 6 0 2 0 7 0 4 0 1 0 1 0 4 1 0 0 6 0 5 0 6 0 5 0 6 0 3 0 8 0 0 0 0 0 8 0 7 0 3 0 5 0 4 0 3 0 6 0 5 0 3 0 1 0 8 0 5 1 0 0 4 0 6 0 3 0 5 0 3 0 8 0 5 0 8 0 1 0 8 0 7 0 1 0 2 0 6 0 8 0 4 0 7 0 1 0 3 0 7 0 4 1 0 0 6 0 7 0 8 0 5 0 8 0 8 0 0 0 5 0 3 0 2 0 3 0 5 0 3 0 5 0 6 0 4 0 3 0 6 0 8 0 4 0 1 0 4 0 0 0 1 0 4 0 6 0 7 0 1 1 0 0 2 0 4 0 7 0 1 0 4 0 1 0 6 0 8 0 4 0 1 0 3 0 1 0 3 0 5 0 7 1 0 0 3 0 6 0 1 0 6 0 5 0 2 0 8 0 8 0 1 0 5 0 8 0 3 0 6 0 3 0 6 1 0 0 0 0 6 0 3 0 1 0 8 0 1 0 4 0 7 0 3 0 6 1 0 0 0 0 3 0 3 0 7 0 1 0 4 0 4 0 8 0 1 0 2 0 1 0 1 0 0 0 6 0 3 0 1 0 4 0 2 0 1 0 6 0 8 0 4
0 473 6 0 1 0 4 0 8 0 8 0 2 0 2 0 8 0 4 0 6 0 8 0 6 0 3 0 4 0 6 0 4 0 6 1 0 0 7 0 0 0 6 1 0 0 1 0 1 0 2 0 3 0 3 0 2 0 4 0 8 0 0 0 1 0 3 0 0 1 0 0 0 0 5 0 8 0 1 0 5 1 0 0 4 0 3 0 8 0 8 0 2 0 1 0 4 1 0 1 0 0 6 1 0 0 7 0 7 0 0 0 1 0 5 0 2 1 0 0 7 0 7 1 0 0 4 1 0 0 2 0 6 0 5 0 3 0 6 0 2 0 4 0 4 1 0 0 6 1 0 0 0 0 5 0 2 1 0 0 1 0 5 0 4 0 3 0 1 0 1 0 3 0 5 0 8 0 8 0 3 0 6 0 2 0 6 0 4 1 0 0 3 0 3 0 0 0 0 0 3 0 2 0 4 0 2 0 3 0 8 0 6 0 1 0 1 0 7 0 5 0 8 0 0 1 0 0 8 0 3 0 1 0 7 0 3 0 7 0 2 1 0 1 0 0 3 0 8 0 0 0 8 0 7 0 2 0 7 0 4 0 7 0 5 0 3 0 5 0 3 0 8 0 0 0 5 0 3 0 7 0 5 0 1 0 0 0 3 0 6 0 8 0 2 0 8 0 7 0 2 0 0 0 7 0 4 0 7 0 0 0 8 0 1 0 3 1 0 0 8 0 3 0 7 1 0 0 3 0 8 0 0 0 2 1 0 0 4 0 5 0 4 0 8 0 3 1 0 0 5 0 3 0 8 0 3 0 3 0 7 1 0 0 3 0 6 0 2 0 7 0 1 0 6 1 0 0 7 0 2 0 4 0 3 0 1 0 6 0 7 0 7 0 4 0 1 0 7 0 8 0 2 0 8 0 3 1 0 0 1 0 2 0 7 0 3 0 6 0 3 1 0 0 5 0 8 0 3 1 0 0 0 0 6 0 7 0 4 0 3 1 0 0 0 0 7 0 3 0 4 0 2 0 2 0 1 0 2 0 7 0 2 0 8 0 4 0 3 0 3 0 8 0 0
0 475 1 0 2 0 3 1 0 0 8 0 7 0 5 0 5 0 7 0 0 0 4 0 8 0 3 0 7 1 0 0 4 0 0 0 5 0 0 0 4 0 2 0 3 1 0 0 2 0 2 0 4 0 6 0 6 0 4 1 0 0 7 0 1 0 2 0 6 0 1 0 8 0 0 0 1 0 7 0 4 0 1 1 0 0 8 0 7 0 7 0 7 0 5 0 3 0 0 0 0 1 0 0 4 0 0 0 5 0 5 0 1 0 3 0 0 0 6 1 0 0 5 0 6 1 0 1 0 1 0 0 5 0 3 0 1 0 8 0 2 0 5 1 0 0 1 0 0 0 3 1 0 0 1 0 0 0 6 0 8 0 2 0 0 1 0 0 7 0 2 0 2 0 7 0 1 0 8 0 7 0 8 0 2 0 6 0 3 0 0 1 0 0 6 0 6 0 0 0 0 0 6 0 4 0 8 0 4 0 7 0 7 0 3 0 3 0 3 0 5 0 2 0 7 0 2 1 0 0 6 0 7 0 3 0 4 0 8 0 4 0 6 1 0 0 8 0 6 0 6 0 2 0 7 0 5 0 6 0 5 0 0 0 6 0 1 0 8 0 0 0 8 0 6 0 2 0 0 0 8 0 5 0 1 0 3 0 0 0 7 0 3 0 7 0 6 0 7 0 5 0 5 0 1 0 5 0 0 0 5 0 2 0 6 0 3 0 7 1 0 0 6 0 8 0 5 1 0 0 7 0 6 0 1 0 5 0 8 0 8 0 1 0 0 0 7 1 0 0 0 0 0 0 8 0 6 0 7 0 7 0 5 1 0 0 7 0 2 0 6 0 4 0 4 0 4 0 0 0 4 0 5 0 8 0 6 0 3 0 3 0 6 0 5 1 0 0 4 0 5 0 7 0 6 0 6 0 8 0 8 0 1 0 5 0 4 0 8 0 2 1 0 0 0 0 1 0 7 0 8 0 8 0 0 0 3 0 5 1 0 0 8 0 8 0 0 0 4 0 7 0 8 0 4 0 4 0 2 0 5 0 4 0 6 0 6 1 0 0 7 0 7 0 6 0 1
0 475 2 0 4 0 7 1 0 0 7 0 6 0 2 0 2 0 5 0 1 1 0 0 7 0 8 0 5 1 0 0 8 0 1 0 0 0 1 0 8 0 4 0 7 0 8 0 3 0 4 1 0 0 4 0 4 0 1 0 0 0 4 0 3 0 5 0 2 0 4 0 6 0 1 0 3 0 4 1 0 0 4 1 0 0 7 0 6 0 6 0 6 0 1 0 7 0 0 0 1 0 8 0 7 0 1 0 1 0 1 0 3 0 6 0 1 0 4 0 0 0 1 0 5 0 0 1 0 1 0 0 0 0 7 0 3 0 6 0 6 0 1 1 0 0 2 0 0 0 7 0 8 0 1 0 1 0 3 0 7 0 5 0 1 1 0 0 4 0 5 0 5 0 4 0 4 0 7 0 6 0 7 0 6 0 2 0 7 0 1 1 0 0 3 0 3 0 1 0 1 0 3 0 0 0 8 0 0 0 6 0 5 0 7 0 6 0 7 0 0 0 6 0 4 0 6 1 0 0 3 0 5 0 7 1 0 0 8 0 0 0 5 0 0 0 7 0 4 0 3 0 6 0 5 0 2 0 4 0 1 0 2 0 2 0 4 0 6 0 2 0 7 0 3 0 5 0 1 0 7 0 1 0 3 0 6 0 1 0 4 0 8 0 5 0 4 0 6 0 2 0 1 0 4 0 0 0 2 0 0 0 6 0 2 0 8 0 6 0 0 0 3 0 8 0 3 0 0 0 5 0 3 0 4 0 1 0 8 0 7 0 3 0 1 0 5 1 0 0 0 0 1 0 7 0 4 0 6 0 6 0 3 0 0 0 4 0 6 0 2 1 0 1 0 1 0 0 1 1 0 0 2 0 8 0 3 0 7 0 7 0 3 0 2 1 0 1 0 0 2 0 6 0 4 0 4 0 8 0 7 0 4 0 1 0 0 0 7 0 6 0 7 1 0 0 3 0 5 0 8 0 7 0 1 0 7 0 2 0 0 0 7 0 7 0 1 1 0 0 6 0 7 1 0 1 0 0 6 0 1 0 0 0 4 0 5 0 0 0 5 0 6 0 3 0 3
1 475 4 1 0 0 7 0 0 0 5 0 3 0 5 0 5 0 0 0 4 1 0 0 5 0 8 0 3 0 0 0 6 0 3 0 0 0 3 0 7 0 0 0 6 0 7 0 7 1 0 1 0 0 8 0 8 0 2 0 0 0 8 0 7 0 0 0 5 1 0 0 3 0 3 0 7 0 0 0 0 0 0 0 0 0 5 0 4 0 4 0 3 0 4 0 4 0 1 0 3 0 7 0 5 0 3 0 2 0 2 0 7 0 2 0 3 0 8 0 0 0 3 0 0 0 2 1 0 0 8 0 0 0 4 0 8 0 3 0 3 0 4 0 8 0 3 0 1 0 5 0 7 0 3 0 2 0 7 0 5 0 1 0 4 0 8 0 8 0 1 0 2 0 0 0 0 0 6 0 4 0 6 0 3 0 6 0 4 0 4 0 8 0 5 0 6 0 2 0 2 0 6 0 1 0 6 0 2 0 3 0 2 0 6 0 4 0 5 0 2 0 3 0 0 0 4 1 0 0 7 0 1 0 7 0 0 0 6 0 2 0 0 0 2 0 4 1 0 0 8 0 3 0 1 0 5 0 8 0 2 0 4 0 4 1 0 0 3 0 6 0 4 0 8 0 0 0 4 0 4 0 3 0 7 0 2 0 3 1 0 0 8 0 2 0 0 0 3 0 5 0 2 0 8 0 0 0 4 0 1 0 2 0 6 0 7 0 3 0 1 0 7 0 6 0 7 0 1 0 0 0 7 0 8 0 3 0 7 0 5 0 7 0 3 0 1 1 0 0 0 0 3 0 5 0 0 0 4 0 3 0 7 0 0 1 0 0 3 0 6 1 0 1 0 0 8 0 2 0 8 0 4 0 6 0 8 0 5 0 5 0 7 0 5 1 0 0 8 0 4 0 3 0 0 0 0 0 8 0 5 1 0 0 3 0 1 0 5 0 4 0 6 1 0 0 7 0 1 0 8 0 5 0 4 0 4 0 5 0 1 0 5 0 5 0 4 1 0 0 3 0 7 0 0 1 0 0 2 0 3 0 0 1 0 0 1 0 2 0 1 0 3 0 7 0 6
1 477 1 0 0 0 0 0 4 0 2 0 0 0 8 0 1 0 1 0 2 0 0 0 0 0 1 0 7 0 7 0 1 0 2 0 7 0 0 0 7 0 4 0 2 0 3 0 6 0 7 0 0 1 0 0 7 0 7 0 5 0 1 0 7 0 5 0 2 0 1 1 0 0 6 0 7 0 4 0 1 0 0 0 0 0 1 0 0 1 0 1 0 0 7 0 8 0 8 0 2 0 7 0 5 0 1 0 7 0 4 0 5 0 4 0 5 0 7 0 6 0 1 0 6 0 0 0 5 1 0 0 6 0 1 1 0 0 7 0 7 0 6 1 0 0 7 0 7 0 3 0 1 0 5 0 7 0 5 0 5 0 1 0 3 1 0 0 8 0 7 0 3 0 4 0 0 0 1 0 3 0 0 0 3 0 8 0 3 0 0 0 0 0 8 0 2 0 3 0 5 0 5 0 2 0 4 0 2 0 5 0 6 0 5 0 3 0 0 0 1 0 5 0 6 0 1 0 0 0 0 0 4 0 4 0 4 0 2 0 2 0 5 0 0 0 5 0 0 0 0 0 6 0 7 0 3 0 1 0 7 0 5 1 0 0 0 1 0 0 7 0 3 0 0 0 7 0 1 0 8 0 8 0 7 0 4 0 5 0 7 1 0 0 6 0 5 0 0 0 7 0 0 0 6 0 6 0 1 0 8 0 2 0 5 0 3 0 5 0 7 0 3 0 5 0 4 0 5 0 3 0 1 0 5 0 7 0 8 0 5 0 2 0 5 0 7 0 3 0 7 1 0 0 7 0 0 0 1 0 8 0 7 0 4 0 2 0 8 0 6 0 4 0 0 1 0 0 6 0 6 0 7 0 0 0 4 0 8 0 2 0 2 0 6 0 3 0 0 0 6 1 0 0 7 0 0 0 1 0 7 0 2 1 0 0 6 0 3 0 1 0 0 0 5 0 0 0 4 0 4 0 7 0 2 0 0 0 0 0 1 0 4 0 1 0 2 0 0 1 0 0 7 0 4 0 2 0 8 0 3 0 6 0 1 0 8 0 1 0 4 0 2 0 7 0 5 0 4
0 477 2 0 0 0 0 0 8 0 4 0 1 0 6 0 3 0 2 0 4 0 0 0 0 0 3 0 5 0 5 0 3 0 5 0 4 0 2 0 4 1 0 0 5 0 7 0 3 0 5 0 2 1 0 0 5 0 6 0 1 0 4 0 5 0 1 0 5 0 3 1 0 0 3 0 5 1 0 0 3 0 0 0 0 0 2 0 1 1 0 1 0 0 5 0 8 0 7 0 6 0 5 0 1 0 4 0 5 0 0 0 2 0 0 0 2 0 6 0 3 0 4 0 2 0 2 0 2 0 0 0 2 0 4 1 0 0 5 0 6 0 5 0 0 0 5 0 5 0 7 0 3 0 1 0 6 0 2 0 1 0 3 0 7 1 0 0 7 0 5 0 7 0 8 0 0 0 2 0 6 0 0 0 7 0 6 0 7 0 0 0 1 0 6 0 5 0 7 0 1 0 1 0 5 0 8 0 5 0 1 0 4 0 1 0 7 0 0 0 3 0 1 0 3 0 3 0 0 0 0 0 8 0 8 0 8 0 4 0 5 0 0 0 2 0 0 0 1 0 1 0 3 0 5 0 7 0 3 0 5 0 2 1 0 0 1 1 0 0 4 0 7 0 1 0 4 0 4 0 7 0 8 0 6 0 0 0 2 0 7 0 0 0 3 0 1 0 2 0 4 0 2 0 3 0 3 0 4 0 6 0 6 0 0 0 8 0 1 0 5 0 8 0 1 0 0 0 1 0 7 0 3 0 1 0 6 0 8 0 1 0 6 0 1 0 5 0 8 0 6 0 0 0 4 0 1 0 3 0 7 0 5 1 0 0 6 0 7 0 3 1 0 0 2 1 0 0 3 0 4 0 5 0 1 1 0 0 7 0 5 0 5 0 2 0 7 0 1 0 4 0 0 0 4 0 1 0 3 0 4 0 6 1 0 0 2 0 7 0 2 0 1 0 0 0 1 1 0 0 0 0 5 0 5 0 0 0 0 0 2 0 8 0 2 0 4 0 1 1 0 0 4 1 0 0 6 0 6 0 8 0 2 0 4 0 6 0 3 0 8 0 5 0 5 0 2 0 0
0 477 4 0 0 0 1 0 6 1 0 0 4 0 2 0 7 0 4 0 8 0 0 0 0 0 7 0 1 0 1 0 8 0 0 1 0 0 6 0 0 0 0 0 1 0 5 0 8 0 0 0 6 1 0 0 1 0 3 0 3 1 0 0 1 0 4 0 0 0 8 0 8 0 6 0 1 1 0 0 6 0 0 0 0 0 4 0 3 1 0 1 0 0 1 0 8 0 6 0 4 0 1 0 3 1 0 0 1 0 1 0 4 0 0 0 5 0 2 0 7 0 8 0 4 0 4 0 4 0 0 0 5 0 0 0 0 0 1 0 4 0 1 0 2 0 1 0 2 0 5 0 7 0 3 0 2 0 5 0 2 0 7 0 6 0 0 0 5 0 2 0 6 0 7 0 1 0 5 0 2 0 2 0 5 0 4 0 5 0 1 0 3 0 3 0 2 0 5 0 3 0 3 0 1 0 8 0 1 0 3 0 8 0 3 0 4 0 1 0 6 0 2 0 6 0 6 0 0 0 1 0 7 0 8 0 8 0 0 0 1 0 1 0 4 0 0 0 2 0 2 0 7 0 1 0 5 0 8 0 0 0 6 0 8 0 2 0 8 0 8 0 4 0 3 1 0 0 0 0 6 0 8 0 3 0 1 0 5 0 4 0 1 0 6 0 2 0 4 0 8 0 4 0 6 0 6 1 0 0 4 0 3 0 2 0 6 0 4 0 1 0 7 0 3 0 0 0 3 0 4 0 7 0 3 0 3 0 7 0 4 0 2 0 4 0 1 0 8 0 3 0 1 0 8 0 2 0 7 0 5 0 3 0 0 0 3 0 5 0 8 0 8 0 4 0 8 0 5 1 0 0 1 0 4 1 0 0 5 0 2 0 1 0 6 0 4 0 3 0 8 0 0 0 8 0 2 0 6 1 0 0 4 1 0 0 5 0 4 0 5 0 2 0 0 0 3 0 8 0 0 0 1 0 1 0 1 0 0 0 5 0 6 0 5 0 8 0 3 1 0 0 0 0 0 0 3 0 4 0 7 0 5 1 0 0 3 0 8 0 7 0 2 0 1 0 5 0 0
0 477 8 0 0 0 3 0 3 1 0 0 8 0 5 0 5 0 0 0 7 0 1 0 1 0 4 0 3 0 3 0 6 0 2 1 0 0 2 0 1 0 0 0 3 0 1 0 7 0 2 0 3 1 0 0 2 0 6 0 7 0 8 0 1 0 8 0 1 0 7 0 8 0 3 0 4 1 0 0 2 0 1 0 0 0 8 0 7 1 0 0 8 0 2 0 7 0 3 1 0 0 3 0 7 0 8 0 1 0 2 0 8 0 1 0 0 0 6 0 5 0 7 1 0 1 0 1 0 0 2 0 0 0 1 0 0 0 2 0 8 0 2 0 4 0 2 0 5 0 1 0 5 0 7 0 5 0 0 0 6 0 5 0 3 0 2 0 0 0 6 0 3 0 5 0 4 0 0 0 5 0 5 0 1 0 0 0 1 0 3 0 6 0 6 0 5 0 0 0 7 0 6 0 3 0 6 0 3 0 7 0 6 0 7 0 8 0 3 0 2 0 6 0 3 0 3 0 1 0 3 0 5 0 8 0 7 0 1 0 2 0 2 0 8 0 0 0 4 0 5 0 4 0 4 0 1 0 7 0 2 0 3 0 7 0 6 0 7 0 7 1 0 0 8 0 8 0 0 0 3 0 7 0 7 0 3 0 0 1 0 0 4 0 2 0 5 1 0 0 8 0 0 0 4 0 4 1 0 0 8 0 6 0 5 0 2 1 0 0 4 0 4 0 7 0 0 0 6 1 0 0 5 0 7 0 7 0 4 1 0 0 5 0 8 0 3 0 6 0 7 0 3 0 6 0 6 0 5 0 1 0 7 0 0 0 7 0 1 0 8 0 8 0 0 0 8 0 2 1 0 0 3 0 0 0 0 0 0 0 5 0 3 0 2 1 0 0 8 0 6 0 2 0 6 0 6 0 4 0 0 0 0 0 0 0 1 0 0 0 1 0 5 0 0 0 7 0 6 0 1 0 2 0 2 0 2 0 1 0 1 0 4 0 2 0 7 0 8 0 7 1 0 0 0 0 6 1 0 0 6 0 2 1 0 0 7 0 7 0 5 0 5 0 3 0 0 0 1
0 479 1 0 6 0 1 0 6 0 7 1 0 0 7 0 2 0 1 0 2 0 4 0 3 0 2 0 8 0 6 0 7 0 2 0 6 0 8 0 3 0 2 0 0 0 6 0 3 0 4 0 5 0 7 0 8 0 4 0 3 0 6 0 7 0 4 0 6 0 4 0 5 0 7 0 7 1 0 1 0 0 4 0 2 0 1 0 7 0 7 0 0 0 6 0 6 0 4 0 8 0 8 0 6 0 5 0 7 0 3 0 5 0 6 0 3 0 1 0 3 0 2 0 7 0 0 1 0 0 8 0 3 0 0 0 2 0 0 0 5 0 6 0 5 0 8 0 5 0 0 0 4 0 1 0 6 0 1 0 2 0 3 0 1 0 7 0 4 0 1 0 2 0 8 0 0 1 0 0 2 0 1 0 1 0 3 0 0 0 2 0 7 0 3 0 4 0 1 0 2 0 5 0 3 0 8 0 2 0 8 0 5 0 4 0 6 0 7 0 7 0 5 0 2 0 7 0 6 0 2 0 7 0 1 0 8 0 5 0 3 0 4 0 5 0 6 0 1 1 0 0 1 1 0 1 0 0 4 0 4 0 5 0 7 0 5 0 4 0 6 0 7 0 0 0 7 0 7 0 1 0 7 0 5 0 5 0 7 0 1 0 8 0 7 0 5 0 2 0 0 0 6 0 1 1 0 0 1 0 0 0 7 0 4 0 1 0 6 0 8 0 7 1 0 0 5 0 2 0 4 0 0 0 1 0 6 0 6 0 1 0 0 0 1 0 7 0 8 0 3 0 5 0 8 0 3 0 4 0 1 0 4 0 4 0 2 0 4 0 4 0 7 0 7 0 2 0 6 0 6 0 8 0 5 0 0 0 0 0 1 0 0 0 7 0 5 1 0 0 7 0 3 0 6 0 3 0 3 1 0 0 1 0 0 0 0 0 2 0 0 0 3 0 0 0 2 0 5 0 3 0 3 0 4 0 4 0 4 0 2 0 2 0 8 0 5 0 5 0 8 0 6 1 0 0 1 0 4 0 0 0 2 0 6 1 0 0 5 0 6 0 2 0 1 0 7 0 0 0 2
0 479 3 0 2 0 4 0 3 0 7 0 0 0 4 0 5 0 2 0 4 0 8 0 6 0 5 0 7 0 4 0 5 0 6 0 3 0 7 0 7 0 4 0 1 0 2 0 7 1 0 0 2 0 6 0 7 1 0 0 8 0 3 0 6 0 0 0 4 0 0 0 2 0 6 0 7 0 0 0 8 0 7 0 4 0 3 0 5 0 5 0 2 0 3 0 4 0 0 0 8 0 8 0 4 0 2 0 5 0 8 0 1 0 3 0 7 0 2 0 6 0 5 0 4 0 2 1 0 0 6 0 7 0 0 0 4 0 1 0 1 0 4 0 2 0 8 0 1 0 1 0 8 0 3 0 2 0 3 0 4 0 6 0 3 0 4 1 0 0 3 0 5 0 6 0 2 0 8 0 3 0 2 0 2 0 6 0 0 0 5 0 4 0 7 0 8 0 2 0 5 0 0 0 8 0 6 0 6 0 7 0 2 0 0 0 4 0 6 0 6 0 1 0 6 0 5 0 3 0 6 0 4 0 4 0 7 0 1 0 7 1 0 0 2 0 3 0 4 0 8 0 2 1 0 0 8 0 7 1 0 0 2 0 6 0 2 0 0 0 4 0 5 0 2 0 5 0 5 0 4 0 5 0 2 0 2 0 5 0 4 0 7 0 6 0 1 0 5 0 1 0 2 0 4 0 8 0 1 0 1 0 4 1 0 0 4 0 3 0 8 0 7 0 0 0 0 0 5 0 8 0 0 0 3 0 3 0 3 0 3 0 0 0 3 0 5 0 7 0 8 0 1 0 7 0 7 0 8 0 2 0 8 0 8 0 4 1 0 0 0 0 6 0 5 0 6 0 3 0 4 0 8 0 1 0 1 0 0 0 2 0 1 0 5 0 3 0 0 0 4 0 8 0 2 0 7 0 7 0 8 0 1 0 0 0 0 0 4 0 0 0 6 0 0 0 5 0 0 0 7 0 6 0 8 0 8 0 8 0 4 0 5 0 7 0 2 0 2 0 8 0 4 1 0 0 2 0 8 0 0 0 5 0 4 0 0 0 1 0 3 0 5 0 3 0 4 0 1 0 4
1 479 6 0 4 0 8 0 7 0 4 0 1 1 0 0 1 0 5 1 0 0 8 0 4 0 2 0 6 0 0 0 2 0 3 0 8 0 5 0 5 1 0 0 3 0 5 0 5 1 0 0 5 0 3 0 7 0 0 0 6 0 8 0 2 0 1 0 8 0 0 0 5 0 3 0 5 0 2 0 7 0 5 1 0 0 8 0 1 0 1 0 5 0 6 0 8 0 1 0 7 0 7 1 0 0 6 0 1 0 7 0 3 0 7 0 4 0 6 0 3 0 1 1 0 0 6 1 0 0 3 0 5 0 1 0 8 0 2 0 2 0 8 0 5 0 6 0 3 0 3 0 6 0 7 0 4 0 6 1 0 0 3 0 7 1 0 1 0 0 7 0 1 0 3 0 6 0 6 0 7 0 4 0 5 0 2 0 2 0 1 0 0 0 6 0 7 0 6 0 0 0 2 0 7 0 4 0 4 0 5 0 5 0 0 1 0 0 4 0 3 0 4 0 3 0 1 0 8 0 3 0 0 0 0 0 5 0 4 0 5 1 0 0 4 0 6 1 0 0 7 0 6 1 0 0 7 0 6 1 0 0 5 0 2 0 5 0 0 1 0 0 1 0 6 0 1 0 2 0 0 0 1 0 5 0 5 0 1 0 0 0 6 0 3 0 4 0 0 0 3 0 4 1 0 0 7 0 3 0 2 1 0 1 0 0 8 0 7 0 7 0 5 0 1 0 1 0 1 0 7 0 1 0 6 0 6 0 6 0 6 0 0 0 7 0 1 0 6 0 7 0 4 0 5 0 6 0 7 0 6 0 7 0 8 0 0 1 0 0 1 0 3 0 2 0 3 0 7 1 0 0 7 0 3 0 2 0 0 0 4 0 3 0 0 0 7 0 0 1 0 0 7 0 6 0 5 0 6 0 7 0 3 0 0 0 0 0 8 0 1 0 2 0 2 0 0 0 2 0 5 0 4 0 8 0 8 0 8 0 0 0 2 0 5 0 5 0 5 0 7 0 0 1 0 0 5 0 6 0 2 0 0 1 0 0 1 0 2 0 7 0 0 0 7 0 8 0 2 1 0
1 481 1 0 3 0 0 0 8 0 5 1 0 0 4 0 8 0 2 0 2 0 0 0 6 1 0 0 6 0 2 0 1 0 4 0 7 0 7 0 2 0 2 1 0 0 7 0 1 0 3 0 0 0 0 0 8 0 4 0 2 0 3 0 7 0 5 0 3 0 6 0 2 0 0 0 8 0 0 0 6 0 5 0 3 0 0 0 6 0 3 0 3 0 1 0 4 0 7 0 4 0 5 0 7 0 0 0 2 0 4 0 4 0 8 0 5 0 0 0 3 0 7 0 3 1 0 0 3 1 0 0 7 0 0 0 4 0 6 0 5 0 5 0 7 0 2 0 3 0 7 0 7 0 3 0 6 0 0 0 4 1 0 0 7 0 6 0 0 1 0 0 4 0 3 0 7 0 3 0 4 0 6 0 0 0 1 0 5 0 4 0 2 0 1 0 3 0 6 0 3 0 1 0 5 0 5 0 0 0 0 0 2 0 1 0 2 0 8 0 7 0 6 0 8 0 6 0 3 0 6 0 7 0 0 0 1 0 1 0 0 0 2 1 0 1 0 0 5 0 0 0 5 0 5 0 0 0 5 0 5 0 0 0 0 0 6 0 0 0 2 0 8 0 2 0 2 0 3 0 4 0 0 0 3 0 1 0 1 0 3 0 1 0 2 0 7 0 8 0 0 0 7 0 0 0 0 0 4 0 7 0 5 1 0 1 0 0 7 0 6 0 6 0 1 0 3 0 2 0 3 0 4 0 4 0 3 0 4 0 4 0 3 0 2 0 4 0 4 0 3 0 6 0 0 0 2 0 4 0 6 0 4 0 6 0 7 0 2 0 8 0 1 0 6 0 4 0 7 0 6 0 0 0 4 0 7 0 4 0 0 0 8 0 6 0 1 0 4 0 2 1 0 0 5 0 4 0 2 0 4 0 5 0 7 0 0 0 1 0 6 0 3 0 4 0 4 0 0 0 5 0 1 0 0 0 8 0 8 0 7 0 1 0 5 0 1 0 2 0 2 0 5 0 2 1 0 0 1 0 3 0 5 0 1 0 8 0 1 0 5 0 4 0 2 0 5 0 7 0 6 0 7
1 481 2 0 6 0 1 0 7 0 2 1 0 1 0 0 7 0 5 0 4 0 1 0 4 0 0 0 2 0 5 0 2 1 0 0 6 0 5 0 5 0 5 1 0 0 4 0 3 0 6 0 0 0 1 0 6 1 0 0 5 0 7 0 5 0 1 0 8 0 2 0 5 0 1 0 6 0 2 0 3 0 1 0 7 0 1 0 2 0 7 0 6 0 2 1 0 0 6 0 0 0 2 0 5 0 1 0 4 1 0 0 0 0 8 0 1 0 1 0 7 0 4 0 8 0 8 0 6 1 0 0 4 0 1 1 0 0 4 0 2 0 2 0 5 0 5 0 7 0 5 0 5 0 8 0 2 0 2 0 0 0 0 0 5 0 3 0 2 0 8 0 7 0 7 0 4 0 7 1 0 0 3 0 1 0 3 0 0 1 0 0 5 0 2 0 7 0 2 0 7 0 3 0 1 0 1 0 1 0 0 0 4 0 2 0 5 0 7 0 6 0 4 0 8 0 3 0 8 0 3 0 5 0 1 0 2 0 2 0 0 0 5 1 0 1 0 0 0 0 2 0 1 0 1 0 2 0 1 0 1 0 1 0 1 0 2 0 1 0 5 0 6 0 5 0 4 0 6 0 8 0 0 0 6 0 2 0 2 0 6 0 2 0 5 0 5 0 7 0 2 0 4 0 1 0 0 1 0 0 6 0 3 0 0 1 0 0 5 0 4 0 3 0 3 0 6 0 4 0 6 0 8 0 8 0 6 0 8 0 8 0 6 0 4 0 8 0 8 0 7 0 2 0 1 0 4 1 0 0 4 0 0 0 4 0 5 0 6 0 6 0 4 0 3 0 0 0 6 0 3 0 1 1 0 0 5 1 0 0 2 0 7 0 3 0 3 0 8 0 5 1 0 0 0 1 0 0 5 1 0 0 2 0 5 0 1 0 3 0 2 0 7 0 8 0 8 0 1 0 0 0 3 0 1 0 7 0 8 0 5 0 4 0 0 0 3 0 4 0 5 0 0 0 6 0 8 0 1 0 7 0 0 0 4 0 6 0 4 0 0 1 0 0 6 0 1 0 6 0 4 0 6
0 481 5 0 2 0 4 0 4 0 6 1 0 1 0 0 5 0 1 1 0 0 3 0 8 0 0 0 5 0 0 0 6 1 0 0 3 0 2 0 2 0 2 1 0 0 8 0 7 0 2 0 1 0 3 0 4 0 0 0 1 0 6 0 1 0 4 0 6 0 6 0 0 0 4 0 2 0 5 0 6 0 3 0 4 0 3 0 5 0 5 0 3 0 6 1 0 0 2 0 1 0 5 0 0 0 3 1 0 1 0 0 1 0 6 0 3 0 3 0 5 0 0 0 8 0 8 0 4 1 0 0 8 0 3 0 8 0 7 0 4 0 5 0 1 0 2 0 6 0 2 0 2 0 7 0 5 0 4 0 0 0 1 0 0 0 7 0 5 0 7 0 6 0 6 0 0 0 6 1 0 0 6 0 2 0 6 0 1 1 0 0 0 0 6 0 4 0 6 0 4 0 7 0 2 0 2 0 2 0 0 0 8 0 5 0 1 0 6 0 4 0 0 0 7 0 8 0 6 0 8 0 0 0 3 0 4 0 4 0 1 0 2 0 0 0 7 1 0 0 4 0 2 0 2 0 4 0 2 0 2 0 2 0 2 0 4 0 3 0 1 0 4 0 2 0 0 0 4 0 7 0 2 0 2 0 5 0 5 0 2 0 6 0 1 0 2 0 5 0 5 0 8 0 2 0 1 1 0 0 2 0 7 0 1 1 0 0 0 1 0 0 7 0 7 0 3 0 0 0 4 0 8 0 8 0 4 0 8 0 8 0 4 0 0 0 8 0 8 0 5 0 5 0 2 1 0 1 0 0 8 0 0 1 0 0 2 0 4 0 3 1 0 0 7 0 1 0 2 0 7 0 3 1 0 0 1 1 0 0 5 0 4 0 7 0 7 0 7 0 2 1 0 0 1 1 0 0 1 1 0 0 5 0 0 0 3 0 6 0 5 0 5 0 8 0 7 0 3 0 0 0 6 0 3 0 5 0 8 0 1 1 0 0 1 0 6 1 0 0 1 0 2 0 3 0 7 0 4 0 4 0 1 1 0 0 3 1 0 0 2 1 0 0 2 0 4 0 3 0 0 0 4
1 483 1 0 0 0 5 1 0 0 0 0 5 0 0 1 0 0 0 0 4 0 8 0 6 0 6 0 2 0 0 0 2 0 3 1 0 0 6 0 4 0 4 0 5 1 0 0 7 0 5 0 5 0 2 0 6 0 8 0 0 0 3 0 2 0 3 1 0 0 4 0 3 0 1 0 8 0 5 0 1 0 3 0 7 0 8 0 7 0 1 0 1 0 8 0 3 1 0 0 4 0 3 0 0 0 1 0 7 1 0 0 8 0 2 0 2 0 7 0 7 0 0 0 2 0 7 0 8 0 1 0 0 0 6 0 8 0 7 0 6 0 0 0 1 0 3 0 5 0 2 0 5 0 5 0 5 0 1 1 0 0 1 0 2 0 1 0 5 0 2 0 6 0 4 0 3 0 2 0 4 0 0 0 2 0 6 0 2 0 4 0 8 0 0 0 3 0 0 0 4 0 0 0 5 0 5 0 4 0 4 0 1 0 7 0 1 0 4 0 2 1 0 0 2 0 5 0 8 0 4 0 7 0 1 0 6 0 8 0 8 0 2 0 4 0 1 0 5 1 0 0 8 0 4 0 4 0 8 0 4 0 4 0 4 0 4 0 8 0 6 0 2 0 8 0 4 0 0 1 0 0 5 0 5 0 5 0 1 0 1 0 6 0 2 0 3 0 5 0 1 0 2 0 7 0 5 0 3 0 8 0 4 0 4 0 4 0 8 0 0 1 0 0 5 0 5 0 7 0 0 1 0 0 8 0 8 0 0 0 8 0 7 1 0 0 2 0 7 0 8 0 2 0 1 0 6 1 0 1 0 0 6 0 2 0 8 0 3 0 8 0 7 1 0 0 4 0 3 0 5 0 4 0 8 0 8 0 2 1 0 0 1 0 0 0 6 0 6 0 5 0 6 0 8 0 2 0 8 0 2 1 0 0 0 0 1 0 7 0 3 0 2 0 2 0 8 0 5 0 7 0 1 0 2 0 8 0 1 0 7 0 4 0 8 0 2 0 3 1 0 0 2 0 4 0 7 0 4 1 0 1 0 0 4 0 8 0 6 0 8 0 4 0 8 0 3 0 8 0 6 0 0 1 0
1 483 2 0 1 0 1 1 0 0 1 0 0 0 2 0 7 1 0 1 0 0 8 0 4 0 3 0 5 0 0 0 4 0 7 1 0 0 3 0 0 0 0 0 3 0 0 0 5 0 2 0 1 0 6 0 3 0 7 0 1 0 6 0 4 0 7 0 8 0 7 0 6 0 3 0 7 0 1 0 3 0 7 0 5 0 8 0 5 0 3 0 3 0 6 0 8 0 8 0 7 0 6 0 0 0 3 0 6 0 0 0 6 0 5 0 5 0 5 0 5 0 1 0 5 0 5 0 7 0 3 0 1 0 3 0 8 0 6 0 3 0 1 0 2 0 7 0 0 0 6 0 1 0 2 0 1 0 4 0 8 0 1 0 4 0 3 0 0 0 6 0 2 1 0 0 7 0 4 0 8 0 0 0 5 0 2 0 5 1 0 0 7 0 1 0 6 0 0 0 8 0 1 0 1 0 1 1 0 1 0 0 4 0 4 0 3 0 8 0 5 0 8 0 4 0 1 0 8 0 0 0 5 0 4 0 3 0 8 0 7 0 5 0 8 0 3 0 2 0 0 0 7 0 0 0 0 0 8 0 0 0 0 0 0 0 0 0 8 0 3 0 6 0 6 1 0 0 2 1 0 0 1 0 2 0 1 0 3 0 3 0 2 0 5 0 7 0 0 0 3 0 5 0 5 0 1 0 8 0 7 0 0 0 0 0 0 0 7 0 2 1 0 0 1 0 2 0 5 0 2 1 0 0 7 0 7 0 2 0 7 0 6 1 0 0 5 0 5 0 7 0 5 0 3 0 4 0 0 1 0 0 2 0 6 0 6 0 8 0 7 0 6 1 0 0 8 0 7 0 1 0 0 0 8 0 7 0 6 0 8 0 1 0 1 0 3 0 4 0 2 0 4 0 7 0 6 0 6 0 6 0 7 1 0 0 3 0 4 0 7 0 4 0 5 0 7 0 2 0 5 0 3 0 5 0 6 0 4 0 5 0 0 0 7 0 5 0 7 0 8 0 3 1 0 0 6 0 1 0 0 0 8 0 8 0 7 0 4 0 8 0 0 0 7 0 8 0 7 0 3 0 2 0 7
1 483 4 0 2 0 3 0 8 0 1 0 0 0 5 0 6 0 0 1 0 0 6 1 0 0 8 0 0 0 1 1 0 0 6 1 0 0 6 0 0 0 0 0 6 0 1 0 0 0 5 0 3 0 2 0 8 0 4 0 4 0 3 0 0 0 6 0 8 0 6 0 3 0 8 0 4 0 3 0 7 0 5 0 2 0 8 0 1 0 7 0 7 0 3 0 8 0 8 0 6 0 3 0 1 0 7 0 2 0 2 0 3 0 2 0 2 0 2 0 1 0 4 0 1 0 2 0 5 0 7 0 2 0 7 0 7 0 3 0 7 0 2 0 5 0 4 0 2 0 2 0 3 0 4 0 2 1 0 0 7 0 3 0 8 0 6 0 1 0 2 0 6 1 0 0 5 0 0 0 7 0 2 0 0 0 6 0 2 0 0 0 4 0 4 0 2 0 2 0 6 0 3 0 2 0 3 1 0 0 8 0 7 0 8 0 7 0 7 0 2 0 7 1 0 0 4 0 6 0 2 0 0 1 0 0 8 0 7 0 6 0 2 0 7 0 7 0 4 0 1 0 4 0 1 0 1 0 6 0 1 0 0 0 0 0 1 0 6 0 8 0 3 0 4 1 0 0 5 0 8 0 1 0 4 0 2 0 6 0 6 0 5 0 1 0 5 0 1 0 7 0 1 0 1 0 4 0 7 0 5 0 1 0 0 0 1 0 4 0 6 0 8 0 1 0 5 0 0 0 6 1 0 0 5 0 5 0 6 0 5 0 5 0 0 0 1 0 2 0 6 0 1 0 7 0 8 0 1 0 8 0 4 0 3 0 4 0 8 0 6 0 5 0 0 0 7 0 5 0 3 0 1 0 7 0 6 0 4 0 7 0 3 0 2 0 6 0 8 0 4 1 0 0 6 0 4 0 4 0 4 0 6 1 0 0 6 1 0 0 6 0 0 0 2 0 5 0 6 0 0 0 8 0 1 0 4 0 0 0 1 0 2 0 5 0 2 0 6 0 7 1 0 0 0 0 2 0 3 0 1 0 7 0 8 0 6 0 0 0 7 0 2 0 5 0 8 0 5 0 7 0 5 0 5
0 483 8 0 4 0 7 0 6 0 3 0 1 0 1 0 3 0 2 1 0 0 4 0 0 0 6 0 1 0 3 1 0 0 4 0 0 0 2 0 1 0 1 0 2 0 3 0 1 0 0 0 7 0 5 0 6 1 0 1 0 0 7 0 1 0 3 0 8 0 3 0 8 0 6 1 0 0 8 0 5 0 1 0 6 0 6 0 4 0 5 0 5 0 8 0 7 0 8 0 3 0 7 0 3 0 4 0 5 0 4 0 6 0 4 0 4 0 4 0 2 0 8 0 2 0 5 0 1 0 5 0 6 0 5 0 5 0 8 0 4 0 6 0 0 1 0 0 5 0 4 0 6 0 8 0 5 1 0 0 4 0 8 0 7 0 3 0 3 0 5 0 4 0 0 0 0 0 2 0 4 0 5 0 1 0 2 0 5 0 0 0 8 0 8 0 4 0 5 0 2 0 7 0 4 0 7 1 0 0 7 0 6 0 8 0 6 0 5 0 6 0 5 1 0 1 0 0 3 0 5 0 1 1 0 0 7 0 6 0 3 0 6 0 5 0 5 1 0 0 3 0 8 0 2 0 3 0 2 0 3 0 0 0 0 0 3 0 3 0 7 0 8 0 0 0 0 0 1 0 7 0 3 0 8 0 5 0 3 0 4 0 1 0 4 0 0 0 4 0 4 0 3 0 2 1 0 0 6 0 1 0 3 0 0 0 2 1 0 0 4 0 7 0 4 0 0 0 2 0 4 0 0 0 1 0 2 0 4 0 2 0 1 0 1 0 2 0 5 0 2 0 4 0 5 0 7 0 4 0 6 1 0 0 7 1 0 0 8 0 4 0 1 0 2 0 5 0 1 0 7 0 3 0 5 0 4 0 0 0 5 0 7 0 5 0 3 0 8 0 1 0 0 0 3 0 0 0 0 0 0 0 5 0 0 0 4 0 0 0 2 0 1 0 5 0 1 0 3 0 2 0 6 0 3 0 8 0 0 0 2 0 5 0 0 0 6 0 3 0 6 1 0 0 0 0 4 0 6 0 3 0 5 0 8 0 3 0 2 0 4 0 6 0 1 0 8 0 2 0 6 0 2 0 2
1 485 1 0 7 0 0 0 6 0 3 0 7 0 2 0 2 0 6 0 5 0 8 0 7 0 1 0 2 0 3 0 7 0 8 0 7 0 0 0 4 0 2 0 2 0 4 0 6 0 2 0 1 0 5 0 2 0 5 0 0 1 0 0 4 0 3 0 7 0 6 0 8 0 7 0 5 0 0 0 7 0 1 0 4 0 3 0 4 0 0 0 2 0 2 0 8 0 6 0 7 0 8 0 4 0 7 1 0 0 2 0 0 0 3 1 0 1 0 1 0 0 6 0 6 0 6 0 0 0 4 0 1 0 4 0 2 0 2 0 8 0 0 0 3 0 2 1 0 0 1 0 0 0 4 0 8 0 2 1 0 1 0 0 8 0 5 0 7 0 7 0 0 1 0 0 1 0 0 0 4 1 0 0 1 0 3 0 5 0 0 0 2 0 7 0 8 0 0 0 1 0 6 0 5 0 0 0 7 0 0 0 5 0 4 0 8 0 4 0 2 0 4 0 3 0 0 0 8 0 6 0 0 0 4 1 0 0 5 0 3 0 8 0 3 0 2 0 2 1 0 0 7 0 6 0 5 0 6 0 4 0 6 0 0 0 0 0 6 0 7 0 5 0 7 0 1 0 0 0 3 0 4 0 8 0 7 0 1 0 7 0 8 0 2 0 8 0 0 0 8 0 8 0 6 0 5 1 0 0 2 0 3 0 6 0 0 0 5 0 8 0 8 0 4 1 0 0 1 0 4 0 8 0 0 0 2 0 4 0 8 0 4 0 2 0 2 0 5 0 0 0 5 1 0 0 2 0 6 0 0 0 5 0 0 0 6 0 0 0 6 1 0 0 3 0 5 0 0 0 4 0 4 0 8 0 0 1 0 0 2 0 1 0 6 0 1 0 8 0 6 0 3 0 0 0 6 0 0 0 0 0 1 0 0 0 1 0 8 0 0 0 4 0 3 0 0 0 3 0 6 0 5 0 2 0 8 0 6 0 1 0 5 0 0 0 2 0 2 0 8 0 3 1 0 0 0 1 0 0 3 0 8 0 1 0 7 0 7 0 4 1 0 0 3 0 4 0 6 0 6 0 2 0 5 0 4
0 485 3 0 4 0 2 0 2 0 8 0 4 0 5 0 5 0 3 0 2 0 8 0 5 0 3 0 4 0 7 0 5 0 8 0 5 0 1 0 8 0 4 0 4 1 0 0 3 0 5 0 3 0 0 0 6 0 0 0 2 0 8 0 7 0 7 0 5 0 4 0 8 0 6 0 1 0 2 0 4 0 3 0 8 0 6 0 8 0 0 0 4 0 5 0 7 0 4 0 6 0 8 0 0 0 6 1 0 0 4 0 0 0 7 1 0 1 0 1 0 0 3 0 4 0 3 0 1 0 8 0 2 0 8 0 4 0 5 0 6 0 1 0 6 0 5 0 8 0 1 0 0 1 0 0 7 0 6 1 0 1 0 0 7 0 2 0 6 0 5 0 2 0 8 0 1 0 0 1 0 1 0 0 2 0 7 0 0 0 1 0 5 0 5 0 7 0 1 0 3 0 3 0 1 0 2 0 4 0 2 0 1 0 0 0 7 1 0 0 5 0 8 0 6 0 1 0 7 0 3 0 2 0 0 0 0 0 0 0 8 0 6 0 7 0 4 0 5 1 0 0 5 0 4 0 2 0 4 0 0 0 3 0 1 0 1 0 3 0 6 0 2 0 5 0 3 0 0 0 6 1 0 0 8 0 5 0 4 0 5 0 7 0 6 0 6 0 2 0 7 0 8 0 4 0 2 1 0 0 4 0 7 0 2 0 2 0 1 0 8 0 8 0 0 1 0 0 2 1 0 0 7 0 1 0 4 1 0 0 7 1 0 0 5 0 5 0 0 0 2 0 1 1 0 0 5 0 2 0 2 0 0 0 2 0 2 0 2 0 3 1 0 0 7 0 0 0 1 1 0 0 0 0 7 0 2 0 8 0 3 0 3 0 2 0 4 0 7 0 3 0 7 0 1 0 2 0 1 0 0 0 2 0 0 0 3 0 6 0 1 0 8 0 6 0 0 0 7 0 3 0 1 0 6 0 7 0 3 0 4 0 0 0 1 0 4 0 5 0 6 0 8 0 8 0 0 0 8 0 6 0 6 0 4 0 5 0 6 0 0 1 0 0 6 1 0 0 4 0 3 0 6 0 1 0 0
0 485 6 0 8 0 4 0 5 0 7 0 0 0 2 0 1 0 7 0 5 0 7 0 1 0 7 1 0 0 6 0 2 0 8 0 1 0 4 0 7 0 0 0 0 1 0 0 7 0 0 0 7 0 1 0 2 0 1 0 5 0 7 0 6 0 6 0 2 0 0 0 8 0 3 0 3 0 4 0 8 0 7 0 7 0 4 0 7 0 1 1 0 0 2 0 6 0 0 0 4 0 7 0 2 0 3 1 0 0 8 0 1 0 6 0 0 1 0 0 8 0 5 0 8 0 6 0 3 0 6 0 6 0 7 0 0 0 2 0 3 0 4 0 3 0 2 0 7 0 3 0 1 1 0 0 5 0 5 0 0 1 0 0 4 0 6 0 3 0 1 0 6 0 6 0 3 0 1 1 0 0 8 0 4 0 4 0 1 0 3 0 1 0 2 0 5 0 3 0 6 0 6 0 2 0 4 0 8 0 4 0 2 0 1 0 6 0 0 0 1 0 8 0 3 0 4 0 4 0 7 0 4 0 0 0 0 0 1 0 7 0 4 0 6 0 0 0 3 0 0 0 0 1 0 0 5 0 8 0 0 0 6 0 2 0 2 0 7 0 2 0 6 0 0 0 7 0 1 0 4 0 0 0 7 0 2 0 0 0 2 0 6 0 4 0 3 0 6 0 5 0 7 1 0 0 6 0 8 0 8 0 4 0 5 0 4 0 3 0 7 0 7 0 2 0 8 0 4 1 0 0 4 0 4 0 0 0 0 0 6 0 0 0 1 0 1 0 1 0 4 0 3 1 0 0 0 0 5 0 4 0 0 0 4 0 4 0 4 0 7 1 0 0 4 0 1 0 3 0 8 0 0 0 4 0 6 0 6 0 7 0 6 0 4 1 0 0 5 0 8 0 4 0 3 0 4 0 2 0 0 0 4 0 0 0 7 0 2 0 4 0 7 0 3 0 2 0 4 0 7 0 3 0 3 0 5 0 7 0 8 0 0 0 2 1 0 0 2 0 4 0 8 0 7 0 2 0 7 0 4 0 4 0 0 0 2 0 3 0 2 1 0 0 3 1 0 0 8 0 7 0 2 0 3 0 0
0 487 1 0 3 0 8 0 0 0 2 0 5 0 1 0 4 0 3 0 5 0 2 0 5 0 4 0 6 0 0 0 2 0 6 0 6 0 3 1 0 0 5 0 1 0 1 1 0 0 4 0 2 0 4 0 3 0 4 0 3 0 1 0 6 0 4 0 3 0 5 0 1 0 6 0 7 0 6 1 0 0 8 0 6 0 6 0 0 0 5 0 4 0 8 0 4 0 2 0 1 1 0 0 5 0 5 0 7 1 0 0 6 0 4 0 2 0 2 1 0 0 7 0 2 0 8 0 3 0 8 0 3 0 4 0 5 0 1 0 4 0 6 0 8 0 6 0 5 0 4 0 7 0 3 1 0 0 1 0 1 0 2 0 8 0 8 0 2 0 7 0 3 0 3 0 3 0 7 0 3 1 0 0 6 1 0 1 0 0 3 0 6 0 2 0 5 0 0 0 8 0 3 0 3 0 5 1 0 0 7 1 0 0 5 0 3 0 2 0 1 0 3 0 6 0 7 1 0 0 0 0 5 1 0 0 1 0 0 0 3 0 5 0 0 0 3 0 1 0 6 0 0 0 1 1 0 0 1 0 7 0 2 0 2 0 5 0 5 0 4 0 6 0 2 0 2 0 4 0 3 0 8 0 1 0 4 0 5 0 0 0 5 0 2 1 0 0 8 0 3 0 2 0 7 0 0 0 3 0 8 0 8 0 0 0 1 1 0 0 8 0 5 0 5 0 6 0 7 0 0 1 0 0 8 0 8 0 0 0 1 0 2 0 1 0 2 0 2 0 2 0 8 0 7 0 8 0 0 0 0 1 0 0 1 1 0 0 0 0 0 0 6 1 0 0 8 0 2 0 7 0 6 0 1 1 0 0 4 0 4 0 6 0 4 0 1 0 0 0 1 0 7 1 0 0 7 0 8 0 4 0 0 0 8 0 1 0 4 0 5 1 0 0 5 0 7 0 4 1 0 0 5 0 7 0 7 0 1 0 6 0 7 0 1 0 5 0 8 0 3 1 0 0 8 0 5 0 6 0 4 1 0 1 0 0 1 0 4 0 6 0 5 0 8 0 6 1 0 0 7 0 5 0 5 0 6 0 0
0 487 2 0 7 0 6 0 1 0 5 0 0 0 3 0 8 0 7 0 0 0 6 0 1 0 0 0 3 0 1 0 5 0 3 0 3 1 0 0 0 0 0 0 3 0 3 0 8 0 7 0 4 0 8 0 6 0 8 0 6 0 3 0 2 1 0 0 8 0 0 0 4 0 3 0 6 0 5 0 0 0 7 0 4 0 3 0 2 0 1 0 0 0 7 1 0 0 5 0 3 1 0 0 1 0 2 0 7 0 0 0 2 1 0 0 5 0 5 1 0 0 4 0 6 0 6 0 8 0 6 0 7 1 0 0 1 0 3 1 0 0 4 0 8 0 4 0 2 0 0 0 5 0 8 0 8 0 1 0 2 0 5 0 7 0 7 0 6 0 4 0 7 0 6 0 7 0 4 1 0 0 0 0 4 0 0 0 8 0 6 0 2 0 6 0 0 0 2 0 6 0 7 0 7 0 2 0 0 0 6 0 0 0 0 0 7 0 4 0 2 0 7 0 3 0 6 1 0 0 1 0 1 1 0 0 2 0 0 0 7 0 0 0 1 0 6 0 3 0 2 0 1 0 3 0 8 0 2 0 4 0 5 0 5 0 1 0 2 0 0 0 3 0 5 0 4 0 8 0 7 0 6 0 3 1 0 0 1 0 2 0 0 0 6 1 0 0 6 0 7 0 5 0 4 0 1 0 7 0 7 0 7 0 1 0 3 1 0 0 7 0 2 0 2 0 4 0 5 0 2 1 0 0 7 0 7 0 1 0 2 0 4 0 2 0 4 0 4 0 5 0 7 0 6 0 7 0 1 0 1 0 8 0 2 0 7 1 0 0 1 0 4 0 0 0 6 0 6 0 5 0 3 0 4 0 8 0 7 1 0 0 3 1 0 0 3 0 0 0 3 0 6 0 0 0 5 0 7 1 0 0 2 0 6 0 3 1 0 0 3 0 0 0 1 0 6 0 1 0 0 0 1 0 6 0 5 0 4 0 3 0 5 0 4 0 1 0 7 1 0 0 0 0 7 0 2 0 4 0 1 0 0 0 8 0 1 1 0 0 4 0 2 0 8 0 5 0 0 0 5 0 2 0 2 0 3 0 1
0 487 5 0 5 0 3 0 4 0 0 0 1 0 7 0 7 0 5 0 2 0 2 0 3 0 0 0 6 0 3 0 0 0 7 0 7 0 7 1 0 0 0 0 6 0 7 0 7 0 6 0 0 0 8 0 4 0 8 0 3 0 7 0 5 1 0 0 6 0 1 0 8 0 7 0 3 0 1 0 2 0 4 1 0 0 7 0 4 0 2 0 1 0 6 0 0 0 0 0 8 0 8 0 1 0 5 0 4 0 1 0 5 1 0 0 1 0 2 1 0 1 0 0 4 0 4 0 8 0 4 0 6 1 0 0 2 0 7 0 8 0 8 0 6 1 0 0 5 0 1 0 1 0 8 0 7 0 3 0 5 0 1 0 6 0 6 0 4 0 0 0 6 0 4 0 6 0 0 1 0 0 0 0 8 0 1 0 7 0 3 0 6 0 2 0 1 0 5 0 3 0 6 0 5 0 5 0 1 0 2 0 1 0 1 0 4 1 0 0 6 0 4 0 8 0 3 1 0 0 2 0 3 0 8 0 3 0 1 0 4 0 1 0 3 0 2 0 7 0 4 0 2 0 7 0 6 0 5 1 0 0 2 0 1 0 3 0 4 0 0 0 7 0 1 0 0 0 8 0 6 0 3 0 8 0 8 0 1 0 4 0 1 0 4 0 0 0 3 0 6 0 1 1 0 0 4 0 5 0 6 0 5 0 3 0 7 1 0 0 4 0 5 0 4 1 0 0 1 0 6 1 0 0 5 0 5 0 3 0 4 0 8 0 4 1 0 0 0 0 2 0 6 0 4 0 5 0 3 0 3 0 6 0 6 0 5 1 0 0 2 0 8 0 1 0 3 0 4 0 1 0 7 1 0 0 8 0 6 1 0 0 7 0 8 0 5 0 0 0 7 0 2 0 2 0 1 0 6 1 0 0 5 0 2 0 8 0 8 0 5 0 0 0 3 0 2 0 3 0 0 0 3 0 3 0 1 1 0 0 8 0 0 1 0 0 4 0 5 1 0 0 1 0 4 0 5 0 8 0 2 0 1 0 6 0 4 0 8 0 7 0 5 0 7 0 1 0 2 0 0 0 5 0 4 0 6 0 2
1 489 1 0 1 0 1 0 7 0 8 0 0 0 3 0 5 0 6 0 1 0 5 0 4 0 6 0 1 0 2 0 7 0 1 0 5 0 6 0 6 1 0 0 1 0 3 0 6 0 6 0 3 0 2 0 7 0 0 0 7 0 8 0 5 0 3 0 0 0 2 0 4 0 7 0 5 0 7 0 2 0 5 0 0 0 0 0 4 1 0 0 5 0 3 0 2 0 1 0 1 0 7 0 7 0 4 0 0 1 0 0 4 0 1 1 0 0 2 0 5 1 0 0 8 0 7 1 0 0 8 0 0 0 4 1 0 0 5 0 5 0 8 0 8 0 5 0 0 0 0 0 3 0 3 0 7 0 5 0 8 0 0 0 4 0 3 0 3 1 0 0 2 0 3 0 0 0 3 0 2 0 8 0 0 0 6 0 4 0 4 0 8 0 2 0 5 0 3 0 0 0 8 0 3 0 2 0 1 0 3 0 4 0 2 0 3 0 0 0 0 0 3 0 0 0 7 0 8 0 8 0 3 0 7 0 6 0 7 0 2 0 8 0 2 0 6 0 5 0 4 1 0 0 6 0 5 0 4 0 2 1 0 0 4 0 2 0 6 0 8 0 1 0 4 0 3 0 1 0 7 0 3 0 8 0 7 0 7 0 3 0 8 0 2 0 8 0 0 0 7 0 2 0 4 0 8 0 8 0 1 0 4 0 1 0 8 0 5 1 0 1 0 0 2 0 0 1 0 0 3 0 4 0 0 0 1 0 1 0 7 1 0 0 8 0 0 1 0 0 0 0 5 0 3 0 0 0 1 0 7 0 7 0 3 0 4 0 2 1 0 0 5 0 6 0 3 0 6 0 8 0 3 0 6 0 0 0 7 0 5 0 0 0 5 0 8 0 1 0 2 0 4 0 5 0 4 0 3 0 4 0 0 0 0 0 6 0 7 0 8 0 1 0 1 0 6 0 4 0 6 0 0 0 6 0 6 0 3 1 0 0 6 0 2 0 8 0 8 0 1 1 0 0 2 1 0 0 2 0 7 0 5 0 3 0 3 0 0 0 8 0 6 0 2 0 5 0 3 0 4 0 1 0 1 0 0 0 3 0 5
0 489 2 0 2 0 3 0 5 0 7 0 1 0 7 0 1 0 3 0 4 0 1 0 0 0 3 0 3 0 5 0 4 0 4 0 1 0 4 0 4 1 0 0 2 0 7 0 3 0 3 0 7 0 5 0 4 0 2 0 5 0 8 0 1 0 7 0 0 0 4 1 0 0 6 0 2 0 5 0 6 0 0 0 1 0 1 0 0 0 0 0 0 0 7 0 4 0 2 0 3 0 5 0 5 1 0 0 2 0 8 0 7 0 3 0 8 0 4 0 2 0 0 0 7 0 7 0 0 0 6 0 2 0 0 0 0 0 1 0 2 0 8 0 8 0 1 0 1 0 0 0 6 0 7 0 5 0 2 0 7 0 1 0 8 0 6 0 7 0 8 0 3 0 6 0 0 0 6 0 5 0 6 0 2 0 3 0 0 0 0 0 7 0 6 0 0 0 7 0 1 0 6 0 7 0 4 0 2 0 6 0 8 0 4 0 6 0 0 0 0 0 6 0 1 0 5 0 8 0 7 0 8 0 5 0 4 0 5 0 6 0 6 0 6 0 3 0 2 0 1 0 0 0 3 0 1 1 0 0 6 0 8 0 7 0 5 0 3 0 7 0 3 0 8 0 6 0 3 0 4 0 8 0 7 0 6 0 5 0 8 0 6 0 6 0 6 0 2 0 4 0 5 1 0 0 8 0 7 0 3 0 8 0 3 0 7 0 3 0 0 0 8 0 3 0 1 0 8 0 5 0 8 0 0 0 2 0 3 0 6 0 0 0 6 0 2 0 8 0 0 0 0 0 7 0 0 0 3 0 5 0 5 0 7 0 8 0 5 1 0 0 1 0 3 0 8 0 3 0 7 0 8 0 2 0 2 0 5 0 1 0 2 0 1 0 7 0 3 0 4 1 0 0 1 1 0 0 7 0 8 0 0 0 1 0 3 0 6 0 7 0 3 0 3 0 3 0 0 0 3 0 2 0 3 0 3 1 0 0 0 0 2 0 6 0 7 0 7 0 4 0 8 0 4 0 8 0 4 0 5 0 1 0 7 0 6 0 1 0 7 0 3 0 6 0 0 0 7 0 8 0 2 0 2 0 0 0 7 0 1
0 489 4 0 4 0 7 0 1 0 5 0 4 0 4 0 3 0 6 0 8 0 2 0 0 0 6 0 7 0 0 1 0 1 0 0 3 1 0 0 0 1 0 0 5 0 4 0 7 0 7 0 5 0 1 1 0 0 6 0 1 0 7 0 4 0 4 0 2 0 0 0 0 0 2 0 6 0 1 0 3 0 1 0 2 0 2 0 0 0 0 0 1 0 4 1 0 0 5 0 7 0 1 0 2 1 0 0 5 0 7 0 5 0 8 0 6 1 0 0 5 0 1 0 5 0 5 0 2 0 2 0 5 0 0 0 0 0 2 0 5 0 7 0 7 0 3 0 2 0 1 0 3 0 6 0 1 0 6 0 4 0 4 0 7 0 4 0 6 0 7 0 8 0 2 0 2 0 3 0 2 0 3 0 5 0 6 0 0 0 1 0 5 0 3 0 2 0 4 0 4 0 3 0 5 1 0 0 6 0 3 0 8 0 0 0 3 0 1 0 1 0 2 0 4 0 1 0 8 0 6 0 8 0 2 0 0 0 2 0 4 0 4 0 3 0 7 0 4 0 2 0 0 0 6 0 3 1 0 0 3 0 8 0 6 0 1 0 8 0 4 0 8 0 7 0 3 0 7 1 0 0 8 0 6 0 4 0 2 0 8 0 4 0 4 0 3 0 5 1 0 0 3 0 0 0 7 0 5 0 8 0 6 0 8 0 4 0 7 0 1 0 6 0 7 0 3 0 7 0 2 0 7 0 1 0 4 0 7 0 2 0 2 0 2 0 6 0 6 0 1 0 1 0 4 0 1 0 7 0 1 0 2 0 6 0 8 0 2 1 0 0 2 0 7 0 6 0 8 0 5 0 7 0 5 0 5 0 0 0 3 0 4 0 3 0 4 0 7 1 0 1 0 0 3 1 0 0 5 0 7 0 1 0 2 0 7 0 3 0 5 0 7 0 6 0 6 0 0 0 6 0 4 0 6 0 7 0 7 1 0 0 5 0 3 0 6 0 6 0 0 0 8 0 0 0 8 0 0 0 1 0 4 0 5 0 3 0 4 0 4 0 8 0 2 0 2 0 5 0 7 0 5 0 4 0 1 0 4 0 3
1 490 1 0 0 0 0 5 0 4 0 0 1 0 1 0 0 8 0 3 0 7 0 5 0 1 0 3 0 5 0 2 1 0 0 8 0 6 0 8 0 0 1 0 0 1 0 0 0 6 0 6 0 1 0 4 1 0 0 2 0 4 0 4 1 0 1 0 0 5 0 0 0 0 0 5 0 2 0 3 0 6 0 2 0 4 0 4 0 0 0 0 0 3 0 0 0 0 0 1 0 5 0 3 0 5 1 0 0 1 0 6 0 2 0 8 0 5 0 0 0 0 0 4 0 1 0 1 0 5 0 5 0 0 0 1 0 0 0 5 0 1 0 6 0 5 0 7 0 4 0 2 0 7 0 2 0 4 0 3 0 0 0 0 0 6 0 0 0 4 0 6 0 7 0 5 0 4 0 6 0 4 0 7 0 1 0 3 0 1 0 3 0 0 0 7 0 4 0 8 0 8 0 7 0 2 0 0 0 2 0 8 0 6 0 1 0 6 0 2 0 2 0 4 0 8 0 3 0 7 0 4 0 7 0 5 0 0 0 4 0 8 0 8 0 7 0 4 1 0 0 5 0 1 0 2 0 8 0 8 0 6 0 7 0 3 0 4 0 7 0 0 0 8 0 5 0 8 0 6 0 0 0 7 0 3 1 0 0 6 0 6 1 0 1 0 0 8 0 1 1 0 0 6 0 1 0 5 0 2 0 8 0 4 0 8 0 0 0 5 0 4 0 3 0 5 0 8 0 4 0 6 0 4 0 3 1 0 0 5 0 5 0 4 0 5 0 3 0 3 0 3 0 2 0 8 0 3 0 4 0 3 0 5 0 3 0 7 0 6 0 8 0 4 0 5 0 4 0 8 0 2 0 6 0 2 0 1 0 1 0 6 0 8 0 6 1 0 0 7 0 0 0 8 0 6 1 0 0 1 0 5 0 3 0 5 0 4 0 8 0 1 0 6 0 4 0 3 0 2 0 3 0 0 0 4 0 6 0 7 0 0 0 0 0 8 0 3 0 3 0 2 0 6 0 2 0 6 0 1 0 2 1 0 0 1 0 7 1 0 0 0 0 7 0 5 0 5 0 1 0 6 0 1 1 0 0 3 0 8 0 6
1 491 1 0 8 0 0 0 0 1 0 0 2 1 0 1 0 0 6 0 8 0 5 0 1 0 3 0 7 0 0 0 6 1 0 0 7 0 4 0 7 0 2 0 8 0 1 0 1 0 3 0 3 0 3 1 0 1 0 0 4 1 0 0 1 0 0 1 0 0 0 0 1 0 1 0 0 0 5 0 7 0 2 0 5 0 8 0 8 0 0 0 0 0 6 0 0 0 0 0 3 0 0 0 8 0 1 1 0 0 3 0 2 0 6 0 7 0 1 0 1 0 0 0 8 0 2 0 3 0 1 0 1 0 1 0 2 0 1 0 0 0 4 0 3 0 2 0 5 1 0 0 6 0 4 0 5 0 8 0 6 0 0 0 1 0 2 0 1 1 0 0 4 0 6 0 2 0 0 0 4 0 0 0 5 0 3 0 6 0 2 0 6 0 1 0 5 0 0 0 8 0 8 0 5 0 5 0 0 0 5 0 7 0 3 0 4 0 2 0 5 0 4 1 0 0 7 0 8 0 5 0 0 0 6 0 1 0 1 1 0 0 8 0 8 0 6 0 1 0 0 0 0 0 3 0 5 0 7 0 8 0 4 0 5 0 7 1 0 0 5 0 2 0 7 0 2 0 8 0 3 0 2 0 4 1 0 0 0 0 3 0 5 0 0 1 0 0 6 0 4 1 0 0 2 0 4 0 0 0 6 0 7 0 0 0 7 0 2 0 0 1 0 0 8 0 1 0 8 0 0 0 3 1 0 1 0 0 0 0 1 0 2 0 0 0 1 0 7 0 6 0 6 0 5 0 6 0 7 0 8 0 7 0 0 0 8 0 5 0 4 0 8 0 0 0 2 0 0 0 7 0 6 0 2 0 5 0 2 0 3 0 3 0 8 0 5 0 0 0 4 0 2 0 7 0 4 1 0 0 3 0 0 0 8 0 1 0 0 0 7 0 4 0 2 1 0 0 7 0 4 0 6 0 0 1 0 0 4 0 5 0 1 0 1 0 6 0 7 0 6 0 5 0 2 0 6 0 2 0 3 0 5 0 8 0 2 0 5 1 0 0 1 0 5 0 2 0 1 0 4 0 2 0 4 0 8 0 6 0 7 0 4
0 491 3 0 6 0 1 0 1 0 8 0 4 1 0 1 0 0 3 0 8 0 1 0 3 0 7 0 4 0 2 0 4 0 0 0 5 0 0 0 5 0 6 0 6 0 3 0 2 0 6 0 6 0 7 1 0 0 8 0 8 0 8 0 1 0 1 0 7 1 0 0 2 0 2 0 1 0 1 0 5 0 6 0 1 0 8 0 7 0 1 0 1 0 2 0 1 0 0 0 6 0 1 0 6 0 4 0 8 0 5 0 5 0 3 0 5 0 3 0 2 0 1 0 6 0 5 0 6 0 2 0 2 0 2 0 4 0 2 0 0 0 8 0 6 0 5 0 2 0 0 0 3 0 0 0 2 0 8 0 3 0 1 0 2 0 4 0 3 0 8 0 8 0 2 0 5 0 0 0 8 0 1 0 0 0 8 0 2 0 6 0 2 0 4 0 0 0 2 0 7 0 8 0 2 0 1 0 2 0 1 0 5 0 7 0 8 0 5 0 1 0 1 0 0 0 5 0 8 0 1 0 2 0 2 0 3 0 3 1 0 0 7 0 8 0 3 0 3 0 0 0 0 0 7 0 1 0 6 0 8 0 0 0 2 0 7 0 0 0 0 0 6 0 4 0 6 0 6 0 7 0 4 1 0 1 0 0 0 0 7 0 0 0 2 1 0 0 3 0 0 1 0 0 4 0 8 0 1 0 3 0 5 0 2 0 4 0 5 0 1 1 0 0 6 0 4 0 6 0 1 0 7 1 0 0 7 1 0 0 2 0 4 0 0 0 3 0 5 0 4 0 4 0 2 0 4 0 6 0 8 0 5 0 2 0 7 0 2 0 0 0 7 0 1 0 4 0 1 0 5 0 3 0 6 0 0 0 5 0 6 0 7 0 7 0 1 0 1 0 8 0 5 0 5 0 0 1 0 0 6 0 1 0 6 0 3 0 1 0 4 1 0 0 6 1 0 0 5 0 0 0 3 0 2 0 8 0 8 0 0 0 3 0 3 0 3 0 6 0 4 0 1 0 6 0 2 0 5 0 7 0 1 0 7 0 6 0 1 1 0 0 3 0 0 0 5 0 2 0 8 0 4 1 0 0 8 0 4 0 6 0 0
0 491 7 0 2 0 3 0 3 0 7 0 1 0 0 0 8 0 6 0 6 0 3 0 7 0 4 1 0 0 5 0 8 0 1 0 0 0 2 0 1 0 4 0 3 0 7 0 5 0 3 0 4 0 7 0 0 0 7 0 8 0 7 0 3 0 3 0 5 1 0 0 4 0 4 0 2 0 3 0 1 0 3 0 4 0 7 0 5 0 3 0 2 0 4 0 2 0 1 0 2 0 4 0 3 0 0 0 8 0 2 0 1 0 8 0 0 0 7 0 4 0 3 0 3 0 2 0 3 0 5 0 4 0 4 0 8 0 4 0 1 0 7 0 4 0 1 0 5 0 0 0 6 0 0 0 5 0 6 0 7 0 2 0 4 0 8 0 7 0 7 0 7 0 6 0 0 0 2 0 6 0 3 0 1 0 6 0 6 0 2 0 5 0 8 0 0 0 5 0 5 0 7 0 5 0 2 0 4 0 3 0 1 0 6 0 8 0 1 0 3 0 2 0 1 0 1 0 7 0 3 0 4 0 4 0 6 0 7 1 0 0 5 0 7 0 7 0 6 0 0 0 1 0 4 0 4 0 3 0 7 0 1 0 5 0 4 0 1 0 1 0 3 0 0 0 4 0 4 0 6 0 1 0 0 0 8 0 0 0 4 0 1 0 5 0 8 0 5 0 1 0 8 0 8 0 6 0 3 0 7 0 0 0 5 1 0 0 1 0 4 1 0 0 3 0 0 0 3 0 4 0 6 0 0 0 5 1 0 0 4 0 8 0 0 0 7 0 0 1 0 1 0 0 5 1 0 0 4 0 8 0 1 0 6 0 4 0 5 0 1 0 4 0 3 0 8 0 3 0 0 0 8 0 2 0 2 0 1 0 4 0 6 0 5 0 3 0 3 0 7 0 2 0 1 0 2 1 0 0 2 0 4 0 2 0 7 0 3 0 0 0 0 0 4 0 0 0 0 0 1 0 6 0 5 0 7 0 7 0 1 0 6 0 6 0 7 0 2 1 0 0 4 0 2 0 6 0 1 0 5 0 4 0 5 0 3 0 4 0 8 0 5 0 1 0 0 0 6 0 7 0 1 0 0 0 7 0 0 0 3 0 1
0 493 1 0 4 0 5 0 6 0 7 0 4 0 3 0 1 0 7 0 4 0 3 0 8 0 5 0 1 0 0 0 1 0 7 0 3 0 0 0 4 0 2 0 8 0 7 0 5 0 1 0 7 1 0 0 5 0 2 0 5 0 8 0 5 0 7 0 7 0 1 1 0 0 8 0 8 0 4 0 6 0 2 0 6 1 0 0 6 0 1 0 7 0 4 0 8 0 4 0 2 0 4 0 8 0 6 0 1 0 6 0 5 0 3 0 6 0 2 0 4 1 0 0 7 0 6 0 4 0 7 0 1 0 0 0 0 0 7 1 0 0 4 0 4 1 0 0 4 0 0 0 2 0 2 0 2 0 1 0 4 0 5 0 5 1 0 0 8 0 6 0 6 0 6 0 3 0 1 0 5 0 2 0 7 0 3 0 3 0 3 0 6 0 1 0 7 0 2 0 1 0 2 0 6 0 1 0 5 0 8 0 6 0 3 0 3 0 7 0 3 0 6 0 4 0 2 0 3 0 4 0 7 1 0 0 0 0 4 0 7 0 0 0 1 0 6 0 6 0 3 0 1 0 2 0 8 0 8 0 7 0 4 0 4 0 0 1 0 0 3 0 2 0 6 0 0 1 0 0 0 0 3 0 3 0 1 0 6 0 1 0 8 0 3 0 1 0 8 0 1 0 4 0 7 0 8 0 3 0 8 0 4 0 2 0 1 1 0 0 2 1 0 1 0 0 6 0 0 0 6 1 0 0 3 0 2 0 1 1 0 1 0 0 7 0 2 0 4 0 2 1 0 1 0 0 1 1 0 1 0 0 7 0 4 0 3 0 0 0 1 0 3 0 8 0 7 0 6 0 7 0 1 0 6 0 5 0 4 0 2 1 0 0 4 0 1 0 7 0 7 0 4 0 5 0 2 0 5 0 8 0 3 0 8 0 5 0 4 0 7 0 0 0 0 0 8 0 0 0 0 0 3 0 3 0 2 0 6 0 5 0 4 0 3 0 4 0 5 0 6 0 8 0 7 0 5 0 2 0 4 0 1 0 0 0 1 0 7 1 0 0 8 0 1 0 3 0 1 0 3 0 5 0 3 0 1 0 4 0 1 0 6 0 2
1 493 2 1 0 0 2 0 4 0 5 1 0 0 7 0 3 0 4 1 0 0 8 0 7 0 1 0 3 0 0 0 3 0 4 0 7 0 0 0 8 0 5 0 7 0 6 0 1 0 4 0 6 0 0 0 0 0 6 0 1 0 8 0 2 0 6 0 5 0 4 1 0 0 7 0 8 0 0 0 3 0 6 0 4 0 0 0 2 0 4 0 5 0 0 0 7 1 0 0 5 1 0 0 8 0 3 0 4 0 3 0 1 0 8 0 2 0 6 0 0 0 0 0 5 0 4 0 0 0 5 0 3 0 0 0 1 0 5 1 0 1 0 0 0 1 0 0 8 0 0 0 4 0 4 0 4 0 2 1 0 0 2 0 3 0 0 0 7 0 4 0 4 0 3 0 7 0 3 0 0 0 6 0 4 0 7 0 6 0 7 0 2 0 4 0 4 0 5 0 2 0 5 0 2 0 4 0 1 0 8 0 3 0 7 0 7 0 4 0 8 0 2 1 0 0 5 0 6 1 0 0 6 1 0 0 0 1 0 0 5 0 1 0 3 0 3 0 3 0 7 0 2 0 5 0 7 0 8 0 5 1 0 1 0 0 2 0 8 0 5 0 5 0 2 0 2 0 7 1 0 0 6 0 6 0 3 0 2 0 4 0 6 0 7 0 3 0 6 0 3 1 0 0 6 0 7 0 8 0 6 1 0 0 5 0 3 0 8 0 4 1 0 1 0 0 2 0 2 0 3 1 0 0 6 0 4 0 3 1 0 1 0 0 4 0 5 0 8 0 5 1 0 0 8 0 2 1 0 1 0 0 4 1 0 0 7 0 0 0 2 0 7 0 7 0 6 0 4 0 5 0 4 0 3 0 1 1 0 0 6 0 8 0 7 0 3 0 5 0 6 0 0 0 1 0 6 0 1 0 7 0 8 0 7 0 2 0 0 0 5 0 1 0 1 0 6 0 1 0 0 0 6 0 6 0 5 0 3 0 1 1 0 0 7 1 0 0 2 0 4 0 8 0 6 0 1 0 5 0 8 0 2 0 0 0 3 0 6 0 0 0 6 0 3 0 6 0 2 0 7 0 0 0 7 0 2 0 8 0 3 0 2 0 5
0 493 5 0 8 0 3 1 0 0 3 0 0 0 4 0 8 0 0 0 0 0 7 0 5 0 3 0 6 0 0 0 6 1 0 0 5 0 2 0 7 0 2 0 6 0 3 0 3 1 0 0 3 0 1 0 1 0 2 0 4 0 6 0 6 0 3 0 2 0 1 0 0 0 5 0 7 0 1 0 7 0 2 1 0 0 1 0 4 1 0 0 1 0 2 0 6 0 0 0 2 0 0 0 6 0 7 0 8 0 6 0 3 0 6 0 6 0 2 0 1 0 1 0 0 1 0 0 2 0 0 0 7 0 0 0 3 0 2 0 0 0 8 0 0 1 0 0 6 0 1 0 8 0 8 0 8 0 5 0 8 0 3 0 6 0 1 0 4 1 0 1 0 0 8 0 4 0 7 0 1 0 3 0 0 0 6 0 4 0 5 0 5 1 0 0 0 0 1 0 6 0 0 0 5 0 8 0 3 0 6 0 8 0 5 0 6 0 0 0 7 0 6 1 0 0 1 0 5 0 0 0 3 1 0 0 1 1 0 0 0 0 3 0 6 0 6 0 7 0 4 0 6 0 1 0 6 0 8 0 3 0 0 0 8 0 4 0 7 0 2 0 1 0 5 0 5 0 6 0 0 0 3 0 3 0 7 0 4 1 0 0 4 0 5 0 8 0 2 1 0 0 0 0 3 0 6 0 8 0 5 0 0 0 0 0 8 0 7 0 1 0 0 0 8 0 3 0 4 0 7 1 0 0 2 1 0 1 0 0 0 0 8 0 8 0 1 0 8 0 3 0 0 0 6 0 6 1 0 1 0 0 0 0 0 0 4 0 1 0 5 0 5 0 6 0 4 0 0 0 1 1 0 0 7 0 3 1 0 0 3 0 8 0 5 0 8 0 1 0 3 0 1 0 3 0 2 0 4 0 5 0 8 0 5 0 5 0 1 0 0 0 3 0 3 0 2 0 3 0 1 0 3 0 4 0 1 0 7 0 3 1 0 0 5 1 0 0 4 1 0 0 8 0 3 0 4 0 1 0 7 0 5 0 0 0 7 0 2 0 2 0 2 0 8 0 2 0 6 0 4 0 2 0 4 0 6 0 6 0 7 0 5 0 1
0 495 1 0 1 0 7 0 8 0 8 0 5 0 0 1 0 0 7 0 1 0 1 0 5 0 1 0 8 0 2 0 2 0 4 0 0 0 0 0 6 0 4 0 6 0 2 0 7 0 7 0 8 0 5 0 2 0 2 0 4 1 0 0 4 0 3 0 7 0 4 0 2 0 1 0 1 0 5 0 4 0 4 0 6 0 8 0 1 1 0 1 0 0 2 0 5 0 2 0 1 0 4 0 1 0 3 0 6 0 8 0 3 0 8 0 3 0 3 0 5 0 2 0 2 0 1 0 8 0 3 0 1 0 4 0 1 0 6 0 4 0 1 0 6 0 2 1 0 0 2 0 4 0 7 0 8 0 8 0 2 0 7 0 8 0 2 0 4 0 0 0 0 1 0 0 7 0 0 0 5 0 3 0 6 0 1 0 3 0 0 0 2 0 2 1 0 0 0 0 3 0 2 0 2 0 1 0 7 0 8 0 3 0 8 0 2 0 3 0 2 0 5 0 4 1 0 0 3 0 0 0 1 0 7 0 8 0 2 0 7 1 0 0 7 0 3 0 4 0 6 0 0 0 3 0 4 0 3 0 7 0 7 0 1 0 7 0 0 0 5 0 5 0 3 0 1 0 2 0 3 0 1 0 6 0 7 0 5 0 0 1 0 1 0 0 2 0 7 0 6 0 7 1 0 0 7 0 3 0 8 0 1 0 1 0 1 0 7 0 5 0 3 0 1 0 6 0 7 1 0 0 6 1 0 0 5 1 0 0 8 0 0 0 7 0 7 0 4 0 6 0 7 0 1 0 3 0 5 0 0 0 7 1 0 0 0 0 8 0 3 0 1 0 2 0 3 1 0 0 1 0 3 1 0 0 4 0 8 0 8 0 6 0 7 0 2 0 7 0 3 0 6 0 2 0 6 0 4 1 0 0 2 0 8 0 2 0 1 0 3 0 0 0 6 0 6 0 4 0 6 0 2 0 6 0 8 0 3 0 4 1 0 0 0 0 2 0 0 0 0 0 0 0 6 0 7 0 8 0 3 0 5 0 1 0 2 0 4 0 5 0 4 0 5 0 6 0 6 0 2 1 0 0 5 1 0 0 4 0 4 0 6 0 1 0 3
1 495 2 0 3 0 5 0 8 0 8 0 1 0 2 1 0 0 4 0 3 0 3 0 0 0 4 0 6 0 5 0 4 0 8 0 0 0 1 0 3 0 0 0 3 0 6 0 5 0 6 0 8 0 1 0 5 0 4 1 0 1 0 0 8 0 7 0 4 1 0 0 5 0 2 0 3 0 1 0 0 0 0 0 4 0 7 0 4 1 0 0 8 0 4 0 0 0 5 0 2 0 8 0 2 0 7 0 3 0 7 0 8 0 6 0 7 0 7 0 0 0 5 0 4 0 3 0 6 0 7 0 2 0 8 0 3 0 2 1 0 0 4 0 2 0 6 0 8 0 3 1 0 0 6 0 8 0 7 0 6 0 5 0 7 0 5 0 8 0 0 0 1 1 0 0 4 0 2 0 0 0 8 0 2 0 3 0 6 0 0 0 4 0 5 0 7 1 0 0 6 0 4 0 4 0 3 0 5 0 7 0 8 0 6 0 5 0 6 0 5 0 1 0 0 1 0 0 6 0 0 0 3 0 5 0 7 0 6 0 6 0 0 0 4 0 7 1 0 0 3 0 1 0 6 0 8 0 7 0 5 0 5 0 4 0 4 0 2 0 1 0 1 0 7 0 2 0 4 0 6 0 3 0 3 0 6 0 1 0 2 1 0 0 8 0 4 0 5 0 4 0 7 0 0 0 4 0 8 0 6 0 3 0 2 0 3 0 5 0 1 0 7 0 3 0 3 0 7 0 0 0 4 0 0 0 2 0 0 0 6 0 2 0 5 0 6 0 0 0 4 0 5 0 3 0 7 0 0 0 2 0 5 1 0 0 1 0 6 0 7 0 2 0 4 0 7 0 8 0 1 0 7 0 8 0 8 0 7 0 8 0 4 0 5 0 6 0 4 0 8 0 2 0 6 0 3 0 0 1 0 0 5 0 6 0 5 0 2 0 6 0 1 0 3 0 4 0 0 0 3 0 6 0 3 0 7 0 7 1 0 1 0 0 0 0 4 0 0 0 0 0 1 0 3 0 6 0 7 0 8 0 0 0 3 0 4 1 0 0 2 0 0 0 2 0 4 0 3 0 6 1 0 0 1 1 0 1 0 0 0 0 3 0 3 0 6
0 495 4 0 7 0 1 0 8 0 7 0 3 0 5 0 8 0 7 0 6 0 6 0 0 1 0 0 4 0 2 0 0 0 7 0 1 0 2 0 6 0 0 0 7 0 3 0 2 0 4 0 7 0 4 0 1 0 1 0 0 1 0 0 7 0 6 0 1 0 0 0 0 0 5 0 6 0 2 0 0 0 0 1 0 0 6 0 1 0 0 0 6 1 0 0 2 0 0 0 6 0 6 0 6 0 4 0 8 0 5 0 8 0 4 0 6 0 5 0 2 0 0 1 0 0 8 0 3 0 5 0 6 0 6 0 7 0 5 0 8 0 7 0 5 0 3 0 7 1 0 0 0 0 3 0 8 0 6 0 4 0 2 0 6 0 2 0 7 0 1 0 3 0 8 0 7 0 4 0 1 0 6 0 5 0 7 0 2 0 1 1 0 0 2 0 7 0 0 0 2 1 0 1 0 0 8 0 1 0 6 0 8 0 4 0 2 0 4 0 1 0 3 0 1 1 0 0 2 0 1 0 7 0 1 0 6 0 4 0 3 0 1 1 0 0 6 1 0 0 6 0 3 0 3 0 8 0 6 0 2 0 1 1 0 1 0 0 5 0 2 0 3 0 4 0 5 1 0 0 3 0 7 0 7 0 2 0 3 0 5 1 0 0 7 0 0 0 2 0 0 0 5 0 1 1 0 0 8 0 3 0 7 0 4 0 7 0 0 0 4 0 4 0 7 0 7 0 4 0 1 0 8 0 0 0 4 0 1 0 2 0 6 0 1 0 3 0 1 1 0 0 1 0 8 0 4 0 1 0 5 0 1 1 0 0 3 0 3 0 5 0 5 1 0 0 6 0 7 0 4 0 5 0 8 0 8 0 6 0 8 0 0 0 2 0 4 0 0 0 7 0 6 0 2 0 7 0 1 1 0 0 1 0 4 0 1 0 6 0 2 0 3 0 6 0 8 0 0 0 7 0 2 0 8 0 5 0 7 0 0 0 7 1 0 0 8 0 0 0 0 0 2 0 7 0 3 0 6 0 7 0 1 0 6 1 0 1 0 0 4 0 0 0 4 0 8 0 7 0 3 1 0 0 3 1 0 0 7 1 0 0 6 0 7 0 3
1 496 1 0 0 5 0 4 0 7 0 5 0 8 0 1 0 8 0 6 0 4 0 3 0 2 0 8 0 7 0 4 0 1 0 4 0 3 0 5 0 2 0 2 0 4 0 7 0 4 1 0 0 5 1 0 0 3 0 2 0 1 1 0 0 5 0 3 0 3 0 0 0 1 0 1 0 3 0 5 0 0 0 1 1 0 0 2 0 3 0 1 0 3 1 0 0 4 0 1 0 3 0 4 0 4 0 0 0 8 0 2 0 8 0 0 0 4 0 1 0 5 0 1 1 0 0 6 0 8 0 1 0 4 0 4 0 6 0 2 0 8 0 6 0 1 0 8 0 5 1 0 0 0 0 7 0 7 0 3 1 0 0 6 0 2 0 6 0 4 0 3 0 7 0 7 0 5 1 0 0 4 0 3 0 2 0 5 0 5 0 3 0 8 0 4 0 4 0 1 0 5 1 0 1 0 0 6 0 4 0 3 0 7 1 0 0 5 0 8 0 2 0 6 0 3 0 8 0 3 0 3 0 4 0 4 0 2 1 0 0 7 0 3 1 0 0 4 0 0 0 2 0 7 0 7 0 7 0 3 0 5 0 3 1 0 1 0 0 0 0 5 0 6 1 0 0 2 1 0 0 7 0 5 0 5 0 5 0 7 0 2 0 0 0 4 0 1 0 4 0 1 0 0 0 4 1 0 0 6 0 8 0 5 0 0 0 5 0 1 1 0 0 0 0 6 0 5 1 0 0 4 0 6 0 1 0 8 0 2 0 5 0 2 0 3 0 6 0 3 0 8 0 2 0 6 1 0 0 4 0 0 0 4 0 8 0 5 0 7 0 1 0 3 0 0 0 3 0 6 0 0 0 2 0 8 0 8 0 4 0 7 0 1 0 4 0 8 0 1 0 5 0 3 0 6 0 4 0 4 0 8 0 1 0 8 0 3 0 2 0 5 0 7 0 3 0 7 0 2 0 4 0 6 0 7 0 2 0 5 0 2 0 6 0 0 0 6 0 1 0 0 0 5 0 4 0 8 0 3 0 5 0 4 0 4 0 0 0 8 0 7 0 0 1 0 0 8 0 5 0 8 0 8 0 6 1 0 0 6 0 0 0 3 0 5 0 7
1 497 1 1 0 0 1 0 0 0 6 0 2 0 7 0 4 0 7 0 3 1 0 0 7 0 5 0 7 0 5 1 0 0 3 0 8 0 7 0 0 0 5 0 4 1 0 0 6 0 1 0 0 0 1 1 0 0 6 0 4 0 3 1 0 0 0 0 7 0 6 0 0 0 2 0 2 0 7 0 0 0 1 0 3 0 8 0 3 0 6 0 2 0 7 0 8 0 7 0 2 0 6 0 8 0 8 0 1 0 6 0 6 0 6 0 1 0 8 0 3 0 0 0 4 1 0 0 3 0 7 0 3 1 0 0 0 0 3 0 6 0 7 0 3 0 4 0 7 0 2 1 0 0 1 0 5 0 5 1 0 0 0 0 2 0 6 0 2 1 0 0 8 0 5 0 6 0 2 1 0 0 8 0 6 0 5 0 1 0 1 0 8 0 6 1 0 1 0 0 4 0 2 0 0 1 0 0 2 1 0 0 8 0 6 0 0 0 1 0 7 0 6 0 2 0 8 0 6 0 7 0 6 0 8 0 8 0 5 1 0 0 4 0 8 0 8 0 7 0 0 0 5 0 5 0 6 0 5 0 8 0 0 1 0 0 0 0 8 0 0 0 1 0 4 1 0 0 5 1 0 0 5 0 2 0 2 0 2 0 5 0 5 0 0 0 8 0 2 0 8 0 2 0 1 0 0 0 0 0 3 0 8 0 1 0 2 0 0 0 4 0 8 0 0 0 3 0 2 1 0 1 0 0 3 0 4 0 6 0 6 0 0 0 5 0 7 0 2 0 8 0 6 0 6 0 3 1 0 0 8 0 0 1 0 0 8 0 2 0 5 0 3 0 6 0 0 0 7 0 2 0 1 0 5 0 7 0 8 0 0 0 5 0 3 1 0 0 7 0 4 0 0 0 8 0 3 0 0 0 0 0 7 0 4 0 6 0 7 0 5 0 1 0 5 0 8 0 4 0 5 1 0 0 4 0 5 0 6 0 0 0 6 0 2 0 2 0 2 0 3 0 1 0 1 0 0 0 7 0 8 0 0 1 0 1 0 0 2 0 7 0 5 0 2 1 0 0 7 0 2 0 8 0 8 0 5 0 0 0 2 0 1 0 7 0 1 0 6
0 497 3 0 8 0 1 0 1 0 2 0 6 0 5 0 0 0 5 1 0 0 0 0 5 0 2 0 6 0 2 1 0 0 7 0 7 0 5 0 2 0 1 0 1 0 0 0 2 0 3 0 0 0 3 1 0 0 2 1 0 0 8 0 8 0 0 0 5 0 3 0 1 0 4 0 5 0 4 0 1 0 2 0 7 0 6 0 8 0 2 0 6 0 5 0 8 0 5 0 6 0 3 0 8 0 7 0 4 0 3 0 4 0 3 0 4 0 6 0 7 0 0 1 0 1 0 0 7 0 4 0 8 0 7 1 0 0 7 0 3 0 5 0 7 1 0 0 5 0 6 0 8 0 2 0 1 0 2 1 0 0 0 0 5 0 2 0 6 1 0 0 7 0 2 0 3 0 6 1 0 0 7 0 4 0 1 0 3 0 3 0 7 0 5 0 0 0 8 0 7 0 4 0 1 0 8 0 4 1 0 0 7 0 3 0 1 0 3 0 5 0 3 0 6 0 7 0 4 0 6 0 4 0 8 0 8 0 2 1 0 1 0 0 8 0 8 0 5 0 2 0 1 0 2 0 4 0 2 0 7 0 2 0 8 0 0 0 6 0 1 0 3 0 0 0 0 0 2 0 0 0 0 0 5 0 4 0 5 0 1 0 1 0 2 0 6 0 6 0 6 0 5 0 2 0 0 0 0 0 7 0 6 0 3 0 4 0 0 1 0 0 7 0 1 0 6 0 5 1 0 0 8 0 5 1 0 0 4 0 3 0 2 0 1 0 5 0 6 0 7 0 4 0 3 1 0 0 0 0 6 0 2 1 0 0 6 0 6 0 0 0 8 0 2 0 2 0 4 0 5 0 3 0 1 0 6 0 7 0 2 0 0 1 0 0 0 0 4 1 0 0 2 0 6 0 7 0 0 0 1 0 5 0 0 0 4 0 6 0 1 0 4 0 1 0 8 0 0 0 2 1 0 1 0 0 2 0 3 0 2 0 2 0 5 0 4 0 4 0 6 0 2 0 2 0 1 0 5 0 7 0 2 1 0 0 8 0 4 0 5 0 1 0 6 1 0 0 4 0 6 0 7 0 8 0 1 0 1 0 4 0 3 0 4 0 4 0 3
1 497 7 0 6 0 3 0 2 0 5 0 3 0 1 0 2 0 1 1 0 0 1 0 0 0 6 0 2 0 6 1 0 0 5 0 6 0 1 0 5 0 2 0 2 0 0 0 4 0 6 0 0 0 7 0 8 0 4 1 0 0 7 0 7 0 2 0 0 0 7 0 2 1 0 0 1 1 0 0 3 0 5 0 5 0 4 0 7 0 6 0 3 0 2 0 8 0 2 0 3 0 8 0 7 0 5 1 0 0 7 0 8 0 6 1 0 0 4 0 5 0 2 1 0 1 0 0 5 0 0 0 8 0 7 0 0 0 4 0 8 0 1 0 7 0 0 0 1 0 4 0 7 0 5 0 2 0 5 0 8 0 0 0 0 0 6 0 4 0 0 0 4 0 5 0 7 0 4 0 0 0 4 1 0 0 3 0 6 0 7 0 5 0 1 0 2 0 7 0 5 1 0 0 4 0 7 0 1 0 0 0 4 0 7 0 2 0 7 0 0 0 8 0 3 0 6 0 0 0 4 0 0 0 8 0 7 0 6 1 0 1 0 0 7 0 8 0 1 0 5 0 2 0 4 0 8 0 5 0 4 0 6 0 6 0 2 0 2 0 3 0 6 0 0 0 0 0 4 0 0 0 1 0 1 0 0 0 1 0 3 0 2 0 5 0 3 0 4 0 4 0 1 0 5 0 0 0 1 0 5 0 3 0 7 0 8 0 1 1 0 0 4 0 4 0 3 0 3 0 0 0 7 0 2 1 0 0 8 0 6 0 4 0 3 0 1 0 4 0 5 1 0 0 8 0 8 0 0 0 2 0 6 1 0 0 3 0 3 0 2 0 6 0 5 0 4 1 0 0 1 0 7 0 3 0 3 0 5 0 5 0 1 0 7 1 0 1 0 1 0 0 5 0 3 0 5 0 1 0 3 0 0 0 1 1 0 0 3 0 3 0 8 0 3 0 6 0 1 0 5 1 0 0 8 0 3 0 6 0 4 0 5 0 1 0 0 0 0 0 3 0 5 0 4 0 3 0 1 0 5 0 6 1 0 0 7 0 0 0 1 0 4 0 3 1 0 1 0 0 4 0 6 0 7 0 3 0 2 0 8 0 6 0 8 0 8 0 6
1 499 1 0 5 0 3 0 7 0 5 0 0 0 7 0 2 0 4 0 3 0 8 0 1 0 1 0 2 0 6 0 4 0 0 0 1 0 3 0 4 0 0 0 5 0 4 0 0 1 0 0 3 0 2 0 5 0 8 0 1 0 0 0 5 0 5 0 5 0 1 0 4 0 6 0 8 0 2 0 8 0 6 0 1 0 2 0 0 0 6 0 3 0 7 0 5 0 6 0 5 0 7 0 7 0 6 0 3 0 0 0 5 0 8 0 4 1 0 1 0 0 1 0 6 1 0 1 0 0 0 0 2 0 7 0 5 0 1 1 0 0 7 0 4 0 4 0 1 0 2 1 0 0 6 0 1 0 6 0 1 0 7 0 1 0 1 0 2 1 0 0 1 1 0 0 2 0 5 1 0 0 1 1 0 1 0 0 7 0 3 0 6 0 1 0 3 0 5 0 5 0 2 1 0 1 0 0 5 0 3 0 0 1 0 0 5 0 6 0 4 0 2 0 6 0 8 0 2 0 1 0 8 0 1 0 7 0 6 0 5 0 0 1 0 0 5 0 7 0 4 0 0 0 5 1 0 0 8 0 2 0 0 0 4 0 3 0 5 0 4 0 7 0 2 0 1 0 0 0 8 0 0 0 2 0 2 0 0 0 2 0 6 0 5 0 0 0 7 0 8 0 8 0 3 0 0 0 1 0 3 0 0 0 8 0 5 0 7 0 4 0 8 0 7 0 8 0 6 0 6 0 1 0 4 0 6 1 0 0 7 0 3 1 0 0 7 0 2 1 0 0 3 0 0 0 7 0 7 0 1 0 5 0 3 1 0 0 6 0 6 0 5 0 3 0 2 0 0 1 0 0 3 0 4 0 7 0 7 0 1 0 1 0 4 0 6 0 0 1 0 1 0 0 0 0 8 0 0 0 3 0 6 0 0 0 3 0 8 0 5 0 7 0 6 0 8 0 2 0 4 0 2 0 0 0 6 0 8 0 3 0 0 0 1 0 3 0 0 0 0 0 7 0 0 1 0 0 7 0 3 0 1 0 5 0 0 0 4 0 1 0 2 0 8 0 7 1 0 0 8 0 8 0 3 0 5 0 7 0 5 0 7 0 4 0 8 0 8 0 4
0 499 3 0 0 0 8 0 5 0 1 0 2 0 4 0 5 0 8 0 7 0 6 0 3 0 2 0 5 0 2 1 0 0 1 0 2 0 6 0 8 0 1 0 0 1 0 0 2 0 8 0 5 0 5 0 1 0 7 0 3 0 1 0 1 0 2 0 1 0 3 1 0 0 4 0 7 0 6 0 7 0 3 0 3 0 4 0 1 0 2 0 8 0 5 0 2 0 4 0 2 0 6 0 6 0 3 0 7 0 1 0 1 0 8 0 1 0 0 0 8 0 2 0 4 0 0 0 7 1 0 0 5 0 5 0 1 0 4 1 0 0 4 1 0 1 0 0 3 0 5 1 0 0 2 0 4 0 2 0 4 0 4 0 3 0 2 0 5 0 8 0 2 0 8 0 4 0 1 1 0 0 3 1 0 1 0 0 4 0 8 0 2 0 3 0 7 0 1 0 1 0 6 1 0 1 0 0 0 0 7 0 1 1 0 0 1 0 3 1 0 0 6 0 3 0 7 0 5 0 3 0 6 0 4 0 5 0 4 0 1 0 2 1 0 0 1 0 5 1 0 0 2 0 2 0 0 0 6 0 5 0 0 0 8 0 7 0 1 0 0 0 5 0 5 0 2 0 1 0 6 0 1 0 4 0 4 0 0 0 5 0 3 0 1 0 2 0 5 0 8 0 7 0 7 0 0 0 2 0 6 0 1 0 7 0 2 0 6 0 0 0 8 0 6 0 8 0 4 0 3 0 3 1 0 0 5 0 0 0 4 1 0 0 0 0 4 0 6 0 8 0 5 0 1 0 5 0 5 0 4 0 0 1 0 0 0 0 3 0 4 0 1 0 7 0 4 0 1 0 8 0 5 1 0 0 6 0 5 0 3 0 2 1 0 0 3 0 2 1 0 0 8 0 0 0 6 0 1 0 7 0 2 0 1 0 7 0 7 0 2 0 6 0 4 0 7 0 5 0 8 0 4 0 1 0 3 0 7 0 7 0 0 0 2 0 6 0 0 0 1 0 4 0 2 1 0 0 4 0 7 0 3 0 0 0 1 0 8 0 2 0 5 0 7 0 7 0 0 0 7 0 7 0 8 0 1 0 6 0 2 0 6 0 0 0 8 0 8 0 0
0 499 6 0 1 0 7 0 1 0 3 0 4 1 0 0 2 0 8 0 6 0 3 0 7 0 5 0 0 0 6 0 8 0 1 0 5 0 3 0 7 0 3 0 1 0 8 0 4 0 7 0 2 0 1 0 4 0 4 0 7 0 2 0 2 0 4 0 2 0 7 0 8 0 8 0 5 0 4 0 5 0 7 0 6 0 8 0 2 0 5 0 7 0 1 0 5 0 8 0 5 0 3 0 3 0 8 0 4 0 3 0 3 0 6 0 3 0 1 0 6 0 5 0 8 0 1 0 6 0 0 0 1 0 1 0 4 0 0 0 0 0 0 0 0 0 8 0 6 0 1 1 0 0 4 0 8 0 4 0 8 0 8 0 6 0 5 0 1 0 7 0 6 0 6 1 0 0 4 0 8 0 6 1 0 0 8 0 8 0 6 0 5 0 7 0 4 0 3 0 3 0 4 0 0 0 8 0 0 0 4 0 4 0 8 0 1 0 7 1 0 0 2 0 8 0 5 0 1 0 8 0 3 0 0 0 1 1 0 0 3 0 5 0 8 0 2 0 1 1 0 0 4 0 4 0 1 0 3 0 1 0 2 0 7 0 5 0 3 0 1 0 1 0 1 0 5 0 3 0 2 0 3 0 8 0 8 0 1 0 0 0 7 0 2 0 5 0 1 0 8 0 6 0 5 0 1 0 5 0 2 0 4 0 4 0 6 0 2 0 2 0 7 0 4 0 7 1 0 0 7 0 7 1 0 0 0 0 1 1 0 1 0 0 0 1 0 0 4 0 8 0 1 0 4 0 1 0 1 1 0 0 2 0 7 1 0 0 6 0 8 0 3 0 4 1 0 0 4 0 7 0 3 0 0 0 3 0 1 0 7 0 5 0 8 0 5 0 5 1 0 0 6 0 2 0 2 0 4 0 4 0 5 0 3 0 5 0 5 0 6 0 3 0 0 0 6 0 2 0 7 1 0 0 3 0 7 0 5 0 5 0 1 0 5 0 2 0 1 0 2 0 8 0 5 0 8 0 8 0 4 0 7 0 0 0 3 0 6 0 6 0 1 0 6 0 5 0 2 0 5 0 6 0 7 0 4 0 2 0 6 0 2 0 2 0 7 0 7 0 1
0 501 1 0 2 0 4 0 4 0 3 0 6 1 0 1 0 0 5 0 7 0 3 0 8 0 5 0 1 0 2 0 3 0 7 0 4 0 0 0 8 0 4 0 7 0 3 0 7 0 0 0 5 0 5 0 2 1 0 0 0 0 5 0 5 0 4 0 8 0 5 0 5 0 8 0 8 0 2 0 0 0 2 0 6 0 4 0 7 0 6 0 1 0 5 0 4 0 1 0 8 0 1 0 7 0 7 0 6 1 0 0 7 0 7 0 2 0 7 0 3 0 3 0 2 0 7 0 4 0 2 0 1 0 2 0 2 0 8 0 0 0 0 0 0 0 1 0 7 0 3 0 4 0 8 0 8 0 7 0 0 0 8 0 8 0 4 0 1 0 4 0 5 0 4 0 4 1 0 1 0 0 8 0 5 0 0 0 7 0 8 0 4 0 2 0 5 1 0 0 7 0 6 0 8 0 1 0 6 0 1 1 0 0 0 0 7 0 4 0 5 1 0 0 5 0 7 0 1 0 4 0 6 0 7 0 0 0 3 0 8 0 6 0 1 0 7 0 5 0 3 0 8 0 7 0 8 0 2 0 6 0 2 0 5 0 5 0 1 0 7 0 2 0 2 0 3 0 0 0 7 0 4 0 7 0 7 0 7 0 3 0 1 0 4 0 6 0 0 0 4 0 7 0 4 0 1 0 4 0 0 0 5 1 0 0 0 0 3 0 5 0 5 0 5 0 0 0 7 0 0 0 5 0 6 1 0 0 0 0 3 1 0 0 8 0 0 0 8 0 8 0 6 0 3 0 8 0 2 0 3 0 8 0 4 0 6 0 0 0 3 0 7 0 7 1 0 1 0 1 0 0 5 0 7 0 0 0 6 0 3 0 5 0 2 0 8 0 2 0 3 0 0 0 2 0 5 0 4 1 0 0 0 0 1 0 8 0 1 0 2 0 3 0 7 0 1 0 2 0 6 0 5 1 0 0 7 0 5 0 2 0 1 0 4 0 0 0 5 0 2 0 5 0 7 0 2 0 8 0 8 0 0 0 5 0 1 0 7 0 3 0 3 0 4 0 3 0 1 0 6 0 1 0 4 0 5 1 0 0 6 0 2 0 5 0 5 0 5 0 5 0 3
1 501 2 0 4 0 8 0 8 0 7 0 4 0 0 1 0 0 1 0 5 0 8 0 7 0 1 0 3 0 4 0 7 0 4 1 0 0 2 0 7 0 0 0 5 0 8 0 4 0 2 0 1 0 1 0 6 0 8 0 0 0 1 0 2 0 0 0 8 0 2 0 2 0 8 0 7 0 5 0 0 0 5 0 3 0 0 0 6 0 3 0 4 0 0 1 0 0 4 0 6 0 4 0 5 0 6 0 5 0 0 0 5 0 5 0 6 0 4 0 7 0 6 0 5 0 4 1 0 0 5 0 2 0 4 0 5 0 6 0 1 0 0 0 0 0 3 0 4 0 7 1 0 0 8 0 8 0 5 0 2 0 7 0 7 1 0 0 3 1 0 0 2 0 0 0 1 0 0 1 0 0 7 0 1 0 2 0 5 0 7 1 0 0 6 0 2 0 0 0 5 0 4 0 7 0 4 0 2 0 4 0 8 0 0 0 5 0 0 0 3 0 0 0 1 0 5 0 3 1 0 0 4 0 5 0 1 0 7 0 7 0 3 0 4 0 5 0 1 0 8 0 7 0 6 0 7 0 6 0 2 0 6 0 1 0 1 0 4 0 4 0 5 0 4 0 6 0 1 0 5 0 0 0 6 0 6 0 5 0 7 0 2 1 0 0 3 0 1 1 0 0 5 1 0 0 3 0 8 0 1 0 1 1 0 0 0 0 7 0 1 0 2 0 1 0 2 0 4 0 2 0 1 0 4 1 0 0 0 0 7 1 0 0 6 0 2 0 7 0 8 0 3 0 8 0 6 0 5 0 7 0 7 0 0 0 3 0 1 0 7 0 5 0 7 0 0 1 0 1 0 0 1 0 5 0 2 0 2 0 8 0 0 0 6 0 6 0 5 0 6 0 0 0 5 0 1 0 0 1 0 0 0 0 3 0 6 0 3 0 4 0 7 0 4 0 3 0 5 0 3 0 3 0 0 0 5 0 1 0 5 0 2 0 8 0 1 0 0 0 6 0 1 0 5 0 6 0 7 0 7 0 2 0 0 0 4 0 4 0 7 0 6 0 8 0 6 0 3 0 2 0 3 1 0 0 3 0 0 0 2 0 6 0 1 0 2 0 2 0 1 0 7
1 501 4 1 0 0 8 0 8 0 5 1 0 0 2 0 8 0 2 0 1 0 8 0 5 0 3 0 6 1 0 0 6 0 0 1 0 0 5 0 4 0 2 0 1 0 7 1 0 0 5 0 2 0 3 0 3 0 7 0 1 0 2 0 4 0 1 0 6 0 5 0 5 0 7 0 6 0 1 0 2 0 0 0 7 0 1 0 2 0 7 0 8 0 1 0 8 0 8 0 3 0 0 0 2 0 4 0 1 0 2 0 1 0 2 0 4 0 0 0 6 0 4 0 2 0 1 0 0 0 0 0 5 1 0 0 2 0 3 0 3 0 0 0 0 0 6 1 0 0 7 0 0 0 7 0 8 0 1 0 6 0 5 0 6 1 0 0 7 0 8 0 3 0 0 0 2 0 1 1 0 0 4 0 3 0 5 0 1 0 7 0 0 0 2 0 5 0 1 0 1 0 0 0 5 1 0 0 5 1 0 0 7 0 2 0 0 0 1 0 6 0 0 0 3 0 0 0 8 0 8 0 8 0 0 0 4 0 5 0 5 0 7 1 0 0 1 0 4 0 7 0 6 0 4 0 6 0 3 0 6 0 2 0 3 0 2 1 0 0 0 0 2 0 0 0 3 0 4 0 0 0 2 0 3 0 4 0 2 0 5 0 6 0 8 0 5 0 3 1 0 0 1 1 0 0 7 0 6 0 3 0 3 0 8 0 0 0 4 0 3 0 4 0 2 0 4 0 8 0 4 0 2 1 0 1 0 0 1 0 6 0 0 0 2 0 6 0 5 0 7 0 8 0 7 0 4 0 2 0 6 0 5 0 1 0 6 0 3 0 5 0 2 0 5 0 2 1 0 0 8 0 2 0 0 0 5 0 5 0 6 0 2 0 3 0 4 0 2 0 3 0 2 0 0 0 3 0 1 0 7 1 0 0 7 0 2 0 7 1 0 0 5 1 0 0 8 0 0 0 7 0 6 0 1 0 0 0 4 0 0 0 6 0 6 0 3 0 1 0 2 0 4 0 1 0 4 0 6 0 5 0 5 0 0 1 0 0 0 0 6 0 4 0 8 0 3 0 7 0 4 0 7 0 8 0 5 0 0 0 5 0 2 0 3 0 4 0 4 0 3 0 5
0 503 1 0 0 0 0 0 7 0 8 0 2 1 0 0 5 0 6 0 5 0 3 0 7 0 1 0 8 0 4 0 0 0 2 0 2 1 0 0 0 1 0 0 5 0 3 0 6 0 0 0 0 0 5 0 6 0 7 0 4 0 3 0 4 0 8 0 3 0 3 0 2 0 2 0 6 0 3 0 3 0 4 0 1 0 4 0 3 0 5 0 5 0 7 0 4 0 7 0 7 0 7 0 0 0 4 0 8 0 2 0 4 0 2 0 4 0 8 0 1 0 2 1 0 0 5 0 2 0 0 0 1 0 1 1 0 0 4 0 6 0 6 0 0 0 1 0 4 0 0 0 4 0 2 0 5 0 7 0 4 0 3 0 2 0 5 0 0 0 5 0 7 0 7 0 0 0 4 0 3 0 8 0 7 0 7 0 0 0 4 0 4 0 1 0 5 0 0 0 3 0 2 0 1 0 2 0 0 0 2 0 0 0 4 0 5 0 0 0 3 0 2 0 1 0 6 0 1 0 7 0 8 0 7 0 1 1 0 0 2 0 2 0 6 1 0 0 2 1 0 0 6 0 4 0 0 0 3 0 8 0 2 0 5 0 6 0 5 0 7 1 0 0 4 0 0 0 6 0 8 0 0 0 4 0 6 0 8 0 5 0 1 0 4 0 8 0 1 0 8 0 8 0 2 1 0 0 5 0 3 0 7 0 7 0 6 0 1 0 8 0 6 0 8 0 4 1 0 0 7 1 0 0 6 1 0 0 8 0 2 0 2 0 1 0 5 0 3 0 2 0 6 0 8 0 5 1 0 0 6 0 3 0 1 0 4 0 2 0 8 0 0 0 6 0 0 0 6 1 0 0 6 0 5 0 1 0 1 0 2 0 3 0 5 0 6 0 8 0 4 0 6 0 4 0 0 0 6 0 3 0 6 0 0 0 4 0 6 0 6 0 0 0 2 0 0 0 6 0 2 0 5 0 3 0 3 0 0 0 8 0 1 0 3 0 3 0 7 0 2 0 4 0 8 0 2 1 0 0 4 0 2 0 1 0 2 0 8 0 0 0 3 0 0 0 7 0 8 0 5 0 0 0 6 0 8 0 1 0 2 0 0 0 5 0 6 0 8 0 8 0 7 0 1
0 503 2 0 0 0 1 0 5 0 7 0 6 1 0 0 1 0 4 0 1 0 8 0 4 0 4 0 6 1 0 0 1 0 4 0 5 0 8 0 0 1 0 0 0 0 8 0 2 0 1 0 1 0 1 0 4 0 5 1 0 0 7 1 0 0 7 0 7 0 6 0 4 0 5 0 2 0 7 0 6 0 8 0 2 0 8 0 7 0 1 0 2 0 6 0 0 0 6 0 6 0 5 0 1 1 0 0 7 0 5 0 8 0 4 1 0 0 7 0 3 0 5 1 0 0 0 0 5 0 0 0 2 0 3 0 8 0 8 0 3 0 3 0 1 0 2 0 8 0 0 0 8 0 5 0 1 0 5 1 0 0 7 0 5 0 0 0 2 0 1 0 6 0 5 0 1 0 8 0 7 0 7 0 6 0 5 0 1 0 8 0 8 0 3 0 0 0 1 0 6 0 4 0 2 0 4 0 0 0 4 0 0 1 0 0 1 0 1 0 6 0 4 0 3 0 2 0 4 0 5 0 8 0 5 0 4 0 8 0 3 0 5 0 3 1 0 0 5 1 0 0 2 1 0 0 1 0 7 0 6 0 6 0 1 0 4 0 2 0 6 1 0 0 8 0 1 0 3 0 7 0 1 1 0 0 4 0 8 0 1 0 3 1 0 0 7 0 4 0 7 0 7 0 6 1 0 0 0 0 8 0 5 0 6 0 3 0 4 0 7 0 4 0 8 0 1 0 0 0 6 0 0 0 4 0 0 0 6 0 5 0 4 0 3 0 0 0 7 0 5 0 3 0 8 0 3 0 0 0 2 0 7 0 2 0 8 0 5 0 6 0 2 0 2 0 2 0 4 0 0 0 3 0 1 0 3 0 2 0 4 0 7 0 1 0 4 0 8 0 0 0 3 1 0 0 2 0 2 0 8 0 2 0 1 1 0 0 4 0 3 0 1 0 4 0 1 0 2 0 6 0 0 0 7 0 6 0 1 0 6 0 3 0 6 0 7 0 4 0 5 1 0 0 7 0 6 0 8 0 7 0 4 0 2 0 5 0 6 0 1 0 6 0 1 0 5 0 8 0 1 0 2 0 3 0 7 0 3 0 4 0 1 0 1 0 4 0 8 0 8 0 5 0 3
1 503 4 0 0 0 3 0 1 0 6 0 4 1 0 0 2 0 8 0 3 0 7 0 0 0 0 0 4 1 0 0 2 1 0 0 2 0 7 0 2 0 8 0 0 0 6 0 5 0 2 0 2 0 2 1 0 0 3 0 0 0 6 0 0 0 5 0 6 0 4 0 0 0 1 0 6 0 5 0 4 0 7 0 6 0 7 0 5 0 3 0 5 0 2 0 2 0 3 0 4 0 1 0 4 1 0 0 5 0 2 0 8 0 1 0 0 0 4 0 8 0 1 1 0 0 1 0 0 0 1 0 4 0 7 0 7 0 7 0 7 0 6 0 2 0 5 0 6 0 2 0 7 0 1 0 4 0 2 0 0 0 5 0 1 0 1 0 4 0 3 0 3 0 1 0 4 0 7 0 6 0 6 0 4 0 1 0 4 0 7 0 7 0 7 0 0 0 3 0 2 1 0 0 5 0 8 0 0 0 8 0 1 0 8 0 1 0 3 0 2 1 0 0 7 0 4 1 0 0 2 0 8 0 2 0 0 0 7 0 8 0 0 1 0 0 0 0 1 1 0 0 5 0 8 0 2 0 5 0 4 0 3 0 3 0 8 0 5 0 4 0 0 0 6 0 3 0 7 0 4 0 4 0 8 0 8 0 6 0 3 0 7 1 0 0 5 0 0 0 6 0 6 0 4 1 0 0 1 0 7 0 2 0 3 0 7 1 0 0 6 0 0 0 7 0 3 0 1 0 2 0 1 0 8 0 1 0 3 0 1 1 0 0 7 0 1 0 5 0 1 0 8 0 6 0 7 0 0 0 5 0 4 0 6 0 7 0 2 0 3 0 5 0 4 0 4 0 8 0 0 0 6 0 2 0 6 0 4 1 0 0 5 0 3 1 0 0 7 0 1 0 7 0 8 0 3 0 5 0 6 0 5 0 3 0 8 0 7 0 6 0 2 0 8 0 2 0 5 0 2 0 2 0 5 0 3 0 4 0 2 0 8 0 3 0 6 0 0 0 3 0 0 0 5 0 4 0 8 0 5 1 0 0 6 0 1 0 3 0 4 0 2 0 4 0 1 0 7 0 3 0 4 0 7 0 4 0 7 0 8 0 2 0 2 1 0 0 8 0 8 0 1 0 7
1 503 8 0 0 0 6 0 3 0 3 0 0 1 0 0 5 0 6 0 8 0 4 0 1 0 0 1 0 1 0 0 5 0 8 0 4 0 4 0 6 0 6 0 2 0 3 0 1 0 5 0 4 0 5 0 8 0 5 0 1 0 2 0 2 0 1 0 3 1 0 0 1 0 3 0 3 0 2 0 0 0 6 0 4 0 6 0 1 0 8 0 0 0 5 0 4 0 6 0 8 0 3 0 0 0 0 0 0 0 6 0 6 0 3 0 0 1 0 0 7 0 4 0 8 0 1 0 0 0 2 1 0 0 6 0 6 0 6 0 6 0 3 0 6 0 1 0 3 0 6 0 4 0 3 0 8 0 4 0 1 0 0 0 3 0 2 0 8 0 6 0 6 0 2 1 0 0 6 0 4 0 3 1 0 0 3 1 0 0 6 0 6 0 5 0 1 0 6 0 5 1 0 0 1 0 7 0 2 0 6 0 4 0 6 0 3 0 6 0 5 1 0 0 5 0 0 1 0 0 5 0 6 0 5 0 1 0 5 0 7 0 2 0 7 1 0 0 3 1 0 0 1 0 7 0 6 0 0 1 0 0 7 0 7 0 7 0 1 1 0 0 2 0 2 0 8 0 5 0 0 0 0 0 8 0 8 0 3 0 8 0 6 0 0 0 0 0 2 0 3 0 4 0 0 1 0 0 3 0 4 0 5 0 7 0 6 0 0 0 2 0 2 0 4 0 7 0 2 0 4 0 3 0 6 0 3 0 6 0 3 1 0 0 4 0 4 0 0 0 4 0 7 0 4 0 5 0 2 0 1 0 0 0 4 0 5 0 5 0 7 0 1 0 0 0 0 0 7 0 2 0 2 0 6 0 3 0 1 0 0 0 0 1 0 0 0 0 4 0 4 0 5 0 7 0 8 0 1 0 4 0 1 0 8 0 7 0 6 0 3 0 6 0 6 0 6 0 0 0 5 0 5 0 0 0 7 0 8 0 5 0 6 0 8 0 2 0 1 0 6 0 1 0 1 0 0 0 8 0 3 0 0 0 2 0 3 0 6 0 8 0 4 0 8 0 3 0 4 0 7 1 0 0 6 0 0 0 6 0 7 0 5 0 5 1 0 0 7 0 7 0 4 0 5
0 505 1 0 6 0 2 0 2 0 7 0 6 0 1 1 0 0 1 0 4 0 7 1 0 0 3 0 1 1 0 1 0 0 1 0 8 0 0 0 0 0 4 0 3 0 5 0 6 0 3 0 1 0 0 0 2 0 8 0 1 0 3 0 4 0 4 0 2 0 7 0 8 0 1 0 6 0 6 0 4 0 1 0 3 0 0 0 3 0 4 0 6 0 2 0 1 0 0 0 4 0 7 0 7 0 0 0 0 0 1 0 3 0 3 0 7 0 1 1 0 0 5 0 0 0 7 0 3 0 0 0 5 1 0 0 3 0 4 0 4 0 3 0 8 0 2 0 3 0 7 0 2 1 0 0 8 0 6 1 0 0 3 0 0 0 6 0 5 0 7 0 4 0 3 0 6 1 0 0 2 1 0 0 8 0 8 0 6 1 0 0 3 0 4 0 1 0 4 0 3 0 2 1 0 0 3 0 4 0 6 0 3 0 0 0 3 0 8 0 3 0 3 0 0 0 0 0 2 1 0 0 1 0 4 0 1 0 4 0 1 0 5 0 6 0 5 1 0 0 7 0 8 0 2 0 5 0 3 0 2 1 0 0 5 0 6 0 5 0 4 0 8 0 3 0 5 0 7 0 1 0 1 0 1 0 7 0 7 0 8 0 7 0 3 0 1 0 0 0 4 0 6 0 8 0 1 0 8 0 5 1 0 0 2 0 6 0 3 0 1 0 4 0 4 1 0 0 5 0 5 0 8 0 7 0 2 0 8 0 2 0 8 0 8 0 7 0 8 0 0 1 0 0 6 0 0 0 1 0 5 0 2 0 0 1 0 0 2 0 2 0 5 0 3 0 0 0 1 0 4 0 5 0 5 0 2 0 7 0 2 0 0 0 1 0 7 1 0 1 0 0 0 0 2 0 6 0 7 0 3 0 8 0 3 0 7 0 6 0 3 0 8 0 3 0 4 0 3 0 2 0 1 0 1 0 2 0 5 0 8 0 2 0 4 0 7 0 5 0 3 0 2 0 3 0 2 0 1 0 6 0 7 0 0 0 4 0 7 0 3 0 8 0 0 0 7 0 7 1 0 0 7 0 0 0 2 0 2 0 3 0 6 0 2 0 3 0 0 0 5 0 6 0 0 0 2
0 505 3 0 2 0 5 0 5 0 5 0 3 0 4 0 8 0 1 1 0 0 6 1 0 0 6 0 3 1 0 0 8 0 2 0 6 0 1 0 0 0 8 0 7 0 1 0 3 0 7 0 2 0 0 0 5 0 6 0 3 0 6 0 8 0 8 0 5 0 5 0 7 0 4 0 3 0 3 1 0 0 3 0 6 0 0 0 6 1 0 0 3 0 5 0 2 0 0 1 0 0 6 0 5 0 1 0 0 0 2 0 6 0 7 0 4 0 4 1 0 0 0 0 2 0 4 0 7 0 1 0 1 1 0 0 6 0 8 0 8 0 7 0 6 0 5 0 7 0 4 0 6 1 0 0 7 0 4 1 0 0 6 0 1 0 3 0 2 0 5 1 0 0 8 0 3 1 0 0 5 1 0 0 7 0 8 0 4 1 0 0 6 0 8 0 2 0 8 0 6 0 5 0 8 0 5 1 0 0 3 0 7 0 0 0 7 0 6 0 7 0 6 0 0 0 0 0 5 0 8 0 1 0 8 0 2 0 8 0 3 0 1 0 4 0 3 0 0 0 5 0 7 0 6 0 0 0 7 0 5 1 0 0 1 0 4 0 2 0 0 0 7 0 8 0 1 0 5 0 3 0 2 0 3 0 5 0 6 0 8 0 5 0 7 0 2 0 0 1 0 0 4 0 7 0 4 0 7 0 2 1 0 0 5 0 2 0 7 0 2 1 0 0 1 0 0 0 1 0 2 0 8 0 5 0 6 0 6 0 6 0 7 0 8 0 6 0 7 0 2 1 0 0 2 0 1 0 3 0 0 0 5 0 1 0 8 0 3 0 5 0 0 0 7 0 0 0 2 1 0 0 2 0 1 0 6 0 4 0 5 0 0 0 3 0 6 0 0 0 7 1 0 0 5 0 3 0 5 0 8 0 6 0 8 0 5 0 3 0 8 0 6 0 7 0 8 0 6 0 4 0 2 0 2 0 5 0 1 0 7 0 5 1 0 0 6 0 1 0 7 0 4 0 6 0 4 0 3 0 3 0 5 0 1 1 0 0 5 0 8 0 6 0 2 0 5 0 7 0 0 0 4 0 1 0 4 0 4 0 7 0 2 0 5 0 6 0 1 0 1 0 3 0 1 0 4
1 505 6 0 5 0 1 0 2 0 1 0 7 1 0 0 7 0 4 1 0 0 4 0 0 0 2 1 0 0 0 0 6 0 6 0 2 0 3 0 1 0 7 0 5 0 3 0 7 0 4 0 5 0 1 0 1 0 3 0 8 0 3 0 8 0 8 0 2 0 2 0 5 1 0 0 7 0 7 0 8 0 6 0 2 0 2 0 3 1 0 0 7 0 0 0 5 0 1 1 0 0 3 0 1 0 3 0 0 0 5 0 3 0 6 0 0 0 0 1 0 0 0 0 4 1 0 0 5 0 3 0 3 1 0 0 3 0 8 0 8 0 6 0 4 0 2 0 6 0 0 0 5 0 0 0 5 0 1 0 0 0 2 0 3 0 6 0 5 0 2 0 0 0 6 1 0 0 0 0 2 0 0 0 5 0 8 0 1 0 0 0 3 0 7 0 6 0 7 0 4 0 2 0 8 0 2 1 0 0 7 0 4 0 2 0 5 0 4 0 6 0 3 0 1 0 1 0 1 0 7 0 4 0 6 0 6 0 6 0 7 0 2 0 8 0 6 0 1 0 1 0 6 0 3 0 2 0 5 0 2 1 0 0 2 0 8 0 4 0 1 0 5 0 7 0 4 0 0 0 7 0 4 0 7 0 1 0 4 0 8 0 2 0 5 0 5 0 1 0 8 0 8 0 5 0 0 0 5 0 6 1 0 0 0 0 6 0 4 0 6 0 8 0 1 0 0 0 2 0 5 0 7 0 2 0 4 0 4 0 4 0 6 0 8 0 4 0 5 0 6 0 8 0 3 0 2 0 6 0 1 0 0 0 4 0 6 0 8 0 0 0 2 0 4 0 1 0 5 0 8 0 3 0 3 0 3 0 0 0 1 0 1 0 7 0 2 0 2 0 6 0 0 0 0 0 8 0 1 0 8 0 4 0 8 0 1 0 8 0 7 0 4 0 6 0 8 0 3 1 0 0 5 0 5 0 0 0 4 0 5 0 3 0 0 0 2 0 4 0 5 0 0 0 3 1 0 0 7 0 7 0 0 0 4 1 0 0 1 0 8 0 3 0 6 0 1 0 5 0 1 0 8 0 2 1 0 0 0 0 5 0 6 0 1 0 3 0 3 0 2 0 6 0 2 1 0
1 507 1 0 3 0 1 0 3 0 4 0 3 0 6 0 0 0 5 0 0 1 0 0 8 0 0 0 5 0 8 0 0 0 3 0 3 0 5 0 6 0 3 0 5 0 1 0 8 0 5 0 0 0 1 0 3 0 2 0 7 0 6 0 8 0 7 0 7 0 5 0 5 0 2 0 0 0 5 0 6 0 8 0 3 0 5 0 4 0 7 1 0 0 4 0 2 0 0 0 4 0 8 0 5 0 2 0 6 0 1 0 0 0 8 0 2 0 1 0 1 0 8 0 0 0 0 0 0 0 0 0 7 0 7 0 8 0 6 0 7 0 8 0 3 1 0 0 6 0 2 0 2 0 0 0 2 0 0 0 3 0 0 0 4 0 7 0 3 0 1 0 5 0 1 0 3 1 0 0 0 0 4 0 1 0 1 0 7 0 3 0 0 0 7 0 5 0 4 0 5 1 0 0 6 0 6 0 6 1 0 0 4 1 0 0 6 0 1 0 0 0 3 0 7 0 2 0 2 0 3 0 5 0 0 0 4 0 4 0 4 0 5 0 6 0 7 0 3 0 3 0 3 0 2 0 7 0 5 0 0 0 6 0 8 0 4 0 6 1 0 0 4 0 1 0 5 1 0 0 2 0 5 0 0 0 5 0 3 1 0 0 7 0 6 0 1 0 1 0 4 0 7 0 8 0 1 0 2 0 1 0 4 1 0 0 1 0 3 0 0 0 4 0 7 0 3 0 0 0 5 0 1 0 5 0 5 1 0 0 0 0 0 0 4 0 8 0 0 0 2 0 4 0 7 0 7 0 5 0 2 0 3 0 0 1 0 0 4 0 7 0 1 0 4 0 8 0 3 0 1 0 7 0 7 0 6 0 6 0 0 0 2 0 3 0 4 0 5 0 5 0 2 0 1 0 1 0 6 0 4 0 7 0 0 0 7 0 4 0 7 0 6 0 0 0 4 0 7 1 0 0 0 0 1 0 1 0 1 1 0 0 1 0 7 0 0 0 4 1 0 0 1 0 1 0 7 1 0 0 5 0 5 0 1 1 0 1 0 0 3 0 6 0 8 0 2 0 4 0 0 0 4 0 6 0 6 0 8 0 0 0 1 0 3 0 3 0 6 0 6 0 5 0 2 0 6 0 7
1 507 2 0 6 0 2 0 6 0 8 0 7 0 2 0 2 0 0 0 2 1 0 0 6 0 2 0 1 0 7 0 1 0 6 0 7 0 1 0 3 0 8 0 0 0 4 0 7 0 1 0 1 0 2 0 6 0 5 0 5 0 4 0 8 0 6 0 6 0 2 0 1 0 5 0 1 0 1 0 4 0 7 0 8 0 1 0 0 0 6 1 0 0 8 0 4 0 0 1 0 0 8 0 1 0 6 0 2 0 3 0 1 0 6 0 5 0 2 0 3 0 6 0 1 0 0 0 0 0 1 0 5 0 6 0 8 0 4 0 6 0 7 1 0 0 0 0 2 0 5 0 4 0 0 0 4 0 0 0 6 0 0 1 0 0 5 0 7 0 3 0 0 0 3 0 7 0 7 1 0 0 8 0 2 0 3 0 4 0 7 0 1 0 5 0 2 0 0 0 3 0 0 0 3 0 4 0 5 0 0 0 0 0 0 0 2 0 3 0 0 0 7 0 4 0 5 0 4 0 7 0 0 0 1 1 0 0 0 0 0 0 2 0 4 0 5 0 7 0 6 0 6 0 5 0 5 0 1 0 2 0 3 0 8 0 0 0 4 1 0 0 8 0 3 0 1 1 0 0 5 0 0 0 2 0 0 1 0 0 0 0 5 0 3 0 3 0 2 1 0 0 6 0 7 0 3 0 4 0 2 1 0 1 0 0 2 0 6 0 0 1 0 0 5 0 7 0 1 0 0 0 4 0 1 0 2 1 0 0 0 0 0 1 0 0 7 0 1 0 4 1 0 0 6 0 6 0 1 0 5 0 6 0 1 0 8 0 8 0 4 0 3 1 0 0 7 0 7 0 3 0 5 0 6 0 4 0 3 0 1 0 4 0 6 1 0 0 2 0 1 0 5 0 2 0 3 0 3 0 0 0 5 0 2 0 5 0 0 0 6 0 3 0 1 1 0 0 6 1 0 0 0 0 2 0 2 0 3 0 8 0 2 0 4 0 1 1 0 1 0 0 2 0 3 0 6 0 0 0 1 0 1 0 4 1 0 0 8 0 6 0 3 0 7 0 5 0 8 0 0 1 0 0 4 0 4 0 7 0 1 0 2 0 6 0 7 0 3 0 4 0 1 0 6 0 3 0 6
0 507 5 0 2 0 6 0 3 0 8 0 5 0 5 0 4 0 0 0 5 1 0 0 2 0 5 0 3 0 4 0 4 0 3 0 5 0 3 0 7 0 6 0 1 1 0 0 5 0 3 0 2 0 5 0 3 0 2 0 2 0 0 0 8 0 4 0 3 0 5 0 3 0 0 0 3 0 2 1 0 0 6 0 7 0 3 0 1 0 4 0 0 0 6 1 0 0 2 1 0 0 6 0 4 0 2 0 5 0 6 0 3 0 3 0 1 0 5 0 7 0 2 0 3 0 0 0 0 0 3 0 1 0 4 0 8 0 0 0 4 0 6 1 0 0 0 0 5 0 0 1 0 0 1 0 8 0 1 0 2 0 2 1 0 0 1 0 5 0 7 0 0 0 7 0 5 0 7 0 0 0 6 0 5 0 6 1 0 0 5 0 4 0 0 0 5 0 0 0 6 0 0 0 6 1 0 0 1 0 1 0 0 0 0 0 4 0 6 0 1 0 5 0 0 0 2 0 0 0 5 0 1 0 3 0 7 1 0 0 0 0 4 1 0 0 2 0 6 0 4 0 4 0 2 0 1 0 3 0 4 0 7 0 6 0 2 0 0 0 0 0 6 0 7 0 3 1 0 0 0 0 1 0 4 0 1 0 8 0 0 0 0 0 7 0 6 0 5 1 0 0 3 0 5 0 7 0 8 0 5 1 0 0 8 0 4 0 2 0 2 1 0 0 1 0 5 0 3 0 0 0 8 0 2 0 5 0 7 1 0 0 1 1 0 0 4 0 4 0 0 0 0 0 3 0 3 0 4 0 1 0 3 0 4 0 7 0 7 1 0 1 0 0 0 0 5 0 5 0 8 0 1 0 3 1 0 0 7 0 2 1 0 0 4 1 0 0 4 0 3 0 0 0 5 0 6 0 6 0 1 0 0 0 6 0 0 0 2 0 2 0 7 0 3 1 0 0 3 1 0 0 0 0 4 0 4 0 7 0 6 0 5 0 8 0 3 1 0 0 8 0 3 0 7 0 2 0 1 0 2 0 3 0 0 0 0 0 7 0 3 0 8 0 5 0 2 0 7 0 2 0 8 0 7 1 0 0 5 0 3 0 5 0 3 0 5 0 7 0 8 0 3 0 2 0 8 0 3
1 509 1 0 0 0 6 0 2 0 8 0 7 0 2 0 1 1 0 0 2 0 1 1 0 0 5 0 0 0 7 0 8 0 8 0 7 0 0 0 8 0 5 0 3 0 4 1 0 0 0 0 7 0 5 0 0 0 7 0 4 0 4 0 1 0 6 1 0 0 8 0 0 0 7 0 0 0 6 0 5 1 0 0 3 0 5 0 7 0 2 0 8 0 1 0 3 1 0 0 5 1 0 0 2 1 0 0 6 0 1 0 3 0 7 0 6 0 3 0 1 0 5 0 5 0 6 0 0 0 0 0 6 0 2 1 0 0 7 0 1 1 0 0 4 1 0 0 1 0 0 0 2 0 8 0 2 0 6 0 3 0 4 0 5 0 8 0 2 0 1 0 5 0 2 0 5 0 2 0 5 0 2 0 3 0 2 0 5 0 0 0 0 1 0 0 2 0 0 0 2 0 2 0 2 0 3 1 0 0 2 0 2 0 0 0 0 1 0 0 3 0 4 0 0 0 1 0 4 0 1 0 0 0 3 0 7 0 5 1 0 0 0 1 0 1 0 0 5 0 2 1 0 1 0 0 5 0 2 0 6 1 0 0 6 0 3 0 5 0 0 0 1 0 3 0 5 0 8 0 7 1 0 0 2 0 8 0 3 0 6 0 1 0 1 0 5 0 4 0 2 1 0 0 7 0 1 0 6 0 8 0 3 0 0 0 6 1 0 0 5 0 5 0 8 0 2 0 0 0 7 0 1 0 6 0 6 0 1 0 6 1 0 0 3 0 8 0 7 0 8 0 0 0 0 0 6 0 6 0 8 0 2 0 6 1 0 0 6 0 7 0 0 0 8 0 0 0 1 0 2 0 7 0 3 0 7 1 0 0 4 0 6 0 8 0 8 0 8 0 7 0 6 0 1 0 1 0 4 0 3 0 3 0 1 0 2 0 1 0 4 0 5 0 4 0 8 0 8 0 6 0 7 1 0 1 0 0 0 0 6 0 4 0 2 0 7 1 0 0 0 0 6 0 8 0 4 0 5 0 2 0 4 0 6 0 0 0 1 0 4 0 8 0 7 0 1 0 6 0 4 0 6 0 7 0 7 0 0 0 0 0 8 0 0 0 8 0 1 0 6 0 7 0 7 0 5 0 6 0 7
1 509 2 0 1 0 2 0 6 0 7 0 5 0 5 0 3 0 8 0 3 0 3 1 0 0 0 0 2 0 5 0 8 0 8 0 5 0 2 0 7 0 1 0 7 1 0 1 0 0 1 0 5 0 1 0 2 0 4 1 0 1 0 0 4 0 4 0 0 0 6 0 2 0 4 0 2 0 3 0 2 1 0 0 7 0 1 0 5 0 6 0 6 0 3 0 7 1 0 0 1 1 0 0 5 1 0 0 2 0 3 0 7 0 5 0 3 0 7 0 3 0 1 0 2 0 3 0 1 0 1 0 2 0 6 1 0 0 4 0 4 0 8 0 8 0 8 0 1 0 0 0 5 0 6 0 6 0 2 0 7 1 0 0 2 0 7 0 5 0 3 0 0 0 6 0 0 0 6 0 0 0 5 0 6 0 5 0 0 0 1 0 1 0 8 0 3 0 0 0 4 0 4 0 4 0 7 0 8 0 3 0 4 0 0 0 1 0 8 0 5 0 8 0 0 0 2 0 8 0 2 0 0 0 7 0 5 0 2 1 0 0 1 1 0 1 0 0 0 0 6 1 0 1 0 0 0 0 6 0 4 0 0 0 2 0 8 0 0 0 1 0 2 0 7 0 1 0 8 0 6 1 0 0 5 0 6 0 8 0 2 0 3 0 3 0 0 1 0 0 6 1 0 0 4 0 4 0 3 0 7 0 7 0 1 0 4 0 0 0 1 0 2 0 7 0 5 0 1 0 4 0 4 0 3 0 3 0 4 0 3 1 0 0 7 0 7 0 6 0 7 0 1 0 1 0 3 0 4 0 7 0 6 0 4 0 0 0 3 0 5 0 2 0 6 0 1 0 2 0 5 0 4 0 8 0 5 1 0 1 0 0 4 0 8 0 8 0 8 0 6 0 3 0 3 0 2 0 8 0 6 0 6 0 2 0 4 0 2 1 0 0 2 0 0 0 8 0 8 0 4 0 7 0 0 0 8 0 0 0 2 1 0 0 6 0 5 1 0 0 1 0 3 0 8 0 0 0 1 0 5 1 0 0 3 0 1 0 2 1 0 0 8 0 5 0 4 0 3 0 0 0 4 0 6 0 5 0 1 0 1 0 6 0 2 0 6 0 4 0 3 0 6 0 6 0 2 0 4 0 6
0 509 4 0 2 0 5 0 3 0 6 0 2 0 1 0 8 0 6 0 7 0 7 0 7 1 0 0 5 0 1 0 8 0 8 0 1 0 6 0 4 0 4 0 6 0 0 0 8 0 2 0 0 0 3 0 5 0 0 0 0 0 8 0 7 0 8 0 1 0 2 0 5 0 8 0 4 0 6 0 5 1 0 0 4 0 4 0 1 0 4 0 3 0 8 0 5 1 0 0 3 1 0 0 1 1 0 0 4 0 7 0 5 0 1 0 8 0 4 0 7 0 2 0 4 0 6 0 2 0 2 0 5 0 3 1 0 1 0 0 0 0 8 0 8 0 7 0 3 0 1 0 1 0 4 0 3 0 6 0 5 1 0 0 5 0 5 0 1 0 7 0 1 0 2 0 2 0 2 0 2 0 1 0 4 0 1 0 1 0 2 0 3 0 6 0 7 0 0 1 0 0 0 0 0 0 6 0 7 0 7 0 8 0 0 0 3 0 7 0 2 0 7 0 1 0 5 0 6 0 5 0 1 0 5 0 1 0 6 0 8 0 2 1 0 0 8 0 0 0 4 0 0 0 8 0 0 0 2 1 0 0 1 0 5 0 6 0 1 0 2 0 5 0 4 0 4 0 7 0 5 0 0 0 1 0 4 0 7 0 5 0 6 0 6 0 1 1 0 0 3 1 0 0 8 0 8 0 7 0 5 0 5 0 3 0 8 0 0 0 2 0 5 0 5 0 1 0 3 0 8 0 8 0 6 0 6 0 8 0 7 1 0 0 5 0 6 0 4 0 5 0 3 0 2 0 6 1 0 0 6 0 3 1 0 0 1 0 7 0 0 0 6 0 2 0 3 0 5 0 1 0 0 0 8 0 3 0 0 0 8 0 8 0 7 0 8 0 8 0 3 0 7 0 6 0 5 0 7 0 4 0 3 0 5 0 8 0 5 0 8 0 3 0 1 0 7 0 8 0 0 0 5 0 2 0 6 0 1 0 5 1 0 0 3 0 2 1 0 0 2 0 7 0 6 0 1 0 3 0 1 1 0 0 6 0 2 0 5 1 0 0 7 0 1 1 0 0 7 0 0 1 0 0 4 0 1 0 3 0 3 0 2 0 6 0 2 1 0 0 8 0 3 0 3 0 5 1 0 0 4
1 509 8 0 5 0 0 0 8 0 2 0 5 0 3 0 7 0 4 0 6 0 6 0 7 0 0 0 0 0 4 0 7 0 7 0 4 0 3 0 0 0 0 0 3 0 2 0 6 0 5 0 0 0 7 0 0 0 1 0 1 0 7 0 6 0 7 0 3 0 5 0 1 0 8 0 0 0 4 0 2 1 0 0 8 0 8 0 2 0 8 0 7 0 7 0 2 1 0 0 7 0 8 0 2 0 8 0 8 0 5 0 1 0 4 0 7 0 0 0 5 0 5 1 0 0 3 0 5 0 5 0 0 1 0 0 0 0 8 0 0 0 7 0 8 0 5 0 7 0 2 0 2 0 8 0 7 0 3 0 3 0 0 0 1 0 1 0 4 0 4 0 3 0 4 0 4 0 4 0 4 0 2 0 8 0 2 0 2 0 4 0 7 0 3 0 5 0 2 0 7 1 0 0 1 0 3 0 6 0 6 0 7 0 1 0 7 0 4 0 6 0 4 0 4 0 1 0 4 0 1 0 4 0 0 0 4 0 3 0 7 0 6 1 0 0 6 0 1 0 8 0 1 0 6 0 1 0 5 0 8 0 2 0 1 0 3 0 3 0 5 0 1 0 0 0 0 0 6 0 1 0 1 0 2 1 0 0 6 0 2 0 4 0 3 0 4 0 8 0 6 1 0 0 7 0 8 0 6 0 2 0 1 0 8 0 6 0 1 0 5 0 1 0 1 0 3 0 7 0 7 0 8 0 4 0 4 0 8 0 7 0 0 0 1 0 4 0 0 0 1 0 7 0 5 0 4 0 0 0 2 0 8 0 8 0 2 0 4 0 2 0 2 0 5 0 7 0 0 0 3 0 1 0 6 0 7 0 1 0 7 0 8 0 6 0 8 0 7 0 8 0 5 0 4 0 2 0 5 1 0 0 8 0 1 0 8 0 2 0 7 0 7 0 3 0 5 0 7 0 2 0 0 0 6 0 2 0 4 0 1 1 0 0 6 0 5 0 8 0 4 0 5 0 3 0 3 0 6 0 3 1 0 0 2 0 6 0 2 0 0 0 4 0 4 1 0 0 4 0 2 0 8 0 7 0 2 0 6 0 6 0 5 0 2 0 6 1 0 0 6 0 7 0 7 0 1 1 0 1 0
1 511 1 0 7 0 1 0 2 0 6 0 6 0 0 0 8 0 5 0 0 0 4 0 4 0 5 0 1 0 0 1 0 0 6 0 5 1 0 0 7 0 0 0 0 0 6 0 5 0 3 0 1 0 2 0 4 0 1 0 2 0 3 0 5 0 4 0 5 0 8 0 0 0 4 0 6 0 1 0 8 0 5 1 0 0 7 0 7 0 6 0 7 0 6 0 5 0 6 1 0 0 5 0 7 0 6 0 7 0 8 0 1 0 3 1 0 0 5 0 2 0 1 0 2 1 0 0 7 0 1 0 1 0 2 0 8 0 0 0 6 0 2 0 5 0 8 0 2 0 5 0 5 0 5 0 7 0 5 0 7 0 6 0 0 0 2 0 2 0 8 0 8 0 6 0 8 0 8 0 8 0 8 0 5 0 6 0 5 0 4 1 0 0 5 0 8 0 0 0 6 0 5 1 0 0 2 0 7 0 3 0 4 0 5 0 4 0 5 0 0 0 3 1 0 1 0 0 3 0 8 0 2 0 8 0 0 0 8 0 7 0 5 0 5 0 0 0 2 0 4 0 6 0 4 0 2 0 4 0 1 0 7 0 5 0 2 0 6 0 7 0 0 0 3 0 0 0 1 0 2 0 3 0 2 0 5 1 0 0 2 0 5 0 8 0 6 1 0 0 8 0 5 0 0 0 5 0 8 0 3 0 5 0 3 0 7 0 3 0 4 0 0 0 3 0 2 0 7 0 5 0 6 0 8 0 0 0 0 0 8 0 5 0 1 0 2 0 8 0 0 0 3 0 5 0 1 1 0 0 1 0 5 0 7 0 7 0 5 0 8 0 4 0 5 0 1 0 5 0 1 0 6 0 3 0 3 0 5 0 4 0 5 0 8 0 4 0 8 0 6 0 8 0 1 1 0 0 6 0 2 0 0 0 6 0 4 0 6 0 6 0 5 0 5 0 8 0 1 0 5 0 5 0 1 0 2 0 5 0 8 0 3 1 0 0 3 0 2 0 8 0 0 0 1 0 7 0 7 0 2 0 8 0 8 0 4 0 2 0 5 0 0 1 0 0 0 1 0 0 8 0 5 0 7 0 5 0 6 0 3 0 4 0 1 0 6 0 4 0 0 0 3 0 6 0 5 0 4 1 0 0 7
1 511 3 0 4 0 3 0 5 0 3 0 3 0 2 0 7 0 1 0 1 1 0 0 0 0 1 0 3 0 1 1 0 0 3 0 3 0 0 0 4 0 1 0 1 0 3 0 1 0 7 0 2 0 4 0 8 0 2 0 4 0 7 0 1 0 0 0 2 0 7 0 1 1 0 0 3 0 4 0 7 0 3 0 0 0 5 0 6 0 4 0 6 0 4 0 2 0 5 0 0 0 1 0 6 0 4 0 6 0 7 0 3 0 7 1 0 0 0 0 5 0 2 0 5 1 0 0 4 0 3 0 2 0 5 0 6 0 2 0 2 0 6 0 1 0 7 0 6 0 1 0 2 0 2 0 6 0 2 0 6 0 3 0 1 0 4 0 5 0 7 0 8 0 4 0 8 0 8 0 8 0 8 0 2 0 4 0 2 0 1 0 0 0 1 0 7 0 2 0 3 0 2 1 0 0 5 0 4 0 7 1 0 0 2 0 0 0 1 0 1 0 7 1 0 0 8 0 6 0 6 0 6 0 6 0 2 0 7 0 6 0 2 0 1 0 1 0 4 1 0 0 3 1 0 0 5 0 8 0 3 0 5 0 1 0 6 0 3 0 5 0 1 0 6 0 0 0 2 0 4 0 6 0 5 0 1 1 0 0 5 0 1 0 8 0 5 0 0 0 7 0 1 0 2 0 1 0 7 0 8 0 0 0 8 0 4 0 7 0 8 0 0 0 6 0 5 0 5 0 2 0 4 0 7 0 1 0 1 0 7 0 1 0 3 0 5 0 6 0 1 0 7 0 0 0 4 0 8 0 2 0 1 0 6 0 6 0 2 0 8 0 0 0 1 0 4 0 0 0 4 0 2 0 7 0 7 0 1 0 0 0 2 0 8 0 0 0 8 0 4 0 7 0 4 1 0 0 2 0 5 0 1 0 3 0 0 0 4 0 4 0 2 0 2 0 7 0 4 0 1 0 1 0 3 0 5 0 1 0 7 0 8 0 8 0 5 0 5 0 6 0 1 0 3 0 5 0 5 0 6 0 7 0 7 1 0 0 6 0 0 0 2 0 8 0 0 1 0 0 7 0 2 0 6 0 2 0 3 0 7 0 8 0 3 0 2 1 0 0 1 0 7 0 3 0 2 0 1 0 0 0 5
0 511 6 0 8 0 7 0 0 0 7 0 6 0 5 0 4 0 3 0 3 0 7 1 0 0 2 0 6 0 3 0 8 0 5 0 6 0 0 0 8 0 2 0 2 0 6 0 3 0 4 0 5 1 0 0 7 0 5 1 0 0 5 0 3 0 0 0 5 0 4 0 4 0 8 0 5 1 0 0 5 0 7 0 1 0 1 0 4 0 0 0 3 1 0 0 6 0 0 0 1 0 3 0 3 0 0 0 4 0 5 0 8 0 5 1 0 0 1 0 0 0 6 0 1 1 0 0 8 0 6 0 5 0 1 0 3 0 5 0 5 0 2 0 4 0 5 0 3 0 3 0 4 0 5 0 2 0 6 0 2 0 7 0 2 1 0 0 2 0 6 0 8 0 0 0 8 0 8 0 8 0 7 0 5 0 8 0 4 0 2 0 0 0 3 0 4 0 5 0 6 0 5 1 0 0 1 0 0 0 6 1 0 0 4 0 0 0 2 0 3 0 6 0 0 0 7 0 4 0 4 0 4 0 3 0 6 0 5 0 3 0 5 0 2 0 2 1 0 1 0 0 7 1 0 0 1 0 7 0 8 0 0 0 4 0 2 0 8 0 0 0 4 0 2 0 1 0 4 1 0 0 4 0 1 0 4 1 0 0 0 0 4 0 7 0 1 0 2 0 4 0 3 0 4 0 3 0 5 0 7 0 2 0 7 0 0 0 6 0 7 0 2 0 3 0 2 0 1 0 5 1 0 0 5 0 3 0 3 0 4 0 3 0 7 0 1 0 3 0 4 0 4 0 1 1 0 0 7 0 5 0 3 0 3 0 3 0 6 0 6 0 1 0 2 0 8 0 0 0 8 0 5 0 5 0 5 0 3 0 0 0 5 0 6 0 2 0 7 0 0 0 6 0 0 1 0 0 5 0 0 0 3 0 6 0 0 0 8 0 8 0 4 0 5 0 4 1 0 0 3 0 2 0 7 0 0 0 4 0 5 0 8 0 8 0 2 0 2 0 3 0 3 0 7 0 1 0 2 0 4 0 6 0 7 0 0 0 2 0 1 0 5 0 6 0 2 1 0 0 4 0 6 0 2 0 5 0 7 0 5 0 7 0 7 0 5 0 8 0 2 0 4 0 7 0 4 0 2 0 1 0 1
0 513 1 0 3 0 8 0 5 0 2 0 5 0 4 0 1 1 0 0 7 0 7 0 5 1 0 0 5 0 2 0 8 0 7 0 2 0 3 0 2 0 6 0 5 0 5 0 2 0 7 1 0 0 3 0 0 0 5 0 3 0 0 0 0 0 7 0 1 0 1 0 0 0 0 0 8 0 3 0 0 0 1 0 5 0 3 0 2 0 8 0 0 0 7 1 0 0 2 0 1 0 2 0 6 0 6 0 0 1 0 0 2 0 8 0 2 1 0 0 2 0 1 0 2 0 4 1 0 0 7 0 4 0 1 0 3 0 7 0 1 0 1 0 5 1 0 0 1 0 7 0 6 1 0 0 1 0 6 0 2 0 6 0 4 0 6 0 8 0 4 0 3 0 7 0 2 0 7 0 8 0 8 0 6 0 2 0 7 1 0 0 5 0 0 0 6 1 0 0 2 0 4 0 2 1 0 0 2 0 1 0 3 1 0 0 8 0 0 0 4 0 7 0 2 0 2 0 4 1 0 1 0 1 0 0 8 0 3 0 1 0 8 0 0 0 5 0 5 1 0 1 0 0 5 1 0 0 3 0 5 0 7 0 1 0 8 0 5 0 6 0 1 0 8 0 4 0 2 1 0 1 0 0 8 0 2 1 0 1 0 0 0 1 0 0 5 0 3 0 4 0 8 0 6 0 8 0 7 0 1 0 5 0 6 0 4 0 2 0 3 0 5 0 5 0 6 0 4 0 3 0 2 0 0 0 0 0 7 0 6 0 8 0 7 0 4 0 3 0 6 0 8 0 8 0 3 1 0 0 5 0 1 0 7 0 6 0 7 0 3 0 3 0 3 0 5 0 6 0 2 0 7 0 2 0 2 0 1 0 7 0 1 0 1 0 3 0 6 0 4 0 2 0 2 0 2 1 0 0 0 0 1 0 7 0 2 0 2 0 7 0 8 0 0 0 2 0 0 1 0 0 6 0 5 0 4 0 1 1 0 0 2 0 8 0 7 0 5 0 4 0 6 0 7 0 4 0 3 0 4 1 0 0 4 0 5 0 1 0 4 0 3 0 1 0 3 0 6 0 8 0 8 0 2 0 6 0 1 0 6 0 2 0 6 0 6 0 2 0 7 0 5 1 0 0 5 1 0 0 5 0 2 0 2
1 513 2 0 7 0 7 0 1 0 6 0 0 1 0 0 4 1 0 0 5 0 6 0 3 0 0 0 0 0 6 0 7 0 5 0 5 0 6 0 5 0 3 0 2 0 1 0 6 0 5 1 0 0 6 0 1 0 0 0 7 0 0 0 1 0 4 0 3 0 2 0 0 0 1 0 6 0 7 0 0 0 3 0 0 0 7 0 5 0 6 0 2 0 5 1 0 0 4 0 2 0 5 0 3 0 3 0 2 0 8 0 4 0 6 0 6 0 8 0 3 0 2 0 5 0 0 0 0 0 4 1 0 0 3 0 7 0 4 0 3 0 3 0 1 1 0 0 3 0 5 0 4 1 0 0 3 0 2 0 6 0 3 0 0 0 4 0 7 1 0 0 8 0 4 0 6 0 5 0 8 0 8 0 3 0 6 0 6 0 0 0 0 0 2 0 3 1 0 0 4 0 8 0 5 0 8 0 3 0 2 0 7 1 0 0 6 0 1 1 0 0 5 0 5 0 5 0 0 0 0 1 0 1 0 0 6 0 7 0 3 0 6 0 2 0 1 0 3 0 0 1 0 0 1 1 0 0 7 0 1 0 5 0 4 0 7 0 2 0 3 0 4 0 6 1 0 0 6 1 0 1 0 0 6 0 6 1 0 0 8 0 0 1 0 0 0 0 7 1 0 0 8 0 4 0 8 0 5 0 4 0 1 0 3 1 0 0 5 0 7 0 1 0 2 0 3 1 0 0 7 0 4 0 0 0 1 0 5 0 4 0 8 0 5 1 0 0 8 0 3 0 8 0 7 1 0 0 0 0 0 0 4 0 5 0 4 0 5 0 7 0 6 0 7 0 1 0 3 0 6 0 4 0 5 0 4 0 3 0 4 0 3 0 2 0 7 0 2 1 0 0 5 0 4 0 5 0 7 1 0 0 3 0 4 0 5 0 5 0 5 0 7 0 1 0 4 0 1 1 0 0 3 0 1 1 0 0 4 0 8 0 4 0 7 0 6 0 2 0 0 0 4 0 5 1 0 0 7 1 0 1 0 1 0 0 1 0 3 0 8 0 6 0 2 0 7 0 3 0 8 0 7 0 6 0 2 0 4 0 2 0 6 0 3 0 3 0 6 0 5 0 3 0 0 0 2 0 0 0 0 0 5 0 4
0 513 5 0 5 0 5 0 4 0 2 0 2 1 0 0 0 0 0 0 1 0 3 0 7 0 0 0 1 0 3 0 6 0 2 0 2 0 4 0 1 0 7 0 4 0 3 0 3 0 3 0 0 0 2 0 3 0 1 0 4 0 1 0 2 0 8 0 6 0 4 0 0 0 3 0 3 0 5 0 1 0 6 0 1 0 5 0 2 0 3 0 6 0 1 1 0 0 8 0 5 0 0 0 7 0 6 0 5 0 7 0 0 0 4 0 4 0 7 0 7 0 5 0 0 0 1 0 0 1 0 1 0 0 7 0 4 1 0 0 7 0 6 0 3 0 8 0 6 0 1 0 0 1 0 0 6 0 5 0 2 0 7 0 0 1 0 0 7 0 0 0 7 0 0 0 4 0 2 0 8 0 7 0 8 0 3 0 3 0 1 0 0 0 4 0 7 0 8 0 8 0 7 0 2 0 7 0 7 0 5 0 6 0 0 0 2 0 4 1 0 0 1 0 2 0 1 0 1 0 1 1 0 1 0 0 3 0 5 0 8 0 2 0 5 0 2 0 6 0 1 0 8 0 2 1 0 0 4 0 4 0 1 0 0 0 5 0 5 0 6 1 0 0 5 0 0 0 4 0 0 1 0 0 3 0 5 0 0 0 6 0 2 0 8 0 0 0 6 0 0 0 7 0 0 0 8 0 1 1 0 0 3 0 7 1 0 0 1 0 5 0 3 0 4 0 7 1 0 0 4 1 0 0 1 0 3 0 1 0 0 0 8 0 3 0 0 0 6 0 8 0 7 0 6 1 0 0 0 0 0 1 0 0 2 0 0 0 2 0 6 0 4 0 5 0 3 0 7 0 3 0 0 0 1 1 0 0 7 0 8 0 6 0 5 0 4 0 6 1 0 0 1 0 0 0 2 0 6 1 0 0 6 1 0 0 2 0 2 0 2 0 5 0 3 0 8 0 3 0 8 0 5 0 3 0 8 0 8 0 7 0 0 0 6 0 3 0 5 0 0 1 0 0 3 0 0 0 6 0 0 1 0 0 8 0 1 0 7 0 7 0 3 0 6 0 4 0 8 0 7 0 6 0 3 0 5 0 8 0 5 0 2 0 7 0 7 0 3 0 1 0 7 0 0 0 4 0 0 0 1 0 1 0 0
0 515 1 0 1 0 2 0 1 1 0 0 5 0 5 0 7 1 0 0 0 0 2 0 7 0 4 0 1 0 2 0 7 0 2 0 5 0 4 0 8 0 3 0 4 1 0 0 7 0 6 0 6 0 0 0 4 0 6 0 2 0 8 0 2 0 5 0 7 0 3 1 0 0 1 0 6 0 7 0 0 0 4 0 2 0 4 0 0 0 5 0 7 0 2 0 4 1 0 0 7 0 1 0 2 0 5 0 4 0 2 0 5 0 1 1 0 0 0 0 6 0 6 0 1 0 1 0 2 0 1 1 0 1 0 0 5 0 1 0 0 0 5 0 3 0 8 0 7 0 3 0 3 0 1 1 0 0 3 0 1 0 6 0 4 0 2 1 0 0 4 0 2 0 4 0 1 0 8 0 5 0 7 0 6 0 7 0 7 0 6 0 2 0 0 1 0 0 6 0 8 0 8 0 5 0 6 0 5 0 6 0 2 0 3 0 1 0 4 1 0 1 0 0 2 0 4 0 2 0 2 0 3 1 0 0 8 0 6 0 1 0 7 0 6 0 0 0 6 0 2 0 4 0 6 0 6 0 8 0 7 0 8 0 2 0 1 0 1 0 2 0 5 0 0 0 0 0 1 0 8 0 1 0 8 0 6 0 0 0 2 0 2 0 6 0 6 0 2 0 2 0 2 0 4 0 2 0 6 0 4 0 8 0 6 0 5 1 0 0 3 0 0 0 7 1 0 0 6 1 0 1 0 1 0 0 2 0 6 0 2 0 1 0 6 0 7 0 1 0 3 0 8 0 6 0 4 1 0 0 0 0 1 0 8 0 3 0 0 0 5 0 3 0 0 0 1 0 8 0 4 0 7 0 0 0 3 1 0 0 5 0 8 0 4 0 2 0 0 0 4 1 0 0 2 0 0 0 5 0 4 0 0 0 3 1 0 0 4 0 4 0 5 0 0 0 8 0 6 0 8 0 7 0 1 0 8 0 7 0 8 0 5 0 2 0 2 0 8 0 0 0 2 0 8 0 5 0 1 0 2 0 2 1 0 0 6 0 4 0 5 0 5 0 8 0 3 0 0 0 8 0 6 0 3 0 8 0 1 0 8 0 1 0 6 0 5 0 5 0 7 0 3 0 4 0 1 0 8 0 0 0 2 0 2 0 0
0 515 2 0 2 0 4 0 3 1 0 0 1 0 2 0 6 1 0 0 0 0 5 0 4 1 0 0 3 0 5 0 4 0 6 0 1 0 0 0 7 0 8 0 0 0 0 0 5 0 4 0 3 0 1 1 0 0 3 0 6 0 6 0 6 0 1 0 5 0 8 0 8 0 2 0 3 0 5 0 1 0 8 0 4 0 8 0 1 0 1 0 5 0 6 0 0 0 0 0 4 0 3 0 5 0 0 1 0 0 6 0 0 0 4 0 8 0 0 0 3 0 3 0 3 0 2 0 4 0 3 1 0 1 0 0 0 0 3 0 1 0 0 0 8 0 7 0 5 0 7 0 6 0 3 0 8 0 5 0 3 0 2 1 0 0 6 0 8 0 7 0 4 0 8 0 3 0 7 0 2 0 6 0 4 0 6 0 6 0 3 0 5 0 1 1 0 0 3 0 8 0 8 0 2 0 4 0 2 0 3 0 5 0 6 0 3 0 0 0 0 0 8 0 3 0 8 0 4 0 4 0 7 1 0 0 7 0 3 0 4 0 5 0 3 0 2 0 2 0 5 1 0 0 4 0 4 0 8 0 6 0 7 0 5 0 2 0 2 0 5 0 0 0 1 0 0 0 3 0 6 0 4 0 7 0 3 0 1 0 4 0 5 0 3 0 3 0 5 0 4 0 4 0 8 0 5 0 3 0 0 0 8 0 4 0 2 1 0 0 6 0 1 0 6 0 0 0 4 0 0 1 0 0 8 0 4 0 2 0 5 0 3 0 3 0 5 0 3 0 7 0 7 0 4 0 0 1 0 0 0 0 3 0 6 0 7 0 1 0 0 0 7 0 0 0 3 0 7 0 0 0 5 0 1 0 7 1 0 0 1 0 7 1 0 0 5 0 0 1 0 1 0 0 4 0 1 0 0 1 0 0 1 0 7 0 8 0 7 1 0 0 1 0 2 0 7 0 4 0 8 0 5 0 4 0 7 0 6 0 8 0 1 0 5 0 5 0 6 0 1 0 5 0 7 0 1 0 3 0 4 0 5 1 0 0 3 0 0 0 2 0 2 0 7 0 7 0 1 0 7 0 3 0 8 0 6 0 4 0 6 0 4 0 3 0 2 0 2 0 5 0 7 0 8 0 3 0 6 0 1 0 4 0 4 0 0
0 515 4 0 4 0 8 0 7 0 8 0 1 0 5 0 3 1 0 0 1 0 1 0 0 1 0 0 7 0 1 0 0 0 3 0 3 0 1 0 5 0 7 0 1 0 1 0 0 1 0 0 7 0 3 0 8 0 6 0 3 0 4 0 3 0 4 0 1 0 8 0 7 0 5 0 7 0 0 0 4 0 7 0 0 0 7 0 3 0 3 0 1 0 3 0 1 0 0 0 8 0 7 0 0 0 2 1 0 0 2 0 1 1 0 0 7 0 1 0 6 0 6 0 6 0 4 0 8 0 7 1 0 0 7 1 0 0 6 0 2 0 1 0 7 0 6 0 2 0 6 0 3 0 8 0 7 0 1 0 7 0 5 1 0 0 3 0 8 0 6 0 0 0 7 0 8 0 4 0 6 0 3 0 0 0 4 0 3 0 8 0 0 0 4 0 8 0 6 0 7 0 7 0 5 0 8 0 4 0 7 0 1 0 3 0 7 0 0 0 1 0 6 0 8 0 7 0 0 0 0 0 7 0 0 0 4 0 7 1 0 0 1 0 7 0 4 0 5 0 1 1 0 1 0 0 0 0 8 0 4 0 6 0 1 0 5 0 5 0 0 0 1 0 2 0 0 0 7 0 3 0 0 0 5 0 7 0 2 1 0 0 1 0 7 0 7 0 1 0 0 0 0 0 8 0 1 0 7 0 1 0 6 1 0 0 6 1 0 0 2 0 4 0 2 0 1 0 8 0 1 1 0 0 6 1 0 0 6 0 0 0 7 0 7 0 0 0 8 0 5 0 5 1 0 0 2 0 7 1 0 0 7 0 3 0 5 0 3 0 1 0 4 0 1 0 7 0 4 0 2 0 0 0 4 0 5 1 0 0 3 0 6 0 0 0 0 0 2 1 0 0 8 0 7 0 2 0 1 0 8 0 2 0 5 0 8 0 6 1 0 0 2 0 5 0 5 0 0 0 8 0 2 0 0 0 6 0 4 0 7 0 4 0 1 0 2 0 3 0 4 0 1 0 5 0 3 0 6 1 0 0 2 1 0 0 6 0 0 0 4 0 5 0 5 0 5 0 4 0 4 0 8 0 7 0 4 0 0 0 3 1 0 0 7 0 4 0 5 0 1 0 6 0 7 0 8 0 2 0 3 0 8 0 8 0 0
0 516 1 0 0 0 0 8 0 6 0 7 0 4 0 0 0 8 0 8 0 1 0 2 0 1 1 0 0 4 0 3 0 0 0 6 0 6 0 3 0 1 0 5 0 3 0 2 0 1 1 0 0 4 0 8 0 7 0 3 0 7 0 8 0 6 0 8 0 3 0 7 0 6 0 2 0 5 0 1 1 0 0 5 0 2 0 4 0 7 0 6 0 2 0 6 0 2 0 1 0 7 0 5 0 1 0 5 0 8 0 3 0 3 1 0 0 4 0 4 0 3 0 4 0 4 0 0 0 8 0 7 0 0 0 6 0 0 0 2 0 5 0 3 0 5 0 3 0 6 0 2 0 8 0 7 0 5 0 4 0 5 0 2 1 0 0 7 0 7 0 3 0 2 0 5 0 8 0 0 0 3 0 7 0 0 0 8 0 7 0 6 0 1 1 0 0 8 0 4 0 6 0 6 0 2 0 8 0 0 0 5 0 3 0 7 0 4 0 1 0 3 0 3 0 8 0 5 0 1 0 1 0 4 0 1 1 0 0 6 1 0 0 3 0 5 0 0 0 1 0 4 1 0 0 8 0 0 0 7 0 0 0 3 0 4 0 1 0 1 0 1 0 2 0 4 0 1 0 4 0 7 0 1 0 1 0 5 0 6 0 8 0 2 0 5 0 5 0 3 0 0 0 1 0 6 0 4 0 4 0 4 0 4 0 0 0 3 1 0 0 4 0 8 0 4 0 3 0 6 0 4 1 0 0 4 0 0 0 2 0 2 0 5 0 5 0 2 0 7 0 2 0 2 1 0 0 5 0 6 0 0 0 4 0 8 0 0 0 7 0 2 0 8 0 3 0 4 1 0 0 5 0 0 1 0 0 2 1 0 0 7 0 2 0 1 0 0 0 5 1 0 0 7 0 5 0 5 0 3 0 6 0 6 0 1 0 8 0 4 1 0 0 5 0 1 0 1 0 2 0 6 0 5 0 1 0 3 0 0 0 5 1 0 0 3 0 4 0 6 0 8 0 3 0 0 0 8 0 3 1 0 0 5 1 0 0 2 0 1 1 0 0 2 0 2 0 2 0 0 0 0 0 8 0 5 1 0 0 1 0 7 1 0 0 5 0 0 0 1 0 4 0 3 0 6 0 7 0 5 0 7 0 7 0 7 0 1
0 517 1 0 8 0 0 0 7 0 4 0 5 1 0 0 2 0 7 0 7 0 3 0 4 0 3 0 8 0 7 0 6 0 1 0 3 0 3 0 7 0 3 0 0 0 7 0 4 0 3 0 8 0 8 0 7 0 5 0 8 0 5 0 8 0 4 0 7 0 8 0 5 0 3 0 6 0 0 0 4 1 0 0 0 0 5 1 0 0 6 0 3 0 6 0 2 0 5 0 3 0 5 0 1 0 4 0 1 0 7 0 7 0 7 0 8 0 7 0 8 0 6 0 8 0 8 0 1 0 7 0 5 0 2 0 2 0 1 0 5 0 0 0 8 0 0 0 8 0 2 0 6 0 7 0 6 0 2 0 0 0 1 0 6 1 0 0 5 0 5 0 7 0 5 0 1 0 7 0 1 0 7 0 4 0 2 0 7 0 6 0 3 0 4 1 0 0 7 0 0 0 4 0 3 0 6 0 6 0 2 0 0 0 8 0 4 1 0 0 3 0 6 0 7 0 7 0 1 0 3 0 2 0 8 0 3 1 0 0 3 1 0 0 7 0 0 0 1 0 3 0 0 0 0 0 6 0 2 0 4 0 1 0 6 0 8 0 2 0 2 0 2 0 4 0 8 0 2 1 0 0 5 0 3 0 3 0 1 0 4 0 7 0 6 0 1 0 1 0 7 0 0 0 3 0 2 1 0 1 0 1 0 1 0 0 1 0 7 0 8 0 8 0 6 1 0 0 8 0 3 0 0 1 0 0 8 0 0 0 4 0 5 0 1 0 1 0 6 0 4 0 5 0 5 1 0 0 1 0 3 0 1 1 0 0 7 0 2 0 4 0 6 0 6 0 8 0 0 0 0 0 0 0 2 0 8 0 4 1 0 0 4 0 5 0 2 0 1 0 2 0 0 0 5 0 2 0 1 0 8 0 3 0 3 0 4 0 7 0 1 0 0 0 0 0 3 0 2 0 5 0 3 0 1 0 3 0 6 0 1 0 1 1 0 0 6 1 0 0 4 0 7 0 7 0 1 0 6 1 0 0 0 0 1 1 0 0 4 0 3 0 8 0 3 0 4 0 4 0 0 0 1 0 7 0 2 1 0 0 3 0 6 0 0 0 0 0 1 0 2 0 8 0 7 0 3 0 6 0 2 0 6 0 6 0 5 0 3
1 517 3 0 6 0 2 0 5 0 0 0 2 1 0 0 5 0 5 0 5 0 7 0 8 0 7 0 7 0 6 0 3 0 3 0 6 0 7 0 4 0 7 0 1 0 4 1 0 0 8 0 7 0 8 0 6 0 2 0 8 0 2 0 8 0 0 0 6 0 8 0 1 0 8 0 2 0 1 1 0 1 0 0 1 0 2 0 0 0 2 0 8 0 2 0 6 0 0 0 8 0 0 0 3 0 8 0 3 0 5 0 6 0 6 0 8 0 6 0 8 0 4 0 8 0 7 0 4 0 5 0 1 0 5 0 4 0 3 0 0 0 2 0 6 0 2 0 6 0 6 0 3 0 6 0 3 0 5 0 0 0 3 0 4 0 0 0 1 0 2 0 6 0 1 0 4 0 4 0 4 0 4 1 0 0 6 0 5 0 3 0 8 0 0 0 0 0 4 0 1 0 8 0 7 0 3 0 3 0 5 0 1 0 7 0 0 1 0 0 7 0 3 0 6 0 5 0 3 0 6 0 5 0 6 0 8 0 8 0 6 1 0 0 4 0 1 0 2 0 6 0 0 0 1 0 2 0 5 0 8 0 3 0 3 0 7 0 5 0 4 0 4 1 0 0 7 0 6 1 0 0 0 0 7 0 6 0 2 1 0 0 6 0 3 0 3 0 3 0 4 0 1 0 6 0 5 1 0 1 0 1 0 0 8 0 2 0 5 0 8 0 8 0 5 0 0 0 6 0 7 0 1 1 0 0 6 0 1 1 0 0 1 0 3 0 3 0 3 0 0 0 2 0 2 1 0 0 2 0 6 0 3 1 0 0 4 0 5 1 0 0 4 0 4 0 7 0 1 0 0 0 0 0 5 0 7 0 0 1 0 1 0 0 1 0 5 0 2 0 4 0 1 0 0 0 5 0 3 0 6 0 7 0 6 1 0 0 5 0 3 0 0 0 0 0 6 0 5 0 0 0 7 0 2 0 7 0 2 0 3 0 3 1 0 0 3 1 0 1 0 0 6 0 5 0 4 0 3 1 0 0 0 0 3 0 8 0 7 0 7 0 6 0 7 0 8 0 8 0 0 0 3 0 4 0 6 0 8 0 6 0 2 0 1 0 0 0 2 0 5 0 7 0 5 0 8 0 2 0 6 0 3 0 4 0 1 0 7
1 517 7 0 2 0 6 0 0 0 1 0 5 1 0 0 1 0 2 0 2 0 6 0 8 0 6 0 6 0 3 0 7 0 7 0 3 0 6 0 0 0 5 0 4 0 0 0 0 0 7 0 6 0 8 0 3 0 6 0 6 0 6 0 6 0 2 0 3 0 7 0 4 0 6 0 5 0 3 1 0 0 8 0 1 0 4 0 0 0 5 0 6 0 6 0 2 0 2 0 6 0 1 0 7 0 6 0 8 0 1 0 4 0 4 0 8 0 4 0 8 0 0 0 8 0 6 0 0 0 1 0 4 0 0 1 0 0 7 0 0 0 5 0 2 0 6 0 3 0 3 0 8 0 2 0 8 0 0 0 1 0 6 0 8 0 0 0 2 0 5 0 2 0 3 1 0 0 0 0 0 0 1 0 0 0 3 0 1 0 8 0 6 0 1 0 0 0 8 0 3 0 7 0 5 0 7 0 7 0 0 0 4 0 4 0 2 1 0 0 4 0 8 0 3 0 1 0 8 0 3 0 2 0 4 0 8 0 8 0 4 1 0 0 8 0 2 0 5 0 2 0 1 0 2 0 5 0 1 0 7 0 7 0 7 0 5 0 2 0 0 0 1 0 0 0 5 0 4 1 0 0 1 0 5 0 3 0 6 1 0 0 2 0 7 0 6 0 6 0 8 0 3 0 3 0 3 0 0 1 0 1 0 0 6 0 6 0 1 0 8 0 8 0 1 0 2 0 3 0 5 0 4 1 0 0 2 0 4 0 8 0 1 0 6 0 6 0 6 0 0 0 4 0 5 0 8 0 4 0 2 0 8 0 8 0 8 0 1 1 0 1 0 0 0 0 5 0 3 0 0 0 1 0 1 0 5 0 2 1 0 0 8 0 2 0 0 0 5 0 8 0 2 0 1 0 0 0 8 0 3 0 6 0 5 0 0 0 0 0 7 0 0 0 1 0 3 0 1 0 2 0 4 0 6 0 4 0 5 0 6 0 7 0 8 0 6 1 0 1 0 0 3 0 1 1 0 0 8 0 7 1 0 0 7 0 7 0 6 0 6 0 4 0 6 0 8 0 7 0 1 0 6 1 0 0 4 0 8 0 3 0 5 0 2 0 0 0 5 0 1 0 6 0 2 0 7 0 6 0 2 0 7 0 8 0 3 0 5
0 519 1 0 4 0 6 0 2 0 1 0 3 0 1 1 0 0 2 0 4 0 5 0 3 0 8 0 4 0 3 0 8 0 5 0 5 0 8 0 2 0 2 0 0 1 0 0 1 0 1 0 5 0 4 0 7 0 8 0 3 0 4 0 4 0 3 0 5 0 7 0 5 0 0 0 4 0 1 1 0 0 0 0 6 0 3 0 8 0 1 0 1 0 4 0 3 0 5 0 5 0 2 0 4 0 5 0 4 0 7 0 3 1 0 0 0 0 8 0 0 0 7 0 2 0 7 0 3 0 1 0 2 0 8 0 1 1 0 0 4 0 2 0 0 0 6 0 2 0 7 0 7 0 6 0 6 0 6 0 1 0 3 0 3 0 7 0 1 0 5 0 0 0 5 0 7 0 7 1 0 0 0 0 2 0 0 0 6 0 3 0 7 0 3 0 3 0 1 0 6 0 8 0 5 0 2 0 6 0 5 0 1 0 8 0 8 0 5 0 8 0 8 0 6 0 7 0 3 0 6 0 7 0 4 1 0 0 8 0 8 0 1 0 0 0 6 0 6 0 0 0 5 0 2 0 5 0 0 0 4 0 5 0 6 0 6 0 1 0 5 0 0 0 2 0 1 0 1 0 0 1 0 0 3 0 0 0 8 0 3 1 0 0 5 0 5 0 4 0 4 0 7 0 7 0 6 0 6 0 1 1 0 1 0 0 3 0 3 0 4 0 7 0 7 0 3 0 4 0 7 0 1 0 0 1 0 0 4 1 0 0 7 0 4 0 3 0 4 0 3 0 1 1 0 0 2 0 7 1 0 0 6 0 7 0 8 0 7 0 4 1 0 0 8 0 0 0 0 0 7 0 0 0 2 0 3 0 0 0 6 1 0 0 6 0 5 0 1 0 1 0 7 0 5 0 2 0 1 0 6 0 8 0 3 0 1 0 1 0 1 0 4 0 1 0 2 0 6 0 2 0 4 1 0 0 4 0 0 0 2 0 4 0 6 0 8 0 5 0 0 0 8 0 5 0 3 1 0 0 7 0 7 0 0 0 5 0 6 0 4 0 4 0 0 0 4 0 8 0 5 0 4 0 3 1 0 1 0 0 7 0 8 0 0 0 5 0 1 0 0 0 4 0 2 0 6 0 5 0 3 0 6 0 5 0 7 0 8 0 1
0 519 2 1 0 0 3 0 5 0 2 0 6 0 3 0 8 0 3 1 0 0 1 0 8 0 6 1 0 0 8 0 7 0 2 0 2 0 7 0 5 0 4 0 1 0 8 0 1 0 3 0 1 0 0 0 6 0 7 0 7 0 8 0 8 0 7 0 1 0 6 0 1 0 1 0 8 0 3 0 8 0 0 0 2 0 8 0 6 0 3 0 2 0 8 0 7 0 1 0 1 0 5 1 0 0 2 0 0 0 5 0 8 0 8 0 0 0 6 0 2 0 4 0 6 0 4 0 7 0 2 0 5 0 6 0 4 0 8 0 7 0 4 0 1 0 2 0 6 0 5 0 6 0 4 0 4 0 3 0 3 0 6 0 7 0 4 0 4 0 0 0 2 0 1 0 6 0 6 1 0 0 0 0 4 0 1 0 2 0 8 0 4 0 7 0 6 0 3 0 3 0 8 0 1 0 6 0 3 0 1 0 4 0 7 0 8 0 2 0 8 0 8 0 4 0 5 0 8 0 3 0 6 0 1 0 0 0 7 0 7 0 3 0 1 0 3 0 3 0 2 0 0 0 6 0 0 0 1 1 0 0 2 0 4 0 3 0 4 0 0 0 1 0 4 0 2 0 2 0 1 0 8 0 5 0 1 0 6 1 0 0 0 0 1 0 2 0 0 0 0 0 6 0 6 0 4 0 3 0 4 1 0 0 8 0 5 0 6 1 0 0 6 0 5 0 7 1 0 0 5 0 3 0 1 1 0 0 0 0 0 0 4 1 0 0 7 0 8 0 6 0 3 0 8 0 4 0 6 0 0 0 3 0 6 0 8 0 6 0 1 0 0 0 6 0 1 0 1 0 4 0 1 0 4 0 6 0 1 0 4 0 0 0 3 0 1 0 3 0 3 0 5 0 1 0 5 0 3 0 3 0 7 0 7 0 2 0 2 0 2 0 8 0 2 0 5 0 2 0 5 1 0 1 0 0 8 0 0 0 4 1 0 0 4 0 8 0 1 0 2 0 7 0 1 1 0 0 0 0 5 0 5 0 2 0 1 0 3 1 0 1 0 0 1 1 0 0 8 0 1 1 0 1 0 0 0 1 0 0 5 0 7 0 2 0 0 0 3 0 0 0 8 0 5 0 3 0 1 0 8 0 3 0 2 0 6 0 7 0 3
1 519 5 0 8 0 6 0 0 0 6 0 2 0 8 0 6 0 8 0 8 0 2 0 7 0 5 0 0 0 7 0 5 0 5 0 5 0 5 0 1 1 0 0 4 0 6 0 3 0 6 0 2 0 1 0 3 0 6 0 6 0 8 0 8 0 5 0 4 0 2 0 3 0 3 0 6 0 8 0 6 0 1 0 5 0 7 0 3 0 7 0 5 0 7 0 5 0 3 0 3 0 1 1 0 0 4 0 1 0 1 0 8 0 7 0 2 0 2 0 5 1 0 0 4 0 0 0 5 0 6 0 1 0 4 0 0 0 8 0 5 1 0 0 3 0 5 0 3 0 2 0 3 1 0 1 0 0 7 0 7 0 3 0 5 1 0 1 0 0 1 0 4 0 3 0 3 0 4 1 0 0 0 0 8 0 2 0 5 0 7 0 0 0 6 0 3 0 7 0 7 0 6 0 4 0 2 0 7 0 2 1 0 0 6 0 7 0 6 0 7 0 8 0 0 0 2 0 7 0 8 0 2 0 3 0 1 0 5 0 5 0 7 0 2 0 6 0 6 0 4 0 1 0 2 0 1 0 3 0 8 0 3 0 8 0 6 0 8 0 0 0 2 0 8 0 4 0 4 0 3 0 7 0 1 0 4 0 3 1 0 0 0 0 2 0 4 0 0 0 1 0 3 0 3 1 0 0 8 0 0 0 0 0 7 0 2 0 5 0 0 0 3 0 2 0 7 0 0 0 0 0 7 0 3 0 7 1 0 0 1 0 0 0 0 0 5 0 8 0 3 0 8 0 7 0 0 0 3 0 1 0 7 0 3 0 8 0 3 0 3 0 1 0 2 0 3 0 2 0 8 0 2 1 0 0 3 0 3 0 8 0 0 0 6 0 2 0 6 0 7 0 0 0 4 0 0 0 7 0 7 0 5 0 5 0 5 0 4 0 5 0 6 0 6 0 0 0 6 0 2 0 0 1 0 0 6 0 1 1 0 1 0 1 0 0 7 0 3 0 5 0 4 0 4 0 8 0 0 0 1 0 1 0 5 0 2 0 7 1 0 0 8 0 2 1 0 0 6 0 4 1 0 0 8 0 0 1 0 0 1 0 5 0 5 0 0 0 6 0 1 0 7 0 1 0 7 0 3 0 6 0 7 0 5 0 3 0 5 0 7
1 521 1 0 1 0 8 0 3 0 2 0 2 0 6 0 7 0 4 0 8 0 7 0 6 0 5 0 1 0 2 0 5 0 2 0 2 0 2 0 1 0 4 0 8 0 8 0 2 0 8 0 2 0 5 0 2 0 7 0 3 0 4 0 8 0 8 0 1 1 0 0 5 0 6 0 7 0 3 0 8 0 3 0 4 0 1 0 5 0 8 0 5 0 2 0 6 0 1 0 7 0 6 0 3 0 8 0 7 0 2 0 3 0 7 0 5 0 5 0 5 0 1 1 0 0 8 0 1 0 1 0 3 0 3 0 8 0 1 0 7 0 2 1 0 0 7 0 0 0 7 0 4 0 7 1 0 1 0 0 5 0 5 0 8 0 2 0 0 0 8 0 1 0 8 0 6 0 6 1 0 1 0 0 1 0 6 0 6 0 1 0 5 0 2 0 2 0 8 0 5 0 6 0 3 1 0 0 6 0 4 0 6 1 0 0 3 0 6 0 4 0 6 0 7 0 1 0 5 0 5 0 7 0 5 0 6 0 3 0 1 0 2 0 5 0 6 0 3 0 3 1 0 0 3 0 4 0 2 0 7 0 6 0 8 0 7 0 4 0 7 0 1 0 5 0 6 1 0 1 0 0 8 0 4 0 3 0 8 0 7 0 7 1 0 0 4 0 8 0 0 0 2 0 6 0 7 1 0 0 6 0 1 0 1 0 4 0 6 0 0 0 1 0 6 0 5 0 4 0 1 0 1 0 4 0 8 0 5 1 0 0 2 0 0 0 1 0 1 0 7 0 8 0 7 0 5 0 1 0 6 0 3 0 4 0 8 0 6 0 7 0 6 0 2 0 4 0 6 0 5 0 6 0 6 0 8 0 5 0 7 0 6 0 2 0 2 0 6 0 3 0 5 0 1 0 8 0 1 0 5 0 6 0 2 0 2 0 2 0 0 0 2 0 4 0 3 0 2 0 2 0 5 0 1 1 0 0 2 0 4 1 0 1 0 1 0 0 4 0 8 0 1 0 0 0 0 0 7 0 1 0 2 0 3 0 0 0 6 0 6 0 0 0 6 0 6 1 0 0 3 0 1 0 0 0 6 0 2 0 8 0 2 0 1 0 1 0 2 0 2 0 4 0 4 0 4 0 4 0 8 0 3 0 6 0 1 0 8 0 1 0 6
0 521 2 0 3 0 6 0 7 0 4 0 5 0 3 0 6 0 0 0 8 0 6 0 4 0 1 0 3 0 5 0 0 0 5 0 4 0 4 0 2 1 0 0 8 0 7 0 6 0 6 0 6 0 0 0 6 0 4 0 7 1 0 0 8 0 7 0 4 1 0 0 1 0 4 0 5 0 8 0 6 0 7 0 8 0 3 0 1 0 8 0 1 0 6 0 2 0 4 0 5 0 3 0 8 0 7 0 5 0 5 0 7 0 5 0 2 0 2 0 1 0 4 1 0 0 6 0 3 0 2 0 6 0 7 0 6 0 4 0 4 0 6 1 0 0 4 0 2 0 5 0 0 0 7 0 0 1 0 0 1 0 2 0 7 0 5 0 1 0 6 0 4 0 7 0 4 0 5 0 0 0 8 0 2 0 3 0 3 0 4 0 0 0 5 0 5 0 7 0 2 0 3 1 0 0 0 0 3 0 0 0 4 1 0 0 7 0 3 0 0 0 4 0 5 0 4 0 1 0 2 0 6 0 2 0 3 0 7 0 2 0 5 0 1 0 3 0 7 0 7 0 8 0 5 0 8 0 5 0 5 0 4 0 8 0 6 0 0 0 5 0 4 0 1 0 5 0 0 1 0 0 6 1 0 0 8 0 7 0 6 0 6 1 0 1 0 0 7 0 1 0 5 0 3 0 7 0 0 0 2 0 3 0 2 1 0 0 3 0 1 0 3 0 3 0 1 1 0 0 3 0 2 1 0 0 8 0 2 1 0 0 4 0 0 0 2 0 3 0 5 0 8 0 6 0 1 0 4 0 2 0 7 1 0 0 8 0 4 0 6 0 3 0 5 1 0 0 4 0 2 0 4 0 4 0 8 0 2 0 6 0 3 0 5 0 5 0 2 0 8 0 0 0 4 0 6 0 4 0 1 0 3 0 5 0 4 0 4 0 0 0 4 0 8 0 6 0 4 0 5 0 0 0 4 0 8 0 4 0 0 0 0 1 0 0 8 0 8 0 6 0 3 0 0 0 1 0 4 0 3 0 4 0 6 0 1 0 3 0 3 0 2 0 3 0 4 1 0 0 6 0 2 0 1 0 2 0 6 0 6 0 5 0 2 0 2 0 4 0 4 1 0 0 0 0 0 0 0 0 7 0 8 0 2 0 4 0 6 0 4 0 3
1 521 4 0 7 0 3 0 6 0 0 0 1 0 8 0 2 0 2 0 7 0 3 1 0 0 3 0 7 0 0 0 2 0 0 1 0 1 0 0 6 1 0 0 7 0 6 0 4 0 4 0 3 0 2 0 3 0 0 0 7 0 0 0 7 0 6 0 0 1 0 0 2 1 0 0 2 0 8 0 4 0 6 0 7 0 7 0 3 0 6 0 4 0 2 0 5 1 0 0 1 0 8 0 7 0 6 0 2 0 2 0 6 0 1 0 5 0 4 0 3 0 0 0 0 0 2 0 7 0 5 0 3 0 6 0 4 0 0 0 0 0 4 1 0 0 8 0 5 0 0 0 2 0 4 0 2 0 8 0 1 0 5 0 5 0 1 0 4 0 3 0 0 0 6 0 0 0 1 0 2 0 6 0 5 0 6 0 6 0 8 0 1 0 1 0 2 0 5 0 5 0 7 0 7 1 0 0 6 0 1 0 0 0 0 0 4 0 7 0 0 1 0 0 1 1 0 0 3 0 5 0 2 0 5 0 7 0 4 0 6 0 0 0 3 0 7 0 5 0 6 0 8 0 2 0 8 0 2 0 2 0 0 0 8 0 3 0 2 0 0 1 0 0 4 0 0 0 2 1 0 0 4 0 0 0 7 0 6 0 4 0 5 0 0 1 0 0 4 0 4 0 0 0 8 0 4 0 1 0 4 0 6 0 5 0 8 0 5 0 2 0 6 0 6 0 3 0 8 0 5 0 5 1 0 0 6 0 6 0 8 0 7 0 0 0 4 0 7 0 1 0 8 0 3 0 3 0 8 0 5 0 6 0 0 0 7 0 0 0 3 0 8 0 1 1 0 0 8 0 4 1 0 0 0 0 7 0 6 0 2 0 8 0 1 0 1 0 6 0 6 0 1 1 0 0 3 1 0 0 3 0 7 0 0 1 0 1 0 0 1 1 0 0 8 0 4 0 0 0 1 0 1 1 0 0 7 1 0 0 1 0 1 1 0 0 7 0 8 0 3 0 7 0 0 0 2 0 8 0 6 1 0 0 3 0 3 0 6 0 6 0 4 0 7 0 0 0 0 0 2 0 5 0 2 0 5 0 3 0 4 0 1 0 5 0 4 1 0 0 0 1 0 0 0 0 0 0 1 0 5 0 7 0 5 1 0 0 3 1 0 0 7
1 522 1 0 0 5 0 8 0 2 0 1 0 3 0 6 0 5 0 5 0 4 0 8 0 8 0 6 0 4 0 1 0 4 0 1 1 0 1 0 0 4 0 0 0 5 0 3 1 0 1 0 0 7 0 4 0 6 0 1 0 4 0 2 0 5 0 3 0 2 0 8 0 4 0 8 0 4 0 7 0 0 0 4 0 6 0 5 0 8 0 2 1 0 0 6 0 1 1 0 0 3 0 7 0 6 0 3 0 5 0 5 0 2 0 4 0 0 1 0 0 7 0 0 0 0 0 5 0 5 0 1 0 8 0 2 1 0 0 1 0 1 0 0 0 0 0 7 0 1 0 1 0 4 0 8 0 5 0 6 0 4 0 1 0 1 0 3 0 8 0 6 0 1 0 2 0 1 0 2 0 5 0 3 0 2 0 4 0 4 0 7 0 3 0 2 0 5 0 1 0 2 0 6 0 7 0 0 0 2 0 3 0 0 0 0 1 0 0 5 0 2 0 8 0 2 0 8 0 6 0 0 0 6 0 1 0 6 0 0 0 3 0 1 0 7 0 5 0 2 0 4 0 7 0 6 0 6 0 5 0 4 0 1 0 6 0 7 0 4 0 1 0 8 0 7 0 0 0 5 0 8 0 7 0 1 0 5 0 4 0 0 0 1 0 2 0 8 0 7 0 8 0 1 0 6 1 0 0 3 1 0 0 4 0 2 0 8 0 1 0 6 0 3 0 3 0 8 0 7 0 2 0 3 0 0 0 3 0 4 0 8 0 5 0 1 1 0 0 5 0 4 0 6 0 7 0 7 0 7 0 2 0 3 0 2 0 4 0 1 0 7 0 6 0 4 1 0 0 7 0 0 1 0 0 1 0 5 0 3 0 6 0 6 0 3 0 3 0 3 0 3 0 4 0 8 0 6 0 8 0 6 0 4 0 2 1 0 0 8 0 2 1 0 0 6 1 0 0 1 0 2 0 3 1 0 0 5 1 0 0 2 0 3 1 0 0 5 0 7 0 8 0 4 0 1 0 5 0 7 0 4 1 0 0 6 0 7 0 3 0 4 0 0 0 5 0 1 0 0 0 5 0 0 0 6 0 0 0 7 0 8 0 3 0 1 0 0 1 0 0 1 0 7 1 0 0 0 0 3 0 1 0 6 0 2 1 0 0 7 1 0 0 5
0 523 1 1 0 0 1 0 7 0 5 0 2 0 7 0 3 0 2 0 2 0 0 0 8 0 8 0 3 1 0 0 3 0 8 0 3 1 0 0 8 0 7 0 1 0 0 1 0 0 0 1 0 0 5 0 0 0 3 0 3 0 8 0 5 0 0 0 7 0 5 0 7 0 0 0 8 0 0 0 5 0 1 1 0 0 4 0 2 0 7 0 6 1 0 0 2 0 4 0 8 0 6 0 5 0 3 0 8 0 1 0 1 0 5 0 8 0 1 1 0 0 4 0 1 0 1 0 1 0 1 0 4 0 6 0 6 0 8 0 1 0 2 0 0 0 1 0 4 0 3 0 2 1 0 0 8 0 2 0 3 1 0 0 3 0 2 0 7 0 7 0 3 0 3 0 4 0 2 0 5 0 0 0 7 0 4 1 0 0 0 0 5 0 7 0 5 0 0 0 3 0 5 0 3 0 5 0 1 0 4 0 6 0 0 0 1 1 0 0 0 0 6 0 6 0 6 0 7 0 3 0 2 0 2 0 4 0 2 0 1 0 6 0 3 0 5 0 1 0 5 1 0 0 6 0 4 0 4 0 1 1 0 0 4 0 3 0 5 1 0 0 4 0 7 0 5 0 2 0 1 0 8 0 5 0 4 0 0 1 0 0 1 0 2 0 5 0 7 0 6 0 7 0 4 0 3 1 0 0 7 0 8 0 7 0 5 0 6 0 4 0 2 0 7 0 7 0 7 0 5 0 5 0 6 0 0 0 6 1 0 0 8 0 1 0 4 1 0 0 1 0 0 0 4 0 6 0 6 0 5 0 5 0 6 0 4 0 8 0 3 0 5 0 4 0 1 0 0 0 4 0 2 0 8 0 2 0 0 0 8 0 3 0 3 0 7 0 6 0 6 0 6 1 0 0 8 0 4 0 8 0 3 1 0 0 6 1 0 0 6 0 6 1 0 0 3 1 0 0 2 0 4 0 7 1 0 0 1 1 0 0 4 0 7 1 0 0 1 0 6 0 7 1 0 0 4 0 1 0 6 0 1 0 0 0 3 0 5 0 7 0 8 0 1 0 0 0 3 0 1 0 0 0 2 0 2 0 2 0 5 0 7 0 7 0 2 0 1 0 8 0 2 0 5 1 0 0 0 0 6 0 3 0 2 0 6 1 0 0 6 0 0 0 1
0 523 3 0 8 0 2 0 5 0 1 0 6 0 4 0 7 0 4 0 4 0 1 0 7 0 7 0 8 0 8 0 6 0 6 1 0 0 0 0 7 0 5 0 3 0 1 0 8 0 0 1 0 0 0 0 1 0 6 0 7 0 7 0 1 0 2 0 5 0 2 0 5 0 2 0 6 0 2 0 0 0 4 0 8 0 7 0 5 0 5 0 4 1 0 0 4 1 0 0 8 0 4 0 1 0 8 0 6 0 3 0 3 0 1 0 7 0 4 0 8 0 7 0 2 0 2 0 2 0 2 1 0 0 4 0 4 0 7 0 3 0 4 0 0 0 2 0 8 0 6 0 5 1 0 0 6 0 5 0 7 0 8 0 5 0 5 0 5 0 5 0 7 0 6 0 8 0 5 0 0 0 2 0 5 0 0 1 0 0 1 0 1 0 6 0 1 0 1 0 7 0 0 0 8 0 0 0 3 1 0 0 3 0 1 0 3 0 8 0 0 0 3 0 4 0 4 0 5 0 7 0 4 0 4 0 8 0 4 0 3 0 2 0 8 0 0 0 4 0 2 0 0 0 2 1 0 1 0 0 4 0 8 0 7 0 7 0 1 1 0 1 0 0 6 0 1 0 5 0 3 0 7 0 1 1 0 0 2 0 8 0 1 0 5 0 1 0 6 0 4 0 5 1 0 1 0 0 0 0 5 0 8 0 6 0 2 0 3 1 0 0 6 0 5 0 6 0 6 0 2 0 2 0 3 0 2 0 4 0 0 0 6 0 3 1 0 1 0 0 2 0 0 1 0 0 4 0 4 0 2 0 2 0 4 0 0 0 7 0 8 0 0 1 0 0 3 0 0 0 8 0 5 0 6 0 5 0 1 0 6 0 7 0 7 0 5 0 4 0 4 0 5 0 0 0 7 0 0 0 7 1 0 0 0 0 4 0 0 0 3 0 4 1 0 0 7 0 8 0 3 1 0 0 6 1 0 0 3 0 8 0 8 0 5 1 0 0 3 0 3 0 6 1 0 0 8 0 3 0 2 0 3 0 0 0 7 0 1 0 6 0 7 0 3 0 0 0 6 0 2 0 0 0 4 0 4 0 5 0 1 0 6 0 5 0 5 0 3 0 6 0 6 0 1 1 0 0 1 0 2 0 7 0 5 0 4 0 0 0 2 0 1 0 2
0 523 7 0 6 0 6 0 0 0 4 0 3 0 0 0 5 1 0 1 0 0 4 0 5 0 6 0 8 0 8 0 4 0 4 1 0 0 1 0 5 0 1 0 7 0 3 0 6 0 2 0 7 1 0 0 3 0 3 0 6 0 5 0 3 0 5 0 0 0 6 0 0 0 6 0 2 0 5 0 0 1 0 0 8 0 6 0 2 0 2 0 1 0 0 0 0 0 0 0 6 1 0 0 4 0 7 0 3 0 7 0 6 0 3 0 5 0 0 0 8 0 5 0 5 0 4 0 4 0 5 0 8 0 7 1 0 0 5 0 7 0 8 0 0 0 5 0 7 0 4 0 3 0 0 0 3 0 2 0 6 0 8 0 2 0 2 0 2 0 2 0 6 0 4 0 8 0 1 0 1 0 5 0 0 0 2 0 8 0 1 0 3 0 2 0 3 0 3 0 4 0 2 0 6 0 1 0 7 0 8 0 5 0 2 0 7 0 6 0 1 0 6 1 0 0 0 0 2 0 6 0 0 0 0 0 7 1 0 0 7 0 5 0 6 0 1 0 8 0 4 0 0 0 5 1 0 0 8 0 8 0 7 0 6 0 5 0 4 1 0 1 0 0 2 0 4 0 0 0 8 0 4 0 4 0 8 0 4 0 6 0 4 0 0 0 4 0 3 0 0 0 3 0 0 0 8 0 0 0 1 0 8 0 3 0 5 0 7 1 0 0 3 0 2 0 4 0 3 0 5 0 4 0 6 0 4 0 8 0 1 0 2 1 0 0 0 0 8 0 3 0 1 0 8 0 7 0 8 0 4 0 4 0 8 0 1 0 5 0 7 0 2 0 8 0 5 0 1 0 7 0 2 0 4 0 1 0 4 0 3 0 6 0 6 0 2 0 0 0 0 0 1 0 2 0 4 0 2 0 5 1 0 0 0 0 8 0 0 0 7 0 0 0 0 0 5 0 7 1 0 0 0 0 3 1 0 0 7 0 7 0 8 0 2 1 0 0 6 0 7 0 4 0 0 0 6 0 7 0 4 0 6 0 1 0 4 0 4 0 3 0 5 0 7 0 1 0 2 0 5 0 0 1 0 0 0 0 1 0 4 0 3 0 2 0 1 0 8 0 3 0 3 0 4 0 8 0 1 0 5 0 5 0 1 1 0 0 1 0 4 0 2 0 4
1 525 1 0 5 0 4 0 3 0 1 0 8 0 6 0 1 0 2 0 0 0 8 0 8 0 1 0 4 0 8 0 8 0 0 0 0 1 0 0 3 0 0 0 4 0 4 0 8 0 2 0 6 0 5 1 0 0 6 0 7 0 3 0 1 0 8 0 0 0 2 0 2 0 2 0 2 0 6 0 0 0 2 1 0 0 7 0 3 0 5 0 4 0 2 0 0 0 0 0 1 0 3 1 0 1 0 0 5 0 8 0 5 0 3 0 8 0 0 0 2 0 7 0 2 0 2 0 0 0 0 0 2 0 8 0 7 0 0 0 1 0 6 0 7 0 2 0 1 0 5 1 0 0 7 0 0 0 6 0 5 0 3 0 7 0 5 0 4 0 4 0 5 0 3 0 0 0 7 0 3 0 3 0 0 0 1 0 5 0 6 0 3 0 6 0 4 0 6 0 6 0 8 0 5 0 2 0 4 0 5 0 8 0 1 0 6 0 5 0 3 0 4 0 3 1 0 0 0 0 5 0 2 0 1 0 1 0 6 0 0 0 5 0 2 0 3 0 4 0 6 1 0 0 2 0 2 0 0 0 7 0 8 0 6 0 4 0 2 0 1 0 0 0 8 0 3 0 8 0 1 0 7 0 0 0 0 0 8 0 0 0 3 1 0 0 1 0 8 0 6 0 0 0 6 0 1 0 6 0 1 0 3 0 6 0 8 0 1 0 6 1 0 0 6 0 4 0 8 0 7 0 1 0 0 0 4 0 0 0 7 0 3 0 5 0 8 0 0 0 6 0 7 0 3 0 7 0 6 0 8 0 0 0 0 0 7 0 4 0 1 0 5 0 6 0 7 0 1 0 4 0 4 0 5 0 8 0 2 0 8 0 7 0 3 0 3 0 5 0 0 0 0 0 2 0 4 0 8 0 5 0 1 1 0 0 1 0 6 0 2 0 4 0 1 0 1 0 1 0 6 1 0 0 0 0 7 1 0 0 5 0 6 0 7 0 6 1 0 0 3 0 5 1 0 0 2 0 3 0 6 0 0 0 3 0 3 0 8 0 8 0 7 0 1 0 5 0 3 0 5 0 0 0 2 0 7 1 0 0 2 0 8 0 6 0 4 0 3 0 6 0 7 0 6 1 0 0 7 0 4 0 1 0 1 0 4 0 8 0 1 0 8 0 4 1 0
1 525 3 0 0 1 0 0 7 0 3 0 7 0 3 0 3 0 4 0 1 0 7 0 7 0 3 1 0 0 8 0 7 0 1 0 1 0 8 0 5 0 0 1 0 0 0 0 7 0 6 0 3 0 3 0 0 0 3 0 5 0 7 0 3 0 6 0 1 0 4 0 4 0 4 0 5 0 2 0 1 0 5 1 0 0 4 0 8 0 0 1 0 0 5 0 0 0 0 0 2 0 7 1 0 1 0 0 1 0 8 0 1 0 8 0 6 0 1 0 5 0 4 0 5 0 4 0 0 0 0 0 5 0 7 0 5 0 1 0 3 0 3 0 5 0 5 0 3 0 2 0 0 0 4 0 2 0 3 0 1 0 8 0 5 0 2 0 0 0 0 0 1 0 7 0 1 0 4 0 7 0 6 0 0 0 3 0 1 0 3 0 8 0 3 0 0 0 4 0 4 0 8 0 1 0 5 1 0 0 2 0 7 0 4 0 3 0 1 0 7 0 8 0 7 0 8 0 0 0 0 0 5 0 2 0 3 0 2 0 2 0 0 0 5 0 6 1 0 0 4 1 0 0 4 0 4 0 1 0 5 0 8 0 3 1 0 0 5 0 2 0 1 0 6 0 8 0 6 0 4 0 4 0 1 0 1 0 6 0 1 0 7 0 8 0 2 0 7 0 3 0 2 0 2 0 4 0 2 0 3 0 7 0 3 0 7 0 4 0 4 0 0 0 3 0 0 0 8 0 5 0 3 0 0 0 8 0 1 0 4 0 8 0 1 0 7 0 2 0 3 0 5 0 8 0 5 0 4 0 7 0 1 0 1 0 4 1 0 0 4 0 1 0 4 0 5 0 3 1 0 0 0 0 2 0 7 0 6 0 7 0 5 0 7 0 7 0 0 0 1 0 0 0 4 1 0 0 8 0 1 0 4 0 8 0 2 0 2 0 5 0 8 0 2 0 2 0 3 0 3 1 0 0 1 0 6 0 0 0 1 0 4 0 6 0 4 1 0 0 7 0 1 1 0 0 4 0 7 0 2 0 1 0 6 0 7 0 7 0 8 0 5 0 4 0 0 0 8 0 0 0 1 0 5 0 5 1 0 0 5 0 7 0 3 1 0 0 8 0 3 0 6 0 5 0 0 0 4 1 0 0 3 0 2 1 0 0 7 0 4 0 7 0 0 1 0
1 525 6 0 1 1 0 0 4 0 8 0 4 0 7 0 6 0 8 0 3 0 5 0 5 1 0 0 0 0 7 0 5 0 3 0 3 0 7 0 1 0 2 0 8 0 0 0 5 0 3 0 7 0 6 0 0 0 7 0 1 0 5 0 8 0 2 0 3 1 0 0 0 0 0 0 1 0 5 0 3 0 1 1 0 1 0 0 7 0 2 1 0 0 0 0 1 0 0 0 5 0 6 0 0 0 8 0 2 0 6 0 4 0 7 0 3 0 4 0 1 0 0 0 1 1 0 0 1 0 1 0 1 0 6 0 1 0 3 0 6 0 7 0 1 0 1 0 7 0 4 0 0 0 8 0 4 0 6 0 3 0 7 0 1 0 5 0 0 0 0 0 3 0 4 0 3 1 0 0 6 0 3 0 1 0 6 0 2 0 7 0 6 0 7 0 0 1 0 0 0 0 7 0 4 0 1 1 0 0 5 0 4 1 0 0 7 0 3 0 5 0 8 0 6 0 7 0 1 0 1 0 0 0 5 0 6 0 4 0 4 0 1 0 1 0 4 1 0 1 0 1 0 0 8 0 8 0 3 0 1 0 7 1 0 0 0 0 0 0 5 0 3 0 3 0 8 0 3 1 0 1 0 0 3 0 3 0 2 0 4 0 5 0 7 0 6 0 4 0 7 0 4 0 4 0 8 0 4 0 7 0 4 0 8 0 4 1 0 1 0 0 1 0 6 0 1 0 7 0 1 0 7 0 1 0 6 0 3 1 0 0 7 0 4 0 4 0 5 0 7 0 1 0 8 0 2 0 0 0 5 0 3 0 2 1 0 1 0 0 8 0 2 1 0 0 1 0 8 0 7 1 0 0 5 0 5 0 4 0 6 0 2 0 6 0 5 0 1 0 2 0 1 0 0 0 0 0 6 0 3 1 0 0 7 0 5 0 5 0 1 0 7 0 5 0 4 0 6 0 7 0 8 0 2 0 2 0 1 0 2 1 0 0 4 0 1 0 0 0 4 0 4 0 8 0 8 0 4 0 5 0 3 0 3 0 6 0 6 0 8 0 1 1 0 0 2 0 6 0 1 0 3 0 1 0 3 0 0 0 1 0 5 1 0 0 0 0 6 0 8 0 3 0 1 0 1 1 0 1 0 0 6 0 5 1 0 0 5 0 0 0 5 0 2 0 7
1 527 1 0 2 0 4 0 8 0 8 0 7 0 0 0 6 0 4 0 7 0 8 0 1 0 2 1 0 0 1 0 5 0 1 0 7 0 7 0 4 0 3 0 5 0 6 0 2 0 0 0 8 0 5 0 3 0 2 0 4 0 4 0 1 0 7 0 5 0 7 0 7 1 0 0 0 0 3 0 0 0 7 0 3 1 0 1 0 0 4 0 6 0 7 1 0 0 2 0 1 0 1 0 3 0 2 0 6 0 6 0 3 0 0 0 5 0 7 0 8 0 2 0 0 0 3 0 8 0 1 0 2 0 3 0 2 0 3 0 7 0 3 0 5 0 3 0 3 0 4 1 0 0 2 0 7 0 0 0 3 0 8 0 4 0 4 0 0 0 1 0 0 0 6 0 8 0 7 1 0 0 2 0 7 0 3 0 2 0 6 0 5 0 4 0 5 0 2 0 8 0 0 0 4 1 0 0 4 1 0 0 1 0 1 0 0 0 4 0 8 0 1 0 8 0 4 0 5 0 3 0 2 0 1 0 1 0 3 1 0 1 0 0 3 0 3 0 0 0 0 1 0 1 0 0 7 0 7 0 7 0 3 0 5 1 0 0 0 0 1 0 0 0 7 0 7 0 6 1 0 0 0 0 8 0 5 0 6 0 4 1 0 0 2 0 6 0 4 0 0 0 6 0 0 0 0 0 8 0 0 0 6 0 0 0 8 0 1 0 0 0 8 0 2 0 2 0 4 0 4 0 4 0 4 0 4 0 2 1 0 0 0 0 5 0 0 0 0 0 2 0 5 0 4 0 6 0 5 0 1 0 0 0 7 0 5 1 0 1 0 0 6 0 6 0 8 0 2 0 7 0 7 0 0 0 1 0 2 0 0 0 3 0 6 0 3 0 1 0 3 0 4 0 2 0 0 0 1 0 2 1 0 0 0 0 5 0 2 0 1 0 4 0 5 0 2 0 0 0 4 0 6 0 7 0 5 0 4 0 2 0 5 0 8 0 7 0 2 0 0 1 0 0 0 0 8 0 8 0 0 0 1 0 7 0 7 0 3 0 4 0 7 0 4 0 8 0 4 0 2 0 3 0 6 0 2 0 6 0 0 0 3 0 1 1 0 0 1 0 3 0 7 0 7 0 2 0 3 1 0 1 0 0 3 0 3 0 0 0 0 0 2 0 0 0 6 0 5
0 527 2 0 4 1 0 0 8 0 8 0 5 0 2 0 3 0 0 0 6 0 7 0 3 0 5 0 8 0 2 0 0 0 4 0 5 0 5 1 0 0 8 0 1 0 3 0 5 0 1 0 7 0 1 0 7 0 4 0 8 0 8 0 3 0 5 0 2 0 6 0 6 1 0 0 0 0 6 0 1 0 4 1 0 0 0 0 8 0 8 0 3 0 6 1 0 0 4 0 2 0 2 0 6 0 5 0 3 0 3 0 7 0 1 0 1 0 6 0 7 0 5 0 0 0 7 0 6 0 3 0 4 0 6 0 4 0 7 0 4 0 8 0 0 0 7 0 6 1 0 1 0 0 5 0 4 0 1 0 7 0 6 1 0 1 0 0 1 0 2 0 1 0 3 0 8 0 6 1 0 0 5 0 4 0 7 0 5 0 3 0 2 0 0 0 1 0 6 0 6 0 1 1 0 1 0 1 0 1 0 0 2 0 2 0 0 1 0 0 7 0 4 0 7 0 0 0 1 0 7 0 4 0 2 0 2 0 7 1 0 0 8 0 5 0 6 0 0 0 1 1 0 1 0 0 5 0 6 0 5 0 8 0 1 1 0 0 0 0 2 0 1 0 5 0 6 0 4 1 0 0 1 0 7 0 2 0 4 0 0 1 0 0 5 0 2 1 0 0 2 0 2 0 1 0 1 0 6 0 2 0 2 0 2 0 6 0 3 0 1 0 6 0 5 0 4 0 8 0 8 0 8 0 8 0 8 0 5 0 8 0 0 0 0 0 1 0 0 0 5 0 1 0 0 0 4 0 1 0 3 0 1 0 5 0 3 0 0 1 0 0 3 0 4 0 7 0 6 0 5 0 5 0 1 0 2 0 4 0 0 0 7 0 2 0 7 0 2 0 6 0 8 0 4 0 0 0 2 0 5 0 8 0 0 0 0 0 5 0 2 1 0 0 1 0 5 0 0 1 0 0 4 0 6 0 1 1 0 0 6 0 1 0 8 0 5 0 5 0 1 0 8 0 0 0 7 0 7 0 1 0 3 0 5 0 5 0 7 1 0 0 6 0 0 0 7 1 0 0 5 0 7 0 2 0 6 0 2 0 1 0 6 0 3 0 8 0 1 0 7 0 5 0 5 0 5 0 7 1 0 0 8 0 5 0 6 0 0 0 0 0 4 0 1 0 3 0 2
1 527 5 0 0 0 0 0 7 0 8 0 1 0 5 0 6 0 1 0 3 0 5 0 8 0 1 0 7 0 5 0 0 1 0 0 2 0 3 0 0 0 6 0 3 0 7 0 0 0 4 0 4 0 4 0 5 0 0 0 8 0 7 0 8 0 0 0 6 0 3 0 4 1 0 0 1 0 2 0 3 1 0 1 0 0 1 0 7 0 7 0 8 0 3 1 0 0 8 0 4 0 5 0 3 0 1 0 7 0 7 0 4 0 3 0 3 0 3 0 6 0 1 0 2 0 5 0 3 0 7 1 0 0 4 0 0 0 6 0 0 0 7 0 2 0 5 0 5 0 0 1 0 0 0 1 0 0 4 0 5 0 5 0 0 0 8 0 1 0 4 0 2 0 7 0 7 0 5 0 0 0 1 0 0 0 6 0 1 0 7 0 4 0 0 0 3 0 3 0 3 0 4 1 0 1 0 1 0 0 8 0 3 0 4 0 1 1 0 0 5 0 0 0 5 0 1 0 3 0 4 1 0 0 5 0 5 0 6 0 0 0 7 0 2 0 3 0 1 0 3 1 0 1 0 0 1 0 4 0 2 0 7 0 4 0 7 1 0 0 4 0 3 0 1 0 4 0 0 1 0 0 3 0 4 0 5 0 8 0 1 1 0 0 0 0 6 0 8 0 3 0 4 0 2 0 3 0 2 0 5 0 4 0 5 0 2 0 7 0 3 0 3 0 2 0 0 0 8 0 8 0 8 0 8 0 8 0 2 0 7 0 1 0 0 0 2 0 1 0 0 0 3 0 0 0 8 0 2 0 6 0 3 0 0 0 7 0 1 0 8 0 5 1 0 0 6 0 4 0 2 0 1 0 3 0 4 0 8 0 1 0 4 0 6 0 4 0 6 0 3 0 7 1 0 0 1 0 5 0 1 0 7 0 1 0 1 0 0 0 6 0 8 0 2 0 0 0 2 0 8 0 8 0 2 0 4 1 0 0 2 0 4 0 7 0 2 0 1 0 4 0 6 0 2 0 5 0 5 0 3 0 7 0 1 0 2 0 7 0 0 0 2 0 2 0 6 0 0 0 1 0 5 0 6 0 2 0 5 0 3 0 2 0 8 0 6 0 4 0 5 0 2 0 2 0 2 0 7 0 0 0 7 0 2 0 3 0 1 0 0 0 8 0 2 0 6 0 4
0 529 1 0 0 0 1 0 1 0 5 0 7 0 4 0 1 0 3 0 3 0 7 0 1 0 7 0 4 0 5 0 1 0 2 0 8 0 3 0 6 0 1 0 2 0 8 0 4 0 1 1 0 0 0 0 0 0 1 0 2 0 7 0 6 0 7 0 2 0 2 0 7 1 0 1 0 0 2 0 4 0 7 1 0 0 8 0 2 0 5 0 6 0 7 1 0 0 0 0 7 0 0 0 1 0 7 0 3 0 5 0 5 1 0 0 7 0 6 0 7 0 2 0 3 0 5 0 0 0 8 0 5 1 0 0 8 0 1 0 2 0 2 0 4 0 6 0 1 0 1 0 2 0 8 0 0 0 8 0 8 0 1 0 1 0 2 0 6 0 3 0 8 0 5 0 5 0 6 0 1 0 1 0 2 0 1 0 2 0 4 0 4 1 0 0 1 0 6 0 6 0 7 0 0 0 0 1 0 1 0 0 6 0 7 0 8 0 3 1 0 0 0 0 2 0 0 0 3 0 7 0 0 0 0 0 1 0 2 0 3 0 2 0 4 0 5 0 6 0 2 0 7 1 0 0 8 0 1 0 8 0 5 0 5 0 0 0 6 1 0 0 8 0 6 0 2 0 8 0 1 0 8 0 5 1 0 0 2 0 7 0 4 0 8 0 0 0 3 0 7 0 7 0 8 0 4 0 6 0 5 0 1 0 0 0 1 0 6 0 4 0 7 0 6 0 4 0 1 0 7 0 8 0 8 0 8 0 7 0 6 0 4 0 3 0 0 0 4 0 2 0 0 0 6 0 1 0 6 0 6 0 2 0 7 0 1 0 4 0 4 0 7 0 3 0 0 0 2 1 0 0 5 0 2 0 6 1 0 0 7 0 3 1 0 0 4 0 0 0 3 0 8 0 5 1 0 0 3 0 0 0 4 0 4 0 3 0 2 0 1 0 3 0 7 0 5 0 0 0 5 0 7 0 7 0 5 1 0 1 0 0 4 1 0 0 5 0 5 0 2 1 0 0 3 0 6 0 1 0 1 0 8 0 4 0 3 0 5 0 4 0 1 0 4 0 5 0 2 0 1 0 3 0 1 0 3 0 6 0 0 0 7 0 5 0 7 0 4 0 0 0 1 0 5 0 4 0 5 0 4 0 2 0 4 0 5 0 6 0 2 0 1 0 6 0 6 0 3 0 0
0 529 2 0 0 0 2 0 3 0 1 0 5 1 0 0 3 0 6 0 7 0 4 0 4 0 5 0 0 0 1 0 3 0 5 0 6 0 8 0 2 0 3 0 5 0 6 1 0 0 4 0 7 1 0 0 0 0 2 0 5 0 5 0 4 0 5 0 5 0 5 0 6 0 0 0 8 0 3 1 0 0 7 0 0 0 6 0 6 0 1 0 4 0 6 1 0 0 1 0 4 0 1 0 3 0 4 0 8 0 1 0 3 0 0 0 5 0 4 0 5 0 5 0 7 0 0 0 2 0 7 0 3 0 0 0 6 0 3 0 4 0 4 1 0 0 3 0 3 0 2 0 5 0 6 0 2 0 7 0 7 0 3 0 2 0 5 0 2 0 8 0 7 0 2 0 2 0 3 0 3 0 2 0 4 0 2 0 4 1 0 0 0 1 0 0 3 0 3 0 4 0 5 0 1 0 1 1 0 1 0 0 3 0 6 0 7 0 8 0 7 1 0 0 4 0 0 0 7 0 4 0 1 0 0 0 2 0 4 0 6 0 4 1 0 0 2 0 3 0 6 0 6 0 0 0 6 0 4 0 7 0 2 0 1 0 2 0 4 0 0 0 7 0 3 0 6 0 6 0 4 0 7 0 2 1 0 0 5 0 5 0 0 0 7 0 1 0 7 0 5 0 6 0 8 0 0 0 4 0 1 0 3 0 0 0 3 0 3 0 0 0 6 0 3 1 0 0 4 0 5 0 8 0 8 0 8 0 6 0 3 1 0 0 7 0 0 0 8 0 4 0 1 0 2 0 4 0 3 0 3 0 6 0 4 0 3 1 0 0 0 0 5 0 7 0 0 0 5 1 0 0 0 0 6 0 4 0 0 0 4 0 8 0 8 0 7 0 0 0 7 0 7 0 2 1 0 0 6 0 0 0 8 0 8 0 6 0 4 0 2 0 7 0 5 0 1 0 2 0 1 0 6 0 6 0 3 0 0 1 0 0 0 0 0 0 1 0 1 0 6 0 8 0 6 0 2 0 3 0 3 0 6 1 0 0 8 0 0 1 0 0 3 1 0 0 1 0 5 0 2 0 6 0 2 0 7 0 2 0 2 0 5 0 2 0 5 1 0 0 1 0 3 0 1 0 0 0 1 1 0 0 5 1 0 0 2 0 3 0 5 0 3 0 3 0 3 0 7 0 0
0 529 4 0 0 0 4 0 6 0 3 0 1 1 0 0 7 0 3 0 6 0 0 0 0 0 1 0 1 0 2 0 7 0 1 0 4 0 7 0 5 0 7 0 1 0 4 1 0 1 0 0 6 1 0 0 0 0 5 0 1 0 2 0 0 0 2 0 2 0 2 0 3 0 2 0 6 1 0 0 0 0 4 0 2 0 3 0 3 0 3 1 0 0 4 1 0 0 2 0 8 0 2 0 6 1 0 0 7 0 3 0 6 0 1 0 1 0 0 0 2 0 2 0 5 0 1 0 5 0 4 0 7 0 1 0 2 0 7 1 0 0 0 1 0 0 6 0 6 0 5 0 1 0 3 0 6 0 5 0 5 0 7 0 5 0 0 0 6 0 7 0 5 0 5 0 4 0 6 0 6 0 4 0 8 0 4 1 0 1 0 0 1 0 8 0 5 0 6 1 0 0 1 0 3 0 3 1 0 0 8 0 6 0 3 0 6 0 8 0 6 1 0 0 8 0 1 0 4 1 0 0 3 0 0 0 4 1 0 0 4 0 0 1 0 0 4 0 7 0 3 0 3 0 2 0 3 0 0 0 5 0 5 0 2 0 4 0 8 0 1 0 4 0 8 0 3 0 4 0 0 0 5 0 6 1 0 0 1 0 1 0 2 0 4 0 4 0 5 0 2 0 4 0 7 0 1 0 8 0 2 0 6 0 0 0 6 0 6 0 1 0 2 0 8 0 8 0 8 0 1 0 8 0 8 0 8 0 3 1 0 0 0 0 4 0 2 0 6 1 0 0 3 0 4 0 8 0 6 0 7 0 2 1 0 0 8 0 8 0 0 0 1 0 5 0 2 0 1 1 0 0 1 0 2 1 0 0 1 1 0 0 8 0 8 0 5 0 2 0 5 0 5 0 6 1 0 0 2 0 2 0 7 0 8 0 3 1 0 0 6 0 5 0 1 0 3 0 4 0 3 0 3 0 3 0 7 0 1 0 7 1 0 0 0 0 2 0 3 0 3 0 8 0 3 0 5 0 6 0 7 0 4 0 0 0 6 0 2 0 8 0 6 0 8 0 2 0 0 0 6 0 2 0 6 0 4 0 5 0 5 0 0 0 6 0 1 1 0 0 2 0 6 0 2 0 0 0 3 1 0 0 1 1 0 0 4 0 7 0 0 0 7 0 6 0 7 0 4 0 1
0 529 8 0 0 1 0 0 3 0 7 0 3 1 0 0 4 0 8 0 2 0 1 0 0 0 2 0 2 0 5 0 4 0 3 1 0 0 6 0 2 0 5 0 4 0 0 0 0 1 0 0 3 1 0 0 1 0 0 0 3 0 4 0 0 0 4 0 4 0 4 0 6 0 5 0 3 1 0 0 0 0 8 0 4 0 6 0 6 0 7 0 8 0 8 0 8 0 4 0 6 0 6 0 4 0 0 0 4 0 8 0 2 0 3 0 2 0 0 0 4 0 5 0 0 0 4 0 1 0 0 0 5 0 3 0 5 0 5 1 0 0 1 1 0 0 3 0 4 0 1 0 3 0 7 0 3 0 2 0 2 0 6 0 1 0 2 0 3 0 6 0 2 0 2 0 0 0 4 0 4 0 0 0 8 0 1 0 0 0 8 0 2 0 7 0 2 0 4 1 0 0 2 0 6 0 7 1 0 0 7 0 3 0 8 0 3 0 8 0 5 0 0 0 6 0 3 1 0 1 0 0 6 0 0 1 0 1 0 0 8 0 1 0 8 0 8 0 4 0 7 0 6 0 4 0 6 0 1 0 1 0 1 0 5 1 0 0 7 0 3 1 0 0 7 0 7 0 8 0 1 0 1 0 4 1 0 0 2 0 2 0 4 1 0 0 0 0 1 0 5 1 0 0 5 0 4 0 6 0 6 0 2 0 2 0 3 0 3 0 3 0 5 0 7 0 8 0 7 0 4 0 7 0 8 0 7 0 8 0 7 1 0 0 8 0 5 0 3 1 0 0 6 1 0 0 8 0 4 0 5 0 6 1 0 0 7 0 7 0 1 0 3 0 0 0 5 0 3 0 8 0 1 0 5 0 8 0 2 1 0 0 7 0 8 0 1 0 6 0 1 0 2 0 4 1 0 0 4 0 5 0 5 0 7 1 0 0 0 0 3 0 1 0 3 0 6 0 8 0 6 0 6 0 7 0 4 0 4 0 5 1 0 0 0 0 4 0 6 0 7 0 6 0 8 0 1 0 4 0 5 1 0 0 2 0 2 0 6 0 7 0 4 0 7 0 5 0 1 0 2 0 6 0 3 0 0 0 2 0 1 0 2 0 2 0 4 0 8 0 4 0 2 0 5 0 0 0 7 0 8 0 2 0 8 0 8 0 4 0 2 0 5 0 4 0 5 1 0 0 3
1 531 1 0 6 0 2 0 8 0 6 0 4 0 8 0 8 0 8 0 6 0 5 0 2 0 0 0 4 0 5 0 0 1 0 1 0 0 0 0 2 0 6 0 0 1 0 0 1 0 1 0 8 0 6 0 8 0 1 0 0 0 6 0 8 0 0 1 0 0 0 0 0 0 4 0 1 0 8 0 8 0 0 0 7 0 0 0 4 0 4 0 6 0 8 0 8 0 8 0 0 0 4 0 3 1 0 0 1 1 0 0 7 0 5 0 6 0 4 0 0 1 0 0 1 0 1 0 8 0 2 0 1 0 0 0 8 0 1 0 2 1 0 0 3 0 8 0 5 0 8 0 2 0 7 0 4 0 7 0 4 0 5 0 2 0 3 0 4 0 7 0 2 0 5 0 4 0 0 0 8 0 8 0 1 0 6 0 3 0 1 0 6 0 6 0 4 0 5 1 0 1 0 0 5 0 3 0 7 0 0 0 4 0 8 0 6 0 8 0 7 0 1 0 2 0 2 1 0 0 0 1 0 0 2 0 2 1 0 1 0 0 6 0 4 0 7 0 8 0 0 0 6 0 4 0 0 0 3 0 3 0 2 0 3 0 2 0 0 0 4 1 0 0 0 0 5 0 6 0 7 0 3 0 2 1 0 1 0 0 4 0 4 1 0 1 0 0 0 0 3 0 2 0 0 0 1 0 0 0 4 0 3 0 5 0 4 0 6 0 6 0 7 0 1 0 6 0 8 0 6 0 0 0 6 0 8 0 6 0 8 0 7 0 0 0 7 0 1 1 0 0 0 0 4 0 0 0 7 0 0 0 2 0 5 0 0 0 5 0 5 0 3 0 6 0 1 0 0 0 8 0 6 0 4 0 1 0 7 0 6 1 0 0 5 0 7 0 4 0 2 0 3 0 4 1 0 1 0 1 0 0 2 0 2 0 6 1 0 0 0 0 6 0 2 0 7 0 3 0 8 0 4 0 4 0 6 0 0 0 0 0 2 1 0 0 0 1 0 0 4 0 6 0 4 0 7 0 3 1 0 0 2 1 0 0 4 0 5 0 3 0 6 0 0 0 6 0 1 0 3 0 5 0 2 0 7 0 0 0 4 0 2 0 4 0 4 1 0 0 7 1 0 0 6 0 0 0 2 0 5 0 7 0 6 0 7 0 7 1 0 0 6 0 1 0 0 0 2 1 0 0 6
0 531 3 0 2 0 6 0 7 0 4 0 0 0 8 0 8 0 8 0 4 0 1 0 5 0 0 1 0 0 1 0 2 1 0 0 7 1 0 0 5 0 2 0 2 0 8 0 1 0 3 0 7 0 4 0 7 0 3 0 1 0 3 0 7 0 2 0 7 1 0 0 0 0 8 0 3 0 7 0 7 0 2 0 4 0 1 1 0 0 0 0 4 0 8 0 8 0 7 0 1 0 8 0 7 0 8 0 2 1 0 0 5 0 2 0 3 1 0 0 2 0 8 0 1 0 3 0 6 0 5 0 2 0 1 0 6 0 3 0 5 0 8 0 6 0 7 0 2 0 7 0 6 0 5 0 0 0 6 0 0 0 1 0 5 0 6 1 0 0 5 0 6 0 0 1 0 0 2 0 7 0 7 0 4 0 2 0 7 0 3 0 3 0 4 0 0 0 3 0 0 1 0 0 0 0 8 0 4 0 1 1 0 0 8 0 4 0 8 0 5 0 3 0 4 0 5 0 8 0 0 0 8 0 3 0 5 1 0 1 0 0 3 0 0 0 6 0 7 0 2 0 2 1 0 0 1 0 6 0 6 0 4 0 6 0 4 0 0 1 0 1 0 0 1 0 1 0 4 0 5 0 7 0 5 1 0 0 8 0 8 0 0 0 0 0 7 1 0 0 6 0 4 0 0 0 2 0 0 0 8 0 7 0 1 0 0 0 4 0 4 0 5 0 4 0 3 0 8 0 3 0 2 0 3 0 8 0 4 0 8 0 5 0 2 0 4 0 4 0 7 1 0 0 8 0 1 0 4 0 1 0 5 0 0 0 2 0 1 0 1 0 8 0 2 0 3 0 1 0 7 0 3 1 0 0 4 0 5 0 5 0 0 0 1 0 5 1 0 0 5 0 7 0 0 0 0 1 0 0 8 0 3 0 5 0 3 1 0 0 1 0 2 0 6 0 4 0 8 0 7 0 0 0 0 0 3 0 1 0 0 0 5 0 8 0 0 0 8 0 8 0 3 0 0 0 5 0 8 0 8 0 4 0 8 0 8 0 0 0 8 0 2 0 2 0 2 0 3 0 7 0 0 0 6 0 4 0 1 0 8 0 4 1 0 0 1 0 0 0 6 0 0 0 2 0 1 0 5 0 1 0 6 0 4 0 6 0 7 0 0 0 2 0 3 0 0 0 5 1 0 0 3
1 531 6 0 5 0 3 0 5 1 0 0 2 0 7 0 8 0 7 1 0 0 4 0 0 0 2 0 8 0 1 0 5 1 0 0 6 0 0 0 0 0 5 0 5 0 6 0 3 0 7 0 5 0 0 0 5 0 7 0 2 0 7 0 4 0 6 0 5 1 0 0 1 0 6 0 8 0 5 0 5 0 5 0 8 0 3 0 7 1 0 1 0 0 8 0 8 0 5 0 4 0 7 0 6 0 7 0 6 1 0 0 0 0 5 0 7 0 8 0 4 0 6 0 3 0 7 0 3 0 1 0 5 0 3 0 2 0 8 0 1 0 8 0 4 0 5 0 6 0 5 0 4 0 1 0 2 0 2 0 1 0 3 0 1 0 5 0 0 0 1 0 3 0 2 0 8 0 4 0 5 0 5 1 0 0 6 0 4 0 7 0 6 0 8 0 0 0 6 0 1 0 8 0 0 0 6 1 0 0 4 1 0 0 7 0 0 0 8 0 1 0 7 1 0 0 2 0 7 0 2 0 6 0 8 0 2 0 0 0 8 0 5 0 1 0 3 0 5 0 5 0 5 0 8 0 2 0 3 0 4 0 0 0 3 1 0 0 2 1 0 0 8 0 1 0 2 1 0 0 2 0 6 0 3 0 0 0 7 0 7 0 1 0 1 0 6 0 0 0 2 1 0 0 1 0 4 0 1 0 7 0 5 0 3 0 0 1 0 0 0 0 1 1 0 0 8 0 6 0 7 0 4 0 7 0 7 0 0 0 8 0 1 0 5 1 0 0 0 0 7 0 0 0 6 0 3 0 8 0 3 0 0 0 1 0 4 0 2 0 3 0 6 0 5 0 6 0 3 0 4 0 8 0 8 0 8 0 1 0 1 0 1 0 3 0 2 0 0 0 1 0 5 0 1 0 1 1 0 0 6 0 8 0 0 0 8 0 8 0 1 0 5 0 3 0 0 0 8 0 5 0 1 0 0 0 6 0 2 0 1 0 1 0 7 0 2 0 7 0 7 0 7 0 1 0 1 0 8 0 8 0 0 0 8 0 7 0 2 0 6 0 5 0 4 0 4 0 7 0 4 0 2 0 2 1 0 0 4 0 7 0 0 1 0 0 2 0 1 0 2 0 1 0 4 0 3 0 0 0 4 0 3 0 0 0 4 0 5 0 1 0 4 0 6 0 1 0 1 1 0 0 6
0 533 1 0 3 0 1 0 8 0 1 1 0 0 5 0 5 0 8 0 6 1 0 0 8 0 0 0 5 0 6 0 4 0 2 0 0 0 2 0 1 0 1 0 1 0 2 0 3 0 8 0 5 0 1 0 2 0 1 0 5 0 6 0 5 0 0 0 4 0 2 1 0 0 3 0 3 0 8 0 2 0 2 0 2 0 7 0 8 0 6 0 0 1 0 0 7 0 8 0 2 0 0 0 6 0 4 0 6 0 4 1 0 0 1 0 1 0 6 0 8 0 0 0 3 0 8 0 4 0 7 0 3 0 0 0 7 0 5 0 6 0 4 0 7 0 0 0 2 0 4 0 1 1 0 0 3 0 4 0 4 0 2 0 6 0 3 0 0 0 1 0 2 0 6 0 5 0 7 0 0 0 2 0 3 0 0 0 3 0 0 0 6 0 4 0 7 0 2 0 2 0 4 0 6 0 2 0 4 0 0 0 0 0 0 0 4 0 2 0 6 0 4 0 5 1 0 0 5 0 4 0 6 0 3 0 7 0 5 0 1 0 7 0 1 0 3 0 7 0 1 0 2 0 2 0 7 0 5 0 6 0 8 0 0 0 7 0 8 0 4 1 0 0 6 0 3 0 5 0 8 0 4 0 2 0 7 0 1 0 5 0 5 0 3 0 3 0 2 0 1 0 5 0 8 0 1 0 8 0 3 0 5 0 1 0 7 0 1 0 7 1 0 0 3 1 0 0 7 0 4 0 6 0 0 0 6 0 5 0 2 0 6 0 4 0 1 1 0 0 1 0 4 0 2 0 2 0 8 0 6 0 7 0 0 0 2 0 8 0 4 0 7 0 3 0 2 0 3 0 7 1 0 0 8 0 8 0 7 0 3 0 2 0 2 0 6 0 4 0 0 0 3 0 0 0 3 0 3 1 0 0 3 0 7 0 2 0 7 0 7 0 4 0 0 0 7 0 1 0 7 0 1 0 3 0 1 0 2 0 5 0 2 0 3 0 4 0 6 0 5 0 6 0 5 0 3 0 3 0 7 0 7 0 2 0 7 0 5 0 6 0 3 0 2 0 0 0 0 0 5 1 0 0 5 0 5 0 8 0 8 0 4 0 2 0 8 0 3 0 2 0 4 0 2 0 8 0 6 0 0 0 8 0 6 0 0 1 0 0 1 0 3 1 0 0 3 0 3 0 3 1 0 0 3
1 533 2 0 6 0 3 0 6 0 4 1 0 0 1 0 2 0 8 0 5 0 0 0 6 0 2 0 1 0 3 1 0 0 5 0 0 0 4 0 2 0 2 0 2 0 4 0 7 0 7 0 1 0 3 0 4 0 3 0 1 0 4 0 1 0 1 0 8 0 5 0 8 0 5 0 7 0 6 0 5 0 4 0 5 0 5 0 8 0 3 0 2 1 0 0 5 0 7 0 5 0 1 0 3 0 0 0 4 0 0 1 0 0 2 0 3 0 3 0 7 0 1 0 7 0 7 0 0 0 5 0 7 0 1 0 5 0 2 0 4 0 0 0 5 0 1 0 4 0 8 0 3 0 8 0 5 0 8 0 8 0 5 0 2 0 7 0 0 0 2 0 5 0 3 0 2 0 5 0 1 0 4 0 6 0 0 0 6 0 1 0 3 0 0 0 5 0 5 0 4 1 0 0 3 0 5 0 8 0 0 0 0 0 0 0 8 0 5 0 3 0 0 0 3 0 0 0 1 0 0 0 3 0 8 0 5 0 1 0 4 0 4 0 3 0 7 0 4 0 3 0 4 0 5 0 5 0 2 0 4 0 7 0 2 0 5 0 8 0 1 0 0 0 2 0 8 0 1 0 7 1 0 0 6 0 4 0 4 0 1 0 1 0 7 0 6 0 4 0 3 0 1 0 7 0 4 0 6 0 8 0 0 0 4 0 4 0 4 0 5 1 0 0 7 1 0 0 5 0 0 0 3 0 2 0 3 0 1 0 6 0 2 1 0 0 4 0 8 0 1 0 8 0 4 0 5 0 7 0 4 0 5 0 1 0 5 0 7 0 0 0 5 0 7 0 4 0 7 0 6 0 0 0 7 0 8 0 5 0 7 0 4 0 5 0 2 1 0 0 1 0 6 0 0 0 6 0 7 0 8 0 6 0 4 0 6 0 5 0 5 1 0 0 2 0 4 0 4 0 4 0 3 0 6 0 2 0 5 0 0 0 5 0 6 1 0 0 4 0 2 0 4 0 1 0 7 0 7 0 5 0 5 0 6 0 5 0 2 0 3 0 7 0 4 0 0 0 1 0 2 0 0 0 1 0 2 0 8 0 7 1 0 0 6 0 6 0 7 0 4 0 8 0 5 0 7 0 3 0 2 0 7 0 3 0 2 0 8 0 1 0 7 0 8 0 5 0 6 0 7 0 8 0 5
0 533 5 0 2 0 8 0 3 0 0 1 0 0 2 0 5 0 7 0 1 0 2 0 2 0 5 0 2 0 7 1 0 0 0 0 1 0 8 0 4 0 4 0 4 1 0 0 6 0 5 0 3 0 6 0 8 0 6 0 2 0 8 0 2 0 3 0 7 0 2 0 8 0 2 0 6 0 4 0 2 0 0 0 2 0 2 0 7 0 7 0 5 1 0 0 1 0 6 0 1 0 3 0 6 0 0 0 8 0 1 0 8 0 3 0 6 0 7 0 4 0 4 0 5 0 5 0 2 0 1 0 5 0 4 0 0 0 5 0 8 0 1 0 0 0 3 1 0 0 7 0 8 0 7 0 2 0 8 0 8 0 1 0 6 0 4 0 1 0 5 0 0 0 7 0 5 0 0 0 3 1 0 0 3 0 2 0 2 0 3 0 6 0 1 0 1 0 2 0 0 1 0 0 7 0 1 0 7 0 1 0 0 0 1 0 7 0 1 0 7 0 0 0 6 0 0 0 2 0 0 0 7 0 7 0 1 0 3 0 8 0 8 0 7 0 4 1 0 0 7 1 0 0 2 0 1 0 5 1 0 0 5 0 6 0 1 0 7 0 3 0 0 0 5 0 6 0 4 0 6 0 0 0 2 1 0 1 0 0 3 0 3 0 5 0 3 1 0 0 7 0 3 0 5 0 0 0 4 0 7 0 1 1 0 0 0 0 0 0 3 0 0 0 6 0 0 0 0 0 1 0 6 0 4 0 6 0 3 0 2 0 6 0 8 0 8 0 6 0 4 0 7 0 0 0 2 0 6 0 0 0 1 0 4 0 1 0 5 0 2 0 1 0 6 0 0 0 6 0 3 0 2 0 5 0 8 0 2 0 6 0 0 0 1 0 6 0 8 0 2 0 2 0 2 0 3 0 6 0 8 0 4 0 0 0 4 0 2 0 2 1 0 0 4 0 8 0 8 0 8 0 7 0 2 0 6 0 0 0 2 0 1 0 4 1 0 0 8 0 4 0 8 0 3 0 5 0 6 0 2 0 2 0 4 0 1 0 5 0 7 0 4 1 0 0 1 0 2 0 4 0 0 0 2 0 5 0 7 0 7 0 0 0 3 0 4 0 6 0 0 0 8 0 2 0 5 0 7 0 5 0 4 0 7 0 5 0 6 0 4 0 5 0 8 0 2 0 4 0 6 0 8 0 2
1 535 1 0 0 0 6 0 6 0 7 0 1 0 8 0 4 0 1 0 5 0 3 0 4 0 5 0 0 0 6 0 5 1 0 0 0 0 3 0 7 0 0 0 0 0 1 0 0 0 3 0 1 0 8 0 3 0 8 0 3 0 6 0 6 0 5 0 7 0 4 0 6 0 6 0 6 0 2 1 0 0 5 0 0 0 4 0 5 0 5 0 6 0 2 1 0 0 3 0 2 0 3 0 7 0 2 0 2 0 6 0 4 0 6 0 8 0 3 0 6 0 0 0 0 0 2 0 1 0 5 0 3 0 0 1 0 0 2 0 1 0 7 0 3 0 0 0 7 1 0 0 5 0 8 0 5 0 6 0 7 0 7 0 4 0 2 1 0 0 4 0 0 0 2 0 5 0 1 0 1 0 7 0 8 0 5 0 4 0 4 0 7 0 2 0 3 0 2 0 4 0 1 1 0 0 4 0 4 0 4 0 3 0 0 0 3 0 4 0 4 0 4 0 2 0 2 0 1 0 4 0 1 0 5 0 5 0 3 0 7 0 7 0 8 0 6 0 1 0 0 0 5 1 0 0 4 0 3 0 2 0 0 0 1 0 3 0 4 0 4 0 7 0 1 0 1 0 4 0 0 0 3 0 1 0 5 1 0 0 8 0 5 0 7 0 0 1 0 0 0 0 4 0 8 0 0 0 1 1 0 0 5 0 4 0 7 1 0 0 0 0 6 0 1 0 2 0 1 0 0 0 3 0 3 0 0 0 3 0 7 0 5 0 3 0 8 0 8 0 4 0 0 0 5 0 1 0 5 0 2 0 1 0 2 0 8 0 3 0 0 0 5 0 3 0 2 0 2 0 2 0 7 0 5 0 1 0 7 0 6 0 2 0 1 0 3 0 3 0 7 0 5 0 4 0 4 0 7 0 3 0 7 1 0 0 1 0 8 0 4 0 5 0 8 0 8 0 7 0 8 0 8 0 5 0 6 0 2 0 1 0 4 0 3 0 0 0 0 0 7 0 0 0 7 0 8 0 1 0 3 0 5 0 4 0 8 0 3 0 1 0 6 0 0 1 0 0 2 0 4 0 8 0 0 0 5 0 1 0 6 0 5 0 1 0 6 1 0 0 3 0 2 0 6 0 6 0 1 0 6 0 2 0 0 0 6 0 2 0 4 0 0 0 2 0 7 0 5 1 0 0 4 0 7 0 5
0 535 2 0 1 0 3 0 4 0 5 0 4 0 6 1 0 0 4 0 0 0 7 1 0 0 1 0 2 0 3 0 2 1 0 0 0 0 7 0 4 0 1 0 0 0 2 0 0 0 6 0 3 0 6 0 8 0 6 0 8 0 3 0 4 0 2 0 6 0 0 0 4 0 4 0 3 0 6 1 0 0 0 0 1 1 0 0 2 0 2 0 3 0 6 0 8 0 5 0 4 0 7 0 4 0 5 0 5 0 3 0 0 0 4 0 7 0 8 0 2 0 1 0 0 0 4 0 3 0 0 0 7 0 1 0 8 0 3 0 3 0 4 0 7 0 1 0 6 0 0 0 1 0 8 0 2 0 4 0 6 0 5 1 0 0 6 0 8 0 7 0 0 0 5 0 0 0 3 0 3 0 5 0 8 0 2 0 0 0 0 0 5 0 5 0 6 0 4 0 8 0 3 0 8 0 7 0 8 0 8 0 6 0 0 0 6 0 8 0 8 0 8 0 4 0 4 0 2 0 8 0 3 0 1 0 1 0 8 0 5 0 6 0 8 0 3 0 3 0 1 0 1 1 0 0 8 0 6 0 4 0 0 0 2 0 6 1 0 0 0 0 5 0 3 0 2 0 8 0 0 0 6 0 3 0 2 0 0 0 7 0 2 0 5 0 2 0 7 1 0 1 0 0 7 0 1 0 3 1 0 0 1 0 0 0 6 1 0 0 1 0 2 0 3 0 4 0 2 0 0 0 6 0 6 0 0 0 7 0 5 0 1 0 8 0 7 0 7 1 0 0 2 0 0 0 4 0 0 0 5 0 2 0 5 0 6 0 7 0 1 0 0 0 7 0 4 0 4 0 5 0 5 0 1 0 4 0 5 0 3 0 5 0 2 0 6 0 7 0 5 0 2 0 0 0 0 0 5 0 8 0 5 1 0 0 3 0 7 0 0 0 2 0 8 0 8 0 6 0 8 0 8 0 2 0 3 0 5 0 2 0 8 0 6 0 0 0 1 0 4 0 2 0 5 0 7 0 3 0 7 0 1 0 0 0 7 0 7 0 3 0 2 0 2 0 8 0 3 1 0 0 7 0 2 0 0 0 4 0 3 0 1 0 4 0 3 1 0 0 6 0 5 0 3 0 3 0 4 0 2 0 5 0 1 0 2 0 5 0 8 0 0 0 5 0 5 0 2 1 0 1 0 0 6 0 2
1 535 4 0 2 0 6 1 0 0 2 0 0 0 4 1 0 0 8 0 1 0 5 1 0 0 2 0 4 0 6 0 5 0 8 0 0 0 4 1 0 0 3 0 0 0 4 0 1 0 2 0 8 0 3 0 8 0 4 0 7 0 7 0 8 0 5 0 2 0 1 0 8 0 8 0 7 0 3 1 0 0 0 0 3 0 8 0 3 0 4 0 7 0 3 0 8 0 2 0 0 0 6 0 0 0 2 0 1 0 7 0 0 1 0 0 6 0 7 0 5 0 2 0 0 0 8 0 6 0 1 0 4 0 4 0 6 0 7 0 6 1 0 0 5 0 4 0 2 0 1 0 3 0 6 0 5 1 0 0 4 0 3 0 0 0 3 0 8 0 5 0 2 0 0 0 1 0 6 0 7 0 1 0 7 0 5 0 0 0 1 0 1 0 2 0 4 0 0 0 7 0 8 0 7 0 6 0 8 0 8 0 3 0 2 0 3 0 8 0 8 0 7 1 0 1 0 0 6 0 6 0 7 0 2 0 3 0 7 0 2 0 4 0 7 0 7 0 6 0 2 0 3 1 0 0 7 0 3 1 0 0 1 0 5 0 3 1 0 0 1 0 0 0 7 0 5 0 6 0 2 0 2 0 7 0 4 0 1 0 4 0 6 0 0 0 6 0 6 0 0 1 0 0 4 0 3 0 7 0 8 0 1 0 1 0 3 1 0 0 2 0 4 0 6 0 8 0 4 0 1 0 3 0 3 0 2 0 5 0 1 0 4 0 7 0 6 0 6 1 0 0 4 0 0 0 8 0 1 0 0 0 6 0 1 0 4 0 5 0 3 0 1 0 5 0 0 0 0 0 2 0 1 0 3 1 0 0 1 0 8 0 0 0 6 0 3 0 6 0 1 0 5 0 0 0 1 0 1 0 8 0 2 1 0 0 7 0 4 0 1 0 5 0 7 0 8 0 4 0 8 0 7 0 5 0 7 0 0 0 6 0 7 0 3 0 1 0 2 0 8 0 5 0 1 0 5 0 8 0 4 0 3 0 1 0 5 0 5 0 7 0 4 0 5 0 6 1 0 0 0 0 4 0 5 0 0 0 8 0 6 0 2 0 8 0 7 1 0 0 3 0 1 0 7 0 6 0 8 0 5 0 0 0 3 0 5 0 1 0 7 0 2 0 1 0 1 0 6 1 0 1 0 0 2 0 5
0 535 8 0 5 0 3 1 0 0 4 0 1 0 0 0 0 0 6 0 4 0 1 1 0 0 4 1 0 0 4 0 2 0 7 0 1 1 0 1 0 0 6 0 0 0 8 0 2 0 5 0 6 0 8 0 7 0 0 0 6 0 6 0 8 0 1 0 5 0 3 0 7 0 8 0 5 0 8 0 7 1 0 0 7 0 6 0 7 1 0 0 5 0 8 0 6 0 5 0 1 0 2 0 1 0 4 0 3 0 4 0 2 1 0 0 3 0 6 0 1 0 5 0 1 0 7 0 3 0 3 1 0 0 0 0 4 0 6 0 5 0 0 0 0 1 0 0 5 0 2 0 7 0 3 0 2 1 0 0 8 0 6 0 0 0 7 0 7 0 1 0 5 0 0 0 3 0 3 0 5 0 4 0 5 0 1 0 1 0 2 0 2 0 4 0 8 0 1 0 5 0 8 0 6 0 4 0 8 0 7 0 7 0 4 0 7 0 7 0 8 0 7 0 0 1 0 0 3 0 4 0 5 0 5 0 7 0 4 0 5 1 0 0 6 0 6 0 3 0 5 0 7 1 0 0 4 0 8 0 8 0 2 0 0 0 8 0 8 0 1 0 1 0 5 0 2 0 3 0 5 0 5 0 4 1 0 0 3 1 0 0 3 0 2 0 3 0 3 0 2 0 8 0 7 0 7 0 5 0 7 0 3 0 2 0 7 0 8 0 3 1 0 0 4 0 7 1 0 0 3 0 6 0 6 0 5 0 0 0 3 1 0 0 6 0 4 0 4 1 0 0 8 0 1 0 6 0 3 0 1 0 2 0 3 1 0 0 1 0 7 0 3 0 0 0 1 0 0 0 4 0 2 0 7 0 8 0 2 0 6 0 2 0 2 0 8 0 2 0 4 0 0 0 1 0 2 0 3 0 6 0 6 1 0 0 4 1 0 0 4 0 1 0 6 0 8 0 0 0 8 0 6 0 2 0 5 0 2 0 3 0 5 0 7 0 2 0 5 0 7 0 1 0 4 0 1 0 7 1 0 0 7 0 3 0 1 0 2 0 6 0 0 0 2 0 4 1 0 0 0 1 0 0 1 0 2 0 7 0 3 0 6 0 7 0 6 1 0 0 6 0 3 0 5 0 4 0 8 0 1 0 1 0 7 0 0 0 4 0 4 0 5 0 2 0 3 0 4 0 0 0 8 0 4 0 1
0 537 1 0 7 0 1 0 8 0 8 0 7 0 2 0 0 0 1 0 2 1 0 0 4 0 8 0 8 0 8 0 7 0 5 0 4 0 4 1 0 1 0 0 2 0 2 0 6 0 6 0 1 0 4 0 8 0 5 0 2 0 3 0 4 0 7 0 4 0 0 0 8 0 5 0 8 0 2 0 8 0 7 0 0 0 5 0 4 0 7 0 0 0 1 0 8 0 4 0 1 0 3 0 4 0 2 0 8 0 6 0 8 0 5 0 8 0 6 0 2 0 4 0 0 0 4 0 4 0 7 0 7 0 7 1 0 1 0 0 4 0 1 0 1 0 1 1 0 0 0 0 6 0 4 0 7 0 5 1 0 0 7 0 3 0 2 0 5 0 5 0 4 0 0 0 1 0 6 0 7 0 1 0 0 0 1 0 3 0 2 0 4 0 4 1 0 0 7 0 4 0 1 0 8 0 4 0 0 0 8 0 6 0 6 0 0 0 6 0 6 0 8 0 5 0 2 0 8 0 5 1 0 0 2 0 2 0 6 0 0 0 3 0 0 0 3 0 3 0 8 0 1 0 6 1 0 1 0 0 8 0 7 0 5 0 1 0 7 0 7 0 3 0 3 0 0 0 5 0 7 0 1 0 2 0 0 1 0 0 7 0 8 0 5 0 4 0 6 0 6 0 5 0 7 0 6 0 6 0 2 0 5 0 7 0 5 0 5 0 7 0 8 0 8 0 8 0 5 1 0 0 7 0 3 0 4 0 1 0 1 0 7 1 0 0 3 0 0 0 1 0 0 0 6 0 4 0 2 0 7 0 2 0 4 0 7 0 8 0 2 0 4 0 7 0 0 0 2 0 0 0 8 0 5 0 5 0 7 0 6 0 2 0 5 0 5 0 6 0 5 0 8 0 0 0 2 0 4 0 7 0 3 0 4 1 0 1 0 1 0 0 8 0 3 0 3 0 7 0 2 0 7 0 3 0 6 0 0 0 5 0 7 0 1 0 5 0 6 0 1 0 5 0 3 0 8 0 3 0 6 0 0 0 4 0 7 0 2 0 5 0 2 0 1 0 4 1 0 1 0 0 1 0 8 0 1 0 5 0 4 0 8 0 3 0 6 0 5 0 0 0 2 0 8 0 1 0 0 0 7 0 3 0 3 0 4 0 1 1 0 0 0 0 1 0 5 0 6 0 8 0 1 0 6 1 0 0 3
1 537 3 0 4 0 4 0 7 0 8 0 5 0 5 0 0 0 2 0 5 0 8 0 8 0 7 0 8 0 8 0 6 0 2 0 0 0 1 0 0 0 8 0 3 0 5 0 3 0 3 0 3 1 0 0 8 0 1 0 5 0 6 1 0 0 5 1 0 0 2 0 7 0 2 0 7 0 6 0 7 0 5 0 2 0 1 0 0 0 5 0 1 0 3 0 6 1 0 0 3 0 6 0 8 0 5 0 7 0 4 0 8 0 2 0 8 0 3 0 5 0 8 0 0 1 0 0 0 0 6 0 6 0 7 0 0 0 8 0 7 0 2 0 2 0 3 0 8 0 0 0 3 0 0 0 6 0 3 0 0 0 4 0 7 0 5 0 1 0 1 1 0 0 1 0 3 0 3 0 5 0 3 0 0 0 2 0 6 0 4 1 0 0 1 0 0 0 4 1 0 0 4 0 6 1 0 0 2 0 7 0 4 0 3 0 2 0 3 0 4 0 8 0 1 0 6 0 7 0 2 1 0 0 4 0 5 0 2 0 1 0 6 0 0 0 6 0 7 0 6 0 4 0 4 0 0 1 0 0 7 0 6 0 1 0 4 0 5 0 5 0 7 0 6 0 1 0 1 0 5 0 3 0 4 0 1 1 0 0 5 0 8 0 2 0 0 0 4 0 4 0 2 0 6 0 4 0 3 0 6 0 1 0 6 0 2 0 2 0 6 0 8 0 8 0 8 0 3 0 0 0 4 0 7 0 8 0 2 0 3 0 5 1 0 0 6 0 0 0 2 0 1 0 2 1 0 0 6 0 4 0 5 1 0 0 6 0 7 0 5 1 0 0 5 0 1 0 4 0 1 0 7 0 2 0 2 0 6 0 3 0 6 0 1 0 2 0 4 0 2 0 7 0 1 0 4 1 0 0 5 0 8 0 0 0 0 1 0 1 0 0 6 0 7 0 7 0 4 0 6 0 4 0 8 0 2 0 2 0 1 0 5 0 4 0 1 0 3 0 4 0 0 0 8 0 6 0 8 0 2 0 1 1 0 0 5 0 6 0 0 0 5 0 3 0 0 0 0 0 8 0 2 0 6 0 4 0 1 0 0 0 7 0 8 0 3 0 1 0 1 0 5 0 6 0 3 0 1 0 4 0 7 0 6 0 8 0 3 0 7 1 0 0 3 0 1 0 4 0 7 0 4 0 3 1 0 0 6
0 537 6 1 0 0 0 0 6 0 8 0 2 0 1 0 1 0 5 0 1 0 8 0 8 0 6 0 8 0 8 0 3 0 5 0 0 0 2 0 1 0 6 0 8 0 0 0 7 0 6 0 7 1 0 0 6 0 4 0 1 0 5 0 0 0 1 1 0 0 5 0 4 0 6 0 5 0 4 0 6 0 1 0 5 0 2 0 1 0 0 0 3 0 7 0 3 1 0 0 7 0 3 0 8 0 2 0 6 0 0 0 7 0 6 0 6 0 8 0 1 0 7 0 2 0 8 0 0 0 3 0 4 0 5 0 2 0 7 0 5 0 5 0 4 0 7 0 6 0 1 0 6 0 1 0 2 0 7 0 0 1 0 0 6 0 1 0 3 0 3 0 8 0 1 0 6 0 7 0 0 0 7 0 0 0 5 0 3 0 0 1 0 0 2 0 0 1 0 1 0 1 0 0 4 1 0 0 5 0 4 1 0 0 7 0 4 0 6 1 0 0 7 0 4 0 3 0 5 0 6 0 8 0 8 0 0 0 5 0 3 0 2 0 2 0 3 0 6 0 3 1 0 1 0 0 2 1 0 0 5 0 3 0 3 1 0 0 2 0 2 0 6 0 3 0 3 0 3 0 0 0 7 0 8 0 3 1 0 0 1 0 7 0 5 0 0 0 8 0 8 0 5 0 2 1 0 0 8 0 2 0 4 0 2 0 5 0 5 0 3 0 8 0 8 0 7 0 7 0 0 1 0 0 6 0 7 0 5 0 7 0 2 0 0 0 2 0 1 0 4 0 2 0 5 1 0 0 3 0 0 0 3 0 0 0 3 0 6 0 3 0 0 0 0 0 3 0 8 0 3 0 4 0 5 0 5 0 2 0 8 0 2 0 3 0 4 0 8 0 5 0 4 0 4 0 0 0 0 0 1 0 7 0 1 0 1 1 0 1 0 0 3 0 6 0 6 0 0 0 4 0 0 0 7 0 5 0 4 0 3 0 0 1 0 0 3 0 6 0 8 0 1 0 7 0 4 0 7 0 5 0 3 1 0 0 1 0 3 0 2 0 0 0 7 0 0 0 1 0 6 0 6 0 2 1 0 0 3 0 1 0 5 0 7 0 7 0 2 0 3 0 1 0 3 0 7 0 2 1 0 0 6 0 4 0 7 0 8 0 5 1 0 0 6 0 2 1 0 0 5 1 0 1 0 0 0 0 3
1 539 1 0 3 1 0 0 1 0 3 0 7 0 5 0 2 0 3 0 0 0 4 0 7 0 8 0 4 0 8 0 7 0 8 0 0 0 1 0 4 0 3 0 3 0 7 0 2 0 5 0 4 0 7 0 0 0 2 1 0 0 4 0 0 0 1 0 3 1 0 0 1 0 0 0 4 0 2 0 0 0 3 0 4 0 0 0 5 0 2 0 0 0 7 0 4 1 0 0 0 0 4 0 8 0 6 0 6 0 2 0 2 0 5 0 4 0 4 0 7 0 4 0 4 0 6 0 6 0 1 0 6 1 0 0 1 0 6 0 5 0 2 0 2 0 0 0 6 0 3 0 4 0 2 0 3 0 5 0 4 0 2 1 0 0 2 0 3 0 6 0 7 0 6 0 4 0 3 0 5 0 2 0 4 0 2 0 0 0 7 0 1 0 8 0 3 0 1 1 0 1 0 1 0 0 0 0 0 0 1 0 1 0 0 0 5 0 0 0 5 0 0 0 4 1 0 0 8 0 1 0 4 0 8 0 7 0 2 0 0 0 7 0 4 0 4 0 7 0 2 1 0 0 0 0 8 0 4 1 0 0 0 0 7 0 7 0 8 0 3 0 5 0 2 0 7 0 6 0 6 0 1 0 5 0 7 0 8 0 8 0 2 0 5 0 1 0 2 0 7 0 8 0 1 0 6 1 0 0 6 0 5 0 8 0 5 0 1 0 1 0 8 0 7 0 8 0 6 0 5 0 2 1 0 0 3 0 6 0 2 0 5 0 5 0 0 0 4 0 2 0 8 0 5 0 1 1 0 0 6 0 0 0 6 0 0 0 7 0 2 0 7 0 0 0 0 0 7 0 6 0 7 1 0 0 2 0 1 0 6 0 6 0 5 0 6 1 0 0 8 0 1 1 0 1 0 0 1 0 0 0 3 0 4 0 3 0 3 1 0 0 8 0 6 0 3 0 3 0 1 0 8 0 1 0 5 0 1 1 0 0 7 0 1 0 8 0 6 0 3 0 7 0 4 0 5 0 0 0 6 0 1 0 8 0 8 0 1 0 6 0 4 0 1 0 4 0 1 0 3 0 3 0 3 0 6 0 8 0 5 0 3 0 1 0 6 0 5 0 5 0 6 0 2 0 7 0 4 0 6 1 0 0 3 0 0 0 6 0 8 0 3 0 0 0 2 0 6 1 0 0 2 0 0 0 7 1 0 0 6
0 539 2 0 7 0 8 0 1 0 7 0 5 0 1 0 5 0 6 0 0 1 0 0 6 0 8 0 0 0 8 0 6 0 7 0 1 0 2 0 8 0 6 0 7 0 4 0 6 0 1 0 0 0 5 0 1 0 5 0 8 0 7 0 0 0 2 0 7 0 8 0 1 0 0 0 8 0 4 0 0 0 6 0 8 0 1 0 0 0 5 0 1 0 5 0 0 1 0 0 0 1 0 0 8 0 4 0 3 0 5 0 5 0 1 0 0 0 0 0 6 0 0 0 0 0 4 0 3 0 4 0 3 1 0 0 3 0 3 0 1 0 5 0 4 0 1 0 2 0 7 0 8 0 4 0 7 0 0 1 0 0 6 0 8 0 3 0 7 0 3 0 6 0 3 1 0 0 8 0 0 0 5 0 8 0 4 0 1 0 4 0 4 0 6 0 7 0 3 1 0 1 0 0 7 1 0 0 0 0 2 0 2 0 1 0 0 0 2 0 0 0 2 0 0 0 0 0 6 0 3 1 0 0 8 0 5 0 5 0 1 0 5 0 0 0 0 0 5 0 6 0 8 0 0 0 7 0 0 1 0 0 1 0 5 0 6 0 7 0 8 0 0 0 6 0 5 0 4 0 3 0 4 0 1 0 6 0 8 0 7 0 6 0 0 0 3 0 5 0 5 0 7 0 4 0 4 0 0 0 3 0 2 0 8 0 1 0 3 0 3 0 7 0 6 0 8 0 4 0 1 0 6 0 8 0 6 0 2 0 6 0 1 0 1 0 1 0 8 0 5 0 7 0 1 0 4 1 0 0 2 0 2 0 2 0 2 0 4 0 6 0 4 0 1 0 1 0 5 0 4 0 6 1 0 0 4 0 3 0 3 0 4 0 2 0 5 0 0 0 6 0 4 1 0 0 8 0 1 0 0 0 6 0 8 0 6 0 7 1 0 0 7 0 3 0 7 0 6 0 3 0 6 0 4 0 0 0 4 1 0 0 4 0 4 0 7 0 3 0 8 0 5 0 0 0 1 0 2 0 2 0 4 0 7 0 7 0 4 0 2 1 0 0 3 0 8 0 2 0 6 0 6 0 7 0 3 0 8 0 1 0 7 0 3 0 3 0 2 0 2 0 3 0 6 0 5 0 0 0 4 1 0 0 6 0 1 0 3 0 7 0 7 0 0 0 5 0 3 1 0 0 4 0 1 0 6 0 0 0 3
1 539 5 0 5 0 7 0 4 0 5 0 1 0 4 0 1 0 3 0 2 1 0 0 3 0 7 0 2 0 7 0 4 0 5 0 3 0 5 0 7 0 4 0 6 0 0 0 3 0 3 0 1 0 0 0 4 0 1 0 8 0 5 0 1 0 5 0 5 0 7 0 3 0 1 0 6 1 0 0 2 0 3 0 7 0 3 0 1 0 0 0 4 0 0 0 2 0 8 0 0 1 0 0 6 1 0 0 8 0 1 0 1 0 3 0 0 0 1 0 2 0 1 0 0 0 8 0 6 0 8 0 7 0 8 0 5 0 6 0 3 0 0 1 0 0 3 0 5 0 5 0 8 0 0 0 5 0 2 1 0 0 3 0 7 0 8 0 4 0 8 0 2 1 0 0 0 0 6 0 2 0 1 0 7 1 0 0 3 1 0 0 0 0 4 0 5 1 0 0 0 1 0 0 5 1 0 0 0 0 4 0 4 0 2 0 0 0 4 0 0 0 4 0 0 0 1 0 2 1 0 0 0 0 7 0 2 0 1 0 4 0 0 0 1 0 1 0 1 0 4 0 7 0 2 0 4 0 2 0 8 0 2 0 1 0 4 0 6 0 7 0 2 0 3 0 1 1 0 0 7 0 8 0 3 0 3 0 8 0 6 0 3 0 1 0 7 0 1 0 2 0 5 1 0 1 0 0 1 0 6 0 5 0 6 0 3 0 6 0 7 0 5 0 4 0 7 1 0 0 4 0 3 0 8 0 3 0 6 0 2 0 3 0 2 0 3 0 7 0 2 0 5 0 3 1 0 1 0 0 4 0 4 0 4 0 4 1 0 0 3 1 0 0 3 0 3 0 1 0 0 0 4 1 0 0 8 0 6 0 6 0 8 0 5 0 0 0 2 0 3 0 1 0 0 0 6 0 3 0 1 0 3 0 8 0 4 0 7 0 0 0 4 0 8 0 5 0 3 0 8 0 2 1 0 0 1 1 0 1 0 1 0 0 0 0 5 0 8 0 7 0 1 0 1 0 2 0 4 0 4 1 0 0 6 0 5 1 0 0 6 0 8 0 6 0 6 0 6 0 3 0 4 0 5 0 8 0 6 0 4 0 4 0 7 0 6 0 4 0 4 0 7 0 3 0 1 0 2 0 0 0 0 0 2 0 3 0 7 0 5 0 5 0 2 0 0 0 8 0 8 0 7 0 3 0 2 0 1 0 6
0 541 1 0 1 0 2 0 6 0 0 0 1 0 3 0 8 0 2 0 6 0 5 0 8 0 6 0 4 0 6 0 5 0 0 0 1 0 8 0 1 0 6 0 0 0 3 0 1 0 6 0 6 0 2 0 0 0 8 0 3 0 7 0 1 0 4 0 1 0 2 0 5 0 7 0 3 0 3 1 0 0 4 0 7 0 4 0 7 0 2 0 0 0 8 0 0 0 5 0 6 0 2 1 0 0 4 0 0 0 6 0 3 0 2 0 6 0 0 0 2 0 4 0 2 0 1 0 7 0 4 0 8 0 6 0 8 0 2 0 3 0 7 0 1 0 8 0 6 0 1 0 2 0 7 0 2 0 0 0 6 0 8 0 6 0 5 0 8 0 0 0 7 0 6 0 8 0 0 0 2 0 5 0 3 0 5 1 0 0 7 0 7 1 0 1 0 0 2 1 0 0 1 1 0 0 1 1 0 0 0 0 8 0 8 0 4 0 0 0 8 0 0 0 8 0 0 0 2 0 5 0 8 0 0 0 4 0 5 0 2 0 8 0 0 0 2 0 2 0 2 1 0 0 5 0 5 0 8 0 5 0 6 0 5 0 2 1 0 0 4 0 5 0 5 0 6 0 3 1 0 0 5 0 7 0 7 0 7 0 7 0 3 0 7 0 3 0 4 0 3 0 5 0 2 0 0 0 8 0 2 0 3 0 2 0 3 0 8 0 3 0 6 0 2 0 0 0 6 1 0 0 8 0 7 0 6 0 8 0 2 0 5 0 6 0 4 0 7 0 4 0 6 0 0 1 0 0 0 0 8 0 7 1 0 0 0 0 0 1 0 0 7 0 8 0 5 0 6 0 2 0 1 0 0 0 0 0 7 0 4 0 4 0 8 0 1 0 1 0 4 0 6 0 2 0 1 0 2 0 7 0 2 0 7 0 7 0 0 0 5 0 1 1 0 0 8 0 1 0 8 0 6 0 6 0 8 0 2 1 0 1 0 0 8 0 0 0 1 0 8 0 5 0 3 0 2 0 4 1 0 0 1 0 0 0 3 0 3 0 0 0 3 0 8 0 4 0 4 0 3 0 7 1 0 0 2 0 8 0 4 0 0 0 0 0 6 0 4 0 0 0 0 0 5 0 7 0 2 0 4 0 0 0 0 0 4 0 7 0 5 0 2 0 1 0 5 0 1 0 7 0 8 0 5 0 7 0 4 0 3 0 3
1 541 2 0 2 0 5 0 2 0 1 0 2 0 7 0 6 0 6 0 3 0 2 0 8 0 4 0 0 0 4 0 1 0 1 0 3 0 6 0 4 0 2 0 1 0 6 0 3 0 3 0 3 0 5 0 1 0 6 0 8 0 4 0 3 0 8 0 2 0 5 0 1 0 5 0 7 0 7 0 8 0 8 0 5 0 0 0 5 0 5 0 1 0 6 0 2 0 1 0 3 0 6 0 8 0 7 0 1 0 2 0 7 0 5 0 2 0 1 0 4 0 8 0 4 0 3 0 5 0 0 0 8 0 4 0 7 0 5 0 7 0 4 0 4 0 7 0 3 0 3 0 5 0 4 0 5 0 1 0 3 0 8 0 4 0 2 0 7 0 2 0 5 0 4 0 7 0 1 0 5 0 0 0 8 0 2 0 0 0 5 0 7 0 0 0 8 0 4 0 8 0 2 0 8 0 2 0 8 0 0 0 7 0 7 1 0 0 2 0 6 0 2 0 6 0 1 0 5 0 1 0 7 0 1 1 0 0 1 0 6 0 6 0 1 0 4 0 4 0 5 1 0 0 1 0 2 0 8 0 2 0 4 0 1 0 6 0 8 0 8 0 1 0 2 0 3 1 0 0 0 0 1 0 6 0 6 0 6 0 5 0 8 0 4 0 7 0 8 0 7 0 0 0 5 0 1 0 6 0 5 0 6 0 4 0 7 0 6 0 8 0 2 0 5 0 1 0 4 0 0 0 7 0 6 0 4 0 7 0 6 0 1 0 4 0 0 0 6 0 0 0 3 0 2 0 8 0 0 0 7 0 6 1 0 0 0 0 1 1 0 0 5 0 8 0 2 0 3 0 5 0 2 0 0 0 1 0 5 0 0 0 0 0 7 0 3 0 2 1 0 0 3 0 5 0 2 0 5 0 4 0 6 0 5 0 5 0 2 0 0 0 4 1 0 0 6 0 4 0 7 0 4 0 4 0 7 0 6 1 0 1 0 0 6 0 1 0 3 0 7 0 1 0 7 0 4 1 0 1 0 0 2 0 0 0 6 0 6 0 0 0 7 0 6 1 0 1 0 0 8 0 5 1 0 0 5 0 6 1 0 0 1 0 1 0 2 1 0 0 1 0 1 0 1 0 5 0 5 0 8 0 0 0 0 1 0 0 6 0 1 0 5 0 3 0 0 0 4 0 5 0 8 0 2 0 5 1 0 0 7 0 6
1 541 4 0 5 0 0 0 5 0 2 0 5 0 5 0 4 0 3 0 7 0 5 0 6 1 0 0 1 0 8 0 2 0 2 0 7 0 2 1 0 0 5 0 3 0 2 0 7 0 6 0 7 0 0 0 4 0 3 0 7 1 0 0 8 0 6 0 6 0 0 0 4 0 1 0 6 0 6 0 8 0 8 0 1 0 2 0 1 0 1 0 4 0 2 0 5 0 2 0 7 0 3 0 8 0 5 0 3 0 5 0 5 0 1 0 5 0 2 1 0 0 7 1 0 0 8 0 0 0 2 0 7 0 0 0 6 0 2 0 6 0 0 0 0 0 5 0 7 0 7 0 1 0 0 0 1 0 3 0 7 0 6 1 0 0 6 0 4 0 6 0 1 0 0 0 5 0 4 0 0 0 2 0 6 0 5 0 1 0 1 0 5 0 2 0 7 0 0 0 7 0 6 0 6 0 6 0 6 0 2 0 5 0 6 1 0 0 5 0 2 0 6 0 2 0 4 0 0 0 4 0 4 0 4 0 8 0 2 0 3 0 3 0 3 1 0 0 0 0 2 1 0 0 2 0 5 0 6 0 5 0 8 0 3 0 3 0 8 0 7 0 3 0 4 0 7 0 7 1 0 0 3 0 3 0 4 0 4 0 2 0 8 0 0 0 6 0 8 0 5 0 2 0 0 0 4 0 3 0 2 0 4 0 0 0 6 0 4 0 7 0 6 0 0 0 3 0 8 0 1 0 5 0 4 0 0 0 6 0 3 0 3 0 8 0 1 0 2 0 1 0 6 0 5 0 6 0 2 0 5 0 4 1 0 0 0 0 3 1 0 0 1 0 7 0 5 0 7 0 0 0 5 0 0 0 3 0 0 0 1 0 1 0 4 0 7 0 5 0 8 0 6 0 0 0 6 0 1 0 0 0 4 0 2 0 1 0 5 0 1 0 0 0 0 0 3 0 0 0 6 0 0 0 0 0 6 0 5 0 0 1 0 0 2 0 3 0 7 0 4 0 4 0 5 0 1 0 0 0 8 0 3 0 1 0 3 0 3 0 2 0 5 0 5 0 0 1 0 0 7 0 3 0 0 0 1 0 4 1 0 0 2 0 2 0 5 0 8 0 1 0 2 0 3 0 1 0 2 0 7 0 1 0 1 1 0 0 2 0 4 0 0 0 7 0 0 1 0 0 2 0 7 0 6 0 2 0 0 0 5 0 4
0 542 1 0 0 1 0 2 0 0 0 6 0 1 0 1 1 0 0 8 0 5 0 2 0 4 1 0 0 3 0 6 0 5 0 5 0 4 0 6 1 0 0 0 0 7 0 5 0 5 0 4 0 5 0 1 0 8 0 7 0 6 0 0 0 7 0 4 0 3 0 1 0 8 0 3 0 3 0 4 0 8 0 7 0 3 0 4 0 2 0 2 0 8 0 5 0 0 0 6 0 4 0 8 0 7 0 1 0 8 0 1 0 1 0 4 0 0 0 6 1 0 0 6 0 0 0 6 0 1 0 5 0 4 0 2 0 2 0 6 0 2 0 1 0 1 0 1 0 6 0 5 0 3 0 0 0 2 0 7 0 5 0 5 0 0 0 3 0 0 0 3 0 3 0 1 0 0 1 0 0 1 0 5 0 3 0 1 0 3 0 3 0 0 0 6 0 4 0 2 0 5 0 4 0 4 0 4 0 3 0 6 0 1 0 5 0 0 0 0 0 6 0 2 0 5 0 8 0 0 1 0 0 0 0 0 0 7 0 5 0 6 0 6 0 7 0 7 1 0 0 5 0 8 0 4 0 1 0 4 0 2 0 7 0 7 0 7 0 7 0 5 0 7 1 0 0 6 0 6 1 0 0 6 0 6 0 8 0 8 0 5 0 6 0 2 0 3 0 8 0 1 0 5 0 0 0 8 0 6 0 4 0 8 0 1 0 3 0 0 0 6 0 3 0 1 0 7 0 6 0 4 0 0 1 0 0 2 0 2 0 7 0 7 0 6 0 3 0 4 0 3 0 3 0 2 0 3 0 6 0 1 0 0 1 0 0 0 0 7 0 8 0 2 0 5 0 2 0 5 0 2 0 0 0 1 0 6 0 0 0 2 0 2 1 0 0 6 0 2 0 8 0 3 0 2 0 2 0 3 0 0 0 8 0 4 0 3 0 0 0 3 0 0 0 0 0 6 0 1 0 2 0 1 0 1 0 3 0 1 0 2 0 8 0 3 0 7 0 5 0 0 0 0 0 1 0 3 0 1 0 6 0 7 0 2 0 6 0 6 0 5 0 1 0 1 0 2 1 0 0 4 0 7 0 0 0 2 1 0 1 0 0 4 0 5 0 1 0 7 0 3 0 4 0 6 0 2 0 5 0 4 0 3 0 3 0 8 0 3 0 8 0 1 0 4 0 2 0 8 0 4 0 5 0 3 0 5 0 1 0 1 0 0
0 543 1 0 8 0 1 0 4 0 1 0 2 0 3 0 3 1 0 0 7 0 1 0 5 1 0 1 0 0 7 0 3 0 2 0 2 0 0 0 4 1 0 0 1 0 5 0 2 0 2 0 0 0 1 0 4 0 7 0 6 0 3 0 2 0 4 1 0 0 7 0 3 0 6 0 7 0 6 1 0 0 8 0 5 0 7 0 8 0 4 0 5 0 7 0 1 0 2 0 3 0 0 0 8 0 5 0 4 0 6 0 3 0 2 0 8 0 1 0 4 0 0 0 2 0 2 0 2 0 4 0 0 1 0 0 5 0 5 0 2 0 5 0 2 0 2 0 3 0 3 0 1 0 7 0 0 0 5 0 5 0 2 0 1 0 1 0 6 0 0 0 6 0 6 0 2 0 1 0 8 0 2 0 0 0 7 0 2 0 6 0 6 0 1 0 2 1 0 0 6 0 0 1 0 1 0 1 0 0 8 0 2 0 4 0 0 0 1 0 1 0 2 0 6 0 1 0 7 0 2 0 7 1 0 0 1 0 5 0 2 0 4 0 4 0 6 0 7 0 0 0 1 0 7 1 0 0 3 0 8 0 5 0 5 0 6 0 6 0 6 0 2 0 7 0 0 0 3 0 5 0 0 0 3 0 4 0 8 0 8 0 2 0 3 0 5 0 7 0 6 0 4 0 0 0 2 0 7 0 4 0 0 0 7 0 3 0 6 0 1 0 2 0 7 0 3 0 5 0 3 1 0 0 2 0 8 0 3 0 5 0 5 0 6 0 3 0 7 0 8 0 6 0 6 0 4 0 7 0 2 0 3 0 1 0 8 0 0 0 5 0 7 0 6 0 0 0 6 0 0 0 5 0 0 0 3 0 2 0 1 0 4 0 5 1 0 0 2 0 6 0 6 0 7 0 4 0 4 0 6 0 1 0 6 1 0 0 7 0 0 0 6 0 0 0 1 0 2 0 3 0 4 0 2 0 2 0 6 0 2 0 5 0 6 0 8 0 5 0 1 0 1 0 0 0 2 0 6 0 3 0 3 0 5 0 6 0 3 0 4 0 1 0 3 0 2 0 5 0 8 0 8 0 4 0 1 0 5 1 0 0 8 0 8 0 0 0 4 0 4 0 7 1 0 0 3 0 6 0 0 1 0 0 7 0 7 0 6 0 8 0 6 0 3 0 8 0 5 0 7 0 0 0 1 0 8 0 0 0 3 0 2 0 0
0 543 3 0 6 0 3 0 8 0 2 0 4 0 6 0 7 1 0 0 4 0 4 0 2 0 0 1 0 0 4 0 7 0 4 0 4 0 0 1 0 1 0 0 3 0 0 0 5 0 4 0 0 0 2 1 0 0 6 0 3 0 7 0 5 0 0 0 0 0 4 0 8 0 3 0 6 0 5 0 0 0 7 0 2 0 6 0 8 0 0 0 2 0 5 0 3 0 4 0 6 0 1 0 7 0 2 0 0 0 3 0 7 0 5 0 6 0 3 0 8 0 0 0 4 0 4 0 4 0 8 0 1 1 0 0 1 0 1 0 6 0 0 0 5 0 4 0 6 0 6 0 3 0 4 0 2 0 1 0 1 0 5 0 2 0 3 0 2 0 2 0 3 0 3 0 5 0 3 0 6 0 5 0 1 0 4 0 6 0 3 0 3 0 3 0 5 1 0 0 2 0 2 1 0 1 0 1 0 0 6 0 5 0 8 0 0 0 2 0 2 0 5 0 2 0 4 0 4 0 6 0 5 1 0 0 3 0 0 0 5 1 0 0 0 0 4 0 5 0 1 0 3 0 5 1 0 0 7 0 7 0 2 0 2 0 4 0 4 0 3 0 6 0 4 0 1 0 7 0 0 0 1 0 6 1 0 0 8 0 7 0 5 0 7 0 1 0 6 0 3 1 0 0 1 0 5 0 4 1 0 0 2 0 4 0 8 0 2 0 3 0 5 0 4 0 8 0 0 0 8 0 8 0 4 0 6 0 8 0 1 0 2 0 3 0 8 0 5 0 8 0 4 0 4 0 0 0 5 0 5 0 6 0 3 0 6 0 2 0 1 0 6 0 3 0 2 0 2 0 2 0 0 0 1 0 6 0 4 0 2 1 0 0 2 1 0 0 5 0 3 0 4 0 6 0 0 0 0 0 3 0 4 0 4 0 0 0 4 0 2 0 2 0 1 0 2 0 4 0 6 0 8 0 4 0 5 0 2 0 6 0 1 0 4 0 8 0 1 0 3 0 2 0 0 0 5 0 2 0 7 0 7 0 1 0 3 0 7 0 8 0 2 0 6 0 5 0 1 0 8 0 7 1 0 0 4 0 2 0 0 0 7 0 7 0 1 1 0 0 0 0 6 1 0 0 7 0 2 0 2 1 0 0 5 0 6 0 4 0 8 0 3 0 8 0 7 0 2 0 5 0 1 0 3 0 6 0 1 0 6 0 4 0 0
0 543 7 0 2 0 8 0 6 0 5 1 0 0 4 0 6 1 0 0 8 0 8 0 4 0 1 0 8 0 8 0 4 1 0 1 0 0 2 1 0 0 8 0 5 0 1 0 0 1 0 0 1 0 5 1 0 0 2 0 8 0 5 0 1 0 1 0 0 1 0 0 7 0 8 0 3 0 1 0 2 0 4 0 6 0 3 0 7 0 1 0 5 0 0 0 7 1 0 0 3 0 4 0 4 0 5 0 0 0 7 0 5 0 2 0 3 0 8 0 6 0 1 1 0 0 0 0 0 0 7 0 4 0 8 0 1 0 3 0 2 0 2 0 1 0 0 0 4 0 3 0 7 0 8 0 4 0 2 0 3 0 0 0 5 0 6 0 4 0 4 0 6 0 7 0 0 0 8 0 3 0 1 0 3 1 0 0 3 0 7 0 6 0 7 0 1 1 0 0 4 0 5 1 0 1 0 1 0 0 3 0 2 0 7 0 1 0 4 0 5 0 0 0 5 1 0 0 0 0 4 0 2 1 0 0 6 0 1 0 1 1 0 0 0 1 0 0 1 0 3 0 7 0 2 0 0 0 5 0 5 0 5 0 4 0 8 0 8 0 7 0 2 1 0 0 4 0 4 0 1 0 3 0 4 0 0 0 7 0 6 0 2 0 5 0 4 0 2 0 8 0 8 0 2 0 1 0 0 1 0 0 4 1 0 0 7 0 5 0 7 0 1 0 0 0 7 0 2 0 7 0 8 0 0 0 4 0 7 0 3 0 4 0 7 0 7 0 2 0 7 1 0 1 0 0 2 0 1 0 2 0 3 0 8 0 2 0 5 0 3 0 2 0 7 0 4 0 4 0 4 0 0 0 3 0 2 1 0 0 6 0 8 0 4 1 0 0 0 0 7 1 0 0 3 0 1 0 0 0 6 0 8 0 8 0 0 0 8 0 4 0 4 0 2 0 4 1 0 0 4 0 8 0 0 0 1 0 6 0 2 0 3 1 0 0 7 0 3 0 6 0 4 0 1 0 0 0 6 0 5 0 5 0 3 0 7 0 5 0 7 0 6 0 3 0 1 0 4 0 7 0 6 1 0 0 8 0 4 0 1 0 5 0 5 0 4 0 8 0 0 0 4 0 0 0 4 0 5 0 5 1 0 0 1 0 4 0 0 0 7 0 8 0 7 0 5 0 6 0 0 0 3 0 7 0 2 0 4 0 2 1 0 0 1
0 545 1 0 4 0 6 0 7 0 4 0 2 1 0 1 0 0 5 0 0 0 7 0 7 1 0 0 4 0 7 0 8 0 1 0 0 0 8 0 4 1 0 0 7 0 1 0 3 0 1 0 8 0 2 0 1 1 0 0 5 0 7 0 1 0 3 0 2 0 1 1 0 0 5 0 7 0 7 0 2 0 4 1 0 0 3 0 8 0 4 0 4 0 0 0 2 0 5 1 0 0 6 1 0 0 0 0 1 0 2 0 5 0 1 0 5 0 7 0 7 0 3 0 4 0 7 1 0 0 1 0 5 0 0 0 7 0 3 0 6 0 4 0 4 0 2 0 0 0 8 0 7 0 5 0 7 1 0 0 5 0 6 0 1 0 1 0 4 0 0 0 0 0 4 0 5 0 2 0 6 0 7 0 2 0 7 0 8 0 6 0 5 0 4 0 5 0 4 0 8 0 8 0 2 0 0 1 0 0 8 0 5 0 5 0 4 0 3 1 0 0 1 0 2 0 1 1 0 0 0 0 8 0 5 1 0 0 2 0 3 0 3 0 8 0 0 0 8 0 1 0 7 0 4 0 5 0 1 0 1 0 2 0 2 0 0 0 8 0 8 0 5 0 6 0 8 0 7 0 8 0 2 0 6 0 8 0 1 0 5 0 3 0 6 0 0 1 0 0 6 0 7 0 7 0 5 0 2 0 1 1 0 0 0 0 0 0 5 0 2 0 5 0 3 0 1 0 4 0 6 0 5 0 7 0 1 1 0 0 5 0 7 1 0 0 6 0 5 0 6 0 6 0 0 0 8 0 3 0 2 0 4 0 7 0 6 0 6 0 0 0 7 0 5 0 4 1 0 1 0 1 0 0 1 0 6 0 5 1 0 0 3 0 8 0 0 1 0 0 1 0 5 1 0 0 6 0 2 0 1 0 3 0 8 0 7 0 2 0 6 1 0 1 0 0 5 1 0 1 0 1 0 0 7 0 1 0 3 0 2 0 5 0 7 1 0 0 4 0 8 0 2 1 0 0 3 0 1 0 3 0 2 0 1 0 8 0 5 0 2 0 6 0 3 0 7 0 2 1 0 0 6 0 5 0 0 0 6 1 0 0 4 0 1 0 2 0 0 0 7 0 1 0 8 0 0 1 0 0 2 0 2 1 0 0 2 0 8 0 1 0 5 0 8 0 6 0 2 0 3 0 1 0 7 0 4 0 5 0 8 0 5 0 8 0 1
0 545 2 1 0 0 4 0 5 1 0 0 6 1 0 1 0 0 0 0 2 0 5 0 6 1 0 1 0 0 6 0 7 0 3 0 1 0 7 0 1 0 0 0 4 0 3 0 6 0 3 0 6 0 5 0 3 1 0 0 1 0 5 0 3 0 6 0 4 0 3 1 0 0 1 0 6 0 5 0 5 1 0 1 0 0 7 0 6 1 0 1 0 0 1 0 5 0 2 0 0 0 3 1 0 0 0 0 2 0 5 0 0 0 4 0 1 0 6 0 5 0 7 1 0 0 6 1 0 0 3 0 0 0 2 0 4 0 8 0 2 1 0 1 0 0 5 0 1 0 7 0 6 0 2 0 7 0 0 0 1 0 3 0 3 0 2 0 8 0 0 0 0 1 0 0 1 0 6 0 3 0 5 0 6 0 5 0 8 0 4 0 2 0 0 0 2 0 0 0 8 0 7 0 5 0 1 1 0 0 7 0 2 0 1 1 0 0 8 0 8 0 1 0 4 0 3 0 8 0 0 0 7 0 2 1 0 0 4 0 6 0 7 0 6 0 2 0 6 0 4 0 5 0 0 0 1 0 3 0 2 0 4 0 4 0 1 0 7 0 8 0 2 0 4 0 8 0 6 0 7 0 6 0 3 0 7 0 4 0 0 0 8 0 2 0 2 1 0 0 3 0 6 0 6 0 1 0 5 0 3 0 7 1 0 0 1 0 0 0 6 0 0 0 7 0 2 1 0 0 4 0 2 0 5 0 4 1 0 0 1 0 7 0 0 0 3 0 2 0 4 0 3 0 2 0 6 0 7 0 4 1 0 0 6 0 4 0 3 0 2 0 5 0 2 0 1 0 0 1 0 0 8 0 2 0 3 0 2 1 0 0 7 0 6 0 2 0 8 0 2 0 2 0 0 0 2 0 5 0 2 0 7 0 7 0 5 0 6 0 4 0 0 1 0 0 2 0 0 1 0 1 0 0 4 0 3 0 6 0 5 0 1 0 6 1 0 1 0 0 7 0 6 0 8 0 5 0 2 0 6 0 4 0 3 0 7 0 1 0 6 0 2 0 8 0 4 0 6 1 0 0 3 0 1 0 2 0 3 1 0 0 8 0 2 0 4 0 1 0 4 0 4 0 6 0 2 0 8 0 3 0 5 0 8 0 4 0 6 0 4 0 1 0 8 0 3 0 5 0 6 0 3 0 5 0 0 0 2 0 8 0 2 0 7 0 3
1 545 5 0 8 0 8 0 2 0 0 0 4 0 0 0 7 1 0 0 5 0 1 0 5 0 0 1 0 0 3 0 5 0 7 0 3 0 4 0 3 0 0 0 8 0 7 0 2 0 8 0 3 0 1 0 8 0 8 0 2 0 0 0 8 0 2 1 0 0 8 0 8 0 2 0 3 0 2 0 3 0 0 1 0 0 5 0 5 0 0 0 8 0 2 0 0 0 5 0 0 0 7 0 7 1 0 0 5 0 0 0 1 0 8 0 3 0 3 0 2 0 7 0 0 0 3 1 0 0 6 0 0 0 4 1 0 0 7 0 6 1 0 1 0 0 0 0 4 0 5 0 3 0 6 0 4 0 1 0 2 0 6 0 6 0 5 0 6 0 1 0 1 0 8 0 2 0 2 0 8 0 1 0 4 0 2 0 7 1 0 0 5 0 0 0 4 0 1 0 7 0 6 0 1 0 4 1 0 0 4 0 5 0 3 1 0 0 7 0 7 0 3 0 8 0 7 0 6 0 2 0 4 0 6 0 8 0 8 0 3 0 6 0 3 0 6 0 3 0 0 0 1 0 1 0 2 0 6 0 4 0 8 0 8 0 3 0 5 0 7 0 5 1 0 0 8 0 4 0 6 0 3 0 8 0 4 1 0 0 2 0 6 0 5 0 5 0 8 0 6 0 3 0 3 0 4 0 0 0 8 0 5 1 0 0 2 0 1 0 2 0 2 0 4 0 6 0 8 0 7 0 5 0 1 0 0 1 0 0 3 0 4 0 1 0 6 0 4 0 8 0 6 0 5 0 3 0 6 0 1 0 0 0 2 1 0 0 7 0 5 0 0 0 5 0 2 0 1 1 0 0 6 0 5 0 6 0 5 1 0 0 5 0 3 0 6 0 6 0 5 0 4 0 0 0 5 0 0 0 6 0 5 0 6 0 2 0 3 1 0 0 2 0 8 0 3 0 1 1 0 0 8 0 7 0 7 0 3 0 1 0 4 0 4 0 0 1 0 0 5 0 4 0 8 0 1 0 6 0 2 1 0 0 8 0 4 0 4 0 2 0 6 0 7 0 0 0 4 1 0 0 6 0 2 0 4 0 7 1 0 0 6 0 5 0 8 0 2 1 0 0 0 0 3 0 6 0 6 0 8 0 1 0 8 0 0 0 3 1 0 0 4 0 6 0 8 0 1 0 3 0 8 0 0 0 1 0 5 0 6 0 6 0 4 0 7
1 547 1 0 1 0 8 0 7 0 5 0 0 0 8 0 1 0 6 0 0 0 0 0 4 0 0 0 2 0 8 0 6 0 1 0 5 0 7 0 8 0 6 0 1 0 7 0 5 0 6 0 6 0 7 0 3 0 7 0 7 0 5 0 1 0 6 0 6 1 0 0 7 0 7 0 5 0 6 0 4 0 6 0 1 1 0 0 1 0 1 0 2 0 6 0 5 0 1 0 0 0 2 0 5 0 7 0 0 0 0 0 1 0 3 0 6 0 7 0 6 0 5 0 4 0 1 0 7 1 0 0 2 0 2 0 0 0 0 0 5 0 5 0 0 0 7 1 0 1 0 0 1 0 8 0 2 1 0 0 3 0 5 0 3 0 4 0 2 0 3 0 3 0 3 0 6 0 5 0 5 0 6 0 3 0 8 0 5 0 6 0 0 0 0 0 1 0 8 0 3 0 5 0 3 0 3 1 0 1 0 1 0 0 1 1 0 0 0 0 5 0 5 0 8 0 7 0 6 0 3 0 5 1 0 0 4 0 8 0 7 0 8 0 2 0 8 0 2 0 7 0 0 0 2 0 2 0 5 0 3 0 0 0 8 0 7 0 8 0 1 0 6 0 3 0 0 0 7 0 0 0 3 0 8 0 7 0 0 1 0 0 5 0 3 0 2 0 2 0 8 0 3 0 7 0 6 0 8 0 1 0 7 0 2 1 0 0 4 0 2 0 4 0 4 1 0 0 4 0 8 0 6 0 1 0 3 0 1 0 8 0 5 0 8 0 3 0 3 0 0 0 8 0 4 0 1 0 8 0 2 0 3 0 0 0 5 1 0 0 5 0 1 0 2 0 0 0 5 0 3 1 0 0 3 0 2 0 4 0 3 0 0 0 0 0 8 0 3 0 4 0 1 1 0 0 2 0 0 0 2 0 3 0 2 0 3 0 5 0 7 0 8 0 4 0 6 0 7 0 3 1 0 0 7 0 6 0 5 0 7 0 2 0 8 0 8 0 1 1 0 0 1 0 0 0 7 0 4 0 2 0 6 1 0 0 6 1 0 1 0 0 6 0 3 0 5 0 2 0 0 0 0 0 2 0 5 1 0 0 7 0 0 0 3 0 2 0 7 0 6 0 7 1 0 0 7 0 3 0 4 0 7 0 4 0 6 0 1 0 7 0 8 0 8 0 3 0 7 0 3 0 7 0 6 0 1 0 3 0 1 0 4 0 4 0 0 0 6
0 547 2 0 3 0 7 0 6 0 1 0 2 0 6 0 4 0 2 0 1 0 0 0 8 0 0 0 5 0 7 0 3 0 4 0 1 0 6 0 8 0 3 0 4 0 5 0 2 0 4 0 4 0 5 0 8 0 5 0 6 0 1 0 4 0 3 0 5 0 0 0 5 0 6 0 2 0 4 0 0 0 3 0 4 0 8 0 1 0 2 0 5 0 3 0 1 0 3 0 0 0 5 0 1 0 5 0 1 0 0 0 2 0 7 0 3 0 6 0 4 0 1 1 0 0 4 0 5 1 0 0 4 0 4 0 0 0 1 0 1 0 1 0 2 0 6 0 0 0 8 0 2 0 6 0 6 0 8 0 6 0 0 0 7 0 8 0 4 0 6 0 6 0 7 0 3 0 2 0 2 0 3 0 8 0 7 0 2 0 3 0 1 0 0 0 3 0 6 0 8 0 0 0 7 0 7 1 0 1 0 0 8 0 2 0 8 0 0 0 1 0 2 0 8 0 6 0 3 0 8 0 1 1 0 1 0 0 8 0 6 0 7 0 6 0 6 0 6 0 4 0 1 0 4 0 5 0 0 0 7 0 1 0 7 0 6 0 7 0 4 0 2 0 7 0 1 0 4 0 1 0 7 0 7 0 5 0 2 1 0 0 0 0 7 0 4 0 5 0 6 0 8 0 5 0 4 0 7 0 4 0 4 0 6 0 8 0 7 0 4 1 0 0 0 1 0 1 0 0 8 0 3 0 3 0 6 0 3 0 7 0 2 0 7 0 7 0 6 0 1 0 6 1 0 0 4 0 6 0 5 0 6 0 1 0 2 0 0 0 0 0 3 0 4 0 1 0 0 0 8 0 8 0 5 0 4 0 8 0 6 0 0 0 1 0 6 0 7 0 8 0 3 0 8 0 3 0 0 0 4 0 6 0 4 0 7 0 1 0 6 0 8 0 0 0 4 0 5 1 0 0 0 0 5 0 4 0 2 0 5 0 6 0 7 0 7 0 4 0 8 0 1 0 1 0 4 1 0 0 6 0 4 0 0 0 4 0 0 1 0 0 2 0 8 0 0 0 5 0 0 0 0 0 5 0 2 0 0 0 4 0 1 0 6 0 5 0 5 0 4 0 7 0 0 0 4 0 7 1 0 0 6 0 0 0 3 0 4 0 5 0 8 0 7 0 8 0 4 0 8 0 5 0 3 0 3 0 6 0 2 0 8 0 8 0 1 0 3
1 547 4 0 7 0 5 0 3 0 3 0 5 0 2 1 0 0 5 0 2 0 1 0 6 0 2 0 1 0 5 0 7 0 8 0 3 0 3 0 7 0 7 1 0 0 1 0 5 1 0 0 0 0 2 0 8 0 2 0 3 0 3 0 8 0 7 0 0 0 2 0 1 0 3 0 5 0 8 0 0 0 6 1 0 0 7 0 3 0 5 0 0 0 7 0 2 0 6 0 1 0 0 0 4 0 0 0 3 0 0 0 5 0 4 0 8 0 2 1 0 0 4 0 8 0 8 0 1 1 0 0 8 0 8 0 0 0 2 0 2 0 2 0 5 0 2 0 2 0 6 0 6 0 3 0 4 0 8 0 3 0 2 0 5 0 8 0 0 0 4 0 4 0 5 0 7 0 4 0 4 0 7 0 7 0 5 0 5 0 6 0 2 0 0 0 7 0 3 0 7 0 2 0 5 0 7 0 0 1 0 0 6 0 6 0 6 0 1 0 2 0 5 0 7 0 3 0 8 0 6 0 4 1 0 1 0 0 7 0 4 0 6 0 4 0 4 0 3 1 0 0 3 1 0 0 1 0 2 0 4 0 4 0 5 0 4 0 5 1 0 0 6 0 4 0 3 0 8 0 3 0 5 0 6 0 1 0 6 0 8 0 0 0 5 0 0 0 2 0 4 0 8 0 2 0 0 0 6 0 0 0 0 0 4 0 8 0 6 0 0 1 0 0 1 1 0 1 0 0 6 0 7 0 7 0 2 0 8 0 4 0 6 0 5 0 6 0 3 0 4 0 3 1 0 1 0 0 4 0 2 0 3 0 3 0 4 0 0 0 0 0 6 0 8 0 2 0 1 0 7 0 8 0 2 0 0 0 8 0 3 0 1 0 3 0 3 0 6 0 7 0 8 0 6 0 7 0 0 1 0 0 4 0 0 0 5 0 4 0 3 0 7 0 1 1 0 0 2 1 0 0 1 0 0 1 0 0 6 0 1 0 4 0 6 0 6 0 0 0 7 0 3 0 3 0 0 0 0 0 2 1 0 0 1 0 8 0 1 0 8 0 4 0 6 0 2 0 0 0 1 0 1 0 0 0 5 0 0 0 8 0 3 0 3 0 2 0 2 0 0 0 5 0 1 1 0 0 7 0 0 0 2 0 1 0 6 1 0 0 2 0 8 0 6 0 8 0 0 0 8 0 1 0 7 0 7 0 2 0 6 0 7 0 7 0 3 0 6
0 548 1 0 0 6 0 1 0 7 0 7 0 0 0 6 1 0 0 0 0 5 0 3 0 2 0 5 0 3 0 1 0 6 0 7 0 7 0 7 0 5 0 6 1 0 0 3 0 1 1 0 0 0 0 5 0 6 0 5 0 6 0 7 0 7 0 5 0 1 0 4 0 2 0 7 0 1 0 7 0 2 0 4 0 0 0 4 0 8 0 0 0 2 0 4 0 6 0 2 0 3 0 0 0 8 0 0 0 6 0 1 0 1 0 0 0 7 0 6 0 8 0 8 0 7 0 7 0 4 1 0 0 7 0 7 0 1 0 4 0 4 0 5 0 0 0 5 0 5 0 3 0 3 0 7 1 0 0 7 0 7 0 5 0 1 0 7 0 1 1 0 0 0 0 2 0 6 0 0 0 0 0 6 0 6 0 2 0 2 0 3 0 5 0 1 0 4 0 8 0 4 0 6 0 1 0 5 0 2 1 0 0 3 0 4 0 3 0 3 0 5 0 1 0 5 0 8 0 7 0 4 0 1 0 0 1 0 0 5 0 0 0 3 1 0 1 0 0 8 0 8 0 6 0 8 0 1 0 4 1 0 0 0 0 2 0 0 0 3 0 0 0 2 1 0 0 8 0 6 0 8 0 1 0 3 0 4 0 3 0 7 0 2 0 0 0 1 0 4 1 0 0 7 0 5 0 1 0 2 0 1 0 0 1 0 0 8 0 3 0 2 0 8 0 2 1 0 1 0 0 3 0 6 0 5 0 6 0 7 0 0 0 4 0 2 0 3 0 7 0 8 0 7 1 0 0 8 0 7 0 4 0 6 0 6 0 8 0 0 0 1 0 3 0 7 0 5 0 3 0 5 0 7 0 5 0 1 0 6 0 7 0 2 0 6 0 7 0 3 0 6 0 8 0 4 0 5 0 2 0 8 0 7 0 1 0 0 1 0 0 8 0 4 0 4 0 8 0 4 0 8 0 1 0 1 1 0 0 2 0 3 1 0 0 4 0 3 0 2 0 4 0 7 0 6 0 0 0 0 0 5 0 8 0 2 0 6 0 4 0 7 0 0 0 3 0 5 0 0 0 2 0 2 0 1 0 0 0 2 0 6 0 7 0 6 0 4 0 4 0 1 0 0 0 4 1 0 0 4 0 1 0 4 0 3 0 3 1 0 0 5 0 7 0 4 0 7 0 2 0 6 0 4 0 5 0 5 0 6 0 3 0 6 0 5 0 8 0 3
1 549 1 1 0 0 2 0 4 0 5 0 5 0 2 0 3 1 0 0 1 0 0 0 7 0 5 0 0 0 7 0 3 0 3 0 6 0 6 0 6 0 2 0 4 1 0 0 6 0 3 0 8 0 0 0 1 0 4 0 2 0 4 0 6 0 6 0 1 0 3 0 8 0 5 0 4 0 4 0 4 0 5 0 8 0 0 1 0 0 7 0 1 0 4 1 0 0 3 0 5 0 6 0 1 0 6 0 2 0 2 0 3 0 2 0 1 0 5 0 4 0 8 0 8 0 6 0 6 0 1 0 0 0 5 0 5 0 3 1 0 0 0 0 1 0 2 0 1 0 1 0 7 0 7 0 6 0 0 0 5 0 6 0 1 0 4 0 4 0 4 0 7 1 0 0 5 0 2 0 1 0 1 0 3 0 3 0 5 0 4 0 7 0 0 0 3 1 0 0 8 0 0 0 3 0 4 0 0 0 6 0 8 0 5 0 8 0 6 0 7 0 0 0 4 0 1 0 8 0 5 1 0 0 3 0 1 1 0 0 0 0 1 0 7 1 0 1 0 0 7 0 8 0 4 0 7 0 3 1 0 1 0 0 0 0 4 0 0 0 6 0 0 0 5 1 0 0 7 0 4 0 7 0 3 0 6 0 8 0 7 0 4 0 5 0 0 0 3 0 0 0 0 0 5 0 1 0 3 0 4 0 2 0 1 1 0 0 6 0 7 0 5 0 6 0 6 1 0 0 8 0 6 0 3 0 2 0 4 0 5 0 1 0 8 0 4 0 7 0 5 0 8 0 7 0 0 0 7 0 6 0 0 0 4 0 4 0 7 0 1 0 2 0 7 0 5 0 1 0 8 0 1 0 6 0 1 0 4 0 3 0 5 0 6 0 3 0 5 0 8 0 3 0 8 0 0 0 1 0 6 0 7 0 5 0 3 0 1 1 0 0 7 0 0 0 0 0 8 0 0 0 7 0 3 0 3 0 8 0 3 0 7 0 8 0 7 0 6 0 4 1 0 0 6 0 3 0 1 0 1 0 1 0 7 0 6 0 3 0 0 0 5 0 1 0 7 0 0 0 1 0 4 0 4 0 2 0 0 0 5 0 3 0 6 0 3 1 0 1 0 0 3 0 0 1 0 1 0 0 8 0 2 0 8 0 6 0 7 1 0 0 1 0 6 0 0 0 5 0 6 0 3 0 0 0 2 0 2 0 3 0 8 0 3 0 2 0 7 0 7
1 549 3 0 8 0 3 1 0 0 2 0 1 0 5 0 7 0 8 0 1 0 1 0 5 0 1 0 2 0 4 0 7 0 7 0 3 0 4 0 3 0 6 0 0 0 0 0 2 0 8 0 6 0 1 0 2 0 8 0 4 1 0 0 4 0 3 0 3 0 7 0 7 0 2 0 0 0 0 0 0 0 2 0 7 0 2 1 0 0 4 0 3 1 0 1 0 0 7 0 1 0 3 0 4 0 2 0 5 0 4 0 6 0 4 0 3 0 1 0 0 0 8 0 8 0 4 0 3 0 3 0 1 0 1 0 1 0 8 0 7 1 0 0 2 0 4 0 2 0 3 0 5 0 6 0 3 0 2 0 1 0 3 0 3 1 0 0 0 0 0 0 7 0 0 0 0 0 5 0 2 0 2 0 6 0 7 0 1 0 0 0 5 0 1 0 7 1 0 0 6 0 1 0 6 0 8 0 1 0 3 0 8 0 2 0 8 0 4 0 5 0 1 0 8 0 3 0 7 0 2 1 0 0 6 0 3 0 7 1 0 0 3 0 6 0 0 1 0 0 5 0 8 0 0 0 5 1 0 0 0 0 7 1 0 0 8 0 1 0 2 0 2 0 2 0 0 0 5 0 0 0 5 0 8 0 3 0 8 0 6 0 0 0 1 0 1 0 6 0 0 0 1 0 0 0 3 0 6 0 8 0 4 0 3 1 0 0 3 0 6 0 2 0 4 0 5 0 0 0 7 0 3 0 7 0 4 1 0 0 1 0 4 0 7 0 0 0 6 0 2 0 8 0 5 0 2 0 5 0 3 0 1 1 0 0 0 0 5 0 3 0 5 0 5 0 1 0 4 0 6 0 4 0 2 0 3 0 8 0 7 0 1 0 3 0 8 0 1 0 7 0 8 0 6 0 1 0 3 0 3 0 6 0 1 0 7 0 3 1 0 0 4 0 1 0 1 0 6 0 2 0 4 0 7 0 7 0 6 0 8 0 5 0 8 0 6 0 4 0 1 0 0 0 2 0 7 0 2 0 2 0 3 0 5 0 3 0 7 0 1 0 0 0 4 0 4 0 1 0 2 0 8 0 8 0 4 0 1 0 0 0 8 0 2 1 0 0 0 0 8 0 5 0 1 1 0 1 0 0 6 0 6 0 7 0 4 0 6 1 0 0 3 0 2 0 2 0 1 0 3 0 7 0 0 0 4 0 4 0 7 0 6 0 7 0 5 0 5 0 6
0 549 7 0 6 0 8 0 8 0 3 0 3 0 1 0 6 0 7 0 3 0 3 0 0 0 3 0 4 1 0 0 6 0 5 0 7 0 8 0 7 0 2 0 1 0 0 0 5 0 7 0 3 0 3 0 5 0 7 0 0 1 0 0 8 0 6 0 7 0 5 0 5 0 5 0 0 0 0 0 0 0 5 0 4 0 6 0 8 0 7 0 7 1 0 1 0 0 4 0 3 0 6 0 8 0 5 0 1 0 0 0 3 1 0 0 7 0 2 0 1 0 7 0 7 1 0 0 7 0 6 0 2 0 2 0 3 0 7 0 6 1 0 0 4 0 8 0 4 0 7 0 1 0 3 0 7 0 4 0 2 0 6 0 7 0 7 1 0 0 1 0 4 0 1 0 1 0 0 0 5 0 5 0 3 0 5 0 3 0 1 0 0 0 4 0 6 0 0 0 2 0 4 0 3 0 7 0 3 0 7 0 6 0 6 0 7 0 0 0 1 0 4 0 6 0 8 0 4 0 6 1 0 0 2 0 8 0 5 1 0 0 7 0 2 0 2 1 0 0 1 0 7 0 2 0 1 1 0 0 1 0 6 0 0 0 6 0 3 0 4 0 4 0 4 0 1 0 0 0 2 0 1 0 7 0 8 0 7 0 3 0 1 0 2 0 3 0 2 0 1 0 2 0 0 0 7 0 3 0 7 1 0 0 8 0 8 0 6 0 2 0 5 1 0 0 1 0 2 0 4 0 8 0 5 0 0 1 0 0 2 1 0 0 5 0 2 0 2 0 6 0 7 0 1 0 6 0 0 0 7 0 3 0 8 0 0 0 0 0 8 0 1 0 1 0 3 1 0 0 3 1 0 0 5 0 7 0 7 0 5 0 3 0 7 0 6 0 4 0 5 0 8 0 3 0 3 0 6 0 7 0 2 0 4 0 4 0 8 0 8 0 7 0 2 0 3 0 2 0 5 1 0 0 6 0 6 0 4 0 8 0 2 0 8 0 3 1 0 0 3 0 0 0 5 0 4 0 5 0 4 0 7 0 0 0 8 0 4 0 3 0 0 0 8 0 8 0 2 0 5 0 7 0 7 1 0 0 3 0 1 0 6 0 6 0 8 0 0 0 7 0 1 0 4 1 0 1 0 0 3 0 4 0 6 0 0 0 4 1 0 0 6 0 4 0 4 0 2 0 7 0 4 0 1 1 0 0 0 0 6 0 4 0 6 0 2 0 2 0 4
1 551 1 0 5 0 4 0 8 0 7 0 7 0 6 0 3 0 3 0 5 0 7 0 6 0 0 0 7 0 0 0 0 0 3 0 2 0 6 0 8 0 5 0 5 0 2 0 1 0 1 0 5 0 7 0 7 0 1 0 5 0 2 1 0 0 7 0 4 0 6 0 2 0 2 0 1 0 1 0 0 0 1 0 1 0 0 0 4 0 8 0 6 0 7 0 0 0 8 0 7 0 7 0 3 0 8 0 1 0 3 0 0 0 7 1 0 0 4 0 5 0 3 0 5 0 7 0 0 0 5 0 3 0 5 0 4 0 7 0 5 0 4 1 0 1 0 0 8 0 0 0 5 0 3 0 7 0 4 1 0 0 6 0 3 0 6 0 6 1 0 0 2 0 8 0 2 0 2 0 1 0 1 0 1 0 8 0 0 0 7 0 2 0 0 1 0 0 3 0 1 0 4 0 8 0 7 0 4 0 8 0 5 0 4 0 4 0 5 0 1 0 2 1 0 0 4 0 8 0 0 0 4 1 0 0 5 0 7 0 3 0 0 0 4 0 5 0 5 0 8 0 2 0 4 0 5 0 3 0 8 0 2 0 2 0 2 0 2 0 7 0 8 0 8 0 8 0 2 0 0 0 4 0 3 0 5 0 8 0 5 0 7 0 2 0 4 0 6 0 4 0 2 0 4 0 1 0 4 0 8 0 6 0 0 0 7 0 8 0 3 0 6 0 1 1 0 0 2 0 4 1 0 0 8 0 1 0 2 0 8 0 4 1 0 0 0 0 5 0 5 0 3 0 5 0 4 0 2 0 2 0 4 0 8 0 6 0 1 0 1 0 6 0 3 0 2 0 7 0 8 0 6 1 0 0 1 0 6 0 6 0 1 0 8 0 5 0 4 0 0 0 2 0 7 0 7 0 7 0 3 0 5 0 5 1 0 0 0 0 8 0 8 0 5 0 5 0 6 0 5 0 2 0 0 0 3 0 4 0 0 0 7 0 6 0 6 0 8 0 8 0 5 0 1 0 1 0 0 0 2 0 0 0 5 0 2 0 6 1 0 0 7 0 1 0 7 0 7 0 6 0 1 0 6 0 6 1 0 0 6 0 3 0 3 0 4 0 7 0 2 0 4 0 4 0 0 0 0 0 8 0 5 1 0 0 3 0 2 0 0 0 0 0 2 1 0 1 0 0 6 0 4 1 0 0 4 0 8 0 0 0 3 0 0 0 3 0 5 0 4 1 0
1 551 3 0 1 0 0 0 8 0 6 0 6 0 3 0 7 0 7 0 1 0 6 0 3 0 2 0 4 0 1 0 0 0 6 0 5 0 3 0 8 0 2 0 1 0 5 0 2 0 3 0 1 0 6 0 5 0 4 0 0 0 6 1 0 0 5 0 0 0 3 0 5 0 4 0 2 0 2 0 0 0 2 0 2 0 0 1 0 0 8 0 4 0 5 0 2 0 7 0 6 0 5 0 8 0 6 0 3 0 6 0 1 0 5 1 0 1 0 0 1 0 8 0 1 0 5 0 2 0 0 0 8 0 1 0 0 0 6 0 2 0 1 0 0 1 0 0 6 0 2 0 0 0 8 0 5 0 1 0 0 0 2 0 8 0 3 0 4 1 0 0 5 0 6 0 5 0 4 0 2 0 2 0 3 0 6 0 2 0 4 0 5 0 1 0 8 0 5 0 2 1 0 0 8 0 6 0 0 0 8 0 2 0 0 0 0 0 1 0 3 0 5 0 8 0 8 0 6 0 2 0 0 0 0 0 1 0 5 0 7 0 0 1 0 0 2 0 2 0 7 0 5 1 0 0 1 0 8 0 6 0 5 0 4 0 4 0 5 0 5 0 8 0 8 0 7 0 5 0 0 0 8 0 7 0 1 0 8 0 2 0 5 0 5 1 0 0 3 1 0 0 5 0 8 0 2 1 0 0 8 0 3 0 2 0 5 0 7 0 8 0 2 0 4 0 8 0 4 0 0 0 0 0 6 0 3 0 5 0 7 0 0 1 0 0 1 0 1 0 1 0 8 0 0 1 0 0 5 0 4 1 0 0 8 0 3 0 3 0 3 0 2 0 7 0 5 0 5 0 8 0 4 1 0 0 3 0 3 0 3 0 4 0 7 0 1 1 0 0 1 0 5 0 5 0 6 0 5 0 8 0 1 0 2 1 0 0 1 0 7 0 8 0 2 0 2 0 4 0 1 0 5 0 0 0 6 0 8 0 1 0 5 0 4 0 4 0 8 0 8 0 1 0 3 0 2 0 0 0 4 0 1 0 0 0 6 0 4 0 0 0 4 0 4 0 5 0 6 0 3 0 4 0 3 0 5 0 0 0 2 0 7 0 6 1 0 0 5 0 5 0 8 0 8 0 0 0 1 0 7 0 2 1 0 0 6 0 4 0 0 0 0 0 5 1 0 1 0 0 3 0 0 1 0 1 0 0 7 0 1 0 6 0 0 0 7 0 1 0 0 1 0
1 551 6 0 2 0 1 0 7 0 4 0 3 0 8 0 5 0 5 0 4 0 2 0 7 0 4 0 8 0 2 0 1 0 3 0 1 0 8 0 6 0 5 0 3 0 0 0 5 0 6 0 3 0 3 0 1 1 0 0 2 0 4 0 0 0 0 0 1 0 7 0 0 1 0 0 5 0 4 0 0 0 4 0 4 0 1 1 0 0 7 0 0 0 1 0 6 0 5 0 4 0 2 0 8 0 3 0 8 0 2 0 4 0 2 0 0 0 8 0 2 0 6 0 4 0 0 0 5 0 1 0 6 0 3 0 1 0 2 0 5 0 2 0 1 1 0 0 2 0 5 0 1 0 7 0 1 0 3 0 0 0 5 0 6 0 8 0 0 0 0 0 1 0 4 0 1 1 0 0 5 0 4 0 7 0 2 0 5 1 0 0 1 0 4 0 7 0 1 0 6 1 0 0 7 0 3 0 2 0 6 0 5 0 0 0 0 0 2 0 7 0 1 0 8 0 8 0 3 0 5 0 0 0 0 0 3 0 1 0 5 0 2 0 8 0 3 0 5 0 5 0 2 1 0 0 3 0 7 0 4 0 2 0 0 0 0 0 2 0 2 0 8 0 8 0 6 0 1 0 2 0 7 0 5 0 4 0 6 0 6 0 1 0 2 1 0 0 7 1 0 0 1 0 7 0 6 1 0 0 6 0 7 0 5 0 1 0 6 0 7 0 5 1 0 0 7 1 0 0 1 0 1 0 2 0 8 0 1 0 5 0 2 0 8 0 1 0 2 0 3 0 6 0 2 1 0 0 1 0 1 0 0 0 6 0 7 0 6 0 6 0 5 0 5 0 2 0 2 0 8 0 0 1 0 0 6 0 6 0 6 1 0 0 5 0 4 0 8 0 2 0 1 0 2 0 4 0 2 0 7 0 3 0 5 0 8 0 2 0 5 0 7 0 5 0 4 0 8 0 3 0 0 0 2 0 3 0 7 0 4 0 1 0 0 0 0 0 8 0 7 0 3 0 6 0 4 0 0 0 8 0 2 0 1 0 2 1 0 0 1 1 0 0 0 0 2 0 3 0 7 0 8 0 7 0 0 0 1 0 5 0 5 0 5 0 0 0 1 0 2 0 8 0 7 0 1 0 3 0 4 0 6 1 0 0 2 1 0 0 1 0 1 0 2 0 0 0 8 0 5 0 1 1 0 1 0 0 4 0 4 0 2 0 2 0 4 0 3 0 1 0 7
1 553 1 0 2 0 5 0 3 0 4 1 0 0 8 0 7 0 2 0 1 1 0 0 6 0 5 0 0 0 7 0 5 0 2 0 6 0 3 0 7 0 4 0 1 0 7 0 1 0 1 0 3 0 7 0 6 0 3 0 8 0 3 0 8 0 0 0 0 0 3 0 4 0 2 1 0 0 0 1 0 0 1 0 8 0 8 0 3 1 0 0 4 0 1 0 3 0 3 0 1 1 0 0 6 0 6 0 8 0 6 0 5 0 8 0 4 0 1 0 6 0 6 0 2 1 0 0 2 0 0 0 4 0 2 0 7 0 2 0 5 0 0 0 5 0 3 0 8 0 4 0 0 0 4 0 4 0 3 0 6 0 1 0 1 0 4 0 7 0 1 0 0 0 2 0 8 0 3 1 0 0 1 0 0 0 5 0 6 0 1 1 0 0 2 1 0 0 5 0 4 0 4 0 0 0 4 0 7 0 5 0 3 0 1 0 1 0 0 0 5 0 4 0 4 0 7 0 7 0 8 0 0 0 1 0 0 0 6 0 3 0 0 0 6 0 6 0 8 0 1 0 1 0 6 0 8 0 6 0 4 1 0 0 5 0 0 0 0 0 4 0 5 0 7 0 8 0 3 0 3 0 5 0 5 0 2 0 0 0 4 0 3 0 3 0 5 1 0 0 5 1 0 0 3 0 5 0 5 0 0 0 3 0 6 0 1 0 4 0 3 0 6 0 3 0 0 0 5 1 0 0 2 0 2 0 5 0 6 0 4 0 0 0 6 0 6 0 3 0 4 0 7 0 2 0 6 0 8 0 1 0 2 0 1 0 3 0 6 0 4 0 4 0 2 0 1 0 5 0 5 0 6 0 2 1 0 0 3 0 4 0 5 0 0 0 1 0 0 0 7 0 5 0 2 0 4 0 8 0 5 0 4 0 8 0 1 0 7 0 6 0 1 0 6 0 2 0 0 0 7 0 7 0 0 0 4 0 7 0 4 1 0 0 3 0 0 0 1 0 7 0 5 0 8 0 2 1 0 0 2 0 6 0 5 0 2 0 5 0 8 0 2 0 7 1 0 0 4 0 7 0 5 0 8 0 5 0 1 0 3 0 1 0 2 0 1 0 1 0 2 0 5 0 7 0 5 0 3 0 6 1 0 0 4 1 0 0 5 0 8 0 1 0 2 0 4 0 1 0 7 0 1 0 4 1 0 0 8 0 7 0 8 0 4 0 4 0 8 0 6 0 3 0 5
0 553 2 0 5 0 0 0 8 0 0 0 0 0 7 0 5 0 5 0 3 1 0 0 3 0 1 0 2 0 5 0 1 0 6 0 2 0 8 0 4 1 0 0 4 0 4 0 3 0 2 0 7 0 5 0 3 0 8 0 6 0 8 0 6 0 1 0 0 0 6 0 8 0 5 0 8 0 0 0 8 0 2 0 7 0 7 0 8 0 8 0 7 0 2 0 6 0 6 0 3 1 0 0 3 0 4 0 8 0 4 0 2 0 7 1 0 0 4 0 3 0 3 0 6 0 8 0 3 0 0 0 8 0 5 0 4 0 6 0 0 0 2 0 0 0 8 0 6 1 0 0 1 0 8 0 8 0 7 0 2 0 3 0 2 1 0 0 5 0 3 0 0 0 5 0 6 0 8 0 8 0 1 0 1 0 1 0 3 0 4 0 8 0 4 1 0 0 0 1 0 1 0 0 1 1 0 0 6 0 1 0 7 0 2 0 2 0 1 0 1 0 0 0 0 0 6 0 6 0 7 0 1 0 2 0 1 0 2 0 7 0 1 0 3 0 4 0 7 0 3 0 3 0 3 0 8 0 4 0 1 0 0 0 0 0 1 0 0 1 0 0 2 0 6 0 7 0 7 0 7 0 1 0 1 0 5 0 0 0 8 0 6 0 7 0 2 0 0 0 1 1 0 0 7 0 1 0 1 0 1 0 7 0 2 0 3 0 8 0 7 0 2 0 7 0 1 0 1 1 0 0 4 0 5 0 1 0 3 1 0 0 2 0 3 0 3 0 7 1 0 0 5 0 6 0 3 0 7 0 3 0 4 0 2 0 7 0 2 1 0 1 0 0 5 0 3 0 1 0 2 0 3 0 6 0 8 0 5 1 0 0 1 0 1 0 2 0 1 0 5 0 1 0 5 1 0 0 8 0 2 0 0 0 7 0 4 0 5 0 3 0 4 0 2 0 5 0 1 0 5 0 5 0 1 1 0 0 6 0 0 1 0 0 6 0 0 0 3 0 5 0 2 0 7 0 6 0 8 0 4 0 3 0 1 0 6 0 1 0 7 0 6 0 5 1 0 1 0 0 6 0 2 0 8 0 1 0 3 0 6 0 2 0 4 0 2 0 2 0 5 0 1 0 6 0 1 0 8 0 4 0 0 0 0 0 0 0 1 0 7 0 3 0 4 0 8 0 3 0 4 0 4 0 0 0 0 0 7 0 6 0 8 0 0 0 0 0 8 0 3 0 8 0 1
0 553 5 0 0 0 2 0 6 0 1 0 1 0 5 0 2 0 1 0 8 0 8 0 5 0 2 0 5 0 0 0 4 0 2 0 6 0 7 0 0 1 0 0 8 0 8 0 6 0 5 0 5 0 1 0 8 0 7 0 4 0 8 0 3 0 3 0 1 0 3 0 8 0 2 0 7 0 2 0 6 0 6 0 5 0 6 0 8 0 8 0 5 0 6 0 3 0 3 0 8 0 8 0 5 1 0 0 7 1 0 0 6 0 5 1 0 0 8 0 6 0 7 0 3 0 7 0 7 0 1 0 7 0 2 0 0 0 3 0 1 0 4 0 1 0 7 0 4 1 0 0 3 0 7 0 8 0 5 0 5 0 6 0 5 1 0 0 0 0 7 0 1 0 1 0 4 0 8 0 7 0 3 0 2 0 2 0 6 1 0 0 8 0 0 1 0 0 1 1 0 0 8 0 2 1 0 0 2 0 4 0 4 0 5 0 4 0 2 0 2 0 0 0 1 0 3 0 4 0 5 0 3 0 4 0 2 0 5 0 4 0 3 0 6 1 0 0 5 0 7 0 6 0 7 0 6 1 0 0 3 0 0 0 0 0 2 0 1 0 8 0 4 0 3 0 6 0 6 0 5 0 3 0 3 0 0 0 2 0 7 0 4 0 5 0 5 0 0 0 3 1 0 0 4 0 3 0 2 0 3 0 4 0 5 0 7 0 7 0 5 0 6 0 4 0 3 0 3 0 8 0 8 0 0 0 3 0 7 0 8 0 3 0 6 0 7 0 6 0 0 0 1 0 3 0 8 0 4 0 7 0 8 0 5 0 4 0 6 1 0 1 0 0 0 0 7 0 2 0 4 0 7 0 3 0 8 0 2 1 0 0 2 0 2 0 4 0 3 0 0 0 4 0 2 0 0 0 6 0 5 0 1 0 5 0 0 0 1 0 7 0 8 0 5 0 0 0 4 0 1 0 1 0 4 1 0 0 2 0 2 1 0 0 2 0 1 0 7 0 0 0 6 0 5 0 4 0 7 1 0 0 7 0 3 0 2 0 4 0 5 0 4 0 3 0 0 1 0 0 2 0 6 0 6 0 3 0 7 0 2 0 5 0 8 0 4 0 5 0 0 0 4 0 2 0 4 0 6 1 0 0 1 0 0 0 0 0 3 0 4 0 7 1 0 0 7 0 7 0 8 0 8 0 0 0 1 0 5 0 4 0 7 0 1 0 1 0 6 0 8 0 6 0 3
1 555 1 0 0 0 1 0 5 0 2 0 3 0 3 0 0 0 5 0 3 0 7 0 8 0 1 0 6 0 0 0 1 0 8 0 5 0 3 0 5 0 2 1 0 0 7 0 8 0 4 0 2 0 1 0 4 0 7 0 6 0 0 0 7 0 7 0 6 0 2 0 7 0 6 0 6 0 4 0 6 0 3 0 4 0 2 0 4 0 8 0 8 0 2 0 3 0 7 0 7 0 7 0 8 0 3 0 0 0 6 0 0 0 3 0 3 0 0 0 7 0 4 0 5 0 8 0 5 0 5 0 4 0 4 0 5 0 0 0 6 0 2 0 8 0 3 0 5 0 0 1 0 0 7 0 5 0 8 0 2 0 2 0 4 0 2 1 0 0 1 0 4 0 3 0 2 1 0 0 8 0 5 0 7 0 4 0 5 0 4 0 0 0 6 0 2 0 8 0 2 1 0 0 6 0 6 0 8 0 3 1 0 0 0 0 1 1 0 0 5 0 4 0 0 0 2 0 6 1 0 0 1 0 7 0 8 0 5 0 0 1 0 0 8 0 4 0 0 0 1 0 6 0 4 0 6 0 4 1 0 0 6 0 0 0 0 0 4 0 3 0 6 1 0 0 8 0 3 0 4 0 1 0 7 0 6 0 0 0 5 0 5 0 0 0 2 0 1 0 1 0 7 0 8 0 7 0 6 0 4 0 6 1 0 0 2 0 6 0 6 0 2 0 3 1 0 0 7 0 7 0 7 0 7 0 1 0 7 0 5 0 7 0 8 0 3 0 6 0 3 0 1 0 2 0 7 0 7 0 0 0 6 0 8 0 2 0 0 0 5 0 0 0 8 0 0 0 4 0 5 1 0 0 5 0 8 0 6 0 6 0 8 0 3 0 4 0 8 0 6 0 0 0 8 0 4 0 1 0 3 0 1 0 4 0 0 0 1 0 3 0 5 0 8 0 1 0 1 0 8 0 2 0 2 1 0 1 0 0 4 0 5 0 8 0 3 0 3 0 4 0 2 0 3 0 2 0 0 0 7 0 0 0 4 0 7 0 4 1 0 0 1 1 0 0 7 0 1 0 8 0 4 0 3 0 3 0 8 0 4 0 6 0 1 0 8 0 0 0 1 0 1 0 8 0 4 1 0 0 4 1 0 0 2 0 0 0 0 0 6 1 0 0 7 0 0 0 5 0 6 0 8 0 7 0 1 0 3 0 1 0 0 0 5 0 3 0 3 0 3 0 8 0 3 0 7
1 555 2 0 0 0 3 0 0 0 5 0 6 0 6 0 1 0 0 0 8 0 5 0 7 0 4 0 2 0 1 0 3 0 7 0 1 0 8 0 0 0 6 1 0 0 5 0 7 1 0 0 5 0 2 1 0 0 6 0 3 0 2 0 5 0 6 0 3 0 6 0 5 0 4 0 4 0 0 0 3 0 7 0 8 0 4 1 0 0 8 0 7 0 5 0 7 0 5 0 6 0 6 0 7 0 7 0 1 0 2 0 1 0 6 0 6 0 1 0 5 0 0 0 2 0 8 0 2 0 2 0 0 0 0 0 1 0 2 0 2 0 6 0 6 0 8 0 0 0 2 1 0 0 5 0 2 0 7 0 5 0 4 0 8 0 5 0 8 0 1 0 8 0 6 0 5 1 0 0 7 0 2 0 6 0 0 0 1 1 0 0 2 0 2 0 6 0 6 0 6 1 0 0 3 0 4 0 7 0 8 0 7 1 0 0 3 1 0 0 0 1 0 0 1 0 5 0 3 1 0 0 3 0 5 0 8 0 1 0 2 1 0 0 6 1 0 0 1 0 3 0 3 0 0 0 4 0 1 0 0 0 2 0 1 0 0 0 8 0 7 0 4 0 0 0 6 0 7 0 8 0 3 0 5 0 3 0 2 0 1 0 1 0 1 0 4 0 2 0 3 0 5 0 8 0 6 0 4 0 0 0 4 1 0 0 5 0 3 0 3 0 5 0 7 1 0 0 5 0 6 0 6 0 5 0 4 0 5 0 2 0 6 0 7 0 8 0 2 0 7 0 2 0 5 0 5 0 5 0 2 0 3 0 7 0 5 0 1 0 0 0 2 0 6 0 1 1 0 0 3 0 0 0 1 0 8 0 4 0 4 0 7 0 7 1 0 0 8 0 3 0 2 0 6 1 0 0 3 0 6 0 2 0 8 0 0 0 2 0 7 0 1 0 7 0 3 0 3 0 6 0 5 0 5 1 0 0 8 0 8 0 1 0 7 0 7 0 6 0 8 0 4 0 6 0 4 0 1 0 4 0 1 1 0 0 6 0 0 1 0 0 3 1 0 0 4 0 4 0 6 1 0 0 7 0 7 0 7 0 0 0 3 0 4 0 6 0 1 0 2 0 3 0 7 0 0 1 0 1 0 1 0 0 4 0 0 0 1 0 4 0 0 0 4 0 2 0 1 0 4 0 8 0 5 0 3 0 6 0 2 0 1 0 0 0 7 0 6 0 7 0 6 0 8 0 5
0 555 4 0 0 0 6 0 1 0 1 0 4 0 3 0 3 0 1 0 7 0 2 0 5 1 0 0 5 0 2 0 7 0 4 0 4 0 6 0 2 0 4 0 0 0 1 0 7 0 0 0 0 0 6 1 0 0 2 0 7 0 5 0 1 0 3 0 8 0 3 0 1 1 0 1 0 0 1 0 7 0 5 0 8 0 1 0 0 0 7 0 6 0 2 0 6 0 2 0 4 0 4 0 6 0 5 0 3 0 4 0 3 0 3 0 3 0 4 0 0 0 1 0 5 0 6 0 5 0 4 0 0 0 0 0 2 0 4 0 5 0 3 0 4 0 7 0 1 0 5 1 0 0 0 0 6 0 5 0 2 0 0 0 8 0 2 0 7 0 4 0 7 0 4 0 3 0 0 0 4 0 6 0 2 0 1 0 3 0 8 0 3 0 5 0 3 0 4 0 4 1 0 0 6 1 0 0 6 0 8 0 6 1 0 0 7 0 8 0 0 0 8 0 2 0 0 0 8 0 8 0 6 0 1 0 7 0 3 0 5 1 0 0 3 1 0 0 2 0 6 0 6 0 0 0 8 0 2 0 0 0 4 0 2 0 1 0 7 0 5 1 0 0 2 0 3 0 6 0 7 0 8 0 0 0 7 0 4 0 2 0 2 0 2 0 8 0 4 0 7 0 1 0 8 0 3 1 0 0 2 0 0 0 0 0 0 0 7 0 7 0 1 0 7 0 0 0 1 0 4 0 4 0 2 0 0 0 1 0 6 0 3 0 6 0 7 0 6 0 4 0 6 0 1 0 2 0 1 0 5 0 7 0 5 0 1 0 3 0 0 0 5 0 2 0 4 0 8 0 5 0 0 0 3 0 7 0 0 0 0 0 6 0 7 0 0 0 6 0 7 0 5 0 3 1 0 0 7 0 2 0 6 0 6 0 1 0 5 0 4 0 4 0 4 0 7 0 7 0 3 0 2 0 3 0 0 0 7 0 7 0 4 0 5 0 6 0 4 0 8 0 0 0 3 1 0 0 3 0 8 0 3 1 0 0 2 0 2 0 8 0 6 0 8 0 7 1 0 0 5 0 0 0 5 0 6 0 5 0 1 0 6 1 0 0 3 0 3 0 4 0 7 0 4 0 2 1 0 1 0 0 8 0 7 0 0 0 2 0 8 0 0 0 8 0 4 0 2 1 0 0 8 0 1 0 8 0 2 0 5 0 2 0 1 0 5 0 4 0 6 0 4 0 8 0 2
1 555 8 0 1 0 2 0 3 0 2 0 8 0 6 0 6 0 3 0 4 0 6 0 2 0 0 0 0 0 6 0 5 0 0 0 0 0 3 0 5 0 8 0 0 0 3 0 4 0 1 0 1 0 3 1 0 0 5 0 5 0 1 0 3 0 7 0 6 0 7 0 3 1 0 0 8 0 2 0 5 0 2 0 7 0 3 0 1 0 5 0 3 0 6 0 2 0 5 1 0 0 0 0 4 0 1 0 7 0 8 0 6 0 6 0 6 0 8 0 0 0 3 0 1 0 4 0 1 1 0 0 1 0 0 0 4 1 0 0 1 0 7 1 0 0 5 0 4 0 1 1 0 0 1 0 3 0 1 0 5 0 1 0 6 0 6 0 5 0 0 0 5 1 0 0 7 0 0 1 0 0 3 0 5 0 2 0 7 0 6 0 8 0 0 0 7 1 0 0 1 0 0 0 4 0 0 0 3 0 8 0 5 0 0 0 5 0 7 0 2 0 6 0 5 0 1 0 7 0 8 0 3 0 4 0 4 0 8 0 1 1 0 0 7 0 8 0 4 0 3 0 3 0 2 0 6 0 5 0 0 0 8 0 4 0 3 0 5 0 2 1 0 0 4 0 7 0 3 0 6 0 7 0 2 0 4 1 0 0 5 0 4 0 5 0 7 0 0 0 5 0 4 0 6 0 8 0 8 0 3 0 0 0 0 0 1 0 5 0 5 0 4 0 4 0 1 0 2 0 8 0 8 0 4 0 0 0 3 0 2 0 8 0 3 0 6 0 4 0 0 0 3 0 3 0 4 0 3 0 1 0 6 0 1 0 3 0 6 0 1 0 0 0 5 1 0 0 8 0 1 0 1 0 7 0 4 0 1 0 1 0 3 0 5 0 2 0 3 0 6 0 1 1 0 0 0 0 4 0 6 0 3 0 3 0 4 0 1 0 0 0 0 0 0 0 6 0 5 0 7 0 4 0 6 0 1 0 5 0 6 0 0 0 2 0 4 0 0 0 7 0 1 0 7 0 8 0 6 0 6 0 8 0 8 0 3 0 5 0 7 0 4 0 8 0 7 0 0 0 0 0 2 0 1 0 4 0 1 0 4 0 3 1 0 0 6 0 6 1 0 0 5 1 0 0 6 1 0 1 0 0 7 0 5 0 1 0 5 0 6 0 2 0 6 1 0 0 6 1 0 0 6 0 4 0 6 0 6 0 0 0 5 0 3 0 1 0 0 0 4 0 0 0 7 0 5
0 557 1 0 6 0 3 0 4 0 6 0 5 0 7 0 4 0 3 0 7 1 0 0 3 0 5 0 0 0 1 0 3 0 1 0 1 0 0 0 7 0 1 0 7 0 1 0 6 0 8 0 2 0 2 0 7 1 0 0 1 0 1 0 3 0 7 0 5 0 4 0 5 1 0 0 0 0 6 0 6 0 0 0 6 0 4 0 7 0 3 0 0 0 8 0 2 0 6 0 1 1 0 0 0 0 8 0 3 0 5 0 8 0 4 0 4 0 4 0 7 0 1 0 6 0 2 0 8 0 3 0 8 0 1 0 0 1 0 1 0 0 3 0 6 0 0 0 0 1 0 0 4 0 8 0 1 0 6 0 3 0 0 0 4 0 3 0 4 0 1 0 2 0 2 0 0 0 4 0 2 0 8 0 6 0 0 0 6 0 5 0 4 0 7 0 2 0 5 1 0 0 2 0 0 0 8 0 0 0 7 0 7 0 1 0 2 0 1 0 5 0 6 0 3 0 1 0 4 0 5 0 7 0 7 1 0 0 0 0 7 0 4 1 0 0 5 0 7 1 0 0 7 0 6 0 5 0 3 0 1 0 2 0 6 1 0 0 8 0 0 0 6 0 8 0 8 0 4 0 8 0 3 0 5 0 6 0 0 0 0 0 1 0 0 0 2 0 5 0 2 0 1 0 0 0 4 0 8 0 7 0 7 0 0 0 0 0 3 0 1 0 1 1 0 1 0 0 3 0 5 0 7 0 7 1 0 0 1 0 6 0 5 0 6 0 8 0 2 1 0 0 1 0 6 0 6 0 8 0 6 0 3 0 2 0 3 0 7 0 2 0 3 0 1 0 2 0 0 0 6 0 3 0 3 0 4 1 0 0 3 0 2 0 7 0 0 0 5 0 7 0 2 0 4 0 7 1 0 1 0 0 3 0 7 0 6 0 8 0 2 0 0 0 0 0 1 0 3 0 2 0 6 0 0 0 3 0 4 0 1 0 3 0 1 0 4 0 8 0 1 0 4 0 4 0 5 0 8 0 4 0 4 0 8 0 7 0 8 0 1 0 6 0 0 0 8 0 5 0 1 0 0 0 4 0 2 0 8 0 2 0 8 0 7 1 0 0 3 0 5 0 0 0 2 0 0 0 4 0 0 1 0 0 5 0 1 0 4 0 1 0 3 0 6 0 4 0 0 0 4 0 0 0 3 0 0 0 4 0 3 0 2 0 0 0 7 0 2 0 0 0 8 0 1 0 5 0 2
1 557 3 0 2 0 7 1 0 0 4 0 2 0 5 1 0 0 8 0 5 1 0 0 7 0 0 0 1 0 2 0 6 0 2 0 2 0 1 0 4 0 4 0 4 0 4 0 3 0 7 0 5 0 5 0 5 1 0 0 2 0 2 0 7 0 5 0 2 0 0 0 2 1 0 0 1 0 3 0 3 0 2 0 3 0 0 0 5 0 7 0 1 0 6 0 6 0 2 0 4 0 8 0 0 0 6 0 8 0 1 0 8 0 0 0 0 0 0 0 5 0 4 0 2 0 6 0 6 0 8 0 6 0 3 0 1 1 0 0 8 0 6 0 2 0 1 0 1 0 8 0 8 0 6 0 4 0 2 0 7 0 0 0 8 0 6 0 8 0 2 0 4 0 4 0 0 0 8 0 5 0 7 0 3 0 2 0 3 0 2 0 0 0 5 0 6 0 1 1 0 0 4 0 1 0 6 0 2 0 5 0 5 0 3 0 4 0 3 0 1 0 3 0 7 0 2 1 0 0 2 0 6 0 6 1 0 0 1 0 5 0 1 0 0 0 1 0 7 0 0 0 5 0 4 0 1 0 7 0 2 0 5 0 4 0 0 0 6 0 2 0 3 0 8 0 8 0 0 0 7 0 8 0 1 0 3 0 1 0 0 0 2 0 0 0 5 0 0 0 5 0 2 0 0 1 0 0 8 0 6 0 5 0 1 0 0 0 6 0 2 0 3 1 0 0 8 0 6 0 1 0 6 0 6 1 0 0 3 0 3 0 2 0 4 0 7 0 6 0 8 0 2 0 3 0 4 0 8 0 3 0 7 0 4 0 7 0 4 0 5 0 6 0 2 0 4 0 1 0 2 0 7 0 6 1 0 1 0 0 6 0 5 0 4 0 2 0 1 0 5 0 5 1 0 0 7 0 0 0 8 0 6 0 5 0 4 0 7 0 5 0 0 0 0 0 2 0 6 0 5 0 2 0 1 0 6 0 8 0 2 0 6 0 2 1 0 0 7 0 3 1 0 0 0 0 2 0 8 0 0 0 0 0 8 0 6 0 7 0 4 0 2 0 2 0 7 0 1 0 3 0 0 0 8 0 5 0 6 0 6 0 7 0 6 1 0 0 7 0 0 0 1 0 4 0 0 0 8 0 1 1 0 0 0 0 3 0 8 0 2 0 7 0 2 1 0 0 1 0 8 0 0 0 6 0 0 0 8 0 6 0 4 0 1 0 4 0 5 0 1 0 6 0 4 0 0 0 5
0 557 6 0 5 0 5 1 0 0 8 0 5 0 2 0 0 0 7 0 3 0 0 0 4 0 1 0 2 0 5 0 2 0 5 0 4 0 2 0 8 0 8 0 8 0 8 0 7 0 5 0 2 0 2 0 2 1 0 0 4 0 5 0 5 0 1 0 5 0 0 0 5 0 8 0 1 0 6 0 6 0 4 0 6 0 1 0 1 0 5 0 4 0 3 0 3 0 5 1 0 0 7 0 2 0 3 0 7 0 4 0 6 0 1 0 0 0 1 0 0 1 0 0 6 0 3 0 4 0 8 0 3 0 7 0 3 1 0 0 7 0 3 0 5 0 2 0 3 0 7 0 8 0 3 1 0 0 6 0 4 0 2 0 7 0 4 0 7 0 5 0 8 0 8 0 1 0 7 0 2 0 5 0 7 0 4 0 6 0 4 0 1 0 1 0 3 0 4 0 8 0 7 0 3 0 2 0 6 0 1 0 1 0 7 0 8 0 6 0 2 0 7 0 4 0 6 0 8 0 4 0 3 0 4 1 0 0 3 0 0 0 3 0 0 0 3 0 4 0 2 0 0 1 0 0 4 0 4 0 6 0 0 1 0 0 2 0 2 0 5 0 7 0 7 0 7 0 2 0 5 0 7 0 3 0 6 0 2 0 0 0 4 0 1 0 0 0 2 0 0 0 5 0 1 1 0 0 7 0 4 0 1 0 3 0 1 0 2 0 5 0 7 1 0 0 7 0 3 0 4 0 3 0 4 1 0 0 6 0 6 0 4 1 0 0 6 0 4 0 7 0 5 0 6 1 0 0 7 0 8 0 5 0 0 0 6 0 0 0 2 0 3 0 5 0 8 0 2 0 5 0 5 0 5 0 0 1 0 0 3 0 1 1 0 0 5 0 3 0 1 0 3 0 0 0 4 0 2 0 7 0 4 0 2 0 0 0 6 0 1 0 1 0 0 0 5 0 3 0 1 0 5 0 3 0 3 0 7 0 6 0 2 0 6 1 0 0 4 0 8 0 7 1 0 0 5 0 6 0 1 0 1 0 7 0 4 0 5 1 0 0 5 0 5 0 4 0 3 0 6 0 1 0 7 0 2 0 4 0 4 0 6 0 5 0 0 0 4 0 1 0 2 0 8 0 1 0 6 0 4 0 7 1 0 0 7 0 6 0 6 0 4 0 6 0 8 0 2 0 6 0 2 0 2 0 2 0 7 0 3 1 0 0 3 1 0 0 1 0 4 0 2 1 0 0 2 0 1
0 559 1 0 3 0 2 0 3 0 0 0 7 0 1 0 5 0 1 0 4 0 7 0 0 0 8 0 2 0 5 0 0 0 6 0 0 1 0 0 6 0 7 0 8 0 8 0 8 0 6 0 1 0 5 0 4 0 5 0 8 0 8 0 1 0 1 0 4 0 0 0 2 0 1 0 7 0 4 0 3 0 4 0 0 0 3 0 3 0 3 0 0 1 0 0 7 0 7 0 2 0 0 0 4 0 5 0 7 0 5 0 0 0 3 0 3 0 0 0 2 0 1 1 0 0 2 0 7 1 0 0 7 0 8 0 4 1 0 0 0 0 4 0 8 0 0 0 5 0 7 0 5 0 7 1 0 0 0 0 2 1 0 0 6 0 5 0 0 0 6 0 2 0 8 0 7 0 4 0 4 0 6 0 1 0 6 0 0 0 3 1 0 0 3 0 2 0 6 1 0 0 8 0 5 0 7 0 5 0 2 0 3 0 3 0 5 0 8 0 3 0 6 0 5 0 0 0 4 0 7 1 0 0 7 1 0 1 0 0 6 0 0 0 6 0 0 0 6 0 8 0 4 0 1 0 8 0 7 1 0 0 3 0 2 0 8 0 3 0 5 0 1 0 6 0 6 0 5 0 6 0 1 0 5 0 8 0 2 0 5 0 0 0 8 0 2 0 0 0 4 0 1 0 0 0 4 1 0 0 4 1 0 0 3 0 6 0 2 0 5 0 1 0 7 0 0 0 4 0 7 0 8 0 7 0 0 0 0 0 3 0 4 0 1 0 0 0 3 0 0 0 6 0 2 0 5 0 0 0 5 0 8 0 1 0 2 0 2 0 1 0 4 0 7 0 1 0 7 0 6 0 1 0 2 0 1 0 2 0 8 0 5 0 3 1 0 0 0 0 7 0 2 0 6 0 0 0 8 0 5 0 4 1 0 0 5 0 1 0 2 0 3 0 2 0 1 0 0 0 7 0 3 0 0 0 7 0 7 0 5 0 3 0 6 0 3 1 0 1 0 0 8 0 7 0 0 0 1 0 3 0 3 0 3 0 5 0 0 0 3 0 0 0 1 0 1 1 0 0 8 0 2 0 4 0 4 0 5 1 0 0 0 0 4 0 1 0 1 0 8 0 2 0 5 0 6 0 4 0 3 0 0 0 7 0 0 0 5 0 4 0 4 0 0 0 4 0 7 0 6 0 2 0 5 0 4 0 5 0 4 0 8 0 8 0 6 0 8 0 1 0 8 0 5 0 8 0 3 0 2
1 559 2 0 6 0 4 0 6 0 1 0 4 0 4 0 0 0 3 1 0 0 5 0 2 0 6 0 6 0 0 0 2 0 2 0 2 1 0 0 3 0 6 0 8 0 8 0 8 0 3 0 4 0 1 0 0 0 2 0 8 0 7 0 3 0 2 0 8 0 0 0 4 0 3 0 4 1 0 0 7 0 8 0 0 0 6 0 6 0 6 0 1 1 0 0 5 0 5 0 5 0 0 1 0 0 2 0 6 0 1 0 1 0 6 0 6 0 0 0 4 0 3 0 8 0 4 0 6 0 0 0 5 0 8 0 0 1 0 0 0 1 0 0 7 0 2 0 1 0 6 0 2 0 6 1 0 0 0 0 5 1 0 0 3 0 1 0 2 0 2 0 6 0 7 0 6 0 0 0 0 0 3 0 4 0 2 0 1 0 7 0 8 0 5 0 5 0 4 0 0 0 7 0 2 0 6 0 1 0 5 0 6 0 7 0 1 0 7 0 8 0 3 0 1 0 1 1 0 0 7 0 0 0 6 0 0 1 0 0 2 0 2 0 2 0 2 0 3 0 7 1 0 0 4 0 7 0 6 1 0 0 6 0 5 0 6 0 8 0 0 0 4 0 3 0 4 0 2 0 3 0 4 0 1 0 7 0 6 0 0 0 2 0 6 0 5 0 0 0 8 0 2 0 0 1 0 1 0 1 0 1 0 0 7 0 2 0 6 0 0 0 4 0 4 0 1 1 0 0 6 0 8 0 5 0 1 0 0 0 6 0 8 0 2 0 0 0 6 0 1 0 2 0 6 0 0 0 2 0 1 0 7 0 3 0 4 0 4 0 2 1 0 0 5 0 4 0 5 0 3 0 3 0 4 0 2 0 5 0 7 0 1 0 8 0 8 0 0 0 4 0 6 0 2 0 2 0 7 0 2 0 1 0 0 0 0 0 3 0 4 0 6 0 4 0 2 0 1 0 4 0 7 0 1 0 5 0 6 0 1 0 8 0 2 1 0 0 0 1 0 0 7 0 5 0 1 0 2 0 6 0 6 0 7 0 0 0 1 0 6 0 0 0 2 0 3 1 0 0 6 0 5 1 0 0 0 0 2 1 0 0 0 0 8 0 2 0 3 0 6 0 6 0 1 0 3 1 0 0 7 0 1 0 4 0 2 0 0 1 0 1 0 0 1 1 0 0 6 0 3 0 6 0 1 0 0 0 2 0 0 0 8 0 8 0 4 0 7 0 4 0 7 0 2 0 7 0 7 0 4
0 559 5 0 3 0 0 0 3 0 3 0 8 0 8 0 0 0 7 1 0 0 0 0 6 0 3 0 3 0 1 0 4 0 4 0 5 0 8 0 6 0 3 0 8 0 8 0 7 0 7 0 8 0 2 0 0 0 5 0 7 0 5 0 7 0 5 0 6 0 1 0 8 0 7 0 0 0 0 0 5 0 7 0 2 0 3 0 4 0 3 0 4 1 0 0 1 0 2 0 1 0 2 0 8 0 4 0 2 0 3 0 3 0 3 0 3 0 1 0 8 0 7 0 7 0 0 0 3 0 2 0 1 0 7 0 2 0 8 0 0 1 0 0 4 0 5 0 3 0 2 0 6 0 3 1 0 0 1 0 1 1 0 0 6 0 2 0 4 0 5 0 3 0 6 0 3 0 1 0 0 0 6 0 8 0 4 0 3 0 5 0 8 0 2 0 1 1 0 0 2 0 4 0 6 0 2 0 4 0 1 0 4 0 5 0 4 0 5 0 7 0 7 0 2 0 3 1 0 0 4 0 2 0 2 0 2 0 8 0 3 0 4 0 4 0 4 0 7 0 5 1 0 1 0 0 6 0 5 0 0 0 3 0 2 0 4 0 7 0 1 0 8 0 6 0 8 0 4 0 6 0 8 0 3 0 5 0 3 0 1 0 5 0 3 0 1 0 2 0 6 0 5 0 1 1 0 1 0 1 0 1 0 0 4 0 6 0 2 0 1 0 8 0 8 0 3 1 0 0 3 0 8 0 1 0 3 0 1 0 3 0 7 0 5 0 1 0 2 0 3 0 5 0 2 0 1 0 4 0 3 0 4 0 7 0 8 0 8 0 5 1 0 0 1 0 0 0 1 0 7 0 6 0 8 0 5 0 1 0 5 0 4 0 7 0 7 0 1 1 0 0 3 0 5 0 5 0 4 0 5 0 2 0 0 0 0 0 6 1 0 0 3 1 0 0 5 0 2 1 0 0 5 0 4 0 1 0 3 0 4 0 6 0 6 0 8 0 0 1 0 0 5 0 1 0 3 0 5 0 3 0 4 0 5 0 1 0 3 0 2 0 1 0 4 0 7 1 0 0 3 0 2 1 0 0 0 0 5 0 8 0 0 0 6 0 5 0 7 0 3 0 3 0 3 0 7 1 0 0 4 0 3 0 8 0 4 0 1 1 0 0 8 0 2 1 0 0 2 0 8 0 2 0 3 0 0 0 4 0 1 0 7 0 8 0 0 0 6 0 0 0 5 0 6 0 5 0 6 0 0
0 561 1 0 0 0 7 0 0 0 6 0 7 0 7 0 7 0 2 0 5 1 0 0 1 0 2 0 7 0 6 0 2 1 0 0 0 0 2 0 8 0 3 0 8 0 7 0 8 0 6 0 6 0 7 0 5 0 1 0 1 0 6 0 2 0 6 0 2 0 3 0 4 0 7 0 5 0 1 0 1 0 1 0 5 0 5 0 6 0 8 0 6 1 0 1 0 0 2 0 4 0 2 0 5 0 6 1 0 0 5 0 6 0 6 0 6 0 6 0 3 0 7 0 6 0 5 0 1 0 6 0 4 0 3 0 4 0 6 0 6 0 2 0 8 0 8 0 0 0 7 0 5 0 2 0 8 0 8 0 1 0 3 1 0 0 2 0 5 1 0 0 1 0 8 0 2 0 7 0 2 0 1 0 3 0 7 1 0 0 8 0 1 0 7 0 5 0 3 0 8 0 3 1 0 0 3 0 5 0 8 0 2 1 0 0 2 0 0 0 2 0 6 0 5 0 5 0 7 0 8 0 7 0 4 0 4 0 5 0 6 0 7 1 0 0 0 0 0 0 6 0 3 0 0 1 0 0 3 0 1 0 1 0 6 0 4 1 0 0 5 0 4 0 7 0 4 0 8 0 0 0 4 0 7 0 8 0 0 0 7 0 3 0 0 0 7 0 2 0 5 0 3 0 1 0 4 1 0 1 0 1 0 0 8 0 8 0 2 0 5 0 3 0 7 0 7 0 8 0 8 0 6 0 6 0 3 0 6 0 2 0 7 0 5 0 1 0 3 0 4 0 7 0 0 0 5 0 2 0 8 0 6 1 0 0 6 0 8 0 8 0 2 1 0 0 2 0 0 0 3 0 5 0 4 0 8 0 1 0 4 0 1 0 0 0 6 0 5 0 4 0 8 0 6 0 1 0 2 0 0 0 1 0 5 0 0 0 1 0 3 1 0 0 7 1 0 0 0 0 6 1 0 0 0 1 0 0 3 0 6 1 0 0 4 0 4 0 7 0 2 1 0 0 0 0 3 0 7 0 0 0 7 1 0 0 1 0 3 0 6 0 4 0 2 1 0 0 6 1 0 0 6 0 5 0 8 0 0 0 1 0 7 0 2 0 3 0 2 0 5 0 7 0 6 0 7 0 5 1 0 0 8 0 7 0 6 1 0 0 4 1 0 0 6 0 6 0 8 0 4 0 6 0 5 0 6 0 0 0 8 0 3 0 5 0 7 0 2 0 2 0 2 0 1 0 4 0 2 0 3 0 1
0 561 2 0 1 0 4 0 2 0 3 0 6 0 6 0 5 0 6 0 1 1 0 0 2 0 5 0 5 0 3 0 6 0 7 1 0 0 5 0 6 0 8 0 7 0 6 0 8 0 4 0 4 0 6 0 1 0 3 0 3 0 2 0 6 0 2 0 5 0 6 1 0 0 6 0 1 0 3 0 2 0 3 0 1 0 2 0 4 0 8 0 5 0 0 0 8 0 3 0 8 0 5 0 1 0 5 0 0 0 1 0 4 0 4 0 4 0 3 0 8 0 5 0 4 0 1 0 4 0 2 1 0 0 7 1 0 0 4 0 3 0 6 0 7 0 7 0 2 0 5 0 1 0 6 0 7 0 7 0 3 0 7 0 8 0 4 0 1 1 0 0 3 0 6 0 6 0 4 0 5 0 2 0 7 0 6 0 0 0 6 0 4 0 5 0 1 0 8 0 6 0 8 0 8 0 6 0 1 0 7 0 6 0 8 0 3 0 0 0 5 0 3 0 2 0 2 0 6 0 8 0 6 0 0 0 0 0 2 0 4 0 6 1 0 0 0 0 1 0 2 0 7 0 1 0 8 0 5 0 2 0 3 0 3 0 1 0 0 0 1 0 0 0 6 0 0 0 7 0 1 1 0 0 6 0 7 0 2 0 4 0 7 0 1 0 4 0 6 0 0 0 7 0 3 0 0 0 0 1 0 1 0 0 7 0 7 0 6 0 0 0 8 0 5 0 6 0 8 0 8 0 4 0 3 0 8 0 2 0 6 0 5 0 1 0 3 0 6 1 0 0 5 0 2 0 0 0 6 0 7 0 5 0 0 0 3 0 8 0 7 0 6 0 8 0 3 0 0 0 7 0 1 0 0 0 7 0 3 0 8 0 2 0 1 0 3 0 2 0 0 0 8 0 3 0 3 0 4 0 0 0 3 0 0 0 1 0 2 0 7 1 0 0 5 1 0 0 1 0 3 1 0 0 1 0 8 0 6 0 3 1 0 1 0 0 0 0 5 0 6 0 7 1 0 0 7 0 4 0 2 0 5 1 0 0 2 0 7 0 2 1 0 0 6 1 0 0 4 0 0 0 3 0 2 0 7 0 1 0 3 0 4 0 5 0 6 0 5 0 1 0 6 0 4 0 6 0 3 0 0 0 7 0 6 0 5 0 0 0 0 0 0 0 3 0 4 0 8 0 0 0 4 0 2 0 3 0 2 0 6 0 8 0 1 0 5 0 5 0 4 0 4 0 2 0 8 0 4 0 6 0 2
1 561 4 0 2 0 8 0 4 0 7 0 3 0 4 0 2 0 3 0 4 0 8 0 4 0 1 0 1 0 8 0 3 0 7 0 0 0 1 0 4 0 8 0 6 0 4 0 8 0 0 0 0 0 3 0 3 0 6 0 6 0 5 0 2 0 6 0 1 0 5 0 0 0 2 0 3 0 6 0 4 0 6 0 2 0 4 1 0 0 8 0 1 0 2 0 6 0 8 0 7 0 1 0 4 0 0 0 1 0 2 0 8 0 8 0 8 0 7 0 7 0 1 1 0 0 3 0 8 0 5 1 0 0 5 1 0 0 8 0 7 0 3 0 6 0 5 0 6 0 0 0 4 0 3 0 6 0 5 0 8 0 5 0 7 1 0 0 4 0 8 0 6 0 3 0 4 0 0 0 1 0 6 0 5 0 3 0 2 0 3 0 0 0 1 0 4 0 7 0 4 0 8 0 8 0 3 0 4 0 5 0 4 0 7 0 7 0 1 0 0 0 7 0 4 0 5 0 3 0 8 0 3 0 1 0 0 0 4 1 0 0 4 1 0 0 0 0 2 0 5 0 4 0 4 0 7 0 1 0 5 0 6 0 6 0 2 0 0 0 2 0 1 0 2 0 2 0 4 0 4 1 0 0 3 0 5 0 5 1 0 0 5 0 3 1 0 0 3 0 2 0 4 0 7 0 0 0 1 1 0 1 0 0 5 0 6 0 3 0 2 0 7 0 2 0 4 0 8 0 7 1 0 0 8 0 6 0 6 0 3 0 1 0 3 0 7 0 4 0 0 0 0 0 5 0 1 0 3 0 6 0 1 0 1 0 7 0 7 0 6 0 4 0 7 0 7 0 1 0 4 0 3 0 1 0 4 0 8 0 6 0 5 0 2 0 6 0 4 0 1 0 6 0 7 0 6 0 8 0 0 0 6 0 0 0 2 0 5 0 6 0 0 0 1 1 0 0 2 0 7 0 8 0 2 0 7 0 3 1 0 0 0 0 8 0 0 0 1 0 4 0 7 0 0 0 4 1 0 0 6 0 1 1 0 0 5 0 4 0 6 1 0 0 3 1 0 0 8 0 0 0 6 0 5 0 4 0 3 0 6 1 0 0 2 0 4 0 1 0 4 0 3 0 0 0 3 0 7 0 1 0 5 0 4 0 1 0 1 0 0 0 0 0 6 1 0 0 7 0 1 0 8 0 4 0 6 0 5 0 3 0 7 0 4 0 1 0 1 1 0 1 0 0 6 0 7 0 0 0 3 0 5
0 561 8 0 5 0 7 0 0 0 5 0 7 0 8 0 4 0 6 1 0 0 7 1 0 0 3 0 3 0 6 0 8 0 4 0 1 0 2 1 0 0 8 0 4 0 0 0 7 0 1 0 0 0 6 0 7 0 3 0 4 0 1 0 6 0 2 0 4 0 0 0 1 0 4 0 7 0 3 0 0 0 3 0 6 0 0 0 0 0 6 0 3 0 5 0 3 0 8 0 5 0 3 0 8 0 0 0 2 0 5 0 7 0 8 0 8 0 6 0 5 0 4 0 8 0 6 0 7 0 3 0 0 0 2 0 0 0 7 0 5 0 8 0 3 0 2 0 3 0 1 0 8 0 7 0 3 0 2 0 8 0 2 0 6 1 0 1 0 0 8 0 3 0 7 0 8 0 0 0 3 0 3 0 1 0 7 0 4 0 6 0 0 0 2 1 0 0 6 0 0 0 8 0 7 0 7 1 0 0 2 0 0 0 6 0 5 0 3 0 1 0 5 0 0 0 1 0 8 0 6 0 7 0 2 0 0 1 0 1 0 1 0 1 0 0 0 0 5 0 1 0 0 0 0 0 5 0 4 0 1 0 4 0 3 0 5 0 0 0 4 0 2 0 4 0 4 1 0 0 0 1 0 0 7 0 1 0 3 0 0 0 0 0 8 0 8 0 5 0 4 1 0 0 5 0 1 0 3 1 0 1 0 0 1 0 3 0 7 0 5 0 4 0 5 1 0 0 8 0 7 0 0 0 7 0 4 0 3 0 7 0 2 0 7 0 4 1 0 0 1 0 1 0 0 0 3 0 7 0 2 0 3 0 3 0 5 0 6 0 4 0 0 0 6 0 5 0 3 0 8 0 6 0 2 1 0 0 8 0 4 0 1 0 6 0 2 1 0 0 4 0 3 0 6 0 4 0 7 0 2 0 2 0 1 0 5 0 1 0 3 0 1 0 3 0 8 0 4 0 5 0 7 0 6 0 4 0 8 0 8 0 0 0 6 0 1 0 2 1 0 0 5 0 2 0 0 0 0 0 2 0 4 1 0 0 1 0 0 0 4 1 0 0 7 1 0 0 6 0 2 0 3 0 1 1 0 0 8 0 3 1 0 0 4 0 8 0 2 0 8 0 6 0 0 0 7 0 4 0 4 0 0 1 0 0 3 0 2 0 0 0 1 0 4 0 0 0 4 0 4 0 7 0 0 0 4 0 1 0 8 0 4 1 0 0 3 0 3 1 0 1 0 0 3 0 5 0 1 0 7 0 1
0 563 1 0 7 0 2 0 5 0 2 0 1 0 6 0 8 0 0 0 5 0 0 0 5 1 0 0 6 0 7 0 3 0 7 1 0 0 3 0 5 1 0 0 6 1 0 0 2 0 4 0 3 0 1 0 3 0 5 0 7 0 8 0 3 0 2 0 5 0 8 0 0 0 2 1 0 0 5 0 7 0 0 0 7 0 2 0 1 0 1 0 2 0 8 0 0 0 8 0 7 0 1 0 8 0 6 0 1 0 5 0 1 0 6 0 8 0 8 0 4 0 2 0 0 0 8 0 4 0 5 0 7 0 0 0 4 0 1 0 5 0 2 0 7 0 7 0 4 0 6 0 3 0 7 0 5 0 7 0 5 0 6 0 6 0 4 0 0 1 0 0 6 0 8 0 5 0 7 0 1 0 6 0 6 0 3 0 5 0 0 0 3 0 1 0 5 1 0 0 2 0 2 0 7 0 6 0 6 1 0 0 4 0 1 0 3 0 1 0 7 0 3 0 0 0 1 0 3 0 7 0 4 0 5 0 5 0 1 1 0 1 0 1 0 0 8 0 0 0 0 0 3 0 0 0 1 0 0 1 0 0 3 0 8 0 7 0 0 0 1 0 8 0 4 1 0 0 0 1 0 0 1 1 0 0 4 0 3 0 6 0 0 0 1 0 7 0 8 0 2 0 1 0 0 0 0 0 3 0 7 1 0 0 8 0 1 0 7 0 5 0 2 0 0 0 3 0 0 0 7 0 5 0 2 0 4 1 0 0 8 0 4 0 6 0 5 0 0 1 0 0 2 0 2 0 0 0 7 0 4 0 5 0 6 0 7 0 1 0 3 1 0 0 2 0 3 0 1 0 8 0 7 0 3 0 6 1 0 0 6 1 0 0 4 0 2 0 6 0 8 0 7 0 7 0 3 0 0 0 5 0 5 0 4 0 3 0 0 0 3 0 6 0 2 0 7 0 7 0 0 0 2 0 6 0 4 0 0 0 8 0 7 0 2 0 2 0 3 0 5 1 0 0 0 0 5 0 0 0 0 0 4 1 0 1 0 0 2 0 1 0 0 0 0 0 6 0 0 0 2 0 5 0 6 0 3 1 0 0 6 0 8 0 8 0 8 0 6 0 6 0 7 0 3 0 2 0 4 1 0 1 0 0 2 0 8 0 5 0 4 0 0 0 2 0 8 0 0 1 0 0 0 0 5 0 1 0 8 0 3 0 7 0 0 1 0 0 6 0 7 1 0 0 8 0 6 0 0 0 4 0 4 0 3
1 563 3 0 4 0 6 0 0 0 5 0 3 0 3 0 7 0 2 0 0 0 2 0 2 0 0 0 3 0 5 0 8 0 5 1 0 0 7 0 2 0 0 0 3 1 0 0 4 0 8 0 6 0 2 0 7 0 1 0 6 0 7 0 7 0 5 0 1 0 7 0 1 0 5 1 0 0 1 0 5 0 2 0 4 0 5 0 2 0 2 0 5 0 6 0 2 0 7 0 5 0 4 0 7 0 3 0 4 0 0 0 4 0 3 0 8 0 7 1 0 0 5 0 1 0 7 0 0 0 2 0 5 0 1 0 8 0 3 0 0 0 6 0 5 0 6 0 0 0 3 0 8 0 5 0 2 0 6 0 2 0 4 0 3 1 0 0 2 1 0 0 3 0 8 0 2 0 5 0 4 0 3 0 3 0 8 0 0 0 1 0 6 0 3 0 1 1 0 0 4 0 5 0 5 0 4 0 4 1 0 0 8 0 2 0 6 0 3 0 4 0 7 0 0 0 2 0 7 0 5 0 0 0 2 0 1 0 4 1 0 1 0 1 0 0 6 0 1 0 0 0 6 0 0 0 2 0 1 0 8 0 6 0 7 0 5 0 1 0 3 0 7 0 0 1 0 0 1 0 8 0 2 0 8 0 7 0 7 0 2 0 1 0 3 0 5 0 7 0 5 0 2 0 0 0 0 0 7 0 6 0 0 0 6 0 4 0 5 0 1 0 5 0 0 0 6 0 1 0 5 0 1 0 6 0 0 0 0 0 7 0 0 0 4 0 1 0 2 0 8 0 3 0 4 0 1 0 5 0 0 0 2 0 4 0 5 0 3 0 7 0 8 0 3 0 6 0 3 0 7 0 5 0 8 0 4 0 0 0 3 1 0 0 8 0 5 0 3 0 8 0 6 0 5 0 7 0 1 0 1 0 1 1 0 0 7 0 0 0 7 0 2 0 6 0 5 0 5 0 1 0 5 0 2 1 0 0 2 0 7 0 5 0 5 0 4 0 7 0 1 1 0 0 1 0 0 0 1 0 1 0 0 0 0 0 8 0 3 0 2 0 0 0 1 0 2 0 1 0 5 0 1 0 3 1 0 0 0 0 3 0 8 0 8 0 8 0 4 0 4 0 5 0 7 0 5 0 0 0 0 0 8 0 4 0 7 0 1 1 0 0 1 0 5 0 6 0 2 0 8 0 0 0 0 0 4 0 6 0 8 0 4 0 2 1 0 0 3 0 7 0 0 0 7 0 3 0 1 0 8 0 8 0 6
1 563 6 1 0 0 3 0 2 0 0 0 7 0 7 0 4 0 5 0 0 0 4 0 4 0 0 0 7 0 1 0 8 0 3 0 0 0 4 0 5 0 0 0 7 0 8 0 8 0 7 0 3 0 6 0 4 0 4 0 3 0 6 0 6 0 1 0 4 0 4 0 4 0 1 1 0 0 3 0 0 0 5 1 0 0 1 0 5 0 5 0 1 0 3 0 6 0 5 0 2 0 0 0 5 0 7 0 8 0 0 0 8 0 7 0 7 0 7 0 0 0 0 0 4 0 4 0 1 0 5 0 0 0 4 0 6 0 7 0 1 0 3 0 2 0 3 0 1 0 7 0 7 0 1 0 6 0 2 0 5 0 8 0 7 0 8 0 4 0 8 0 6 0 6 0 6 0 0 1 0 0 7 0 7 0 6 0 1 0 3 0 2 0 7 0 3 0 8 0 8 0 1 0 2 0 0 0 1 0 0 0 6 0 6 0 2 0 7 1 0 0 5 0 1 0 5 0 5 0 1 0 1 0 4 0 3 0 0 0 0 1 0 1 0 0 2 0 3 0 1 0 2 0 1 0 4 0 3 0 7 0 4 0 6 0 1 0 3 0 7 0 4 0 2 0 8 0 2 0 6 0 6 0 7 0 6 0 5 0 5 0 2 0 7 0 1 0 6 0 1 0 5 0 0 0 1 0 5 0 3 0 2 0 3 0 0 0 1 0 4 0 0 0 2 0 2 0 4 0 0 0 4 0 2 0 1 0 1 0 4 0 1 0 8 0 2 0 5 0 6 0 7 0 8 0 3 0 0 0 1 0 4 1 0 0 1 0 8 0 5 0 7 0 8 0 2 0 8 0 5 0 2 0 7 1 0 0 1 0 7 1 0 0 7 0 1 0 8 0 7 0 4 0 2 0 5 0 3 0 2 0 3 1 0 0 4 0 2 0 4 0 6 0 3 0 2 0 1 0 4 0 0 0 6 0 8 0 4 0 5 0 2 0 2 0 0 0 5 0 4 0 8 0 1 0 0 0 2 0 2 0 0 0 1 0 6 0 7 0 4 0 0 0 2 0 4 0 3 0 0 0 3 0 7 0 7 1 0 0 7 0 7 0 8 0 8 0 0 0 0 0 2 0 6 0 1 0 1 0 1 0 7 0 0 0 5 0 4 0 8 0 2 0 1 0 3 0 6 0 6 0 1 0 0 1 0 0 4 0 7 1 0 0 6 0 8 0 6 0 4 0 2 0 4 0 7 0 3 0 7 0 8 0 4
0 565 1 0 3 1 0 0 6 0 4 0 1 0 5 0 6 0 0 0 1 0 1 0 8 0 8 0 1 0 4 0 4 0 6 0 7 0 0 1 0 0 1 0 2 0 5 0 8 0 8 0 5 0 8 0 2 1 0 1 0 0 8 0 3 0 3 0 3 0 8 0 8 0 8 0 3 0 8 0 5 0 1 0 1 1 0 0 3 0 1 0 1 0 3 0 7 0 3 0 1 0 5 0 1 0 1 0 6 0 7 0 2 0 7 0 6 0 6 0 5 0 1 0 0 0 8 0 8 0 3 0 0 0 1 1 0 0 4 0 5 0 3 0 6 0 4 0 6 0 3 0 5 0 5 0 4 0 2 0 6 0 1 0 8 0 6 0 8 0 0 0 8 0 4 0 4 0 3 0 2 1 0 0 5 0 6 0 3 0 3 0 6 0 5 0 4 0 8 0 7 0 7 0 3 0 4 0 0 0 2 0 1 0 3 0 3 0 6 0 6 0 0 0 0 0 4 0 1 0 1 0 3 0 2 0 8 0 6 0 0 0 1 1 0 0 8 0 3 0 6 0 2 0 4 0 2 0 8 0 7 0 5 0 0 0 3 0 3 0 7 0 4 1 0 0 6 0 6 0 6 0 3 0 4 0 6 0 4 0 2 0 1 0 6 0 4 0 4 0 2 0 4 0 0 0 1 0 3 0 0 0 7 0 4 0 6 0 0 0 2 0 8 0 0 0 4 0 4 0 8 0 0 0 8 0 4 0 2 0 2 0 8 0 3 0 6 0 6 0 1 0 4 0 6 0 7 0 7 0 0 0 2 1 0 1 0 0 3 0 7 0 2 0 6 0 7 0 6 0 7 0 1 0 6 0 5 1 0 0 3 0 6 0 0 0 4 0 4 0 7 0 5 1 0 0 6 0 0 0 7 0 4 0 7 0 8 0 7 0 4 1 0 0 3 0 7 0 4 0 2 0 8 0 1 0 3 0 8 0 0 0 1 0 5 0 4 0 1 0 1 0 0 0 7 0 3 0 0 0 4 0 4 0 0 0 3 0 3 0 5 1 0 0 1 0 4 0 8 0 6 0 0 0 7 0 5 0 7 0 0 0 5 0 6 0 8 0 7 0 1 0 0 0 5 0 2 0 3 0 2 0 3 0 4 0 2 0 1 0 0 0 7 0 5 0 2 0 7 0 3 0 3 0 3 0 1 0 8 0 8 0 6 0 0 0 3 0 8 0 3 1 0 0 5 1 0 0 5 0 8 0 5 0 8 0 0
0 565 2 0 7 1 0 0 2 1 0 0 4 0 1 0 3 0 1 0 2 0 3 0 7 0 7 0 3 1 0 0 0 0 4 0 5 0 2 0 8 0 1 0 5 0 1 0 8 0 8 0 2 0 7 0 6 1 0 1 0 0 6 0 7 0 6 0 7 0 7 0 8 0 7 0 8 0 7 0 1 0 3 0 3 0 8 0 5 0 2 0 2 0 7 0 4 0 7 0 3 0 0 0 3 0 3 0 3 0 5 0 6 0 5 0 4 0 4 0 1 0 3 0 1 0 7 0 7 0 7 0 0 0 3 0 8 0 8 0 0 0 8 0 3 0 0 0 3 0 8 0 1 0 1 1 0 0 6 0 2 0 4 0 7 0 4 0 7 0 2 0 6 1 0 1 0 0 7 0 5 1 0 0 1 0 3 0 7 0 7 0 3 0 2 0 0 0 8 0 6 0 5 0 7 0 8 0 0 0 4 0 2 0 6 0 7 0 3 0 3 0 1 0 0 0 8 0 2 0 2 0 6 0 5 0 7 0 3 0 1 0 3 1 0 0 6 0 8 0 2 0 5 0 8 0 5 0 7 0 6 0 1 0 1 0 6 0 7 0 5 0 1 0 0 0 3 0 4 0 3 0 7 1 0 0 3 1 0 0 5 0 3 0 2 1 0 1 0 0 5 0 8 0 0 0 2 0 6 0 1 0 5 0 0 0 3 0 1 0 5 0 6 0 1 1 0 0 0 0 7 0 2 0 6 1 0 0 5 0 5 0 6 0 8 0 3 0 3 0 3 1 0 0 4 0 6 0 5 0 1 0 5 1 0 0 8 0 6 0 4 0 6 0 3 0 6 0 4 0 5 0 4 0 3 0 2 1 0 0 7 0 2 0 1 1 0 0 0 0 6 0 3 0 0 0 2 0 2 0 5 0 0 0 6 0 8 0 6 0 0 1 0 0 7 0 4 1 0 0 6 0 6 0 3 0 7 0 6 0 1 0 3 0 0 1 0 0 3 0 2 0 1 0 4 0 7 0 0 0 8 0 8 0 0 0 6 0 7 0 1 1 0 0 2 1 0 0 8 0 3 0 2 0 5 0 2 0 5 0 2 0 1 0 4 0 8 0 5 0 3 0 1 0 0 0 5 0 6 0 4 0 6 0 8 0 4 0 2 0 1 0 5 0 1 0 6 0 4 0 7 0 6 0 6 0 3 0 7 0 8 0 3 0 1 0 7 0 6 1 0 0 0 0 2 0 0 0 1 0 8 0 2 0 7 0 1
0 565 5 0 5 1 0 0 5 0 8 0 7 0 2 0 6 0 2 0 4 0 7 0 5 0 5 0 8 0 7 1 0 1 0 0 1 0 6 0 6 0 4 0 0 0 4 0 7 0 7 0 6 0 5 0 5 0 0 1 0 0 3 0 6 0 4 0 6 0 6 0 8 0 6 0 8 0 5 0 3 0 6 0 7 0 7 0 1 0 5 0 5 0 5 0 0 0 5 0 7 0 0 0 6 0 6 0 7 0 1 0 4 0 1 1 0 1 0 0 3 0 6 0 3 0 5 0 6 0 5 0 1 0 7 0 7 0 7 0 2 0 6 0 7 0 0 0 7 0 6 0 3 0 3 1 0 0 2 0 5 1 0 0 6 0 0 0 5 0 6 0 4 0 0 1 0 0 5 0 2 1 0 0 2 0 7 0 5 0 5 0 7 0 4 0 1 0 7 0 4 0 2 0 6 0 7 0 1 0 8 0 5 0 3 0 5 0 7 0 6 0 2 0 1 0 6 0 5 0 5 0 3 0 2 0 5 0 7 0 2 0 7 1 0 0 3 0 7 0 6 0 1 0 8 0 2 0 6 0 3 0 3 0 3 0 3 0 6 0 1 0 3 0 0 0 6 0 8 0 7 0 5 1 0 0 7 1 0 0 0 0 7 0 5 1 0 1 0 0 1 0 7 0 1 0 5 0 2 0 4 0 0 0 1 0 6 0 3 0 1 0 3 0 4 0 8 0 0 0 4 0 6 0 4 0 0 0 1 0 2 0 4 0 7 0 7 0 6 0 7 0 8 0 8 0 3 0 1 0 4 0 2 0 0 0 7 0 4 0 0 0 3 0 8 0 3 0 0 0 1 1 0 0 7 0 5 1 0 0 4 0 5 0 3 0 8 0 0 0 2 0 7 0 0 0 4 0 5 0 0 0 2 0 3 0 8 0 3 0 2 1 0 0 5 0 1 0 0 0 3 0 3 0 8 0 5 0 3 0 3 0 6 0 1 0 8 0 5 0 4 0 2 1 0 0 5 0 2 0 7 0 7 0 2 0 3 0 5 0 4 0 8 0 4 1 0 0 6 0 7 0 5 0 0 0 6 0 0 0 5 0 2 1 0 0 8 0 1 0 7 0 2 0 1 0 1 0 4 0 0 0 4 0 7 1 0 0 5 0 3 0 0 0 4 0 3 0 0 0 6 0 4 0 3 0 8 0 5 0 7 0 7 0 3 0 5 0 4 1 0 0 0 0 4 0 0 0 3 0 6 0 6 0 4 0 3
1 567 1 0 1 0 3 0 0 0 1 0 8 0 5 0 6 0 2 0 5 1 0 0 6 0 2 0 2 0 8 0 7 0 0 0 8 0 2 0 3 0 3 1 0 0 1 1 0 0 6 0 6 0 4 0 2 0 1 0 2 0 8 0 6 0 3 0 0 0 4 0 4 0 8 0 4 0 8 0 1 0 8 0 3 0 6 0 5 0 4 0 1 0 2 0 1 0 2 0 1 0 5 0 2 0 3 0 4 0 5 0 3 0 8 0 3 1 0 0 8 0 6 0 2 0 8 0 1 0 4 0 1 0 4 0 5 0 6 0 5 0 6 0 3 0 5 0 2 0 5 0 3 0 7 0 7 0 8 0 4 0 2 0 0 0 2 0 2 0 1 0 3 1 0 0 2 1 0 0 0 0 6 0 8 0 4 0 5 0 2 0 2 0 5 1 0 0 4 0 4 1 0 0 6 0 3 0 5 0 4 0 7 0 1 0 8 0 1 0 6 0 3 0 5 0 3 0 3 0 2 0 1 0 7 0 5 0 1 0 5 0 6 0 5 1 0 0 7 0 5 0 3 0 4 0 6 0 6 0 2 0 7 0 6 0 6 0 7 0 2 0 3 0 6 0 1 0 3 0 8 0 6 0 3 0 0 0 5 1 0 0 1 0 5 0 3 0 0 0 8 0 2 0 4 0 4 0 0 0 5 0 8 0 0 0 3 0 2 0 7 0 2 0 6 1 0 0 7 0 1 1 0 0 3 1 0 0 1 0 2 0 4 1 0 0 6 0 6 0 4 0 6 0 8 0 7 0 7 0 2 0 8 0 4 0 1 0 4 1 0 0 1 0 7 0 6 0 7 0 0 0 3 1 0 0 5 0 2 1 0 1 0 0 1 0 8 0 6 0 1 0 5 0 4 0 1 1 0 0 1 0 1 0 4 0 7 0 6 0 7 0 5 1 0 0 0 0 3 0 0 0 6 0 7 0 7 0 1 0 7 0 7 0 2 0 4 0 7 0 1 1 0 0 6 1 0 0 0 0 6 0 5 0 5 0 5 0 7 0 1 0 0 0 8 0 1 0 0 0 3 0 6 0 1 0 2 0 2 0 2 0 0 0 6 1 0 0 6 0 4 0 4 0 5 0 2 0 2 0 8 0 0 1 0 0 7 0 0 0 0 0 7 0 0 0 8 0 6 0 1 0 2 1 0 0 8 0 7 0 2 0 6 0 5 0 8 0 1 0 0 1 0 0 0 0 8 0 0 0 7 0 3 0 3 1 0 0 7
1 567 2 0 2 0 6 0 0 0 3 0 7 0 2 0 3 0 6 0 2 0 0 0 2 0 5 0 5 0 7 0 5 0 2 0 6 0 5 0 6 0 7 0 8 0 2 1 0 0 3 0 3 1 0 0 5 0 2 0 5 0 7 0 3 0 7 0 0 1 0 0 0 0 8 0 0 0 7 0 4 0 6 0 8 0 3 0 1 1 0 0 3 0 4 0 2 0 4 0 3 0 0 0 5 0 6 1 0 0 1 0 8 0 6 1 0 0 0 0 7 0 3 0 6 0 6 0 3 0 8 0 2 1 0 0 2 0 4 0 2 0 3 0 8 0 0 0 6 0 0 0 8 0 5 0 6 0 7 1 0 0 5 0 0 0 4 0 4 0 2 0 7 0 8 0 4 0 8 0 0 0 3 0 8 0 0 0 1 0 5 0 5 0 1 1 0 1 0 0 1 0 0 0 2 0 8 0 1 0 0 0 5 0 4 0 6 0 4 0 2 0 8 0 0 0 7 0 6 0 4 0 3 0 5 0 1 0 4 0 1 0 4 0 3 0 0 0 5 0 1 0 7 1 0 0 4 0 3 0 6 0 5 0 4 0 4 0 5 0 5 0 7 0 2 0 3 0 7 0 7 0 3 0 7 0 1 0 1 1 0 0 3 0 0 0 7 0 1 0 6 0 5 0 8 0 8 0 1 0 1 0 7 0 1 0 6 0 5 0 4 0 6 0 4 0 0 0 4 0 4 0 8 0 6 0 8 0 1 0 5 0 0 0 0 0 3 0 4 0 0 0 4 0 8 0 6 0 5 0 6 0 6 1 0 0 3 1 0 1 0 0 3 0 5 0 4 0 5 0 1 0 7 1 0 0 0 0 6 1 0 0 8 0 2 0 7 0 3 0 4 0 0 1 0 0 4 0 8 0 1 0 2 1 0 0 6 0 4 0 6 0 2 1 0 0 0 0 6 0 1 0 3 0 6 0 5 0 4 0 5 0 5 0 5 1 0 0 5 0 4 1 0 0 3 1 0 0 1 0 3 0 2 0 2 0 2 0 5 0 3 0 1 0 6 0 3 0 0 0 7 0 2 0 3 0 4 0 4 0 4 0 1 0 4 0 0 0 3 0 0 0 0 0 1 0 5 0 5 0 6 0 2 1 0 0 4 0 1 0 1 0 4 0 2 0 7 0 3 0 3 0 5 1 0 0 7 0 5 0 6 0 3 0 2 0 7 0 3 0 1 0 8 0 0 0 6 0 2 0 4 0 7 0 7 1 0 0 5
0 567 4 0 5 0 2 0 1 0 7 0 4 0 5 0 7 0 2 0 5 0 0 0 5 0 1 0 2 0 6 0 1 0 6 0 3 0 2 0 4 0 6 0 7 0 6 0 8 0 5 0 7 1 0 0 0 0 6 0 1 0 5 0 8 0 4 0 2 0 8 0 0 0 6 0 2 0 5 0 0 0 4 0 7 0 7 0 3 0 8 0 5 0 8 0 4 0 8 0 6 0 1 0 1 0 4 1 0 0 3 0 7 0 4 1 0 0 1 0 4 0 8 0 3 0 3 0 8 0 6 0 6 0 8 0 3 0 8 0 4 0 7 0 6 0 2 0 2 0 2 0 7 0 2 0 4 0 7 0 0 0 0 0 1 0 8 0 8 0 5 0 5 0 8 0 0 0 7 0 1 0 7 0 6 0 1 0 3 0 1 0 1 0 4 1 0 0 8 0 1 0 0 0 5 0 6 0 3 0 1 0 1 0 0 0 3 1 0 0 6 0 6 0 2 0 5 0 3 1 0 0 8 0 0 0 3 0 8 0 2 0 8 0 6 0 1 0 0 0 4 0 5 1 0 0 8 0 7 0 3 0 2 0 0 0 0 0 2 0 2 0 5 0 5 0 7 0 5 0 5 0 8 0 4 0 3 0 3 0 8 0 5 0 1 0 4 0 4 0 3 0 2 0 8 0 7 0 3 0 3 0 4 0 4 0 3 0 2 0 0 0 3 1 0 0 1 1 0 0 0 0 8 0 4 0 7 0 4 0 0 0 1 0 0 0 6 0 8 0 0 1 0 0 8 0 4 0 2 0 4 0 4 1 0 0 7 1 0 0 8 0 6 0 1 0 0 0 1 0 4 0 5 1 0 0 1 0 4 0 0 0 6 0 6 0 4 0 7 0 8 0 1 0 8 0 8 0 6 0 3 0 5 1 0 0 3 0 0 0 3 0 6 0 8 0 0 0 2 0 3 0 7 0 3 0 2 0 0 0 2 0 2 0 3 0 0 0 1 0 0 1 0 0 7 0 8 0 1 0 6 0 4 0 4 0 5 0 0 0 7 0 3 0 2 0 7 0 1 0 4 0 5 0 6 0 8 0 8 0 8 0 2 0 8 0 0 0 6 0 0 0 0 0 3 0 1 0 2 0 3 0 6 0 8 0 7 0 2 0 2 0 8 0 5 0 4 0 7 0 7 0 2 0 0 0 5 0 2 0 3 0 7 0 5 0 4 0 7 0 3 0 6 0 2 0 2 0 5 1 0 0 6 0 7 0 0 0 1
0 568 1 0 0 1 0 5 0 3 0 5 0 0 0 2 0 5 0 6 0 0 0 2 0 0 0 3 0 5 0 2 0 4 0 2 0 7 0 4 1 0 0 4 0 6 0 4 0 8 0 2 0 6 1 0 0 1 0 2 0 4 0 1 0 7 1 0 0 6 0 6 0 2 0 2 0 6 0 0 0 1 1 0 0 6 0 5 0 8 0 7 0 2 0 8 0 0 0 8 0 3 0 3 0 2 1 0 1 0 0 7 0 5 0 0 1 0 0 2 1 0 0 7 0 7 0 7 0 7 0 4 0 4 0 7 0 8 0 7 0 0 0 6 0 3 0 5 0 4 0 5 0 4 0 5 1 0 0 5 0 1 0 0 0 3 0 7 0 8 0 2 0 2 0 7 0 2 0 4 0 4 0 5 0 3 0 3 0 6 0 2 0 3 0 0 0 0 0 6 0 3 0 1 0 1 0 3 0 7 0 2 0 2 0 0 0 7 1 0 0 3 0 3 0 6 0 0 1 0 0 0 0 6 0 1 0 7 0 6 0 6 0 7 0 3 0 3 0 0 1 0 0 3 0 0 0 7 0 5 0 7 0 4 0 0 0 0 0 4 0 5 0 1 0 2 0 6 0 2 0 2 0 7 1 0 0 7 0 7 0 7 0 1 0 3 0 8 0 8 0 6 0 5 0 7 0 5 0 7 0 6 0 8 0 8 0 6 0 4 0 0 0 7 0 8 0 2 0 8 0 0 0 7 0 0 0 5 1 0 0 1 0 2 0 1 0 3 0 7 0 2 1 0 0 6 1 0 0 5 1 0 0 1 0 0 0 6 0 0 0 7 0 3 0 3 0 0 0 2 1 0 0 2 1 0 0 2 0 8 0 1 0 3 0 4 0 0 0 6 0 7 0 4 0 7 0 8 0 3 0 8 0 1 1 0 0 6 0 0 0 7 0 3 0 7 0 1 0 4 0 7 0 4 0 7 0 4 0 0 0 4 0 4 0 6 0 0 0 2 0 1 1 0 0 5 0 7 0 4 0 3 0 0 0 0 0 1 0 2 0 4 0 7 0 5 0 4 0 3 1 0 0 2 0 4 0 8 0 8 0 7 0 6 0 6 0 2 0 2 0 1 0 0 0 6 0 2 0 4 0 7 0 3 0 8 0 5 0 5 0 5 0 7 0 2 0 0 0 6 0 5 0 5 0 1 0 0 0 5 0 7 0 5 0 2 0 0 0 5 0 8 0 2 0 5 0 5 0 2 0 0 0 3 0 5 0 1 0 2
0 569 1 0 8 0 2 0 0 0 8 0 0 0 1 0 5 0 1 0 3 0 1 0 4 0 0 0 7 0 0 0 5 0 8 0 5 0 5 0 0 1 0 1 0 0 4 0 0 0 7 0 6 0 3 1 0 0 2 0 4 0 8 0 3 0 6 0 0 0 3 0 3 0 5 0 5 0 2 0 1 0 3 1 0 0 3 0 2 0 8 0 5 0 6 0 6 0 2 0 6 0 7 0 6 0 5 1 0 1 0 0 5 0 1 0 2 0 8 0 4 1 0 0 5 0 6 0 6 0 6 0 0 0 0 0 6 0 8 0 5 0 2 0 2 0 8 0 1 0 0 0 2 0 0 0 3 0 0 0 0 0 3 0 0 0 7 0 5 0 7 0 5 0 5 0 4 0 5 1 0 0 0 0 1 0 7 0 7 0 2 0 5 0 6 0 0 0 1 0 2 0 7 0 2 0 2 0 7 0 4 0 5 0 4 0 1 0 5 1 0 0 6 0 7 0 2 0 2 0 8 0 0 0 2 0 4 0 5 0 4 0 4 0 5 0 7 0 6 0 1 0 8 0 5 0 1 0 5 0 2 0 5 1 0 0 1 0 0 1 0 0 1 0 3 0 5 0 2 0 5 0 5 0 6 0 0 0 5 0 6 0 5 0 3 0 7 0 7 0 8 0 4 0 2 0 6 0 2 0 6 0 4 0 8 0 8 0 3 1 0 0 2 0 5 0 7 0 6 0 6 0 2 0 4 0 2 0 1 1 0 0 2 0 4 0 2 0 7 0 4 0 6 1 0 0 4 0 0 0 1 1 0 0 2 0 1 0 2 0 2 0 4 0 7 0 6 0 0 0 5 0 8 0 4 0 8 0 4 0 6 0 3 0 6 0 8 0 1 0 3 0 6 0 0 0 6 0 7 0 8 0 6 0 4 1 0 0 2 0 2 0 4 0 8 0 4 0 3 1 0 0 6 0 0 0 5 1 0 0 1 1 0 0 0 0 3 0 1 0 4 0 3 1 0 0 1 0 5 1 0 0 7 0 0 0 0 0 2 0 4 1 0 0 6 0 1 1 0 0 8 0 8 0 3 1 0 0 8 0 8 0 6 0 4 0 3 0 5 0 4 0 2 0 1 0 2 0 5 1 0 0 5 0 8 0 7 0 2 0 2 0 2 0 5 0 5 0 1 0 3 0 2 0 1 0 3 0 1 0 1 0 6 0 1 0 5 0 1 0 1 0 7 0 6 0 1 0 1 0 5 0 0 0 7 0 0 0 3 0 4
1 569 3 0 6 0 5 0 1 0 6 0 1 0 3 0 0 0 3 0 6 0 2 0 8 0 1 0 4 0 2 0 1 0 8 0 2 0 1 0 2 1 0 0 8 0 7 0 1 0 5 0 3 0 8 0 8 0 3 1 0 0 7 0 8 0 2 0 1 0 6 0 7 0 1 0 1 0 5 0 2 0 7 0 8 0 5 0 5 0 7 0 2 0 4 0 3 0 6 0 3 0 6 0 4 0 3 0 0 1 0 0 0 0 3 0 5 0 7 0 1 0 0 0 1 0 4 0 4 0 3 0 1 0 1 0 3 0 8 0 1 0 5 0 5 0 6 0 3 0 0 0 4 0 0 0 6 0 0 0 0 0 6 0 1 0 5 0 2 0 6 0 2 0 2 0 0 0 2 1 0 0 0 0 3 0 5 0 5 0 6 0 1 0 3 0 1 0 2 0 5 0 4 0 5 0 5 0 5 0 0 0 1 1 0 0 4 0 2 0 0 0 3 0 5 0 5 0 5 0 6 0 1 0 4 1 0 0 2 0 0 0 0 0 2 0 6 0 3 0 4 0 7 0 1 0 4 0 0 0 6 0 1 1 0 0 2 0 1 0 8 0 1 0 7 0 0 0 6 0 1 0 2 0 3 0 2 0 1 0 4 0 1 0 8 0 5 0 6 0 7 1 0 0 6 0 2 0 6 0 3 0 0 0 8 0 7 0 8 0 8 0 4 0 1 0 6 0 4 0 3 0 5 0 8 0 4 0 3 0 8 0 3 0 8 0 5 0 5 0 0 0 4 1 0 0 8 0 0 0 3 0 8 0 3 0 2 0 4 0 4 1 0 0 6 0 3 0 2 0 1 0 8 0 0 0 8 0 0 0 3 0 8 0 3 0 7 0 3 0 7 0 2 0 2 0 3 0 6 0 8 0 4 0 0 1 0 0 4 0 4 1 0 0 7 1 0 1 0 0 0 0 2 0 2 0 1 1 0 0 3 0 7 1 0 0 6 0 2 0 8 0 7 0 8 0 2 0 2 0 0 0 4 0 1 0 0 0 5 0 0 0 0 0 2 0 4 1 0 0 7 0 7 1 0 0 0 0 7 0 8 0 3 1 0 0 8 0 0 1 0 0 5 0 2 0 5 0 2 0 0 0 1 0 8 0 5 0 5 0 4 0 5 0 1 0 1 0 3 0 6 0 4 0 2 0 6 0 2 0 3 0 2 0 4 0 0 0 3 0 3 0 5 0 3 0 3 0 3 0 0 0 2 0 4 0 1 0 6 1 0
1 569 7 0 3 0 1 0 4 0 2 0 3 0 6 0 0 0 7 0 2 0 6 0 6 0 3 0 8 0 4 0 3 0 6 0 5 0 2 0 5 1 0 0 7 0 5 0 4 0 0 0 8 0 7 0 7 1 0 0 0 0 5 0 7 0 5 0 3 0 3 0 5 0 3 0 3 0 0 0 6 0 5 0 8 0 2 0 2 0 5 0 5 0 8 0 7 0 2 0 8 0 2 1 0 0 7 0 1 0 7 1 0 0 7 0 1 0 5 0 3 0 0 0 2 0 8 0 8 0 6 0 2 0 2 0 7 0 6 0 4 0 1 0 2 0 3 0 7 0 0 0 8 0 1 0 2 0 1 0 1 0 2 0 4 0 0 0 6 0 2 0 5 0 4 0 0 0 5 0 7 1 0 0 7 0 1 0 2 0 3 0 3 0 6 0 2 0 5 0 1 0 0 0 2 0 2 0 1 0 1 0 3 0 8 0 7 0 4 0 0 0 7 0 1 0 2 0 2 0 3 0 3 1 0 1 0 0 4 0 0 0 0 0 5 0 2 0 7 1 0 0 5 0 3 0 8 0 1 0 2 0 4 0 8 0 3 0 3 0 6 0 4 0 4 0 2 0 2 0 3 0 4 0 6 0 4 0 2 0 8 0 3 0 7 0 2 0 4 0 7 0 0 0 2 0 6 0 2 0 7 0 1 0 7 0 6 0 8 0 7 1 0 0 4 0 2 1 0 0 8 0 1 0 7 1 0 0 8 0 6 0 8 0 7 0 2 0 1 0 2 0 0 0 0 0 6 0 1 0 7 0 6 0 7 0 4 1 0 0 1 0 0 0 2 0 7 0 4 0 3 0 6 0 2 0 6 0 1 0 7 0 6 0 8 0 4 0 8 0 4 0 5 0 4 0 7 0 3 0 7 1 0 0 2 0 8 0 8 0 0 0 0 0 6 0 0 0 7 1 0 0 4 0 4 0 3 0 8 0 6 0 6 0 0 0 2 0 6 0 7 0 6 0 7 0 5 0 4 0 0 0 8 0 2 0 1 0 0 0 1 0 0 0 5 0 0 0 0 0 5 0 6 1 0 0 1 0 5 0 7 1 0 0 0 0 6 0 2 1 0 0 0 0 6 0 0 0 5 0 0 0 3 0 7 0 2 0 2 0 0 0 1 0 3 0 2 0 7 0 2 1 0 0 6 0 2 0 5 0 6 0 4 0 8 0 0 0 6 0 7 0 0 0 7 0 6 0 6 0 0 0 4 0 8 0 3 0 3 1 0
1 571 1 0 4 0 7 0 2 0 8 0 4 0 7 0 2 0 2 0 4 0 6 0 3 0 3 0 8 0 6 1 0 0 8 0 3 0 1 0 6 0 2 0 0 0 5 0 1 1 0 0 2 0 7 0 6 0 6 1 0 0 1 0 1 0 6 0 1 0 7 0 7 0 0 0 7 0 6 0 1 0 3 0 2 0 7 0 5 0 5 0 1 0 2 0 8 0 5 0 6 0 6 0 6 1 0 0 4 0 4 0 6 0 0 0 4 0 4 0 0 0 7 0 0 0 5 0 7 0 8 0 3 0 5 0 5 0 5 0 3 1 0 0 3 0 4 0 7 0 4 0 2 0 6 0 3 0 4 0 2 0 2 0 4 0 8 0 1 0 2 0 6 0 0 1 0 0 2 0 1 0 7 0 0 0 4 0 3 0 4 0 6 0 7 0 2 0 6 0 0 0 3 0 0 0 4 0 4 0 2 0 2 0 7 0 7 0 5 1 0 0 2 0 4 0 3 0 4 0 4 0 6 0 7 1 0 0 8 0 7 0 0 0 1 0 0 0 6 0 6 0 0 0 0 0 8 0 6 0 3 0 4 1 0 0 7 0 7 0 7 0 2 1 0 1 0 0 5 0 4 0 6 1 0 0 3 1 0 0 6 0 6 0 8 0 4 0 5 1 0 0 5 0 1 0 5 0 2 0 6 0 4 0 4 0 5 0 4 0 8 0 6 1 0 0 8 0 5 1 0 0 6 0 4 0 6 0 0 0 7 0 4 0 8 0 5 0 5 0 2 0 4 0 0 0 1 0 2 0 4 0 5 0 4 0 6 0 0 1 0 0 2 0 0 0 5 0 4 1 0 0 8 0 2 0 6 0 2 0 4 0 5 0 4 0 8 0 0 0 8 0 0 0 2 0 0 0 5 0 8 0 5 1 0 0 5 0 7 0 7 0 1 0 1 0 2 0 2 0 5 1 0 0 8 0 8 0 7 0 7 0 4 0 3 0 1 0 5 0 3 0 6 0 4 0 6 0 1 1 0 0 2 0 6 0 5 0 2 0 0 0 2 0 1 0 0 0 1 0 1 0 1 0 4 1 0 0 3 0 1 0 6 1 0 0 1 0 2 0 6 0 8 0 0 0 2 0 2 0 0 0 1 0 7 0 4 0 5 0 4 0 0 0 2 0 6 0 5 0 4 0 6 1 0 0 2 0 6 0 1 0 4 0 0 0 7 0 2 0 3 0 5 0 2 0 5 0 4 0 3 0 1 1 0 0 7 0 7 0 7 0 7
1 571 2 1 0 0 5 0 6 0 7 0 0 0 5 0 5 0 4 1 0 0 3 0 7 0 7 0 7 0 5 0 0 0 6 0 7 0 3 0 2 0 5 0 1 0 0 0 4 0 8 0 4 0 5 0 4 0 4 1 0 0 2 0 3 0 2 0 4 0 5 0 5 0 2 0 5 0 3 0 3 0 6 0 5 0 5 0 2 0 1 0 3 0 5 0 7 0 2 0 4 0 4 0 4 1 0 1 0 0 0 0 3 0 1 0 8 0 8 0 1 0 4 0 2 0 1 0 6 0 7 0 8 0 1 0 2 0 1 0 8 0 8 0 5 1 0 0 5 1 0 0 6 0 2 0 7 0 8 0 4 0 4 1 0 0 7 0 3 0 5 0 2 0 2 0 8 0 3 0 3 0 4 0 1 0 8 0 6 1 0 0 4 0 5 0 6 0 2 0 1 0 6 0 0 0 8 0 8 0 4 0 5 0 5 0 6 0 2 1 0 0 4 0 8 0 6 1 0 0 0 0 4 0 7 0 0 0 7 0 5 0 1 0 2 0 1 0 3 0 3 0 1 0 1 0 7 0 3 0 8 0 0 0 0 0 5 0 6 0 5 0 6 1 0 1 0 0 1 0 0 0 4 1 0 0 7 1 0 0 3 0 4 0 8 0 0 0 3 0 0 0 0 0 4 0 0 0 6 0 3 0 0 0 0 0 2 0 0 0 8 0 5 0 0 0 7 0 3 0 0 0 3 0 0 0 3 0 2 0 5 0 0 0 8 0 2 0 1 0 5 0 8 0 0 0 2 0 4 1 0 0 2 0 0 0 3 0 2 0 8 0 3 0 1 0 1 0 1 0 0 0 6 0 6 0 2 0 5 1 0 0 2 0 0 0 7 0 2 0 6 0 1 0 4 0 1 0 1 0 8 0 3 0 0 0 1 0 6 0 5 0 3 0 2 0 4 0 5 0 2 0 0 0 7 0 8 0 6 0 5 1 0 0 7 0 3 0 0 0 8 0 3 0 0 0 3 0 4 0 8 0 4 0 3 0 1 0 5 0 0 0 4 0 2 0 0 0 2 0 2 0 2 1 0 1 0 0 6 0 3 0 3 1 0 0 2 0 5 0 3 0 7 0 1 0 4 0 4 0 0 0 3 0 5 0 0 0 1 1 0 0 1 0 5 0 3 0 2 0 0 0 4 1 0 0 5 0 2 0 3 0 8 0 1 0 4 0 5 0 7 0 0 0 6 0 0 1 0 0 7 0 3 1 0 0 5 0 6 0 6 0 6
0 571 5 1 0 0 1 0 4 0 5 0 2 0 1 0 2 0 0 1 0 0 7 0 5 0 6 0 6 0 1 0 2 0 3 0 5 0 7 0 5 0 0 0 3 0 0 1 0 0 8 0 0 0 2 0 0 0 0 1 0 0 4 0 6 0 4 1 0 0 2 0 1 0 6 0 0 0 7 0 7 0 3 0 2 0 1 0 5 0 2 0 7 0 1 0 5 0 5 1 0 0 0 0 1 0 0 0 7 1 0 0 6 0 3 0 7 0 7 0 3 0 8 0 4 0 3 0 3 0 6 0 7 0 3 0 4 0 3 0 7 0 8 0 3 0 0 0 2 0 0 0 2 0 6 0 5 0 8 0 0 0 1 0 0 0 4 0 8 0 0 0 5 0 5 0 6 0 7 0 6 0 8 0 3 0 7 0 4 1 0 1 0 0 2 0 3 0 5 0 3 0 2 0 2 0 7 0 8 0 0 0 2 0 2 0 3 0 6 0 8 0 8 0 7 0 4 1 0 0 0 1 0 0 5 0 2 0 5 0 1 0 3 0 4 0 2 0 6 0 6 0 2 0 3 0 4 0 8 0 6 0 1 0 1 0 1 0 4 0 2 0 5 0 0 0 8 0 1 0 1 0 0 0 0 0 5 1 0 0 6 1 0 0 7 0 1 0 6 0 0 0 0 0 8 0 1 0 2 0 7 0 0 0 0 0 4 0 1 0 7 0 1 0 2 0 4 0 7 0 0 0 6 0 0 0 6 0 5 0 0 0 2 0 6 0 5 0 3 0 1 0 7 0 1 0 4 1 0 1 0 0 4 0 0 0 6 0 5 0 6 0 7 0 2 0 2 0 2 0 1 0 3 0 3 0 6 0 1 1 0 0 4 0 1 0 4 0 6 0 2 0 3 0 8 0 2 0 3 0 6 0 7 0 0 0 3 0 3 0 1 0 7 0 4 1 0 0 1 0 5 0 1 0 5 0 8 0 4 0 3 0 0 0 4 0 7 0 1 0 6 0 7 0 0 0 6 1 0 0 7 1 0 0 7 0 3 0 0 0 1 0 8 0 4 0 0 0 4 0 4 0 5 1 0 1 0 0 2 0 7 0 7 0 8 0 4 0 0 0 8 0 4 0 3 0 8 0 8 0 0 0 7 0 0 0 1 0 3 0 8 0 2 0 0 0 7 0 4 0 1 0 0 0 0 0 0 0 5 0 7 0 6 0 3 1 0 0 2 0 5 0 2 0 2 0 2 1 0 0 4 1 0 0 0 0 1 0 4 0 4 0 4
1 573 1 0 1 1 0 0 2 1 0 0 1 0 5 0 2 0 4 0 1 1 0 0 5 0 2 0 4 0 3 0 3 0 4 0 7 0 1 0 6 0 1 0 1 0 6 0 1 1 0 0 6 0 1 0 4 0 0 0 1 0 8 0 8 0 3 0 0 1 0 0 4 0 3 0 2 0 2 0 5 0 5 0 7 0 4 0 3 0 0 0 6 0 4 0 4 0 1 0 2 1 0 0 0 0 2 0 1 0 6 0 0 0 2 0 8 0 5 0 5 0 8 0 6 1 0 0 7 0 7 0 3 0 5 0 7 0 8 0 7 0 5 0 7 0 7 0 0 0 4 0 0 0 5 0 3 0 2 0 7 0 1 0 2 0 0 1 0 0 7 0 2 0 1 0 2 0 4 0 6 0 4 0 7 0 8 0 5 0 1 0 0 0 8 0 3 0 7 0 0 0 7 0 4 0 5 0 5 0 7 0 1 0 4 0 4 0 7 0 3 0 8 0 8 0 6 0 0 1 0 0 1 1 0 0 0 0 6 0 0 0 3 0 6 0 8 0 5 0 3 0 3 0 5 0 6 1 0 0 8 0 3 0 3 0 2 0 2 0 8 0 5 0 0 0 2 0 6 0 3 0 2 0 0 0 1 0 2 0 0 0 4 0 0 0 4 0 4 0 2 0 1 0 1 0 6 0 3 0 5 0 4 0 1 0 0 0 8 0 3 0 4 0 3 0 4 1 0 0 5 0 2 0 2 0 2 0 3 0 1 0 1 0 5 0 3 0 1 0 7 0 3 0 4 0 4 0 0 0 0 0 8 0 7 0 1 0 3 0 2 0 4 0 5 0 5 0 4 0 4 0 2 0 6 0 7 0 2 0 4 0 8 0 7 0 2 1 0 0 3 0 5 0 7 0 6 0 5 0 7 0 3 0 5 0 1 0 6 0 6 0 3 0 5 0 0 1 0 0 3 0 0 0 4 0 1 0 7 1 0 0 7 0 0 1 0 0 5 0 4 0 3 0 5 0 2 0 4 0 0 0 6 0 0 0 4 0 7 0 0 0 3 0 6 1 0 0 1 1 0 0 0 0 3 0 0 0 8 0 4 0 5 0 6 0 7 1 0 0 2 0 6 1 0 0 8 0 7 0 7 0 2 0 4 0 1 0 2 0 7 0 6 0 5 0 1 0 4 1 0 0 3 0 0 0 0 0 1 0 1 0 6 0 3 0 8 0 8 0 4 0 0 0 5 0 4 0 5 0 8 0 8 0 7 1 0 0 2 1 0 0 0 0 0
1 573 2 0 3 0 8 0 4 0 8 0 2 0 0 0 5 0 8 0 3 1 0 0 0 0 5 0 8 0 6 0 6 1 0 0 5 0 4 0 2 0 3 0 3 0 2 0 4 1 0 0 2 0 3 0 8 0 0 0 3 0 7 0 7 0 7 0 1 0 8 0 7 0 6 0 4 0 5 0 1 0 2 0 5 1 0 0 7 0 1 0 2 1 0 1 0 0 3 0 5 0 7 1 0 0 4 0 3 0 2 0 1 0 5 0 7 0 2 0 2 0 8 0 5 0 0 0 5 0 5 0 8 0 1 0 6 0 8 0 6 0 2 0 6 0 5 0 1 0 8 0 1 0 0 0 7 0 5 0 4 0 3 0 4 0 1 1 0 0 4 0 5 0 2 0 4 1 0 0 4 0 0 0 6 0 8 0 1 0 3 0 1 0 6 0 8 0 4 0 2 0 5 0 0 0 2 0 2 0 5 0 3 1 0 0 0 0 5 0 8 0 7 0 8 0 3 0 2 0 8 0 2 0 8 0 0 0 2 0 1 0 7 0 3 0 8 0 1 0 7 0 7 0 1 0 5 0 0 0 6 0 7 0 6 0 4 0 5 0 7 0 1 0 1 0 5 0 2 0 7 0 4 0 0 0 2 0 4 0 0 0 8 0 0 0 8 0 8 0 4 0 2 0 3 0 2 0 8 0 0 1 0 0 3 0 1 0 6 0 7 0 8 0 7 0 0 0 0 0 0 0 5 0 4 0 4 0 6 0 2 0 3 0 0 0 7 0 3 0 4 0 7 0 8 0 8 0 0 0 1 0 7 0 5 0 3 0 6 0 4 1 0 0 2 0 1 1 0 1 0 0 6 0 3 0 5 0 5 1 0 0 8 0 5 0 6 0 8 0 6 0 1 0 6 0 4 0 2 0 5 0 8 0 0 0 4 0 3 0 3 0 8 0 0 0 2 0 8 0 5 0 0 0 8 0 3 0 6 0 0 0 4 0 2 1 0 0 0 1 0 0 8 0 0 0 5 0 8 0 1 0 2 0 1 1 0 0 5 0 1 0 7 0 3 1 0 0 3 0 7 1 0 0 6 0 1 0 7 0 0 0 2 0 4 0 6 1 0 0 5 0 4 0 0 0 7 0 6 0 5 0 5 0 8 0 2 0 5 0 5 0 4 0 1 0 3 1 0 1 0 0 6 0 0 0 0 0 2 0 3 0 2 0 8 0 7 0 7 1 0 0 2 0 1 0 0 0 2 0 8 0 8 0 6 1 0 0 5 0 7 1 0 0 0
1 573 4 0 7 0 7 0 0 0 7 0 5 0 1 0 1 0 7 0 8 0 8 0 0 0 1 0 8 0 4 0 5 0 0 0 0 1 0 0 5 0 6 0 6 0 4 1 0 1 0 0 4 0 7 0 6 0 1 0 7 0 5 0 6 0 5 0 4 0 7 0 6 0 4 0 0 0 1 0 3 0 5 0 2 0 0 0 4 0 3 0 5 1 0 0 8 0 6 0 1 0 6 1 0 0 8 0 6 0 4 0 3 0 1 0 5 0 5 0 5 0 7 0 1 0 2 0 1 0 2 0 7 0 4 0 3 0 8 0 3 0 6 0 3 0 1 0 4 0 6 0 3 0 1 0 5 0 1 1 0 0 7 0 8 0 3 0 8 0 8 0 0 0 5 1 0 1 0 0 8 0 1 0 3 0 7 0 3 0 6 0 3 0 3 0 7 1 0 0 6 0 0 0 1 0 4 0 5 0 0 0 8 0 8 0 0 0 1 0 8 0 6 0 7 0 7 0 5 0 6 0 6 0 6 0 1 0 4 0 3 0 4 0 8 0 6 0 4 0 5 0 5 0 4 0 0 0 2 0 3 0 6 0 4 0 0 0 2 0 5 0 3 0 3 0 0 0 6 0 4 1 0 0 1 0 4 0 8 0 1 0 6 0 2 0 7 0 7 1 0 0 5 0 6 0 5 0 6 0 2 0 8 0 5 0 3 0 3 0 6 0 8 0 5 0 1 0 0 0 1 0 1 0 0 0 0 0 3 0 5 0 6 0 1 0 4 0 7 1 0 0 6 0 8 0 7 0 1 0 3 0 5 0 1 0 8 0 3 0 0 1 0 0 4 0 3 1 0 1 0 0 2 0 8 0 1 0 3 0 0 0 7 0 2 0 4 0 8 0 3 0 4 0 2 1 0 0 6 0 1 0 7 0 1 0 8 0 6 0 7 0 6 0 1 0 5 0 7 0 1 0 2 0 6 0 8 0 2 0 1 0 8 0 5 0 8 0 0 1 0 0 6 0 2 0 1 0 7 0 3 0 4 0 3 1 0 0 0 0 4 0 4 0 8 0 8 0 6 0 6 0 0 0 2 0 4 0 4 0 1 0 4 1 0 0 5 0 0 0 0 1 0 0 2 0 5 0 4 0 2 0 2 0 7 0 6 0 1 0 1 1 0 0 3 0 7 1 0 1 0 0 2 0 1 0 0 0 4 0 6 0 5 0 7 0 6 0 6 1 0 0 4 0 2 0 0 0 5 0 7 0 8 0 5 0 0 0 1 0 6 1 0 0 0
1 574 1 0 0 6 0 5 0 2 0 5 0 1 0 3 0 3 0 5 0 8 0 7 0 1 0 3 0 7 0 0 0 1 0 1 0 1 1 0 0 1 0 4 0 4 0 1 0 0 0 8 0 8 0 5 0 3 0 4 0 5 0 2 0 4 0 2 0 0 0 6 0 3 1 0 0 1 0 2 0 7 0 0 0 5 0 0 0 8 0 7 0 2 0 0 0 7 0 3 0 4 0 4 0 0 0 7 0 3 1 0 0 7 0 3 0 1 0 2 0 2 0 5 0 3 0 4 0 2 0 5 0 4 1 0 0 8 0 6 0 8 0 2 0 7 0 2 1 0 0 3 0 7 0 3 0 0 0 4 1 0 0 5 0 7 0 8 0 7 0 7 0 2 0 2 0 0 1 0 0 6 0 3 0 7 0 4 0 8 0 2 0 7 0 7 0 6 0 0 0 2 0 1 0 2 1 0 0 1 0 2 0 7 0 7 0 1 0 3 0 7 0 4 0 6 0 6 0 2 0 4 0 4 0 3 0 3 0 8 0 6 1 0 0 8 0 4 0 0 0 2 0 1 1 0 0 1 0 4 0 7 0 2 1 0 0 1 0 5 0 0 0 7 0 6 0 1 0 3 0 0 1 0 0 2 1 0 0 7 0 4 0 2 0 6 0 5 0 7 0 0 0 1 0 4 0 2 0 3 0 6 0 7 0 1 0 7 0 7 0 3 0 8 0 1 0 3 0 0 0 2 0 2 0 0 0 0 0 7 0 1 0 3 0 3 1 0 0 7 0 0 0 3 0 8 0 5 0 3 0 7 0 0 0 4 0 6 0 7 0 1 0 8 0 7 0 7 1 0 0 8 0 4 0 6 0 3 0 6 0 1 0 4 0 5 1 0 0 7 0 7 0 8 0 5 1 0 0 2 0 4 0 4 0 4 0 7 0 4 0 6 0 3 0 4 0 1 0 5 0 3 0 5 0 3 0 7 0 5 0 3 0 7 0 2 0 7 0 2 1 0 0 2 0 5 0 3 0 4 0 7 0 8 0 7 0 7 1 0 1 0 0 0 0 8 0 8 0 4 0 3 0 1 0 4 0 8 0 8 0 3 0 0 0 0 0 0 0 1 0 1 0 8 0 4 0 0 1 0 0 5 0 5 0 5 0 3 0 3 0 3 0 8 0 6 0 6 0 0 0 8 0 3 0 2 0 0 1 0 0 4 0 2 0 6 0 4 0 4 1 0 0 8 0 4 0 1 0 1 0 6 0 8 0 1 0 1 0 3 0 3 1 0 0 0
1 575 1 1 0 0 3 0 1 0 6 0 0 0 3 0 6 0 7 0 1 0 8 0 5 0 3 0 7 0 4 0 1 0 2 0 2 0 3 0 8 0 1 0 8 0 8 0 2 0 1 0 7 0 8 0 1 0 7 1 0 0 1 0 5 0 8 0 4 0 1 0 2 0 8 0 8 0 1 0 5 0 4 0 2 0 0 0 2 0 7 0 5 0 5 0 1 0 4 0 7 0 8 0 8 0 1 0 4 1 0 0 0 0 4 0 7 0 2 0 4 0 5 0 0 0 7 0 8 0 5 0 1 0 1 0 0 0 7 0 4 0 7 0 6 0 4 0 6 0 8 0 6 0 4 0 7 0 1 0 0 0 0 0 1 0 6 0 8 0 6 0 5 0 5 0 4 0 1 1 0 0 2 0 8 0 5 0 0 0 7 0 6 0 5 0 6 0 3 0 1 0 4 0 2 0 5 0 8 0 1 0 5 0 5 0 5 0 3 0 7 0 5 0 0 0 4 0 3 0 5 0 8 0 8 0 6 0 7 0 7 0 5 0 0 0 6 1 0 0 1 0 4 0 3 0 8 0 1 1 0 0 5 0 6 0 8 0 2 0 0 0 2 0 5 0 3 0 3 0 6 0 1 0 8 0 4 1 0 0 4 1 0 0 6 0 3 0 2 0 5 0 1 0 2 0 8 0 4 0 7 0 3 0 5 0 4 0 5 0 5 0 8 0 6 0 3 0 6 0 0 0 4 0 4 0 0 0 1 0 4 0 3 0 6 0 7 1 0 0 4 0 1 0 7 0 7 0 1 0 8 0 4 0 1 1 0 0 4 0 5 0 4 0 7 0 6 0 7 0 0 0 7 0 0 0 3 0 8 0 2 0 3 1 0 0 3 0 0 0 5 0 6 0 8 0 2 1 0 0 4 1 0 0 0 0 0 0 6 0 0 0 3 0 7 0 8 0 3 0 0 0 8 0 0 0 8 0 5 0 1 0 8 0 4 0 6 0 4 0 6 0 8 0 4 0 0 0 7 1 0 0 6 0 8 0 6 0 7 0 0 0 8 0 0 0 7 0 7 1 0 0 7 0 2 1 0 0 8 0 7 0 7 0 0 0 0 0 0 0 2 0 3 0 6 1 0 0 2 1 0 0 1 0 2 0 1 0 7 0 6 0 7 0 7 0 4 0 3 0 2 0 6 0 7 0 4 0 1 0 8 0 7 0 5 0 3 0 0 0 1 0 0 0 6 1 0 0 3 0 3 0 3 0 7 0 3 0 2 0 6 0 7 0 7 1 0
1 575 3 0 8 0 5 0 3 0 2 0 1 0 7 0 3 0 5 0 4 0 7 0 1 0 8 0 4 1 0 0 3 0 4 0 4 0 7 0 6 0 4 0 7 0 7 0 5 0 3 0 5 0 7 0 4 0 5 1 0 0 3 0 1 0 7 1 0 0 3 0 5 0 7 0 7 0 4 0 0 1 0 0 5 0 0 0 5 0 5 0 2 0 1 0 3 1 0 0 6 0 8 0 7 0 3 1 0 1 0 0 0 1 0 0 5 0 5 1 0 0 1 0 2 0 5 0 8 0 1 0 3 0 2 0 1 0 5 0 0 0 6 0 4 0 0 0 4 0 8 0 4 0 0 0 5 0 3 0 0 0 0 0 3 0 3 0 8 0 4 0 2 0 1 1 0 0 4 0 8 0 4 0 7 0 1 0 2 0 5 0 4 0 2 0 3 0 7 0 2 0 8 0 5 0 1 0 7 0 4 0 1 0 2 0 1 0 8 0 5 0 1 0 1 0 8 0 7 0 1 0 8 0 8 0 4 0 6 0 6 0 1 0 2 0 3 1 0 0 2 0 8 0 7 0 6 0 4 1 0 0 1 0 4 0 7 0 5 0 0 0 5 0 0 0 7 0 7 0 2 0 4 0 7 0 1 0 0 0 0 0 0 0 2 0 7 0 5 0 0 0 3 0 5 0 7 0 0 0 5 0 8 0 1 0 0 0 2 0 2 0 8 0 3 0 8 0 2 0 1 0 8 0 8 0 0 0 2 0 8 0 7 0 3 0 6 1 0 0 8 0 3 0 5 0 5 0 4 0 6 1 0 0 4 0 8 0 8 0 1 0 0 0 6 0 4 0 5 0 2 0 4 0 1 0 7 0 6 0 5 0 7 0 8 0 5 0 1 0 1 0 4 0 7 0 6 0 8 0 8 0 7 1 0 0 1 0 2 0 1 0 7 0 5 0 7 0 7 0 1 0 6 0 2 0 7 0 1 0 4 0 7 0 0 0 4 0 0 0 4 0 7 1 0 0 2 0 6 0 0 0 3 0 8 0 4 0 5 0 2 0 6 0 2 0 5 0 7 0 0 0 4 0 6 1 0 0 7 0 6 0 5 0 1 0 0 0 0 0 4 0 7 0 3 1 0 0 5 0 8 0 1 0 4 0 3 0 5 0 4 0 6 0 5 1 0 0 7 0 5 0 3 0 5 1 0 0 4 0 7 0 6 0 1 0 7 0 0 0 2 0 1 0 3 1 0 0 6 0 6 0 7 0 4 0 7 0 5 0 3 0 6 0 6 1 0
1 575 7 0 7 0 1 0 7 0 4 0 3 0 4 0 8 0 1 0 0 0 5 0 4 0 7 0 0 1 0 0 6 1 0 0 0 0 6 0 4 0 0 0 6 0 6 0 1 0 8 0 1 0 6 0 0 0 2 1 0 0 6 0 3 0 5 1 0 0 7 0 1 0 6 0 5 1 0 0 2 1 0 0 0 0 2 0 1 0 1 0 5 0 2 0 7 1 0 0 3 0 8 0 5 1 0 0 0 0 8 0 0 1 0 0 1 0 2 1 0 0 2 0 5 0 1 0 7 0 3 0 6 0 4 0 3 0 0 0 2 0 2 1 0 0 1 1 0 0 7 1 0 0 2 0 0 0 7 0 0 0 0 0 6 0 7 0 6 1 0 0 5 0 3 0 8 0 8 0 7 0 0 0 5 0 3 0 5 0 0 1 0 0 5 0 7 0 4 0 6 0 7 0 1 0 4 0 4 1 0 0 3 0 4 0 3 0 7 0 1 0 3 0 3 0 7 0 5 0 4 0 7 0 8 0 0 0 4 0 3 0 3 0 4 0 7 0 8 0 4 0 7 0 6 0 4 0 0 1 0 0 2 1 0 0 6 0 1 0 2 0 0 0 2 0 5 0 5 0 5 1 0 0 5 0 3 0 0 0 0 0 0 0 5 0 5 0 1 0 1 0 7 0 1 0 5 0 2 0 1 0 7 0 3 0 0 0 4 0 5 0 6 0 8 0 6 0 5 0 3 0 7 0 7 0 1 0 5 0 7 0 5 0 8 0 4 0 0 0 6 0 8 0 1 0 2 0 0 0 4 1 0 1 0 0 8 0 7 0 3 0 1 0 3 0 0 0 1 0 5 0 8 0 3 0 5 0 4 0 2 0 6 0 8 0 1 0 3 0 2 1 0 0 6 0 4 0 8 0 8 0 6 1 0 0 2 0 4 0 3 0 5 0 2 0 6 0 5 0 4 0 2 0 6 0 4 0 3 1 0 0 5 0 1 0 8 0 0 1 0 0 6 1 0 0 5 0 2 0 1 0 7 0 7 0 0 0 1 0 6 0 2 0 6 0 1 0 5 0 1 1 0 0 5 0 0 0 5 0 4 0 1 0 3 0 0 0 0 1 0 0 5 1 0 0 0 0 1 0 7 0 3 0 8 0 7 0 1 0 0 0 4 0 3 0 0 0 5 0 1 0 8 0 1 1 0 1 0 0 6 0 3 0 4 0 4 0 1 0 4 0 2 0 7 1 0 0 3 0 4 0 6 0 0 0 6 0 1 0 8 0 3 0 4 1 0
1 577 1 0 5 0 5 0 4 0 4 1 0 0 7 1 0 0 7 0 3 0 1 0 1 0 0 0 5 0 2 1 0 0 3 1 0 0 1 0 2 1 0 0 2 0 3 0 3 0 4 0 6 0 4 0 2 0 1 0 5 1 0 0 2 0 8 0 2 0 0 0 4 0 4 0 3 0 2 1 0 0 5 0 7 1 0 0 4 0 2 0 3 0 0 0 6 0 5 1 0 0 7 0 7 0 2 1 0 0 1 0 6 0 2 0 8 0 1 0 5 0 8 0 4 0 0 0 4 0 4 0 8 0 2 1 0 0 7 0 0 0 4 0 5 0 8 0 2 1 0 0 5 1 0 0 4 0 1 0 4 0 1 0 1 0 3 0 6 0 5 0 0 0 0 0 8 0 7 0 8 0 5 0 2 0 0 0 8 0 0 0 2 1 0 0 1 0 6 0 0 0 4 0 5 0 3 1 0 0 0 1 0 0 6 0 8 0 7 0 4 0 3 0 6 0 7 0 5 0 2 0 0 0 6 0 7 0 1 0 8 0 6 0 6 1 0 0 6 0 8 0 0 0 6 0 3 1 0 0 2 0 8 0 4 1 0 0 2 0 3 0 4 0 0 0 5 0 1 0 2 0 3 0 0 0 0 0 7 0 0 0 0 0 1 0 1 0 1 0 3 0 3 0 4 0 4 0 0 0 5 0 3 0 4 0 7 0 0 1 0 0 2 0 4 0 8 0 4 0 1 0 8 0 5 0 5 0 4 0 1 0 6 0 2 0 7 1 0 0 2 0 3 0 7 0 3 0 4 0 1 0 0 0 0 1 0 0 7 0 5 0 7 0 2 0 6 0 0 0 3 0 1 0 7 0 8 0 0 1 0 0 6 0 3 0 7 0 3 0 6 0 5 1 0 0 3 0 0 0 8 0 8 0 4 1 0 0 4 0 8 0 7 0 0 0 6 0 3 0 1 1 0 0 6 0 2 1 0 1 0 0 0 0 0 0 4 0 6 0 2 1 0 0 4 0 0 0 0 0 5 0 3 0 5 0 5 0 1 0 3 0 2 0 6 0 2 0 4 0 0 0 4 1 0 0 0 0 2 0 0 1 0 0 3 0 6 0 0 0 1 1 0 0 1 1 0 0 0 0 3 0 4 0 8 0 7 0 5 0 3 0 0 0 8 0 6 0 1 0 0 0 4 0 6 0 4 1 0 1 0 0 2 0 7 0 8 0 8 0 2 0 8 0 5 0 5 1 0 0 6 1 0 0 3 0 2 0 2 0 4 0 6 0 7 1 0 1 0
1 577 3 0 1 0 2 0 0 0 1 0 0 0 6 0 0 0 4 0 7 0 2 0 2 0 1 0 0 0 6 0 8 0 6 0 8 0 1 0 5 0 8 0 3 0 6 0 6 1 0 0 3 1 0 0 5 0 3 0 1 1 0 0 5 0 6 0 5 0 0 0 8 0 8 0 6 0 5 1 0 0 1 0 6 1 0 0 8 0 4 0 6 0 1 0 3 0 3 0 0 0 5 0 5 0 6 0 8 0 2 0 2 0 6 0 6 0 4 0 1 0 7 1 0 0 1 1 0 0 0 0 7 0 6 1 0 0 4 0 1 1 0 0 2 0 7 0 6 1 0 0 1 1 0 0 8 0 2 0 8 0 2 0 2 0 7 0 3 0 1 0 1 0 1 0 7 0 6 0 8 0 1 0 5 0 1 0 6 0 1 0 5 0 8 0 2 0 2 0 1 1 0 0 1 0 8 0 8 0 0 1 0 0 3 0 8 0 5 1 0 0 8 0 3 0 6 0 1 0 5 0 1 0 3 0 5 0 4 0 7 0 4 0 5 0 0 0 3 0 7 0 2 0 2 0 8 0 8 0 4 0 7 0 0 1 0 0 4 0 6 0 8 0 1 0 0 0 3 0 4 0 6 0 0 0 1 0 4 0 1 0 0 0 2 0 2 0 2 0 6 0 6 0 8 0 8 0 1 0 0 0 7 1 0 0 5 0 2 0 8 0 3 1 0 0 7 1 0 0 4 0 7 0 2 0 1 1 0 0 4 0 2 0 6 0 5 1 0 0 4 0 7 0 4 0 7 0 8 0 2 0 0 0 1 1 0 0 5 0 2 0 5 0 6 0 2 0 1 0 6 0 3 0 5 0 7 0 2 1 0 0 2 0 8 0 4 0 8 0 3 0 2 1 0 0 6 0 1 0 7 0 8 0 0 1 0 1 0 0 8 0 5 0 2 0 2 0 7 0 3 1 0 0 2 0 6 1 0 0 7 1 0 0 0 1 0 0 3 0 6 0 8 0 7 0 0 0 1 0 0 0 8 0 1 0 1 0 3 0 6 0 5 0 2 0 5 0 8 0 0 1 0 1 0 0 0 0 4 0 1 0 8 0 6 0 2 0 1 0 3 0 8 0 2 0 7 1 0 0 6 1 0 0 8 0 6 0 1 0 7 0 1 0 7 0 3 0 3 0 0 1 0 0 4 0 1 0 0 0 8 0 4 0 5 0 8 0 7 0 6 0 7 0 2 0 3 0 0 0 3 1 0 0 6 0 4 0 4 1 0 0 4 0 7 0 0 0 7
1 577 6 0 2 0 4 0 0 0 2 0 1 0 2 0 1 1 0 0 5 0 5 0 4 0 2 0 1 0 3 0 8 0 4 0 7 0 4 0 1 0 7 0 8 0 3 0 4 1 0 0 7 1 0 0 0 0 7 0 3 1 0 0 1 0 4 0 1 0 2 0 7 0 8 0 4 0 2 1 0 0 3 0 4 0 0 0 7 0 0 0 3 0 3 0 6 0 6 0 1 0 1 0 2 0 4 0 7 0 5 0 5 0 3 0 3 1 0 0 4 0 5 1 0 0 3 0 8 0 0 0 5 0 4 1 0 0 8 0 3 0 8 0 4 0 5 0 4 1 0 0 3 1 0 0 6 0 6 0 6 0 5 0 5 0 4 0 7 0 2 0 2 0 3 0 5 0 4 0 7 0 4 0 0 0 4 0 2 0 4 0 1 0 7 0 5 0 4 0 3 0 8 0 2 0 7 0 7 0 2 0 8 0 6 0 7 0 3 0 0 0 6 0 8 0 2 0 4 0 0 0 3 0 7 0 1 0 0 0 6 0 0 0 1 0 1 0 7 0 4 0 5 0 5 0 7 0 8 0 0 0 5 0 2 0 8 0 8 0 3 0 7 0 3 0 0 0 6 1 0 0 3 0 1 0 2 0 8 0 2 0 0 0 4 0 4 0 5 0 3 0 4 0 8 0 7 0 3 0 1 0 6 0 0 0 0 0 6 0 6 1 0 0 0 0 5 1 0 1 0 0 5 0 5 0 3 0 8 0 7 0 5 0 3 0 2 1 0 1 0 0 6 0 0 0 6 0 7 0 5 0 0 0 3 1 0 0 0 0 6 0 1 0 3 0 5 0 3 0 2 0 8 0 1 0 5 0 6 0 8 0 4 0 7 0 0 0 7 0 7 0 5 1 0 0 2 0 4 0 5 0 7 0 2 1 0 1 0 0 7 0 1 0 5 0 5 0 4 0 8 0 8 0 4 0 4 0 0 0 5 1 0 0 1 0 8 0 6 0 3 0 8 0 5 0 1 0 2 0 1 0 6 0 3 0 2 0 7 0 3 0 1 0 6 0 1 0 7 0 2 1 0 0 7 1 0 0 8 0 3 0 7 0 3 0 5 0 2 0 7 0 6 0 6 0 6 0 0 0 4 0 0 0 7 0 3 0 4 0 4 0 4 0 4 0 7 0 6 0 1 0 8 0 7 0 2 0 1 0 7 0 0 0 2 0 8 0 6 0 4 0 5 0 5 0 6 0 0 0 7 1 0 0 3 0 0 0 0 1 0 1 0 0 5 0 2 0 5
0 579 1 0 2 0 5 0 8 0 0 0 4 0 2 0 4 0 3 1 0 0 1 0 1 1 0 0 5 0 2 0 7 0 7 0 0 0 5 1 0 0 4 0 5 0 7 0 8 0 0 0 0 0 5 1 0 0 1 0 4 0 8 0 8 0 1 0 8 0 2 0 5 0 5 0 7 1 0 0 6 0 8 0 5 0 8 0 1 0 4 0 1 0 6 0 7 0 3 0 3 0 3 0 2 0 4 1 0 0 6 0 2 0 1 0 7 0 7 0 8 0 8 0 1 1 0 0 7 0 6 0 2 0 1 0 1 0 0 0 6 0 8 0 7 0 0 0 2 0 0 1 0 0 7 1 0 0 3 0 4 0 4 0 2 0 2 0 0 0 5 0 5 0 4 0 7 0 1 0 0 0 5 1 0 0 1 0 8 0 4 0 8 0 3 0 5 0 1 1 0 0 8 0 6 0 6 0 5 0 5 0 6 0 7 0 4 0 5 0 7 0 1 0 3 0 7 0 5 0 8 0 0 0 7 0 4 0 3 0 1 0 2 0 1 0 2 0 3 0 5 0 0 0 2 0 2 0 6 0 7 0 2 0 0 0 6 0 7 0 7 0 8 0 4 0 7 0 1 0 3 1 0 0 6 0 2 0 5 0 6 0 5 0 0 1 0 0 0 0 1 0 7 1 0 0 8 0 5 0 7 0 3 0 2 0 1 0 1 0 3 0 4 1 0 0 1 0 2 0 0 1 0 0 1 0 1 0 8 0 7 0 6 0 1 0 7 0 5 1 0 1 0 0 2 0 2 0 3 0 6 0 1 0 1 0 7 0 8 0 0 0 2 0 3 0 7 0 0 0 7 0 5 0 6 0 4 0 1 0 4 0 8 0 0 0 5 0 2 0 5 0 6 0 2 1 0 0 4 1 0 0 2 0 5 0 6 1 0 1 0 0 4 0 4 0 1 0 2 0 0 0 8 0 7 1 0 1 0 0 2 0 1 1 0 0 3 0 7 0 3 0 8 0 7 0 1 0 3 0 4 0 3 0 2 0 7 0 5 0 4 0 7 0 3 0 2 0 4 0 4 0 6 1 0 0 6 0 0 0 6 0 8 0 4 0 8 0 0 0 6 0 5 0 4 0 4 0 3 0 1 0 8 0 1 0 4 0 7 1 0 0 0 0 0 0 0 0 6 0 3 0 4 0 7 0 5 0 5 0 3 0 4 0 1 0 5 0 7 0 4 0 0 0 2 0 2 0 3 0 2 0 5 1 0 0 6 0 0 0 1 1 0 1 0 0 0 0 6 0 1
0 579 2 0 5 0 1 0 7 0 1 0 8 0 4 0 8 0 7 0 8 0 1 0 3 1 0 0 0 0 6 0 5 0 5 0 2 0 1 1 0 1 0 0 2 0 6 0 7 0 1 0 1 0 1 1 0 0 2 1 0 0 8 0 7 0 4 0 6 0 6 0 1 0 2 0 7 0 0 0 3 0 8 0 2 0 7 0 3 0 8 0 3 0 3 0 5 0 7 0 6 0 6 0 5 0 0 0 0 0 2 0 5 0 3 0 5 0 6 0 8 0 7 0 4 1 0 0 5 0 3 0 5 0 2 0 2 0 1 0 3 0 8 0 5 0 1 0 4 0 1 1 0 0 5 1 0 0 6 0 8 0 8 0 4 0 4 0 1 0 1 0 2 0 0 0 5 0 3 0 1 0 1 1 0 0 3 0 7 0 0 0 7 0 8 0 0 0 4 1 0 0 7 0 4 0 4 0 2 0 2 0 4 0 6 0 0 0 2 0 5 0 3 0 7 0 5 0 2 0 7 0 2 0 4 1 0 0 7 0 2 0 4 0 2 0 4 0 7 0 0 0 1 0 4 0 5 0 3 0 5 0 5 0 1 0 3 0 6 0 6 0 8 0 0 0 5 0 3 0 7 1 0 0 2 0 6 0 1 0 4 0 1 0 2 0 7 1 0 0 3 0 6 0 0 0 7 0 2 0 5 0 7 0 4 0 2 0 2 0 6 1 0 1 0 0 2 0 4 0 1 0 8 0 1 0 3 0 7 0 6 0 3 0 4 0 5 0 3 0 0 0 8 0 3 0 4 0 7 0 2 0 3 0 3 0 5 0 7 0 1 0 4 0 7 0 4 0 2 0 5 0 2 0 3 1 0 0 3 1 0 0 7 0 2 0 0 0 6 0 1 0 3 0 6 0 8 0 8 0 8 0 4 0 1 0 5 0 0 0 8 0 7 0 8 0 2 0 4 0 1 0 7 0 7 0 0 0 8 0 3 0 3 0 8 0 6 0 4 0 8 0 7 0 5 0 3 0 6 0 8 0 6 0 5 0 5 0 2 0 0 0 5 0 7 0 4 1 0 0 0 0 5 0 0 0 2 0 2 0 3 0 8 0 0 0 7 0 2 0 3 0 1 1 0 1 0 0 7 0 3 0 6 0 3 1 0 0 6 1 0 0 0 0 0 0 1 0 2 0 7 1 0 0 6 0 2 0 1 0 7 0 8 0 3 0 1 0 5 1 0 0 1 0 4 0 4 0 6 0 5 0 2 0 0 0 2 0 1 0 3 1 0 0 8 0 0 0 2 0 3
1 579 5 0 0 0 4 0 4 0 4 0 7 0 0 0 8 0 6 0 7 0 3 0 7 0 8 0 0 0 3 0 2 0 1 0 5 0 3 1 0 0 8 0 4 0 3 0 5 0 3 0 2 0 3 0 8 0 4 1 0 0 7 0 6 0 0 0 4 0 3 0 3 0 5 0 4 0 1 0 7 0 6 0 6 0 4 0 8 0 6 0 7 0 7 0 1 0 6 0 4 0 4 0 1 0 1 0 0 0 5 0 0 0 8 0 1 0 4 0 8 0 6 0 1 0 0 0 0 0 8 0 0 0 5 0 4 0 2 0 7 0 7 0 1 0 3 0 8 0 3 1 0 0 2 0 0 0 3 0 8 0 7 1 0 1 0 0 3 0 2 0 4 0 1 0 0 0 7 0 2 0 3 0 8 0 6 0 4 0 2 0 5 0 7 0 2 0 0 0 0 0 4 1 0 1 0 0 5 0 4 1 0 0 3 0 1 0 5 0 0 0 8 0 5 0 1 0 6 0 4 0 6 0 0 0 0 0 4 0 5 0 8 0 4 1 0 0 5 0 1 0 2 1 0 0 1 0 8 0 1 0 1 0 3 0 7 0 3 0 4 0 7 0 2 0 0 0 8 0 5 1 0 0 5 0 2 0 3 0 8 0 2 0 5 0 5 1 0 0 7 0 2 0 2 0 4 0 6 0 1 0 5 1 0 0 5 0 5 0 4 0 0 0 8 0 3 0 8 0 3 0 6 0 3 0 7 0 5 0 3 0 7 1 0 0 1 0 7 0 1 0 6 0 7 1 0 0 5 0 5 0 6 0 7 0 1 0 5 0 3 1 0 0 5 1 0 0 6 0 0 0 5 0 7 0 8 0 6 1 0 0 4 0 5 0 1 0 2 0 3 0 7 0 3 0 8 0 8 0 7 1 0 0 4 0 0 0 2 0 7 0 6 0 7 0 5 0 8 0 3 0 5 0 5 0 2 0 6 0 7 0 7 0 7 0 4 0 0 0 8 0 6 0 1 0 8 0 3 0 8 0 4 0 2 0 1 0 5 0 1 0 1 0 6 0 0 1 0 0 1 0 0 0 1 0 4 0 4 0 7 0 6 0 2 0 4 0 5 0 6 0 3 1 0 1 0 0 4 0 8 0 2 1 0 0 0 0 3 1 0 0 0 0 0 0 2 0 5 0 6 0 0 0 2 0 5 0 3 0 5 0 7 0 7 0 3 0 1 1 0 0 2 1 0 0 0 0 4 0 1 0 5 0 0 0 4 0 2 0 7 1 0 0 6 0 1 0 4 0 6
0 581 1 0 0 0 1 1 0 0 0 0 0 0 5 0 2 0 7 0 4 0 5 0 8 0 5 0 7 0 1 0 6 0 4 0 3 0 0 1 0 0 0 0 6 1 0 0 8 0 0 0 7 0 4 0 7 0 7 0 1 0 0 0 5 0 3 0 1 0 8 0 6 0 7 0 0 1 0 0 4 0 5 0 4 0 4 0 0 0 8 0 4 0 6 0 5 0 4 0 2 1 0 1 0 0 3 0 2 0 1 0 0 0 2 0 6 0 3 1 0 0 8 0 3 0 3 0 0 0 1 0 6 0 2 0 0 1 0 0 6 0 5 0 5 0 3 0 7 0 6 0 8 0 8 0 3 0 0 0 7 0 7 0 7 0 0 0 8 0 5 0 4 0 8 0 2 0 1 0 4 0 5 0 7 0 7 0 3 1 0 0 6 0 1 0 5 0 5 0 0 0 1 0 0 0 0 1 0 0 1 0 0 1 0 0 6 0 3 0 0 0 2 0 7 0 1 0 4 0 3 0 0 0 3 0 1 0 0 1 0 0 2 0 8 0 1 0 0 0 0 0 3 0 5 0 8 0 2 0 6 0 3 0 2 0 7 0 4 0 7 1 0 0 5 0 5 0 1 0 7 0 3 0 0 0 0 0 5 0 7 0 6 0 6 0 1 0 3 0 0 0 4 0 5 0 4 1 0 0 3 0 4 0 2 0 0 0 1 0 1 1 0 0 2 0 6 0 8 0 6 0 8 0 2 0 8 0 5 0 1 0 8 0 5 1 0 0 3 0 4 0 4 0 3 0 7 0 0 0 1 0 2 0 4 0 5 0 4 0 0 1 0 0 0 0 2 0 0 0 2 0 2 0 1 0 6 0 8 0 4 1 0 1 0 0 1 0 3 0 4 0 7 0 4 0 8 0 7 0 8 0 6 1 0 0 8 0 0 0 5 0 5 0 4 0 6 0 2 0 7 0 8 0 1 0 1 0 6 0 3 0 6 0 6 0 5 1 0 0 2 0 7 0 3 0 4 0 6 0 8 0 6 1 0 0 5 0 3 0 0 0 3 0 3 0 2 0 2 0 8 0 1 0 0 0 2 1 0 0 0 0 6 0 3 0 5 1 0 0 2 0 3 1 0 0 0 0 8 0 8 0 6 0 6 0 7 1 0 0 7 0 7 1 0 0 0 0 5 0 1 0 3 0 1 0 5 0 0 0 8 0 1 0 6 0 5 0 7 0 3 0 8 0 4 0 7 1 0 0 8 0 3 0 0 0 1 0 8 0 5 0 6 0 0 0 2 0 3 1 0 0 4
1 581 2 0 0 0 3 0 7 1 0 0 1 0 0 0 6 0 5 0 0 0 2 0 8 0 2 0 5 0 4 0 2 1 0 0 7 0 1 0 8 0 0 0 4 0 0 0 6 0 2 0 5 0 0 0 6 0 5 0 3 0 1 0 0 0 7 0 3 0 7 0 4 0 5 0 2 0 8 0 8 0 0 1 0 1 0 0 2 0 7 0 0 0 4 0 1 1 0 0 6 1 0 0 8 0 5 0 4 0 2 0 0 0 5 0 2 1 0 0 0 0 6 0 7 0 6 0 0 0 3 0 2 0 5 0 1 1 0 0 3 0 2 0 1 0 8 0 5 0 4 0 8 0 7 0 7 0 1 0 5 0 6 0 5 0 2 0 7 0 2 0 0 0 7 0 5 0 2 1 0 0 2 0 6 0 5 1 0 0 0 0 2 0 4 0 1 0 1 0 1 0 2 0 0 0 1 0 8 0 1 0 1 1 0 0 2 0 7 0 0 0 5 0 4 0 3 0 8 0 6 0 0 0 6 0 2 0 1 0 8 0 4 0 6 0 3 0 0 0 0 0 7 0 1 0 7 0 6 0 2 0 7 0 5 0 5 0 0 0 7 0 0 0 1 0 1 0 4 0 4 0 7 0 0 0 1 0 1 0 6 0 4 0 3 0 3 0 6 0 0 1 0 0 2 0 0 1 0 0 6 0 8 0 4 0 0 0 2 0 3 0 8 0 4 0 3 0 8 0 4 0 7 0 6 0 7 0 1 0 4 0 7 0 2 1 0 0 6 0 8 0 8 0 7 0 4 0 1 0 2 0 4 1 0 0 1 1 0 0 2 0 7 1 0 0 4 0 0 0 4 0 4 0 3 0 3 0 8 0 1 0 0 0 8 0 1 0 6 1 0 0 6 0 0 0 8 0 6 0 8 0 5 0 0 0 6 0 2 0 1 0 2 0 0 0 3 0 6 0 5 0 7 0 3 0 3 0 2 0 8 0 3 0 4 0 2 1 0 0 5 0 4 0 7 1 0 0 4 0 8 0 5 0 0 0 0 0 7 0 0 0 6 0 6 0 4 0 5 0 6 0 3 0 0 0 5 0 8 0 0 0 2 0 8 0 1 1 0 0 4 0 7 0 8 0 0 0 7 0 8 0 4 0 4 0 7 0 0 0 5 0 6 1 0 0 1 0 0 0 3 0 6 0 3 0 0 0 2 0 6 0 4 0 3 0 2 0 5 0 8 0 7 0 0 0 7 0 0 0 6 0 7 0 0 0 3 0 7 0 2 0 3 0 1 0 4 0 7 0 8 0 7
1 581 4 0 0 0 7 0 5 1 0 0 2 0 1 0 3 0 1 0 1 0 5 0 6 0 6 0 0 1 0 0 6 1 0 0 4 0 4 0 6 0 1 0 8 0 1 0 2 0 6 0 0 0 2 0 3 0 1 0 7 0 2 0 1 0 4 0 8 0 5 0 0 0 1 0 6 0 7 0 7 0 2 1 0 0 8 0 4 0 4 0 1 0 8 0 3 1 0 0 4 0 0 0 7 0 1 1 0 0 5 0 1 0 0 0 6 0 8 0 0 0 3 0 6 0 3 0 1 0 6 0 5 0 0 0 4 0 8 0 5 0 4 0 3 0 7 0 2 0 0 0 8 0 6 0 5 0 4 0 1 0 4 0 1 0 6 0 4 0 5 0 1 0 5 0 1 0 6 0 8 0 4 0 3 0 2 1 0 0 0 0 4 0 8 0 2 0 2 0 2 0 4 0 0 0 3 0 6 0 3 0 3 0 8 0 4 0 4 0 2 0 0 1 0 0 8 0 7 0 3 0 2 0 2 0 5 0 3 0 7 0 0 0 3 0 7 0 0 0 1 0 4 0 4 0 5 0 3 0 6 0 5 0 2 0 1 0 2 0 4 0 1 0 2 0 2 1 0 0 0 0 5 0 1 0 2 0 3 0 2 1 0 0 7 0 7 0 2 0 2 0 8 0 3 0 1 1 0 0 3 0 7 1 0 0 1 0 4 0 7 0 6 1 0 0 8 0 7 0 0 0 6 0 4 0 5 0 3 1 0 0 5 0 6 1 0 0 3 0 8 0 8 0 5 1 0 0 3 0 4 1 0 1 0 0 3 0 8 0 4 0 5 1 0 0 8 0 0 0 8 0 8 0 6 0 7 0 6 0 3 0 1 0 6 0 4 0 4 0 0 0 2 0 2 0 7 0 4 0 8 0 1 0 2 0 2 0 5 0 2 0 4 0 0 0 7 0 3 0 2 0 5 0 7 0 6 0 5 0 6 0 7 0 8 0 5 1 0 0 1 0 0 0 6 1 0 1 0 0 8 0 1 0 1 0 1 0 4 0 2 0 3 0 4 0 0 0 2 0 3 0 7 0 1 0 1 0 7 0 1 0 5 0 6 0 4 0 8 0 8 0 5 0 7 0 2 0 5 0 8 0 0 0 0 0 5 0 2 0 1 0 4 1 0 0 2 0 0 0 7 0 2 0 7 0 0 0 5 0 2 1 0 0 7 0 5 0 1 0 8 0 5 0 2 0 4 0 2 0 3 0 5 0 1 0 7 0 4 0 5 0 6 0 2 1 0 0 6 0 8 0 6
1 581 8 0 1 0 5 0 2 1 0 0 4 0 2 0 6 0 2 0 3 0 1 0 4 0 3 0 2 1 0 0 3 1 0 1 0 0 0 0 3 0 4 0 6 0 3 0 5 0 2 0 1 0 4 0 6 0 3 0 4 0 5 0 2 1 0 0 8 0 1 0 1 0 3 0 3 0 6 0 5 0 6 1 0 0 6 1 0 1 0 0 4 0 6 0 8 0 8 0 7 0 1 0 4 0 4 1 0 0 0 0 3 0 1 0 3 0 7 0 1 0 7 0 2 0 7 0 3 0 3 0 1 0 1 1 0 0 8 0 1 1 0 0 8 0 4 0 5 0 1 0 7 0 4 0 1 1 0 0 3 0 8 0 3 0 3 0 0 0 1 0 4 0 0 0 4 0 3 0 7 1 0 0 7 0 5 0 7 1 0 1 0 0 7 0 5 0 4 0 4 0 8 0 0 0 7 0 2 0 7 0 7 0 6 1 0 1 0 0 5 0 1 1 0 0 7 0 5 0 7 0 4 0 5 0 0 0 8 0 4 0 1 0 7 0 4 0 1 0 2 1 0 0 0 0 1 0 8 0 3 0 1 0 5 0 2 0 4 0 8 0 2 0 4 0 5 0 8 0 0 0 0 0 3 0 4 0 6 0 5 1 0 0 5 0 5 0 5 0 5 0 6 0 7 0 3 0 8 0 6 0 5 1 0 0 2 1 0 0 6 0 5 0 0 0 7 0 5 0 2 0 3 0 0 0 1 1 0 0 0 0 1 0 4 1 0 0 7 0 7 0 8 0 2 1 0 0 7 0 0 0 0 0 8 0 6 0 7 0 0 0 3 0 0 0 6 0 2 0 7 0 8 0 4 0 6 0 3 0 7 0 3 0 2 1 0 1 0 0 1 0 4 0 5 0 5 0 0 0 7 0 3 0 4 0 5 0 0 0 5 0 8 0 1 0 4 0 7 0 5 0 1 0 6 0 4 0 2 0 4 0 6 0 8 0 2 1 0 0 2 0 1 0 4 0 0 1 0 0 6 0 3 0 2 0 2 0 8 0 4 0 6 0 8 0 0 0 4 0 7 0 4 0 3 0 3 0 4 0 4 0 1 0 4 0 0 0 8 0 8 0 2 0 5 0 6 0 1 0 7 0 1 0 1 0 0 0 5 0 2 1 0 1 0 0 4 0 1 0 4 0 6 0 4 0 2 0 0 0 6 1 0 0 5 0 1 0 4 0 7 0 1 0 5 0 8 0 4 0 7 0 0 0 4 0 5 0 0 0 2 0 3 0 6 1 0 0 3 0 8 0 4
0 583 1 0 6 0 4 0 0 0 6 0 8 0 7 0 5 0 2 0 5 0 6 0 2 0 8 0 6 0 5 0 8 0 6 1 0 0 7 1 0 0 6 1 0 0 3 0 8 0 0 0 5 0 2 1 0 0 3 0 7 1 0 0 1 0 6 1 0 0 6 0 3 0 2 0 6 0 7 0 3 0 2 0 5 0 0 0 4 0 0 0 8 0 8 0 3 0 8 0 8 0 5 0 3 1 0 0 0 1 0 0 0 0 6 0 2 0 7 0 4 0 4 0 4 0 6 0 4 0 7 0 6 0 2 0 3 1 0 0 6 0 4 1 0 0 7 0 0 0 1 0 4 0 4 1 0 0 4 0 8 0 6 0 6 0 7 0 6 0 0 0 2 0 8 0 0 0 8 0 7 0 6 0 0 0 5 0 2 0 7 0 0 1 0 0 5 0 2 0 0 0 0 0 7 0 2 0 4 0 6 0 5 0 6 0 5 0 0 1 0 0 0 0 4 1 0 0 5 0 2 0 6 0 0 0 1 0 2 0 6 1 0 0 4 0 4 1 0 0 3 0 5 0 7 1 0 0 3 0 6 0 7 0 3 0 0 0 5 1 0 0 7 0 5 1 0 0 2 0 7 0 1 0 0 0 6 1 0 0 4 0 3 0 0 0 1 0 2 0 2 0 2 0 4 0 5 0 8 0 7 0 4 0 2 1 0 0 5 1 0 0 3 0 1 0 2 0 5 0 1 0 5 0 6 0 0 0 3 0 7 1 0 0 3 0 0 0 0 0 5 0 6 0 7 0 6 1 0 0 4 0 1 0 1 0 7 0 4 0 5 0 1 0 6 0 1 0 2 0 6 0 5 0 8 0 0 0 3 0 8 0 4 0 7 0 5 1 0 0 8 0 1 1 0 0 2 0 1 0 2 0 4 0 7 1 0 0 1 0 2 0 1 0 7 0 3 1 0 0 6 0 1 0 4 0 2 1 0 0 5 1 0 0 4 0 7 0 6 0 8 0 3 0 2 0 8 0 1 1 0 0 2 0 7 0 4 0 5 0 7 0 0 0 4 0 7 0 1 1 0 0 5 1 0 0 7 0 6 0 8 0 8 0 2 0 8 0 1 0 7 0 7 0 6 0 1 0 3 0 4 0 4 0 3 0 2 0 1 0 0 0 6 1 0 0 8 0 7 0 2 1 0 0 3 1 0 0 5 0 1 0 4 0 0 0 0 0 3 1 0 0 5 0 4 0 1 0 8 0 0 0 5 0 1 1 0 0 1 0 1 0 4 0 7 0 3 1 0 0 7 0 7 0 0
0 583 3 0 2 1 0 0 2 0 3 0 8 0 6 0 1 0 6 0 1 0 3 0 6 0 7 0 4 0 2 0 8 0 5 0 0 0 6 0 0 0 3 1 0 0 7 0 6 0 2 0 0 0 6 0 8 0 6 0 5 1 0 0 3 0 4 0 0 0 2 0 7 0 5 0 3 0 5 0 7 0 5 0 0 0 1 0 8 0 1 0 7 0 7 0 8 0 7 0 8 0 1 0 8 0 8 0 0 0 8 0 0 0 2 0 6 0 5 0 0 0 0 0 0 0 4 0 0 0 6 0 3 0 5 0 7 1 0 0 3 0 1 0 0 0 4 0 1 0 2 1 0 0 0 1 0 1 0 0 8 0 4 0 4 0 6 0 3 0 1 0 5 0 6 0 2 0 7 0 6 0 3 0 2 0 0 0 6 0 4 0 2 1 0 0 0 0 5 0 0 0 1 0 4 0 5 1 0 0 4 0 2 0 4 0 1 0 2 0 8 0 0 0 0 0 0 0 0 0 6 0 2 0 1 0 2 0 5 0 3 1 0 1 0 0 0 1 0 0 7 0 1 0 6 1 0 0 7 0 3 0 5 0 7 0 1 0 2 0 0 0 5 0 2 1 0 0 5 0 4 0 3 0 1 0 3 1 0 0 8 0 6 0 0 0 2 0 4 0 4 0 4 1 0 0 2 0 8 0 5 1 0 0 6 1 0 0 1 1 0 0 6 0 2 0 5 0 0 0 4 0 1 0 3 0 1 0 7 0 5 1 0 0 6 0 0 0 1 0 1 0 4 0 6 0 4 1 0 0 8 0 2 0 3 0 5 0 0 0 1 0 4 0 2 0 3 0 5 0 3 0 2 0 7 0 1 0 7 0 7 0 0 0 6 0 3 0 0 0 6 0 4 0 8 0 3 0 2 0 4 1 0 0 6 1 0 0 2 0 4 0 3 0 4 1 0 0 0 0 2 0 3 0 8 0 5 1 0 0 1 1 0 1 0 0 6 0 4 0 7 0 7 0 5 0 6 0 4 0 8 0 4 0 5 0 0 0 2 0 5 0 1 1 0 0 5 0 4 1 0 0 2 0 0 0 5 0 4 0 8 0 7 0 6 0 6 0 4 0 5 0 6 0 3 0 3 0 6 0 8 0 8 0 6 0 4 0 2 0 1 0 4 0 0 0 7 0 5 0 6 0 8 0 6 1 0 0 0 0 3 0 8 0 0 0 0 0 7 1 0 0 0 1 0 0 4 0 6 0 2 0 0 0 4 0 8 0 1 0 2 1 0 0 5 1 0 0 0 0 5 0 5 0 1
0 583 6 0 5 0 8 0 3 0 7 0 7 0 3 0 4 0 2 0 3 0 7 0 3 0 5 1 0 0 6 0 7 0 1 0 2 0 2 0 1 0 7 1 0 0 5 0 3 0 5 0 1 0 3 0 8 0 4 0 2 1 0 0 6 0 8 0 0 0 5 0 5 0 1 0 8 0 1 0 6 0 1 0 1 0 3 0 6 0 4 0 5 0 6 0 8 0 6 0 7 0 4 0 7 0 7 0 2 0 6 0 1 0 5 0 3 0 1 0 1 0 0 0 0 0 8 0 1 0 2 0 8 0 1 0 6 1 0 0 6 0 2 0 0 0 8 0 2 0 5 0 8 0 0 1 0 1 0 0 7 0 0 0 0 0 3 0 7 0 3 0 1 0 3 0 6 0 5 0 3 0 7 0 4 0 1 0 2 1 0 0 6 0 8 0 0 0 0 0 1 0 2 1 0 0 2 1 0 0 8 0 4 0 8 0 2 0 5 0 6 0 1 0 0 0 0 0 1 0 2 0 5 0 2 0 5 0 0 1 0 0 0 0 8 0 0 1 0 0 4 0 4 0 4 0 0 0 4 0 8 0 1 0 5 0 3 0 4 0 1 0 0 0 6 1 0 0 0 1 0 0 7 0 2 0 7 1 0 0 7 0 3 0 1 0 4 1 0 0 0 0 0 1 0 0 5 0 7 0 3 0 0 0 3 1 0 0 3 1 0 0 2 0 6 0 0 0 1 0 8 0 2 0 6 0 3 0 5 0 3 0 0 0 2 0 1 0 2 0 2 1 0 0 4 0 1 0 0 0 6 0 5 0 7 0 0 0 1 0 2 0 8 0 4 0 7 0 0 0 7 0 5 0 4 0 4 0 5 0 5 0 2 0 2 0 7 0 1 0 3 0 0 0 7 0 7 0 5 0 0 0 0 0 3 1 0 0 4 0 8 0 6 1 0 1 0 0 0 0 4 0 7 0 7 0 2 1 0 0 3 1 0 1 0 0 3 0 0 0 6 0 6 0 2 0 4 0 0 0 8 0 0 0 1 0 1 0 5 0 0 0 4 1 0 0 1 0 0 1 0 0 4 0 1 0 1 0 0 0 8 0 6 0 4 0 4 0 0 0 2 0 3 0 7 0 7 0 3 0 8 0 8 0 3 1 0 0 5 0 2 0 8 0 1 0 5 0 2 0 4 0 8 0 4 1 0 0 0 0 7 0 6 0 1 0 1 0 5 1 0 0 1 0 8 0 8 0 2 0 5 0 0 1 0 0 7 0 3 0 5 1 0 0 1 1 0 0 1 0 1 0 1 0 3
1 585 1 0 3 0 2 0 7 0 8 0 5 0 5 0 7 0 8 0 4 0 7 0 4 0 8 0 2 0 0 0 3 0 5 0 3 0 4 0 4 0 3 0 6 0 0 0 0 0 8 0 0 0 3 0 7 0 6 1 0 0 6 1 0 0 3 0 7 0 2 0 1 0 1 0 4 0 6 0 4 0 2 0 3 0 2 0 7 0 3 0 0 0 2 0 4 0 8 0 4 0 6 0 0 0 6 0 5 0 6 0 2 0 4 0 0 0 7 0 2 0 2 0 0 0 1 0 6 0 3 0 5 0 6 0 4 0 4 0 0 0 2 0 5 0 1 0 6 0 6 0 1 0 7 0 2 1 0 1 0 0 4 0 1 0 0 0 7 0 4 0 7 0 2 0 7 0 3 0 1 0 8 0 4 1 0 0 3 0 5 1 0 0 3 0 7 0 1 0 0 0 2 0 5 0 8 0 4 1 0 0 7 0 0 0 7 0 6 0 1 0 3 0 3 0 0 0 0 0 2 0 5 0 0 0 6 0 0 0 2 0 8 0 0 0 6 0 2 0 8 0 7 0 8 0 8 0 0 1 0 0 7 0 4 0 0 0 7 0 8 0 2 0 1 0 3 1 0 0 1 1 0 0 4 0 6 0 6 0 0 0 4 0 7 0 2 1 0 1 0 0 0 0 1 1 0 0 1 0 5 0 7 0 0 0 7 0 8 0 6 0 8 0 4 0 2 0 1 0 3 0 6 0 6 0 2 0 8 0 0 0 7 0 0 0 4 0 2 0 4 0 5 0 8 0 7 0 2 0 1 0 3 0 2 0 5 0 1 0 2 0 5 0 7 0 0 0 5 0 2 0 5 0 2 0 0 0 0 0 2 0 1 0 5 0 5 0 4 0 3 0 6 0 1 0 5 0 6 0 1 0 1 0 0 0 7 0 8 0 8 0 7 0 5 0 0 0 7 1 0 1 0 0 6 0 5 0 6 0 8 0 6 1 0 0 8 0 5 0 1 0 3 0 3 0 5 0 8 0 1 0 6 0 1 0 2 0 3 0 0 0 1 1 0 1 0 0 2 0 1 0 8 0 7 0 2 0 2 0 1 0 7 0 3 1 0 1 0 0 1 0 4 0 7 0 5 0 5 0 8 0 7 0 7 1 0 0 0 0 0 0 6 0 6 0 4 0 0 0 5 1 0 0 8 0 0 1 0 0 1 0 5 0 3 0 3 0 3 0 1 1 0 0 3 0 7 0 7 0 6 0 0 0 2 1 0 0 4 0 8 0 1 1 0 0 3 0 8 0 1 0 2 0 2 0 6
0 585 2 0 6 0 5 0 5 0 8 0 2 0 2 0 6 0 8 0 0 0 6 0 0 0 7 0 5 0 0 0 7 0 0 0 7 0 8 0 8 0 7 0 2 0 1 0 1 0 6 0 1 0 7 0 5 0 5 0 0 0 3 1 0 0 7 0 4 0 5 0 2 0 2 1 0 0 3 1 0 0 5 0 6 0 5 0 4 0 7 0 0 0 4 1 0 0 8 0 0 0 3 0 2 0 3 0 2 0 3 0 5 0 8 0 1 0 4 0 5 0 4 0 0 0 3 0 2 0 8 0 1 0 3 1 0 1 0 0 1 0 5 0 0 0 4 0 3 0 3 0 4 0 4 0 6 1 0 0 8 0 7 0 2 0 1 0 5 0 0 0 5 0 6 0 4 0 7 0 3 0 7 0 0 1 0 0 7 0 1 1 0 0 7 0 4 0 3 0 0 0 5 0 1 0 8 0 1 0 0 0 4 0 2 0 5 0 3 0 3 0 6 0 6 0 0 0 0 0 5 0 0 0 2 0 2 0 1 0 5 0 6 0 2 0 2 0 6 0 7 0 6 0 8 0 7 0 2 1 0 0 4 1 0 0 2 0 5 0 7 0 5 0 2 0 7 0 8 0 2 0 8 0 8 0 3 0 3 0 1 1 0 0 5 0 6 1 0 0 7 1 0 0 3 0 8 0 2 0 1 0 5 0 2 0 5 0 8 0 4 0 7 1 0 0 5 0 2 0 7 0 3 0 3 0 6 0 6 0 2 0 4 0 1 0 8 0 4 1 0 0 2 0 8 0 5 0 5 0 2 0 6 0 5 0 0 0 3 0 5 0 1 0 5 0 2 0 0 0 6 0 0 0 5 0 0 0 0 0 4 0 3 0 1 0 1 1 0 0 8 0 2 0 4 0 1 0 3 0 3 0 2 0 1 0 5 0 8 0 8 0 6 0 1 0 2 0 6 0 0 1 0 0 3 0 2 0 4 0 8 0 5 0 0 0 7 0 1 0 3 0 6 0 7 0 1 0 7 0 4 0 2 0 3 0 4 0 6 0 0 0 3 1 0 0 8 0 3 0 3 0 7 0 5 0 5 0 4 0 3 0 4 1 0 0 0 0 8 0 1 1 0 0 6 0 2 0 2 0 8 0 6 0 6 1 0 0 0 0 1 0 3 0 3 1 0 0 2 0 2 0 0 0 6 0 2 0 8 0 2 0 0 0 7 0 6 0 6 0 3 0 8 0 6 0 5 0 6 0 3 0 1 0 5 0 8 0 8 0 6 0 4 0 8 0 6 0 6 0 3 0 4 0 5 0 3
1 585 5 0 3 0 2 0 2 0 7 0 5 0 5 0 3 0 7 0 2 0 2 0 2 0 5 0 1 0 2 0 4 0 2 0 5 0 8 0 8 0 5 0 5 0 2 0 3 0 2 0 4 0 5 0 2 0 1 0 1 0 7 1 0 0 5 0 0 0 1 0 5 0 5 0 8 0 6 1 0 0 1 0 4 0 2 0 0 0 5 0 2 0 0 0 0 0 6 0 1 0 6 0 4 0 6 0 4 0 7 0 1 0 7 0 3 1 0 0 1 1 0 0 1 0 6 0 5 0 6 0 3 0 7 1 0 0 8 0 2 0 0 0 1 0 8 0 6 0 6 1 0 0 0 0 5 0 0 0 7 0 5 0 5 0 3 0 0 0 2 0 1 0 4 0 0 0 5 0 8 0 4 0 2 1 0 0 4 0 4 1 0 0 4 1 0 0 7 0 1 0 0 0 4 0 6 0 3 0 0 0 8 0 5 0 0 0 7 0 7 0 3 0 3 0 1 0 1 0 0 0 1 0 4 0 4 0 3 0 1 0 3 0 5 0 5 0 3 0 6 0 4 0 8 0 5 0 6 0 8 0 8 0 8 0 4 0 1 0 6 0 1 0 6 0 5 0 7 0 6 0 7 0 7 0 7 0 6 0 3 1 0 0 1 0 5 0 0 0 5 1 0 0 7 0 6 0 5 0 3 0 0 0 6 0 1 0 8 0 0 0 7 0 0 0 0 0 6 0 4 0 7 0 7 0 3 0 3 0 5 0 8 0 3 0 7 0 0 1 0 0 5 0 7 0 2 0 1 0 6 0 3 0 1 0 1 0 7 0 0 0 4 0 0 0 5 0 1 0 2 0 2 0 0 0 1 0 0 0 8 0 6 0 2 0 3 1 0 0 6 0 5 0 8 0 2 0 6 0 6 0 4 0 3 0 1 0 8 0 8 0 3 0 3 0 5 0 2 0 2 0 8 0 5 0 4 1 0 0 8 0 1 0 2 0 4 0 3 0 7 0 3 0 5 0 4 0 4 1 0 0 5 0 6 1 0 0 3 0 1 0 7 1 0 0 6 0 7 0 7 0 5 0 2 0 1 1 0 0 7 1 0 1 0 0 1 0 6 0 4 1 0 0 2 0 5 0 5 0 7 0 4 0 4 1 0 0 0 0 2 0 6 0 7 0 8 0 3 0 4 0 1 0 2 0 6 0 6 0 5 0 1 0 5 0 4 0 3 0 8 0 7 0 4 0 2 0 3 0 7 0 3 0 1 0 8 0 8 0 4 0 0 0 8 0 4 0 3 0 7 1 0 0 1 0 7
1 587 1 0 0 0 7 0 4 0 5 0 5 0 2 0 1 0 8 0 4 0 5 0 4 0 5 0 0 0 3 0 4 0 8 0 5 0 1 0 8 0 8 0 2 0 1 0 5 0 6 0 4 1 0 0 1 0 5 0 2 0 3 0 6 0 0 0 0 0 1 0 3 0 1 0 2 0 8 0 4 1 0 0 2 0 8 0 4 0 1 0 0 0 5 0 0 0 1 0 2 0 4 0 3 0 0 0 4 0 0 0 5 0 4 0 4 0 8 0 8 0 2 0 8 0 2 0 3 0 2 0 3 0 8 0 6 0 0 0 6 0 5 0 0 0 3 0 7 0 4 0 4 1 0 0 1 0 0 0 2 0 5 0 2 0 1 0 7 0 0 0 4 0 2 0 8 0 1 0 1 0 7 1 0 0 6 0 8 0 8 0 0 0 0 0 0 0 0 0 4 0 3 0 0 1 0 0 3 0 7 0 1 0 7 0 1 0 2 0 5 0 5 0 7 0 6 0 2 0 2 0 0 0 2 0 8 0 8 0 6 0 2 0 7 0 1 0 1 0 8 0 3 0 0 0 8 0 2 0 4 0 8 0 8 0 7 1 0 0 4 0 2 0 4 0 3 0 2 0 6 0 4 0 6 0 6 0 6 0 3 0 8 0 8 0 2 0 0 0 2 0 2 0 0 0 5 0 4 0 1 0 7 0 1 0 2 0 4 0 6 0 2 0 4 0 1 0 1 0 3 0 0 0 6 0 5 0 7 0 7 0 1 0 7 0 8 0 4 0 2 1 0 0 1 0 5 0 5 0 3 0 2 0 7 0 2 0 3 0 4 0 1 0 8 0 1 0 0 0 3 0 4 0 4 0 0 0 2 0 1 0 7 0 3 0 5 0 7 1 0 0 3 0 2 0 7 0 6 0 3 0 3 1 0 0 7 0 3 0 7 0 7 0 7 0 7 0 0 0 5 0 5 0 7 0 2 0 1 0 0 0 6 0 3 0 4 0 8 0 7 0 4 0 8 0 1 0 0 0 1 0 0 0 1 0 4 1 0 0 6 0 3 0 6 0 0 0 3 0 6 0 6 0 1 0 5 0 3 1 0 0 6 0 0 0 8 0 2 0 3 0 0 1 0 0 5 0 1 0 2 0 6 0 0 0 0 1 0 0 0 0 5 0 3 0 6 0 7 0 7 0 8 0 2 0 5 0 3 0 4 0 1 0 4 0 0 1 0 0 8 0 7 0 5 1 0 0 5 0 7 0 4 0 7 0 3 0 7 0 7 1 0 0 2 0 6 1 0 0 8 0 5 1 0 0 3 0 5
0 587 2 0 1 0 5 0 0 0 2 0 1 0 5 0 3 0 7 0 0 0 2 0 0 0 1 0 1 0 6 1 0 0 8 0 1 0 4 0 7 0 7 0 5 0 3 0 1 0 4 0 0 1 0 0 3 0 0 0 5 0 7 0 2 0 1 0 0 0 2 0 6 0 2 0 5 0 7 0 0 1 0 0 5 0 6 1 0 0 3 0 1 0 0 0 1 0 2 0 4 0 8 0 6 0 0 0 8 0 1 0 1 0 0 0 0 0 8 0 7 0 6 0 6 0 5 0 6 0 4 0 7 0 7 0 3 0 2 0 3 0 1 0 1 0 7 0 5 0 0 0 0 1 0 0 2 0 0 0 5 0 0 0 5 0 3 0 4 0 1 0 8 0 5 0 6 0 3 0 3 0 6 0 0 0 3 0 8 0 7 0 1 0 0 0 0 0 0 0 8 0 6 0 1 0 8 0 6 0 4 0 4 0 4 0 3 0 5 0 1 0 2 0 6 0 3 0 5 0 4 0 0 0 5 0 7 0 8 0 3 0 6 0 4 0 3 0 3 0 6 0 7 0 1 0 6 0 5 1 0 0 8 0 8 0 6 1 0 0 8 0 4 0 8 0 6 0 5 0 3 0 0 0 4 0 4 0 3 0 8 0 7 0 7 0 5 0 0 0 4 0 4 0 1 0 0 1 0 0 4 0 4 0 3 0 4 1 0 0 3 0 5 0 8 0 2 0 2 0 6 0 1 0 3 0 2 0 6 0 5 0 4 0 5 0 7 1 0 0 6 0 8 0 2 0 1 0 1 0 7 0 5 0 4 0 5 0 6 0 8 0 3 0 6 0 3 0 0 0 6 0 8 0 8 0 0 0 4 0 3 0 4 0 8 0 1 0 6 1 0 0 6 0 5 0 5 0 3 0 7 0 7 1 0 0 4 0 8 0 5 0 6 0 6 0 5 0 2 0 1 0 2 0 5 0 5 0 2 0 1 0 2 0 7 1 0 0 8 0 6 0 0 0 7 0 3 0 0 0 2 0 0 0 3 0 0 0 0 0 2 0 8 0 2 0 1 0 7 0 3 0 3 0 4 0 0 1 0 0 0 0 2 0 2 0 6 0 5 0 6 0 1 1 0 0 0 0 3 0 5 0 2 0 1 0 1 0 8 0 0 0 0 0 8 0 3 0 6 0 6 0 7 0 6 0 0 0 7 0 8 0 2 0 8 0 1 1 0 0 7 0 6 0 3 0 0 0 1 0 6 0 0 0 5 0 8 0 5 0 6 1 0 0 5 0 4 0 0 0 7 0 2 1 0 0 7 0 1
0 587 4 0 3 0 0 0 1 0 4 0 3 0 0 0 8 0 4 0 1 0 4 0 0 0 2 0 3 0 4 0 0 0 6 0 3 1 0 0 6 0 6 0 1 0 7 0 2 0 8 0 1 0 8 0 5 0 1 0 1 0 5 0 5 0 2 0 0 0 5 0 2 0 6 0 1 0 5 0 2 1 0 0 1 0 4 1 0 0 6 0 2 0 0 0 2 0 4 1 0 0 8 0 3 0 2 0 6 0 3 0 2 0 0 0 1 0 7 0 6 0 4 0 4 0 2 0 4 0 0 0 6 0 5 0 7 0 4 0 6 0 2 0 3 0 5 0 1 0 1 0 1 0 8 0 3 0 1 0 0 0 2 0 0 0 7 0 8 0 3 0 7 0 2 0 3 0 7 0 7 0 2 0 1 0 7 0 7 0 5 0 3 0 0 0 0 0 1 0 7 0 3 0 4 0 7 0 3 1 0 1 0 1 0 0 8 0 0 0 3 0 5 0 2 0 8 0 0 1 0 0 2 0 1 0 6 0 7 0 8 0 2 1 0 0 7 0 7 0 3 0 5 0 4 0 3 0 3 0 0 0 7 0 8 0 5 0 0 0 7 0 0 0 8 0 4 0 1 0 7 0 0 0 8 0 8 0 7 0 7 0 6 0 6 0 1 0 1 0 8 0 8 0 2 0 1 0 8 0 7 0 8 0 6 1 0 1 0 0 7 0 1 0 7 0 5 0 5 0 2 0 3 0 6 0 5 0 3 0 2 0 0 0 2 0 7 0 0 0 3 0 7 0 5 0 2 0 3 0 5 0 2 0 0 0 2 0 4 0 7 0 8 0 2 0 7 0 1 0 3 0 8 0 7 0 1 0 8 0 6 1 0 0 7 0 4 0 4 0 0 0 3 0 2 0 1 0 8 0 5 0 6 1 0 1 0 0 8 0 2 0 4 0 4 0 1 0 5 0 2 0 5 0 1 0 1 0 5 0 2 0 5 0 6 0 0 0 7 0 3 0 2 0 4 0 7 0 0 0 4 0 0 0 6 0 0 0 0 0 5 0 6 0 5 0 3 0 4 0 7 0 6 0 8 0 1 0 7 1 0 0 4 0 5 0 3 0 2 0 3 0 4 0 7 1 0 0 7 0 0 0 5 0 2 0 3 0 6 0 1 0 1 0 6 0 8 0 3 0 4 0 6 0 3 0 2 0 5 0 7 0 6 0 6 0 4 1 0 0 5 0 3 0 7 0 0 0 3 0 2 0 2 0 1 0 8 0 2 0 5 0 0 0 0 1 0 0 2 0 4 0 6 1 0 0 4 0 3
1 587 8 0 6 0 0 0 2 0 8 0 6 0 1 0 6 1 0 0 3 0 8 0 0 0 4 0 6 0 8 0 1 0 2 1 0 0 0 0 3 0 3 0 4 0 4 0 6 0 6 0 4 0 7 0 1 0 3 0 3 0 1 0 1 0 5 0 1 0 0 0 6 0 2 0 4 0 0 0 6 0 8 0 2 0 0 0 0 0 2 0 5 0 0 0 5 0 0 0 0 0 6 0 7 0 5 0 2 0 7 0 4 0 0 0 3 0 5 0 3 1 0 1 0 0 5 0 8 0 1 0 3 0 2 0 6 0 0 0 3 0 5 0 7 0 0 0 3 0 2 0 3 0 6 0 7 0 2 0 0 0 4 0 1 0 5 0 7 0 8 0 4 0 5 0 7 0 5 0 5 0 5 0 3 0 5 0 6 0 1 0 7 0 0 0 0 0 3 0 4 0 7 1 0 0 5 1 0 0 0 1 0 1 0 0 6 0 1 0 7 0 0 0 6 0 6 0 2 0 8 0 3 0 3 0 3 0 6 0 7 0 6 1 0 0 5 0 5 0 8 0 0 1 0 0 7 0 6 0 1 0 5 0 8 0 1 0 2 0 4 0 2 0 6 1 0 0 4 0 4 0 2 0 7 0 8 0 6 0 6 0 4 0 3 0 3 0 3 0 7 0 7 0 5 0 3 0 7 0 6 0 8 0 5 0 0 1 0 0 4 0 4 0 5 0 2 0 1 0 5 0 7 0 3 0 1 0 7 0 4 0 0 0 5 0 4 0 1 0 7 0 5 0 1 0 5 0 7 0 0 0 5 0 0 0 4 1 0 0 6 0 7 0 6 0 4 0 3 0 7 0 7 0 5 0 4 0 7 0 5 0 0 0 4 1 0 1 0 0 1 0 6 0 4 0 3 0 7 0 2 0 5 0 0 1 0 0 6 0 5 0 8 0 8 0 3 0 0 0 6 0 0 0 3 0 3 0 0 0 6 0 1 0 3 0 2 0 4 0 7 0 4 1 0 0 5 0 1 0 8 0 1 0 2 0 1 0 1 0 1 0 4 0 1 0 7 1 0 0 6 0 4 0 7 0 4 0 5 1 0 1 0 0 1 0 7 0 4 0 6 1 0 0 7 0 0 0 4 0 2 0 0 0 5 0 7 0 2 0 3 0 3 0 3 0 7 0 7 1 0 0 3 0 7 0 5 0 1 0 6 0 4 0 4 0 1 0 0 0 0 0 8 0 4 0 1 0 6 0 4 0 4 0 3 0 6 0 6 0 0 0 1 0 1 0 8 0 3 1 0 0 4 1 0 0 8 0 6
1 589 1 0 7 0 3 0 1 0 5 0 7 0 3 0 4 0 3 1 0 0 7 0 6 0 1 1 0 0 4 0 7 0 3 0 5 0 7 1 0 0 6 0 6 1 0 0 0 0 4 0 4 0 0 0 5 0 3 0 6 0 6 0 2 0 3 0 0 0 3 0 1 0 2 0 5 0 8 0 1 0 3 0 7 0 5 0 0 0 0 0 5 0 0 0 2 0 0 0 1 0 1 0 3 0 6 0 1 0 6 0 4 1 0 0 1 0 7 0 0 1 0 0 0 1 0 0 1 0 7 0 3 0 6 0 5 0 2 0 1 0 7 0 1 0 5 0 1 0 6 0 4 0 7 0 3 0 5 0 5 0 0 0 8 0 3 0 1 0 6 0 8 0 0 0 2 0 6 0 2 0 2 0 1 0 8 0 1 0 3 0 4 0 4 0 1 0 0 0 6 1 0 0 7 0 0 0 1 1 0 0 1 1 0 1 0 0 2 0 4 0 4 0 2 0 3 0 3 0 6 0 6 0 7 0 6 0 7 0 3 0 6 0 5 0 0 0 1 0 2 0 7 0 2 1 0 0 5 0 3 0 4 0 1 0 7 0 3 0 4 0 8 0 5 0 3 1 0 0 8 0 8 0 5 0 5 0 8 0 4 0 3 1 0 0 7 0 6 0 7 0 5 0 6 0 1 0 8 0 5 0 4 0 8 0 1 0 2 0 8 0 7 1 0 0 1 0 5 0 3 0 1 0 5 0 7 0 3 0 4 1 0 0 2 0 0 1 0 0 4 0 5 0 1 0 4 0 1 0 5 0 2 0 0 0 2 0 0 0 0 0 3 0 6 0 3 1 0 0 8 0 5 0 6 0 2 0 0 0 6 0 1 0 2 0 0 0 0 0 8 0 2 0 2 1 0 0 8 0 4 0 6 0 0 0 2 1 0 0 3 0 2 0 8 0 7 0 7 0 1 0 2 0 1 0 6 0 6 0 1 0 2 0 3 0 6 0 4 1 0 0 6 0 1 0 0 0 0 0 4 0 6 0 3 0 4 0 2 0 2 0 2 0 8 0 3 0 6 0 0 0 3 0 0 0 6 0 0 0 3 0 0 0 8 0 2 0 5 0 0 0 5 0 0 0 4 0 1 0 8 0 4 0 1 0 1 0 5 0 5 0 6 0 6 0 7 0 5 0 6 1 0 0 7 0 5 0 1 0 4 0 2 1 0 1 0 0 3 0 0 0 1 0 6 1 0 0 4 0 2 1 0 1 0 0 8 0 3 0 3 0 1 0 2 0 3 0 6 1 0 0 0 0 0 0 0 0 7 0 4
0 589 3 0 4 0 7 0 3 0 1 0 5 0 7 0 8 0 7 1 0 0 5 0 3 0 4 0 8 0 8 0 4 0 8 0 1 0 7 0 0 0 3 0 4 1 0 0 0 0 8 0 8 0 1 0 0 0 8 0 3 0 3 0 5 0 6 0 0 0 6 0 2 0 5 0 1 0 7 0 3 0 7 0 5 0 1 0 1 0 1 0 0 0 1 0 4 0 0 0 2 0 2 0 7 0 2 0 4 0 3 0 0 1 0 0 3 0 4 0 2 0 8 0 0 0 8 0 2 0 4 0 8 0 3 0 1 0 5 0 3 0 4 0 4 0 0 0 4 0 3 0 0 0 5 0 8 0 1 0 1 0 2 0 6 0 7 0 3 0 3 0 7 0 1 0 5 0 2 0 5 0 4 0 3 0 6 0 3 0 6 0 8 0 8 0 2 0 1 0 4 0 0 0 4 0 1 0 3 0 8 0 2 1 0 0 8 0 3 0 8 0 8 0 4 0 6 0 7 0 3 0 4 0 6 0 4 0 5 0 8 0 3 0 1 0 1 0 2 0 5 0 4 0 6 1 0 0 0 0 7 0 8 0 3 0 4 0 7 1 0 0 8 0 1 1 0 0 0 0 7 0 8 0 2 0 2 0 7 1 0 1 0 0 0 0 5 0 4 0 6 0 2 0 3 0 4 0 7 0 2 0 0 0 7 0 3 0 5 0 7 0 6 1 0 0 3 0 0 0 7 0 3 0 1 0 5 0 7 1 0 1 0 0 4 0 1 0 8 0 8 0 0 0 3 0 8 0 3 0 0 0 5 0 0 0 4 0 0 0 0 0 7 0 2 1 0 0 0 0 7 0 2 0 3 0 5 0 1 0 2 0 3 0 4 0 0 0 1 0 6 0 5 0 5 1 0 0 7 0 0 0 3 0 1 0 5 0 8 0 5 0 5 0 7 0 6 0 5 0 3 0 4 0 3 0 3 0 3 0 3 0 4 0 7 0 3 0 1 0 0 0 2 0 3 0 0 0 0 1 0 0 3 0 7 0 8 0 4 0 4 0 5 0 6 0 8 0 2 0 1 0 6 0 1 0 2 0 1 0 6 0 1 0 6 0 6 0 0 0 2 0 0 0 1 0 8 0 3 0 6 1 0 0 3 0 3 0 1 0 2 0 4 0 4 0 6 0 2 0 5 0 0 0 5 0 1 0 3 0 8 0 5 1 0 0 8 0 5 0 0 0 3 0 3 1 0 0 8 0 5 1 0 1 0 0 6 0 7 0 6 0 2 0 4 0 7 0 3 1 0 0 0 0 0 0 1 0 5 0 0
0 589 6 1 0 0 5 0 7 0 3 0 1 0 6 0 8 0 7 0 0 0 0 0 7 1 0 0 8 0 8 0 0 0 7 0 4 0 4 0 1 0 6 1 0 1 0 0 1 0 7 0 7 0 3 0 1 0 6 0 7 0 7 0 1 0 3 0 2 0 2 0 6 0 0 0 4 0 4 0 8 0 5 0 1 0 3 0 2 0 2 0 0 0 2 0 8 0 0 0 4 0 5 0 4 0 5 0 8 0 6 0 1 0 8 0 5 0 8 0 5 0 6 0 2 0 6 0 5 1 0 0 7 0 7 0 3 0 0 0 7 0 8 0 8 0 0 0 8 0 6 0 1 0 1 0 7 0 3 0 2 0 5 0 3 0 5 0 7 0 7 0 4 0 4 0 0 0 6 0 0 1 0 0 8 0 2 0 8 0 3 0 8 0 7 0 5 0 2 0 8 0 0 0 8 0 2 0 7 0 6 0 6 1 0 0 6 0 8 0 7 0 8 0 0 0 4 0 5 0 7 1 0 0 4 0 0 0 2 0 7 0 7 0 2 0 2 0 5 0 1 0 0 0 4 1 0 0 1 0 5 0 7 0 7 1 0 0 7 0 0 0 6 0 4 0 8 0 0 0 5 0 7 0 5 0 5 0 6 0 0 0 8 0 0 0 1 0 0 0 3 0 5 0 6 1 0 0 5 0 5 0 1 0 4 0 8 0 1 0 6 0 4 1 0 0 6 0 1 0 4 0 7 0 3 0 1 0 7 0 0 0 8 0 7 0 3 0 7 0 7 0 1 0 7 0 6 0 7 0 1 0 0 0 1 0 8 0 0 0 1 0 4 0 6 0 8 0 0 0 4 0 5 0 7 0 0 0 3 0 4 0 6 0 8 0 0 0 3 0 3 0 2 0 3 0 0 0 4 0 1 0 6 0 3 0 1 0 8 0 2 0 2 0 6 0 4 0 1 0 7 0 8 0 6 0 6 0 6 0 6 1 0 0 5 0 7 0 2 0 0 0 4 0 6 0 0 0 1 0 8 0 6 0 5 0 8 0 0 0 0 0 2 0 4 0 7 0 5 0 3 0 2 0 3 0 4 0 3 0 2 0 4 0 3 0 3 0 1 0 4 0 0 0 3 0 6 0 8 0 3 1 0 0 6 0 6 0 2 0 4 1 0 0 0 0 3 0 6 0 0 0 2 0 0 0 3 0 7 0 7 0 3 0 0 0 7 0 1 0 1 0 6 0 7 1 0 0 7 0 3 0 0 1 0 0 3 0 6 0 3 0 5 1 0 0 5 0 8 0 7 1 0 0 0 0 3 0 0 0 1
0 591 1 0 4 0 0 0 1 0 5 0 7 0 3 0 3 0 8 0 5 0 1 0 1 0 6 0 0 0 7 0 7 0 2 0 4 1 0 1 0 0 4 0 4 0 0 0 8 0 2 0 5 0 5 0 7 0 3 0 3 0 6 0 5 0 3 0 6 0 4 0 5 0 2 0 1 1 0 0 0 0 8 0 1 0 3 0 6 0 4 0 4 0 0 0 5 0 6 0 1 1 0 0 2 0 0 0 2 0 8 0 3 0 4 0 7 0 2 0 8 0 2 0 3 0 6 0 3 0 3 0 0 0 5 0 5 0 7 0 1 0 5 0 8 0 7 0 2 0 7 0 3 0 3 0 3 0 4 0 7 0 5 0 0 0 8 0 1 0 6 0 5 1 0 1 0 0 2 0 2 0 2 1 0 0 6 0 6 0 6 0 8 0 7 0 6 0 1 0 6 0 6 0 2 0 6 0 6 0 5 0 4 0 5 0 0 0 3 0 8 0 6 0 7 0 1 1 0 0 2 0 6 1 0 0 8 0 0 0 5 0 5 0 5 0 5 0 5 0 0 0 3 0 0 1 0 1 0 0 3 0 1 0 6 0 7 0 0 0 4 0 2 0 3 0 0 0 7 0 2 0 1 0 6 0 2 0 2 0 3 0 2 0 6 0 1 0 2 0 0 0 7 0 1 0 5 0 0 0 1 0 1 0 3 1 0 0 7 0 4 0 3 0 1 0 0 0 2 0 3 1 0 0 5 0 7 0 3 0 4 0 2 0 7 0 5 0 8 0 5 0 5 0 4 0 5 0 4 0 5 0 3 0 0 0 3 0 6 0 1 0 2 1 0 0 4 0 7 0 1 1 0 0 2 0 5 0 1 0 6 1 0 0 4 0 7 0 1 0 6 0 6 0 4 0 6 0 0 0 8 0 3 0 2 0 7 0 3 0 6 0 5 0 5 0 2 1 0 0 4 0 5 0 8 0 4 0 4 0 4 0 5 0 0 0 1 0 5 0 5 0 0 1 0 0 3 0 1 0 3 0 7 0 4 0 2 0 7 0 1 0 0 0 4 1 0 0 6 0 1 0 7 0 4 0 6 0 8 0 6 0 4 0 8 0 6 0 6 0 2 0 8 0 0 0 7 0 3 0 7 1 0 0 0 0 3 0 3 0 5 1 0 1 0 0 0 0 7 0 2 0 1 0 4 0 0 0 7 0 5 0 5 0 7 0 1 0 4 0 3 0 3 0 3 0 7 0 0 0 4 0 7 0 1 0 8 0 6 0 2 0 8 0 2 0 0 0 1 0 8 0 6 1 0 0 0 0 6 0 0 0 2
0 591 2 0 8 0 0 0 3 0 1 0 5 0 7 0 7 0 7 0 1 0 3 0 3 0 2 0 2 0 5 0 5 0 6 0 0 0 0 0 8 0 7 0 8 0 1 0 6 0 6 0 1 0 2 0 5 0 7 0 7 0 3 0 1 0 8 0 3 0 0 0 1 0 5 0 3 0 8 0 0 0 6 0 3 0 7 0 2 1 0 1 0 0 2 0 1 0 3 0 4 0 8 0 3 0 0 0 5 0 6 0 7 1 0 0 5 0 6 0 6 0 5 0 7 0 2 0 7 0 6 0 1 0 1 0 2 0 5 0 4 0 1 0 8 0 5 0 6 0 4 0 7 0 6 0 6 1 0 0 6 0 1 0 2 0 6 0 4 0 3 0 3 0 0 0 8 0 3 0 4 0 5 1 0 0 3 0 4 0 4 0 8 0 6 0 3 0 4 0 3 0 3 0 6 0 3 0 4 0 2 0 0 0 1 0 1 0 7 0 7 0 4 0 5 0 4 0 8 0 4 0 4 0 0 0 6 0 2 0 1 0 2 0 2 0 2 0 1 0 1 0 6 0 1 1 0 0 8 0 5 0 3 0 3 0 5 0 1 0 8 0 4 0 6 0 1 0 4 0 5 0 3 0 2 0 5 0 4 0 6 0 5 0 2 0 3 0 4 0 1 0 4 0 4 0 0 0 1 0 2 0 2 0 7 1 0 0 4 1 0 0 7 0 2 0 0 0 4 0 7 1 0 0 1 0 5 0 7 0 8 0 5 0 5 0 2 0 8 0 2 0 2 0 0 0 2 0 0 0 1 0 7 0 0 0 7 0 2 0 3 0 5 0 8 0 8 0 4 0 4 0 8 0 4 0 0 0 4 0 3 1 0 1 0 0 5 0 4 0 3 0 4 0 0 0 3 0 2 0 6 0 7 0 5 0 4 0 8 0 3 0 2 0 1 0 6 0 8 0 8 0 1 0 8 0 0 0 0 0 0 0 1 0 1 0 3 0 1 0 1 0 2 0 8 0 5 0 2 0 7 0 4 1 0 0 6 0 4 0 3 0 1 0 0 0 0 0 2 0 4 0 5 0 0 0 4 0 8 0 4 0 0 0 8 0 4 0 3 0 6 0 6 0 2 0 4 0 8 0 5 1 0 0 0 0 6 0 7 0 2 0 0 0 8 0 0 0 4 0 5 0 2 0 8 0 1 0 5 0 2 0 2 0 5 0 3 0 8 0 6 0 6 0 7 0 4 0 1 1 0 0 5 0 4 0 7 0 3 0 6 0 6 0 5 0 0 0 3 0 7 0 4 1 0 0 1 0 2 0 1 0 4
1 591 5 0 6 0 1 0 6 0 3 0 1 0 6 0 6 0 5 0 3 0 6 0 6 0 4 0 5 0 1 0 2 0 3 0 1 0 1 0 7 0 6 0 7 0 4 0 3 0 3 0 3 0 5 0 1 0 6 0 5 0 7 0 3 0 6 0 7 0 0 0 3 0 0 0 8 0 6 0 2 0 2 0 8 0 4 0 6 1 0 0 8 0 3 0 2 0 6 1 0 0 7 0 7 0 1 0 1 0 4 0 7 0 0 0 1 0 4 0 4 0 2 0 5 0 6 0 5 0 3 0 3 0 2 0 5 0 0 1 0 0 4 0 7 0 2 0 4 0 0 0 6 0 4 0 5 0 0 0 2 0 3 0 5 0 2 1 0 0 7 0 6 0 1 0 6 0 7 1 0 0 2 1 0 0 6 1 0 0 0 0 8 0 3 0 7 0 8 0 6 0 7 0 2 0 7 0 8 0 4 0 0 0 2 0 3 0 5 0 6 0 0 0 2 0 0 0 7 1 0 1 0 0 2 0 2 0 5 0 2 0 4 0 4 0 4 0 2 0 3 0 2 0 4 1 0 0 7 0 1 0 7 0 7 0 0 0 4 0 7 0 0 0 3 0 3 1 0 0 1 0 7 0 5 0 1 0 0 0 4 0 1 0 5 0 6 0 8 0 2 0 8 0 8 0 0 0 2 0 4 0 5 0 6 0 0 0 0 0 0 0 4 0 5 0 0 1 0 0 6 1 0 0 3 0 1 0 6 0 8 0 2 0 1 0 6 0 6 0 5 0 4 0 0 0 4 0 0 0 3 0 4 0 2 0 4 0 5 0 7 0 1 0 8 0 8 0 0 0 0 0 7 1 0 0 1 0 8 0 7 1 0 1 0 0 0 1 0 0 7 0 8 0 0 0 6 0 5 0 3 0 6 0 2 0 0 0 7 0 7 0 4 0 3 0 3 0 8 0 7 0 4 0 6 0 1 0 0 0 0 0 2 0 2 0 6 0 2 0 2 0 5 0 7 0 1 0 6 0 5 0 1 0 0 0 2 1 0 0 7 0 2 0 0 0 0 0 4 1 0 0 1 0 1 1 0 0 7 1 0 0 2 0 6 1 0 0 8 0 3 0 3 0 5 1 0 0 8 0 2 1 0 0 1 0 3 0 5 0 5 0 1 0 6 0 1 1 0 0 1 0 6 0 6 0 4 0 0 0 5 0 5 0 0 0 8 0 7 0 4 0 4 0 5 1 0 0 4 1 0 0 1 0 0 0 5 0 8 0 3 0 4 0 1 0 1 0 7 0 5 0 0 1 0 0 2 0 4 0 2 1 0
1 593 1 0 1 0 3 0 4 0 2 0 7 0 3 0 3 0 4 0 1 0 8 0 3 0 4 0 0 0 1 0 3 0 4 0 6 0 2 0 3 0 5 0 4 0 5 1 0 0 7 0 6 0 7 0 0 0 4 0 3 0 2 0 5 0 8 0 3 0 5 0 1 0 6 0 1 0 7 0 3 0 5 0 5 0 7 0 0 0 5 0 0 0 6 0 7 0 5 0 4 0 0 0 5 0 5 0 3 0 2 1 0 0 5 0 1 0 2 0 8 0 8 0 5 0 1 0 4 0 1 0 7 0 6 0 5 0 0 0 2 0 8 0 8 0 4 0 5 0 8 0 1 0 3 0 0 0 1 0 1 0 4 0 7 0 0 0 6 1 0 0 5 0 3 0 4 0 3 0 6 1 0 0 5 1 0 0 3 1 0 0 1 0 6 0 8 0 5 0 8 0 4 0 5 0 6 0 5 0 7 1 0 0 1 0 4 0 7 0 1 0 3 0 1 0 4 0 1 0 6 0 0 0 8 0 3 0 5 0 0 0 5 0 8 0 8 0 8 0 4 0 6 0 5 0 0 0 0 0 4 0 4 0 5 0 5 0 1 1 0 0 5 0 1 0 6 0 7 0 8 0 2 0 5 0 1 0 3 0 0 0 8 0 3 0 1 0 4 0 7 0 6 0 7 0 7 0 1 0 4 1 0 0 2 0 3 0 1 0 0 0 0 1 0 0 1 0 2 1 0 0 3 1 0 0 6 0 3 0 3 0 7 0 5 0 3 0 3 0 4 0 1 1 0 0 1 0 8 0 0 0 6 0 8 0 4 1 0 0 2 0 5 0 4 0 7 0 7 0 1 0 1 0 5 1 0 0 3 0 7 0 7 0 0 0 8 0 0 1 0 0 5 0 7 0 2 0 3 0 1 0 8 0 2 0 5 0 1 0 5 0 5 1 0 0 7 0 7 0 7 0 6 0 0 0 3 0 3 0 0 0 0 0 4 0 5 0 2 0 5 0 5 0 1 0 5 0 4 0 3 0 1 0 3 0 0 0 5 1 0 0 4 0 5 0 0 0 0 1 0 1 0 0 2 0 3 1 0 0 5 1 0 0 5 0 4 0 0 0 6 0 7 0 7 0 2 0 0 0 6 0 6 0 8 0 1 0 7 0 1 0 1 0 4 0 2 0 4 0 8 0 2 0 3 0 3 1 0 0 2 0 1 0 1 0 2 0 7 0 6 0 0 0 0 0 2 1 0 1 0 1 0 0 2 0 1 0 1 0 7 0 7 0 8 0 2 0 3 0 5 0 1 0 2 0 8 0 3 0 8 0 5 0 7
1 593 2 0 2 0 6 0 8 0 5 0 4 0 7 0 6 0 8 0 3 0 6 0 7 0 8 0 0 0 2 0 6 1 0 0 3 0 5 0 7 0 1 0 0 0 3 0 0 0 5 0 4 0 5 0 1 0 8 0 6 0 5 0 1 0 7 0 8 0 0 0 4 0 2 0 4 0 4 0 8 0 1 0 2 0 5 0 2 0 0 0 2 0 3 0 6 0 1 1 0 0 2 0 1 0 1 0 7 0 5 1 0 0 0 0 3 0 5 0 7 0 8 0 1 0 3 0 8 0 3 0 5 0 4 0 1 0 1 0 5 0 7 0 8 0 0 0 2 0 7 0 3 0 6 0 0 0 2 0 2 1 0 0 5 0 2 0 4 0 0 0 0 0 7 0 8 0 7 0 4 0 0 0 1 1 0 0 7 0 8 0 2 0 3 0 8 0 2 0 8 0 0 0 2 0 4 0 2 0 6 1 0 0 2 1 0 0 5 0 3 0 6 0 2 0 8 0 3 0 2 0 2 0 6 0 8 0 0 0 2 0 1 0 8 0 8 0 8 0 0 0 4 0 1 0 1 0 0 1 0 0 0 0 2 0 1 0 4 1 0 0 0 0 4 0 3 0 6 0 7 0 6 0 0 0 3 0 6 0 1 0 6 0 7 0 2 1 0 0 6 0 4 0 6 0 5 0 3 1 0 1 0 0 4 0 6 0 2 0 0 0 1 0 8 0 1 0 5 0 8 0 6 1 0 0 2 0 7 0 7 0 5 0 1 0 7 0 6 0 8 0 3 0 8 0 2 0 6 0 2 0 3 0 8 0 0 1 0 0 5 0 1 0 0 0 6 0 5 0 3 0 3 0 1 1 0 0 7 0 5 0 5 0 2 0 6 0 2 1 0 0 1 0 5 0 5 0 6 0 3 0 6 0 6 0 0 0 4 0 1 0 3 0 0 0 5 0 6 0 6 0 3 0 1 0 6 0 6 0 0 0 0 1 0 0 1 0 6 0 1 0 1 0 4 0 0 1 0 0 7 0 2 0 6 0 1 0 1 1 0 1 0 0 1 0 1 0 1 1 0 0 8 0 3 0 7 1 0 0 2 0 0 0 0 1 0 0 2 0 3 0 6 0 5 0 5 0 1 0 3 0 4 0 7 0 4 0 4 0 3 0 2 0 8 0 4 1 0 0 7 0 5 0 6 0 7 0 8 0 3 0 2 0 2 0 5 0 5 0 3 0 1 0 0 0 5 1 0 1 0 0 8 0 3 0 2 0 3 0 5 0 6 0 7 0 5 0 7 0 0 0 3 0 5 0 6 0 8 0 7 0 2 0 6
0 593 4 0 5 0 3 0 8 0 2 0 0 0 6 0 4 0 7 0 8 0 3 0 6 0 7 0 1 0 5 0 3 1 0 0 7 0 1 0 5 0 3 0 0 0 6 0 1 0 1 0 0 0 1 0 4 0 7 0 4 0 1 0 4 0 5 0 7 0 1 0 8 0 4 1 0 0 0 0 7 0 3 0 5 0 0 0 5 0 0 0 4 0 7 0 2 0 4 0 8 0 3 0 2 0 3 0 5 0 2 1 0 0 0 0 7 0 1 0 6 0 7 0 3 0 7 0 6 0 8 0 0 1 0 0 3 0 3 0 1 0 6 0 7 0 1 0 5 0 4 0 8 0 2 0 1 0 4 0 5 1 0 0 0 0 5 0 8 0 0 0 1 0 5 0 8 0 5 1 0 0 1 0 3 1 0 0 5 0 7 0 5 0 7 0 6 0 6 0 6 0 1 0 4 0 8 0 5 0 3 1 0 0 5 1 0 0 0 0 8 0 2 0 6 0 6 0 7 0 4 0 5 0 3 0 7 0 1 0 4 0 3 0 7 0 8 0 7 0 1 0 8 0 2 0 2 0 1 0 7 1 0 0 4 0 2 1 0 1 0 0 0 0 8 0 7 0 3 0 6 0 3 0 1 0 7 0 2 0 4 0 3 0 5 0 6 1 0 0 3 0 0 0 4 0 1 1 0 0 0 0 8 0 8 0 2 0 5 0 0 0 3 0 6 0 4 0 1 0 8 0 4 1 0 0 5 0 5 0 6 0 1 0 4 0 5 0 4 0 7 0 8 0 6 0 6 0 2 0 5 0 7 0 6 0 2 1 0 0 0 0 3 0 1 0 3 0 1 0 7 0 6 0 3 1 0 0 5 0 2 0 1 0 6 0 2 0 6 0 8 0 2 0 1 0 2 0 3 0 8 0 3 0 3 0 1 0 8 0 2 0 6 0 1 0 1 0 4 0 3 0 7 0 3 0 3 0 3 0 1 0 1 0 8 0 2 0 2 0 3 0 2 0 8 0 1 1 0 0 4 0 6 0 2 0 3 0 3 1 0 0 8 0 1 0 2 0 3 1 0 0 6 0 8 0 5 1 0 0 4 0 0 0 1 0 8 0 3 0 7 0 3 0 2 0 1 0 3 0 6 1 0 0 5 1 0 1 0 0 7 0 5 0 7 0 1 0 0 0 5 0 2 0 4 0 6 0 7 0 7 0 4 0 5 0 1 0 1 0 7 0 2 0 1 0 2 0 0 1 0 0 6 0 7 0 4 0 7 0 1 0 4 0 6 0 2 0 5 0 1 0 7 0 1 0 4 0 8 0 5 0 6 0 3
1 594 1 0 0 1 0 8 0 6 0 5 0 1 0 3 0 0 0 6 0 7 0 8 0 3 0 5 0 4 0 0 1 0 0 0 0 4 0 4 0 0 0 7 0 1 0 2 0 3 0 2 0 0 0 2 1 0 0 5 1 0 0 3 1 0 0 2 0 5 0 4 0 7 0 0 1 0 0 1 0 4 0 8 0 0 0 2 0 0 0 1 1 0 0 5 0 5 1 0 0 7 0 7 0 4 0 7 0 0 0 6 0 8 0 0 0 4 0 4 0 3 0 5 0 8 0 5 0 4 0 7 0 2 0 8 0 5 0 6 0 3 0 3 0 5 0 4 0 1 0 0 0 7 0 5 0 2 1 0 0 2 1 0 0 1 0 1 0 7 0 1 0 3 0 1 0 8 0 2 1 0 0 2 0 7 1 0 0 1 0 6 0 2 0 6 0 4 0 4 0 3 0 3 1 0 0 8 0 1 1 0 0 0 0 1 1 0 0 1 0 6 0 6 0 3 0 4 0 6 0 0 0 1 0 8 0 4 0 3 0 8 0 7 0 5 0 8 0 5 0 4 0 6 0 5 0 4 0 3 0 5 1 0 0 8 0 5 1 0 0 8 0 0 0 7 0 5 0 8 0 2 0 7 0 3 0 4 0 5 0 8 0 7 0 1 0 4 1 0 0 6 0 0 0 8 0 3 0 8 0 0 0 7 0 7 0 6 0 0 0 1 0 7 0 2 1 0 0 4 0 7 0 1 0 0 0 1 0 2 0 3 0 3 1 0 0 2 0 0 0 6 0 8 0 4 0 3 0 6 0 1 0 6 0 3 0 6 0 7 1 0 0 6 0 2 0 6 0 3 0 5 0 3 1 0 0 0 0 0 0 5 0 3 0 2 0 6 0 3 0 7 0 5 0 2 0 4 0 7 0 6 0 7 0 6 0 3 0 6 0 6 0 2 0 3 0 2 0 8 0 7 0 4 0 7 0 6 0 6 0 2 0 3 0 6 0 5 0 4 0 6 0 5 0 6 0 4 0 8 0 8 0 2 0 5 0 6 0 7 1 0 0 6 0 3 0 4 0 7 1 0 0 3 0 8 0 2 1 0 0 8 0 0 0 3 0 6 0 8 0 4 0 7 0 4 0 2 0 7 0 4 0 0 0 2 0 0 1 0 0 5 0 2 0 5 0 3 0 1 0 0 0 5 1 0 0 4 0 6 0 6 0 0 0 1 0 3 0 3 0 4 0 5 0 2 0 4 0 1 1 0 0 3 0 6 0 0 0 5 0 3 1 0 0 3 0 6 0 0 0 4 0 4 0 3 1 0 0 8 0 2 0 3 0 7
1 595 1 0 8 0 2 0 7 0 4 0 1 0 3 0 6 0 1 0 3 0 6 0 7 0 8 0 0 1 0 0 2 0 7 1 0 0 8 0 8 0 1 0 4 0 3 0 4 0 6 0 4 0 0 0 5 1 0 0 1 1 0 0 7 0 8 0 4 0 1 0 0 0 5 0 2 0 8 0 1 1 0 0 7 0 1 0 4 0 0 0 3 1 0 0 1 0 3 0 0 0 5 0 6 0 0 0 5 0 2 0 3 0 7 0 1 0 8 0 8 0 7 0 1 0 8 0 2 0 0 0 5 0 6 0 7 0 2 0 3 0 7 0 7 0 0 1 0 0 3 0 1 0 5 0 1 0 6 0 8 0 4 0 8 0 1 0 3 0 4 0 3 0 6 0 3 0 6 0 6 0 8 0 4 0 5 1 0 0 3 0 2 0 6 0 2 1 0 1 0 0 7 0 7 1 0 0 6 0 4 0 7 1 0 0 3 0 8 0 2 0 3 0 3 0 7 1 0 0 3 0 1 0 3 0 6 1 0 0 8 0 7 0 6 0 2 0 8 0 2 0 0 0 4 0 1 1 0 0 8 0 2 0 0 0 7 0 3 0 0 0 6 0 2 0 5 0 2 0 7 0 6 0 4 0 7 1 0 0 2 0 8 0 5 0 4 0 0 0 0 0 2 0 2 0 6 0 8 0 6 0 2 0 5 0 6 0 3 0 1 0 3 0 4 0 6 0 8 0 8 0 4 0 3 0 0 0 2 0 4 0 6 0 7 0 8 0 3 0 1 0 3 0 7 1 0 0 8 0 2 0 4 0 2 0 8 0 3 0 7 0 0 0 2 0 6 0 2 0 8 0 0 0 8 0 7 1 0 0 1 0 0 0 7 0 5 0 2 0 8 0 5 0 1 0 5 1 0 0 6 0 4 0 6 0 3 0 8 0 3 0 3 0 5 0 6 0 5 0 7 0 6 0 0 0 6 0 4 0 3 0 5 0 7 0 3 0 2 0 0 0 4 0 2 0 4 0 0 0 8 0 7 0 6 0 1 0 4 0 7 0 0 0 2 0 7 1 0 0 6 1 0 0 7 0 6 0 6 1 0 0 6 0 1 0 7 0 3 0 8 0 0 0 5 1 0 0 6 0 4 1 0 0 1 0 4 0 1 1 0 0 0 0 6 0 0 0 7 0 2 0 1 0 1 1 0 1 0 0 4 0 3 0 1 0 2 0 6 0 6 1 0 0 1 0 5 0 8 0 3 0 8 0 6 0 2 0 2 0 0 0 8 0 8 0 6 0 2 0 1 0 8 0 8 0 7 1 0 0 6 0 5 0 7 0 5
0 595 3 0 6 0 6 0 4 1 0 0 3 0 7 0 2 0 3 0 7 0 3 0 6 0 7 0 2 0 8 0 4 0 6 0 0 0 7 0 7 0 3 0 8 0 6 1 0 0 3 1 0 0 2 0 1 1 0 0 3 1 0 0 5 0 7 1 0 0 3 0 1 0 0 0 6 0 6 0 4 1 0 0 4 0 3 0 8 0 0 0 7 0 8 0 1 0 6 0 1 0 1 0 3 0 2 0 0 0 5 0 7 0 4 0 4 0 7 0 8 0 5 0 4 0 6 0 5 0 1 0 1 0 4 0 5 0 5 0 7 0 5 0 5 0 2 0 8 0 5 0 3 0 0 0 4 0 3 0 8 0 0 0 7 0 3 0 6 0 8 0 7 0 2 0 8 0 3 0 4 0 8 0 0 0 2 1 0 0 6 0 5 0 2 0 6 1 0 1 0 0 5 0 7 0 0 0 3 0 0 0 6 1 0 0 7 0 6 0 5 0 6 0 7 0 5 1 0 0 6 0 2 0 7 0 4 0 0 0 7 0 6 0 3 0 6 0 6 0 5 0 0 0 8 0 3 1 0 0 6 0 5 0 1 0 4 0 7 0 1 0 2 0 6 0 0 0 6 0 5 0 4 0 0 0 6 1 0 0 5 0 7 0 1 1 0 0 1 0 0 0 4 0 5 0 3 0 8 0 3 0 6 0 1 0 3 0 7 0 2 0 6 1 0 0 4 0 8 0 7 1 0 0 7 0 0 0 4 1 0 0 4 0 6 0 7 0 7 0 2 0 7 0 6 0 0 0 6 0 5 0 8 0 5 0 6 0 8 0 4 0 1 0 5 0 2 0 6 0 6 0 2 0 7 0 6 1 0 0 2 0 1 0 5 0 1 0 6 0 7 0 1 0 4 0 2 0 0 0 3 0 0 0 3 0 8 0 6 0 7 0 7 0 1 0 4 0 2 0 6 0 3 0 2 0 2 1 0 0 8 0 1 0 5 0 7 0 4 0 0 0 8 0 4 0 8 0 1 0 7 0 6 0 3 0 3 1 0 0 5 0 1 0 5 0 6 0 0 0 4 0 0 0 5 0 4 0 5 0 0 0 2 0 4 0 4 0 8 0 6 0 2 0 2 0 0 0 3 0 0 1 0 0 2 0 8 0 3 0 8 0 0 0 2 0 2 0 4 0 5 0 2 0 3 1 0 0 8 0 7 0 6 0 2 0 5 0 3 0 4 1 0 0 3 0 1 0 7 0 8 0 7 0 3 0 5 0 4 0 1 0 7 0 8 0 3 0 5 0 3 0 7 0 8 0 7 0 0 0 3 0 2 0 6 0 2
1 595 7 0 3 0 4 0 0 1 0 0 7 0 4 0 5 0 7 0 4 0 8 0 3 0 5 0 6 0 7 0 0 0 3 0 2 0 5 0 5 0 8 0 7 0 4 1 0 0 7 0 8 0 3 0 3 0 8 0 6 1 0 0 1 0 6 1 0 0 6 0 2 0 1 0 3 0 4 0 0 1 0 0 8 0 7 0 6 0 2 0 5 0 7 0 4 0 2 0 3 0 2 0 6 0 4 0 1 0 1 0 6 0 0 0 0 0 6 0 8 0 2 0 0 0 4 0 1 0 3 0 2 1 0 0 2 0 2 0 6 0 2 0 1 0 6 0 7 0 1 0 7 0 0 0 8 0 7 0 6 0 2 0 4 0 8 0 3 0 8 0 5 0 6 0 6 0 7 1 0 0 7 0 1 0 5 1 0 0 3 0 1 0 6 0 4 0 0 1 0 0 1 0 5 0 1 0 6 0 1 0 4 0 0 0 5 0 4 0 2 0 4 0 6 0 3 0 0 0 2 0 6 0 4 1 0 0 2 0 5 0 3 0 8 0 3 0 4 0 1 0 2 0 6 1 0 0 0 0 3 0 1 0 3 1 0 0 5 0 3 0 5 0 2 0 2 0 3 0 1 1 0 0 2 0 4 0 0 0 1 0 5 0 4 0 8 0 1 0 0 1 0 0 1 0 8 0 6 0 8 0 2 0 3 0 7 0 4 0 6 0 3 1 0 1 0 0 8 0 7 0 0 0 4 0 1 1 0 1 0 1 0 0 4 0 6 0 5 0 6 0 5 0 3 0 2 0 3 0 2 0 8 0 2 0 4 0 7 1 0 0 4 0 0 0 6 0 3 0 3 0 6 0 5 0 4 1 0 0 4 0 3 0 0 0 4 0 3 0 5 0 3 0 8 0 4 0 0 0 6 0 0 0 7 0 7 0 4 0 6 0 5 0 3 0 8 0 5 0 2 0 7 0 4 0 5 1 0 0 6 0 4 0 1 0 5 1 0 0 2 0 7 0 0 0 7 0 4 0 5 0 3 0 7 0 7 1 0 0 0 0 4 0 1 0 3 0 1 0 8 0 1 0 1 0 0 0 1 0 1 0 4 1 0 0 0 0 8 0 3 0 5 0 4 0 0 0 6 0 1 0 8 0 4 0 6 0 8 0 6 0 1 0 4 0 4 1 0 0 1 0 5 0 7 1 0 0 7 0 6 0 3 0 6 0 0 0 7 1 0 1 0 0 6 0 3 0 5 0 8 0 5 0 8 0 0 1 0 0 4 0 5 0 7 0 8 0 0 0 8 0 5 0 8 0 5 0 1 0 6 0 5 0 2 0 5
0 597 1 0 4 0 7 0 8 0 1 1 0 0 5 0 0 0 2 0 6 0 0 0 7 0 8 0 1 0 4 0 5 0 1 0 6 0 5 0 1 0 2 0 8 0 6 0 1 0 0 0 5 0 7 0 7 0 7 0 7 0 4 1 0 0 3 0 4 0 0 0 2 0 5 0 2 0 6 0 8 0 1 1 0 0 7 0 6 0 3 0 6 0 1 0 5 1 0 0 5 0 6 0 5 0 2 1 0 0 3 0 3 0 2 0 1 0 1 0 3 0 7 0 5 0 0 0 8 0 2 0 6 0 5 0 8 0 3 0 5 0 2 0 5 0 3 0 3 0 5 0 4 0 4 0 2 0 7 0 6 0 3 0 5 1 0 0 7 0 8 0 7 0 2 0 4 0 4 0 7 0 0 0 4 0 4 0 1 1 0 0 6 0 3 0 2 1 0 0 2 0 8 0 2 0 0 0 4 0 2 0 3 0 8 0 1 0 0 1 0 0 5 1 0 0 3 0 7 0 0 0 5 0 3 0 0 1 0 0 5 0 0 0 8 0 6 0 7 0 8 0 2 0 5 0 3 1 0 0 0 0 6 0 2 0 7 1 0 0 0 0 8 0 0 0 5 0 4 0 6 0 3 0 8 0 3 0 8 0 0 0 3 0 1 0 0 0 7 0 3 0 1 0 8 0 2 0 7 0 4 0 7 0 5 0 7 0 5 0 0 0 3 1 0 0 0 1 0 0 7 0 5 0 1 0 8 0 3 1 0 1 0 0 8 0 8 0 3 0 2 0 4 0 1 0 7 0 4 0 6 0 5 0 6 0 5 1 0 0 6 1 0 0 8 0 1 0 2 0 7 0 7 0 3 0 2 0 0 1 0 0 8 0 6 0 0 0 8 0 7 0 0 0 8 0 6 1 0 0 2 0 2 0 2 0 5 0 6 0 0 0 4 0 1 0 8 0 7 0 1 0 6 0 5 0 0 0 3 0 0 0 2 1 0 0 4 0 1 1 0 0 5 0 4 0 2 0 5 0 0 0 1 0 8 0 5 0 6 1 0 0 0 0 8 0 2 0 6 0 3 0 6 0 3 0 2 0 0 0 2 0 2 1 0 1 0 0 1 0 6 0 8 0 0 1 0 0 2 0 2 0 4 0 7 0 0 0 4 0 8 0 3 0 3 1 0 0 0 1 0 0 3 0 1 0 7 0 0 0 5 0 3 0 8 0 2 0 2 0 6 0 0 1 0 0 2 0 8 0 1 0 8 0 2 0 7 0 2 0 8 0 8 0 1 0 6 0 7 0 2 0 7 0 2 0 8 0 1 0 4 0 3 0 1 0 6 0 1
0 597 2 1 0 0 6 0 7 0 4 1 0 0 0 0 1 0 5 0 2 0 2 0 5 0 7 0 3 1 0 0 1 0 4 0 3 0 1 0 3 0 5 0 7 0 3 0 3 0 1 0 1 0 6 0 6 0 6 0 6 0 0 1 0 0 6 0 8 0 0 0 5 0 0 0 6 0 3 0 7 0 4 1 0 0 5 0 3 0 8 0 2 0 4 0 2 0 0 0 1 0 4 0 1 0 6 0 8 0 5 0 6 0 4 0 2 0 2 0 7 0 5 0 1 0 2 0 6 0 6 0 3 0 2 0 7 0 8 0 0 0 6 0 0 0 7 0 7 0 0 1 0 1 0 0 6 0 5 0 3 0 8 0 2 0 0 0 5 0 8 0 5 0 5 1 0 0 0 0 5 0 1 0 8 0 8 0 3 1 0 0 2 0 7 0 5 0 8 0 4 0 6 0 5 0 0 0 8 0 4 0 7 0 6 0 3 0 1 1 0 0 1 1 0 0 7 0 4 0 2 0 0 0 7 0 1 1 0 0 0 0 2 0 7 0 4 0 6 0 7 0 6 0 0 0 8 0 8 0 0 0 2 0 6 0 5 1 0 0 1 0 6 0 2 0 1 0 0 0 3 0 8 0 6 0 8 0 6 0 1 0 6 0 2 0 1 0 4 0 7 0 3 0 6 0 6 0 5 0 0 0 6 0 2 0 6 0 1 0 1 0 7 0 8 0 0 1 0 0 5 0 1 0 4 0 6 1 0 0 0 1 0 0 7 0 7 0 7 0 4 0 8 0 3 0 5 0 0 0 4 0 2 0 4 0 3 0 0 0 4 0 0 0 6 0 3 0 5 0 5 0 5 0 7 0 4 0 1 1 0 0 7 0 3 0 2 0 7 0 5 0 2 0 7 0 4 1 0 0 4 0 4 0 5 0 1 0 3 0 1 0 8 0 3 0 7 0 5 0 4 0 3 0 1 0 1 0 6 0 0 0 5 0 8 0 7 0 3 1 0 0 0 1 0 0 6 0 0 0 1 0 3 0 7 0 2 0 4 1 0 0 1 0 6 0 6 0 2 0 8 0 2 0 7 0 4 0 0 0 4 0 5 1 0 0 8 0 2 0 3 0 7 0 2 0 8 0 3 0 4 1 0 0 5 0 1 1 0 0 7 0 7 0 7 0 8 0 0 0 8 0 5 0 3 0 4 0 2 0 0 0 8 0 6 0 5 0 5 0 2 0 2 0 8 0 4 0 6 0 4 0 6 0 6 0 4 0 6 0 7 0 7 0 4 0 3 0 5 0 6 0 4 0 6 0 6 0 3 0 8 0 6 0 3 0 2 0 3
1 597 5 1 0 0 3 0 6 0 0 1 0 0 0 0 3 0 0 0 5 0 5 0 1 0 5 0 8 0 8 0 1 0 8 0 6 0 2 0 7 0 1 0 5 0 7 0 6 0 2 0 3 0 3 0 4 0 4 0 3 0 2 1 0 0 3 0 7 0 2 0 0 0 2 0 2 0 8 0 5 0 1 0 0 0 0 0 8 0 6 0 5 0 8 0 4 0 0 0 2 0 8 0 3 0 3 0 8 0 2 0 3 1 0 0 5 0 5 0 5 0 1 0 3 0 5 0 3 0 3 0 7 0 5 0 5 0 7 0 2 0 2 0 2 0 5 0 5 0 2 1 0 1 0 0 3 0 1 0 8 0 6 0 5 0 1 0 1 0 8 0 2 0 2 1 0 0 1 0 0 0 4 0 7 0 7 0 8 0 8 0 4 0 5 0 2 0 8 0 0 0 4 0 1 0 2 0 7 0 0 0 6 0 3 0 7 0 3 0 8 0 2 1 0 0 4 1 0 0 5 0 1 0 4 0 4 0 7 1 0 0 5 0 5 0 0 0 4 0 6 0 3 0 2 0 7 0 7 0 1 0 5 0 3 0 2 1 0 0 3 0 2 0 5 0 2 0 0 0 7 0 7 0 4 0 8 0 3 0 4 0 2 0 5 0 2 1 0 0 5 0 8 0 3 0 4 0 1 0 2 0 2 0 6 0 2 0 3 0 3 0 5 0 7 0 2 1 0 0 0 0 3 1 0 0 4 1 0 0 1 1 0 0 5 0 6 0 6 0 0 0 7 0 8 0 0 0 1 0 8 0 4 0 8 0 6 0 0 0 8 0 1 0 2 0 8 0 1 0 2 0 2 0 5 1 0 0 4 1 0 0 4 0 7 0 5 0 5 0 1 0 6 0 5 0 0 1 0 1 0 0 0 0 1 0 3 0 6 0 3 0 6 0 8 0 5 0 1 1 0 0 7 0 2 0 3 0 2 0 2 0 1 0 8 0 5 0 8 0 8 0 0 1 0 0 2 0 1 0 2 0 7 0 4 0 5 1 0 1 0 0 3 0 3 0 3 0 6 0 6 0 6 0 4 1 0 0 1 1 0 0 3 0 0 0 6 0 5 0 7 0 4 0 6 0 6 0 8 0 0 0 0 0 0 0 4 1 0 0 5 0 6 0 6 0 7 0 2 0 7 0 1 0 7 0 8 0 4 0 1 0 7 0 4 0 2 0 1 0 5 0 5 0 7 0 0 0 4 0 0 0 4 0 4 0 0 0 4 0 6 0 5 1 0 0 8 0 1 0 4 0 0 0 4 0 3 0 8 0 7 0 3 0 7 0 4 0 6
0 599 1 0 1 1 0 0 7 0 2 0 2 0 7 1 0 0 6 0 1 0 1 0 1 0 4 0 1 0 8 0 7 0 4 0 7 0 3 0 6 0 4 0 4 0 1 0 6 0 3 0 5 0 6 0 6 0 8 0 8 0 6 0 5 0 8 0 6 0 4 0 5 0 0 0 4 0 5 0 7 0 1 0 3 0 0 0 1 0 7 0 4 0 2 0 7 1 0 0 1 0 5 0 6 0 7 0 7 0 6 0 5 0 7 1 0 0 1 0 2 0 1 0 3 0 7 0 0 0 7 0 7 0 5 0 2 0 2 0 5 0 5 0 4 0 5 0 1 0 1 0 6 1 0 0 8 0 5 0 3 0 7 0 4 0 1 0 3 0 3 0 6 0 5 0 5 0 8 0 1 0 0 1 0 0 6 0 6 0 8 0 8 0 0 0 1 0 6 0 6 0 1 0 8 0 2 0 5 0 4 0 2 0 2 0 8 0 4 0 8 0 6 0 6 1 0 0 0 0 0 0 0 0 3 1 0 0 0 0 7 0 0 0 1 0 1 0 1 1 0 0 3 0 7 0 5 0 5 0 5 0 4 0 0 0 7 0 5 0 8 0 5 0 5 0 0 0 5 0 1 0 5 0 6 0 0 0 7 0 7 0 8 0 5 0 0 0 6 1 0 0 1 0 7 0 7 0 8 0 2 0 4 0 5 0 2 0 5 0 6 0 7 0 1 0 5 0 6 0 7 1 0 0 7 0 8 0 8 0 8 0 2 1 0 0 1 0 4 0 3 0 2 0 5 0 7 0 1 0 3 0 7 0 0 0 8 0 3 0 2 0 6 0 3 0 5 0 6 0 3 0 4 0 5 0 1 1 0 1 0 1 0 1 0 0 6 0 2 0 1 0 4 0 3 0 1 0 2 1 0 0 7 1 0 0 2 0 7 0 2 0 8 0 3 0 8 0 1 0 4 1 0 0 4 0 5 0 6 0 4 0 4 0 3 0 7 0 2 0 8 0 7 0 2 0 8 0 3 0 2 0 5 0 5 0 0 0 3 0 0 0 8 0 5 0 6 0 7 0 3 0 4 0 4 0 0 1 0 0 3 0 8 0 5 0 1 0 3 0 2 0 6 0 0 0 4 0 4 0 7 0 1 0 0 0 1 0 0 0 0 0 1 0 4 0 4 0 5 0 6 0 4 0 4 0 5 0 7 1 0 0 4 0 4 1 0 0 5 0 3 0 1 0 2 0 5 0 1 0 8 0 0 0 8 0 8 0 0 1 0 0 4 0 3 0 0 0 6 0 3 0 8 0 0 0 8 0 7 0 7 0 5 0 8 0 5 0 0 0 4
1 599 2 0 3 1 0 0 4 0 5 0 5 0 6 0 0 0 2 0 3 0 2 0 2 0 8 0 3 0 7 0 6 0 0 0 5 0 8 0 2 1 0 1 0 0 4 0 2 0 8 0 1 0 4 0 4 0 8 0 8 0 4 0 2 0 8 0 4 0 0 0 1 0 1 1 0 0 2 0 5 0 3 0 6 0 0 0 3 0 4 1 0 0 6 0 5 1 0 0 3 0 1 0 4 0 6 0 6 0 4 0 2 0 6 1 0 0 2 0 4 0 2 0 7 0 4 0 2 0 5 0 6 0 1 0 5 0 5 0 1 0 2 0 0 0 1 0 3 0 3 0 4 0 0 0 7 0 1 0 8 0 4 1 0 0 3 0 6 0 7 0 3 0 2 0 2 0 7 0 3 0 1 1 0 0 3 0 4 0 8 0 7 0 1 0 3 0 3 0 3 0 4 0 6 0 6 0 0 1 0 0 5 0 5 0 7 0 0 0 8 0 4 0 4 1 0 0 0 0 0 0 0 0 7 0 8 0 0 0 4 0 1 0 2 0 2 0 3 0 8 0 6 0 5 0 2 0 2 0 1 1 0 0 2 0 5 0 2 0 8 0 2 0 1 0 2 0 0 0 4 0 1 0 3 0 2 0 5 0 6 0 8 0 1 0 2 0 3 1 0 0 3 0 5 0 6 0 7 0 5 1 0 0 1 0 6 0 1 0 4 0 5 0 4 0 1 0 4 0 7 0 0 0 5 0 8 0 8 0 7 0 6 0 8 0 1 0 8 0 6 0 5 0 1 0 5 0 3 0 7 0 4 0 2 0 6 0 7 0 5 0 2 0 8 0 1 0 3 0 7 1 0 0 1 0 4 1 0 1 0 1 0 1 0 0 2 0 5 0 2 0 8 0 6 0 2 0 5 1 0 0 5 1 0 0 5 0 4 0 6 0 6 0 8 0 6 0 3 1 0 1 0 1 0 0 2 0 3 1 0 1 0 0 8 0 4 0 6 0 7 0 5 0 6 0 6 0 7 0 5 0 1 0 1 0 1 0 6 0 1 0 7 0 2 0 4 0 5 0 7 0 8 0 8 0 1 0 8 0 6 0 7 0 1 0 3 0 6 0 5 0 2 0 1 1 0 0 0 0 5 0 3 0 0 0 2 0 0 0 0 0 2 1 0 0 0 0 2 0 4 0 0 0 0 0 2 0 6 1 0 1 0 0 1 0 0 0 0 0 7 0 2 0 5 0 0 0 4 0 6 0 2 0 7 0 7 0 2 0 8 0 7 0 6 0 1 0 2 0 8 0 6 0 2 0 7 0 6 0 6 0 2 0 8 0 1 0 1 1 0
1 599 4 0 7 0 8 0 8 0 1 0 2 0 3 0 1 0 4 0 6 0 4 0 5 0 6 0 8 0 5 0 3 0 2 0 1 0 7 0 6 1 0 0 8 0 7 0 5 0 6 0 3 1 0 0 0 0 8 0 7 1 0 0 6 0 6 1 0 0 1 0 2 0 3 0 8 0 4 0 0 0 8 0 2 0 1 0 7 0 0 0 0 0 3 0 2 1 0 0 6 0 2 1 0 0 4 0 3 1 0 0 6 0 3 1 0 0 4 0 8 0 5 0 4 1 0 0 6 0 1 0 3 0 4 0 1 0 1 0 3 0 4 0 0 0 2 0 6 0 6 0 8 0 1 0 4 0 4 0 7 0 0 1 0 0 7 0 3 0 5 0 7 0 4 0 5 0 4 0 7 0 3 0 8 0 5 1 0 0 8 0 5 0 3 0 6 0 6 0 6 1 0 0 4 0 3 0 2 1 0 0 1 0 2 0 5 0 2 0 7 0 0 0 0 1 0 0 0 0 0 0 1 0 5 0 7 0 1 0 8 0 2 0 4 0 4 0 7 0 7 0 4 0 1 0 5 0 4 0 3 0 8 0 4 0 0 0 6 0 6 0 5 0 2 0 4 0 0 0 8 0 2 0 6 0 5 0 1 0 4 0 7 0 3 0 4 0 7 0 8 0 6 0 1 0 4 0 6 0 2 1 0 0 3 0 2 0 3 1 0 0 1 1 0 0 3 1 0 0 5 0 2 0 1 0 8 0 8 0 6 0 4 0 7 0 4 0 7 0 4 0 1 0 4 0 0 0 8 0 4 1 0 0 6 0 3 0 6 0 1 0 6 0 6 0 3 0 7 0 5 1 0 0 3 0 0 0 0 1 0 1 0 0 8 0 4 0 0 0 6 0 7 0 3 0 6 0 2 0 0 0 2 0 0 0 1 0 0 0 4 0 4 0 8 0 3 1 0 0 0 1 0 0 8 0 3 0 7 1 0 1 0 0 7 0 0 0 4 0 6 0 2 0 4 0 4 0 6 0 1 0 3 0 2 0 3 0 2 0 4 0 4 0 5 1 0 0 2 0 6 0 8 0 7 0 4 0 7 0 4 0 5 0 3 0 7 0 3 0 1 0 5 0 3 0 8 0 0 0 0 0 7 0 0 0 4 0 0 0 0 0 5 0 7 1 0 0 4 0 8 0 0 0 0 0 5 0 4 0 0 0 8 0 1 0 0 0 1 0 4 0 6 0 0 0 1 1 0 0 3 0 6 0 5 0 5 0 6 0 7 0 6 0 3 0 3 0 5 0 7 0 3 0 6 0 5 0 4 0 3 0 6 0 6 0 3 0 3 0 7
1 600 1 0 0 6 0 8 0 7 0 3 0 4 0 6 0 2 1 0 0 4 0 0 0 2 0 4 0 8 0 1 0 7 0 4 0 3 0 5 0 5 0 0 0 7 0 6 0 2 0 3 0 8 0 8 0 0 0 7 0 7 0 0 0 3 0 4 1 0 0 2 0 4 0 7 0 6 1 0 0 2 0 6 0 5 0 3 0 4 0 1 0 0 0 6 0 5 1 0 0 2 0 6 0 8 0 7 0 7 1 0 0 2 0 8 0 8 0 8 0 7 0 2 0 1 0 0 0 2 0 3 0 6 0 8 0 2 0 2 0 6 0 8 0 0 0 5 0 3 0 4 0 7 0 3 1 0 0 0 0 5 0 2 1 0 0 4 0 8 0 1 0 6 0 0 0 2 0 0 0 5 0 8 0 7 0 3 0 0 0 7 0 1 0 8 0 3 0 4 0 4 1 0 0 8 0 6 0 5 0 8 0 1 0 5 0 0 0 6 0 4 0 1 0 1 0 7 1 0 0 0 0 3 0 1 0 5 0 4 0 6 0 5 1 0 0 0 0 6 0 5 1 0 0 4 0 0 1 0 0 8 0 6 1 0 0 2 0 3 0 4 0 1 0 5 0 8 0 1 0 6 0 6 0 3 0 1 0 3 1 0 0 5 0 7 1 0 0 6 0 8 0 3 0 3 1 0 0 3 0 6 0 8 0 5 0 4 0 7 0 8 0 2 0 8 0 6 1 0 0 0 0 5 0 3 0 7 0 8 0 4 0 0 0 6 0 0 0 5 1 0 0 3 0 8 0 1 0 7 0 1 0 0 0 2 0 8 0 2 0 4 0 3 0 3 0 8 0 5 0 2 1 0 0 6 0 0 0 1 1 0 1 0 0 6 1 0 0 2 0 3 0 5 0 8 0 2 0 5 0 0 0 4 0 0 0 2 0 0 1 0 0 0 0 7 0 8 0 8 0 0 1 0 0 6 0 8 0 6 0 0 1 0 0 4 0 1 1 0 0 3 0 5 1 0 0 0 0 3 0 3 0 6 0 4 0 6 0 4 1 0 0 0 0 2 1 0 0 5 0 3 0 8 0 6 0 0 0 6 0 0 0 1 0 8 0 4 0 7 0 3 0 0 0 8 0 6 0 1 0 1 0 4 0 1 0 8 0 0 0 1 0 1 0 6 1 0 1 0 0 7 0 1 0 1 0 0 1 0 0 2 0 6 0 3 0 0 0 2 1 0 0 3 0 1 0 3 0 8 0 6 0 3 0 2 0 2 0 4 0 6 0 3 0 7 0 7 0 1 0 5 0 8 0 3 0 1 1 0 0 8 0 3 0 3 0 7 0 7 0 5
0 601 1 1 0 0 3 0 8 0 5 0 7 1 0 0 3 0 6 0 8 0 7 0 0 0 4 1 0 0 7 0 4 0 4 1 0 0 8 0 1 0 1 0 2 0 5 0 3 0 5 0 7 0 7 0 7 0 2 0 5 0 5 0 1 0 6 1 0 1 0 0 4 1 0 0 6 0 4 1 0 0 5 0 3 0 1 0 7 0 8 0 2 0 1 0 3 0 2 1 0 0 5 0 3 0 8 0 6 0 6 1 0 0 5 0 7 0 8 0 8 0 5 0 5 0 2 0 0 0 4 0 7 0 3 0 7 0 5 0 5 0 3 0 7 0 2 0 0 0 7 1 0 0 5 0 8 0 8 0 0 0 0 0 6 0 8 0 8 0 6 0 4 0 2 0 1 0 4 0 1 0 1 0 8 0 5 0 7 0 1 0 4 0 4 0 6 0 7 1 0 0 1 0 0 0 7 0 4 0 2 0 7 0 4 0 0 0 2 0 2 1 0 0 3 0 3 0 5 1 0 0 0 0 6 0 3 0 1 0 0 0 4 0 2 1 0 0 1 0 3 0 2 1 0 0 8 0 1 1 0 0 7 0 4 1 0 0 4 0 6 0 8 0 3 0 1 0 7 0 4 0 3 0 3 0 7 0 2 0 7 1 0 0 1 0 7 0 0 0 3 0 7 0 7 0 7 0 8 0 6 0 3 0 8 0 2 0 0 0 6 0 7 0 6 0 7 0 4 1 0 0 1 0 0 0 8 0 5 0 7 1 0 0 2 0 2 0 2 0 1 1 0 0 7 0 6 0 4 0 4 0 3 0 0 0 5 0 6 0 5 0 8 0 6 0 7 0 7 0 1 0 6 1 0 0 2 0 1 0 3 1 0 1 0 0 3 1 0 0 4 0 7 0 1 0 7 0 6 0 0 0 1 0 8 0 0 0 4 0 1 0 8 0 0 0 5 0 8 0 7 0 2 1 0 0 3 0 8 0 3 0 2 0 8 0 7 0 3 0 8 0 6 0 1 1 0 0 0 0 6 0 7 0 3 0 0 0 4 0 0 1 0 0 0 0 5 1 0 0 0 0 8 0 7 0 3 0 2 0 2 0 1 0 3 0 7 0 0 0 5 0 7 0 1 0 7 0 3 0 3 0 2 0 8 0 3 0 6 0 1 0 2 0 3 0 4 0 0 1 0 0 4 0 3 0 2 0 1 0 8 0 4 0 2 0 7 0 0 0 5 0 8 0 5 0 2 0 7 0 7 0 3 0 7 0 4 0 4 1 0 0 3 0 8 0 5 0 5 0 4 0 1 0 7 0 7 0 3 1 0 0 6 0 7 0 7 0 5 0 6 0 2
1 601 3 0 8 0 6 0 7 0 2 0 6 1 0 0 7 0 3 0 8 0 5 0 2 0 0 0 0 0 5 0 0 0 1 0 0 0 6 0 3 0 2 0 5 0 0 0 8 0 1 0 6 0 6 0 5 0 6 0 1 0 1 0 4 0 4 0 0 1 0 0 0 0 0 0 3 0 1 0 0 0 0 0 7 0 3 0 5 0 7 0 5 0 2 0 6 0 5 1 0 0 0 0 8 0 7 0 4 0 5 0 0 0 1 0 6 0 8 0 8 0 2 0 1 0 5 0 0 1 0 0 5 0 8 0 5 0 2 0 1 0 8 0 4 0 5 0 1 0 6 0 0 0 1 0 8 0 7 0 1 0 1 0 3 0 8 0 8 0 3 1 0 0 5 0 2 0 8 0 2 0 3 0 7 0 2 0 5 0 3 1 0 0 0 0 4 0 6 1 0 0 2 0 1 0 4 1 0 0 6 0 4 1 0 0 1 0 4 0 5 0 8 0 5 0 7 0 1 1 0 0 1 0 2 0 7 0 2 0 0 0 8 0 5 0 8 0 1 0 6 0 5 1 0 0 6 0 4 1 0 0 5 0 0 1 0 1 0 0 4 0 7 0 7 0 3 0 4 1 0 0 7 0 7 0 4 0 6 0 5 1 0 0 3 0 4 0 1 0 7 0 5 0 6 0 6 0 8 0 3 0 8 0 6 0 5 0 1 0 3 0 6 0 4 0 6 0 0 1 0 0 2 0 1 0 7 0 2 0 6 1 0 0 4 0 4 0 4 0 3 1 0 0 5 0 3 1 0 1 0 0 7 0 1 0 1 0 4 0 2 0 8 0 4 0 6 0 5 0 4 0 3 1 0 0 4 0 2 0 7 1 0 0 8 0 6 0 8 0 8 0 4 0 4 0 5 0 3 0 1 0 3 0 6 0 1 0 8 0 3 0 6 0 2 0 1 0 8 0 5 0 6 0 8 0 6 0 6 0 7 0 5 0 7 0 5 0 8 0 7 0 3 0 4 0 8 0 0 0 3 0 5 0 7 0 0 0 8 0 1 0 8 0 0 0 1 1 0 0 1 0 7 0 5 0 7 0 4 0 4 0 2 0 7 0 4 0 2 0 1 0 5 0 4 0 4 0 7 0 6 0 5 0 6 0 8 0 2 0 3 0 4 0 6 0 8 0 1 0 8 0 7 0 6 0 4 0 3 0 6 1 0 0 6 0 4 0 2 0 1 0 8 0 1 0 6 0 5 0 5 0 8 0 5 0 0 0 0 1 0 0 7 0 7 0 2 0 1 1 0 0 4 0 5 0 5 1 0 0 0 0 3 0 6 0 6 0 2 0 3 0 5
0 601 7 0 7 0 4 0 5 0 6 0 4 0 0 0 4 0 8 0 7 0 1 0 5 0 0 0 1 0 0 0 1 0 2 0 1 0 2 0 7 0 5 0 0 0 2 0 6 0 4 0 3 0 4 0 2 0 3 0 3 0 2 0 8 0 8 0 1 0 7 1 0 0 0 0 6 0 2 0 0 0 1 0 4 0 8 0 1 0 6 0 1 0 6 0 3 0 2 1 0 0 1 0 7 0 6 0 0 0 1 0 1 0 3 0 3 0 8 0 7 0 5 0 3 0 0 0 2 1 0 0 1 0 8 0 1 0 5 0 3 0 7 0 0 0 1 0 4 0 2 0 1 0 3 0 7 0 5 0 3 0 2 0 7 0 7 0 7 1 0 0 0 0 0 0 6 0 6 0 5 0 7 0 4 0 6 0 0 0 8 0 7 1 0 1 0 0 4 1 0 0 4 0 3 0 0 0 0 0 3 0 0 1 0 0 2 1 0 0 2 0 8 0 2 0 5 0 4 0 8 0 1 0 5 0 4 0 5 0 1 0 7 0 2 0 7 0 4 0 3 0 3 0 0 0 3 0 1 0 0 0 0 0 2 1 0 0 8 0 8 0 5 0 5 0 8 0 0 0 0 0 5 0 6 0 0 0 4 0 2 1 0 0 6 0 8 0 3 0 5 0 2 0 4 0 4 0 7 0 8 0 7 0 4 0 1 0 3 0 7 0 3 0 0 0 3 0 2 0 8 0 3 0 3 0 4 0 6 0 3 1 0 0 8 0 8 0 8 0 7 1 0 0 0 1 0 0 0 1 0 0 4 0 3 0 2 0 8 0 5 0 7 0 0 0 4 0 1 1 0 0 8 0 8 0 7 0 5 0 6 0 0 0 7 0 4 0 8 0 8 0 0 0 0 0 1 0 7 0 2 0 7 0 2 0 4 0 6 0 8 0 2 0 5 0 3 0 7 0 2 0 4 0 8 0 4 0 4 0 6 0 2 0 6 0 2 0 8 0 5 0 7 1 0 0 7 0 1 0 7 0 1 0 5 0 2 0 6 0 4 0 6 0 1 0 3 0 8 0 2 0 5 0 2 0 5 1 0 1 0 0 6 0 4 1 0 0 5 0 3 0 1 0 0 0 0 0 6 0 4 0 2 0 4 0 7 0 5 0 6 1 0 0 4 0 7 0 4 0 7 0 6 0 3 1 0 0 8 0 4 0 0 0 2 1 0 0 5 0 3 0 6 0 4 0 3 0 2 0 2 0 8 0 1 0 1 0 1 1 0 0 5 0 5 0 5 0 3 0 8 0 8 0 1 0 2 1 0 0 0 0 7 0 3 0 3 0 5 0 7 0 1
0 603 1 0 5 0 6 0 0 0 2 0 3 1 0 0 1 1 0 0 8 0 5 0 4 0 0 0 1 0 2 0 0 0 2 0 4 0 2 0 5 0 5 0 1 0 1 0 5 0 2 1 0 0 7 0 8 0 4 0 6 0 6 0 5 0 7 0 7 0 4 0 5 1 0 0 1 0 2 0 5 0 0 0 2 1 0 0 7 0 4 0 2 0 4 0 2 0 7 0 5 0 8 0 2 0 5 0 3 0 1 0 2 0 2 0 6 0 7 0 7 0 6 0 1 0 7 0 0 0 5 0 8 0 2 0 6 0 4 0 0 0 8 0 4 0 1 0 2 0 8 0 4 0 2 0 7 0 5 0 1 0 7 0 5 0 5 0 6 0 6 1 0 0 0 0 1 0 3 0 4 0 2 0 6 0 0 0 3 0 2 0 7 0 7 0 0 0 8 0 8 0 8 0 7 0 6 0 0 0 0 0 6 0 1 0 8 0 4 0 8 0 4 0 6 0 6 0 1 0 0 0 7 0 4 0 1 0 0 0 1 0 4 0 4 0 6 0 4 1 0 0 7 0 6 0 0 0 6 0 2 0 0 0 0 0 5 1 0 0 7 0 8 0 2 0 2 0 7 0 1 0 1 0 1 0 3 0 1 0 8 0 5 1 0 0 3 0 7 0 8 0 0 0 5 1 0 0 0 0 6 0 8 0 5 1 0 0 3 0 7 0 4 0 7 0 0 0 6 0 5 0 6 0 7 0 6 1 0 0 3 1 0 0 0 0 7 0 8 0 8 0 6 1 0 0 1 0 8 0 0 0 8 0 7 0 6 0 5 0 7 0 2 0 5 0 1 0 8 0 3 1 0 0 7 0 8 0 6 0 2 0 3 0 2 0 5 0 0 0 8 0 7 0 1 0 0 0 3 0 4 0 6 0 4 0 5 1 0 0 4 0 7 0 6 0 0 0 8 0 4 0 5 1 0 0 8 0 0 0 0 0 3 0 6 0 2 0 6 0 7 0 2 0 7 0 0 0 4 0 4 0 4 0 4 0 0 0 6 0 3 0 0 0 3 0 3 0 7 0 6 0 6 0 0 0 6 0 2 0 0 1 0 0 3 0 1 0 0 0 0 0 7 0 2 0 0 0 1 0 2 1 0 0 5 1 0 0 6 0 2 0 4 1 0 1 0 0 6 0 0 0 6 0 3 1 0 0 0 0 6 1 0 0 1 0 5 1 0 0 0 0 8 0 2 1 0 0 7 0 4 0 5 0 6 0 3 0 2 0 3 1 0 0 1 0 2 0 1 0 8 0 7 0 7 0 3 0 5 0 8 0 0 0 4 0 7 0 7 0 1 0 5 0 3
1 603 3 0 1 0 3 0 1 0 4 0 7 0 8 0 2 1 0 0 7 0 1 1 0 0 1 0 2 0 4 0 0 0 4 0 8 0 5 0 1 0 1 0 3 0 3 0 0 0 6 1 0 0 5 0 8 0 0 0 4 0 4 0 2 0 6 0 6 0 0 0 2 1 0 0 2 0 5 0 0 0 1 0 5 1 0 0 4 1 0 0 5 0 8 0 5 0 5 0 2 0 7 0 6 0 0 0 7 0 2 0 4 0 5 0 3 0 6 0 6 0 3 0 4 0 4 0 2 0 1 0 7 0 6 0 2 1 0 0 2 0 6 1 0 0 3 0 5 0 6 1 0 0 6 0 5 0 1 0 4 0 5 0 2 0 2 0 4 0 4 1 0 0 0 0 2 0 6 0 8 0 5 0 2 0 1 0 6 0 5 0 5 0 5 0 2 0 7 0 8 0 8 0 6 0 3 0 1 0 1 0 2 0 4 0 7 0 0 0 8 0 0 0 4 0 3 0 3 0 1 0 4 1 0 0 3 0 0 0 2 1 0 0 0 0 4 0 1 0 0 0 5 0 3 0 2 0 2 0 5 0 0 0 1 0 2 0 0 0 5 0 7 0 5 0 5 0 4 0 3 0 2 0 2 0 6 0 3 0 7 0 2 1 0 0 7 0 5 0 7 0 2 0 1 1 0 0 1 0 3 0 8 0 2 1 0 0 7 0 5 0 0 0 5 0 2 0 3 0 2 0 4 0 6 0 4 1 0 0 7 0 8 0 0 0 5 0 8 0 8 0 4 1 0 0 3 0 6 0 2 0 7 0 6 0 4 0 2 0 5 0 6 0 0 0 4 0 6 1 0 0 0 0 5 0 8 0 3 0 5 0 6 0 5 0 0 0 2 0 7 0 5 0 3 0 0 0 6 1 0 0 4 0 0 0 2 1 0 1 0 0 6 0 3 0 2 0 7 0 0 0 3 0 0 0 6 0 1 0 0 0 7 0 2 0 6 0 3 0 5 0 6 0 4 0 1 0 8 0 8 0 8 0 8 0 1 0 2 0 7 0 0 0 6 0 7 0 5 0 4 0 3 0 2 0 2 0 5 0 1 0 8 0 5 0 2 0 0 0 1 0 4 0 5 0 0 0 2 0 5 1 0 0 2 0 0 0 2 0 6 0 0 0 0 1 0 0 2 0 2 0 2 0 8 0 8 0 0 0 3 1 0 0 3 0 1 1 0 0 1 0 6 0 6 1 0 0 5 0 0 0 2 0 3 0 7 0 4 0 7 0 8 0 1 0 4 0 3 0 7 0 6 0 5 0 8 0 1 0 7 0 1 1 0 0 6 0 5 0 4 0 0 0 7
1 603 6 0 2 0 6 0 2 1 0 0 6 0 7 0 6 1 0 0 4 0 4 0 8 0 1 0 4 0 8 0 0 1 0 0 8 0 1 0 3 0 2 0 6 0 6 0 1 0 4 0 0 0 1 0 7 0 1 0 8 0 8 0 5 0 3 0 3 0 1 0 5 0 8 0 4 0 0 0 1 0 3 0 2 0 0 0 0 0 0 0 1 0 8 0 2 0 1 0 6 0 5 0 3 0 2 0 4 0 5 1 0 0 1 0 8 0 3 0 3 0 7 0 8 0 8 0 4 0 3 0 5 0 3 0 6 0 8 0 4 0 3 1 0 0 7 0 1 0 5 0 0 0 3 0 1 0 3 1 0 0 1 0 5 0 4 1 0 0 0 1 0 0 0 0 5 0 3 0 8 0 1 0 5 0 3 0 3 0 2 0 2 0 1 0 6 0 5 0 8 0 8 0 3 0 7 0 2 0 2 0 4 1 0 0 5 0 2 0 6 0 1 0 8 0 6 0 6 0 2 1 0 1 0 0 6 0 0 0 5 0 7 1 0 0 8 0 2 0 1 0 0 0 7 0 4 0 5 0 0 0 1 0 2 0 4 0 1 0 1 0 6 0 2 0 1 1 0 0 7 0 4 0 5 0 2 0 8 0 4 0 6 1 0 0 5 0 2 0 5 0 5 0 3 0 8 0 1 0 7 0 6 0 6 1 0 0 5 0 1 0 2 0 0 0 5 0 6 0 4 1 0 0 4 0 1 0 0 0 5 0 7 0 2 0 1 0 8 0 8 0 0 1 0 0 7 0 2 0 6 0 5 0 3 1 0 0 6 0 1 0 3 0 1 1 0 0 4 1 0 0 1 0 1 0 7 0 8 0 1 0 4 0 1 0 1 0 5 0 5 0 1 0 7 0 1 0 3 1 0 0 8 0 0 0 5 1 0 1 0 0 2 0 7 0 5 0 4 0 1 0 6 0 1 0 2 0 3 0 1 0 4 0 6 0 2 0 8 0 1 0 3 1 0 0 4 0 7 0 8 0 8 0 7 0 3 0 5 0 4 0 2 0 3 0 6 0 1 1 0 0 7 0 4 0 5 0 0 0 4 0 7 0 1 0 5 0 0 0 2 1 0 0 1 0 1 0 5 0 1 1 0 0 4 0 0 0 5 0 2 0 1 0 1 0 8 0 3 0 4 0 5 0 7 0 7 0 1 0 7 0 8 0 5 0 3 0 8 0 2 0 3 0 5 0 0 0 0 0 1 0 4 0 7 0 5 0 0 0 6 0 7 0 3 0 8 0 7 0 5 0 4 0 2 0 7 0 4 0 4 0 4 1 0 0 3 0 1 1 0 0 2 0 5
0 605 1 0 2 0 6 0 2 0 6 1 0 0 3 0 6 0 4 1 0 1 0 0 0 0 7 0 3 1 0 0 7 0 2 1 0 0 6 0 3 0 6 0 5 0 3 0 3 0 3 0 8 0 0 0 3 0 4 0 4 0 7 0 8 0 1 0 7 0 6 0 3 0 1 0 7 1 0 0 1 0 2 0 6 0 4 0 0 0 0 0 0 0 3 0 6 0 5 0 3 0 3 0 1 0 7 0 4 1 0 0 2 1 0 0 3 0 6 0 7 0 7 0 5 0 8 0 7 1 0 0 8 0 0 0 8 0 3 0 7 1 0 1 0 0 0 0 4 0 4 0 0 0 1 0 6 0 2 0 7 0 8 0 2 0 1 0 0 1 0 0 1 0 8 0 0 0 0 0 8 0 6 0 4 0 0 0 7 0 6 0 4 0 4 0 3 0 3 0 2 0 8 0 7 0 8 0 4 0 5 0 5 0 0 0 0 0 0 0 6 0 2 0 4 0 7 0 4 0 3 0 6 1 0 1 0 0 2 0 2 0 1 0 7 0 0 0 6 0 5 0 2 0 1 0 5 0 0 0 1 0 1 0 2 0 4 0 8 0 2 0 3 0 2 0 5 0 3 1 0 0 5 0 0 0 1 0 6 0 7 0 0 0 5 0 0 0 0 0 6 0 1 0 1 0 8 0 6 0 4 0 5 0 4 0 5 0 0 0 0 0 3 0 4 0 1 0 1 0 4 0 0 1 0 0 8 0 2 0 1 0 1 0 5 0 5 0 3 0 7 0 7 0 2 1 0 0 4 0 6 0 3 0 1 1 0 0 0 0 2 0 3 0 6 0 3 0 8 0 8 0 8 0 1 0 3 0 5 0 7 0 3 0 8 0 2 0 3 0 1 0 1 0 4 0 4 0 3 0 7 1 0 0 6 0 2 0 2 0 0 0 8 0 4 0 5 0 1 1 0 0 4 0 2 0 3 0 4 0 6 0 2 1 0 0 3 0 6 0 6 0 3 0 7 0 8 0 8 0 5 0 8 0 8 0 5 0 8 0 0 1 0 0 5 0 7 0 2 0 4 1 0 0 5 0 0 0 1 0 1 1 0 0 5 0 4 0 0 0 1 0 5 0 8 0 1 0 3 0 0 0 4 0 8 0 7 0 1 0 0 0 5 0 2 0 3 0 6 0 7 1 0 0 2 0 6 0 5 0 4 0 5 0 8 0 1 0 8 0 6 0 5 0 7 0 0 0 1 0 0 0 2 1 0 0 6 0 1 0 2 0 3 0 5 0 8 0 7 0 6 0 1 1 0 0 6 0 5 0 0 0 0 0 0 1 0 0 6 0 3 0 8 0 4 0 1
