1001 8
0 1 0
0 1 1
0 1 2
1 1 4
0 3 1 0 0
0 3 2 0 0
0 3 4 0 0
0 4 1 0 0 1
0 5 1 0 7 0 1
0 5 3 0 5 0 3
1 5 7 0 1 1 0
1 7 1 0 5 0 4 0 6
1 7 3 0 2 0 1 0 5
0 7 6 0 4 0 3 0 2
1 9 1 0 4 0 0 0 7 0 4
0 9 2 1 0 0 2 0 6 0 1
0 9 5 0 7 0 4 0 3 0 3
1 11 1 0 2 0 7 0 0 0 7 0 6
1 11 2 0 5 0 5 0 2 0 6 0 5
0 11 5 0 2 0 2 0 6 0 4 0 3
1 13 1 0 1 0 5 0 5 0 4 0 0 1 0
1 13 2 0 3 0 2 0 3 0 0 0 2 0 6
1 13 4 0 6 0 4 0 6 0 0 0 5 0 4
0 15 1 0 0 0 5 0 1 0 4 0 2 0 2 0 1
0 15 2 0 1 0 1 0 3 1 0 0 5 0 4 0 2
1 15 4 0 2 0 2 1 0 0 0 0 2 0 0 0 5
0 16 1 0 0 5 0 5 0 6 1 0 0 4 0 1 0 2
1 17 1 1 0 0 2 0 3 0 5 1 0 1 0 0 3 0 4
0 17 3 0 7 0 3 0 7 0 3 0 0 0 7 0 6 0 0
0 17 7 0 5 1 0 0 6 0 7 0 1 0 6 0 4 0 1
0 19 1 0 6 0 4 0 0 0 4 0 6 0 4 0 4 0 0 0 3
1 19 3 0 4 0 0 0 2 0 0 0 5 0 1 0 0 0 1 0 6
1 19 6 1 0 0 1 0 4 0 1 0 1 0 3 0 0 0 3 0 4
0 21 1 0 4 1 0 0 2 1 0 0 3 0 2 0 6 0 0 0 7 0 0
0 21 3 0 0 1 0 0 5 0 7 0 5 0 5 0 3 0 2 0 5 0 1
0 21 6 0 1 1 0 0 2 0 7 0 3 0 2 0 7 0 5 0 1 0 3
1 23 1 0 3 0 4 0 7 0 4 0 5 0 7 0 5 0 6 0 2 0 3 0 6
1 23 2 0 7 0 0 0 7 0 1 0 3 0 7 0 3 0 4 0 5 0 7 0 4
0 23 5 0 5 0 2 0 5 0 3 0 7 0 5 1 0 0 1 0 3 0 7 0 1
0 25 1 0 2 0 2 0 6 0 1 1 0 0 7 0 3 1 0 0 2 0 7 0 5 0 3
1 25 2 0 4 0 5 0 3 0 4 1 0 0 5 1 0 1 0 0 5 0 6 0 2 1 0
1 25 5 0 0 0 2 1 0 0 2 0 0 0 3 0 0 1 0 0 2 0 4 0 6 0 6
1 27 1 0 1 0 1 0 5 0 7 0 3 0 0 0 6 0 1 0 7 0 4 0 0 0 5 0 5
0 27 2 0 2 0 3 0 2 0 6 0 7 0 1 0 3 0 4 0 6 0 0 0 2 0 2 0 3
1 27 4 0 4 0 6 0 5 0 4 0 6 0 3 0 7 0 0 0 4 0 1 0 4 0 4 0 6
1 29 1 0 0 0 1 0 5 0 3 0 1 0 4 1 0 0 6 0 1 1 0 0 4 0 0 0 1 0 5
0 29 2 0 0 0 3 0 1 0 7 0 3 0 1 0 0 0 3 0 4 0 7 0 7 0 0 0 3 0 2
1 29 4 0 0 0 6 0 3 0 5 0 7 0 2 0 0 0 7 0 0 0 7 0 6 0 1 0 6 0 4
0 30 1 0 0 2 0 3 1 0 0 3 0 6 0 5 0 1 0 5 0 2 0 6 0 4 0 4 0 4 0 1
0 31 1 0 7 0 3 0 7 0 7 0 6 0 4 0 2 0 4 0 1 0 6 0 4 0 1 0 1 0 0 0 3
1 31 3 0 5 1 0 0 7 0 7 0 5 0 0 0 5 1 0 0 4 0 4 0 0 0 3 0 2 0 0 0 6
1 31 7 0 3 0 0 0 6 0 7 0 2 0 2 0 3 0 0 0 0 0 0 0 1 0 6 0 4 0 1 0 4
0 33 1 0 5 0 7 0 1 0 4 0 6 0 5 0 4 0 6 0 0 0 0 0 0 0 3 0 4 0 0 0 4 0 0
0 33 3 0 2 0 6 0 4 0 0 0 5 0 3 0 1 0 4 0 1 0 0 0 0 0 6 1 0 0 1 1 0 0 1
0 33 6 0 5 0 4 0 0 0 2 0 1 0 7 0 2 1 0 0 3 0 0 0 1 0 4 1 0 0 3 0 7 0 1
0 35 1 0 4 0 3 0 0 0 1 0 4 0 3 0 5 0 6 0 7 0 5 0 0 0 3 0 0 1 0 0 7 0 5 0 3
1 35 2 1 0 0 7 0 0 0 2 1 0 1 0 0 3 0 5 0 7 0 2 0 1 0 6 0 1 1 0 0 6 0 2 1 0
1 35 5 1 0 0 5 0 1 0 5 1 0 0 7 0 6 0 2 0 6 0 5 0 3 0 3 0 4 1 0 0 3 0 6 0 6
1 37 1 0 3 0 0 0 1 0 4 0 3 0 0 0 6 0 4 0 6 0 4 0 2 0 7 0 7 0 0 1 0 0 7 0 4 0 5
0 37 2 0 6 0 0 0 2 1 0 0 7 0 1 0 4 0 1 0 5 0 0 0 6 0 6 0 6 0 2 1 0 0 6 0 1 0 3
1 37 5 0 3 0 1 0 5 1 0 0 5 0 3 1 0 0 4 0 1 0 2 0 4 0 5 0 4 0 6 1 0 0 3 0 3 0 6
1 39 1 0 1 0 7 0 3 0 3 0 0 0 1 1 0 1 0 1 0 0 3 0 5 0 0 0 3 0 1 0 5 1 0 0 6 0 7 0 4
0 39 2 0 3 0 5 0 7 0 6 0 0 0 3 1 0 1 0 0 7 0 6 0 1 0 1 0 6 0 3 0 3 0 0 0 4 0 7 0 1
0 39 4 0 7 0 2 0 7 0 4 0 1 1 0 0 0 1 0 0 6 0 4 0 3 0 3 0 3 0 7 0 6 0 1 0 0 0 6 0 3
1 41 1 0 0 0 6 0 6 0 6 0 0 0 4 0 7 0 0 1 0 0 4 0 0 0 7 0 6 0 7 0 6 0 4 0 3 0 1 0 3 1 0
1 41 2 0 1 0 4 0 5 0 4 0 2 0 0 0 6 0 2 0 7 0 7 0 1 0 6 0 5 0 7 0 5 0 0 0 7 0 2 0 7 0 6
1 41 4 0 3 0 0 0 3 0 0 0 5 0 1 0 3 0 6 0 6 0 6 0 4 0 4 0 3 0 7 0 2 0 2 0 5 0 6 0 6 0 5
0 42 1 0 0 7 0 0 0 6 0 1 0 1 0 3 0 7 0 4 0 5 0 5 0 1 0 0 1 0 0 6 0 5 0 5 0 2 0 5 0 5 0 3
1 43 1 1 0 0 5 0 2 0 3 0 3 0 2 0 7 0 6 0 1 0 3 0 2 0 3 0 1 1 0 0 4 0 3 0 2 0 6 0 2 0 2 1 0
1 43 3 1 0 0 1 0 5 0 6 0 6 0 5 0 6 0 4 0 3 0 6 0 4 0 6 0 3 0 7 0 7 0 6 0 5 0 3 0 5 0 5 0 6
1 43 7 0 7 0 2 0 2 0 5 0 5 0 3 0 5 0 0 1 0 0 5 0 1 0 4 1 0 0 7 0 7 0 5 0 2 1 0 0 3 0 3 0 5
0 45 1 0 6 0 6 0 5 0 5 0 2 0 2 1 0 0 2 0 2 1 0 0 1 0 4 0 1 0 0 0 6 0 7 0 2 0 6 0 7 0 5 0 7 0 2
1 45 3 0 4 0 5 0 3 0 2 0 5 0 5 0 7 0 3 0 5 0 7 0 1 1 0 0 3 0 1 0 4 0 6 0 6 0 4 0 7 0 3 0 6 0 5
0 45 7 0 0 0 2 0 7 0 5 0 2 0 3 0 6 1 0 0 3 0 6 0 4 0 7 0 5 0 3 0 0 0 5 0 5 0 1 0 6 1 0 0 5 0 3
1 47 1 0 5 0 1 0 5 0 6 0 2 0 5 0 7 0 4 1 0 0 7 0 4 0 1 0 7 0 2 0 7 0 1 0 2 0 2 0 4 0 5 0 0 0 1 1 0
1 47 3 0 1 0 4 0 2 0 4 0 6 0 2 0 7 0 2 0 0 0 6 0 0 0 4 0 5 0 6 0 5 0 3 0 4 0 5 0 0 0 2 0 1 0 3 0 6
1 47 6 0 2 1 0 0 6 0 0 0 4 0 6 0 5 0 5 0 1 0 3 0 2 0 0 0 3 0 5 0 2 1 0 0 1 0 2 0 1 0 4 0 2 0 7 0 4
0 49 1 0 3 0 6 1 0 0 3 0 2 0 0 0 5 0 3 0 2 0 3 0 6 0 4 0 0 0 7 0 1 0 6 0 7 0 1 0 4 0 2 1 0 0 6 0 6 0 1
0 49 2 0 7 0 4 1 0 0 6 0 4 0 1 0 1 0 7 0 4 0 7 0 4 0 0 0 2 0 5 0 4 0 4 0 6 0 3 1 0 0 6 1 0 0 4 0 4 0 3
1 49 5 0 6 0 2 0 0 0 4 0 0 0 3 0 3 0 6 0 1 0 7 0 0 0 1 0 5 0 2 0 1 0 1 0 5 0 0 0 0 0 5 0 0 0 0 0 0 1 0
1 51 1 0 2 0 4 0 5 0 0 1 0 0 1 0 6 0 7 0 3 0 4 0 5 0 1 0 3 0 1 0 5 0 2 0 3 0 1 0 1 0 1 0 1 0 1 0 0 0 1 0 6
1 51 2 0 5 0 0 0 2 0 2 0 7 0 2 0 4 0 6 1 0 0 1 0 2 0 3 0 6 0 3 0 1 0 5 0 6 0 2 0 2 0 2 0 2 0 2 0 0 0 3 0 4
0 51 5 0 1 0 1 0 4 0 5 0 5 0 6 0 0 0 5 1 0 0 2 0 4 0 7 0 3 0 7 0 3 0 2 0 4 0 5 0 4 0 4 0 4 0 4 0 0 0 7 0 0
0 53 1 0 1 0 3 0 3 0 0 0 3 0 3 0 4 0 2 0 2 1 0 0 5 0 0 0 6 1 0 0 6 0 7 0 5 0 0 0 3 0 1 0 1 0 1 0 0 0 2 0 5 0 1
0 53 2 0 2 0 6 0 6 0 0 0 6 0 6 1 0 0 5 0 5 1 0 0 1 0 2 0 5 0 0 0 4 0 7 0 2 0 1 0 6 0 2 0 2 0 2 0 0 0 5 0 1 0 3
1 53 4 0 5 0 4 0 4 0 2 0 4 0 6 0 0 0 2 0 3 1 0 0 2 0 5 0 1 0 2 0 0 0 6 0 5 0 3 0 3 0 5 0 4 0 4 0 1 0 1 0 3 0 6
1 55 1 0 0 0 3 0 1 0 0 0 6 0 0 0 4 0 1 0 4 0 7 0 7 0 4 0 1 0 3 0 4 0 1 0 4 0 2 0 7 0 7 0 2 0 1 0 0 0 3 0 2 0 7 0 4
0 55 2 0 0 0 6 0 2 0 1 0 3 0 1 1 0 0 4 0 0 0 7 0 7 0 0 0 3 0 6 1 0 0 3 1 0 0 6 0 6 0 6 0 5 0 2 0 0 0 6 0 5 0 6 0 1
0 55 4 0 1 0 3 0 5 0 2 0 6 0 3 0 7 0 7 0 1 0 6 0 6 0 1 0 7 0 4 1 0 1 0 0 0 0 4 0 5 0 5 0 2 0 5 0 1 0 4 0 3 0 4 0 3
1 56 1 0 0 3 0 7 0 1 0 6 0 3 1 0 0 7 0 6 0 4 0 4 0 4 0 4 0 6 0 2 0 0 0 7 0 0 0 0 0 3 0 2 0 6 0 1 0 3 1 0 1 0 0 0 1 0
1 57 1 0 7 0 6 0 5 0 4 0 4 0 0 0 0 0 6 0 5 0 1 0 1 0 1 0 1 0 4 0 5 0 1 0 5 0 1 0 0 0 6 0 5 0 3 0 3 1 0 0 0 0 7 0 0 0 6
1 57 3 0 6 0 5 0 3 0 1 0 0 0 1 0 1 0 4 0 2 0 3 0 2 0 2 0 3 0 0 0 2 0 4 0 1 0 3 0 1 0 4 0 2 0 7 0 7 0 7 0 0 0 5 0 2 0 4
0 57 7 0 4 0 2 0 7 0 2 0 0 0 2 0 2 1 0 0 5 0 6 0 4 0 4 0 6 0 0 0 4 1 0 0 3 0 6 0 2 1 0 0 6 0 6 0 7 0 6 0 2 0 1 0 6 0 0
0 59 1 0 6 0 0 0 6 0 5 0 5 0 0 0 4 0 5 1 0 0 2 0 5 0 1 0 1 0 4 0 2 0 0 1 0 0 7 0 3 0 6 1 0 0 4 0 5 0 7 0 4 0 5 0 3 0 3 0 1
0 59 3 0 3 0 2 0 4 0 3 0 2 0 2 0 0 0 3 1 0 0 5 0 1 0 3 0 2 1 0 0 5 0 1 1 0 0 5 1 0 0 6 0 0 0 0 0 3 0 7 0 1 0 2 0 7 0 6 0 2
1 59 6 0 6 0 4 1 0 0 7 0 4 0 4 0 0 1 0 0 0 0 1 0 3 0 6 0 5 1 0 0 1 0 4 1 0 0 3 0 0 0 3 0 1 0 0 0 7 0 5 0 3 0 5 0 6 0 4 0 5
0 61 1 0 4 0 5 0 2 0 0 0 6 0 1 0 0 0 2 0 6 1 0 0 2 0 7 0 4 0 3 1 0 0 3 0 0 1 0 0 6 0 0 0 6 0 2 0 1 0 6 0 2 1 0 0 3 0 5 0 1 0 3
1 61 3 0 0 0 2 0 5 0 1 0 3 0 3 0 0 0 5 0 4 1 0 0 5 0 6 0 0 1 0 1 0 0 6 0 1 1 0 0 3 0 2 0 3 0 5 0 3 0 3 0 6 0 7 0 6 0 1 0 3 0 6
1 61 6 0 0 0 5 0 1 0 3 0 6 0 6 0 1 0 2 0 2 0 0 0 2 0 4 0 2 1 0 1 0 0 3 0 4 0 7 0 5 0 4 0 7 0 1 0 7 0 7 0 4 0 7 0 4 0 3 0 7 0 4
0 63 1 0 3 0 2 0 1 0 3 0 7 0 4 0 4 0 3 0 4 0 4 0 0 0 4 1 0 0 6 1 0 0 7 0 6 0 0 0 7 0 3 0 1 0 6 0 4 0 6 0 7 0 1 0 7 0 0 1 0 0 7 0 1
0 63 2 0 6 0 4 0 2 0 7 0 6 0 1 0 0 1 0 0 1 0 0 0 2 0 1 0 0 0 5 0 0 0 6 0 4 0 2 0 5 0 7 0 3 0 4 0 1 0 5 0 6 0 4 0 5 0 2 1 0 0 5 0 3
1 63 5 0 4 0 0 0 6 0 6 0 4 0 3 0 1 0 7 0 1 0 0 0 4 0 2 0 1 0 1 0 2 0 4 0 0 0 6 0 2 0 6 1 0 0 0 0 4 0 2 0 5 0 1 0 2 0 6 1 0 0 1 1 0
1 65 1 0 2 0 0 0 2 0 4 0 5 0 0 0 7 0 3 0 5 0 3 0 0 1 0 0 5 0 2 0 2 0 4 1 0 0 2 0 3 0 6 0 4 1 0 0 0 1 0 0 6 0 1 0 3 0 5 0 4 1 0 0 3 0 6
1 65 2 0 4 0 0 0 5 0 0 0 2 0 2 0 5 1 0 0 2 0 7 0 1 1 0 0 1 0 5 0 5 0 0 1 0 0 4 0 7 0 4 0 1 1 0 0 1 1 0 0 3 0 3 0 7 0 2 0 1 1 0 0 7 0 4
0 65 4 1 0 0 2 0 1 0 1 0 4 0 5 0 2 1 0 0 5 0 5 0 4 0 7 0 2 0 2 0 2 0 2 1 0 0 0 0 7 0 0 0 4 0 7 0 2 0 7 0 5 0 7 0 5 0 5 0 3 1 0 0 6 0 1
0 67 1 0 0 1 0 0 4 0 2 0 3 0 0 0 2 0 6 1 0 0 2 0 3 0 1 0 6 0 5 0 4 0 4 0 5 0 7 0 0 0 5 0 2 0 0 0 6 0 6 0 6 0 3 0 7 0 3 0 3 0 0 0 0 0 3 0 3
1 67 2 0 1 0 7 0 7 0 4 0 6 0 0 0 5 0 4 1 0 0 4 0 6 0 3 0 4 0 3 0 1 0 1 0 3 0 6 0 2 0 1 0 5 0 1 0 4 0 5 0 4 1 0 0 6 0 7 0 6 0 0 0 0 0 6 0 6
1 67 4 0 3 0 6 0 7 0 1 0 4 0 2 0 2 0 2 0 0 0 0 0 4 1 0 0 0 0 7 0 2 0 2 0 7 0 3 0 5 0 3 0 1 0 4 0 0 0 3 0 2 0 0 0 4 0 7 0 4 0 1 0 1 0 4 0 5
0 68 1 0 1 0 0 5 0 6 0 3 1 0 0 5 0 4 0 4 0 0 0 1 0 0 1 0 0 1 0 5 0 5 0 5 0 5 1 0 0 2 0 7 0 2 1 0 0 1 0 6 0 4 0 1 0 0 0 7 0 0 0 3 0 3 0 0 0 3
1 69 1 1 0 1 0 0 2 0 5 0 0 0 0 0 2 0 1 0 0 0 1 0 2 0 1 0 7 0 2 0 2 0 3 0 3 0 3 1 0 0 5 0 5 0 6 0 7 0 2 0 4 0 0 0 3 0 1 0 5 0 1 0 6 0 6 0 0 0 6
1 69 3 1 0 0 7 0 4 0 1 0 1 0 0 0 4 0 2 0 0 0 2 0 4 0 3 0 5 0 5 0 4 0 6 0 6 1 0 0 0 0 2 0 3 0 5 0 6 0 5 1 0 0 1 0 6 0 3 0 1 0 4 0 4 0 4 0 2 0 4
0 70 1 0 0 0 0 6 0 0 0 3 0 2 0 0 1 0 0 5 0 0 0 4 1 0 1 0 0 3 0 3 0 1 0 5 0 5 1 0 0 0 0 4 0 7 0 2 0 5 0 3 1 0 0 3 0 3 0 7 0 3 0 0 0 1 0 0 0 6 0 0
0 71 1 0 7 0 0 0 3 0 1 0 6 0 4 0 1 1 0 0 1 0 2 0 1 0 0 0 7 0 5 0 6 0 3 0 2 0 3 1 0 0 1 0 0 0 6 0 6 0 1 1 0 1 0 0 6 0 7 0 5 0 7 0 0 0 2 0 1 0 3 0 1
0 71 3 0 5 0 1 0 6 0 3 0 4 0 0 0 4 0 7 0 1 0 4 0 2 0 1 0 6 0 3 0 4 0 7 0 4 0 7 0 7 0 1 0 1 0 4 0 4 0 4 1 0 1 0 0 4 0 7 0 3 0 6 0 1 0 4 0 2 0 6 0 2
1 71 7 0 1 0 4 0 3 1 0 0 0 0 2 0 0 0 6 0 3 1 0 0 5 0 3 0 3 1 0 0 1 0 7 0 1 0 7 0 6 0 3 0 3 0 0 0 1 0 2 0 0 1 0 0 0 0 6 1 0 0 4 0 3 1 0 0 6 0 3 0 5
0 73 1 0 5 0 3 1 0 1 0 1 0 0 0 0 4 0 1 0 4 0 0 0 0 0 1 0 7 0 7 0 7 0 2 0 5 0 4 0 6 0 4 0 7 0 6 0 0 0 2 0 4 0 1 0 7 0 0 0 5 0 0 0 0 0 0 0 0 0 3 1 0 0 3
1 73 3 0 2 0 0 0 0 1 0 0 6 1 0 1 0 0 3 1 0 0 1 0 0 0 3 0 6 0 7 0 6 0 6 0 2 0 1 0 5 0 1 0 7 0 4 0 1 0 4 1 0 0 4 0 5 0 2 0 1 0 1 0 0 0 0 0 0 0 7 0 7 0 5
0 73 6 0 4 0 0 0 1 1 0 0 5 0 0 0 7 0 6 0 7 0 1 0 0 0 7 0 4 0 7 0 5 0 4 0 5 0 3 0 1 0 4 0 6 0 0 0 4 0 1 0 0 0 0 0 2 0 5 0 2 0 2 0 0 0 0 0 1 0 6 0 7 0 3
1 75 1 0 4 0 0 0 1 0 3 1 0 0 1 0 2 0 6 0 5 0 6 0 3 0 1 0 6 0 1 0 7 0 3 0 1 0 2 0 7 0 3 0 0 0 4 0 1 1 0 0 3 0 0 0 0 0 5 0 1 0 5 0 4 0 0 0 0 0 3 0 4 0 6 1 0
1 75 2 1 0 0 1 0 2 0 7 0 7 0 1 0 5 0 4 0 3 0 4 0 7 0 3 0 3 0 4 0 5 0 7 0 2 0 5 0 5 0 7 0 0 1 0 0 4 0 7 0 5 0 0 0 1 0 1 0 4 0 2 0 0 0 1 0 0 0 7 0 0 0 5 1 0
1 75 5 0 7 0 1 0 5 0 6 0 6 0 4 0 2 0 0 1 0 0 1 0 6 0 7 0 7 0 0 0 3 0 6 0 6 0 2 0 3 0 6 0 2 1 0 0 0 0 7 0 2 0 1 0 2 0 2 1 0 0 5 0 0 0 2 0 1 0 5 0 2 0 2 1 0
1 77 1 0 2 0 6 0 4 0 2 0 5 0 5 0 0 0 5 0 1 0 7 0 2 0 4 0 7 0 6 0 1 0 7 0 4 0 4 0 5 0 7 0 3 0 6 0 7 0 0 0 5 0 5 0 2 0 4 0 5 1 0 0 1 0 1 0 4 0 3 0 1 0 5 0 5 0 6
1 77 2 0 5 0 4 0 0 0 6 0 2 0 2 0 2 0 1 0 4 0 5 0 6 0 0 0 7 0 4 0 4 0 6 0 1 0 1 0 3 0 6 1 0 0 5 0 6 0 2 0 2 0 2 0 6 0 0 0 3 1 0 0 2 0 2 1 0 0 7 0 3 0 2 0 3 0 5
0 77 5 0 2 0 0 0 2 0 3 0 5 0 4 0 4 0 3 0 0 0 3 0 4 0 2 0 6 0 1 0 1 0 4 0 3 0 2 0 7 0 5 0 0 0 2 0 4 0 5 0 4 0 5 0 3 0 1 0 7 0 7 0 3 0 5 1 0 0 5 0 7 0 4 0 7 0 2
1 79 1 0 1 0 5 0 0 0 4 0 7 0 2 0 1 0 0 0 7 0 0 0 6 1 0 0 6 0 3 0 3 0 2 1 0 0 7 0 5 0 6 0 2 0 1 0 5 0 0 0 3 0 1 0 2 0 7 0 3 0 6 0 6 1 0 0 4 0 0 0 2 0 7 0 1 0 6 0 5
0 79 2 0 3 0 1 0 2 0 0 0 6 0 5 0 2 0 1 0 5 0 2 0 5 0 0 0 3 0 7 0 6 0 5 1 0 0 6 0 3 0 4 0 5 0 3 0 1 0 1 0 6 0 2 0 5 0 5 1 0 0 5 0 5 1 0 1 0 0 1 0 5 0 5 0 4 0 4 0 3
1 79 4 0 6 0 2 0 4 0 1 0 4 0 2 0 5 0 3 0 1 0 6 0 1 0 1 0 7 0 6 0 5 0 4 0 0 0 3 1 0 0 1 0 2 0 7 0 2 0 3 0 3 0 6 0 2 0 4 0 0 0 2 0 4 0 0 0 7 0 2 0 2 0 3 0 1 0 0 1 0
1 81 1 0 0 0 4 0 5 1 0 0 3 1 0 0 6 0 1 0 7 0 3 0 3 0 3 0 3 0 6 0 5 0 3 0 0 0 1 0 7 0 7 0 1 0 5 0 5 0 5 0 6 0 7 0 3 0 5 1 0 0 1 0 4 1 0 0 2 0 5 0 5 0 4 0 6 0 2 0 1 0 6
1 81 2 0 1 0 0 0 3 1 0 1 0 0 0 0 3 0 4 0 5 0 7 0 6 0 6 0 7 0 4 0 2 0 7 0 0 0 3 0 6 0 6 0 4 0 2 0 3 0 3 0 5 0 6 1 0 0 3 1 0 0 3 0 0 1 0 0 5 0 2 0 3 0 1 0 4 0 5 0 3 0 4
0 81 4 0 2 0 0 1 0 0 0 0 6 1 0 0 7 0 0 0 3 0 7 0 5 0 5 0 7 0 0 0 6 0 5 0 1 0 7 0 4 0 5 0 0 0 5 0 6 0 7 0 2 0 5 1 0 0 7 0 7 0 5 0 1 1 0 0 1 0 5 0 6 0 3 0 0 0 2 1 0 0 1
0 82 1 0 0 5 0 1 0 7 0 0 0 5 0 0 0 5 0 1 0 7 0 6 0 3 0 3 0 6 0 2 0 4 0 2 0 4 0 6 0 1 0 2 0 2 0 2 0 5 0 6 0 6 0 3 0 0 0 6 0 7 0 2 0 4 0 7 0 2 0 2 0 4 0 7 0 0 0 5 0 7 0 1
0 83 1 1 0 0 1 0 4 0 5 0 2 0 1 0 2 0 1 0 4 0 6 0 4 0 7 0 7 0 3 0 5 1 0 0 6 0 0 0 4 0 3 0 4 0 4 0 5 0 2 0 5 0 4 0 7 0 1 0 4 0 6 0 6 0 0 0 6 0 5 0 5 0 0 0 6 0 2 0 2 0 6 0 3
1 83 3 0 7 0 2 0 0 0 2 0 5 0 2 0 4 0 3 0 0 0 5 0 1 0 7 0 6 1 0 0 4 0 0 0 3 0 1 1 0 1 0 0 1 0 1 0 2 0 6 0 2 0 1 0 6 0 4 0 0 0 5 0 4 0 2 0 4 0 3 0 2 0 2 0 3 0 5 0 5 0 3 1 0
1 83 7 0 5 0 5 0 0 0 5 0 1 0 5 1 0 0 7 0 1 0 1 0 4 0 6 0 5 1 0 1 0 0 1 0 6 0 3 1 0 0 7 0 1 0 2 0 5 0 3 0 5 0 3 0 4 0 0 0 2 0 2 0 0 0 5 1 0 0 7 0 4 0 4 0 7 0 2 0 2 1 0 1 0
1 85 1 0 6 0 3 0 2 0 2 0 1 0 4 0 3 0 0 0 5 0 3 0 3 0 0 0 5 0 4 0 0 0 7 0 2 0 4 0 0 0 0 0 5 0 3 0 5 0 1 1 0 0 2 1 0 0 0 0 1 0 4 0 4 0 1 0 3 0 0 0 6 0 1 0 1 0 6 0 5 0 5 1 0 0 6
1 85 3 0 3 0 7 0 4 0 4 0 2 1 0 0 7 0 1 0 1 0 7 0 6 0 1 0 2 0 0 0 2 0 5 0 5 1 0 0 1 0 1 0 1 1 0 0 2 0 4 0 7 0 4 0 6 1 0 0 3 0 0 0 0 0 3 0 6 0 1 0 3 0 3 0 3 0 4 0 3 0 4 0 0 0 4
0 85 6 0 7 0 6 0 1 0 0 0 6 1 0 0 5 0 3 0 3 0 6 0 4 0 3 0 4 0 0 0 5 0 2 0 3 1 0 0 2 0 2 0 3 0 7 0 4 0 0 0 7 0 1 0 5 1 0 0 6 0 0 0 0 0 7 0 3 0 3 0 6 0 6 0 6 1 0 1 0 0 0 0 2 0 0
0 87 1 0 4 0 7 0 4 0 3 0 1 0 5 0 0 0 1 0 7 0 7 0 4 0 0 1 0 0 0 0 2 0 1 0 5 0 7 0 7 0 3 0 4 0 7 0 6 0 0 0 2 0 5 0 4 0 3 0 0 0 3 0 1 0 1 0 5 0 7 0 7 0 4 0 5 0 6 0 0 0 6 1 0 0 4 0 0
0 87 3 0 0 0 7 0 0 0 7 0 3 0 1 0 1 0 3 0 6 0 7 0 0 0 2 0 6 1 0 0 4 0 3 0 2 0 7 0 6 1 0 0 1 0 7 0 4 0 1 0 5 0 2 0 0 0 7 0 0 0 6 0 2 0 3 0 2 0 7 0 7 0 1 0 3 0 4 0 2 0 4 1 0 1 0 0 1
0 87 6 0 1 0 5 0 2 0 5 0 7 0 2 0 2 0 7 0 4 0 6 0 1 0 5 0 4 1 0 1 0 0 7 0 5 0 6 0 5 1 0 0 3 0 6 0 0 0 4 0 1 0 5 0 1 0 5 0 2 0 3 0 5 0 6 0 5 0 6 0 6 0 3 0 6 1 0 0 6 0 1 0 0 0 7 0 1
0 89 1 0 3 0 4 0 1 0 6 0 2 0 6 0 5 0 5 0 6 0 1 0 4 0 4 0 2 0 2 0 0 1 0 0 6 0 3 0 5 0 3 1 0 0 7 0 3 0 1 1 0 0 4 0 1 0 4 0 1 0 5 0 7 0 2 0 5 0 3 0 5 0 4 1 0 0 6 0 0 0 3 0 3 0 1 0 5 0 3
1 89 2 0 6 1 0 0 4 0 3 0 6 0 4 0 3 0 3 0 4 0 4 0 0 0 0 0 5 0 4 0 1 1 0 0 3 1 0 0 3 0 0 0 0 0 5 0 7 0 3 0 7 0 7 0 2 1 0 0 4 0 2 0 6 0 6 0 1 1 0 0 3 0 2 0 0 0 3 0 1 0 6 0 6 0 3 0 1 1 0
1 89 5 0 4 1 0 1 0 1 0 0 5 0 0 0 7 0 7 0 0 0 0 0 1 0 1 0 2 0 0 0 4 0 7 0 6 0 7 0 5 0 0 0 1 0 2 0 6 1 0 0 7 0 6 0 6 0 7 0 7 0 5 0 4 0 4 0 4 0 7 0 5 0 4 0 0 0 6 0 3 0 4 0 4 0 7 0 3 0 6
1 91 1 0 2 0 2 0 0 1 0 1 0 0 1 0 2 0 6 0 6 0 1 0 0 0 2 0 2 0 4 0 1 0 0 0 7 0 5 0 7 0 2 0 1 0 2 0 5 0 5 0 0 0 6 0 5 0 5 0 7 0 7 0 3 0 1 0 1 0 1 0 7 0 3 0 0 0 2 0 3 1 0 0 1 0 1 0 6 1 0 0 5
0 91 2 0 4 0 4 0 1 1 0 0 7 0 1 0 5 0 4 0 4 0 3 0 0 0 4 0 4 1 0 0 3 0 1 0 6 0 3 0 6 0 5 0 2 0 5 0 2 0 2 0 2 0 4 0 3 0 3 0 7 0 6 0 7 0 2 0 2 0 3 0 5 0 7 0 0 0 4 0 7 0 7 0 1 0 3 0 5 0 0 0 2
1 91 5 0 0 0 0 0 4 1 0 0 5 0 4 0 2 0 1 0 0 0 7 0 1 0 0 0 1 1 0 0 6 0 3 0 3 1 0 0 5 0 2 0 6 0 1 0 5 0 4 0 4 1 0 0 7 0 7 0 6 0 5 0 6 0 5 0 4 0 7 0 2 0 6 0 2 0 0 0 7 0 6 0 3 0 7 0 1 0 1 0 4
0 93 1 0 1 0 1 0 1 0 1 0 0 0 2 0 0 0 5 0 2 0 1 0 5 0 3 0 0 0 3 1 0 0 3 1 0 0 0 0 0 0 1 0 6 0 3 0 4 0 2 0 1 0 2 0 0 0 6 0 7 0 5 0 3 0 5 0 3 0 1 0 6 0 6 0 3 0 5 0 1 0 6 0 4 1 0 0 6 0 3 0 3 0 0
0 93 2 0 2 0 2 0 2 0 2 0 0 0 4 0 1 0 1 0 5 0 3 0 1 0 7 0 0 0 7 0 7 0 6 0 6 1 0 0 0 0 3 0 3 1 0 0 0 0 5 0 2 0 4 0 1 0 4 0 7 0 2 1 0 0 2 0 7 0 3 0 4 0 4 1 0 0 2 0 4 0 4 0 2 0 0 0 3 0 7 0 6 0 0
0 93 4 0 4 0 4 0 4 0 4 0 0 1 0 0 3 0 3 0 1 0 7 0 3 0 5 0 2 0 6 0 7 0 5 0 5 1 0 0 0 0 6 0 7 0 7 0 0 0 1 0 5 1 0 0 4 0 0 0 6 0 6 0 7 0 4 0 5 1 0 0 1 0 1 1 0 0 5 0 0 0 0 0 5 0 0 0 7 0 6 0 4 0 1
0 95 1 0 0 0 1 0 1 0 1 0 0 0 2 0 7 0 5 0 6 0 3 0 5 1 0 0 2 0 6 0 4 0 7 0 3 0 3 1 0 0 1 0 4 0 7 0 6 0 1 0 3 0 2 1 0 1 0 0 2 0 4 0 5 0 7 0 1 0 3 1 0 0 2 0 3 1 0 0 1 0 1 0 1 0 1 0 2 0 6 0 5 0 0 0 3
1 95 2 0 0 0 2 0 2 0 2 0 0 0 5 0 6 0 3 0 4 1 0 0 3 1 0 0 5 0 4 0 1 0 6 0 7 0 7 0 7 0 2 0 0 0 7 0 4 0 3 0 6 0 5 1 0 0 7 0 4 0 0 0 3 0 6 0 3 0 7 0 7 0 3 0 7 0 7 0 1 0 2 0 2 0 2 0 5 0 4 0 2 0 1 0 6
1 95 4 0 0 0 4 0 4 0 4 0 1 0 2 0 4 1 0 0 1 1 0 1 0 0 0 0 2 0 0 0 4 0 4 0 7 0 7 0 6 0 5 0 1 0 6 0 0 1 0 0 5 0 4 0 0 0 6 0 0 0 1 0 7 0 3 1 0 0 7 0 6 1 0 0 7 0 6 0 3 0 4 0 4 0 5 0 2 0 0 0 5 0 3 0 4
0 96 1 0 0 2 0 0 0 1 0 0 0 3 0 5 0 0 1 0 0 3 1 0 0 6 1 0 0 4 0 1 0 0 0 1 0 7 0 7 0 5 0 2 0 4 0 3 0 2 1 0 0 2 0 0 0 2 0 3 0 1 0 3 0 6 0 0 0 0 0 6 0 6 0 0 0 6 0 4 1 0 0 1 0 1 0 2 0 5 0 1 0 1 1 0 0 1
0 97 1 0 7 0 3 0 0 0 2 0 0 0 7 0 1 0 2 0 7 0 6 1 0 0 4 1 0 1 0 0 3 0 0 0 3 0 6 0 7 0 2 0 5 1 0 0 7 0 5 0 7 0 3 0 0 0 4 0 6 0 2 0 7 0 3 0 1 0 1 0 4 0 4 0 2 0 4 0 1 1 0 0 2 0 2 0 5 0 1 0 3 0 3 0 7 0 1
0 97 3 0 5 0 7 0 0 0 4 0 1 0 5 0 3 0 5 0 6 0 6 0 0 0 1 0 0 0 7 0 5 0 0 0 7 0 4 0 6 0 6 0 3 0 0 0 6 0 3 0 6 0 7 0 1 0 0 0 4 0 6 0 5 0 7 0 2 0 3 0 0 0 0 0 5 1 0 0 4 0 7 0 3 0 5 0 1 0 3 0 6 0 7 0 5 0 3
1 97 7 0 2 0 6 0 1 1 0 0 4 0 1 1 0 0 3 0 5 0 4 0 1 0 2 0 1 0 6 0 2 0 2 0 6 0 1 0 5 0 4 0 7 0 1 0 3 1 0 0 5 0 6 0 3 0 1 0 0 0 5 0 3 0 6 0 5 0 6 0 0 0 1 0 3 0 0 0 0 0 6 1 0 0 2 0 3 0 7 0 4 0 7 0 2 1 0
1 99 1 0 5 0 6 0 3 0 4 0 7 0 7 0 3 0 7 0 6 0 2 0 0 0 3 0 4 0 3 0 3 0 5 0 5 0 3 0 4 0 2 0 1 0 6 0 3 1 0 0 0 0 2 0 4 0 7 0 2 0 1 0 1 1 0 0 5 0 3 0 4 0 1 0 2 0 6 0 0 0 1 0 4 1 0 0 4 0 7 0 6 0 1 0 6 0 6 0 6
1 99 3 0 2 0 4 1 0 0 1 0 7 0 6 1 0 0 7 0 4 0 5 0 0 0 6 1 0 0 7 0 7 0 2 0 2 1 0 0 0 0 5 0 3 0 3 1 0 1 0 0 0 0 5 0 0 0 6 0 5 0 2 0 3 1 0 0 1 1 0 0 0 0 3 0 5 0 3 0 1 0 3 0 1 0 0 0 0 0 7 0 4 0 4 0 4 0 5 0 5
0 99 6 0 5 0 0 1 0 0 3 0 6 0 6 0 0 0 6 0 1 0 2 0 2 0 5 0 0 0 6 0 6 0 5 0 5 0 7 0 0 0 1 1 0 0 0 0 0 0 7 0 0 0 1 0 2 0 4 0 2 0 5 0 7 0 7 0 2 0 6 1 0 0 7 0 1 0 7 0 2 0 6 0 2 0 0 0 1 0 6 0 1 0 1 0 1 0 3 0 3
1 101 1 0 4 0 2 0 2 0 7 0 6 0 4 0 4 0 2 0 3 0 3 0 4 0 5 0 1 0 2 0 4 0 5 0 3 0 3 0 6 0 1 0 3 0 6 1 0 0 1 0 5 0 1 0 2 0 4 1 0 0 6 0 2 0 7 0 6 0 6 0 5 0 0 0 5 0 4 0 5 0 6 0 3 0 5 0 0 0 3 0 3 0 3 0 2 0 2 0 6 0 6
1 101 2 1 0 0 5 0 5 0 6 0 5 0 1 0 0 0 5 0 6 0 7 0 0 0 2 0 3 0 5 0 0 0 2 0 7 0 7 0 3 0 3 0 7 0 4 1 0 0 3 0 1 0 3 0 5 0 1 0 0 0 3 0 6 0 6 0 5 0 5 0 2 0 2 0 2 0 1 0 3 0 4 1 0 0 2 0 1 0 6 0 6 0 6 0 4 0 5 0 4 0 5
0 101 5 1 0 0 2 0 3 0 5 0 2 0 3 0 1 0 2 0 5 0 6 0 1 0 4 0 7 0 1 0 1 0 5 0 6 0 6 0 7 0 7 0 6 0 1 1 0 0 6 0 2 0 7 0 1 0 3 0 0 0 7 0 4 0 5 0 3 0 2 0 5 0 4 0 4 0 2 0 7 0 0 1 0 0 4 0 3 0 4 0 5 0 5 0 1 0 3 0 1 0 3
1 103 1 0 2 1 0 0 4 0 7 0 1 0 5 0 6 0 2 0 5 0 2 0 4 0 4 0 0 0 6 0 3 0 3 0 2 0 5 0 5 0 7 0 7 0 4 0 4 1 0 0 3 0 6 0 5 0 3 0 6 0 1 0 6 0 1 0 2 0 7 0 5 0 2 0 1 0 0 0 6 0 5 0 2 0 7 0 7 0 7 0 0 0 3 0 2 0 3 0 6 0 2 0 6
1 103 2 0 5 1 0 0 0 0 6 0 4 0 2 0 4 0 6 0 1 0 6 0 0 0 0 0 2 0 3 0 7 0 6 0 5 0 2 0 3 0 7 0 7 0 1 0 1 1 0 0 7 0 4 0 2 1 0 0 4 0 4 0 3 0 3 0 5 0 6 0 2 0 5 0 2 0 1 0 4 0 2 0 6 0 6 0 7 0 6 0 1 0 6 0 4 0 7 0 3 0 6 0 4
0 103 5 0 2 1 0 0 1 0 4 0 0 0 6 0 0 0 4 0 4 0 3 0 1 0 0 0 4 0 7 0 6 0 5 0 2 0 5 0 7 0 6 0 6 0 3 0 3 1 0 0 6 0 0 0 6 1 0 0 0 0 0 0 7 0 7 0 2 0 4 0 6 0 1 0 5 0 2 1 0 0 6 0 4 0 5 0 7 0 4 0 4 0 4 0 1 0 6 1 0 0 5 0 1
0 105 1 0 1 0 6 0 7 0 1 1 0 0 2 0 3 0 2 0 0 0 0 0 7 0 2 0 1 0 0 0 7 0 5 0 2 0 6 0 2 0 7 0 5 0 4 1 0 0 0 0 0 0 3 0 2 0 4 1 0 0 0 0 1 0 6 0 6 0 6 0 0 0 4 0 4 0 1 0 6 1 0 0 4 0 1 0 3 0 7 0 1 0 1 0 0 0 4 0 5 0 0 0 1 0 3
1 105 2 0 3 0 4 0 6 0 4 0 7 0 3 0 6 0 4 0 0 0 1 0 5 0 5 0 2 0 1 0 6 0 2 0 6 0 3 0 6 0 6 0 3 0 1 1 0 0 0 0 0 0 6 0 5 0 0 1 0 0 0 0 3 0 4 0 5 0 4 0 2 0 0 0 0 0 4 0 4 1 0 1 0 0 3 0 7 0 5 0 3 0 2 0 1 0 0 0 2 0 1 0 2 0 6
1 105 4 0 7 0 0 0 5 0 1 0 6 1 0 0 5 0 0 0 1 0 3 0 2 0 2 0 5 0 3 0 3 0 6 0 3 1 0 0 5 0 4 0 7 0 3 0 6 1 0 0 1 0 4 0 2 0 2 0 6 1 0 0 7 0 0 0 3 0 0 0 5 0 0 0 1 0 0 0 2 0 0 0 7 0 6 0 6 0 2 0 7 0 4 0 2 0 0 0 4 0 2 0 5 0 4
0 107 1 0 0 0 6 0 2 0 1 0 4 0 5 0 0 0 1 0 1 0 2 0 6 0 4 0 5 0 1 0 7 0 7 0 4 0 0 0 0 0 2 0 1 0 6 1 0 0 5 1 0 0 2 1 0 0 5 0 5 0 5 0 0 0 5 0 1 0 6 0 1 0 1 0 1 0 2 0 0 0 4 0 1 0 6 0 5 0 4 0 6 0 6 0 0 0 5 0 0 1 0 0 6 0 2 0 1
0 107 2 0 1 0 3 0 5 0 3 0 0 0 2 0 1 0 2 0 2 0 5 0 4 0 1 0 2 0 4 0 6 0 7 0 0 0 1 0 0 0 4 0 3 0 5 0 0 0 2 1 0 0 5 1 0 0 2 0 3 0 2 0 2 0 1 0 4 0 3 0 3 0 2 0 2 0 4 0 0 1 0 0 4 0 4 0 3 0 1 0 5 0 4 0 2 0 1 0 2 1 0 0 3 0 5 0 2
1 107 4 0 2 0 7 0 1 0 7 0 0 0 4 0 2 0 4 0 5 0 2 0 0 0 3 0 5 0 0 0 5 0 6 0 1 0 2 0 0 1 0 1 0 0 2 0 1 0 5 1 0 0 2 1 0 0 4 0 6 0 4 0 4 0 2 1 0 0 7 0 6 0 4 0 4 1 0 0 2 1 0 0 0 0 0 0 7 0 3 0 2 0 0 0 5 0 2 0 5 0 7 0 6 0 1 0 5
0 108 1 0 0 6 0 5 0 4 0 5 0 1 1 0 0 6 0 0 0 2 0 5 0 0 0 7 0 1 0 2 0 2 0 4 0 3 0 4 0 1 1 0 0 7 0 3 0 3 0 2 1 0 0 5 1 0 0 0 0 5 0 1 0 0 0 6 1 0 0 6 0 5 0 1 0 1 1 0 0 5 0 6 1 0 0 1 0 5 0 7 0 4 0 1 0 1 0 6 0 2 0 7 0 4 0 4 0 2
1 109 1 1 0 0 4 0 3 0 1 0 2 0 4 1 0 0 3 0 1 0 5 0 1 0 2 0 5 0 3 0 4 0 4 1 0 1 0 0 0 0 4 1 0 0 5 0 7 0 6 0 5 1 0 0 2 1 0 0 1 0 1 0 3 0 1 0 5 0 0 0 4 0 2 0 3 0 3 1 0 0 2 0 5 1 0 0 3 0 2 0 7 0 0 0 3 0 3 0 3 0 6 0 6 0 1 0 0 0 5
0 109 3 0 7 0 7 0 6 0 2 0 5 0 0 1 0 0 6 0 3 0 1 0 3 0 5 0 1 1 0 0 1 0 2 0 0 0 7 0 0 0 1 0 0 0 2 0 7 0 5 0 3 1 0 0 5 0 7 0 1 0 2 0 6 0 3 0 1 0 1 1 0 0 5 0 6 0 7 0 7 0 4 0 2 1 0 0 6 0 5 0 5 0 1 0 6 0 6 0 7 0 4 0 4 0 3 0 1 0 2
1 109 7 0 6 0 7 0 4 0 6 0 1 0 2 1 0 0 3 0 7 0 2 0 7 0 1 0 4 0 7 0 1 0 4 0 1 0 5 0 1 0 2 0 0 0 5 0 6 0 3 0 0 0 0 0 2 0 6 0 3 0 5 0 3 0 7 0 2 0 3 1 0 0 2 0 5 0 7 0 7 0 0 0 6 1 0 0 4 0 3 0 2 0 4 0 4 0 5 0 7 0 1 0 0 0 7 0 2 0 4
0 111 1 0 6 0 5 0 7 0 1 0 4 0 3 0 5 0 7 0 6 0 5 0 6 0 5 0 4 0 0 0 6 0 3 1 0 0 4 0 1 0 3 0 4 0 1 0 2 0 4 0 7 0 0 0 0 0 5 0 3 1 0 0 2 1 0 0 6 0 5 0 7 0 7 0 4 0 2 0 7 0 6 0 2 0 4 1 0 1 0 0 7 0 5 0 0 0 1 0 3 0 6 0 3 0 1 0 5 0 6 0 0
0 111 3 0 4 0 3 0 6 0 3 1 0 1 0 0 3 0 7 0 5 0 3 0 5 0 3 0 0 0 2 0 3 1 0 1 0 1 0 0 3 0 6 1 0 0 3 0 5 0 0 0 6 0 1 0 1 0 1 1 0 1 0 0 5 1 0 0 4 0 3 0 7 0 7 0 0 0 6 0 6 0 4 0 6 0 1 0 0 1 0 0 6 0 2 0 1 0 2 0 7 0 3 0 7 0 3 0 2 0 4 0 1
0 111 6 1 0 1 0 0 5 0 0 0 0 0 7 0 6 0 6 0 2 1 0 0 2 0 7 0 0 0 4 1 0 0 0 1 0 0 7 0 6 0 4 1 0 0 7 0 1 0 2 0 3 0 3 0 2 0 3 1 0 1 0 0 2 1 0 1 0 1 0 0 7 0 6 0 2 0 4 0 5 0 1 0 4 0 3 0 1 1 0 0 3 0 5 0 2 0 5 0 5 1 0 0 6 0 7 0 4 1 0 0 3
1 113 1 0 5 0 0 1 0 0 1 0 1 0 1 0 6 0 5 0 4 0 6 0 7 0 4 0 5 0 2 0 0 1 0 0 1 1 0 0 6 0 5 0 2 0 0 0 5 0 3 0 4 0 6 0 6 0 4 1 0 0 0 0 7 0 4 1 0 1 0 1 0 0 6 0 4 0 6 0 0 0 2 0 3 1 0 0 7 0 3 0 7 0 6 0 1 0 6 0 2 0 4 0 0 0 4 0 7 0 1 1 0 0 6
1 113 3 0 1 0 2 0 7 0 1 0 2 0 3 0 4 0 3 0 1 0 5 0 7 0 1 0 2 0 5 0 1 0 7 0 2 1 0 0 4 0 2 0 5 0 1 0 1 1 0 0 1 0 5 0 5 0 1 1 0 0 1 0 6 0 2 0 0 1 0 1 0 0 4 0 1 0 4 0 1 0 4 1 0 0 0 0 5 1 0 0 7 0 4 0 4 0 3 0 5 1 0 0 2 0 0 0 6 0 4 1 0 0 4
0 113 6 0 2 0 5 0 5 0 3 0 4 0 6 1 0 0 7 0 3 0 2 0 6 0 3 0 5 0 1 0 4 0 5 0 6 0 7 0 7 0 5 0 1 0 3 0 3 0 7 0 2 0 2 0 2 0 4 0 7 0 2 0 3 0 5 0 1 1 0 0 7 0 7 0 2 1 0 0 4 0 0 1 0 0 1 0 3 0 0 0 6 0 1 0 0 1 0 0 3 1 0 0 4 0 1 0 4 0 2 0 0 0 0
0 115 1 0 3 0 6 0 2 0 2 1 0 0 1 0 6 0 0 0 5 0 7 0 5 0 3 1 0 0 2 0 4 0 0 0 3 0 5 0 7 0 7 0 2 0 3 0 6 0 7 0 5 0 5 0 4 0 5 0 0 0 6 0 5 0 7 0 1 0 4 1 0 0 6 0 6 0 6 0 7 0 7 0 1 0 7 0 1 0 6 0 1 0 3 0 3 0 1 0 7 0 6 0 7 0 7 0 2 1 0 0 5 0 0 0 0
0 115 2 0 7 0 3 0 5 0 5 0 7 0 2 0 3 0 2 0 2 0 7 0 2 1 0 1 0 0 4 1 0 0 1 0 7 0 2 0 7 0 6 0 5 0 7 0 4 0 7 0 3 0 3 0 1 0 2 0 2 0 4 0 3 0 6 0 4 0 1 0 0 0 4 0 5 0 5 0 7 0 6 0 4 0 5 0 4 0 3 0 3 0 6 0 6 0 3 0 6 0 5 0 7 0 6 0 6 1 0 0 1 0 1 0 0
0 115 5 0 5 1 0 0 3 0 3 0 6 0 5 0 6 0 4 0 5 0 5 0 6 1 0 1 0 0 0 1 0 0 3 0 5 0 6 0 6 0 5 0 3 0 7 0 1 0 6 0 7 0 6 0 2 0 4 0 4 1 0 1 0 0 5 0 0 0 3 0 1 0 0 0 3 0 3 0 7 0 5 0 1 0 3 0 0 0 7 0 7 0 4 0 4 1 0 0 5 0 3 0 7 0 5 0 5 1 0 0 2 0 2 0 0
0 117 1 0 2 0 3 1 0 0 6 0 7 0 4 0 3 0 5 0 1 0 3 0 3 0 6 0 0 0 7 0 0 0 7 0 6 0 2 0 5 0 5 0 2 1 0 0 6 0 4 0 4 0 7 0 4 0 6 0 0 0 2 0 0 1 0 0 1 0 1 0 6 0 2 0 0 0 6 0 7 0 6 0 2 0 3 0 6 0 1 0 6 0 7 0 1 0 2 0 0 0 1 1 0 0 7 0 3 0 3 1 0 0 4 0 4 0 0
0 117 2 0 4 1 0 0 0 0 4 0 7 0 0 1 0 0 2 0 3 0 6 0 7 0 3 0 2 0 5 0 2 0 6 0 4 0 6 0 2 0 2 0 6 1 0 0 4 0 1 0 1 0 7 0 1 0 4 0 1 0 4 0 1 0 7 0 1 0 3 0 3 0 5 0 1 0 4 0 7 0 4 0 5 0 7 0 3 0 4 0 4 0 6 0 3 0 4 0 0 0 3 1 0 0 5 1 0 0 0 0 0 0 0 0 0 0 1
0 117 5 0 0 1 0 0 1 0 0 0 6 0 2 0 7 0 3 0 7 0 4 0 6 0 7 0 5 0 1 0 6 0 4 0 1 0 4 0 5 0 5 0 4 1 0 1 0 0 3 0 3 0 5 0 3 1 0 0 3 1 0 0 4 0 5 0 3 0 6 0 7 0 1 0 4 0 0 0 7 0 1 0 3 0 6 1 0 0 1 0 1 0 4 1 0 0 0 0 1 1 0 0 0 0 2 1 0 0 0 0 0 0 0 0 0 0 2
1 119 1 0 1 0 2 0 7 0 1 0 1 0 3 0 6 0 5 1 0 0 7 0 1 0 5 0 7 0 2 0 4 0 4 0 0 0 4 0 0 0 3 0 3 0 2 0 0 0 7 0 5 0 7 0 1 1 0 1 0 1 0 0 0 0 0 0 2 1 0 0 5 0 6 0 3 1 0 0 2 0 5 0 3 0 7 0 4 1 0 0 2 0 3 0 0 1 0 0 0 0 3 0 6 1 0 0 5 0 6 1 0 0 0 0 0 0 0 0 4
0 119 2 0 2 0 5 0 5 0 3 0 2 0 7 0 4 0 4 0 0 0 5 0 4 0 2 0 6 0 6 0 0 0 0 0 1 1 0 0 1 0 6 0 6 0 4 0 1 0 6 0 3 0 6 0 4 1 0 1 0 0 6 1 0 0 0 0 5 1 0 0 2 0 4 1 0 1 0 0 5 0 1 1 0 0 7 0 1 1 0 0 4 0 6 0 1 0 6 1 0 0 7 0 5 0 0 0 2 0 5 1 0 0 0 0 0 0 1 0 0
0 119 4 0 5 0 2 0 2 0 7 0 5 0 6 0 1 0 0 0 2 0 2 0 0 0 6 0 4 0 4 0 1 0 0 0 3 0 7 0 2 0 4 0 5 0 0 0 4 0 3 1 0 0 5 0 2 0 0 1 0 0 4 1 0 0 1 0 2 1 0 0 5 0 1 0 0 1 0 0 1 0 4 1 0 0 5 0 4 1 0 0 0 0 4 0 4 0 5 0 0 0 6 0 2 0 1 0 5 0 2 1 0 0 0 0 0 0 2 0 0
0 121 1 0 0 0 2 0 5 0 5 0 6 0 3 0 4 0 3 0 0 0 4 0 4 0 1 0 4 0 1 0 0 0 3 0 0 0 7 0 5 0 6 0 0 0 2 0 2 0 0 0 0 0 0 0 1 0 5 0 1 1 0 0 0 1 0 0 2 0 5 1 0 0 1 0 3 0 1 0 7 0 2 0 1 0 0 0 2 0 1 1 0 0 1 0 0 0 1 0 2 0 2 0 3 0 5 0 3 0 1 0 6 0 6 1 0 0 0 0 4 0 0
0 121 2 0 0 0 5 0 2 0 3 0 4 1 0 0 0 0 7 0 1 0 0 0 0 0 3 1 0 0 3 0 0 0 6 0 1 0 6 0 3 0 4 0 1 0 4 0 4 0 0 0 0 0 0 0 3 0 1 0 4 0 7 0 0 0 7 0 4 0 2 1 0 0 2 0 6 0 3 0 5 0 5 0 2 0 0 0 4 0 3 0 7 0 1 0 0 0 2 0 4 0 4 0 7 0 1 0 7 0 3 0 4 0 5 1 0 0 0 1 0 0 1
0 121 4 0 1 0 1 0 5 0 7 0 0 1 0 0 1 0 5 0 3 0 0 0 0 0 7 0 7 0 5 0 1 0 3 0 4 0 3 1 0 0 0 0 4 0 0 0 0 0 1 0 0 0 0 0 6 0 3 0 0 0 6 0 2 0 6 0 0 0 6 0 7 0 4 0 3 1 0 0 3 0 2 0 5 0 0 1 0 1 0 0 6 0 3 0 0 0 5 0 0 0 1 0 6 0 4 0 5 1 0 0 1 0 3 1 0 0 1 0 7 0 1
0 122 1 0 0 3 0 3 0 2 0 6 0 2 0 7 0 2 0 1 0 7 0 0 0 1 0 6 0 7 0 2 0 3 0 6 1 0 1 0 1 0 0 0 1 0 0 1 0 0 0 2 0 0 0 1 0 3 0 7 0 1 0 3 0 6 0 3 0 2 0 4 0 7 0 0 1 0 1 0 0 6 0 5 0 1 0 2 1 0 1 0 0 3 0 7 0 1 0 1 0 1 0 3 0 4 0 1 0 3 1 0 0 2 0 7 0 7 0 2 0 5 0 3
1 123 1 0 7 0 5 0 6 0 5 0 3 0 6 0 5 0 5 0 3 0 5 0 1 0 3 0 4 0 6 0 5 0 7 0 5 0 0 1 0 0 7 0 0 0 7 0 1 0 0 0 4 0 0 0 2 0 7 0 5 0 3 0 7 0 3 0 7 0 5 0 0 0 6 0 2 1 0 1 0 0 4 0 2 0 3 0 5 1 0 0 7 0 6 0 5 0 3 0 2 0 2 0 6 1 0 0 3 0 7 0 7 0 4 0 6 0 6 0 6 0 1 1 0
1 123 3 0 6 0 3 0 5 0 2 1 0 0 5 0 3 0 2 1 0 0 2 0 3 0 7 0 0 0 5 0 3 0 7 0 2 0 2 1 0 0 5 0 2 0 5 0 3 0 0 1 0 0 1 0 5 0 6 0 2 1 0 0 6 1 0 0 7 0 2 0 2 0 3 0 6 1 0 0 7 0 7 0 4 0 7 0 3 0 0 0 6 0 5 0 2 0 7 0 4 0 5 0 4 1 0 0 7 0 6 0 7 0 1 0 5 0 5 0 4 0 4 0 6
1 123 7 0 3 1 0 0 2 0 6 1 0 0 1 0 7 0 5 0 7 0 3 0 7 0 5 0 2 0 1 1 0 0 6 0 5 0 5 1 0 0 1 0 6 0 1 0 7 0 1 0 7 0 2 0 2 0 4 0 6 1 0 0 5 0 0 0 5 0 5 0 4 0 7 0 5 0 0 0 6 0 7 0 1 0 6 0 7 0 1 0 4 0 2 0 6 0 6 0 1 0 3 0 2 0 0 0 6 0 5 0 6 0 4 0 2 0 3 0 1 0 1 0 5
0 125 1 0 5 1 0 1 0 0 5 0 4 1 0 0 3 0 6 0 3 0 6 1 0 0 7 0 2 0 5 0 3 1 0 0 4 0 3 0 3 1 0 0 3 0 3 0 4 0 5 0 4 0 5 0 5 0 5 0 0 0 6 0 0 0 1 0 2 0 2 0 3 0 1 0 7 0 2 0 2 0 4 0 6 0 4 0 4 0 6 0 3 1 0 0 6 0 4 0 4 0 3 0 6 0 4 0 1 0 4 0 3 0 5 0 0 0 5 0 6 0 2 0 3 0 2
1 125 3 0 3 0 0 1 0 0 2 0 1 1 0 0 7 0 3 1 0 0 6 0 0 0 5 0 6 0 1 1 0 1 0 1 0 0 7 0 7 0 7 0 5 0 7 0 0 0 3 0 1 0 3 0 3 0 2 0 2 0 3 0 1 0 2 0 4 0 4 0 6 0 3 0 5 0 5 0 5 0 0 0 5 0 1 0 1 0 5 0 0 0 0 0 4 0 1 0 0 1 0 0 5 0 0 0 3 1 0 1 0 0 2 0 2 0 2 0 4 0 5 0 6 0 4
0 125 6 0 6 0 1 0 7 0 3 0 3 1 0 0 6 0 0 0 0 0 3 0 2 0 2 0 4 0 4 1 0 1 0 1 0 0 6 0 7 0 7 0 3 0 6 0 1 0 6 0 2 0 6 0 6 0 4 0 4 0 6 0 2 0 5 0 0 0 1 0 4 1 0 0 3 0 3 0 2 0 2 0 1 0 3 0 3 0 1 0 1 0 0 1 0 0 3 0 1 1 0 0 1 0 1 1 0 0 0 0 7 0 3 0 4 0 5 0 0 0 3 0 5 0 1
0 127 1 0 4 0 4 0 4 0 5 1 0 0 0 0 0 0 3 0 1 0 0 0 6 0 4 0 5 0 0 0 2 0 0 1 0 1 0 0 4 0 7 0 6 1 0 0 4 0 4 0 3 0 6 0 4 0 5 0 1 0 1 0 4 0 6 0 1 0 1 0 3 0 0 1 0 0 6 0 6 0 4 0 4 0 2 0 6 0 6 0 2 0 2 0 1 0 7 0 5 0 3 0 7 0 1 0 3 0 7 0 0 0 5 1 0 0 1 0 2 0 1 0 7 0 1 0 3
1 127 3 0 0 0 1 0 1 0 3 1 0 0 0 0 0 0 6 0 2 0 1 0 4 0 1 0 2 0 1 0 4 0 1 1 0 1 0 0 0 0 7 0 6 0 0 0 0 0 0 1 0 0 5 0 1 0 2 0 3 0 3 0 0 0 4 0 3 0 2 0 6 0 1 1 0 0 4 0 5 0 1 0 0 0 6 0 4 0 4 0 5 0 4 0 3 0 6 0 2 1 0 0 6 0 3 0 7 0 5 0 2 0 2 1 0 0 2 0 4 0 3 0 5 0 3 0 6
1 127 6 0 0 0 2 0 2 0 7 0 6 1 0 0 1 0 3 0 5 0 2 1 0 0 3 0 4 0 2 1 0 0 4 1 0 0 7 0 0 0 6 0 4 0 1 0 0 0 1 1 0 0 1 0 3 0 4 0 6 0 6 0 0 1 0 0 7 0 5 0 3 0 4 1 0 0 0 0 2 0 3 0 1 0 4 0 1 0 1 0 3 0 0 1 0 0 4 0 6 1 0 0 3 1 0 0 7 0 2 0 5 0 5 0 7 0 3 1 0 1 0 0 2 1 0 0 5
0 129 1 0 3 0 1 0 4 0 5 0 6 0 5 1 0 0 2 0 7 0 1 0 6 0 7 0 5 1 0 0 6 1 0 0 1 0 0 0 5 0 2 0 4 0 0 0 3 0 0 0 3 0 7 0 1 0 7 0 0 0 5 0 4 0 2 1 0 0 6 0 2 1 0 0 1 1 0 0 0 0 4 0 6 0 2 1 0 0 3 0 2 0 6 0 1 1 0 0 0 0 5 1 0 1 0 0 0 0 5 0 6 0 2 0 3 0 7 0 0 0 0 0 7 0 4 1 0 0 2
0 129 2 0 6 0 3 0 0 0 3 0 5 0 3 1 0 0 5 0 5 0 4 0 4 0 7 0 4 0 0 0 4 1 0 0 2 0 1 0 1 0 5 1 0 0 1 0 6 0 0 0 7 0 5 0 4 0 5 0 2 0 2 0 0 0 6 1 0 0 3 0 6 0 7 0 2 0 7 0 0 0 0 0 4 0 6 0 7 0 5 0 5 0 3 0 4 0 7 0 0 0 3 0 0 0 7 0 0 0 2 0 4 0 5 0 7 0 5 0 1 0 1 0 6 0 1 1 0 0 4
1 129 5 0 3 0 7 0 0 0 7 0 2 0 0 0 0 0 2 0 3 0 1 0 1 0 7 0 0 0 2 0 0 1 0 0 4 0 2 0 3 0 2 1 0 0 3 0 3 0 2 0 6 0 3 0 1 0 2 0 5 0 4 0 1 0 4 1 0 0 7 0 4 0 6 0 6 0 5 0 1 0 1 0 0 0 5 0 7 0 3 0 2 1 0 0 1 0 6 0 1 0 6 0 1 0 5 0 1 0 5 0 0 0 3 0 7 0 2 0 3 0 3 0 3 0 4 1 0 0 0
1 131 1 0 1 1 0 0 6 0 2 0 5 0 5 0 0 0 0 0 4 0 6 0 2 0 3 0 5 0 1 0 4 0 1 0 7 0 7 0 4 0 6 0 5 0 7 0 5 0 6 0 5 0 3 0 7 0 2 0 5 0 2 0 0 0 4 0 1 0 0 0 6 0 1 0 5 0 5 0 2 0 3 0 2 0 1 0 2 0 6 0 7 0 5 0 7 0 2 0 3 0 4 0 3 0 4 0 1 0 4 0 1 0 1 0 7 0 5 0 5 0 6 0 6 0 7 0 0 1 0 0 0
1 131 2 0 3 1 0 0 3 0 6 0 2 0 2 0 1 0 1 0 0 0 4 0 5 0 7 0 1 0 3 1 0 0 4 0 6 0 7 0 1 0 5 0 3 0 7 0 3 0 5 0 2 1 0 0 6 0 6 0 1 0 5 0 0 1 0 0 3 0 1 0 3 0 4 0 2 0 2 0 5 0 6 0 4 0 2 0 5 0 4 0 7 0 3 0 6 0 5 0 6 1 0 1 0 0 0 0 3 1 0 0 3 0 3 0 6 0 3 0 3 0 5 0 5 0 6 0 2 0 6 1 0
1 131 4 0 7 0 7 0 6 0 3 0 5 0 4 0 2 0 2 0 1 0 0 0 3 0 6 0 3 1 0 0 0 0 0 0 5 0 6 0 4 0 1 1 0 0 6 1 0 0 2 0 6 1 0 0 4 0 4 0 4 0 1 0 2 0 7 0 5 0 2 0 6 1 0 0 5 0 5 0 2 0 5 0 0 0 6 0 2 0 1 0 6 1 0 0 5 0 3 0 6 0 0 0 6 1 0 0 7 0 7 0 5 0 7 0 3 0 7 0 7 0 2 0 3 0 4 0 6 0 4 1 0
1 133 1 0 0 0 7 0 7 0 4 1 0 0 3 0 0 0 5 0 4 0 2 0 0 0 7 0 3 1 0 1 0 0 0 0 1 0 2 0 5 0 0 0 4 1 0 0 4 1 0 0 5 0 5 0 0 0 0 0 1 0 0 0 3 0 5 0 6 0 2 0 6 0 5 0 0 0 2 0 2 0 6 0 1 0 2 0 3 0 5 0 3 0 5 0 0 0 1 1 0 0 4 0 2 0 5 0 0 0 6 0 7 0 3 0 6 1 0 0 7 0 6 0 5 0 7 0 0 0 5 0 1 1 0
1 133 2 0 1 0 6 0 7 0 1 1 0 0 6 0 1 0 2 0 0 0 5 0 1 0 6 0 0 0 0 0 6 1 0 0 2 0 5 0 1 0 2 0 1 0 0 0 1 0 0 0 2 0 2 0 1 0 0 0 2 0 0 0 7 0 2 0 4 0 6 0 4 0 2 0 1 0 4 0 5 0 3 0 3 0 4 0 7 0 1 1 0 0 2 0 1 0 3 0 7 0 7 0 5 0 1 0 2 0 4 0 6 1 0 0 6 0 0 0 6 0 5 0 3 0 6 0 2 0 1 0 4 0 6
1 133 4 0 3 0 4 0 6 0 4 1 0 0 3 0 3 0 4 0 1 0 1 0 4 0 3 0 1 0 1 0 4 1 0 0 5 0 1 0 3 0 4 0 2 0 0 0 2 0 0 0 4 0 4 0 2 0 0 0 4 0 1 0 5 0 6 0 0 0 5 0 0 0 5 0 3 0 0 0 2 0 7 0 7 0 0 0 6 0 4 0 7 0 3 0 2 0 7 0 6 0 7 0 2 0 3 0 5 0 0 0 6 0 0 0 3 0 2 0 4 0 2 1 0 0 4 0 5 0 3 0 0 0 5
0 134 1 0 1 0 0 1 0 5 0 1 1 0 0 6 0 6 1 0 0 3 0 2 1 0 0 7 0 2 0 3 0 1 0 0 0 1 0 3 0 6 1 0 0 5 0 0 0 4 0 1 0 0 0 0 0 5 0 0 1 0 0 4 0 2 0 4 0 2 0 1 0 2 0 1 0 7 0 0 0 5 0 6 0 6 0 2 0 4 0 1 0 6 0 7 0 5 0 6 0 5 0 6 0 5 0 7 0 1 0 2 0 3 0 1 0 6 0 4 1 0 0 6 1 0 0 0 0 2 0 7 0 1 0 2
1 135 1 1 0 0 7 0 2 0 1 0 4 1 0 0 4 0 5 1 0 0 6 0 5 1 0 0 5 0 5 0 6 0 2 0 0 0 2 0 7 0 5 0 0 0 1 0 1 1 0 0 3 0 0 0 1 0 1 0 2 0 7 0 7 0 4 1 0 0 5 0 2 0 4 0 3 0 5 0 2 0 2 0 5 0 4 0 5 1 0 0 4 0 4 0 7 0 3 0 5 0 3 0 5 0 3 0 6 0 3 0 4 0 6 0 3 0 4 0 2 0 0 0 4 1 0 0 0 0 5 0 5 0 3 0 4
0 135 3 1 0 0 5 0 5 0 3 0 1 0 0 0 0 0 4 0 0 0 4 0 4 0 0 0 2 0 3 0 4 0 5 0 0 0 5 0 6 0 2 0 1 0 2 0 3 0 7 0 5 0 0 0 2 0 2 0 5 0 6 0 7 0 2 0 0 0 1 0 5 1 0 1 0 0 2 0 5 0 5 0 2 0 1 0 4 0 0 0 0 0 1 0 6 1 0 0 2 1 0 0 2 1 0 0 4 1 0 0 1 0 4 1 0 0 0 0 5 0 1 0 0 1 0 0 1 0 2 0 2 1 0 0 1
0 136 1 0 0 0 0 2 0 2 0 7 0 2 0 0 0 0 1 0 0 2 0 0 0 0 0 1 0 4 0 7 0 0 0 2 0 2 0 2 0 4 0 5 0 2 0 4 0 7 0 6 0 2 0 1 0 4 0 5 0 2 0 5 0 6 0 5 0 0 0 3 0 3 0 0 0 7 0 4 0 2 0 2 0 5 0 2 1 0 0 1 0 0 0 3 0 4 1 0 0 5 0 7 0 4 1 0 0 0 1 0 0 3 0 0 1 0 0 1 0 1 0 3 0 1 0 7 0 1 0 4 0 5 0 7 0 1
0 137 1 0 6 1 0 0 4 0 5 0 5 0 5 0 0 0 1 0 7 0 3 0 0 0 0 0 3 0 0 0 6 0 1 0 4 0 4 0 5 0 0 0 2 0 6 0 0 0 7 0 4 0 5 0 3 0 0 0 2 0 6 0 2 0 5 0 2 0 1 0 6 0 6 0 1 0 6 0 0 0 5 0 5 0 1 0 6 0 7 0 1 0 0 0 7 0 1 0 0 0 2 0 7 0 1 1 0 0 1 0 7 0 5 0 1 0 7 0 1 0 2 0 6 0 3 0 5 0 4 0 0 0 3 0 6 0 3
1 137 3 0 5 0 0 0 0 0 3 0 3 0 2 0 1 0 3 0 5 0 7 0 0 0 0 0 6 0 1 0 3 0 4 0 0 0 1 0 2 0 1 0 5 0 3 0 2 0 6 0 1 0 2 0 7 0 0 0 5 0 3 0 6 0 1 0 5 0 3 0 4 0 4 0 4 0 3 0 2 0 2 0 2 0 4 0 4 0 6 0 3 0 1 0 5 0 3 0 0 0 5 0 5 0 4 0 7 0 2 0 6 0 2 0 4 0 5 0 3 0 5 0 3 1 0 0 3 0 0 0 1 0 7 0 3 1 0
1 137 7 0 1 0 1 0 0 0 6 0 6 0 4 0 2 0 7 0 2 0 6 0 1 0 1 0 3 0 3 0 6 1 0 0 1 0 2 0 4 0 3 0 1 0 7 0 5 0 3 0 3 0 5 0 5 0 2 0 1 1 0 0 4 0 4 0 1 1 0 0 1 0 1 0 0 0 7 0 4 0 4 0 5 0 0 0 1 0 4 0 7 0 3 0 1 0 7 0 1 0 2 0 3 0 1 0 6 0 6 0 3 0 6 0 0 0 2 1 0 0 2 1 0 1 0 0 6 0 0 0 3 0 5 1 0 1 0
1 139 1 0 5 0 3 0 2 0 1 0 4 0 5 0 0 0 6 0 5 0 6 0 3 0 3 0 2 0 6 0 7 0 4 1 0 0 2 0 4 1 0 0 7 0 3 0 6 0 2 0 7 0 7 0 2 0 2 0 5 0 3 1 0 0 0 0 0 0 4 0 7 0 1 0 2 0 1 0 6 0 1 0 1 0 2 0 1 0 3 0 0 0 6 0 7 0 3 0 5 0 3 0 4 0 6 0 3 0 4 0 4 1 0 0 4 0 1 0 5 0 7 0 4 1 0 1 0 0 3 0 1 0 7 0 3 0 0 0 6
1 139 3 0 1 0 7 0 4 0 3 0 0 0 2 0 2 0 4 0 3 0 4 0 7 0 6 0 5 0 4 0 7 0 1 1 0 0 5 0 1 0 0 0 5 1 0 0 4 0 6 0 6 0 6 0 5 0 5 0 1 1 0 1 0 0 0 0 1 0 0 0 6 0 3 0 4 0 3 0 3 0 3 0 2 0 4 0 2 0 6 0 1 0 4 0 6 1 0 0 2 1 0 0 1 0 4 1 0 0 1 0 1 1 0 1 0 0 4 0 2 0 7 0 2 0 0 0 7 0 5 0 3 0 5 0 7 0 1 0 4
0 139 6 0 3 0 6 0 0 0 7 0 0 0 4 0 4 1 0 1 0 0 1 0 7 0 5 0 3 0 1 0 6 0 4 1 0 0 1 0 3 0 1 0 3 0 0 0 0 0 5 0 5 0 5 0 3 0 2 0 4 1 0 0 6 1 0 0 2 0 1 0 3 1 0 0 0 0 7 0 6 0 6 0 4 1 0 0 6 0 3 0 4 0 0 0 5 1 0 0 5 0 7 0 2 0 0 1 0 0 2 0 3 1 0 0 7 0 7 0 5 0 5 0 5 0 1 0 6 0 2 1 0 0 3 0 6 0 4 0 0
0 141 1 0 3 1 0 0 4 0 2 0 5 0 2 0 0 0 2 0 0 0 7 0 2 0 6 0 2 0 7 0 3 0 4 0 1 1 0 0 2 0 6 0 2 0 6 0 0 0 1 0 2 0 3 0 2 0 7 0 5 0 1 0 0 0 4 1 0 0 4 0 2 0 7 0 7 0 0 0 6 0 5 0 5 0 2 0 0 0 3 1 0 0 0 0 2 0 3 0 0 0 2 0 6 0 5 0 1 0 7 0 3 1 0 0 0 0 6 0 7 0 3 0 3 0 2 0 4 0 3 0 6 0 7 0 6 0 4 0 0 0 1
0 141 2 0 7 0 7 0 7 0 5 0 1 0 5 0 0 0 4 0 1 0 5 0 6 0 3 0 6 0 5 1 0 0 0 0 4 0 7 0 4 0 3 0 6 0 3 0 1 0 2 0 4 0 6 0 5 0 6 0 2 0 3 0 1 0 0 1 0 1 0 0 6 0 6 0 6 0 2 0 4 0 3 0 2 0 5 0 0 0 7 0 6 1 0 0 4 0 6 0 0 0 5 0 4 0 2 0 4 0 5 1 0 1 0 0 1 0 4 0 6 0 7 0 6 0 4 1 0 1 0 0 5 0 7 0 5 0 0 0 1 0 2
1 141 5 0 6 0 7 0 7 0 2 0 4 0 1 0 1 1 0 0 4 0 2 0 4 1 0 0 5 0 3 1 0 0 1 0 0 0 7 0 0 1 0 0 4 0 7 0 2 0 5 0 0 0 5 0 3 0 4 0 5 0 6 0 2 0 1 1 0 1 0 0 4 0 5 0 4 0 5 1 0 0 7 0 5 0 1 0 2 0 6 0 6 0 0 0 0 0 4 0 2 0 2 0 0 0 6 0 0 0 4 0 0 0 7 0 2 0 0 0 5 0 7 0 5 0 2 0 0 1 0 0 2 0 7 0 2 0 1 0 2 0 4
0 143 1 0 2 0 5 0 7 0 6 0 5 1 0 0 3 0 3 0 7 0 7 0 5 0 1 0 0 0 1 1 0 1 0 0 2 0 1 0 5 0 2 1 0 0 0 0 6 0 6 0 1 0 2 0 1 1 0 0 1 0 3 0 4 0 5 0 3 1 0 1 0 0 0 0 3 0 1 0 4 0 0 0 6 0 2 0 3 0 5 0 4 0 4 0 1 0 0 1 0 0 5 0 4 0 1 0 3 0 1 1 0 0 2 0 5 0 5 0 1 0 2 0 7 0 2 0 5 0 1 0 7 0 4 0 5 0 5 0 2 0 5 0 0
0 143 2 0 5 0 2 0 7 0 5 0 3 1 0 0 6 0 7 0 6 0 7 0 2 0 3 0 0 0 3 1 0 0 7 0 3 0 3 0 1 0 6 0 7 0 0 0 4 0 4 0 3 0 4 0 3 0 7 0 1 0 7 0 0 0 3 0 0 0 0 0 6 1 0 0 6 0 2 1 0 0 2 0 3 0 5 0 7 0 2 0 1 0 0 0 3 0 1 1 0 0 2 0 0 0 3 0 6 0 3 0 7 0 4 0 2 0 2 0 3 0 5 0 5 0 6 0 1 0 4 0 6 0 1 0 3 0 2 0 6 0 1 0 1
0 143 5 0 1 0 6 0 6 0 3 0 0 0 0 0 4 0 7 0 5 0 6 0 5 0 6 0 0 1 0 0 0 0 5 0 7 0 6 0 3 0 4 0 6 0 2 0 0 0 0 1 0 0 0 1 0 0 6 0 4 0 5 0 1 0 6 0 0 0 1 0 5 0 0 0 3 0 6 0 7 0 3 0 7 0 2 0 6 0 5 0 2 0 0 0 6 0 3 0 7 0 3 0 0 0 7 0 3 1 0 0 7 0 0 0 5 0 4 0 7 0 2 0 3 0 4 0 4 0 0 0 4 0 3 0 6 0 5 0 3 0 3 0 2
1 145 1 0 1 0 4 0 4 0 4 0 7 0 0 0 1 0 0 0 7 0 3 0 5 0 3 0 4 0 2 0 7 0 0 0 2 0 7 0 4 1 0 0 1 0 4 0 5 0 0 0 1 0 7 0 0 1 0 0 4 0 1 0 2 0 4 0 3 0 1 0 3 0 1 0 1 0 7 0 4 0 6 1 0 0 6 0 6 0 4 0 2 0 5 0 1 0 3 1 0 0 6 0 7 0 1 0 6 0 0 0 0 0 5 0 2 0 2 0 1 0 6 0 5 0 7 0 0 0 0 0 1 1 0 1 0 0 5 0 2 0 7 0 6 0 4
0 145 2 0 3 0 0 0 1 0 1 0 6 0 1 0 2 0 1 0 5 1 0 0 2 1 0 0 0 0 6 0 5 0 1 0 5 0 6 0 1 1 0 0 3 0 0 0 2 0 1 0 3 0 5 0 2 0 7 0 7 0 2 0 4 1 0 0 7 0 2 0 6 0 2 0 3 0 6 0 1 0 6 0 0 0 4 0 5 0 0 0 6 0 1 0 3 1 0 0 0 0 4 0 6 0 4 0 3 0 1 0 1 0 1 0 5 0 4 0 3 0 4 0 3 0 6 0 1 0 0 0 3 1 0 1 0 0 1 0 6 0 6 0 5 0 1
0 145 4 0 6 0 0 0 2 0 3 0 3 0 3 0 4 0 3 0 2 1 0 0 5 0 7 0 0 0 4 0 2 0 4 0 2 0 4 0 4 0 7 0 5 0 0 0 4 0 2 0 7 0 1 0 6 0 6 0 6 0 6 0 1 0 0 0 5 0 6 0 3 0 5 0 7 0 3 0 4 0 3 0 2 0 0 0 2 0 2 0 3 0 3 0 7 0 7 0 0 0 0 0 5 0 0 0 7 0 2 0 2 0 3 0 2 0 0 1 0 0 0 1 0 0 4 0 3 0 0 1 0 0 0 0 7 0 2 0 4 0 5 0 2 0 3
1 147 1 0 0 0 4 0 1 0 4 0 6 0 6 0 6 1 0 0 7 0 5 1 0 0 2 0 6 0 1 1 0 0 5 1 0 0 6 0 0 0 1 0 7 0 2 0 1 1 0 0 6 0 5 0 4 0 4 0 5 0 5 0 4 0 3 0 1 0 2 0 4 1 0 0 3 0 6 1 0 0 0 0 7 0 4 0 0 0 4 0 4 0 6 0 7 0 6 0 6 0 1 0 1 0 1 0 2 0 5 0 5 0 4 0 6 0 4 0 1 0 7 0 0 0 7 0 7 0 6 0 1 0 7 0 0 0 5 0 6 0 0 0 2 0 5 0 6
1 147 2 0 0 1 0 0 4 0 0 0 5 0 5 0 6 0 0 0 6 0 3 1 0 0 5 0 3 0 4 1 0 0 3 0 0 0 3 0 1 0 3 0 5 0 5 0 3 1 0 0 4 0 3 0 1 0 1 0 3 0 3 0 0 0 7 0 2 0 5 0 0 1 0 0 7 0 4 1 0 0 1 0 6 0 0 0 2 0 0 0 1 0 5 0 7 0 5 0 4 0 3 0 2 0 2 0 5 0 2 0 3 0 1 0 5 0 0 0 4 0 5 0 2 0 6 0 7 0 4 0 4 0 5 0 2 0 2 0 4 0 1 0 5 0 2 0 5
0 147 4 0 1 0 7 0 7 0 1 0 2 0 3 0 4 0 2 0 4 0 0 0 0 0 1 1 0 0 1 1 0 0 6 0 0 0 6 0 2 0 7 0 2 0 2 1 0 1 0 1 0 0 7 0 2 0 2 0 6 0 6 0 1 0 5 0 6 0 1 0 2 1 0 0 6 0 1 1 0 0 3 0 3 0 1 0 4 0 0 0 3 0 2 0 7 0 3 0 0 0 7 0 4 0 5 0 1 0 5 0 6 0 3 0 1 0 2 0 0 0 2 0 6 0 4 0 7 0 1 0 1 0 2 0 5 0 4 1 0 0 4 0 1 0 6 0 2
1 148 1 0 0 4 0 6 0 6 0 3 0 4 0 6 1 0 0 5 1 0 0 1 0 0 0 3 0 7 0 2 1 0 0 3 0 2 0 3 0 6 0 5 0 5 0 5 1 0 1 0 1 0 0 5 0 5 0 5 0 4 0 4 0 4 0 2 0 4 0 3 0 5 1 0 0 3 0 4 0 7 0 5 0 6 0 2 1 0 0 1 0 6 0 5 0 5 0 7 0 1 0 6 0 1 0 2 0 4 0 2 0 4 0 7 0 2 0 4 0 0 0 5 0 4 0 1 0 6 0 3 0 2 0 5 0 2 0 1 1 0 1 0 0 4 0 3 0 5
0 149 1 1 0 0 0 0 5 0 4 1 0 0 1 0 6 0 0 0 2 1 0 0 2 0 0 0 7 0 5 0 6 0 7 0 5 0 4 0 7 0 4 0 3 0 3 0 4 0 0 1 0 1 0 0 2 0 3 0 3 0 1 0 1 0 0 0 5 1 0 1 0 0 3 1 0 0 7 0 0 0 7 0 3 0 4 0 6 0 7 0 2 0 4 0 3 0 3 0 6 0 4 0 3 0 3 0 4 1 0 0 6 0 0 0 6 0 5 1 0 0 2 0 2 0 0 0 4 0 3 0 7 0 5 0 1 0 5 0 3 1 0 0 7 0 7 0 7 0 2
1 149 3 0 7 0 0 0 2 0 1 1 0 0 3 0 3 0 1 0 5 0 7 0 3 0 1 0 6 0 3 0 5 0 7 0 3 0 1 0 7 0 0 0 7 0 6 1 0 0 2 1 0 0 7 0 3 0 6 0 6 0 2 0 2 0 1 0 3 0 0 0 7 0 6 1 0 0 5 0 2 0 5 1 0 0 1 0 5 0 6 0 5 1 0 0 7 0 7 0 4 0 0 0 7 0 7 0 1 0 0 0 3 0 2 0 4 0 3 1 0 0 4 0 4 0 0 1 0 1 0 0 7 0 2 0 4 0 2 0 0 0 0 0 6 0 7 0 6 0 5
0 149 7 0 5 0 1 0 4 0 3 0 7 0 5 0 6 0 3 0 2 0 6 0 7 0 3 0 3 1 0 0 3 0 6 0 7 0 3 0 5 0 2 0 6 0 5 1 0 0 5 1 0 0 5 1 0 0 5 0 4 0 5 0 4 0 2 0 6 0 1 0 6 0 6 0 0 0 1 0 6 0 2 1 0 0 3 0 2 0 5 0 4 0 0 0 6 0 7 0 0 0 2 0 6 0 6 0 3 0 0 0 6 0 5 0 0 0 0 0 0 0 0 0 0 0 2 1 0 1 0 0 5 0 5 1 0 0 5 0 0 0 1 0 4 0 7 0 5 0 3
1 151 1 0 6 0 2 0 3 1 0 1 0 0 7 0 3 0 4 0 7 0 5 0 4 0 6 0 7 0 7 0 7 0 6 0 4 0 6 1 0 0 2 0 6 0 4 0 4 0 0 0 3 0 0 0 3 0 0 0 2 0 1 0 3 0 0 0 6 0 3 0 4 0 4 0 4 0 1 0 3 0 3 0 6 0 7 0 5 0 5 0 2 0 0 0 2 0 4 0 6 0 1 0 5 0 4 0 4 0 7 0 1 0 4 0 2 0 1 0 0 0 0 0 0 0 0 0 5 1 0 1 0 0 2 0 4 0 0 0 1 0 1 0 3 0 0 0 7 0 2 1 0
1 151 3 0 3 0 5 1 0 0 0 1 0 0 5 1 0 0 1 0 7 0 3 0 1 0 5 0 7 0 7 0 7 0 5 0 1 0 5 1 0 0 5 0 4 0 1 0 0 0 1 0 6 0 0 0 6 0 0 0 4 0 2 0 6 0 1 0 3 1 0 0 1 0 1 0 0 0 3 0 6 0 7 0 4 0 7 0 3 0 2 0 5 0 0 0 5 0 0 0 4 0 4 0 2 0 1 0 1 0 6 0 3 1 0 0 5 0 2 0 0 0 0 0 0 0 1 0 3 0 0 0 7 0 3 1 0 0 1 0 2 0 2 0 6 0 1 0 5 0 6 0 6
1 151 6 0 7 0 2 1 0 0 1 1 0 0 2 1 0 0 3 0 5 0 7 0 3 0 2 0 7 0 7 0 7 0 2 0 4 0 3 0 0 0 2 0 0 0 3 0 0 0 3 0 3 0 2 0 3 0 1 1 0 0 6 0 3 0 3 0 7 0 7 0 1 0 2 0 0 0 7 0 4 0 7 0 1 0 6 0 7 0 5 0 1 0 2 0 1 0 2 0 0 0 0 0 5 0 2 0 3 0 4 0 0 0 0 0 1 0 5 0 0 0 0 0 0 0 2 0 6 0 1 0 5 1 0 1 0 0 2 0 4 0 5 0 3 0 4 0 2 0 5 0 5
0 153 1 0 4 0 6 0 6 0 7 0 2 0 7 0 4 0 7 0 6 0 2 0 6 0 7 0 5 0 6 0 7 0 6 0 5 1 0 0 7 0 0 0 4 0 0 0 6 0 0 0 6 0 6 0 4 0 6 0 3 1 0 0 3 0 7 0 7 0 6 0 6 0 3 0 4 0 1 0 6 0 1 0 6 0 4 0 4 0 7 0 2 0 3 0 4 0 2 0 4 0 0 0 1 0 1 0 5 0 6 1 0 0 1 0 0 0 3 0 1 0 1 0 0 0 0 0 5 0 3 0 4 0 3 0 0 0 7 0 4 0 0 0 2 1 0 0 0 0 6 0 2 0 3
1 153 3 0 0 0 5 0 5 0 6 0 6 0 6 0 1 0 7 0 4 0 6 0 4 0 7 0 3 0 5 0 7 0 5 0 4 0 0 0 5 0 1 1 0 0 2 0 3 0 2 0 4 0 5 0 1 0 4 1 0 1 0 0 7 0 6 0 7 0 5 0 4 1 0 0 0 0 4 0 3 0 4 0 4 0 1 0 1 0 6 0 5 0 6 1 0 0 5 1 0 0 1 0 2 0 3 0 2 0 5 1 0 0 2 0 0 0 6 0 2 0 2 0 0 0 1 0 1 1 0 0 0 0 7 0 1 0 6 0 0 0 1 0 5 0 7 0 0 0 3 0 5 0 6
1 153 6 0 1 0 2 0 3 0 5 0 5 0 4 0 4 0 6 0 1 0 5 0 1 0 6 1 0 0 3 0 7 0 3 0 0 0 2 0 1 0 4 0 7 0 3 0 6 0 5 0 0 0 2 0 4 0 1 0 0 1 0 0 6 0 5 0 7 0 3 0 1 1 0 0 0 1 0 1 0 0 1 0 0 0 3 0 3 0 4 0 3 0 6 0 0 0 2 1 0 0 2 0 4 0 6 0 5 0 2 1 0 0 4 0 1 0 3 0 5 0 4 0 0 0 2 0 3 0 7 0 0 0 5 0 4 0 3 0 1 0 3 0 2 0 6 0 1 0 7 0 2 0 5
0 155 1 0 3 0 3 0 4 0 7 0 2 0 3 0 1 0 1 0 4 0 4 0 1 0 4 0 4 1 0 0 7 0 5 0 7 0 0 0 4 0 3 0 0 0 6 1 0 0 5 0 2 0 1 0 4 1 0 0 3 0 1 1 0 0 4 0 3 0 6 0 7 0 3 0 7 0 0 1 0 0 7 0 1 0 0 0 6 0 6 1 0 1 0 0 4 0 1 0 5 0 7 0 4 0 0 0 5 0 2 0 6 0 7 0 7 0 2 0 7 0 2 0 0 0 1 0 4 0 7 0 5 0 2 0 2 0 0 0 7 0 2 0 6 0 5 0 3 0 4 0 5 0 6 0 2
1 155 2 0 6 0 7 0 0 0 6 0 5 0 6 0 2 0 3 0 0 0 0 0 4 0 0 0 2 0 0 0 6 0 3 0 6 0 1 1 0 0 7 0 1 0 5 0 0 0 1 0 5 0 3 0 0 1 0 0 6 0 3 0 7 0 7 0 7 0 4 0 6 1 0 0 6 0 2 1 0 0 5 0 3 0 1 0 4 0 6 0 0 0 7 0 7 0 3 0 2 0 7 0 0 0 2 0 1 0 6 0 4 0 7 0 6 0 6 0 5 0 5 0 0 0 3 0 0 0 7 0 2 0 5 0 4 0 1 0 5 0 6 0 4 0 2 1 0 0 1 0 3 0 4 0 5
0 155 5 0 4 0 6 0 2 0 4 0 3 0 4 0 5 0 6 0 0 0 0 1 0 0 1 0 4 0 1 0 3 1 0 0 4 0 4 1 0 0 5 0 4 0 1 0 1 0 3 0 1 0 7 0 1 1 0 0 3 1 0 0 7 0 7 0 7 0 1 0 6 0 0 0 3 0 6 1 0 0 1 0 7 0 3 0 0 0 4 0 2 0 6 0 6 0 7 0 5 0 5 0 1 0 4 0 3 0 4 0 1 0 7 0 5 0 5 0 3 0 2 0 1 0 6 0 1 0 5 0 6 0 2 0 0 0 4 0 2 0 5 0 0 0 6 0 7 0 1 0 7 0 0 0 3
1 157 1 0 2 0 1 0 4 0 5 1 0 1 0 0 1 0 3 0 4 0 1 0 1 0 7 0 1 1 0 0 3 1 0 0 0 0 0 0 2 0 0 0 2 0 0 0 3 0 2 0 6 0 3 0 5 0 4 0 7 0 6 1 0 0 6 0 7 0 6 0 4 0 3 0 1 0 7 0 4 1 0 0 3 0 5 0 7 0 0 1 0 0 6 0 4 0 5 0 7 0 3 0 2 0 3 1 0 1 0 0 0 0 4 0 6 0 3 0 2 0 7 0 4 0 3 0 3 0 4 0 2 0 4 0 5 0 0 1 0 0 6 0 1 0 2 0 4 0 6 0 4 0 5 0 1 0 6
1 157 2 0 4 0 3 0 0 0 4 0 0 0 7 0 1 0 6 1 0 0 3 0 3 0 5 0 4 0 7 0 6 0 6 1 0 0 0 0 4 0 0 0 4 0 0 0 6 0 5 0 3 1 0 0 3 0 1 0 7 0 6 0 0 0 4 0 7 0 5 0 0 0 7 0 3 0 6 0 1 1 0 0 7 0 2 0 6 0 2 1 0 0 4 0 1 0 3 0 6 0 7 0 4 1 0 0 0 0 7 0 0 0 0 0 4 0 7 0 5 0 6 0 0 0 7 0 6 1 0 0 6 0 0 0 2 0 2 1 0 0 3 0 3 0 5 0 0 0 5 0 1 0 2 0 4 0 4
0 157 4 1 0 0 7 0 0 1 0 0 2 0 5 0 4 0 4 1 0 0 6 0 7 0 2 0 1 0 7 0 5 0 5 1 0 0 0 1 0 0 1 1 0 0 2 0 4 0 2 1 0 1 0 0 6 0 3 0 6 0 4 0 2 0 0 0 7 0 2 0 2 0 5 1 0 0 4 0 4 1 0 0 5 0 6 0 3 0 6 0 7 0 7 0 2 0 7 0 4 0 7 0 1 1 0 0 1 0 5 0 1 0 1 0 0 0 7 0 3 0 4 0 2 0 6 0 6 0 0 0 3 0 1 0 4 0 5 0 7 0 5 0 7 0 1 0 2 0 1 0 3 0 5 0 0 0 1
0 159 1 0 1 0 0 0 5 0 2 0 7 0 4 0 2 0 1 0 2 0 0 0 4 0 6 0 5 0 3 0 6 0 3 0 3 1 0 0 1 0 7 0 2 0 7 0 3 1 0 0 6 1 0 1 0 0 3 1 0 0 5 0 0 0 5 0 1 0 5 0 5 0 5 0 3 0 0 0 0 0 2 0 0 0 2 0 4 1 0 0 5 0 7 0 6 0 6 0 6 0 1 0 6 0 4 0 7 0 2 0 1 0 3 0 2 0 1 0 5 1 0 0 0 0 6 0 4 0 4 0 1 0 6 0 3 0 0 0 3 0 7 0 3 0 6 0 3 0 4 0 2 0 7 0 1 0 1 0 2
1 159 2 0 2 0 1 0 1 0 6 0 6 0 0 0 5 0 2 0 4 0 1 0 0 0 5 0 2 1 0 0 4 0 7 0 7 0 7 0 2 0 5 0 6 0 6 0 0 0 0 0 5 0 0 0 7 0 6 1 0 0 1 0 2 0 1 0 4 0 2 0 3 0 2 0 7 0 0 0 0 0 4 0 0 0 5 0 1 0 0 0 2 0 7 0 5 0 5 0 4 0 4 0 4 0 1 0 6 0 5 0 2 0 6 0 4 0 3 0 2 1 0 0 1 0 4 0 1 0 0 0 4 0 3 0 7 0 0 0 7 0 5 1 0 0 4 1 0 0 0 0 6 0 5 0 3 0 2 0 4
0 159 4 0 4 0 2 0 3 0 4 0 4 0 2 0 1 0 5 1 0 0 3 0 1 0 1 0 6 1 0 0 0 0 7 0 7 0 6 0 6 0 2 0 5 0 4 0 1 0 1 0 1 0 2 0 6 0 5 1 0 0 2 0 4 0 2 1 0 0 5 0 6 0 5 0 5 0 1 0 0 1 0 0 2 0 1 0 3 0 0 0 5 0 6 0 3 0 3 0 1 0 1 0 0 0 4 0 4 0 2 0 6 0 4 0 0 0 7 0 5 0 7 0 1 1 0 0 3 0 0 1 0 1 0 0 6 0 2 0 6 0 4 0 0 0 0 1 0 0 1 0 4 0 2 0 7 0 5 0 0
0 161 1 0 0 0 0 0 5 0 7 0 0 0 0 0 5 0 3 0 2 1 0 0 6 0 2 0 3 0 4 1 0 0 1 0 6 0 7 0 5 0 4 0 6 0 2 0 0 0 3 0 2 0 2 0 5 0 4 0 3 1 0 0 4 1 0 0 6 1 0 0 2 0 5 0 3 0 2 0 3 0 1 0 7 0 3 0 2 0 6 0 1 0 2 0 4 0 7 0 6 0 2 0 2 0 1 0 0 0 0 0 6 0 4 0 0 0 2 0 6 0 3 0 6 0 4 0 7 0 5 0 1 1 0 1 0 0 3 0 6 0 4 0 0 0 1 0 1 0 7 0 1 1 0 0 6 0 6 0 2 0 1
0 161 2 0 0 0 1 0 2 0 6 0 1 0 1 0 1 0 7 0 5 1 0 0 3 0 5 0 7 0 0 1 0 0 3 0 4 0 7 0 3 0 1 0 4 0 5 0 0 0 6 0 4 0 5 0 2 0 1 0 0 0 0 0 1 0 0 0 4 1 0 0 5 0 1 0 7 0 4 0 6 0 3 0 5 0 7 0 5 0 3 0 3 0 5 0 0 0 7 0 4 0 5 0 4 0 2 0 0 0 1 0 4 0 0 0 1 0 5 0 3 1 0 0 5 0 1 0 7 0 2 0 4 1 0 0 7 0 6 0 4 0 0 0 1 0 2 0 3 0 5 0 4 1 0 0 4 0 4 0 5 0 2
1 161 4 0 0 0 2 0 5 0 3 0 3 0 2 0 3 0 6 0 3 1 0 0 7 0 2 0 6 0 2 0 7 0 6 0 0 0 6 0 7 0 3 0 0 0 2 0 2 0 4 0 1 0 2 0 5 0 2 0 0 0 0 0 2 0 1 0 1 0 0 0 1 0 4 0 6 0 1 0 4 1 0 0 3 0 7 0 2 0 7 0 7 0 1 0 2 0 6 0 1 0 3 0 0 0 5 0 0 0 2 1 0 0 1 0 3 0 2 0 0 0 0 0 1 0 4 0 5 0 6 0 1 0 0 0 6 0 5 0 0 0 1 0 2 0 4 0 7 0 2 0 2 0 0 0 0 0 1 0 2 0 5
0 162 1 0 0 1 0 5 0 1 0 7 0 6 0 4 0 7 0 4 0 0 0 0 0 5 0 6 0 3 0 6 0 6 0 4 0 2 0 4 0 6 0 7 0 0 0 4 0 4 1 0 0 3 0 5 0 1 0 5 0 0 0 0 0 4 0 2 0 2 0 0 0 3 0 0 0 4 0 4 0 0 1 0 0 7 0 5 0 6 0 6 0 6 0 3 0 5 0 3 0 3 0 6 0 1 0 1 0 1 0 5 0 7 0 1 0 6 0 4 0 0 0 0 0 3 0 0 0 3 0 4 0 3 0 1 0 4 0 2 0 1 0 2 0 5 0 0 0 6 0 5 0 4 0 0 0 0 0 2 0 5 0 2
1 163 1 0 7 0 2 0 1 0 4 0 6 0 5 0 1 0 7 0 0 0 1 0 1 0 2 0 4 1 0 0 5 0 5 0 0 0 6 0 0 0 5 0 6 0 2 0 0 0 1 1 0 0 7 0 1 0 4 0 1 0 1 0 0 1 0 0 5 0 4 0 0 0 6 0 1 0 0 0 0 0 2 1 0 0 6 0 3 0 5 0 5 0 4 1 0 0 2 0 7 0 7 0 3 0 3 0 2 0 3 0 2 0 6 0 4 0 4 0 0 0 1 0 0 0 6 0 0 0 6 1 0 0 7 0 2 1 0 0 5 0 2 0 5 0 1 0 2 0 4 0 3 0 0 0 1 0 0 0 5 0 1 0 5
0 163 3 0 5 0 5 0 3 0 0 0 5 0 2 0 4 0 5 0 1 0 2 0 2 0 5 0 1 0 0 0 2 0 2 0 2 0 3 0 2 0 2 0 4 0 5 0 0 0 3 1 0 0 5 0 3 1 0 0 3 0 2 0 1 1 0 0 2 0 0 0 2 0 3 0 3 0 0 0 0 0 5 1 0 0 3 1 0 0 3 0 3 0 1 1 0 0 5 0 6 0 6 0 7 0 6 0 4 0 6 0 5 0 4 0 1 0 0 0 1 0 2 0 1 0 3 0 2 0 5 0 0 0 5 0 6 1 0 0 1 0 6 0 1 0 3 0 4 1 0 0 7 0 0 0 2 0 1 0 1 0 4 0 2
1 163 7 0 2 0 2 0 7 0 1 0 1 0 6 0 0 0 2 0 3 0 4 0 5 0 1 0 3 0 0 0 4 0 4 0 4 0 6 0 4 0 5 0 0 0 2 0 1 1 0 0 0 0 1 1 0 1 0 0 6 0 4 0 3 0 7 0 3 0 0 0 4 0 6 0 6 0 0 0 1 0 2 1 0 0 7 0 7 0 5 0 6 0 3 1 0 0 2 0 5 0 5 0 7 0 5 0 1 0 5 0 3 0 0 0 3 0 0 0 2 0 4 0 2 0 6 0 5 0 1 0 2 0 2 0 5 1 0 0 3 0 3 0 3 0 7 0 1 0 0 0 5 0 1 0 4 0 2 0 2 1 0 0 5
0 165 1 0 5 0 5 0 5 0 5 0 3 0 3 0 3 0 1 0 4 0 7 0 0 0 2 0 3 0 6 0 1 0 0 0 1 0 1 0 5 0 1 0 2 0 1 0 4 0 3 0 6 1 0 0 3 1 0 1 0 0 4 0 0 1 0 0 6 0 7 0 1 0 0 0 5 0 4 0 1 0 2 0 5 1 0 0 6 0 7 0 3 0 4 1 0 1 0 0 5 0 2 0 3 0 7 0 2 0 4 0 1 0 7 0 0 0 6 0 0 0 4 1 0 0 6 0 4 0 2 0 3 0 4 0 5 0 2 1 0 0 6 0 6 0 7 0 5 0 3 0 1 0 1 0 3 1 0 0 5 0 5 1 0 0 2
0 165 3 0 2 0 3 0 3 0 2 0 7 0 6 0 6 0 3 0 0 0 6 0 1 0 4 0 7 0 3 0 3 0 0 0 2 0 3 0 1 0 3 0 4 0 2 1 0 1 0 0 5 1 0 1 0 0 0 0 7 0 7 0 1 1 0 0 4 0 6 0 3 0 1 0 2 0 0 0 3 0 5 0 3 0 0 0 4 0 6 1 0 0 2 0 0 1 0 0 1 0 5 0 7 0 5 0 5 1 0 0 4 0 5 0 2 0 3 0 2 0 1 0 0 0 4 0 0 0 5 0 7 0 0 0 2 0 6 1 0 0 4 0 5 0 7 0 2 0 7 0 2 0 2 1 0 0 0 0 2 0 3 1 0 0 4
1 165 6 0 4 0 6 0 6 0 5 0 6 0 5 0 4 0 7 0 1 0 3 0 4 0 0 0 6 0 7 0 6 0 0 0 4 0 6 0 2 0 6 1 0 0 6 1 0 1 0 0 3 0 0 0 7 0 0 0 6 0 6 0 4 1 0 0 0 0 4 0 7 0 2 0 4 0 0 0 7 0 1 0 7 0 1 0 0 0 5 1 0 0 4 0 1 0 7 0 2 0 2 0 7 0 3 0 4 0 0 0 0 0 2 0 5 0 6 0 4 0 2 0 0 1 0 0 2 0 2 0 6 0 1 0 5 0 5 0 0 0 0 0 3 0 6 0 6 0 5 0 5 0 5 0 6 1 0 0 4 1 0 0 0 0 0
1 167 1 0 4 0 1 0 5 0 5 0 3 0 5 0 3 0 1 0 6 0 3 0 6 1 0 0 2 0 4 0 7 0 4 0 2 0 0 0 4 0 6 0 5 0 0 0 5 0 0 0 7 0 5 0 1 0 5 0 2 0 4 0 5 0 1 1 0 0 1 0 0 0 6 0 5 1 0 0 2 0 5 0 4 0 5 0 3 0 1 0 2 1 0 1 0 0 4 0 5 0 5 0 5 0 5 1 0 0 0 0 1 0 0 0 5 0 2 0 5 0 0 0 5 0 1 0 7 0 3 0 5 0 3 0 4 0 2 0 2 0 1 0 0 0 7 0 4 0 5 0 3 0 3 0 3 0 6 0 0 0 0 1 0 0 0 0 0
1 167 2 1 0 0 4 0 2 0 2 1 0 0 2 0 7 0 3 0 3 1 0 0 5 1 0 0 5 0 0 0 7 0 0 0 5 0 1 0 0 0 5 0 2 0 2 0 1 0 2 0 6 0 2 0 4 0 1 0 6 0 0 0 2 0 4 0 7 0 1 0 1 0 4 0 3 1 0 0 5 0 2 0 1 0 2 0 7 0 2 0 5 1 0 1 0 0 0 0 3 0 3 0 3 0 3 1 0 0 0 0 2 0 1 0 1 0 6 0 1 0 2 0 1 0 4 0 5 1 0 0 2 1 0 0 0 0 5 0 4 0 2 0 1 0 6 0 1 0 2 0 7 0 6 0 7 0 3 0 1 0 1 0 6 1 0 0 0
1 167 5 0 7 0 7 0 4 0 5 0 7 0 4 0 5 1 0 0 0 0 0 0 3 0 0 0 1 0 2 0 5 0 2 0 1 0 3 0 1 0 1 0 5 0 4 0 2 0 5 0 3 0 5 1 0 0 4 0 3 0 1 0 5 0 0 0 6 0 3 0 3 0 0 0 0 0 0 0 1 0 5 0 2 0 5 0 5 0 6 0 3 0 0 0 6 1 0 0 6 0 6 0 6 0 7 0 6 1 0 0 4 0 2 0 3 0 3 0 3 0 4 0 3 0 0 0 3 1 0 0 5 0 7 0 0 0 2 0 0 0 5 0 3 0 3 0 3 0 5 0 6 0 5 0 6 0 7 0 2 0 3 0 4 1 0 0 0
1 169 1 0 2 0 7 0 7 0 1 0 3 0 7 0 1 0 3 1 0 0 0 0 0 0 6 0 0 0 2 0 5 0 1 0 5 0 2 0 6 0 2 0 3 0 2 0 0 0 6 0 1 1 0 0 3 1 0 1 0 0 7 0 3 0 1 0 2 0 3 0 7 0 6 0 0 0 0 0 0 0 3 0 1 0 6 0 2 0 3 0 4 0 7 0 1 0 5 0 0 0 4 0 5 0 5 0 7 0 5 1 0 1 0 0 5 0 6 0 6 0 6 1 0 0 7 0 0 1 0 0 0 0 2 0 6 0 1 0 4 0 1 0 1 0 7 0 6 0 7 0 2 0 5 0 3 0 5 0 6 0 5 0 7 0 0 1 0 0 0
1 169 2 0 5 0 6 0 6 0 3 0 7 0 5 0 3 0 7 0 6 1 0 0 1 0 3 0 1 0 5 0 1 0 4 0 1 0 6 0 3 0 5 0 6 0 4 0 1 0 3 0 4 0 7 0 6 1 0 1 0 0 5 0 7 0 2 0 4 0 7 0 6 0 4 0 1 0 0 0 0 0 6 0 3 0 3 0 5 0 7 0 0 0 6 0 4 0 1 0 2 0 0 0 3 0 3 0 7 0 4 0 0 1 0 0 2 0 5 0 5 0 6 0 0 0 5 0 2 0 6 1 0 0 5 0 3 0 3 1 0 0 3 0 3 0 6 0 5 0 6 0 6 0 1 1 0 0 3 0 5 0 3 0 6 0 2 0 6 1 0
1 169 5 0 2 0 5 0 4 1 0 0 7 0 2 1 0 0 7 0 5 1 0 0 2 0 6 0 3 0 1 0 3 1 0 0 4 0 3 1 0 0 3 0 5 0 0 0 3 0 7 0 0 0 7 0 6 0 0 1 0 0 2 0 6 0 6 0 0 0 7 0 5 0 0 0 3 0 0 0 1 0 3 0 7 0 7 0 2 0 6 0 2 0 4 0 0 0 3 0 4 0 0 0 6 0 7 0 6 0 0 0 2 0 7 0 4 0 2 0 3 0 4 0 2 0 1 0 6 0 5 0 0 0 1 0 7 0 7 0 7 0 5 0 7 0 4 0 3 0 5 0 4 0 4 0 7 0 6 0 1 1 0 0 4 0 6 0 4 1 0
1 171 1 0 1 0 6 0 2 0 2 0 0 0 5 0 6 1 0 0 6 0 3 1 0 0 5 0 3 0 7 0 2 0 7 0 7 0 7 0 7 0 7 0 6 0 1 0 1 0 7 0 5 0 2 0 6 0 4 0 2 0 7 0 4 0 4 0 4 0 2 0 6 0 2 0 1 0 6 0 0 0 2 0 7 0 6 0 6 0 6 0 3 0 5 1 0 0 1 0 6 1 0 0 2 0 4 0 7 0 4 0 1 0 5 0 6 0 0 0 5 0 6 1 0 0 5 0 3 0 4 0 2 0 1 0 3 0 6 0 7 0 7 0 3 0 7 0 0 1 0 0 3 0 1 0 1 0 7 0 4 0 4 1 0 0 0 0 5 0 1 1 0
1 171 2 0 3 0 3 0 5 0 4 0 1 0 2 0 6 0 0 0 4 0 0 0 0 0 1 1 0 0 6 0 6 0 6 0 7 0 7 0 7 0 7 0 4 0 3 0 3 0 6 0 2 0 6 0 4 0 0 0 6 0 6 0 1 0 1 0 0 0 6 0 3 0 5 0 3 0 3 0 1 0 5 0 6 0 5 0 5 0 4 1 0 0 3 1 0 0 3 0 4 1 0 0 5 0 0 0 7 0 0 0 4 0 2 0 4 0 2 0 2 0 6 0 0 0 1 1 0 0 0 0 5 0 2 0 7 0 4 0 7 0 6 1 0 0 6 0 2 0 7 0 5 0 2 0 3 0 6 0 1 0 1 1 0 0 1 0 1 0 4 0 6
1 171 4 0 6 0 7 0 2 0 0 0 3 0 5 0 3 0 1 1 0 0 1 0 0 0 3 1 0 0 4 0 5 0 5 0 7 0 7 0 7 0 7 0 0 0 7 0 7 0 3 0 6 0 4 0 0 0 2 0 4 0 4 0 3 0 2 0 1 0 3 1 0 0 2 0 7 0 6 0 3 0 2 0 5 0 3 0 3 0 1 1 0 0 7 0 7 0 6 0 1 0 0 0 1 0 2 0 5 0 1 1 0 0 5 1 0 0 5 0 5 0 3 0 1 0 3 0 7 0 0 0 1 0 6 0 6 0 1 0 7 0 6 0 0 0 3 0 6 0 6 0 2 0 5 0 7 0 3 0 3 0 3 0 7 0 1 0 3 0 0 0 5
0 173 1 0 0 0 5 0 6 0 5 0 0 0 7 0 1 0 7 0 3 0 7 0 1 0 0 1 0 0 0 0 0 0 3 0 3 0 7 0 7 0 7 0 6 0 2 0 6 0 6 1 0 0 5 0 0 0 1 0 5 0 0 0 0 0 7 0 4 0 2 0 7 0 7 0 4 0 6 0 4 0 7 0 5 0 1 0 7 0 6 0 3 1 0 0 6 0 7 0 4 0 3 0 0 0 2 0 5 0 1 0 4 1 0 0 3 0 0 0 2 0 2 0 7 0 2 0 7 0 5 0 1 0 3 0 4 0 4 0 4 0 6 0 4 0 1 0 7 0 4 0 4 0 6 0 2 0 6 0 7 0 6 0 7 0 5 0 3 0 6 0 1 0 2
1 173 2 0 1 0 2 0 5 0 2 0 2 0 5 0 4 0 5 1 0 0 6 0 3 0 1 0 6 1 0 0 0 0 6 0 7 0 6 0 7 0 7 0 4 0 6 0 4 0 6 0 0 0 1 0 1 0 3 0 1 0 1 0 1 0 6 0 0 0 6 0 6 0 7 0 1 0 5 0 1 0 7 0 2 0 4 0 6 0 5 0 0 0 0 0 4 0 7 0 0 0 7 0 0 0 5 0 1 0 4 0 0 1 0 0 6 0 0 0 4 0 5 0 5 0 6 0 6 0 2 0 3 0 7 0 0 0 1 0 1 0 5 0 0 0 4 0 6 0 1 0 1 0 4 0 6 0 4 0 7 0 5 0 7 0 2 1 0 0 4 0 3 0 4
0 173 4 0 2 0 5 0 1 0 5 0 5 0 2 0 1 0 4 0 0 0 3 0 7 0 3 0 4 1 0 0 1 0 4 0 7 0 5 0 7 0 7 0 1 0 5 0 1 0 4 0 1 0 2 0 2 0 6 0 2 0 2 0 3 0 3 0 2 0 4 0 5 0 6 0 4 0 1 0 4 0 5 0 6 0 0 0 5 0 2 0 1 0 1 0 0 0 6 0 2 0 5 0 2 0 1 0 3 1 0 0 2 1 0 0 3 0 2 0 0 0 3 0 3 0 5 0 4 0 5 0 7 0 5 0 1 0 2 0 3 0 1 0 2 0 0 0 4 0 3 0 3 0 0 0 5 0 1 0 7 0 3 0 6 0 6 0 7 0 7 0 7 0 0
0 174 1 0 0 6 0 1 0 4 0 2 0 2 0 5 0 2 1 0 0 1 0 7 0 5 1 0 0 1 1 0 0 3 0 0 0 7 0 3 0 7 0 6 0 4 0 1 0 3 1 0 0 3 0 4 0 5 0 3 0 5 0 4 0 6 0 6 0 5 0 0 0 3 0 5 0 0 0 4 0 0 0 3 0 4 0 2 0 1 0 5 0 2 0 2 0 1 0 3 0 6 0 1 0 5 0 2 0 7 0 7 0 4 0 7 0 5 0 4 0 0 0 6 0 7 0 2 0 1 0 3 0 7 0 2 0 3 0 4 0 6 0 2 0 4 0 0 1 0 0 7 0 6 0 1 0 1 0 4 0 5 1 0 0 5 0 5 0 7 0 7 0 6 0 1
0 175 1 1 0 0 3 0 3 1 0 0 5 0 5 0 1 0 6 0 7 0 2 0 6 0 3 1 0 0 3 0 7 0 5 0 1 0 5 1 0 0 7 0 5 0 0 0 3 0 7 0 7 0 6 0 0 0 2 1 0 0 3 0 1 0 5 0 5 0 2 0 1 0 7 0 1 0 1 1 0 0 1 0 6 1 0 0 5 0 3 0 1 0 5 0 4 0 2 0 7 0 3 0 4 0 1 0 6 0 6 0 7 0 1 0 7 0 3 0 0 0 2 0 4 0 6 0 5 0 2 0 7 0 5 0 5 0 7 0 0 0 4 0 5 1 0 0 2 1 0 0 6 0 4 0 3 0 3 0 0 0 4 0 0 0 2 0 3 0 7 0 7 0 4 0 3
1 175 3 0 7 0 5 1 0 0 0 0 2 0 2 0 4 0 4 0 6 0 6 0 3 1 0 1 0 0 7 0 6 0 2 0 4 0 3 0 0 0 6 0 2 0 1 0 7 0 6 0 7 0 4 0 1 0 5 0 7 0 5 0 3 0 2 0 2 0 5 0 3 0 5 0 3 0 3 0 7 0 2 0 5 0 0 0 1 0 7 0 3 0 2 0 0 0 6 0 5 1 0 0 0 0 4 0 4 0 5 0 6 0 4 0 5 0 7 0 0 0 5 0 0 0 5 0 2 0 6 0 6 0 3 0 3 0 6 0 2 0 0 0 3 1 0 0 5 1 0 0 4 0 0 0 7 0 6 0 0 1 0 0 1 0 4 0 7 0 6 0 7 0 0 1 0
1 175 7 0 6 0 3 1 0 0 0 0 4 0 5 0 0 0 1 0 5 0 5 0 0 0 0 1 0 0 6 0 4 0 5 1 0 0 7 0 1 0 3 0 5 0 3 0 6 0 5 0 7 0 0 0 4 0 2 0 7 0 2 0 7 0 4 0 5 0 1 1 0 0 2 0 7 0 7 0 5 0 6 0 1 0 1 0 3 0 5 0 7 0 4 0 1 0 4 0 3 1 0 0 1 0 0 0 1 0 3 0 5 0 1 0 3 0 6 0 2 0 1 0 2 0 1 0 6 0 4 0 4 0 7 0 7 0 3 0 5 0 0 1 0 0 0 0 2 1 0 1 0 0 2 0 6 0 4 0 2 0 7 0 2 0 0 0 7 0 5 0 6 0 2 0 6
1 177 1 0 6 0 4 1 0 1 0 0 1 0 0 0 2 0 1 0 3 0 2 0 2 0 1 0 1 1 0 0 4 0 1 0 4 0 0 0 5 0 3 0 7 0 1 1 0 0 5 0 3 0 6 0 1 1 0 0 6 0 5 0 6 0 6 0 1 0 2 0 4 0 7 0 4 0 6 0 7 0 3 0 4 0 3 0 2 0 7 0 2 0 7 0 0 0 3 1 0 1 0 1 0 0 2 0 0 0 2 0 7 0 1 0 3 0 7 0 3 0 5 0 2 0 4 0 3 0 4 0 1 0 1 0 7 0 6 1 0 0 2 0 2 0 6 1 0 0 5 1 0 0 7 0 4 0 4 0 0 0 6 0 5 0 5 0 1 0 6 0 3 0 4 0 6 0 4
0 177 3 0 4 0 2 0 0 0 7 0 1 0 0 0 4 0 2 0 6 0 4 0 4 0 2 0 3 0 7 0 7 0 2 1 0 0 2 0 1 1 0 0 6 0 4 1 0 0 1 1 0 0 4 0 4 1 0 0 4 0 3 0 5 0 4 0 3 0 5 0 0 0 7 0 1 0 5 0 6 1 0 0 0 0 7 0 5 0 5 0 6 0 5 0 1 1 0 0 0 1 0 0 7 0 3 0 0 0 5 0 5 0 3 0 7 0 5 1 0 0 2 0 5 1 0 1 0 0 0 0 3 0 3 0 6 0 5 1 0 0 4 0 5 0 5 0 0 0 3 0 0 0 6 0 1 0 0 0 2 0 4 0 3 0 2 0 4 0 3 1 0 0 1 0 5 0 1
0 177 6 1 0 0 5 0 1 0 5 0 3 0 0 1 0 0 6 0 4 0 1 0 0 0 5 0 7 0 6 0 6 0 6 0 7 0 3 0 3 1 0 0 4 0 1 1 0 0 3 1 0 0 0 0 1 1 0 1 0 1 0 0 3 0 0 1 0 0 2 0 2 0 5 0 4 0 2 0 5 1 0 0 1 0 6 0 3 0 3 0 5 0 2 0 4 0 7 0 0 1 0 0 5 0 7 0 1 0 2 0 2 1 0 0 7 0 3 1 0 0 5 0 3 0 0 0 6 1 0 0 6 0 7 0 4 0 4 0 0 0 0 0 3 0 2 0 1 0 6 0 1 0 3 0 3 0 0 0 4 1 0 0 7 0 4 1 0 1 0 1 0 0 3 0 1 0 3
1 179 1 0 5 0 0 0 1 0 4 0 1 0 7 0 1 1 0 0 4 0 0 0 3 0 1 0 2 0 7 0 5 0 5 0 5 0 6 0 7 0 7 0 7 0 7 0 3 0 7 0 6 0 6 1 0 0 3 1 0 1 0 0 7 0 5 0 1 0 7 0 3 0 5 0 2 0 0 0 6 0 2 1 0 0 3 0 3 0 7 0 7 0 1 0 6 0 0 0 6 0 2 1 0 0 2 0 6 0 3 0 4 0 5 1 0 0 6 0 0 0 0 0 1 0 7 0 1 0 5 0 0 0 4 0 7 0 1 0 0 0 1 0 0 0 6 0 4 0 3 0 3 0 3 0 6 0 6 0 1 0 1 0 0 0 6 0 2 0 0 1 0 0 7 0 5 0 2 0 6
1 179 3 0 1 0 1 0 2 1 0 0 4 0 5 0 4 0 7 0 7 0 0 0 6 0 2 0 5 0 6 0 3 0 3 0 3 0 5 0 7 0 7 0 7 0 6 1 0 0 7 0 5 0 5 1 0 1 0 0 0 1 0 0 6 0 2 0 4 0 5 1 0 0 2 0 5 0 1 0 3 0 6 0 7 0 5 0 7 0 6 0 6 0 4 0 3 0 2 0 3 0 6 0 7 0 4 0 3 1 0 0 1 0 4 0 0 0 3 0 1 0 0 0 3 0 5 0 4 0 1 0 2 0 0 0 6 0 3 0 0 0 2 0 1 0 4 0 0 0 7 0 6 0 7 0 4 0 4 0 3 0 2 0 1 0 3 0 5 0 1 1 0 0 6 0 2 0 6 0 4
0 179 6 0 2 0 2 0 5 1 0 0 0 0 3 0 1 0 7 0 6 0 2 0 3 0 6 0 2 0 4 0 7 0 6 0 7 0 2 0 7 0 7 0 7 0 6 0 0 0 6 0 3 0 4 0 0 0 7 0 0 1 0 0 3 0 6 0 0 0 3 1 0 0 5 0 1 0 3 0 7 0 4 0 7 0 3 0 7 0 5 0 5 0 0 0 7 0 4 0 7 0 4 0 7 0 0 1 0 1 0 0 2 1 0 0 1 0 6 0 2 0 0 0 7 0 2 0 0 0 3 0 4 0 1 0 3 0 7 0 0 0 4 0 2 1 0 0 2 0 6 0 5 0 7 0 1 0 0 0 7 0 4 0 2 0 7 0 1 0 4 1 0 0 3 0 6 0 4 0 1
0 181 1 0 3 0 5 0 5 0 2 1 0 0 0 0 6 0 3 0 6 0 4 0 5 0 7 0 3 0 6 0 0 0 7 0 5 0 6 0 6 0 6 0 7 0 7 0 4 0 2 0 3 1 0 0 0 0 2 0 5 0 2 0 7 0 6 0 3 0 1 1 0 0 0 0 1 0 3 0 7 0 6 0 1 0 6 1 0 0 7 0 3 0 2 0 2 0 6 0 1 0 7 0 1 0 6 0 2 1 0 0 7 0 4 0 7 0 2 0 3 0 5 0 1 0 5 0 5 0 0 0 6 1 0 0 3 0 7 0 5 0 1 1 0 0 6 0 7 0 4 0 4 0 3 0 6 0 3 0 1 0 6 0 0 0 6 0 5 0 4 0 0 1 0 0 7 0 4 0 0 0 3
1 181 2 0 7 0 2 0 2 0 6 0 7 0 0 0 3 1 0 0 5 0 1 0 3 0 6 1 0 0 4 0 2 0 6 0 3 0 5 0 5 0 5 0 7 0 7 0 0 0 5 0 7 0 6 1 0 0 5 0 1 0 6 0 6 0 4 0 7 0 3 0 6 1 0 0 2 0 7 0 6 0 4 0 4 0 5 0 0 0 5 0 7 0 4 0 5 0 3 0 4 0 5 0 4 0 3 0 6 1 0 0 6 0 1 0 6 0 5 0 7 0 1 0 4 0 2 0 2 0 2 0 4 1 0 0 7 0 6 0 2 0 4 1 0 0 4 0 7 0 1 0 0 1 0 0 4 0 7 0 3 0 3 0 2 0 4 0 3 0 0 0 2 1 0 0 6 0 0 0 1 0 6
1 181 5 0 5 0 5 0 5 0 4 0 6 0 1 1 0 0 0 0 1 0 3 0 7 0 4 1 0 1 0 0 6 0 3 1 0 0 3 0 3 0 3 0 7 0 6 0 2 0 2 0 7 0 6 0 0 0 1 0 4 0 4 0 5 0 1 0 6 1 0 0 5 1 0 0 5 0 6 0 5 0 1 0 1 0 2 0 2 0 2 0 7 0 1 0 2 1 0 0 1 0 3 0 0 1 0 0 6 0 0 0 3 0 4 0 4 0 3 0 6 0 3 1 0 0 5 0 4 0 5 0 1 0 0 0 6 0 4 0 6 0 1 0 0 0 0 0 6 0 3 0 1 1 0 0 0 0 6 0 7 0 6 0 4 1 0 0 7 0 0 0 5 1 0 0 3 0 1 0 3 0 4
0 183 1 0 2 0 3 0 3 0 3 0 1 0 4 0 4 0 6 1 0 0 2 0 7 0 6 0 2 0 0 1 0 0 3 1 0 1 0 0 6 0 6 0 7 0 6 0 4 0 5 0 5 0 6 0 4 0 1 0 3 0 0 0 1 0 2 0 4 0 5 0 0 0 3 0 0 0 2 0 5 0 2 0 3 0 2 0 4 0 4 0 5 0 5 0 3 0 5 0 7 0 1 0 6 0 1 1 0 0 3 0 1 0 7 0 0 0 0 1 0 0 5 0 0 0 0 0 2 0 1 0 2 0 3 0 1 0 4 0 1 0 4 0 3 0 0 0 1 0 3 0 7 0 3 0 7 0 0 0 4 0 7 0 5 0 2 0 0 0 5 0 2 0 2 1 0 0 6 0 2 0 7 0 0
0 183 2 0 4 0 6 0 6 0 6 0 3 0 0 0 1 0 5 1 0 0 5 0 6 0 4 0 5 0 1 0 7 0 6 1 0 1 0 0 4 0 5 0 7 0 5 0 1 0 3 0 3 0 5 0 0 0 3 0 6 0 0 0 2 0 5 0 0 0 2 0 1 0 6 0 0 0 5 0 1 0 5 0 6 0 5 0 0 0 1 0 3 0 2 1 0 0 3 0 6 0 4 0 3 0 4 0 7 0 5 0 3 0 5 0 1 0 1 1 0 0 1 0 1 0 0 0 4 0 2 0 4 0 6 0 2 1 0 0 3 1 0 0 7 0 0 0 2 0 7 0 5 1 0 0 6 0 2 0 0 0 7 0 2 0 5 0 1 0 1 0 5 0 5 1 0 0 3 0 6 0 5 0 1
0 183 5 0 0 0 5 0 5 0 4 0 7 0 0 0 3 0 3 0 0 0 2 0 5 0 1 0 2 0 4 0 6 0 6 0 0 1 0 0 0 0 3 0 7 0 2 0 3 0 6 0 7 0 1 0 1 0 7 0 3 0 1 0 5 0 1 0 1 0 4 0 3 0 3 0 2 0 1 0 4 0 2 0 5 0 2 0 1 0 2 0 6 0 5 0 7 0 6 0 4 0 0 1 0 0 1 0 7 0 2 1 0 0 2 0 3 0 3 0 7 0 1 0 2 0 0 1 0 0 6 0 0 0 4 0 6 0 7 0 6 1 0 0 5 0 1 0 5 0 6 0 4 0 0 0 3 0 5 0 1 0 5 0 6 0 1 0 3 0 3 0 2 0 3 1 0 0 7 0 4 0 2 0 3
1 185 1 0 1 0 2 0 2 0 3 0 1 0 6 0 1 0 6 0 6 0 0 0 5 0 1 0 3 0 5 0 0 0 5 0 4 0 2 0 6 1 0 0 7 0 5 0 5 0 7 0 4 0 6 0 3 0 3 0 5 0 7 0 3 0 1 0 3 0 2 1 0 0 7 0 6 0 4 0 2 1 0 0 6 0 1 0 5 0 2 0 5 0 4 0 3 0 7 0 5 0 0 0 2 0 7 0 2 0 5 0 6 0 7 0 3 0 6 0 7 0 5 0 3 0 4 0 1 1 0 0 3 0 2 0 0 0 5 0 7 0 6 0 0 0 1 0 4 0 2 0 5 0 0 0 1 0 7 0 1 0 4 0 2 0 4 0 3 0 6 0 6 0 4 1 0 0 0 0 6 0 0 0 5 0 6
1 185 2 0 2 0 4 0 4 0 6 0 3 0 3 0 4 0 4 0 4 0 2 0 1 0 3 0 7 0 1 0 2 0 2 0 0 0 6 0 5 0 0 0 6 0 3 0 3 0 7 0 1 0 4 0 7 0 7 0 2 0 6 0 7 0 2 0 6 0 5 1 0 0 6 0 5 0 0 0 6 1 0 0 3 0 4 0 1 0 6 0 2 0 0 1 0 0 7 0 2 0 1 0 5 0 5 0 6 0 2 0 5 0 6 1 0 0 5 0 7 0 2 1 0 0 0 0 4 0 7 0 5 0 4 0 1 0 2 0 7 0 4 0 1 0 2 1 0 0 6 0 1 0 1 0 3 0 5 0 3 1 0 0 5 1 0 1 0 0 5 0 5 0 1 1 0 0 1 0 3 0 2 0 2 0 5
0 185 4 0 5 0 0 0 1 0 4 0 7 0 7 0 0 0 1 0 0 0 5 0 2 0 7 0 5 0 3 0 4 0 4 0 1 0 4 0 2 0 2 0 3 0 7 0 7 0 5 0 4 0 0 0 7 0 6 0 6 0 4 0 6 0 6 0 4 0 4 0 0 0 4 0 2 0 2 0 4 1 0 0 6 1 0 0 4 0 3 0 5 0 1 1 0 0 5 0 5 0 3 0 2 0 3 0 4 0 6 0 2 0 6 0 0 0 2 0 6 0 6 0 7 0 0 0 0 0 7 0 3 0 0 0 3 0 5 0 6 0 0 0 3 0 5 1 0 0 3 0 3 0 2 0 7 0 2 0 0 0 0 0 3 0 0 1 0 0 2 0 2 0 4 0 7 0 1 0 6 0 4 0 5 0 2
1 187 1 0 0 0 2 0 1 0 3 0 0 0 7 0 6 0 1 0 2 0 1 0 1 0 6 0 6 0 2 1 0 0 1 0 0 0 3 1 0 0 5 0 4 0 7 0 6 0 7 0 3 0 0 0 2 0 6 0 5 0 5 0 1 0 5 0 5 0 1 0 0 0 1 1 0 0 5 0 5 0 1 0 0 0 4 1 0 1 0 1 0 0 2 0 4 1 0 0 2 0 2 0 7 0 4 0 7 0 0 0 4 0 6 0 3 0 1 0 5 0 4 0 5 0 6 0 1 0 1 0 5 0 7 0 0 0 7 0 2 0 4 0 1 0 7 0 2 1 0 0 6 0 6 0 5 0 5 0 5 0 0 0 0 0 6 0 1 0 7 0 3 0 5 0 0 0 6 0 4 0 4 0 1 0 2 0 5
0 187 2 0 0 0 4 0 2 0 6 0 1 0 6 0 4 0 3 0 4 0 2 0 3 0 4 0 4 0 6 0 7 0 1 0 0 1 0 0 0 0 2 0 1 0 7 0 5 0 6 0 7 0 0 0 5 0 4 0 3 0 2 0 4 0 2 0 2 0 3 0 0 0 3 1 0 0 2 0 2 0 3 0 1 0 1 0 0 1 0 0 7 0 4 0 0 1 0 0 4 0 5 0 6 0 1 0 6 0 2 0 0 0 4 0 7 0 3 0 2 0 1 0 3 0 4 0 3 0 3 0 2 0 6 0 2 0 5 0 5 1 0 0 4 0 5 0 6 1 0 0 4 0 5 0 3 0 3 0 2 0 1 0 1 0 3 0 4 0 5 1 0 0 2 0 2 0 4 0 1 0 0 0 3 0 5 0 2
1 187 4 0 0 1 0 0 6 0 3 0 4 0 4 0 0 1 0 0 0 0 5 0 7 0 0 0 1 0 5 0 6 0 3 0 1 0 6 1 0 0 4 0 3 0 6 0 3 0 5 0 6 0 2 0 2 0 0 0 7 0 4 1 0 0 5 0 4 0 6 0 0 0 7 0 7 0 3 0 4 0 6 0 2 0 2 0 1 1 0 0 6 0 0 0 2 1 0 0 0 0 3 0 4 0 4 0 3 0 5 0 1 0 0 0 6 0 7 0 4 0 2 0 6 1 0 0 7 0 6 0 5 0 3 0 6 0 2 0 4 0 0 0 0 0 3 0 6 0 0 0 0 0 2 0 7 0 6 0 4 0 2 0 2 0 7 0 0 0 3 1 0 0 4 0 4 1 0 0 3 0 0 0 7 0 1 0 5
0 188 1 0 0 2 1 0 0 3 1 0 0 1 0 0 0 2 0 7 0 0 0 2 0 6 0 1 0 3 0 2 0 4 0 7 0 3 0 4 1 0 1 0 1 0 0 4 1 0 0 3 0 4 0 5 0 4 0 1 0 6 0 2 0 0 0 2 0 1 0 4 0 2 0 6 0 6 1 0 0 1 0 4 0 5 0 4 0 3 1 0 0 3 0 1 0 5 0 6 1 0 0 7 0 0 0 0 1 0 0 2 0 3 0 1 0 4 0 7 0 0 0 6 0 5 0 0 0 6 0 5 0 2 1 0 0 4 0 5 1 0 0 1 0 0 0 7 0 3 0 1 0 0 0 5 0 6 0 5 0 0 0 5 0 5 0 5 0 1 1 0 0 0 0 0 0 1 1 0 0 6 0 1 0 5 0 4 0 2
1 189 1 0 7 0 4 0 7 0 6 0 7 0 1 0 0 0 5 0 5 0 1 0 5 0 3 0 3 0 6 0 5 0 0 0 6 1 0 0 2 0 0 1 0 1 0 0 0 1 0 0 7 0 0 0 3 0 0 0 4 0 3 0 5 0 0 0 4 0 2 1 0 0 6 0 4 0 5 1 0 0 3 0 0 0 3 0 0 1 0 1 0 0 6 0 3 0 2 0 6 0 0 0 5 0 1 0 1 0 7 0 3 0 6 0 3 0 0 0 6 0 2 0 4 0 2 0 2 0 4 0 2 0 6 1 0 0 0 0 3 1 0 0 2 0 1 0 5 0 7 0 2 0 1 0 2 0 5 0 2 0 2 0 2 0 3 0 2 0 4 0 6 1 0 0 0 0 3 1 0 0 3 0 4 0 2 0 0 0 5
0 189 3 0 6 0 1 0 7 0 5 0 6 0 3 0 1 0 2 0 2 0 4 0 1 0 7 0 7 0 4 0 2 0 2 0 4 1 0 0 4 0 1 1 0 0 7 0 0 1 0 0 5 0 1 0 6 0 0 1 0 1 0 0 2 0 1 1 0 0 6 1 0 0 4 0 1 0 3 1 0 0 6 0 0 0 6 0 1 1 0 1 0 0 3 0 7 0 5 0 3 0 2 0 1 0 3 0 3 0 5 1 0 0 4 0 7 0 1 0 3 0 5 1 0 0 5 0 4 1 0 0 6 0 4 1 0 0 0 0 7 0 7 0 3 0 3 0 2 0 6 0 5 0 2 0 5 0 1 0 5 0 4 0 4 0 6 0 5 0 0 0 5 1 0 0 0 0 7 0 7 0 5 1 0 0 5 0 1 0 2
1 189 7 0 3 0 4 0 6 0 3 0 4 0 7 0 2 0 4 0 4 1 0 0 4 0 6 0 7 0 0 0 5 0 5 0 0 1 0 1 0 0 4 1 0 0 5 0 2 1 0 0 1 0 4 0 3 0 2 1 0 0 7 0 3 0 3 1 0 0 4 1 0 1 0 0 3 1 0 0 0 0 3 0 2 0 3 0 4 1 0 0 7 0 6 0 6 0 2 0 7 0 4 0 2 0 6 0 7 0 3 0 0 0 0 0 6 0 3 0 7 0 3 0 0 0 2 0 2 0 0 0 4 0 1 1 0 0 1 0 6 0 6 0 7 0 6 0 5 0 4 0 2 0 6 0 1 0 4 0 2 0 1 0 1 0 5 0 2 0 2 0 2 1 0 0 1 0 6 0 7 0 4 0 0 0 1 0 3 0 4
0 191 1 0 5 1 0 0 1 0 4 1 0 0 1 0 6 0 6 0 0 0 2 0 0 0 0 0 5 0 6 0 2 0 2 0 2 0 2 1 0 1 0 0 1 0 0 0 1 0 6 0 7 0 1 1 0 0 7 0 5 1 0 0 5 1 0 0 0 0 0 0 1 0 0 0 7 0 6 0 6 1 0 0 6 0 4 0 7 0 1 0 0 0 6 0 5 0 4 0 6 0 6 0 0 0 6 0 4 0 6 0 7 0 0 0 1 0 3 1 0 0 6 0 7 0 0 0 4 0 4 0 0 1 0 0 4 0 7 0 2 0 4 0 5 0 7 0 5 0 3 0 0 0 6 0 3 0 3 1 0 0 5 0 2 0 3 0 1 0 5 0 4 0 5 0 7 0 2 0 4 0 7 0 0 0 1 0 2 0 7 0 0
0 191 3 0 2 1 0 0 3 0 0 1 0 0 3 0 4 0 4 0 1 0 4 0 0 0 1 0 2 0 4 0 5 0 4 0 4 0 5 1 0 0 7 0 1 0 0 0 3 0 4 0 6 0 4 1 0 0 6 0 4 0 0 0 2 1 0 0 0 0 0 0 2 0 1 0 6 0 5 0 6 0 0 0 4 0 1 0 6 0 3 0 1 0 4 0 3 0 1 0 5 0 4 0 2 0 4 0 1 0 5 0 6 0 1 0 2 1 0 0 0 0 4 0 6 0 2 0 0 0 0 0 2 1 0 0 0 0 6 0 6 0 0 0 3 0 7 0 2 0 7 0 1 0 3 1 0 0 0 0 0 0 1 0 5 0 6 0 3 0 2 0 1 0 3 0 6 0 6 0 0 0 6 0 1 0 2 0 5 0 5 0 1
0 191 6 0 5 0 7 0 5 0 1 0 7 0 6 0 0 0 0 0 3 1 0 0 1 0 2 0 5 0 0 0 3 0 1 0 1 0 4 0 0 0 5 0 3 0 0 0 7 0 0 0 5 0 2 0 0 0 4 0 0 0 1 0 5 0 6 1 0 0 0 0 4 0 3 0 4 0 3 0 4 0 1 1 0 0 4 0 3 0 7 0 2 1 0 0 7 0 3 0 2 0 0 0 5 1 0 0 4 0 2 0 4 0 3 0 5 0 7 0 0 0 0 0 4 0 5 0 0 0 0 0 5 0 7 0 0 0 4 0 4 0 1 0 7 0 5 0 6 0 5 0 3 0 7 0 6 1 0 0 0 0 3 0 2 0 4 0 7 0 4 0 2 0 7 0 4 0 4 0 2 0 3 0 3 0 5 0 2 0 2 0 3
1 193 1 0 4 0 3 0 7 0 2 0 4 0 6 0 4 0 1 0 0 0 7 0 7 0 1 0 5 0 1 0 1 0 6 0 2 0 2 1 0 0 2 0 1 0 7 0 1 0 5 0 2 0 1 0 5 0 0 1 0 0 1 0 3 0 2 0 5 1 0 0 0 1 0 1 0 0 0 1 0 0 0 0 4 0 7 0 7 0 7 0 5 0 6 1 0 0 5 0 7 0 4 0 1 0 2 1 0 1 0 0 5 1 0 1 0 0 3 0 6 0 1 0 1 0 0 0 2 0 1 0 1 0 2 0 6 0 2 0 0 0 0 0 4 0 6 0 3 0 5 0 2 1 0 0 7 0 5 1 0 0 0 0 6 0 5 0 0 0 7 0 0 0 6 0 6 0 1 0 0 0 5 0 6 0 7 0 1 0 5 0 4 0 6
1 193 2 1 0 1 0 0 6 0 6 0 0 0 5 0 0 0 3 0 1 0 6 0 6 0 4 0 1 0 3 0 3 0 3 0 5 0 5 0 7 0 3 0 3 0 5 0 4 0 1 0 5 0 3 0 1 0 2 0 7 0 1 0 6 0 5 0 2 1 0 0 1 1 0 0 7 0 0 0 7 0 0 0 0 0 7 0 7 0 7 0 3 0 6 0 0 0 2 0 7 0 0 0 3 0 5 1 0 1 0 0 3 0 0 0 7 0 6 0 3 0 3 0 2 0 0 0 4 0 2 0 2 0 5 0 3 0 5 0 0 0 1 0 0 0 4 1 0 0 2 0 6 1 0 0 6 0 3 1 0 0 1 0 4 0 2 0 2 0 5 0 2 0 4 0 4 0 3 0 1 0 2 0 5 0 6 0 4 0 2 0 1 0 5
0 193 5 1 0 1 0 0 4 0 4 0 2 0 1 0 1 0 6 0 3 0 4 0 5 0 0 0 3 0 6 0 6 0 7 0 2 0 3 0 6 0 7 0 7 0 2 0 0 0 4 0 1 0 7 0 2 0 5 0 5 0 4 0 4 0 2 0 6 0 7 0 2 1 0 0 5 0 2 0 5 0 1 0 1 0 6 0 7 0 6 1 0 0 4 0 1 0 5 0 5 0 1 0 7 0 3 0 0 0 7 0 5 0 1 0 6 0 4 0 7 0 6 0 4 0 0 1 0 0 5 0 5 0 1 1 0 0 2 0 1 0 2 0 1 0 0 1 0 0 5 0 5 0 0 0 3 1 0 1 0 0 2 1 0 0 5 0 5 0 1 0 6 0 0 0 0 0 7 0 2 0 5 0 2 0 5 0 0 0 5 0 3 0 2
1 195 1 0 3 0 0 1 0 0 0 0 0 0 5 0 2 0 3 0 3 1 0 0 1 0 2 0 1 0 7 0 4 0 5 0 6 0 5 0 7 0 4 0 7 0 6 0 5 0 0 1 0 0 4 0 5 0 6 0 2 0 3 0 1 0 0 0 6 0 4 0 6 0 6 1 0 0 1 0 6 0 1 0 3 0 3 0 4 0 7 0 5 1 0 1 0 0 4 0 2 0 2 0 4 0 5 0 7 0 1 0 6 0 2 0 4 0 4 0 1 0 7 0 5 0 0 0 2 1 0 0 2 0 2 0 4 0 7 0 3 0 2 0 4 0 2 0 1 1 0 0 2 0 2 0 1 1 0 0 0 0 7 0 4 1 0 0 2 0 2 0 4 0 3 0 1 0 1 0 5 0 6 0 1 0 6 0 1 0 2 0 1 0 7 0 4
0 195 2 0 6 0 1 0 6 1 0 0 1 0 1 0 5 0 6 0 7 0 7 0 1 0 4 0 3 0 6 0 1 0 3 0 5 0 3 0 7 0 1 0 7 0 5 0 2 0 2 1 0 0 0 0 3 0 4 0 5 0 6 0 2 0 1 0 4 0 1 0 5 0 5 1 0 0 3 0 3 0 3 0 6 0 7 0 0 0 7 0 4 0 0 0 7 0 7 0 4 0 5 0 0 0 3 0 6 0 4 0 3 0 6 0 0 0 0 0 4 0 6 0 2 0 1 0 5 0 7 0 3 0 5 0 0 0 6 0 7 0 4 1 0 0 5 0 3 0 7 0 3 0 4 0 3 0 7 0 0 0 6 0 1 1 0 0 4 0 4 1 0 0 7 0 2 0 3 0 2 0 4 0 4 0 3 0 3 0 4 0 3 0 6 0 1
0 195 5 0 3 0 4 0 4 1 0 0 2 0 3 0 2 0 5 0 7 0 6 0 3 1 0 1 0 0 4 0 3 0 7 0 1 1 0 0 6 0 4 0 6 0 2 0 5 0 5 0 6 1 0 0 7 0 0 0 3 0 4 0 5 0 2 1 0 0 4 0 2 0 3 1 0 0 6 0 6 0 7 0 4 0 6 0 2 0 6 0 0 0 2 0 6 0 7 0 1 0 2 0 1 0 7 0 4 0 0 1 0 0 4 0 1 0 1 0 0 0 4 0 5 0 3 0 2 0 6 1 0 0 2 0 2 0 4 0 7 0 2 0 0 0 1 1 0 0 6 1 0 0 0 1 0 0 6 0 2 0 3 0 4 1 0 0 0 0 2 0 0 0 5 0 5 0 6 0 5 0 0 0 0 0 7 0 6 1 0 1 0 0 4 0 3
1 197 1 0 1 1 0 0 1 0 1 1 0 0 4 0 6 0 5 0 2 0 7 0 5 0 0 0 0 0 7 0 7 0 7 0 5 0 4 1 0 0 4 0 1 0 4 0 6 0 2 0 3 0 6 0 0 0 5 0 1 0 7 0 0 0 2 0 6 0 7 0 7 0 4 1 0 0 0 0 4 0 5 0 7 0 1 0 4 0 6 0 3 0 1 0 5 0 4 0 6 0 3 0 4 0 3 0 6 0 0 0 2 0 7 0 7 0 2 0 2 0 1 0 0 0 2 0 7 0 5 0 4 1 0 0 4 0 5 0 0 0 6 0 5 0 0 0 3 1 0 0 4 1 0 0 1 1 0 0 3 0 5 0 7 0 0 1 0 0 0 0 4 0 1 0 2 0 3 0 5 0 2 0 1 0 1 0 6 0 6 0 0 0 7 0 7 0 6
1 197 2 0 3 0 7 0 1 0 3 1 0 0 0 0 5 0 2 0 6 0 6 0 2 0 1 0 1 0 6 0 7 0 7 0 3 0 1 1 0 1 0 0 4 0 0 0 4 0 5 0 7 0 3 0 2 0 1 0 4 0 5 0 1 0 5 0 4 0 7 0 7 0 1 1 0 0 1 0 0 0 3 0 6 0 4 0 0 0 4 0 7 0 3 0 2 0 1 0 4 1 0 0 0 1 0 0 4 0 1 0 5 0 6 0 6 0 5 0 4 0 2 0 0 0 5 0 6 0 3 0 2 0 0 0 0 0 2 0 2 0 4 0 2 0 1 1 0 0 0 0 0 1 0 0 3 0 7 0 6 0 2 0 6 0 2 0 6 1 0 1 0 0 3 0 4 0 7 0 1 0 5 0 2 0 3 0 4 0 4 0 2 0 6 0 7 0 5
0 197 4 0 7 0 5 0 3 0 7 0 7 0 0 0 1 0 6 0 4 0 4 0 5 0 2 0 3 0 4 0 7 0 6 0 7 0 3 1 0 0 7 0 7 0 1 0 0 0 3 0 6 0 7 0 4 0 3 0 0 0 2 0 4 0 2 0 1 0 7 0 6 0 4 0 7 0 1 0 0 0 7 0 4 0 0 0 2 0 0 0 6 0 7 0 4 0 3 0 0 1 0 0 1 0 7 0 7 0 3 0 2 0 5 0 5 0 3 0 0 0 5 0 1 0 2 0 4 0 7 0 4 0 0 0 0 0 4 0 4 1 0 0 5 0 3 0 6 1 0 0 1 0 7 0 6 0 6 0 4 0 6 0 3 0 6 0 5 0 0 0 7 0 6 0 0 0 6 0 4 0 1 0 5 0 7 0 0 0 0 0 6 0 4 0 7 0 3
1 199 1 0 0 0 7 0 2 1 0 0 7 0 6 0 1 0 3 0 4 0 1 0 1 0 2 0 5 0 7 0 0 0 7 0 5 0 7 0 0 0 0 0 6 0 6 0 3 0 0 0 7 0 4 0 7 0 0 0 7 0 0 0 4 1 0 0 5 0 3 0 6 0 5 0 1 0 6 0 3 0 1 0 6 0 0 0 1 0 4 0 1 0 4 0 7 0 0 0 7 0 1 0 7 0 2 0 6 0 6 0 7 0 5 0 2 0 2 0 7 0 1 0 1 0 3 0 5 0 0 0 7 0 0 0 1 0 1 0 0 0 2 0 0 0 1 1 0 0 5 1 0 0 3 0 6 0 5 0 5 0 1 0 4 1 0 0 5 0 2 0 2 0 6 0 4 0 2 0 4 0 0 0 4 0 2 0 6 0 1 0 1 0 4 0 1 0 6 1 0
1 199 2 0 1 0 5 0 6 1 0 0 6 0 4 0 3 0 6 1 0 0 3 0 2 0 5 0 2 0 6 0 2 0 6 0 3 0 6 0 1 0 1 0 4 0 4 0 7 0 1 0 6 0 1 0 6 0 2 0 5 0 2 0 1 0 0 0 1 1 0 0 5 0 2 0 4 0 3 0 7 0 3 0 3 0 1 0 2 1 0 0 4 0 0 0 6 0 2 0 5 0 4 0 5 0 6 0 4 0 5 0 7 0 2 0 5 0 5 0 5 0 3 0 2 0 7 0 1 0 2 0 5 0 1 0 2 0 2 0 0 0 4 0 0 0 3 1 0 0 2 1 0 0 7 0 4 0 3 0 2 0 4 0 1 0 0 0 1 0 5 0 5 0 4 0 0 0 5 1 0 0 1 1 0 0 6 0 3 0 3 0 2 1 0 0 4 0 4 1 0
1 199 4 0 3 0 2 0 6 0 0 0 4 0 0 1 0 0 5 1 0 0 6 0 5 0 1 0 6 0 3 0 6 0 3 1 0 0 4 0 3 0 3 0 0 0 1 0 6 0 4 0 3 0 4 0 3 0 6 0 1 0 5 0 2 0 0 0 3 1 0 0 1 0 5 1 0 1 0 0 6 0 7 0 6 0 2 0 5 0 7 0 7 0 1 0 3 0 6 0 2 0 1 0 3 0 5 0 1 0 3 0 6 0 6 0 2 0 3 0 2 0 7 0 5 0 5 0 3 0 5 0 1 0 3 0 4 0 4 0 0 1 0 0 1 0 7 0 7 0 4 1 0 0 6 0 0 0 7 0 4 1 0 0 3 0 0 0 3 0 2 0 3 0 0 0 2 0 2 1 0 0 3 1 0 0 3 0 7 0 6 0 5 1 0 0 0 0 1 1 0
1 200 1 0 0 7 0 5 0 3 0 1 1 0 0 2 1 0 0 3 0 0 0 4 0 2 0 4 0 3 1 0 0 4 1 0 1 0 1 0 0 7 0 6 0 0 0 3 0 4 0 0 1 0 0 0 1 0 0 4 0 4 0 1 0 5 0 0 0 7 0 7 0 2 0 3 0 0 1 0 0 4 0 7 0 4 0 6 0 2 0 7 0 6 0 3 0 7 0 3 0 5 0 2 0 7 0 1 0 3 0 7 0 4 0 4 0 5 0 6 0 5 0 6 0 3 0 2 1 0 0 2 0 3 0 7 0 0 0 0 0 2 0 7 0 2 0 6 0 7 0 2 0 0 0 3 0 2 0 6 0 1 1 0 0 6 0 0 0 6 0 4 0 6 0 0 0 4 0 5 0 7 0 6 0 7 0 6 0 6 0 5 0 3 1 0 0 0 0 3 0 6
1 201 1 1 0 0 6 0 2 0 7 0 3 0 7 0 4 0 7 0 5 0 0 1 0 0 6 0 0 0 0 0 0 0 1 0 0 1 0 1 0 0 6 0 4 0 1 0 6 1 0 0 2 0 7 0 0 1 0 0 0 0 0 0 4 0 1 0 2 0 6 0 6 0 5 0 6 0 1 1 0 0 0 0 7 0 1 0 4 0 6 0 6 0 4 1 0 0 6 1 0 0 2 0 6 0 5 0 3 0 7 0 6 0 1 0 1 0 3 0 5 0 3 0 4 0 7 0 5 0 7 0 3 0 7 0 5 0 1 0 0 0 5 0 5 0 6 0 4 0 6 0 5 0 0 0 6 0 5 0 3 0 4 1 0 0 3 0 2 0 4 0 1 0 4 0 2 0 0 0 3 0 7 0 5 0 7 0 5 0 5 0 2 1 0 1 0 0 0 0 7 0 4
0 201 3 1 0 0 3 0 6 0 5 1 0 0 7 0 1 0 7 0 2 0 2 1 0 0 3 0 1 0 0 0 0 0 2 0 1 1 0 1 0 0 4 0 0 0 4 0 4 1 0 0 5 0 5 0 2 0 6 1 0 0 0 1 0 0 3 0 5 0 4 0 5 0 3 0 4 0 4 0 7 0 0 0 5 0 4 0 0 0 5 0 5 0 2 0 0 0 4 1 0 0 5 0 4 0 2 1 0 0 7 0 4 0 3 0 2 0 7 0 1 1 0 0 1 0 7 0 3 0 6 1 0 0 7 0 2 0 3 0 1 0 2 0 3 0 5 0 1 0 5 0 2 0 2 0 4 0 2 1 0 0 1 1 0 0 6 0 4 1 0 0 3 1 0 0 5 0 0 0 7 0 6 0 3 0 7 0 3 0 2 0 6 1 0 0 7 0 0 0 6 0 1
0 201 7 0 7 0 6 0 4 0 4 0 0 0 5 0 4 0 5 0 5 0 5 0 7 0 5 0 2 0 0 0 0 0 4 0 3 1 0 0 7 0 7 0 1 0 0 0 2 0 0 0 2 0 2 0 6 0 4 1 0 0 1 0 7 0 6 0 2 0 1 0 2 1 0 0 1 0 1 0 6 0 2 0 2 0 0 0 2 0 2 0 2 0 5 0 1 0 1 0 0 0 2 0 0 0 6 1 0 0 6 0 0 0 7 0 5 0 5 0 4 0 7 0 2 0 5 1 0 0 6 0 0 0 5 0 5 0 6 0 2 0 4 0 7 0 1 0 4 0 1 0 5 0 4 1 0 0 6 0 7 0 2 1 0 0 4 0 1 1 0 1 0 0 0 0 1 0 2 0 6 0 4 1 0 0 6 0 7 0 5 0 5 0 0 0 5 0 2 0 3 0 3
1 203 1 0 6 0 7 0 5 0 1 0 0 0 2 0 2 0 1 0 3 0 3 0 3 0 7 0 2 0 5 0 0 0 1 0 0 0 0 0 0 0 6 0 6 0 3 0 0 0 4 0 0 0 4 0 5 0 4 0 1 1 0 0 3 0 6 0 4 0 5 0 2 0 5 0 7 0 1 0 3 0 3 0 5 0 4 0 0 0 4 0 4 0 5 0 1 0 3 0 2 0 0 0 4 0 1 0 5 0 0 0 3 0 2 0 6 0 3 0 3 0 1 0 6 0 6 0 3 0 0 0 3 0 2 0 2 0 3 0 4 0 6 0 0 0 6 0 3 1 0 0 4 0 2 0 2 0 0 0 4 0 6 0 6 0 7 0 7 0 3 1 0 0 6 1 0 0 2 0 5 0 4 0 2 0 0 0 4 0 7 0 3 0 2 0 2 0 1 0 5 0 6 0 6
1 203 3 0 4 0 7 0 2 0 3 0 0 0 4 0 4 0 2 0 6 0 6 0 7 0 5 0 6 0 1 0 1 0 2 0 0 0 0 0 1 0 4 0 4 0 7 0 0 1 0 0 2 0 0 0 3 0 0 0 4 0 7 0 6 0 4 0 1 0 2 0 6 0 2 0 6 0 3 0 6 0 7 0 2 0 0 0 2 0 0 0 1 0 2 0 3 0 6 0 4 0 0 1 0 0 4 0 1 0 1 0 6 0 5 0 3 0 7 0 6 0 3 0 4 0 4 0 7 0 0 0 6 0 4 0 4 0 7 0 0 0 4 0 2 0 3 1 0 1 0 1 0 0 5 0 4 0 1 0 0 0 5 0 5 0 7 0 7 0 0 0 0 0 4 1 0 0 5 0 2 0 0 0 5 0 1 0 0 0 6 0 7 0 4 0 4 0 3 0 2 0 5 0 5
0 203 7 0 0 0 6 0 5 0 6 0 1 0 0 0 0 0 6 0 4 0 5 0 7 0 3 0 4 0 3 0 2 0 4 0 0 0 0 0 3 0 0 0 1 0 6 0 2 0 7 0 3 0 0 0 6 0 1 0 0 0 7 0 5 0 0 0 3 0 5 0 3 0 6 0 3 1 0 0 5 0 6 0 5 0 0 0 4 0 0 0 2 0 4 0 7 0 4 0 0 0 2 0 7 0 7 0 2 0 3 0 4 0 2 1 0 0 7 0 4 1 0 0 1 0 1 0 6 0 2 0 4 0 1 0 1 0 6 0 1 1 0 0 5 1 0 0 0 1 0 1 0 0 2 0 0 0 3 0 1 0 2 0 3 0 7 0 6 0 1 0 1 0 1 0 0 0 1 0 5 0 1 0 1 0 3 0 1 0 4 0 7 0 1 0 0 0 7 0 5 0 2 0 3
1 205 1 0 5 0 2 0 4 0 3 0 4 0 3 0 0 0 1 0 4 0 1 0 3 0 6 1 0 0 0 0 7 0 4 1 0 0 1 0 0 0 6 0 0 0 3 0 3 0 6 0 5 0 7 0 1 0 3 0 3 0 1 0 6 0 2 0 1 0 7 0 1 1 0 0 5 0 0 0 0 0 2 0 5 0 2 0 1 1 0 0 1 0 5 0 0 0 7 0 0 0 1 0 5 0 6 0 6 0 5 0 6 1 0 0 6 1 0 0 6 0 1 1 0 0 2 0 3 0 3 0 5 1 0 0 3 0 3 0 3 0 4 1 0 0 2 1 0 0 1 1 0 0 7 0 3 0 0 0 6 0 2 0 4 0 7 0 6 0 4 0 3 0 2 0 2 0 0 0 3 0 1 0 3 0 2 0 6 0 3 0 0 0 6 0 3 0 1 0 6 0 2 0 5 0 6
1 205 3 0 1 0 5 1 0 1 0 0 0 0 7 0 0 0 2 1 0 0 3 0 7 0 4 1 0 0 1 0 6 0 1 1 0 0 2 0 1 0 3 0 1 0 6 0 7 0 4 0 3 0 6 0 3 0 6 0 6 0 3 0 3 0 5 0 3 0 5 0 4 1 0 0 1 0 1 0 0 0 5 0 1 0 5 0 3 0 7 0 2 0 1 0 2 0 5 0 1 0 3 0 2 0 5 0 5 0 3 0 6 0 0 0 5 0 0 0 3 0 4 0 7 0 3 0 6 0 7 0 2 1 0 0 6 0 6 0 7 0 0 1 0 0 5 0 7 0 2 1 0 0 5 0 7 0 1 0 3 0 6 0 0 0 7 0 5 0 0 0 7 0 4 0 4 0 0 0 6 0 2 0 6 0 5 0 3 0 7 0 1 0 3 0 7 0 3 0 3 0 6 0 2 0 5
0 205 6 0 3 0 3 0 0 0 7 0 0 0 5 0 1 0 5 0 7 0 6 0 6 0 1 1 0 0 3 0 3 0 4 0 7 0 3 0 2 0 6 0 3 0 4 0 7 0 0 1 0 0 4 1 0 0 5 0 4 0 7 0 7 0 1 1 0 0 3 0 1 1 0 0 2 0 2 0 1 0 1 0 4 0 1 1 0 0 6 0 5 0 2 0 5 0 1 0 3 0 6 0 5 0 2 0 2 1 0 0 4 0 2 0 1 0 1 0 7 0 0 0 6 1 0 0 5 0 6 0 6 1 0 0 4 0 5 0 6 0 2 1 0 0 2 0 6 0 6 1 0 0 2 0 6 0 3 0 7 0 3 0 2 0 6 0 2 0 2 0 6 0 1 0 0 0 2 0 3 0 6 0 4 0 2 1 0 0 6 0 3 0 7 0 5 0 7 0 7 0 3 0 6 0 2
1 207 1 0 3 0 7 0 6 0 1 0 5 0 2 0 1 0 4 0 2 0 7 0 5 0 4 0 4 0 7 0 5 0 7 0 0 0 6 0 7 0 5 0 3 1 0 0 1 0 6 0 2 1 0 0 1 0 0 0 2 0 1 0 7 0 6 0 4 0 7 0 5 0 3 0 7 0 3 0 4 0 2 0 2 1 0 0 4 1 0 0 4 0 2 0 6 0 1 0 3 0 7 0 4 0 2 0 5 0 5 0 7 0 7 0 4 0 2 0 3 0 5 0 2 0 5 0 0 0 2 0 5 0 6 0 0 0 0 0 3 0 4 0 6 0 7 0 4 0 4 0 5 1 0 0 5 0 3 1 0 0 6 0 7 0 5 0 3 0 5 0 5 0 3 0 3 0 0 0 4 0 7 0 4 0 0 0 6 1 0 0 3 1 0 0 7 0 3 0 7 0 6 1 0 0 4 0 5
0 207 2 0 7 0 6 0 4 0 4 0 1 0 5 0 2 1 0 0 6 0 6 0 3 0 1 0 1 0 7 0 3 0 6 0 2 0 4 0 7 0 2 1 0 1 0 0 3 0 3 0 6 0 7 0 1 0 0 0 4 0 3 0 6 0 5 0 1 0 7 0 2 1 0 0 6 1 0 0 0 0 5 0 5 1 0 0 0 1 0 1 0 0 6 0 3 0 3 0 7 0 6 0 0 0 6 0 2 0 3 0 7 0 7 0 0 0 5 0 7 0 1 0 6 0 1 0 1 0 5 0 2 0 4 0 1 0 0 0 7 0 0 0 5 0 7 0 1 0 1 0 4 0 0 0 2 0 0 0 0 0 4 0 7 0 2 1 0 0 3 0 2 0 7 0 6 0 1 0 0 0 7 0 0 0 2 0 4 1 0 1 0 0 0 0 5 1 0 0 7 0 6 0 0 0 0 0 3
1 207 5 0 6 0 5 0 1 0 0 0 4 0 1 0 6 1 0 0 4 0 4 0 7 0 2 0 3 0 5 1 0 0 4 0 6 0 0 0 6 0 6 1 0 0 7 0 5 0 7 0 4 0 6 0 3 0 0 1 0 1 0 0 5 0 2 0 4 0 5 0 6 1 0 0 4 1 0 0 1 0 2 0 3 1 0 0 1 1 0 1 0 0 3 0 7 0 7 0 6 0 4 0 2 0 3 0 5 0 7 0 6 0 6 0 2 0 2 0 6 0 4 0 3 0 3 0 3 0 1 0 5 1 0 0 3 0 1 0 5 0 2 0 2 0 6 0 3 0 2 1 0 0 1 0 4 0 0 0 1 0 0 0 6 0 6 0 7 0 5 0 5 0 6 0 4 0 3 0 1 0 5 0 1 0 5 0 1 0 0 0 7 0 0 0 3 0 0 0 6 0 4 0 1 0 0 0 6
1 209 1 0 2 0 5 0 2 0 3 0 0 1 0 0 4 0 5 0 0 0 0 0 1 0 6 0 5 0 7 0 3 0 0 0 0 0 4 0 2 0 4 0 6 0 0 0 6 0 3 0 7 0 1 0 4 0 7 0 1 1 0 1 0 0 1 0 6 0 0 0 3 0 6 0 0 0 0 1 0 0 2 0 4 0 7 0 7 0 2 1 0 0 7 0 6 0 6 0 7 0 5 0 0 0 5 0 7 0 2 0 7 0 5 0 4 0 5 0 5 0 4 0 0 0 7 0 6 0 6 0 3 0 2 1 0 0 6 0 3 0 1 0 5 0 5 0 3 0 7 0 5 0 7 0 1 1 0 0 1 0 2 0 1 0 4 0 5 0 7 0 3 0 3 0 5 0 0 0 7 0 3 0 1 0 4 0 1 0 3 0 1 0 5 0 1 0 6 0 1 0 4 0 0 0 3 0 1 0 4
0 209 2 0 5 0 1 0 5 0 6 0 1 1 0 0 0 0 2 0 1 0 0 0 3 0 4 0 3 0 6 0 7 0 0 0 0 1 0 0 6 0 0 0 4 0 2 0 3 1 0 0 6 0 4 0 0 0 6 0 4 1 0 0 7 0 2 0 3 0 1 0 7 0 3 0 1 0 1 0 7 0 4 0 0 0 7 0 6 0 6 1 0 0 6 0 5 0 5 0 7 0 2 0 2 0 2 0 6 0 6 0 6 0 3 0 1 0 3 0 3 0 0 0 2 0 6 0 5 0 4 0 7 0 5 1 0 0 3 0 7 0 3 0 2 0 2 1 0 0 7 0 3 0 6 0 4 0 7 0 1 0 4 0 3 0 0 0 3 0 6 0 7 0 7 0 1 0 2 0 5 0 7 0 2 1 0 0 3 0 6 0 3 0 1 0 4 0 3 0 3 1 0 0 1 0 6 0 3 0 0
0 209 5 0 1 0 4 0 2 0 4 0 4 0 6 1 0 0 4 0 2 0 0 0 6 1 0 1 0 0 5 0 6 0 1 0 1 1 0 0 3 0 1 1 0 0 5 1 0 0 0 0 4 0 0 0 2 0 4 0 2 0 0 0 5 0 5 0 6 0 3 0 5 0 7 0 2 0 3 0 6 0 0 0 2 0 6 0 5 0 6 0 0 0 4 0 3 0 3 0 6 0 5 0 4 0 5 0 4 0 5 0 4 0 7 0 2 0 6 0 6 0 0 0 5 0 4 0 3 0 1 0 7 0 3 1 0 0 7 0 5 0 7 0 4 0 5 1 0 0 5 1 0 0 5 0 1 0 6 0 3 1 0 0 7 0 0 0 7 0 4 0 7 0 6 0 3 0 5 0 2 0 6 0 6 0 7 0 6 0 3 0 7 0 2 1 0 0 7 0 7 0 7 0 2 0 3 0 7 0 0
0 211 1 0 1 0 3 1 0 0 6 0 0 0 1 0 5 1 0 1 0 0 5 0 1 0 5 0 0 1 0 0 2 0 4 0 3 0 3 0 7 0 5 0 3 1 0 0 2 1 0 0 0 1 0 0 1 0 4 1 0 0 5 0 1 0 2 0 3 0 4 1 0 0 3 0 6 0 5 0 7 0 3 0 1 0 5 0 4 0 3 0 4 0 1 1 0 0 7 0 7 0 4 0 3 0 1 0 3 0 1 0 3 0 1 0 6 0 6 0 4 0 4 0 2 0 2 0 0 0 7 0 3 0 6 0 0 0 0 0 6 0 3 0 7 0 1 0 4 0 0 0 3 0 0 0 1 0 4 0 4 0 0 0 0 0 5 0 2 0 6 0 1 0 7 0 4 1 0 0 2 0 6 0 4 0 5 0 7 0 4 1 0 0 6 0 6 1 0 0 6 0 7 0 6 0 5 0 7 0 5 0 1
0 211 2 0 2 1 0 0 0 0 3 0 1 0 3 0 3 0 0 1 0 0 1 0 4 0 1 0 2 0 7 0 3 1 0 0 7 0 7 0 6 0 2 1 0 1 0 0 5 0 7 0 0 0 7 0 2 0 1 0 0 0 1 0 3 0 4 0 7 0 0 1 0 0 7 0 4 0 3 0 6 0 7 0 3 0 2 0 0 1 0 0 0 0 4 1 0 0 6 0 7 0 0 0 7 0 2 0 6 0 2 0 6 0 3 0 4 0 5 0 1 0 0 0 5 0 4 0 1 0 5 1 0 0 4 0 1 0 1 0 3 1 0 0 6 0 3 1 0 0 1 0 6 0 0 0 3 0 0 0 0 0 1 0 1 0 1 0 6 0 3 0 4 0 6 0 1 1 0 0 5 0 4 0 1 0 3 0 7 0 2 0 0 0 4 0 6 0 0 0 4 0 7 0 5 0 3 0 7 0 2 0 3
1 211 4 0 5 0 6 1 0 0 6 0 2 0 6 0 6 0 1 0 7 0 1 1 0 0 3 0 5 0 6 0 0 0 0 0 6 0 7 0 4 0 6 1 0 1 0 0 2 0 6 0 2 0 5 0 5 0 2 0 0 0 2 0 7 0 0 0 6 0 2 1 0 0 6 0 0 1 0 0 5 0 6 0 7 0 4 0 1 0 7 0 0 0 1 0 0 0 4 0 6 0 2 0 5 0 6 0 3 0 6 0 3 1 0 0 1 0 2 0 3 0 1 0 2 0 0 0 4 0 2 1 0 1 0 0 3 0 2 1 0 0 0 0 3 1 0 1 0 0 3 0 3 0 1 0 6 0 0 0 0 0 2 0 2 0 3 0 3 1 0 0 1 0 4 0 4 1 0 0 2 0 0 0 3 0 7 0 5 0 5 0 1 0 0 0 4 0 2 0 0 0 7 0 2 1 0 0 6 0 5 0 6
1 213 1 0 0 0 3 0 6 0 0 0 3 0 6 0 4 0 4 0 4 0 5 0 4 0 7 0 6 0 2 0 4 0 1 0 1 0 4 0 7 0 1 0 6 0 0 0 7 0 4 0 3 0 6 0 2 0 2 0 5 0 0 0 5 0 5 0 2 0 3 0 6 1 0 0 3 0 2 1 0 0 2 0 5 0 7 0 0 0 4 0 5 0 1 0 2 0 1 0 0 0 4 0 6 0 2 0 4 1 0 0 4 1 0 1 0 0 2 0 4 0 6 0 2 0 4 0 0 1 0 0 6 1 0 0 7 0 5 0 5 0 6 1 0 1 0 0 0 0 7 0 5 0 6 0 3 0 3 0 1 0 0 0 4 0 4 0 6 0 7 0 7 0 2 0 0 0 1 1 0 0 4 0 0 0 7 0 6 0 3 0 2 0 3 0 0 1 0 0 5 0 1 0 5 0 6 1 0 0 4 0 3 0 5
0 213 2 0 0 0 7 0 3 0 1 0 7 0 4 0 1 0 1 0 1 0 3 0 1 0 7 0 4 0 5 1 0 0 3 0 3 0 0 0 6 0 4 0 3 0 2 0 6 0 0 1 0 0 4 0 5 0 5 0 1 0 2 0 2 0 2 0 5 0 7 0 4 1 0 0 6 0 5 0 7 0 4 0 2 0 6 0 2 0 0 0 2 0 3 0 4 0 2 0 1 0 0 0 4 0 6 0 1 0 0 0 1 0 0 0 7 0 4 0 0 0 4 0 5 1 0 0 2 1 0 0 5 0 0 0 6 0 3 0 3 0 6 0 0 0 7 0 0 0 6 0 3 0 4 0 7 0 6 0 2 0 1 0 0 0 1 0 5 0 7 0 6 0 5 0 0 0 3 0 7 0 7 0 1 0 6 0 4 0 7 0 4 0 6 0 1 1 0 0 1 0 4 0 2 0 5 1 0 1 0 1 0 0 3
1 213 4 0 1 0 5 0 7 0 3 0 6 0 0 0 3 0 2 0 2 0 6 0 3 0 6 0 1 0 3 1 0 0 6 0 6 0 1 0 4 0 0 0 7 0 5 0 3 0 2 1 0 0 0 0 3 0 2 0 3 0 4 0 4 0 5 0 2 0 7 0 2 0 0 0 4 0 3 0 7 0 0 0 6 0 3 0 5 0 0 0 4 0 6 1 0 0 5 0 2 0 1 0 0 0 4 0 3 0 0 0 2 0 1 0 6 0 0 0 2 0 0 0 3 1 0 0 5 1 0 0 1 0 2 0 3 0 7 0 7 0 3 0 2 0 5 0 2 0 3 1 0 0 1 0 7 0 4 0 5 0 2 0 0 0 3 0 2 0 7 0 5 0 2 0 1 0 7 0 6 0 6 0 4 0 4 0 1 0 7 0 1 0 4 0 4 0 7 0 1 1 0 0 6 0 3 0 0 1 0 0 7 0 5
0 214 1 0 0 4 0 2 0 6 1 0 0 4 0 1 0 6 0 4 0 5 0 3 1 0 0 4 0 3 1 0 0 0 0 4 0 4 0 3 1 0 0 2 0 6 0 2 0 7 0 5 0 6 1 0 0 6 0 4 0 7 0 0 0 1 0 2 0 6 0 5 0 5 0 0 1 0 1 0 0 6 0 2 0 3 1 0 0 2 0 2 0 0 0 6 0 0 0 1 0 5 0 2 0 0 1 0 0 7 0 0 0 4 0 3 0 3 0 1 0 4 0 0 1 0 0 0 0 2 1 0 0 2 0 4 0 7 0 6 0 6 0 7 0 5 0 1 0 5 0 7 0 7 0 2 0 6 0 1 0 2 0 5 0 0 0 6 0 5 0 6 0 2 0 5 0 3 0 6 0 5 0 5 0 1 0 0 0 4 0 5 0 4 0 0 0 1 0 6 0 4 1 0 0 3 0 7 0 1 1 0 0 6 0 3
1 215 1 0 7 0 7 0 5 0 4 1 0 1 0 0 4 0 4 0 1 0 2 1 0 1 0 1 0 1 0 1 0 0 1 0 0 0 0 1 0 1 0 0 5 0 3 0 6 0 6 0 3 0 6 0 0 0 4 0 1 0 6 0 1 0 2 0 5 0 4 0 3 0 2 0 2 1 0 1 0 0 3 0 5 0 7 0 7 0 3 0 4 0 1 0 3 0 1 0 3 0 1 0 5 0 1 1 0 0 5 0 1 1 0 0 7 0 6 0 2 1 0 0 2 0 6 1 0 0 5 0 7 0 4 0 0 0 7 0 5 0 5 0 7 0 2 0 4 0 2 0 7 0 6 0 6 0 3 0 3 0 5 0 1 0 2 0 4 0 3 0 4 0 6 0 1 1 0 0 5 0 3 0 2 0 3 0 1 0 0 0 3 0 0 0 1 0 3 0 4 0 1 1 0 0 7 0 5 0 4 1 0 0 3 1 0
1 215 3 0 6 0 7 0 3 0 2 0 0 1 0 0 0 0 0 0 3 0 5 1 0 1 0 1 0 1 0 0 7 0 1 0 0 0 1 1 0 1 0 0 1 1 0 0 5 0 4 1 0 0 4 0 1 1 0 0 4 0 3 0 3 0 5 0 2 0 0 0 7 0 4 0 5 1 0 0 7 0 6 0 2 0 7 0 6 1 0 0 0 0 3 0 6 0 2 0 6 0 3 0 1 0 4 1 0 0 1 0 4 1 0 0 6 0 4 0 6 0 7 0 4 0 5 0 0 0 2 0 7 0 0 0 2 0 6 0 3 0 3 0 6 0 5 1 0 0 6 0 6 0 5 0 4 0 7 0 7 0 1 0 3 0 4 1 0 1 0 0 1 0 4 0 4 1 0 0 1 0 7 0 4 0 6 0 2 0 0 0 6 0 0 0 2 0 6 1 0 0 4 1 0 0 6 0 3 0 1 1 0 0 7 0 6
1 215 7 0 4 0 6 0 7 0 4 0 1 0 6 1 0 0 0 0 7 0 3 0 0 1 0 1 0 1 0 0 5 0 3 0 0 0 3 1 0 0 7 0 2 1 0 0 2 0 1 1 0 1 0 0 4 0 7 0 7 0 6 0 7 0 1 0 5 0 1 0 6 0 1 0 4 0 0 0 6 0 4 0 6 0 6 0 5 1 0 0 0 0 7 0 3 0 6 0 3 0 7 0 3 0 0 1 0 0 3 0 1 0 0 0 4 0 1 0 5 0 7 0 1 0 2 0 1 0 5 0 5 0 1 0 5 0 3 0 7 0 7 0 4 0 4 0 0 0 4 0 5 0 3 0 1 0 7 0 6 0 3 0 7 0 1 0 0 0 7 0 2 0 0 0 1 1 0 0 3 0 6 0 1 0 4 0 5 0 1 0 3 0 1 0 5 0 5 0 0 0 1 0 0 0 3 0 7 0 3 1 0 0 6 0 5
0 217 1 0 6 0 1 0 5 0 7 0 0 0 4 0 4 1 0 0 1 0 5 0 7 0 1 1 0 1 0 1 0 0 1 0 7 0 0 1 0 0 0 0 5 0 6 0 7 0 3 0 3 1 0 1 0 0 0 0 7 0 7 0 5 0 6 0 4 0 1 0 4 0 3 0 3 1 0 0 2 0 4 0 1 0 5 0 5 0 3 1 0 0 1 0 5 1 0 0 4 1 0 0 6 0 7 0 1 0 7 0 5 0 2 0 0 1 0 0 4 0 2 0 6 0 3 0 4 0 3 0 2 0 2 0 4 0 1 1 0 0 7 0 7 0 1 0 0 0 2 0 0 0 2 0 7 0 3 0 6 0 4 1 0 0 6 0 3 0 1 0 5 0 5 0 0 0 3 0 7 0 6 0 3 0 4 0 0 0 2 0 3 0 6 0 3 0 2 0 2 0 1 0 2 0 0 0 7 0 6 0 0 0 0 0 4 0 3
1 217 3 0 3 0 4 0 2 0 6 0 2 0 0 0 1 1 0 0 3 0 2 0 6 0 4 1 0 1 0 0 7 0 2 0 5 0 2 0 7 0 0 0 2 0 5 0 6 1 0 0 0 0 0 0 7 0 0 0 6 0 7 0 3 0 5 0 0 0 3 1 0 0 7 0 7 0 7 0 3 1 0 0 4 0 2 0 2 1 0 1 0 0 3 0 3 0 0 0 1 0 0 0 4 0 6 0 4 0 6 0 2 0 5 0 1 0 7 0 7 0 5 0 3 1 0 0 0 0 7 0 4 0 4 1 0 0 4 1 0 0 6 0 6 0 3 0 0 0 4 0 0 0 5 0 5 1 0 0 5 0 2 0 0 0 3 0 7 0 3 0 2 0 2 0 1 0 7 0 6 0 4 1 0 0 0 0 1 0 4 0 7 0 3 0 7 0 4 0 4 0 2 0 4 0 1 0 6 0 4 0 1 0 0 1 0 1 0
1 217 6 0 6 1 0 0 6 0 3 0 5 0 0 0 3 0 7 0 5 0 5 0 4 0 2 0 0 1 0 0 5 0 6 0 1 0 6 0 5 0 1 0 5 0 2 0 5 1 0 0 0 0 1 0 5 0 2 0 4 0 6 1 0 0 2 0 1 1 0 0 0 0 6 0 7 0 6 1 0 1 0 1 0 0 5 0 5 1 0 0 7 0 5 0 6 0 0 0 2 0 1 0 0 0 5 0 1 0 4 0 6 0 1 0 4 0 6 0 7 0 2 1 0 1 0 0 1 0 6 0 1 0 2 0 0 0 1 0 0 0 4 0 4 0 7 0 0 1 0 0 2 0 2 0 4 0 0 0 1 0 5 0 0 0 7 0 5 0 7 0 4 0 4 0 3 0 6 0 5 0 1 1 0 0 0 0 3 0 0 0 6 1 0 0 7 0 1 0 0 0 5 1 0 0 4 0 4 0 0 0 3 0 1 1 0 0 6
1 219 1 0 4 0 6 0 0 0 3 1 0 0 2 0 1 0 7 0 6 0 3 0 3 0 0 0 5 0 1 1 0 0 2 0 4 0 4 0 4 0 2 0 4 0 1 0 6 0 2 1 0 0 0 0 3 0 1 0 6 0 0 0 5 1 0 0 4 0 3 0 7 0 0 0 4 0 7 0 6 0 0 1 0 1 0 0 2 0 4 0 0 0 6 0 3 0 4 0 1 0 4 0 2 0 1 0 1 0 4 0 0 0 4 0 4 0 0 0 5 0 6 0 6 1 0 0 7 0 2 0 3 0 3 0 4 0 0 0 2 0 1 0 0 0 1 0 6 0 2 0 7 0 3 0 4 1 0 0 1 0 3 0 1 0 2 0 6 0 3 0 7 0 1 0 0 1 0 0 5 0 2 0 4 0 6 1 0 0 6 0 1 0 5 0 0 0 5 0 3 0 1 0 3 0 0 0 0 0 0 0 1 0 6 0 3 1 0 0 4
0 219 3 0 0 0 4 0 1 0 7 0 7 0 3 0 3 0 6 0 4 0 7 0 6 0 1 0 1 0 4 0 7 0 4 0 0 0 1 0 0 0 5 1 0 0 4 0 3 0 6 0 6 1 0 0 6 0 3 0 3 0 2 0 2 1 0 1 0 1 0 0 6 0 2 0 0 0 7 0 4 0 2 1 0 0 7 0 3 1 0 0 2 0 3 1 0 0 0 0 3 1 0 0 5 0 2 0 2 1 0 0 2 0 0 0 0 0 2 0 2 0 5 0 6 0 0 0 5 0 5 0 6 0 6 1 0 0 1 0 4 0 2 0 0 0 3 0 3 0 6 0 5 1 0 0 1 1 0 0 2 0 6 0 2 0 5 0 3 1 0 0 6 0 3 0 1 1 0 0 1 0 6 0 0 0 6 0 0 0 3 0 4 0 1 0 2 0 1 0 7 0 2 0 6 0 0 0 0 0 0 0 3 0 4 0 0 0 0 0 0
0 219 6 0 0 1 0 0 4 0 6 0 6 0 7 0 7 0 4 0 1 0 7 0 4 0 3 0 3 0 0 0 7 0 0 0 1 0 2 0 1 0 2 1 0 1 0 1 0 0 5 0 6 0 0 0 3 0 7 0 6 0 4 0 5 1 0 1 0 1 0 0 3 0 5 0 1 0 6 0 0 0 6 1 0 0 5 1 0 1 0 0 4 0 7 0 6 1 0 1 0 0 0 0 1 0 5 0 5 0 7 0 3 0 0 0 0 0 4 0 5 0 2 0 4 0 2 0 2 0 3 0 5 0 5 1 0 0 2 1 0 0 5 0 0 0 6 0 7 0 4 0 3 1 0 0 3 0 7 0 4 0 3 0 6 0 2 0 0 0 0 0 3 0 7 0 3 0 7 0 2 0 3 0 2 0 3 0 1 0 6 1 0 0 3 0 4 0 3 0 5 0 6 0 3 0 1 0 0 0 0 0 6 1 0 0 1 0 0 0 0
0 221 1 0 3 0 2 1 0 0 0 0 5 0 5 0 7 0 7 0 0 0 4 0 6 0 0 0 7 0 6 0 1 0 5 0 1 0 2 0 4 0 2 0 5 1 0 1 0 1 0 0 2 0 4 0 1 0 7 0 6 0 5 0 1 0 4 0 0 1 0 0 7 0 6 0 1 0 4 0 3 0 2 0 5 0 0 0 3 0 0 1 0 0 0 0 7 0 6 0 0 0 6 1 0 0 3 0 2 0 3 0 6 0 7 0 0 0 1 0 0 0 2 0 5 1 0 0 5 0 4 0 7 0 2 0 3 1 0 0 5 1 0 0 1 0 2 0 4 0 7 0 0 1 0 1 0 0 7 0 6 0 0 1 0 0 4 0 5 0 0 0 0 0 7 0 5 1 0 0 6 0 5 0 6 0 4 0 6 0 3 0 4 1 0 0 6 1 0 1 0 0 3 0 4 0 7 0 2 0 0 0 1 0 4 1 0 0 2 0 0 0 0
0 221 2 0 6 0 5 0 7 0 0 0 2 0 3 0 7 0 6 0 2 0 0 0 4 0 2 0 6 0 4 0 4 0 1 0 3 0 4 1 0 0 6 0 3 0 0 1 0 0 7 0 3 1 0 0 4 0 6 0 5 0 2 0 3 1 0 0 2 1 0 0 6 0 4 0 3 1 0 0 7 0 5 0 1 0 1 0 6 0 1 0 7 0 0 0 6 0 4 0 2 0 4 1 0 0 6 0 4 0 7 0 4 0 6 0 1 0 2 0 0 0 5 0 3 0 0 0 2 0 1 0 6 0 5 1 0 0 0 0 2 1 0 0 2 0 5 0 0 0 6 0 2 1 0 1 0 0 6 0 4 0 2 1 0 0 0 0 2 0 1 0 1 0 6 0 4 0 0 0 4 0 3 0 5 0 1 0 4 1 0 0 2 0 0 0 5 0 0 0 7 0 6 0 0 0 6 0 5 0 0 0 3 0 0 1 0 0 4 0 0 0 0
0 221 5 0 4 0 3 0 6 0 1 0 4 0 7 0 6 0 4 0 5 0 0 1 0 0 6 0 4 0 1 0 0 0 3 0 7 0 1 0 0 0 3 0 7 0 1 1 0 0 6 0 0 0 0 0 0 0 5 0 2 0 5 0 7 0 7 0 4 1 0 0 4 0 1 0 0 0 0 0 6 0 2 0 3 0 3 0 3 0 4 0 5 0 2 0 4 0 0 0 6 0 1 0 0 0 4 0 1 0 7 0 1 0 4 0 3 0 4 0 1 0 1 0 7 0 0 0 4 0 3 0 4 0 3 1 0 0 0 0 5 0 7 0 4 0 1 0 2 0 3 0 6 1 0 1 0 0 4 0 0 0 6 0 6 1 0 0 4 0 2 0 3 0 4 0 0 0 1 1 0 1 0 0 2 0 4 0 0 1 0 0 4 0 1 0 1 0 2 0 6 0 4 0 2 0 4 0 2 0 1 0 6 0 1 0 7 0 7 0 0 0 0
0 223 1 0 2 0 0 1 0 0 4 0 4 0 0 0 7 0 5 0 1 0 2 0 2 1 0 0 4 0 0 0 3 0 0 0 7 0 5 0 3 0 0 0 7 0 5 0 4 1 0 0 3 0 1 0 0 0 1 0 1 0 6 0 2 0 7 0 7 0 1 1 0 1 0 0 3 0 0 0 1 0 3 0 5 0 6 0 6 0 7 0 0 0 2 0 5 1 0 0 2 0 3 0 3 0 0 1 0 0 4 0 5 0 3 1 0 1 0 0 0 0 3 0 3 0 5 0 1 1 0 1 0 0 0 1 0 1 0 0 1 0 2 0 7 0 0 0 3 0 4 0 7 0 5 0 0 0 7 0 7 0 1 0 4 0 5 1 0 1 0 0 5 0 6 1 0 0 1 0 3 1 0 0 7 0 3 1 0 0 2 0 7 0 7 0 2 0 2 0 5 0 4 0 0 0 5 1 0 0 5 0 3 0 3 0 4 0 6 0 6 0 1 0 0
0 223 2 0 4 0 1 1 0 0 0 0 0 0 2 0 6 0 2 0 3 0 4 0 5 0 7 0 7 0 0 0 6 0 1 0 6 0 2 0 7 0 1 0 6 0 3 0 1 1 0 0 6 0 2 0 0 0 2 0 3 0 3 0 6 0 6 0 6 0 4 1 0 0 7 0 5 0 0 0 2 0 7 0 2 0 5 0 5 0 6 0 1 0 5 0 2 1 0 0 4 0 6 0 6 0 1 1 0 0 0 0 3 0 0 0 0 0 6 1 0 0 6 0 7 0 1 0 4 1 0 0 7 0 0 1 0 0 7 0 1 0 5 0 5 0 1 0 7 0 0 0 7 0 2 0 2 0 6 0 6 0 4 0 0 0 4 0 0 1 0 0 2 0 5 1 0 0 2 1 0 0 0 0 5 1 0 1 0 0 5 0 6 0 6 0 5 0 5 0 2 0 0 0 2 0 3 0 0 0 1 0 7 0 7 0 0 0 5 0 4 0 3 0 0
0 223 4 1 0 0 4 0 6 1 0 0 0 0 5 0 3 0 5 0 7 0 0 0 3 0 7 0 6 0 2 0 3 0 4 0 3 0 6 0 5 0 4 0 3 0 7 0 3 1 0 0 3 0 5 0 0 0 4 0 6 0 7 0 4 0 5 0 5 0 2 0 0 0 6 0 2 0 1 0 5 0 5 0 6 0 2 0 3 0 4 0 4 0 1 0 6 1 0 0 0 0 5 0 4 0 4 0 6 1 0 0 6 0 0 0 1 0 5 0 0 0 4 0 6 0 4 0 1 0 0 0 5 0 2 1 0 0 5 0 4 0 2 0 2 0 4 0 5 0 2 0 5 0 5 0 5 0 4 0 5 0 0 0 1 1 0 0 2 0 7 0 4 0 2 1 0 0 5 0 7 0 0 0 3 0 0 1 0 0 2 0 5 0 5 0 3 0 2 0 5 0 0 0 4 0 6 0 0 0 3 0 6 0 6 0 2 0 2 0 0 0 7 0 0
0 225 1 0 1 0 0 0 0 0 5 1 0 0 1 0 1 1 0 0 3 0 6 0 1 0 7 0 6 0 4 0 5 0 6 1 0 1 0 0 5 0 3 0 0 1 0 0 6 1 0 1 0 0 7 0 1 0 2 0 0 0 5 0 7 0 1 0 3 0 2 0 5 0 1 0 3 0 5 0 3 0 2 0 3 0 4 0 5 0 7 0 0 0 0 0 4 0 4 1 0 0 1 0 2 0 1 0 1 0 6 0 0 0 3 0 1 0 3 0 1 0 2 0 0 0 5 0 0 0 3 0 1 0 1 0 6 1 0 0 2 0 0 0 5 0 5 0 0 0 2 0 6 0 2 0 3 0 3 0 1 0 2 0 1 0 3 0 7 0 4 0 6 0 0 0 6 1 0 0 2 0 6 0 1 0 6 0 1 0 7 0 4 0 2 0 2 0 7 0 5 0 1 0 2 0 0 0 4 0 1 0 7 0 4 0 4 0 5 0 4 0 1 0 5 0 1
0 225 2 0 2 0 0 0 1 0 2 1 0 0 2 0 3 0 7 0 6 0 3 0 4 0 6 0 5 0 1 0 3 0 6 0 0 1 0 0 1 0 7 0 1 1 0 0 5 0 0 1 0 0 5 0 3 0 4 0 1 0 2 0 6 0 3 0 6 0 5 0 1 0 3 0 7 0 1 0 7 0 4 0 7 0 0 0 3 0 6 0 1 0 1 0 0 0 1 1 0 0 2 0 4 0 2 0 3 0 3 0 1 0 6 0 2 0 6 0 2 0 4 0 1 0 1 0 1 0 6 0 2 0 3 0 4 1 0 0 4 0 1 0 2 0 2 0 1 0 5 0 3 0 5 0 6 0 6 0 2 0 4 0 2 0 7 0 6 0 1 0 4 0 2 0 4 1 0 0 5 0 3 0 4 0 3 0 4 0 6 0 0 0 5 0 5 0 6 0 2 0 3 0 4 0 0 1 0 0 4 0 6 0 1 0 1 0 3 0 0 0 4 0 1 0 3
1 225 4 0 4 0 0 0 2 0 5 0 7 0 3 0 7 0 6 0 4 1 0 0 1 0 5 0 2 0 3 0 7 0 3 0 2 0 7 0 2 0 5 0 4 1 0 0 1 0 2 1 0 0 1 1 0 0 0 0 3 0 5 0 3 1 0 0 5 0 2 0 3 0 7 0 5 0 4 0 6 0 1 0 6 0 1 0 7 0 3 0 3 0 2 0 0 0 3 0 7 0 3 1 0 0 5 0 6 0 6 0 3 0 3 0 6 0 3 0 5 1 0 0 3 0 2 0 3 0 3 0 5 0 7 0 0 1 0 1 0 0 3 0 4 0 4 0 3 0 1 1 0 0 3 0 5 0 4 0 5 1 0 0 6 0 6 0 4 0 3 1 0 0 6 0 1 0 0 0 1 1 0 0 0 1 0 0 1 0 4 0 2 0 2 0 3 0 4 0 5 0 6 1 0 0 2 1 0 0 0 0 4 0 3 0 2 0 6 0 0 1 0 0 3 0 6
1 227 1 0 0 0 0 0 1 0 5 0 2 0 6 1 0 0 7 0 5 0 1 1 0 0 3 0 1 0 5 0 7 0 5 0 7 0 5 0 5 0 6 0 2 0 1 1 0 0 2 0 5 0 7 0 2 0 6 1 0 0 7 0 2 0 0 0 0 0 1 0 5 0 7 0 6 0 3 0 1 0 4 0 4 0 3 0 4 0 5 0 7 0 6 0 4 0 0 0 7 0 6 0 0 0 0 0 2 0 5 0 4 0 7 0 7 0 3 1 0 0 3 1 0 0 6 0 4 0 6 0 7 0 2 0 6 0 2 1 0 0 7 0 6 0 0 0 0 0 7 0 3 0 7 0 6 0 2 0 1 0 4 0 0 0 4 0 5 0 1 0 0 0 0 0 3 0 3 0 0 0 3 0 7 0 0 0 7 0 1 1 0 0 5 0 4 0 7 0 0 0 3 0 5 1 0 0 5 0 6 1 0 1 0 0 7 0 5 0 3 0 2 0 7 0 6 0 4
0 227 2 0 0 0 0 0 3 0 1 0 6 0 5 0 0 0 6 0 2 0 4 0 7 0 5 0 3 0 2 0 7 0 3 0 7 0 3 0 3 0 4 0 5 0 3 0 7 0 4 0 2 0 6 0 6 0 5 0 0 0 5 0 5 0 0 0 0 0 3 0 2 0 7 0 4 0 7 0 3 0 0 0 0 1 0 0 1 0 3 0 7 0 5 0 0 0 2 0 6 0 4 0 1 0 0 0 5 0 2 0 1 0 7 0 6 1 0 1 0 1 0 0 0 0 4 0 1 0 5 0 6 0 6 0 3 0 6 1 0 0 6 0 4 0 1 0 1 0 5 1 0 0 7 0 4 0 5 0 2 1 0 0 2 0 0 0 2 0 3 0 0 0 0 0 6 0 6 0 0 0 7 0 5 0 2 0 5 0 4 1 0 0 2 0 1 0 6 0 1 0 7 0 3 0 0 0 2 0 6 0 0 1 0 0 6 0 2 0 7 0 5 0 6 0 5 0 1
0 227 4 0 0 0 0 0 6 0 3 0 4 0 2 0 2 0 3 0 6 0 0 0 7 0 2 0 7 0 5 0 5 1 0 0 6 0 7 0 7 0 0 0 2 1 0 0 7 0 0 0 6 0 4 0 5 0 2 0 2 0 2 0 2 0 1 0 0 0 6 0 5 0 6 0 1 0 6 0 7 0 0 0 1 0 7 0 1 0 7 0 6 0 2 0 1 0 5 0 4 0 0 0 3 0 1 0 1 0 5 0 3 0 6 0 6 0 0 1 0 0 6 1 0 1 0 0 4 0 2 0 5 0 4 1 0 0 6 0 0 0 4 0 0 0 3 0 3 0 3 0 0 0 6 0 1 0 2 0 6 0 7 0 3 0 0 0 4 0 6 0 0 0 1 0 4 0 4 0 2 0 6 0 2 0 6 0 2 0 1 1 0 0 4 0 3 0 3 0 4 0 5 0 7 0 0 0 5 0 3 0 2 1 0 0 3 0 6 0 6 0 3 0 5 0 2 0 3
1 228 1 0 0 1 0 1 0 3 1 0 0 0 0 5 0 4 0 7 0 3 0 2 0 5 0 6 0 6 0 3 0 4 0 0 0 4 0 7 0 6 0 1 0 5 1 0 0 5 0 2 0 4 0 1 0 2 0 5 0 4 0 4 0 4 0 2 0 1 0 4 0 3 0 4 0 4 0 4 0 6 0 1 0 3 0 5 0 4 0 6 0 4 0 5 0 3 0 2 0 0 0 1 0 6 0 2 0 3 0 1 1 0 0 5 0 4 0 2 1 0 0 5 0 0 0 7 0 7 0 5 0 2 0 2 0 0 0 3 0 1 1 0 0 1 0 6 0 6 0 6 0 1 0 3 0 3 0 5 0 4 0 6 0 7 0 1 0 0 0 4 0 1 0 3 0 0 0 0 0 6 0 3 0 6 0 3 0 5 0 3 0 7 0 7 0 6 0 7 0 0 0 3 0 6 0 2 0 1 0 7 0 5 0 7 0 6 0 4 0 4 1 0 0 2 0 5 0 6
1 229 1 0 7 0 1 0 2 0 7 0 7 0 0 0 2 0 1 0 6 0 7 0 5 0 2 0 5 0 4 1 0 0 0 0 2 0 0 0 7 0 4 0 4 0 3 0 0 0 1 0 5 1 0 0 3 0 5 0 2 0 1 0 1 0 0 0 5 0 2 1 0 1 0 0 1 0 1 0 1 0 4 0 3 0 7 0 2 0 1 0 5 0 1 0 2 0 7 0 4 0 0 0 3 0 3 0 5 0 6 0 3 1 0 0 2 0 0 0 6 1 0 0 1 0 2 0 6 0 7 0 2 0 5 0 4 0 0 0 6 0 3 0 7 0 2 0 4 0 5 0 4 0 3 0 6 0 7 0 2 0 1 0 5 0 6 0 3 0 0 1 0 0 3 0 6 0 0 0 1 0 3 1 0 0 4 1 0 0 2 1 0 0 7 0 7 0 5 0 6 0 1 0 7 0 3 0 5 0 3 0 6 0 3 0 7 0 5 0 1 0 1 1 0 0 5 0 2 0 5
0 229 3 0 5 0 3 0 5 0 6 0 6 0 1 0 4 0 3 0 4 0 7 0 2 0 6 0 2 0 1 1 0 0 0 0 4 0 1 0 6 0 1 0 0 0 7 0 0 0 3 0 2 1 0 0 7 0 1 0 5 0 2 0 2 0 1 0 1 0 6 1 0 0 7 0 1 0 2 0 2 1 0 1 0 0 6 0 5 0 3 0 1 0 3 0 5 0 6 0 0 0 1 0 6 0 7 0 2 0 4 1 0 1 0 0 4 0 1 0 4 1 0 0 2 0 5 0 4 0 6 0 6 0 2 0 0 0 2 0 3 1 0 0 6 0 6 0 0 0 3 0 0 1 0 0 5 0 6 0 5 0 3 0 2 0 4 0 7 0 1 0 7 0 6 0 3 0 1 0 2 1 0 0 0 0 0 1 0 0 5 1 0 0 6 0 7 0 3 0 4 0 4 0 5 1 0 0 2 1 0 0 4 1 0 0 7 0 2 0 3 0 3 1 0 0 1 0 6 0 2
1 229 7 0 1 1 0 0 3 0 5 0 4 0 3 1 0 1 0 0 1 0 6 0 6 0 3 0 5 0 3 0 6 1 0 1 0 0 4 0 3 0 3 0 1 0 5 0 1 0 6 0 5 1 0 0 5 0 4 0 1 0 5 0 4 0 2 0 3 0 5 0 0 0 5 0 3 0 4 0 5 1 0 1 0 0 4 0 2 0 7 0 2 0 7 0 2 0 4 0 1 0 3 0 4 0 6 0 6 0 1 0 0 0 7 0 7 0 3 0 0 1 0 0 5 0 2 0 1 0 5 0 4 0 5 0 0 0 4 1 0 0 0 0 4 0 4 0 1 0 6 0 1 1 0 0 2 0 5 0 2 0 7 0 5 0 0 0 6 0 4 0 6 0 4 0 7 0 2 0 5 0 6 1 0 0 1 1 0 0 3 0 0 0 4 0 6 1 0 0 1 0 1 0 3 1 0 0 5 1 0 0 1 0 0 0 5 0 5 0 6 0 7 0 7 0 2 0 3 0 5
0 231 1 0 5 0 4 0 7 0 6 0 2 0 1 0 0 0 0 0 7 0 2 0 4 0 4 1 0 0 2 1 0 0 6 0 0 0 7 0 7 0 6 0 6 0 3 0 1 0 4 0 4 0 4 0 0 0 2 0 0 0 4 0 2 0 0 0 5 0 7 0 1 0 2 0 1 1 0 0 1 0 4 0 0 0 7 0 7 0 5 0 5 0 6 0 5 0 5 1 0 0 3 0 7 0 0 0 5 0 4 0 3 0 1 0 6 0 6 0 7 0 1 1 0 0 1 0 5 0 3 0 2 0 1 0 2 0 2 0 0 1 0 0 1 0 0 0 0 0 4 0 3 0 4 0 7 0 4 0 1 0 6 0 6 0 2 0 2 0 4 0 1 0 5 0 1 0 6 0 6 0 2 0 5 1 0 0 3 0 7 0 5 0 1 0 0 0 5 1 0 0 2 0 2 1 0 0 0 0 2 1 0 0 2 0 1 0 2 0 3 0 5 0 7 0 6 0 5 0 7 0 2
1 231 3 0 2 0 1 0 7 0 4 0 5 0 2 0 0 0 1 0 5 0 6 0 0 0 1 1 0 0 5 1 0 0 3 0 2 0 6 0 7 0 5 0 4 0 7 0 3 0 0 0 1 0 0 0 1 0 4 0 0 1 0 0 5 0 1 0 2 0 6 0 3 0 4 0 3 0 7 0 1 1 0 0 2 0 6 0 7 0 3 0 3 0 5 0 3 0 3 1 0 0 7 0 5 0 2 0 2 0 0 0 7 0 3 0 4 0 5 0 6 0 4 0 7 0 2 0 1 0 7 0 4 0 2 0 4 0 4 0 1 0 7 0 1 0 0 0 0 1 0 1 0 0 1 0 7 0 0 0 4 0 4 0 4 0 5 0 4 1 0 0 4 0 1 0 4 0 4 0 4 0 6 0 2 1 0 0 7 0 6 0 2 0 3 0 1 0 2 1 0 0 4 0 5 0 6 1 0 0 5 0 7 0 3 0 2 0 4 0 7 0 2 0 7 0 5 0 3 0 6 0 5
0 231 6 0 4 0 3 0 6 0 1 0 2 0 5 0 0 0 3 0 2 0 4 0 1 0 3 1 0 0 2 1 0 0 6 0 5 0 4 0 7 0 3 0 1 0 6 0 7 0 0 0 2 0 0 0 2 1 0 0 2 1 0 0 1 0 3 0 5 0 3 1 0 0 0 1 0 0 6 0 4 0 7 0 4 0 4 0 6 0 7 0 7 0 1 1 0 0 0 0 0 0 6 0 2 0 5 0 4 0 1 0 5 1 0 0 1 0 3 0 5 0 1 0 6 0 5 0 3 0 6 0 0 0 6 0 0 0 0 0 4 0 5 0 3 0 0 0 1 1 0 0 7 0 2 0 5 0 2 0 0 0 1 0 1 0 3 0 1 1 0 1 0 0 4 0 0 0 1 0 1 0 4 0 6 1 0 0 6 0 4 0 5 0 6 0 2 0 5 1 0 0 0 0 3 0 6 0 0 0 2 0 6 0 7 0 5 0 0 0 6 0 6 0 6 0 2 1 0 0 5 0 3
1 233 1 0 4 0 0 1 0 0 4 0 3 0 5 0 1 0 1 0 6 0 4 1 0 0 3 0 7 0 7 0 4 1 0 0 4 0 3 0 1 0 6 0 7 0 3 0 4 0 6 0 1 0 4 0 0 0 5 0 7 0 4 0 7 0 1 0 7 0 1 1 0 1 0 0 1 1 0 0 4 0 1 0 7 0 1 0 1 0 5 0 7 0 6 0 4 0 6 1 0 0 1 0 3 0 6 0 2 0 0 0 4 0 2 1 0 0 2 0 7 0 1 0 4 0 4 0 2 1 0 0 4 0 2 0 3 0 1 0 1 0 0 0 2 0 7 0 0 0 3 1 0 0 5 0 6 0 1 0 5 0 0 0 2 0 2 0 6 0 3 1 0 0 7 0 7 0 0 0 2 0 3 0 0 0 6 0 0 0 4 0 1 0 3 0 4 0 6 0 2 1 0 0 0 0 7 0 3 0 1 0 5 0 4 0 7 0 2 0 2 0 4 0 5 0 4 0 6 1 0 0 1 1 0
1 233 2 1 0 0 2 0 7 0 7 0 7 0 1 0 3 0 3 0 4 0 1 1 0 0 7 0 6 0 7 0 1 1 0 1 0 0 7 0 3 0 4 0 6 1 0 0 1 0 4 0 3 1 0 0 2 0 2 0 7 0 1 0 6 0 4 0 5 0 4 1 0 0 7 0 2 0 7 0 7 0 3 0 5 0 3 0 3 0 2 0 7 0 5 0 1 0 5 1 0 0 2 0 7 0 3 0 5 0 0 1 0 0 6 0 7 0 4 0 5 0 4 0 0 0 0 0 6 0 7 0 7 0 4 0 6 0 2 0 2 0 0 0 5 0 5 0 1 1 0 0 0 0 2 0 4 0 4 0 1 0 1 0 4 0 5 0 4 0 0 0 0 0 6 0 6 0 1 0 4 0 6 0 1 0 3 0 1 1 0 0 3 0 7 0 0 0 4 0 6 0 7 0 0 0 5 0 7 0 3 0 2 0 1 0 6 0 5 0 5 0 0 0 3 0 1 0 5 1 0 0 3 0 6
1 233 5 0 7 0 4 0 6 0 7 0 6 0 3 0 6 0 6 1 0 0 4 1 0 0 6 0 5 0 6 0 4 1 0 1 0 0 5 1 0 0 1 0 5 1 0 0 2 1 0 1 0 1 0 0 4 0 5 0 5 0 4 0 4 0 1 0 3 0 2 0 0 0 5 0 6 0 6 0 6 1 0 0 2 0 7 0 6 0 5 0 6 0 2 0 4 0 2 1 0 0 5 0 5 1 0 0 2 0 2 1 0 0 4 0 7 0 1 0 3 0 0 0 1 0 1 0 4 0 7 0 7 0 1 0 4 0 5 0 4 0 1 0 2 0 2 0 4 0 6 1 0 0 5 0 0 0 0 0 3 0 3 0 0 0 3 0 0 0 1 0 1 0 4 0 4 0 4 0 0 0 4 0 3 0 6 0 3 0 7 0 6 0 5 0 2 0 0 0 5 0 6 0 2 0 2 0 6 0 7 0 4 0 3 0 4 0 3 0 2 0 1 0 6 0 3 0 2 1 0 0 7 0 4
0 235 1 0 2 0 7 0 1 0 5 0 7 0 4 1 0 0 5 0 6 0 0 0 1 0 0 0 4 0 3 0 5 0 2 0 0 1 0 0 2 1 0 0 3 0 2 1 0 0 5 1 0 1 0 1 0 0 0 0 3 0 3 0 1 0 0 0 3 0 6 0 4 0 1 0 2 0 5 0 5 0 5 1 0 0 5 0 6 0 5 0 3 0 4 0 5 1 0 0 6 1 0 0 2 0 3 1 0 0 4 0 5 1 0 0 0 0 6 0 3 0 6 0 0 0 2 0 3 0 0 0 7 0 6 0 4 0 0 0 3 0 0 0 3 0 4 0 5 0 0 0 6 0 0 0 1 0 1 0 0 0 6 0 6 0 0 0 6 0 0 0 2 0 3 0 0 0 1 0 0 0 1 1 0 1 0 0 4 1 0 0 7 0 5 0 2 0 5 0 1 0 2 0 4 0 5 0 5 0 4 0 7 0 0 1 0 0 0 0 7 0 4 0 3 0 3 0 7 0 5 1 0 0 6 0 1
0 235 2 0 5 0 5 0 4 0 2 0 7 0 2 0 0 0 2 0 4 0 1 0 2 0 0 1 0 1 0 0 2 0 5 0 1 0 7 0 4 0 7 0 5 0 5 1 0 0 3 0 0 1 0 0 6 1 0 0 6 0 6 0 2 0 0 0 7 0 4 0 0 0 3 0 5 0 2 0 3 0 4 0 0 0 2 0 5 0 2 1 0 0 1 0 4 0 0 0 4 1 0 0 4 1 0 0 0 0 0 0 3 1 0 0 1 0 3 1 0 0 4 0 1 0 4 0 6 0 1 0 6 0 5 0 0 0 1 0 6 0 0 0 7 0 0 0 2 0 2 0 3 0 1 0 2 0 2 0 1 0 4 0 4 0 2 0 3 0 1 0 4 0 6 0 0 0 2 0 0 0 3 1 0 1 0 0 1 0 0 0 6 0 2 0 6 0 1 0 3 0 5 0 0 0 3 0 3 0 1 0 6 0 2 0 7 0 0 0 6 0 0 0 7 0 7 0 6 0 4 0 0 0 3 0 3
1 235 5 0 2 0 3 0 0 0 6 0 5 0 5 0 0 0 4 1 0 0 3 0 4 0 1 1 0 0 7 0 4 0 1 0 4 0 6 0 1 0 7 0 3 0 3 1 0 0 6 0 1 1 0 0 5 0 0 0 4 0 4 0 5 0 1 0 6 0 0 0 1 0 7 0 1 0 5 0 6 1 0 0 1 0 5 0 1 0 6 0 7 0 1 1 0 0 2 0 1 0 0 0 0 1 0 0 0 0 0 0 7 0 7 0 1 0 7 0 7 0 7 0 3 0 0 0 4 0 4 0 4 0 2 0 1 0 3 0 3 0 2 0 5 0 1 0 4 0 4 0 6 0 2 0 4 0 4 0 3 0 0 0 0 0 5 0 6 0 3 0 0 0 4 0 1 0 4 0 0 1 0 0 0 0 7 0 1 0 1 0 3 0 6 0 3 0 3 0 7 0 1 0 1 0 6 0 6 0 3 0 3 0 6 0 5 0 2 0 3 0 2 0 6 0 7 0 5 0 0 0 1 0 6 0 6
1 237 1 0 1 0 5 0 6 0 1 0 4 0 3 0 2 0 2 0 0 1 0 0 6 1 0 0 4 1 0 0 6 0 0 0 4 0 0 0 4 0 4 0 5 1 0 0 0 0 0 0 3 0 4 1 0 0 1 0 2 0 0 0 1 0 2 0 4 0 3 0 1 0 3 0 5 0 4 0 2 0 5 1 0 0 3 0 1 0 4 0 4 0 6 0 4 0 7 0 3 0 2 0 0 0 1 0 6 1 0 0 1 0 6 0 6 0 4 0 6 0 7 0 6 0 7 0 1 0 0 0 1 0 0 0 5 0 2 0 6 0 6 0 5 0 1 0 4 0 0 0 1 0 4 0 6 0 0 0 0 0 7 0 0 0 1 0 2 0 4 0 7 0 0 1 0 0 3 1 0 0 2 0 7 0 0 0 5 0 3 0 2 0 7 0 3 0 7 0 7 0 5 0 3 0 3 0 4 0 4 0 7 0 7 0 4 0 2 0 5 0 6 0 5 0 4 0 7 0 2 0 1 0 3 0 4 0 5
0 237 2 0 3 0 2 0 4 0 3 1 0 0 7 0 4 0 4 0 1 1 0 0 5 0 0 0 1 0 0 0 3 0 1 1 0 0 2 0 0 0 1 0 3 1 0 0 0 0 0 0 7 0 0 1 0 0 2 0 4 0 0 0 2 0 4 1 0 0 7 0 2 0 7 0 2 0 0 0 6 0 2 1 0 0 6 0 3 0 0 0 1 0 5 0 1 0 6 0 7 0 4 0 0 0 3 0 4 1 0 0 3 0 4 0 5 0 1 0 5 0 7 0 5 0 6 0 3 0 0 0 2 0 1 0 1 0 6 0 4 0 5 0 2 0 3 1 0 0 1 0 3 0 0 0 4 0 1 0 1 0 5 0 1 0 2 0 5 0 0 0 6 0 2 0 7 0 6 0 7 0 4 0 5 0 2 0 1 0 7 0 5 0 5 1 0 0 7 0 7 0 2 0 7 0 7 0 0 0 1 0 7 0 7 0 0 0 6 0 2 0 5 0 3 0 1 0 6 0 5 0 2 0 7 0 0 0 3
1 237 4 0 6 0 5 0 0 0 0 0 0 0 6 0 1 0 0 0 4 1 0 0 1 0 1 0 2 0 0 0 6 0 3 0 7 0 3 0 0 0 2 0 7 0 6 1 0 0 1 0 5 0 2 0 7 0 3 1 0 0 1 0 5 0 1 0 0 0 5 0 6 0 5 0 5 0 1 0 3 0 6 1 0 0 3 0 7 0 0 0 3 0 1 0 4 0 4 0 7 0 0 0 1 0 7 0 0 1 0 0 7 0 0 0 2 0 4 0 2 0 7 0 3 0 4 0 7 0 0 0 4 0 2 0 3 0 4 0 1 0 2 0 5 0 7 0 7 0 1 0 6 0 0 1 0 0 3 0 3 0 1 0 3 0 5 0 1 0 2 0 3 0 6 0 6 0 5 0 7 0 1 0 2 0 5 0 3 0 6 0 3 0 4 0 0 0 6 0 6 0 6 0 6 0 6 0 1 0 3 0 6 0 6 0 2 0 3 0 6 0 1 0 7 0 3 0 4 0 2 0 6 0 5 0 1 0 6
1 239 1 0 0 0 5 0 2 0 1 0 0 0 1 0 3 0 3 0 1 0 0 1 0 0 2 0 2 0 4 0 1 0 3 1 0 0 6 0 7 0 0 0 5 0 6 0 5 1 0 0 3 0 1 0 6 0 5 1 0 1 0 0 3 0 1 0 3 0 1 0 2 0 5 0 3 0 2 0 3 0 7 0 4 1 0 0 7 0 5 0 1 0 6 0 3 0 0 0 1 0 6 0 1 0 3 0 5 0 2 1 0 0 5 0 1 0 4 1 0 0 6 0 5 1 0 0 1 0 6 0 1 1 0 0 5 0 6 1 0 0 3 0 5 0 2 0 7 0 6 0 4 0 3 0 2 0 7 0 5 0 6 0 2 0 7 0 1 0 3 0 4 0 7 0 4 0 5 0 3 0 6 0 3 0 5 0 1 1 0 0 4 1 0 0 0 0 2 0 4 0 5 0 5 0 5 0 4 0 3 0 7 0 4 0 4 0 5 0 7 0 3 0 4 0 5 1 0 0 0 0 6 0 4 0 2 0 4 0 4
0 239 2 0 1 0 1 0 5 0 2 0 0 0 2 0 6 0 6 0 2 0 1 0 7 0 3 0 4 1 0 0 3 1 0 0 0 0 4 0 6 0 2 0 2 0 5 0 3 1 0 0 6 0 3 0 4 0 4 0 0 0 7 0 5 0 2 0 6 0 2 0 5 0 1 0 7 0 4 0 7 0 6 0 2 0 0 0 6 0 2 0 4 0 3 0 7 0 0 0 3 0 3 0 3 0 7 0 1 0 6 1 0 0 1 0 4 0 1 0 0 0 4 0 3 1 0 0 3 0 3 0 4 1 0 0 2 0 5 1 0 0 7 0 1 0 6 0 6 0 5 0 0 0 7 0 5 0 6 0 3 0 4 0 6 0 5 0 3 0 7 0 0 0 7 0 1 0 2 1 0 0 4 1 0 0 2 0 4 1 0 0 0 1 0 0 0 0 5 0 0 0 3 0 3 0 3 0 0 1 0 0 7 0 1 0 1 0 3 0 6 1 0 0 1 0 3 1 0 0 1 0 4 0 0 0 6 0 0 0 1
0 239 4 0 2 0 3 0 1 0 5 0 0 0 5 0 4 0 4 0 5 0 3 0 5 1 0 0 1 1 0 0 7 0 7 0 0 0 0 0 4 0 5 0 5 0 2 0 0 0 0 0 3 1 0 0 1 0 0 0 2 0 6 0 2 0 6 0 3 0 6 0 1 0 4 0 6 0 1 0 7 0 4 0 5 0 1 0 3 0 5 1 0 1 0 0 6 0 1 0 6 0 6 0 7 0 5 0 4 0 4 1 0 0 2 1 0 0 3 0 0 1 0 1 0 1 0 0 6 0 7 0 0 1 0 0 5 0 3 0 0 0 5 0 4 0 4 0 5 0 2 0 2 0 6 0 3 0 4 1 0 0 1 0 5 0 2 1 0 0 6 0 2 0 5 0 3 0 5 1 0 0 0 1 0 0 5 0 0 1 0 0 1 0 7 0 0 0 1 0 1 0 6 0 6 0 6 0 1 1 0 0 5 0 3 0 2 0 7 0 4 1 0 0 2 0 7 0 7 0 1 1 0 0 2 0 3 0 1 0 2
1 240 1 0 0 5 0 6 0 3 0 1 0 2 0 2 0 1 0 1 0 2 1 0 0 3 1 0 0 3 1 0 0 6 0 6 0 1 0 1 0 0 0 3 0 2 0 5 0 0 0 0 0 7 0 7 0 1 0 0 0 5 0 3 0 6 0 3 1 0 0 4 0 4 0 0 0 4 0 4 0 6 0 1 0 2 0 3 0 7 0 3 0 0 1 0 0 3 0 4 0 4 0 5 0 7 0 3 0 1 0 1 1 0 0 5 0 7 0 5 0 1 1 0 1 0 1 0 0 4 0 6 0 2 1 0 0 1 0 7 0 1 0 2 0 1 0 1 0 2 0 5 0 5 0 3 1 0 0 1 1 0 0 3 0 1 0 6 1 0 0 3 0 6 0 1 1 0 0 3 1 0 0 1 1 0 0 1 0 2 0 7 0 2 0 5 0 1 0 2 0 3 0 4 0 5 0 4 0 4 1 0 0 1 0 7 0 5 0 6 0 1 1 0 0 5 0 6 0 6 0 4 0 7 0 3 0 6 0 2 0 4
0 241 1 1 0 0 2 0 4 0 7 0 2 0 4 0 4 0 2 0 2 0 5 0 7 0 6 0 7 0 6 1 0 0 4 0 4 0 3 0 2 0 0 0 6 0 5 0 1 0 1 0 1 0 6 0 6 0 3 0 1 0 1 1 0 0 5 0 0 0 0 0 0 0 0 0 2 0 0 0 1 0 4 0 3 0 4 0 7 0 5 0 7 0 1 0 7 0 6 0 0 0 1 0 3 0 6 0 7 0 2 0 3 1 0 0 2 0 7 0 2 0 4 1 0 1 0 1 0 0 0 0 4 0 6 0 7 0 2 0 5 0 3 0 4 0 2 0 2 0 5 0 2 0 2 1 0 1 0 0 3 0 7 0 5 0 3 0 4 1 0 0 7 0 3 0 4 0 7 0 6 0 7 0 2 0 7 0 1 0 5 0 5 0 6 0 1 0 3 0 4 0 7 0 0 0 3 0 1 0 1 1 0 0 3 0 6 0 3 0 4 0 4 1 0 0 2 0 5 0 5 0 1 0 6 1 0 0 4 0 6 0 0
0 241 3 0 7 0 4 0 0 0 6 0 6 0 0 0 0 0 5 0 5 0 2 0 7 0 5 0 7 0 6 0 0 0 0 0 0 0 7 0 4 0 1 0 4 0 2 0 3 0 2 0 3 0 4 0 4 0 7 0 2 0 3 1 0 0 1 0 1 0 0 0 0 0 0 0 4 0 0 0 2 1 0 1 0 0 1 0 7 0 3 0 6 0 4 0 6 0 4 0 1 0 2 0 7 0 4 0 6 0 5 0 7 0 7 0 4 0 5 0 6 0 1 0 0 1 0 0 7 0 0 0 0 0 5 0 6 0 6 0 1 1 0 0 0 0 5 0 5 0 1 0 5 0 5 1 0 0 7 0 6 0 6 0 2 1 0 0 2 0 0 0 5 1 0 0 1 0 7 0 5 0 6 0 6 0 5 0 4 0 2 0 3 0 4 0 3 0 7 0 0 0 6 0 1 0 6 0 2 0 3 0 7 0 6 0 3 1 0 0 1 0 1 1 0 0 5 0 2 0 2 0 4 0 5 0 0 0 0 0 4 0 1
0 241 7 0 6 0 0 0 2 0 4 0 4 0 1 0 1 0 2 0 2 0 6 0 6 0 3 0 7 0 4 0 1 0 0 0 1 0 6 0 0 0 3 1 0 0 5 0 6 0 4 0 7 0 0 0 1 0 6 0 5 0 7 0 7 0 1 0 2 0 0 0 0 0 0 1 0 0 1 0 5 1 0 0 7 0 2 0 5 1 0 0 5 0 1 0 5 0 0 0 3 0 5 0 6 0 1 0 5 0 3 0 7 0 7 0 1 0 3 0 4 0 3 0 1 1 0 0 5 0 1 0 1 0 2 0 5 0 4 0 4 0 7 0 0 0 2 0 2 0 4 0 2 0 4 0 0 0 6 0 5 0 4 0 6 0 7 0 3 0 1 0 2 1 0 0 3 0 6 0 3 0 5 0 5 0 3 0 0 0 5 0 6 1 0 1 0 0 6 0 2 0 3 0 4 0 3 0 5 0 7 0 6 0 4 1 0 1 0 0 2 0 3 1 0 0 1 0 5 0 5 0 0 0 2 0 1 0 0 1 0 0 3
1 243 1 0 6 0 4 0 1 0 5 0 0 0 0 0 3 0 2 0 4 0 5 0 4 0 4 1 0 0 7 0 0 0 3 0 0 0 3 0 3 0 1 1 0 0 0 0 2 0 5 0 1 0 6 0 1 0 3 0 4 0 3 0 7 0 6 0 3 0 4 0 0 0 0 0 1 0 7 0 2 0 3 0 0 0 5 0 6 0 3 0 0 0 1 0 4 0 1 0 1 0 7 0 2 0 4 0 4 0 1 1 0 0 7 0 6 0 3 0 6 1 0 0 7 0 3 1 0 0 1 0 3 0 2 0 5 0 2 0 1 0 1 0 6 0 1 0 4 0 4 1 0 0 5 1 0 0 2 0 4 0 3 0 1 0 5 0 6 0 7 0 2 0 5 0 7 0 6 0 3 1 0 0 3 0 2 0 7 0 1 0 2 0 6 0 0 1 0 0 3 0 5 0 6 1 0 1 0 0 3 0 7 0 5 0 2 0 0 0 7 0 3 0 7 0 7 0 2 0 2 0 2 0 1 0 4 0 2 0 1 0 7 0 5
0 243 3 0 4 0 0 0 4 0 1 0 1 0 0 0 6 0 5 0 0 0 3 0 1 0 2 0 0 0 5 0 1 0 6 0 0 0 6 0 6 0 3 0 6 1 0 0 5 0 1 0 4 0 3 0 3 0 6 1 0 1 0 0 7 0 4 1 0 0 0 0 1 0 0 0 3 0 5 0 5 0 6 0 1 0 2 0 4 0 7 0 0 0 2 1 0 0 3 0 3 0 5 0 6 0 0 0 0 0 4 1 0 0 6 0 4 1 0 0 6 0 0 0 5 1 0 1 0 0 2 0 6 0 5 0 1 0 5 0 2 0 3 0 3 0 4 0 0 0 2 0 0 0 2 1 0 0 4 1 0 0 7 0 3 0 2 0 5 0 6 0 6 0 2 0 7 0 4 1 0 1 0 0 6 0 5 0 5 0 3 0 5 0 3 0 2 0 7 0 6 0 2 0 6 0 0 0 7 0 6 0 6 0 2 0 5 0 1 0 5 1 0 0 7 0 6 0 5 0 4 0 4 0 2 1 0 0 5 0 3 0 6 0 3
1 243 6 1 0 0 1 1 0 0 3 0 2 0 1 0 4 0 2 0 1 0 6 0 2 0 4 0 1 0 1 0 4 0 3 0 2 0 4 0 4 1 0 0 6 0 0 0 1 0 3 1 0 0 7 0 7 0 5 0 0 1 0 0 6 0 1 1 0 0 0 0 2 0 0 0 7 0 2 0 3 0 4 0 3 0 5 0 0 0 6 0 1 0 5 0 7 0 5 0 7 0 2 0 4 0 1 0 1 0 1 0 0 0 4 0 2 0 0 0 3 0 2 0 3 0 0 0 7 0 4 0 4 0 2 0 4 0 1 0 5 0 6 0 6 1 0 0 1 0 4 0 0 0 5 1 0 0 1 0 0 0 5 0 7 0 5 0 2 0 5 0 4 0 6 0 6 0 2 0 0 1 0 0 4 0 3 0 2 1 0 0 2 0 7 0 5 0 6 0 4 0 6 0 3 0 2 0 6 0 5 0 4 0 6 0 1 0 4 0 3 0 0 0 6 0 5 0 3 0 1 0 0 0 6 1 0 0 1 1 0 0 4 1 0
1 245 1 0 4 1 0 0 3 0 7 0 5 0 4 0 2 1 0 0 5 0 3 0 3 0 5 1 0 0 3 0 2 1 0 0 7 0 5 0 0 0 2 0 0 0 3 0 1 0 2 1 0 0 0 0 6 0 7 0 2 0 2 1 0 0 3 0 4 0 6 1 0 0 4 0 1 0 5 0 5 0 6 1 0 1 0 0 2 0 2 0 3 0 4 0 2 0 7 0 3 0 6 0 5 1 0 0 3 0 2 0 2 0 0 1 0 0 5 0 0 0 6 0 4 0 6 0 1 0 6 0 1 0 0 0 5 1 0 0 4 0 2 0 5 0 5 1 0 0 2 1 0 0 2 0 2 1 0 0 2 0 1 0 2 0 7 0 2 0 6 0 2 0 1 0 5 0 4 0 5 0 1 0 7 0 7 0 6 0 5 0 7 0 4 0 6 0 3 0 5 0 1 0 4 0 7 0 5 0 4 0 3 0 1 0 4 0 3 1 0 0 7 0 1 0 4 0 2 0 7 0 2 0 1 0 4 1 0 0 3 1 0 0 0 1 0
1 245 3 0 0 1 0 0 7 0 6 0 3 0 0 0 6 1 0 0 1 0 7 0 7 0 2 1 0 0 6 0 5 1 0 0 6 0 2 0 1 0 4 0 0 0 6 0 2 0 5 0 7 0 0 0 4 0 6 0 5 0 5 0 7 0 6 0 0 0 5 1 0 1 0 0 4 0 2 0 3 0 6 0 0 0 7 0 3 0 4 0 6 1 0 0 6 0 5 1 0 0 5 0 3 1 0 0 6 0 4 0 4 0 1 1 0 0 1 0 2 0 4 0 1 0 4 0 4 0 3 0 3 0 1 0 2 1 0 1 0 0 6 0 2 0 3 1 0 0 5 0 7 0 3 0 5 0 7 0 3 0 2 0 5 0 5 0 6 0 3 0 5 0 3 0 2 0 1 0 2 0 4 0 6 0 7 0 5 0 3 0 7 0 1 0 4 1 0 0 2 0 4 0 0 0 7 0 3 0 0 0 7 0 3 0 0 0 0 0 0 0 5 0 3 1 0 0 6 0 5 0 5 0 3 0 0 1 0 0 7 0 7 0 0 0 6
1 245 6 0 1 1 0 0 6 0 4 0 7 0 1 0 4 1 0 0 3 0 6 0 6 0 6 1 0 0 4 0 4 0 0 0 3 0 5 0 2 1 0 0 2 0 3 0 6 0 2 0 6 0 2 0 0 0 5 0 3 0 3 0 7 0 4 0 2 0 3 0 0 0 7 0 7 0 4 0 7 0 3 0 2 0 5 1 0 0 1 0 6 0 0 0 4 0 4 0 0 0 2 0 0 0 0 0 4 0 1 0 0 0 4 0 7 0 1 0 4 1 0 0 4 0 0 0 0 0 7 0 6 0 2 0 5 1 0 1 0 0 3 0 5 1 0 0 0 0 2 0 6 1 0 0 3 0 6 0 7 0 5 0 2 0 3 0 4 1 0 0 2 0 7 0 4 0 2 0 5 0 0 0 5 0 7 0 2 1 0 0 6 0 4 0 0 1 0 0 4 1 0 0 2 0 5 0 7 0 1 0 5 0 7 0 0 0 0 0 1 0 2 0 0 0 0 0 4 0 3 0 2 0 7 0 1 1 0 0 6 0 6 0 2 0 4
0 247 1 0 3 0 4 1 0 0 4 0 1 0 6 0 4 0 0 1 0 0 7 0 4 0 5 0 6 0 0 0 0 0 0 0 1 0 7 0 1 0 6 0 7 0 3 0 7 0 3 0 6 0 3 0 5 0 1 0 1 0 7 0 7 0 6 0 0 0 5 0 6 0 1 0 6 0 7 0 1 0 6 0 7 0 5 0 2 1 0 0 3 0 3 0 2 0 0 0 0 0 1 0 4 0 0 0 0 1 0 0 3 0 1 0 0 0 6 0 4 0 0 1 0 1 0 0 1 0 1 0 6 0 4 0 6 0 3 0 0 0 7 0 6 0 2 1 0 0 0 0 5 0 4 1 0 0 7 0 4 0 7 0 2 0 5 0 7 0 0 1 0 0 5 0 6 0 0 0 6 0 1 0 2 0 2 0 6 0 6 1 0 0 4 0 0 0 2 1 0 0 0 1 0 0 5 0 2 0 6 0 4 0 2 0 6 0 1 0 0 0 2 0 4 0 0 0 0 1 0 0 7 0 5 0 5 0 4 1 0 0 4 0 4 0 6 0 0
0 247 2 0 7 0 0 1 0 1 0 0 4 0 4 0 0 0 2 1 0 0 6 0 1 0 3 0 4 0 1 0 0 0 0 0 3 0 5 0 4 0 4 0 6 1 0 0 6 1 0 0 4 1 0 0 2 0 3 0 3 0 6 0 7 0 4 0 2 0 2 0 4 0 4 0 4 0 6 0 4 0 4 0 7 0 2 0 6 0 7 0 5 0 6 0 4 0 0 0 0 0 2 1 0 0 1 0 1 0 7 0 5 0 2 0 1 0 4 0 0 0 2 1 0 0 7 0 1 0 3 0 4 0 1 0 4 0 7 0 1 0 6 0 4 0 6 0 7 0 0 0 2 0 2 0 0 0 6 0 1 0 6 0 6 0 2 0 6 0 2 1 0 0 2 0 4 0 2 0 3 0 3 0 4 0 5 0 4 0 5 1 0 1 0 0 1 0 5 0 7 0 0 1 0 0 1 0 6 0 4 0 0 0 6 0 3 0 3 0 0 0 4 1 0 0 1 0 1 1 0 0 6 0 3 0 3 0 2 0 0 0 0 0 1 0 4 0 1
0 247 5 0 5 0 2 1 0 1 0 0 0 0 0 0 1 0 5 1 0 0 3 0 3 0 6 1 0 0 3 0 0 0 0 0 7 0 2 0 1 0 1 0 6 0 0 0 5 0 0 0 0 1 0 0 4 0 6 0 7 0 4 0 7 0 0 0 5 0 5 0 0 0 1 0 1 0 5 0 1 0 1 0 6 0 6 0 4 0 7 0 3 0 5 0 0 0 1 0 0 0 5 0 7 0 1 0 3 0 6 0 2 0 5 0 2 1 0 0 1 0 5 1 0 0 5 0 3 0 6 1 0 0 4 0 0 0 6 0 4 0 4 0 1 0 5 0 6 0 1 0 4 0 4 0 1 0 3 0 4 0 4 0 4 0 6 0 3 0 6 0 7 0 3 1 0 0 5 0 6 0 7 0 0 0 3 0 1 0 4 0 0 0 7 0 2 0 2 0 6 0 2 0 7 0 2 0 4 0 0 0 2 0 3 0 7 0 6 0 1 0 0 1 0 0 2 0 3 1 0 0 3 0 7 0 6 0 4 0 0 0 0 0 2 1 0 0 3
1 249 1 0 2 0 2 0 6 1 0 0 6 1 0 0 0 0 3 0 2 1 0 0 6 0 7 0 4 1 0 0 6 0 0 0 1 0 5 0 5 0 2 0 3 0 3 0 2 0 1 0 1 0 1 1 0 0 0 0 5 0 7 0 1 0 6 0 2 0 2 0 2 0 1 0 2 0 3 0 1 0 3 0 3 0 4 0 5 0 1 0 6 1 0 0 2 0 1 0 2 0 1 0 2 0 6 0 3 0 7 0 3 0 6 0 1 0 6 0 7 0 2 0 3 0 0 0 1 1 0 0 5 1 0 1 0 0 2 0 4 0 1 0 0 0 4 0 2 0 4 0 4 0 0 0 0 0 3 0 7 0 0 0 1 0 1 0 4 1 0 0 5 0 7 0 0 0 0 0 2 0 5 0 6 0 1 0 6 0 2 1 0 0 2 0 5 0 5 0 5 0 3 0 6 0 5 0 5 1 0 0 1 0 4 0 7 0 6 0 4 0 3 0 1 0 7 0 3 0 7 0 7 0 6 0 6 0 5 0 0 0 1 0 0 0 5 0 7 0 5
0 249 2 0 4 0 5 0 5 0 0 0 4 1 0 0 0 0 6 0 5 1 0 0 4 0 7 0 2 0 0 0 3 0 1 0 3 0 2 0 2 0 5 0 6 0 6 0 4 0 2 0 2 0 3 0 7 0 0 0 2 0 6 0 4 0 3 0 5 0 4 0 4 0 2 0 4 0 6 0 2 0 6 0 7 0 0 0 2 0 4 0 4 1 0 0 4 0 2 0 4 0 2 0 5 0 3 1 0 0 6 1 0 0 4 0 4 0 4 0 6 0 5 0 6 0 0 0 3 1 0 0 3 0 0 0 7 0 3 1 0 0 3 0 0 1 0 0 6 0 0 0 0 0 1 0 0 0 7 0 5 0 1 0 2 0 3 0 1 0 0 0 2 0 6 0 1 0 0 0 5 0 2 0 4 0 4 0 3 0 6 0 7 0 4 0 2 0 3 0 2 1 0 0 5 0 3 0 3 1 0 0 3 0 0 0 7 0 5 0 0 0 7 0 3 0 5 1 0 0 7 0 7 0 5 0 5 0 2 0 1 0 2 0 1 0 2 0 7 0 3
1 249 5 0 0 0 3 0 2 0 2 0 0 1 0 0 1 0 4 0 4 0 0 0 0 0 6 0 5 0 0 0 6 0 2 0 6 0 4 0 5 0 2 0 5 0 5 0 0 0 5 0 4 0 7 0 5 0 1 0 5 0 4 0 0 1 0 0 3 0 1 0 0 0 6 0 0 0 4 0 6 0 4 0 6 0 1 0 5 0 0 0 1 1 0 1 0 0 5 1 0 0 6 0 2 0 0 0 0 0 5 0 0 0 0 0 1 0 1 0 5 0 3 0 4 0 1 0 7 0 7 0 5 0 1 0 5 1 0 1 0 0 6 0 1 1 0 0 3 0 1 0 0 0 2 0 1 0 6 0 2 0 3 0 4 0 6 0 2 0 0 0 5 0 3 0 3 0 1 0 1 0 6 0 0 0 0 1 0 0 5 0 7 0 0 0 5 0 6 0 5 1 0 0 1 0 7 0 7 0 7 0 5 0 1 0 6 0 2 0 2 0 5 1 0 0 4 0 0 0 6 0 7 0 3 0 2 0 5 0 2 0 4 0 2 0 5 0 5 1 0
1 251 1 0 1 0 1 0 6 0 4 0 4 0 1 0 7 0 2 0 0 0 0 0 1 0 1 0 4 0 2 0 2 0 3 0 6 0 4 0 1 0 2 0 6 0 2 0 2 0 2 0 2 0 1 0 7 0 2 0 4 0 2 0 0 0 2 0 7 0 5 0 2 0 1 0 3 0 2 0 0 0 5 0 1 0 4 0 4 0 1 0 1 0 3 1 0 1 0 0 3 0 0 0 3 0 5 0 0 0 1 0 1 0 1 0 0 0 2 0 3 0 1 1 0 0 0 0 4 0 6 0 7 0 2 0 4 0 3 0 0 1 0 0 3 0 4 0 7 0 5 0 2 0 0 0 4 0 3 0 3 0 5 0 7 0 0 0 4 0 5 0 1 0 1 0 7 0 6 0 2 0 3 0 3 0 1 0 1 1 0 0 2 0 6 0 2 0 2 0 5 0 3 1 0 0 3 0 6 0 7 0 7 0 2 0 4 0 3 0 5 0 5 0 2 1 0 1 0 0 2 0 4 0 6 0 7 0 5 0 1 0 5 1 0 0 6 0 2 0 3 1 0
1 251 2 0 2 0 3 0 4 0 1 0 0 0 4 0 5 0 5 0 0 0 0 0 2 0 2 1 0 0 5 0 4 0 7 0 4 0 0 0 3 0 5 0 3 0 5 0 4 0 4 0 4 0 3 0 5 0 5 1 0 0 5 0 0 0 5 0 6 0 2 0 5 0 2 0 6 0 4 0 1 0 1 0 4 0 0 0 0 0 3 0 2 1 0 0 0 0 7 0 5 0 0 0 7 0 1 0 1 0 2 0 2 0 2 0 0 0 4 0 6 0 3 0 7 0 0 0 0 0 5 0 6 0 5 1 0 0 7 0 1 0 7 0 6 0 0 0 7 0 2 0 5 0 0 1 0 0 7 0 7 0 2 0 6 0 2 0 0 0 2 0 3 0 3 0 6 0 4 0 5 0 6 0 6 0 2 0 3 0 7 0 4 0 3 0 5 0 5 0 1 1 0 1 0 0 7 0 4 0 7 0 6 0 5 1 0 1 0 0 3 0 2 0 6 1 0 0 7 0 4 0 0 0 5 0 7 0 2 0 4 0 3 0 0 0 3 0 5 0 7 0 6
1 251 4 0 4 0 6 1 0 0 3 0 1 0 0 0 3 0 2 0 1 0 0 0 4 0 5 1 0 0 2 0 1 0 7 0 0 0 1 0 7 0 1 1 0 0 3 0 1 0 1 0 0 1 0 0 3 0 4 0 0 0 1 0 2 0 2 0 4 0 6 0 1 0 6 0 4 0 0 0 3 0 2 1 0 0 1 0 0 0 6 0 5 0 7 0 0 0 6 0 2 0 2 0 5 0 3 0 2 0 4 0 4 0 4 0 1 0 0 0 4 1 0 0 6 0 1 0 1 0 2 0 5 0 4 0 0 0 5 0 4 0 6 0 4 0 2 0 5 0 6 0 1 0 2 1 0 0 6 0 6 0 6 0 3 0 5 0 0 0 4 0 6 0 7 0 4 0 1 0 3 0 5 0 4 0 5 0 7 0 6 0 0 1 0 0 3 0 2 0 4 1 0 1 0 0 6 0 1 0 7 0 5 0 4 0 0 0 7 0 5 0 5 0 5 0 0 0 6 0 0 0 2 0 2 0 6 0 5 1 0 0 7 0 0 0 7 0 2 0 7 0 5
0 253 1 0 0 0 1 0 5 1 0 0 6 0 2 0 0 0 6 0 4 0 2 0 1 0 0 0 3 1 0 0 4 0 3 0 5 0 1 0 3 0 5 0 4 0 7 0 5 0 2 0 2 0 1 0 7 0 5 1 0 0 1 0 2 0 4 0 5 0 0 0 4 0 4 0 4 0 0 0 1 0 6 0 5 0 7 0 1 0 1 0 4 0 3 0 6 0 2 0 3 0 5 0 5 0 1 0 7 0 5 0 0 0 1 0 0 0 3 0 1 0 1 0 0 0 3 0 3 0 2 0 5 0 2 0 0 0 2 0 2 0 1 0 5 0 0 0 6 0 2 0 4 0 3 0 5 1 0 0 4 0 5 0 4 1 0 0 2 0 2 0 0 0 5 0 7 0 0 0 3 0 7 0 2 0 1 0 3 0 7 0 4 0 2 0 7 0 5 0 5 0 1 0 0 1 0 0 3 0 4 0 6 0 3 0 0 0 2 0 6 0 3 0 3 0 2 0 2 0 3 0 1 0 4 0 5 0 4 0 4 0 0 0 5 0 2 0 5 0 6 0 6 0 3
1 253 2 0 0 0 3 0 3 0 0 0 3 0 5 0 1 0 4 0 0 0 5 0 2 0 0 0 7 0 7 0 7 0 7 0 1 0 3 0 7 0 2 0 1 0 7 0 2 0 5 0 4 0 3 0 6 0 3 1 0 0 2 0 5 0 0 0 2 0 2 0 0 0 1 0 0 0 1 0 3 0 4 0 3 0 6 0 3 0 2 1 0 1 0 0 4 0 5 0 7 0 2 0 2 0 4 0 6 0 2 0 1 0 2 0 0 0 6 0 2 0 2 0 0 0 6 0 6 0 5 0 1 0 5 0 0 0 4 0 4 0 3 0 1 0 2 0 3 0 5 1 0 1 0 0 4 0 0 0 0 0 3 0 1 1 0 0 4 0 4 0 1 0 2 0 6 0 1 0 7 0 5 0 5 0 2 0 7 0 6 0 0 0 6 0 6 0 3 0 2 0 3 0 1 0 7 0 6 0 0 0 4 0 7 0 0 0 5 0 3 0 7 0 6 0 4 0 4 0 6 0 3 0 0 0 3 0 1 0 0 0 2 0 1 0 6 0 2 0 5 0 4 1 0
1 253 4 0 0 0 6 0 6 0 0 0 7 0 1 0 3 1 0 0 2 0 1 0 5 0 1 0 6 0 7 0 7 0 6 0 3 0 7 0 5 0 5 0 3 0 5 0 6 0 2 0 0 1 0 0 4 1 0 1 0 0 5 0 1 0 1 0 4 0 4 0 0 0 2 0 0 0 2 0 6 1 0 1 0 0 4 0 7 0 5 1 0 1 0 0 0 0 3 0 6 0 5 0 5 0 0 0 4 0 5 0 2 0 4 0 1 0 3 0 5 0 4 0 1 0 4 0 5 0 2 0 4 0 1 0 2 0 0 0 0 0 7 0 2 0 4 0 7 0 3 0 0 0 7 0 7 0 0 0 0 0 6 0 3 1 0 0 0 0 0 0 3 0 5 0 3 0 4 0 6 0 3 0 2 0 6 0 6 0 4 0 2 0 4 0 4 0 7 0 4 0 6 0 3 0 6 0 4 0 2 0 0 0 6 0 2 0 1 1 0 0 7 0 5 0 1 0 1 0 4 0 7 0 0 0 6 0 2 0 0 0 4 0 3 0 3 0 6 0 2 0 1 1 0
1 254 1 0 0 2 0 4 0 4 0 2 0 5 0 3 0 7 0 7 0 3 0 3 0 1 0 4 0 4 0 7 0 7 0 4 1 0 0 7 0 3 0 2 1 0 0 3 0 4 0 5 0 1 1 0 0 1 0 0 1 0 0 1 0 3 0 3 0 0 0 0 0 1 0 4 0 0 0 5 0 5 0 0 1 0 0 0 0 7 0 4 0 0 0 6 1 0 0 7 0 4 0 3 0 2 0 2 0 0 0 2 0 5 1 0 0 3 0 7 0 2 0 0 0 4 0 0 0 2 0 5 1 0 0 3 0 4 0 0 0 1 0 5 0 6 0 0 0 6 0 7 0 1 0 6 0 6 0 1 0 1 0 3 1 0 1 0 0 0 0 0 0 7 0 1 1 0 0 1 0 4 0 7 0 5 0 4 0 5 0 0 0 6 0 0 0 1 0 7 0 1 0 4 1 0 0 5 0 0 0 5 0 1 0 3 0 5 0 3 1 0 0 6 0 2 0 3 0 3 0 0 0 6 0 2 0 3 0 5 0 0 1 0 0 7 0 7 0 3 0 5 0 3 0 6
1 255 1 0 7 0 4 0 0 0 0 0 6 0 1 1 0 0 7 0 6 0 7 0 6 0 3 0 0 0 1 0 7 0 7 0 2 0 0 0 5 0 7 0 5 0 7 0 6 0 0 0 2 0 4 0 7 0 1 0 1 0 7 0 1 0 6 0 6 0 0 0 0 0 2 1 0 0 2 0 2 0 2 0 2 0 7 0 0 0 6 0 0 0 2 0 5 0 0 0 6 0 0 0 7 0 4 0 4 0 0 0 5 0 2 1 0 0 7 0 5 0 5 0 0 1 0 0 1 0 5 0 2 1 0 0 6 1 0 0 1 0 3 0 2 0 4 0 2 0 4 0 6 0 4 0 4 0 4 0 3 0 2 1 0 0 0 0 6 1 0 0 1 0 5 0 4 0 7 0 2 0 0 0 7 0 3 0 1 0 2 0 2 0 3 0 1 0 3 0 5 0 4 0 1 0 0 0 1 0 2 0 1 0 3 0 7 0 2 0 0 0 0 0 3 0 5 0 6 0 6 0 1 0 3 0 5 0 7 0 1 0 2 1 0 0 6 0 6 1 0 0 2 1 0 0 5
0 255 3 0 6 0 0 0 1 0 1 0 3 0 4 1 0 0 6 0 5 0 7 0 4 0 7 0 0 0 3 0 6 0 6 0 5 0 1 0 2 0 7 0 3 0 7 0 4 0 1 0 5 0 0 0 6 0 3 0 3 0 5 0 4 0 4 0 4 0 1 0 0 0 5 0 7 0 3 0 4 0 4 0 5 0 5 0 2 0 3 0 1 0 5 0 1 0 2 0 3 0 2 0 6 0 1 0 0 0 2 0 1 0 6 1 0 0 6 0 3 0 2 0 2 0 7 0 2 0 1 0 6 1 0 0 4 1 0 0 2 0 6 0 4 1 0 0 6 0 0 0 5 0 1 0 1 0 0 0 7 0 5 0 7 0 0 0 4 1 0 0 3 0 2 0 1 0 6 0 5 0 1 0 5 0 7 0 2 0 4 0 4 0 6 0 2 0 7 0 2 0 0 0 3 0 0 0 2 0 4 0 2 0 7 0 5 0 5 0 0 0 0 0 7 0 2 0 5 0 4 0 3 0 7 0 2 0 6 0 3 0 5 1 0 0 4 0 5 1 0 0 5 1 0 0 2
0 255 7 0 3 0 1 0 2 0 2 0 7 0 1 0 0 0 4 0 3 0 7 0 1 0 6 0 1 0 7 0 4 0 5 0 2 0 3 0 5 0 5 1 0 0 7 0 0 0 4 0 1 0 2 0 3 0 7 0 7 0 2 0 1 0 1 0 0 0 3 0 1 0 2 0 6 1 0 0 1 0 1 0 3 0 2 0 5 0 6 0 3 0 1 0 3 0 4 0 6 0 5 0 3 0 3 0 0 0 4 0 3 0 5 0 0 0 3 0 7 0 4 0 5 0 5 0 5 0 3 0 5 0 0 0 0 1 0 0 5 0 4 0 2 0 0 0 3 0 2 0 1 0 3 0 2 0 1 0 6 0 3 0 6 0 2 0 0 1 0 0 6 0 4 0 3 0 4 0 2 0 4 0 2 0 6 0 6 0 0 0 1 0 4 0 6 0 5 0 5 0 0 0 6 0 0 0 4 1 0 0 6 0 6 0 3 0 2 0 1 0 1 0 5 0 6 0 2 0 0 1 0 0 6 0 6 0 3 1 0 0 4 0 0 0 0 0 4 0 0 0 2 1 0 0 4
1 257 1 0 5 0 7 0 2 0 4 0 5 0 5 0 3 0 0 1 0 1 0 0 6 0 4 0 3 0 4 0 6 0 1 0 2 0 5 0 7 0 2 0 4 0 0 0 5 0 1 1 0 0 3 0 4 0 7 0 6 0 6 0 5 0 2 0 2 0 0 0 6 0 2 0 5 0 4 1 0 0 2 0 2 0 6 0 5 0 2 0 4 0 7 0 2 0 7 0 0 0 5 0 2 0 7 0 6 0 0 1 0 1 0 0 2 0 1 0 7 0 6 0 1 0 3 0 3 0 2 1 0 0 2 0 1 0 1 1 0 0 2 0 0 0 5 0 0 0 6 0 4 0 2 0 6 0 4 0 3 0 3 1 0 0 4 0 5 0 1 1 0 0 4 0 0 1 0 0 0 0 5 1 0 0 6 0 4 0 4 0 1 0 3 0 0 0 5 0 3 0 2 0 2 0 3 0 2 0 1 0 0 0 4 0 4 0 7 0 4 0 2 0 3 0 2 0 4 0 5 0 1 1 0 0 4 0 4 1 0 1 0 1 0 0 1 0 0 1 0 0 1 0 5 1 0 0 0
1 257 3 0 2 0 6 0 6 0 0 0 3 0 2 0 7 0 1 1 0 1 0 0 4 0 0 1 0 0 1 0 4 0 3 0 5 0 2 0 6 0 5 1 0 0 2 0 1 0 4 0 7 0 6 0 0 0 7 0 5 0 5 0 2 0 5 0 4 0 1 0 3 0 6 0 2 0 1 1 0 0 4 0 5 0 4 0 2 0 6 0 0 0 6 0 6 0 5 0 2 0 1 0 6 0 6 0 4 0 2 1 0 0 7 0 3 0 3 0 6 0 4 0 3 0 6 0 6 0 5 0 7 0 3 0 2 0 3 0 7 0 3 0 1 0 1 0 2 0 4 0 0 0 6 0 4 0 0 1 0 0 0 0 0 0 0 0 2 0 4 0 7 0 7 0 1 0 7 0 0 0 3 0 0 0 4 0 1 0 0 0 3 0 6 0 1 0 1 0 7 0 4 0 4 0 6 0 4 0 2 0 1 0 0 0 1 0 7 0 0 0 5 0 6 0 5 0 0 0 2 0 4 1 0 0 0 0 2 0 0 1 0 0 7 0 1 0 1 0 7 0 2 0 2 1 0 0 0
1 257 6 0 5 0 4 0 4 0 1 0 6 0 5 0 5 0 4 1 0 0 7 0 7 0 1 0 7 0 1 1 0 1 0 0 2 0 6 0 4 0 3 1 0 0 4 0 3 0 0 0 7 0 4 0 2 0 6 0 3 0 2 0 6 0 2 0 0 0 3 0 7 0 3 0 5 0 3 1 0 0 0 0 3 0 0 0 6 0 3 0 2 0 4 0 5 0 2 0 5 0 3 0 4 0 5 0 0 0 6 1 0 0 5 0 7 0 7 0 4 0 0 1 0 0 5 0 5 0 3 0 6 0 7 0 4 0 7 0 5 0 7 0 2 0 2 0 4 1 0 0 2 0 4 0 0 0 2 0 6 1 0 0 0 0 0 0 5 0 0 0 7 0 6 0 4 0 5 0 1 0 6 0 0 1 0 0 3 0 0 0 7 0 3 0 3 0 3 0 6 0 1 0 1 0 5 0 0 0 5 0 2 0 0 0 3 0 5 0 2 0 2 0 5 0 2 0 1 0 5 0 0 1 0 0 0 0 4 0 1 1 0 0 5 0 3 0 3 0 5 0 5 0 5 0 6 1 0
1 259 1 0 4 0 3 0 1 0 0 0 4 0 4 0 3 0 3 0 2 0 0 0 6 0 6 0 4 0 5 0 4 1 0 0 7 0 4 0 4 0 0 1 0 1 0 1 0 0 7 0 1 0 6 0 0 0 6 0 3 0 7 0 5 0 3 0 5 0 0 0 7 0 5 1 0 0 2 1 0 1 0 0 0 0 6 0 1 0 3 0 7 0 5 0 0 0 2 0 6 0 1 1 0 0 1 0 2 0 2 0 5 0 0 0 2 0 7 0 7 0 0 0 2 1 0 0 2 0 2 1 0 0 5 0 7 0 1 0 7 0 3 0 6 0 5 0 5 0 0 1 0 0 4 1 0 0 1 0 5 0 4 1 0 0 0 0 1 0 1 0 2 0 6 0 5 0 1 0 2 0 4 0 3 0 2 0 7 0 5 0 1 0 5 0 7 0 6 0 7 0 3 0 3 0 3 0 1 0 2 0 1 0 5 0 0 0 7 0 1 0 5 0 5 0 1 0 5 0 3 0 1 0 2 0 6 1 0 1 0 0 4 1 0 0 1 0 7 0 7 0 2 0 3 0 3 0 5 1 0
1 259 2 1 0 0 7 0 2 0 1 0 0 0 0 0 7 0 6 0 4 0 1 0 4 0 5 0 1 0 3 0 2 0 0 0 6 0 1 0 0 0 2 1 0 1 0 1 0 0 5 0 4 0 3 0 2 0 3 1 0 0 7 0 2 1 0 0 2 0 2 0 6 0 3 1 0 0 5 1 0 0 7 0 0 0 3 0 3 0 7 0 6 0 2 0 1 0 5 0 3 0 4 0 7 0 1 0 4 0 5 0 1 0 1 0 5 0 6 0 6 0 1 0 5 0 7 0 3 0 5 1 0 0 2 0 6 0 4 0 5 1 0 0 5 0 3 0 2 0 2 1 0 0 0 1 0 0 3 0 2 0 1 1 0 0 0 0 2 0 2 0 5 0 4 0 2 0 3 0 4 1 0 0 7 0 5 0 6 0 2 0 4 0 2 0 7 0 5 0 6 0 7 0 6 0 6 0 2 0 4 0 3 0 1 0 2 0 5 0 4 0 2 0 2 0 4 0 1 0 7 0 2 0 5 0 5 0 0 1 0 0 0 1 0 0 3 0 6 0 6 0 5 0 6 0 7 0 2 1 0
1 259 5 1 0 0 5 0 5 0 2 0 0 0 1 0 6 0 5 0 0 0 4 0 0 0 2 0 3 0 6 0 4 0 1 0 3 0 3 0 0 0 5 1 0 1 0 1 0 0 2 0 0 0 7 0 4 1 0 0 0 0 5 0 6 0 7 0 3 0 5 0 4 0 0 0 0 0 3 0 0 0 5 0 1 0 6 0 7 0 6 0 4 0 5 0 3 0 1 1 0 0 1 0 6 0 4 0 0 0 2 0 3 0 3 0 2 0 5 0 4 0 4 0 2 0 6 1 0 0 3 1 0 0 5 0 4 0 1 0 4 0 0 0 1 0 7 0 4 0 5 0 7 0 0 0 7 0 5 0 4 0 3 0 6 1 0 0 4 0 5 0 2 0 0 0 5 0 7 0 1 0 0 0 6 0 3 0 4 0 5 1 0 0 6 0 6 0 3 0 5 0 7 0 5 0 4 0 5 1 0 0 7 0 2 0 5 0 2 0 0 0 5 0 4 1 0 0 4 0 5 0 6 0 2 0 2 0 2 0 7 0 0 0 7 0 6 0 4 0 5 0 3 0 5 0 6 0 6 0 6
1 261 1 0 3 0 0 0 2 0 2 0 5 0 0 0 3 0 4 0 2 0 1 1 0 0 1 0 4 0 7 0 4 0 0 0 3 0 6 0 6 0 1 0 3 0 0 1 0 0 7 0 3 0 1 0 6 0 1 1 0 0 1 0 2 0 5 0 6 1 0 0 3 0 0 0 1 0 0 0 6 0 1 0 1 0 4 0 4 0 7 0 5 0 1 0 2 0 7 0 3 0 7 0 2 0 4 0 0 0 1 0 4 0 6 0 6 0 5 0 2 0 1 0 0 0 6 0 4 1 0 1 0 0 0 0 2 0 0 0 3 1 0 0 1 0 3 0 6 0 1 0 3 0 6 0 2 0 6 0 3 0 0 1 0 0 6 0 0 0 0 0 2 0 5 0 1 0 2 0 6 0 3 0 1 0 3 1 0 0 1 0 4 0 0 0 4 0 4 1 0 0 3 0 7 0 3 0 1 0 4 0 0 0 5 0 6 0 1 0 5 0 1 0 2 0 2 0 0 0 0 0 3 0 4 0 5 0 4 0 5 0 5 0 2 0 6 0 5 0 1 0 2 1 0 0 3 0 5 0 5 0 5
0 261 2 0 6 0 0 0 4 0 5 0 1 0 1 0 6 1 0 0 5 0 3 0 7 0 2 0 0 0 7 0 0 0 1 0 7 0 4 0 4 0 3 0 6 0 1 1 0 0 5 0 7 0 3 0 3 0 4 0 7 0 1 0 5 0 2 0 5 1 0 0 6 0 0 0 2 0 1 0 3 0 3 0 3 0 0 0 1 0 7 0 2 0 3 0 5 0 5 1 0 0 6 0 5 1 0 0 1 0 3 0 0 0 5 0 5 0 2 0 5 0 2 0 1 0 4 0 2 0 0 0 6 1 0 0 4 0 0 0 7 0 7 0 1 0 7 0 3 0 3 0 7 0 3 0 6 0 3 0 7 0 1 1 0 0 3 0 1 0 0 0 5 0 1 0 3 0 5 0 3 0 7 0 2 0 7 0 7 0 1 1 0 0 2 0 0 0 1 1 0 0 7 0 5 0 7 0 2 1 0 0 2 0 2 0 4 0 4 0 1 0 3 0 4 0 4 0 0 0 0 0 7 0 0 0 3 0 1 0 3 0 2 0 6 0 4 0 2 0 3 0 5 0 7 0 6 0 2 0 3 0 3
1 261 5 0 3 0 2 0 0 0 2 0 3 0 3 0 5 0 0 0 1 1 0 0 6 0 5 0 1 0 5 0 1 0 3 0 6 0 1 0 0 1 0 0 4 0 4 1 0 0 2 0 6 0 7 0 7 0 0 0 6 0 4 0 1 0 6 0 3 0 0 0 3 0 1 0 4 0 2 0 6 0 6 0 6 0 0 0 3 0 5 0 5 0 7 0 2 0 4 0 0 0 4 0 3 1 0 0 2 0 6 0 1 0 2 0 2 0 6 0 1 0 5 0 2 1 0 0 5 0 1 0 4 1 0 1 0 0 2 0 6 0 6 0 4 0 5 0 7 0 7 0 5 1 0 0 4 1 0 0 6 0 4 0 7 0 5 0 2 0 1 0 1 0 3 0 7 0 1 1 0 0 6 0 6 0 6 0 6 0 4 0 7 0 3 0 0 0 3 1 0 0 6 0 3 0 6 0 6 0 7 0 3 0 5 0 0 0 0 0 3 0 7 0 0 0 0 0 1 0 1 0 5 0 1 0 6 0 2 0 6 0 5 0 4 0 0 0 5 0 7 0 2 0 7 0 4 0 5 0 6 0 6
1 263 1 0 1 0 7 0 4 0 0 0 4 0 6 0 7 0 1 0 1 0 3 1 0 0 4 0 2 0 4 0 1 0 3 0 7 0 3 0 3 0 1 1 0 0 0 0 1 1 0 0 5 0 4 0 7 0 6 0 2 0 4 0 0 0 4 0 3 0 7 0 0 0 6 0 2 1 0 0 6 0 4 0 5 0 4 0 1 0 7 0 2 0 3 0 6 0 5 1 0 0 1 1 0 1 0 1 0 0 5 0 3 0 3 0 4 0 5 0 3 0 4 0 1 0 6 1 0 0 1 0 4 0 1 0 0 0 7 0 4 0 4 0 5 0 1 0 3 0 7 0 7 0 4 0 0 0 1 0 0 0 4 0 1 0 7 0 2 0 5 0 2 0 2 0 7 0 5 0 4 1 0 0 4 0 5 0 5 0 5 0 1 0 6 0 7 0 0 1 0 0 0 0 3 1 0 0 5 0 5 0 6 1 0 0 2 0 1 0 0 0 7 0 5 0 1 0 0 0 2 0 3 0 1 0 4 0 3 0 6 0 4 0 3 0 0 0 2 0 2 0 6 0 6 0 6 0 1 0 3 0 5 0 5
0 263 2 0 3 0 6 0 0 0 2 0 0 0 5 0 6 0 3 0 2 0 7 0 7 0 7 0 4 1 0 0 3 0 7 0 5 0 7 0 6 0 3 0 6 1 0 0 3 1 0 0 2 0 1 0 7 0 4 0 5 1 0 0 1 1 0 1 0 0 6 0 2 0 3 0 6 1 0 0 4 0 1 0 3 0 0 0 4 0 5 0 5 0 7 0 4 0 3 1 0 0 3 1 0 1 0 1 0 0 1 0 7 0 7 0 0 0 2 1 0 0 0 0 4 0 4 1 0 0 2 1 0 0 3 0 1 0 6 0 1 0 1 0 2 0 3 0 7 0 6 0 7 0 0 0 1 0 2 0 0 1 0 0 4 0 5 0 6 0 1 0 5 0 5 0 6 0 3 0 2 0 0 0 0 0 3 0 3 0 2 0 4 0 4 0 6 0 2 0 6 1 0 1 0 0 0 0 2 0 3 0 5 1 0 0 4 0 2 0 1 0 6 0 2 0 3 0 0 0 4 0 6 0 2 1 0 1 0 0 5 0 0 0 7 0 0 0 4 0 5 0 4 0 5 0 4 0 3 0 7 0 2 0 3
1 263 4 0 7 0 3 0 1 0 4 0 1 0 2 0 4 0 7 0 5 0 6 0 7 0 7 0 1 1 0 0 7 0 6 0 3 0 7 0 4 1 0 0 5 1 0 0 7 0 7 0 3 0 3 0 6 0 1 0 3 1 0 0 3 1 0 1 0 0 3 0 5 0 7 0 4 1 0 1 0 0 3 0 6 0 1 0 0 0 3 0 3 0 7 0 0 1 0 1 0 1 0 0 0 1 0 0 7 0 2 0 6 0 6 0 1 0 5 0 7 0 0 0 0 0 1 1 0 0 5 0 7 0 5 0 3 0 3 0 3 0 2 0 4 0 7 0 6 0 5 0 6 0 1 0 2 0 4 0 1 1 0 0 0 0 3 0 4 0 4 0 2 0 3 0 4 0 7 0 4 0 0 0 0 0 6 0 6 0 5 0 0 0 1 0 4 0 6 0 5 0 0 0 6 1 0 0 4 0 7 0 2 1 0 1 0 0 5 0 3 0 3 0 5 0 6 0 1 0 0 0 4 0 6 1 0 1 0 0 1 0 2 0 5 0 2 0 0 0 3 0 1 0 3 0 0 1 0 0 6 0 5 0 6
1 265 1 0 0 0 6 0 7 0 2 1 0 0 3 0 5 0 0 0 7 0 3 0 5 0 7 0 6 0 4 1 0 0 6 0 4 1 0 0 7 0 2 0 0 0 3 0 0 0 6 0 6 0 7 0 7 0 3 0 3 0 7 0 7 0 6 1 0 0 7 0 6 0 2 0 7 0 2 0 0 0 7 0 6 0 3 0 3 0 0 0 6 0 7 0 5 0 2 1 0 1 0 0 7 0 0 1 0 0 5 0 6 0 4 0 4 0 4 0 2 0 6 0 1 0 0 0 3 1 0 0 2 0 7 0 2 0 7 0 6 0 6 0 5 0 0 0 7 0 5 0 3 0 4 0 3 0 4 1 0 0 4 0 6 1 0 0 7 0 0 0 0 0 5 0 7 0 0 0 7 0 0 0 1 0 1 0 4 0 5 0 2 0 1 0 3 0 0 0 5 0 2 0 2 0 5 0 0 0 0 0 6 0 6 1 0 1 0 0 1 0 7 0 7 0 2 0 4 0 3 0 1 0 0 0 6 0 0 0 7 0 1 0 5 0 1 0 5 0 0 0 6 0 2 0 6 0 1 1 0 0 4 0 3 0 5
0 265 2 0 1 0 4 0 6 0 6 0 7 0 6 0 1 0 2 0 5 1 0 0 3 0 7 0 5 0 2 0 0 0 4 0 2 0 0 0 5 0 5 0 0 0 6 0 1 0 4 0 5 0 7 0 6 0 7 0 7 0 6 0 7 0 6 0 0 0 6 0 4 0 6 0 5 0 5 0 1 0 6 0 4 0 7 0 6 0 1 0 4 0 7 0 2 0 6 1 0 1 0 0 5 0 2 1 0 0 2 0 5 0 1 0 1 0 0 0 6 0 3 0 3 0 0 0 7 0 7 0 4 0 5 0 6 0 6 0 5 0 5 0 2 0 2 0 6 0 2 1 0 0 0 1 0 0 2 0 0 0 0 0 6 0 0 0 5 0 1 0 1 0 2 0 6 0 2 0 5 0 1 0 2 0 3 0 0 0 2 0 5 0 2 0 6 0 1 0 1 0 5 0 5 0 1 0 1 0 1 0 4 0 6 0 0 0 7 0 2 0 6 0 6 0 5 1 0 0 7 0 2 0 1 0 3 0 2 0 5 0 4 0 1 0 4 0 1 0 2 0 3 0 6 0 3 0 4 0 7 0 7 0 7 0 2
1 265 4 0 3 0 0 0 5 0 5 0 7 0 4 0 3 0 5 0 2 1 0 0 7 0 6 0 2 0 5 0 0 1 0 0 5 0 1 0 2 0 2 0 2 0 3 0 4 0 0 0 3 0 7 0 5 0 7 0 7 0 5 0 7 0 4 0 2 0 4 0 1 0 5 0 3 0 2 0 4 0 4 0 1 0 7 0 4 0 4 0 0 0 6 0 6 0 5 0 0 1 0 0 1 0 6 0 7 0 4 0 1 0 3 0 2 0 1 0 3 0 7 0 6 0 1 0 6 0 7 0 1 0 3 0 5 0 5 0 3 0 2 0 5 0 5 0 3 0 6 0 7 0 0 0 7 0 3 0 0 0 1 0 3 0 2 0 1 0 3 0 2 0 5 0 3 0 6 0 1 0 3 0 4 0 6 0 0 0 5 0 1 0 6 0 3 0 3 0 3 0 2 0 2 0 3 0 2 0 3 0 0 0 4 0 2 0 5 0 6 0 4 0 5 0 4 0 0 0 5 0 5 0 2 0 6 0 5 0 2 0 0 0 3 1 0 0 3 0 4 0 7 0 3 1 0 0 1 0 7 0 7 0 6 0 5
0 266 1 0 0 7 0 1 0 2 0 3 0 7 0 0 1 0 0 2 0 6 1 0 0 6 0 4 0 6 0 1 0 2 1 0 0 1 0 3 0 4 0 4 0 4 0 6 1 0 0 1 0 7 0 6 0 3 0 7 0 7 0 3 0 7 0 0 0 5 1 0 0 4 0 1 0 7 0 5 0 0 0 0 0 4 0 6 0 1 0 0 0 2 0 4 0 5 0 2 0 2 0 7 0 2 0 4 0 7 0 0 0 3 0 6 0 4 0 2 0 7 0 6 0 4 0 4 0 4 0 6 0 3 0 7 0 2 0 2 0 7 0 5 0 2 0 2 1 0 0 5 0 6 0 2 0 5 0 7 0 0 0 2 0 6 0 4 0 2 0 6 0 5 0 1 1 0 0 4 0 3 0 7 0 0 0 4 0 2 0 1 0 4 0 3 0 7 0 6 0 6 0 4 0 4 0 6 0 4 0 6 0 0 1 0 0 6 0 2 0 5 0 1 0 3 0 0 0 2 0 2 0 2 0 6 0 4 0 2 0 5 0 0 0 7 0 7 0 6 0 0 0 6 1 0 1 0 0 3 0 6 0 7 0 5 0 3
1 267 1 1 0 0 5 0 3 0 4 0 7 0 5 0 2 0 7 0 4 0 5 0 0 0 4 0 1 0 4 0 3 0 5 0 7 0 1 0 7 0 0 0 1 0 1 0 5 1 0 0 3 0 6 0 4 1 0 0 7 0 6 1 0 0 6 0 2 0 2 1 0 1 0 0 4 0 6 0 2 0 1 0 1 0 0 0 4 0 3 0 0 0 5 0 0 0 2 0 5 0 5 0 5 0 6 0 0 0 6 0 1 0 7 0 4 0 0 0 6 0 6 0 5 0 1 0 1 0 1 0 4 1 0 0 6 0 5 0 5 0 6 0 2 0 5 0 5 1 0 0 2 0 4 0 6 0 2 0 6 0 1 0 5 0 4 0 0 0 6 0 4 0 2 0 4 0 7 0 7 0 7 0 5 0 1 1 0 0 5 0 2 1 0 1 0 0 7 0 5 0 5 0 1 0 1 0 5 0 1 0 4 0 2 1 0 0 3 0 6 0 1 0 3 0 6 0 0 0 4 0 4 0 5 0 4 0 0 0 6 0 1 0 2 0 6 0 7 0 4 0 2 0 5 0 0 0 7 0 6 0 4 0 7 0 2 1 0
1 267 3 1 0 0 1 1 0 0 1 0 7 0 2 0 6 0 6 0 1 0 2 0 1 1 0 0 3 1 0 1 0 0 3 0 6 0 4 0 5 0 1 0 2 0 3 0 2 1 0 0 7 0 4 0 2 0 0 0 6 0 6 0 0 0 3 0 5 0 5 1 0 1 0 0 0 0 4 0 5 0 2 0 2 0 0 1 0 0 7 0 1 0 1 0 1 0 5 0 2 0 3 0 3 0 4 0 2 0 3 0 4 0 6 0 0 0 2 0 4 0 5 0 2 0 3 0 2 0 3 0 1 0 0 0 4 0 3 0 3 0 4 0 6 0 2 0 3 1 0 0 5 0 0 0 4 0 6 0 3 0 4 0 2 0 0 0 2 0 4 0 0 0 6 0 0 0 7 0 7 0 7 0 2 0 4 1 0 0 1 0 6 1 0 1 0 0 6 0 3 0 2 0 3 0 3 0 1 0 3 1 0 0 6 0 7 0 6 0 3 0 3 0 7 0 3 0 2 0 0 0 1 0 3 0 0 0 2 0 3 0 3 0 5 0 4 0 7 0 0 0 6 0 1 0 2 0 6 0 5 0 1 0 6 0 6 0 6
1 267 7 0 7 0 2 0 7 0 2 0 5 0 6 0 4 0 4 0 3 0 4 0 3 0 7 0 6 1 0 0 7 0 6 0 4 0 1 0 2 0 3 0 4 0 6 0 5 1 0 0 6 0 0 0 5 0 1 0 4 0 4 0 1 0 7 0 2 0 4 0 0 0 7 0 0 0 0 0 2 0 5 0 4 0 1 1 0 0 5 0 3 0 2 0 3 0 1 0 5 0 6 0 6 1 0 0 5 0 7 0 0 0 4 0 1 0 5 0 0 0 2 0 5 0 6 0 4 0 6 0 2 0 0 1 0 0 7 0 7 0 0 0 4 0 5 1 0 0 0 0 1 0 2 0 0 0 4 1 0 0 0 0 5 0 0 0 4 1 0 0 2 0 3 0 2 0 6 0 7 0 6 0 6 0 0 1 0 0 3 0 5 0 0 1 0 0 3 0 7 0 4 0 6 0 6 0 2 1 0 0 0 0 4 0 7 0 4 0 7 0 7 0 5 0 7 0 4 0 0 0 2 0 6 0 0 0 4 0 6 0 7 0 2 0 1 0 6 0 2 0 3 0 3 0 5 0 4 0 2 0 4 0 4 0 5 0 5
0 269 1 0 6 0 6 0 6 0 5 0 6 0 2 0 5 0 1 0 0 1 0 0 0 1 0 0 7 0 6 0 0 0 6 0 5 0 0 0 3 0 4 0 7 0 0 0 5 0 4 0 0 0 3 0 2 0 1 0 4 0 0 0 0 0 4 0 5 0 5 1 0 0 2 0 5 0 1 0 0 0 5 0 2 0 0 0 4 1 0 0 1 0 7 0 4 0 6 0 3 0 2 0 5 0 6 0 0 0 2 0 6 0 1 1 0 0 4 0 1 0 1 0 5 0 2 0 5 0 1 0 4 0 5 0 1 1 0 0 6 0 6 0 2 0 0 0 3 1 0 0 0 0 2 0 4 0 1 0 0 1 0 0 1 0 1 0 2 0 0 1 0 0 4 0 6 0 5 0 4 0 7 0 5 0 4 0 2 0 7 0 6 0 1 0 2 0 7 0 6 0 6 0 1 0 5 0 4 0 6 0 7 0 0 0 0 0 7 0 1 0 7 0 7 0 3 0 7 0 0 0 1 0 5 0 3 0 2 0 0 0 5 0 6 0 5 0 3 0 3 0 5 0 6 0 7 0 2 0 0 0 6 0 0 0 1 0 3 0 3
1 269 3 0 4 0 5 0 5 0 3 0 4 0 6 0 1 0 3 0 1 0 7 0 0 1 0 0 6 0 4 0 2 0 4 0 2 0 1 0 7 0 0 0 6 0 2 0 2 0 0 0 1 0 6 0 4 0 2 1 0 0 1 0 1 0 0 0 3 0 3 1 0 0 5 0 1 0 3 0 1 0 1 0 5 0 1 0 0 1 0 0 3 0 6 0 1 0 4 0 7 0 5 0 2 0 4 0 1 0 5 0 3 0 4 0 7 0 7 0 2 0 3 0 1 0 6 0 1 0 4 0 0 0 2 0 4 1 0 0 4 0 4 0 5 0 0 0 7 0 6 1 0 0 4 1 0 0 3 0 1 0 7 0 1 0 2 0 4 0 1 1 0 0 0 0 5 0 3 0 1 0 7 0 3 0 0 0 6 0 6 0 4 0 3 0 5 0 6 0 5 0 4 0 4 0 2 0 1 0 5 0 6 0 1 0 1 0 5 0 4 0 6 0 6 1 0 0 6 0 1 0 3 0 1 0 7 0 4 0 1 0 2 0 5 0 2 0 7 0 7 0 2 0 5 0 6 0 5 0 1 0 3 0 1 0 2 0 6 0 6
1 269 7 0 0 0 3 0 2 1 0 0 1 0 4 0 3 0 6 0 3 0 5 0 2 1 0 0 4 0 0 0 5 1 0 0 5 0 3 0 5 0 2 0 3 0 5 0 4 0 0 0 3 0 4 0 0 0 6 0 7 0 1 0 2 0 0 0 6 1 0 0 0 0 1 0 3 0 6 0 2 0 3 0 1 0 3 0 1 0 7 0 6 0 3 0 4 0 0 0 7 0 2 0 5 1 0 0 4 0 1 1 0 0 1 0 7 0 6 0 5 0 6 0 3 0 3 0 3 1 0 0 1 0 5 0 1 0 0 0 0 0 1 0 2 0 2 0 6 0 6 0 0 0 0 1 0 0 6 0 3 0 5 0 3 0 4 1 0 0 4 0 7 0 0 0 1 0 7 0 3 0 5 0 7 0 1 0 4 0 5 0 0 1 0 0 3 0 5 0 3 0 1 0 0 0 5 0 3 0 2 0 4 0 3 0 3 0 2 0 1 0 5 0 6 0 0 0 3 0 3 0 6 0 3 0 6 0 0 0 3 0 5 0 1 0 6 0 6 0 6 0 6 0 2 0 5 0 2 0 3 0 6 0 2 0 5 0 4 0 5
0 271 1 0 5 0 1 0 6 0 5 0 7 0 1 1 0 1 0 0 4 1 0 0 2 0 6 0 7 0 7 0 1 0 3 0 0 0 1 1 0 0 2 0 5 0 7 0 2 0 0 0 1 0 6 1 0 0 2 0 4 0 6 0 3 0 4 0 1 0 4 1 0 0 0 0 2 0 7 0 3 0 5 0 6 0 2 0 6 0 3 0 6 0 4 1 0 0 0 0 2 0 5 0 6 0 2 1 0 1 0 0 4 0 7 0 2 0 6 0 5 0 3 0 4 0 7 0 6 0 7 0 7 0 2 0 1 0 3 0 0 0 0 0 2 0 4 0 5 0 4 0 4 0 1 0 1 1 0 0 3 1 0 0 2 1 0 0 2 0 0 0 0 0 6 0 1 0 3 0 5 1 0 0 3 0 6 0 4 0 0 0 2 0 2 0 7 0 6 0 1 0 7 0 2 0 1 0 1 0 7 0 4 1 0 0 7 0 6 0 4 0 3 0 2 0 4 0 1 0 6 0 7 0 3 1 0 0 4 0 1 0 7 0 1 0 4 0 4 0 5 0 5 0 4 0 6 0 1 0 5 0 7 0 3 0 6 0 2 0 1 0 3
1 271 3 0 1 0 4 0 4 0 3 0 6 0 4 1 0 1 0 0 0 1 0 0 5 0 4 0 7 0 6 0 3 0 6 0 0 0 3 0 7 0 4 0 2 0 6 0 5 0 0 0 3 0 4 1 0 0 5 0 0 0 4 1 0 0 0 0 4 0 0 1 0 0 0 0 5 0 5 1 0 0 3 0 4 0 6 0 3 1 0 0 5 0 1 1 0 0 0 0 5 0 2 0 4 0 6 1 0 1 0 0 0 0 6 0 6 0 4 0 2 1 0 0 1 0 7 0 5 0 7 0 6 0 5 0 2 0 6 0 0 0 0 0 5 0 0 0 3 0 1 0 0 0 3 0 3 0 7 0 6 0 7 0 4 0 7 0 3 0 0 0 1 0 3 0 3 0 7 0 2 1 0 0 7 0 4 0 0 0 1 0 4 0 5 0 6 0 4 0 4 0 5 0 5 0 2 0 3 0 6 0 2 0 0 0 6 0 5 0 0 0 7 0 4 1 0 0 4 0 4 0 6 1 0 1 0 1 0 0 4 0 5 0 4 0 0 0 1 0 3 0 3 0 1 0 4 0 4 0 2 0 6 1 0 0 4 0 5 0 2 0 6
1 271 6 0 3 0 0 0 0 1 0 0 5 0 2 0 0 0 7 0 0 1 0 0 2 0 1 0 7 0 4 1 0 0 4 0 1 0 7 0 6 0 0 0 6 0 4 0 2 0 1 0 7 0 1 0 0 0 1 0 2 0 0 1 0 0 0 1 0 0 2 0 7 0 0 0 2 0 3 1 0 0 7 0 0 0 5 0 0 0 0 0 1 0 4 0 7 0 0 0 1 0 6 0 0 0 6 0 0 0 7 0 0 0 4 0 5 0 0 0 6 0 7 0 2 0 6 0 3 0 7 0 5 0 2 0 6 0 3 0 1 0 1 0 1 0 1 0 6 0 2 0 0 0 6 0 7 0 6 0 5 0 7 0 1 0 6 0 7 0 0 0 2 0 6 0 7 0 5 0 6 1 0 0 6 0 0 0 1 0 3 0 0 0 3 0 5 0 1 0 1 0 3 0 2 0 5 0 7 0 3 0 5 0 1 0 4 0 2 0 2 0 6 0 2 0 0 0 0 0 1 0 6 0 0 1 0 1 0 0 0 0 3 0 0 0 1 0 2 0 6 0 6 0 3 0 0 0 0 0 6 0 5 0 0 0 0 0 2 0 6 0 4
0 273 1 0 3 0 7 0 0 0 1 1 0 0 1 0 5 0 1 0 5 0 2 0 7 0 3 0 3 0 6 0 1 1 0 1 0 0 4 0 6 0 4 0 2 0 4 0 0 0 5 0 3 0 5 0 3 0 0 0 2 0 4 0 1 0 7 0 0 0 7 0 4 0 5 0 1 0 4 1 0 0 0 0 5 0 2 0 1 0 1 0 0 0 3 0 0 0 6 0 1 0 3 0 3 0 2 0 3 0 2 0 5 0 2 0 0 0 2 0 2 0 4 0 6 0 6 0 3 1 0 0 7 0 2 0 6 0 3 0 7 0 2 0 2 0 2 0 3 0 3 0 5 0 1 0 4 0 7 0 5 0 3 0 6 0 4 0 4 0 6 0 1 0 5 0 4 0 7 0 3 0 6 0 0 0 3 0 1 0 2 0 6 0 0 0 7 0 1 0 3 0 2 0 6 0 5 0 2 0 6 1 0 0 2 0 3 1 0 0 5 0 5 0 3 0 5 0 0 0 0 0 3 0 3 0 2 1 0 0 6 1 0 0 6 0 0 0 2 0 5 0 4 0 4 0 7 0 0 0 1 0 4 0 2 0 1 0 0 0 5 0 4 0 1
0 273 2 0 7 0 5 0 1 0 3 0 7 0 2 0 1 0 4 0 1 0 6 0 5 0 7 0 7 0 3 0 4 1 0 1 0 0 0 0 5 0 0 0 5 1 0 0 2 0 1 1 0 0 2 0 7 0 0 0 4 1 0 0 4 0 5 0 2 0 6 0 1 0 2 0 4 0 0 1 0 0 1 0 1 0 5 0 2 0 2 0 0 0 6 0 1 0 3 0 3 0 6 0 6 0 4 0 6 0 5 0 1 0 5 0 0 0 4 0 5 0 0 0 5 0 5 0 0 0 0 0 5 0 6 0 3 1 0 0 6 0 5 0 4 0 4 0 6 0 7 0 1 0 4 0 0 0 7 0 2 1 0 0 5 0 1 0 1 0 4 0 4 0 2 0 1 0 6 1 0 0 4 0 1 0 6 0 2 0 5 0 3 0 2 0 5 0 3 0 6 0 5 0 4 0 2 0 6 0 4 1 0 0 4 1 0 0 0 0 2 0 2 1 0 0 2 0 1 0 0 0 6 0 6 0 5 1 0 0 5 0 0 0 3 0 1 0 5 0 2 0 1 0 1 0 6 0 1 0 2 1 0 0 5 0 2 0 1 0 2 0 0 0 3
1 273 5 0 6 0 2 0 3 0 7 0 5 0 5 0 2 1 0 0 4 0 4 0 3 0 7 0 6 1 0 0 2 0 0 0 7 0 0 0 1 0 2 0 2 1 0 0 4 0 3 0 7 0 4 0 5 0 2 0 1 0 0 0 0 0 2 0 6 0 3 0 3 0 4 1 0 0 2 0 7 0 1 0 3 0 1 0 5 0 4 0 1 0 3 0 3 0 6 0 7 0 4 0 5 0 1 0 5 0 2 0 4 0 1 0 2 0 0 0 2 0 2 0 2 0 2 0 1 0 1 0 2 0 5 0 0 0 0 0 4 0 3 0 1 0 1 0 5 0 6 0 3 1 0 0 2 0 5 0 6 1 0 0 1 0 3 0 3 0 0 0 0 0 5 0 3 0 4 1 0 1 0 0 4 0 3 0 6 0 1 0 7 0 5 0 1 1 0 0 5 0 3 0 0 0 6 0 4 0 2 0 0 0 0 1 0 0 0 0 4 0 5 0 7 0 3 0 2 0 1 0 4 0 5 0 4 0 0 0 1 0 1 0 6 0 3 0 1 0 5 0 2 0 3 0 3 0 3 0 5 1 0 0 1 0 5 0 2 0 4 0 0 0 6
1 275 1 0 2 0 4 0 5 0 7 0 6 0 3 0 2 0 6 1 0 0 0 0 0 1 0 0 7 0 5 1 0 0 4 0 1 0 5 0 1 0 2 0 4 0 5 0 7 0 7 0 7 0 6 0 1 0 2 0 5 0 2 0 0 0 0 0 5 0 3 0 7 0 7 0 0 1 0 0 5 0 5 0 3 0 6 0 3 0 2 0 0 0 3 0 6 0 7 0 4 0 7 0 1 0 2 0 4 0 1 0 5 1 0 0 3 0 4 0 0 0 4 0 4 0 4 0 4 0 2 0 2 0 5 0 1 0 1 0 0 1 0 0 7 0 2 0 3 0 2 0 4 1 0 1 0 0 5 0 2 0 5 1 0 0 2 0 6 0 6 0 0 0 1 0 1 1 0 0 2 0 0 0 7 0 7 0 7 0 3 0 4 0 6 0 2 0 4 1 0 0 1 0 7 0 1 0 4 0 0 0 5 0 0 0 1 0 7 0 0 0 0 0 3 0 6 0 7 0 4 0 3 0 0 0 3 0 0 0 1 0 2 0 3 0 3 0 7 0 3 0 1 0 5 0 6 0 6 0 7 0 2 1 0 0 3 0 1 0 5 1 0 0 2 0 4
0 275 2 0 5 0 0 0 3 0 7 0 4 0 7 0 5 0 4 1 0 0 0 0 1 1 0 0 6 0 3 1 0 1 0 0 4 0 1 0 3 0 5 0 0 0 3 0 7 0 7 0 7 0 4 0 3 0 5 0 1 0 5 0 0 0 1 0 1 1 0 0 7 0 6 0 2 1 0 0 2 0 2 1 0 0 4 0 7 0 4 0 0 0 7 0 4 0 7 0 1 0 6 0 3 0 4 1 0 0 4 0 2 1 0 0 6 1 0 0 2 0 0 0 1 0 1 0 0 0 5 0 5 0 1 0 3 0 2 0 1 1 0 0 5 0 5 0 6 0 5 0 1 0 0 1 0 0 1 0 6 0 2 1 0 0 5 0 4 0 4 0 1 0 2 0 3 0 7 0 3 0 1 0 6 0 7 0 6 1 0 0 1 0 4 0 6 0 0 1 0 0 3 0 5 0 3 1 0 0 2 0 1 0 1 0 3 0 5 0 1 0 0 0 7 0 4 0 7 0 0 0 7 0 0 0 6 0 0 0 2 0 4 0 6 0 7 0 5 0 7 0 3 0 2 0 5 0 5 0 6 0 6 0 7 0 5 0 3 0 2 1 0 0 5 0 0
0 275 5 0 1 0 1 0 7 0 6 0 1 0 7 0 3 0 1 1 0 0 0 0 3 1 0 0 4 0 0 0 0 0 7 0 7 0 2 0 7 0 1 0 1 0 7 0 6 0 7 0 7 0 0 1 0 0 2 0 4 0 1 0 1 0 2 0 3 1 0 0 6 0 4 0 6 0 7 0 3 0 5 1 0 0 0 0 7 0 0 0 2 0 6 0 1 0 6 0 4 0 3 1 0 0 1 1 0 1 0 0 6 1 0 0 4 1 0 0 4 0 0 0 2 0 2 0 1 0 2 0 2 0 3 0 6 0 4 0 3 1 0 0 2 0 3 0 5 0 2 0 3 0 1 0 7 0 2 0 3 0 6 1 0 0 2 0 1 0 0 0 3 0 4 0 7 0 5 0 7 0 3 0 4 0 7 0 5 1 0 0 3 0 0 0 4 0 2 0 7 0 6 0 1 1 0 1 0 0 4 0 2 0 2 0 7 0 1 0 3 0 1 0 6 0 1 0 6 0 2 0 5 0 2 0 3 0 1 0 5 0 0 0 5 0 7 0 3 0 6 0 7 0 5 0 2 0 3 0 5 0 5 0 7 0 2 0 7 0 5 1 0 0 1 0 1
0 277 1 0 1 0 3 0 3 0 6 0 4 0 4 0 5 0 7 0 3 0 6 1 0 0 7 0 7 0 7 0 0 0 1 0 6 0 6 0 6 0 5 0 3 0 3 0 6 0 5 0 7 0 6 0 2 0 7 0 3 1 0 0 3 0 2 0 4 1 0 0 0 0 4 0 1 0 5 0 6 1 0 0 3 1 0 0 1 0 5 0 1 0 5 0 3 0 4 0 4 0 0 1 0 1 0 0 3 1 0 1 0 0 5 0 0 0 0 1 0 1 0 0 1 0 4 0 4 0 2 0 4 0 4 0 7 0 4 0 0 1 0 1 0 0 4 0 7 0 1 0 5 0 6 0 3 0 5 0 5 0 7 0 4 1 0 0 4 0 2 0 0 0 7 0 0 0 7 0 3 0 6 1 0 0 1 0 7 0 3 1 0 0 6 0 0 1 0 0 6 0 6 0 4 0 4 1 0 0 7 0 7 0 4 0 5 0 5 0 3 0 6 0 3 0 3 0 4 0 3 0 6 0 1 0 5 0 6 0 3 0 1 0 2 0 2 0 6 1 0 0 5 0 7 0 2 0 5 0 7 0 2 0 3 0 6 0 6 0 6 0 3 1 0 0 2 0 2
1 277 2 0 2 0 6 0 7 0 4 0 1 0 1 0 3 0 6 1 0 0 6 0 0 0 6 0 7 0 6 0 1 0 3 0 4 0 5 0 5 0 2 0 7 0 7 0 4 0 3 0 7 0 4 0 6 0 5 1 0 1 0 0 6 0 5 0 0 1 0 0 0 1 0 0 4 0 2 0 5 1 0 0 7 0 7 0 2 0 1 0 4 0 1 1 0 0 1 0 0 0 2 1 0 0 7 0 6 1 0 1 0 0 1 0 1 0 1 1 0 0 7 0 2 0 0 0 0 0 6 0 0 0 1 0 7 0 0 0 2 1 0 1 0 0 0 0 6 0 4 0 2 0 4 1 0 0 3 0 3 0 7 0 1 1 0 1 0 0 5 0 1 0 5 0 2 0 5 1 0 0 5 1 0 0 3 0 6 0 0 0 0 0 3 0 2 1 0 0 4 0 5 0 1 0 2 0 0 0 6 0 7 0 1 0 3 0 2 1 0 0 4 0 7 0 6 1 0 1 0 0 4 0 4 0 2 0 4 0 7 0 2 0 4 0 5 0 5 0 0 0 2 0 6 0 6 0 2 0 6 0 5 0 7 0 4 0 5 0 4 1 0 1 0 0 4 0 4
0 277 4 0 5 0 4 0 7 0 0 0 3 0 2 0 7 0 5 0 0 0 3 0 2 0 4 0 7 0 4 0 3 0 7 0 0 0 3 0 2 0 6 0 6 0 7 0 0 1 0 0 7 0 1 0 5 0 4 0 0 1 0 0 4 0 2 0 2 0 7 0 0 0 7 0 7 0 5 0 3 0 0 0 6 0 6 0 5 0 2 1 0 0 4 0 7 0 1 0 0 0 5 1 0 0 6 0 6 0 0 0 7 0 1 0 2 0 3 1 0 0 5 0 5 0 0 0 1 0 3 0 1 0 3 0 5 0 1 0 5 1 0 0 7 0 0 0 4 0 0 0 6 0 0 1 0 0 6 0 7 0 5 0 4 1 0 1 0 0 1 0 4 0 1 0 6 0 3 0 0 0 2 1 0 0 7 0 3 0 1 0 0 0 6 0 5 1 0 0 0 0 2 0 3 0 4 0 1 0 4 0 6 0 3 0 6 0 5 1 0 0 0 0 7 0 6 0 0 1 0 0 0 0 0 0 6 0 0 0 6 0 6 0 0 0 3 0 2 0 1 0 5 0 4 0 4 0 6 0 4 0 3 0 7 0 1 0 3 0 2 0 0 1 0 0 0 0 1
0 279 1 0 0 0 3 0 1 0 6 0 1 0 6 0 5 0 6 0 2 0 1 0 6 0 5 0 0 0 7 0 0 1 0 0 6 0 1 0 6 0 5 0 4 0 5 0 6 0 2 1 0 0 5 0 4 0 2 0 0 0 2 0 7 0 7 0 4 0 5 0 5 0 2 0 6 0 7 0 2 0 7 0 1 0 4 0 5 0 2 0 6 1 0 0 0 0 6 0 3 0 1 0 3 0 0 0 4 0 4 0 2 0 5 0 3 0 4 1 0 0 0 0 2 0 2 0 1 0 2 0 6 0 2 0 7 0 1 0 4 0 3 0 0 0 5 0 1 1 0 0 2 0 3 0 2 1 0 0 4 0 7 0 3 0 2 0 0 0 7 0 1 1 0 0 4 0 3 0 7 0 0 0 5 1 0 0 5 0 7 0 2 0 1 0 4 0 3 1 0 0 0 0 4 0 6 1 0 0 4 0 0 0 4 1 0 0 5 0 3 1 0 0 1 0 6 0 4 0 2 0 6 1 0 0 1 0 3 0 2 0 4 0 4 0 1 0 6 0 4 0 3 0 2 0 1 0 1 0 5 0 0 1 0 0 6 0 3 0 6 0 4 0 1 0 6 1 0 0 2
1 279 2 0 0 0 6 0 3 0 3 0 4 0 4 0 3 0 4 0 5 0 3 0 4 0 2 0 2 0 5 0 2 1 0 0 3 0 4 0 4 0 3 0 1 0 3 0 4 0 6 1 0 0 2 0 0 0 5 0 0 0 5 0 6 0 7 0 1 0 3 0 2 0 6 0 4 0 6 0 6 0 5 0 4 0 0 0 2 0 6 0 4 1 0 0 1 0 3 0 7 0 2 0 6 0 1 0 0 0 0 0 6 0 1 1 0 0 1 1 0 0 0 0 4 0 4 0 2 0 5 0 3 0 6 0 5 0 3 1 0 0 7 0 1 0 1 0 4 0 7 0 3 0 6 0 5 1 0 0 0 0 6 0 7 0 4 0 1 0 5 0 4 0 7 0 7 0 7 0 5 0 2 0 3 0 0 0 2 0 6 0 5 0 2 1 0 1 0 1 0 0 1 0 0 0 5 1 0 1 0 0 2 0 1 0 0 0 1 1 0 1 0 0 3 0 4 0 0 0 6 0 4 1 0 0 2 0 6 0 5 0 0 0 0 0 4 0 4 0 0 0 7 0 4 0 2 0 3 0 1 0 2 1 0 0 3 1 0 0 5 0 0 0 4 0 4 1 0 0 4
0 279 4 0 1 0 3 0 7 0 7 0 0 0 0 1 0 0 1 0 2 1 0 0 0 0 5 0 5 0 1 0 6 0 7 0 6 0 0 0 0 0 7 0 2 0 7 0 0 0 5 1 0 0 4 0 1 0 1 0 2 0 2 0 5 0 6 0 3 0 6 0 5 0 4 0 1 0 5 0 5 0 3 0 0 0 1 0 5 0 4 0 1 1 0 0 2 0 7 0 5 0 6 0 3 0 3 0 0 0 1 0 3 0 4 0 7 0 2 0 7 0 0 0 0 0 0 0 6 0 1 1 0 0 5 0 3 0 0 0 0 0 5 0 3 0 3 0 0 0 6 1 0 0 5 0 3 1 0 0 1 0 4 0 7 0 0 0 4 0 2 0 1 0 7 0 7 0 7 0 2 0 5 0 6 0 0 0 5 0 4 0 2 0 6 1 0 1 0 0 7 0 1 0 1 0 3 0 0 0 7 0 3 0 2 0 0 0 3 1 0 0 7 0 5 1 0 0 2 0 4 0 1 1 0 0 5 0 4 0 2 0 1 0 1 0 0 0 0 0 2 0 6 0 0 0 5 0 6 0 2 0 5 0 7 0 6 1 0 0 1 0 2 0 0 0 2 0 0 0 0
0 280 1 0 0 3 0 7 0 6 0 6 0 1 0 1 0 7 0 1 0 5 0 7 0 0 0 2 0 2 0 4 0 4 0 7 0 4 0 1 0 1 0 5 0 6 0 5 0 2 0 2 1 0 1 0 0 3 0 2 0 4 0 5 0 2 0 4 1 0 0 5 0 3 0 0 0 4 0 2 0 2 0 7 0 0 0 3 0 2 0 0 0 4 0 7 0 4 0 6 0 3 0 4 0 7 0 6 0 0 0 2 0 7 0 0 0 6 0 6 0 5 0 1 0 0 0 1 0 3 0 4 1 0 0 1 0 7 0 0 0 1 0 1 0 7 0 6 0 1 0 5 0 0 0 1 1 0 1 0 0 3 0 0 0 6 0 1 1 0 0 5 0 3 0 6 0 7 0 6 0 6 0 2 0 4 0 2 0 2 0 0 0 6 0 5 0 0 1 0 0 5 0 3 0 2 0 6 0 1 0 5 0 7 0 4 0 0 1 0 0 0 0 6 0 3 1 0 0 4 1 0 0 4 1 0 0 2 0 0 0 5 0 2 0 2 0 0 0 0 0 5 0 3 0 2 0 2 0 4 0 6 0 2 0 7 0 5 1 0 0 2 0 4 0 0 0 4 0 0 0 0
0 281 1 0 7 0 6 0 6 0 5 0 4 0 3 0 3 0 5 0 4 0 2 0 6 0 1 0 4 0 5 0 0 0 1 0 7 0 0 0 3 0 3 0 2 0 5 0 2 0 5 0 5 1 0 0 7 0 5 0 5 0 0 0 2 0 6 0 1 0 0 0 1 0 7 0 0 1 0 0 5 0 5 0 5 0 1 0 6 0 4 0 1 0 0 0 7 0 1 0 4 1 0 0 1 0 7 0 4 0 1 0 5 0 5 0 2 0 4 0 5 0 2 0 3 0 0 0 2 0 7 0 0 1 0 0 3 0 5 0 1 0 2 0 3 0 6 0 4 0 4 0 1 0 1 0 3 1 0 0 7 0 5 0 1 0 3 0 4 1 0 0 1 1 0 0 5 0 7 0 5 0 4 0 5 1 0 0 5 0 4 0 1 0 4 0 2 0 2 1 0 0 1 0 7 0 5 0 3 0 4 0 2 0 7 0 0 0 2 0 7 0 0 0 4 0 0 0 0 0 1 0 0 0 0 1 0 0 4 0 1 0 1 0 5 0 4 0 0 0 1 0 1 0 7 0 4 0 5 0 0 0 4 0 6 0 6 0 3 1 0 0 4 1 0 0 1 1 0 0 1 0 0
0 281 3 0 6 0 5 0 5 0 3 0 0 0 7 0 7 0 2 0 0 0 6 0 3 0 4 0 0 0 2 0 1 0 3 0 5 0 1 0 6 0 6 0 5 0 1 0 6 0 2 0 4 0 0 0 6 0 3 0 2 0 1 0 5 0 3 0 3 0 0 0 3 0 5 0 2 1 0 0 2 0 3 0 2 0 4 0 4 0 0 0 3 0 1 0 5 0 4 0 0 1 0 0 3 0 6 0 0 0 4 0 2 0 2 0 6 0 0 0 2 0 5 0 6 0 0 0 5 0 5 0 2 0 7 0 6 0 1 0 3 0 4 0 7 0 4 0 1 0 0 0 3 0 2 1 0 0 0 0 6 0 2 0 3 0 7 0 0 1 0 0 3 1 0 0 2 0 7 0 3 0 1 0 4 0 0 0 2 0 0 0 3 1 0 0 5 0 5 0 7 0 2 0 6 0 2 1 0 0 0 0 6 0 5 0 1 0 5 0 5 0 1 1 0 0 1 0 0 0 2 0 0 0 1 0 7 0 7 0 2 0 3 0 2 0 0 0 1 0 2 0 3 0 6 0 1 0 2 0 2 0 0 0 5 0 5 0 0 0 0 0 0 1 0 0 3 0 7 0 1 0 0
0 281 7 0 4 0 3 0 2 0 7 0 1 0 6 0 6 0 5 0 1 0 3 1 0 0 0 0 1 0 4 0 2 0 7 0 1 0 4 0 4 0 5 0 2 0 4 0 3 0 5 1 0 0 2 0 3 0 7 0 4 0 3 0 1 0 7 0 6 0 0 0 7 0 1 0 6 0 7 0 3 0 6 0 5 0 0 0 0 0 1 0 6 0 3 0 2 0 0 0 2 0 7 0 6 0 3 0 1 1 0 0 5 0 5 0 3 0 1 0 5 0 2 0 4 0 2 0 2 0 2 0 6 0 6 0 4 0 3 0 7 0 0 0 7 0 0 0 3 0 0 0 6 0 5 0 7 0 0 0 3 0 5 0 7 0 5 0 2 0 7 0 6 0 7 0 4 0 5 0 7 0 2 1 0 0 1 0 4 0 0 1 0 0 0 0 2 0 3 0 6 0 6 0 3 0 6 0 7 0 0 0 4 0 2 0 4 0 2 0 2 0 4 0 7 0 1 0 0 0 4 0 0 0 3 0 6 0 6 0 5 0 6 0 4 0 0 0 2 0 4 0 7 0 3 0 3 0 4 0 4 0 1 0 2 0 2 0 1 0 0 0 1 0 7 0 6 0 5 0 3 0 0
0 283 1 0 6 0 0 0 7 0 5 0 5 0 4 0 4 0 5 0 2 0 3 0 7 0 6 1 0 0 2 1 0 0 6 0 5 0 4 0 0 0 1 0 2 0 5 1 0 1 0 0 3 1 0 0 4 0 7 0 6 0 0 0 7 0 3 0 6 0 4 0 2 0 5 0 4 0 4 0 6 1 0 0 5 0 2 0 1 0 0 0 3 0 3 0 7 0 4 0 0 0 5 0 6 0 4 0 7 0 3 1 0 0 2 0 2 0 7 0 3 0 1 0 5 1 0 0 5 0 4 0 5 0 4 0 5 0 0 1 0 0 6 0 2 0 5 0 1 0 6 0 1 0 4 0 3 0 6 0 1 0 7 0 2 0 7 0 2 0 6 0 6 0 5 0 7 0 1 0 3 0 6 0 6 0 7 0 1 1 0 0 2 0 6 1 0 0 4 0 7 0 4 0 4 1 0 0 5 0 6 0 1 1 0 0 5 1 0 0 5 0 5 0 0 0 6 0 3 0 0 1 0 0 1 0 7 0 4 0 5 0 3 0 5 0 0 0 1 0 5 0 0 0 6 0 7 0 7 0 0 0 0 0 3 0 4 0 4 0 2 0 0 0 3 0 6 0 5 0 2 0 7 0 0
0 283 3 0 3 0 2 0 6 0 3 0 3 0 1 0 1 0 2 0 5 0 7 0 6 0 5 1 0 0 5 1 0 0 4 0 3 0 0 0 1 0 2 0 5 0 3 0 0 0 7 0 6 1 0 0 0 0 7 0 4 0 2 0 5 1 0 0 5 0 0 0 6 0 2 0 1 0 1 0 6 0 0 0 1 0 5 0 2 0 0 0 6 0 7 0 6 0 0 0 2 0 2 0 5 0 1 0 6 1 0 1 0 0 4 0 5 0 5 0 7 0 3 0 3 0 0 0 2 0 1 0 3 0 1 0 2 0 2 1 0 0 3 0 6 0 1 0 4 0 3 0 3 1 0 1 0 0 4 0 4 0 5 0 6 0 5 0 6 0 4 0 5 0 3 0 6 0 3 0 7 0 4 0 5 0 6 0 4 0 7 0 4 0 5 0 0 0 0 0 7 0 1 0 2 0 0 0 2 0 4 0 4 1 0 0 3 0 0 0 2 0 2 0 2 0 3 0 7 0 1 0 7 0 2 0 6 0 1 0 2 1 0 0 2 0 1 0 3 0 1 0 2 0 4 0 7 0 6 0 1 0 0 0 7 0 0 0 0 0 5 0 0 0 7 0 4 0 2 0 6 0 5 0 1
0 283 6 0 6 0 5 0 3 0 7 0 6 0 2 0 2 0 5 0 2 0 7 0 5 0 4 0 0 0 2 1 0 1 0 0 7 0 0 0 2 0 5 0 1 0 7 0 1 0 6 0 5 1 0 0 1 0 6 0 0 0 6 0 3 0 0 0 1 0 2 0 3 0 5 0 2 0 3 0 3 0 1 0 3 0 1 0 5 0 1 0 4 0 7 0 4 0 1 0 4 0 5 0 1 0 4 0 5 0 0 1 0 0 0 0 3 0 3 0 6 0 7 0 6 0 0 0 4 0 2 0 6 0 2 0 4 0 5 0 7 0 6 0 3 0 3 1 0 1 0 0 0 0 0 1 0 0 0 0 1 0 3 0 5 0 3 0 5 0 1 0 2 1 0 0 4 1 0 0 7 0 1 0 3 0 5 0 1 0 7 0 1 0 2 0 1 0 1 0 5 0 3 0 4 0 0 0 5 0 0 0 1 1 0 0 6 0 0 0 4 0 4 0 4 0 7 0 5 0 4 0 5 0 6 0 3 0 3 0 5 0 7 0 3 0 2 0 6 0 2 0 5 0 0 0 7 0 4 0 3 0 1 0 5 0 1 0 1 0 1 0 2 0 6 0 0 0 6 0 4 0 2 0 3
1 285 1 0 4 0 5 0 2 1 0 0 7 0 4 0 5 0 5 0 1 0 6 0 6 0 3 0 0 0 1 0 5 1 0 1 0 0 5 0 1 0 5 0 1 0 4 0 5 0 4 0 4 0 3 1 0 0 3 0 3 0 2 0 3 0 7 0 0 0 2 0 4 0 7 0 1 0 5 0 6 0 6 0 2 0 6 0 3 0 1 0 4 0 0 0 7 0 0 0 4 0 0 0 2 0 4 0 0 0 2 0 2 0 6 1 0 0 6 0 7 0 4 0 7 0 4 0 1 1 0 0 6 0 3 0 6 0 0 0 3 0 7 0 4 1 0 0 0 0 0 0 6 1 0 0 1 0 6 1 0 0 2 0 7 0 1 1 0 0 2 0 3 0 5 1 0 0 1 0 0 0 5 0 3 0 7 0 1 0 4 0 5 0 3 0 4 0 2 0 3 0 1 1 0 0 0 0 2 0 1 0 1 0 3 1 0 0 3 0 2 0 0 0 1 0 1 0 7 0 3 0 1 0 3 0 4 0 7 0 7 0 2 0 6 0 7 0 5 0 3 0 6 0 1 0 2 0 6 0 0 0 7 0 3 0 1 0 3 0 2 0 2 0 5 0 3 0 2 0 4 0 0 0 5 0 6
1 285 3 0 0 0 2 0 6 1 0 0 6 0 1 0 3 0 2 0 4 0 4 0 4 0 7 0 0 0 3 0 3 0 0 1 0 0 1 0 4 0 1 0 4 0 0 0 3 0 1 0 0 1 0 1 0 0 6 0 6 0 4 0 7 0 5 0 1 0 5 0 0 0 6 0 4 0 2 0 5 0 4 0 6 0 3 0 7 0 2 1 0 0 2 0 5 0 1 1 0 0 1 0 4 1 0 0 1 0 4 0 5 0 5 0 0 0 4 0 7 0 1 0 7 0 0 0 4 1 0 0 3 1 0 0 4 0 1 0 7 0 6 0 1 1 0 0 0 0 1 0 4 1 0 0 3 0 4 1 0 0 5 0 5 0 4 0 7 0 3 0 7 0 2 1 0 0 2 0 1 0 1 1 0 0 6 0 4 0 0 0 2 1 0 0 0 0 5 0 6 0 3 0 6 1 0 0 4 0 2 0 2 0 7 0 7 0 5 0 4 0 0 0 2 0 3 0 5 0 7 0 2 0 7 0 0 0 7 0 6 0 6 0 4 0 7 0 2 1 0 0 4 0 3 0 5 0 3 0 2 0 5 0 7 0 2 0 6 0 4 0 5 0 1 0 7 0 4 1 0 0 2 0 2 0 5
0 285 6 0 0 0 5 0 5 0 0 0 3 0 3 0 6 0 5 0 0 0 1 0 1 0 6 0 1 0 6 0 6 0 1 0 7 0 1 1 0 0 3 1 0 0 1 0 6 0 2 0 1 1 0 1 0 0 4 0 5 0 1 0 7 0 2 0 4 0 1 0 2 0 4 0 0 0 6 0 2 0 1 0 4 1 0 0 6 0 6 0 7 0 4 0 1 0 4 0 7 0 2 0 0 1 0 0 3 0 0 0 3 0 2 0 2 0 0 0 6 0 4 0 5 0 2 0 0 1 0 0 7 0 7 0 7 0 3 0 6 0 4 0 4 0 6 1 0 0 3 0 0 1 0 0 7 0 1 0 0 0 2 0 3 0 1 0 6 1 0 0 6 0 6 0 7 0 3 0 2 0 3 1 0 0 4 0 0 0 1 0 5 0 7 0 0 0 2 0 4 1 0 0 5 1 0 1 0 0 5 0 5 0 6 0 7 0 3 0 0 0 1 0 4 0 7 0 2 0 6 0 6 0 5 0 2 0 6 0 5 0 5 0 1 0 6 0 6 0 7 0 7 0 7 0 1 0 7 0 5 0 2 0 6 0 6 0 4 0 1 0 2 0 4 0 6 0 1 1 0 0 4 0 5 0 2
1 287 1 0 3 0 2 0 2 0 2 0 1 0 6 0 7 0 4 0 2 0 1 0 2 0 3 0 3 0 4 0 4 0 4 0 4 0 5 0 4 0 7 0 6 0 7 0 2 0 3 0 5 0 3 1 0 1 0 0 0 0 2 0 4 0 5 0 5 1 0 0 3 0 4 1 0 0 2 0 3 0 5 0 3 0 1 0 0 0 4 0 5 0 7 0 0 0 4 0 0 0 6 0 5 0 1 0 7 0 5 0 0 0 6 0 4 0 4 0 1 0 4 0 1 0 2 0 5 0 1 1 0 0 6 0 7 0 6 1 0 0 5 0 1 0 1 0 5 1 0 0 6 0 1 1 0 0 5 0 3 0 0 0 4 0 6 0 3 0 5 0 0 0 4 0 5 0 6 0 7 0 4 0 7 0 7 0 7 0 0 0 3 0 2 0 6 0 1 0 5 0 1 0 0 0 3 0 0 1 0 0 2 0 3 0 5 0 6 0 7 0 0 0 3 0 0 0 6 0 6 0 4 0 5 0 2 0 6 0 4 0 3 0 2 0 4 0 4 0 5 0 7 0 7 0 6 0 4 0 6 0 2 0 6 0 4 0 5 0 0 0 3 0 5 0 0 0 4 0 4 1 0 0 0 0 2 0 5
0 287 2 0 6 0 4 0 4 0 4 0 3 0 4 0 7 0 0 0 5 0 2 0 4 0 6 0 7 0 0 0 1 0 1 0 1 0 3 0 1 0 7 0 5 0 6 0 5 0 7 0 2 0 0 0 0 0 6 1 0 0 5 0 0 0 3 0 3 1 0 0 7 0 0 1 0 0 4 0 7 0 1 0 7 0 2 0 1 0 0 0 3 0 6 0 1 1 0 0 2 0 4 0 2 0 4 0 6 0 2 0 2 0 4 0 1 0 0 0 3 1 0 0 3 0 5 0 1 0 4 1 0 0 4 0 7 0 6 0 0 0 1 0 3 0 3 0 3 0 0 0 3 0 4 1 0 0 1 0 7 0 1 0 0 0 4 1 0 0 2 0 2 0 0 0 3 0 5 0 7 0 1 0 7 0 7 0 6 0 1 0 6 0 5 0 3 0 4 0 1 0 3 0 0 0 6 0 1 0 7 0 3 0 7 0 2 0 5 0 6 0 1 0 6 0 1 0 4 0 5 0 1 0 2 0 6 0 4 0 0 0 7 0 5 0 0 0 1 0 3 0 7 0 7 0 5 0 1 0 4 0 6 0 4 0 1 0 2 0 1 0 7 0 1 0 2 0 0 0 1 1 0 0 0 0 5 0 2
1 287 5 0 4 0 1 0 1 0 0 1 0 0 1 0 6 0 2 0 1 0 6 0 0 0 5 0 6 0 1 0 2 0 2 0 2 0 6 0 3 0 6 0 3 0 5 0 3 0 6 0 5 0 0 0 1 0 5 0 0 0 1 0 1 0 6 1 0 0 0 0 5 0 2 1 0 0 0 0 6 0 4 0 5 0 5 0 2 0 0 0 7 0 3 0 4 0 7 0 3 1 0 0 6 0 0 0 4 0 5 0 4 1 0 0 3 0 0 0 7 0 7 0 6 0 1 0 4 0 1 0 0 0 0 0 7 0 4 0 1 0 2 0 6 0 6 0 6 0 0 0 7 0 0 1 0 0 3 0 5 0 3 0 1 0 0 1 0 0 4 0 4 0 0 0 7 0 2 0 6 0 4 0 6 0 7 0 4 0 4 0 4 0 2 1 0 0 0 0 3 0 6 0 1 0 3 0 4 0 5 1 0 0 6 0 6 0 2 0 4 0 4 0 3 0 4 0 0 0 2 0 3 0 5 0 4 0 0 0 2 0 6 0 2 0 1 0 2 0 7 0 6 0 7 0 2 0 4 0 0 0 5 0 0 0 3 0 4 0 3 0 5 0 3 0 4 0 0 0 3 0 7 0 0 0 1 0 5
0 289 1 0 2 0 0 0 3 0 2 0 1 0 7 0 2 0 3 0 5 0 3 0 3 0 2 0 2 0 4 0 3 0 4 0 4 0 5 0 3 1 0 0 4 1 0 0 2 1 0 0 5 0 2 0 1 0 3 0 1 0 1 0 2 0 3 0 4 1 0 0 1 0 1 0 6 0 7 0 0 0 4 0 1 0 3 0 2 0 5 0 1 0 5 1 0 0 1 0 7 0 0 0 0 0 3 0 2 0 0 0 3 0 1 1 0 0 6 0 1 0 6 0 7 0 4 0 3 1 0 0 3 0 0 0 1 0 6 0 0 0 3 0 5 0 4 0 5 0 4 0 2 0 5 0 2 0 7 0 6 0 1 0 7 0 2 0 1 1 0 0 0 0 0 0 2 0 5 0 6 0 4 0 1 0 5 0 7 0 1 0 1 0 0 0 6 0 6 1 0 0 7 0 3 0 3 0 7 0 0 0 4 0 0 0 4 0 4 0 6 0 0 0 0 1 0 0 0 0 1 0 4 0 7 0 2 0 0 0 1 0 5 0 3 0 5 0 2 0 5 0 6 0 5 0 6 0 5 1 0 0 2 0 1 0 1 0 6 1 0 1 0 0 2 1 0 0 0 0 1 0 7 0 5 0 1 0 3 0 2
1 289 2 0 4 0 0 0 6 0 4 0 3 0 5 0 5 0 7 0 1 0 7 0 6 0 4 0 4 1 0 1 0 0 1 0 1 0 3 0 0 0 0 0 0 1 0 0 5 1 0 0 1 0 5 0 2 0 6 0 2 0 2 0 4 0 7 0 0 1 0 0 2 0 3 0 4 0 6 0 1 1 0 0 3 0 6 0 5 0 1 0 4 0 2 1 0 0 3 0 5 0 1 0 0 0 6 0 4 0 0 0 6 0 3 1 0 0 3 0 4 0 4 0 7 0 0 1 0 1 0 0 6 0 0 0 3 0 3 0 1 0 7 0 2 0 1 0 3 0 0 0 6 0 1 0 6 0 6 0 4 0 4 0 5 0 5 0 3 0 6 1 0 0 0 0 5 0 2 0 5 0 0 0 4 0 2 0 6 0 3 0 2 0 1 0 4 0 6 0 0 0 5 0 7 0 7 0 5 0 1 1 0 0 2 0 0 0 1 0 4 0 1 0 1 0 6 1 0 0 3 0 0 0 6 0 5 0 0 0 3 0 1 1 0 0 2 0 6 0 2 0 5 0 3 0 5 0 3 1 0 0 4 0 2 0 3 0 5 0 0 0 7 0 4 0 6 1 0 0 3 0 6 0 2 0 3 0 6 0 4
0 289 4 1 0 0 2 0 4 0 0 1 0 0 3 0 3 0 6 0 4 0 6 0 5 0 1 0 2 0 0 0 7 0 1 0 2 0 6 0 0 0 0 0 1 1 0 0 2 1 0 0 3 0 1 0 6 0 3 0 5 0 5 0 0 0 6 0 2 0 7 0 3 0 7 0 0 0 4 0 4 0 7 0 6 0 4 0 2 0 3 1 0 0 6 0 7 0 6 0 1 0 3 0 1 0 4 0 0 0 2 0 3 1 0 1 0 0 7 0 0 0 1 0 6 0 2 1 0 1 0 0 3 0 1 0 6 0 6 0 3 0 5 0 5 0 2 0 6 0 1 0 3 0 4 0 4 0 5 0 1 0 1 0 3 0 2 1 0 0 5 1 0 0 1 0 1 0 6 0 1 0 1 1 0 0 6 0 3 0 7 0 4 0 3 0 0 0 4 0 2 0 2 0 7 0 7 0 2 0 4 0 7 0 3 0 0 0 2 1 0 0 3 0 3 0 4 1 0 0 6 0 1 0 4 0 2 0 1 0 6 0 3 0 7 0 4 0 3 0 6 0 1 1 0 0 2 1 0 1 0 1 0 0 5 0 7 0 1 0 2 0 6 0 1 0 5 1 0 0 7 0 3 0 5 0 7 0 4 0 1
0 291 1 0 0 1 0 0 4 1 0 0 2 0 7 0 5 0 7 0 4 0 1 0 5 0 2 0 3 0 4 0 1 0 5 0 3 0 5 0 3 0 1 0 0 0 3 0 7 0 4 0 7 0 5 0 3 0 3 1 0 0 3 0 2 0 2 0 3 0 6 0 5 1 0 0 6 0 2 0 0 0 1 0 7 0 5 0 0 0 5 1 0 0 0 0 4 0 7 0 4 0 3 0 6 0 2 1 0 0 1 0 4 1 0 0 0 1 0 0 5 0 1 0 3 0 3 0 6 1 0 0 7 0 5 0 3 0 4 0 4 1 0 0 3 0 2 0 6 0 3 0 3 0 7 0 0 0 1 0 2 0 3 0 2 0 6 0 5 1 0 0 2 1 0 0 2 0 3 0 3 0 3 0 3 1 0 0 3 1 0 0 7 0 0 0 7 0 0 1 0 0 5 0 5 0 6 0 6 0 6 0 0 0 6 0 7 0 0 0 5 0 7 0 5 0 7 0 1 0 0 0 3 0 3 1 0 0 5 0 3 0 3 1 0 0 7 0 0 1 0 0 4 0 4 0 7 0 4 1 0 1 0 1 0 0 2 0 6 0 3 0 5 0 3 0 4 0 3 0 0 0 5 1 0 0 3 0 7 0 0 0 3
1 291 2 0 1 1 0 0 0 1 0 0 5 0 6 0 3 0 7 0 0 0 4 0 1 0 5 0 6 1 0 0 4 0 1 1 0 0 2 0 7 0 2 0 0 0 7 0 6 0 1 0 7 0 2 0 7 0 7 0 7 0 5 0 4 0 4 0 7 0 4 0 4 0 0 0 3 0 5 0 0 0 3 0 6 0 2 0 2 0 2 1 0 0 1 0 0 0 7 0 0 1 0 0 4 0 6 0 7 0 2 0 0 1 0 0 1 1 0 0 1 0 3 0 6 0 7 0 5 0 0 0 6 0 2 1 0 0 1 0 1 1 0 0 6 0 5 0 3 0 7 0 7 0 5 0 1 0 2 0 4 0 6 0 5 0 4 0 3 1 0 0 5 0 7 0 3 0 6 0 6 0 6 0 7 0 7 0 6 1 0 0 5 0 2 0 5 0 2 1 0 0 2 0 3 0 5 0 5 0 4 0 2 0 4 0 6 0 2 0 2 0 7 0 3 0 6 0 3 0 0 0 6 1 0 0 0 0 1 1 0 0 0 0 0 0 5 0 2 1 0 0 0 0 1 0 7 0 2 0 0 1 0 0 7 0 4 0 3 1 0 0 2 1 0 0 0 0 7 0 1 0 2 1 0 0 7 0 5 0 1 0 6
1 291 4 0 3 0 7 0 0 1 0 0 2 0 4 1 0 0 6 0 1 1 0 0 4 0 2 0 5 1 0 1 0 0 4 0 7 0 4 0 5 0 5 0 1 0 6 0 4 0 4 0 5 0 6 0 6 0 7 0 7 0 3 0 1 0 1 0 7 0 1 0 0 0 1 0 7 0 1 0 1 0 7 0 3 0 5 0 4 0 5 0 7 0 1 0 1 0 5 0 2 1 0 0 0 0 5 0 6 0 5 0 1 0 7 0 2 0 7 0 1 0 7 0 4 0 7 0 2 0 2 0 3 0 6 0 7 0 1 0 3 1 0 0 4 0 2 1 0 0 7 0 7 0 2 0 3 0 5 0 0 0 5 0 3 0 1 0 0 0 0 0 2 0 6 1 0 0 5 0 5 0 5 0 7 0 7 0 6 0 0 0 1 0 6 0 1 0 6 0 7 0 3 0 7 0 2 0 3 0 0 0 6 0 0 0 4 0 5 0 5 0 5 1 0 0 4 0 7 0 1 0 4 1 0 0 0 0 3 0 6 1 0 0 1 0 1 0 6 0 6 1 0 0 3 0 5 0 5 0 1 1 0 0 6 0 0 1 0 1 0 0 5 0 7 0 0 0 5 0 3 0 5 1 0 0 6 0 2 0 4 0 4
0 292 1 0 1 0 0 6 0 2 0 7 0 4 0 1 0 0 0 3 0 4 0 7 0 7 0 5 0 3 0 0 1 0 0 0 0 7 0 1 0 3 0 2 0 4 0 4 0 1 0 1 0 3 0 5 0 5 0 7 0 6 0 7 0 2 0 3 0 5 0 3 0 0 0 3 0 5 0 3 0 3 0 5 1 0 0 3 0 1 0 3 0 6 0 3 0 3 0 1 0 6 0 7 0 0 0 2 0 5 0 2 0 4 0 5 0 6 0 5 0 4 0 6 0 1 0 6 0 5 0 4 0 7 0 4 0 6 0 3 0 7 0 7 0 7 0 5 1 0 0 6 0 6 0 5 0 7 0 1 0 2 0 1 0 7 0 2 0 0 0 0 0 5 0 5 0 0 0 2 0 3 0 3 0 7 0 7 0 4 0 1 0 3 0 3 0 4 0 4 0 6 1 0 0 6 0 5 0 6 0 1 0 3 0 2 0 0 0 3 0 3 0 4 0 0 0 0 0 6 0 4 0 0 1 0 0 0 0 7 0 4 1 0 0 2 0 3 0 4 0 5 1 0 0 7 0 2 0 2 0 4 1 0 0 3 0 2 1 0 1 0 0 2 0 6 0 2 0 1 1 0 0 4 0 0 0 3 0 6 0 0 0 1
0 293 1 1 0 1 0 0 3 0 6 0 6 0 0 0 3 0 0 0 7 0 0 0 7 0 7 0 2 0 7 0 1 0 7 0 0 0 5 0 3 0 6 0 5 0 0 0 0 0 3 0 2 0 7 0 2 0 3 0 7 0 5 0 6 0 5 0 7 0 1 0 7 0 0 0 7 0 1 0 7 0 7 0 2 1 0 0 6 0 2 0 7 0 3 0 7 0 6 0 3 0 4 0 6 0 1 0 5 0 1 0 6 0 0 0 3 0 5 0 3 0 1 0 4 0 4 0 4 0 3 0 1 0 7 0 1 0 4 1 0 0 7 0 7 0 7 0 4 0 0 0 4 0 5 0 3 0 6 0 3 0 4 0 3 0 5 0 5 0 0 0 1 0 2 0 2 0 1 0 4 0 6 0 7 0 6 0 7 0 0 0 3 0 6 0 7 0 0 0 1 0 6 0 0 0 4 0 3 0 4 0 3 0 6 0 4 0 0 0 6 0 6 1 0 0 1 0 1 0 4 0 0 0 2 0 7 0 0 0 6 0 1 1 0 0 4 0 7 0 0 0 4 0 0 0 5 0 5 0 5 0 0 1 0 0 6 0 5 1 0 0 7 0 4 0 3 0 5 0 3 0 7 0 7 0 0 0 7 0 3 0 1 0 2
1 293 3 1 0 0 7 0 6 0 4 0 4 0 1 0 6 0 1 0 5 0 2 0 6 0 6 0 6 0 5 0 4 0 5 0 2 0 1 1 0 0 5 0 2 0 1 0 0 0 6 0 5 0 5 0 5 0 7 0 6 0 3 0 5 0 3 0 6 0 4 0 5 0 2 0 5 0 4 0 6 0 6 0 6 1 0 0 3 0 6 0 5 1 0 0 7 0 4 1 0 0 1 0 4 0 4 0 1 0 4 0 3 0 1 0 7 0 1 0 7 0 3 0 0 0 1 0 0 0 7 0 3 0 5 0 4 0 1 0 0 0 6 0 7 0 7 0 0 0 2 0 0 0 2 1 0 0 4 1 0 0 0 1 0 0 3 0 2 0 1 0 2 0 4 0 4 0 3 0 0 0 5 0 7 0 5 0 6 0 1 0 7 0 4 0 6 0 1 0 3 0 3 0 1 1 0 1 0 0 0 1 0 0 5 0 0 0 2 0 4 0 5 1 0 0 2 0 2 1 0 0 1 0 5 0 5 0 2 0 3 0 4 1 0 0 0 0 6 0 1 1 0 0 2 0 2 0 3 0 2 0 2 1 0 0 4 0 4 0 0 0 6 0 0 1 0 0 2 1 0 0 7 0 6 0 2 0 5 0 7 0 2 0 4
0 294 1 0 0 0 0 6 0 5 0 1 0 0 0 4 0 3 0 4 0 1 0 6 0 4 0 5 0 5 0 3 0 1 0 2 0 5 0 3 1 0 0 1 0 5 0 2 0 1 0 4 0 3 0 3 0 3 0 7 0 4 1 0 0 2 1 0 0 5 0 1 0 2 0 6 0 2 0 1 0 5 0 5 0 5 1 0 0 7 0 4 0 4 0 0 0 6 0 1 1 0 0 3 0 0 0 0 0 3 1 0 0 7 0 3 0 5 0 4 0 5 0 7 0 0 0 2 0 1 0 5 1 0 0 3 0 0 0 3 0 1 0 4 0 7 0 6 0 1 0 4 0 0 0 5 1 0 0 0 1 0 0 1 0 7 0 5 0 4 0 2 0 5 0 0 0 0 0 7 0 1 0 2 0 7 0 3 0 4 0 4 0 6 0 1 0 4 0 3 0 6 0 6 0 3 1 0 0 7 0 0 1 0 0 1 0 1 0 5 0 0 0 3 1 0 0 4 0 5 0 7 0 2 0 2 0 2 0 5 0 7 0 0 1 0 0 1 0 3 0 4 0 7 0 3 0 4 0 6 0 4 0 5 1 0 0 0 0 0 0 2 0 3 0 2 0 7 0 4 1 0 0 6 0 4 0 6 0 2 0 6 0 6 0 0
0 295 1 0 7 0 0 0 4 0 2 0 3 0 0 1 0 1 0 0 0 0 4 0 4 0 1 0 3 0 2 0 7 0 2 0 5 0 1 1 0 1 0 0 3 0 1 0 5 0 2 1 0 0 7 0 6 0 7 0 6 0 1 1 0 0 5 1 0 0 1 0 3 0 5 0 3 0 5 0 3 0 2 0 3 0 4 0 0 0 6 0 1 0 0 0 2 0 3 0 4 0 7 0 5 0 0 0 0 1 0 0 0 0 5 1 0 0 3 0 1 0 3 0 6 0 1 0 4 0 3 0 2 1 0 0 6 0 0 0 6 0 3 0 0 0 7 0 4 0 3 1 0 0 2 0 2 1 0 0 1 0 7 0 2 0 6 0 3 0 0 0 6 0 1 0 1 0 1 0 5 0 3 0 5 0 5 1 0 0 1 0 1 0 4 0 3 1 0 1 0 0 5 0 5 0 0 0 0 0 5 0 2 0 7 0 1 0 3 0 1 0 1 1 0 0 0 0 0 0 3 0 6 0 5 0 4 0 5 0 2 0 6 0 2 0 7 0 1 0 7 0 0 0 6 1 0 0 1 0 5 0 1 0 3 1 0 0 0 0 0 0 4 0 6 0 5 0 6 0 2 0 0 0 4 0 1 0 4 0 6 0 4 0 4 0 1
0 295 3 0 5 0 1 1 0 0 5 0 6 0 1 1 0 0 7 0 0 0 0 0 0 0 3 0 6 0 5 0 5 0 6 0 1 0 4 1 0 0 7 0 5 0 3 0 1 0 6 1 0 0 6 0 5 0 7 0 4 0 4 1 0 0 2 1 0 0 2 0 7 0 1 1 0 0 2 0 7 0 4 0 6 1 0 0 2 0 3 0 3 0 0 0 4 0 7 0 0 0 7 0 2 0 1 0 1 0 7 0 0 0 2 1 0 0 6 0 2 0 7 0 3 0 3 1 0 0 7 0 5 1 0 0 3 0 2 0 3 0 7 0 1 0 6 0 0 1 0 1 0 0 4 0 5 0 7 0 2 0 5 0 6 0 3 0 7 0 1 0 3 0 3 0 2 0 3 0 1 1 0 0 3 0 3 1 0 0 2 0 3 0 0 0 0 0 0 1 0 0 2 0 2 0 1 0 1 0 1 0 6 0 5 0 3 0 6 0 2 0 3 0 6 1 0 0 0 0 7 0 4 0 3 0 1 0 2 0 6 0 3 0 6 0 5 0 4 0 5 0 2 0 4 1 0 0 3 0 1 0 3 0 7 0 6 1 0 0 1 0 0 0 5 0 3 0 4 0 5 0 0 1 0 0 4 0 0 0 5 0 1 0 0 0 3
1 295 7 0 1 0 4 1 0 0 2 0 4 0 4 1 0 0 5 0 1 0 0 0 0 0 7 0 4 0 3 0 3 0 4 0 4 0 1 0 0 0 6 0 2 0 7 0 3 0 5 0 0 0 4 0 3 0 7 0 1 0 1 1 0 0 5 0 7 0 4 0 5 0 4 0 7 0 4 0 6 0 1 0 5 1 0 0 4 0 6 0 6 0 1 0 0 0 6 0 2 0 5 0 5 0 2 0 3 0 5 0 1 0 5 1 0 0 3 0 6 0 5 1 0 0 0 0 0 0 6 0 3 1 0 0 6 0 4 0 7 0 5 0 4 0 3 0 2 1 0 1 0 0 0 0 3 0 6 0 6 0 2 0 4 1 0 0 6 0 3 0 6 0 6 0 4 0 6 0 3 0 7 0 5 0 7 0 7 0 3 0 6 0 0 0 0 0 1 0 7 0 3 0 4 0 2 0 2 0 3 0 4 0 2 1 0 0 4 0 5 0 7 0 4 1 0 0 1 0 6 0 0 0 7 0 2 0 5 0 3 1 0 0 5 0 3 0 1 0 2 0 6 0 0 1 0 0 6 0 2 0 7 0 6 0 5 1 0 0 2 0 1 0 1 1 0 0 1 0 2 0 2 0 7 0 7 0 1 0 1 0 3 0 0 0 6
1 297 1 0 5 0 4 0 0 1 0 0 5 0 0 0 2 0 0 0 1 0 3 0 0 0 1 0 6 0 0 0 7 0 7 0 0 0 0 0 3 0 1 0 3 0 6 0 5 1 0 0 2 0 1 1 0 1 0 0 6 0 3 0 3 1 0 0 2 0 7 0 1 0 3 0 1 0 7 0 1 0 4 0 4 0 3 0 0 0 0 0 5 0 4 0 3 0 1 0 3 0 6 0 2 0 2 0 5 0 7 0 1 0 4 0 2 1 0 0 7 0 4 0 3 1 0 0 0 0 1 0 4 0 0 0 0 0 4 0 1 0 7 0 3 0 0 0 7 0 5 1 0 0 6 1 0 0 7 0 4 0 4 0 6 0 1 0 0 0 3 1 0 0 5 0 5 0 1 0 4 1 0 0 7 0 3 0 7 0 6 1 0 0 4 0 1 0 0 0 3 0 5 1 0 0 0 0 5 0 4 0 6 1 0 0 6 1 0 0 0 0 3 0 7 0 1 1 0 0 3 0 3 0 2 0 5 0 6 0 2 0 0 0 0 0 1 0 7 0 2 0 5 0 3 0 2 1 0 0 3 0 6 0 6 0 5 0 3 1 0 0 4 0 2 0 3 0 7 0 1 0 4 0 5 0 6 0 6 0 3 0 2 0 6 0 1 0 4
0 297 3 0 2 0 0 0 2 1 0 0 1 0 1 0 4 0 0 0 2 0 6 0 0 0 3 0 3 0 2 0 6 0 6 0 1 0 0 0 6 0 2 0 7 0 4 0 3 1 0 0 4 0 3 1 0 1 0 0 3 0 7 0 7 0 7 0 4 0 5 0 3 0 6 0 3 0 5 0 4 0 0 0 0 0 7 0 0 0 1 0 2 0 0 0 7 0 2 0 7 0 3 0 5 0 5 0 2 0 6 0 3 1 0 0 6 1 0 0 6 0 0 1 0 1 0 0 0 0 2 1 0 0 1 0 0 1 0 0 4 0 5 0 7 0 1 0 6 0 4 0 0 0 5 0 0 0 6 0 1 0 1 0 4 0 3 0 0 1 0 0 0 0 2 0 2 0 4 0 1 0 0 0 5 1 0 0 7 0 5 1 0 1 0 0 3 0 0 0 7 0 2 1 0 0 1 0 2 0 1 0 6 0 0 0 4 1 0 0 0 0 7 0 5 0 4 0 7 0 5 0 6 0 5 0 2 0 4 0 5 0 0 0 0 0 3 0 5 0 6 0 1 0 7 0 5 0 7 0 6 0 4 0 5 0 2 1 0 1 0 1 0 0 5 0 7 0 5 0 4 0 0 0 3 0 5 0 4 0 7 0 5 0 3 0 4 0 0
0 297 6 0 4 0 0 0 5 0 7 0 1 0 2 1 0 0 1 0 5 0 3 0 1 0 6 0 6 0 5 0 4 0 4 0 3 0 1 0 3 0 6 0 6 0 1 0 0 0 0 0 0 0 0 0 0 0 7 0 6 0 6 0 7 0 7 0 1 0 2 1 0 0 4 1 0 0 3 0 0 0 1 0 1 0 5 0 1 0 2 0 4 0 1 0 5 0 6 0 5 1 0 0 3 0 2 0 6 0 4 0 0 0 0 0 5 0 0 0 3 0 2 1 0 0 6 1 0 0 5 0 7 0 1 0 1 1 0 0 0 0 3 0 6 0 4 0 4 0 0 0 2 0 1 0 2 0 3 0 3 0 2 1 0 0 7 0 1 0 6 1 0 0 4 0 4 1 0 0 3 0 1 0 3 0 0 0 6 0 4 0 0 0 7 0 5 0 1 0 5 0 6 0 7 0 1 0 4 0 3 0 3 0 2 0 0 1 0 0 1 0 6 0 3 0 1 0 7 0 3 0 5 0 2 0 6 0 0 0 2 0 1 0 0 0 7 0 2 0 4 0 4 0 6 0 3 0 7 0 5 0 1 0 2 0 6 1 0 1 0 1 0 0 2 0 7 0 3 0 0 0 1 0 7 0 2 0 1 0 7 0 2 1 0 0 0 0 1
0 299 1 0 4 0 0 0 2 0 2 0 6 0 3 0 5 0 7 0 2 0 1 0 7 0 3 0 4 0 5 0 3 0 1 0 0 0 7 0 2 0 7 0 4 0 4 0 3 0 0 0 0 0 0 0 0 0 1 0 6 0 5 0 5 0 7 0 6 0 3 0 5 1 0 0 0 1 0 0 6 0 0 0 2 0 3 0 1 0 3 0 4 1 0 0 4 0 2 0 5 0 3 1 0 0 6 0 5 0 4 0 0 0 1 0 1 0 1 0 1 0 6 0 5 1 0 0 5 0 0 0 2 0 6 0 3 0 3 0 6 1 0 0 7 0 4 0 1 0 0 0 1 0 4 0 2 0 4 0 6 0 6 0 5 1 0 0 5 0 4 0 5 0 0 0 0 0 1 1 0 0 6 0 2 0 6 0 1 0 4 0 0 0 2 0 6 0 2 0 4 0 2 0 5 0 6 0 3 1 0 0 7 0 6 0 4 0 1 0 7 0 2 0 3 0 7 0 3 0 5 1 0 0 2 0 6 0 3 0 1 0 4 0 2 0 1 0 5 0 6 0 0 0 1 0 4 1 0 0 7 0 2 0 3 0 5 0 5 0 0 1 0 0 7 0 4 0 5 0 7 0 0 0 3 0 5 0 5 0 3 0 5 0 6 0 6 1 0 0 2
1 299 2 1 0 0 1 0 4 0 5 0 3 1 0 0 3 0 6 0 5 0 3 0 5 1 0 0 1 0 2 0 7 0 2 0 1 0 5 0 6 0 6 0 1 0 0 0 7 0 0 0 0 0 0 0 0 0 3 0 4 0 3 0 3 0 7 0 4 1 0 0 3 1 0 0 1 1 0 0 3 0 1 0 4 0 6 0 2 0 7 0 0 1 0 1 0 0 6 0 2 0 0 0 0 0 4 0 3 0 0 0 1 0 2 0 2 0 2 0 3 0 4 0 4 0 0 0 1 0 1 0 5 0 3 0 7 0 7 0 5 0 0 0 6 0 0 0 3 0 0 0 2 1 0 0 6 0 0 0 5 0 5 0 4 0 0 0 2 0 1 0 2 0 1 0 0 0 3 1 0 0 3 0 6 0 3 0 3 1 0 0 1 0 5 0 3 0 5 1 0 0 6 0 2 0 5 0 0 0 0 0 6 0 5 0 0 0 4 0 5 0 5 0 7 0 5 1 0 0 3 1 0 0 5 0 3 0 7 0 2 1 0 0 5 0 3 0 2 0 4 0 1 0 3 0 1 0 0 0 5 0 5 0 7 0 2 0 2 0 2 1 0 0 6 0 1 0 3 0 6 0 1 0 7 0 2 0 2 1 0 0 3 0 5 0 5 1 0 0 4
0 299 5 0 7 0 2 0 0 0 2 1 0 1 0 0 7 0 4 0 2 1 0 0 3 1 0 0 2 0 5 0 5 0 5 0 3 0 2 0 5 0 4 0 3 0 1 0 5 0 1 0 0 0 0 0 0 0 6 1 0 0 7 0 7 0 6 0 1 1 0 0 7 0 7 0 2 0 7 0 5 0 3 0 0 0 4 0 6 0 5 0 2 1 0 1 0 0 3 0 5 0 0 0 0 1 0 0 7 0 0 0 2 0 4 0 4 0 4 0 7 0 0 0 0 0 1 0 2 0 3 0 1 1 0 0 7 0 7 0 2 0 2 0 3 0 1 0 6 0 0 0 5 1 0 0 3 0 2 0 2 0 3 0 0 0 1 0 4 0 2 0 4 0 2 0 0 0 7 0 7 0 6 0 3 0 7 0 7 0 7 0 2 0 1 1 0 0 4 0 0 0 3 0 6 0 1 0 1 0 1 0 4 0 2 0 2 0 0 0 3 0 3 0 7 0 3 1 0 1 0 0 0 0 1 1 0 0 6 0 6 1 0 0 1 0 7 0 4 1 0 0 3 0 6 0 2 0 1 0 2 0 3 0 6 0 5 0 4 0 5 1 0 0 3 0 3 0 7 0 3 0 4 0 5 0 5 0 5 0 7 0 6 0 2 0 4 0 0 0 0
0 301 1 0 2 0 6 0 5 0 0 0 5 1 0 1 0 0 6 0 0 0 6 0 7 0 6 0 7 0 4 0 2 0 3 0 2 0 7 0 5 0 2 0 0 0 7 0 3 0 1 0 3 0 0 0 0 0 1 0 5 0 0 0 6 0 7 0 4 0 4 1 0 0 6 0 6 0 6 0 6 0 2 0 7 0 1 0 0 0 5 0 2 0 6 1 0 0 7 0 6 0 1 0 1 0 1 1 0 0 5 0 1 0 5 0 0 0 1 0 1 0 6 0 1 0 0 0 2 0 4 0 6 0 3 1 0 0 6 0 6 0 5 0 4 0 6 0 3 0 3 0 2 0 2 1 0 0 6 0 4 0 4 0 6 0 0 0 2 1 0 0 5 1 0 0 5 0 1 0 6 0 7 0 4 1 0 0 7 0 7 0 6 0 5 0 3 0 7 0 7 0 0 0 7 0 3 0 3 0 2 0 2 1 0 0 5 0 4 0 0 0 6 0 7 0 6 0 0 0 0 0 6 1 0 0 3 1 0 0 4 0 5 1 0 0 3 0 6 0 1 1 0 0 7 0 3 0 5 0 2 0 4 0 7 0 4 0 3 0 1 0 3 1 0 0 6 0 7 0 5 1 0 0 1 0 3 0 3 0 3 0 7 0 4 0 5 1 0 0 1 0 0
0 301 2 0 5 0 4 0 2 0 2 0 3 0 0 1 0 0 3 0 2 0 4 0 7 0 5 0 7 0 0 0 5 0 6 0 5 0 6 0 2 0 5 0 1 0 5 0 7 0 2 0 6 0 0 0 0 0 3 0 1 0 2 0 4 0 7 0 1 0 2 0 0 0 4 0 5 0 5 0 4 0 6 0 5 0 3 0 1 0 1 0 6 0 5 0 0 0 6 0 4 0 3 0 2 0 3 1 0 0 1 0 4 0 1 0 1 0 2 0 3 0 3 0 3 0 0 0 5 0 0 0 5 0 0 0 0 0 4 0 5 0 3 0 1 0 4 0 7 0 6 0 4 0 5 1 0 0 4 0 1 0 1 0 4 0 1 0 5 1 0 0 3 0 0 0 1 0 4 0 4 0 7 0 2 0 0 0 6 0 7 0 5 0 2 1 0 0 7 0 6 0 2 0 5 0 7 0 6 0 4 0 5 1 0 0 2 0 0 0 2 0 4 0 7 0 4 0 1 0 1 0 4 1 0 1 0 0 0 0 0 0 3 1 0 0 7 0 3 0 4 1 0 0 5 1 0 0 2 0 6 0 0 0 7 0 0 0 7 0 2 1 0 0 0 0 4 0 7 0 3 1 0 0 2 0 6 0 6 0 7 0 6 0 1 0 3 1 0 0 2 0 0
0 301 5 0 2 0 0 0 5 0 4 0 6 0 1 0 7 0 5 0 5 0 0 0 7 0 3 0 6 0 2 0 2 0 5 0 3 0 4 0 6 0 1 0 4 0 2 0 6 0 6 0 3 0 1 0 0 0 6 0 2 0 5 0 0 0 6 0 3 0 4 0 1 0 0 0 3 0 3 0 1 0 5 0 2 0 7 0 2 0 3 0 4 0 2 0 2 0 4 0 0 0 7 0 4 0 7 0 7 0 1 1 0 0 3 0 2 0 4 0 6 0 6 0 6 0 1 0 1 0 2 0 1 0 1 0 1 0 0 0 2 0 7 0 3 0 0 0 7 0 5 0 1 0 3 1 0 1 0 0 3 0 2 1 0 0 4 0 2 1 0 0 6 0 0 0 3 0 0 0 1 0 6 0 5 0 1 0 4 0 7 0 2 0 6 1 0 0 6 0 4 0 6 0 2 0 7 0 5 0 1 0 3 1 0 0 4 0 0 0 5 0 0 0 7 0 0 0 3 0 3 0 1 0 0 0 6 1 0 0 0 1 0 0 0 0 5 1 0 0 2 0 0 0 2 1 0 0 5 0 3 0 2 0 5 0 2 0 5 0 6 0 7 0 0 0 0 0 6 1 0 1 0 0 5 0 4 0 5 0 7 0 4 0 3 0 7 0 7 0 3 0 0
0 303 1 0 1 0 5 0 1 0 2 0 1 0 4 0 4 0 6 0 3 0 2 0 2 0 5 1 0 0 4 0 5 0 5 0 1 1 0 0 1 0 4 0 3 1 0 0 6 0 4 0 4 0 7 0 2 0 1 0 3 0 6 0 1 0 2 0 3 1 0 0 0 0 3 0 0 0 6 0 6 0 3 0 1 0 6 0 5 0 5 0 6 1 0 0 5 0 4 1 0 0 2 0 6 0 1 0 7 0 6 0 4 0 7 0 5 0 5 0 0 0 5 0 5 0 4 0 3 0 2 0 4 0 2 0 2 0 2 0 0 0 5 0 5 0 7 0 1 0 6 0 2 0 3 1 0 0 0 0 7 0 5 0 5 0 7 0 7 0 5 1 0 0 3 0 1 0 6 0 0 0 3 0 4 0 2 0 4 0 0 0 6 0 6 0 5 0 0 0 4 0 1 0 4 0 6 0 6 0 2 0 3 0 7 0 7 0 7 0 1 0 1 0 2 0 5 0 1 0 6 0 6 0 2 0 1 0 4 1 0 0 1 0 7 0 0 0 2 1 0 0 4 0 0 0 5 1 0 0 1 0 7 0 5 0 1 0 6 0 2 0 5 0 6 0 1 0 1 0 5 0 0 1 0 0 2 0 1 0 3 0 7 0 0 1 0 0 7 0 6 0 7 0 0
0 303 2 0 3 0 1 0 3 0 4 0 3 0 0 0 1 0 4 0 7 0 4 0 5 0 3 0 0 0 0 0 3 0 2 0 4 0 7 0 2 0 0 0 0 0 0 0 4 0 1 0 1 0 6 0 5 0 2 0 7 0 3 0 3 0 4 0 7 0 6 1 0 0 6 0 1 0 4 0 4 0 7 0 3 0 4 0 3 0 3 0 6 0 0 0 2 0 1 1 0 0 5 0 3 0 4 0 6 0 5 0 1 0 7 0 3 0 2 0 2 0 2 0 3 0 0 0 7 0 4 1 0 0 5 0 4 0 4 0 1 0 2 0 3 0 6 0 4 0 3 0 5 0 7 0 7 0 0 0 6 0 3 0 3 0 7 0 7 0 3 1 0 0 6 0 3 0 3 0 1 0 6 1 0 0 5 1 0 0 2 0 4 0 5 0 2 0 1 1 0 0 4 0 0 0 5 0 4 0 5 0 7 0 6 0 7 0 6 0 3 0 2 0 5 0 1 0 4 0 4 0 4 0 5 0 3 0 0 1 0 0 3 0 5 0 1 0 5 0 7 0 7 0 1 0 2 1 0 0 3 0 6 0 2 0 4 0 3 0 6 0 2 0 4 0 3 0 3 0 1 0 2 0 7 0 3 0 2 0 7 0 5 0 2 1 0 0 6 0 5 0 6 0 1
0 303 4 0 6 0 2 0 6 1 0 0 7 0 0 0 3 0 0 0 7 0 1 0 2 0 7 0 0 0 0 0 6 0 5 0 0 0 6 0 5 0 0 0 0 0 0 1 0 0 3 0 3 0 4 0 2 0 6 0 5 0 7 0 7 0 0 0 7 0 6 0 0 0 3 0 4 0 0 0 1 0 6 1 0 0 0 0 7 0 7 0 3 0 1 0 4 0 3 1 0 0 1 1 0 0 1 0 5 0 2 0 4 0 5 0 7 0 4 0 4 0 4 0 6 0 1 0 6 0 2 0 0 0 2 0 1 0 0 0 3 0 4 0 7 0 4 0 0 1 0 0 3 0 7 0 6 0 2 0 3 0 7 0 7 0 6 0 7 0 0 0 0 0 3 0 7 0 6 0 3 0 5 0 0 0 2 1 0 0 5 0 0 0 2 0 5 0 3 0 7 0 7 0 1 0 2 0 1 0 3 0 7 0 5 0 7 0 4 0 7 0 5 0 1 0 4 0 0 0 1 0 1 0 2 0 7 0 1 0 7 0 6 0 1 0 4 0 2 0 7 0 6 0 3 0 5 0 7 0 6 0 3 0 5 1 0 1 0 0 4 0 5 1 0 0 7 0 6 0 2 0 5 0 5 0 7 0 5 0 6 0 2 0 6 1 0 0 4 0 3 0 4 0 3
1 305 1 0 0 0 4 0 6 0 5 0 0 0 5 0 1 0 6 0 1 0 5 0 3 0 5 0 5 0 1 0 1 0 4 0 2 0 2 0 4 0 2 0 1 0 0 0 1 0 7 0 5 0 6 1 0 0 6 0 4 0 3 0 7 0 6 0 2 0 6 0 4 0 1 0 6 1 0 0 1 0 3 0 4 1 0 0 1 0 6 0 6 0 7 0 2 1 0 1 0 1 0 0 3 0 7 0 2 0 1 0 6 0 0 0 3 0 7 0 1 0 1 0 1 0 4 0 4 0 3 0 5 0 0 0 4 0 2 0 0 0 7 0 0 0 7 0 0 0 2 0 7 0 6 0 6 0 4 0 5 0 7 0 6 0 7 0 5 0 6 0 1 0 0 0 7 0 6 0 4 1 0 0 2 0 1 0 5 1 0 0 1 0 1 0 5 0 1 1 0 0 7 0 6 0 3 0 4 0 2 0 7 0 6 0 3 0 7 0 1 0 7 0 2 0 3 1 0 0 1 0 2 0 2 0 5 0 5 0 4 0 6 0 4 0 3 1 0 0 6 0 6 0 4 1 0 0 3 0 7 0 4 1 0 0 4 0 0 1 0 0 0 0 4 0 0 0 6 0 4 0 6 0 2 0 3 0 7 0 3 0 4 0 6 0 4 1 0 1 0 1 0 0 0 1 0
1 305 2 0 1 0 0 0 5 0 2 0 2 0 1 0 4 0 3 0 4 0 1 1 0 0 3 0 2 0 3 0 2 1 0 0 5 0 4 1 0 0 5 0 2 0 0 0 3 0 6 0 3 0 6 0 0 0 4 0 0 1 0 0 7 0 4 0 6 0 4 0 0 0 4 0 4 1 0 0 2 0 7 0 0 1 0 0 3 0 4 0 5 0 6 0 6 1 0 1 0 0 7 0 6 0 5 0 5 0 3 0 3 0 1 0 7 0 5 0 3 0 2 0 3 0 0 0 0 1 0 0 2 0 1 1 0 0 5 0 1 0 5 0 2 0 5 0 1 0 5 0 6 0 5 0 5 0 1 0 3 0 7 0 5 0 7 0 3 0 4 0 3 0 1 0 6 0 5 0 1 1 0 0 4 0 3 0 2 1 0 0 2 0 3 0 1 0 4 1 0 0 6 0 4 1 0 0 0 0 6 0 6 0 4 1 0 0 6 0 4 0 5 0 5 0 7 0 7 0 1 0 4 0 5 0 2 0 3 0 1 0 5 0 1 0 0 0 0 0 4 0 5 0 1 1 0 0 7 0 6 0 1 1 0 1 0 0 2 0 6 1 0 1 0 0 2 0 4 0 1 0 4 0 5 0 7 0 5 1 0 0 1 0 5 0 2 0 0 1 0 0 7 0 0 0 6
1 305 4 0 2 0 1 0 1 0 5 0 4 0 2 1 0 1 0 0 0 0 4 0 7 0 5 0 4 0 6 0 5 1 0 0 2 0 2 0 0 0 1 0 5 0 0 0 7 0 3 1 0 0 4 0 1 1 0 0 2 1 0 0 6 0 1 0 5 0 0 0 2 0 0 0 1 1 0 0 5 0 5 0 2 0 7 0 6 0 0 0 3 0 5 0 6 0 0 1 0 0 6 0 5 0 3 0 2 0 7 0 6 0 3 0 6 0 2 0 7 0 4 0 6 0 0 0 1 0 7 0 3 0 3 1 0 0 1 0 4 0 1 0 6 0 1 0 4 0 2 0 5 0 3 0 2 0 3 0 7 0 6 0 3 0 6 1 0 0 0 0 7 0 3 0 4 0 2 0 4 0 7 0 7 0 6 0 5 0 7 0 3 0 6 0 3 0 1 0 0 0 4 0 1 1 0 0 1 0 4 0 5 0 2 0 0 0 4 0 1 0 3 0 3 0 7 0 6 0 4 0 0 0 2 0 5 0 6 0 3 0 1 0 3 0 0 0 1 0 0 0 2 0 4 1 0 0 6 0 4 0 4 1 0 0 7 0 4 0 5 0 0 0 7 0 3 1 0 0 4 0 0 0 3 0 7 0 3 1 0 0 3 0 1 0 5 0 1 1 0 0 5 0 2 0 4
0 306 1 0 0 5 0 2 0 3 0 2 0 0 0 6 1 0 0 7 0 0 0 0 0 7 0 3 0 1 0 5 0 3 1 0 0 4 0 4 0 0 0 3 0 1 0 2 0 5 1 0 1 0 1 0 0 4 0 7 0 4 1 0 0 3 0 4 0 1 0 1 0 4 0 0 0 3 1 0 0 2 0 2 0 6 0 6 0 4 0 1 0 7 0 2 0 4 0 2 1 0 0 4 0 2 0 7 0 5 0 6 0 4 1 0 0 4 0 6 0 6 0 1 0 4 0 1 0 3 0 5 0 7 0 7 0 7 0 1 1 0 0 4 0 3 0 3 1 0 0 6 0 1 0 7 0 4 0 7 0 6 0 4 1 0 0 5 1 0 0 1 0 5 1 0 0 0 0 6 0 0 0 7 0 7 0 5 0 3 0 6 1 0 0 4 0 7 0 2 0 0 1 0 0 4 0 7 0 2 0 0 0 2 0 5 0 0 1 0 0 3 0 6 0 7 0 6 0 5 0 0 0 1 0 5 0 2 0 4 0 7 0 2 0 6 0 0 0 2 0 0 0 5 0 1 0 0 0 4 0 1 0 2 0 0 0 6 0 1 0 2 0 2 0 5 1 0 1 0 1 0 0 1 0 7 0 5 1 0 1 0 0 6 0 3 0 1 0 4 1 0 0 1 0 6 0 0
0 307 1 1 0 0 1 0 5 0 6 0 4 0 1 0 5 0 0 0 5 0 1 0 1 0 5 0 7 0 3 0 2 0 0 0 0 0 0 0 0 0 1 0 6 0 2 0 5 0 3 0 0 1 0 1 0 0 0 0 7 0 1 1 0 0 6 1 0 0 3 0 2 1 0 0 1 0 7 0 7 0 3 0 5 0 4 0 5 0 0 0 4 0 5 0 5 1 0 0 6 0 7 0 7 0 5 0 6 0 3 0 5 0 2 0 0 0 0 0 5 0 4 0 3 1 0 0 3 0 7 0 2 0 7 0 7 0 6 0 4 0 7 0 7 0 6 1 0 0 0 0 3 0 4 0 6 0 1 0 7 0 5 0 2 0 0 0 2 1 0 0 3 0 2 1 0 0 1 0 3 0 2 0 6 0 7 0 2 1 0 0 6 0 0 0 0 0 6 0 5 0 1 1 0 0 0 0 6 0 5 0 0 0 5 0 1 0 2 0 7 0 6 0 4 0 7 0 5 0 2 0 1 0 3 0 1 0 6 0 0 0 6 0 6 0 3 0 1 0 4 0 1 0 1 0 3 0 0 1 0 0 3 0 4 0 1 0 3 0 3 0 4 0 5 0 3 0 0 1 0 0 7 0 2 0 6 0 4 0 0 1 0 0 3 0 7 0 3 0 0 1 0 0 3 0 3 0 1
0 307 3 0 7 0 2 0 2 0 5 0 0 0 4 0 1 0 2 0 1 0 3 0 3 0 2 0 6 0 7 0 4 0 0 0 0 0 0 0 0 0 3 0 3 0 6 0 1 0 7 0 1 1 0 0 7 0 0 0 5 0 4 1 0 0 4 1 0 0 6 0 5 0 7 0 2 0 6 0 6 1 0 0 3 0 1 0 2 0 2 0 0 0 3 0 4 0 0 0 4 0 7 0 7 0 3 0 4 1 0 0 2 0 5 0 0 0 1 0 2 0 0 1 0 1 0 0 7 0 5 0 6 0 6 0 7 0 5 0 1 0 7 0 7 0 5 1 0 0 0 0 7 0 0 0 4 0 4 0 6 0 2 0 5 0 0 0 5 0 7 0 5 0 5 0 7 0 1 0 6 0 5 0 4 0 6 0 6 1 0 0 3 0 1 0 1 0 4 0 2 0 4 0 7 0 0 0 4 0 2 0 2 0 1 0 3 0 5 0 6 0 5 0 1 0 7 0 2 0 5 0 2 0 6 0 3 0 3 0 2 0 4 0 4 0 7 0 2 1 0 0 3 0 2 0 6 0 1 0 7 0 5 1 0 0 3 0 6 0 7 0 0 0 2 0 7 0 1 1 0 0 5 0 6 0 4 0 0 0 2 0 7 0 6 0 5 0 7 0 1 0 7 0 5 0 6 0 2
1 307 7 0 5 0 5 0 5 0 1 0 1 1 0 0 3 0 4 0 2 0 6 0 6 0 5 0 4 0 7 0 0 0 1 0 0 0 0 0 0 0 6 0 7 0 3 0 4 0 5 0 4 1 0 0 5 0 2 0 2 0 2 0 0 0 1 0 0 0 4 0 3 0 6 0 6 0 4 0 5 1 0 0 6 0 2 0 4 0 4 0 0 0 6 1 0 0 2 0 0 0 7 0 6 1 0 0 1 1 0 0 5 0 1 0 1 0 2 0 4 0 1 1 0 1 0 0 6 0 3 0 5 0 5 0 7 0 2 0 4 0 6 0 7 0 3 1 0 0 1 0 5 0 2 0 0 0 1 0 4 0 6 0 1 0 2 0 2 0 7 0 3 0 3 0 6 0 4 0 4 0 3 0 1 0 5 0 5 1 0 0 6 0 2 0 2 1 0 0 6 0 0 0 6 0 1 1 0 0 5 0 4 0 2 0 7 0 2 0 5 0 2 0 4 0 5 0 6 0 1 0 6 0 3 0 7 0 6 0 5 0 0 0 1 0 6 0 6 0 7 0 5 0 5 0 3 0 4 0 6 0 3 1 0 0 7 0 4 0 6 0 1 0 5 0 5 0 4 1 0 0 2 0 5 0 0 0 1 0 5 0 6 0 5 0 3 0 6 0 4 0 6 0 3 0 4 0 5
0 309 1 0 6 0 3 0 3 0 2 0 3 0 3 0 7 0 5 1 0 0 6 0 4 0 5 0 3 0 1 0 6 0 1 0 2 0 0 0 0 0 1 0 4 0 6 1 0 0 1 0 3 0 2 0 0 0 1 0 5 0 4 0 4 0 0 0 2 0 0 1 0 1 0 0 5 0 5 0 1 0 4 0 0 0 3 0 6 0 0 0 0 0 2 0 4 1 0 0 4 0 1 0 6 0 5 1 0 0 3 1 0 0 1 0 3 0 2 0 4 1 0 0 4 1 0 1 0 0 3 1 0 0 3 0 3 0 6 0 6 0 0 0 5 0 6 1 0 1 0 0 3 0 1 0 5 0 0 0 3 0 0 0 4 0 3 0 4 0 5 0 5 0 7 0 7 0 4 0 1 0 0 0 7 0 3 0 2 0 4 0 0 0 3 0 5 0 5 1 0 0 3 0 2 0 3 0 4 1 0 0 2 0 0 0 6 0 5 0 6 0 1 0 6 0 0 0 3 0 4 0 4 0 3 1 0 0 7 0 5 0 2 0 1 0 3 0 4 0 5 0 7 0 3 0 2 1 0 0 1 0 5 0 0 0 0 0 6 0 1 0 4 0 4 0 2 0 3 0 1 1 0 0 5 0 1 0 1 0 3 0 2 0 5 0 2 1 0 0 5 0 1 0 4 1 0 0 1 0 3
1 309 3 0 3 0 7 0 6 0 4 0 6 0 7 0 6 0 4 0 0 0 4 0 1 0 2 0 7 0 3 0 3 0 3 0 4 0 0 0 0 0 3 0 0 0 5 1 0 0 2 0 6 0 4 0 0 0 3 0 2 0 1 0 0 0 1 0 4 0 1 1 0 1 0 0 2 0 2 0 3 1 0 0 1 0 7 0 3 0 1 0 0 0 5 0 0 1 0 1 0 0 4 0 4 0 3 1 0 0 7 0 7 0 1 0 6 0 5 0 1 0 0 0 1 0 0 0 7 0 6 0 7 0 5 0 7 0 4 0 4 0 2 0 2 0 6 0 0 0 7 0 5 0 3 0 1 0 1 0 6 0 0 1 0 1 0 0 1 0 3 0 3 0 7 0 7 0 0 0 3 0 1 0 5 0 7 0 4 1 0 0 1 0 7 0 2 0 3 1 0 0 6 0 4 0 7 0 0 1 0 0 4 0 1 0 4 0 3 0 4 0 4 0 3 0 1 0 7 0 0 0 1 0 0 0 0 0 6 0 2 0 5 0 2 0 7 0 0 0 3 0 6 0 7 0 5 0 7 0 2 0 1 0 1 0 1 0 3 0 4 0 0 0 0 0 5 0 6 0 3 1 0 0 1 0 3 0 2 0 6 0 5 0 1 0 6 1 0 0 1 0 4 0 0 1 0 0 2 0 6
1 309 6 0 7 0 6 0 5 0 1 0 5 0 7 0 5 0 0 0 1 1 0 0 3 0 5 0 5 0 7 0 6 0 6 1 0 0 1 0 0 0 6 0 1 0 2 1 0 0 5 0 4 0 0 0 1 0 6 0 4 0 2 0 0 0 2 1 0 0 4 1 0 0 7 0 3 0 4 0 7 0 7 0 2 0 5 0 7 0 2 0 1 0 1 0 2 1 0 1 0 0 0 0 1 0 0 0 0 0 6 0 6 0 4 0 4 0 2 0 3 0 0 0 2 0 1 0 6 0 5 0 7 0 3 0 7 0 1 0 0 0 5 0 5 0 3 0 2 0 6 0 2 0 7 0 2 0 3 0 3 0 2 1 0 0 7 0 1 0 6 0 7 0 6 0 6 0 1 0 6 0 3 0 2 0 7 0 1 1 0 0 3 0 5 0 5 1 0 0 0 0 4 0 1 0 6 0 2 0 7 0 7 0 2 1 0 1 0 0 1 0 0 0 7 0 3 0 5 0 1 0 2 0 0 0 1 0 3 0 6 0 1 0 6 0 5 0 1 0 7 0 4 0 7 0 3 0 6 0 5 0 2 0 2 0 2 0 6 1 0 0 1 0 1 0 2 0 4 1 0 1 0 0 2 0 6 0 5 0 4 0 2 0 4 0 4 1 0 0 2 1 0 0 2 0 7 0 4 0 4
0 311 1 0 4 0 7 0 5 0 2 0 4 0 2 0 7 0 2 0 1 0 3 0 7 0 6 0 2 0 3 0 7 0 5 0 5 1 0 0 2 0 1 0 3 0 3 0 5 1 0 0 2 0 0 0 1 0 3 0 4 0 0 0 5 0 0 0 5 1 0 0 1 0 0 0 5 1 0 0 1 0 7 0 6 0 6 0 2 0 6 0 5 0 2 0 2 0 5 1 0 0 6 1 0 0 2 0 0 0 1 0 4 0 5 0 1 0 0 0 5 0 6 0 0 0 4 0 3 0 4 0 3 0 6 1 0 0 6 0 3 0 1 0 2 0 2 0 7 0 5 0 3 0 6 0 5 0 5 0 6 0 6 0 5 1 0 0 5 0 4 0 4 0 7 0 5 0 4 0 4 0 3 0 7 0 5 0 5 0 4 0 7 0 6 0 2 0 3 1 0 0 0 1 0 0 4 0 3 0 6 0 6 0 6 0 6 1 0 0 7 0 1 0 1 0 5 1 0 0 2 0 3 0 4 0 0 0 2 0 7 0 3 0 4 0 4 0 2 0 4 0 6 0 1 0 6 1 0 0 5 0 2 0 5 0 4 0 5 0 4 1 0 0 2 0 2 0 5 0 1 0 0 0 7 0 4 0 4 0 3 0 0 0 6 0 0 0 1 1 0 0 5 0 7 0 4 0 6 0 1 0 1
0 311 3 0 0 0 7 0 2 0 5 1 0 0 6 0 5 0 5 0 2 0 7 0 6 0 4 0 5 0 7 0 6 0 3 0 3 1 0 0 4 0 2 0 6 0 7 0 2 1 0 0 4 0 0 0 2 0 6 1 0 0 2 0 1 0 2 0 2 1 0 0 2 0 1 0 2 1 0 0 3 0 6 0 5 0 4 0 6 0 4 0 2 0 5 0 5 0 3 0 0 0 4 1 0 0 4 0 0 0 3 0 0 0 2 0 3 0 1 0 2 0 4 0 1 1 0 1 0 0 0 1 0 0 6 0 0 0 3 0 7 0 2 0 4 0 5 0 6 0 2 1 0 0 5 0 3 0 3 0 5 0 5 0 4 0 0 0 2 0 1 0 1 0 7 0 3 0 1 0 0 1 0 0 7 0 3 0 3 0 1 0 7 0 4 0 5 0 7 0 7 0 0 0 7 0 7 0 7 0 4 0 5 0 5 0 6 0 0 0 5 0 3 0 3 0 2 1 0 0 4 0 6 1 0 0 1 0 5 0 5 1 0 0 1 0 0 0 6 0 0 0 4 0 4 0 5 0 0 0 1 0 6 0 2 0 1 0 3 0 1 1 0 0 4 0 5 0 1 0 3 0 1 0 6 0 1 0 0 0 7 0 1 0 3 0 1 0 3 1 0 0 2 0 7 0 1 0 4 0 3 0 2
1 311 6 0 1 0 5 0 6 0 3 0 0 0 4 0 3 0 2 0 6 0 6 0 5 0 1 0 3 0 7 0 4 0 7 0 7 0 7 0 7 0 5 0 4 0 6 0 6 0 7 0 7 0 0 0 5 0 4 1 0 0 4 0 2 0 4 0 5 0 7 0 3 0 2 0 5 0 7 0 6 0 4 0 3 0 1 0 5 0 0 0 6 0 2 0 2 0 7 0 1 0 0 1 0 1 0 0 1 0 6 0 0 0 4 0 6 0 2 0 4 1 0 0 4 1 0 0 7 0 0 1 0 0 3 0 1 0 7 0 5 0 6 0 0 0 3 0 4 0 6 1 0 0 1 0 7 0 7 0 2 0 3 0 0 0 1 0 4 0 2 0 3 0 5 0 7 0 2 0 1 1 0 0 5 0 7 0 6 0 3 0 6 0 1 0 3 0 7 0 6 0 2 0 6 0 7 0 7 0 1 0 3 0 3 0 4 0 2 0 1 0 7 0 6 0 5 1 0 0 0 0 5 1 0 0 3 0 2 0 3 1 0 0 2 0 1 0 3 0 2 0 0 0 1 0 2 0 1 0 3 0 3 0 5 0 2 0 6 0 3 1 0 0 0 0 2 0 3 0 6 0 3 0 3 0 3 0 1 0 5 0 3 0 6 0 2 0 7 0 7 0 4 0 5 0 3 1 0 0 7 0 4
0 313 1 0 3 0 4 0 2 0 4 0 7 0 0 1 0 0 7 0 5 0 4 0 5 0 2 0 3 0 7 0 6 0 1 0 7 0 7 0 7 0 7 0 3 0 1 0 5 0 5 0 7 0 6 0 2 0 2 0 1 1 0 1 0 0 6 0 0 0 3 0 6 0 7 0 5 0 2 0 7 0 5 0 0 0 7 0 3 0 1 0 2 0 3 0 5 0 5 0 5 0 3 0 1 1 0 0 7 0 2 0 3 0 2 0 0 0 4 0 6 0 1 0 0 0 1 0 0 0 5 0 2 0 7 0 5 0 3 0 6 0 3 0 4 0 1 0 7 0 0 0 5 1 0 0 3 0 6 0 6 0 5 0 6 0 0 0 2 1 0 0 5 0 7 0 2 0 6 0 5 0 3 1 0 0 2 0 7 0 4 1 0 0 4 0 3 0 7 0 6 0 4 0 6 0 4 0 7 0 6 0 3 0 6 0 6 1 0 0 5 0 3 0 6 0 5 0 3 1 0 0 1 0 2 1 0 0 6 0 4 0 7 0 7 0 3 0 2 0 6 0 4 0 0 0 2 0 4 0 2 0 6 0 7 0 1 0 6 0 3 1 0 1 0 0 0 0 4 0 7 0 3 0 7 0 6 0 6 0 3 0 1 1 0 0 4 0 6 0 6 0 7 0 1 0 3 0 0 0 0 0 6 0 1
0 313 2 0 6 1 0 0 6 0 0 0 6 0 2 1 0 0 6 0 3 0 1 0 2 0 5 0 7 0 6 0 4 0 4 0 6 0 7 0 7 0 6 0 7 0 3 0 2 0 3 0 7 0 4 0 5 0 4 0 3 1 0 1 0 0 3 0 1 0 7 0 4 0 7 0 2 0 6 0 6 0 2 0 2 0 5 0 7 0 2 0 4 0 7 0 2 0 3 0 2 0 7 0 3 1 0 0 5 0 5 0 6 0 4 0 1 0 0 0 4 0 3 0 0 0 2 0 1 0 1 0 6 0 6 0 2 1 0 0 4 1 0 0 0 0 4 0 5 0 2 0 2 1 0 0 7 0 4 0 5 0 3 0 4 0 1 0 5 1 0 0 2 0 6 0 6 0 4 0 2 1 0 1 0 0 5 0 6 0 1 1 0 1 0 1 0 0 7 0 5 0 1 0 5 0 1 0 7 0 4 1 0 0 5 0 6 0 0 0 1 1 0 0 5 0 2 1 0 1 0 0 2 0 5 1 0 0 4 0 1 0 7 0 6 0 7 0 5 0 4 0 0 0 1 0 4 1 0 0 6 0 4 0 6 0 4 0 4 0 0 0 0 0 7 0 0 0 0 0 6 1 0 0 7 0 5 0 4 0 7 0 3 1 0 0 0 0 5 0 5 0 6 0 3 0 6 0 0 0 1 0 3 0 3
1 313 5 0 5 0 0 0 3 0 2 0 3 0 6 1 0 0 3 0 7 0 2 0 5 0 2 0 7 0 5 0 1 0 1 0 5 0 7 0 7 0 5 0 6 0 7 0 4 0 7 0 6 0 1 0 3 0 1 0 0 0 0 0 7 0 5 0 3 0 6 0 1 0 6 0 6 0 4 0 4 0 5 0 5 0 2 0 6 0 6 0 0 0 6 0 5 0 6 0 5 0 6 0 0 0 0 0 2 0 3 0 5 0 0 0 3 0 0 1 0 0 7 0 0 0 4 0 2 0 3 0 4 0 4 0 6 1 0 0 0 1 0 0 1 0 0 0 2 0 5 0 5 1 0 0 6 0 1 0 2 1 0 0 0 0 4 0 2 1 0 0 5 0 4 0 5 0 0 0 6 1 0 1 0 0 2 0 4 0 4 1 0 1 0 1 0 0 6 0 2 0 4 0 1 0 4 0 6 0 2 0 0 0 2 0 4 0 1 0 3 1 0 0 1 0 6 1 0 0 7 0 4 0 2 1 0 1 0 0 4 0 6 0 5 0 7 0 3 0 0 0 1 0 3 0 1 0 0 0 4 0 1 0 5 0 1 0 0 0 1 0 1 0 5 0 1 0 1 0 5 0 0 0 6 0 3 0 1 0 6 1 0 1 0 0 1 0 2 0 3 0 4 1 0 0 4 0 1 0 2 0 6 0 6
1 315 1 0 2 0 2 0 1 0 6 0 4 0 7 0 4 1 0 0 7 0 5 0 6 0 1 0 6 0 6 0 2 0 3 0 3 0 2 0 7 0 7 0 3 0 5 0 7 0 1 0 7 0 4 0 3 0 6 0 2 0 0 0 1 0 6 0 2 1 0 0 4 0 4 0 4 0 5 0 1 0 1 0 3 0 2 0 6 0 4 0 4 0 2 0 4 0 3 0 5 0 3 0 4 0 1 0 0 0 4 0 7 0 1 0 1 0 6 0 1 1 0 0 5 0 1 1 0 0 5 0 7 0 0 0 1 0 5 1 0 0 1 0 7 0 1 0 0 0 5 0 2 0 4 0 0 0 3 0 3 0 5 0 6 1 0 1 0 0 6 1 0 0 2 0 1 0 2 0 2 0 5 0 0 0 7 0 4 0 0 0 2 0 0 1 0 1 0 0 3 0 5 1 0 0 4 0 0 0 4 0 5 0 0 0 4 1 0 0 3 0 7 0 7 0 2 0 5 0 0 0 6 0 0 0 6 1 0 1 0 0 0 0 5 0 3 0 6 0 7 0 0 0 2 0 6 0 2 0 0 1 0 0 4 0 1 0 3 0 0 0 2 0 3 0 1 0 3 0 3 0 1 0 2 0 3 0 7 0 3 0 5 0 0 0 7 0 1 0 4 0 7 0 0 1 0 1 0 0 3 0 5 0 4 0 5
0 315 2 0 4 0 4 0 3 0 4 0 1 0 7 0 2 0 0 0 6 0 3 0 4 0 4 0 4 0 4 0 5 0 6 0 6 0 5 0 6 0 6 1 0 0 3 0 6 0 4 0 6 0 0 1 0 0 4 0 5 0 0 0 3 0 3 0 6 1 0 0 0 0 1 0 1 0 2 0 3 0 2 0 6 0 5 0 4 0 1 0 0 0 5 1 0 1 0 0 2 1 0 0 0 0 3 0 1 0 0 0 6 0 3 0 3 0 3 0 4 1 0 0 1 0 4 1 0 0 2 0 6 0 1 0 3 0 2 1 0 0 3 0 5 0 3 0 1 0 1 0 5 1 0 0 1 0 6 0 7 0 2 0 6 0 0 1 0 0 4 1 0 0 4 0 2 0 4 0 5 0 1 0 2 0 6 0 0 0 1 0 4 0 1 1 0 0 7 0 6 0 2 1 0 1 0 0 2 0 0 0 2 0 2 0 0 1 0 0 7 0 6 0 6 0 6 0 1 0 2 0 3 0 2 0 5 0 0 0 7 0 0 0 1 1 0 0 5 0 6 0 1 0 5 0 3 0 5 0 1 0 7 0 7 0 2 0 6 0 0 0 4 0 6 0 2 0 6 0 6 0 2 0 4 0 7 0 5 1 0 0 2 0 2 0 5 0 4 0 0 0 6 0 2 1 0 0 7 0 6 0 2 0 1 0 3
1 315 5 0 0 0 0 1 0 0 0 0 4 0 5 0 5 0 1 0 3 1 0 0 1 0 1 0 1 0 1 0 3 0 5 0 5 0 3 0 5 0 5 1 0 0 7 0 4 0 1 0 4 0 2 1 0 0 0 0 2 0 1 0 6 0 7 0 4 1 0 0 0 0 2 0 2 0 4 0 6 0 5 0 4 0 3 0 0 0 3 0 1 0 3 0 0 0 7 0 4 0 6 1 0 0 6 0 2 0 1 0 3 0 7 0 6 0 7 0 0 1 0 0 3 0 0 1 0 0 5 0 3 0 3 0 6 0 5 0 7 0 6 0 1 0 7 0 2 0 3 0 2 1 0 0 3 0 4 0 6 0 6 0 3 0 2 1 0 0 0 1 0 1 0 0 6 0 0 0 2 0 3 0 5 0 3 0 1 0 2 1 0 0 4 1 0 0 6 0 4 0 6 1 0 0 7 0 3 0 0 0 4 0 4 0 1 1 0 0 6 0 5 0 5 0 4 0 3 0 4 0 6 0 5 0 1 0 2 0 5 0 1 0 3 1 0 0 2 0 4 0 4 0 1 1 0 0 2 0 4 0 6 0 6 0 6 0 3 0 2 0 0 0 4 0 6 0 4 0 4 0 6 0 0 0 7 0 3 1 0 0 4 0 5 0 2 0 0 0 2 0 3 0 6 1 0 0 6 0 4 0 5 0 2 0 6
1 317 1 0 1 0 1 0 1 0 7 0 0 0 0 0 3 0 2 0 3 0 7 0 7 0 1 0 2 0 2 0 2 0 7 0 2 0 2 1 0 0 3 0 4 0 0 0 6 0 0 0 3 1 0 0 6 0 6 1 0 0 4 0 3 0 4 0 7 0 1 1 0 0 0 0 4 0 5 0 0 0 5 0 3 0 0 0 7 0 0 0 6 0 2 0 6 0 1 0 6 0 1 0 6 0 0 0 3 0 5 0 2 0 7 0 6 0 5 0 6 0 2 0 7 0 5 0 1 1 0 0 1 0 7 0 7 0 4 0 3 0 7 0 4 0 4 0 5 0 5 0 6 0 5 0 7 0 6 0 0 0 5 0 4 0 7 0 5 0 7 0 0 1 0 1 0 0 3 0 1 0 4 0 7 0 1 0 7 0 2 0 5 1 0 0 1 0 0 0 4 0 1 0 6 0 0 0 5 0 7 0 1 0 0 0 0 0 4 1 0 0 4 0 3 0 3 0 0 1 0 0 1 0 5 0 2 0 3 0 5 0 1 0 3 0 7 0 7 0 4 0 0 0 0 0 4 0 7 0 4 0 0 0 5 0 5 0 4 0 7 0 4 0 1 0 0 0 5 0 1 0 1 0 4 0 2 0 6 0 0 0 0 0 0 0 2 0 5 0 0 0 4 0 7 0 5 0 0 0 4 0 1 0 2 0 6 0 4
0 317 2 0 2 0 2 0 3 0 5 0 1 0 0 0 6 0 4 0 7 0 6 0 6 0 3 0 4 0 4 0 5 0 5 0 5 0 5 0 7 0 5 1 0 0 2 0 3 0 1 1 0 0 0 0 4 0 5 1 0 1 0 1 0 0 1 0 6 0 4 0 7 0 0 0 0 0 2 0 2 0 1 0 7 0 1 0 5 0 2 0 3 0 6 0 3 0 4 0 3 0 4 0 3 0 1 0 7 0 1 0 6 0 6 0 5 0 3 0 4 0 6 0 6 0 2 0 4 0 7 0 2 0 6 0 7 0 0 1 0 0 7 0 1 0 1 0 3 0 3 0 5 0 3 0 7 0 4 0 2 0 2 0 1 0 7 0 3 0 6 0 2 1 0 0 7 0 5 0 3 0 0 0 6 0 4 0 5 0 6 0 2 1 0 0 2 0 0 1 0 0 4 0 3 0 2 0 2 0 6 0 3 0 0 0 1 0 0 1 0 1 0 0 7 0 6 0 1 0 7 0 2 0 1 0 5 0 7 0 1 0 3 0 7 0 6 0 7 0 0 0 1 0 1 0 0 0 7 0 0 0 2 0 2 0 3 0 1 0 7 0 0 0 3 0 1 0 1 0 3 0 2 1 0 0 6 0 3 0 1 0 0 0 0 0 5 0 1 0 2 0 0 0 7 0 2 0 1 1 0 0 3 0 5 0 4 0 1
0 317 4 0 4 0 4 0 7 0 1 0 3 0 1 0 4 0 1 0 7 0 5 0 4 1 0 0 1 0 1 0 3 0 3 0 3 0 3 0 7 0 3 1 0 0 4 0 6 0 3 0 7 0 0 0 0 0 4 0 0 1 0 0 7 0 2 0 4 0 1 0 6 0 1 0 0 0 4 0 4 0 3 0 5 0 4 0 1 0 5 0 7 0 3 1 0 0 0 1 0 0 0 0 7 0 3 0 5 0 4 0 4 0 5 0 2 1 0 0 1 0 5 0 4 0 6 0 0 0 6 0 6 0 4 0 6 0 2 1 0 0 5 0 3 0 2 0 6 0 7 0 1 1 0 0 7 0 0 0 5 0 4 0 3 0 5 1 0 0 4 0 6 1 0 0 6 0 2 0 7 0 1 0 4 0 1 0 3 0 4 0 6 0 7 0 3 0 1 0 7 0 7 0 6 0 4 0 5 0 3 0 7 0 0 0 2 0 1 1 0 1 0 0 6 0 4 0 4 0 5 0 5 0 3 0 2 0 6 0 3 0 7 0 6 0 5 0 6 0 1 0 2 0 2 0 1 0 5 0 1 0 4 0 4 0 6 0 3 0 5 0 1 0 6 0 2 0 2 0 6 0 5 1 0 0 3 0 7 0 2 0 0 0 1 0 1 0 3 0 4 0 1 0 5 0 5 0 3 0 7 0 6 0 2 0 0 0 3
1 319 1 0 0 0 1 0 1 0 6 0 3 0 6 0 2 1 0 0 4 0 6 0 3 0 1 1 0 0 2 0 2 0 6 0 6 0 6 0 7 0 6 0 0 0 0 0 0 0 4 1 0 0 6 0 1 0 0 1 0 0 2 1 0 0 5 0 5 1 0 0 4 0 3 0 3 0 1 0 0 0 0 1 0 0 3 0 0 0 4 0 2 0 6 1 0 1 0 0 1 0 7 0 0 0 5 1 0 0 3 0 1 0 1 0 2 0 6 0 7 0 2 0 2 0 1 0 4 0 2 0 4 0 5 0 1 0 4 0 6 1 0 0 1 0 7 0 5 0 4 0 6 0 4 1 0 0 5 0 2 0 2 0 0 1 0 0 4 0 0 0 0 0 6 0 0 0 3 0 6 0 5 0 3 1 0 0 3 0 7 0 0 0 5 0 6 0 7 0 3 0 6 0 7 0 5 0 1 0 2 1 0 0 6 0 1 0 4 0 3 1 0 1 0 0 4 0 1 0 1 0 3 0 2 0 7 0 5 0 3 1 0 0 7 0 5 0 3 0 4 0 3 0 4 0 4 0 3 0 1 0 4 0 0 0 1 0 4 1 0 0 2 0 4 0 3 0 5 0 5 0 4 0 3 1 0 0 7 0 5 0 5 0 0 0 2 0 2 0 6 1 0 0 4 0 2 0 2 1 0 0 7 0 4 0 5 0 0 0 6
1 319 2 0 0 0 2 0 3 0 3 1 0 0 4 0 6 1 0 0 0 0 4 0 7 0 3 0 7 0 3 0 5 0 4 0 5 0 5 0 7 0 4 0 1 0 0 0 1 0 1 0 0 0 3 0 3 0 1 0 7 0 4 1 0 0 2 0 3 1 0 1 0 0 7 0 6 0 2 0 0 0 1 0 7 0 5 0 0 1 0 0 6 0 5 0 0 0 7 0 2 0 5 0 2 0 2 1 0 0 6 0 2 0 2 0 5 0 4 0 6 0 5 0 4 0 2 1 0 0 6 0 0 0 2 0 4 0 0 0 5 1 0 0 3 0 6 0 3 0 1 0 5 0 2 0 0 0 1 0 5 0 4 0 1 0 7 0 7 0 0 0 1 0 3 0 1 0 7 0 4 0 2 1 0 1 0 0 7 0 5 0 2 0 2 0 5 0 6 1 0 0 5 0 7 0 2 0 3 0 5 1 0 0 3 0 4 0 0 0 0 0 0 0 7 0 7 0 2 0 2 0 6 0 5 0 6 0 3 0 0 0 0 0 6 0 2 1 0 0 0 1 0 0 1 0 0 0 7 0 2 1 0 0 1 0 3 0 0 1 0 0 4 1 0 1 0 0 3 0 3 0 1 0 0 0 0 0 6 0 3 0 2 0 1 0 4 0 5 0 4 1 0 1 0 0 5 0 5 1 0 0 6 0 1 0 2 0 2 0 4
0 319 4 0 0 0 4 0 6 1 0 0 0 0 0 0 5 1 0 0 1 0 0 0 6 1 0 0 6 1 0 0 3 0 1 0 3 0 3 0 7 0 0 0 3 0 0 0 2 0 2 0 0 0 6 0 6 0 3 0 6 0 1 1 0 0 4 1 0 0 0 1 0 0 6 0 4 0 5 0 0 0 3 0 6 0 2 0 2 1 0 0 4 0 2 0 2 0 5 0 6 0 1 0 5 0 5 1 0 0 3 0 5 0 5 0 2 0 1 0 5 0 3 0 0 0 6 1 0 0 3 0 1 0 4 1 0 0 2 0 2 1 0 0 7 0 3 0 7 0 3 0 1 0 5 0 0 0 3 0 2 0 0 0 4 0 6 0 6 0 1 0 2 0 6 0 3 0 6 0 0 0 6 1 0 1 0 0 6 0 2 0 5 0 5 0 2 0 6 0 0 0 2 0 6 0 5 0 7 0 2 1 0 0 6 1 0 0 1 0 0 0 1 0 6 0 6 0 5 0 5 0 4 0 3 0 4 0 7 0 0 0 1 0 3 0 6 0 7 0 0 0 7 0 1 0 1 0 5 0 6 0 7 0 1 0 6 0 1 1 0 0 1 0 0 0 7 0 5 0 6 0 2 0 0 0 1 0 3 0 7 0 4 0 3 0 0 0 3 0 2 0 0 1 0 0 2 0 4 0 0 0 3 0 3 0 4 0 5 0 0
0 320 1 0 0 2 0 0 0 5 1 0 0 0 0 1 0 2 1 0 0 2 0 1 0 5 0 0 0 4 1 0 0 6 0 2 0 6 0 7 0 5 0 1 0 6 0 0 0 4 0 4 0 1 0 4 0 4 1 0 0 4 0 4 1 0 0 0 1 0 0 1 1 0 0 4 0 1 0 2 0 1 0 7 0 3 0 5 0 5 0 7 0 7 0 4 0 5 0 2 0 4 0 4 0 2 0 3 1 0 0 7 0 2 0 2 0 5 0 3 0 1 0 7 0 1 0 4 1 0 0 6 0 3 0 0 1 0 0 4 0 5 1 0 0 5 1 0 0 6 0 7 0 3 0 1 0 1 0 6 0 4 0 1 0 0 0 5 0 4 0 3 0 5 0 3 1 0 0 4 0 2 0 5 0 0 1 0 0 3 0 6 0 2 0 2 0 6 0 3 0 1 0 5 0 4 0 3 0 6 0 6 1 0 0 4 1 0 0 2 0 0 0 3 0 4 0 5 0 3 0 3 0 0 1 0 0 1 0 6 0 1 0 2 0 7 0 4 0 6 0 2 0 5 0 3 0 3 0 2 0 5 0 6 0 4 0 3 0 4 0 7 0 1 0 1 0 6 0 3 0 4 0 5 0 0 0 2 0 7 0 6 0 0 0 7 0 0 0 6 0 4 0 1 0 7 0 3 1 0 0 1 0 6 0 7 0 0 0 2 0 1
0 321 1 0 7 0 3 0 1 0 2 1 0 0 0 0 2 0 5 0 7 0 3 0 3 0 1 0 2 0 1 0 0 0 3 0 6 0 4 0 7 0 2 0 4 0 3 0 2 0 0 0 0 0 4 0 0 0 2 0 0 0 0 0 1 1 0 0 1 0 7 0 2 0 7 0 7 0 2 0 4 0 3 0 5 1 0 0 3 0 3 0 7 0 7 0 1 0 2 0 6 0 0 0 0 0 5 1 0 0 0 0 5 0 5 0 5 0 1 0 7 0 3 0 5 0 4 0 1 0 0 0 3 0 7 0 1 1 0 0 0 0 4 0 0 0 3 0 0 0 4 0 6 0 7 0 2 0 3 0 4 0 0 0 3 0 1 0 2 0 0 1 0 0 2 1 0 1 0 1 0 0 6 0 1 0 2 0 7 0 6 0 3 0 5 0 5 0 3 0 7 0 3 0 2 0 0 1 0 0 5 0 6 0 0 0 0 1 0 0 4 0 0 0 7 0 0 0 2 0 7 0 6 0 1 0 7 0 2 0 3 0 3 0 5 0 6 0 1 0 4 0 6 0 1 0 7 0 6 0 5 0 2 0 5 0 0 1 0 0 1 0 6 0 3 0 3 0 3 1 0 0 1 0 2 0 1 0 5 0 6 0 4 0 2 0 5 0 2 0 4 0 0 0 4 0 5 1 0 1 0 0 3 0 4 0 6 0 1 0 4 0 2
1 321 3 0 5 0 7 0 2 0 5 0 6 1 0 0 5 0 2 0 6 0 7 0 6 0 2 0 4 0 2 0 0 0 7 0 4 0 1 0 6 0 5 1 0 0 7 0 4 0 0 0 0 1 0 0 1 0 4 0 0 0 0 0 3 0 7 0 2 0 5 0 6 0 6 0 6 0 5 1 0 1 0 0 3 1 0 0 6 0 7 0 6 0 6 0 3 0 5 0 3 0 1 0 1 0 2 1 0 0 1 0 2 0 3 0 2 0 4 0 5 1 0 0 3 0 0 0 3 0 0 0 7 0 5 0 4 0 6 1 0 1 0 0 1 0 6 0 1 0 0 0 5 0 6 0 5 0 6 1 0 0 1 0 6 0 2 0 4 0 1 0 7 0 4 1 0 1 0 1 0 0 3 0 3 0 5 0 6 0 4 1 0 0 3 0 2 1 0 0 6 0 7 0 4 0 1 1 0 0 2 0 4 0 1 0 1 0 7 0 7 0 1 0 5 0 1 0 5 0 6 0 4 0 4 0 5 0 5 0 6 0 7 0 2 0 4 0 4 0 0 0 4 0 4 0 6 0 5 0 2 0 6 0 1 0 2 0 7 0 2 0 3 0 7 0 6 0 7 0 7 0 1 0 4 0 3 0 2 0 5 0 0 0 6 0 1 0 5 1 0 0 2 0 0 0 4 0 0 0 7 0 6 0 0 0 4 0 3 1 0 0 5
0 321 7 0 2 0 6 0 6 0 2 0 6 0 0 0 1 0 6 0 4 0 7 0 4 0 5 1 0 0 5 0 1 0 6 0 0 0 4 0 4 0 4 0 0 0 6 0 0 0 1 0 1 0 7 0 1 1 0 0 1 0 0 0 7 0 5 0 6 0 2 0 5 0 5 0 5 0 4 0 0 0 7 0 6 1 0 0 4 0 7 0 5 0 4 1 0 0 2 0 7 0 2 0 2 0 5 0 7 0 1 0 4 0 6 0 5 0 0 0 3 1 0 0 6 0 0 0 6 0 1 0 6 0 3 0 1 0 6 0 0 0 7 0 2 0 3 0 3 0 1 0 2 0 5 0 3 0 5 1 0 0 3 0 3 0 5 1 0 0 4 0 6 0 2 0 0 1 0 0 7 0 5 0 7 0 2 0 5 0 1 1 0 0 6 0 5 1 0 0 4 0 7 0 0 0 4 0 7 0 3 1 0 0 3 0 3 0 6 0 6 0 4 0 1 0 4 0 2 0 5 0 1 0 1 0 3 0 3 0 5 0 6 0 6 0 0 0 0 0 2 0 0 0 1 0 5 0 2 0 6 0 3 0 3 0 5 0 5 0 5 0 7 0 6 0 5 0 7 0 6 0 3 1 0 0 7 0 5 0 1 0 2 0 3 0 4 0 2 1 0 0 4 0 0 1 0 0 2 0 6 0 4 0 2 0 0 0 0 0 0 0 2
1 323 1 0 5 0 6 0 4 0 4 0 6 0 3 0 1 0 3 0 4 0 1 0 7 0 1 0 4 0 0 0 1 0 4 0 3 0 2 0 0 0 1 0 0 0 2 0 3 0 1 0 2 0 3 0 5 0 4 0 7 0 1 0 1 0 6 0 3 0 4 0 6 0 2 0 3 0 3 0 0 0 2 0 6 0 6 0 0 0 0 0 7 0 3 0 1 1 0 0 5 0 5 0 5 0 5 0 2 0 6 0 4 0 0 0 5 0 2 0 1 1 0 0 0 0 3 0 2 0 3 0 4 0 3 0 7 0 3 0 3 0 2 0 5 0 5 0 6 0 6 0 2 0 5 0 1 1 0 0 3 1 0 0 6 0 7 0 3 0 0 0 0 0 4 0 5 0 1 1 0 0 6 0 3 0 6 0 6 0 1 0 4 1 0 0 4 0 4 0 0 0 0 0 6 0 2 0 0 0 6 1 0 1 0 0 6 0 7 0 4 0 5 0 0 0 3 1 0 0 6 0 1 0 3 0 2 0 6 0 7 0 2 0 5 0 4 0 1 0 0 0 4 0 0 0 3 0 1 0 6 0 3 0 7 0 7 0 2 0 3 0 3 0 7 0 5 0 3 0 7 0 5 0 0 0 0 0 6 0 2 0 3 0 4 0 6 1 0 0 6 0 7 0 7 0 1 0 7 0 4 0 4 0 0 0 5 0 0 0 0 0 0 0 4
0 323 3 0 2 0 5 0 1 0 1 0 4 0 7 0 2 0 6 1 0 0 4 0 5 0 3 1 0 0 1 0 2 1 0 0 7 0 4 0 0 0 2 0 0 0 4 0 6 0 2 0 4 0 7 0 2 0 1 0 6 0 3 0 3 0 3 1 0 0 1 0 4 0 5 0 6 0 6 0 0 0 5 0 4 0 4 0 1 0 1 0 5 0 7 0 3 1 0 0 2 0 3 0 3 0 2 0 6 0 4 0 0 0 2 0 1 0 5 0 3 0 6 1 0 0 6 0 4 0 6 1 0 1 0 0 6 0 7 0 6 0 5 0 2 0 3 0 5 0 4 0 6 0 1 0 4 0 7 0 6 1 0 0 4 0 6 0 7 0 0 0 1 0 0 0 2 0 4 1 0 0 3 1 0 0 5 0 4 0 4 0 1 0 0 0 0 0 0 0 1 0 1 0 3 0 5 0 1 0 5 0 0 1 0 0 4 0 7 0 1 0 2 0 1 1 0 0 0 0 3 0 3 0 6 0 5 0 4 0 6 0 6 0 2 0 0 0 3 0 0 1 0 0 1 0 6 0 3 0 3 1 0 0 7 0 6 0 5 0 6 0 7 0 6 0 2 1 0 0 7 0 2 0 1 0 1 0 3 0 5 0 7 0 0 0 6 0 0 0 4 0 7 0 6 0 4 0 6 0 1 0 0 0 2 0 1 0 1 0 0 0 1 0 0
0 323 6 0 5 0 1 0 3 0 3 0 0 0 6 0 6 0 5 0 0 0 0 0 2 1 0 1 0 0 2 0 5 1 0 0 6 0 0 0 1 0 4 0 1 0 0 0 4 0 6 0 0 0 6 0 5 0 3 0 3 0 7 0 6 0 7 0 7 0 2 0 0 0 3 0 5 0 4 0 2 0 2 0 1 0 0 0 3 0 3 0 2 0 6 1 0 1 0 0 4 0 6 0 6 0 5 0 4 0 0 0 1 0 4 0 3 0 1 1 0 0 6 0 0 0 4 0 1 0 6 0 0 1 0 0 4 0 7 0 5 0 2 0 5 0 7 0 2 0 1 0 4 0 4 0 0 0 7 0 6 0 0 0 0 0 5 0 6 0 1 0 2 0 0 0 5 0 0 1 0 1 0 0 0 0 2 0 1 0 0 0 3 0 0 0 0 0 0 0 2 0 2 0 7 0 1 0 4 0 1 0 2 1 0 0 0 0 6 0 3 0 4 0 3 0 6 1 0 0 6 0 7 0 4 0 3 0 1 0 5 0 4 0 5 0 0 0 6 0 1 0 7 0 2 0 3 1 0 0 0 0 0 0 6 0 5 0 3 0 5 0 7 0 4 0 6 1 0 0 5 0 5 0 2 0 2 0 7 0 2 0 6 0 2 0 3 0 2 0 0 0 7 0 5 0 1 0 4 0 3 0 0 0 4 0 2 0 2 0 0 0 2 0 0
0 325 1 0 4 0 2 0 3 0 6 0 6 0 1 0 4 0 5 0 2 0 1 0 0 0 5 1 0 0 7 0 4 0 3 0 0 0 3 0 1 0 2 1 0 0 3 0 1 0 0 0 4 0 2 0 4 0 2 0 7 0 7 0 6 0 5 0 7 0 6 0 5 0 0 0 7 0 2 0 0 0 5 0 4 0 2 0 0 0 6 0 6 0 5 0 5 0 0 1 0 0 0 0 5 0 5 0 3 0 0 0 1 0 2 1 0 0 7 0 3 1 0 0 3 0 1 1 0 0 4 0 3 0 2 1 0 0 0 0 7 0 2 0 6 0 2 0 6 0 5 0 3 0 0 0 0 0 2 0 6 0 4 0 1 0 1 0 2 0 4 0 3 0 4 0 1 0 1 0 2 1 0 0 6 1 0 0 4 0 2 0 0 0 6 0 0 0 0 0 0 0 4 0 5 0 5 0 3 1 0 0 3 0 5 0 7 0 0 0 3 1 0 0 0 1 0 0 6 0 0 0 4 0 7 0 0 0 7 0 3 0 2 0 1 0 2 0 2 0 3 0 4 0 5 0 5 0 7 0 6 1 0 0 1 0 4 0 2 1 0 0 3 0 7 0 1 0 6 0 0 0 2 0 2 0 5 0 5 0 5 0 6 0 3 0 5 0 6 0 4 0 1 0 6 0 2 0 3 1 0 0 7 0 0 1 0 0 5 0 4 0 0 0 4 0 0
0 325 2 1 0 0 5 0 7 0 4 0 4 0 4 0 0 0 2 0 5 0 2 0 1 0 3 0 0 0 6 0 0 0 7 0 0 0 6 0 2 0 5 0 7 0 5 0 2 0 0 1 0 0 5 1 0 0 6 0 6 0 7 0 5 0 3 0 7 0 5 0 2 0 2 0 5 0 5 0 1 0 2 0 0 0 5 0 1 0 4 0 5 0 3 0 2 0 2 0 7 0 0 0 2 0 2 0 7 0 0 0 2 0 5 1 0 0 5 1 0 1 0 0 6 0 3 0 7 0 7 0 6 0 5 0 7 0 0 0 5 0 6 0 3 0 6 0 4 0 2 0 7 0 0 0 0 0 5 0 4 0 0 0 3 0 2 0 4 1 0 1 0 0 0 0 3 0 2 0 5 1 0 0 4 1 0 1 0 0 5 0 1 0 3 0 1 0 0 0 1 0 0 0 3 0 2 1 0 1 0 0 7 0 2 0 6 0 1 0 7 0 7 0 0 1 0 0 3 0 2 0 0 0 6 0 2 0 5 0 7 0 4 0 2 0 4 0 4 0 7 0 0 0 3 0 3 0 7 0 5 1 0 0 2 1 0 0 6 0 7 0 6 0 5 0 4 0 3 0 1 0 4 0 5 0 2 0 3 0 3 0 4 1 0 0 3 0 5 0 0 0 4 0 3 0 5 1 0 0 0 0 5 0 2 1 0 0 2 0 0 0 1 1 0 0 1
0 325 5 1 0 0 2 0 7 0 1 0 1 0 0 0 1 0 5 0 1 0 5 0 2 0 6 0 1 0 3 0 2 0 5 0 2 0 3 0 6 0 2 0 7 0 2 0 5 0 1 1 0 0 3 0 0 0 4 0 5 0 7 0 2 1 0 0 7 0 2 0 5 0 5 0 2 0 2 0 3 0 4 0 1 0 1 0 4 0 0 0 2 0 7 0 4 0 5 0 5 0 1 0 4 0 5 0 5 0 1 0 5 0 3 0 0 0 3 0 0 1 0 0 3 1 0 0 7 0 7 0 5 0 3 0 6 0 2 0 2 0 4 1 0 0 5 0 0 0 6 0 5 0 1 0 1 0 2 0 0 0 1 0 6 0 5 0 1 0 0 0 6 1 0 0 6 0 5 0 3 0 0 0 1 0 0 1 0 0 1 0 3 0 6 0 2 0 0 0 2 0 0 0 6 0 5 1 0 1 0 0 5 0 6 0 3 0 4 0 6 0 6 0 2 0 7 0 5 0 4 0 1 0 3 0 6 0 2 0 7 0 0 0 6 0 0 0 1 0 6 0 1 0 6 0 7 0 6 0 3 1 0 0 5 1 0 0 4 0 7 0 5 0 3 0 0 0 7 0 3 0 0 0 2 0 5 0 6 0 7 0 0 1 0 0 7 0 1 0 1 1 0 1 0 0 3 1 0 0 1 0 1 0 6 0 7 0 3 0 0 0 3 0 7 0 1
0 327 1 0 2 1 0 0 5 0 5 0 3 0 2 0 0 0 3 0 1 0 4 0 1 0 6 0 3 0 3 0 6 0 5 0 1 0 5 0 7 0 3 0 6 0 5 0 6 0 1 0 4 0 7 0 5 0 1 0 0 0 3 0 6 0 6 1 0 0 5 0 6 0 2 0 2 0 5 0 4 0 6 1 0 0 3 0 2 1 0 0 1 0 5 0 6 0 1 0 3 0 2 0 4 0 0 0 3 0 2 0 4 0 1 0 7 0 0 0 6 0 1 0 7 0 6 1 0 0 6 0 7 0 2 1 0 0 4 0 5 0 5 0 1 0 0 0 1 0 2 0 4 0 2 0 3 0 2 0 4 0 0 0 3 0 4 0 2 0 3 0 1 0 5 0 0 0 4 0 2 0 7 0 0 0 2 0 1 0 7 0 1 0 7 0 3 0 5 0 0 0 4 0 1 0 4 0 4 0 0 1 0 0 2 0 4 1 0 0 1 0 5 0 4 0 6 0 6 0 3 0 0 0 3 0 7 0 3 0 6 0 5 0 2 0 3 0 1 0 3 0 3 0 4 0 4 0 7 0 5 0 0 0 0 0 3 0 0 0 0 0 7 0 2 0 7 0 1 0 5 0 7 0 0 0 5 0 2 0 5 0 6 0 2 1 0 0 5 0 3 0 3 1 0 0 7 0 6 0 7 0 1 0 3 0 4 0 6 0 7 0 0 0 7 0 5 0 3
1 327 2 0 5 1 0 0 2 0 2 0 7 0 4 0 0 0 6 0 2 1 0 0 4 0 3 0 7 0 7 0 4 0 2 0 4 0 2 0 6 1 0 0 5 0 3 0 4 0 4 0 0 0 7 0 2 0 3 0 0 0 7 0 4 0 6 0 0 0 2 0 4 0 5 0 5 0 2 0 1 0 5 1 0 0 6 0 5 0 7 0 2 0 2 0 4 0 3 0 6 0 4 1 0 0 1 0 6 0 4 1 0 0 4 0 5 0 2 0 3 0 4 0 6 0 6 0 0 0 4 0 6 0 6 1 0 0 0 0 3 0 2 0 3 0 0 0 2 0 4 1 0 0 5 0 6 0 4 1 0 0 1 0 6 1 0 0 5 0 6 0 3 0 1 0 1 1 0 0 6 0 5 0 1 0 4 0 3 0 5 0 4 0 5 1 0 0 2 0 1 1 0 0 4 0 0 0 0 0 2 0 7 0 4 0 0 1 0 0 3 0 2 0 1 0 5 0 4 0 7 0 0 0 7 0 5 1 0 0 5 0 2 0 5 0 6 0 2 0 6 0 7 0 0 0 1 0 7 0 2 0 1 0 0 0 6 0 0 0 1 0 5 0 6 0 5 0 4 0 2 0 6 0 2 0 1 0 6 0 2 0 4 0 6 1 0 0 1 1 0 0 0 0 0 0 6 0 5 0 6 0 3 0 7 0 0 0 5 0 6 0 2 0 6 0 2 1 0
1 327 5 0 2 1 0 0 4 0 5 0 6 0 0 0 2 0 3 0 6 0 7 0 7 0 7 0 6 0 7 0 0 0 5 1 0 0 6 0 5 0 0 0 1 1 0 0 1 0 0 0 2 0 5 0 5 0 6 0 1 0 6 0 1 0 4 0 1 0 5 0 0 0 3 0 2 0 5 0 3 0 3 0 0 0 4 0 3 0 6 0 5 0 4 1 0 1 0 0 5 0 1 1 0 0 3 0 4 0 2 0 0 0 0 0 2 0 5 0 7 0 0 0 5 0 4 0 2 0 0 0 5 0 5 1 0 0 0 0 6 0 4 0 6 0 0 0 5 0 1 0 0 0 2 0 5 0 1 1 0 0 3 0 5 0 0 0 2 0 4 0 7 0 2 0 3 1 0 0 4 0 2 0 3 1 0 1 0 0 3 0 1 0 3 1 0 0 4 0 3 0 7 0 7 0 0 0 0 0 5 0 6 0 0 0 2 0 7 0 5 0 4 0 3 0 2 0 1 0 6 0 2 0 6 0 4 0 0 0 1 0 6 0 2 0 4 0 6 0 4 0 6 0 1 0 3 0 5 0 5 0 2 0 1 0 3 0 1 0 3 0 2 0 5 0 3 0 0 0 6 0 3 0 5 0 3 0 3 0 6 0 0 0 5 1 0 0 3 0 6 1 0 0 1 0 4 0 3 0 4 1 0 0 6 0 2 0 2 0 4 0 6 0 3 0 6 0 6
1 329 1 0 1 0 6 1 0 0 0 0 3 0 4 0 1 0 4 0 7 0 4 0 7 0 7 0 7 0 5 0 6 0 2 0 3 0 0 0 4 0 2 0 1 0 3 0 7 0 1 0 0 0 5 0 2 0 3 0 4 0 4 0 3 0 3 1 0 0 4 0 1 0 1 0 6 0 5 0 1 0 7 0 6 0 0 1 0 1 0 0 5 0 3 0 2 0 0 1 0 0 1 0 4 0 7 0 5 1 0 0 5 0 0 0 0 0 5 0 2 0 6 0 2 0 2 0 0 0 5 0 1 0 2 0 3 1 0 0 1 0 4 0 1 0 4 0 2 0 1 0 3 0 0 0 5 0 1 0 4 0 7 0 6 0 1 0 1 0 5 0 0 0 6 0 5 0 7 0 7 0 7 0 4 1 0 0 0 0 7 0 5 0 2 0 7 0 7 0 7 0 7 0 6 0 6 0 1 0 1 0 2 0 4 0 1 0 5 0 6 0 3 0 0 0 7 0 4 0 3 0 3 0 6 0 4 0 0 0 1 0 3 0 3 0 6 0 0 0 5 0 1 0 4 0 3 0 7 0 2 0 2 0 5 0 2 0 6 0 2 0 6 0 5 0 1 0 7 0 1 0 3 1 0 0 2 0 7 0 7 0 3 0 2 0 2 1 0 0 7 0 4 1 0 0 2 1 0 1 0 0 2 0 0 0 3 0 5 0 5 0 0 0 4 1 0 0 5 0 5
0 329 2 0 3 0 4 1 0 0 0 0 6 1 0 0 4 0 0 0 7 0 1 0 7 0 7 0 7 0 3 0 4 0 5 0 6 0 0 1 0 0 5 0 2 0 7 0 5 0 3 0 1 0 1 0 5 0 7 0 0 0 0 0 7 0 7 0 7 0 7 0 2 0 3 0 4 0 2 0 4 0 6 0 4 0 2 1 0 1 0 0 1 0 7 0 4 0 1 0 7 0 2 0 0 0 7 0 4 0 0 0 1 0 1 0 1 0 1 0 6 0 3 0 5 0 4 0 1 0 1 0 3 0 4 0 7 0 7 0 1 1 0 0 3 1 0 0 5 0 2 0 6 0 1 0 1 0 4 0 0 0 7 0 4 0 3 0 3 0 1 0 2 0 4 0 3 0 7 0 7 0 7 0 1 1 0 0 1 0 6 0 2 0 6 0 6 0 7 0 7 0 7 0 5 0 4 0 3 0 2 0 4 1 0 0 4 0 2 0 4 0 7 0 1 0 6 0 0 0 7 0 7 0 4 0 0 0 1 0 2 0 6 0 7 0 3 0 2 0 1 0 3 1 0 1 0 0 6 0 5 0 5 0 1 0 6 0 3 0 6 0 4 0 2 0 4 0 5 0 3 0 7 0 7 0 4 0 6 0 6 0 7 0 4 0 5 1 0 0 6 0 1 1 0 0 5 1 0 0 7 0 3 0 0 0 7 0 2 0 2 0 2 0 1 0 0 0 2 0 3
1 329 4 0 7 0 0 1 0 0 1 0 4 1 0 1 0 0 2 0 5 0 4 0 6 0 7 0 6 1 0 0 1 0 3 0 4 0 2 1 0 0 1 0 6 0 6 0 2 0 7 0 2 0 3 0 2 0 6 0 1 0 1 0 6 0 7 0 7 0 6 0 5 0 6 1 0 0 6 0 0 0 5 0 0 0 6 1 0 0 7 0 2 0 6 0 0 0 4 0 5 0 5 0 1 0 6 0 0 0 1 0 2 0 2 0 2 0 3 0 3 1 0 0 3 0 0 0 3 0 2 0 7 0 0 0 7 0 6 0 4 0 7 0 6 1 0 0 1 0 6 0 3 0 3 0 2 1 0 0 2 0 6 0 0 0 7 0 6 0 2 0 4 1 0 1 0 0 7 0 7 0 6 0 4 0 7 0 2 0 3 0 6 0 4 0 5 0 7 0 7 0 7 0 3 0 0 0 7 0 5 0 0 1 0 1 0 0 6 0 0 0 6 0 4 0 3 0 2 0 6 0 7 0 0 0 1 0 2 0 5 0 4 0 6 0 7 0 4 0 2 1 0 0 0 1 0 0 4 0 3 0 2 0 4 0 3 1 0 0 5 0 0 0 6 0 0 0 2 1 0 0 7 0 7 0 1 0 5 0 5 0 7 0 1 0 4 0 0 0 3 0 4 1 0 0 3 0 0 0 5 0 7 0 1 0 5 0 5 0 4 0 4 0 2 0 0 0 4 0 6
1 331 1 0 0 0 6 0 2 0 7 0 2 0 1 0 0 0 7 0 4 0 2 0 1 0 5 0 7 0 5 1 0 0 2 0 6 1 0 0 6 0 7 0 2 0 4 0 4 0 6 0 5 0 5 0 6 0 5 0 3 0 3 0 3 0 4 0 7 0 7 0 5 0 3 0 6 0 0 0 3 0 2 0 1 0 2 0 5 0 0 0 5 0 6 0 3 0 2 0 0 0 3 0 2 0 4 0 3 0 1 0 2 0 4 0 4 0 4 0 6 0 7 0 7 0 5 0 0 0 6 0 5 0 5 0 2 0 6 0 5 0 1 0 7 0 5 1 0 0 3 0 3 0 7 0 6 0 5 0 7 0 4 0 3 0 2 0 6 0 4 0 6 0 1 0 0 1 0 0 6 0 7 0 5 0 1 0 6 0 5 0 7 0 4 0 1 0 3 0 7 0 7 0 6 0 7 0 1 0 6 0 2 0 2 1 0 1 0 0 3 0 2 0 4 0 0 0 7 0 5 0 4 0 6 0 1 0 2 0 5 0 2 0 1 0 5 0 7 0 0 0 6 0 7 0 0 0 7 0 7 0 6 0 5 0 0 0 0 0 0 0 1 0 2 0 3 0 1 0 5 1 0 0 6 0 6 0 4 0 2 0 3 0 6 0 3 1 0 0 1 0 7 0 0 1 0 0 6 0 1 0 2 0 6 0 4 0 2 0 3 0 1 0 0 0 5 0 1 0 0 0 5
0 331 2 0 1 0 3 0 6 0 5 0 5 0 2 0 1 0 6 0 0 0 5 0 3 0 2 0 7 0 3 1 0 0 5 0 5 0 0 0 4 0 6 0 6 0 0 0 1 0 5 0 3 0 3 0 5 0 2 0 7 0 6 0 7 0 0 0 7 0 7 0 2 1 0 0 4 0 1 0 6 0 4 0 2 0 5 0 1 0 2 0 2 0 4 0 7 0 4 0 0 0 6 0 4 1 0 0 7 0 2 0 5 0 0 0 1 0 1 0 5 0 7 0 7 0 2 0 2 0 4 0 3 0 2 0 6 0 4 0 2 0 4 0 6 0 3 1 0 0 6 0 7 0 6 0 5 0 3 0 7 0 0 0 7 0 5 0 4 0 1 0 4 0 3 0 1 1 0 0 4 0 7 0 2 0 4 0 4 0 3 0 7 0 0 0 3 0 7 0 6 0 7 0 5 0 6 0 4 0 3 0 5 0 5 1 0 0 7 0 5 0 4 1 0 0 2 0 6 0 3 0 1 0 4 0 3 0 5 0 1 0 5 0 3 0 2 0 6 0 2 0 4 0 6 0 2 0 6 0 7 0 5 0 2 0 1 0 0 0 0 0 2 0 4 0 6 0 3 0 3 0 0 0 4 0 5 0 0 0 5 0 7 0 3 1 0 1 0 0 3 0 5 0 2 1 0 0 3 0 3 0 5 0 4 0 0 0 5 0 6 0 2 0 1 0 1 0 3 0 1 0 2
1 331 4 0 2 0 7 0 4 0 3 0 2 0 5 0 3 0 3 0 2 0 1 0 7 0 5 0 6 0 0 0 0 0 2 0 2 0 2 0 0 0 5 0 4 0 1 0 3 0 1 0 7 0 7 0 1 0 6 0 6 0 5 0 6 0 2 0 6 0 6 0 6 0 7 0 7 0 3 0 4 0 0 0 6 0 1 0 3 0 4 0 5 0 0 0 7 0 0 0 2 0 4 0 2 0 0 0 5 0 6 0 1 0 1 0 2 0 3 0 2 0 7 0 6 0 5 0 4 1 0 0 7 0 5 0 4 0 0 0 6 0 0 0 5 0 0 0 0 0 4 0 7 0 5 0 2 1 0 0 6 0 2 0 6 0 3 0 0 0 3 1 0 0 7 0 3 1 0 0 0 0 6 0 6 0 0 0 0 1 0 0 6 0 1 0 7 0 6 0 5 0 7 0 3 0 5 0 0 1 0 0 3 0 4 0 0 0 6 0 3 0 1 1 0 0 5 0 3 0 7 0 2 1 0 1 0 0 2 0 4 0 1 0 7 0 5 0 3 0 6 0 0 0 4 0 6 0 4 0 7 0 2 0 5 0 2 0 0 0 0 0 5 0 0 0 4 0 7 0 6 0 1 0 0 0 2 0 2 0 2 0 7 0 0 0 0 0 7 0 6 0 1 0 6 0 7 0 5 0 7 0 2 0 0 0 2 0 2 0 4 0 5 0 2 0 2 0 6 0 2 0 4
0 332 1 0 0 6 0 6 0 0 0 7 0 5 0 1 0 7 0 6 0 4 0 3 0 6 0 3 0 4 0 1 0 0 0 4 0 4 0 4 0 1 0 2 0 0 0 3 0 6 0 3 0 6 0 6 0 4 0 4 0 5 0 3 0 4 0 6 0 4 0 5 0 5 0 7 0 6 1 0 0 0 0 2 0 3 0 3 0 7 0 0 0 2 0 2 0 5 0 1 0 4 1 0 0 5 0 1 0 2 0 4 0 3 0 2 0 4 0 6 0 5 0 6 0 5 0 3 0 2 0 0 0 6 0 3 0 0 0 2 0 3 0 2 0 1 0 1 0 1 0 0 0 7 0 2 0 6 1 0 0 3 0 6 0 3 0 7 0 0 1 0 0 0 0 5 1 0 1 0 0 1 0 4 0 4 0 1 0 1 1 0 0 3 0 4 0 6 0 5 0 3 0 6 1 0 0 2 0 2 0 7 0 5 1 0 0 2 0 3 0 7 0 3 1 0 0 1 1 0 0 6 0 6 1 0 0 7 0 3 1 0 0 4 0 6 0 2 1 0 0 4 0 2 0 0 0 5 0 1 0 6 0 6 0 1 0 5 0 0 0 1 0 1 0 2 0 0 0 7 0 4 0 3 0 0 0 4 0 4 0 5 0 5 0 1 0 1 0 6 0 4 0 4 0 4 0 7 0 3 0 6 0 5 0 0 0 4 0 5 0 0 0 2 0 5 0 5 0 3 0 6 0 0
0 333 1 1 0 0 4 0 4 0 2 0 6 0 2 0 4 0 6 0 5 0 0 1 0 0 4 1 0 0 0 0 3 0 1 0 0 0 1 0 0 0 3 0 4 0 0 0 7 0 3 1 0 0 5 0 5 0 1 0 1 0 2 1 0 0 1 0 5 0 1 0 3 0 3 0 7 0 5 1 0 0 0 0 4 0 6 0 7 0 5 0 1 0 4 0 5 0 1 0 4 0 1 0 0 0 1 0 3 0 4 1 0 0 7 0 5 0 0 0 5 0 3 0 5 0 2 0 7 0 4 0 1 0 3 0 7 0 0 0 4 0 6 0 4 0 2 0 2 0 2 0 1 0 5 0 6 0 4 1 0 0 7 0 3 1 0 0 6 0 2 0 7 0 0 0 3 0 0 0 7 0 2 0 0 0 0 0 3 0 3 0 7 0 6 0 0 0 5 0 2 1 0 0 5 1 0 0 4 0 5 0 6 0 3 1 0 0 4 0 7 0 5 1 0 1 0 0 3 1 0 0 4 0 6 0 0 0 6 0 0 0 0 0 0 0 4 0 6 0 7 0 7 0 4 0 1 0 1 0 4 0 4 0 4 0 4 0 1 0 1 0 2 0 2 0 4 0 1 0 6 0 0 0 7 0 1 0 0 0 1 0 3 0 2 0 3 0 3 0 4 0 1 0 1 0 1 0 6 1 0 0 5 0 2 0 2 0 0 0 2 0 1 0 5 0 2 0 2 1 0 0 4 0 1
0 333 3 1 0 0 0 0 0 0 6 0 3 0 6 0 0 0 5 0 2 0 2 1 0 0 0 1 0 0 0 0 6 0 2 0 0 0 2 0 0 0 6 1 0 0 2 0 6 0 0 0 0 0 2 0 2 0 3 0 2 0 5 0 7 0 2 0 1 0 3 0 6 0 7 0 6 0 3 1 0 0 1 0 0 0 5 0 7 0 2 0 4 0 0 0 2 0 3 1 0 0 3 0 0 0 2 0 7 0 1 0 0 0 6 0 2 0 2 0 1 1 0 0 2 0 6 0 6 0 0 0 3 0 7 0 5 0 2 0 0 0 5 0 0 0 5 0 4 0 4 0 3 0 2 0 5 0 2 0 0 0 6 0 0 0 0 0 3 0 6 0 5 0 1 0 6 0 1 0 5 0 5 0 0 0 0 0 6 0 7 0 6 0 4 0 2 0 1 0 6 1 0 0 3 0 0 0 0 0 3 0 5 0 0 0 0 0 0 0 7 0 4 0 0 0 7 0 6 1 0 0 0 0 4 0 2 0 3 0 1 0 0 0 1 0 0 0 5 0 7 0 7 0 0 0 3 0 3 0 0 0 1 0 1 0 0 0 3 0 2 0 4 0 4 1 0 0 4 0 3 0 2 0 5 0 3 0 0 0 2 0 6 0 4 0 6 0 6 1 0 0 3 0 2 0 3 0 5 0 0 0 1 0 5 0 4 0 0 0 4 0 3 0 1 0 5 0 5 0 7 0 7 0 2
1 333 7 0 6 1 0 0 1 0 3 1 0 0 4 0 2 0 1 0 5 0 5 0 7 0 0 0 7 0 0 0 3 0 5 0 0 0 4 0 1 0 4 1 0 0 5 0 3 0 1 0 0 0 4 0 4 0 6 0 5 0 2 0 6 0 5 0 2 0 7 0 4 0 7 0 4 1 0 1 0 0 2 0 1 0 2 0 6 0 5 1 0 0 1 0 4 0 7 0 7 0 5 0 0 0 5 0 5 0 3 0 1 0 3 0 5 0 4 0 3 0 7 0 4 0 4 0 4 0 1 0 7 0 6 0 2 0 5 0 1 0 1 0 2 0 2 0 1 0 0 0 7 0 5 0 1 0 5 0 1 0 3 0 1 0 0 0 7 0 4 0 2 0 4 0 3 0 4 0 2 0 2 0 1 0 1 0 4 0 7 0 5 0 0 0 5 0 3 0 4 1 0 0 6 0 0 0 0 0 7 0 1 0 1 0 0 0 1 0 6 0 0 0 2 0 6 0 5 1 0 0 0 1 0 0 5 0 6 0 2 0 0 0 2 0 1 0 2 0 7 0 6 0 1 0 6 0 6 0 0 0 2 0 2 0 0 0 6 0 5 0 0 0 1 1 0 1 0 0 7 0 5 0 1 0 7 0 0 0 5 0 4 0 1 0 5 0 5 1 0 0 6 0 4 0 7 0 1 0 1 0 3 0 2 0 0 0 1 1 0 0 7 0 3 0 2 0 3 0 7 0 6 0 5
0 335 1 0 6 0 5 1 0 0 2 0 7 0 7 0 7 0 4 0 3 0 2 0 3 0 6 0 2 0 5 0 1 0 7 0 1 0 1 1 0 0 4 0 1 0 0 0 1 0 7 0 2 0 1 0 0 0 1 0 5 0 2 0 6 0 4 0 2 0 6 0 6 0 1 0 7 0 2 0 0 0 7 0 3 0 2 0 5 0 4 0 3 1 0 0 3 0 0 0 7 0 7 0 2 0 2 0 2 0 2 0 7 0 2 0 7 0 2 0 0 1 0 0 7 0 1 0 1 0 0 0 4 0 6 0 4 0 6 0 1 0 3 0 2 0 4 0 4 0 2 0 1 0 6 0 2 0 4 0 1 0 3 0 6 0 2 0 1 0 6 0 0 0 5 1 0 1 0 0 0 0 5 0 4 0 2 0 3 0 0 0 7 0 2 0 2 0 1 1 0 0 2 0 0 0 3 0 1 0 1 0 5 0 3 0 2 0 0 0 3 0 3 0 1 0 5 0 4 0 3 1 0 0 1 1 0 0 2 0 4 0 5 0 0 0 4 0 2 0 5 0 6 0 4 0 4 0 4 0 4 0 1 0 4 0 4 0 1 0 4 0 2 0 1 0 3 1 0 1 0 0 6 0 2 0 4 0 5 0 2 0 2 0 0 0 4 0 2 0 4 0 0 0 4 0 1 0 6 0 3 0 2 0 6 0 4 0 0 0 3 1 0 0 5 0 7 0 4 0 7 0 6 0 5 0 3
1 335 3 0 4 0 3 1 0 0 5 0 6 0 7 0 7 0 0 0 7 0 4 0 7 0 3 0 6 0 1 0 4 0 5 0 3 0 3 0 7 0 7 0 2 0 0 0 3 0 5 0 5 0 2 0 0 0 3 0 1 0 6 0 4 0 0 0 6 0 4 0 4 0 4 0 5 0 5 0 1 0 5 0 7 0 5 0 2 0 0 1 0 1 0 0 6 0 1 0 6 0 6 0 5 0 4 0 4 0 5 0 5 0 6 0 5 0 5 0 1 1 0 0 5 0 3 0 2 0 1 0 0 0 5 0 1 0 4 0 3 0 6 0 5 0 0 0 0 0 5 0 3 0 3 0 5 1 0 0 3 0 7 0 3 0 5 0 3 0 3 0 2 0 3 0 0 0 7 0 0 0 2 0 0 0 5 0 6 0 1 0 5 0 5 0 4 0 3 0 7 0 3 0 0 0 6 0 2 0 3 0 1 0 7 0 4 0 0 0 6 0 6 0 3 0 2 0 0 1 0 1 0 0 3 0 7 0 4 0 0 0 2 0 1 1 0 0 6 0 2 0 5 0 1 0 1 0 1 0 0 0 4 0 0 0 0 0 3 1 0 0 5 0 2 1 0 0 0 1 0 0 3 0 6 0 0 0 2 0 5 0 4 0 0 1 0 0 5 1 0 0 1 1 0 0 4 0 3 0 7 0 5 0 4 0 0 0 1 1 0 0 0 0 2 0 7 0 1 0 7 0 5 0 2 1 0
1 335 7 0 0 0 0 0 0 0 2 0 5 0 7 0 6 0 2 0 6 0 1 0 6 1 0 0 4 0 4 0 0 0 2 0 7 0 7 0 6 0 6 0 5 0 0 0 7 0 2 0 2 0 5 0 0 0 6 0 3 0 4 0 0 0 2 0 4 0 1 0 1 0 1 0 3 0 2 0 4 0 2 0 7 0 2 0 5 0 1 1 0 1 0 0 3 0 4 0 4 0 5 0 3 0 1 0 1 0 3 0 3 0 5 0 3 0 2 0 4 1 0 0 1 0 7 0 4 0 2 0 1 0 1 0 3 1 0 1 0 0 5 0 2 0 1 0 1 0 1 0 7 0 7 0 2 1 0 0 7 0 5 1 0 0 2 0 7 0 6 0 4 0 6 0 1 0 5 0 1 0 4 0 1 0 2 0 4 0 4 0 2 0 3 0 0 1 0 0 6 0 7 0 1 0 3 0 5 0 6 0 3 0 6 0 0 0 2 0 4 0 4 0 7 0 4 0 1 1 0 0 7 0 6 0 6 0 0 0 1 0 4 0 3 1 0 0 3 0 6 0 1 0 3 0 2 0 2 0 0 1 0 0 1 0 0 1 0 0 0 0 1 0 6 0 7 0 0 0 7 0 6 0 3 0 1 0 5 0 2 0 0 0 2 1 0 0 2 1 0 0 3 0 7 0 7 0 7 0 6 0 3 0 0 0 1 0 3 0 6 1 0 0 5 0 5 0 4 0 6 0 2 0 6 0 6
1 337 1 0 5 0 1 0 0 0 0 0 5 0 2 0 7 0 4 0 6 0 3 0 4 0 5 0 0 0 0 0 0 0 1 0 5 0 6 0 7 0 5 0 5 0 2 0 2 0 5 0 5 0 5 0 1 0 2 0 3 1 0 0 0 0 1 0 4 1 0 0 3 0 2 0 2 0 6 0 4 1 0 0 6 0 5 0 6 0 1 0 4 1 0 0 7 0 6 0 0 0 1 0 2 0 7 0 2 0 2 0 6 0 7 0 1 0 7 0 5 0 0 1 0 0 3 0 6 0 0 0 5 0 2 0 2 1 0 0 0 1 0 0 1 0 5 0 2 0 2 0 3 0 6 0 6 0 6 1 0 0 6 0 3 1 0 0 5 0 6 0 5 0 1 0 4 0 4 0 1 0 3 1 0 0 3 0 5 0 0 0 0 0 5 0 6 0 1 1 0 0 4 0 6 0 3 0 7 0 2 0 4 1 0 0 4 0 1 0 5 0 0 0 1 0 7 0 0 0 4 1 0 0 6 0 5 0 4 0 1 0 2 1 0 1 0 1 0 0 7 0 3 0 3 0 6 0 4 0 4 0 1 0 7 0 1 0 1 0 6 1 0 0 3 0 4 0 6 0 2 0 6 0 4 0 7 0 3 0 1 0 5 0 0 0 5 0 7 0 4 0 7 0 6 0 6 0 7 0 7 0 4 0 7 0 0 0 2 0 7 0 5 0 0 0 2 0 3 0 1 0 4 0 6 0 4 0 5
0 337 3 0 1 0 3 0 0 0 1 0 1 0 6 0 6 0 1 0 4 1 0 0 1 0 2 0 1 0 0 0 0 0 3 0 2 0 5 0 7 0 3 0 2 0 5 0 5 0 2 0 3 0 2 0 3 0 4 0 7 0 6 1 0 0 3 0 0 1 0 0 6 0 4 0 5 0 4 0 2 0 0 0 4 0 3 0 4 0 4 0 1 0 0 0 6 0 4 0 1 0 2 0 5 0 5 0 5 0 5 0 4 0 6 0 4 0 6 0 2 0 2 0 7 0 6 0 3 0 2 0 1 0 5 0 5 0 7 0 0 0 7 0 2 0 1 0 5 0 4 0 7 0 4 0 5 0 6 0 0 0 4 0 0 0 0 0 2 0 5 0 2 0 4 0 0 0 0 0 3 0 7 0 7 0 6 0 1 0 1 0 1 0 2 0 4 0 4 1 0 0 0 0 4 1 0 0 6 0 6 0 0 1 0 1 0 0 4 0 1 0 1 0 3 0 5 0 2 0 1 0 0 0 4 0 3 0 0 0 3 0 5 1 0 1 0 1 0 0 5 0 7 0 7 0 4 0 1 0 0 0 4 0 5 0 3 0 3 0 4 1 0 0 7 0 0 0 4 0 6 0 4 0 1 0 6 0 7 0 3 0 1 0 2 0 2 0 7 0 1 0 7 0 5 0 5 0 7 0 7 0 1 0 6 0 1 0 5 0 6 0 2 0 1 0 4 0 6 0 3 0 0 0 5 0 1 0 3
1 337 6 0 2 0 6 0 0 0 2 0 3 0 4 0 4 0 4 0 0 1 0 0 2 0 4 0 2 0 0 0 0 0 6 0 5 0 2 0 6 0 7 0 5 0 2 0 2 0 5 0 6 0 4 0 7 0 0 0 7 0 5 1 0 0 6 0 1 1 0 0 4 0 1 0 3 0 0 0 5 0 0 1 0 1 0 0 1 0 0 0 3 0 1 0 4 0 0 0 3 0 5 0 2 0 3 0 3 0 3 0 1 0 5 0 1 0 4 0 5 0 5 0 6 0 4 0 7 0 4 0 3 0 2 0 3 0 6 0 2 0 5 0 5 0 3 0 2 0 1 0 7 0 1 0 3 0 4 0 1 1 0 0 1 0 0 0 5 0 1 0 5 1 0 0 1 0 0 0 7 0 6 0 7 0 4 0 3 0 2 0 2 0 5 0 0 0 1 1 0 0 1 0 1 0 0 0 4 0 4 0 2 1 0 0 7 0 7 0 2 0 2 0 7 0 1 0 5 0 2 0 0 1 0 0 7 0 0 0 7 0 3 0 0 1 0 1 0 0 2 0 7 0 7 0 0 0 3 0 1 0 0 0 2 0 7 0 7 0 1 0 0 0 5 0 2 0 0 0 5 0 0 0 4 0 4 0 6 0 7 0 2 0 4 0 5 0 5 0 4 0 6 0 3 0 3 0 7 0 6 0 4 0 3 0 4 0 2 0 4 0 5 0 3 0 0 0 4 0 7 0 1 0 1 0 3 0 6
1 339 1 0 3 0 6 0 3 0 1 0 4 0 7 0 0 0 1 0 0 0 2 0 7 0 3 1 0 0 5 0 0 0 1 0 4 0 2 0 6 0 4 0 7 0 2 0 5 0 5 0 2 0 5 0 1 0 6 0 2 0 6 0 4 0 0 0 3 0 4 0 7 0 7 0 2 0 6 0 1 0 1 0 2 1 0 0 7 0 1 0 0 0 6 0 2 1 0 0 1 0 7 0 1 0 5 0 6 0 6 0 6 0 3 0 1 0 4 0 0 0 3 0 3 0 5 0 1 0 7 0 0 0 7 0 4 0 7 0 3 0 6 0 2 0 2 0 7 0 4 0 3 0 5 0 3 0 6 1 0 0 4 0 7 0 1 0 1 0 1 0 4 0 2 1 0 0 2 0 1 0 6 0 5 0 7 0 0 0 7 0 4 0 5 0 1 0 1 0 3 0 7 0 1 0 2 0 1 0 0 0 0 0 6 1 0 0 6 0 6 0 5 0 5 0 5 0 4 0 1 0 5 0 1 1 0 0 5 0 2 0 5 0 7 0 1 1 0 0 7 0 4 0 6 0 6 0 1 0 6 0 2 0 0 0 5 0 6 0 6 0 3 0 1 0 1 0 5 0 1 0 1 0 2 0 0 0 1 0 5 0 6 0 6 0 0 0 3 0 3 0 1 0 4 0 7 0 7 0 6 0 5 0 0 1 0 0 0 0 6 0 0 0 2 0 7 0 1 0 0 0 6 0 3 0 2 0 7 0 4
0 339 2 0 7 0 3 0 7 0 3 0 0 0 6 0 1 0 2 0 0 0 5 0 6 0 0 0 0 0 1 0 1 0 2 1 0 0 6 0 4 0 1 0 6 0 6 0 2 0 2 0 6 0 1 0 4 0 3 0 6 0 4 0 0 0 1 0 7 0 0 0 7 0 6 0 6 0 3 0 3 0 2 0 5 1 0 0 5 0 3 0 1 0 3 0 6 0 7 0 2 0 5 0 4 0 2 0 5 0 5 0 4 0 7 0 2 1 0 0 1 0 6 0 7 0 1 0 4 0 5 0 2 0 6 0 1 0 6 1 0 0 4 0 5 0 5 0 6 0 0 1 0 0 2 1 0 0 6 0 0 0 0 0 6 0 3 0 2 0 2 1 0 0 6 0 7 0 3 0 3 0 4 0 3 0 6 0 2 0 6 0 1 0 2 0 3 0 2 0 7 0 5 0 3 0 4 0 2 0 0 0 1 0 5 0 0 0 4 0 5 0 3 0 3 0 3 0 0 0 4 0 1 0 4 1 0 0 1 0 6 0 2 0 6 0 4 1 0 0 6 0 1 0 5 0 4 0 4 0 3 0 5 0 1 0 2 0 5 0 4 0 7 0 2 0 3 0 1 0 3 0 2 0 4 0 0 0 3 0 2 0 5 0 4 0 1 0 6 0 6 0 3 0 0 0 7 0 7 0 5 0 2 0 2 0 7 0 0 0 3 0 1 0 5 0 5 0 3 0 1 0 3 0 7 0 5 0 6 0 1
0 339 5 0 5 1 0 0 6 0 7 0 1 0 3 0 3 0 4 0 1 0 2 0 4 0 1 0 0 0 2 0 2 0 5 1 0 0 4 0 0 0 4 0 4 0 4 0 5 0 5 0 3 0 3 1 0 1 0 0 5 0 0 0 1 0 3 0 5 0 2 0 6 0 5 0 4 0 7 0 6 0 5 0 3 0 0 0 1 0 7 0 2 0 7 0 4 0 6 0 6 0 2 0 0 0 6 0 2 0 3 0 1 0 6 0 6 0 7 0 2 0 4 0 6 0 4 0 0 0 2 0 6 0 3 0 4 0 5 0 0 0 0 0 3 0 3 0 4 0 2 0 7 0 4 1 0 0 3 0 1 0 1 0 3 0 7 0 4 0 5 1 0 0 4 0 6 0 7 0 6 1 0 1 0 0 4 0 6 0 3 0 3 0 4 0 6 0 5 0 6 0 2 1 0 0 0 0 5 0 0 0 3 0 1 0 2 0 0 0 2 0 7 0 6 0 6 0 0 1 0 0 4 0 0 1 0 0 3 0 3 0 6 0 4 0 2 0 0 0 3 0 4 0 2 0 1 0 0 1 0 0 2 0 3 0 5 0 2 0 1 0 6 0 5 0 6 0 2 0 6 0 4 1 0 0 1 0 6 0 5 0 2 0 0 0 4 0 4 0 4 0 7 0 1 0 6 0 7 0 2 0 5 0 5 0 5 0 1 0 6 0 3 0 2 0 2 0 7 0 2 0 7 0 6 0 3 0 4 0 3
1 341 1 0 2 0 4 0 0 0 4 0 6 0 3 0 6 0 6 1 0 0 3 0 4 1 0 0 3 0 0 0 4 0 5 0 2 1 0 1 0 0 2 0 0 0 1 0 1 0 3 0 2 1 0 0 0 0 0 1 0 0 1 0 1 0 2 0 7 0 1 0 6 0 4 0 3 0 1 0 7 0 5 0 2 0 7 0 0 0 3 0 5 0 6 0 6 0 1 0 5 0 4 0 5 0 1 0 3 0 5 0 6 0 3 0 4 0 5 0 6 0 6 0 0 0 5 0 0 0 1 0 5 0 3 1 0 0 1 0 2 0 1 0 0 0 6 0 6 1 0 0 6 0 6 0 1 1 0 0 6 0 2 0 2 0 7 0 6 0 1 0 4 0 0 0 0 0 5 0 7 0 6 0 0 1 0 0 0 0 4 0 7 0 7 0 0 0 5 0 3 0 4 0 6 0 7 0 0 0 1 0 1 0 6 0 2 0 4 0 0 0 5 0 6 0 5 0 4 0 2 0 7 0 7 0 1 0 7 0 5 0 7 0 4 0 0 0 5 0 0 0 6 1 0 0 5 0 2 0 1 0 7 0 3 0 7 0 1 0 5 0 3 0 4 0 3 0 4 0 6 0 4 0 1 1 0 0 3 0 4 0 2 0 5 0 1 0 0 0 1 0 1 0 6 0 4 0 4 0 6 0 6 0 2 0 3 0 2 0 4 0 3 0 7 0 4 0 5 0 5 0 6 0 6 0 4 1 0 0 0 1 0
1 341 2 0 4 1 0 0 2 0 0 0 4 1 0 0 5 0 5 1 0 0 7 0 0 1 0 0 6 0 1 0 0 0 2 0 6 1 0 0 7 0 3 0 0 0 2 0 2 0 6 0 5 0 6 1 0 0 1 0 7 0 1 0 2 0 5 0 5 0 4 0 4 0 0 0 7 0 3 0 6 0 2 0 6 0 5 0 1 0 7 0 2 0 5 0 4 0 4 0 2 0 1 0 2 0 3 0 7 0 2 0 4 1 0 0 1 0 3 0 5 0 4 0 2 0 1 0 1 0 3 0 1 1 0 1 0 0 2 0 4 0 2 0 1 0 4 0 6 0 0 0 4 0 4 0 4 1 0 0 3 0 5 0 5 0 6 0 4 0 3 1 0 0 1 0 1 0 2 0 7 0 4 0 2 0 7 0 0 0 0 0 7 0 6 0 2 0 1 1 0 0 1 0 5 0 6 0 1 0 2 0 3 0 3 0 5 1 0 0 2 0 2 0 5 0 3 0 0 0 6 0 6 0 6 0 4 0 6 0 3 0 7 0 0 0 2 0 1 0 2 0 5 0 0 0 1 0 5 0 3 0 5 1 0 0 6 0 4 0 1 1 0 0 0 1 0 0 1 0 5 0 0 0 4 0 7 0 5 1 0 0 6 0 1 0 3 0 0 0 2 0 3 0 4 0 1 0 1 0 5 0 4 0 5 0 6 0 4 1 0 1 0 0 7 0 1 0 3 0 3 0 5 0 5 0 1 1 0 0 1 0 6
1 341 5 0 0 1 0 0 4 0 1 0 1 0 0 0 2 0 4 0 0 0 5 0 2 1 0 0 3 0 3 0 0 0 5 0 5 0 0 0 5 0 7 0 0 0 4 0 5 0 4 0 3 0 5 1 0 0 3 0 5 0 3 0 5 0 2 0 3 0 1 0 0 0 2 0 5 1 0 0 4 0 6 0 4 0 2 0 4 0 5 0 6 0 2 0 1 0 0 0 5 0 2 0 4 0 7 0 5 0 6 0 0 1 0 0 2 0 7 0 2 0 0 0 5 0 2 0 2 0 6 0 3 1 0 0 7 0 3 1 0 0 5 0 3 0 0 0 4 0 2 0 0 0 1 0 1 1 0 0 7 0 2 0 3 0 5 0 0 1 0 1 0 0 2 0 2 0 5 0 6 0 0 0 6 0 5 0 1 0 1 0 6 0 4 0 5 0 3 0 7 0 2 0 2 0 4 0 3 0 4 0 6 0 7 0 2 1 0 0 4 0 5 0 1 0 7 0 1 0 4 0 5 0 5 0 1 0 4 1 0 0 6 0 1 0 4 0 2 0 5 0 1 0 1 0 3 0 1 1 0 0 4 0 0 0 4 0 0 0 4 0 7 0 0 0 7 0 2 0 1 0 2 0 0 0 7 0 4 0 0 0 3 0 3 0 6 0 0 0 4 0 6 1 0 0 3 0 3 0 2 0 1 0 3 0 5 0 2 0 0 1 0 0 5 0 3 0 6 0 7 0 2 0 2 0 4 0 7 0 2 0 4
0 343 1 0 1 0 2 0 7 0 7 0 2 0 2 0 0 0 4 1 0 0 2 0 1 0 6 0 7 0 5 0 6 0 1 0 2 0 2 0 2 0 2 0 6 0 2 0 0 0 3 0 0 1 0 0 3 1 0 0 7 0 1 1 0 0 2 0 5 0 6 0 2 0 0 0 5 0 3 0 0 0 0 0 5 0 0 0 6 0 0 0 3 0 4 0 5 0 2 0 1 0 1 0 6 0 0 0 7 0 3 0 4 0 2 0 7 0 4 0 5 0 5 0 1 0 1 0 5 0 5 0 4 0 0 0 0 0 6 0 0 0 0 0 1 0 7 0 0 1 0 0 5 0 0 0 2 0 3 1 0 0 5 0 5 0 7 0 1 0 2 1 0 0 7 0 3 0 5 0 2 0 4 0 2 0 4 0 2 0 3 0 3 0 4 0 1 0 2 1 0 0 6 0 5 0 4 1 0 1 0 0 1 0 5 0 6 0 6 1 0 0 0 0 2 0 4 0 5 0 4 0 0 0 3 0 2 0 4 0 1 0 0 0 3 0 3 1 0 0 6 0 1 0 3 0 2 0 6 0 3 0 7 0 7 0 0 1 0 0 2 0 0 0 6 0 2 0 5 0 5 0 2 0 4 0 1 0 6 0 0 0 1 0 6 0 7 0 3 0 2 0 0 0 5 1 0 0 6 0 6 0 4 0 2 0 7 0 1 0 5 0 1 1 0 0 1 1 0 0 5 0 6 0 5 0 5 0 0 0 6 0 6 0 0
0 343 2 0 2 0 5 0 6 0 6 0 5 0 4 0 1 0 0 1 0 0 4 0 3 0 4 0 7 0 3 0 4 0 3 0 4 0 4 0 4 0 5 0 3 0 5 0 0 0 6 0 1 0 7 0 6 1 0 0 5 0 4 0 7 0 4 0 2 0 4 0 5 0 1 0 1 0 7 0 0 0 1 0 1 0 2 0 3 0 1 0 7 0 0 0 2 0 5 0 2 0 3 0 3 0 2 0 5 1 0 0 0 0 6 0 6 0 1 0 3 0 2 0 3 0 3 0 2 0 3 0 0 0 1 0 1 0 3 0 1 0 0 0 3 0 5 0 2 1 0 0 1 0 1 0 4 1 0 0 0 0 2 0 3 0 6 0 3 0 5 1 0 0 5 1 0 0 2 0 5 1 0 0 5 1 0 0 5 0 6 0 6 1 0 0 3 0 5 1 0 0 4 0 3 0 2 0 0 0 7 0 2 0 2 0 5 0 5 1 0 0 0 0 5 0 0 0 3 0 0 0 1 0 6 0 4 1 0 0 3 0 0 0 6 1 0 0 0 0 3 0 3 0 6 0 5 0 3 1 0 0 7 0 6 0 2 0 7 0 3 0 1 0 3 0 6 0 2 0 2 0 5 1 0 0 4 0 3 0 1 0 3 0 4 0 6 0 7 0 4 0 1 0 3 0 0 0 4 0 5 0 0 0 6 0 5 0 4 0 1 0 4 0 7 0 2 1 0 0 2 0 5 0 3 0 2 0 2 0 4 0 4 0 1
0 343 4 0 5 0 2 0 5 0 5 0 3 0 0 0 3 0 1 0 7 0 7 0 7 0 0 0 6 1 0 0 0 1 0 0 1 0 1 0 1 0 2 1 0 0 2 0 2 0 3 0 4 0 6 0 6 0 0 0 2 0 1 0 7 0 0 0 6 0 0 0 2 0 3 0 3 0 5 0 1 0 2 0 2 0 4 0 6 0 3 0 5 0 1 0 5 0 1 0 5 0 6 0 6 0 5 0 2 1 0 0 1 0 4 0 4 0 3 0 6 0 4 0 6 0 6 0 4 0 6 0 0 0 2 0 2 0 6 0 2 0 0 0 7 0 1 0 6 0 7 0 1 0 3 0 0 1 0 0 0 0 4 0 7 0 3 1 0 0 4 0 0 0 2 1 0 0 5 0 3 0 0 0 3 0 0 0 2 0 5 0 5 1 0 0 7 0 2 1 0 1 0 0 7 0 4 0 1 0 5 0 5 0 5 0 2 0 3 1 0 0 1 0 1 0 1 0 6 0 0 0 3 0 4 0 1 1 0 0 6 0 1 0 4 1 0 0 0 0 6 0 7 0 4 0 3 0 0 0 0 0 6 0 4 0 6 0 5 0 7 0 2 0 7 0 3 0 5 0 5 0 2 1 0 1 0 0 7 0 2 0 7 0 0 0 5 0 7 0 0 0 3 0 6 0 1 0 0 0 2 0 2 0 4 0 3 0 0 0 4 0 0 0 6 0 6 0 7 0 4 0 1 0 7 0 4 0 5 0 0 0 0 0 3
1 345 1 0 0 0 2 0 6 0 2 0 2 0 7 0 0 0 6 0 3 0 6 0 7 0 6 0 2 0 4 1 0 0 1 0 7 0 1 0 2 0 2 0 5 0 7 0 3 0 4 0 7 0 0 0 5 0 4 0 1 0 4 0 3 0 5 0 2 0 3 0 1 0 4 0 6 0 7 0 1 0 3 0 4 0 5 0 0 0 4 1 0 0 2 0 4 0 1 0 4 0 2 0 5 0 5 0 2 0 6 0 7 0 2 0 0 0 0 1 0 0 5 0 1 0 5 0 5 0 1 0 4 0 1 0 4 0 5 0 3 0 5 0 1 0 5 0 4 0 4 0 6 0 3 0 6 0 1 0 7 0 0 0 0 0 6 1 0 1 0 1 0 0 1 0 5 1 0 0 1 0 7 0 0 0 6 0 0 0 5 0 2 0 4 0 0 0 5 0 6 1 0 1 0 0 6 0 0 0 4 0 2 0 3 0 2 0 5 0 7 0 7 0 1 0 2 0 3 0 3 0 1 0 6 1 0 0 4 1 0 0 3 0 4 0 0 1 0 0 1 0 4 0 7 0 0 0 7 0 0 0 1 0 4 0 1 0 5 0 3 0 6 0 6 0 5 1 0 0 3 0 2 0 6 1 0 1 0 0 5 0 6 0 5 0 2 0 2 0 6 0 1 0 7 0 3 0 3 0 0 0 4 0 4 1 0 0 7 0 0 1 0 0 2 0 4 0 5 0 7 0 0 0 4 0 6 0 1 0 2 0 1 0 0 0 6
1 345 2 0 0 0 5 0 3 0 5 0 5 0 5 0 2 0 3 1 0 0 5 0 7 0 4 0 6 0 0 1 0 0 3 0 5 0 3 0 4 0 5 0 2 0 6 1 0 0 1 0 6 0 2 0 2 0 0 0 3 1 0 1 0 0 2 0 5 0 6 0 3 0 0 0 5 0 6 0 3 0 7 0 0 0 2 0 2 0 0 1 0 0 4 1 0 0 3 1 0 0 6 0 2 0 2 0 6 0 4 0 6 0 5 0 0 0 1 1 0 0 1 0 4 0 2 0 2 0 3 1 0 0 4 0 0 0 2 1 0 0 2 0 4 0 2 0 1 0 1 0 4 1 0 0 4 0 4 0 5 0 1 0 1 0 5 0 0 1 0 0 7 0 2 0 2 1 0 0 3 0 5 0 2 0 3 0 2 0 1 0 5 1 0 0 2 0 2 0 6 0 0 1 0 0 3 0 1 1 0 0 5 0 6 0 5 0 2 0 7 0 6 0 3 0 4 0 6 0 6 0 3 0 5 0 0 0 0 1 0 0 6 1 0 0 2 0 7 0 2 0 0 0 6 0 2 0 5 0 1 0 2 1 0 0 4 0 1 1 0 0 5 0 5 0 3 1 0 0 6 0 5 0 5 0 0 1 0 0 2 0 5 0 2 0 5 0 5 0 3 0 4 0 5 0 7 0 6 0 1 0 0 0 2 0 0 0 5 0 2 0 7 0 4 0 0 0 3 0 6 0 2 0 0 0 4 0 3 0 4 0 2 0 1 0 4
0 345 4 0 1 0 1 1 0 0 3 0 3 0 2 0 5 1 0 0 0 0 2 0 7 0 1 0 4 0 2 0 7 0 6 0 1 1 0 0 1 0 2 0 6 0 4 1 0 0 3 0 3 0 5 0 4 0 0 1 0 0 0 0 7 0 4 0 2 0 4 0 7 0 1 0 2 0 4 1 0 0 6 0 1 0 4 0 4 0 1 1 0 0 0 1 0 1 0 0 0 0 3 0 5 0 5 0 4 0 1 0 5 0 2 0 1 0 3 0 7 0 1 1 0 0 5 0 4 0 7 0 7 0 7 0 0 0 5 0 7 0 3 1 0 0 5 0 2 0 3 0 1 0 0 0 0 0 1 0 2 0 3 0 3 0 1 0 2 1 0 0 5 0 5 0 5 0 7 0 6 0 1 0 5 0 6 0 4 0 3 0 2 1 0 0 4 0 5 0 3 0 2 0 7 0 5 0 3 1 0 0 2 0 5 0 2 0 6 0 6 0 4 1 0 0 1 0 5 0 4 1 0 0 2 0 1 0 1 1 0 0 4 1 0 0 5 0 5 0 5 0 1 0 3 0 6 0 1 0 3 0 5 0 7 0 7 0 3 1 0 0 2 0 3 0 0 0 0 0 4 0 3 0 2 0 2 0 7 0 4 0 1 0 6 0 2 0 2 1 0 0 1 0 3 0 7 0 4 0 3 0 0 0 4 0 1 0 1 0 6 0 6 0 0 0 1 0 7 0 3 0 5 0 0 1 0 1 0 0 0 0 5 0 3 0 0
0 346 1 0 0 3 0 3 0 7 0 5 0 6 0 5 0 2 1 0 0 0 0 5 0 5 0 3 1 0 0 6 0 6 0 4 0 4 0 7 0 1 0 5 0 4 0 1 1 0 0 6 0 7 0 2 0 0 0 2 0 7 0 0 0 6 0 0 0 6 0 0 0 6 0 3 0 5 0 1 0 0 0 3 0 4 0 0 0 0 0 4 0 7 0 0 1 0 0 6 1 0 0 7 0 2 0 3 0 0 0 4 0 1 0 5 0 2 0 7 0 5 0 4 1 0 0 2 0 1 0 7 0 7 0 6 0 2 0 2 0 7 0 0 0 0 0 1 0 5 0 6 0 2 0 0 0 0 0 2 0 4 0 6 0 6 0 2 0 5 1 0 0 2 0 3 0 3 0 7 0 4 0 4 0 2 0 5 0 0 0 7 0 5 1 0 0 0 0 2 0 7 0 5 0 6 0 2 1 0 1 0 0 5 0 1 0 6 0 4 0 5 0 1 1 0 0 3 0 2 0 1 1 0 0 4 0 2 0 3 1 0 0 1 0 0 0 2 0 3 0 2 0 3 0 7 0 3 0 3 0 7 0 2 0 7 0 6 1 0 1 0 0 4 0 6 0 0 0 0 1 0 0 7 0 4 0 5 0 6 0 0 0 4 0 3 0 5 0 5 0 7 0 1 0 7 0 6 0 0 0 7 0 0 1 0 0 3 0 3 0 4 0 4 0 1 0 3 0 5 1 0 0 2 0 2 1 0 0 7 0 0 0 1 0 7 0 0
0 347 1 0 7 0 5 0 7 0 6 0 3 0 5 0 2 0 6 0 7 0 0 0 2 0 3 0 0 0 0 0 4 0 5 0 1 0 1 0 6 0 4 0 2 0 0 0 4 1 0 0 4 0 6 0 5 0 0 0 5 0 5 0 2 0 3 0 2 0 3 0 2 0 3 1 0 0 2 0 3 0 0 0 6 1 0 0 1 0 1 0 0 0 6 0 2 1 0 0 5 0 0 0 5 0 5 0 6 0 0 1 0 0 4 0 1 0 6 0 6 0 3 0 1 1 0 0 4 0 3 0 6 0 7 0 4 0 5 0 5 0 5 0 1 0 0 0 3 0 2 0 4 0 5 0 0 0 0 0 5 0 0 0 5 0 4 0 6 0 2 1 0 0 4 0 6 0 7 0 6 0 1 0 0 0 6 0 1 0 2 0 6 0 3 1 0 0 0 0 5 0 6 0 3 0 4 0 6 1 0 1 0 0 1 0 4 0 4 0 1 0 2 0 4 0 7 0 5 0 4 0 3 0 7 0 7 0 4 0 7 0 7 0 1 0 0 0 4 0 6 0 4 0 7 0 5 0 7 0 7 0 5 0 6 0 6 0 6 0 0 1 0 0 0 0 4 0 1 0 1 1 0 0 6 0 1 0 3 0 4 0 1 1 0 1 0 0 3 0 3 0 6 0 4 0 6 0 4 0 2 0 5 0 2 0 7 0 5 0 7 0 0 0 0 0 3 0 7 0 2 1 0 0 4 0 5 1 0 0 5 0 1 0 3 0 5 0 1
0 347 3 0 6 0 3 0 7 0 4 1 0 0 2 0 6 0 4 0 6 0 1 0 4 0 6 0 0 0 1 0 0 0 2 0 3 0 3 0 4 0 0 0 5 0 1 0 1 0 0 0 0 0 5 0 2 0 2 0 2 0 2 0 5 0 6 0 4 0 6 0 4 0 7 0 7 0 3 0 6 0 1 0 4 1 0 0 2 0 2 0 1 0 3 0 6 1 0 0 1 0 2 0 2 0 3 0 4 0 2 0 7 0 7 0 3 0 4 0 4 0 7 0 3 0 7 0 7 0 7 0 4 0 7 0 1 0 3 0 3 0 2 0 3 0 0 0 6 0 5 0 0 0 2 0 1 0 1 0 1 0 2 0 2 0 1 0 4 0 6 1 0 0 0 0 5 0 7 0 4 0 3 0 1 0 3 0 3 0 5 0 3 1 0 1 0 0 1 0 2 0 4 1 0 0 1 0 6 0 0 0 7 0 2 0 0 0 0 0 3 0 5 0 0 0 7 0 3 0 0 1 0 0 7 0 7 0 1 0 7 0 6 0 3 0 1 0 0 0 5 0 1 0 7 0 3 0 7 0 7 0 3 0 5 0 5 0 4 0 2 0 6 1 0 1 0 0 3 0 3 1 0 0 3 0 3 0 6 1 0 0 4 1 0 0 7 0 5 0 7 0 4 0 1 0 5 0 0 0 6 0 1 0 6 0 6 0 3 0 6 0 1 0 0 0 7 0 5 0 6 1 0 0 0 0 4 0 0 0 1 0 3 0 7 0 1 0 3
1 347 7 0 3 1 0 0 7 0 1 1 0 0 5 0 4 0 1 0 4 0 4 0 0 0 4 0 1 0 2 0 0 0 4 0 6 0 6 1 0 0 2 0 1 0 3 0 2 0 0 0 1 0 1 0 5 0 4 0 4 0 5 0 2 0 5 0 1 0 5 0 1 0 7 0 6 1 0 0 4 0 4 0 0 1 0 0 4 0 4 0 2 0 7 0 4 1 0 0 2 0 4 0 4 0 6 1 0 0 6 0 6 0 6 1 0 0 1 0 1 0 6 1 0 0 7 0 7 0 7 0 1 0 6 0 3 0 6 0 6 0 4 0 6 0 1 0 4 0 2 0 1 0 4 0 2 0 2 0 2 0 4 0 4 0 3 0 0 0 5 1 0 0 1 0 2 0 7 0 0 0 7 0 2 0 6 0 7 0 2 0 0 0 0 0 7 0 1 0 5 0 0 1 0 0 3 0 3 0 2 0 5 0 5 0 0 0 0 0 7 0 1 0 2 0 5 0 7 0 1 1 0 0 6 0 6 0 4 0 6 0 4 0 7 0 2 0 1 0 1 0 4 0 5 1 0 0 7 0 6 1 0 0 3 0 3 0 0 0 6 0 5 0 0 0 7 0 5 0 7 0 7 0 5 0 7 0 5 0 0 0 1 0 0 0 6 0 3 0 7 0 0 0 4 0 1 0 2 0 3 0 4 0 4 0 4 1 0 0 4 0 3 0 1 0 6 0 3 0 5 1 0 0 0 1 0 0 1 0 2 0 7 0 5 0 3 0 6
1 349 1 0 6 0 0 0 0 0 5 0 4 1 0 0 2 0 0 0 4 0 0 0 0 0 1 1 0 0 3 0 4 0 1 0 0 0 5 0 5 1 0 0 4 0 2 0 6 0 4 0 0 0 2 0 3 0 2 0 1 0 1 0 2 0 6 0 1 0 4 0 1 0 4 0 6 0 6 0 0 0 0 0 0 0 2 1 0 0 0 0 0 0 6 0 6 0 1 1 0 0 5 0 0 0 1 0 6 0 0 0 4 0 5 0 5 1 0 0 2 0 3 0 5 0 0 0 6 0 7 0 6 0 4 0 3 1 0 0 5 0 5 0 1 0 4 0 3 1 0 0 5 0 2 1 0 0 5 0 4 0 5 0 0 0 0 0 7 0 1 0 2 1 0 0 2 0 5 0 5 0 2 0 5 0 6 0 4 0 6 0 5 0 0 0 1 0 5 0 4 0 1 0 2 0 7 0 5 0 6 0 5 0 2 0 2 0 1 0 1 0 5 0 3 0 5 0 2 0 6 0 4 1 0 0 4 0 5 0 1 0 5 0 1 0 6 0 5 0 2 0 3 0 0 0 4 0 0 0 6 0 5 1 0 0 6 0 6 0 1 0 4 0 2 0 2 0 6 0 3 0 7 0 7 0 3 0 7 0 2 0 1 0 2 0 1 0 3 1 0 0 6 0 1 1 0 0 3 0 4 0 7 0 0 0 1 0 1 1 0 1 0 0 7 0 3 0 3 1 0 0 3 1 0 0 1 0 7 0 1 0 5 0 6 0 2 1 0 0 5
0 349 3 0 3 0 1 0 1 0 2 0 1 1 0 0 4 0 0 1 0 0 1 0 0 0 3 0 7 0 5 1 0 0 3 0 1 0 2 0 3 1 0 1 0 0 6 0 4 0 0 0 1 0 4 0 6 0 4 0 2 0 2 0 5 0 3 0 3 1 0 0 4 0 0 0 5 0 4 0 1 0 0 0 0 0 5 0 6 1 0 0 1 0 4 0 4 0 4 1 0 0 1 0 1 0 3 0 3 0 2 0 0 0 3 0 3 1 0 0 4 0 7 0 1 0 2 0 4 0 7 0 5 0 1 0 0 0 0 0 2 0 2 0 4 0 0 0 0 0 0 0 1 0 6 1 0 0 2 0 1 0 2 0 1 0 1 0 5 0 3 0 5 0 7 0 4 0 2 0 2 0 6 0 2 0 5 0 1 0 5 0 2 0 1 0 3 0 2 0 0 0 3 0 5 0 6 0 3 0 5 0 2 0 5 0 4 0 2 0 3 0 1 1 0 0 2 0 6 0 4 0 2 0 0 0 0 0 2 0 4 0 1 0 4 0 4 0 2 0 5 0 6 0 0 1 0 0 2 0 4 0 4 0 0 0 4 0 4 0 3 1 0 0 5 0 5 0 3 1 0 0 7 0 6 1 0 0 6 0 5 0 2 0 4 0 2 1 0 0 0 0 3 0 4 0 7 0 6 0 0 0 6 0 1 0 2 0 3 1 0 1 0 0 5 0 7 0 7 0 7 0 6 0 7 0 2 0 5 0 4 0 2 0 4 0 6 1 0 0 2
1 349 6 0 6 0 2 0 2 0 4 0 3 0 7 0 7 0 1 0 7 0 1 0 0 0 7 0 6 0 3 1 0 0 6 0 2 0 4 1 0 0 0 1 0 0 4 0 0 0 1 0 3 0 0 0 5 0 0 0 5 0 5 0 1 0 7 0 7 0 7 0 7 0 1 0 2 0 0 0 3 0 0 0 1 0 2 0 5 1 0 0 3 0 0 0 1 0 1 1 0 0 2 0 2 0 6 0 6 0 4 0 0 0 6 1 0 0 0 0 0 0 6 0 3 0 5 0 0 0 7 0 2 0 3 0 0 0 0 0 4 0 4 1 0 0 1 0 0 0 0 0 3 0 4 1 0 0 4 0 2 0 4 0 2 0 3 0 1 1 0 0 3 0 7 0 0 0 5 0 5 0 3 0 6 0 1 0 4 0 1 0 5 0 2 0 6 0 4 0 0 0 7 0 2 0 4 1 0 0 2 0 6 0 2 0 0 0 5 0 6 0 3 0 7 0 4 0 4 0 0 0 5 0 0 0 0 0 4 1 0 0 4 0 0 0 0 0 6 0 2 0 4 0 2 0 7 0 4 0 0 0 0 0 2 0 0 0 1 0 0 0 0 0 2 0 3 0 0 0 0 0 6 0 6 0 0 0 4 0 2 0 5 1 0 0 6 0 6 1 0 0 7 0 0 0 7 0 4 0 2 0 3 0 3 0 4 1 0 0 0 1 0 0 2 0 7 0 7 0 7 0 5 0 6 0 6 0 2 0 0 0 6 0 0 0 5 1 0 0 4
0 351 1 0 4 0 4 0 5 0 4 1 0 1 0 0 7 0 6 0 4 0 5 0 3 0 1 0 6 0 5 0 0 0 0 0 3 0 6 0 0 1 0 0 1 0 7 0 7 0 0 0 2 0 6 0 1 0 1 0 2 0 2 0 2 0 4 0 6 0 7 0 7 0 6 0 3 0 4 0 0 0 6 0 0 0 2 0 5 0 2 1 0 0 6 0 0 0 2 0 3 0 7 0 3 0 5 0 4 0 5 0 0 0 2 0 4 1 0 0 0 0 1 0 3 1 0 0 2 0 2 0 5 0 5 0 6 0 0 0 1 0 0 0 1 1 0 0 2 0 0 0 0 0 7 0 0 1 0 1 0 0 5 1 0 0 5 0 6 0 3 0 7 0 6 0 5 0 2 0 2 0 2 1 0 0 4 0 3 1 0 0 4 0 1 0 6 0 4 0 0 0 2 0 5 0 6 0 0 1 0 0 5 0 3 0 5 0 1 0 2 0 4 1 0 0 7 0 1 0 0 0 2 0 1 0 1 0 1 0 0 1 0 1 0 0 1 0 1 0 3 0 5 1 0 0 6 0 6 0 0 0 1 0 0 0 4 0 0 0 2 0 0 0 0 0 4 0 6 0 0 0 1 0 4 0 4 0 1 1 0 0 6 0 3 0 0 0 4 0 6 0 0 0 5 0 2 0 6 0 0 0 5 0 6 0 7 0 0 1 0 0 1 0 7 0 4 0 6 0 7 0 7 0 3 0 5 0 4 0 5 0 1 0 3 0 2 0 3 0 0 0 0
0 351 3 0 0 0 1 0 3 0 2 0 0 1 0 0 6 0 5 0 1 0 2 0 7 0 3 0 4 0 2 0 1 0 0 0 7 0 3 0 2 0 7 0 2 0 6 0 6 0 1 0 5 0 3 0 3 0 2 0 4 0 4 0 5 0 0 0 5 0 7 0 7 0 4 1 0 0 0 0 2 0 3 0 1 0 5 0 1 0 6 1 0 0 3 0 1 0 4 0 7 0 5 1 0 0 3 0 1 0 2 0 1 0 5 0 0 1 0 0 0 0 2 0 7 0 7 0 3 0 5 0 2 0 3 0 4 0 1 0 2 0 0 0 3 0 7 0 3 0 0 0 1 0 5 0 2 1 0 1 0 0 3 0 0 0 2 0 4 1 0 0 7 0 5 0 2 0 5 0 4 0 5 0 7 0 7 0 7 0 7 0 7 0 3 0 4 0 0 0 1 0 5 0 2 0 4 0 2 1 0 0 1 1 0 0 2 0 3 0 5 0 1 0 0 0 5 0 3 0 0 0 4 0 2 0 2 0 2 0 1 1 0 0 7 0 1 0 2 0 7 0 3 0 0 0 4 0 4 0 1 0 2 0 0 1 0 0 1 0 4 0 0 0 1 0 0 0 4 0 1 0 3 0 0 0 0 0 4 1 0 0 3 0 7 0 1 0 0 0 4 0 2 0 1 0 6 0 3 0 2 0 2 0 5 0 6 0 2 0 7 0 2 0 6 0 1 0 5 0 7 0 6 1 0 0 3 0 1 0 2 0 3 0 6 0 4 0 6 0 0 0 0
0 351 6 0 0 0 2 0 6 0 4 0 1 1 0 0 4 0 2 0 3 0 5 0 5 1 0 0 0 0 5 0 2 0 1 0 5 0 7 0 5 0 5 0 6 0 4 0 4 0 4 0 1 0 7 0 6 0 5 0 0 0 1 0 2 0 2 0 2 0 7 0 7 0 1 1 0 0 0 0 4 0 6 0 3 0 1 0 4 0 4 1 0 0 6 0 3 0 0 0 7 0 3 1 0 0 6 0 2 0 4 0 3 0 1 0 2 0 6 1 0 0 5 0 6 0 6 1 0 0 2 0 5 0 6 1 0 0 3 0 4 0 0 0 7 0 5 0 7 0 0 0 3 0 1 0 6 1 0 0 7 0 5 0 0 0 5 0 1 0 0 0 6 0 2 0 6 0 2 0 1 0 3 0 7 0 7 0 7 0 7 0 6 1 0 0 0 0 1 0 3 0 1 0 5 1 0 0 6 0 7 0 2 0 7 0 3 0 7 0 1 0 3 0 1 0 1 0 7 0 0 1 0 0 5 0 4 0 4 0 3 1 0 0 5 0 3 0 5 0 5 0 7 0 1 0 0 0 0 0 3 0 4 0 1 0 7 0 1 1 0 0 1 0 2 0 0 1 0 0 3 0 6 0 0 0 1 0 0 1 0 0 7 0 5 0 3 0 0 1 0 0 5 0 3 0 3 0 7 0 4 0 5 0 2 0 4 0 6 0 5 0 6 0 3 0 4 0 2 0 7 0 5 1 0 0 6 0 2 0 4 0 7 0 4 0 1 0 4 0 1 0 0
0 353 1 0 3 0 1 0 5 0 4 0 0 0 4 0 7 0 7 0 4 0 7 0 2 0 3 1 0 0 1 0 1 0 5 0 3 0 2 0 7 0 3 0 3 0 5 0 1 0 1 0 0 0 4 0 6 0 5 0 2 0 1 0 2 0 4 0 4 0 5 0 6 0 6 0 4 0 7 0 0 0 0 0 4 0 7 0 3 0 0 0 2 0 0 0 3 0 7 0 1 0 6 0 0 0 0 0 3 0 5 1 0 0 7 0 2 0 5 0 5 0 0 0 2 0 5 0 5 1 0 0 5 0 2 0 5 1 0 0 6 1 0 0 2 0 6 0 3 0 6 0 1 0 6 0 3 0 5 0 0 0 6 0 2 0 2 0 1 0 3 0 1 0 3 0 6 0 3 0 5 0 2 0 7 0 6 0 7 0 7 0 7 0 5 1 0 0 0 0 2 0 6 0 3 0 3 0 0 0 4 0 6 0 6 0 5 1 0 0 6 0 3 0 6 0 2 0 3 0 5 0 2 1 0 0 2 0 1 0 1 0 0 0 0 0 1 1 0 0 3 0 3 0 6 0 3 0 0 0 0 0 6 1 0 0 4 0 5 0 4 0 7 0 1 0 4 0 1 0 7 0 6 0 3 0 1 0 2 0 1 1 0 0 6 0 2 0 7 0 1 1 0 0 1 0 7 0 7 0 6 0 1 0 2 0 6 0 0 0 5 0 3 0 4 1 0 0 0 0 6 0 6 0 4 0 0 0 3 0 6 0 0 0 7 0 0 0 3 1 0 0 3 0 0
0 353 2 0 6 0 3 0 2 0 0 0 2 0 0 0 7 0 7 0 1 0 6 0 5 0 7 0 7 0 1 0 3 0 1 0 7 0 5 0 5 0 7 0 7 0 1 0 3 0 2 0 1 0 0 0 5 0 2 0 5 0 2 0 5 0 0 0 1 0 3 0 5 0 5 0 1 0 6 0 1 0 1 0 0 0 6 0 7 0 0 0 4 0 0 0 7 0 5 0 4 0 3 0 1 0 0 0 7 0 3 0 0 0 5 0 6 0 2 0 2 0 1 0 5 0 2 0 4 0 0 0 1 0 6 0 3 0 0 0 4 1 0 0 5 0 3 1 0 0 4 0 4 0 3 1 0 0 2 0 2 0 3 0 5 0 4 0 2 0 6 0 2 0 7 0 3 1 0 0 2 0 6 0 6 0 5 0 7 0 7 0 7 0 3 1 0 0 0 0 5 0 3 0 7 0 6 0 1 0 0 0 5 0 5 0 4 0 0 0 3 1 0 0 4 0 5 0 7 0 1 0 6 0 7 0 3 0 2 0 2 0 0 0 0 0 3 0 7 0 5 0 7 0 3 0 7 0 0 0 1 0 5 0 0 0 0 0 3 0 1 0 6 0 3 1 0 0 4 0 6 0 4 0 7 0 2 0 4 0 3 1 0 0 3 0 6 0 5 0 4 0 7 0 2 0 6 0 7 0 4 0 3 0 5 0 3 0 2 0 1 1 0 0 1 1 0 0 1 0 4 0 5 0 0 0 1 0 7 0 3 0 2 0 5 0 1 0 7 0 7 0 5 0 0
0 353 5 0 3 0 7 0 4 0 0 0 4 0 1 0 6 0 6 0 4 0 4 0 3 0 7 0 6 0 3 0 6 0 3 0 6 0 3 0 3 0 7 0 6 0 3 0 6 0 4 0 2 0 1 0 1 0 6 0 1 0 6 0 1 0 1 0 2 0 7 0 2 0 2 0 4 0 3 0 3 0 2 0 1 0 4 0 6 0 1 1 0 0 2 0 6 0 3 0 0 0 7 0 2 0 1 0 5 0 7 0 1 0 2 0 4 0 5 0 4 0 3 0 1 0 5 1 0 0 1 0 3 0 3 0 7 0 1 0 1 0 0 0 2 0 0 0 0 0 0 0 0 1 0 1 0 0 4 0 4 0 7 0 2 0 0 0 6 0 3 0 6 0 5 1 0 1 0 0 5 0 4 0 5 0 3 0 7 0 7 0 6 1 0 1 0 0 1 0 1 1 0 0 7 0 4 0 3 0 1 0 2 0 3 0 0 0 1 1 0 0 0 0 0 0 3 0 6 0 4 0 4 0 6 0 7 0 4 0 4 0 0 0 0 0 7 0 6 0 3 0 6 1 0 0 6 0 1 0 3 0 1 0 1 0 0 0 6 0 3 0 4 0 0 0 0 0 0 0 5 0 1 0 6 0 5 1 0 1 0 1 0 0 7 0 4 0 3 0 1 0 6 0 6 0 4 0 7 0 0 1 0 0 2 0 7 0 4 0 3 0 7 0 2 0 7 0 2 0 0 0 2 0 1 0 3 0 5 0 7 0 5 0 1 0 4 0 6 0 7 0 2 0 1
0 355 1 0 1 1 0 0 7 0 0 0 1 1 0 0 4 0 4 0 5 0 1 0 0 1 0 0 7 0 4 1 0 0 4 1 0 0 4 0 7 0 7 0 6 0 4 1 0 0 5 0 0 0 5 0 2 0 3 0 3 0 4 0 3 0 3 0 2 0 5 0 5 0 5 0 4 1 0 0 7 0 6 0 4 0 3 0 0 0 4 0 4 0 7 0 4 0 3 0 7 0 1 0 5 0 5 0 3 0 2 0 6 0 3 0 5 0 0 0 3 0 0 0 7 0 3 0 2 1 0 0 2 0 6 0 7 0 5 0 3 0 2 0 0 0 4 0 0 0 0 0 0 0 1 1 0 1 0 0 0 0 1 0 6 0 5 0 1 0 3 1 0 0 5 0 4 0 0 1 0 0 2 0 1 0 2 1 0 0 7 0 7 0 6 0 0 0 7 0 1 0 3 1 0 0 6 0 0 0 7 0 2 0 4 0 6 0 0 0 3 0 6 1 0 0 0 0 7 0 4 0 1 0 1 0 5 0 7 0 1 0 0 0 1 0 1 0 6 0 4 1 0 0 6 0 0 0 3 0 3 0 6 0 2 0 2 0 1 0 3 1 0 0 0 0 1 0 0 0 1 0 1 0 4 0 4 0 4 0 0 1 0 1 0 0 6 0 0 0 7 0 3 0 4 0 5 0 1 0 6 0 2 0 7 0 4 0 6 0 0 1 0 0 6 0 6 0 5 0 5 0 0 0 4 0 2 0 7 0 2 0 7 0 2 0 4 0 0 0 5 0 6 0 5 0 2
1 355 2 0 3 1 0 0 5 0 1 0 3 1 0 0 0 0 1 0 2 0 3 0 1 1 0 0 6 0 2 0 0 0 1 0 0 0 0 0 7 0 7 0 5 0 2 0 0 0 1 0 2 0 1 0 5 0 6 0 6 1 0 0 7 0 6 0 5 0 2 0 3 0 3 0 2 0 0 0 6 0 5 0 0 0 7 0 1 0 0 0 1 0 7 0 0 1 0 0 6 0 4 0 2 0 2 0 7 0 5 0 3 1 0 0 2 0 1 0 6 0 1 0 5 0 7 0 5 0 7 0 4 0 4 0 7 0 2 0 7 0 4 0 0 1 0 0 1 0 0 0 0 0 3 1 0 0 6 1 0 0 3 0 4 0 2 0 3 1 0 0 0 0 2 0 0 0 2 0 7 0 3 0 2 0 5 1 0 0 6 0 7 0 4 0 2 0 5 0 3 1 0 0 0 0 3 0 2 0 5 0 6 0 0 0 4 0 1 0 7 0 4 1 0 0 1 0 6 0 0 0 3 0 3 0 2 0 6 0 3 0 0 0 2 0 3 0 4 0 2 0 0 0 3 0 1 0 6 0 7 0 3 0 5 0 4 0 2 0 7 0 6 1 0 0 2 0 0 0 2 0 3 0 0 0 1 0 0 0 2 1 0 1 0 0 3 0 2 0 5 1 0 0 1 0 2 0 4 0 3 0 6 0 6 0 1 0 4 0 2 1 0 0 4 0 5 0 3 0 2 0 1 1 0 0 6 0 5 0 6 0 5 0 5 1 0 0 2 0 2 0 5 0 2 0 5
0 355 4 1 0 0 0 0 1 0 3 0 7 0 6 1 0 0 2 0 4 0 6 0 3 1 0 0 3 0 5 0 0 0 2 0 0 0 1 0 6 0 7 0 2 0 5 0 0 0 2 0 4 0 3 0 2 0 5 0 6 0 0 0 6 0 5 0 2 0 5 0 6 0 6 0 4 0 1 0 4 0 2 0 2 0 5 0 3 0 0 0 3 0 5 0 2 1 0 0 4 0 0 0 5 0 5 0 6 0 2 1 0 1 0 0 4 0 3 0 3 0 4 0 2 0 7 0 3 0 7 0 1 0 1 0 6 0 6 0 6 0 0 0 2 0 7 0 1 0 0 0 0 1 0 0 0 0 4 1 0 0 6 1 0 0 5 0 7 0 6 1 0 0 4 0 0 0 5 0 5 0 7 0 5 0 3 0 0 0 4 0 7 0 0 0 6 0 1 1 0 1 0 0 0 0 6 0 5 0 2 0 4 0 1 1 0 0 4 0 6 0 1 1 0 0 3 0 3 0 1 0 6 0 6 0 5 0 3 0 7 0 0 0 4 0 6 1 0 0 5 0 0 0 6 0 3 0 4 0 6 1 0 0 3 0 0 0 6 0 6 0 5 1 0 0 4 0 0 0 4 0 6 0 0 0 2 0 0 0 5 1 0 0 7 0 5 0 5 0 2 1 0 0 2 0 4 1 0 1 0 0 5 0 4 0 3 1 0 0 6 1 0 0 0 0 2 0 7 0 4 0 3 1 0 0 4 0 3 0 5 0 3 0 3 1 0 0 4 0 5 0 1 0 6 0 2
1 357 1 0 0 1 0 0 0 0 2 0 7 0 6 0 5 1 0 0 5 0 0 0 4 1 0 1 0 0 7 0 1 0 1 0 4 0 0 0 3 0 4 0 6 0 6 0 1 0 1 0 4 1 0 0 7 0 5 0 2 0 4 0 2 0 4 0 2 0 6 0 2 0 5 0 5 0 0 0 3 1 0 0 5 0 5 0 1 0 7 0 0 0 7 0 1 0 6 0 7 0 7 0 1 0 2 0 3 0 4 0 6 1 0 0 7 0 7 0 6 0 6 1 0 0 6 0 5 1 0 0 6 0 3 0 3 0 4 0 5 0 4 0 1 0 5 0 5 0 3 0 0 0 1 0 7 0 0 0 1 0 0 0 5 0 0 0 2 0 7 0 5 1 0 1 0 0 2 0 2 0 3 0 7 0 2 0 7 0 1 0 0 0 6 0 2 0 3 0 4 1 0 0 7 0 0 0 4 0 2 0 5 1 0 0 4 1 0 0 0 0 4 0 4 0 7 0 5 0 6 0 3 0 4 0 5 0 2 1 0 0 6 0 2 0 0 0 6 0 0 0 1 0 2 0 3 1 0 0 1 0 5 1 0 0 6 0 1 0 4 0 5 0 3 1 0 1 0 0 2 0 0 0 4 0 1 0 4 0 1 0 3 0 0 0 6 0 3 0 2 0 6 0 7 0 4 0 1 0 0 1 0 0 2 0 1 0 0 0 0 0 4 1 0 0 0 0 5 0 6 0 0 1 0 1 0 1 0 1 0 0 2 1 0 0 0 0 0 0 0 0 2 0 4 0 3 0 5
0 357 2 0 1 0 6 1 0 0 5 0 6 0 5 0 4 0 0 0 1 0 2 0 1 0 0 1 0 0 5 0 3 0 2 1 0 0 1 0 7 0 0 0 5 0 4 0 3 0 3 0 1 0 0 0 6 0 2 0 5 1 0 0 5 1 0 0 6 0 3 0 6 0 2 0 2 0 1 1 0 0 0 0 2 0 2 0 4 0 5 0 2 0 5 0 4 0 4 0 7 0 6 0 3 0 4 0 7 0 0 0 6 0 0 0 6 0 7 0 5 0 6 0 0 0 4 0 4 0 0 0 3 0 7 0 7 0 0 0 3 0 0 0 4 0 2 0 2 0 7 0 0 0 3 0 5 0 1 0 2 0 1 0 1 0 1 0 5 0 6 0 4 0 0 0 7 0 3 0 4 0 7 0 5 0 6 0 5 0 3 0 1 0 3 0 5 0 7 0 1 0 0 0 5 0 1 1 0 0 6 0 3 0 0 0 0 1 0 0 1 0 0 0 1 0 7 0 3 0 4 1 0 0 1 0 2 0 6 1 0 0 3 0 5 0 1 0 3 0 1 0 2 0 4 0 7 0 7 0 2 0 3 0 0 0 3 0 4 0 0 0 3 0 0 0 0 0 7 0 3 0 0 1 0 0 3 1 0 0 3 0 6 0 1 0 3 0 7 0 5 0 4 0 7 0 0 0 3 0 1 0 7 0 3 0 2 0 0 0 1 0 0 1 0 0 1 0 2 0 4 0 2 1 0 1 0 1 0 0 7 0 4 0 6 1 0 0 0 0 0 0 4 1 0 1 0 0 3
1 357 4 0 3 0 5 0 0 0 2 0 5 0 3 0 0 0 1 0 2 0 4 0 2 0 1 1 0 0 1 0 7 0 5 0 7 0 2 0 5 0 2 0 2 0 0 0 7 0 6 0 2 0 1 0 3 0 6 0 3 0 0 0 3 0 0 0 3 1 0 0 4 0 5 0 4 0 3 0 6 1 0 0 4 0 5 0 0 0 2 0 6 0 2 0 1 0 1 0 7 0 4 1 0 0 1 0 6 0 2 0 3 0 2 0 4 0 7 0 3 0 4 0 2 0 0 0 0 0 1 0 7 0 6 0 6 0 1 0 6 0 0 1 0 0 5 0 5 0 5 0 1 0 7 0 1 0 3 0 4 0 2 0 2 0 3 0 2 0 5 0 0 0 2 0 5 1 0 0 1 0 7 0 3 0 5 0 2 0 7 0 2 0 7 0 2 0 6 0 3 0 1 0 1 0 4 1 0 0 3 0 7 0 0 0 1 0 7 0 1 0 0 0 3 0 5 1 0 0 1 1 0 0 2 0 5 0 4 1 0 0 7 0 1 0 3 0 6 0 2 0 5 0 0 0 7 0 6 0 5 0 6 0 0 0 6 1 0 0 1 0 6 0 0 0 1 0 5 0 7 0 1 0 7 0 6 0 7 0 6 0 3 0 3 0 7 0 6 0 3 0 1 0 6 0 1 0 6 0 3 0 5 0 7 0 4 0 0 0 2 0 1 0 7 0 1 0 4 1 0 0 6 1 0 1 0 1 0 0 6 0 1 0 5 1 0 0 0 0 1 0 1 0 0 0 7 0 5
0 358 1 0 1 0 0 2 0 1 0 5 0 1 0 7 0 0 0 2 0 4 1 0 0 5 0 3 0 7 0 2 0 6 0 3 0 6 0 6 0 1 0 5 0 4 0 1 0 6 0 4 0 5 0 2 0 7 0 3 0 7 0 0 0 6 0 0 1 0 0 0 0 0 0 3 0 0 1 0 0 6 0 0 0 0 0 2 0 1 0 5 0 3 0 5 0 2 0 3 0 6 0 1 1 0 0 3 0 3 0 5 0 6 0 5 0 0 0 6 1 0 0 0 0 5 0 0 0 0 0 3 0 6 0 5 0 4 0 4 0 3 0 2 1 0 0 2 0 3 0 2 0 4 0 5 0 3 0 6 1 0 0 5 0 4 0 6 0 5 0 1 0 1 0 5 0 2 1 0 0 3 0 5 1 0 0 2 0 6 0 5 0 6 0 5 0 6 0 3 0 7 0 2 0 3 0 0 1 0 0 7 0 5 0 1 0 3 0 5 0 3 0 0 0 7 0 2 1 0 0 3 0 7 0 4 0 2 0 2 0 0 0 5 0 3 0 7 0 3 0 6 0 1 0 2 0 6 0 5 0 3 0 4 0 2 0 4 1 0 0 3 0 3 0 1 0 3 0 2 0 6 0 4 0 6 0 5 0 7 0 4 0 7 0 7 0 6 0 4 0 7 0 3 0 3 0 4 0 3 1 0 0 3 0 7 0 0 0 1 0 4 0 3 0 5 0 4 0 1 0 0 0 5 0 0 1 0 1 0 0 3 0 4 0 2 1 0 0 0 0 2 0 2 0 1 0 6 0 3
1 359 1 1 0 0 7 0 3 0 3 0 1 0 4 0 5 0 1 0 5 0 1 0 0 0 1 1 0 0 6 0 6 0 3 1 0 0 5 0 4 0 4 0 2 0 0 0 4 0 4 0 1 0 2 0 6 0 5 1 0 0 6 0 2 0 3 0 2 0 6 1 0 0 0 0 6 0 1 1 0 0 3 0 1 0 0 0 4 0 3 0 1 1 0 0 2 0 5 0 7 0 3 0 4 0 7 0 5 0 7 0 2 0 5 0 2 0 2 0 4 1 0 0 1 0 1 0 1 0 0 0 7 0 4 0 3 0 1 0 0 0 7 0 5 0 7 0 3 0 6 0 5 0 0 0 2 1 0 0 6 0 0 0 2 0 1 0 5 0 2 0 3 0 3 0 1 0 6 0 7 0 6 0 2 1 0 0 5 0 4 0 3 0 5 0 3 0 4 1 0 0 6 0 5 0 6 0 1 1 0 0 6 0 2 0 3 0 7 0 1 0 7 0 1 0 5 0 6 0 7 0 6 0 6 0 0 0 5 0 4 0 1 0 1 1 0 0 6 1 0 0 4 0 3 0 5 0 4 0 2 1 0 0 0 0 6 0 0 1 0 0 6 0 6 0 2 0 6 0 5 0 4 0 1 0 5 0 3 0 7 0 1 0 7 0 7 0 5 0 1 0 6 0 7 0 6 1 0 1 0 1 0 0 7 0 5 0 1 0 2 1 0 1 0 0 3 0 0 0 3 0 1 0 1 0 2 1 0 0 7 0 5 1 0 0 6 0 6 1 0 0 4 0 4 0 3 0 3 1 0
1 359 3 1 0 0 5 0 7 0 6 0 3 0 0 0 2 0 4 0 1 0 3 0 0 0 3 1 0 0 4 0 5 0 0 0 0 0 2 0 1 0 0 0 5 0 1 0 0 0 0 0 3 0 5 0 4 0 4 0 0 0 3 0 5 0 6 0 5 0 4 1 0 0 1 0 3 0 4 0 7 0 5 0 2 0 0 1 0 0 7 0 3 0 7 0 4 0 2 0 6 1 0 0 1 0 7 0 3 0 6 0 6 0 1 0 5 0 5 0 0 1 0 0 2 0 2 0 2 0 1 0 6 0 0 0 7 0 2 0 1 0 6 0 3 0 6 1 0 0 5 0 2 0 1 0 5 1 0 0 3 0 1 0 4 0 3 0 1 0 5 0 6 0 6 0 3 0 4 0 7 0 4 0 6 1 0 0 2 0 0 1 0 0 2 1 0 0 2 0 0 0 4 0 3 0 4 0 4 1 0 0 3 0 5 0 7 0 5 0 4 0 5 0 4 0 2 0 5 0 7 0 5 0 4 0 2 0 2 0 0 0 3 0 3 1 0 0 4 1 0 1 0 1 0 0 3 0 0 0 6 0 7 0 0 0 3 0 2 1 0 0 4 0 4 0 6 0 4 0 3 0 0 0 4 0 1 1 0 0 6 0 4 0 6 0 7 0 2 0 4 0 4 0 7 0 6 0 0 1 0 1 0 0 6 0 2 0 3 0 5 1 0 0 7 0 5 0 0 0 6 0 2 0 2 0 5 1 0 0 6 0 4 0 0 0 4 0 6 0 0 0 0 0 0 0 7 0 7 0 6
1 360 1 0 0 0 0 2 0 7 0 4 0 7 0 0 0 4 1 0 0 3 0 6 0 0 1 0 0 0 0 0 0 2 0 1 0 0 0 4 0 2 0 1 0 1 0 3 0 0 0 0 0 7 0 2 0 1 0 0 0 1 0 7 0 2 0 5 0 3 0 1 1 0 0 2 0 7 0 0 0 7 0 2 0 5 0 1 1 0 0 5 1 0 0 7 0 0 0 6 0 4 1 0 0 3 0 5 1 0 0 5 0 4 0 4 0 2 0 2 0 2 0 7 0 3 0 4 0 4 0 3 0 3 0 2 0 5 0 5 0 3 0 3 1 0 0 6 0 0 0 1 0 5 0 3 0 2 1 0 0 6 0 2 1 0 0 7 0 3 0 2 0 5 0 4 1 0 0 1 0 7 0 1 0 5 1 0 0 4 0 1 0 7 0 4 0 7 0 3 0 0 1 0 1 0 0 1 0 1 1 0 0 7 0 2 0 7 0 3 0 1 0 3 0 0 0 6 0 2 0 7 0 3 0 0 0 5 0 4 0 0 0 6 1 0 0 0 0 1 0 0 1 0 0 7 0 5 0 1 0 4 0 6 0 1 0 6 0 5 1 0 0 0 0 1 0 5 0 0 0 7 0 0 1 0 0 4 1 0 0 4 0 1 0 5 0 6 0 6 0 0 0 1 0 7 0 4 0 2 1 0 1 0 0 3 0 5 0 7 0 3 0 0 0 6 0 2 0 2 0 3 0 5 0 5 0 3 0 0 0 4 0 0 0 2 0 0 0 4 0 1 0 0 0 1 0 6 0 7 0 5
0 361 1 0 6 1 0 0 5 0 6 0 1 0 6 0 2 0 0 1 0 0 7 0 3 0 2 0 6 1 0 0 0 0 4 0 2 0 0 1 0 0 5 0 2 0 2 0 6 0 0 0 1 0 5 0 5 0 2 0 0 0 3 0 5 0 6 0 1 0 7 0 3 0 7 0 4 0 5 0 2 0 5 0 6 0 1 0 4 1 0 0 3 0 0 0 5 0 2 0 4 0 1 1 0 0 7 0 3 0 0 0 2 0 1 0 0 0 5 0 4 0 5 0 5 1 0 0 1 0 0 0 7 0 6 0 5 0 2 0 2 1 0 0 0 0 0 0 3 0 1 0 3 0 1 0 7 0 5 1 0 0 3 0 6 1 0 0 5 0 7 0 5 0 2 0 1 1 0 0 3 0 5 0 4 0 2 1 0 1 0 0 4 0 6 0 1 0 6 0 7 0 1 1 0 0 7 0 1 0 3 1 0 0 5 0 6 0 5 0 7 0 2 0 6 0 1 0 3 0 6 0 5 0 7 0 1 0 2 0 0 0 2 0 4 1 0 0 0 0 2 0 1 1 0 0 6 0 2 0 4 0 0 0 4 0 4 0 4 0 3 1 0 0 0 0 3 0 1 0 2 0 5 0 2 1 0 0 0 1 0 1 0 0 4 0 2 0 5 0 4 0 1 0 3 0 6 0 0 0 6 1 0 0 7 0 6 0 2 0 6 0 7 0 1 0 3 0 5 0 4 0 7 0 2 0 2 0 7 0 0 1 0 0 1 0 4 0 0 1 0 0 3 0 0 0 3 0 4 0 7 0 3
1 361 3 0 5 0 0 0 2 0 4 0 4 0 3 0 5 0 1 1 0 0 5 0 7 0 5 0 4 1 0 0 0 1 0 0 5 0 1 1 0 0 1 0 5 0 5 0 3 0 1 0 3 0 2 0 2 0 5 0 0 0 7 0 2 0 4 0 4 0 5 1 0 0 7 0 1 0 2 0 6 0 2 0 4 0 4 0 0 1 0 0 6 0 1 0 1 0 5 1 0 0 4 1 0 0 5 0 7 0 0 0 4 0 2 0 1 0 2 0 1 0 3 0 3 1 0 0 2 0 1 0 6 0 5 0 2 0 5 0 5 0 6 1 0 0 0 0 6 0 2 0 6 0 3 0 6 0 3 1 0 0 7 0 5 0 0 0 2 0 7 0 2 0 5 0 3 0 7 0 6 0 2 0 0 0 6 1 0 1 0 0 0 0 4 0 4 0 4 0 6 0 4 1 0 0 5 0 3 1 0 0 0 0 2 0 5 0 3 0 6 0 6 0 3 0 3 0 7 0 4 0 3 0 6 0 3 0 4 0 0 0 5 0 0 1 0 0 0 0 4 0 3 1 0 0 3 0 5 1 0 0 2 0 0 0 1 0 0 1 0 1 0 0 0 0 6 0 2 0 5 0 1 0 6 0 7 0 0 1 0 0 7 0 7 0 5 0 2 0 0 0 3 0 7 0 3 0 2 0 5 0 0 0 6 0 4 0 6 0 4 0 6 0 3 0 7 0 2 0 1 0 6 0 5 0 5 0 5 0 2 0 7 0 1 1 0 0 2 0 7 0 5 0 0 0 7 0 0 0 6 1 0
1 361 7 0 1 0 1 0 5 0 0 0 0 1 0 0 2 0 4 1 0 0 2 0 7 0 3 0 1 1 0 0 1 1 0 0 1 0 4 0 7 0 2 0 2 0 2 0 7 0 2 0 6 0 4 0 5 0 1 0 2 0 5 0 6 0 0 0 1 0 4 0 0 0 5 0 3 0 5 0 3 0 6 0 0 0 0 0 2 1 0 0 3 0 3 0 3 0 3 0 0 0 1 0 0 0 2 0 6 0 1 1 0 0 5 0 2 0 4 0 2 0 6 0 7 0 7 0 3 0 3 0 4 0 2 0 6 0 2 0 3 0 5 1 0 0 1 0 3 0 6 0 3 1 0 0 5 0 0 0 0 0 6 0 2 0 1 0 5 0 5 0 6 0 1 1 0 0 7 0 4 0 5 0 1 0 5 0 0 0 7 0 0 0 0 0 1 0 1 0 5 0 2 0 0 0 1 1 0 1 0 0 0 0 5 0 1 1 0 0 5 0 4 0 7 0 7 0 6 0 0 1 0 0 4 1 0 0 0 0 2 0 1 0 2 0 6 1 0 1 0 1 0 1 0 0 7 0 2 1 0 0 4 0 0 0 2 0 1 1 0 0 7 0 0 0 3 0 6 0 1 0 4 0 4 0 6 0 2 1 0 0 6 0 7 0 2 0 5 0 0 0 7 0 5 0 7 0 5 0 1 0 2 0 4 0 1 0 5 0 1 0 4 1 0 0 6 0 5 0 3 0 4 0 3 0 3 0 2 0 6 0 5 0 4 0 7 0 4 0 6 0 2 0 2 0 5 0 2 0 4 1 0
1 363 1 0 5 0 3 0 3 0 1 0 1 0 1 0 7 0 4 0 0 1 0 0 5 0 5 0 7 0 3 0 7 0 2 0 7 0 2 0 0 0 6 0 5 0 4 0 5 0 5 0 6 0 4 0 1 0 2 0 3 0 5 0 2 0 4 0 1 0 2 1 0 0 2 0 1 1 0 0 2 1 0 0 4 0 1 0 0 0 5 0 7 0 5 0 6 0 6 0 6 0 0 0 2 0 0 0 5 0 3 0 4 1 0 0 1 0 5 1 0 0 6 0 4 0 7 0 6 0 7 0 6 1 0 0 6 0 3 0 5 0 7 0 2 1 0 0 2 0 7 0 4 0 0 0 0 0 1 0 1 0 1 0 3 0 5 0 3 0 2 0 3 0 4 0 4 1 0 0 6 0 1 0 2 0 4 0 1 0 2 0 5 0 1 0 0 0 2 0 3 0 1 0 5 0 0 0 3 1 0 0 7 0 0 0 1 0 4 1 0 0 2 0 1 0 7 0 7 0 4 0 2 1 0 0 0 1 0 0 0 0 4 0 2 0 5 0 5 0 0 1 0 1 0 1 0 0 5 0 6 0 7 0 7 0 0 0 4 0 3 1 0 0 5 0 1 0 7 0 3 0 4 0 0 0 1 0 4 0 6 1 0 0 4 0 6 0 6 0 1 0 2 0 6 0 3 0 7 0 2 0 3 0 4 1 0 0 4 0 1 0 4 0 1 0 0 0 4 0 2 1 0 0 0 0 7 0 6 0 5 0 4 0 3 0 1 0 7 0 1 0 4 0 5 0 5 0 1 0 6 0 0 1 0
1 363 3 0 1 0 7 0 6 0 2 0 2 0 3 0 6 0 0 0 2 1 0 0 2 0 3 0 6 1 0 0 6 0 6 0 5 0 5 0 1 0 4 0 3 0 1 0 3 0 3 0 5 0 0 0 3 0 4 0 7 0 1 0 5 1 0 0 3 0 5 0 7 0 3 0 3 0 7 0 4 0 7 0 7 0 2 0 1 0 2 0 7 0 3 0 5 0 5 0 4 0 1 0 4 0 1 0 1 1 0 0 1 1 0 0 3 0 3 0 0 0 4 0 1 0 7 0 5 0 7 0 6 0 0 0 3 1 0 0 3 0 6 0 6 0 7 0 4 0 6 0 0 0 1 0 0 0 2 0 2 0 2 0 7 0 1 0 7 0 4 0 7 0 0 0 2 0 0 0 3 0 3 0 4 1 0 0 3 0 5 0 1 0 3 0 0 0 4 0 6 0 3 0 1 0 1 1 0 0 0 0 5 0 1 0 3 0 0 1 0 0 4 0 3 0 6 0 7 0 0 0 6 0 7 0 0 0 6 1 0 1 0 0 6 0 2 0 2 0 2 1 0 1 0 1 0 0 2 0 5 0 7 0 6 0 2 0 0 0 0 0 0 0 1 0 4 0 5 1 0 0 0 0 1 0 3 0 0 0 6 0 0 0 0 0 5 0 4 0 3 0 5 0 3 1 0 0 6 0 5 0 7 0 0 1 0 1 0 0 3 1 0 0 3 0 0 1 0 0 6 0 7 0 0 0 6 0 5 0 3 0 0 0 7 0 3 0 5 0 4 0 0 0 3 0 2 0 4 0 3 0 2 0 6
1 363 6 0 3 0 6 0 4 0 5 0 4 0 7 0 3 0 1 0 5 0 7 0 3 0 7 0 5 0 0 0 4 0 5 0 3 0 2 0 3 1 0 0 7 0 2 0 6 0 7 0 1 0 1 0 7 0 0 0 6 0 4 0 2 1 0 0 7 0 2 0 6 0 7 0 7 0 6 0 1 0 7 0 6 0 5 0 2 0 5 0 5 1 0 0 3 0 3 0 0 0 3 1 0 0 3 0 3 0 7 0 2 0 7 0 5 0 6 0 0 1 0 0 4 0 6 0 3 0 7 0 4 0 1 0 7 0 7 0 6 0 4 0 5 0 7 0 1 0 4 0 1 0 2 0 0 0 4 0 4 0 5 0 5 0 4 0 6 0 1 0 6 0 1 0 4 0 0 0 6 0 7 0 0 1 0 0 7 0 1 0 3 0 6 0 1 0 0 0 4 0 7 0 2 0 3 0 7 0 0 0 1 0 3 0 6 0 1 0 7 0 7 0 7 0 4 0 6 0 2 0 4 0 6 0 2 0 5 0 0 1 0 0 3 0 5 0 4 0 5 1 0 1 0 0 7 0 4 0 2 0 7 0 4 0 5 0 0 0 0 0 0 0 3 0 0 0 3 1 0 0 0 0 2 0 6 0 1 0 3 0 1 0 1 0 2 0 0 1 0 0 3 0 0 0 0 0 4 0 3 0 6 0 2 1 0 0 7 0 6 0 7 0 5 0 1 1 0 0 4 0 6 0 2 0 4 0 2 0 7 0 1 0 5 1 0 0 3 0 0 0 1 0 6 0 4 1 0 0 7 0 5 0 4
0 365 1 0 3 1 0 0 5 0 1 0 3 0 1 0 6 0 7 0 3 0 2 0 6 1 0 0 7 0 2 0 2 0 0 0 2 0 7 0 4 1 0 0 0 0 5 0 6 0 4 0 6 0 3 0 3 0 5 0 2 0 4 0 0 0 6 1 0 0 5 0 6 0 4 0 7 0 7 0 4 0 4 0 6 0 5 0 2 0 6 0 2 0 3 1 0 0 6 0 6 0 0 0 7 0 7 0 5 0 7 0 5 0 6 0 6 0 3 0 4 0 2 1 0 0 0 0 4 1 0 0 7 0 0 0 4 0 6 0 7 0 5 0 1 0 3 0 6 0 3 1 0 0 3 0 4 0 1 0 0 0 1 0 3 0 3 0 1 0 4 0 4 0 3 0 3 1 0 0 2 0 4 0 6 0 2 1 0 0 5 0 3 0 7 0 3 0 3 0 1 0 0 0 6 0 5 0 7 0 5 0 1 0 2 0 7 0 3 0 4 0 6 0 7 0 7 0 1 0 4 0 6 0 0 0 4 0 6 0 1 0 2 0 7 0 6 0 2 0 1 0 4 0 0 1 0 0 6 0 0 0 6 0 6 0 1 0 2 0 1 0 0 0 0 0 6 0 0 0 7 0 6 1 0 0 5 0 3 0 3 0 6 0 2 0 2 0 4 0 1 0 7 0 5 0 0 0 0 1 0 1 0 0 4 0 6 1 0 0 6 0 5 0 7 0 2 0 4 1 0 0 0 0 4 0 5 1 0 0 6 0 5 0 4 0 2 1 0 0 6 0 0 0 3 0 4 0 2 0 0 0 6 0 3 0 1
0 365 2 1 0 0 0 0 1 0 3 0 6 0 3 0 4 0 6 0 7 0 5 0 5 0 0 0 5 0 5 0 4 0 0 0 5 0 6 0 1 1 0 0 1 0 2 0 5 0 1 0 4 0 7 0 7 0 1 0 5 1 0 0 2 0 5 0 0 0 2 0 5 0 1 0 7 0 7 0 1 0 1 0 5 0 2 0 6 0 3 0 5 1 0 0 0 0 4 0 4 0 2 0 6 0 7 0 3 0 7 0 3 0 5 0 4 1 0 0 0 0 6 0 7 0 0 0 1 0 0 0 5 0 2 0 0 0 5 0 7 0 2 0 3 0 7 0 3 1 0 1 0 0 6 1 0 0 3 0 0 0 2 0 6 0 6 0 3 0 0 0 0 0 7 0 7 0 7 0 4 0 0 0 4 0 6 1 0 0 1 1 0 0 6 0 7 0 6 0 2 0 1 0 4 0 3 0 7 0 2 0 3 0 5 0 5 1 0 0 1 0 5 0 7 0 6 0 4 0 0 0 4 0 2 0 0 0 4 0 3 0 5 0 6 0 4 0 5 0 2 1 0 0 2 1 0 0 3 0 2 0 4 0 4 0 3 0 4 0 2 0 0 0 1 0 3 0 2 0 6 0 6 0 0 0 1 0 7 0 7 0 3 0 5 0 4 1 0 0 4 0 6 0 2 0 1 0 1 1 0 1 0 0 0 0 6 0 0 0 4 0 3 0 6 0 6 0 0 1 0 0 1 0 0 0 4 0 0 0 4 0 3 0 0 0 6 1 0 0 3 0 1 0 6 1 0 0 5 0 1 0 3 0 7 0 2
1 365 5 0 6 1 0 0 2 0 7 0 3 1 0 0 1 0 5 0 7 0 3 0 2 0 2 0 2 0 3 0 0 0 2 0 2 0 4 0 4 0 7 0 1 0 5 0 1 0 4 0 0 0 7 0 6 0 4 0 2 1 0 0 5 0 1 0 1 0 5 0 1 0 4 0 6 0 6 0 3 0 3 0 1 0 6 0 3 1 0 0 3 1 0 0 1 0 0 0 0 0 6 0 4 0 6 1 0 0 6 1 0 0 3 0 1 1 0 0 1 0 4 0 6 0 1 0 2 0 1 0 1 0 5 0 1 0 2 0 6 0 5 0 7 0 6 0 0 0 0 1 0 0 4 1 0 0 6 0 0 0 5 0 4 0 4 0 7 0 0 0 1 0 6 0 7 0 7 0 0 0 2 0 0 0 5 1 0 0 3 1 0 0 4 0 7 0 4 0 5 0 2 1 0 1 0 0 6 0 5 0 7 0 2 0 3 1 0 0 3 0 2 0 7 0 5 0 0 0 1 1 0 0 5 0 0 1 0 1 0 0 3 0 5 0 1 0 2 0 6 0 7 0 4 0 7 0 5 0 5 0 0 0 0 1 0 0 0 0 5 0 0 0 2 0 6 0 5 0 4 0 4 0 1 0 3 0 6 0 6 1 0 0 3 0 2 0 0 0 0 0 4 0 5 0 2 0 3 1 0 0 7 0 0 0 3 0 1 1 0 1 0 0 5 0 4 0 2 0 7 0 1 0 0 1 0 0 1 1 0 0 7 0 1 0 4 1 0 0 6 0 3 0 5 0 0 0 1 0 3 0 7 0 5 0 5
0 367 1 0 2 0 5 1 0 0 5 0 5 1 0 1 0 0 3 0 2 0 6 0 7 0 4 0 4 0 4 0 6 0 0 0 4 0 5 0 0 0 1 0 6 0 4 0 1 0 3 1 0 0 2 0 6 0 5 0 0 0 6 1 0 0 1 0 3 0 3 0 1 0 4 0 0 0 5 0 4 0 7 0 6 0 3 0 3 1 0 1 0 0 7 0 7 0 1 0 0 0 1 0 4 0 1 0 6 0 0 0 4 1 0 0 6 0 3 0 7 0 2 0 0 0 4 0 3 0 4 0 2 0 3 0 1 0 3 0 5 0 4 0 3 0 7 0 4 0 1 0 1 1 0 0 1 0 0 0 3 0 2 0 2 0 1 0 1 0 6 0 1 0 3 0 4 0 7 0 6 0 1 0 4 0 1 0 2 1 0 1 0 0 0 0 0 0 7 0 1 0 2 0 6 1 0 1 0 0 4 0 3 0 6 0 5 0 7 0 7 0 5 0 5 0 6 0 2 0 1 0 3 1 0 0 1 0 2 1 0 0 7 0 6 0 1 0 3 0 5 0 4 0 7 0 1 0 7 0 3 0 2 0 1 0 1 0 7 0 0 0 1 0 1 0 5 0 4 0 3 0 1 0 0 0 3 0 7 0 4 0 5 1 0 0 6 0 4 0 0 0 1 0 0 0 2 0 5 1 0 0 0 0 5 0 1 0 6 0 3 1 0 1 0 0 2 0 0 0 6 0 5 0 3 0 1 0 7 0 2 1 0 0 5 0 4 0 1 0 0 0 3 1 0 0 2 0 1 0 2 0 7 0 6 0 3 0 3
1 367 2 0 5 0 3 0 0 0 2 0 4 0 0 0 7 0 5 0 5 0 4 0 7 0 1 0 1 0 1 0 4 0 2 0 0 0 2 0 1 0 3 0 4 0 0 0 3 0 7 0 7 0 4 0 4 0 2 0 2 0 4 1 0 0 2 0 6 0 6 0 2 1 0 0 2 0 2 0 1 0 7 0 4 1 0 0 0 0 0 1 0 0 6 0 6 0 3 0 0 0 2 1 0 0 4 0 3 0 2 0 1 0 0 0 3 1 0 0 6 0 5 0 0 1 0 1 0 0 0 0 5 0 6 0 2 0 7 0 2 0 0 1 0 0 7 0 0 0 3 0 3 0 7 0 1 0 0 0 6 0 4 0 4 0 2 0 3 0 3 0 3 0 7 0 0 0 7 0 4 0 3 1 0 0 3 0 5 1 0 0 6 1 0 0 1 0 5 0 3 0 5 0 5 0 0 0 7 0 7 0 7 0 4 0 3 0 7 0 7 0 3 0 3 0 4 0 5 0 2 0 7 0 7 0 1 0 5 1 0 0 6 0 4 0 3 0 7 0 2 0 1 0 6 0 4 0 5 0 7 0 4 0 2 0 3 0 5 0 1 0 2 0 3 0 2 0 0 0 7 0 2 0 0 0 7 0 6 0 1 0 4 0 0 0 4 0 0 0 1 0 2 0 0 0 5 0 2 1 0 0 1 0 1 0 4 0 4 0 0 0 0 0 7 0 3 0 1 0 4 0 2 0 7 0 3 0 5 0 6 1 0 0 2 0 0 0 3 0 0 0 7 0 7 0 3 0 2 0 5 0 6 0 4 0 7 0 6
1 367 5 0 1 0 7 0 0 0 4 1 0 0 2 0 6 0 3 0 3 0 1 0 6 0 3 0 2 0 2 1 0 0 5 0 0 0 4 0 2 0 6 1 0 0 1 0 7 0 6 0 7 0 1 0 0 0 5 0 5 0 0 1 0 0 5 0 4 0 4 0 6 0 7 0 3 0 4 0 3 0 6 0 1 1 0 0 0 0 1 1 0 0 4 0 4 0 7 0 0 0 5 0 7 0 7 0 6 0 4 0 2 0 0 1 0 0 0 0 4 0 2 0 2 1 0 0 7 0 0 0 2 0 4 0 6 0 5 0 5 0 1 1 0 0 5 0 1 0 6 0 7 0 5 0 3 0 1 0 4 0 1 0 0 0 5 0 6 0 6 0 7 0 5 0 2 0 6 0 0 1 0 1 0 0 7 0 3 0 0 0 4 1 0 0 3 0 1 1 0 0 3 0 2 0 2 0 6 0 7 0 7 0 0 1 0 0 7 0 6 0 7 0 7 0 0 0 2 0 6 0 6 0 6 0 4 0 3 0 0 0 4 0 0 1 0 0 6 0 5 0 3 0 4 0 1 0 3 0 7 0 0 0 5 0 7 0 1 0 3 0 4 0 6 0 4 0 1 0 5 0 5 0 1 0 6 0 4 0 3 1 0 0 1 1 0 0 1 0 2 0 4 0 1 0 1 0 6 0 7 0 1 0 3 0 0 0 0 0 1 0 1 0 5 0 7 0 2 1 0 0 6 0 5 1 0 0 3 0 5 1 0 0 4 0 0 0 6 0 1 0 6 0 6 0 7 0 5 0 2 0 5 0 1 0 7 0 5
0 369 1 0 1 0 4 0 5 0 2 0 0 1 0 0 5 0 3 0 7 0 6 0 3 0 3 0 7 0 4 0 5 1 0 0 1 0 1 1 0 0 6 0 4 1 0 0 3 0 6 0 5 0 6 0 3 0 1 0 2 0 2 0 2 1 0 0 2 0 1 0 1 0 5 0 6 1 0 0 0 1 0 0 4 0 4 0 6 1 0 0 3 1 0 0 0 0 1 0 6 0 2 0 2 0 7 0 7 0 5 0 0 0 5 0 1 0 6 1 0 1 0 0 5 0 5 1 0 0 5 0 1 0 5 0 0 0 5 0 3 0 2 0 4 1 0 0 1 0 4 0 4 0 7 0 2 0 7 0 2 1 0 0 3 0 1 0 2 0 5 0 5 0 7 0 2 0 6 0 3 0 2 1 0 1 0 0 5 0 7 0 1 0 0 1 0 0 6 0 3 0 7 0 5 0 4 0 5 0 4 0 7 0 6 0 2 1 0 0 6 0 5 0 7 0 6 0 1 0 5 0 4 0 5 0 5 0 0 0 7 0 0 1 0 0 2 1 0 0 4 0 2 1 0 0 0 0 3 0 7 0 5 0 2 0 2 0 6 0 3 0 7 0 0 0 5 0 0 0 4 0 2 0 2 0 4 0 4 0 0 1 0 1 0 0 3 0 7 0 1 0 4 1 0 0 3 0 3 0 4 0 6 0 3 0 6 0 0 0 0 0 2 0 3 0 2 0 6 0 6 1 0 0 4 0 3 1 0 0 7 0 2 1 0 1 0 0 2 0 3 0 4 0 4 0 5 0 7 0 2 0 6 0 1 0 4 0 6 0 3
1 369 2 0 3 0 0 0 2 0 5 0 1 1 0 0 1 1 0 0 7 0 4 0 7 0 7 0 6 0 1 0 3 1 0 0 2 0 3 1 0 0 4 0 1 1 0 0 7 0 4 0 3 0 4 0 7 0 2 0 4 0 4 0 5 0 7 0 3 0 2 0 3 0 2 0 5 1 0 0 1 1 0 0 0 0 1 0 5 1 0 0 7 0 6 1 0 0 3 0 3 0 5 0 5 0 6 0 7 0 2 0 2 0 1 0 4 0 5 0 0 1 0 0 2 0 4 0 0 0 1 0 4 0 1 0 2 0 1 0 7 0 5 0 0 1 0 0 3 0 0 0 1 0 6 0 6 0 5 0 6 0 7 0 5 0 2 0 5 0 2 0 3 0 6 0 6 0 3 0 7 0 5 1 0 1 0 0 2 0 6 0 3 0 1 1 0 0 3 1 0 0 7 0 3 0 1 0 3 0 1 0 7 0 4 0 6 1 0 0 4 0 3 0 7 0 4 0 4 0 2 0 1 0 3 0 2 0 2 0 5 0 2 0 7 0 4 0 7 0 7 0 5 0 6 1 0 0 7 0 6 0 2 0 5 0 5 0 3 1 0 0 6 0 2 0 1 0 1 1 0 0 5 0 5 0 0 0 0 0 2 1 0 0 7 0 6 0 5 0 4 0 0 1 0 0 6 0 7 0 0 0 4 1 0 0 4 0 1 0 0 0 4 0 6 0 5 0 4 0 6 0 0 0 0 0 0 0 0 0 5 0 6 1 0 0 7 0 3 0 7 0 0 0 1 0 3 0 6 0 6 0 3 0 4 0 0 0 4 1 0
1 369 4 0 6 0 0 0 5 0 1 0 4 0 7 0 2 1 0 0 6 0 1 0 7 0 7 0 4 0 3 0 7 0 7 0 3 0 7 0 7 0 7 0 3 1 0 0 6 0 0 1 0 0 1 0 6 0 6 0 0 0 1 0 3 0 6 0 7 0 4 0 6 0 5 0 2 1 0 0 3 0 6 1 0 0 3 0 3 0 0 0 6 0 5 1 0 0 6 0 7 0 2 0 3 0 5 0 6 0 5 0 4 0 3 0 0 0 2 0 2 0 7 0 3 1 0 0 1 0 2 1 0 0 3 0 4 0 3 0 6 0 2 0 2 0 7 0 5 0 0 0 3 0 4 0 5 0 3 0 5 0 7 0 2 0 6 0 1 0 5 0 7 0 4 0 4 1 0 0 7 0 4 0 0 0 7 0 4 0 3 0 7 0 3 0 7 0 6 1 0 0 5 0 7 0 2 0 6 0 3 0 6 0 1 0 5 1 0 1 0 1 0 0 7 0 1 0 0 0 5 0 2 0 6 0 4 0 5 0 1 0 6 0 6 0 1 0 7 0 7 0 3 0 6 0 0 0 6 0 4 0 6 0 2 0 3 0 0 0 0 0 3 0 5 0 2 0 3 1 0 0 2 0 2 0 1 0 0 0 5 1 0 0 6 0 5 0 3 0 0 0 2 1 0 0 4 0 6 0 2 0 0 1 0 1 0 0 3 0 1 0 0 0 5 0 3 0 1 0 4 0 1 0 0 0 0 0 1 0 2 0 6 0 0 0 5 1 0 0 6 0 1 0 2 0 7 0 4 0 4 1 0 0 0 0 2 0 0 1 0
1 371 1 0 0 0 4 0 2 0 1 0 4 0 0 0 6 0 6 1 0 0 3 0 4 0 6 0 7 0 0 1 0 0 7 0 6 1 0 0 7 0 7 0 7 0 0 0 0 0 3 0 2 0 7 0 2 0 4 0 4 0 1 0 2 0 7 0 4 0 7 0 1 0 5 0 2 0 6 0 7 0 6 0 4 1 0 0 6 0 6 0 1 0 4 0 4 0 0 0 4 0 6 0 5 0 7 0 2 0 5 0 3 0 0 0 7 0 0 0 4 0 5 0 5 1 0 1 0 0 2 0 5 0 7 0 5 1 0 1 0 0 4 0 5 0 5 0 6 0 2 0 1 0 7 0 0 0 2 1 0 0 3 0 6 0 6 0 3 0 4 0 2 0 7 0 1 0 2 0 0 0 6 0 0 0 2 0 6 0 0 1 0 0 6 1 0 0 7 0 6 0 0 0 2 0 6 0 6 0 3 1 0 0 4 0 4 0 3 0 0 1 0 1 0 0 5 0 3 0 1 0 1 0 6 0 4 0 1 0 2 0 4 0 4 0 4 0 4 0 6 0 6 1 0 0 4 0 2 0 4 0 1 0 4 0 5 0 6 0 0 0 0 0 7 0 1 0 5 0 7 0 7 0 3 0 4 0 2 0 1 0 3 0 0 0 4 0 2 0 7 0 0 0 5 1 0 0 0 0 4 0 5 0 1 1 0 0 7 0 5 0 2 0 1 0 1 0 7 0 2 1 0 0 3 0 0 0 0 0 2 0 5 0 3 0 2 0 3 0 0 0 3 0 3 0 5 0 6 0 1 0 1 1 0 0 0 0 4 0 1 0 6
1 371 2 0 0 1 0 0 5 0 2 1 0 0 2 0 4 0 5 1 0 0 7 0 0 0 5 0 6 0 2 1 0 0 6 0 6 0 0 0 6 0 7 0 6 0 1 0 0 0 6 0 5 0 5 0 6 0 0 0 0 0 3 0 5 0 6 0 1 0 6 0 4 0 1 0 6 0 4 0 7 0 5 0 2 0 0 0 4 0 4 0 4 0 0 0 0 0 2 0 0 0 5 0 3 0 6 0 6 0 1 0 7 0 1 0 5 0 2 0 0 0 3 0 4 0 0 0 7 0 4 0 2 0 7 0 4 0 0 1 0 0 0 0 3 0 3 0 4 0 5 0 3 0 5 0 1 0 5 0 7 0 6 0 4 0 4 1 0 0 0 0 6 0 5 0 3 0 4 0 1 0 3 0 1 0 5 0 3 0 2 1 0 0 5 0 0 0 6 0 4 0 1 0 5 0 4 0 5 0 0 0 0 0 0 0 0 0 7 0 1 1 0 1 0 0 1 0 7 0 2 0 3 0 4 0 0 0 3 0 5 0 0 0 1 0 1 0 1 0 5 0 5 1 0 1 0 0 5 1 0 0 4 0 0 0 3 0 4 0 1 0 1 0 5 0 4 0 2 0 7 0 6 1 0 0 0 0 5 0 2 0 6 0 0 1 0 0 6 0 5 0 2 0 2 1 0 0 1 0 0 0 2 0 4 1 0 0 6 0 2 0 5 0 2 0 3 0 5 0 6 0 7 0 5 0 0 0 0 0 5 0 1 0 7 0 4 0 6 0 0 0 6 0 7 0 2 0 4 0 3 0 3 0 6 1 0 1 0 0 4 0 4
0 371 4 0 1 1 0 0 1 0 6 0 7 0 4 0 0 0 4 0 0 0 5 0 2 0 2 0 4 0 6 1 0 0 4 0 4 0 2 0 4 0 7 0 4 0 3 0 1 0 4 0 3 0 3 0 4 0 1 0 0 0 7 0 2 0 4 0 4 0 4 0 0 0 4 0 4 0 1 0 7 0 2 0 5 0 1 0 0 0 1 0 0 0 1 0 0 0 4 0 1 0 1 1 0 0 5 0 4 0 4 0 5 0 4 0 1 0 5 0 0 0 6 1 0 0 2 0 6 0 0 0 6 0 6 0 0 0 2 0 6 1 0 0 6 0 7 0 0 0 2 1 0 0 2 0 4 0 2 0 7 0 5 0 1 0 1 1 0 0 1 0 4 0 2 1 0 0 0 0 3 0 6 0 3 0 1 0 7 0 5 1 0 0 1 0 2 0 4 0 0 0 4 0 2 0 1 0 2 0 1 0 0 0 0 0 1 0 5 0 4 1 0 0 7 0 2 0 5 0 5 0 6 1 0 0 1 0 7 0 1 0 1 0 2 0 2 0 3 0 2 0 4 0 0 1 0 0 2 1 0 1 0 0 1 0 6 1 0 0 3 0 3 0 2 0 0 0 6 0 6 0 5 1 0 0 1 0 1 0 6 0 3 0 2 1 0 0 4 0 2 0 5 0 5 0 7 0 1 0 0 0 5 0 1 0 0 0 3 0 6 0 1 0 5 0 7 0 2 0 5 0 7 0 2 0 1 0 1 0 1 0 4 0 6 0 1 0 4 0 2 0 4 0 6 0 5 1 0 0 7 0 7 0 5 0 0 1 0 0 0 0 1
0 372 1 0 0 4 0 7 0 2 0 4 0 7 0 0 0 1 1 0 0 2 0 1 0 5 0 5 0 0 0 6 0 0 0 0 0 0 0 6 0 0 0 7 0 0 0 7 0 2 1 0 0 7 0 6 1 0 0 3 0 1 0 5 0 6 0 0 0 1 0 0 0 2 0 0 0 0 0 4 0 5 0 6 0 1 0 3 0 0 0 2 0 0 0 2 0 0 1 0 0 3 0 3 1 0 0 2 0 1 0 1 0 3 0 0 0 4 0 1 0 2 0 4 1 0 0 5 0 3 0 2 0 4 0 4 0 1 0 5 0 5 0 0 0 4 0 6 0 1 0 5 0 7 0 3 1 0 0 6 0 6 0 2 0 3 0 3 0 7 0 1 1 0 0 6 0 6 1 0 0 7 0 3 0 7 0 3 0 6 0 3 1 0 0 2 0 4 1 0 0 1 1 0 0 5 0 2 0 4 0 2 0 0 0 0 0 3 0 2 0 2 0 0 0 5 0 6 0 2 0 3 0 5 1 0 0 3 0 5 0 3 0 2 0 4 0 4 0 6 0 4 1 0 0 2 0 7 0 4 1 0 0 7 0 2 0 4 1 0 0 6 0 6 0 4 0 1 0 4 0 5 0 3 1 0 0 2 0 3 0 3 0 7 0 5 0 7 0 7 0 5 0 2 0 3 0 6 0 3 0 1 0 1 0 3 0 0 0 7 0 3 0 4 0 2 0 6 0 6 0 2 0 6 0 5 0 2 0 2 0 3 0 0 0 4 0 3 1 0 0 6 0 0 0 5 0 4 0 0 0 6 0 7 0 2 0 2 0 6 1 0 0 2
1 373 1 1 0 0 0 0 6 0 6 0 0 0 6 0 1 0 3 0 7 0 3 0 3 0 2 0 2 0 2 0 3 0 1 0 0 0 1 0 3 0 2 0 5 0 2 0 5 0 6 1 0 0 6 0 5 1 0 0 6 0 3 0 2 0 4 0 1 0 2 0 0 0 4 0 0 0 1 0 0 0 3 0 4 0 3 0 6 0 0 0 4 0 0 0 4 0 1 0 7 0 5 0 7 0 7 0 3 0 2 0 2 0 6 0 0 1 0 0 3 0 5 0 1 0 0 0 1 0 7 0 5 0 0 0 0 0 4 0 2 0 2 0 2 0 0 0 4 0 4 0 2 0 7 0 0 0 0 0 4 0 4 0 5 0 6 0 7 0 5 0 4 1 0 0 4 0 6 0 0 0 5 1 0 0 6 1 0 0 4 1 0 1 0 0 5 0 0 1 0 0 3 1 0 0 1 0 5 1 0 0 5 0 0 0 0 0 6 0 4 0 4 0 1 0 2 0 4 0 5 0 7 0 2 1 0 0 7 0 1 0 7 0 5 0 0 0 1 0 5 0 1 1 0 0 5 0 6 0 2 0 0 0 5 0 6 0 1 0 0 0 4 0 5 0 0 0 4 0 0 0 2 1 0 1 0 0 4 0 6 0 7 0 6 0 3 0 7 0 7 0 2 0 5 0 7 0 3 0 7 0 2 0 2 0 6 0 1 0 5 1 0 0 0 0 6 0 4 0 4 0 6 0 4 0 2 0 5 0 4 0 6 0 1 0 0 0 0 0 0 0 3 0 2 0 2 0 0 0 2 0 4 0 6 0 5 0 5 0 4 1 0 0 4
0 373 3 0 7 0 0 0 4 0 4 0 2 0 3 0 3 0 7 0 5 0 7 0 6 0 4 0 4 0 4 0 6 0 2 0 0 0 2 0 6 0 5 0 1 0 6 0 2 0 6 0 0 0 4 0 4 0 0 0 3 0 7 0 4 1 0 0 3 0 4 0 0 1 0 0 1 0 2 0 0 0 6 1 0 1 0 0 4 0 1 1 0 0 1 1 0 0 4 0 6 0 3 0 7 0 6 0 7 0 4 0 5 0 3 0 2 0 7 0 6 0 1 0 3 0 0 0 3 0 6 0 2 0 1 0 0 1 0 0 5 0 4 0 4 0 1 0 0 0 0 0 6 0 5 0 1 0 1 0 0 0 1 0 3 0 5 0 7 0 3 0 2 0 0 0 0 0 4 0 2 0 3 0 0 0 5 0 0 0 1 0 0 1 0 0 1 0 2 0 7 0 6 0 7 0 2 0 3 0 0 0 1 0 1 0 1 0 4 0 1 0 0 0 3 0 5 0 0 0 3 0 6 0 6 1 0 0 5 0 4 0 6 0 2 0 1 0 3 0 1 0 4 1 0 0 2 0 4 0 5 0 1 0 2 0 4 0 3 0 1 0 0 0 2 0 1 1 0 0 1 0 5 1 0 1 0 0 0 0 5 0 7 0 4 1 0 0 7 0 6 0 6 0 2 0 6 1 0 0 6 0 5 0 5 0 3 0 4 0 2 1 0 0 1 0 4 0 1 0 1 0 5 0 0 0 6 0 2 0 1 0 4 0 3 0 0 0 0 0 0 0 6 0 4 0 4 0 0 0 5 0 0 0 5 0 3 0 3 0 2 0 0 0 0
0 373 7 0 5 0 2 0 0 0 0 0 5 0 6 0 7 0 6 0 3 0 7 0 5 0 1 0 1 0 1 0 4 0 5 0 0 0 5 0 4 0 2 0 4 0 3 0 6 0 3 0 2 0 0 0 0 0 1 0 7 0 6 0 1 1 0 0 6 1 0 0 2 0 7 0 1 0 4 0 1 0 5 0 0 0 7 0 7 0 3 0 7 0 2 1 0 0 0 0 4 1 0 0 7 0 5 0 7 0 1 0 2 0 7 0 5 0 6 0 4 0 3 0 6 0 0 0 7 0 3 0 5 0 2 0 1 1 0 0 2 0 1 0 0 0 3 0 0 0 1 0 4 0 2 0 3 0 2 0 0 0 2 0 7 0 2 0 6 0 7 0 4 0 0 0 0 1 0 0 5 0 6 0 1 0 1 0 1 0 2 0 1 0 7 0 1 0 5 0 6 0 5 0 6 0 5 0 6 0 0 0 2 0 2 0 2 1 0 0 3 0 0 0 7 0 1 0 1 0 7 0 4 0 6 0 0 0 2 0 1 0 4 0 5 0 2 0 6 0 3 0 0 1 0 0 5 0 0 0 2 0 3 0 4 1 0 0 7 0 2 0 0 0 4 0 3 0 7 0 2 0 3 0 0 0 7 0 0 0 2 0 7 0 2 0 0 0 6 0 5 0 4 0 6 0 5 0 0 0 4 0 3 0 2 1 0 0 0 0 6 0 7 0 1 1 0 0 3 0 3 0 1 0 2 0 3 0 5 0 2 1 0 0 7 0 0 0 0 0 1 0 4 0 1 0 0 0 2 0 1 0 2 0 1 0 7 0 6 0 4 0 0 0 0
0 375 1 0 6 0 2 0 5 0 0 0 1 0 2 0 5 0 7 0 4 1 0 0 7 0 2 0 3 0 2 0 3 0 0 0 2 0 2 0 2 0 0 0 5 1 0 1 0 0 4 0 7 0 4 0 0 0 0 0 3 0 6 0 4 0 4 1 0 0 4 1 0 0 5 0 5 0 3 1 0 0 4 0 1 0 2 0 6 0 6 1 0 0 6 0 6 0 7 0 0 0 1 0 0 0 6 0 3 0 6 0 3 0 5 0 6 0 3 0 5 0 0 1 0 0 4 0 2 0 5 1 0 0 2 0 5 0 3 0 7 0 3 0 2 0 0 0 6 0 0 0 2 1 0 0 5 0 6 0 4 0 0 0 5 0 5 0 6 0 4 0 7 0 0 0 1 0 1 1 0 0 2 0 4 0 3 0 2 0 2 0 4 0 3 0 5 0 4 0 2 0 5 0 3 0 5 0 3 0 4 0 1 0 4 0 4 0 5 0 7 0 5 0 1 0 5 0 3 0 3 0 6 0 1 0 4 0 1 0 4 0 3 0 0 0 2 0 6 0 3 0 7 0 1 1 0 0 1 0 1 0 4 0 7 0 1 0 0 0 5 0 5 0 0 1 0 1 0 0 6 0 5 0 6 0 1 0 5 0 1 0 5 0 5 0 5 0 1 0 4 0 3 0 1 0 5 0 2 0 1 1 0 0 7 0 5 0 7 0 0 0 4 0 6 0 4 0 7 0 5 0 6 0 2 0 4 0 7 0 1 0 6 1 0 0 5 0 1 0 0 0 2 1 0 0 3 0 0 0 4 0 2 0 4 0 3 0 6 0 5 0 0 0 1 0 0
0 375 3 0 3 0 6 0 1 0 1 0 2 0 5 0 2 0 7 0 2 0 0 0 5 0 5 0 6 0 4 0 6 0 0 0 4 0 4 0 4 0 1 0 3 0 0 1 0 0 0 0 7 0 0 0 1 0 0 0 7 0 4 0 1 0 2 0 0 0 1 0 0 0 2 0 2 1 0 1 0 1 0 0 3 0 5 0 4 0 6 0 0 0 4 0 5 0 6 0 1 0 2 0 1 0 3 1 0 0 4 1 0 0 3 0 4 1 0 0 2 0 2 0 7 0 7 0 5 0 2 1 0 0 5 0 1 1 0 0 6 0 7 0 4 0 1 0 3 0 1 0 5 1 0 0 2 0 5 0 0 0 2 0 2 0 3 0 5 0 1 0 6 0 1 0 2 0 3 0 7 0 3 1 0 0 7 0 4 0 4 1 0 1 0 0 3 0 0 0 6 0 1 1 0 0 2 1 0 0 0 0 4 0 0 0 1 0 3 0 7 0 2 0 4 0 1 0 7 0 7 0 3 0 3 1 0 0 3 1 0 0 7 0 0 0 5 0 3 1 0 0 6 0 4 0 7 0 1 0 3 0 0 0 6 0 3 0 1 0 2 0 2 0 2 1 0 1 0 0 4 0 3 0 4 0 4 0 1 0 4 0 2 0 3 0 2 0 3 1 0 0 7 0 3 0 1 0 5 0 3 1 0 0 6 0 3 0 6 0 2 0 0 0 5 0 1 0 7 0 3 0 4 0 6 0 0 0 6 0 4 0 5 0 0 0 1 0 3 0 0 0 5 0 7 0 5 0 0 1 0 0 5 1 0 1 0 0 5 0 2 0 1 0 2 0 0
0 375 6 0 7 0 3 0 3 0 2 0 5 0 1 0 6 0 5 0 5 0 1 0 2 0 3 0 5 0 1 0 4 0 2 0 0 0 1 0 0 0 3 0 6 0 1 0 7 0 0 0 5 0 1 0 2 0 1 0 6 0 0 0 3 0 4 0 0 0 2 0 0 0 4 0 5 1 0 1 0 0 7 0 6 0 2 0 1 0 4 0 2 0 0 0 3 0 4 0 3 0 4 0 2 1 0 0 0 0 0 1 0 0 7 0 0 1 0 0 4 0 5 0 6 0 7 0 2 0 6 1 0 0 1 0 4 1 0 0 4 0 7 0 0 0 3 0 6 0 3 0 2 1 0 0 5 0 1 0 1 0 4 0 4 0 7 0 1 0 4 0 3 0 3 0 4 0 7 0 6 0 0 0 0 0 6 0 1 0 2 0 0 0 7 0 5 0 1 0 3 0 4 0 7 0 4 0 6 1 0 1 0 0 1 0 2 0 7 0 5 0 5 1 0 0 4 0 6 0 6 0 7 0 7 0 7 0 6 1 0 0 5 0 2 0 2 0 0 0 0 0 4 0 1 0 6 0 3 0 6 0 1 0 3 0 7 0 2 0 4 0 4 0 5 1 0 0 7 0 7 0 7 0 0 0 0 0 3 1 0 0 5 0 6 0 4 1 0 0 0 0 5 0 7 0 3 0 2 0 0 0 0 0 3 1 0 0 4 0 5 0 1 0 1 0 4 0 5 1 0 0 1 0 4 0 2 0 4 0 1 0 2 0 1 0 2 0 6 0 1 0 2 0 7 0 2 0 2 1 0 0 3 0 0 1 0 0 1 0 5 0 2 0 4 0 0
0 377 1 0 4 0 6 0 7 0 6 0 5 0 1 0 4 0 4 0 3 0 2 0 3 0 4 0 7 0 1 0 3 1 0 0 5 0 0 0 2 0 0 0 7 0 3 0 4 0 5 0 2 0 1 0 3 0 4 0 3 0 3 0 1 0 6 1 0 0 1 0 4 0 1 0 0 0 4 0 0 1 0 0 6 0 4 0 5 0 2 1 0 0 5 0 0 0 6 1 0 1 0 0 0 0 6 0 6 1 0 0 1 1 0 0 5 0 2 1 0 0 0 0 3 0 5 0 6 0 6 0 4 1 0 0 3 0 1 0 0 0 0 0 6 0 1 0 7 0 3 0 7 0 5 1 0 0 1 0 3 0 3 0 0 0 1 0 6 0 3 1 0 0 7 0 7 0 0 0 7 0 4 0 1 0 1 0 3 0 3 0 4 0 1 0 6 0 2 0 3 0 7 0 0 0 7 0 1 0 6 0 0 0 7 0 1 0 5 0 6 0 3 0 4 0 0 0 0 0 5 0 5 0 7 0 7 0 7 0 6 0 0 0 1 0 5 0 4 0 0 0 0 1 0 0 4 0 3 1 0 0 4 0 3 0 7 0 5 0 6 0 0 0 1 0 4 0 0 0 6 0 7 0 6 0 1 0 0 1 0 0 0 0 2 0 5 0 1 1 0 0 1 0 2 0 6 0 7 0 4 0 0 0 0 1 0 0 0 0 0 0 2 0 3 0 3 0 0 0 3 1 0 0 2 1 0 0 5 1 0 0 3 0 4 0 2 0 5 0 3 0 3 0 5 0 5 0 5 0 5 0 7 0 5 0 1 0 7 0 2 0 1 0 5 1 0 0 1
0 377 3 0 0 0 5 0 7 0 5 0 2 0 4 0 0 0 0 0 7 0 4 0 7 0 0 0 6 0 3 1 0 0 0 0 1 0 1 0 4 0 1 0 5 1 0 0 1 0 2 0 5 0 2 0 6 1 0 0 7 0 6 0 3 0 4 1 0 0 2 1 0 0 3 0 0 1 0 0 2 1 0 0 4 0 1 0 2 0 6 1 0 0 1 0 2 0 5 0 0 0 7 0 0 0 4 0 5 1 0 0 3 1 0 0 1 0 6 0 6 1 0 0 7 0 2 0 5 0 5 0 1 1 0 0 6 0 2 0 0 0 1 0 3 0 4 0 5 1 0 0 7 0 3 1 0 0 2 0 6 0 6 0 0 0 3 0 4 0 0 0 0 0 6 0 6 0 2 0 6 0 0 0 3 0 2 0 6 0 6 1 0 0 4 0 3 0 5 0 7 0 5 0 2 0 5 0 4 0 3 0 2 0 5 0 4 0 2 0 4 1 0 0 0 0 1 0 1 0 2 0 3 0 7 0 7 0 7 0 4 0 1 0 3 0 2 0 0 0 1 0 1 0 7 0 7 0 7 0 7 0 7 0 7 0 6 0 3 0 4 0 1 0 2 1 0 0 2 0 4 0 7 0 4 0 3 0 1 0 6 1 0 0 5 0 1 0 4 0 7 0 1 0 5 0 4 0 7 0 0 0 1 0 1 0 6 1 0 0 0 0 4 0 6 0 6 0 0 0 7 0 7 0 4 1 0 0 2 1 0 0 6 1 0 0 6 0 1 0 7 0 7 0 2 0 3 0 3 0 3 0 7 0 2 0 4 0 5 0 5 0 3 0 2 1 0 0 2
0 377 6 0 1 0 2 0 7 0 2 0 5 1 0 0 1 0 1 0 6 0 1 0 6 0 2 0 3 1 0 1 0 0 0 0 2 0 2 1 0 0 4 0 2 1 0 0 2 0 5 0 1 0 6 0 5 0 0 0 6 0 4 1 0 0 1 1 0 0 5 0 7 0 5 0 1 0 7 0 4 0 7 0 7 0 2 0 5 0 4 1 0 0 2 0 5 0 1 0 2 0 5 0 2 0 0 0 3 1 0 0 7 0 7 0 2 0 4 0 6 0 0 0 5 0 6 0 2 0 2 0 4 1 0 0 3 0 5 0 0 0 2 0 7 0 0 0 4 0 0 0 5 1 0 1 0 0 5 0 4 0 4 0 1 0 6 1 0 0 1 0 1 0 4 0 4 0 6 0 3 0 1 0 6 0 5 0 4 0 5 1 0 1 0 1 0 0 3 0 7 0 2 0 6 0 2 0 0 0 7 0 5 0 2 0 0 0 6 0 0 1 0 0 0 0 2 0 2 0 4 0 7 0 6 0 7 0 7 0 0 0 3 0 6 0 4 0 0 0 2 0 3 0 6 0 7 0 7 0 7 0 7 0 7 0 4 1 0 0 0 0 3 0 5 0 7 0 4 0 0 0 7 0 0 0 7 0 3 0 5 0 0 0 1 0 4 0 0 0 6 0 4 0 2 0 1 0 6 0 1 0 2 0 3 0 4 1 0 0 1 0 0 0 5 0 4 0 2 0 6 0 7 0 1 1 0 0 5 1 0 0 5 0 0 0 3 0 4 0 6 0 6 0 5 0 6 0 6 0 7 0 5 0 6 0 0 0 3 0 2 0 7 0 5 0 7 0 3
1 379 1 0 3 0 3 0 5 0 5 0 6 0 2 1 0 0 2 0 3 0 3 0 4 0 3 0 5 1 0 0 0 0 6 1 0 0 4 0 5 0 7 0 7 0 5 0 7 0 4 0 1 0 4 0 4 0 2 0 2 0 4 0 1 1 0 0 3 1 0 0 2 0 7 0 2 0 4 0 6 0 1 0 7 0 6 0 6 0 2 0 1 1 0 0 5 0 1 0 3 0 5 0 1 0 5 0 0 1 0 0 0 0 6 0 6 0 6 0 0 0 4 0 2 0 2 0 4 0 5 0 5 0 0 1 0 0 7 0 1 0 1 0 5 0 5 0 1 1 0 0 2 0 3 0 0 1 0 0 2 0 1 0 0 0 4 0 4 1 0 0 2 0 3 0 0 0 1 0 4 0 7 0 3 0 4 0 3 0 1 0 4 0 0 1 0 0 7 0 6 0 5 0 6 0 3 0 5 0 1 0 6 0 2 0 5 0 1 0 3 0 2 0 6 1 0 0 4 0 5 0 0 0 7 0 5 0 7 0 6 0 1 0 7 0 4 0 0 0 1 0 4 0 7 0 4 0 7 0 7 0 7 0 7 0 7 0 1 1 0 0 0 0 7 0 2 0 7 0 0 0 2 0 5 0 2 0 5 1 0 0 2 0 1 0 2 1 0 0 2 0 4 0 0 0 5 0 3 0 3 0 3 0 4 0 7 0 0 1 0 0 2 0 1 0 2 0 0 0 6 0 4 0 6 0 4 1 0 0 3 0 0 0 1 0 1 0 7 0 0 0 5 0 5 0 3 0 5 0 5 0 7 0 3 0 4 0 1 0 6 0 5 0 6 0 3 0 6 1 0
1 379 2 0 6 0 7 0 2 0 3 0 4 0 6 0 7 0 3 0 6 0 6 1 0 1 0 0 3 1 0 0 1 0 5 0 0 0 0 0 3 0 7 0 7 0 3 0 7 0 0 0 4 0 0 0 0 0 5 0 4 1 0 0 4 0 7 0 6 0 7 0 4 0 5 0 6 0 0 0 4 0 4 0 6 0 5 0 4 0 5 0 3 1 0 0 1 0 3 0 7 0 1 0 4 0 1 0 2 0 7 0 0 0 4 0 5 0 4 0 1 1 0 0 5 0 5 0 0 0 3 0 2 0 2 1 0 0 5 0 3 0 3 0 2 0 2 0 4 0 7 0 3 0 6 0 1 0 7 0 3 0 2 0 1 0 0 0 1 1 0 0 4 0 6 0 0 0 3 0 0 0 6 1 0 0 0 0 7 0 2 1 0 0 2 1 0 0 6 0 5 0 3 0 4 1 0 0 2 0 4 0 3 0 6 0 1 0 3 0 6 0 5 0 5 0 0 0 0 0 2 0 2 0 6 0 3 0 7 0 4 0 4 0 6 0 0 0 1 0 3 0 0 0 7 0 1 0 7 0 7 0 7 0 7 0 6 0 4 0 7 0 0 0 5 0 6 0 5 0 1 0 5 0 1 0 6 0 2 1 0 0 4 0 2 0 5 0 7 0 3 1 0 0 2 0 1 0 7 0 6 0 7 0 0 0 6 0 2 0 7 0 3 0 2 0 4 0 1 0 4 0 1 0 5 0 1 1 0 0 6 0 0 0 2 0 3 0 5 0 2 0 2 0 2 1 0 0 3 0 3 0 6 1 0 0 0 0 4 0 4 0 3 0 4 1 0 0 5 1 0
1 379 5 0 4 0 6 0 5 0 7 0 0 0 5 0 6 1 0 0 5 0 6 0 0 0 7 0 6 0 7 0 2 0 1 0 1 0 0 0 7 0 6 0 6 1 0 0 6 0 1 1 0 0 1 0 1 0 2 0 2 0 0 0 0 0 7 0 5 0 7 0 1 0 3 0 4 0 2 0 0 0 1 0 5 0 3 0 1 0 2 1 0 1 0 0 2 0 7 0 5 0 3 1 0 0 3 0 5 0 5 0 2 0 0 0 3 0 0 0 4 1 0 0 2 0 2 0 1 0 6 0 4 0 5 1 0 0 1 0 7 0 6 0 4 0 5 0 0 0 6 1 0 0 4 0 4 0 5 0 7 0 4 0 2 0 0 0 3 1 0 0 0 0 4 0 1 0 6 0 1 0 4 1 0 0 1 0 5 0 6 0 7 0 4 1 0 0 4 0 2 1 0 0 1 1 0 0 4 1 0 1 0 0 4 0 3 0 7 0 4 0 3 0 2 0 1 0 0 0 4 0 5 0 3 1 0 0 7 0 1 0 1 0 4 0 1 0 2 0 6 0 1 0 5 0 4 0 6 0 7 0 7 0 7 0 5 0 1 0 6 0 2 0 2 0 5 0 2 0 4 0 1 0 4 0 3 0 6 0 7 0 7 0 5 0 2 0 6 1 0 1 0 0 4 0 3 0 6 0 5 0 6 0 2 0 3 0 6 0 5 0 7 0 4 1 0 0 3 1 0 0 4 0 1 0 4 1 0 0 3 0 1 0 4 0 7 0 1 0 5 0 4 0 5 0 7 0 5 0 7 0 4 1 0 0 1 0 0 0 0 1 0 0 2 0 0 0 2 1 0
1 381 1 0 2 0 1 0 5 0 3 0 6 0 2 0 2 0 6 0 0 0 2 0 4 0 2 0 6 0 5 0 6 0 5 0 2 0 2 0 1 0 6 0 5 0 6 0 0 0 3 0 4 0 7 0 1 0 2 0 4 0 4 0 0 0 1 0 6 0 3 0 6 0 3 0 6 1 0 0 5 0 0 0 3 0 1 0 7 0 2 0 5 1 0 0 7 0 4 0 6 0 2 1 0 1 0 0 7 0 2 0 2 0 5 0 0 0 6 0 1 0 0 1 0 0 4 0 4 0 3 0 4 0 1 0 3 1 0 0 3 0 6 0 5 0 1 0 2 0 2 0 5 0 0 0 0 0 1 0 3 0 7 0 0 0 5 0 0 0 7 0 6 1 0 1 0 0 4 0 3 0 4 0 0 1 0 0 3 0 2 0 5 0 7 0 1 1 0 1 0 0 6 0 7 0 2 1 0 0 1 0 0 0 7 0 7 0 7 0 6 0 0 0 7 0 4 0 2 0 1 0 0 0 3 0 0 0 0 0 5 0 3 0 2 1 0 0 3 0 5 0 3 0 4 0 2 0 1 0 5 0 7 0 7 0 7 0 2 0 4 0 3 0 5 0 5 0 1 0 5 1 0 0 3 1 0 1 0 0 5 0 7 0 7 0 2 0 6 0 5 0 0 0 7 0 7 0 7 0 4 0 3 0 4 0 5 0 7 0 4 0 3 0 7 0 1 1 0 0 7 0 7 0 7 0 3 0 0 1 0 0 6 0 3 0 0 0 6 0 4 0 2 0 1 0 3 0 7 0 3 0 7 0 1 1 0 0 2 0 0 0 1 0 7 0 3 0 0 0 5 0 6
1 381 2 0 4 0 3 0 1 1 0 0 4 0 5 0 5 0 3 0 1 0 4 1 0 0 6 0 4 0 3 0 5 0 2 0 5 0 4 0 3 0 4 0 3 0 4 0 1 0 7 0 0 0 6 0 3 0 5 0 0 0 0 0 1 0 3 0 3 1 0 0 4 1 0 0 6 0 0 0 1 0 1 0 6 0 3 0 5 0 6 0 3 0 0 0 6 0 1 0 4 0 6 1 0 1 0 0 5 0 5 0 5 0 1 0 2 0 3 0 3 0 1 1 0 0 0 0 0 1 0 0 0 0 3 0 7 0 7 0 6 0 4 0 2 0 3 0 4 0 5 0 1 0 1 0 0 0 2 0 7 0 5 0 2 0 1 0 2 0 6 0 6 0 0 0 7 0 7 0 6 1 0 0 2 0 7 0 5 0 5 0 2 0 6 0 4 1 0 1 0 0 4 0 6 0 6 0 7 0 1 0 1 0 6 0 7 0 7 0 4 0 2 0 6 0 0 0 5 0 2 0 0 0 6 0 0 0 1 0 1 0 7 0 5 0 7 0 6 0 1 1 0 0 0 0 5 0 3 0 2 0 7 0 7 0 6 0 5 1 0 1 0 0 3 0 2 0 4 0 2 1 0 1 0 0 0 1 0 0 2 0 7 0 6 0 6 0 4 0 2 0 2 0 6 0 7 0 7 0 0 1 0 0 1 0 3 0 7 0 0 1 0 0 6 0 4 1 0 0 6 0 7 0 6 0 7 0 1 1 0 0 3 0 7 0 1 0 4 0 0 0 5 0 2 0 7 0 5 1 0 0 6 0 4 0 7 0 3 0 0 0 3 0 5 0 7 0 1 0 2 0 5
0 381 4 1 0 0 7 0 3 1 0 0 0 0 3 0 2 0 7 0 3 0 1 0 0 0 4 0 0 1 0 0 2 0 6 0 2 0 0 1 0 0 0 1 0 0 0 0 4 0 5 0 2 0 3 1 0 0 2 0 1 0 0 0 2 0 6 1 0 0 0 0 1 0 0 0 3 0 1 0 2 0 3 0 3 1 0 0 3 0 4 0 7 0 1 0 3 0 4 0 0 0 6 0 0 1 0 0 2 0 3 0 2 0 3 0 4 0 6 0 6 0 3 0 6 1 0 0 1 0 6 1 0 0 7 0 6 0 7 0 5 0 0 0 5 0 7 0 0 0 2 0 3 0 2 0 0 0 5 0 6 0 2 0 5 0 2 0 5 0 4 0 4 0 2 0 6 0 7 0 5 1 0 0 5 0 6 0 3 0 2 0 6 0 4 0 2 0 0 1 0 0 0 0 5 0 5 0 6 0 3 0 3 0 4 0 7 0 7 0 0 0 6 0 3 0 2 0 1 0 5 0 1 0 3 0 1 0 2 0 3 0 6 0 3 0 7 0 4 0 4 0 7 0 0 0 1 0 7 0 5 0 6 0 7 0 5 0 4 0 0 0 7 0 5 0 4 1 0 0 6 1 0 0 7 0 0 0 7 0 4 0 6 0 5 0 5 0 0 0 5 0 5 0 4 0 7 0 6 0 2 0 7 0 1 0 7 0 5 0 2 1 0 0 4 0 2 0 0 0 4 0 7 0 5 0 6 0 4 0 7 0 6 0 5 0 3 1 0 0 2 0 1 0 6 0 6 0 4 0 0 0 4 0 1 0 6 0 7 0 0 0 7 0 2 0 6 0 3 0 5 0 2
1 383 1 0 1 0 0 0 5 1 0 1 0 0 0 0 6 0 5 0 5 0 7 0 2 0 0 1 0 0 2 0 7 0 4 0 3 0 5 0 1 0 7 0 0 0 7 0 0 0 0 0 2 0 5 0 7 0 7 0 3 0 2 0 0 0 5 0 4 1 0 0 0 0 2 0 0 0 6 0 2 0 4 0 6 0 7 0 7 0 6 0 0 0 6 0 3 0 6 1 0 0 2 0 3 0 2 0 7 0 3 0 6 0 4 0 7 0 0 0 5 0 4 1 0 0 5 1 0 0 3 0 5 0 0 0 6 0 5 0 7 0 2 0 2 0 2 0 6 0 1 0 4 0 6 0 4 0 1 0 2 0 4 0 6 0 1 0 6 0 2 0 1 0 0 0 6 0 4 0 7 0 4 0 0 0 2 0 4 0 7 0 5 0 4 0 0 0 5 0 1 0 7 0 0 0 2 0 3 0 4 0 7 0 7 0 0 0 7 0 6 0 2 0 3 0 7 0 4 0 3 0 1 0 3 0 6 0 2 0 4 0 7 0 3 1 0 0 7 0 1 0 1 0 6 0 1 0 3 0 6 0 3 0 5 0 7 0 3 0 0 0 2 0 6 0 3 0 2 0 0 0 5 0 0 0 5 0 2 0 6 0 1 0 5 0 3 0 2 0 2 0 2 0 3 0 1 0 7 0 4 0 6 0 5 0 4 0 6 0 2 0 6 0 7 0 7 0 4 0 1 0 0 0 7 0 3 0 5 0 1 0 7 0 5 0 2 1 0 1 0 0 4 0 3 0 4 0 5 0 0 0 1 1 0 0 4 0 4 0 6 0 2 0 5 0 6 0 3 1 0 0 2 0 5
0 383 2 0 2 0 1 0 3 0 0 0 7 0 0 0 4 0 3 0 3 0 6 0 5 0 1 0 7 0 4 0 6 0 0 1 0 0 2 0 4 0 5 0 2 0 5 0 1 0 0 0 5 0 2 0 7 0 6 0 7 0 4 0 1 0 2 0 1 1 0 0 0 0 4 0 1 0 3 0 6 0 0 0 5 0 7 0 7 0 4 0 2 0 3 1 0 0 5 1 0 0 4 0 6 0 5 0 5 1 0 0 5 0 1 0 6 0 2 0 2 0 2 0 0 0 2 1 0 0 7 0 1 0 2 0 4 0 3 0 6 0 5 0 4 0 5 0 3 0 4 0 0 0 5 0 0 0 3 0 5 0 0 0 4 0 4 0 3 0 5 0 2 0 1 0 4 0 1 0 7 0 0 0 1 0 5 0 0 0 7 0 3 0 0 0 2 0 1 0 4 0 5 0 1 0 4 0 7 0 0 0 7 0 6 0 2 0 6 0 4 0 5 0 7 0 6 0 0 0 7 0 2 0 7 0 3 0 6 0 0 0 7 0 0 0 0 0 5 0 3 0 3 0 3 0 3 0 7 0 3 1 0 0 3 0 6 0 7 0 0 0 5 0 3 0 7 0 4 0 1 0 1 0 2 0 1 0 6 0 3 0 4 0 1 0 7 0 4 0 4 0 4 0 6 0 3 0 6 0 1 0 5 0 3 0 1 0 4 0 6 0 4 0 7 0 7 0 0 0 3 0 1 0 5 1 0 0 2 0 4 0 6 0 2 0 6 1 0 0 7 0 7 0 7 0 0 0 2 0 1 0 3 1 0 0 0 0 1 0 4 0 6 0 2 0 4 1 0 1 0 0 5 0 2
1 383 4 0 4 0 2 0 6 0 1 0 5 0 1 1 0 0 7 0 7 0 4 0 2 0 4 0 6 0 1 0 4 0 2 0 7 0 4 0 0 0 2 0 6 0 1 0 3 0 1 0 1 0 6 0 6 0 5 0 7 0 0 0 3 0 4 0 3 0 6 1 0 1 0 0 3 0 7 0 3 0 2 0 2 0 7 0 7 0 0 0 5 1 0 0 0 0 3 0 0 0 0 0 5 0 3 0 4 0 0 0 1 0 4 0 3 0 5 0 4 0 4 0 0 0 5 1 0 0 5 0 3 0 4 1 0 1 0 0 5 0 3 0 1 0 2 1 0 0 0 0 2 0 1 0 1 0 7 0 1 0 2 0 0 0 0 1 0 0 2 0 5 0 2 1 0 0 4 0 5 0 1 0 3 0 1 0 2 0 5 0 7 0 0 0 4 0 3 0 0 0 2 0 4 0 0 0 6 0 2 0 6 0 4 0 6 0 4 0 1 0 3 0 7 0 4 0 2 0 5 0 6 0 5 1 0 0 4 0 2 0 5 0 1 0 1 0 1 0 7 0 6 0 6 0 7 0 5 1 0 1 0 0 7 0 4 0 6 0 2 0 1 1 0 0 7 0 0 0 3 0 2 0 4 0 3 0 3 1 0 0 0 0 4 0 6 0 1 0 1 0 1 0 4 1 0 0 4 0 4 0 1 0 7 0 3 0 0 0 5 0 1 0 7 0 6 0 1 0 6 0 3 0 2 1 0 0 5 0 0 0 4 0 6 0 5 0 0 0 6 0 7 0 6 0 1 0 4 0 2 0 7 0 6 1 0 0 3 0 0 0 4 0 6 0 1 0 0 1 0 0 1 0 5
0 385 1 0 0 0 0 0 6 0 3 0 4 0 1 0 4 1 0 0 6 0 7 0 0 0 6 0 0 0 4 0 3 1 0 0 6 0 6 0 0 0 1 0 5 0 3 0 3 0 6 0 2 0 3 0 4 0 5 0 3 0 6 0 1 0 6 1 0 1 0 0 6 0 0 0 7 0 6 0 5 0 7 0 4 0 5 0 6 0 6 0 2 0 2 1 0 0 0 0 6 0 0 0 1 0 1 1 0 0 0 0 1 0 2 1 0 1 0 0 3 0 1 0 0 0 2 0 3 0 0 0 1 1 0 0 2 0 0 1 0 0 1 0 7 0 2 0 5 0 6 1 0 0 4 0 2 0 3 0 5 0 3 0 4 0 0 0 1 0 7 0 4 0 1 0 6 1 0 0 0 0 2 0 3 0 6 0 2 0 5 0 2 0 6 0 1 1 0 0 7 0 0 0 4 1 0 0 2 0 3 0 6 0 4 0 1 0 5 0 0 0 3 0 7 0 6 0 0 0 6 0 2 0 5 0 3 1 0 1 0 0 6 0 1 0 3 0 2 0 3 0 6 0 5 0 5 0 7 0 4 0 0 1 0 0 6 0 1 0 4 0 5 0 3 1 0 0 5 0 1 0 6 0 4 1 0 0 7 0 7 0 7 0 0 0 0 0 4 0 3 0 2 0 3 0 1 0 0 0 0 0 0 0 4 0 5 0 7 0 1 0 1 0 4 0 6 0 4 0 4 0 3 0 7 0 5 1 0 0 1 0 2 0 0 0 5 0 2 0 2 0 4 0 7 0 4 0 3 1 0 0 6 0 6 0 5 1 0 0 6 0 1 0 0 0 4 0 3 0 1 0 7 0 2 0 2
1 385 2 0 0 0 1 0 3 1 0 0 0 0 4 0 1 0 0 0 4 0 6 0 2 0 3 0 2 0 0 0 0 0 0 0 4 0 4 0 1 0 3 0 1 0 7 0 7 0 3 0 5 0 7 0 0 0 2 1 0 0 4 0 4 0 5 0 0 1 0 0 3 0 2 0 6 0 5 0 3 0 7 0 1 0 3 0 5 0 4 0 5 0 5 0 7 0 0 0 3 0 1 0 2 0 3 0 6 1 0 0 2 0 5 1 0 0 7 0 5 0 2 0 0 0 4 0 6 0 0 0 3 0 7 0 3 0 1 0 7 0 2 0 5 0 6 0 2 0 5 1 0 1 0 0 5 0 7 0 1 1 0 0 0 0 1 0 3 0 6 0 0 0 4 0 4 1 0 0 0 0 4 0 7 0 3 0 6 0 1 0 6 0 3 0 4 1 0 0 5 0 2 0 0 1 0 0 4 0 7 0 4 0 0 0 4 0 1 0 1 0 7 0 6 0 4 0 2 0 3 0 6 0 2 0 0 0 0 1 0 0 3 0 3 0 6 0 4 0 7 0 4 0 3 0 3 0 7 0 0 0 2 1 0 0 3 0 4 0 0 0 3 0 0 0 0 0 1 0 4 0 4 0 2 0 0 0 6 0 7 0 6 0 1 0 0 1 0 0 7 0 4 0 6 0 2 0 0 0 0 0 1 0 0 0 3 0 6 0 3 0 3 0 0 0 5 0 1 0 0 1 0 0 7 0 3 1 0 0 2 0 4 0 1 0 1 0 5 0 5 0 0 0 7 0 1 0 0 0 0 0 4 0 5 0 4 0 0 0 3 0 3 0 0 1 0 0 7 0 3 0 5 0 5 0 4
0 385 4 0 0 0 2 0 7 0 6 1 0 1 0 0 3 0 1 0 0 0 4 0 5 0 6 0 4 0 0 0 0 0 1 0 0 0 0 0 3 0 6 0 3 0 6 0 6 1 0 0 3 0 6 0 1 0 5 1 0 0 0 0 1 0 2 0 2 0 7 0 5 0 5 0 4 0 2 1 0 0 6 0 3 0 7 0 2 0 1 0 3 0 3 0 6 0 1 0 6 0 2 0 4 0 7 0 4 1 0 0 5 0 3 0 0 0 6 0 2 0 5 0 1 0 0 0 4 0 1 0 7 0 5 0 7 0 3 0 5 0 6 0 2 0 4 0 6 0 3 0 0 1 0 0 2 0 6 0 4 0 6 1 0 0 2 0 7 0 3 0 2 0 0 0 1 1 0 0 1 0 0 0 6 1 0 0 4 0 4 0 3 1 0 0 2 0 0 0 1 0 5 0 1 1 0 0 0 0 7 0 0 0 1 1 0 0 3 0 3 0 6 0 5 0 0 0 5 0 7 0 3 0 5 0 0 0 1 0 7 0 5 0 7 0 4 0 1 0 7 0 0 0 7 0 7 0 5 0 1 0 5 0 7 0 5 1 0 0 1 0 6 0 0 0 0 0 3 0 0 0 0 0 5 0 1 0 4 0 7 0 4 0 3 0 1 1 0 0 6 0 1 0 4 0 5 0 0 0 0 0 2 0 0 0 7 0 3 0 7 0 6 0 1 0 1 0 3 0 1 1 0 0 5 1 0 1 0 0 4 1 0 0 3 0 3 0 2 0 2 0 2 0 5 0 3 0 0 0 1 0 0 0 3 0 0 0 1 0 6 0 6 0 1 1 0 0 5 1 0 0 3 0 3 0 1
0 386 1 0 0 1 0 5 0 6 0 6 0 0 0 7 0 5 0 2 0 1 0 0 0 3 0 5 0 0 0 1 0 0 0 2 0 0 0 0 0 7 0 3 1 0 0 5 0 5 1 0 0 7 0 3 0 4 0 2 1 0 0 0 0 2 0 4 0 5 0 6 0 3 0 3 0 0 0 6 1 0 0 3 1 0 0 6 0 5 0 2 0 6 0 7 0 3 0 4 0 3 0 6 0 0 0 7 0 2 0 0 0 1 0 7 0 1 0 3 0 6 0 1 0 3 0 0 1 0 0 4 0 6 0 3 0 6 1 0 0 3 0 4 0 6 0 0 0 4 0 7 0 1 0 7 0 4 0 4 0 1 0 5 1 0 0 5 0 5 0 7 0 4 0 0 0 3 0 7 0 1 0 1 0 5 0 0 0 0 0 0 1 0 1 0 0 4 0 0 0 3 0 1 0 4 0 7 0 0 0 5 0 1 0 3 0 7 0 5 0 7 0 4 0 2 0 2 0 2 0 6 1 0 0 2 0 1 0 3 0 6 0 3 0 7 0 0 0 4 0 5 0 2 0 6 0 7 0 2 0 4 0 2 0 7 0 3 1 0 0 3 0 3 0 1 0 0 0 6 0 0 0 1 0 1 0 4 0 0 0 7 0 0 0 7 0 3 1 0 0 3 0 4 0 0 0 2 0 1 0 0 0 4 0 1 0 5 1 0 0 7 0 4 0 3 0 2 0 6 0 3 1 0 0 3 0 0 1 0 0 0 1 0 0 6 0 6 0 4 0 4 0 5 0 1 0 7 0 0 0 2 0 0 0 6 0 0 0 3 0 4 0 4 0 4 1 0 0 2 1 0 0 6 0 6 0 2
1 387 1 0 7 0 2 0 2 0 5 0 4 0 2 0 6 0 2 0 5 0 2 0 0 0 7 0 1 0 1 0 2 0 0 0 4 0 0 0 1 0 6 0 0 0 0 0 2 0 4 0 0 0 5 1 0 0 0 0 6 0 6 1 0 0 5 0 0 0 3 0 4 0 7 0 6 0 1 0 4 1 0 1 0 0 0 0 4 0 2 0 6 0 4 0 6 1 0 0 0 1 0 0 4 0 2 0 5 0 5 0 0 0 3 0 5 0 3 0 7 0 3 0 3 0 6 0 1 1 0 0 0 0 4 1 0 0 5 1 0 0 7 0 0 0 4 0 2 0 0 0 6 0 4 0 6 0 1 0 0 0 4 0 3 0 0 0 2 0 3 0 7 0 0 0 1 0 7 0 5 0 3 0 3 0 1 0 1 0 0 0 1 1 0 0 7 0 7 0 0 0 6 0 3 0 0 0 6 0 2 0 1 0 3 0 7 0 6 0 3 0 7 0 0 0 5 0 4 0 5 0 4 1 0 0 4 0 2 0 7 0 3 1 0 0 6 0 2 0 0 0 2 0 6 0 4 0 6 0 5 1 0 0 6 0 5 1 0 1 0 0 6 0 6 0 2 0 1 0 3 0 1 0 2 0 2 1 0 0 2 0 5 0 2 0 5 1 0 1 0 0 6 1 0 0 1 0 4 0 2 0 0 1 0 0 4 0 3 0 0 0 6 0 0 0 7 0 5 0 3 1 0 1 0 0 6 0 1 0 7 0 0 1 0 0 4 0 5 0 1 0 1 0 2 0 4 0 5 0 1 0 4 0 1 0 3 0 1 0 7 0 0 0 1 0 1 1 0 0 5 1 0 0 4 0 4 0 5
0 387 3 0 5 0 5 0 5 0 2 0 0 0 6 0 3 0 6 0 1 0 5 0 1 0 5 0 3 0 2 0 4 0 0 1 0 0 1 0 3 0 3 0 1 0 0 0 4 1 0 0 2 0 2 1 0 0 1 0 4 0 6 0 0 0 1 0 1 0 7 0 0 0 7 0 4 0 4 0 1 0 0 0 6 1 0 1 0 0 6 0 4 0 1 0 5 1 0 0 1 0 7 0 7 0 5 0 2 0 2 0 1 0 7 0 1 1 0 0 6 0 7 0 7 0 3 0 4 0 7 0 0 0 1 0 0 0 3 0 0 0 5 0 1 1 0 0 5 0 1 0 4 0 1 0 4 0 3 0 0 1 0 0 7 0 0 0 4 0 7 0 5 0 1 0 3 0 6 0 2 0 7 0 6 0 2 0 2 0 0 0 3 1 0 0 6 0 6 0 2 0 3 0 7 0 1 0 3 0 5 0 2 0 7 0 6 0 4 1 0 0 6 0 2 0 2 0 1 0 3 0 1 1 0 1 0 0 6 0 6 0 0 0 0 0 3 0 5 0 0 0 5 0 4 0 1 0 5 0 4 0 0 0 4 0 4 0 0 1 0 0 4 0 4 0 5 0 2 0 6 0 2 0 4 0 5 0 7 0 4 0 1 0 6 0 3 0 0 1 0 0 4 1 0 0 2 1 0 0 5 0 1 0 7 0 7 0 6 0 1 0 3 0 2 0 6 0 3 0 0 0 0 1 0 0 3 0 4 0 5 0 2 1 0 0 0 0 2 0 3 0 2 0 5 0 0 0 2 0 3 1 0 0 3 0 6 0 3 0 5 0 1 0 2 0 3 1 0 0 3 0 0 0 0 0 1 0 3
1 387 7 0 2 0 3 0 2 0 5 0 1 0 3 1 0 0 4 0 4 0 1 0 4 0 1 0 7 0 4 1 0 0 2 0 7 0 1 0 6 0 6 0 2 0 1 0 0 1 0 0 4 0 5 0 7 0 2 0 0 0 4 0 1 0 2 0 3 0 5 0 2 0 6 0 1 0 0 0 3 0 1 0 5 0 0 1 0 0 4 0 0 0 4 0 2 1 0 0 3 0 6 0 7 0 2 0 5 0 4 0 3 0 5 0 4 1 0 0 4 0 7 0 6 1 0 0 1 0 6 0 1 0 2 0 0 0 6 0 1 0 1 0 4 1 0 0 1 0 3 1 0 0 3 1 0 0 7 0 1 1 0 0 5 0 2 0 0 0 7 0 2 0 3 0 7 0 3 0 6 0 6 0 4 0 5 0 4 0 0 1 0 0 0 0 4 0 4 0 5 0 7 0 5 0 3 0 7 0 1 0 6 0 6 0 5 0 2 0 0 0 3 0 5 0 4 0 2 0 6 0 3 1 0 1 0 0 4 0 4 0 1 0 0 0 7 0 1 0 2 0 2 0 0 0 4 0 2 0 0 0 2 0 0 0 0 0 2 1 0 0 0 0 1 0 2 0 6 0 3 0 6 0 0 0 3 0 7 0 0 0 4 0 3 0 7 0 1 1 0 0 0 1 0 0 5 1 0 0 1 0 4 0 6 0 7 0 4 0 3 0 6 0 5 0 3 0 7 0 0 0 1 0 7 0 6 0 0 0 2 0 6 0 6 1 0 0 4 0 6 0 5 0 1 0 1 0 4 0 7 0 7 0 6 0 3 1 0 0 2 0 3 0 4 0 7 0 7 0 5 0 0 0 0 0 2 0 6
1 389 1 0 5 0 5 0 6 0 5 0 1 0 3 1 0 0 0 0 0 0 0 0 3 1 0 0 4 0 6 0 1 1 0 0 5 0 5 0 4 0 4 0 4 0 5 0 2 0 1 1 0 0 0 0 3 0 6 0 5 0 0 1 0 0 3 0 4 0 7 0 1 0 6 0 3 0 3 0 0 0 6 0 3 0 1 0 2 0 7 0 7 0 0 1 0 0 6 0 7 0 6 0 4 0 6 0 6 0 2 0 0 1 0 0 3 0 2 0 0 0 0 0 7 0 5 1 0 0 3 0 3 0 3 0 4 0 1 0 3 0 3 0 3 0 0 1 0 0 2 0 7 0 7 0 6 1 0 0 5 0 4 1 0 0 1 0 5 0 1 0 5 0 5 0 7 0 5 1 0 0 5 0 5 0 1 0 3 0 0 0 2 0 7 0 0 0 0 0 1 0 3 0 7 0 2 1 0 0 6 0 4 0 4 0 5 0 2 0 5 0 0 0 7 0 2 0 0 0 6 0 4 0 0 0 0 1 0 0 0 0 0 0 3 0 1 0 5 0 3 0 4 0 4 0 0 1 0 0 5 0 0 0 4 0 0 0 0 0 5 0 6 1 0 0 2 0 5 0 3 1 0 0 4 0 1 0 7 0 5 0 1 1 0 1 0 0 6 0 4 0 7 0 0 1 0 0 2 1 0 0 3 0 0 0 5 0 7 0 0 1 0 0 5 0 2 1 0 0 6 0 1 0 3 0 6 0 4 0 1 0 5 0 4 0 6 0 0 0 0 0 5 0 2 0 3 0 3 0 0 0 7 0 7 0 4 1 0 1 0 0 4 0 7 0 0 0 7 0 7 0 2 0 1 0 0 0 5 0 4
0 389 3 0 2 0 3 0 5 0 2 0 3 0 7 0 6 1 0 0 0 0 0 1 0 0 0 0 0 0 4 0 4 1 0 0 2 0 3 0 1 0 1 0 1 0 2 0 5 0 3 0 6 1 0 0 7 0 4 0 2 0 2 0 7 0 6 0 0 0 6 0 4 0 3 0 7 0 6 0 1 0 3 0 7 0 2 0 5 0 6 0 6 0 2 1 0 0 4 0 7 0 5 0 1 0 5 0 4 0 5 0 1 0 7 0 5 0 4 0 0 0 1 0 6 0 3 1 0 0 6 0 6 0 6 1 0 0 3 0 6 0 6 0 6 0 1 0 7 0 4 0 6 0 7 0 6 0 0 0 2 0 1 1 0 0 3 0 1 0 4 0 2 0 3 0 7 0 4 0 0 0 2 0 2 0 3 0 6 0 0 0 5 0 5 0 1 0 0 0 2 0 7 0 5 0 6 1 0 0 4 0 1 0 1 0 2 0 6 0 1 0 2 0 5 0 5 0 1 0 4 0 0 0 1 0 1 0 6 1 0 0 0 0 6 0 3 0 1 1 0 0 1 0 0 0 2 1 0 0 1 0 1 1 0 0 1 0 1 0 2 0 5 1 0 0 5 0 1 1 0 1 0 1 0 0 4 0 6 0 2 0 4 1 0 1 0 0 4 0 1 0 6 0 2 0 7 0 4 0 7 0 5 0 1 0 2 0 6 0 2 1 0 0 1 0 6 1 0 0 3 0 3 0 7 0 4 0 0 0 4 0 2 0 1 0 4 0 1 0 1 0 1 0 5 0 6 0 6 0 1 0 6 0 7 0 2 0 0 1 0 0 0 0 6 0 2 0 6 0 6 0 5 0 2 0 1 0 2 0 1
0 389 6 0 4 0 7 0 1 0 5 0 7 0 6 0 5 1 0 0 0 0 1 0 6 1 0 0 1 0 0 0 1 1 0 0 4 0 6 0 2 0 2 0 2 0 5 0 1 1 0 0 6 0 0 0 6 0 0 0 5 0 5 0 6 0 4 0 2 0 4 0 0 1 0 0 7 0 4 0 3 0 7 0 5 0 6 0 2 0 5 0 4 0 6 1 0 0 0 0 7 0 2 0 4 0 2 0 1 0 2 0 4 0 6 0 3 0 0 0 1 0 3 0 4 0 0 0 0 0 4 0 5 0 5 1 0 0 7 0 4 0 5 0 4 0 4 0 6 0 1 0 5 0 7 0 4 0 1 0 4 0 3 0 7 0 5 0 2 1 0 0 5 0 7 0 6 0 0 0 1 0 4 0 4 0 7 0 3 0 2 0 2 0 2 0 3 0 0 0 5 0 6 0 3 0 5 1 0 1 0 0 3 0 2 0 5 0 3 0 3 0 5 0 2 0 2 0 3 1 0 0 1 0 2 0 3 0 4 1 0 0 1 0 3 0 7 0 3 0 7 0 1 0 0 0 5 0 7 0 1 0 3 0 7 0 1 0 2 0 5 0 3 0 0 0 1 0 4 1 0 1 0 1 0 0 0 0 4 0 6 0 1 0 0 0 7 0 7 0 3 0 3 0 6 0 6 0 1 0 7 0 2 0 3 0 5 0 3 0 6 0 7 0 2 0 4 1 0 0 6 0 7 0 6 0 0 0 1 1 0 0 5 0 2 1 0 0 3 0 2 0 3 0 2 0 5 0 4 0 4 0 4 0 6 0 5 0 1 0 7 0 0 0 3 0 6 0 4 0 5 0 2 0 5 0 2 0 4 0 2
1 391 1 0 4 0 1 0 6 0 4 0 2 0 7 0 5 0 3 1 0 0 0 0 3 0 4 1 0 0 2 0 0 0 3 1 0 0 0 0 4 0 5 0 4 0 5 0 1 0 4 1 0 0 3 0 2 0 3 0 2 0 2 0 3 0 5 0 0 0 5 1 0 0 2 1 0 0 6 0 0 1 0 0 7 0 3 0 4 0 6 0 2 0 1 0 5 1 0 0 1 0 5 0 5 1 0 0 5 0 2 0 5 0 0 0 4 0 7 0 0 0 2 0 6 1 0 0 1 0 1 0 0 0 3 0 4 0 0 0 6 0 1 0 3 0 1 0 1 0 4 0 4 0 2 0 7 0 0 0 3 1 0 1 0 0 7 0 2 0 6 1 0 0 2 0 7 0 4 0 1 0 3 0 0 0 1 0 6 0 7 0 4 0 4 0 4 0 6 0 1 0 2 0 4 1 0 0 4 0 0 0 7 0 5 0 5 0 1 0 7 0 7 0 1 0 5 0 4 0 7 0 7 0 1 0 4 0 7 0 0 1 0 0 2 0 7 0 5 1 0 0 6 0 3 0 1 0 2 0 6 0 3 0 7 0 5 0 3 0 5 0 1 0 7 0 0 0 3 0 1 0 0 1 0 0 7 0 0 0 0 0 4 0 3 0 1 0 6 0 6 0 7 0 7 0 4 0 4 0 4 0 5 0 5 0 7 0 1 1 0 0 5 0 6 0 6 0 1 0 0 0 4 0 7 0 4 0 1 0 3 1 0 0 1 0 6 0 7 0 5 0 4 0 6 0 5 0 2 0 1 0 1 0 1 0 5 0 2 0 4 0 5 0 1 0 7 0 4 0 1 0 2 0 6 0 1 0 5 1 0 0 5
0 391 2 1 0 0 4 0 4 0 0 0 6 0 6 0 2 1 0 1 0 0 0 0 7 0 0 1 0 0 4 0 0 0 7 0 7 0 0 0 0 0 3 0 1 0 2 0 4 0 0 1 0 0 6 0 4 0 6 0 4 0 4 0 7 0 1 0 2 0 2 1 0 0 5 1 0 0 3 0 2 1 0 0 5 1 0 0 1 0 4 0 5 0 3 0 2 1 0 0 3 0 2 0 4 0 0 0 1 0 6 0 1 0 2 0 0 0 6 0 1 0 5 0 4 1 0 0 2 0 2 0 0 0 6 1 0 0 2 0 3 0 3 0 6 0 2 0 3 0 0 0 0 0 6 0 5 0 1 1 0 0 0 1 0 0 5 0 6 0 4 1 0 0 5 0 6 0 0 0 3 0 6 0 0 0 3 0 4 0 7 0 1 0 1 0 1 0 4 0 3 0 5 0 0 1 0 1 0 0 2 0 6 0 3 0 2 0 4 0 6 0 6 0 4 0 2 0 1 0 7 0 6 0 4 0 0 0 6 0 2 0 7 0 4 0 6 0 4 0 0 0 3 0 7 0 2 0 5 0 3 1 0 0 7 0 2 1 0 0 2 0 4 0 5 0 1 0 6 0 2 0 1 1 0 0 5 0 1 0 0 1 0 0 7 0 3 0 4 0 5 0 7 0 7 0 1 0 1 0 1 0 3 0 3 0 6 0 4 1 0 0 2 0 5 0 4 0 3 0 1 0 0 0 7 0 0 0 3 0 7 0 7 0 2 0 4 0 7 0 3 0 1 0 5 0 2 0 5 0 2 0 2 0 3 0 1 0 6 0 0 0 2 0 4 0 6 0 0 0 3 0 5 0 3 0 4 0 3 0 0 0 2
1 391 5 1 0 0 0 0 0 0 2 0 4 0 4 0 6 1 0 0 7 0 0 0 5 0 2 0 7 0 7 0 1 0 6 0 6 0 1 0 0 0 6 0 2 0 4 1 0 0 2 1 0 0 4 0 1 0 5 0 1 0 1 0 6 0 3 0 4 0 5 1 0 0 2 1 0 0 6 0 5 1 0 0 2 1 0 0 3 0 0 0 2 0 7 0 5 0 7 0 5 0 4 1 0 0 1 0 3 0 3 0 3 0 4 0 1 0 3 0 4 0 2 0 1 1 0 0 4 0 4 0 1 0 4 1 0 0 4 0 6 0 7 0 3 0 5 0 6 0 0 0 1 0 4 0 2 0 4 0 7 0 0 1 0 0 2 0 5 0 2 0 0 0 2 0 4 0 1 0 7 0 3 0 1 0 7 0 0 0 6 0 3 0 2 0 2 1 0 1 0 0 2 0 2 1 0 0 7 0 4 0 3 0 7 0 5 0 0 0 5 0 5 0 0 0 5 0 3 0 6 0 5 0 0 0 2 0 3 0 6 0 6 0 1 0 5 0 0 0 1 0 7 0 5 0 6 0 2 0 0 0 0 0 5 0 6 0 7 0 4 0 0 0 2 0 4 0 3 0 5 0 3 1 0 0 1 0 3 0 1 1 0 0 5 1 0 0 1 0 3 0 7 0 6 0 3 0 2 0 2 0 6 0 7 0 4 0 1 1 0 0 5 0 2 0 0 0 7 0 2 0 1 0 5 0 1 0 7 0 6 0 6 0 6 0 0 0 6 0 7 0 3 0 1 0 6 0 1 0 5 0 4 0 6 0 3 0 3 0 1 0 5 0 0 0 4 0 1 0 7 0 1 1 0 0 0 0 7 0 0 0 4
0 393 1 0 2 1 0 0 0 0 0 0 5 0 0 0 1 0 6 0 0 0 5 0 2 0 1 0 6 0 6 0 6 0 4 0 4 0 4 0 3 0 1 0 3 0 6 0 0 1 0 0 5 0 7 0 7 0 3 0 1 0 3 0 3 0 3 1 0 0 1 0 3 1 0 0 5 1 0 0 4 0 3 1 0 0 5 0 7 0 5 0 0 0 5 0 6 0 3 0 7 0 3 0 1 1 0 0 2 0 6 0 6 0 6 1 0 0 3 0 6 1 0 0 5 0 3 1 0 0 0 0 0 0 4 0 1 0 0 0 0 0 5 0 6 1 0 0 3 0 4 0 1 0 2 1 0 0 6 0 0 0 6 0 2 0 7 0 4 0 1 0 5 0 0 0 4 1 0 0 4 0 5 0 7 0 3 0 5 0 2 0 3 0 7 0 4 0 5 1 0 0 7 0 3 0 5 1 0 0 6 0 0 1 0 0 7 0 2 0 2 0 2 0 2 0 2 0 1 1 0 0 5 0 2 0 1 0 4 0 7 0 4 0 4 0 4 0 1 0 1 0 3 0 6 0 3 0 4 0 5 0 0 0 1 0 2 0 5 0 7 0 0 0 1 0 4 1 0 1 0 0 2 1 0 1 0 0 2 0 6 0 3 1 0 0 2 1 0 0 2 0 7 0 6 0 4 0 7 0 4 0 5 0 4 0 7 0 0 0 4 1 0 0 1 0 5 0 1 0 5 0 5 0 3 0 1 0 4 0 6 0 5 0 5 0 4 0 2 0 4 0 6 0 7 0 3 0 3 0 4 0 2 0 1 0 4 0 7 0 6 0 3 0 1 0 1 1 0 0 4 0 5 0 4 0 7 0 0 0 5 0 2 0 0
0 393 2 0 5 0 6 1 0 0 1 0 1 0 1 0 3 0 3 0 2 0 1 0 5 0 3 0 4 0 5 0 5 0 1 0 1 0 0 0 7 0 2 0 7 0 3 0 2 1 0 0 2 0 7 0 6 0 7 0 2 0 6 0 6 0 7 0 7 0 1 1 0 0 0 0 3 0 0 0 0 0 0 0 0 0 2 0 7 0 2 0 2 0 2 0 4 1 0 0 6 0 7 0 3 0 7 0 4 0 4 0 5 0 5 1 0 0 7 0 5 0 0 0 1 1 0 1 0 0 0 0 0 1 0 0 3 0 0 0 1 0 2 0 5 1 0 0 6 1 0 0 3 0 5 1 0 0 3 0 2 0 3 0 6 0 6 0 0 0 4 0 1 0 2 0 1 0 0 0 0 0 3 0 6 1 0 0 2 0 5 0 7 0 6 0 1 0 4 0 0 0 5 1 0 0 4 0 0 0 3 0 2 1 0 0 5 0 5 0 4 0 4 0 4 0 4 0 3 1 0 0 1 0 5 0 3 0 0 0 7 0 1 0 1 0 0 0 3 0 2 0 7 0 3 1 0 0 1 0 2 0 1 0 2 0 5 0 2 0 6 0 1 0 3 0 1 0 0 0 7 0 4 1 0 0 7 0 4 0 3 1 0 1 0 0 5 0 7 0 4 0 6 0 5 0 1 0 7 0 1 0 3 0 1 0 6 0 2 0 0 1 0 0 3 0 1 0 4 0 2 0 2 0 7 0 3 0 0 0 5 0 3 0 3 0 0 0 6 0 0 0 5 0 6 0 7 0 6 1 0 0 5 0 3 0 0 0 7 0 4 0 7 0 2 0 3 1 0 0 0 0 3 0 1 0 6 0 2 0 1 0 5 0 0
0 393 5 0 2 0 5 1 0 0 2 0 2 0 2 0 6 0 6 0 4 0 3 0 1 1 0 0 1 0 3 0 2 0 3 0 2 0 1 0 5 0 6 0 5 0 7 0 5 0 7 0 4 0 6 0 5 0 6 0 6 0 4 0 5 0 7 0 6 0 4 0 6 1 0 0 6 0 0 0 0 0 0 0 0 0 5 0 5 0 5 0 4 0 5 0 1 0 0 0 4 0 6 1 0 0 7 0 1 0 1 0 3 0 4 0 0 0 6 0 2 0 1 0 3 1 0 0 6 1 0 0 1 0 7 0 5 0 0 0 2 0 5 0 3 0 0 0 4 1 0 0 7 0 2 1 0 0 6 0 4 0 7 0 4 0 4 0 1 1 0 0 3 0 4 0 2 0 0 0 0 0 7 0 4 1 0 0 5 0 2 0 7 0 4 0 3 1 0 0 2 0 2 1 0 1 0 0 1 0 6 0 5 1 0 0 2 0 3 0 1 0 1 0 1 0 0 1 0 1 0 0 3 0 1 0 7 0 1 0 5 0 3 0 2 0 0 0 6 0 5 0 5 1 0 1 0 0 2 0 4 0 2 0 5 0 1 0 6 0 3 0 3 0 6 0 2 0 1 0 6 0 2 0 0 0 6 0 1 0 0 0 0 1 0 0 2 0 7 0 1 0 5 0 2 0 4 0 5 0 3 0 6 0 3 0 3 0 5 0 1 0 7 0 5 0 2 1 0 0 5 0 5 0 5 0 7 0 1 0 1 0 7 0 6 0 1 0 3 0 2 0 2 0 5 0 7 0 6 0 0 0 1 0 7 0 1 0 6 0 1 0 6 0 5 0 7 0 6 1 0 0 6 0 3 0 3 0 5 0 3 0 1 0 1
0 395 1 0 1 0 6 0 2 1 0 0 4 0 4 0 5 0 4 0 5 0 0 0 7 0 3 0 7 0 1 0 6 0 4 0 6 0 4 0 3 0 2 0 5 0 3 0 7 0 3 0 7 0 1 0 5 0 3 0 5 0 5 0 1 0 3 0 7 0 5 0 1 0 6 0 0 0 3 0 1 0 0 0 0 0 1 0 2 0 3 0 3 0 1 0 2 0 3 0 1 0 0 0 6 0 0 0 5 0 3 0 2 0 6 1 0 0 2 0 3 0 5 0 2 1 0 0 0 0 4 1 0 0 3 0 6 0 2 0 1 0 5 0 1 0 7 0 1 0 1 0 0 0 5 0 6 1 0 0 4 0 1 0 7 0 1 0 0 0 4 0 7 0 5 1 0 0 5 0 0 0 1 0 6 0 2 0 0 0 1 0 6 0 6 0 0 1 0 1 0 0 4 0 5 1 0 0 7 0 2 0 4 0 3 1 0 0 4 0 6 0 2 0 2 0 2 0 1 1 0 0 7 0 5 0 3 0 5 0 4 0 1 0 7 0 4 0 1 0 4 0 3 0 4 0 0 0 7 0 3 1 0 0 6 0 1 0 4 0 3 0 7 0 7 0 3 0 5 0 3 0 3 0 5 0 1 0 3 0 3 0 0 0 1 0 7 0 4 0 5 0 4 0 1 0 6 0 0 0 2 1 0 0 4 0 7 0 7 0 1 0 4 0 6 0 2 0 6 1 0 0 2 0 3 0 3 0 6 0 3 0 3 0 6 0 4 0 3 0 6 0 4 0 5 0 2 0 7 0 4 0 1 0 3 0 5 0 4 0 3 0 4 0 4 0 3 0 7 0 6 0 0 0 3 0 7 0 7 0 1 0 7 0 2 0 2
1 395 2 0 3 0 3 0 6 1 0 0 0 0 1 0 3 0 1 0 2 0 2 0 5 1 0 0 6 0 4 0 4 0 1 0 5 0 0 0 7 0 5 0 1 1 0 0 6 1 0 0 6 0 4 0 1 1 0 0 3 0 2 0 3 0 7 0 6 0 2 0 4 0 3 0 1 0 6 0 2 0 0 0 0 0 2 0 4 0 6 0 6 0 2 0 4 0 6 0 2 0 1 0 3 0 2 0 1 0 7 0 5 0 4 1 0 0 4 0 7 0 1 0 6 0 7 0 0 0 0 1 0 0 7 0 3 0 5 0 3 0 1 0 4 0 5 0 3 0 2 0 1 0 2 0 5 1 0 1 0 0 4 0 5 0 3 0 1 0 0 0 7 0 4 0 0 0 1 0 1 0 3 0 3 0 5 0 0 0 3 0 4 0 4 0 2 1 0 1 0 0 0 0 4 0 0 0 5 0 6 0 0 0 0 0 0 0 0 0 4 0 5 0 4 0 4 0 3 1 0 0 6 0 2 1 0 0 3 0 0 0 4 0 6 0 0 0 3 1 0 1 0 0 0 0 2 0 6 0 0 0 0 0 3 0 3 1 0 1 0 0 7 0 6 1 0 0 2 0 7 0 7 0 1 0 3 0 6 0 6 0 0 0 3 0 6 0 1 0 3 0 0 0 4 0 3 0 1 0 5 1 0 0 0 0 7 0 6 0 4 0 0 0 4 0 6 0 4 1 0 0 4 0 6 0 7 0 3 0 7 0 7 0 4 0 0 1 0 0 5 0 1 0 2 0 6 0 6 0 0 0 3 0 7 0 2 0 0 1 0 0 1 0 0 1 0 0 7 0 4 0 1 0 7 0 6 0 6 0 4 0 5 0 5 0 4
0 395 4 0 6 0 7 0 4 1 0 0 0 0 2 0 6 0 2 0 4 0 5 0 3 0 0 0 4 0 1 0 0 0 4 0 1 0 2 0 6 0 2 0 4 1 0 0 5 0 0 0 4 0 0 0 4 0 7 0 5 0 4 0 7 0 6 0 4 0 5 1 0 0 7 0 3 0 3 0 5 0 0 0 0 0 5 0 0 0 5 0 4 0 6 0 0 0 4 0 5 0 2 0 6 0 4 0 3 0 6 0 3 0 2 0 0 0 0 0 6 0 4 0 4 0 6 0 1 0 1 1 0 0 5 1 0 0 2 0 7 0 3 0 0 0 2 0 7 0 4 0 2 0 5 0 3 0 0 1 0 0 0 0 2 0 7 0 2 0 1 0 6 0 0 0 1 0 2 0 2 0 6 0 7 0 1 0 1 0 7 0 0 0 0 0 6 1 0 0 6 1 0 1 0 0 2 0 2 0 4 0 1 0 0 0 0 0 1 0 0 0 3 0 1 0 1 0 0 0 0 0 3 0 6 0 7 0 5 0 1 0 0 0 4 0 1 1 0 0 0 0 6 1 0 0 5 0 3 0 1 0 0 0 6 1 0 0 0 1 0 0 6 0 5 1 0 0 5 0 6 0 6 0 3 0 7 0 4 0 4 0 1 0 7 0 3 0 3 0 6 0 0 1 0 0 7 0 3 0 2 1 0 0 1 0 6 0 5 0 0 0 2 0 0 0 5 0 2 0 0 0 0 0 5 0 6 1 0 0 7 0 7 0 0 0 2 1 0 0 1 0 3 0 5 0 4 0 4 0 1 0 7 0 5 0 5 0 1 0 7 0 1 0 1 1 0 0 6 0 0 0 4 0 6 0 5 0 5 0 1 0 3 0 3 0 1
0 397 1 0 0 0 5 0 7 0 1 1 0 0 0 0 5 0 3 0 6 0 0 0 2 0 7 0 0 1 0 0 3 0 0 1 0 0 3 0 5 0 3 0 6 0 1 0 0 0 1 0 1 1 0 0 2 0 0 0 7 0 3 0 1 0 7 0 5 0 1 0 4 0 0 0 5 0 7 0 7 0 1 0 1 0 1 0 1 0 2 0 2 0 1 0 4 0 2 0 0 0 2 0 6 0 4 0 0 1 0 0 4 0 7 0 4 0 0 0 1 0 4 0 1 0 1 0 4 0 3 0 3 1 0 0 2 1 0 0 5 0 5 0 7 0 0 0 5 0 6 0 0 0 6 0 1 0 7 0 1 0 6 1 0 0 5 0 5 0 5 0 3 0 3 0 1 0 2 0 4 0 5 0 4 0 6 0 3 0 3 0 5 0 1 0 1 0 5 0 0 0 5 0 0 0 7 0 3 0 4 1 0 0 3 0 0 0 0 0 2 0 0 0 6 0 2 0 2 0 0 0 0 0 7 0 4 0 7 0 2 0 3 0 0 1 0 0 4 0 7 0 0 0 5 0 0 0 1 0 7 0 2 0 1 0 4 1 0 0 1 1 0 0 4 0 4 0 0 0 2 0 5 0 4 1 0 0 7 0 1 0 0 0 4 0 5 0 7 0 7 0 3 0 2 1 0 0 5 0 7 0 5 0 7 0 2 0 4 0 2 0 1 0 4 0 1 0 1 0 5 0 0 0 1 0 2 0 6 0 0 0 6 0 6 0 1 0 5 0 7 0 1 0 7 0 2 0 1 0 0 0 4 0 6 0 3 0 2 0 4 0 5 0 3 0 3 1 0 0 3 0 2 0 0 0 5 0 3 0 2 0 3 0 6 0 6 0 2
1 397 2 0 1 0 2 0 6 0 4 0 7 0 0 0 1 1 0 0 4 0 1 0 5 0 5 0 2 0 7 0 5 0 1 0 7 0 6 0 1 1 0 0 4 0 3 0 0 0 2 0 3 0 7 0 3 0 1 0 5 0 7 0 3 0 6 0 2 0 3 1 0 0 2 0 2 0 7 0 6 0 3 0 2 0 2 0 2 0 4 0 4 0 2 1 0 0 5 0 0 0 5 0 4 0 0 0 2 1 0 0 0 0 7 0 0 0 1 0 2 1 0 0 3 0 2 1 0 0 7 0 7 0 7 0 4 1 0 0 2 0 3 0 6 0 2 0 2 0 4 0 2 0 3 0 4 0 5 0 4 0 5 0 0 0 2 0 3 0 2 0 7 0 6 0 2 0 5 0 0 0 3 0 1 0 4 0 7 0 7 0 1 0 3 0 3 0 1 0 2 0 1 0 2 0 5 1 0 0 1 1 0 0 6 0 0 0 0 0 4 0 1 0 3 0 5 0 4 0 0 0 1 0 6 0 1 0 6 0 5 0 6 0 1 1 0 0 0 0 6 0 2 0 1 0 1 0 3 0 5 0 5 0 3 0 0 1 0 0 3 1 0 0 0 0 0 0 1 0 5 0 2 0 2 0 0 0 5 0 3 0 1 0 0 0 3 0 7 0 6 0 7 0 5 1 0 0 2 0 7 0 3 0 6 0 5 1 0 0 5 0 2 1 0 0 3 0 3 0 1 0 1 0 2 0 5 0 3 0 2 0 4 0 4 0 4 0 2 0 6 0 4 0 5 0 5 0 2 0 1 0 0 0 4 0 7 0 5 0 0 0 2 0 7 0 7 0 7 0 5 0 4 0 1 0 1 0 7 0 4 0 7 0 4 0 4 0 5
0 397 4 0 2 0 5 0 4 0 1 0 6 0 1 0 3 0 7 0 7 0 3 0 2 0 2 0 6 0 6 0 2 0 4 0 6 0 4 0 4 0 7 0 7 0 6 0 0 0 4 0 7 0 5 0 7 0 3 0 2 0 6 1 0 0 4 0 5 0 7 0 7 0 3 0 5 0 6 0 4 0 7 0 4 0 4 0 5 0 0 0 0 0 6 1 0 0 1 0 2 0 2 0 0 0 1 0 5 0 7 0 0 0 5 0 1 0 2 0 5 0 7 0 5 0 5 1 0 0 6 0 7 0 7 0 1 1 0 0 4 0 7 0 3 0 5 0 4 1 0 0 5 0 7 0 0 0 3 0 1 0 2 0 1 0 4 0 6 0 5 0 6 0 4 0 6 0 1 0 1 0 6 0 3 0 0 0 7 0 6 0 3 0 6 0 6 0 2 0 4 0 2 0 5 0 2 1 0 0 3 1 0 0 3 0 1 0 0 1 0 0 3 0 7 0 2 0 0 0 1 0 3 0 3 0 4 0 4 0 3 0 4 0 4 0 7 0 0 0 3 0 5 0 2 0 2 0 7 0 2 0 2 0 7 0 1 0 7 0 6 0 6 1 0 0 0 0 3 0 1 0 5 0 4 0 1 0 1 0 7 0 2 0 0 0 7 0 6 0 5 0 7 0 3 1 0 0 5 0 5 1 0 0 5 0 4 0 0 0 1 0 6 0 7 0 5 0 6 0 2 0 2 0 5 0 1 0 7 0 5 0 0 0 1 0 0 0 6 0 4 0 1 0 3 0 2 0 5 0 2 0 1 0 0 0 7 0 2 0 1 0 5 0 6 0 7 0 7 0 3 0 0 0 3 0 3 0 6 0 1 0 7 0 1 0 1 0 3
1 398 1 0 0 6 0 2 0 0 0 4 0 3 0 3 0 7 0 6 0 6 0 7 0 4 0 5 0 4 0 4 0 6 0 0 0 5 0 1 0 1 0 7 0 7 0 4 0 2 0 0 0 7 0 3 0 6 0 7 0 5 0 5 0 0 0 0 0 3 0 7 0 6 1 0 0 3 0 5 0 1 0 7 0 1 0 1 0 2 0 1 0 1 0 4 1 0 0 2 0 4 0 4 0 0 0 3 0 2 0 6 0 2 0 1 0 3 0 5 0 2 0 7 0 3 0 4 0 0 0 4 0 7 0 6 0 4 1 0 0 0 0 6 1 0 0 3 0 2 0 0 0 2 0 6 0 1 0 6 0 2 0 4 0 3 0 0 0 5 0 3 0 5 0 1 0 4 0 3 0 3 0 3 0 7 0 1 0 6 0 4 1 0 0 5 0 4 0 5 1 0 0 6 0 1 0 6 0 7 0 6 0 7 0 5 0 2 0 1 0 7 0 6 0 5 0 5 0 0 0 2 0 6 0 7 0 0 0 0 1 0 0 1 0 1 0 6 0 1 0 7 0 1 0 5 0 5 0 5 0 5 0 5 0 5 0 4 0 6 0 5 0 5 1 0 0 0 0 6 0 3 0 2 0 0 0 3 0 3 0 5 0 5 0 1 0 6 0 5 0 3 0 7 0 0 0 0 0 2 0 4 0 0 0 2 0 0 0 1 0 3 0 4 0 7 0 3 0 4 0 5 0 5 0 1 0 4 0 6 0 2 0 1 0 2 0 1 0 4 0 0 0 3 0 6 0 5 0 1 0 5 0 2 0 1 0 5 0 5 0 3 0 2 0 5 0 7 0 6 0 7 0 0 0 6 0 7 0 3 0 4 0 5 0 3 0 2 0 6
1 399 1 1 0 0 3 0 5 0 0 1 0 0 7 0 7 0 6 0 5 0 5 0 7 0 1 0 3 0 1 0 1 0 4 0 2 0 1 0 3 0 3 0 6 0 7 0 0 0 5 0 1 0 5 1 0 0 5 0 7 0 3 0 2 0 1 0 0 0 7 0 6 0 5 1 0 0 7 0 1 0 4 0 5 0 3 0 2 0 4 0 2 0 3 0 0 1 0 0 5 0 0 0 0 0 1 0 6 0 5 0 3 0 5 0 2 0 7 0 1 0 6 0 5 1 0 0 0 0 2 0 0 0 7 0 5 0 1 1 0 0 1 0 4 1 0 0 6 0 4 0 0 0 5 0 3 0 4 0 3 0 5 1 0 0 7 0 1 0 1 1 0 0 2 0 3 1 0 0 7 0 6 0 7 0 5 0 4 0 4 0 2 0 0 0 2 0 1 0 4 0 0 0 3 0 4 0 4 0 7 0 5 0 7 0 2 0 5 0 3 0 6 0 5 0 3 0 2 0 1 0 5 0 4 0 6 0 1 0 1 0 7 0 1 0 3 0 3 0 4 0 5 0 4 0 2 0 3 0 3 0 3 0 3 0 3 0 1 0 5 0 3 0 3 1 0 0 1 0 3 0 7 0 4 0 0 0 6 0 7 0 2 0 2 0 4 0 4 0 2 1 0 0 6 0 1 0 0 0 4 1 0 0 1 0 4 0 0 0 2 0 7 0 0 0 6 1 0 0 1 0 3 0 2 0 4 0 0 0 4 0 5 0 2 0 4 0 2 1 0 0 1 0 7 0 4 0 2 0 4 0 1 0 5 0 3 0 2 0 2 0 7 0 5 0 2 0 7 0 5 0 6 0 2 0 4 0 6 1 0 0 1 0 2 0 7 0 5 0 4
0 399 3 0 7 0 6 0 1 0 2 1 0 0 6 0 7 0 5 0 3 0 3 0 6 0 3 0 6 0 2 0 2 1 0 0 5 0 2 0 6 0 7 0 4 0 6 0 2 0 1 0 4 0 3 0 0 0 2 0 6 0 7 0 4 0 2 0 1 0 6 0 5 0 4 0 0 0 5 0 4 0 0 0 2 0 7 0 4 1 0 0 5 0 6 0 1 1 0 0 1 0 1 0 0 0 3 0 4 0 2 1 0 0 2 0 6 0 5 0 4 0 4 0 3 1 0 0 0 0 4 0 1 0 6 0 2 0 4 0 7 0 2 0 1 0 0 0 4 0 0 0 2 0 1 1 0 0 0 1 0 0 4 0 0 0 5 0 3 0 3 0 7 0 3 1 0 0 0 0 6 0 5 0 7 0 3 0 1 0 0 0 5 0 0 0 4 0 2 1 0 0 1 0 7 0 0 0 1 0 7 0 3 0 6 0 6 0 1 1 0 0 5 0 2 0 7 0 4 0 3 0 2 0 1 0 4 0 3 0 3 0 5 0 3 0 6 0 7 0 0 0 3 0 0 0 5 0 6 0 6 0 6 0 6 0 6 0 3 0 1 0 7 0 7 0 7 0 1 0 7 0 6 0 0 0 2 0 4 0 6 0 5 0 5 0 0 0 0 0 6 1 0 0 3 0 3 0 1 0 0 1 0 0 2 1 0 0 1 0 5 0 5 0 2 0 4 1 0 0 2 0 6 0 4 1 0 0 2 0 0 0 2 0 5 1 0 0 6 0 7 0 2 0 6 0 0 0 5 1 0 0 4 0 1 0 7 0 4 0 5 0 6 0 2 0 6 0 6 0 3 0 4 0 6 0 0 0 5 1 0 0 2 0 5 0 6 0 3 0 1
0 399 7 0 6 0 4 0 3 0 5 1 0 0 4 0 7 0 2 0 7 0 7 0 3 1 0 0 4 0 5 0 5 1 0 0 1 0 6 0 4 0 7 0 1 0 4 0 5 0 2 1 0 0 7 0 0 0 5 0 4 0 7 0 0 0 5 0 3 0 4 0 3 0 0 0 2 0 2 0 0 0 1 0 5 0 6 0 2 0 0 0 2 0 4 0 4 0 7 0 1 0 2 0 0 0 6 1 0 0 6 0 7 0 4 0 4 0 3 0 1 0 0 1 0 1 0 0 0 1 0 0 4 0 3 0 6 0 0 0 6 0 5 0 2 0 0 1 0 0 1 0 4 0 3 0 7 0 0 0 7 0 7 0 1 0 1 0 7 0 7 0 5 1 0 1 0 0 1 0 4 0 3 0 6 0 7 0 2 0 1 0 1 0 1 1 0 0 6 0 7 0 2 0 5 0 1 0 3 0 5 1 0 0 5 0 4 0 4 1 0 0 1 0 6 0 6 0 0 0 7 0 4 0 2 1 0 0 7 0 7 0 1 1 0 0 5 0 6 0 1 0 6 0 1 0 2 0 5 0 5 0 5 0 5 0 4 0 7 0 3 0 6 0 7 0 6 0 4 0 6 0 4 0 1 0 5 0 0 0 5 0 3 0 2 0 1 0 1 0 4 1 0 0 6 0 6 0 2 0 1 0 7 0 4 0 7 0 2 0 2 0 2 0 6 0 0 1 0 0 5 0 4 0 1 1 0 0 4 0 0 0 5 0 3 0 0 0 4 0 6 0 6 0 3 0 2 0 2 1 0 1 0 0 4 0 6 0 1 0 3 0 4 0 6 0 4 0 4 1 0 0 1 0 4 0 2 0 2 1 0 0 5 0 2 0 4 0 7 0 2
1 401 1 0 6 0 5 0 0 1 0 0 4 0 0 0 0 0 6 0 6 0 6 0 7 0 0 0 0 0 0 0 3 0 3 1 0 0 3 0 4 0 1 0 6 0 4 0 0 0 2 0 6 1 0 0 5 0 2 0 2 0 1 0 6 0 2 0 1 1 0 0 0 0 7 0 0 0 4 0 4 0 0 0 3 0 2 0 4 0 5 0 0 0 5 0 0 0 1 0 6 0 3 0 4 0 1 0 5 0 0 0 4 0 7 0 1 0 0 0 7 0 2 0 1 1 0 0 7 0 0 0 7 0 7 0 7 0 3 0 2 0 4 0 2 0 5 0 1 0 7 0 1 1 0 1 0 0 6 0 2 0 6 0 6 0 3 0 3 0 6 0 7 0 4 0 0 0 7 0 1 1 0 1 0 0 5 0 6 0 5 0 2 0 2 0 3 1 0 0 4 0 6 0 6 0 1 0 3 0 7 0 3 0 0 0 2 0 1 0 1 1 0 0 3 0 4 0 4 0 2 0 6 0 0 0 6 1 0 0 6 0 6 0 4 1 0 0 2 0 4 0 4 0 3 0 3 0 5 0 2 0 3 0 3 0 3 0 1 0 6 1 0 0 5 0 7 0 5 0 1 0 5 0 0 0 4 0 1 0 2 0 1 0 7 0 4 0 2 0 3 0 1 0 0 0 4 0 4 0 5 0 3 0 6 0 1 0 6 0 5 0 4 0 5 0 3 0 2 1 0 0 2 0 0 0 4 0 7 0 7 0 1 0 1 0 7 0 1 0 0 0 5 0 4 0 7 0 4 0 5 1 0 1 0 0 0 0 4 0 3 0 7 0 0 0 5 0 1 0 1 1 0 0 2 1 0 0 5 0 5 1 0 0 1 0 6 0 0 0 6 0 5
0 401 3 0 4 0 2 0 2 0 7 0 7 0 0 0 1 0 4 0 5 0 5 0 6 0 1 0 0 0 0 0 6 0 7 0 7 0 5 1 0 0 4 0 4 0 0 0 1 0 5 0 5 0 0 0 1 0 5 0 4 0 3 0 3 0 5 0 3 0 7 0 0 0 5 0 2 0 0 0 0 0 1 0 6 0 5 0 0 0 2 0 2 0 1 0 1 0 3 0 3 1 0 0 0 0 4 0 1 0 2 0 0 0 6 0 3 0 1 0 5 0 5 0 3 1 0 0 5 0 2 0 6 0 7 0 6 0 7 0 4 1 0 0 6 0 1 0 4 0 5 0 4 1 0 1 0 0 3 0 6 0 4 0 4 0 7 0 7 0 4 0 7 0 0 0 2 0 5 0 4 1 0 1 0 0 2 0 5 0 2 0 5 0 4 1 0 0 0 0 0 0 5 0 4 0 3 0 7 0 5 0 7 0 0 0 4 0 2 0 3 0 7 0 6 0 0 0 0 0 6 0 3 0 2 0 5 0 0 0 4 0 5 0 1 1 0 0 5 0 0 0 0 0 7 0 7 0 1 0 5 0 6 0 6 0 6 0 3 0 5 0 0 0 2 0 7 0 2 0 4 0 1 0 1 1 0 0 3 0 4 0 3 0 6 0 0 0 5 0 6 0 2 0 1 0 0 0 1 0 2 1 0 0 4 0 4 0 4 0 3 0 1 0 2 0 7 0 5 0 7 0 3 0 1 0 0 0 7 0 6 0 3 0 3 0 5 0 3 0 1 0 2 0 1 0 7 0 1 0 4 0 0 0 6 1 0 1 0 1 0 0 6 0 2 0 1 0 3 0 3 0 7 0 4 1 0 0 2 0 3 1 0 0 3 0 3 0 2 0 4 0 3
1 401 6 1 0 0 5 0 5 0 6 0 6 0 1 0 3 0 0 0 3 0 3 0 4 0 3 0 0 0 1 0 4 0 7 0 7 0 4 0 0 0 0 0 0 0 1 0 3 0 2 0 2 0 1 0 3 0 2 0 0 0 7 0 7 0 1 1 0 0 6 0 2 0 1 0 5 0 0 0 0 0 3 0 4 0 2 0 1 0 4 0 4 0 2 0 2 0 6 0 7 0 6 1 0 1 0 0 3 0 4 0 1 0 3 0 7 0 3 0 2 0 3 0 0 0 0 0 1 0 6 0 4 0 7 0 5 0 7 0 2 0 0 0 3 0 4 0 0 0 3 0 2 0 0 0 7 0 6 0 4 0 1 0 1 0 7 0 7 0 1 0 6 0 1 0 5 0 2 0 2 0 0 0 7 0 4 0 1 0 6 0 2 0 1 1 0 0 0 0 1 0 2 0 0 1 0 0 7 0 3 0 6 0 1 1 0 0 5 0 7 0 6 0 4 0 1 0 1 0 3 0 7 0 5 0 1 0 2 0 0 0 2 0 4 1 0 0 1 0 1 0 1 0 6 0 6 0 4 0 2 0 5 0 5 0 4 1 0 0 2 0 1 0 5 0 5 0 5 1 0 0 3 0 3 0 7 0 5 1 0 1 0 0 4 0 2 0 2 0 4 0 5 0 2 0 0 0 2 0 5 1 0 0 0 0 1 0 0 0 7 0 2 0 5 0 6 0 3 0 6 0 7 0 2 0 1 0 6 0 4 0 7 0 7 0 1 0 7 0 2 0 4 0 3 0 5 0 3 1 0 0 2 0 5 0 0 1 0 1 0 0 3 0 5 0 2 0 6 0 7 0 6 0 1 1 0 0 4 0 7 0 7 0 5 0 6 0 4 1 0 1 0
1 403 1 0 5 0 0 0 2 0 3 0 5 0 4 0 3 0 6 0 0 0 6 0 6 1 0 0 7 0 0 0 3 0 0 0 7 0 7 0 0 0 1 0 0 0 0 0 2 0 6 0 4 0 4 0 2 0 6 0 4 0 1 0 6 0 6 0 4 1 0 0 3 0 5 0 3 0 1 0 1 0 0 0 6 1 0 0 5 0 3 0 0 0 0 0 5 0 5 0 4 0 7 0 6 0 0 0 7 0 5 1 0 0 3 0 7 0 5 0 7 0 4 0 6 0 0 0 0 0 3 0 4 0 1 0 7 0 3 0 6 0 5 0 0 0 6 1 0 0 1 0 6 0 4 0 1 0 6 0 5 0 0 0 3 0 3 0 6 0 6 0 4 0 3 0 4 0 1 0 5 0 4 0 1 0 6 0 0 0 4 0 3 0 5 0 3 0 6 1 0 0 2 0 4 0 1 1 0 0 5 1 0 0 4 0 4 1 0 0 2 0 7 0 5 0 0 0 3 0 2 0 7 0 6 0 2 0 3 0 4 0 0 0 5 0 0 1 0 0 2 0 2 0 3 0 4 0 5 0 0 0 6 0 2 0 3 0 1 1 0 0 4 0 3 0 2 0 3 0 3 1 0 0 6 0 7 0 6 0 4 0 0 0 7 0 7 0 4 0 5 0 0 0 2 0 5 0 0 0 5 0 2 1 0 0 0 0 2 0 1 0 5 0 6 0 2 0 4 1 0 0 5 0 6 0 5 0 3 0 4 0 1 0 7 0 6 0 4 0 5 0 5 1 0 1 0 0 2 1 0 1 0 0 5 0 1 0 2 1 0 0 7 0 6 0 1 0 6 0 4 0 7 0 4 0 4 1 0 0 0 0 7 0 7 0 3 0 5 0 2 0 0 0 6
1 403 3 0 1 0 1 0 4 0 7 0 2 0 0 1 0 0 4 0 2 0 4 0 6 0 0 0 5 0 1 0 6 0 1 0 6 0 6 0 1 0 2 0 0 0 0 0 5 0 4 0 1 0 0 0 6 0 4 0 0 0 4 0 4 0 5 0 1 1 0 0 7 0 1 0 7 0 2 0 2 0 1 0 5 0 0 0 1 0 7 0 0 0 1 0 2 0 3 0 1 0 7 0 4 0 2 0 6 0 3 1 0 0 7 0 6 0 3 0 7 0 1 0 4 0 1 0 0 0 6 1 0 0 4 0 5 1 0 0 5 0 2 0 2 0 4 1 0 0 3 0 4 0 0 0 4 0 4 0 2 0 1 0 6 0 7 0 4 0 5 0 0 1 0 0 0 0 4 0 2 0 0 0 4 0 3 0 1 1 0 1 0 0 2 1 0 0 5 1 0 0 4 1 0 0 4 1 0 0 3 0 0 0 0 0 1 1 0 0 5 0 6 0 2 0 1 0 6 0 5 0 6 0 4 0 5 0 6 1 0 0 2 0 1 0 2 0 7 0 3 0 4 0 7 0 0 0 2 0 2 0 3 0 5 0 6 0 3 0 7 0 7 0 6 0 4 0 6 1 0 0 0 0 4 0 7 0 5 0 0 0 2 0 6 0 7 0 1 0 2 0 1 0 5 0 1 0 2 0 1 0 6 0 6 1 0 0 4 0 3 0 2 0 4 0 6 0 1 0 0 0 2 0 5 0 2 1 0 0 0 0 4 0 6 0 5 0 1 0 3 0 4 0 0 0 7 0 4 1 0 1 0 0 1 0 3 0 5 1 0 0 6 0 4 0 4 0 4 0 1 0 7 0 1 0 1 1 0 0 1 0 6 0 6 1 0 0 2 0 5 0 1 0 4
0 403 6 0 2 0 3 0 0 0 6 0 5 0 1 0 7 0 7 0 5 0 0 0 4 0 2 0 1 0 4 0 3 0 4 0 4 0 4 0 3 0 4 0 0 0 1 0 2 0 0 0 3 0 1 0 4 0 0 0 2 0 0 0 1 0 2 0 4 1 0 0 5 0 4 0 5 0 5 0 4 0 3 0 1 0 1 0 3 0 5 0 1 0 2 0 4 0 6 0 3 0 6 0 0 0 6 0 4 0 0 0 0 0 6 0 4 1 0 0 6 0 3 1 0 0 3 0 1 0 5 0 0 0 0 0 4 0 0 0 1 0 5 0 5 0 0 1 0 0 6 1 0 0 2 0 0 0 0 0 5 0 3 0 4 0 7 0 1 0 2 0 2 0 6 1 0 1 0 0 5 0 0 1 0 0 7 0 3 1 0 0 7 0 4 1 0 0 3 0 0 0 1 0 0 0 0 1 0 0 6 0 0 0 0 0 3 1 0 0 2 0 4 0 5 0 3 0 4 0 3 0 5 0 1 0 3 0 5 1 0 0 4 0 2 0 5 0 5 1 0 0 1 0 6 0 1 0 4 0 4 0 7 0 2 0 4 1 0 0 7 0 7 0 5 0 1 0 5 1 0 0 1 0 0 0 7 0 2 0 1 0 5 0 4 0 6 0 3 0 4 0 3 0 1 0 3 0 4 0 3 0 4 0 5 1 0 1 0 0 7 0 5 0 0 0 4 0 3 0 0 0 5 0 1 0 6 0 7 0 0 0 0 0 5 0 2 0 3 0 6 1 0 0 2 0 6 0 2 0 0 0 7 0 1 0 7 0 3 0 0 0 4 0 1 0 1 0 0 0 4 0 5 0 3 0 3 0 7 0 2 0 4 0 5 1 0 0 5 0 1 0 4 0 0
0 405 1 0 3 0 5 0 6 0 1 0 4 0 2 0 4 0 6 0 7 0 2 0 1 1 0 0 5 0 2 1 0 1 0 0 1 0 1 0 0 1 0 0 0 0 1 0 2 0 4 0 0 0 6 0 2 1 0 0 1 0 4 0 0 0 2 0 5 0 1 0 0 0 2 0 1 0 3 0 3 0 0 0 7 0 2 0 2 0 7 0 1 0 3 0 5 0 0 0 4 1 0 0 4 0 2 0 4 0 0 0 1 0 1 0 4 0 2 0 0 0 3 1 0 1 0 0 6 0 3 0 1 0 1 0 0 1 0 0 1 0 3 0 2 0 2 0 2 1 0 0 4 1 0 0 4 0 0 0 1 0 1 1 0 0 1 0 6 0 3 0 4 0 5 0 5 0 0 1 0 0 1 0 2 1 0 0 6 0 0 0 0 0 6 0 1 1 0 0 6 0 0 0 2 0 0 0 1 1 0 0 3 0 1 0 0 0 7 0 7 0 4 0 0 0 2 1 0 0 0 1 0 0 2 0 3 0 7 0 2 1 0 1 0 0 6 0 2 0 3 1 0 0 3 0 3 0 4 0 0 0 1 0 6 0 6 0 1 0 0 0 6 0 7 0 2 0 4 0 2 1 0 0 2 0 1 0 5 0 5 0 3 0 2 0 1 0 4 1 0 0 0 0 7 0 2 0 6 1 0 1 0 0 1 0 4 0 0 1 0 0 6 0 2 0 1 1 0 0 7 0 1 0 1 0 4 0 4 0 6 0 1 0 1 0 1 0 5 0 7 0 4 1 0 0 5 0 3 0 5 0 1 0 5 0 4 0 5 0 7 0 0 1 0 0 3 0 2 0 1 0 0 0 2 0 7 0 7 0 5 0 6 0 0 0 4 0 0 0 1 0 3 1 0 0 1
0 405 2 0 7 0 2 0 4 0 3 1 0 0 6 0 0 0 5 0 6 0 5 0 3 1 0 0 1 0 6 1 0 0 7 0 1 0 2 0 1 0 6 1 0 0 2 0 4 1 0 0 2 0 3 0 6 0 7 0 1 1 0 0 1 0 5 0 1 0 3 0 0 0 4 0 2 0 6 0 6 0 1 0 5 0 5 0 5 0 5 0 3 0 7 0 1 0 2 0 0 1 0 1 0 0 5 1 0 0 1 0 2 0 2 1 0 0 5 0 0 1 0 0 0 1 0 0 3 0 7 0 2 0 2 0 1 0 7 0 1 0 6 0 4 0 4 0 5 1 0 0 0 1 0 1 0 0 1 0 2 0 3 0 7 0 2 0 3 1 0 0 1 0 3 0 2 0 2 0 7 0 1 0 5 1 0 0 3 0 1 0 1 0 3 0 4 1 0 0 3 0 1 0 4 0 0 0 3 0 7 0 5 0 2 0 1 0 6 0 7 0 0 0 1 0 5 0 7 0 0 0 7 0 3 0 7 0 5 0 6 1 0 1 0 0 3 0 5 0 7 0 7 0 5 0 6 1 0 0 1 0 3 0 4 0 4 0 3 0 1 0 4 0 6 0 5 1 0 0 6 0 7 0 3 0 3 0 2 0 2 0 7 0 4 0 3 0 0 1 0 0 1 0 5 0 6 0 5 0 0 0 7 0 1 1 0 0 2 1 0 0 3 0 5 0 3 1 0 0 5 0 3 0 3 0 0 0 1 0 4 0 3 0 2 0 3 0 2 0 7 0 2 0 0 0 1 1 0 0 2 0 4 0 2 0 1 0 3 0 6 0 2 0 7 0 5 0 4 0 2 0 0 0 5 0 6 0 7 0 3 0 4 0 1 1 0 0 1 0 2 0 7 0 7 0 1
0 405 5 0 5 0 6 0 0 0 0 0 0 0 3 0 2 0 2 0 5 0 2 1 0 1 0 0 3 0 5 0 0 0 5 0 3 0 4 0 3 0 4 1 0 0 5 0 0 1 0 0 4 0 7 0 4 0 6 0 4 0 7 0 2 0 1 0 3 0 6 0 0 1 0 0 6 0 4 0 4 0 4 0 2 0 3 0 3 0 2 1 0 0 6 0 3 0 4 0 1 1 0 1 0 0 2 1 0 0 2 0 4 0 5 1 0 0 1 0 2 0 7 0 0 0 7 0 6 0 5 0 5 0 4 0 3 0 5 0 4 0 4 0 1 0 1 0 3 1 0 0 1 1 0 0 7 0 1 0 4 0 7 0 5 0 5 0 7 0 7 0 1 0 6 0 4 0 5 0 5 0 4 0 2 1 0 0 6 0 2 0 2 0 7 0 0 1 0 0 6 0 2 1 0 0 1 0 7 0 6 0 2 0 5 0 3 0 4 0 6 0 1 0 3 0 2 0 6 0 2 0 5 1 0 0 7 0 3 0 6 0 0 0 7 0 6 0 2 0 7 0 7 0 3 0 5 1 0 0 2 0 7 0 0 0 0 0 7 0 3 0 0 0 5 0 4 0 0 0 4 0 6 0 7 0 6 0 4 0 5 0 6 0 0 0 7 0 1 0 7 0 2 0 2 0 5 0 2 0 2 0 5 0 4 0 7 0 4 0 7 0 6 0 2 0 0 0 0 0 1 0 7 0 6 0 0 0 2 1 0 0 7 0 4 0 6 0 5 0 5 0 5 0 0 0 3 0 7 0 3 1 0 0 5 0 2 0 7 0 3 0 6 0 6 0 3 0 0 0 5 0 1 0 2 0 5 0 6 1 0 0 0 0 4 0 7 0 1 0 5 0 6 0 6 0 3
1 407 1 0 2 0 3 0 4 0 1 0 0 0 0 0 6 0 4 0 5 0 1 0 6 1 0 0 7 0 6 0 1 0 2 0 1 1 0 0 0 1 0 0 2 0 0 0 1 0 2 1 0 0 0 0 7 0 1 0 5 0 1 0 6 0 5 0 2 0 7 0 3 0 2 1 0 0 4 0 1 0 1 0 0 0 5 0 6 0 6 0 5 1 0 0 3 1 0 0 0 0 4 1 0 0 7 0 4 0 7 0 4 0 0 0 3 1 0 0 2 0 5 0 5 0 2 0 6 0 5 0 3 0 3 0 0 1 0 0 3 0 1 0 0 0 3 0 2 0 7 0 7 0 2 1 0 0 5 0 4 0 0 0 7 0 3 0 3 0 7 0 6 0 4 0 4 0 1 0 3 0 3 0 0 0 6 1 0 0 3 0 5 0 5 0 5 0 2 1 0 0 3 0 6 0 7 0 2 0 6 0 4 0 6 0 1 1 0 0 1 0 4 0 3 0 6 0 5 0 3 0 6 0 3 0 0 0 5 1 0 0 4 0 2 0 6 0 4 0 6 0 6 0 6 1 0 0 3 1 0 0 5 0 5 0 1 0 1 0 5 0 7 0 1 0 2 0 0 0 2 0 0 0 5 0 7 0 5 0 1 0 3 0 4 0 2 0 5 0 4 0 5 0 5 0 5 0 1 0 5 0 5 0 2 0 1 0 7 0 1 0 7 0 4 0 5 0 0 0 0 0 3 0 6 0 4 0 1 0 5 1 0 0 6 0 1 0 5 0 3 0 3 0 2 0 1 0 7 0 6 0 0 0 0 0 1 0 6 0 5 1 0 0 5 0 4 0 7 0 1 0 1 0 3 0 5 0 2 0 5 1 0 0 1 0 0 0 6 0 4 0 2 0 5 0 4 1 0
1 407 2 0 4 0 6 1 0 0 3 0 0 0 1 0 4 0 1 0 2 0 4 0 5 0 0 0 6 0 4 0 3 0 4 0 3 0 7 0 0 0 7 0 3 0 0 0 2 0 5 0 7 0 0 0 5 0 4 0 1 0 4 0 4 0 2 0 6 0 5 0 7 0 5 0 7 0 7 0 2 0 2 0 1 0 2 0 5 0 5 0 3 1 0 0 7 0 7 0 0 0 1 0 0 0 6 0 1 0 7 0 0 0 1 0 7 0 7 0 4 0 2 0 2 0 6 0 4 0 2 0 7 0 6 0 1 0 7 0 5 0 2 0 0 0 6 0 5 0 6 0 6 0 6 1 0 0 2 0 0 0 2 0 5 0 7 0 7 0 6 0 5 0 1 0 0 0 3 0 6 0 6 0 1 0 4 1 0 0 7 0 2 0 3 0 2 0 6 0 7 0 6 0 4 0 6 0 6 0 4 0 1 0 4 0 4 0 7 0 1 1 0 1 0 0 5 0 2 1 0 0 4 0 7 0 1 0 2 1 0 1 0 0 6 0 4 0 1 0 5 0 5 0 5 1 0 1 0 0 0 0 2 0 2 0 3 0 3 0 2 0 6 0 3 0 4 0 0 0 4 0 1 0 2 0 7 0 2 0 3 0 6 1 0 0 6 0 2 0 1 0 3 0 3 0 2 0 4 0 2 0 2 0 5 0 3 0 5 0 4 0 6 0 1 0 2 0 1 0 0 0 7 0 4 0 0 0 4 0 3 0 0 0 3 0 4 0 1 0 7 0 6 0 4 0 3 0 6 0 4 0 1 0 0 0 3 0 4 0 4 0 0 0 2 0 1 0 6 0 3 0 2 0 7 0 1 0 6 0 2 1 0 0 2 0 1 0 4 0 0 0 6 0 2 0 1 1 0
1 407 5 0 0 0 5 1 0 0 6 0 0 0 2 1 0 0 3 0 5 0 0 0 2 0 2 0 4 0 0 1 0 0 0 1 0 0 6 0 2 0 5 0 7 0 0 0 5 0 2 0 6 0 2 0 2 0 0 0 4 0 0 0 0 0 6 0 4 0 3 0 7 0 3 0 7 0 6 0 5 0 4 0 2 0 5 0 2 0 3 0 0 0 0 0 6 0 6 0 1 0 2 0 1 0 3 0 4 0 5 0 1 0 3 0 6 0 7 0 0 0 5 0 5 0 4 0 0 0 6 0 6 0 4 0 4 0 6 0 2 0 5 0 1 0 4 0 3 0 5 0 5 0 5 1 0 0 4 0 0 0 5 0 2 0 7 0 7 0 5 0 2 0 3 0 0 0 7 0 4 0 4 0 4 0 1 0 0 0 5 0 5 0 6 0 5 0 4 0 7 0 5 0 1 0 5 0 5 0 0 0 4 0 0 0 1 0 6 0 4 1 0 1 0 0 1 0 6 1 0 0 0 0 6 0 3 0 5 1 0 1 0 0 4 0 0 0 4 0 2 0 3 0 4 0 0 0 6 1 0 0 4 0 4 0 6 0 6 0 5 0 3 1 0 0 0 0 1 1 0 0 3 0 5 0 5 0 5 0 7 0 5 0 0 0 3 0 5 0 2 0 6 0 6 0 4 1 0 0 5 0 5 0 1 1 0 0 3 0 1 0 4 0 3 0 4 0 2 0 1 0 6 0 0 0 1 1 0 0 7 0 0 0 6 1 0 0 4 0 6 0 5 0 0 1 0 0 5 0 0 0 3 0 0 0 7 0 0 0 0 0 1 0 4 0 3 0 3 0 7 0 5 0 5 0 4 0 3 0 6 0 7 0 3 0 2 1 0 0 2 0 3 0 5 0 3 0 6
1 409 1 0 1 0 2 0 3 0 0 0 3 0 1 0 5 0 7 0 6 0 1 0 1 0 4 0 4 1 0 0 2 0 7 0 0 1 0 0 3 0 6 0 2 0 6 0 2 0 1 0 6 0 3 0 5 0 4 0 0 1 0 0 1 0 1 0 4 0 0 1 0 0 6 1 0 0 7 0 5 0 3 0 0 0 6 0 1 0 5 0 6 0 0 0 1 0 4 0 4 0 3 0 4 0 2 0 7 0 0 0 2 0 3 0 7 0 4 0 6 0 2 0 2 0 3 0 0 0 2 0 4 0 5 0 1 0 1 0 4 0 6 0 1 0 3 1 0 1 0 0 3 0 3 0 3 1 0 1 0 0 2 0 1 0 6 0 6 0 7 0 2 0 5 0 6 0 1 0 6 0 1 0 1 0 0 0 3 0 1 0 2 0 3 0 5 0 3 0 1 0 7 0 2 0 4 0 2 0 2 0 1 1 0 0 1 0 3 0 4 0 2 0 0 0 7 0 2 0 4 1 0 0 1 0 3 1 0 0 4 0 0 0 7 0 7 0 0 1 0 0 5 0 6 1 0 0 2 0 5 0 0 0 0 0 1 0 5 0 5 0 2 1 0 1 0 0 0 0 3 0 7 0 6 0 2 0 3 0 3 0 7 0 2 0 1 0 7 0 1 0 6 0 4 0 5 0 2 0 0 0 2 0 2 0 4 0 7 0 5 0 2 1 0 1 0 0 0 0 5 0 3 0 3 0 1 0 3 1 0 0 5 0 2 0 5 0 0 0 0 0 5 0 2 0 2 1 0 0 1 0 1 0 6 0 1 0 5 0 1 0 0 0 2 1 0 0 7 0 7 0 6 0 3 0 3 0 0 1 0 0 5 0 6 0 7 0 5 0 7 0 3 0 7 0 1 1 0 0 5
0 409 2 0 2 0 4 0 6 0 0 0 6 0 3 0 2 0 7 0 4 0 3 0 3 0 0 0 1 1 0 0 5 0 5 0 2 0 7 0 6 0 3 0 6 0 3 0 5 0 3 0 3 1 0 0 3 0 0 0 2 0 7 0 1 0 2 1 0 0 2 1 0 0 5 0 0 0 6 0 2 0 7 0 1 0 3 0 4 0 2 0 4 0 1 0 3 0 0 0 0 1 0 0 0 0 6 0 5 0 1 0 4 0 7 0 6 0 1 0 4 0 5 0 4 0 6 0 0 0 5 0 0 0 2 0 3 0 3 0 0 0 4 0 3 1 0 0 0 0 7 0 5 0 6 1 0 0 0 0 7 0 3 0 3 0 4 0 5 0 6 0 6 0 2 0 4 0 4 0 3 0 3 0 2 0 0 0 6 0 2 0 4 0 7 0 1 0 7 0 3 0 5 0 5 1 0 0 5 0 4 0 3 0 7 0 1 0 6 1 0 0 5 0 1 0 5 0 6 0 0 1 0 0 2 0 7 0 7 0 7 0 1 0 6 0 6 0 2 1 0 0 2 0 5 1 0 0 5 0 1 0 1 0 0 0 3 0 2 0 2 0 6 1 0 0 6 1 0 0 7 0 6 0 4 0 5 0 6 0 7 0 5 0 5 0 3 0 5 0 4 0 4 0 1 0 2 0 5 0 0 0 4 0 5 0 0 0 7 0 2 0 6 1 0 0 7 0 0 0 1 0 7 0 6 0 2 1 0 0 0 0 1 0 6 0 1 0 1 0 1 0 1 0 5 0 5 0 7 0 1 0 3 0 3 0 4 0 1 0 3 0 0 0 5 1 0 0 6 0 7 0 4 0 7 0 6 0 1 1 0 0 2 0 5 0 7 0 3 0 6 1 0 0 6 0 4 1 0 0 2
0 409 4 0 5 0 0 0 4 0 2 0 3 0 7 0 5 0 6 0 0 0 7 0 6 0 0 0 3 1 0 0 2 0 2 0 6 0 6 0 4 1 0 0 4 1 0 0 2 0 7 0 7 0 7 0 5 0 0 0 5 0 5 0 3 0 5 0 7 0 4 1 0 0 1 0 2 0 3 0 6 0 5 0 3 0 6 1 0 0 5 1 0 0 3 0 6 0 0 0 1 0 7 0 0 0 4 0 2 0 4 0 0 0 7 0 4 0 4 0 0 0 3 0 1 0 4 0 2 0 1 0 1 0 4 0 6 0 6 0 0 1 0 1 0 1 0 0 1 0 6 0 3 0 5 1 0 0 1 0 5 0 7 0 7 0 0 0 3 0 5 0 4 0 6 0 0 0 0 0 7 0 6 0 4 0 1 0 3 0 6 0 0 0 6 0 4 0 5 1 0 0 3 0 4 0 0 0 2 0 0 1 0 0 6 0 4 0 5 0 0 0 1 0 4 0 2 0 4 0 2 0 7 0 4 0 6 0 7 0 6 0 4 0 4 0 4 0 6 0 7 0 4 0 3 0 0 0 1 0 3 0 2 0 0 0 6 0 4 0 5 0 5 0 0 0 5 0 0 0 6 0 5 0 1 0 3 0 5 0 7 0 3 0 2 1 0 0 3 0 1 0 0 0 3 0 5 0 1 0 2 0 0 0 2 0 2 0 5 0 6 0 5 0 0 0 5 0 1 0 3 0 6 0 4 0 6 0 6 1 0 0 3 0 3 0 3 0 2 0 2 0 3 0 2 0 3 0 6 0 3 0 6 0 6 1 0 0 3 0 6 0 1 0 3 0 0 0 4 0 7 0 1 0 7 0 4 0 4 0 7 0 4 0 2 0 6 1 0 0 6 0 0 0 4 0 1 1 0 0 4
1 411 1 0 0 0 2 0 1 1 0 0 5 0 7 0 6 0 3 0 4 0 2 0 6 0 4 0 1 0 7 0 7 0 3 0 5 0 4 0 5 0 2 0 0 0 0 1 0 0 5 0 6 0 7 0 7 0 2 0 2 0 2 0 2 1 0 0 3 0 7 0 1 1 0 0 2 0 4 0 7 0 4 0 2 1 0 0 6 0 0 0 2 1 0 0 7 0 3 0 1 0 3 0 5 0 1 1 0 0 5 1 0 0 2 0 6 0 1 0 0 0 1 0 6 0 2 1 0 0 5 0 2 0 3 0 0 0 5 0 4 0 2 1 0 1 0 0 7 0 2 0 3 1 0 0 3 1 0 0 3 0 2 0 7 0 6 0 1 0 7 0 2 0 1 0 4 0 1 0 1 0 6 0 5 0 0 0 3 0 7 0 3 0 2 0 4 0 1 0 3 1 0 0 6 1 0 0 1 0 4 0 1 1 0 0 4 0 1 0 2 0 1 0 2 1 0 0 5 1 0 0 6 0 6 0 1 0 5 0 7 0 5 0 1 0 1 0 1 0 5 0 7 0 0 0 7 0 0 0 2 0 6 0 4 0 1 0 4 0 1 0 3 0 2 0 2 0 1 0 2 0 4 0 2 0 3 0 7 0 2 0 6 0 7 0 5 0 7 0 5 0 2 0 0 0 7 0 1 0 3 0 4 0 0 0 4 0 5 0 2 0 5 0 2 0 2 0 1 0 3 0 7 0 4 0 1 0 5 0 5 1 0 0 6 0 6 0 6 0 4 0 4 0 6 0 4 0 7 0 3 1 0 0 5 0 5 1 0 0 7 0 3 0 3 0 6 0 1 0 0 0 6 0 4 0 6 0 1 0 1 0 7 0 0 0 6 0 5 0 0 0 3 0 1 1 0 0 4 1 0 0 0
1 411 2 0 0 0 4 0 3 1 0 0 2 0 7 0 4 1 0 0 0 0 6 0 4 0 0 0 4 0 6 0 6 1 0 0 3 0 1 0 2 0 5 0 0 0 1 1 0 0 2 0 5 0 7 0 6 0 5 0 4 0 4 0 5 0 7 0 6 0 5 0 4 0 7 0 4 0 0 0 7 0 0 0 6 1 0 0 3 0 1 0 5 1 0 0 5 0 7 0 2 0 7 0 1 0 4 1 0 0 2 1 0 0 5 0 3 0 3 0 0 0 3 0 3 0 6 1 0 0 1 0 5 0 6 0 1 0 2 0 0 0 6 1 0 1 0 0 5 0 5 0 7 0 7 0 6 0 7 0 5 0 5 0 6 0 4 0 4 0 5 0 5 0 2 1 0 0 3 0 3 0 4 0 2 0 1 0 7 0 5 0 7 0 4 1 0 0 3 1 0 0 0 0 4 1 0 0 2 1 0 0 4 0 7 0 7 0 2 0 4 0 2 0 5 1 0 0 3 0 0 0 4 0 4 0 4 0 2 0 7 0 2 0 3 0 2 0 3 0 2 0 6 0 2 0 5 0 1 0 5 0 4 0 0 0 3 1 0 0 3 0 6 0 4 0 4 0 2 0 4 1 0 0 5 0 7 0 5 0 6 0 4 0 7 0 3 0 7 0 2 0 5 0 1 0 5 0 3 0 6 1 0 0 2 0 0 0 2 0 6 0 1 0 5 0 4 0 2 0 7 0 6 0 0 0 4 0 2 0 4 0 0 0 4 0 5 0 5 0 1 0 1 0 5 0 1 0 7 0 0 0 0 0 2 0 4 0 0 0 5 0 7 0 7 0 3 0 3 0 1 0 4 0 1 0 4 0 3 0 3 0 5 0 2 0 4 0 2 0 1 0 6 0 3 1 0 0 0 1 0 0 0
1 411 4 0 0 1 0 1 0 1 0 0 5 0 6 0 1 1 0 0 1 0 4 0 0 0 2 0 0 0 5 0 5 1 0 0 6 0 2 0 5 0 1 0 1 0 3 0 7 0 4 0 2 0 7 0 5 0 3 0 1 0 1 0 3 0 7 0 5 0 3 0 1 0 7 0 0 0 2 0 5 0 2 0 4 1 0 0 6 0 3 0 3 0 0 0 2 0 6 0 6 0 5 0 4 0 0 1 0 0 5 1 0 0 1 0 7 0 6 0 0 0 6 0 7 0 4 1 0 0 3 0 2 0 4 0 3 0 4 0 1 0 5 0 0 1 0 0 2 0 3 0 7 0 7 0 5 0 7 0 3 0 3 0 5 0 1 0 1 0 3 0 2 0 6 0 7 0 5 0 6 1 0 0 5 0 3 0 6 0 3 0 7 0 1 1 0 0 7 0 7 0 0 0 0 1 0 0 5 1 0 0 0 0 7 0 6 0 5 1 0 0 6 0 2 1 0 0 6 0 1 0 0 0 1 0 0 0 6 0 5 0 5 0 6 0 4 0 6 0 5 0 3 0 6 0 1 0 4 0 2 0 0 0 1 0 7 0 7 0 6 0 4 0 1 0 0 0 6 0 1 0 0 0 2 0 7 0 3 0 5 0 1 0 6 1 0 0 6 0 6 0 1 0 4 0 1 1 0 0 5 1 0 0 4 0 0 0 5 0 3 0 4 0 2 0 0 0 6 0 6 0 4 0 1 1 0 0 5 1 0 0 2 0 0 0 3 0 2 0 3 0 3 0 1 0 4 0 5 0 1 0 0 0 4 1 0 0 2 0 2 0 7 0 6 0 7 0 6 0 2 1 0 0 3 1 0 0 7 0 7 0 1 0 5 1 0 0 5 0 3 0 3 1 0 1 0 0 1 0 6 1 0
1 412 1 0 0 2 1 0 1 0 1 0 0 2 0 4 0 4 0 7 0 1 1 0 0 1 0 4 0 1 0 2 0 4 0 0 0 3 0 6 0 1 0 3 0 2 0 7 0 6 0 0 0 6 0 6 0 2 0 7 0 2 0 2 0 7 0 6 0 2 0 7 0 3 0 5 0 1 0 5 0 1 0 6 0 1 0 0 0 3 0 7 0 6 0 0 0 5 0 4 0 5 0 3 0 0 0 2 1 0 0 2 1 0 0 3 0 6 0 4 0 2 0 4 0 7 0 1 1 0 0 6 0 4 1 0 1 0 0 0 0 4 0 1 0 2 0 7 0 3 0 7 0 6 0 7 0 3 0 6 0 7 0 7 0 1 0 3 0 2 0 6 0 5 0 4 0 7 0 3 0 6 0 0 0 1 1 0 0 4 1 0 0 6 0 4 1 0 0 6 0 6 0 1 0 1 1 0 0 2 1 0 0 1 0 6 0 5 0 4 0 0 0 3 0 6 1 0 0 3 0 3 0 0 0 2 0 1 0 4 0 3 0 3 0 5 0 1 0 5 0 2 1 0 0 4 0 3 1 0 0 5 0 0 0 3 0 6 0 7 0 5 0 0 0 3 0 1 0 3 0 3 0 0 0 5 0 5 1 0 0 2 0 4 0 5 0 0 0 4 0 4 0 3 1 0 0 4 1 0 0 2 1 0 1 0 0 2 0 1 1 0 0 0 0 5 0 1 0 4 0 5 0 0 0 4 1 0 0 2 1 0 0 4 0 0 0 6 0 4 0 6 0 6 0 3 0 0 0 2 0 3 0 1 0 0 1 0 0 4 0 5 0 6 0 5 0 7 0 4 0 6 0 7 0 6 1 0 0 6 0 6 0 4 0 3 0 0 0 1 1 0 0 0 0 0 0 7 0 2 0 4 1 0
1 413 1 0 7 0 4 1 0 1 0 0 7 0 4 0 0 0 1 0 6 0 4 0 7 0 1 1 0 0 3 0 4 1 0 0 1 0 7 0 3 0 3 0 6 0 5 0 6 0 4 0 2 0 4 0 4 0 6 0 5 0 5 0 5 0 6 0 4 0 6 0 5 1 0 0 2 0 4 0 1 0 4 0 3 0 3 0 0 0 7 0 6 0 4 0 2 0 2 0 1 0 2 0 7 0 0 0 5 0 7 0 4 0 7 0 6 0 4 0 0 0 6 0 0 0 6 0 4 1 0 0 4 0 2 0 0 0 6 1 0 1 0 0 3 0 5 0 5 1 0 0 7 0 5 0 6 1 0 0 5 0 7 0 6 0 3 0 6 0 5 0 4 0 3 0 1 0 6 1 0 0 4 0 1 0 3 1 0 0 1 0 0 0 4 0 2 0 0 0 4 0 4 0 3 0 3 0 7 0 4 0 7 0 2 0 4 0 3 0 0 0 1 0 7 0 4 1 0 0 6 0 6 0 0 0 4 0 2 1 0 0 7 0 7 0 1 0 4 0 1 0 6 1 0 0 0 0 0 0 0 0 1 0 1 0 7 0 4 0 7 0 2 0 1 0 6 0 2 0 6 0 6 0 1 0 2 0 3 1 0 0 5 0 0 0 2 0 2 0 0 0 1 0 0 0 0 0 0 1 0 0 5 1 0 0 7 0 3 0 3 0 7 0 0 0 1 0 4 0 0 0 2 0 2 0 0 1 0 0 5 0 7 0 7 0 1 0 4 0 1 0 5 0 4 0 7 0 0 0 4 0 6 0 2 0 1 1 0 0 0 0 3 0 5 0 3 0 7 0 1 0 5 0 7 0 6 0 0 0 4 0 5 0 0 0 7 0 0 0 3 0 6 1 0 0 1 0 5 0 6 0 0 1 0
1 413 3 0 6 0 2 0 0 1 0 0 6 0 0 0 1 0 3 0 4 0 1 0 6 0 4 0 7 0 6 0 0 1 0 0 3 0 5 0 7 0 7 0 4 0 3 0 5 0 0 0 6 0 0 0 1 0 5 0 3 0 3 0 3 0 5 0 1 0 5 0 3 1 0 0 4 1 0 0 3 1 0 0 7 0 6 0 1 0 6 0 5 0 0 0 5 0 4 0 2 0 5 0 5 0 2 0 2 0 7 0 1 0 7 0 5 0 0 0 2 0 3 0 2 0 4 0 1 1 0 1 0 0 5 0 1 0 5 0 0 0 7 0 6 0 2 0 4 0 0 0 6 0 3 0 6 0 0 0 2 0 7 0 4 1 0 0 5 0 3 0 0 0 7 0 3 0 4 1 0 1 0 0 3 0 7 0 7 0 1 0 0 1 0 0 5 0 1 0 0 0 0 0 7 0 7 0 6 0 1 0 6 0 5 1 0 0 7 0 0 0 3 0 6 0 2 0 0 0 4 0 4 0 1 1 0 0 6 1 0 0 6 0 6 0 3 1 0 0 4 0 4 1 0 0 0 0 0 0 0 0 2 0 3 0 6 0 1 0 6 0 5 0 3 0 3 0 6 0 4 0 4 0 3 0 4 1 0 0 0 0 1 0 1 0 4 0 4 0 0 0 2 0 0 0 0 0 1 1 0 0 3 0 0 0 5 0 7 0 7 0 5 0 1 0 2 1 0 0 1 0 4 0 4 0 1 1 0 0 2 0 7 0 6 0 3 1 0 0 4 0 2 0 1 0 6 0 2 0 0 0 4 0 5 0 3 0 6 1 0 0 7 0 1 1 0 0 6 0 4 0 2 0 7 0 4 0 2 0 0 0 2 0 2 0 5 0 1 0 7 0 4 1 0 0 3 0 2 0 4 0 2 0 6
1 413 7 0 3 0 5 0 1 1 0 0 3 0 1 0 2 0 6 1 0 0 4 0 4 0 1 0 7 0 4 0 2 0 7 0 6 0 2 0 7 0 7 0 0 1 0 0 2 0 2 0 3 0 1 0 3 0 1 0 7 0 6 0 7 0 1 0 4 0 2 0 0 0 0 0 0 1 0 1 0 0 0 0 6 0 4 0 4 0 4 0 2 0 2 0 2 0 0 0 6 0 2 0 2 0 5 0 5 0 5 0 4 0 6 0 2 0 1 0 4 0 6 0 4 1 0 0 4 1 0 1 0 0 1 0 4 0 1 0 2 0 6 0 4 0 5 1 0 0 2 0 3 1 0 0 4 0 1 0 5 0 6 0 2 0 0 0 1 0 7 0 1 0 5 1 0 0 2 0 0 0 7 0 6 0 6 0 6 0 3 0 1 1 0 0 1 0 3 0 0 0 1 0 6 0 7 0 4 0 4 0 4 0 4 0 0 0 5 0 1 0 7 0 3 0 5 0 1 0 0 0 0 0 4 1 0 0 5 0 0 0 4 0 5 0 0 0 0 0 0 0 1 1 0 0 0 0 0 0 0 0 4 0 7 0 3 0 4 0 4 0 2 0 7 0 7 0 4 0 1 0 0 1 0 0 1 1 0 0 0 0 2 0 3 0 0 0 0 0 1 0 4 0 0 0 0 0 3 0 7 0 5 0 1 0 2 0 7 0 7 0 2 0 3 0 5 0 7 0 2 0 0 0 0 0 4 0 7 0 4 0 6 0 4 1 0 1 0 1 0 0 5 0 3 0 3 0 5 0 1 0 0 0 2 1 0 0 6 0 0 0 5 0 4 1 0 0 4 0 0 0 6 0 6 0 0 0 5 0 0 0 4 0 5 0 1 0 4 0 6 0 1 1 0 0 6 0 4 1 0 0 6 0 4
0 415 1 0 5 1 0 0 2 0 4 0 7 0 5 0 2 0 5 0 5 0 0 0 0 0 0 0 4 0 6 0 0 0 6 0 6 0 4 0 6 0 6 0 6 0 2 0 7 0 3 0 4 0 6 0 2 0 6 0 3 0 6 0 5 0 6 0 3 1 0 0 5 0 0 0 0 0 1 1 0 0 7 0 0 0 4 0 1 0 1 0 0 0 5 0 4 0 4 0 1 0 3 0 5 0 5 0 2 0 3 0 3 0 1 0 4 0 5 0 3 0 0 0 5 0 2 0 0 0 1 0 0 0 7 0 1 1 0 0 3 0 5 0 4 0 1 0 3 1 0 0 4 0 7 0 7 0 7 0 3 0 2 0 4 0 5 0 0 0 3 0 5 0 4 0 2 1 0 0 4 0 1 0 6 0 5 0 5 0 4 0 7 0 3 0 7 0 1 0 6 0 0 0 3 0 4 0 7 0 1 0 1 0 1 0 0 0 2 0 1 0 4 0 5 1 0 0 2 0 3 0 0 0 1 0 1 0 0 0 1 0 2 0 0 0 2 0 1 0 0 0 0 0 3 0 6 1 0 0 0 0 1 0 0 0 6 1 0 0 1 0 0 0 6 0 6 0 7 0 0 0 3 0 1 0 7 0 2 0 6 1 0 0 4 0 6 0 0 0 0 0 2 1 0 0 1 0 0 0 7 0 6 0 2 0 3 0 5 0 6 0 6 0 5 0 7 0 2 0 6 0 5 0 0 0 1 0 0 0 7 0 1 0 5 0 2 0 0 1 0 1 0 0 1 0 7 0 7 0 1 0 3 0 0 0 5 1 0 0 3 0 2 0 2 0 1 1 0 1 0 0 2 0 4 0 4 0 2 0 1 0 2 0 0 0 2 0 4 0 0 0 4 0 4 1 0 0 4 0 2 0 0 0 4 0 1
0 415 3 0 2 1 0 0 5 0 0 0 7 0 2 0 6 0 2 0 2 0 1 0 0 0 1 0 0 0 4 0 2 0 4 0 5 0 1 0 5 0 5 0 4 0 6 0 5 1 0 0 1 0 4 0 6 0 3 1 0 0 5 0 3 0 5 0 0 0 0 0 1 0 1 0 0 0 3 1 0 0 5 0 1 1 0 0 3 0 2 0 1 0 2 0 1 0 0 0 3 0 7 0 2 0 2 0 5 0 6 0 6 0 3 0 0 0 2 0 7 0 1 0 1 0 5 0 0 0 2 0 1 0 5 0 4 0 7 0 6 0 2 0 0 0 3 1 0 0 0 0 0 0 7 0 7 0 6 0 7 0 5 0 0 0 2 0 1 0 7 0 2 0 0 0 6 0 7 0 7 0 3 0 4 0 3 0 3 0 1 0 6 1 0 0 6 0 4 0 3 0 1 0 7 0 0 0 6 0 3 0 2 0 2 0 0 0 4 0 3 0 0 0 3 1 0 0 4 0 6 0 0 0 2 0 2 0 0 0 2 0 4 0 0 0 4 0 2 0 0 0 0 0 7 0 4 1 0 0 0 0 2 0 1 0 4 1 0 0 2 0 1 0 4 0 5 0 6 0 1 0 6 0 3 0 5 0 6 0 5 0 0 0 0 0 4 0 1 0 0 0 5 0 7 0 1 0 1 0 6 0 4 0 5 0 7 0 2 0 5 0 5 0 3 0 6 0 6 0 4 0 2 0 1 0 2 0 1 0 5 0 4 0 1 0 5 0 1 1 0 0 7 0 2 0 6 0 6 0 3 0 6 0 1 0 2 1 0 0 6 0 4 0 4 0 3 1 0 0 7 0 4 0 0 0 0 0 5 0 2 0 4 0 0 0 4 1 0 0 2 0 0 0 1 1 0 1 0 0 5 0 0 1 0 0 3
1 415 6 0 5 1 0 0 1 0 2 0 5 0 6 0 3 0 5 0 4 0 2 0 0 0 2 0 0 1 0 0 6 0 0 0 2 0 4 0 2 0 3 0 1 0 5 0 3 1 0 0 3 0 0 0 5 0 0 0 0 0 1 1 0 0 2 0 1 0 0 0 2 0 2 0 0 1 0 0 0 0 1 0 4 0 7 0 5 0 4 0 2 0 4 0 2 0 0 0 7 0 5 0 5 0 5 0 2 0 5 0 4 0 7 0 0 0 5 0 5 0 3 0 3 0 1 0 1 0 4 0 3 0 2 0 1 0 7 0 4 0 5 0 0 0 7 0 6 1 0 0 1 0 6 0 7 0 5 0 7 0 2 0 1 0 4 0 3 0 5 0 5 0 1 0 4 0 7 0 6 1 0 0 0 0 7 0 6 0 3 0 5 0 0 0 4 0 0 0 7 0 3 0 5 0 2 0 3 0 7 0 4 0 4 0 0 1 0 0 7 0 0 1 0 0 0 0 0 0 4 0 1 0 4 0 4 0 0 0 4 1 0 0 1 1 0 0 5 0 0 0 1 0 6 0 1 1 0 0 0 0 4 0 3 0 0 1 0 0 4 0 3 0 0 0 3 0 4 0 4 0 3 1 0 0 3 0 5 0 2 0 1 0 0 1 0 0 3 0 1 0 2 0 6 0 3 0 3 0 4 0 1 0 3 0 6 0 6 0 2 0 2 1 0 0 5 0 5 0 0 0 5 0 2 0 4 0 3 0 2 0 0 0 4 0 1 0 4 1 0 0 5 0 6 0 4 0 4 1 0 0 4 0 3 0 5 1 0 0 4 0 1 0 1 0 0 0 0 0 6 0 0 0 1 0 1 0 1 0 5 1 0 0 2 0 0 1 0 0 4 0 0 0 3 1 0 1 0 0 1 0 2 0 7 0 5
0 417 1 0 4 0 3 1 0 0 2 0 5 0 2 0 4 1 0 0 3 0 0 0 5 0 0 0 4 0 1 1 0 0 3 0 1 0 4 1 0 0 5 0 6 0 3 0 1 1 0 1 0 0 6 0 1 0 1 0 1 0 0 0 3 0 7 0 3 0 2 0 0 0 4 0 4 0 1 0 6 1 0 0 3 0 0 0 7 0 3 0 0 0 5 1 0 0 5 0 1 0 6 0 3 0 3 0 2 0 6 0 2 0 1 0 6 0 2 0 2 0 2 0 7 0 6 0 2 0 2 1 0 0 7 0 4 0 3 0 6 0 1 0 2 0 2 0 6 0 5 1 0 0 3 0 4 0 7 0 3 0 6 0 5 0 2 1 0 1 0 0 3 0 2 0 4 0 0 0 7 0 5 1 0 0 1 0 6 0 4 1 0 0 2 0 1 1 0 0 2 0 5 1 0 0 2 0 5 0 7 0 6 0 1 0 0 0 2 1 0 0 5 0 2 0 6 1 0 0 0 1 0 0 4 0 0 0 0 0 2 0 0 1 0 0 3 1 0 0 1 0 1 0 3 0 3 0 4 0 6 1 0 1 0 0 7 0 1 0 7 0 7 0 6 0 0 0 7 0 0 0 0 1 0 1 0 0 7 0 1 0 5 0 2 0 1 0 7 0 5 0 2 0 5 0 3 0 7 0 6 1 0 0 3 0 7 0 4 0 4 0 5 0 5 1 0 0 2 0 2 0 2 0 1 0 5 1 0 0 7 0 4 0 0 1 0 0 4 0 1 0 0 0 2 0 5 0 1 0 1 1 0 1 0 1 0 0 3 1 0 1 0 0 3 0 2 0 0 0 1 0 3 0 1 0 2 0 2 0 3 0 2 1 0 0 4 0 1 0 7 0 7 0 0 1 0 0 0 0 7 0 1 0 5 0 6 0 3
1 417 2 1 0 1 0 1 0 0 5 0 1 0 6 0 0 1 0 0 6 0 1 0 1 0 1 1 0 0 4 0 7 0 5 0 3 0 1 0 0 0 2 0 4 0 7 0 3 1 0 1 0 0 3 0 3 0 2 0 2 0 0 0 7 0 5 0 7 0 4 0 1 0 0 0 0 0 4 0 4 1 0 0 6 0 1 0 5 0 7 0 1 0 3 0 0 0 1 0 4 0 3 0 7 0 6 0 5 0 3 0 5 0 3 0 3 0 5 0 4 0 5 0 6 0 4 0 5 0 5 1 0 0 6 0 0 1 0 0 4 0 3 0 4 0 5 0 4 0 3 1 0 0 7 0 0 0 6 1 0 0 5 0 2 0 6 1 0 0 7 0 5 0 4 1 0 0 2 0 6 0 3 1 0 0 3 0 4 0 1 1 0 0 4 0 3 0 7 0 4 0 2 1 0 0 5 0 2 0 7 0 4 0 3 0 0 0 5 1 0 0 1 0 6 0 4 1 0 0 1 0 7 0 7 0 0 0 0 0 4 0 1 0 7 0 6 0 7 0 1 0 2 0 6 0 7 0 0 0 6 0 0 1 0 0 5 0 4 0 6 0 7 0 4 0 2 0 5 0 1 0 1 1 0 1 0 0 5 0 4 0 1 0 5 0 3 0 6 0 2 0 6 0 1 1 0 0 7 0 5 1 0 0 7 0 6 0 1 0 1 0 3 0 3 1 0 0 4 0 4 0 4 0 3 0 3 0 0 0 6 0 0 0 2 0 7 0 7 0 2 0 0 0 5 0 1 0 3 0 3 1 0 1 0 0 7 0 6 1 0 0 7 0 5 0 4 0 0 0 2 0 6 0 2 0 4 0 4 0 6 0 5 0 7 0 7 0 3 0 6 0 6 0 2 0 7 0 0 0 5 0 4 0 2 0 4 1 0
1 417 5 1 0 1 0 1 0 0 1 0 4 0 3 0 2 1 0 0 3 0 3 0 2 0 3 1 0 0 0 0 7 0 2 0 7 0 2 0 0 0 5 0 0 0 7 0 0 0 0 0 7 0 5 0 6 0 4 0 4 0 1 0 6 0 3 0 7 0 0 0 3 0 0 0 1 0 0 0 2 0 0 0 3 0 4 0 2 0 6 0 3 0 6 0 0 0 2 1 0 1 0 0 7 0 5 0 2 1 0 0 2 0 7 0 7 0 2 0 1 0 3 0 5 0 1 0 3 0 4 0 0 0 3 0 2 0 7 0 7 0 7 0 0 0 3 0 1 0 0 0 0 0 5 0 2 0 5 0 0 0 1 0 6 0 5 0 0 0 6 0 3 0 1 1 0 0 5 0 3 1 0 1 0 0 6 1 0 0 4 0 7 0 7 0 7 0 6 0 0 0 6 1 0 0 1 0 6 0 6 0 0 0 7 0 1 0 2 1 0 0 3 0 4 0 1 1 0 0 3 0 6 0 6 0 1 0 0 1 0 0 4 0 6 0 5 0 6 0 3 0 5 0 4 0 6 0 2 0 3 0 2 1 0 0 2 0 1 0 5 0 7 0 0 0 6 0 1 0 3 0 3 1 0 1 0 0 2 0 0 0 4 0 1 1 0 0 4 0 6 0 3 0 4 1 0 0 6 0 4 0 0 0 6 0 4 0 3 0 2 0 6 1 0 0 0 0 0 0 1 0 0 0 7 0 6 0 1 0 3 0 1 0 5 0 6 0 6 0 5 0 1 0 1 0 3 0 6 1 0 0 0 1 0 0 6 0 6 0 0 0 6 0 3 0 0 0 1 0 5 0 3 0 6 0 0 0 1 0 5 0 3 0 7 0 6 1 0 0 5 0 4 0 6 0 5 0 2 0 2 0 0 0 6 0 0 1 0
1 419 1 0 3 0 0 1 0 0 7 0 1 1 0 0 7 0 5 0 7 0 5 0 6 0 4 0 7 0 7 0 0 0 5 0 6 0 5 0 5 0 1 0 1 0 2 0 5 0 1 0 1 0 6 0 3 0 5 0 1 0 0 0 4 0 3 1 0 0 6 0 1 0 6 0 0 0 2 0 0 0 4 0 0 0 6 1 0 0 6 0 3 1 0 0 4 0 1 0 5 1 0 1 0 0 6 0 2 0 6 0 7 0 4 0 6 0 6 0 5 0 2 0 7 0 1 0 3 0 6 1 0 0 1 0 6 0 5 0 6 0 7 0 6 0 1 0 6 0 2 0 0 0 1 0 1 0 6 0 1 0 1 0 3 0 4 0 2 0 2 0 3 0 7 0 3 1 0 0 2 0 0 0 0 1 0 0 5 0 0 0 0 0 7 0 7 0 7 0 4 0 2 0 4 1 0 0 3 0 4 0 4 0 2 0 5 0 3 0 5 0 7 0 5 1 0 0 4 0 7 0 6 0 4 0 4 0 3 0 1 1 0 0 0 0 5 0 3 0 4 1 0 0 3 0 1 0 4 0 5 0 6 0 5 0 7 0 3 0 3 0 2 0 6 0 2 0 3 0 3 0 6 1 0 0 0 0 7 0 3 0 0 1 0 0 4 1 0 0 0 0 4 1 0 0 2 0 0 0 4 0 0 0 2 0 4 0 0 0 7 0 5 0 4 1 0 0 0 0 0 0 2 0 1 0 6 0 4 0 3 0 6 0 3 0 2 0 5 0 5 0 2 0 3 0 2 0 7 0 4 1 0 0 1 1 0 0 4 0 4 0 2 0 3 0 7 0 0 0 3 0 1 1 0 0 4 0 1 0 3 0 1 1 0 0 7 0 6 0 0 0 2 0 1 0 5 0 2 0 5 0 4 0 1 0 3 0 2 0 6
1 419 2 0 6 0 1 1 0 0 5 0 4 1 0 0 6 0 3 0 7 0 3 0 5 0 1 0 7 0 6 0 2 0 2 0 5 0 3 0 2 0 3 0 2 0 5 0 1 0 3 0 3 0 3 1 0 0 2 0 3 0 1 0 0 0 0 0 0 0 3 0 4 0 3 0 1 0 4 0 0 1 0 0 2 0 5 0 0 0 3 1 0 1 0 1 0 0 4 0 3 0 0 1 0 0 3 0 6 0 4 0 7 0 1 0 5 0 5 0 2 0 6 0 5 0 3 0 7 0 4 1 0 0 3 0 4 0 3 0 5 0 7 0 4 0 4 0 3 0 5 0 0 0 2 0 3 0 3 0 3 0 2 0 6 1 0 0 5 0 4 0 7 0 5 1 0 1 0 0 4 0 0 0 1 1 0 0 1 0 1 0 1 0 6 0 7 0 7 0 0 0 6 0 0 1 0 0 7 0 0 0 0 0 6 0 1 1 0 0 3 0 7 0 4 0 0 0 0 0 7 0 5 0 1 0 0 0 7 0 3 0 7 0 0 0 1 1 0 0 1 1 0 0 6 0 3 0 0 0 3 0 5 0 3 0 6 0 7 0 6 0 5 0 3 0 5 0 6 0 7 0 4 1 0 0 1 0 5 0 7 0 1 1 0 0 0 1 0 0 1 0 0 1 0 0 4 0 0 1 0 0 1 0 4 1 0 0 2 0 6 0 3 0 1 1 0 0 0 0 0 0 4 0 3 0 4 0 0 1 0 0 4 0 7 0 5 0 2 0 2 0 5 0 6 0 5 0 6 0 1 1 0 0 3 1 0 0 0 0 0 0 5 0 7 0 5 0 1 0 6 0 3 0 7 0 7 0 2 0 6 0 3 1 0 0 6 0 4 0 1 0 4 0 3 0 1 0 6 0 2 0 0 0 3 0 6 0 5 0 4
0 419 5 0 3 0 4 1 0 0 2 0 2 0 0 0 3 1 0 0 6 1 0 0 2 0 4 0 6 0 4 0 5 0 5 0 1 0 7 0 4 0 6 0 5 0 1 0 3 0 6 0 6 0 7 0 7 0 3 0 6 0 2 0 0 0 0 0 0 0 6 1 0 0 7 0 2 1 0 0 2 0 7 0 4 0 1 0 1 1 0 0 0 1 0 0 7 0 7 0 6 0 1 0 7 0 6 0 4 0 1 0 6 0 4 0 2 0 2 0 6 0 4 0 2 1 0 0 7 0 1 1 0 0 6 1 0 1 0 0 3 0 7 0 1 0 0 1 0 0 2 0 1 0 4 0 6 0 6 0 6 0 5 0 5 0 0 0 2 0 1 0 7 0 4 0 0 0 7 0 7 0 0 0 3 0 7 0 1 0 2 0 3 0 4 0 7 0 6 0 2 0 3 0 2 1 0 0 5 0 1 0 1 0 3 0 4 0 7 0 6 0 6 0 0 0 1 0 1 0 6 0 2 0 3 0 1 0 5 1 0 0 6 0 1 0 3 0 7 0 2 1 0 0 3 0 7 0 0 0 7 0 1 1 0 0 5 0 7 0 5 0 2 1 0 0 3 0 5 0 7 0 1 1 0 0 3 0 2 0 6 0 4 0 7 0 0 0 7 0 1 0 1 0 7 0 7 0 1 0 7 0 2 0 0 1 0 0 5 0 3 0 7 0 3 0 6 1 0 0 0 1 0 1 0 0 0 0 2 1 0 0 0 0 7 0 2 0 5 0 5 0 2 0 5 0 3 0 4 0 4 0 7 0 6 0 6 1 0 0 1 0 2 0 7 0 2 0 4 0 3 1 0 0 7 0 6 0 6 0 4 0 0 0 0 0 4 0 0 0 3 1 0 0 7 0 3 0 3 0 5 0 0 0 7 0 4 0 3 0 1
0 421 1 0 1 1 0 0 1 1 0 0 4 0 4 0 0 1 0 0 0 0 4 1 0 0 5 0 0 0 5 0 1 0 3 0 2 0 4 0 6 0 1 0 5 0 2 0 3 0 7 0 4 0 5 0 7 0 6 1 0 0 4 0 5 0 0 0 0 0 1 0 5 0 0 0 5 0 6 0 7 0 4 0 6 0 0 0 3 0 3 0 7 0 0 1 0 0 6 0 7 0 4 0 4 0 6 0 5 0 0 0 4 0 4 0 0 0 5 0 5 0 4 0 0 0 6 1 0 0 5 0 4 1 0 0 5 0 0 0 7 0 6 0 5 0 3 0 1 0 7 0 3 0 3 0 0 0 5 0 5 0 5 0 3 0 2 0 1 0 4 0 3 0 6 0 0 0 2 0 6 0 6 0 1 0 7 0 5 0 3 0 4 0 7 0 0 0 7 0 4 0 5 0 6 0 5 1 0 0 1 0 3 0 2 0 7 0 0 0 7 0 5 0 4 0 1 0 2 0 3 0 3 0 5 0 6 0 3 0 3 0 0 0 3 0 3 0 7 0 5 0 6 0 7 0 6 0 5 0 2 0 5 0 4 1 0 0 2 0 7 0 2 0 6 0 7 0 6 0 2 0 6 0 4 0 7 0 5 0 5 0 4 0 1 0 6 0 2 0 5 0 3 0 3 0 6 0 6 0 4 0 5 0 5 0 1 1 0 0 1 1 0 0 6 1 0 0 5 1 0 0 1 1 0 0 6 1 0 0 5 0 7 0 0 0 5 0 6 0 2 0 2 0 6 0 1 1 0 0 1 0 1 0 7 0 5 0 5 1 0 0 2 0 5 0 5 0 6 0 0 0 0 0 0 0 6 0 5 0 5 0 0 0 1 0 0 1 0 0 1 1 0 0 0 0 5 0 7 0 7 0 1 0 2 0 6 0 0 0 7 0 2
1 421 2 0 3 0 7 0 2 1 0 0 0 0 0 0 2 0 7 0 0 0 1 0 0 0 1 0 2 0 1 0 3 0 6 0 5 0 0 0 4 0 4 0 1 0 5 0 7 0 6 0 1 0 3 0 7 0 6 0 0 0 0 0 2 0 1 0 0 0 3 0 1 0 2 0 2 0 5 0 7 0 1 0 4 0 1 0 6 0 7 0 5 0 2 1 0 0 4 0 7 0 1 0 1 0 5 0 2 0 2 0 0 0 0 0 2 0 2 0 3 0 0 0 2 0 5 0 0 0 2 0 2 0 0 0 1 0 2 0 6 0 5 0 2 0 7 0 3 0 5 0 7 0 6 0 1 0 2 0 3 0 2 0 7 0 4 0 2 1 0 1 0 0 4 0 1 0 5 0 4 0 4 0 4 0 6 0 2 1 0 0 1 0 6 0 2 0 6 0 1 0 3 0 5 0 3 1 0 0 2 0 6 0 5 0 5 0 2 0 6 0 3 0 0 0 3 0 4 0 6 0 7 0 2 0 4 0 7 0 6 0 0 0 6 0 7 0 6 0 3 0 5 0 7 0 5 0 2 0 6 0 2 0 1 1 0 0 5 0 5 0 6 0 4 0 7 0 4 0 6 0 4 0 1 0 7 0 3 0 3 0 0 0 4 0 3 0 6 0 1 0 7 0 7 0 4 0 5 0 1 0 3 0 2 0 4 0 7 0 2 1 0 0 5 0 0 0 2 1 0 0 3 1 0 0 5 0 0 0 2 0 6 0 2 0 2 0 4 0 5 0 5 0 3 0 4 0 7 0 1 0 3 0 6 0 3 0 3 1 0 0 5 0 2 0 3 0 4 0 1 0 0 0 1 0 4 0 3 0 2 0 1 0 2 0 1 0 7 0 2 0 7 0 0 0 2 0 7 0 6 0 3 0 5 0 3 0 2 0 5 0 5
0 421 4 0 7 0 5 0 6 0 6 1 0 0 0 0 5 0 5 0 1 0 2 0 0 0 2 0 4 0 2 0 7 0 4 0 2 0 2 0 0 0 0 0 4 0 2 0 7 0 4 0 3 0 7 0 6 0 4 0 1 0 0 0 4 0 2 0 0 0 6 0 2 0 4 0 5 0 2 0 6 0 3 1 0 0 4 0 4 0 7 0 2 0 6 1 0 0 0 0 6 0 3 0 3 0 1 0 5 0 4 0 0 0 0 0 4 0 4 0 6 0 0 0 5 0 1 0 1 0 4 0 4 0 0 0 2 0 5 0 4 0 2 0 6 0 5 1 0 0 3 0 7 0 4 0 3 0 4 0 6 0 5 0 6 0 0 0 6 1 0 0 7 0 7 0 3 0 2 0 1 0 1 0 1 0 4 0 6 0 7 0 2 0 3 0 6 0 3 0 3 0 7 0 1 1 0 1 0 0 5 0 4 0 3 0 2 0 6 0 3 0 7 0 0 0 7 0 0 0 5 0 6 0 6 0 0 0 7 0 4 0 2 0 4 0 7 0 4 1 0 0 3 0 7 0 2 0 6 0 3 0 5 0 3 1 0 0 2 0 3 0 5 0 1 0 7 0 1 0 5 0 0 0 4 0 5 0 7 0 6 0 0 1 0 1 0 0 4 0 4 0 6 0 7 0 1 0 2 0 3 0 6 0 5 0 0 0 6 0 6 1 0 0 1 0 1 0 5 0 7 0 6 1 0 0 1 0 1 0 5 0 3 0 5 0 5 0 0 0 3 0 2 1 0 0 1 0 6 0 3 0 7 0 3 1 0 0 0 0 0 0 1 0 5 0 6 1 0 0 3 0 0 0 2 1 0 0 7 0 4 0 2 0 4 0 3 0 5 0 6 0 5 0 1 0 5 0 6 0 4 1 0 0 2 0 7 0 5 0 2 0 3
1 423 1 0 0 0 7 0 3 0 5 0 5 1 0 0 1 0 2 0 2 0 3 0 4 0 0 0 4 1 0 0 6 0 6 0 0 0 5 0 4 0 0 0 0 1 0 0 6 0 6 0 0 1 0 0 7 0 5 0 0 0 3 0 0 1 0 0 5 0 1 0 3 0 6 0 0 0 2 0 6 0 4 0 0 0 0 0 0 0 1 0 6 0 6 0 4 1 0 0 1 0 3 0 7 0 6 0 3 0 2 0 0 0 1 0 1 0 0 0 1 0 4 0 2 0 1 0 3 0 3 0 0 0 0 0 1 0 5 0 2 0 0 0 6 0 4 0 3 1 0 0 7 0 6 0 0 1 0 0 1 0 5 0 3 0 4 0 2 0 5 0 0 0 6 0 6 0 7 0 4 0 2 0 2 0 3 0 0 0 5 0 6 0 5 0 7 0 3 0 7 0 7 0 5 0 4 1 0 1 0 0 2 0 0 0 7 0 5 0 3 1 0 0 6 0 2 0 5 0 2 0 2 0 5 0 4 0 2 0 6 0 0 0 6 0 0 0 7 0 1 1 0 0 7 0 5 0 6 0 3 1 0 0 2 1 0 1 0 0 4 0 7 0 1 0 4 0 5 0 4 0 1 0 2 0 0 0 3 0 7 0 4 0 2 1 0 1 0 0 0 0 1 0 5 0 6 0 3 0 4 0 7 0 4 0 2 0 2 0 4 0 5 1 0 0 2 0 3 0 2 0 7 0 5 1 0 0 2 0 3 0 1 1 0 0 3 0 2 0 1 0 6 0 5 0 7 0 2 0 3 1 0 0 6 1 0 1 0 0 0 0 0 0 3 0 2 0 5 1 0 0 6 0 0 0 5 1 0 0 6 0 0 0 5 1 0 1 0 0 3 0 5 0 2 0 4 0 2 0 5 0 1 1 0 0 5 0 6 0 2 0 5 0 6
1 423 2 0 1 0 5 1 0 0 3 0 3 1 0 0 2 0 4 0 4 0 6 1 0 0 2 0 1 0 0 0 4 0 4 0 2 0 2 0 0 0 1 0 1 1 0 0 4 0 4 0 2 1 0 0 6 0 2 0 1 0 6 0 1 1 0 0 1 0 3 0 7 0 3 0 1 0 5 0 4 0 0 0 1 0 0 0 0 0 3 0 4 0 5 0 1 1 0 0 2 0 7 0 6 0 4 0 7 0 4 0 0 0 2 0 2 0 0 0 2 1 0 0 5 0 2 0 6 0 6 0 0 0 0 0 3 0 1 0 5 0 1 0 4 0 1 0 0 0 0 0 6 0 4 0 2 0 7 0 2 0 1 1 0 0 0 0 6 0 1 0 2 0 4 0 5 0 7 0 0 0 5 0 4 0 6 0 1 0 2 0 5 0 3 0 6 1 0 0 7 0 7 0 3 0 2 0 0 0 7 0 3 0 1 0 6 0 3 0 0 0 0 0 3 0 6 0 1 0 5 0 5 0 2 0 0 0 6 0 3 0 2 0 3 0 2 0 5 0 4 1 0 0 6 0 3 0 4 1 0 1 0 0 5 1 0 1 0 0 0 0 6 0 4 0 0 0 3 0 0 0 3 0 4 0 0 0 7 0 6 0 0 0 6 1 0 0 6 1 0 0 3 0 2 0 4 1 0 0 1 0 7 0 0 0 5 0 5 0 0 0 3 1 0 0 4 0 6 0 5 0 6 0 3 1 0 0 4 0 6 0 3 0 7 0 5 0 4 0 3 0 4 0 3 0 6 0 5 1 0 0 0 0 5 0 0 0 6 1 0 0 0 0 6 0 5 0 3 0 0 0 3 0 2 0 3 0 0 0 3 0 2 0 3 0 0 0 7 0 6 0 1 0 5 1 0 0 6 0 1 0 4 1 0 0 2 0 4 0 6 0 2 0 5
0 423 4 0 3 0 2 1 0 0 6 0 7 0 7 0 4 0 0 0 1 0 5 1 0 0 4 0 2 0 1 0 0 0 0 0 5 0 4 0 0 0 2 0 3 1 0 0 0 0 0 0 6 1 0 0 3 0 5 0 3 0 3 0 4 0 7 0 1 0 7 0 5 0 7 0 3 0 2 0 0 0 1 0 2 0 0 0 0 0 7 0 0 0 2 0 4 0 7 0 4 0 6 0 5 0 1 0 7 0 0 0 1 0 4 0 4 0 0 0 5 1 0 0 1 0 6 0 4 0 4 0 1 0 0 0 6 0 3 0 1 0 3 1 0 0 3 0 0 0 1 0 4 0 0 0 6 0 5 0 5 0 3 0 7 0 0 0 3 0 3 0 5 0 0 0 3 0 6 0 2 0 2 0 1 0 4 0 3 0 5 0 1 1 0 0 6 0 0 0 6 0 6 0 7 0 4 0 1 0 5 0 7 0 3 0 3 0 7 0 0 0 0 0 7 0 3 0 4 0 2 0 2 0 5 0 1 0 3 0 7 0 4 0 6 0 5 0 2 0 2 0 0 0 3 1 0 0 2 0 0 1 0 0 3 0 0 0 7 0 0 0 4 0 0 0 1 0 6 0 0 0 6 1 0 0 2 0 6 0 4 0 2 0 5 0 0 0 4 1 0 0 6 0 5 0 0 1 0 0 3 0 5 0 2 0 2 0 2 0 1 1 0 0 0 0 0 0 5 0 3 0 5 0 0 0 0 0 0 0 4 1 0 0 7 0 3 0 0 1 0 0 0 1 0 0 5 0 3 1 0 0 1 0 1 0 2 0 4 1 0 0 1 0 4 0 2 0 7 0 0 0 6 0 4 0 6 0 0 0 6 0 4 0 6 0 1 0 6 0 4 0 4 0 3 0 0 0 3 0 4 0 0 1 0 0 5 0 0 0 4 0 6 0 2
1 424 1 0 0 7 0 5 1 0 0 4 0 7 0 7 0 0 0 1 0 3 0 2 1 0 1 0 0 5 0 2 0 0 0 1 0 2 0 0 0 1 0 4 0 7 0 6 1 0 0 1 0 4 1 0 0 7 0 1 0 7 0 7 0 0 0 6 0 4 0 6 0 3 0 6 0 7 0 4 0 0 0 2 0 4 0 0 0 1 0 5 0 1 0 5 0 0 0 7 0 1 0 5 0 2 0 4 0 5 0 1 0 3 0 0 0 0 0 2 0 2 1 0 0 3 0 4 0 1 0 0 0 3 0 1 0 3 0 7 0 2 0 7 0 7 0 5 0 0 0 2 1 0 0 2 0 4 0 3 0 2 1 0 0 6 0 1 0 6 0 7 0 1 0 1 0 7 0 3 0 5 0 4 0 2 1 0 1 0 0 2 0 4 1 0 0 3 0 2 0 4 0 5 0 7 0 0 0 4 0 2 0 6 0 7 0 7 0 5 0 1 0 1 0 5 1 0 0 0 0 5 0 5 0 1 0 3 0 7 0 6 0 1 0 5 0 2 0 5 0 4 0 0 0 7 0 7 0 3 0 1 0 7 0 5 0 1 0 5 0 1 1 0 0 1 0 3 0 3 0 2 0 4 1 0 0 5 0 4 0 0 0 6 0 1 0 2 0 1 0 0 0 4 0 2 0 2 0 7 0 6 0 1 0 5 0 4 0 4 0 3 0 6 1 0 0 1 0 1 1 0 0 2 0 1 0 0 0 1 0 1 0 0 0 5 0 7 0 1 0 7 0 0 1 0 0 1 1 0 1 0 0 2 0 2 0 5 0 0 1 0 0 2 1 0 0 6 0 5 0 2 0 4 0 1 0 4 0 2 0 4 0 1 0 4 0 4 0 4 0 1 0 0 0 7 0 0 0 6 1 0 0 2 1 0 0 1 0 2 0 0 0 4 0 5
0 425 1 1 0 0 6 0 4 0 0 0 0 0 7 0 6 0 1 0 2 0 6 0 5 1 0 1 0 0 1 0 5 0 0 0 2 0 4 0 0 0 3 0 0 0 7 0 5 1 0 0 3 0 1 0 0 0 5 0 4 0 6 0 6 0 2 0 4 0 1 0 4 1 0 0 5 0 7 0 0 0 1 0 4 1 0 0 1 0 3 0 1 0 4 0 1 0 2 0 5 0 4 0 1 0 6 0 0 0 2 0 3 0 6 0 0 0 0 0 4 0 5 0 7 0 5 1 0 0 3 0 0 0 6 0 2 0 7 0 5 0 6 0 6 0 7 0 2 0 1 0 5 0 7 0 3 1 0 0 7 0 5 1 0 0 3 0 4 0 4 0 6 0 3 0 3 0 5 1 0 0 3 0 0 0 6 1 0 0 7 0 4 0 0 1 0 0 6 0 5 0 0 0 3 0 6 0 1 1 0 0 6 0 4 0 7 0 7 0 2 0 3 0 3 0 2 1 0 0 1 0 2 0 2 0 3 0 7 0 6 0 4 0 4 0 1 0 6 0 2 0 0 0 2 0 6 0 6 0 7 0 3 0 6 0 2 0 4 0 1 0 4 0 7 0 1 0 6 0 6 0 5 0 1 0 0 0 2 0 0 0 2 0 3 0 3 0 4 0 2 0 0 1 0 0 5 0 5 0 6 0 4 0 4 0 2 0 1 0 0 1 0 0 5 1 0 0 2 0 3 0 7 0 3 0 2 0 0 0 2 0 2 0 1 0 2 0 6 0 4 0 5 0 2 0 7 0 2 1 0 0 7 0 3 0 5 0 1 0 2 0 7 0 4 1 0 0 4 0 2 0 5 1 0 0 3 1 0 0 5 1 0 0 4 0 0 0 1 0 0 0 3 0 1 0 5 0 2 0 4 1 0 0 5 0 7 0 1 0 4 0 1 0 0 0 3
1 425 3 1 0 0 4 0 0 0 1 0 1 0 6 0 4 0 3 0 5 0 4 0 4 0 0 0 7 0 2 0 1 0 1 0 4 1 0 0 1 0 6 0 1 0 6 0 3 1 0 0 6 0 2 0 1 0 2 0 1 0 5 0 4 0 5 1 0 0 4 0 1 0 0 0 2 0 6 0 1 0 3 0 0 1 0 0 2 0 6 0 2 1 0 0 3 0 5 0 2 0 0 0 4 0 3 0 1 0 4 0 7 0 3 0 1 0 1 0 0 0 3 0 7 0 3 1 0 0 6 0 1 0 3 0 6 0 6 0 3 0 5 0 5 0 6 0 5 0 3 0 2 0 7 0 0 0 0 0 6 0 3 1 0 0 7 0 0 0 1 0 4 0 7 0 7 0 2 1 0 0 6 0 1 0 5 0 0 0 6 0 0 0 2 1 0 0 4 0 2 0 1 0 7 0 3 0 4 1 0 0 4 0 1 0 7 0 6 0 5 0 6 0 6 0 5 0 7 0 1 0 4 0 4 0 7 0 6 0 5 0 1 0 0 0 4 0 3 0 5 0 0 0 5 0 4 0 5 0 6 1 0 0 4 0 5 1 0 0 4 0 0 0 6 0 4 0 4 0 5 0 2 0 3 0 0 0 4 0 0 0 4 0 6 0 6 1 0 0 5 0 1 1 0 0 2 0 3 0 5 0 1 0 0 0 5 0 2 0 1 1 0 0 2 1 0 0 4 0 7 0 5 0 7 0 4 0 0 0 4 0 4 0 2 0 5 0 4 0 1 0 2 0 6 0 5 0 6 1 0 0 5 1 0 0 2 0 3 0 5 0 6 0 1 1 0 1 0 0 6 0 2 1 0 1 0 0 0 0 2 1 0 1 0 0 1 0 2 0 0 0 6 0 3 0 1 0 6 0 1 0 0 0 2 0 6 0 3 1 0 0 3 0 0 0 6
1 425 7 0 7 0 7 0 0 0 2 0 3 0 4 0 0 1 0 0 3 0 1 0 0 0 2 0 5 0 5 0 2 0 3 0 0 1 0 0 3 0 3 0 4 0 4 0 0 0 0 0 3 0 5 0 2 0 4 0 3 0 2 0 1 0 3 1 0 1 0 0 3 0 0 0 5 0 3 0 3 0 6 0 1 0 7 0 4 0 3 0 6 0 7 0 6 0 1 0 5 0 0 1 0 0 7 0 3 0 0 0 6 0 7 0 2 0 2 0 0 0 7 0 6 0 0 0 0 0 3 0 3 0 7 0 4 0 4 1 0 0 3 0 3 0 5 0 2 0 7 0 5 0 5 0 1 0 1 0 4 0 0 0 0 0 5 0 1 0 3 0 0 0 7 0 6 0 6 1 0 0 3 0 4 0 1 0 2 0 3 0 1 0 5 0 7 0 7 0 4 0 3 0 5 1 0 0 1 1 0 1 0 0 4 0 6 0 5 0 3 0 5 0 5 0 3 0 6 0 4 0 0 0 1 0 7 0 5 0 2 0 3 0 0 1 0 1 0 0 2 0 2 0 2 0 1 0 3 0 6 0 0 0 0 0 3 1 0 1 0 0 2 0 4 0 1 0 1 0 2 0 5 0 6 0 0 1 0 0 2 0 0 0 5 0 6 0 0 0 1 0 4 0 7 0 3 0 7 0 1 0 3 0 1 0 1 0 5 0 3 0 7 0 4 1 0 0 0 0 7 0 3 0 7 0 0 0 2 0 0 0 0 0 6 0 2 0 0 0 3 0 5 0 4 0 3 0 6 0 0 0 2 1 0 0 4 0 7 0 2 0 4 0 4 1 0 1 0 0 3 0 6 1 0 0 6 1 0 0 5 1 0 0 7 0 1 0 4 0 1 0 3 0 7 0 3 0 3 0 3 0 0 0 5 0 3 1 0 1 0 0 6 0 1 0 4
0 427 1 0 6 0 7 0 6 0 1 0 4 0 6 1 0 0 2 0 7 0 5 0 2 0 0 0 5 0 2 0 2 0 5 0 6 0 1 0 7 0 5 0 7 0 0 0 0 0 1 0 0 0 7 0 1 0 5 1 0 0 7 0 4 0 2 1 0 0 0 0 7 0 5 0 1 0 1 0 7 0 7 0 3 0 4 0 6 0 0 1 0 0 5 0 7 0 4 0 4 0 1 0 2 1 0 0 5 0 7 0 1 0 4 0 6 0 5 0 4 0 1 0 6 0 4 0 1 0 0 0 6 0 7 0 6 0 1 0 1 1 0 0 6 0 7 0 1 0 6 0 6 0 3 0 2 0 3 0 2 1 0 0 1 0 1 0 1 0 3 0 6 0 1 0 6 0 5 0 5 1 0 0 6 1 0 0 3 0 4 0 6 0 3 0 2 0 7 0 7 0 0 1 0 0 3 1 0 0 3 1 0 1 0 0 0 0 5 0 2 1 0 0 3 0 2 1 0 0 5 0 0 0 1 0 3 0 6 0 2 0 5 0 6 0 1 1 0 0 7 0 3 0 4 0 4 0 2 0 7 0 3 0 1 0 0 1 0 0 0 0 7 0 3 1 0 0 3 0 2 0 5 0 2 0 4 0 2 0 7 0 3 0 1 0 2 0 4 0 1 0 3 0 0 0 6 1 0 0 6 0 3 0 6 0 2 0 3 0 1 1 0 0 7 0 1 1 0 0 1 0 5 1 0 0 6 0 1 0 4 0 0 0 1 0 3 0 5 0 0 0 7 0 2 0 0 1 0 0 4 0 1 0 5 1 0 0 0 0 6 0 6 0 0 0 2 0 0 0 7 0 6 0 5 0 0 0 5 0 0 0 3 0 0 0 5 0 3 1 0 0 3 0 7 0 5 0 7 0 6 0 6 0 1 0 2 0 0 0 0 1 0 0 3 0 4 0 0
0 427 3 0 4 0 7 0 4 0 4 0 0 0 5 1 0 0 5 0 6 0 2 0 5 0 1 0 1 0 5 0 5 0 2 0 4 0 4 0 6 0 3 0 6 0 1 0 0 0 2 0 1 0 5 0 4 0 3 0 0 0 6 0 0 0 6 0 7 0 0 0 6 0 2 0 3 0 3 0 6 0 6 1 0 0 1 0 4 0 2 1 0 0 2 0 7 0 1 0 0 0 3 0 5 1 0 0 2 0 6 0 4 0 0 0 5 0 3 0 0 0 4 0 4 0 0 0 3 0 1 0 4 0 7 0 4 0 3 0 3 1 0 0 4 0 6 0 4 0 4 0 4 0 7 0 4 0 6 0 5 0 7 0 1 0 2 0 2 0 7 0 3 0 4 0 4 0 3 0 4 0 0 0 4 1 0 0 7 0 0 0 4 0 7 0 5 0 6 0 6 0 2 0 7 0 6 0 7 0 6 1 0 0 7 0 0 0 1 0 6 0 7 0 5 0 5 1 0 0 1 0 1 0 2 0 7 0 3 0 6 0 2 0 4 0 4 1 0 0 5 1 0 0 1 0 0 0 6 0 5 0 7 0 2 0 1 0 7 0 0 0 5 1 0 1 0 0 6 0 5 0 1 0 5 1 0 0 6 0 5 0 7 0 2 0 4 1 0 0 3 0 6 0 1 0 5 0 0 0 3 1 0 0 4 0 5 0 6 0 3 1 0 0 5 0 4 0 7 0 2 0 3 0 0 0 3 0 3 1 0 0 1 0 2 0 7 0 1 0 2 0 5 0 5 0 1 0 7 0 7 0 3 0 2 1 0 0 1 0 4 0 4 0 1 0 4 0 1 0 6 0 5 0 2 0 2 0 1 0 1 0 6 0 1 0 1 1 0 1 0 0 7 0 6 0 3 0 7 0 5 0 4 0 3 0 4 0 0 0 1 0 7 0 5 1 0 0 1
0 427 7 0 0 0 7 0 1 0 0 0 2 0 3 0 0 0 2 0 4 0 6 0 1 0 3 0 3 0 2 0 2 0 6 0 0 0 1 0 4 1 0 0 4 0 3 0 0 0 4 0 3 0 2 0 0 0 7 0 1 0 3 0 2 0 4 0 6 0 2 0 3 0 5 0 6 0 7 0 4 0 5 1 0 0 2 1 0 0 6 0 7 0 4 0 5 0 3 0 0 0 7 0 2 1 0 0 5 0 4 0 0 0 2 0 1 0 7 0 1 0 0 0 0 0 1 0 6 0 3 0 0 0 7 0 0 1 0 0 0 0 0 0 0 0 5 0 1 0 1 0 1 0 7 0 1 0 5 0 3 0 6 0 3 0 4 0 5 0 5 1 0 0 1 0 0 1 0 0 0 0 2 0 1 0 0 0 5 0 2 0 0 0 7 0 3 0 5 0 4 0 6 0 6 0 5 0 7 0 6 0 0 0 5 0 1 0 3 0 4 0 7 0 3 0 3 1 0 0 2 0 2 0 5 0 5 1 0 0 4 0 6 0 0 0 2 0 0 0 2 1 0 0 2 0 1 0 4 0 3 0 6 0 5 0 3 0 5 0 2 0 3 0 0 1 0 0 4 0 2 0 4 0 3 0 0 0 4 0 3 0 6 0 6 0 0 1 0 0 7 0 3 0 4 0 1 0 1 1 0 0 0 0 0 0 3 0 5 0 0 0 0 0 2 0 1 0 6 0 5 0 6 0 0 0 6 0 7 0 7 0 1 0 5 0 5 0 3 0 5 0 2 0 2 0 4 0 6 0 6 0 7 0 5 0 7 0 2 0 0 0 0 0 3 1 0 0 4 0 4 0 2 0 5 0 4 0 2 0 3 0 3 0 3 0 3 1 0 1 0 0 6 0 4 1 0 0 7 0 3 0 0 1 0 0 0 0 1 0 3 0 6 0 3 1 0 0 2
0 429 1 0 5 0 2 0 5 0 3 0 0 0 4 0 6 0 0 0 5 0 0 0 4 0 3 0 6 0 6 0 4 0 5 0 3 0 1 0 3 0 0 1 0 1 0 0 7 0 0 1 0 0 7 0 4 0 1 0 5 0 3 0 6 0 5 0 0 0 4 0 5 0 7 0 2 0 5 0 7 0 1 0 3 1 0 0 5 1 0 0 4 0 7 0 1 0 2 0 7 0 1 0 5 0 6 1 0 0 2 0 0 0 1 0 4 0 3 0 5 0 3 0 0 0 0 0 3 0 3 0 7 0 1 0 5 0 2 0 6 1 0 0 0 0 1 0 1 0 3 0 2 0 3 0 5 0 4 0 1 1 0 0 4 1 0 0 1 0 3 0 3 1 0 0 2 0 1 0 6 1 0 0 4 0 2 0 1 0 1 0 5 0 1 0 5 1 0 0 3 0 1 0 5 0 5 0 3 0 7 0 4 0 2 0 1 0 3 0 7 0 0 0 6 0 7 0 7 0 7 0 3 0 5 0 2 0 4 0 0 0 0 0 4 0 1 0 4 0 0 0 5 0 7 0 3 0 2 1 0 1 0 0 5 0 2 1 0 0 2 0 5 0 6 0 1 0 7 0 7 0 4 1 0 0 7 0 0 1 0 1 0 0 5 0 4 0 2 1 0 0 5 1 0 0 0 0 3 0 3 0 6 1 0 0 0 0 7 0 1 0 1 0 0 0 4 0 3 0 4 0 3 0 4 0 2 0 4 0 7 0 6 0 4 0 2 0 2 1 0 0 2 0 5 0 5 0 0 0 5 0 5 0 7 0 3 0 6 0 5 0 0 0 0 1 0 0 0 0 0 0 0 0 6 0 2 0 0 0 5 0 6 0 6 0 6 1 0 0 0 1 0 0 4 0 2 0 0 0 5 0 7 0 1 0 6 1 0 0 2 0 7 0 3 1 0 1 0 0 4
1 429 3 0 1 0 6 0 1 0 7 0 1 0 0 0 4 0 2 0 1 0 1 1 0 1 0 0 5 0 5 0 1 0 2 0 7 0 2 0 6 0 1 1 0 1 0 0 5 0 2 1 0 0 6 0 0 0 4 0 1 1 0 0 5 0 2 0 2 0 0 0 3 0 6 0 6 0 2 0 6 0 3 1 0 0 0 0 3 0 0 0 0 0 6 0 3 0 5 0 5 0 4 0 2 0 5 1 0 0 4 0 0 0 2 1 0 1 0 0 2 0 7 0 0 0 0 0 6 0 7 0 5 0 4 0 1 0 6 0 4 1 0 0 0 0 2 0 2 0 6 0 4 0 7 0 2 0 0 0 4 1 0 0 0 1 0 0 2 0 6 0 7 0 7 0 3 0 3 0 4 1 0 1 0 0 5 0 2 0 3 0 1 0 4 0 2 1 0 0 6 0 3 0 2 0 2 1 0 0 7 0 0 0 5 0 2 0 7 0 5 0 2 0 4 0 7 0 7 0 6 1 0 0 2 0 5 1 0 0 1 0 0 1 0 0 3 1 0 0 2 0 2 0 6 0 7 0 5 1 0 1 0 0 1 0 6 0 7 0 4 0 2 0 4 0 4 0 6 0 7 0 2 0 0 0 5 0 2 1 0 1 0 0 2 0 0 0 6 1 0 0 2 1 0 0 0 0 6 0 7 0 4 1 0 0 1 0 5 0 3 0 2 0 0 1 0 1 0 0 0 1 0 0 0 0 6 0 0 0 7 0 5 0 0 0 5 0 5 0 7 0 4 0 2 0 2 0 2 0 2 0 3 0 6 1 0 0 5 0 2 0 1 0 1 0 6 1 0 0 0 0 1 0 3 0 5 0 1 0 2 0 5 0 5 0 5 1 0 0 1 0 7 0 7 0 4 0 1 0 2 0 6 0 4 0 4 1 0 0 5 0 6 0 0 0 0 1 0 0 0
1 429 6 0 3 0 3 0 4 0 5 0 3 0 0 1 0 0 5 0 2 0 3 1 0 1 0 0 2 0 2 0 3 0 5 0 5 0 6 0 3 0 4 1 0 1 0 0 1 0 6 1 0 0 3 0 1 1 0 0 4 1 0 0 1 0 5 0 4 0 0 0 7 0 4 0 4 0 6 0 3 1 0 1 0 0 0 0 6 0 0 0 1 0 3 1 0 0 3 0 3 0 0 0 6 0 2 1 0 1 0 0 1 0 5 1 0 0 7 0 4 0 5 0 1 0 1 0 4 0 7 0 3 0 0 0 4 0 4 0 1 1 0 0 0 0 4 0 5 0 4 0 1 0 6 0 5 0 1 0 0 1 0 0 1 0 7 0 4 0 4 0 7 0 6 0 7 0 7 0 1 0 0 1 0 0 1 0 5 0 6 0 2 1 0 0 6 1 0 0 3 0 7 0 4 0 5 1 0 0 5 0 2 0 1 0 6 0 6 0 2 0 6 0 0 0 7 0 7 0 5 1 0 0 5 0 2 1 0 0 2 0 1 0 7 0 6 0 7 0 3 0 5 0 4 0 7 0 4 0 0 0 7 0 2 0 4 0 7 0 0 0 6 0 0 0 1 0 5 0 6 0 5 0 1 0 1 0 6 1 0 0 7 0 3 0 1 0 4 1 0 0 5 0 7 0 0 0 4 0 7 0 1 1 0 0 3 0 1 0 7 0 4 0 1 1 0 0 7 0 0 0 7 0 0 0 3 0 2 0 6 0 2 0 2 0 2 0 3 0 7 0 0 0 5 0 4 0 4 0 4 0 7 0 5 0 0 0 1 0 5 0 2 0 3 0 4 1 0 0 0 0 2 0 7 0 1 0 3 0 5 0 2 0 3 0 3 1 0 0 3 0 6 0 7 0 0 0 3 0 5 0 4 0 1 0 2 0 0 0 2 0 4 0 1 0 1 0 6 1 0
1 431 1 0 3 0 7 0 7 0 0 0 2 0 7 0 1 1 0 0 1 0 5 1 0 0 0 0 7 0 3 0 4 0 7 0 2 0 3 0 4 1 0 0 2 0 0 0 7 0 2 0 4 1 0 0 6 0 3 1 0 0 0 1 0 0 3 0 2 0 0 0 2 0 6 0 1 0 1 0 5 0 0 0 0 0 7 0 0 0 3 0 1 0 2 0 7 0 7 0 5 0 6 0 1 0 3 0 6 1 0 0 7 0 2 0 3 0 0 0 6 0 1 0 2 0 3 0 3 0 0 0 6 0 7 0 1 0 0 0 0 0 4 0 7 0 0 0 0 0 3 0 0 0 4 0 4 0 2 0 3 0 1 0 7 0 2 0 6 0 1 0 1 0 7 0 5 0 7 0 6 0 3 0 1 0 7 0 2 0 2 0 4 0 6 1 0 0 4 1 0 0 7 0 6 0 1 0 4 0 0 0 1 0 5 0 3 0 4 0 4 0 6 0 3 0 2 0 6 0 7 0 4 0 0 0 1 0 6 0 7 0 3 0 3 0 6 0 5 0 6 1 0 0 3 0 1 0 7 0 0 0 2 0 5 0 6 0 0 0 6 0 2 0 3 0 1 0 3 0 2 0 5 0 2 0 3 0 3 0 5 0 0 0 5 0 7 0 3 0 1 0 0 0 2 0 6 0 2 0 0 0 6 0 4 0 7 0 5 0 3 0 6 0 0 0 4 1 0 0 5 0 2 0 5 0 1 0 6 0 5 0 3 0 5 0 4 0 4 0 7 0 5 0 2 0 2 0 1 0 1 0 1 0 7 0 2 0 1 0 3 0 1 0 5 0 7 0 0 1 0 0 0 0 5 0 5 0 3 0 7 0 1 0 5 0 6 0 7 0 7 0 6 0 4 0 6 0 1 0 7 0 2 0 0 0 3 0 4 0 0 0 4 1 0 0 3 0 3 0 4 1 0
1 431 2 0 7 0 6 0 6 0 1 0 5 0 5 0 4 0 7 0 2 0 2 1 0 0 1 0 5 1 0 0 1 0 6 0 5 0 7 0 0 1 0 0 4 0 1 0 5 0 6 0 1 0 0 0 3 1 0 1 0 0 1 0 7 0 5 0 4 0 0 0 5 0 3 0 3 0 3 0 1 0 1 0 1 0 5 0 1 0 6 0 2 0 5 0 6 0 7 0 3 0 4 0 3 0 7 0 5 0 0 0 5 0 5 0 6 0 1 0 3 0 3 0 4 0 6 0 6 0 1 0 4 0 6 0 3 0 0 0 1 0 0 0 6 0 1 0 0 0 6 0 1 0 0 0 0 0 5 0 6 0 3 0 5 0 6 0 3 0 3 0 3 0 6 0 3 0 7 0 4 0 7 0 3 0 5 0 5 0 5 0 0 0 6 0 0 0 1 0 0 0 6 0 4 0 3 1 0 0 1 0 3 0 1 1 0 0 1 0 1 0 4 0 7 0 5 0 4 0 7 0 0 0 1 0 3 0 4 0 6 0 7 0 7 0 4 0 3 0 5 1 0 0 6 0 3 0 5 0 1 0 5 0 2 0 4 0 2 0 3 0 5 0 6 0 2 0 6 0 5 0 1 0 5 0 6 0 7 0 1 0 2 0 2 0 6 0 7 0 2 0 0 0 5 0 3 0 5 0 1 0 4 0 1 0 7 0 2 1 0 0 4 0 2 0 1 0 0 0 1 0 6 0 1 0 4 0 4 0 2 1 0 0 3 0 1 0 1 0 7 0 2 0 5 0 4 0 2 0 2 0 3 0 5 0 5 0 2 0 6 0 3 0 2 0 6 0 2 0 7 0 0 0 2 0 2 1 0 0 6 0 4 0 2 0 5 0 7 0 7 0 5 0 1 0 4 0 4 0 5 0 5 0 0 0 6 1 0 0 2 0 0 1 0 0 6 0 7 0 0 1 0
1 431 5 0 6 0 5 0 4 0 4 0 2 0 3 0 1 0 6 0 5 0 5 0 7 0 2 0 2 1 0 0 3 0 4 0 3 0 6 0 2 0 7 0 7 0 3 0 2 0 4 0 3 0 0 1 0 0 0 0 7 0 2 0 6 0 3 0 0 0 2 0 1 0 7 0 6 0 6 0 2 0 2 0 3 0 1 0 4 0 3 0 6 0 2 0 5 0 6 1 0 0 0 1 0 0 7 0 2 0 2 0 2 0 3 0 4 0 3 0 6 0 7 0 0 0 5 0 4 0 4 0 0 0 4 0 7 0 0 0 2 0 1 0 3 0 3 0 1 0 3 0 3 0 0 0 1 0 2 0 4 1 0 0 3 0 4 0 7 0 6 0 7 0 3 1 0 0 7 0 1 0 6 1 0 0 3 0 3 0 2 0 2 0 3 0 1 0 2 0 1 0 4 0 0 1 0 1 0 0 2 0 6 0 3 0 7 0 1 0 3 0 0 0 7 0 3 0 1 0 6 0 1 0 2 0 7 0 0 0 5 0 7 0 7 0 0 1 0 0 4 0 0 0 3 1 0 0 2 0 4 0 1 0 5 1 0 0 5 0 7 0 2 0 4 0 6 0 4 0 2 0 4 0 2 0 5 0 6 0 3 0 4 0 5 0 4 0 6 0 5 0 1 0 1 1 0 0 2 0 3 1 0 0 4 0 5 0 6 0 7 0 7 0 4 0 2 0 0 0 3 0 3 0 4 0 0 0 0 0 6 0 7 0 5 0 2 0 3 0 5 0 6 0 2 0 0 0 5 0 4 0 7 0 2 0 2 0 6 0 3 0 7 0 5 0 3 0 6 0 5 0 1 0 4 0 5 1 0 0 4 0 0 0 6 0 2 0 7 0 7 0 2 0 4 0 0 0 1 0 3 0 2 0 2 0 4 1 0 0 4 0 1 1 0 0 4 0 6 0 2 0 6
1 433 1 0 2 0 5 0 3 0 1 0 0 0 5 0 6 0 3 0 4 0 3 0 3 0 6 0 5 0 5 0 7 0 5 1 0 1 0 0 4 0 6 0 6 0 6 0 7 0 4 1 0 0 7 0 1 0 7 0 0 0 5 0 6 0 3 0 7 0 0 0 4 0 3 0 6 0 5 0 4 0 5 0 4 0 6 0 2 1 0 1 0 0 4 0 6 0 2 0 5 1 0 0 1 1 0 0 5 0 5 0 4 0 4 0 6 1 0 1 0 0 5 0 6 0 2 0 2 0 1 0 0 0 2 0 0 0 6 0 1 0 4 0 2 0 6 0 6 0 2 0 6 0 6 0 0 0 2 0 5 0 0 1 0 0 7 0 0 0 7 0 5 0 7 0 0 0 0 0 5 0 4 0 4 1 0 0 6 0 6 0 4 0 4 0 6 0 2 0 4 0 2 1 0 0 2 1 0 0 7 0 4 0 3 1 0 0 6 0 3 0 6 0 1 0 5 0 7 0 3 0 3 0 3 0 5 0 5 0 2 0 2 0 7 0 6 0 2 0 7 0 7 0 0 0 7 0 7 0 3 1 0 0 4 0 3 0 0 0 2 0 6 0 6 0 0 0 5 0 0 0 5 1 0 0 6 0 2 0 4 1 0 0 1 0 3 0 1 0 5 0 2 0 3 0 3 0 7 0 3 1 0 0 0 0 0 0 3 0 5 0 7 0 7 0 0 0 5 0 0 0 6 0 6 1 0 0 1 0 1 0 4 0 7 0 2 0 5 0 7 0 2 0 4 0 5 0 1 0 2 0 1 0 6 0 5 0 5 0 3 1 0 0 7 0 2 1 0 0 5 0 2 0 4 0 0 0 3 1 0 1 0 0 2 0 3 0 6 0 6 0 6 0 5 1 0 0 1 0 2 0 6 0 4 0 5 0 0 1 0 1 0 0 4 1 0 0 0 0 4 0 6 0 4
0 433 2 0 5 0 1 0 7 0 2 0 1 0 2 0 4 1 0 0 0 0 7 0 7 0 4 0 3 0 3 0 7 0 4 0 0 1 0 0 0 0 5 0 5 0 5 0 7 0 2 0 0 0 5 0 4 0 5 0 2 0 2 0 4 1 0 0 6 0 1 1 0 1 0 0 5 0 3 0 1 0 3 0 1 0 4 0 6 1 0 1 0 0 0 0 4 0 6 0 2 1 0 0 3 1 0 0 2 0 3 0 1 0 1 0 6 0 0 1 0 0 2 0 4 0 5 0 4 0 2 0 0 0 4 0 1 0 3 0 3 1 0 0 6 0 4 0 4 0 6 0 4 0 4 0 1 0 5 0 1 0 2 1 0 0 5 0 2 0 6 0 3 0 6 0 1 0 1 0 2 0 1 0 2 0 0 0 4 0 5 0 1 0 1 0 4 0 5 1 0 0 6 0 7 0 4 1 0 0 6 0 1 0 0 0 0 0 3 1 0 0 4 0 4 0 2 0 6 0 7 0 6 0 7 0 2 0 2 0 5 0 5 0 6 0 4 0 6 0 6 0 6 0 2 0 6 0 6 1 0 1 0 1 0 0 7 0 0 0 5 0 4 0 4 0 2 0 1 0 2 0 3 0 0 0 3 0 6 0 0 1 0 0 2 0 6 0 3 0 1 0 5 0 6 0 7 0 5 1 0 1 0 0 0 0 0 0 7 0 2 0 7 0 6 0 2 0 1 0 2 0 4 0 5 1 0 0 2 0 3 0 0 0 6 0 6 0 2 0 6 0 6 0 0 0 2 0 3 0 4 0 3 0 4 0 3 0 3 0 0 0 0 0 5 0 6 1 0 0 1 0 5 1 0 0 1 1 0 0 0 0 7 0 3 0 7 0 4 0 5 0 5 0 3 1 0 0 2 0 5 0 4 0 1 0 2 0 2 1 0 1 0 0 0 1 0 0 1 0 0 0 5 0 1
0 433 5 0 1 0 4 0 5 0 5 0 2 0 5 0 0 1 0 0 1 0 6 0 7 0 0 0 7 0 7 0 6 0 0 0 2 0 7 0 0 0 2 0 3 0 3 0 6 0 5 0 1 0 2 0 1 0 2 0 5 0 5 0 1 0 0 0 3 0 4 1 0 1 0 0 1 0 7 0 2 0 6 0 3 0 0 0 6 0 0 0 7 0 0 0 0 0 4 0 6 0 7 0 6 0 7 0 3 0 6 0 2 0 3 0 3 0 2 0 7 0 4 0 0 0 3 0 0 0 5 0 0 1 0 0 3 0 6 1 0 0 0 0 4 0 1 0 1 0 5 0 1 0 0 0 4 0 1 0 3 0 5 1 0 0 1 0 6 0 3 1 0 0 4 0 3 0 2 0 4 0 2 0 4 0 1 0 0 0 2 0 3 0 3 0 0 0 4 0 0 0 4 0 7 0 2 0 0 0 3 0 3 0 0 0 0 1 0 0 0 0 0 0 0 0 6 0 4 0 7 0 5 0 6 0 5 0 5 0 2 0 3 0 5 0 1 0 5 0 5 0 4 0 6 0 4 0 6 0 0 1 0 1 0 0 5 0 2 0 2 0 1 0 0 0 5 0 2 0 4 0 6 0 0 0 7 0 3 0 2 0 7 0 4 0 3 0 7 0 3 0 2 0 5 0 7 0 4 0 0 0 6 1 0 0 1 0 5 0 6 0 6 0 4 0 5 0 2 0 5 0 0 0 3 1 0 0 4 0 6 0 1 0 4 0 4 0 6 0 4 0 4 0 1 0 4 0 6 1 0 1 0 0 0 0 7 0 6 0 0 0 1 0 2 0 5 1 0 0 3 0 2 1 0 0 3 0 7 0 0 0 5 1 0 0 7 0 1 0 3 0 2 1 0 1 0 0 5 0 2 0 0 0 3 0 4 0 5 1 0 0 7 0 0 0 7 0 1 0 1 0 1 0 3
1 435 1 0 1 0 4 0 0 0 3 0 2 0 6 0 1 0 2 0 7 0 2 0 4 0 6 0 2 0 6 0 7 0 4 0 1 0 5 0 5 0 1 0 4 0 6 0 7 0 4 0 2 0 3 0 4 0 2 0 5 0 2 0 2 0 3 0 0 0 7 0 1 0 0 0 7 0 2 0 5 0 6 0 3 0 7 0 1 0 3 0 2 0 5 0 1 0 1 0 0 0 5 0 7 0 5 0 6 1 0 0 4 0 5 0 6 0 6 0 5 0 6 0 0 0 1 0 6 0 1 0 1 0 2 0 7 0 6 0 4 1 0 0 0 1 0 0 3 0 3 0 1 0 3 0 0 1 0 0 3 0 7 0 2 1 0 0 3 0 3 1 0 1 0 1 0 0 7 0 4 1 0 0 5 1 0 0 3 0 0 0 4 0 6 0 6 0 0 1 0 0 2 0 0 0 6 0 5 0 0 0 6 0 6 0 0 0 1 0 6 1 0 0 0 0 1 0 4 0 1 0 7 0 3 0 5 0 3 0 2 0 5 0 7 0 1 0 4 0 2 0 3 0 1 0 5 0 1 0 4 0 2 1 0 1 0 0 1 0 5 0 4 0 2 0 1 0 1 0 6 0 0 0 4 0 2 0 5 0 7 0 5 0 6 0 0 1 0 0 6 0 7 0 5 0 2 0 7 0 0 0 2 0 4 1 0 0 3 0 2 0 5 0 5 0 1 0 2 0 6 0 1 0 1 1 0 0 0 0 0 0 4 0 4 0 0 0 1 0 5 0 1 0 0 0 4 0 0 0 6 0 0 0 7 0 0 0 6 0 4 0 1 0 2 0 5 0 2 1 0 0 6 0 5 0 7 0 6 0 5 0 2 0 3 0 0 0 5 0 3 0 6 0 5 1 0 1 0 0 1 0 5 0 0 0 7 0 0 0 4 0 0 0 5 0 2 0 5 0 3 0 2 0 2 0 6
1 435 2 0 2 1 0 0 1 0 6 0 5 0 3 0 3 0 5 0 5 0 6 0 0 0 4 0 6 0 4 0 7 0 0 0 4 0 2 0 2 0 4 0 0 0 5 0 7 0 0 0 5 0 6 1 0 0 6 0 1 0 5 0 4 0 6 0 1 0 5 0 3 0 1 0 5 0 6 0 2 0 4 1 0 0 6 0 3 0 6 0 5 0 1 0 3 0 2 0 1 0 2 0 7 0 3 0 6 0 0 0 0 0 3 0 5 0 5 0 3 0 4 0 1 0 3 0 3 0 3 0 2 0 5 0 6 0 5 0 1 1 0 0 1 0 7 0 5 0 6 0 2 0 6 0 1 0 7 0 6 0 5 0 6 0 7 0 5 1 0 0 0 1 0 1 0 0 6 0 2 0 0 0 2 1 0 0 6 0 1 0 0 0 5 0 4 0 2 0 7 0 3 0 1 0 4 0 2 0 2 0 4 0 4 0 1 0 3 0 4 1 0 0 0 0 2 1 0 0 4 0 5 1 0 0 2 0 7 0 5 0 2 0 6 0 3 1 0 0 5 0 6 0 3 0 1 0 3 1 0 0 6 1 0 0 7 0 2 0 2 0 0 0 5 0 2 0 3 0 3 0 1 1 0 0 6 0 2 0 7 0 3 0 4 0 2 1 0 0 4 0 7 0 2 0 6 0 5 0 1 0 5 0 0 1 0 0 6 0 5 0 2 0 2 0 3 0 5 0 3 0 3 0 3 0 6 1 0 0 1 0 0 0 0 0 1 0 3 0 1 0 3 0 0 1 0 0 2 0 3 0 2 0 5 0 2 0 4 0 0 0 3 0 5 0 1 0 6 1 0 0 4 0 3 0 7 0 5 0 2 0 5 0 6 0 1 0 1 1 0 0 5 0 4 0 0 0 7 0 2 0 1 0 2 0 5 0 1 1 0 0 2 0 1 0 6 0 1 0 7 0 4 0 5 0 4
0 435 4 0 5 0 7 0 2 0 4 0 2 0 7 0 7 0 2 0 3 0 4 0 2 0 0 0 5 0 1 0 6 0 1 1 0 0 5 0 4 1 0 0 2 0 2 0 6 0 2 0 2 0 6 0 0 0 3 0 4 0 2 0 1 0 4 0 4 0 1 0 7 0 3 0 2 0 4 0 6 0 1 0 0 0 3 1 0 0 5 0 2 0 3 0 6 0 4 0 2 0 5 0 5 1 0 0 4 0 1 0 0 0 7 0 2 0 2 1 0 0 0 0 3 0 6 0 6 0 6 0 5 0 2 0 5 0 2 0 4 0 7 0 2 0 6 0 3 0 4 0 6 0 3 0 4 0 6 0 5 0 3 0 5 0 7 0 3 1 0 0 1 1 0 1 0 0 3 0 5 0 0 0 5 1 0 0 3 0 3 0 1 0 2 0 0 0 6 0 5 0 7 0 2 1 0 0 5 0 5 0 0 0 0 0 3 0 7 0 0 1 0 0 0 0 5 1 0 0 0 0 3 1 0 0 5 0 6 0 2 0 6 0 4 0 0 0 0 0 2 0 4 0 7 0 2 1 0 0 0 0 5 0 0 0 5 0 5 0 4 0 1 0 1 0 5 0 6 0 6 0 3 1 0 0 3 0 6 0 5 1 0 0 0 0 6 1 0 0 0 0 6 0 6 0 4 0 2 0 4 0 1 0 2 1 0 0 4 0 2 0 5 0 4 0 7 0 1 0 7 0 6 0 7 0 4 1 0 0 2 0 0 0 0 0 2 0 6 0 2 0 6 0 1 0 7 0 3 0 6 0 5 0 1 0 5 1 0 0 1 0 7 0 1 0 4 0 4 1 0 1 0 1 0 0 7 0 2 0 6 0 2 0 4 0 3 0 3 1 0 0 2 0 0 0 2 0 5 0 5 0 2 0 5 0 1 0 4 0 7 0 3 0 3 0 3 0 4 0 6 0 1 0 3 0 1
0 437 1 0 0 0 3 0 6 0 5 1 0 0 6 0 6 0 6 0 5 0 6 1 0 0 5 0 1 0 1 0 4 0 3 0 4 1 0 0 2 0 1 1 0 0 4 0 5 0 3 0 5 0 5 0 3 0 1 0 6 1 0 0 5 0 3 0 0 0 0 0 4 0 5 0 7 0 5 0 0 0 4 0 3 0 0 1 0 0 0 0 1 0 5 0 7 0 4 0 0 0 6 0 2 0 3 1 0 1 0 0 3 0 1 0 5 0 5 0 5 0 6 1 0 0 7 0 4 0 5 0 5 0 2 0 6 0 1 0 6 0 0 0 6 0 6 0 3 1 0 0 1 0 4 1 0 0 1 0 5 0 2 1 0 0 3 0 6 1 0 1 0 0 3 1 0 0 7 0 6 0 1 0 2 0 2 1 0 0 6 0 6 0 2 0 4 0 1 0 4 0 3 0 6 0 6 1 0 0 2 0 2 0 1 0 0 0 7 0 5 0 2 0 7 0 0 0 2 1 0 0 0 1 0 0 0 0 2 0 4 0 6 0 4 0 0 0 1 0 0 0 5 0 0 0 6 0 6 0 7 0 0 0 1 0 2 0 2 0 3 0 0 0 3 0 3 0 2 0 5 0 4 1 0 1 0 0 7 0 4 0 3 1 0 0 1 0 4 1 0 0 1 0 4 0 5 0 0 0 5 1 0 0 3 0 5 0 7 0 7 0 5 0 2 0 1 0 6 0 4 0 6 0 5 0 7 0 1 1 0 0 4 0 0 0 0 0 5 0 3 0 6 0 3 0 4 0 5 1 0 0 5 0 2 0 4 0 2 1 0 0 3 0 5 0 4 0 0 0 2 0 0 1 0 1 0 0 5 0 6 0 3 0 5 1 0 0 7 0 7 0 7 0 3 0 0 0 5 0 2 0 2 0 6 0 1 0 4 0 0 0 6 0 7 0 6 0 7 0 0 0 4 0 3 0 6 0 2
1 437 2 0 0 0 7 0 4 0 4 0 0 0 4 0 5 0 5 0 3 0 6 0 0 0 1 0 3 0 2 1 0 1 0 0 1 1 0 0 4 0 3 1 0 0 0 0 2 1 0 0 3 0 2 0 7 0 3 0 5 0 0 0 1 0 7 0 0 0 1 0 0 0 3 0 7 0 2 0 1 1 0 0 7 0 1 0 6 1 0 0 3 0 2 0 7 0 0 0 2 0 3 0 5 1 0 0 0 0 7 0 5 0 3 0 2 0 3 0 3 0 6 0 0 0 6 0 1 0 3 0 2 0 6 0 3 0 4 0 3 0 2 0 4 0 4 1 0 1 0 0 3 0 0 1 0 0 3 0 1 0 6 0 7 0 6 0 5 0 0 0 7 0 6 1 0 0 6 0 4 0 3 0 4 0 5 1 0 0 4 0 4 0 5 1 0 0 3 1 0 1 0 0 5 0 5 1 0 0 4 0 4 0 2 0 1 0 6 0 2 0 6 0 5 0 1 0 5 0 7 0 0 0 6 1 0 0 5 0 0 0 5 0 0 0 1 0 2 0 1 0 1 0 2 0 4 0 5 0 6 0 1 0 2 0 4 0 4 0 6 0 0 0 6 0 6 0 5 0 2 0 2 0 0 1 0 0 6 0 0 1 0 1 0 0 3 0 0 1 0 0 3 0 0 0 2 0 2 0 2 1 0 0 7 0 2 0 7 0 7 0 2 0 5 0 3 0 4 0 1 0 5 0 3 0 6 0 4 0 7 0 7 0 0 0 1 0 1 1 0 0 4 1 0 0 1 0 4 0 0 0 1 0 5 1 0 0 6 0 7 0 6 0 2 0 0 0 1 0 4 0 1 1 0 1 0 0 2 0 4 1 0 0 4 0 0 0 6 0 7 0 6 0 7 0 1 0 1 0 5 0 5 0 3 0 3 1 0 0 2 0 4 0 7 0 5 0 6 0 1 1 0 1 0 0 4 0 5
0 437 4 0 1 0 6 0 1 0 0 0 2 0 0 0 3 0 2 1 0 0 4 0 1 0 2 0 6 0 5 1 0 0 7 0 2 0 7 0 7 0 7 0 6 1 0 0 5 0 7 0 5 0 5 0 5 1 0 0 2 0 1 0 3 0 5 0 1 0 2 0 0 0 7 0 5 0 5 0 3 1 0 0 5 0 4 0 4 1 0 0 6 0 5 0 5 0 1 0 4 0 7 0 2 1 0 0 1 0 6 0 2 0 7 0 4 0 6 0 7 0 3 0 2 0 3 0 3 0 6 0 5 0 3 1 0 0 0 0 7 0 5 0 0 0 2 0 0 0 7 0 5 0 1 0 7 0 5 0 3 0 4 0 7 0 5 0 2 0 2 0 6 0 6 0 0 0 4 0 0 1 0 0 1 0 4 0 0 0 0 0 1 0 3 1 0 1 0 0 0 1 0 0 2 0 4 0 0 0 0 0 0 0 5 0 3 0 3 0 6 0 4 0 2 0 4 0 2 0 6 0 2 0 5 0 0 0 1 0 2 0 1 0 1 0 2 0 4 0 2 0 2 0 5 0 0 0 3 0 4 0 3 0 5 0 0 0 1 0 4 0 2 0 4 0 5 0 2 0 5 0 4 0 1 1 0 0 3 0 2 1 0 0 7 0 5 0 1 0 7 0 5 0 0 0 4 0 4 0 5 1 0 0 5 0 6 0 6 0 6 0 6 0 1 1 0 0 0 0 4 0 1 1 0 0 5 0 1 0 7 0 6 0 1 0 2 0 3 1 0 0 0 1 0 0 2 1 0 0 1 0 3 0 3 0 0 0 4 0 7 0 4 0 5 0 0 0 2 1 0 0 4 1 0 0 7 0 4 0 0 1 0 1 0 0 2 0 4 0 7 0 5 0 6 0 3 0 3 0 2 0 2 0 7 0 7 0 7 0 4 0 0 0 7 0 3 0 4 0 4 1 0 1 0 0 0 0 3
1 438 1 0 0 4 0 3 0 3 0 0 0 4 0 0 0 6 0 5 0 7 0 7 0 2 0 5 0 4 0 4 0 0 0 5 0 6 0 6 0 7 0 7 0 6 0 0 0 2 0 7 0 3 0 3 0 3 1 0 0 4 0 2 0 7 0 1 0 3 0 4 0 1 0 6 0 3 0 3 0 0 0 0 0 2 0 1 0 2 0 0 0 4 0 3 0 2 0 4 0 0 0 6 0 6 0 7 0 2 0 3 0 6 0 6 0 1 0 5 0 6 0 7 0 4 0 6 0 7 0 4 0 2 1 0 1 0 0 1 0 6 0 2 0 1 0 4 0 1 0 6 0 2 0 4 0 6 0 2 1 0 0 1 0 7 0 2 0 5 0 5 0 4 0 4 0 1 1 0 0 2 0 7 0 1 1 0 0 1 0 0 0 2 1 0 0 0 0 7 0 0 0 7 0 3 1 0 0 1 0 0 0 1 0 1 0 7 0 7 0 4 0 0 0 5 1 0 0 6 0 3 0 6 0 1 0 1 0 2 0 4 0 2 0 2 0 4 1 0 0 5 0 5 0 1 0 1 0 6 1 0 1 0 0 2 0 1 0 2 1 0 0 6 0 0 0 2 0 6 0 2 0 0 0 4 0 7 0 5 0 5 1 0 0 6 0 2 0 4 0 6 0 2 0 2 0 0 0 1 0 4 0 0 0 2 0 5 0 5 0 5 0 4 0 4 0 6 1 0 1 0 0 4 1 0 0 1 0 4 0 6 0 4 0 3 0 4 0 7 0 7 0 0 0 7 0 4 0 7 0 1 0 6 0 6 0 1 0 0 0 7 0 1 0 2 0 1 0 5 1 0 0 1 0 0 0 6 0 0 0 2 1 0 0 7 0 4 0 0 0 7 0 3 0 4 0 7 0 6 0 4 0 5 0 6 0 7 0 7 0 0 0 2 0 5 1 0 0 1 0 2 0 0 0 6 1 0 0 6
1 439 1 0 7 0 7 0 6 0 6 0 0 1 0 0 2 0 4 0 3 0 7 0 6 0 6 0 2 0 1 0 0 0 2 0 2 0 5 0 5 0 7 0 7 0 4 0 1 0 5 0 5 0 7 0 6 0 7 0 7 0 7 0 5 0 5 0 3 0 6 1 0 0 4 0 3 0 7 0 6 0 0 0 0 0 4 0 2 0 4 0 0 1 0 0 7 0 4 1 0 0 2 0 4 0 5 0 6 0 5 0 7 0 4 0 4 0 4 0 2 0 5 0 7 0 1 0 5 0 7 0 0 0 6 1 0 0 7 0 2 0 3 0 5 0 2 1 0 0 4 0 3 0 6 0 0 0 4 0 6 0 7 0 2 0 5 0 6 0 2 0 3 0 1 0 0 0 4 0 7 0 4 0 5 0 4 0 7 0 1 0 0 0 5 0 7 0 0 0 5 0 2 0 5 1 0 1 0 0 2 0 0 0 2 0 3 0 6 0 7 0 0 0 2 0 3 0 0 0 3 1 0 0 4 0 3 0 2 0 4 1 0 0 5 0 5 0 1 0 0 0 2 0 2 0 3 0 3 0 5 0 0 0 7 0 3 0 2 0 5 1 0 0 3 0 1 0 5 0 3 0 5 0 1 0 0 0 7 0 3 0 4 0 0 0 3 0 6 0 0 0 4 0 5 0 4 0 0 0 2 1 0 0 1 0 5 0 2 0 3 0 3 0 1 0 1 0 6 0 0 1 0 0 0 1 0 0 3 0 0 0 5 0 0 1 0 0 1 0 7 0 6 0 2 0 6 0 1 0 6 0 4 0 4 0 4 0 3 0 1 0 5 0 3 0 4 0 3 0 2 1 0 0 2 0 1 0 3 0 1 0 5 1 0 0 6 0 0 0 2 0 5 1 0 0 1 0 7 0 5 0 1 0 3 0 5 0 7 0 6 0 1 0 5 0 2 1 0 0 2 0 4 0 1 0 5 0 0 0 4
0 439 3 0 6 0 7 0 5 0 4 0 2 0 7 0 3 1 0 1 0 0 7 0 5 0 4 0 5 0 2 0 0 0 4 0 5 0 2 0 3 0 7 0 7 0 0 0 4 0 2 0 3 0 7 0 5 0 7 0 7 0 7 0 3 0 2 1 0 0 5 1 0 1 0 1 0 0 7 0 4 0 1 0 0 1 0 0 5 1 0 0 2 1 0 0 6 0 1 1 0 0 5 0 0 0 3 0 5 0 3 0 7 0 1 0 1 0 0 0 6 0 2 0 6 0 4 0 2 0 6 0 2 0 5 0 0 0 5 0 5 0 7 0 1 0 6 0 7 0 7 0 7 0 3 0 2 0 0 0 5 0 6 0 6 0 2 0 4 0 5 0 6 0 2 0 1 0 0 0 7 0 1 0 3 0 1 0 6 0 3 0 1 0 2 0 6 0 2 0 1 0 6 0 3 0 0 0 7 0 3 0 0 0 4 0 7 0 4 0 6 0 1 0 4 0 6 0 0 0 7 0 7 0 7 0 6 0 5 0 1 0 0 0 2 0 2 0 3 0 0 0 4 0 4 0 6 0 7 0 1 0 2 0 5 0 7 0 5 0 2 1 0 0 6 0 3 0 1 1 0 0 2 0 3 0 1 0 5 1 0 0 0 0 1 0 7 0 3 0 2 0 0 0 3 0 0 0 1 0 5 0 7 0 2 0 1 0 5 0 6 0 6 0 2 0 3 0 3 0 2 0 7 0 0 0 7 0 5 0 1 0 1 0 2 0 7 0 2 0 6 0 4 0 6 0 3 0 4 0 4 0 1 0 1 0 0 0 7 0 3 0 1 1 0 0 0 0 7 0 5 0 7 0 3 0 2 0 6 0 3 0 3 0 0 0 3 0 1 0 5 0 2 1 0 0 3 0 6 0 2 0 3 0 7 0 2 0 7 0 4 0 4 0 1 0 6 0 7 0 3 1 0 0 4 0 1 0 2 0 0
0 439 7 0 4 0 7 0 3 0 0 0 6 0 6 0 0 0 0 1 0 0 6 0 3 0 1 0 2 0 5 0 1 0 0 0 2 0 5 0 7 0 6 0 6 0 1 1 0 0 5 0 7 0 6 0 3 0 7 0 7 0 6 0 7 0 5 1 0 0 3 0 0 1 0 1 0 0 6 0 0 0 3 0 1 1 0 0 2 1 0 0 5 1 0 0 3 0 4 1 0 0 1 0 1 0 7 0 1 1 0 0 6 0 3 0 2 0 1 0 3 0 6 0 4 0 0 0 6 0 3 0 6 0 1 0 2 0 2 0 3 0 6 0 4 0 4 0 7 0 7 0 6 0 7 0 4 0 1 0 2 0 5 0 4 0 6 0 0 0 3 0 4 0 5 0 2 0 1 0 5 0 3 0 6 0 3 0 3 0 7 0 2 0 5 0 3 0 5 0 3 0 3 0 7 0 1 0 5 0 7 0 1 0 0 0 7 0 1 0 4 0 4 0 0 0 4 0 2 0 6 0 7 0 7 0 5 0 2 0 3 0 0 0 4 0 4 0 6 0 1 0 0 0 1 0 5 0 6 0 3 0 5 0 2 0 7 0 2 0 6 1 0 0 3 0 7 0 3 0 7 0 3 0 6 0 3 0 2 1 0 0 0 0 3 0 5 0 7 0 4 0 0 0 6 0 0 0 3 0 2 0 6 0 5 0 3 0 2 0 5 0 4 0 5 0 6 0 6 0 5 0 5 0 2 0 6 0 2 0 3 0 2 0 5 0 5 0 6 0 4 0 1 0 4 1 0 0 1 0 0 0 3 0 2 0 1 0 5 0 7 0 3 0 7 0 0 0 6 0 3 0 6 0 7 0 5 0 3 0 7 0 6 0 0 0 6 0 3 0 1 0 6 0 7 0 6 0 3 0 5 0 7 0 5 0 6 0 6 0 1 0 0 0 4 0 4 0 6 1 0 1 0 1 0 0 3 0 4 0 0
0 441 1 0 6 0 1 0 6 0 7 0 1 0 4 0 4 0 1 0 1 1 0 0 3 0 7 0 2 0 5 0 1 0 3 0 0 0 5 0 2 0 7 0 5 0 4 0 4 1 0 0 2 0 7 0 4 1 0 0 7 0 7 0 5 0 7 0 3 1 0 0 6 0 1 1 0 1 0 0 3 0 1 0 6 0 3 0 7 0 4 1 0 0 2 1 0 0 7 0 0 1 0 0 2 0 3 0 5 0 4 1 0 0 3 0 7 0 4 0 2 0 7 0 4 0 0 0 2 0 3 1 0 0 4 0 3 0 4 0 4 0 7 0 4 0 1 0 1 0 7 0 7 0 5 0 7 0 0 0 3 0 5 0 2 0 1 0 4 0 1 0 7 0 0 0 2 0 5 0 3 0 1 1 0 0 4 0 7 0 7 0 5 0 6 0 1 1 0 0 2 0 7 0 7 0 5 0 4 0 2 0 6 0 3 0 1 0 5 0 4 0 0 0 0 0 1 1 0 0 6 0 4 0 7 0 7 0 2 0 5 0 6 0 1 0 0 0 1 0 4 0 3 0 0 0 3 0 2 0 4 1 0 0 2 0 6 0 5 0 6 0 4 1 0 0 7 0 5 1 0 0 6 1 0 0 4 0 7 0 5 0 6 1 0 0 7 0 2 0 7 0 0 0 2 0 3 0 1 0 6 0 5 0 4 0 2 0 7 0 5 0 2 0 1 0 3 0 5 0 5 0 3 0 2 0 6 0 3 0 5 0 6 0 5 0 2 0 3 0 5 0 0 0 4 0 0 1 0 0 2 0 0 0 6 0 4 0 3 0 2 0 6 1 0 0 6 0 2 0 3 1 0 0 5 0 7 0 2 1 0 0 7 0 4 0 2 0 3 0 7 0 3 0 4 0 7 0 4 1 0 0 3 0 7 0 3 0 5 0 4 0 3 0 1 0 0 0 1 0 6 0 0 1 0 0 7 0 5 1 0 0 1
0 441 3 0 3 0 4 0 4 0 6 0 4 0 0 0 0 0 3 0 3 0 7 0 6 0 5 0 6 0 1 0 3 0 6 0 1 0 1 0 6 0 6 0 3 0 1 0 1 1 0 0 5 0 6 0 2 0 0 0 6 0 7 0 3 0 7 0 0 0 0 0 3 0 4 1 0 0 7 0 5 0 3 0 3 1 0 0 7 0 1 1 0 0 5 1 0 0 5 0 2 0 7 0 3 0 7 0 2 0 1 1 0 0 7 0 6 0 0 0 6 0 6 0 0 0 1 0 4 0 7 0 7 0 7 0 7 0 0 0 1 0 7 0 0 0 3 0 3 0 6 0 7 0 3 0 6 0 1 0 7 0 1 0 5 0 2 1 0 0 4 0 5 0 1 0 5 0 1 0 7 0 3 1 0 0 0 0 7 0 7 0 3 0 4 0 4 0 7 0 4 0 6 0 7 0 3 0 0 0 6 0 3 0 7 0 3 0 2 0 0 0 1 0 0 0 3 1 0 0 4 0 1 0 7 0 6 0 6 0 2 0 4 0 3 0 0 0 2 1 0 0 7 0 0 0 6 0 5 0 0 1 0 0 5 0 4 0 3 0 5 0 2 0 0 0 6 0 4 0 0 0 5 0 0 0 0 0 7 0 3 0 6 0 0 0 5 0 6 0 5 0 1 0 4 0 6 0 3 0 4 0 3 0 0 0 6 0 6 0 2 0 5 0 2 0 7 0 2 0 2 0 7 0 5 0 3 1 0 0 3 0 5 0 2 0 5 0 7 0 1 0 1 1 0 0 2 0 7 0 3 0 1 0 4 0 0 0 7 0 5 0 5 0 0 0 3 0 5 1 0 0 0 0 2 0 6 0 6 1 0 0 6 0 0 0 5 0 7 0 5 1 0 0 1 0 7 0 1 1 0 0 7 0 5 1 0 0 3 0 0 0 7 0 2 0 0 0 3 0 3 0 2 1 0 0 6 0 3 1 0 0 2
0 441 6 0 7 0 0 0 1 0 5 0 0 0 1 0 0 0 6 0 7 0 6 0 5 0 3 0 4 0 3 0 7 0 3 0 3 0 3 0 4 0 4 0 7 0 2 0 3 1 0 0 2 0 4 0 5 0 1 0 4 0 6 1 0 0 6 0 1 0 0 0 7 0 1 0 0 0 6 0 2 1 0 0 0 0 0 0 5 0 4 1 0 0 3 0 0 0 1 0 6 0 5 1 0 0 6 0 5 0 3 1 0 0 6 0 4 0 2 0 4 0 4 0 1 0 3 0 0 0 7 0 7 0 7 0 6 0 1 0 3 0 5 0 1 0 6 0 7 0 4 0 6 1 0 0 4 0 4 0 5 0 4 0 1 0 6 1 0 0 0 0 2 0 4 0 1 0 4 0 5 1 0 1 0 0 1 0 6 0 6 1 0 0 1 0 1 0 7 0 1 0 5 0 6 0 7 0 1 0 3 1 0 0 6 0 7 0 4 0 0 0 2 0 0 0 7 0 7 0 7 0 3 0 6 0 5 0 4 0 5 1 0 0 7 0 0 0 5 1 0 0 5 0 2 0 4 0 2 0 2 1 0 0 2 0 0 1 0 0 2 0 5 0 1 0 4 0 0 0 2 0 1 0 1 0 1 0 5 1 0 0 4 0 2 0 2 0 5 0 2 0 4 0 0 0 4 1 0 0 0 0 7 0 1 0 4 0 4 0 6 0 1 0 6 0 5 0 5 0 5 0 6 0 2 1 0 1 0 0 7 0 1 0 6 0 2 0 6 0 3 0 3 0 7 0 4 0 5 0 7 0 2 1 0 0 2 0 6 0 3 0 2 0 1 0 7 0 2 1 0 0 0 0 5 0 4 0 6 0 0 0 3 0 2 0 2 0 7 0 3 1 0 0 3 0 5 0 4 1 0 0 6 0 3 1 0 0 6 0 1 0 5 0 5 0 0 0 6 0 6 0 5 1 0 0 3 1 0 1 0 0 4
1 443 1 0 4 0 6 0 1 0 3 0 1 0 1 0 2 0 1 0 4 0 7 0 5 0 2 1 0 0 0 1 0 0 6 0 7 0 6 0 7 0 0 0 1 0 6 0 5 0 7 0 7 0 4 0 0 0 2 0 4 0 0 0 6 0 0 0 3 0 3 0 1 0 5 0 3 0 1 0 3 0 6 0 6 1 0 0 1 0 2 0 1 1 0 0 6 0 0 0 3 0 4 0 4 0 0 0 4 0 3 0 0 0 0 0 4 0 0 0 6 0 0 0 0 0 3 0 6 0 1 0 6 0 7 0 7 0 4 0 3 0 7 0 1 0 4 0 4 0 7 0 1 0 6 0 0 0 0 0 1 0 3 0 0 0 4 0 4 1 0 0 0 0 4 1 0 0 4 0 0 0 4 0 0 0 7 0 2 0 4 0 5 1 0 0 2 0 3 0 5 0 4 0 2 0 5 0 6 0 3 1 0 0 0 0 4 0 7 0 0 0 1 0 4 0 1 0 6 0 7 0 6 1 0 0 5 0 3 0 1 0 4 0 0 0 5 0 2 0 3 0 0 0 1 0 5 1 0 0 5 0 5 0 7 0 3 0 1 0 7 0 4 0 1 0 3 1 0 0 1 0 4 0 2 0 2 0 3 0 2 1 0 1 0 0 5 0 5 0 1 0 5 1 0 0 2 0 0 1 0 0 1 0 5 0 4 0 0 0 1 0 4 0 4 0 4 0 3 0 3 0 3 0 4 0 6 1 0 1 0 0 5 0 4 0 3 0 6 0 3 0 7 0 7 0 6 0 1 0 3 0 6 0 6 0 7 0 4 0 3 0 7 0 4 0 3 0 5 0 6 0 7 0 0 0 2 0 1 0 4 0 1 0 6 0 4 0 5 0 5 1 0 1 0 0 7 0 2 0 2 0 0 0 4 0 0 0 0 0 3 0 4 0 2 0 2 0 2 0 4 0 5 0 3 1 0 1 0 0 0 1 0 0 0
1 443 3 0 0 0 4 0 3 0 6 0 2 0 2 0 4 0 3 0 0 0 7 0 2 0 6 0 7 0 0 1 0 0 4 0 7 0 5 0 6 0 1 0 3 0 4 0 3 0 7 0 7 0 0 0 1 0 4 1 0 0 2 0 3 0 1 0 6 0 6 0 3 0 1 0 7 0 2 0 7 0 4 0 5 1 0 0 2 0 4 0 3 1 0 0 3 0 1 0 7 0 0 0 0 0 1 1 0 0 7 0 0 0 0 1 0 0 2 0 3 0 1 0 0 0 7 0 3 0 4 0 4 0 7 0 7 0 0 1 0 0 6 0 4 0 0 0 1 0 6 0 4 0 3 0 1 0 0 0 2 0 6 0 1 0 0 0 1 1 0 0 1 0 0 1 0 1 0 0 1 1 0 0 2 0 5 0 6 0 0 0 3 1 0 0 4 0 7 0 2 0 0 0 6 0 2 0 4 1 0 1 0 0 1 0 0 0 6 0 1 0 2 1 0 0 4 0 4 0 7 0 6 0 0 0 1 0 7 0 2 1 0 0 2 0 1 0 5 0 6 0 0 0 3 0 3 0 0 0 2 0 3 0 6 0 7 0 3 0 6 0 0 0 3 0 7 0 7 0 1 1 0 0 5 0 4 0 6 0 5 1 0 1 0 0 2 0 2 0 4 0 2 1 0 0 4 0 1 0 7 0 2 0 2 0 0 0 1 0 3 0 0 0 1 0 0 0 7 0 6 0 7 0 0 0 6 0 0 1 0 0 2 0 0 1 0 0 4 1 0 0 7 0 7 0 4 0 3 0 7 0 4 0 5 0 7 0 0 1 0 0 7 0 0 1 0 0 3 0 5 0 6 0 1 0 4 0 2 1 0 0 4 0 4 0 1 0 3 0 4 0 0 1 0 0 5 0 5 0 4 0 0 1 0 0 1 0 0 0 6 1 0 0 5 0 4 0 5 0 0 0 3 0 0 0 0 0 7 0 0 0 6 1 0
1 443 6 0 0 1 0 1 0 0 4 0 5 0 4 1 0 0 7 0 1 0 5 0 6 0 4 0 6 0 2 1 0 0 0 0 7 0 3 0 4 0 3 0 6 1 0 1 0 0 7 0 6 0 1 0 3 0 0 1 0 0 4 0 6 0 3 0 4 0 4 0 7 0 3 0 5 0 6 0 6 0 1 0 3 1 0 0 4 1 0 1 0 1 0 0 6 0 3 0 5 0 1 0 0 0 3 1 0 0 5 0 1 0 1 0 7 0 3 0 6 0 2 0 1 0 5 1 0 0 1 0 1 0 7 0 6 0 2 1 0 0 4 0 0 0 1 0 3 0 4 0 0 0 7 0 2 0 0 0 5 0 3 0 3 0 0 0 3 0 7 0 1 0 1 1 0 0 7 0 2 0 7 0 4 0 2 0 4 0 1 1 0 0 0 0 0 0 6 0 5 0 1 0 3 0 6 0 1 0 0 0 7 0 1 0 1 0 3 0 3 0 5 1 0 0 0 0 1 0 7 0 4 0 1 0 3 0 5 0 6 0 7 0 3 0 3 0 2 0 4 0 1 0 6 0 6 0 0 0 4 0 7 0 4 0 6 1 0 0 4 0 1 0 7 0 6 0 6 0 4 1 0 0 2 0 1 0 5 0 4 0 0 0 7 0 3 0 4 1 0 0 6 0 7 0 7 0 3 0 5 0 5 0 4 0 0 0 2 0 6 0 0 0 2 0 1 0 6 0 5 0 6 0 2 0 3 0 2 0 7 0 3 0 1 1 0 0 1 0 0 0 6 0 7 0 0 1 0 0 7 0 1 0 3 0 6 0 2 1 0 0 5 0 2 0 7 0 6 0 2 0 4 0 3 1 0 0 6 1 0 0 0 0 0 0 3 0 6 1 0 0 2 1 0 0 2 0 3 0 0 0 2 0 7 0 1 0 1 0 5 0 0 0 2 0 1 0 2 0 1 0 6 0 0 0 1 0 5 0 2 0 4 1 0
1 445 1 0 3 0 2 1 0 1 0 0 0 0 3 0 2 0 0 0 5 0 4 0 2 0 5 0 1 0 4 0 6 0 7 0 0 0 5 1 0 0 0 1 0 0 6 0 0 1 0 0 6 0 4 0 3 0 6 0 1 1 0 0 0 0 4 1 0 0 1 0 1 0 6 1 0 0 3 0 5 0 4 0 3 1 0 0 0 0 1 0 0 1 0 1 0 0 3 1 0 0 2 0 3 0 0 1 0 0 0 0 1 0 3 0 3 0 5 1 0 0 4 0 5 0 3 0 2 1 0 0 2 0 3 0 6 0 4 0 6 0 7 0 7 0 0 0 2 0 6 1 0 0 2 0 5 0 5 0 1 0 1 0 7 0 6 0 0 0 7 0 5 0 3 0 3 1 0 0 5 0 6 0 6 0 0 0 5 1 0 0 4 0 6 1 0 0 1 0 4 0 2 0 3 0 7 0 3 0 3 0 1 0 5 0 3 0 2 0 6 0 7 0 2 1 0 0 0 0 3 0 6 0 0 0 3 0 7 0 2 0 5 0 6 0 7 0 6 0 4 1 0 0 4 0 4 0 4 0 2 0 0 0 7 0 1 0 5 1 0 1 0 0 4 0 6 0 5 0 5 0 1 1 0 0 4 0 3 0 2 0 0 0 2 0 5 1 0 0 2 0 0 0 4 0 7 0 6 1 0 0 3 0 3 0 0 0 1 0 5 0 3 0 1 0 4 0 3 0 4 0 3 0 4 0 5 0 6 0 5 0 5 0 7 0 3 0 7 0 1 0 1 0 4 0 6 0 2 1 0 0 5 0 3 0 7 0 3 0 6 1 0 0 1 0 6 0 6 0 4 0 6 0 0 0 0 0 0 0 4 1 0 0 0 0 0 0 7 0 4 1 0 0 5 0 7 0 3 0 6 0 0 0 5 0 5 0 3 0 3 0 1 0 1 0 4 0 2 0 4 0 3 0 3 0 1 0 3 0 1 0 6 0 0 1 0
1 445 2 0 6 0 5 1 0 0 6 1 0 0 6 0 4 0 1 0 2 0 0 0 6 0 1 0 4 0 0 0 5 0 6 0 2 0 2 1 0 0 1 1 0 0 3 0 2 1 0 0 4 0 0 1 0 0 4 0 4 0 7 0 0 0 0 1 0 0 2 0 3 0 4 1 0 0 7 0 2 0 0 1 0 1 0 0 0 0 2 0 1 1 0 0 7 0 6 0 7 0 3 0 6 0 1 0 6 1 0 0 2 0 6 0 7 0 3 0 0 0 0 0 2 0 7 0 5 0 7 0 3 0 7 0 4 0 1 0 5 0 7 0 6 0 1 0 5 0 4 1 0 0 5 0 2 0 2 0 3 0 3 0 6 0 4 0 2 0 6 0 2 1 0 0 0 0 0 0 2 0 5 0 4 0 2 0 3 0 0 0 0 0 5 1 0 0 2 1 0 0 5 0 7 0 5 0 7 0 6 0 3 0 1 0 7 0 5 0 4 0 6 0 6 0 6 1 0 0 7 0 3 0 1 0 7 0 5 0 6 0 2 0 5 0 7 0 5 0 2 0 0 0 0 0 1 0 0 0 5 0 1 0 5 0 4 0 3 0 0 1 0 0 0 0 5 0 3 0 2 0 4 0 7 0 7 0 6 0 4 0 0 0 5 0 2 1 0 0 4 0 1 0 0 0 7 0 5 1 0 0 6 0 6 0 0 0 3 0 1 0 7 0 2 1 0 1 0 0 0 1 0 0 1 0 3 0 5 0 3 0 3 0 6 1 0 0 6 0 3 0 3 0 0 0 4 0 6 1 0 0 1 1 0 0 6 1 0 0 5 1 0 0 3 0 4 0 5 0 1 0 4 0 1 0 0 0 1 0 0 1 0 0 0 0 1 0 6 0 2 0 0 0 2 0 6 1 0 0 4 0 2 0 2 0 2 0 7 0 6 0 2 0 2 1 0 0 5 1 0 0 7 0 6 0 2 0 6 0 3 0 3 0 2 0 6
1 445 5 0 4 0 4 0 0 0 5 0 0 0 4 0 0 0 3 0 4 0 1 0 3 0 3 1 0 0 2 0 2 0 4 0 5 0 5 0 7 0 2 0 7 0 5 0 5 0 7 0 7 0 1 1 0 0 0 0 1 0 6 0 1 0 1 0 7 0 3 0 7 0 1 0 0 0 5 0 5 0 1 1 0 0 6 1 0 0 4 0 3 1 0 0 6 0 5 0 6 1 0 0 4 0 4 0 4 1 0 0 5 0 4 0 6 0 7 0 0 0 0 0 5 0 6 0 3 0 6 1 0 0 7 0 0 0 4 0 2 0 7 0 4 0 4 0 2 0 2 0 0 0 1 0 5 0 4 0 6 0 7 0 4 0 0 0 6 0 3 0 6 0 6 1 0 0 0 0 5 0 2 0 0 0 5 0 6 0 0 0 1 0 2 1 0 0 5 1 0 0 2 0 7 0 3 0 7 0 4 0 7 0 3 0 6 0 3 0 1 0 5 0 5 0 6 0 0 0 5 0 7 0 3 0 6 0 3 0 4 0 6 0 2 0 7 0 2 0 5 0 0 0 0 0 2 0 1 0 1 0 4 0 2 0 0 0 7 0 1 0 7 0 0 0 1 0 7 0 5 0 0 0 7 0 7 0 5 0 0 0 2 0 1 0 6 0 7 0 7 0 2 0 1 0 6 0 4 0 0 0 4 0 4 0 1 0 6 0 3 0 5 0 6 1 0 0 7 0 0 0 7 0 1 0 7 0 1 0 7 0 7 0 5 0 0 0 3 0 7 0 6 0 1 0 0 0 5 1 0 0 3 1 0 0 5 0 0 0 2 1 0 0 7 0 0 0 2 0 3 1 0 0 3 0 0 0 2 0 1 0 6 1 0 0 3 0 3 0 5 0 0 0 5 0 4 1 0 1 0 0 5 0 4 0 5 0 6 0 4 0 5 0 5 1 0 0 3 0 0 0 6 0 4 0 6 0 3 0 7 0 6 0 5 0 4
0 447 1 0 2 0 1 0 0 0 2 0 1 0 1 1 0 0 1 0 6 1 0 0 3 0 6 0 7 0 7 0 3 0 5 0 0 0 3 0 3 0 6 0 6 0 6 0 3 0 3 0 7 0 6 0 4 0 6 1 0 0 3 0 3 0 3 0 3 0 5 1 0 0 6 0 3 0 1 0 2 0 2 0 4 1 0 0 5 0 0 0 0 0 0 0 0 0 4 0 3 0 6 0 0 0 0 0 1 0 2 0 0 0 2 0 1 0 5 0 6 0 1 0 1 0 2 0 4 1 0 0 6 0 0 0 5 0 1 1 0 0 6 0 6 0 1 0 0 0 5 0 4 0 0 0 3 0 2 0 1 0 5 0 7 0 0 0 2 0 3 1 0 0 5 0 5 1 0 0 1 0 1 0 5 0 1 0 2 0 4 0 1 0 2 0 5 1 0 0 2 1 0 0 5 0 5 1 0 0 7 0 1 0 6 1 0 0 4 0 7 0 3 0 2 0 3 0 4 0 2 0 2 0 6 1 0 0 4 1 0 0 1 0 4 0 6 0 5 0 6 0 1 0 1 0 0 0 4 0 2 0 2 1 0 0 5 0 1 0 5 0 4 0 5 0 1 0 3 0 6 0 2 0 2 0 6 0 7 0 2 0 1 0 4 0 3 0 4 0 7 0 6 0 5 0 3 0 4 0 0 0 2 0 0 0 0 0 4 0 3 1 0 0 3 0 6 0 0 0 5 0 2 0 5 0 4 0 5 0 4 0 6 0 7 0 2 0 1 0 7 0 6 0 4 0 3 0 1 0 2 1 0 1 0 0 0 0 1 0 1 0 5 1 0 0 5 0 1 0 4 0 7 0 7 0 5 0 0 0 4 0 3 0 4 1 0 0 6 0 7 0 1 0 2 0 2 0 2 0 0 1 0 0 2 0 1 0 3 0 5 0 1 0 3 0 3 1 0 0 6 0 1 0 4 0 1 0 4 1 0 0 7 0 5 0 3 0 1
0 447 2 0 4 0 2 0 0 0 4 0 2 0 3 0 7 0 2 0 4 1 0 0 7 0 4 0 7 0 6 1 0 0 2 0 1 0 6 0 7 0 4 0 5 0 4 0 7 0 7 0 6 0 5 0 1 0 5 1 0 0 6 0 6 0 6 0 7 0 3 0 0 0 3 0 7 0 2 0 4 0 5 0 1 0 0 0 1 0 1 0 0 0 0 0 0 1 0 1 0 0 4 0 1 0 0 0 2 0 4 0 0 0 4 0 3 0 2 0 4 0 3 0 2 0 5 0 1 0 0 0 3 0 2 0 1 0 4 1 0 0 4 0 4 0 3 0 1 0 2 0 0 0 1 0 6 0 4 0 3 0 2 0 6 0 1 0 4 1 0 0 0 0 2 0 3 1 0 0 2 0 3 0 1 0 3 0 4 1 0 0 3 0 5 0 2 1 0 0 5 1 0 0 2 0 4 0 0 0 5 0 4 0 5 0 0 0 0 0 6 0 7 0 4 0 6 1 0 0 5 0 5 0 5 0 0 0 0 1 0 0 3 0 0 0 5 0 3 0 4 0 3 0 2 0 0 1 0 0 5 0 5 1 0 0 1 0 4 0 2 0 1 0 2 0 3 0 7 0 3 0 5 0 5 0 4 0 6 0 5 0 2 1 0 1 0 0 1 0 7 0 5 0 2 1 0 0 0 0 1 0 4 0 0 0 0 1 0 1 0 1 0 0 7 0 3 0 2 0 1 0 6 0 2 0 1 0 3 0 1 0 5 0 6 0 5 0 3 0 6 0 5 0 0 0 7 0 2 0 5 1 0 0 6 1 0 0 2 0 3 0 3 0 0 0 1 0 4 0 0 0 7 0 7 0 2 0 1 1 0 1 0 0 2 0 0 0 4 0 6 0 3 0 4 0 4 0 4 0 1 0 7 0 3 0 2 0 7 0 1 0 3 0 6 1 0 0 0 0 3 0 3 1 0 0 4 0 1 0 0 0 6 0 2 0 7 0 2
1 447 4 1 0 0 5 0 0 1 0 0 5 0 7 0 5 0 6 0 1 0 0 0 6 0 1 0 7 0 5 1 0 0 4 0 3 0 4 0 7 0 1 0 3 0 1 0 7 0 7 0 5 0 2 0 4 0 3 0 0 0 4 0 5 0 5 0 6 0 7 0 0 0 7 0 5 0 6 0 0 0 2 0 3 0 0 0 2 0 2 0 0 0 0 0 1 1 0 0 7 0 7 0 2 0 0 0 4 1 0 0 1 1 0 0 7 0 4 1 0 0 7 0 5 0 1 0 3 0 0 0 6 0 4 0 3 0 1 0 0 0 0 0 0 0 7 0 2 0 4 0 0 0 3 0 4 0 0 0 7 0 5 0 3 0 4 0 0 1 0 0 0 0 4 0 7 0 7 0 3 0 6 0 2 0 7 0 0 1 0 0 7 0 1 0 6 1 0 0 2 1 0 0 4 1 0 0 2 0 2 0 1 0 2 0 1 0 1 0 4 0 7 0 1 0 6 0 0 0 2 0 3 0 2 0 1 0 1 0 7 0 5 0 1 0 1 1 0 0 0 0 7 0 4 0 1 1 0 0 2 0 3 1 0 0 2 1 0 0 5 0 2 0 4 0 7 0 5 1 0 0 3 0 3 0 1 0 5 0 2 0 6 1 0 0 7 0 2 0 6 0 2 0 6 0 6 1 0 0 2 1 0 0 1 0 1 1 0 1 0 1 0 0 5 0 7 0 4 0 3 0 3 0 5 0 2 0 6 0 3 0 2 0 5 0 2 1 0 0 5 0 2 0 2 0 5 0 6 0 3 0 0 0 4 1 0 0 4 0 6 0 6 0 0 0 2 1 0 0 2 0 6 0 6 0 5 0 3 1 0 0 7 0 3 0 1 0 0 0 4 1 0 0 1 0 1 0 0 0 4 0 5 0 7 0 5 0 5 0 3 0 7 0 4 1 0 0 0 0 6 0 7 0 7 0 7 0 2 0 1 0 3 0 6 0 5 0 5
0 449 1 0 1 0 0 0 1 0 2 1 0 0 2 0 7 0 3 0 4 0 3 0 1 0 3 0 4 0 6 0 3 1 0 1 0 1 0 0 1 0 6 0 3 0 6 0 3 0 6 0 7 0 2 0 5 1 0 0 7 0 1 0 0 0 3 0 3 0 5 0 6 0 2 0 6 0 3 0 4 0 1 0 4 0 6 0 0 0 4 0 4 0 0 0 0 0 3 1 0 0 6 0 6 0 5 0 1 0 0 1 0 0 3 1 0 0 6 0 2 0 0 0 6 0 2 0 3 0 6 0 1 0 4 0 0 0 7 0 2 0 0 0 0 0 1 0 5 0 5 1 0 0 1 0 6 1 0 0 2 0 6 0 2 1 0 0 0 0 2 0 7 0 0 0 0 0 7 0 6 1 0 0 4 0 6 0 5 0 2 1 0 0 5 0 4 0 4 1 0 0 5 1 0 0 0 1 0 0 4 0 4 0 2 0 4 0 2 0 3 0 0 0 6 0 4 0 3 0 1 0 4 0 6 0 4 0 2 0 3 0 6 0 2 0 3 0 3 0 7 0 0 0 6 0 0 0 4 0 7 0 3 0 7 0 7 0 4 1 0 0 1 0 6 0 0 0 7 0 3 1 0 0 6 0 6 0 3 0 1 0 6 0 5 0 0 0 5 0 6 0 3 0 6 0 4 0 5 1 0 0 5 0 7 0 1 0 3 1 0 1 0 1 0 0 2 0 7 0 0 0 7 0 7 0 1 0 6 0 3 0 7 0 5 0 1 0 6 1 0 0 1 0 5 0 5 0 2 0 4 0 7 0 1 0 1 0 0 0 0 0 5 0 4 0 1 0 5 0 7 0 4 0 4 0 5 0 3 0 0 0 0 0 5 0 7 0 2 0 1 0 0 1 0 0 2 0 2 0 1 0 0 0 3 0 7 0 3 0 2 1 0 0 7 0 1 1 0 0 1 0 4 0 7 0 7 0 6 0 5 0 2 0 7 0 4 0 3 0 3
1 449 2 0 2 0 0 0 2 0 5 0 7 0 4 0 5 1 0 0 0 0 7 0 2 0 7 0 0 0 5 0 0 0 0 1 0 0 7 0 2 0 3 1 0 0 4 1 0 0 5 0 6 0 6 0 3 0 0 0 5 0 3 0 0 0 6 0 7 0 2 0 4 0 6 0 3 1 0 0 0 0 4 0 0 0 4 0 2 0 0 0 0 0 1 0 0 1 0 0 0 0 4 0 5 0 2 0 3 0 1 0 7 0 6 1 0 0 3 0 5 0 1 0 3 0 5 0 7 0 3 0 3 1 0 0 2 0 5 0 5 0 0 0 0 0 3 0 2 0 3 1 0 0 3 0 4 1 0 0 5 0 3 0 6 0 6 1 0 0 5 0 5 0 1 0 1 0 6 0 6 0 0 0 0 0 5 0 2 0 6 1 0 0 2 0 1 0 2 0 0 0 2 1 0 0 1 1 0 0 0 0 0 0 5 1 0 0 5 0 6 0 1 0 4 0 0 0 7 0 3 0 0 0 5 0 0 0 5 0 7 0 3 0 5 0 6 0 7 0 5 0 2 0 3 0 2 0 0 0 6 1 0 0 7 0 7 0 1 1 0 0 3 0 3 0 2 0 6 0 0 0 0 0 4 0 4 0 7 0 3 0 4 0 2 0 2 0 2 0 4 1 0 0 5 0 1 0 4 0 0 0 2 0 6 0 3 1 0 0 0 1 0 0 7 0 4 0 5 0 2 0 6 0 6 0 4 0 3 1 0 0 7 0 2 0 4 0 4 1 0 0 3 0 2 0 2 0 6 0 0 0 6 0 3 0 2 0 0 0 1 0 2 0 0 0 4 0 2 0 7 0 1 0 1 0 2 0 7 0 0 0 1 0 2 0 6 0 5 0 2 0 1 0 7 0 3 0 4 0 2 0 0 0 7 0 5 0 7 0 5 1 0 0 5 0 4 0 7 0 2 0 0 0 7 0 7 0 5 0 2 0 6 0 6 0 0 0 7 0 6
1 449 4 0 4 0 0 0 5 0 2 0 7 0 1 0 3 1 0 0 1 0 5 0 6 0 5 0 2 0 1 0 1 0 1 1 0 0 5 0 5 1 0 0 0 0 1 0 0 0 2 0 5 0 4 0 7 0 1 0 1 0 7 0 1 0 4 0 6 0 6 0 0 0 4 1 0 1 0 0 0 1 0 0 1 1 0 0 5 0 0 0 0 0 2 0 1 0 7 0 0 0 0 0 2 0 5 0 6 0 3 0 6 0 5 1 0 0 7 0 1 0 3 0 7 0 2 0 6 0 7 0 7 0 7 0 4 0 2 0 2 0 1 0 0 0 6 0 4 0 7 0 7 0 6 0 1 0 0 0 1 1 0 0 5 0 6 0 0 0 2 0 2 0 3 0 3 0 4 0 4 0 1 0 1 0 1 0 6 0 4 1 0 0 4 0 2 0 4 0 0 0 5 0 7 0 2 0 6 1 0 0 1 0 3 0 0 0 2 0 4 0 3 1 0 0 2 0 5 0 7 0 1 0 1 0 2 0 2 0 6 1 0 0 3 0 5 0 7 0 2 0 5 0 6 0 4 0 1 0 5 0 0 0 6 0 6 0 4 0 7 0 5 0 6 0 5 0 3 0 1 0 1 0 0 0 1 0 6 1 0 0 0 0 5 0 4 0 5 0 1 0 0 0 1 0 3 1 0 0 1 0 5 0 3 1 0 1 0 0 1 1 0 0 6 0 1 0 2 0 6 0 4 0 5 0 1 0 0 0 0 0 5 0 6 0 0 0 1 1 0 0 6 0 4 0 5 0 3 0 2 0 3 0 7 0 4 0 0 0 2 0 4 0 0 1 0 0 6 0 5 0 3 0 2 0 5 0 5 0 1 0 2 0 5 0 4 0 2 0 5 0 3 0 5 1 0 0 0 0 5 0 1 0 6 0 3 0 7 0 4 0 0 0 2 0 1 0 6 0 5 0 1 0 6 0 7 0 2 0 6 0 4 0 4 0 2 0 6 0 5
0 451 1 0 0 0 0 0 2 0 1 0 6 0 5 0 3 0 7 0 7 0 2 0 2 0 5 0 2 0 5 0 2 0 2 0 3 1 0 0 2 0 3 1 0 0 0 0 2 0 0 0 5 0 2 0 1 0 6 0 3 0 3 0 5 0 4 0 0 0 5 0 4 0 2 0 1 0 0 0 7 0 0 0 7 0 2 1 0 0 1 0 1 0 0 0 4 0 3 0 5 0 1 0 0 0 5 0 2 0 4 1 0 0 5 0 4 0 0 0 5 0 3 0 7 0 5 0 6 0 4 0 7 0 7 0 7 0 0 0 5 0 4 0 2 0 1 0 4 0 1 0 7 0 7 0 4 0 3 0 0 0 3 1 0 0 2 0 4 0 1 0 4 0 4 0 6 0 7 0 0 0 0 0 3 0 2 0 3 0 4 0 1 1 0 1 0 0 5 1 0 0 2 0 2 0 6 0 6 0 4 1 0 0 2 0 6 0 0 0 4 1 0 1 0 1 0 0 5 0 2 0 6 0 3 0 2 0 4 0 5 0 4 1 0 0 7 0 2 0 6 0 6 0 2 0 5 0 0 0 4 0 1 0 2 0 4 0 5 0 1 0 7 0 3 0 5 0 2 0 7 0 2 0 2 0 0 0 3 0 4 1 0 0 1 0 2 0 1 0 2 0 3 0 0 0 2 0 7 0 7 0 2 0 2 0 0 0 0 0 7 0 2 1 0 0 3 0 3 0 5 0 4 0 1 0 2 0 3 0 0 0 1 0 2 0 4 0 1 0 3 1 0 0 4 0 1 0 2 0 7 0 4 0 7 0 6 0 0 0 1 0 4 1 0 0 2 1 0 0 4 0 2 0 7 0 5 0 2 0 2 0 3 0 5 0 2 0 0 0 6 0 1 1 0 0 3 1 0 0 1 0 1 0 4 0 3 1 0 0 7 0 0 0 1 0 4 0 3 0 4 0 2 0 4 0 4 0 6 0 6 0 4 0 1 0 0 0 6 0 4 0 3
1 451 2 0 0 0 0 0 4 0 3 0 4 0 2 1 0 0 7 0 6 0 5 0 5 0 1 0 6 0 1 0 5 0 4 0 7 0 7 0 3 0 7 0 6 1 0 0 4 0 1 0 1 0 5 0 3 0 3 0 7 0 7 0 2 0 0 0 2 0 2 0 0 0 5 0 2 0 1 0 5 0 2 0 5 0 6 0 7 0 1 0 2 0 0 1 0 1 0 0 2 0 3 0 1 0 1 0 6 0 1 0 0 0 2 0 0 0 2 0 1 1 0 0 7 0 3 0 5 0 1 0 7 0 7 0 6 0 2 0 2 0 0 0 5 0 2 1 0 0 4 0 6 0 7 0 0 0 7 0 0 0 7 0 7 0 3 1 0 0 4 0 0 0 1 0 5 0 6 0 1 0 0 0 6 0 4 0 6 1 0 0 4 1 0 1 0 0 2 1 0 0 4 0 5 0 4 0 5 0 1 1 0 0 5 0 3 0 2 0 1 0 0 1 0 1 0 0 1 0 6 0 3 0 7 0 5 0 0 0 3 0 2 0 0 0 5 0 6 0 4 0 4 0 6 0 1 0 1 1 0 0 3 0 5 0 0 0 2 0 4 0 5 1 0 0 2 0 6 0 5 0 5 0 4 0 0 0 7 0 0 1 0 0 2 0 4 0 2 0 4 0 6 0 0 0 5 0 6 0 6 0 5 0 4 0 0 0 1 0 5 0 6 0 7 0 5 0 7 0 2 0 0 0 3 0 4 0 6 0 0 0 2 0 4 1 0 0 3 0 7 0 7 0 7 0 2 0 5 0 6 0 1 0 7 0 4 0 1 0 3 0 0 1 0 0 5 0 7 0 7 0 5 0 6 0 2 0 5 0 4 0 7 0 1 0 5 0 1 0 3 0 4 0 7 0 6 0 7 0 1 0 3 0 0 0 0 0 0 0 5 0 1 0 2 1 0 1 0 0 0 0 6 0 0 0 1 0 5 0 5 0 0 0 3 0 1 0 4 0 0 1 0
1 451 4 0 0 0 0 1 0 1 0 0 0 0 6 1 0 0 6 0 5 0 3 0 2 0 4 0 3 0 4 0 2 0 1 0 7 0 6 1 0 0 7 0 5 1 0 1 0 0 3 0 3 0 1 0 7 0 7 0 6 0 6 0 5 0 0 0 4 0 4 0 1 0 1 0 5 0 3 0 1 0 6 0 2 0 5 0 6 0 3 0 4 0 1 1 0 0 7 0 3 0 6 0 2 0 3 0 3 0 3 0 0 0 4 0 0 0 4 0 3 1 0 0 5 1 0 0 2 0 4 0 6 0 7 0 4 0 5 0 4 0 1 0 1 0 6 1 0 0 0 0 5 0 6 0 2 0 5 0 2 0 6 0 6 1 0 1 0 1 0 0 1 0 3 0 2 0 4 0 3 0 1 0 4 0 1 0 6 0 0 0 1 0 0 0 7 0 4 1 0 0 0 0 3 0 1 0 2 0 4 1 0 0 1 0 7 0 4 0 2 0 1 1 0 0 7 0 2 0 3 1 0 0 7 0 2 0 1 0 6 0 4 0 1 0 2 0 5 0 1 0 1 0 4 0 3 0 3 0 7 0 6 0 1 0 1 0 5 0 0 0 3 1 0 0 5 0 4 0 3 0 3 0 0 0 2 0 5 0 2 0 7 0 3 1 0 0 6 0 0 0 4 0 2 0 2 0 5 0 5 0 3 0 0 0 1 0 3 0 2 0 5 0 7 0 3 0 6 0 5 0 0 0 7 0 0 0 4 0 1 0 5 0 0 1 0 0 7 0 6 0 7 0 6 0 6 0 2 0 4 0 4 0 6 0 0 0 3 0 6 0 1 1 0 0 2 0 7 0 7 0 3 0 4 0 6 0 2 0 1 0 6 0 4 0 1 0 3 0 7 0 0 0 7 0 5 0 6 0 3 0 6 0 0 0 0 0 1 0 1 0 3 0 5 1 0 0 7 0 0 0 3 0 1 0 3 0 2 0 2 0 1 0 6 0 2 1 0 0 2 0 6
1 452 1 0 0 1 0 1 1 0 0 7 0 0 0 5 0 0 0 4 0 2 0 7 0 4 1 0 1 0 0 0 0 5 0 3 0 6 0 6 0 0 0 6 0 4 0 0 0 7 0 5 0 6 0 3 0 6 0 7 0 5 0 5 0 2 0 2 0 0 0 0 0 3 0 3 0 1 0 7 0 3 0 3 0 6 0 2 0 4 1 0 0 0 0 4 1 0 0 5 1 0 0 4 0 5 0 6 0 6 0 6 0 0 1 0 0 2 0 0 0 0 0 0 0 2 1 0 0 5 0 0 0 5 0 7 0 1 0 3 0 0 0 3 0 3 0 4 1 0 0 1 0 2 0 4 0 6 0 1 0 6 0 4 0 6 0 0 1 0 0 7 0 1 0 6 0 4 1 0 0 7 0 2 1 0 0 4 0 3 0 1 0 2 0 1 0 6 0 1 1 0 0 0 0 6 0 2 0 5 0 0 1 0 0 3 0 6 0 0 0 5 0 3 1 0 0 5 0 5 1 0 0 0 0 5 0 5 0 3 0 4 0 0 0 3 0 5 0 1 0 3 0 2 1 0 0 7 0 7 0 6 0 4 0 3 0 3 0 1 0 1 1 0 0 0 0 2 0 0 0 7 0 6 0 0 0 5 0 1 0 6 0 6 0 0 0 0 0 3 0 1 1 0 0 5 0 5 0 2 0 2 0 7 0 0 0 2 0 6 0 5 0 2 0 6 1 0 0 5 0 2 0 2 0 5 0 1 1 0 0 4 0 1 0 2 1 0 0 6 0 5 0 7 0 5 0 4 0 6 0 0 0 1 0 4 0 1 0 7 0 3 0 4 0 7 0 4 0 6 0 6 1 0 0 1 0 4 0 5 0 3 0 4 0 0 0 3 0 7 0 5 0 2 0 6 0 3 0 4 1 0 0 4 0 1 0 0 0 2 0 2 0 7 0 3 0 0 0 5 0 1 0 6 0 2 0 6 0 4 0 4 0 3 0 3 0 6 0 7 0 4 0 4
0 453 1 0 7 0 1 0 3 1 0 0 5 0 2 0 1 0 1 1 0 0 6 0 6 0 2 0 0 0 7 0 0 0 1 1 0 0 5 0 4 0 2 0 4 0 0 0 2 0 6 0 3 0 4 1 0 0 5 0 7 0 3 0 2 0 5 0 4 0 0 0 0 0 6 0 6 0 3 0 5 0 7 0 7 0 3 0 6 0 0 1 0 0 1 0 1 0 0 0 3 0 0 0 0 0 3 0 5 0 5 0 4 0 2 0 7 0 3 0 0 0 0 0 0 0 5 1 0 0 1 0 2 0 2 0 6 0 3 0 6 0 0 0 6 0 7 0 0 1 0 0 2 0 5 0 0 0 4 0 4 0 4 0 1 0 4 0 2 1 0 0 5 0 4 0 4 0 2 0 0 0 5 0 6 0 7 0 7 0 6 0 2 0 4 0 3 0 3 0 4 0 7 0 0 0 3 0 6 0 1 0 2 0 7 0 6 0 3 0 2 0 2 0 0 0 0 0 2 0 3 1 0 0 1 0 2 0 2 1 0 0 0 0 1 0 7 0 1 0 3 0 6 0 5 1 0 0 6 0 7 0 5 0 0 0 7 0 6 0 2 0 3 0 6 1 0 0 4 0 1 0 6 0 4 0 2 0 1 0 4 0 4 0 4 0 1 0 0 0 6 0 3 1 0 0 2 0 2 0 5 0 5 0 5 0 1 0 5 0 4 0 2 0 6 0 5 0 0 0 1 0 5 0 5 0 1 0 4 0 7 0 7 0 2 0 5 1 0 0 4 0 3 0 7 0 3 0 1 0 4 0 1 0 2 1 0 0 4 0 5 1 0 0 1 0 7 0 1 0 5 0 5 1 0 0 3 0 0 0 2 1 0 0 0 0 1 0 7 0 6 0 2 0 6 0 3 1 0 0 1 1 0 1 0 0 3 0 0 0 4 0 5 0 5 0 7 0 1 0 1 0 4 0 3 0 6 0 4 0 1 0 0 0 7 0 7 0 4 0 7 0 1 0 1
0 453 3 0 5 0 3 1 0 0 0 0 1 0 5 0 2 0 3 1 0 0 4 0 4 0 5 0 1 0 5 0 1 0 3 1 0 0 2 0 0 0 5 1 0 0 1 0 5 0 3 1 0 0 2 0 0 0 2 0 6 0 7 0 5 0 2 0 0 0 1 0 1 0 4 0 4 1 0 0 3 0 7 0 6 1 0 0 4 0 2 0 7 0 1 0 2 0 0 0 6 0 0 0 0 0 7 0 2 0 3 0 0 0 6 0 5 0 7 0 0 0 0 0 1 0 2 1 0 0 2 0 4 0 5 0 3 1 0 0 4 0 2 0 4 0 6 0 2 0 7 0 4 0 1 0 2 0 0 0 1 0 0 0 3 1 0 0 6 1 0 0 2 0 1 0 0 0 5 0 1 0 2 0 5 0 7 0 7 0 4 0 5 1 0 0 7 0 7 0 0 0 6 0 1 0 7 0 3 0 3 0 5 0 6 0 4 0 7 0 4 0 4 0 0 0 0 0 4 0 7 0 7 0 1 0 4 0 5 0 6 1 0 0 3 0 5 0 3 0 7 0 4 0 4 0 0 0 4 0 7 0 2 0 2 0 6 0 4 0 5 0 7 0 4 1 0 1 0 0 4 0 4 0 0 0 5 0 3 0 0 0 1 0 0 0 3 0 1 0 3 1 0 1 0 0 4 0 5 0 2 0 3 0 2 0 4 0 2 0 0 0 6 0 4 0 2 0 1 0 3 0 2 0 2 0 4 0 0 0 7 0 6 0 6 0 2 1 0 1 0 1 0 0 6 0 7 0 2 1 0 0 3 0 5 1 0 0 0 0 3 1 0 0 3 0 5 0 4 0 2 0 3 1 0 0 6 0 0 0 5 0 6 1 0 0 3 0 6 0 4 0 6 0 3 1 0 1 0 0 3 1 0 0 7 0 5 0 1 0 0 0 3 0 3 0 6 0 3 0 2 1 0 1 0 0 5 0 0 0 3 0 1 0 6 0 7 0 1 0 6 0 3 0 2
1 453 7 0 1 1 0 1 0 0 0 0 3 0 1 0 5 1 0 0 0 0 0 0 1 0 2 0 4 0 1 0 3 0 7 0 7 0 3 0 1 0 2 1 0 0 3 0 1 1 0 1 0 0 4 0 0 0 5 0 4 0 7 0 2 0 5 0 0 0 2 0 3 0 0 0 1 1 0 0 7 0 6 0 5 1 0 1 0 0 6 0 5 0 3 0 4 0 1 0 3 0 1 0 1 0 5 0 5 0 6 0 1 0 4 0 3 0 6 0 1 0 0 0 2 0 5 0 7 0 4 0 0 0 2 1 0 1 0 1 0 0 6 0 0 0 4 0 6 0 6 0 0 0 3 0 4 0 0 0 2 0 0 1 0 0 0 0 4 1 0 0 4 0 2 0 1 0 1 0 3 0 5 0 2 0 7 0 7 0 1 0 4 0 0 0 6 0 6 0 2 0 3 0 4 0 5 0 7 0 7 0 2 0 5 0 1 0 7 0 1 0 0 0 1 0 1 0 0 0 7 0 6 0 4 0 0 0 3 0 5 1 0 0 7 0 1 1 0 0 7 0 1 0 0 0 2 0 0 0 6 0 5 0 5 0 4 0 1 0 3 0 7 0 2 0 0 1 0 0 0 0 0 0 2 0 1 0 7 0 0 0 2 0 0 0 6 0 2 1 0 0 0 1 0 0 0 0 2 0 5 0 6 0 4 1 0 0 5 0 1 0 4 0 0 0 5 0 2 0 6 0 4 0 4 1 0 0 2 0 6 0 5 0 4 0 6 1 0 1 0 1 0 0 4 0 6 0 6 0 7 0 6 0 2 1 0 0 0 0 7 0 7 0 6 0 2 0 0 0 5 1 0 0 0 0 3 0 2 0 2 0 5 1 0 0 7 0 4 0 1 0 5 0 0 0 0 0 7 0 6 1 0 0 6 0 2 0 3 0 0 0 6 0 7 0 3 0 7 0 5 1 0 1 0 0 1 0 1 0 6 0 3 0 4 0 6 0 4 0 3 0 7 0 4
0 455 1 0 5 0 4 1 0 0 6 1 0 0 6 0 3 0 2 1 0 0 0 0 0 0 2 0 4 1 0 0 3 0 7 0 6 0 6 0 7 0 2 0 5 0 7 0 5 0 3 1 0 0 7 0 7 0 1 0 2 0 1 0 6 0 6 0 1 0 1 0 4 0 6 0 0 0 3 1 0 0 6 0 5 0 4 0 0 1 0 0 4 0 2 1 0 0 0 0 3 0 6 0 2 0 3 0 2 0 3 0 4 0 3 1 0 1 0 0 4 0 3 0 0 0 5 0 2 0 7 0 0 0 1 0 5 1 0 1 0 1 0 0 3 0 2 0 0 0 5 0 4 0 1 0 6 1 0 0 1 0 4 0 1 0 7 0 0 0 0 1 0 1 0 0 5 0 2 0 2 0 7 0 1 0 6 0 6 0 6 0 3 1 0 0 2 0 4 0 4 0 5 0 7 0 0 0 3 0 7 0 6 0 6 0 1 0 4 0 5 0 3 0 0 0 2 0 2 0 1 0 6 0 5 0 0 0 1 0 7 0 3 0 0 0 5 0 4 1 0 0 5 0 3 0 0 0 4 0 1 0 4 0 3 0 3 0 0 0 3 0 7 0 5 0 5 0 1 0 6 1 0 0 0 0 4 0 3 0 5 0 1 0 4 0 1 0 3 0 6 0 7 0 0 0 6 1 0 0 5 0 2 0 5 0 2 0 0 0 1 0 3 1 0 0 2 0 1 0 6 0 4 0 1 0 1 1 0 0 5 0 4 0 3 0 1 0 6 0 0 1 0 1 0 0 0 0 5 0 5 0 7 0 4 0 6 0 7 0 0 0 6 0 7 0 4 0 5 0 1 0 2 1 0 0 0 0 6 0 4 0 5 0 3 0 0 0 6 0 0 0 4 0 1 0 1 0 1 0 6 0 6 0 0 0 3 0 5 0 6 0 1 0 4 0 6 1 0 0 7 0 4 0 0 0 7 0 1 0 3 0 3 1 0 0 1 0 5 0 0 1 0 0 7 0 1
0 455 3 0 2 0 2 0 0 0 5 0 0 0 3 0 7 0 5 0 6 1 0 0 0 0 5 0 0 1 0 0 7 0 6 0 5 0 5 0 6 0 6 0 2 0 7 0 3 0 0 0 0 0 6 0 6 0 3 0 4 0 3 0 4 0 4 0 3 0 3 0 0 0 4 0 1 1 0 0 0 0 4 0 3 0 0 0 2 0 7 0 7 0 5 0 6 1 0 0 7 0 3 0 5 0 6 0 4 0 7 0 0 0 0 0 0 0 7 0 7 0 6 0 1 0 1 0 6 0 5 0 1 0 3 0 3 0 0 1 0 0 7 0 5 0 4 0 1 0 2 0 0 0 4 0 4 1 0 0 2 1 0 0 4 0 5 0 1 0 1 1 0 1 0 0 1 0 5 0 5 0 5 0 4 0 4 0 5 0 4 1 0 1 0 0 5 0 0 0 1 0 3 0 6 0 1 0 7 0 6 0 5 0 4 0 4 0 0 0 2 0 7 0 0 0 4 0 4 0 3 0 4 0 2 0 1 0 3 0 5 0 7 0 1 0 2 0 2 0 0 0 1 0 7 0 0 1 0 0 3 1 0 0 7 0 6 0 0 0 7 0 6 0 3 0 2 0 4 0 4 1 0 0 0 1 0 1 0 0 2 0 3 1 0 0 3 0 7 0 4 0 6 0 2 0 5 0 0 0 1 0 6 0 1 0 5 0 0 0 2 0 7 0 7 0 3 0 3 0 4 0 0 0 3 0 3 1 0 0 2 0 0 0 7 0 3 0 3 0 2 1 0 0 7 0 0 0 2 0 3 0 7 0 1 0 5 0 6 0 2 0 4 0 7 0 1 0 2 0 3 0 5 0 7 0 0 0 4 0 1 0 2 0 7 0 1 0 3 0 1 1 0 0 3 0 2 0 3 0 4 0 4 0 1 0 7 0 2 0 4 0 4 0 0 0 6 0 0 0 6 0 0 0 2 0 5 0 3 0 6 0 7 0 7 0 2 0 1 0 2 1 0 0 5 0 3
1 455 6 0 4 0 4 0 1 0 1 0 1 0 7 0 6 0 3 0 5 1 0 0 1 0 1 0 2 1 0 0 6 0 5 0 3 0 3 0 5 0 4 0 6 0 5 0 7 0 0 0 1 0 4 0 4 1 0 0 0 1 0 0 1 0 0 0 7 0 6 0 0 1 0 0 4 0 6 1 0 1 0 0 7 0 0 0 5 0 6 0 7 0 3 0 6 0 0 0 5 1 0 0 3 0 5 0 1 0 6 0 1 0 0 0 1 0 6 0 7 0 4 0 3 0 3 0 4 0 2 0 3 0 6 0 6 0 1 1 0 0 6 0 3 0 0 0 3 0 4 0 1 0 0 0 1 1 0 0 5 1 0 0 0 0 2 0 3 0 3 1 0 0 7 0 2 0 2 0 3 0 3 0 1 0 1 0 3 0 2 0 0 1 0 0 1 0 1 0 2 0 7 0 3 0 4 0 6 0 5 0 3 0 1 0 0 0 1 0 5 0 5 0 2 0 0 0 0 1 0 0 0 0 5 0 2 0 7 0 2 0 6 0 3 0 4 0 4 0 0 0 3 0 5 0 2 0 7 0 6 1 0 0 6 0 4 0 2 0 6 0 4 0 7 0 5 0 0 0 1 1 0 0 1 1 0 0 7 0 3 0 7 0 7 0 6 0 6 0 1 0 4 0 6 0 1 0 1 0 3 0 3 0 4 0 1 0 1 0 5 0 6 0 6 0 7 0 6 1 0 0 1 0 6 0 7 0 7 0 3 0 1 0 5 0 7 0 6 0 5 1 0 0 5 0 1 0 4 0 7 0 5 0 4 0 2 0 4 0 6 0 0 0 6 0 3 0 4 0 7 0 2 0 6 0 1 1 0 0 3 0 5 0 5 0 3 0 6 0 3 0 7 0 5 0 4 0 7 0 0 0 0 0 4 0 5 0 6 0 0 0 0 0 2 0 3 0 2 0 3 0 1 0 5 0 1 1 0 0 5 0 7 0 6 0 5 0 2 0 5 1 0 0 1 1 0
1 457 1 0 4 0 1 0 0 0 3 0 2 0 3 0 6 0 4 1 0 0 3 1 0 0 2 0 2 0 5 1 0 0 4 0 2 0 7 0 7 0 2 0 1 0 5 0 3 0 6 0 1 0 3 0 0 0 1 1 0 0 1 0 7 0 1 0 1 0 6 0 4 0 2 1 0 0 0 0 6 0 0 1 0 0 5 0 2 0 2 0 5 0 6 1 0 0 4 0 2 0 2 1 0 0 7 0 1 0 4 0 3 0 3 0 0 0 3 0 4 0 7 0 0 0 7 0 6 1 0 0 5 0 7 0 4 0 4 0 4 1 0 0 3 0 7 0 0 0 6 1 0 0 3 0 0 0 3 1 0 0 2 1 0 0 0 0 4 0 6 1 0 0 0 0 5 0 5 0 4 0 6 0 6 0 2 0 2 0 6 0 4 0 1 0 7 0 1 0 2 0 5 0 5 1 0 0 1 0 5 0 2 0 7 0 2 0 0 0 3 0 2 0 2 0 5 0 0 0 1 0 7 0 0 0 1 0 6 0 5 0 6 0 3 1 0 0 1 0 0 0 1 0 7 0 1 0 6 0 6 0 6 0 0 0 4 0 0 0 6 0 4 0 1 0 7 0 2 0 1 0 3 0 7 0 2 1 0 0 5 1 0 0 7 0 7 0 5 0 4 0 4 0 0 0 4 0 3 0 2 0 6 0 6 1 0 0 3 0 3 0 2 0 5 0 5 0 7 0 5 1 0 0 3 0 4 0 7 0 6 0 7 0 3 0 2 0 7 0 5 0 4 0 0 0 1 0 4 0 0 0 7 0 3 0 0 0 6 0 0 0 4 0 2 0 3 1 0 0 1 0 6 0 6 0 3 0 4 0 7 0 6 0 2 0 2 1 0 0 4 1 0 0 7 0 3 0 1 0 6 0 1 0 1 0 0 0 3 0 4 0 1 0 0 0 4 0 6 0 4 0 6 0 3 0 1 0 4 1 0 0 2 0 7 0 5 0 2 0 6 0 2 1 0 0 3 0 6
1 457 2 1 0 0 3 0 0 0 6 0 4 0 7 0 4 0 1 1 0 0 7 0 7 0 3 0 5 0 2 1 0 1 0 0 6 0 6 0 6 0 5 0 3 0 1 1 0 0 4 0 3 0 6 0 0 0 3 0 7 0 2 0 5 0 3 0 3 0 4 0 0 0 6 0 7 0 0 0 3 0 2 1 0 0 1 0 5 0 5 0 2 0 5 1 0 1 0 0 5 0 5 1 0 0 5 0 3 1 0 0 7 0 6 0 0 0 7 0 0 0 6 0 2 0 6 0 6 0 0 0 2 0 7 0 1 0 1 0 1 1 0 0 7 0 5 0 2 0 4 1 0 0 6 0 0 0 7 0 7 0 4 0 7 0 0 0 0 0 5 1 0 0 1 0 2 0 3 0 1 0 5 0 4 0 5 0 5 0 4 0 0 0 4 0 5 0 3 0 5 0 2 0 3 1 0 0 3 0 1 0 6 0 5 0 5 0 0 0 6 0 4 0 5 0 1 0 1 0 3 0 5 0 1 0 3 0 4 0 3 0 4 1 0 1 0 0 2 0 0 0 3 0 5 0 4 0 4 0 5 0 4 0 1 1 0 0 2 0 4 0 0 0 4 0 5 0 5 0 2 0 7 0 5 0 6 1 0 0 3 0 0 0 6 0 7 0 3 0 1 0 0 0 1 1 0 0 7 0 5 0 4 0 5 1 0 0 6 0 6 0 5 0 2 0 3 0 7 0 3 1 0 0 7 0 0 0 7 0 5 0 6 0 7 0 5 0 6 0 3 0 0 0 1 0 2 1 0 0 2 0 5 0 7 0 1 0 3 0 1 1 0 0 5 0 7 0 7 0 2 0 4 0 4 1 0 0 1 0 7 0 4 0 5 0 5 1 0 0 1 0 0 0 5 0 7 0 3 0 3 0 3 0 2 0 0 0 6 1 0 0 3 0 1 0 0 0 5 0 1 0 4 0 7 0 3 0 0 1 0 0 5 0 6 0 2 0 6 0 3 0 6 0 7 0 6 0 4
0 457 5 0 7 0 5 0 1 0 4 0 1 0 7 0 0 0 4 1 0 0 6 0 6 1 0 0 2 0 6 1 0 1 0 0 4 0 5 0 5 0 2 0 7 0 3 0 7 0 7 0 7 0 3 0 1 0 7 0 5 0 6 0 1 0 7 0 6 1 0 0 2 0 4 0 6 0 1 0 6 0 5 0 7 0 2 0 2 0 2 0 6 0 3 0 0 1 0 0 2 0 4 0 0 0 2 0 0 0 0 0 6 0 4 0 2 0 5 0 2 0 3 0 6 0 4 0 4 0 1 0 5 0 5 0 3 0 2 0 3 1 0 0 6 0 2 0 6 0 1 0 0 0 3 0 2 0 6 0 7 0 1 0 6 0 1 0 1 0 2 1 0 0 2 0 4 0 6 0 3 0 2 0 1 0 3 0 3 0 0 0 2 0 0 0 2 1 0 0 2 0 5 0 7 0 7 0 5 0 3 0 4 0 3 0 2 0 2 0 4 0 1 0 2 0 3 0 2 0 7 0 1 0 3 0 6 1 0 1 0 0 2 0 0 0 7 0 3 0 0 0 7 0 2 0 1 0 1 0 3 0 0 0 4 0 7 0 3 1 0 0 2 0 0 0 3 0 2 0 6 0 6 0 3 0 5 1 0 0 6 0 1 0 4 0 6 0 7 0 2 0 0 0 3 1 0 0 6 0 3 0 1 0 4 0 0 0 4 0 5 0 2 0 5 0 7 0 6 0 0 0 0 0 5 0 2 0 6 0 3 0 5 0 7 0 3 0 4 0 7 0 0 0 2 0 5 0 7 0 4 0 2 0 6 0 3 0 6 0 3 1 0 0 2 0 7 0 6 0 6 0 0 0 1 1 0 0 3 0 6 0 1 0 3 0 3 1 0 0 2 0 1 0 2 0 6 0 7 0 6 0 6 0 4 0 1 0 4 1 0 0 6 0 2 0 1 0 1 0 4 0 0 0 6 0 7 0 1 1 0 0 2 0 4 0 6 0 3 1 0 0 5 0 7 0 5 0 1
0 459 1 0 2 0 7 0 2 0 3 1 0 0 4 0 5 0 2 0 1 0 0 0 4 0 5 1 0 0 5 0 5 0 0 1 0 0 0 0 3 0 2 0 6 0 5 1 0 0 7 0 7 0 6 0 7 0 3 0 6 0 3 0 4 0 4 0 6 0 5 1 0 0 5 0 0 0 4 0 4 0 4 0 3 0 6 0 5 0 4 0 5 0 3 0 7 0 1 0 7 0 3 1 0 0 1 0 4 0 0 0 1 0 4 0 0 0 6 0 1 0 5 0 7 0 4 0 1 0 0 0 4 0 2 0 2 0 7 0 4 1 0 0 0 0 3 0 6 0 3 0 3 0 0 0 6 0 5 0 4 0 6 0 4 0 3 0 3 0 2 0 5 0 7 0 4 0 0 0 4 0 7 0 4 0 2 0 6 0 6 0 0 0 4 0 0 0 5 0 7 0 4 0 2 0 7 0 7 0 2 1 0 0 0 0 7 0 4 0 4 1 0 0 3 0 4 0 6 0 5 0 5 0 3 0 7 0 5 0 0 0 7 0 3 0 1 0 5 0 7 0 1 0 5 0 5 0 2 0 2 0 6 0 1 0 0 0 6 1 0 1 0 0 4 0 0 0 6 0 5 0 4 0 4 1 0 0 4 0 0 0 3 0 4 0 0 0 5 0 6 0 5 0 0 1 0 0 0 0 3 0 7 0 2 1 0 0 2 0 0 0 2 0 6 0 2 0 7 0 4 0 1 0 1 0 1 0 6 0 3 1 0 0 3 0 6 1 0 0 1 0 6 0 1 0 5 0 2 0 7 0 0 0 6 0 3 1 0 0 4 1 0 1 0 0 5 0 6 0 5 0 4 0 1 0 3 0 7 0 6 0 3 0 3 0 6 0 7 0 7 0 3 0 2 0 5 0 4 0 7 0 5 0 5 0 0 0 4 0 1 0 0 0 3 0 5 0 2 0 2 1 0 0 2 0 4 0 6 0 4 0 7 0 4 0 0 0 5 0 0 0 0 0 2 0 7 0 2 0 3
1 459 2 0 5 0 5 0 5 1 0 0 0 0 0 0 2 0 5 0 2 0 1 0 0 0 4 0 0 0 2 0 2 0 2 0 6 1 0 0 6 0 5 0 4 0 4 0 0 0 6 0 7 0 5 0 6 1 0 0 4 1 0 0 1 0 1 0 5 0 4 0 0 0 1 0 2 0 0 0 1 0 0 1 0 0 5 0 3 0 1 0 2 1 0 0 6 0 4 0 5 1 0 1 0 0 2 1 0 0 1 0 2 1 0 0 2 0 3 0 4 0 2 0 7 0 0 0 3 0 0 1 0 0 5 0 5 0 6 0 1 1 0 0 0 0 7 0 3 0 7 0 6 0 1 0 4 0 3 0 1 0 5 0 0 0 7 0 6 0 5 0 2 0 7 0 0 0 2 0 0 0 7 0 0 0 6 0 4 0 4 0 1 1 0 0 2 0 2 0 7 0 0 0 6 0 6 0 6 0 6 0 7 0 0 0 6 0 1 0 1 1 0 0 7 0 0 0 5 0 3 0 2 1 0 0 7 0 2 0 2 0 5 0 7 0 3 0 2 0 6 0 4 0 2 0 2 0 5 0 5 0 3 0 3 0 1 0 5 0 0 0 7 0 7 0 1 0 4 0 3 0 1 0 1 1 0 1 0 0 1 0 6 1 0 0 2 0 2 0 5 0 2 0 2 0 6 1 0 0 7 0 5 0 6 0 7 0 3 0 0 0 5 0 3 0 6 0 6 0 0 0 3 0 2 0 3 0 3 1 0 1 0 0 7 0 4 1 0 0 3 0 3 0 4 0 1 0 6 0 5 0 2 0 4 0 0 0 0 0 1 0 0 1 0 0 2 0 5 0 3 0 0 0 3 0 7 0 6 0 4 0 7 0 7 0 4 0 7 0 6 0 7 0 5 0 2 0 1 0 7 0 3 0 2 0 1 1 0 0 3 0 0 0 7 0 1 0 5 0 5 0 7 0 4 0 0 0 5 0 1 0 7 0 0 0 2 0 1 0 1 0 0 0 5 0 5 0 5 0 6
1 459 5 0 2 0 3 0 3 1 0 0 0 0 0 0 5 0 1 0 5 0 2 0 0 1 0 0 1 0 4 0 4 0 5 0 5 0 0 0 4 0 3 0 1 0 0 0 2 0 4 0 7 0 3 0 6 0 0 0 0 1 0 0 2 0 3 0 2 0 0 0 1 0 2 0 4 0 0 0 2 0 1 1 0 0 1 0 7 0 2 0 5 1 0 0 4 0 1 0 4 0 0 0 7 0 4 0 7 0 1 0 5 0 7 0 3 0 6 1 0 0 6 0 5 0 1 0 6 0 1 1 0 0 2 0 3 0 4 0 4 0 7 0 0 0 5 1 0 0 7 0 4 0 3 1 0 0 7 0 3 0 1 0 2 0 6 0 5 0 2 0 6 0 5 0 1 0 4 0 1 0 5 0 2 0 4 0 1 0 0 0 4 0 7 0 3 0 5 0 5 0 2 0 4 0 5 0 5 0 5 0 6 0 2 0 3 0 3 0 3 1 0 0 5 0 2 0 1 0 7 0 5 1 0 0 5 0 5 0 5 0 2 0 6 0 7 0 5 0 4 0 0 0 5 0 5 0 2 0 2 0 7 0 6 0 3 0 1 0 2 0 6 0 6 0 3 1 0 0 7 0 2 0 3 1 0 0 7 0 2 0 4 1 0 0 4 0 5 0 1 0 5 0 5 0 5 0 0 0 6 0 3 0 5 0 6 0 7 0 1 0 1 1 0 0 5 0 4 0 1 0 6 0 4 0 6 1 0 0 0 1 0 0 6 0 1 1 0 0 6 0 6 1 0 0 4 0 4 0 2 0 5 1 0 0 1 0 0 0 2 0 1 0 7 0 4 0 1 0 7 0 0 0 7 0 6 0 5 0 1 0 7 0 7 0 1 0 7 0 5 0 7 0 2 0 5 0 3 0 5 0 7 0 4 0 3 0 7 0 5 0 1 0 5 0 4 0 2 0 3 0 7 0 0 0 2 0 1 0 4 0 5 0 1 0 4 0 2 0 2 0 1 0 2 0 3 0 3 0 5
0 461 1 0 1 0 5 0 6 0 7 0 6 1 0 0 1 0 1 0 4 0 1 0 5 0 1 0 7 0 2 0 0 0 1 0 3 0 2 0 1 1 0 0 7 0 2 0 0 0 5 0 0 0 6 1 0 0 4 0 1 0 1 0 7 0 3 0 6 0 4 0 0 0 2 0 4 1 0 0 1 0 4 0 3 0 7 0 2 0 5 0 6 0 2 1 0 1 0 0 3 1 0 0 2 0 6 0 1 0 6 0 4 0 2 0 6 1 0 0 6 0 0 0 4 0 2 0 4 0 3 0 4 0 7 0 3 0 7 0 0 0 1 0 6 0 2 0 3 0 0 0 6 0 1 0 0 0 0 0 5 0 7 0 2 0 5 0 4 0 2 0 6 0 4 0 2 0 3 1 0 0 4 0 1 0 5 1 0 0 3 0 1 0 0 0 6 1 0 0 3 0 2 0 6 0 0 0 3 0 3 0 3 0 4 0 5 0 6 0 6 1 0 0 0 0 1 0 5 0 3 0 6 0 4 0 0 0 2 0 3 0 2 0 6 0 4 0 7 0 3 0 0 0 2 0 2 0 2 0 5 0 5 0 6 0 4 0 7 0 2 0 5 0 4 0 5 0 0 0 0 0 5 0 5 1 0 0 0 0 5 0 6 0 1 0 0 0 0 0 2 0 4 0 2 0 3 0 2 0 2 0 3 1 0 0 3 0 5 0 6 0 3 0 3 1 0 0 2 0 0 0 4 0 4 0 1 0 5 1 0 0 1 1 0 0 3 0 4 1 0 0 4 0 6 0 0 0 0 0 0 0 6 0 2 1 0 0 2 0 0 0 4 0 3 0 6 0 0 0 4 0 5 0 2 0 6 0 5 0 2 0 4 0 6 0 6 0 4 0 6 0 3 0 6 0 6 0 1 1 0 0 3 0 7 0 0 1 0 0 7 0 2 0 4 0 2 0 0 0 5 0 7 0 5 0 1 0 4 0 3 0 0 0 2 0 3 1 0 0 5 0 4 0 2 0 4 0 6 0 7 0 2
1 461 2 0 3 0 2 0 5 0 7 0 5 1 0 0 2 0 2 1 0 0 4 0 1 0 4 0 5 0 5 0 0 0 2 0 6 0 4 0 3 1 0 0 5 0 5 0 1 0 1 0 2 0 4 1 0 1 0 0 3 0 3 0 5 1 0 0 5 0 0 0 1 0 5 0 0 1 0 0 2 1 0 1 0 0 6 0 6 0 2 0 4 0 6 1 0 0 7 0 6 0 7 0 4 0 3 0 4 0 4 0 0 0 6 0 5 0 0 0 3 0 1 1 0 0 5 1 0 1 0 0 1 0 6 1 0 0 6 0 1 0 3 0 3 0 5 0 6 0 1 0 3 0 3 0 0 0 1 0 2 0 6 0 6 0 2 0 0 0 6 0 4 0 0 0 5 0 7 0 7 0 7 0 3 0 2 1 0 0 6 0 2 0 1 0 4 1 0 0 6 0 5 0 3 0 1 0 6 0 6 0 7 0 0 0 3 0 5 0 5 1 0 0 0 0 3 0 1 1 0 0 5 0 0 0 1 0 4 0 6 0 5 0 4 0 1 0 6 0 7 0 0 0 4 0 4 0 5 0 2 0 3 0 5 0 1 0 6 0 6 0 2 0 1 0 2 0 1 0 1 0 2 0 3 1 0 0 1 0 2 0 4 0 3 0 0 0 0 0 4 1 0 0 5 0 6 0 4 0 4 0 7 0 7 0 6 0 2 0 4 0 7 0 7 0 7 0 3 0 1 0 0 0 0 0 4 0 2 1 0 0 3 0 7 0 6 0 1 0 0 0 0 0 4 0 1 0 0 0 1 0 3 0 6 0 7 0 3 0 0 1 0 1 0 0 4 0 2 0 0 0 2 0 6 0 4 0 2 0 6 0 0 0 5 0 5 0 1 0 4 1 0 0 5 0 4 0 4 0 7 0 6 0 5 0 2 1 0 0 5 0 5 1 0 0 5 0 1 0 2 0 7 0 2 0 3 1 0 0 7 0 0 0 4 1 0 0 0 0 2 0 0 0 6 0 0 0 5 0 6 0 5
0 461 4 0 6 0 5 0 2 0 7 0 3 1 0 0 4 0 5 0 7 0 7 0 3 0 0 0 3 0 2 0 1 0 5 0 4 0 1 0 0 0 0 0 2 0 2 0 3 0 2 0 5 0 1 0 0 0 7 0 5 0 7 0 3 0 0 0 1 0 1 0 3 0 1 0 2 0 7 0 4 1 0 1 0 0 4 0 4 0 6 0 0 0 6 0 0 0 6 0 5 0 7 0 0 1 0 0 1 0 0 0 2 0 4 0 2 0 1 0 6 0 3 1 0 0 3 0 0 0 7 0 2 0 5 0 0 0 3 0 3 0 6 0 7 0 2 0 4 0 3 0 6 0 6 0 0 0 2 0 5 0 4 0 4 0 5 0 1 0 4 0 0 0 2 0 2 0 7 0 7 0 6 0 7 0 5 1 0 0 3 0 5 0 3 0 1 0 0 0 4 0 2 0 7 0 3 0 4 0 5 0 6 0 1 0 7 0 2 0 3 1 0 0 0 0 6 0 3 1 0 0 1 0 1 0 3 0 0 0 5 0 3 0 0 0 4 0 4 0 6 0 2 0 0 0 1 0 2 0 5 0 7 0 1 0 4 0 4 0 4 0 5 0 2 0 4 0 2 0 2 0 4 0 7 0 7 0 1 0 4 1 0 0 7 0 0 0 1 0 1 0 0 0 2 0 5 0 1 0 1 0 7 0 7 0 4 0 6 0 0 0 7 0 7 0 6 0 7 0 2 0 0 0 0 1 0 0 6 0 7 0 6 0 6 0 4 0 3 0 0 0 0 1 0 0 3 0 0 0 2 0 7 0 4 0 6 0 7 0 1 1 0 0 7 0 7 0 4 0 0 0 5 0 4 0 0 0 6 0 3 0 2 0 2 0 2 0 4 0 1 0 0 0 2 0 1 0 1 0 7 0 5 0 2 0 6 1 0 0 2 0 4 0 0 0 1 0 3 0 5 0 5 0 5 1 0 0 0 0 5 0 2 0 0 1 0 0 0 0 4 0 1 0 3 0 2 0 2 0 5 0 3
1 463 1 0 0 0 5 0 2 0 6 0 6 0 0 0 0 0 0 0 3 0 7 0 6 0 7 0 0 0 6 0 4 0 3 0 2 0 0 0 3 0 0 0 0 0 4 0 4 0 6 0 5 0 1 0 3 0 1 0 6 0 3 0 6 0 7 0 0 0 2 0 2 0 6 0 2 0 5 0 6 0 2 0 0 1 0 0 0 0 1 0 4 0 2 0 3 0 2 0 4 0 3 0 6 0 2 0 7 0 1 0 0 0 4 1 0 0 5 0 3 0 3 1 0 1 0 0 6 0 1 0 5 0 6 0 1 0 1 0 6 0 7 0 4 0 6 0 5 1 0 1 0 0 5 0 4 0 1 0 5 0 2 0 1 0 1 0 2 0 3 1 0 0 1 0 4 0 5 0 6 0 7 0 5 0 7 0 3 1 0 0 7 0 1 0 7 0 2 0 0 1 0 0 6 0 5 1 0 0 1 0 3 0 4 0 4 0 5 0 5 0 7 0 7 0 0 0 3 1 0 1 0 0 2 0 2 0 6 0 1 0 1 0 7 0 1 0 0 0 1 0 4 0 5 0 0 0 2 0 5 0 2 0 6 0 4 0 0 0 1 0 1 0 2 0 5 1 0 0 5 0 5 0 0 0 7 0 6 0 4 0 1 0 0 0 5 0 1 0 2 0 2 0 0 0 5 0 1 0 3 0 3 0 6 0 7 0 1 0 4 0 2 0 6 0 7 0 5 0 6 0 5 0 0 0 1 1 0 0 4 0 7 0 5 0 5 0 0 0 7 0 0 0 1 0 7 0 5 0 0 0 5 0 6 0 1 0 5 0 6 0 4 1 0 0 6 0 7 0 0 0 2 0 2 0 0 0 2 0 3 0 7 0 4 0 4 0 4 1 0 0 3 0 0 0 4 0 2 0 3 0 6 0 2 0 6 0 4 1 0 0 4 1 0 0 1 0 2 0 7 0 2 0 3 0 3 1 0 0 1 0 1 0 5 0 1 0 6 1 0 1 0 0 3 0 6 0 4 0 5 0 1 1 0
1 463 2 0 1 0 1 0 6 0 4 0 4 0 1 0 0 0 0 0 7 0 6 0 5 0 6 0 2 0 4 0 0 0 7 0 4 0 0 0 6 0 0 0 1 0 0 0 1 0 5 0 2 0 3 0 6 0 3 0 3 1 0 0 5 0 6 0 1 0 4 0 5 0 3 0 6 0 2 0 4 0 5 0 1 0 6 1 0 0 2 1 0 0 5 0 6 0 4 1 0 1 0 0 4 0 6 0 5 0 3 0 1 0 1 0 0 0 1 1 0 0 0 0 0 1 0 0 3 0 4 0 2 0 4 0 3 0 3 0 4 0 7 0 1 0 5 0 4 0 0 1 0 0 2 0 0 0 4 0 1 0 5 0 2 0 2 0 4 0 7 0 7 0 2 0 0 0 3 0 5 0 7 0 3 0 7 0 0 0 0 0 5 0 4 0 5 0 5 0 1 1 0 0 4 0 3 1 0 0 2 0 7 0 0 0 1 0 3 0 3 0 7 0 6 0 1 1 0 0 0 0 7 0 3 0 5 0 3 0 3 0 3 0 5 0 3 0 0 0 3 0 0 0 2 0 1 0 5 0 1 0 6 0 4 0 0 0 1 0 2 0 2 0 5 0 3 0 0 0 2 0 2 0 2 0 6 0 5 0 0 0 3 0 1 0 1 0 3 0 4 0 4 0 1 0 1 0 3 0 6 0 7 0 4 0 6 0 3 1 0 0 6 0 4 0 7 0 3 0 5 0 2 0 1 0 3 1 0 0 0 0 7 0 3 0 2 0 2 0 5 0 1 0 3 0 6 0 2 0 2 0 2 0 4 0 4 0 2 0 5 0 2 0 0 0 4 0 6 0 1 0 4 0 4 0 0 0 4 0 7 0 6 0 1 0 1 0 1 1 0 0 6 0 0 1 0 0 5 0 7 0 3 0 6 0 4 0 2 0 0 0 0 1 0 0 2 0 5 0 5 0 5 0 6 0 7 0 7 0 1 0 3 0 1 0 4 0 5 0 0 0 7 0 6 0 4 0 1 0 2 0 4 0 6
1 463 4 0 2 0 3 0 4 0 1 0 0 0 3 0 0 0 1 0 6 0 5 0 3 0 4 0 5 1 0 0 2 0 6 0 0 0 2 0 3 0 1 0 2 0 0 0 3 0 1 0 5 0 7 0 3 1 0 0 0 0 0 0 2 0 4 0 4 0 0 0 2 1 0 0 4 0 6 0 0 0 2 0 4 0 4 1 0 0 5 1 0 0 2 0 5 0 2 0 0 1 0 0 0 0 5 0 2 0 7 0 2 0 2 0 0 0 3 0 6 1 0 0 1 0 7 0 5 1 0 0 5 1 0 0 7 0 7 0 0 0 6 0 4 0 2 0 0 0 2 0 7 0 3 0 0 1 0 0 4 0 1 0 5 0 5 0 0 0 7 0 6 0 5 0 0 0 7 0 2 0 6 1 0 0 6 0 1 0 1 0 2 0 1 0 3 0 2 0 4 0 7 0 7 0 7 0 7 0 4 0 5 0 1 0 2 0 6 0 7 0 6 0 4 0 4 0 7 0 0 0 5 1 0 0 2 0 7 0 6 0 7 0 1 0 7 0 0 0 6 0 0 0 4 0 3 0 1 0 4 0 4 0 0 0 1 0 2 0 4 0 5 0 1 0 7 0 0 0 4 0 4 0 5 0 4 0 2 0 1 0 6 0 2 0 2 0 7 0 0 0 0 0 3 0 2 0 7 0 4 0 7 0 1 0 5 0 0 0 0 0 4 0 1 0 6 1 0 0 2 0 5 0 2 0 7 0 7 0 0 0 5 0 7 0 4 0 5 0 1 0 3 0 7 0 3 0 5 0 4 0 5 0 0 0 0 0 6 0 1 0 5 0 1 0 0 0 4 0 4 0 0 0 0 0 2 0 0 0 7 0 4 0 3 0 2 0 3 1 0 0 3 0 2 1 0 0 2 0 6 1 0 0 5 0 0 0 5 0 0 0 1 0 7 0 4 0 2 0 3 0 3 0 5 0 7 0 6 0 3 0 6 0 3 0 0 0 2 0 2 0 6 0 5 0 0 0 3 0 5 0 0 0 5
0 464 1 0 0 5 0 6 1 0 0 3 0 0 0 6 0 0 0 3 0 4 0 2 1 0 0 1 0 3 1 0 0 5 0 3 0 1 0 4 0 6 0 2 0 4 0 0 0 6 0 3 0 2 0 6 1 0 1 0 0 0 0 0 0 5 0 0 0 0 0 1 0 5 1 0 0 0 0 4 0 1 0 5 0 0 0 2 0 0 0 2 1 0 0 5 0 1 0 5 0 1 0 7 0 0 0 1 0 6 0 5 0 5 0 4 0 0 0 7 0 4 1 0 0 3 0 6 0 4 0 0 0 3 0 0 0 6 0 6 0 2 0 4 0 0 0 5 0 0 0 5 0 5 0 7 0 1 0 7 0 7 0 3 0 2 0 2 0 2 0 6 0 5 0 2 0 2 0 5 0 6 0 5 0 0 0 3 0 3 0 2 0 4 0 2 0 6 0 5 0 0 0 7 0 7 0 7 0 7 0 1 0 2 0 3 0 5 0 4 0 7 0 5 0 1 0 1 0 6 0 2 0 2 1 0 0 5 0 6 0 5 0 6 0 4 0 5 0 2 0 3 0 1 1 0 0 7 0 3 0 0 0 0 0 1 0 2 0 5 0 0 0 2 0 4 0 5 0 2 0 0 0 1 0 3 0 0 0 5 0 3 0 3 0 5 0 5 0 5 0 1 0 0 0 6 0 5 0 6 0 1 0 6 0 4 0 1 0 1 0 0 1 0 0 4 0 4 1 0 0 5 0 1 0 6 0 6 0 6 0 2 0 2 0 7 0 1 0 2 0 3 0 7 0 5 1 0 0 3 0 1 0 2 0 1 0 1 0 3 0 4 0 1 0 3 0 1 0 0 0 0 0 1 0 0 0 4 0 1 0 6 0 0 0 7 0 4 0 7 0 7 0 5 0 5 0 7 0 4 0 5 0 0 0 1 0 2 0 1 0 1 0 3 0 6 0 0 0 5 0 6 0 7 0 2 0 7 0 4 1 0 0 4 0 7 0 0 0 4 0 5 0 4 0 2 0 1 0 7 0 1 0 2 0 2
1 465 1 1 0 0 2 0 5 1 0 0 6 0 1 0 3 0 1 0 6 1 0 0 6 0 7 0 1 1 0 0 0 0 1 0 7 0 3 0 0 0 4 0 5 1 0 0 2 0 3 0 7 0 5 0 5 0 0 0 6 1 0 0 1 0 1 0 1 0 0 0 3 0 2 1 0 0 0 1 0 0 4 0 1 0 1 0 4 0 0 0 5 1 0 0 1 0 4 0 1 0 4 0 5 0 1 0 3 0 4 0 3 0 3 0 0 0 2 0 6 0 1 1 0 0 7 0 4 0 0 0 1 0 6 0 1 0 4 0 4 0 5 1 0 0 2 0 1 0 2 0 2 0 3 0 6 0 4 0 6 0 6 0 7 0 4 0 4 0 5 0 4 0 2 0 5 0 5 0 2 0 5 0 2 0 1 0 6 0 6 0 4 1 0 0 6 0 4 0 2 0 2 0 6 0 7 0 7 0 6 0 3 0 4 0 7 0 2 0 1 0 7 0 2 0 3 0 3 0 3 0 5 0 5 1 0 0 2 0 5 0 3 0 5 0 1 0 2 0 5 0 6 0 3 1 0 0 5 0 7 0 0 0 0 0 2 0 5 0 1 0 1 0 5 0 0 0 2 0 5 0 0 0 2 0 6 0 1 0 1 0 7 0 7 0 2 0 3 0 2 0 3 0 1 0 4 0 3 0 4 0 4 0 4 0 0 0 3 0 2 0 1 1 0 0 0 0 2 0 0 0 1 0 4 0 4 0 5 0 4 0 5 0 5 0 5 0 3 0 4 0 7 0 6 0 3 1 0 0 6 0 2 0 4 0 2 0 2 0 6 1 0 0 3 0 6 0 2 0 0 0 0 0 2 0 0 1 0 0 4 0 3 0 2 0 6 0 1 0 7 0 7 0 3 0 3 0 7 0 1 0 2 0 1 0 2 0 4 0 2 0 2 0 7 0 3 0 2 0 2 0 5 0 6 0 6 0 6 0 2 0 0 0 0 0 6 0 2 0 0 0 3 0 0 0 5 0 3 0 5 0 3 0 4 0 4
0 465 3 0 7 0 4 0 3 0 0 0 3 0 3 0 6 0 3 0 5 0 0 0 4 0 6 0 4 0 6 1 0 0 3 0 5 0 7 0 1 0 0 0 3 1 0 0 4 0 7 0 6 0 3 0 2 0 2 0 4 1 0 0 2 0 2 0 2 0 0 0 6 0 5 0 7 0 0 0 7 0 7 0 2 0 2 1 0 0 2 0 2 1 0 0 2 1 0 0 4 0 0 0 2 0 3 0 6 1 0 0 7 0 6 0 0 0 5 0 3 0 4 1 0 0 6 0 0 0 1 0 3 0 3 0 4 0 0 0 1 0 3 1 0 0 4 0 2 0 4 0 4 0 7 0 4 0 1 0 5 0 5 0 7 0 1 0 1 0 3 0 0 0 6 0 2 0 2 0 6 0 1 0 5 0 3 0 4 0 5 0 2 0 0 0 4 0 0 0 5 0 5 0 4 0 7 0 7 0 4 1 0 0 1 0 6 0 5 0 3 0 5 0 5 0 6 0 6 0 7 0 2 0 3 1 0 0 5 0 1 1 0 0 2 0 3 0 5 0 2 0 5 0 0 0 0 0 2 0 6 0 1 0 0 0 5 0 1 0 3 0 3 0 1 0 1 0 5 0 1 0 1 0 5 0 3 0 3 0 3 0 6 0 6 0 5 0 6 0 4 0 6 0 2 1 0 1 0 0 1 0 1 0 0 0 1 0 6 0 4 0 3 0 6 1 0 0 4 0 0 0 3 0 0 0 1 0 3 0 1 0 3 0 3 0 2 1 0 0 1 0 7 0 5 0 0 0 0 0 3 0 5 1 0 0 5 0 5 0 4 1 0 0 7 0 3 0 5 0 0 0 0 0 4 0 1 0 7 0 7 0 6 0 5 0 3 0 4 0 6 0 6 0 7 0 7 0 5 0 3 0 4 0 2 0 4 1 0 0 5 0 5 0 5 0 7 0 4 0 5 0 2 0 5 0 5 0 4 0 5 0 0 0 1 0 3 0 5 0 0 0 6 0 1 0 1 1 0 0 2 1 0 0 1 0 1
0 465 7 0 6 0 0 0 7 0 0 0 6 0 7 0 3 1 0 0 2 0 2 0 0 0 5 0 1 0 5 1 0 0 7 0 2 0 6 0 3 0 0 1 0 0 0 0 0 0 7 0 4 0 7 0 4 0 5 0 0 1 0 0 4 0 4 0 4 0 1 0 4 0 3 0 6 0 2 0 6 0 6 0 5 0 5 0 7 0 3 0 5 0 7 0 4 0 7 0 7 0 0 0 4 0 7 0 5 0 0 0 6 0 4 0 2 0 1 1 0 0 2 0 0 0 3 0 1 0 2 0 6 0 6 1 0 0 1 0 2 0 7 0 7 0 7 0 5 0 0 0 1 0 7 0 0 0 4 0 2 0 3 0 6 0 3 0 2 0 6 0 1 0 3 0 5 0 5 0 3 0 4 0 1 1 0 0 1 0 2 0 5 0 0 1 0 0 2 0 2 0 3 0 1 0 7 0 7 0 1 1 0 0 3 0 4 0 2 1 0 0 3 0 3 0 5 0 5 0 6 0 5 1 0 0 0 0 1 0 4 0 7 0 3 0 7 0 1 0 6 0 1 0 1 0 0 0 5 0 3 0 3 0 1 0 1 0 3 0 6 0 6 0 2 0 3 0 1 0 3 0 3 0 1 0 7 0 6 0 7 0 4 0 5 0 3 0 5 0 1 0 4 0 6 1 0 0 7 0 1 0 2 0 0 0 3 0 4 0 0 1 0 0 5 1 0 1 0 0 1 0 6 0 0 0 2 0 6 0 2 0 6 0 6 0 5 0 7 0 2 0 6 0 2 0 1 0 0 0 7 0 3 0 0 0 2 0 3 0 2 0 0 0 5 1 0 0 2 0 1 0 0 1 0 0 4 0 6 0 7 0 5 0 2 1 0 0 1 0 5 0 5 0 7 0 7 0 2 1 0 0 0 0 6 0 1 0 0 0 2 0 3 0 3 0 7 0 1 0 2 0 6 0 2 0 3 0 1 0 2 0 1 0 2 0 7 0 1 0 2 0 3 0 3 0 3 0 7 0 4 0 7 0 1 0 2
1 467 1 0 6 0 4 0 2 0 5 0 2 0 4 0 6 1 0 1 0 0 4 0 4 0 1 0 1 0 4 0 3 0 0 0 5 0 6 0 3 0 7 0 1 0 6 1 0 0 1 0 6 0 1 0 7 0 1 0 2 0 2 1 0 0 0 0 1 0 0 0 3 1 0 1 0 0 4 0 6 0 4 0 5 0 3 0 3 0 6 1 0 0 3 0 7 0 1 0 7 0 6 0 2 0 0 0 7 0 2 0 2 0 4 0 0 0 5 0 3 0 7 0 3 0 0 0 6 0 2 0 5 0 4 0 5 1 0 0 2 0 5 0 6 0 7 0 7 0 2 0 1 0 3 0 5 0 1 1 0 0 5 0 7 0 3 0 7 0 5 0 3 0 3 0 7 0 2 0 2 1 0 0 0 0 4 0 7 0 1 0 5 0 1 0 2 0 7 0 3 0 4 0 6 0 3 0 6 0 6 0 4 0 7 0 5 1 0 0 6 0 7 0 5 0 7 0 2 0 3 0 5 0 3 1 0 0 0 0 3 0 0 0 6 1 0 0 6 0 4 0 3 0 3 0 2 0 1 0 1 0 7 0 6 0 2 0 2 0 7 0 4 0 4 0 5 0 6 0 2 0 6 0 6 0 3 0 6 0 5 0 7 0 1 0 2 1 0 0 2 0 4 0 0 0 6 0 0 0 5 0 3 0 4 0 0 0 6 1 0 0 2 1 0 0 3 0 0 0 7 0 2 0 3 0 1 0 5 0 3 0 6 0 4 0 5 0 3 0 6 0 6 0 3 0 5 0 2 0 1 0 5 0 7 0 0 0 4 0 6 0 4 0 1 0 2 1 0 0 4 0 2 0 1 1 0 0 0 0 5 0 7 0 2 0 6 0 7 0 2 0 2 0 3 0 7 0 6 0 6 0 7 0 0 0 3 0 3 0 0 0 4 0 6 0 7 0 5 0 3 0 5 0 3 0 5 0 6 0 2 0 4 0 2 0 5 0 5 0 3 0 4 0 6 0 6 0 7 0 6 0 1 0 6 0 3 0 4
0 467 3 0 4 0 0 0 6 0 1 0 6 0 0 0 6 0 0 1 0 0 0 0 0 0 3 0 2 1 0 0 7 0 1 0 2 0 4 1 0 0 6 0 4 0 4 1 0 0 3 0 3 0 4 0 5 0 3 0 4 0 5 0 6 1 0 0 2 0 0 1 0 0 0 1 0 0 0 0 5 0 1 0 2 0 7 0 7 0 4 1 0 0 7 0 5 0 4 0 6 0 4 0 5 0 1 0 5 0 5 0 4 1 0 0 2 0 1 1 0 0 6 0 7 0 1 0 3 0 6 0 2 0 1 0 3 1 0 0 5 0 2 0 5 0 7 0 6 0 5 0 2 0 7 0 1 0 4 1 0 0 2 0 6 1 0 0 7 0 2 0 7 0 7 0 5 0 5 0 5 0 7 0 0 0 0 0 6 0 4 0 1 0 3 0 5 0 5 1 0 0 1 0 4 1 0 0 5 0 5 0 1 0 7 0 4 0 0 0 4 0 7 0 3 0 6 0 5 0 7 0 1 1 0 1 0 0 0 0 6 0 1 0 5 0 0 0 4 0 0 0 7 0 6 0 4 0 2 0 3 0 6 0 4 0 5 0 5 0 6 0 1 0 1 0 3 0 4 0 6 0 4 0 4 1 0 0 5 0 3 0 6 0 3 0 5 0 7 0 3 1 0 0 2 0 3 0 2 0 1 1 0 0 0 0 2 0 4 1 0 0 5 0 7 0 5 0 1 0 5 0 5 0 6 0 3 0 1 1 0 0 5 0 1 0 2 1 0 0 5 0 4 1 0 0 2 0 5 0 3 0 2 0 6 0 2 0 0 0 5 0 0 0 3 0 5 0 7 0 7 0 4 0 3 0 7 0 0 0 2 0 6 0 6 0 4 0 6 0 5 0 4 0 7 0 6 0 5 0 5 0 6 0 1 0 6 0 6 0 1 0 0 0 5 0 7 0 2 1 0 0 2 1 0 0 3 0 4 0 5 1 0 0 6 0 2 0 2 1 0 0 1 0 5 0 5 0 7 0 4 0 4 0 3 1 0 0 1
0 467 6 1 0 0 2 0 3 0 4 0 3 0 2 0 3 0 2 0 6 1 0 0 0 0 6 0 5 1 0 0 5 0 3 0 5 0 1 0 0 0 4 0 1 0 1 1 0 0 6 0 7 0 0 0 2 1 0 0 1 0 3 0 5 1 0 0 4 0 1 0 7 0 0 0 7 0 0 0 1 0 3 0 5 0 6 0 7 0 2 0 0 0 6 0 3 0 1 0 5 0 1 0 2 0 4 0 2 0 3 0 1 1 0 0 4 0 3 1 0 0 4 0 6 0 3 0 7 0 3 0 5 0 2 1 0 0 0 0 1 0 6 0 2 0 7 0 5 0 2 0 6 0 5 0 4 0 0 1 0 0 5 0 5 0 0 0 5 0 6 0 6 0 7 0 3 0 3 0 3 0 6 0 1 0 1 0 4 0 0 0 3 0 7 0 2 0 3 1 0 0 3 0 1 0 0 0 2 0 2 0 4 0 6 0 0 0 2 0 0 0 6 1 0 0 5 0 3 0 6 0 4 1 0 0 7 0 0 0 3 0 4 0 1 0 1 1 0 0 2 0 6 0 5 0 0 0 5 0 7 0 4 0 1 0 3 0 3 0 4 0 3 0 2 0 7 0 0 0 5 0 1 0 2 0 0 0 1 1 0 0 4 1 0 0 3 0 6 1 0 1 0 0 4 0 6 0 4 0 3 0 6 1 0 0 5 0 1 0 0 0 2 0 7 0 2 0 4 0 2 0 3 0 4 0 7 0 3 1 0 0 1 0 3 0 5 1 0 0 2 0 1 1 0 0 5 0 1 0 7 0 5 0 3 0 5 0 1 0 1 0 1 0 7 0 2 0 7 0 7 0 0 1 0 0 6 0 1 0 5 0 4 0 5 0 1 0 5 0 3 0 1 0 7 0 5 0 3 0 3 0 4 0 4 0 4 0 4 0 3 0 1 0 2 0 6 0 6 0 7 0 4 0 7 0 6 0 0 0 4 0 0 0 3 0 5 0 5 0 7 0 2 0 2 0 3 0 7 0 1 0 0 1 0 1 0 0 2
0 469 1 0 4 1 0 0 4 0 6 1 0 0 7 0 4 0 6 0 5 0 4 1 0 0 1 0 4 0 4 0 0 0 1 1 0 0 2 0 3 0 0 1 0 0 3 0 3 1 0 0 4 0 6 0 1 0 5 0 7 0 1 0 7 0 2 1 0 1 0 0 4 0 5 0 2 0 5 0 1 0 2 0 7 0 2 0 5 0 6 0 5 0 1 0 3 0 7 0 3 0 1 0 3 0 4 1 0 0 5 0 6 0 3 1 0 0 0 0 0 0 0 0 0 0 4 1 0 0 6 1 0 0 2 0 6 0 6 1 0 0 3 0 3 0 6 0 6 0 2 0 6 0 4 0 3 0 0 0 2 1 0 0 2 0 2 0 2 0 2 0 5 0 5 0 6 0 7 0 6 0 7 0 3 0 3 0 2 1 0 0 1 0 7 0 5 0 5 0 7 0 7 0 5 0 2 0 0 0 4 0 5 0 0 0 4 0 1 0 4 0 1 0 5 0 0 0 1 1 0 0 5 0 2 0 0 0 5 0 1 0 6 1 0 0 3 0 3 0 7 0 4 0 4 0 2 0 2 0 2 0 7 0 0 0 3 0 6 0 6 1 0 0 7 0 5 0 5 0 2 0 1 0 3 0 4 0 0 0 3 1 0 0 0 1 0 0 7 0 5 0 0 1 0 0 0 0 5 0 0 1 0 0 6 0 0 0 1 0 3 0 0 0 5 0 5 0 5 1 0 0 5 0 7 0 0 0 6 1 0 1 0 0 2 0 7 0 2 1 0 0 4 0 3 1 0 0 1 0 4 0 6 0 2 1 0 0 2 0 3 0 2 0 3 0 5 0 6 0 6 0 6 0 2 1 0 0 3 0 4 0 2 0 1 0 2 0 4 0 1 0 7 0 3 0 6 0 2 0 7 0 7 0 0 0 1 0 1 0 0 0 7 0 2 0 5 0 4 0 5 0 7 0 1 0 7 0 4 0 1 1 0 0 1 0 7 0 2 0 3 0 6 0 5 0 4 0 7 0 5 0 3 0 1 1 0 0 7 0 3
1 469 3 0 1 0 0 0 0 0 6 0 0 0 6 0 1 0 5 0 3 0 1 1 0 0 3 0 0 0 0 0 1 0 3 0 7 0 3 0 6 0 1 0 7 0 5 1 0 0 0 0 0 0 4 0 4 0 2 0 6 0 4 0 5 0 6 1 0 1 0 0 0 0 2 0 6 0 1 0 3 0 5 0 5 0 6 0 2 0 5 0 2 0 3 0 7 0 5 0 7 0 2 0 7 0 1 0 0 0 2 0 4 1 0 1 0 0 0 0 0 0 0 0 1 0 1 0 0 0 4 1 0 0 5 0 4 0 5 1 0 0 6 0 7 0 4 0 4 0 6 0 4 0 0 0 7 0 0 0 5 0 7 0 3 0 4 0 4 0 5 0 2 0 3 0 5 0 7 0 5 0 6 0 7 0 6 0 5 0 7 0 2 0 6 0 3 0 3 0 7 0 7 0 2 0 5 0 1 0 0 0 2 0 1 1 0 0 3 1 0 0 4 0 1 0 1 0 3 1 0 0 1 0 5 0 1 0 1 0 4 0 4 1 0 0 6 0 7 0 6 0 1 0 0 0 5 0 4 0 5 0 5 0 1 0 7 0 4 0 6 0 0 0 6 0 3 0 2 0 5 0 2 0 6 1 0 0 1 0 7 0 7 0 0 1 0 0 6 0 2 0 2 0 7 0 0 0 1 0 2 1 0 0 3 0 1 0 2 0 6 0 1 0 2 0 3 0 4 0 0 0 2 0 6 0 2 0 5 0 0 0 7 0 4 0 5 0 6 0 7 0 7 0 7 0 7 0 2 0 0 0 4 0 6 0 7 0 3 0 6 0 4 0 7 0 2 0 5 0 5 0 4 0 6 0 7 0 5 1 0 0 5 0 2 0 4 1 0 0 4 0 5 1 0 0 4 0 6 0 6 0 6 0 1 0 2 0 2 0 1 0 5 0 6 0 2 0 1 0 3 0 6 0 4 0 6 0 0 0 4 0 7 0 2 0 5 0 5 0 7 0 4 0 3 0 1 0 7 0 2 0 7 0 3 1 0 0 5 1 0
1 469 6 0 2 0 0 0 1 0 3 0 2 0 3 0 4 0 1 0 7 0 3 0 7 0 5 0 0 0 0 0 2 0 7 0 5 1 0 0 4 0 4 0 6 0 3 1 0 0 0 0 1 0 0 0 0 0 6 0 4 0 1 0 3 0 6 0 0 0 6 1 0 0 5 0 3 0 3 0 7 0 2 0 3 0 4 0 6 0 1 0 5 0 7 0 6 0 3 0 6 0 6 0 5 0 3 0 0 0 5 0 1 0 0 0 6 1 0 0 0 0 0 0 2 0 2 0 1 0 1 0 0 0 2 0 1 0 4 0 0 0 4 0 7 0 1 0 1 0 5 0 0 0 2 0 5 0 2 0 2 0 6 1 0 0 1 0 1 0 2 0 5 0 7 0 2 0 7 0 3 0 5 0 7 0 5 0 3 0 6 0 6 0 3 0 7 0 7 0 6 0 6 0 6 0 1 0 3 0 0 0 4 0 3 0 7 0 6 0 7 0 7 0 2 0 2 0 7 0 7 0 2 0 1 0 3 0 3 0 0 0 2 0 0 0 4 0 7 0 4 0 3 0 1 0 2 0 1 0 3 0 2 0 4 0 6 0 1 0 4 0 2 0 3 0 7 0 5 0 1 0 6 0 4 1 0 0 3 0 6 0 6 0 2 1 0 0 3 0 5 0 5 0 5 0 1 0 2 0 5 0 7 0 5 0 2 0 5 0 3 0 3 0 4 0 6 1 0 0 1 0 5 0 3 0 6 0 1 0 2 0 6 0 1 0 3 0 5 0 7 0 7 0 7 0 6 0 5 0 1 0 0 0 5 0 6 1 0 0 5 0 1 0 6 0 6 0 2 0 3 0 1 0 5 0 7 0 4 0 0 0 1 0 6 0 1 0 0 0 0 0 4 0 0 0 0 0 5 0 5 0 4 0 3 0 4 0 4 0 3 0 2 0 4 0 5 0 2 0 7 0 4 0 1 0 4 0 2 0 0 0 6 0 6 0 2 0 3 0 7 0 0 0 7 0 3 0 5 0 6 0 6 0 0 0 0 0 2 1 0
1 471 1 0 3 0 5 0 0 0 2 0 6 0 4 0 6 1 0 0 4 0 5 1 0 0 7 0 2 0 1 0 0 0 5 0 6 0 4 0 0 0 0 0 1 0 4 1 0 1 0 0 0 0 2 0 0 0 1 0 4 0 0 0 3 0 7 0 3 0 2 0 5 0 0 0 1 0 7 0 7 0 5 0 5 0 7 0 0 0 4 0 4 0 2 0 7 0 4 1 0 0 5 0 5 0 2 0 7 0 1 0 1 0 3 0 1 0 4 1 0 0 0 0 0 0 4 0 4 0 2 0 2 0 0 0 4 0 2 1 0 0 2 0 0 0 6 0 3 0 3 0 1 0 1 0 5 0 1 0 5 0 5 0 4 1 0 0 2 0 2 0 5 0 2 0 6 0 6 0 5 1 0 0 3 0 7 0 2 1 0 0 5 0 4 1 0 0 7 0 7 0 5 0 5 0 4 0 3 0 6 0 0 1 0 1 0 0 7 0 5 0 7 0 6 0 5 0 5 0 6 0 6 0 5 0 2 0 6 0 6 0 0 0 4 0 1 0 0 0 7 0 0 0 7 0 2 0 4 0 2 0 6 0 5 0 0 0 4 0 3 1 0 0 5 0 7 0 6 0 2 0 4 0 4 0 1 1 0 0 7 0 4 0 4 0 6 0 7 0 6 0 2 0 3 0 2 0 3 0 5 0 2 0 7 0 2 0 6 0 1 0 7 0 7 0 0 0 5 1 0 0 3 0 1 1 0 0 4 0 3 0 5 0 3 0 3 0 7 0 2 0 7 0 7 0 7 0 5 0 2 0 3 0 1 0 2 0 6 0 0 0 1 0 4 0 4 0 4 0 5 0 6 0 3 0 2 0 7 0 0 0 1 0 3 0 3 0 3 0 0 0 0 1 0 0 1 0 1 0 2 0 3 0 0 1 0 0 1 0 0 0 7 0 5 0 0 0 2 0 6 0 6 0 0 0 3 1 0 0 5 0 1 0 4 0 4 0 5 0 7 0 5 0 2 0 5 1 0 0 3 0 5 0 4 0 1 0 0 0 5 0 6
1 471 2 0 7 0 1 0 1 0 5 0 4 0 1 0 6 0 0 0 0 0 4 0 0 0 5 0 5 0 2 0 1 0 2 0 5 0 0 0 1 0 0 0 3 0 1 0 0 0 6 1 0 0 4 0 0 0 2 1 0 0 1 0 7 0 5 0 7 0 5 0 1 0 1 0 3 0 6 0 7 0 3 0 3 0 6 0 2 0 0 0 0 0 6 0 6 0 2 0 0 0 2 0 2 0 6 0 5 0 3 0 2 0 6 0 3 0 0 1 0 0 0 0 1 0 0 0 0 0 5 0 4 0 0 1 0 0 6 0 7 0 3 0 1 0 3 0 7 0 6 0 2 0 3 0 1 0 4 0 2 0 3 0 1 1 0 0 4 0 5 0 1 0 6 0 4 0 5 0 3 1 0 0 7 0 5 0 6 1 0 0 2 0 2 0 0 0 6 0 7 0 3 0 3 0 0 1 0 0 4 0 2 1 0 1 0 0 6 0 3 0 7 0 5 0 3 0 3 0 5 0 5 0 2 0 6 0 4 0 4 0 1 1 0 0 3 0 1 0 5 0 2 0 5 0 5 1 0 0 6 0 4 0 2 0 2 0 0 0 0 0 0 0 2 0 7 0 4 0 6 0 0 0 0 0 4 1 0 0 6 0 1 0 1 0 5 0 7 0 4 0 5 0 6 0 4 0 7 0 1 0 6 0 5 0 6 0 3 0 4 0 6 0 6 0 2 0 2 1 0 0 6 0 3 0 7 0 7 0 7 0 1 0 7 0 7 0 5 0 6 0 6 0 7 0 7 0 2 0 5 0 6 0 2 0 5 0 3 0 1 0 3 0 0 0 1 0 1 0 3 0 4 0 7 0 5 0 5 0 1 0 2 0 6 0 6 0 6 0 0 0 1 0 7 0 1 0 2 0 4 0 6 0 1 0 7 0 1 0 1 0 6 0 2 0 1 0 5 0 4 0 4 0 1 1 0 0 0 0 1 0 4 0 0 0 1 0 3 0 7 0 2 0 6 0 2 1 0 0 7 0 2 0 0 0 3 0 1 0 2 0 5
0 471 5 0 5 0 3 0 3 0 2 0 0 0 4 0 3 0 1 0 0 1 0 0 2 0 2 0 2 0 5 0 2 0 5 0 1 0 1 0 2 0 0 0 6 0 2 0 1 0 4 1 0 1 0 0 1 0 5 0 7 0 2 0 6 0 3 0 7 0 2 0 3 0 2 0 7 0 4 0 6 0 7 0 7 0 3 0 5 0 0 0 1 0 4 0 4 0 5 0 0 0 4 0 5 0 4 0 2 0 7 0 5 0 3 0 7 0 1 0 6 1 0 0 2 0 0 0 1 0 2 0 0 0 2 1 0 0 4 0 6 0 7 0 2 0 7 0 6 0 4 0 5 0 6 0 2 1 0 0 5 0 6 0 3 1 0 0 0 0 2 0 4 0 4 0 1 0 3 0 0 0 0 0 6 0 3 0 5 1 0 0 4 0 4 0 1 0 4 0 6 0 7 0 6 0 1 0 7 0 7 0 5 1 0 1 0 0 3 1 0 0 7 0 2 0 7 0 7 0 2 0 2 0 6 0 4 0 1 0 0 0 4 0 7 0 5 0 3 0 1 0 6 0 2 0 4 0 0 0 4 0 0 0 5 0 4 0 0 0 0 0 0 0 5 0 6 0 1 0 4 0 1 0 1 0 1 0 0 0 3 0 3 0 3 0 2 0 7 0 1 0 3 0 5 0 1 0 6 0 4 0 4 0 3 0 4 1 0 0 1 0 5 0 4 0 5 0 5 1 0 0 3 1 0 0 7 0 7 0 6 0 4 0 6 0 7 0 3 0 5 0 5 0 7 0 6 0 6 0 2 0 4 0 6 0 1 0 7 0 2 0 6 0 0 0 2 0 2 0 7 0 0 0 7 0 3 0 2 0 3 0 5 0 4 0 5 0 4 0 1 0 3 0 5 0 3 0 5 0 0 0 4 0 4 0 5 0 3 0 3 0 3 0 5 0 3 0 2 0 1 0 0 0 4 0 6 1 0 0 2 1 0 0 1 0 2 0 7 0 5 0 6 0 3 0 6 1 0 0 5 0 5 0 0 0 6 0 2 0 5 0 2
1 473 1 0 2 0 2 0 7 0 6 0 4 0 0 1 0 0 7 0 2 0 1 0 7 0 3 0 4 0 5 0 1 0 6 0 1 0 3 0 2 0 4 0 1 0 3 0 5 0 3 0 1 0 0 0 7 0 2 0 2 0 6 0 6 0 3 1 0 0 6 0 5 0 6 0 5 0 6 0 1 0 5 0 7 0 6 1 0 0 2 0 1 0 3 0 0 0 1 0 2 0 2 0 0 0 3 0 0 0 6 0 6 0 2 1 0 0 6 0 4 0 4 1 0 0 4 0 0 0 2 0 4 0 0 0 5 1 0 0 0 0 5 0 6 0 6 0 6 0 5 0 1 0 3 0 4 0 6 1 0 0 2 0 4 1 0 1 0 0 0 0 5 0 0 0 0 0 3 0 6 0 0 0 1 0 3 1 0 0 4 0 0 0 0 0 0 0 4 0 0 0 5 0 7 0 4 0 4 0 6 0 7 0 4 0 0 0 7 0 6 1 0 0 5 0 6 0 6 0 6 0 5 0 5 0 4 0 0 0 3 0 1 0 0 0 7 0 2 0 7 0 3 0 3 0 5 1 0 0 1 1 0 0 2 0 2 0 0 0 1 0 0 0 1 0 2 0 4 0 3 1 0 0 3 0 2 0 2 0 0 0 6 0 6 0 6 0 5 0 5 0 3 0 7 0 1 0 4 0 4 0 1 0 0 1 0 0 1 1 0 0 3 0 2 0 1 0 3 0 3 1 0 1 0 0 0 0 6 0 7 0 5 0 1 0 5 0 6 1 0 0 3 0 3 0 7 0 5 0 4 0 6 0 0 0 4 0 4 0 5 0 6 0 3 0 1 0 4 0 5 0 5 0 2 0 5 0 7 0 4 0 7 0 2 0 1 0 3 0 0 0 3 0 7 0 1 1 0 0 2 0 2 0 0 0 1 0 2 0 7 0 6 0 7 0 1 0 7 0 4 0 2 0 1 0 0 0 5 1 0 0 5 0 7 0 1 0 5 0 6 0 3 0 4 1 0 0 6 0 0 0 2 0 2 0 2 0 3 0 6 0 1 0 5
0 473 2 0 4 0 5 0 6 0 5 0 0 0 2 1 0 0 5 0 5 0 3 0 5 1 0 0 1 0 2 0 4 0 3 0 3 0 6 0 4 1 0 0 3 0 7 0 1 0 7 0 2 0 1 0 5 0 5 0 5 0 4 0 5 0 0 0 0 0 4 0 3 0 5 0 3 0 4 0 4 0 2 0 7 0 5 1 0 0 4 0 2 0 6 0 0 0 2 0 4 0 4 0 0 0 6 0 1 0 4 0 4 0 6 1 0 0 4 0 1 0 1 1 0 1 0 0 1 0 4 1 0 0 2 0 2 1 0 0 1 0 2 0 5 0 5 0 5 0 2 0 3 0 7 0 0 0 5 1 0 0 5 0 1 0 0 0 7 0 0 0 1 0 1 0 0 0 7 0 3 0 1 0 2 0 7 0 7 0 7 0 0 0 0 0 0 1 0 0 2 0 2 0 7 0 1 0 1 0 5 0 7 0 0 0 2 0 6 0 6 0 0 0 2 0 5 0 5 0 5 0 3 0 3 0 0 0 1 0 6 0 2 0 1 0 5 0 6 0 5 0 7 0 7 0 2 1 0 0 3 0 7 0 3 0 4 0 0 0 2 0 0 0 2 0 4 1 0 1 0 1 0 0 6 0 4 0 4 0 1 0 4 0 5 0 5 0 3 0 2 1 0 0 6 0 4 0 0 0 0 0 3 0 1 0 7 0 2 0 7 0 5 0 4 0 2 0 6 1 0 0 0 0 7 0 0 0 4 0 7 0 2 0 4 0 2 0 5 1 0 0 6 0 7 0 6 0 3 0 1 0 4 0 2 0 0 0 1 0 3 0 4 0 7 0 3 0 0 0 3 0 2 0 6 0 2 0 7 0 1 0 6 0 5 0 2 0 6 0 0 0 7 0 5 0 4 0 7 0 3 0 4 0 0 0 2 0 5 0 6 0 5 0 6 0 4 0 6 0 0 0 5 0 2 0 1 0 3 0 0 0 2 0 6 0 4 0 2 0 4 1 0 0 2 0 0 0 3 0 1 0 4 0 4 0 4 0 7 0 3 0 4 0 2
1 473 5 0 0 0 3 0 5 0 2 0 1 0 5 1 0 0 2 0 2 1 0 0 3 1 0 0 2 0 4 1 0 0 7 0 7 0 4 0 1 1 0 0 7 0 5 0 4 0 5 0 5 0 3 0 2 0 3 0 3 0 1 0 2 0 1 0 0 1 0 1 0 0 2 1 0 0 1 0 0 0 6 0 6 0 3 1 0 1 0 0 6 0 3 0 1 0 5 0 0 0 0 0 2 0 3 0 4 0 0 0 1 0 5 1 0 1 0 0 3 0 3 1 0 0 7 0 2 0 0 1 0 0 4 0 5 0 7 0 1 0 5 0 2 0 3 0 2 0 5 0 7 0 5 0 2 0 3 0 0 0 1 0 3 0 1 0 5 0 1 0 2 0 2 0 1 0 5 0 7 0 2 0 5 0 6 0 7 0 6 0 1 0 0 0 1 0 7 0 3 0 5 0 5 0 3 0 3 0 2 0 6 0 1 0 5 0 4 0 4 0 1 0 5 0 2 0 3 0 2 0 7 0 6 0 0 0 3 0 3 0 5 0 3 0 2 0 5 0 3 0 7 0 6 0 6 0 7 0 6 0 5 1 0 0 0 0 1 0 4 0 0 0 5 0 1 0 0 1 0 1 0 0 4 0 1 0 0 0 4 0 0 0 3 0 2 0 7 0 5 1 0 0 4 0 0 0 1 0 0 0 6 0 3 0 5 0 6 0 6 0 3 0 0 0 6 0 4 1 0 0 1 0 5 0 2 0 0 0 6 0 5 1 0 0 6 0 3 0 0 0 4 0 7 0 4 0 7 0 2 1 0 0 5 0 0 0 2 0 7 0 0 0 6 0 7 0 0 0 6 0 5 0 3 0 6 0 5 0 4 0 4 0 2 0 6 0 3 0 2 0 6 0 3 0 1 0 6 1 0 0 0 0 1 0 5 0 2 0 5 0 3 0 5 0 1 0 4 0 2 0 1 0 5 0 2 0 6 0 0 0 5 0 4 0 0 0 6 0 0 1 0 0 4 0 0 0 6 0 3 0 0 0 1 0 1 0 6 1 0 0 0 0 5
0 475 1 0 1 0 1 0 7 0 1 0 5 0 3 0 2 1 0 0 4 0 5 0 7 0 6 0 7 0 4 0 1 0 0 0 6 0 7 0 0 0 4 1 0 0 6 0 3 0 1 0 3 0 2 0 7 0 4 0 6 0 6 0 2 0 4 0 2 0 1 1 0 0 7 0 4 0 7 0 1 0 1 0 4 0 5 0 0 0 0 1 0 0 3 0 7 0 3 0 1 0 1 0 0 0 4 0 6 1 0 0 1 0 3 0 3 0 0 0 7 0 5 1 0 0 0 0 5 0 5 0 1 1 0 0 0 0 3 0 6 0 4 0 1 0 5 0 6 0 5 0 2 0 7 0 2 0 5 0 6 0 0 0 2 0 6 0 3 0 1 0 3 0 4 0 4 0 3 0 2 0 6 0 6 0 2 0 5 0 7 0 4 0 3 0 0 0 3 0 5 1 0 0 3 0 2 0 7 0 6 0 5 0 3 0 4 0 2 0 1 0 0 0 4 0 1 0 5 0 6 0 5 0 6 0 4 0 1 0 6 0 7 0 1 0 7 0 5 0 1 1 0 0 7 0 5 0 5 0 7 0 5 0 3 1 0 0 0 0 2 1 0 0 2 0 1 0 3 0 1 1 0 0 7 0 7 0 2 0 0 1 0 0 1 0 6 0 5 0 6 0 3 1 0 1 0 0 1 0 2 0 1 0 3 1 0 0 3 0 5 0 4 0 7 0 1 0 4 0 1 1 0 0 3 0 1 0 5 0 1 0 4 0 4 0 0 0 3 0 7 0 1 0 0 0 7 0 1 0 6 0 6 1 0 0 1 0 1 0 5 0 5 0 2 0 4 0 6 0 2 0 4 0 2 1 0 0 5 0 3 0 1 0 0 0 6 0 3 0 7 0 5 0 3 0 7 0 3 0 4 1 0 0 0 0 3 0 1 0 6 0 1 1 0 0 2 0 3 1 0 0 5 0 3 0 1 0 6 0 3 0 2 0 2 0 0 0 2 0 3 0 2 0 7 0 7 0 1 0 3 0 7 0 0 0 2 0 3 0 4 1 0 0 1 0 2
1 475 2 0 2 0 3 0 5 0 4 0 1 0 7 0 5 1 0 0 0 0 3 0 7 0 5 0 7 0 0 0 3 0 1 0 4 0 6 0 2 0 1 0 0 0 3 0 7 0 2 0 6 0 5 0 6 0 1 0 5 0 4 0 5 1 0 0 5 0 3 1 0 0 6 0 1 0 6 0 3 0 3 0 0 0 2 0 1 0 1 0 7 0 6 0 5 0 7 0 2 0 2 0 1 0 0 0 5 1 0 0 2 0 6 0 6 0 1 0 6 0 3 1 0 0 1 0 2 0 2 0 4 0 6 1 0 0 7 0 4 0 0 0 4 0 2 0 5 0 2 0 6 0 5 0 6 0 2 0 4 0 1 0 5 0 3 0 7 0 2 0 7 0 0 0 0 0 7 0 5 0 4 0 4 0 6 0 2 0 7 0 0 0 7 0 0 0 7 0 2 1 0 0 6 0 5 0 6 0 5 0 2 1 0 0 0 0 5 0 2 0 0 1 0 0 4 0 2 0 5 0 3 0 5 0 0 0 4 0 4 0 6 0 4 0 6 0 2 0 4 1 0 0 6 0 3 0 3 0 7 0 2 1 0 1 0 0 0 0 5 0 7 0 3 0 2 0 6 0 3 1 0 0 6 0 6 0 5 0 1 0 7 0 2 0 4 0 3 0 5 0 0 0 0 0 7 0 1 0 4 0 2 0 7 0 7 0 6 0 2 0 1 0 6 0 3 1 0 0 4 0 7 0 5 0 3 0 1 0 4 0 0 0 0 0 1 0 7 0 5 0 3 0 1 0 5 0 4 0 4 0 5 1 0 0 2 0 3 0 2 0 2 0 6 0 0 0 4 0 5 1 0 0 6 1 0 0 1 0 7 0 2 0 1 0 3 1 0 0 7 0 2 1 0 0 6 1 0 0 1 1 0 0 0 0 6 0 3 0 3 0 4 0 7 0 3 1 0 0 0 0 1 0 7 0 3 0 3 0 7 0 4 0 4 0 0 0 4 0 6 0 5 0 6 0 6 0 3 0 7 0 5 0 1 0 4 0 7 0 0 1 0 0 2 0 4
0 475 4 0 4 0 7 0 2 0 0 0 4 0 6 0 3 1 0 0 0 0 7 0 6 0 3 0 6 0 1 0 6 0 3 0 0 0 4 0 5 0 2 0 0 0 7 0 5 0 6 0 4 0 3 0 4 0 4 0 2 0 1 0 4 0 0 0 2 0 0 0 0 0 3 0 4 0 3 0 7 0 6 0 0 0 4 0 2 0 3 0 6 0 5 0 3 0 6 0 5 0 4 0 2 0 1 0 2 1 0 0 5 0 4 0 4 0 4 0 3 1 0 1 0 0 2 0 4 0 5 0 0 0 6 0 0 0 6 0 0 0 1 1 0 0 6 0 1 0 6 0 4 0 3 0 4 0 5 1 0 0 4 0 1 1 0 0 6 0 6 0 5 0 1 0 1 0 6 0 3 0 1 0 1 0 4 0 6 0 5 0 2 0 5 0 2 0 5 0 6 1 0 0 4 0 3 0 5 0 2 0 6 0 7 0 0 0 1 0 5 0 1 0 7 0 7 0 5 0 1 1 0 0 2 0 2 0 0 0 1 0 5 0 1 0 4 0 6 0 1 0 0 0 3 0 7 0 7 0 5 0 6 1 0 0 7 0 0 0 2 0 6 0 7 0 5 0 4 0 0 0 0 0 4 0 5 0 2 0 4 0 5 0 5 1 0 1 0 0 2 0 1 0 1 0 5 0 3 1 0 0 6 0 6 0 7 0 4 0 5 0 3 0 4 0 0 0 0 0 0 0 7 0 2 0 7 0 2 1 0 0 1 0 0 0 3 0 6 0 2 0 7 0 3 0 2 0 1 0 1 0 3 1 0 0 4 0 6 0 4 0 5 0 3 0 2 0 0 0 4 0 0 0 4 1 0 0 3 0 5 0 5 0 2 1 0 0 0 0 5 0 6 1 0 0 4 1 0 0 3 0 7 0 0 0 3 0 7 0 7 0 0 0 6 1 0 1 0 0 0 0 3 0 5 0 7 0 7 0 6 0 1 0 0 0 2 0 0 0 5 0 3 0 5 0 4 1 0 0 7 0 2 0 4 0 0 0 6 0 2 0 7 0 4 0 0
0 477 1 0 0 0 1 0 6 0 5 0 1 0 0 0 4 1 0 1 0 0 1 0 6 0 4 1 0 0 4 0 4 0 3 0 7 0 1 0 0 0 2 0 5 0 1 0 6 0 3 0 5 0 0 1 0 0 1 0 0 0 5 0 2 1 0 0 1 0 4 0 0 0 0 0 6 1 0 1 0 0 7 0 4 0 1 1 0 0 5 0 7 0 4 0 2 1 0 0 5 0 3 0 0 0 5 0 2 0 5 1 0 0 2 0 1 0 1 0 1 0 0 0 0 0 7 0 4 0 0 0 2 0 2 0 3 0 2 0 3 0 1 0 3 1 0 0 3 0 4 0 4 0 0 1 0 0 1 0 3 1 0 1 0 0 4 1 0 0 4 0 5 0 2 0 3 0 3 0 3 0 7 0 2 0 3 0 0 0 5 0 2 0 6 0 1 0 6 0 2 0 5 1 0 1 0 1 0 0 2 0 6 0 4 0 6 0 1 0 3 0 1 0 4 0 6 0 7 0 2 0 4 0 7 0 3 0 4 0 0 0 3 0 1 0 4 0 0 0 4 0 3 0 0 0 7 0 6 0 7 0 3 0 6 0 0 0 5 0 1 0 5 0 4 0 7 0 3 0 0 0 1 0 1 0 0 0 2 0 6 0 0 0 3 0 4 0 0 0 7 0 3 0 2 0 3 0 2 0 0 0 0 0 4 0 5 0 7 0 1 0 2 1 0 0 0 0 1 0 0 0 1 0 5 0 6 0 5 0 6 0 7 0 1 0 0 0 7 0 3 0 6 0 5 0 7 0 4 0 2 0 2 1 0 0 0 0 0 0 5 0 1 0 2 0 7 0 4 0 0 1 0 0 2 0 0 1 0 0 7 0 2 0 2 0 6 0 7 0 0 0 2 0 6 0 0 0 0 1 0 0 7 0 5 0 1 0 7 0 6 0 6 0 2 0 5 0 0 0 6 1 0 0 7 0 2 0 7 0 7 0 4 0 3 0 0 0 4 0 1 0 1 1 0 0 3 0 2 0 0 0 5 0 5 1 0 0 2 0 3 0 6 0 6 0 0 0 1
0 477 2 0 0 0 3 0 4 0 2 0 3 0 1 0 1 0 0 0 7 0 2 0 4 0 2 0 0 0 0 0 0 1 0 0 6 0 3 0 0 0 5 0 1 0 4 0 3 1 0 0 2 0 2 0 7 0 1 0 1 0 1 0 6 0 7 0 1 1 0 0 1 0 1 0 5 0 0 1 0 0 6 0 0 0 4 1 0 0 2 0 7 0 0 0 6 1 0 0 1 0 7 0 1 0 1 0 6 0 2 1 0 0 4 0 2 0 2 0 2 0 0 0 1 0 6 0 0 0 1 0 4 0 4 0 6 0 4 0 6 0 2 0 7 0 7 0 6 0 0 0 0 0 2 0 7 0 1 1 0 0 0 1 0 0 1 0 0 0 0 0 2 0 5 0 6 0 6 0 7 0 5 0 5 0 6 0 1 0 1 0 6 0 3 0 4 0 3 0 6 0 3 0 0 1 0 0 7 0 4 0 4 0 1 0 4 0 3 0 6 0 3 0 0 0 5 0 6 0 6 0 0 0 6 1 0 0 0 0 1 0 6 0 2 1 0 0 1 1 0 0 7 0 1 0 6 0 5 0 6 1 0 0 4 0 2 0 1 0 4 0 2 0 1 0 6 0 7 0 0 0 2 0 2 0 0 0 5 0 3 0 1 0 6 1 0 0 2 0 5 0 7 0 4 0 6 0 4 0 0 0 1 0 0 0 3 0 6 0 3 0 5 0 6 1 0 0 2 0 0 0 3 0 2 0 5 0 3 0 5 0 6 0 3 0 1 0 5 1 0 0 5 0 3 0 7 0 0 0 5 0 5 0 6 1 0 0 1 0 1 0 3 0 5 0 6 0 0 0 2 0 7 0 3 0 1 1 0 0 5 0 5 0 5 0 4 0 6 0 1 0 5 0 3 0 1 0 1 1 0 0 6 0 2 0 4 0 6 0 5 0 4 0 6 0 1 0 2 0 5 0 0 0 5 0 6 0 6 0 7 0 0 0 7 0 0 1 0 0 3 0 3 0 7 0 5 0 4 0 1 0 2 0 3 1 0 0 4 0 7 0 4 0 4 0 1 0 2
1 477 4 0 0 0 6 1 0 0 5 0 6 0 2 0 2 0 1 0 5 0 5 1 0 0 5 0 0 0 0 0 1 1 0 0 3 0 7 0 1 0 1 0 3 1 0 1 0 1 0 0 4 0 5 0 5 0 3 0 2 0 3 0 4 0 6 0 4 0 7 0 1 0 3 0 1 0 2 1 0 0 3 0 2 0 0 1 0 0 5 0 5 0 2 0 4 1 0 0 3 0 5 0 3 0 3 0 3 0 6 0 7 0 7 0 4 0 4 0 4 0 0 0 3 0 3 0 1 0 3 0 0 0 1 0 5 0 1 0 4 0 6 0 6 0 7 0 4 0 1 0 0 0 5 0 5 0 4 0 7 0 0 0 7 0 1 0 0 0 0 0 5 0 2 0 5 0 5 0 7 0 3 0 3 0 4 0 3 0 3 0 3 1 0 0 0 1 0 0 4 0 7 0 1 1 0 0 6 0 1 0 0 0 3 1 0 1 0 0 4 0 7 0 1 0 2 0 5 0 4 0 2 0 4 1 0 0 0 0 3 0 3 0 6 0 7 0 2 1 0 0 5 0 4 0 4 0 3 0 5 1 0 1 0 0 5 0 2 1 0 0 5 0 3 0 4 0 6 0 1 0 4 0 4 0 1 0 1 0 7 0 3 0 4 1 0 0 5 0 2 0 7 0 1 0 5 0 0 0 1 0 2 0 0 0 7 0 3 1 0 0 3 0 5 1 0 0 4 0 0 0 6 0 5 0 1 1 0 0 3 0 4 0 7 0 3 0 3 0 0 0 1 1 0 0 6 0 2 0 2 0 3 0 5 1 0 0 2 0 2 0 7 0 2 0 4 0 1 0 5 0 5 0 7 0 3 1 0 0 2 0 3 0 3 0 1 0 4 0 4 0 1 0 7 0 2 0 3 1 0 0 3 0 6 0 0 0 5 0 3 0 1 0 4 0 3 0 5 0 1 0 2 0 2 0 5 0 5 0 6 0 2 0 5 0 2 0 7 0 5 0 7 0 6 0 3 0 0 0 3 0 4 1 0 0 0 0 0 0 7 0 1 0 0 0 3 0 4
0 478 1 0 0 2 0 5 0 0 0 2 0 4 0 5 0 4 0 3 0 2 0 4 0 0 0 1 0 1 0 0 0 3 0 7 0 6 0 5 0 3 0 2 1 0 0 0 1 0 1 0 0 0 0 3 0 2 0 7 0 4 0 7 0 0 0 5 0 1 0 6 0 3 0 6 0 2 0 5 0 7 0 5 0 4 0 1 1 0 0 2 0 2 0 6 0 0 1 0 0 7 0 1 0 7 0 6 0 7 0 4 0 7 0 7 0 1 0 1 0 0 0 1 0 6 0 6 0 2 0 6 0 0 0 3 0 1 0 4 0 0 0 5 0 5 0 7 0 0 0 3 0 1 0 2 0 3 0 1 0 6 0 2 0 5 0 3 0 0 0 1 0 1 0 6 0 2 0 3 0 6 0 7 0 6 1 0 0 7 0 6 0 7 0 7 0 0 1 0 0 0 0 6 0 4 1 0 0 3 0 3 0 0 1 0 0 0 1 0 0 0 0 6 0 3 0 5 0 2 0 0 0 6 0 0 1 0 0 0 0 6 0 7 0 4 0 6 0 6 1 0 0 2 0 1 0 0 1 0 0 4 0 0 1 0 0 1 0 6 1 0 0 1 1 0 0 1 0 4 0 4 0 0 0 0 0 3 0 3 0 5 1 0 0 2 0 0 0 1 0 6 0 5 0 4 0 1 0 1 0 2 0 4 0 1 0 5 1 0 1 0 0 7 0 2 1 0 1 0 0 2 0 4 0 2 0 4 0 7 0 6 0 0 0 6 0 7 0 6 0 0 0 3 1 0 0 3 0 5 0 4 0 7 0 2 1 0 0 4 0 5 0 5 0 5 1 0 0 4 0 2 0 3 0 6 1 0 1 0 0 4 0 6 0 6 0 3 0 0 0 0 0 4 0 5 0 5 0 7 0 7 0 6 0 3 0 2 0 1 0 7 0 2 1 0 1 0 0 2 0 3 0 4 0 5 0 2 0 3 0 4 0 6 0 1 0 6 0 6 0 3 0 7 0 4 0 7 0 0 0 7 0 0 1 0 0 0 0 1 0 5 0 3 0 0 0 7 0 0
0 479 1 0 7 0 4 0 1 0 1 0 5 0 0 0 3 0 0 0 7 0 4 1 0 0 1 0 2 0 2 0 0 0 7 0 6 0 5 0 2 0 7 0 5 0 7 0 0 1 0 0 6 1 0 0 6 0 5 0 6 0 1 0 6 0 2 0 1 0 4 0 3 1 0 0 4 0 6 0 2 0 7 0 3 0 0 0 4 0 7 0 3 0 5 0 3 0 2 1 0 0 5 0 4 0 6 0 5 0 7 0 1 0 7 0 6 0 3 0 2 0 0 0 3 0 4 0 4 0 6 0 3 0 1 0 6 0 2 1 0 0 2 0 2 0 3 0 6 0 1 0 6 0 2 0 4 0 6 0 3 0 3 0 6 0 1 0 7 0 0 0 2 0 3 0 3 0 5 0 7 0 4 0 7 0 6 0 0 0 6 0 5 0 7 0 6 0 2 0 7 0 0 0 4 0 1 1 0 0 6 0 6 0 1 0 7 0 0 0 7 0 0 0 3 1 0 0 2 0 5 0 1 0 3 0 2 0 7 0 0 0 4 0 7 0 1 0 5 0 5 1 0 0 4 0 2 0 1 0 7 0 7 0 1 0 7 0 2 0 4 1 0 0 3 0 7 0 2 0 0 0 0 0 1 0 0 0 6 0 7 0 2 1 0 0 4 0 0 0 3 0 4 0 3 0 0 0 3 0 2 0 4 1 0 0 4 0 3 0 0 1 0 0 5 0 6 1 0 0 7 0 3 1 0 0 6 0 0 0 7 0 4 0 2 0 4 0 7 0 4 0 1 0 7 0 7 0 6 0 2 0 1 0 6 0 6 1 0 0 0 0 3 0 3 0 3 1 0 1 0 0 5 0 7 0 5 0 0 1 0 0 0 0 5 0 4 0 7 0 0 0 1 0 0 0 3 0 3 0 7 0 7 0 4 0 7 0 4 0 3 0 5 0 6 1 0 0 7 0 3 0 7 0 0 0 2 0 5 0 7 0 0 0 4 0 4 0 4 0 4 1 0 0 7 0 1 0 6 0 2 0 5 0 2 0 6 1 0 0 3 0 1 0 7 0 1 0 5 0 1
0 479 3 0 6 0 0 0 3 0 3 0 1 0 1 0 6 0 1 0 6 0 1 1 0 0 2 0 4 0 4 0 1 0 6 0 5 0 2 0 6 0 6 0 3 0 6 0 2 1 0 0 5 0 0 0 4 0 3 0 4 0 4 0 3 0 5 0 3 0 0 0 0 0 0 0 0 0 4 0 6 0 5 0 7 0 1 0 0 0 6 1 0 0 2 0 7 0 5 1 0 0 2 0 1 0 5 0 3 0 6 0 4 0 6 0 4 0 7 0 4 0 0 0 7 0 0 0 1 0 4 0 7 0 3 0 3 0 6 0 7 0 3 0 4 0 7 0 3 0 4 0 3 0 6 0 0 0 4 0 7 0 7 0 3 0 4 0 5 0 1 0 4 0 6 0 7 0 2 0 7 0 1 0 7 0 4 0 2 0 4 0 3 0 7 0 4 0 6 0 5 0 1 1 0 0 4 1 0 0 4 0 4 0 4 0 5 0 2 0 5 0 1 0 7 0 7 0 4 0 1 0 3 0 6 0 5 0 5 0 2 0 0 0 6 0 4 0 2 0 3 1 0 1 0 0 5 0 3 0 6 0 6 0 4 0 5 0 6 0 0 1 0 0 7 0 5 0 5 0 0 0 0 0 2 0 1 0 4 0 6 0 6 0 7 0 7 0 0 0 6 1 0 0 7 0 0 0 6 0 5 0 0 1 0 1 0 0 7 0 1 1 0 0 2 0 6 0 0 0 6 0 0 0 0 0 3 0 2 0 6 0 0 0 6 0 0 0 7 0 0 0 4 0 6 0 7 0 4 0 5 0 3 0 4 0 5 1 0 0 0 0 6 0 6 1 0 0 0 1 0 0 2 0 7 0 2 0 2 0 7 0 0 0 2 0 1 0 6 0 1 0 2 0 0 0 6 0 7 0 6 0 7 0 1 0 7 0 0 1 0 0 3 0 6 0 0 0 5 1 0 0 6 0 1 0 5 0 2 0 6 0 2 0 0 0 1 0 1 0 2 0 0 0 5 0 4 0 3 0 6 0 1 0 6 0 4 1 0 0 6 0 3 0 5 0 4 0 1 0 3
1 479 7 0 3 0 1 0 6 0 6 0 2 0 3 0 3 0 4 0 3 0 4 0 7 0 4 0 0 0 0 0 4 0 4 0 2 0 6 0 4 0 4 1 0 0 4 0 6 1 0 0 1 0 1 1 0 1 0 0 1 0 0 1 0 0 2 0 7 0 0 0 0 0 0 0 1 0 0 0 5 0 3 0 6 0 3 0 1 0 4 1 0 0 5 0 6 0 3 1 0 0 4 0 3 0 1 1 0 0 5 0 1 0 5 0 1 0 7 0 0 0 2 0 5 0 1 0 3 0 0 0 6 0 7 0 7 0 4 0 6 1 0 0 1 0 6 1 0 0 0 1 0 0 4 0 2 0 0 0 7 0 6 1 0 0 1 0 2 0 4 0 0 0 5 0 6 0 6 0 5 0 4 0 6 0 0 0 5 1 0 1 0 0 7 0 1 0 5 0 2 0 4 1 0 0 1 0 0 0 0 0 1 0 1 0 2 0 6 0 1 0 4 0 6 0 7 0 0 0 3 0 7 0 4 0 3 0 2 0 5 0 1 0 4 0 0 0 5 1 0 0 0 1 0 0 1 1 0 0 5 0 5 0 1 0 3 0 4 0 2 1 0 0 6 0 3 0 2 0 1 0 0 0 4 0 3 0 0 0 5 0 5 0 7 0 6 0 2 0 5 0 0 0 5 0 2 0 4 0 2 0 2 1 0 1 0 0 5 0 4 0 7 0 4 0 3 0 2 0 3 0 1 0 0 0 6 0 5 0 3 0 2 0 3 0 2 0 5 0 2 0 0 0 5 0 7 0 1 0 2 1 0 0 1 0 3 1 0 0 1 0 4 0 5 1 0 0 1 0 7 0 4 0 5 0 5 0 5 0 5 0 1 0 4 0 3 0 3 0 3 0 4 0 1 0 4 0 7 0 5 0 6 0 4 0 5 0 2 0 7 0 6 0 3 0 2 0 3 0 0 0 3 0 4 0 1 0 6 0 3 0 5 0 0 0 2 0 2 0 4 0 1 0 2 0 0 1 0 0 4 0 4 0 4 0 2 0 0 0 3 1 0 0 3 0 0 0 3 0 6
1 481 1 0 5 0 7 0 3 0 4 0 4 0 5 0 6 0 6 1 0 1 0 0 1 0 7 0 0 0 1 0 1 0 0 0 0 0 6 0 4 0 1 0 2 0 0 0 0 0 5 1 0 0 2 0 3 1 0 0 7 0 1 0 1 0 7 0 4 0 5 0 1 0 0 0 0 0 2 0 1 0 1 1 0 0 4 0 7 0 3 0 1 0 0 0 2 0 4 1 0 1 0 1 0 0 7 0 3 1 0 0 1 0 4 0 1 0 4 0 5 0 1 0 5 0 1 0 3 0 6 0 1 0 4 0 7 0 7 0 1 0 5 1 0 0 3 0 4 1 0 0 1 0 7 0 7 0 4 0 1 0 6 0 5 1 0 0 2 0 4 1 0 0 2 0 2 0 5 0 5 0 3 0 1 0 4 0 2 0 3 0 0 1 0 0 5 0 4 0 1 0 6 0 0 1 0 0 2 0 0 0 0 0 2 0 2 0 5 0 3 0 4 0 0 0 5 0 6 0 1 0 7 0 6 0 0 0 7 0 5 0 1 0 3 1 0 0 2 0 2 1 0 0 1 0 7 0 2 1 0 0 2 0 2 0 3 0 6 1 0 0 6 1 0 0 3 0 7 0 4 0 2 0 0 1 0 0 7 0 1 0 2 0 3 0 7 0 4 0 6 0 1 0 2 0 1 0 5 1 0 0 5 0 5 1 0 1 0 0 2 0 1 0 7 0 0 0 7 0 4 0 6 0 2 0 1 0 4 0 2 0 7 0 4 0 6 0 5 0 1 0 5 0 1 0 2 0 6 0 3 0 5 0 7 0 1 0 7 0 7 0 2 0 0 0 3 1 0 0 3 0 6 0 1 0 3 0 3 0 3 0 2 0 3 1 0 0 7 0 6 0 6 1 0 0 4 0 0 0 7 0 3 0 5 0 1 0 2 0 6 0 6 0 4 0 7 0 4 0 6 0 0 0 6 1 0 0 4 0 3 1 0 0 2 0 1 0 4 0 4 1 0 0 3 0 4 0 1 1 0 0 0 0 1 0 0 0 5 0 0 0 7 0 7 0 5 0 0 0 7 0 4
0 481 3 0 2 0 6 1 0 0 1 0 1 0 3 0 5 0 6 0 0 0 7 0 2 0 5 0 1 0 2 0 2 0 0 0 1 0 4 0 0 0 3 0 4 0 0 0 1 0 2 1 0 0 4 1 0 0 0 0 5 0 3 0 3 0 6 0 1 0 2 0 3 0 0 0 0 0 4 0 2 0 3 1 0 0 0 0 6 0 7 0 2 0 0 0 5 0 1 0 0 1 0 1 0 0 5 1 0 1 0 0 2 1 0 0 4 0 0 0 2 0 4 0 1 0 3 0 7 0 3 0 4 0 0 0 7 0 6 0 4 0 2 1 0 0 7 0 0 1 0 0 3 0 6 0 7 0 0 0 4 0 4 0 3 1 0 0 5 0 0 1 0 0 4 0 5 0 2 0 2 0 7 0 2 1 0 0 5 0 6 0 1 1 0 0 2 0 0 0 4 0 3 0 2 0 7 0 3 0 0 0 0 0 4 0 5 0 1 1 0 0 0 0 2 0 2 0 4 0 4 0 6 0 4 0 2 0 6 0 2 0 3 0 7 0 7 0 3 0 5 0 7 0 2 0 5 0 6 0 7 0 3 0 4 0 7 0 5 0 0 0 4 1 0 0 7 0 6 0 0 0 5 0 1 1 0 0 5 0 3 0 4 0 7 0 6 0 1 0 4 0 3 0 4 0 3 0 3 0 0 0 2 0 4 0 0 0 7 0 3 0 3 0 5 0 2 0 6 0 1 0 4 0 5 0 2 1 0 0 6 0 6 0 1 0 5 0 2 0 4 0 1 0 3 0 5 0 3 1 0 0 3 0 6 0 4 0 6 0 6 0 5 0 0 0 7 0 7 0 6 0 3 0 3 0 6 0 6 0 6 0 4 1 0 0 0 0 6 0 5 0 5 1 0 1 0 0 2 0 5 1 0 0 2 0 3 0 5 0 4 0 5 0 1 0 7 0 1 0 4 0 2 0 4 1 0 1 0 1 0 1 0 0 4 0 3 0 0 0 1 1 0 0 6 1 0 0 4 0 6 1 0 0 2 0 1 0 1 0 2 0 6 0 7 0 2 0 2 0 6 0 1
0 481 6 0 5 0 4 1 0 0 2 0 2 0 7 0 2 0 4 0 2 0 5 0 6 0 1 0 3 0 4 0 4 0 0 0 2 1 0 0 1 0 6 1 0 0 1 0 2 0 5 1 0 0 0 1 0 0 1 0 1 0 7 0 7 0 3 0 3 0 4 0 6 0 0 0 0 1 0 0 5 0 7 0 7 0 0 0 4 0 6 0 5 0 1 0 1 0 3 0 1 1 0 1 0 0 3 0 0 0 7 0 4 0 7 0 7 0 0 0 4 1 0 0 3 0 7 0 5 1 0 0 0 0 2 0 6 0 5 0 0 0 6 1 0 0 5 0 2 0 7 0 6 0 4 0 6 0 2 0 0 0 1 0 0 0 0 0 1 0 2 1 0 0 0 0 2 0 5 0 5 0 5 0 6 1 0 0 2 0 4 0 4 0 7 0 3 0 0 1 0 0 7 0 5 0 5 0 7 0 0 0 1 0 0 0 2 0 4 0 6 1 0 0 4 0 5 0 0 0 1 0 5 0 0 0 6 0 3 0 5 0 7 0 6 0 6 1 0 0 3 0 6 0 6 0 2 0 5 0 6 1 0 0 1 0 7 0 2 0 2 0 1 0 0 0 6 0 4 0 2 0 1 0 4 1 0 0 1 1 0 0 1 0 7 0 4 0 3 1 0 1 0 0 0 0 7 0 6 0 0 0 4 1 0 0 2 0 5 0 7 0 7 0 1 0 6 0 3 0 4 0 0 0 2 0 6 1 0 0 4 0 4 0 4 0 1 0 5 1 0 0 3 0 7 0 1 1 0 1 0 0 7 0 4 0 1 0 5 0 5 0 2 0 2 0 6 0 7 0 4 0 7 0 7 0 4 0 5 0 5 0 1 1 0 0 1 0 4 0 3 0 4 0 0 0 7 0 4 0 2 1 0 0 4 0 7 0 2 0 1 0 2 0 4 0 5 0 3 1 0 0 6 0 1 0 0 1 0 1 0 0 7 0 7 0 6 0 0 0 3 1 0 0 5 0 0 0 0 0 5 1 0 0 4 0 2 0 2 0 5 0 4 0 6 0 5 0 5 0 3 0 3
1 483 1 0 4 0 3 0 1 1 0 0 4 0 5 0 5 0 5 1 0 0 6 0 2 0 4 0 3 0 7 0 0 0 0 0 1 0 5 0 7 0 2 0 4 1 0 0 2 0 5 0 2 1 0 0 1 0 7 0 1 0 3 0 6 0 6 0 7 0 7 0 0 0 4 0 1 0 1 1 0 0 2 0 7 0 6 0 2 0 0 0 5 0 2 0 3 0 2 0 6 0 3 1 0 0 7 0 5 0 1 0 6 0 1 0 7 0 6 0 2 0 0 1 0 0 7 0 6 0 3 1 0 0 0 0 5 0 4 0 2 0 2 0 5 0 0 0 1 0 6 0 6 0 5 0 1 0 4 0 5 0 0 0 2 0 0 0 0 0 2 0 5 0 6 1 0 0 5 0 2 0 3 0 3 0 5 1 0 0 5 0 0 0 1 0 6 0 7 0 1 1 0 0 6 0 3 0 3 0 6 0 1 0 2 0 0 0 5 0 0 0 6 0 0 0 0 0 2 0 1 0 3 0 1 0 2 0 3 1 0 0 3 0 7 0 5 0 5 1 0 0 7 0 4 0 4 0 6 0 2 0 5 1 0 0 3 0 5 0 5 0 4 0 2 0 1 0 4 0 0 0 5 0 3 0 0 1 0 0 3 0 7 0 2 0 6 0 1 0 0 0 0 0 7 0 0 0 6 0 4 0 2 0 0 1 0 0 5 0 2 0 7 0 6 0 4 0 3 1 0 0 0 0 1 0 5 0 5 0 0 0 0 0 1 0 0 0 4 0 2 1 0 0 7 0 5 0 4 1 0 1 0 0 6 0 0 0 4 0 2 0 2 0 5 0 5 0 4 0 7 0 1 0 7 0 7 0 1 0 3 0 2 0 4 0 7 0 1 1 0 1 0 0 0 0 2 0 6 0 0 0 6 1 0 0 0 0 6 0 5 0 2 0 5 0 0 0 3 0 0 0 0 0 3 0 3 0 1 1 0 1 0 0 6 0 7 0 4 0 1 1 0 0 0 0 1 0 1 0 1 0 2 1 0 1 0 0 5 0 5 0 2 0 1 0 5 0 3 0 2 0 7 0 6
1 483 2 1 0 0 7 0 3 1 0 0 0 0 3 0 3 0 4 0 0 0 3 0 5 1 0 1 0 0 6 0 1 0 0 0 3 0 2 0 6 0 6 0 0 1 0 0 5 0 1 0 6 0 7 0 2 0 5 0 3 0 7 0 4 0 5 0 7 0 6 0 1 1 0 0 3 0 3 0 7 0 4 0 6 0 4 0 5 0 1 0 1 0 5 0 6 0 5 0 4 0 0 0 0 0 6 0 2 0 4 0 3 0 4 0 6 0 4 0 5 0 1 1 0 0 6 0 4 1 0 1 0 0 1 0 2 0 0 0 5 0 5 0 1 0 1 0 3 0 4 0 5 0 2 0 4 0 0 0 2 0 1 0 4 0 0 0 0 0 5 0 2 0 6 0 0 0 1 0 5 0 6 0 7 0 3 0 0 0 1 0 1 0 3 0 4 0 6 0 4 1 0 0 3 0 7 0 7 0 3 0 3 0 4 0 1 0 1 0 2 0 3 0 1 0 0 0 4 0 2 0 6 0 2 0 4 0 7 0 7 0 6 0 6 0 3 0 4 0 0 0 6 0 1 0 1 0 4 0 6 0 2 1 0 0 7 0 2 0 3 0 0 0 5 0 2 1 0 0 2 0 1 0 7 0 1 0 7 0 6 0 5 0 6 0 3 0 3 0 0 0 1 0 5 0 2 0 4 0 0 0 5 0 1 1 0 0 1 0 6 0 6 0 5 0 0 1 0 1 0 0 0 0 3 0 2 0 2 0 1 0 0 0 2 0 0 1 0 0 6 1 0 0 6 0 3 0 2 0 0 1 0 0 3 0 1 1 0 0 5 0 5 0 2 0 3 0 1 0 6 0 4 0 6 0 6 0 3 0 6 0 5 0 0 0 6 0 4 1 0 0 6 1 0 0 5 0 3 0 2 0 4 1 0 0 1 0 4 0 2 0 6 0 1 0 1 0 6 0 0 0 0 0 6 0 6 0 3 1 0 1 0 0 4 0 7 0 0 0 4 0 6 1 0 0 2 0 2 0 2 0 5 1 0 1 0 0 2 0 2 0 5 0 3 0 1 0 7 0 5 0 6 0 5
0 483 5 1 0 0 5 1 0 1 0 0 0 0 6 0 6 1 0 0 1 0 7 0 3 0 0 1 0 0 3 0 3 0 0 0 6 0 5 0 4 0 4 0 2 1 0 0 1 0 4 0 4 0 6 0 6 0 1 1 0 0 7 0 1 0 3 0 7 0 4 0 4 0 7 0 5 0 7 0 6 0 1 0 5 0 1 0 2 0 3 0 3 0 2 0 5 0 3 0 0 0 1 0 1 0 3 0 5 1 0 1 0 0 1 0 5 0 1 0 2 0 4 1 0 0 4 0 2 0 0 0 7 0 1 0 4 0 1 0 2 0 2 0 3 0 2 0 7 0 0 0 2 0 5 1 0 0 1 0 4 0 2 1 0 0 1 0 1 0 1 0 6 0 3 0 1 0 3 0 2 0 5 0 6 0 7 0 0 0 2 0 2 0 7 0 0 0 5 0 1 1 0 0 7 0 6 0 6 0 7 0 6 1 0 0 3 0 2 0 4 0 6 0 2 0 0 1 0 0 6 0 3 0 6 0 0 0 7 0 7 0 5 0 4 1 0 0 0 0 2 0 3 0 3 0 3 0 0 0 4 0 6 1 0 0 5 0 5 0 6 0 1 0 1 0 6 0 7 0 3 0 3 0 5 0 4 0 6 0 5 0 3 0 4 0 7 0 6 0 0 0 3 0 1 0 5 1 0 0 2 0 1 0 4 0 7 0 2 0 4 0 5 0 2 0 2 1 0 0 6 1 0 0 6 0 4 0 4 0 2 0 0 0 4 0 1 1 0 0 5 0 0 0 3 0 7 0 4 0 1 0 7 0 5 0 3 1 0 0 2 0 2 0 5 0 6 0 3 0 4 0 1 0 5 0 4 1 0 0 5 0 2 0 2 0 4 0 2 0 0 0 5 0 0 0 1 0 7 0 5 0 0 1 0 0 2 1 0 0 6 0 3 0 3 0 3 0 3 0 1 0 1 0 4 0 5 0 0 0 0 1 0 0 0 0 6 0 2 0 0 0 5 1 0 0 4 0 4 0 5 0 3 0 0 0 7 0 3 0 5 0 1 0 7 0 3 0 6 0 3 0 5 0 3
1 485 1 0 3 0 0 0 3 0 0 0 7 0 0 0 4 0 5 1 0 0 3 0 5 0 7 0 1 0 7 0 5 0 6 0 1 0 4 0 3 0 1 0 0 0 6 0 7 0 2 0 0 0 1 0 5 0 4 0 4 1 0 0 5 0 3 0 7 0 6 0 1 0 1 0 7 0 3 0 7 0 4 0 4 0 1 0 3 0 4 0 6 0 6 0 5 0 1 0 7 0 0 0 2 0 2 0 7 0 3 0 0 0 7 0 2 0 1 0 3 0 5 0 0 1 0 1 0 0 5 0 1 0 5 0 3 1 0 0 3 0 4 0 4 0 6 0 5 0 5 0 1 0 5 0 2 1 0 0 2 1 0 0 6 0 7 0 1 0 2 0 3 0 3 0 7 0 2 0 6 0 5 0 2 0 5 0 6 0 1 0 4 0 5 0 5 0 2 0 1 0 4 1 0 0 6 0 5 0 5 0 7 0 5 1 0 0 6 0 5 0 0 0 4 0 5 0 1 1 0 0 3 1 0 0 4 0 2 0 6 0 7 0 3 0 1 1 0 0 0 0 4 0 6 0 6 0 6 0 1 0 0 0 6 0 0 0 2 0 3 0 4 0 3 0 3 0 4 0 6 0 7 0 7 0 2 0 1 0 5 0 2 1 0 0 1 0 7 0 4 0 1 0 6 0 3 0 2 1 0 0 4 0 3 0 0 0 6 0 6 0 0 0 2 0 5 0 5 1 0 0 5 0 0 0 4 0 1 0 0 0 5 0 0 1 0 0 4 1 0 0 1 0 1 0 7 0 6 0 0 0 4 0 6 0 2 1 0 1 0 0 4 0 5 0 2 0 4 1 0 0 0 0 4 0 2 0 2 0 0 0 1 0 5 0 4 1 0 0 5 0 1 0 1 0 1 0 3 0 6 0 2 0 2 0 7 0 4 1 0 0 3 0 7 0 6 0 6 0 6 0 2 0 3 0 0 0 2 0 1 0 1 0 7 0 0 0 3 0 5 0 1 0 3 0 0 0 0 0 1 0 2 0 7 0 1 0 5 1 0 0 2 0 4 0 5 1 0 0 4 1 0 0 2 1 0
1 485 2 0 6 0 0 0 6 0 1 0 5 0 2 0 0 0 3 1 0 0 7 0 2 0 6 0 4 0 6 0 3 0 4 0 3 1 0 0 7 0 2 0 1 0 4 0 6 0 5 0 0 0 3 0 2 0 1 0 2 0 0 0 1 1 0 0 7 0 4 0 3 0 3 0 5 1 0 0 7 0 1 0 0 0 3 0 7 0 0 0 5 0 5 0 2 0 4 0 5 0 1 0 4 0 5 0 5 0 7 0 1 0 5 0 5 0 2 0 7 0 1 0 2 1 0 1 0 0 1 0 4 0 1 1 0 1 0 0 7 0 0 0 1 0 5 0 3 0 2 0 4 0 1 0 6 0 7 0 4 1 0 0 4 0 6 0 3 0 4 0 6 0 7 0 5 0 6 0 4 0 2 0 6 0 2 0 4 0 4 0 0 0 3 0 2 0 5 0 3 0 1 0 0 0 4 0 3 0 3 0 7 0 4 0 0 0 4 0 2 0 2 0 0 0 2 0 4 0 7 0 6 0 7 0 7 0 5 0 4 0 6 0 7 0 3 0 7 0 0 0 0 0 5 0 5 0 4 0 3 0 1 0 3 0 1 0 4 0 6 1 0 0 7 0 7 0 0 0 5 0 7 0 6 0 5 0 3 0 1 0 6 0 7 0 2 0 6 0 0 0 4 0 3 0 7 0 5 0 7 0 7 0 6 0 1 0 4 0 4 0 1 0 5 0 2 0 4 0 0 0 1 0 1 1 0 0 3 0 1 0 1 0 2 1 0 0 0 1 0 0 2 0 3 0 6 0 4 0 2 0 0 0 4 0 6 1 0 1 0 0 0 0 2 0 6 0 0 1 0 0 0 1 0 0 5 0 4 0 0 0 3 0 2 0 2 0 0 0 1 0 3 0 2 0 2 0 7 0 3 0 5 0 5 0 6 0 1 1 0 0 7 0 6 0 5 0 5 0 4 0 5 0 6 0 0 0 4 0 2 0 3 0 5 0 1 0 7 0 1 0 3 0 6 0 0 0 0 0 2 0 5 0 5 0 4 0 2 1 0 0 5 0 0 0 4 0 0 0 0 1 0 0 5 0 6
1 485 5 0 3 0 2 0 3 0 4 0 1 0 5 0 0 1 0 0 0 0 5 0 6 0 4 0 1 0 4 1 0 0 1 0 0 0 0 0 5 0 5 0 3 0 0 0 5 0 2 0 1 0 6 0 4 0 2 0 4 0 0 0 3 1 0 0 6 0 0 0 7 0 7 0 3 0 0 0 5 0 3 0 0 0 7 0 5 0 2 0 2 0 2 0 6 0 0 0 2 0 4 0 0 0 3 0 3 0 6 0 4 0 2 0 2 0 6 0 5 0 3 0 5 1 0 0 7 0 1 1 0 0 4 1 0 1 0 0 5 0 1 0 3 0 1 0 7 0 4 1 0 0 4 0 4 0 7 0 2 0 0 0 0 0 4 1 0 0 1 0 5 0 7 0 3 0 5 0 0 0 6 0 3 0 6 0 0 0 0 0 1 0 6 0 5 0 1 0 7 0 2 0 0 1 0 0 7 0 7 0 6 0 0 0 1 1 0 0 5 0 4 0 0 0 5 0 0 0 7 0 5 0 7 0 7 0 3 0 1 0 5 0 6 1 0 0 6 0 1 0 1 0 2 0 3 0 0 0 7 0 2 0 6 0 3 0 0 0 6 0 0 0 6 0 6 0 2 0 2 0 7 0 5 0 2 0 7 0 3 0 4 0 6 0 6 0 3 0 1 1 0 1 0 0 7 0 3 0 7 0 7 0 4 0 4 0 0 0 0 0 4 0 1 0 5 1 0 0 1 0 2 0 3 0 7 0 5 0 2 0 2 0 5 0 7 0 0 0 7 0 3 0 7 0 4 0 0 0 5 0 1 0 0 0 6 0 0 0 6 1 0 0 5 0 3 0 2 0 7 0 0 1 0 0 2 0 0 0 1 0 6 0 4 0 4 0 0 0 2 0 6 0 4 0 5 0 5 1 0 0 3 0 3 0 4 0 4 1 0 0 6 0 5 0 3 0 3 0 1 0 3 0 4 0 1 1 0 0 5 0 7 0 1 0 4 0 5 0 3 0 7 0 3 0 1 0 0 0 5 0 2 0 3 0 0 0 6 1 0 0 1 0 1 1 0 0 1 0 1 1 0 0 2 0 5
0 487 1 0 1 0 7 0 4 0 6 1 0 0 4 0 1 0 2 0 7 0 0 0 2 0 5 0 0 0 4 0 0 1 0 0 2 0 0 0 1 0 2 0 2 0 7 0 1 0 1 0 5 0 3 0 4 0 0 0 5 1 0 0 1 1 0 0 0 0 3 0 2 0 6 0 6 0 7 0 1 0 1 0 7 0 1 0 6 0 2 0 5 0 4 0 5 0 3 0 1 0 4 1 0 0 1 0 6 0 7 0 4 0 0 0 5 0 5 0 4 0 2 1 0 0 4 0 0 0 5 0 4 1 0 0 1 0 0 1 0 0 1 0 3 0 6 0 3 0 6 0 2 0 0 0 0 0 1 0 6 0 5 0 0 0 1 0 0 1 0 0 3 0 2 0 6 1 0 0 2 0 2 0 3 1 0 0 4 0 1 0 0 0 3 0 4 0 2 0 4 0 5 0 5 0 1 1 0 0 6 0 7 0 4 0 1 0 3 1 0 0 2 0 0 0 2 0 1 0 2 0 6 0 3 0 7 0 6 0 7 0 3 0 2 0 6 0 0 0 3 0 3 0 2 0 4 0 6 0 1 0 5 0 6 0 3 0 7 0 1 0 3 0 2 0 4 0 4 0 5 0 5 0 6 0 2 0 6 0 5 1 0 0 1 0 5 0 4 0 7 0 3 1 0 1 0 0 5 1 0 0 7 0 7 0 1 0 0 0 1 0 0 1 0 0 4 0 2 1 0 0 2 0 4 0 7 0 6 0 2 0 5 0 5 0 2 0 6 0 2 0 5 1 0 0 7 0 0 0 2 0 1 0 3 0 1 0 3 0 2 0 5 0 0 0 1 0 7 0 5 0 5 0 2 0 7 0 3 0 0 0 3 0 4 0 1 0 0 0 1 0 5 0 4 0 1 0 3 0 3 1 0 0 6 0 7 0 0 0 2 0 0 0 4 0 2 0 7 0 6 0 2 0 6 1 0 0 4 1 0 0 2 0 6 0 4 0 0 0 2 1 0 0 6 0 7 0 2 0 1 0 1 0 5 0 6 0 1 0 4 1 0 0 2 0 3 0 7 0 1 0 3 0 7 0 4 0 2
1 487 2 0 3 0 6 0 1 0 5 1 0 1 0 0 3 0 5 0 5 0 1 0 5 0 1 0 1 1 0 0 2 0 7 0 3 0 0 0 2 0 4 0 5 0 5 0 3 0 3 0 1 1 0 0 0 0 2 0 2 1 0 0 3 0 6 1 0 0 6 0 5 0 4 0 5 0 6 0 3 0 3 0 5 0 4 0 3 0 6 0 2 0 1 0 2 0 7 0 3 0 0 1 0 0 3 0 4 0 7 0 0 0 2 0 2 0 3 0 0 0 6 0 7 0 7 0 1 0 2 0 1 1 0 0 2 0 1 0 7 0 1 0 7 0 3 1 0 0 4 0 5 0 0 0 0 0 3 0 4 0 2 0 1 0 2 0 1 0 7 0 5 0 5 0 4 1 0 0 4 0 4 0 7 0 7 0 7 0 2 0 0 0 6 1 0 0 6 0 0 0 3 0 2 0 4 1 0 0 4 0 7 0 0 0 3 0 7 0 7 0 3 0 0 0 4 0 2 0 5 0 3 1 0 0 7 0 5 0 6 0 7 0 5 0 3 0 1 0 6 0 6 0 5 0 0 0 4 0 4 0 2 0 4 1 0 0 6 0 3 0 6 0 5 0 0 0 1 0 3 0 3 0 4 0 6 0 4 0 3 1 0 0 3 0 2 0 1 0 7 0 0 0 0 1 0 0 3 0 0 0 6 0 6 0 3 0 0 0 2 0 1 0 7 0 7 0 5 0 7 0 4 0 0 0 7 0 4 0 6 0 2 0 2 0 6 0 3 0 6 0 3 0 0 0 5 0 1 0 4 0 2 0 6 0 2 0 6 0 5 0 1 0 1 0 3 0 6 0 3 0 2 0 6 0 5 0 7 0 0 0 6 1 0 0 3 0 0 0 3 0 2 0 0 0 3 0 6 1 0 0 0 0 4 0 6 0 1 0 4 0 0 1 0 0 6 0 6 0 4 0 6 0 5 0 0 0 0 1 0 0 5 0 4 0 0 0 1 0 5 1 0 0 4 0 6 0 5 0 2 0 3 0 2 0 4 0 4 0 0 1 0 0 4 0 7 0 5 0 3 0 7 0 6 0 0 0 5
0 487 4 0 7 0 3 0 4 0 3 0 0 0 7 0 6 0 2 0 2 0 4 0 1 0 3 0 3 0 7 0 4 0 5 0 7 0 0 0 5 0 0 0 3 0 2 0 7 0 6 0 3 0 6 1 0 0 4 0 5 0 7 0 6 0 5 0 0 0 4 0 3 0 1 0 3 0 4 0 7 0 7 0 2 0 0 1 0 0 4 0 5 0 2 0 5 0 5 0 7 0 1 0 7 0 6 0 0 0 6 0 1 0 4 0 4 0 6 0 1 0 4 0 7 0 6 0 3 0 4 0 3 0 7 0 3 0 3 0 5 0 4 0 6 0 0 0 0 0 0 0 2 0 1 0 0 0 6 1 0 0 5 0 2 0 4 0 3 0 6 0 3 0 3 0 2 0 0 0 0 0 1 0 7 0 7 0 6 0 5 0 1 0 5 0 0 0 3 0 1 0 6 0 5 0 1 0 0 0 0 0 6 0 1 0 7 0 6 0 6 0 7 0 0 1 0 0 6 0 2 0 0 0 0 0 6 0 3 0 5 0 7 0 2 0 7 0 3 0 4 0 5 0 2 0 2 0 0 0 0 0 6 0 1 0 0 0 3 1 0 0 5 0 2 0 1 0 2 0 6 0 7 0 0 0 5 0 0 1 0 1 0 0 6 0 4 0 3 0 5 0 1 0 1 0 7 0 5 0 1 0 4 0 4 0 7 0 0 0 4 0 3 0 6 0 7 0 3 0 7 0 0 0 2 0 6 0 1 0 4 0 5 0 5 0 3 1 0 0 4 0 7 0 1 0 1 0 3 1 0 0 6 0 3 0 6 0 4 0 2 0 3 0 2 0 7 0 3 0 7 0 5 0 4 0 3 0 6 0 2 0 4 1 0 0 6 0 0 0 6 0 4 0 0 0 7 0 4 1 0 0 1 0 0 0 4 0 3 1 0 0 2 1 0 0 4 0 5 0 1 0 5 0 2 0 1 0 1 1 0 0 2 0 0 0 1 0 3 0 3 0 0 0 0 0 5 0 2 0 5 0 6 0 5 0 0 0 0 0 2 1 0 0 0 0 7 0 2 1 0 0 7 0 4 0 2 0 2
1 489 1 0 0 0 6 1 0 0 0 0 7 0 1 0 6 0 4 0 5 0 4 1 0 0 3 0 6 0 7 0 6 0 1 0 3 0 6 0 2 0 1 0 1 0 6 0 5 0 6 0 4 1 0 0 6 0 0 0 0 0 3 0 7 0 5 0 2 0 1 1 0 0 7 0 2 0 7 0 0 0 7 0 6 0 5 0 1 1 0 0 0 0 2 0 6 0 2 0 3 0 6 0 4 0 6 0 4 0 2 0 3 0 4 0 0 0 1 0 4 0 4 0 0 0 7 0 4 1 0 0 0 1 0 0 6 0 7 0 7 0 2 0 1 0 4 0 1 0 0 0 0 0 4 0 2 0 1 0 5 0 0 0 1 0 5 1 0 1 0 0 4 0 7 0 6 0 4 0 0 0 0 0 3 0 6 0 7 0 5 0 2 0 4 0 1 0 1 0 6 0 3 0 4 0 2 0 3 0 0 0 1 0 3 0 4 0 6 0 5 0 5 0 6 0 2 1 0 0 3 0 5 0 0 0 1 0 3 1 0 0 3 0 6 0 6 0 5 1 0 0 1 0 2 0 5 0 4 0 0 0 1 0 3 0 3 0 0 1 0 0 0 0 1 0 5 0 2 0 5 0 4 0 6 0 2 0 1 0 2 1 0 1 0 0 4 0 0 1 0 0 2 0 3 0 3 0 6 0 2 0 4 0 0 0 1 0 6 0 1 1 0 1 0 0 5 0 6 1 0 0 6 0 1 0 5 0 3 0 4 0 0 0 3 0 3 0 0 0 0 0 0 0 6 0 3 0 2 1 0 0 0 0 3 1 0 0 5 0 0 0 5 0 6 0 5 0 5 1 0 0 7 0 3 0 0 1 0 0 4 0 6 0 1 0 0 0 3 0 2 0 4 0 0 0 2 0 6 0 1 1 0 0 2 0 0 1 0 1 0 1 0 0 5 1 0 0 0 0 2 0 4 0 1 0 5 0 2 0 3 0 7 0 3 0 0 0 2 0 6 0 6 0 0 0 1 0 1 0 6 0 2 0 5 0 2 0 1 0 0 0 5 0 7 0 0 0 5 0 6 1 0 0 6 0 0 0 5 0 4
0 489 2 0 1 0 4 1 0 0 1 0 5 0 4 0 4 0 1 0 3 0 1 1 0 0 7 0 4 0 7 0 4 0 3 0 7 0 3 0 5 0 2 0 3 0 4 0 3 0 5 0 2 0 0 0 3 0 1 0 0 0 7 0 6 0 2 0 5 0 3 1 0 0 5 0 6 0 5 0 2 0 6 0 5 0 2 0 4 0 6 1 0 0 5 0 3 0 5 0 7 0 4 0 1 0 5 0 0 0 5 0 6 1 0 0 1 0 3 0 0 0 0 0 2 0 6 0 1 1 0 0 1 1 0 0 4 0 7 0 6 0 5 0 2 1 0 0 3 0 0 0 0 1 0 0 5 0 3 0 1 0 1 0 3 0 3 0 0 1 0 0 0 0 7 0 5 0 0 0 1 0 0 0 7 0 4 0 7 0 2 0 5 1 0 0 3 0 3 0 3 1 0 0 0 0 5 0 6 0 0 0 2 0 7 0 0 0 5 0 3 0 3 0 4 0 6 0 7 0 6 0 1 0 1 0 2 0 7 0 7 0 6 0 4 0 5 0 3 1 0 0 2 0 5 0 2 0 0 0 1 0 2 0 6 0 6 0 1 0 6 1 0 0 3 0 1 0 6 0 2 0 1 0 4 0 5 0 2 0 5 1 0 0 7 0 7 0 1 0 7 0 3 0 6 0 7 0 3 0 5 1 0 0 1 0 3 0 3 0 4 1 0 1 0 0 2 0 6 0 0 0 3 0 4 0 1 1 0 0 0 0 1 0 6 0 6 0 0 0 0 0 1 0 3 0 7 0 5 0 6 1 0 1 0 0 0 0 1 0 2 0 2 0 5 0 3 0 4 0 0 0 5 0 7 0 1 1 0 0 0 0 4 0 3 0 0 0 6 0 4 1 0 0 1 0 5 0 3 0 4 0 7 0 3 0 1 1 0 1 0 1 0 0 2 1 0 0 0 0 4 1 0 0 4 0 1 0 5 0 7 0 5 0 7 0 0 0 5 0 4 0 4 0 1 0 2 0 3 0 3 0 6 0 1 0 5 0 2 0 1 0 2 0 6 0 2 0 2 0 6 0 0 0 3 0 2 0 2 0 1
0 489 4 0 3 0 0 1 0 0 3 0 2 0 1 0 0 0 3 0 6 0 3 1 0 0 6 0 1 0 7 0 0 1 0 0 6 1 0 0 2 0 5 0 6 1 0 1 0 0 2 0 5 0 0 0 6 0 2 0 1 0 6 0 4 0 6 0 2 0 0 0 0 0 2 0 5 0 2 0 6 0 4 0 2 0 6 0 0 0 6 0 0 0 1 1 0 0 3 0 7 0 0 0 4 0 1 0 2 0 2 0 5 1 0 0 2 0 6 0 0 0 0 0 5 0 3 0 4 0 7 0 2 1 0 0 0 0 7 0 5 0 2 0 6 0 7 0 5 0 0 0 1 1 0 0 1 0 7 0 2 0 2 0 6 0 6 0 1 0 7 0 0 0 6 0 2 0 1 0 2 0 1 0 6 0 1 0 6 0 6 0 2 1 0 0 6 0 6 0 7 0 7 0 0 0 2 0 4 0 1 0 5 0 5 0 2 0 1 0 7 0 7 0 0 0 5 0 7 0 4 0 3 0 2 0 5 0 6 0 7 0 5 0 1 0 2 1 0 1 0 0 5 0 1 0 5 0 0 0 2 0 5 0 4 0 4 0 4 0 4 1 0 0 6 0 3 0 3 0 5 0 3 0 0 0 2 0 6 0 3 0 0 0 6 0 6 0 4 0 5 1 0 0 5 0 6 1 0 0 3 1 0 0 2 0 6 0 7 0 1 0 0 0 7 0 4 0 3 0 1 0 6 1 0 0 4 0 6 1 0 0 3 0 4 0 4 0 1 0 0 0 2 0 7 0 6 0 3 0 6 0 0 0 6 1 0 0 2 0 4 0 5 0 1 1 0 0 0 0 2 0 2 0 6 0 4 0 6 1 0 1 0 0 7 0 1 0 4 0 1 1 0 0 3 0 1 1 0 0 1 0 6 0 7 0 3 1 0 1 0 0 7 0 4 0 7 0 0 0 0 1 0 1 0 0 4 0 2 0 7 0 3 0 6 0 2 0 2 0 1 0 0 0 3 0 4 0 6 0 7 0 3 0 4 0 1 0 5 0 2 0 5 0 3 0 5 0 5 0 3 0 1 0 6 0 4 0 4 0 2
1 490 1 0 0 7 0 1 0 7 0 5 0 4 0 2 0 0 0 7 0 4 0 0 0 0 0 3 0 4 0 5 0 2 1 0 0 4 1 0 0 5 0 2 0 6 0 0 0 7 0 4 0 1 0 2 0 3 0 5 0 3 0 4 0 1 0 4 0 5 0 0 0 0 0 5 0 1 0 6 0 4 0 0 0 6 0 3 0 2 0 3 0 1 0 3 0 7 0 6 0 5 0 1 1 0 0 3 0 4 0 5 0 2 1 0 0 5 0 3 0 1 0 1 0 1 1 0 0 1 0 6 0 6 0 7 0 0 0 6 0 2 0 6 0 4 0 7 0 2 0 1 0 3 0 7 0 2 0 5 0 5 0 5 0 4 0 4 0 4 0 5 0 2 0 3 0 5 0 2 0 4 0 3 0 3 0 4 0 4 0 4 0 6 1 0 0 4 0 5 0 7 0 6 0 1 0 4 1 0 0 4 0 2 0 2 0 5 0 3 0 6 0 6 0 2 0 2 0 7 0 0 0 7 0 5 0 2 0 5 0 7 0 2 0 3 0 5 1 0 1 0 0 1 0 4 0 1 0 1 0 5 0 2 0 1 0 1 0 1 0 2 0 0 0 3 0 7 0 7 0 1 0 7 0 0 0 5 0 3 0 7 0 1 0 4 0 5 0 1 0 4 0 0 0 2 0 5 1 0 0 7 0 7 0 4 0 4 0 6 0 3 0 1 0 6 0 0 0 7 0 3 0 5 0 0 0 0 0 5 1 0 0 7 0 0 0 0 0 3 0 0 0 5 0 6 0 4 1 0 0 4 0 2 0 4 1 0 0 5 0 0 0 2 0 4 0 6 1 0 0 4 0 5 0 4 0 1 0 6 0 0 1 0 0 5 0 3 1 0 0 4 0 7 0 5 0 3 0 7 0 2 0 4 0 7 0 0 0 0 1 0 0 6 0 1 0 6 0 1 0 1 1 0 0 7 0 7 0 5 0 5 1 0 0 4 0 5 0 4 0 2 0 0 0 7 0 0 0 5 0 6 1 0 0 0 0 4 0 1 0 6 0 1 1 0 0 3 0 2 0 7 0 3 0 4 0 1 0 0 0 5
0 491 1 1 0 0 5 0 4 0 6 0 3 0 0 0 5 0 1 0 6 0 0 0 1 0 0 0 7 0 0 0 2 0 6 1 0 0 1 0 0 0 1 0 6 0 3 0 2 0 6 0 0 0 3 0 4 0 7 0 1 1 0 0 0 0 4 0 0 0 2 0 1 0 1 0 1 0 4 0 4 0 0 0 2 0 3 0 7 0 4 0 6 0 2 0 7 0 6 0 5 0 2 0 4 0 7 0 6 0 0 0 2 0 6 1 0 0 1 0 7 0 2 0 2 0 3 0 7 0 2 0 4 0 5 0 6 0 2 0 3 0 6 0 4 0 1 0 6 0 5 0 2 0 7 0 5 0 6 0 2 0 3 0 3 0 1 0 1 0 1 0 2 0 5 0 7 0 1 0 5 1 0 0 7 0 7 0 0 0 1 0 1 0 6 0 0 0 0 0 3 0 7 0 4 0 4 0 0 1 0 1 0 0 5 0 5 0 1 1 0 0 5 0 4 0 5 0 5 0 5 0 2 0 6 0 2 0 6 0 2 0 6 0 5 0 7 0 3 0 0 0 7 0 1 1 0 0 3 0 3 0 1 0 5 0 2 0 2 0 2 0 4 0 0 0 7 0 6 0 6 0 4 0 5 0 2 0 1 1 0 0 6 0 4 0 0 0 2 0 3 1 0 0 1 0 5 0 3 0 0 0 6 0 7 0 1 0 1 0 4 0 7 0 3 0 3 0 2 0 5 1 0 0 2 0 1 0 1 0 3 0 0 0 5 0 1 0 0 0 6 0 1 0 2 0 5 0 1 1 0 1 0 0 6 0 1 0 0 0 1 0 1 0 5 0 0 0 6 0 0 0 0 0 3 0 0 0 4 0 3 0 2 1 0 0 2 0 0 0 0 0 0 0 7 0 2 1 0 0 6 0 6 0 0 0 6 0 1 0 1 1 0 0 3 0 4 0 3 0 3 0 3 1 0 0 6 0 7 0 3 0 4 0 0 0 0 0 3 0 0 0 5 0 1 0 5 0 2 0 2 0 5 1 0 0 0 1 0 0 4 0 3 0 4 0 7 0 5 0 5 0 5 1 0 0 0 0 3 0 1 0 2
1 491 3 1 0 0 2 0 1 0 4 0 7 0 1 0 1 0 4 0 3 0 1 0 2 0 1 0 5 0 1 0 5 0 4 1 0 0 2 0 0 0 3 0 3 0 7 0 5 0 3 0 1 0 7 0 0 0 6 0 4 0 6 1 0 1 0 0 1 0 4 0 2 0 2 0 3 0 0 0 0 0 1 0 4 0 7 0 6 0 1 0 4 0 6 0 6 0 5 0 2 0 6 0 0 0 7 0 4 0 1 0 5 0 4 1 0 0 3 0 5 0 5 0 4 0 7 0 5 0 6 0 0 0 3 0 4 0 5 0 7 0 4 0 0 0 4 0 4 0 2 0 6 0 6 0 3 0 4 0 5 0 6 0 6 0 2 0 2 0 2 0 5 0 2 0 6 0 4 0 3 0 0 0 6 0 6 0 1 0 2 0 3 0 3 0 1 0 0 0 7 0 6 0 1 0 0 0 2 1 0 1 0 0 2 0 2 0 4 1 0 0 2 0 1 0 3 0 3 0 2 0 6 0 3 0 6 0 3 0 6 0 4 0 3 0 6 0 7 0 1 0 5 0 4 0 7 0 5 0 6 0 3 0 1 0 5 0 4 0 4 1 0 0 2 0 6 0 5 0 5 0 1 0 2 0 5 0 3 1 0 0 4 0 0 0 1 0 4 0 7 0 7 0 2 0 1 0 7 0 1 0 4 0 6 0 3 0 3 0 0 0 6 0 7 0 6 0 5 0 2 1 0 0 4 0 2 0 2 0 6 0 1 0 1 0 3 0 1 0 3 0 3 0 5 0 1 0 4 1 0 1 0 0 3 0 3 0 0 0 2 0 3 0 1 0 2 0 3 0 1 0 0 0 6 0 0 1 0 0 7 0 5 0 7 0 3 0 0 0 0 0 1 0 5 0 6 1 0 0 4 0 4 0 2 0 3 0 3 0 3 0 7 0 5 1 0 0 7 0 6 1 0 0 0 0 4 0 6 1 0 0 0 0 1 0 0 0 6 0 1 0 1 0 4 0 1 0 5 0 5 0 2 1 0 0 1 0 7 0 7 0 7 0 0 0 7 0 3 0 3 0 3 1 0 0 0 0 6 0 2 0 4
0 491 7 0 7 0 3 0 3 0 0 0 6 0 3 0 2 1 0 0 7 0 2 0 4 0 3 0 1 0 4 0 2 0 1 1 0 0 4 0 0 0 6 0 7 0 6 0 2 0 7 0 3 0 5 0 2 0 4 0 1 0 6 0 0 0 7 0 1 1 0 0 5 0 4 0 6 0 0 0 0 0 3 0 0 0 7 0 4 0 4 0 0 0 5 0 5 0 2 0 6 0 3 0 2 0 6 0 0 0 4 0 2 0 1 1 0 0 7 0 2 0 3 0 1 0 7 0 3 0 4 0 1 0 7 0 0 0 3 0 7 0 0 0 2 0 0 0 0 0 6 0 4 0 4 1 0 0 1 0 3 0 5 0 4 0 5 0 4 0 5 0 1 0 6 0 4 0 0 0 7 0 1 0 4 0 4 0 3 0 4 0 6 0 6 0 2 0 1 0 6 0 4 0 3 0 0 0 5 1 0 0 7 0 3 0 5 0 0 1 0 0 4 0 2 0 6 0 6 0 5 0 3 1 0 0 4 1 0 0 5 0 0 1 0 0 5 0 6 0 4 0 2 0 1 0 7 0 3 0 4 0 7 0 3 0 2 0 1 0 1 1 0 0 5 0 4 0 3 0 2 0 3 0 5 0 1 1 0 1 0 1 0 0 1 0 3 0 0 0 7 0 6 0 5 0 3 0 5 0 4 0 0 0 4 0 7 0 6 0 1 0 4 0 7 0 5 0 2 0 6 0 7 0 7 0 4 0 5 0 3 0 3 0 2 0 6 0 2 0 6 0 7 0 1 0 4 0 1 0 0 0 7 0 5 0 6 0 0 0 4 0 6 0 2 0 4 0 6 0 2 0 1 0 3 0 2 1 0 0 6 0 3 0 6 0 7 0 0 0 0 0 3 0 2 0 6 0 0 0 0 0 0 0 5 0 6 0 6 0 7 0 6 0 4 0 0 0 6 0 5 1 0 0 1 0 0 0 5 1 0 0 0 0 2 0 1 0 3 0 3 0 2 1 0 0 4 0 2 0 2 0 6 0 7 0 2 0 6 0 7 0 6 0 2 0 5 0 7 0 6 0 7 0 7 0 0 0 3 0 6 0 0
0 493 1 0 6 0 6 0 7 0 6 0 1 0 3 0 7 0 5 1 0 0 5 0 5 1 0 0 7 0 2 1 0 0 5 0 3 0 7 0 7 0 1 0 4 0 7 0 4 0 6 0 5 1 0 0 2 0 5 1 0 0 4 0 3 0 2 0 5 0 4 1 0 0 2 0 1 0 4 0 1 0 0 0 6 0 1 0 6 0 1 0 0 0 2 0 2 0 2 0 6 0 3 0 7 0 5 0 3 0 1 1 0 0 5 0 3 1 0 0 5 0 5 0 6 0 3 0 5 1 0 0 0 0 4 0 5 0 1 0 7 0 5 0 1 0 4 0 0 0 1 0 4 0 1 0 1 1 0 0 2 0 7 0 2 0 1 0 3 0 1 0 2 0 4 0 4 0 0 0 2 0 5 0 4 0 0 0 0 1 0 0 1 0 5 0 4 0 5 0 3 0 4 0 0 0 7 0 1 0 3 0 0 0 5 1 0 0 2 0 2 0 7 0 7 0 5 0 4 0 5 0 3 0 0 0 0 0 1 0 0 0 1 0 2 1 0 0 2 0 5 0 0 0 5 0 3 0 5 1 0 0 1 0 6 0 7 0 4 0 2 0 3 1 0 0 2 0 0 0 7 0 4 0 7 0 1 0 4 1 0 1 0 0 7 0 1 0 6 0 1 0 6 0 5 0 2 1 0 0 3 0 0 0 2 0 0 0 7 0 4 0 4 0 0 0 7 0 2 0 6 0 4 0 7 0 7 0 1 0 2 0 7 0 6 0 5 0 3 0 6 0 4 0 6 0 3 1 0 0 3 0 1 0 6 0 3 0 4 0 2 0 0 0 4 0 6 0 0 0 4 0 5 0 2 0 6 0 5 1 0 0 3 1 0 0 5 0 6 0 1 0 0 0 6 0 5 0 3 0 1 0 0 0 1 0 2 0 5 0 5 0 7 0 5 0 0 0 2 0 4 0 3 1 0 0 2 0 1 0 2 1 0 0 0 0 4 0 2 0 6 0 6 0 5 0 7 0 7 0 4 0 5 0 4 0 6 0 6 0 4 0 7 0 4 0 6 0 2 0 7 0 5 0 7 0 6 0 1 0 7 0 3 0 1
0 493 3 0 4 0 5 0 7 0 4 0 3 0 7 0 6 0 4 0 0 0 2 0 4 0 0 0 5 0 6 1 0 0 1 1 0 0 7 0 6 0 4 0 0 0 7 0 1 0 5 0 3 1 0 0 5 0 2 1 0 1 0 0 7 0 5 0 2 0 1 1 0 0 4 0 2 1 0 0 3 0 1 0 3 0 4 0 3 0 3 0 0 0 4 0 4 0 5 0 3 1 0 0 7 0 2 0 7 0 3 1 0 0 2 0 0 0 0 0 2 0 3 0 4 1 0 0 3 1 0 0 1 0 0 0 2 0 4 0 6 0 2 0 3 1 0 0 1 0 2 1 0 0 3 0 3 0 7 0 4 0 5 0 5 0 2 0 6 0 2 0 5 0 0 0 0 0 1 0 5 0 2 0 0 0 1 0 1 0 7 0 2 0 2 0 1 0 2 1 0 0 0 0 2 0 5 0 3 0 6 0 1 0 2 1 0 0 4 0 5 0 6 0 7 0 3 0 1 0 2 0 7 0 0 0 0 0 2 0 0 0 2 0 5 0 7 0 4 0 1 0 2 0 1 1 0 0 3 1 0 0 3 0 4 0 7 0 0 0 5 0 7 0 7 0 3 0 1 0 6 0 1 0 6 0 4 0 1 0 0 1 0 0 5 0 4 0 3 0 4 0 4 0 2 0 6 0 7 0 5 0 0 0 4 0 1 0 6 0 1 0 0 0 2 0 5 0 6 0 4 0 1 0 7 0 6 0 3 0 5 0 6 0 5 0 2 1 0 0 5 0 1 0 4 1 0 1 0 0 6 0 3 0 3 1 0 0 0 0 5 0 1 0 0 0 4 0 2 0 0 0 2 0 6 0 4 0 3 1 0 1 0 0 0 0 2 0 4 0 3 0 1 0 4 0 2 0 7 0 2 0 0 0 2 0 5 0 2 0 3 0 7 0 2 0 1 0 4 1 0 1 0 1 0 0 4 0 2 0 5 0 6 1 0 1 0 0 6 0 4 0 5 0 3 0 7 0 7 0 1 0 3 0 1 0 5 0 5 0 1 0 7 0 1 0 4 0 6 0 6 0 3 0 7 0 4 0 4 0 5 0 7 0 2
1 493 7 0 0 0 3 0 7 0 0 1 0 0 7 0 5 0 0 0 1 0 4 1 0 0 2 0 2 0 5 1 0 0 3 1 0 0 6 0 5 0 0 0 2 0 5 0 4 0 2 0 0 0 0 0 1 0 6 1 0 1 0 0 6 0 2 0 5 0 3 0 7 0 7 0 5 0 7 0 5 0 2 0 6 1 0 0 7 0 6 0 1 0 0 0 1 0 3 0 0 0 0 0 5 0 6 0 5 1 0 1 0 0 4 0 0 0 0 0 4 0 7 0 0 1 0 0 7 0 7 0 1 0 0 0 5 0 0 0 4 0 5 0 7 0 7 0 1 0 5 0 7 0 5 0 7 0 6 0 1 0 3 0 2 0 6 0 3 0 6 0 1 0 1 0 0 0 3 0 1 0 5 0 0 0 2 0 3 0 5 0 5 0 4 0 2 0 5 0 6 1 0 0 5 0 1 1 0 0 4 0 3 0 5 1 0 0 0 0 3 0 5 0 6 0 7 0 2 0 5 0 5 0 1 0 0 0 4 0 0 0 5 0 2 0 7 0 0 0 3 0 4 0 3 0 7 0 6 0 7 0 6 0 0 0 6 0 2 0 2 0 7 0 6 0 7 0 3 0 3 0 4 0 4 0 0 0 3 0 1 1 0 0 2 0 0 1 0 0 1 0 0 0 6 0 4 0 7 0 2 0 1 1 0 0 4 0 3 0 3 0 0 0 5 0 2 0 5 0 0 0 4 0 6 0 4 1 0 0 3 0 5 0 2 0 6 1 0 0 1 0 4 0 1 0 0 1 0 0 3 0 7 0 7 0 7 0 0 0 1 0 3 0 0 1 0 0 5 0 0 0 5 0 4 0 1 0 0 0 0 0 6 1 0 0 4 1 0 0 7 0 2 1 0 0 6 0 5 0 5 0 0 0 5 0 1 0 5 0 7 0 5 0 5 0 3 0 1 0 0 1 0 0 7 0 7 0 5 0 2 0 6 0 0 1 0 0 4 0 1 0 2 1 0 0 7 0 6 0 3 0 6 0 3 0 2 0 2 0 4 0 5 0 4 0 0 0 5 0 4 1 0 0 7 0 1 0 1 0 3 0 6 0 5
0 495 1 0 5 0 1 0 7 0 5 0 2 1 0 0 6 0 2 0 1 0 3 0 0 1 0 0 4 0 5 0 2 1 0 1 0 0 0 0 4 0 2 0 1 0 5 0 2 0 0 0 5 0 0 0 0 0 3 0 5 0 0 1 0 0 3 0 6 0 1 1 0 0 7 0 7 0 3 0 7 0 2 0 6 0 5 0 0 0 6 0 4 0 3 0 0 0 2 0 6 0 0 0 1 0 2 0 5 0 4 0 0 0 7 0 7 0 0 0 1 0 0 0 6 0 2 1 0 0 6 0 6 0 3 0 1 0 1 0 2 0 0 0 3 0 7 0 6 0 4 0 2 0 7 0 3 0 7 0 4 0 3 0 6 0 5 0 3 1 0 0 4 0 3 0 2 0 0 0 6 0 3 0 1 0 1 0 4 0 7 0 2 0 3 0 0 0 6 0 2 0 6 0 0 0 1 0 4 0 7 0 7 0 7 0 2 1 0 0 0 0 7 0 2 0 5 0 6 0 6 0 2 0 2 0 3 0 0 1 0 0 2 0 1 0 6 0 5 0 1 0 6 1 0 1 0 0 7 0 5 0 7 0 4 0 2 0 3 0 5 0 5 0 6 0 5 0 6 0 7 0 7 0 0 0 0 0 1 0 6 0 3 0 7 0 3 0 1 0 7 0 1 0 1 0 4 0 1 0 6 0 5 0 3 0 7 0 7 0 6 0 6 0 1 0 1 0 6 0 1 0 2 0 0 0 5 0 1 1 0 0 7 0 1 0 6 0 4 1 0 0 2 1 0 0 3 0 1 0 7 0 6 0 6 0 7 0 6 0 1 0 2 0 6 0 1 1 0 0 1 0 2 0 2 0 0 0 3 0 0 0 1 0 5 0 0 0 1 0 0 0 5 0 6 1 0 0 4 0 3 0 2 0 2 0 1 0 4 0 2 0 7 0 3 0 2 0 7 0 2 0 1 1 0 0 6 0 7 0 2 0 6 0 3 0 2 0 7 0 7 0 2 0 5 1 0 0 6 0 4 1 0 0 4 0 7 0 4 0 5 0 0 0 3 0 0 0 2 0 2 0 2 0 0 0 5 0 3 0 2 0 7 0 4 0 3
1 495 3 0 1 0 4 0 6 0 2 0 6 1 0 0 3 0 5 0 2 0 6 0 1 1 0 0 0 0 2 0 6 1 0 0 6 1 0 1 0 0 5 0 3 0 1 0 5 0 1 0 1 0 1 0 0 0 7 0 1 0 2 0 7 0 6 0 3 0 4 1 0 0 6 0 6 1 0 0 6 0 6 0 4 0 2 0 2 0 4 0 0 0 7 0 0 0 5 0 3 0 1 0 2 0 5 0 2 0 0 0 2 0 6 0 6 0 1 0 2 0 1 0 3 0 6 1 0 0 4 0 4 0 7 0 2 0 2 0 4 0 0 0 7 0 6 0 5 0 0 0 6 0 5 1 0 0 7 0 0 1 0 0 5 0 2 1 0 1 0 1 0 0 7 0 4 0 1 0 3 0 7 0 2 0 3 0 0 0 6 0 5 0 6 0 1 0 3 0 6 0 3 0 1 0 3 0 0 0 7 0 7 0 6 0 6 0 7 0 0 0 5 0 6 0 2 0 5 0 4 0 5 0 4 0 6 0 1 0 7 0 3 0 3 0 4 0 2 0 4 0 5 0 0 1 0 0 6 0 3 0 7 0 0 0 5 0 7 0 2 0 3 0 5 0 3 0 5 0 7 0 6 0 1 0 0 0 3 0 3 1 0 0 6 0 7 0 3 0 5 0 3 0 2 1 0 0 4 0 4 0 2 1 0 0 7 0 7 0 5 0 4 0 3 0 3 0 3 0 3 0 4 0 1 0 1 0 4 1 0 0 5 0 4 0 4 0 1 1 0 0 5 0 7 0 5 0 3 0 6 0 5 0 5 0 7 0 4 0 3 0 5 0 3 0 4 0 7 0 1 0 4 0 4 0 0 0 6 0 0 0 3 0 1 0 1 0 2 0 1 0 2 0 5 1 0 1 0 0 7 0 4 0 4 0 2 1 0 0 6 0 5 0 7 0 5 0 5 0 5 0 3 1 0 0 4 0 6 0 6 0 3 0 7 0 5 0 6 0 6 0 6 0 3 0 0 0 4 0 2 0 0 0 0 0 7 0 1 0 2 0 1 0 6 0 0 0 4 0 4 0 4 0 1 0 1 0 7 0 5 0 6 0 0 1 0
1 495 6 0 3 0 0 0 4 0 6 0 4 1 0 0 7 0 1 0 6 0 3 0 4 0 6 1 0 0 5 0 5 0 0 0 5 0 0 1 0 0 1 0 7 0 3 0 1 0 3 0 2 0 2 0 1 0 5 0 3 0 5 0 6 0 4 1 0 0 2 0 0 0 4 0 6 0 0 0 4 0 5 0 0 0 5 0 4 1 0 0 2 0 5 0 2 0 1 0 7 0 2 0 5 0 1 0 5 0 0 0 5 0 4 0 4 0 3 0 4 0 2 0 7 0 5 0 0 0 0 0 1 0 6 0 5 0 4 1 0 0 2 0 6 0 5 0 2 0 2 0 4 0 4 0 0 0 5 0 2 1 0 0 1 0 6 1 0 1 0 1 0 0 6 0 0 0 3 0 7 0 5 0 5 0 6 0 1 0 4 0 3 0 4 0 3 0 7 0 3 0 7 0 2 0 6 0 1 0 6 0 7 0 5 0 5 0 6 0 2 0 2 0 4 0 6 0 2 0 1 0 3 0 1 0 4 0 4 0 5 0 7 0 6 1 0 0 6 0 0 0 2 0 2 1 0 0 3 1 0 0 6 0 2 0 2 0 6 0 5 0 7 0 1 1 0 0 3 0 7 0 4 0 3 0 0 0 6 1 0 0 0 0 4 0 6 1 0 0 2 0 7 0 5 1 0 0 0 0 0 0 6 1 0 0 6 0 7 0 3 0 0 0 7 0 6 0 6 0 6 1 0 0 3 0 3 0 1 0 0 0 2 0 1 0 0 0 4 1 0 0 2 0 7 0 2 1 0 0 5 0 3 0 3 0 7 0 0 1 0 0 2 1 0 0 1 0 6 0 4 0 0 0 0 0 2 0 3 0 1 0 6 0 2 0 2 0 4 0 2 0 5 0 3 0 0 1 0 0 6 0 1 0 0 0 6 1 0 0 4 0 3 0 7 0 3 0 3 0 3 0 0 0 0 0 0 0 5 0 4 1 0 0 7 0 3 0 5 0 5 0 4 0 7 0 0 1 0 0 5 0 0 0 1 0 5 0 3 0 4 0 3 0 3 0 2 0 0 0 1 0 0 0 3 0 3 0 6 0 3 0 4 0 2 0 6
1 497 1 0 3 0 7 0 1 0 0 0 5 0 2 0 0 0 5 0 4 0 3 1 0 0 1 0 6 0 0 0 2 0 2 0 2 0 1 0 2 0 7 0 2 0 5 0 7 0 2 0 6 0 4 0 4 0 3 0 1 1 0 0 3 0 5 0 1 1 0 0 4 0 1 0 0 0 4 0 2 0 0 0 2 0 2 0 2 0 1 1 0 0 5 0 1 0 5 0 3 0 5 0 6 0 1 0 4 0 1 0 2 0 2 0 1 0 0 1 0 0 0 0 6 0 6 0 2 0 1 0 0 0 3 0 4 0 3 0 1 1 0 0 5 0 4 0 2 0 5 0 5 0 0 0 0 0 2 0 1 0 6 0 7 0 2 0 5 0 0 1 0 1 0 0 3 0 1 0 7 0 6 0 3 0 3 0 4 0 3 1 0 1 0 0 0 1 0 0 6 1 0 0 6 0 6 0 3 0 4 0 4 0 7 0 3 0 3 0 4 0 5 0 5 0 0 0 4 0 5 0 2 0 6 0 3 0 0 0 1 0 3 0 7 0 6 0 0 0 3 0 1 0 4 0 5 0 7 0 6 1 0 0 3 0 5 0 5 0 4 0 3 0 6 0 4 0 7 0 6 0 6 0 0 0 7 0 1 0 4 1 0 0 1 0 0 0 5 1 0 0 5 0 6 0 3 1 0 0 0 0 1 0 5 0 0 0 4 0 6 0 7 0 1 0 6 0 5 0 5 0 5 1 0 0 6 0 6 0 2 0 0 0 4 0 2 0 1 0 0 1 0 0 5 0 5 0 6 1 0 0 1 0 7 0 7 0 5 0 2 0 7 0 4 0 7 0 2 0 4 0 0 0 1 0 0 0 4 0 6 0 3 0 3 0 5 0 4 1 0 0 6 0 1 0 7 0 1 1 0 0 3 0 3 0 1 0 4 1 0 1 0 1 0 0 6 0 7 0 6 0 6 0 0 0 0 0 1 0 2 0 2 0 0 0 5 1 0 0 3 0 3 0 1 0 6 0 2 1 0 0 1 0 1 0 3 0 1 1 0 0 0 0 7 0 6 0 4 0 0 0 2 0 0 0 6 0 7 0 3 1 0 0 0 0 6 0 4
0 497 2 0 7 0 5 0 3 0 1 0 1 0 5 0 1 0 2 0 0 1 0 1 0 0 3 0 3 0 1 0 4 0 4 0 4 0 2 0 5 0 5 0 6 0 2 0 6 0 6 0 4 0 1 0 0 0 7 0 3 0 7 0 6 0 1 0 4 0 7 0 7 0 2 0 0 1 0 0 5 0 0 0 4 0 4 0 4 0 3 1 0 0 1 0 4 0 1 1 0 0 3 0 4 0 3 1 0 0 3 0 4 0 4 0 2 0 1 0 7 0 0 0 4 0 4 0 5 0 2 0 0 0 6 1 0 0 7 0 3 1 0 0 2 0 0 0 6 0 2 0 2 0 1 0 0 0 4 0 3 0 4 0 6 0 6 0 1 0 2 1 0 0 7 0 5 0 3 0 6 0 4 0 7 0 7 0 0 0 0 0 0 0 7 0 0 1 0 0 5 0 0 0 4 0 4 1 0 0 1 0 1 0 6 0 7 0 7 0 0 0 3 0 2 0 2 0 0 0 2 0 6 0 3 0 7 0 0 0 2 0 7 0 6 0 4 0 1 0 6 0 3 0 0 0 3 0 7 0 5 1 0 0 7 0 2 0 3 0 0 1 0 0 5 0 1 0 7 0 5 0 4 0 2 0 5 0 4 0 0 1 0 0 2 0 1 0 3 0 0 0 2 0 4 1 0 1 0 0 0 0 3 0 1 0 2 0 0 0 5 0 6 0 4 0 4 0 3 0 3 0 4 0 0 0 4 0 4 0 5 0 0 1 0 0 5 0 2 0 1 1 0 0 2 0 3 0 5 1 0 0 3 0 6 0 7 0 2 0 6 0 6 0 1 0 6 0 5 1 0 0 1 0 2 0 1 0 0 0 4 0 7 0 7 0 2 0 2 0 0 0 3 0 4 0 5 0 4 0 7 0 5 0 6 0 3 0 1 0 0 1 0 1 0 0 4 0 7 0 5 0 4 0 1 0 0 0 2 0 4 0 4 0 1 0 2 1 0 0 6 0 6 0 3 0 3 0 6 0 7 0 1 0 2 0 6 0 3 0 7 0 0 0 6 0 5 0 0 0 1 0 4 0 1 0 4 0 6 1 0 1 0 0 1 0 4 0 1
0 497 5 0 6 0 2 0 7 0 2 0 3 0 1 0 3 0 4 0 1 1 0 0 7 0 5 0 6 0 3 0 0 0 1 0 0 0 6 0 2 0 3 0 4 0 6 0 4 0 5 0 0 0 3 0 1 0 5 1 0 0 7 0 4 0 4 0 0 0 7 0 6 0 5 0 1 1 0 0 1 0 2 0 0 0 1 0 0 1 0 1 0 0 2 1 0 0 4 0 7 0 5 1 0 1 0 1 0 0 7 0 0 0 0 0 5 0 3 0 5 0 2 0 0 0 1 0 2 0 5 0 1 0 5 0 0 0 5 1 0 1 0 0 4 0 1 0 3 0 5 0 4 0 2 0 0 1 0 1 0 0 1 0 5 0 4 0 3 0 5 1 0 0 6 0 2 1 0 0 5 0 1 0 7 0 6 0 1 0 0 0 1 0 5 0 2 1 0 0 1 0 2 0 0 0 1 1 0 0 2 0 3 0 4 0 7 0 6 0 1 0 6 0 4 0 4 0 0 0 5 0 3 1 0 0 6 0 1 0 5 0 6 0 5 0 0 0 4 0 3 0 7 0 0 0 7 0 6 0 4 0 0 0 5 0 5 0 6 0 1 1 0 0 1 0 4 0 6 0 3 0 0 0 6 0 2 0 0 0 2 0 7 0 3 0 2 0 6 0 0 0 5 0 1 0 0 0 6 1 0 0 6 0 2 0 4 0 1 0 2 0 5 0 1 0 0 0 7 0 6 1 0 0 2 0 0 0 1 0 2 0 2 1 0 0 1 0 5 0 3 0 7 0 3 0 7 0 2 1 0 0 7 0 4 0 6 0 6 0 4 0 4 0 4 0 4 0 3 1 0 0 2 0 4 0 2 0 1 0 0 0 7 0 6 0 5 0 4 0 0 0 7 0 0 0 3 0 1 0 7 0 3 0 4 0 7 0 2 0 1 1 0 1 0 0 0 0 7 0 3 0 0 0 3 0 0 0 5 0 0 0 0 0 3 0 5 1 0 0 4 0 4 0 7 0 7 0 4 0 6 0 3 0 5 0 3 1 0 0 6 0 2 0 4 0 2 0 1 0 2 1 0 0 4 0 0 0 6 0 0 0 7 0 1 1 0 0 3
1 499 1 0 2 0 4 0 6 0 5 0 5 0 6 0 2 0 6 1 0 0 4 1 0 0 6 0 3 0 4 0 7 0 0 0 2 0 1 0 3 0 5 0 7 0 0 0 5 0 1 0 2 0 1 0 6 0 3 0 3 0 0 0 6 0 1 0 0 0 2 0 6 0 5 0 2 0 4 0 7 0 1 0 4 0 0 0 2 0 1 1 0 0 7 0 4 1 0 0 0 0 7 0 4 0 0 1 0 1 0 0 5 0 1 0 1 0 1 1 0 0 2 0 5 0 0 0 2 0 5 0 1 0 4 0 1 0 2 0 3 0 0 0 7 0 7 0 2 0 7 0 2 0 0 0 5 0 1 1 0 0 7 0 2 0 2 0 0 1 0 0 4 0 0 0 3 0 6 1 0 0 1 0 4 0 6 0 4 0 3 0 0 0 3 0 1 0 6 0 7 0 1 0 4 0 0 0 3 0 7 0 3 0 7 0 0 0 7 0 4 0 4 0 4 0 1 0 0 0 2 0 2 0 0 0 0 0 3 0 4 0 2 0 5 0 2 0 1 1 0 1 0 0 6 0 2 0 6 0 5 0 0 0 2 0 2 0 3 0 4 0 4 0 7 0 2 0 0 0 4 0 7 0 1 0 3 0 5 0 0 0 5 0 5 0 7 0 5 0 3 0 2 0 1 0 3 0 1 0 5 0 0 0 3 0 5 1 0 0 3 0 5 0 1 0 3 0 1 0 6 0 5 1 0 0 4 0 0 0 2 0 4 0 5 0 7 0 2 0 1 1 0 0 6 1 0 0 6 0 6 1 0 0 6 0 1 0 5 0 5 0 1 0 1 0 1 0 0 1 0 1 0 0 4 1 0 0 5 0 2 0 1 0 6 0 5 0 3 0 0 0 2 0 5 0 1 0 6 0 3 0 5 1 0 0 1 0 6 0 5 0 3 1 0 0 7 0 0 0 5 0 7 0 0 0 6 0 1 0 1 0 1 0 0 0 7 0 3 0 0 0 0 0 1 0 7 0 7 0 1 0 4 1 0 0 3 0 0 0 0 0 3 0 5 1 0 0 5 0 2 0 5 0 7 0 7 0 1 0 3 0 2 0 5 0 4 0 7 0 5
0 499 2 0 5 0 0 0 5 0 3 0 3 0 4 0 6 0 5 0 0 0 1 0 0 0 3 1 0 0 1 0 6 0 1 0 4 0 2 0 7 0 2 0 6 0 2 0 1 0 3 0 4 0 3 0 3 0 7 0 6 0 1 0 3 0 3 0 0 0 5 0 4 0 2 0 6 0 0 0 6 0 3 1 0 0 1 0 4 0 3 1 0 0 6 0 1 1 0 0 1 0 6 0 0 0 2 1 0 1 0 0 1 0 3 0 2 0 3 0 7 0 4 0 1 0 1 0 5 0 1 0 3 1 0 0 3 0 4 0 6 0 1 0 6 0 6 0 6 0 5 0 5 0 1 0 1 0 4 1 0 0 5 0 5 0 4 0 1 0 7 0 7 0 0 0 7 0 4 1 0 0 3 0 0 0 5 0 0 0 7 0 0 0 6 0 3 0 4 0 6 0 3 1 0 0 1 0 7 0 5 1 0 0 6 0 2 0 6 0 1 0 1 0 0 0 3 0 0 0 4 0 4 0 0 0 0 0 6 1 0 0 6 0 1 0 5 0 3 1 0 1 0 0 3 0 6 0 4 0 2 0 1 0 4 0 4 0 7 0 0 0 1 0 6 0 5 0 1 0 0 0 6 0 3 0 7 0 1 0 2 0 2 0 3 0 7 0 2 0 7 0 4 0 2 0 6 0 3 0 1 0 1 0 7 0 2 1 0 0 7 0 1 0 3 0 6 0 3 0 4 0 3 1 0 1 0 0 1 0 5 0 0 0 3 0 6 0 5 0 3 1 0 0 5 0 0 0 4 0 6 0 0 0 3 0 4 0 2 0 2 0 3 0 2 0 2 0 1 1 0 1 0 0 1 0 0 0 1 0 5 0 3 0 4 0 2 0 7 0 0 0 5 0 1 0 4 0 3 1 0 0 3 1 0 0 3 0 4 0 3 0 0 0 0 0 5 0 2 0 2 0 6 0 2 0 3 0 3 0 2 0 2 0 1 0 5 0 7 0 0 0 0 0 3 0 6 0 6 0 4 0 0 1 0 0 6 0 0 0 0 0 7 0 3 0 0 0 1 0 6 0 2 0 7 0 6 0 3 0 6 0 5 0 2 0 1 0 7 0 3
1 499 5 0 1 0 2 0 1 0 7 0 7 0 0 0 5 0 2 0 1 0 2 0 0 0 7 0 7 0 2 0 3 0 3 1 0 0 6 0 5 0 6 0 3 0 5 0 2 0 6 1 0 0 7 0 7 0 6 0 4 0 3 0 6 0 6 0 1 0 2 0 0 0 6 0 3 0 2 0 3 1 0 1 0 0 3 0 0 0 0 0 0 0 3 0 4 0 7 0 2 0 3 0 1 0 5 1 0 0 7 0 1 0 6 0 4 0 7 0 6 0 0 0 3 0 3 0 1 0 3 0 7 0 7 0 6 0 0 0 4 0 4 0 4 0 5 0 5 0 3 0 2 0 3 0 3 0 1 0 0 0 2 0 3 0 0 0 4 0 6 0 6 0 2 0 6 0 1 1 0 0 6 0 1 0 1 0 2 0 5 0 2 0 3 1 0 0 1 0 4 1 0 1 0 0 3 0 6 0 4 0 0 0 3 0 6 0 3 0 3 0 2 0 0 0 6 0 1 0 0 0 0 0 1 0 1 0 5 0 0 0 3 0 4 0 2 0 0 0 0 0 7 0 6 0 4 0 0 0 5 0 3 0 0 0 1 0 6 0 1 0 3 0 4 0 2 0 3 0 1 0 3 1 0 0 6 0 3 0 4 0 4 0 7 0 5 0 6 0 6 0 0 0 6 0 3 0 7 0 2 0 3 0 5 0 6 1 0 0 5 0 3 0 7 0 3 1 0 0 1 0 0 0 0 0 7 0 2 0 1 0 1 0 7 0 4 0 3 0 0 0 0 0 1 0 2 0 0 0 4 0 1 0 6 1 0 0 5 0 4 0 6 0 4 0 4 0 3 1 0 0 7 0 1 0 0 0 3 0 1 1 0 0 0 0 6 0 5 0 2 0 1 0 3 1 0 1 0 1 0 0 7 0 7 0 5 1 0 0 7 0 0 0 1 0 1 0 5 0 5 0 3 0 5 0 6 0 6 0 4 0 4 0 3 0 2 0 6 0 1 0 0 0 7 0 4 0 5 0 0 0 2 1 0 0 3 0 1 0 1 0 5 0 7 0 0 0 3 0 3 0 6 0 6 0 4 1 0 0 5 0 2 0 5 0 3 0 5 1 0
1 501 1 0 1 0 3 0 4 0 3 0 6 0 6 0 2 0 1 0 5 0 2 0 4 0 1 0 6 0 6 0 5 0 6 1 0 0 0 0 4 0 3 0 4 1 0 0 2 0 6 0 5 0 0 0 6 0 7 0 5 0 0 1 0 0 5 0 4 0 3 0 4 0 1 0 3 0 7 0 4 1 0 0 0 0 7 0 5 0 0 0 0 0 0 0 7 0 0 0 6 0 5 0 6 0 3 0 3 0 0 0 5 0 4 0 4 0 1 0 7 0 4 0 1 0 6 0 6 0 2 0 7 0 6 0 7 0 4 0 2 0 0 0 1 0 1 0 3 0 2 0 7 0 4 0 6 0 6 0 2 0 0 0 4 0 6 0 1 0 0 0 5 0 4 0 6 0 3 0 4 1 0 0 3 0 3 0 2 0 5 0 1 0 5 0 7 0 7 0 2 0 1 0 0 0 7 0 6 0 4 0 0 0 1 0 7 0 3 0 7 0 6 0 4 0 1 0 3 0 3 0 0 0 0 0 2 0 3 0 1 0 1 0 6 1 0 0 5 0 0 0 1 0 6 0 5 0 0 0 2 0 1 0 7 0 0 0 3 0 3 0 3 0 6 1 0 0 5 0 6 0 2 1 0 0 0 0 3 1 0 0 1 0 1 0 7 0 3 0 5 0 4 0 2 0 3 1 0 0 6 0 5 0 7 0 2 0 6 0 0 0 1 1 0 0 6 1 0 1 0 0 2 0 0 0 1 0 5 0 5 0 2 0 3 0 6 0 0 0 7 0 0 0 0 0 2 0 4 0 0 1 0 0 4 0 5 0 0 0 2 0 1 0 5 0 1 0 1 0 0 0 0 0 5 0 3 0 0 0 6 0 3 0 7 0 0 0 4 0 2 0 5 0 2 1 0 0 0 1 0 1 0 0 6 0 7 0 4 0 0 0 5 0 1 0 2 0 3 0 2 0 2 1 0 0 3 0 5 0 5 0 1 0 0 0 7 0 5 0 3 0 3 0 1 0 6 0 1 0 2 0 1 0 5 0 7 0 5 0 2 0 3 0 2 0 6 0 1 0 6 0 7 0 4 0 5 0 2 0 0 0 1 0 6 0 1 1 0 0 3 1 0
1 501 2 0 2 0 6 1 0 1 0 0 5 0 4 0 5 0 3 0 1 0 5 1 0 0 4 0 4 0 5 0 3 0 5 1 0 0 0 1 0 1 0 0 1 1 0 0 5 0 4 0 2 0 2 0 4 0 7 0 2 0 2 1 0 0 2 0 0 1 0 0 0 0 3 0 7 0 6 0 1 1 0 0 1 0 6 0 2 0 1 0 0 0 1 0 5 0 2 0 4 0 3 0 4 0 7 0 6 0 1 0 2 0 1 0 0 0 4 0 6 0 0 0 4 0 4 0 4 0 6 0 6 0 5 0 7 0 0 0 5 0 0 0 2 0 2 0 6 0 5 0 6 0 1 0 5 0 4 0 5 0 1 0 0 0 4 0 3 0 1 0 2 0 1 0 4 1 0 0 1 1 0 0 6 0 6 0 5 0 1 0 4 0 2 0 7 0 6 0 5 0 2 0 1 0 6 0 5 0 0 0 1 0 3 0 5 1 0 0 7 0 5 0 0 0 3 0 6 0 6 0 0 0 0 0 4 0 6 0 2 0 3 0 5 0 0 0 1 0 1 0 3 0 4 0 2 0 1 0 4 0 3 0 5 0 1 0 6 0 6 0 7 0 5 0 0 0 2 0 4 0 6 0 6 1 0 0 7 0 7 0 1 0 3 0 5 1 0 0 3 0 0 0 5 1 0 0 0 0 4 0 3 0 6 0 6 0 3 0 1 0 3 1 0 0 5 0 0 0 7 0 3 0 0 0 3 0 2 0 2 0 5 0 7 0 3 0 2 0 5 0 1 0 0 0 4 1 0 0 2 1 0 0 0 0 2 0 1 0 4 0 3 0 1 0 3 0 2 0 0 0 1 0 1 0 7 0 1 0 3 1 0 0 6 0 1 1 0 0 6 0 1 0 6 0 7 0 0 1 0 1 0 0 4 0 7 0 0 0 2 0 1 0 3 0 4 0 6 0 4 0 5 0 7 0 6 0 2 0 2 0 3 0 1 0 6 0 2 0 7 0 6 0 3 0 3 0 3 0 4 0 3 0 2 0 7 0 2 0 5 0 6 0 5 0 3 0 4 0 4 0 7 0 1 0 2 0 5 0 0 0 3 0 3 0 4 0 7 0 6 0 6
1 501 4 0 5 0 5 0 0 1 0 0 2 0 1 0 2 0 7 0 3 0 3 0 0 0 0 0 1 0 2 1 0 0 3 1 0 0 1 1 0 0 7 0 2 1 0 0 2 0 0 0 5 0 5 0 0 0 6 0 5 0 5 0 7 0 3 0 1 0 6 1 0 0 7 0 6 0 4 0 4 0 7 0 2 0 3 0 5 0 2 0 0 0 3 0 1 0 5 1 0 1 0 0 1 0 7 0 4 0 3 0 4 0 2 0 1 0 0 0 4 0 2 0 0 0 1 0 1 0 5 0 5 0 3 0 6 0 2 0 1 0 1 0 4 0 5 0 4 0 3 0 4 0 4 0 2 0 1 0 2 0 3 0 0 1 0 0 7 0 2 0 4 0 3 0 0 1 0 0 3 1 0 0 4 0 5 0 2 0 3 1 0 0 6 0 6 0 5 0 2 0 5 0 3 0 4 0 2 0 1 0 2 0 7 0 3 0 0 0 6 0 2 0 1 0 7 0 4 0 4 0 1 0 1 0 0 0 4 0 5 0 7 0 1 0 1 0 2 0 2 0 6 1 0 0 5 0 2 1 0 1 0 0 2 0 4 0 4 0 5 0 7 0 2 0 1 0 5 0 0 0 5 0 6 0 0 0 6 0 6 0 3 0 7 0 2 1 0 0 6 0 1 0 2 1 0 0 0 1 0 1 0 0 5 0 4 0 7 0 2 1 0 0 0 0 1 0 2 0 5 0 7 0 0 0 6 0 4 0 5 0 2 0 6 0 7 0 5 0 1 0 3 0 1 0 0 1 0 0 5 0 6 1 0 0 4 0 2 1 0 0 7 0 2 0 6 0 4 0 0 0 2 0 3 0 5 0 3 1 0 0 0 0 3 0 4 1 0 0 3 0 4 0 4 0 6 0 2 1 0 1 0 0 0 0 6 0 1 0 4 0 2 0 7 0 0 0 5 0 1 0 3 0 7 0 4 0 5 0 4 0 6 0 3 0 3 0 6 0 6 0 4 0 7 0 6 0 6 1 0 0 7 0 5 0 5 0 6 0 2 0 5 0 2 1 0 0 1 0 1 0 6 0 3 0 5 0 1 0 1 0 6 0 7 0 0 0 7 0 5 0 5
0 503 1 0 0 0 3 0 2 0 2 0 7 0 3 0 2 0 5 0 5 0 7 0 6 0 0 0 0 0 2 0 5 0 7 0 6 0 7 0 2 1 0 0 5 0 6 0 7 0 3 0 1 0 2 0 2 0 2 0 4 0 3 0 3 0 6 0 7 0 3 0 5 0 0 0 6 0 5 0 1 0 1 0 6 0 5 0 7 0 1 0 5 0 0 0 6 0 3 0 3 0 0 0 7 0 2 0 6 0 0 1 0 0 0 0 5 0 2 0 0 1 0 0 5 0 0 0 2 0 3 0 2 0 2 1 0 0 4 0 5 0 2 0 3 0 0 0 3 0 0 1 0 0 1 0 0 0 5 0 2 0 4 0 6 0 1 1 0 0 5 0 5 1 0 0 7 0 1 0 7 0 6 1 0 0 0 0 2 0 5 1 0 0 0 0 4 0 5 0 2 0 6 0 1 1 0 0 0 0 5 0 2 0 5 0 5 0 7 0 1 0 3 0 5 0 3 0 6 0 1 0 0 0 3 0 2 0 1 0 0 0 3 0 6 0 3 0 2 0 4 0 5 0 5 0 0 0 1 0 6 1 0 0 7 0 4 0 0 0 1 0 3 0 6 0 5 0 3 0 1 0 2 0 2 0 4 0 2 0 4 0 4 1 0 0 6 0 6 1 0 0 3 0 3 0 5 0 7 0 0 1 0 1 0 0 2 0 1 0 6 0 6 0 6 1 0 0 2 0 5 0 2 0 6 0 2 0 4 0 1 0 2 0 6 0 4 0 7 0 2 0 3 0 6 0 2 0 1 1 0 0 2 0 5 1 0 1 0 0 6 1 0 0 5 0 6 0 4 0 0 0 1 0 4 0 7 0 1 1 0 1 0 0 0 0 7 0 0 1 0 0 7 0 0 0 1 0 4 0 6 1 0 0 7 0 0 0 3 0 3 1 0 0 6 0 5 0 2 0 1 0 3 0 7 0 6 0 1 0 3 0 1 0 4 0 7 0 7 0 4 0 5 0 1 0 7 0 5 0 6 0 0 0 6 0 3 0 3 0 4 0 6 0 1 0 6 0 7 0 1 0 3 0 3 1 0 0 2 0 3 0 3 0 4 0 6 0 2 0 6 0 3 0 3
1 503 2 0 0 0 6 0 4 0 5 0 5 0 7 0 5 0 2 0 3 0 7 0 4 0 1 0 0 0 5 0 2 0 7 0 5 0 6 0 6 1 0 0 2 0 5 0 6 0 7 0 2 0 4 0 4 0 4 1 0 0 7 0 7 0 4 0 6 1 0 0 2 0 2 0 4 0 2 0 3 0 3 0 4 0 3 0 6 0 4 0 1 0 2 0 3 0 7 0 6 0 1 0 5 0 6 0 3 0 2 0 7 0 0 0 1 0 5 0 1 1 0 0 1 0 1 0 4 0 6 0 4 0 5 1 0 0 0 0 2 0 5 0 6 0 0 0 6 0 1 0 7 0 1 0 1 0 1 0 6 0 0 0 4 0 4 1 0 0 2 0 4 0 0 0 5 0 4 0 6 0 5 1 0 0 0 0 5 0 2 1 0 0 1 0 0 0 2 0 6 0 3 0 4 0 7 0 0 0 1 0 6 0 2 0 3 0 6 0 3 0 7 0 1 1 0 0 4 0 3 0 0 0 6 0 4 0 2 0 0 0 7 0 3 0 7 0 5 0 0 0 3 0 2 0 1 0 3 0 5 0 0 0 6 0 0 0 1 0 2 0 7 0 4 0 2 0 7 0 2 0 4 0 4 1 0 0 6 0 0 0 2 0 0 0 4 0 5 1 0 0 6 0 7 0 2 0 6 0 2 1 0 0 7 0 3 0 3 0 4 0 5 0 5 1 0 0 5 0 1 0 6 0 3 0 5 1 0 0 3 0 5 0 4 0 1 0 6 0 5 0 7 0 3 0 5 0 3 0 7 0 4 0 3 0 0 1 0 0 5 0 0 0 2 0 5 0 0 0 1 0 3 0 0 0 6 0 4 1 0 0 7 0 0 0 5 0 2 1 0 0 5 0 1 0 3 0 0 0 6 0 0 0 5 0 1 0 6 1 0 0 0 0 4 0 2 0 5 0 2 0 7 0 6 0 4 0 3 0 6 0 3 0 0 0 7 0 7 0 1 0 2 0 4 0 6 0 3 0 4 0 2 0 3 0 7 0 7 0 0 0 4 0 4 0 4 0 6 0 3 0 6 0 7 0 7 0 3 0 6 0 7 0 0 0 4 0 6 0 3 0 7 0 6
1 503 4 0 1 0 4 0 1 0 3 0 3 0 7 0 2 0 5 0 7 0 6 0 0 0 3 0 1 0 1 0 6 0 6 0 3 0 5 0 5 1 0 0 5 0 2 0 5 0 6 0 6 0 0 0 1 0 2 0 0 0 6 0 7 0 1 0 5 1 0 0 4 0 4 1 0 0 5 0 6 0 6 1 0 1 0 0 5 0 0 0 3 0 4 0 7 0 6 0 4 0 4 0 2 0 4 0 7 0 5 0 5 0 1 0 3 0 1 0 4 0 7 0 1 0 3 0 0 0 5 0 1 0 3 1 0 0 0 0 5 0 2 0 4 0 2 0 3 0 4 0 5 0 3 0 2 0 3 0 3 0 2 0 0 0 1 1 0 0 4 1 0 0 2 0 2 0 1 0 5 0 3 1 0 0 1 0 1 0 6 0 7 0 1 0 0 0 5 0 3 1 0 0 1 0 6 0 1 0 3 0 3 0 5 0 7 0 3 1 0 0 6 0 4 0 7 0 7 0 6 0 1 0 4 0 0 0 5 0 1 0 5 1 0 0 7 0 2 0 1 0 6 0 4 0 2 0 7 0 1 0 2 0 3 0 1 0 2 0 5 0 6 0 0 0 6 0 5 0 6 0 0 0 2 0 0 0 3 0 1 0 4 0 1 0 0 0 4 0 0 0 4 0 6 0 6 0 3 0 6 1 0 0 5 0 7 0 7 0 0 0 3 0 4 0 0 0 1 0 4 0 3 1 0 0 3 1 0 0 7 0 2 0 0 0 4 0 4 0 3 0 6 1 0 0 2 1 0 0 7 0 0 0 7 0 1 1 0 0 1 0 1 0 5 0 1 0 1 0 2 0 6 0 1 0 4 0 2 0 0 0 5 0 2 0 1 0 6 1 0 0 1 0 3 0 6 0 1 0 3 0 2 0 1 0 4 0 4 1 0 0 0 1 0 0 6 0 1 0 6 0 6 0 5 0 0 1 0 0 4 0 7 0 1 0 6 0 6 0 3 0 5 0 0 0 4 1 0 0 0 0 5 0 7 0 6 0 6 0 2 0 0 0 1 0 1 0 4 1 0 0 5 0 7 0 6 1 0 0 5 0 6 0 2 0 0 0 4 1 0 0 7 0 5
0 504 1 0 0 3 1 0 0 3 0 6 0 7 0 5 0 6 0 2 0 7 0 4 0 1 0 6 0 2 0 3 0 4 0 4 1 0 0 3 0 4 0 0 0 1 0 6 0 2 0 5 0 4 0 1 0 2 0 4 0 1 0 4 0 6 0 4 0 3 0 0 0 0 0 2 0 0 0 2 0 5 0 6 0 0 1 0 0 1 0 1 0 7 0 0 0 7 0 5 0 1 0 0 0 6 0 0 0 7 0 3 0 2 0 3 0 6 0 3 0 0 0 6 0 3 0 6 0 1 0 1 0 3 0 7 0 7 0 0 0 1 0 5 1 0 0 5 0 7 0 0 0 2 0 7 0 4 0 6 0 6 0 4 0 0 0 3 1 0 0 0 1 0 0 4 0 4 0 3 0 1 1 0 1 0 0 2 0 3 0 4 0 6 0 3 0 1 0 1 1 0 1 0 0 3 0 3 0 3 0 6 0 7 0 2 0 7 0 0 0 0 0 4 0 1 0 7 0 7 0 4 0 3 1 0 0 2 0 1 0 4 0 3 0 0 0 5 0 5 0 3 0 4 0 0 0 6 0 5 0 3 0 4 0 6 0 2 0 5 0 2 0 4 0 2 0 4 0 3 0 4 0 1 0 4 0 0 0 6 0 2 1 0 0 3 0 0 1 0 0 2 0 0 0 5 0 4 1 0 0 6 0 0 0 2 0 7 0 6 0 1 0 6 1 0 0 1 0 2 1 0 1 0 1 0 1 0 0 0 0 5 0 5 0 1 0 0 0 0 1 0 0 5 1 0 0 5 1 0 0 5 0 2 0 5 0 4 0 7 0 1 0 3 0 1 0 3 0 2 0 5 0 3 0 3 1 0 0 5 0 1 0 1 0 5 0 3 0 4 1 0 0 2 0 7 0 3 0 3 0 6 0 4 0 3 0 0 0 1 1 0 0 1 1 0 0 3 0 4 0 4 0 5 0 2 0 2 1 0 0 0 0 6 0 4 0 4 0 4 1 0 0 2 0 2 0 0 1 0 0 1 0 2 0 7 0 5 0 4 0 5 0 0 0 2 0 3 0 1 0 0 0 2 0 7 0 6 0 0 0 2 0 4 0 5 0 1 0 1 0 0 0 6 0 3
1 505 1 0 7 0 6 0 7 0 6 0 4 0 7 0 3 0 4 0 6 0 6 0 0 0 4 0 3 0 5 0 7 0 0 0 1 1 0 0 6 1 0 0 1 0 3 0 3 0 6 0 2 0 0 0 3 0 4 1 0 0 4 0 0 0 5 0 0 0 7 0 0 0 0 0 4 0 0 0 5 0 2 0 4 0 2 0 7 0 1 0 3 0 5 0 2 0 6 0 2 0 3 0 1 0 3 0 2 0 5 0 7 0 4 0 7 0 3 0 7 0 1 0 3 1 0 0 4 0 3 0 2 0 7 0 6 0 6 0 1 0 3 0 3 0 0 0 2 0 6 0 1 0 5 0 6 0 1 0 5 0 5 0 0 0 1 0 7 0 7 0 0 1 0 0 0 0 0 0 7 0 3 1 0 0 7 0 3 0 7 0 0 0 4 0 7 0 2 0 3 1 0 0 7 0 5 0 6 0 7 0 4 0 6 0 6 0 5 0 1 0 0 1 0 0 4 0 6 0 7 0 0 1 0 1 0 0 4 0 2 1 0 0 7 0 1 0 2 0 2 1 0 0 0 0 2 0 4 0 2 1 0 0 1 0 4 0 6 0 1 0 5 1 0 0 5 1 0 1 0 0 0 0 3 1 0 0 2 0 3 0 6 0 7 0 5 0 1 0 7 0 3 0 1 0 2 0 2 0 0 0 3 0 1 0 5 0 6 0 4 0 4 0 4 1 0 0 2 0 5 1 0 1 0 1 0 0 7 0 0 0 2 0 2 0 3 0 0 0 1 1 0 0 3 0 0 0 3 0 0 0 1 0 6 0 2 0 1 0 6 0 3 0 6 0 2 0 6 0 5 0 1 1 0 0 0 0 0 0 1 0 3 0 3 0 1 1 0 0 1 1 0 0 5 0 5 0 7 0 7 0 4 0 0 0 7 0 0 0 3 0 7 0 2 0 7 0 6 0 0 0 1 0 2 0 5 0 5 0 7 0 0 0 4 0 1 0 1 0 1 1 0 0 4 0 4 0 1 0 7 0 1 0 5 0 6 0 3 0 1 0 2 0 1 0 4 0 6 0 2 0 0 0 5 0 6 0 4 0 1 0 5 0 0 0 2 0 3 0 2 0 1 0 3 1 0
1 505 3 0 6 0 5 0 7 0 5 0 1 0 6 1 0 0 1 0 5 0 4 0 1 1 0 1 0 0 3 0 6 0 1 0 3 1 0 0 4 1 0 0 2 0 6 0 7 0 3 0 5 0 0 0 7 0 0 1 0 1 0 0 2 0 1 0 2 0 5 0 1 0 0 1 0 0 2 0 1 0 5 1 0 0 6 0 5 0 3 0 7 0 1 0 6 0 3 0 5 0 6 0 2 0 6 0 5 0 2 0 7 0 1 0 6 1 0 0 6 0 3 0 7 0 7 0 7 0 6 0 5 0 6 0 5 0 4 0 3 0 6 0 6 0 0 0 5 0 3 0 4 0 2 0 4 0 4 0 2 0 2 0 1 0 3 0 6 0 6 0 2 0 6 1 0 0 1 0 6 0 0 0 0 0 5 1 0 0 6 0 2 0 0 0 6 0 5 1 0 0 0 0 6 0 3 0 5 0 7 0 1 0 5 0 5 0 2 0 3 0 1 1 0 0 0 0 5 0 6 0 2 1 0 0 7 0 7 0 5 1 0 0 5 0 3 0 4 0 5 0 6 1 0 0 4 1 0 0 6 0 7 0 2 0 0 0 4 0 4 0 3 0 0 0 3 0 0 0 6 1 0 0 7 0 7 0 3 0 7 0 4 0 7 0 2 0 4 0 5 0 7 0 2 0 4 0 4 0 0 0 6 0 3 0 2 0 5 0 1 0 1 0 1 1 0 0 5 0 3 0 0 1 0 1 0 0 5 0 1 0 4 0 4 0 6 0 0 0 3 0 7 0 5 0 0 0 6 0 0 0 3 0 3 0 5 0 3 0 3 1 0 0 4 0 6 0 4 0 2 0 4 0 6 1 0 0 0 0 2 0 6 0 6 0 3 0 7 0 2 1 0 0 2 0 3 0 7 0 7 0 0 0 2 0 5 0 1 0 7 0 5 0 6 0 6 0 4 0 1 0 2 0 5 0 2 0 3 0 6 0 1 1 0 0 3 0 2 0 3 1 0 0 0 0 0 0 4 0 5 0 4 0 2 0 4 0 7 0 2 0 4 0 3 0 0 0 4 0 5 0 1 0 2 0 5 0 0 0 4 0 1 0 1 0 4 0 6 0 4 0 2 0 7 0 6
1 505 7 0 4 0 3 0 7 0 2 0 4 0 4 1 0 0 3 0 2 0 0 0 4 1 0 0 7 0 6 0 3 0 3 1 0 0 0 0 0 1 0 0 5 0 4 0 6 1 0 0 2 0 2 0 5 0 2 1 0 0 7 0 3 0 2 0 5 0 1 0 3 0 1 0 7 0 3 0 3 0 3 0 0 0 4 0 2 1 0 0 6 0 4 0 3 1 0 0 3 0 4 0 6 0 4 0 2 0 6 0 5 0 4 0 5 0 0 0 3 1 0 0 7 0 7 0 7 0 5 0 3 0 5 0 3 0 0 1 0 0 5 0 4 0 2 0 1 1 0 0 0 0 6 0 0 0 0 0 5 0 4 0 2 0 7 0 4 0 4 0 6 0 4 1 0 0 3 0 3 0 1 0 1 0 3 0 0 0 3 0 5 0 1 0 4 0 3 1 0 0 1 0 3 1 0 0 3 0 6 0 4 0 2 0 2 0 5 0 6 0 3 0 7 0 0 0 2 0 4 0 6 1 0 0 6 0 7 0 4 0 0 0 1 1 0 0 1 0 3 0 6 0 0 0 1 0 0 0 4 0 6 0 5 0 1 0 0 0 0 0 7 0 0 0 6 0 1 0 5 0 0 0 6 0 6 1 0 0 7 0 1 0 6 0 6 0 0 0 3 0 6 0 6 0 0 0 0 0 2 0 3 0 7 0 5 0 1 0 3 0 2 0 3 1 0 0 1 0 7 0 1 1 0 1 0 0 1 0 4 0 0 0 1 0 4 0 1 0 7 0 6 0 2 0 2 0 3 0 1 0 6 0 7 0 1 1 0 0 0 0 0 0 0 0 5 0 0 0 6 0 0 0 5 1 0 0 0 0 5 0 4 0 4 1 0 0 6 0 6 0 7 0 3 0 7 0 6 0 6 0 1 0 5 0 1 0 4 0 6 0 3 0 5 0 5 0 0 0 3 0 5 0 1 0 5 0 7 0 3 0 4 0 7 0 5 0 4 0 7 0 6 1 0 0 1 0 0 0 3 0 0 0 6 0 0 0 6 0 5 1 0 0 7 0 1 0 0 0 2 0 3 0 5 0 1 0 1 1 0 0 3 0 3 0 0 0 5 0 0 0 6 0 6 0 5
0 507 1 0 6 0 0 1 0 0 6 0 6 0 0 0 1 1 0 0 6 0 4 0 1 0 1 0 0 0 6 0 4 0 7 0 7 0 6 1 0 0 1 1 0 0 2 0 1 0 5 1 0 0 4 0 5 0 1 0 6 1 0 0 5 0 7 0 5 0 1 0 3 0 6 0 3 0 5 0 7 0 6 0 6 0 0 1 0 0 6 1 0 0 4 0 0 1 0 1 0 0 7 0 0 0 5 0 0 0 6 0 4 0 3 0 1 0 2 0 1 1 0 0 0 0 6 0 7 0 7 0 2 1 0 0 2 0 7 0 1 1 0 0 2 0 0 0 5 0 3 0 7 0 0 0 3 0 1 0 1 0 2 0 0 0 6 0 6 0 1 0 1 0 5 0 1 1 0 0 6 0 6 0 2 0 2 0 6 0 0 0 7 0 1 0 3 1 0 1 0 1 0 0 2 0 7 0 7 0 6 0 4 0 0 0 5 0 5 0 2 0 4 1 0 0 6 0 1 0 5 0 0 0 6 0 0 0 4 0 7 0 0 0 1 0 3 0 7 0 1 0 7 0 3 0 1 0 2 0 1 0 0 0 5 0 2 0 3 0 0 0 1 0 5 0 2 0 3 0 4 0 1 0 2 0 4 0 6 0 0 0 5 0 4 0 4 0 4 0 1 0 7 0 4 0 4 0 1 0 0 0 4 0 7 0 6 0 2 0 3 0 6 0 4 0 7 0 7 0 2 0 5 0 4 1 0 0 7 0 1 1 0 0 1 0 2 1 0 0 4 0 6 0 4 0 5 0 4 0 6 0 3 0 4 0 6 0 4 0 6 1 0 0 0 0 1 0 1 0 2 0 3 0 2 0 2 1 0 0 1 0 2 0 1 0 2 0 0 0 4 0 5 0 6 1 0 0 7 0 5 0 4 0 4 0 1 0 4 0 0 0 4 1 0 0 3 0 2 0 1 0 7 0 1 0 4 0 2 0 6 1 0 0 1 0 7 0 3 0 1 0 7 0 5 1 0 0 2 0 0 0 6 0 1 0 3 0 2 0 4 0 4 0 0 0 5 0 3 0 0 0 4 0 7 0 1 0 3 0 3 0 7 0 5 0 6 0 1 0 1 0 2 0 4 0 5 0 3
1 507 3 0 3 0 2 1 0 0 4 0 4 0 1 0 3 1 0 0 4 0 0 0 3 0 2 0 1 0 4 0 1 0 7 0 7 0 5 1 0 0 3 0 7 0 3 0 3 0 3 0 0 0 0 0 2 0 4 0 5 0 0 0 2 0 7 0 2 0 3 0 7 0 3 1 0 0 3 0 7 0 5 0 4 0 2 1 0 0 4 1 0 1 0 0 2 1 0 1 0 0 5 0 2 0 1 0 2 0 4 0 0 0 7 0 2 0 4 0 3 0 7 0 0 0 4 0 7 0 6 0 6 0 7 0 4 0 5 0 4 0 7 0 3 0 1 0 1 1 0 0 6 0 1 0 6 0 2 0 2 0 4 0 1 0 4 0 4 0 3 0 3 0 1 0 4 1 0 0 4 0 4 0 5 0 5 0 3 0 2 0 5 0 3 1 0 0 0 1 0 0 7 0 4 0 6 0 7 0 5 0 0 0 2 0 2 0 2 0 6 0 1 0 0 0 3 0 4 0 1 0 2 0 3 0 2 0 0 0 6 0 1 0 2 0 7 0 5 0 4 0 5 0 7 0 2 0 4 0 2 0 1 0 1 0 5 0 6 0 0 0 3 0 1 0 5 0 6 1 0 0 3 0 5 0 0 0 4 0 2 0 2 0 1 0 1 0 0 0 4 0 6 0 1 0 0 0 3 0 1 0 0 0 7 0 4 0 5 0 7 0 4 0 1 0 7 0 6 0 6 0 2 0 2 0 0 0 5 0 4 0 7 0 1 0 5 1 0 0 0 0 5 0 1 0 3 0 1 0 4 1 0 0 1 0 5 0 1 0 5 1 0 0 0 0 2 0 2 0 4 0 6 0 4 0 5 0 7 0 1 0 4 0 2 0 4 0 1 0 0 0 3 0 6 0 0 0 6 0 3 0 1 0 0 0 3 1 0 0 2 0 0 1 0 0 6 0 4 0 3 0 5 0 3 1 0 0 6 0 4 1 0 0 3 0 5 0 7 0 3 0 6 0 3 1 0 0 4 0 1 0 3 0 3 0 6 0 5 0 0 0 0 0 2 0 1 0 7 0 1 0 0 0 6 0 3 0 6 0 7 0 6 0 3 0 4 0 3 0 2 0 5 0 0 0 2 1 0
1 507 6 0 6 0 5 1 0 0 0 0 0 0 3 0 7 0 7 0 7 0 0 0 6 0 4 0 2 1 0 0 4 0 6 0 7 0 3 1 0 0 7 0 5 0 7 0 6 0 6 0 0 0 0 0 5 0 0 0 2 0 1 0 5 0 5 0 5 0 7 0 5 1 0 1 0 0 7 0 6 0 3 0 0 0 6 1 0 0 1 0 0 0 7 0 4 1 0 1 0 0 1 0 5 0 2 0 4 1 0 0 2 0 5 0 5 1 0 1 0 0 6 0 2 0 0 0 7 0 5 0 5 0 7 0 1 0 3 0 1 0 6 0 7 0 2 0 3 1 0 0 3 0 4 0 3 0 5 0 4 1 0 0 4 0 0 0 0 0 7 0 6 0 3 0 1 0 0 0 0 0 1 0 3 0 2 0 7 0 5 0 1 1 0 1 0 0 1 1 0 0 6 0 1 0 5 0 7 0 2 0 1 0 4 0 4 0 5 0 3 0 3 0 0 0 6 1 0 0 3 0 4 0 6 0 4 0 1 0 3 0 3 0 5 0 6 0 3 0 1 0 3 0 6 0 5 1 0 0 5 0 2 0 3 0 2 0 4 0 1 0 6 0 3 0 2 0 5 1 0 0 7 0 1 0 1 1 0 0 5 0 4 0 2 0 2 0 1 0 0 0 4 0 3 0 0 0 6 0 2 0 1 0 6 0 1 0 3 0 7 0 0 0 4 0 6 0 5 0 4 0 5 0 4 0 1 0 2 0 1 0 6 0 4 0 2 1 0 0 1 0 1 0 3 0 6 0 3 0 0 1 0 0 3 0 1 0 4 0 2 1 0 0 0 0 4 0 5 0 0 0 5 0 1 0 3 0 6 0 3 1 0 0 5 1 0 0 3 0 0 0 7 0 3 0 2 0 3 0 7 0 2 0 0 0 7 0 7 0 3 0 1 1 0 0 4 0 0 1 0 0 3 0 0 0 0 0 4 0 1 1 0 0 7 0 2 0 6 1 0 0 4 1 0 1 0 1 0 0 3 0 6 0 7 0 4 0 2 0 1 0 0 0 4 0 3 0 5 0 3 0 1 0 3 1 0 0 5 0 7 0 4 1 0 0 0 0 7 0 5 0 1 0 1 0 5 0 6
1 509 1 0 4 0 5 0 3 1 0 0 0 0 0 0 7 0 6 0 7 0 6 0 2 0 4 0 0 0 6 1 0 0 0 0 5 0 7 0 0 0 0 0 6 0 3 0 7 0 5 0 4 0 1 0 1 0 1 0 1 0 4 0 3 0 2 0 3 0 3 0 7 0 4 0 0 1 0 0 6 0 4 0 7 0 1 0 4 1 0 0 2 0 1 0 6 0 2 0 0 0 7 0 2 0 1 0 6 0 0 1 0 0 5 0 2 0 4 0 0 1 0 0 3 0 5 0 1 0 6 0 3 0 3 0 6 0 3 0 6 0 3 0 4 0 6 0 5 0 7 0 7 0 5 1 0 1 0 0 3 0 1 1 0 1 0 0 1 0 1 0 6 0 4 0 7 0 2 0 0 0 0 0 2 0 6 0 5 0 6 0 2 0 4 1 0 0 7 0 2 1 0 0 3 0 4 0 2 0 6 0 5 0 3 0 0 0 1 0 2 0 7 0 6 0 1 0 4 1 0 0 7 0 0 0 5 0 0 0 3 0 6 0 7 0 2 0 4 0 7 0 2 0 7 0 4 0 4 0 0 0 1 0 5 0 6 0 4 1 0 0 4 0 3 0 7 0 5 0 3 0 0 0 5 0 3 0 3 1 0 0 2 0 0 0 5 0 4 0 2 0 0 1 0 0 7 0 1 0 3 0 5 0 3 0 3 0 3 0 7 0 5 0 2 0 0 0 5 0 3 0 1 0 3 0 0 0 3 0 4 0 3 0 4 0 0 0 6 0 7 0 1 0 2 0 7 0 3 0 7 0 1 0 7 0 5 0 2 1 0 0 6 0 7 0 0 0 0 0 2 0 2 0 1 0 3 0 7 0 4 0 0 0 0 0 2 1 0 0 6 0 1 0 5 0 7 0 4 0 7 0 5 0 5 0 1 0 6 0 6 0 7 0 3 0 7 0 7 0 1 0 7 0 5 0 0 0 0 1 0 0 4 1 0 0 5 0 6 0 5 0 0 0 1 0 0 1 0 0 7 0 6 0 4 0 7 0 0 0 5 0 2 0 0 1 0 1 0 0 2 0 7 0 2 1 0 0 0 0 2 0 7 0 1 1 0 0 1 0 6 0 2 0 3 0 3 0 2 0 5
0 509 3 0 0 0 2 1 0 1 0 0 0 0 1 0 6 0 5 0 7 0 4 0 5 1 0 0 2 0 4 1 0 0 1 0 2 0 6 0 1 0 1 0 3 1 0 0 7 0 3 0 0 0 3 0 2 0 2 0 2 1 0 0 7 0 4 0 6 0 7 0 6 0 0 0 2 1 0 0 4 0 1 0 6 0 4 0 0 1 0 0 4 0 3 0 3 0 5 0 1 0 5 0 5 0 3 0 3 0 2 1 0 0 1 0 5 1 0 0 2 0 7 0 6 0 1 0 4 0 3 0 7 0 7 0 3 1 0 0 4 1 0 0 1 0 5 0 3 0 7 0 7 0 4 0 0 0 7 0 5 0 3 1 0 0 7 0 1 0 3 0 4 0 1 0 6 0 5 0 0 0 0 0 5 0 4 0 3 0 4 0 6 0 1 0 0 0 5 0 6 0 7 0 5 1 0 0 6 0 4 0 2 0 7 0 0 0 2 0 5 0 6 0 4 0 4 0 1 0 0 0 5 0 2 0 1 0 1 0 7 0 4 0 6 0 6 0 0 0 6 0 6 0 6 0 1 0 0 0 1 0 3 0 2 0 5 0 1 1 0 1 0 1 0 0 7 0 2 0 7 0 1 0 1 0 7 0 7 0 7 0 3 0 1 0 2 0 0 0 5 0 1 1 0 0 5 0 3 0 7 0 1 0 7 0 6 0 7 0 6 0 2 0 5 0 1 0 1 0 7 0 2 0 6 0 0 0 6 1 0 1 0 0 0 0 2 0 4 0 6 0 3 0 5 0 5 1 0 0 6 0 4 0 6 0 2 0 6 1 0 0 4 0 6 0 1 0 0 0 4 0 4 0 2 0 7 0 6 0 0 0 1 0 0 0 5 1 0 0 3 0 4 0 2 0 7 0 1 0 7 0 3 0 2 0 4 0 4 0 5 0 6 1 0 0 7 0 6 0 4 0 6 0 2 0 1 0 1 1 0 0 1 0 0 0 2 0 5 0 2 0 1 0 2 0 1 1 0 0 6 0 5 0 1 0 6 0 2 0 1 0 5 0 1 1 0 0 7 0 4 0 5 0 6 0 6 1 0 0 5 0 5 0 4 0 7 0 2 0 3 0 5 0 6 0 6 0 5 0 2
1 509 6 0 0 0 5 1 0 0 6 1 0 0 3 0 4 0 3 0 7 0 1 0 3 1 0 0 5 0 0 1 0 0 2 0 5 0 3 0 3 0 2 1 0 0 0 0 5 0 7 0 0 0 6 0 4 0 4 0 5 1 0 0 6 0 1 0 5 0 7 0 4 0 1 0 5 0 7 0 7 0 3 0 4 0 0 0 2 0 7 0 7 0 6 0 7 0 1 0 4 0 2 0 2 0 7 0 6 0 5 0 7 0 2 0 2 1 0 0 5 0 6 0 4 0 3 1 0 1 0 0 7 0 7 0 0 0 0 0 0 1 0 0 3 0 1 1 0 0 7 0 7 0 0 0 2 0 6 0 3 0 0 0 0 0 5 0 3 0 6 1 0 0 4 0 4 0 2 0 1 0 1 0 2 0 0 1 0 0 1 0 4 0 3 0 1 0 2 0 5 0 7 0 4 0 0 0 4 0 0 0 6 0 5 0 1 0 5 0 2 0 5 0 1 0 0 0 3 0 1 0 1 0 5 0 2 0 3 0 6 0 1 0 5 0 4 0 2 0 4 0 5 0 4 0 3 0 0 0 2 0 6 0 5 0 1 0 4 1 0 1 0 1 0 0 5 0 6 0 5 0 3 0 3 0 6 0 7 0 6 0 7 0 2 0 4 0 1 0 1 0 4 1 0 0 1 1 0 0 6 0 4 0 6 0 5 0 7 0 4 0 6 0 1 0 3 0 3 0 5 0 6 0 3 0 2 0 5 0 0 0 6 1 0 0 5 0 0 0 4 1 0 0 3 0 4 0 0 0 4 0 1 0 4 0 6 0 5 0 0 0 0 0 4 0 3 0 1 0 0 0 0 0 6 0 6 0 4 0 1 0 2 0 1 0 2 1 0 0 6 1 0 0 6 0 5 0 4 0 5 0 7 0 5 0 0 0 1 0 3 0 6 0 0 0 6 0 5 0 1 0 4 0 5 0 2 0 3 0 7 0 1 0 0 0 5 0 1 0 5 0 2 0 4 0 3 1 0 0 4 0 2 0 4 0 3 0 5 0 3 0 1 0 4 1 0 0 6 0 1 0 3 0 5 0 6 0 0 0 2 0 3 0 1 0 6 0 5 0 7 0 2 0 5 0 5 0 2 0 5
0 511 1 0 3 0 2 0 3 0 0 0 4 1 0 0 6 1 0 1 0 0 6 0 3 1 0 0 0 0 1 0 2 0 7 0 4 0 1 0 7 0 6 0 5 0 7 0 0 0 2 0 6 0 2 0 4 0 1 0 1 0 4 0 0 0 3 0 4 0 2 0 7 0 0 0 4 0 2 0 7 0 6 1 0 0 0 0 1 0 5 0 6 0 7 0 5 0 6 0 3 1 0 0 5 0 5 0 6 0 5 0 3 0 6 0 5 0 5 1 0 0 2 0 5 0 1 0 0 0 0 1 0 0 6 0 6 0 1 0 0 0 1 0 7 0 5 0 3 1 0 0 6 0 6 0 1 0 5 0 3 0 7 0 0 0 1 0 1 1 0 0 6 0 0 0 0 0 0 0 5 0 2 0 2 0 4 0 1 0 7 0 1 1 0 0 7 0 2 0 5 0 2 0 7 0 0 0 1 1 0 0 2 0 4 0 2 0 4 0 1 0 6 0 1 0 3 0 0 0 6 0 2 0 3 0 1 0 5 0 7 0 3 0 4 0 2 0 0 0 6 0 0 0 3 0 0 0 7 0 0 0 5 0 4 0 2 0 4 0 1 0 0 1 0 1 0 0 2 0 5 0 2 0 7 0 7 0 4 0 7 0 5 0 6 0 5 1 0 0 3 0 3 0 0 1 0 0 3 1 0 0 4 0 1 0 5 0 3 0 7 0 1 0 4 0 3 0 6 0 7 0 2 0 4 0 7 0 5 0 1 0 2 0 5 0 0 0 1 0 2 0 0 1 0 0 6 1 0 0 1 1 0 0 4 0 0 0 5 0 2 0 1 0 0 1 0 0 7 0 2 0 0 0 1 0 4 0 5 0 0 0 3 0 4 0 2 0 5 1 0 0 5 0 0 0 4 0 3 0 1 0 3 0 7 0 2 0 1 0 2 0 7 0 3 0 2 0 4 0 2 0 4 0 0 0 2 0 5 0 7 0 5 0 3 0 1 0 1 0 4 0 1 0 5 1 0 1 0 1 0 1 0 0 5 1 0 1 0 0 2 0 7 0 3 0 1 0 0 0 3 0 3 0 7 0 2 0 4 0 1 0 4 0 6 0 3 0 4 0 3 0 6 0 6 0 2 0 2 0 6 0 2
1 511 2 0 6 0 4 0 6 0 1 0 1 0 0 0 5 0 0 1 0 0 3 1 0 1 0 0 0 0 2 0 5 0 6 0 0 0 4 0 6 0 5 0 3 0 6 0 1 0 5 0 3 0 5 1 0 0 3 0 2 1 0 0 1 0 6 1 0 0 6 0 5 0 1 1 0 0 6 0 6 0 5 1 0 0 0 0 3 0 2 0 5 0 7 0 3 0 5 0 0 0 0 0 2 0 3 0 5 0 2 1 0 0 5 0 3 0 3 1 0 0 5 0 1 0 3 0 0 0 1 1 0 0 4 0 4 0 3 0 0 0 3 0 6 0 3 0 0 0 0 0 4 0 4 0 4 0 1 1 0 0 6 0 1 0 2 0 3 1 0 0 3 0 1 0 0 0 1 0 1 0 5 0 4 1 0 0 4 0 5 0 4 1 0 0 5 0 6 0 1 0 6 0 5 0 1 0 3 0 7 0 3 1 0 0 5 1 0 0 4 0 3 0 3 0 6 0 1 0 3 0 5 0 6 0 3 0 2 0 6 1 0 0 0 0 5 0 1 0 3 0 1 0 6 0 1 0 5 0 2 0 2 0 0 0 5 1 0 0 3 0 1 1 0 0 7 0 4 0 1 0 6 0 6 0 7 0 1 0 7 0 3 0 5 0 3 1 0 0 6 0 6 0 1 0 7 0 6 0 7 0 7 0 3 0 1 1 0 0 6 0 3 1 0 1 0 0 5 0 6 0 6 0 0 0 7 0 2 0 3 0 5 0 1 0 1 0 2 0 4 0 1 1 0 0 4 1 0 0 3 0 7 0 7 0 1 0 1 0 5 0 2 0 1 1 0 0 5 0 5 0 0 0 3 0 0 0 2 0 1 0 6 1 0 0 6 0 3 0 0 0 1 0 1 1 0 0 7 0 2 0 7 0 5 0 5 0 2 0 5 0 5 0 7 0 4 1 0 0 5 1 0 0 1 0 5 0 2 0 7 0 2 0 7 0 2 0 2 1 0 0 4 0 3 0 0 1 0 1 0 1 0 0 3 0 0 0 7 0 4 0 5 0 7 0 2 0 0 0 6 0 7 0 5 0 5 1 0 0 4 0 0 0 4 1 0 0 0 1 0 0 5 0 4 0 5 0 5 0 3 0 5
0 511 5 0 4 0 1 0 4 0 3 0 2 0 1 0 1 0 2 0 7 0 6 1 0 0 6 1 0 0 5 0 2 0 4 0 2 0 0 0 5 0 2 1 0 0 4 0 4 0 1 1 0 0 3 1 0 0 6 0 5 0 7 0 2 0 5 0 0 0 4 0 2 0 4 1 0 0 4 0 5 0 3 1 0 0 0 0 6 0 5 0 2 0 6 1 0 0 2 0 1 0 0 0 4 0 7 0 1 0 6 1 0 0 1 1 0 0 0 0 0 0 1 0 3 0 6 0 0 0 3 1 0 0 0 0 0 0 7 0 0 0 7 0 3 0 7 0 0 0 1 0 0 0 1 0 0 0 4 1 0 0 3 0 3 0 4 0 7 0 7 0 5 0 2 0 0 0 2 0 3 0 2 0 2 0 0 0 0 0 3 0 2 0 0 0 2 0 4 0 4 0 4 0 2 0 3 0 7 0 6 0 0 0 0 0 2 1 0 1 0 0 7 0 7 0 3 0 3 0 7 0 2 0 4 0 7 0 5 0 4 1 0 0 1 0 1 0 3 0 6 0 3 0 3 0 4 0 1 0 5 0 4 0 1 0 2 1 0 0 6 0 3 1 0 0 6 0 0 0 4 0 4 0 5 0 6 0 4 0 5 1 0 0 3 0 0 0 0 0 4 0 4 0 4 0 6 0 5 0 7 0 6 0 7 0 3 1 0 0 4 0 0 0 0 1 0 0 2 0 5 0 4 0 2 0 5 0 5 0 7 0 1 0 3 0 2 0 4 1 0 0 4 1 0 0 0 1 0 0 7 0 6 0 6 0 3 0 3 0 1 0 5 0 3 1 0 0 2 0 2 0 1 0 6 0 0 0 4 0 3 0 5 0 0 0 3 0 7 0 0 0 2 0 3 1 0 0 5 0 6 0 6 0 3 0 2 0 6 0 2 0 3 0 7 0 2 0 0 0 2 1 0 0 3 0 1 0 6 0 5 0 6 0 5 0 5 0 5 0 7 0 7 0 6 0 1 1 0 1 0 0 7 0 5 0 1 0 6 0 1 0 3 0 6 0 5 0 1 0 4 0 7 0 3 0 3 1 0 1 0 0 2 0 0 1 0 0 1 1 0 0 2 0 1 0 3 0 2 1 0 0 3
1 513 1 0 2 0 0 0 3 1 0 0 7 0 4 0 2 0 2 0 5 0 6 0 6 0 0 0 5 0 0 0 1 0 5 1 0 0 5 0 1 0 1 0 6 1 0 0 0 0 0 0 4 0 7 0 6 1 0 0 4 0 3 0 6 0 6 0 1 0 1 1 0 0 6 0 1 0 0 0 0 0 2 1 0 1 0 0 1 0 4 0 2 0 6 0 4 1 0 0 4 0 2 0 1 0 0 0 6 0 4 0 4 1 0 0 3 0 6 1 0 0 0 0 2 0 7 0 3 0 1 0 7 0 6 1 0 0 1 0 5 0 2 0 5 1 0 0 6 0 1 0 2 0 0 0 2 0 1 0 0 1 0 0 6 0 7 0 0 0 7 0 7 0 2 0 5 0 0 0 4 0 6 0 4 0 4 0 0 0 0 0 6 0 4 0 0 0 5 0 0 0 1 0 0 0 5 0 7 0 6 0 4 0 1 0 0 0 5 1 0 1 0 0 6 0 6 0 7 0 7 0 5 0 6 0 0 0 7 0 3 0 1 1 0 0 2 0 2 0 7 0 3 0 7 0 6 1 0 0 4 0 2 0 0 0 3 0 5 1 0 0 4 0 0 0 0 0 3 0 2 0 0 0 1 0 3 0 5 0 1 0 3 1 0 0 6 0 0 0 1 0 0 0 1 0 1 0 5 0 3 0 7 0 5 0 6 1 0 1 0 1 0 0 1 0 1 0 7 0 4 0 2 0 0 0 6 0 2 0 3 0 6 0 3 0 6 0 5 0 1 0 0 0 0 1 0 0 1 1 0 0 6 0 5 0 4 0 7 0 6 0 3 0 1 1 0 1 0 0 4 0 4 0 3 0 3 0 1 1 0 1 0 0 2 0 1 0 7 0 5 0 1 0 4 1 0 0 0 0 2 0 5 0 4 0 7 0 5 0 3 0 5 0 7 0 5 0 5 0 0 0 5 0 7 0 5 0 3 0 4 0 3 0 5 0 3 0 3 0 3 0 7 0 7 0 4 0 4 1 0 1 0 0 6 0 2 0 4 0 3 0 3 0 7 0 4 0 2 0 4 0 0 0 6 1 0 0 0 0 0 0 7 0 3 0 1 0 7 0 2 0 7 0 3 0 2 0 6 0 5 0 7 0 5
0 513 2 0 4 0 0 1 0 0 0 0 6 0 0 0 5 0 5 0 2 0 5 0 4 0 2 0 1 0 1 0 3 0 3 0 0 0 1 0 3 0 3 0 4 1 0 0 0 0 1 0 0 0 7 0 5 1 0 1 0 1 0 0 5 0 4 0 3 0 3 1 0 0 3 0 3 0 0 0 0 0 5 1 0 0 7 0 1 1 0 0 6 0 4 0 1 1 0 1 0 0 5 0 2 0 1 0 4 0 1 0 1 1 0 0 7 0 4 1 0 0 0 0 5 0 5 0 7 0 3 0 6 0 5 1 0 0 3 0 1 0 6 0 3 0 0 0 3 0 3 0 4 0 0 0 4 0 2 0 1 1 0 0 4 0 6 0 2 0 6 0 6 0 6 0 1 0 2 0 0 0 5 0 1 0 0 0 1 0 1 0 4 0 0 0 2 0 1 0 1 0 2 0 1 0 2 0 7 0 5 0 0 0 3 0 1 0 3 0 0 1 0 0 4 0 5 0 7 0 7 0 3 0 4 0 2 0 5 0 7 0 3 0 7 0 3 0 5 0 5 1 0 0 7 0 5 1 0 1 0 0 5 0 0 0 7 0 2 1 0 1 0 0 1 0 0 0 6 0 4 0 0 0 2 0 7 0 1 0 3 1 0 0 0 0 3 0 1 0 2 0 0 0 2 0 3 0 1 1 0 0 7 0 3 0 6 0 0 1 0 0 7 0 1 0 3 0 6 0 0 0 5 0 1 0 3 0 5 0 7 0 3 1 0 0 5 0 2 0 3 0 0 0 1 0 7 0 2 1 0 0 4 0 3 0 1 0 7 0 4 0 7 0 3 1 0 1 0 0 0 0 0 0 7 0 6 0 3 1 0 0 7 0 3 0 3 0 6 0 2 0 4 0 0 1 0 0 0 0 5 0 2 0 1 0 7 0 2 1 0 0 3 0 7 0 3 0 2 0 2 0 2 0 7 0 2 1 0 0 0 1 0 0 2 0 7 0 6 0 7 0 6 0 7 0 1 0 2 0 0 1 0 0 3 0 5 1 0 0 7 0 7 0 6 0 0 0 5 1 0 0 2 0 4 1 0 0 0 0 1 0 5 0 7 0 3 0 5 0 6 0 5 0 7 0 5 0 4 0 3 0 7 0 3
1 513 4 1 0 0 2 0 7 0 0 0 3 0 2 0 2 0 2 0 6 0 2 0 0 0 5 0 2 0 2 0 6 0 6 0 0 0 2 0 6 0 7 0 0 1 0 0 0 0 2 0 1 0 6 0 4 0 0 1 0 1 0 0 2 0 0 0 7 0 7 0 7 0 5 0 6 0 0 0 1 0 3 0 0 0 5 0 4 1 0 0 4 0 0 0 4 1 0 1 0 0 1 0 5 0 2 1 0 0 3 0 3 1 0 0 6 0 1 1 0 0 1 0 2 0 3 0 6 1 0 0 5 0 3 1 0 0 6 0 3 0 3 0 7 0 0 0 6 0 6 1 0 0 1 1 0 0 5 0 3 1 0 0 0 0 4 0 6 0 4 0 5 0 4 0 3 0 4 0 1 0 1 0 3 0 0 0 2 0 2 1 0 0 1 0 4 0 2 0 2 0 4 0 2 0 5 0 6 0 2 0 1 0 6 0 2 0 6 0 1 1 0 0 0 0 3 0 7 0 6 1 0 0 0 0 6 0 2 0 6 1 0 0 6 1 0 0 3 0 4 0 0 0 6 0 4 0 0 1 0 0 1 0 2 0 5 0 6 1 0 0 7 0 1 0 1 0 4 0 0 0 1 0 5 0 5 0 3 0 7 0 6 1 0 0 6 0 2 0 4 0 0 0 4 0 6 0 3 1 0 0 5 1 0 0 4 0 2 1 0 0 5 0 3 0 7 0 3 0 2 0 1 0 3 0 7 0 2 0 7 0 0 0 0 0 1 0 5 0 6 0 0 0 3 0 5 0 6 0 7 0 7 0 6 0 3 0 6 0 1 0 7 0 0 0 0 0 6 1 0 0 1 0 6 0 5 0 0 0 0 0 5 0 7 0 7 0 3 0 5 1 0 0 2 0 7 0 0 0 1 0 5 0 3 0 5 0 6 0 7 0 6 0 5 0 7 0 4 0 4 0 5 0 5 0 6 0 7 0 0 0 7 0 4 0 6 0 5 0 7 0 5 0 6 0 3 0 4 0 1 0 7 0 6 0 3 0 0 0 6 0 7 0 4 0 2 0 2 1 0 0 5 0 0 1 0 0 0 0 3 0 2 0 6 1 0 0 3 0 5 0 3 0 7 0 3 0 0 1 0 0 6 1 0
1 515 1 0 0 1 0 0 5 0 5 0 1 0 6 0 4 0 4 0 5 0 3 0 5 0 1 0 1 0 5 0 5 0 4 0 4 0 1 0 5 0 4 0 6 0 2 0 6 1 0 0 4 0 3 0 4 0 0 0 2 1 0 0 7 0 3 0 1 0 6 0 7 0 7 0 3 0 4 0 1 0 2 0 6 0 1 0 2 0 1 1 0 1 0 0 2 0 1 0 0 0 7 0 2 0 1 0 6 0 7 0 5 1 0 0 0 0 3 0 4 0 7 0 1 0 4 0 7 0 5 0 0 0 2 0 0 0 0 0 3 0 7 0 7 0 5 0 2 0 4 0 5 1 0 0 3 1 0 0 1 1 0 1 0 0 1 0 0 0 5 0 1 0 3 0 0 1 0 0 0 0 3 0 2 0 6 0 0 0 4 0 5 0 7 0 1 1 0 0 5 0 4 1 0 0 6 0 2 0 4 0 5 0 3 0 3 0 6 0 3 0 4 0 6 1 0 0 7 0 6 0 5 1 0 0 1 0 3 0 6 0 5 0 0 0 4 1 0 0 6 1 0 0 2 0 4 0 0 0 2 0 7 0 1 0 5 0 2 0 6 0 0 0 5 0 3 0 2 1 0 0 1 0 3 0 2 0 2 1 0 0 7 0 6 0 0 0 3 0 5 1 0 0 2 0 0 0 5 0 0 0 0 0 2 1 0 1 0 0 6 1 0 0 1 1 0 0 6 0 7 0 4 0 2 0 7 0 5 0 6 0 5 0 1 0 0 0 3 0 2 0 4 0 1 0 7 0 2 0 5 0 7 0 7 0 4 1 0 0 4 0 4 0 5 0 1 0 1 0 4 1 0 0 3 0 4 0 2 0 1 0 1 0 2 0 7 0 6 1 0 0 3 1 0 0 5 0 5 0 1 0 3 0 1 1 0 0 3 0 5 0 7 0 5 0 3 0 7 0 1 0 1 0 3 0 3 0 5 0 6 0 2 0 6 0 1 0 5 0 3 0 7 0 3 0 4 1 0 0 0 0 4 0 6 0 4 0 7 0 1 0 4 0 7 0 0 0 5 0 5 1 0 0 1 0 2 0 6 1 0 0 6 0 5 0 4 1 0 0 7 0 1 1 0 0 6 0 7 0 1 1 0 0 4 1 0
1 515 2 0 1 1 0 0 2 0 2 0 4 0 4 0 1 0 1 0 2 1 0 0 2 0 3 0 3 0 2 0 3 0 1 0 0 0 4 0 2 0 1 0 4 0 6 0 4 1 0 1 0 1 0 0 0 0 1 0 5 1 0 0 5 0 7 0 3 0 4 0 7 0 6 1 0 0 0 0 3 0 5 0 3 0 3 0 4 0 3 1 0 0 7 0 3 0 2 0 1 0 5 0 5 0 3 0 4 0 7 0 3 1 0 0 0 0 7 0 0 0 6 0 4 0 0 0 7 0 2 0 1 0 4 0 0 0 0 0 7 0 6 0 7 0 2 0 6 0 0 0 3 1 0 0 7 0 7 0 2 1 0 0 7 0 1 0 1 0 1 0 3 0 6 0 1 0 6 1 0 0 6 0 5 0 3 0 2 0 0 0 3 0 6 0 4 1 0 0 2 0 2 0 0 0 3 0 6 0 0 0 2 0 7 0 7 0 3 1 0 0 1 0 6 0 0 0 6 0 5 0 3 1 0 0 2 0 7 0 4 0 2 0 2 0 1 0 0 0 4 1 0 0 4 1 0 0 1 0 5 0 5 0 4 0 1 0 6 0 3 0 2 0 1 0 7 0 5 0 7 0 1 0 6 0 4 0 5 1 0 0 6 0 4 0 1 0 7 0 2 1 0 0 4 0 1 0 1 0 1 0 0 0 5 1 0 1 0 0 4 1 0 0 3 1 0 0 4 0 7 0 0 0 6 0 6 0 3 0 5 0 2 0 3 0 0 0 6 0 4 1 0 0 4 0 5 0 6 0 2 0 7 0 7 0 2 0 0 0 0 0 1 0 2 0 3 0 3 0 0 1 0 0 6 1 0 0 5 0 2 0 2 0 5 0 6 0 5 1 0 1 0 0 0 0 2 0 2 0 3 0 6 0 3 0 7 0 6 0 2 0 7 0 2 1 0 0 6 0 3 0 2 0 6 0 7 0 2 0 4 0 6 0 3 0 4 0 1 1 0 0 6 1 0 0 1 1 0 0 1 0 0 0 5 0 1 0 6 0 4 0 0 0 6 0 2 0 2 0 3 1 0 0 2 0 5 0 5 0 0 0 4 0 3 0 2 0 0 0 5 0 4 1 0 0 4 0 6 0 4 1 0 0 0 1 0
1 515 4 0 3 0 7 0 3 0 5 0 0 0 0 0 3 0 2 0 5 0 7 0 3 0 6 0 6 0 4 0 6 0 2 0 0 1 0 0 5 0 3 0 0 0 5 0 2 0 0 1 0 0 6 1 0 0 3 0 3 0 0 0 2 0 6 1 0 0 1 0 7 0 5 1 0 0 0 0 7 0 1 0 7 0 7 0 0 0 0 0 0 0 5 0 7 0 4 0 3 0 2 0 2 1 0 0 1 0 6 1 0 1 0 0 1 0 5 0 2 0 4 0 0 0 2 0 5 0 5 0 2 1 0 0 1 0 1 0 6 0 5 0 6 0 6 0 3 0 1 1 0 0 0 0 6 0 6 0 6 1 0 0 5 0 3 0 2 0 2 0 7 0 3 0 4 0 5 0 0 0 4 0 2 0 7 0 4 0 0 0 7 0 4 0 1 1 0 0 4 0 4 0 0 0 7 0 3 0 1 0 5 0 6 0 6 1 0 1 0 0 3 0 3 0 2 0 4 0 2 1 0 1 0 0 5 0 6 0 0 0 5 0 4 0 2 0 1 0 1 0 0 0 0 1 0 0 3 0 2 0 3 0 0 0 4 0 3 0 7 0 4 0 3 0 6 0 3 0 6 0 4 0 4 0 1 0 4 0 0 0 4 0 0 0 4 0 5 0 6 0 7 0 7 0 2 0 2 0 2 0 1 0 3 0 0 1 0 0 0 1 0 1 0 0 0 0 0 0 6 0 2 0 4 0 4 1 0 0 2 0 5 0 6 0 1 0 4 0 2 0 0 0 0 0 3 0 4 0 6 0 6 0 6 0 5 0 0 0 0 0 2 0 4 0 6 0 6 0 1 1 0 0 5 0 0 0 1 0 5 0 5 0 2 0 5 0 4 0 0 0 6 1 0 0 4 0 4 0 7 0 3 1 0 0 7 0 4 0 6 0 5 0 6 1 0 0 3 0 7 0 5 0 4 0 6 0 6 0 0 0 4 1 0 0 0 0 4 1 0 0 4 1 0 0 3 0 7 0 1 0 1 0 1 0 4 0 4 0 0 0 2 0 3 0 5 0 4 0 7 0 7 0 4 0 2 0 2 0 1 1 0 0 7 0 4 0 1 0 2 0 2 0 0 0 0 0 5 0 1 1 0 0 1 0 6
1 516 1 0 1 0 0 6 1 0 0 2 0 1 0 0 0 6 0 5 0 2 0 6 1 0 0 5 0 5 0 1 0 4 0 5 0 1 1 0 0 1 0 7 0 1 0 1 0 5 0 1 1 0 0 4 1 0 0 6 0 6 0 0 0 5 0 4 1 0 0 3 0 6 0 3 1 0 0 1 0 5 0 4 0 6 0 6 0 1 0 0 0 1 0 2 0 7 0 0 0 7 0 4 0 5 0 7 0 2 0 5 0 0 0 7 0 2 0 1 0 5 1 0 0 1 0 5 0 2 0 2 0 6 0 7 0 1 0 3 0 4 0 3 0 5 0 4 0 7 0 3 0 7 0 0 0 4 0 5 0 6 0 0 0 1 0 7 0 4 0 5 0 5 1 0 0 1 0 2 0 1 1 0 0 6 0 6 0 0 0 2 0 6 0 0 0 4 1 0 0 0 0 0 0 2 0 5 0 7 0 3 0 2 0 5 0 6 0 0 0 7 0 5 0 6 0 4 1 0 0 6 1 0 1 0 0 2 0 4 0 2 0 2 0 0 0 5 0 2 0 2 0 0 0 1 0 7 0 5 0 4 0 6 0 0 1 0 1 0 0 7 0 0 1 0 0 4 1 0 0 5 0 1 0 0 0 3 1 0 0 1 1 0 0 2 0 0 0 3 0 5 0 7 0 6 0 5 0 4 0 4 0 2 0 6 0 1 0 7 0 0 1 0 0 6 1 0 0 1 0 3 0 6 0 0 0 1 1 0 0 5 0 2 0 4 0 3 1 0 0 5 0 0 0 0 0 7 0 0 0 5 0 5 0 5 0 2 0 1 0 0 0 5 0 0 0 5 0 4 0 4 1 0 0 1 0 1 0 3 0 2 0 2 0 6 0 2 0 0 0 2 0 5 0 0 0 0 0 1 0 7 0 0 0 0 0 6 0 1 0 5 0 3 0 5 1 0 0 7 0 6 0 3 0 1 0 5 0 4 0 2 0 0 1 0 0 1 0 1 0 0 0 0 1 0 0 7 0 5 0 3 0 2 0 3 0 0 0 0 0 1 0 4 0 7 0 2 0 1 0 7 0 7 0 0 0 5 0 4 0 3 1 0 0 6 0 0 0 3 0 4 0 4 0 0 0 1 0 1 0 4 0 7 0 2 0 4
0 517 1 1 0 1 0 0 4 1 0 0 4 0 2 0 1 0 4 0 2 0 6 0 5 0 0 0 2 0 2 0 4 0 0 0 2 0 4 0 7 0 2 0 5 0 3 0 3 0 1 0 4 1 0 0 1 0 0 0 4 0 4 0 2 0 2 0 1 1 0 0 7 0 3 1 0 1 0 0 3 0 2 0 1 0 5 0 4 0 3 0 0 0 2 0 5 0 5 0 2 0 6 0 1 0 3 0 6 0 6 0 1 0 2 0 5 0 5 0 3 0 2 1 0 0 3 0 1 0 5 0 5 0 4 0 6 0 3 0 6 1 0 1 0 0 3 0 1 0 6 1 0 0 6 0 2 0 0 0 3 0 4 0 1 0 3 0 6 0 1 0 3 0 3 1 0 0 2 0 4 0 3 1 0 0 4 0 4 0 1 0 5 0 3 0 2 0 0 1 0 0 0 0 0 0 5 0 2 0 6 0 7 0 5 0 2 0 4 0 2 0 6 0 3 0 5 0 2 0 0 0 5 0 0 0 7 0 3 1 0 0 5 0 4 0 1 0 1 0 5 0 4 0 0 0 3 0 6 0 3 0 1 0 4 0 2 1 0 1 0 0 5 0 2 1 0 0 1 0 0 0 1 0 3 0 0 0 7 0 7 0 2 0 7 0 3 0 0 0 7 0 2 0 7 0 5 0 3 0 1 0 0 0 6 0 3 0 4 0 5 0 2 1 0 0 4 1 0 0 2 0 7 0 3 0 1 0 3 1 0 0 1 0 6 0 0 0 0 0 0 0 1 0 1 0 1 0 5 0 2 0 2 0 3 0 2 0 5 0 2 0 1 0 1 0 2 0 2 0 1 0 1 1 0 0 2 0 2 0 6 0 4 0 5 0 3 0 5 0 0 0 5 0 1 0 1 0 0 0 3 0 5 0 1 0 1 0 3 0 4 0 1 1 0 0 4 0 0 0 6 0 4 0 7 0 3 0 2 0 0 0 5 0 1 0 7 0 1 0 2 0 0 0 1 1 0 0 6 0 2 0 7 0 4 0 6 0 0 0 0 0 3 0 0 0 6 0 5 0 3 0 6 0 6 0 2 0 2 0 1 0 0 0 0 0 3 0 1 0 7 0 0 0 0 0 1 0 2 0 3 0 0 0 6 0 6 0 0
0 517 3 1 0 1 0 0 0 1 0 1 0 0 5 0 2 1 0 0 6 0 4 0 2 0 1 0 4 0 4 1 0 0 1 0 5 0 0 0 6 0 6 0 1 0 7 0 6 0 3 0 0 1 0 0 2 0 1 0 0 0 0 0 5 0 4 0 3 1 0 0 6 0 0 0 0 0 7 0 5 0 4 0 3 0 2 0 0 0 7 0 0 0 5 0 2 0 2 0 6 0 3 0 3 0 7 0 4 0 4 0 3 0 5 0 2 0 2 0 7 0 5 0 7 0 5 0 3 0 2 0 3 0 1 0 4 1 0 0 6 0 0 0 7 0 5 0 3 0 5 0 0 0 3 0 5 0 0 0 6 1 0 0 3 0 7 0 3 0 3 0 6 0 7 0 7 0 4 0 0 0 0 0 0 0 0 0 0 0 4 0 1 0 7 0 4 0 1 0 6 1 0 0 1 0 1 0 6 0 4 0 7 0 2 0 5 1 0 0 6 0 3 1 0 0 2 0 5 0 1 0 1 0 2 0 6 0 0 0 0 0 2 0 0 0 3 0 3 0 2 0 0 0 1 0 7 0 3 0 7 0 2 1 0 0 6 1 0 1 0 0 1 0 6 0 7 0 1 0 0 0 2 0 6 0 1 0 6 0 6 0 6 0 5 0 7 0 1 0 5 0 6 0 6 0 2 0 7 0 2 0 1 0 3 1 0 0 1 0 2 0 6 1 0 0 0 1 0 0 5 0 5 0 7 0 2 0 7 0 7 0 2 0 3 0 1 0 0 0 0 0 2 0 2 0 3 0 1 0 5 0 4 0 6 0 5 0 1 0 5 0 2 0 2 0 4 0 4 0 2 0 3 0 7 0 3 0 5 0 4 0 1 0 2 1 0 0 2 0 2 0 1 0 3 0 2 0 0 0 7 0 1 0 3 0 2 0 6 1 0 0 4 0 7 0 7 0 1 0 4 0 1 0 6 0 7 0 4 0 1 0 1 0 4 0 5 0 3 0 4 0 0 0 3 1 0 0 3 0 6 0 6 0 1 0 4 0 1 0 0 0 6 0 1 0 4 0 2 1 0 0 5 0 4 0 5 0 4 0 2 0 0 0 0 0 6 0 3 0 5 0 1 0 0 0 2 0 4 0 6 0 1 0 4 0 4 0 1
0 518 1 0 0 0 0 7 0 0 1 0 1 0 0 1 0 6 1 0 0 4 0 0 0 5 0 3 0 0 0 1 1 0 0 3 0 1 0 2 0 4 0 4 0 4 0 6 0 4 0 7 0 1 0 7 0 3 0 2 0 0 0 1 0 2 0 1 0 0 0 0 0 3 0 1 0 1 0 6 0 3 0 0 0 7 0 4 0 1 0 5 0 2 0 1 0 5 0 5 0 3 0 7 0 7 0 6 0 1 0 0 1 0 0 2 0 5 0 5 0 6 0 3 0 7 0 2 0 7 0 4 0 6 0 3 0 1 0 0 0 3 0 2 0 6 0 2 1 0 0 2 0 1 0 7 0 1 0 2 0 4 1 0 0 7 0 5 0 7 0 7 0 4 0 7 0 7 0 0 0 1 0 0 0 0 0 0 0 0 1 0 0 4 0 6 0 0 0 4 0 4 1 0 0 2 0 3 0 4 0 1 0 6 0 6 0 3 0 0 0 3 1 0 1 0 0 5 0 1 0 3 0 2 0 5 0 3 0 1 0 0 0 4 0 0 0 6 0 6 0 4 0 0 0 3 0 5 1 0 0 6 0 6 1 0 0 5 0 0 0 7 0 2 0 4 0 6 0 3 0 0 0 5 0 3 0 4 0 4 0 5 0 5 0 3 0 6 0 4 0 2 0 5 0 4 0 6 0 5 0 5 0 2 0 7 0 7 0 1 0 5 0 4 1 0 0 1 1 0 0 2 0 3 0 6 0 6 0 6 0 6 0 5 0 6 0 2 0 0 0 0 0 4 0 4 0 6 0 3 0 2 0 1 0 5 0 2 0 4 0 1 0 5 0 5 0 0 0 0 0 5 0 7 0 5 1 0 0 3 0 0 0 3 0 5 0 7 0 3 0 4 0 2 0 6 0 4 0 1 0 5 0 3 0 6 0 5 0 5 0 0 0 0 0 7 0 6 0 3 1 0 0 4 0 4 0 7 0 0 0 3 0 3 0 0 0 2 1 0 0 0 0 1 0 7 0 7 0 6 0 4 0 4 0 3 1 0 0 3 0 1 0 3 0 3 1 0 0 6 1 0 0 2 0 1 0 3 0 0 0 5 0 0 0 1 0 3 1 0 0 2 0 3 0 0 0 5 0 0 0 4 0 4 0 0 0 0 0 3
1 519 1 0 7 0 0 0 5 0 2 1 0 0 7 0 2 0 4 1 0 1 0 0 2 0 1 0 7 0 0 0 3 0 7 0 5 0 2 0 5 0 0 0 1 0 1 0 5 0 1 0 6 0 4 0 5 0 7 0 4 0 0 0 2 0 4 0 2 0 0 0 0 0 6 0 2 0 3 0 3 0 7 0 1 0 6 0 0 0 4 0 1 0 5 0 3 0 2 0 2 1 0 0 7 0 7 0 4 0 3 0 1 0 7 0 4 0 2 0 3 0 4 1 0 0 6 0 6 0 6 0 1 0 4 0 7 0 2 0 0 0 6 0 5 0 3 0 6 0 7 0 3 0 3 0 5 0 3 0 5 0 1 0 0 0 6 0 3 0 7 0 7 0 1 0 7 0 6 0 1 0 2 0 0 0 0 0 0 0 1 1 0 0 0 0 4 0 2 0 0 0 1 1 0 0 4 0 6 1 0 0 4 0 4 0 4 0 7 0 0 1 0 0 0 1 0 0 1 0 3 0 6 0 5 0 1 0 7 0 2 0 0 1 0 0 2 0 4 0 5 0 0 0 1 0 7 0 3 0 0 0 4 0 6 0 0 0 1 0 2 0 5 0 6 0 0 0 4 0 7 0 1 0 1 1 0 0 1 0 1 0 3 0 2 1 0 0 5 0 0 0 6 0 2 0 1 0 5 0 3 0 2 0 6 0 6 0 6 0 4 0 2 0 1 1 0 0 3 0 7 0 3 0 7 0 4 0 5 0 5 0 5 0 3 0 4 0 5 0 0 0 1 0 0 0 1 0 4 0 7 0 4 0 3 0 1 0 5 1 0 0 4 0 2 0 2 0 1 0 1 0 2 0 7 0 3 1 0 0 6 0 0 0 7 0 2 0 6 1 0 0 0 0 6 0 4 0 0 0 4 0 1 1 0 0 5 0 3 0 2 0 1 0 1 0 6 0 5 0 0 0 0 0 0 0 1 0 6 0 1 0 6 0 6 0 0 0 5 0 6 1 0 0 3 0 6 0 7 0 5 0 1 0 0 1 0 1 0 0 6 0 2 0 6 1 0 0 0 0 4 1 0 0 4 0 2 0 6 0 1 0 1 0 1 0 2 0 7 0 7 0 3 0 6 0 1 0 1 0 2 0 0 0 0 0 1 0 0 0 6
1 519 3 0 5 0 2 0 1 0 6 1 0 0 5 0 6 0 1 0 0 0 7 0 3 0 3 0 5 0 1 0 7 0 6 0 2 0 6 0 1 0 1 0 2 0 3 0 1 0 4 0 4 0 1 0 3 0 7 0 0 0 1 0 4 1 0 0 5 0 0 0 1 0 3 0 5 0 6 0 7 0 5 0 4 0 3 0 1 1 0 0 4 0 1 0 7 0 4 0 5 1 0 0 6 0 7 0 0 0 7 0 3 0 6 0 0 0 5 0 7 0 1 0 0 0 4 0 5 0 4 0 4 0 0 0 6 0 5 0 1 0 4 0 2 1 0 0 5 0 6 0 7 0 7 0 1 1 0 0 2 0 3 0 1 0 3 1 0 0 7 0 6 0 4 0 6 0 4 0 3 0 4 0 0 0 0 0 0 0 3 0 6 1 0 1 0 0 5 0 0 0 3 1 0 0 0 0 6 0 0 0 0 0 1 0 1 0 6 0 2 0 7 0 0 0 7 0 1 0 7 0 4 0 2 0 4 0 5 0 5 0 1 0 7 0 4 0 0 0 2 0 1 0 3 0 5 0 7 0 1 0 0 0 4 0 1 0 2 0 5 0 2 0 4 0 2 0 0 0 6 0 3 0 3 0 7 0 1 0 2 0 6 0 5 1 0 0 1 0 2 0 3 0 5 0 3 0 1 0 7 0 5 0 4 0 5 0 5 0 0 0 5 0 3 0 7 0 6 0 5 1 0 0 7 0 1 0 3 0 3 0 2 1 0 0 1 0 2 0 1 0 2 0 0 0 3 0 0 0 7 0 0 0 7 0 3 0 2 1 0 1 0 0 5 0 4 0 2 0 2 0 5 0 6 0 0 0 0 0 3 0 2 0 5 0 6 0 4 1 0 0 1 0 4 0 0 0 1 1 0 0 4 1 0 0 1 0 7 0 4 0 2 0 3 0 4 0 2 0 1 0 0 0 0 0 3 0 3 0 4 0 4 0 4 0 2 0 2 0 5 1 0 0 7 0 4 0 7 0 2 0 3 0 1 1 0 1 0 0 3 0 6 0 4 1 0 0 1 0 0 1 0 1 0 0 6 0 3 0 3 0 2 0 2 0 5 0 6 0 6 1 0 0 4 0 3 0 2 0 4 0 0 0 0 0 2 0 1 0 4
0 519 7 0 1 0 5 0 3 0 5 0 0 0 2 0 4 0 3 0 1 0 5 0 7 0 7 0 1 0 4 0 6 0 4 0 6 0 3 0 3 0 2 0 4 0 6 0 3 0 0 0 0 0 3 0 7 0 5 0 1 0 3 0 1 0 0 0 1 0 1 0 2 0 7 0 2 0 5 0 7 0 3 0 0 0 7 0 3 0 7 0 7 0 3 0 6 0 1 0 4 0 0 0 4 0 6 0 2 0 5 1 0 0 4 0 2 0 2 0 6 0 3 0 1 0 0 0 3 0 1 0 0 0 2 0 4 0 2 0 3 1 0 0 6 1 0 0 2 0 5 0 7 0 6 0 4 0 7 0 3 0 6 0 2 1 0 0 0 0 6 0 5 0 1 0 5 0 0 1 0 0 0 0 1 0 0 0 0 0 7 0 5 0 0 1 0 0 1 0 1 0 7 0 7 0 0 0 3 0 1 0 0 0 2 0 3 0 3 0 6 0 5 0 2 0 5 0 4 0 6 0 0 0 6 0 0 0 3 0 2 0 4 0 6 0 0 0 1 0 4 0 2 0 7 0 2 0 6 0 3 0 0 1 0 0 3 0 5 0 1 0 5 1 0 0 5 0 1 0 3 0 7 0 7 0 5 0 3 0 5 0 4 0 3 1 0 0 2 0 4 0 7 0 1 0 7 0 3 0 6 0 3 0 1 0 3 0 2 0 2 0 1 1 0 0 7 0 5 0 4 0 0 0 5 0 3 0 6 0 6 0 5 0 7 0 1 0 4 0 2 0 4 0 0 0 6 0 1 0 5 0 2 0 5 0 7 0 5 1 0 1 0 0 2 0 0 0 5 0 5 0 2 0 4 0 1 0 0 0 6 0 5 0 2 0 5 0 1 1 0 0 2 1 0 0 1 0 3 1 0 0 0 1 0 0 3 0 6 0 0 0 5 0 6 1 0 0 5 0 2 0 0 0 0 0 6 0 7 0 0 0 1 0 0 0 5 0 5 0 3 0 0 0 6 0 1 0 6 0 5 0 6 0 3 1 0 0 7 0 6 0 4 0 1 1 0 0 2 0 1 1 0 1 0 0 3 0 7 0 6 0 4 0 5 0 2 0 5 0 5 1 0 1 0 0 7 0 4 1 0 0 1 0 0 0 4 0 3 0 0
0 521 1 0 5 0 4 0 1 1 0 0 2 0 1 0 4 1 0 0 7 0 3 0 2 0 7 0 6 0 4 0 0 0 5 0 1 0 4 0 7 0 6 0 5 0 0 0 4 0 7 0 0 0 0 0 7 0 6 0 2 0 3 0 6 0 2 0 0 0 2 0 2 0 5 0 5 0 6 0 2 0 6 0 7 0 1 0 5 1 0 0 7 0 6 1 0 0 4 0 3 1 0 0 2 0 0 0 4 0 6 0 2 1 0 1 0 0 5 0 5 0 3 0 7 0 2 0 0 0 6 0 2 0 0 0 4 1 0 0 5 1 0 0 0 0 4 1 0 0 5 0 2 0 7 0 5 0 1 0 6 1 0 0 4 0 6 0 7 0 0 0 4 0 2 0 4 0 1 0 2 0 6 1 0 0 2 0 0 0 1 0 6 0 2 0 2 0 7 0 1 0 3 0 6 0 6 0 1 0 6 0 2 0 0 0 4 0 6 0 7 0 4 0 2 0 6 0 2 0 1 0 4 0 2 0 3 0 1 0 6 0 5 0 0 0 4 0 1 0 2 1 0 0 6 0 5 0 6 0 3 0 7 0 1 0 7 0 6 0 1 0 4 0 3 0 0 0 1 0 3 0 7 0 6 0 7 0 2 1 0 0 3 0 0 1 0 1 0 0 5 0 0 0 6 0 4 0 5 1 0 0 4 0 7 0 2 0 6 0 4 0 4 0 3 1 0 0 6 0 3 0 0 0 2 0 1 1 0 0 5 0 5 0 3 0 6 0 3 1 0 0 5 1 0 0 2 0 3 0 4 0 1 0 6 0 2 0 7 0 4 0 0 0 7 0 3 0 1 0 2 0 2 0 5 1 0 0 3 0 1 0 4 0 2 0 6 0 1 0 4 0 7 0 4 0 7 0 1 0 7 0 7 0 0 0 7 0 6 0 3 0 2 0 2 0 6 0 0 0 1 0 5 0 0 0 1 0 4 0 6 0 1 0 2 0 1 0 2 0 2 0 7 0 1 0 3 0 4 0 4 0 3 0 5 0 0 0 0 0 6 0 5 0 0 0 4 0 7 0 3 0 3 1 0 0 7 0 6 0 6 0 5 0 1 0 2 0 6 0 2 0 4 0 0 1 0 0 6 0 1 1 0 0 2 0 0 1 0 0 7 0 0
0 521 3 0 2 0 0 0 4 0 7 0 3 0 3 0 1 0 0 0 5 0 7 0 5 0 6 0 5 0 0 0 2 0 1 0 4 0 0 0 7 0 5 0 2 0 2 0 0 0 6 0 1 0 1 0 6 0 4 0 5 0 7 0 3 0 5 0 0 0 4 0 5 0 2 0 3 0 4 0 6 0 4 0 6 0 4 0 3 0 0 0 6 0 5 1 0 1 0 1 0 1 0 0 4 0 1 0 0 0 4 0 6 1 0 1 0 0 2 0 2 1 0 0 6 0 5 0 1 0 3 0 5 0 1 0 1 0 0 0 2 1 0 0 1 0 1 0 0 0 1 0 6 0 6 0 2 0 4 0 5 0 0 0 0 0 5 0 6 0 1 1 0 0 5 1 0 0 3 0 5 0 4 1 0 0 4 0 0 0 3 0 3 0 5 0 5 0 5 0 3 0 7 0 4 0 4 0 4 0 3 0 5 0 1 0 0 0 5 0 7 0 0 0 6 0 3 0 5 0 2 1 0 0 5 0 6 0 3 0 4 0 2 0 1 1 0 0 3 0 5 1 0 0 4 0 3 0 4 1 0 0 6 0 4 0 6 0 4 0 3 1 0 0 7 0 0 0 2 0 7 0 6 0 5 0 6 0 6 0 7 0 5 0 1 1 0 1 0 0 1 0 2 0 4 0 1 0 4 0 0 0 0 0 6 0 6 0 4 0 1 0 1 0 0 0 0 0 3 0 7 0 0 0 4 0 3 1 0 0 2 0 2 1 0 0 5 0 0 0 0 0 2 1 0 0 4 0 6 1 0 0 4 0 3 0 6 0 6 0 0 0 2 0 5 0 7 0 2 0 4 0 5 0 2 1 0 0 6 0 2 1 0 0 6 0 3 0 4 0 0 0 7 0 1 0 6 0 4 0 6 0 6 0 2 0 6 0 4 0 7 0 4 0 5 0 3 0 1 0 3 0 1 0 1 0 3 0 0 0 4 0 3 0 4 0 2 0 4 0 5 0 5 0 3 0 7 0 0 0 0 1 0 0 2 0 1 0 1 0 4 0 2 0 2 0 0 0 6 1 0 0 0 0 0 0 6 0 5 0 5 0 2 0 3 0 5 0 3 0 5 1 0 0 2 1 0 0 3 0 4 0 7 0 3 0 1 1 0 0 5 0 1
0 521 6 0 4 0 1 0 0 0 6 0 7 0 6 0 2 0 1 0 2 0 7 0 3 0 5 0 2 0 1 0 4 0 2 1 0 0 2 0 6 0 2 0 5 0 4 0 1 0 3 0 3 0 3 0 4 0 1 0 3 0 6 1 0 0 2 0 2 0 0 0 2 0 5 0 7 0 0 0 5 0 1 0 5 0 0 0 7 0 1 0 4 0 4 0 0 1 0 1 0 0 7 0 7 0 2 0 1 0 0 0 6 0 0 0 7 0 3 0 5 1 0 0 4 0 2 0 3 0 7 0 1 0 3 0 2 0 0 0 5 0 7 0 1 0 2 0 0 0 3 0 4 0 4 0 6 0 0 0 2 0 1 0 1 0 2 0 4 0 4 1 0 0 2 1 0 0 7 0 2 0 1 1 0 1 0 0 1 0 6 0 7 0 2 0 3 0 2 1 0 0 7 0 1 0 1 0 0 1 0 0 2 0 3 0 1 0 2 0 6 0 2 0 3 1 0 0 2 0 6 1 0 0 2 0 4 1 0 0 0 0 5 0 3 0 7 0 6 0 2 1 0 1 0 1 0 0 2 0 0 0 4 0 1 0 5 0 1 0 0 0 0 0 5 0 1 0 5 0 6 0 5 0 3 0 5 0 5 0 7 0 2 0 4 1 0 0 7 0 1 0 4 1 0 0 3 1 0 0 1 0 1 0 4 0 5 0 0 0 3 0 2 0 0 0 0 0 7 0 5 0 1 1 0 1 0 1 0 0 4 0 5 1 0 0 1 0 1 0 0 0 5 1 0 0 0 0 5 1 0 1 0 1 0 0 5 0 4 0 1 0 5 0 2 0 6 0 6 0 0 0 2 0 6 1 0 0 3 0 6 1 0 0 3 1 0 0 0 0 2 0 5 0 4 0 4 0 1 0 5 0 4 0 6 0 4 0 1 0 7 0 1 0 2 0 7 0 2 0 6 0 2 0 2 0 6 0 0 1 0 1 0 0 0 0 6 0 0 0 3 0 2 1 0 0 6 0 1 0 1 0 7 0 3 0 2 0 2 1 0 0 5 0 4 0 1 0 4 1 0 0 0 0 1 0 4 0 3 0 2 0 5 0 7 0 1 1 0 0 3 1 0 0 5 0 7 0 6 0 0 0 6 0 7 0 3 1 0 0 1 0 3
1 523 1 0 4 0 0 0 3 0 1 0 4 0 7 0 4 0 5 0 2 0 5 0 5 1 0 0 2 0 5 0 2 1 0 0 6 0 7 0 4 0 3 0 6 0 2 0 0 0 3 0 6 0 6 0 6 1 0 0 3 0 7 0 4 1 0 0 4 0 4 0 0 0 5 0 2 0 6 0 2 0 1 0 4 0 1 0 2 0 5 0 4 0 0 0 0 0 2 1 0 1 0 0 6 0 6 0 5 0 2 0 1 0 3 0 2 0 5 1 0 0 3 1 0 1 0 0 5 0 7 0 5 0 3 0 6 0 4 0 1 0 2 0 6 0 3 0 4 0 0 0 7 0 0 0 1 0 4 0 1 0 4 0 2 0 2 0 5 0 0 0 1 1 0 0 5 1 0 0 5 0 5 0 3 1 0 0 7 0 2 0 4 0 6 0 5 0 6 0 5 1 0 0 5 0 3 0 2 0 1 0 7 0 3 0 6 0 2 0 5 0 3 0 5 0 7 0 7 0 4 0 4 1 0 0 5 0 0 1 0 0 1 0 1 1 0 0 7 0 4 0 6 1 0 1 0 0 7 0 3 0 0 1 0 0 4 0 1 0 3 0 0 0 1 0 1 0 4 0 2 0 5 0 2 1 0 0 3 0 3 0 6 0 6 0 1 0 0 0 5 0 4 0 0 1 0 0 7 0 7 0 1 0 3 0 0 0 2 0 1 0 6 0 4 0 0 0 1 0 6 0 2 0 4 1 0 1 0 1 0 0 0 0 3 1 0 0 2 0 2 0 1 0 2 1 0 0 1 0 3 0 0 1 0 1 0 0 2 0 0 0 4 0 1 0 6 0 4 0 4 0 1 0 5 0 4 1 0 0 7 0 4 1 0 0 7 0 6 1 0 0 5 0 2 0 1 0 0 0 4 0 2 0 1 0 5 0 0 0 4 0 5 0 3 0 5 0 5 0 6 0 3 0 5 0 5 0 3 0 2 1 0 0 7 0 0 0 3 0 1 0 6 0 5 1 0 0 3 0 3 0 3 0 5 0 7 0 4 0 5 1 0 0 2 0 0 0 4 0 0 1 0 0 0 0 2 1 0 0 7 0 5 0 2 0 6 0 4 0 7 0 6 1 0 0 2 0 7 0 4 0 2 0 4 0 6 1 0 1 0 0 2 0 6
1 523 2 1 0 0 1 0 6 0 3 0 0 0 7 0 1 0 2 0 6 0 2 0 3 1 0 0 5 0 1 0 6 1 0 0 4 0 7 0 0 1 0 0 4 0 5 0 0 0 7 0 4 0 5 0 5 1 0 0 7 0 6 0 2 0 0 0 0 0 0 0 2 0 1 0 6 0 3 0 5 0 2 1 0 0 3 0 5 0 2 0 0 0 1 0 0 0 5 1 0 1 0 0 4 0 5 0 2 0 5 0 2 0 6 0 5 0 2 1 0 1 0 0 0 1 0 0 2 0 7 0 2 1 0 0 5 0 0 0 3 0 5 0 3 1 0 0 0 0 2 0 5 0 1 0 2 1 0 0 3 1 0 0 5 0 5 0 1 0 1 0 3 1 0 0 3 0 0 0 2 0 3 0 0 0 0 0 5 0 6 0 0 0 5 0 3 0 5 0 4 0 0 0 1 0 7 0 4 0 3 0 5 1 0 0 4 0 6 0 1 1 0 0 3 0 7 0 7 0 1 0 2 0 0 0 1 0 2 0 7 0 1 0 3 1 0 0 6 0 1 0 6 0 0 1 0 0 5 0 7 0 1 0 7 0 7 0 2 0 6 0 0 0 2 0 2 1 0 0 6 0 1 0 6 0 7 0 5 0 7 0 4 0 4 0 3 0 1 0 2 0 0 0 2 1 0 0 6 0 6 0 3 0 6 0 0 0 4 0 3 0 4 0 0 0 1 0 3 0 3 0 6 0 1 0 0 1 0 0 6 1 0 0 7 0 7 0 3 0 4 0 2 0 5 0 7 0 1 0 6 0 1 1 0 0 7 0 3 0 0 1 0 0 4 0 4 0 1 0 0 0 4 0 2 0 2 0 0 0 6 0 2 0 0 0 6 0 6 0 0 0 1 0 5 0 2 0 0 1 0 0 5 0 3 0 1 0 2 0 0 0 2 1 0 0 3 0 3 0 4 1 0 0 3 0 2 0 7 0 5 1 0 0 5 0 1 0 6 0 3 0 4 0 3 1 0 0 6 0 6 0 7 0 2 0 7 0 1 0 3 1 0 0 4 0 0 1 0 0 2 0 6 1 0 0 5 1 0 0 6 0 2 0 6 0 4 0 1 0 7 0 5 1 0 0 5 0 6 0 0 0 6 0 0 0 6 0 0 0 7 0 4 0 4
0 523 5 0 7 0 2 0 3 0 7 0 1 0 5 0 3 0 5 0 3 0 5 1 0 0 0 0 1 0 4 0 5 0 0 0 0 0 6 0 2 1 0 0 0 0 2 0 2 0 6 0 1 0 3 0 4 0 0 0 6 0 4 0 5 0 0 0 0 0 0 0 4 0 3 0 3 1 0 0 2 0 6 0 7 0 6 0 1 0 5 0 0 0 2 0 1 0 3 0 0 1 0 0 0 0 2 0 6 0 1 0 6 0 4 0 2 0 6 1 0 0 7 0 0 0 7 0 4 0 5 0 6 1 0 0 1 0 1 0 7 0 1 1 0 1 0 0 0 0 5 0 1 0 3 0 5 0 7 0 6 1 0 0 2 0 2 0 3 0 2 0 7 0 7 0 5 0 0 0 4 0 6 0 0 0 1 0 2 0 4 0 2 0 1 1 0 0 3 0 0 0 1 0 3 0 6 0 0 1 0 0 4 0 0 0 0 0 4 0 4 0 7 0 6 0 6 0 6 0 3 0 4 0 0 0 2 0 5 0 5 0 3 1 0 0 0 0 3 0 4 0 3 0 2 1 0 0 2 0 6 0 4 0 6 0 6 0 6 0 3 0 1 0 4 0 5 1 0 0 3 0 4 0 4 0 7 0 3 0 7 0 1 0 0 0 7 0 2 0 4 0 0 0 5 1 0 0 4 0 4 1 0 0 4 0 1 1 0 1 0 0 0 0 1 0 2 0 6 0 7 0 3 0 3 0 1 1 0 0 5 0 0 0 6 0 6 1 0 0 0 0 6 0 2 0 6 0 4 0 3 0 4 1 0 0 5 0 7 0 1 1 0 0 0 0 0 0 3 0 0 1 0 0 5 0 4 0 1 0 3 0 5 0 1 0 4 0 4 0 1 0 3 0 1 0 5 0 1 1 0 0 1 0 7 0 2 0 4 0 0 0 5 0 7 0 5 0 7 0 0 1 0 0 6 0 5 0 6 0 4 0 0 0 1 0 4 0 3 1 0 0 1 0 0 0 0 0 4 0 5 0 6 0 6 0 5 0 3 0 7 0 7 0 7 0 1 0 7 0 4 0 5 0 0 0 3 0 0 0 3 0 6 0 4 0 0 0 4 0 6 0 4 0 0 0 2 0 4 0 2 0 3 0 2 0 3 0 2 0 6 0 1 0 1
0 525 1 0 2 0 6 0 5 0 7 0 5 0 4 0 1 1 0 0 2 1 0 0 3 1 0 0 0 0 3 0 0 0 2 0 1 0 1 0 3 0 6 0 6 1 0 0 4 0 5 0 3 0 3 0 6 1 0 0 2 0 4 0 1 0 2 0 1 0 0 0 0 1 0 0 7 0 7 0 7 0 4 0 4 0 7 0 4 0 4 0 1 0 1 0 4 0 2 0 6 0 1 0 6 1 0 0 5 0 3 0 4 0 4 0 0 0 6 0 5 0 0 0 5 0 2 0 6 0 1 0 3 0 5 1 0 0 2 0 3 0 5 0 4 1 0 0 7 0 0 0 1 0 3 0 7 0 2 0 7 0 5 1 0 0 4 0 4 0 6 0 5 0 6 0 7 0 2 0 2 0 0 0 4 0 1 0 2 0 4 1 0 0 5 0 3 0 7 0 5 0 0 0 2 0 7 0 3 0 2 0 7 0 7 0 0 0 1 0 0 0 1 0 7 0 5 0 5 0 4 1 0 0 0 0 1 0 5 0 2 0 2 1 0 1 0 0 0 0 6 1 0 0 7 0 5 0 7 0 4 0 4 0 1 0 5 0 5 0 4 0 7 0 3 0 0 0 3 1 0 0 7 0 0 0 1 0 6 1 0 0 6 0 3 0 1 0 5 0 5 1 0 0 2 0 3 0 0 0 0 0 1 1 0 1 0 0 4 1 0 0 6 1 0 0 2 0 5 0 4 0 6 0 7 0 6 0 3 1 0 0 1 0 2 0 4 0 5 1 0 0 1 0 3 0 6 0 4 0 0 1 0 0 2 0 0 0 2 0 6 0 4 0 6 1 0 0 0 0 6 0 1 1 0 0 2 0 0 0 3 0 7 0 1 0 4 0 0 0 0 0 3 0 6 0 3 0 1 0 4 0 7 0 2 0 5 0 5 1 0 0 2 0 2 0 7 0 3 0 6 0 2 1 0 0 4 0 3 0 5 0 0 0 1 0 2 1 0 1 0 1 0 0 2 0 0 0 1 0 0 0 3 0 5 0 5 0 2 1 0 0 7 0 7 0 6 0 4 0 6 0 1 0 2 0 1 0 6 0 0 0 7 0 4 0 0 0 2 0 0 0 5 0 0 0 1 0 4 1 0 0 5 0 6 0 4 0 6 0 5 0 3 0 3 0 2
1 525 2 0 5 0 4 0 3 0 7 0 3 0 0 0 4 0 7 0 4 0 7 0 6 0 6 1 0 0 6 0 0 0 4 0 2 0 2 0 7 0 4 0 6 0 0 0 0 0 2 0 7 0 7 0 4 1 0 0 4 1 0 0 3 0 4 0 2 0 0 0 1 1 0 0 6 0 7 0 7 0 1 0 1 0 7 0 1 0 0 0 3 0 2 1 0 0 6 0 3 0 4 0 5 0 0 0 1 1 0 0 1 0 0 0 2 0 4 0 2 0 2 0 1 0 6 0 3 0 3 0 7 0 2 1 0 0 4 0 7 0 2 0 2 0 0 0 5 0 1 0 2 0 7 0 5 0 6 0 6 0 4 0 0 0 0 0 1 0 5 0 3 0 5 0 6 0 5 0 4 0 0 1 0 0 3 0 5 0 1 0 0 0 1 1 0 0 7 0 2 0 1 0 5 0 5 0 7 0 5 0 6 0 6 0 1 0 2 0 0 0 3 0 6 0 3 0 3 0 1 1 0 0 0 0 3 0 1 0 5 0 5 1 0 0 7 0 0 0 5 0 0 0 6 0 3 0 7 0 1 0 0 0 4 0 2 0 3 0 1 0 6 0 7 0 0 1 0 0 0 0 5 0 1 0 3 0 5 0 0 0 3 0 7 0 3 0 2 0 3 1 0 0 4 0 6 0 0 0 0 0 3 1 0 1 0 0 1 0 0 0 4 1 0 0 5 0 2 0 1 0 5 0 7 0 4 1 0 1 0 0 2 0 5 0 0 0 3 1 0 0 2 0 7 0 4 0 0 0 2 0 7 0 3 0 0 0 5 0 4 0 1 0 5 1 0 0 1 0 3 0 4 0 7 0 3 0 0 0 7 0 5 0 3 1 0 0 1 0 0 0 7 0 3 0 7 0 3 0 0 0 6 0 6 0 2 0 3 1 0 0 4 0 5 0 5 1 0 0 4 0 6 0 7 0 7 0 7 0 1 0 1 0 2 0 5 1 0 1 0 0 7 0 3 0 0 0 2 0 0 0 7 0 2 0 2 0 6 1 0 0 6 0 7 0 5 0 1 0 4 0 3 0 4 0 3 0 3 0 2 0 6 0 0 0 1 0 4 0 1 0 1 0 1 0 3 0 1 0 0 0 2 0 5 0 1 0 5 0 2 0 7 0 6 0 4
0 525 5 0 2 0 0 1 0 0 6 0 7 0 1 0 0 0 7 0 1 0 7 0 5 0 6 0 0 0 3 0 1 1 0 0 5 0 5 0 6 0 1 0 4 0 1 0 0 0 5 0 6 0 7 0 2 0 0 0 0 1 0 0 6 1 0 0 5 0 0 0 3 1 0 0 4 0 7 0 6 0 3 0 3 0 5 0 3 0 0 0 6 0 5 1 0 0 3 1 0 0 1 0 2 0 1 0 3 0 7 0 1 0 0 0 4 1 0 0 5 0 4 0 3 0 3 0 7 0 7 0 5 0 6 1 0 0 0 0 6 0 5 0 4 0 1 0 1 0 3 0 5 0 6 0 3 0 5 0 5 0 0 0 1 0 0 0 3 0 1 1 0 0 3 0 5 0 3 0 0 0 2 0 7 0 6 0 1 0 3 0 0 0 3 1 0 0 5 0 5 0 3 0 2 0 3 0 7 0 3 0 5 0 4 0 3 0 4 0 0 0 7 0 3 0 7 0 6 0 3 0 6 1 0 0 6 0 3 0 2 0 4 0 0 0 5 0 2 0 1 0 2 0 3 1 0 0 6 0 3 0 0 1 0 0 5 0 6 0 3 0 4 0 6 0 2 0 7 0 0 0 1 0 3 0 7 0 1 0 1 0 7 0 5 0 7 0 4 1 0 0 0 0 0 0 4 0 1 0 0 1 0 0 0 0 7 0 1 0 1 0 1 0 0 0 1 0 5 0 3 0 2 0 7 0 2 0 0 0 7 0 4 0 1 0 1 0 7 0 7 0 4 0 6 0 0 0 1 0 5 0 5 0 7 0 1 0 2 0 0 0 4 0 2 1 0 0 2 0 7 0 0 0 6 0 7 0 1 0 6 0 2 1 0 1 0 0 2 0 1 0 5 1 0 0 6 0 7 0 1 0 4 0 4 0 5 1 0 0 0 0 0 0 3 0 4 0 0 0 0 0 5 0 7 0 7 0 6 0 3 0 2 0 5 0 3 0 0 1 0 0 5 0 7 0 0 0 4 0 1 0 5 0 5 0 5 0 5 0 0 0 4 0 7 0 2 0 3 1 0 1 0 0 0 0 7 0 6 0 5 0 3 0 1 0 2 1 0 0 3 0 2 0 2 0 6 0 2 0 0 0 5 0 1 0 4 0 1 0 6 0 6 0 5 0 1
0 527 1 0 1 0 5 0 1 1 0 0 4 0 6 0 3 0 1 0 5 0 4 0 6 0 3 0 4 0 1 0 6 0 3 1 0 0 2 0 3 0 4 0 3 1 0 0 3 0 1 0 2 0 5 0 6 0 5 0 0 0 1 1 0 0 5 0 0 0 1 0 1 1 0 0 0 0 0 0 7 0 4 0 7 0 7 0 1 0 7 0 1 0 4 0 3 1 0 0 7 0 7 0 1 0 4 0 2 0 7 0 5 0 3 0 1 0 1 0 0 0 2 0 0 0 7 0 7 0 6 0 7 0 3 0 5 1 0 0 1 0 4 0 3 0 0 0 3 0 2 0 7 0 2 0 4 1 0 0 3 0 2 0 1 0 2 0 0 0 6 0 3 0 7 0 6 0 1 0 7 0 0 0 5 0 6 0 4 0 3 0 6 0 0 1 0 0 0 0 2 0 2 0 7 0 4 0 7 0 5 1 0 0 3 0 0 1 0 0 0 0 2 0 5 1 0 0 7 0 4 1 0 0 6 0 0 0 3 0 7 0 4 1 0 0 2 0 1 0 5 0 2 0 4 1 0 0 0 0 3 0 7 0 1 1 0 0 2 0 4 1 0 0 1 0 4 0 6 0 5 0 1 0 2 0 7 0 5 0 3 0 3 0 6 0 3 0 7 0 1 1 0 0 0 0 0 1 0 0 3 0 1 0 7 0 0 0 5 0 3 0 2 0 2 0 0 0 3 0 1 0 7 0 5 0 5 0 5 0 1 0 6 0 0 0 3 0 3 0 6 0 7 0 1 0 4 0 1 0 3 0 2 0 3 0 6 0 3 0 4 0 0 1 0 0 6 0 7 0 4 0 5 0 2 0 4 0 6 0 4 0 3 0 6 1 0 0 7 0 3 0 3 0 3 0 0 0 4 0 6 0 4 0 0 0 1 0 3 1 0 0 0 0 0 0 6 1 0 0 1 0 1 0 2 0 7 0 7 0 4 0 7 0 5 0 1 0 7 0 1 1 0 0 2 0 6 0 1 1 0 0 4 0 2 0 3 0 3 0 2 0 2 0 0 0 6 0 5 1 0 0 0 0 7 0 0 0 6 0 5 0 2 0 7 0 2 0 5 0 7 0 5 0 4 0 5 0 3 0 5 0 1 0 1 0 3 1 0 0 4 0 4 0 5 0 2 0 3
1 527 2 0 3 0 1 0 4 1 0 0 0 0 4 0 7 0 3 0 2 0 1 0 4 1 0 0 0 0 4 0 3 1 0 1 0 0 4 0 6 1 0 1 0 1 0 0 6 0 2 0 5 0 2 0 5 0 2 0 1 0 3 1 0 0 1 0 1 0 2 0 3 0 6 1 0 0 1 0 6 0 1 0 7 0 6 0 4 0 5 0 4 0 0 0 0 0 0 0 6 0 6 0 3 1 0 0 6 0 6 0 2 0 7 0 2 0 2 0 0 0 4 0 1 0 6 0 7 0 5 0 6 1 0 0 3 1 0 0 2 1 0 0 7 0 0 0 6 0 5 0 5 0 6 0 0 1 0 0 6 0 4 0 2 0 4 0 1 0 3 1 0 0 7 0 4 0 4 0 5 0 2 0 2 0 5 0 0 1 0 0 4 0 2 0 6 1 0 0 4 0 5 0 6 0 1 0 7 0 3 1 0 0 6 0 1 0 6 1 0 0 5 0 3 0 0 0 6 0 2 0 0 0 3 0 1 0 7 0 6 0 1 1 0 0 4 0 3 0 1 0 6 0 0 1 0 0 0 0 7 0 5 0 4 0 7 0 4 0 0 1 0 0 3 0 0 0 5 0 2 0 3 0 5 0 6 0 2 0 7 0 7 0 3 1 0 0 6 0 4 0 6 1 0 0 1 0 7 0 5 0 3 0 5 0 2 0 1 0 7 0 4 0 4 0 0 0 6 0 3 0 6 0 3 0 3 0 2 0 4 0 3 0 1 0 6 0 7 0 4 0 6 0 3 1 0 0 3 0 6 0 4 0 7 0 3 1 0 0 0 0 2 1 0 0 4 0 7 0 1 0 2 0 6 0 0 0 5 0 0 1 0 0 6 0 0 0 5 0 7 0 6 0 6 0 1 0 0 0 5 0 0 0 1 0 2 0 7 0 6 1 0 0 1 0 4 1 0 0 2 0 2 0 5 0 6 0 7 0 1 0 7 0 2 0 4 0 5 0 4 0 7 0 4 0 3 0 4 0 7 0 7 0 4 0 6 0 6 0 4 0 4 0 1 0 4 0 3 1 0 0 1 0 5 0 2 0 4 0 2 0 6 0 5 0 6 0 2 0 7 0 3 0 1 0 2 1 0 0 2 0 3 0 2 1 0 0 0 0 0 0 1 0 2 0 5 0 6
1 527 4 0 6 0 3 0 0 1 0 0 1 0 0 0 6 0 7 0 4 0 3 0 0 1 0 0 1 0 0 0 0 0 0 1 0 0 0 0 6 0 0 1 0 1 0 0 3 0 6 0 1 0 6 0 1 0 5 0 2 0 7 0 7 0 1 0 2 0 4 0 7 0 4 1 0 0 3 0 3 0 4 0 6 0 5 0 1 0 3 0 0 0 1 0 0 0 1 0 4 0 5 0 0 0 0 0 4 0 4 0 6 0 5 0 5 0 4 0 0 1 0 0 4 0 4 0 7 0 3 0 5 1 0 0 7 0 7 0 4 1 0 0 5 0 2 0 4 0 3 0 3 0 4 0 2 1 0 0 4 0 0 0 5 1 0 0 3 1 0 0 0 0 6 0 1 0 1 0 2 0 5 0 5 0 1 0 2 0 7 0 7 0 5 0 5 0 0 0 0 0 3 0 4 0 4 0 6 0 0 0 0 0 3 0 4 0 5 0 0 0 1 0 7 0 1 0 3 0 5 0 0 0 6 0 3 0 6 0 4 0 4 0 7 0 7 0 6 0 3 0 3 0 2 0 7 0 0 0 6 0 3 0 1 0 7 0 0 0 2 0 7 0 5 0 1 0 1 0 5 0 7 0 2 0 4 0 6 0 6 0 7 0 0 0 0 0 4 0 1 0 5 1 0 0 3 0 6 0 2 1 0 0 2 0 5 0 3 0 6 0 1 0 0 0 2 0 3 1 0 0 4 0 7 0 6 0 4 1 0 0 7 0 3 0 4 0 7 0 1 0 4 1 0 1 0 0 7 0 4 0 1 0 6 1 0 1 0 0 0 0 5 1 0 0 0 0 6 0 3 0 5 0 3 0 2 0 1 0 2 1 0 0 3 0 2 0 2 0 7 0 5 0 4 0 3 0 1 0 1 0 1 0 2 0 5 0 6 0 5 1 0 0 3 0 0 1 0 0 4 0 5 0 2 0 5 0 6 0 4 0 5 0 6 0 0 0 3 0 1 0 7 0 0 1 0 0 1 0 7 0 7 0 1 0 5 0 5 0 1 0 0 0 3 1 0 1 0 1 0 0 3 0 1 0 5 1 0 0 6 0 4 0 3 0 4 0 6 0 5 0 7 0 2 0 5 0 7 0 3 0 6 0 5 0 6 1 0 0 0 0 2 0 5 0 2 0 5
0 529 1 0 0 0 4 0 7 0 1 0 7 0 1 0 1 0 4 0 7 0 0 0 7 0 1 0 7 0 1 0 0 0 0 0 1 0 7 0 0 0 3 0 2 1 0 0 7 0 6 0 3 0 4 0 3 0 4 0 1 0 6 0 6 0 6 0 3 0 5 0 0 0 7 0 1 1 0 0 6 0 7 0 0 0 5 0 2 0 3 0 6 0 0 0 2 0 0 0 3 0 0 0 2 0 1 0 1 0 0 0 1 0 5 0 3 0 3 0 0 0 2 1 0 0 0 0 1 0 6 1 0 0 4 0 0 0 6 0 7 0 2 0 0 0 1 0 5 1 0 0 7 0 6 1 0 0 6 0 7 0 7 0 1 0 2 1 0 0 7 0 7 0 0 0 3 0 3 0 2 0 5 0 2 0 2 0 3 0 5 0 6 0 7 0 3 0 2 0 1 0 0 0 7 0 0 0 1 0 4 0 1 0 0 0 7 0 0 0 2 0 1 0 3 0 5 0 3 0 7 0 1 0 2 0 3 1 0 0 5 0 1 0 1 0 7 0 7 0 4 0 7 0 6 0 5 0 5 0 2 0 3 0 7 0 3 0 5 0 1 0 5 0 6 0 2 0 3 0 3 0 2 0 6 0 6 0 0 0 5 0 5 0 6 0 1 0 0 1 0 0 4 0 2 1 0 0 7 0 3 0 6 0 7 0 4 0 1 1 0 0 4 0 3 0 0 0 4 1 0 0 0 0 0 0 7 0 5 0 2 0 0 0 5 1 0 0 1 0 6 0 4 0 1 0 0 1 0 0 6 0 0 0 4 0 5 0 0 0 7 0 0 0 2 1 0 0 1 0 3 1 0 0 2 0 7 0 4 0 2 0 5 0 7 0 5 0 4 0 5 0 6 0 3 0 0 0 7 0 2 0 2 0 2 0 5 0 2 0 5 0 3 1 0 0 6 0 1 1 0 0 0 0 2 0 6 0 2 0 5 0 1 0 3 0 4 0 1 0 6 0 3 0 5 0 2 0 7 0 2 0 6 0 6 0 4 0 2 0 2 0 3 0 0 1 0 0 0 1 0 0 7 0 5 0 3 0 3 0 0 0 4 0 0 1 0 0 1 0 5 0 3 0 6 0 6 0 2 0 6 1 0 0 5 0 3 0 5 1 0 0 0 0 5 0 1 0 6 0 2
1 529 2 0 1 0 0 0 6 0 4 0 5 0 3 0 3 0 0 0 6 0 2 0 5 0 4 0 5 0 3 0 0 0 0 0 3 0 5 0 1 0 6 0 5 1 0 0 6 0 4 1 0 0 0 1 0 0 0 0 4 0 4 0 5 0 4 1 0 0 2 0 2 0 5 0 4 1 0 0 4 0 6 0 2 0 1 0 5 0 7 0 3 0 1 0 4 0 0 0 6 0 0 0 4 0 2 0 2 0 0 0 3 0 1 0 7 0 6 0 0 0 5 0 6 1 0 0 3 0 4 1 0 1 0 0 2 0 4 0 6 0 5 0 0 0 3 0 3 0 0 0 6 0 6 0 0 0 4 0 7 0 6 0 3 0 5 1 0 0 6 0 6 0 1 0 6 0 6 0 5 0 1 0 5 0 4 0 7 0 2 0 5 0 6 0 7 0 4 0 2 0 1 0 5 0 1 0 2 1 0 0 3 0 1 0 5 0 1 0 4 0 2 0 7 0 1 1 0 0 6 0 3 0 4 1 0 0 0 0 1 0 3 0 3 0 6 0 7 0 1 0 7 0 5 0 3 0 2 0 5 0 7 0 5 1 0 0 2 0 4 0 2 0 4 0 5 0 6 0 6 0 5 0 4 0 4 0 2 0 2 0 3 0 4 0 3 0 1 0 7 0 7 0 5 1 0 0 5 1 0 0 5 0 7 0 0 0 4 0 7 0 7 0 6 0 1 0 0 1 0 0 0 0 1 0 6 0 2 0 5 0 1 0 2 1 0 0 3 0 4 0 0 0 3 0 1 1 0 0 3 0 2 0 0 0 2 0 2 0 5 0 1 0 5 0 7 0 1 0 7 0 7 0 4 0 6 0 0 0 6 0 2 0 7 0 3 0 1 0 3 0 4 0 7 0 1 0 5 0 5 0 4 0 5 0 1 0 6 0 2 0 0 0 0 0 3 0 4 0 6 1 0 0 5 0 3 0 6 0 1 0 3 0 6 1 0 0 4 0 3 1 0 0 2 0 6 0 5 0 6 0 4 0 5 0 0 0 5 0 4 0 6 0 1 0 7 0 0 1 0 0 6 0 2 0 7 0 6 0 0 1 0 0 2 0 7 0 2 0 1 1 0 0 5 0 4 0 6 0 5 0 0 0 1 1 0 0 3 1 0 0 1 0 1 0 4 0 3 0 5
0 529 4 0 2 0 1 0 4 0 1 0 2 0 7 0 6 0 1 0 3 0 6 0 2 0 1 0 2 0 7 0 0 0 0 0 7 0 1 0 4 0 4 0 4 0 0 0 4 0 1 1 0 0 1 0 7 0 0 0 0 0 1 0 3 0 1 1 0 0 4 0 5 0 2 0 2 0 0 0 0 0 4 0 5 0 3 0 2 0 6 0 7 0 2 1 0 0 2 0 3 0 1 1 0 0 5 0 4 0 0 0 6 0 3 0 6 0 4 0 2 0 2 0 5 1 0 0 7 0 1 0 0 0 7 0 4 0 0 0 5 0 2 0 1 0 6 0 6 0 1 0 4 0 4 0 2 0 0 0 7 0 4 1 0 0 4 0 0 0 4 0 4 0 4 0 4 0 5 0 2 0 4 0 2 0 1 0 6 0 6 0 2 0 5 0 7 0 0 0 5 0 3 0 1 0 3 0 5 0 7 0 5 0 3 0 1 0 3 1 0 0 6 0 5 0 4 1 0 0 3 1 0 0 1 1 0 0 0 0 2 0 6 0 7 0 4 0 6 0 4 0 6 0 2 0 7 0 5 0 2 0 7 0 3 1 0 0 4 1 0 0 6 0 0 0 3 0 5 0 5 0 3 0 1 0 0 0 5 0 4 0 6 1 0 0 7 0 3 0 6 0 7 0 4 0 0 0 3 0 0 0 2 0 6 0 2 0 0 0 7 0 7 0 4 0 3 0 1 0 6 1 0 0 3 0 3 0 6 0 1 0 3 0 5 0 7 0 5 1 0 0 1 0 6 0 3 0 7 0 5 0 4 0 0 0 4 0 5 0 1 0 4 0 2 0 6 0 4 0 6 0 7 0 1 0 4 0 2 0 3 0 6 0 5 0 7 0 2 0 7 0 0 0 6 0 4 0 2 0 3 0 1 0 2 0 4 0 3 0 5 0 0 0 0 0 7 0 0 0 6 0 0 0 1 1 0 0 4 0 3 0 7 0 4 1 0 1 0 1 0 1 0 0 5 0 4 0 3 0 5 0 1 0 2 0 2 0 2 0 1 0 4 0 4 0 5 0 2 1 0 0 3 0 6 0 6 0 4 0 2 0 7 0 4 0 5 0 5 0 3 1 0 0 2 0 1 0 5 0 2 0 1 0 3 0 7 0 6 0 7 0 1 0 2 1 0 1 0 0 3
1 530 1 0 0 5 0 2 1 0 0 3 0 5 0 6 0 4 0 3 0 7 0 3 0 5 0 2 0 5 0 5 0 1 0 1 0 5 0 4 0 0 0 1 0 0 0 1 1 0 0 4 0 7 0 2 0 5 0 1 0 0 0 2 0 6 0 3 1 0 0 0 0 2 0 5 0 4 0 0 0 1 0 0 0 2 0 7 0 5 0 4 0 6 0 6 0 7 0 3 0 6 0 3 1 0 0 2 0 0 0 2 0 3 1 0 0 5 0 0 0 5 0 5 0 3 0 0 0 5 0 3 0 1 0 6 0 0 0 2 0 1 0 5 0 3 0 4 0 4 0 4 0 0 0 0 0 5 0 1 0 6 0 1 1 0 1 0 0 2 0 0 0 1 0 1 0 1 0 2 0 5 1 0 0 5 0 3 0 4 0 4 0 6 0 2 0 6 0 2 0 1 0 7 0 2 0 7 0 2 0 7 0 2 0 7 0 2 1 0 0 0 0 4 0 3 0 1 1 0 0 7 0 7 0 2 0 6 1 0 0 5 0 4 0 7 0 1 0 5 0 1 0 4 0 6 0 6 0 2 0 6 0 6 0 0 0 0 0 1 0 0 0 3 0 1 0 7 0 2 0 2 0 7 0 2 0 1 0 2 0 1 0 6 0 0 0 5 1 0 0 5 0 7 0 0 0 1 0 6 0 0 0 5 0 3 0 5 0 1 0 6 0 7 0 0 0 7 0 3 0 4 1 0 0 6 0 7 0 3 0 3 0 7 0 2 0 7 0 3 1 0 0 3 0 3 1 0 0 7 0 3 0 0 0 2 0 0 0 2 0 3 1 0 0 6 0 4 0 1 0 5 0 6 0 3 1 0 0 5 0 7 0 4 0 3 0 6 0 6 0 5 0 2 0 4 0 0 0 5 0 6 0 2 0 4 1 0 1 0 0 2 0 1 0 1 0 5 0 2 0 3 0 1 0 3 0 7 0 7 0 7 0 6 0 2 0 0 1 0 1 0 1 0 0 2 0 0 1 0 0 2 0 3 0 4 0 4 0 4 0 3 0 0 0 1 0 2 0 6 0 7 0 6 0 4 0 5 0 0 0 6 0 6 0 1 0 3 0 2 1 0 1 0 0 4 0 3 0 1 0 5 0 2 0 7 0 6 0 5 0 6 0 3 0 5 1 0 0 7 0 5
0 531 1 1 0 0 1 0 6 0 7 0 6 0 2 0 5 0 0 1 0 0 6 1 0 0 2 0 6 0 2 0 2 0 3 0 3 0 2 0 0 0 1 0 2 0 0 0 3 1 0 0 0 0 6 0 6 0 1 0 3 0 0 0 5 0 3 1 0 1 0 0 0 0 5 0 2 0 0 0 1 0 2 0 0 0 5 0 6 0 3 0 1 0 5 0 5 0 6 1 0 0 4 1 0 1 0 0 4 0 0 0 4 1 0 0 0 0 1 0 2 0 2 0 2 0 7 0 1 0 1 0 7 0 3 0 3 0 1 0 4 0 3 0 1 1 0 0 1 0 1 0 0 0 1 0 1 0 1 0 4 0 3 0 4 1 0 0 7 0 3 0 0 0 2 0 2 0 2 0 5 0 3 0 0 0 1 1 0 0 1 0 1 0 4 0 6 0 3 0 5 0 3 0 5 0 6 0 5 0 6 0 5 0 6 0 5 0 6 0 6 1 0 1 0 0 7 0 3 1 0 0 6 0 6 0 6 0 5 0 0 0 2 0 1 0 6 0 4 0 1 0 4 0 0 0 5 0 4 0 6 0 4 0 4 0 1 0 0 0 2 0 0 0 6 0 3 0 5 0 5 0 5 0 5 0 5 0 2 0 4 0 3 0 3 0 2 0 3 0 0 0 2 0 6 0 1 0 3 0 3 0 2 0 1 1 0 0 2 0 4 0 4 0 6 0 2 0 5 1 0 0 2 0 0 0 4 0 6 0 7 0 7 0 5 0 6 0 5 1 0 1 0 0 6 1 0 0 0 0 5 0 7 0 0 0 4 0 0 0 4 1 0 0 0 0 4 0 0 0 4 0 2 0 5 0 0 0 0 0 2 0 7 0 0 1 0 0 5 0 5 0 2 0 5 1 0 0 2 0 2 0 4 0 6 0 1 0 0 0 7 0 3 0 2 0 3 0 1 0 5 0 6 0 2 0 7 0 6 0 7 0 7 0 4 0 5 0 1 1 0 1 0 0 7 0 3 0 1 0 7 0 3 0 7 0 0 0 1 0 0 0 7 0 0 0 2 0 5 0 4 0 7 0 5 0 1 0 2 0 2 0 4 0 4 0 3 0 6 0 5 1 0 0 7 0 7 0 6 0 3 0 1 0 6 0 6 0 5 0 3 0 4 1 0 0 4 0 0 0 6 0 3
1 531 3 0 7 0 2 0 4 0 7 0 4 0 6 0 1 0 2 1 0 0 4 1 0 0 5 0 3 0 5 0 4 0 6 0 6 0 4 0 0 0 2 0 4 0 0 0 7 0 7 0 0 0 4 0 4 0 3 0 6 0 1 0 2 0 0 0 0 0 7 0 0 0 1 0 5 0 0 0 2 0 4 0 1 0 2 0 4 0 7 0 3 0 2 0 3 0 6 0 0 0 1 0 0 0 7 0 7 0 1 0 0 1 0 0 0 0 2 0 4 0 4 0 5 0 5 0 3 0 3 0 5 0 7 0 6 0 2 1 0 0 7 0 3 0 7 0 1 0 2 0 0 0 2 0 2 0 2 1 0 1 0 0 2 0 0 0 5 0 7 0 0 0 4 0 4 0 5 0 1 0 7 0 0 0 3 0 7 0 1 0 3 0 0 0 4 1 0 0 2 1 0 0 3 0 5 0 3 0 5 0 3 0 5 0 3 0 5 0 6 0 0 1 0 0 6 0 0 0 0 0 4 0 5 0 5 0 2 0 1 0 4 0 3 0 4 0 0 0 3 1 0 0 2 0 2 0 1 0 5 0 1 0 0 0 3 0 0 0 4 0 1 0 3 1 0 0 3 0 3 0 3 0 3 0 2 0 5 1 0 0 7 0 6 0 4 0 6 0 0 0 5 0 3 0 3 0 6 0 6 0 4 0 3 0 7 0 4 0 0 0 1 0 4 0 6 0 2 1 0 0 4 0 1 0 0 0 5 0 7 0 7 0 3 0 5 0 4 0 0 1 0 0 4 1 0 0 1 0 2 0 6 0 1 1 0 0 2 0 0 1 0 0 0 1 0 0 1 1 0 0 6 0 1 0 1 0 0 0 5 0 5 0 2 1 0 0 2 0 2 0 6 0 2 1 0 0 4 0 5 0 0 0 4 0 3 0 1 0 5 0 7 0 4 0 6 0 3 0 2 0 4 0 6 0 6 0 5 0 7 0 7 0 1 0 2 0 4 1 0 1 0 0 5 0 7 0 3 0 5 1 0 0 6 0 1 0 2 0 1 0 5 0 1 0 5 0 2 0 1 0 7 0 2 0 3 0 4 0 5 0 0 0 0 1 0 0 5 0 4 0 0 0 6 0 7 0 4 0 7 0 3 0 4 0 5 0 2 1 0 0 1 1 0 1 0 0 2 0 3 1 0
1 531 7 0 5 0 6 0 0 0 7 0 1 0 4 0 3 0 5 1 0 0 1 0 0 0 1 1 0 0 3 0 1 0 5 0 5 0 0 0 1 0 4 1 0 0 2 0 6 0 6 0 2 0 0 0 0 1 0 0 4 0 3 0 4 0 0 0 1 0 5 0 1 0 3 0 1 0 1 0 4 1 0 0 3 0 5 0 0 0 6 0 7 0 4 0 7 0 3 0 1 0 2 0 1 0 6 0 6 0 3 0 1 0 6 1 0 0 5 0 0 0 1 0 3 0 2 0 7 0 7 0 2 0 7 0 4 0 6 1 0 0 5 1 0 0 6 0 3 0 4 0 0 0 4 0 4 0 5 1 0 0 7 0 3 0 1 0 2 0 6 0 2 0 0 0 1 0 2 0 4 0 5 0 1 0 7 0 5 0 3 0 6 0 1 0 0 1 0 0 5 0 7 0 6 0 1 1 0 0 2 1 0 0 2 1 0 0 3 0 4 0 2 1 0 0 3 0 1 0 1 0 0 0 3 0 2 0 5 0 2 1 0 1 0 0 0 0 1 0 7 0 7 0 3 0 4 0 3 0 1 0 3 0 0 0 6 0 0 1 0 0 3 0 7 0 7 0 5 0 6 0 6 0 6 0 5 0 3 0 0 0 6 0 5 0 1 0 4 0 2 0 1 0 7 0 7 0 4 0 5 0 0 1 0 0 7 0 0 0 1 0 3 0 0 0 4 0 6 0 7 0 7 0 2 0 1 0 2 0 7 0 6 1 0 0 3 0 0 0 2 1 0 0 0 1 0 0 2 0 5 0 3 0 4 0 7 0 3 0 1 0 7 0 0 0 7 0 2 1 0 0 3 0 3 0 2 0 1 0 2 0 2 0 6 0 7 0 3 0 5 0 3 0 6 1 0 0 0 0 2 0 1 1 0 0 7 0 3 0 2 0 7 0 1 0 4 0 7 0 5 0 0 0 5 0 5 0 3 0 7 0 6 0 3 0 5 0 1 0 0 1 0 0 2 0 6 1 0 0 4 0 0 0 3 0 3 0 4 0 3 0 1 0 4 0 1 0 5 0 3 0 5 0 5 0 7 0 0 0 2 0 1 0 1 1 0 0 2 0 0 0 2 0 4 0 7 0 1 0 6 1 0 0 1 0 2 0 6 0 7 0 2 1 0 0 7 0 3 0 7 0 6
1 533 1 0 6 0 3 0 4 0 2 0 5 0 3 1 0 1 0 0 3 1 0 0 2 0 0 0 3 0 7 0 5 0 3 0 2 0 2 0 1 0 3 0 0 1 0 0 5 0 4 0 4 0 5 0 0 0 1 0 7 0 7 0 6 1 0 0 1 0 3 0 1 0 3 0 6 0 2 0 3 0 0 1 0 0 7 0 1 0 2 0 4 0 7 0 1 0 6 0 7 0 2 0 4 0 3 0 4 0 4 0 7 0 3 0 5 0 0 0 1 0 1 0 2 0 6 0 5 0 6 0 6 0 6 0 6 0 1 0 6 0 0 0 3 0 0 0 3 1 0 0 0 0 2 0 0 0 1 0 4 0 0 0 5 0 7 0 2 0 5 0 3 0 5 0 0 0 2 0 5 0 0 0 2 0 4 0 6 0 2 1 0 0 4 0 3 0 1 1 0 0 2 0 7 0 4 0 4 0 7 0 4 0 7 0 4 0 7 0 5 1 0 0 6 0 7 0 5 0 2 0 2 0 0 0 6 0 5 0 1 0 6 1 0 0 6 1 0 0 3 0 6 0 6 1 0 0 0 0 7 0 2 0 6 0 1 0 3 0 2 0 7 0 6 0 6 0 7 0 3 0 5 0 5 0 5 0 2 0 7 0 1 0 4 0 2 0 3 1 0 0 5 0 3 0 6 0 7 0 1 0 2 0 2 1 0 0 5 0 1 0 2 0 6 0 1 0 0 0 5 0 7 0 6 0 5 0 2 0 5 0 6 0 5 1 0 0 6 0 0 0 5 0 7 0 0 0 7 0 4 0 1 1 0 0 1 0 6 0 7 0 3 0 5 0 2 0 5 0 6 0 7 0 5 0 6 0 4 0 2 0 4 0 5 0 4 0 6 1 0 0 2 1 0 0 5 1 0 0 0 0 4 0 3 1 0 0 5 0 7 0 5 0 5 0 4 0 0 0 7 0 2 0 2 0 2 0 2 1 0 0 7 0 4 1 0 0 2 0 3 0 1 0 7 0 4 0 4 1 0 1 0 0 1 0 6 0 6 1 0 0 7 0 2 1 0 0 4 0 1 1 0 0 3 0 3 0 6 0 1 0 4 0 2 0 3 0 7 0 3 0 0 0 5 0 0 0 6 0 4 0 4 1 0 0 2 0 5 0 4 0 6 0 6 1 0 0 5 1 0 0 7 0 5
0 533 3 0 3 1 0 0 0 0 6 0 2 0 0 0 0 0 7 0 6 0 7 0 3 0 0 0 7 0 6 0 2 0 7 0 4 0 4 0 2 0 6 0 1 1 0 0 2 0 1 0 1 0 2 0 1 0 3 0 6 0 7 0 5 1 0 0 2 0 6 0 2 0 7 0 3 0 5 0 6 0 1 1 0 0 5 0 3 0 5 0 0 0 6 0 4 0 4 0 6 0 5 1 0 1 0 0 1 0 1 0 6 1 0 0 2 0 1 0 2 0 2 0 5 0 4 0 3 0 5 0 5 0 5 0 4 0 4 0 3 0 1 0 6 0 0 0 7 0 6 1 0 0 4 0 0 0 2 1 0 0 2 0 2 0 6 0 6 0 1 1 0 0 2 0 1 0 5 0 1 0 1 0 5 0 0 0 4 0 6 0 7 0 7 0 6 0 3 0 7 0 4 0 6 0 1 0 1 0 7 0 1 0 7 0 1 0 7 0 4 0 0 0 4 0 7 0 2 0 5 0 4 0 1 0 4 0 2 0 4 0 5 0 0 0 4 1 0 0 7 0 4 0 5 1 0 0 1 0 5 0 6 0 3 0 3 0 6 0 5 0 6 0 5 0 5 0 6 1 0 0 3 0 3 0 2 0 6 0 5 0 3 1 0 0 5 1 0 0 0 0 1 1 0 0 5 0 6 0 3 0 4 0 5 1 0 0 1 0 3 0 5 0 3 0 3 0 1 0 2 0 7 0 5 0 2 0 6 0 2 0 5 0 4 0 0 0 3 0 2 0 2 0 6 0 2 0 6 0 0 0 4 0 7 0 2 0 4 0 6 1 0 0 2 0 6 0 2 0 5 0 7 0 3 0 5 0 0 0 6 0 0 0 3 0 1 0 5 1 0 0 5 1 0 0 2 1 0 0 1 0 0 0 0 0 0 0 2 0 7 0 3 0 3 0 0 0 2 0 5 0 5 0 4 0 4 0 5 1 0 0 6 0 1 1 0 0 4 0 6 0 3 0 6 0 1 0 2 0 0 0 7 0 2 0 4 0 6 0 0 0 5 0 6 0 7 0 7 0 3 0 7 0 5 0 7 0 3 0 3 1 0 0 5 0 7 0 5 0 7 0 1 0 1 0 2 0 4 0 1 0 1 1 0 0 5 0 2 0 1 0 5 0 6 0 0 0 3 0 0 0 6 0 3
1 533 6 0 7 0 7 0 0 0 3 0 5 0 0 0 1 0 6 0 5 0 6 0 7 0 1 0 6 0 4 0 6 0 6 0 1 0 0 0 6 0 3 0 4 0 7 0 3 0 2 0 2 0 4 0 2 0 7 0 4 0 7 0 3 1 0 0 5 0 3 0 6 0 5 1 0 0 3 0 4 0 4 1 0 0 1 1 0 0 2 0 2 0 4 0 1 0 1 0 5 0 4 0 0 0 7 0 1 0 3 0 4 1 0 0 4 0 2 0 4 0 5 0 2 0 0 1 0 0 3 0 3 0 3 0 1 0 0 0 7 0 3 0 3 0 2 0 6 0 5 1 0 1 0 0 1 0 5 0 7 0 3 0 5 0 4 0 4 0 4 0 7 0 3 0 3 0 1 0 3 0 3 0 1 0 2 0 0 0 5 0 7 0 7 0 4 1 0 0 7 0 1 0 4 0 3 0 3 0 5 0 4 0 5 0 4 0 6 0 0 0 2 0 0 0 6 0 6 0 2 0 0 0 3 1 0 0 6 0 0 0 2 0 2 0 1 0 0 0 6 0 1 0 3 1 0 0 3 0 2 0 4 0 7 0 7 0 4 0 3 0 5 0 3 0 3 0 5 1 0 0 6 0 6 0 5 0 4 0 3 0 0 0 0 0 2 1 0 0 0 0 3 1 0 0 2 0 4 1 0 0 1 0 3 1 0 0 2 0 7 0 1 0 7 0 6 0 2 0 5 0 6 0 2 0 6 0 3 0 6 0 2 0 0 0 1 0 6 0 4 0 5 0 3 0 6 0 3 0 2 0 0 0 6 0 6 0 0 0 5 1 0 0 5 0 3 0 6 0 2 0 6 1 0 0 2 0 2 0 3 0 1 0 6 0 3 0 3 0 0 0 2 1 0 0 5 0 7 0 1 0 0 0 0 0 0 0 5 0 5 0 7 0 6 0 0 0 5 0 2 0 3 0 1 0 1 0 4 0 0 0 3 0 4 1 0 0 0 0 4 1 0 0 4 0 3 0 4 0 1 0 5 0 6 0 0 0 4 0 2 0 2 0 5 0 7 0 6 1 0 0 7 0 3 0 6 1 0 0 0 0 0 0 2 0 7 0 3 0 6 0 3 0 2 0 4 1 0 0 3 0 3 1 0 0 1 0 5 0 3 0 2 0 4 0 1 0 6 0 1 0 3 1 0
1 535 1 0 4 0 7 0 6 0 1 0 7 0 1 0 1 0 3 0 4 0 3 0 5 0 6 0 4 0 4 0 1 0 5 0 4 0 3 0 1 0 3 1 0 0 1 0 6 0 7 0 4 0 4 1 0 0 6 0 6 0 1 0 7 0 0 0 0 0 1 1 0 0 5 0 3 1 0 0 7 0 0 0 1 1 0 0 3 0 7 0 3 0 4 1 0 0 3 0 3 0 2 0 0 0 2 0 5 0 3 0 7 0 0 1 0 1 0 0 6 0 0 0 2 0 5 0 1 0 7 0 5 0 6 0 6 0 2 0 1 0 5 0 7 0 6 0 5 0 4 0 4 0 0 0 7 0 2 0 2 0 6 1 0 0 3 0 1 0 1 0 1 0 6 0 7 0 6 0 2 0 6 0 6 0 2 0 4 0 1 0 2 0 7 0 7 0 2 0 0 0 5 0 3 1 0 0 7 0 7 0 2 0 1 0 3 0 1 0 4 0 1 0 4 0 1 0 4 0 4 0 5 0 0 1 0 0 0 0 3 0 1 0 4 0 4 0 2 0 1 0 3 0 3 0 7 0 7 0 5 0 5 0 0 0 7 0 7 0 0 1 0 0 2 0 7 0 7 0 3 0 0 0 4 0 5 0 3 0 0 0 7 0 0 0 0 0 5 0 6 1 0 0 7 0 7 0 4 0 0 1 0 0 2 0 7 0 7 0 4 0 5 0 4 0 6 0 4 0 6 0 2 0 4 0 6 0 3 1 0 0 4 0 5 0 0 0 3 0 4 0 1 0 2 1 0 0 4 0 7 0 4 0 1 0 4 0 4 0 2 0 3 0 0 0 1 1 0 0 4 0 6 0 4 1 0 0 4 0 4 0 6 0 3 0 3 0 7 0 6 0 0 0 5 1 0 0 2 0 6 0 3 0 0 0 0 0 1 0 2 0 3 0 7 0 4 0 2 0 1 0 5 0 6 0 2 0 2 1 0 0 1 0 7 0 0 1 0 0 1 0 0 1 0 1 0 1 0 0 0 0 4 0 2 0 4 0 1 1 0 0 5 0 5 0 2 0 7 0 6 0 0 0 5 1 0 0 5 1 0 0 0 0 0 0 5 0 5 1 0 0 4 0 7 0 5 0 0 1 0 0 6 0 7 0 7 0 2 0 1 0 7 0 4 1 0 0 4 0 3 0 3 0 7 0 6
1 535 3 0 0 0 7 0 4 0 4 0 5 0 3 0 2 0 6 1 0 1 0 0 3 0 5 0 1 0 0 0 4 0 2 0 0 0 7 0 2 0 7 0 7 0 2 0 4 0 7 0 1 0 2 0 0 0 4 0 4 0 4 0 5 0 1 0 0 0 3 1 0 0 2 0 0 0 0 0 5 0 1 0 3 0 7 0 6 0 5 1 0 0 1 1 0 0 6 0 6 0 4 0 0 0 5 0 1 1 0 0 6 0 2 1 0 1 0 0 3 0 1 0 5 0 1 0 4 0 6 0 3 0 5 0 4 0 5 0 3 0 2 0 7 0 5 0 3 0 1 0 0 0 2 0 5 0 5 0 5 0 4 1 0 0 6 0 2 0 2 0 3 0 4 0 7 0 4 0 6 0 4 0 4 0 5 1 0 0 3 0 5 0 6 0 6 0 5 0 1 0 2 0 0 0 0 0 6 0 6 0 5 0 2 0 6 0 2 1 0 0 3 1 0 0 4 0 0 0 1 0 2 0 2 0 6 1 0 0 6 0 3 0 0 0 0 0 5 0 2 0 6 0 7 0 6 0 7 0 3 0 2 0 2 0 6 0 6 0 2 0 7 0 4 0 6 0 6 0 7 0 1 0 0 0 2 0 7 0 1 0 5 0 1 0 1 0 2 0 6 0 0 0 6 0 7 0 0 0 2 0 7 0 4 0 6 0 7 0 1 0 3 0 1 0 5 0 1 0 4 0 6 0 0 0 5 0 0 0 0 0 0 0 2 0 1 0 6 1 0 0 3 0 5 1 0 0 0 0 7 0 0 0 4 0 0 0 0 0 5 0 6 0 0 0 3 1 0 0 0 0 5 0 2 0 0 0 0 0 1 0 4 0 7 0 7 0 6 0 4 0 2 0 2 1 0 0 5 0 3 0 7 0 0 0 0 0 2 0 4 0 7 0 6 0 0 0 5 0 3 0 2 0 4 0 5 0 5 0 7 0 2 0 5 0 2 0 7 0 1 0 1 1 0 1 0 0 6 1 0 1 0 0 5 1 0 0 4 1 0 0 2 0 2 0 6 0 6 0 4 0 2 0 3 0 0 0 2 1 0 0 0 0 1 0 2 0 4 0 0 0 0 0 7 0 2 0 2 1 0 0 4 0 7 0 6 0 5 0 3 0 6 0 1 1 0 1 0 0 7 0 7 0 6 0 5
0 535 6 0 1 0 6 0 1 0 1 0 2 0 7 0 5 0 5 0 0 0 7 0 6 0 1 0 3 0 0 1 0 0 5 0 1 0 5 0 6 0 6 0 6 0 6 0 0 0 6 0 3 0 4 0 1 0 0 0 1 0 1 0 2 0 3 0 0 0 7 0 7 0 3 0 0 0 1 0 1 0 3 0 7 0 6 0 5 0 3 1 0 0 3 1 0 0 4 0 5 0 0 0 2 0 1 0 4 1 0 0 3 0 6 1 0 0 7 0 5 0 3 0 1 0 4 0 0 0 4 1 0 0 3 0 1 0 2 0 7 0 5 0 6 0 2 0 7 0 2 0 0 0 5 0 2 0 3 0 3 0 2 0 0 0 3 0 5 0 4 0 7 0 0 0 7 0 1 0 5 0 1 0 1 0 3 1 0 0 7 0 2 0 5 0 5 0 2 0 3 0 4 0 0 0 1 0 4 0 5 0 2 0 6 0 3 0 6 0 7 0 6 0 7 0 7 0 0 0 2 0 4 0 5 0 5 0 0 0 3 0 7 0 0 0 1 0 1 0 6 0 4 0 7 0 5 0 6 0 7 0 4 0 5 0 4 0 4 0 6 0 6 0 1 0 5 0 5 0 6 0 3 0 0 0 5 0 5 0 4 0 1 0 3 0 2 0 5 0 3 0 2 0 4 0 6 0 1 0 5 0 6 0 1 0 5 0 6 0 3 0 6 0 3 0 1 0 4 0 0 0 4 0 2 0 1 0 1 0 0 0 0 0 4 0 3 0 4 1 0 0 7 0 2 1 0 0 1 0 5 0 1 1 0 0 1 0 1 0 2 0 4 0 1 0 7 0 7 0 0 0 1 0 5 0 0 0 0 0 3 0 0 0 7 0 7 0 5 0 0 0 5 0 5 1 0 0 1 1 0 0 6 0 1 0 0 0 5 0 0 0 7 0 4 0 2 0 1 0 7 0 5 0 0 0 3 0 3 0 6 0 6 0 1 0 6 0 5 0 3 0 3 1 0 1 0 0 5 0 0 1 0 0 3 0 0 0 0 1 0 0 4 0 5 0 4 0 5 0 0 0 5 0 6 0 0 0 5 0 6 1 0 0 2 0 4 1 0 0 1 0 1 0 5 0 5 0 5 1 0 0 0 0 7 0 5 0 2 1 0 0 4 0 4 1 0 1 0 0 6 0 7 0 5 0 3
1 537 1 0 3 0 4 0 3 0 3 0 2 0 5 0 6 0 3 0 2 0 2 0 6 0 4 0 3 0 6 0 1 1 0 0 1 0 4 0 2 0 5 0 5 0 5 0 4 0 2 0 3 1 0 0 0 0 3 0 0 0 2 0 2 0 4 0 6 0 1 0 6 0 6 0 7 0 0 0 2 0 2 0 7 0 6 0 5 0 2 1 0 1 0 1 0 0 0 0 0 0 2 0 1 0 4 0 3 0 0 1 0 0 7 0 5 0 0 0 6 0 2 0 7 0 2 1 0 0 2 0 0 1 0 0 6 0 2 0 5 0 6 0 3 0 4 0 6 0 5 0 5 0 1 0 1 0 5 0 6 0 6 0 4 0 0 0 7 0 2 0 1 0 6 0 2 0 5 0 4 0 1 0 3 0 2 1 0 0 0 0 5 0 6 0 2 0 2 0 5 0 6 1 0 0 1 0 3 0 0 0 2 0 6 0 3 1 0 0 5 0 7 0 5 0 7 0 6 0 1 0 5 0 0 0 3 0 2 0 1 0 7 0 5 0 1 0 2 0 3 0 4 0 1 0 7 0 3 0 5 0 7 0 1 0 3 0 1 0 1 0 5 0 4 0 4 0 2 0 3 0 4 0 7 0 1 0 2 0 3 0 0 0 3 0 6 0 5 0 1 0 7 0 5 0 0 0 4 0 4 0 2 0 4 0 4 0 2 0 4 1 0 0 4 0 7 0 2 1 0 0 1 1 0 0 5 0 2 0 2 0 0 0 0 1 0 1 0 0 2 0 0 0 5 0 6 0 7 0 2 0 1 0 4 0 7 0 1 0 2 0 4 1 0 0 4 0 6 0 6 0 1 0 3 0 1 0 1 0 0 0 6 0 1 0 6 0 7 0 2 0 2 0 2 0 3 1 0 0 3 1 0 0 3 0 3 0 1 0 1 0 2 0 6 0 0 0 5 0 3 0 6 0 2 0 1 0 6 0 7 0 4 0 4 0 4 0 4 0 2 1 0 0 0 0 0 1 0 0 1 0 2 0 7 0 5 0 0 0 1 1 0 0 0 0 3 0 1 0 2 0 2 0 2 0 4 0 2 0 2 0 5 1 0 0 5 0 0 1 0 0 2 0 3 0 2 0 3 0 3 1 0 0 1 0 6 0 2 0 6 1 0 0 0 0 2 0 0 1 0 0 4 0 7 0 2 1 0
1 537 2 0 6 1 0 0 7 0 6 0 5 0 2 0 4 0 7 0 4 0 5 0 4 0 0 1 0 0 4 0 4 0 7 0 1 1 0 0 6 0 2 0 3 0 3 0 0 0 5 0 7 0 6 1 0 0 6 0 0 0 4 0 5 0 0 0 4 0 4 0 4 0 5 0 6 0 1 0 4 0 5 0 6 0 5 0 2 0 6 1 0 1 0 0 6 1 0 0 0 0 4 0 2 1 0 0 7 0 1 1 0 0 6 0 2 0 2 0 3 0 6 0 5 0 6 0 7 0 3 0 1 1 0 0 3 0 6 0 2 0 4 1 0 0 1 0 5 0 3 0 2 0 3 0 3 0 2 0 5 0 5 0 0 0 2 0 5 0 5 0 3 0 3 0 6 0 2 0 0 0 3 0 6 0 5 0 7 0 0 0 2 0 4 0 5 0 5 0 2 0 5 1 0 0 2 0 6 0 0 0 5 0 4 0 0 0 0 0 2 0 7 0 3 0 7 0 4 0 4 0 1 0 1 0 6 0 4 0 3 0 6 0 2 0 3 0 4 0 6 1 0 0 4 0 5 1 0 0 3 0 6 0 3 0 6 0 2 0 3 0 2 0 1 0 0 0 5 0 7 0 0 0 6 0 3 0 4 0 6 0 0 0 7 0 4 0 2 0 4 0 6 0 2 0 2 0 0 0 0 0 6 0 0 0 0 0 6 0 1 0 0 0 0 0 6 0 6 0 7 0 2 1 0 0 1 0 5 0 4 0 0 0 1 1 0 0 7 0 3 0 1 0 2 0 5 0 6 0 5 0 3 0 0 0 6 0 3 0 5 0 1 0 0 0 0 0 5 0 4 0 3 0 6 0 2 0 2 0 1 0 3 0 4 0 4 0 6 0 5 0 4 0 4 0 7 0 7 0 6 0 7 0 5 0 6 0 2 0 2 0 5 0 3 0 2 0 1 1 0 0 4 0 5 0 3 0 4 0 7 0 1 0 1 0 1 0 0 0 6 0 6 1 0 0 1 0 7 0 1 0 5 0 6 0 2 0 1 0 3 0 6 1 0 0 6 0 2 0 4 0 4 0 4 1 0 0 5 0 5 0 3 0 0 0 1 0 2 0 7 0 3 0 6 0 4 0 6 0 7 0 7 0 2 0 3 0 6 0 4 1 0 0 0 0 4 0 1 1 0 0 0 0 6 0 6 0 6
1 537 5 0 5 0 0 0 6 0 5 0 2 0 6 0 0 0 7 0 1 0 3 0 0 0 2 1 0 0 0 0 1 0 6 0 4 1 0 0 3 0 5 0 6 0 6 0 1 0 2 0 7 0 6 0 0 0 3 0 2 0 0 0 2 0 2 0 0 0 1 0 1 0 3 0 4 0 4 0 0 0 3 0 5 0 2 0 6 0 5 0 0 1 0 0 4 1 0 0 0 1 0 0 6 1 0 0 5 0 4 1 0 0 3 0 5 0 4 0 7 0 4 0 3 0 5 0 6 0 7 0 3 0 7 0 6 0 3 0 6 0 0 1 0 0 3 0 1 0 7 0 4 0 6 0 6 0 5 0 2 0 2 0 1 0 5 0 2 0 2 0 7 0 7 0 3 0 5 0 0 0 7 0 4 0 3 0 6 0 1 0 5 0 0 0 3 0 2 0 6 0 2 1 0 0 5 0 3 0 2 0 2 0 0 0 1 0 0 0 5 0 5 1 0 0 7 0 1 0 0 0 3 0 3 0 4 0 0 1 0 0 4 0 5 0 7 0 0 0 6 0 0 0 0 0 3 1 0 0 7 0 3 1 0 0 4 0 5 0 6 0 4 0 2 0 1 0 2 0 6 0 2 0 3 1 0 0 1 0 4 0 2 0 6 0 0 0 6 0 0 0 4 0 5 0 4 0 0 0 1 0 3 0 1 0 1 0 3 0 3 0 0 0 1 0 4 0 5 0 6 0 6 0 7 0 2 0 2 0 0 0 1 0 3 1 0 0 5 0 7 0 2 0 5 0 2 0 5 0 2 0 7 0 1 0 3 1 0 0 2 0 3 0 0 0 1 0 2 0 0 1 0 0 4 0 5 0 4 0 2 0 7 0 0 0 1 0 5 0 3 0 1 0 1 0 7 0 7 0 5 0 7 0 3 0 4 0 5 0 5 0 1 0 7 0 4 0 3 1 0 0 0 0 2 1 0 0 1 0 6 0 3 0 2 0 2 0 1 0 4 0 5 1 0 0 3 0 5 0 4 0 2 0 4 0 5 0 2 0 7 0 5 0 0 0 3 0 6 0 0 0 1 0 2 0 0 0 2 0 2 0 7 0 0 0 2 0 5 0 5 1 0 0 5 0 1 0 5 0 7 0 6 0 5 0 7 0 4 0 1 1 0 0 0 1 0 0 4 0 7 0 0 0 4 0 5 0 5
0 539 1 0 2 0 2 0 2 0 4 0 2 0 6 0 3 0 2 0 5 0 3 0 6 0 0 0 5 0 6 1 0 0 3 0 4 0 1 1 0 0 7 0 2 0 5 0 4 0 3 0 5 0 6 0 4 0 1 0 6 0 4 0 0 0 4 0 4 0 0 0 2 0 2 0 7 0 0 0 0 0 1 0 7 0 1 0 6 0 4 0 2 0 2 1 0 0 0 1 0 0 1 1 0 0 5 0 0 0 2 0 1 1 0 0 7 0 2 0 1 0 7 0 0 1 0 0 3 0 5 0 6 1 0 0 7 0 4 1 0 0 4 0 2 0 7 0 5 0 3 0 6 0 1 0 5 0 5 0 2 0 5 0 4 0 3 0 1 0 5 0 5 0 6 0 6 1 0 0 2 0 2 0 6 0 0 1 0 0 4 0 4 0 1 0 1 0 6 0 5 0 3 0 6 1 0 0 1 0 7 0 4 0 4 0 0 0 2 0 1 0 2 0 4 0 0 0 5 0 3 0 0 0 6 0 6 1 0 0 2 1 0 0 0 0 3 0 6 0 2 0 3 0 1 0 0 1 0 0 0 0 6 0 0 0 0 0 0 0 3 0 5 0 0 0 5 0 2 0 5 0 3 0 5 0 7 0 7 0 1 1 0 0 6 0 3 0 2 0 3 0 2 0 0 0 3 0 0 0 1 0 2 0 6 0 2 0 2 0 6 0 6 0 0 0 3 0 0 0 3 0 5 0 5 0 6 0 5 0 4 0 0 0 2 1 0 0 0 0 2 0 6 0 6 0 1 0 6 0 1 0 6 0 5 0 3 0 7 0 7 0 3 0 6 0 0 0 2 0 4 0 1 1 0 0 0 0 3 0 0 0 6 0 5 0 1 0 3 0 1 0 7 0 2 0 3 0 6 0 7 0 3 0 6 1 0 0 1 0 3 0 2 0 4 0 6 0 0 1 0 1 0 0 0 0 5 0 7 0 2 0 3 0 7 0 4 0 4 0 3 0 0 0 3 1 0 0 7 0 2 0 0 0 6 0 0 0 2 0 6 0 6 0 2 0 1 0 7 0 3 0 1 0 2 0 4 0 0 0 4 0 5 0 5 0 1 0 5 0 2 0 4 0 0 0 1 0 4 0 2 0 7 0 5 0 3 0 7 0 0 0 4 0 7 0 0 1 0 0 0 0 6 0 2 0 0 0 3 0 3
1 539 2 0 4 0 4 0 4 1 0 0 6 0 3 0 7 0 5 0 1 1 0 0 4 0 2 0 2 0 5 1 0 0 6 1 0 0 4 1 0 0 5 0 6 0 2 0 0 1 0 0 3 0 5 0 0 0 4 0 4 0 0 0 2 0 0 0 0 0 1 0 4 0 5 0 5 0 1 0 0 0 3 0 5 0 4 0 4 0 0 0 5 0 5 0 7 0 0 0 7 0 2 1 0 0 1 0 1 0 4 0 3 1 0 0 5 0 5 0 3 0 5 0 2 0 7 0 6 0 2 0 6 0 0 0 6 0 1 1 0 1 0 0 6 0 6 0 2 1 0 0 4 0 4 0 2 0 2 0 6 0 2 0 0 0 7 0 3 0 2 0 3 0 5 0 5 1 0 0 4 0 5 0 3 0 2 1 0 0 0 0 0 0 3 0 3 0 4 0 2 1 0 0 5 1 0 0 3 0 6 0 1 0 0 0 1 0 4 0 2 0 4 1 0 0 2 0 1 0 7 0 1 0 4 0 5 1 0 0 5 0 6 1 0 0 7 0 3 0 5 0 6 0 2 0 1 0 7 0 0 0 3 0 1 0 0 0 0 0 7 0 1 0 2 0 1 0 6 0 1 1 0 0 3 0 7 0 6 0 4 1 0 0 3 0 7 0 4 0 6 0 4 0 0 0 6 0 0 0 2 0 5 0 3 0 5 0 5 0 4 0 4 0 1 0 6 0 0 0 7 0 2 0 3 0 5 0 3 0 0 0 1 0 5 0 6 1 0 0 5 0 4 0 4 0 4 0 3 0 4 0 4 0 2 1 0 0 7 0 6 1 0 0 4 0 1 0 4 1 0 0 4 0 6 1 0 0 6 0 1 0 4 0 2 0 3 0 6 0 3 0 5 0 5 0 7 0 4 0 6 1 0 0 5 1 0 0 2 0 6 0 5 0 0 0 4 0 2 1 0 0 7 0 0 0 2 0 6 0 5 0 7 0 6 0 1 0 0 0 7 0 0 1 0 0 0 0 5 0 5 0 1 0 3 0 1 0 5 0 4 0 4 0 5 0 3 0 5 0 7 0 2 0 4 1 0 0 2 0 0 0 3 0 2 0 4 0 1 0 5 1 0 0 1 0 2 1 0 0 6 0 6 0 2 1 0 0 6 0 2 0 0 0 6 0 2 0 7 0 0 0 3 0 5 0 0 0 6 0 6
1 539 5 0 0 0 1 0 2 0 0 0 3 1 0 0 7 0 2 0 4 0 7 0 7 0 4 0 5 0 3 0 0 0 5 0 0 0 1 0 0 0 2 0 4 0 5 0 1 0 7 0 6 0 1 0 2 0 0 0 0 0 1 0 4 0 0 0 0 0 3 0 0 0 3 0 2 0 3 0 0 0 7 0 2 0 1 0 0 0 2 0 2 0 3 0 6 0 2 0 5 0 6 0 7 0 1 0 3 0 0 0 0 0 0 0 2 0 2 1 0 0 2 0 6 0 6 0 4 0 6 0 3 0 2 0 3 0 4 1 0 1 0 0 4 0 4 0 6 1 0 0 0 0 0 0 5 0 5 0 3 0 5 0 1 0 5 0 7 0 4 0 7 0 2 0 4 0 0 0 0 0 2 0 7 0 5 0 6 1 0 0 0 0 6 0 6 1 0 0 6 1 0 0 2 1 0 0 7 0 3 0 3 0 0 0 2 1 0 0 6 0 0 1 0 0 4 0 3 0 5 0 4 0 0 0 4 0 0 0 2 0 6 0 0 0 5 1 0 0 3 0 4 0 5 0 3 0 5 0 1 0 6 0 2 0 0 0 1 0 5 0 3 0 4 0 3 0 3 0 4 0 7 0 6 0 6 0 5 0 1 1 0 0 7 0 6 0 1 0 5 0 0 0 2 0 3 0 1 0 5 0 1 1 0 0 3 0 3 0 1 0 0 0 4 0 3 0 2 0 5 0 5 0 7 0 1 0 7 0 0 0 3 0 2 0 6 0 0 0 2 0 1 0 1 0 0 1 0 0 1 0 0 0 6 1 0 0 6 0 5 1 0 1 0 0 4 0 1 0 0 0 0 0 6 0 0 0 3 0 3 1 0 0 5 0 7 0 3 1 0 0 3 0 3 0 7 0 1 0 6 0 0 0 2 1 0 0 5 0 4 0 2 0 1 1 0 0 6 1 0 0 5 0 1 0 5 0 4 0 3 0 7 0 4 0 3 0 1 0 5 0 2 0 7 0 0 0 2 0 2 0 3 0 6 0 3 0 2 0 1 0 1 0 2 1 0 0 3 0 6 0 6 0 0 1 0 0 4 0 0 0 6 0 4 1 0 0 4 0 2 1 0 0 2 0 5 1 0 0 4 0 4 0 6 1 0 0 3 0 5 0 1 0 3 0 6 0 5 0 1 0 7 0 1 0 2 0 4 0 5
0 541 1 0 1 0 1 0 2 0 4 0 0 1 0 0 0 0 5 0 6 0 0 0 7 0 7 0 1 0 2 0 7 0 1 0 1 0 1 0 2 0 0 0 5 0 0 0 2 0 4 0 6 0 4 0 3 0 4 0 0 0 0 0 2 1 0 0 1 0 0 0 6 0 0 0 6 0 4 0 6 0 1 0 5 0 5 0 2 0 0 0 4 0 4 0 7 0 3 0 6 0 2 0 5 0 6 0 3 0 6 0 0 0 0 0 0 0 4 0 5 0 7 0 4 0 4 0 5 0 1 0 4 0 7 0 4 0 7 0 1 0 0 1 0 0 0 0 1 0 5 1 0 0 0 0 1 0 2 0 2 1 0 0 2 0 4 0 2 0 7 0 1 0 6 0 5 1 0 0 1 0 0 0 5 0 6 0 3 0 5 1 0 0 1 0 4 0 6 0 0 0 4 1 0 0 5 1 0 0 5 0 7 0 6 0 0 0 5 1 0 0 3 0 2 0 7 0 7 0 7 0 2 0 0 0 1 1 0 0 1 0 5 0 3 0 2 0 2 1 0 0 7 0 0 0 2 1 0 0 2 0 4 0 3 0 5 0 0 0 3 0 1 1 0 0 0 0 7 0 7 0 0 0 7 0 5 0 5 0 2 0 4 1 0 0 6 0 4 0 4 0 1 0 1 0 4 0 6 0 3 0 1 0 4 0 7 0 5 0 6 0 2 0 0 1 0 0 7 0 5 0 2 0 3 0 6 0 4 0 5 0 1 0 6 0 5 0 3 0 1 0 4 0 2 0 2 0 1 0 7 0 1 0 1 0 5 0 0 0 4 0 4 0 0 0 7 0 7 0 2 0 0 0 1 0 3 0 1 0 6 1 0 0 0 0 2 0 6 1 0 1 0 0 6 0 7 0 5 0 4 0 3 0 1 0 5 1 0 0 2 0 0 0 5 0 3 1 0 0 5 0 0 0 1 0 4 0 2 0 0 1 0 0 7 0 0 0 7 0 3 0 1 0 6 0 5 0 1 0 4 0 4 0 7 0 3 0 7 0 4 0 2 0 2 0 5 0 7 0 6 0 4 0 4 0 2 0 7 0 7 0 1 0 4 0 1 1 0 1 0 0 6 0 7 0 4 0 3 0 0 0 0 0 1 0 5 1 0 0 7 0 1 0 3 0 7 0 4 0 2 0 4 0 5 0 3 0 5 0 0 0 3
1 541 2 0 2 0 2 0 4 1 0 0 2 0 7 0 0 0 2 0 4 0 2 0 6 0 6 0 3 0 5 0 5 0 3 0 2 0 2 0 4 0 1 0 1 0 1 0 5 0 0 0 5 0 0 1 0 0 0 0 1 0 0 0 5 0 7 0 1 0 1 0 3 0 2 0 4 0 1 0 4 0 4 0 2 0 2 0 5 0 1 0 0 0 1 0 6 1 0 0 4 0 6 0 2 0 4 1 0 0 4 0 1 0 0 0 1 0 0 0 3 0 7 0 1 0 1 0 2 0 4 0 0 0 7 0 1 0 6 0 3 0 1 0 6 1 0 0 3 0 2 1 0 0 0 0 2 0 4 0 5 0 7 0 3 1 0 0 6 0 5 0 4 0 4 0 3 1 0 0 2 0 1 0 2 0 4 1 0 0 3 1 0 0 3 0 0 0 4 0 2 0 1 0 0 0 3 0 0 0 2 0 7 0 4 0 2 0 2 1 0 0 6 0 5 0 6 0 7 0 6 0 5 0 0 0 3 0 7 0 2 0 1 0 7 0 4 0 5 1 0 0 5 0 1 0 5 0 7 0 3 1 0 1 0 0 2 0 1 0 6 0 3 0 7 0 0 0 6 0 6 0 2 0 6 0 3 0 2 0 6 0 1 0 0 0 4 0 1 0 0 0 3 0 3 0 0 0 4 0 7 0 3 0 0 0 7 0 3 0 4 0 5 0 1 1 0 0 6 0 2 0 5 0 7 0 4 0 1 0 2 0 4 0 4 0 2 0 7 0 2 1 0 0 5 0 4 0 3 0 5 0 3 0 3 0 1 0 2 0 0 0 0 0 2 0 6 0 6 0 5 0 0 0 2 0 6 0 3 0 4 1 0 0 0 0 5 0 5 0 0 1 0 0 4 0 7 0 3 0 0 0 7 0 3 0 2 1 0 0 4 0 1 0 2 0 0 0 0 0 1 0 1 0 2 1 0 0 5 0 1 1 0 0 5 0 2 0 5 0 7 0 3 0 4 0 2 0 4 0 0 0 1 0 6 1 0 0 7 0 0 0 5 0 5 0 2 0 7 0 5 0 1 0 0 0 6 0 6 0 6 0 3 1 0 0 4 1 0 1 0 0 4 0 7 0 0 0 7 0 0 0 0 0 3 0 3 0 0 0 5 0 3 0 7 0 6 0 0 0 6 0 0 0 2 1 0 0 2 0 1 0 6
1 541 4 0 4 0 5 0 0 1 0 0 5 0 5 0 1 0 4 1 0 0 6 0 4 0 4 1 0 0 3 0 2 0 7 0 4 0 4 1 0 0 3 0 2 0 3 0 1 0 2 0 1 0 2 0 6 1 0 0 2 0 1 0 2 0 6 0 3 0 2 0 6 0 4 1 0 0 4 0 0 0 0 0 5 0 5 0 1 0 3 0 0 0 3 0 5 0 0 0 0 0 4 0 6 0 0 1 0 1 0 0 3 0 0 0 2 0 0 0 7 0 5 0 3 0 2 0 4 1 0 0 2 0 5 0 4 0 3 0 7 0 3 0 4 1 0 0 6 0 5 0 6 1 0 0 5 0 0 0 3 0 7 0 0 0 0 0 4 0 3 0 1 0 0 1 0 1 0 0 4 0 2 0 5 0 0 1 0 0 7 0 7 0 5 0 0 1 0 0 5 0 2 0 0 0 6 0 0 0 5 0 6 0 0 0 5 0 5 1 0 0 4 0 3 0 5 0 7 0 5 0 2 0 1 0 7 0 5 0 5 0 3 0 6 0 1 0 4 0 0 0 1 0 4 0 2 0 7 0 0 0 0 0 7 0 3 0 3 0 3 1 0 0 6 0 2 0 4 0 4 0 6 0 3 0 7 0 5 0 3 0 3 0 0 1 0 0 3 0 0 0 6 0 6 0 1 0 0 0 6 0 7 0 1 0 5 1 0 0 1 0 2 0 4 1 0 0 3 0 6 0 2 0 7 0 0 0 3 0 5 0 0 0 0 0 6 0 5 0 6 1 0 0 2 0 0 1 0 0 2 0 7 0 6 0 2 0 4 0 0 0 0 0 5 0 4 0 5 0 2 0 1 0 5 0 3 1 0 0 1 1 0 0 1 0 2 0 2 0 2 1 0 0 0 0 6 0 7 0 1 0 5 0 7 0 5 0 7 0 7 0 2 0 4 0 0 0 0 0 2 0 2 0 5 1 0 0 1 0 4 1 0 0 1 0 6 0 2 0 6 1 0 0 0 0 5 1 0 0 1 0 3 0 5 0 0 0 5 0 2 0 2 0 2 0 6 0 6 0 2 0 3 0 1 0 4 0 5 0 5 0 0 0 0 0 1 0 0 1 0 0 0 0 6 0 2 0 5 0 1 0 0 0 6 0 6 0 1 0 1 1 0 0 7 0 4 0 2 0 3 0 1 0 5 0 7 0 3 0 3 0 4
0 543 1 0 0 0 1 0 2 0 2 1 0 0 2 0 2 0 4 0 1 0 0 0 4 0 1 0 1 1 0 0 6 0 5 0 6 0 1 0 1 1 0 0 6 0 4 0 6 0 2 0 4 0 2 0 5 0 4 1 0 0 4 0 2 0 5 0 3 0 7 0 5 0 4 0 1 1 0 1 0 0 1 0 1 0 2 0 2 0 3 0 6 0 0 0 7 0 1 0 1 0 1 0 0 0 4 0 2 1 0 0 7 0 5 0 0 0 4 0 1 0 6 0 2 0 7 0 5 0 0 1 0 0 5 0 2 0 0 1 0 0 6 1 0 0 2 0 0 0 4 0 3 0 6 0 0 0 1 0 1 0 7 0 5 0 1 0 0 1 0 0 7 0 2 0 1 1 0 0 7 0 7 0 5 0 1 0 2 1 0 0 6 0 7 0 2 0 2 1 0 0 1 0 5 0 1 0 3 0 2 0 2 0 4 0 2 0 2 0 3 1 0 1 0 1 0 0 3 0 7 0 2 0 5 0 3 0 6 0 3 0 2 1 0 0 4 0 3 1 0 0 1 0 2 1 0 0 6 0 5 0 1 0 1 0 5 0 7 0 6 1 0 0 0 0 3 0 6 0 0 0 1 0 4 1 0 0 7 0 2 0 7 0 6 0 1 0 7 0 5 0 1 0 4 0 4 0 3 0 1 0 4 0 6 0 4 0 2 1 0 0 2 0 5 0 0 1 0 0 7 0 3 0 6 0 5 0 1 0 7 0 1 0 1 0 1 0 4 0 3 0 5 1 0 0 4 0 1 0 7 0 4 0 6 0 4 0 5 1 0 0 1 0 1 0 2 0 1 0 2 0 5 0 3 0 1 1 0 1 0 0 3 0 7 0 1 0 4 0 4 0 5 0 7 0 0 0 4 0 6 0 4 0 2 0 7 0 3 0 7 0 6 0 5 1 0 0 1 0 0 0 4 0 5 0 2 1 0 0 3 0 0 1 0 0 3 0 3 0 6 0 4 1 0 0 1 0 2 1 0 0 2 0 7 0 1 0 2 0 1 0 5 0 4 0 5 0 4 0 4 0 5 0 6 0 3 0 0 0 3 0 2 0 1 0 0 0 2 0 1 0 7 0 0 0 3 0 6 0 1 0 3 0 1 0 4 0 4 0 3 0 3 1 0 0 6 0 0 0 5 0 6 0 3 0 2 0 6 0 7 0 7 0 0
0 543 2 0 0 0 2 0 4 0 5 0 7 0 3 0 4 1 0 0 3 0 0 1 0 0 3 0 3 1 0 0 4 0 3 0 4 0 3 0 3 1 0 0 4 0 1 0 4 0 5 1 0 0 6 0 2 0 1 1 0 1 0 0 6 0 1 1 0 0 7 0 3 0 0 0 4 1 0 0 7 0 1 0 2 0 4 0 4 0 7 0 3 0 2 0 5 0 3 0 2 0 2 0 0 1 0 0 6 1 0 0 6 0 2 0 1 1 0 0 4 0 3 0 6 0 6 0 2 0 2 1 0 0 1 0 5 0 1 1 0 0 4 1 0 0 4 0 0 1 0 1 0 0 4 0 1 0 2 0 3 0 6 0 2 0 3 0 1 1 0 0 5 0 5 0 3 1 0 0 6 0 7 0 2 0 3 0 5 1 0 0 4 0 6 0 5 0 5 0 7 0 2 0 1 0 3 0 6 0 4 0 4 1 0 0 5 0 4 1 0 0 0 1 0 0 7 0 6 0 5 0 6 0 1 1 0 0 4 0 7 0 5 0 7 0 7 0 7 0 7 0 1 0 5 1 0 0 4 0 2 0 3 0 3 0 2 0 7 0 5 1 0 0 0 0 7 0 3 0 1 0 3 0 1 0 0 0 5 0 6 0 6 0 4 0 4 0 6 0 2 0 4 0 0 0 0 0 7 0 3 0 0 0 5 0 0 0 6 0 7 0 4 0 1 0 2 1 0 0 5 1 0 0 5 0 2 0 4 0 5 0 3 0 2 0 2 1 0 1 0 0 3 1 0 1 0 0 4 0 6 0 1 0 5 0 1 0 3 1 0 0 2 0 2 0 4 0 2 0 5 0 1 0 7 0 3 1 0 0 7 0 6 0 5 0 4 0 0 0 1 0 3 0 6 0 2 0 0 0 5 0 0 0 6 0 5 1 0 0 7 0 5 0 3 1 0 0 2 0 1 0 0 0 2 0 6 0 7 0 5 0 1 0 7 0 5 0 7 0 4 0 1 1 0 0 2 0 5 0 7 0 4 0 5 0 3 0 4 0 3 0 2 0 1 0 3 0 1 0 1 0 3 0 4 0 7 0 0 0 6 0 4 0 2 0 0 0 4 0 3 0 5 0 1 0 7 0 3 0 3 0 6 0 3 0 0 0 0 1 0 0 0 0 0 0 3 0 2 0 2 0 4 0 7 0 5 0 4 0 7 0 6 0 1
0 543 4 0 0 0 5 0 0 0 3 0 6 1 0 0 1 1 0 0 6 0 1 0 7 0 5 0 7 0 7 0 7 0 6 1 0 0 7 0 7 0 7 0 7 0 3 0 0 0 4 0 0 0 3 0 5 0 3 1 0 1 0 0 3 0 4 1 0 0 5 0 7 0 1 0 1 0 0 0 5 0 3 0 5 0 0 0 1 0 6 0 7 0 5 0 1 0 7 0 4 0 4 0 1 1 0 0 5 0 0 0 3 0 5 0 3 0 7 0 7 0 7 0 4 0 4 0 5 0 5 0 7 0 2 0 1 0 4 1 0 0 0 1 0 1 0 0 2 1 0 0 7 0 7 0 2 0 4 0 7 0 3 0 5 0 6 0 3 1 0 0 2 0 3 0 0 0 0 0 4 0 6 0 5 0 7 0 3 0 0 0 0 0 5 0 3 0 3 0 6 0 5 0 2 0 7 0 4 0 1 0 2 0 0 0 2 0 1 1 0 0 1 1 0 0 6 0 5 0 3 0 4 0 4 1 0 0 0 0 7 0 3 0 7 0 7 0 7 0 6 0 4 0 2 1 0 1 0 0 5 0 6 0 6 0 5 0 6 0 3 1 0 0 1 0 5 0 7 0 2 0 6 0 2 0 1 0 2 0 5 0 5 0 1 0 1 0 4 0 5 1 0 0 1 0 1 0 5 0 7 0 1 0 1 0 2 0 4 0 7 0 0 0 3 0 5 1 0 0 3 0 0 0 1 0 6 0 0 0 2 0 7 0 4 0 5 1 0 0 7 0 6 1 0 1 0 0 0 0 4 0 4 0 1 0 3 0 7 0 7 0 3 0 4 1 0 0 6 0 1 0 4 0 6 0 0 0 0 0 6 0 5 0 3 0 0 0 1 0 2 0 7 0 3 0 5 0 1 0 1 0 2 0 4 0 4 0 0 0 6 0 2 1 0 1 0 0 4 0 2 0 0 0 5 0 4 0 7 0 2 0 4 0 6 0 3 0 7 0 0 0 4 0 7 0 4 0 2 0 7 0 1 0 2 1 0 0 0 0 7 0 4 0 2 0 6 0 2 0 2 0 7 0 0 0 6 0 2 0 4 0 0 0 5 0 0 1 0 1 0 0 2 0 4 0 5 0 7 0 7 0 3 0 7 0 0 0 1 0 6 1 0 0 0 0 6 0 4 0 5 0 0 0 7 0 3 0 1 0 7 0 4 0 3
1 544 1 0 0 2 0 1 0 1 0 7 0 4 1 0 0 3 1 0 0 3 0 4 0 6 0 3 0 7 0 7 0 7 0 6 0 0 0 6 0 7 0 7 0 6 0 7 0 0 1 0 0 1 0 7 0 2 0 0 0 0 0 7 0 6 0 1 0 0 0 2 0 6 0 3 0 2 0 1 0 1 1 0 0 2 0 1 0 3 0 4 0 7 0 2 0 4 0 6 0 1 0 0 0 4 1 0 0 1 0 1 0 7 0 1 1 0 0 7 0 7 0 7 0 1 0 1 0 3 0 3 0 6 0 5 0 3 0 0 1 0 0 1 1 0 0 7 0 4 1 0 0 6 0 6 0 6 0 0 0 6 1 0 0 3 0 4 1 0 1 0 0 4 0 6 0 0 0 1 0 0 0 5 0 3 0 6 0 7 0 0 0 1 0 1 0 7 0 7 0 4 0 2 0 6 0 6 0 0 0 3 0 4 0 0 0 4 0 3 0 7 0 2 1 0 0 4 0 2 1 0 0 1 0 1 1 0 0 1 0 5 1 0 0 7 0 7 0 7 0 5 0 0 0 6 1 0 1 0 0 2 0 5 0 5 0 3 0 4 1 0 1 0 0 3 0 2 0 6 0 6 0 3 0 5 0 2 0 5 0 2 0 2 0 3 0 3 0 0 0 3 1 0 0 2 0 3 0 2 0 6 0 3 0 2 0 5 0 0 0 6 0 1 0 7 0 2 1 0 0 6 0 0 0 3 0 3 0 1 0 5 0 6 0 1 0 4 0 0 0 6 0 6 0 0 0 7 0 0 0 0 0 0 0 3 0 7 0 6 0 6 1 0 0 2 0 0 0 3 0 4 0 0 0 4 0 1 0 1 0 4 0 2 0 7 0 0 0 2 0 5 0 5 1 0 0 2 0 3 0 2 0 5 0 0 0 0 0 2 0 3 0 6 1 0 0 7 0 7 0 4 0 1 0 2 0 1 0 6 0 6 0 0 0 4 1 0 0 6 0 2 0 0 0 7 0 0 0 6 0 5 0 3 0 5 0 7 0 0 0 6 0 0 0 6 0 3 0 5 0 5 0 5 0 2 0 3 0 5 1 0 0 2 0 1 0 2 1 0 0 7 0 4 0 0 0 3 0 7 0 6 1 0 0 6 0 1 0 3 0 4 1 0 0 1 0 4 0 1 0 2 0 2 0 5 0 7 0 3 0 6 0 0 1 0
1 545 1 0 7 0 3 0 2 0 3 0 6 0 1 1 0 0 7 0 7 0 6 0 0 0 4 1 0 0 7 0 7 0 7 0 4 0 2 0 4 0 7 0 7 0 5 0 6 0 2 0 7 0 2 0 5 0 5 0 0 0 1 0 6 0 4 0 3 0 0 0 5 0 3 0 7 0 4 0 2 0 3 0 7 0 3 0 2 0 7 0 0 0 6 0 6 0 0 0 4 0 3 0 1 0 0 1 0 0 2 0 3 0 5 0 4 1 0 0 6 0 7 0 6 0 3 0 2 0 6 0 7 0 4 0 2 0 7 0 1 0 7 0 2 1 0 0 6 0 2 0 0 0 4 0 5 0 4 0 2 0 4 1 0 0 7 0 1 0 0 1 0 0 0 0 4 0 1 0 2 0 1 0 1 1 0 0 5 0 6 0 1 0 2 0 3 0 6 0 7 0 0 0 6 0 4 0 4 0 1 0 6 1 0 0 1 1 0 1 0 0 6 0 6 0 7 0 7 0 5 0 7 0 1 0 3 0 7 0 2 0 3 0 0 0 6 0 7 0 7 0 2 0 2 0 5 0 0 0 7 0 4 0 2 0 2 1 0 0 2 0 0 0 7 0 5 0 5 0 4 0 4 1 0 0 2 0 6 0 1 0 5 0 4 0 6 0 6 0 0 0 7 0 7 0 3 0 6 0 5 0 3 0 7 0 5 0 1 0 2 0 3 0 4 0 5 0 6 1 0 0 3 0 1 0 6 0 6 0 3 0 2 0 4 0 3 1 0 0 2 0 4 0 4 0 2 0 5 0 1 0 0 0 0 0 7 0 6 0 5 0 5 1 0 0 4 0 0 0 6 1 0 0 1 1 0 0 3 0 2 1 0 0 6 0 5 0 1 0 5 0 2 0 3 1 0 0 4 0 6 0 5 0 1 0 1 0 0 0 4 0 7 0 5 0 0 0 6 0 7 0 0 0 3 0 4 0 3 0 4 0 4 0 2 0 1 0 0 0 3 0 5 0 1 0 5 0 2 0 4 0 2 1 0 0 3 0 6 0 2 0 3 0 2 0 3 1 0 0 3 0 3 0 2 0 5 0 7 0 2 1 0 0 4 0 2 0 5 1 0 0 6 0 0 0 1 0 7 0 6 0 6 0 0 0 3 0 3 0 7 0 0 1 0 0 2 1 0 0 3 0 4 0 5 0 2 0 6 1 0 0 4 0 2 0 6
1 545 3 0 5 0 7 0 4 0 7 0 3 0 4 1 0 0 6 0 7 0 4 0 2 0 1 0 0 0 6 0 7 0 7 0 0 0 6 0 0 0 7 0 7 0 3 0 4 0 6 0 5 0 6 0 2 0 2 0 1 0 3 0 4 0 0 0 7 0 1 0 1 1 0 0 7 0 0 0 5 0 7 0 5 0 7 0 5 0 5 0 2 0 4 0 4 0 1 1 0 0 7 0 2 0 1 0 7 0 3 0 7 0 2 0 2 0 0 0 4 0 7 0 4 0 7 0 5 0 4 0 7 0 0 0 6 0 5 0 4 0 5 0 6 1 0 0 3 0 5 0 1 0 0 0 3 0 0 0 6 0 1 0 0 0 5 0 3 0 1 0 6 1 0 1 0 0 3 0 4 0 2 0 3 1 0 0 2 0 4 0 3 0 4 0 7 0 4 0 6 0 2 0 4 0 1 0 0 0 4 0 4 1 0 0 3 1 0 1 0 0 4 0 5 0 7 0 7 0 3 0 6 0 3 0 7 0 5 0 5 0 6 0 1 0 4 0 7 0 6 0 5 0 5 0 1 0 2 0 6 0 0 0 5 0 5 0 7 0 3 0 1 0 6 0 3 0 3 0 1 0 1 1 0 0 5 0 3 0 4 0 2 0 1 0 5 0 4 0 2 0 6 0 6 1 0 0 5 0 2 1 0 0 7 0 2 0 3 0 4 0 7 0 0 0 3 0 5 1 0 0 6 0 3 0 4 0 4 0 7 0 4 1 0 1 0 1 0 0 5 0 0 0 0 0 6 0 1 0 3 0 0 0 1 0 6 0 5 0 3 0 3 1 0 1 0 0 2 0 4 1 0 0 3 0 7 0 5 0 5 1 0 0 4 0 2 0 4 0 1 0 5 1 0 0 0 0 0 0 5 0 2 0 3 0 2 0 1 0 0 0 7 0 2 0 2 0 4 0 6 0 1 0 6 1 0 1 0 0 1 0 0 0 5 0 2 0 0 0 7 0 1 0 4 0 1 0 5 1 0 0 6 0 7 0 6 0 3 0 5 0 6 0 4 0 7 0 7 0 5 0 6 0 5 0 2 0 6 0 6 0 7 0 7 0 5 0 3 0 0 0 3 0 1 0 3 0 6 0 5 0 4 0 1 0 6 0 7 0 5 0 2 0 7 0 4 0 7 0 6 0 0 0 2 0 6 0 4 1 0 1 0 0 6 0 4
0 545 7 0 2 0 7 0 1 0 6 1 0 0 2 0 0 0 4 0 7 0 0 0 5 0 2 0 1 0 4 0 7 0 6 0 2 0 3 0 2 0 6 0 6 1 0 0 1 0 5 0 3 0 4 0 5 0 4 0 2 0 6 1 0 0 2 0 5 0 3 0 3 1 0 0 5 0 2 0 2 0 7 0 3 0 7 0 3 0 2 0 6 0 0 0 0 0 4 1 0 0 5 0 5 0 3 0 5 1 0 0 6 0 5 0 4 0 1 0 0 0 7 0 1 0 7 0 3 0 1 0 6 0 2 0 4 0 3 0 1 0 3 0 5 1 0 0 7 0 1 0 3 0 0 0 6 0 1 0 3 0 3 0 1 0 1 0 7 0 3 0 5 0 0 0 7 0 5 1 0 0 5 0 7 0 7 0 3 1 0 1 0 0 1 0 7 0 1 0 4 0 5 1 0 0 3 0 1 0 0 0 1 1 0 1 0 0 0 1 0 0 0 0 3 0 7 0 6 1 0 0 4 1 0 0 7 0 3 0 3 0 4 0 4 0 0 0 7 0 5 0 3 0 2 0 3 0 5 0 3 0 2 0 2 0 3 0 6 0 7 0 3 0 3 0 7 0 6 0 2 0 3 1 0 0 1 1 0 0 0 0 5 0 3 0 2 0 0 0 6 0 4 0 6 0 0 0 1 0 6 1 0 0 5 0 5 0 7 0 0 0 6 0 1 0 7 0 3 0 0 0 3 1 0 0 1 0 1 0 7 0 2 0 0 1 0 1 0 0 1 0 1 0 1 0 3 0 3 0 6 0 0 0 3 0 4 0 2 1 0 0 0 0 0 0 7 0 4 0 0 1 0 0 7 0 6 0 3 0 3 1 0 1 0 0 5 1 0 0 4 0 2 1 0 0 0 0 1 0 1 0 5 0 6 0 4 0 2 0 1 0 5 0 5 0 5 0 0 0 4 0 4 0 5 0 0 0 7 0 1 0 1 0 1 0 5 0 1 0 5 0 3 1 0 0 4 0 3 0 0 0 4 0 7 0 4 1 0 0 3 0 5 0 1 0 7 0 7 0 3 0 5 0 2 0 6 0 4 0 5 0 7 0 7 0 2 0 7 0 0 0 6 0 2 0 7 0 4 0 3 0 0 0 4 0 4 0 7 0 2 0 6 0 6 0 1 0 7 0 4 0 1 0 5 0 4 0 2 0 0 1 0 0 4 0 1
0 547 1 0 5 0 6 0 5 0 4 0 4 1 0 0 4 0 1 0 0 0 6 0 2 0 1 0 5 0 3 0 0 0 7 0 4 0 5 0 6 0 5 0 4 0 5 1 0 0 3 0 1 1 0 0 1 0 3 0 0 0 6 0 4 1 0 0 5 0 1 1 0 0 0 0 0 0 1 0 5 0 5 0 5 1 0 0 6 0 7 0 5 0 3 0 1 0 1 0 1 0 0 0 2 0 2 1 0 0 4 0 0 0 4 0 3 0 0 0 3 0 1 0 5 0 4 0 5 0 7 0 3 0 3 0 5 1 0 0 7 0 2 0 7 0 3 0 0 0 5 0 3 0 6 0 1 0 3 0 3 0 6 0 6 0 2 0 3 0 5 1 0 0 2 0 2 0 6 0 4 0 0 0 2 0 7 0 7 0 0 0 0 0 7 0 2 0 5 0 4 0 0 0 3 1 0 0 6 0 2 0 0 0 3 1 0 0 7 0 0 0 6 1 0 0 7 0 6 0 6 0 0 0 1 0 0 0 5 0 7 0 7 0 0 0 0 0 2 0 6 0 2 0 7 0 4 0 7 0 1 0 7 0 4 0 4 0 7 0 4 0 6 0 7 0 7 0 6 0 4 0 5 0 7 0 7 0 2 0 7 0 0 0 1 0 7 0 4 0 1 0 4 0 1 0 4 0 1 0 3 0 5 0 0 0 2 0 3 0 6 0 2 0 3 0 4 0 5 0 7 0 0 0 7 0 7 0 1 0 3 0 5 0 5 0 1 1 0 0 7 0 1 0 2 0 2 0 6 0 7 0 3 0 1 0 6 1 0 0 6 0 6 1 0 0 1 0 6 0 0 0 2 1 0 0 6 0 4 1 0 0 0 0 0 1 0 0 2 1 0 1 0 0 6 0 6 1 0 0 2 0 3 0 2 0 5 0 0 0 5 0 3 0 2 0 3 0 2 0 2 0 0 0 1 0 2 0 2 0 5 0 3 0 2 0 3 0 1 0 4 0 1 1 0 1 0 1 0 0 7 0 1 0 0 0 7 0 1 1 0 0 7 0 1 0 4 0 6 0 6 1 0 0 2 0 6 0 4 0 1 0 3 0 7 0 6 0 6 0 5 0 2 0 3 0 6 0 6 0 0 0 7 0 1 0 0 0 1 0 6 0 6 0 4 0 4 0 4 0 6 0 0 0 4 0 2 0 0 0 5 0 1 0 7 0 7 0 2
1 547 3 0 2 0 5 0 3 0 1 0 1 1 0 1 0 0 3 0 1 0 3 0 5 0 3 0 1 0 7 0 1 0 6 0 1 0 3 0 5 0 3 0 1 0 3 1 0 0 6 0 3 0 7 0 1 0 6 0 1 0 4 0 2 0 0 0 1 0 4 0 6 1 0 0 0 0 3 0 2 0 3 0 4 0 0 0 4 0 7 0 2 0 7 0 2 0 2 0 2 0 0 0 4 0 5 0 7 0 7 0 0 1 0 0 7 0 0 0 6 0 3 0 2 0 1 0 3 0 6 0 7 0 7 0 3 0 0 0 5 0 6 0 5 0 7 0 1 0 1 1 0 0 4 0 3 0 6 0 7 0 4 0 4 0 5 0 7 0 2 1 0 0 4 0 5 0 4 0 0 0 1 0 5 0 6 0 6 0 1 0 1 0 5 0 6 0 2 0 0 0 1 1 0 0 0 0 3 0 5 0 0 1 0 0 0 0 5 0 2 0 5 0 0 0 6 0 5 0 4 0 1 0 2 0 1 0 2 0 7 0 6 0 1 0 0 0 5 0 3 0 6 0 6 0 1 0 6 0 4 0 6 0 1 0 1 0 7 0 1 0 5 0 7 0 7 0 5 0 1 0 3 0 7 0 6 0 6 0 5 0 1 0 3 0 6 0 0 0 3 1 0 0 3 1 0 0 3 0 7 0 1 0 1 0 4 0 7 0 3 0 5 0 7 0 0 0 3 0 6 0 2 0 6 0 6 0 3 0 7 0 2 0 2 0 4 1 0 0 5 0 3 0 4 0 5 0 4 0 6 0 7 0 3 0 5 0 0 0 4 0 5 1 0 0 3 0 3 0 1 0 5 1 0 0 4 0 1 1 0 0 0 0 1 0 7 0 4 1 0 1 0 0 4 0 5 1 0 0 4 0 6 0 5 0 1 0 2 0 1 0 7 0 4 0 6 0 4 0 4 0 0 0 2 0 4 0 5 0 1 0 7 0 4 0 6 0 2 1 0 0 4 1 0 1 0 1 0 0 5 0 3 0 1 0 5 0 4 1 0 0 5 0 4 0 0 0 5 0 5 1 0 0 5 0 4 0 0 0 3 0 7 0 6 0 5 0 5 0 2 0 5 0 7 0 4 0 4 0 2 0 5 0 3 0 0 0 3 0 4 0 5 0 1 0 1 0 1 0 4 0 1 1 0 0 5 0 1 0 1 0 4 0 6 0 6 0 5
0 547 6 0 5 0 1 0 7 0 2 0 3 1 0 0 7 0 5 0 2 0 7 0 1 0 7 0 3 0 5 0 4 0 3 0 3 0 7 0 1 0 7 0 2 1 0 0 0 0 3 1 0 0 6 0 4 0 3 0 3 1 0 0 5 0 0 0 3 0 0 0 5 1 0 0 0 0 6 0 4 0 6 1 0 0 2 0 0 0 6 0 6 0 5 0 5 0 4 0 4 0 1 0 0 0 3 0 7 0 6 0 2 1 0 0 5 0 2 0 3 0 7 0 4 0 2 0 7 0 4 0 7 0 6 0 7 0 1 0 2 0 5 0 3 0 6 0 3 0 3 0 7 0 7 0 7 0 4 0 7 0 1 0 1 0 3 0 6 0 6 1 0 0 0 0 3 0 0 0 1 0 3 0 2 0 5 0 4 0 3 0 3 0 2 0 4 0 5 0 0 0 3 0 6 1 0 0 7 0 1 0 2 0 7 0 0 0 1 0 6 0 1 0 2 0 4 0 3 0 0 0 3 0 4 0 2 0 5 0 6 0 4 0 3 0 1 0 1 1 0 0 5 0 4 0 4 0 4 0 1 0 4 0 3 0 3 0 5 0 4 0 2 0 7 0 7 0 2 0 3 0 7 0 6 0 5 0 5 0 2 0 3 0 7 0 3 0 1 0 7 0 7 0 6 0 7 0 6 0 5 0 3 0 3 0 0 0 6 1 0 0 3 0 6 0 1 0 7 0 3 0 6 0 4 0 4 1 0 0 6 0 5 0 5 0 1 0 0 0 1 1 0 0 1 0 3 0 1 0 5 0 6 1 0 0 2 0 2 0 0 0 3 1 0 0 6 0 6 0 3 0 2 1 0 1 0 0 4 0 6 1 0 0 3 0 6 0 2 0 0 1 0 0 0 0 4 0 0 0 0 0 5 0 2 0 3 0 4 0 3 0 6 0 1 0 5 0 1 0 0 0 1 0 5 0 0 0 2 0 4 0 6 0 1 0 4 0 6 1 0 0 1 0 0 1 0 1 0 0 1 0 7 0 3 0 2 0 2 0 0 0 2 0 0 0 2 0 2 0 4 0 0 0 2 0 0 0 1 0 7 0 6 0 5 0 3 0 2 0 6 0 2 0 7 0 1 0 0 0 6 0 1 0 7 0 0 0 7 0 0 0 2 0 3 0 2 0 2 1 0 0 4 1 0 0 1 0 3 0 3 0 0 0 5 0 5 0 3
1 549 1 0 4 0 2 0 4 0 5 0 5 1 0 0 0 0 6 0 2 0 6 0 5 0 4 0 5 1 0 0 3 0 0 0 7 0 7 0 5 0 4 0 5 0 6 0 6 1 0 1 0 0 0 0 4 0 0 1 0 0 0 0 0 0 1 0 1 0 6 0 1 0 2 1 0 0 1 0 4 0 1 0 5 1 0 0 4 0 1 0 4 0 5 0 3 0 3 0 1 0 0 0 3 0 0 0 7 0 6 0 4 0 6 1 0 0 1 0 5 0 7 0 6 0 0 0 6 0 6 0 1 0 7 0 5 0 6 0 3 0 5 0 1 1 0 0 4 0 7 0 7 0 6 0 7 0 7 0 1 0 6 0 3 0 2 0 7 0 4 0 5 1 0 0 0 0 6 0 0 0 2 0 6 0 5 0 2 0 0 0 7 0 6 0 5 0 0 0 2 0 1 0 7 0 5 0 0 0 5 0 3 0 5 0 5 0 1 0 3 0 3 0 3 0 4 1 0 0 7 0 0 0 6 1 0 0 6 0 2 0 5 0 0 0 7 0 2 0 3 1 0 0 2 0 1 0 1 0 0 0 3 1 0 0 7 0 7 0 2 0 0 0 6 0 6 0 6 0 5 0 7 0 6 0 5 0 3 0 2 0 5 0 7 0 5 0 7 0 3 0 6 0 7 0 5 0 7 0 5 0 2 0 7 0 6 0 1 0 4 1 0 0 7 0 3 0 4 0 5 1 0 0 5 0 1 0 2 0 0 0 4 0 3 0 2 0 3 0 0 0 3 0 7 0 1 0 6 0 3 0 2 0 5 1 0 0 4 0 4 0 0 1 0 0 0 0 4 0 4 0 7 0 5 1 0 1 0 0 0 0 5 1 0 0 7 0 3 0 5 0 1 0 6 1 0 1 0 0 1 0 1 0 1 0 5 0 6 1 0 1 0 0 4 0 4 0 1 0 3 0 0 0 3 0 1 0 1 0 5 0 0 0 4 0 4 0 0 0 5 1 0 0 2 0 1 1 0 0 7 0 2 0 5 0 7 0 4 0 4 0 0 0 4 0 0 0 4 0 4 1 0 0 1 0 4 0 0 0 3 0 6 0 5 0 2 0 7 0 5 0 3 0 6 0 5 0 3 0 1 0 3 0 4 0 5 0 2 0 5 0 1 0 4 0 6 0 4 0 5 1 0 0 0 1 0 0 2 0 6 0 6 0 1 0 2 0 2 1 0
1 549 2 1 0 0 6 0 0 0 3 0 3 1 0 0 1 0 3 0 6 0 4 0 3 0 1 0 3 1 0 0 6 0 1 0 6 0 7 0 3 0 1 0 3 0 5 0 6 0 0 0 6 1 0 1 0 0 2 0 6 1 0 0 0 0 2 0 3 0 3 0 3 0 5 0 7 0 1 1 0 0 4 0 2 1 0 1 0 0 4 0 0 0 2 0 7 0 6 0 2 0 0 0 6 0 1 0 6 0 5 0 1 0 5 1 0 0 3 0 2 0 7 0 4 0 2 0 4 0 4 0 4 0 6 0 3 0 4 1 0 0 2 0 4 1 0 0 0 0 7 0 7 0 5 0 7 0 6 0 4 0 3 0 7 0 5 0 6 0 1 0 3 1 0 0 1 0 3 0 1 0 5 0 4 0 2 0 5 0 1 0 6 0 5 0 2 0 1 0 4 0 3 0 6 0 2 0 2 0 1 1 0 0 3 0 2 0 3 0 6 0 6 0 7 0 1 0 0 0 5 0 2 0 5 0 0 0 3 0 6 0 1 0 2 0 5 0 5 0 7 0 7 0 3 0 2 0 2 0 0 1 0 0 0 0 6 0 6 0 5 0 1 0 4 0 5 0 5 0 3 0 7 0 5 0 2 0 7 0 5 0 2 0 7 0 3 0 6 1 0 0 5 0 7 0 3 0 7 0 2 0 6 0 6 0 4 0 4 0 1 0 0 0 5 1 0 0 1 0 4 0 0 0 1 0 3 0 4 0 0 1 0 0 7 0 4 0 6 0 0 0 7 0 5 0 4 0 3 0 7 0 5 0 3 0 0 0 0 0 0 0 2 0 7 0 0 0 0 0 1 0 7 0 4 0 0 0 7 0 0 0 3 0 0 0 5 1 0 0 2 0 4 0 5 0 0 0 7 0 1 0 2 0 3 0 2 0 6 0 0 1 0 0 0 0 0 0 3 0 6 0 0 0 6 0 2 0 3 0 1 0 2 0 0 0 0 0 2 0 2 1 0 0 4 0 3 1 0 0 5 0 6 0 2 0 7 0 1 0 0 0 1 1 0 0 2 0 0 0 1 1 0 0 2 1 0 0 1 0 7 0 4 0 2 0 6 0 6 0 2 1 0 0 5 0 2 0 7 0 2 0 7 0 0 0 2 0 6 0 1 0 4 0 0 0 5 0 1 0 3 1 0 0 1 0 7 0 4 0 4 0 4 0 3 0 4 0 5 0 6
1 549 5 1 0 0 3 0 1 0 6 0 7 0 7 0 1 0 7 0 4 0 0 0 7 0 2 1 0 0 0 0 3 0 4 0 4 0 6 0 7 0 2 0 7 0 2 0 4 0 2 0 5 0 0 0 7 0 4 0 4 1 0 0 0 0 4 0 6 0 6 0 7 0 2 0 6 0 4 0 7 0 7 0 5 1 0 0 7 0 7 0 0 0 5 0 6 0 4 0 5 0 1 0 3 0 4 0 4 0 2 0 4 0 2 1 0 0 6 0 5 0 6 0 0 0 6 0 0 0 1 0 1 0 4 1 0 0 1 1 0 0 5 0 0 1 0 0 1 0 6 0 7 0 3 0 7 0 5 0 0 1 0 0 7 0 3 0 4 0 3 0 7 0 7 0 1 0 6 0 3 0 2 0 0 0 6 0 1 0 4 0 4 0 2 0 5 0 2 1 0 1 0 0 4 0 5 0 4 0 3 0 7 0 5 0 4 0 7 0 4 0 5 0 6 0 3 0 1 0 1 0 6 0 1 0 1 0 7 0 3 0 3 0 5 0 2 0 3 0 7 0 6 0 7 0 4 0 4 0 1 0 7 0 0 0 4 0 5 0 2 0 4 0 0 0 3 0 2 1 0 0 7 0 2 0 6 0 6 0 2 0 6 0 5 1 0 0 6 0 0 0 2 0 6 1 0 0 6 0 6 0 4 0 5 0 1 0 0 0 3 0 1 0 2 1 0 0 2 1 0 0 1 0 2 0 6 1 0 0 2 1 0 0 6 0 1 0 4 0 2 0 6 0 3 0 0 1 0 0 7 0 2 0 7 0 0 0 0 0 0 0 5 0 5 0 1 0 0 0 3 0 6 0 0 0 2 0 5 0 1 0 6 0 1 0 2 1 0 0 5 0 0 0 2 0 2 0 5 0 3 0 4 0 6 0 5 0 3 0 2 0 6 1 0 0 0 0 7 0 3 0 2 0 3 0 5 0 6 0 2 0 4 0 0 0 0 0 4 0 5 1 0 0 0 0 0 0 0 0 2 0 4 0 6 0 5 0 3 0 0 0 3 0 7 0 3 0 0 0 3 0 7 0 4 0 7 0 2 0 6 0 0 0 6 0 4 0 4 0 6 1 0 0 1 0 6 0 5 0 6 0 5 0 1 0 5 0 3 0 3 1 0 0 2 0 1 0 3 0 7 0 7 0 2 0 6 0 1 0 1 0 0 1 0 0 1 0 3 0 5
0 551 1 0 2 1 0 0 6 0 3 0 4 0 7 0 6 0 4 0 6 0 0 0 2 0 5 0 6 0 6 1 0 0 7 0 0 0 1 0 5 0 6 0 6 0 5 0 5 1 0 0 6 0 1 0 2 0 6 0 1 0 1 1 0 0 1 0 0 0 5 0 5 0 6 0 6 0 4 0 1 0 7 0 7 0 4 0 0 0 6 0 6 0 2 0 2 0 5 0 1 0 2 0 3 0 7 0 0 0 0 0 5 1 0 0 6 1 0 0 4 0 3 0 4 0 2 0 3 0 1 0 2 0 3 0 0 1 0 0 3 1 0 0 1 0 2 0 7 0 2 0 4 0 6 1 0 0 7 0 2 0 2 1 0 0 5 1 0 0 0 1 0 0 7 0 6 0 4 0 3 0 7 0 4 0 1 0 3 0 4 0 0 0 0 0 6 0 1 0 6 1 0 1 0 0 0 0 3 0 0 1 0 0 7 0 3 0 1 0 7 0 1 0 3 0 4 0 7 0 2 0 3 0 3 0 3 0 3 0 5 0 7 0 7 0 1 0 5 0 7 0 6 0 5 0 7 0 1 0 0 0 4 0 5 0 2 0 0 0 2 0 5 1 0 0 1 0 6 0 5 1 0 0 5 0 6 0 4 0 4 0 6 0 4 0 4 0 0 0 3 0 1 0 5 0 5 0 0 0 4 0 5 0 1 0 2 0 3 0 0 0 6 0 2 0 5 0 7 0 4 0 7 0 1 0 5 0 4 1 0 0 5 1 0 0 3 0 3 1 0 0 6 0 3 0 7 0 1 1 0 0 5 0 6 0 5 0 1 0 0 0 1 0 2 0 2 0 3 0 0 0 7 0 3 0 1 0 5 0 1 0 4 0 3 0 3 0 5 1 0 0 1 0 1 0 4 0 5 0 1 1 0 0 1 0 5 0 2 0 7 0 5 0 4 1 0 0 1 0 5 0 7 0 4 0 7 0 2 0 4 0 5 1 0 0 1 0 1 0 0 0 3 1 0 0 0 0 0 0 0 0 5 0 0 0 5 0 2 0 7 0 0 0 7 0 5 0 7 0 0 0 7 0 6 0 1 0 6 0 6 0 3 0 2 0 4 0 1 0 1 0 5 1 0 0 3 0 4 0 3 0 5 0 2 0 4 0 1 0 7 0 7 0 7 0 3 0 2 0 7 0 6 0 6 0 6 0 3 0 3 0 2 0 1 0 7 0 1 0 7 0 2
1 551 2 0 5 1 0 0 3 1 0 0 1 0 7 0 5 0 1 0 4 0 1 0 5 0 2 0 5 0 6 0 0 0 5 0 1 0 3 0 2 0 5 0 5 0 3 0 4 0 0 0 3 0 3 0 5 0 3 0 3 0 3 0 7 0 1 0 1 0 2 0 3 0 5 0 5 0 0 0 4 0 6 0 7 0 0 0 2 0 4 0 4 0 5 0 5 0 1 0 3 0 4 0 7 0 5 0 1 0 1 0 3 0 0 0 4 1 0 1 0 1 0 0 0 0 5 0 6 0 2 0 4 0 6 0 1 0 7 0 6 0 7 0 1 0 5 0 5 0 6 0 0 0 6 0 0 0 5 0 5 0 5 1 0 0 2 1 0 0 1 1 0 0 6 0 5 0 0 1 0 0 7 0 0 0 3 0 6 1 0 0 1 0 1 0 3 0 4 0 5 0 0 0 6 1 0 0 6 0 1 1 0 0 5 0 7 0 3 0 5 0 3 0 7 0 0 0 6 0 5 0 6 0 6 0 6 0 7 0 2 0 7 0 6 0 4 0 2 0 7 0 5 0 3 0 6 0 3 0 1 0 0 0 2 0 5 0 0 0 5 0 2 1 0 0 3 0 4 0 4 0 0 0 2 0 5 0 1 0 1 0 5 0 1 0 0 0 1 0 6 0 3 0 2 0 2 0 2 0 0 0 2 0 3 0 4 0 6 0 1 0 3 0 6 0 2 0 7 0 1 0 6 0 4 0 2 0 2 0 0 0 2 1 0 0 6 1 0 0 0 0 3 1 0 0 6 0 4 1 0 0 2 0 5 0 2 0 3 0 0 0 2 0 4 0 4 0 6 0 1 0 5 0 7 0 3 0 1 0 3 1 0 0 7 0 7 0 2 1 0 0 2 0 3 0 0 0 2 0 4 0 7 0 2 0 1 0 6 0 6 0 3 0 1 1 0 0 3 0 2 0 7 0 1 0 6 0 6 0 0 0 3 1 0 0 2 0 2 0 0 0 7 0 6 1 0 0 0 0 1 0 1 0 2 0 1 0 6 0 5 0 2 0 6 0 3 0 6 0 2 0 6 0 4 0 4 0 4 0 4 0 7 0 4 1 0 0 3 0 3 0 2 1 0 0 6 1 0 1 0 0 2 0 5 1 0 0 4 0 6 0 7 0 6 0 7 0 5 0 6 0 5 0 5 0 4 0 7 0 6 0 4 0 3 0 5 0 4 0 5 0 5
0 551 5 0 2 1 0 0 7 0 7 0 2 0 6 0 2 0 3 1 0 0 4 0 1 0 6 0 2 0 4 0 2 0 1 0 3 0 6 0 5 0 2 0 2 1 0 0 0 0 1 0 6 0 7 0 1 0 7 0 6 0 7 0 5 0 3 0 2 0 4 0 7 0 2 0 2 0 2 0 0 0 5 0 6 0 1 0 5 0 0 0 1 0 3 0 2 0 3 0 7 0 0 0 7 0 2 0 3 0 2 0 6 0 1 0 1 0 0 1 0 0 7 0 0 0 2 0 4 0 6 0 0 0 4 0 4 0 6 0 5 0 6 0 4 0 2 0 3 0 4 0 2 0 3 0 2 0 2 0 3 0 3 1 0 0 5 0 7 0 2 1 0 0 4 0 2 0 2 1 0 0 5 0 1 0 7 0 4 1 0 0 2 0 2 0 7 0 0 0 2 0 2 0 5 0 0 0 3 0 4 1 0 0 2 0 6 1 0 0 2 1 0 0 6 0 2 0 4 0 3 0 5 0 5 0 5 0 6 0 6 0 6 0 5 0 0 0 6 0 6 0 2 1 0 0 4 0 7 0 2 0 0 0 5 0 1 0 2 0 1 0 6 0 7 0 6 0 0 0 0 0 1 0 5 0 1 0 3 0 3 0 1 0 3 0 0 0 3 0 3 0 7 0 4 0 4 0 4 0 0 0 4 0 7 0 0 0 4 0 3 0 7 0 3 0 6 0 5 0 4 0 4 0 0 0 5 0 4 0 0 0 5 1 0 0 4 1 0 0 0 1 0 0 0 0 4 0 1 1 0 0 5 0 1 0 5 0 6 0 0 0 5 0 0 0 1 0 4 0 4 0 2 0 6 0 7 0 2 1 0 0 0 0 6 0 6 0 6 0 7 0 3 0 6 0 0 0 5 0 0 0 6 0 5 0 3 0 4 0 4 0 7 0 3 0 7 0 5 0 5 0 5 0 4 0 4 0 4 0 1 0 7 0 7 0 3 0 4 0 1 0 6 0 5 1 0 0 0 0 2 0 2 0 4 0 3 0 4 0 2 0 6 0 3 1 0 0 4 0 6 0 4 0 1 0 1 0 1 0 1 0 7 0 1 1 0 0 6 0 6 0 5 1 0 0 5 0 0 0 7 0 4 0 3 0 0 0 0 0 5 0 7 0 5 0 7 0 3 0 5 0 3 0 3 0 1 0 7 0 5 0 0 1 0 0 3 0 1 0 3 0 3
1 553 1 0 1 0 6 1 0 0 6 0 6 0 6 0 3 0 5 0 7 0 7 0 7 0 3 0 3 0 5 1 0 0 5 0 2 0 7 0 4 0 2 0 5 0 5 0 6 1 0 0 3 0 4 0 6 0 4 0 6 0 5 0 7 0 2 0 7 0 5 0 0 0 6 0 5 0 4 0 4 0 1 0 2 0 4 0 4 0 1 0 1 0 2 0 6 0 4 0 7 0 5 0 2 0 5 0 5 0 6 0 5 0 3 0 3 0 2 0 1 1 0 0 5 0 1 0 5 0 0 0 4 0 2 0 0 0 1 0 5 0 3 0 5 0 0 0 5 0 6 1 0 0 5 0 6 0 4 0 4 0 6 1 0 0 0 0 2 0 6 0 6 0 7 0 7 0 4 0 5 1 0 0 1 0 4 0 6 0 1 1 0 0 4 0 5 0 5 0 1 0 4 0 5 0 1 0 1 0 7 0 0 1 0 0 5 0 4 1 0 0 5 1 0 0 3 0 5 1 0 1 0 0 3 0 3 0 3 0 5 0 5 0 5 0 2 0 2 0 4 0 4 0 6 1 0 0 0 0 6 0 5 0 1 0 1 0 3 0 4 0 3 0 4 0 7 0 4 0 1 0 0 0 3 0 1 0 3 0 6 0 6 0 2 0 6 0 0 0 6 0 7 0 6 0 1 0 1 0 0 0 2 0 0 0 6 0 1 1 0 1 0 0 6 1 0 0 5 0 3 0 1 0 0 0 2 0 2 0 0 0 2 0 3 0 0 0 0 1 0 0 1 0 6 1 0 1 0 0 4 1 0 0 1 0 4 0 2 0 4 0 2 0 1 0 1 0 3 0 0 0 0 0 6 0 4 0 6 0 6 0 7 0 0 0 4 0 5 0 5 0 6 1 0 0 4 0 2 0 1 0 2 0 4 0 2 1 0 0 1 0 1 0 6 1 0 0 7 0 3 0 3 0 3 0 1 0 1 0 0 0 4 0 6 0 6 1 0 0 0 0 4 0 4 0 3 1 0 0 0 0 4 0 4 1 0 1 0 0 0 0 6 0 4 0 0 0 0 0 0 0 5 0 0 0 3 0 2 0 2 0 3 0 5 0 4 1 0 0 4 0 5 0 4 0 0 0 1 0 2 0 6 0 0 0 7 0 0 0 1 0 2 0 7 0 3 0 6 1 0 0 2 0 7 0 6 0 3 0 6 0 2 0 2 0 7 0 5 0 2 0 6 0 6
1 553 2 0 3 0 5 0 0 0 4 0 5 0 4 1 0 0 3 0 7 0 7 0 6 0 7 0 7 0 3 0 0 0 1 0 6 0 6 0 0 0 6 0 2 0 3 0 5 1 0 0 7 0 0 0 5 0 1 0 5 0 3 0 6 0 6 0 6 0 2 0 2 0 4 0 3 0 1 0 0 0 3 0 5 0 0 0 0 0 3 0 2 0 5 0 4 0 1 0 7 0 2 0 6 0 2 0 3 0 5 0 2 0 7 0 6 0 4 0 3 1 0 0 1 0 4 0 1 0 1 1 0 0 5 0 0 0 3 0 1 1 0 0 2 0 2 0 2 0 6 0 0 0 2 0 5 0 1 0 1 0 5 1 0 0 0 0 5 0 4 0 5 0 7 0 7 0 1 0 3 1 0 0 3 0 0 0 4 0 4 1 0 0 0 0 3 0 2 0 4 0 0 0 2 0 3 0 3 0 5 0 2 1 0 0 2 0 2 0 0 0 2 1 0 0 7 0 3 0 0 0 7 0 5 0 6 0 7 0 2 0 3 0 2 0 5 0 5 0 0 0 1 0 5 1 0 0 1 0 4 0 2 0 3 0 2 0 6 1 0 1 0 0 1 0 7 0 0 0 3 0 0 0 6 0 2 0 7 0 4 0 4 0 6 0 3 0 2 0 4 0 7 0 4 0 3 0 2 0 0 0 4 0 1 0 3 0 4 1 0 1 0 0 5 0 0 0 1 0 7 0 2 0 0 0 4 0 4 0 0 0 4 0 6 0 0 0 1 0 7 0 2 0 5 0 0 1 0 0 0 1 0 0 2 1 0 0 5 1 0 0 5 0 2 0 2 0 6 0 0 0 1 0 4 0 1 0 5 0 5 0 6 0 2 0 0 0 3 0 3 0 5 1 0 1 0 0 5 0 2 0 4 1 0 0 6 0 7 0 1 0 3 0 5 0 0 0 5 0 7 0 6 0 6 0 2 0 2 0 1 0 0 0 5 0 5 1 0 0 1 0 0 0 0 1 0 1 0 0 1 0 0 0 2 0 0 0 7 0 0 0 4 0 0 0 1 0 0 0 1 0 1 0 1 0 6 0 4 0 4 0 7 0 2 0 2 0 0 0 0 0 3 0 0 0 1 0 2 0 5 0 3 0 2 0 5 0 1 0 2 0 5 0 5 1 0 0 5 1 0 0 5 0 6 0 4 1 0 0 4 0 5 0 5 0 6 0 2 0 6 0 4 0 5
0 553 4 0 7 0 1 0 2 0 0 0 3 0 1 1 0 0 7 0 6 0 7 0 5 0 7 0 6 0 7 0 0 0 3 0 4 0 4 0 2 0 3 0 5 0 7 0 3 0 0 0 5 0 2 0 1 0 4 0 1 1 0 0 5 0 5 0 4 0 5 0 4 1 0 0 7 0 2 0 0 0 7 0 1 0 1 0 0 0 6 0 5 0 2 0 0 0 4 0 5 0 6 0 3 0 5 0 7 0 1 0 6 0 6 0 5 0 0 1 0 1 0 0 2 1 0 0 3 0 3 1 0 0 1 0 1 0 6 0 3 0 7 0 3 0 4 0 5 0 3 0 1 0 5 0 1 0 3 0 3 0 2 1 0 0 1 0 2 0 1 0 3 0 7 0 6 0 3 0 7 0 7 0 5 0 1 0 0 0 1 1 0 0 0 0 6 0 4 1 0 0 1 0 4 0 6 0 7 0 1 0 6 0 7 0 3 0 4 0 0 0 5 1 0 0 5 0 7 0 1 0 6 0 3 0 5 0 6 0 5 0 6 0 5 0 2 0 2 0 1 0 3 0 2 1 0 0 2 1 0 0 5 0 6 0 5 0 5 0 0 0 7 0 2 0 5 0 1 0 6 0 1 0 3 0 6 0 6 0 1 0 1 0 4 0 7 0 5 0 0 0 7 0 0 0 7 0 4 0 0 1 0 0 3 0 7 0 1 0 0 1 0 0 1 0 1 0 3 0 5 0 5 0 1 0 0 0 0 0 2 0 0 0 4 0 1 0 3 0 5 0 6 0 1 0 2 0 7 0 0 0 7 0 4 1 0 0 3 0 0 0 1 0 5 0 5 0 3 0 1 0 2 1 0 0 4 0 2 0 3 0 4 0 5 0 0 0 6 0 7 0 3 0 0 1 0 0 1 0 6 0 1 0 0 0 4 0 6 0 3 0 7 0 1 0 2 0 2 0 7 0 5 0 4 0 5 0 4 0 2 0 1 0 2 0 3 1 0 0 2 0 0 0 1 1 0 0 7 0 1 0 0 0 4 0 1 0 5 0 1 1 0 0 1 0 2 0 0 0 2 0 2 0 3 0 4 0 1 0 1 0 6 0 5 0 4 0 0 0 0 0 6 0 0 0 2 0 5 0 1 0 7 0 5 0 1 0 3 0 5 0 2 0 4 0 0 0 3 0 0 0 2 0 5 0 2 0 0 0 0 0 3 0 3 0 4 0 6 0 4 0 1 0 3
1 555 1 0 0 0 6 0 3 0 4 0 0 0 6 0 3 1 0 0 6 0 5 0 7 0 3 0 7 0 5 0 6 0 1 0 7 0 0 0 0 0 5 0 7 0 2 0 6 0 7 0 1 0 1 0 5 0 2 1 0 0 4 1 0 0 2 0 3 0 1 0 3 0 2 0 0 0 5 0 5 0 1 0 5 0 3 0 2 0 1 0 4 0 2 0 5 0 1 0 0 0 3 0 4 1 0 0 3 0 6 0 4 0 4 0 5 0 2 0 2 1 0 0 7 0 4 0 7 0 5 0 7 0 7 0 1 0 3 0 3 1 0 0 6 1 0 0 1 0 2 0 7 0 3 0 1 0 3 0 6 0 6 0 5 0 7 0 1 0 4 0 2 0 7 0 6 0 4 1 0 0 7 0 7 0 2 0 3 0 0 0 3 0 7 0 0 0 4 0 1 1 0 0 3 0 0 0 5 0 6 0 4 0 4 0 6 1 0 0 0 0 2 0 3 0 0 0 2 0 6 0 4 0 3 1 0 0 3 0 5 0 3 0 5 0 2 0 5 0 4 0 2 0 6 0 5 0 7 0 4 1 0 0 2 0 5 0 3 0 2 0 2 0 5 0 6 0 1 0 4 0 3 0 3 0 7 0 4 0 4 0 3 0 3 0 0 0 7 0 2 0 2 0 5 0 2 0 6 0 0 0 2 0 7 0 6 0 5 0 3 0 1 0 7 0 1 0 2 0 7 0 2 0 2 0 3 0 0 0 0 0 4 0 0 1 0 0 3 0 7 0 2 0 4 0 3 0 5 0 5 0 2 0 6 0 1 1 0 0 6 0 0 0 3 0 2 0 2 0 7 0 2 0 5 0 7 0 7 0 4 0 7 0 0 0 2 0 2 0 4 0 6 0 7 0 1 0 7 0 2 0 3 0 3 0 1 0 0 0 4 1 0 0 6 0 3 0 4 0 5 0 6 0 3 0 1 0 3 0 0 0 5 0 2 0 4 0 7 0 7 0 3 0 0 0 3 1 0 0 5 0 3 0 0 1 0 0 4 0 1 0 4 0 7 0 1 0 4 0 0 0 4 0 4 0 6 1 0 0 3 0 3 0 4 0 3 0 0 0 1 0 1 0 3 0 1 0 5 0 1 0 4 0 6 0 2 0 3 0 7 0 1 0 5 1 0 0 1 0 6 0 0 0 5 0 1 0 5 0 0 0 0 0 6 0 7 0 0 0 5 0 0 0 3 0 6
1 555 2 0 1 0 3 1 0 0 0 0 2 0 4 0 0 0 0 0 4 0 3 0 6 1 0 0 7 0 3 0 4 0 4 0 5 0 1 0 1 0 2 0 6 0 6 0 4 0 6 0 3 0 3 0 1 0 6 1 0 0 0 1 0 0 4 0 6 0 2 0 6 0 4 0 1 0 2 0 2 0 4 0 1 0 7 0 4 0 2 1 0 0 6 0 1 0 3 0 0 0 7 0 0 1 0 0 7 0 4 0 1 0 1 0 2 0 5 0 5 1 0 0 6 0 1 0 7 0 3 0 7 0 6 0 3 0 6 1 0 0 0 0 4 1 0 0 2 0 5 0 5 0 7 0 2 0 7 0 4 0 5 0 3 0 6 0 3 1 0 0 6 0 6 0 5 0 2 0 0 0 6 0 6 0 5 0 6 0 0 0 7 0 5 0 1 1 0 0 4 0 7 0 5 0 1 0 2 0 5 0 1 0 1 0 5 1 0 0 0 0 4 0 6 0 0 0 5 0 4 0 0 1 0 1 0 0 7 0 1 1 0 0 2 0 6 0 2 0 0 0 6 0 4 0 3 0 7 0 1 1 0 0 5 0 1 0 7 0 4 0 5 0 2 0 4 0 3 1 0 0 7 0 7 0 6 0 1 0 0 0 7 0 6 0 1 0 5 0 5 0 5 0 1 0 6 0 3 0 1 0 5 0 6 0 5 0 2 0 7 0 3 0 5 0 3 0 5 0 5 0 5 0 4 0 6 0 0 0 0 1 0 0 2 0 7 0 6 0 5 0 5 1 0 1 0 0 3 0 2 0 6 0 3 0 4 1 0 0 3 0 1 0 6 0 4 0 5 0 5 0 6 0 2 0 7 0 7 0 1 0 6 0 1 0 4 0 5 0 0 0 5 0 6 0 4 0 5 0 5 0 6 0 6 0 2 0 1 0 1 0 0 0 3 1 0 0 1 0 3 0 4 0 7 0 2 0 6 0 1 0 1 0 6 0 0 0 7 0 6 0 7 0 0 1 0 0 0 0 1 0 7 0 1 0 7 0 7 0 3 0 0 0 6 0 3 1 0 0 2 0 0 0 1 0 5 1 0 0 6 0 6 1 0 0 7 0 0 0 2 0 2 0 6 0 3 0 1 0 4 0 0 0 4 0 5 0 7 0 5 0 4 0 2 1 0 0 3 0 3 0 2 0 1 0 4 0 1 0 1 0 1 0 4 0 6 0 2 0 1 0 1 0 7 0 4
0 555 4 0 2 0 7 0 6 1 0 0 4 1 0 0 1 0 0 1 0 1 0 0 6 0 0 0 5 1 0 0 1 0 1 0 2 0 3 0 2 0 5 0 4 0 5 0 1 0 4 0 7 0 6 0 3 0 4 1 0 0 1 1 0 0 0 0 4 0 6 0 4 0 0 0 3 0 4 0 4 1 0 0 4 0 6 0 0 0 6 1 0 0 3 0 3 0 6 0 1 0 5 0 2 1 0 0 6 0 0 0 3 0 2 0 5 0 2 0 4 0 0 0 3 0 4 0 5 1 0 0 7 0 4 1 0 0 5 1 0 0 1 0 0 1 0 0 5 0 2 0 3 0 6 0 6 0 6 0 1 0 2 1 0 0 5 0 0 0 0 0 4 0 5 0 2 0 5 0 1 0 4 0 5 0 3 0 4 0 2 0 6 0 2 0 4 1 0 0 0 0 7 0 2 0 3 0 5 0 1 0 3 0 3 0 2 1 0 0 1 0 0 0 4 0 2 0 2 0 0 0 2 1 0 1 0 0 5 0 4 0 7 0 4 0 3 0 5 0 1 0 4 0 0 1 0 0 6 0 4 1 0 0 1 0 4 0 6 0 1 0 2 0 6 0 0 0 0 0 0 0 6 0 7 0 4 0 3 0 1 0 6 0 4 0 4 0 2 0 3 0 2 0 4 0 3 0 7 0 3 0 2 0 5 0 2 0 6 0 5 1 0 0 2 1 0 0 3 0 3 0 3 0 1 0 4 0 1 0 1 0 7 0 4 0 6 0 5 0 3 0 4 0 0 0 7 0 5 0 5 0 3 1 0 0 1 1 0 0 6 0 3 0 4 0 1 0 3 0 3 0 4 0 6 0 6 0 6 0 4 0 3 0 4 0 0 0 2 0 2 0 2 0 5 0 1 0 3 0 3 0 5 0 4 0 5 0 2 0 2 0 0 0 7 0 7 0 1 0 7 0 0 0 6 0 6 0 3 0 3 0 3 0 3 0 2 0 6 0 5 0 6 0 2 0 6 1 0 0 3 0 5 0 4 0 6 0 6 0 7 0 1 0 3 1 0 1 0 0 4 0 0 0 3 0 3 0 0 0 4 0 6 0 0 0 5 0 1 0 4 0 5 0 3 0 7 0 2 1 0 0 2 0 0 0 3 0 7 0 3 0 0 0 6 0 7 0 5 0 6 0 4 0 2 1 0 0 3 0 2 0 3 0 0 0 4 0 5 0 2 0 3 0 6 0 1
0 556 1 0 0 6 0 6 0 6 0 0 0 0 1 0 0 2 0 1 1 0 1 0 0 3 0 2 0 2 1 0 0 2 0 2 0 4 0 6 0 5 0 2 0 1 0 2 0 4 0 0 0 7 0 4 1 0 0 1 1 0 0 3 0 7 0 0 0 0 0 5 0 0 0 1 0 7 0 0 0 2 0 0 0 0 0 4 0 2 0 4 1 0 0 6 0 7 0 3 0 4 0 1 0 6 1 0 0 3 0 1 0 6 0 5 0 1 0 5 1 0 0 1 0 7 0 0 0 4 0 0 0 6 0 2 0 0 0 2 1 0 0 2 0 1 1 0 0 1 0 5 0 7 0 4 0 5 0 4 0 3 0 5 1 0 0 1 0 1 0 1 0 0 0 2 0 6 0 1 0 4 0 0 0 2 1 0 0 0 0 6 0 3 0 6 0 0 1 0 0 1 0 5 0 5 0 7 0 1 0 3 0 6 0 6 0 5 0 7 0 1 0 0 1 0 0 5 0 4 0 0 0 5 1 0 1 0 0 2 0 1 0 7 0 0 1 0 0 2 0 3 1 0 0 2 1 0 0 4 0 1 1 0 0 3 0 0 0 4 0 3 0 5 0 3 0 1 0 0 0 1 0 4 0 7 0 0 0 7 0 3 0 4 0 1 0 0 0 5 0 6 0 4 1 0 1 0 0 6 0 7 0 5 0 1 0 6 0 4 0 3 1 0 0 5 0 7 0 5 0 6 0 6 0 2 1 0 0 3 0 3 0 6 0 1 0 5 0 2 1 0 0 0 0 2 0 6 0 3 0 2 1 0 1 0 0 3 1 0 0 3 1 0 0 0 0 3 0 6 0 7 0 0 0 5 0 5 0 5 0 0 1 0 0 0 0 1 0 4 0 4 0 5 0 1 0 3 0 6 0 7 0 2 0 1 0 2 0 5 0 4 0 1 0 6 0 6 0 4 0 5 0 2 0 4 0 4 0 7 0 6 0 6 0 6 0 5 0 4 0 3 0 4 0 6 0 4 1 0 0 7 0 2 0 1 0 5 0 5 0 6 0 3 1 0 0 0 0 7 0 7 0 0 0 6 0 6 0 1 0 0 0 4 0 2 0 1 0 4 0 0 0 2 1 0 0 6 0 6 0 7 0 3 0 0 0 7 0 5 0 7 0 1 0 4 0 7 0 3 0 5 0 0 0 6 0 7 0 5 0 4 0 6 0 1 0 0 0 2 0 5 0 7 0 3 0 3
1 557 1 1 0 0 4 0 5 0 4 0 1 0 1 0 7 0 3 0 3 1 0 0 7 0 5 0 4 0 5 0 7 0 3 0 5 0 0 0 5 0 2 0 5 0 2 0 4 1 0 0 2 0 6 0 1 1 0 0 3 0 7 0 6 0 5 0 1 0 1 0 1 0 1 0 3 0 5 0 1 0 4 0 0 0 0 1 0 0 6 0 1 0 0 0 4 0 6 1 0 0 0 0 4 0 4 1 0 0 6 0 3 0 4 0 2 0 4 0 2 1 0 0 3 0 5 0 1 1 0 0 2 0 3 0 5 0 0 0 5 0 7 0 3 0 3 0 7 0 2 0 2 0 7 0 1 0 3 0 0 1 0 0 3 1 0 0 2 0 2 0 2 0 0 0 5 0 3 0 3 1 0 0 1 0 5 0 7 0 0 0 3 1 0 0 4 0 2 0 7 0 2 0 2 0 3 0 6 0 3 0 7 0 4 0 5 0 3 0 6 0 3 0 1 1 0 0 2 0 0 0 2 0 3 0 0 0 7 0 3 0 3 0 5 0 2 0 7 0 3 0 7 0 7 0 4 0 7 0 7 0 3 0 7 0 5 0 0 1 0 1 0 0 2 0 7 0 2 0 0 0 3 0 0 0 6 0 2 0 5 1 0 0 0 0 3 0 1 0 2 0 5 0 2 0 0 1 0 0 4 0 7 0 2 0 4 0 4 0 1 0 0 0 0 0 2 0 7 0 3 0 5 0 4 0 6 0 7 0 5 0 7 0 3 0 4 0 1 0 6 0 6 1 0 0 5 0 3 0 7 0 5 1 0 0 7 0 6 0 7 0 6 0 6 1 0 0 7 0 4 0 6 0 2 0 2 0 3 0 2 0 2 0 6 1 0 0 3 0 0 0 1 0 2 0 3 0 7 0 4 0 6 0 5 0 2 0 5 0 2 0 0 0 4 0 4 0 5 0 1 0 2 0 6 0 0 0 1 0 7 0 5 0 5 0 5 0 3 0 0 1 0 0 1 0 5 0 2 0 0 0 5 0 5 0 3 0 2 0 3 0 4 1 0 1 0 0 1 0 6 0 6 0 2 0 4 0 4 0 3 0 0 1 0 0 5 0 2 1 0 0 1 0 5 1 0 0 4 0 5 0 6 0 7 0 1 0 6 0 3 0 6 0 4 0 0 0 6 1 0 0 2 0 2 0 4 0 7 0 3 0 1 0 4 0 3 0 0 0 5 0 2 0 6 0 7 0 6
1 557 3 1 0 0 0 0 3 0 0 0 3 0 3 0 5 1 0 0 0 0 0 0 6 0 3 0 1 0 3 0 6 1 0 0 2 0 2 0 1 0 6 0 1 0 6 0 0 1 0 0 5 0 3 0 4 0 7 0 6 0 6 0 5 0 2 0 3 0 2 0 2 0 2 0 7 0 1 0 3 1 0 0 1 0 1 1 0 0 3 0 3 0 1 0 0 0 5 1 0 0 1 0 0 0 2 0 0 0 3 1 0 0 0 0 5 1 0 0 6 0 7 0 6 0 1 0 4 0 7 0 3 0 7 0 1 0 2 0 2 0 6 0 7 0 7 0 5 0 5 0 5 0 5 0 3 0 6 0 1 0 7 0 6 0 7 0 3 0 4 0 4 0 1 0 1 0 7 0 7 0 7 0 2 0 2 0 6 0 1 0 7 0 7 0 7 0 5 0 5 0 5 0 4 0 7 0 3 1 0 0 7 0 1 0 2 1 0 0 4 0 7 0 3 0 7 0 3 0 0 0 4 0 6 0 1 0 5 0 7 0 7 0 1 0 6 0 5 1 0 0 7 0 7 0 1 0 7 0 6 1 0 0 7 0 2 0 2 1 0 0 7 0 4 0 5 0 5 0 0 0 6 0 1 0 3 0 6 0 2 1 0 0 0 0 6 0 2 0 5 0 1 0 5 0 1 1 0 0 0 0 6 0 6 0 0 0 0 0 3 0 0 0 0 0 5 0 5 1 0 0 3 0 1 0 5 0 7 0 3 0 6 1 0 0 0 0 4 0 4 0 6 0 0 0 1 1 0 0 7 0 4 0 0 0 6 0 5 0 7 0 5 0 6 0 0 0 6 0 1 0 4 0 5 0 4 0 6 0 4 0 5 0 4 1 0 0 6 0 0 0 2 0 4 0 7 0 6 0 1 0 5 0 2 0 6 0 1 0 5 0 1 0 0 0 1 0 2 0 3 0 5 0 3 0 1 0 3 0 6 0 3 0 3 0 2 0 7 0 1 0 7 0 2 0 1 0 5 0 1 0 2 0 2 0 7 0 4 0 7 0 1 0 0 0 7 0 2 0 4 0 4 0 6 0 0 0 0 0 7 0 1 1 0 0 1 0 6 0 7 0 2 0 3 0 0 0 0 0 3 0 5 0 6 0 4 0 3 1 0 0 5 0 0 0 2 0 4 1 0 0 4 0 5 0 0 0 6 0 7 0 2 1 0 0 7 0 1 0 1 0 6 0 4 0 7 0 5
0 557 7 0 6 1 0 0 6 0 0 0 6 0 7 0 2 1 0 0 0 0 1 0 3 0 7 0 2 0 7 0 4 1 0 0 4 0 4 0 3 0 3 0 4 0 3 0 2 1 0 0 1 1 0 0 1 0 7 0 5 0 5 0 2 0 5 0 6 0 4 0 4 0 5 0 5 0 3 0 7 0 7 0 1 0 3 0 7 0 5 0 6 0 2 0 1 0 2 1 0 0 2 0 0 0 4 0 0 0 7 0 7 0 0 0 3 0 0 0 4 0 7 0 4 0 4 0 0 0 6 1 0 0 6 0 3 0 4 0 5 0 4 0 7 0 7 0 3 0 3 0 3 0 2 1 0 0 4 0 4 0 6 0 5 0 6 1 0 0 1 0 0 0 3 0 3 0 6 0 7 0 6 0 5 0 5 0 3 0 4 0 6 0 7 0 7 0 3 0 3 0 3 0 1 0 7 0 0 0 0 0 5 0 3 0 5 1 0 0 0 0 6 1 0 0 6 0 7 0 1 0 0 0 4 0 4 0 2 0 7 0 6 0 4 0 4 0 4 0 0 0 6 0 6 0 4 0 6 0 6 0 0 0 5 0 5 0 5 1 0 0 6 0 1 0 3 0 2 0 2 0 3 0 3 0 7 0 3 0 6 0 7 0 0 0 3 0 6 0 1 0 4 0 1 0 4 0 7 0 0 0 4 0 4 0 1 0 0 0 6 0 0 0 1 0 2 0 3 1 0 0 6 0 3 0 2 0 6 1 0 0 5 1 0 0 1 0 0 0 1 0 4 0 1 0 3 1 0 0 6 0 0 0 2 0 4 0 3 0 7 0 3 0 4 0 2 0 3 0 4 0 0 0 3 0 1 0 5 0 1 0 3 0 2 0 0 0 3 0 1 0 5 0 0 0 7 0 4 0 4 0 1 0 6 0 3 0 4 0 1 0 3 0 0 0 2 0 4 0 7 0 1 0 7 0 2 0 7 0 3 0 7 0 6 0 5 0 5 0 4 0 5 0 5 0 3 0 1 0 3 0 4 0 5 0 6 0 1 0 6 0 3 0 1 0 5 0 6 0 0 0 1 0 4 0 1 0 1 0 5 0 4 0 7 0 2 0 4 0 6 0 5 0 6 0 0 0 0 0 7 0 2 0 5 0 1 0 0 0 0 0 1 0 1 0 5 0 1 0 0 0 0 0 2 0 2 0 4 0 6 0 6 1 0 0 5 0 3 0 3 0 4 0 1 0 7 0 3
1 559 1 0 6 0 6 0 0 0 3 0 2 0 4 0 6 0 6 0 6 1 0 0 2 0 7 0 5 0 6 0 6 0 2 0 0 0 0 0 0 0 7 0 6 1 0 0 7 0 5 0 7 0 2 0 7 0 2 0 6 0 3 0 2 0 6 0 2 0 5 0 1 0 1 0 3 0 2 1 0 0 7 0 6 0 3 0 7 0 6 0 3 0 4 0 5 0 2 0 5 0 7 0 3 0 0 1 0 0 2 0 6 0 6 0 1 0 6 0 1 0 0 0 7 0 1 0 0 0 2 0 5 0 0 0 3 1 0 0 1 0 3 0 1 0 7 0 6 0 7 0 6 0 6 0 5 1 0 0 0 0 1 0 5 0 3 0 5 1 0 0 2 0 0 0 6 0 7 0 4 0 7 0 5 0 3 0 2 1 0 0 1 0 5 0 7 0 6 0 7 0 6 0 6 0 3 0 5 0 1 0 1 0 1 1 0 0 3 1 0 0 1 0 5 0 0 0 4 0 6 0 3 0 1 0 0 0 0 0 6 0 6 0 5 0 1 0 1 0 0 0 2 0 4 0 5 0 1 0 5 0 4 0 2 0 2 0 3 0 4 0 0 0 3 0 3 0 6 0 4 0 4 0 6 0 7 0 5 1 0 0 5 0 6 0 1 0 7 0 3 0 3 1 0 0 4 0 0 0 6 0 2 0 0 0 0 0 3 0 1 0 3 0 1 0 2 0 4 1 0 0 0 0 3 0 7 0 5 0 5 0 0 0 2 1 0 0 2 0 0 0 2 1 0 0 3 1 0 0 0 0 3 0 1 0 4 1 0 1 0 0 6 1 0 0 0 0 5 0 6 1 0 0 1 0 6 0 3 0 1 0 3 0 6 0 4 0 0 0 6 0 3 0 1 0 2 0 6 0 1 0 0 0 4 0 3 1 0 0 0 0 3 0 6 0 0 0 5 0 0 0 6 0 4 0 5 0 6 0 5 1 0 0 7 0 5 0 3 0 3 0 1 0 3 0 2 0 7 0 2 0 7 0 0 0 3 0 4 0 4 0 3 0 7 0 3 0 2 0 4 0 1 0 2 1 0 0 3 0 3 0 2 0 1 0 6 0 6 0 0 0 5 0 3 0 4 0 1 0 1 0 5 0 6 0 1 0 3 0 0 0 0 0 2 0 3 0 1 0 3 0 0 0 0 0 4 0 5 0 0 0 5 0 6 0 0 0 1 0 7 0 6 1 0 0 4 0 5 1 0
1 559 3 0 4 0 4 0 1 0 6 0 5 0 0 0 5 0 5 0 5 1 0 0 5 0 6 0 3 0 5 0 4 0 5 0 0 0 0 0 1 0 6 0 6 0 0 0 6 0 3 0 6 0 6 0 5 0 6 0 3 0 7 0 5 0 3 0 6 0 1 0 3 0 2 0 6 0 5 1 0 0 6 0 4 1 0 0 7 0 4 1 0 0 1 0 2 0 6 0 2 0 6 0 7 0 1 0 7 0 4 0 4 0 4 0 4 0 3 0 3 0 1 0 5 0 3 0 0 0 5 0 1 0 1 0 7 0 7 0 1 0 6 0 3 0 6 0 5 0 7 0 5 0 5 0 3 1 0 0 0 0 3 0 1 1 0 0 3 1 0 0 4 0 1 0 4 0 7 0 1 0 7 0 2 0 7 0 5 0 7 0 2 0 2 0 7 0 5 0 7 0 5 0 4 1 0 0 2 0 3 0 2 0 3 0 7 0 6 0 7 0 2 0 1 0 2 0 0 0 4 0 7 0 2 0 0 0 1 0 4 0 5 0 2 0 3 0 2 0 0 0 5 0 0 0 2 0 4 0 2 0 0 0 5 0 4 0 6 1 0 0 1 0 6 0 7 0 4 0 1 0 1 0 5 0 7 0 4 0 0 0 2 0 4 0 4 0 5 0 7 0 7 0 7 0 7 0 1 0 3 0 5 0 0 0 0 0 6 0 2 0 6 0 2 0 5 0 0 1 0 0 0 0 7 0 6 0 3 0 2 0 1 0 5 0 7 0 3 0 0 0 5 0 7 0 6 0 6 1 0 0 6 0 3 0 1 0 0 1 0 0 4 1 0 0 1 0 2 0 5 1 0 0 3 0 3 0 7 0 2 0 7 0 4 0 0 0 2 0 3 0 7 0 2 0 5 0 3 0 3 0 0 1 0 1 0 1 0 0 0 0 7 0 3 0 2 0 1 0 2 0 4 0 1 0 3 0 5 0 4 0 0 0 6 0 2 0 7 0 6 0 2 0 6 0 5 0 5 0 6 0 5 0 1 0 7 0 0 0 0 1 0 0 6 0 7 0 4 1 0 0 3 0 5 0 7 0 5 0 6 0 4 0 3 0 4 0 4 0 2 0 1 1 0 0 0 0 3 0 3 0 2 0 4 0 3 0 6 0 0 0 0 0 4 0 6 0 2 0 6 0 0 0 1 0 0 0 2 0 2 0 2 0 4 0 1 0 3 0 6 0 6 0 0 0 0 0 3 1 0
1 559 7 0 0 0 0 0 4 0 4 0 2 0 2 0 2 0 3 0 4 0 0 0 2 0 4 1 0 0 3 0 1 0 2 0 1 0 0 0 3 0 4 0 4 0 2 0 3 1 0 0 5 0 5 0 3 0 4 1 0 0 7 0 2 1 0 0 4 0 3 0 6 0 5 0 4 0 4 0 0 0 4 0 2 0 0 0 6 0 1 1 0 0 2 0 5 0 3 0 6 0 4 0 6 0 4 0 6 0 1 0 1 0 1 0 0 0 7 0 6 0 3 0 1 0 7 0 1 0 1 0 3 0 3 0 6 0 6 0 4 0 3 1 0 0 5 0 3 0 7 0 3 0 2 1 0 1 0 0 0 0 6 0 3 0 7 0 6 0 7 0 7 0 3 0 0 0 6 0 4 0 5 0 6 0 6 0 3 0 6 0 5 0 5 0 6 0 3 0 7 0 3 0 1 1 0 0 4 0 6 0 4 0 7 0 6 0 5 0 6 0 5 0 2 0 4 0 1 0 0 0 6 0 5 0 0 0 3 0 0 0 2 0 5 0 6 0 4 0 1 0 1 0 1 0 4 1 0 0 5 0 1 0 2 0 1 0 5 1 0 0 3 0 4 0 7 0 0 0 3 0 3 0 2 0 7 0 0 0 1 0 5 0 0 0 1 0 3 0 7 0 7 0 7 0 6 0 3 0 7 0 1 0 1 0 1 0 3 0 6 0 3 0 6 0 1 0 2 0 7 0 0 0 6 0 4 0 7 0 4 0 3 0 2 0 6 0 7 0 1 0 2 0 7 0 5 0 6 0 0 0 3 0 7 0 2 0 1 1 0 0 0 1 0 0 2 0 5 0 2 1 0 0 6 0 7 0 5 0 6 0 6 0 0 0 1 0 4 0 7 0 5 0 6 0 1 0 7 0 6 0 1 1 0 1 0 0 7 0 0 0 5 0 7 0 4 0 2 0 4 1 0 0 3 0 7 0 2 0 0 0 2 0 3 0 6 0 6 0 4 0 6 0 4 0 3 0 3 0 5 0 2 0 4 0 5 0 1 0 1 1 0 0 4 0 7 0 1 1 0 0 7 0 2 0 7 0 3 0 5 0 0 1 0 0 1 0 0 0 5 0 3 0 6 1 0 0 6 0 6 0 4 1 0 1 0 0 4 0 1 0 1 0 0 0 4 0 6 0 3 0 1 0 2 0 0 0 4 0 4 0 4 1 0 0 3 0 7 0 4 0 4 0 1 0 0 0 7 0 6
1 561 1 0 5 0 1 0 1 0 0 0 0 0 5 0 4 0 4 0 6 1 0 0 1 0 5 0 0 1 0 0 6 0 2 0 4 0 2 0 0 0 7 0 0 0 0 0 5 1 0 0 0 0 2 0 2 1 0 0 2 0 0 0 5 0 6 0 7 0 7 0 7 0 4 0 3 0 1 0 0 0 1 1 0 0 5 0 1 0 3 0 4 0 7 0 4 0 1 1 0 0 5 0 1 0 5 0 1 0 4 0 3 0 2 0 2 0 1 0 6 0 4 0 7 0 3 0 5 0 3 0 2 0 6 0 7 0 4 0 5 0 1 0 0 0 0 0 1 1 0 0 6 0 7 0 5 1 0 0 7 0 0 0 3 1 0 0 7 0 5 0 7 0 6 0 7 0 1 0 4 0 1 0 3 0 5 0 4 1 0 0 5 0 3 0 3 0 4 1 0 0 6 0 7 0 3 1 0 0 0 0 5 0 1 0 7 0 5 0 3 0 5 0 2 0 5 1 0 0 3 0 1 0 4 0 2 0 1 0 6 0 0 0 5 0 2 0 5 0 0 0 3 0 2 0 3 0 1 0 0 0 1 0 3 0 4 0 3 0 2 1 0 0 7 0 0 0 6 0 1 0 6 0 6 0 5 0 5 0 1 0 3 0 1 0 1 0 2 0 7 0 6 0 7 0 7 0 4 1 0 0 6 0 3 0 2 0 2 0 7 0 3 1 0 0 4 0 3 0 5 0 5 0 2 0 4 0 1 0 7 0 0 0 7 0 5 0 4 0 6 0 3 0 5 0 6 0 3 0 4 0 1 0 7 0 5 0 5 0 3 0 7 0 0 0 7 0 4 0 1 0 6 1 0 0 4 0 7 0 3 0 5 0 4 0 1 0 3 0 0 0 7 0 3 0 4 0 4 0 6 0 4 0 4 1 0 1 0 0 5 0 2 0 2 0 7 0 0 0 6 0 0 1 0 0 7 0 5 0 5 0 0 0 4 0 7 0 4 0 5 0 1 0 5 0 0 0 7 0 7 0 1 0 6 0 0 0 2 0 3 0 3 1 0 0 0 0 6 0 4 1 0 0 5 0 6 0 5 1 0 0 2 0 2 0 7 0 1 0 1 0 1 1 0 0 6 0 0 0 4 0 5 0 2 0 0 0 7 0 7 0 2 0 2 0 1 0 0 0 4 0 7 0 2 0 4 0 1 0 0 0 1 0 1 1 0 0 7 0 6 0 1 0 0 0 3 0 1 0 6 0 5
0 561 3 0 1 0 3 0 2 0 0 0 1 0 2 0 1 0 1 0 5 1 0 0 3 0 1 0 2 1 0 0 3 0 5 1 0 0 5 0 1 0 5 0 1 0 1 0 2 1 0 0 0 0 4 0 5 0 7 0 3 0 1 0 2 0 5 0 7 0 7 0 7 0 0 0 7 0 2 0 0 0 3 1 0 0 1 0 3 0 7 0 0 0 7 0 0 0 4 1 0 0 1 0 4 0 1 0 3 1 0 0 7 0 4 0 4 0 3 0 4 0 1 0 6 1 0 0 2 0 7 0 5 0 4 0 7 0 1 0 2 0 3 0 0 0 0 0 3 1 0 0 4 0 7 0 4 0 0 0 5 0 1 1 0 0 0 0 6 0 3 0 7 0 5 0 6 0 3 1 0 0 3 0 7 0 2 0 2 0 0 0 1 0 7 0 7 0 1 0 0 0 4 0 6 1 0 1 0 0 1 0 1 0 4 0 6 0 2 1 0 0 2 0 6 0 2 1 0 0 6 0 2 1 0 0 5 0 3 0 3 0 2 0 1 0 6 0 1 0 1 0 6 0 4 0 6 0 2 0 0 0 2 0 6 1 0 0 7 0 5 1 0 0 5 0 2 0 3 0 4 0 4 0 5 0 3 0 2 0 3 0 6 0 2 0 2 0 5 0 6 0 5 0 7 0 7 0 2 0 0 0 3 0 7 0 4 0 5 0 5 1 0 1 0 1 0 1 0 0 3 0 2 0 5 1 0 0 4 0 5 0 2 0 6 0 3 0 1 0 4 1 0 0 3 0 4 1 0 0 0 0 4 0 6 0 3 0 2 1 0 0 6 0 2 0 6 0 0 0 4 0 5 0 0 0 0 0 6 1 0 0 3 0 0 0 3 0 6 0 1 0 5 1 0 0 1 0 1 0 5 0 1 0 2 0 0 1 0 0 1 0 5 0 5 0 5 0 2 0 3 0 2 1 0 0 6 0 3 0 2 0 2 0 0 0 7 0 1 0 2 0 4 0 1 0 2 0 6 0 6 0 4 0 3 0 1 0 4 0 6 0 7 0 7 0 0 0 4 0 2 0 0 0 2 0 5 0 3 1 0 0 4 0 5 0 5 0 3 0 2 0 3 1 0 0 3 0 2 0 0 0 2 0 5 0 1 0 6 0 6 0 5 0 4 0 2 0 1 0 0 0 6 0 5 1 0 0 3 0 0 0 2 0 3 1 0 0 6 0 4 0 3 0 0 0 6 0 3 0 4 0 3
1 561 6 0 2 0 6 0 4 0 0 0 2 0 4 0 2 0 3 0 2 1 0 0 6 0 2 0 5 0 7 0 6 0 3 0 0 0 1 0 4 0 1 0 3 0 2 0 5 0 7 0 0 0 0 0 3 0 6 0 7 0 2 0 5 0 2 0 7 0 7 0 6 0 2 0 5 0 5 0 0 0 7 0 7 0 1 0 7 0 5 0 2 0 5 0 2 0 0 1 0 0 2 1 0 0 3 1 0 0 0 0 6 0 1 0 0 1 0 0 0 0 4 0 4 1 0 0 5 0 6 0 3 0 1 0 6 0 3 0 4 0 6 0 0 0 0 1 0 0 0 0 0 0 7 0 0 0 2 0 1 0 4 0 7 0 0 0 3 1 0 0 7 0 3 0 4 1 0 1 0 0 7 0 5 0 5 0 4 0 0 0 3 0 6 0 6 0 3 0 1 0 0 0 6 0 0 0 7 0 1 0 3 0 0 0 4 0 6 0 7 0 4 0 3 0 6 1 0 0 3 0 6 1 0 0 1 0 7 0 6 0 4 0 3 0 3 0 3 0 3 0 4 0 1 0 4 0 5 0 0 0 5 0 5 0 0 0 6 0 4 0 0 0 1 0 5 0 7 0 0 0 1 0 2 0 7 0 4 0 7 0 3 0 5 0 5 0 2 0 5 0 3 0 7 0 6 0 5 0 0 0 7 0 6 0 1 0 3 0 4 0 0 1 0 1 0 0 7 0 5 0 5 0 3 0 0 0 0 0 2 0 6 0 3 0 7 0 3 0 0 1 0 0 7 0 0 1 0 0 1 0 0 0 4 0 7 0 5 1 0 0 3 0 6 0 3 0 2 0 0 0 2 0 1 0 1 0 4 1 0 0 6 0 0 0 7 0 3 0 4 0 2 1 0 0 2 0 3 0 1 0 3 0 4 0 1 0 7 0 2 0 2 0 3 0 2 0 5 0 6 0 5 1 0 0 3 0 7 0 4 0 4 0 1 0 5 0 3 0 4 1 0 0 3 0 5 0 4 0 5 0 0 0 7 0 3 0 0 0 5 0 7 0 6 0 1 1 0 0 5 0 0 0 5 0 2 0 0 0 0 0 0 0 3 0 2 0 7 0 4 0 7 0 7 0 5 0 4 0 0 0 5 0 1 0 4 0 4 0 5 0 3 0 0 0 5 0 2 0 1 0 4 0 3 1 0 0 6 0 0 0 4 1 0 0 0 0 4 0 0 0 7 0 1 0 3 1 0 0 0 1 0
1 563 1 0 3 0 6 0 4 0 0 0 1 0 4 1 0 0 5 0 6 0 5 1 0 0 3 0 6 0 2 0 7 0 4 0 7 0 0 0 2 1 0 0 3 0 6 0 5 0 2 0 6 0 1 0 0 0 7 0 4 0 6 0 6 0 1 0 6 0 6 0 7 0 4 0 6 0 2 0 2 0 2 0 6 0 6 0 4 0 6 0 2 0 6 0 1 0 5 0 1 0 7 0 4 0 7 0 6 0 7 0 0 0 3 0 3 0 1 0 7 0 0 0 0 0 2 0 0 0 2 0 4 0 7 0 3 0 3 1 0 0 1 0 4 0 1 0 1 0 6 1 0 0 1 0 5 0 1 0 4 0 3 0 0 0 6 0 1 1 0 0 0 0 5 1 0 0 2 0 0 1 0 0 6 0 3 0 3 0 0 0 1 0 7 0 4 0 4 0 7 0 2 0 1 0 3 0 2 0 5 0 3 0 6 0 1 0 0 0 5 0 7 0 0 1 0 0 5 1 0 0 7 0 4 1 0 0 3 0 6 0 5 0 0 0 7 0 6 0 6 0 6 1 0 0 4 0 0 0 2 0 2 0 2 0 2 0 2 0 4 0 0 0 1 0 3 0 2 0 6 0 1 0 2 0 5 0 6 0 1 0 6 1 0 0 3 0 2 0 6 0 1 1 0 0 7 0 5 0 2 0 2 0 6 0 4 0 3 0 6 1 0 0 2 1 0 1 0 0 6 0 3 0 2 0 7 0 0 0 0 0 5 0 3 1 0 0 6 0 7 0 1 1 0 0 5 0 2 0 7 0 1 0 1 0 0 0 7 0 3 1 0 0 7 0 3 0 7 0 4 0 0 0 4 0 2 0 3 0 1 0 0 0 3 0 2 0 5 1 0 0 0 0 6 0 7 0 3 0 6 0 2 0 6 1 0 0 4 0 5 0 5 0 4 0 6 0 5 0 2 0 5 0 3 1 0 0 7 0 6 0 1 0 0 0 4 0 1 1 0 0 1 1 0 0 7 0 2 0 1 0 2 0 2 0 5 0 7 0 1 0 2 0 7 0 4 0 4 1 0 0 1 0 2 0 1 0 5 0 0 0 0 0 0 0 6 0 5 0 6 0 1 0 7 0 7 0 3 0 0 0 2 0 1 0 4 0 0 0 1 0 2 0 7 0 1 0 1 0 5 0 3 0 0 0 0 0 0 0 3 0 2 0 0 1 0 0 0 1 0 0 2 0 5 0 3 0 7 0 7 0 0 0 6
1 563 2 0 7 0 4 0 0 0 1 0 3 0 1 0 0 0 2 0 5 0 3 1 0 0 7 0 3 0 6 0 6 0 1 0 6 0 1 0 5 0 7 0 6 0 4 0 2 0 6 0 3 0 3 0 1 0 6 0 1 0 5 0 4 0 4 0 4 0 5 0 7 0 1 0 4 0 5 0 4 0 5 0 4 0 5 0 1 0 4 0 6 0 3 0 4 0 1 0 4 0 6 0 1 0 7 0 5 0 6 0 1 0 6 0 6 0 3 0 5 0 1 0 0 0 4 0 0 0 5 0 0 0 6 0 7 0 7 0 7 0 1 1 0 0 3 0 3 0 4 1 0 0 3 0 1 0 3 1 0 0 7 0 1 0 3 0 4 0 7 0 0 0 2 1 0 0 4 0 1 1 0 0 3 0 7 0 6 0 0 0 3 0 6 0 1 0 1 0 6 0 5 0 2 0 6 0 5 0 1 1 0 0 4 0 3 0 1 0 2 0 6 0 2 1 0 0 3 0 0 0 6 0 1 1 0 0 7 0 4 0 2 0 2 0 6 0 5 0 5 0 5 1 0 1 0 0 1 0 4 0 4 0 4 0 4 0 4 1 0 0 1 0 2 0 6 0 5 0 3 0 3 0 5 0 2 0 4 0 4 0 4 1 0 0 6 0 5 0 3 0 4 1 0 0 6 0 2 0 5 0 5 0 4 0 0 1 0 0 5 1 0 0 5 1 0 1 0 0 3 0 7 0 5 0 5 0 1 0 1 0 2 0 0 0 0 0 4 0 6 0 4 1 0 0 1 0 6 0 5 0 3 0 2 0 1 0 6 0 0 0 0 0 5 1 0 0 7 0 0 0 1 1 0 0 5 0 6 0 2 0 0 0 6 0 5 0 2 1 0 0 1 0 4 0 6 1 0 0 4 0 6 0 5 0 0 0 0 0 3 0 3 0 1 0 5 0 2 0 6 0 2 0 0 0 0 0 6 0 4 0 3 0 0 1 0 0 4 0 7 0 2 1 0 0 5 0 5 0 2 0 4 0 5 0 2 0 6 0 3 0 5 0 6 0 1 0 1 1 0 0 2 0 4 0 3 0 1 0 1 0 0 0 1 0 4 0 3 0 4 0 4 0 6 0 6 0 7 0 0 0 4 0 2 1 0 0 1 0 2 0 5 0 5 0 3 0 3 0 1 0 7 0 0 0 0 0 0 0 6 0 4 0 1 0 7 0 0 0 7 0 4 0 1 1 0 0 7 0 6 0 2 0 4
0 563 5 0 6 0 0 0 1 0 2 0 6 0 2 0 0 0 5 0 2 0 0 0 0 0 5 1 0 0 5 0 4 0 4 0 3 0 4 0 2 0 7 0 5 0 0 0 6 0 3 0 7 0 6 0 3 0 3 0 4 0 2 0 1 0 1 0 1 0 3 0 6 0 4 0 0 0 3 0 1 0 3 0 1 0 2 0 4 0 0 0 4 1 0 0 0 0 4 0 0 0 4 0 4 0 6 0 3 0 4 0 4 0 4 0 4 1 0 0 2 0 3 0 0 1 0 0 2 0 1 0 2 0 4 0 7 0 7 0 6 0 4 0 7 0 5 0 7 0 0 1 0 0 6 0 2 1 0 0 0 0 5 0 3 0 7 0 0 0 6 0 1 0 5 0 7 0 7 0 3 0 7 0 6 0 6 0 4 0 1 0 7 0 3 0 3 0 3 0 4 0 2 0 6 0 4 0 2 0 4 0 7 0 7 0 6 0 2 0 5 0 3 0 6 0 7 0 5 0 1 0 3 0 4 1 0 0 6 0 0 0 5 0 5 0 4 0 3 0 3 0 4 0 0 0 7 0 2 0 0 0 1 0 1 0 1 0 1 1 0 0 2 0 5 0 4 0 2 0 7 0 7 0 1 0 6 0 0 0 1 0 2 0 0 0 4 0 2 1 0 0 2 0 0 0 3 0 6 0 2 0 3 0 0 0 2 1 0 0 3 0 0 0 3 0 0 0 7 0 6 0 6 0 3 0 2 0 3 0 2 0 4 0 0 0 1 0 0 0 5 0 1 1 0 0 3 0 4 0 2 0 7 0 4 0 3 0 3 0 1 0 1 0 3 0 0 0 5 0 1 0 3 1 0 0 2 0 4 0 5 0 1 0 4 0 2 0 6 0 7 0 2 0 0 0 6 0 0 0 0 0 5 0 2 0 1 0 0 0 6 0 6 0 3 0 1 0 6 0 3 0 5 0 0 0 1 0 4 0 0 0 7 0 1 1 0 0 0 0 6 0 6 1 0 0 2 0 2 0 6 0 0 0 2 0 6 0 3 1 0 0 3 0 4 0 3 0 3 0 7 0 3 1 0 0 7 0 2 0 2 0 0 0 2 1 0 1 0 0 1 0 1 0 5 0 5 0 6 0 1 1 0 0 6 0 7 0 1 0 5 0 2 0 2 0 7 0 6 0 3 0 5 0 1 0 0 0 1 0 4 0 0 0 4 0 5 0 2 0 6 0 0 0 4 1 0 0 6 0 4 0 6 0 0
0 565 1 0 2 0 4 0 1 0 2 0 5 0 3 0 5 0 1 0 1 0 5 0 0 0 1 0 3 0 0 0 2 0 1 0 0 1 0 0 0 0 6 0 6 0 2 0 2 0 3 1 0 0 7 0 4 0 7 0 6 1 0 0 5 0 2 0 2 0 2 0 7 0 4 0 0 0 1 0 6 0 2 0 6 0 2 0 4 1 0 0 2 0 0 1 0 0 0 1 0 0 2 0 0 0 1 0 4 1 0 0 1 0 1 0 1 0 1 1 0 0 4 0 6 0 1 0 7 0 3 0 2 0 5 0 0 0 7 0 7 0 5 0 1 0 7 0 3 0 6 0 2 1 0 0 3 0 6 0 7 0 0 0 1 1 0 0 6 0 2 0 3 0 4 0 2 0 7 0 6 1 0 0 7 0 5 0 5 0 0 0 4 0 5 0 7 0 6 0 6 1 0 0 6 0 4 0 0 0 6 0 0 0 7 0 7 0 4 0 6 0 1 1 0 0 5 0 7 0 2 0 3 0 7 0 1 0 0 0 3 0 2 0 2 0 3 0 0 0 7 0 6 1 0 0 2 0 5 0 5 0 0 0 2 0 2 0 2 0 3 0 7 0 4 0 2 0 0 0 6 0 6 0 6 0 4 0 3 0 1 0 2 0 4 0 0 1 0 0 6 0 7 0 3 0 0 0 7 0 3 0 5 0 6 0 0 0 5 0 7 0 5 0 0 0 6 0 1 0 6 0 5 0 4 0 7 0 4 0 6 0 4 1 0 0 1 0 2 0 1 0 1 0 4 0 7 0 5 1 0 0 6 0 6 0 0 0 7 0 6 0 2 0 2 0 6 0 1 0 1 0 3 0 7 0 7 0 4 0 0 0 2 0 3 1 0 0 6 0 4 0 6 0 5 0 1 0 3 0 1 0 1 0 1 0 5 0 2 0 1 0 4 0 4 0 7 0 3 0 3 1 0 0 2 0 1 0 2 1 0 0 2 0 5 0 4 0 7 0 0 0 4 0 5 1 0 0 4 0 5 0 3 0 1 0 5 0 3 1 0 1 0 0 6 1 0 0 7 0 7 0 6 0 0 0 0 0 5 0 5 0 4 0 0 0 5 1 0 0 7 0 1 0 3 0 2 0 3 0 4 0 4 1 0 0 4 0 6 0 4 0 1 0 5 0 5 0 6 0 4 1 0 0 2 0 3 0 0 0 2 1 0 0 2 0 0 0 2 0 6 0 3 0 2 0 1 0 0 0 4 0 1 0 4 0 1
0 565 2 0 4 1 0 0 3 0 5 0 1 1 0 0 2 0 3 0 3 0 1 0 1 0 2 0 6 0 0 0 4 0 2 0 1 0 7 0 0 0 4 0 4 0 5 0 4 1 0 0 0 0 6 0 1 0 7 0 6 0 0 0 1 0 5 0 4 0 5 0 6 0 0 0 1 0 3 0 3 0 6 0 3 0 6 0 0 1 0 0 4 0 1 0 7 0 0 0 7 0 3 0 0 0 3 0 0 1 0 0 2 0 2 0 2 0 3 1 0 0 0 0 4 0 4 0 5 0 7 0 5 0 1 0 2 0 6 0 7 0 2 0 4 0 5 1 0 0 4 0 6 0 7 0 6 0 4 0 6 0 1 0 3 1 0 0 3 0 5 0 6 1 0 0 6 0 6 0 6 0 0 0 6 0 3 0 2 0 2 0 0 0 3 0 7 0 5 0 6 0 0 0 4 0 0 0 2 0 3 0 2 0 6 0 7 0 1 0 4 0 4 1 0 0 2 0 6 0 5 0 7 0 5 0 3 0 0 0 6 0 4 0 4 0 6 0 1 0 6 0 5 1 0 0 5 0 2 0 2 0 1 0 4 0 4 0 4 0 7 0 6 0 0 0 5 0 1 0 4 0 5 0 5 0 0 0 7 0 2 0 4 1 0 0 2 1 0 0 4 0 6 0 7 0 1 0 5 1 0 0 3 0 4 0 2 0 2 0 7 0 2 0 2 0 3 0 4 0 4 0 3 0 1 0 7 0 1 0 5 0 1 1 0 0 2 0 4 0 2 0 3 0 0 0 7 0 4 0 0 0 4 0 4 0 2 0 6 0 4 0 5 0 5 0 3 0 3 0 2 0 7 0 6 0 7 0 0 0 1 0 4 1 0 0 0 0 4 0 1 0 5 0 2 0 3 0 6 0 2 0 2 0 3 0 1 0 5 0 3 0 0 0 1 0 6 0 7 0 7 0 7 0 3 0 2 0 5 0 7 0 4 0 2 0 1 0 6 0 2 0 0 0 4 0 0 0 0 0 2 0 7 0 3 0 2 0 0 0 0 1 0 0 5 0 0 0 6 0 7 0 4 0 1 0 1 0 2 0 3 0 0 0 2 0 3 0 0 0 5 0 3 0 6 0 4 0 7 0 0 0 2 0 0 0 0 0 5 0 0 0 4 0 2 0 3 0 5 0 1 1 0 0 4 0 6 0 0 0 5 0 7 0 3 0 0 0 5 0 3 0 7 0 4 0 2 0 0 1 0 0 3 1 0 0 3
1 565 5 0 0 1 0 0 7 0 1 0 4 0 7 0 3 0 6 0 6 0 2 0 2 0 5 0 3 0 1 1 0 0 5 0 3 0 5 0 2 0 0 0 1 0 3 0 1 1 0 0 1 0 3 0 4 0 6 0 4 0 1 0 3 0 2 0 1 0 3 0 4 0 1 0 2 0 6 0 7 0 3 1 0 0 4 0 2 0 7 0 7 0 3 0 5 0 2 0 5 0 7 0 0 0 6 0 1 0 7 0 3 0 4 0 4 0 7 0 7 0 0 0 0 0 1 0 3 0 7 0 2 0 3 0 5 0 4 0 6 0 6 0 0 0 4 0 0 0 0 0 5 0 7 0 5 0 1 0 4 0 3 0 7 0 7 0 6 0 2 0 6 0 0 0 4 0 5 0 4 0 2 0 3 0 7 0 4 0 4 0 0 0 7 0 6 0 3 0 4 0 1 1 0 0 1 0 4 0 6 0 5 0 4 0 6 0 4 0 0 0 1 1 0 0 5 0 4 0 3 0 7 0 2 0 7 0 1 0 4 0 1 0 1 0 4 0 4 0 4 0 4 0 0 0 1 0 5 0 4 0 3 0 0 0 1 0 1 0 7 0 4 0 2 0 1 0 4 0 0 0 3 0 2 0 2 0 5 0 6 0 0 1 0 0 5 1 0 0 0 0 5 0 6 0 4 0 2 1 0 0 6 1 0 0 5 0 5 0 5 0 5 0 4 0 7 0 0 0 0 0 7 0 3 0 5 0 4 0 1 0 4 0 7 0 3 1 0 0 5 0 6 0 1 0 6 0 0 0 2 0 0 0 0 0 6 0 4 0 1 0 3 0 2 0 7 0 6 0 5 0 6 0 5 0 6 0 1 0 3 0 0 1 0 0 0 1 0 0 4 0 1 0 5 0 7 0 3 0 5 0 4 0 6 0 3 0 1 0 7 0 0 0 3 0 4 0 7 0 7 0 6 0 7 0 5 0 2 0 7 0 0 0 5 0 3 0 3 0 5 0 0 1 0 0 1 0 0 0 5 0 5 0 7 0 4 0 0 0 1 1 0 0 1 0 2 0 4 0 7 0 0 0 3 0 2 0 4 0 6 0 0 0 4 0 6 0 1 0 1 1 0 0 5 0 1 0 6 0 1 0 4 0 0 0 1 0 1 0 1 1 0 0 5 0 7 0 1 0 4 1 0 0 0 0 4 0 2 0 2 0 6 0 7 0 1 0 1 1 0 0 7 0 0 0 5 0 1 0 7 0 6 0 7 0 5
0 567 1 0 1 0 2 1 0 0 5 0 4 0 0 0 6 1 0 0 5 0 4 0 5 0 5 0 1 0 7 0 3 1 0 0 1 1 0 0 2 0 5 0 0 0 2 0 6 0 3 0 7 0 1 0 7 0 0 0 5 0 0 0 3 0 6 0 4 0 2 0 6 1 0 0 3 0 5 0 4 0 6 1 0 1 0 1 0 0 6 0 6 0 6 1 0 0 2 0 6 0 2 0 6 0 2 0 3 0 4 0 5 1 0 0 1 0 1 0 7 0 6 0 1 0 0 0 2 0 7 0 5 0 5 0 7 0 2 0 1 0 5 0 4 0 1 1 0 0 1 0 1 0 2 0 7 0 2 0 3 1 0 1 0 0 7 0 7 0 4 0 6 0 3 0 2 0 0 0 3 0 0 0 5 0 7 0 6 0 1 0 0 0 2 0 6 0 4 1 0 0 0 0 4 0 7 0 2 0 0 0 5 0 3 0 1 0 5 0 0 0 1 0 3 1 0 0 2 0 0 1 0 0 6 0 6 0 5 0 3 1 0 0 3 0 3 0 0 0 1 0 1 0 0 0 1 0 3 0 2 0 0 0 7 0 0 0 2 0 3 0 6 0 0 0 5 0 2 1 0 0 1 0 6 0 4 0 5 0 2 0 4 0 2 1 0 0 2 1 0 0 1 0 2 0 5 0 0 0 6 1 0 0 5 0 0 0 2 0 3 0 3 0 3 0 1 0 6 0 1 0 1 0 5 1 0 0 3 0 0 0 4 0 0 0 7 0 0 0 0 0 2 0 4 0 4 0 3 0 1 0 4 0 0 0 1 0 4 0 0 0 3 0 6 0 5 0 6 0 5 0 3 0 5 0 3 0 4 0 3 0 6 0 1 0 7 0 0 0 7 0 7 0 3 0 2 0 6 1 0 0 3 0 1 0 4 0 7 0 3 0 5 0 1 0 7 0 0 0 7 0 7 0 5 0 7 0 2 0 6 0 5 0 2 0 1 0 7 0 7 0 1 0 2 0 7 0 1 0 1 0 2 0 3 0 7 0 0 0 1 0 3 0 7 0 1 0 5 0 0 0 6 0 1 0 6 0 5 0 0 0 4 0 2 0 0 0 4 0 3 0 3 1 0 0 1 0 4 0 3 0 3 1 0 0 1 0 2 0 2 0 3 1 0 0 2 0 6 0 4 0 0 1 0 0 0 1 0 0 5 0 5 0 4 0 6 0 3 0 3 1 0 0 5 0 2 0 1 0 4 0 6 0 5 0 7 0 3
1 567 2 0 2 0 5 1 0 0 2 0 0 0 2 0 5 0 0 0 2 0 1 0 3 0 2 0 4 0 5 1 0 1 0 0 3 0 7 0 4 0 1 0 1 0 5 0 3 1 0 0 6 0 4 0 5 0 2 0 1 0 1 0 7 0 4 0 0 0 6 0 4 1 0 0 7 0 2 0 1 0 6 0 0 1 0 1 0 0 4 0 5 0 5 1 0 0 5 0 3 0 6 0 3 0 5 0 7 0 0 0 3 1 0 0 2 0 3 0 6 0 4 0 3 0 0 0 5 0 6 0 3 0 3 0 6 0 5 0 3 0 2 0 0 0 4 0 7 0 1 0 2 0 5 0 5 0 5 1 0 0 0 1 0 0 6 0 7 0 1 0 4 0 7 0 4 0 0 0 6 0 1 0 2 0 7 0 4 0 3 0 0 0 5 0 4 0 1 1 0 0 1 0 0 0 6 0 5 0 1 0 1 0 7 0 3 0 1 0 1 0 2 0 7 0 7 0 3 0 1 1 0 0 4 0 5 0 2 1 0 1 0 0 6 0 6 0 0 0 2 0 2 0 0 0 2 0 6 0 4 0 1 0 5 0 1 0 4 0 7 0 3 0 2 0 1 0 6 0 7 0 2 0 4 0 1 0 2 0 5 1 0 0 6 0 7 0 4 0 7 0 1 0 5 0 1 0 2 0 5 0 0 0 1 0 1 0 4 0 6 0 6 0 6 0 3 0 3 0 3 0 3 0 2 1 0 0 6 0 0 1 0 0 2 0 5 0 1 0 0 0 5 0 0 0 0 0 7 0 2 1 0 0 1 0 2 1 0 0 1 0 7 0 4 0 3 0 5 0 2 1 0 0 2 1 0 0 0 1 0 0 4 0 4 0 5 0 2 0 6 0 6 0 7 0 5 0 4 1 0 0 6 0 3 0 0 0 6 1 0 0 2 0 4 0 5 0 2 0 6 0 7 0 3 0 6 0 6 0 4 0 2 0 5 0 3 0 6 0 6 0 3 0 5 0 5 0 3 0 2 0 4 0 7 0 5 0 1 0 2 0 7 0 5 0 4 0 1 0 2 0 3 0 4 0 4 0 2 0 1 1 0 0 5 0 0 1 0 0 7 0 7 0 7 0 1 1 0 0 7 0 7 0 7 0 1 0 4 0 4 0 7 0 7 0 4 0 4 0 0 0 2 0 7 0 0 1 0 0 2 0 3 0 1 0 4 1 0 0 0 0 0 0 1 0 5 0 3 0 0 0 5 0 3 0 6 1 0
1 567 4 0 5 0 2 1 0 0 4 0 0 0 5 0 1 0 1 0 4 0 2 0 6 0 5 0 0 0 4 0 0 0 7 0 6 0 6 0 0 0 3 0 3 0 2 0 0 0 0 0 4 0 1 0 2 0 5 0 2 0 3 0 6 0 0 0 2 0 4 0 2 0 0 0 5 0 5 0 3 0 3 0 2 1 0 1 0 0 0 0 3 0 4 0 0 0 1 1 0 0 4 1 0 0 3 0 6 0 1 0 7 0 7 0 3 0 7 0 4 0 0 0 7 0 1 0 2 0 4 0 7 0 7 0 4 0 2 0 7 0 4 0 1 0 0 0 6 0 3 0 5 0 2 0 3 0 3 1 0 0 1 1 0 0 4 0 6 0 4 0 0 0 7 0 0 0 2 0 3 0 3 0 5 0 6 0 0 0 7 0 1 0 2 0 0 0 4 0 7 0 1 0 1 0 4 0 2 0 3 0 3 0 5 0 7 0 2 0 2 0 5 0 6 0 6 0 7 0 3 1 0 0 0 0 2 0 6 1 0 1 0 0 4 0 4 0 1 0 4 0 4 0 0 0 5 0 4 0 0 0 4 0 1 0 4 0 0 0 6 0 7 0 4 0 3 0 4 0 6 0 5 1 0 0 3 0 5 0 3 0 0 0 4 0 7 0 1 0 6 0 4 0 1 0 3 0 5 0 1 0 1 0 2 0 3 0 0 0 5 0 5 0 4 0 7 0 6 0 6 0 6 0 5 1 0 0 3 0 2 0 7 0 4 0 1 0 3 0 1 0 1 0 1 0 1 0 5 0 6 0 7 0 1 0 5 0 7 0 2 0 6 0 0 1 0 0 2 0 6 0 7 0 4 0 7 0 0 1 0 0 0 0 1 0 2 0 6 0 4 0 5 0 7 0 3 0 2 0 0 0 3 0 7 0 1 0 4 1 0 0 5 0 0 0 2 0 6 0 4 0 6 1 0 0 5 0 5 0 0 0 6 0 1 1 0 0 5 0 4 1 0 0 3 0 2 0 7 0 5 0 0 0 7 0 2 0 3 0 5 0 6 0 3 0 0 0 3 0 4 0 7 0 0 0 0 0 5 0 3 1 0 0 1 0 2 1 0 0 6 0 7 0 6 0 4 1 0 0 6 0 7 0 6 0 4 0 0 0 1 0 7 0 7 0 1 0 0 0 1 0 5 0 5 0 2 0 7 0 3 0 6 0 3 0 0 1 0 0 0 0 0 0 3 0 1 0 7 0 1 0 1 1 0 0 5 1 0
1 569 1 0 0 0 2 0 6 0 7 0 7 0 1 0 1 0 3 0 2 1 0 0 6 0 4 0 2 0 1 1 0 0 2 0 6 0 5 0 4 0 1 0 6 0 6 0 4 0 0 0 0 1 0 0 3 0 5 0 1 0 5 0 7 0 3 0 1 0 4 1 0 0 5 0 1 0 2 0 2 0 7 0 6 0 5 1 0 0 6 1 0 0 6 1 0 0 1 0 3 1 0 0 0 1 0 0 7 0 3 0 4 0 6 0 6 1 0 0 7 0 0 0 2 0 5 0 3 0 5 0 0 0 7 0 7 0 0 0 6 0 6 0 0 0 3 0 1 0 3 1 0 0 2 0 5 0 6 0 7 0 7 0 2 1 0 0 0 0 5 0 0 0 2 0 5 0 1 0 4 0 6 0 7 0 2 0 4 0 2 0 5 0 3 0 4 0 1 0 0 0 6 0 3 0 2 1 0 0 5 0 6 0 7 0 2 0 6 0 5 0 5 0 2 0 5 0 5 0 6 1 0 1 0 0 0 0 5 0 5 0 0 1 0 0 0 0 0 0 4 0 0 0 0 0 2 0 2 0 0 0 1 1 0 0 3 1 0 0 2 0 4 0 7 0 0 1 0 0 1 0 5 0 3 1 0 0 7 0 1 0 7 0 1 0 0 0 6 0 4 0 4 0 0 0 3 0 7 0 1 0 3 0 2 0 4 0 6 0 1 0 2 0 3 0 1 0 7 0 5 0 5 0 5 0 3 1 0 0 6 0 5 0 6 0 0 0 3 0 6 0 2 0 2 0 2 0 3 0 2 0 5 0 6 0 4 0 2 0 6 0 6 0 3 0 2 0 7 0 4 0 4 0 7 0 1 0 6 0 2 0 6 1 0 0 2 0 5 0 4 0 1 0 3 0 6 0 7 0 4 0 0 0 7 0 5 0 4 0 1 0 0 0 1 0 1 0 5 0 4 0 1 0 6 0 0 0 2 0 2 0 2 0 3 0 4 1 0 0 2 0 1 1 0 0 6 0 5 0 6 0 2 0 2 0 5 0 5 0 7 0 2 0 4 0 7 0 0 0 7 0 0 0 6 0 1 0 1 0 1 1 0 1 0 0 2 0 5 1 0 0 4 0 7 0 5 0 2 0 0 0 4 0 7 0 5 0 0 0 1 0 3 0 6 0 6 0 3 0 0 0 3 0 2 0 2 0 6 0 5 1 0 0 4 0 7 0 1 0 6 1 0 0 0 0 6 0 3 0 5 0 3 0 3 1 0 0 2 1 0
1 569 2 0 0 0 5 0 4 0 7 0 6 0 3 0 2 0 6 0 5 1 0 0 4 0 0 0 5 0 3 0 7 0 4 0 4 0 3 0 0 0 4 0 4 0 5 0 0 0 1 0 1 0 7 0 6 0 1 0 4 0 2 0 6 0 7 0 3 0 1 0 0 0 1 0 3 0 4 0 5 0 6 0 5 0 4 0 0 0 5 0 0 0 4 1 0 0 2 0 7 0 7 0 0 1 0 0 5 1 0 0 1 0 5 0 6 0 0 0 5 0 1 0 5 0 1 1 0 0 2 0 2 0 6 0 6 0 2 0 4 0 4 0 1 0 6 0 2 0 7 0 7 0 4 0 2 0 5 0 7 0 6 0 6 0 7 0 0 0 1 0 1 0 5 0 1 0 4 0 0 0 5 0 6 0 5 1 0 0 6 0 1 1 0 0 0 0 3 0 1 0 3 0 7 0 5 1 0 0 2 0 5 0 6 0 6 0 4 0 3 0 2 0 6 0 2 0 3 0 6 0 0 0 7 0 0 0 2 0 2 0 2 0 6 1 0 0 0 1 0 0 1 0 0 0 4 0 4 0 0 0 3 0 7 0 6 0 7 0 4 0 0 0 6 0 2 0 7 0 2 0 2 0 0 0 0 0 5 0 4 0 5 0 3 0 1 0 4 0 1 0 0 0 1 0 7 0 5 0 3 0 6 0 5 0 0 0 4 0 3 0 4 0 6 0 3 0 6 0 3 0 3 0 3 0 0 0 0 0 4 0 3 0 4 0 1 0 7 0 3 0 5 0 4 0 4 0 6 0 5 0 2 0 5 0 0 0 6 0 4 0 4 0 7 0 5 0 6 0 1 0 1 0 6 0 4 0 3 0 6 0 4 1 0 0 5 0 2 0 0 0 3 0 7 0 4 0 7 0 0 0 2 0 6 0 3 0 0 0 3 0 0 0 2 0 3 0 2 0 0 0 4 0 3 0 1 0 4 0 4 0 4 0 7 0 0 1 0 0 4 0 3 1 0 0 4 0 3 0 4 0 5 0 5 0 2 0 3 0 6 0 6 0 0 0 6 0 2 0 5 0 2 0 3 0 3 0 2 0 3 1 0 0 7 0 4 0 3 0 0 0 0 0 7 0 2 0 5 0 1 0 0 0 7 0 2 0 1 0 2 0 7 0 4 0 4 0 7 0 0 0 6 0 4 0 5 0 4 0 4 0 0 0 0 0 6 0 4 0 4 1 0 0 1 0 3 1 0 0 2 0 7 0 7 0 7 0 4 0 6
1 569 4 0 1 0 2 0 1 0 7 0 4 0 7 0 5 0 4 0 3 1 0 1 0 0 2 0 1 1 0 0 7 0 1 0 0 0 7 0 1 0 0 0 1 0 2 0 1 0 2 0 3 0 6 0 4 0 3 1 0 0 6 0 4 0 6 0 7 0 2 0 0 0 2 0 7 0 0 0 3 0 5 0 3 0 0 0 2 0 1 0 2 0 0 1 0 0 5 0 6 0 6 0 2 1 0 0 2 1 0 0 3 0 2 0 4 0 2 0 1 0 4 0 1 0 4 0 7 0 3 0 5 0 4 0 4 0 6 0 0 0 0 0 4 0 3 0 6 0 6 0 7 0 0 0 6 0 2 0 7 0 5 0 5 0 6 0 1 0 2 0 3 0 1 0 3 1 0 0 2 0 2 0 5 0 4 0 0 0 3 0 4 0 6 1 0 0 6 0 2 0 7 0 6 0 3 1 0 0 5 0 2 0 5 0 5 0 0 0 7 0 5 0 3 0 5 0 7 0 3 0 2 0 5 0 1 0 4 0 4 0 5 0 4 1 0 0 1 0 7 0 1 0 1 0 0 0 0 0 1 0 7 0 6 0 5 0 7 0 0 0 2 0 3 0 6 0 5 0 5 0 4 0 0 0 1 0 2 0 1 0 2 0 7 0 2 1 0 0 3 0 0 0 3 0 6 0 2 1 0 0 5 0 2 0 1 1 0 1 0 0 1 0 4 1 0 0 4 0 7 0 6 0 6 0 0 0 0 1 0 1 0 0 0 0 4 0 5 1 0 0 3 0 1 0 1 0 5 0 2 0 6 0 1 0 2 0 4 0 1 0 1 0 7 0 3 0 4 0 3 0 3 0 4 0 0 1 0 0 5 0 2 0 0 0 1 0 5 0 0 0 7 0 6 0 1 0 6 0 1 0 5 0 3 0 7 0 0 0 6 0 0 0 4 0 6 0 4 0 0 1 0 0 7 0 3 0 0 0 1 0 1 0 6 0 2 0 7 0 7 0 7 0 7 0 7 0 7 0 0 0 3 0 2 0 5 0 7 0 4 0 4 0 2 0 3 0 6 0 1 0 5 0 6 0 6 0 4 1 0 0 0 0 6 0 0 0 7 0 0 0 1 0 5 0 6 0 1 0 3 0 1 0 5 0 5 0 2 0 5 0 6 0 1 0 1 0 6 0 2 0 4 0 1 0 3 0 1 0 0 0 1 0 1 0 4 0 1 0 1 1 0 0 2 0 7 0 7 0 4 0 6 0 7 0 7 0 1 0 5
0 570 1 0 0 3 0 4 0 3 0 6 0 1 0 7 0 3 0 1 0 0 0 0 0 7 0 3 0 3 1 0 0 5 0 3 0 1 0 5 0 3 0 0 0 2 0 4 0 2 0 4 0 7 0 4 0 1 0 0 0 0 0 4 0 1 0 5 0 6 0 5 0 0 0 5 0 5 0 1 0 7 0 1 0 7 0 0 0 4 0 2 0 4 0 1 1 0 0 2 0 5 0 4 0 6 0 7 0 4 0 7 0 5 0 4 1 0 0 5 0 2 1 0 0 4 0 0 0 6 1 0 0 3 0 1 0 1 0 4 0 1 0 0 1 0 1 0 0 5 0 5 0 6 0 2 0 3 0 6 0 6 0 3 0 3 0 4 0 3 0 4 0 6 0 2 0 7 0 7 0 3 0 5 0 2 0 0 0 1 0 7 0 0 0 6 0 0 0 3 0 6 0 6 0 5 0 0 0 0 0 1 0 6 0 2 0 2 0 2 0 6 0 2 1 0 0 3 0 6 0 7 0 5 0 1 0 4 0 0 0 1 0 3 0 1 1 0 0 3 0 5 0 3 0 2 0 0 0 0 0 3 0 6 0 5 0 3 0 6 0 1 0 4 0 7 0 4 0 3 0 3 0 0 0 1 0 2 0 4 0 2 0 5 0 5 0 6 0 7 0 5 0 0 0 7 0 3 0 6 1 0 0 1 0 5 0 3 1 0 0 7 0 2 0 1 0 0 0 0 0 7 0 5 0 4 0 1 0 1 1 0 0 7 0 0 0 0 0 3 1 0 0 6 0 2 0 3 0 1 0 6 0 3 0 3 0 4 1 0 0 3 0 3 0 5 1 0 0 0 0 7 0 6 1 0 0 2 1 0 0 1 0 5 0 0 0 3 0 1 0 2 0 6 0 4 0 4 0 3 0 4 0 1 1 0 0 6 0 2 0 3 0 2 0 0 0 5 0 0 0 2 1 0 0 5 0 7 0 0 0 2 0 3 0 3 0 6 0 6 0 7 0 7 0 7 0 7 0 6 0 1 0 6 0 5 0 2 0 7 0 1 0 0 0 5 0 7 0 3 0 4 0 2 0 5 0 5 0 1 1 0 0 1 0 3 0 2 0 5 0 1 0 3 0 2 0 4 0 3 0 6 0 3 0 2 0 2 0 6 0 2 0 4 0 3 0 3 0 3 0 5 1 0 0 3 0 6 0 2 0 0 0 2 0 2 1 0 0 3 0 3 0 7 0 4 0 6 0 7 0 1 0 5 0 7 0 6 0 4 0 2
1 571 1 0 7 0 5 1 0 1 0 0 4 0 4 0 5 0 7 0 2 0 0 0 1 0 5 1 0 0 0 0 0 0 1 0 7 0 3 0 1 0 7 0 0 0 4 1 0 0 6 0 0 0 7 0 0 0 3 0 0 0 0 1 0 0 4 0 2 0 5 0 2 0 2 0 2 0 2 0 4 0 5 0 4 0 5 0 1 1 0 0 5 1 0 0 4 0 7 0 4 0 2 0 1 0 5 0 7 0 1 0 7 0 3 0 2 0 0 0 1 0 6 0 7 0 7 0 1 0 4 1 0 0 6 0 2 0 2 1 0 0 3 0 1 1 0 1 0 0 2 0 3 0 4 0 5 0 7 0 4 0 4 0 7 0 6 1 0 1 0 0 1 0 4 0 6 0 6 0 6 1 0 0 2 0 5 0 0 0 3 0 5 0 2 0 3 0 1 0 7 0 4 0 5 0 2 0 1 0 0 0 3 0 3 0 5 0 4 0 5 0 3 0 6 0 7 0 6 0 4 0 7 0 2 0 3 1 0 0 1 0 2 0 6 0 3 0 7 0 6 0 1 0 7 0 4 0 0 0 0 0 7 0 4 0 2 1 0 0 4 0 4 0 0 0 7 0 0 0 7 0 6 0 0 0 2 0 4 1 0 0 6 0 2 0 3 0 5 0 7 0 2 0 2 0 5 1 0 0 5 1 0 0 3 0 2 0 0 0 0 0 5 0 5 0 2 0 0 0 1 0 6 0 3 0 0 0 3 0 3 1 0 0 5 0 1 0 0 1 0 0 0 0 3 0 5 0 6 0 3 0 3 0 7 0 7 0 0 1 0 0 6 0 7 0 2 1 0 0 1 0 6 0 5 1 0 0 5 0 7 0 2 0 1 0 1 0 6 0 2 0 5 0 4 0 1 0 0 1 0 0 0 0 4 1 0 0 3 0 5 0 6 0 4 0 1 0 1 0 1 0 5 1 0 0 2 0 6 0 1 0 4 0 6 0 7 0 4 0 5 0 7 0 7 0 7 0 7 0 4 0 4 0 4 0 2 0 6 0 5 0 3 0 1 0 2 0 6 1 0 0 0 0 6 0 2 0 2 0 4 0 7 0 1 0 6 0 5 0 1 0 3 0 6 0 4 1 0 1 0 0 4 0 7 0 4 0 5 0 3 0 5 1 0 0 7 0 6 0 7 0 2 1 0 0 7 0 3 0 5 0 0 0 4 0 5 0 7 0 5 0 7 0 6 0 1 0 5 0 6 0 4 0 2 0 7 0 5 0 0 0 5
0 571 3 0 6 0 4 0 0 1 0 0 0 0 1 0 3 0 6 0 5 0 0 0 3 0 2 1 0 0 0 0 0 0 3 0 5 0 7 0 3 0 5 0 2 0 1 0 0 0 3 0 2 0 5 0 1 0 6 0 0 0 1 0 7 0 7 0 5 0 1 0 5 0 4 0 4 0 5 0 0 0 3 0 1 0 2 0 4 1 0 0 3 0 0 0 0 0 7 0 0 0 5 0 3 0 2 0 6 0 4 0 5 0 7 0 4 0 0 0 3 0 4 0 7 0 6 0 4 0 1 0 0 0 3 0 5 0 5 0 7 0 5 0 3 1 0 0 7 0 3 0 7 0 0 0 3 0 7 0 1 0 1 0 7 0 6 0 0 0 7 0 2 0 0 0 5 0 5 0 5 1 0 0 5 0 1 0 1 0 7 0 1 0 5 0 6 0 3 0 6 0 1 0 2 0 5 0 2 0 0 0 6 0 7 0 2 0 1 0 2 1 0 0 5 0 7 0 5 0 1 0 6 0 5 0 7 0 7 0 1 0 5 0 3 1 0 0 7 0 4 0 4 0 6 0 0 0 1 0 1 0 6 0 0 0 6 1 0 0 0 0 0 0 2 0 5 0 2 0 6 0 4 0 1 0 5 0 1 0 0 0 3 0 5 0 7 0 2 0 6 0 5 0 5 0 3 0 0 0 2 1 0 0 6 0 4 0 0 0 1 0 2 0 2 0 5 0 0 0 3 0 3 0 7 0 0 0 6 1 0 0 0 0 1 0 3 0 1 0 6 1 0 0 7 0 2 0 4 0 7 0 7 0 6 0 6 0 2 1 0 0 4 0 6 0 6 0 7 0 2 0 4 0 4 0 0 0 2 0 6 0 5 0 2 0 3 0 3 0 6 0 2 0 0 0 3 0 1 0 7 0 0 0 0 1 0 0 7 0 2 0 5 0 0 0 3 0 2 0 3 0 2 1 0 0 5 0 3 0 4 0 0 0 5 0 7 0 1 0 3 0 7 0 7 0 7 0 7 0 1 0 1 0 0 0 6 0 4 0 2 0 7 0 2 0 5 0 4 1 0 0 1 0 3 0 5 0 5 0 0 0 6 0 4 0 4 0 2 0 3 0 7 0 4 0 2 0 0 1 0 0 0 0 7 0 1 0 2 1 0 0 4 0 0 0 6 0 5 0 6 0 6 1 0 0 5 1 0 0 2 0 2 0 0 0 3 0 7 0 3 0 7 0 4 0 4 0 2 0 5 0 0 0 6 0 6 0 2 0 2 0 2
1 571 7 0 4 0 0 0 2 0 6 1 0 0 2 0 7 0 4 0 2 0 1 0 6 0 5 0 6 1 0 0 0 0 7 0 2 0 6 1 0 0 2 0 5 0 2 0 0 0 6 0 5 0 1 0 4 0 3 0 1 0 3 0 6 0 7 0 2 0 4 0 2 0 1 0 1 0 2 0 1 0 6 0 2 0 5 0 0 1 0 0 6 0 0 0 1 0 5 0 2 0 1 0 7 0 5 0 4 0 1 0 3 0 7 0 0 0 1 0 7 0 0 0 7 0 5 0 0 0 3 0 0 0 7 0 2 0 3 0 7 0 3 0 0 0 0 0 5 1 0 0 6 0 1 0 7 0 5 0 3 0 3 0 6 0 4 0 2 0 5 0 5 0 1 0 2 0 3 0 4 0 0 0 1 0 3 0 3 0 5 0 4 0 2 0 4 1 0 0 4 0 3 0 5 0 1 0 5 0 1 0 4 0 6 0 5 0 2 0 5 1 0 0 2 0 7 0 2 0 4 0 4 0 3 0 7 0 6 0 4 0 2 0 0 0 0 0 6 0 1 0 1 0 4 0 1 0 2 0 3 0 3 0 2 0 4 1 0 0 0 0 0 0 5 0 1 0 6 0 4 0 0 0 4 0 1 0 3 0 0 0 7 0 2 0 6 0 6 0 4 0 3 0 2 0 7 0 0 0 5 1 0 0 4 0 0 0 1 0 2 0 4 0 5 0 1 0 1 0 6 0 7 0 5 0 2 0 4 1 0 0 0 0 2 0 6 0 3 0 5 0 0 0 5 0 6 0 0 0 7 0 7 0 5 0 4 0 6 1 0 0 0 0 5 0 5 0 6 0 6 0 0 0 0 0 1 0 5 0 4 0 2 0 5 0 6 0 7 0 3 0 5 0 0 0 6 0 3 0 5 0 1 0 1 1 0 0 5 0 6 0 1 0 1 0 6 0 4 0 6 0 5 1 0 0 1 1 0 0 0 0 2 0 2 0 6 0 3 0 7 0 6 0 7 0 7 0 6 0 3 0 2 0 1 0 4 0 0 0 6 0 5 0 6 0 2 0 1 1 0 0 2 0 7 0 2 0 2 0 2 0 4 0 1 0 0 0 5 0 7 0 6 0 0 0 5 0 1 0 7 0 0 0 5 0 3 0 5 0 7 0 7 0 1 0 4 0 3 0 5 0 6 0 0 0 2 1 0 0 4 0 4 0 0 0 7 0 5 1 0 0 7 0 1 0 0 0 6 0 1 0 2 0 4 0 4 0 5 0 4 0 4
0 573 1 0 6 0 0 0 1 0 5 0 4 1 0 0 5 0 6 0 0 0 5 0 3 0 4 0 3 0 5 1 0 0 1 0 5 0 6 0 4 1 0 0 5 0 1 0 5 0 1 0 4 0 2 0 3 1 0 0 7 0 2 0 7 0 4 0 6 0 5 1 0 0 5 0 2 0 2 0 4 0 3 0 3 0 6 0 1 0 2 1 0 0 3 0 1 0 3 0 1 0 5 0 3 0 6 0 3 0 0 0 3 0 7 0 5 0 1 0 3 0 5 0 2 0 6 0 2 0 1 0 6 0 1 0 5 0 5 0 7 0 5 0 7 0 0 0 1 0 3 0 0 0 3 0 4 0 6 0 2 0 7 0 7 0 4 0 0 0 6 0 2 0 2 0 3 0 4 0 6 1 0 0 1 0 2 0 6 0 7 0 2 0 0 0 6 0 0 1 0 1 0 1 0 0 2 0 4 0 1 0 4 0 0 0 5 0 2 0 6 0 2 1 0 0 5 0 5 0 6 0 0 0 0 1 0 0 7 0 5 0 0 0 5 0 0 0 1 0 3 0 3 0 2 1 0 0 3 0 4 0 6 0 6 0 5 0 0 1 0 0 0 0 1 0 1 0 4 0 4 0 0 0 1 1 0 0 3 0 6 0 1 0 5 0 6 0 4 0 5 0 0 0 7 0 5 0 5 0 2 0 2 1 0 1 0 0 1 0 2 0 5 0 0 0 2 0 3 0 3 0 4 0 7 0 2 0 6 0 0 1 0 0 0 0 5 0 3 1 0 0 2 0 2 0 2 0 4 0 2 0 6 0 7 0 3 0 1 0 5 1 0 0 1 0 2 0 3 0 5 0 4 0 1 0 0 0 3 0 2 0 0 0 6 0 2 0 5 0 6 1 0 0 2 0 2 0 3 1 0 0 2 0 3 0 3 1 0 0 2 0 4 0 3 0 3 0 4 0 1 0 5 0 3 1 0 0 3 0 6 1 0 0 4 0 5 0 3 1 0 0 7 0 5 0 7 0 7 0 4 0 7 0 4 0 2 1 0 0 2 0 4 0 3 0 4 0 5 0 3 0 7 0 4 0 5 0 5 0 4 0 4 1 0 0 3 0 1 0 2 0 7 0 4 0 2 0 1 0 4 0 5 0 2 0 1 1 0 0 3 0 7 0 6 0 3 1 0 1 0 0 3 0 4 0 1 0 5 1 0 0 0 0 0 0 2 0 6 0 4 0 0 0 5 0 3 0 1 0 3 0 3 0 5 0 0 0 1 0 3 0 1 0 1
0 573 3 0 3 0 1 0 3 0 2 0 2 0 0 0 2 0 4 0 2 0 1 1 0 0 0 1 0 0 3 1 0 0 3 0 2 0 5 0 2 0 0 0 1 0 4 0 1 0 3 1 0 0 5 1 0 0 0 0 5 0 6 0 6 0 1 0 5 0 4 0 0 0 1 0 5 0 4 1 0 0 7 0 7 0 3 0 3 0 5 0 7 0 5 0 2 0 6 0 3 0 1 1 0 0 4 0 7 0 0 0 7 0 6 0 2 0 3 0 7 0 1 0 6 0 3 0 5 0 3 0 3 0 4 0 2 0 3 0 7 0 3 0 6 0 1 0 2 0 6 0 0 0 7 0 0 0 4 0 6 0 6 0 7 0 0 0 2 0 3 0 5 0 4 0 7 0 0 0 5 1 0 0 2 0 5 0 4 0 6 0 5 0 1 0 3 0 2 1 0 1 0 0 7 0 3 1 0 0 3 1 0 0 2 0 1 0 6 0 3 0 6 1 0 0 2 0 3 0 4 0 1 0 1 1 0 0 6 0 2 0 2 0 1 0 1 0 2 0 6 0 6 0 5 0 7 0 6 0 0 0 5 0 5 0 2 0 2 0 6 1 0 0 2 0 3 0 0 0 0 0 1 0 3 0 7 0 6 0 3 0 4 0 2 0 5 0 1 0 2 0 2 0 6 0 3 0 2 0 5 0 5 1 0 0 7 0 1 0 5 0 1 0 1 0 4 0 6 0 7 0 0 0 6 0 6 0 3 0 2 0 7 0 0 0 1 1 0 1 0 0 4 0 4 0 4 1 0 0 6 0 4 0 6 0 7 0 3 0 2 1 0 0 2 0 4 0 7 0 2 0 0 0 3 0 0 0 6 0 4 0 1 0 3 0 6 0 2 0 5 1 0 0 4 0 4 0 7 0 7 0 3 0 6 0 7 0 7 0 3 1 0 0 7 0 6 1 0 0 4 0 1 1 0 1 0 0 7 0 5 0 0 0 0 0 3 0 0 0 0 0 6 0 3 0 7 0 7 0 1 0 7 0 0 0 6 0 7 0 3 1 0 1 0 0 1 0 2 1 0 0 7 0 1 0 3 0 3 0 1 0 1 1 0 0 6 0 2 0 5 0 6 0 0 0 5 0 3 0 0 0 2 0 5 0 3 0 7 0 6 0 6 0 5 0 0 0 0 0 7 0 5 1 0 0 4 0 2 1 0 0 0 0 0 0 5 0 4 0 0 0 2 0 1 0 7 0 2 0 6 0 7 0 1 0 1 0 2 0 6 0 2 0 2
1 573 6 0 6 0 2 0 6 0 4 0 4 0 0 0 4 1 0 0 5 0 3 0 7 0 0 0 7 0 6 0 7 0 5 0 5 0 1 0 5 0 0 0 2 1 0 0 3 1 0 0 0 0 2 1 0 0 1 0 2 0 5 0 4 0 4 0 2 0 0 0 1 0 3 0 2 0 2 0 0 0 6 0 6 0 7 0 7 0 2 0 7 0 2 0 6 0 3 0 7 0 3 1 0 0 0 0 6 0 2 0 6 0 4 0 5 0 7 0 5 0 4 0 3 1 0 0 2 0 7 0 6 1 0 0 5 0 7 0 5 1 0 0 4 0 3 0 5 0 3 0 2 0 5 0 2 0 0 0 5 0 5 0 6 0 1 0 4 0 7 0 2 0 1 0 6 0 2 0 2 1 0 0 5 0 2 0 1 0 5 0 2 0 3 0 6 0 5 1 0 1 0 0 5 1 0 1 0 0 7 0 7 0 3 0 3 0 3 1 0 0 5 1 0 0 4 0 6 1 0 0 3 0 3 1 0 0 3 0 5 0 4 0 2 0 2 0 5 0 4 0 5 0 3 0 7 0 4 0 2 0 2 0 2 0 5 0 5 0 4 1 0 0 4 0 6 0 0 0 0 0 2 0 7 0 6 0 4 1 0 0 0 0 6 0 1 0 3 0 4 0 5 0 3 0 7 0 5 0 2 0 4 0 0 0 5 0 4 0 1 0 3 0 3 0 0 0 5 0 6 0 2 0 4 0 4 0 7 0 5 0 5 0 1 0 3 1 0 1 0 0 0 0 1 0 2 0 0 0 4 0 1 0 5 0 6 0 7 0 5 0 7 0 4 0 0 0 6 0 5 0 0 0 6 0 1 0 4 0 0 0 3 0 7 0 3 0 6 0 3 0 0 0 0 0 1 0 7 0 6 1 0 0 5 0 7 0 7 0 0 0 0 0 6 0 5 1 0 1 0 0 4 1 0 1 0 0 6 0 2 0 1 0 0 0 6 0 0 0 1 0 3 1 0 0 7 0 6 0 4 0 5 0 2 0 4 0 7 0 0 0 0 0 7 0 1 0 5 1 0 0 5 0 3 0 6 0 6 0 2 0 3 1 0 0 3 0 6 0 2 0 4 0 2 0 1 0 7 0 0 0 5 0 1 1 0 0 7 0 5 0 5 0 2 0 1 0 1 0 6 0 3 1 0 1 0 0 6 0 6 1 0 0 1 0 2 0 0 0 1 0 4 0 3 0 5 0 6 0 4 0 6 0 3 0 2 0 5 0 3 0 5 0 4
0 575 1 0 4 0 4 0 6 0 4 0 1 0 0 0 2 0 1 0 0 0 1 1 0 0 6 0 2 0 6 0 5 0 7 0 3 0 2 0 4 0 1 0 1 0 5 0 7 0 6 0 6 1 0 0 5 0 7 0 1 0 5 0 2 0 1 0 0 0 5 0 0 0 2 0 6 0 4 0 4 0 1 0 4 0 5 0 7 0 6 0 6 0 5 0 6 0 3 1 0 0 6 1 0 1 0 0 1 0 3 0 6 0 4 0 1 0 3 0 7 0 3 0 0 1 0 1 0 0 5 0 6 0 6 0 0 0 2 0 7 0 3 1 0 1 0 1 0 0 2 0 7 0 5 0 1 0 5 0 1 0 2 0 3 0 4 0 4 0 0 0 6 0 5 0 3 0 3 0 5 0 5 1 0 0 1 0 5 0 3 0 1 0 5 0 7 0 4 0 4 0 0 1 0 0 3 0 0 1 0 0 6 0 6 0 7 0 6 1 0 0 0 0 3 0 0 0 0 0 5 1 0 0 6 0 7 0 7 0 6 0 2 0 0 0 5 0 5 0 2 0 1 0 2 1 0 0 7 0 0 0 5 0 4 0 5 0 2 0 3 0 2 0 0 0 0 0 4 0 1 0 0 0 5 0 6 0 5 0 1 1 0 0 1 0 3 0 3 0 7 0 0 0 2 1 0 0 7 0 2 0 5 1 0 0 2 0 2 0 0 0 3 0 6 0 6 0 1 0 2 0 4 0 6 0 0 0 1 0 7 0 3 0 2 0 3 1 0 0 0 0 6 1 0 0 2 0 4 0 0 1 0 0 4 0 2 0 5 0 7 0 3 0 7 0 0 0 2 0 4 0 2 0 2 0 3 0 3 1 0 0 1 0 7 0 5 1 0 0 4 0 7 0 0 0 0 0 3 0 6 0 6 0 0 0 2 0 7 0 6 0 1 0 1 0 4 0 4 0 0 1 0 0 1 0 0 1 0 0 3 0 5 0 2 0 1 0 3 0 1 0 2 1 0 0 0 0 6 0 5 0 1 0 2 0 6 0 0 0 6 0 1 0 1 0 5 0 4 0 3 0 0 0 1 1 0 0 5 0 4 0 5 0 7 0 7 0 6 0 3 0 5 1 0 0 5 0 3 0 5 0 2 0 1 0 4 1 0 0 6 0 3 0 2 0 5 0 2 0 3 0 4 0 0 0 0 1 0 0 4 0 5 1 0 0 2 0 4 0 0 0 2 1 0 1 0 0 3 0 5 0 1 0 4 0 7 0 5 0 1 1 0 0 3 0 1
0 575 3 0 0 0 1 0 5 0 0 0 3 0 0 0 4 0 2 0 0 0 3 1 0 0 3 0 6 0 4 0 3 0 6 0 7 0 4 1 0 0 3 0 3 0 2 0 7 0 5 0 6 0 0 0 2 0 6 0 4 0 1 0 5 0 2 0 1 0 1 0 1 0 5 0 4 0 1 0 0 0 4 0 0 0 3 0 7 0 5 0 5 0 3 0 5 0 0 0 0 0 5 0 0 0 7 0 1 0 7 0 4 0 0 0 3 0 7 0 5 0 7 0 1 1 0 1 0 0 2 0 5 0 4 0 1 0 5 0 6 0 0 0 0 1 0 0 7 0 4 0 6 0 2 0 4 0 1 0 3 0 4 0 7 0 0 0 0 0 2 0 4 0 2 0 7 0 7 0 2 0 3 1 0 0 3 0 1 0 7 0 3 0 2 0 7 0 1 0 0 0 2 0 7 0 5 0 1 1 0 0 4 0 5 0 7 0 5 1 0 0 0 0 6 0 0 0 1 0 3 0 0 0 4 0 7 0 7 0 4 0 5 0 1 0 2 0 2 0 5 0 2 0 5 1 0 0 5 0 2 0 2 0 1 0 2 0 5 0 6 0 4 0 0 0 0 1 0 0 3 0 1 0 2 0 5 0 2 0 4 0 7 0 1 0 6 0 7 0 5 0 1 0 5 1 0 0 5 0 6 0 2 1 0 0 4 0 4 0 0 0 7 0 4 0 4 0 3 0 5 0 0 0 4 0 1 0 3 0 5 0 7 0 4 0 7 0 7 0 0 0 4 1 0 0 4 1 0 0 2 0 7 0 7 0 5 0 2 0 6 1 0 0 6 0 1 0 4 1 0 0 5 0 4 0 6 0 7 0 7 0 2 0 6 0 4 0 0 0 0 0 6 0 1 0 0 0 7 0 4 0 4 0 1 0 5 0 6 0 4 0 3 0 3 0 0 0 0 0 2 0 7 0 1 0 1 0 7 0 6 0 1 0 5 0 2 0 6 0 2 0 5 0 7 0 0 0 4 0 2 0 3 0 5 0 3 0 2 0 3 0 3 0 3 0 2 0 0 0 7 0 0 0 3 1 0 0 2 0 1 0 3 0 7 0 7 0 4 1 0 0 4 0 0 0 1 1 0 0 2 0 5 0 3 0 1 0 0 0 3 0 7 0 5 0 1 0 5 0 6 1 0 0 1 0 1 1 0 0 0 0 3 1 0 0 4 1 0 0 1 0 5 1 0 0 7 0 6 0 1 0 4 0 0 0 7 0 2 0 4 0 7 0 5 0 2
1 575 6 0 0 0 3 0 1 0 1 0 6 0 0 1 0 0 5 0 0 0 7 0 7 0 6 0 4 0 0 1 0 0 5 0 7 0 1 1 0 0 6 0 6 0 5 0 6 0 3 0 4 0 1 0 5 0 4 0 0 0 4 0 1 0 5 0 2 0 2 0 3 0 2 0 0 0 3 0 0 1 0 0 1 0 7 0 6 0 3 0 2 1 0 0 2 0 1 0 1 0 1 0 2 0 5 0 4 0 6 0 0 0 1 0 7 0 6 0 3 0 6 0 4 1 0 0 7 0 4 0 2 0 0 0 4 0 2 0 4 0 1 0 1 1 0 0 6 0 1 0 4 0 5 1 0 0 3 0 7 0 0 0 6 0 1 0 0 0 4 1 0 0 6 0 6 0 6 0 5 0 7 0 7 0 5 0 3 0 5 0 7 0 5 0 5 0 3 0 0 0 5 0 6 0 2 0 4 1 0 0 0 0 3 0 7 0 3 1 0 0 1 0 3 0 1 0 2 0 6 0 1 0 0 0 7 0 7 0 1 0 2 0 3 0 4 0 5 0 1 0 6 0 3 0 0 0 1 0 5 0 4 0 2 0 5 0 2 0 5 0 0 0 1 0 1 0 7 0 5 0 2 0 5 0 1 0 6 0 0 0 6 0 4 0 4 0 7 0 2 0 4 0 3 0 0 0 2 0 4 0 6 1 0 0 0 0 0 0 2 0 6 0 1 0 0 1 0 0 2 0 1 1 0 0 3 0 7 0 2 0 7 0 1 0 7 0 6 0 2 0 1 0 0 0 0 1 0 0 5 0 6 0 7 0 2 0 6 0 5 0 0 0 3 0 4 0 1 0 0 0 2 0 1 0 5 0 7 0 6 0 6 0 4 0 0 0 1 0 1 0 3 0 3 0 1 0 6 0 1 0 0 0 4 0 2 0 5 0 0 0 7 0 6 0 0 0 0 0 5 0 5 0 3 0 3 0 6 0 4 0 4 0 1 0 6 0 3 0 6 0 2 0 6 0 1 1 0 0 5 0 7 0 1 0 7 0 4 0 6 0 6 0 6 0 4 0 1 0 5 0 1 0 7 0 7 0 3 0 2 0 7 0 6 0 7 0 1 1 0 1 0 0 1 0 3 0 7 0 4 0 1 0 7 0 2 0 0 0 7 0 6 0 2 0 4 0 2 0 5 1 0 0 2 0 3 0 6 1 0 1 0 0 0 0 0 1 0 0 3 0 3 0 0 0 6 0 4 0 3 1 0 0 2 0 5 0 6 0 0 0 7 0 2 0 5
0 577 1 0 3 0 1 0 6 0 2 0 3 0 3 0 2 1 0 0 1 0 2 0 6 0 7 0 5 0 0 0 2 1 0 0 2 0 6 0 4 1 0 0 4 0 5 0 3 0 4 1 0 0 0 0 4 0 2 0 0 0 1 1 0 0 4 0 1 0 5 0 4 0 6 0 4 0 0 0 6 0 1 0 7 0 2 0 6 0 4 0 7 0 5 0 7 0 3 0 2 0 2 0 2 0 5 0 2 0 1 0 4 0 1 0 3 0 6 0 4 1 0 0 5 0 2 0 0 0 6 0 0 0 5 0 0 1 0 0 5 1 0 0 3 0 3 1 0 0 3 0 4 0 0 0 3 1 0 0 7 0 5 0 2 0 3 0 3 0 1 0 1 0 0 0 4 0 5 0 5 0 3 0 7 0 7 0 2 1 0 0 3 0 7 0 3 0 2 0 7 0 1 0 2 0 4 0 6 0 0 1 0 0 0 0 7 0 5 1 0 1 0 0 2 0 6 0 2 0 5 0 3 0 3 0 1 0 6 0 6 0 3 0 4 0 7 0 0 0 2 0 4 0 3 0 7 0 0 0 3 0 2 0 0 0 6 0 1 0 6 0 1 0 1 0 2 0 3 0 6 0 2 0 6 0 1 0 4 0 3 0 2 0 4 0 1 0 1 0 6 0 5 1 0 0 7 0 0 0 5 0 0 0 5 1 0 0 0 0 0 0 5 0 3 0 3 0 1 0 7 0 3 0 3 0 7 0 6 0 5 0 6 0 5 0 4 0 6 0 4 0 5 0 2 0 0 0 1 1 0 0 2 0 5 0 6 0 6 0 4 0 2 0 1 0 6 1 0 0 3 0 0 0 4 0 3 0 2 0 7 0 5 0 5 0 0 0 1 0 2 0 2 0 6 0 6 0 3 0 3 0 3 0 0 1 0 0 6 0 1 0 2 0 6 0 4 0 1 0 1 0 2 0 2 0 7 0 7 0 4 0 1 0 0 0 4 0 3 1 0 0 4 0 6 0 3 0 4 1 0 0 2 0 6 0 4 0 6 0 1 0 5 0 5 0 5 0 0 0 4 0 1 0 4 0 6 0 6 0 7 0 5 0 6 0 5 0 6 0 4 1 0 0 7 0 1 0 7 0 6 0 0 0 4 0 5 0 5 0 1 0 6 0 4 0 5 1 0 0 6 0 2 1 0 0 4 0 7 0 5 0 0 0 6 1 0 0 1 0 7 0 5 0 6 0 1 0 4 0 0 1 0 1 0 0 5 0 2 0 4 0 2 0 5 0 6 0 2
1 577 2 0 6 0 3 0 3 0 5 0 6 0 6 0 5 0 7 0 1 0 5 0 4 0 7 0 2 0 1 0 5 0 7 0 4 0 4 0 2 0 0 0 0 0 2 1 0 0 1 1 0 0 0 1 0 0 5 0 0 0 3 0 7 0 7 0 3 0 2 0 1 0 5 0 0 0 2 0 3 0 4 0 5 0 6 0 4 0 1 0 7 0 3 0 6 0 7 0 4 0 4 0 5 0 1 0 5 0 2 1 0 0 3 0 7 0 4 0 2 0 0 0 1 0 5 0 1 0 3 0 2 0 1 0 2 1 0 0 2 1 0 0 6 0 7 0 7 0 5 1 0 0 1 1 0 0 0 0 6 0 2 0 5 0 6 0 6 0 2 0 2 0 1 0 0 0 3 0 2 1 0 0 7 0 6 0 6 0 7 0 6 0 5 0 7 0 5 0 5 0 3 0 5 0 0 0 4 0 2 0 7 0 0 0 6 0 4 0 0 0 7 0 4 0 3 0 6 0 1 0 7 0 6 0 3 0 4 0 4 1 0 0 1 0 6 0 1 0 4 1 0 1 0 0 6 0 1 0 6 0 4 0 1 0 3 0 4 0 3 0 3 0 2 0 4 0 7 0 3 0 6 0 3 0 3 1 0 0 7 0 4 1 0 0 3 0 3 0 4 0 4 0 0 0 5 0 2 0 1 0 2 0 2 1 0 0 0 0 1 0 1 0 7 0 6 0 3 0 5 0 7 0 7 0 6 0 5 0 3 0 5 0 3 0 1 0 5 0 1 0 2 0 5 0 0 0 3 0 7 0 4 0 2 0 5 0 5 0 0 0 5 0 3 0 4 1 0 0 6 0 0 1 0 0 7 0 5 0 6 0 3 0 2 0 1 0 2 0 4 0 5 0 4 0 4 0 7 0 6 0 6 0 1 1 0 0 3 0 3 0 5 0 4 0 0 0 3 0 2 0 4 0 5 0 6 0 7 0 0 0 3 0 1 0 0 0 0 0 0 0 0 0 4 1 0 0 1 1 0 0 5 0 4 0 1 0 4 0 4 0 2 0 3 0 2 0 1 1 0 0 4 0 0 0 5 0 5 0 7 0 3 0 5 0 3 0 5 0 2 0 0 0 5 0 4 0 6 0 4 0 2 0 0 0 3 0 2 0 4 0 4 0 1 0 4 0 0 0 3 0 6 1 0 0 0 0 7 0 2 0 2 0 4 1 0 0 3 0 6 0 3 0 4 0 3 1 0 0 2 1 0 1 0 0 1 0 5 1 0 0 6 0 2 0 4 0 5
0 577 5 0 3 0 7 0 7 0 2 0 5 0 5 0 3 0 6 0 4 0 2 0 1 0 6 0 5 0 3 0 2 0 7 0 1 0 0 0 5 0 0 0 0 0 5 0 7 0 2 0 7 0 0 1 0 0 1 0 1 0 7 0 6 0 6 0 7 0 4 0 3 0 1 0 1 0 4 0 7 0 0 0 3 0 5 0 0 0 4 0 5 1 0 0 5 0 7 0 1 0 1 0 2 0 4 0 1 0 6 0 7 0 6 0 6 0 0 0 5 0 0 0 3 0 1 0 3 0 6 0 4 0 2 0 5 0 7 0 4 1 0 0 4 0 7 0 7 0 3 1 0 0 3 0 7 0 0 0 3 0 6 0 2 0 5 0 4 0 5 0 4 0 2 0 0 0 6 0 5 1 0 0 6 0 5 0 5 0 7 0 5 0 3 0 7 0 3 0 2 1 0 0 2 0 1 1 0 0 6 0 5 0 2 0 4 0 0 0 2 0 6 0 0 1 0 0 4 0 4 0 6 0 4 1 0 0 1 0 1 1 0 0 3 0 3 0 4 0 1 0 0 1 0 0 3 0 4 0 4 0 0 0 3 0 6 1 0 0 7 0 6 0 5 0 0 0 6 1 0 0 4 1 0 0 0 0 0 0 6 0 1 1 0 0 6 0 7 0 0 0 0 0 2 0 1 0 5 0 2 0 4 0 5 0 6 1 0 0 2 0 3 0 6 0 4 1 0 0 3 0 7 0 7 0 5 0 2 1 0 0 2 0 7 0 3 0 1 0 3 0 5 0 1 0 1 0 7 0 6 0 0 0 6 0 2 0 2 0 2 0 1 1 0 0 2 0 0 0 3 0 2 1 0 0 6 0 3 0 4 0 7 0 4 0 2 0 5 0 0 0 3 0 1 0 1 0 7 0 5 0 4 0 4 0 7 0 5 0 7 0 2 0 0 0 1 0 6 0 5 0 0 0 3 0 5 0 6 0 1 0 6 0 2 0 0 0 0 0 0 0 1 0 0 1 0 0 3 1 0 0 2 0 0 0 4 0 0 0 0 0 5 0 6 0 4 0 3 0 7 0 7 0 1 0 2 0 3 0 6 1 0 0 2 1 0 0 2 0 5 0 1 0 2 0 1 0 5 0 0 0 5 0 0 0 6 0 5 0 0 0 0 0 3 1 0 0 1 0 7 0 4 1 0 0 1 0 5 0 5 0 5 0 0 1 0 0 7 0 3 1 0 0 0 1 0 1 0 0 5 1 0 0 7 0 2 0 3 0 0 0 3 0 6 0 0 0 3
1 579 1 0 1 1 0 0 7 0 6 0 6 0 2 0 2 1 0 0 5 0 0 0 5 0 3 0 4 0 2 0 7 0 5 0 5 0 3 0 1 0 1 0 1 0 1 0 2 0 6 0 6 0 5 0 2 0 7 0 1 0 3 0 6 0 5 0 5 0 7 0 0 0 7 0 2 0 3 0 0 0 6 0 1 0 7 0 1 0 2 0 0 0 4 0 0 0 2 0 6 0 3 0 2 0 4 1 0 0 4 0 4 0 7 0 5 0 4 0 2 0 1 0 1 0 6 0 2 0 7 0 4 0 0 0 6 0 2 0 7 0 2 0 0 0 0 0 7 0 6 1 0 1 0 0 7 0 5 0 1 0 7 0 3 0 6 0 2 0 1 0 3 0 0 0 5 0 1 0 4 0 4 0 0 0 4 0 3 0 3 0 7 0 2 1 0 0 6 0 7 0 5 0 7 0 3 0 3 1 0 0 4 0 2 0 5 1 0 0 1 0 5 0 3 0 2 1 0 0 0 0 1 0 5 0 1 1 0 0 2 0 3 0 7 0 5 0 6 1 0 0 3 0 1 0 7 0 6 0 0 0 0 0 1 0 7 0 5 0 0 0 6 0 5 0 2 0 2 0 5 0 0 0 0 1 0 0 0 0 1 0 3 0 4 1 0 0 4 0 6 0 1 0 0 0 4 0 3 0 1 0 6 0 0 0 3 0 5 1 0 0 4 0 7 0 4 0 1 1 0 0 7 0 6 0 7 0 2 0 6 0 7 0 4 0 5 0 7 0 2 0 7 0 1 0 3 0 3 0 6 0 4 0 2 0 3 0 5 0 4 0 4 0 3 0 7 0 3 0 0 0 6 0 5 1 0 0 3 1 0 0 1 0 7 0 0 0 6 0 1 0 1 0 6 0 2 0 3 0 6 0 3 0 1 0 1 0 7 0 3 0 6 0 5 0 0 0 3 0 4 0 2 0 1 0 7 0 2 0 4 0 4 0 3 0 5 0 0 0 0 0 0 0 2 0 1 0 7 0 6 0 7 0 3 0 0 1 0 0 1 0 1 0 2 0 5 0 0 1 0 0 7 0 6 0 3 0 4 0 7 0 4 1 0 0 5 0 7 0 4 0 1 0 3 0 4 0 3 0 1 0 2 0 1 0 2 0 4 0 2 0 1 0 0 0 7 0 7 0 2 0 6 0 1 1 0 0 3 0 2 0 3 0 2 0 2 1 0 0 5 1 0 1 0 0 1 1 0 1 0 0 3 0 0 0 5 0 5 0 6 0 0 0 7 0 3 0 1 0 6
1 579 2 0 3 1 0 0 6 0 5 0 4 0 5 0 5 1 0 0 1 0 2 0 1 1 0 0 0 0 6 0 6 0 3 0 2 0 7 0 2 0 2 0 2 0 2 0 5 0 4 0 5 0 2 0 6 0 5 0 3 0 7 0 4 0 3 0 3 0 6 0 2 0 5 0 5 0 6 0 1 0 3 0 4 0 5 0 3 0 4 0 0 1 0 0 1 0 5 0 3 0 7 0 5 0 1 0 0 0 0 0 1 0 7 0 3 0 0 0 5 0 2 0 3 0 3 0 6 0 6 0 0 0 2 0 3 0 6 0 5 0 5 0 0 0 1 0 6 0 6 0 0 1 0 0 6 0 2 0 4 0 5 1 0 0 4 0 5 0 2 0 6 0 1 0 1 0 4 0 0 0 0 0 1 1 0 0 7 0 7 0 5 0 6 1 0 0 4 0 7 0 3 0 6 0 7 0 7 0 7 0 7 0 5 0 2 1 0 0 3 0 1 0 7 0 5 0 6 1 0 0 3 0 1 0 4 0 7 0 3 0 7 0 6 0 3 0 5 1 0 0 6 0 3 0 6 0 4 0 1 0 0 0 3 0 6 0 2 0 2 0 4 0 2 0 5 0 5 0 1 0 1 0 1 0 6 1 0 0 2 0 7 0 1 0 0 0 0 0 4 0 3 0 0 1 0 0 7 0 3 0 3 0 1 0 7 0 3 0 0 0 0 0 7 0 0 0 4 1 0 0 6 0 5 0 6 0 6 0 4 0 7 0 1 0 3 0 6 0 6 0 5 0 3 0 6 0 7 0 4 0 0 0 5 0 7 0 2 0 1 0 0 1 0 0 6 0 7 0 1 0 4 0 3 1 0 0 7 0 7 0 2 0 5 0 2 0 3 0 3 0 3 0 3 0 5 0 7 0 3 0 7 0 2 0 3 0 5 1 0 0 5 0 2 0 1 0 6 1 0 0 5 0 3 0 5 0 6 0 0 0 0 1 0 0 2 0 1 0 0 0 0 0 4 0 3 0 6 0 5 0 6 0 7 0 1 0 7 0 1 0 2 0 5 0 1 0 2 1 0 0 6 0 4 1 0 0 1 0 7 0 2 0 0 0 2 0 7 0 0 0 3 0 6 1 0 0 7 0 2 0 4 0 2 0 4 1 0 0 5 0 2 0 1 0 6 0 6 0 6 0 3 0 4 0 7 0 5 0 4 0 6 0 4 0 5 1 0 0 3 0 0 0 7 0 2 1 0 0 7 0 5 0 1 0 2 0 3 0 4 0 2 0 5 0 7 0 3 0 4
0 579 4 1 0 0 0 0 4 0 3 0 1 0 3 0 3 1 0 0 2 0 4 0 3 0 7 0 0 0 4 0 4 0 7 0 5 0 5 0 5 0 4 0 4 0 5 0 2 0 1 0 2 0 6 0 4 0 2 1 0 0 7 0 0 0 7 0 7 0 3 0 6 0 2 0 3 0 4 0 3 0 7 0 0 0 2 1 0 0 0 0 2 0 7 0 2 0 1 1 0 0 7 0 2 0 3 0 0 0 0 0 3 0 5 0 7 0 1 0 1 0 5 0 6 0 7 0 4 0 4 0 1 0 4 0 7 0 4 0 3 0 2 0 1 0 3 0 4 0 4 0 2 1 0 0 3 0 6 0 0 0 4 0 0 0 0 0 2 0 6 0 3 0 3 0 2 1 0 0 1 0 0 0 3 1 0 0 6 0 7 0 3 0 6 0 0 0 0 0 6 1 0 0 5 0 7 0 7 0 7 0 7 0 2 0 6 0 7 0 5 0 3 0 6 0 3 0 5 1 0 0 6 0 3 0 0 0 6 1 0 0 7 0 4 1 0 0 4 0 0 0 3 1 0 0 5 0 0 0 3 0 0 0 7 0 3 0 5 0 4 1 0 0 6 0 2 0 2 0 3 0 2 0 3 0 4 1 0 0 5 0 5 0 3 0 0 0 0 1 0 0 7 0 1 1 0 0 5 0 7 0 6 0 3 0 5 0 7 0 0 0 1 0 5 0 2 0 1 0 0 0 4 0 3 0 5 0 5 0 1 0 6 0 3 0 7 0 4 0 5 0 2 1 0 0 5 0 7 0 0 0 2 0 2 0 6 0 5 0 2 0 1 1 0 0 4 0 6 0 4 0 0 0 0 0 0 0 6 0 6 0 6 0 1 0 5 0 6 0 6 0 6 0 7 0 2 0 6 1 0 0 6 0 5 0 7 0 3 0 0 0 1 0 5 0 3 0 5 0 0 0 1 1 0 0 3 0 4 0 1 0 1 0 7 0 3 0 2 0 0 0 0 1 0 1 0 0 5 0 3 0 5 0 6 0 4 0 5 0 3 0 5 0 1 0 3 0 5 1 0 0 4 0 1 1 0 0 3 0 5 0 5 0 0 0 5 0 5 0 1 0 7 0 5 0 0 0 5 0 5 1 0 0 6 0 1 0 0 0 1 0 5 0 3 0 4 0 5 0 4 1 0 0 1 0 7 0 3 0 1 0 5 0 1 0 3 1 0 0 6 0 1 0 5 0 6 1 0 0 6 0 2 0 3 0 4 0 6 1 0 0 6 0 2 0 6 1 0 0 1
0 581 1 0 0 1 0 0 0 1 0 0 7 0 2 0 6 0 7 0 7 0 3 1 0 1 0 0 6 0 2 0 0 0 1 0 7 0 3 0 3 0 3 0 1 0 1 0 2 0 5 0 2 0 5 0 4 0 0 0 6 1 0 0 5 0 2 0 6 0 6 1 0 0 4 0 5 0 6 1 0 1 0 0 6 0 1 0 5 0 6 1 0 0 5 0 5 0 5 0 3 1 0 0 5 0 5 0 6 0 0 0 0 0 7 0 2 0 6 0 3 0 3 0 2 0 5 0 7 0 1 0 0 0 4 0 0 0 7 0 0 0 7 0 4 0 2 0 7 0 0 0 0 0 6 0 7 0 6 0 3 0 1 1 0 0 1 0 0 0 5 0 3 0 7 0 6 0 5 0 7 0 1 0 0 1 0 0 0 0 4 0 6 1 0 0 4 0 1 0 1 0 5 0 0 0 2 0 7 0 7 0 7 0 6 0 6 0 4 0 7 0 2 1 0 0 4 1 0 0 4 0 0 0 3 0 7 0 1 0 5 0 0 0 6 0 1 1 0 1 0 0 1 1 0 0 0 0 1 0 1 0 6 0 1 0 5 1 0 0 3 0 2 0 0 0 3 0 5 0 4 0 6 0 4 0 7 0 1 0 0 0 2 0 2 0 7 0 0 0 1 1 0 0 5 0 4 1 0 0 2 0 7 0 4 1 0 0 3 0 6 0 1 0 3 0 1 0 5 0 2 0 0 1 0 1 0 0 3 0 2 0 4 0 3 1 0 0 7 0 1 0 2 0 6 1 0 0 2 0 6 0 1 0 4 0 5 0 4 0 2 0 5 0 3 1 0 0 0 0 5 0 0 0 1 0 0 0 1 0 4 0 5 0 4 0 4 0 2 0 5 0 5 0 5 0 6 0 6 0 5 0 0 0 4 0 3 0 6 0 7 0 0 0 3 0 1 1 0 0 2 0 1 0 3 0 7 0 5 1 0 0 3 0 3 0 5 0 7 0 4 0 0 0 1 1 0 1 0 0 1 1 0 0 3 0 5 0 1 0 2 1 0 0 2 0 3 0 7 0 2 1 0 1 0 0 4 0 7 0 6 0 2 0 2 0 2 0 2 0 2 0 4 0 6 0 2 0 2 0 2 0 4 0 0 0 3 0 3 0 0 0 3 0 1 1 0 0 1 0 3 0 1 1 0 0 3 0 5 0 7 0 3 0 1 0 3 1 0 0 0 0 3 0 4 0 2 0 6 0 0 0 3 0 5 0 7 0 0 0 6 0 0 0 3 0 6 0 4 1 0 0 2
0 581 2 0 1 0 7 0 0 1 0 0 5 0 6 0 4 0 7 0 7 0 0 0 0 1 0 0 3 0 5 0 0 0 3 0 5 0 7 0 6 0 6 0 2 0 2 0 5 0 1 0 6 0 2 0 0 0 2 0 5 0 0 0 1 0 6 0 4 0 6 0 0 0 0 0 3 0 6 0 0 1 0 0 3 0 4 0 2 0 6 0 0 0 2 0 3 0 3 0 0 0 0 0 2 0 3 0 4 0 1 0 1 0 5 0 6 0 3 0 7 0 6 0 5 0 2 0 6 0 3 0 0 1 0 0 2 0 5 0 2 0 6 0 0 0 6 0 5 0 1 0 1 0 4 0 7 0 4 0 7 0 3 0 7 0 1 0 1 0 1 1 0 0 7 0 5 0 3 0 6 0 3 0 1 0 7 0 0 0 0 0 5 1 0 1 0 0 3 0 3 0 1 0 1 0 5 0 6 0 7 0 7 0 5 0 5 0 1 0 6 0 6 1 0 0 0 1 0 1 0 0 1 0 7 0 5 0 4 0 1 0 2 0 3 0 4 1 0 0 7 0 2 0 6 1 0 0 2 0 3 0 3 0 4 0 2 1 0 0 6 0 4 0 0 0 7 0 2 0 1 0 5 0 1 0 6 0 3 0 0 0 4 0 5 0 5 0 1 0 3 1 0 0 2 0 1 1 0 0 5 0 6 0 1 1 0 0 7 0 3 0 3 0 6 0 3 0 1 0 5 0 1 1 0 0 7 0 5 0 5 0 0 0 0 0 0 0 5 0 3 0 5 0 4 1 0 0 5 0 3 0 4 0 0 0 3 0 0 0 6 0 1 1 0 1 0 0 1 0 1 0 1 0 2 0 0 0 3 0 0 0 3 0 1 0 0 0 6 0 2 0 3 0 3 0 5 0 5 0 2 0 1 1 0 1 0 0 5 0 6 0 1 0 6 0 3 0 7 0 3 0 2 0 7 0 6 0 3 1 0 0 6 0 7 0 2 0 7 0 0 0 1 0 3 1 0 0 7 0 2 0 7 0 6 0 1 0 3 0 5 0 7 0 3 0 7 0 5 0 6 1 0 1 0 0 0 0 7 0 4 0 5 0 4 0 4 0 4 0 5 0 0 0 4 0 5 0 4 0 4 1 0 0 1 0 6 0 6 0 0 0 6 0 3 0 7 0 1 0 6 0 3 0 7 0 6 0 2 0 6 0 7 0 2 0 7 0 6 1 0 0 6 1 0 0 6 0 3 0 1 0 7 0 2 0 6 0 2 0 3 0 1 0 7 0 4 0 1 1 0 0 4
1 581 4 0 3 0 5 0 2 1 0 0 2 0 5 0 1 0 7 0 6 0 1 0 1 0 7 0 6 0 1 0 1 0 7 0 2 0 7 0 5 0 4 0 5 0 5 0 1 0 4 0 3 0 5 0 0 0 5 0 1 0 1 0 3 0 4 0 1 0 4 0 1 0 0 0 7 0 3 0 2 0 7 0 5 1 0 0 6 0 3 0 1 0 4 0 6 0 6 0 0 0 0 0 4 0 6 1 0 0 3 0 3 0 2 0 4 1 0 0 7 0 5 0 2 0 6 0 3 0 7 0 1 0 7 0 4 0 1 0 6 0 3 0 2 0 4 0 2 0 3 0 3 0 0 0 7 0 1 0 6 1 0 0 6 0 3 0 2 0 3 1 0 0 6 0 2 1 0 0 4 0 7 0 3 0 5 0 1 0 1 0 3 0 0 0 7 0 5 0 6 0 2 0 3 0 2 0 5 0 7 0 7 0 3 0 2 0 4 0 4 0 5 1 0 0 1 1 0 0 7 0 2 0 6 0 3 0 0 0 3 0 4 0 7 0 1 0 0 0 5 0 6 0 4 1 0 0 4 0 6 0 6 1 0 0 6 1 0 0 4 0 0 0 2 0 5 0 5 0 3 0 1 0 4 0 3 0 7 0 1 0 0 0 3 0 2 0 3 0 7 0 7 0 3 0 3 1 0 0 2 0 4 0 4 1 0 0 5 0 7 0 7 0 3 0 7 0 3 0 1 0 4 1 0 0 6 0 3 0 2 0 1 0 0 0 1 0 1 1 0 0 3 0 2 0 0 0 1 1 0 0 0 0 1 0 6 0 1 0 3 0 4 1 0 0 7 0 1 0 2 0 2 0 4 0 0 0 6 0 0 0 6 0 2 0 1 0 3 0 5 0 6 0 7 0 2 0 2 0 5 0 3 1 0 1 0 0 2 0 4 0 4 0 3 1 0 0 6 0 7 0 5 0 6 0 5 0 0 0 0 0 4 0 6 0 6 0 5 0 1 0 2 1 0 0 0 0 5 0 6 0 6 0 4 0 3 0 7 0 2 0 6 1 0 0 7 0 3 0 6 0 0 0 7 0 0 0 6 0 1 0 3 0 1 0 1 0 1 0 2 0 2 0 0 0 3 0 1 0 1 1 0 0 3 0 4 0 4 0 2 0 3 1 0 0 6 0 4 0 3 1 0 0 7 0 4 0 6 0 4 0 6 0 6 0 6 0 6 0 0 0 5 0 0 0 3 0 7 0 3 0 5 0 6 0 3 0 5 0 6 0 3 0 6 0 0 0 4 1 0 0 0
1 582 1 0 1 0 0 2 0 6 0 7 0 4 0 1 0 4 0 6 0 4 0 3 0 3 0 6 0 4 0 3 0 3 0 5 0 6 0 6 0 3 0 1 0 3 0 2 0 3 1 0 1 0 0 2 0 2 0 1 0 3 0 2 0 6 1 0 0 3 1 0 0 3 0 1 0 5 0 7 0 5 0 6 0 4 0 0 0 3 0 7 0 3 0 0 0 5 0 4 0 1 0 1 0 0 0 5 1 0 0 6 0 6 0 5 0 1 0 0 0 6 0 2 0 6 0 3 1 0 0 6 0 4 0 6 0 0 0 4 0 3 0 7 0 4 1 0 0 5 0 6 0 6 0 1 0 5 0 4 0 5 0 0 0 3 0 7 0 4 1 0 0 0 0 3 0 6 1 0 0 0 0 6 1 0 0 2 0 3 0 2 0 6 0 1 0 6 0 3 0 4 0 5 0 6 0 5 0 2 0 7 0 6 0 7 0 5 0 0 0 1 0 3 1 0 0 3 1 0 0 5 0 6 0 3 0 7 0 0 0 7 0 0 0 6 0 3 0 1 0 2 0 5 0 2 0 0 0 0 0 5 0 6 0 0 0 4 1 0 1 0 0 1 0 5 0 2 0 2 0 7 0 2 1 0 1 0 0 6 0 3 0 0 0 6 0 4 0 7 0 6 0 6 0 7 0 7 0 7 0 4 0 0 0 2 0 0 0 2 0 7 0 6 1 0 0 6 0 7 0 3 0 1 0 0 0 3 0 7 0 4 0 2 0 0 0 2 0 3 0 7 0 5 0 4 0 0 0 3 0 6 1 0 0 3 0 3 0 3 0 7 0 1 0 0 0 5 0 3 0 4 0 4 1 0 0 2 0 3 0 2 0 3 0 5 0 2 0 7 0 2 0 5 0 6 0 5 0 5 0 2 0 0 0 0 0 7 0 4 0 0 0 1 0 0 0 0 0 4 0 7 0 3 0 5 0 2 0 1 0 1 0 0 0 5 0 5 0 2 0 3 0 5 0 7 0 0 0 2 0 5 0 5 0 0 1 0 0 6 0 6 0 5 0 0 0 5 1 0 0 4 0 2 0 5 0 2 0 3 0 3 0 6 0 2 0 2 0 2 0 4 0 4 0 0 0 6 0 2 0 3 0 7 0 6 0 0 0 0 0 5 1 0 0 0 0 4 0 1 0 0 0 0 0 6 0 1 0 5 0 1 0 5 0 5 0 5 0 4 0 2 0 1 0 1 0 7 0 5 1 0 0 3 0 4 1 0 0 3 0 4 1 0 0 4 0 2 0 0 1 0 0 0
1 583 1 1 0 0 7 0 4 0 4 0 7 0 0 0 4 0 0 0 5 0 0 0 7 0 7 0 4 0 0 0 7 0 7 0 2 0 5 0 4 0 7 0 2 0 6 0 4 1 0 0 0 0 7 0 3 0 4 0 2 0 6 0 5 0 4 1 0 0 7 0 7 0 5 0 3 0 2 0 7 0 3 0 5 0 0 0 1 0 7 0 5 0 7 0 1 0 2 0 0 0 3 0 2 0 1 0 3 0 0 0 4 0 5 0 2 0 3 0 1 0 3 0 6 0 4 0 0 0 0 0 4 0 1 0 4 0 1 1 0 1 0 0 7 0 2 0 0 0 2 0 5 0 4 0 4 0 2 0 1 0 2 0 1 0 7 0 6 0 1 1 0 0 0 0 7 0 4 1 0 0 1 0 4 1 0 0 4 0 6 0 5 0 3 0 4 0 3 1 0 0 1 0 3 0 5 0 2 0 6 0 6 0 5 0 7 0 2 0 1 0 2 0 7 0 7 0 6 1 0 0 2 0 4 1 0 0 6 0 2 0 5 0 2 0 3 0 7 0 2 0 5 0 1 0 5 0 0 0 1 0 2 0 4 0 2 0 1 0 0 0 7 0 2 0 1 0 5 0 5 0 5 0 6 1 0 1 0 0 3 0 7 0 1 0 4 0 1 0 7 0 5 0 5 0 7 0 7 0 7 0 0 0 1 0 4 0 0 0 5 0 6 0 6 0 0 0 4 0 6 0 7 0 2 0 0 0 7 0 6 0 0 0 5 0 0 0 4 0 7 0 6 0 3 0 0 0 1 0 7 0 4 1 0 0 6 0 6 0 7 0 5 0 3 0 1 0 1 1 0 0 1 0 1 1 0 0 4 0 6 0 4 0 7 0 1 0 6 0 5 0 6 0 2 0 5 0 3 0 2 0 5 0 0 0 1 0 6 0 0 0 1 0 2 0 0 0 1 0 0 0 6 1 0 0 2 0 5 0 2 0 2 0 1 0 2 0 2 0 5 0 7 0 2 0 6 0 1 0 5 0 2 0 2 0 2 1 0 0 4 0 5 0 2 0 2 0 2 1 0 1 0 0 6 0 1 0 5 0 6 0 7 0 3 0 5 0 4 0 5 0 0 0 0 0 2 0 3 0 5 0 7 0 6 0 4 0 1 0 1 0 2 1 0 0 0 1 0 0 3 0 0 0 1 0 3 0 4 0 1 0 4 0 2 0 3 0 3 0 0 0 5 0 2 0 3 0 6 0 3 1 0 0 7 0 0 1 0 0 7 0 0 1 0 1 0 0 5 0 1 0 6 1 0
1 583 3 1 0 0 6 0 1 0 1 0 6 0 1 1 0 0 2 0 1 0 2 0 6 0 7 0 0 0 2 0 6 0 6 0 6 0 2 0 1 0 6 0 6 0 4 0 1 1 0 0 1 0 5 1 0 0 0 0 6 0 4 0 3 0 2 0 0 0 6 0 7 0 2 0 7 0 5 0 5 1 0 0 2 0 1 0 3 0 6 0 3 0 6 0 3 0 4 0 0 0 6 0 4 0 2 0 6 0 1 0 0 0 2 0 5 0 6 0 2 0 7 0 4 0 0 0 1 0 0 1 0 0 3 1 0 0 4 1 0 1 0 0 5 0 5 0 0 0 5 0 2 0 1 0 0 0 5 0 2 0 4 0 3 0 6 0 4 0 4 0 7 0 0 0 6 0 1 1 0 0 3 0 1 0 0 0 0 0 5 0 2 1 0 0 0 1 0 1 0 0 2 0 7 0 1 0 6 0 4 0 5 0 3 0 6 0 5 0 2 0 5 0 6 0 7 0 5 1 0 0 5 0 1 0 0 0 3 0 6 0 1 0 5 0 7 0 5 0 6 0 1 0 4 0 1 0 1 0 2 0 4 1 0 0 5 0 2 0 1 0 5 0 5 0 3 0 2 0 3 0 3 0 6 0 0 0 7 0 6 0 5 0 3 1 0 0 4 0 6 0 3 0 3 0 7 0 7 0 6 0 1 0 2 1 0 0 2 0 2 0 5 0 4 0 2 0 0 0 5 0 6 0 5 0 1 0 6 0 4 0 2 0 1 0 2 0 0 0 7 0 4 0 7 0 0 0 3 0 6 0 2 0 0 0 4 0 5 0 7 0 2 0 7 0 2 0 3 0 7 0 1 0 3 1 0 0 0 0 5 0 1 0 6 0 4 0 4 0 3 0 4 0 6 0 1 0 7 0 5 0 1 0 1 0 3 0 3 0 1 0 2 0 4 0 0 0 2 0 1 0 4 1 0 0 5 0 1 0 5 0 4 0 2 0 4 0 5 0 2 0 6 0 6 0 3 0 4 0 1 0 5 0 4 0 5 1 0 0 0 0 2 0 5 0 4 0 5 1 0 1 0 0 3 0 4 0 2 0 5 0 6 1 0 0 3 0 1 0 2 0 1 0 0 0 4 0 7 0 2 0 7 0 5 0 0 0 3 0 2 0 5 0 7 0 0 0 7 0 5 0 0 0 2 0 6 1 0 0 3 1 0 0 5 0 6 0 6 0 1 0 1 0 5 0 7 0 4 0 0 0 0 0 5 0 2 1 0 0 5 0 2 1 0 1 0 0 1 0 4 0 4 1 0
1 584 1 0 0 0 0 3 0 3 0 3 0 3 0 4 0 7 0 3 0 2 0 5 0 4 0 6 0 1 0 5 0 4 0 5 0 4 0 5 0 3 0 4 0 5 0 0 0 4 0 7 0 2 0 2 1 0 0 1 0 4 0 0 0 7 0 4 0 1 0 4 0 6 0 6 0 6 0 3 0 3 1 0 0 4 0 2 0 7 0 3 1 0 0 4 1 0 0 0 0 2 0 4 0 0 0 6 0 3 0 3 0 0 0 5 0 2 0 4 0 6 0 6 0 0 0 1 0 2 0 1 0 7 0 6 1 0 0 1 0 0 1 0 0 2 0 2 0 2 0 1 0 5 0 2 0 1 0 1 0 5 1 0 1 0 0 5 0 1 0 1 0 6 0 2 0 3 0 4 0 7 0 5 0 2 0 0 0 1 0 1 0 6 0 7 0 0 1 0 0 7 0 4 0 5 0 4 0 4 0 1 0 2 1 0 0 5 0 2 0 6 0 2 0 5 0 7 0 4 0 0 0 1 0 3 0 0 0 7 0 3 0 4 0 2 0 7 0 3 0 4 0 3 1 0 0 3 0 2 0 5 0 1 0 0 0 1 0 5 0 3 0 2 0 2 0 7 0 4 0 6 0 7 0 3 0 2 0 6 0 5 0 3 0 0 0 0 0 0 0 4 0 7 0 7 0 6 0 7 0 4 0 3 0 5 0 7 0 3 0 5 0 2 0 0 0 5 0 1 0 2 0 5 0 2 0 4 0 4 0 0 0 5 0 2 0 4 0 1 0 6 0 1 0 6 0 1 0 7 0 3 0 5 0 1 0 0 0 3 0 6 0 6 0 5 0 5 0 7 0 5 0 3 0 7 0 7 0 0 0 1 0 4 0 4 0 1 0 0 1 0 0 1 0 4 0 4 0 6 0 2 0 3 0 2 0 6 0 6 0 2 0 4 1 0 0 1 0 4 0 3 0 1 0 0 0 1 0 4 0 2 0 0 0 6 0 0 0 2 0 6 0 4 0 4 1 0 0 0 0 4 0 2 0 1 0 3 1 0 0 0 0 5 0 2 0 1 0 4 0 0 0 7 0 5 1 0 0 6 0 2 0 5 1 0 0 6 0 2 0 4 0 2 0 1 0 0 0 6 0 6 0 6 0 2 0 1 0 6 0 5 0 2 0 6 0 2 0 6 0 2 0 1 0 5 0 4 1 0 1 0 0 0 0 2 0 5 0 4 0 3 0 3 0 2 0 7 0 0 0 1 0 1 0 1 0 6 1 0 0 1 0 6 1 0 0 7 0 2 0 0 0 1 1 0
1 585 1 0 6 1 0 0 6 0 6 0 6 0 7 0 0 0 6 0 7 0 5 0 2 0 1 0 4 0 4 0 2 0 1 0 3 0 1 0 2 1 0 0 1 0 2 0 2 0 0 0 6 0 5 0 5 0 7 0 1 1 0 0 2 0 6 0 0 0 4 0 0 0 5 0 5 0 4 0 7 0 7 0 7 0 7 0 5 0 6 0 0 0 0 0 0 1 0 0 0 0 4 1 0 0 2 0 3 0 7 0 6 0 1 0 1 0 6 0 0 0 5 0 4 0 1 0 2 0 4 0 3 0 6 0 5 1 0 0 2 0 1 0 7 0 3 0 4 0 4 0 3 0 1 0 5 0 2 0 3 0 3 0 0 1 0 0 1 0 3 0 3 0 3 0 5 0 7 0 0 0 7 0 2 0 5 0 0 0 2 0 3 0 4 0 6 0 2 1 0 0 6 0 1 0 3 0 1 0 0 0 3 0 5 1 0 0 1 0 6 0 3 0 6 0 2 0 7 0 0 0 1 0 2 0 6 0 1 0 5 1 0 0 0 0 6 0 5 1 0 0 0 1 0 1 0 0 6 0 5 0 1 0 3 0 0 0 3 0 1 0 7 0 4 0 5 0 6 0 1 0 5 0 6 0 7 0 5 0 4 0 2 0 7 0 0 0 0 0 1 0 0 0 7 0 7 0 5 0 7 0 0 1 0 0 3 0 6 1 0 0 2 0 5 0 1 0 1 0 3 0 5 0 1 0 6 0 0 0 0 0 2 0 1 0 5 1 0 0 4 0 3 0 4 0 3 0 4 0 5 1 0 0 2 0 3 0 0 0 7 0 4 0 5 0 3 0 3 0 7 0 2 1 0 0 7 0 6 0 1 0 3 0 0 0 0 0 3 0 1 0 7 0 2 0 0 0 1 0 4 0 5 0 6 0 5 0 4 0 4 0 6 0 0 1 0 0 2 1 0 0 7 0 2 0 0 0 2 1 0 0 5 0 1 0 3 0 1 0 5 0 4 0 1 0 1 1 0 0 0 1 0 0 5 0 2 0 7 0 7 0 0 0 1 0 5 0 2 1 0 0 2 0 6 0 4 0 0 0 3 0 6 0 3 0 0 0 3 0 5 1 0 0 5 0 2 0 1 0 4 0 5 0 4 0 5 0 3 0 4 0 2 0 6 0 3 0 6 0 3 0 5 0 3 0 2 0 2 0 0 0 6 1 0 0 5 0 2 0 0 0 7 0 6 0 5 0 5 0 1 0 2 0 2 0 3 0 4 1 0 0 3 0 5 0 0 0 5 0 5 0 0 0 3 0 6
1 585 3 0 5 0 0 0 4 0 5 0 5 0 6 0 2 0 4 0 7 0 2 0 5 0 3 0 0 0 0 0 5 0 2 0 6 0 2 0 5 0 7 0 1 0 4 0 4 0 1 0 4 0 3 0 3 0 6 0 4 0 7 0 4 0 3 0 1 1 0 0 2 0 2 0 3 0 1 0 7 0 7 0 7 0 7 0 3 0 4 0 1 0 0 0 1 0 7 0 0 0 0 1 0 0 4 0 7 0 6 0 4 0 3 0 3 0 3 0 2 0 2 0 0 0 3 0 4 1 0 1 0 0 5 0 3 1 0 0 4 0 3 0 5 1 0 0 1 0 0 0 7 0 3 0 1 0 5 0 6 0 6 0 1 0 7 0 1 0 6 0 6 0 7 0 2 0 6 0 2 0 5 0 6 0 1 0 1 0 4 0 7 0 0 0 4 0 6 1 0 0 3 0 3 0 6 0 2 0 0 0 7 0 2 1 0 0 3 0 3 1 0 0 4 0 6 0 5 0 1 0 2 0 5 0 3 0 4 0 2 1 0 0 1 0 4 0 3 1 0 0 1 1 0 1 0 0 4 0 2 0 3 0 6 0 0 0 6 0 3 0 6 0 1 0 3 0 4 0 4 0 2 0 5 0 7 0 3 0 0 0 6 0 5 0 1 0 0 0 2 0 1 0 6 0 7 0 3 0 6 0 2 0 7 0 6 0 4 1 0 0 5 0 1 0 3 0 2 0 7 0 1 0 4 0 3 0 1 0 0 0 4 0 3 0 2 1 0 1 0 1 0 0 0 1 0 0 1 0 3 1 0 0 4 0 6 0 1 0 6 0 1 0 2 0 7 0 7 0 5 0 6 1 0 0 6 0 4 0 3 0 6 0 0 0 0 0 6 0 3 0 5 0 5 0 0 0 3 0 0 0 3 0 5 0 3 0 1 0 1 0 4 0 2 0 7 0 4 1 0 0 5 0 5 0 0 0 5 1 0 0 1 0 3 0 6 0 3 0 2 0 0 0 3 0 3 0 7 0 0 1 0 0 1 0 6 0 6 0 6 0 1 0 3 0 1 0 6 0 7 0 4 0 4 0 0 0 1 0 7 0 3 0 7 0 0 0 7 0 3 0 0 0 1 0 5 0 3 0 0 0 3 0 1 0 2 1 0 0 0 0 6 0 3 1 0 0 4 1 0 0 2 0 7 0 4 0 4 0 1 0 5 0 0 0 1 0 5 0 1 0 6 0 5 0 3 0 2 0 3 0 4 0 4 0 7 0 0 1 0 0 7 0 1 0 2 0 2 0 2 0 1 0 7 0 4
0 585 7 0 1 0 2 0 0 0 3 0 3 0 4 0 6 0 0 0 6 0 6 0 1 0 7 0 0 0 1 0 1 0 6 0 3 0 6 0 2 0 6 0 4 0 0 0 0 0 3 1 0 0 7 0 7 0 4 0 1 0 7 0 0 0 7 0 3 0 7 0 3 0 4 0 6 0 3 0 6 0 7 0 7 0 6 1 0 0 0 0 3 0 0 0 3 0 5 0 1 0 1 1 0 0 0 0 7 0 5 0 0 0 7 0 6 0 6 0 4 0 4 0 0 0 7 0 1 0 0 1 0 0 1 1 0 1 0 1 0 1 0 0 3 1 0 0 2 0 1 0 5 0 7 0 3 0 2 0 5 0 4 0 4 0 5 0 4 0 4 0 5 0 6 0 6 0 3 0 6 0 2 0 4 0 3 0 3 0 0 0 6 0 2 0 0 0 5 1 0 0 6 0 7 0 3 0 5 0 1 0 5 0 6 0 7 0 5 1 0 0 0 0 0 0 5 0 2 0 3 0 5 0 1 1 0 0 0 0 6 0 7 0 1 1 0 1 0 1 0 0 3 1 0 0 7 0 7 0 4 0 7 0 3 0 2 0 3 1 0 0 4 0 3 0 7 0 0 0 0 0 6 0 2 0 6 0 7 0 1 0 4 0 2 0 3 0 0 0 4 0 3 0 4 0 6 1 0 0 4 0 6 0 6 0 5 0 2 0 0 0 1 0 3 0 6 0 5 0 5 0 3 1 0 0 7 0 2 0 0 1 0 0 7 0 5 1 0 1 0 0 7 0 0 0 7 0 1 1 0 0 0 0 0 0 4 0 4 0 3 0 3 0 5 0 6 0 7 0 3 0 6 0 0 0 4 0 0 1 0 0 4 0 1 0 1 0 3 1 0 0 3 0 2 0 1 0 6 0 0 0 7 0 1 0 7 0 2 0 2 1 0 0 6 0 6 0 2 0 0 0 2 0 2 0 2 0 2 1 0 0 2 0 7 0 3 0 7 0 4 0 0 0 6 0 7 0 5 0 2 0 7 0 2 0 4 0 5 0 4 0 3 0 6 0 3 0 4 0 7 0 1 0 0 0 1 0 3 0 5 1 0 0 6 0 2 0 5 0 7 0 0 0 3 0 1 0 7 0 0 0 6 0 2 0 5 0 7 0 0 0 4 0 0 0 0 0 0 1 0 0 5 0 6 0 1 0 0 0 4 0 1 0 1 0 3 0 1 0 4 0 4 0 2 0 7 0 4 0 7 0 0 0 1 0 6 0 2 1 0 0 5 0 3 0 4 0 4 0 4 0 3 0 6 0 1
0 587 1 0 5 0 3 0 4 0 0 0 6 0 7 0 0 0 4 0 2 0 4 0 4 0 4 0 5 0 1 0 2 0 3 0 3 1 0 0 4 0 6 0 4 0 0 0 1 0 0 1 0 0 0 0 6 0 7 0 0 0 4 0 5 0 2 0 5 1 0 0 6 1 0 0 1 0 4 1 0 0 5 0 7 0 7 0 5 1 0 0 0 0 6 0 0 0 7 0 1 0 3 0 3 0 7 0 0 0 6 0 2 0 2 0 6 0 5 0 5 0 1 0 0 0 2 0 5 0 3 0 1 0 7 0 2 1 0 1 0 1 0 0 7 0 6 0 7 0 3 0 3 0 2 0 6 0 7 0 5 0 2 0 1 0 1 0 3 0 1 0 1 0 3 0 5 0 4 1 0 0 4 0 5 1 0 0 7 0 6 0 1 0 3 0 5 0 1 0 3 0 0 0 4 0 6 1 0 0 2 0 4 0 2 0 5 0 7 0 3 1 0 0 0 0 1 0 1 0 5 0 7 0 1 0 4 0 7 0 0 0 4 0 6 0 4 1 0 1 0 0 7 0 6 1 0 0 6 0 7 0 1 0 6 0 7 0 4 0 7 0 7 0 7 0 7 0 5 0 1 0 1 0 3 0 6 0 4 0 6 0 3 1 0 0 5 0 6 0 0 1 0 1 0 0 1 0 6 0 0 0 0 0 5 0 5 0 2 0 5 0 0 0 2 0 7 0 4 0 3 0 3 0 0 0 0 0 5 0 5 0 1 1 0 0 6 0 4 0 0 1 0 0 5 0 2 0 5 0 4 0 6 1 0 0 1 0 0 0 0 0 7 0 7 0 2 0 5 0 6 1 0 0 4 0 1 1 0 0 2 0 7 0 7 0 2 0 2 0 7 0 7 0 5 0 4 0 3 0 3 0 2 0 5 0 4 0 5 0 5 0 5 1 0 0 4 0 4 0 5 0 0 0 4 0 4 0 4 0 5 0 7 0 4 0 5 1 0 0 7 0 0 0 2 0 4 0 7 0 2 0 6 0 5 0 6 0 0 0 3 0 0 1 0 0 4 1 0 0 1 0 6 0 3 0 0 0 2 0 7 0 3 0 0 0 3 0 6 0 2 0 6 0 1 0 6 0 3 0 5 0 2 0 3 0 6 0 2 0 6 0 1 1 0 0 1 0 0 0 1 1 0 0 2 0 4 0 3 0 0 1 0 0 3 0 2 0 6 0 3 0 0 0 0 0 6 0 6 0 1 0 6 0 1 0 3 0 3 0 6 1 0 0 1 1 0 0 1 0 1 0 0 1 0 0 4 0 3
1 587 3 0 1 1 0 0 0 0 2 0 4 0 6 0 1 1 0 0 6 0 0 0 1 0 1 0 2 0 3 0 4 0 6 1 0 0 0 0 0 0 5 0 0 0 1 0 2 0 1 0 7 0 0 0 4 0 6 0 2 0 0 0 2 0 6 0 3 0 0 0 4 1 0 0 3 0 1 0 0 0 2 0 7 0 7 0 3 1 0 0 1 0 3 0 2 0 5 0 3 0 6 0 7 0 5 0 2 0 3 0 5 0 5 0 4 0 3 0 2 0 3 0 0 0 5 0 1 0 7 0 3 0 5 0 6 1 0 1 0 1 0 0 6 0 5 0 6 0 7 0 6 0 5 0 4 0 7 0 2 0 5 0 2 0 2 0 6 0 2 0 2 0 7 0 2 0 2 0 0 0 0 0 4 0 0 0 6 0 4 0 3 0 7 0 1 0 3 0 6 0 1 0 0 0 5 1 0 0 4 1 0 0 6 0 2 0 6 1 0 1 0 0 0 0 2 0 3 0 2 0 6 0 4 0 0 0 6 0 2 0 0 0 5 0 2 0 0 1 0 0 6 0 6 0 0 0 4 0 6 0 4 0 4 0 7 0 1 0 7 0 7 0 7 0 7 0 2 0 3 0 2 0 7 0 4 0 1 0 5 0 0 0 0 0 2 0 4 0 2 1 0 0 7 0 2 0 3 0 1 0 1 0 2 0 2 0 6 0 1 0 1 0 5 0 6 0 0 0 7 0 6 0 0 0 1 0 2 0 2 0 4 1 0 0 4 0 0 0 2 1 0 0 1 0 6 0 2 0 1 0 5 1 0 0 2 0 0 0 1 0 6 0 6 0 6 0 2 0 5 1 0 1 0 0 4 0 7 0 4 0 6 0 6 0 5 0 5 0 6 0 7 0 3 0 0 0 7 0 6 0 5 0 2 0 1 0 3 0 3 0 4 0 0 0 0 0 1 0 2 0 2 0 0 0 1 0 1 0 3 0 7 0 1 0 4 0 0 0 5 0 1 0 5 0 0 0 6 0 6 0 4 0 3 0 4 0 1 0 6 0 1 1 0 0 0 1 0 0 3 0 3 0 7 0 0 0 5 0 5 0 7 0 0 0 7 0 3 0 6 0 3 0 4 0 3 1 0 0 2 0 5 0 7 0 3 0 6 0 3 0 4 0 7 0 1 0 0 0 3 0 7 0 3 1 0 0 7 0 1 0 7 0 5 0 5 0 3 0 7 0 0 0 1 0 4 0 4 0 4 0 3 0 3 0 6 0 7 0 4 1 0 0 3 0 7 0 1 0 2 0 1 0 7 0 7 0 6
1 587 6 0 3 0 6 1 0 0 5 0 0 0 4 0 4 1 0 0 3 0 1 0 2 0 2 0 4 0 7 0 0 0 5 1 0 0 0 0 1 0 1 0 1 0 2 0 4 0 3 0 5 0 2 0 0 0 4 0 5 0 0 0 5 0 3 0 7 0 1 0 0 1 0 0 6 0 2 0 0 0 5 0 6 0 6 1 0 1 0 0 2 0 6 0 5 0 1 1 0 0 5 0 7 0 2 0 5 0 7 0 2 0 3 0 0 0 7 0 4 0 6 0 1 0 1 0 4 0 5 1 0 0 3 0 6 0 0 1 0 1 0 0 4 0 3 0 5 0 7 0 5 0 3 0 1 0 6 0 6 0 1 0 5 0 5 0 3 0 5 0 5 0 5 0 5 0 4 0 0 0 0 1 0 0 2 0 4 0 0 1 0 0 6 0 3 0 7 0 3 0 3 0 1 0 3 0 0 0 1 0 0 0 3 0 6 0 5 0 0 0 6 1 0 0 4 0 6 0 5 0 4 0 0 0 2 0 3 0 5 0 1 0 1 0 5 0 1 1 0 0 4 0 4 0 2 0 0 0 5 0 1 0 1 0 6 0 4 0 6 0 7 0 7 0 6 0 5 0 6 0 5 0 6 0 0 0 4 0 1 0 1 0 0 0 4 1 0 0 6 1 0 0 5 0 5 0 6 0 2 0 2 0 4 0 5 0 3 0 3 0 3 0 2 0 4 0 2 0 6 0 4 0 1 0 2 0 4 0 5 0 0 1 0 1 0 0 1 0 5 0 7 0 2 0 3 0 5 0 3 0 2 1 0 0 4 0 0 0 3 0 4 0 5 0 4 0 6 0 3 0 0 1 0 0 0 0 7 0 1 0 5 0 5 0 3 0 3 0 5 0 6 0 7 0 1 0 6 0 5 0 2 0 5 0 2 0 6 0 6 1 0 0 1 0 0 0 2 0 4 0 4 0 0 0 2 0 2 0 7 0 5 0 3 1 0 0 2 0 1 0 4 0 1 0 2 0 4 0 5 0 0 1 0 0 0 0 4 0 3 0 4 0 7 0 0 0 7 0 5 0 7 0 5 0 2 0 2 0 3 0 6 0 2 0 5 1 0 0 4 1 0 0 0 1 0 1 0 0 5 0 2 0 6 1 0 0 4 1 0 0 1 0 6 0 3 0 0 0 7 0 6 0 0 0 0 0 5 0 4 0 6 0 3 0 2 1 0 0 6 0 1 0 3 0 0 0 1 0 0 0 7 0 7 0 4 0 7 0 1 1 0 0 7 0 5 0 3 0 4 0 3 0 6 0 7 0 5
0 589 1 0 3 1 0 0 6 0 0 0 1 0 2 0 0 0 1 1 0 0 6 0 2 0 4 0 5 0 0 0 6 0 2 0 2 1 0 0 0 0 2 0 2 0 2 0 4 1 0 1 0 0 2 0 5 0 1 0 0 0 2 0 2 0 1 1 0 0 6 0 3 0 1 1 0 0 3 0 5 0 1 0 2 0 5 0 6 0 0 0 7 0 4 0 4 0 2 0 4 1 0 0 2 0 6 0 6 0 2 0 6 0 5 0 6 0 1 0 6 0 1 0 4 0 3 0 3 0 0 0 3 1 0 0 7 0 3 0 2 1 0 0 7 0 7 0 7 0 2 0 7 0 2 0 7 0 3 0 4 0 4 0 4 0 2 0 2 1 0 0 3 0 3 0 3 0 3 0 0 0 1 0 1 0 7 0 3 1 0 0 2 1 0 0 3 1 0 0 6 0 7 0 6 0 2 0 6 0 0 0 2 0 0 0 7 0 4 0 2 0 2 0 5 0 0 0 0 0 5 0 3 0 0 0 1 0 4 0 7 0 1 0 3 0 3 0 1 0 4 1 0 0 0 0 0 0 5 0 1 0 1 0 3 0 3 0 4 0 1 0 5 0 7 0 7 0 5 0 3 0 5 0 3 0 4 0 1 1 0 0 3 0 2 0 1 0 1 0 0 0 5 0 0 0 2 0 3 0 4 0 5 0 5 0 0 0 2 0 7 0 6 0 6 0 4 1 0 0 6 0 4 0 0 0 3 0 5 0 0 0 2 0 2 1 0 0 7 0 2 0 2 0 6 0 5 0 7 0 1 0 7 0 5 0 7 0 7 0 0 0 7 0 0 0 3 0 1 0 4 0 7 0 1 0 7 0 0 0 5 0 4 0 2 0 2 0 7 0 7 0 2 0 5 0 6 0 4 0 4 0 2 0 6 0 1 0 6 0 4 0 5 1 0 0 2 0 0 0 5 0 0 0 0 0 1 0 4 0 5 0 6 0 2 1 0 1 0 0 4 0 2 1 0 0 3 0 5 0 0 0 2 0 2 0 6 1 0 1 0 1 0 0 1 0 6 0 2 0 6 0 3 0 7 0 2 0 5 0 4 0 7 0 3 0 6 0 3 0 0 0 0 1 0 0 1 1 0 1 0 0 1 0 6 0 5 0 0 0 0 1 0 0 3 0 3 0 7 0 1 0 6 0 4 0 1 0 1 0 2 0 1 0 4 0 7 0 5 1 0 0 3 0 3 0 6 0 0 0 2 0 1 0 6 0 7 0 1 0 6 0 4 1 0 0 6 0 2 1 0 0 0 1 0 0 5 0 7 0 3
1 589 2 1 0 0 0 0 3 0 1 0 2 0 4 0 0 0 3 1 0 0 3 0 6 0 0 0 2 0 2 0 3 0 5 0 5 0 6 1 0 0 4 0 4 0 5 0 1 0 0 0 7 0 4 0 1 0 3 0 0 0 4 0 4 0 3 1 0 0 3 0 7 0 3 0 7 0 6 0 1 0 3 0 5 0 2 0 4 0 2 0 6 0 1 0 0 0 6 0 0 1 0 0 5 0 4 0 4 0 6 0 4 0 3 0 4 0 4 0 3 0 3 1 0 0 7 0 6 0 0 1 0 0 0 0 5 0 7 0 5 1 0 0 6 0 7 0 6 0 6 0 5 0 6 0 5 1 0 0 1 0 1 0 0 0 5 0 5 0 7 0 5 0 6 0 6 0 6 0 0 0 2 0 3 0 5 1 0 1 0 0 5 0 7 0 6 1 0 0 4 0 7 0 4 0 6 0 3 0 1 0 4 0 1 0 6 0 0 0 5 0 5 0 1 0 1 0 1 0 1 0 7 0 0 0 3 0 0 0 6 0 3 0 6 0 6 0 3 0 0 1 0 0 0 0 1 0 1 0 3 0 2 0 6 0 6 1 0 0 4 0 2 0 7 0 7 0 2 1 0 0 2 1 0 0 0 0 4 0 7 0 5 0 4 0 2 0 2 0 1 0 1 0 1 0 4 0 7 0 0 0 3 0 2 0 1 0 5 0 6 0 5 0 5 0 2 0 0 0 4 0 0 0 1 0 7 0 1 0 1 0 4 0 5 1 0 0 5 0 5 0 5 0 4 0 3 0 6 0 4 0 6 0 3 0 7 0 6 0 2 0 5 0 1 0 6 0 3 0 0 0 6 0 4 0 5 0 2 0 2 0 0 0 5 0 5 0 6 0 6 0 6 0 2 0 5 0 1 0 0 0 6 0 3 0 4 0 4 0 1 0 3 1 0 0 4 0 1 0 1 0 1 0 0 0 3 0 0 0 3 0 4 0 6 1 0 0 7 0 7 0 5 0 7 0 6 0 1 0 1 0 4 0 5 0 5 0 0 1 0 0 7 0 2 0 3 0 6 0 3 1 0 0 6 0 6 0 2 0 1 0 6 1 0 0 4 0 7 0 0 0 1 0 7 0 2 1 0 0 7 0 2 0 4 0 2 0 1 0 1 0 7 0 5 0 7 0 5 0 4 0 4 0 0 0 3 0 2 0 4 0 3 0 0 0 7 0 3 1 0 0 6 0 7 0 3 0 1 0 4 0 3 0 4 0 6 0 4 0 4 0 2 0 0 0 3 0 6 0 7 0 0 1 0 0 2 0 6 1 0
1 589 5 0 6 1 0 0 6 0 2 0 4 1 0 0 1 0 7 0 7 0 6 0 3 0 1 0 4 0 4 0 7 0 2 0 3 0 6 0 0 0 0 0 1 0 2 0 3 0 1 0 6 0 0 0 3 0 6 0 1 0 0 0 0 1 0 1 0 0 7 0 5 1 0 0 7 0 4 0 3 0 7 0 1 0 5 1 0 0 6 0 3 0 3 0 1 0 3 0 2 1 0 0 2 0 1 0 1 0 5 0 0 1 0 0 1 0 0 1 0 0 0 0 0 0 6 0 4 0 2 0 7 0 0 0 2 0 7 0 4 0 0 0 4 0 7 0 5 0 5 0 3 0 5 0 3 1 0 0 2 0 2 0 1 0 2 0 3 0 7 0 3 0 5 0 5 0 4 0 1 0 4 0 7 0 3 0 0 1 0 0 2 0 7 0 6 0 0 0 0 0 7 0 1 0 4 0 7 0 2 1 0 0 4 0 3 0 2 0 2 0 2 0 3 0 2 0 2 0 3 0 5 0 1 0 6 0 1 0 3 1 0 0 5 0 4 0 7 0 1 0 6 1 0 0 2 0 2 0 6 0 5 0 4 0 5 1 0 1 0 0 6 0 6 0 6 0 6 0 7 0 4 0 7 0 0 0 0 0 7 0 3 0 0 0 5 0 4 0 2 0 2 0 3 0 0 0 6 0 1 0 6 0 4 0 3 0 2 0 5 0 3 0 2 0 5 0 0 1 0 0 1 0 3 0 5 0 3 0 3 0 0 0 4 0 0 0 2 0 3 0 3 0 0 1 0 0 5 0 1 0 4 1 0 0 7 0 4 0 6 0 1 0 4 0 3 0 7 0 1 0 4 0 1 0 2 0 5 0 4 0 1 0 2 0 3 0 5 0 5 0 4 0 6 0 1 0 3 0 1 0 3 1 0 0 1 0 0 0 3 0 7 0 7 0 7 0 2 0 2 0 2 0 0 0 6 0 0 0 7 0 0 0 6 0 0 0 6 0 7 0 3 0 7 0 4 0 3 0 3 0 0 0 3 0 2 0 2 1 0 0 5 0 5 0 7 0 4 0 0 0 0 0 4 0 4 0 5 0 3 0 5 0 0 0 0 0 6 0 1 0 3 0 5 0 6 1 0 0 5 0 5 1 0 0 5 0 2 0 3 0 6 0 3 0 7 0 3 0 1 0 0 0 1 0 6 0 4 1 0 0 7 0 1 0 6 0 0 0 0 0 4 0 6 0 7 0 2 1 0 1 0 0 1 0 5 0 1 0 0 0 5 0 0 0 7 0 4 0 6 0 2 0 7 0 4 0 4 1 0
1 591 1 0 2 0 6 0 0 0 3 0 6 0 0 1 0 0 3 0 6 0 7 0 4 0 7 0 3 0 0 0 1 0 6 0 5 0 7 0 3 0 1 0 0 0 2 0 4 0 6 0 3 0 3 0 1 0 7 0 3 0 3 0 0 0 1 1 0 1 0 0 6 0 4 0 0 0 6 0 0 1 0 0 6 0 4 0 3 0 0 0 3 0 7 0 6 0 2 0 6 0 5 0 7 0 3 0 2 0 3 0 1 0 2 0 7 0 1 0 1 0 6 1 0 0 1 0 4 0 0 0 6 0 5 0 1 0 5 0 6 0 0 0 2 0 0 0 7 0 3 0 2 1 0 0 2 1 0 1 0 0 4 0 4 0 2 0 4 0 7 0 5 1 0 0 3 0 3 0 0 0 4 0 0 0 6 0 7 0 1 0 7 0 4 0 6 0 4 0 1 0 1 0 5 0 4 0 0 0 6 0 6 0 7 0 7 0 6 0 4 0 4 0 4 0 6 0 4 0 4 0 7 0 1 0 4 0 3 0 3 1 0 0 0 0 2 0 1 0 6 0 4 0 4 1 0 0 4 0 5 0 4 0 3 0 1 0 4 0 0 1 0 0 4 0 5 0 5 0 5 0 7 0 1 0 6 0 1 0 1 0 5 0 7 0 1 0 2 0 0 0 5 0 4 0 6 0 1 0 3 0 4 0 4 0 0 0 7 0 5 0 1 0 7 0 5 0 1 0 2 0 7 0 1 0 7 0 1 0 7 0 6 0 0 1 0 0 1 0 4 0 6 0 6 0 1 1 0 0 1 0 4 0 1 0 0 0 6 0 1 0 4 0 3 1 0 1 0 0 6 0 3 1 0 0 3 0 5 0 2 0 0 0 3 0 4 0 7 0 2 0 3 0 1 0 4 0 3 0 6 0 2 0 7 0 7 0 1 0 0 0 7 0 6 0 7 0 6 0 5 0 4 0 4 0 1 0 3 0 2 0 5 0 2 0 3 0 2 0 4 0 6 1 0 0 7 0 0 0 7 0 6 0 0 0 6 0 4 0 5 1 0 0 2 0 3 0 7 0 0 0 1 0 1 0 0 0 1 0 2 1 0 0 2 0 1 0 1 0 3 0 3 0 7 0 2 0 6 0 0 0 2 0 4 0 0 0 1 0 5 0 7 0 3 1 0 0 6 0 7 0 2 0 0 0 3 0 4 0 2 0 0 0 5 0 4 0 3 0 1 0 1 0 0 0 5 0 6 0 6 1 0 0 7 0 2 0 1 0 3 0 1 0 1 0 2 0 6 0 1 0 4 0 6 0 6 0 1 0 1 1 0
1 591 2 0 5 0 3 0 1 0 7 0 3 0 2 0 7 0 6 0 4 0 7 0 1 0 6 0 7 0 0 0 3 0 4 0 3 0 6 0 7 0 2 0 0 0 5 0 0 0 4 0 7 0 6 0 3 0 5 0 7 0 6 0 0 0 3 1 0 1 0 0 4 0 0 0 2 0 3 0 2 1 0 0 4 0 0 0 7 0 0 0 7 0 6 0 4 0 6 0 4 0 3 0 6 0 7 0 4 0 6 0 2 0 5 0 5 0 3 0 3 0 4 1 0 0 2 1 0 0 2 0 4 0 2 0 4 0 2 0 4 0 1 0 4 0 1 0 5 0 7 0 5 0 7 0 4 1 0 1 0 0 0 0 0 0 6 0 0 0 7 0 3 1 0 0 6 0 6 0 0 1 0 0 2 0 4 0 6 0 4 0 6 0 1 0 5 0 0 0 3 0 3 0 2 0 0 0 2 0 4 0 5 0 7 0 7 0 5 0 1 0 1 0 1 0 5 0 1 0 1 0 6 0 3 1 0 0 7 0 7 0 6 1 0 0 4 0 3 0 4 0 1 0 2 0 0 0 0 0 3 0 0 0 7 0 2 1 0 0 2 1 0 0 0 0 3 0 3 0 3 0 6 0 4 0 3 0 3 0 3 0 2 0 6 0 3 0 4 0 1 0 2 0 1 0 4 0 3 0 7 0 0 0 0 0 2 0 6 0 2 0 4 0 6 0 2 0 3 0 5 0 5 0 4 0 5 0 4 0 6 0 4 0 2 0 7 0 2 0 0 0 5 0 4 0 4 0 7 0 1 1 0 0 3 0 1 0 3 0 4 0 0 0 0 0 0 1 0 0 3 1 0 1 0 0 7 0 1 0 5 0 0 0 7 0 0 0 6 0 5 0 6 0 2 1 0 1 0 0 4 0 6 0 6 0 6 0 3 0 1 0 6 0 5 0 7 0 5 0 3 0 1 0 0 0 3 0 6 0 5 0 1 0 5 0 6 0 5 0 0 0 6 0 0 0 5 0 2 0 6 0 4 0 2 0 4 0 1 0 3 1 0 0 4 0 7 0 5 0 1 0 2 0 2 0 0 0 2 0 5 0 7 0 3 0 2 0 2 0 6 0 7 0 5 0 6 0 3 0 1 0 4 1 0 0 1 0 3 0 2 0 7 0 0 0 0 0 4 0 6 0 5 0 0 0 6 1 0 0 5 0 1 0 2 0 0 0 7 0 2 0 2 0 1 0 2 0 5 0 6 0 0 0 5 0 5 0 2 0 6 0 2 0 2 0 5 0 3 0 4 0 0 0 5 0 4 0 3 0 3 0 6
1 591 5 0 1 0 7 0 3 0 5 0 7 0 5 0 6 0 5 0 1 0 6 0 4 0 4 0 6 0 1 0 6 1 0 1 0 0 5 0 6 0 5 0 1 0 1 0 2 0 0 0 7 0 4 1 0 0 3 0 7 0 4 0 1 1 0 0 0 0 7 0 7 0 0 0 4 0 6 0 5 0 7 0 7 0 1 0 5 0 2 0 6 0 5 0 1 0 5 0 0 1 0 0 5 0 7 0 1 0 4 0 6 0 2 0 2 0 7 0 7 0 0 1 0 0 5 0 7 0 3 1 0 0 5 1 0 0 5 1 0 0 3 1 0 0 4 0 2 0 7 0 3 0 7 0 2 0 0 0 6 1 0 0 1 0 3 0 2 0 6 0 0 0 0 0 4 0 4 0 2 0 7 0 4 0 0 0 5 0 1 0 4 0 4 0 1 0 1 0 6 0 6 0 4 0 0 0 5 0 0 0 3 0 7 0 7 0 2 0 3 0 2 0 3 0 1 0 3 0 3 0 4 0 0 0 0 0 6 0 7 0 5 1 0 1 0 1 0 0 0 0 3 0 4 0 0 0 0 0 6 0 1 0 5 0 6 0 7 0 4 0 6 1 0 0 6 0 6 0 7 0 4 0 0 0 7 0 6 0 6 0 5 0 3 1 0 0 0 0 3 0 4 0 2 1 0 1 0 0 6 0 1 0 0 0 5 0 3 0 6 0 0 0 4 0 5 0 7 0 2 0 3 0 1 0 3 0 1 0 5 0 0 0 6 0 5 0 5 0 1 0 2 0 1 0 1 0 6 0 4 0 7 0 5 0 2 0 6 1 0 0 1 0 0 0 1 0 7 0 6 1 0 1 0 0 5 0 4 0 1 0 2 0 5 0 2 0 4 0 3 0 4 0 6 1 0 1 0 0 0 0 5 0 5 0 4 0 7 0 3 0 4 0 3 0 7 0 2 0 7 0 2 0 0 0 7 0 4 0 2 0 4 0 2 0 5 0 2 0 2 0 3 0 2 0 1 0 6 0 4 0 0 0 5 1 0 0 3 1 0 0 0 0 0 0 7 0 2 0 3 0 4 0 4 0 0 0 5 0 2 0 6 0 7 0 4 0 5 0 4 0 7 0 3 0 4 0 7 0 3 0 0 1 0 0 2 0 6 0 5 0 5 0 1 0 1 0 0 0 5 0 2 0 2 0 5 0 0 0 1 0 3 0 4 0 1 0 5 0 5 0 4 0 2 0 5 0 2 0 4 0 2 0 2 0 2 0 6 0 3 0 5 0 5 0 1 1 0 0 0 0 2 0 2 0 0 0 7 0 7 0 4
0 593 1 0 1 0 4 0 5 1 0 0 3 0 7 0 3 0 5 0 2 0 4 0 4 0 1 0 1 0 4 0 4 0 5 0 0 1 0 0 2 0 5 0 2 0 3 0 2 0 4 0 1 0 6 0 1 1 0 0 7 0 6 0 0 0 4 0 7 0 0 0 6 0 6 0 2 0 0 0 5 0 3 0 7 0 6 0 4 0 1 0 6 0 4 0 2 0 4 0 1 0 2 1 0 0 2 0 6 0 4 0 0 0 4 0 5 0 5 0 6 0 6 0 2 1 0 0 2 0 7 0 0 0 0 0 3 0 0 0 2 1 0 0 7 0 7 0 7 0 5 0 5 1 0 0 6 0 5 0 1 0 4 1 0 0 2 0 6 0 5 0 3 0 1 0 1 0 0 0 0 0 6 0 6 0 0 0 2 0 1 0 4 0 0 0 0 0 3 0 3 0 4 0 5 0 0 0 2 0 1 0 1 0 7 0 6 0 6 0 5 0 6 0 4 0 6 0 2 0 6 0 6 1 0 0 1 0 1 0 4 0 7 0 4 0 0 1 0 0 6 1 0 0 6 1 0 0 1 0 1 0 3 0 4 0 2 0 5 0 7 0 1 0 6 0 0 0 4 0 5 0 7 0 0 0 2 0 6 0 5 0 5 0 2 1 0 1 0 0 0 0 6 1 0 0 6 1 0 1 0 0 3 0 3 0 1 0 1 1 0 0 4 0 2 0 0 0 3 0 6 0 5 0 6 0 2 0 6 0 3 0 1 0 2 0 4 0 3 0 2 0 3 0 4 0 2 0 3 0 4 0 1 0 7 0 2 0 6 0 4 1 0 0 2 0 0 0 3 0 6 0 6 0 0 1 0 0 2 0 0 0 3 0 5 0 1 0 5 1 0 1 0 0 1 0 6 0 0 0 7 0 0 0 2 0 3 0 1 0 6 1 0 0 0 1 0 0 6 0 6 0 5 0 5 0 1 0 6 0 0 0 5 1 0 0 6 0 1 0 5 0 4 0 6 0 4 0 3 0 4 0 0 0 2 0 2 1 0 0 7 0 6 1 0 0 1 0 5 0 5 0 7 0 0 0 0 0 2 0 1 0 6 0 4 0 7 0 1 0 3 0 1 0 6 1 0 0 1 0 6 0 7 0 1 0 7 0 4 0 4 0 3 0 2 0 3 0 2 0 1 0 1 0 5 0 5 0 1 0 1 0 2 0 6 1 0 0 4 0 2 0 3 0 0 0 6 0 1 0 5 1 0 0 5 0 4 0 5 0 3 1 0 0 3 0 2 0 4 0 6 1 0 0 4 0 4 0 1 0 6 0 7 0 1
0 593 2 0 3 0 0 0 3 1 0 0 7 0 5 1 0 0 2 0 6 0 0 0 0 0 3 0 3 0 0 0 1 0 2 0 2 0 7 0 4 0 1 0 5 0 6 0 4 1 0 0 4 0 3 0 4 1 0 0 6 0 4 0 2 0 0 0 6 0 2 0 4 0 4 0 5 0 1 0 1 1 0 0 7 0 5 0 0 0 4 0 4 0 0 0 5 1 0 0 3 0 5 0 7 0 4 0 4 0 0 0 2 0 0 0 3 0 3 0 5 0 4 0 6 0 7 0 4 0 5 0 1 0 0 0 6 0 0 0 5 1 0 0 6 0 7 0 7 0 3 0 4 0 0 0 4 0 2 0 4 0 0 1 0 0 5 0 4 0 2 0 7 0 2 0 2 0 0 0 1 0 4 0 4 0 1 0 4 0 2 1 0 0 1 0 0 0 6 0 7 0 0 0 2 0 1 0 4 0 2 0 3 0 6 0 5 0 5 0 3 0 5 0 1 0 4 0 6 0 4 0 5 1 0 0 2 0 3 0 0 0 7 0 0 0 2 1 0 0 5 0 0 0 4 1 0 0 2 0 2 0 6 1 0 0 6 0 2 0 6 0 4 0 3 0 2 0 0 0 3 0 6 0 1 0 5 0 4 0 3 0 2 0 6 1 0 0 7 0 0 0 5 0 0 0 5 0 0 0 7 0 5 0 6 0 2 0 3 0 7 0 7 0 4 0 0 0 7 0 4 0 3 0 4 0 6 0 3 0 7 0 2 0 4 1 0 0 7 0 4 0 6 1 0 0 5 0 6 1 0 0 4 0 5 0 6 0 4 0 1 1 0 0 4 0 0 0 7 0 4 0 4 0 2 0 7 0 3 0 0 0 7 0 1 0 4 0 3 0 0 0 7 0 2 0 3 0 2 0 5 0 1 0 4 0 6 0 3 0 4 1 0 0 1 1 0 0 4 0 5 0 3 0 2 0 4 0 3 0 2 0 3 0 0 0 3 0 4 0 2 0 1 0 5 0 0 1 0 0 0 0 1 0 4 0 5 1 0 0 6 0 5 1 0 0 3 0 2 0 3 0 6 0 1 0 0 0 4 0 3 0 4 0 1 0 6 0 3 0 6 0 3 0 4 1 0 0 3 0 4 0 6 0 4 0 6 0 1 0 0 0 7 0 4 0 6 0 4 0 2 0 3 0 2 0 2 0 3 0 2 0 5 0 4 1 0 1 0 0 5 0 6 0 1 0 3 0 4 0 3 0 0 0 2 0 1 0 2 1 0 1 0 0 6 0 5 0 0 0 6 0 0 0 0 0 0 0 4 0 4 0 6 0 3
1 593 4 0 6 0 0 1 0 0 0 0 6 0 3 1 0 0 5 0 3 0 1 0 0 0 6 0 6 0 0 0 2 0 4 0 5 0 6 0 0 0 4 0 2 0 5 0 1 1 0 1 0 1 0 0 2 0 0 0 4 0 0 0 5 0 1 0 3 0 6 0 0 0 1 0 2 0 3 0 3 1 0 0 6 0 2 0 2 0 0 0 0 0 2 0 2 1 0 0 7 0 2 0 7 0 1 0 0 0 1 0 4 0 0 0 6 0 7 0 2 0 1 0 5 0 7 0 1 0 2 0 3 0 1 0 3 0 2 0 3 0 0 0 4 0 7 0 6 1 0 0 0 0 1 1 0 0 5 1 0 0 2 1 0 0 2 0 0 0 6 0 5 0 5 0 4 0 0 0 3 0 0 0 0 0 3 1 0 0 6 0 7 0 1 0 1 0 4 0 6 0 1 0 4 0 2 1 0 0 5 0 7 0 4 0 3 0 2 1 0 0 2 0 4 0 0 0 5 0 1 0 3 1 0 0 4 0 6 0 1 0 5 0 1 0 5 1 0 0 1 0 2 0 0 1 0 0 4 0 5 0 5 0 0 0 3 0 6 0 4 0 0 0 7 0 4 0 0 0 7 0 3 0 4 0 2 0 0 0 7 0 5 0 5 0 0 0 5 0 2 0 1 0 2 0 1 0 2 0 6 0 3 0 4 0 5 0 7 0 6 0 7 0 0 0 2 0 6 0 0 1 0 0 1 0 4 1 0 0 6 0 6 0 1 0 0 0 6 0 1 0 6 0 0 0 2 0 6 0 0 0 0 0 3 0 5 0 0 0 4 0 7 0 7 0 1 0 6 0 1 0 0 0 6 0 5 0 7 0 1 0 5 0 3 1 0 0 7 0 1 0 5 0 5 0 6 0 5 0 1 0 4 0 0 0 4 1 0 0 1 1 0 0 3 1 0 0 0 0 2 0 7 0 4 1 0 0 7 0 4 0 6 0 0 0 6 1 0 0 5 0 3 0 1 0 2 0 6 1 0 0 3 0 0 0 4 0 0 0 4 0 3 1 0 0 6 0 4 0 7 0 3 0 3 0 0 1 0 1 0 0 0 0 4 0 3 1 0 0 4 1 0 0 1 1 0 0 7 0 0 0 5 0 1 0 4 0 3 0 1 0 6 0 1 0 5 0 0 0 5 0 6 0 4 0 4 0 6 0 5 0 2 0 2 0 0 1 0 0 2 0 4 0 3 0 6 1 0 0 7 0 0 0 4 0 2 0 5 1 0 1 0 0 4 0 2 0 2 0 3 0 1 0 0 0 1 0 0 0 1 0 4 1 0
1 595 1 0 0 0 4 0 2 0 7 0 0 0 4 0 0 0 0 0 1 0 7 0 2 0 1 0 4 0 4 0 1 0 5 0 0 0 3 0 4 0 1 1 0 0 6 0 1 0 4 1 0 1 0 0 7 0 3 0 0 1 0 0 2 0 1 0 3 0 7 0 3 0 1 0 2 0 4 0 6 1 0 0 0 0 3 0 5 0 4 0 0 0 0 0 4 0 5 1 0 0 5 0 6 0 5 0 3 0 0 0 2 1 0 0 2 0 4 0 6 0 5 0 3 0 2 0 6 0 3 0 4 0 6 0 2 0 6 0 4 0 6 0 1 0 0 0 7 0 5 1 0 0 0 0 3 1 0 0 2 1 0 0 5 0 7 0 3 0 1 0 4 0 3 0 3 0 0 0 1 0 6 0 0 0 0 1 0 0 0 0 4 0 6 0 3 0 3 0 0 0 4 0 3 1 0 0 6 1 0 0 2 0 7 0 0 0 7 0 5 0 7 0 3 1 0 0 2 0 1 0 3 1 0 0 0 0 0 0 4 0 4 0 1 0 4 0 2 1 0 0 2 0 4 0 1 1 0 0 0 0 3 0 2 0 1 0 7 0 4 0 0 0 2 0 6 0 0 0 2 0 5 1 0 0 0 0 5 0 1 0 6 0 3 0 2 0 2 0 1 0 5 0 2 0 4 0 2 0 5 0 3 1 0 0 1 0 3 0 7 0 5 0 6 0 1 0 5 0 3 0 2 0 7 0 2 0 1 0 0 0 4 0 4 0 3 0 1 0 3 0 4 0 3 0 1 0 5 0 3 0 1 0 0 0 7 0 1 0 2 0 0 0 7 0 6 0 4 0 3 0 3 0 1 0 4 0 3 0 6 0 4 0 2 0 0 0 0 0 5 0 4 0 2 0 3 0 5 0 2 0 3 1 0 0 2 0 0 1 0 0 3 0 7 0 6 0 6 1 0 0 5 0 6 0 2 0 0 0 6 0 1 0 4 0 2 0 5 0 0 0 1 0 7 0 2 0 5 0 4 1 0 0 6 0 0 1 0 0 2 0 0 0 0 0 0 0 4 0 1 0 6 0 7 0 6 0 1 1 0 0 7 0 0 0 0 0 0 0 0 0 0 1 0 0 3 1 0 0 5 0 2 0 1 0 3 1 0 0 7 0 3 0 3 0 4 0 1 0 2 0 2 0 5 0 1 0 1 0 5 0 2 0 5 0 4 0 1 0 7 0 3 1 0 1 0 0 6 0 0 0 5 0 1 1 0 0 6 0 3 0 0 0 7 0 7 0 4 0 4 0 6 0 2 0 0 0 2 0 0 0 3 0 0 1 0
1 595 2 0 0 1 0 0 6 0 5 0 1 1 0 0 1 0 0 0 3 0 5 0 5 0 3 0 0 0 0 0 4 0 1 0 1 0 6 1 0 0 4 1 0 0 3 0 4 0 1 0 0 1 0 0 5 0 7 0 1 0 7 0 3 0 2 0 7 0 5 0 7 0 2 0 5 0 0 0 5 1 0 0 0 0 7 0 2 0 0 0 1 0 1 0 0 0 4 0 0 0 2 0 5 0 2 0 7 0 0 0 5 0 7 0 4 0 0 0 5 0 2 0 7 0 5 0 3 1 0 0 1 0 4 0 6 0 4 0 1 0 4 0 3 0 1 0 6 0 3 1 0 0 0 0 7 0 7 0 4 1 0 0 2 0 6 0 7 0 2 1 0 0 7 0 6 0 0 0 3 0 3 0 1 0 1 0 7 0 0 0 0 0 4 0 7 0 6 0 1 0 0 0 0 0 0 0 4 1 0 0 5 0 5 0 2 0 6 0 3 0 6 1 0 1 0 0 4 0 2 0 7 0 6 1 0 0 1 0 0 0 0 0 3 1 0 0 6 0 7 0 3 1 0 0 4 0 6 1 0 0 6 0 4 0 3 0 6 0 0 0 1 0 5 0 3 0 1 0 5 0 2 1 0 0 1 0 1 0 4 0 3 0 7 0 4 0 4 0 3 0 1 0 5 1 0 0 6 0 1 1 0 1 0 0 2 0 7 0 6 0 3 0 4 0 4 0 1 0 7 0 5 0 5 0 5 0 2 0 1 0 0 0 0 0 7 0 2 0 6 1 0 0 7 0 3 0 1 0 7 0 2 0 1 0 5 0 3 0 4 0 1 0 6 0 5 0 0 0 7 0 6 0 2 1 0 1 0 0 5 0 0 0 5 0 0 0 1 0 2 0 0 0 5 0 7 0 1 0 5 0 7 0 7 0 3 0 1 0 7 0 6 0 6 0 5 0 6 0 0 0 2 0 4 0 5 0 1 0 3 0 3 1 0 0 6 0 1 0 1 0 3 0 5 0 6 0 2 0 2 0 0 0 3 0 2 0 7 0 3 0 0 0 0 0 0 1 0 0 4 0 4 0 7 0 4 0 4 1 0 0 5 0 1 0 0 0 0 0 0 0 1 0 7 0 6 1 0 0 1 0 5 0 2 1 0 0 0 0 5 0 7 0 6 1 0 0 3 0 4 0 5 0 1 0 3 0 3 0 1 0 6 0 2 0 0 0 4 0 6 0 0 0 0 1 0 0 3 0 2 0 1 0 4 1 0 0 3 0 7 0 1 0 6 0 7 0 1 0 1 0 4 0 5 0 0 0 4 0 0 0 6 0 1 0 6
1 595 4 0 1 1 0 0 4 0 2 0 4 0 7 0 1 0 0 0 7 0 2 0 2 0 7 0 0 0 0 1 0 0 3 0 3 0 5 0 0 0 0 1 0 0 6 1 0 0 3 0 1 1 0 0 2 0 6 0 4 0 5 0 7 0 5 0 6 0 3 0 6 0 6 0 1 0 2 0 2 1 0 0 1 0 5 0 5 0 0 0 2 0 2 0 0 1 0 0 1 0 5 0 1 0 6 0 5 0 2 0 2 0 7 0 0 0 2 0 1 0 6 0 6 0 2 1 0 1 0 0 3 0 0 0 5 0 0 0 3 1 0 0 7 0 3 0 3 1 0 1 0 0 1 0 6 0 7 0 1 1 0 0 5 0 4 0 6 0 6 1 0 0 6 0 4 0 1 0 6 0 6 0 2 0 3 0 5 0 1 0 1 0 0 0 7 0 4 0 3 0 0 0 0 0 1 0 1 0 0 0 2 0 2 0 6 0 3 1 0 0 6 0 0 0 7 0 7 0 5 0 6 0 5 1 0 0 2 0 0 0 0 1 0 0 0 0 4 0 7 0 0 0 0 0 0 0 6 0 0 0 4 0 0 1 0 0 4 0 1 0 3 0 1 0 7 0 3 0 1 0 6 0 7 0 1 0 2 1 0 1 0 0 7 0 1 0 0 0 7 0 3 0 3 0 0 0 3 0 4 1 0 0 7 0 4 0 6 0 4 1 0 0 1 0 0 0 4 0 6 0 3 0 3 0 2 0 5 0 2 0 0 0 1 0 5 0 6 0 5 0 0 0 5 0 7 0 3 0 5 0 5 0 3 0 1 1 0 0 0 0 4 0 4 0 2 0 2 0 6 0 4 0 6 1 0 1 0 0 1 0 2 0 1 0 1 0 2 0 4 0 1 0 2 0 6 0 4 0 2 0 7 0 6 0 7 0 3 0 6 0 5 0 5 0 3 0 4 0 1 0 5 0 0 0 2 0 3 0 6 1 0 0 0 0 3 0 3 0 2 0 7 0 2 0 4 0 5 0 4 0 0 0 6 0 5 0 5 0 7 0 0 0 0 0 1 1 0 0 0 0 1 0 7 0 1 0 2 0 0 0 1 0 3 0 0 0 0 0 0 0 3 0 6 0 5 1 0 0 3 0 1 0 6 0 7 0 0 0 2 0 7 0 5 1 0 0 7 0 0 0 2 0 3 0 6 0 6 0 3 0 3 0 5 0 1 0 0 0 4 0 1 0 1 0 7 0 5 0 4 0 3 0 0 1 0 0 7 0 5 0 4 0 4 0 6 0 3 0 3 0 0 0 2 0 1 1 0 0 2 0 3 0 4 0 4
0 596 1 0 0 4 0 7 0 7 0 5 0 0 0 6 0 3 0 1 0 5 0 5 0 5 0 5 0 1 0 1 0 7 0 5 0 7 0 1 0 1 0 1 1 0 0 4 1 0 0 6 0 3 0 7 0 4 0 4 0 1 0 3 0 7 0 3 0 4 1 0 0 5 0 4 0 3 0 4 0 5 0 7 0 2 0 2 0 2 0 1 0 4 0 4 0 1 0 7 0 2 0 1 0 4 0 4 0 2 0 5 0 5 0 5 0 1 0 4 0 3 0 4 0 4 0 6 1 0 0 7 0 5 0 1 0 1 0 1 1 0 0 0 0 5 1 0 0 0 0 0 0 7 0 2 0 4 0 6 0 4 1 0 0 2 0 1 0 5 0 6 0 0 0 4 0 0 0 4 0 4 0 4 0 5 0 7 0 1 0 3 0 2 0 1 0 6 0 0 0 7 0 0 0 0 0 2 0 2 0 0 0 4 0 5 0 4 0 0 0 0 0 3 0 2 0 6 0 7 0 3 0 5 0 3 1 0 0 4 0 0 0 1 0 7 0 0 0 0 0 6 0 1 0 0 0 1 0 3 0 1 1 0 0 2 0 7 0 7 0 2 0 6 0 3 0 5 0 7 0 3 0 4 0 6 0 3 0 5 1 0 1 0 0 5 0 3 0 1 0 5 0 7 0 6 0 0 0 7 0 1 0 0 0 6 0 1 0 5 0 1 1 0 0 2 0 1 0 0 0 4 0 7 0 6 0 5 0 1 0 5 0 0 0 3 0 2 0 5 0 2 0 2 0 2 0 6 1 0 0 3 0 2 0 7 0 3 0 7 0 0 0 0 0 0 0 5 0 5 0 4 0 1 0 6 0 0 0 7 0 1 0 4 0 2 0 2 0 4 1 0 0 3 0 5 0 4 0 0 0 6 0 6 0 5 0 6 1 0 0 5 0 3 0 2 1 0 0 0 0 4 0 1 0 1 0 4 0 7 0 4 1 0 0 0 0 6 0 6 0 5 0 5 0 6 0 0 0 3 0 0 0 2 0 4 0 3 0 3 0 6 0 1 0 0 0 3 0 6 1 0 0 3 0 5 0 3 0 4 0 0 0 2 0 6 0 0 0 0 0 0 0 7 0 4 0 3 1 0 0 6 0 3 0 4 0 6 0 1 0 5 0 6 0 4 0 0 0 5 0 1 0 4 0 7 0 4 0 4 0 7 0 7 0 1 0 3 0 0 1 0 0 3 0 3 0 6 0 3 0 0 0 7 0 1 1 0 0 6 0 3 0 1 0 1 0 4 0 7 0 6 0 0 0 4 0 3 0 7 0 3 0 7 0 0 0 1
0 597 1 1 0 0 0 0 7 0 7 0 2 0 2 0 3 0 7 0 3 0 2 0 3 0 3 0 2 0 3 0 3 0 6 0 3 0 6 0 3 0 2 0 3 1 0 0 1 0 0 0 3 1 0 0 7 0 1 0 0 0 3 0 7 0 5 1 0 0 2 0 0 0 2 0 0 1 0 0 1 0 3 0 6 0 5 0 4 0 4 0 3 0 0 0 0 0 4 0 5 0 5 0 3 0 0 0 0 0 6 0 2 0 3 0 2 0 3 1 0 1 0 0 1 0 1 0 6 0 0 0 6 0 2 0 3 0 2 0 3 0 7 0 0 0 2 1 0 0 0 0 1 0 5 0 6 0 0 0 5 0 1 1 0 0 4 0 3 0 2 0 4 0 1 1 0 0 2 0 0 0 1 0 1 0 3 0 6 0 3 0 6 0 4 0 3 0 3 0 2 0 5 0 1 0 0 0 4 0 4 0 1 0 0 0 3 0 0 0 1 0 0 0 6 0 5 0 4 0 6 1 0 0 2 1 0 1 0 1 0 0 1 0 3 0 5 0 1 0 1 0 3 0 3 0 0 0 2 0 6 0 3 0 7 0 4 0 6 0 6 0 6 0 3 1 0 0 3 0 6 1 0 0 1 0 4 1 0 0 4 0 0 1 0 0 1 0 7 0 3 0 2 0 7 0 4 0 2 0 5 0 3 0 1 0 3 0 4 0 1 0 4 0 7 0 3 0 2 0 1 0 0 0 7 0 5 0 2 0 4 0 1 0 1 0 6 0 5 0 1 0 5 0 4 0 5 0 4 1 0 0 6 0 5 0 5 1 0 0 6 0 1 0 0 0 1 0 2 0 3 0 0 0 4 0 3 0 2 0 5 0 3 1 0 0 5 0 5 0 0 1 0 0 7 0 2 0 0 0 2 0 4 0 5 0 3 0 6 0 0 0 1 0 7 0 5 0 6 1 0 1 0 0 3 0 3 0 0 0 7 0 1 1 0 0 1 0 4 0 5 0 3 0 3 0 4 0 1 0 6 0 0 0 4 1 0 0 7 0 7 0 3 0 3 0 0 0 7 0 4 1 0 0 7 0 1 1 0 0 0 0 1 0 5 0 3 0 1 0 0 0 1 0 6 0 1 0 0 0 0 0 3 1 0 0 1 0 4 0 4 0 2 0 5 0 0 0 2 0 1 0 4 0 0 0 7 0 1 0 1 0 7 0 6 0 3 0 6 0 1 0 7 0 5 0 7 0 3 0 7 0 1 0 5 0 4 1 0 0 3 0 7 0 2 0 3 0 0 0 7 0 4 0 1 1 0 1 0 0 6 1 0 0 6 0 1 0 2
1 597 3 0 7 0 0 0 6 0 6 0 5 0 4 0 7 0 5 0 7 0 4 0 6 0 6 0 4 0 6 0 7 0 3 1 0 0 4 0 7 0 4 0 7 0 7 0 1 0 0 1 0 0 0 0 5 0 3 0 0 0 7 0 6 0 3 1 0 0 4 0 0 0 4 0 1 0 7 0 1 0 7 0 4 0 3 0 1 0 0 0 7 0 0 0 1 0 0 0 3 0 2 0 7 0 0 0 1 0 3 0 5 0 6 0 4 1 0 0 0 0 7 0 1 0 3 0 3 0 2 0 3 0 5 0 6 0 4 0 7 0 5 0 1 0 5 0 6 1 0 0 3 0 2 0 4 0 2 0 1 0 4 0 7 0 7 0 6 0 4 1 0 0 4 0 7 0 3 0 0 0 2 0 2 0 7 0 3 1 0 0 5 0 0 0 7 0 6 0 5 0 1 0 3 0 1 0 0 0 0 0 3 0 0 0 6 0 0 0 2 0 1 0 4 0 3 0 1 0 5 1 0 0 5 1 0 1 0 0 7 0 1 0 7 0 1 0 3 0 2 0 6 0 6 0 0 0 5 0 3 1 0 0 7 0 1 0 5 0 5 0 4 1 0 1 0 0 7 0 4 1 0 0 3 0 0 1 0 1 0 0 2 0 7 0 2 0 5 0 7 0 5 0 6 0 0 0 6 0 1 0 7 0 2 0 6 1 0 0 4 0 0 0 6 0 7 0 4 0 2 0 1 0 6 0 2 0 5 1 0 0 3 0 3 0 4 0 2 0 4 0 2 0 1 0 3 0 2 0 0 0 4 0 3 0 4 0 0 0 3 0 3 0 0 0 2 0 4 0 6 0 0 1 0 0 7 0 5 0 2 0 0 0 0 0 2 0 2 0 2 1 0 0 5 0 5 0 0 0 5 0 0 0 2 1 0 0 4 0 1 0 3 0 6 0 3 0 6 0 0 0 7 0 5 0 6 0 1 0 5 0 4 0 7 0 2 0 0 0 2 0 7 0 6 1 0 0 4 0 3 0 2 0 1 0 0 0 6 0 6 0 7 0 6 0 1 0 6 0 2 0 0 0 5 0 4 0 6 1 0 0 3 0 1 0 7 0 2 0 0 0 3 0 3 0 3 0 0 0 0 0 7 0 7 0 2 0 0 0 0 0 6 0 1 0 1 0 4 0 2 1 0 0 2 0 5 0 3 0 3 0 6 0 4 1 0 0 4 0 4 0 6 0 3 0 6 1 0 0 6 0 4 0 2 0 1 1 0 0 7 0 5 0 5 0 6 0 1 0 6 0 0 0 4 1 0 1 0 0 5 0 0 0 3 0 3 0 4
0 597 7 0 5 0 2 0 4 0 5 0 3 0 1 0 7 0 3 0 7 0 1 0 5 0 5 0 1 0 5 0 7 0 0 0 0 0 0 0 7 0 1 0 7 0 6 0 3 0 1 0 7 0 0 0 1 0 7 0 1 0 6 0 4 1 0 1 0 1 0 0 1 1 0 0 4 0 5 0 4 0 6 0 0 0 7 0 2 0 1 0 5 0 1 0 2 0 0 0 6 0 5 0 5 0 1 0 2 0 7 0 2 0 5 0 1 1 0 0 1 0 5 0 3 0 6 0 6 0 4 0 7 0 2 0 5 0 1 0 7 0 2 0 4 0 2 0 5 1 0 0 6 0 4 1 0 0 5 0 3 0 0 0 7 0 7 0 5 0 2 0 0 0 0 0 6 0 7 0 0 0 4 0 5 0 6 0 0 0 0 0 1 0 2 0 6 0 5 0 2 0 3 0 6 0 2 0 0 0 0 0 6 0 1 0 3 0 1 0 4 0 2 1 0 0 7 0 3 0 3 0 0 0 3 0 0 1 0 0 5 0 4 0 5 0 3 0 6 0 5 0 4 0 4 0 2 0 2 0 0 0 0 0 5 0 4 0 2 0 3 0 2 0 0 1 0 0 6 0 1 1 0 0 6 0 1 1 0 0 7 0 4 0 5 0 6 0 2 0 7 0 3 0 4 0 2 0 3 0 4 0 5 0 6 0 4 1 0 1 0 0 2 0 4 0 7 0 0 0 5 0 3 0 3 0 6 0 2 1 0 0 6 0 6 1 0 0 5 1 0 0 5 0 2 0 6 0 4 0 0 1 0 1 0 0 0 0 1 0 6 0 6 0 0 0 5 0 0 0 4 0 2 1 0 0 6 0 2 0 5 0 0 0 0 0 4 0 4 0 5 1 0 0 2 0 2 0 2 0 1 0 1 0 5 0 7 0 7 0 2 0 7 0 3 1 0 0 4 0 2 0 6 0 3 0 4 0 4 0 2 0 1 0 6 0 5 0 0 0 5 0 6 0 5 1 0 1 0 0 7 0 4 0 2 0 1 0 4 0 5 0 7 0 4 0 4 0 3 0 5 0 1 0 2 0 1 0 5 1 0 0 6 0 3 0 5 0 5 0 0 0 6 0 6 0 6 0 0 0 1 0 6 0 6 0 5 0 0 0 1 0 3 0 3 0 2 1 0 0 6 0 7 0 4 0 1 0 7 0 7 0 4 0 2 0 0 0 0 0 1 0 4 1 0 0 6 0 0 0 4 0 0 0 5 0 3 1 0 0 6 0 3 0 3 0 4 0 4 0 3 0 2 0 1 0 0 1 0 0 1 0 1 0 6 0 7 0 0
0 599 1 0 6 0 2 0 6 0 0 0 2 0 7 0 3 0 5 1 0 0 6 0 4 0 2 0 2 0 4 0 2 0 6 0 1 0 0 0 1 0 5 0 4 0 6 0 4 0 7 0 3 0 5 0 1 0 3 0 5 0 4 0 4 0 2 0 0 1 0 0 7 0 2 1 0 0 0 0 3 0 1 0 4 0 2 0 5 0 5 0 3 0 1 0 3 0 4 0 1 0 4 0 3 0 2 0 3 0 5 0 5 0 6 0 1 0 4 0 7 0 2 0 1 1 0 0 5 0 5 0 1 0 6 0 6 0 1 0 4 0 5 0 5 1 0 0 6 0 3 0 0 0 4 0 2 0 0 0 1 0 7 0 1 0 6 0 7 0 2 0 5 0 0 0 1 0 4 0 6 0 2 0 0 0 3 0 4 0 1 0 0 0 2 0 5 0 4 0 2 0 5 0 7 0 3 0 5 0 0 0 1 0 3 0 3 0 6 0 2 1 0 0 6 1 0 0 5 0 7 0 6 0 0 0 6 0 1 1 0 0 2 0 1 0 2 1 0 0 5 0 3 0 1 0 0 0 5 0 4 0 0 0 1 0 2 0 0 0 5 0 6 0 4 0 1 1 0 0 3 0 4 1 0 0 3 0 4 1 0 0 6 0 1 0 3 0 4 0 6 0 5 1 0 0 0 0 5 0 7 0 0 0 3 0 5 0 2 0 0 0 7 0 4 0 0 0 6 0 2 0 1 0 7 0 7 0 3 0 6 1 0 0 4 0 6 0 0 0 3 0 0 0 1 0 6 0 4 0 0 0 2 1 0 0 6 1 0 0 3 0 4 0 4 0 2 0 1 0 1 1 0 0 6 1 0 0 3 0 6 0 1 0 1 0 1 0 0 0 1 0 3 1 0 0 4 0 4 0 4 0 2 0 3 0 2 0 7 0 6 0 6 0 5 1 0 1 0 1 0 0 6 0 3 1 0 0 1 0 0 0 5 0 3 0 4 0 2 0 2 0 2 0 5 0 4 0 0 1 0 0 6 0 0 0 5 0 3 0 0 0 3 0 7 0 1 0 0 1 0 0 2 0 3 0 4 0 3 0 3 0 0 0 3 1 0 0 3 0 2 0 2 0 4 0 5 0 4 0 1 0 3 0 4 0 5 0 2 0 1 0 2 0 6 0 6 0 5 1 0 0 4 0 7 0 0 0 4 0 6 0 7 0 0 0 5 0 0 0 0 0 3 0 1 0 0 0 3 0 1 1 0 0 2 0 2 0 0 0 0 0 3 0 7 0 7 0 0 0 0 0 7 0 4 0 2 0 1 0 7 0 1 0 3 0 4 0 6 0 1
0 599 3 0 3 0 6 0 3 0 1 0 5 0 5 1 0 0 4 0 0 0 4 0 0 0 5 0 4 1 0 0 6 0 3 0 3 0 0 0 3 0 2 0 1 0 5 0 1 0 6 1 0 0 2 0 3 0 7 0 2 0 1 0 0 0 5 0 1 1 0 0 5 0 6 0 6 1 0 0 6 0 2 1 0 0 6 0 2 0 2 0 7 0 2 0 6 1 0 0 3 1 0 0 7 0 4 0 7 0 2 0 3 0 4 0 4 0 0 0 6 0 5 0 3 1 0 0 2 0 2 0 4 0 4 0 4 0 4 0 0 0 3 0 4 0 0 0 3 0 7 0 0 1 0 0 5 0 0 0 3 0 5 0 4 0 4 0 6 0 6 0 1 0 1 0 3 0 0 0 4 0 5 0 0 0 6 1 0 0 3 0 0 0 5 0 2 0 0 0 6 0 2 0 6 1 0 0 2 0 1 0 2 0 6 0 7 0 3 0 6 1 0 0 5 0 0 0 2 0 7 0 4 0 2 0 3 0 4 0 7 0 3 0 2 0 5 1 0 0 1 0 7 0 2 0 1 0 2 0 0 0 1 0 2 0 4 0 1 0 2 0 5 0 0 0 4 0 7 0 6 0 0 1 0 0 7 0 1 0 0 0 3 0 3 0 7 0 0 0 5 0 3 1 0 0 1 0 2 0 6 0 1 0 7 0 1 0 5 0 1 0 6 0 0 0 2 0 3 0 5 0 3 0 6 0 6 1 0 0 6 0 0 0 0 0 4 0 1 0 6 0 0 0 3 0 4 0 0 0 1 0 5 1 0 0 4 1 0 0 7 0 0 0 0 0 5 0 2 0 3 1 0 0 4 1 0 0 7 0 3 0 3 0 2 0 2 0 0 0 2 1 0 0 0 0 0 0 1 0 0 0 5 0 6 0 5 0 6 0 5 0 5 0 4 0 0 1 0 1 0 0 3 1 0 1 0 0 2 0 1 0 1 1 0 0 0 0 5 0 4 0 5 0 2 0 0 0 2 1 0 0 3 0 2 0 1 0 7 0 0 0 7 0 5 0 3 0 1 0 7 0 3 0 6 1 0 0 7 0 6 0 0 0 7 0 7 0 5 0 4 0 5 0 0 0 3 0 0 0 3 0 7 0 0 0 2 0 5 0 2 0 5 0 4 0 5 0 4 0 0 0 0 0 6 0 2 0 0 0 5 0 6 0 2 0 1 0 1 0 0 0 6 0 2 0 0 0 6 0 3 0 7 0 3 0 4 0 0 0 0 0 7 0 6 0 6 0 1 0 1 0 6 0 0 0 5 0 3 0 5 0 3 0 7 0 0 0 4 0 3
1 599 6 0 7 0 3 0 7 0 3 0 2 0 3 1 0 1 0 0 1 1 0 0 2 0 2 0 2 0 0 0 3 0 7 0 6 0 0 0 6 0 4 0 3 0 1 0 4 0 4 1 0 0 4 0 7 0 5 0 5 0 2 0 1 0 1 0 4 1 0 0 2 0 5 0 6 0 0 0 3 0 6 1 0 0 3 0 5 0 5 0 5 0 6 0 4 1 0 1 0 0 0 0 6 0 1 0 6 0 5 0 7 0 0 0 0 0 2 0 4 0 2 1 0 1 0 0 4 0 5 0 0 0 1 0 1 0 0 0 1 0 6 1 0 0 1 0 7 0 5 0 2 1 0 0 1 0 1 0 7 0 2 0 1 0 1 0 5 0 4 0 3 0 2 0 6 0 1 0 0 0 2 0 2 0 4 1 0 0 6 0 1 0 1 0 5 0 1 0 3 0 6 0 4 1 0 0 4 0 2 0 5 0 4 0 6 1 0 0 6 0 0 0 1 0 1 0 5 0 6 0 0 0 5 0 7 0 0 0 6 0 7 0 5 0 2 1 0 0 3 0 5 0 5 0 2 0 4 0 0 0 2 0 4 1 0 0 3 0 5 0 1 0 2 0 0 0 7 0 4 0 2 1 0 0 5 0 3 0 0 0 6 0 7 0 5 0 2 0 1 1 0 1 0 0 2 0 5 0 3 0 4 0 5 0 4 0 1 0 4 0 3 0 1 0 4 0 7 0 1 1 0 0 5 0 6 0 0 0 3 0 1 0 0 1 0 0 4 0 3 0 1 0 6 1 0 0 1 0 3 0 3 0 0 0 1 0 0 0 5 0 1 0 1 0 1 0 5 1 0 0 0 0 1 0 0 0 5 0 7 0 6 0 4 0 4 0 0 0 5 0 6 1 0 0 0 0 2 0 1 0 2 0 5 0 3 0 5 0 3 0 3 0 0 0 2 1 0 0 7 0 6 1 0 0 7 0 3 0 2 0 3 0 7 0 0 0 2 0 1 0 2 0 5 0 0 0 5 0 7 0 5 0 4 0 3 0 5 0 2 0 6 0 2 0 7 0 3 0 5 1 0 0 6 0 0 0 6 0 4 0 2 0 6 0 7 0 3 0 1 0 2 0 1 0 6 0 0 0 7 0 5 0 1 0 5 0 1 0 6 0 2 0 1 0 3 0 0 0 1 0 1 0 3 0 5 0 1 0 2 0 4 0 5 0 2 0 2 0 1 0 3 0 5 0 1 0 3 1 0 0 6 1 0 0 0 0 1 0 1 0 6 0 5 0 4 0 3 0 3 0 3 0 2 0 1 1 0 0 2 1 0 0 6 0 1 1 0 1 0
1 601 1 0 4 0 6 1 0 0 6 0 7 0 4 1 0 0 0 0 7 0 2 0 7 0 3 0 4 0 4 0 0 0 7 0 6 0 4 0 2 0 4 0 0 0 7 0 3 0 0 0 2 0 0 0 0 0 7 0 3 0 2 0 5 0 2 0 3 0 0 1 0 0 5 0 2 0 4 0 1 0 7 0 4 1 0 0 7 0 2 0 3 0 3 0 5 0 2 0 0 0 7 0 0 0 3 0 4 0 4 0 3 0 6 0 1 0 0 0 4 1 0 0 6 1 0 1 0 0 0 0 2 0 1 0 2 0 2 0 0 0 3 0 4 1 0 0 3 0 6 0 2 0 6 0 7 0 1 0 3 0 5 0 5 0 2 0 3 0 2 0 0 0 7 0 5 0 3 0 3 0 0 0 4 0 5 0 1 0 0 0 3 0 3 0 3 0 1 0 3 0 7 0 4 0 1 1 0 1 0 0 6 0 2 0 1 0 6 0 0 0 3 0 1 0 2 0 3 0 2 0 4 0 2 0 2 0 6 0 2 0 4 0 7 0 2 0 6 0 7 0 6 0 2 0 2 0 5 1 0 0 1 0 5 0 0 1 0 0 7 0 1 0 3 0 4 0 1 0 6 0 0 0 6 1 0 0 1 0 7 0 1 0 4 0 7 0 2 0 5 0 3 1 0 0 7 0 4 0 1 1 0 0 1 0 3 0 0 0 3 1 0 0 7 0 3 0 0 0 6 0 4 1 0 0 2 0 4 0 1 0 6 0 2 0 1 0 7 0 7 0 6 0 3 0 4 1 0 0 2 0 6 0 6 0 0 0 2 0 1 0 1 0 3 0 2 0 3 0 2 1 0 0 0 0 2 0 1 0 2 0 7 0 5 0 1 0 0 0 2 0 2 0 5 1 0 0 0 0 4 0 2 0 5 0 1 1 0 0 2 0 7 0 6 0 0 0 5 1 0 0 6 0 6 0 0 0 5 0 7 0 4 0 7 0 5 0 1 0 4 0 2 0 5 0 1 0 2 0 2 0 7 0 3 0 0 1 0 0 2 0 6 0 3 0 6 0 5 1 0 0 4 0 0 0 3 0 2 0 4 0 0 0 6 0 4 0 6 0 7 0 2 0 4 0 3 0 3 0 2 0 6 0 2 0 4 0 1 0 4 0 3 0 5 0 2 0 6 0 0 0 2 0 2 0 7 0 1 0 3 0 5 0 0 0 2 0 5 0 4 0 2 0 7 0 1 0 3 1 0 0 0 0 4 1 0 0 0 0 2 0 3 0 4 0 3 0 0 0 7 0 6 0 6 0 4 0 3 0 7 0 4 1 0 0 3 0 4 1 0 0 6
1 601 3 0 0 0 6 0 0 0 4 0 7 0 1 1 0 0 1 0 5 0 6 0 5 1 0 0 1 0 0 0 2 0 6 0 5 0 0 0 5 1 0 0 2 0 5 0 7 0 0 0 4 0 0 0 1 0 5 0 7 0 5 0 1 0 5 0 6 0 1 1 0 0 1 0 5 1 0 0 4 0 6 0 2 0 0 0 5 0 5 0 6 0 7 0 1 0 5 0 1 0 5 0 1 0 7 0 0 0 0 1 0 0 4 0 3 0 1 0 1 0 0 0 5 0 0 0 6 1 0 0 4 0 2 0 4 0 4 0 0 0 7 0 0 1 0 0 7 0 3 0 6 0 4 0 6 0 3 0 7 0 2 0 2 0 5 0 6 0 4 0 1 0 6 0 2 0 7 0 6 0 1 0 0 0 2 0 3 0 0 0 6 0 6 0 6 0 2 0 7 0 6 0 0 0 4 1 0 1 0 0 3 0 5 0 3 0 3 0 1 0 6 0 2 0 4 0 6 0 4 1 0 0 5 0 5 0 3 0 6 0 0 0 6 0 6 0 4 0 7 0 4 0 5 0 5 0 2 1 0 0 3 0 1 0 2 1 0 0 5 0 3 0 6 1 0 0 4 0 3 0 2 0 4 1 0 0 3 0 5 0 4 0 0 0 6 0 6 0 2 0 0 0 0 0 6 0 0 0 4 0 7 0 1 0 6 0 0 1 0 0 0 0 5 0 7 0 1 0 4 0 1 1 0 0 4 1 0 0 4 0 3 0 5 0 3 0 6 0 7 0 4 1 0 0 1 1 0 0 5 0 4 0 4 0 1 0 4 0 2 0 2 0 6 0 4 0 6 0 5 0 6 1 0 0 4 0 2 0 5 0 6 0 2 0 3 0 0 0 4 0 5 0 2 1 0 0 0 1 0 0 6 0 1 0 4 0 7 0 4 0 6 0 4 0 2 0 3 0 0 0 4 0 4 0 2 0 2 0 7 0 1 0 7 0 2 0 3 1 0 0 6 0 1 0 3 0 4 0 5 0 5 0 7 0 1 0 7 0 4 0 3 1 0 0 5 0 3 1 0 1 0 0 1 0 6 0 4 1 0 0 2 0 4 0 1 0 5 0 6 0 5 1 0 0 7 0 6 0 5 0 3 0 5 1 0 0 3 1 0 1 0 0 2 0 6 0 3 0 1 0 4 0 5 0 5 0 3 0 7 0 1 0 1 0 5 0 2 0 0 0 6 0 5 0 3 0 7 0 7 0 0 0 0 1 0 0 0 0 4 0 6 1 0 0 7 0 1 0 6 0 5 0 5 0 0 1 0 0 7 0 1 1 0 0 7 0 1 0 0 0 4
0 601 6 0 1 0 3 0 2 0 0 0 6 0 4 0 7 0 2 0 2 0 5 0 3 1 0 0 2 0 0 0 5 0 4 0 2 0 2 0 2 1 0 0 5 0 2 0 6 0 1 1 0 0 1 0 3 0 2 0 7 0 2 0 4 0 2 0 4 0 4 0 7 0 2 0 3 0 0 0 0 0 4 0 5 0 1 0 2 0 3 0 5 0 6 0 4 0 1 0 4 0 1 0 4 0 5 0 1 0 1 0 7 0 7 0 6 0 2 0 2 0 1 0 1 0 2 0 4 1 0 1 0 0 6 0 0 0 0 0 2 0 5 0 2 1 0 0 5 1 0 0 5 0 1 0 4 1 0 0 6 0 5 0 5 0 2 0 5 0 0 0 4 0 3 0 6 0 6 0 4 0 3 0 0 0 4 0 6 0 1 0 4 0 5 0 4 0 6 0 6 0 4 0 2 0 1 0 0 0 7 0 6 0 1 0 7 0 6 0 3 0 3 0 6 0 0 0 5 0 2 0 0 0 2 0 2 1 0 0 4 0 2 0 4 0 5 0 1 0 7 0 1 0 3 0 2 0 6 0 7 0 5 0 2 0 5 1 0 0 1 1 0 0 5 1 0 1 0 0 7 0 5 0 0 1 0 0 7 0 2 0 0 0 2 0 4 0 4 0 5 0 0 0 1 0 3 0 2 0 0 0 6 0 4 0 3 0 2 0 7 0 0 0 2 0 6 0 3 1 0 0 4 1 0 0 0 1 0 1 0 1 0 0 2 1 0 0 5 0 7 0 1 1 0 0 3 1 0 0 2 0 1 0 0 0 3 1 0 0 5 0 5 0 4 0 1 0 5 0 3 0 5 1 0 1 0 0 6 0 2 0 4 0 5 0 6 0 1 0 0 0 2 0 6 0 7 0 0 1 0 0 3 0 4 0 0 0 7 0 1 0 5 0 0 0 5 0 6 0 1 0 0 0 0 0 5 0 5 0 5 0 4 0 5 0 5 1 0 0 0 0 3 0 3 0 7 0 0 0 3 0 3 0 6 0 4 0 6 0 1 0 0 0 0 0 2 0 0 0 0 0 7 0 2 0 4 0 1 1 0 0 4 1 0 0 4 0 2 0 5 0 4 0 0 0 6 0 5 0 2 1 0 0 3 1 0 1 0 0 0 0 7 0 4 0 3 0 7 0 3 0 0 0 3 0 2 1 0 0 6 0 3 0 3 0 1 0 5 0 1 0 4 0 2 1 0 0 7 0 6 0 1 0 1 0 7 0 0 0 0 0 6 0 0 0 5 0 4 0 4 0 3 0 2 0 2 1 0 0 5 0 4 1 0 0 5 0 3 0 1 0 0
0 603 1 0 3 0 3 0 6 0 4 0 1 0 4 0 1 0 6 0 5 0 5 0 1 1 0 1 0 0 4 0 1 0 2 0 0 0 5 0 4 0 5 1 0 0 1 0 6 0 3 0 4 0 7 0 1 0 6 0 5 0 5 0 5 1 0 0 6 0 0 0 1 0 6 0 5 0 6 0 0 0 1 0 0 0 2 0 3 0 4 0 7 0 2 0 5 0 0 0 3 1 0 0 4 0 0 0 2 0 3 0 3 0 6 0 7 0 4 0 5 0 4 0 2 0 2 0 5 0 1 0 0 1 0 0 3 0 1 0 0 0 5 0 1 0 6 1 0 0 3 0 0 0 1 0 4 0 1 0 0 0 4 0 3 0 2 0 6 0 1 0 1 1 0 1 0 0 5 0 5 0 0 0 7 0 1 0 0 0 4 0 4 0 0 0 3 0 1 0 5 0 5 0 0 0 5 0 2 0 1 0 6 0 4 0 4 0 6 0 4 0 7 0 7 0 3 0 2 0 1 0 5 0 0 0 4 0 5 0 7 0 7 0 5 0 0 0 2 0 4 0 5 0 3 0 6 0 5 0 4 0 7 0 2 0 6 0 2 1 0 0 3 1 0 0 3 0 0 1 0 0 6 0 2 0 2 1 0 0 5 0 5 0 0 0 5 0 0 0 1 0 2 0 1 0 2 0 6 0 4 0 1 0 4 0 0 0 7 0 5 0 5 0 1 0 5 0 4 0 0 0 0 0 0 1 0 0 1 1 0 1 0 0 7 0 4 1 0 0 2 0 6 0 4 0 7 0 6 0 7 0 3 0 2 0 0 1 0 0 0 0 2 0 3 0 0 0 4 0 1 1 0 0 4 0 0 1 0 0 3 0 6 0 0 0 3 0 4 0 3 0 0 0 5 0 4 0 6 0 2 0 7 0 5 1 0 0 2 0 5 0 4 0 1 0 2 0 2 0 4 0 3 0 0 0 1 0 2 0 3 0 3 0 1 0 3 0 3 1 0 0 0 0 6 0 7 0 5 0 1 0 6 0 7 0 4 0 1 0 4 0 3 0 0 0 0 0 4 0 0 0 1 0 5 0 5 1 0 0 4 1 0 0 0 1 0 1 0 0 6 0 2 0 0 0 2 0 4 0 2 0 6 0 7 0 6 1 0 0 7 0 0 0 6 0 0 1 0 0 6 0 7 0 0 0 6 0 5 1 0 0 3 0 7 0 6 0 3 0 1 0 3 1 0 0 6 1 0 0 6 0 4 0 3 0 3 0 5 0 1 0 1 0 3 0 2 0 2 0 1 0 0 0 7 0 4 0 5 1 0 0 2 0 2 0 0 0 1 0 7 0 2 0 0
0 603 2 0 6 0 7 0 4 0 0 0 3 1 0 0 4 0 4 0 3 0 2 0 4 1 0 0 7 0 7 0 2 0 4 0 1 0 2 0 1 0 3 1 0 0 3 0 3 1 0 0 1 0 6 0 4 0 4 0 3 0 3 0 4 0 0 0 3 0 1 0 3 0 4 0 3 0 4 0 1 0 2 0 0 0 4 0 7 0 0 0 6 0 6 0 1 0 1 0 7 0 7 0 7 0 0 0 4 0 6 0 7 0 4 0 7 0 1 0 3 0 0 0 5 0 5 0 1 0 3 0 1 0 7 0 5 0 2 0 1 0 1 0 4 0 4 1 0 0 6 0 0 0 2 1 0 0 3 0 0 1 0 0 7 0 5 0 3 0 3 0 3 1 0 1 0 0 2 0 2 0 2 0 5 0 3 0 1 0 0 0 0 0 1 0 6 0 3 0 2 0 2 0 2 0 1 0 5 0 3 0 4 0 1 0 1 0 5 0 1 0 7 0 6 0 7 0 4 0 3 0 1 0 2 0 0 0 3 0 7 0 7 0 2 0 1 0 5 0 0 0 2 1 0 0 5 0 3 0 1 0 6 0 6 0 3 0 6 0 7 0 6 0 7 0 5 0 1 1 0 0 3 0 5 0 5 1 0 0 2 0 2 0 2 0 1 0 1 0 2 0 4 0 2 0 5 0 4 0 0 0 3 1 0 0 2 0 6 0 3 0 2 0 4 0 2 0 0 0 1 0 0 0 1 0 7 0 2 1 0 1 0 0 6 0 1 1 0 0 5 0 4 0 1 0 7 0 5 0 6 0 7 0 4 0 1 0 6 1 0 0 4 0 6 0 0 1 0 0 4 0 7 0 7 0 1 0 7 0 6 0 3 0 1 0 6 1 0 0 7 0 1 0 2 0 1 0 4 0 6 0 6 0 3 1 0 0 5 0 2 0 0 0 3 0 4 0 4 1 0 0 7 0 0 0 2 0 4 0 6 0 6 0 2 0 6 0 7 0 7 0 0 0 4 0 7 0 2 0 4 0 4 0 7 0 0 0 3 1 0 0 7 0 0 0 0 1 0 0 1 0 3 0 2 0 4 0 0 0 0 1 0 0 1 1 0 1 0 0 3 0 5 0 0 0 4 1 0 0 6 0 4 0 7 0 6 0 0 0 5 0 2 0 3 0 2 1 0 0 4 0 6 0 2 0 4 0 3 1 0 0 7 0 6 0 4 0 7 0 2 1 0 0 0 0 5 0 0 0 4 0 0 0 7 0 7 0 1 0 3 0 2 0 6 0 4 0 4 0 2 0 1 0 6 0 1 0 3 1 0 0 4 0 4 0 0 0 3 0 5 0 5 0 0
0 603 5 0 4 0 7 0 0 0 1 1 0 0 0 0 0 0 0 0 7 0 5 0 1 0 0 0 6 0 6 0 5 1 0 0 3 0 4 0 2 0 7 0 7 0 5 0 7 0 7 0 2 0 4 0 1 0 0 0 7 0 6 1 0 0 1 0 6 0 2 0 6 1 0 1 0 0 0 0 3 0 4 0 1 0 0 0 6 0 2 0 4 0 4 0 3 0 3 0 6 0 7 0 6 0 2 0 0 0 5 0 7 0 1 0 6 0 3 0 6 0 1 0 2 0 2 0 3 0 6 0 3 0 6 0 2 0 5 0 2 0 3 0 0 0 2 0 0 0 3 0 1 0 5 0 7 0 5 0 1 1 0 0 6 0 2 0 7 0 6 1 0 0 0 0 7 0 3 0 4 0 5 0 1 0 7 0 2 0 0 0 0 0 3 0 3 0 7 0 4 0 4 0 4 0 3 0 1 1 0 0 0 0 3 0 3 0 1 0 4 0 6 0 5 0 7 0 0 0 7 0 2 0 4 0 0 0 7 0 6 0 6 0 5 0 3 0 1 0 1 0 5 1 0 0 1 0 7 0 3 0 4 0 4 1 0 0 5 0 7 0 5 0 7 0 2 0 4 0 7 0 6 0 2 0 3 1 0 0 4 0 4 0 4 0 2 0 2 0 4 1 0 0 6 0 2 0 0 0 1 0 7 0 7 0 4 0 3 0 7 0 4 1 0 0 5 0 0 0 2 0 0 0 3 0 5 0 6 1 0 1 0 0 3 0 4 1 0 0 2 0 0 0 4 0 6 0 3 0 5 0 7 0 0 0 4 0 5 0 0 0 0 0 4 0 2 1 0 0 0 0 7 0 6 0 4 0 6 0 4 0 7 0 3 0 5 0 0 0 5 0 3 0 4 0 3 0 0 0 5 0 5 0 0 0 0 0 1 0 5 0 0 0 7 0 0 0 2 0 0 0 5 0 1 0 5 0 0 0 5 0 4 0 6 0 4 0 7 0 6 0 2 0 0 0 6 0 6 0 0 0 1 0 6 0 1 1 0 0 0 0 5 0 1 0 1 0 7 0 1 0 6 0 4 1 0 0 1 0 1 0 7 0 2 1 0 0 7 0 6 0 1 0 2 0 1 0 0 0 4 0 1 0 7 0 4 0 2 0 1 0 5 0 6 0 5 1 0 0 0 0 4 0 6 0 0 0 0 0 0 0 6 0 5 0 1 0 6 0 6 0 7 0 0 0 1 0 1 1 0 0 2 0 6 0 6 0 3 0 6 0 5 0 4 0 1 0 0 0 5 0 3 0 3 0 3 1 0 0 0 0 0 0 0 0 1 0 7 0 2 0 2 0 1
0 605 1 0 2 0 1 0 6 0 1 0 3 0 6 1 0 0 0 0 1 0 6 0 2 0 3 0 1 0 4 0 5 0 3 1 0 0 6 1 0 0 6 0 6 0 7 0 3 0 7 0 6 0 5 1 0 0 3 0 1 0 6 0 5 1 0 0 3 0 3 0 6 0 5 0 0 0 6 1 0 0 6 1 0 0 3 0 1 0 3 0 6 0 0 0 0 0 7 0 7 0 4 0 7 0 4 0 5 0 1 0 2 0 6 0 4 0 3 1 0 0 4 0 3 0 4 0 4 0 7 0 3 1 0 0 4 0 6 0 1 0 5 0 6 0 0 0 4 0 0 0 6 0 3 0 2 0 7 0 2 0 4 1 0 0 3 0 6 0 6 0 5 1 0 0 1 0 5 1 0 0 1 0 2 0 4 0 5 0 5 0 0 0 0 0 6 0 7 0 6 0 1 0 1 0 0 0 7 0 3 0 6 1 0 0 6 0 6 0 3 0 0 0 5 0 3 0 6 0 2 0 5 0 5 1 0 0 2 0 6 0 5 0 5 0 2 0 7 0 2 0 3 0 2 1 0 0 3 0 5 1 0 0 1 0 2 0 0 0 2 0 7 0 3 0 6 0 6 0 0 0 7 0 4 0 5 1 0 0 0 0 0 0 1 0 0 0 5 0 5 0 1 0 0 0 3 0 5 0 0 0 3 0 6 0 7 0 0 1 0 0 7 0 2 0 0 0 1 0 1 0 4 0 0 0 7 0 2 0 6 0 0 0 7 0 6 0 0 1 0 0 4 0 1 0 0 0 4 1 0 0 3 0 6 0 2 0 0 0 2 0 1 0 0 1 0 0 6 0 7 0 0 0 6 0 5 0 1 0 5 0 1 0 6 1 0 0 2 0 2 0 1 1 0 0 0 0 7 0 1 0 2 0 2 0 1 0 0 0 3 0 1 0 2 0 5 0 1 0 4 0 1 0 1 0 4 0 1 0 2 0 2 0 1 0 5 0 1 0 7 0 4 0 5 0 1 0 4 0 4 0 1 0 3 0 3 0 4 0 7 0 0 0 1 0 3 0 3 0 5 0 4 0 4 0 1 1 0 0 2 0 3 0 5 0 6 1 0 0 6 0 4 0 3 0 4 0 2 0 0 1 0 0 4 0 6 0 0 0 5 0 3 0 2 0 5 0 3 1 0 0 1 0 0 0 4 0 1 0 0 0 1 0 4 0 2 0 4 0 4 0 5 0 6 0 1 0 2 0 3 0 7 0 4 0 4 0 4 1 0 0 5 0 3 0 0 0 3 0 1 0 1 0 7 0 6 0 7 0 6 1 0 0 0 0 0 0 3 0 5 0 5 0 4 0 2
1 605 2 0 4 0 3 0 3 0 3 0 7 0 4 1 0 0 0 0 3 0 3 0 5 0 6 0 3 0 0 0 3 0 0 0 0 0 5 0 0 0 4 0 5 0 6 1 0 0 7 0 5 0 3 1 0 0 6 0 3 0 4 0 3 1 0 0 6 0 7 0 4 0 2 0 2 0 5 0 0 0 4 1 0 0 6 0 2 0 7 0 3 0 1 0 1 0 6 0 7 0 1 0 7 0 1 0 2 0 3 0 5 0 4 0 0 1 0 1 0 1 0 1 0 0 1 0 1 0 7 0 0 0 0 0 0 0 4 0 4 0 2 0 4 0 1 1 0 0 2 0 3 0 7 0 5 0 5 0 6 0 0 1 0 0 7 0 4 0 5 0 3 1 0 0 3 0 2 1 0 0 2 0 5 0 0 0 3 0 2 0 1 0 1 0 4 0 7 0 4 0 3 0 2 0 1 0 5 1 0 0 6 0 0 0 4 0 4 0 7 0 1 0 1 1 0 0 4 0 6 0 2 0 3 1 0 0 5 0 4 0 3 0 2 0 6 0 5 0 5 0 6 0 5 0 7 0 6 0 2 1 0 0 2 0 4 0 0 0 5 0 5 1 0 0 5 0 4 0 2 0 6 0 1 0 3 1 0 0 0 0 0 0 2 0 1 0 2 0 2 0 3 0 0 0 7 0 1 0 1 0 7 0 4 0 6 0 2 1 0 0 5 0 5 0 0 0 2 0 2 1 0 0 2 0 5 0 6 0 3 0 2 0 6 0 4 0 2 0 7 0 7 0 2 0 1 0 0 1 0 0 7 0 3 0 5 0 0 0 4 0 2 0 1 1 0 0 4 0 6 0 2 0 4 0 2 0 4 0 1 0 4 0 4 1 0 0 4 0 4 0 3 0 7 0 0 0 5 0 3 0 4 0 4 0 2 0 0 0 6 0 2 0 5 0 1 0 3 1 0 0 3 0 2 1 0 0 3 0 4 0 4 0 3 0 1 0 4 0 6 0 1 0 2 0 4 0 0 0 0 0 3 0 6 0 7 0 0 0 6 0 1 0 2 0 6 0 7 0 2 0 1 0 0 0 4 0 7 0 3 0 7 0 2 0 6 0 0 0 4 0 0 1 0 0 0 0 5 0 1 1 0 0 0 0 4 0 2 0 1 0 7 0 5 0 1 1 0 1 0 0 2 0 0 1 0 0 3 0 0 0 2 1 0 0 6 0 0 0 1 0 3 0 4 0 3 0 4 0 7 0 6 0 1 0 1 0 2 0 0 0 1 0 7 0 0 0 6 0 2 0 3 0 6 0 5 0 7 0 5 1 0 0 0 0 0 0 7 0 2 0 3 0 0 0 5
0 605 4 1 0 0 7 0 6 0 7 0 6 0 1 1 0 0 0 0 6 0 7 0 2 0 4 0 7 0 0 0 6 0 0 0 1 0 1 0 2 0 0 0 3 0 6 0 0 0 6 0 3 0 0 0 0 0 3 1 0 0 1 0 0 0 0 0 4 0 7 0 0 0 5 0 5 0 1 0 2 0 1 0 0 0 3 0 6 0 5 0 7 0 2 0 3 0 4 0 6 0 4 0 5 0 3 0 4 0 7 0 2 0 0 0 2 1 0 1 0 1 0 0 7 0 1 0 3 0 5 0 1 0 0 0 1 0 0 0 0 0 5 1 0 0 4 0 7 0 3 0 7 0 6 0 3 0 3 0 4 0 2 1 0 0 6 0 1 0 2 1 0 1 0 0 6 0 5 0 7 0 4 0 1 0 1 0 6 0 4 0 2 0 3 0 0 0 7 0 0 0 7 0 4 0 3 0 3 0 0 0 3 0 2 0 0 0 1 0 6 0 3 0 3 1 0 0 0 0 4 0 5 1 0 0 0 0 2 0 0 0 7 0 5 0 4 0 3 0 3 0 5 0 3 0 7 0 4 0 6 0 7 0 3 1 0 0 2 0 2 0 4 0 0 0 2 0 0 0 6 0 3 0 3 0 7 0 6 1 0 0 0 0 4 0 2 0 4 0 4 0 6 0 1 0 5 0 3 0 3 0 6 0 1 0 4 0 6 1 0 0 2 0 2 0 1 0 4 0 5 0 7 0 4 0 2 0 4 0 7 0 5 0 4 0 0 0 6 0 6 0 6 0 5 0 2 0 1 1 0 0 5 1 0 0 2 0 1 1 0 0 5 0 3 1 0 0 0 0 4 0 5 1 0 0 5 1 0 0 4 0 0 0 2 0 0 0 0 0 0 1 0 0 6 0 2 0 1 1 0 0 1 0 0 0 5 0 1 0 3 0 6 0 1 0 3 0 7 0 7 0 5 0 5 0 7 0 6 0 0 0 0 0 7 0 3 0 0 0 4 0 3 0 4 1 0 0 1 0 0 0 7 0 4 0 6 0 2 0 3 0 3 0 5 0 4 0 6 0 5 0 2 0 1 0 0 0 6 1 0 0 6 0 6 0 3 0 1 1 0 0 2 0 7 0 0 0 1 0 4 0 6 1 0 1 0 0 5 0 3 0 6 0 2 0 4 1 0 0 7 0 3 0 1 0 7 0 5 0 0 0 5 1 0 0 3 0 1 0 2 0 6 1 0 1 0 0 1 0 7 0 4 0 3 0 2 0 4 0 0 0 3 0 5 0 2 0 3 0 5 0 7 0 4 0 3 0 7 0 3 1 0 0 0 0 1 0 5 0 5 0 6 0 1 0 2
1 607 1 0 1 0 0 0 6 0 5 0 7 0 4 0 4 0 7 0 0 0 4 0 6 0 6 0 0 0 6 0 2 0 3 0 1 0 2 0 2 0 4 0 0 0 7 0 3 0 2 0 3 0 7 0 0 0 0 0 7 0 7 0 1 0 0 0 1 0 0 0 6 0 2 0 2 0 2 0 3 0 4 0 2 0 0 0 7 0 4 0 3 0 6 0 5 0 7 0 0 0 5 0 1 0 2 1 0 0 1 0 6 0 5 0 0 0 5 1 0 1 0 1 0 0 5 0 3 0 7 0 1 0 3 0 0 0 2 0 0 0 1 0 3 0 0 0 0 0 6 1 0 0 7 0 4 0 7 0 6 1 0 0 6 1 0 0 3 0 3 0 5 1 0 1 0 0 4 0 3 0 7 0 0 0 3 0 3 0 4 0 0 0 5 0 6 0 1 0 5 0 2 0 6 0 0 0 7 0 6 0 0 0 6 0 4 0 0 0 3 0 3 0 7 0 7 0 7 0 0 0 0 0 3 1 0 0 0 0 4 0 1 0 6 0 3 0 0 0 7 0 7 0 1 1 0 0 7 0 1 0 5 0 6 1 0 1 0 0 4 0 4 1 0 0 1 0 4 0 1 0 3 0 7 0 7 0 6 0 5 1 0 0 0 1 0 0 6 0 0 0 1 0 4 0 4 0 1 0 7 0 7 0 3 0 4 0 0 0 5 1 0 0 4 0 4 0 3 0 0 0 3 0 7 0 0 0 6 0 0 0 7 0 3 0 0 0 2 0 4 0 5 0 5 0 2 0 5 0 3 1 0 0 2 1 0 0 4 0 3 1 0 0 1 1 0 1 0 0 1 0 0 0 4 0 0 0 2 1 0 1 0 0 1 0 4 0 0 0 0 0 1 1 0 0 3 0 5 0 3 0 7 0 1 0 1 0 1 0 3 0 7 0 3 0 3 0 7 0 6 0 7 0 3 0 3 0 7 0 4 0 1 0 1 0 5 0 7 0 0 1 0 1 0 0 1 1 0 0 2 0 1 0 6 0 1 0 4 0 5 0 6 0 7 0 2 0 1 0 5 0 2 0 5 0 2 0 1 0 5 0 0 0 4 0 4 0 7 0 3 0 7 0 4 0 5 0 1 0 3 0 0 0 6 0 0 1 0 0 1 1 0 0 4 0 6 0 1 0 0 0 5 0 7 0 3 0 6 0 2 0 2 0 2 1 0 0 6 0 2 0 5 0 5 0 0 0 7 0 2 0 6 0 0 0 7 0 4 1 0 0 1 0 7 0 1 0 5 0 7 0 2 0 7 0 0 1 0 0 6 1 0 1 0 0 0 0 3 0 2 0 3 0 4 0 3 0 4
0 607 2 0 2 0 1 0 4 0 3 0 7 0 1 0 1 0 6 0 2 0 0 0 5 0 4 0 2 0 3 0 5 0 6 0 2 0 4 0 4 1 0 0 2 0 5 0 7 0 4 0 7 0 5 0 1 0 1 0 6 0 6 0 3 0 0 0 2 0 1 0 3 0 5 0 4 0 4 0 6 1 0 0 5 0 1 0 6 0 0 1 0 0 5 0 3 0 6 0 2 0 1 0 3 0 5 0 7 0 2 0 4 0 2 0 2 0 3 0 0 1 0 1 0 0 1 1 0 0 6 0 3 0 6 0 0 0 4 0 0 0 2 0 6 0 0 0 1 0 5 0 0 0 6 0 1 0 7 0 6 0 0 0 4 1 0 0 6 0 7 0 3 0 0 0 7 0 7 0 7 0 5 0 1 0 6 0 6 1 0 0 2 0 2 0 4 0 4 0 1 0 6 0 3 0 2 0 6 0 4 0 2 0 4 0 0 0 1 0 6 0 7 0 6 0 7 0 6 0 1 0 0 0 7 0 6 1 0 1 0 0 4 0 3 0 7 0 1 0 6 0 6 0 4 1 0 0 5 0 4 0 2 0 6 0 0 1 0 0 0 0 1 1 0 0 2 1 0 0 3 0 7 0 6 0 7 0 5 0 3 1 0 0 1 1 0 0 3 0 1 0 3 0 0 0 0 0 4 0 6 0 6 1 0 0 0 0 2 0 3 0 0 0 0 0 0 0 7 0 0 0 7 0 5 0 2 0 3 0 2 0 5 0 7 0 0 0 5 0 0 0 3 0 2 0 6 0 1 1 0 1 0 0 5 0 7 0 7 0 7 0 7 0 2 1 0 0 7 0 1 0 0 1 0 0 1 0 5 1 0 0 7 0 1 1 0 0 1 0 0 0 3 0 7 0 6 0 1 1 0 0 6 0 3 0 2 0 2 0 7 0 5 0 7 0 7 0 6 0 5 0 6 0 7 0 7 0 6 0 0 0 3 0 3 0 2 0 6 0 2 1 0 0 7 0 2 0 7 0 3 0 3 0 3 0 4 0 0 0 3 0 5 0 6 0 5 0 3 0 1 0 6 0 1 0 5 0 3 0 1 0 2 0 0 0 1 0 6 1 0 0 7 0 1 0 2 0 3 0 6 0 1 0 3 0 2 0 7 0 2 1 0 0 0 0 4 0 3 0 1 0 2 0 6 1 0 0 4 0 5 0 4 0 5 1 0 0 3 0 6 0 2 0 2 0 2 0 5 0 6 0 3 0 2 0 6 0 1 1 0 0 3 0 5 0 4 0 2 0 6 0 6 0 5 0 2 1 0 0 5 0 0 0 6 1 0 0 6 0 4 0 6 1 0 1 0 0 1
0 607 4 0 4 0 2 1 0 1 0 0 6 0 3 0 3 0 3 0 5 0 1 0 2 0 0 0 5 0 7 0 2 0 4 0 6 0 0 0 1 1 0 0 5 0 2 0 7 0 1 0 7 0 2 0 3 0 3 0 4 0 4 0 7 0 0 0 4 0 2 0 7 0 2 0 1 0 1 0 6 0 0 0 1 0 4 0 3 0 2 1 0 0 1 1 0 0 4 0 5 0 2 0 7 0 2 0 6 0 5 1 0 0 5 0 4 0 6 0 1 1 0 0 7 0 2 1 0 0 3 1 0 0 4 0 1 1 0 0 1 0 5 0 3 0 1 0 3 0 1 0 2 0 3 0 4 0 6 0 4 0 2 0 1 0 0 0 4 0 6 0 7 0 1 0 6 0 7 0 7 0 2 0 4 0 4 0 5 1 0 0 4 0 5 0 0 0 0 0 4 0 3 0 7 0 5 0 4 0 0 0 5 1 0 0 1 0 3 0 4 0 7 0 5 0 7 0 4 0 3 0 1 0 6 0 6 0 0 0 7 0 7 0 7 0 5 0 4 0 4 0 5 0 2 0 0 0 2 0 0 0 6 0 3 0 2 0 6 1 0 0 3 0 7 0 4 0 7 0 6 0 6 0 5 0 7 0 2 1 0 1 0 0 3 0 7 0 5 0 2 0 6 0 0 0 1 0 0 0 5 0 5 1 0 0 0 0 4 0 6 0 0 0 0 0 1 0 5 0 2 0 6 0 2 0 5 0 6 0 5 0 2 0 6 0 2 0 1 0 1 0 6 0 5 0 3 0 4 1 0 1 0 0 2 0 7 0 7 0 7 0 6 0 6 1 0 0 5 0 3 0 1 0 7 0 2 0 3 0 0 0 5 0 4 0 7 0 1 0 0 0 7 0 6 0 4 0 4 1 0 0 3 0 7 0 4 0 5 0 6 0 3 0 7 0 7 0 5 0 3 0 5 0 7 0 7 0 4 0 1 0 6 0 6 0 5 0 3 0 6 1 0 0 5 0 6 0 5 0 7 0 6 0 6 1 0 0 1 0 7 0 2 0 5 0 2 0 7 0 3 0 3 0 4 0 1 0 7 0 2 0 4 0 0 0 3 0 5 0 0 0 5 0 3 0 4 0 7 0 3 0 3 0 6 0 5 0 5 0 6 0 6 1 0 1 0 0 7 0 2 0 5 0 5 0 0 0 0 0 3 0 1 0 3 1 0 0 7 0 3 0 5 0 4 0 5 0 2 0 4 0 7 0 5 0 3 0 4 0 7 0 6 0 2 0 0 0 6 0 4 0 5 0 2 0 6 1 0 0 1 0 2 0 5 0 0 0 4 0 1 0 6 0 0 0 7 0 1
0 609 1 0 0 0 0 0 6 1 0 1 0 0 3 0 7 0 6 0 7 0 1 0 3 0 4 0 1 0 2 0 6 0 6 0 0 0 4 0 1 0 3 1 0 0 1 0 6 0 5 0 4 0 5 0 5 0 6 0 7 0 0 0 1 0 6 0 1 1 0 0 6 0 5 0 5 0 2 0 3 0 3 0 1 0 2 1 0 0 7 0 5 0 7 0 2 1 0 0 0 0 2 0 6 0 5 0 6 0 4 0 4 0 0 0 2 0 1 0 4 0 4 1 0 0 5 0 6 0 7 0 6 0 7 0 7 0 3 0 7 0 2 0 1 0 7 0 2 0 6 0 2 0 4 0 7 0 0 0 5 0 0 0 5 0 2 0 1 0 0 0 5 0 6 0 4 0 4 0 7 0 6 0 6 0 0 0 1 0 4 0 0 0 0 0 2 0 1 0 0 1 0 1 0 0 7 0 3 0 0 0 2 0 2 1 0 0 2 0 7 0 0 0 7 0 3 0 7 0 0 0 7 0 3 0 4 0 4 0 2 0 6 0 7 0 7 0 3 0 1 0 1 0 2 0 5 0 0 0 4 0 1 0 3 0 7 0 5 0 4 1 0 0 7 0 6 0 1 0 7 0 5 0 5 0 3 0 6 0 6 1 0 0 7 0 6 0 6 0 2 0 6 0 3 0 1 0 2 0 1 0 2 0 3 1 0 0 1 0 0 0 4 0 1 0 0 0 3 0 1 0 6 0 3 0 6 0 2 0 5 0 2 0 6 0 3 0 5 0 2 0 3 0 4 0 2 1 0 0 2 0 0 0 7 0 4 0 6 0 7 0 7 0 5 0 6 0 0 0 1 0 7 0 3 0 5 0 5 0 6 0 1 0 2 0 1 0 6 0 3 0 1 0 6 0 5 0 1 0 1 1 0 0 7 0 6 0 1 0 3 0 4 1 0 0 7 0 7 0 2 1 0 0 3 0 7 0 7 0 0 0 4 0 4 0 5 0 2 1 0 0 6 0 0 0 2 0 5 0 3 0 7 0 5 0 5 1 0 0 3 0 5 0 6 0 1 0 6 0 5 0 7 0 6 1 0 0 4 0 5 0 5 1 0 0 1 0 7 0 1 0 2 0 1 1 0 0 1 0 6 0 7 0 7 0 4 0 3 0 3 0 5 0 6 0 0 1 0 0 5 0 6 0 2 0 2 0 1 0 0 0 6 0 2 1 0 0 0 0 5 1 0 0 3 0 1 0 2 0 6 0 0 0 7 0 2 1 0 0 1 0 7 0 4 0 5 0 1 0 4 0 1 0 2 0 6 0 4 1 0 0 2 0 5 0 1 0 1 1 0 0 4 0 3 0 2 0 5 0 3
1 609 2 0 0 0 1 0 5 0 0 0 7 0 6 0 6 0 5 0 6 0 3 0 6 1 0 0 3 0 5 0 4 0 4 0 1 1 0 0 3 0 7 0 7 0 2 0 4 0 3 0 1 0 3 0 3 0 5 0 6 0 1 0 3 0 3 0 4 1 0 0 4 0 3 0 2 0 5 0 6 0 6 0 2 0 5 1 0 0 6 0 3 0 6 0 6 0 6 1 0 0 5 0 4 0 3 0 5 0 1 0 0 0 1 0 4 0 3 0 0 0 2 0 0 0 2 0 5 0 7 0 5 0 7 0 6 1 0 0 6 0 5 0 3 0 5 0 6 0 3 0 6 0 0 0 6 0 2 0 1 0 2 0 1 0 5 0 2 0 1 0 2 0 5 0 1 0 1 0 7 0 5 0 4 0 1 0 2 1 0 0 1 0 0 0 4 0 2 0 1 1 0 1 0 0 5 0 7 0 0 0 4 0 5 0 7 0 4 0 5 0 2 0 5 1 0 0 6 0 2 0 5 1 0 0 1 0 0 0 6 0 4 0 7 0 6 0 7 0 2 0 2 0 5 0 1 0 1 1 0 0 3 0 7 0 6 0 3 0 2 0 0 0 6 0 4 0 4 0 6 0 3 0 2 1 0 0 5 0 6 0 0 0 6 0 5 0 4 0 6 0 3 0 7 0 2 0 4 0 2 0 4 0 7 0 7 0 1 0 0 1 0 0 3 0 0 0 6 0 3 0 3 1 0 0 4 0 6 0 1 0 6 0 3 1 0 0 2 0 5 0 6 1 0 0 6 0 7 0 3 0 1 0 6 0 1 0 5 0 7 0 7 0 3 0 4 0 1 0 3 0 5 1 0 0 3 0 3 0 4 0 3 0 4 0 3 0 3 0 7 0 3 0 4 0 2 0 3 0 3 1 0 0 6 0 4 0 3 0 7 0 1 0 0 0 6 0 6 0 6 0 7 0 6 0 6 0 6 0 2 0 0 0 1 0 2 0 6 1 0 0 3 0 1 0 5 0 1 1 0 0 7 0 3 0 3 1 0 0 7 0 2 0 4 0 4 0 4 0 3 0 7 0 6 0 0 0 0 0 3 0 3 1 0 0 3 0 5 0 3 0 4 0 3 0 7 0 2 0 4 0 7 0 7 0 0 0 7 0 7 0 2 0 4 0 2 1 0 0 2 0 4 0 5 0 4 0 2 0 1 0 3 0 6 0 7 0 0 0 2 1 0 0 6 0 2 0 5 0 3 0 2 0 5 0 6 0 7 0 2 0 6 0 1 0 2 0 3 1 0 0 3 0 5 0 4 0 1 1 0 0 5 0 1 0 3 0 3 0 7 0 7 0 6 0 5 0 1 1 0
1 609 4 0 0 0 3 0 1 0 2 0 6 0 5 0 5 0 3 0 4 1 0 0 5 1 0 0 7 0 2 0 1 0 0 0 4 0 7 0 6 0 6 0 6 0 5 1 0 0 7 0 2 0 6 0 7 0 2 0 4 0 3 0 6 0 7 0 0 1 0 1 0 0 7 0 5 0 2 0 5 0 4 0 6 0 3 0 0 0 3 1 0 0 5 0 5 0 6 0 0 0 2 0 0 1 0 0 2 0 3 0 0 0 2 1 0 0 7 0 0 0 4 0 0 0 5 0 2 0 7 0 3 0 7 0 6 0 0 0 4 0 2 1 0 0 3 0 4 1 0 0 4 0 2 0 3 0 5 0 2 0 4 0 3 0 1 0 5 0 2 0 5 0 1 0 3 0 3 0 6 0 3 0 0 0 3 0 5 0 7 0 1 0 0 1 0 0 5 0 3 1 0 1 0 0 2 0 6 0 2 0 0 0 3 0 7 0 1 0 2 0 6 0 3 0 0 0 3 0 6 0 2 1 0 0 2 0 1 0 4 0 1 0 7 0 5 0 6 0 5 0 5 0 1 0 3 0 3 0 7 0 6 0 6 0 4 0 7 0 4 0 1 0 4 0 1 0 1 0 4 0 7 0 5 1 0 0 2 0 4 0 2 0 4 0 3 0 1 0 4 1 0 0 6 0 5 1 0 0 6 0 0 0 7 0 6 0 3 0 1 0 7 0 5 0 1 0 3 1 0 0 0 0 0 0 0 0 4 0 4 0 3 1 0 1 0 0 5 0 2 0 6 0 0 0 4 0 6 0 7 0 3 0 3 0 4 0 2 0 7 0 6 1 0 0 0 0 3 0 7 0 2 1 0 0 6 0 6 1 0 1 0 0 0 0 7 0 7 0 5 1 0 0 0 0 5 0 6 1 0 0 0 0 4 0 0 1 0 0 6 0 3 0 1 0 4 0 5 0 5 0 7 0 5 0 5 0 4 0 5 0 0 0 2 0 5 0 4 1 0 0 6 0 3 0 1 0 4 1 0 0 5 1 0 0 0 0 0 0 5 0 6 0 0 0 1 0 0 1 0 0 7 0 4 0 1 0 0 0 6 0 7 0 7 0 6 0 1 1 0 0 0 1 0 0 6 0 6 0 0 0 7 0 6 0 2 0 6 0 6 0 5 1 0 0 6 0 7 0 4 0 0 0 3 0 0 0 5 0 2 0 7 0 4 0 6 0 1 0 5 1 0 0 3 0 6 0 1 0 7 0 5 0 2 0 5 0 6 0 6 0 3 0 3 0 4 0 7 0 7 0 6 0 2 0 0 0 4 1 0 0 1 0 3 0 6 0 7 0 6 0 7 0 5 0 2 0 4 0 6
1 610 1 0 0 1 0 6 0 2 0 5 0 4 0 3 0 2 1 0 0 2 0 0 0 3 0 0 0 5 0 5 0 2 0 1 0 0 0 7 0 5 0 5 0 5 0 4 0 0 0 5 0 6 0 4 0 6 0 5 1 0 1 0 0 5 0 6 0 2 1 0 1 0 0 6 0 2 0 6 0 2 0 1 0 4 0 7 0 0 1 0 0 0 0 2 0 3 0 4 0 1 0 4 0 1 0 7 0 3 0 6 0 0 0 5 1 0 0 5 0 1 1 0 0 2 0 1 0 6 0 5 1 0 0 7 0 4 0 1 1 0 0 6 0 7 0 6 0 0 1 0 1 0 0 5 0 7 0 1 0 5 1 0 0 7 0 3 0 1 0 6 0 1 0 3 0 6 0 7 0 3 0 7 0 0 0 7 0 2 0 6 0 3 0 1 1 0 0 2 0 0 0 0 0 7 0 4 0 3 0 5 0 0 0 7 0 5 0 3 0 5 0 3 0 7 0 0 0 7 0 3 0 6 0 7 0 3 0 2 1 0 0 4 0 6 0 3 0 5 0 3 0 2 0 3 0 6 0 7 0 6 0 5 0 5 0 1 0 7 0 0 0 3 1 0 0 3 0 3 0 0 0 7 0 3 1 0 0 4 1 0 0 5 1 0 0 7 0 3 0 1 0 0 0 4 0 4 0 0 0 3 0 2 0 6 0 4 0 7 0 3 0 6 0 2 0 3 0 7 0 6 1 0 0 0 0 1 0 0 0 1 0 0 0 0 1 0 0 1 0 6 0 3 0 2 0 0 0 5 0 6 0 7 0 6 1 0 0 6 0 6 0 5 1 0 0 0 0 7 0 5 0 6 1 0 0 4 0 6 0 0 0 7 0 0 0 6 0 7 0 3 1 0 0 1 0 2 0 5 1 0 0 0 1 0 0 2 1 0 0 3 0 7 0 3 0 0 0 3 0 3 0 7 0 3 0 3 0 1 0 2 0 1 0 5 0 2 0 2 0 0 0 3 0 7 0 3 0 1 0 0 0 2 1 0 0 0 0 1 0 2 0 4 0 1 0 2 0 1 1 0 0 6 0 0 0 3 0 1 0 4 0 7 0 7 0 4 0 4 0 7 0 0 1 0 0 4 0 4 0 2 0 6 0 4 0 6 0 4 0 5 0 4 0 0 0 4 0 7 0 0 0 1 0 6 0 1 0 1 0 6 0 6 0 1 0 4 0 4 0 2 1 0 0 7 0 3 0 4 0 6 0 2 0 6 0 2 0 5 0 4 0 7 0 7 0 0 0 7 0 7 0 4 0 5 0 1 0 0 1 0 0 2 0 7 0 4 0 7 0 5 0 7 0 2 0 6 0 0 0 5
0 611 1 0 7 0 2 0 3 0 6 0 2 0 0 0 7 0 5 0 7 0 3 0 0 0 6 0 1 0 2 0 2 0 5 0 2 0 1 0 6 0 3 0 3 0 3 0 0 0 2 0 2 0 5 0 1 0 5 0 4 0 0 1 0 0 2 0 4 0 6 1 0 1 0 0 3 0 6 0 3 0 5 0 3 0 0 0 6 0 2 0 6 1 0 0 4 0 6 1 0 0 3 1 0 0 4 0 5 1 0 0 4 0 2 0 3 0 0 0 1 0 4 0 7 0 3 0 3 0 4 0 4 0 0 0 6 0 0 0 4 1 0 0 4 0 7 0 4 0 2 1 0 1 0 0 2 0 6 0 4 0 3 0 0 0 5 0 7 0 3 0 3 0 3 0 7 0 4 0 6 1 0 0 6 0 2 0 5 0 6 0 3 0 7 0 3 0 7 0 3 0 0 0 1 0 6 0 0 1 0 0 2 0 2 0 6 0 2 1 0 0 2 1 0 0 6 0 2 0 5 1 0 0 5 0 6 0 7 0 5 1 0 0 0 0 4 1 0 0 2 0 7 0 4 0 7 0 4 0 7 0 5 0 3 0 2 0 4 0 5 0 1 0 7 0 7 0 5 0 6 0 1 0 6 0 0 0 0 0 1 0 0 0 3 0 0 0 5 0 7 0 2 0 1 0 0 0 0 0 1 0 6 0 5 0 4 0 1 0 6 1 0 0 4 0 5 0 7 0 6 0 5 1 0 0 0 0 2 0 0 0 2 0 0 0 1 0 7 0 2 0 3 0 7 0 4 0 1 0 2 0 5 0 7 0 6 0 0 0 4 0 5 0 3 1 0 0 1 0 6 0 3 0 6 0 0 0 0 0 4 0 2 0 5 0 2 0 4 0 6 1 0 1 0 0 2 0 5 0 2 1 0 0 1 0 7 0 4 0 7 0 6 0 5 0 7 0 0 0 6 0 7 0 5 0 7 0 6 0 2 0 4 0 3 0 1 0 5 0 4 0 0 0 7 0 5 0 7 0 2 0 0 0 5 0 6 1 0 0 2 0 4 1 0 0 3 0 4 0 3 1 0 0 3 0 1 0 6 0 3 0 0 0 7 0 7 0 1 0 1 0 6 0 2 1 0 0 0 0 0 0 6 0 4 0 1 0 5 0 1 0 3 0 0 0 2 0 0 0 6 0 1 0 3 0 3 0 3 0 3 0 4 0 4 0 4 0 0 0 0 0 6 1 0 0 5 1 0 0 1 0 4 0 6 0 3 0 6 0 2 0 1 0 7 0 6 0 2 0 6 0 7 0 1 0 2 0 3 0 1 0 7 0 4 0 6 0 1 0 7 0 3 0 6 0 6 0 3 0 2 0 2
1 611 3 0 5 0 5 0 7 0 3 0 5 0 1 0 6 0 3 0 6 0 7 0 1 0 3 0 3 0 4 0 5 0 1 0 5 0 3 0 3 0 7 0 6 0 6 0 0 0 4 0 5 0 1 0 4 0 2 0 0 0 2 0 7 0 4 0 0 0 6 0 0 0 7 0 6 0 3 1 0 0 2 0 7 0 1 0 3 0 6 0 5 0 0 0 0 0 5 1 0 1 0 0 0 0 0 0 3 1 0 1 0 0 5 0 6 0 0 0 3 0 0 0 6 0 7 0 7 0 0 0 0 0 2 0 3 0 2 0 1 0 0 0 0 0 7 0 0 0 6 1 0 0 7 0 4 0 4 0 0 0 7 0 1 0 2 0 6 0 7 0 6 0 7 0 6 0 1 0 6 0 0 0 3 0 6 0 2 0 4 1 0 0 6 1 0 0 6 0 7 0 0 0 3 0 3 0 2 0 7 0 3 0 5 0 3 0 6 0 7 0 4 1 0 0 3 0 6 0 3 0 0 0 2 0 5 0 7 0 3 1 0 0 1 0 0 1 0 0 5 0 6 0 1 0 7 0 1 0 7 0 2 0 7 0 5 0 0 0 2 0 4 0 6 0 7 0 3 0 4 0 4 0 3 0 1 0 0 0 2 0 0 0 6 0 1 0 2 0 6 0 5 0 2 0 0 0 0 0 3 0 4 0 3 0 0 0 4 0 5 0 0 0 0 0 3 0 7 0 5 0 3 1 0 0 0 0 4 0 0 0 4 0 0 0 3 0 5 0 5 0 7 0 6 0 0 0 3 0 5 0 2 0 7 0 4 0 2 0 0 0 2 1 0 1 0 0 3 0 3 1 0 0 4 0 1 0 0 1 0 0 6 0 1 0 6 0 0 0 6 0 0 0 7 0 4 0 1 0 6 0 7 0 2 0 6 0 1 0 7 0 5 0 3 0 6 0 2 0 4 0 7 0 3 0 7 0 4 0 5 1 0 0 7 0 3 0 2 0 0 0 2 0 6 0 3 0 6 0 5 0 1 0 2 0 5 1 0 0 5 0 0 1 0 0 6 1 0 1 0 1 0 0 6 0 3 0 3 0 7 0 1 0 6 0 6 0 3 0 3 0 3 0 6 0 6 1 0 0 1 0 4 0 0 0 4 0 1 0 3 0 6 0 0 0 4 0 1 0 3 0 3 0 6 0 6 0 6 0 7 0 0 0 1 0 0 0 1 0 1 0 5 0 0 0 2 1 0 0 3 0 0 0 4 1 0 0 4 0 5 0 3 0 6 0 4 0 6 0 4 0 6 0 3 0 4 0 6 0 3 0 6 0 1 0 4 0 4 0 5 1 0 0 5 0 4 0 7 0 4 0 4
0 611 7 0 2 0 3 0 6 1 0 0 2 0 4 0 3 1 0 0 5 0 6 0 3 0 6 0 7 0 0 0 2 0 4 0 1 0 7 0 7 0 6 0 5 0 4 0 2 0 0 0 2 0 3 1 0 0 5 0 0 0 5 0 6 0 0 0 2 0 3 0 2 0 6 0 4 1 0 1 0 0 5 0 5 0 3 0 7 0 4 0 2 0 1 0 1 0 3 0 0 0 6 1 0 0 0 1 0 0 0 1 0 0 2 0 4 0 1 0 6 0 1 0 4 0 7 0 6 0 1 0 0 0 4 0 6 0 4 0 2 0 0 0 1 0 5 0 2 0 5 0 0 0 6 0 1 0 0 0 2 0 5 0 3 0 5 0 4 0 7 0 5 0 7 0 4 0 4 0 3 0 1 0 7 0 3 0 6 0 1 0 0 0 5 0 0 0 4 0 6 0 1 0 6 0 6 0 5 0 5 1 0 0 2 1 0 0 5 0 7 0 1 1 0 0 7 0 3 0 7 0 0 0 5 0 2 0 6 1 0 1 0 0 2 0 1 1 0 0 2 0 4 0 4 0 5 0 4 0 5 0 6 0 6 0 2 0 1 0 5 0 0 0 5 0 6 1 0 0 1 0 0 0 7 0 2 0 0 0 4 0 1 0 3 0 3 0 5 0 4 0 2 0 5 0 0 0 0 0 6 1 0 0 7 0 1 0 0 0 2 0 1 0 0 0 7 0 6 0 2 1 0 1 0 0 0 1 0 0 1 1 0 0 1 0 7 0 2 0 3 0 7 0 4 0 1 0 7 0 1 0 6 0 6 0 0 0 5 0 0 0 5 1 0 0 7 0 5 0 7 0 7 0 7 0 2 0 1 1 0 0 3 0 4 0 3 0 2 0 3 0 2 0 6 0 0 0 4 0 4 0 6 0 6 0 3 0 4 0 6 0 2 1 0 0 4 0 6 0 0 0 6 1 0 0 7 0 1 0 4 0 0 0 5 0 7 0 4 0 0 0 5 0 3 1 0 0 5 0 2 0 3 0 5 0 3 0 0 0 1 0 2 1 0 0 5 0 0 1 0 1 0 0 3 0 7 0 7 0 5 0 4 0 4 0 4 0 7 0 6 0 7 0 4 0 5 1 0 0 2 1 0 0 1 1 0 0 3 0 7 0 3 0 1 1 0 0 3 0 6 0 7 0 4 0 5 0 5 0 6 0 1 0 2 0 0 0 2 0 3 0 1 0 1 0 5 0 7 0 5 0 1 0 1 0 0 0 0 0 2 1 0 0 5 0 1 0 5 0 1 0 4 1 0 0 1 0 4 1 0 0 4 0 4 0 0 0 1 0 4 0 0 0 2 0 1 0 7 0 1 0 1
0 613 1 0 5 0 5 0 7 0 4 1 0 0 5 0 0 0 0 0 0 0 2 0 4 1 0 0 5 0 6 0 1 0 4 1 0 0 4 0 6 0 7 0 5 0 3 0 0 0 5 0 0 0 4 1 0 0 0 0 1 0 2 0 2 0 4 0 1 0 4 0 6 0 5 0 4 0 2 0 0 1 0 0 2 0 2 1 0 0 7 0 0 0 5 0 2 0 2 0 6 0 1 0 4 1 0 0 1 0 7 0 0 0 7 0 3 1 0 0 4 0 3 0 4 0 0 0 7 0 4 0 3 0 1 0 0 0 5 0 0 0 5 0 0 0 3 0 1 0 6 0 1 0 2 0 3 0 3 0 0 0 5 0 1 1 0 0 3 0 1 0 7 0 3 0 7 0 1 0 0 0 7 0 3 0 5 1 0 0 4 0 3 0 1 0 1 0 2 0 0 0 4 0 4 0 4 0 5 0 3 0 3 1 0 0 5 1 0 0 2 0 6 0 4 1 0 0 5 1 0 0 6 0 2 0 1 0 6 0 5 0 0 0 7 0 3 0 3 0 7 0 4 0 0 0 1 0 3 0 1 0 3 0 5 0 4 0 5 0 3 0 1 0 2 0 2 0 5 1 0 0 2 0 1 0 5 0 5 0 0 1 0 0 3 0 6 0 7 0 2 0 0 0 6 0 1 0 1 0 1 0 5 0 0 0 5 0 3 0 0 0 4 0 2 0 1 0 6 0 4 0 6 1 0 0 7 0 0 0 7 0 2 0 7 0 2 0 5 0 5 0 7 0 6 0 0 0 4 0 5 0 4 0 4 0 4 0 2 0 1 0 2 0 3 0 0 0 6 0 3 0 7 0 7 0 6 0 5 0 3 0 7 0 5 1 0 0 7 0 4 0 6 0 5 0 3 0 2 0 0 0 1 0 5 0 4 1 0 0 1 0 4 0 6 1 0 0 0 0 4 0 2 0 5 0 0 0 5 0 3 1 0 0 2 0 2 0 7 0 0 0 2 0 2 0 0 0 0 0 1 0 5 0 7 0 1 0 7 0 0 0 2 0 5 1 0 0 1 0 2 1 0 0 7 0 6 0 6 0 7 0 3 0 1 0 1 0 1 0 7 0 5 0 7 0 1 0 3 1 0 0 5 0 7 0 2 0 7 0 6 0 5 0 7 0 3 0 7 0 6 0 4 0 7 0 1 0 3 0 3 0 4 0 3 0 4 0 0 0 4 0 6 0 2 0 3 0 2 0 7 0 2 0 3 0 2 0 0 0 0 0 5 1 0 0 1 0 4 0 1 0 4 0 0 1 0 0 3 0 1 0 0 0 0 0 0 0 1 0 2 1 0 0 1 0 4 0 3 0 5 0 3 0 2
1 613 3 0 2 0 3 0 7 0 2 0 0 0 1 0 1 0 0 0 0 0 5 0 1 0 0 0 2 0 4 0 4 0 1 0 0 0 0 0 5 0 7 0 2 0 7 0 1 0 1 0 2 0 0 1 0 0 0 0 2 0 4 0 4 1 0 0 4 0 0 0 5 0 3 0 0 0 5 0 1 0 7 0 3 0 5 1 0 0 5 0 2 0 1 0 5 0 5 0 3 0 4 0 0 1 0 0 3 0 5 0 2 0 5 1 0 1 0 1 0 1 0 0 0 0 2 0 6 0 0 0 7 0 2 0 1 0 1 0 2 0 1 0 1 0 6 0 3 0 3 0 3 0 4 0 6 0 6 0 1 0 1 0 4 0 7 0 5 0 3 0 5 1 0 0 6 0 3 0 1 0 5 1 0 0 3 1 0 1 0 0 7 0 2 0 2 0 4 0 1 0 0 0 1 0 1 0 2 1 0 0 0 0 0 0 2 1 0 0 5 0 4 0 2 0 0 0 3 0 0 0 3 0 5 0 3 0 4 0 2 0 2 0 5 0 7 0 7 0 6 0 0 0 1 0 2 0 6 0 2 0 7 0 2 0 1 0 2 0 7 0 2 0 4 0 5 0 2 1 0 0 4 0 3 0 2 0 2 0 2 0 7 0 6 0 4 0 6 0 5 0 1 0 3 0 3 0 2 0 3 0 1 0 2 0 1 0 7 0 0 1 0 0 5 0 3 0 4 0 1 0 6 0 0 0 5 0 2 0 5 0 6 0 5 0 6 0 2 0 3 0 7 0 4 0 2 0 0 0 3 0 1 0 1 0 0 0 5 0 2 0 4 0 6 0 1 0 3 1 0 0 7 0 7 0 5 0 2 1 0 0 7 0 4 0 0 0 6 0 1 0 5 0 2 0 7 0 4 0 0 0 3 0 2 0 1 1 0 0 3 0 0 0 5 1 0 0 0 1 0 0 6 0 1 0 2 0 1 1 0 1 0 0 4 0 5 0 5 0 1 0 4 0 4 0 0 0 0 0 3 0 2 0 6 0 4 0 5 0 1 0 5 0 2 1 0 0 2 0 5 1 0 0 6 0 5 0 5 0 6 0 7 0 2 0 2 0 3 0 6 0 3 0 6 0 3 1 0 0 0 0 2 0 6 0 6 0 6 0 5 0 3 0 6 1 0 0 7 0 5 0 1 0 6 0 3 0 6 0 6 1 0 1 0 0 0 0 2 0 0 0 4 0 5 0 6 0 5 0 5 0 5 0 6 0 4 0 0 0 1 0 2 1 0 0 2 1 0 0 3 1 0 0 2 0 7 0 5 0 2 0 0 0 0 0 0 0 2 0 5 0 7 0 1 1 0 1 0 0 2 0 7 0 4
0 613 6 0 4 0 7 0 5 0 5 0 0 0 2 0 2 0 0 0 1 0 1 0 3 0 0 0 5 0 0 0 0 0 3 0 0 0 1 0 2 0 6 0 6 0 5 0 3 0 2 0 4 0 1 0 6 1 0 0 5 0 0 0 1 1 0 1 0 0 2 0 1 0 7 0 1 0 1 0 4 0 5 1 0 0 4 0 0 0 1 0 5 0 3 0 2 0 2 1 0 0 0 0 2 0 7 0 6 0 1 0 6 0 3 0 0 1 0 1 0 0 6 1 0 0 5 0 3 0 2 0 5 0 5 0 2 0 2 0 4 0 2 0 3 0 3 0 7 0 6 0 7 0 0 0 5 0 4 0 3 0 3 0 0 0 7 0 2 1 0 0 4 0 0 0 3 0 7 0 3 0 2 1 0 1 0 0 0 1 0 0 5 0 5 0 4 1 0 0 3 0 0 0 2 0 2 0 5 0 6 1 0 0 0 0 5 1 0 0 2 0 0 0 5 0 0 0 6 0 0 0 7 0 1 1 0 0 0 0 5 0 5 0 2 0 7 0 7 0 4 0 1 0 2 0 5 0 3 0 6 0 5 0 5 0 2 0 5 0 5 0 6 0 0 0 2 0 6 0 7 0 7 0 6 0 4 0 4 0 5 0 6 0 5 0 1 0 5 0 2 0 3 0 6 0 6 0 4 0 6 0 2 0 4 0 3 0 5 0 2 1 0 0 1 1 0 0 0 0 4 0 3 0 2 0 1 0 6 0 2 0 5 0 3 0 4 0 5 0 7 0 6 0 0 0 5 0 0 0 6 0 2 0 2 0 1 0 1 0 6 0 0 0 4 0 3 1 0 0 0 0 6 0 7 0 2 0 6 1 0 0 6 0 0 0 2 0 3 0 4 0 1 0 6 0 6 0 0 0 1 0 6 0 4 0 3 0 7 0 5 0 1 0 2 1 0 0 1 1 0 0 3 0 3 0 4 0 3 1 0 1 0 0 0 0 3 0 2 0 4 0 0 0 0 0 1 0 0 0 6 0 5 0 4 0 1 0 2 0 4 0 1 0 6 0 7 0 4 0 3 0 0 0 4 0 3 0 3 0 5 0 6 0 5 0 4 0 7 0 3 1 0 0 4 1 0 1 0 0 0 0 5 0 4 0 5 0 5 0 2 1 0 0 6 0 0 0 6 0 2 0 4 0 3 1 0 0 5 0 6 0 0 0 6 1 0 0 4 0 1 0 0 0 3 0 5 0 3 0 3 0 3 0 5 0 0 0 1 0 2 0 5 0 7 0 4 0 7 0 6 0 7 0 4 0 6 0 2 0 5 0 0 0 0 0 0 0 5 0 2 0 6 0 4 1 0 0 7 0 4 0 6 0 1
0 615 1 0 4 0 1 0 7 0 3 0 2 0 1 0 4 0 4 0 0 0 2 0 2 0 6 0 1 0 1 0 1 0 0 0 6 0 0 0 2 0 5 0 4 0 5 0 2 0 7 0 4 1 0 0 4 0 5 0 0 0 1 0 1 0 3 1 0 0 7 0 3 0 3 0 5 0 3 0 3 0 0 0 3 1 0 1 0 0 1 0 3 0 1 0 7 0 4 0 5 0 6 1 0 0 5 0 6 0 4 0 4 0 3 0 7 0 1 1 0 1 0 0 5 0 0 0 1 0 7 0 5 0 2 0 2 0 5 0 4 1 0 0 5 0 6 0 7 0 6 0 5 0 6 0 2 0 2 0 0 0 7 0 6 0 1 0 5 0 6 0 7 0 7 0 0 0 7 0 5 0 7 0 5 1 0 0 7 0 0 1 0 0 2 0 3 0 1 1 0 0 6 0 0 0 4 0 5 0 2 0 5 1 0 0 1 0 2 1 0 0 4 0 1 0 1 0 2 0 3 0 2 0 5 0 4 0 7 0 0 0 2 0 2 0 6 0 6 0 7 0 0 0 3 0 5 0 1 1 0 0 5 0 3 0 2 0 6 0 2 0 3 0 4 0 1 0 5 0 4 0 7 0 7 0 5 0 1 0 1 0 3 0 5 0 2 0 4 0 1 0 5 0 7 0 4 0 5 0 1 0 4 0 5 1 0 1 0 0 2 0 6 0 7 0 2 0 6 1 0 1 0 0 7 0 4 0 3 0 3 0 6 0 1 1 0 0 1 0 3 0 7 0 4 0 2 0 1 0 2 0 3 0 5 0 4 0 2 0 3 0 3 0 1 1 0 1 0 1 0 0 1 0 4 0 6 0 6 0 5 0 0 0 3 0 1 0 4 0 6 1 0 0 4 0 4 0 4 0 1 0 3 0 4 0 0 1 0 0 7 0 2 0 3 0 5 0 7 0 2 0 7 0 5 0 7 0 0 0 0 0 0 0 6 1 0 0 6 0 4 1 0 0 1 0 0 0 2 0 1 0 4 0 3 0 0 0 3 0 4 1 0 0 4 0 4 0 7 0 0 0 7 0 0 1 0 0 7 0 7 0 2 0 5 0 3 0 1 0 7 0 0 0 0 0 1 0 0 0 7 0 0 0 2 0 1 0 3 0 2 0 6 1 0 0 3 0 2 0 3 0 6 0 0 0 0 0 0 0 2 0 4 0 2 0 4 1 0 1 0 0 3 0 0 0 7 0 1 0 7 0 6 0 7 0 1 0 1 0 2 0 5 0 2 0 7 0 1 0 7 0 5 0 7 0 1 0 4 0 6 0 1 0 1 0 0 0 1 0 1 0 6 0 4 0 2 0 0 0 6 0 1 0 4 0 3
1 615 2 1 0 0 4 0 5 0 7 0 4 0 3 0 0 0 0 0 1 0 4 0 5 0 3 0 3 0 2 0 2 0 1 0 3 0 1 0 5 0 2 0 1 0 2 0 6 0 6 0 2 0 0 0 0 0 2 0 1 0 2 0 2 1 0 0 0 0 5 0 7 0 7 0 1 0 7 0 6 0 0 1 0 0 0 0 7 0 1 0 6 0 3 0 6 0 1 0 3 0 6 0 0 0 2 0 5 0 1 0 0 1 0 0 6 0 4 1 0 1 0 0 1 0 1 0 3 0 6 0 2 0 5 0 5 0 2 0 2 0 0 0 2 0 5 0 7 0 5 0 3 0 4 0 5 0 4 0 1 0 6 0 4 0 4 0 2 0 5 0 7 0 6 0 2 0 6 0 3 0 7 0 4 0 0 0 5 0 2 0 7 0 3 0 6 0 3 1 0 0 3 0 2 0 0 0 2 0 6 0 2 1 0 0 2 0 5 0 7 0 7 0 2 0 2 0 4 0 6 0 5 0 2 0 1 0 6 0 1 0 4 0 5 0 4 0 5 0 6 0 1 0 7 0 1 0 4 1 0 0 1 0 7 0 5 0 3 0 5 0 6 1 0 0 4 0 2 0 1 0 7 0 7 0 2 0 3 0 2 0 7 0 1 0 5 1 0 0 4 0 2 0 7 0 1 0 2 0 4 0 0 0 4 0 0 0 7 0 4 0 4 0 6 0 6 0 5 0 0 1 0 0 6 0 0 0 7 0 7 0 3 0 4 0 7 0 1 0 7 0 6 0 0 0 5 0 2 0 4 0 7 0 2 0 0 0 5 0 6 0 6 0 3 1 0 1 0 0 7 0 2 0 0 0 5 0 5 0 2 0 1 0 6 0 3 0 0 0 6 0 0 0 0 0 1 0 0 0 3 0 6 1 0 0 2 1 0 0 5 0 5 0 7 0 2 0 6 0 6 0 6 0 3 0 6 0 1 0 0 0 1 0 5 0 0 0 4 0 1 1 0 0 2 0 0 0 4 0 2 1 0 0 7 0 0 0 7 0 1 0 0 0 0 0 1 0 6 0 2 0 5 0 2 1 0 0 6 0 6 0 6 0 1 0 7 0 3 0 5 0 1 0 0 0 2 0 1 0 5 0 1 0 4 0 2 0 6 0 5 0 4 1 0 0 6 0 4 0 7 0 3 0 1 0 0 0 0 0 4 1 0 0 6 0 1 0 0 0 7 0 5 0 1 0 5 0 4 0 6 0 5 0 6 0 3 0 2 0 5 0 1 0 6 0 5 0 4 0 6 0 3 0 6 0 4 0 0 0 4 0 3 0 2 0 0 0 2 0 3 0 4 0 0 0 5 0 1 0 3 0 3 1 0 1 0
1 615 5 1 0 0 0 0 3 0 7 0 0 0 7 0 0 0 0 0 3 0 0 0 2 0 7 0 6 0 4 0 4 0 2 0 6 0 3 0 1 0 5 0 2 0 5 0 4 0 4 0 5 0 0 0 0 0 4 0 2 0 4 0 5 0 7 0 0 0 2 0 7 0 6 0 4 0 6 0 4 0 2 0 7 0 0 0 5 0 4 0 3 1 0 0 4 0 3 0 7 0 3 0 1 0 5 0 1 0 3 0 1 1 0 0 4 0 2 0 0 0 7 0 1 0 2 0 7 0 3 0 6 0 2 0 2 0 5 0 4 0 0 0 5 0 2 0 7 0 2 1 0 0 1 0 3 0 0 0 4 0 4 0 1 0 0 0 6 0 2 0 7 0 4 0 6 0 3 1 0 0 7 0 0 0 2 0 1 0 6 0 5 1 0 0 4 1 0 1 0 0 6 0 4 0 0 0 5 0 3 0 6 0 7 0 4 0 2 0 7 0 6 0 5 0 5 0 0 0 5 0 2 0 5 0 3 0 3 0 4 0 0 0 3 0 1 0 3 0 4 0 4 0 5 0 4 0 0 1 0 0 3 0 6 0 2 1 0 0 3 0 5 1 0 1 0 0 5 0 3 0 6 0 6 0 5 0 6 0 5 0 5 0 4 0 2 1 0 1 0 0 6 0 5 0 3 0 4 1 0 0 1 1 0 0 2 0 6 0 1 0 1 0 5 0 5 0 2 0 2 1 0 0 3 0 2 0 6 0 6 1 0 0 1 0 6 0 4 0 6 0 4 0 2 0 1 0 6 0 0 0 6 0 5 0 1 0 2 0 5 0 5 0 0 0 0 1 0 0 5 0 5 0 1 0 2 0 2 0 5 0 3 0 3 0 7 0 1 0 3 0 1 0 0 0 2 0 0 0 7 0 4 1 0 0 5 1 0 0 2 0 3 0 6 0 6 0 4 0 5 0 4 1 0 0 4 0 3 0 0 0 3 0 1 0 1 1 0 0 4 0 7 0 3 0 0 1 0 0 6 1 0 0 5 0 2 0 5 0 3 0 0 0 0 0 3 0 3 0 6 0 1 0 6 1 0 0 4 0 5 0 4 0 4 0 5 1 0 0 2 0 3 0 0 0 4 0 3 0 1 0 3 1 0 0 6 0 4 0 3 0 2 0 0 0 4 0 1 0 6 0 7 0 2 0 0 0 1 0 1 0 0 0 3 0 3 0 1 0 6 0 2 0 4 0 2 0 1 0 5 0 3 0 4 0 7 0 5 0 1 0 4 0 4 0 3 0 1 0 4 1 0 0 5 0 0 0 1 1 0 0 7 0 4 0 0 0 4 0 6 1 0 0 2 0 1 0 3 0 6 1 0 0 0 0 6
1 617 1 0 2 1 0 0 0 0 7 0 5 0 2 0 5 0 1 0 0 0 6 0 0 0 5 0 6 0 5 0 1 0 0 0 6 0 3 0 7 0 3 0 1 0 6 0 2 0 1 0 1 0 2 0 1 0 0 1 0 0 6 0 0 0 3 0 6 0 1 0 5 0 6 0 5 0 1 0 5 0 0 0 6 0 5 0 2 0 2 0 0 1 0 1 0 1 0 1 0 0 6 0 7 0 3 0 1 0 3 0 6 0 3 0 7 0 7 0 4 0 1 0 5 0 3 0 5 0 5 1 0 0 4 0 5 0 5 0 2 0 0 0 2 0 1 0 6 0 5 0 6 0 7 0 1 0 6 0 1 0 0 0 0 0 3 0 1 0 3 0 6 0 6 0 1 0 5 0 0 0 0 0 5 0 1 0 4 0 3 0 4 0 4 0 0 0 1 0 0 1 0 0 4 0 0 0 2 0 1 1 0 0 5 0 7 0 0 0 6 0 6 0 5 0 3 0 2 0 2 0 1 0 6 0 1 0 7 0 6 1 0 0 1 0 6 0 2 0 7 0 0 0 1 0 3 0 0 0 2 0 7 0 6 0 3 0 6 0 7 0 6 0 3 0 0 1 0 0 1 1 0 0 5 0 5 0 3 0 5 0 3 0 3 0 0 0 6 1 0 1 0 0 4 0 2 1 0 0 1 1 0 0 3 0 7 0 4 0 3 0 3 0 3 0 2 0 2 0 5 0 5 0 7 0 5 0 5 0 4 0 5 1 0 0 3 0 4 0 1 0 5 0 0 0 5 0 3 0 3 0 2 0 4 0 2 0 3 0 5 0 2 0 2 0 1 0 1 1 0 0 2 0 2 0 3 0 4 0 5 0 1 0 7 0 7 0 5 0 3 0 6 0 2 0 0 0 4 0 1 0 6 0 2 0 0 0 2 1 0 0 4 0 7 0 4 0 5 0 1 0 3 0 1 1 0 1 0 0 7 0 0 0 6 0 2 0 3 1 0 0 0 0 6 0 7 0 1 1 0 0 5 0 0 0 1 0 6 0 1 0 7 0 0 0 0 0 6 0 7 0 3 0 4 0 5 0 0 0 0 0 3 0 1 0 1 0 3 1 0 0 4 0 6 0 0 1 0 0 7 0 2 1 0 0 0 0 4 0 0 0 7 0 4 0 0 1 0 0 4 0 4 0 6 0 5 0 0 0 2 0 2 0 0 0 6 0 6 0 3 0 3 0 5 1 0 0 5 0 3 0 1 1 0 0 1 0 7 0 2 0 4 0 0 0 0 0 7 0 3 0 1 0 0 0 1 0 1 0 3 1 0 0 6 0 0 0 2 0 0 0 5 1 0 0 4 0 2 0 7 0 4 1 0 0 1 0 4
0 617 2 0 5 0 7 0 0 0 6 0 2 0 6 0 1 0 3 0 1 0 3 0 2 0 2 0 5 0 2 0 3 0 1 0 3 1 0 0 6 0 7 0 3 0 3 0 5 0 2 0 2 0 4 0 2 0 1 1 0 0 3 0 1 0 7 0 3 0 4 0 2 0 5 0 2 0 4 0 1 0 2 0 4 0 2 0 5 0 4 0 1 1 0 1 0 1 0 1 0 0 4 0 6 0 7 0 2 0 7 0 3 1 0 0 7 0 7 0 0 0 4 0 1 1 0 0 3 0 4 0 0 0 0 0 3 0 2 0 5 0 0 0 4 0 3 0 4 0 3 0 5 0 6 0 4 0 3 0 3 0 0 0 0 0 6 0 2 0 7 0 4 0 4 0 4 0 1 0 1 0 1 0 1 0 3 1 0 1 0 0 1 0 0 0 1 0 2 0 1 0 7 0 7 0 0 0 4 0 3 1 0 0 2 0 6 0 2 0 4 0 5 0 2 0 7 0 4 0 4 0 3 0 3 0 4 0 6 0 5 1 0 0 3 0 3 0 6 0 5 0 1 0 2 0 6 0 0 0 5 0 6 0 4 1 0 0 5 0 7 0 4 0 7 0 1 0 7 0 2 1 0 0 2 0 2 1 0 0 2 0 7 0 6 0 1 0 5 0 0 0 7 0 7 0 5 0 7 0 2 0 7 0 6 0 6 0 0 0 7 0 6 0 6 0 4 0 5 0 2 0 3 0 7 0 3 0 3 0 1 0 3 1 0 0 6 1 0 0 4 0 1 0 2 0 1 0 7 0 6 0 4 1 0 0 5 0 7 0 1 0 5 0 4 0 2 0 3 0 7 0 3 0 4 0 7 0 0 0 2 0 4 0 6 0 7 0 2 1 0 0 4 0 5 0 0 1 0 0 4 0 3 0 5 0 0 0 5 1 0 0 0 0 7 0 1 0 2 0 3 0 6 0 3 1 0 1 0 0 5 0 2 0 3 0 5 0 7 0 7 0 0 0 4 0 6 0 4 1 0 0 1 0 1 0 3 0 3 0 4 0 5 0 1 0 1 0 4 0 6 1 0 0 1 0 2 0 1 0 0 0 6 0 2 0 2 1 0 0 0 0 0 0 4 0 2 1 0 0 5 0 6 0 6 1 0 1 0 0 2 0 6 0 0 0 2 1 0 0 0 0 1 0 5 0 2 0 1 0 4 0 4 0 1 0 4 0 4 0 7 0 7 0 3 0 0 0 1 0 7 0 3 0 7 0 2 0 5 0 5 1 0 0 1 0 1 0 5 0 7 0 2 0 0 0 2 0 2 1 0 0 0 0 3 0 1 0 4 0 1 0 2 1 0 1 0 0 6 0 6 0 1 1 0 0 3 0 0
0 617 5 0 2 0 6 0 2 0 3 0 6 0 3 0 3 0 6 0 2 0 6 0 4 0 5 0 1 0 5 0 6 0 2 1 0 0 0 0 4 0 6 0 7 0 7 0 1 0 5 0 4 1 0 0 5 0 3 0 7 0 5 0 3 0 5 1 0 0 0 0 6 0 1 0 5 1 0 0 3 0 4 1 0 0 6 0 2 0 0 0 4 1 0 1 0 1 0 1 0 0 0 0 5 0 6 0 6 0 6 0 0 0 0 0 6 0 6 0 1 1 0 0 4 0 7 0 5 1 0 0 1 0 0 0 6 0 5 0 1 0 1 1 0 1 0 0 0 1 0 0 3 0 5 0 0 0 7 0 6 0 0 0 1 0 3 0 6 0 6 0 1 0 1 0 0 0 3 0 2 0 2 0 2 1 0 0 0 0 7 0 1 0 0 0 2 0 4 0 3 0 6 0 6 0 1 1 0 1 0 1 0 0 5 0 3 0 6 0 0 0 2 0 6 0 6 0 1 0 0 0 7 0 7 0 0 0 5 0 3 1 0 0 6 0 7 0 4 0 2 0 3 0 5 0 3 0 2 0 2 0 5 0 2 0 0 0 2 0 7 0 1 0 6 0 4 0 5 0 6 0 7 0 3 0 5 0 7 0 4 0 6 0 4 0 4 0 1 0 2 0 6 0 7 0 3 0 6 0 6 0 6 0 5 0 4 0 2 0 6 0 5 0 5 0 1 0 2 0 5 0 7 0 5 0 7 0 6 0 2 1 0 0 0 0 4 1 0 1 0 0 3 0 4 0 3 0 6 0 5 0 2 0 0 0 2 0 6 0 4 0 2 0 0 0 5 0 7 0 5 1 0 0 1 0 6 0 1 0 5 0 0 0 5 0 6 0 6 1 0 0 0 0 2 0 2 0 7 0 7 0 7 0 1 0 2 0 2 1 0 0 1 0 5 0 3 0 4 0 7 0 4 0 0 0 0 1 0 0 1 0 5 0 7 0 2 0 7 0 6 0 2 0 0 0 5 0 1 1 0 0 2 0 2 0 6 0 7 0 0 0 2 0 3 0 3 0 0 0 5 1 0 0 2 0 4 0 2 0 1 0 3 0 5 0 5 0 6 1 0 0 0 1 0 0 6 1 0 0 2 0 5 0 6 0 0 0 7 0 4 0 3 0 1 0 5 0 6 1 0 0 3 0 1 0 5 0 3 0 0 0 0 0 4 0 0 0 1 0 7 0 6 0 7 0 0 0 3 0 5 1 0 0 6 0 6 0 2 0 3 1 0 0 2 0 3 0 2 0 6 0 5 0 0 0 4 0 5 0 6 1 0 0 6 0 2 1 0 0 3 0 5 1 0 1 0 0 4 0 4 0 4 0 7 0 5 0 0
0 619 1 0 1 0 6 0 3 0 5 0 7 0 3 0 7 0 7 0 3 0 6 0 4 0 1 0 2 0 4 0 2 0 4 0 6 0 7 0 0 0 0 0 5 0 7 0 6 0 4 0 2 0 2 0 0 0 1 1 0 0 7 0 2 1 0 0 3 1 0 0 1 0 3 0 4 0 2 1 0 0 7 0 1 0 0 0 3 0 5 0 1 0 1 0 0 1 0 1 0 0 7 0 0 0 2 0 5 0 5 0 4 0 1 0 1 0 4 0 4 0 4 1 0 0 0 0 7 0 3 1 0 0 2 0 1 0 4 0 2 0 3 0 3 1 0 0 7 0 0 0 7 0 6 0 1 0 2 0 6 0 4 0 1 0 2 0 7 0 4 0 4 0 3 0 2 0 0 0 6 0 4 0 4 0 5 0 7 0 0 0 5 0 3 0 0 0 4 1 0 1 0 0 5 0 4 0 4 1 0 1 0 1 0 0 1 1 0 0 4 0 1 0 5 0 4 0 4 0 3 0 1 0 6 0 6 0 2 0 2 0 0 0 0 0 4 0 7 0 0 0 5 0 7 0 1 0 7 0 4 0 5 0 1 0 5 0 0 0 5 0 5 0 4 0 4 0 1 0 3 0 5 0 6 1 0 0 3 0 7 0 1 0 5 0 1 0 0 0 3 0 5 0 4 0 6 1 0 0 5 0 5 0 5 0 3 0 0 0 6 0 4 0 3 0 2 0 3 0 5 0 2 0 7 0 3 0 7 0 4 0 6 0 7 0 0 0 1 0 0 0 7 0 5 1 0 1 0 0 5 0 2 0 5 0 0 0 5 0 4 0 0 0 5 0 1 0 2 0 7 0 3 1 0 0 3 0 3 0 4 0 1 0 2 0 2 0 5 0 5 1 0 0 0 0 4 0 5 0 6 0 7 0 6 0 3 0 4 0 5 0 7 0 2 0 1 1 0 0 1 0 7 0 0 0 1 0 1 0 7 0 2 0 2 0 6 0 6 0 6 0 4 0 5 0 1 0 1 0 4 0 7 0 3 0 5 0 4 0 6 0 1 0 4 0 6 0 6 0 1 0 2 1 0 0 4 1 0 0 5 0 2 0 7 0 2 0 3 0 5 1 0 0 1 1 0 0 4 1 0 0 5 0 2 0 4 0 2 0 6 0 0 0 7 0 3 0 2 0 5 1 0 0 6 0 3 0 1 0 7 0 0 0 0 1 0 0 1 0 3 0 6 0 5 0 6 0 1 0 7 0 3 0 0 0 4 0 4 0 5 0 7 0 7 0 3 0 6 0 5 0 4 0 2 0 2 0 0 0 3 0 6 0 0 0 3 0 6 0 7 0 6 0 3 0 0 1 0 0 0 0 1 0 1 0 7 0 2 0 1
0 619 2 0 3 0 3 1 0 0 3 0 6 1 0 0 7 0 6 1 0 0 5 0 0 0 3 0 4 1 0 0 6 0 0 0 5 0 6 0 1 0 1 0 2 0 7 0 5 0 0 0 5 0 4 0 0 0 3 1 0 0 5 0 6 0 7 0 6 0 7 0 1 0 6 1 0 0 6 1 0 0 5 0 3 0 0 0 7 0 1 0 3 0 2 0 1 1 0 1 0 0 5 0 1 0 5 0 2 0 3 0 0 0 3 0 3 0 0 0 1 0 1 1 0 0 1 0 5 1 0 1 0 0 4 0 2 1 0 0 5 0 6 1 0 0 0 0 5 0 2 0 6 0 4 0 3 0 5 0 4 0 0 0 3 0 5 0 6 0 1 0 0 0 7 0 4 0 1 0 4 0 1 0 1 0 3 0 6 0 2 0 1 0 7 0 1 0 1 0 0 1 0 0 2 0 1 0 2 0 0 1 0 0 7 0 2 0 7 0 7 0 3 0 2 0 1 0 0 0 7 0 3 0 4 0 4 0 5 0 4 0 0 0 1 0 0 0 6 0 2 0 2 0 6 0 4 0 6 0 1 0 2 0 4 0 1 0 2 0 2 0 3 0 1 0 0 0 3 0 7 0 2 0 5 1 0 0 7 0 5 0 4 0 1 0 3 0 0 0 7 0 2 0 1 0 6 0 0 0 2 0 3 0 2 0 7 0 1 0 4 0 0 0 7 0 4 0 7 0 1 0 6 0 5 1 0 0 7 0 1 0 5 0 6 0 1 0 2 0 1 0 6 0 4 0 0 1 0 0 1 0 6 0 1 0 2 0 2 0 0 0 2 0 1 0 3 0 5 0 5 1 0 1 0 0 6 0 6 1 0 0 3 0 4 0 5 0 2 0 3 1 0 0 1 0 0 0 3 0 5 0 7 0 4 1 0 0 1 0 3 0 6 0 5 0 3 0 7 0 2 0 5 0 1 0 2 0 3 0 5 0 5 0 5 0 4 0 5 0 5 0 1 0 2 0 3 0 3 0 0 0 6 1 0 0 3 0 1 0 4 0 4 0 0 0 5 0 4 0 3 0 5 1 0 0 1 0 0 0 1 0 6 0 5 0 5 0 7 0 2 1 0 0 3 1 0 0 1 0 0 0 1 0 5 1 0 0 6 0 3 0 2 0 5 0 7 0 5 0 3 0 0 0 3 0 7 0 3 0 5 0 1 0 1 0 7 0 1 0 7 0 4 0 3 0 4 0 4 0 5 0 7 0 1 0 0 0 1 0 3 0 7 0 6 1 0 0 5 0 3 0 0 0 5 0 4 0 0 0 7 0 3 0 1 0 7 0 4 0 7 0 4 0 7 0 1 0 6 1 0 0 2 0 3 0 5 0 5 0 2
1 619 4 0 6 0 7 0 7 0 6 0 5 0 0 0 6 0 6 0 0 0 1 0 1 0 7 0 1 0 0 0 3 0 2 0 2 0 4 0 3 0 2 0 5 0 6 0 2 0 2 0 2 0 0 0 1 1 0 0 0 0 2 0 5 0 7 0 5 0 6 0 4 0 5 0 0 0 5 0 0 0 1 0 7 0 1 0 5 0 3 0 6 0 4 0 3 1 0 1 0 0 1 0 4 0 1 0 5 0 6 0 0 0 6 0 6 0 0 0 2 0 3 0 7 0 2 0 3 0 0 0 7 0 7 0 5 1 0 0 2 0 5 1 0 0 1 0 1 0 6 0 4 0 0 1 0 0 3 0 0 0 1 0 7 0 2 0 4 0 3 0 1 0 6 0 0 0 3 1 0 0 3 0 2 0 7 0 3 0 5 0 3 0 5 0 3 0 2 0 1 0 7 0 3 0 2 0 4 0 1 1 0 0 5 0 6 0 6 0 6 0 7 0 4 0 2 0 1 0 5 1 0 0 1 0 1 0 3 0 0 0 1 0 2 0 1 0 3 0 5 0 5 0 4 0 1 0 4 0 3 0 4 1 0 0 3 0 4 0 4 0 6 0 2 0 0 0 7 0 5 0 6 0 3 0 0 0 6 0 3 0 0 0 3 0 6 0 1 0 5 0 5 0 3 0 3 0 1 0 4 0 6 0 5 0 5 0 3 1 0 0 2 0 6 0 1 0 6 0 4 0 4 0 4 0 0 0 5 0 4 0 2 0 4 0 3 0 4 0 3 0 4 0 0 0 2 0 7 0 2 0 3 0 3 0 4 0 4 0 0 0 4 0 2 0 7 0 2 0 4 0 0 1 0 0 4 0 5 1 0 0 7 0 0 0 2 0 5 0 7 0 7 0 1 0 0 0 7 0 2 0 7 0 1 1 0 0 2 0 7 0 4 0 2 1 0 0 6 0 6 0 1 0 3 0 4 0 7 0 2 0 3 0 3 0 1 0 3 0 2 0 3 0 4 0 6 0 6 0 1 0 4 1 0 0 6 0 3 0 0 0 0 0 2 0 2 0 0 1 0 0 3 1 0 0 2 0 0 0 3 0 4 0 3 0 3 0 6 0 6 0 7 0 6 0 7 0 1 0 0 0 3 0 3 0 0 0 3 0 7 0 5 0 2 0 7 0 2 0 7 0 0 0 7 0 5 1 0 0 2 0 3 0 3 0 5 0 4 0 6 0 0 1 0 0 1 0 1 0 3 0 6 0 3 0 0 0 2 0 7 0 6 0 6 0 0 0 1 0 7 0 1 0 2 0 0 0 2 0 5 0 7 0 3 0 6 0 1 0 7 0 1 0 6 0 4 0 4 1 0 0 4 0 7 0 2 0 2 0 5
0 621 1 0 0 0 5 0 7 0 7 0 5 0 2 0 2 0 4 0 4 0 1 0 2 0 3 0 5 0 3 0 0 0 6 0 4 0 4 1 0 0 7 0 5 0 2 0 4 0 5 0 4 0 4 0 0 0 3 0 6 1 0 0 5 0 2 0 7 0 3 0 5 0 1 0 2 0 2 0 1 0 1 0 3 0 5 0 4 0 1 1 0 0 5 0 1 0 0 0 0 0 7 0 1 1 0 0 4 0 2 0 4 0 2 0 4 0 4 0 1 0 4 0 7 0 5 0 5 0 6 0 1 0 6 0 7 0 3 1 0 0 5 0 2 1 0 0 2 0 3 0 4 0 0 0 2 0 7 0 5 0 0 0 3 0 5 0 5 1 0 0 7 0 3 0 3 0 1 0 7 0 7 0 5 0 5 0 5 1 0 0 2 1 0 0 2 0 7 0 4 0 3 0 5 0 7 0 4 1 0 0 4 1 0 0 2 0 5 0 5 0 5 0 7 0 0 0 5 0 3 0 2 1 0 0 2 0 2 0 6 0 0 0 2 0 4 0 2 0 7 0 2 0 3 0 0 0 3 1 0 1 0 0 1 1 0 0 7 0 0 0 1 0 4 0 5 0 1 0 6 0 3 0 4 0 7 0 1 0 3 0 7 0 0 0 7 0 3 0 4 0 2 0 2 0 7 0 6 0 3 0 0 0 5 0 3 0 2 1 0 1 0 0 5 0 3 0 4 0 4 0 1 0 1 0 0 0 2 0 2 0 0 0 5 1 0 1 0 0 0 1 0 0 0 0 1 0 5 0 5 0 5 0 6 0 7 0 0 0 0 0 1 1 0 0 6 0 5 0 5 1 0 0 2 1 0 0 0 0 4 0 0 0 5 0 1 0 5 0 2 0 7 0 6 0 3 0 1 0 5 0 6 0 5 0 4 0 7 0 4 0 6 0 0 0 6 1 0 0 4 0 4 0 3 0 7 0 0 0 6 0 5 0 6 0 6 0 2 0 6 0 4 0 7 0 0 0 5 0 4 0 4 0 1 0 0 0 3 0 7 0 0 0 0 0 4 0 4 0 1 0 7 0 6 0 7 0 3 0 0 0 6 1 0 0 7 0 7 0 4 0 5 0 7 0 5 0 6 0 3 0 0 0 6 0 6 0 0 0 7 0 6 0 2 0 6 0 5 0 6 0 5 0 2 0 6 0 3 1 0 0 4 0 6 0 7 0 2 0 1 0 4 0 2 0 7 0 1 0 2 0 7 0 3 0 7 0 0 0 5 0 6 0 5 0 4 0 1 0 3 0 5 0 3 0 4 0 0 0 5 0 2 0 6 1 0 0 4 0 4 0 5 0 4 0 4 0 1 0 2 0 0 0 0 0 6 0 5 0 5 0 2
1 621 2 0 1 0 2 0 7 0 7 0 2 0 5 0 5 0 0 0 0 0 3 0 4 0 7 0 1 0 7 0 1 0 4 0 1 0 2 0 0 0 6 0 2 0 6 0 0 0 3 0 1 0 0 0 1 0 7 0 5 0 0 0 1 0 6 0 5 1 0 0 2 0 3 0 4 0 4 0 2 0 2 0 7 0 2 0 0 0 4 1 0 0 1 0 3 0 0 0 1 0 5 0 4 0 7 0 7 0 4 1 0 0 6 0 0 0 0 0 4 0 0 0 7 0 3 0 3 0 4 0 4 0 4 0 7 0 0 0 0 0 1 0 6 0 7 0 3 0 6 1 0 0 1 0 5 0 6 0 2 0 1 0 7 0 2 0 4 0 0 0 5 0 7 0 6 0 3 0 6 0 7 0 3 0 3 0 3 1 0 0 5 0 7 0 4 0 6 0 0 1 0 0 3 0 7 0 2 0 0 0 0 1 0 0 5 0 2 0 3 0 3 0 6 0 2 0 1 0 7 0 5 0 7 0 3 0 5 0 3 0 1 0 4 1 0 0 6 0 5 0 5 0 6 0 0 1 0 0 0 0 7 0 2 1 0 0 5 0 1 0 3 0 0 0 2 0 4 0 3 1 0 0 1 0 6 0 3 0 7 0 5 0 2 0 5 1 0 0 0 0 5 0 5 0 6 0 4 0 7 0 1 0 1 0 7 0 5 1 0 1 0 0 1 1 0 0 1 0 0 0 3 0 2 0 0 0 4 0 4 0 1 0 3 0 0 0 7 0 0 0 6 1 0 0 3 0 2 0 3 0 3 0 5 0 6 0 1 0 0 0 3 1 0 0 4 0 3 0 3 1 0 0 5 0 6 1 0 1 0 0 2 0 1 0 4 0 1 0 6 0 6 0 4 0 7 0 3 0 2 0 5 0 3 0 1 0 7 0 1 0 4 0 2 0 5 0 0 0 0 0 0 1 0 0 6 0 2 0 4 0 3 0 5 0 4 0 6 0 4 0 1 0 6 0 2 0 2 0 1 0 0 0 3 0 0 0 7 0 5 0 1 0 1 0 0 0 0 0 4 0 6 0 5 0 6 0 7 0 1 0 5 0 0 0 6 0 7 0 1 0 3 0 7 0 3 0 4 0 7 0 1 0 4 0 4 0 2 0 6 0 4 0 6 0 4 0 3 0 5 0 2 0 6 0 4 0 0 0 0 0 0 0 5 0 6 0 5 0 2 1 0 0 6 0 5 0 3 0 5 0 5 1 0 0 6 0 2 0 2 0 5 0 3 0 0 0 3 0 7 0 1 1 0 0 0 0 2 0 1 0 6 0 5 0 0 0 0 0 1 0 3 0 1 0 0 0 3 0 4 0 0 0 1 0 4 0 3 0 2 0 5
0 621 4 0 2 0 5 0 6 0 6 0 6 0 2 0 2 0 1 0 0 0 7 0 0 0 6 0 4 0 5 0 3 1 0 0 3 0 4 0 1 0 3 0 6 0 3 0 1 0 6 0 2 0 0 0 3 0 6 0 2 0 1 0 3 0 4 0 3 1 0 0 4 0 7 0 0 0 0 0 5 0 5 0 5 0 5 0 1 0 0 1 0 0 2 0 6 0 0 0 3 0 2 0 1 0 7 0 7 0 2 0 0 0 3 0 1 0 0 1 0 0 2 0 5 0 7 0 7 0 0 0 1 0 1 0 6 0 1 0 0 0 3 0 4 0 6 1 0 0 5 1 0 0 3 0 2 0 4 0 5 0 3 0 5 0 5 1 0 0 2 0 2 0 7 0 4 1 0 0 5 0 6 0 7 0 6 1 0 0 0 0 2 0 7 0 1 0 4 0 2 0 7 0 6 0 5 0 5 0 0 0 1 1 0 0 1 0 5 0 6 0 7 0 3 0 5 0 3 0 6 0 3 0 6 1 0 0 2 0 7 0 3 0 1 0 0 0 4 0 3 0 3 0 4 0 2 0 7 0 0 0 5 0 6 1 0 0 1 0 3 0 6 0 0 0 4 1 0 1 0 1 0 0 3 0 3 1 0 0 7 0 2 0 6 0 2 1 0 0 1 0 2 0 3 0 5 0 1 0 6 0 3 0 3 0 6 0 4 0 0 0 7 0 2 0 7 0 1 0 0 0 6 0 4 0 1 0 0 0 0 0 3 0 6 0 1 0 5 0 2 0 4 1 0 0 6 0 4 0 6 0 7 0 2 0 4 0 3 0 0 0 7 0 7 0 7 0 6 1 0 0 0 0 2 0 6 0 0 0 7 0 3 0 2 1 0 0 4 0 4 0 5 0 1 0 6 0 7 0 5 0 1 0 7 0 3 0 5 0 3 1 0 0 6 0 1 0 1 0 0 0 1 1 0 0 3 0 5 1 0 1 0 0 3 0 1 0 5 0 0 0 4 0 3 0 5 0 4 0 2 0 0 0 6 0 1 0 6 0 2 0 3 0 2 0 0 0 1 0 0 0 5 0 3 0 5 0 6 0 4 0 1 0 2 0 4 0 6 0 3 0 7 0 5 1 0 0 1 0 6 0 4 0 0 0 0 0 6 0 4 0 1 0 5 0 0 1 0 0 2 0 6 0 4 0 0 0 1 0 0 0 1 0 2 0 5 0 2 0 6 1 0 0 4 0 2 1 0 0 3 0 4 0 0 0 3 0 5 0 5 0 1 0 7 0 0 0 7 0 5 0 4 0 6 1 0 0 4 0 3 0 4 0 2 0 1 0 0 0 2 0 6 0 2 0 0 0 6 1 0 0 1 0 2 1 0 0 7 0 5 0 2
1 622 1 0 0 6 0 2 0 5 0 5 0 4 0 5 0 4 0 2 0 1 0 5 0 2 0 4 0 1 0 2 1 0 1 0 0 6 1 0 0 3 0 7 0 3 0 7 0 3 0 3 0 5 0 0 0 7 0 3 0 5 0 2 0 7 0 0 0 0 0 0 0 0 0 6 0 1 0 1 0 2 0 3 0 3 0 2 0 3 0 1 0 7 0 4 0 3 0 1 0 6 0 4 0 3 0 6 0 6 0 5 0 0 0 6 0 2 0 1 0 7 0 4 0 2 0 7 0 6 0 1 0 2 0 3 0 3 0 3 0 0 0 7 0 0 0 6 0 0 0 2 1 0 0 6 0 5 0 0 0 2 1 0 0 3 0 3 1 0 0 4 0 5 0 6 0 2 0 0 0 2 0 5 0 7 0 5 1 0 0 0 0 5 0 5 0 3 1 0 0 6 0 6 0 5 0 3 0 2 0 1 0 3 0 7 0 2 0 2 0 5 0 6 1 0 0 2 1 0 0 4 1 0 0 5 1 0 0 5 0 5 0 7 0 2 0 0 1 0 0 7 0 6 1 0 0 6 0 5 0 2 0 2 0 5 1 0 0 2 0 7 0 3 0 2 0 1 0 0 1 0 0 7 0 5 1 0 0 0 0 5 0 6 0 3 0 6 0 7 0 1 0 4 0 7 0 1 0 4 0 3 0 7 0 7 0 4 0 0 0 2 0 5 0 6 0 5 0 3 0 1 0 4 0 0 0 3 0 0 0 0 0 7 0 3 0 4 0 1 0 6 0 1 0 0 0 4 0 1 0 5 0 6 0 5 1 0 0 7 0 1 0 6 0 7 0 7 0 5 1 0 0 0 0 5 0 3 0 2 0 5 0 7 0 5 1 0 0 0 0 1 0 2 0 4 0 4 0 7 0 2 0 4 0 5 1 0 0 3 0 0 0 0 0 3 0 3 0 2 0 0 0 3 0 7 0 6 0 3 0 0 0 7 0 5 0 3 0 1 0 1 1 0 1 0 0 3 0 0 0 5 0 1 0 3 0 4 0 3 0 5 0 6 0 4 0 0 0 2 0 1 0 1 1 0 0 3 0 5 0 0 0 3 0 5 0 0 0 4 1 0 0 7 0 3 1 0 0 3 0 4 0 0 0 1 0 1 0 4 0 0 0 4 0 1 0 2 0 7 0 4 0 4 0 0 0 1 0 2 0 0 0 2 0 5 0 1 0 6 0 4 1 0 1 0 0 6 0 7 0 5 1 0 0 1 0 7 0 2 0 2 0 4 0 5 0 2 0 6 0 3 0 1 0 5 1 0 1 0 1 0 0 0 0 5 0 2 0 0 0 5 0 3 0 5 0 1 0 4 1 0 0 2 0 5 1 0 0 6 0 2 0 5
0 623 1 1 0 0 3 0 6 0 2 0 3 0 1 0 3 0 0 0 5 0 3 0 1 0 5 1 0 0 3 0 5 1 0 1 0 0 4 1 0 0 7 0 5 1 0 0 6 0 7 0 7 0 1 0 2 0 5 1 0 0 2 0 6 0 5 0 1 0 0 0 0 0 1 0 3 0 3 0 2 0 4 0 6 0 6 0 4 0 6 0 3 0 6 0 0 0 7 0 3 0 4 0 0 1 0 0 5 0 5 0 2 0 2 0 3 0 5 0 3 0 6 0 0 0 6 0 6 0 4 0 3 0 4 0 6 0 6 0 6 0 1 0 5 0 2 0 3 0 1 0 5 1 0 0 4 0 2 0 1 0 5 0 7 0 5 1 0 0 0 0 0 0 3 0 4 0 5 0 0 0 5 0 2 0 7 0 3 1 0 0 1 0 2 0 3 0 0 0 0 0 4 0 5 0 2 0 7 0 4 0 2 0 7 0 5 0 5 0 5 0 2 0 5 1 0 0 5 1 0 0 1 0 0 0 3 0 0 0 2 0 3 0 6 0 5 0 1 1 0 0 6 0 6 0 0 0 4 0 2 0 5 0 5 0 2 1 0 0 5 0 5 0 7 0 4 0 2 0 1 1 0 0 6 0 3 1 0 0 1 0 2 0 4 1 0 0 5 0 6 0 4 0 0 0 6 0 3 1 0 1 0 0 7 0 7 0 0 0 1 0 5 0 2 0 5 0 2 0 7 0 2 1 0 0 1 0 6 0 0 0 1 0 5 1 0 0 0 0 4 0 3 0 3 0 0 1 0 0 4 0 2 0 5 0 4 0 0 0 5 0 4 0 4 0 7 0 7 0 3 1 0 0 1 0 1 0 7 0 5 0 2 0 7 0 3 1 0 0 0 0 2 0 5 0 0 0 1 0 6 0 6 0 0 0 3 1 0 0 6 0 0 0 0 0 6 0 6 0 4 0 0 0 7 0 6 0 4 0 7 0 1 0 6 0 2 0 7 0 2 0 3 1 0 0 7 0 5 0 1 0 1 0 3 0 6 1 0 1 0 0 3 0 5 0 0 0 1 0 4 0 2 0 3 0 7 0 6 0 1 0 1 0 7 0 1 0 2 0 1 0 0 0 5 1 0 1 0 0 6 1 0 0 1 0 2 0 2 1 0 0 1 1 0 0 3 0 5 0 6 0 1 0 0 0 1 0 2 0 4 0 0 0 5 0 1 0 4 0 4 0 2 0 0 1 0 0 4 0 7 0 3 1 0 0 3 0 5 0 5 0 5 0 0 0 2 0 6 0 3 0 7 0 3 0 3 0 0 1 0 0 7 0 0 0 1 0 5 0 1 0 1 1 0 0 2 0 4 0 0 1 0 0 5 0 3 0 0 0 3 0 6 0 2
1 623 3 0 7 0 6 0 3 0 5 0 6 0 2 0 6 0 1 0 1 0 7 0 3 0 2 1 0 0 7 0 3 0 0 1 0 0 1 0 0 0 6 0 4 0 0 0 4 0 7 0 6 0 3 0 5 0 2 1 0 0 5 0 4 0 2 0 3 0 0 0 0 0 2 0 6 0 6 0 5 0 0 0 5 0 5 0 1 0 4 1 0 0 4 0 2 0 5 1 0 0 0 0 2 1 0 0 2 0 2 0 5 0 4 0 7 0 1 1 0 0 4 0 2 0 4 0 5 0 0 1 0 0 1 0 5 0 5 0 4 0 4 0 1 0 5 0 6 0 3 0 2 1 0 1 0 0 5 0 3 0 2 0 7 0 3 1 0 0 0 0 0 0 7 0 0 0 2 0 2 0 1 0 6 0 5 1 0 1 0 0 2 0 4 0 6 0 0 0 1 0 0 0 2 0 6 0 6 0 0 0 6 0 6 0 3 0 3 0 2 0 6 0 3 0 0 0 2 1 0 0 2 0 0 0 6 0 0 0 4 0 7 0 4 0 2 0 4 1 0 0 4 0 4 0 1 1 0 0 6 0 2 0 2 0 6 1 0 0 2 0 3 0 7 0 0 0 5 0 3 1 0 0 3 1 0 1 0 0 2 0 5 0 1 0 0 0 2 0 5 0 0 0 2 0 4 0 0 0 0 1 0 0 6 0 6 0 1 0 3 0 1 0 6 0 1 0 6 0 5 0 6 0 7 0 2 0 3 0 1 0 3 0 2 1 0 0 0 1 0 0 7 0 6 0 1 0 7 0 7 0 5 0 2 0 0 0 2 0 2 0 1 0 1 0 7 0 6 1 0 1 0 0 2 0 3 0 6 0 2 0 6 0 5 1 0 1 0 0 0 0 5 0 1 0 1 0 3 0 4 0 4 0 1 1 0 0 0 0 3 0 1 0 1 0 4 0 5 0 0 0 2 0 6 0 5 0 1 0 6 0 4 0 3 0 6 0 5 0 5 1 0 0 0 0 6 0 2 0 3 0 2 0 7 0 5 0 0 0 7 0 6 0 1 0 1 0 2 1 0 0 5 0 7 0 6 0 4 0 3 0 3 0 5 0 3 0 4 0 2 0 1 0 3 0 0 1 0 0 4 1 0 0 2 0 4 0 5 0 7 0 2 0 7 0 6 0 2 0 4 0 3 0 0 0 2 0 4 1 0 0 2 0 1 0 4 0 0 0 0 0 5 0 1 1 0 0 0 0 6 1 0 1 0 0 7 0 2 0 3 0 2 0 1 0 5 0 3 1 0 0 6 0 7 0 6 0 1 1 0 0 5 0 1 0 3 0 1 0 3 0 3 0 7 0 3 1 0 0 2 1 0 0 1 0 7 0 0 0 7 0 3 0 5
0 623 7 0 6 0 4 1 0 0 3 0 4 0 6 0 3 0 3 0 3 0 5 0 7 0 5 1 0 0 5 0 7 0 1 0 7 0 1 0 1 0 4 0 0 0 2 0 0 0 7 0 4 1 0 0 2 0 6 1 0 0 2 0 0 0 5 0 6 0 0 0 0 0 5 0 4 0 5 0 2 0 2 0 2 0 2 0 4 0 0 1 0 1 0 0 6 0 2 1 0 0 0 0 5 0 7 0 3 0 5 0 2 0 1 0 6 0 4 0 7 0 7 0 5 0 0 0 2 0 2 0 7 0 2 0 2 0 3 0 1 0 0 0 4 0 2 0 4 0 7 0 5 1 0 1 0 0 1 0 7 0 5 0 5 1 0 1 0 0 0 0 1 0 5 0 1 0 4 0 4 0 3 0 4 0 4 0 0 0 7 0 4 0 0 0 4 0 1 0 2 0 0 0 5 0 4 0 4 0 2 0 4 0 4 0 7 0 6 0 5 0 3 0 7 0 0 0 5 0 7 0 3 0 1 0 3 0 2 0 0 0 7 0 0 0 6 0 1 0 0 0 0 0 0 0 4 1 0 0 3 0 5 0 5 0 4 1 0 0 4 0 7 0 5 0 2 0 1 1 0 1 0 1 0 0 0 0 7 0 4 0 1 0 3 0 0 0 5 0 1 0 1 0 4 1 0 0 1 0 1 1 0 0 4 0 4 0 3 0 6 0 3 0 3 0 4 0 4 0 3 0 5 0 6 0 5 0 6 0 2 0 6 0 5 0 7 0 0 1 0 0 6 0 4 0 4 0 6 0 7 0 2 0 5 0 0 0 4 0 4 0 2 0 3 0 6 0 6 0 0 0 7 0 3 0 7 0 3 0 6 0 4 0 4 0 0 0 7 0 0 0 1 0 3 0 2 0 7 0 0 0 0 0 4 0 6 1 0 0 6 0 2 0 3 0 0 0 2 0 1 0 5 0 4 0 2 0 4 0 4 0 0 1 0 0 5 0 3 0 3 1 0 0 1 0 3 0 5 0 6 0 5 0 6 0 2 0 2 0 6 0 4 0 3 0 2 0 5 1 0 0 2 0 7 0 5 0 0 0 7 0 7 0 1 1 0 0 0 0 5 0 2 0 6 0 1 1 0 0 0 1 0 0 5 0 0 0 3 0 6 0 6 0 6 0 4 0 5 1 0 0 7 0 0 0 5 0 0 1 0 0 4 0 2 1 0 0 1 0 1 0 1 0 4 0 7 0 0 0 5 0 0 1 0 0 5 0 5 0 6 0 4 0 3 0 2 0 0 0 0 0 4 0 7 0 4 0 4 1 0 0 1 0 3 0 6 0 2 0 6 0 7 0 5 1 0 1 0 0 5 0 7 0 2 0 5 0 2 0 5 1 0 0 3
1 625 1 0 6 0 5 0 1 1 0 0 7 0 0 0 4 0 7 0 6 0 7 0 2 0 7 0 4 0 0 0 2 0 6 0 4 0 5 0 3 0 2 1 0 0 1 0 4 0 1 0 6 0 1 1 0 0 5 0 4 1 0 0 4 0 1 0 2 0 4 0 1 0 1 0 2 0 1 0 2 0 5 0 4 0 4 0 4 1 0 0 2 1 0 1 0 0 3 0 6 0 7 0 0 0 2 0 6 1 0 0 2 0 5 0 3 0 4 0 1 0 7 0 7 0 2 0 1 0 4 0 5 0 5 0 5 0 4 0 6 0 2 0 0 1 0 0 6 0 0 0 7 0 4 0 0 0 7 0 2 0 6 0 3 0 4 0 0 0 6 1 0 0 3 0 1 0 4 0 0 0 0 1 0 0 1 0 0 0 2 0 6 0 0 0 1 1 0 0 3 0 4 0 1 0 2 0 1 0 0 0 6 0 0 0 1 0 7 0 5 0 2 1 0 0 6 0 2 0 2 0 6 0 7 0 2 0 6 0 4 0 1 0 5 0 2 0 3 0 3 0 0 0 0 0 1 0 0 1 0 0 7 0 2 0 3 0 2 0 0 0 0 0 7 0 2 0 5 0 3 1 0 1 0 0 7 0 0 0 6 0 0 0 3 0 6 0 1 0 1 0 3 0 3 0 0 1 0 0 2 0 3 1 0 0 0 0 0 1 0 0 4 0 7 0 7 0 0 0 0 1 0 0 3 0 5 0 3 0 4 0 6 0 4 0 3 0 6 0 2 1 0 0 4 0 1 0 1 0 5 0 6 0 6 0 1 0 2 0 0 0 0 0 5 0 7 0 4 0 4 0 2 0 5 1 0 0 6 1 0 0 5 0 1 0 0 0 2 0 5 0 1 0 2 0 6 0 5 0 5 0 1 0 1 0 0 0 6 0 0 0 3 0 5 0 6 0 0 0 4 0 3 0 2 0 0 0 6 0 0 0 0 0 2 1 0 0 1 0 7 0 7 0 7 0 1 0 7 0 2 0 5 0 3 0 4 0 5 0 5 0 4 0 0 0 7 0 5 0 2 1 0 0 5 0 6 0 2 0 2 0 6 0 6 0 4 0 7 0 0 0 1 0 6 0 3 0 4 0 7 0 0 1 0 0 1 0 1 0 7 0 4 0 5 0 5 0 1 0 4 0 0 0 5 0 2 0 1 0 2 0 7 0 7 0 5 0 7 0 1 0 2 0 3 0 0 0 6 0 2 0 1 0 2 1 0 0 2 0 3 0 5 0 0 0 7 0 4 0 0 0 1 0 0 0 7 0 1 0 1 1 0 0 2 0 7 0 3 0 6 0 4 0 7 0 4 0 0 1 0 0 2 0 6 0 6 0 1 0 6 0 2 1 0 0 6
1 625 3 0 4 0 2 0 4 1 0 0 5 0 2 0 0 0 7 0 5 0 6 0 6 0 6 0 0 0 1 0 5 0 4 0 1 0 2 0 7 0 5 0 7 0 1 1 0 0 4 0 3 0 4 1 0 0 2 0 1 1 0 1 0 0 3 0 4 1 0 0 3 0 2 0 4 0 2 0 5 0 2 0 1 0 1 0 1 1 0 0 5 1 0 0 7 0 6 0 4 0 6 0 1 0 5 0 4 1 0 0 5 0 1 1 0 0 0 0 4 0 6 0 6 0 5 0 3 0 0 0 3 0 3 0 3 0 1 0 4 0 5 0 1 1 0 0 3 0 2 0 6 0 0 0 2 0 5 0 6 0 3 1 0 0 0 0 2 0 4 1 0 0 6 0 2 1 0 0 1 0 1 0 7 0 1 0 0 0 5 0 3 0 1 0 3 0 7 0 5 1 0 0 3 0 4 0 2 0 1 0 3 0 1 0 3 0 6 0 2 0 6 1 0 0 3 0 5 0 5 0 4 0 6 0 6 0 4 0 0 0 4 0 1 0 5 0 6 0 6 0 0 0 0 0 2 0 1 1 0 0 5 0 5 0 6 0 4 0 0 0 1 0 5 0 6 0 2 0 0 0 0 1 0 0 5 0 2 0 3 0 1 0 7 0 3 0 3 0 2 0 6 0 6 0 1 0 7 0 3 0 7 0 6 1 0 0 1 1 0 0 0 0 7 0 6 0 1 0 1 0 7 0 6 0 1 1 0 0 1 0 5 0 0 1 0 0 4 0 6 0 7 0 7 0 2 0 3 0 2 0 5 0 4 0 3 0 4 0 0 0 1 0 2 0 7 0 1 0 0 0 6 0 3 0 0 0 5 0 0 0 1 0 3 0 0 0 5 0 1 0 3 0 5 0 4 0 3 0 2 0 3 0 2 0 1 0 3 0 1 0 7 0 2 0 4 0 1 1 0 0 7 0 4 0 1 0 3 0 1 0 0 0 5 0 7 0 2 0 6 0 7 0 6 0 4 0 5 0 6 0 1 1 0 0 1 0 3 0 3 0 0 0 2 0 6 0 2 0 6 1 0 0 2 0 4 0 5 0 5 0 4 0 5 0 1 0 6 0 1 0 3 0 3 1 0 0 1 0 6 0 2 0 7 0 1 0 3 0 6 0 1 0 3 0 2 0 3 1 0 0 2 0 1 0 5 0 2 0 5 0 6 0 7 0 3 0 6 0 3 0 4 0 6 0 1 0 3 0 5 0 2 0 5 0 7 0 3 0 7 0 1 0 2 0 6 0 0 0 1 0 2 0 1 0 5 0 3 0 3 0 7 0 4 0 5 1 0 0 5 0 1 0 7 0 0 0 2 0 7 0 4 0 4 0 4 0 4 0 3 0 6 1 0 0 4
0 625 6 1 0 0 6 0 1 0 0 0 1 0 5 0 1 0 6 0 3 0 5 0 5 0 4 0 1 0 3 0 2 0 0 0 3 0 5 0 6 0 3 0 6 0 4 0 7 0 7 0 7 0 0 1 0 0 4 0 3 1 0 0 7 0 6 0 0 1 0 0 6 0 4 1 0 0 6 0 1 0 5 0 2 0 2 0 3 1 0 0 3 0 0 0 6 0 5 0 1 0 4 0 4 0 2 0 2 0 0 0 1 0 4 0 7 0 0 0 0 0 5 0 5 0 2 0 7 0 0 0 6 0 6 0 6 0 3 0 0 0 2 0 4 0 7 0 5 0 5 0 3 0 1 0 5 0 2 0 4 1 0 1 0 0 0 0 5 0 1 0 0 0 3 0 6 0 7 0 1 0 3 0 5 0 3 0 1 0 1 0 7 0 2 0 7 0 6 0 3 1 0 0 6 1 0 0 5 0 2 0 6 0 2 0 7 0 3 0 6 0 4 1 0 0 7 0 2 0 3 0 1 0 5 0 5 0 0 0 1 1 0 0 4 0 2 0 5 0 4 0 1 0 0 0 4 0 3 1 0 0 2 0 3 0 5 0 0 0 1 0 3 0 2 0 4 0 5 0 0 0 1 1 0 0 1 0 5 0 6 0 3 0 5 0 7 0 6 0 5 0 4 0 4 0 4 0 5 1 0 0 7 0 5 1 0 0 3 0 7 0 0 0 6 0 4 0 3 0 3 0 6 0 4 0 4 0 7 0 2 0 1 0 2 1 0 0 0 0 5 0 7 0 6 0 5 0 6 0 5 0 2 0 0 1 0 0 0 0 1 0 2 0 5 0 5 0 3 0 1 0 3 0 7 0 1 0 1 0 1 0 2 0 6 0 1 0 1 0 3 0 7 0 2 0 0 0 7 0 4 0 6 0 4 0 2 0 6 0 3 0 5 0 5 1 0 0 4 1 0 0 6 0 0 0 3 0 6 0 2 0 1 0 2 0 6 0 6 0 4 0 7 0 5 0 1 0 3 0 4 0 4 0 7 0 1 0 6 0 6 0 0 0 5 0 3 0 6 0 4 1 0 0 5 0 0 0 3 0 3 0 1 0 2 0 4 0 3 0 3 0 6 0 7 0 7 0 2 0 3 0 6 0 5 0 3 0 7 0 3 0 3 0 6 0 4 0 7 0 7 0 3 0 3 0 1 0 6 0 2 0 5 0 6 1 0 0 4 1 0 0 1 0 4 0 3 0 7 0 1 0 6 0 2 0 6 1 0 0 6 0 3 0 5 0 3 0 1 0 2 0 4 0 3 0 1 0 7 0 7 0 6 0 1 0 4 0 0 0 1 0 4 0 5 0 1 0 5 0 6 0 1 0 1 0 1 0 0 1 0 0 6 0 0 0 0
0 627 1 0 5 0 0 0 3 0 3 0 0 0 3 0 1 0 4 0 3 1 0 0 3 0 3 0 0 0 3 0 6 0 4 0 0 0 7 0 2 0 4 1 0 0 5 0 1 0 7 0 7 0 6 0 2 1 0 0 0 0 0 0 0 0 6 0 4 0 2 1 0 0 4 0 2 0 0 0 3 0 4 0 1 0 5 0 4 0 7 0 7 0 5 0 1 0 4 0 2 0 4 0 0 0 0 0 5 0 4 0 0 0 3 0 0 0 6 0 1 0 1 0 2 0 2 0 6 0 5 0 2 0 4 0 5 0 4 0 7 0 0 0 5 0 0 0 7 0 3 0 2 0 7 0 3 0 1 0 6 0 1 0 0 0 7 0 0 0 1 0 3 0 0 0 7 0 4 0 6 0 3 0 7 0 1 0 7 0 2 0 3 0 5 0 6 0 6 0 5 0 0 0 0 0 5 0 0 0 1 0 6 0 3 0 6 0 5 1 0 0 5 0 2 0 0 0 5 0 5 0 6 0 3 0 2 0 2 0 1 0 3 0 7 0 7 0 5 0 2 0 0 0 3 0 0 1 0 1 0 1 0 0 4 0 7 0 1 0 1 0 2 0 6 0 5 0 0 0 2 0 1 0 3 0 7 0 2 0 2 0 4 1 0 0 3 0 7 0 5 0 3 0 1 0 1 0 1 0 4 0 0 0 6 0 3 1 0 0 7 0 5 0 2 0 4 0 0 0 7 0 7 0 4 0 1 0 1 0 6 0 5 0 2 0 5 0 7 0 0 0 2 0 7 0 5 0 3 0 5 0 2 0 5 0 1 0 6 1 0 0 2 0 5 0 2 0 2 0 7 0 2 0 7 0 5 0 3 0 2 0 2 0 5 0 3 0 3 0 2 0 7 0 5 0 5 0 1 0 6 0 1 0 5 0 0 0 6 0 3 1 0 0 3 0 4 0 0 0 1 0 0 0 3 0 1 0 7 0 3 0 5 0 2 0 5 0 4 0 5 0 1 0 7 0 2 0 3 0 7 0 0 0 1 0 6 0 4 0 4 0 4 0 2 0 1 1 0 0 5 0 2 0 0 0 1 0 1 0 6 0 6 0 2 0 4 1 0 0 7 0 7 0 4 0 7 0 6 0 5 0 7 0 4 0 2 1 0 0 6 0 7 0 7 0 4 0 1 0 7 0 6 0 7 0 6 0 3 0 3 0 6 0 2 0 6 0 0 0 0 1 0 0 2 1 0 1 0 0 6 0 4 0 3 0 6 0 5 0 0 0 3 1 0 0 2 0 7 0 2 0 4 1 0 0 7 0 3 0 6 0 7 0 4 0 3 1 0 0 1 0 3 0 0 0 2 0 4 0 2 0 4 0 3 0 2 0 2 0 1 1 0 0 3 0 1 0 0
0 627 3 0 1 0 1 0 6 0 6 0 0 0 6 0 2 1 0 1 0 1 0 0 6 0 6 0 0 0 7 0 4 0 0 0 2 0 5 0 6 0 1 0 0 0 1 0 4 0 6 0 7 0 4 0 6 0 6 1 0 0 0 0 1 0 4 0 0 0 6 0 7 0 7 0 4 0 0 0 6 1 0 0 4 0 2 0 1 0 7 0 7 0 2 0 3 1 0 0 5 1 0 0 1 0 1 0 2 0 0 0 1 0 6 0 1 0 3 0 3 0 2 0 4 0 5 0 4 0 2 0 6 0 0 0 3 0 1 0 6 0 2 0 1 0 2 0 5 0 7 0 5 0 5 0 7 0 3 0 3 0 3 0 1 0 5 0 1 0 2 0 6 0 1 0 6 0 1 0 4 1 0 0 6 0 4 0 5 0 5 0 7 0 2 0 5 0 5 0 2 0 1 0 1 0 1 0 1 0 3 0 3 1 0 0 5 0 4 0 0 0 1 0 5 0 1 0 2 0 3 0 4 0 7 0 4 0 4 0 2 0 7 0 6 0 7 0 2 0 5 0 0 0 6 0 1 1 0 1 0 1 0 0 0 0 6 0 3 0 2 0 5 0 4 0 2 0 1 0 4 0 2 0 7 0 5 0 5 0 5 0 0 1 0 0 7 0 6 0 2 0 7 0 2 0 2 0 2 1 0 0 2 0 4 0 0 0 0 0 6 0 2 0 5 1 0 0 2 0 6 0 7 0 0 0 3 0 3 0 4 0 2 0 6 0 2 0 6 0 1 0 5 0 6 0 2 1 0 0 2 0 6 0 1 0 4 0 4 1 0 0 5 0 1 0 5 0 5 0 5 0 6 0 6 0 2 0 7 0 4 0 5 0 1 0 7 0 6 0 5 0 6 0 3 0 2 0 4 0 3 0 4 0 1 0 2 0 3 1 0 1 0 0 6 1 0 0 1 0 2 0 0 0 6 0 3 0 5 1 0 0 2 0 6 0 2 0 1 0 2 0 4 0 5 0 5 0 7 0 5 0 1 0 3 0 4 0 1 0 1 0 0 0 5 0 3 1 0 0 1 0 5 0 0 0 2 0 3 0 4 0 4 0 6 0 1 0 0 0 6 0 7 0 1 0 7 0 5 0 3 0 7 0 0 0 6 1 0 0 4 0 7 0 7 0 0 0 4 0 6 0 5 0 7 0 4 0 7 0 7 0 3 0 6 0 3 0 1 0 1 0 7 0 4 1 0 1 0 0 4 0 0 1 0 0 5 0 2 0 1 0 7 0 7 0 4 0 5 0 6 0 1 0 0 0 5 1 0 0 5 0 7 0 0 1 0 1 0 0 2 0 6 0 0 0 4 1 0 0 5 1 0 0 7 0 4 0 4 0 3 0 7 0 5 0 2 0 0
0 627 6 0 2 0 3 0 4 0 4 0 2 0 3 0 6 1 0 1 0 1 0 0 4 0 4 0 2 0 6 0 0 0 1 0 5 0 2 0 4 0 3 0 0 0 3 0 0 0 5 0 7 0 1 0 5 0 5 1 0 0 0 0 2 1 0 0 2 0 4 0 7 0 7 0 0 0 2 0 4 1 0 1 0 0 5 0 3 0 6 0 6 0 5 1 0 0 0 0 2 1 0 0 2 0 2 0 4 0 0 0 3 0 3 0 3 0 6 0 6 0 5 0 0 0 3 0 0 0 6 0 3 0 1 0 6 0 3 0 3 0 5 0 2 0 5 0 2 0 7 0 3 0 3 0 6 0 7 0 6 0 6 0 3 0 1 0 3 0 5 0 3 0 4 0 3 0 4 0 1 0 0 0 4 0 1 0 3 0 3 0 6 0 6 0 2 0 2 0 5 0 2 0 2 0 2 0 2 0 6 1 0 0 0 0 2 0 0 0 1 0 3 0 1 0 3 0 4 0 7 0 0 0 7 0 1 0 0 0 6 0 6 0 5 0 6 0 6 0 1 0 2 0 3 0 4 1 0 1 0 0 7 0 0 0 3 0 7 0 5 0 2 0 0 0 5 0 2 1 0 0 6 0 6 0 3 0 3 0 2 0 2 1 0 0 6 0 4 0 6 0 5 0 5 0 4 0 5 0 7 0 3 1 0 0 1 0 1 0 3 0 6 0 2 1 0 0 5 0 4 0 6 0 1 0 6 0 6 1 0 0 6 0 3 0 6 0 3 0 4 0 2 0 4 0 6 0 7 0 4 0 3 0 4 0 0 0 2 0 0 0 1 0 4 0 2 0 3 0 3 0 5 0 4 0 6 0 6 0 1 0 2 0 4 0 6 0 5 0 3 0 4 0 7 0 4 1 0 1 0 0 0 0 3 0 4 1 0 0 0 1 0 0 4 1 0 0 2 0 4 0 1 0 3 1 0 0 3 1 0 0 5 0 3 0 5 0 2 0 5 0 0 0 3 0 3 0 7 0 2 0 3 0 6 1 0 0 3 0 2 0 1 0 1 1 0 1 0 0 3 0 1 0 1 0 4 0 7 0 0 0 1 0 4 0 3 0 1 0 4 0 6 0 4 0 6 0 2 1 0 0 6 0 2 0 5 0 0 0 0 0 7 0 6 0 2 0 0 0 5 0 3 0 7 0 1 0 7 0 6 1 0 0 4 0 7 0 2 0 3 0 6 0 2 0 0 0 7 0 7 0 1 1 0 0 1 0 5 0 3 0 6 0 7 0 1 0 3 0 4 0 3 0 1 0 3 0 0 0 2 0 6 0 2 1 0 0 7 0 4 0 3 0 2 0 1 0 0 0 3 0 0 0 6 0 1 0 0 1 0 0 7 0 2 0 5 0 0
0 629 1 0 3 0 5 0 7 0 0 0 0 0 5 0 7 0 5 0 0 1 0 1 0 0 0 0 0 0 6 0 3 0 1 0 3 0 1 0 5 1 0 0 7 0 0 0 6 0 1 0 2 0 6 0 4 0 2 0 3 1 0 0 0 0 5 0 7 0 4 0 0 0 7 0 6 0 1 0 5 0 1 0 0 1 0 0 1 1 0 0 5 0 5 0 3 1 0 0 0 0 5 0 7 0 3 0 4 1 0 0 1 0 6 0 6 0 7 0 4 0 5 0 2 0 1 0 6 0 1 0 3 0 7 0 3 0 3 0 7 0 7 0 1 0 6 0 1 0 6 0 5 0 7 0 7 0 4 0 7 0 5 0 4 0 7 0 2 0 7 0 1 1 0 0 0 1 0 0 0 0 3 0 0 1 0 0 3 0 6 0 7 0 4 0 4 0 5 0 5 0 1 0 5 0 4 0 4 0 5 0 4 1 0 0 0 0 4 0 0 0 2 0 6 0 2 0 7 0 0 0 6 0 2 0 5 0 3 0 1 0 4 0 5 0 3 0 5 0 4 0 3 0 4 0 7 0 1 0 0 1 0 0 5 0 1 0 7 0 6 0 2 0 5 0 1 0 1 0 6 1 0 0 4 0 4 0 7 0 6 0 4 0 5 1 0 0 4 0 1 0 5 0 3 0 3 0 1 0 3 0 6 1 0 1 0 0 2 0 2 0 7 0 3 0 6 1 0 0 2 0 1 0 4 0 4 0 4 0 6 0 0 0 3 1 0 0 4 1 0 0 0 0 6 0 0 0 5 0 7 0 0 1 0 0 0 0 1 0 4 0 0 0 2 1 0 0 5 0 6 0 7 0 2 0 1 0 5 0 4 0 3 0 5 0 0 0 5 0 2 1 0 0 1 0 7 0 2 0 0 0 6 1 0 0 7 0 0 1 0 0 1 1 0 0 0 1 0 0 4 1 0 0 3 0 7 0 7 0 6 1 0 0 1 1 0 0 2 0 6 0 1 0 1 0 6 0 7 0 5 0 5 0 7 0 4 1 0 0 6 0 4 0 2 0 3 1 0 0 7 0 5 0 2 0 3 0 0 0 6 0 1 0 2 1 0 0 7 0 3 0 0 0 5 0 1 0 4 0 6 1 0 0 3 0 6 0 1 0 1 0 1 0 6 0 4 0 5 0 1 0 1 1 0 0 6 0 4 0 6 0 6 0 0 0 0 0 6 0 5 0 7 0 3 0 5 0 1 0 6 0 6 0 4 0 7 0 2 0 1 1 0 0 5 0 6 0 3 0 6 1 0 0 7 0 2 0 6 0 0 0 5 0 3 0 6 1 0 0 6 0 0 0 7 0 4 0 2 0 0 0 6 0 1 0 3 0 3 0 1 1 0 0 5 0 6 0 1 0 1
0 629 2 0 7 0 2 0 6 0 1 0 1 0 2 0 7 0 2 0 2 1 0 0 6 1 0 0 1 0 3 0 7 0 2 0 6 0 3 0 3 0 0 0 5 0 2 0 3 0 3 0 5 0 4 0 0 0 5 0 7 0 7 0 0 0 2 0 7 0 0 0 2 0 6 0 4 0 4 0 1 0 3 0 1 0 7 0 2 1 0 0 2 0 2 1 0 1 0 0 1 0 2 0 6 1 0 0 1 1 0 0 3 0 4 0 5 0 7 0 1 0 2 0 5 0 3 0 3 0 3 0 7 0 5 0 7 0 7 0 6 0 6 0 4 0 3 0 4 0 4 0 3 0 7 0 7 0 1 0 7 0 3 0 1 0 6 0 6 0 5 0 4 0 7 0 0 0 6 1 0 0 6 0 1 0 7 0 6 0 4 0 7 0 1 0 1 0 3 0 2 0 4 0 2 0 1 0 1 0 3 0 1 1 0 0 0 1 0 0 1 0 5 0 3 0 6 0 5 0 2 0 3 0 6 0 1 0 7 0 3 0 0 0 2 1 0 0 3 0 0 1 0 0 1 0 6 0 3 0 1 1 0 0 1 0 4 0 6 0 4 0 6 0 1 0 3 0 3 0 5 0 0 0 0 0 1 0 7 0 5 0 1 0 3 1 0 1 0 0 4 0 1 0 7 0 6 0 2 0 7 0 5 0 0 0 7 0 3 0 5 0 5 1 0 0 5 1 0 0 4 0 3 0 0 0 1 0 1 0 4 0 1 1 0 0 0 0 0 1 0 0 1 0 3 0 2 0 2 0 6 0 2 0 6 1 0 0 2 1 0 0 1 0 5 1 0 0 2 0 5 0 6 0 5 0 3 0 2 0 0 1 0 0 2 0 2 0 1 0 6 0 7 0 2 0 5 0 5 0 1 0 5 0 0 0 5 0 2 0 7 0 2 0 7 0 0 1 0 0 0 1 0 0 7 0 6 0 7 0 5 1 0 0 3 0 7 0 4 0 3 0 3 0 3 0 4 0 7 0 3 0 3 0 7 0 2 0 0 0 4 0 0 0 5 1 0 0 0 0 6 0 2 0 5 0 6 0 1 0 3 0 3 0 5 1 0 0 5 0 7 0 1 0 1 0 4 0 0 0 5 1 0 0 7 0 3 0 3 0 2 0 3 0 4 0 1 0 2 0 3 0 3 1 0 0 4 0 1 0 5 0 4 0 1 0 1 0 4 0 3 0 6 1 0 0 2 0 4 0 4 0 5 0 1 0 6 0 5 0 3 1 0 0 2 0 4 1 0 0 6 0 0 0 5 0 6 0 3 0 2 0 1 1 0 0 6 0 0 0 3 0 2 0 6 0 0 0 5 0 1 0 3 0 3 0 6 0 6 0 3 1 0 0 2 0 4 0 3 0 2
1 629 5 0 5 0 6 0 3 0 3 0 2 0 5 0 5 0 5 0 5 1 0 0 4 1 0 0 2 0 7 0 5 0 6 0 3 0 7 0 6 0 1 0 1 0 5 0 6 0 7 0 2 0 0 0 2 0 2 0 7 0 6 0 1 0 5 0 5 0 1 0 5 0 4 0 1 0 0 0 3 0 6 0 3 0 5 0 6 0 7 0 3 0 5 1 0 0 7 0 1 0 5 0 4 1 0 0 3 0 7 0 6 0 0 0 3 0 6 0 3 0 5 0 1 0 7 0 6 0 7 0 6 0 3 0 7 0 7 0 5 0 5 0 0 1 0 0 1 0 0 1 0 0 7 0 6 0 4 0 5 0 7 0 3 0 4 0 5 0 3 0 1 0 6 0 2 0 5 0 0 0 3 0 4 0 6 0 5 0 1 0 6 0 3 0 2 0 6 0 4 1 0 0 5 0 2 0 2 0 6 0 3 0 7 0 0 0 7 0 2 0 1 1 0 0 5 0 2 0 5 0 7 0 3 0 4 0 5 0 7 0 0 0 5 0 7 0 5 0 1 0 7 0 2 0 3 0 7 0 3 0 7 0 2 0 0 0 5 0 1 0 4 0 3 0 6 0 7 0 1 0 1 0 0 0 3 0 6 0 2 0 3 1 0 0 0 0 7 0 7 0 3 0 6 0 4 0 6 0 6 0 2 0 2 0 5 1 0 0 3 0 4 0 0 0 2 1 0 1 0 0 7 0 0 0 2 0 2 1 0 0 4 0 6 1 0 0 1 0 7 0 1 0 6 0 4 0 5 0 3 0 6 0 4 1 0 0 5 0 7 0 2 0 2 1 0 0 5 0 2 0 5 0 2 0 7 0 4 0 1 0 7 0 3 0 4 0 3 0 4 0 6 0 6 0 2 0 2 0 4 0 1 0 2 0 1 0 6 0 5 0 6 0 5 0 2 0 7 0 0 1 0 0 6 0 5 0 7 0 3 1 0 0 7 0 6 0 0 0 7 0 6 0 7 0 0 0 6 0 7 0 7 0 5 0 5 0 0 1 0 0 2 0 2 1 0 0 1 0 3 0 6 0 2 0 4 0 3 0 6 0 7 0 3 0 0 0 2 0 6 0 3 0 2 1 0 0 2 0 3 0 0 0 5 0 7 0 6 0 4 0 6 1 0 0 3 0 4 0 6 0 7 0 7 0 7 0 3 0 2 0 0 0 3 0 2 1 0 1 0 0 5 1 0 0 5 0 0 0 1 0 2 0 4 0 4 0 2 1 0 1 0 0 5 0 1 0 0 0 3 0 2 0 2 0 4 0 7 0 4 0 3 1 0 0 3 0 1 0 6 0 5 0 3 0 2 0 1 0 3 0 6 0 7 0 4 0 4 1 0 1 0 0 4 1 0 0 7 0 4
0 631 1 0 2 0 3 0 4 0 7 0 6 0 5 0 2 0 3 0 3 0 4 0 0 0 0 1 0 0 5 0 6 0 3 0 4 1 0 0 7 0 4 0 3 0 3 0 2 0 5 0 6 0 5 0 0 0 4 0 5 0 6 0 4 0 4 0 2 0 2 0 4 0 2 0 0 0 3 0 0 0 7 0 3 1 0 0 3 0 5 0 6 1 0 0 4 0 0 0 5 0 4 0 2 0 1 1 0 0 7 0 6 0 4 0 1 0 7 0 3 1 0 0 2 0 4 0 6 0 5 0 7 0 4 1 0 0 7 0 7 0 3 0 2 0 2 0 7 0 1 0 1 1 0 0 6 0 5 0 1 0 3 0 6 1 0 0 1 0 2 0 7 0 3 0 3 0 6 0 1 0 1 0 7 0 0 0 5 0 2 0 4 0 3 0 7 0 5 0 4 0 2 0 0 0 1 0 5 0 5 0 3 1 0 0 6 0 2 0 5 0 5 0 3 1 0 0 1 0 6 0 2 0 6 1 0 0 1 0 3 0 6 0 2 0 2 0 7 0 2 0 4 0 5 0 5 0 7 0 5 1 0 0 6 0 5 0 1 0 1 0 3 1 0 1 0 0 5 0 6 0 3 0 2 0 0 0 7 0 3 0 5 0 7 0 7 0 0 0 6 0 6 1 0 0 5 0 1 0 5 0 4 0 5 0 5 0 2 1 0 0 6 1 0 0 1 0 5 1 0 1 0 0 5 0 1 0 4 0 5 1 0 0 0 0 5 1 0 0 3 0 5 0 4 0 4 0 1 0 2 1 0 0 5 0 2 0 0 0 2 0 6 0 5 0 5 1 0 0 1 0 6 0 1 0 6 0 6 0 0 0 4 0 5 1 0 0 0 1 0 0 1 0 5 0 4 0 5 0 4 1 0 0 3 0 4 0 3 0 4 0 3 0 5 0 2 0 6 0 5 0 2 1 0 0 4 0 3 0 7 0 0 0 0 0 6 0 4 0 2 0 6 0 5 0 6 0 2 0 4 0 7 0 7 0 3 0 2 0 2 0 7 0 3 0 5 0 7 0 1 0 7 0 3 0 5 1 0 1 0 0 5 0 6 0 7 0 0 0 5 0 3 0 7 0 5 0 7 0 3 0 6 0 1 0 2 0 7 0 5 0 1 0 5 1 0 0 7 0 0 0 5 0 7 0 7 0 6 0 7 0 4 0 0 0 6 0 5 1 0 1 0 0 3 0 0 0 1 0 1 0 2 0 5 0 0 0 0 0 6 1 0 1 0 0 1 0 3 0 0 0 6 0 4 0 5 0 0 0 7 0 0 1 0 1 0 0 6 0 3 0 4 0 2 0 7 0 4 0 2 0 7 0 4 0 7 0 1 0 2 0 0 1 0 0 1 0 0 0 6 0 1
0 631 2 0 4 0 7 0 0 0 7 0 5 0 2 0 5 0 6 0 6 1 0 0 1 0 1 1 0 0 2 0 4 1 0 0 2 0 0 0 6 0 0 0 7 0 6 0 5 0 2 0 5 0 2 0 2 0 0 0 3 0 5 0 1 0 0 0 5 0 4 1 0 0 5 0 0 0 6 0 1 0 5 1 0 1 0 0 7 0 2 0 5 1 0 1 0 0 2 0 2 0 0 0 5 0 3 1 0 0 6 0 5 0 0 0 4 0 5 1 0 1 0 0 5 0 0 0 5 0 3 0 7 0 2 0 0 0 6 0 6 0 7 0 4 0 5 0 5 0 3 0 3 1 0 0 4 0 2 0 3 0 7 0 4 1 0 0 2 0 5 0 5 0 7 0 7 0 3 0 3 0 3 0 5 0 2 0 1 0 5 1 0 1 0 0 7 0 3 0 0 0 5 0 0 0 3 0 2 0 3 0 0 0 0 0 3 0 6 0 2 0 2 1 0 1 0 0 3 0 3 0 6 0 4 1 0 0 2 0 7 0 3 0 5 0 5 0 5 0 6 0 0 0 3 0 3 0 7 0 4 0 0 0 4 0 2 0 3 0 2 1 0 0 0 1 0 0 2 0 4 0 7 0 4 0 1 0 5 1 0 0 3 0 7 0 6 0 2 0 4 0 6 0 0 0 1 0 4 0 2 0 1 0 3 0 2 0 6 1 0 0 4 1 0 0 3 0 3 0 0 1 0 0 1 0 4 0 0 0 3 1 0 0 1 0 2 1 0 0 7 0 2 0 1 0 0 0 3 0 5 1 0 0 1 0 5 0 0 0 5 0 4 0 3 0 3 1 0 0 3 0 3 0 4 0 4 0 4 0 2 0 0 0 3 1 0 0 1 0 7 0 2 0 2 0 1 0 3 0 1 1 0 0 6 1 0 1 0 0 0 1 0 0 2 0 6 0 4 0 2 0 6 0 7 0 7 0 7 0 5 0 1 0 1 0 4 0 0 0 6 0 4 0 3 0 4 0 6 0 0 0 7 0 6 0 7 0 4 0 5 0 5 1 0 0 3 0 6 0 4 0 5 1 0 0 4 0 0 1 0 0 2 0 5 0 6 0 2 0 1 1 0 0 7 0 3 0 6 1 0 0 4 0 3 0 5 0 6 0 2 0 4 0 3 0 0 0 5 0 2 0 2 0 7 0 7 0 5 0 7 0 0 0 2 0 4 0 4 0 0 0 7 0 5 0 0 0 2 0 2 0 5 0 1 0 1 0 1 0 5 0 0 0 7 0 1 0 6 0 1 0 4 0 1 0 2 0 2 0 5 0 2 1 0 1 0 0 3 1 0 0 0 0 6 0 6 0 0 0 6 0 6 0 1 0 6 0 3 0 4 0 1 0 7 0 1 0 1 0 3 0 3
1 631 5 0 0 0 6 0 2 0 6 0 2 0 6 0 2 0 5 0 5 1 0 0 2 0 3 0 7 0 4 0 0 1 0 0 4 0 1 0 3 0 2 0 6 0 5 0 2 0 6 0 1 0 5 0 4 0 0 0 7 0 1 0 3 0 1 0 2 0 2 0 0 0 1 0 2 0 3 0 4 0 3 0 0 1 0 0 5 0 6 0 3 0 0 0 7 0 3 0 4 0 1 0 2 0 0 0 0 0 4 0 2 0 2 0 0 0 4 0 0 1 0 0 1 0 2 0 1 1 0 0 6 0 5 0 1 0 4 0 5 0 7 0 1 0 3 0 2 0 7 0 7 0 7 0 7 0 4 0 7 0 6 0 1 1 0 0 5 0 2 0 3 0 7 0 6 0 7 0 6 0 7 0 1 0 5 0 3 0 3 0 0 1 0 0 5 0 7 0 1 0 1 0 1 0 6 0 4 0 6 0 0 0 0 0 7 0 3 0 5 0 5 1 0 0 7 0 5 0 7 0 4 0 1 1 0 0 5 0 5 1 0 0 3 0 3 0 3 0 4 0 1 0 6 0 7 0 6 0 0 0 1 1 0 0 5 0 6 0 5 0 7 0 0 0 7 0 4 0 0 0 7 0 0 0 4 0 2 1 0 0 7 0 6 0 4 0 6 0 0 0 4 0 1 0 2 1 0 0 5 0 2 0 6 0 5 0 5 0 0 0 0 1 0 0 6 0 6 0 1 0 7 0 1 1 0 0 1 0 7 0 7 0 1 0 5 1 0 0 5 0 5 0 2 0 0 0 7 0 2 1 0 0 3 0 1 0 2 0 2 0 0 0 7 0 7 0 7 0 5 0 7 0 0 0 1 0 0 0 5 0 0 0 7 0 7 0 2 0 5 0 5 0 4 0 2 0 6 0 3 1 0 0 5 0 0 0 7 0 0 0 7 0 4 0 4 0 0 0 6 0 4 0 7 0 7 0 7 0 2 0 3 0 2 1 0 0 2 0 4 0 0 1 0 0 1 0 4 0 2 0 6 0 5 0 7 0 1 0 3 0 3 1 0 0 7 0 4 0 1 0 3 1 0 1 0 0 2 0 7 0 4 0 2 0 4 0 5 0 3 1 0 0 5 1 0 0 5 1 0 1 0 1 0 0 3 0 4 0 5 1 0 0 7 0 1 0 1 0 5 0 5 0 6 0 7 0 3 0 6 0 1 0 5 0 0 0 0 0 2 0 6 0 2 0 1 0 4 0 5 0 1 0 3 0 2 0 3 0 1 0 2 0 5 0 4 0 3 0 3 1 0 0 3 0 4 0 5 0 1 0 6 1 0 0 7 0 6 0 7 0 0 0 4 0 4 0 2 0 4 0 4 0 4 0 3 1 0 0 0 0 4 0 5 0 3 0 2 0 6 0 6
1 633 1 0 1 0 2 0 3 0 6 0 3 0 6 0 3 0 6 0 2 0 3 1 0 0 4 0 7 0 6 0 0 0 2 0 7 0 7 0 2 0 6 0 5 0 4 0 2 0 6 0 3 0 4 0 2 0 0 0 2 0 5 0 3 0 6 0 2 0 4 0 4 0 0 0 2 0 4 0 6 1 0 0 7 0 1 1 0 0 2 0 4 0 7 0 1 0 5 1 0 0 0 0 3 0 4 0 0 0 0 1 0 0 5 0 4 0 0 1 0 0 2 0 7 0 1 0 4 0 3 1 0 0 4 0 2 0 4 0 0 0 3 0 6 0 3 0 6 0 5 0 6 0 7 0 7 0 7 0 1 0 7 0 4 0 4 1 0 0 1 0 5 0 7 0 6 0 5 0 7 0 5 0 6 0 4 0 1 0 7 0 6 0 1 1 0 0 2 0 6 0 3 0 2 0 3 0 4 0 1 0 4 0 1 0 1 0 5 1 0 0 3 0 4 0 0 0 6 0 3 0 7 0 0 0 4 1 0 0 2 0 3 1 0 0 6 0 6 0 6 1 0 0 4 0 4 0 7 0 4 0 1 0 3 1 0 0 2 0 5 0 3 0 6 0 2 0 6 0 0 0 2 0 5 0 1 1 0 0 6 1 0 0 6 0 5 0 1 0 4 0 1 1 0 0 3 0 5 1 0 0 1 0 6 0 4 0 3 0 2 0 1 0 1 1 0 0 4 0 4 0 4 0 5 0 4 0 7 0 2 0 6 0 6 0 4 0 3 0 0 0 2 0 2 0 5 0 1 0 5 0 6 0 7 0 5 0 2 0 4 0 4 0 1 0 6 0 7 0 7 0 3 0 6 0 1 0 2 0 1 0 1 0 2 0 6 0 6 0 6 0 2 0 3 0 0 0 6 0 4 0 0 0 0 0 1 0 2 0 5 0 2 0 6 0 1 0 0 0 2 0 4 0 1 0 7 0 7 0 6 0 5 0 6 0 5 0 7 0 3 1 0 0 2 0 7 0 1 1 0 0 6 0 4 0 3 0 6 0 3 0 6 1 0 0 0 0 6 0 0 0 3 1 0 0 0 0 7 0 4 0 6 0 0 0 6 0 0 0 3 0 0 0 0 0 3 0 0 0 3 0 0 1 0 0 7 0 6 0 0 0 4 0 0 0 5 0 3 0 3 0 2 0 3 0 5 0 6 1 0 0 4 0 4 0 1 0 1 0 0 0 5 0 3 0 5 0 3 0 0 0 2 0 3 0 6 0 4 0 6 0 2 0 5 0 2 0 0 0 7 0 7 0 7 0 6 0 0 0 2 0 4 0 5 0 0 0 6 0 5 0 6 0 2 0 0 0 0 0 6 0 0 0 1 0 0 1 0 1 0 0 1 0 0 0 2 0 7 0 5 0 4 0 5
0 633 2 0 2 0 4 0 7 0 3 1 0 0 4 1 0 0 4 0 5 1 0 0 0 0 0 0 7 0 4 0 1 0 5 0 6 0 6 0 6 0 4 0 3 0 0 0 6 0 3 1 0 0 0 0 5 0 0 0 5 0 1 1 0 0 4 0 6 0 0 0 0 0 1 0 5 0 0 0 6 0 0 0 5 0 4 0 7 0 4 0 0 0 6 0 4 0 2 1 0 0 0 0 6 1 0 0 1 0 1 1 0 0 2 0 0 0 2 0 7 0 4 0 5 0 3 1 0 1 0 1 0 1 0 0 5 1 0 0 1 0 7 0 3 1 0 0 5 0 3 0 5 0 7 0 7 0 6 0 4 0 6 0 1 0 1 1 0 0 3 0 2 0 7 0 5 0 3 0 7 0 3 0 5 0 0 0 4 0 6 0 4 0 4 0 7 0 4 0 3 0 7 0 4 0 6 1 0 0 3 1 0 0 3 0 3 0 2 1 0 0 6 1 0 0 2 0 3 1 0 0 6 0 2 0 0 1 0 0 4 1 0 0 0 0 4 0 5 0 6 0 0 0 0 0 1 0 7 0 0 0 3 0 7 0 7 0 4 0 1 1 0 0 4 0 6 0 3 0 1 0 5 0 1 0 4 1 0 0 5 0 0 0 4 0 2 0 3 1 0 0 4 0 7 0 6 0 2 1 0 0 3 0 4 0 0 0 7 0 4 0 2 0 3 1 0 0 0 0 1 0 1 0 3 0 1 0 6 0 6 0 4 0 5 0 0 0 7 0 0 0 4 0 5 0 1 0 4 0 2 0 5 0 7 0 2 0 6 0 0 0 0 0 4 0 4 0 7 0 6 1 0 0 4 0 3 0 4 0 2 0 2 0 5 0 4 0 5 0 4 0 5 0 6 0 1 0 4 0 0 0 1 0 0 0 2 0 5 0 1 0 6 0 3 0 3 0 0 0 4 1 0 0 4 0 6 0 7 0 5 0 3 0 5 0 3 0 6 1 0 1 0 0 5 0 5 0 4 1 0 0 4 0 0 1 0 0 4 1 0 0 5 1 0 0 1 0 3 0 1 0 7 0 7 0 0 0 6 0 1 0 4 0 2 0 3 0 1 0 6 0 0 0 0 0 6 0 0 0 6 0 1 1 0 0 6 0 4 0 1 1 0 0 2 0 1 0 7 0 6 0 4 0 7 0 2 0 6 0 0 0 0 0 0 0 3 0 2 0 1 0 1 1 0 0 2 0 7 0 0 0 4 0 7 0 4 0 1 0 4 0 6 0 1 0 5 0 1 0 6 0 7 0 7 0 4 0 1 0 5 0 0 0 2 0 2 0 4 0 3 0 4 0 5 0 0 0 1 0 3 0 1 0 2 0 1 1 0 0 7 0 1 0 0 0 5 0 6 0 3 0 1 0 3
1 633 4 0 5 0 0 0 7 0 0 0 0 0 1 0 0 0 0 0 3 1 0 0 0 0 1 0 6 0 0 0 4 0 2 0 5 0 5 0 5 0 0 0 7 0 1 0 3 1 0 1 0 0 1 0 1 0 2 0 1 0 4 1 0 0 0 0 4 0 1 0 0 0 3 0 1 0 2 0 3 0 2 0 2 0 1 0 7 0 0 0 2 0 4 0 0 0 6 0 7 0 0 0 4 1 0 0 2 0 3 0 7 0 3 0 0 0 5 0 6 0 1 0 3 0 0 0 0 1 0 1 0 1 0 0 2 1 0 0 3 0 6 0 0 0 0 0 1 1 0 0 3 0 7 0 7 0 5 0 1 0 4 0 3 0 3 0 7 0 5 0 5 0 6 0 2 1 0 0 6 1 0 0 2 0 2 0 0 0 5 0 1 0 1 0 7 0 0 1 0 0 7 0 1 0 5 1 0 0 7 0 7 0 5 0 6 0 5 1 0 0 4 1 0 0 4 1 0 0 0 0 3 0 5 0 1 1 0 0 0 1 0 0 1 0 0 0 3 0 4 0 1 0 0 0 3 0 5 0 1 0 7 0 6 0 7 0 0 0 4 1 0 0 0 0 4 0 7 0 3 0 1 0 4 0 1 0 0 0 1 0 1 1 0 0 5 1 0 0 0 0 0 0 7 0 4 0 6 0 7 0 5 1 0 0 2 0 6 0 0 0 5 0 7 0 6 1 0 0 2 0 2 0 6 0 3 0 4 0 5 0 1 0 2 0 2 0 5 0 2 0 0 0 2 0 3 1 0 0 6 0 2 0 6 0 6 0 3 0 1 0 1 0 0 0 1 0 7 0 5 1 0 1 0 1 0 0 0 0 5 0 5 0 2 0 1 0 3 0 1 0 3 0 4 0 3 1 0 0 1 0 2 0 0 0 5 0 1 0 4 0 3 0 7 0 6 0 1 0 1 0 0 0 0 0 5 0 7 0 2 1 0 0 2 1 0 0 6 0 0 1 0 0 2 0 3 0 1 1 0 1 0 0 2 1 0 0 1 0 0 0 2 1 0 0 2 0 6 0 3 0 6 0 6 0 2 0 3 0 3 1 0 0 5 0 6 0 3 0 3 0 1 0 1 0 3 0 2 0 3 0 4 1 0 0 4 0 0 0 4 0 7 0 3 0 3 0 6 0 5 0 1 0 6 0 6 0 3 0 1 0 0 0 0 0 6 0 4 0 2 0 3 0 7 0 4 0 5 0 2 0 0 0 7 0 0 0 4 0 0 0 4 0 4 0 1 0 4 0 4 0 7 0 7 0 0 0 4 0 1 0 1 0 4 0 4 1 0 1 0 0 1 0 2 0 1 0 2 0 6 0 2 0 4 0 3 1 0 0 5 0 3 0 1 0 2 0 4 0 7 0 2 0 6
1 635 1 0 0 0 2 0 2 0 5 0 1 0 0 0 2 0 0 0 0 0 7 0 6 1 0 0 3 0 3 0 1 1 0 0 6 0 2 0 3 0 2 0 2 0 5 0 3 1 0 0 0 0 7 0 1 0 2 0 4 0 3 0 0 1 0 0 0 1 0 0 3 0 0 0 6 0 2 0 4 0 6 0 4 0 4 0 3 0 5 0 1 0 4 1 0 0 2 0 4 0 6 0 2 0 0 1 0 0 4 0 7 0 5 0 7 0 1 0 2 0 4 0 3 0 6 0 0 0 1 1 0 1 0 0 7 0 4 0 7 0 6 0 3 0 1 0 0 0 3 0 7 0 6 0 6 0 7 0 2 0 3 1 0 0 7 0 7 0 6 0 3 0 3 0 4 0 6 1 0 0 4 1 0 0 4 0 4 0 1 0 1 0 3 0 3 0 5 0 2 1 0 0 5 0 4 0 3 0 0 0 6 0 7 0 3 0 5 0 4 0 0 0 1 0 0 0 0 1 0 0 0 0 7 0 1 0 4 0 7 0 0 0 7 0 1 0 0 0 6 1 0 0 3 0 0 0 7 0 1 0 4 0 6 0 5 0 6 0 2 0 0 1 0 0 1 0 0 0 6 0 7 0 2 1 0 0 3 0 0 0 2 0 3 1 0 0 2 1 0 0 0 0 1 0 6 0 1 0 5 0 7 0 3 1 0 0 5 0 3 0 2 0 2 0 7 0 5 1 0 0 4 0 5 0 3 1 0 0 1 0 2 0 3 0 4 0 5 0 1 0 5 0 0 0 4 1 0 0 0 0 3 0 6 0 4 0 4 0 7 0 2 0 2 0 0 0 3 0 6 0 4 0 0 1 0 0 7 0 0 0 2 0 2 0 5 0 2 0 6 0 2 0 6 1 0 1 0 1 0 0 2 0 4 0 1 0 1 0 3 1 0 1 0 0 7 0 4 0 3 0 2 0 0 0 1 0 2 0 6 0 6 0 7 0 4 1 0 0 3 0 2 0 7 0 3 0 6 0 3 1 0 0 7 0 4 0 7 0 1 0 0 0 5 0 7 0 4 0 3 1 0 0 5 0 4 0 5 0 6 1 0 0 0 0 2 0 4 0 7 0 6 0 2 0 2 0 6 0 4 0 7 0 0 1 0 1 0 0 2 0 0 0 6 0 7 0 7 0 4 0 2 0 4 0 4 0 4 0 7 0 2 0 0 0 1 0 4 0 0 0 5 0 7 0 6 0 1 0 2 0 5 0 1 0 5 0 1 1 0 0 2 0 0 0 0 0 4 0 0 0 1 0 7 0 6 0 1 1 0 0 3 0 3 0 0 0 2 0 0 0 7 0 1 0 4 0 2 0 5 0 3 0 6 0 0 0 0 0 0 0 1 0 7 0 2 0 5 0 0 0 6 0 6 0 4
