301 3
0 1 0
1 1 1
0 2 1 1
2 3 1 2 0
0 4 2 0 1 1
1 6 1 0 0 2 0 1
1 7 1 1 0 0 0 2 0
2 8 1 1 2 0 1 0 0 0
2 9 2 0 1 0 1 1 1 1 0
1 11 1 0 0 2 0 0 0 0 0 2 0
2 12 1 1 0 0 0 0 1 0 1 0 0 0
2 13 1 1 2 0 0 0 1 1 0 0 1 1 0
2 14 2 0 1 0 0 1 1 1 2 0 1 1 2 0
0 16 1 0 0 1 1 2 0 1 2 0 0 0 0 1 0 0
0 17 1 0 2 0 2 0 0 0 0 1 1 1 0 1 0 1 1
1 18 1 1 1 2 0 1 0 1 0 2 0 0 0 0 1 0 2 0
2 19 2 0 0 2 0 1 2 0 1 1 1 0 1 0 1 1 1 1 0
1 21 1 0 0 1 1 1 0 1 0 0 0 0 0 0 1 1 0 0 0 2 0
2 22 1 0 2 0 1 1 0 0 0 1 1 0 0 0 1 1 2 0 1 0 0 0
2 23 1 1 1 1 2 0 1 0 0 1 1 2 0 0 2 0 1 0 1 1 1 1 0
1 24 2 0 0 1 2 0 1 1 2 0 1 2 0 1 1 0 2 0 0 0 0 0 2 0
2 26 1 0 0 1 1 0 0 0 0 1 1 0 0 2 0 2 0 1 1 0 1 0 1 0 0 0
2 27 1 0 2 0 0 2 0 0 0 1 2 0 0 0 1 0 1 2 0 1 1 1 0 0 1 1 0
2 28 1 1 1 1 1 1 0 0 1 2 0 1 1 1 1 1 1 0 2 0 2 0 2 0 1 1 2 0
0 29 2 0 0 1 1 1 0 0 0 0 0 0 0 0 1 1 1 0 1 2 0 2 0 2 0 0 1 0 0
0 31 1 0 0 1 0 1 0 2 0 0 0 0 0 0 0 2 0 0 0 1 1 0 0 2 0 1 0 2 0 1 1
1 32 1 0 2 0 0 0 1 1 1 0 1 0 0 0 1 0 0 0 1 1 2 0 0 0 0 2 0 0 1 2 0 1
1 33 1 1 1 1 0 1 2 0 0 0 0 0 1 1 1 0 1 1 2 0 1 0 0 1 1 0 0 1 0 2 0 2 0
2 34 2 0 0 1 0 1 0 1 1 1 0 0 2 0 0 0 1 0 1 0 1 1 2 0 0 2 0 1 1 1 2 0 1 0
1 36 1 0 0 1 0 0 0 1 1 0 0 0 0 0 0 0 1 1 1 0 1 1 0 1 0 1 1 1 0 0 0 2 0 1 1 1
0 37 1 0 1 2 0 1 1 1 1 2 0 0 0 0 0 0 2 0 0 0 0 2 0 0 1 0 2 0 2 0 1 0 1 0 0 0 0
0 38 1 1 1 1 0 0 0 0 1 2 0 0 1 0 0 1 0 0 0 1 1 0 0 1 0 0 1 2 0 1 1 2 0 0 1 1 0 0
0 39 2 0 0 0 2 0 0 0 2 0 1 1 2 0 1 2 0 1 1 1 1 2 0 1 1 0 0 0 0 0 0 1 0 1 0 0 2 0 0
1 41 1 0 0 0 2 0 0 0 2 0 1 0 0 1 1 0 1 0 0 0 0 1 2 0 2 0 1 0 0 0 0 0 1 1 0 1 0 0 0 0 1
0 42 1 0 1 2 0 0 0 2 0 0 1 1 2 0 1 0 0 0 1 1 1 0 0 0 0 1 1 1 1 1 0 0 1 2 0 0 0 1 1 0 1 1
2 43 1 1 1 0 1 1 2 0 0 1 0 1 2 0 1 1 1 1 1 2 0 2 0 0 0 2 0 0 1 0 2 0 2 0 1 1 1 1 2 0 0 2 0
0 44 2 0 0 0 1 0 1 0 1 0 0 1 1 0 0 0 0 1 2 0 0 0 1 0 2 0 0 1 0 0 1 2 0 2 0 0 0 1 2 0 1 1 0 0
0 46 1 0 0 0 1 1 1 0 1 0 0 2 0 0 2 0 0 0 2 0 1 1 1 1 1 1 1 1 0 0 0 0 0 0 0 1 0 1 2 0 2 0 1 2 0 0
0 47 1 0 1 1 2 0 0 0 0 1 0 0 0 1 1 0 0 2 0 1 0 0 0 1 1 1 1 0 2 0 0 0 0 0 0 1 1 1 1 0 0 2 0 0 1 1 1
2 48 1 1 1 0 1 0 0 1 0 1 0 1 1 1 2 0 0 0 0 1 1 1 1 2 0 0 1 0 1 1 0 1 0 0 0 2 0 0 1 0 0 0 0 1 0 1 1 0
2 49 2 0 0 0 0 0 2 0 0 0 1 1 0 0 2 0 0 1 0 2 0 0 1 2 0 1 0 0 0 2 0 0 0 1 2 0 0 0 2 0 1 1 0 1 1 0 1 2 0
0 51 1 0 0 0 1 0 1 0 0 0 1 1 2 0 0 0 0 1 0 0 1 1 1 0 2 0 1 1 1 2 0 0 0 1 2 0 1 1 2 0 0 2 0 1 1 2 0 1 0 1 1
1 52 1 0 1 1 1 1 0 0 1 1 2 0 1 0 0 1 0 1 0 2 0 1 1 0 1 2 0 0 0 2 0 0 2 0 0 0 0 0 1 0 1 1 1 0 0 1 0 1 2 0 2 0
2 53 1 1 1 0 0 0 2 0 2 0 1 0 1 1 2 0 0 0 1 1 1 2 0 1 2 0 1 1 2 0 0 1 1 0 0 1 0 0 1 1 0 2 0 2 0 1 1 1 1 0 0 1 0
1 54 1 2 0 2 0 1 0 1 0 1 2 0 0 0 1 0 0 1 2 0 1 0 0 0 1 0 0 0 1 0 1 0 0 2 0 1 0 2 0 1 0 1 2 0 2 0 0 0 0 2 0 1 0 1
1 56 1 0 0 0 0 1 1 2 0 1 1 0 1 1 1 1 0 2 0 2 0 1 1 1 1 1 0 1 1 1 1 0 1 0 0 0 2 0 0 1 2 0 0 1 0 0 1 0 1 1 0 0 1 2 0 1
1 57 1 0 1 1 0 2 0 1 0 2 0 1 2 0 0 1 0 1 2 0 2 0 0 0 1 1 0 1 0 0 1 0 0 0 1 2 0 0 1 0 2 0 0 2 0 2 0 0 0 1 2 0 2 0 2 0 1
2 58 1 1 0 2 0 1 1 2 0 0 2 0 0 1 2 0 0 1 1 0 0 1 0 1 1 2 0 0 0 1 2 0 1 1 2 0 1 2 0 0 1 1 1 1 1 0 1 0 2 0 0 0 0 2 0 1 2 0
0 59 1 2 0 1 2 0 0 1 0 1 1 0 1 0 2 0 1 0 0 2 0 1 1 1 0 1 0 0 2 0 0 0 0 0 1 1 0 0 1 2 0 1 1 1 1 0 0 1 1 1 0 1 1 0 1 0 0 1 1
2 61 1 0 0 0 0 0 1 2 0 0 0 2 0 0 1 1 1 1 2 0 0 1 0 0 0 0 0 1 0 0 0 0 1 0 0 1 2 0 0 0 0 0 0 0 0 0 2 0 2 0 0 0 0 2 0 0 0 2 0 1 0
0 62 1 0 1 1 0 0 2 0 1 1 2 0 0 1 0 1 1 1 2 0 0 2 0 1 1 0 0 1 0 1 1 0 1 0 2 0 2 0 0 1 0 0 0 0 0 1 0 1 0 1 0 1 1 0 0 0 2 0 0 1 1 1
2 63 1 1 0 2 0 0 0 1 0 0 1 0 1 0 0 1 0 0 2 0 1 1 0 2 0 1 0 1 1 0 2 0 0 1 1 2 0 1 0 2 0 1 1 0 0 1 1 0 1 0 1 0 1 2 0 1 0 0 1 0 1 1 0
2 64 1 2 0 1 1 0 1 1 0 2 0 0 0 0 2 0 0 0 0 0 2 0 2 0 0 1 2 0 2 0 1 1 1 0 1 2 0 2 0 0 1 2 0 1 0 1 2 0 0 1 0 1 1 0 2 0 0 2 0 0 0 1 2 0
0 65 2 0 2 0 2 0 0 2 0 1 1 0 1 1 0 0 0 1 0 1 0 1 0 1 1 1 0 0 0 2 0 0 0 0 1 1 0 0 1 1 0 2 0 2 0 0 0 1 2 0 0 0 2 0 1 1 1 1 0 0 1 2 0 1 1
1 67 1 0 1 0 2 0 1 1 1 0 2 0 1 1 1 2 0 0 1 1 0 1 0 1 0 2 0 2 0 1 0 0 0 1 0 1 1 2 0 1 2 0 1 2 0 1 0 1 2 0 1 1 2 0 1 0 0 0 0 2 0 2 0 2 0 2 0
2 68 1 1 0 1 1 2 0 0 0 0 1 2 0 0 0 2 0 1 0 1 0 0 1 0 1 1 2 0 1 1 1 1 1 1 1 1 0 1 1 0 1 0 0 0 2 0 1 1 1 0 0 0 1 0 1 1 1 1 1 0 1 0 2 0 2 0 1 0
0 69 1 2 0 1 0 1 0 0 1 0 2 0 1 1 2 0 0 1 2 0 0 2 0 0 1 0 1 1 0 0 0 1 1 1 1 1 0 0 2 0 0 0 1 2 0 0 2 0 2 0 1 1 1 1 1 0 0 1 1 0 0 1 1 2 0 1 1 1 1
2 70 2 0 2 0 1 0 0 2 0 0 1 2 0 0 1 0 1 0 2 0 1 1 0 1 0 0 0 1 2 0 0 2 0 0 1 1 0 0 0 0 0 1 2 0 2 0 0 1 0 2 0 0 0 1 0 2 0 1 1 2 0 2 0 1 1 0 0 0 1 0
1 72 1 0 1 0 1 1 2 0 0 0 1 0 2 0 1 0 0 0 1 1 1 2 0 1 1 0 1 1 2 0 2 0 0 0 1 0 0 2 0 0 0 1 0 0 0 0 1 1 0 0 1 1 0 1 1 1 1 2 0 0 1 1 0 1 2 0 1 0 0 1 0 1
1 73 1 1 0 1 1 0 1 0 0 1 1 1 1 1 1 1 1 1 2 0 0 2 0 2 0 1 2 0 1 1 0 1 0 1 1 1 0 0 0 0 1 1 0 1 1 0 1 1 2 0 1 2 0 1 0 0 1 2 0 1 0 1 0 1 0 2 0 0 2 0 0 0 1
0 74 1 2 0 0 2 0 0 0 2 0 1 1 1 1 1 1 1 1 2 0 1 1 1 0 2 0 0 2 0 2 0 0 1 0 2 0 2 0 0 0 1 2 0 0 2 0 1 0 1 1 0 0 2 0 0 2 0 2 0 1 2 0 1 0 1 1 1 1 1 0 0 1 1 1
2 75 2 0 2 0 0 0 0 2 0 1 0 0 0 1 1 1 1 2 0 0 0 0 0 0 1 1 1 1 1 0 1 1 0 0 1 2 0 1 0 1 2 0 2 0 0 0 1 2 0 2 0 0 0 0 1 1 1 0 2 0 0 2 0 1 1 0 0 1 0 2 0 2 0 0 0
2 77 1 0 1 0 1 0 1 1 0 0 1 1 1 1 2 0 0 1 2 0 0 1 0 0 0 2 0 0 1 1 0 0 1 2 0 2 0 2 0 1 1 1 0 0 1 0 2 0 0 0 0 1 0 1 0 2 0 0 0 1 1 1 1 0 2 0 1 0 1 1 1 2 0 1 0 1 0
1 78 1 1 0 1 0 1 0 1 2 0 2 0 0 1 2 0 1 0 2 0 0 2 0 1 2 0 0 1 0 1 0 0 0 0 0 0 2 0 1 2 0 2 0 2 0 0 1 1 0 1 0 1 1 0 1 1 1 0 1 2 0 0 1 0 1 1 2 0 0 0 0 2 0 1 2 0 0 1
0 79 1 2 0 0 1 0 1 1 1 0 0 1 1 0 2 0 2 0 0 1 1 1 1 0 0 1 2 0 0 0 0 1 1 0 0 1 0 1 0 1 0 0 2 0 1 1 0 1 0 0 1 0 2 0 1 0 0 0 1 0 1 2 0 0 1 0 1 0 0 1 1 0 1 0 0 1 2 0 0
1 80 2 0 1 2 0 0 0 2 0 2 0 1 2 0 1 2 0 1 1 0 1 1 0 2 0 2 0 1 1 1 0 1 1 2 0 1 1 0 1 0 1 0 0 0 2 0 1 1 0 2 0 0 1 1 1 1 1 1 1 1 1 0 1 2 0 0 0 0 2 0 1 0 0 0 2 0 2 0 0 1
0 82 1 0 1 0 0 1 1 2 0 1 0 2 0 1 0 0 0 2 0 2 0 0 2 0 1 2 0 2 0 0 0 0 1 0 1 0 2 0 1 1 1 0 0 1 2 0 0 2 0 2 0 0 1 0 1 1 1 1 1 1 1 1 0 1 0 1 1 1 1 0 0 1 1 1 2 0 1 0 1 1 0 0
0 83 1 1 0 0 2 0 1 2 0 2 0 0 1 1 1 1 2 0 1 0 1 1 1 1 0 1 0 0 1 0 1 0 1 1 0 1 1 1 2 0 2 0 2 0 2 0 1 1 1 0 1 1 0 0 1 0 0 1 1 1 1 1 0 0 1 1 0 0 0 2 0 2 0 0 2 0 1 2 0 1 2 0 0
0 84 1 2 0 0 0 1 0 1 0 0 1 1 0 1 1 1 2 0 2 0 0 0 0 1 0 0 0 2 0 0 0 1 0 2 0 1 0 1 0 0 0 2 0 2 0 2 0 0 0 0 0 1 2 0 1 0 2 0 1 1 1 0 2 0 1 1 2 0 1 0 1 0 1 1 1 1 0 1 0 0 0 1 1 1
2 85 2 0 1 1 1 1 1 0 0 2 0 1 0 1 0 1 0 0 0 1 0 1 0 1 0 1 2 0 0 0 1 1 1 1 1 1 2 0 0 1 2 0 1 0 2 0 1 0 1 0 0 2 0 2 0 1 1 2 0 0 0 0 1 2 0 0 1 0 1 2 0 1 1 0 0 1 0 0 0 1 1 2 0 0 0
2 87 1 0 1 0 0 0 1 1 0 0 0 0 1 2 0 1 0 0 1 1 1 1 0 1 0 1 1 0 1 1 1 2 0 0 1 1 1 2 0 1 0 2 0 2 0 0 1 1 2 0 1 0 0 1 0 2 0 0 1 0 0 1 0 2 0 1 2 0 0 1 0 2 0 1 2 0 1 0 1 1 2 0 1 0 0 1 0
1 88 1 1 0 0 1 1 1 1 2 0 0 0 2 0 2 0 0 2 0 1 1 1 0 0 1 0 2 0 1 0 0 2 0 1 0 1 1 2 0 2 0 0 2 0 1 1 0 1 2 0 1 1 2 0 0 1 1 0 2 0 2 0 0 1 2 0 0 1 2 0 0 1 2 0 0 2 0 1 1 0 1 0 1 1 1 2 0 1
1 89 1 1 2 0 2 0 0 1 2 0 0 2 0 1 0 1 1 1 0 2 0 2 0 2 0 0 1 1 1 2 0 0 0 2 0 0 0 1 1 0 1 1 1 0 2 0 2 0 0 0 0 0 1 0 1 0 1 0 1 2 0 1 1 0 2 0 1 0 2 0 1 0 2 0 1 1 0 2 0 1 1 1 1 0 0 2 0 2 0
2 90 2 0 1 1 0 1 1 0 2 0 1 1 0 2 0 0 0 0 0 1 2 0 2 0 1 1 0 1 1 2 0 0 2 0 0 0 1 1 2 0 1 0 0 0 1 2 0 1 0 1 0 0 1 1 0 1 0 1 1 0 2 0 2 0 1 1 2 0 0 1 2 0 0 1 2 0 2 0 1 0 0 0 1 0 0 0 1 0 1 0
1 92 1 0 0 2 0 1 1 2 0 1 1 2 0 2 0 0 0 1 0 1 0 0 0 0 1 2 0 1 2 0 1 0 1 1 0 0 1 2 0 1 0 1 1 1 1 2 0 2 0 1 0 0 2 0 1 0 0 1 0 2 0 1 2 0 2 0 0 1 0 1 0 2 0 1 1 0 0 0 1 1 1 1 1 1 0 1 1 1 1 0 0 1
0 93 1 1 0 0 1 0 0 1 1 0 0 1 1 0 1 0 1 1 1 0 0 1 1 1 0 0 0 0 0 2 0 1 0 1 2 0 2 0 2 0 1 1 0 0 2 0 0 0 1 1 2 0 0 0 1 1 2 0 0 1 2 0 1 0 0 1 1 0 0 0 1 1 1 2 0 1 0 0 2 0 0 1 1 1 0 1 0 0 0 2 0 1 1
1 94 1 1 2 0 1 0 2 0 0 2 0 1 2 0 0 1 0 2 0 2 0 1 2 0 2 0 0 0 1 0 0 2 0 0 1 0 0 2 0 1 2 0 1 1 0 0 0 1 2 0 1 0 0 1 2 0 1 0 1 0 2 0 1 1 2 0 0 2 0 0 2 0 0 2 0 1 2 0 0 0 1 0 1 1 0 0 0 1 2 0 0 2 0 1
1 95 2 0 1 0 2 0 0 1 1 1 1 0 0 1 2 0 0 1 2 0 2 0 1 0 0 1 0 1 1 1 0 0 0 1 0 0 0 0 1 0 0 2 0 1 2 0 0 2 0 2 0 0 2 0 2 0 1 2 0 1 1 2 0 0 1 0 1 1 0 1 1 0 1 1 1 0 0 1 1 1 1 1 0 1 2 0 0 2 0 2 0 0 0 2 0
2 97 1 0 0 2 0 0 1 1 0 1 1 0 2 0 2 0 2 0 0 0 0 0 1 1 1 2 0 0 0 2 0 2 0 0 1 0 1 1 0 1 1 0 0 1 0 0 2 0 0 1 0 1 1 1 1 0 2 0 1 0 0 0 1 0 1 0 0 0 2 0 0 2 0 0 2 0 2 0 2 0 0 1 1 0 1 0 2 0 0 1 0 1 0 2 0 0 0
2 98 1 1 0 0 0 1 0 1 0 0 2 0 1 2 0 2 0 1 0 1 0 0 2 0 0 2 0 0 2 0 1 0 1 1 0 0 0 2 0 0 1 2 0 1 1 0 0 0 1 0 0 1 0 0 1 0 1 1 1 1 1 1 1 1 0 0 1 2 0 0 1 1 0 1 1 1 0 2 0 1 1 0 1 0 0 1 1 1 1 0 0 0 1 1 1 0 1 0
1 99 1 1 2 0 0 1 1 0 1 0 0 1 0 1 0 0 1 1 2 0 1 0 0 0 1 1 0 1 1 0 1 2 0 1 2 0 1 0 0 1 0 2 0 2 0 1 0 0 1 0 1 2 0 2 0 0 1 0 0 1 1 1 1 0 2 0 2 0 1 2 0 1 0 1 0 0 0 1 1 2 0 1 1 0 2 0 1 1 0 2 0 0 2 0 0 0 0 0 1
0 100 2 0 1 0 1 0 1 0 0 0 2 0 0 0 0 2 0 1 2 0 1 1 1 1 1 2 0 0 2 0 1 1 0 0 0 2 0 0 2 0 0 1 2 0 1 1 1 2 0 0 1 1 0 0 1 0 2 0 2 0 1 1 1 0 1 2 0 2 0 0 2 0 1 0 0 1 1 2 0 1 0 2 0 2 0 0 2 0 2 0 0 1 1 0 0 1 0 0 1 1
2 102 1 0 0 1 2 0 1 0 0 1 2 0 0 0 1 1 0 1 0 1 0 0 0 0 1 1 2 0 1 1 0 2 0 1 0 1 0 0 1 1 0 1 1 0 0 0 0 0 2 0 1 0 0 2 0 1 1 1 2 0 2 0 0 0 0 1 1 0 0 1 1 1 0 1 1 2 0 1 2 0 2 0 0 2 0 1 1 1 1 0 1 1 0 0 2 0 1 0 2 0 1 0
0 103 1 0 2 0 2 0 1 1 2 0 2 0 0 1 1 2 0 0 1 0 0 1 1 0 2 0 1 0 2 0 2 0 0 1 2 0 0 2 0 1 0 0 1 2 0 0 0 1 0 0 1 2 0 0 1 0 0 1 0 0 0 1 0 1 0 1 1 2 0 2 0 0 0 1 0 1 1 0 1 0 0 1 1 1 1 0 0 0 1 0 0 2 0 0 0 0 2 0 0 1 1 1 1
2 104 1 1 1 2 0 2 0 0 1 1 0 1 1 0 1 2 0 0 2 0 2 0 1 0 1 1 2 0 0 2 0 1 1 0 2 0 1 1 0 1 1 2 0 2 0 0 1 1 0 2 0 2 0 0 2 0 1 2 0 1 1 1 1 0 1 1 0 1 1 0 1 0 1 1 1 0 2 0 0 0 2 0 1 1 0 2 0 0 1 1 0 0 0 0 1 1 0 0 1 0 1 1 1 0
1 105 2 0 1 0 0 0 1 1 0 1 0 0 2 0 1 0 2 0 0 1 0 1 2 0 0 0 1 0 1 1 0 2 0 2 0 0 2 0 1 2 0 1 1 0 1 1 0 1 0 1 2 0 1 1 1 1 0 1 0 0 0 0 1 0 0 2 0 0 2 0 0 1 1 0 0 0 1 1 0 2 0 0 2 0 2 0 0 1 0 0 2 0 0 0 1 1 2 0 1 1 0 2 0 2 0
2 107 1 0 0 1 1 1 1 1 2 0 0 1 0 0 0 2 0 0 1 1 0 0 1 0 1 1 1 1 1 0 2 0 1 2 0 1 1 1 1 0 0 2 0 2 0 0 2 0 0 1 1 1 0 0 0 0 1 0 0 0 1 1 0 1 1 0 0 0 1 1 0 1 0 0 2 0 0 1 2 0 1 1 1 1 1 0 1 1 0 0 0 0 0 0 1 2 0 1 0 2 0 2 0 1 0 1 0
1 108 1 0 2 0 1 1 1 1 2 0 0 2 0 1 2 0 0 1 0 0 2 0 1 1 1 0 0 1 1 0 1 2 0 1 0 0 0 0 1 0 0 0 1 0 1 1 1 0 1 0 1 0 2 0 0 0 1 0 1 1 1 2 0 0 1 2 0 0 1 2 0 0 1 0 0 0 1 1 0 0 0 0 0 1 1 0 0 1 2 0 0 0 0 0 2 0 2 0 1 1 2 0 1 1 2 0 0 1
0 109 1 1 1 2 0 0 0 1 2 0 1 1 1 0 0 1 2 0 0 0 0 0 2 0 2 0 2 0 1 0 1 0 2 0 0 1 1 0 1 0 1 1 1 1 1 0 0 0 0 1 0 1 1 1 0 1 1 1 1 0 0 2 0 1 0 2 0 1 0 2 0 0 2 0 1 1 1 1 2 0 0 0 0 1 1 2 0 2 0 1 1 1 0 1 0 1 0 2 0 0 1 1 0 0 1 0 1 0 0
0 110 2 0 0 2 0 0 1 2 0 2 0 2 0 2 0 2 0 1 1 1 0 1 0 1 0 2 0 1 1 2 0 1 1 1 1 0 1 0 0 1 1 0 0 1 0 2 0 0 0 1 1 1 0 0 0 1 0 0 1 0 0 0 0 2 0 0 1 2 0 0 1 1 1 1 0 0 0 1 2 0 0 1 0 2 0 1 1 0 2 0 0 0 0 0 1 0 1 1 1 1 0 0 2 0 1 1 0 0 1 1
2 112 1 0 0 1 1 0 1 1 0 0 0 2 0 2 0 2 0 2 0 0 0 0 0 1 0 1 1 2 0 0 1 1 0 0 0 1 0 0 0 2 0 0 2 0 1 1 1 1 0 1 1 2 0 2 0 0 1 0 1 2 0 1 1 1 0 0 1 0 2 0 1 0 1 1 0 2 0 0 2 0 1 2 0 0 1 1 2 0 2 0 0 0 1 0 0 1 1 1 0 0 1 0 0 0 0 2 0 1 0 1 2 0
0 113 1 0 2 0 1 0 0 1 2 0 1 0 1 0 2 0 2 0 1 0 1 0 0 1 1 1 0 1 0 1 0 0 2 0 0 1 0 1 2 0 0 1 1 1 0 0 0 1 0 1 0 1 1 0 1 1 0 0 1 0 2 0 2 0 2 0 1 1 1 1 1 2 0 2 0 1 1 1 1 1 0 0 1 2 0 2 0 0 0 1 0 1 1 0 2 0 1 0 2 0 1 0 1 1 1 0 0 2 0 0 0 1 1
2 114 1 1 1 1 1 1 2 0 2 0 1 2 0 1 1 2 0 1 1 2 0 0 2 0 1 1 0 0 1 0 1 0 0 0 1 0 0 1 0 1 2 0 1 0 2 0 0 1 1 0 1 0 2 0 0 1 2 0 1 1 1 2 0 2 0 2 0 0 0 1 2 0 0 0 2 0 0 0 1 1 0 0 0 0 0 0 1 0 1 1 1 0 2 0 1 1 2 0 0 1 2 0 0 0 0 0 0 0 0 0 1 1 2 0
0 115 2 0 0 1 1 2 0 0 0 2 0 1 0 0 0 1 1 0 0 1 0 1 1 0 2 0 1 0 1 1 0 0 1 1 1 0 2 0 0 1 0 2 0 1 1 1 1 0 1 0 0 1 1 1 1 1 0 0 0 0 1 0 0 0 2 0 1 0 1 2 0 1 1 2 0 0 0 1 1 1 2 0 0 0 0 0 1 1 1 0 0 0 1 2 0 0 1 0 1 0 2 0 0 1 0 0 0 0 0 0 2 0 1 0 0
0 117 1 0 0 1 0 1 2 0 0 2 0 0 1 1 1 1 1 1 2 0 1 1 0 2 0 1 1 1 2 0 1 2 0 2 0 0 0 1 1 1 0 0 1 2 0 0 0 1 0 0 0 2 0 1 1 1 0 2 0 0 0 1 0 1 2 0 0 2 0 0 1 0 0 0 1 0 0 1 2 0 0 2 0 0 1 0 0 1 2 0 2 0 0 2 0 1 2 0 0 0 1 1 1 0 2 0 1 1 0 0 1 0 0 1 1 1 1
2 118 1 0 2 0 0 1 0 2 0 0 0 1 0 1 1 1 1 1 2 0 2 0 2 0 1 0 0 1 0 0 0 1 0 0 1 0 1 1 2 0 2 0 2 0 1 1 1 1 0 1 2 0 1 0 0 0 0 1 1 0 1 1 1 1 0 2 0 0 0 0 2 0 1 1 1 0 2 0 2 0 1 1 0 1 0 0 0 0 0 0 0 1 1 1 1 0 0 1 1 1 2 0 0 0 1 1 2 0 1 0 1 0 2 0 1 1 1 0
1 119 1 1 1 1 1 0 0 1 1 0 1 1 1 1 0 0 1 2 0 0 0 2 0 1 1 1 1 2 0 1 1 1 0 2 0 0 1 0 1 1 0 2 0 2 0 0 0 1 0 1 0 2 0 0 1 1 0 1 2 0 1 0 0 1 0 1 1 0 1 1 0 1 0 0 0 0 1 2 0 1 2 0 1 1 0 1 1 0 0 0 0 2 0 0 0 2 0 2 0 0 2 0 0 1 2 0 1 0 1 2 0 1 1 1 2 0 2 0 1
2 120 2 0 0 1 0 2 0 1 2 0 1 0 0 0 2 0 2 0 1 1 2 0 1 0 0 0 2 0 0 0 0 0 0 1 1 1 0 0 0 2 0 1 2 0 1 0 1 1 1 0 1 1 1 1 0 1 0 1 0 2 0 0 2 0 0 0 2 0 0 2 0 0 0 1 1 1 0 0 0 0 0 2 0 2 0 0 1 2 0 0 1 0 0 0 2 0 1 0 1 1 1 0 1 0 2 0 2 0 0 1 0 0 0 1 0 0 0 1 2 0
0 122 1 0 0 1 0 0 1 2 0 0 2 0 0 1 2 0 1 0 2 0 0 1 0 1 1 1 2 0 0 0 1 0 0 0 1 2 0 2 0 1 0 1 0 0 2 0 1 1 0 0 0 1 0 0 1 0 0 1 0 1 1 1 1 1 0 0 2 0 0 1 1 0 0 1 1 2 0 2 0 0 0 1 0 1 0 1 1 0 2 0 0 2 0 1 2 0 0 2 0 0 0 0 0 0 1 1 2 0 1 0 2 0 1 1 1 0 1 1 2 0 1 1
1 123 1 0 1 2 0 2 0 2 0 1 1 0 1 0 2 0 2 0 0 1 1 0 0 1 0 0 2 0 0 1 1 0 1 2 0 0 0 0 1 1 2 0 1 0 0 0 2 0 1 0 0 1 0 1 2 0 2 0 0 1 0 0 1 1 0 0 0 0 1 0 0 2 0 2 0 1 1 0 1 0 1 1 1 0 1 0 2 0 1 1 1 1 1 0 0 2 0 0 0 0 1 0 0 0 2 0 1 0 2 0 0 2 0 0 0 0 1 0 1 0 2 0 1
2 124 1 1 1 1 0 0 2 0 1 2 0 1 1 1 1 2 0 1 1 0 0 2 0 1 1 0 0 0 1 0 1 0 1 0 1 1 1 0 2 0 1 0 1 1 1 2 0 0 1 1 2 0 0 1 1 0 0 1 0 2 0 2 0 0 2 0 0 0 1 1 0 0 1 0 1 2 0 1 1 1 1 0 0 0 0 1 1 2 0 0 0 1 1 0 0 0 0 0 1 0 1 0 1 2 0 0 2 0 0 1 1 1 0 0 1 0 1 1 0 1 1 1 2 0
0 125 2 0 0 1 0 0 0 1 0 1 0 0 0 0 1 2 0 2 0 1 1 0 0 2 0 1 0 0 1 1 0 1 0 1 1 0 0 0 1 1 2 0 0 0 0 2 0 1 0 1 2 0 1 0 0 2 0 1 1 1 2 0 1 1 1 0 0 1 1 1 2 0 1 1 1 1 0 0 0 0 0 2 0 0 0 2 0 1 0 0 1 1 1 2 0 0 0 0 1 1 0 1 1 0 2 0 0 0 1 0 1 0 2 0 1 1 0 2 0 1 0 0 2 0 0
1 127 1 0 0 0 2 0 1 1 1 1 0 0 1 1 1 0 0 0 0 1 2 0 1 1 0 0 1 1 2 0 1 0 0 1 0 1 2 0 0 2 0 1 0 0 1 1 0 0 2 0 0 0 2 0 1 0 0 1 0 0 0 2 0 2 0 2 0 2 0 1 2 0 0 0 0 0 0 2 0 0 0 1 0 0 0 2 0 0 1 1 2 0 1 1 2 0 0 1 0 1 2 0 0 2 0 1 1 0 1 1 1 0 1 1 1 2 0 2 0 0 1 2 0 0 0 0 1
0 128 1 0 1 2 0 1 0 0 0 0 2 0 1 2 0 2 0 0 0 2 0 2 0 1 2 0 2 0 1 0 1 1 2 0 0 1 0 2 0 0 0 1 1 2 0 1 0 0 0 0 0 2 0 0 1 1 1 2 0 1 2 0 1 0 2 0 2 0 2 0 0 1 1 1 0 0 1 0 0 0 1 1 0 1 2 0 0 1 0 2 0 0 0 0 1 0 1 0 0 1 0 2 0 0 0 2 0 1 2 0 0 0 1 0 1 0 0 0 1 1 0 2 0 0 1 0 1 1
1 129 1 1 1 0 2 0 0 1 1 1 0 1 0 1 0 0 1 0 2 0 1 0 2 0 1 0 0 1 2 0 0 0 1 0 1 0 0 1 1 0 1 2 0 1 0 1 1 1 1 0 1 0 0 1 0 1 2 0 0 0 0 2 0 1 1 2 0 2 0 1 1 0 1 0 2 0 1 0 1 1 1 2 0 1 0 1 2 0 0 1 1 0 1 0 1 1 0 0 2 0 0 1 1 0 2 0 1 0 0 1 1 1 1 1 0 0 1 1 1 2 0 1 1 1 0 0 0 2 0
2 130 2 0 0 0 1 1 1 0 1 1 0 0 1 0 0 2 0 0 1 1 2 0 0 1 1 1 2 0 2 0 0 1 1 1 0 0 2 0 1 0 1 0 2 0 1 1 0 0 1 0 0 0 2 0 0 1 0 1 1 1 1 0 1 0 0 1 1 0 1 2 0 1 1 1 1 1 2 0 0 0 0 2 0 2 0 0 0 1 2 0 1 0 0 1 0 2 0 0 0 0 1 0 1 0 1 1 1 1 2 0 1 1 1 0 2 0 2 0 0 2 0 2 0 2 0 1 2 0 0 0
2 132 1 0 0 0 1 2 0 0 0 0 1 2 0 1 1 0 0 0 1 0 1 2 0 1 0 1 2 0 0 0 1 1 0 1 1 0 0 0 0 1 2 0 1 1 1 2 0 1 0 1 0 1 2 0 0 1 0 0 1 0 0 1 0 0 0 2 0 1 0 1 1 0 0 0 0 1 1 2 0 0 1 1 0 1 0 1 0 1 2 0 2 0 0 2 0 0 1 1 0 1 0 1 1 0 1 1 0 0 2 0 0 0 0 0 0 1 2 0 1 1 1 1 0 2 0 2 0 0 1 1 1 0
1 133 1 0 1 1 2 0 1 1 1 0 2 0 2 0 1 2 0 0 1 1 1 0 2 0 1 1 0 1 1 1 1 2 0 0 1 2 0 0 1 0 0 0 0 0 0 2 0 1 2 0 1 1 0 1 1 2 0 1 2 0 1 2 0 1 2 0 0 1 2 0 1 2 0 0 0 2 0 1 0 1 0 1 0 0 1 0 1 1 1 0 0 1 1 1 0 1 0 1 0 0 1 0 2 0 0 2 0 0 0 0 0 1 0 0 1 0 0 0 0 0 0 1 0 1 2 0 1 1 0 1 0 2 0
2 134 1 1 1 0 1 1 0 0 0 0 1 2 0 2 0 0 1 2 0 1 1 0 1 1 2 0 1 2 0 0 1 2 0 1 0 2 0 0 2 0 1 1 0 0 1 0 1 0 0 2 0 2 0 1 0 1 1 0 1 0 0 1 0 0 0 2 0 0 0 0 0 0 1 1 2 0 0 1 2 0 1 0 0 2 0 0 0 2 0 2 0 2 0 0 0 0 1 0 0 2 0 0 1 1 1 1 0 0 1 0 0 1 0 1 2 0 1 1 0 0 0 1 1 1 0 2 0 2 0 0 1 1 1 0
1 135 2 0 0 0 0 1 2 0 0 1 0 0 0 0 1 1 0 2 0 2 0 1 2 0 1 1 0 0 1 2 0 2 0 2 0 0 1 1 1 0 2 0 1 0 1 1 0 1 0 0 1 0 1 1 2 0 2 0 0 0 1 2 0 1 2 0 0 0 1 0 0 0 2 0 1 0 1 0 2 0 1 2 0 0 0 0 2 0 1 0 2 0 1 0 1 0 1 1 0 0 0 1 0 1 1 0 2 0 1 0 2 0 0 1 0 2 0 1 2 0 0 2 0 0 0 1 2 0 1 1 0 1 0 2 0
2 137 1 0 0 0 1 0 2 0 1 1 2 0 1 1 0 1 2 0 1 2 0 2 0 0 2 0 2 0 0 0 0 0 0 2 0 1 1 0 1 1 0 1 1 1 2 0 2 0 0 0 2 0 0 1 0 1 1 0 1 0 2 0 0 0 0 0 1 1 1 1 0 1 2 0 0 1 2 0 1 1 2 0 0 1 1 1 1 0 0 2 0 0 1 1 2 0 1 0 1 2 0 0 1 1 0 2 0 1 1 2 0 0 1 1 0 0 1 2 0 0 2 0 0 0 0 1 2 0 2 0 2 0 0 1 1 1 0
1 138 1 0 1 1 1 1 1 2 0 0 1 0 2 0 2 0 0 0 0 1 0 0 1 1 1 1 0 1 0 1 0 0 1 0 0 2 0 1 1 2 0 1 0 1 0 0 0 1 0 2 0 0 1 0 0 0 2 0 0 1 1 1 0 1 0 0 2 0 0 1 0 1 0 2 0 0 0 0 0 0 1 0 1 0 1 1 1 0 0 0 0 1 0 1 2 0 2 0 0 0 1 2 0 1 0 1 2 0 0 1 0 1 0 0 2 0 2 0 2 0 0 0 0 1 1 0 0 0 0 2 0 1 1 0 1 0 2 0
2 139 1 1 1 0 0 1 1 2 0 1 0 0 1 2 0 1 0 1 0 1 0 2 0 1 1 1 0 0 1 0 0 2 0 0 0 0 1 0 0 1 0 1 2 0 0 1 1 1 1 1 1 0 2 0 1 2 0 0 1 0 1 1 0 0 1 0 0 0 1 0 0 0 1 1 1 0 1 0 0 0 1 1 0 1 0 2 0 2 0 0 0 1 1 1 1 0 0 1 0 1 2 0 2 0 1 1 0 1 2 0 0 0 1 0 0 1 0 2 0 1 0 1 0 1 1 2 0 0 1 0 0 2 0 1 1 1 1 1 0
1 140 1 2 0 2 0 2 0 1 0 1 1 2 0 2 0 1 2 0 1 0 1 1 1 2 0 2 0 2 0 0 0 0 0 0 1 0 1 0 2 0 0 1 0 1 2 0 1 1 1 1 1 0 1 2 0 0 1 2 0 0 0 1 2 0 1 0 1 1 1 0 1 1 2 0 0 0 0 0 1 1 1 2 0 0 1 1 2 0 1 0 1 2 0 0 0 2 0 1 1 1 1 0 0 1 2 0 1 2 0 1 1 1 1 0 2 0 0 1 1 1 2 0 1 1 0 1 0 1 0 0 0 0 1 0 0 0 1 0 2 0
2 142 1 0 0 0 0 2 0 1 2 0 0 0 1 1 0 2 0 0 2 0 1 1 0 1 0 0 0 2 0 1 0 1 0 0 0 1 1 0 1 1 1 1 0 0 1 1 0 0 0 0 1 1 0 1 0 1 2 0 2 0 0 1 2 0 2 0 1 1 0 0 0 1 0 1 0 0 1 0 0 2 0 0 2 0 1 0 1 2 0 2 0 0 0 1 1 2 0 1 0 0 0 1 0 0 0 0 0 0 1 0 0 0 0 1 0 1 1 1 0 1 1 2 0 2 0 1 1 1 0 0 1 1 0 1 0 1 1 1 1 1 1 0
1 143 1 0 1 1 1 0 1 0 0 1 1 1 1 2 0 1 1 1 1 0 2 0 1 1 0 1 2 0 0 1 2 0 0 1 1 1 2 0 1 0 0 0 2 0 1 1 2 0 0 0 1 2 0 0 1 1 1 0 0 1 1 1 0 0 0 1 2 0 1 0 0 1 1 0 0 2 0 0 0 0 0 1 1 0 2 0 0 1 0 0 1 0 1 2 0 1 0 1 1 1 1 1 0 1 1 0 0 0 1 0 1 1 0 1 1 1 0 0 0 1 0 1 1 0 1 2 0 2 0 2 0 1 0 0 1 1 0 0 1 1 0 2 0
2 144 1 1 1 0 0 0 0 0 2 0 1 1 2 0 0 0 0 0 1 0 1 1 2 0 1 2 0 1 2 0 2 0 1 0 1 1 2 0 1 1 1 2 0 1 0 0 1 0 0 1 2 0 1 2 0 1 0 2 0 1 2 0 2 0 0 2 0 2 0 0 2 0 1 0 0 0 0 0 1 0 0 1 2 0 1 1 0 2 0 2 0 0 1 0 2 0 1 1 0 0 1 1 0 0 1 2 0 0 1 1 0 2 0 0 2 0 2 0 0 1 1 0 2 0 1 1 0 0 2 0 1 1 1 2 0 0 2 0 1 2 0 1 1 0
2 145 1 2 0 2 0 0 0 1 0 1 0 0 1 0 0 1 0 0 1 1 1 0 1 1 0 1 0 0 1 0 0 1 2 0 0 0 1 1 0 0 0 2 0 1 1 2 0 0 0 0 0 0 0 0 2 0 1 1 2 0 1 0 0 1 1 1 1 0 1 1 1 0 1 1 1 1 0 0 1 0 2 0 2 0 2 0 2 0 1 0 1 1 0 0 1 1 2 0 1 0 1 1 2 0 2 0 1 2 0 1 0 1 1 1 1 1 0 1 1 0 1 0 1 1 2 0 1 1 0 1 0 0 0 2 0 1 1 1 0 0 2 0 1 2 0
0 147 1 0 0 0 0 1 0 1 1 1 0 0 1 2 0 1 2 0 2 0 1 1 0 0 2 0 0 0 1 2 0 2 0 2 0 0 1 1 1 2 0 1 0 1 0 0 1 0 0 1 0 0 0 0 1 0 1 0 0 1 0 1 1 2 0 1 1 1 0 1 0 0 0 1 0 0 0 2 0 1 1 1 2 0 2 0 2 0 1 1 2 0 1 2 0 2 0 1 0 2 0 0 0 1 1 0 2 0 0 2 0 1 1 0 0 1 1 0 0 2 0 0 1 1 0 1 0 2 0 1 1 0 1 2 0 1 0 0 0 0 0 0 1 0 0 1 1
2 148 1 0 1 1 0 1 1 1 0 0 0 0 0 0 0 0 1 0 0 1 2 0 1 1 0 0 0 2 0 0 0 0 2 0 1 1 0 1 1 2 0 1 2 0 0 1 2 0 1 2 0 1 1 0 1 1 0 0 2 0 0 1 0 1 1 0 0 0 0 0 0 1 1 1 0 1 2 0 1 0 0 1 0 0 0 2 0 2 0 0 1 1 0 1 0 0 1 2 0 0 1 0 1 1 2 0 1 1 1 1 0 2 0 1 0 1 2 0 0 0 0 1 0 1 0 0 1 1 1 2 0 1 2 0 2 0 0 1 1 0 0 0 1 0 2 0 1 0
0 149 1 1 0 2 0 0 2 0 2 0 0 0 0 0 0 0 1 0 2 0 2 0 2 0 1 0 1 0 0 0 1 1 0 0 2 0 1 2 0 1 1 0 0 2 0 0 0 0 0 0 2 0 2 0 0 2 0 0 0 0 1 0 0 0 1 2 0 0 0 0 0 2 0 0 0 1 0 2 0 0 1 2 0 1 2 0 1 0 1 1 0 1 0 0 0 2 0 2 0 1 0 0 1 0 1 1 0 0 0 1 0 1 1 2 0 0 0 1 1 1 0 1 1 0 0 2 0 1 2 0 0 0 1 0 0 1 1 0 0 2 0 0 1 1 1 1 1 1 1
2 150 1 2 0 1 1 1 1 1 0 1 0 1 0 0 0 0 1 1 1 2 0 2 0 1 1 2 0 0 1 1 1 2 0 0 0 1 0 0 2 0 2 0 0 0 0 0 1 0 0 1 0 1 0 1 1 1 0 0 1 0 1 0 1 1 2 0 1 1 1 0 1 0 0 0 1 1 1 1 1 1 1 0 0 0 0 2 0 1 0 2 0 0 0 1 2 0 1 0 1 1 1 2 0 0 0 1 2 0 0 1 1 1 0 1 0 0 1 2 0 0 0 0 2 0 0 0 1 0 0 1 1 1 1 0 2 0 1 0 0 0 0 1 0 1 1 1 1 1 1 0
1 152 1 0 0 0 0 0 0 1 1 0 0 1 0 0 1 1 0 2 0 1 0 0 0 2 0 0 1 0 1 0 1 1 2 0 0 1 1 1 0 0 1 0 1 0 1 0 0 1 0 2 0 0 0 1 0 2 0 2 0 1 1 0 1 1 0 1 1 0 0 0 0 0 0 1 1 2 0 0 1 1 1 0 2 0 0 1 0 0 2 0 0 1 0 1 2 0 2 0 1 1 0 0 2 0 0 1 2 0 1 2 0 1 1 0 0 0 2 0 2 0 0 1 1 0 0 0 1 1 0 2 0 1 1 1 0 1 1 1 1 1 1 0 1 1 1 0 0 1 1 0 2 0
2 153 1 0 1 1 0 0 0 1 1 2 0 1 0 2 0 1 0 1 1 1 1 1 2 0 0 1 0 0 0 1 1 0 1 0 1 0 1 0 2 0 1 1 0 1 0 0 2 0 0 1 1 0 1 1 1 1 2 0 1 2 0 1 1 2 0 0 1 2 0 0 0 0 0 2 0 1 0 1 0 1 1 0 1 1 1 0 0 0 0 0 1 0 0 1 1 0 0 1 2 0 1 1 0 0 1 1 0 0 0 0 2 0 1 2 0 1 0 1 0 1 1 0 0 2 0 0 1 2 0 1 2 0 0 0 0 1 0 0 1 1 1 0 0 2 0 2 0 1 2 0 1 1 0
2 154 1 1 0 1 2 0 0 2 0 1 0 2 0 0 1 2 0 0 0 0 1 1 2 0 0 2 0 1 1 1 2 0 0 1 0 1 0 1 1 1 2 0 1 1 1 0 0 0 1 0 1 0 1 0 0 2 0 0 0 1 0 0 0 1 0 1 0 2 0 0 1 0 1 0 0 1 2 0 1 0 2 0 0 2 0 2 0 0 0 0 1 0 2 0 0 2 0 2 0 2 0 1 2 0 1 1 2 0 0 1 0 1 0 0 2 0 1 0 1 0 2 0 0 0 0 1 1 0 0 0 0 1 1 1 0 1 0 2 0 1 1 0 0 0 1 0 2 0 0 2 0 1 2 0
0 155 1 2 0 1 0 2 0 0 0 2 0 0 1 1 0 2 0 0 1 0 2 0 1 0 1 1 1 0 0 0 2 0 1 0 0 0 1 1 0 0 2 0 2 0 2 0 1 1 1 1 0 1 0 1 0 0 0 0 1 1 0 1 1 1 1 0 1 1 1 1 0 0 0 0 2 0 2 0 2 0 0 1 1 1 1 0 1 0 1 0 1 1 1 1 1 1 1 0 2 0 2 0 1 0 0 0 1 0 1 0 0 0 1 0 0 0 1 2 0 1 1 1 0 1 0 1 1 2 0 0 0 2 0 0 0 0 1 1 1 2 0 1 0 0 1 1 1 1 1 1 1 0 0 1 1
2 156 2 0 2 0 1 1 1 0 2 0 0 1 0 1 0 1 1 1 0 0 1 1 1 2 0 2 0 2 0 1 0 0 1 1 1 1 1 2 0 0 0 1 0 2 0 2 0 0 0 1 0 0 1 0 0 1 1 0 1 2 0 1 0 0 1 0 1 0 0 0 2 0 0 1 0 1 0 2 0 1 1 0 1 1 1 0 0 1 0 1 1 0 0 1 1 1 1 0 1 2 0 1 1 1 1 1 1 1 0 0 1 1 1 0 1 2 0 0 0 0 0 0 0 0 1 1 0 1 0 0 2 0 0 0 1 0 2 0 0 2 0 1 1 2 0 1 1 1 1 1 0 2 0 1 2 0
0 158 1 0 1 0 2 0 0 0 0 1 1 1 0 0 0 1 0 2 0 2 0 2 0 1 0 0 0 2 0 1 1 1 2 0 1 1 1 1 2 0 0 1 1 1 1 2 0 1 0 1 1 0 1 2 0 2 0 1 0 1 0 2 0 0 2 0 0 0 0 1 2 0 0 1 0 0 0 1 1 1 2 0 1 1 2 0 2 0 1 1 0 1 2 0 2 0 0 1 0 1 1 0 0 0 0 1 1 1 0 2 0 2 0 0 0 1 0 1 1 1 0 0 0 0 0 1 2 0 0 1 0 0 0 0 1 1 1 1 1 1 1 1 0 0 1 1 0 0 0 1 1 0 1 2 0 0 1 1
2 159 1 1 0 1 1 1 0 1 0 1 2 0 2 0 0 1 1 1 2 0 2 0 1 1 1 1 2 0 1 0 0 1 0 0 0 0 0 1 2 0 1 0 1 1 1 2 0 1 2 0 2 0 1 1 0 0 1 1 2 0 1 1 1 1 1 0 0 1 0 2 0 1 1 2 0 1 1 2 0 1 0 0 0 0 1 1 0 1 2 0 2 0 0 0 0 1 1 0 0 0 1 2 0 0 0 2 0 0 0 1 2 0 1 0 1 1 1 0 2 0 2 0 0 0 0 2 0 1 1 2 0 1 1 0 2 0 0 1 1 1 1 0 2 0 1 1 2 0 0 1 2 0 1 0 1 2 0 1 0
1 160 1 2 0 1 0 0 0 0 1 1 1 0 0 1 1 0 1 2 0 0 0 2 0 0 0 1 2 0 1 1 1 2 0 1 1 0 0 2 0 2 0 1 1 0 1 0 0 0 1 0 0 1 2 0 1 0 2 0 1 1 0 0 0 1 0 2 0 1 1 1 2 0 0 1 1 0 0 1 0 1 1 1 1 0 1 2 0 1 1 0 0 1 0 1 0 1 1 2 0 0 2 0 1 1 2 0 0 0 1 2 0 2 0 1 1 0 0 0 1 2 0 1 0 1 1 0 1 0 0 1 0 2 0 2 0 0 1 0 1 1 1 0 1 2 0 0 1 0 1 0 2 0 2 0 0 0 2 0 0 1
0 161 2 0 2 0 0 1 1 0 1 2 0 2 0 1 2 0 1 0 1 1 2 0 0 0 2 0 0 0 0 0 0 2 0 2 0 1 1 0 1 0 1 2 0 1 1 0 1 1 1 0 2 0 2 0 2 0 0 1 2 0 1 0 0 1 1 1 2 0 0 0 2 0 1 0 0 2 0 1 1 1 0 0 1 0 1 0 2 0 1 2 0 1 1 0 1 1 0 1 0 1 1 1 0 0 1 0 0 2 0 0 0 0 1 2 0 1 0 0 2 0 2 0 1 0 2 0 0 0 2 0 0 1 2 0 1 1 0 0 1 0 0 0 1 0 1 2 0 0 0 1 1 2 0 1 0 2 0 0 1 0 0
0 163 1 0 1 0 1 1 0 1 0 1 1 0 0 2 0 0 2 0 1 1 0 1 0 0 2 0 0 0 1 0 0 1 0 1 0 1 2 0 1 1 1 1 0 2 0 2 0 1 0 0 0 1 2 0 2 0 1 1 0 2 0 1 1 2 0 1 1 2 0 0 2 0 0 1 2 0 0 0 2 0 2 0 2 0 0 0 1 1 2 0 0 2 0 2 0 0 2 0 0 1 0 2 0 2 0 1 1 0 0 0 0 1 0 2 0 2 0 1 0 0 1 0 1 2 0 0 1 0 2 0 0 1 0 2 0 2 0 1 0 1 0 1 1 1 1 1 0 1 1 1 2 0 1 0 2 0 0 1 0 2 0 1 1
1 164 1 1 0 1 0 2 0 0 1 0 2 0 0 0 0 1 1 0 2 0 1 1 1 0 0 0 0 1 1 0 2 0 0 0 1 1 1 0 0 0 0 1 0 1 2 0 1 1 1 1 2 0 0 0 0 1 2 0 2 0 1 0 0 1 1 0 0 1 0 1 1 0 1 0 2 0 0 2 0 1 0 2 0 1 0 1 2 0 1 0 1 1 1 0 1 1 1 0 1 0 0 1 2 0 1 2 0 1 0 0 0 1 1 1 2 0 1 1 1 2 0 0 1 0 1 2 0 0 1 1 1 0 0 1 2 0 1 1 2 0 1 1 0 0 1 1 0 1 0 0 2 0 2 0 0 1 1 0 0 1 1 2 0 1
1 165 1 2 0 0 1 1 1 1 0 0 1 1 0 1 0 1 2 0 1 1 2 0 2 0 1 1 0 1 2 0 1 1 0 1 1 2 0 2 0 0 0 1 1 1 1 0 0 0 0 1 2 0 0 1 1 0 0 0 0 1 1 1 2 0 0 2 0 1 1 0 2 0 0 1 1 1 1 1 0 2 0 0 1 2 0 0 0 2 0 1 1 0 0 0 1 0 0 0 0 1 0 0 0 0 0 0 2 0 0 1 1 2 0 1 0 0 0 0 0 2 0 1 0 0 1 0 1 2 0 1 1 0 0 0 0 0 0 0 1 0 2 0 1 0 1 2 0 0 1 0 0 1 0 1 1 0 0 2 0 2 0 1 0 2 0
2 166 2 0 1 2 0 1 1 0 2 0 1 2 0 0 1 1 1 0 0 0 1 1 0 1 2 0 1 2 0 2 0 2 0 1 0 1 1 0 1 0 1 2 0 0 0 2 0 0 0 2 0 1 2 0 0 2 0 0 0 2 0 0 2 0 1 1 0 2 0 2 0 0 1 0 1 1 1 1 0 1 1 1 0 2 0 0 2 0 0 2 0 1 0 0 1 0 1 1 0 1 0 1 1 0 0 1 0 0 1 0 1 2 0 1 1 1 1 0 1 0 0 1 1 2 0 0 1 0 2 0 1 2 0 0 0 0 0 0 1 1 1 1 2 0 0 0 1 1 2 0 2 0 0 0 2 0 0 0 1 0 1 2 0 0 1 0
1 168 1 0 1 0 0 2 0 2 0 1 2 0 0 1 2 0 1 0 2 0 0 1 2 0 1 1 0 0 1 0 0 2 0 1 1 2 0 2 0 0 1 1 0 1 1 2 0 0 0 2 0 1 0 0 2 0 0 0 0 2 0 0 1 1 0 2 0 2 0 1 0 1 1 0 0 1 0 0 1 0 1 0 0 0 1 1 1 1 0 1 1 0 1 1 2 0 0 0 2 0 0 1 0 1 2 0 1 0 2 0 0 1 1 0 0 0 0 1 0 0 0 2 0 1 2 0 1 0 0 1 2 0 0 1 1 1 0 0 0 2 0 0 1 2 0 0 1 2 0 1 1 0 1 0 2 0 0 0 1 1 1 1 0 1 1 2 0 1
1 169 1 1 0 1 0 0 1 0 2 0 0 1 2 0 2 0 2 0 0 1 1 0 2 0 2 0 1 0 1 1 0 0 1 0 0 1 1 0 1 1 0 1 0 1 0 1 0 0 2 0 0 1 2 0 0 0 0 1 1 0 0 1 0 1 0 1 2 0 1 1 2 0 1 2 0 1 0 2 0 0 0 0 1 1 2 0 0 1 0 0 2 0 1 0 1 0 0 2 0 0 1 0 0 1 0 2 0 1 1 1 1 0 0 2 0 0 0 1 0 1 2 0 1 0 0 2 0 0 2 0 2 0 1 0 1 0 2 0 1 0 0 1 0 2 0 1 0 2 0 2 0 1 1 1 1 1 0 1 2 0 0 1 0 1 0 1 0 2 0
2 170 1 2 0 0 0 2 0 0 1 1 1 1 0 0 0 2 0 1 1 0 1 0 1 2 0 1 1 2 0 1 2 0 1 0 2 0 1 0 0 2 0 0 1 0 1 0 1 0 0 0 1 0 2 0 0 1 0 1 1 2 0 1 1 0 1 1 1 0 0 0 1 1 0 0 2 0 1 1 1 0 1 0 2 0 1 0 1 0 0 0 0 0 1 2 0 1 0 0 0 0 2 0 2 0 0 1 2 0 0 0 1 0 0 0 0 0 1 1 1 1 0 2 0 1 0 0 0 1 1 1 0 1 1 2 0 1 1 1 1 1 2 0 0 1 1 2 0 0 2 0 2 0 0 0 1 1 0 1 0 1 2 0 0 0 1 0 1 1 1 0
1 171 2 0 1 1 2 0 0 1 0 1 1 0 2 0 1 0 0 2 0 1 1 1 1 1 0 0 0 1 1 0 0 2 0 1 1 1 1 2 0 0 0 1 0 0 0 1 0 0 1 1 1 1 1 1 1 0 0 1 0 1 0 2 0 1 1 2 0 2 0 0 1 2 0 0 0 1 0 0 0 0 0 1 1 1 1 2 0 0 1 1 0 0 2 0 2 0 0 1 1 1 0 1 0 1 1 0 2 0 0 1 1 0 1 1 0 0 2 0 0 1 0 1 1 1 1 1 1 2 0 0 0 1 0 1 1 0 0 0 1 1 2 0 1 0 1 2 0 1 1 1 0 1 0 1 1 2 0 0 1 1 0 1 1 1 1 1 0 2 0 2 0
2 173 1 0 1 0 0 1 0 1 0 0 0 2 0 1 1 1 2 0 0 1 0 0 0 1 0 2 0 0 1 2 0 0 0 1 0 0 0 1 2 0 0 1 1 0 1 1 1 0 2 0 1 1 1 1 1 0 2 0 1 1 0 1 1 2 0 0 1 1 0 1 1 0 2 0 0 1 1 0 1 1 0 0 2 0 0 1 2 0 1 0 1 0 0 0 1 0 1 1 0 1 1 0 0 1 0 2 0 1 1 1 0 1 0 0 2 0 0 0 0 1 0 0 1 0 0 1 1 1 2 0 0 1 1 1 0 1 2 0 0 2 0 1 0 2 0 0 1 0 0 0 0 0 0 1 1 0 1 0 1 0 1 0 1 0 0 1 1 0 1 2 0 1 0
1 174 1 1 0 0 2 0 0 0 0 1 2 0 1 0 0 0 2 0 0 2 0 1 1 1 1 1 1 1 0 2 0 0 1 1 0 1 1 2 0 1 2 0 1 0 1 0 0 0 1 2 0 0 0 1 1 0 1 1 2 0 1 2 0 1 0 1 0 1 0 0 2 0 1 1 1 0 1 0 0 2 0 0 0 0 1 0 2 0 1 2 0 0 1 1 1 1 0 2 0 0 1 2 0 1 1 1 2 0 0 0 0 0 1 0 0 0 0 1 0 1 0 1 2 0 2 0 1 1 2 0 1 0 1 1 0 1 0 2 0 0 0 2 0 0 1 0 2 0 1 1 0 0 0 1 2 0 0 1 0 1 0 1 0 0 2 0 1 0 1 0 2 0 0 1
0 175 1 2 0 0 0 0 0 1 0 2 0 2 0 0 1 2 0 0 1 1 1 0 0 0 1 1 1 1 0 1 1 1 0 1 0 1 0 1 1 0 0 2 0 1 0 0 1 1 2 0 1 1 1 1 2 0 1 0 1 1 0 0 2 0 1 0 1 0 1 0 0 1 0 0 0 0 0 1 0 0 0 0 1 0 1 1 1 2 0 0 1 2 0 1 1 1 0 1 1 1 1 0 0 0 0 0 2 0 0 1 0 0 1 0 1 1 0 1 1 0 1 1 1 0 0 2 0 0 1 0 1 2 0 2 0 0 1 1 1 0 2 0 0 1 0 0 1 1 2 0 1 0 0 2 0 1 2 0 0 0 1 0 1 0 0 0 1 2 0 1 1 1 1 0 0
0 176 2 0 1 1 1 0 0 1 1 1 2 0 1 1 0 2 0 1 0 1 0 2 0 0 2 0 0 1 0 1 0 0 0 0 1 0 1 0 2 0 0 0 0 1 1 2 0 2 0 0 0 0 0 1 2 0 1 2 0 2 0 0 0 0 1 2 0 1 0 0 1 2 0 1 1 0 0 1 0 1 1 0 1 1 1 0 0 2 0 1 1 0 0 0 0 0 0 1 0 0 0 2 0 0 0 1 0 0 0 2 0 2 0 0 0 2 0 0 2 0 1 0 0 0 0 0 0 1 0 0 1 1 0 0 1 1 0 1 1 0 1 1 0 2 0 2 0 1 2 0 1 2 0 0 1 0 0 1 1 1 1 1 0 0 1 2 0 0 0 0 0 0 0 2 0 0
1 178 1 0 0 2 0 2 0 2 0 1 1 2 0 2 0 2 0 0 1 2 0 1 1 1 1 1 0 1 0 0 0 0 1 1 0 1 1 0 1 1 1 0 1 0 2 0 1 1 0 1 0 1 0 1 0 0 0 0 1 0 0 1 0 1 0 2 0 2 0 0 2 0 2 0 2 0 1 0 1 1 0 2 0 1 0 0 0 0 0 0 2 0 1 0 0 0 0 0 1 0 1 2 0 0 0 1 1 0 1 2 0 1 0 1 0 2 0 0 1 1 0 1 1 1 1 0 0 0 1 0 2 0 0 2 0 1 2 0 0 2 0 0 2 0 1 2 0 2 0 1 0 0 0 1 1 2 0 2 0 1 1 1 0 2 0 2 0 1 1 1 0 0 0 1 0 0 0 1
0 179 1 1 0 0 1 0 2 0 2 0 0 1 1 0 2 0 1 1 1 0 0 0 0 0 1 1 0 0 0 1 1 0 1 2 0 0 2 0 1 0 0 0 0 1 1 1 2 0 1 1 1 0 1 0 0 1 1 0 1 0 2 0 0 0 1 1 2 0 1 1 1 1 0 2 0 1 1 2 0 2 0 1 1 1 1 1 1 0 0 1 0 0 1 1 1 1 0 0 1 1 1 0 1 1 1 1 2 0 1 0 2 0 1 0 1 1 1 1 0 1 0 1 0 0 0 2 0 0 1 1 1 1 1 1 1 0 0 2 0 0 0 1 1 1 0 1 0 0 1 1 1 1 1 2 0 1 1 0 2 0 0 0 0 1 2 0 1 2 0 2 0 1 1 1 0 1 1 1 1
2 180 1 1 2 0 1 1 1 2 0 1 1 0 1 0 1 1 2 0 2 0 1 1 0 0 1 1 2 0 0 1 2 0 1 0 2 0 0 0 1 1 1 1 0 2 0 1 0 0 0 0 0 0 0 0 2 0 1 0 0 1 1 1 0 1 2 0 1 1 0 0 0 1 0 1 2 0 0 1 1 0 2 0 0 0 1 1 0 2 0 1 0 2 0 1 1 0 2 0 2 0 0 0 1 0 0 1 2 0 2 0 0 1 2 0 0 0 0 1 0 0 1 0 0 1 2 0 0 1 0 1 1 1 1 1 1 0 0 0 0 0 1 2 0 0 0 0 0 2 0 1 1 1 1 2 0 2 0 2 0 0 0 1 1 0 0 0 0 1 0 0 2 0 0 0 0 1 0 0 1 0
1 181 2 0 1 1 0 0 0 2 0 2 0 1 1 1 1 0 1 1 0 1 2 0 1 0 2 0 1 0 1 0 2 0 2 0 0 1 0 1 2 0 0 1 0 1 1 1 1 1 1 0 0 0 0 1 0 0 1 1 2 0 1 1 0 1 0 2 0 1 2 0 0 1 1 1 0 1 2 0 1 0 1 1 0 1 1 2 0 1 1 2 0 0 1 2 0 2 0 1 0 1 0 1 1 1 0 0 0 0 0 1 1 0 2 0 0 1 0 1 0 1 2 0 2 0 2 0 1 0 0 1 0 0 1 1 0 2 0 0 0 0 2 0 1 1 1 0 1 0 1 0 0 0 2 0 0 0 2 0 1 0 1 1 1 2 0 0 0 1 1 0 0 0 0 1 0 1 0 1 2 0 1
1 183 1 0 0 2 0 1 0 1 0 1 0 2 0 0 0 1 0 0 2 0 1 0 2 0 1 1 1 1 2 0 1 1 2 0 1 1 0 0 1 0 1 2 0 0 1 0 0 1 1 0 2 0 0 0 1 0 2 0 1 2 0 2 0 1 1 1 1 2 0 0 1 2 0 1 1 0 1 0 2 0 1 0 2 0 1 0 1 1 0 0 1 0 1 1 0 0 0 1 1 2 0 1 0 2 0 2 0 0 0 0 1 2 0 1 1 1 0 0 0 1 1 1 0 0 2 0 1 1 1 1 2 0 2 0 1 0 1 1 0 1 1 0 1 0 0 0 0 0 1 0 0 1 2 0 0 0 2 0 0 2 0 0 0 0 2 0 0 1 1 1 2 0 0 0 1 1 0 1 1 0 2 0 1
2 184 1 1 0 0 0 1 2 0 1 0 1 1 1 0 1 1 1 0 0 0 2 0 0 2 0 0 0 2 0 0 0 0 1 0 2 0 1 0 1 1 1 0 1 1 2 0 2 0 1 0 1 1 0 1 1 1 1 2 0 1 0 0 2 0 0 0 1 2 0 1 0 2 0 2 0 1 1 1 1 1 2 0 0 1 1 2 0 1 2 0 1 1 0 1 2 0 0 2 0 1 0 2 0 0 2 0 1 0 1 0 2 0 2 0 2 0 2 0 0 2 0 0 0 0 0 1 0 0 0 2 0 0 0 1 1 2 0 2 0 0 2 0 0 0 1 1 0 0 1 0 2 0 2 0 0 2 0 0 1 1 0 0 1 1 0 0 1 0 1 1 2 0 0 1 1 2 0 0 2 0 1 1 2 0
0 185 1 1 2 0 0 2 0 2 0 1 1 0 0 0 0 2 0 2 0 1 0 0 1 1 0 0 2 0 0 0 1 0 1 1 1 1 2 0 0 0 0 0 1 0 1 1 0 1 1 2 0 2 0 1 0 0 1 2 0 1 2 0 0 0 0 1 2 0 2 0 1 1 2 0 2 0 0 0 1 1 2 0 1 0 2 0 0 0 0 2 0 2 0 1 0 2 0 0 0 2 0 0 1 1 1 0 1 2 0 1 1 2 0 2 0 2 0 1 1 1 0 0 1 0 0 1 0 1 2 0 0 0 1 2 0 1 1 0 1 1 1 0 0 1 1 1 2 0 1 1 1 2 0 1 1 1 0 1 0 0 2 0 1 1 2 0 1 1 1 0 1 0 1 0 1 2 0 1 1 1 0 0 1 0 0
0 186 2 0 1 0 1 1 1 0 1 2 0 1 0 0 1 0 1 0 1 1 1 2 0 1 0 0 0 0 0 1 1 1 1 0 0 1 2 0 0 1 0 0 1 1 0 2 0 1 0 1 1 0 1 1 2 0 0 0 0 0 0 1 1 1 1 0 0 0 0 2 0 0 1 1 0 1 0 1 2 0 1 0 2 0 0 1 0 1 1 0 1 0 1 2 0 0 1 0 2 0 0 1 0 1 1 0 1 1 0 0 0 1 1 0 2 0 1 2 0 2 0 1 2 0 2 0 0 1 0 1 1 1 2 0 2 0 2 0 0 2 0 2 0 2 0 1 0 0 0 0 1 0 0 0 0 0 0 0 1 0 0 1 0 0 1 1 0 0 0 0 0 1 0 1 1 0 2 0 2 0 2 0 1 0 1 1
1 188 1 0 0 2 0 0 0 0 0 1 0 2 0 0 2 0 0 0 1 1 0 0 2 0 1 1 1 1 0 0 2 0 0 0 2 0 2 0 1 1 2 0 2 0 1 0 1 1 1 2 0 2 0 1 0 1 0 0 1 0 0 0 2 0 0 0 2 0 0 1 0 0 1 0 1 0 0 1 1 0 2 0 1 1 1 1 0 0 0 2 0 0 1 1 0 1 2 0 0 1 1 1 0 0 0 2 0 0 1 2 0 0 1 2 0 1 2 0 1 0 0 2 0 1 0 0 1 1 0 0 1 0 1 0 0 0 2 0 1 1 1 1 0 2 0 1 1 1 1 1 0 1 0 1 1 0 0 0 0 1 0 1 2 0 2 0 0 2 0 0 0 0 1 1 0 2 0 1 2 0 2 0 1 1 2 0 2 0
2 189 1 1 0 0 0 0 1 0 0 1 1 1 1 1 1 0 0 1 1 2 0 0 0 1 0 0 0 1 0 0 0 0 0 2 0 1 0 2 0 0 1 1 0 1 2 0 0 0 1 0 0 0 1 1 2 0 0 1 2 0 1 2 0 0 0 2 0 0 0 2 0 2 0 0 0 0 2 0 1 0 1 2 0 0 0 0 2 0 1 0 0 1 0 1 0 1 0 1 2 0 1 0 2 0 1 0 0 1 0 2 0 1 1 0 0 0 0 2 0 1 0 0 0 1 1 2 0 0 2 0 1 1 0 0 1 2 0 1 0 0 0 1 0 1 2 0 0 0 1 1 0 0 1 0 1 2 0 0 0 1 1 1 1 0 0 1 1 1 0 0 1 0 1 2 0 1 2 0 1 0 0 2 0 0 1 1 0 1 0
1 190 1 1 2 0 0 0 1 0 2 0 1 1 1 1 0 2 0 2 0 1 0 0 1 1 0 1 1 1 0 1 1 0 1 0 0 2 0 0 1 1 0 1 0 1 0 1 1 1 1 0 1 1 2 0 1 0 1 1 0 0 0 0 1 1 2 0 0 0 2 0 1 0 1 0 1 1 0 0 2 0 0 0 1 1 1 1 0 0 1 1 2 0 0 0 1 0 1 1 0 2 0 1 1 1 1 1 2 0 0 1 1 2 0 1 0 0 1 0 0 1 1 1 1 2 0 1 0 1 1 0 2 0 1 0 2 0 2 0 0 1 1 1 1 1 0 1 1 1 1 1 2 0 1 1 1 0 1 1 1 2 0 0 0 2 0 1 2 0 2 0 1 1 1 1 0 0 0 2 0 1 0 0 0 1 0 1 0 0 0 1
0 191 2 0 1 0 0 1 1 1 1 2 0 0 0 1 0 1 2 0 1 1 1 2 0 1 0 1 0 0 0 0 2 0 0 1 0 0 0 1 0 1 0 0 1 0 1 1 0 0 1 0 1 0 1 0 1 2 0 1 2 0 0 0 2 0 1 0 0 2 0 0 1 2 0 1 0 2 0 0 0 0 0 1 2 0 0 0 2 0 2 0 1 0 0 1 1 1 0 2 0 1 2 0 0 0 1 1 2 0 1 0 1 2 0 1 1 1 2 0 2 0 1 1 1 2 0 1 2 0 2 0 1 1 2 0 0 2 0 1 1 0 1 1 1 1 0 1 0 0 1 2 0 0 0 0 0 0 1 0 0 2 0 0 2 0 1 0 1 0 0 2 0 0 0 0 2 0 1 0 0 1 1 1 1 1 1 0 0 1 1 1 1
2 193 1 0 0 1 1 2 0 1 1 1 2 0 0 1 1 1 1 1 0 0 0 0 2 0 1 2 0 0 1 1 1 0 0 0 2 0 1 1 1 1 0 0 2 0 0 0 1 2 0 1 1 0 1 0 1 1 1 0 0 0 1 1 2 0 0 1 2 0 0 0 1 0 2 0 2 0 0 1 0 1 0 0 2 0 1 1 2 0 1 0 1 1 1 2 0 1 1 0 1 2 0 0 1 1 1 2 0 1 0 2 0 0 1 0 0 0 1 0 0 0 2 0 0 1 0 0 0 1 0 0 2 0 0 1 0 1 1 0 2 0 1 2 0 0 1 0 0 0 2 0 2 0 0 1 0 0 0 1 1 0 0 0 1 1 0 1 2 0 1 0 0 0 0 1 1 0 0 1 1 2 0 1 1 1 1 0 2 0 2 0 0 1 0
1 194 1 0 2 0 2 0 0 0 0 0 2 0 1 0 1 1 1 0 2 0 0 1 0 1 0 0 1 2 0 1 0 2 0 1 0 1 0 0 0 1 0 0 0 0 0 1 2 0 2 0 2 0 0 1 0 2 0 2 0 0 2 0 1 0 1 0 2 0 0 1 1 1 1 2 0 1 1 0 0 0 1 0 0 1 0 0 1 0 2 0 0 0 0 2 0 2 0 1 2 0 1 2 0 1 1 2 0 2 0 0 1 0 2 0 1 1 1 0 1 2 0 0 0 2 0 1 1 1 1 0 0 0 1 0 0 0 2 0 1 2 0 0 1 1 2 0 1 2 0 1 0 1 0 2 0 1 1 1 1 2 0 0 1 2 0 1 0 2 0 0 1 1 0 1 1 2 0 2 0 1 1 0 0 0 1 0 1 2 0 1 0 2 0 1
2 195 1 1 1 2 0 1 0 1 0 1 0 0 2 0 0 0 0 0 1 1 1 0 0 0 0 2 0 2 0 2 0 0 1 1 2 0 0 1 1 1 0 1 1 0 1 0 0 0 0 2 0 1 1 0 0 1 2 0 1 1 1 0 1 2 0 1 1 1 1 0 1 1 1 2 0 2 0 1 0 0 1 0 1 2 0 2 0 0 1 1 0 1 1 0 1 0 2 0 1 0 0 1 0 0 0 1 1 0 1 1 0 0 1 2 0 0 0 0 1 0 1 1 2 0 1 0 0 0 0 2 0 0 1 0 1 2 0 1 0 0 1 2 0 2 0 0 0 0 2 0 1 0 1 1 2 0 0 0 1 2 0 1 0 2 0 2 0 0 1 1 0 1 0 1 0 1 1 0 1 2 0 1 0 0 1 1 1 0 2 0 1 1 1 2 0
0 196 2 0 0 2 0 1 2 0 1 0 1 0 0 0 0 1 0 0 1 2 0 2 0 0 1 0 1 0 2 0 1 1 0 1 2 0 1 0 1 1 0 0 2 0 0 0 1 1 1 0 0 2 0 1 1 0 0 0 0 0 0 0 1 1 0 0 0 0 1 0 1 0 1 0 0 0 1 1 1 2 0 0 1 1 0 0 1 1 0 1 0 0 2 0 0 1 1 1 1 1 1 2 0 1 1 1 2 0 0 1 2 0 2 0 1 1 1 0 1 1 1 0 1 0 1 1 1 1 1 0 0 1 0 0 1 0 2 0 1 0 0 0 0 0 1 0 1 1 0 0 2 0 0 0 1 0 0 1 2 0 2 0 1 1 2 0 1 1 0 1 0 0 1 0 1 0 2 0 1 0 2 0 0 2 0 1 1 0 1 2 0 0 0 2 0 0
1 198 1 0 0 1 1 1 0 0 2 0 1 0 0 1 1 0 1 1 0 0 0 0 0 1 1 0 0 0 1 1 1 2 0 1 2 0 2 0 1 0 2 0 0 0 0 0 1 2 0 0 0 0 0 0 2 0 1 0 0 0 0 0 0 1 1 2 0 0 0 1 1 0 1 0 0 1 1 2 0 0 2 0 1 0 0 2 0 1 2 0 0 1 0 0 0 1 0 1 1 1 1 2 0 0 0 0 0 2 0 1 1 0 0 0 2 0 0 0 0 1 0 0 0 0 1 1 0 0 1 0 2 0 1 0 2 0 0 1 1 1 1 1 1 0 0 1 1 0 2 0 0 0 0 0 1 1 1 0 0 0 0 0 2 0 0 1 0 2 0 1 1 0 2 0 0 0 1 1 1 2 0 0 1 1 1 0 2 0 1 2 0 1 1 2 0 0 0 1
0 199 1 0 2 0 1 1 0 0 0 0 1 1 2 0 1 0 0 1 2 0 0 0 0 1 1 2 0 0 2 0 1 0 0 0 1 0 0 1 2 0 0 1 0 1 0 0 2 0 1 1 1 0 0 1 0 0 1 1 1 1 0 0 0 2 0 1 0 0 1 1 2 0 0 0 2 0 1 2 0 1 1 0 1 2 0 0 1 0 0 1 1 2 0 1 1 1 1 1 0 0 1 2 0 0 1 0 1 0 0 2 0 1 0 1 0 0 0 1 0 1 0 1 1 0 1 1 2 0 1 1 1 1 2 0 0 1 1 0 1 1 1 1 0 2 0 1 2 0 1 1 0 1 0 0 1 2 0 2 0 0 0 1 0 0 1 0 0 1 1 2 0 2 0 0 0 1 2 0 0 2 0 1 0 1 1 0 1 2 0 1 0 0 0 1 0 0 1 1 1
2 200 1 1 1 1 2 0 1 0 0 0 2 0 1 0 1 1 2 0 2 0 0 1 0 2 0 1 0 1 1 0 1 1 1 1 1 0 2 0 2 0 1 0 0 0 1 0 0 0 2 0 2 0 1 2 0 2 0 1 1 0 2 0 1 0 0 1 1 2 0 1 2 0 0 2 0 1 0 0 2 0 2 0 1 0 1 1 2 0 2 0 2 0 0 0 0 0 1 0 2 0 2 0 1 2 0 0 0 1 0 0 0 1 2 0 0 1 1 1 1 0 1 0 2 0 1 0 1 1 0 0 0 1 2 0 1 0 1 0 1 0 0 1 0 1 2 0 0 2 0 2 0 0 1 0 0 0 0 0 1 0 1 1 0 1 2 0 2 0 2 0 0 0 1 0 1 2 0 2 0 0 0 1 2 0 2 0 1 0 2 0 0 1 1 1 0 2 0 1 1 0
2 201 2 0 0 1 2 0 1 1 1 2 0 0 2 0 0 0 1 1 0 1 1 0 0 1 1 1 2 0 2 0 1 0 0 1 1 0 1 2 0 1 1 1 1 1 1 0 1 2 0 1 0 2 0 1 0 0 1 2 0 2 0 0 1 1 2 0 2 0 0 0 0 2 0 0 0 1 2 0 0 1 0 1 2 0 0 0 1 1 0 2 0 1 0 1 0 0 1 1 1 2 0 2 0 0 1 1 1 1 0 1 1 2 0 1 2 0 1 1 1 0 0 1 1 1 1 2 0 1 2 0 0 2 0 2 0 1 0 1 0 0 2 0 0 1 0 2 0 0 1 0 1 0 2 0 1 1 0 0 1 1 0 2 0 1 1 0 0 2 0 1 0 1 1 1 1 1 0 0 1 0 2 0 0 0 0 1 2 0 0 1 1 0 1 1 0 1 1 2 0 1 0
0 203 1 0 0 1 1 0 0 0 0 0 2 0 1 1 0 0 1 1 2 0 0 1 2 0 2 0 1 0 0 0 1 1 1 2 0 1 0 1 1 0 0 0 0 1 1 1 0 1 0 2 0 1 1 1 1 2 0 0 0 0 0 1 1 0 2 0 0 0 1 0 1 1 0 0 0 1 2 0 1 2 0 0 1 0 1 1 1 1 2 0 1 1 1 2 0 0 2 0 1 2 0 0 0 1 1 0 1 1 1 0 1 0 1 1 0 0 2 0 2 0 2 0 2 0 0 2 0 0 0 0 2 0 0 1 0 1 1 2 0 1 0 0 0 1 0 0 1 1 1 0 0 0 1 1 1 2 0 1 0 1 2 0 1 1 2 0 1 1 0 0 2 0 0 0 0 1 0 2 0 1 1 1 1 0 1 0 2 0 1 2 0 1 0 0 2 0 1 0 1 0 1 1 1
2 204 1 0 2 0 0 2 0 0 0 1 0 0 2 0 1 0 2 0 1 0 1 1 0 0 0 1 1 1 1 1 2 0 0 2 0 1 2 0 1 2 0 0 0 2 0 0 0 0 1 1 2 0 0 0 1 2 0 0 1 0 0 1 2 0 1 1 0 1 1 1 0 1 2 0 1 0 0 0 0 0 1 2 0 0 1 0 0 2 0 0 0 0 0 2 0 1 1 1 0 0 1 1 1 1 2 0 1 0 0 0 0 1 0 2 0 0 0 1 0 2 0 2 0 1 1 1 0 0 1 1 0 0 1 0 0 1 0 1 0 1 1 1 1 1 0 2 0 1 0 2 0 0 2 0 0 2 0 2 0 0 1 0 0 0 1 0 2 0 1 1 0 0 0 1 0 1 1 1 2 0 0 0 1 0 0 1 1 2 0 0 2 0 1 0 0 0 1 2 0 1 1 0 0 0
2 205 1 1 1 1 1 1 0 0 1 1 1 0 0 0 2 0 0 1 1 2 0 1 2 0 0 2 0 0 1 1 2 0 1 1 1 0 1 0 0 0 1 1 2 0 0 0 1 0 2 0 1 0 0 1 2 0 1 1 2 0 2 0 2 0 2 0 1 2 0 0 0 1 0 2 0 0 1 1 0 0 2 0 1 2 0 0 0 0 0 0 1 0 1 0 0 2 0 2 0 2 0 1 1 1 2 0 1 1 1 1 0 1 1 1 1 0 1 1 1 1 2 0 1 2 0 2 0 2 0 0 2 0 1 0 2 0 0 0 1 1 0 0 1 1 0 1 1 2 0 0 1 1 1 0 1 1 1 0 1 0 2 0 1 1 1 1 1 1 2 0 1 0 0 1 1 1 0 0 2 0 0 1 1 0 2 0 1 2 0 1 1 0 1 1 1 1 2 0 2 0 1 2 0 0 0
2 206 2 0 0 1 1 0 2 0 1 2 0 2 0 1 0 0 1 0 2 0 0 0 0 2 0 0 0 1 0 2 0 0 0 0 0 0 0 0 1 1 2 0 1 0 0 1 1 1 1 1 1 2 0 0 0 0 0 0 1 1 0 2 0 2 0 2 0 0 1 1 1 1 1 1 1 1 0 1 0 0 0 1 0 0 1 1 1 0 0 0 1 1 0 1 0 0 1 0 2 0 2 0 0 1 0 0 0 0 0 1 0 1 0 0 1 0 1 0 0 2 0 0 0 1 0 0 2 0 1 1 1 0 2 0 0 1 0 1 1 1 2 0 1 2 0 1 0 1 0 1 0 1 1 0 1 0 0 0 0 1 1 2 0 0 0 1 1 1 2 0 1 1 2 0 1 1 0 0 0 0 1 0 1 0 1 2 0 0 2 0 2 0 1 0 0 2 0 0 0 2 0 0 1 1 1 0
1 208 1 0 0 1 0 1 0 1 2 0 1 0 0 1 1 1 2 0 0 1 1 0 1 1 0 0 0 1 1 1 1 1 0 1 0 0 0 0 0 2 0 1 0 1 1 2 0 1 1 1 1 1 2 0 0 1 0 0 0 1 2 0 1 2 0 2 0 1 1 0 1 1 1 1 1 1 1 0 0 0 1 1 1 0 2 0 1 0 2 0 0 1 2 0 0 0 2 0 0 1 2 0 1 0 2 0 1 1 0 0 1 1 0 0 2 0 0 0 1 0 0 0 0 1 1 1 0 0 1 0 0 0 0 1 1 1 0 0 1 0 1 0 0 0 0 2 0 1 0 1 0 1 0 2 0 0 0 1 1 0 2 0 1 0 0 1 2 0 1 0 0 0 0 1 0 2 0 1 0 0 0 1 1 0 1 1 0 2 0 0 1 0 1 1 2 0 0 0 0 2 0 0 1 0 1 0 2 0
2 209 1 0 2 0 0 0 1 1 0 2 0 0 2 0 1 1 2 0 1 0 1 0 0 1 2 0 0 2 0 0 1 1 0 0 0 1 1 0 1 0 0 2 0 0 0 1 1 0 0 0 1 1 2 0 0 2 0 1 2 0 0 0 0 1 0 0 1 2 0 1 2 0 0 1 1 1 0 2 0 0 2 0 0 0 1 1 2 0 0 1 1 0 2 0 0 2 0 0 1 0 2 0 2 0 0 1 2 0 1 0 1 2 0 0 0 0 0 1 1 0 1 1 0 1 2 0 2 0 1 0 1 1 0 1 2 0 2 0 1 1 0 0 1 1 1 0 0 1 2 0 1 0 1 1 1 0 1 1 2 0 1 1 1 1 2 0 2 0 1 1 1 1 0 1 1 1 1 1 1 1 1 1 2 0 0 2 0 1 1 1 0 0 1 0 1 0 0 1 1 0 0 1 0 0 0 1 1 1 0
1 210 1 1 1 1 0 1 1 2 0 1 1 1 1 1 0 0 1 0 1 2 0 0 2 0 2 0 1 1 0 1 0 0 2 0 0 1 2 0 0 1 0 0 0 0 1 1 1 2 0 0 2 0 1 0 1 1 1 0 0 1 1 1 0 1 1 0 0 0 0 0 0 1 2 0 1 1 0 1 1 1 1 0 0 1 2 0 1 0 1 0 1 0 1 1 1 1 0 1 0 0 1 2 0 1 1 0 2 0 2 0 0 0 1 1 1 0 0 1 2 0 0 2 0 1 1 0 0 1 1 2 0 2 0 1 1 0 0 1 2 0 1 0 1 2 0 2 0 2 0 2 0 1 1 0 0 0 1 0 1 1 0 0 0 2 0 0 0 2 0 0 0 1 0 1 0 0 1 1 1 1 1 1 2 0 1 1 0 2 0 2 0 2 0 0 0 0 2 0 0 2 0 1 0 1 1 1 2 0 2 0
2 211 2 0 0 1 0 1 0 1 1 0 0 0 1 0 2 0 1 1 1 0 2 0 0 1 0 1 2 0 1 1 1 0 0 0 1 0 2 0 0 2 0 1 1 0 2 0 0 2 0 1 1 0 1 2 0 2 0 2 0 2 0 0 0 0 1 2 0 0 0 0 0 2 0 2 0 2 0 1 0 0 0 2 0 2 0 2 0 1 0 1 0 1 1 0 0 1 0 0 0 2 0 2 0 2 0 2 0 1 0 1 0 1 1 2 0 2 0 2 0 2 0 0 0 2 0 1 0 2 0 1 1 0 1 2 0 1 0 2 0 2 0 1 1 1 0 0 2 0 2 0 1 2 0 1 0 0 1 1 0 1 2 0 1 0 0 0 2 0 0 0 1 1 1 0 0 2 0 1 1 1 1 1 2 0 2 0 2 0 1 0 2 0 1 0 1 1 0 0 1 1 0 2 0 0 0 1 0 0 0 1 0
1 213 1 0 0 1 0 0 0 1 0 1 2 0 0 1 1 1 2 0 0 0 0 1 1 1 0 0 1 0 2 0 2 0 2 0 0 1 1 1 1 1 1 0 2 0 2 0 0 1 1 0 2 0 2 0 0 0 0 2 0 2 0 1 0 1 0 2 0 1 1 1 0 1 0 1 0 2 0 1 1 1 1 2 0 1 0 2 0 1 1 2 0 1 0 1 2 0 1 0 1 2 0 1 0 2 0 2 0 1 1 2 0 1 1 0 1 1 0 2 0 2 0 1 0 2 0 0 2 0 0 1 2 0 1 2 0 2 0 1 1 2 0 2 0 0 0 0 0 0 1 0 2 0 0 2 0 0 2 0 1 0 1 0 2 0 0 1 2 0 0 0 1 2 0 0 0 0 0 1 0 0 0 1 2 0 0 0 2 0 1 2 0 0 1 1 2 0 1 2 0 1 2 0 1 1 0 1 1 0 1 1 1 0 1
1 214 1 0 1 2 0 1 1 1 1 1 0 1 2 0 1 1 2 0 0 1 0 1 2 0 2 0 1 1 1 2 0 2 0 1 1 0 1 1 1 1 1 0 1 2 0 1 1 0 1 0 1 2 0 1 0 1 1 0 1 0 1 1 2 0 1 1 2 0 0 0 0 0 1 0 1 1 2 0 0 0 1 2 0 2 0 0 2 0 0 1 0 2 0 0 0 2 0 1 1 0 2 0 1 1 2 0 2 0 0 1 0 2 0 1 1 2 0 1 2 0 1 2 0 0 1 1 1 0 1 1 0 0 0 1 0 0 2 0 0 1 1 0 1 0 1 0 0 0 1 1 1 1 1 1 0 1 1 0 1 2 0 1 1 1 1 0 2 0 0 1 2 0 1 1 1 0 0 1 0 1 1 2 0 1 1 2 0 1 0 0 1 2 0 2 0 0 0 1 0 0 0 2 0 2 0 0 2 0 1 0 0 0 0 1
0 215 1 1 1 1 0 0 0 0 1 1 0 1 1 0 0 0 1 0 1 0 0 1 1 0 0 2 0 0 1 0 0 0 1 2 0 1 2 0 0 1 1 0 1 0 2 0 2 0 0 1 1 0 2 0 1 0 2 0 0 1 1 0 1 1 0 0 1 0 0 1 0 0 1 1 1 0 1 0 0 2 0 0 0 0 1 1 1 0 1 0 0 1 1 0 2 0 0 2 0 2 0 1 0 0 1 1 0 1 1 0 0 1 2 0 0 1 1 0 1 0 0 0 1 2 0 1 1 0 0 1 2 0 0 1 1 0 0 0 1 0 1 0 0 1 0 0 1 1 2 0 0 1 1 1 0 0 2 0 1 1 0 0 0 0 1 0 1 1 1 0 2 0 2 0 2 0 2 0 0 1 0 1 1 0 0 1 0 1 2 0 0 0 0 0 1 0 1 1 0 1 2 0 1 0 1 1 1 0 1 1 1 1 0 1 1
2 216 2 0 0 0 2 0 0 0 1 2 0 0 1 2 0 0 1 1 0 0 2 0 1 0 0 0 0 0 2 0 1 2 0 0 0 0 0 1 2 0 1 0 0 1 1 2 0 1 1 0 1 0 1 1 2 0 0 1 1 0 1 0 0 1 2 0 1 0 1 2 0 2 0 1 1 0 0 1 0 0 0 0 1 0 2 0 0 0 0 0 2 0 1 0 1 1 1 1 1 0 1 1 1 2 0 1 0 0 1 2 0 2 0 1 2 0 1 0 0 0 1 1 2 0 2 0 1 2 0 2 0 1 2 0 0 2 0 0 1 1 0 0 1 2 0 2 0 1 2 0 1 0 1 1 0 0 0 0 2 0 1 0 0 0 1 1 1 0 0 0 1 2 0 2 0 2 0 1 1 0 0 0 1 2 0 1 1 1 0 1 1 1 0 0 1 1 0 2 0 1 0 2 0 1 1 0 0 0 1 0 0 1 0 0 2 0
0 218 1 0 0 0 2 0 0 0 1 2 0 1 2 0 2 0 1 0 1 0 0 0 0 1 1 1 1 0 1 0 1 0 0 1 1 1 0 0 2 0 2 0 0 2 0 1 2 0 2 0 1 1 1 1 0 1 0 1 0 1 0 0 0 2 0 2 0 2 0 0 1 0 0 1 2 0 1 0 1 0 1 1 0 1 1 1 1 0 1 0 1 0 0 2 0 0 0 0 1 1 0 1 0 0 2 0 1 2 0 0 0 0 0 2 0 0 2 0 0 1 1 2 0 1 1 0 2 0 1 0 0 2 0 0 2 0 0 0 1 0 1 0 0 0 0 0 0 2 0 0 2 0 1 0 1 2 0 0 1 0 0 1 1 1 1 1 2 0 2 0 1 0 0 0 0 2 0 1 2 0 1 0 1 0 0 0 0 0 0 0 0 2 0 2 0 1 2 0 1 1 2 0 0 1 2 0 1 0 0 1 0 2 0 0 0 0 0 0
0 219 1 0 1 2 0 0 0 2 0 0 0 0 1 0 0 1 1 2 0 0 1 1 0 2 0 0 1 0 0 1 0 0 2 0 1 1 0 0 0 1 0 1 1 1 1 0 1 0 0 2 0 0 0 1 0 0 1 0 1 0 0 1 2 0 1 0 2 0 1 0 2 0 2 0 2 0 1 2 0 1 0 2 0 1 0 0 1 0 0 1 0 1 0 0 0 0 1 0 1 2 0 0 1 0 0 1 0 0 1 1 1 0 1 0 0 1 1 0 1 0 1 2 0 2 0 2 0 0 1 2 0 0 0 1 1 0 0 1 1 1 0 0 1 1 0 0 1 0 0 1 1 0 2 0 0 0 1 1 2 0 2 0 1 1 1 2 0 0 0 1 1 1 1 1 1 0 1 0 0 2 0 1 0 0 1 1 0 0 0 0 1 0 1 0 2 0 1 0 0 0 1 0 1 0 2 0 1 1 2 0 0 1 1 0 1 0 0 0 0
0 220 1 1 1 0 1 1 2 0 0 0 1 0 1 0 2 0 1 2 0 1 0 1 0 1 1 0 2 0 2 0 0 0 0 0 2 0 1 0 0 1 1 1 0 0 1 0 0 1 0 0 0 0 1 1 0 2 0 0 0 0 2 0 2 0 2 0 0 1 2 0 0 2 0 2 0 2 0 0 2 0 1 1 1 1 1 1 2 0 2 0 0 0 0 1 1 0 1 1 1 0 1 1 2 0 1 2 0 2 0 1 1 0 0 0 2 0 1 0 0 1 1 1 0 0 2 0 1 1 0 2 0 0 1 1 1 2 0 1 2 0 2 0 1 1 2 0 1 0 2 0 1 0 1 1 0 1 2 0 1 1 0 2 0 0 0 2 0 0 1 2 0 0 1 1 1 0 0 1 0 0 0 1 1 2 0 0 2 0 0 0 1 1 0 1 1 1 1 1 1 1 1 1 0 1 1 2 0 0 1 0 1 0 1 0 0 0 1 1 0 0
0 221 2 0 0 0 1 0 1 0 0 1 1 1 0 1 1 2 0 0 2 0 1 0 1 0 2 0 1 2 0 1 0 1 0 1 0 0 1 1 2 0 1 0 2 0 1 0 1 2 0 1 1 0 1 2 0 1 1 0 1 1 0 1 0 2 0 1 1 0 2 0 1 1 1 0 2 0 1 1 1 1 0 0 0 1 1 2 0 0 0 1 0 1 0 1 2 0 1 0 0 0 1 0 1 1 0 1 0 0 1 2 0 1 0 1 0 0 1 1 2 0 1 1 0 0 0 0 2 0 2 0 0 1 0 1 2 0 0 0 1 0 0 2 0 0 1 0 2 0 0 1 1 2 0 2 0 1 0 2 0 2 0 1 1 0 2 0 0 1 0 2 0 1 0 1 0 2 0 1 0 1 1 2 0 1 0 1 1 0 0 1 1 2 0 1 0 0 1 1 1 1 1 1 0 1 0 1 0 1 0 0 0 1 0 0 1 1 1 1 2 0 0
1 223 1 0 0 0 1 1 1 0 0 2 0 1 1 0 1 0 1 0 1 1 0 1 2 0 1 1 2 0 0 2 0 1 0 1 0 0 2 0 1 2 0 2 0 0 1 2 0 0 0 2 0 2 0 1 0 2 0 2 0 0 2 0 0 1 1 1 2 0 2 0 1 0 0 0 0 1 2 0 0 0 0 2 0 0 2 0 1 0 0 1 1 1 0 1 1 0 2 0 0 1 1 1 1 0 2 0 0 0 2 0 2 0 1 2 0 0 2 0 1 2 0 2 0 1 0 0 1 0 1 0 1 1 0 0 1 0 1 1 1 1 1 0 0 0 1 0 0 1 1 1 0 2 0 0 0 1 2 0 0 2 0 1 2 0 2 0 0 1 0 0 1 1 1 2 0 1 1 1 2 0 0 0 1 0 1 2 0 1 2 0 2 0 1 0 1 1 2 0 1 1 1 1 1 0 0 1 0 1 0 0 1 1 1 0 2 0 1 1 1 2 0 0 1
0 224 1 0 1 1 2 0 0 0 0 0 0 2 0 1 1 1 0 1 0 2 0 1 1 0 0 0 1 0 1 1 0 1 2 0 1 0 0 1 0 1 0 0 1 1 0 2 0 0 2 0 1 0 1 2 0 0 2 0 1 1 1 0 1 0 1 2 0 0 0 1 1 1 1 1 0 2 0 1 1 1 1 0 0 1 1 0 1 1 2 0 1 1 0 0 2 0 1 1 1 0 1 1 1 0 1 1 0 2 0 1 0 2 0 0 2 0 0 1 0 1 0 0 1 1 1 2 0 0 0 1 0 1 2 0 1 1 1 0 0 1 0 2 0 0 1 0 2 0 1 1 0 1 1 0 1 2 0 2 0 0 1 0 1 0 0 1 0 2 0 2 0 1 2 0 0 0 0 0 2 0 0 1 1 1 1 1 0 0 1 0 0 1 2 0 0 0 1 1 0 0 0 1 0 2 0 1 1 0 0 2 0 1 1 0 1 2 0 0 0 2 0 1 0 0
0 225 1 1 1 0 1 0 0 1 0 0 1 0 1 0 0 0 0 0 1 1 1 2 0 1 0 0 1 1 0 2 0 1 0 2 0 0 2 0 0 0 0 2 0 1 0 1 1 1 1 0 2 0 0 0 2 0 0 1 0 0 0 0 0 1 1 0 1 1 1 2 0 0 1 1 0 1 2 0 0 0 0 2 0 1 2 0 1 0 1 0 2 0 1 1 0 1 0 0 0 0 1 0 0 0 0 2 0 1 1 2 0 0 1 1 1 0 1 0 0 0 0 2 0 1 1 2 0 0 1 1 1 1 0 2 0 2 0 2 0 1 1 1 1 1 0 0 1 1 2 0 1 1 2 0 1 1 0 0 1 1 0 0 0 0 2 0 0 1 2 0 2 0 0 1 1 1 0 1 0 0 1 0 1 1 1 0 2 0 1 0 2 0 2 0 0 1 1 1 2 0 0 1 1 1 1 2 0 1 1 0 0 2 0 1 2 0 1 1 2 0 0 1 1 1 1
2 226 2 0 0 0 0 0 1 2 0 2 0 0 0 0 1 1 0 0 2 0 0 2 0 1 1 2 0 1 0 1 1 2 0 0 1 1 1 0 0 1 1 0 0 2 0 0 0 0 1 0 1 1 0 2 0 0 0 2 0 1 1 0 0 1 2 0 1 0 0 2 0 1 0 1 0 1 0 1 1 1 1 0 1 0 0 2 0 1 0 1 1 1 2 0 1 1 0 1 1 0 1 0 1 1 1 0 1 0 0 1 0 1 0 1 1 0 0 0 1 1 1 0 1 0 0 1 0 1 0 1 1 1 0 1 2 0 2 0 2 0 0 0 1 0 2 0 2 0 1 1 0 0 1 0 2 0 1 0 1 1 2 0 0 1 0 0 1 1 0 0 0 1 1 0 1 1 0 0 0 2 0 0 1 0 0 0 1 1 2 0 0 2 0 1 1 0 1 1 2 0 1 0 1 1 1 2 0 2 0 1 1 0 1 0 1 0 0 0 1 0 1 0 1 1 1 0
1 228 1 0 0 0 1 0 1 0 0 0 0 1 0 1 0 1 2 0 0 0 0 1 1 1 0 0 1 0 2 0 0 0 1 0 1 0 1 0 2 0 1 2 0 0 0 0 0 1 0 1 1 0 2 0 1 1 0 2 0 0 2 0 1 0 2 0 2 0 1 0 0 0 1 2 0 1 0 1 1 0 0 1 0 0 1 0 0 0 2 0 0 0 0 2 0 2 0 1 1 2 0 0 1 1 0 0 0 0 0 2 0 0 0 1 0 1 2 0 0 2 0 0 0 0 0 2 0 0 0 1 1 0 0 0 1 1 0 0 2 0 1 0 1 1 1 1 2 0 1 2 0 1 0 1 1 1 1 2 0 0 0 1 0 0 2 0 2 0 0 2 0 0 1 2 0 0 1 2 0 1 0 0 0 2 0 1 1 2 0 1 0 1 1 0 2 0 1 2 0 1 0 2 0 0 0 1 0 0 0 1 2 0 1 1 1 0 0 1 1 1 1 0 1 0 2 0 2 0
2 229 1 0 1 1 1 1 0 0 1 1 0 1 1 0 1 1 0 1 1 1 0 1 2 0 2 0 1 1 1 1 0 1 1 1 0 1 0 1 1 2 0 0 1 1 1 0 0 1 1 0 2 0 1 1 2 0 2 0 0 1 1 0 2 0 0 2 0 1 1 1 1 1 2 0 2 0 1 0 1 2 0 1 0 1 2 0 1 2 0 0 0 1 1 0 1 0 2 0 0 1 0 1 0 0 2 0 0 0 1 0 0 0 1 1 1 1 0 2 0 0 0 0 1 0 1 0 0 0 1 1 1 2 0 0 1 2 0 0 0 0 2 0 0 0 0 2 0 0 0 0 2 0 1 1 0 0 1 2 0 0 1 1 1 0 0 1 0 1 1 1 0 1 0 2 0 1 0 2 0 1 1 1 2 0 1 0 0 1 0 1 2 0 2 0 1 2 0 0 2 0 1 1 1 0 1 1 0 1 1 2 0 2 0 2 0 2 0 2 0 0 1 0 0 1 1 2 0 1 0
0 230 1 1 1 0 0 0 2 0 1 2 0 0 2 0 0 2 0 1 0 0 0 1 1 0 0 2 0 0 0 1 0 1 0 0 0 0 1 1 0 1 0 1 0 1 0 2 0 1 2 0 1 2 0 0 1 1 0 1 1 0 1 0 1 1 1 1 1 0 0 0 1 2 0 0 0 1 2 0 0 0 2 0 1 1 1 0 0 0 1 1 1 1 2 0 0 1 1 1 1 0 0 0 1 0 0 0 0 1 1 0 1 1 2 0 0 1 0 1 1 0 1 0 1 1 0 0 1 1 2 0 0 2 0 1 0 2 0 0 1 1 0 0 0 1 1 0 0 0 1 1 0 0 2 0 1 0 2 0 1 2 0 1 0 2 0 1 1 1 0 0 0 0 1 1 1 2 0 0 2 0 0 0 2 0 1 1 2 0 0 1 1 0 0 2 0 0 2 0 0 1 0 0 0 0 0 2 0 1 0 1 1 0 2 0 2 0 2 0 1 0 2 0 2 0 1 2 0 1 1 1
2 231 1 2 0 2 0 1 0 1 0 0 2 0 0 0 1 1 0 1 1 1 1 1 2 0 0 0 0 0 1 1 1 0 0 1 1 0 1 2 0 0 1 0 1 0 1 1 2 0 1 0 0 0 1 2 0 1 0 0 2 0 0 1 1 0 0 1 0 2 0 0 2 0 1 1 1 2 0 1 1 2 0 0 2 0 2 0 1 1 2 0 0 1 2 0 1 0 1 1 0 2 0 0 1 0 1 1 0 1 2 0 1 0 1 0 1 0 0 0 2 0 0 1 0 1 2 0 2 0 1 0 1 1 0 2 0 0 1 1 0 0 2 0 0 1 1 2 0 0 1 2 0 0 0 0 2 0 0 2 0 0 2 0 1 1 1 2 0 2 0 1 1 0 2 0 0 2 0 1 1 0 0 2 0 1 0 0 1 0 1 0 1 0 0 0 0 1 1 0 0 2 0 1 1 0 1 0 0 1 2 0 2 0 1 2 0 2 0 1 2 0 0 2 0 2 0 1 0 0 0 0 0
2 233 1 0 0 0 0 1 1 2 0 1 0 0 0 0 1 1 2 0 1 0 0 1 1 2 0 0 1 0 0 1 2 0 2 0 1 2 0 1 0 1 2 0 0 0 1 1 0 1 0 1 1 1 1 2 0 2 0 1 0 0 0 1 0 0 2 0 1 1 1 1 1 1 1 0 0 1 0 0 0 0 1 0 1 1 1 0 2 0 0 1 0 1 0 2 0 1 2 0 2 0 1 1 1 0 0 0 2 0 1 0 2 0 1 0 1 0 0 1 2 0 0 1 0 0 1 1 0 0 1 1 2 0 2 0 1 1 1 0 1 0 0 0 0 1 0 1 2 0 1 0 2 0 0 1 1 0 0 1 1 0 1 1 1 0 0 1 0 0 0 1 2 0 2 0 0 1 1 0 2 0 1 1 0 0 1 1 2 0 0 0 1 0 0 1 1 0 1 2 0 0 0 0 2 0 1 1 1 0 0 0 0 0 2 0 1 0 0 2 0 0 2 0 0 1 0 1 1 1 1 1 0 0 0
2 234 1 0 1 1 0 2 0 1 0 1 1 1 1 0 2 0 1 0 1 1 2 0 1 2 0 1 0 0 0 0 0 0 0 2 0 0 2 0 1 1 0 1 1 1 1 2 0 0 1 1 0 0 2 0 0 0 1 1 1 1 1 1 1 0 0 1 0 0 0 1 1 1 0 2 0 1 0 1 1 0 1 1 1 0 0 0 1 1 1 0 0 0 1 1 2 0 1 0 0 1 2 0 2 0 1 2 0 0 2 0 0 1 1 2 0 0 2 0 2 0 0 2 0 2 0 0 2 0 2 0 1 1 0 2 0 0 0 0 0 0 1 1 0 1 1 1 0 2 0 1 1 1 1 0 0 2 0 1 2 0 0 2 0 2 0 1 0 1 2 0 0 0 0 1 1 0 1 0 1 1 2 0 1 0 2 0 1 0 0 1 1 0 2 0 1 0 1 0 1 1 1 1 0 0 2 0 2 0 1 1 0 1 0 0 1 2 0 0 0 1 1 0 1 0 0 1 0 0 1 0 2 0 0 0
2 235 1 1 0 2 0 1 1 2 0 0 0 0 1 0 1 1 2 0 0 0 1 1 0 0 2 0 0 1 1 0 0 0 1 0 0 1 1 0 2 0 1 2 0 0 1 2 0 1 0 1 0 0 0 0 0 1 2 0 0 1 1 1 0 2 0 1 0 1 1 2 0 0 0 1 1 1 2 0 2 0 0 2 0 2 0 0 1 2 0 2 0 0 2 0 1 0 1 2 0 0 0 0 0 2 0 0 2 0 0 0 1 0 1 2 0 1 1 1 0 1 1 1 1 0 1 1 1 1 0 1 2 0 2 0 0 0 1 0 0 0 1 2 0 1 0 0 0 1 2 0 0 0 1 0 0 0 1 0 0 2 0 0 1 0 1 2 0 0 0 1 1 1 0 1 2 0 0 1 1 0 1 0 2 0 0 1 1 1 2 0 1 0 1 1 1 2 0 1 1 0 0 1 0 0 0 1 0 1 2 0 1 1 0 2 0 2 0 0 1 1 2 0 0 0 1 2 0 2 0 0 1 1 0 1 0
1 236 1 2 0 1 2 0 0 1 0 0 1 0 1 1 1 0 1 0 0 1 1 2 0 0 0 0 1 0 0 2 0 0 1 0 2 0 1 0 1 2 0 0 1 2 0 2 0 1 2 0 0 1 1 0 0 2 0 1 2 0 1 1 0 1 1 2 0 0 0 1 0 0 1 2 0 1 0 0 0 1 1 1 1 0 1 1 1 0 0 0 1 1 1 0 2 0 0 0 1 1 1 0 1 0 0 1 1 0 0 1 1 1 1 1 0 0 0 0 0 1 0 0 1 0 1 0 0 1 0 1 1 0 0 1 0 1 1 0 1 1 2 0 2 0 0 1 1 2 0 1 1 1 1 0 1 1 1 1 0 0 0 1 0 0 1 0 1 1 1 2 0 0 0 1 0 1 2 0 1 0 0 1 1 1 1 0 1 1 2 0 2 0 0 0 0 2 0 2 0 1 0 1 0 1 1 1 1 1 0 2 0 2 0 1 2 0 1 1 0 1 2 0 0 2 0 0 0 0 1 1 0 1 0 0 0 1
0 238 1 0 0 0 0 0 1 1 2 0 2 0 0 1 0 0 0 0 0 2 0 1 2 0 0 1 0 1 1 0 0 0 1 0 0 1 1 2 0 0 0 2 0 0 0 0 0 2 0 0 1 2 0 1 0 0 0 1 0 0 2 0 2 0 1 0 1 0 0 1 1 0 2 0 2 0 1 1 1 1 2 0 0 1 0 0 2 0 2 0 0 2 0 0 0 1 1 0 1 2 0 0 0 0 0 2 0 0 2 0 2 0 0 1 0 2 0 0 0 0 1 0 2 0 0 0 0 2 0 0 0 1 2 0 1 1 0 2 0 1 0 1 1 0 1 1 0 2 0 0 0 0 0 1 0 1 0 0 0 2 0 0 1 0 2 0 0 1 0 0 2 0 0 1 1 1 1 0 2 0 0 2 0 1 1 1 0 1 0 1 1 0 1 0 1 1 0 1 0 1 1 2 0 1 1 0 0 1 1 0 1 2 0 2 0 0 2 0 2 0 1 0 2 0 0 0 0 1 0 1 2 0 0 0 1 1 1 1
2 239 1 0 1 1 0 0 2 0 1 1 0 1 0 2 0 1 1 0 1 0 1 0 0 1 2 0 0 0 1 2 0 0 1 0 2 0 1 2 0 0 2 0 0 0 1 0 1 0 0 1 0 2 0 1 1 1 1 1 1 0 0 1 0 1 1 2 0 0 2 0 1 0 1 2 0 2 0 0 0 1 2 0 1 0 0 0 0 1 0 1 1 1 0 0 1 1 2 0 1 0 1 1 1 0 1 0 0 1 1 1 0 1 1 0 0 1 1 0 1 0 1 1 1 1 0 1 1 0 0 0 1 2 0 2 0 2 0 1 1 1 2 0 2 0 0 2 0 1 1 0 1 0 0 1 1 0 0 1 2 0 0 1 0 0 1 1 1 0 0 0 0 0 1 0 1 1 1 0 1 1 1 1 1 0 0 0 0 0 1 0 2 0 0 1 0 2 0 0 1 1 0 1 0 2 0 1 0 1 2 0 1 1 0 0 1 1 1 1 0 1 2 0 0 1 0 1 0 1 1 1 0 1 1 1 2 0 0 1 0
1 240 1 1 0 2 0 0 0 0 2 0 1 1 1 1 1 2 0 1 1 1 0 0 2 0 2 0 0 1 2 0 1 2 0 0 1 2 0 0 2 0 0 0 0 1 1 1 0 0 2 0 0 1 2 0 0 0 1 1 0 2 0 1 1 1 0 1 0 1 1 0 2 0 0 1 0 0 1 0 1 2 0 2 0 0 1 1 0 1 1 0 2 0 2 0 2 0 1 0 2 0 0 0 0 0 0 0 2 0 1 1 0 0 1 2 0 1 2 0 0 1 1 0 0 1 0 0 1 2 0 1 0 0 0 0 2 0 2 0 0 1 0 0 0 1 1 1 0 2 0 1 1 0 2 0 0 2 0 2 0 1 1 2 0 2 0 1 0 2 0 0 0 0 1 1 1 0 0 0 1 0 0 1 0 2 0 0 0 0 1 1 1 1 1 0 0 1 1 1 0 1 0 0 1 1 1 2 0 0 0 2 0 1 2 0 2 0 0 1 0 1 0 1 2 0 0 0 1 1 0 0 0 1 0 0 2 0 0 2 0 1
1 241 1 2 0 1 1 0 1 1 0 1 0 0 0 1 2 0 0 0 0 0 0 0 0 1 0 1 1 1 0 0 0 0 1 2 0 2 0 1 1 0 0 1 0 2 0 0 0 0 0 0 1 0 2 0 0 1 1 2 0 1 2 0 0 0 0 0 1 0 2 0 1 1 0 2 0 2 0 0 1 1 0 0 1 1 0 1 0 0 2 0 1 2 0 2 0 1 2 0 0 1 0 1 0 0 0 1 0 0 2 0 1 1 0 0 0 0 0 1 2 0 0 2 0 1 0 2 0 2 0 1 1 1 1 1 0 1 0 1 0 2 0 1 1 2 0 0 0 1 1 2 0 2 0 0 1 1 1 0 2 0 0 1 1 0 1 2 0 0 1 0 1 0 1 2 0 2 0 0 1 0 2 0 0 1 1 0 1 0 2 0 0 1 0 2 0 2 0 0 0 0 0 2 0 1 1 2 0 0 2 0 1 0 1 0 0 1 1 0 0 0 1 1 0 1 1 1 1 1 2 0 0 1 1 0 0 0 1 1 0 2 0
2 242 2 0 2 0 2 0 0 2 0 0 0 1 1 2 0 1 1 1 0 0 0 0 0 1 1 0 2 0 2 0 0 1 0 0 0 0 1 2 0 1 0 1 1 1 1 0 1 0 0 0 1 1 1 1 1 0 2 0 0 0 0 1 1 1 0 0 1 1 1 1 2 0 2 0 1 0 1 1 0 0 2 0 1 2 0 0 1 0 0 1 0 1 0 0 2 0 0 1 2 0 0 0 0 1 1 1 1 0 0 0 2 0 1 0 0 0 0 2 0 2 0 0 0 2 0 0 2 0 2 0 0 0 1 1 0 0 1 0 1 1 2 0 0 1 0 0 1 2 0 1 1 0 1 1 0 1 1 0 1 1 1 0 1 0 1 0 1 2 0 0 0 1 1 1 0 0 1 1 0 0 1 1 1 0 1 0 0 1 1 1 1 0 0 1 2 0 1 0 1 0 1 0 1 0 0 1 0 1 1 0 1 2 0 0 2 0 0 2 0 0 1 2 0 1 0 0 1 1 2 0 1 0 0 2 0 0 1 2 0 1 1 0
2 244 1 0 1 0 2 0 1 1 1 0 0 1 2 0 1 0 2 0 2 0 1 1 0 0 1 2 0 1 2 0 1 0 2 0 1 1 0 2 0 2 0 1 1 0 0 1 0 0 0 1 1 2 0 0 1 1 0 1 1 0 1 0 1 2 0 2 0 2 0 0 2 0 0 0 1 1 2 0 2 0 0 0 1 0 0 1 1 2 0 2 0 0 0 1 0 0 0 1 0 2 0 0 1 0 2 0 0 0 2 0 1 0 0 1 1 1 1 1 0 1 0 1 0 2 0 0 1 1 1 0 1 0 1 1 1 2 0 1 1 1 0 1 0 0 2 0 2 0 2 0 2 0 1 1 2 0 0 2 0 1 0 0 0 0 1 0 1 1 0 1 1 1 1 2 0 2 0 1 1 2 0 2 0 0 0 0 0 2 0 1 1 0 2 0 2 0 2 0 1 0 1 0 1 0 0 2 0 0 0 2 0 1 0 2 0 0 0 1 1 0 1 0 2 0 1 1 2 0 1 2 0 1 2 0 0 0 1 0 2 0 2 0 1 0
0 245 1 1 0 1 1 1 2 0 2 0 2 0 2 0 2 0 0 2 0 1 2 0 1 1 0 0 0 0 0 2 0 1 1 1 2 0 2 0 1 0 1 2 0 1 0 1 0 1 1 2 0 1 0 1 0 1 0 0 2 0 0 1 1 1 0 0 2 0 1 1 1 0 0 1 2 0 1 1 0 1 0 1 1 0 2 0 2 0 0 0 1 0 1 1 0 1 1 1 1 1 1 1 0 0 1 1 0 2 0 0 1 1 2 0 1 1 1 1 0 0 1 0 1 1 1 1 0 1 1 0 0 1 1 0 1 0 0 0 0 0 0 0 1 0 0 1 0 2 0 2 0 2 0 0 1 0 1 1 0 1 1 1 1 0 1 1 0 2 0 1 0 0 2 0 0 0 2 0 0 1 1 0 1 0 1 0 1 0 0 2 0 2 0 1 0 2 0 1 1 2 0 1 0 1 0 0 0 0 2 0 0 2 0 0 1 0 1 1 2 0 0 1 1 2 0 0 1 1 0 1 0 0 0 1 1 1 1 1 1 2 0 1 1 1 1
2 246 1 2 0 1 0 1 0 0 0 2 0 2 0 2 0 1 1 1 1 0 0 2 0 1 2 0 0 0 1 0 1 0 0 1 0 0 0 1 2 0 0 0 2 0 1 0 1 1 0 1 0 1 2 0 1 0 1 0 0 0 1 0 1 1 0 0 0 0 2 0 2 0 2 0 2 0 2 0 1 1 1 0 2 0 1 2 0 1 0 1 1 1 0 2 0 1 0 0 1 1 1 0 2 0 1 2 0 1 1 1 0 2 0 0 0 0 0 0 2 0 1 1 1 0 0 1 0 0 1 2 0 1 2 0 0 0 1 1 0 0 0 0 1 0 2 0 0 1 2 0 2 0 1 1 0 0 0 2 0 1 0 0 1 0 0 2 0 1 1 1 2 0 0 0 0 2 0 0 1 0 1 0 0 1 0 1 0 1 0 0 1 0 1 2 0 0 2 0 0 1 0 1 2 0 0 1 1 1 0 0 1 1 0 1 0 0 1 0 1 0 1 0 1 2 0 1 0 1 0 0 0 1 1 2 0 0 1 1 2 0 0 0 0 0 1 0
1 247 2 0 2 0 1 0 0 1 2 0 1 0 2 0 2 0 0 0 1 0 0 0 1 0 0 1 1 1 1 1 0 0 1 2 0 1 1 2 0 1 1 2 0 0 1 2 0 2 0 0 1 1 0 2 0 1 0 0 1 1 1 1 0 1 2 0 0 1 0 1 0 2 0 2 0 2 0 2 0 0 0 0 1 2 0 0 2 0 1 1 0 0 0 1 1 1 1 2 0 1 1 0 1 2 0 1 0 0 0 0 0 1 1 0 1 0 0 1 0 0 2 0 2 0 2 0 0 0 0 0 0 0 0 1 1 1 1 1 2 0 0 0 1 1 1 1 1 1 0 0 0 1 2 0 1 0 1 0 0 1 1 2 0 0 0 0 1 0 0 0 2 0 0 1 1 0 0 1 0 0 0 0 2 0 0 0 1 0 0 2 0 0 1 0 2 0 0 0 1 0 0 1 0 1 2 0 1 0 2 0 1 2 0 0 0 2 0 0 0 1 0 1 1 0 2 0 1 0 0 1 1 2 0 1 0 1 0 1 2 0 0 1 0 0 1 0 1
1 249 1 0 1 0 1 1 1 2 0 2 0 2 0 0 2 0 1 0 1 1 0 1 1 1 0 2 0 1 1 1 1 0 0 0 0 0 0 0 1 1 0 0 1 0 1 1 0 0 0 1 1 0 1 0 1 1 1 1 2 0 1 1 1 0 1 0 1 2 0 0 0 1 1 2 0 2 0 2 0 1 0 1 0 2 0 2 0 0 0 2 0 1 0 0 2 0 0 1 2 0 2 0 1 2 0 2 0 0 1 1 0 0 1 2 0 0 0 2 0 0 0 0 1 0 2 0 1 0 1 0 0 0 0 0 2 0 0 1 1 2 0 0 1 2 0 0 1 1 0 2 0 0 2 0 2 0 1 0 0 2 0 1 2 0 0 1 0 1 0 1 2 0 0 1 0 0 2 0 1 0 1 1 1 0 0 0 1 1 1 0 0 0 1 0 0 1 1 0 1 1 0 2 0 0 1 0 2 0 1 1 2 0 0 1 1 2 0 0 0 1 1 1 0 2 0 1 1 1 1 2 0 1 2 0 1 2 0 1 1 0 1 1 2 0 2 0 0 0 1
0 250 1 1 0 1 1 0 1 0 0 0 2 0 1 1 1 0 1 2 0 2 0 1 0 0 0 1 2 0 0 0 0 2 0 0 0 0 0 0 1 1 2 0 1 1 0 1 2 0 0 1 2 0 0 1 1 0 0 2 0 0 0 0 0 0 0 1 1 0 1 1 1 2 0 1 1 0 2 0 1 1 2 0 1 1 2 0 1 0 2 0 0 1 2 0 0 0 1 1 0 0 0 2 0 1 0 0 1 1 0 0 2 0 2 0 1 1 2 0 0 0 1 0 1 1 1 1 1 2 0 0 1 1 0 1 0 0 1 0 1 2 0 1 0 2 0 1 0 1 0 1 1 1 1 1 0 1 1 2 0 0 1 0 0 1 2 0 0 0 1 1 0 1 2 0 0 0 0 0 1 2 0 2 0 2 0 0 1 2 0 2 0 0 1 0 2 0 1 0 0 2 0 1 1 1 0 0 1 2 0 0 1 0 1 0 1 2 0 0 1 2 0 0 0 1 2 0 0 0 2 0 0 0 1 0 0 0 2 0 2 0 1 0 1 1 0 1 0 1 1 1
2 251 1 2 0 0 2 0 0 0 1 2 0 1 0 0 0 0 1 1 0 0 1 1 1 1 1 2 0 1 1 1 1 0 0 0 1 0 0 0 2 0 1 0 2 0 1 2 0 1 2 0 2 0 1 0 1 0 0 0 0 0 1 0 0 0 0 1 2 0 1 0 0 2 0 2 0 2 0 1 0 0 1 1 0 0 1 0 2 0 0 1 1 0 2 0 0 1 1 1 2 0 1 0 0 1 1 2 0 1 0 0 0 1 0 2 0 0 1 0 0 1 1 1 1 0 0 1 1 2 0 1 0 1 0 0 0 2 0 0 1 0 2 0 1 1 1 1 2 0 1 1 0 0 1 1 0 1 0 1 0 0 2 0 2 0 2 0 0 1 1 2 0 1 0 1 1 1 0 1 0 0 0 0 2 0 1 1 1 0 0 0 1 1 0 0 1 1 1 2 0 0 0 2 0 2 0 2 0 2 0 1 0 0 0 1 1 0 1 2 0 2 0 0 1 2 0 1 1 2 0 0 0 1 1 0 1 2 0 1 0 1 1 2 0 2 0 0 1 1 0 0 0
2 252 2 0 2 0 0 0 0 1 2 0 2 0 0 1 1 0 1 1 2 0 2 0 0 1 2 0 0 0 0 0 0 2 0 0 1 0 1 2 0 0 2 0 0 2 0 1 0 0 1 0 0 1 1 2 0 0 1 1 0 0 1 0 1 1 0 2 0 2 0 1 0 0 1 0 2 0 1 1 1 2 0 0 2 0 1 1 1 1 1 0 1 0 1 1 1 0 1 1 2 0 1 1 2 0 1 2 0 1 1 1 1 1 1 1 1 0 2 0 2 0 1 1 0 2 0 2 0 1 0 1 2 0 0 1 2 0 0 1 0 0 1 2 0 0 0 1 2 0 2 0 1 0 1 2 0 0 1 0 1 0 0 1 0 2 0 1 1 0 1 2 0 2 0 0 0 0 0 0 0 1 1 1 0 0 2 0 2 0 1 1 1 1 2 0 2 0 0 2 0 0 2 0 1 0 2 0 2 0 1 1 1 1 1 1 2 0 1 1 0 0 1 1 1 0 0 0 0 1 0 0 1 1 2 0 1 0 2 0 1 1 0 1 1 0 1 1 0 0 2 0 0 0
2 254 1 0 1 0 1 0 1 1 0 0 0 0 1 1 0 1 0 1 0 1 1 0 1 1 0 2 0 0 1 0 0 1 0 0 1 0 0 1 0 2 0 0 0 1 1 0 1 1 1 2 0 2 0 1 2 0 1 0 0 2 0 1 1 0 2 0 1 2 0 1 1 1 2 0 0 1 2 0 0 0 2 0 1 1 1 0 0 0 1 1 0 0 1 1 0 0 0 1 0 1 1 0 0 1 1 0 1 0 0 0 0 1 1 1 1 1 0 1 2 0 1 2 0 2 0 1 0 1 2 0 0 0 1 2 0 2 0 0 2 0 2 0 2 0 0 2 0 0 0 0 1 2 0 0 0 1 2 0 0 0 0 2 0 0 1 1 2 0 2 0 0 0 0 1 0 1 0 0 0 0 2 0 0 0 0 0 1 0 2 0 0 0 2 0 0 0 1 1 1 0 1 1 0 2 0 0 2 0 2 0 0 0 1 1 1 2 0 2 0 1 0 1 2 0 2 0 0 0 1 0 2 0 1 2 0 2 0 0 1 2 0 1 1 2 0 0 2 0 0 0 0 0 1 0
1 255 1 1 0 1 0 1 0 1 2 0 0 0 1 2 0 0 1 0 1 0 2 0 0 2 0 1 1 0 2 0 1 2 0 1 2 0 2 0 0 1 1 0 1 1 2 0 1 0 1 0 0 0 2 0 0 2 0 1 0 0 0 2 0 2 0 1 0 1 0 0 0 0 2 0 1 0 2 0 0 2 0 0 2 0 2 0 1 1 1 1 2 0 1 1 2 0 0 1 1 0 1 2 0 1 2 0 0 0 1 1 0 2 0 0 1 1 0 1 1 0 0 1 0 0 1 2 0 0 0 1 1 2 0 0 0 0 1 1 1 1 0 2 0 1 1 1 0 0 1 0 2 0 1 1 1 2 0 1 1 1 1 0 0 1 0 2 0 0 0 1 0 1 0 1 1 0 0 1 1 1 0 0 0 1 0 0 1 1 1 1 0 2 0 0 0 1 2 0 0 0 0 2 0 1 1 1 1 1 0 1 0 1 2 0 1 0 0 0 1 2 0 0 1 0 0 1 0 1 1 1 1 2 0 1 0 0 1 1 1 0 0 0 0 1 0 1 1 0 0 1 0 0 1 0 1
1 256 1 2 0 0 1 0 1 1 0 1 1 1 2 0 1 2 0 0 0 1 1 1 1 1 0 2 0 2 0 1 0 1 0 0 1 0 0 1 1 0 1 0 1 0 1 0 1 2 0 0 1 2 0 0 1 1 0 1 1 1 2 0 1 0 1 1 2 0 0 1 1 1 0 0 2 0 0 1 1 1 0 1 1 1 0 2 0 0 0 2 0 0 0 0 1 0 1 0 1 0 1 1 0 0 0 1 1 1 1 2 0 1 1 1 0 1 0 0 1 2 0 1 0 2 0 2 0 0 1 2 0 1 0 0 1 0 2 0 0 1 0 1 1 2 0 2 0 2 0 0 1 2 0 0 1 0 0 0 0 0 0 2 0 1 1 1 1 0 1 1 1 0 1 0 1 2 0 1 2 0 2 0 0 1 0 2 0 1 1 1 0 1 1 0 1 2 0 1 1 1 1 0 1 0 0 0 1 1 0 0 1 1 0 2 0 0 1 1 2 0 1 1 2 0 2 0 0 1 0 0 1 2 0 1 1 2 0 1 0 2 0 0 0 1 1 0 1 2 0 1 0 2 0 0 0 1
0 257 2 0 1 2 0 0 0 2 0 1 0 1 0 0 0 0 1 1 1 2 0 0 1 1 0 1 2 0 1 1 2 0 0 1 2 0 2 0 1 0 0 1 0 1 0 1 1 0 1 2 0 2 0 1 0 1 0 1 0 0 2 0 2 0 0 0 1 0 1 0 1 1 0 0 0 0 1 0 1 1 0 1 0 0 0 1 1 0 2 0 0 0 1 0 1 1 0 1 0 1 0 1 2 0 0 2 0 0 2 0 0 0 0 0 0 0 0 2 0 2 0 2 0 0 2 0 1 1 0 2 0 1 1 2 0 0 1 1 1 0 0 1 0 1 1 0 2 0 1 1 0 2 0 0 2 0 1 1 0 0 1 0 1 0 0 0 1 0 1 0 0 0 0 1 1 1 0 0 1 0 0 1 1 0 0 1 2 0 0 0 0 0 2 0 1 1 0 0 0 0 1 0 0 0 1 1 1 1 2 0 1 2 0 1 1 1 0 2 0 0 0 0 1 1 0 1 1 0 0 0 0 0 0 0 0 1 0 2 0 0 1 0 1 1 2 0 1 0 2 0 1 1 1 0 1 1 1
2 259 1 0 1 0 0 1 1 2 0 0 1 2 0 0 1 1 0 2 0 0 2 0 1 0 1 0 1 1 0 0 0 1 0 1 1 0 0 0 1 1 1 2 0 0 0 1 0 2 0 1 1 0 0 1 1 2 0 1 0 1 0 0 1 0 1 0 1 1 1 0 1 0 1 2 0 0 0 1 1 0 2 0 0 0 1 1 1 2 0 1 1 0 1 1 1 0 2 0 0 1 0 1 1 0 2 0 0 0 1 1 0 0 1 0 0 0 0 1 0 1 0 2 0 1 1 1 0 2 0 2 0 1 0 0 1 0 1 0 1 0 2 0 1 1 0 2 0 1 1 2 0 2 0 0 1 1 0 2 0 1 0 1 1 0 0 1 1 1 1 0 0 1 1 0 1 2 0 2 0 1 0 2 0 0 2 0 2 0 1 1 1 0 1 0 0 2 0 1 0 0 0 1 0 1 1 2 0 0 2 0 0 0 1 0 0 0 0 0 1 1 0 1 0 1 2 0 0 1 2 0 0 0 0 0 0 0 1 1 1 1 1 0 0 1 0 1 0 2 0 0 2 0 0 0 0 1 0 0 0
2 260 1 1 0 0 2 0 1 2 0 1 0 2 0 1 0 1 0 1 1 1 1 0 1 2 0 1 0 1 2 0 0 1 1 0 1 2 0 0 2 0 0 2 0 0 1 1 1 1 1 2 0 1 0 2 0 1 0 1 2 0 0 2 0 0 0 1 1 0 0 0 0 1 1 0 1 1 1 1 2 0 1 1 0 1 2 0 0 2 0 2 0 1 2 0 0 0 1 1 1 0 0 0 2 0 1 1 0 1 1 1 2 0 1 0 1 1 0 1 1 0 1 1 2 0 0 0 0 1 2 0 1 1 1 2 0 0 0 1 0 1 1 1 2 0 2 0 1 0 0 1 1 0 1 1 0 1 0 1 1 1 2 0 1 2 0 2 0 0 0 2 0 1 2 0 1 1 0 0 1 2 0 0 1 1 1 1 0 2 0 0 0 0 0 1 0 0 0 1 1 1 1 1 1 1 0 1 0 1 1 0 0 1 1 0 1 1 0 0 1 2 0 0 1 1 0 1 2 0 2 0 0 1 0 0 0 0 2 0 0 1 0 2 0 1 1 0 1 1 1 1 1 0 0 1 0 1 0 1 1 0
2 261 1 2 0 0 0 1 0 0 2 0 1 1 1 1 2 0 1 1 0 0 1 0 1 0 2 0 1 1 0 1 2 0 1 0 1 0 2 0 0 0 1 1 0 1 0 1 1 1 1 2 0 2 0 0 1 2 0 0 0 2 0 0 0 0 1 1 1 2 0 0 0 1 2 0 1 0 0 1 2 0 2 0 1 2 0 2 0 0 1 0 2 0 0 1 1 1 1 2 0 2 0 1 0 0 2 0 1 2 0 0 2 0 1 2 0 2 0 0 2 0 1 0 1 0 0 1 1 0 0 0 0 0 0 2 0 0 1 1 1 1 0 1 0 0 0 1 1 1 2 0 1 0 0 2 0 0 1 1 0 1 0 0 0 1 0 0 1 0 2 0 1 0 0 2 0 1 2 0 2 0 1 2 0 1 1 1 0 1 1 0 1 0 0 1 0 1 1 2 0 0 1 1 1 1 0 0 1 0 1 2 0 1 2 0 0 1 2 0 2 0 1 2 0 1 0 1 1 0 0 1 0 2 0 1 1 1 0 0 1 0 0 1 1 2 0 1 2 0 0 1 0 2 0 1 1 0 1 0 1 2 0
0 262 2 0 1 1 1 1 1 0 0 1 0 0 0 1 2 0 2 0 1 0 1 1 0 1 1 1 2 0 1 2 0 2 0 1 0 1 1 1 0 1 1 2 0 0 1 1 0 0 2 0 0 0 1 1 0 2 0 0 2 0 0 0 1 0 2 0 0 2 0 0 1 2 0 2 0 1 0 0 0 0 0 2 0 1 0 0 1 1 0 0 1 1 1 0 1 1 2 0 0 0 1 1 2 0 0 1 0 0 2 0 0 1 0 1 0 0 1 1 1 0 1 2 0 0 2 0 0 2 0 0 0 0 1 0 0 1 0 1 1 1 0 0 0 1 1 2 0 0 2 0 1 2 0 0 0 1 0 1 0 0 0 1 1 1 0 2 0 0 1 1 1 2 0 0 1 0 1 0 0 2 0 1 0 0 0 0 0 0 2 0 0 0 2 0 0 1 0 1 0 1 0 1 1 0 2 0 1 1 1 1 0 0 0 2 0 0 0 0 0 2 0 0 2 0 1 0 1 2 0 1 1 1 1 2 0 2 0 1 2 0 2 0 2 0 0 0 0 1 2 0 0 1 1 2 0 1 1 1 1 0 1 1
2 264 1 0 1 0 0 0 1 0 2 0 1 0 1 2 0 0 0 0 1 1 2 0 2 0 1 0 1 0 0 0 1 0 0 1 2 0 0 0 0 0 1 0 1 0 1 0 1 0 0 0 0 0 1 1 2 0 1 1 1 1 0 0 1 1 1 1 1 1 1 0 1 1 0 0 0 1 1 1 1 1 0 1 0 0 1 1 2 0 0 2 0 2 0 0 0 1 0 1 0 0 1 2 0 1 0 1 0 0 0 0 0 1 0 0 0 0 2 0 1 1 0 1 0 2 0 0 0 1 1 0 0 1 0 1 0 2 0 0 0 2 0 2 0 0 2 0 1 0 1 1 1 0 0 1 1 1 1 1 0 0 1 1 2 0 0 0 1 1 1 0 1 1 2 0 1 0 0 0 1 0 0 0 1 1 1 1 0 0 1 0 0 0 2 0 0 1 0 0 0 1 0 1 0 2 0 1 2 0 0 0 0 2 0 1 0 0 0 1 0 1 0 0 1 1 0 2 0 0 1 0 0 0 0 2 0 0 0 2 0 1 0 0 2 0 1 0 1 0 2 0 1 2 0 2 0 0 0 0 0 1 0 0 2 0
0 265 1 1 0 0 1 1 1 1 1 1 2 0 0 0 1 1 1 0 2 0 1 1 0 1 1 2 0 0 1 1 1 0 2 0 2 0 0 1 0 0 1 1 0 1 0 1 0 0 1 1 0 0 2 0 1 1 0 0 0 0 2 0 2 0 0 1 1 1 1 0 0 1 2 0 0 2 0 0 1 1 0 0 0 2 0 1 2 0 1 1 1 0 1 0 1 1 1 0 0 2 0 2 0 1 2 0 0 1 1 0 0 1 0 1 1 1 0 0 2 0 1 1 1 1 1 0 1 1 1 2 0 1 1 0 1 1 1 0 2 0 1 0 1 1 1 0 1 2 0 2 0 2 0 2 0 0 1 0 2 0 2 0 1 0 0 1 2 0 0 0 1 0 1 0 1 1 1 1 1 0 1 1 2 0 0 0 2 0 1 0 1 2 0 0 0 2 0 1 1 1 1 0 1 1 2 0 0 1 1 1 1 0 0 1 1 1 1 1 1 0 0 2 0 1 0 1 1 0 2 0 1 1 1 0 0 0 2 0 0 1 2 0 0 0 1 2 0 1 1 2 0 1 0 0 1 0 1 0 0 1 1 0 0 0 0
0 266 1 1 2 0 2 0 0 1 1 1 2 0 0 1 2 0 0 0 1 1 2 0 1 2 0 1 0 1 0 1 1 0 1 2 0 1 0 2 0 2 0 1 0 0 1 0 0 2 0 1 0 0 0 0 2 0 1 0 0 1 0 1 0 1 1 0 1 1 0 2 0 2 0 2 0 0 0 1 0 0 2 0 1 0 1 0 1 0 0 0 0 0 0 1 1 0 0 0 0 0 1 0 2 0 0 1 2 0 0 2 0 1 1 1 0 0 0 0 0 1 0 0 0 1 1 0 1 0 0 2 0 2 0 1 2 0 0 0 1 1 2 0 0 0 0 0 1 1 0 0 2 0 2 0 1 1 0 0 1 2 0 1 1 1 2 0 2 0 0 1 1 1 0 1 1 0 0 1 1 0 1 0 1 0 0 2 0 0 2 0 0 0 1 1 2 0 1 0 0 0 1 0 1 0 1 0 1 0 1 1 0 2 0 2 0 0 1 1 1 0 0 0 0 1 2 0 2 0 1 1 2 0 2 0 1 2 0 0 1 0 2 0 0 2 0 0 0 0 0 1 0 1 1 2 0 0 0 0 2 0 0 2 0 0 0 0
0 267 2 0 1 1 0 1 1 0 1 1 2 0 1 0 2 0 0 1 2 0 1 1 0 0 2 0 1 0 1 0 2 0 1 0 2 0 1 1 2 0 1 1 1 2 0 0 0 0 0 1 1 1 1 1 0 0 1 1 2 0 0 0 1 0 2 0 0 2 0 1 2 0 2 0 1 0 1 1 1 0 0 0 1 2 0 1 0 0 1 1 0 0 0 1 1 2 0 0 0 0 1 1 1 1 1 0 2 0 1 1 0 2 0 2 0 1 1 0 0 1 0 1 1 1 2 0 0 1 0 0 1 0 2 0 0 1 1 1 2 0 1 0 0 1 0 0 1 2 0 0 0 1 0 1 2 0 1 1 0 0 0 0 0 1 0 0 0 1 1 0 1 1 0 0 1 2 0 1 2 0 0 1 0 1 0 0 0 1 1 0 0 1 2 0 1 0 1 1 1 1 1 1 0 1 0 1 0 1 0 2 0 1 2 0 1 1 0 1 0 2 0 0 1 0 0 0 0 2 0 0 1 1 0 2 0 0 1 2 0 0 1 1 1 1 0 0 1 0 0 1 1 1 0 1 0 0 1 1 0 0 1 1 0 0 1 0 0
0 269 1 0 0 2 0 1 1 2 0 1 0 1 0 2 0 0 1 1 0 2 0 2 0 1 1 0 0 1 2 0 1 1 1 2 0 0 2 0 0 1 1 0 0 0 2 0 0 1 0 0 2 0 0 1 0 2 0 2 0 1 0 0 1 1 1 1 1 1 1 1 0 1 0 0 1 1 2 0 2 0 2 0 0 2 0 2 0 0 2 0 0 2 0 0 2 0 1 0 0 1 0 2 0 0 1 1 0 1 1 2 0 2 0 1 0 1 2 0 1 0 1 1 1 0 0 2 0 0 2 0 2 0 0 1 1 1 0 1 1 2 0 1 1 1 2 0 2 0 2 0 0 1 1 1 1 0 2 0 1 2 0 0 0 0 1 0 1 1 1 2 0 0 2 0 0 0 0 0 0 0 1 2 0 0 0 0 1 1 1 1 2 0 2 0 2 0 1 1 0 0 1 1 1 0 0 1 0 1 0 1 1 2 0 0 2 0 2 0 0 1 1 1 0 2 0 1 1 1 0 0 1 0 1 0 1 1 1 0 2 0 1 0 1 1 0 2 0 1 0 2 0 1 1 0 0 0 2 0 0 2 0 1 1 2 0 1 0 1 1
1 270 1 1 0 0 1 0 0 1 0 1 2 0 1 1 1 1 0 1 0 1 2 0 1 2 0 1 1 0 0 0 0 0 0 2 0 1 1 0 1 0 0 2 0 1 0 0 1 0 0 0 0 0 1 0 0 1 2 0 1 1 1 2 0 1 1 1 1 1 1 1 0 0 0 2 0 2 0 0 0 2 0 1 1 1 1 0 1 1 1 0 1 1 0 1 1 0 1 1 2 0 0 1 1 1 0 1 0 1 0 1 1 0 1 2 0 0 0 2 0 1 1 0 0 0 0 0 0 1 1 1 0 1 1 0 1 1 0 1 0 1 1 0 0 1 0 0 0 2 0 1 1 0 1 1 1 0 1 2 0 0 1 1 1 0 1 1 1 0 0 2 0 1 1 0 0 1 0 0 0 0 2 0 1 1 1 0 2 0 0 2 0 0 0 2 0 1 2 0 1 0 1 2 0 2 0 1 1 0 1 1 0 1 0 1 1 1 0 1 1 0 1 1 0 1 1 2 0 2 0 2 0 0 0 1 1 0 0 0 1 1 1 2 0 2 0 1 1 2 0 0 1 2 0 1 0 1 0 0 1 1 1 0 0 1 0 1 2 0 2 0
2 271 1 1 2 0 1 0 2 0 0 1 1 0 0 0 0 1 0 0 1 1 1 0 0 0 2 0 1 2 0 0 0 0 1 0 0 2 0 1 1 1 0 0 0 1 1 1 2 0 1 1 0 0 1 1 0 0 0 0 0 0 1 0 0 0 0 0 1 1 1 0 2 0 1 0 1 0 1 0 2 0 1 0 0 0 1 0 1 0 0 0 0 2 0 0 2 0 1 0 1 0 1 0 1 1 0 0 1 0 1 0 2 0 1 0 1 1 2 0 0 2 0 1 0 0 0 0 0 2 0 0 0 0 2 0 0 2 0 0 1 0 1 2 0 1 0 1 2 0 0 2 0 1 2 0 0 0 1 0 1 2 0 1 1 0 1 0 0 0 0 0 0 2 0 1 0 1 0 1 1 1 0 1 0 0 0 0 1 1 1 1 0 0 2 0 1 0 0 2 0 1 1 1 0 0 1 2 0 1 1 2 0 0 1 1 0 0 0 0 2 0 0 2 0 1 0 1 1 0 2 0 1 0 1 1 1 2 0 0 2 0 1 0 0 0 2 0 0 1 0 1 0 2 0 1 2 0 0 2 0 1 0 2 0 1 1 1 1 0 0 1 0
1 272 2 0 1 0 2 0 0 1 1 0 0 2 0 0 0 1 0 2 0 1 0 2 0 1 0 1 0 0 1 1 1 0 1 1 0 0 0 2 0 2 0 1 1 2 0 0 2 0 2 0 1 0 1 1 2 0 0 0 0 0 1 0 1 1 0 0 2 0 0 0 1 1 1 2 0 1 0 1 1 1 1 1 1 1 1 1 0 0 1 1 1 0 0 1 1 0 1 2 0 1 0 1 0 1 2 0 1 1 0 1 1 1 2 0 0 0 1 0 1 1 0 1 1 1 1 0 1 0 0 0 1 1 0 0 1 1 0 1 0 0 1 0 2 0 1 1 0 2 0 0 1 0 0 1 1 1 1 1 1 0 2 0 2 0 0 0 1 1 0 0 1 0 0 1 2 0 1 1 0 0 0 0 0 1 1 0 2 0 0 1 0 0 0 0 1 2 0 0 1 0 0 0 0 0 0 0 0 0 0 1 0 1 0 0 2 0 0 1 0 0 1 1 0 1 2 0 2 0 1 1 2 0 0 0 0 2 0 1 1 0 1 1 1 2 0 0 1 0 0 0 1 1 2 0 0 2 0 0 0 2 0 0 2 0 0 0 0 2 0 1 0 1
1 274 1 0 0 2 0 0 1 1 0 1 0 0 0 0 0 1 1 1 1 1 2 0 0 1 1 2 0 0 2 0 1 1 0 0 1 2 0 1 0 1 0 2 0 0 1 0 1 1 1 0 1 2 0 0 0 1 0 0 1 0 0 1 1 0 2 0 0 0 0 0 1 2 0 0 2 0 2 0 0 0 0 1 1 1 1 1 0 2 0 1 2 0 2 0 1 2 0 1 0 2 0 1 0 1 1 0 2 0 2 0 1 0 0 2 0 0 1 1 1 0 2 0 1 0 0 1 0 0 0 1 1 1 1 2 0 1 2 0 0 0 2 0 0 1 1 2 0 2 0 0 0 2 0 2 0 1 1 1 1 1 0 1 2 0 1 0 1 1 1 2 0 1 0 2 0 2 0 2 0 1 0 0 0 0 1 2 0 1 1 0 2 0 1 1 0 2 0 1 1 2 0 1 1 0 0 0 0 0 0 0 1 1 0 1 0 0 0 0 2 0 2 0 1 0 1 1 0 0 2 0 0 1 0 0 1 1 0 0 2 0 1 2 0 0 2 0 0 2 0 1 1 2 0 1 0 1 1 0 0 2 0 0 1 1 0 0 1 1 0 0 1 2 0 1
1 275 1 1 0 0 0 1 0 1 0 0 0 1 1 0 0 2 0 0 1 1 2 0 1 0 1 2 0 1 1 0 2 0 1 0 2 0 2 0 1 0 1 1 1 1 0 0 1 0 0 0 1 0 1 1 1 1 0 1 2 0 2 0 1 0 1 1 0 1 0 0 2 0 2 0 0 1 0 1 0 1 0 2 0 0 1 1 0 1 2 0 1 0 0 2 0 0 2 0 1 1 1 1 2 0 2 0 1 2 0 1 1 2 0 0 0 1 0 1 1 0 1 1 1 1 1 2 0 1 1 2 0 0 2 0 0 0 0 1 1 2 0 0 1 0 2 0 0 0 1 0 2 0 1 0 2 0 0 0 1 1 0 1 0 2 0 1 1 0 0 2 0 2 0 0 2 0 2 0 1 1 1 1 1 0 2 0 2 0 2 0 1 1 2 0 2 0 1 0 0 1 0 2 0 1 0 0 0 0 0 0 1 2 0 0 0 1 1 1 0 1 0 1 1 2 0 2 0 0 0 0 0 2 0 2 0 1 0 0 0 1 0 0 2 0 0 0 1 1 1 0 0 1 0 1 2 0 2 0 0 0 0 1 0 0 2 0 1 1 2 0 2 0 2 0 1
2 276 1 1 2 0 0 1 1 0 0 1 1 1 2 0 0 0 0 1 0 1 2 0 2 0 0 0 2 0 2 0 1 1 2 0 0 2 0 1 2 0 0 0 0 0 2 0 1 0 1 1 1 1 1 0 0 1 0 1 1 0 0 1 1 2 0 2 0 0 1 0 0 1 0 1 1 0 0 0 1 0 1 1 1 1 0 1 0 1 0 2 0 1 0 0 0 1 1 1 0 0 0 2 0 0 0 2 0 1 0 0 0 1 0 0 1 1 1 0 2 0 1 0 0 1 2 0 0 0 0 1 0 1 1 0 0 1 0 2 0 1 0 1 0 0 1 1 0 1 1 1 1 1 2 0 0 1 0 1 1 2 0 0 1 1 1 2 0 1 1 0 1 0 1 1 1 1 0 2 0 0 0 1 1 0 1 2 0 2 0 2 0 0 1 1 0 1 1 1 2 0 0 1 1 1 1 1 1 0 0 0 2 0 1 1 1 2 0 0 0 0 1 1 0 1 1 0 1 0 1 0 1 0 1 0 1 1 1 1 1 1 1 0 0 0 0 1 1 2 0 2 0 1 1 1 1 0 0 1 0 1 0 1 1 0 0 1 0 0 1 1 0 2 0 1 2 0
0 277 2 0 1 0 1 0 0 2 0 2 0 0 2 0 0 1 0 1 1 1 1 0 0 1 0 2 0 1 0 2 0 0 1 0 1 1 1 0 0 1 1 1 0 1 0 0 2 0 0 0 0 1 0 2 0 1 1 0 1 2 0 2 0 1 1 0 1 0 2 0 2 0 0 0 1 2 0 0 1 1 1 0 0 1 0 0 1 0 1 1 1 1 1 1 1 1 2 0 2 0 1 0 0 0 2 0 0 1 1 1 1 1 0 2 0 1 1 0 1 1 1 1 2 0 2 0 0 1 0 1 1 0 1 2 0 1 1 1 1 1 2 0 0 2 0 1 0 1 0 0 1 1 2 0 1 0 0 1 0 1 0 1 0 1 1 2 0 2 0 1 1 1 1 0 0 1 0 1 1 0 1 1 2 0 1 1 0 0 2 0 1 1 0 1 0 1 0 0 2 0 1 0 1 1 1 1 0 2 0 1 0 1 0 0 0 2 0 0 1 0 1 2 0 0 2 0 0 1 0 1 0 1 0 1 1 0 0 1 1 1 0 2 0 0 0 2 0 1 1 0 2 0 0 0 0 2 0 1 1 0 1 0 1 2 0 1 0 2 0 1 0 1 2 0 0 1 1
2 279 1 0 0 1 2 0 1 0 0 1 0 1 1 1 0 1 0 0 1 0 0 0 2 0 1 1 1 1 2 0 0 1 1 0 0 0 2 0 2 0 2 0 0 0 0 1 0 0 0 0 1 0 1 1 1 1 2 0 2 0 0 0 0 1 2 0 1 1 1 1 2 0 1 0 1 2 0 1 2 0 1 0 2 0 1 0 2 0 0 1 0 0 1 1 1 1 2 0 0 0 1 1 1 1 2 0 0 1 0 1 1 1 1 0 1 1 2 0 1 2 0 0 2 0 0 0 1 1 0 0 0 2 0 1 1 0 0 0 0 1 1 2 0 1 1 0 1 2 0 0 2 0 1 2 0 1 1 2 0 0 0 1 0 1 1 0 1 1 0 2 0 0 0 0 2 0 1 1 0 2 0 1 0 1 0 2 0 1 1 0 0 2 0 1 1 1 0 1 0 0 0 2 0 0 0 0 1 0 1 1 1 2 0 0 1 2 0 0 1 0 0 1 0 2 0 0 0 1 0 0 0 1 0 1 0 1 2 0 2 0 0 0 1 1 0 2 0 0 2 0 2 0 0 0 1 1 0 0 2 0 1 1 1 1 0 2 0 1 1 1 2 0 0 0 1 2 0 1 0
1 280 1 0 2 0 2 0 1 1 2 0 0 1 0 0 0 0 0 1 2 0 1 2 0 1 0 0 0 1 2 0 1 0 0 2 0 1 0 1 0 2 0 1 0 1 0 1 0 1 1 0 1 1 1 0 0 2 0 0 0 1 0 1 1 0 0 0 0 0 0 1 2 0 2 0 0 1 0 0 0 2 0 1 1 1 2 0 0 1 0 2 0 2 0 1 1 1 2 0 0 1 2 0 0 1 2 0 1 0 0 1 0 0 1 0 1 0 1 1 0 0 2 0 0 0 0 1 1 1 2 0 1 0 0 2 0 1 0 0 0 2 0 1 0 2 0 1 2 0 2 0 0 1 0 1 0 0 0 1 0 0 1 1 1 0 2 0 0 2 0 1 1 0 1 1 0 0 2 0 2 0 0 1 2 0 1 1 1 2 0 1 1 0 1 0 0 0 0 0 0 1 2 0 0 0 1 0 1 1 1 0 0 2 0 1 0 2 0 0 2 0 2 0 0 1 1 0 1 1 0 1 1 1 1 0 1 1 1 0 0 1 0 1 1 2 0 1 1 1 1 1 0 1 0 1 1 2 0 0 0 1 0 0 0 1 0 1 2 0 0 0 2 0 0 1 2 0 2 0 0 1
0 281 1 1 1 2 0 2 0 0 1 0 0 2 0 1 1 0 1 0 0 0 0 0 2 0 0 1 1 2 0 2 0 1 0 0 0 1 2 0 1 1 1 1 2 0 1 0 1 0 2 0 1 0 0 0 0 0 0 0 1 1 1 0 1 2 0 0 0 0 1 0 0 0 0 1 0 2 0 1 2 0 1 0 0 0 2 0 1 0 0 1 2 0 2 0 0 0 2 0 1 0 2 0 1 0 2 0 1 1 1 2 0 2 0 0 0 1 0 2 0 0 0 0 0 1 0 2 0 0 2 0 1 2 0 0 0 1 1 1 2 0 0 2 0 0 2 0 1 0 0 1 1 0 0 0 0 1 1 1 0 2 0 1 1 0 1 1 1 1 0 2 0 1 1 2 0 0 0 1 0 1 1 1 0 0 0 0 0 2 0 2 0 1 1 0 1 1 0 0 0 2 0 1 1 1 1 1 1 0 0 0 0 0 0 2 0 0 1 1 1 1 0 1 1 0 1 0 0 2 0 1 0 0 1 0 0 2 0 2 0 1 1 1 0 1 1 0 0 0 1 1 0 0 1 1 0 1 0 0 1 1 0 1 1 1 1 1 0 1 1 2 0 0 1 1 0 0 0 1 1 0 0
0 282 2 0 1 0 0 0 1 1 0 0 0 0 0 2 0 1 1 0 1 1 0 1 0 0 1 0 2 0 0 0 1 1 1 1 2 0 0 0 0 0 0 1 2 0 1 2 0 1 1 1 1 1 1 1 0 0 0 0 2 0 0 0 1 0 1 1 1 0 1 0 1 1 0 1 1 1 2 0 0 2 0 0 1 2 0 0 1 2 0 0 0 0 0 1 0 2 0 0 2 0 0 1 2 0 0 2 0 0 1 0 0 0 1 0 1 1 1 1 1 0 1 0 0 1 1 1 1 1 1 1 0 0 1 1 1 2 0 0 2 0 1 1 0 1 1 0 1 1 2 0 0 2 0 0 0 2 0 0 0 1 1 2 0 1 2 0 0 1 0 1 2 0 0 1 0 0 1 1 1 0 2 0 2 0 0 0 1 0 1 0 1 2 0 1 1 1 2 0 1 0 1 0 0 0 1 1 0 2 0 0 0 0 1 0 0 1 0 1 1 1 0 0 2 0 0 1 0 0 0 1 1 2 0 0 0 0 1 0 2 0 0 0 0 0 1 2 0 0 1 1 2 0 1 2 0 0 0 2 0 1 0 1 0 0 1 1 0 1 0 1 0 1 0 0 2 0 0 1 1 2 0 0
1 284 1 0 0 1 1 1 1 1 1 2 0 0 0 1 0 0 2 0 1 1 2 0 0 0 2 0 0 1 1 0 1 2 0 0 1 2 0 0 1 0 0 1 0 0 0 0 1 0 0 0 0 1 1 1 0 2 0 0 1 0 0 0 1 1 1 1 0 0 0 0 1 0 2 0 1 0 0 2 0 1 1 0 1 0 2 0 1 0 2 0 0 1 0 0 1 1 1 1 1 1 0 1 0 2 0 1 1 0 0 2 0 1 1 1 1 1 0 0 1 1 0 0 0 2 0 1 1 1 1 1 0 2 0 2 0 0 2 0 1 1 0 2 0 1 1 2 0 1 0 1 0 1 1 0 0 2 0 0 0 1 2 0 1 1 0 0 1 2 0 0 1 0 1 1 2 0 2 0 1 1 0 1 2 0 1 0 1 1 1 0 1 1 1 0 0 0 0 2 0 1 2 0 0 1 1 1 2 0 1 1 0 1 0 1 0 2 0 0 1 0 0 0 0 0 0 0 2 0 1 1 2 0 1 0 0 1 0 1 1 1 1 0 1 0 0 2 0 1 2 0 2 0 0 0 0 1 1 2 0 0 1 2 0 0 2 0 1 0 0 1 0 1 0 1 0 0 0 1 0 1 2 0 0 1
0 285 1 0 2 0 1 1 1 1 1 2 0 0 1 1 1 0 0 1 0 0 1 0 0 2 0 0 1 0 1 0 1 0 1 2 0 2 0 0 2 0 1 2 0 1 1 0 1 0 1 1 0 2 0 0 0 1 1 0 2 0 1 1 2 0 0 0 2 0 0 0 1 1 1 1 1 2 0 0 0 2 0 1 1 1 1 1 2 0 0 1 0 2 0 2 0 1 1 1 1 1 0 0 1 1 1 2 0 1 1 0 1 0 0 0 1 0 2 0 1 1 2 0 1 0 1 0 0 0 1 1 0 1 2 0 1 1 1 0 2 0 2 0 1 0 0 1 0 1 2 0 1 0 2 0 0 0 0 0 1 2 0 2 0 1 2 0 2 0 1 2 0 0 1 0 1 1 0 1 2 0 1 2 0 2 0 1 1 0 0 0 0 2 0 2 0 0 1 0 1 0 0 1 2 0 1 1 2 0 2 0 1 1 1 0 1 1 1 0 2 0 1 1 0 0 0 1 0 1 0 0 1 0 1 1 2 0 0 1 0 0 1 0 0 1 0 0 1 0 1 0 0 1 0 1 0 2 0 1 0 1 0 2 0 1 1 0 1 1 2 0 0 0 1 0 0 1 1 1 1 1 0 1 2 0 0
0 286 1 1 1 2 0 0 0 1 1 2 0 1 0 1 0 2 0 1 0 2 0 0 0 0 0 1 0 0 0 1 0 1 1 1 0 0 1 1 1 1 0 0 2 0 2 0 0 1 0 2 0 1 1 0 1 1 2 0 1 2 0 0 1 0 0 2 0 0 0 1 2 0 0 1 1 2 0 0 2 0 1 0 0 0 1 1 2 0 1 0 0 1 2 0 2 0 0 0 1 0 2 0 2 0 0 2 0 2 0 1 1 0 1 1 1 1 1 2 0 0 1 0 1 2 0 0 1 1 1 2 0 1 1 0 0 0 0 0 1 2 0 1 1 1 2 0 0 1 0 2 0 1 1 1 0 1 0 1 0 0 0 0 2 0 1 0 0 2 0 0 1 2 0 0 0 2 0 1 1 0 0 1 0 0 1 2 0 1 0 0 1 0 1 0 1 1 0 0 0 1 0 0 0 0 0 0 1 1 0 2 0 0 0 0 1 0 0 0 1 1 2 0 1 0 0 1 1 0 0 2 0 0 1 0 1 0 0 2 0 1 2 0 1 2 0 2 0 0 0 0 2 0 0 0 1 1 1 1 2 0 1 1 1 2 0 1 2 0 1 0 0 1 1 0 2 0 1 1 1 1 0 1 0 1 1 1
2 287 2 0 0 2 0 0 1 2 0 1 0 1 2 0 1 1 1 2 0 0 1 0 1 0 0 1 0 1 1 1 1 0 2 0 2 0 2 0 0 1 0 0 0 1 0 1 1 0 0 1 1 2 0 1 2 0 1 1 0 0 1 2 0 0 0 0 0 0 1 2 0 1 2 0 1 2 0 1 1 0 1 1 1 1 2 0 1 0 1 2 0 0 0 0 0 1 0 1 1 1 1 2 0 1 1 1 1 0 1 2 0 1 2 0 0 1 1 2 0 1 0 0 1 0 1 2 0 1 1 2 0 2 0 1 0 0 0 1 0 0 0 0 0 0 2 0 1 0 0 1 2 0 0 0 0 0 1 0 0 1 1 1 0 0 1 2 0 0 0 1 0 2 0 0 2 0 0 2 0 1 0 1 0 2 0 2 0 1 1 2 0 0 0 1 0 1 2 0 0 1 0 1 1 0 0 0 1 2 0 1 1 0 1 0 1 0 1 1 2 0 1 0 1 1 2 0 1 0 0 0 0 1 0 0 0 1 0 0 1 0 1 0 0 1 0 0 1 0 1 1 0 0 0 1 2 0 0 2 0 0 0 0 1 0 0 0 0 2 0 0 2 0 1 0 1 2 0 0 0 1 0 0 1 1 0 0 0
2 289 1 0 0 1 1 0 1 0 2 0 2 0 0 1 0 0 0 0 2 0 1 0 0 0 0 2 0 0 1 0 0 1 0 1 2 0 2 0 1 0 2 0 1 1 1 1 0 1 2 0 2 0 1 1 0 0 2 0 1 2 0 2 0 1 1 1 0 0 1 0 0 0 0 1 0 0 0 2 0 2 0 1 0 0 1 2 0 2 0 0 0 1 1 1 0 0 1 1 1 0 0 2 0 0 0 0 0 1 0 1 1 0 0 0 1 2 0 1 2 0 1 1 2 0 0 1 1 0 0 0 1 1 0 1 1 1 1 1 1 0 1 1 0 0 1 0 0 1 1 2 0 2 0 0 1 0 0 1 0 2 0 1 0 2 0 2 0 1 1 1 1 1 1 1 1 1 0 1 1 0 1 2 0 1 1 2 0 2 0 0 1 0 0 1 1 1 1 0 1 2 0 0 0 1 2 0 0 2 0 2 0 2 0 0 1 0 1 1 0 1 0 2 0 0 0 1 0 1 1 1 1 0 1 0 1 1 1 0 2 0 0 0 0 1 2 0 2 0 0 0 1 2 0 0 2 0 2 0 0 0 0 1 0 1 0 1 1 1 0 0 1 1 0 2 0 0 0 1 1 1 1 0 2 0 0 2 0 0 0
2 290 1 0 2 0 1 0 0 1 1 2 0 1 0 2 0 1 1 1 0 0 1 1 1 1 1 0 0 0 2 0 2 0 0 1 1 0 0 1 2 0 0 2 0 0 0 1 0 1 1 0 0 1 2 0 1 1 0 1 0 1 0 0 1 2 0 2 0 1 2 0 1 1 0 1 0 1 2 0 1 0 1 1 2 0 0 0 0 0 1 0 1 1 2 0 2 0 2 0 0 0 0 0 0 0 1 0 0 1 1 0 1 2 0 1 0 0 0 0 1 0 0 0 1 0 1 0 0 2 0 0 1 2 0 1 0 0 1 1 1 0 0 1 2 0 1 0 2 0 2 0 0 0 1 0 2 0 2 0 0 1 1 2 0 0 2 0 2 0 0 0 1 1 1 1 1 1 0 0 2 0 1 1 0 0 0 1 1 0 1 0 2 0 2 0 1 1 1 0 1 0 1 1 1 2 0 2 0 0 1 0 2 0 1 1 0 0 0 2 0 0 1 1 1 0 1 1 1 1 0 0 1 0 0 1 1 0 0 0 1 1 0 1 1 0 0 0 0 1 0 1 2 0 2 0 0 1 0 1 0 1 0 1 1 0 1 0 2 0 2 0 1 2 0 1 1 0 1 2 0 0 1 0 1 1 1 1 0 0 1 0
1 291 1 1 1 1 1 1 2 0 1 2 0 2 0 0 1 2 0 2 0 2 0 1 1 1 0 2 0 1 0 1 0 1 1 0 0 2 0 2 0 2 0 0 0 0 1 1 1 0 1 2 0 2 0 2 0 2 0 0 1 0 1 0 0 0 0 0 2 0 0 2 0 2 0 0 1 1 0 2 0 1 1 0 1 0 0 1 0 0 1 1 1 0 1 1 0 2 0 1 0 1 0 0 0 0 1 0 2 0 1 0 1 0 2 0 0 1 1 0 1 0 1 1 1 1 0 1 0 0 0 1 0 2 0 1 1 2 0 1 0 2 0 2 0 2 0 1 1 2 0 1 0 1 1 1 1 2 0 1 1 0 1 2 0 1 1 1 0 1 0 1 2 0 0 1 1 1 0 0 0 0 2 0 1 0 0 1 2 0 0 1 1 2 0 2 0 0 0 0 0 1 1 0 1 0 0 0 1 1 0 0 1 1 2 0 1 0 1 0 0 1 0 1 1 0 1 0 0 0 2 0 1 0 2 0 0 2 0 0 1 2 0 0 1 2 0 0 0 1 1 1 1 0 0 1 1 0 0 0 1 0 1 0 2 0 0 1 1 2 0 2 0 0 2 0 2 0 1 0 1 2 0 0 1 0 0 0 2 0 1 0 1
1 292 2 0 0 1 1 2 0 0 0 1 0 0 1 1 1 0 0 0 2 0 2 0 0 0 0 1 1 1 2 0 1 0 2 0 0 0 1 0 2 0 1 0 1 0 2 0 0 0 1 1 0 0 2 0 2 0 1 1 0 0 0 0 1 1 0 1 0 0 1 1 1 0 1 1 0 1 0 1 1 2 0 1 1 0 1 2 0 2 0 1 1 0 0 2 0 1 1 1 2 0 0 1 1 0 1 1 1 1 1 2 0 1 1 1 1 0 1 0 0 1 1 0 0 1 0 0 0 1 1 1 1 1 2 0 0 1 0 2 0 0 2 0 2 0 2 0 0 1 0 2 0 0 0 0 1 2 0 2 0 2 0 0 0 0 0 0 0 0 1 1 0 1 2 0 1 0 2 0 0 1 0 0 1 1 2 0 2 0 1 0 2 0 0 0 1 0 1 0 0 1 2 0 0 0 1 1 1 1 2 0 2 0 1 0 1 2 0 0 2 0 0 0 2 0 0 0 1 2 0 0 2 0 0 1 1 1 0 1 0 2 0 1 0 2 0 0 1 2 0 0 0 2 0 1 1 2 0 0 1 1 0 1 1 1 1 0 2 0 0 0 1 1 1 1 0 1 2 0 0 0 1 1 2 0 1 2 0 0 1 2 0 1
1 294 1 0 0 1 0 1 2 0 0 1 1 0 2 0 1 0 2 0 1 0 1 0 1 0 1 0 2 0 0 2 0 2 0 0 1 0 1 1 1 1 1 1 2 0 1 1 1 0 1 1 2 0 0 0 1 0 1 2 0 1 0 0 0 1 2 0 0 0 2 0 1 1 0 0 2 0 0 1 1 0 1 0 2 0 2 0 0 0 0 1 2 0 1 1 0 1 0 0 0 2 0 1 0 1 0 1 0 0 1 2 0 0 0 0 0 1 0 0 0 2 0 0 2 0 1 0 1 1 2 0 0 1 1 2 0 1 0 0 1 1 1 1 1 0 2 0 1 1 0 0 1 1 0 1 1 0 0 0 0 2 0 1 0 1 0 0 0 0 0 1 2 0 1 0 2 0 1 1 1 0 2 0 2 0 2 0 0 0 1 2 0 0 1 0 1 1 1 0 0 2 0 2 0 0 1 2 0 0 2 0 0 0 1 2 0 0 0 2 0 0 0 0 2 0 0 0 1 2 0 2 0 0 0 1 0 1 1 0 0 1 1 1 2 0 0 1 1 0 2 0 0 2 0 1 0 0 1 0 1 0 1 0 1 0 0 1 0 1 1 0 1 2 0 0 1 0 1 0 1 1 1 2 0 1 1 0 0 1 2 0 2 0 2 0
2 295 1 0 2 0 0 1 0 1 2 0 1 0 1 1 2 0 0 1 1 2 0 1 0 1 0 1 1 1 1 1 1 0 1 1 0 0 1 0 0 1 1 2 0 0 0 0 0 0 1 0 1 0 0 1 1 1 1 0 2 0 0 1 1 2 0 1 1 2 0 0 2 0 1 1 0 0 1 0 1 0 0 1 1 2 0 1 0 1 0 2 0 2 0 2 0 0 0 1 2 0 0 1 2 0 1 0 0 2 0 2 0 0 1 0 0 1 0 1 2 0 0 1 1 0 2 0 0 0 1 0 1 0 1 2 0 1 1 2 0 1 1 1 1 0 1 1 2 0 1 0 1 2 0 0 1 2 0 0 1 0 0 1 2 0 0 1 1 0 0 2 0 2 0 1 1 2 0 0 0 0 1 2 0 2 0 1 0 1 2 0 1 2 0 0 1 0 0 0 0 0 1 0 1 1 0 2 0 1 1 0 0 1 2 0 1 1 2 0 0 0 1 1 0 0 0 2 0 0 0 0 1 0 1 1 1 0 1 2 0 2 0 0 2 0 1 0 1 0 1 1 1 1 0 1 1 2 0 0 0 1 0 1 0 0 2 0 0 0 2 0 1 0 1 2 0 0 0 1 1 0 0 2 0 2 0 1 1 0 0 0 0 2 0 1 0
0 296 1 1 1 1 1 0 0 1 0 2 0 1 1 0 1 0 1 0 1 2 0 1 2 0 1 1 0 0 1 1 1 0 0 1 2 0 1 0 2 0 1 2 0 0 1 0 0 0 1 1 0 0 2 0 1 1 1 0 1 1 1 0 2 0 0 0 0 1 0 1 1 0 2 0 1 0 1 1 0 0 2 0 1 2 0 1 2 0 1 1 2 0 2 0 1 0 1 2 0 1 2 0 2 0 1 2 0 0 1 0 1 0 2 0 2 0 0 1 0 1 2 0 1 0 1 1 0 1 1 1 0 1 1 1 0 0 0 1 1 0 0 0 1 0 1 0 1 0 2 0 0 0 1 2 0 2 0 0 2 0 2 0 2 0 1 0 1 0 0 0 1 0 2 0 0 1 0 0 1 1 0 0 0 0 1 2 0 0 1 0 0 0 1 1 2 0 1 1 0 0 1 1 0 2 0 1 1 2 0 1 1 0 0 0 0 0 1 0 0 1 1 1 2 0 1 0 0 0 1 0 1 1 1 0 0 0 1 1 0 0 1 1 1 0 1 2 0 1 1 0 0 1 0 1 0 1 0 0 1 1 1 0 1 0 0 0 0 2 0 0 2 0 0 0 1 1 1 1 2 0 0 0 1 0 1 2 0 1 0 0 1 0 0 1 1 1
2 297 2 0 0 1 0 2 0 1 1 1 1 2 0 1 1 1 0 1 1 1 0 0 0 2 0 1 2 0 1 2 0 2 0 2 0 2 0 1 1 2 0 0 1 1 2 0 1 1 1 2 0 0 0 1 0 0 0 0 1 0 0 0 1 1 0 1 0 1 1 0 2 0 1 1 1 2 0 2 0 0 0 1 0 1 0 0 1 0 0 0 1 1 0 1 2 0 0 1 0 0 1 0 0 2 0 0 1 2 0 0 0 1 1 2 0 1 1 0 0 1 0 2 0 1 0 2 0 1 0 0 0 0 2 0 2 0 0 1 1 2 0 0 1 1 0 1 0 1 1 1 0 2 0 0 0 0 1 1 1 1 0 2 0 1 1 2 0 0 1 1 1 1 1 1 0 2 0 2 0 0 2 0 0 0 2 0 1 1 2 0 1 1 2 0 1 0 2 0 1 0 1 2 0 1 2 0 0 1 0 2 0 1 0 0 0 0 1 0 2 0 1 1 2 0 1 1 1 1 1 1 0 2 0 2 0 0 1 1 2 0 2 0 0 0 1 0 2 0 1 2 0 1 1 0 1 0 0 2 0 1 1 0 0 0 1 1 1 0 0 1 1 0 0 1 2 0 0 1 2 0 0 1 1 1 1 0 2 0 0 1 2 0 2 0 1 1 0
2 299 1 0 0 1 0 0 1 2 0 0 0 2 0 0 0 0 0 0 0 2 0 2 0 1 0 1 0 1 0 0 1 0 0 2 0 2 0 2 0 0 1 0 1 0 2 0 0 0 0 0 2 0 0 1 1 0 1 1 0 1 0 1 1 1 2 0 0 1 0 2 0 1 2 0 0 1 0 0 0 1 0 1 1 1 0 0 1 2 0 1 1 1 2 0 1 0 1 1 2 0 2 0 0 0 0 0 1 0 2 0 0 1 2 0 1 0 2 0 1 0 1 1 1 1 2 0 0 1 1 1 1 1 1 0 1 0 1 1 0 1 2 0 1 0 1 0 0 1 1 0 0 0 1 1 0 1 0 2 0 0 1 0 1 2 0 0 1 0 1 0 1 1 1 1 1 0 1 2 0 1 1 1 0 0 2 0 1 0 0 1 1 0 0 1 0 2 0 0 1 2 0 0 1 0 0 0 1 2 0 0 1 1 1 1 1 1 0 1 1 1 2 0 0 1 1 0 0 0 1 1 1 0 1 2 0 1 1 0 2 0 0 0 1 0 1 1 1 1 2 0 0 2 0 2 0 0 1 0 0 0 2 0 1 0 0 1 2 0 2 0 1 1 2 0 2 0 1 2 0 2 0 1 0 1 1 1 0 1 1 1 1 0 0 0 1 2 0 1 0
1 300 1 0 1 2 0 2 0 2 0 0 2 0 0 0 1 0 0 0 1 0 1 0 1 1 2 0 1 0 0 2 0 0 0 0 1 0 2 0 1 1 0 0 0 1 1 1 0 1 0 1 0 0 1 0 1 0 0 2 0 0 1 1 0 0 2 0 1 0 0 1 2 0 0 1 1 2 0 1 1 1 1 1 0 0 0 0 0 0 0 0 0 0 2 0 2 0 0 0 1 1 0 1 0 1 0 0 1 1 1 1 1 0 2 0 2 0 0 1 2 0 0 0 0 1 2 0 1 0 1 1 1 1 1 0 0 1 0 2 0 1 0 2 0 1 0 0 2 0 0 2 0 0 1 2 0 0 1 1 1 1 0 0 1 0 1 2 0 0 0 1 1 0 0 1 1 0 1 1 0 0 0 0 0 0 0 0 1 1 2 0 0 2 0 1 1 1 1 1 0 2 0 0 2 0 1 1 2 0 1 2 0 1 1 1 1 1 0 1 0 0 2 0 1 0 0 2 0 0 2 0 0 0 1 0 2 0 2 0 1 1 0 1 1 1 1 0 0 1 2 0 1 1 1 0 1 0 2 0 1 2 0 0 1 2 0 0 0 0 0 2 0 0 1 1 0 2 0 1 0 0 1 2 0 0 0 0 0 1 0 0 0 2 0 0 2 0 2 0 0 1
0 301 1 1 1 1 0 0 2 0 1 1 1 0 0 1 1 0 1 1 1 1 0 1 1 0 1 0 1 2 0 0 0 0 1 0 1 1 1 1 2 0 1 0 0 2 0 0 0 0 1 0 0 2 0 0 0 1 0 0 0 1 0 1 0 0 0 0 1 1 2 0 2 0 1 0 2 0 0 0 0 0 1 0 2 0 0 0 0 0 0 0 0 1 0 1 0 1 0 1 1 2 0 0 1 0 0 2 0 1 1 1 1 0 1 2 0 1 1 0 2 0 0 1 0 2 0 2 0 1 1 0 0 1 0 2 0 1 1 1 1 2 0 0 1 1 2 0 0 0 1 1 0 1 0 2 0 1 0 1 1 0 2 0 1 1 1 0 1 1 1 1 1 2 0 1 2 0 0 1 2 0 0 0 0 0 0 0 2 0 1 0 1 1 1 0 0 0 1 1 0 1 1 1 1 1 0 0 1 1 0 1 0 0 0 0 1 1 0 0 1 0 0 0 1 2 0 0 0 1 1 0 0 1 1 1 1 2 0 1 2 0 1 2 0 0 1 0 0 0 0 0 0 0 0 0 0 1 1 2 0 0 1 2 0 2 0 0 1 0 1 0 0 1 0 1 0 1 1 1 1 2 0 2 0 0 1 0 0 1 0 1 2 0 0 1 1 1 0 1 1 0 0
0 302 2 0 0 1 0 0 0 0 2 0 2 0 2 0 1 0 1 0 0 1 0 0 2 0 0 1 1 0 1 1 1 0 1 1 1 0 0 1 2 0 1 2 0 0 0 0 1 0 1 1 0 0 0 0 1 1 0 1 1 1 1 0 0 1 1 0 2 0 1 1 0 1 2 0 0 1 0 1 0 0 1 1 1 1 0 1 0 0 0 0 0 1 1 0 1 0 1 1 0 1 0 1 0 0 0 0 1 0 0 0 1 0 1 0 2 0 2 0 1 1 1 0 0 1 2 0 1 2 0 1 0 1 1 1 2 0 0 0 1 2 0 1 0 1 2 0 0 1 1 2 0 0 1 1 1 1 2 0 2 0 1 2 0 0 0 0 1 0 0 1 2 0 0 0 0 1 2 0 2 0 0 1 0 0 0 1 0 0 1 2 0 2 0 2 0 0 1 2 0 1 0 0 1 0 2 0 1 2 0 0 0 1 1 0 1 1 2 0 1 0 1 1 2 0 1 1 1 1 1 2 0 2 0 0 2 0 0 0 1 0 0 0 1 1 2 0 1 1 0 0 0 0 0 0 0 2 0 1 0 1 1 0 0 0 1 1 0 0 0 0 2 0 0 0 1 1 0 0 2 0 0 0 1 0 2 0 2 0 0 1 0 1 2 0 1 1 0 0 1 2 0 0
1 304 1 0 0 0 2 0 1 1 1 0 1 0 2 0 1 1 2 0 0 2 0 0 0 0 0 1 0 1 0 1 0 0 0 1 0 0 0 0 0 0 0 0 0 1 1 1 0 1 1 0 1 2 0 0 0 1 2 0 1 0 0 0 2 0 1 2 0 1 1 2 0 1 2 0 1 2 0 0 0 0 2 0 1 1 1 0 0 0 1 1 0 0 1 2 0 0 1 0 2 0 0 1 0 0 1 1 0 1 0 1 1 1 1 0 1 1 2 0 2 0 0 0 0 0 0 0 0 0 0 2 0 1 1 0 0 2 0 0 1 2 0 2 0 1 1 0 1 2 0 1 2 0 1 0 1 1 2 0 0 0 2 0 0 1 1 1 0 1 0 2 0 2 0 0 1 1 0 0 0 0 1 0 2 0 1 1 1 1 0 0 0 0 0 2 0 1 1 0 2 0 1 1 2 0 0 1 2 0 0 1 1 1 1 2 0 1 0 1 0 2 0 0 0 1 1 0 0 0 1 2 0 0 0 1 1 1 0 0 1 1 0 1 1 2 0 1 0 2 0 1 0 0 0 0 0 1 0 0 1 2 0 1 2 0 0 1 1 2 0 0 1 0 0 0 1 1 2 0 0 0 0 0 1 1 1 1 2 0 1 1 0 0 1 0 2 0 1 2 0 2 0 1 1 1
0 305 1 0 1 2 0 1 0 0 0 0 0 1 1 2 0 0 1 0 1 1 0 0 1 0 0 1 1 0 1 0 0 1 1 1 0 1 1 0 0 0 0 0 0 2 0 0 0 0 2 0 1 0 1 1 1 2 0 2 0 0 1 2 0 1 0 1 0 0 0 1 1 0 1 0 0 0 1 1 1 1 0 0 2 0 2 0 1 1 1 1 2 0 2 0 1 2 0 0 1 1 0 2 0 2 0 1 0 0 1 1 0 0 1 0 1 0 1 1 0 1 0 1 0 0 0 0 0 0 1 0 0 2 0 1 1 0 0 1 1 0 0 0 1 2 0 2 0 0 0 0 0 2 0 1 1 0 1 0 0 2 0 0 1 0 1 1 0 0 1 1 2 0 1 1 0 0 2 0 0 0 1 1 1 2 0 0 0 0 2 0 0 0 1 0 0 2 0 2 0 1 0 0 1 0 1 0 2 0 1 0 1 1 1 2 0 1 2 0 1 1 1 0 1 1 1 2 0 0 2 0 1 1 1 1 2 0 2 0 1 2 0 1 0 1 0 2 0 0 1 1 1 1 1 0 0 1 1 0 0 0 0 0 0 1 2 0 1 2 0 0 2 0 1 1 2 0 1 0 0 1 0 0 2 0 0 1 2 0 2 0 1 0 1 1 1 2 0 1 0 0 2 0 0 0 0
0 306 1 1 1 0 2 0 0 1 1 0 0 2 0 1 0 1 0 0 0 1 2 0 1 0 2 0 1 0 0 0 2 0 1 1 0 0 1 2 0 0 0 0 1 0 0 0 1 1 0 0 2 0 0 0 1 0 0 0 1 1 0 2 0 1 2 0 0 1 1 1 2 0 0 0 1 1 2 0 0 1 0 0 0 1 0 2 0 0 0 2 0 0 0 2 0 0 1 2 0 1 0 1 2 0 1 1 1 2 0 0 2 0 1 1 0 1 0 2 0 0 1 0 0 1 1 0 0 0 1 1 0 0 0 2 0 1 0 1 1 2 0 1 0 0 0 0 1 0 1 0 1 0 0 2 0 1 1 1 0 0 0 1 0 0 0 1 2 0 2 0 1 0 2 0 1 1 0 0 0 1 2 0 0 2 0 0 1 1 0 0 0 1 1 1 0 0 1 0 1 1 1 2 0 0 0 1 1 1 2 0 0 0 1 0 0 0 1 0 0 0 0 0 1 0 0 2 0 1 1 1 0 0 0 2 0 0 0 2 0 0 2 0 1 0 1 1 1 1 0 1 1 1 0 2 0 1 1 2 0 0 0 0 1 0 0 0 0 0 2 0 0 1 0 0 1 0 1 1 2 0 0 0 0 0 1 1 0 0 0 1 2 0 0 0 0 2 0 1 2 0 0 0 0 1 0 0
0 307 2 0 0 0 1 1 1 0 1 0 0 0 0 1 2 0 0 1 1 2 0 2 0 1 1 1 1 1 1 2 0 0 2 0 1 0 2 0 1 1 1 0 1 0 1 1 1 2 0 0 0 0 0 1 1 0 1 1 1 2 0 1 2 0 0 1 2 0 1 1 2 0 0 1 2 0 1 0 0 2 0 1 1 1 1 1 1 0 2 0 0 0 2 0 0 1 0 2 0 2 0 0 1 0 0 0 0 2 0 1 1 0 2 0 1 1 1 1 1 0 2 0 2 0 0 2 0 0 1 1 2 0 1 0 0 2 0 0 0 1 0 1 1 1 1 0 1 1 0 1 0 1 0 0 0 2 0 2 0 1 1 1 0 1 2 0 0 0 0 1 2 0 0 1 2 0 1 0 0 2 0 2 0 0 0 1 0 0 2 0 0 1 2 0 2 0 1 1 1 0 0 2 0 0 1 2 0 0 2 0 0 1 1 0 1 1 1 0 1 1 0 0 1 1 0 0 0 2 0 2 0 1 2 0 0 0 2 0 0 1 1 0 2 0 0 0 0 1 0 1 0 0 0 1 2 0 0 1 0 0 1 0 1 0 1 1 0 1 0 0 0 2 0 2 0 0 1 0 1 0 0 1 0 0 1 1 2 0 0 2 0 1 1 1 1 0 1 0 0 1 1 1 0 1 0 1 1
1 309 1 0 0 0 1 2 0 0 0 0 0 1 1 0 2 0 1 2 0 2 0 0 0 2 0 0 0 1 1 1 2 0 1 1 0 2 0 0 2 0 0 0 0 0 1 1 0 0 2 0 0 1 0 0 1 2 0 1 0 1 0 0 0 0 2 0 0 0 0 0 0 1 0 1 0 2 0 1 2 0 0 1 0 0 0 1 1 1 0 1 1 0 2 0 0 1 0 0 1 2 0 1 0 2 0 1 1 1 0 0 2 0 2 0 1 0 0 0 1 1 0 1 2 0 1 1 1 0 1 0 1 2 0 1 2 0 0 0 0 1 1 1 1 0 0 1 0 0 2 0 0 1 0 0 1 2 0 1 0 2 0 0 0 0 1 0 1 1 1 0 2 0 1 2 0 2 0 1 2 0 0 1 0 1 0 1 1 1 0 0 0 1 1 0 0 0 2 0 0 0 0 0 0 0 1 0 2 0 1 1 0 1 0 1 0 1 0 0 0 0 1 2 0 1 1 2 0 1 0 1 0 2 0 0 1 1 2 0 0 1 0 1 0 1 1 0 1 0 1 1 0 0 1 1 2 0 1 1 2 0 2 0 0 0 1 0 2 0 0 0 1 2 0 1 0 1 1 0 0 0 0 1 2 0 2 0 1 2 0 1 1 1 0 0 0 1 0 0 0 2 0 1 1 0 0 1 0 2 0
2 310 1 0 1 1 2 0 1 1 1 0 0 1 2 0 1 2 0 1 0 0 1 0 2 0 0 0 1 2 0 0 2 0 2 0 2 0 0 1 1 0 0 1 0 0 1 2 0 0 0 0 0 2 0 2 0 2 0 1 2 0 0 1 1 1 0 0 0 1 0 0 0 1 1 0 1 1 2 0 0 1 1 2 0 1 1 2 0 0 0 0 2 0 1 1 0 2 0 2 0 2 0 2 0 0 2 0 0 0 0 0 0 1 0 1 1 1 1 1 1 2 0 1 1 0 0 0 0 0 0 1 1 1 0 0 0 1 1 1 0 2 0 0 0 2 0 1 1 0 0 0 0 2 0 2 0 2 0 2 0 0 1 0 1 0 1 1 1 0 0 0 1 2 0 1 0 0 2 0 0 1 2 0 0 0 1 0 2 0 2 0 0 1 1 2 0 1 0 0 0 1 0 0 0 0 1 1 1 1 2 0 1 1 1 0 1 0 0 1 1 1 0 0 0 0 0 1 0 1 2 0 1 1 1 1 0 1 2 0 1 0 0 0 1 0 2 0 0 1 0 1 2 0 2 0 1 1 0 0 1 1 0 1 0 1 1 1 1 1 0 1 2 0 2 0 1 0 1 2 0 0 1 0 0 0 0 2 0 0 2 0 2 0 2 0 0 1 0 1 2 0 0 2 0 1 0 1 1 1 1 0
1 311 1 1 1 0 1 1 0 0 0 0 0 0 0 0 0 0 2 0 0 2 0 0 1 1 0 1 2 0 2 0 0 1 0 2 0 1 1 0 0 2 0 1 0 2 0 2 0 0 1 0 1 0 1 0 2 0 2 0 0 1 2 0 1 0 2 0 0 1 0 1 1 1 2 0 1 0 1 0 1 0 2 0 0 0 0 1 0 0 1 1 0 0 2 0 2 0 1 0 2 0 2 0 1 1 1 0 0 1 0 0 0 1 1 1 0 0 1 1 1 2 0 2 0 1 0 0 0 0 0 1 2 0 2 0 0 2 0 0 0 1 1 0 2 0 0 2 0 1 0 0 1 0 1 0 2 0 2 0 1 1 0 0 0 1 0 2 0 2 0 0 2 0 2 0 1 0 0 0 1 0 2 0 0 1 1 1 1 2 0 1 1 0 1 2 0 1 1 1 1 1 0 1 1 0 2 0 0 2 0 0 0 0 0 0 0 0 2 0 1 0 2 0 0 0 0 1 1 1 1 0 0 0 0 1 0 1 0 2 0 0 1 1 1 1 1 1 1 0 0 1 1 0 0 1 2 0 1 0 1 2 0 0 1 1 0 0 1 1 0 1 1 0 0 1 2 0 0 0 1 1 2 0 1 1 1 0 0 1 1 1 0 2 0 1 1 0 0 1 0 2 0 0 0 2 0 0 0 0 0 2 0
2 312 2 0 0 0 0 1 2 0 0 0 0 0 0 0 0 1 0 0 1 1 0 1 0 1 0 1 1 0 0 1 1 0 0 1 1 2 0 1 1 0 0 2 0 0 2 0 1 1 0 0 0 1 0 1 1 2 0 1 1 0 2 0 2 0 0 1 1 0 0 1 0 0 2 0 1 2 0 1 0 1 1 1 0 1 0 1 0 2 0 1 0 0 0 1 0 1 2 0 0 2 0 1 2 0 2 0 1 2 0 1 1 1 2 0 2 0 2 0 1 0 0 0 1 1 1 1 1 0 1 0 0 0 0 1 1 1 0 0 1 1 2 0 1 1 1 1 0 1 1 2 0 0 0 1 1 2 0 1 2 0 1 0 0 1 1 1 2 0 1 1 1 1 0 1 1 1 1 1 1 1 1 1 1 0 1 1 1 2 0 2 0 2 0 0 0 0 0 0 1 1 0 0 2 0 1 1 1 1 0 0 1 0 0 0 0 1 0 0 2 0 0 1 0 1 0 2 0 0 0 2 0 0 0 1 1 0 1 1 1 1 0 1 1 1 1 1 0 2 0 1 1 2 0 2 0 2 0 1 1 0 1 2 0 0 2 0 1 2 0 0 1 2 0 2 0 1 1 1 2 0 1 0 2 0 2 0 2 0 1 1 0 1 1 2 0 1 0 1 1 1 1 0 2 0 0 0 1 0 1 0 0 0
2 314 1 0 0 0 1 0 2 0 1 1 1 0 0 0 0 0 1 0 2 0 1 0 0 1 0 1 0 1 2 0 1 1 2 0 2 0 1 0 2 0 1 1 0 0 1 1 0 2 0 1 0 0 1 1 1 0 1 0 2 0 2 0 1 0 1 1 0 0 2 0 1 1 0 0 1 0 0 2 0 1 1 0 0 0 0 1 0 1 1 1 1 1 1 1 1 1 1 0 2 0 0 1 0 1 0 0 2 0 1 0 0 0 1 0 0 0 2 0 1 1 1 1 1 2 0 0 1 1 0 0 0 1 1 0 1 2 0 2 0 2 0 1 1 0 0 0 1 0 1 0 1 0 0 1 2 0 1 1 0 0 2 0 0 2 0 1 2 0 0 0 0 0 1 0 1 0 0 1 1 1 1 1 1 1 0 1 0 1 0 0 0 2 0 1 0 1 0 0 0 1 2 0 0 0 1 0 0 0 0 2 0 1 0 1 1 0 1 1 0 0 0 1 0 0 0 1 1 1 0 2 0 0 0 1 1 2 0 1 0 0 1 0 1 0 0 1 1 0 1 2 0 0 1 1 0 2 0 1 2 0 1 2 0 2 0 0 1 0 0 2 0 0 0 0 0 2 0 0 0 2 0 2 0 0 2 0 2 0 1 2 0 1 2 0 1 0 2 0 0 0 0 1 0 1 1 0 1 1 1 0 0 1 1 0
2 315 1 0 1 1 1 1 1 1 2 0 2 0 1 1 0 0 1 1 1 1 1 1 2 0 0 0 1 1 1 0 0 0 1 1 0 1 2 0 0 1 2 0 1 0 1 2 0 1 1 1 1 2 0 1 1 0 0 1 1 2 0 1 1 2 0 2 0 0 0 0 2 0 1 0 1 1 0 0 0 2 0 1 0 0 0 1 1 1 0 0 1 1 1 1 1 1 1 0 1 1 1 0 0 0 1 0 0 0 1 1 1 1 1 0 1 2 0 1 0 0 0 1 1 2 0 1 0 0 2 0 0 1 2 0 1 1 0 0 2 0 1 2 0 1 0 0 1 1 0 1 0 0 2 0 2 0 2 0 1 1 0 0 1 1 1 0 0 1 1 1 0 0 1 1 0 0 2 0 1 1 1 1 1 1 0 0 1 0 0 1 2 0 0 1 2 0 0 1 1 2 0 1 1 1 1 0 1 1 1 0 0 1 2 0 2 0 0 1 2 0 0 1 0 1 1 2 0 0 0 1 1 0 1 2 0 1 0 1 1 2 0 0 0 0 2 0 1 0 1 0 1 2 0 1 0 1 2 0 1 0 0 1 0 0 1 1 0 0 0 0 0 0 1 0 1 0 0 0 2 0 1 0 1 1 1 1 0 2 0 1 0 0 0 2 0 1 1 1 0 1 0 1 1 0 2 0 0 2 0 2 0 1 1 2 0
0 316 1 1 1 0 0 1 1 2 0 0 0 1 2 0 1 0 2 0 0 1 1 1 2 0 0 1 1 2 0 2 0 0 1 2 0 1 0 1 2 0 2 0 2 0 0 1 0 0 0 0 1 2 0 2 0 1 0 2 0 1 1 0 0 1 1 0 1 0 1 1 0 0 1 2 0 1 2 0 1 0 0 1 1 1 1 1 2 0 2 0 2 0 0 1 1 1 1 0 0 2 0 2 0 0 1 0 1 1 2 0 0 1 1 0 1 0 2 0 0 1 1 2 0 1 0 1 2 0 0 0 1 0 2 0 2 0 1 1 0 1 0 0 2 0 0 2 0 1 0 0 1 0 0 1 0 2 0 1 2 0 1 0 1 2 0 2 0 1 2 0 2 0 1 2 0 0 0 1 0 0 0 1 1 0 2 0 1 0 2 0 2 0 1 0 2 0 1 0 2 0 0 0 0 0 1 0 1 0 0 0 0 0 0 0 0 1 1 0 2 0 1 0 0 1 0 1 0 0 1 1 2 0 1 0 2 0 1 1 0 1 0 0 1 1 0 0 1 2 0 1 1 0 2 0 1 1 0 2 0 0 1 2 0 2 0 0 2 0 0 0 0 0 1 1 0 0 1 2 0 0 2 0 0 0 0 1 0 1 1 1 1 1 2 0 1 0 0 0 0 0 1 0 2 0 1 1 1 1 1 0 2 0 0 1 0 0
0 317 1 2 0 2 0 2 0 1 0 0 1 2 0 2 0 1 1 1 1 0 1 1 2 0 1 0 2 0 0 0 1 1 0 2 0 2 0 0 1 0 0 2 0 1 0 2 0 1 1 1 0 0 0 0 1 2 0 0 1 2 0 1 0 1 2 0 0 1 0 2 0 0 0 0 0 0 0 2 0 0 2 0 1 1 1 2 0 0 0 2 0 1 1 0 1 1 1 0 0 0 1 0 1 1 0 0 1 0 1 0 1 0 1 0 0 1 1 1 1 0 1 2 0 2 0 0 0 1 1 1 1 1 1 2 0 1 2 0 1 1 1 0 0 0 1 1 0 1 1 1 2 0 2 0 0 1 2 0 0 2 0 1 1 1 0 0 2 0 1 0 0 2 0 0 1 1 1 1 0 1 1 1 2 0 1 1 2 0 0 2 0 1 2 0 0 1 2 0 0 1 0 1 0 0 1 1 0 0 1 1 0 0 0 0 0 1 2 0 1 1 1 1 2 0 0 0 0 2 0 1 2 0 2 0 0 1 2 0 1 1 0 2 0 0 2 0 2 0 2 0 2 0 1 1 2 0 2 0 0 1 1 0 0 0 1 1 1 0 0 1 0 0 1 1 2 0 2 0 2 0 0 0 0 1 0 1 1 1 0 0 1 1 2 0 1 1 1 1 0 0 1 1 1 2 0 0 0 1 1 0 1 1 0 2 0 1 1
1 319 1 0 0 0 0 2 0 1 1 2 0 0 0 0 0 2 0 0 0 1 0 1 0 1 0 2 0 0 1 0 1 1 2 0 1 2 0 1 1 0 0 0 0 0 2 0 0 1 2 0 2 0 1 1 0 2 0 1 2 0 2 0 2 0 0 0 1 2 0 0 1 1 0 1 0 0 0 1 0 0 1 1 1 0 0 0 2 0 0 2 0 0 2 0 1 1 2 0 2 0 0 1 1 0 1 2 0 1 1 0 1 0 1 0 0 2 0 1 1 1 0 1 1 0 0 1 0 1 2 0 0 1 1 2 0 0 0 0 2 0 2 0 2 0 0 1 2 0 1 0 1 0 0 0 1 1 0 2 0 1 1 1 0 0 0 0 0 0 0 1 2 0 0 0 1 0 1 1 1 0 1 0 1 0 0 0 0 1 0 1 1 1 0 0 1 2 0 2 0 1 0 0 0 0 2 0 0 2 0 1 1 2 0 0 0 1 0 0 0 0 0 0 1 2 0 0 1 1 0 1 0 1 0 0 1 1 0 2 0 2 0 2 0 0 1 1 1 0 2 0 2 0 2 0 0 1 1 0 1 1 0 0 2 0 0 1 2 0 2 0 1 0 2 0 2 0 0 0 2 0 1 0 1 0 1 1 0 2 0 2 0 2 0 1 1 0 0 0 0 2 0 2 0 0 2 0 0 1 1 2 0 0 2 0 1 1 2 0 1
1 320 1 0 1 1 1 0 1 0 0 1 0 0 1 0 1 0 0 0 1 1 1 0 1 0 1 1 1 1 0 0 1 0 1 1 0 0 2 0 1 2 0 0 0 1 0 0 1 1 0 0 0 1 2 0 2 0 1 0 1 0 0 2 0 1 0 1 2 0 1 2 0 1 0 0 0 1 1 1 0 2 0 1 0 2 0 1 0 0 1 1 0 1 1 1 0 0 1 1 0 1 1 0 1 0 1 0 2 0 2 0 0 1 0 1 0 0 1 0 0 0 0 0 1 2 0 1 1 1 0 1 2 0 1 2 0 0 1 1 0 1 0 2 0 1 1 0 2 0 1 2 0 0 1 1 1 2 0 1 1 2 0 2 0 1 1 0 0 0 0 2 0 1 1 1 1 1 1 0 0 0 0 1 0 0 1 1 0 1 1 1 0 0 0 0 0 0 0 0 1 1 1 1 1 1 0 0 1 1 1 0 0 1 0 0 1 1 0 1 1 0 0 0 2 0 1 2 0 1 0 0 1 0 0 2 0 1 0 1 2 0 2 0 1 1 0 1 1 0 1 2 0 2 0 1 1 0 1 0 0 2 0 0 0 0 1 1 0 0 0 1 2 0 0 2 0 1 0 2 0 0 1 2 0 1 0 2 0 1 2 0 2 0 1 2 0 1 0 0 1 0 1 0 1 1 1 0 1 0 1 2 0 1 1 1 0 0 1 0 2 0
2 321 1 1 1 0 0 0 0 0 1 2 0 2 0 0 0 0 1 1 2 0 0 0 0 1 1 0 0 0 2 0 1 1 0 2 0 0 0 1 0 0 1 1 1 1 0 2 0 0 2 0 1 0 0 0 0 1 1 2 0 1 0 0 0 2 0 0 1 0 0 0 2 0 0 1 1 2 0 0 0 1 1 2 0 0 1 1 1 2 0 1 0 0 2 0 2 0 1 2 0 0 2 0 0 1 0 1 1 2 0 1 1 0 0 0 0 1 2 0 1 1 0 1 0 0 0 0 0 0 0 1 1 0 0 0 1 2 0 1 0 0 1 1 1 2 0 2 0 1 0 0 1 2 0 1 2 0 0 0 0 1 1 0 1 2 0 1 0 0 1 0 1 0 0 0 1 1 0 2 0 0 0 1 0 2 0 1 0 0 2 0 2 0 0 0 0 0 0 0 2 0 0 1 1 0 2 0 1 2 0 2 0 1 0 2 0 1 0 0 1 2 0 1 0 1 0 0 2 0 0 2 0 0 0 0 0 2 0 0 1 0 0 1 2 0 1 1 2 0 1 1 0 0 1 2 0 1 1 1 0 0 0 0 1 0 1 1 2 0 0 2 0 2 0 0 0 2 0 0 1 1 0 2 0 2 0 0 2 0 1 0 0 2 0 0 2 0 0 2 0 0 0 1 1 0 0 0 0 1 1 0 2 0 2 0 2 0 1 1 1 1 0
1 322 1 2 0 2 0 0 0 1 0 0 0 0 1 0 1 0 2 0 1 0 0 1 0 1 1 2 0 1 0 0 2 0 2 0 0 0 1 1 0 2 0 1 1 1 0 1 1 1 1 0 1 1 1 1 0 2 0 1 0 1 1 1 2 0 0 0 2 0 1 2 0 0 1 0 1 2 0 0 1 2 0 1 0 1 0 1 1 2 0 1 2 0 0 1 0 2 0 0 2 0 0 0 1 0 0 1 0 1 0 2 0 1 0 0 0 2 0 2 0 2 0 0 0 1 1 0 0 0 0 1 1 2 0 0 2 0 2 0 0 2 0 1 2 0 0 0 1 1 2 0 0 0 0 0 0 1 1 1 0 1 2 0 1 0 2 0 0 2 0 0 0 0 1 1 1 2 0 1 1 0 1 1 1 1 1 1 2 0 0 1 0 1 0 1 0 0 0 1 0 0 1 0 1 0 1 2 0 1 0 0 1 2 0 0 1 1 1 2 0 2 0 1 2 0 1 0 0 0 1 1 0 0 1 0 1 0 0 1 0 0 0 0 0 0 0 0 1 0 2 0 1 0 2 0 2 0 2 0 2 0 0 0 1 1 1 0 1 0 1 1 1 0 1 0 2 0 0 1 0 1 0 1 2 0 1 1 1 0 1 2 0 0 0 1 1 0 1 1 0 0 1 1 1 2 0 0 0 1 2 0 1 2 0 2 0 2 0 0 0 0 2 0
2 324 1 0 0 0 0 1 0 1 1 0 1 1 0 1 1 0 1 1 1 1 1 2 0 0 1 0 1 0 1 2 0 0 1 0 1 0 1 1 2 0 1 2 0 0 0 0 1 0 0 1 0 1 0 0 1 0 1 1 2 0 0 0 0 2 0 0 2 0 1 0 0 1 2 0 0 1 0 1 2 0 2 0 1 2 0 1 1 0 1 1 0 0 1 2 0 0 1 1 1 1 0 0 1 1 0 2 0 0 0 1 1 1 1 1 1 2 0 1 0 2 0 1 0 1 1 1 2 0 0 0 2 0 1 0 1 1 1 0 1 1 1 1 0 0 1 1 1 2 0 1 0 0 1 0 0 0 2 0 0 0 1 0 2 0 1 1 1 1 1 0 0 1 0 2 0 0 2 0 2 0 1 2 0 0 1 1 1 2 0 1 0 0 0 1 0 0 1 1 1 0 2 0 0 0 1 1 0 2 0 0 2 0 2 0 1 0 1 2 0 0 0 2 0 0 2 0 0 1 1 1 1 2 0 1 1 0 0 1 2 0 1 1 0 0 0 0 0 1 1 1 1 2 0 0 2 0 2 0 2 0 1 0 1 2 0 0 0 0 1 1 0 0 0 0 1 1 1 1 0 0 0 1 1 1 0 0 0 0 0 1 0 1 1 1 1 2 0 0 1 2 0 2 0 0 2 0 0 2 0 0 0 0 1 0 0 2 0 1 0 1 1 0 0 0
2 325 1 0 1 1 0 1 1 0 2 0 0 2 0 0 2 0 1 0 0 1 1 2 0 1 0 0 0 1 1 0 1 2 0 0 0 1 1 0 1 1 0 0 1 1 1 0 1 0 2 0 0 0 0 2 0 0 1 0 1 0 0 1 1 0 0 1 1 0 1 1 2 0 2 0 1 0 0 1 1 0 0 2 0 0 2 0 2 0 0 1 2 0 2 0 1 2 0 1 1 0 2 0 1 2 0 1 1 0 1 2 0 0 1 1 1 2 0 2 0 0 1 2 0 0 0 0 2 0 0 2 0 0 2 0 0 0 0 0 1 0 0 0 2 0 2 0 0 2 0 1 1 1 2 0 1 2 0 0 0 1 1 1 1 2 0 0 0 1 0 2 0 1 1 1 1 1 1 1 0 2 0 0 1 2 0 1 1 2 0 1 1 1 1 1 0 2 0 1 1 0 1 1 0 1 1 2 0 1 1 1 1 1 0 1 2 0 0 0 1 1 2 0 0 1 1 0 1 0 1 1 1 2 0 2 0 1 0 2 0 2 0 1 2 0 0 0 0 2 0 0 1 2 0 1 1 1 0 2 0 1 2 0 0 0 1 1 1 0 1 1 2 0 0 0 2 0 0 0 2 0 0 1 2 0 2 0 0 0 0 1 1 1 0 0 1 2 0 1 1 0 0 0 1 1 1 0 1 1 0 0 1 0 1 1 0 0 0 1 2 0 1 2 0 0 0
2 326 1 1 0 2 0 0 2 0 1 1 1 1 0 1 1 0 1 1 2 0 1 2 0 1 1 1 1 1 2 0 1 0 1 1 1 1 2 0 0 1 2 0 2 0 0 0 0 1 1 1 0 1 1 0 0 1 0 0 0 0 2 0 0 2 0 1 2 0 1 0 1 1 0 1 1 1 2 0 1 0 0 0 0 1 1 1 0 1 1 1 0 0 0 2 0 0 2 0 2 0 1 2 0 0 2 0 2 0 1 0 1 2 0 1 2 0 0 0 1 1 0 2 0 0 1 1 0 0 1 1 0 1 1 0 0 1 0 0 1 0 1 2 0 1 0 1 1 1 1 0 0 1 0 0 0 0 1 1 1 2 0 0 1 2 0 0 1 1 1 1 2 0 0 0 1 1 1 1 0 1 1 1 1 0 0 0 0 1 1 0 0 0 1 1 0 1 1 2 0 1 1 2 0 1 0 1 1 0 0 0 1 1 0 1 0 1 1 1 2 0 1 0 1 0 1 0 0 1 1 0 1 0 0 0 1 2 0 0 2 0 2 0 0 1 1 1 1 0 0 1 1 0 0 0 0 0 0 1 2 0 0 1 1 1 2 0 0 0 1 0 1 0 0 2 0 0 0 2 0 0 1 1 0 0 0 1 0 1 0 1 2 0 2 0 2 0 2 0 1 2 0 0 2 0 0 0 0 1 2 0 1 1 0 1 2 0 1 0 0 0 0 0 1 1 1 0
1 327 1 2 0 1 1 1 1 1 0 0 0 1 0 0 2 0 1 0 1 1 0 1 0 0 0 0 1 1 2 0 2 0 0 0 0 1 2 0 1 1 0 0 0 1 0 1 0 2 0 0 0 0 1 2 0 1 0 1 1 1 0 0 1 1 1 0 0 2 0 1 0 2 0 1 0 0 2 0 1 1 1 1 0 2 0 0 0 0 2 0 2 0 1 0 0 1 1 1 0 2 0 0 2 0 0 1 0 1 2 0 0 1 0 0 0 1 1 1 1 2 0 1 1 1 0 0 2 0 1 2 0 0 1 2 0 1 0 2 0 0 1 0 2 0 1 1 0 0 0 2 0 1 0 1 1 0 2 0 0 2 0 1 0 2 0 1 0 1 1 1 2 0 0 1 2 0 0 1 0 1 0 0 0 2 0 0 0 1 1 2 0 0 1 2 0 1 0 1 1 0 0 1 0 1 2 0 1 2 0 0 1 2 0 0 1 1 0 0 2 0 1 2 0 1 0 0 2 0 1 0 0 0 1 1 2 0 2 0 0 1 0 1 1 0 1 1 0 2 0 1 1 2 0 0 0 0 0 2 0 1 2 0 1 1 2 0 0 1 1 1 0 1 0 0 0 0 2 0 0 1 0 0 2 0 0 1 1 0 1 1 1 0 0 2 0 2 0 2 0 0 2 0 0 0 0 1 0 2 0 2 0 2 0 1 0 2 0 0 1 1 0 0 1 2 0 2 0
2 329 1 0 0 0 0 0 0 1 0 2 0 0 1 1 0 0 0 1 2 0 2 0 0 0 1 1 0 2 0 1 1 0 1 0 1 0 2 0 2 0 1 2 0 0 1 1 0 1 1 1 0 1 0 2 0 2 0 1 0 2 0 2 0 2 0 0 0 0 0 0 2 0 0 1 1 2 0 0 1 0 0 0 1 0 1 1 0 1 1 0 1 0 1 1 1 2 0 1 1 0 1 1 1 1 0 1 0 0 1 0 1 1 2 0 1 1 2 0 0 2 0 0 0 0 0 0 0 0 1 0 0 1 2 0 2 0 2 0 0 1 1 0 0 1 1 2 0 1 0 1 0 0 1 2 0 2 0 1 1 1 1 0 2 0 0 1 2 0 0 0 0 2 0 1 0 2 0 1 0 0 0 0 1 2 0 0 0 1 2 0 1 0 1 0 2 0 1 2 0 1 2 0 1 1 1 1 0 0 0 1 2 0 2 0 1 0 1 0 0 0 1 0 0 2 0 1 0 0 0 1 1 1 1 2 0 1 1 0 1 1 0 0 0 2 0 0 2 0 1 2 0 0 1 0 0 1 0 1 0 1 0 1 0 0 0 1 0 1 0 1 1 0 0 0 1 1 1 0 0 1 0 0 0 0 0 1 0 1 0 1 0 0 0 0 0 1 0 2 0 1 1 1 0 0 1 0 1 1 1 2 0 2 0 1 2 0 0 1 1 0 1 0 0 0 0 0 0 1 0
1 330 1 0 1 1 0 0 0 1 1 1 1 1 0 0 2 0 1 0 0 0 0 1 0 1 1 2 0 1 1 2 0 1 1 1 0 1 1 2 0 2 0 0 1 2 0 1 0 1 0 0 0 0 1 1 2 0 1 2 0 0 2 0 2 0 1 0 1 0 0 1 0 0 1 0 1 2 0 0 2 0 1 1 1 1 0 2 0 0 2 0 0 1 1 0 0 2 0 2 0 1 2 0 0 1 0 0 0 2 0 0 1 0 1 1 0 0 1 0 1 1 0 0 1 0 0 0 0 0 1 1 0 0 0 0 0 2 0 1 1 0 0 2 0 2 0 1 0 1 2 0 1 0 0 0 0 0 2 0 0 0 1 0 1 1 1 0 2 0 0 1 1 0 0 2 0 0 1 1 1 1 1 0 2 0 1 1 1 2 0 2 0 1 0 1 1 2 0 1 0 0 1 0 0 0 0 0 2 0 1 0 0 0 0 1 1 2 0 0 1 1 1 1 0 0 0 1 1 1 1 2 0 0 1 2 0 2 0 1 1 1 2 0 1 0 0 1 1 1 0 0 1 1 2 0 2 0 0 0 1 0 1 0 0 1 1 1 1 0 1 0 1 2 0 0 1 2 0 2 0 1 0 1 1 0 0 1 1 0 1 0 0 1 1 0 0 1 1 1 1 2 0 2 0 2 0 0 1 0 1 0 0 0 2 0 0 1 2 0 1 0 0 0 1 1 0 0 0 1 0 1
1 331 1 1 0 1 2 0 0 2 0 0 1 1 0 0 0 0 1 1 1 1 0 1 1 1 0 1 1 0 0 1 1 0 0 0 0 1 0 1 1 0 1 1 0 2 0 1 2 0 0 1 1 0 2 0 1 1 0 0 2 0 0 1 0 1 1 2 0 0 1 2 0 2 0 0 1 0 2 0 0 1 0 0 0 1 0 1 1 1 1 0 1 0 1 0 0 0 1 0 2 0 0 1 1 2 0 1 2 0 0 1 0 0 0 1 2 0 1 1 0 1 2 0 1 0 1 1 0 0 1 1 2 0 0 0 1 0 0 2 0 1 1 0 1 0 1 2 0 0 0 2 0 0 1 1 0 1 0 0 0 1 1 1 1 0 0 0 1 1 1 0 1 0 0 0 0 1 0 1 1 1 1 0 1 2 0 0 1 0 0 0 1 2 0 0 0 1 0 1 1 1 2 0 1 1 0 1 0 0 1 1 1 1 0 2 0 1 0 1 0 1 1 0 2 0 0 2 0 0 1 2 0 1 1 0 0 0 2 0 0 0 2 0 1 1 2 0 1 0 2 0 2 0 1 1 0 1 0 1 1 1 0 0 2 0 1 1 1 0 0 1 1 0 2 0 0 0 0 0 1 1 2 0 1 2 0 1 2 0 0 0 2 0 0 2 0 2 0 0 2 0 0 0 2 0 1 1 0 0 0 0 1 2 0 0 1 0 2 0 1 1 1 1 1 1 2 0 0 1 1 0 1
1 332 1 2 0 1 0 2 0 0 0 1 0 0 2 0 0 0 2 0 0 1 0 1 0 0 0 0 1 2 0 1 1 2 0 0 0 1 1 0 2 0 0 2 0 1 2 0 0 1 2 0 1 0 1 1 2 0 1 1 0 0 1 0 0 1 0 1 0 1 1 0 0 0 1 1 0 0 1 1 0 2 0 1 1 1 1 1 0 0 1 0 0 1 0 0 1 1 1 1 1 1 1 0 2 0 0 0 0 1 1 2 0 1 1 2 0 2 0 2 0 1 0 2 0 1 0 1 2 0 2 0 1 0 0 1 1 1 0 0 0 2 0 1 1 1 1 0 1 1 2 0 0 1 0 1 0 0 0 1 1 2 0 0 0 2 0 0 2 0 0 0 0 0 1 1 0 1 1 1 0 0 1 0 1 0 1 1 2 0 1 1 2 0 1 1 1 1 1 1 0 0 2 0 2 0 1 1 0 2 0 1 1 1 0 1 1 1 2 0 1 0 2 0 1 1 1 1 0 1 0 2 0 2 0 1 0 1 0 0 0 2 0 1 0 0 1 0 2 0 0 2 0 1 2 0 1 1 1 1 0 0 0 0 0 0 2 0 2 0 2 0 1 0 1 1 0 1 0 0 2 0 1 1 0 1 0 0 0 1 1 2 0 0 1 1 1 0 1 1 1 0 0 2 0 0 2 0 1 0 0 0 2 0 1 2 0 0 1 2 0 0 0 1 1 1 2 0 1 0 1 0 0 1
0 333 2 0 2 0 1 1 1 0 1 1 1 0 0 0 0 2 0 0 1 0 0 0 0 1 1 1 0 0 0 0 0 1 0 0 1 1 2 0 1 1 1 1 1 0 0 1 2 0 2 0 2 0 0 0 1 0 2 0 1 0 1 0 2 0 0 0 1 0 1 2 0 0 1 1 2 0 1 2 0 1 2 0 0 0 1 0 2 0 1 0 1 2 0 2 0 1 1 1 1 1 1 0 1 1 0 1 0 2 0 1 1 0 0 1 1 0 2 0 1 2 0 0 1 2 0 0 1 0 0 1 1 1 2 0 1 0 2 0 1 0 1 0 0 0 1 0 1 0 1 0 1 0 0 0 0 1 1 2 0 1 0 0 2 0 0 1 1 0 0 1 0 0 1 2 0 0 2 0 2 0 1 1 0 1 1 0 1 1 0 0 1 1 0 0 0 1 1 1 0 0 0 1 0 1 2 0 2 0 1 0 0 0 0 1 0 0 2 0 2 0 0 2 0 0 0 1 0 0 1 1 2 0 1 1 2 0 0 1 2 0 0 1 1 2 0 0 1 1 1 1 1 0 1 0 0 0 0 0 2 0 0 0 0 1 0 1 0 2 0 1 1 2 0 2 0 0 1 0 0 0 2 0 1 1 0 1 1 2 0 1 0 1 0 1 1 0 1 0 0 0 0 0 0 1 1 0 1 1 1 2 0 1 0 0 1 2 0 2 0 0 1 2 0 0 2 0 1 2 0 0 2 0 0
1 335 1 0 1 0 2 0 0 0 0 0 2 0 2 0 0 1 0 0 0 2 0 1 1 0 1 2 0 2 0 0 0 0 1 0 2 0 2 0 0 0 0 0 1 1 0 0 0 0 0 0 2 0 1 0 1 1 1 1 1 1 2 0 1 1 1 0 1 1 1 1 0 1 2 0 2 0 0 0 1 0 0 0 1 1 1 1 1 1 1 2 0 0 1 0 0 2 0 0 0 1 1 1 0 0 2 0 0 1 1 1 2 0 1 0 1 2 0 1 2 0 0 1 2 0 2 0 0 2 0 2 0 1 1 2 0 2 0 0 1 1 2 0 0 1 1 1 1 0 1 0 1 0 0 1 1 0 2 0 1 0 1 2 0 0 0 1 0 0 2 0 1 0 2 0 2 0 1 1 1 0 1 2 0 1 1 2 0 0 1 2 0 1 1 2 0 0 1 2 0 2 0 0 1 1 1 1 0 0 1 1 1 1 1 0 1 1 0 0 1 0 1 1 1 0 0 1 1 0 2 0 2 0 0 0 0 1 0 1 0 2 0 1 0 1 2 0 1 0 1 1 1 1 0 0 0 1 1 0 1 0 0 0 1 0 1 1 0 1 1 2 0 0 1 1 0 1 0 2 0 1 2 0 0 2 0 1 2 0 1 0 1 2 0 1 0 2 0 0 0 1 1 0 0 0 1 2 0 1 0 0 2 0 1 2 0 0 0 0 0 1 1 0 2 0 1 1 1 0 0 2 0 0 0 0 1
0 336 1 1 0 1 1 1 0 1 0 1 0 1 0 1 0 2 0 1 2 0 0 2 0 2 0 0 0 0 1 0 1 0 1 1 1 2 0 1 0 1 0 0 1 1 2 0 0 0 0 1 0 0 2 0 0 0 0 1 1 2 0 0 0 0 0 0 1 0 0 1 0 1 1 0 0 1 0 1 1 0 1 1 2 0 0 1 1 1 1 2 0 1 0 0 0 0 0 0 1 2 0 0 0 0 0 0 1 0 1 1 2 0 2 0 0 1 0 0 0 2 0 0 0 0 0 1 1 1 1 0 2 0 0 1 1 0 1 1 0 1 2 0 1 0 1 1 1 0 0 1 0 0 2 0 1 0 1 1 2 0 0 0 1 1 1 1 1 0 0 0 2 0 0 2 0 2 0 0 0 0 1 1 0 0 0 1 0 1 1 0 0 0 0 1 0 1 1 0 0 0 1 1 0 1 1 0 2 0 2 0 0 1 1 0 0 1 2 0 1 1 0 2 0 2 0 1 2 0 1 2 0 1 0 1 0 1 1 0 1 1 1 2 0 0 0 2 0 1 1 0 0 0 2 0 0 1 2 0 0 0 1 1 1 1 0 2 0 1 0 1 0 1 0 1 0 0 1 1 2 0 0 2 0 0 1 0 0 2 0 1 1 0 2 0 1 1 1 0 1 1 1 2 0 0 2 0 2 0 1 0 0 1 0 0 1 1 1 0 0 1 2 0 1 2 0 0 0 0 0 0 0 0 1 0 1 1
1 337 1 2 0 1 0 0 0 0 1 0 1 0 1 0 1 1 2 0 0 2 0 0 1 0 1 0 1 0 1 1 0 1 1 0 0 2 0 1 2 0 0 2 0 1 2 0 0 1 0 1 1 0 0 0 0 1 0 2 0 1 0 0 1 0 0 0 1 0 2 0 0 0 1 2 0 1 1 0 2 0 1 0 1 0 1 0 1 1 1 2 0 1 1 1 1 0 0 0 2 0 1 1 1 0 0 0 1 1 1 0 1 1 0 1 0 2 0 1 2 0 0 0 1 0 0 2 0 0 1 0 1 1 1 0 1 0 0 2 0 1 0 2 0 1 0 2 0 2 0 1 1 0 0 0 2 0 0 0 1 0 0 1 2 0 0 1 0 2 0 1 0 0 1 1 1 0 1 0 1 0 1 1 2 0 0 1 1 0 1 2 0 0 0 1 1 0 1 2 0 0 1 2 0 0 2 0 1 2 0 1 1 0 0 2 0 2 0 2 0 2 0 1 2 0 2 0 1 0 0 0 2 0 1 0 1 0 2 0 1 0 0 2 0 0 2 0 0 2 0 1 0 1 0 0 1 0 2 0 0 1 2 0 0 1 0 1 1 1 2 0 1 0 1 0 0 2 0 1 2 0 1 1 0 1 0 0 0 0 0 2 0 2 0 1 0 0 0 0 1 0 0 2 0 1 1 1 0 1 1 1 1 2 0 2 0 1 1 0 0 0 0 0 0 0 1 1 1 0 0 0 0 0 1 1 0 2 0
2 338 2 0 2 0 0 1 1 0 1 1 0 1 0 1 1 0 1 0 1 1 0 1 0 0 0 1 0 1 0 2 0 0 2 0 0 0 1 0 0 2 0 0 1 0 0 1 2 0 0 0 1 2 0 0 0 1 1 1 1 1 1 1 2 0 1 1 1 1 1 1 0 1 2 0 2 0 2 0 1 1 1 2 0 1 0 1 1 0 1 0 0 0 0 0 0 2 0 1 0 0 2 0 2 0 1 1 2 0 0 0 0 2 0 0 1 1 2 0 0 1 1 1 1 1 0 0 0 1 0 0 1 0 0 0 0 1 0 0 0 2 0 0 1 2 0 0 2 0 1 2 0 1 0 1 0 0 0 1 1 0 2 0 2 0 1 0 0 1 1 1 1 2 0 1 1 0 0 1 0 1 1 0 1 0 1 0 1 0 1 0 1 1 1 1 2 0 1 0 1 2 0 2 0 1 1 1 0 0 2 0 2 0 0 0 1 0 2 0 2 0 2 0 1 0 0 1 1 1 1 2 0 0 1 2 0 1 1 1 1 2 0 0 0 1 1 0 1 1 0 1 2 0 0 2 0 0 1 1 1 0 2 0 1 0 0 1 0 0 2 0 1 2 0 1 0 0 1 0 0 2 0 2 0 0 0 1 1 0 1 0 1 0 1 1 1 1 1 0 1 1 0 0 1 0 0 0 0 1 0 0 2 0 0 0 1 2 0 1 0 0 0 0 0 0 1 2 0 2 0 0 0 0 1 2 0 1 1 0
2 340 1 0 1 0 1 1 0 1 0 0 2 0 0 1 0 2 0 0 1 0 2 0 0 0 1 1 1 1 0 1 1 1 1 1 0 0 1 1 1 0 0 0 0 2 0 2 0 2 0 0 1 2 0 1 1 1 2 0 0 1 1 1 2 0 0 0 0 0 1 1 1 0 1 1 0 0 2 0 2 0 0 0 2 0 1 2 0 2 0 0 0 1 1 0 0 1 0 0 1 2 0 0 1 0 2 0 0 1 0 0 1 1 0 0 1 0 1 2 0 1 0 1 1 1 0 2 0 0 1 0 1 2 0 1 1 0 1 0 1 2 0 0 1 0 2 0 1 1 1 0 0 2 0 1 0 0 1 1 1 2 0 1 2 0 1 1 1 2 0 1 1 1 2 0 2 0 1 0 1 1 0 2 0 0 1 0 1 0 1 0 1 1 0 0 1 2 0 2 0 0 1 0 0 2 0 0 0 0 0 0 1 0 1 0 1 1 1 1 2 0 2 0 1 1 1 2 0 1 1 1 2 0 1 1 0 0 0 0 0 1 2 0 0 1 1 2 0 0 2 0 1 0 2 0 0 0 1 0 1 1 0 1 1 1 1 2 0 0 0 0 1 0 0 2 0 0 2 0 0 0 0 1 0 1 0 1 1 2 0 0 1 0 1 1 0 0 1 1 0 0 1 2 0 1 0 1 1 0 1 1 0 0 0 0 1 2 0 2 0 0 1 1 0 0 1 0 0 0 0 1 0 1 0 2 0 2 0 1 2 0
0 341 1 1 0 1 0 2 0 0 1 0 0 0 1 0 0 1 1 1 0 0 1 1 0 1 2 0 0 1 0 1 0 0 1 0 2 0 1 2 0 2 0 0 1 0 1 0 2 0 1 1 1 0 0 0 0 0 2 0 1 0 1 1 2 0 0 1 0 0 2 0 0 0 0 2 0 0 0 1 0 1 0 2 0 1 0 1 0 0 1 0 1 1 1 2 0 1 0 2 0 2 0 1 0 0 1 1 0 2 0 2 0 0 2 0 1 1 1 0 2 0 1 1 0 0 0 1 1 1 0 0 1 0 2 0 2 0 0 1 1 0 1 2 0 0 1 2 0 0 0 0 0 0 0 1 1 2 0 1 2 0 0 0 1 0 0 0 1 0 0 0 0 1 0 0 0 1 1 2 0 2 0 1 1 1 0 0 0 1 0 1 0 2 0 0 0 0 0 0 1 1 0 0 0 0 0 0 1 0 0 0 1 1 0 1 1 0 0 2 0 0 0 2 0 0 1 0 0 0 0 0 2 0 2 0 1 0 0 0 0 2 0 1 2 0 1 2 0 1 1 0 2 0 0 1 0 1 1 1 0 2 0 1 0 0 1 2 0 0 1 0 1 1 0 0 0 1 1 0 0 1 0 1 1 0 1 1 0 1 0 1 0 0 0 1 2 0 1 1 2 0 2 0 2 0 1 0 2 0 0 1 2 0 0 1 0 0 0 0 1 1 0 0 2 0 1 0 1 1 0 1 1 0 1 1 2 0 2 0 0 1 1
2 342 1 2 0 0 1 1 1 0 2 0 1 1 1 0 2 0 1 0 2 0 1 2 0 1 0 1 2 0 0 0 0 2 0 0 1 2 0 1 0 0 1 1 0 0 0 1 1 1 2 0 2 0 1 1 0 1 0 0 2 0 0 0 1 0 1 0 0 0 0 0 0 1 1 0 0 0 1 1 1 0 1 1 1 1 2 0 0 2 0 0 1 0 0 2 0 2 0 0 2 0 1 1 1 2 0 1 0 1 2 0 1 1 1 1 0 0 0 0 1 1 2 0 1 0 0 1 2 0 2 0 1 1 1 2 0 1 1 0 1 0 1 0 1 2 0 2 0 0 1 0 0 0 0 2 0 1 1 0 0 1 1 1 1 0 1 1 1 0 1 1 0 1 0 1 1 2 0 1 1 0 1 2 0 2 0 1 1 1 1 0 1 1 1 0 1 0 0 0 1 1 2 0 0 0 0 0 1 0 1 1 1 2 0 0 2 0 0 0 0 0 2 0 0 0 2 0 1 1 0 1 0 1 0 1 1 1 1 1 1 0 1 0 1 0 0 0 2 0 2 0 1 1 1 0 0 1 0 0 0 1 1 1 1 2 0 2 0 1 0 0 0 1 2 0 0 1 1 2 0 1 1 0 2 0 0 2 0 0 1 0 0 1 2 0 0 0 0 0 1 1 0 2 0 1 2 0 0 1 1 0 2 0 0 2 0 1 1 0 1 2 0 0 0 0 1 2 0 2 0 0 2 0 1 0 1 1 0 1 1 0 1 0
1 343 2 0 1 2 0 1 1 0 1 2 0 0 0 0 1 1 2 0 0 2 0 0 2 0 1 1 0 1 1 1 1 0 0 1 0 2 0 1 1 2 0 0 2 0 0 2 0 1 0 0 0 1 2 0 1 1 1 0 0 0 0 1 1 1 0 0 1 1 0 0 0 1 1 2 0 0 2 0 0 0 1 0 0 1 2 0 1 1 0 1 0 0 0 0 1 0 1 1 1 1 0 0 0 2 0 2 0 0 1 0 0 0 0 0 2 0 0 0 2 0 1 0 1 2 0 0 0 0 0 2 0 0 0 2 0 2 0 1 1 1 0 1 1 1 0 0 1 0 2 0 1 1 1 0 0 2 0 1 0 2 0 0 1 0 1 0 0 0 0 2 0 0 1 1 0 1 0 2 0 2 0 0 0 0 2 0 0 0 1 0 1 0 0 0 0 0 1 1 2 0 1 0 0 1 0 0 1 1 1 0 0 2 0 1 1 0 0 1 0 1 0 0 0 2 0 0 2 0 1 1 1 0 1 1 0 0 1 1 1 0 0 1 0 0 1 2 0 1 0 1 2 0 2 0 1 2 0 1 1 2 0 0 2 0 0 0 1 1 1 1 1 2 0 1 2 0 1 2 0 2 0 2 0 0 1 1 0 0 2 0 2 0 2 0 0 1 0 0 1 2 0 1 2 0 0 1 2 0 1 0 1 1 1 1 0 2 0 1 2 0 1 1 1 1 0 0 0 0 1 1 1 0 1 2 0 2 0 0 2 0 0 0 1
0 345 1 0 1 0 0 2 0 2 0 1 0 1 1 1 0 2 0 1 0 1 1 0 1 1 0 2 0 1 2 0 0 0 2 0 1 1 1 2 0 0 1 0 1 1 0 1 1 0 1 1 1 1 2 0 2 0 2 0 2 0 0 0 1 2 0 2 0 1 1 2 0 0 2 0 1 0 1 1 0 0 1 1 0 2 0 2 0 2 0 1 1 0 1 1 0 1 1 1 0 0 0 2 0 1 0 1 0 1 0 2 0 1 1 0 1 0 0 0 2 0 0 2 0 0 0 1 1 1 0 1 0 0 0 2 0 1 0 2 0 0 0 0 0 2 0 2 0 1 1 1 2 0 0 0 0 0 0 0 2 0 0 1 1 0 0 0 0 1 1 1 0 0 1 0 1 0 0 1 1 2 0 1 0 1 1 0 0 0 1 1 1 0 0 1 1 0 0 2 0 1 0 1 1 1 2 0 2 0 1 1 0 0 0 0 2 0 1 0 1 1 0 0 1 2 0 0 1 1 1 0 0 0 0 0 1 2 0 1 2 0 2 0 1 0 2 0 2 0 2 0 0 1 0 0 2 0 1 0 0 0 1 0 1 1 0 0 1 2 0 0 1 2 0 0 0 1 0 0 1 0 0 2 0 1 1 0 1 0 0 0 1 0 2 0 1 1 0 0 0 0 0 0 0 0 1 2 0 2 0 2 0 0 0 0 1 0 1 2 0 1 0 0 0 0 0 2 0 0 0 2 0 0 0 1 1 0 0 1 1 1 0 0 1 1 1
2 346 1 1 0 1 0 0 1 0 1 2 0 0 0 0 0 1 1 1 2 0 2 0 0 2 0 1 2 0 0 1 1 2 0 1 0 0 0 2 0 1 0 0 0 2 0 0 2 0 1 0 0 2 0 0 0 2 0 2 0 1 0 2 0 0 0 0 2 0 0 1 0 1 1 0 1 2 0 1 2 0 1 2 0 1 2 0 2 0 1 2 0 1 1 2 0 0 2 0 2 0 1 0 0 1 2 0 1 0 1 1 1 2 0 1 1 0 1 2 0 0 1 1 0 0 1 2 0 0 0 0 0 1 2 0 0 2 0 0 1 0 1 0 1 0 1 0 2 0 0 0 2 0 0 1 0 0 0 1 0 0 1 0 0 2 0 0 0 1 2 0 2 0 1 1 0 0 2 0 1 2 0 1 2 0 1 2 0 0 1 2 0 2 0 1 2 0 0 0 0 2 0 0 0 1 0 0 0 1 2 0 1 0 0 1 0 0 1 2 0 1 2 0 2 0 1 2 0 1 0 2 0 0 0 1 0 0 0 0 1 0 0 1 2 0 0 2 0 2 0 1 1 0 0 0 0 0 1 1 1 1 1 1 0 1 2 0 2 0 1 2 0 2 0 0 1 1 0 2 0 0 0 0 0 2 0 1 1 0 1 1 1 1 1 1 2 0 1 0 0 0 0 0 0 1 0 0 0 0 2 0 1 0 1 0 1 1 1 0 2 0 0 1 1 0 1 0 0 0 2 0 0 0 1 1 1 2 0 1 2 0 2 0 2 0 0 0
2 347 1 2 0 0 0 2 0 0 1 0 1 1 1 0 0 2 0 1 0 0 0 1 1 1 1 0 0 1 2 0 1 2 0 1 1 1 2 0 0 1 1 1 2 0 0 1 1 0 1 2 0 0 0 0 2 0 1 0 1 2 0 0 1 0 1 1 0 0 1 0 0 0 2 0 1 1 0 0 1 0 0 1 0 0 1 0 0 2 0 1 0 0 0 1 0 1 1 1 0 1 1 1 2 0 2 0 2 0 0 0 0 2 0 2 0 1 2 0 1 2 0 0 2 0 2 0 1 1 1 0 0 2 0 2 0 0 0 1 0 0 0 1 0 1 0 1 1 1 0 2 0 0 0 2 0 1 1 1 0 2 0 0 0 0 0 0 2 0 0 0 0 1 2 0 1 1 0 1 0 1 0 0 1 0 0 0 2 0 0 0 0 0 2 0 0 1 1 1 1 0 0 0 1 1 0 1 1 2 0 2 0 0 2 0 0 0 0 0 0 0 1 0 0 2 0 0 2 0 1 1 1 0 1 1 0 1 1 0 1 0 2 0 2 0 1 1 1 0 1 2 0 1 0 0 0 0 2 0 0 1 1 1 0 1 1 0 0 2 0 1 0 0 1 1 0 1 0 1 1 0 1 0 1 0 0 2 0 1 2 0 0 1 1 1 2 0 1 1 1 1 0 0 0 1 0 1 1 1 0 0 1 2 0 1 1 0 0 0 1 1 1 0 1 0 0 0 1 2 0 0 0 1 2 0 1 0 0 0 1 0 0 2 0 1 0 1 0
1 348 2 0 1 1 2 0 0 1 0 0 1 0 0 0 0 0 0 1 1 1 1 2 0 0 1 0 0 0 0 0 0 1 0 0 0 0 2 0 1 0 1 1 2 0 1 0 1 0 1 0 1 1 1 1 0 0 2 0 0 0 1 2 0 0 0 1 2 0 1 0 1 2 0 0 2 0 1 0 1 0 1 2 0 2 0 0 0 0 0 1 1 1 1 1 1 1 0 0 0 1 0 1 0 0 0 2 0 1 0 1 1 0 1 0 2 0 1 0 0 0 2 0 0 1 0 2 0 0 0 0 0 0 1 0 1 0 1 1 0 1 1 1 1 0 1 1 0 0 0 1 1 0 2 0 1 0 0 0 0 1 1 0 1 0 0 1 0 0 0 1 0 2 0 2 0 2 0 0 1 0 0 1 2 0 1 2 0 0 0 1 0 1 0 0 1 0 1 1 0 2 0 0 1 2 0 1 0 1 1 0 1 1 1 0 0 1 0 0 0 0 1 1 0 0 0 1 1 1 0 0 0 0 0 2 0 0 2 0 0 1 1 2 0 2 0 0 0 0 1 0 2 0 0 1 1 1 0 0 1 0 1 1 0 0 2 0 0 0 0 1 1 2 0 1 0 0 1 0 2 0 0 1 0 1 0 0 1 0 0 1 2 0 1 2 0 0 0 0 0 0 2 0 0 1 1 0 2 0 2 0 2 0 2 0 1 2 0 0 2 0 0 0 0 0 1 1 2 0 1 1 1 2 0 2 0 0 1 1 1 1 0 0 0 1 2 0 0 1
0 350 1 0 1 0 0 1 0 0 2 0 1 2 0 1 1 0 0 0 2 0 0 1 2 0 0 2 0 1 1 0 0 0 1 0 1 1 1 0 0 2 0 0 0 1 0 1 2 0 1 0 1 1 0 0 1 0 0 0 0 0 1 2 0 1 1 1 2 0 2 0 1 1 0 2 0 0 0 1 2 0 1 1 1 0 0 1 0 1 0 0 2 0 0 1 1 1 0 2 0 0 1 1 0 0 1 2 0 0 1 2 0 2 0 0 1 1 1 1 1 1 2 0 0 1 0 0 1 1 0 1 0 0 0 1 1 0 1 0 2 0 1 0 0 1 0 0 1 2 0 0 1 2 0 1 1 1 1 1 1 0 1 2 0 0 0 1 2 0 1 1 1 1 1 2 0 2 0 1 1 0 0 0 0 0 0 0 0 1 1 1 1 1 0 0 2 0 0 0 2 0 1 1 1 0 2 0 1 2 0 2 0 0 2 0 2 0 1 0 1 1 0 1 1 2 0 0 1 2 0 2 0 0 0 1 0 0 1 1 0 1 0 2 0 0 0 1 0 1 0 1 1 1 1 1 0 1 0 2 0 1 1 0 2 0 0 0 0 0 1 0 2 0 1 0 1 1 2 0 0 1 1 1 0 0 0 0 2 0 0 0 0 0 0 0 0 1 1 1 0 0 1 0 0 1 0 1 0 1 2 0 2 0 2 0 2 0 0 2 0 0 0 0 1 0 0 2 0 1 1 0 0 1 0 0 0 1 1 0 1 1 0 2 0 0 2 0 1 2 0 0
0 351 1 1 0 0 2 0 0 0 0 1 0 0 2 0 1 2 0 1 0 0 1 0 2 0 1 1 0 2 0 1 0 0 1 1 1 0 0 0 0 0 0 0 1 1 1 1 0 2 0 1 0 1 2 0 1 0 1 1 0 1 0 0 0 0 0 1 0 0 0 1 2 0 2 0 0 0 1 2 0 2 0 2 0 2 0 1 1 0 1 0 0 0 1 0 1 1 0 1 1 1 0 0 2 0 2 0 2 0 0 0 0 0 1 1 0 1 1 1 1 1 2 0 0 2 0 2 0 1 0 0 0 1 1 1 2 0 0 1 1 1 1 1 1 2 0 2 0 2 0 1 1 0 0 0 0 0 1 1 1 0 1 0 1 1 2 0 0 0 0 0 0 1 2 0 0 0 1 2 0 1 0 0 0 0 0 0 0 2 0 0 1 1 0 0 0 0 0 2 0 1 0 0 0 0 1 2 0 1 0 0 1 1 1 1 0 1 1 2 0 2 0 1 0 1 0 1 1 0 0 0 1 0 1 1 0 2 0 1 0 0 1 1 1 0 1 1 1 0 1 1 0 0 1 1 0 0 1 1 1 2 0 2 0 0 0 1 0 0 1 1 1 1 2 0 0 0 1 0 1 0 1 0 2 0 0 1 0 0 0 1 0 0 0 0 0 1 2 0 2 0 1 0 2 0 0 0 1 1 1 0 0 2 0 2 0 1 1 1 0 0 1 0 1 1 0 0 0 2 0 1 0 1 0 1 1 1 2 0 0 2 0 1 1 1 1 1 0 0 1 1 1
2 352 1 2 0 0 0 0 0 1 0 1 1 0 0 1 0 0 2 0 0 2 0 0 1 1 2 0 2 0 0 1 1 2 0 1 0 2 0 0 0 0 0 0 2 0 0 1 0 1 1 2 0 0 0 2 0 1 0 2 0 0 0 1 1 0 0 1 0 1 2 0 0 0 0 1 0 2 0 0 0 0 2 0 2 0 1 2 0 1 1 0 1 1 1 1 0 2 0 1 0 0 0 0 0 1 0 2 0 1 0 1 0 0 1 2 0 1 0 0 1 1 2 0 1 1 1 0 1 1 1 1 1 2 0 0 2 0 1 0 1 1 1 1 2 0 0 0 2 0 1 2 0 1 0 0 0 0 2 0 0 0 0 1 1 0 1 0 0 1 0 0 0 2 0 1 1 1 2 0 2 0 0 1 1 0 0 0 1 0 0 1 0 0 2 0 0 0 1 0 0 1 1 1 1 0 2 0 2 0 0 2 0 1 1 1 0 1 0 1 1 0 1 1 2 0 1 0 1 2 0 0 1 1 0 2 0 1 1 1 1 2 0 1 1 0 1 0 0 0 0 1 2 0 1 1 2 0 2 0 1 0 0 0 1 0 1 1 0 2 0 1 1 1 2 0 0 1 1 1 0 1 0 1 1 1 0 2 0 1 1 1 0 1 1 0 1 0 0 0 0 1 2 0 0 1 0 1 2 0 0 0 0 0 1 0 1 2 0 2 0 2 0 0 0 1 2 0 1 0 0 1 2 0 1 1 0 0 2 0 1 1 1 0 0 0 1 0 2 0 2 0 0 0
2 353 2 0 1 1 1 0 0 1 1 0 1 2 0 1 1 0 0 0 1 1 0 1 0 2 0 0 0 1 1 0 1 2 0 2 0 0 1 0 1 0 0 1 0 0 1 0 0 1 0 1 0 0 2 0 0 2 0 0 1 0 1 1 1 2 0 1 1 1 0 1 1 1 0 1 1 1 1 0 1 1 0 1 0 2 0 0 2 0 2 0 1 0 0 1 0 1 1 1 1 1 1 0 0 1 1 1 1 1 2 0 0 2 0 2 0 1 1 2 0 2 0 0 0 0 0 0 1 0 0 1 1 2 0 1 1 0 2 0 0 0 0 1 2 0 0 2 0 1 0 0 2 0 0 1 1 1 0 0 0 1 0 1 2 0 0 0 1 2 0 1 2 0 1 0 0 1 0 0 0 1 1 0 0 2 0 0 1 0 2 0 0 0 0 0 0 1 1 0 2 0 1 1 1 0 1 2 0 1 1 1 1 0 0 0 0 0 1 0 2 0 1 0 1 0 2 0 0 0 1 2 0 1 0 1 2 0 0 0 1 2 0 2 0 1 1 0 1 1 1 0 0 0 0 0 1 1 0 1 1 1 1 1 1 1 0 2 0 1 2 0 0 0 2 0 1 0 1 1 0 0 1 1 0 0 0 1 2 0 0 0 0 0 2 0 0 0 1 1 0 2 0 1 2 0 0 1 0 1 1 1 0 0 1 1 1 1 0 0 2 0 1 0 1 2 0 2 0 0 2 0 2 0 2 0 1 1 0 0 2 0 2 0 1 1 1 1 1 2 0 1 0 1 0
1 355 1 0 0 2 0 2 0 2 0 1 0 1 0 2 0 1 2 0 0 1 2 0 0 1 1 1 0 1 1 2 0 1 1 0 0 1 1 0 0 0 0 1 2 0 1 2 0 2 0 0 0 1 0 0 0 1 1 0 1 0 0 1 0 1 0 0 0 0 0 0 1 0 0 0 1 0 0 1 0 0 2 0 0 1 1 1 1 1 1 0 1 1 1 2 0 0 1 0 0 1 1 0 2 0 2 0 0 1 1 2 0 1 1 1 0 2 0 0 1 1 0 1 0 1 0 0 0 1 0 2 0 1 2 0 2 0 2 0 0 0 1 0 2 0 2 0 0 0 1 2 0 0 0 1 0 1 0 2 0 0 1 1 1 0 1 1 2 0 0 0 0 0 2 0 0 1 2 0 1 1 1 2 0 0 0 0 1 0 0 1 1 0 1 0 0 0 1 2 0 1 2 0 0 0 0 1 1 0 0 0 0 0 2 0 0 0 0 1 1 1 1 1 2 0 1 1 1 0 1 2 0 2 0 1 1 0 1 1 2 0 0 0 0 1 2 0 1 1 2 0 2 0 0 0 0 1 2 0 1 0 0 1 1 1 1 0 1 2 0 0 1 1 2 0 0 1 2 0 1 2 0 1 1 2 0 0 2 0 1 1 1 0 1 0 0 0 1 1 2 0 1 2 0 0 1 2 0 0 0 2 0 2 0 2 0 0 1 0 0 0 0 2 0 0 1 0 0 1 1 1 1 0 2 0 1 2 0 1 1 0 1 0 2 0 0 0 1 1 2 0 1 2 0 0 1
0 356 1 1 0 0 1 0 2 0 1 1 2 0 1 1 2 0 0 1 2 0 2 0 1 0 1 1 0 1 0 1 0 2 0 1 0 1 1 2 0 0 1 0 0 0 0 1 0 0 1 0 1 1 0 1 1 1 2 0 0 0 2 0 0 0 0 1 1 0 0 0 1 0 1 1 1 0 2 0 0 0 0 0 1 0 1 1 1 1 1 0 1 0 0 2 0 0 2 0 2 0 1 0 1 2 0 1 1 0 2 0 0 0 0 0 0 1 1 1 0 1 0 0 1 0 0 1 1 1 1 1 2 0 1 0 0 2 0 1 0 1 1 1 1 2 0 1 0 1 2 0 1 1 1 1 1 0 1 1 1 1 0 1 1 0 1 0 1 0 0 1 0 1 0 0 1 1 0 0 0 0 0 2 0 0 1 0 1 0 2 0 1 0 0 0 1 2 0 0 0 0 0 1 1 1 0 1 1 2 0 0 0 1 0 0 0 1 0 2 0 0 1 2 0 0 0 0 0 0 1 1 0 0 1 2 0 1 2 0 1 0 0 1 1 0 0 0 0 0 1 1 0 1 0 1 0 2 0 2 0 0 2 0 1 1 1 0 1 0 1 2 0 1 2 0 1 1 0 0 0 1 0 0 0 1 0 1 1 1 0 0 0 0 0 0 1 1 2 0 1 1 0 0 1 2 0 2 0 0 2 0 1 0 2 0 1 0 2 0 1 1 1 0 0 0 2 0 2 0 1 1 1 0 1 2 0 0 2 0 2 0 0 1 1 1 0 1 2 0 1 1 0 0 1 2 0 0
1 357 1 1 2 0 1 1 1 2 0 0 1 1 0 0 1 0 1 1 0 0 0 1 1 2 0 2 0 0 1 0 1 1 1 2 0 0 0 1 0 0 2 0 1 1 0 1 0 2 0 0 0 2 0 1 0 0 2 0 0 2 0 0 0 1 0 1 1 2 0 0 1 1 1 0 0 0 1 1 0 1 0 0 1 1 1 0 0 1 1 0 0 1 0 0 0 1 1 1 0 1 2 0 0 0 2 0 2 0 1 1 0 1 0 0 0 2 0 0 0 0 0 1 2 0 2 0 1 1 1 1 2 0 1 2 0 0 0 2 0 0 0 0 1 2 0 2 0 0 1 0 0 0 0 1 1 0 1 0 0 1 0 0 2 0 0 1 0 0 2 0 0 0 0 2 0 0 2 0 0 0 1 0 0 1 0 0 0 1 1 1 1 1 1 1 2 0 1 1 1 0 0 2 0 0 0 1 0 1 0 0 1 1 0 1 1 1 1 1 1 1 0 2 0 0 1 0 0 0 1 2 0 0 0 0 0 0 0 2 0 0 2 0 0 2 0 0 0 0 1 2 0 0 1 0 1 1 2 0 1 1 1 1 0 0 0 0 0 1 1 1 0 0 0 2 0 1 2 0 0 1 0 1 1 1 1 0 2 0 2 0 0 0 0 0 2 0 1 0 2 0 1 1 0 0 0 0 1 1 1 0 2 0 0 1 2 0 0 1 2 0 2 0 1 2 0 1 0 2 0 0 0 0 1 0 2 0 0 1 0 1 1 0 1 1 0 1 0 2 0 1 2 0 2 0 1 1 1
0 358 2 0 1 1 0 0 0 2 0 1 0 0 2 0 1 1 0 1 2 0 0 2 0 1 1 0 1 1 0 0 1 0 0 2 0 0 1 1 1 0 0 0 2 0 1 1 1 1 1 0 2 0 0 1 2 0 0 0 1 1 0 0 1 1 1 1 0 1 0 1 0 1 0 2 0 0 1 2 0 0 0 2 0 1 0 2 0 1 1 2 0 1 0 1 1 2 0 0 0 1 0 1 1 2 0 1 0 1 2 0 1 1 0 1 2 0 0 0 1 0 1 0 0 0 0 2 0 0 0 2 0 0 0 0 1 1 2 0 0 0 1 1 0 0 0 0 1 0 2 0 1 1 0 1 2 0 0 0 2 0 0 0 0 0 1 0 0 0 0 0 0 1 1 0 0 1 1 0 0 1 1 0 1 2 0 1 1 2 0 0 1 1 1 2 0 0 0 0 0 0 0 0 0 0 1 1 1 0 0 2 0 1 0 1 0 0 1 1 1 1 0 1 1 0 2 0 1 1 2 0 1 1 1 0 0 0 1 0 0 1 1 0 1 1 0 0 1 0 2 0 1 2 0 0 1 0 1 1 0 0 0 0 2 0 0 0 0 1 2 0 2 0 1 0 1 0 0 1 2 0 0 1 0 0 1 0 1 2 0 1 0 1 0 1 0 0 2 0 0 1 2 0 1 0 0 0 2 0 0 0 1 1 1 0 2 0 1 1 0 0 0 2 0 0 2 0 1 1 1 0 1 0 1 1 1 1 1 0 0 0 2 0 0 2 0 0 1 1 2 0 1 0 0 2 0 0 0 0
0 360 1 0 0 2 0 1 0 1 0 0 1 2 0 0 0 2 0 1 2 0 2 0 0 0 2 0 1 1 1 2 0 1 1 0 0 0 1 0 1 0 2 0 1 0 1 0 0 0 1 1 0 1 1 1 0 2 0 0 1 1 1 2 0 2 0 0 1 0 0 1 0 1 0 1 1 1 1 0 2 0 0 2 0 0 2 0 0 2 0 0 1 0 2 0 0 0 1 0 0 1 1 1 1 0 1 0 2 0 0 0 2 0 2 0 1 0 1 1 1 1 1 0 0 1 1 1 0 0 0 2 0 0 0 1 0 2 0 1 0 0 1 1 1 2 0 0 0 1 1 1 1 2 0 1 2 0 1 1 2 0 0 0 1 0 0 1 0 1 1 0 0 0 1 1 2 0 1 1 2 0 1 2 0 1 1 0 0 0 1 0 1 0 1 1 2 0 0 1 0 0 0 0 0 0 0 2 0 0 0 0 0 0 1 2 0 0 2 0 1 1 1 0 0 2 0 1 2 0 0 1 0 2 0 2 0 1 1 1 0 2 0 1 0 0 1 2 0 1 1 1 2 0 0 1 2 0 0 0 1 2 0 0 1 0 0 0 1 1 0 0 0 0 1 1 2 0 0 2 0 2 0 0 2 0 2 0 0 1 0 2 0 1 0 1 0 1 0 0 0 1 0 2 0 1 1 1 2 0 0 0 1 2 0 0 0 1 1 2 0 1 0 1 0 0 1 1 1 0 0 0 0 0 1 1 0 0 1 0 2 0 1 0 0 1 1 0 1 0 1 2 0 1 2 0 0 0 0 1 0 0
0 361 1 1 0 0 0 1 2 0 0 2 0 2 0 0 2 0 1 0 1 0 0 1 0 2 0 1 0 0 0 2 0 2 0 1 0 0 1 1 0 1 1 1 1 2 0 0 1 1 1 2 0 1 0 0 0 1 1 1 0 1 2 0 0 0 1 0 2 0 2 0 0 0 1 1 0 0 1 0 1 1 1 1 0 1 1 0 1 1 0 1 0 0 1 1 0 1 1 0 2 0 1 1 1 0 0 1 1 1 0 2 0 1 0 1 2 0 0 0 0 1 0 2 0 1 2 0 2 0 1 0 0 0 1 1 1 1 1 1 1 2 0 1 1 2 0 0 1 2 0 0 2 0 0 0 1 0 0 0 1 0 0 1 1 0 2 0 0 0 1 2 0 0 2 0 1 1 0 0 1 1 0 0 2 0 1 2 0 0 1 1 0 1 1 0 1 0 0 2 0 1 1 0 0 0 1 0 0 0 1 0 0 0 2 0 2 0 0 1 0 0 0 0 0 0 1 0 0 1 2 0 0 1 2 0 2 0 0 0 0 1 1 1 2 0 0 0 0 0 0 0 2 0 1 0 2 0 0 1 2 0 1 1 2 0 1 1 1 1 2 0 0 0 2 0 1 0 1 1 1 0 1 1 1 1 0 1 1 0 0 1 1 1 2 0 1 0 0 1 1 1 1 1 2 0 0 0 2 0 0 1 2 0 1 1 1 2 0 1 0 1 2 0 0 2 0 1 0 2 0 0 0 0 1 1 2 0 1 1 1 1 1 1 2 0 1 0 0 1 1 1 0 0 0 1 1 1 0 1 0 1 1
1 362 1 1 2 0 0 2 0 2 0 0 1 0 1 1 1 0 1 2 0 0 2 0 0 1 1 1 1 1 2 0 1 0 1 1 1 2 0 1 0 1 0 0 1 2 0 1 0 1 1 2 0 1 1 1 1 2 0 0 0 1 0 1 1 1 1 1 1 2 0 1 0 1 1 1 2 0 1 1 1 0 0 1 0 0 2 0 0 2 0 0 0 2 0 1 0 0 2 0 1 1 2 0 2 0 2 0 1 1 0 1 1 2 0 0 0 1 1 1 0 1 1 1 2 0 1 0 0 1 1 1 1 1 2 0 0 1 1 1 2 0 0 0 0 1 0 1 0 2 0 1 1 0 0 1 1 0 1 1 1 0 2 0 1 0 1 1 0 1 2 0 2 0 0 0 2 0 1 0 1 2 0 0 0 1 0 0 1 2 0 1 0 0 2 0 0 1 0 0 0 2 0 1 0 0 1 0 1 1 1 0 1 2 0 1 0 1 0 2 0 1 1 0 0 0 1 0 2 0 2 0 1 1 0 0 0 1 0 1 0 2 0 0 2 0 0 1 0 0 0 1 0 0 2 0 0 1 1 1 0 0 0 0 1 1 0 0 0 1 2 0 0 2 0 0 2 0 0 0 0 0 1 0 0 1 0 0 1 2 0 2 0 0 2 0 1 1 2 0 1 1 1 1 2 0 0 2 0 0 1 1 0 0 0 0 0 2 0 2 0 0 0 2 0 0 0 2 0 0 1 0 1 0 2 0 1 1 0 0 0 1 1 1 2 0 1 1 2 0 1 0 2 0 0 2 0 0 0 0 1 0 2 0
2 363 2 0 1 0 1 1 1 0 1 1 0 0 1 0 0 0 1 0 2 0 0 0 1 0 1 1 1 1 2 0 2 0 0 0 0 2 0 1 2 0 0 2 0 2 0 2 0 0 0 1 1 0 0 0 1 2 0 0 1 1 1 1 0 0 1 1 1 2 0 2 0 0 0 0 2 0 2 0 2 0 2 0 0 0 0 0 1 1 0 0 2 0 0 1 2 0 0 1 0 0 1 1 0 2 0 1 2 0 1 2 0 1 0 0 1 2 0 0 0 1 0 0 2 0 1 1 2 0 1 1 1 1 2 0 1 0 1 1 2 0 0 1 0 1 1 0 1 1 1 2 0 1 0 1 2 0 1 0 0 0 1 1 1 2 0 2 0 1 1 0 0 1 0 2 0 0 2 0 0 0 1 1 1 1 0 2 0 2 0 1 2 0 0 0 0 2 0 1 2 0 0 1 1 2 0 0 1 0 0 0 1 0 2 0 1 0 1 1 1 2 0 1 0 0 1 1 1 2 0 1 2 0 1 0 0 1 1 0 1 1 1 1 1 0 0 2 0 1 1 1 1 0 0 0 1 0 1 0 2 0 0 0 1 1 2 0 0 2 0 2 0 0 0 1 1 0 0 1 0 0 1 0 2 0 0 0 0 0 0 0 1 1 1 1 0 0 1 1 0 0 0 1 2 0 1 1 0 1 0 0 2 0 0 0 1 0 1 0 1 0 2 0 0 0 2 0 0 1 0 0 0 1 1 1 2 0 1 0 0 2 0 1 0 0 0 0 1 0 2 0 0 1 1 1 0 0 1 0 1 1 1 1 0
1 365 1 0 0 2 0 0 0 0 0 0 1 2 0 1 0 1 1 1 1 1 1 0 1 1 1 1 0 0 2 0 0 0 1 0 1 1 0 1 0 0 2 0 0 1 0 2 0 1 0 1 1 1 2 0 0 2 0 1 2 0 1 1 0 2 0 2 0 1 0 0 0 1 0 1 1 0 1 0 2 0 2 0 1 0 1 0 0 1 2 0 0 0 0 1 0 2 0 0 2 0 2 0 1 0 1 2 0 1 0 0 0 2 0 0 2 0 2 0 0 1 1 1 0 0 1 0 0 1 1 0 0 0 1 2 0 2 0 0 0 1 0 1 0 0 0 2 0 1 0 0 2 0 2 0 0 0 2 0 0 1 1 2 0 1 0 0 0 1 2 0 1 0 1 1 1 1 1 1 0 0 1 2 0 0 1 0 1 2 0 2 0 0 1 1 1 1 0 1 0 0 1 2 0 1 2 0 0 2 0 1 1 1 1 1 1 2 0 0 0 0 2 0 1 1 2 0 1 2 0 0 0 0 2 0 0 2 0 1 0 1 0 0 1 1 0 0 0 1 0 0 0 0 2 0 0 1 1 0 1 1 1 0 1 2 0 1 0 1 1 1 0 1 0 1 1 1 2 0 1 0 2 0 0 1 1 0 1 0 0 0 0 2 0 0 0 2 0 1 1 2 0 0 2 0 2 0 2 0 0 1 0 0 0 0 1 1 1 0 1 0 1 1 1 0 2 0 0 0 2 0 1 1 2 0 0 2 0 1 2 0 0 0 1 1 1 1 0 1 1 1 1 1 0 1 0 2 0 1 1 1 0 0 0 2 0
2 366 1 1 0 0 0 0 1 0 0 0 2 0 2 0 1 1 0 0 1 1 1 0 1 0 0 1 0 0 0 0 0 1 1 1 0 2 0 0 1 0 0 0 1 0 0 1 1 2 0 0 0 0 2 0 1 1 1 0 0 2 0 2 0 1 2 0 1 1 1 1 1 1 1 0 2 0 0 1 1 2 0 1 1 2 0 0 2 0 2 0 0 1 0 1 1 1 1 1 1 1 0 1 2 0 0 0 2 0 0 1 2 0 0 1 1 1 0 1 1 0 1 0 2 0 1 0 2 0 0 2 0 1 0 0 0 0 1 0 1 1 1 0 0 1 2 0 0 1 2 0 0 1 0 1 0 2 0 0 1 0 1 2 0 1 1 1 1 2 0 2 0 1 1 0 0 1 1 0 2 0 2 0 1 2 0 0 1 1 0 0 1 1 0 1 1 1 0 0 1 0 0 0 0 0 0 2 0 0 1 0 0 0 1 1 1 2 0 0 1 1 0 1 0 0 1 1 0 0 1 1 1 1 0 0 1 1 0 1 2 0 0 2 0 0 2 0 0 1 0 1 1 1 0 0 1 0 1 0 1 0 0 0 1 0 2 0 1 1 0 0 0 0 1 1 0 0 2 0 2 0 0 1 1 0 1 0 0 0 1 1 1 0 0 0 2 0 1 0 0 1 0 1 1 1 0 2 0 1 0 2 0 1 1 0 2 0 0 0 0 1 1 0 0 0 1 1 0 2 0 1 0 0 1 0 1 1 1 0 0 1 1 1 2 0 0 1 0 1 0 0 1 1 0 0 1 1 1 2 0 2 0 1 2 0 0 0
2 367 1 1 2 0 0 0 1 0 1 2 0 1 0 1 2 0 1 0 2 0 0 0 0 0 1 2 0 1 1 0 0 2 0 0 0 1 1 0 2 0 1 1 1 0 2 0 1 2 0 0 1 1 0 1 0 0 0 0 0 0 1 0 2 0 1 0 0 0 0 1 1 1 1 0 1 1 1 0 2 0 0 0 0 1 0 1 1 1 0 1 1 0 0 1 0 0 1 1 1 1 0 1 0 1 1 2 0 0 1 0 2 0 1 0 1 1 0 0 2 0 0 1 1 1 2 0 0 1 1 1 0 1 1 1 1 0 1 1 0 2 0 2 0 2 0 1 2 0 2 0 1 0 0 0 1 1 1 1 0 0 1 1 0 0 0 0 2 0 0 0 1 2 0 1 0 1 2 0 1 2 0 2 0 0 1 2 0 0 2 0 1 2 0 0 2 0 2 0 1 0 1 1 0 0 1 0 0 0 2 0 1 1 2 0 0 2 0 1 0 1 0 0 0 2 0 0 2 0 2 0 0 0 2 0 1 2 0 1 0 2 0 0 0 1 1 0 1 0 0 0 2 0 2 0 1 1 0 1 0 0 1 1 1 1 1 1 2 0 1 0 0 0 1 2 0 0 0 1 0 1 1 0 1 0 0 0 1 1 1 2 0 2 0 1 0 0 1 1 2 0 0 1 0 0 0 1 1 2 0 0 1 2 0 2 0 0 0 1 0 1 1 2 0 0 1 2 0 1 1 1 1 2 0 0 0 2 0 2 0 2 0 0 2 0 1 0 0 0 0 2 0 0 2 0 2 0 1 0 0 0 2 0 0 1 1 1 0
1 368 2 0 1 0 0 1 1 1 1 0 2 0 1 1 0 2 0 1 1 1 0 1 0 0 2 0 2 0 2 0 0 0 0 0 1 1 2 0 1 2 0 0 0 0 1 2 0 0 1 2 0 1 0 0 0 1 1 0 0 0 1 1 1 1 1 1 1 1 0 2 0 0 1 0 1 0 0 0 1 1 0 1 0 1 1 1 0 0 0 0 1 2 0 1 0 2 0 1 1 1 0 0 1 1 0 1 0 1 0 0 1 1 1 2 0 2 0 0 0 0 1 0 1 1 2 0 1 0 1 1 0 1 0 0 1 0 0 2 0 1 2 0 2 0 2 0 1 0 0 1 1 1 1 1 2 0 0 0 2 0 1 1 2 0 0 1 0 0 0 1 2 0 2 0 1 1 1 0 0 1 0 0 1 1 0 2 0 1 1 1 0 0 2 0 0 1 0 1 1 2 0 1 2 0 1 0 1 2 0 1 0 0 1 0 1 1 0 1 2 0 0 1 2 0 0 1 1 1 0 1 0 2 0 1 0 0 2 0 1 1 1 0 1 1 2 0 0 0 1 2 0 1 0 1 2 0 1 1 0 2 0 1 1 1 1 1 2 0 1 1 1 1 2 0 1 1 1 1 1 0 2 0 0 0 1 1 2 0 1 0 0 0 1 1 1 2 0 1 2 0 0 2 0 1 1 2 0 1 0 1 1 0 0 0 1 0 1 1 1 1 0 1 0 1 1 0 0 0 0 0 1 2 0 0 2 0 1 0 2 0 1 1 1 0 1 1 1 1 1 0 0 1 1 1 0 1 1 1 1 2 0 0 1 0 1 0 2 0
2 370 1 0 0 1 1 2 0 1 1 1 0 1 1 2 0 2 0 1 0 0 0 0 0 1 0 0 1 0 2 0 1 0 1 0 0 2 0 1 1 0 0 1 1 1 0 2 0 1 2 0 2 0 1 1 1 1 1 1 2 0 0 2 0 0 1 1 1 1 1 0 1 1 1 0 0 0 0 1 1 1 2 0 0 1 0 2 0 2 0 0 0 2 0 2 0 1 1 1 2 0 2 0 2 0 1 0 0 1 0 0 2 0 1 2 0 0 0 1 0 1 0 1 1 1 0 1 0 1 2 0 2 0 0 0 2 0 0 0 0 1 0 1 0 0 2 0 1 1 1 2 0 1 1 1 1 2 0 0 2 0 1 0 0 1 0 0 2 0 1 2 0 0 0 0 1 2 0 2 0 1 2 0 2 0 1 0 1 2 0 0 0 0 0 0 0 1 0 0 1 0 1 1 0 0 2 0 1 1 0 2 0 0 2 0 0 0 2 0 1 0 1 2 0 2 0 1 0 1 1 0 0 1 1 1 1 2 0 0 1 0 0 0 0 1 0 1 0 0 1 2 0 2 0 1 1 0 2 0 2 0 1 2 0 0 0 1 2 0 0 0 0 0 2 0 0 0 0 0 1 1 0 1 1 0 1 2 0 1 0 1 1 1 1 2 0 1 0 0 0 0 2 0 0 1 0 0 1 0 1 2 0 1 2 0 0 1 1 1 0 0 1 0 0 1 0 1 2 0 0 0 0 2 0 2 0 0 0 2 0 0 2 0 0 0 0 1 0 0 1 0 2 0 2 0 0 0 1 0 0 1 2 0 1 0 0 0 1 1 1 0
1 371 1 0 2 0 2 0 0 0 0 0 0 1 0 1 1 0 1 1 1 1 1 0 0 1 0 2 0 0 1 1 1 2 0 1 0 0 0 2 0 1 0 2 0 0 0 1 2 0 1 0 0 2 0 0 0 1 1 1 2 0 1 1 0 1 0 1 1 1 1 0 0 2 0 2 0 0 0 2 0 0 2 0 1 0 0 1 2 0 1 0 2 0 1 0 2 0 0 1 0 0 0 2 0 1 1 1 2 0 0 0 0 1 0 0 1 1 1 1 1 0 1 1 0 0 0 0 1 1 1 0 0 1 0 2 0 0 0 1 0 1 1 0 1 0 0 1 0 0 1 0 0 0 0 0 1 2 0 1 1 0 1 1 2 0 0 0 0 1 0 0 1 1 1 1 0 0 0 0 2 0 1 0 0 1 2 0 0 0 1 1 1 0 0 0 0 1 0 2 0 0 0 2 0 0 0 0 2 0 2 0 0 1 1 0 0 2 0 0 2 0 0 1 0 0 1 1 2 0 1 2 0 2 0 0 1 2 0 0 2 0 1 1 0 1 1 0 1 0 0 0 0 0 1 2 0 2 0 1 0 2 0 0 1 1 1 2 0 1 1 1 0 1 0 0 0 1 0 0 1 2 0 0 2 0 1 0 2 0 1 1 0 0 1 2 0 1 1 1 1 1 0 0 0 2 0 2 0 0 1 1 0 0 0 1 2 0 1 0 2 0 1 0 2 0 0 1 0 1 1 1 1 0 1 0 1 0 2 0 0 1 1 0 0 1 0 1 0 2 0 0 1 2 0 1 0 1 1 0 2 0 2 0 1 1 1 1 1 2 0 2 0
2 372 1 1 1 2 0 1 0 1 0 0 0 1 1 0 2 0 1 0 0 1 0 2 0 1 1 1 1 1 0 1 1 2 0 1 1 1 2 0 0 2 0 0 1 0 1 2 0 2 0 1 0 0 0 0 1 2 0 0 2 0 2 0 1 1 1 1 0 0 1 0 0 0 1 0 1 0 2 0 0 1 1 0 1 1 2 0 2 0 2 0 0 1 2 0 0 1 0 2 0 1 2 0 1 0 0 0 2 0 0 1 0 1 0 2 0 1 1 1 1 0 0 1 2 0 0 0 1 2 0 2 0 1 1 1 1 0 1 1 1 0 2 0 0 0 1 2 0 1 2 0 1 1 0 0 2 0 2 0 2 0 1 0 1 0 0 1 0 1 0 2 0 1 1 0 2 0 0 1 0 0 1 1 2 0 2 0 0 1 1 2 0 2 0 0 0 1 1 1 1 0 2 0 0 0 1 1 0 1 0 1 1 0 1 0 0 0 0 1 1 0 0 2 0 2 0 2 0 0 0 1 0 0 1 1 0 2 0 1 1 0 2 0 1 1 2 0 0 0 1 1 0 1 0 0 0 0 1 2 0 0 1 1 0 1 2 0 0 0 0 0 0 0 0 1 1 1 0 2 0 2 0 1 1 0 2 0 0 1 2 0 1 1 0 0 0 0 0 0 1 0 2 0 1 0 1 0 1 1 0 0 2 0 0 2 0 2 0 1 1 1 2 0 0 1 1 0 0 1 0 0 1 0 0 1 0 1 1 1 1 0 0 2 0 1 1 0 1 1 1 1 0 2 0 1 2 0 2 0 1 2 0 2 0 0 0 1 2 0 0 0 1 0
1 373 2 0 0 2 0 1 2 0 0 1 1 1 2 0 1 1 1 1 2 0 0 1 2 0 0 0 1 1 0 1 0 1 1 0 0 0 2 0 1 1 0 1 0 0 1 1 0 0 1 1 1 1 1 0 2 0 2 0 0 1 0 2 0 0 0 0 2 0 1 0 1 1 1 1 0 1 1 1 1 0 1 0 1 0 1 1 0 2 0 1 1 0 2 0 1 0 0 1 2 0 0 2 0 0 1 2 0 0 1 0 0 0 1 1 2 0 0 0 0 2 0 2 0 1 1 2 0 0 0 0 2 0 0 0 1 0 1 0 0 0 1 1 0 2 0 0 0 0 0 2 0 2 0 0 0 1 0 2 0 1 1 2 0 0 2 0 0 0 1 1 1 2 0 2 0 0 0 2 0 2 0 2 0 0 0 1 1 0 2 0 0 0 1 0 1 2 0 0 1 0 1 1 0 1 1 2 0 0 1 0 2 0 0 0 1 1 0 1 2 0 0 0 1 0 2 0 1 0 1 1 0 2 0 1 0 1 1 2 0 2 0 1 0 0 1 0 0 1 1 2 0 0 0 1 1 0 2 0 1 2 0 1 0 1 0 1 1 1 0 0 0 0 0 2 0 0 0 1 2 0 1 2 0 2 0 0 1 0 2 0 2 0 1 0 0 0 0 0 1 1 1 1 1 2 0 1 0 2 0 0 0 0 1 1 1 0 2 0 0 0 2 0 1 0 0 2 0 1 0 1 2 0 2 0 0 1 0 0 1 0 0 0 0 2 0 1 2 0 0 1 0 1 2 0 1 0 0 2 0 1 0 0 1 0 1 2 0 1 1 1 1 0 1
