1001 4
0 1 0
0 1 1
1 1 2
0 2 1 1
0 3 1 0 1
1 3 2 0 2
0 4 1 1 0 1
1 5 1 0 1 0 2
0 5 2 0 2 1 1
0 6 1 1 0 1 1 2
1 7 1 0 1 1 0 0 0
1 7 2 0 2 2 0 0 0
1 8 1 1 0 2 0 2 1 0
1 9 1 0 1 1 1 0 1 1 0
1 9 2 0 3 0 1 0 2 2 0
1 10 1 1 0 2 2 0 0 2 0 2
0 11 1 0 1 1 2 0 3 0 0 0 1
1 11 2 1 0 0 0 0 2 1 1 0 2
0 12 1 1 1 0 0 0 1 1 1 2 1 1
0 13 1 0 1 2 0 0 1 0 2 1 0 1 2
1 13 2 1 0 0 2 1 2 1 1 1 1 1 0
1 14 1 1 1 0 1 2 0 0 1 3 0 1 2 0
1 15 1 0 2 0 0 0 3 0 1 1 2 0 0 0 2
0 15 2 1 0 1 1 1 2 2 0 2 0 1 1 1 1
0 16 1 1 1 1 0 2 1 1 1 0 2 0 0 2 0 1
1 17 1 0 2 0 1 1 1 1 3 0 0 1 2 2 0 2 0
0 17 2 1 0 2 0 2 0 0 1 1 2 1 1 1 0 1 2
1 18 1 1 1 1 2 0 1 2 2 0 0 0 1 3 0 0 1 0
1 19 1 0 2 0 2 2 0 1 1 0 2 1 1 1 1 1 1 2 0
1 19 2 1 1 0 2 1 0 0 1 1 1 1 3 0 2 0 2 1 2
0 20 1 1 1 2 1 1 1 0 0 3 0 2 1 2 0 1 0 2 0 0
0 21 1 0 2 1 0 1 2 2 0 1 3 0 1 2 0 2 0 0 0 1 1
0 21 2 1 1 1 1 1 1 1 0 1 2 0 0 1 0 1 2 1 1 0 1
1 22 1 1 1 3 0 2 0 2 0 0 0 3 0 1 0 0 1 0 1 2 0 2
0 23 1 0 2 1 2 0 1 0 0 1 1 1 2 1 3 0 1 0 0 1 0 0 1
1 23 2 1 1 2 0 1 3 0 1 0 2 1 1 0 1 1 3 0 0 2 0 0 2
0 24 1 1 2 0 1 0 1 1 2 0 0 1 1 2 1 0 0 1 1 2 1 3 0 0
0 25 1 0 2 2 0 0 0 0 2 1 2 2 0 0 0 1 0 1 0 0 1 0 1 1 1
0 25 2 1 2 0 2 1 0 1 2 0 1 0 2 1 0 2 0 2 0 0 2 0 3 0 1
1 26 1 2 0 0 0 1 1 1 0 3 0 2 1 1 1 1 2 0 1 3 0 0 0 2 2 0
1 27 1 0 3 0 0 0 3 0 1 1 3 0 1 1 3 0 2 2 0 1 1 1 1 1 2 0 2
0 27 2 1 2 1 1 1 3 0 0 0 2 0 0 0 2 0 2 1 0 0 2 0 2 1 0 0 1
1 28 1 2 0 0 2 0 0 1 1 1 1 0 1 1 1 1 0 1 1 0 1 1 0 1 1 0 0 2
0 29 1 0 3 0 1 1 2 1 3 0 2 0 0 0 2 0 1 0 3 0 0 0 1 0 2 2 0 1 1
0 29 2 1 3 0 0 0 1 0 2 0 0 1 1 1 0 2 0 0 2 1 1 0 2 1 2 1 0 0 1
1 30 1 2 0 1 1 1 0 2 1 0 1 2 0 2 0 0 1 3 0 0 1 2 1 2 0 0 1 0 0 2
0 31 1 0 3 0 3 0 1 1 1 1 1 1 0 0 0 1 2 1 1 1 2 1 0 2 0 1 1 2 0 1 1
0 31 2 1 3 0 2 2 0 1 3 0 1 2 0 0 1 1 0 2 0 0 0 1 1 2 0 0 2 2 0 0 1
1 32 1 2 0 2 0 2 1 0 1 2 0 0 0 2 1 3 0 0 1 2 1 1 0 2 1 3 0 1 0 2 1 2
0 33 1 1 0 0 1 0 1 1 1 0 3 0 0 1 2 0 1 1 2 1 0 1 2 1 2 0 1 2 0 0 2 0 0
0 33 2 2 0 0 2 0 3 0 1 1 2 1 2 1 0 0 0 0 0 1 1 1 1 0 0 0 0 0 2 2 0 1 1
0 34 1 2 0 3 0 0 0 3 0 0 0 1 0 0 1 0 0 0 0 1 0 2 0 1 0 0 0 0 1 2 1 0 0 1
1 35 1 1 0 0 2 1 1 1 2 1 1 0 2 0 0 2 0 0 0 0 2 1 0 1 3 0 0 0 1 1 0 1 0 0 2
0 35 2 2 0 1 1 2 0 0 0 1 2 1 0 1 2 1 2 1 0 1 1 1 1 1 1 1 1 0 2 2 0 2 0 1 1
0 36 1 2 1 0 0 2 1 2 1 1 1 0 1 1 1 1 0 0 1 1 0 2 0 2 0 2 0 1 1 2 1 0 2 0 0 1
1 37 1 1 0 1 0 1 2 0 0 1 3 0 0 0 2 0 1 0 1 0 1 1 1 0 1 0 1 0 0 0 0 1 1 1 2 1 2
0 37 3 0 0 0 0 0 3 0 1 1 1 1 1 1 0 1 3 0 2 0 3 0 1 0 2 0 2 0 0 0 1 0 2 1 1 0 0
0 38 1 2 1 1 0 0 1 2 2 0 1 3 0 2 0 0 1 2 0 1 0 2 2 0 0 1 0 0 1 1 0 2 1 1 1 2 0 0
0 39 1 1 0 1 2 0 1 1 1 1 0 1 2 0 0 1 2 0 3 0 2 1 2 0 2 1 2 0 1 0 1 1 1 1 3 0 3 0 0
0 39 3 0 0 0 3 0 3 0 2 0 0 0 3 0 1 1 0 0 3 0 2 0 0 0 1 2 0 1 3 0 3 0 2 1 2 0 2 1 1
0 40 1 2 1 1 1 3 0 3 0 0 1 1 1 2 2 0 1 0 1 3 0 0 1 1 1 0 1 0 1 2 0 3 0 2 0 0 0 1 1 2
1 41 1 1 0 2 0 0 2 0 2 1 2 0 2 1 1 1 0 0 0 1 1 1 2 0 2 0 0 0 0 1 0 0 3 0 0 1 1 1 0 0 0
1 41 3 0 0 1 3 0 0 0 2 0 0 0 1 1 2 2 0 0 1 0 2 1 0 0 0 1 1 0 0 2 0 1 2 1 2 0 1 2 0 0 0
1 42 1 2 1 2 1 1 1 1 1 0 1 1 1 0 0 1 0 2 1 2 1 1 1 0 0 1 0 1 0 1 2 0 1 1 0 0 0 0 0 2 1 0
1 43 1 1 1 0 0 1 3 0 2 0 0 0 1 2 0 0 2 1 2 0 0 1 2 2 0 0 2 0 2 1 0 1 0 0 1 0 0 0 0 1 1 1 0
1 43 3 0 1 0 1 1 2 0 0 1 1 1 0 0 3 0 0 2 0 1 2 1 1 0 3 0 0 0 1 1 0 2 0 0 2 0 0 0 1 0 1 2 0
1 44 1 2 1 3 0 3 0 3 0 1 0 1 2 0 1 2 1 2 2 0 1 0 1 2 1 2 1 1 0 3 0 0 1 2 2 0 1 1 0 2 1 0 0 2
0 45 1 1 1 0 2 0 3 0 2 2 0 0 0 1 0 1 1 0 1 1 0 0 0 1 1 0 0 1 2 1 2 1 2 1 1 1 0 0 1 1 1 1 0 1 1
0 45 3 0 1 1 1 0 3 0 2 0 2 1 1 0 0 0 1 0 2 2 0 0 1 0 1 0 1 1 1 0 1 0 0 1 2 2 0 0 3 0 2 0 0 0 1
1 46 1 2 2 0 1 2 1 3 0 1 0 1 1 2 0 0 0 2 1 2 0 2 1 2 0 2 0 3 0 1 0 2 0 1 1 1 0 3 0 2 0 0 1 1 0 2
0 47 1 1 1 1 0 1 1 0 1 1 3 0 3 0 3 0 0 1 2 0 0 0 2 0 0 0 1 0 2 2 0 0 0 2 0 1 2 1 3 0 0 1 2 0 1 1 1
0 47 3 0 2 0 0 0 1 1 0 0 2 0 3 0 2 1 2 0 3 0 0 1 0 1 1 0 2 1 2 0 2 1 1 2 0 1 1 0 1 1 2 0 3 0 3 0 1
1 48 1 3 0 0 1 1 0 2 2 0 1 1 0 3 0 2 0 0 0 2 1 2 0 0 0 1 1 2 0 0 0 1 2 0 1 0 0 1 1 0 0 0 0 3 0 2 2 0
1 49 1 1 1 1 2 0 1 1 2 1 0 0 1 1 3 0 0 1 1 1 1 2 0 1 1 0 3 0 3 0 0 1 0 0 3 0 2 1 2 2 0 0 0 1 3 0 2 0 2
0 49 3 0 2 1 0 0 0 0 0 1 0 1 0 0 1 1 2 0 2 0 2 2 0 0 1 1 3 0 2 1 1 2 0 1 3 0 2 0 1 0 2 1 1 1 2 0 1 0 1
1 50 1 3 0 1 1 0 0 0 0 0 2 0 2 0 1 0 0 0 0 1 0 2 0 2 2 0 0 2 0 1 2 0 1 0 1 2 0 0 2 0 0 1 1 3 0 3 0 2 0 2
0 51 1 1 1 2 0 1 0 0 0 0 1 2 0 1 3 0 2 1 0 0 2 1 1 0 2 0 3 0 0 0 0 1 0 0 0 0 3 0 1 1 2 2 0 0 2 0 3 0 1 0 1
1 51 3 0 2 1 3 0 2 1 0 1 0 1 0 1 2 0 1 1 0 1 1 1 2 1 1 0 2 1 1 0 0 2 0 0 0 1 3 0 0 0 1 0 3 0 0 0 2 1 3 0 2
0 52 1 3 0 2 0 2 0 1 1 1 0 0 0 0 0 3 0 3 0 0 0 2 1 0 1 2 1 1 1 2 0 1 1 2 1 1 1 1 1 1 0 2 1 2 1 1 1 2 0 2 0 1
1 53 1 1 2 0 1 0 0 2 0 1 2 0 0 0 0 1 3 0 2 1 1 1 1 1 1 1 0 2 0 0 0 0 0 0 0 1 3 0 2 0 1 1 2 0 0 2 0 0 0 0 0 2 0
0 53 3 0 3 0 2 0 1 2 0 0 3 0 0 0 1 1 2 0 1 1 3 0 2 0 2 0 0 1 2 1 0 0 0 0 1 1 2 0 0 2 0 2 0 1 2 1 2 1 0 0 1 1 2
1 54 1 3 0 3 0 1 0 0 0 3 0 1 1 1 1 0 0 0 0 0 0 2 0 1 0 0 1 2 1 0 1 0 0 0 0 3 0 3 0 1 2 0 2 0 1 1 0 0 1 0 1 0 0 0
1 55 1 1 2 0 2 1 3 0 0 1 2 2 0 1 2 2 0 0 0 0 0 1 0 1 3 0 1 1 0 1 0 2 0 0 0 1 3 0 3 0 0 1 0 2 0 0 1 0 0 2 0 2 0 0 0
1 56 1 0 0 0 0 2 0 1 1 2 1 1 1 0 1 1 0 2 1 0 0 1 0 0 1 1 2 0 1 1 0 0 1 2 1 1 1 2 0 2 1 2 0 0 1 2 1 2 0 1 2 0 1 2 1 0
1 56 2 0 0 0 1 1 0 0 0 0 1 3 0 0 0 1 1 1 1 0 0 2 0 1 0 2 2 0 0 1 0 1 1 0 2 0 0 0 0 1 2 0 1 2 1 1 0 0 0 0 1 0 1 0 1 0
1 57 1 1 2 1 1 0 1 0 0 0 1 1 1 1 1 0 3 0 1 2 0 1 0 2 0 0 2 0 2 1 2 0 3 0 0 1 2 1 0 1 0 1 0 1 0 1 2 0 0 0 0 2 0 2 0 2 0
0 58 1 0 0 0 1 2 0 2 0 0 0 3 0 2 0 1 1 3 0 0 1 0 0 0 1 3 0 0 0 2 0 0 0 2 1 2 1 0 1 1 0 0 0 0 0 0 0 3 0 0 0 1 2 0 2 0 1 2
1 58 2 0 0 1 1 0 0 0 1 1 1 3 0 1 0 0 0 1 1 1 2 0 0 1 1 1 1 1 1 0 1 1 1 2 0 0 1 1 0 1 0 0 0 0 0 0 1 2 1 1 1 0 1 0 2 0 1 0
1 59 1 1 2 1 2 2 0 0 1 0 2 1 1 1 3 0 0 0 3 0 2 1 2 1 3 0 2 0 2 0 0 0 2 0 3 0 1 0 1 0 2 0 0 0 0 0 1 1 0 1 3 0 0 0 0 1 3 0 2
0 60 1 0 0 1 0 1 0 2 1 2 1 1 2 0 0 1 1 1 1 3 0 2 0 1 0 2 0 1 0 0 1 1 1 1 0 2 1 3 0 2 1 0 1 1 0 0 0 3 0 0 1 1 1 1 0 1 1 2 0 1
1 60 2 0 0 2 0 2 1 2 0 0 2 0 0 2 1 3 0 2 1 2 0 0 2 0 0 0 1 3 0 1 0 2 0 1 1 2 0 2 0 1 1 1 0 1 0 0 1 2 1 2 0 2 0 1 0 3 0 3 0 2
0 61 1 1 3 0 0 0 1 2 0 1 2 1 3 0 1 0 2 0 1 2 0 1 2 1 2 1 1 1 1 2 0 0 1 0 0 0 0 0 0 2 0 1 2 0 2 0 1 1 1 0 0 0 0 2 0 0 3 0 3 0 1
1 62 1 0 0 1 1 1 1 0 1 0 1 1 0 1 2 0 0 1 0 0 1 0 1 1 0 0 1 3 0 2 1 2 1 2 0 0 0 0 0 1 2 0 1 0 0 0 2 0 1 2 0 0 0 1 1 3 0 2 0 2 2 0
1 62 2 0 0 3 0 2 0 0 0 0 0 1 1 0 0 2 1 2 0 1 0 0 0 1 0 1 1 2 0 2 0 0 2 0 1 1 0 0 1 0 0 3 0 2 1 1 2 0 0 3 0 0 1 0 0 2 0 1 0 2 0 2
0 63 1 1 3 0 2 0 0 1 1 0 0 0 2 2 0 1 1 2 0 1 3 0 0 0 2 1 0 0 0 0 0 1 2 2 0 0 1 0 0 2 0 1 3 0 1 2 0 0 3 0 1 1 1 2 0 1 0 2 0 0 1 0 1
1 64 1 0 0 2 0 0 1 2 0 1 0 0 1 2 1 0 0 2 2 0 1 1 1 1 1 1 1 0 0 0 0 1 1 1 0 2 1 2 0 1 2 0 1 2 0 0 0 3 0 1 2 0 2 0 1 0 0 0 1 2 1 2 0 2
0 64 2 0 1 0 1 2 0 3 0 2 0 1 1 0 1 0 1 2 1 0 0 2 0 2 0 1 2 0 0 0 0 3 0 1 1 2 0 0 0 0 1 0 0 3 0 0 1 3 0 0 1 0 1 3 0 2 1 1 1 1 0 0 0 1
1 65 1 2 0 0 0 1 0 0 3 0 0 2 0 1 1 0 0 1 0 1 0 1 1 0 1 0 0 0 2 1 0 1 2 2 0 2 0 1 1 0 0 2 0 1 2 1 2 1 1 1 2 0 0 1 2 0 1 1 3 0 1 0 0 0 2
0 66 1 0 0 2 1 0 2 0 1 2 1 2 2 0 0 1 0 1 0 0 0 0 0 1 0 2 0 0 1 1 1 1 1 1 1 0 2 0 0 1 0 1 2 0 1 1 0 0 1 3 0 3 0 1 1 0 0 0 0 1 1 3 0 0 1 1
0 66 2 0 1 1 1 1 2 0 1 1 0 1 0 2 1 2 0 2 0 0 0 0 0 2 1 0 1 2 0 2 0 2 0 2 0 0 1 2 1 2 1 0 1 0 0 1 0 1 1 2 0 2 2 0 1 0 0 0 1 0 0 1 1 2 0 1
1 67 1 2 0 0 2 0 2 2 0 0 1 0 2 1 2 0 0 0 0 1 1 0 0 1 1 1 1 1 0 0 1 0 1 0 0 1 2 1 1 0 0 1 0 2 0 0 2 1 0 0 0 0 2 0 3 0 2 1 0 2 0 0 3 0 3 0 2
0 68 1 0 0 3 0 0 0 2 0 2 1 2 1 1 2 0 1 1 0 1 0 1 0 1 0 2 0 1 2 0 0 2 0 2 0 1 1 0 1 2 0 1 0 0 1 3 0 0 1 0 0 0 1 1 0 3 0 1 1 1 1 3 0 2 0 3 0 1
1 68 2 0 1 2 1 1 1 1 0 2 0 0 2 0 1 0 0 1 0 2 0 2 0 2 1 1 0 0 0 3 0 0 0 0 2 0 1 1 0 3 0 2 0 1 1 1 1 1 2 0 0 1 0 1 1 2 2 0 2 0 0 2 0 1 0 2 2 0
1 69 1 2 0 1 0 1 3 0 1 1 0 1 2 1 3 0 2 1 2 1 1 0 1 0 1 1 2 0 0 1 2 1 1 0 1 2 0 0 1 1 3 0 0 2 0 1 3 0 2 1 2 1 2 1 0 0 1 1 0 1 2 2 0 2 0 0 2 0 2
0 70 1 0 1 0 0 0 1 1 2 0 1 1 1 1 0 2 0 2 0 0 1 2 0 2 0 3 0 3 0 1 1 0 1 2 1 0 0 2 2 0 0 1 1 2 2 0 1 2 0 2 0 1 0 0 1 0 0 3 0 0 1 1 1 0 1 3 0 0 0 1
1 70 2 0 2 0 0 1 0 2 2 0 0 2 0 1 1 1 0 0 1 2 1 0 0 1 0 3 0 2 2 0 1 1 1 0 1 0 1 2 0 2 2 0 0 1 1 0 1 0 0 0 1 3 0 0 2 0 1 2 1 2 0 2 0 0 1 1 1 1 0 2
0 71 1 2 0 1 2 1 2 1 2 0 2 2 0 2 0 1 2 0 1 1 0 1 0 0 2 1 3 0 2 1 0 0 2 0 0 0 0 1 0 0 2 0 2 1 2 2 0 2 0 0 1 1 1 1 2 2 0 1 1 0 0 0 0 1 2 0 2 0 1 1 1
0 72 1 0 1 0 1 1 0 1 0 0 0 2 1 0 2 0 0 3 0 2 2 0 2 0 1 2 0 2 0 1 1 0 1 0 1 1 0 0 2 0 1 1 0 2 0 1 1 0 1 2 1 3 0 2 1 1 1 0 0 1 0 0 0 1 1 0 0 0 2 0 1 2
1 73 1 0 0 0 0 0 1 0 2 0 0 1 1 1 1 1 3 0 2 0 2 1 0 2 0 1 0 0 0 2 0 1 1 0 0 0 1 0 1 2 0 0 1 1 0 2 0 1 1 1 1 0 2 0 1 1 2 2 0 0 2 0 0 0 2 2 0 0 1 2 0 1 0
1 73 2 0 0 0 0 0 2 1 0 1 2 0 2 0 2 1 2 0 1 0 1 1 1 1 3 0 2 1 1 2 0 0 1 0 0 0 2 1 0 0 2 1 3 0 0 2 0 0 2 0 1 1 1 0 0 0 1 0 2 2 0 1 1 1 2 0 2 2 0 0 3 0 2
0 74 1 0 1 1 0 0 1 1 1 1 1 0 0 1 0 1 2 0 1 3 0 3 0 2 1 2 0 1 2 0 0 2 1 2 0 0 1 1 1 0 1 2 0 1 1 2 1 2 2 0 2 0 1 2 0 0 0 2 1 2 1 0 0 2 1 0 0 2 0 3 0 2 0 1
1 75 1 0 0 0 1 0 1 0 2 0 1 2 0 0 2 1 0 1 0 1 2 0 3 0 2 0 0 0 0 0 3 0 0 2 0 1 2 0 2 0 0 1 0 0 0 0 1 0 1 1 0 2 0 0 3 0 0 1 2 0 0 1 0 1 1 1 0 1 1 0 3 0 0 2 0
1 75 2 0 0 0 2 0 2 1 1 0 0 0 3 0 0 1 1 0 0 1 0 0 3 0 0 1 1 0 0 1 2 1 2 2 0 1 0 0 0 1 1 2 0 0 0 0 2 0 3 0 0 1 3 0 1 1 2 0 3 0 1 0 0 0 2 0 0 0 1 1 2 1 2 1 2
0 76 1 0 1 1 1 1 0 1 1 2 0 0 1 2 1 2 0 1 0 0 2 0 1 2 1 2 0 1 0 1 1 1 0 1 0 3 0 2 1 1 0 2 1 2 1 0 1 1 0 2 1 2 1 2 0 0 0 0 0 2 1 3 0 0 1 0 1 1 1 0 0 1 0 1 0 0
0 77 1 0 0 0 2 0 1 0 3 0 3 0 1 1 0 2 0 1 3 0 1 2 0 1 0 2 0 1 3 0 3 0 1 0 2 1 3 0 1 1 2 1 2 0 0 1 1 0 1 1 2 0 0 2 0 1 1 0 0 1 2 0 1 1 2 0 0 0 1 2 0 0 2 0 2 0 0
0 77 2 0 0 1 0 2 0 0 3 0 2 2 0 1 1 2 0 1 2 0 0 1 0 0 0 2 0 1 2 0 2 2 0 0 2 0 2 0 0 0 0 2 0 1 2 0 1 0 3 0 3 0 1 2 0 0 1 0 1 0 3 0 3 0 3 0 0 1 0 0 3 0 0 0 0 1 1
0 78 1 0 1 2 0 0 1 3 0 2 0 2 1 0 0 2 2 0 0 3 0 0 2 0 0 1 2 0 1 0 0 2 0 3 0 0 0 0 1 1 0 1 2 0 0 3 0 2 1 3 0 3 0 0 0 2 1 2 0 2 1 3 0 3 0 2 1 1 2 0 1 2 1 1 0 1 0 1
1 79 1 0 0 0 3 0 1 1 2 0 1 0 1 1 0 1 2 0 3 0 1 1 2 1 2 2 0 0 3 0 3 0 0 0 2 1 1 0 1 0 1 1 0 0 3 0 2 0 2 0 2 0 2 1 1 1 2 0 0 0 2 0 2 0 3 0 1 2 0 1 0 1 0 1 2 0 2 0 2
0 79 2 0 0 1 2 2 0 2 0 1 3 0 3 0 0 1 0 0 3 0 0 0 1 0 1 0 3 0 2 0 2 1 1 1 1 1 2 0 2 0 2 2 0 1 3 0 1 0 1 0 1 0 1 1 3 0 3 0 0 1 1 0 1 0 3 0 0 1 0 0 0 0 0 1 0 0 1 0 1
1 80 1 0 1 2 1 1 1 0 2 0 1 2 0 2 1 1 2 0 1 2 1 1 0 2 0 2 1 3 0 1 0 1 1 3 0 2 1 0 0 1 0 2 1 0 1 1 1 3 0 2 0 2 1 0 0 2 0 2 1 2 0 1 0 2 1 2 1 1 2 0 0 0 0 0 2 0 0 2 0 2
0 81 1 0 0 1 0 1 3 0 0 2 0 1 0 0 1 2 0 1 0 1 0 1 2 1 1 0 2 0 1 2 0 0 0 0 2 0 1 1 0 0 2 1 1 1 1 0 2 1 2 0 1 0 1 1 0 1 1 0 1 2 0 2 0 0 2 0 0 2 0 0 2 1 0 0 1 1 3 0 0 0 1
1 81 2 0 1 0 0 1 1 1 2 1 3 0 2 2 0 1 0 0 0 0 0 1 0 1 2 1 1 0 0 0 2 1 0 1 0 2 0 1 0 1 1 1 3 0 1 1 1 2 0 1 3 0 3 0 0 0 1 1 0 1 0 1 2 2 0 1 2 1 3 0 0 1 0 1 0 0 1 1 1 0 2
0 82 1 0 1 3 0 1 0 2 1 1 0 2 0 2 0 3 0 2 1 0 0 1 0 0 1 0 1 2 0 0 1 1 1 1 0 0 2 0 0 0 0 2 1 1 2 0 2 0 1 0 1 2 0 2 1 1 0 3 0 0 0 0 1 1 1 0 1 1 0 1 1 1 2 0 2 0 0 3 0 1 1 1
0 83 1 0 0 1 1 2 0 0 1 1 2 1 1 0 1 0 3 0 1 1 0 0 2 0 1 0 0 0 3 0 1 0 2 0 1 0 1 1 2 1 0 1 1 2 0 1 0 2 0 0 0 1 0 0 1 1 2 1 2 1 1 0 1 0 2 0 0 0 1 0 3 0 2 2 0 1 3 0 1 2 0 1 2
1 83 2 0 1 0 2 1 2 2 0 0 0 1 2 0 2 1 2 2 0 1 0 1 0 1 3 0 0 1 2 2 0 0 0 2 0 0 0 0 0 1 1 0 2 2 0 0 0 1 2 1 0 2 0 1 0 0 1 0 0 1 2 0 2 1 0 1 1 0 2 1 3 0 2 1 0 1 2 0 0 1 0 1 0
1 84 1 0 2 0 0 2 0 1 0 2 1 1 1 0 0 2 0 1 1 0 0 0 0 0 1 1 1 2 1 1 0 2 1 1 1 2 1 0 0 1 0 1 1 2 0 2 1 1 1 0 1 1 1 3 0 2 1 2 0 1 1 0 0 1 1 1 0 1 1 2 0 2 0 1 1 1 0 3 0 0 2 0 2 0
0 85 1 0 0 1 2 2 0 2 0 0 1 1 2 2 0 1 0 2 0 1 0 0 0 0 1 0 2 1 0 1 2 1 1 2 0 0 0 1 0 0 2 1 0 0 0 0 1 1 3 0 0 0 2 1 2 0 1 2 0 2 0 1 0 0 3 0 1 1 0 0 0 0 0 2 0 1 2 1 2 1 2 2 0 1 2
1 85 2 0 1 1 1 1 0 1 2 2 0 0 1 1 0 0 0 1 3 0 2 1 0 0 2 1 1 1 1 1 0 2 0 0 2 1 0 2 0 1 1 1 0 0 0 1 0 0 1 1 1 1 2 0 0 0 0 1 0 1 3 0 3 0 1 2 0 1 0 0 0 0 1 2 0 1 1 0 1 0 1 1 0 1 0
1 86 1 0 2 0 1 3 0 0 1 1 0 2 1 2 2 0 0 1 1 2 0 1 1 0 1 1 1 3 0 2 0 0 1 3 0 0 1 1 2 0 0 1 2 0 0 0 2 0 0 3 0 2 0 3 0 0 0 1 0 0 1 2 0 3 0 0 0 3 0 2 1 0 1 0 1 0 0 1 0 2 0 2 2 0 2 0
0 87 1 0 0 2 0 1 1 1 2 0 1 1 2 0 1 0 2 1 3 0 3 0 3 0 0 0 2 1 2 0 0 1 2 1 1 1 2 0 2 1 2 2 0 0 2 1 1 1 3 0 2 0 1 0 2 1 1 0 2 0 1 1 0 0 2 1 1 1 3 0 1 1 0 2 0 2 0 0 2 1 1 0 2 1 0 1 2
1 87 2 0 1 2 0 0 2 0 3 0 3 0 3 0 2 1 2 0 2 0 3 0 2 1 1 1 1 2 0 1 2 1 0 2 0 0 0 0 2 0 1 0 3 0 0 2 0 0 2 0 0 2 0 0 1 1 2 1 0 2 0 1 0 1 1 2 0 0 1 2 0 1 1 2 0 1 3 0 0 1 2 1 1 1 1 1 0
1 88 1 1 0 0 0 3 0 0 0 3 0 3 0 3 0 2 0 0 0 1 0 3 0 1 1 3 0 2 2 0 1 0 1 1 1 2 1 0 1 0 2 0 0 2 1 2 1 2 2 0 1 2 1 2 2 0 0 0 1 1 2 0 0 0 0 2 1 2 2 0 1 0 0 2 2 0 1 1 1 2 1 0 1 3 0 1 2 0
1 89 1 0 1 0 0 1 2 1 1 1 3 0 3 0 3 0 0 1 1 0 2 1 3 0 0 0 2 0 2 1 0 0 0 0 2 1 0 1 1 0 0 1 3 0 1 0 1 0 1 1 0 1 1 0 1 0 2 1 1 0 2 1 2 1 0 1 2 0 1 0 3 0 3 0 1 1 0 0 2 1 0 1 1 1 2 0 0 0 2
0 89 2 0 2 0 1 1 0 2 0 0 2 0 3 0 2 1 2 0 1 1 2 0 1 1 1 1 1 0 1 1 0 0 0 1 1 1 1 0 1 0 1 1 1 1 3 0 2 0 3 0 0 0 1 0 2 1 1 1 2 1 2 0 0 1 1 0 3 0 2 1 3 0 2 2 0 1 0 1 1 1 1 0 2 0 3 0 0 1 1
0 90 1 1 0 0 2 0 1 1 1 3 0 0 0 3 0 1 2 0 2 0 2 0 2 0 1 3 0 1 0 2 2 0 0 1 0 2 0 1 0 2 0 3 0 2 1 2 0 1 0 2 1 1 0 2 1 1 2 0 0 0 2 0 1 2 0 1 1 3 0 2 0 2 0 2 1 0 0 0 0 2 0 1 1 1 0 2 1 2 0 1
1 91 1 0 1 0 1 2 0 0 2 1 1 1 1 1 3 0 0 1 0 2 0 2 0 2 0 1 1 2 0 0 2 0 2 1 2 1 0 2 0 0 1 0 3 0 1 2 0 2 0 0 1 1 2 1 1 2 0 0 2 1 1 2 0 1 0 0 0 0 2 0 1 0 1 0 1 1 0 0 0 1 0 2 0 1 2 1 1 2 0 2 0
0 91 2 0 2 1 0 0 3 0 0 1 3 0 2 1 1 1 2 0 0 2 0 2 0 2 0 0 2 1 3 0 0 0 2 0 0 1 1 1 2 1 2 1 3 0 0 1 0 1 2 2 0 0 0 2 0 0 3 0 0 2 0 0 3 0 2 1 0 1 0 1 3 0 2 0 2 2 0 0 1 0 0 2 0 1 0 2 0 1 0 1 2
1 92 1 1 0 1 1 0 1 2 1 2 1 2 0 1 1 3 0 3 0 1 2 0 2 0 1 3 0 1 0 1 1 1 1 0 1 2 0 2 1 1 0 1 0 1 1 2 0 0 1 1 0 2 1 1 1 3 0 1 1 2 1 3 0 2 0 1 1 1 0 0 1 2 0 1 0 2 0 2 1 2 0 1 2 0 0 0 2 0 0 0 1 0
1 93 1 0 1 0 3 0 0 1 1 0 1 0 0 0 0 0 2 0 3 0 0 1 0 2 0 1 1 1 3 0 3 0 2 0 0 1 0 0 1 1 2 0 2 0 3 0 3 0 1 0 1 1 1 2 0 0 2 0 0 0 1 0 2 0 0 2 0 1 2 0 1 0 3 0 2 1 1 0 2 0 0 0 0 0 2 1 1 1 2 1 0 2 0
0 93 2 0 2 1 2 1 2 0 1 0 2 0 0 0 0 1 1 0 2 1 2 0 0 2 0 0 2 1 2 0 3 0 0 1 1 2 0 1 0 0 0 0 1 0 3 0 2 1 3 0 3 0 2 1 2 2 0 1 1 0 2 1 0 1 2 2 0 0 3 0 2 1 3 0 1 1 2 1 0 1 1 0 0 1 1 2 0 0 0 1 1 1 2
1 94 1 1 0 2 0 0 2 0 2 0 0 0 1 1 0 1 0 1 1 1 2 0 1 2 1 3 0 1 0 0 0 2 1 2 0 2 1 3 0 2 1 0 0 2 1 3 0 2 0 2 0 3 0 2 0 1 1 0 0 1 1 1 1 1 1 1 0 3 0 2 0 2 0 2 0 0 0 0 1 1 0 1 0 1 0 2 1 2 1 1 0 2 1 0
1 95 1 0 1 1 0 1 2 2 0 1 2 1 1 0 1 0 2 0 3 0 2 2 0 1 1 0 1 1 3 0 0 1 2 0 0 0 2 0 2 0 1 1 0 1 2 0 2 0 1 0 1 0 3 0 0 2 0 1 0 0 3 0 2 0 2 0 1 1 3 0 1 0 1 0 0 1 1 0 1 0 1 0 2 0 2 1 2 0 0 1 2 1 1 1 0
1 95 2 0 3 0 0 1 1 1 0 1 0 1 2 0 2 1 1 0 3 0 2 1 0 0 1 1 0 0 1 1 2 0 3 0 0 1 1 0 0 2 0 1 1 1 0 0 0 1 3 0 2 1 2 1 2 1 3 0 3 0 2 0 1 0 1 0 0 0 1 1 3 0 2 0 1 0 1 0 2 0 2 1 1 0 1 2 0 1 2 1 0 1 2 2 0
1 96 1 1 0 2 1 2 0 2 0 0 0 0 1 0 0 1 1 2 1 3 0 1 1 0 0 2 2 0 1 0 0 0 0 2 1 2 0 1 0 1 2 0 0 1 2 0 0 1 1 2 0 2 0 1 0 1 0 2 0 3 0 0 1 3 0 2 0 0 1 0 0 2 0 0 1 3 0 2 1 1 0 1 1 2 1 0 1 0 1 0 1 1 1 1 0 2
0 97 1 0 1 1 2 0 0 0 0 1 1 0 0 2 0 1 0 0 1 0 1 2 0 1 0 1 2 0 3 0 2 1 0 1 1 2 0 2 0 0 0 0 2 2 0 0 2 2 0 0 0 0 0 1 3 0 2 1 1 0 2 1 2 1 2 0 0 1 1 2 0 1 0 1 2 1 2 0 1 1 2 1 0 0 0 1 1 0 0 0 0 0 2 0 1 1 1
0 97 2 0 3 0 3 0 0 0 1 0 1 0 1 1 3 0 2 1 2 1 0 1 0 0 0 1 0 0 3 0 1 1 1 0 2 2 0 1 2 1 0 1 2 0 3 0 1 0 2 1 0 0 1 1 2 0 1 1 2 1 2 0 0 2 0 1 2 0 2 2 0 0 0 1 1 0 0 0 0 0 0 1 0 0 1 0 1 0 0 0 0 1 0 2 0 1 2
1 98 1 1 0 3 0 2 1 1 0 2 0 2 1 0 0 2 0 2 0 0 1 0 2 0 0 0 2 0 1 2 2 0 1 2 1 2 1 0 1 0 1 1 1 0 0 2 2 0 0 1 1 0 1 0 0 0 0 0 0 0 2 0 1 2 2 0 1 0 0 2 0 2 1 1 0 1 0 0 0 0 0 0 2 0 0 2 0 2 0 0 0 1 0 0 2 0 1 0
1 99 1 0 1 1 3 0 1 1 2 1 1 0 1 1 0 1 1 0 0 1 2 0 0 1 2 1 1 2 0 1 1 1 0 1 1 0 0 1 1 0 0 0 1 2 0 1 2 0 2 1 2 2 0 2 0 0 0 0 0 0 1 2 0 1 1 0 3 0 3 0 0 0 1 1 2 0 2 0 0 0 0 0 1 1 3 0 0 0 0 1 1 0 2 0 1 1 3 0 2
0 99 2 1 0 0 2 0 0 0 0 1 2 0 3 0 0 0 1 0 1 0 3 0 1 1 0 2 0 1 0 0 2 0 0 0 1 0 1 0 1 0 0 1 0 1 0 1 0 0 2 0 1 1 0 1 2 1 0 0 0 1 0 1 0 0 1 1 3 0 2 1 1 1 0 0 0 0 0 1 1 0 0 1 0 0 1 1 1 0 1 0 1 1 1 0 0 0 2 0 1
1 100 1 1 1 0 1 0 1 1 0 1 1 0 0 2 1 1 0 2 0 2 1 2 2 0 1 1 1 3 0 2 2 0 1 1 0 2 0 2 0 2 0 0 2 0 2 0 2 0 1 0 2 0 1 1 1 0 1 0 0 0 2 0 2 0 1 0 0 2 0 1 1 2 2 0 0 0 0 1 0 1 0 0 2 0 0 3 0 1 0 2 0 3 0 1 0 0 1 0 2 0
0 101 1 0 2 0 0 0 0 0 1 0 2 2 0 1 1 1 2 1 1 0 2 0 1 1 0 0 2 1 2 0 2 1 0 0 1 1 1 0 1 0 0 1 2 2 0 2 0 2 0 0 0 2 0 0 1 2 0 2 0 0 1 2 0 1 3 0 3 0 0 0 0 0 1 0 2 1 0 0 2 0 2 0 1 1 3 0 1 2 0 0 1 0 2 1 3 0 1 0 0 1 2
1 101 2 1 0 1 1 0 0 0 2 1 2 1 0 0 2 1 0 1 2 1 0 2 0 1 0 1 2 0 0 0 1 1 0 0 3 0 1 0 2 0 1 1 1 1 0 2 0 1 2 1 1 1 2 2 0 1 0 1 2 2 0 1 0 1 2 0 2 1 1 0 0 0 2 1 1 1 0 1 1 0 1 0 0 0 2 0 0 0 2 1 2 1 2 0 1 1 3 0 1 1 0
1 102 1 1 1 1 0 1 0 0 1 2 0 0 1 0 1 1 1 1 1 0 1 1 2 0 0 0 0 3 0 0 0 2 2 0 1 2 2 0 0 0 2 0 1 3 0 0 2 0 1 0 2 0 0 1 1 0 0 0 1 1 1 0 0 0 1 0 0 1 1 2 0 0 1 1 1 3 0 0 0 1 0 2 0 0 1 0 1 1 1 2 0 1 0 0 0 0 0 1 2 0 1 0
1 103 1 0 2 0 1 0 2 0 1 0 3 0 1 0 0 0 2 0 2 0 0 0 2 1 2 1 0 1 2 1 1 1 2 1 0 1 1 0 2 1 1 2 0 1 1 1 2 2 0 0 0 1 2 1 2 2 0 0 1 0 1 2 0 0 0 2 0 0 3 0 3 0 1 0 2 1 1 1 1 0 2 1 0 1 2 0 0 0 2 0 3 0 2 0 0 0 0 1 0 0 3 0 2
0 103 2 1 0 2 0 0 0 2 0 0 2 1 3 0 0 1 1 0 0 1 1 1 2 0 0 1 1 1 0 2 0 0 0 1 1 0 1 1 1 2 0 1 0 0 2 1 1 0 2 1 1 1 1 0 1 0 2 1 2 1 0 0 2 1 1 1 3 0 2 0 2 2 0 0 1 1 3 0 1 1 1 1 1 0 3 0 0 1 1 0 3 0 0 1 1 0 0 2 0 1 3 0 1
1 104 1 1 1 1 1 2 1 1 1 3 0 1 0 1 1 2 0 1 0 1 0 2 0 3 0 1 0 2 0 0 1 2 1 1 0 1 0 3 0 2 1 3 0 3 0 0 1 2 1 1 1 3 0 1 0 2 1 2 0 0 1 0 1 1 2 0 0 2 0 1 0 2 0 2 2 0 0 1 2 0 1 3 0 1 1 2 1 2 0 1 1 2 1 2 0 1 0 1 2 0 1 1 2 0
1 105 1 0 2 0 2 1 0 2 0 0 1 1 3 0 3 0 3 0 2 0 2 1 1 0 2 2 0 0 0 1 2 1 0 1 2 0 2 1 3 0 2 0 2 0 2 1 2 1 0 2 0 0 1 2 0 0 1 2 0 1 2 0 0 0 2 1 2 2 0 2 0 0 1 0 2 0 2 2 0 1 0 1 2 0 0 0 1 0 0 0 0 0 0 2 0 2 0 0 0 1 0 0 2 1 2
0 105 2 1 1 0 1 1 1 1 2 2 0 0 2 0 3 0 3 0 1 0 1 1 2 1 2 0 2 1 1 1 0 1 1 1 0 0 2 0 2 0 1 0 1 0 2 0 0 1 1 1 2 2 0 0 2 2 0 1 0 0 3 0 0 1 2 0 1 1 0 1 2 1 2 1 1 0 2 1 0 0 0 0 3 0 0 0 2 0 0 0 0 0 1 2 0 1 2 1 0 2 0 1 2 0 0
0 106 1 1 1 2 0 3 0 2 1 1 0 3 0 0 0 3 0 2 2 0 0 0 0 1 0 0 0 1 1 3 0 0 0 1 2 0 1 1 0 0 1 3 0 2 1 0 1 2 0 2 1 1 0 3 0 1 0 3 0 3 0 1 1 2 0 3 0 3 0 0 1 1 0 0 1 2 1 1 1 0 0 0 1 2 1 1 1 0 1 1 0 0 1 0 1 0 1 0 1 1 2 0 0 3 0 0
0 107 1 0 2 1 0 0 3 0 1 1 2 1 2 1 1 1 3 0 2 0 2 1 0 0 2 0 0 1 0 0 1 1 1 1 0 1 0 0 1 0 1 1 2 0 1 1 1 1 0 0 1 1 2 1 2 2 0 0 3 0 3 0 0 0 0 0 3 0 2 1 2 0 1 0 1 1 0 1 2 2 0 0 1 1 0 1 3 0 0 0 1 0 1 0 0 0 0 0 0 0 2 1 3 0 1 1 1
0 107 2 1 1 1 0 1 3 0 0 0 1 0 0 2 0 0 2 0 1 0 1 1 0 1 0 1 1 2 0 0 3 0 1 2 0 2 0 0 2 0 3 0 3 0 3 0 1 2 0 1 0 0 1 0 1 0 3 0 2 0 2 1 1 0 0 1 3 0 1 2 0 1 3 0 3 0 0 1 1 0 2 1 3 0 0 1 1 1 1 0 2 0 2 0 0 0 0 0 0 1 2 0 1 2 0 1 2
1 108 1 1 1 3 0 0 1 1 1 1 0 2 0 1 1 2 2 0 1 3 0 3 0 0 0 0 0 2 1 3 0 2 0 0 1 0 1 3 0 0 0 3 0 3 0 3 0 0 0 3 0 2 1 2 0 2 1 3 0 1 0 1 1 2 0 1 1 2 0 0 1 0 1 2 0 2 1 2 0 1 1 2 0 1 1 2 0 2 0 1 1 1 0 0 1 1 0 0 0 1 1 0 0 0 1 0 1 0
1 109 1 0 2 1 1 1 2 0 2 0 1 1 1 0 0 0 1 1 0 1 2 0 2 1 1 0 0 1 2 0 2 0 0 1 2 0 0 1 1 1 1 1 3 0 3 0 2 1 1 1 3 0 2 0 0 0 2 0 1 1 3 0 3 0 3 0 3 0 3 0 1 0 0 1 0 0 2 0 0 0 0 0 0 0 0 0 0 0 0 2 0 1 2 0 1 0 1 0 0 0 2 2 0 0 0 2 0 2 0
0 109 2 1 1 2 0 0 0 0 0 2 0 1 2 0 0 0 3 0 0 1 0 0 1 1 2 0 1 1 0 0 0 1 2 0 3 0 1 0 2 0 2 1 2 0 3 0 1 2 0 0 2 0 0 1 1 1 1 0 0 0 2 0 3 0 3 0 3 0 2 1 3 0 0 2 0 1 0 1 1 0 0 0 0 0 0 0 0 0 1 2 0 0 3 0 2 0 2 0 0 1 2 0 2 1 1 2 0 1 2
1 110 1 1 2 0 0 2 1 0 0 1 2 0 0 3 0 0 1 2 1 1 2 0 0 3 0 3 0 2 2 0 0 1 1 0 0 2 2 0 0 1 0 2 0 0 0 3 0 0 0 2 2 0 1 2 0 2 0 1 0 0 1 1 0 3 0 3 0 3 0 2 0 1 1 2 2 0 0 0 0 1 0 0 0 0 0 0 0 0 1 0 0 3 0 2 0 1 0 0 1 2 1 0 0 1 2 0 1 0 1 0
1 111 1 0 2 1 3 0 0 1 0 1 0 0 3 0 1 1 2 1 0 2 0 0 3 0 2 0 3 0 2 0 2 1 2 2 0 1 2 0 2 1 2 1 0 1 1 1 2 1 1 1 2 1 0 1 0 0 0 1 3 0 1 0 1 1 3 0 3 0 3 0 1 0 0 0 1 0 2 1 0 0 2 0 0 0 0 0 0 0 0 2 0 1 3 0 0 1 3 0 1 1 0 1 0 1 0 0 3 0 3 0 2
0 111 2 1 2 0 1 1 1 2 0 2 0 1 3 0 0 0 0 1 1 1 3 0 2 0 1 0 3 0 1 0 2 0 1 1 0 1 0 0 2 0 0 1 1 0 2 1 0 2 0 0 0 1 0 2 0 0 1 1 1 2 0 0 0 0 2 0 3 0 2 1 3 0 0 0 2 1 1 1 0 1 0 1 1 0 0 0 0 0 1 2 0 1 1 1 2 1 1 2 0 1 0 2 0 2 0 1 3 0 3 0 1
1 112 1 1 2 0 2 0 2 0 1 0 2 0 1 1 1 1 0 1 0 2 1 2 0 0 2 0 0 2 2 0 0 0 2 0 1 0 2 0 1 0 1 2 0 1 1 1 1 1 1 2 1 1 0 0 1 2 1 3 0 2 1 2 1 0 1 1 0 3 0 2 0 1 1 1 1 1 1 3 0 0 0 0 0 1 0 0 0 0 1 0 1 0 0 2 1 0 2 0 1 0 0 0 2 0 2 0 1 2 0 2 2 0
1 113 1 0 2 2 0 2 0 2 0 0 0 2 0 0 2 0 1 0 2 1 1 2 0 1 2 1 3 0 1 0 2 1 1 2 0 0 0 2 0 0 0 0 3 0 3 0 2 0 2 1 0 1 2 0 1 1 1 0 2 0 2 0 0 1 1 0 1 1 3 0 0 2 0 1 3 0 2 1 1 1 1 0 0 0 2 0 0 0 0 2 0 2 0 1 1 1 1 1 3 0 2 1 1 2 0 2 0 1 0 0 2 0 2
0 113 2 1 2 1 0 2 0 1 2 1 1 1 2 2 0 2 0 0 1 2 0 1 0 1 1 0 1 2 0 0 1 2 0 0 2 1 1 1 2 1 0 1 3 0 3 0 1 0 1 1 1 0 3 0 3 0 1 1 1 0 0 1 2 0 1 1 0 0 1 1 2 2 0 1 2 0 1 1 3 0 1 0 0 1 0 1 1 0 1 2 0 2 0 0 2 0 2 1 2 0 1 2 0 1 0 1 3 0 3 0 0 0 1
1 114 1 2 0 0 1 1 2 0 1 0 2 0 0 1 1 0 1 2 2 0 1 0 0 0 0 1 1 0 0 2 2 0 0 3 0 0 2 0 0 0 1 1 1 2 0 2 1 3 0 3 0 1 1 3 0 2 2 0 1 2 0 1 0 3 0 2 2 0 1 0 0 1 1 0 1 0 0 0 0 1 1 3 0 1 0 0 0 1 1 0 1 0 1 3 0 0 0 2 0 0 0 0 1 0 0 0 1 2 0 2 1 1 0 2
0 115 1 0 3 0 1 0 2 2 0 0 0 1 2 1 3 0 0 1 1 0 3 0 2 1 0 0 2 2 0 1 2 0 3 0 1 1 2 1 2 1 1 0 2 1 0 0 2 0 2 0 3 0 0 0 2 0 2 1 0 0 3 0 2 1 3 0 2 0 3 0 2 1 2 2 0 2 0 0 0 1 0 0 1 1 3 0 0 0 3 0 0 0 0 1 1 1 1 1 0 1 1 0 0 2 0 0 1 1 0 0 1 1 2 1 1
0 115 2 1 2 2 0 0 2 0 2 1 1 1 1 0 1 1 2 0 1 1 3 0 1 1 0 1 2 1 0 1 0 0 3 0 0 0 1 0 0 1 2 1 1 1 0 1 1 0 1 0 2 1 1 1 1 0 1 1 0 1 3 0 2 0 2 0 1 0 3 0 2 0 1 1 0 1 2 1 0 2 0 1 0 0 1 1 1 1 2 1 1 0 1 0 2 0 2 0 0 0 1 0 1 1 2 1 2 2 0 1 0 0 0 1 2
1 116 1 2 0 1 0 3 0 0 0 1 1 3 0 1 1 0 0 0 0 0 0 1 2 0 1 1 1 0 1 0 2 0 1 2 1 1 0 2 0 1 1 0 1 3 0 0 0 1 0 2 1 1 1 3 0 1 0 3 0 0 1 2 0 1 0 0 2 0 0 3 0 0 2 0 1 1 1 0 1 1 1 3 0 2 1 3 0 2 1 0 1 2 0 2 1 1 0 0 1 1 0 2 1 0 0 1 0 1 0 3 0 2 1 1 1 0
1 117 1 0 3 0 2 1 2 1 1 1 0 0 1 2 0 1 0 0 0 0 0 1 0 1 0 0 2 0 0 0 0 2 0 1 0 1 2 1 0 2 0 1 1 1 1 1 1 0 2 1 1 2 0 0 1 2 0 0 2 1 2 0 3 0 2 0 1 1 3 0 1 1 2 2 0 0 2 0 0 0 2 1 2 0 2 0 2 0 1 1 1 1 0 0 1 1 2 0 1 0 1 1 1 1 0 0 2 0 2 1 3 0 1 1 2 2 0
1 117 2 1 3 0 2 0 0 1 2 2 0 1 0 0 3 0 2 1 0 0 0 2 0 2 0 1 0 1 1 0 1 2 0 0 0 1 0 1 1 2 0 0 2 0 2 0 1 1 1 2 0 0 2 2 0 0 3 0 1 0 0 0 3 0 1 0 0 0 2 0 0 0 1 0 2 2 0 1 1 1 2 0 0 0 1 0 0 2 0 1 2 2 0 0 3 0 3 0 2 0 3 0 1 2 0 1 1 0 2 0 2 0 0 0 1 0 2
0 118 1 2 0 2 0 0 1 2 1 1 0 3 0 3 0 2 0 1 1 0 0 1 2 0 2 0 0 0 0 1 1 0 0 2 1 1 0 0 0 2 1 3 0 0 0 0 2 0 2 0 0 3 0 1 0 3 0 1 1 3 0 0 1 2 1 3 0 0 1 0 1 1 0 2 1 2 1 0 0 2 0 3 0 0 0 2 0 1 2 0 1 1 0 3 0 2 0 3 0 1 0 3 0 0 1 0 0 1 1 1 0 0 1 1 0 2 1 1
0 119 1 1 0 0 0 1 2 1 0 1 2 1 3 0 3 0 0 2 0 1 0 1 0 1 0 1 2 1 0 0 2 2 0 1 1 1 2 0 0 1 2 0 1 1 1 0 1 2 0 1 3 0 1 2 0 0 3 0 0 0 1 1 2 1 1 0 1 1 2 0 0 0 1 1 2 0 0 1 0 1 1 0 2 1 1 1 1 0 0 1 0 0 1 1 3 0 1 0 2 2 0 0 2 1 1 2 0 0 3 0 1 0 1 0 1 1 1 1 2
1 119 2 2 0 0 1 1 0 1 1 1 1 0 2 0 2 1 2 2 0 0 0 0 0 0 0 1 0 1 0 1 2 1 0 0 2 0 3 0 1 0 3 0 3 0 1 1 0 1 0 1 2 0 0 0 3 0 1 1 1 1 0 0 0 1 2 0 3 0 3 0 0 0 3 0 3 0 1 0 0 0 1 1 1 1 3 0 1 0 0 2 0 1 0 0 1 2 0 0 2 0 3 0 0 2 0 0 3 0 1 1 3 0 2 0 3 0 2 1 0
1 120 1 2 0 2 1 3 0 0 0 2 0 1 1 1 0 2 0 1 0 2 1 0 0 0 0 1 0 0 0 0 1 0 1 0 1 1 0 2 2 0 0 3 0 2 2 0 1 1 0 0 0 3 0 0 1 2 2 0 1 2 2 0 0 1 1 0 0 3 0 2 1 1 1 3 0 2 1 3 0 0 0 3 0 2 1 1 1 3 0 1 1 3 0 2 2 0 0 3 0 0 0 2 1 2 1 3 0 2 0 0 0 2 0 1 0 3 0 1 1 0
1 121 1 1 0 0 2 0 1 1 1 1 0 2 0 1 2 1 0 2 0 0 1 1 0 0 0 0 2 0 0 0 1 0 0 0 0 0 1 1 2 0 3 0 2 0 2 1 0 0 1 0 0 1 2 1 2 1 1 1 0 1 1 0 2 1 2 2 0 1 3 0 1 2 0 0 2 0 2 0 1 1 1 1 3 0 1 2 0 0 2 0 0 0 2 0 2 0 3 0 1 1 1 1 2 0 1 0 2 0 0 1 1 1 0 2 0 0 2 2 0 1 0
1 121 2 2 0 1 0 2 0 1 3 0 0 2 0 1 0 1 1 1 2 1 2 2 0 0 0 1 0 1 1 0 2 0 0 0 0 1 0 0 0 0 3 0 1 0 1 1 0 0 2 0 1 1 1 0 0 1 3 0 0 0 1 1 2 0 1 1 0 1 2 0 0 0 3 0 0 0 0 2 0 2 0 0 2 0 0 0 2 2 0 1 1 1 1 0 1 0 2 2 0 1 3 0 3 0 2 1 0 1 2 0 2 0 0 1 3 0 1 0 3 0 2
0 122 1 2 1 0 0 0 2 0 1 1 1 2 2 0 0 0 0 2 1 1 0 1 0 2 1 1 0 0 0 1 1 0 1 1 0 0 2 0 0 0 1 2 1 3 0 2 2 0 1 0 2 0 1 2 0 1 1 1 1 1 0 3 0 3 0 3 0 0 0 3 0 0 1 2 1 1 0 1 2 0 1 2 2 0 1 1 1 2 1 0 0 2 0 1 0 2 1 2 1 0 1 2 0 3 0 1 1 1 1 0 0 0 1 2 1 1 2 0 0 3 0 1
1 123 1 1 0 1 0 0 1 2 0 0 2 1 1 0 2 1 0 1 1 1 2 0 2 1 1 1 2 0 0 0 3 0 0 0 1 0 1 1 2 1 1 1 1 0 2 0 2 1 0 0 0 2 0 0 3 0 3 0 2 0 1 1 3 0 3 0 2 1 1 1 2 1 2 1 0 1 2 1 0 1 0 1 1 1 0 0 2 1 0 1 0 1 0 2 0 0 2 0 0 1 1 1 0 0 2 2 0 1 2 2 0 0 1 1 0 2 0 0 3 0 1 2 0
1 123 2 2 0 2 0 1 0 0 3 0 0 1 2 1 1 1 1 0 2 1 0 0 1 1 3 0 3 0 0 1 2 1 1 0 2 1 0 0 0 1 3 0 1 1 1 0 1 1 0 0 1 1 3 0 2 0 3 0 1 0 0 0 2 0 3 0 1 2 0 0 1 0 0 1 1 1 0 1 1 0 0 0 1 2 0 1 1 1 1 0 0 0 0 1 2 2 0 1 2 0 1 2 0 1 2 1 0 1 1 0 2 1 3 0 0 1 3 0 2 0 0 0 2
0 124 1 2 1 0 1 3 0 3 0 1 1 2 1 0 1 3 0 1 1 1 1 0 1 0 0 2 0 2 1 2 1 0 1 2 1 1 1 0 0 1 1 1 2 0 1 2 0 2 2 0 1 0 0 2 0 1 0 2 1 3 0 0 1 1 0 3 0 0 0 2 1 2 0 1 0 2 0 0 0 1 0 0 1 0 1 0 0 2 0 1 0 0 0 1 1 1 1 0 1 0 0 0 1 0 1 0 1 1 0 1 1 2 0 1 1 2 1 2 0 0 1 1 1 1
0 125 1 1 0 1 1 1 2 0 3 0 0 0 0 1 1 1 1 2 0 1 2 2 0 2 0 1 1 0 2 0 0 1 1 1 0 1 2 2 0 0 3 0 2 2 0 1 0 0 2 0 3 0 2 2 0 2 0 0 2 0 1 1 2 0 1 1 2 1 1 1 1 2 0 2 0 0 0 1 1 0 2 0 0 2 0 2 0 1 0 1 3 0 0 0 3 0 1 2 0 2 0 0 1 0 0 0 0 0 1 1 0 0 0 0 0 0 0 2 0 1 2 0 2 0 1
1 125 3 0 0 0 2 1 0 0 2 1 1 0 1 0 2 0 2 2 0 1 1 1 0 2 0 0 1 1 0 1 2 0 2 0 0 1 1 0 3 0 2 0 2 0 3 0 3 0 0 0 3 0 2 1 0 1 3 0 0 0 0 0 0 0 0 0 0 1 3 0 2 2 0 1 2 1 1 0 1 1 0 1 2 2 0 2 0 0 0 1 1 1 1 1 3 0 0 1 0 1 2 1 2 0 0 0 0 0 2 2 0 0 0 0 0 0 1 2 0 1 0 0 0 2 0
0 126 1 2 1 1 1 1 1 0 1 1 1 2 0 2 1 1 0 2 1 0 0 2 0 0 1 2 1 3 0 0 1 0 0 0 1 2 0 1 1 3 0 1 0 1 0 3 0 2 1 1 1 3 0 1 1 1 1 1 1 1 0 0 0 0 0 0 0 1 1 2 0 2 1 0 1 0 1 2 0 3 0 0 1 1 1 0 1 2 1 1 0 2 0 2 1 1 1 2 0 0 1 0 2 0 1 1 0 0 1 2 0 2 1 0 0 0 1 0 0 3 0 2 1 1 1 2
1 127 1 1 0 1 3 0 2 0 0 0 2 1 0 0 1 1 2 1 1 1 0 1 0 1 2 1 1 0 1 1 1 2 0 0 1 1 0 0 0 0 1 1 3 0 2 1 3 0 1 2 0 0 1 2 0 1 3 0 2 0 1 0 0 0 0 0 0 1 0 0 0 0 1 1 1 0 0 1 0 0 2 1 2 0 2 0 0 1 0 1 2 1 1 0 1 1 3 0 3 0 1 0 0 2 0 0 1 0 1 1 0 0 1 1 0 0 0 2 0 1 3 0 1 2 0 0 0
1 127 3 0 0 1 2 0 0 1 1 1 1 1 0 1 0 0 0 1 3 0 0 0 0 1 0 1 2 0 3 0 2 1 2 1 2 2 0 0 0 1 0 0 2 0 2 0 2 0 0 0 2 2 0 1 0 1 2 0 0 1 3 0 0 0 0 0 0 2 0 0 0 0 3 0 1 0 0 2 0 1 2 0 0 0 0 1 2 0 0 1 0 1 2 1 0 0 2 0 2 1 3 0 1 1 2 1 2 0 2 2 0 0 2 2 0 0 1 2 0 1 2 0 0 0 2 1 0
1 128 1 2 1 2 0 3 0 1 0 2 0 1 2 0 2 0 0 1 1 1 1 1 0 1 0 0 1 0 0 3 0 2 0 1 0 1 0 2 1 0 2 0 1 1 0 1 0 0 1 1 1 2 1 0 0 0 0 3 0 1 1 1 1 1 0 0 0 1 1 2 1 0 1 2 1 3 0 1 2 0 0 3 0 0 0 1 0 3 0 1 0 0 1 0 1 0 1 1 0 2 0 2 0 0 0 1 0 0 0 2 0 3 0 1 0 2 2 0 1 0 0 3 0 0 1 1 1 0
1 129 1 1 1 0 0 0 2 2 0 0 1 0 0 1 0 1 2 1 3 0 2 0 1 0 2 0 0 2 0 1 3 0 0 1 3 0 2 1 1 1 1 2 0 0 1 0 2 0 1 0 2 1 0 1 0 0 0 1 2 2 0 1 3 0 1 0 0 1 0 0 0 1 1 1 1 0 2 0 0 0 3 0 1 1 1 0 2 1 2 1 3 0 1 0 0 0 0 0 1 1 1 0 0 1 1 0 2 0 0 1 1 0 2 2 0 0 2 0 3 0 3 0 1 1 2 0 1 2 0
1 129 3 0 1 0 0 1 2 0 2 1 2 0 1 0 0 1 1 0 2 0 0 2 0 0 0 1 2 2 0 1 1 1 2 1 2 0 1 1 3 0 2 1 2 1 2 1 0 2 0 0 1 1 0 2 0 0 1 1 1 1 0 1 1 1 3 0 0 2 0 0 1 0 2 0 1 1 0 1 1 1 2 2 0 1 2 1 2 0 1 0 1 1 3 0 0 0 0 0 3 0 1 0 1 0 1 1 0 1 2 0 1 1 2 0 3 0 0 0 3 0 3 0 0 0 0 0 0 0 2
0 130 1 2 1 3 0 1 1 0 0 1 2 0 1 3 0 1 0 1 1 0 1 2 1 2 1 1 1 1 1 0 0 2 1 1 0 0 0 0 0 2 0 2 0 1 0 0 1 1 1 2 1 3 0 0 1 2 1 3 0 2 0 0 0 2 1 1 1 2 1 2 1 2 1 0 2 0 1 1 0 2 1 1 1 0 1 0 2 0 2 0 0 0 0 1 1 1 0 0 1 2 1 3 0 2 0 3 0 0 1 0 0 0 0 0 0 2 1 1 1 3 0 2 1 1 0 0 0 0 1 1
0 131 1 1 1 0 1 2 0 1 0 1 0 1 0 1 1 1 3 0 3 0 0 1 1 0 0 1 3 0 1 2 0 1 1 1 2 0 0 0 0 1 1 0 0 1 3 0 1 0 2 1 1 0 1 1 2 1 1 0 2 0 0 1 1 1 1 2 0 0 1 0 1 0 0 1 1 2 0 0 1 1 1 1 3 0 0 0 0 2 0 1 2 1 0 0 3 0 1 0 1 1 1 0 2 0 1 0 2 1 1 2 0 0 0 0 0 1 1 2 0 0 2 0 1 1 2 0 0 0 1 0 1
1 131 3 0 1 1 0 1 0 0 0 0 0 0 0 0 2 1 2 0 2 1 2 0 1 0 1 1 2 0 0 1 0 0 2 0 3 0 0 0 1 0 1 0 1 1 1 2 0 0 1 1 2 1 0 0 0 1 2 1 0 1 2 0 2 0 2 1 2 1 2 0 2 0 1 0 2 1 2 1 3 0 2 1 1 1 1 0 1 2 0 1 0 1 0 1 2 1 3 0 3 0 1 1 0 2 0 0 1 2 0 0 2 1 0 0 1 0 2 1 2 2 0 2 0 2 0 1 1 0 2 0 2
0 132 1 2 2 0 1 0 2 0 0 0 0 0 0 0 1 2 0 0 0 1 2 0 1 3 0 3 0 3 0 0 2 0 1 1 0 2 1 1 0 2 0 2 0 3 0 2 1 2 2 0 0 0 1 0 0 1 1 0 1 1 1 0 0 1 0 2 0 1 0 0 0 0 2 0 0 2 0 1 0 2 0 1 1 3 0 1 1 0 1 0 0 0 0 0 1 1 0 2 0 2 2 0 1 1 1 2 2 0 0 3 0 0 1 0 0 2 1 2 0 1 1 0 2 0 2 0 0 1 1 1 0 1
1 133 1 1 1 1 0 0 0 1 2 1 0 0 0 0 1 0 3 0 0 1 0 1 0 1 2 0 3 0 2 1 2 2 0 0 1 1 1 1 2 1 1 0 1 0 3 0 2 0 1 0 2 1 0 2 0 0 3 0 0 0 1 2 0 0 2 1 0 1 3 0 0 0 1 1 2 2 0 2 0 0 1 0 0 0 1 2 0 1 0 2 0 0 0 0 1 0 1 1 1 0 2 1 0 0 2 1 1 0 3 0 1 1 1 2 0 1 1 2 0 2 0 1 1 2 0 1 2 1 3 0 1 0 2
0 133 3 0 1 2 0 0 1 1 0 1 0 0 0 0 2 1 2 1 2 0 0 0 0 1 0 0 3 0 2 0 1 0 2 1 3 0 2 1 0 1 2 0 2 1 3 0 0 2 0 0 1 1 1 1 3 0 1 1 1 1 0 0 3 0 0 1 1 1 1 1 1 1 0 0 1 1 0 1 2 1 2 0 0 1 0 1 0 0 0 1 2 1 0 0 2 0 3 0 1 1 1 1 0 1 1 1 2 1 2 2 0 2 0 1 0 0 2 2 0 2 0 0 2 2 0 1 1 0 1 2 0 0 1
1 134 1 3 0 0 0 2 1 2 2 0 2 0 0 0 1 2 0 0 2 0 1 1 0 0 2 0 1 3 0 0 2 0 0 2 0 2 0 1 1 1 1 0 0 2 0 1 1 2 1 2 1 3 0 2 1 1 2 0 1 2 2 0 1 2 1 2 0 2 0 2 0 1 2 0 0 3 0 0 1 0 2 0 1 1 2 0 2 0 0 1 1 0 1 0 1 1 0 2 2 0 1 3 0 0 0 2 1 1 0 1 1 0 1 3 0 3 0 1 1 0 1 3 0 1 1 0 0 1 1 0 0 2 1 2
0 135 1 1 1 1 1 1 2 0 1 1 0 1 2 1 1 0 3 0 1 2 0 0 1 0 1 2 0 1 1 1 2 1 3 0 0 0 0 2 0 1 2 2 0 1 1 0 0 0 1 0 1 0 2 0 1 2 0 1 0 1 1 1 0 1 1 0 0 0 1 0 1 0 0 0 3 0 1 1 2 0 0 2 0 0 2 2 0 1 2 1 3 0 0 0 0 0 1 1 2 1 0 1 1 1 1 1 1 1 2 0 3 0 0 1 2 0 2 2 0 1 1 1 1 2 0 1 0 0 2 2 0 1 2 0 0
0 135 3 0 2 0 2 0 3 0 3 0 0 1 0 1 2 1 3 0 0 0 2 1 2 1 0 1 0 0 2 1 1 0 1 1 1 0 1 2 0 1 1 1 0 0 1 0 0 0 2 0 2 1 1 0 0 1 0 0 0 0 2 0 0 0 1 0 0 0 2 0 2 0 0 1 2 2 0 2 0 1 2 1 3 0 1 1 0 1 1 0 1 1 1 0 0 1 0 0 0 1 1 0 2 0 2 0 2 1 0 0 2 1 2 1 0 0 2 1 0 0 2 0 2 1 3 0 3 0 1 1 0 0 3 0 0
0 136 1 3 0 1 0 1 0 3 0 2 1 2 0 0 1 1 0 1 1 1 1 2 0 0 1 0 2 0 1 1 1 2 0 3 0 1 1 0 1 0 0 1 2 0 0 2 0 0 1 1 0 1 1 2 0 0 2 0 0 0 1 0 1 1 0 2 0 0 1 1 0 0 1 2 1 1 1 0 2 0 1 1 0 1 2 0 1 1 0 1 0 3 0 1 0 0 2 0 0 1 0 1 1 1 0 1 0 1 1 0 1 2 0 0 1 0 1 1 1 0 1 1 0 2 0 2 0 2 2 0 1 0 1 2 1 1
0 137 1 1 1 1 3 0 2 1 3 0 1 2 0 1 2 0 1 0 3 0 2 0 3 0 1 0 0 2 0 0 2 1 0 0 2 2 0 1 0 2 0 1 0 0 2 2 0 1 2 0 1 0 3 0 3 0 1 1 2 1 1 0 0 0 1 1 0 1 2 0 1 0 1 1 0 1 3 0 0 2 0 0 1 1 0 1 0 0 1 0 2 1 2 1 3 0 1 1 2 1 2 0 3 0 1 0 2 0 3 0 0 0 3 0 1 0 0 0 2 0 0 0 1 1 1 0 1 0 2 1 0 0 0 1 0 1 2
1 137 3 0 2 1 2 0 2 0 2 0 0 1 0 0 3 0 2 1 3 0 1 0 2 1 3 0 1 1 3 0 0 1 0 1 2 1 0 0 0 1 3 0 3 0 1 1 0 0 3 0 2 1 3 0 3 0 0 0 0 1 2 0 0 0 3 0 0 0 3 0 2 0 3 0 0 1 1 1 2 1 2 1 2 2 0 2 0 0 2 1 2 0 1 0 2 0 0 0 1 0 0 0 2 2 0 0 1 0 2 1 1 1 2 1 3 0 0 1 0 1 1 0 3 0 1 0 2 1 1 1 0 0 1 0 0 1 0
1 138 1 3 0 2 0 0 0 1 0 0 1 1 2 0 1 3 0 2 0 1 2 0 0 2 0 2 0 0 0 1 1 2 0 0 1 0 1 0 0 1 1 2 0 2 2 0 1 0 1 3 0 2 0 2 0 2 1 1 0 1 0 3 0 0 1 2 1 1 1 3 0 1 0 2 1 2 0 2 1 1 0 1 0 1 1 0 1 3 0 0 2 0 2 0 0 0 1 1 0 2 0 0 1 2 0 2 1 2 1 1 2 0 0 1 0 1 1 2 0 0 0 1 1 2 2 0 0 1 1 2 2 0 0 2 0 0 2 0
1 139 1 1 2 0 0 1 1 0 2 0 1 0 2 2 0 1 2 0 1 0 0 0 3 0 0 0 0 1 1 0 3 0 3 0 0 2 0 2 0 1 0 0 0 0 2 1 0 0 0 1 2 0 1 0 1 0 1 1 2 0 2 1 2 1 2 1 0 2 0 0 1 2 0 0 2 0 0 0 1 1 2 0 2 0 3 0 0 1 1 1 2 2 0 1 2 1 1 0 1 1 0 1 2 1 0 0 2 0 0 2 0 0 2 1 2 0 3 0 3 0 0 1 0 0 1 0 2 2 0 0 1 0 2 2 0 1 2 1 2
0 139 3 0 3 0 1 0 1 1 0 2 0 0 2 1 0 0 3 0 2 0 0 1 2 1 1 0 1 0 1 1 3 0 2 1 2 2 0 1 3 0 2 1 0 1 1 1 0 0 1 0 3 0 2 0 2 1 0 0 0 0 2 0 1 0 0 1 1 1 2 2 0 0 2 2 0 1 1 1 0 0 0 0 1 0 2 1 2 0 2 1 1 1 0 1 0 1 2 0 3 0 0 1 0 1 0 1 0 1 2 1 3 0 1 0 0 0 3 0 2 1 1 2 0 0 2 1 2 0 2 1 2 1 2 1 0 1 1 0 0
0 140 1 3 0 2 1 3 0 3 0 0 1 3 0 0 1 0 1 3 0 0 1 2 1 0 1 2 0 2 1 0 0 2 0 2 0 1 1 0 1 2 0 1 1 1 0 1 2 0 0 2 1 3 0 1 0 1 1 0 0 0 1 0 1 3 0 1 0 2 1 1 0 3 0 1 1 0 0 1 2 0 0 0 0 2 1 2 0 0 0 1 1 3 0 0 0 0 1 0 0 2 1 2 0 0 0 0 0 0 1 1 0 1 1 3 0 0 1 3 0 1 2 0 0 3 0 1 0 0 0 2 0 1 0 0 1 1 0 1 0 0
0 141 1 1 2 0 2 0 2 0 2 1 2 1 1 1 2 0 0 1 1 1 2 1 0 1 1 1 0 0 1 1 0 1 1 0 0 2 0 1 1 0 3 0 3 0 1 1 0 0 3 0 1 0 1 1 3 0 2 2 0 0 1 0 0 1 1 2 0 0 1 1 2 1 2 2 0 1 0 1 0 0 2 1 0 1 1 2 0 1 1 1 0 0 1 1 1 0 0 2 0 1 1 2 0 1 1 0 0 0 1 0 1 1 0 0 1 1 2 1 2 0 0 0 3 0 1 1 3 0 0 1 0 1 3 0 1 0 1 0 2 0 0
0 142 1 0 0 0 0 1 0 1 0 2 0 0 1 3 0 3 0 1 0 2 1 0 1 1 0 1 2 0 0 3 0 0 0 1 0 1 2 0 0 1 1 3 0 2 2 0 1 0 1 2 2 0 0 0 0 2 0 2 0 2 1 2 0 1 0 2 1 2 2 0 0 1 0 1 0 3 0 3 0 3 0 0 1 1 0 2 2 0 0 1 2 0 0 3 0 1 0 1 2 0 0 2 2 0 0 1 0 0 0 2 0 2 2 0 1 0 0 0 2 0 1 1 1 3 0 0 0 1 1 2 0 0 1 1 1 3 0 2 1 0 1 1
0 142 2 0 0 0 0 2 0 2 1 0 1 2 1 2 0 2 2 0 0 1 1 1 0 1 1 0 0 3 0 1 1 1 0 2 1 0 0 2 2 0 0 2 0 2 1 0 0 0 1 1 0 2 1 0 1 1 0 1 0 1 2 0 2 0 0 2 0 1 0 2 1 2 0 2 1 3 0 3 0 2 1 2 0 1 1 2 0 2 2 0 0 3 0 1 2 0 0 0 0 3 0 1 0 2 1 2 0 0 1 1 0 2 0 3 0 2 1 1 2 0 0 2 1 1 1 1 0 3 0 3 0 1 0 2 1 2 0 1 1 1 0 1
1 143 1 1 2 1 0 1 1 0 1 1 1 1 1 0 0 0 2 0 2 1 3 0 1 0 2 2 0 1 2 2 0 1 2 1 1 1 0 1 2 0 3 0 0 0 1 1 0 0 1 0 1 1 1 1 1 0 1 0 2 1 0 1 0 1 2 2 0 2 0 0 2 0 0 0 2 0 2 0 3 0 2 0 0 0 0 0 0 0 2 0 3 0 2 0 0 0 2 1 0 1 2 2 0 0 1 2 0 1 2 0 1 1 1 0 3 0 1 2 0 0 3 0 0 1 3 0 1 1 3 0 2 2 0 0 1 2 0 2 0 1 2 0 2
0 144 1 0 0 0 1 1 0 1 0 3 0 2 0 1 0 0 1 1 0 2 0 1 2 0 0 2 1 0 1 1 1 0 1 0 1 3 0 0 1 0 0 2 1 1 0 2 2 0 0 2 0 3 0 2 0 1 0 2 1 1 1 1 0 0 1 1 1 0 1 2 2 0 1 1 1 1 0 1 0 3 0 0 1 1 0 0 0 0 1 1 0 3 0 0 1 1 1 1 1 1 1 1 0 2 2 0 1 0 0 3 0 3 0 1 1 3 0 0 0 3 0 1 1 2 1 2 0 0 0 2 0 2 0 2 2 0 1 0 2 0 1 0 0 1
1 144 2 0 0 1 0 1 0 2 1 3 0 0 1 3 0 1 0 1 1 1 0 0 0 3 0 0 1 1 0 2 0 0 0 0 1 1 1 1 2 0 1 1 1 2 1 2 0 3 0 0 0 3 0 0 2 0 0 1 1 3 0 1 0 1 0 2 0 0 1 1 1 0 0 2 0 1 0 2 1 2 1 2 0 1 0 0 0 1 0 1 1 2 1 2 0 2 0 2 0 2 0 1 1 2 0 3 0 3 0 2 0 3 0 0 0 1 1 1 1 3 0 0 0 0 2 0 1 1 1 1 0 1 0 2 1 0 0 0 1 3 0 2 1 2
0 145 1 1 2 1 2 0 2 1 2 0 1 1 2 1 1 1 3 0 3 0 1 0 0 1 2 1 2 0 1 1 0 1 1 0 1 0 2 0 2 2 0 0 2 1 1 0 0 0 2 1 1 1 2 1 2 1 2 2 0 0 1 1 3 0 2 1 0 1 2 0 1 2 0 1 0 2 0 0 2 0 0 2 0 1 3 0 0 0 2 1 0 0 1 0 0 0 1 0 1 0 1 0 0 0 0 0 3 0 3 0 1 0 2 1 1 0 3 0 2 1 1 1 1 0 1 2 0 0 2 0 1 0 2 1 1 1 0 0 1 1 2 0 2 0 0
0 146 1 0 0 1 0 0 0 2 0 0 0 0 0 0 2 0 0 2 0 2 1 3 0 1 1 0 2 0 2 0 1 1 0 1 0 2 1 1 0 2 0 3 0 0 1 2 0 0 1 1 2 0 0 1 0 1 0 1 0 2 2 0 0 2 0 1 1 1 1 0 0 0 1 0 0 0 1 2 2 0 1 2 2 0 1 1 1 1 1 1 1 0 0 2 0 0 0 2 0 2 0 2 0 0 0 0 1 3 0 2 2 0 0 1 1 2 1 3 0 1 1 3 0 1 1 0 0 2 2 0 2 0 0 1 1 2 2 0 1 0 0 0 0 0 1 1
0 146 2 0 0 2 0 0 1 0 1 1 0 0 0 1 1 3 0 0 0 2 0 1 2 0 1 1 2 0 2 0 0 1 0 2 1 1 1 2 1 1 0 2 1 2 0 3 0 1 0 2 1 2 1 2 0 2 0 2 1 2 0 2 2 0 2 0 1 2 2 0 0 0 2 0 0 1 1 1 1 0 1 1 1 0 0 2 0 2 0 1 2 0 1 0 1 1 1 1 0 1 0 0 1 1 0 1 1 2 0 2 0 2 2 0 0 1 0 2 0 0 0 1 2 0 1 0 1 2 1 0 1 2 2 0 0 1 0 3 0 2 1 0 0 1 0 1
1 147 1 1 2 2 0 1 2 0 0 0 1 0 0 1 0 0 1 1 1 1 1 0 0 1 0 0 2 2 0 1 2 1 2 1 1 2 0 0 0 1 2 1 2 0 0 0 2 2 0 0 2 0 1 0 0 0 1 0 2 0 0 0 2 1 0 2 0 1 1 0 2 1 1 1 2 1 3 0 2 0 0 0 1 2 0 1 1 0 1 0 0 1 0 0 0 0 2 0 1 0 2 0 1 0 1 1 0 0 0 0 1 0 2 0 2 1 2 1 0 1 1 1 0 1 0 0 0 1 0 1 1 1 1 0 2 1 2 1 3 0 1 1 0 0 2 0 2
0 148 1 0 0 1 1 0 0 3 0 0 0 2 0 0 2 0 0 3 0 2 0 1 0 0 2 0 1 2 1 0 1 1 0 0 2 0 0 2 1 1 1 0 2 0 1 1 1 2 0 2 2 0 1 3 0 0 0 2 1 0 1 1 1 1 1 1 2 0 0 1 1 1 2 0 0 1 0 2 0 0 1 1 1 0 1 0 0 1 0 2 0 0 2 0 0 0 1 0 2 0 0 0 1 3 0 2 2 0 0 0 0 2 1 1 0 2 0 0 1 1 0 1 2 0 2 0 0 1 0 0 0 2 0 1 1 2 0 1 0 1 2 0 1 0 1 1 0 1
1 148 2 0 0 2 2 0 1 2 1 1 1 0 1 2 1 3 0 2 0 0 1 3 0 1 2 0 1 0 1 1 0 1 0 1 1 3 0 0 1 3 0 0 2 0 0 2 1 0 0 2 1 0 1 1 1 1 1 1 1 1 0 2 0 2 0 2 1 2 1 3 0 2 1 2 1 2 1 0 1 2 0 1 2 0 2 0 0 2 1 0 1 2 1 2 1 1 0 0 1 2 1 1 1 2 0 2 0 2 1 0 1 1 1 2 1 0 1 2 0 1 1 0 1 0 1 2 1 2 0 0 1 0 2 0 2 0 2 0 0 0 1 0 0 0 0 1 0 2
0 149 1 1 3 0 1 1 0 1 0 1 3 0 0 1 1 0 2 0 0 1 2 1 2 0 0 1 0 0 0 0 1 0 2 1 0 0 1 1 2 1 1 1 2 1 3 0 0 1 0 1 1 1 1 0 2 0 2 0 2 0 1 1 1 0 1 0 2 0 1 0 2 0 2 0 1 0 0 1 1 1 0 0 0 1 0 1 3 0 0 1 1 1 1 0 0 1 2 0 1 1 0 2 0 0 0 0 1 0 1 1 1 0 2 1 0 1 1 0 3 0 3 0 0 0 0 1 0 2 0 1 2 0 0 2 0 2 0 1 2 1 0 2 0 0 0 0 2 1 1
0 150 1 0 0 1 2 0 1 1 0 0 1 1 1 2 0 1 1 0 1 2 1 0 2 0 1 1 2 0 0 0 0 2 1 1 1 0 1 0 0 0 2 0 0 1 0 1 1 2 0 0 0 2 0 1 1 1 0 1 0 0 2 0 1 2 0 2 1 0 2 0 0 1 0 0 1 3 0 1 0 1 2 0 0 1 0 0 1 1 1 2 0 2 0 1 0 1 0 3 0 3 0 0 1 2 1 0 0 2 0 3 0 1 1 1 1 1 0 1 1 3 0 2 1 1 0 1 0 0 2 0 0 3 0 1 2 0 2 0 1 0 1 1 1 2 1 0 1 1 1 2
1 150 2 0 1 0 1 0 0 1 0 1 0 2 0 3 0 3 0 0 1 0 1 1 2 0 0 2 1 2 1 0 1 1 1 2 2 0 2 0 0 1 1 2 1 2 0 3 0 3 0 0 1 0 2 0 1 2 0 2 0 1 2 0 1 0 0 1 1 1 1 2 1 2 0 1 1 1 2 0 0 0 0 2 1 2 0 1 0 2 1 0 0 0 1 3 0 2 1 3 0 2 1 2 1 0 1 0 1 1 0 2 2 0 1 3 0 1 1 0 0 2 0 1 1 2 0 2 0 1 1 3 0 2 0 0 1 0 2 0 0 0 0 2 1 0 1 1 0 2 1 0
1 151 1 1 3 0 3 0 2 1 2 0 2 1 1 0 3 0 2 1 2 0 0 0 2 1 3 0 1 0 0 1 1 0 2 1 1 1 0 1 2 2 0 0 1 0 0 0 3 0 2 1 2 0 0 2 0 1 0 0 1 0 0 0 3 0 2 1 3 0 2 1 0 2 0 2 0 2 0 0 2 1 0 1 1 2 0 2 0 0 1 1 0 0 1 1 2 0 2 0 2 0 2 0 0 1 1 0 0 0 1 1 2 1 0 1 1 2 0 1 0 1 1 0 0 0 0 0 1 0 0 0 2 0 0 1 2 0 0 1 2 1 0 1 1 1 1 0 1 1 1 1 0
1 152 1 0 0 2 0 3 0 2 0 0 0 1 1 2 1 3 0 1 2 0 1 1 1 2 0 1 1 3 0 1 0 1 1 1 1 3 0 0 1 1 0 2 1 2 0 0 1 3 0 1 2 0 1 2 1 3 0 2 1 2 0 0 1 3 0 2 0 2 0 1 1 1 2 0 2 0 1 3 0 0 1 1 0 2 2 0 1 2 1 2 2 0 1 0 0 0 0 1 0 1 0 0 1 2 0 1 0 0 1 0 0 0 1 1 0 2 2 0 0 0 0 1 0 0 0 0 0 2 0 0 1 0 1 2 0 3 0 1 1 0 1 1 0 2 0 1 0 3 0 1 2 0
1 152 2 0 1 1 0 3 0 0 1 1 1 0 0 1 0 2 0 0 1 0 0 2 1 0 0 0 0 1 1 3 0 3 0 2 1 1 1 2 0 1 1 1 2 0 1 2 1 2 0 0 1 0 1 1 0 2 0 1 2 0 1 2 1 2 0 1 0 0 2 0 2 0 1 0 2 0 1 1 1 2 0 1 1 2 1 0 1 1 0 1 0 3 0 2 1 0 0 2 0 2 0 1 0 3 0 2 0 0 2 0 0 1 0 1 1 2 0 2 1 0 0 2 0 0 0 0 1 0 1 2 0 0 1 0 0 2 2 0 1 1 0 1 1 0 2 0 0 3 0 0 0 2
0 153 1 2 0 0 1 1 2 1 2 0 1 2 0 0 2 1 0 1 1 2 0 1 1 1 0 0 0 1 0 0 2 0 3 0 1 1 3 0 3 0 3 0 2 2 0 1 0 2 0 1 2 0 0 0 1 1 1 0 0 1 0 1 0 2 0 1 3 0 1 2 0 2 0 0 0 2 0 0 2 1 0 0 0 0 0 1 1 0 1 0 2 1 3 0 1 1 0 1 1 0 0 2 0 0 3 0 0 1 2 1 2 1 2 1 0 0 0 0 1 1 0 1 0 1 1 0 1 0 0 0 3 0 0 2 0 1 2 1 0 0 1 0 3 0 0 1 3 0 1 1 1 1 1
0 154 1 0 0 2 2 0 0 1 0 0 0 0 0 3 0 0 1 1 0 2 2 0 0 1 2 0 0 0 2 0 1 1 0 3 0 0 0 2 0 3 0 3 0 2 1 0 0 0 2 0 0 3 0 0 0 3 0 1 0 1 0 0 0 0 2 0 1 2 0 0 1 0 1 2 1 1 1 3 0 0 1 0 0 0 0 1 0 1 0 2 1 2 0 1 2 0 1 1 0 1 0 1 1 3 0 1 1 2 1 1 0 1 0 0 1 0 0 0 0 3 0 0 0 0 0 1 0 2 0 0 1 2 1 2 2 0 1 0 1 0 0 2 1 2 1 2 1 1 2 0 1 3 0 1
1 154 2 0 1 2 0 2 1 2 0 0 0 0 1 2 1 2 0 1 1 2 0 2 2 0 0 2 1 1 2 0 0 1 1 2 1 1 1 1 0 3 0 3 0 1 1 0 0 1 1 3 0 1 1 1 1 2 1 3 0 2 0 0 0 1 2 0 0 3 0 1 0 0 1 0 2 0 0 1 1 1 2 0 0 0 0 2 0 2 1 2 0 0 0 0 1 0 0 1 0 2 1 0 0 2 0 0 0 0 1 2 0 2 0 0 2 0 0 0 1 2 1 1 0 0 0 2 1 0 1 2 1 1 0 1 0 3 0 3 0 3 0 1 0 1 0 0 2 0 1 0 1 1 2 0
1 155 1 2 0 1 0 0 1 2 0 1 1 0 1 1 1 0 0 0 0 0 0 0 2 0 3 0 0 2 0 0 2 2 0 0 0 1 3 0 1 1 3 0 2 2 0 1 0 1 0 0 1 2 0 2 0 0 1 0 2 0 0 1 1 1 0 0 3 0 1 1 3 0 1 0 0 1 2 1 3 0 2 1 2 1 0 1 1 0 1 2 0 1 1 0 0 2 0 0 2 1 1 1 0 1 0 1 1 0 1 1 0 0 0 1 2 1 2 1 1 1 0 1 2 0 0 1 1 1 1 1 0 1 2 0 2 1 3 0 3 0 2 1 3 0 2 0 1 2 0 0 0 0 2 1 2
0 156 1 0 0 3 0 2 2 0 1 0 0 1 0 3 0 1 0 0 0 0 0 0 1 1 0 2 1 2 1 3 0 1 0 2 1 1 1 2 0 0 0 2 0 2 0 3 0 3 0 2 2 0 1 0 1 2 1 2 1 0 1 2 0 1 2 0 1 3 0 0 0 1 1 3 0 1 1 1 0 2 0 2 0 0 1 1 0 1 1 0 1 0 0 1 0 1 1 3 0 0 1 3 0 0 0 0 0 1 0 2 2 0 0 1 1 1 0 0 1 3 0 0 0 3 0 1 0 2 0 2 0 0 1 0 0 2 0 2 0 3 0 2 0 2 0 1 0 0 0 2 1 0 1 2 0 0
0 156 2 0 1 3 0 2 0 3 0 2 1 2 1 2 1 3 0 0 0 0 0 1 0 1 1 2 0 1 0 1 2 0 0 1 1 3 0 3 0 0 1 1 0 1 0 3 0 3 0 2 1 0 0 0 1 1 0 0 1 1 1 0 0 0 1 0 1 1 1 1 1 0 0 1 2 0 1 2 1 1 0 0 1 2 0 1 0 2 2 0 2 0 0 2 1 0 0 1 1 2 1 1 1 1 0 0 0 2 1 2 0 2 1 3 0 1 0 1 1 1 1 1 1 2 2 0 0 1 0 0 1 1 2 0 1 1 0 1 0 3 0 1 0 0 1 3 0 0 1 1 1 1 0 3 0 0
0 157 1 2 0 1 2 0 1 0 3 0 2 0 1 0 1 0 1 1 1 0 0 0 2 0 3 0 3 0 2 1 0 0 2 2 0 0 2 0 2 1 2 0 1 0 2 1 3 0 3 0 1 1 0 0 1 0 1 0 1 0 1 2 0 0 1 0 0 0 2 0 1 2 0 1 0 1 0 1 0 1 2 0 1 0 3 0 2 1 2 1 0 1 3 0 0 1 0 1 0 0 0 1 3 0 1 0 0 1 2 0 0 0 2 0 1 1 3 0 3 0 2 0 2 1 1 0 2 1 2 0 1 0 2 2 0 0 1 0 2 1 2 1 3 0 1 1 1 1 2 0 2 0 1 1 2 1 1
0 158 1 0 1 0 0 3 0 2 1 3 0 0 1 3 0 2 0 3 0 1 0 0 1 1 0 3 0 3 0 1 1 0 1 2 0 3 0 0 0 1 2 0 2 0 0 2 0 2 0 2 2 0 1 0 0 2 0 2 0 2 1 0 0 2 1 2 0 0 1 1 0 0 1 0 0 0 0 0 0 0 0 3 0 2 1 3 0 2 0 0 1 1 1 1 1 1 2 0 2 0 0 1 1 1 1 3 0 1 0 3 0 0 1 1 0 0 0 2 0 3 0 1 0 1 1 2 1 1 2 0 2 0 0 2 0 2 1 2 1 2 0 1 0 1 2 0 2 0 0 0 0 1 0 0 0 0 1 2
1 158 2 0 2 0 1 3 0 2 0 1 1 2 1 2 0 1 0 2 1 3 0 1 0 1 1 3 0 2 2 0 1 1 1 0 0 2 1 1 1 0 1 0 1 3 0 0 0 1 0 2 0 3 0 3 0 0 0 1 0 1 1 0 1 1 2 0 1 2 0 1 0 0 2 0 0 0 0 0 0 0 1 3 0 2 0 2 0 0 1 2 0 2 0 2 0 2 2 0 1 2 1 3 0 2 1 1 2 0 0 2 1 2 0 1 0 0 1 1 0 2 2 0 0 0 0 0 2 0 1 0 1 3 0 0 0 2 0 0 2 0 2 0 0 0 1 0 1 2 1 0 0 2 0 0 0 1 1 0
1 159 1 2 0 2 0 1 2 0 1 0 0 0 0 2 0 2 0 0 2 0 1 2 0 0 0 0 2 0 2 1 0 0 1 2 0 1 1 1 3 0 0 0 0 1 1 1 1 0 2 1 1 0 3 0 2 1 1 0 2 0 3 0 0 0 2 2 0 0 3 0 2 0 1 1 2 1 0 0 0 0 1 1 2 0 1 0 0 1 2 1 0 0 1 0 1 0 2 1 0 1 1 0 2 0 1 2 0 0 3 0 0 2 0 1 3 0 1 0 1 1 2 0 2 1 0 0 1 2 0 0 0 1 1 1 1 1 0 1 2 2 0 1 2 1 1 0 0 1 0 1 0 1 0 1 1 0 2 2 0
1 160 1 0 1 0 2 0 0 3 0 2 0 0 0 1 2 0 1 3 0 0 0 0 0 2 1 0 1 1 0 1 1 0 1 0 1 0 0 2 1 1 1 1 0 1 0 2 0 1 1 1 1 2 1 3 0 1 1 2 1 1 0 2 1 1 1 2 0 3 0 2 0 1 0 0 0 0 1 0 0 0 0 3 0 3 0 2 0 1 1 0 1 0 0 2 0 2 1 1 1 1 0 1 1 1 0 0 0 3 0 1 1 2 2 0 1 1 2 0 0 0 0 0 0 1 1 0 1 0 0 2 1 1 0 2 0 2 0 0 1 1 1 0 1 0 1 2 0 1 0 0 0 0 0 0 0 1 1 2 0 2
0 161 1 0 0 0 0 1 3 0 2 0 0 1 1 1 0 1 0 1 1 1 1 0 0 1 1 1 1 0 1 0 2 2 0 2 0 2 0 1 1 1 3 0 1 0 2 1 0 2 0 2 0 0 1 0 2 0 0 0 0 1 2 1 1 2 0 0 0 0 3 0 0 1 3 0 0 0 0 2 0 0 0 1 3 0 3 0 0 2 0 1 0 2 0 1 1 0 1 1 3 0 1 0 3 0 1 0 0 1 3 0 0 0 1 1 0 0 2 1 2 1 0 0 0 0 2 2 0 2 0 1 1 1 2 1 1 0 0 1 2 0 2 0 0 0 0 0 3 0 2 0 0 0 0 0 0 1 0 0 0 0 1
1 161 2 0 0 0 1 1 2 0 0 1 2 0 2 0 0 0 0 0 2 0 1 0 1 0 2 0 1 0 2 1 2 1 0 2 0 2 0 0 2 1 1 2 0 0 1 1 1 2 0 1 2 1 2 1 0 1 1 0 1 1 0 2 0 0 2 1 0 1 2 1 2 1 1 1 1 0 1 1 2 1 1 1 2 0 2 1 2 2 0 0 0 2 0 0 1 1 0 0 1 2 0 0 2 1 3 0 1 1 1 1 1 0 2 2 0 1 2 0 0 1 0 0 0 1 2 1 0 2 0 0 2 1 0 1 2 0 1 1 0 0 0 1 1 0 0 1 3 0 0 1 1 0 0 0 0 2 0 0 0 0 2
0 162 1 0 1 1 0 3 0 3 0 1 1 0 0 0 1 1 0 0 1 0 1 3 0 2 1 0 2 0 0 2 0 0 1 1 2 0 1 3 0 0 2 0 0 2 1 3 0 2 2 0 1 1 0 0 1 1 0 1 0 3 0 0 1 3 0 0 1 1 1 1 0 0 1 3 0 1 1 0 0 0 2 0 0 0 0 2 0 1 0 2 1 1 1 2 1 2 2 0 1 0 0 3 0 1 0 1 2 0 1 3 0 1 1 2 1 0 0 3 0 0 2 0 0 1 1 0 1 1 1 3 0 0 1 1 0 3 0 2 2 0 0 1 0 1 0 1 1 1 1 2 0 1 0 0 0 1 1 2 1 0 1 1
0 163 1 0 0 0 1 1 3 0 2 2 0 1 0 0 1 0 1 0 1 0 0 1 2 0 1 1 1 1 2 2 0 1 2 0 2 2 0 1 1 1 2 1 3 0 1 0 2 0 2 1 0 0 1 0 1 0 1 0 2 1 2 1 2 1 1 1 2 0 2 0 1 0 1 1 1 2 0 1 0 0 1 1 2 1 0 1 0 2 0 0 1 2 0 0 1 0 1 0 3 0 3 0 1 2 0 0 0 1 0 1 2 0 0 0 0 1 0 1 2 1 2 1 2 1 3 0 0 0 2 1 1 1 2 0 1 1 3 0 2 0 2 1 2 0 2 0 3 0 2 0 3 0 2 0 0 1 0 0 0 1 1 0 1
1 163 2 0 0 1 0 0 2 0 2 0 3 0 2 1 2 0 2 0 2 0 1 0 3 0 3 0 2 1 1 1 0 1 0 0 2 1 0 0 2 1 1 0 1 2 0 0 1 0 1 1 0 0 2 0 2 0 2 1 2 0 1 0 0 2 0 0 0 0 0 1 3 0 3 0 2 1 3 0 2 2 0 0 0 1 1 0 0 1 2 2 0 0 2 1 2 0 2 1 3 0 3 0 0 0 2 1 1 0 0 0 3 0 0 0 1 0 0 1 1 0 1 0 1 0 1 1 1 1 1 2 0 0 0 0 0 0 2 0 1 0 2 0 0 0 1 0 3 0 1 0 3 0 0 1 1 2 0 0 1 0 1 0 2
0 164 1 0 1 1 2 0 1 1 0 1 0 3 0 2 0 0 0 1 0 0 2 0 0 3 0 3 0 1 1 2 2 0 2 0 1 1 1 0 1 1 1 2 1 0 0 2 1 2 0 2 2 0 1 1 0 1 0 1 2 0 1 3 0 1 1 2 1 0 0 1 1 2 0 3 0 2 0 2 0 2 0 2 1 1 0 1 0 1 1 1 0 3 0 1 0 0 0 2 0 2 0 2 1 1 1 1 1 2 0 0 1 2 1 1 0 2 0 1 0 1 0 2 0 2 0 3 0 2 0 2 1 2 1 0 0 0 1 0 2 0 0 0 1 1 0 2 1 2 2 0 0 2 1 2 0 2 1 2 1 2 0 2 1 1
0 165 1 0 0 0 2 2 0 0 1 0 2 1 3 0 0 1 1 0 2 0 1 1 3 0 2 0 3 0 0 0 1 1 0 2 0 0 2 0 0 0 2 1 0 1 0 1 2 0 0 0 2 1 0 0 1 0 2 1 0 1 0 1 2 0 0 0 0 1 0 1 0 0 0 0 3 0 1 0 1 0 1 0 1 1 2 0 2 0 3 0 1 1 2 1 3 0 0 1 1 0 1 0 1 1 3 0 2 0 3 0 1 1 0 1 2 1 0 1 3 0 2 1 1 0 1 0 3 0 1 0 2 0 0 1 0 0 1 0 0 1 2 1 1 0 1 1 2 0 1 0 3 0 1 0 0 0 2 0 1 0 0 0 1 1 2
1 165 2 0 0 1 2 0 2 1 2 1 2 0 1 1 2 0 1 1 1 0 0 0 2 0 1 0 2 1 1 0 3 0 0 1 2 2 0 1 1 1 1 1 1 0 0 0 3 0 0 1 1 1 0 0 2 1 1 1 1 0 0 0 3 0 0 0 0 2 0 2 0 0 0 1 2 1 3 0 2 0 2 1 0 0 0 0 1 0 3 0 0 0 1 0 1 1 2 0 1 0 2 1 0 0 2 0 1 0 2 2 0 1 1 1 0 1 1 1 2 0 1 1 2 0 2 1 2 2 0 0 0 1 1 2 0 0 2 0 1 1 0 1 2 0 3 0 3 0 2 1 2 1 3 0 0 1 0 1 3 0 0 1 0 0 0
1 166 1 0 1 2 1 0 0 2 0 0 2 0 2 0 2 0 2 0 1 2 0 0 1 0 2 0 0 1 1 2 1 2 1 2 1 1 1 0 0 2 0 2 0 1 0 0 1 2 1 2 0 1 2 0 1 1 1 3 0 1 0 0 1 2 1 1 0 1 2 0 1 2 1 1 1 1 0 2 0 1 0 1 1 0 0 0 0 2 1 2 1 1 0 2 0 3 0 3 0 2 1 1 1 0 1 0 2 0 0 2 1 0 0 2 0 0 0 2 1 0 0 0 0 0 0 2 0 1 0 2 1 1 0 2 1 2 2 0 2 0 1 1 1 0 0 3 0 3 0 2 0 1 0 1 1 2 0 0 1 1 1 1 2 0 0 0
1 167 1 0 0 1 0 1 0 1 0 1 2 2 0 2 0 2 0 2 0 0 3 0 1 0 0 1 2 2 0 0 1 0 1 0 0 1 2 2 0 1 1 0 0 1 3 0 1 1 1 0 0 0 0 1 0 0 2 1 1 1 3 0 1 1 0 1 2 1 0 1 0 1 0 1 3 0 1 1 0 1 3 0 2 2 0 0 0 1 2 0 0 1 2 1 1 0 3 0 3 0 1 1 3 0 0 0 0 1 3 0 0 1 0 1 0 1 1 1 1 1 0 0 0 0 0 1 0 2 0 0 1 1 2 1 2 0 1 1 0 2 0 0 1 2 0 1 3 0 3 0 0 1 3 0 3 0 3 0 1 0 2 0 2 1 2 1 0
1 167 2 0 1 0 0 0 0 0 0 1 1 1 0 2 0 2 0 1 3 0 1 1 3 0 1 1 1 0 2 1 2 0 2 0 1 1 1 1 0 0 1 0 1 1 1 2 0 1 2 0 0 0 0 2 0 1 1 2 0 0 1 2 0 1 1 1 0 1 1 0 0 0 0 1 1 2 0 1 1 1 2 0 2 0 2 1 1 0 3 0 1 1 0 1 2 1 3 0 3 0 0 0 1 1 1 0 1 1 1 1 2 0 0 0 0 0 2 0 1 2 0 0 0 0 1 0 0 1 2 2 0 0 0 2 0 2 0 1 1 1 2 2 0 1 0 1 2 0 2 1 2 1 2 0 3 0 2 2 0 0 1 0 2 0 0 1 0
1 168 1 0 1 3 0 0 0 0 0 1 0 2 0 0 2 0 2 0 1 2 0 0 0 1 2 0 1 2 1 2 0 0 0 0 2 0 1 2 2 0 0 2 0 3 0 2 2 0 0 3 0 0 0 1 2 0 0 2 1 2 2 0 1 0 0 2 0 0 0 1 0 0 0 1 0 2 2 0 0 2 1 0 0 1 0 1 1 2 1 2 2 0 1 1 1 1 0 2 0 2 1 1 0 3 0 1 0 3 0 2 0 3 0 0 0 0 1 1 0 0 0 2 1 0 0 2 0 1 1 1 0 2 1 1 2 0 2 0 0 2 1 1 1 0 0 0 1 0 0 2 0 1 0 0 0 3 0 2 0 2 1 2 1 0 1 1 2 0
1 169 1 0 0 1 1 1 1 0 0 0 2 1 0 1 2 2 0 2 0 0 3 0 0 1 0 1 0 1 0 2 0 1 1 0 1 2 0 1 1 0 3 0 0 0 3 0 2 0 3 0 1 1 1 1 0 0 3 0 1 0 1 0 3 0 2 2 0 1 1 0 2 0 0 0 2 1 2 0 3 0 0 1 0 0 2 1 0 0 1 0 1 1 0 0 2 0 1 1 1 0 1 1 2 1 2 2 0 0 3 0 1 0 2 1 1 0 1 0 1 0 0 1 1 1 0 1 0 2 0 1 2 1 1 2 0 1 0 1 3 0 0 1 2 2 0 0 0 2 0 1 0 1 3 0 0 1 3 0 1 0 2 0 0 1 1 0 2 1 2
0 169 2 0 1 0 2 0 1 0 0 1 1 1 1 1 1 1 0 1 3 0 1 1 2 0 0 0 0 0 0 2 0 0 1 1 0 1 0 0 1 1 2 1 1 1 3 0 1 0 2 2 0 1 2 2 0 1 2 1 3 0 2 1 3 0 2 1 0 0 1 1 0 1 1 1 2 0 0 0 2 1 1 2 0 1 1 1 0 0 2 0 2 2 0 1 0 2 0 1 2 1 0 0 1 0 1 0 3 0 1 2 0 0 1 1 2 0 2 0 2 0 1 0 2 0 0 0 0 2 0 1 0 2 0 1 0 0 0 1 1 1 2 1 1 0 2 1 1 2 0 0 0 1 1 1 2 1 1 2 0 0 0 1 2 0 1 1 2 0 0
0 170 1 0 2 0 0 0 1 3 0 1 0 2 0 2 0 2 0 0 1 1 2 0 2 0 1 1 0 0 0 1 1 2 1 2 2 0 2 0 1 0 0 0 2 0 0 1 2 0 0 2 1 0 1 1 1 0 1 1 0 2 0 2 0 2 0 1 1 0 0 3 0 0 0 2 0 3 0 0 1 1 2 0 1 0 0 1 2 0 1 1 0 2 1 0 0 0 2 0 1 0 1 0 0 2 0 2 1 3 0 0 0 2 2 0 0 0 0 1 0 0 2 0 0 0 1 1 0 1 2 0 0 0 1 3 0 2 1 1 0 2 1 0 1 2 1 1 2 0 0 2 1 1 0 2 1 0 2 0 0 2 1 1 0 3 0 3 0 3 0 0
0 171 1 0 0 1 2 1 1 1 1 2 0 0 1 0 1 0 0 1 2 0 2 2 0 2 0 0 1 0 0 1 0 0 1 0 1 1 0 1 3 0 2 1 1 1 2 2 0 0 3 0 0 1 1 0 2 0 0 0 1 1 1 0 1 0 0 2 0 1 0 1 2 1 1 1 1 0 2 1 2 0 2 1 3 0 2 2 0 1 0 0 1 1 1 1 0 0 1 1 3 0 3 0 3 0 0 0 2 0 1 1 1 1 2 0 2 1 0 0 2 0 1 1 2 1 1 0 1 1 0 0 2 1 1 1 2 0 1 1 2 1 1 1 1 1 0 2 0 0 3 0 0 1 2 1 1 1 1 1 3 0 0 1 2 1 3 0 3 0 2 1 1
1 171 2 0 1 1 0 1 3 0 2 1 2 1 2 0 2 0 1 1 0 0 2 1 0 1 2 1 2 0 0 2 0 0 2 0 3 0 0 1 2 0 1 2 0 0 1 0 3 0 1 1 2 0 1 1 0 1 1 0 3 0 1 0 2 0 1 2 0 0 0 1 0 1 3 0 1 1 2 0 0 0 2 0 2 0 2 0 3 0 2 1 3 0 1 2 0 1 0 0 2 0 3 0 2 1 1 1 0 2 0 2 0 0 0 0 1 1 0 1 1 0 0 0 0 1 2 0 2 2 0 1 1 2 0 0 0 0 0 0 0 1 3 0 2 0 0 1 3 0 1 1 2 1 0 1 3 0 2 1 1 1 2 1 1 0 2 0 3 0 1 1 2
0 172 1 0 2 0 1 1 1 2 0 2 0 1 0 0 0 0 2 0 1 0 1 1 1 1 1 0 2 0 1 2 1 3 0 0 0 2 1 2 1 0 0 0 0 2 1 2 1 2 2 0 2 0 2 0 1 1 0 1 1 2 2 0 0 1 0 0 0 2 1 1 0 0 1 1 2 0 2 0 1 1 1 1 0 1 0 1 0 3 0 2 0 2 0 0 0 3 0 3 0 0 0 3 0 1 1 3 0 0 2 0 1 2 1 0 0 3 0 0 0 1 0 0 0 1 1 0 0 2 1 0 0 2 1 2 1 0 0 0 0 1 1 2 0 0 1 2 1 2 0 0 0 0 1 1 1 2 0 1 2 0 0 0 1 2 1 1 0 3 0 0 0 0
0 173 1 0 0 2 0 0 2 1 0 0 0 1 3 0 0 0 1 2 0 0 0 0 2 0 2 0 0 2 0 1 1 0 1 1 1 1 2 0 0 1 0 0 0 1 2 0 1 0 1 1 0 2 0 2 0 0 1 1 0 0 1 0 2 1 2 0 0 1 1 1 2 0 1 0 2 2 0 2 0 0 2 0 1 0 2 0 2 1 3 0 1 0 0 1 1 1 3 0 2 1 1 1 3 0 0 0 1 1 2 2 0 1 0 1 0 1 2 1 1 0 2 0 0 0 2 2 0 1 1 1 0 1 2 0 0 1 0 0 0 0 3 0 3 0 1 1 0 2 0 1 1 0 1 0 2 1 0 0 0 0 2 1 1 1 0 1 2 1 2 1 1 0 0
0 173 2 0 1 1 3 0 0 1 0 0 1 1 1 1 1 1 0 0 2 1 0 1 1 0 0 1 2 2 0 0 1 0 3 0 2 0 3 0 0 2 0 0 1 0 3 0 2 0 3 0 0 2 0 1 2 1 2 2 0 0 2 1 1 2 0 1 2 0 2 0 3 0 2 1 2 1 0 1 2 2 0 2 0 0 1 0 2 0 1 1 3 0 1 0 2 1 2 0 1 2 0 0 1 1 1 1 0 0 1 1 0 0 0 0 0 1 0 1 2 1 0 1 1 1 2 1 0 0 2 0 0 0 3 0 0 2 0 0 0 1 3 0 2 2 0 1 1 2 0 0 1 0 2 1 1 1 0 0 0 1 1 1 3 0 0 1 1 0 0 1 2 0 0
0 174 1 1 0 0 0 1 1 1 2 0 0 3 0 2 0 1 2 0 1 1 1 1 0 1 0 1 1 1 0 2 1 2 1 3 0 1 0 2 1 2 1 2 1 2 1 3 0 1 0 2 1 2 2 0 1 1 0 1 0 3 0 0 2 0 1 0 1 0 0 1 0 3 0 2 0 0 1 1 1 1 1 0 1 2 1 2 1 1 0 0 0 1 2 0 0 2 0 0 0 0 0 2 1 3 0 1 2 0 0 2 2 0 0 0 0 1 0 0 1 0 1 1 0 2 1 0 1 0 1 0 1 1 1 2 1 2 1 2 1 1 1 2 0 2 1 0 0 2 1 2 1 2 1 1 1 2 2 0 0 1 0 2 1 1 1 2 0 1 0 1 0 3 0 0
0 175 1 0 1 0 0 0 3 0 2 1 3 0 2 0 1 0 0 1 0 0 2 0 1 0 2 0 3 0 1 1 2 0 1 0 1 2 0 0 2 0 1 0 1 0 1 0 1 2 0 0 2 0 1 1 0 0 1 0 2 1 2 1 2 1 3 0 3 0 2 1 2 1 3 0 0 1 2 0 2 0 2 0 0 1 1 0 0 1 2 0 0 1 0 0 2 2 0 1 1 0 0 1 2 0 2 0 0 0 3 0 1 0 2 1 0 0 2 0 1 0 0 0 1 1 1 1 1 0 0 0 0 0 2 1 1 0 1 0 0 2 0 0 0 0 1 1 0 1 2 0 1 0 0 2 0 0 1 0 2 1 2 1 1 1 3 0 3 0 2 0 2 1 2 1 1
0 175 2 0 2 0 0 1 3 0 2 0 2 0 0 1 3 0 0 2 0 1 0 2 0 0 1 0 2 2 0 2 0 2 0 0 0 0 2 2 0 1 3 0 2 0 2 1 0 0 2 2 0 2 0 1 0 0 2 1 2 0 1 0 1 0 2 0 3 0 2 0 1 0 1 1 2 1 0 0 1 0 0 1 2 0 1 0 1 0 3 0 0 2 0 1 2 1 0 0 1 0 1 1 0 0 0 1 1 1 2 2 0 0 1 1 0 1 0 1 3 0 0 0 3 0 2 0 1 0 0 0 0 1 1 1 2 0 2 0 1 1 2 1 0 0 3 0 0 0 3 0 2 0 1 1 2 1 2 1 2 0 0 2 0 0 2 0 3 0 1 0 2 0 0 1 2
1 176 1 1 0 0 1 2 1 2 0 1 0 0 1 2 1 1 1 2 2 0 0 0 1 2 1 2 1 2 1 0 2 0 1 2 1 0 1 2 1 0 1 2 0 1 0 1 1 0 1 2 1 0 1 3 0 3 0 0 2 0 1 3 0 2 1 1 0 3 0 0 2 0 0 0 0 0 1 0 0 2 0 1 0 3 0 2 0 2 1 2 1 2 2 0 1 0 1 0 0 2 0 2 2 0 0 1 0 2 1 1 0 2 1 3 0 0 0 0 1 1 1 1 1 3 0 0 1 3 0 0 0 1 0 2 1 0 0 1 0 0 0 0 1 0 1 2 1 1 1 3 0 1 0 0 0 1 0 0 2 0 1 2 1 3 0 0 0 2 2 0 0 0 1 2 1 0
1 177 1 0 1 0 1 1 0 2 0 1 3 0 1 1 0 2 0 0 1 0 2 1 1 1 1 0 1 0 0 1 1 2 0 1 0 1 1 1 0 1 1 0 3 0 2 0 3 0 0 1 0 1 1 1 2 0 2 1 2 2 0 1 2 0 1 1 2 1 2 1 2 1 2 1 0 0 0 2 0 1 0 2 0 0 3 0 1 0 2 0 1 0 1 0 3 0 3 0 3 0 0 0 2 0 2 1 2 1 1 1 2 1 2 0 1 1 1 0 1 0 2 0 2 1 1 1 2 1 1 1 1 0 2 1 1 1 0 0 2 0 0 0 1 0 0 1 0 2 0 0 1 1 3 0 0 0 2 0 1 2 0 1 1 0 1 1 1 1 2 0 2 1 1 1 0 1 0
1 177 2 0 2 0 3 0 0 2 0 1 1 2 0 1 1 1 2 1 2 1 1 1 3 0 1 0 2 0 1 0 2 2 0 0 0 0 2 0 0 0 1 1 3 0 1 0 2 1 2 0 0 0 2 1 0 0 2 0 1 1 0 1 0 0 0 0 1 0 1 0 1 0 0 1 0 0 1 2 0 0 0 1 3 0 1 2 0 0 0 1 3 0 2 1 3 0 3 0 2 1 1 1 1 0 2 0 0 2 0 0 0 2 0 2 0 1 2 0 2 1 1 0 1 2 0 0 0 1 3 0 1 1 1 1 2 2 0 1 0 1 1 0 2 0 1 0 0 1 2 2 0 0 1 1 1 1 1 0 0 1 0 0 1 0 3 0 2 1 0 0 1 1 2 2 0 2 0
0 178 1 1 0 1 0 2 1 2 2 0 0 2 2 0 0 2 1 1 0 0 2 0 0 1 2 0 0 0 2 0 0 2 0 2 1 0 1 0 1 1 1 0 0 1 2 0 0 1 2 0 1 1 1 1 1 0 1 0 2 0 1 0 2 0 0 0 0 2 0 2 0 2 0 0 2 0 1 0 0 2 1 1 1 2 0 0 0 2 1 1 1 2 0 2 0 2 0 3 0 1 1 3 0 1 1 0 1 2 1 2 1 1 2 0 2 0 1 0 0 1 1 2 1 0 0 2 1 1 1 1 2 0 2 0 0 1 1 0 0 0 0 1 1 0 1 3 0 1 1 1 0 2 1 3 0 2 0 1 0 0 2 0 0 2 1 3 0 1 1 0 1 0 0 1 1 0 1 2
1 179 1 0 1 0 2 1 2 0 1 0 3 0 1 0 3 0 0 1 2 0 1 1 2 2 0 0 2 1 1 1 3 0 0 0 1 1 1 0 0 0 1 2 0 1 0 0 2 2 0 1 0 0 2 0 2 0 0 0 0 2 0 0 0 1 2 1 0 1 1 0 1 0 0 1 2 1 3 0 3 0 0 1 3 0 3 0 0 1 1 2 0 0 0 0 1 0 1 0 3 0 0 0 1 2 0 1 1 1 1 0 0 2 0 1 0 1 3 0 2 2 0 0 0 1 0 1 1 1 3 0 2 2 0 1 2 1 2 2 0 0 0 0 3 0 0 1 1 2 0 1 2 1 2 0 2 0 0 1 3 0 1 1 3 0 1 0 1 2 0 1 0 2 0 0 3 0 0 1 0
1 179 2 0 2 1 1 2 0 2 0 0 2 2 0 0 2 1 2 1 0 0 0 0 1 0 3 0 0 2 0 0 1 1 1 0 3 0 1 0 0 1 0 0 3 0 3 0 1 0 3 0 3 0 0 0 0 1 1 0 1 1 2 1 1 1 0 1 1 0 1 0 2 0 1 1 1 0 2 0 2 1 2 1 2 0 2 1 2 0 2 1 2 1 0 0 2 0 2 1 2 1 1 1 0 1 0 0 2 0 1 0 1 2 0 0 0 1 2 0 2 0 2 1 1 0 0 0 2 1 2 0 2 1 0 1 1 0 1 0 2 1 0 1 2 1 2 0 2 2 0 1 1 0 0 0 0 1 2 1 2 0 0 0 1 2 0 0 0 1 0 0 0 1 3 0 1 1 1 2 0
1 180 1 1 0 1 2 0 1 0 1 3 0 1 0 3 0 1 0 0 1 0 0 0 0 2 1 2 1 2 1 2 1 3 0 1 1 2 1 3 0 0 2 0 1 3 0 2 2 0 0 3 0 2 1 1 0 1 0 1 1 0 0 0 1 3 0 0 0 1 0 2 1 0 2 0 1 2 1 1 0 2 0 1 0 0 0 2 0 0 0 2 0 0 1 0 1 1 0 2 0 0 1 2 2 0 2 0 1 0 2 0 0 0 0 2 1 1 1 0 0 1 0 1 1 2 0 0 1 2 0 0 0 1 1 1 0 1 0 2 1 1 1 1 1 1 0 0 0 2 1 0 0 1 0 0 0 1 1 0 2 0 1 1 1 0 0 2 1 0 2 0 0 1 1 1 2 0 2 0 0 2
0 181 1 0 1 1 0 1 0 0 0 1 1 2 0 0 2 1 3 0 0 2 0 0 0 1 2 0 1 0 1 0 1 0 2 0 0 0 1 0 1 1 2 2 0 1 2 0 2 0 3 0 2 0 1 1 2 0 2 0 2 2 0 0 1 1 1 1 1 0 2 1 1 1 1 2 0 1 0 1 2 1 0 1 3 0 0 1 0 1 1 1 0 1 2 0 0 0 1 1 0 1 2 1 1 1 0 2 0 0 0 1 2 1 0 1 1 1 2 2 0 0 2 0 3 0 3 0 1 0 3 0 0 0 3 0 1 0 2 1 1 1 3 0 2 0 1 0 0 1 1 1 0 0 2 0 0 0 3 0 0 2 0 0 1 2 0 1 1 1 1 1 2 1 3 0 2 2 0 1 3 0 0
0 181 2 0 2 2 0 2 0 0 1 0 2 1 3 0 1 0 1 1 2 1 2 1 1 0 3 0 2 0 2 0 2 1 0 1 1 0 2 1 0 0 1 1 0 1 0 0 1 0 3 0 1 0 0 0 0 0 1 0 2 0 2 1 3 0 2 0 1 1 1 1 3 0 2 2 0 0 0 1 0 1 1 1 1 1 2 0 0 0 2 0 0 0 3 0 0 0 3 0 0 1 0 1 3 0 0 1 2 1 1 1 0 1 1 0 2 1 1 0 3 0 0 0 3 0 2 2 0 0 2 1 1 1 2 2 0 0 1 2 0 0 2 0 0 1 3 0 1 0 1 2 0 1 0 1 1 1 2 1 2 1 2 2 0 1 0 0 2 0 2 1 1 0 2 0 2 1 0 1 1 1 1
0 182 1 1 0 2 1 0 1 2 1 2 1 2 0 1 2 0 0 0 0 1 0 0 1 2 1 3 0 1 0 1 0 1 1 1 0 1 1 1 1 0 0 2 2 0 2 0 0 2 1 2 1 3 0 0 0 0 0 2 1 1 0 2 0 2 0 0 2 0 2 0 0 2 0 2 0 2 1 1 0 0 0 2 0 2 0 3 0 0 1 0 1 1 1 2 1 1 1 2 1 2 0 0 1 1 1 2 1 0 1 3 0 0 0 1 1 1 1 2 1 2 1 1 1 3 0 2 0 3 0 0 2 0 0 1 0 2 2 0 0 2 2 0 1 2 1 1 2 0 0 0 1 0 0 0 0 2 1 1 0 1 0 1 0 3 0 3 0 0 0 1 1 2 1 1 0 1 1 1 0 2 0 1
1 183 1 0 1 1 1 1 1 1 1 0 1 0 0 0 0 0 2 1 0 0 2 0 1 1 1 0 1 1 3 0 2 0 3 0 1 0 3 0 1 2 0 1 2 1 0 1 3 0 1 0 1 0 1 1 1 0 0 1 1 1 2 1 1 0 0 1 2 2 0 1 3 0 0 0 1 0 1 1 2 0 0 1 1 0 1 0 2 1 2 0 0 0 2 1 0 2 0 0 0 2 0 1 2 0 2 1 0 1 1 1 1 1 1 0 3 0 2 1 1 0 0 2 0 0 2 0 1 0 2 1 2 1 2 1 2 1 2 0 3 0 1 1 0 1 0 2 0 0 2 1 0 2 0 0 0 1 1 1 2 0 2 0 2 1 3 0 2 1 1 1 0 0 0 1 2 0 3 0 1 1 0 2 0
0 183 2 0 3 0 2 0 2 0 1 0 2 0 0 0 0 1 1 1 0 1 0 2 0 1 2 1 0 0 2 0 1 0 2 2 0 0 3 0 0 1 0 1 0 1 1 1 1 1 3 0 2 0 3 0 1 0 1 0 2 1 0 1 2 0 1 1 1 1 0 1 1 1 1 0 2 0 3 0 3 0 1 0 1 0 2 1 1 2 0 1 1 1 1 1 1 1 2 1 1 2 0 1 0 0 1 1 1 0 2 0 2 0 1 1 3 0 1 1 2 0 1 1 2 2 0 2 0 0 2 0 1 0 1 0 1 0 0 0 2 2 0 1 1 0 0 1 3 0 0 1 1 1 2 1 1 0 2 1 0 0 1 0 2 0 2 0 1 1 2 2 0 0 1 1 0 0 2 2 0 1 1 1 2
1 184 1 1 0 3 0 1 0 0 2 0 0 0 1 1 0 1 0 2 0 0 0 0 2 0 1 0 1 0 1 0 2 0 0 2 0 3 0 1 1 2 0 0 0 0 0 2 0 2 1 2 0 1 0 2 1 3 0 2 1 1 1 1 0 3 0 3 0 2 0 0 0 2 0 1 1 1 0 3 0 2 1 3 0 2 1 1 2 0 1 0 0 2 0 2 0 2 1 0 2 0 0 3 0 2 1 3 0 1 1 1 0 1 0 0 0 2 0 0 0 0 0 0 0 1 1 0 1 2 2 0 1 3 0 2 0 2 0 0 1 2 1 0 0 1 0 1 1 1 1 2 0 2 1 0 1 2 1 1 1 0 0 2 1 1 0 1 0 0 0 1 0 2 1 2 2 0 1 2 1 0 0 2 1 0
1 185 1 0 1 1 2 1 3 0 1 1 2 1 1 0 1 0 2 1 0 1 1 0 1 2 0 0 0 0 0 0 0 1 3 0 0 0 2 2 0 2 0 1 1 0 0 1 1 0 1 2 0 2 0 0 2 0 2 0 1 1 3 0 1 1 3 0 3 0 0 1 1 1 0 2 0 1 2 1 3 0 2 0 2 0 1 2 0 0 3 0 3 0 0 0 1 0 1 1 1 1 3 0 2 0 2 0 1 2 0 1 2 0 2 0 0 1 0 1 1 0 0 0 0 0 3 0 0 1 1 1 0 1 2 0 1 0 0 1 2 1 0 1 0 0 2 0 3 0 2 1 0 0 1 1 1 1 0 1 2 2 0 1 1 1 2 0 2 0 0 0 2 1 2 0 1 1 0 1 0 1 0 1 1 1 0
1 185 2 1 0 0 1 0 2 0 0 0 0 1 2 0 2 1 1 1 1 0 1 1 0 0 2 1 0 0 0 0 1 1 1 1 1 1 2 1 0 2 0 0 1 0 1 0 1 1 0 1 0 1 3 0 0 0 1 0 0 0 2 0 0 0 2 0 2 1 2 0 2 0 0 2 0 1 1 0 2 0 1 0 1 0 0 0 3 0 2 0 2 1 1 0 2 0 3 0 2 1 2 0 1 0 1 0 0 1 0 1 0 0 0 1 2 0 0 0 1 0 0 0 0 1 2 1 2 0 2 0 0 0 3 0 2 0 1 1 0 1 0 2 0 1 1 0 3 0 1 1 0 0 3 0 2 0 0 1 1 1 0 0 2 1 0 0 0 1 1 1 1 2 0 2 0 1 1 0 0 0 0 0 1 2 0
1 186 1 1 1 0 0 2 1 0 1 1 0 1 1 0 0 1 1 3 0 1 0 2 2 0 1 1 1 0 0 0 0 3 0 2 0 2 1 0 1 1 1 2 1 2 0 2 0 3 0 0 0 0 1 1 1 1 0 2 0 0 1 0 1 1 1 1 0 2 0 0 0 0 1 2 2 0 0 1 1 0 1 3 0 2 0 0 1 3 0 1 0 1 1 2 1 1 0 3 0 1 2 0 1 3 0 2 0 0 2 0 2 0 0 1 0 3 0 0 0 2 0 0 0 1 1 1 0 0 0 0 1 1 1 3 0 0 2 0 1 1 0 0 2 0 0 1 1 2 2 0 1 0 1 3 0 0 1 2 0 1 2 0 1 1 1 0 0 1 0 2 0 2 2 0 2 0 0 1 0 0 0 0 1 0 0 2
0 187 1 0 1 2 0 1 1 1 1 0 1 0 2 2 0 1 0 0 1 2 0 0 2 1 0 0 1 2 0 0 0 1 3 0 1 0 1 1 1 0 2 1 1 0 0 0 1 0 2 1 1 0 1 0 2 0 1 1 0 1 2 0 0 0 2 0 1 1 0 1 1 0 1 1 1 0 2 1 3 0 0 1 2 0 0 1 2 1 1 2 0 0 0 0 0 1 2 1 3 0 0 1 0 1 2 0 0 1 2 2 0 1 2 1 2 1 2 1 1 1 0 1 1 0 3 0 1 0 0 0 1 0 2 1 1 1 2 2 0 0 1 0 1 1 2 2 0 0 1 1 0 0 0 1 1 1 2 1 0 0 0 1 0 0 1 2 0 0 2 1 1 0 2 1 0 1 2 1 2 0 0 0 0 2 0 1 1
0 187 2 1 0 1 0 0 2 0 1 0 2 1 2 0 3 0 2 2 0 0 3 0 0 1 0 1 0 0 2 1 1 1 1 1 3 0 3 0 1 1 1 1 2 0 0 0 2 1 1 1 2 0 2 1 0 2 0 1 1 0 3 0 0 1 0 2 0 1 1 0 1 0 3 0 1 1 2 0 1 1 2 0 3 0 1 1 0 2 0 0 2 1 0 0 1 1 1 0 1 1 2 0 0 0 3 0 1 1 1 1 0 1 1 0 1 0 0 1 3 0 0 0 1 1 2 1 3 0 0 0 2 1 1 2 0 0 1 0 2 1 2 1 0 0 1 0 2 1 2 2 0 0 1 0 2 1 0 1 0 0 0 2 0 1 0 0 3 0 0 1 2 1 1 1 1 1 0 2 0 1 1 0 1 2 0 0 1
1 188 1 1 1 0 2 0 1 0 2 0 0 2 0 0 0 3 0 2 0 3 0 1 1 1 2 0 2 0 1 1 1 3 0 2 1 2 0 2 2 0 1 3 0 3 0 0 1 1 2 0 0 0 0 1 1 1 2 0 0 1 1 2 1 2 0 0 2 0 0 1 0 2 1 3 0 0 0 0 0 0 0 0 0 2 2 0 1 1 1 3 0 0 1 0 0 3 0 1 0 3 0 3 0 0 1 2 2 0 1 3 0 0 0 1 0 2 0 1 1 1 1 1 1 0 0 1 0 1 1 1 1 1 2 0 0 2 1 2 1 2 0 0 1 0 0 2 1 2 0 1 0 2 1 2 1 1 1 0 2 0 0 1 1 3 0 3 0 1 1 2 1 0 1 3 0 2 0 0 2 0 0 1 1 0 0 2 1 2
0 189 1 0 2 0 0 2 0 0 0 1 2 2 0 1 1 1 3 0 1 0 2 2 0 2 0 1 0 2 0 0 2 1 2 0 2 0 0 0 2 1 0 1 2 0 2 1 2 0 2 1 2 1 0 0 3 0 2 1 2 2 0 0 0 2 0 1 2 1 2 1 2 1 2 0 1 1 1 0 0 0 0 0 0 1 2 1 0 0 2 1 1 1 1 2 0 1 2 2 0 0 3 0 2 1 2 1 1 1 0 1 1 1 1 0 2 1 0 2 0 1 3 0 1 2 0 0 2 0 3 0 2 0 2 1 3 0 1 0 0 2 0 1 1 2 0 1 1 2 0 2 0 0 2 0 0 1 3 0 0 1 2 2 0 0 2 0 3 0 0 0 0 1 1 1 2 0 0 1 2 1 2 1 2 2 0 1 2 0 0
0 189 2 1 0 1 2 1 2 1 1 1 1 1 0 0 2 1 1 2 0 0 2 1 0 2 0 0 0 1 3 0 1 0 0 0 0 1 1 1 1 1 1 1 0 0 2 0 0 0 2 0 0 1 0 1 3 0 2 0 1 0 2 1 1 2 0 1 1 0 1 0 0 2 0 2 0 1 2 0 0 0 0 0 1 1 0 1 0 1 1 1 3 0 2 2 0 1 1 0 3 0 2 0 2 0 0 1 3 0 0 0 2 0 1 1 1 1 1 2 0 1 2 0 0 0 3 0 0 0 3 0 1 0 2 0 1 1 3 0 1 2 0 0 2 2 0 0 2 2 0 1 2 2 0 1 2 1 1 1 2 1 1 0 3 0 0 0 2 1 1 0 1 0 2 0 3 0 1 1 1 0 1 0 1 1 0 0 3 0 0
0 190 1 1 1 1 1 1 0 0 1 3 0 1 2 0 1 1 2 0 0 3 0 0 1 1 1 2 1 1 1 1 1 3 0 0 0 1 0 2 0 2 0 1 2 0 1 0 1 1 1 0 1 2 0 0 1 2 0 0 2 0 0 1 2 0 1 0 0 1 0 2 0 1 2 0 2 0 0 3 0 0 0 0 0 3 0 0 0 0 0 2 1 2 0 2 1 0 0 1 1 3 0 1 0 0 1 2 1 1 1 1 1 0 2 0 1 3 0 2 2 0 0 3 0 0 1 2 1 1 1 2 2 0 0 1 0 0 0 2 0 0 0 3 0 1 0 3 0 1 1 0 1 1 1 0 1 0 2 0 0 0 1 2 1 2 1 1 1 1 1 2 0 2 1 1 0 2 2 0 1 2 0 2 0 2 2 0 1 2 1 1
0 191 1 0 2 0 2 0 1 0 1 1 2 0 0 1 0 0 2 1 3 0 1 1 2 0 2 1 0 1 3 0 2 1 1 1 1 0 2 1 1 0 1 0 0 1 0 0 0 0 2 0 0 0 3 0 1 0 3 0 1 1 2 2 0 0 3 0 2 1 2 1 1 0 0 1 0 1 3 0 1 1 1 0 0 1 2 1 1 0 0 1 2 0 0 0 1 1 0 1 0 0 1 1 3 0 1 1 0 1 3 0 2 0 0 2 0 1 2 0 2 0 3 0 1 1 2 1 0 2 0 0 1 0 2 1 2 0 0 1 0 1 1 1 2 2 0 0 2 2 0 1 1 0 2 0 0 0 0 1 2 1 1 1 1 0 0 1 3 0 2 1 0 0 1 1 2 1 2 1 0 1 0 0 1 0 2 1 0 1 0 1 2
1 191 2 1 1 0 0 1 3 0 3 0 3 0 0 2 0 1 2 0 2 0 0 0 0 0 1 1 1 1 2 0 1 1 3 0 1 1 1 1 2 0 2 0 0 2 0 0 0 1 0 1 1 1 2 2 0 0 3 0 0 0 1 0 3 0 2 0 2 0 0 1 2 0 1 0 0 1 1 2 0 1 2 0 1 1 0 1 2 0 1 0 3 0 0 0 2 2 0 2 0 1 0 0 1 2 0 1 1 1 2 0 0 1 2 2 0 1 0 0 1 0 3 0 0 0 0 1 1 1 2 1 2 1 1 2 0 1 2 0 0 0 2 1 1 0 3 0 1 1 0 0 1 1 0 1 1 0 1 1 0 1 3 0 1 0 1 1 2 0 1 1 0 1 0 0 1 0 0 1 0 2 0 0 2 1 1 1 1 0 0 1 0
1 192 1 1 1 2 0 1 1 2 0 3 0 2 1 2 2 0 1 0 0 0 1 1 0 0 0 3 0 2 1 0 0 0 0 1 2 0 2 0 0 0 0 0 1 2 1 2 1 1 0 0 0 2 1 1 0 3 0 1 1 1 0 2 1 3 0 1 0 0 1 2 0 3 0 2 0 1 0 2 2 0 0 3 0 3 0 0 0 3 0 2 1 2 1 1 1 2 1 0 1 3 0 2 2 0 1 0 0 2 0 3 0 1 1 1 0 3 0 2 1 2 1 2 1 1 0 1 0 2 1 1 0 0 2 0 1 0 0 3 0 0 1 1 1 2 1 2 2 0 1 0 0 3 0 0 0 1 0 3 0 0 1 1 1 3 0 3 0 3 0 2 2 0 2 0 0 2 0 1 0 0 1 3 0 0 1 3 0 1 0 0 2 0
1 193 1 0 2 1 0 0 0 0 0 0 3 0 2 0 1 0 3 0 2 1 1 0 1 0 0 1 3 0 1 1 0 0 0 1 0 1 0 1 2 1 0 0 1 1 1 0 0 1 2 0 0 1 1 1 2 1 2 2 0 1 2 1 2 0 1 1 3 0 1 1 0 0 3 0 0 2 0 0 2 0 3 0 2 0 2 1 1 1 3 0 2 0 0 2 0 0 0 1 1 1 2 0 2 0 3 0 3 0 0 0 2 2 0 1 2 1 3 0 2 0 1 0 0 1 2 0 2 1 1 1 2 0 1 1 3 0 3 0 1 1 2 0 2 1 1 0 1 0 3 0 3 0 1 1 1 0 2 1 2 1 2 0 2 1 2 0 3 0 3 0 2 1 0 1 2 2 0 1 3 0 1 1 1 1 2 1 1 1 3 0 1 1 2
0 193 2 1 1 1 0 0 0 0 0 1 3 0 0 2 0 0 3 0 1 1 2 0 2 0 1 1 1 2 0 1 0 0 1 0 0 0 0 1 0 1 0 0 3 0 1 0 1 0 3 0 1 0 2 1 1 0 1 1 0 1 1 0 0 0 0 0 1 2 0 1 0 1 2 1 2 1 3 0 0 0 3 0 1 0 1 2 0 0 2 0 0 1 2 1 2 1 1 0 2 1 0 0 1 0 3 0 2 1 1 1 2 1 0 1 1 0 2 0 0 1 3 0 1 1 0 0 1 2 0 0 0 0 0 0 2 0 3 0 0 0 0 0 1 1 2 0 2 1 3 0 2 2 0 1 2 1 2 0 1 0 0 0 2 0 0 0 3 0 3 0 1 1 1 1 1 1 0 1 1 2 0 2 0 0 0 2 0 0 2 0 0 0 0
0 194 1 1 1 2 2 0 0 0 0 1 1 1 1 2 1 3 0 2 0 0 0 0 0 0 2 0 2 0 0 3 0 2 1 2 0 0 0 0 2 0 2 0 1 2 1 3 0 2 1 2 2 0 0 1 1 2 0 3 0 0 0 1 0 0 0 0 1 0 1 0 0 0 1 1 0 1 0 1 1 1 1 2 2 0 0 0 0 2 2 0 1 2 1 1 0 0 1 2 1 1 1 0 0 2 1 3 0 1 2 0 0 0 1 1 0 1 1 0 1 2 1 1 2 0 1 0 1 0 0 2 1 0 0 0 1 1 0 2 1 1 0 0 1 0 0 0 0 2 0 2 0 2 1 0 1 0 2 0 1 3 0 0 1 0 1 1 1 3 0 2 2 0 1 3 0 2 0 0 0 2 2 0 1 2 1 1 1 2 2 0 1 1 0 0
0 195 1 0 2 1 1 0 2 1 0 0 3 0 2 1 1 0 2 0 0 1 1 0 0 0 1 2 0 1 3 0 2 0 1 2 0 1 1 0 1 2 0 2 0 1 1 0 2 0 2 0 1 0 2 2 0 0 0 0 2 1 1 0 2 0 0 0 0 2 0 2 0 0 1 0 1 0 2 0 3 0 2 1 1 0 2 1 0 1 2 1 0 1 0 1 2 0 1 1 0 1 2 2 0 1 2 0 2 0 0 0 2 1 1 0 1 0 3 0 0 1 0 2 0 0 3 0 3 0 3 0 0 1 0 0 1 0 1 1 1 1 2 0 0 2 0 0 0 1 1 0 1 0 1 1 1 0 0 2 0 1 1 1 2 0 0 0 2 1 2 0 2 1 0 1 2 0 0 1 1 1 2 1 0 1 0 2 0 0 1 1 0 0 1 0 0
0 195 2 1 1 1 2 1 1 1 0 1 3 0 1 1 2 1 0 1 2 0 1 0 0 1 0 1 0 1 2 0 1 0 0 1 0 0 1 1 0 1 0 2 0 0 1 1 1 0 0 2 0 0 2 0 2 1 0 1 1 1 2 1 0 1 1 0 1 2 0 1 2 1 2 0 2 1 1 0 3 0 1 1 2 1 1 1 1 1 0 1 1 0 0 0 3 0 3 0 0 1 1 1 0 1 0 0 0 1 1 1 1 1 2 0 2 1 2 1 2 0 0 1 3 0 2 0 3 0 2 1 1 2 0 0 2 0 3 0 2 0 3 0 1 1 2 1 1 0 1 0 2 0 3 0 1 0 1 2 0 0 2 0 3 0 0 1 2 0 0 0 1 1 1 0 3 0 1 0 2 1 0 1 1 0 0 1 2 1 2 2 0 0 2 0 0
0 196 1 1 2 0 0 0 1 3 0 0 1 2 0 0 0 0 1 1 0 3 0 2 0 1 0 0 0 0 0 3 0 2 0 0 2 0 0 3 0 0 0 0 1 2 1 3 0 1 0 1 1 3 0 0 0 1 1 1 0 2 1 0 1 1 0 1 1 0 1 0 1 1 0 0 0 1 1 2 1 3 0 0 0 0 1 3 0 2 0 0 0 1 0 0 1 3 0 2 1 2 0 1 2 0 2 0 0 1 0 2 0 2 1 0 0 2 0 0 2 0 1 2 1 2 0 1 0 3 0 1 2 0 0 3 0 0 0 3 0 1 0 3 0 0 0 0 1 2 0 2 1 1 0 2 2 0 0 0 0 3 0 0 0 2 1 2 0 3 0 0 0 3 0 1 1 2 2 0 0 1 1 1 0 1 0 1 1 1 0 1 0 2 2 0 1 1
0 197 1 0 2 1 2 1 1 1 1 1 2 0 3 0 0 0 1 0 1 1 3 0 0 1 3 0 0 0 0 1 3 0 0 1 2 1 3 0 1 1 1 0 1 1 1 0 1 2 0 0 0 0 1 1 1 0 3 0 1 1 1 1 1 0 1 0 3 0 0 0 0 0 1 0 0 1 0 0 1 0 1 1 1 0 1 1 2 0 0 1 1 0 2 0 1 1 2 0 2 0 0 0 0 1 0 1 2 1 2 1 1 0 1 1 0 1 0 1 2 2 0 1 0 2 0 2 0 0 3 0 0 0 3 0 1 1 1 1 2 2 0 0 2 1 1 0 1 1 0 0 1 1 2 1 2 0 2 1 0 1 2 1 1 1 2 0 0 0 2 1 1 1 3 0 0 0 1 0 2 1 3 0 1 0 2 0 3 0 1 0 2 1 2 1 0 0 1
1 197 2 1 2 0 0 1 3 0 2 1 0 0 2 1 1 0 2 1 0 0 1 1 2 1 1 1 1 0 1 1 1 1 2 1 1 0 1 2 0 1 2 0 3 0 1 1 0 0 2 1 0 0 3 0 1 1 2 2 0 1 3 0 1 0 2 1 2 1 1 0 0 0 2 0 0 2 0 0 2 0 3 0 1 0 3 0 3 0 1 0 1 1 1 0 0 0 0 0 0 1 1 0 1 0 0 1 1 0 0 1 2 0 3 0 0 0 0 1 1 1 0 0 0 2 0 1 3 0 1 1 1 1 2 2 0 2 0 0 1 0 3 0 0 1 2 0 2 2 0 1 0 0 1 0 0 0 1 1 1 1 0 1 3 0 3 0 0 1 1 2 0 0 1 1 1 0 2 1 2 0 1 2 0 0 1 0 2 2 0 0 2 0 0 1 0 0 2
0 198 1 1 2 0 1 2 1 2 0 1 1 0 1 1 1 2 1 1 1 0 1 0 0 0 1 3 0 1 0 3 0 2 1 0 1 2 1 0 1 0 1 0 0 2 2 0 1 0 1 1 1 0 1 3 0 0 0 1 1 0 1 1 2 0 0 2 0 0 1 2 0 0 1 0 1 2 1 3 0 0 0 2 2 0 0 3 0 2 1 3 0 3 0 1 0 0 0 0 0 1 0 1 0 2 0 1 0 1 0 1 1 0 0 2 1 1 0 1 0 1 2 0 0 1 2 0 1 1 2 0 2 0 0 1 1 0 1 2 1 2 1 2 1 2 1 0 0 2 0 3 0 2 1 2 0 0 0 3 0 2 0 0 1 2 0 2 1 2 0 2 1 2 1 3 0 1 1 2 0 0 0 0 0 2 1 2 1 2 0 2 2 0 1 1 2 0 1 1
0 199 1 0 2 2 0 1 0 2 0 2 0 1 1 0 2 1 0 1 2 2 0 2 0 0 1 1 1 2 0 0 3 0 1 1 1 1 0 1 0 2 0 2 0 1 2 1 0 0 0 0 2 0 0 1 1 1 1 0 3 0 0 0 2 1 2 2 0 1 2 0 3 0 1 0 0 1 1 0 1 1 1 1 2 0 3 0 2 0 2 0 2 0 2 1 3 0 0 0 0 0 2 0 2 1 0 1 3 0 2 0 2 2 0 1 1 1 2 0 2 1 0 0 2 2 0 1 0 0 2 2 0 1 2 1 3 0 0 1 1 0 1 0 1 0 0 1 0 1 1 0 3 0 1 2 0 1 1 1 3 0 0 1 2 1 0 0 2 0 0 0 2 0 1 0 1 2 0 2 0 1 1 0 0 1 2 0 1 0 0 0 2 1 0 0 2 2 0 0 1
1 199 2 1 2 1 0 0 0 2 0 2 0 0 1 1 1 1 1 1 1 1 0 1 2 1 3 0 2 1 3 0 1 2 0 1 3 0 0 0 0 2 0 2 0 1 0 1 0 0 0 1 0 1 2 0 2 0 1 1 2 1 1 1 2 0 1 1 0 1 0 0 2 1 3 0 1 0 1 0 3 0 2 1 0 0 3 0 1 0 1 0 1 0 2 0 1 1 1 0 0 1 1 0 1 1 1 1 2 0 1 0 2 1 0 0 2 1 0 0 1 1 0 1 2 0 3 0 3 0 1 1 0 1 1 0 1 1 2 0 1 0 2 0 2 0 1 0 0 0 1 1 3 0 0 1 0 0 2 1 1 1 2 1 0 1 0 1 0 1 1 1 0 2 0 0 0 1 0 2 0 0 1 0 1 0 3 0 2 0 0 1 1 1 0 1 2 0 2 1 2
0 200 1 2 0 0 1 0 0 1 2 0 1 2 1 3 0 2 0 2 0 2 0 0 1 1 0 2 0 2 0 2 0 0 1 0 1 1 1 1 0 1 2 0 1 3 0 3 0 2 1 1 0 0 1 0 0 1 0 0 0 0 1 3 0 3 0 2 2 0 2 0 1 2 0 1 1 3 0 2 1 3 0 1 1 0 1 2 1 3 0 2 0 2 1 0 2 0 1 2 0 1 0 1 0 3 0 2 0 3 0 2 1 1 1 0 1 1 1 0 0 3 0 0 1 0 0 3 0 2 2 0 1 1 0 1 0 3 0 3 0 2 1 1 0 0 1 3 0 0 1 0 0 1 1 1 2 0 1 1 2 0 0 0 1 1 0 0 0 0 0 2 0 0 1 2 1 1 0 0 1 2 1 2 0 2 1 3 0 0 1 2 0 2 0 0 1 0 0 2 0 0
0 201 1 0 3 0 0 2 0 1 0 1 0 1 1 0 2 0 1 0 1 0 0 1 2 0 1 1 1 0 1 0 0 1 2 0 0 0 2 0 1 1 0 1 0 1 2 0 3 0 1 1 2 0 0 2 0 0 2 0 0 0 1 1 2 0 3 0 2 1 0 2 0 1 0 0 0 0 2 0 2 0 1 2 0 1 1 1 1 0 2 0 1 0 1 1 1 2 0 0 3 0 2 0 2 1 3 0 1 0 3 0 1 1 3 0 0 0 1 2 0 1 2 1 1 2 0 1 3 0 2 1 0 0 1 0 2 1 3 0 3 0 1 1 2 0 1 1 1 1 1 2 0 0 3 0 2 2 0 0 2 1 2 1 1 0 1 0 0 0 0 1 0 1 2 1 0 1 2 0 1 1 1 0 0 0 2 0 1 1 2 1 0 0 0 1 1 2 0 1 0 1 1
0 201 2 1 2 1 2 2 0 0 0 0 0 0 1 1 0 1 3 0 2 0 1 0 3 0 3 0 1 0 2 0 1 0 3 0 0 1 0 2 0 1 1 0 0 1 0 0 2 2 0 2 0 1 2 1 2 2 0 1 1 1 0 0 0 0 3 0 1 1 1 1 3 0 2 1 0 1 1 0 1 0 0 1 0 0 2 0 1 1 0 1 3 0 3 0 2 1 3 0 2 0 1 0 2 0 1 2 0 0 3 0 0 0 1 1 1 1 0 1 0 1 0 2 0 1 0 1 2 0 1 1 0 0 2 1 2 0 2 0 2 2 0 2 0 2 0 1 3 0 2 1 3 0 2 0 2 0 3 0 1 0 0 1 2 0 2 0 0 0 1 0 0 1 0 1 1 0 3 0 3 0 1 0 0 1 1 0 0 0 0 1 0 0 1 0 2 2 0 0 0 0 1
1 202 1 2 0 1 0 1 0 2 1 0 0 0 0 3 0 0 1 2 0 0 2 0 0 3 0 2 2 0 0 0 2 0 0 2 1 2 0 0 2 0 0 1 0 0 2 0 1 2 1 0 2 0 1 1 0 1 1 0 0 1 2 0 0 0 1 2 2 0 2 0 0 2 0 1 1 1 0 1 0 2 0 0 2 0 1 0 2 0 1 1 1 2 0 3 0 2 0 2 0 0 2 0 0 1 0 0 0 3 0 1 1 1 0 3 0 2 0 0 0 0 0 0 2 0 0 0 0 3 0 2 2 0 1 2 0 0 0 1 0 2 1 0 2 0 2 0 1 2 0 2 0 2 0 1 0 1 0 2 1 3 0 1 1 0 0 0 1 1 0 2 0 1 0 0 0 1 1 3 0 2 1 3 0 1 0 1 0 0 0 0 2 0 0 2 1 2 0 2 1 0 0 2
0 203 1 0 3 0 2 0 2 1 1 1 0 0 0 1 2 1 2 0 3 0 1 1 3 0 2 0 2 0 2 1 1 1 3 0 0 2 0 1 2 1 2 1 2 0 1 2 0 1 0 1 1 2 0 0 1 0 2 2 0 1 0 0 2 1 1 1 1 1 0 1 2 2 0 2 0 1 2 0 2 1 0 1 2 2 0 0 0 2 0 0 2 1 0 0 3 0 1 0 0 1 2 1 2 1 2 0 0 1 2 2 0 1 2 1 3 0 0 1 1 0 0 0 1 1 2 1 0 1 3 0 2 1 0 0 3 0 0 0 2 1 1 1 1 2 0 2 0 1 0 0 1 0 0 1 3 0 2 1 2 0 1 2 0 1 0 0 1 0 1 1 0 1 3 0 0 1 0 0 2 0 2 0 1 1 3 0 2 0 0 0 1 1 3 0 1 0 0 0 1 1 0 1 1
0 203 2 1 3 0 1 0 1 1 2 2 0 0 1 1 1 0 0 0 3 0 0 0 2 0 1 0 1 0 1 2 0 0 1 1 2 2 0 1 1 0 1 0 0 0 0 1 0 0 0 0 2 1 2 1 2 1 2 0 3 0 3 0 0 1 3 0 2 0 0 1 1 1 0 2 0 1 0 0 1 1 1 1 1 0 2 1 1 1 3 0 0 1 0 1 2 1 3 0 1 1 1 0 0 2 0 1 2 1 1 1 0 1 1 0 1 1 2 0 1 0 0 1 0 0 0 1 1 1 2 0 1 1 0 1 2 1 1 1 1 1 3 0 2 2 0 1 3 0 2 1 2 0 1 1 2 0 2 0 0 0 0 0 3 0 2 1 2 0 3 0 0 1 1 1 1 2 0 1 1 0 1 0 0 0 2 0 0 1 1 1 0 0 1 1 3 0 0 0 3 0 0 0 1
1 204 1 2 0 1 2 0 0 0 0 1 0 2 1 3 0 1 0 0 1 2 1 1 1 0 1 3 0 2 1 0 0 2 2 0 0 1 1 0 0 1 0 2 0 0 0 0 2 0 0 0 1 2 0 1 0 1 0 0 0 3 0 2 1 2 1 2 0 0 1 2 0 2 0 0 1 3 0 2 1 3 0 2 0 1 1 1 2 0 0 1 1 2 0 0 1 1 0 1 2 0 1 2 0 1 2 0 1 0 1 3 0 0 0 1 0 3 0 3 0 2 0 0 2 0 0 1 0 2 0 3 0 3 0 0 1 0 1 3 0 2 1 2 0 2 1 0 1 2 0 2 0 0 0 0 0 0 0 0 1 1 0 0 1 3 0 2 0 0 0 2 1 2 0 2 0 2 2 0 0 1 0 2 0 0 1 0 1 2 0 1 2 0 1 0 0 1 1 1 1 2 1 1 0 2
0 205 1 1 0 0 0 0 2 1 0 0 2 1 2 0 1 1 3 0 1 1 0 1 3 0 0 1 2 0 1 1 0 1 2 0 2 1 2 2 0 0 2 1 0 1 1 0 1 1 2 1 1 0 3 0 2 0 2 0 0 1 3 0 2 0 0 2 0 1 2 1 0 0 0 1 2 1 2 0 2 0 2 0 0 2 0 2 0 0 2 1 3 0 3 0 1 0 1 1 0 1 0 1 0 0 0 1 0 0 0 1 1 1 1 0 2 1 3 0 3 0 0 1 2 1 2 1 2 1 1 0 3 0 2 1 2 0 0 1 2 0 2 0 0 0 1 1 1 1 0 0 0 1 1 0 0 0 0 0 1 0 1 0 1 1 2 0 0 1 1 1 2 0 0 0 1 0 2 0 2 1 2 1 0 1 2 0 0 1 0 0 0 0 3 0 2 1 3 0 2 1 0 1 2 1 1
0 205 2 2 0 0 0 1 1 1 0 1 2 0 0 0 0 0 1 2 0 1 1 1 1 1 2 0 3 0 3 0 0 1 0 0 2 0 1 0 3 0 0 1 1 0 1 1 0 0 0 1 2 1 3 0 1 0 0 1 2 1 2 0 0 1 2 2 0 1 0 1 0 0 1 1 1 0 0 0 1 0 0 1 2 2 0 1 3 0 1 0 2 0 2 1 3 0 2 2 0 2 0 2 0 0 0 2 0 0 1 0 2 0 1 1 2 0 2 0 2 1 2 1 1 0 1 0 0 1 2 1 3 0 1 2 0 1 2 1 0 0 0 1 1 0 3 0 1 2 0 0 1 0 1 0 0 0 0 0 2 0 2 0 3 0 3 0 1 0 2 0 3 0 0 0 2 1 1 0 2 0 0 1 1 0 3 0 0 2 0 0 0 1 3 0 2 0 2 0 1 1 1 1 0 1 2
1 206 1 2 0 2 1 1 0 2 0 0 0 3 0 0 0 0 1 0 1 0 0 2 0 2 1 0 0 3 0 2 1 1 2 0 1 0 2 0 0 2 1 2 0 1 0 2 2 0 0 1 1 1 0 1 1 3 0 1 1 0 2 0 1 2 1 1 0 3 0 3 0 2 1 3 0 1 0 0 0 2 0 1 1 1 1 0 1 1 2 0 0 1 0 2 0 2 0 2 1 0 2 0 1 2 1 1 1 2 1 2 1 1 0 0 0 0 0 1 0 2 0 0 1 2 0 2 0 1 1 1 0 2 0 0 1 0 1 0 1 0 0 1 0 1 1 3 0 0 0 2 1 2 0 2 0 0 0 0 1 1 0 1 0 3 0 2 2 0 0 1 0 2 1 1 1 1 1 2 1 0 1 2 0 1 1 2 1 2 1 2 1 1 1 2 0 1 0 0 2 0 1 3 0 0 1 0
1 207 1 1 0 0 1 1 2 1 0 1 1 1 2 1 1 0 0 2 0 2 0 1 1 0 1 1 0 1 3 0 1 2 0 1 0 0 0 1 3 0 0 2 0 2 0 0 2 0 2 1 3 0 1 1 0 0 1 2 0 1 1 2 0 1 0 1 2 1 3 0 3 0 2 0 1 1 3 0 0 1 0 2 0 1 3 0 0 0 2 1 2 1 2 1 1 0 1 0 1 1 1 2 0 1 0 2 0 0 1 0 0 1 2 0 0 0 0 0 2 1 0 1 2 1 0 0 0 2 0 1 2 1 0 1 1 2 0 2 0 2 0 0 2 1 0 0 1 1 1 1 2 0 0 0 0 1 1 0 1 0 1 0 2 1 3 0 2 0 2 1 2 1 1 1 3 0 2 1 0 1 1 1 0 0 0 0 1 0 1 0 0 1 3 0 3 0 2 0 1 2 0 1 1 1 1 2 0
1 207 2 2 0 1 0 0 0 1 1 0 2 1 0 1 2 0 1 2 0 2 0 0 1 0 3 0 0 1 2 0 0 0 3 0 2 1 1 1 1 1 2 2 0 1 3 0 0 0 2 0 1 2 0 1 0 1 0 1 0 0 2 2 0 0 0 1 1 0 2 0 3 0 1 0 0 0 1 1 2 0 0 2 0 1 1 1 1 1 2 0 1 0 0 1 2 0 2 0 3 0 2 2 0 0 0 1 2 1 2 0 1 0 3 0 0 0 0 1 1 1 1 1 0 1 0 0 1 2 0 1 0 1 1 0 2 2 0 2 0 1 3 0 0 1 0 0 3 0 2 0 3 0 0 0 1 0 1 0 2 0 2 1 2 0 2 0 1 0 2 0 0 2 0 0 2 0 1 1 1 0 1 2 0 0 0 0 2 0 2 0 1 1 2 0 3 0 1 0 0 1 0 0 2 0 2 1 2
0 208 1 2 0 3 0 2 1 1 0 1 1 1 1 1 1 0 0 0 1 0 1 2 1 2 1 2 1 2 0 3 0 0 1 3 0 1 1 3 0 2 1 1 1 0 1 1 1 1 1 1 0 0 0 3 0 3 0 3 0 3 0 1 0 2 1 1 0 1 1 1 0 2 1 3 0 0 0 3 0 3 0 1 2 0 0 2 0 2 0 3 0 2 0 1 1 0 0 1 0 3 0 2 0 2 1 1 1 0 2 0 2 0 0 2 1 1 0 1 0 2 0 1 2 0 2 0 1 0 1 0 0 0 0 1 1 2 1 0 2 0 1 1 1 1 2 0 1 3 0 1 0 2 1 1 0 2 0 2 1 1 0 2 0 0 0 0 2 0 0 0 1 2 1 2 2 0 2 0 1 2 1 0 0 2 1 0 1 1 0 1 0 0 0 0 0 2 1 3 0 0 2 0 1 1 0 2 0 0
0 209 1 1 0 0 3 0 1 1 2 0 3 0 2 0 1 2 0 0 1 0 0 1 1 0 1 0 1 0 0 0 2 1 2 1 2 0 0 0 2 0 1 1 3 0 0 0 2 0 2 0 1 0 0 1 3 0 3 0 3 0 2 2 0 0 1 1 2 0 3 0 1 1 2 0 1 1 1 1 3 0 3 0 0 0 3 0 0 0 1 0 3 0 0 2 0 1 0 0 2 1 3 0 1 0 1 1 3 0 0 2 0 1 3 0 0 1 2 0 2 1 1 0 0 1 0 1 3 0 3 0 2 1 0 1 0 0 0 1 1 2 0 0 2 0 2 2 0 1 1 2 0 0 1 1 2 1 1 0 1 1 2 1 0 1 1 0 1 1 2 1 1 1 1 0 1 1 0 2 0 1 0 1 0 1 1 1 1 0 1 0 2 0 0 0 0 1 2 0 1 1 2 2 0 0 1 1 0 1 1
0 209 2 2 0 1 3 0 0 0 0 0 3 0 1 0 0 0 2 1 2 0 1 0 1 0 2 0 2 0 0 1 2 0 0 2 0 1 1 1 1 0 0 0 1 1 1 1 1 0 0 1 3 0 1 1 2 0 3 0 3 0 2 0 2 2 0 0 0 0 2 2 0 2 0 2 0 2 0 0 2 0 2 1 1 1 2 1 1 0 2 1 2 1 2 1 3 0 3 0 1 0 1 2 0 0 0 0 1 1 2 2 0 1 1 1 2 1 0 0 1 1 2 0 1 0 0 1 2 0 3 0 1 1 0 2 0 0 1 0 2 1 3 0 0 0 2 1 0 0 2 1 2 2 0 0 0 1 2 1 0 0 0 1 1 0 1 1 0 0 0 1 3 0 1 0 3 0 0 2 0 0 0 0 0 0 2 0 1 0 2 1 0 1 1 0 1 1 0 0 0 0 1 0 2 1 3 0 0 0 1
1 210 1 2 1 0 1 1 1 1 0 0 1 2 1 3 0 0 1 1 2 0 1 3 0 2 1 1 0 0 1 2 0 3 0 1 2 0 0 2 0 1 0 0 0 3 0 2 0 1 0 1 1 2 0 0 0 0 0 3 0 3 0 1 0 2 0 2 1 0 1 2 1 0 2 0 2 0 1 3 0 0 0 1 2 0 0 0 1 2 1 2 0 1 0 1 0 2 0 2 2 0 0 0 0 2 1 0 1 0 0 1 1 0 0 2 1 0 1 0 0 3 0 3 0 2 0 1 1 0 0 2 2 0 1 1 1 2 1 2 1 2 0 1 1 1 1 1 1 0 1 2 0 1 0 2 1 1 1 0 1 0 0 1 0 1 0 2 2 0 0 1 1 1 2 0 0 2 1 2 1 2 1 0 0 0 1 0 2 0 0 1 1 1 0 1 0 2 2 0 0 0 0 2 1 2 0 1 1 1 0 2
0 211 1 1 0 1 1 0 2 0 1 0 1 1 1 0 1 1 2 0 2 2 0 1 2 0 1 1 2 0 1 1 0 0 3 0 0 0 2 2 0 1 3 0 0 1 3 0 0 1 3 0 3 0 3 0 0 0 0 1 3 0 2 2 0 0 1 0 1 1 1 1 0 1 1 2 0 2 0 1 1 1 1 1 0 0 2 1 1 1 0 2 0 1 3 0 2 1 1 0 2 0 2 1 0 1 1 1 0 2 0 0 2 2 0 1 1 1 0 2 0 1 3 0 3 0 0 2 0 1 0 1 2 1 0 0 2 1 1 0 0 2 0 2 0 1 3 0 2 0 0 0 3 0 2 1 1 1 2 2 0 2 0 0 2 0 2 1 2 0 2 1 3 0 2 1 3 0 1 0 1 0 0 1 0 0 1 0 0 1 2 1 3 0 1 0 2 1 2 0 2 1 0 1 1 2 0 2 0 1 2 1 1
0 211 3 0 0 0 1 1 0 1 3 0 3 0 1 1 0 0 0 0 2 1 0 0 3 0 3 0 3 0 2 2 0 1 2 1 1 1 2 1 0 1 1 1 2 1 1 1 2 1 2 0 3 0 2 1 1 0 1 1 2 0 2 0 2 1 2 0 3 0 2 0 0 0 2 2 0 2 0 0 2 0 1 2 0 1 1 1 3 0 0 2 0 1 2 0 1 1 2 1 1 0 1 1 1 0 2 0 0 1 3 0 1 1 0 0 2 0 0 2 0 1 2 0 2 1 2 2 0 0 0 1 0 1 0 1 1 1 2 0 1 2 0 2 0 1 2 0 0 1 1 1 3 0 1 2 0 0 1 1 0 1 3 0 0 0 2 0 0 0 2 0 2 0 2 0 1 1 3 0 2 0 0 2 0 0 2 0 1 1 1 0 1 2 0 0 2 0 0 0 1 1 1 0 2 2 0 2 0 1 0 1 2
1 212 1 2 1 1 0 3 0 0 1 2 0 2 2 0 1 0 0 0 1 1 1 0 1 3 0 3 0 3 0 2 1 0 1 0 2 0 0 0 1 1 0 2 1 0 2 0 0 1 0 0 0 3 0 1 1 2 1 0 0 0 0 1 0 2 0 0 0 3 0 0 1 1 1 2 1 0 1 3 0 0 0 0 1 0 0 2 1 1 1 2 2 0 1 0 0 0 0 0 1 2 0 3 0 1 1 0 1 2 1 1 2 0 1 0 1 0 1 2 2 0 1 0 0 2 0 1 0 2 1 1 0 0 0 0 0 2 1 0 0 0 1 0 2 0 0 3 0 1 0 2 1 2 0 0 0 2 1 3 0 0 1 1 1 1 1 0 1 1 1 1 0 1 0 1 0 0 0 2 0 0 1 2 1 2 2 0 2 0 1 2 1 0 0 2 2 0 1 1 0 3 0 1 1 2 1 0 2 0 0 0 1 0
1 213 1 1 0 1 2 1 2 1 2 1 0 0 2 0 3 0 2 1 1 0 2 0 0 1 2 0 3 0 3 0 1 1 1 0 0 1 2 1 1 0 1 1 1 1 1 1 2 1 2 0 0 1 3 0 0 0 0 1 0 0 0 0 2 1 0 1 1 1 2 1 2 0 2 1 0 1 1 1 1 1 1 0 0 2 0 1 1 2 0 0 1 0 3 0 2 1 0 0 1 1 0 0 2 2 0 1 1 1 0 2 0 1 0 0 0 0 0 1 1 0 3 0 2 2 0 2 0 0 1 1 2 0 0 0 0 1 1 1 0 0 1 0 0 1 3 0 1 2 0 0 1 2 0 1 1 1 2 0 1 1 2 0 2 0 2 0 0 0 2 0 1 0 2 0 2 0 0 1 0 1 2 1 1 0 1 1 0 2 0 1 0 1 0 1 2 1 0 0 1 1 3 0 0 0 0 1 1 1 2 1 0 2 0
0 213 3 0 0 1 1 0 1 0 0 1 0 1 1 0 3 0 1 1 2 1 0 1 2 1 0 0 3 0 2 2 0 1 2 0 1 1 0 1 2 0 3 0 2 0 2 1 0 2 0 1 2 1 1 1 1 0 0 2 0 0 0 1 1 1 1 0 2 1 1 0 0 0 1 1 1 0 2 0 2 0 1 0 1 2 0 0 2 1 2 1 2 1 3 0 1 1 0 0 2 2 0 1 2 1 0 0 2 0 0 1 3 0 2 1 0 0 1 0 1 1 3 0 2 1 0 1 2 1 3 0 3 0 0 0 1 0 1 2 0 0 2 0 1 1 2 0 0 0 2 2 0 1 0 0 2 1 0 0 0 0 0 0 1 0 0 1 1 1 0 2 0 0 1 0 0 1 2 0 0 1 0 1 2 0 3 0 0 2 0 0 0 0 0 1 0 1 0 1 0 0 1 1 1 0 1 0 2 1 0 1 1 1 2
1 214 1 2 1 2 0 1 0 2 0 1 0 0 0 1 1 3 0 0 0 0 1 1 1 0 1 0 1 3 0 2 1 0 0 3 0 3 0 0 1 0 0 3 0 1 0 1 1 1 2 0 1 0 1 3 0 1 0 1 1 2 1 1 0 2 0 1 1 1 1 2 0 0 0 3 0 1 1 1 0 0 2 0 0 0 0 3 0 1 0 1 0 1 0 1 2 0 1 0 1 2 1 0 1 0 1 0 1 0 1 2 1 2 0 1 1 0 0 2 1 0 0 2 0 1 1 1 1 1 0 2 0 2 1 1 0 2 1 0 0 2 2 0 2 0 2 0 1 1 1 2 0 3 0 3 0 0 1 0 0 0 0 0 0 2 0 1 0 2 0 0 1 2 1 2 0 1 0 3 0 1 0 0 1 0 0 2 1 2 1 2 1 0 0 0 2 0 2 0 2 0 0 3 0 1 0 2 1 1 1 1 0 2 1 0
1 215 1 1 0 2 0 2 0 0 0 1 3 0 0 1 0 0 1 1 1 0 1 0 2 0 0 0 0 1 2 0 1 1 0 1 3 0 2 1 1 2 0 1 2 1 3 0 3 0 2 2 0 0 0 1 1 2 0 0 0 0 0 1 2 1 0 2 0 1 3 0 3 0 0 1 2 2 0 1 2 0 1 1 2 1 0 1 2 1 3 0 2 0 2 1 0 1 0 0 0 1 0 1 1 0 0 0 0 0 0 1 0 2 0 2 0 1 0 1 1 1 0 1 0 2 0 1 3 0 1 1 1 0 1 1 2 1 1 1 0 1 2 1 0 2 0 2 0 0 2 1 0 0 3 0 2 1 1 2 0 0 0 0 0 1 0 2 0 0 0 1 2 1 0 2 0 2 0 0 2 1 3 0 0 2 0 1 2 0 1 0 0 1 0 0 1 2 0 2 0 1 3 0 1 2 0 0 1 1 3 0 1 1 1 1 0
1 215 3 0 0 2 0 1 2 1 1 1 1 1 1 2 0 0 3 0 1 0 2 1 0 1 1 0 1 0 3 0 3 0 0 1 2 0 1 2 0 1 0 1 1 0 2 0 3 0 2 0 2 1 1 0 2 1 2 1 0 0 1 1 0 1 1 2 0 1 2 0 2 1 2 1 1 1 0 1 0 0 0 0 0 1 1 1 1 0 2 0 1 0 1 1 0 2 0 0 1 0 0 0 1 0 0 0 0 0 1 0 0 2 0 2 0 0 0 0 2 0 0 0 0 2 0 1 1 2 0 1 2 1 0 0 0 1 3 0 0 1 0 1 1 2 0 1 3 0 0 1 0 1 3 0 1 2 0 0 2 1 0 0 1 0 0 1 2 1 1 1 0 1 1 2 0 1 3 0 1 0 1 1 2 2 0 0 3 0 2 0 0 2 0 1 0 1 0 2 0 1 2 0 0 0 2 2 0 0 1 2 0 1 2 2 0
1 216 1 2 1 2 2 0 1 0 1 3 0 2 0 2 1 3 0 1 2 0 0 1 1 1 0 1 0 2 1 3 0 2 1 2 1 0 0 0 1 0 0 0 0 1 1 1 0 3 0 1 0 1 1 2 1 2 0 0 1 0 0 3 0 0 0 2 2 0 1 0 0 2 0 0 1 2 2 0 2 0 0 0 0 1 0 2 0 1 1 0 1 3 0 3 0 0 1 2 1 2 0 0 0 2 0 0 0 0 0 2 0 1 2 0 1 2 1 0 1 0 1 1 0 1 2 0 0 2 2 0 1 0 1 0 0 1 1 1 1 2 0 0 0 2 2 0 1 1 1 2 0 0 1 2 0 0 0 3 0 0 1 0 0 2 0 1 1 0 1 3 0 0 0 2 2 0 1 1 2 0 0 0 0 1 0 3 0 2 0 0 1 2 2 0 0 0 0 0 2 0 0 3 0 0 1 2 0 2 2 0 1 0 1 1 0 2
0 217 1 1 1 0 1 1 0 0 0 1 2 0 1 0 2 0 2 0 0 0 2 1 3 0 1 0 2 1 2 0 2 0 2 0 0 1 0 0 0 2 0 0 0 0 3 0 1 1 2 2 0 0 0 0 0 2 0 1 1 2 0 1 2 1 1 1 2 0 3 0 2 2 0 1 2 1 1 1 0 1 2 1 0 0 2 1 0 2 0 1 1 1 2 0 2 1 2 1 0 2 0 1 1 1 0 1 1 0 0 1 1 0 0 1 0 1 0 1 1 0 0 0 1 1 0 0 3 0 1 0 3 0 3 0 2 1 3 0 2 0 3 0 0 1 2 1 0 0 2 0 3 0 1 0 3 0 0 1 2 1 1 2 0 1 0 2 0 1 1 1 1 1 1 1 2 1 0 0 2 1 2 1 0 0 2 1 3 0 0 1 2 1 1 0 2 1 0 0 1 1 3 0 1 1 2 1 0 0 2 1 0 0 0 0 1 1 1
0 217 3 0 1 0 2 2 0 0 1 0 3 0 2 1 1 0 0 1 1 1 2 0 1 2 0 0 2 0 0 0 1 0 0 1 1 2 0 0 1 1 2 1 0 1 3 0 0 0 1 0 2 1 0 0 1 2 0 0 2 2 0 1 0 2 0 0 0 0 3 0 2 1 0 1 0 1 3 0 0 1 0 1 0 1 1 1 1 2 0 0 2 1 0 0 2 0 0 1 1 2 0 0 2 0 0 0 1 0 1 0 1 0 1 0 0 0 0 0 1 0 0 0 2 2 0 1 2 2 0 0 3 0 3 0 2 0 2 0 1 0 2 1 2 1 0 1 0 1 1 0 2 2 0 0 2 1 2 1 0 2 0 1 0 0 0 2 0 0 2 0 2 0 2 1 0 1 0 1 2 0 0 1 0 1 2 0 1 1 2 1 0 1 2 1 1 1 0 1 0 0 2 0 0 0 0 1 0 1 1 1 0 0 0 0 3 0 1
1 218 1 2 2 0 0 2 0 2 1 2 1 3 0 1 1 2 0 1 0 2 1 0 0 0 0 2 2 0 1 1 0 2 0 1 0 2 1 2 2 0 0 0 1 1 1 1 1 1 0 2 1 1 1 0 1 0 0 3 0 1 1 0 0 0 1 2 1 0 1 3 0 1 1 1 0 0 1 1 1 2 0 0 0 0 0 2 0 2 1 3 0 0 1 0 1 0 1 2 0 2 1 2 2 0 1 1 0 2 0 2 0 2 0 2 0 0 0 0 0 2 0 0 1 2 1 0 1 1 0 3 0 2 0 3 0 1 0 0 2 0 0 2 0 0 1 1 0 0 0 1 1 2 0 3 0 1 0 0 1 1 1 3 0 2 1 1 1 3 0 0 0 1 0 1 1 1 0 0 0 3 0 1 0 0 1 0 0 0 0 0 1 1 1 0 1 2 2 0 2 0 1 0 1 1 0 1 0 0 0 1 2 0 0 0 1 2 2 0
1 219 1 1 1 0 3 0 0 0 2 0 1 0 1 2 0 2 0 2 0 0 1 1 0 0 0 1 2 1 0 0 1 1 0 2 0 0 2 0 1 0 2 1 1 0 2 0 2 0 1 1 1 1 2 2 0 2 0 1 2 2 0 1 0 0 1 1 0 1 1 1 1 2 0 1 2 0 1 0 2 0 3 0 0 0 0 1 1 0 2 0 1 1 2 0 0 0 0 1 0 0 2 0 1 1 0 0 1 1 1 0 1 0 1 0 0 1 1 0 0 1 0 1 2 1 0 1 1 0 1 1 3 0 1 0 2 1 3 0 1 1 2 2 0 1 2 0 1 0 0 1 0 0 0 0 2 1 3 0 1 0 2 1 2 0 1 2 0 0 1 1 1 0 2 0 3 0 1 0 0 1 2 1 3 0 0 2 0 0 0 0 1 0 2 0 0 1 1 1 0 2 0 0 0 0 1 0 2 0 0 1 0 0 2 1 1 1 1 0 2
0 219 3 0 1 1 2 1 1 1 0 2 0 0 0 1 0 2 0 1 2 1 2 2 0 0 1 1 0 1 0 0 3 0 0 1 2 2 0 2 0 0 1 1 2 1 1 0 0 2 0 2 0 0 1 1 0 2 0 1 1 0 3 0 2 1 3 0 0 0 2 0 2 2 0 0 3 0 2 1 1 0 2 1 1 0 1 0 1 1 0 2 0 2 0 1 1 0 0 2 0 1 0 2 0 1 0 0 3 0 1 0 2 0 2 0 1 0 1 0 1 0 0 1 0 1 1 0 1 1 0 0 1 2 0 0 2 0 2 0 0 0 1 1 0 0 3 0 2 0 0 2 0 0 0 1 2 0 1 2 0 0 2 0 0 0 0 0 2 1 3 0 1 1 1 0 2 1 3 0 1 1 1 0 1 1 2 1 2 1 0 0 2 1 0 1 2 0 2 0 0 1 2 1 0 0 2 1 0 1 1 2 0 1 1 1 3 0 1 1 1
0 220 1 3 0 0 0 0 1 3 0 0 1 2 1 1 0 0 2 0 1 1 0 1 0 2 1 2 2 0 2 0 1 2 1 2 1 1 1 0 1 2 2 0 0 0 1 2 0 1 2 0 1 2 1 3 0 0 2 0 0 1 1 3 0 2 0 1 1 1 1 1 0 2 0 3 0 2 0 1 1 2 1 1 1 2 0 2 0 3 0 0 2 0 2 0 0 1 0 1 2 0 0 0 1 3 0 3 0 1 2 0 0 1 0 0 1 3 0 2 0 2 0 1 0 0 0 1 0 2 2 0 1 0 0 3 0 0 0 0 1 1 0 2 2 0 1 3 0 0 1 2 1 2 1 1 1 0 0 0 0 2 2 0 1 1 0 0 1 2 0 1 2 0 1 2 1 2 0 1 2 0 1 2 1 0 0 1 0 0 1 0 1 1 1 1 1 0 0 0 1 2 1 0 1 0 1 1 1 1 0 2 2 0 0 2 1 1 2 0 1 2
1 221 1 1 1 1 1 0 1 1 1 1 2 1 0 1 2 0 1 2 0 0 1 0 2 1 2 0 1 1 0 2 0 1 1 0 0 1 3 0 0 1 1 0 2 1 1 1 0 0 0 1 0 1 1 0 1 1 2 1 2 2 0 0 2 0 0 2 0 1 3 0 1 1 1 0 3 0 1 0 0 0 0 2 0 0 0 0 1 0 2 1 2 2 0 1 2 1 2 1 0 0 2 1 1 1 2 0 3 0 0 0 2 1 2 0 1 1 2 0 1 0 0 1 3 0 0 0 2 1 2 0 3 0 3 0 1 1 1 0 1 0 1 1 2 1 0 1 1 1 2 1 1 0 0 1 2 2 0 0 0 1 2 1 0 0 1 0 1 1 0 0 0 1 0 1 1 0 0 0 0 1 0 1 0 1 0 0 2 0 1 0 0 0 2 0 1 2 0 0 1 1 0 1 1 0 0 0 2 0 1 1 2 0 3 0 0 2 0 1 0 1 0
1 221 3 0 2 0 1 0 3 0 2 1 0 1 1 1 0 0 0 0 2 1 2 1 1 2 0 2 0 1 1 2 0 0 1 0 1 1 1 1 2 0 1 1 1 1 2 2 0 0 1 0 0 0 1 1 0 0 1 0 1 0 2 2 0 1 2 2 0 1 1 2 0 1 2 1 2 1 3 0 0 0 1 1 2 1 0 0 2 1 2 0 1 1 0 1 1 0 0 1 0 1 1 2 0 0 0 0 2 1 1 1 1 2 0 2 0 2 0 1 3 0 1 1 1 1 1 1 2 0 0 0 3 0 2 2 0 1 2 0 2 1 0 0 0 1 1 0 2 1 0 1 2 0 1 1 1 0 2 1 1 1 0 1 0 0 2 0 2 2 0 0 1 0 0 0 1 0 0 0 0 2 0 2 0 2 0 1 0 1 3 0 0 1 1 0 0 0 2 1 3 0 0 0 1 0 0 1 1 0 0 0 0 0 2 1 2 1 3 0 3 0 2
0 222 1 3 0 0 2 0 0 3 0 1 1 1 0 1 2 0 0 0 1 2 0 0 2 0 1 0 2 0 0 2 1 2 1 2 0 3 0 2 0 3 0 3 0 2 1 1 0 2 1 2 0 0 0 2 2 0 0 2 0 2 1 2 1 0 1 1 1 0 0 2 2 0 1 1 0 1 0 1 1 1 1 0 0 0 1 0 1 1 2 0 2 0 1 1 0 1 0 1 0 0 0 2 1 2 1 0 1 1 1 3 0 2 2 0 2 0 2 0 1 1 2 0 1 3 0 2 0 3 0 0 1 3 0 2 1 0 1 0 0 1 1 0 0 1 0 1 1 1 1 1 0 3 0 3 0 1 1 1 1 2 2 0 2 0 1 1 0 2 0 2 1 2 0 0 0 2 0 0 0 1 2 0 2 0 2 0 0 0 1 1 1 2 0 1 0 0 1 2 0 1 1 1 0 2 0 1 0 1 0 0 0 0 1 2 0 1 0 2 0 3 0 1
1 223 1 1 1 1 2 1 3 0 1 2 0 1 2 1 0 0 2 1 1 0 3 0 1 2 0 0 0 1 3 0 1 0 1 0 0 0 3 0 1 0 3 0 3 0 1 1 2 1 1 2 0 1 1 1 2 0 3 0 0 0 2 0 0 1 1 0 1 2 0 1 2 1 0 0 1 0 2 0 3 0 1 2 0 0 1 0 0 0 2 2 0 2 0 0 1 0 2 0 2 0 0 1 2 0 0 1 1 0 2 1 2 0 2 1 0 2 0 2 0 0 2 2 0 1 2 0 1 0 2 1 2 1 2 0 1 1 0 2 0 0 2 2 0 0 2 0 3 0 2 0 1 1 3 0 2 2 0 2 0 0 1 1 0 2 0 0 1 1 1 0 1 2 0 1 1 1 0 1 1 1 0 1 0 2 0 1 2 1 1 0 2 0 3 0 2 0 1 0 3 0 3 0 1 1 0 1 3 0 2 0 0 0 1 0 3 0 2 1 1 0 2 2 0
1 223 3 0 2 1 1 0 2 0 0 1 0 1 0 1 0 1 1 1 2 1 3 0 0 0 2 1 1 1 1 1 3 0 2 0 0 1 2 2 0 0 3 0 3 0 0 0 0 2 0 1 0 0 2 1 0 0 2 1 1 1 0 1 2 0 1 1 0 1 0 1 0 1 0 0 2 1 1 0 3 0 0 0 2 1 2 0 0 1 2 1 0 1 2 1 2 1 1 0 0 1 2 0 3 0 1 0 1 1 2 0 0 0 1 1 1 2 0 1 3 0 1 1 0 0 3 0 2 1 2 0 0 2 0 2 0 1 1 1 3 0 1 0 3 0 0 0 3 0 1 0 0 0 2 0 2 1 0 1 2 1 3 0 0 1 2 1 3 0 1 1 0 1 0 0 2 0 0 0 2 0 0 0 0 2 0 1 0 1 2 1 1 0 3 0 0 2 0 0 3 0 2 2 0 1 1 1 2 0 0 1 1 0 2 1 3 0 1 1 2 1 2 0 2
0 224 1 3 0 1 1 2 1 0 1 2 0 0 0 0 0 0 0 2 1 1 0 1 1 1 1 1 1 3 0 2 1 2 0 0 1 2 1 1 0 3 0 2 0 2 1 1 0 1 1 3 0 3 0 0 1 0 1 1 1 3 0 0 0 3 0 2 2 0 2 0 2 0 2 0 1 1 1 2 1 2 1 1 1 1 2 0 1 2 1 0 1 1 1 1 0 0 1 2 0 1 1 0 0 2 1 3 0 3 0 3 0 0 0 3 0 2 2 0 1 1 2 0 1 0 1 3 0 1 2 0 1 2 2 0 2 0 0 2 1 1 2 0 0 2 1 1 1 2 1 3 0 0 1 1 0 1 1 1 1 1 0 1 1 2 1 1 0 1 2 0 1 0 2 0 1 0 1 1 1 0 1 1 0 1 2 0 0 0 1 0 1 2 1 2 1 2 1 3 0 2 0 2 1 0 0 2 0 3 0 1 0 1 1 2 0 2 0 0 0 1 0 0 0 1
1 225 1 1 2 0 0 0 0 1 1 0 3 0 0 0 0 0 0 1 1 1 2 0 3 0 2 0 2 1 2 0 1 2 0 1 2 1 0 1 2 1 3 0 1 0 1 1 2 1 0 0 2 0 2 1 2 0 0 0 2 1 1 1 1 1 3 0 2 1 0 2 0 2 0 2 0 0 2 1 1 0 0 1 3 0 2 2 0 1 0 1 1 0 2 0 1 0 1 0 3 0 2 2 0 1 2 0 2 0 3 0 2 1 1 1 3 0 2 1 0 0 2 2 0 0 0 1 2 0 0 1 0 1 1 1 0 1 3 0 0 2 0 0 3 0 0 2 0 0 1 0 1 1 2 0 1 0 3 0 2 0 1 1 0 0 0 1 2 1 0 1 0 0 0 2 0 0 0 0 2 0 0 0 1 1 0 0 2 1 1 0 0 1 1 0 1 0 1 0 2 0 1 0 1 1 0 1 1 0 2 2 0 0 0 0 0 0 0 1 1 0 2 0 0 0 2
0 225 3 0 3 0 0 0 1 0 1 1 2 1 1 0 0 0 1 0 2 1 0 0 3 0 1 0 2 0 0 0 0 1 0 1 0 1 1 1 1 0 1 2 0 0 0 0 0 1 0 1 1 0 1 2 0 1 1 1 1 1 3 0 2 1 2 0 1 1 1 2 0 2 0 1 3 0 0 1 2 0 1 1 2 0 2 1 0 0 0 0 1 1 0 1 3 0 2 1 3 0 2 1 0 1 0 0 1 0 3 0 1 2 0 0 2 0 1 1 0 1 2 0 2 1 1 0 3 0 1 0 0 0 2 0 0 1 1 1 2 1 3 0 1 1 2 1 2 1 2 0 3 0 3 0 2 1 3 0 0 2 0 1 0 0 1 1 0 1 0 2 0 0 1 1 2 1 0 1 0 1 1 0 2 2 0 1 1 1 2 0 1 0 1 0 2 0 2 1 0 1 3 0 3 0 0 0 1 1 2 0 2 1 0 0 0 0 1 0 1 1 0 1 1 1 1
0 226 1 3 0 2 1 1 0 2 1 0 0 0 1 2 0 0 0 2 1 1 1 0 1 2 2 0 0 0 1 1 0 1 0 0 0 0 0 2 0 1 1 0 0 2 1 0 0 1 0 0 0 1 1 0 1 0 0 2 0 2 1 2 0 1 2 0 2 0 2 0 1 0 2 0 1 1 1 2 1 0 0 0 0 0 0 1 1 0 0 0 0 3 0 0 1 2 0 2 0 2 0 1 1 0 2 0 0 2 1 3 0 0 0 2 2 0 2 0 1 1 1 0 0 1 1 2 1 2 1 3 0 0 1 0 1 2 0 2 1 1 0 2 0 0 0 1 0 1 0 0 0 3 0 3 0 2 0 1 1 2 1 3 0 2 1 3 0 0 0 0 1 2 2 0 0 0 1 1 0 0 0 1 1 2 1 0 0 2 0 3 0 2 0 2 1 1 0 1 1 1 1 2 0 2 1 1 1 0 0 0 0 1 1 0 0 0 0 2 0 3 0 0 0 2 0 1
1 227 1 1 2 0 1 1 2 1 1 1 0 0 1 0 3 0 0 1 1 1 3 0 0 1 1 0 2 1 1 0 1 0 2 0 0 0 0 1 0 2 0 1 0 1 1 1 0 0 2 0 0 0 2 2 0 2 0 1 1 0 2 0 0 0 0 1 0 2 0 2 0 0 0 2 0 0 2 1 0 1 0 0 0 0 0 0 2 2 0 0 0 1 2 1 2 1 0 0 1 0 0 2 0 1 1 1 3 0 1 0 1 1 1 1 2 1 0 2 0 0 1 2 0 1 0 0 1 0 1 0 1 1 2 0 0 1 0 0 1 1 2 1 0 1 1 0 2 0 2 0 0 1 3 0 3 0 1 0 0 0 1 0 2 0 2 0 1 1 1 0 1 1 1 0 2 1 1 0 1 0 0 1 0 0 0 1 0 1 1 0 3 0 1 0 1 1 2 0 3 0 2 1 0 0 1 1 2 2 0 0 0 0 2 2 0 0 0 1 1 0 2 1 1 1 0 2 0
0 228 1 0 0 0 0 0 0 0 1 2 2 0 0 2 1 2 1 2 0 2 1 1 1 2 0 1 1 1 1 2 0 2 1 0 1 1 0 1 0 0 2 0 0 0 0 1 2 0 1 0 1 1 1 2 1 0 2 0 0 1 1 0 1 1 0 1 0 0 2 0 1 2 1 1 1 3 0 0 1 0 2 0 0 0 0 0 1 2 0 2 1 1 1 1 0 0 1 0 0 2 0 1 2 0 0 2 1 1 1 3 0 3 0 2 1 0 1 1 1 2 2 0 0 3 0 2 1 2 0 2 0 3 0 3 0 0 2 0 1 0 0 0 1 1 0 1 1 1 0 0 1 2 1 2 0 2 1 3 0 0 0 2 1 1 0 0 2 0 1 2 0 3 0 1 1 1 1 2 0 2 0 0 2 0 0 1 0 0 0 1 1 2 2 0 0 0 0 0 0 3 0 1 1 0 1 0 0 1 0 2 1 0 1 2 0 2 1 1 0 1 1 1 1 3 0 0 1 2
1 228 2 0 0 0 0 0 0 1 1 1 0 3 0 1 0 1 0 0 0 1 1 3 0 3 0 3 0 2 1 0 0 1 1 1 0 1 0 2 0 1 1 2 1 0 1 0 1 0 0 0 0 2 1 0 1 1 1 2 1 3 0 0 0 1 0 2 0 1 2 0 1 0 2 0 0 1 1 2 0 0 1 2 1 0 0 1 1 0 0 1 1 3 0 1 0 0 2 0 1 1 0 0 0 3 0 0 2 0 0 2 0 3 0 1 1 1 0 2 1 1 0 3 0 2 0 2 0 0 0 1 0 3 0 2 1 2 1 3 0 2 1 1 0 1 0 3 0 1 0 1 1 1 0 0 0 2 0 1 1 1 1 1 1 2 0 1 2 0 1 0 0 2 2 0 2 0 0 0 0 0 1 2 1 2 1 2 0 0 1 0 0 1 0 2 1 0 0 0 1 2 2 0 1 0 2 0 0 2 1 1 1 1 1 0 0 1 1 2 0 3 0 2 1 1 1 2 1 0
1 229 1 1 2 1 0 0 0 0 3 0 1 1 2 1 3 0 2 0 0 1 0 0 2 0 3 0 3 0 1 1 0 0 3 0 1 0 2 1 1 0 0 0 0 1 0 2 0 2 0 0 0 1 1 1 1 0 2 1 1 0 1 1 1 0 2 1 1 0 0 1 0 0 0 1 2 1 3 0 3 0 1 1 0 1 0 0 2 2 0 1 0 0 1 1 3 0 1 2 0 0 1 0 0 1 2 1 2 1 3 0 0 0 2 2 0 1 2 1 1 1 2 1 3 0 1 0 0 1 1 0 2 1 3 0 2 0 1 0 2 0 1 1 2 0 2 1 2 1 3 0 3 0 1 0 0 1 0 2 0 1 3 0 2 1 0 0 0 0 3 0 3 0 1 1 0 1 2 1 0 0 1 1 1 0 0 2 0 1 1 2 0 0 2 1 1 1 0 0 1 1 1 1 0 0 0 1 3 0 0 1 3 0 1 2 0 1 0 0 0 0 3 0 1 2 0 0 0 1 0
1 230 1 0 0 0 1 0 0 0 1 3 0 0 0 1 0 2 0 0 1 1 2 0 1 1 0 3 0 2 2 0 1 0 1 2 2 0 0 1 1 2 0 0 0 1 0 0 2 0 1 2 1 1 0 2 0 1 1 1 1 2 0 3 0 1 1 1 1 2 0 0 2 0 0 1 1 1 0 2 0 2 2 0 1 0 2 0 1 2 0 3 0 2 2 0 0 2 0 0 0 2 1 2 0 1 1 1 0 1 0 1 1 1 1 2 1 0 1 0 2 0 0 1 0 1 1 3 0 1 0 1 1 2 0 2 0 0 2 0 0 1 0 0 0 0 0 2 0 1 0 2 0 2 1 3 0 1 0 0 2 0 1 2 0 1 1 0 0 0 1 3 0 2 2 0 1 1 1 0 1 0 0 3 0 1 0 1 2 0 0 2 1 3 0 0 1 2 2 0 0 3 0 1 2 0 0 1 1 1 1 2 1 2 0 0 0 3 0 2 1 0 1 3 0 0 0 2 1 0 2 0
0 230 2 0 0 0 2 0 0 1 1 1 1 1 0 2 1 0 1 2 0 2 2 0 0 1 1 3 0 2 1 0 0 0 1 1 0 2 1 3 0 3 0 0 0 2 0 1 2 0 1 0 1 2 1 0 2 0 2 0 0 0 0 2 2 0 1 3 0 3 0 1 1 2 1 3 0 1 1 1 0 2 1 0 0 0 2 0 1 0 0 3 0 2 0 2 2 0 1 1 1 1 2 0 2 0 1 2 0 2 0 3 0 2 1 0 1 1 0 0 1 2 1 2 1 0 0 1 2 0 0 0 0 0 0 0 1 2 1 2 1 2 0 0 0 0 1 0 2 0 0 1 0 2 0 1 1 3 0 1 2 0 0 3 0 2 2 0 0 1 1 2 0 2 1 0 0 1 2 0 2 0 1 2 2 0 0 0 0 3 0 1 0 1 1 2 1 1 0 3 0 2 0 0 0 2 1 3 0 2 1 0 2 0 1 1 1 3 0 1 1 1 1 1 1 1 1 1 1 1 1 2
1 231 1 1 2 1 1 1 2 1 3 0 2 0 1 1 1 1 1 1 0 0 2 0 2 2 0 0 2 0 1 1 0 0 1 0 1 1 2 0 2 0 2 1 1 1 1 0 0 1 0 0 0 1 0 1 1 2 0 1 2 1 0 1 2 1 0 1 2 0 3 0 0 0 1 0 1 2 0 1 2 1 1 1 0 0 1 1 3 0 3 0 2 0 1 0 2 1 0 0 2 0 2 2 0 2 0 1 0 0 1 0 3 0 1 1 1 0 1 0 1 1 1 0 0 1 0 1 0 0 2 1 0 0 0 0 1 1 1 0 0 2 0 1 1 0 1 0 0 1 2 1 2 1 1 0 0 0 2 0 0 0 3 0 2 0 2 0 2 2 0 0 0 0 1 1 0 1 0 1 0 2 0 1 1 0 2 1 0 1 2 2 0 0 0 0 0 1 2 1 3 0 0 1 1 1 2 0 2 0 1 1 1 2 0 0 2 1 1 2 0 1 3 0 2 0 2 0 2 0 2 1 0
1 232 1 0 0 0 2 0 0 1 0 2 0 0 2 0 1 3 0 1 2 0 1 1 0 2 0 2 2 0 2 0 1 0 0 2 1 0 0 0 0 1 0 1 1 3 0 1 0 0 2 0 0 1 0 0 0 2 2 0 1 0 1 1 1 0 1 1 1 0 0 2 1 1 0 2 1 0 1 0 1 0 1 2 2 0 1 0 0 2 0 3 0 0 2 0 0 1 1 0 1 1 0 2 1 0 1 3 0 2 1 2 1 2 2 0 1 2 0 2 0 3 0 1 0 0 2 0 2 0 1 1 1 0 0 0 0 3 0 1 0 1 2 0 0 1 0 2 0 1 1 1 0 0 1 2 0 0 1 0 1 1 1 3 0 1 0 1 0 2 0 2 1 0 0 3 0 0 0 0 0 0 2 0 0 1 1 1 1 1 1 1 0 2 1 0 0 1 1 1 0 1 1 2 0 2 1 0 0 0 2 0 2 0 0 3 0 0 2 0 1 0 1 2 0 1 0 1 0 1 0 1 1 0
1 232 2 0 0 1 1 2 1 2 1 0 1 2 2 0 1 2 0 0 1 0 0 1 1 1 0 2 1 0 1 3 0 3 0 0 1 0 0 0 0 2 1 0 0 1 1 3 0 1 1 2 1 2 0 0 1 2 1 0 0 0 0 2 0 0 0 1 2 0 1 1 1 2 1 1 1 1 0 0 0 0 1 1 0 3 0 3 0 0 0 2 1 2 1 2 1 3 0 0 0 1 1 1 1 1 1 2 0 2 0 1 0 1 1 0 1 0 0 1 0 2 1 3 0 1 2 0 2 0 0 1 2 0 0 0 1 2 2 0 0 0 0 2 1 2 1 0 2 0 1 2 0 1 0 3 0 1 0 0 0 2 1 1 1 3 0 2 1 1 0 1 1 0 1 2 1 1 0 0 0 1 1 2 1 3 0 2 0 2 0 1 1 1 1 0 0 3 0 1 1 0 0 0 0 1 1 0 0 1 2 0 1 3 0 1 1 2 2 0 0 0 0 3 0 2 0 2 0 2 0 2 2 0
1 233 1 1 2 2 0 0 1 0 0 1 1 1 1 1 0 0 3 0 0 2 0 0 3 0 1 1 1 1 1 1 2 0 2 1 1 2 0 0 0 1 1 1 0 1 0 0 2 0 0 0 0 2 0 1 2 1 0 1 0 0 0 1 0 1 1 1 0 1 0 0 2 1 0 1 3 0 1 0 0 0 1 0 1 1 3 0 2 1 1 1 2 0 1 0 1 0 1 1 1 0 3 0 2 0 2 1 0 0 0 1 3 0 2 2 0 2 0 0 2 1 2 0 2 0 0 1 0 1 2 2 0 0 2 1 1 1 1 0 2 1 0 1 2 0 0 1 1 2 0 0 3 0 2 1 2 1 3 0 0 1 1 2 0 0 2 0 1 1 2 0 3 0 0 1 0 1 2 0 0 1 0 0 1 0 2 0 1 0 0 2 0 1 2 2 0 1 2 2 0 1 0 0 0 0 2 2 0 1 0 1 0 1 2 0 0 0 1 0 2 1 0 1 3 0 1 0 1 0 1 0 2 0 2
0 234 1 0 0 1 0 2 1 2 0 1 0 2 0 1 2 0 1 2 1 2 1 3 0 1 2 0 1 3 0 2 1 0 0 1 2 0 0 2 1 1 0 1 2 0 2 0 1 0 1 1 0 1 2 0 1 0 1 0 2 0 0 1 0 0 0 1 2 0 2 0 1 1 1 1 1 1 1 3 0 0 0 2 1 0 0 2 0 1 1 3 0 3 0 2 0 2 0 3 0 1 1 3 0 1 0 1 1 0 0 1 1 2 0 2 1 0 1 3 0 1 0 0 0 0 1 2 0 0 1 1 0 3 0 0 1 3 0 1 1 1 1 1 0 3 0 1 0 2 1 3 0 2 0 2 0 1 0 1 1 2 0 2 1 3 0 0 0 0 0 0 0 2 1 2 0 0 0 3 0 0 2 0 0 2 1 0 1 3 0 1 2 0 1 1 1 0 1 1 0 3 0 2 1 0 1 2 1 0 0 0 0 0 0 3 0 0 0 2 1 1 1 1 1 1 1 3 0 2 0 2 1 1 0 1
1 234 2 0 0 2 1 1 2 0 2 0 0 1 0 0 1 0 1 1 0 1 0 2 0 0 1 0 1 2 0 1 1 0 1 0 0 3 0 0 1 2 1 0 1 0 2 0 0 0 0 1 1 0 1 0 0 0 0 0 1 2 1 2 0 0 1 0 1 0 2 0 0 2 0 2 0 2 1 1 1 1 1 1 1 0 1 1 0 0 0 2 0 3 0 1 0 1 0 3 0 0 0 1 1 3 0 2 2 0 1 0 0 0 0 1 1 1 1 1 1 3 0 0 0 1 0 3 0 1 0 1 1 2 1 2 1 1 2 0 1 3 0 1 1 2 2 0 0 2 0 2 0 1 0 0 2 0 0 0 0 0 0 2 0 1 1 1 0 0 0 0 1 1 2 0 1 1 1 2 1 2 1 3 0 0 1 1 1 2 0 0 1 0 0 2 0 0 0 1 1 3 0 1 1 1 1 0 1 0 0 0 0 0 1 2 1 1 1 1 1 3 0 2 0 2 1 2 0 1 0 1 1 2 0 2
0 235 1 1 3 0 0 2 0 1 0 1 2 1 2 0 1 0 0 0 1 0 2 1 0 1 2 0 0 0 3 0 2 2 0 2 0 1 2 1 2 1 0 1 1 0 0 1 2 1 0 0 2 2 0 2 0 0 0 0 1 1 0 2 0 1 2 0 0 0 0 1 3 0 0 0 1 0 1 1 3 0 2 0 2 0 0 0 1 0 0 1 1 0 2 1 3 0 2 1 2 1 1 1 0 0 2 0 2 0 3 0 2 1 0 0 3 0 2 0 2 1 1 1 1 0 2 1 2 2 0 0 0 0 1 0 0 2 0 1 0 1 2 0 0 0 1 0 3 0 0 0 0 1 3 0 1 1 2 1 0 0 0 1 0 2 0 1 2 0 0 0 1 0 2 2 0 0 2 1 1 0 1 0 1 1 2 0 2 0 3 0 0 2 0 1 0 1 1 1 0 0 1 2 0 1 2 2 0 2 0 0 0 0 1 1 0 1 3 0 2 1 2 0 1 0 1 2 0 2 0 0 0 0 0 0 1
1 236 1 0 0 1 1 2 2 0 0 0 1 0 2 0 1 3 0 0 0 2 1 1 1 1 0 3 0 0 1 3 0 2 1 0 2 0 1 1 0 0 1 1 0 1 0 1 1 0 1 0 1 2 1 0 1 2 1 0 0 3 0 0 2 0 0 3 0 0 0 1 1 1 1 1 0 2 1 0 0 2 0 1 0 0 1 1 0 2 0 1 0 1 1 2 0 2 0 2 0 0 1 2 2 0 1 1 0 1 0 3 0 1 1 0 1 3 0 1 0 1 1 3 0 1 1 2 0 1 0 2 1 0 0 2 0 1 2 0 0 0 0 3 0 0 0 2 1 2 1 1 0 1 1 2 0 0 0 0 1 0 0 1 0 0 2 0 0 3 0 0 0 2 1 2 0 3 0 0 1 2 0 2 1 0 0 0 0 1 0 2 1 2 2 0 0 0 0 1 2 0 1 0 1 0 1 1 1 0 1 2 1 0 0 3 0 0 1 2 0 1 2 0 2 0 0 0 1 0 1 2 1 0 0 0 0 2
0 236 2 0 1 0 0 1 0 2 1 1 0 0 2 0 1 1 1 1 1 1 1 3 0 1 1 2 1 2 1 2 0 1 1 1 2 0 0 1 0 1 0 1 0 2 0 3 0 0 0 0 1 0 1 1 1 0 1 0 1 2 1 2 1 3 0 1 1 1 0 3 0 2 0 1 1 1 1 0 1 0 1 3 0 1 0 1 1 0 2 0 0 0 0 0 0 1 0 0 1 2 1 1 1 0 0 1 0 2 1 2 2 0 1 1 1 1 2 0 0 0 0 1 2 0 2 0 2 0 0 1 1 0 1 1 0 0 0 2 1 0 1 2 1 1 1 2 0 0 1 2 0 3 0 3 0 0 0 0 2 0 0 2 0 1 1 3 0 1 1 1 1 2 0 0 0 2 1 2 1 0 0 1 1 0 0 0 0 2 1 2 0 1 0 2 1 0 1 0 1 0 0 0 0 0 0 2 0 0 1 0 1 0 1 2 1 2 1 0 0 0 1 0 1 2 1 1 0 0 1 0 1 0 0 0 1 1
0 237 1 1 3 0 2 1 2 1 1 1 2 0 1 2 0 0 2 0 2 0 2 1 2 0 0 0 1 0 0 2 0 2 0 2 0 0 2 1 2 0 2 0 2 1 1 0 2 1 1 0 1 0 0 0 2 0 0 0 0 1 1 0 1 0 1 2 0 1 2 1 3 0 0 2 0 1 3 0 0 0 0 1 1 1 3 0 3 0 0 1 2 1 0 0 0 0 2 0 1 1 0 1 2 2 0 0 2 1 2 0 1 1 0 0 2 0 2 1 2 1 0 1 0 1 0 2 0 1 2 1 3 0 0 0 1 0 0 1 1 1 1 1 0 1 3 0 3 0 1 1 0 0 3 0 2 1 1 0 1 1 3 0 0 0 0 0 1 2 0 1 3 0 3 0 0 1 2 0 0 1 0 0 2 2 0 0 0 1 1 2 0 2 0 0 1 1 0 2 0 2 0 0 0 0 0 1 0 1 2 0 0 0 0 1 1 0 0 1 0 0 1 0 0 1 0 1 2 0 0 2 0 2 0 0 1 0 1
1 238 1 0 0 2 0 2 0 0 2 0 0 0 0 0 0 3 0 0 0 1 0 1 2 0 1 1 0 2 0 1 2 0 2 0 1 3 0 1 0 0 0 1 0 1 1 2 1 1 1 2 0 2 0 0 1 0 1 1 0 1 0 1 0 2 1 0 1 0 1 1 0 1 1 2 2 0 1 1 1 1 0 1 0 2 1 2 0 2 1 2 1 0 1 0 0 0 1 0 2 0 1 1 1 1 0 3 0 0 2 0 2 0 1 0 1 1 0 2 0 0 1 1 0 0 0 0 2 0 1 1 0 1 1 1 0 2 0 1 0 2 0 2 0 0 1 2 0 2 2 0 1 0 1 3 0 1 1 2 1 0 0 1 1 1 0 0 1 0 1 0 1 2 0 2 1 2 0 3 0 0 2 0 1 2 0 2 1 1 0 2 2 0 1 2 1 3 0 0 2 0 1 2 1 0 0 1 0 0 0 3 0 0 0 1 0 1 0 0 2 0 0 2 0 1 0 0 0 3 0 1 2 0 1 2 1 2 0 2
0 238 2 0 1 1 0 0 1 2 1 2 1 0 0 0 1 2 1 1 0 2 1 0 1 0 0 1 1 1 0 0 1 0 2 0 1 1 1 3 0 0 0 2 1 0 0 0 2 0 0 0 0 0 1 2 0 0 0 1 0 2 0 2 1 1 1 1 0 0 0 1 1 0 0 1 1 0 0 2 0 1 0 2 1 2 0 0 0 2 0 0 1 0 2 0 0 1 0 0 2 0 0 2 0 1 1 2 1 2 2 0 2 0 0 0 0 1 1 0 1 2 0 1 0 0 0 1 2 0 0 1 0 3 0 1 1 0 2 0 0 1 0 0 1 2 1 0 0 2 1 0 0 0 1 2 0 0 0 0 1 0 0 3 0 1 0 1 0 0 0 0 1 0 0 2 0 0 0 2 1 2 2 0 1 0 0 1 1 2 1 2 1 0 1 1 0 1 1 2 2 0 1 0 1 0 0 2 0 0 1 2 1 1 0 2 0 2 0 1 1 2 2 0 1 3 0 0 1 3 0 0 1 0 1 1 0 0 0 1
1 239 1 2 0 0 1 0 1 1 1 0 0 1 0 0 1 1 0 1 2 1 1 1 0 2 0 0 3 0 1 0 1 0 0 2 0 0 2 1 1 1 1 1 1 1 0 0 1 1 2 1 0 0 1 0 3 0 0 0 2 1 1 0 1 1 3 0 1 0 0 0 2 2 0 0 2 2 0 1 0 2 0 0 1 2 0 1 1 1 0 1 2 0 0 1 2 1 2 0 1 1 3 0 0 0 0 0 1 0 1 1 0 1 2 1 0 0 3 0 0 0 3 0 2 0 0 1 0 0 2 1 2 1 2 2 0 1 1 1 2 1 2 0 1 1 0 1 0 1 1 1 0 0 1 0 3 0 0 0 0 2 0 1 2 1 3 0 2 0 0 0 0 2 0 1 0 1 1 1 2 0 1 0 3 0 2 2 0 0 1 0 0 1 1 0 1 1 0 0 1 0 3 0 3 0 2 2 0 1 2 1 0 1 2 1 1 0 1 0 0 0 1 1 0 1 1 1 2 1 1 1 2 0 0 0 1 0 0 0 2
0 240 1 0 0 2 1 2 0 3 0 1 0 0 2 0 0 3 0 0 1 0 1 3 0 0 1 3 0 1 1 3 0 2 0 1 1 3 0 0 1 3 0 2 0 1 2 0 1 0 0 0 1 0 0 2 1 2 1 1 1 1 1 2 1 0 0 1 1 3 0 0 1 2 0 3 0 1 1 0 0 0 1 2 2 0 1 0 0 2 0 0 0 3 0 1 1 1 0 0 0 0 0 1 1 1 0 0 0 2 0 3 0 0 1 0 1 0 1 2 1 1 1 3 0 0 1 1 2 0 1 2 0 1 0 1 1 0 0 2 1 0 2 0 2 0 1 1 0 0 0 1 2 0 0 2 1 2 1 1 0 1 2 0 1 1 0 2 0 0 1 1 0 1 2 0 0 0 0 2 0 3 0 2 1 3 0 2 0 2 1 2 0 1 0 1 0 2 2 0 0 2 1 3 0 3 0 2 1 0 1 0 1 1 1 0 1 2 0 2 0 0 0 3 0 0 0 2 1 0 1 3 0 3 0 0 0 2 0 0 1 1
0 240 2 0 1 2 0 0 0 2 1 3 0 1 1 3 0 1 1 2 0 0 1 1 1 2 1 2 0 0 0 2 0 1 0 0 0 1 1 2 1 2 0 1 0 0 0 3 0 2 1 0 2 0 1 2 0 0 1 3 0 2 1 0 1 0 1 0 0 1 1 2 1 0 0 2 2 0 1 0 0 1 1 1 0 3 0 2 2 0 1 1 1 2 2 0 1 2 0 0 0 0 0 3 0 1 0 0 1 1 0 2 1 2 0 0 0 0 1 0 2 0 0 1 1 2 0 2 2 0 0 3 0 2 0 2 2 0 1 1 1 1 2 0 2 0 0 1 0 0 1 0 0 3 0 1 0 0 1 2 1 0 1 0 0 1 1 0 1 2 0 1 1 0 0 2 1 0 1 1 0 3 0 2 0 2 0 1 0 1 2 0 1 3 0 2 1 2 0 3 0 1 0 2 0 3 0 1 1 1 0 0 0 2 0 0 1 0 0 0 1 1 1 2 1 1 1 1 1 1 1 2 0 2 1 1 1 0 1 2 0 1
1 241 1 2 0 0 3 0 0 1 2 0 2 0 0 0 1 2 0 2 0 1 2 0 2 1 0 2 0 1 1 1 0 1 3 0 0 1 0 0 0 2 0 1 3 0 0 1 3 0 1 1 1 2 0 0 3 0 1 1 2 0 1 1 0 2 0 2 0 1 0 0 0 1 0 1 2 0 3 0 2 1 3 0 1 1 3 0 2 1 0 0 2 1 1 1 0 0 3 0 0 0 0 1 2 1 3 0 1 0 1 1 1 2 0 1 1 0 1 0 0 1 2 2 0 0 0 0 2 0 3 0 2 0 1 0 2 1 0 0 2 0 2 2 0 1 2 1 2 0 0 2 0 1 2 1 3 0 1 1 0 1 0 2 0 0 3 0 0 0 3 0 2 2 0 1 1 1 1 0 1 1 3 0 1 0 0 2 0 0 0 1 0 1 2 0 2 0 0 0 2 2 0 0 1 0 2 2 0 1 2 0 0 1 0 1 1 2 0 0 1 0 2 1 0 1 3 0 2 0 2 1 0 0 1 1 3 0 0 0 3 0 2
0 242 1 0 0 3 0 1 1 2 1 0 0 0 1 1 1 0 1 0 2 0 1 0 0 1 1 1 2 0 0 2 0 0 1 1 1 1 2 0 0 1 2 0 1 1 1 2 1 1 2 0 2 0 0 3 0 1 2 0 2 0 2 0 1 1 2 0 1 3 0 2 1 1 0 0 1 0 0 3 0 2 0 2 0 0 0 2 0 1 1 0 1 1 1 2 2 0 1 2 1 1 0 1 1 1 0 1 1 3 0 3 0 2 2 0 0 1 0 2 0 1 1 1 0 2 1 0 1 1 0 3 0 0 2 0 0 1 1 0 1 1 0 2 1 0 1 0 2 0 1 2 2 0 1 1 0 1 2 0 1 1 0 0 1 3 0 1 1 1 1 3 0 2 1 0 0 2 0 1 1 0 0 1 1 3 0 1 1 2 1 1 0 0 1 0 0 0 1 1 1 2 0 2 1 2 1 2 1 0 0 3 0 1 0 0 0 2 1 2 1 2 1 1 1 1 1 2 0 1 0 1 1 0 1 0 0 1 1 1 1 3 0 1
1 242 2 0 1 3 0 0 0 0 1 0 0 1 0 2 0 0 0 0 1 3 0 2 1 3 0 2 1 2 2 0 1 2 0 2 0 2 1 2 2 0 1 0 0 2 1 0 2 0 1 0 1 3 0 2 0 0 1 0 2 0 2 0 0 2 2 0 1 2 0 1 1 2 0 0 2 0 1 3 0 1 0 0 1 1 1 0 2 0 1 1 0 2 1 1 1 0 1 0 1 2 0 3 0 1 1 0 0 2 0 3 0 2 0 2 1 2 1 0 2 0 1 2 1 1 1 1 0 1 1 2 1 2 1 2 1 3 0 0 0 1 1 1 1 1 0 0 2 0 1 1 1 0 0 1 1 0 1 0 0 1 0 1 1 1 2 0 2 0 0 2 0 1 1 0 1 0 2 0 1 0 1 0 0 2 0 0 0 0 1 2 0 0 2 0 0 1 0 2 1 0 0 2 0 1 0 0 1 0 1 2 1 3 0 0 1 2 0 1 0 0 1 3 0 2 0 3 0 2 0 2 2 0 2 0 0 3 0 2 1 1 2 0
1 243 1 2 0 1 1 1 1 0 0 2 0 0 2 1 0 1 1 0 1 1 2 0 2 0 2 0 2 0 1 1 0 1 0 0 1 0 2 0 1 0 3 0 3 0 0 1 1 2 0 0 0 1 2 0 0 1 2 0 0 2 0 1 3 0 1 1 0 0 3 0 3 0 3 0 1 2 0 1 1 1 3 0 1 0 2 0 0 2 0 0 1 1 1 1 3 0 0 0 0 1 0 0 2 2 0 1 0 1 1 0 3 0 1 0 2 0 0 1 1 2 0 1 0 1 3 0 1 1 0 0 1 0 1 0 1 0 1 1 1 0 3 0 2 0 1 0 1 2 0 0 1 2 0 0 2 2 0 2 0 0 2 0 3 0 2 2 0 1 2 2 0 2 0 1 1 0 0 1 3 0 3 0 2 2 0 1 1 0 1 0 3 0 1 1 2 1 2 1 1 1 0 1 0 1 3 0 1 0 0 1 1 0 1 1 2 0 3 0 2 0 1 1 2 0 1 0 3 0 1 0 2 1 0 1 3 0 2 0 1 2 0 0 2
0 244 1 0 1 0 0 2 0 1 0 1 1 3 0 0 1 1 0 1 1 0 0 0 0 1 0 1 0 0 2 0 1 0 2 0 0 2 1 0 2 0 0 3 0 2 1 2 0 2 1 2 1 1 0 3 0 1 0 3 0 1 2 0 1 1 2 0 1 0 1 3 0 3 0 3 0 0 1 0 0 2 1 1 2 0 0 0 1 2 1 2 1 3 0 2 1 1 1 1 0 0 2 0 1 2 1 0 0 0 0 1 1 2 2 0 0 0 1 2 0 2 2 0 0 0 1 1 2 0 1 0 0 2 0 2 0 2 0 3 0 1 1 3 0 0 2 0 0 0 0 2 2 0 0 3 0 1 1 0 1 3 0 0 0 3 0 2 1 0 1 1 1 0 2 0 0 1 0 1 1 2 0 3 0 2 1 0 0 1 0 2 1 3 0 0 0 1 0 0 1 3 0 0 0 0 1 1 1 3 0 1 0 1 1 0 0 0 0 3 0 0 2 0 2 0 2 0 0 2 2 0 0 1 1 1 1 2 0 1 0 0 0 3 0 0
0 244 2 0 2 0 1 0 2 0 0 0 0 1 1 2 0 1 0 2 2 0 0 0 0 2 0 2 0 1 2 0 0 0 1 3 0 0 1 1 1 3 0 2 0 2 0 0 0 2 0 0 1 2 1 2 2 0 0 3 0 0 1 0 0 2 2 0 0 0 1 2 0 3 0 2 1 1 2 0 1 1 2 0 0 2 1 1 1 1 0 1 0 2 0 1 1 3 0 1 0 1 2 0 1 0 1 0 0 0 1 0 0 1 0 2 1 1 1 0 0 2 0 2 1 1 0 2 1 3 0 3 0 0 0 1 0 1 0 3 0 0 0 1 1 2 1 2 1 0 1 2 0 3 0 1 2 0 1 1 1 1 1 1 1 3 0 1 1 1 0 2 0 0 1 2 1 2 1 0 0 0 0 3 0 1 1 0 0 2 1 2 0 1 1 1 0 2 0 1 1 1 1 1 0 1 0 2 1 1 1 3 0 2 2 0 0 0 1 2 1 2 2 0 2 0 1 3 0 1 0 2 1 3 0 2 0 3 0 2 0 0 1 2 1 1
0 245 1 2 0 2 0 0 0 1 2 1 0 0 3 0 3 0 2 1 2 0 2 1 0 1 1 0 1 0 0 0 2 1 1 1 1 1 2 0 2 1 2 0 1 0 0 1 1 1 0 1 2 1 1 0 1 0 3 0 1 1 1 2 0 1 2 0 2 1 1 1 0 0 3 0 1 2 0 1 0 0 2 1 3 0 0 1 3 0 1 0 2 1 1 0 0 0 1 2 0 0 0 0 3 0 3 0 2 1 0 2 0 0 2 1 1 1 2 2 0 1 1 0 1 1 2 1 2 0 2 0 2 1 1 0 2 0 2 1 2 1 1 1 0 0 1 0 0 1 1 1 0 0 3 0 0 1 0 0 2 0 2 0 2 1 1 2 0 1 2 1 0 1 2 1 1 0 0 1 0 0 0 1 2 2 0 1 0 1 1 2 0 2 0 1 2 1 0 2 0 1 3 0 1 0 2 1 1 2 0 0 2 0 2 0 2 1 1 1 1 0 1 1 0 2 0 1 1 2 0 0 2 0 2 0 1 0 3 0 0 1 2 1 0 1 2
1 246 1 0 1 0 1 2 1 1 1 0 1 0 1 3 0 3 0 2 0 0 0 1 1 1 0 1 0 2 0 0 1 1 1 3 0 2 1 0 0 1 2 0 1 3 0 1 0 2 0 0 1 0 1 2 0 2 1 2 2 0 2 0 1 0 1 0 0 1 1 2 2 0 1 3 0 0 0 3 0 3 0 1 0 1 1 2 1 1 2 0 0 1 1 2 0 0 1 0 0 2 1 0 1 3 0 3 0 1 1 1 1 3 0 0 2 0 0 1 1 0 0 1 1 0 0 1 0 0 0 1 0 1 1 2 1 1 0 2 0 0 1 2 2 0 0 2 0 1 0 1 2 0 1 2 1 1 2 0 1 1 0 1 0 1 2 0 1 0 1 0 1 1 1 0 1 2 0 0 2 0 0 1 1 1 1 0 0 0 0 2 2 0 2 0 1 0 1 1 2 0 1 1 2 0 0 1 2 0 0 3 0 0 0 1 0 1 1 3 0 1 0 3 0 0 2 0 0 2 1 3 0 0 0 0 2 0 0 2 1 2 1 0 1 1 1 0
1 247 1 0 0 0 0 1 0 1 3 0 0 0 0 1 2 0 3 0 0 1 1 0 3 0 1 0 2 1 0 1 2 0 2 1 2 0 1 1 0 1 0 1 0 1 1 2 0 0 0 1 2 0 0 1 0 0 2 0 1 1 0 1 3 0 3 0 2 2 0 0 1 1 0 1 1 1 1 1 3 0 2 2 0 0 0 0 0 2 0 0 2 1 3 0 3 0 0 2 0 1 1 1 1 1 2 0 2 2 0 2 0 0 1 1 2 1 2 1 2 2 0 0 2 2 0 0 2 0 0 0 2 1 0 0 0 1 2 1 0 1 2 1 1 0 2 2 0 2 0 0 0 1 0 1 0 2 0 1 0 0 1 0 2 1 0 1 0 0 0 0 0 0 2 0 0 0 3 0 1 1 2 1 3 0 1 2 0 0 0 1 2 1 0 2 0 0 0 0 2 2 0 0 2 1 2 2 0 0 3 0 1 1 1 0 2 1 0 0 1 2 0 0 2 1 2 1 3 0 1 0 1 1 1 0 1 1 3 0 1 0 0 1 1 0 1 2 0
1 247 2 0 0 0 1 0 0 1 1 1 1 0 1 1 0 0 2 1 2 0 1 1 2 2 0 0 1 1 1 1 0 0 1 2 0 2 0 1 1 0 0 0 0 0 2 1 2 1 1 0 3 0 0 2 0 1 0 2 0 1 1 1 2 0 3 0 2 0 2 1 3 0 0 0 2 0 2 1 2 0 2 0 2 1 0 0 1 1 3 0 1 0 2 0 2 1 2 2 0 0 2 0 2 1 0 0 2 1 0 1 2 2 0 0 1 0 1 0 1 0 3 0 1 0 2 2 0 1 1 1 1 1 0 0 1 1 0 1 1 1 0 1 2 1 2 1 0 1 2 1 1 0 0 0 0 1 3 0 2 1 2 1 1 1 0 2 0 0 0 0 0 1 0 1 1 1 3 0 0 0 1 0 2 0 0 0 2 1 1 1 0 1 1 1 2 1 0 1 2 0 3 0 1 0 1 0 3 0 1 2 0 1 2 1 1 1 0 1 0 0 3 0 1 0 1 0 1 1 3 0 3 0 1 1 0 0 1 1 3 0 1 0 1 1 0 0 2
0 248 1 0 1 1 0 2 0 1 0 2 0 1 0 2 2 0 1 2 0 0 0 0 0 1 0 2 1 3 0 1 2 0 1 0 1 0 2 0 0 1 0 0 0 0 1 2 0 0 1 2 1 2 1 2 2 0 0 0 2 0 0 2 1 0 0 3 0 1 0 2 0 1 1 1 1 1 0 2 0 0 0 1 0 1 1 0 1 0 0 1 2 0 0 1 0 2 0 1 0 3 0 0 0 1 1 0 1 1 1 1 1 1 0 2 1 2 0 2 0 2 1 2 2 0 0 2 1 0 0 2 0 1 2 0 0 3 0 0 0 2 0 0 1 1 0 0 1 1 1 0 1 2 0 0 0 1 1 2 0 2 0 0 1 3 0 0 1 2 1 0 0 1 0 0 0 2 1 1 1 1 0 2 1 0 1 1 1 1 1 3 0 0 0 2 1 0 1 1 1 0 0 2 1 3 0 2 1 3 0 0 1 0 1 0 1 2 2 0 2 0 1 2 1 3 0 2 1 0 0 2 0 2 2 0 1 0 1 0 0 1 1 3 0 2 2 0 1 1
0 249 1 0 0 0 1 1 0 2 0 0 0 2 0 0 2 1 0 0 3 0 0 0 0 0 2 1 2 0 2 0 0 1 0 0 0 0 0 1 2 1 2 0 0 0 1 0 3 0 1 1 1 0 1 0 1 0 2 1 1 1 3 0 0 1 0 1 2 2 0 0 0 2 0 1 3 0 1 1 0 1 1 0 2 0 2 2 0 2 0 1 0 0 2 1 2 1 0 2 0 0 2 1 1 0 3 0 0 0 2 0 2 0 1 1 2 0 0 0 1 0 2 0 1 0 3 0 0 1 0 1 1 0 0 0 3 0 1 1 1 1 0 1 2 0 1 0 1 0 2 0 0 0 3 0 0 1 0 0 0 0 0 1 2 1 1 1 2 1 0 1 0 0 2 0 0 1 1 1 3 0 1 1 1 1 1 0 2 0 2 1 1 1 1 1 1 1 1 0 1 2 0 1 2 0 2 0 2 0 1 1 2 0 0 0 0 1 1 1 0 2 0 1 1 0 2 0 1 1 0 1 1 0 2 0 3 0 3 0 2 2 0 0 2 0 2 1 0 0 1
1 249 2 0 0 0 3 0 0 1 2 1 1 1 3 0 0 1 0 1 2 1 1 0 0 1 2 0 0 0 0 1 1 2 0 0 0 0 1 1 0 2 0 1 1 0 2 1 2 2 0 1 2 0 2 0 2 1 1 2 0 0 1 1 2 0 0 1 1 0 2 1 1 2 0 1 1 2 0 1 1 0 1 1 1 0 2 1 0 1 3 0 3 0 1 0 0 1 1 1 3 0 0 1 2 1 2 1 1 1 1 0 0 2 0 2 0 1 1 0 2 1 0 2 0 0 2 1 2 0 0 0 1 0 0 1 2 2 0 1 3 0 0 0 3 0 2 0 2 1 0 1 1 1 2 1 1 2 0 0 0 0 1 1 0 2 0 0 0 1 0 2 0 1 0 1 2 0 2 1 1 2 0 1 3 0 1 1 1 0 1 1 3 0 2 0 2 0 1 1 0 1 0 1 0 0 1 0 0 2 0 2 0 1 1 0 1 0 2 0 0 2 0 0 1 1 0 2 0 1 1 0 1 1 1 0 3 0 3 0 2 0 3 0 0 0 1 1 0 0 2
0 250 1 0 1 1 1 2 1 2 1 0 2 0 0 1 1 2 0 0 1 0 1 2 0 1 0 3 0 0 0 1 0 2 1 2 1 0 0 3 0 0 2 0 0 1 1 2 0 1 1 0 1 0 0 1 0 1 2 0 0 2 1 3 0 3 0 1 0 1 1 1 2 0 1 0 0 2 2 0 0 1 0 3 0 1 1 1 1 1 1 2 0 2 1 3 0 1 0 2 1 1 1 2 1 1 0 0 1 3 0 1 0 1 2 0 2 0 0 1 1 1 1 1 1 3 0 0 2 0 1 1 0 2 0 1 1 1 1 0 1 1 1 1 1 3 0 1 0 1 1 1 0 2 1 0 2 0 0 2 1 0 0 3 0 0 1 2 1 1 0 0 2 0 0 0 1 0 0 1 2 0 1 0 1 1 2 0 1 2 1 0 0 2 0 1 0 0 2 0 1 0 2 0 2 0 0 2 0 1 2 0 2 0 0 1 0 2 1 0 1 2 1 2 1 3 0 0 2 0 0 1 0 3 0 1 1 3 0 3 0 1 0 2 1 1 0 2 2 0 1 1
0 251 1 0 0 0 2 1 1 0 0 1 1 1 2 1 3 0 3 0 1 0 0 0 3 0 2 1 2 1 1 0 2 1 2 0 0 1 0 1 2 1 2 1 2 1 3 0 3 0 2 2 0 2 0 0 2 1 0 0 3 0 1 0 2 0 2 1 3 0 3 0 2 1 3 0 3 0 1 0 2 1 2 1 2 2 0 1 3 0 2 1 0 0 2 0 1 2 0 0 1 2 0 0 0 1 2 0 1 1 1 2 0 0 0 1 0 1 2 1 3 0 2 0 2 1 1 1 2 2 0 0 1 1 0 2 0 1 3 0 0 0 2 0 2 1 1 1 3 0 3 0 1 1 1 1 1 1 3 0 0 1 0 1 2 1 2 1 0 1 2 0 1 1 2 1 0 2 0 1 0 1 0 0 0 0 2 2 0 1 0 1 0 1 0 1 3 0 1 2 0 0 0 2 0 1 3 0 0 0 0 1 0 1 2 1 2 1 1 1 1 1 1 0 1 0 1 1 2 1 2 1 2 1 3 0 0 0 2 0 2 2 0 0 1 1 2 1 2 1 0 0 1
1 251 2 0 0 1 1 1 2 0 1 0 2 1 1 0 2 0 2 1 3 0 0 1 3 0 2 0 0 1 2 1 1 2 0 1 2 0 0 1 1 0 1 0 1 0 2 0 3 0 2 1 0 1 3 0 0 1 0 1 2 2 0 0 1 0 2 0 2 0 3 0 2 0 2 0 2 2 0 0 2 0 1 0 1 1 0 1 2 0 1 1 0 1 1 0 0 0 2 2 0 0 2 1 1 0 3 0 3 0 2 1 2 1 1 0 0 1 1 0 2 0 1 0 1 2 0 0 1 0 2 1 3 0 0 2 0 1 1 1 1 1 1 0 1 2 0 0 2 0 2 2 0 1 3 0 2 1 1 1 2 0 0 1 1 0 0 1 1 1 0 0 0 0 0 1 1 1 3 0 3 0 2 1 0 1 2 1 0 0 0 0 0 0 0 1 2 0 0 0 2 1 1 2 0 1 1 1 1 0 1 0 0 1 1 0 0 1 3 0 2 0 1 0 2 1 0 0 1 0 1 0 1 0 1 1 1 1 1 0 2 0 2 2 0 0 1 0 0 1 0 0 2
0 252 1 0 1 2 0 2 0 3 0 2 1 1 1 2 1 1 0 2 0 1 1 2 1 2 0 0 1 2 1 0 2 0 1 0 0 3 0 1 0 1 0 2 0 2 1 1 0 3 0 1 1 1 1 1 1 2 0 0 1 1 0 2 1 2 1 1 0 1 0 3 0 1 0 1 0 2 0 2 2 0 1 3 0 3 0 0 0 3 0 3 0 0 0 1 0 0 1 2 0 3 0 0 1 2 1 3 0 3 0 2 0 0 1 2 0 1 0 1 1 0 2 0 0 0 0 2 1 2 1 2 0 1 1 2 2 0 0 2 0 2 0 1 1 0 0 3 0 0 0 2 1 0 1 2 0 1 1 3 0 3 0 1 0 1 0 1 0 1 2 0 0 0 0 1 0 2 1 2 0 3 0 1 1 1 1 0 1 0 0 0 0 0 0 1 0 3 0 0 1 1 2 0 1 0 0 2 0 1 0 2 0 1 0 1 0 1 1 2 0 0 2 0 0 1 1 0 0 2 0 2 0 2 0 3 0 2 0 1 1 1 0 2 0 2 1 2 0 0 2 0 1 1
0 253 1 0 0 1 0 0 1 0 3 0 1 2 0 0 0 1 2 1 1 0 0 0 0 2 0 1 2 1 0 1 1 1 3 0 3 0 1 1 3 0 2 1 1 0 1 1 2 1 2 2 0 1 3 0 2 0 3 0 1 0 1 1 2 0 0 1 2 0 2 1 2 1 3 0 2 1 1 0 2 1 0 1 2 0 2 1 1 1 3 0 2 1 1 0 2 0 1 1 0 0 2 1 2 1 1 0 2 0 3 0 0 1 2 0 3 0 2 0 3 0 0 1 2 1 0 1 2 0 1 0 0 0 0 0 1 0 3 0 0 0 0 2 0 1 0 1 2 1 1 1 1 1 1 1 0 0 0 0 2 0 2 1 3 0 2 0 2 1 0 0 2 1 0 0 2 1 2 0 0 0 2 2 0 1 2 2 0 2 0 0 0 0 0 0 2 1 2 1 2 0 2 1 3 0 2 2 0 2 0 0 0 1 3 0 2 0 3 0 3 0 1 1 2 1 2 2 0 1 1 0 1 0 1 0 3 0 0 2 0 1 2 1 1 0 1 2 0 1 2 2 0 0 1
1 253 2 0 0 2 0 0 2 1 3 0 0 0 2 1 1 1 0 1 2 0 0 0 1 2 0 1 0 1 1 0 2 1 2 0 3 0 0 0 2 0 1 1 2 1 0 0 1 0 1 1 0 1 2 0 1 0 2 1 3 0 3 0 3 0 1 1 0 0 2 0 1 0 2 0 1 1 2 1 1 1 1 1 0 0 1 2 0 0 2 0 1 1 2 1 0 2 0 1 0 1 2 0 0 1 2 1 1 0 2 1 2 1 0 0 3 0 1 0 2 1 2 1 0 1 1 0 3 0 2 0 0 0 0 0 2 1 2 1 1 0 1 2 0 0 0 1 0 1 3 0 2 0 1 2 0 0 0 1 1 0 2 0 2 0 1 0 1 1 0 1 1 1 0 1 1 2 0 1 1 1 2 1 0 1 1 1 0 1 2 1 0 0 0 1 2 0 1 0 0 0 2 0 2 0 2 1 0 1 2 1 1 1 2 0 1 0 3 0 3 0 0 0 1 0 1 1 0 0 1 0 2 0 2 1 2 1 2 2 0 1 0 1 2 1 0 1 0 1 1 0 2 1 2
0 254 1 0 1 2 1 3 0 1 0 1 1 1 1 1 1 3 0 0 0 3 0 0 1 0 1 0 0 0 0 1 1 2 0 0 0 2 1 1 1 1 0 0 0 0 1 0 0 2 0 3 0 0 0 3 0 2 1 2 0 2 0 3 0 2 2 0 1 0 1 0 2 0 0 1 0 0 0 0 1 3 0 1 2 0 1 0 0 3 0 0 0 0 0 0 1 1 2 0 0 0 0 3 0 1 1 0 1 2 1 2 0 0 1 0 1 2 2 0 0 2 0 0 1 1 0 1 1 3 0 0 1 1 0 0 1 2 0 0 1 2 1 0 0 2 1 1 0 0 1 2 0 1 0 0 0 2 1 1 0 1 1 1 0 0 1 3 0 3 0 0 0 2 0 0 0 2 2 0 0 2 1 0 1 1 0 2 0 0 1 0 1 0 0 1 0 3 0 2 0 0 1 1 0 1 0 1 1 1 1 0 1 3 0 3 0 2 1 3 0 2 1 1 0 2 0 2 2 0 0 2 1 1 0 2 0 1 0 1 1 0 0 0 1 0 1 1 0 0 0 1 1 2 0 0
0 255 1 0 0 1 1 0 1 1 3 0 3 0 2 0 2 1 1 1 1 1 2 1 1 2 0 2 0 0 0 0 3 0 3 0 0 1 1 1 3 0 1 0 0 0 0 2 0 1 1 0 2 1 1 1 3 0 2 0 0 0 1 0 3 0 2 1 0 0 0 0 0 1 2 1 2 0 0 0 1 1 2 0 0 0 3 0 3 0 1 1 1 0 0 0 1 0 2 1 2 1 0 1 2 2 0 1 1 1 0 2 0 1 2 0 0 1 1 0 2 2 0 1 2 0 1 1 0 0 1 1 2 0 1 0 1 0 3 0 1 1 0 1 0 1 1 1 2 0 1 0 3 0 2 0 0 1 1 1 2 0 3 0 1 0 1 1 2 0 2 1 1 1 0 1 1 1 2 0 3 0 0 1 1 0 1 1 0 1 1 2 0 2 0 0 2 1 3 0 0 1 2 0 1 0 2 0 3 0 2 0 0 1 2 0 3 0 2 0 2 0 1 1 2 1 1 0 2 0 3 0 0 1 2 1 0 1 3 0 2 2 0 0 1 0 0 0 1 0 0 0 3 0 3 0 0
0 255 2 0 1 0 1 1 0 0 2 0 3 0 1 0 1 1 3 0 2 1 0 2 0 1 0 1 2 1 0 1 3 0 2 1 2 0 2 1 1 1 3 0 0 0 1 2 0 0 1 1 1 2 0 0 2 0 0 1 1 0 2 1 3 0 1 1 0 0 0 0 1 1 0 2 0 1 1 0 3 0 3 0 0 1 3 0 2 2 0 1 2 0 0 0 2 1 2 0 0 1 1 1 1 1 0 0 2 0 0 2 0 0 3 0 1 0 1 1 2 1 0 0 3 0 2 2 0 0 3 0 3 0 2 0 2 1 2 2 0 1 1 0 0 0 2 0 3 0 2 1 3 0 0 1 2 0 2 1 0 0 2 2 0 0 0 0 0 0 1 1 3 0 0 0 2 1 0 0 2 1 2 0 1 0 3 0 0 0 2 2 0 1 3 0 1 0 1 1 2 0 3 0 2 1 1 0 3 0 0 1 2 1 0 0 3 0 1 0 1 0 0 0 0 1 2 1 1 0 2 1 2 1 0 1 1 1 2 0 2 0 2 1 2 0 0 0 2 0 0 1 3 0 2 1 1
1 256 1 0 1 3 0 2 2 0 1 1 0 2 2 0 0 0 0 2 0 1 1 1 2 0 0 0 1 0 1 1 1 2 0 2 0 0 0 1 2 0 0 1 1 1 1 0 0 2 1 3 0 2 1 2 2 0 1 2 0 1 1 2 0 1 2 0 1 0 0 0 0 3 0 0 2 0 0 1 1 3 0 2 1 2 1 2 0 2 1 0 0 3 0 0 1 1 2 0 1 2 0 2 0 1 2 0 1 0 1 2 1 3 0 1 2 0 0 0 0 0 1 0 1 3 0 2 0 3 0 2 0 3 0 1 0 2 0 1 1 0 0 1 0 0 1 1 0 3 0 2 0 1 1 2 1 0 0 1 1 0 1 2 0 2 1 0 0 0 1 0 0 1 1 1 1 1 1 0 1 1 2 0 2 0 0 2 1 1 1 2 1 0 1 1 2 0 0 0 0 0 0 3 0 1 1 2 1 2 1 2 1 0 1 0 1 2 1 3 0 2 0 0 0 1 1 0 1 2 1 2 0 0 1 1 0 2 1 0 0 1 0 1 2 0 1 1 1 0 1 2 1 2 0 1 1 2
0 257 1 0 0 1 2 0 2 1 0 0 1 1 2 0 2 1 0 1 0 2 0 2 0 0 2 1 1 0 0 0 2 1 0 0 0 1 1 1 0 0 2 1 3 0 1 2 0 1 2 0 2 0 2 0 1 1 0 1 0 0 0 0 0 0 0 0 3 0 2 1 0 1 2 1 2 1 2 2 0 0 2 0 2 0 1 0 0 0 1 1 0 1 2 1 2 0 2 2 0 1 0 0 1 0 0 1 0 0 0 1 1 0 2 0 0 0 2 1 0 0 1 0 0 1 2 0 1 0 3 0 1 0 2 2 0 0 0 2 0 1 0 0 2 0 1 0 1 1 3 0 1 0 0 0 0 1 0 0 3 0 0 1 0 0 1 1 0 0 0 2 0 0 3 0 2 0 2 0 0 0 2 2 0 1 3 0 0 2 0 0 0 1 1 0 2 1 2 1 0 0 0 1 3 0 0 0 1 0 1 0 0 1 1 0 0 1 1 0 2 0 0 1 1 0 3 0 0 1 0 2 0 1 2 0 1 1 1 1 0 0 2 1 0 1 0 0 2 0 0 1 1 0 0 0 0 0 0
0 257 2 0 1 1 0 0 1 1 0 1 0 0 0 0 1 1 1 0 0 2 0 1 3 0 0 1 2 0 0 1 1 1 0 0 1 0 1 2 0 1 2 0 2 0 0 1 0 1 0 0 1 0 0 2 0 1 0 2 0 0 0 0 0 0 0 1 3 0 1 1 1 1 1 0 1 0 1 0 3 0 0 0 0 1 3 0 0 0 3 0 0 1 1 0 0 0 2 0 3 0 2 1 2 0 0 2 0 0 1 0 1 1 0 1 1 1 1 1 0 0 2 0 1 0 3 0 2 1 2 2 0 0 2 0 2 1 1 1 3 0 2 2 0 2 0 0 0 0 1 1 3 0 0 0 0 2 0 1 2 1 1 2 0 0 2 2 0 0 1 1 3 0 2 0 1 0 0 1 1 1 2 1 0 1 1 1 2 1 2 1 1 0 1 1 2 0 0 1 0 0 1 1 1 1 1 0 2 0 2 0 1 0 1 0 1 0 1 1 0 1 2 0 1 1 2 1 2 0 0 2 0 0 3 0 3 0 1 2 0 1 1 1 0 2 0 1 0 1 2 0 1 0 0 0 0 0 0
0 258 1 0 2 0 1 0 0 2 2 0 2 0 0 0 0 3 0 1 0 1 2 0 1 1 1 2 0 3 0 1 0 1 2 0 0 2 1 0 1 0 1 0 0 0 1 1 2 0 2 0 0 2 0 1 2 0 0 0 1 2 1 0 0 0 0 1 1 1 2 0 1 3 0 1 0 2 0 2 1 2 1 1 0 1 1 1 1 1 1 2 1 2 0 1 0 0 1 1 0 3 0 1 2 0 1 2 1 2 1 2 0 3 0 0 0 2 0 1 2 0 1 0 2 0 0 3 0 2 0 1 0 3 0 0 0 1 2 0 0 2 0 2 1 0 1 2 1 0 1 0 0 1 1 1 0 1 2 0 1 0 2 0 0 3 0 1 0 2 2 0 0 2 0 0 1 3 0 1 0 2 1 0 1 1 0 2 1 1 0 0 1 2 0 3 0 3 0 0 2 0 0 3 0 2 0 1 1 1 0 0 1 3 0 2 0 2 0 3 0 0 1 0 0 0 0 0 2 0 1 2 1 3 0 2 0 3 0 0 1 0 0 2 0 0 2 0 0 0 0 3 0 2 0 0 0 0 0 0
0 259 1 0 0 1 3 0 3 0 1 1 0 1 2 1 0 1 2 2 0 0 0 1 0 0 2 1 0 0 2 2 0 0 0 0 3 0 0 1 0 2 0 2 0 0 1 0 2 2 0 1 3 0 0 0 0 0 2 1 1 1 0 1 0 0 0 0 3 0 2 2 0 1 1 2 0 0 1 0 2 0 0 1 2 0 3 0 2 0 2 1 0 2 0 1 3 0 1 0 1 1 3 0 0 1 0 1 1 0 1 0 0 0 2 1 1 1 1 0 0 1 0 0 0 1 3 0 2 0 0 2 0 0 2 1 1 1 0 0 3 0 0 0 1 1 1 1 0 1 0 2 0 0 3 0 1 1 0 1 0 0 0 1 3 0 1 2 0 0 2 0 2 2 0 1 2 1 1 2 0 0 1 1 1 0 1 1 1 1 2 0 1 1 0 0 3 0 2 1 2 1 3 0 2 0 0 2 0 1 2 0 1 1 2 0 1 0 1 0 2 1 1 2 0 0 0 0 1 2 0 1 1 0 2 0 1 0 2 1 1 2 0 1 0 1 2 1 2 1 0 1 3 0 0 1 1 0 0 0 0
0 259 2 0 1 1 2 0 2 2 0 1 1 1 0 1 1 1 1 0 2 1 0 2 0 1 1 1 0 1 2 0 2 1 0 1 2 1 2 0 0 2 0 1 2 1 2 1 2 1 0 1 1 1 1 0 0 1 1 1 2 2 0 2 0 0 0 1 3 0 2 1 0 0 2 1 2 1 2 1 0 1 2 1 0 0 3 0 1 0 1 1 1 2 0 1 1 2 0 0 0 0 1 1 2 0 0 0 1 0 2 0 0 1 1 1 3 0 1 0 0 2 0 0 1 1 2 0 0 1 2 1 3 0 0 1 2 2 0 1 2 1 1 0 3 0 2 0 0 0 0 1 3 0 1 2 0 1 0 2 0 0 1 1 2 0 0 0 3 0 0 0 2 1 0 1 0 2 0 0 2 1 3 0 1 0 3 0 2 0 3 0 2 2 0 1 3 0 2 0 1 0 2 0 0 1 2 2 0 0 3 0 3 0 3 0 2 0 2 1 1 2 0 0 2 1 0 1 0 1 0 0 1 1 0 2 0 0 1 2 0 1 0 0 0 1 1 0 0 1 1 1 1 1 2 0 1 0 0 0 0
0 260 1 1 0 0 0 0 0 2 1 0 0 2 0 0 0 2 0 1 1 1 1 1 2 0 0 2 0 0 1 0 0 1 1 1 1 0 2 0 1 2 2 0 1 1 0 1 0 0 1 1 0 2 0 1 0 1 0 2 1 1 1 0 1 2 1 1 1 2 0 1 1 0 1 2 0 1 0 0 1 1 1 0 1 0 1 2 1 3 0 3 0 2 2 0 0 2 1 2 1 0 0 3 0 3 0 0 0 2 1 0 1 2 0 2 1 1 1 3 0 1 1 2 1 3 0 3 0 1 1 1 0 1 1 2 1 1 1 0 1 0 1 2 1 3 0 0 1 1 0 1 1 2 0 0 1 0 0 0 1 2 1 3 0 3 0 0 1 2 1 1 1 1 1 1 0 0 1 3 0 1 0 1 2 0 0 3 0 1 0 3 0 2 1 0 1 2 0 0 2 0 0 0 1 2 1 1 0 3 0 2 0 3 0 3 0 1 0 1 2 0 0 3 0 0 1 0 2 0 2 0 0 3 0 0 1 2 2 0 0 3 0 2 1 1 0 1 0 1 0 2 0 2 0 3 0 2 0 0 0 0
0 261 1 0 1 0 0 0 0 1 1 1 0 1 0 1 1 1 0 2 0 1 3 0 2 1 2 2 0 1 1 2 0 0 3 0 2 0 0 2 0 1 1 1 0 0 1 0 2 0 1 0 1 1 0 1 3 0 2 1 1 1 3 0 0 1 0 1 3 0 3 0 3 0 0 0 3 0 2 0 1 0 2 0 0 0 0 1 1 0 2 0 3 0 2 0 3 0 1 0 0 1 0 1 3 0 2 1 1 1 1 1 1 1 0 0 1 2 0 0 2 0 0 0 1 0 2 0 2 2 0 1 2 1 0 0 0 1 3 0 0 0 0 1 1 0 1 1 2 0 1 0 3 0 3 0 0 2 0 0 1 1 1 0 2 0 2 1 2 1 0 1 3 0 2 0 1 0 1 1 1 2 0 0 0 0 3 0 1 2 0 0 3 0 1 1 1 0 3 0 1 1 2 1 1 1 0 1 2 1 3 0 1 0 3 0 2 2 0 0 0 0 3 0 1 1 2 0 0 2 0 1 3 0 1 1 2 1 1 0 3 0 2 0 1 1 2 0 2 0 2 1 1 0 1 0 3 0 0 1 1 0 0
0 261 2 0 2 0 0 0 1 0 2 0 0 0 0 0 2 0 0 2 0 1 2 0 2 0 1 1 0 0 2 1 3 0 2 0 0 1 2 2 0 0 1 2 0 0 2 1 0 1 3 0 3 0 0 1 2 0 1 2 0 0 1 1 2 0 0 1 2 0 3 0 2 1 1 1 3 0 0 2 0 0 0 1 1 0 1 0 1 1 1 0 3 0 1 0 2 1 3 0 1 0 0 1 2 0 1 1 3 0 2 0 1 2 0 1 0 0 2 2 0 1 1 0 2 1 1 0 2 1 0 1 0 1 0 0 1 1 1 1 1 0 1 0 1 0 3 0 3 0 2 1 3 0 2 1 2 1 2 1 3 0 1 1 1 0 2 0 0 1 1 1 2 0 0 1 3 0 3 0 2 1 2 1 0 1 3 0 0 0 3 0 1 2 0 1 2 1 3 0 0 0 0 1 3 0 0 1 1 0 1 2 0 0 3 0 2 0 2 1 0 1 2 2 0 2 0 1 2 2 0 1 2 0 0 0 0 1 2 1 3 0 1 0 0 0 0 0 1 0 1 1 2 0 2 1 2 1 2 0 1 0 0
0 262 1 1 0 0 1 1 0 2 1 0 1 1 0 0 1 0 1 2 2 0 1 0 0 0 2 0 1 0 1 2 0 2 0 0 1 2 1 1 0 2 2 0 0 3 0 0 1 1 1 2 0 2 1 2 1 0 0 0 0 2 1 3 0 3 0 1 1 0 0 3 0 1 2 0 0 1 1 2 1 2 1 1 0 1 0 2 0 3 0 1 1 2 2 0 0 2 0 1 1 3 0 1 1 0 0 0 0 2 0 1 0 0 0 3 0 3 0 1 1 0 0 1 1 1 1 2 1 1 1 0 2 0 2 0 0 3 0 2 0 1 0 2 0 2 1 3 0 3 0 2 0 2 0 2 0 1 0 1 0 1 2 0 1 2 1 0 1 2 0 2 0 3 0 1 1 2 0 3 0 2 0 0 1 1 1 1 1 1 1 3 0 0 1 0 1 1 0 1 1 1 0 1 1 1 1 2 0 1 1 0 0 3 0 2 0 1 0 1 1 1 1 1 1 0 2 0 1 1 1 0 0 3 0 0 0 1 1 1 0 1 1 3 0 0 0 0 0 2 1 0 0 0 0 2 0 0 2 0 1 3 0 0
0 263 1 0 1 0 1 0 1 1 1 1 1 0 1 0 1 0 0 1 1 0 3 0 2 1 1 2 0 0 0 1 0 0 0 1 2 1 0 1 2 1 2 0 3 0 1 1 2 0 2 1 0 0 2 0 0 1 0 0 0 1 2 0 2 0 2 2 0 1 0 1 3 0 0 0 2 2 0 0 1 0 0 1 2 0 2 1 1 0 3 0 0 0 1 0 3 0 0 0 0 0 1 2 0 1 0 0 0 1 0 1 3 0 0 1 3 0 2 2 0 1 0 0 3 0 2 1 0 1 3 0 0 2 0 1 3 0 2 0 0 2 0 0 1 0 2 0 2 0 3 0 1 0 1 0 0 1 3 0 2 1 0 1 0 1 0 1 1 1 0 0 1 0 3 0 0 0 0 0 3 0 0 1 2 0 2 0 2 0 2 1 1 1 2 0 0 0 1 0 3 0 1 0 3 0 2 0 3 0 2 2 0 1 3 0 0 1 3 0 3 0 2 0 2 0 0 2 0 0 1 2 0 1 2 1 1 0 3 0 1 1 0 0 1 1 1 0 0 1 1 1 0 0 0 1 0 1 2 2 0 1 1 1 1
0 263 2 0 2 0 2 0 3 0 2 0 1 0 2 0 2 0 1 0 1 1 3 0 1 2 0 0 2 1 0 2 0 0 1 1 0 1 1 1 1 0 0 0 3 0 0 0 0 0 1 1 0 1 0 1 1 2 0 0 1 1 0 0 1 0 2 1 0 0 0 1 1 1 1 1 2 0 2 1 2 0 1 1 0 0 1 1 2 1 2 1 1 0 2 1 2 1 1 0 0 1 0 0 3 0 2 1 1 0 0 1 1 1 2 1 2 0 2 0 3 0 3 0 2 0 1 1 1 1 1 1 2 2 0 1 2 0 0 1 2 1 2 1 2 1 1 0 1 0 2 1 3 0 2 0 1 1 2 0 1 1 1 0 0 0 0 0 1 2 0 0 2 1 2 1 1 0 0 1 2 1 2 1 0 0 1 0 1 0 1 1 3 0 3 0 0 0 2 1 2 2 0 0 3 0 1 0 3 0 2 1 0 1 1 1 2 1 2 0 3 0 1 0 0 1 2 1 2 2 0 1 0 1 0 1 2 1 2 2 0 1 0 0 3 0 1 0 1 0 1 2 0 0 1 0 0 1 1 1 0 0 2 0 1
1 264 1 1 0 1 0 1 0 3 0 0 2 0 0 1 0 0 2 0 0 0 0 2 0 0 0 3 0 0 1 1 1 2 1 3 0 0 0 2 0 1 0 0 1 2 1 1 0 0 0 3 0 0 0 0 0 2 1 2 1 2 2 0 0 2 1 1 1 0 0 1 0 2 0 2 1 0 0 1 2 0 2 0 1 0 1 0 0 1 0 0 1 2 1 2 0 0 1 2 0 0 2 0 1 3 0 1 1 2 0 1 0 2 1 1 0 0 0 1 0 3 0 3 0 0 2 0 1 3 0 2 1 1 1 0 0 3 0 1 1 1 0 1 0 0 1 2 0 2 1 2 0 2 0 0 2 0 2 0 2 0 1 2 0 0 0 0 1 0 0 3 0 1 0 0 1 2 0 1 1 1 0 0 1 0 0 2 0 2 1 0 0 2 0 2 1 1 1 2 0 1 0 3 0 1 2 0 0 3 0 1 1 1 0 2 1 1 0 0 0 2 1 3 0 1 1 1 0 1 1 0 0 0 0 0 1 1 0 1 0 3 0 3 0 1 1 3 0 2 1 0 0 2 1 2 0 1 0 1 2 0 1 0 2 0
0 265 1 0 1 0 2 0 2 1 2 1 2 1 2 1 2 0 1 1 2 1 0 1 0 1 1 1 2 1 2 0 2 1 1 0 1 1 1 1 0 1 3 0 1 1 0 1 2 0 0 1 2 1 1 0 0 1 2 0 1 0 1 0 3 0 0 1 2 2 0 0 2 1 1 0 1 1 0 1 0 1 0 1 3 0 3 0 2 1 2 0 1 1 0 2 0 1 2 0 3 0 1 2 0 1 1 2 0 2 0 2 0 0 1 1 2 0 0 0 2 1 3 0 2 1 2 2 0 1 2 0 1 1 2 2 0 1 2 2 0 1 2 0 2 0 1 1 0 0 2 0 0 0 0 1 2 2 0 2 0 2 0 0 3 0 0 0 0 2 0 1 2 1 3 0 1 0 3 0 3 0 1 0 0 2 0 1 1 0 1 1 0 1 1 0 1 1 3 0 3 0 2 1 3 0 0 0 3 0 1 2 0 1 2 1 1 1 2 0 0 1 2 0 1 2 0 1 2 0 2 2 0 0 0 0 1 0 1 0 2 1 3 0 3 0 0 0 2 0 1 1 0 1 1 2 0 2 0 0 0 1 0 0 0 1 2
1 265 2 0 2 1 1 0 2 0 1 0 1 0 1 0 0 0 0 0 0 1 1 0 0 0 2 1 1 0 0 0 1 1 2 0 3 0 2 0 0 1 1 2 0 1 1 0 3 0 1 1 0 1 2 0 1 0 3 0 2 0 2 1 2 1 2 1 1 0 3 0 0 1 2 0 3 0 0 0 0 0 0 1 2 0 3 0 1 2 0 2 0 1 1 2 0 1 0 0 3 0 0 1 0 0 2 2 0 2 0 1 2 1 3 0 3 0 0 1 2 0 2 0 2 0 1 1 0 1 0 0 0 0 1 1 0 1 1 1 0 1 0 0 0 2 0 1 0 1 0 1 1 0 1 1 1 1 0 2 0 1 3 0 1 1 1 0 1 2 0 1 1 0 1 2 0 0 3 0 2 1 3 0 1 2 0 0 1 0 3 0 0 0 1 1 0 0 2 0 3 0 2 0 1 1 1 1 3 0 0 1 0 1 0 1 3 0 3 0 1 1 0 0 0 1 0 1 0 0 2 0 2 1 0 0 2 0 2 1 2 0 2 0 2 1 1 1 0 2 0 1 1 0 2 2 0 1 2 1 0 2 0 0 1 1 0
1 266 1 1 0 1 1 2 1 0 1 3 0 2 0 2 0 0 0 0 0 1 0 1 0 0 1 1 1 2 0 0 1 0 0 0 0 3 0 0 1 2 0 2 2 0 0 1 1 2 2 0 1 1 0 3 0 2 1 3 0 1 0 2 0 1 0 0 1 2 1 2 1 2 1 0 0 2 1 1 0 0 0 1 1 0 0 3 0 0 1 0 2 0 0 2 1 3 0 3 0 1 1 1 2 0 1 2 1 0 2 0 1 1 0 2 0 2 1 2 1 0 0 1 0 0 2 0 1 0 2 0 0 0 0 3 0 0 0 1 2 0 2 0 0 1 2 0 0 0 0 0 0 1 0 3 0 2 0 0 2 0 1 1 2 0 1 2 1 0 1 0 0 1 1 0 0 3 0 2 0 2 0 2 0 0 0 2 1 2 1 2 1 1 0 2 2 0 1 1 0 3 0 0 2 0 2 0 0 1 1 2 0 0 0 0 1 2 0 2 2 0 1 0 0 0 2 0 2 0 1 1 0 1 1 0 1 1 0 2 0 0 0 1 0 1 1 3 0 0 2 0 0 1 1 2 1 0 1 0 1 1 1 2 1 2 2 0
1 267 1 0 1 1 0 0 0 1 1 1 2 0 1 0 0 1 1 0 0 0 2 0 2 0 1 0 2 0 3 0 0 2 0 0 0 1 2 1 2 1 0 0 2 0 2 2 0 0 1 1 0 0 1 1 3 0 2 0 1 2 0 0 0 1 3 0 1 1 1 0 1 0 0 1 0 1 1 1 2 0 0 0 2 2 0 1 2 1 2 0 0 1 3 0 1 0 2 0 2 2 0 2 0 1 0 1 0 1 1 2 0 0 1 1 1 0 2 0 0 1 0 0 2 0 1 2 0 0 0 1 2 1 0 1 2 1 1 1 0 1 0 1 2 2 0 0 2 1 0 0 0 0 2 1 3 0 0 1 2 2 0 0 2 2 0 1 0 1 0 2 0 0 2 2 0 1 3 0 1 0 1 0 0 1 1 1 2 0 1 0 0 1 2 1 2 1 0 0 1 1 2 1 2 2 0 1 2 1 3 0 3 0 0 0 1 1 0 0 2 0 3 0 2 1 1 2 0 2 0 0 1 0 3 0 0 0 1 1 0 1 1 0 2 1 0 0 1 1 2 1 2 2 0 0 0 1 1 0 0 0 2 1 1 0 1 0 2
0 267 2 0 2 2 0 0 1 0 2 0 3 0 2 0 1 0 1 0 0 1 1 0 0 2 0 0 1 0 2 1 2 1 2 1 1 1 1 0 0 1 0 1 1 0 2 0 2 1 2 2 0 1 0 0 2 0 1 0 0 0 2 1 1 1 1 2 0 1 2 0 2 0 1 0 0 0 2 0 3 0 0 1 2 1 0 1 0 2 0 1 2 1 1 2 0 0 1 0 2 1 0 2 0 0 0 0 0 0 2 1 2 1 3 0 1 1 0 1 1 2 0 1 1 0 0 0 2 1 1 1 0 1 1 1 0 1 3 0 0 0 0 1 1 0 3 0 0 1 0 0 0 1 2 0 1 1 2 1 1 0 3 0 1 1 0 0 0 0 0 1 3 0 1 1 0 1 1 1 3 0 2 0 1 0 2 0 3 0 2 0 1 1 1 0 0 1 0 1 0 0 1 0 1 1 0 1 1 0 2 0 2 1 1 0 2 2 0 1 1 0 3 0 1 2 0 1 0 1 2 1 2 1 2 1 1 0 3 0 0 0 1 1 1 1 0 1 0 0 1 0 1 0 2 1 1 0 1 0 0 1 1 1 2 0 2 1 1
0 268 1 1 0 2 0 2 1 2 1 1 0 3 0 0 1 3 0 2 0 1 0 1 0 1 1 2 1 2 1 2 0 1 0 0 1 3 0 1 0 1 0 0 0 1 1 1 0 2 0 1 0 3 0 2 2 0 1 3 0 0 1 1 1 3 0 2 2 0 1 0 0 0 1 3 0 0 1 1 0 2 1 2 1 0 1 1 0 0 2 0 1 0 2 0 0 2 1 2 1 1 1 1 1 2 1 0 0 0 1 2 0 1 0 1 2 0 1 1 0 2 2 0 0 1 0 0 1 1 1 3 0 0 0 2 0 0 1 1 1 1 0 1 0 1 1 2 1 1 2 0 0 1 1 0 0 0 0 0 1 2 1 2 2 0 1 0 0 0 0 1 1 1 2 0 1 1 0 2 1 2 0 0 2 0 0 1 0 3 0 0 2 0 1 2 0 0 2 0 2 0 0 2 0 3 0 0 0 1 1 1 0 1 1 2 1 2 1 0 0 1 1 3 0 0 1 0 0 0 1 1 0 1 0 0 1 2 1 2 1 1 0 3 0 1 2 0 2 0 0 2 0 2 1 1 1 2 0 2 0 1 0 2 1 0 0 1 1 2
1 269 1 0 1 1 1 0 2 0 0 1 2 1 2 1 2 1 2 0 0 1 3 0 2 1 0 0 1 0 0 2 0 1 3 0 1 1 1 1 3 0 2 0 0 0 3 0 1 1 0 2 0 0 3 0 2 1 0 1 1 1 2 0 2 1 2 0 2 0 3 0 2 1 1 1 1 1 2 0 1 1 2 0 0 1 1 0 1 0 1 2 0 0 0 1 3 0 1 0 0 1 3 0 2 1 0 1 0 0 1 0 3 0 2 1 0 1 0 0 1 1 2 0 2 1 2 0 1 0 2 1 1 1 1 1 0 1 2 0 2 0 1 0 2 1 0 0 0 2 0 0 2 1 2 2 0 0 0 0 1 1 1 0 1 0 3 0 2 1 0 0 3 0 2 2 0 0 1 1 1 2 0 1 2 1 2 1 2 1 2 1 2 2 0 0 3 0 1 2 0 1 3 0 0 0 2 1 1 0 3 0 1 1 0 0 1 0 0 1 0 1 0 0 1 1 1 2 0 0 1 0 1 0 2 0 1 1 1 0 0 1 2 1 3 0 0 1 0 1 3 0 0 0 1 2 0 0 0 0 0 2 0 0 1 1 0 1 0 0 0
1 269 2 0 3 0 1 1 0 1 2 1 1 0 1 0 0 2 0 1 2 1 2 0 1 1 0 0 2 0 1 2 0 1 1 2 0 2 0 0 2 0 0 1 1 1 2 2 0 1 1 1 3 0 2 0 1 1 1 0 2 1 0 0 2 0 0 0 1 0 3 0 1 1 3 0 2 0 3 0 3 0 3 0 1 0 1 0 2 1 0 0 2 1 1 1 1 1 3 0 1 1 2 0 1 1 0 2 0 0 2 1 3 0 1 1 0 2 0 1 0 0 0 0 1 2 0 2 0 0 1 1 3 0 2 0 0 1 0 0 0 2 0 0 1 1 0 0 1 1 3 0 1 0 1 0 2 1 0 0 3 0 1 0 2 1 3 0 1 1 0 1 3 0 2 0 2 1 3 0 2 2 0 1 1 0 1 0 1 0 1 0 1 0 3 0 2 0 0 1 0 1 1 1 1 1 1 1 2 1 2 2 0 1 0 0 2 0 0 2 0 2 0 0 3 0 2 1 2 1 2 0 2 1 0 2 0 1 2 0 1 1 1 0 1 1 2 0 0 1 1 1 1 1 0 0 2 1 0 0 1 1 2 1 2 2 0 2 0 0 0
1 270 1 1 0 2 2 0 1 1 1 0 1 2 0 2 0 1 2 0 1 0 2 0 2 0 1 0 1 1 0 0 1 0 0 2 2 0 1 2 2 0 1 2 0 2 1 1 1 0 0 2 1 2 0 0 2 0 1 2 1 1 1 0 1 0 1 1 0 2 1 3 0 0 0 2 0 1 0 3 0 3 0 2 1 3 0 2 1 1 1 0 1 1 1 3 0 2 1 1 2 0 2 0 2 0 1 1 1 3 0 1 0 1 2 0 1 1 1 3 0 2 1 0 1 0 1 0 1 2 2 0 0 2 0 0 1 1 2 0 0 1 1 2 1 2 2 0 1 0 0 1 1 3 0 2 1 1 1 0 1 2 2 0 0 2 0 1 2 0 1 1 1 2 0 1 0 2 0 2 0 2 1 0 0 1 0 2 0 2 0 2 0 2 1 3 0 0 1 2 0 0 0 2 0 2 0 2 1 1 0 1 0 3 0 2 2 0 1 2 2 0 1 3 0 2 0 2 0 1 0 0 0 1 1 1 2 0 0 3 0 3 0 1 0 3 0 3 0 1 0 2 0 1 2 0 1 1 1 0 1 0 0 1 0 1 1 0 1 2 1 0
1 271 1 0 1 1 2 1 0 0 2 0 0 1 0 0 1 0 0 1 0 0 0 2 0 2 0 0 0 0 1 0 0 2 0 1 2 1 0 1 1 1 0 1 0 0 1 1 2 2 0 1 1 2 0 1 2 2 0 1 0 1 3 0 0 0 0 0 1 1 2 0 1 1 1 1 0 2 0 0 3 0 3 0 2 0 2 0 1 1 3 0 0 0 2 1 2 0 1 2 0 1 0 2 0 2 0 0 2 1 1 2 0 0 0 1 0 0 2 1 2 0 1 1 1 0 0 0 0 1 1 0 2 2 0 1 2 0 2 1 2 2 0 0 1 0 1 0 3 0 2 2 0 0 2 0 1 1 3 0 0 1 1 0 3 0 0 0 0 1 0 0 2 0 3 0 2 1 1 0 1 0 1 1 0 0 2 1 1 0 1 0 1 0 2 0 1 1 2 0 3 0 0 1 1 0 1 0 1 1 2 0 2 1 3 0 2 1 0 1 1 1 0 1 2 0 1 0 0 1 3 0 0 0 3 0 2 1 3 0 2 0 2 2 0 0 3 0 2 2 0 0 1 0 0 1 0 0 1 2 0 2 0 0 2 0 3 0 0 1 0 1 0
1 271 2 1 0 0 0 1 0 1 0 1 1 2 0 0 2 0 0 2 0 0 1 2 0 1 2 1 0 0 2 0 1 2 0 1 0 1 1 0 1 2 0 2 0 1 0 0 1 1 0 0 2 2 0 1 1 1 0 0 0 1 1 1 1 0 0 0 3 0 3 0 3 0 2 0 0 1 3 0 2 0 3 0 1 0 1 0 0 0 1 1 1 1 2 0 0 0 0 1 0 0 0 2 0 1 3 0 0 2 0 0 2 1 0 2 0 1 1 2 0 2 0 1 2 0 0 0 1 0 1 1 2 1 0 1 0 0 2 0 1 0 2 1 2 0 2 1 3 0 2 0 3 0 0 0 0 0 1 1 2 0 1 1 2 1 1 0 0 2 0 1 1 0 3 0 1 1 2 0 2 0 2 2 0 1 1 1 2 0 2 0 2 1 1 0 0 0 0 0 2 1 2 0 1 0 2 1 0 0 0 0 2 0 2 0 1 1 1 0 2 0 0 0 3 0 2 0 1 1 1 1 1 1 3 0 2 0 2 0 1 0 2 0 3 0 2 0 2 0 2 1 2 0 0 2 0 1 0 1 0 1 3 0 0 0 2 1 1 2 0 2 0
0 272 1 1 1 0 0 1 0 0 0 0 0 2 1 2 2 0 1 2 1 2 2 0 1 0 1 0 1 0 1 1 0 0 1 0 0 0 0 1 1 0 1 0 1 3 0 2 1 2 2 0 1 2 1 0 0 1 2 0 0 1 0 2 0 1 0 0 1 3 0 3 0 3 0 0 1 2 1 2 0 1 0 2 1 3 0 2 0 0 0 3 0 2 0 3 0 0 0 0 2 0 0 1 2 0 1 1 1 2 1 3 0 0 1 1 2 0 0 2 2 0 2 0 0 3 0 0 0 2 1 0 0 0 1 0 2 0 1 0 2 0 0 2 0 0 0 2 0 2 0 1 0 2 1 1 0 0 1 0 0 0 0 0 0 0 1 2 0 1 2 0 0 1 1 3 0 0 0 0 0 1 0 2 1 0 0 2 1 0 0 1 0 1 1 2 0 0 0 0 1 1 2 0 2 0 0 1 1 0 0 0 1 1 0 0 2 0 1 2 1 0 1 1 1 3 0 0 2 0 1 3 0 2 1 2 0 1 0 0 2 0 0 1 0 3 0 1 0 1 0 1 2 0 1 2 2 0 0 0 0 0 1 1 1 1 1 1 2 0 1 0 1 2
1 273 1 0 1 2 0 0 2 0 0 0 0 1 2 0 1 1 0 1 1 0 1 1 0 0 0 0 0 0 0 0 1 0 0 2 0 0 0 0 3 0 0 0 0 1 2 0 2 0 1 1 0 1 0 1 0 1 0 0 2 1 2 1 0 1 3 0 1 1 2 0 3 0 2 1 2 1 0 2 0 2 0 0 2 0 2 0 0 1 1 1 3 0 1 0 2 1 1 0 1 1 2 2 0 1 0 0 2 1 1 0 1 1 2 0 2 1 3 0 1 1 0 1 3 0 1 1 1 1 1 1 0 0 1 0 0 2 0 0 0 1 2 2 0 1 1 1 1 0 0 2 0 0 1 1 2 0 0 2 0 0 0 0 0 0 1 1 0 0 0 0 2 2 0 0 1 1 1 0 0 0 2 1 1 1 0 1 1 1 0 0 2 0 3 0 3 0 0 0 1 0 2 2 0 1 2 1 2 2 0 0 1 0 1 0 1 2 0 1 0 1 1 0 2 1 1 1 2 2 0 1 2 0 1 2 0 1 3 0 1 1 2 1 2 1 2 1 3 0 2 1 0 1 0 1 1 0 2 1 0 0 1 0 2 0 2 0 2 2 0 0 0 1 0
1 273 2 1 0 0 2 2 0 1 1 0 1 0 3 0 3 0 0 0 1 0 2 2 0 0 0 0 0 0 0 0 2 0 1 1 2 1 0 1 2 1 1 0 1 1 0 0 0 2 0 1 0 2 0 2 0 2 0 1 2 0 0 1 1 1 2 0 0 0 0 0 3 0 2 0 0 1 1 2 0 1 3 0 0 0 0 1 2 0 2 1 1 2 0 0 1 1 2 1 0 0 1 0 3 0 3 0 0 1 2 1 0 0 0 0 2 0 1 2 0 1 1 1 1 2 0 1 3 0 1 2 0 0 2 0 1 1 2 1 1 1 1 1 0 0 2 0 1 0 1 1 2 1 3 0 3 0 1 1 2 1 0 0 0 0 2 2 0 0 0 1 2 0 2 1 3 0 1 0 0 1 1 1 3 0 0 0 1 2 0 1 1 0 3 0 2 1 1 0 2 1 2 1 0 1 1 0 1 0 2 1 2 0 2 1 0 1 0 0 0 0 1 1 1 2 0 0 1 1 0 1 0 0 0 1 0 1 2 0 0 0 1 0 1 0 1 0 2 0 1 1 1 0 0 0 1 1 1 1 0 0 2 1 1 0 1 0 2 0 2 1 0 2 0
0 274 1 1 1 0 1 2 1 0 0 1 0 2 1 3 0 2 1 1 0 2 1 2 0 2 1 0 0 0 0 0 1 1 0 0 0 0 1 1 1 0 1 2 0 2 2 0 0 1 2 0 0 0 2 0 2 0 2 0 0 3 0 1 0 2 0 3 0 0 0 0 1 3 0 0 1 2 0 2 2 0 1 1 1 1 0 1 1 0 0 1 2 0 0 2 2 0 0 0 1 0 0 2 1 3 0 2 1 2 1 0 1 0 0 0 1 1 0 0 1 0 0 2 0 2 2 0 1 2 0 0 0 3 0 0 0 0 0 0 1 3 0 1 2 0 1 0 2 0 0 0 0 1 0 2 0 3 0 0 0 0 1 0 0 0 1 2 0 2 1 1 1 0 0 2 0 1 1 3 0 1 0 2 1 1 1 1 1 0 1 0 0 1 1 3 0 1 1 2 1 2 0 0 1 1 0 1 0 2 1 2 0 0 0 1 1 0 2 0 0 0 0 3 0 2 1 2 1 2 2 0 2 0 0 1 0 0 0 3 0 0 0 2 0 2 0 2 1 0 2 0 1 2 0 0 0 3 0 1 2 0 1 1 1 2 0 2 1 1 0 1 1 1 1 2
1 275 1 0 2 0 0 1 0 1 0 0 2 1 2 0 2 0 1 1 2 1 2 0 0 0 1 1 0 0 0 0 1 0 1 0 0 0 1 0 2 0 0 1 0 0 2 0 2 2 0 0 2 1 1 2 0 2 0 1 3 0 1 2 0 0 1 0 2 1 1 0 1 1 1 1 2 1 0 0 2 1 0 0 2 0 1 0 2 2 0 1 0 0 3 0 1 0 2 1 0 2 0 1 2 0 2 0 2 0 0 1 0 2 0 0 1 0 1 0 0 2 0 1 1 0 2 1 0 0 3 0 0 1 2 1 1 0 0 0 1 1 2 0 0 1 0 0 0 1 2 1 0 0 2 1 1 0 2 1 1 0 0 2 0 0 1 1 0 0 1 1 2 2 0 1 1 0 0 0 1 2 0 0 1 1 3 0 1 2 0 2 0 1 0 0 2 0 0 0 0 2 0 1 2 0 1 0 2 1 1 2 0 1 1 0 3 0 0 1 2 1 0 1 3 0 2 0 1 0 1 1 0 1 2 1 2 0 0 1 2 1 1 1 1 0 1 0 1 1 1 2 0 0 3 0 0 1 3 0 0 1 0 0 2 1 0 0 1 1 2 0 3 0 2 1 0
1 275 2 1 0 1 1 2 0 2 0 1 2 0 0 0 1 0 0 0 0 2 0 1 1 0 2 2 0 0 0 0 2 0 2 0 0 0 2 1 0 1 1 2 0 1 1 0 2 0 3 0 0 2 0 1 0 2 0 1 2 0 0 0 2 1 2 1 1 1 2 0 3 0 2 1 0 1 0 1 1 1 0 1 0 2 0 0 2 0 3 0 3 0 1 2 0 0 1 1 1 2 0 1 0 0 1 0 0 1 2 0 0 1 2 1 2 0 2 0 1 2 0 0 1 1 1 1 0 1 2 1 2 1 0 1 2 0 0 0 3 0 3 0 0 2 0 0 1 1 0 1 0 1 1 1 2 1 1 1 2 0 1 1 2 1 2 2 0 1 0 0 1 1 0 0 1 0 0 1 0 0 2 2 0 0 2 0 0 1 0 1 3 0 2 2 0 1 1 0 1 2 0 0 3 0 2 1 1 2 0 1 0 0 1 1 2 1 2 1 0 1 1 1 2 0 0 1 3 0 3 0 0 1 0 2 0 1 2 1 0 1 3 0 1 0 2 0 3 0 2 1 3 0 1 1 2 1 1 1 1 2 0 1 1 1 0 1 0 0 0 0 3 0 1 1 0
1 276 1 1 1 1 0 2 2 0 2 0 0 3 0 0 0 2 0 0 0 1 2 0 0 1 1 2 0 2 1 0 1 1 0 0 1 1 1 1 1 1 0 2 2 0 0 1 1 1 0 2 1 2 2 0 0 0 2 0 0 3 0 0 1 2 0 0 2 0 0 0 0 3 0 1 1 1 0 0 0 2 0 0 0 0 1 3 0 0 0 3 0 3 0 0 0 2 1 3 0 2 1 3 0 2 1 2 0 1 0 3 0 1 1 1 0 0 0 1 0 0 0 2 1 3 0 2 0 0 1 1 0 0 1 1 0 3 0 0 1 3 0 2 1 2 1 2 1 3 0 0 0 0 0 2 1 0 2 0 0 0 0 0 0 1 0 1 0 3 0 2 1 2 2 0 0 2 0 0 2 0 1 2 0 2 2 0 1 2 0 0 1 2 0 2 1 0 0 1 1 0 0 3 0 2 0 1 2 0 0 3 0 2 2 0 0 1 0 0 1 1 0 2 0 3 0 1 1 2 0 2 1 2 0 0 2 0 1 0 1 1 1 1 2 0 0 1 0 3 0 2 0 2 0 0 0 0 1 3 0 2 2 0 0 1 2 0 2 0 0 0 1 2 2 0 1 0
1 277 1 0 2 0 1 1 2 1 0 1 3 0 1 1 1 1 0 1 1 1 0 0 2 2 0 0 0 0 1 1 1 0 1 0 1 0 2 0 2 0 1 1 2 0 2 1 3 0 1 1 2 0 1 0 2 1 1 1 3 0 1 1 2 0 3 0 1 1 2 1 0 1 2 2 0 1 2 0 0 1 0 1 1 0 1 1 1 1 1 1 3 0 2 1 1 1 2 0 2 0 2 0 2 0 1 2 0 2 0 0 2 2 0 1 2 0 0 0 2 0 0 1 2 0 2 0 0 1 2 0 1 0 1 0 1 1 2 1 2 1 2 0 2 0 1 0 1 0 1 1 1 0 0 1 1 1 1 1 2 1 0 0 0 0 2 0 2 1 3 0 2 0 1 0 2 2 0 1 2 2 0 1 0 0 2 1 0 0 3 0 1 1 0 0 1 1 0 0 2 2 0 1 3 0 1 0 0 0 3 0 2 0 2 0 2 1 2 0 1 0 1 1 1 0 3 0 0 0 0 0 1 2 0 1 2 2 0 0 0 0 2 0 2 1 2 1 2 1 3 0 1 0 0 1 1 0 1 1 2 0 2 0 2 2 0 1 0 1 2 1 1 1 1 0 3 0 2
0 277 2 1 1 0 0 0 0 1 1 1 1 2 0 1 3 0 0 0 1 2 0 1 2 0 2 1 0 0 3 0 1 0 2 0 2 1 1 0 1 0 0 0 0 0 2 0 1 2 0 2 0 2 0 0 1 2 0 0 2 0 0 0 0 0 3 0 0 0 0 1 1 1 1 1 0 0 3 0 1 0 0 0 1 0 3 0 2 0 2 1 2 0 1 2 0 0 0 0 1 0 1 0 1 0 0 1 0 1 3 0 1 1 0 0 3 0 0 1 0 1 2 1 0 0 0 1 2 0 3 0 2 0 2 1 0 0 1 0 1 0 0 0 0 1 3 0 2 0 3 0 1 0 1 0 2 0 2 1 0 1 0 0 0 1 1 0 2 0 2 0 0 2 0 0 2 1 0 1 1 0 3 0 3 0 0 1 0 1 2 2 0 1 0 0 2 2 0 1 2 1 0 1 1 1 3 0 0 1 3 0 1 0 1 0 1 2 0 1 3 0 3 0 1 1 2 1 1 0 0 1 0 1 0 1 1 0 2 1 0 1 1 0 2 0 1 0 1 0 1 1 3 0 1 0 1 1 0 0 0 0 1 0 2 1 0 0 0 1 0 1 3 0 1 1 3 0 1
1 278 1 1 1 2 0 0 0 1 0 2 0 2 2 0 1 1 1 1 1 0 1 0 1 0 0 1 1 0 1 2 2 0 0 1 0 1 1 2 0 2 0 0 0 0 1 1 0 0 1 0 2 0 1 2 2 0 0 2 2 0 1 1 0 0 1 2 1 1 0 1 0 2 0 1 2 0 1 2 1 3 0 0 0 2 1 3 0 1 0 2 0 0 0 0 0 2 1 0 0 2 0 2 0 2 0 1 0 0 1 1 2 0 1 0 1 2 1 2 0 0 1 0 1 0 0 1 1 0 0 3 0 1 0 1 1 0 0 2 0 2 0 0 0 1 1 2 0 1 0 2 1 3 0 2 1 1 0 1 1 0 2 0 0 1 0 1 1 1 0 0 1 2 1 3 0 0 1 1 0 1 1 3 0 2 1 2 0 0 1 1 0 3 0 3 0 1 1 0 1 0 1 1 0 2 1 1 1 2 1 1 1 3 0 2 1 0 1 0 1 2 0 3 0 0 0 0 1 2 0 1 0 0 0 0 0 1 1 1 1 1 0 1 1 0 1 3 0 2 1 0 0 1 1 3 0 2 2 0 0 0 0 2 1 1 1 0 0 1 0 0 1 2 0 0 0 1 2 0
1 279 1 0 2 0 3 0 0 0 2 1 1 0 2 1 0 0 2 0 1 2 0 2 0 2 0 0 3 0 0 1 1 0 2 1 2 1 0 0 0 0 0 1 1 0 1 0 1 0 1 0 0 2 0 1 1 0 3 0 1 1 0 0 1 0 1 1 0 1 2 0 2 1 1 0 0 1 0 1 1 0 1 1 1 1 2 0 1 2 0 0 0 1 1 0 0 1 1 1 0 1 1 0 1 0 0 1 3 0 1 0 2 2 0 0 0 1 0 2 0 1 1 2 0 2 0 0 2 2 0 1 2 1 3 0 2 2 0 1 1 0 0 1 1 0 3 0 3 0 2 1 2 0 2 0 1 1 2 0 3 0 0 1 2 1 2 0 3 0 1 0 1 1 1 0 1 1 2 0 1 1 0 0 2 0 1 2 0 1 2 0 1 1 3 0 2 2 0 1 1 0 0 0 1 1 1 2 0 0 0 2 0 0 2 0 1 1 1 0 0 1 0 0 2 1 1 0 1 0 3 0 2 0 0 0 0 0 3 0 2 0 1 0 3 0 0 1 2 0 1 1 0 1 0 0 2 0 2 0 2 1 0 1 1 1 2 2 0 0 2 0 1 0 3 0 0 1 0 0 2
0 279 2 1 1 0 2 1 1 1 1 1 2 1 1 1 0 1 1 0 0 1 0 2 0 1 3 0 1 1 2 0 1 1 2 0 0 1 0 0 0 0 1 0 1 0 2 0 2 0 2 0 1 2 0 0 1 1 2 2 0 1 0 0 2 0 3 0 0 1 0 0 1 1 2 0 1 0 0 0 1 0 3 0 2 1 0 0 0 0 2 1 1 0 1 0 1 0 2 0 0 0 1 0 2 0 1 1 1 2 0 0 2 0 2 1 1 0 0 2 0 0 2 2 0 1 3 0 1 1 0 1 1 0 2 0 2 1 0 0 1 0 1 0 1 1 3 0 3 0 2 0 0 0 1 0 0 0 0 0 2 1 2 1 1 0 0 0 2 1 3 0 3 0 1 0 3 0 3 0 2 2 0 1 1 0 0 1 0 1 0 0 0 0 2 0 2 1 0 0 1 0 0 0 3 0 2 1 2 1 1 1 2 2 0 2 0 1 2 0 0 2 0 1 1 1 2 0 2 1 3 0 0 1 1 0 0 1 3 0 0 2 0 0 2 1 2 0 3 0 2 2 0 2 0 1 1 0 1 0 1 1 1 0 2 1 1 0 2 2 0 2 0 0 2 1 1 2 0 1 1
0 280 1 1 1 2 1 1 1 3 0 2 1 0 1 3 0 0 0 1 0 1 0 0 2 0 1 1 2 0 2 0 2 0 2 0 1 1 2 0 0 0 0 2 0 2 1 1 0 1 0 1 0 0 0 2 2 0 0 1 0 3 0 3 0 0 0 2 1 1 2 0 0 3 0 3 0 2 0 0 0 2 1 3 0 1 1 0 0 0 1 1 1 2 0 2 0 2 1 0 1 1 0 2 1 0 2 0 2 0 0 3 0 0 0 1 1 2 0 1 1 3 0 1 1 0 1 1 2 0 1 1 0 1 1 1 0 1 1 0 0 2 0 2 1 0 0 2 0 3 0 0 1 1 0 2 0 0 0 0 1 2 0 0 1 2 0 0 1 2 0 2 0 2 2 0 0 3 0 3 0 2 1 0 0 1 0 0 2 0 2 0 0 0 1 1 0 1 1 0 0 2 0 0 1 3 0 2 0 0 2 0 0 1 1 0 2 0 0 3 0 1 2 0 0 2 1 0 0 2 0 1 1 2 0 1 0 1 1 1 1 2 1 3 0 1 0 0 0 3 0 2 1 0 2 0 0 1 0 2 0 3 0 1 1 1 1 2 1 2 1 0 1 3 0 0 2 0 1 0 0 1
1 281 1 0 2 1 0 2 0 0 2 0 1 1 1 1 1 1 1 0 2 0 2 0 1 2 0 0 2 2 0 2 0 2 0 2 0 0 2 1 2 1 0 1 1 0 1 1 2 0 2 0 2 0 0 1 2 0 2 1 2 1 3 0 2 1 1 1 1 2 0 0 3 0 2 0 3 0 0 1 1 1 2 0 1 2 0 1 0 0 1 0 2 1 0 0 1 0 1 1 1 0 1 1 1 1 1 2 0 1 3 0 1 1 1 1 0 0 0 0 0 0 1 2 0 1 1 0 2 2 0 0 1 0 3 0 1 0 2 2 0 1 1 0 1 1 0 1 1 0 2 1 2 0 1 1 0 1 1 0 1 0 3 0 1 0 3 0 1 1 0 0 1 0 2 0 3 0 2 0 3 0 1 1 0 0 2 0 1 2 0 1 2 1 1 0 1 0 2 2 0 1 0 1 2 1 2 0 0 1 2 1 2 1 3 0 0 1 3 0 2 0 0 0 3 0 0 1 0 1 0 2 0 2 0 1 3 0 3 0 2 1 1 0 1 1 3 0 0 1 3 0 1 1 1 1 2 1 2 1 1 0 2 2 0 2 0 0 1 0 0 1 1 1 1 1 2 1 3 0 2 1 2
0 281 2 1 1 1 1 1 2 2 0 2 0 1 3 0 2 0 1 1 1 0 1 0 0 0 3 0 1 1 0 2 0 2 0 1 3 0 1 0 0 1 1 0 1 1 0 0 0 0 1 0 0 1 2 1 0 0 2 0 1 0 2 0 1 1 3 0 2 1 3 0 2 0 1 0 2 1 2 0 2 1 0 0 0 0 3 0 2 1 2 1 1 1 0 0 2 0 3 0 1 0 3 0 2 0 2 2 0 1 1 2 0 1 2 2 0 0 0 0 0 1 0 1 0 0 1 1 2 0 2 1 2 1 2 2 0 0 2 1 0 0 1 0 3 0 0 0 1 1 1 2 0 2 0 1 1 0 1 0 2 1 2 2 0 0 2 2 0 1 0 0 2 1 1 0 3 0 1 0 2 2 0 1 0 1 1 0 0 1 0 1 0 1 2 0 2 1 2 1 0 0 0 1 0 2 0 1 2 1 1 0 1 0 1 1 2 1 2 0 0 1 1 1 2 1 2 0 0 0 0 2 0 2 0 1 2 0 3 0 1 1 2 1 0 0 1 1 2 1 1 2 0 2 0 0 1 0 0 1 2 1 2 1 0 1 2 1 2 0 1 0 2 0 2 1 1 0 2 0 2 0 0
0 282 1 1 1 3 0 2 1 1 1 0 2 0 1 2 0 0 2 0 1 2 0 2 0 0 1 2 2 0 1 1 2 0 2 0 1 1 1 3 0 1 0 1 0 2 2 0 0 0 0 2 0 1 1 0 1 0 1 0 2 0 0 1 0 0 0 2 0 2 0 2 0 0 2 0 0 2 0 0 0 1 1 0 0 0 1 3 0 2 0 0 1 2 2 0 1 1 0 2 2 0 0 3 0 1 0 2 1 0 0 2 2 0 1 1 0 2 1 0 0 0 2 0 2 0 1 0 0 0 0 2 0 1 0 1 0 3 0 0 1 0 0 2 1 2 1 1 0 3 0 2 2 0 2 0 0 1 0 2 1 2 0 1 0 3 0 1 0 3 0 3 0 0 1 2 1 2 2 0 0 2 1 0 0 0 0 1 0 1 0 0 0 0 1 0 0 2 0 0 1 0 0 1 0 0 2 0 1 0 1 2 0 2 1 0 0 0 2 0 1 2 0 2 1 0 2 0 1 1 0 1 2 0 2 0 1 0 0 3 0 0 0 0 1 0 1 0 0 0 2 0 1 0 1 2 1 2 0 1 1 1 0 0 1 1 1 0 2 0 2 0 0 1 0 1 1 2 1 1 0 0 1 1
0 283 1 0 2 1 2 0 1 1 3 0 0 2 0 0 3 0 1 2 0 1 0 0 0 1 2 1 1 1 0 0 2 2 0 2 0 0 2 1 1 1 3 0 2 1 2 0 2 1 0 1 0 2 0 1 1 0 0 0 0 1 2 1 2 0 0 1 1 0 1 0 0 1 2 1 2 2 0 1 1 0 2 2 0 0 1 1 2 0 0 1 2 1 1 1 0 0 1 1 2 0 3 0 1 2 0 0 1 1 0 1 2 1 0 0 1 1 1 1 0 0 1 2 0 1 3 0 2 1 0 1 0 1 3 0 2 1 2 1 1 2 0 1 2 0 0 1 2 1 3 0 2 1 0 1 2 1 2 1 1 2 0 2 0 0 2 2 0 0 3 0 2 1 2 1 1 0 1 0 3 0 0 1 0 0 0 0 2 0 2 0 0 0 0 2 0 1 0 1 1 2 0 0 2 0 1 2 0 0 0 1 0 0 1 1 0 0 1 2 0 1 0 0 1 1 1 2 0 0 1 1 0 1 0 1 3 0 3 0 1 1 1 0 0 2 0 2 0 0 1 2 0 0 0 1 0 2 0 2 0 1 2 0 1 0 2 0 0 2 0 1 2 1 2 1 0 0 0 1 2 0 1 0 1
1 283 2 1 2 0 0 0 0 0 1 1 2 1 3 0 2 0 0 0 3 0 2 1 1 1 0 1 2 2 0 1 2 1 0 1 3 0 0 2 0 0 2 0 2 0 0 0 1 1 1 0 0 2 0 0 1 0 0 0 1 1 0 2 0 1 2 0 1 0 2 0 1 1 1 0 1 1 0 0 1 1 2 0 2 1 3 0 3 0 1 1 0 1 2 2 0 1 0 0 0 0 3 0 0 0 2 1 3 0 0 1 0 1 0 0 3 0 1 2 0 1 0 1 0 1 2 0 1 1 1 0 0 1 2 0 2 0 0 2 0 1 0 0 3 0 1 1 1 0 2 0 1 1 1 1 1 0 0 2 0 1 0 1 3 0 1 0 3 0 2 0 2 0 0 1 2 0 2 1 2 1 1 2 0 0 0 1 1 0 0 1 1 0 1 2 0 0 0 0 2 1 3 0 0 0 0 0 2 1 0 2 0 0 2 2 0 1 0 0 3 0 2 1 3 0 2 1 2 1 3 0 0 0 0 1 2 0 2 2 0 1 2 0 1 2 0 1 2 2 0 0 2 1 1 0 0 2 0 2 0 0 3 0 2 1 0 1 2 2 0 1 1 0 0 1 0 0 1 0 3 0 2 0 2
0 284 1 1 2 0 1 1 0 0 1 0 0 1 0 2 0 0 1 1 1 3 0 1 1 3 0 0 1 1 1 0 1 0 1 1 1 1 1 2 1 3 0 0 0 0 1 1 0 3 0 1 0 1 1 2 1 2 0 0 0 3 0 0 2 0 0 3 0 2 1 0 2 0 1 2 0 2 2 0 1 0 0 0 0 2 0 2 0 2 2 0 1 1 1 1 0 3 0 2 1 0 1 2 1 1 1 2 0 1 1 1 2 0 2 0 1 3 0 0 1 0 0 0 0 0 0 3 0 3 0 1 0 1 1 0 0 0 1 2 1 3 0 3 0 1 2 0 1 2 1 0 2 0 1 3 0 1 0 1 2 0 0 0 1 1 2 0 0 3 0 1 0 0 1 2 1 0 0 2 0 0 2 0 0 2 1 1 0 1 0 1 0 1 1 0 0 2 1 0 1 2 0 1 1 1 0 0 1 1 1 1 1 3 0 1 0 3 0 3 0 2 0 2 0 2 0 2 0 1 0 1 1 1 0 1 1 0 0 2 1 0 1 0 0 0 1 0 1 1 0 3 0 0 1 2 0 1 2 0 1 3 0 2 0 1 1 1 1 1 1 0 0 1 0 0 2 0 0 2 1 3 0 1 0 1
1 285 1 0 2 2 0 0 1 0 0 2 0 0 2 1 0 1 2 0 2 1 2 0 0 0 1 1 2 0 2 0 0 0 0 0 2 0 2 1 1 0 1 1 1 0 1 0 1 1 2 2 0 0 0 0 0 2 0 1 1 1 2 1 2 1 3 0 2 0 1 1 1 2 0 1 0 0 2 0 3 0 2 1 0 1 1 0 1 0 2 1 0 0 2 0 1 1 3 0 1 1 1 1 0 1 3 0 3 0 3 0 2 2 0 2 0 1 1 1 1 2 0 0 0 0 0 1 3 0 2 1 3 0 2 2 0 0 1 1 1 0 2 0 3 0 0 1 0 1 0 1 1 2 0 1 1 2 0 0 0 0 2 1 1 0 2 1 3 0 1 1 3 0 1 1 0 1 0 1 0 1 2 1 3 0 0 1 2 0 2 0 2 0 2 2 0 1 1 1 1 0 3 0 3 0 1 0 1 0 2 0 2 1 1 2 0 0 3 0 3 0 1 0 1 0 1 0 0 1 3 0 3 0 1 0 2 2 0 1 1 1 0 2 0 0 1 0 0 0 1 1 2 1 2 1 0 0 0 1 0 1 2 0 0 2 0 1 3 0 1 2 0 0 2 0 1 1 3 0 1 0 1 1 3 0 2
0 285 2 1 2 0 2 1 2 0 1 1 3 0 0 1 1 1 0 0 1 2 0 1 1 1 0 0 0 0 0 1 1 0 0 1 1 0 1 1 2 0 3 0 1 0 2 1 0 0 1 0 2 1 0 0 1 2 0 0 2 1 1 0 1 0 2 0 0 2 0 2 0 0 3 0 3 0 0 0 3 0 1 1 1 0 1 0 2 1 1 1 0 1 1 0 0 0 1 2 0 1 3 0 0 1 2 0 3 0 3 0 2 1 0 2 0 0 2 0 2 1 2 1 0 0 1 1 2 0 2 0 2 0 2 0 2 1 3 0 1 1 1 0 2 1 2 0 0 0 0 0 2 2 0 0 2 1 2 1 0 1 1 1 2 1 2 0 2 0 0 0 1 2 0 1 1 0 0 0 0 1 1 0 1 1 2 1 0 0 1 0 1 0 2 1 0 0 2 0 1 1 3 0 2 1 3 0 2 1 1 0 1 2 0 0 3 0 2 0 2 1 3 0 2 0 2 0 1 1 2 0 2 2 0 0 2 1 0 0 2 0 0 1 2 1 2 0 0 1 0 0 1 0 0 1 0 0 1 0 0 0 3 0 1 2 0 1 2 0 0 0 3 0 0 0 0 0 1 2 0 0 0 0 2 0 1
1 286 1 2 0 0 0 2 0 0 0 0 0 1 1 2 0 1 2 0 1 0 1 0 0 1 2 0 0 0 0 1 0 1 0 1 0 1 1 0 0 0 0 2 2 0 0 1 1 0 0 2 1 1 1 0 1 0 0 3 0 0 1 2 0 2 1 0 1 2 2 0 1 3 0 2 0 2 1 1 1 2 2 0 1 2 0 2 1 1 1 3 0 0 0 1 0 0 1 0 1 0 1 1 1 2 1 0 0 3 0 3 0 1 1 1 1 3 0 0 0 2 0 0 1 0 1 0 0 0 0 1 0 1 0 1 0 2 0 1 2 0 1 2 1 1 2 0 1 1 0 0 1 2 0 3 0 1 0 0 1 1 0 2 1 1 0 0 0 0 1 1 1 0 1 0 0 1 0 0 0 1 0 1 1 0 0 0 1 0 0 2 0 2 1 1 1 0 1 1 0 0 0 2 0 2 0 2 0 1 1 2 1 0 0 3 0 2 0 1 0 2 0 2 0 1 0 1 0 0 0 0 0 2 0 3 0 0 1 0 1 0 1 2 1 0 2 0 1 1 2 0 0 2 0 0 2 0 0 2 0 0 1 3 0 0 1 0 0 3 0 0 1 2 1 1 0 0 1 0 0 2 1 0 1 0 2 0
0 287 1 0 3 0 0 1 0 1 1 0 0 1 0 0 0 0 0 0 3 0 3 0 2 2 0 0 2 1 0 0 2 0 2 0 2 0 2 2 0 0 0 1 2 0 2 1 2 2 0 1 1 1 2 2 0 2 0 1 2 1 2 1 0 0 1 1 1 1 1 1 0 1 2 0 1 0 1 2 0 0 1 1 0 1 0 0 1 2 0 0 1 1 1 0 2 0 1 0 0 0 0 0 2 1 0 1 0 1 3 0 2 2 0 2 0 0 1 1 1 1 0 1 1 2 0 2 0 0 0 0 2 0 2 0 2 1 1 0 0 1 0 1 0 2 0 1 0 0 1 0 1 1 0 0 2 1 3 0 1 0 1 1 1 1 2 0 0 0 1 0 1 2 0 2 0 0 2 0 0 0 2 0 2 2 0 0 0 2 0 1 1 0 1 1 3 0 0 0 1 0 0 1 1 0 1 0 1 0 0 0 0 1 0 1 3 0 0 2 0 0 1 0 0 1 3 0 2 0 0 0 0 1 1 0 2 1 2 0 0 0 0 1 0 1 1 2 0 0 2 1 2 2 0 1 2 1 2 2 0 1 2 1 1 1 1 2 0 1 2 1 2 1 0 1 2 0 0 2 0 1 1 1 1 0 0 1 2
1 287 2 1 2 1 2 0 0 0 1 0 0 2 0 0 0 0 0 1 3 0 3 0 2 0 3 0 0 1 0 1 1 0 1 0 1 0 2 0 2 1 1 1 0 0 2 0 1 1 0 0 2 1 1 1 0 2 0 1 1 0 0 1 0 0 3 0 2 0 2 0 0 0 3 0 2 1 0 0 2 1 2 2 0 2 0 1 0 0 2 1 3 0 1 1 0 1 3 0 0 0 0 1 1 1 1 0 0 1 2 0 2 1 0 1 2 1 3 0 2 0 0 0 2 2 0 1 2 1 0 1 1 0 1 0 1 1 2 0 1 0 0 0 0 1 3 0 2 1 2 0 2 2 0 1 2 0 1 1 3 0 3 0 2 0 3 0 0 0 2 1 0 1 0 1 2 2 0 1 1 1 1 0 2 0 2 1 1 2 0 0 1 1 0 0 1 1 1 0 2 0 1 0 1 0 2 0 2 0 0 0 1 0 0 1 1 1 2 1 2 1 2 0 1 1 2 0 0 1 1 0 1 0 1 1 1 2 0 1 1 0 1 0 0 0 2 1 3 0 1 0 1 1 0 1 1 0 1 1 0 1 0 1 3 0 2 2 0 1 1 0 0 1 1 0 3 0 1 2 0 0 2 0 1 0 1 1 0
1 288 1 2 0 0 2 0 1 1 0 2 0 1 1 2 1 0 0 1 1 2 0 3 0 1 0 2 1 2 0 0 0 1 0 2 0 2 1 1 0 1 1 2 2 0 1 0 2 0 1 0 1 1 1 3 0 0 2 0 0 1 0 0 2 0 1 3 0 1 0 0 1 1 1 3 0 1 1 0 1 2 0 1 1 0 1 3 0 3 0 1 0 1 2 0 1 1 1 1 1 1 0 1 0 2 0 1 0 1 1 0 0 1 1 1 1 1 0 2 0 0 1 1 1 2 1 0 1 0 1 1 0 1 0 2 0 3 0 3 0 2 0 0 0 1 1 2 0 2 0 0 0 2 1 0 1 0 0 0 0 2 0 3 0 1 0 2 1 1 1 1 1 1 0 0 1 1 1 0 0 2 0 1 1 1 0 1 2 0 0 2 1 2 2 0 0 3 0 1 1 0 1 3 0 2 1 1 0 0 1 1 0 2 0 1 0 2 1 1 0 0 2 0 2 0 2 0 1 2 0 1 0 2 0 3 0 2 2 0 0 1 0 2 0 0 1 2 0 1 1 3 0 3 0 0 0 1 0 3 0 0 0 0 1 2 0 2 1 0 0 1 0 1 0 1 1 3 0 0 0 2 2 0 1 3 0 2 2 0
1 289 1 0 3 0 1 2 0 0 1 1 1 0 0 0 0 1 0 1 0 0 0 0 2 2 0 0 1 2 0 1 1 0 2 1 1 0 1 1 2 1 0 0 1 1 0 0 0 2 0 0 0 0 2 1 1 1 2 1 2 1 2 0 1 2 0 1 1 1 3 0 1 0 2 1 1 2 0 1 1 0 3 0 3 0 0 1 2 0 2 2 0 0 0 1 0 0 2 0 2 0 1 0 2 1 0 1 3 0 2 2 0 0 3 0 2 0 1 1 0 1 2 0 2 1 0 1 1 0 0 0 1 0 2 1 1 0 3 0 3 0 0 1 1 1 0 0 0 0 0 1 1 1 1 1 0 2 0 0 0 1 1 0 2 2 0 0 1 1 3 0 2 0 1 0 1 0 1 2 0 1 0 2 0 1 2 1 0 0 3 0 1 0 1 0 3 0 1 2 0 1 1 1 2 0 1 1 2 0 1 0 1 1 0 2 0 0 1 1 2 0 1 2 0 2 0 2 0 0 3 0 2 1 1 0 3 0 2 0 2 1 2 1 0 1 2 1 0 0 0 0 2 0 2 1 1 0 2 1 2 1 1 0 1 1 0 0 1 1 0 0 2 0 2 1 0 0 1 1 1 1 2 1 0 1 2 0 2 0 2
0 289 2 1 3 0 0 0 2 1 3 0 1 0 0 0 0 2 0 2 0 0 0 1 2 0 2 2 0 1 0 0 1 1 1 1 2 1 0 0 0 1 0 0 2 2 0 0 1 1 2 1 0 1 1 2 0 0 1 0 1 0 0 0 0 1 0 0 2 1 1 2 0 0 1 2 0 1 0 0 1 1 3 0 2 1 2 1 0 0 2 0 2 1 0 2 0 1 1 0 0 2 0 0 1 1 1 1 2 0 2 0 3 0 2 0 0 2 0 1 1 1 0 0 1 1 1 0 1 0 0 0 2 1 1 1 2 1 3 0 2 1 2 0 1 2 0 0 0 0 1 0 2 0 2 0 0 1 2 1 1 0 1 1 2 0 2 2 0 0 2 0 0 1 3 0 2 1 0 1 0 0 0 2 0 1 0 1 0 1 2 1 3 0 2 1 3 0 0 1 0 0 2 0 3 0 3 0 3 0 2 0 3 0 0 1 2 2 0 0 0 0 0 1 0 2 0 1 3 0 2 0 1 1 2 1 3 0 1 0 2 0 0 1 1 1 0 1 0 0 0 1 1 0 1 1 2 1 2 0 0 1 2 0 2 2 0 0 2 2 0 1 1 0 1 1 0 0 3 0 2 1 0 1 1 1 0 0 1 0 1
1 290 1 2 0 1 1 1 1 2 0 1 1 3 0 0 0 1 2 0 1 2 1 1 1 0 0 2 0 3 0 2 1 3 0 2 1 0 1 0 0 0 2 0 1 2 0 2 2 0 0 0 1 1 0 2 1 2 1 2 0 2 0 0 0 0 2 0 1 1 2 0 0 2 2 0 0 3 0 2 2 0 0 2 0 2 0 0 1 0 1 1 0 1 1 1 2 0 0 1 0 1 1 2 1 3 0 2 1 0 0 1 0 3 0 0 1 2 2 0 0 1 2 0 0 3 0 1 0 2 0 0 1 1 2 0 0 1 0 2 0 2 0 0 0 0 0 2 1 0 0 2 1 1 0 0 1 2 1 0 1 2 1 0 0 0 0 2 0 2 2 0 1 2 1 2 0 1 1 0 2 0 0 1 2 0 0 0 0 0 1 1 0 2 0 2 0 1 1 1 2 0 1 1 0 3 0 3 0 3 0 1 0 2 1 2 1 1 0 2 1 0 0 1 0 0 2 0 1 2 0 1 0 0 0 1 0 1 2 0 0 0 1 2 0 1 2 0 2 0 0 1 0 1 1 0 0 0 2 0 1 2 1 0 0 2 0 3 0 1 1 0 0 1 0 2 2 0 1 3 0 1 1 1 0 1 2 0 0 2 0 2
0 291 1 0 3 0 3 0 2 1 0 0 0 0 1 1 1 1 0 1 0 1 0 1 2 2 0 1 1 0 3 0 2 0 2 0 1 1 0 2 0 0 1 2 0 1 0 0 2 0 2 1 1 0 1 1 2 0 1 0 0 0 0 1 1 0 1 2 0 0 2 1 3 0 1 0 3 0 2 0 2 0 3 0 0 0 0 1 2 0 0 0 1 0 3 0 2 1 2 1 2 1 0 0 1 0 2 0 1 1 0 0 2 1 2 1 2 1 1 0 2 2 0 0 3 0 1 2 0 0 0 1 2 0 2 1 2 1 2 1 1 0 0 1 1 0 0 1 1 1 0 1 1 1 2 0 1 1 0 1 1 1 0 1 0 0 0 1 1 0 2 1 0 1 0 2 0 2 0 1 1 1 2 2 0 0 2 1 0 0 1 0 1 1 1 0 0 2 0 2 0 1 0 0 1 1 3 0 3 0 2 2 0 0 2 0 0 1 2 1 1 1 0 0 2 0 1 2 0 0 3 0 2 0 0 0 2 1 0 0 2 1 1 1 0 0 0 1 0 1 2 1 2 0 2 2 0 0 1 2 0 1 0 1 0 1 1 0 2 2 0 1 0 0 2 1 2 1 0 1 1 2 0 1 2 1 0 0 3 0 0 0 1
1 291 2 1 3 0 3 0 1 1 0 0 0 0 3 0 2 0 0 0 0 0 0 1 1 1 0 0 1 1 3 0 1 0 0 2 0 1 1 1 2 2 0 0 3 0 3 0 0 0 1 1 2 0 3 0 3 0 2 0 0 0 1 0 1 1 0 0 3 0 1 0 1 2 0 0 3 0 1 0 1 0 2 1 1 0 1 0 3 0 0 0 2 1 3 0 2 0 1 0 0 1 0 0 2 1 0 2 0 1 0 1 2 0 1 0 0 1 2 1 2 0 3 0 2 0 0 0 2 1 1 1 0 0 2 0 1 0 0 1 2 0 1 0 1 0 1 0 2 0 0 0 2 0 3 0 3 0 0 0 1 2 0 2 0 0 1 0 1 1 1 1 1 0 0 2 0 2 0 0 2 1 1 0 3 0 0 1 0 0 2 0 3 0 1 0 1 2 0 1 3 0 2 2 0 0 2 0 3 0 2 0 2 2 0 1 2 1 0 1 2 2 0 1 1 0 0 0 3 0 2 0 0 1 1 1 1 1 0 1 1 1 2 2 0 0 1 0 0 1 1 0 0 0 2 0 2 2 0 1 0 0 0 0 0 0 1 1 2 0 3 0 3 0 1 0 0 1 1 0 2 2 0 1 0 1 0 1 2 1 1 0 2
0 292 1 2 0 2 0 2 2 0 1 0 0 0 1 3 0 0 1 1 0 0 0 1 0 1 2 0 1 0 0 1 1 3 0 1 2 0 0 2 1 1 0 3 0 2 0 2 1 1 1 0 0 0 0 3 0 3 0 0 1 1 0 2 0 2 2 0 1 2 2 0 0 0 0 3 0 1 1 3 0 2 1 1 1 2 0 2 1 2 1 1 1 2 0 2 0 0 1 3 0 0 2 0 1 1 1 1 2 0 0 0 0 3 0 2 0 1 1 1 0 0 0 3 0 0 1 1 1 1 1 2 2 0 1 0 1 3 0 1 0 3 0 2 0 2 0 2 1 0 1 1 1 1 0 3 0 2 1 1 1 0 1 0 1 2 1 2 0 3 0 2 0 1 0 1 2 0 1 3 0 0 1 2 1 2 1 1 2 0 1 1 0 2 2 0 0 0 1 0 1 2 0 2 0 3 0 0 0 3 0 1 0 2 1 0 1 0 1 1 1 1 1 0 0 1 0 0 1 3 0 0 1 2 0 2 0 2 0 0 0 2 1 1 0 2 1 2 0 1 0 1 0 0 1 1 0 2 0 3 0 2 1 0 0 0 1 0 0 0 0 3 0 2 1 3 0 1 0 1 1 2 1 0 0 0 0 0 1 0 1 2 1 1
0 293 1 1 0 0 1 0 2 0 3 0 2 1 1 1 1 1 2 0 1 0 0 0 2 1 0 0 3 0 2 2 0 0 2 0 0 0 3 0 0 1 2 1 3 0 1 0 1 1 2 2 0 0 0 1 3 0 2 1 2 0 1 1 1 0 2 1 0 1 1 0 2 1 0 1 3 0 0 0 2 0 1 2 0 0 0 0 2 0 0 2 0 0 0 0 0 1 2 1 1 1 2 2 0 0 2 0 2 1 2 1 0 1 3 0 0 2 0 1 2 0 0 1 2 1 2 0 2 0 2 1 1 1 0 0 0 1 1 2 0 0 3 0 1 0 1 0 1 1 1 0 2 0 1 1 3 0 1 1 3 0 0 0 0 1 1 0 0 0 3 0 0 2 0 0 0 1 0 1 1 1 2 1 1 0 0 2 0 1 0 0 1 1 2 0 2 1 1 0 0 1 0 0 1 0 2 1 1 1 2 2 0 0 1 1 1 0 0 0 2 0 1 2 0 0 2 0 1 1 1 1 2 1 0 0 1 0 0 1 1 1 1 1 2 1 1 2 0 1 3 0 2 0 1 0 1 1 1 0 3 0 1 1 0 0 0 2 0 0 0 1 3 0 2 0 1 2 0 0 0 0 0 1 0 0 0 0 1 0 0 1 0 1 2
1 293 2 2 0 0 2 1 1 0 3 0 1 1 3 0 2 0 3 0 2 0 0 1 1 1 0 1 3 0 2 0 2 2 0 1 1 1 2 1 2 1 1 0 1 2 0 0 0 0 1 0 2 1 1 1 2 0 1 2 0 2 0 1 2 1 1 1 1 0 1 1 1 1 1 1 1 1 1 1 1 0 0 0 2 1 0 1 0 1 2 1 2 1 0 0 1 1 0 2 0 0 1 0 3 0 0 0 2 0 0 1 1 1 1 1 2 2 0 0 3 0 1 1 1 0 0 0 1 0 1 1 2 2 0 0 1 0 2 1 3 0 1 1 3 0 2 0 3 0 1 1 1 0 0 0 2 0 0 0 1 1 1 0 1 0 1 0 0 1 2 1 2 1 2 1 1 0 0 0 2 1 0 1 2 0 1 1 3 0 2 2 0 0 0 0 1 1 2 0 0 2 0 0 2 1 1 2 0 0 1 0 2 1 3 0 1 0 0 1 1 0 0 0 2 2 0 2 0 2 0 0 0 1 0 0 2 0 1 0 2 0 2 1 0 2 0 1 0 1 2 0 0 1 3 0 3 0 1 1 2 2 0 1 0 0 1 1 2 1 1 1 2 0 1 0 0 0 2 1 0 0 0 2 0 0 0 0 2 0 1 0 0 1 0
1 294 1 2 0 3 0 0 1 2 1 3 0 0 0 2 0 1 0 3 0 0 1 2 0 2 0 0 1 2 0 1 0 2 1 0 0 2 1 1 0 0 1 2 1 0 0 2 1 0 0 2 1 1 2 0 0 0 0 0 1 0 2 0 1 0 1 3 0 1 0 3 0 2 0 2 0 2 0 2 0 1 0 0 1 1 1 1 0 0 1 1 0 0 1 0 0 3 0 0 1 2 1 2 1 2 1 1 1 0 1 2 0 2 0 2 1 1 0 3 0 1 2 0 1 2 0 0 0 2 1 0 0 1 0 2 1 2 1 2 0 2 0 0 0 2 0 1 0 2 2 0 1 2 0 0 1 0 1 1 0 3 0 1 0 2 0 2 0 1 1 1 0 1 0 0 1 2 0 0 1 1 1 1 1 0 0 0 0 2 0 2 0 2 1 0 0 3 0 3 0 1 1 3 0 0 2 0 0 2 1 2 1 2 0 1 1 3 0 1 0 1 0 0 1 2 1 0 2 0 1 2 1 0 2 0 1 0 2 0 0 1 0 1 1 1 2 0 0 0 0 3 0 1 1 2 0 3 0 0 0 1 0 3 0 2 2 0 0 0 1 3 0 3 0 2 0 0 1 1 1 0 0 1 1 2 1 0 1 0 1 3 0 0 2 0
1 295 1 1 0 0 2 1 2 1 1 0 1 1 1 1 0 2 0 0 2 1 2 1 0 0 0 1 2 0 3 0 2 1 1 1 0 1 1 1 2 0 1 1 0 1 0 1 1 1 0 1 1 2 0 0 2 1 0 0 1 0 0 2 0 0 0 1 1 2 0 0 3 0 1 0 1 0 1 0 0 1 3 0 1 0 2 0 1 0 1 0 1 0 0 2 0 1 2 1 2 1 1 0 1 0 0 1 3 0 0 1 0 0 1 0 1 1 2 1 3 0 0 1 0 0 3 0 0 1 1 1 0 0 2 1 2 0 1 0 0 0 0 1 1 1 0 2 0 0 2 1 0 0 3 0 1 0 0 0 1 1 2 2 0 0 1 0 0 2 0 1 2 0 2 0 1 0 3 0 1 0 2 0 1 2 0 0 0 1 1 0 1 0 1 1 0 1 3 0 3 0 0 0 1 1 2 1 3 0 1 0 1 0 0 0 0 0 1 1 3 0 2 0 1 1 0 1 1 2 0 1 0 1 1 2 0 0 0 1 2 1 2 0 3 0 2 1 2 1 0 1 3 0 0 0 0 0 2 1 1 0 2 1 3 0 2 0 2 1 1 1 2 0 3 0 0 1 2 0 1 2 0 1 0 0 0 1 1 0 0 1 1 1 2 1 2
0 295 2 2 0 1 2 0 0 1 2 0 3 0 2 0 0 1 3 0 1 0 0 1 0 0 1 1 0 0 3 0 1 1 3 0 0 0 2 0 3 0 3 0 0 0 0 0 2 0 0 0 2 1 3 0 0 1 0 0 2 0 1 1 2 1 1 0 2 1 3 0 1 1 3 0 2 0 2 0 1 1 1 2 0 0 0 1 3 0 2 0 2 0 1 2 0 1 1 0 0 1 2 0 2 0 1 1 1 1 1 2 0 0 2 1 0 0 1 0 1 1 1 2 0 1 2 1 2 0 1 2 0 1 1 2 0 1 3 0 0 0 1 0 2 0 0 1 3 0 0 1 0 1 2 1 3 0 0 1 0 0 1 0 2 1 2 0 1 2 0 1 0 0 0 2 0 0 2 2 0 0 1 0 0 0 2 1 1 0 1 0 2 0 3 0 0 1 2 0 2 1 1 1 0 0 1 0 1 1 3 0 2 0 0 0 0 1 0 0 2 0 0 2 0 1 1 0 2 2 0 0 0 0 2 1 2 1 1 1 1 0 0 0 3 0 2 0 0 1 1 1 1 1 1 0 0 1 1 1 2 1 2 0 2 0 1 0 1 2 0 0 0 0 2 1 2 1 0 0 0 0 3 0 2 1 1 0 1 0 1 0 2 1 1 0 0
0 296 1 2 1 0 0 3 0 1 1 0 0 3 0 0 1 2 1 1 1 3 0 0 2 0 0 2 2 0 1 3 0 0 0 1 1 1 1 1 0 3 0 2 1 1 0 0 1 0 1 1 1 2 0 1 1 1 2 0 1 1 0 0 0 0 1 2 1 2 0 2 0 0 0 2 0 1 0 0 2 0 2 0 0 2 1 1 1 2 0 1 0 1 0 0 1 0 0 1 0 1 1 0 0 0 2 0 1 3 0 2 1 3 0 0 1 0 0 2 0 3 0 2 2 0 1 1 0 0 0 0 1 0 0 2 2 0 1 1 1 1 0 2 1 0 1 2 1 1 1 2 0 0 1 1 0 1 1 1 2 0 0 2 1 2 0 0 0 0 0 3 0 2 1 1 1 3 0 1 0 2 1 2 0 0 1 1 1 2 0 2 1 1 0 2 1 2 1 0 0 1 1 2 2 0 0 2 1 0 0 2 0 0 1 1 0 0 2 0 1 0 1 2 2 0 0 1 1 2 0 2 1 0 1 2 0 0 1 3 0 1 0 0 1 3 0 0 1 2 0 2 0 2 0 1 0 1 0 2 1 1 0 0 0 0 2 0 0 0 0 2 1 0 1 2 0 0 1 0 0 0 1 3 0 1 1 2 0 2 0 2 1 1 1 2 0 0
0 297 1 1 0 1 0 1 2 2 0 1 0 1 2 1 2 1 0 2 0 0 1 1 2 1 3 0 1 1 0 1 1 1 1 0 3 0 2 0 1 1 3 0 1 1 2 0 1 0 0 0 2 0 3 0 3 0 2 2 0 0 1 0 0 0 1 1 1 0 0 0 0 1 1 1 0 1 3 0 1 2 0 1 3 0 0 1 3 0 3 0 2 0 2 0 0 2 0 0 2 0 2 2 0 0 1 2 0 1 2 0 2 0 1 1 1 2 0 1 1 0 3 0 2 1 0 0 1 0 0 0 0 2 0 1 2 1 0 0 2 0 1 1 1 1 1 1 0 1 3 0 3 0 1 0 1 0 3 0 2 1 3 0 0 2 0 1 1 0 0 1 3 0 1 2 0 0 1 2 0 0 1 2 0 1 2 0 2 1 0 0 1 1 2 1 2 0 0 1 0 1 0 0 1 0 3 0 0 1 0 1 0 1 2 0 1 0 1 2 0 0 0 1 1 0 2 2 0 0 0 0 1 1 1 0 3 0 1 1 1 1 3 0 1 1 1 1 2 1 0 0 1 0 0 1 3 0 2 1 1 1 2 0 0 0 1 1 2 1 0 1 1 1 1 0 3 0 0 2 0 0 1 1 2 0 0 0 0 0 1 0 1 1 3 0 3 0 0
0 297 3 0 0 0 0 1 1 1 0 0 0 1 1 0 0 1 1 1 2 2 0 0 1 0 1 2 0 1 1 0 2 0 1 1 3 0 1 0 0 0 1 2 0 2 0 1 3 0 0 1 1 0 3 0 3 0 2 0 2 1 2 0 0 0 3 0 1 0 0 0 1 0 2 0 0 1 2 0 0 1 0 1 1 1 2 1 2 0 3 0 1 0 0 1 2 1 3 0 0 0 2 0 2 2 0 1 0 1 0 0 0 2 0 2 0 1 0 0 1 1 3 0 1 1 0 0 2 0 0 0 1 2 0 1 0 1 0 1 0 2 0 1 3 0 2 0 0 1 2 0 2 1 3 0 2 1 3 0 2 0 1 1 2 2 0 0 1 0 1 1 2 0 0 0 2 2 0 0 2 2 0 1 0 1 0 0 1 1 0 1 0 0 0 2 0 1 1 2 0 2 0 0 2 1 2 1 2 0 0 0 0 0 3 0 2 1 0 0 2 1 1 0 1 1 2 0 2 1 0 0 3 0 1 1 2 2 0 2 0 0 1 2 0 2 0 0 0 1 0 0 2 0 1 1 2 0 1 1 3 0 3 0 0 1 0 0 0 1 1 0 2 0 1 1 2 1 2 1 2 1 3 0 3 0 0 0 0 0 2 1 0 0 2 0 2 1 1
0 298 1 2 1 1 0 1 0 1 2 0 0 1 0 1 0 1 0 2 1 1 0 2 1 2 1 0 1 0 0 1 1 1 0 0 0 1 1 3 0 0 1 0 1 0 2 0 1 1 1 2 0 1 1 3 0 3 0 1 0 1 2 0 1 1 1 2 1 3 0 0 0 2 1 0 1 2 0 3 0 1 0 0 0 2 1 1 0 0 0 2 1 3 0 1 1 1 0 1 1 1 1 1 0 2 0 3 0 3 0 2 1 1 2 0 1 3 0 2 2 0 0 1 2 0 1 0 1 0 1 1 1 0 1 0 0 0 0 0 0 0 2 0 1 2 0 0 1 2 1 0 0 2 0 2 0 2 0 2 0 1 0 0 0 1 0 2 1 2 0 3 0 3 0 0 1 2 0 3 0 1 0 3 0 3 0 2 1 2 2 0 2 0 0 1 2 0 0 2 2 0 1 3 0 1 0 0 2 0 1 1 0 0 1 3 0 1 1 0 1 1 1 2 1 0 0 0 0 1 1 0 1 3 0 0 0 1 1 0 1 2 2 0 1 0 1 2 1 0 2 0 1 1 0 0 0 0 0 0 0 2 0 2 1 1 2 0 0 1 0 1 1 1 0 0 0 1 0 1 0 1 0 2 0 2 1 1 0 0 1 1 1 0 1 1 0 1 1 2
1 299 1 1 0 1 2 0 2 1 0 0 2 1 2 0 2 0 2 1 1 1 2 1 2 0 0 1 0 2 0 0 3 0 1 0 0 1 0 0 1 1 2 0 0 0 0 2 0 0 2 1 0 0 0 0 2 0 2 2 0 0 0 1 0 0 2 1 1 0 1 1 1 1 1 1 1 1 0 0 2 1 3 0 0 1 1 1 2 0 0 1 2 0 1 2 0 1 2 0 3 0 2 0 1 1 1 0 3 0 3 0 1 2 0 1 0 1 2 0 2 0 2 2 0 1 0 0 0 0 0 0 1 2 0 2 0 0 0 0 0 0 1 2 0 0 3 0 1 1 0 1 0 1 1 0 1 0 1 0 0 1 3 0 0 0 2 1 2 0 0 0 3 0 2 1 2 1 0 0 2 2 0 0 3 0 3 0 2 0 1 1 0 1 2 2 0 0 3 0 1 1 0 1 1 1 3 0 1 2 0 0 1 0 1 1 1 2 0 1 1 0 2 1 0 1 0 0 0 0 3 0 0 1 1 1 1 0 3 0 0 1 1 1 0 0 0 1 0 1 1 2 0 0 1 0 0 0 0 0 0 1 1 0 1 2 0 0 2 1 2 0 3 0 1 0 0 0 2 0 2 0 2 1 1 0 1 1 2 0 1 0 2 0 0 0 1 1 0 0 0
1 299 3 0 0 1 0 0 1 1 0 1 2 0 0 0 1 0 1 2 0 0 0 2 0 1 2 0 0 1 3 0 1 1 3 0 0 2 0 0 3 0 3 0 0 0 1 1 3 0 0 1 0 0 0 1 1 0 2 0 2 1 0 2 0 1 1 1 2 0 3 0 2 0 2 0 1 2 0 1 2 0 1 1 2 0 2 0 3 0 1 1 0 0 0 1 0 1 0 0 3 0 0 2 0 1 2 1 3 0 3 0 0 1 0 0 0 1 0 0 1 0 2 0 3 0 2 1 0 0 0 1 0 1 0 1 2 1 0 0 0 1 0 0 3 0 1 2 0 1 1 0 0 0 1 0 2 0 2 0 1 1 1 1 1 1 1 2 0 1 1 1 3 0 2 0 0 1 0 1 2 0 3 0 2 0 3 0 0 2 0 1 1 1 1 0 3 0 1 2 0 1 1 0 2 1 2 0 0 0 2 1 2 0 3 0 2 2 0 0 1 1 1 1 0 2 0 0 0 1 2 1 2 0 2 0 1 1 2 1 2 0 1 2 0 0 1 0 0 0 2 1 2 1 2 0 0 0 0 0 1 0 1 1 0 0 3 0 1 0 0 0 2 1 3 0 0 1 1 0 1 0 1 1 2 0 3 0 3 0 2 1 0 1 1 0 2 2 0 0 0
1 300 1 2 1 1 2 0 0 3 0 0 0 3 0 0 0 2 1 0 0 2 1 1 2 0 0 3 0 1 1 2 0 0 0 1 1 2 1 3 0 2 0 2 1 1 1 0 0 1 1 1 2 0 0 1 0 1 1 1 0 1 1 1 2 0 0 2 1 0 0 3 0 1 0 1 0 0 1 0 1 0 0 0 0 0 0 1 0 2 2 0 1 0 0 0 2 0 2 0 1 2 1 2 2 0 1 1 0 2 0 2 1 1 2 0 0 0 2 0 0 2 1 1 0 3 0 1 1 0 0 1 0 0 0 0 1 0 1 0 0 0 2 0 1 3 0 0 1 0 0 1 0 0 0 2 1 1 0 0 2 0 1 3 0 2 0 2 2 0 0 2 1 2 0 0 1 2 0 0 1 0 0 3 0 1 0 2 1 2 2 0 0 2 0 1 1 3 0 0 1 0 0 1 1 1 2 0 1 1 1 2 0 0 0 3 0 2 0 2 1 3 0 2 0 0 1 2 1 1 1 1 0 0 0 1 0 0 0 1 0 0 0 0 0 2 1 2 0 0 1 2 0 0 2 0 1 1 0 0 0 2 0 2 2 0 1 2 1 3 0 0 1 2 0 1 1 2 0 1 0 2 1 0 0 0 0 3 0 3 0 1 1 1 0 1 1 2 0 2 1 0
1 301 1 1 0 2 0 0 3 0 1 1 1 1 2 1 1 1 1 1 0 1 1 2 0 0 3 0 1 2 0 2 0 1 1 1 0 0 1 0 2 0 1 0 1 1 2 2 0 0 3 0 2 1 2 1 2 0 3 0 1 0 3 0 2 1 3 0 0 1 0 1 2 1 3 0 2 0 0 2 0 2 0 0 0 0 0 0 2 1 2 0 3 0 2 1 1 2 0 2 0 1 1 0 1 1 0 0 1 1 1 0 1 2 0 0 2 1 1 1 3 0 0 1 2 1 2 2 0 1 0 0 2 0 0 0 0 2 0 2 0 0 1 2 0 1 1 1 1 2 0 0 2 0 0 1 1 1 2 0 1 2 0 1 2 0 1 0 2 0 3 0 0 2 0 1 2 0 3 0 0 2 0 1 2 2 0 0 2 0 1 0 3 0 0 0 0 0 1 1 1 2 0 0 3 0 2 2 0 0 2 0 3 0 0 1 3 0 1 0 2 0 2 0 0 1 2 1 0 1 3 0 1 0 0 0 2 0 0 0 2 0 0 0 0 1 1 2 0 1 2 0 3 0 1 2 0 0 1 0 0 1 1 0 2 1 0 1 1 0 1 1 2 0 3 0 3 0 3 0 2 1 1 1 0 0 0 1 3 0 2 2 0 1 2 1 0 0 0 0 1 1 0
1 301 3 0 0 1 3 0 1 2 0 2 0 0 0 1 3 0 2 0 0 0 2 1 3 0 2 0 0 1 0 2 0 0 1 2 0 0 2 1 0 2 0 0 0 0 1 0 3 0 2 0 2 0 1 0 0 0 2 2 0 0 3 0 2 0 1 1 2 0 0 1 1 0 2 0 0 1 2 2 0 1 2 1 0 0 0 1 2 0 0 0 3 0 1 2 0 1 0 2 0 0 1 0 2 2 0 0 3 0 1 1 0 0 3 0 0 2 0 0 1 1 2 1 1 0 1 0 3 0 2 2 0 1 1 0 1 2 0 1 2 2 0 1 0 0 2 0 2 1 2 2 0 1 2 0 2 1 0 0 0 1 0 0 3 0 2 1 1 0 2 1 2 2 0 1 0 0 2 1 2 2 0 1 1 0 2 2 0 2 0 0 2 1 1 0 0 0 3 0 2 1 3 0 2 0 2 0 3 0 0 0 2 1 2 1 1 2 0 0 1 0 0 1 2 1 0 1 1 1 1 1 3 0 0 1 0 1 1 1 0 1 1 0 1 0 2 2 0 1 0 0 3 0 0 0 2 1 2 0 1 0 1 1 1 1 1 0 1 1 0 0 0 0 3 0 3 0 3 0 1 1 2 2 0 0 1 1 2 0 2 1 0 1 0 1 0 0 0 0 2 2 0
1 302 1 2 1 2 1 2 0 0 1 0 1 2 1 1 1 2 0 0 1 1 1 2 0 2 0 0 1 2 0 0 1 2 2 0 0 3 0 0 1 1 1 2 1 0 0 2 1 3 0 1 0 0 1 3 0 0 1 2 0 3 0 2 0 0 2 0 2 0 1 2 0 1 1 0 1 2 1 1 1 0 1 0 1 0 0 1 0 3 0 0 1 3 0 0 1 0 0 0 1 2 1 2 1 2 0 3 0 1 2 0 1 0 1 2 1 2 1 2 2 0 0 0 1 2 0 2 1 3 0 2 1 0 0 1 1 0 1 0 1 1 0 3 0 3 0 0 0 2 0 1 1 0 1 0 0 1 1 0 0 0 2 0 1 3 0 1 1 2 1 2 0 1 0 3 0 3 0 1 0 1 1 0 0 1 1 2 1 0 1 3 0 0 1 2 0 0 1 3 0 2 0 2 0 1 0 1 0 2 1 1 1 2 0 0 2 0 0 2 1 2 0 1 1 0 1 1 0 2 0 2 1 1 1 2 0 0 0 2 0 0 0 1 0 2 1 2 0 3 0 3 0 1 1 1 1 1 2 0 1 3 0 3 0 2 0 1 0 2 2 0 0 0 1 3 0 3 0 3 0 0 0 1 0 2 2 0 0 0 0 1 1 0 2 0 2 0 0 0 1 2 0 2
0 303 1 1 1 0 0 2 0 1 2 0 0 1 0 1 3 0 3 0 1 0 2 1 0 0 0 1 2 0 3 0 1 1 1 0 3 0 1 1 2 0 2 1 0 1 0 1 2 0 1 1 3 0 1 1 1 1 2 1 0 0 3 0 0 1 2 2 0 2 0 0 3 0 3 0 0 1 0 1 2 2 0 2 0 2 0 0 2 1 2 1 2 1 1 1 1 2 0 0 1 1 1 0 1 0 0 0 3 0 0 1 0 0 0 1 1 0 1 0 1 0 2 1 1 1 0 0 2 0 2 0 1 1 0 0 3 0 0 0 0 0 1 1 3 0 2 1 1 1 0 2 0 1 0 2 0 0 2 2 0 0 1 2 0 1 2 0 0 0 0 2 0 2 0 0 3 0 2 1 3 0 2 2 0 1 0 0 0 1 1 1 1 1 2 0 3 0 1 1 2 0 1 0 0 1 3 0 2 1 1 1 3 0 3 0 1 1 3 0 0 2 0 2 0 1 1 0 1 1 1 0 1 1 3 0 3 0 0 1 0 1 1 0 2 1 2 0 0 0 3 0 2 2 0 1 3 0 2 2 0 1 2 0 3 0 0 2 0 0 2 0 2 1 1 1 2 0 3 0 2 1 1 0 2 1 2 0 2 1 0 0 3 0 0 2 0 1 2 1 1 1 0 0 1
1 303 3 0 1 0 1 2 0 0 3 0 1 0 0 1 2 0 2 2 0 0 1 1 0 0 1 1 0 0 2 2 0 1 2 1 3 0 0 0 0 0 1 1 1 0 0 1 0 0 0 0 1 2 0 2 0 0 0 1 0 1 2 1 2 1 1 1 0 1 3 0 2 0 2 1 2 0 0 1 1 1 0 2 0 1 3 0 1 0 1 0 0 1 3 0 2 1 2 1 3 0 1 0 2 0 0 1 2 1 1 2 0 0 1 0 1 0 2 0 2 1 1 1 2 2 0 1 1 0 0 2 0 1 0 1 2 1 1 0 0 1 0 0 2 0 1 1 3 0 0 2 0 0 0 1 3 0 1 0 2 2 0 1 0 0 3 0 0 0 1 2 0 1 3 0 2 0 2 0 2 0 2 0 3 0 2 1 1 0 2 0 2 1 0 0 2 2 0 2 0 1 3 0 1 1 2 0 1 2 0 0 2 0 3 0 0 0 1 1 2 2 0 2 0 0 1 0 3 0 1 1 0 0 2 0 2 1 2 0 0 0 1 1 1 2 0 1 1 1 3 0 2 1 0 1 2 0 2 1 0 1 0 0 2 1 2 1 3 0 0 0 1 2 0 0 0 0 3 0 1 1 2 1 2 0 0 0 1 1 0 1 2 1 2 2 0 1 0 1 2 2 0 0 2
0 304 1 2 2 0 0 0 0 3 0 1 1 3 0 1 1 0 0 2 0 2 1 2 2 0 0 2 2 0 1 2 1 0 1 1 0 1 1 1 0 0 0 3 0 1 0 0 2 0 0 0 1 0 1 0 1 2 1 1 0 0 1 1 0 0 1 3 0 0 1 2 0 1 0 1 2 0 1 2 0 2 0 0 2 0 1 1 1 3 0 2 0 1 1 2 0 2 0 1 0 1 2 0 0 0 1 2 1 0 2 0 0 2 1 2 0 2 1 1 0 1 2 0 0 1 1 0 0 1 0 1 2 0 0 0 1 0 1 2 0 0 2 0 1 1 0 0 0 1 1 2 1 2 1 1 1 1 2 0 0 2 0 3 0 3 0 1 1 1 1 0 1 0 1 2 0 1 0 1 0 1 0 1 0 3 0 1 1 2 1 1 0 1 1 0 1 2 1 0 2 0 1 2 0 0 0 0 0 0 0 3 0 0 0 2 1 1 1 0 0 1 1 0 1 2 1 2 1 2 2 0 1 0 1 1 0 1 2 0 1 1 0 3 0 2 2 0 0 2 1 2 0 1 1 1 1 0 0 1 1 0 2 0 1 2 0 1 0 1 1 1 1 0 0 2 1 0 1 3 0 0 0 0 2 0 1 1 0 3 0 0 1 1 0 1 1 0 0 0 1 1 0 3 0 0
0 305 1 1 1 0 2 1 0 1 3 0 0 0 1 2 0 1 0 1 1 0 2 0 1 0 3 0 1 1 0 1 0 1 1 0 1 0 3 0 1 0 0 1 2 1 3 0 1 1 2 1 1 0 0 0 0 1 0 1 2 0 1 0 1 0 1 1 1 1 2 0 3 0 2 1 0 1 0 1 0 0 0 1 2 2 0 0 2 1 2 0 1 0 0 0 0 0 0 2 0 0 0 0 2 1 1 1 0 1 1 1 3 0 1 0 0 0 1 1 2 1 0 0 2 1 2 2 0 0 2 1 0 0 2 1 1 0 0 0 3 0 1 2 0 0 1 0 0 1 0 0 1 0 0 1 3 0 2 1 3 0 0 0 3 0 2 2 0 1 3 0 0 0 0 0 3 0 2 0 2 0 2 0 2 1 3 0 0 0 0 1 2 0 3 0 0 1 0 1 1 2 0 0 3 0 0 0 0 0 0 1 2 1 1 1 1 1 2 2 0 0 3 0 0 1 1 0 1 0 1 1 0 0 0 0 1 1 0 1 0 0 1 1 3 0 2 0 3 0 0 2 0 2 0 1 2 2 0 0 3 0 0 2 0 0 3 0 2 0 3 0 1 2 0 1 1 1 1 1 1 1 1 0 1 2 0 0 1 1 2 1 2 0 1 0 2 2 0 0 1 0 1 1 2 1 1
0 305 3 0 1 1 1 1 1 1 1 1 1 1 0 1 0 0 0 0 1 1 0 2 0 0 2 2 0 1 1 0 0 0 1 0 2 1 2 1 3 0 1 1 1 0 2 0 0 0 0 1 2 0 0 0 1 0 0 0 3 0 2 0 2 0 3 0 2 1 0 0 3 0 1 1 0 2 0 2 0 0 1 1 1 0 3 0 0 2 0 1 3 0 0 0 0 0 1 1 2 1 0 1 1 1 3 0 0 0 2 1 1 1 3 0 0 1 0 0 0 1 0 1 2 0 1 0 3 0 0 1 0 1 1 1 2 0 0 1 3 0 0 0 2 1 2 0 0 2 0 0 2 0 1 1 2 0 2 0 1 1 1 1 3 0 2 1 0 1 1 1 1 0 0 1 3 0 1 0 1 0 1 0 2 0 1 1 1 0 1 1 0 0 2 1 2 0 0 0 2 1 3 0 1 1 1 0 0 0 1 1 0 1 3 0 2 1 1 0 3 0 1 1 2 0 1 0 2 0 2 2 0 0 0 0 2 2 0 2 0 1 0 0 2 0 1 0 2 1 2 2 0 2 0 1 1 0 3 0 1 1 2 1 3 0 2 0 1 0 3 0 0 1 0 0 2 0 2 0 2 0 1 1 0 0 2 2 0 0 0 2 0 2 0 0 2 0 2 1 2 1 0 0 0 1 2
1 306 1 2 2 0 1 3 0 2 0 2 0 1 2 0 2 0 0 0 0 3 0 0 1 3 0 1 1 0 0 1 0 0 0 2 1 2 0 1 0 1 2 0 1 2 1 0 1 1 0 1 0 3 0 0 0 2 0 0 1 3 0 1 0 1 0 3 0 1 1 0 1 2 2 0 1 1 2 0 1 2 1 3 0 1 1 2 1 2 2 0 1 1 1 1 0 0 1 0 0 0 1 1 0 2 1 1 1 1 1 1 2 0 0 1 1 1 2 0 0 1 0 0 0 3 0 2 1 2 1 2 0 0 0 2 0 3 0 1 1 1 1 1 1 1 2 0 1 2 1 3 0 0 0 0 0 0 0 0 2 0 2 0 0 2 0 1 1 1 0 2 0 1 0 1 1 1 1 3 0 2 0 2 1 0 2 0 1 2 0 2 2 0 1 1 2 0 1 1 1 2 0 1 2 0 1 2 0 0 0 3 0 0 1 2 0 1 1 2 1 2 2 0 2 0 2 0 0 1 0 2 0 2 1 0 1 2 1 0 1 3 0 2 2 0 2 0 0 2 0 1 1 0 2 0 0 1 1 3 0 0 0 1 0 2 0 0 2 0 0 2 1 1 2 0 1 1 0 1 0 0 2 0 1 0 1 2 0 2 1 1 2 0 1 3 0 0 0 2 0 0 1 0 0 1 1 0
1 307 1 1 1 1 0 1 2 0 1 0 1 0 0 1 0 1 2 1 0 1 2 1 2 1 1 2 0 1 0 0 2 0 0 1 1 2 0 2 0 0 0 1 0 1 0 1 1 0 1 0 2 1 2 1 1 1 0 1 2 1 1 1 3 0 2 1 2 2 0 1 1 1 1 1 0 0 2 2 0 1 1 0 2 0 0 0 1 0 1 1 0 0 2 0 1 0 0 2 0 0 1 0 1 1 1 1 3 0 2 0 2 1 2 1 3 0 2 1 2 1 2 0 0 1 3 0 2 0 0 2 0 1 1 1 1 0 2 2 0 1 3 0 2 0 2 2 0 1 1 0 1 1 1 0 0 0 0 0 1 2 0 1 2 2 0 2 0 1 2 1 0 1 3 0 3 0 2 1 2 0 1 0 1 1 1 2 0 1 0 0 2 1 0 0 2 2 0 0 2 1 0 0 0 1 0 0 3 0 0 1 2 1 2 1 0 0 0 0 1 0 1 1 0 2 0 1 2 1 2 1 1 0 1 1 1 1 0 1 1 1 2 0 2 1 0 1 2 2 0 2 0 1 1 1 2 2 0 0 1 1 1 0 2 1 0 1 2 1 3 0 0 2 0 1 0 0 1 0 2 0 1 2 0 0 0 1 0 0 1 2 0 1 0 1 1 1 1 1 0 1 1 2 0 0 2 2 0
1 307 3 0 2 0 0 0 3 0 2 0 2 0 1 0 0 1 0 1 1 1 1 0 0 2 0 0 3 0 2 2 0 1 2 0 2 2 0 1 2 1 1 0 0 0 0 0 1 0 2 1 2 0 0 1 3 0 0 1 0 2 0 0 2 0 2 0 1 1 0 0 2 0 1 2 0 1 2 1 0 0 1 1 0 1 1 0 2 0 2 2 0 1 0 1 3 0 1 1 2 1 2 0 3 0 2 1 2 0 1 0 2 0 1 0 2 0 2 0 0 2 0 1 2 1 2 0 0 1 2 2 0 0 2 0 1 1 2 1 0 1 2 0 1 0 2 1 0 0 1 0 3 0 1 0 0 0 0 1 0 1 0 1 1 1 0 2 0 1 0 1 1 1 2 0 3 0 1 2 0 1 3 0 3 0 2 1 3 0 3 0 0 1 0 1 2 0 3 0 0 1 0 0 0 2 0 1 2 1 2 1 1 0 0 1 0 0 0 0 2 0 3 0 0 2 0 1 1 0 0 1 2 0 3 0 2 0 0 0 2 1 0 0 1 1 1 1 1 1 0 2 0 0 2 1 1 0 2 1 3 0 1 1 1 1 1 1 1 0 1 1 2 1 3 0 2 1 2 1 1 0 0 0 2 1 0 2 0 1 0 1 0 0 0 0 2 0 2 0 0 0 2 1 3 0 1 0 2
0 308 1 3 0 0 1 1 1 3 0 1 0 0 1 3 0 1 0 0 0 2 0 1 0 1 1 3 0 2 0 2 1 0 1 0 0 2 1 0 1 0 1 2 0 0 0 0 0 2 1 1 2 0 1 2 1 1 1 2 0 0 1 3 0 0 0 0 2 0 1 0 1 1 0 0 1 0 1 0 1 0 0 3 0 0 0 1 1 1 0 2 1 0 0 0 1 2 0 0 0 1 0 0 0 3 0 1 2 0 2 0 0 0 2 0 0 1 0 0 1 2 2 0 1 0 2 0 1 2 1 1 0 3 0 0 0 0 0 0 1 1 0 3 0 2 1 1 1 0 0 2 1 2 1 3 0 0 0 1 0 0 0 0 0 2 0 0 2 0 0 0 0 2 1 0 0 3 0 0 1 0 1 2 0 3 0 2 0 2 0 2 1 2 0 0 1 0 0 2 1 1 2 0 0 1 2 0 1 1 0 0 1 2 0 0 2 0 0 0 1 1 0 2 1 2 2 0 0 1 0 1 1 0 0 3 0 0 1 1 1 1 1 0 0 3 0 2 0 2 0 0 1 3 0 0 1 2 1 2 0 1 2 0 1 3 0 2 0 1 1 0 0 1 0 2 0 2 0 0 1 2 0 0 1 1 1 1 1 3 0 3 0 2 1 0 1 1 0 0 1 1 1 2 0 1 2 0 0 1
1 309 1 1 1 1 2 0 2 1 1 1 3 0 1 1 1 1 3 0 0 1 0 2 0 0 0 0 2 0 1 0 1 1 0 2 0 1 1 1 1 0 0 0 3 0 0 0 0 1 1 2 0 1 0 1 0 1 3 0 3 0 1 1 1 1 1 0 1 2 0 0 0 0 1 0 0 2 0 2 0 2 0 1 2 1 1 0 3 0 1 1 1 1 0 0 1 0 3 0 0 0 2 0 0 1 3 0 0 1 0 1 2 1 1 1 2 1 2 0 1 1 1 1 0 0 0 2 0 1 0 1 2 1 2 1 1 0 0 0 1 0 1 1 3 0 1 1 2 2 0 1 2 0 1 0 1 1 1 0 2 0 0 0 0 1 0 1 2 1 2 1 0 1 1 1 0 1 2 1 2 0 0 1 0 0 3 0 1 0 1 0 1 2 0 1 1 2 0 1 1 2 0 0 2 2 0 1 0 0 1 0 1 0 3 0 1 1 2 1 1 0 1 1 2 0 1 0 2 1 2 0 2 2 0 1 2 1 2 0 2 0 1 2 0 1 3 0 1 0 0 1 2 1 1 1 2 1 1 0 0 0 0 1 0 1 2 0 0 2 0 1 0 0 2 1 1 0 0 1 2 0 3 0 1 0 2 0 2 1 2 0 3 0 1 1 1 0 1 0 1 0 2 1 0 0 0 0 2 1 2
0 309 3 0 2 1 0 0 1 2 0 0 1 2 0 2 0 0 1 1 2 0 0 1 2 1 0 1 0 1 3 0 3 0 0 2 0 0 2 0 1 0 0 1 2 1 1 0 1 0 2 2 0 0 0 0 0 1 2 0 2 2 0 1 3 0 1 1 0 0 2 1 0 0 2 0 1 2 0 2 0 2 0 1 0 1 2 1 2 2 0 1 2 2 0 0 2 1 2 1 1 1 0 1 2 1 1 1 2 0 0 1 0 2 0 0 0 2 0 2 0 1 2 2 0 0 1 2 0 0 0 1 1 0 0 1 2 0 0 0 2 1 0 0 2 0 0 0 1 1 0 0 3 0 2 0 3 0 1 1 0 1 1 0 1 0 0 1 1 0 0 1 1 0 2 0 0 1 0 2 0 1 1 2 0 1 2 1 3 0 2 1 0 1 0 0 2 2 0 0 2 1 3 0 1 0 3 0 2 1 2 0 2 1 3 0 0 0 0 1 2 0 3 0 3 0 2 1 2 0 0 0 2 1 0 1 1 0 0 0 1 0 0 1 0 1 1 1 3 0 1 1 0 2 0 0 0 1 2 0 0 0 1 0 0 0 3 0 1 1 3 0 3 0 0 1 2 0 1 1 0 0 2 2 0 0 1 0 2 0 0 0 2 2 0 1 2 0 2 0 2 1 1 1 0 0 0 1 2 0 0
0 310 1 3 0 1 1 0 1 0 0 2 2 0 1 0 1 2 1 3 0 3 0 1 1 0 1 1 0 0 1 2 0 2 1 2 1 2 2 0 1 3 0 1 1 0 1 2 0 2 1 2 0 2 1 0 0 1 1 0 0 2 1 0 1 1 2 0 1 0 1 1 1 0 1 1 0 0 1 0 2 0 2 0 0 0 1 1 0 1 1 0 1 1 0 3 0 1 0 0 1 3 0 0 1 0 1 3 0 3 0 1 0 0 1 2 1 1 2 0 2 0 1 1 0 2 2 0 0 2 1 1 0 1 0 1 0 3 0 0 1 1 1 0 1 0 1 1 0 2 2 0 1 3 0 1 0 2 2 0 1 1 0 1 0 2 0 1 0 1 0 1 0 1 1 0 1 2 0 0 2 0 0 2 2 0 1 1 0 2 0 1 1 0 2 0 1 2 0 3 0 1 0 1 2 0 0 3 0 2 0 0 0 2 0 1 1 1 0 1 1 0 0 3 0 3 0 1 2 0 1 1 1 1 1 1 0 1 0 0 0 2 0 1 0 0 0 2 1 1 2 0 1 1 1 2 1 1 0 3 0 0 0 2 0 0 1 3 0 0 0 2 0 2 1 2 0 3 0 2 2 0 1 2 0 2 1 2 1 0 1 1 1 2 1 0 1 0 0 1 0 1 1 2 2 0 0 1 0 3 0 0
0 311 1 1 1 2 0 1 0 2 0 1 2 1 0 0 0 1 1 0 2 0 2 2 0 1 1 0 1 0 1 1 0 0 2 0 1 0 1 1 0 1 1 2 0 1 1 1 0 0 2 0 0 0 1 1 0 0 2 2 0 1 1 1 1 0 2 2 0 0 0 0 2 0 0 0 1 0 1 0 0 2 0 1 2 1 1 0 1 0 3 0 0 0 1 1 2 1 3 0 1 1 1 1 2 0 0 1 2 0 2 1 3 0 1 1 0 2 0 1 0 2 0 0 1 1 2 0 3 0 0 1 2 0 2 0 2 1 2 1 2 0 2 0 0 0 0 0 1 1 2 1 0 1 1 2 0 0 2 1 0 0 1 0 2 1 0 1 3 0 2 0 2 0 3 0 0 0 3 0 1 1 3 0 1 1 0 0 1 1 0 2 0 1 1 2 0 1 0 0 2 2 0 0 0 0 3 0 2 0 0 1 1 1 0 2 0 1 2 0 2 2 0 1 3 0 3 0 0 1 0 0 2 0 2 0 1 0 2 0 0 1 0 1 3 0 0 1 1 2 0 1 0 0 2 1 0 1 2 1 2 1 1 1 0 1 2 1 1 1 1 1 1 0 2 0 0 0 3 0 2 1 0 1 0 0 2 0 0 1 1 0 2 1 0 1 0 2 0 0 2 1 0 0 1 0 2 1 2 1 2 1 1
0 311 3 0 2 2 0 0 0 2 0 1 0 1 0 0 1 0 1 1 1 0 2 1 0 0 1 0 2 0 2 2 0 1 0 1 3 0 3 0 0 0 2 2 0 0 1 2 0 1 0 1 1 0 2 2 0 1 2 1 0 0 2 0 1 1 2 0 2 1 0 1 0 1 1 0 2 0 2 0 1 2 0 1 0 1 2 0 2 1 2 1 1 1 0 0 1 0 1 2 0 1 3 0 3 0 1 1 0 0 2 0 1 2 0 1 1 2 0 0 0 1 2 2 0 0 0 0 2 1 2 1 0 0 1 0 2 0 1 0 0 0 0 1 1 0 0 1 0 0 0 1 1 0 2 1 3 0 0 1 0 0 2 1 1 1 1 1 2 0 1 0 1 0 2 1 1 1 3 0 0 0 1 2 0 1 0 0 3 0 0 2 0 0 2 1 3 0 3 0 1 0 2 1 0 1 3 0 0 1 2 0 2 0 0 2 0 1 0 0 2 1 0 1 2 0 2 1 1 2 0 1 1 0 0 2 0 0 0 1 2 0 0 1 1 1 2 0 2 1 3 0 3 0 0 1 1 1 1 0 0 1 3 0 0 1 0 1 3 0 2 0 1 1 0 1 1 1 3 0 1 1 0 2 0 1 0 1 2 0 1 1 1 1 1 0 0 1 3 0 0 1 0 0 2 1 2 0 1 0 0 1 2
1 312 1 3 0 2 0 2 1 1 1 3 0 3 0 2 1 2 0 3 0 1 1 1 1 0 0 2 1 1 0 2 1 0 0 0 1 2 0 2 1 1 1 2 0 2 2 0 1 0 0 0 0 1 1 2 1 0 1 0 1 0 1 1 0 0 0 0 0 1 1 1 0 0 0 1 1 1 0 1 0 0 1 0 0 0 1 0 0 2 0 0 1 2 2 0 0 2 1 0 1 0 1 2 0 2 2 0 1 0 1 1 0 0 1 0 0 2 1 2 1 1 1 1 0 2 1 0 1 2 0 0 1 0 0 2 1 0 1 3 0 0 0 1 0 1 0 0 2 0 0 1 0 1 1 2 0 1 1 1 2 0 1 1 1 3 0 2 0 3 0 2 0 2 1 1 2 0 0 1 1 1 1 0 0 3 0 3 0 1 1 2 1 3 0 1 0 2 0 2 2 0 0 1 1 1 1 1 1 2 1 0 0 0 1 2 1 3 0 3 0 0 1 1 1 0 0 1 2 0 1 0 0 1 0 1 1 2 1 1 0 3 0 1 0 2 1 0 0 2 0 2 0 2 1 2 0 2 0 1 0 1 1 1 1 2 0 0 1 2 0 0 2 0 1 1 0 2 1 1 2 0 1 1 2 0 0 0 0 3 0 3 0 2 0 1 0 1 1 1 1 1 2 0 1 1 2 0 1 3 0 1 1 0
1 313 1 1 2 0 1 0 1 2 0 0 2 0 3 0 2 0 0 0 2 2 0 1 2 2 0 1 1 1 2 1 1 1 0 0 1 1 0 0 1 2 0 0 0 0 2 0 3 0 2 1 0 1 0 0 0 1 1 0 0 0 0 0 1 0 0 0 0 0 3 0 1 0 0 0 3 0 1 0 2 0 0 2 0 0 0 2 0 1 0 1 2 1 1 0 3 0 0 1 1 0 0 1 0 0 2 1 0 0 0 0 1 0 0 2 0 1 2 0 0 1 3 0 1 1 1 1 1 0 3 0 0 2 0 1 1 1 1 1 1 1 1 0 2 0 2 0 1 1 2 1 2 0 3 0 3 0 3 0 2 2 0 0 2 1 2 0 1 0 3 0 1 0 1 2 0 0 2 1 3 0 1 2 0 1 3 0 3 0 0 0 1 0 1 2 0 0 1 0 2 0 2 1 3 0 2 0 2 1 0 1 0 0 1 1 1 0 2 0 2 1 2 0 1 2 0 1 0 0 3 0 2 1 2 1 0 0 0 1 2 1 2 2 0 0 1 1 0 1 1 0 1 0 2 0 0 0 0 1 3 0 3 0 2 0 3 0 1 0 3 0 1 2 0 0 1 1 1 2 0 1 0 0 2 1 2 1 0 1 3 0 3 0 0 1 3 0 3 0 2 0 2 2 0 0 2 2 0 1 1 2 0 1 0
1 313 3 0 3 0 2 1 0 0 3 0 0 0 3 0 0 1 1 1 2 1 0 1 1 1 0 0 2 1 0 1 2 2 0 0 2 2 0 1 0 0 2 1 0 1 1 0 3 0 1 1 0 2 0 0 1 0 1 0 0 0 0 0 2 0 0 0 0 1 2 1 3 0 0 1 2 2 0 0 0 1 2 1 2 1 1 2 0 0 0 1 0 1 2 1 2 1 2 0 1 0 0 2 0 1 1 1 0 0 0 0 2 0 1 2 0 0 3 0 1 1 1 2 0 1 3 0 1 1 2 1 2 2 0 0 2 0 2 0 2 0 1 1 1 0 1 0 0 0 1 0 0 0 3 0 3 0 3 0 2 0 3 0 0 2 0 2 0 0 2 2 0 0 0 0 3 0 1 0 2 0 0 1 0 1 2 0 2 1 1 0 2 1 0 0 2 1 2 1 1 0 2 0 2 0 1 0 1 1 0 2 0 0 3 0 1 1 1 0 2 0 0 0 0 0 3 0 3 0 2 0 2 0 0 1 0 0 1 1 1 0 1 0 2 1 3 0 0 0 1 0 2 1 0 1 1 0 1 1 2 0 3 0 1 0 2 2 0 0 3 0 0 0 2 1 3 0 2 1 3 0 3 0 1 0 0 1 1 1 2 0 2 1 2 1 2 0 3 0 1 0 2 0 3 0 1 1 0 0 2 1 3 0 2
0 314 1 3 0 3 0 1 1 0 1 2 1 1 1 2 1 2 0 2 1 0 1 1 0 1 2 0 1 1 1 1 1 1 0 3 0 1 0 3 0 3 0 0 1 1 0 1 1 2 2 0 1 1 1 2 1 2 0 2 0 0 0 0 1 0 1 1 0 1 1 1 0 1 1 2 1 1 0 2 1 1 1 1 0 0 2 0 0 2 1 1 0 0 1 1 0 0 2 0 1 3 0 1 2 0 0 1 2 0 0 0 1 1 0 0 0 3 0 1 2 0 2 0 1 0 1 2 0 0 0 1 0 1 0 3 0 0 0 1 0 0 2 0 1 2 0 2 0 0 0 2 0 0 1 3 0 3 0 3 0 1 0 2 1 2 2 0 1 3 0 1 0 2 1 0 1 2 2 0 0 0 1 2 0 0 1 0 0 1 1 2 1 1 1 0 1 2 0 0 1 2 1 1 0 0 1 3 0 3 0 0 1 3 0 1 2 0 1 2 1 0 1 1 0 0 1 3 0 3 0 1 0 0 1 1 2 0 0 3 0 1 0 2 1 2 0 1 1 1 0 2 1 1 1 1 0 1 1 0 0 0 0 2 2 0 0 2 0 3 0 1 1 1 1 2 0 2 0 2 0 2 0 2 1 3 0 1 0 2 1 0 0 2 0 1 0 0 0 2 2 0 0 1 0 2 2 0 1 0 1 2 0 2 0 1
1 315 1 1 2 0 2 2 0 1 1 1 0 2 0 0 1 0 0 0 1 1 1 0 1 1 0 1 0 0 2 0 2 0 1 1 2 2 0 0 3 0 2 1 2 0 1 1 0 0 1 1 0 0 2 1 1 0 0 0 0 1 1 0 1 0 0 0 1 0 3 0 1 1 0 0 0 1 2 1 1 1 3 0 1 0 1 1 3 0 0 1 2 0 1 0 1 0 1 2 0 1 2 0 0 0 2 2 0 0 2 1 1 0 1 0 0 1 3 0 0 1 0 2 0 0 0 0 3 0 0 0 2 0 2 1 2 1 1 0 2 0 1 2 0 1 0 0 0 1 1 1 0 1 2 1 2 0 3 0 2 2 0 0 2 0 1 1 0 1 1 2 0 0 1 1 1 1 1 0 2 1 1 0 3 0 0 2 0 1 0 0 0 1 3 0 0 0 3 0 1 1 0 1 2 0 1 1 2 0 2 1 2 1 2 0 0 1 0 1 0 1 1 0 1 0 1 1 2 0 2 1 3 0 1 0 2 1 3 0 1 2 0 0 1 2 0 2 0 1 2 1 1 1 3 0 1 0 2 2 0 0 0 1 2 0 3 0 0 0 2 2 0 2 0 0 0 0 1 0 1 0 1 0 2 0 1 2 0 0 1 1 0 1 0 1 3 0 0 1 2 0 2 1 2 1 2 1 0 0 0 1 0 0 0 2 0
0 316 1 0 0 0 0 2 1 0 0 2 0 0 1 2 1 2 0 0 0 3 0 1 0 2 2 0 2 0 1 1 0 1 0 0 0 1 0 3 0 2 0 1 2 0 2 0 1 0 0 2 2 0 1 1 1 2 0 0 0 1 0 1 0 2 0 0 0 2 1 2 2 0 1 0 0 1 1 0 2 0 0 1 2 0 0 0 0 1 1 2 0 3 0 2 0 2 1 0 1 0 0 3 0 0 1 2 0 3 0 0 1 2 0 2 0 1 1 1 1 2 0 0 1 2 1 0 1 2 1 1 1 1 0 2 0 0 1 2 1 1 0 0 0 3 0 2 1 1 0 2 0 0 1 1 0 0 0 3 0 2 0 2 2 0 2 0 1 1 0 2 1 2 1 3 0 2 0 1 1 1 1 2 1 2 1 2 1 3 0 2 1 1 1 1 1 1 1 2 2 0 1 1 1 0 0 0 0 0 0 2 0 0 2 0 1 2 0 0 0 0 0 1 0 2 1 0 0 0 0 2 0 1 2 0 0 2 0 2 0 0 0 2 2 0 1 0 2 0 1 0 2 0 0 1 2 0 0 2 0 2 1 1 1 0 0 2 1 1 1 2 1 0 1 2 1 0 0 2 0 2 0 2 1 1 0 0 0 2 1 3 0 0 0 0 1 1 1 2 1 0 0 2 0 1 0 0 1 0 0 0 2 0 0 1 1 2
1 316 2 0 0 0 1 1 1 0 1 0 1 2 1 0 2 0 1 1 1 2 2 0 0 2 1 0 2 0 0 1 0 2 0 0 0 2 1 3 0 1 0 0 1 0 1 3 0 3 0 1 1 0 0 2 0 3 0 0 0 2 0 2 1 0 1 1 1 2 0 1 0 3 0 2 1 3 0 0 1 2 2 0 0 2 1 0 1 0 0 0 0 3 0 1 0 1 1 0 2 0 1 2 1 2 1 0 0 2 1 2 1 0 0 0 2 0 1 3 0 3 0 1 1 0 1 1 1 0 1 3 0 1 1 0 1 2 1 0 1 2 0 0 1 3 0 1 1 2 1 0 1 2 0 1 0 0 1 3 0 1 0 2 1 0 2 0 0 1 1 2 0 1 0 2 0 0 2 0 2 0 0 1 0 1 0 1 0 2 0 1 1 3 0 2 0 2 1 1 1 0 0 1 2 0 0 0 0 0 1 0 1 2 2 0 0 3 0 0 0 0 0 2 1 1 1 0 0 0 1 1 0 0 0 3 0 0 0 0 1 1 1 2 1 0 0 0 2 0 0 0 1 2 2 0 0 3 0 0 0 1 1 2 2 0 1 1 2 0 0 0 1 1 1 0 1 0 1 1 0 1 0 1 1 2 0 0 1 2 0 1 1 1 0 1 0 2 1 0 1 0 1 0 1 3 0 0 2 0 0 1 1 2 2 0 0 0
1 317 1 1 2 1 1 0 2 0 0 0 0 1 0 1 1 2 0 0 2 1 1 0 3 0 0 1 1 1 2 1 2 1 0 1 1 1 2 0 1 1 3 0 1 0 0 1 2 0 2 2 0 1 0 1 1 0 2 1 1 1 1 0 1 1 1 0 2 0 3 0 2 1 3 0 2 0 1 1 2 1 1 0 3 0 0 1 0 2 0 0 0 1 2 1 3 0 3 0 0 2 0 1 1 0 0 1 0 1 2 0 0 1 0 0 1 2 0 1 2 0 2 2 0 1 1 0 2 0 0 1 1 2 0 1 1 1 0 1 1 0 3 0 1 1 2 0 0 0 0 1 1 0 3 0 2 0 1 1 1 2 0 0 1 1 1 1 2 1 3 0 3 0 2 1 0 1 2 2 0 1 2 1 2 0 2 0 2 1 1 0 0 0 2 0 1 0 1 1 2 2 0 1 0 0 2 1 0 0 1 0 0 1 1 0 3 0 1 1 1 0 0 1 1 1 2 2 0 0 1 0 1 0 0 1 2 1 1 0 1 0 2 1 0 1 0 0 1 1 2 1 1 1 1 0 3 0 1 1 1 1 0 0 1 1 0 0 2 1 2 1 1 0 2 0 0 0 0 0 1 0 2 0 3 0 3 0 1 0 3 0 3 0 1 0 2 1 1 1 1 0 0 0 0 1 1 1 2 1 2 2 0 0 1 0 2 1 0
1 318 1 0 0 0 1 2 1 0 1 1 0 1 0 0 0 2 1 3 0 0 1 2 1 2 1 2 0 2 1 1 0 0 1 1 0 2 1 0 0 0 0 1 1 3 0 1 1 0 0 2 1 0 0 0 0 1 1 1 1 3 0 1 0 3 0 1 1 1 0 3 0 2 0 2 0 1 0 0 0 0 1 2 1 2 1 2 0 0 1 2 1 1 1 1 0 2 0 2 1 2 2 0 0 1 0 1 0 0 0 3 0 0 2 0 1 0 1 0 1 0 0 2 1 0 0 1 1 0 1 2 0 2 2 0 0 2 0 0 0 1 1 2 2 0 2 0 1 1 0 1 0 1 1 3 0 0 2 0 2 0 0 2 1 3 0 2 1 1 0 2 0 3 0 1 1 1 1 1 1 0 1 1 0 0 0 1 0 1 1 2 0 0 1 0 2 0 0 0 0 1 0 3 0 3 0 0 1 0 0 2 0 1 0 1 1 2 2 0 1 2 0 1 0 2 1 1 0 2 1 2 0 2 0 1 1 0 1 2 0 2 1 1 1 0 2 0 1 0 0 0 1 3 0 1 1 2 2 0 1 2 2 0 0 2 2 0 1 2 0 0 1 2 1 0 1 1 0 0 0 2 1 1 0 3 0 2 2 0 0 3 0 2 2 0 0 1 1 3 0 1 0 0 0 1 0 2 1 1 0 1 0 2 1 2 1 1 1 0
1 318 2 0 0 1 1 0 1 1 0 1 0 2 0 0 1 2 0 1 1 2 1 1 0 1 0 0 0 1 1 2 0 1 0 1 1 1 1 0 0 0 1 0 0 1 2 0 1 0 1 1 1 0 0 0 0 3 0 2 1 1 2 0 0 2 2 0 1 2 1 3 0 1 0 0 1 3 0 0 0 1 1 1 0 0 2 0 1 2 1 0 1 3 0 1 1 1 0 2 0 1 0 2 1 2 0 2 0 0 1 2 1 2 1 3 0 3 0 3 0 3 0 0 1 0 0 3 0 0 1 0 0 2 0 2 2 0 1 1 1 0 0 1 1 0 2 0 0 1 0 2 1 0 0 1 1 2 2 0 1 3 0 1 0 2 0 1 1 2 1 1 0 2 2 0 1 3 0 2 0 0 0 1 0 0 0 2 0 3 0 3 0 1 0 0 1 2 1 0 0 2 1 3 0 2 1 1 2 0 1 0 2 0 0 0 0 1 1 0 0 3 0 2 1 1 1 2 1 2 0 0 0 0 2 0 1 1 1 0 0 1 1 3 0 0 1 3 0 2 1 1 1 2 0 0 0 1 1 0 1 1 0 3 0 1 1 0 0 3 0 1 1 0 1 1 0 1 0 0 1 1 1 2 1 3 0 2 0 3 0 2 0 2 0 2 2 0 0 1 1 3 0 0 0 2 1 1 1 2 0 2 1 2 0 0 1 2 2 0
1 319 1 1 2 1 3 0 0 0 1 0 2 1 0 1 2 1 0 0 0 0 0 1 2 0 2 0 0 0 3 0 3 0 2 0 3 0 1 2 0 0 0 2 0 1 0 1 0 0 0 0 1 2 0 0 0 1 3 0 1 2 0 0 3 0 1 1 0 1 1 0 1 1 3 0 1 1 1 1 1 0 3 0 1 0 1 2 0 1 0 1 1 1 1 2 0 1 2 1 0 2 0 0 2 0 0 0 0 1 2 1 1 0 1 0 2 0 3 0 3 0 2 1 1 2 0 1 2 1 1 2 0 1 1 0 2 1 0 0 1 2 0 0 3 0 0 1 2 1 2 1 1 1 0 1 0 0 1 1 0 1 1 2 0 0 1 0 0 0 0 1 2 1 2 1 0 1 2 0 0 1 1 0 2 0 0 1 1 0 3 0 2 1 3 0 1 1 0 1 0 1 2 0 2 0 1 2 0 1 0 0 0 1 2 1 0 0 2 2 0 1 3 0 1 2 0 0 0 2 0 1 1 0 1 2 0 0 1 2 0 1 0 0 1 1 2 1 2 0 1 1 3 0 3 0 0 0 3 0 0 0 1 1 2 2 0 1 0 1 2 2 0 1 1 0 1 0 2 0 1 0 2 1 1 0 2 0 1 0 3 0 1 0 1 0 2 0 2 2 0 0 1 1 1 1 1 2 0 0 0 0 1 2 0 1 2 1 1 0 2
0 320 1 0 0 1 0 1 1 1 0 2 1 1 1 1 1 0 1 0 0 0 0 1 1 0 0 0 1 1 1 3 0 3 0 1 0 3 0 0 0 2 1 1 1 3 0 3 0 2 1 0 1 0 0 2 1 1 1 2 0 0 0 3 0 1 2 0 1 1 0 1 1 0 0 1 2 0 1 3 0 1 1 2 2 0 0 0 1 0 0 0 0 2 0 2 2 0 1 0 1 1 1 2 2 0 1 1 0 1 1 0 1 2 0 2 1 1 0 3 0 3 0 1 2 0 1 0 1 0 2 0 1 0 0 1 1 1 1 0 1 0 0 3 0 1 1 2 1 1 0 0 1 2 2 0 2 0 0 3 0 0 0 2 1 2 1 2 0 0 0 1 1 1 0 0 1 1 0 3 0 1 0 1 1 0 1 2 0 1 1 3 0 2 0 1 2 0 1 1 0 0 1 0 0 1 0 0 0 3 0 2 1 1 1 0 1 0 1 2 1 0 1 2 0 0 0 2 1 1 2 0 0 1 1 0 0 2 2 0 0 3 0 2 2 0 0 1 0 0 0 0 0 2 0 2 1 1 1 2 1 1 1 0 0 1 1 0 0 0 1 1 1 0 0 1 0 2 1 0 2 0 0 1 1 2 1 0 2 0 0 2 1 3 0 2 1 1 0 2 0 2 1 3 0 2 0 2 1 2 1 0 1 0 1 0 1 0 1 2 1 1
0 320 2 0 0 2 0 3 0 1 1 1 1 3 0 1 2 0 2 0 0 0 0 2 2 0 0 1 0 2 1 2 0 2 2 0 0 2 1 1 1 1 2 0 0 2 0 3 0 1 1 0 2 0 1 1 1 3 0 3 0 0 1 3 0 0 1 0 0 1 0 2 2 0 1 0 1 0 1 2 0 0 0 1 0 2 1 0 2 0 0 0 1 1 0 2 1 0 0 0 0 2 1 1 1 0 0 1 0 3 0 0 1 0 0 1 1 2 1 3 0 3 0 0 1 0 0 0 0 0 1 3 0 2 1 3 0 1 2 0 2 0 1 3 0 0 0 0 1 2 0 1 1 1 1 0 1 3 0 1 1 1 1 2 0 0 2 0 1 1 0 3 0 1 0 1 0 1 1 2 1 3 0 3 0 0 1 0 0 0 0 2 0 1 0 0 1 0 0 1 0 0 2 0 0 2 0 0 1 3 0 1 1 3 0 0 0 0 1 0 1 1 0 3 0 0 1 1 2 0 0 2 1 2 2 0 1 2 0 3 0 2 0 2 0 2 1 2 0 0 0 0 1 1 0 1 2 0 0 0 1 2 2 0 0 2 2 0 0 1 0 1 2 0 0 2 1 1 1 1 1 2 2 0 0 0 1 1 1 3 0 1 0 2 0 1 1 2 1 1 0 2 0 2 0 1 0 2 0 0 1 1 0 0 0 0 0 0 1 0 1 2
1 321 1 1 3 0 0 0 2 2 0 2 0 0 2 0 0 1 0 1 2 1 0 1 2 0 2 1 2 1 2 0 0 0 2 0 3 0 0 1 3 0 2 1 3 0 0 0 2 2 0 1 1 2 0 0 2 1 2 0 2 1 2 1 1 1 1 2 0 0 2 1 2 1 0 0 0 0 0 0 3 0 0 0 2 1 1 1 1 1 2 1 1 0 1 1 1 1 0 0 0 1 1 1 2 2 0 0 2 1 2 1 1 2 0 1 0 0 1 0 2 0 2 1 1 2 0 0 0 0 1 1 2 0 2 0 2 0 0 1 0 2 0 1 1 1 1 0 1 0 3 0 3 0 2 0 0 1 1 2 0 1 3 0 3 0 1 2 0 0 1 1 2 1 3 0 2 1 0 0 1 0 2 0 2 1 1 2 0 0 0 1 0 1 3 0 0 2 0 0 2 0 1 1 2 2 0 1 2 1 2 0 0 0 1 1 1 0 1 0 0 0 1 1 2 1 2 0 2 1 3 0 1 0 1 1 0 1 0 0 3 0 1 0 1 0 1 2 0 1 1 0 1 0 1 1 0 0 2 1 1 1 1 0 3 0 1 0 2 1 2 1 0 0 3 0 0 1 3 0 2 1 1 0 2 1 1 0 2 1 1 2 0 0 1 0 0 0 0 1 2 1 1 0 0 2 0 0 0 1 2 0 1 0 0 0 0 0 1 0 0 1 0
1 322 1 0 0 1 1 1 1 2 1 0 1 2 2 0 1 2 0 0 1 0 1 1 1 0 0 2 0 0 2 0 1 1 1 1 0 2 1 2 1 2 0 2 0 1 1 1 1 2 1 0 0 2 1 3 0 1 0 0 0 2 0 0 1 3 0 2 1 3 0 1 0 0 1 0 0 0 0 0 1 2 1 1 1 1 1 3 0 2 1 0 1 2 0 3 0 1 2 0 0 1 0 2 1 1 0 3 0 1 0 0 2 0 0 3 0 2 1 2 1 1 0 1 2 0 0 2 1 0 1 0 0 0 0 1 0 0 1 2 0 0 2 0 0 2 0 1 0 2 1 3 0 3 0 0 1 2 0 2 2 0 1 2 0 3 0 0 0 2 2 0 0 1 0 2 0 1 1 0 0 2 1 1 0 1 2 0 0 2 1 1 0 0 1 1 1 2 1 3 0 0 0 0 0 1 1 0 1 0 2 0 1 1 0 3 0 1 0 2 0 0 1 0 0 1 0 0 0 2 0 1 1 3 0 2 2 0 2 0 1 2 1 3 0 2 1 0 1 0 0 1 0 2 0 2 2 0 1 1 1 3 0 1 1 2 2 0 0 2 0 0 1 0 1 2 1 2 1 2 0 1 1 2 1 1 1 2 1 1 2 0 0 2 1 2 0 0 0 1 1 0 1 2 0 1 1 2 1 1 0 3 0 2 0 0 0 0 0 2 0 0 2 0
1 322 2 0 0 3 0 2 1 0 1 1 1 1 1 0 0 3 0 1 0 0 0 1 2 0 1 0 1 2 2 0 0 2 0 1 1 2 0 1 0 0 0 0 2 0 2 0 0 0 1 0 1 2 0 1 1 3 0 0 1 0 1 2 1 2 0 2 0 1 1 3 0 0 2 0 0 0 0 1 1 0 1 3 0 2 1 2 0 1 1 1 1 0 0 3 0 0 0 2 1 2 1 1 1 2 1 2 1 3 0 1 1 3 0 2 0 2 0 0 1 2 1 0 0 3 0 0 1 0 2 0 0 0 0 2 0 1 0 3 0 1 1 2 2 0 2 0 0 2 0 2 0 2 1 2 1 0 0 2 1 0 1 0 0 2 1 1 1 2 0 2 1 2 1 0 2 0 1 0 1 1 1 2 1 0 0 3 0 0 1 2 0 1 0 2 1 1 0 1 1 1 0 0 0 3 0 0 0 0 2 0 0 1 1 2 2 0 0 0 1 1 2 0 0 2 0 0 1 1 0 0 0 2 0 2 1 0 2 0 1 1 0 2 0 1 1 0 2 0 0 2 1 1 0 2 1 0 0 2 1 2 0 0 0 1 0 2 2 0 1 2 0 0 1 1 0 1 0 0 0 0 0 0 2 0 0 0 2 0 0 3 0 0 2 0 1 1 0 3 0 0 1 0 0 0 0 0 1 2 1 3 0 0 1 1 0 0 1 0 1 2 1 2
0 323 1 1 3 0 2 0 1 1 1 0 2 0 1 2 0 1 2 1 3 0 0 1 0 1 0 0 0 1 1 0 2 2 0 2 0 2 0 1 3 0 0 0 1 2 0 1 2 1 1 0 0 1 0 0 0 0 1 1 2 0 0 1 1 0 0 0 1 0 0 0 1 1 2 1 2 1 0 0 3 0 0 1 2 0 1 2 0 2 0 1 2 2 0 1 2 1 1 1 2 0 0 2 0 0 1 0 1 0 2 0 0 0 2 0 1 0 0 1 2 1 0 1 0 1 2 1 2 0 0 1 2 1 0 1 0 2 0 0 3 0 0 0 1 1 0 1 3 0 0 0 1 0 2 0 0 1 0 1 1 1 0 2 0 1 1 2 0 0 0 0 2 0 0 1 1 2 0 0 0 0 2 1 0 1 0 1 2 1 2 0 3 0 2 1 1 1 2 0 3 0 1 0 0 1 2 1 1 0 1 1 2 2 0 0 1 0 2 1 1 0 2 1 2 2 0 1 2 0 1 0 0 1 1 0 1 1 1 2 0 0 1 1 0 2 0 1 1 1 3 0 0 1 2 1 1 1 0 1 1 2 0 1 1 0 2 1 2 1 0 0 3 0 1 0 1 0 2 0 0 0 0 0 1 1 2 1 1 1 3 0 1 1 2 2 0 0 1 1 2 1 1 2 0 0 0 0 1 1 1 0 1 1 2 0 1 0 1 0 0 1 1 0 0
0 324 1 0 0 2 0 0 2 0 1 2 1 1 0 0 1 0 1 1 0 1 1 1 2 0 2 0 0 1 0 1 1 2 1 0 2 0 2 0 1 1 1 1 1 0 1 0 1 0 1 2 0 0 2 0 0 0 0 3 0 3 0 1 0 1 0 0 0 2 0 0 1 0 0 1 0 0 1 0 1 2 1 2 1 0 0 0 1 0 2 0 1 1 1 0 1 0 1 3 0 3 0 1 1 2 1 2 0 2 1 0 1 1 1 0 1 3 0 1 1 0 1 1 0 0 1 0 2 0 1 2 1 0 1 1 0 0 1 3 0 1 1 1 0 3 0 0 1 1 1 1 0 2 1 0 1 2 0 0 0 2 0 0 2 0 0 2 1 2 1 0 1 0 1 2 0 2 1 2 1 0 1 1 1 1 0 0 1 1 0 0 0 3 0 1 2 0 0 0 0 2 1 3 0 1 1 0 1 2 1 0 0 1 0 2 1 2 1 1 1 2 1 2 0 1 1 0 0 3 0 2 0 1 0 1 0 3 0 2 1 2 1 3 0 0 2 0 0 2 1 1 1 2 1 0 1 3 0 0 0 2 2 0 0 1 1 2 0 0 1 0 1 2 1 3 0 2 1 0 1 1 0 0 1 0 0 0 2 0 0 2 0 0 0 1 0 2 2 0 0 0 2 0 0 2 1 0 0 3 0 1 0 3 0 3 0 2 0 2 0 1 0 1 0 0
0 324 2 0 1 0 1 2 2 0 1 0 1 2 0 1 0 0 0 1 0 3 0 2 2 0 1 2 1 2 1 0 0 0 1 1 2 0 2 0 0 2 0 2 0 0 0 0 0 0 0 3 0 1 1 2 1 0 1 3 0 2 1 3 0 2 0 0 1 0 1 1 2 0 0 2 0 1 0 0 1 1 0 0 1 0 0 1 0 0 2 0 0 2 0 0 0 0 1 2 0 3 0 0 0 1 0 0 0 1 1 1 0 2 0 0 1 1 2 0 1 1 0 1 0 1 0 0 2 0 1 0 1 1 0 1 0 1 1 1 2 0 1 2 1 2 1 2 0 2 0 1 1 1 1 1 0 3 0 0 1 0 1 2 1 3 0 1 0 0 1 1 0 0 1 0 0 2 0 0 1 1 0 2 0 1 0 1 0 1 0 0 1 3 0 0 0 2 1 0 1 2 0 1 2 0 1 1 1 0 1 0 0 2 1 2 0 0 2 0 0 0 2 0 2 0 1 0 1 3 0 0 1 3 0 2 1 3 0 2 0 1 0 1 1 2 1 3 0 0 2 0 0 0 1 1 1 1 1 1 1 2 0 2 1 3 0 3 0 1 0 0 1 1 0 2 0 1 1 1 0 1 0 0 2 0 0 1 1 2 2 0 1 1 0 2 1 2 0 2 1 1 1 3 0 0 1 0 1 2 2 0 0 3 0 3 0 1 0 0 1 3 0 2 0 0
0 325 1 2 0 0 0 1 1 1 0 0 0 0 3 0 2 0 0 0 2 1 3 0 2 1 0 1 1 0 0 1 0 0 1 0 2 2 0 1 3 0 0 0 0 1 1 0 0 0 0 1 3 0 0 0 0 1 1 1 2 0 2 0 2 0 0 1 2 0 0 0 2 1 2 2 0 1 3 0 1 0 1 0 0 2 0 0 2 0 1 1 2 2 0 1 1 0 1 1 0 0 2 1 1 0 2 0 0 0 3 0 1 1 0 1 2 0 2 2 0 0 1 0 2 0 2 0 1 2 0 0 0 0 1 0 2 0 3 0 2 2 0 1 1 0 1 0 0 0 0 2 0 1 3 0 1 1 2 1 2 0 0 1 1 0 1 1 3 0 1 0 1 0 0 2 0 1 0 1 2 0 1 1 0 1 3 0 2 0 2 0 1 1 1 1 1 1 1 1 1 1 0 0 0 1 0 0 1 2 0 2 0 1 1 2 0 1 2 1 2 1 1 2 0 2 0 0 0 1 1 1 2 1 2 0 2 0 2 0 0 2 0 0 0 0 1 0 1 1 2 1 2 1 1 0 2 0 2 0 2 1 0 0 2 0 2 0 2 1 3 0 1 0 1 1 0 2 0 1 2 0 2 0 1 1 2 2 0 0 1 1 0 0 1 1 2 0 0 0 1 2 0 0 1 1 2 0 0 1 1 0 3 0 2 0 2 1 3 0 1 1 2 0 0 1 1
0 326 1 0 0 2 1 1 0 1 2 0 0 0 1 3 0 0 1 1 1 2 0 2 0 1 1 1 0 1 0 0 2 0 0 2 1 2 1 0 1 1 1 1 0 1 0 1 0 0 0 1 1 1 1 1 0 1 0 2 1 0 0 1 0 0 1 2 0 3 0 0 1 2 0 1 1 0 1 1 1 3 0 2 0 1 1 3 0 0 0 0 0 1 1 0 0 1 0 2 2 0 1 1 1 2 1 0 1 1 1 2 2 0 1 1 1 0 0 2 0 2 1 2 1 1 0 1 0 0 0 2 1 0 0 2 1 1 0 3 0 2 1 0 0 1 0 2 0 0 0 1 2 0 1 2 0 0 0 0 2 0 1 2 0 1 1 0 0 1 1 3 0 2 0 1 2 0 0 0 0 3 0 3 0 0 1 2 0 1 0 0 2 0 1 3 0 2 0 2 0 1 2 0 0 0 2 0 1 0 1 0 2 0 0 2 2 0 1 1 0 0 2 0 1 0 1 2 1 1 0 2 1 1 0 0 0 1 0 0 1 2 1 2 1 0 0 2 1 0 0 1 0 0 1 2 1 1 0 1 0 1 1 0 1 1 0 1 0 2 0 1 1 3 0 3 0 0 2 0 1 0 0 1 0 0 0 1 0 2 1 2 2 0 0 3 0 3 0 0 1 0 0 2 1 3 0 3 0 1 0 1 1 3 0 1 0 2 0 1 2 0 2 0 1 2 0 1
1 326 2 0 1 1 1 2 1 0 0 2 1 1 1 1 1 2 0 2 1 0 0 0 2 0 1 2 0 2 0 1 1 3 0 1 0 0 1 1 0 2 0 1 0 2 0 2 0 0 0 3 0 2 0 1 0 2 1 1 1 0 0 2 0 1 1 0 0 2 1 2 0 3 0 3 0 0 0 2 1 2 0 1 0 0 0 1 1 1 0 0 0 2 2 0 0 2 1 2 1 0 0 2 1 0 1 1 0 2 1 1 1 0 0 1 2 0 1 1 0 2 0 0 1 2 0 2 0 0 1 1 1 0 1 1 1 2 1 3 0 1 1 0 0 2 1 0 1 1 1 0 1 0 0 3 0 0 0 1 2 0 0 3 0 2 2 0 1 0 0 2 0 1 0 0 0 2 1 0 1 3 0 2 1 2 0 3 0 2 0 1 2 0 1 2 0 1 0 1 0 0 0 2 1 1 2 0 0 0 0 0 1 3 0 1 1 0 0 1 0 1 2 0 0 0 1 0 1 2 1 1 1 2 0 0 0 2 0 1 1 1 0 0 1 0 1 1 1 0 0 2 0 1 1 0 1 2 0 2 0 3 0 0 0 1 0 2 1 1 0 0 0 2 0 2 1 2 1 3 0 2 1 2 0 0 0 2 1 2 0 1 0 3 0 2 0 2 1 1 2 0 1 2 0 2 0 2 2 0 0 0 0 1 2 0 0 1 0 0 1 0 2 0 0 3 0 2
0 327 1 2 0 0 2 1 0 1 0 1 1 1 3 0 2 1 0 0 1 1 0 0 1 2 0 1 0 0 1 0 0 0 1 1 3 0 1 0 1 1 0 2 0 0 1 0 0 1 1 1 3 0 0 2 0 0 1 1 2 2 0 1 0 2 0 1 0 1 2 0 0 0 3 0 2 1 1 1 1 2 0 1 3 0 0 0 3 0 1 0 0 1 2 0 3 0 1 0 0 1 0 1 1 1 1 0 1 1 1 1 2 2 0 1 0 1 0 0 1 1 0 1 2 1 0 0 0 1 2 0 2 0 0 0 2 1 1 0 1 2 0 1 0 1 1 1 1 0 1 2 0 2 0 1 2 1 1 1 0 0 3 0 2 0 2 0 3 0 2 2 0 1 3 0 0 1 1 1 1 1 2 0 2 0 0 0 3 0 1 0 0 1 0 0 3 0 2 0 2 0 0 1 1 2 0 0 2 1 0 0 1 1 1 2 0 1 0 0 2 1 0 0 2 1 1 0 0 1 0 1 3 0 3 0 0 1 0 2 0 1 2 0 1 0 0 0 1 2 0 1 0 2 0 1 1 1 0 0 1 0 2 1 1 0 2 1 1 1 2 0 0 1 1 0 2 0 1 0 2 0 1 2 0 1 1 1 1 2 0 2 0 0 3 0 1 0 1 2 0 1 0 1 0 0 1 0 2 0 2 1 0 1 0 0 2 1 2 0 1 0 0 1 3 0 2 0 1
1 328 1 0 0 3 0 0 1 1 0 0 0 2 1 2 0 1 1 0 0 2 2 0 1 0 0 3 0 2 1 2 0 0 1 0 0 1 1 3 0 3 0 0 1 2 1 2 0 1 0 2 1 1 1 2 1 2 2 0 0 1 1 0 0 0 2 0 0 0 0 3 0 0 1 3 0 1 1 3 0 2 2 0 1 1 1 1 1 2 1 3 0 1 1 0 0 2 1 3 0 1 0 0 0 2 0 1 0 3 0 2 1 1 0 3 0 3 0 2 1 3 0 0 1 0 1 0 0 1 1 0 0 0 1 1 1 1 1 2 1 0 1 0 0 0 0 2 0 1 1 0 1 0 2 0 1 0 1 2 2 0 1 3 0 1 0 1 0 3 0 2 1 0 1 1 1 2 0 2 0 2 1 0 0 0 1 1 1 2 1 3 0 0 2 0 1 3 0 1 0 0 1 2 0 2 1 3 0 0 1 0 0 3 0 2 1 3 0 3 0 0 1 0 1 1 1 2 0 1 0 0 1 2 0 2 1 2 0 0 2 0 0 3 0 2 0 0 1 0 1 0 0 0 2 0 0 1 2 0 0 2 1 1 1 2 1 1 1 3 0 3 0 1 0 1 1 0 2 0 0 1 0 0 1 0 0 2 0 2 2 0 1 3 0 1 2 0 0 0 0 3 0 3 0 2 1 2 1 1 0 1 1 0 2 0 1 1 2 0 1 3 0 1 1 2 0 0 2 0
1 328 2 0 1 2 1 2 0 1 0 0 1 1 2 0 2 0 1 0 1 2 0 3 0 3 0 2 0 1 2 0 1 1 2 0 1 0 0 2 0 2 1 2 1 0 2 0 2 0 0 1 2 0 0 1 0 1 0 2 1 2 2 0 0 1 1 2 1 0 1 2 1 2 1 2 0 0 0 2 0 2 1 0 0 2 0 2 1 1 0 1 2 0 1 0 1 2 0 1 1 3 0 0 1 0 2 0 0 3 0 1 1 2 1 3 0 3 0 2 0 1 1 1 2 0 2 0 0 2 2 0 0 1 0 2 0 2 1 0 1 0 2 0 0 0 1 0 2 0 1 1 0 0 2 0 0 0 1 1 1 0 1 1 1 3 0 2 1 3 0 1 1 1 0 2 1 0 0 1 0 1 1 0 0 1 0 2 1 1 0 1 1 2 2 0 1 1 1 3 0 1 1 0 0 2 0 1 1 1 2 0 1 3 0 2 0 2 0 2 1 2 0 0 0 2 0 3 0 2 0 1 1 0 0 1 2 0 1 2 1 3 0 2 0 0 1 1 2 0 2 0 0 1 1 2 2 0 0 3 0 0 2 0 0 0 2 0 0 2 0 2 1 3 0 3 0 0 1 2 1 2 0 0 2 0 1 1 0 2 1 0 1 2 0 0 0 2 1 0 1 3 0 3 0 2 0 0 1 2 0 3 0 0 2 0 0 2 2 0 1 1 2 0 2 0 1 2 1 2
0 329 1 2 0 1 0 2 0 1 3 0 1 0 2 2 0 2 0 0 0 1 0 0 3 0 3 0 1 0 0 1 0 0 2 1 3 0 3 0 0 0 2 0 0 1 1 2 0 1 2 2 0 0 2 1 2 0 2 1 2 0 1 0 2 2 0 0 0 1 1 1 1 0 0 2 0 1 1 1 1 0 1 1 0 1 1 0 1 1 2 1 0 1 0 0 0 1 0 0 0 0 1 1 2 0 0 1 3 0 2 0 0 0 1 0 2 0 3 0 0 2 0 2 0 1 0 1 3 0 1 0 2 1 2 1 1 0 1 1 1 0 0 1 2 1 1 0 0 2 0 0 1 0 1 1 2 1 1 0 2 0 0 0 2 1 2 0 2 0 1 2 0 1 2 1 1 1 0 0 2 0 2 2 0 0 2 1 1 1 2 1 0 0 1 1 0 0 2 1 1 2 0 1 0 1 0 2 0 2 0 1 0 1 2 0 1 0 1 0 1 2 0 1 1 1 1 0 3 0 0 2 0 1 0 1 0 1 0 1 1 0 2 0 0 1 2 0 2 2 0 1 2 2 0 0 1 0 3 0 1 1 2 1 2 1 1 1 3 0 0 0 2 0 2 0 2 1 2 1 0 2 0 1 2 2 0 0 1 1 1 1 1 0 3 0 0 1 1 1 1 1 2 0 3 0 0 1 2 1 0 0 2 1 2 1 3 0 1 1 0 0 2 2 0 2 0 1 1 0 0
0 330 1 0 1 0 0 0 2 0 1 1 2 0 0 2 1 0 1 2 1 0 2 0 1 3 0 2 1 3 0 0 2 0 1 2 0 2 0 2 1 1 1 0 1 2 0 2 2 0 1 1 0 3 0 1 0 0 0 1 2 0 2 0 0 2 0 2 1 1 0 2 0 1 0 1 2 0 0 2 0 1 0 3 0 0 0 1 1 0 0 0 1 0 2 0 0 0 2 0 0 0 0 3 0 3 0 1 1 2 0 0 1 1 0 2 1 1 0 2 1 2 2 0 2 0 0 0 1 1 2 0 0 2 0 0 1 2 0 3 0 1 0 1 1 0 1 2 0 1 1 2 1 2 1 0 0 0 1 2 1 0 1 1 1 2 0 0 0 1 0 0 1 0 1 0 1 2 2 0 1 1 0 2 0 3 0 0 2 0 0 0 1 0 0 2 2 0 1 1 2 0 1 0 0 0 0 0 2 0 2 0 0 0 0 3 0 2 0 2 1 0 1 0 0 2 0 1 1 2 1 2 2 0 0 0 0 0 0 0 0 1 1 0 1 2 1 0 0 2 1 0 1 1 0 2 1 2 1 3 0 0 0 1 0 0 2 0 0 1 1 1 1 1 0 1 0 2 0 0 1 1 2 0 1 1 0 2 1 3 0 2 0 1 1 2 1 2 0 2 0 2 1 0 0 2 1 2 1 0 1 0 1 2 0 1 0 1 2 0 1 0 1 2 1 0 2 0 0 1 0 0
0 330 2 0 2 0 0 1 2 0 0 2 1 3 0 0 1 1 1 0 1 1 2 0 1 2 0 2 0 1 1 2 2 0 1 0 0 1 0 1 1 3 0 0 1 0 0 2 1 0 0 1 1 2 1 3 0 0 1 0 1 0 1 3 0 0 0 1 1 2 1 0 2 0 0 0 0 2 2 0 2 0 0 2 1 1 0 2 2 0 0 1 0 0 1 2 1 1 1 2 1 0 1 3 0 2 2 0 2 0 1 2 0 1 1 1 1 2 1 2 0 1 1 0 1 2 1 1 0 2 1 2 2 0 1 2 1 0 0 2 1 3 0 3 0 0 1 0 0 0 0 1 0 0 1 0 0 1 1 0 1 1 0 2 0 3 0 0 0 2 0 1 0 0 0 0 1 1 1 0 0 1 1 1 0 2 1 2 1 2 1 0 2 0 1 2 1 0 0 2 1 3 0 2 1 0 0 1 2 0 1 2 1 0 1 3 0 1 0 1 1 0 2 0 1 1 0 0 0 1 0 1 0 2 1 0 0 0 0 0 0 3 0 0 1 0 1 0 1 1 1 1 0 1 1 2 0 1 0 1 1 1 0 2 0 1 1 2 1 3 0 2 0 1 0 2 1 0 1 2 0 2 2 0 0 1 1 2 0 2 0 1 0 0 0 1 0 0 0 1 0 1 1 0 1 2 0 0 1 1 0 0 0 3 0 2 1 0 1 0 0 0 1 0 1 1 1 2 1 2 0 0
0 331 1 2 0 1 2 2 0 0 3 0 1 0 1 1 2 0 2 0 0 0 2 2 0 1 0 0 1 0 0 0 1 0 3 0 2 1 2 1 0 0 1 1 1 2 0 1 1 1 0 1 0 0 1 0 1 1 2 0 0 0 0 1 1 1 1 1 0 0 0 1 1 1 2 1 0 1 2 1 0 1 3 0 0 1 2 1 2 0 2 1 2 0 1 1 0 2 0 0 0 1 1 1 2 0 2 1 0 2 0 0 3 0 3 0 2 1 0 2 0 2 0 1 1 1 0 1 2 1 2 0 1 1 0 1 0 1 0 1 2 0 2 0 2 1 1 2 0 0 0 0 2 0 0 2 0 0 3 0 0 0 1 1 1 0 2 1 1 1 0 1 3 0 0 0 1 0 1 2 0 0 3 0 1 1 2 0 1 0 0 1 1 2 0 1 0 1 0 1 2 0 2 0 1 1 0 1 0 1 0 1 0 1 1 1 1 1 3 0 3 0 0 2 0 0 1 0 0 0 2 0 2 1 1 1 0 0 0 0 0 1 2 1 2 0 0 0 0 0 2 0 1 0 3 0 3 0 2 0 3 0 1 1 1 0 0 0 1 0 2 0 0 2 0 0 1 1 1 1 0 0 2 0 2 2 0 0 0 0 0 1 3 0 0 0 2 0 0 0 2 0 3 0 0 0 3 0 1 0 1 0 0 1 3 0 1 1 0 2 0 0 1 0 0 0 2 1 0 2 0 1 1
0 332 1 0 1 0 1 1 0 3 0 1 2 0 0 0 0 0 0 0 1 1 1 2 0 3 0 2 1 2 0 0 0 2 1 3 0 2 0 0 1 0 0 3 0 2 2 0 0 1 2 0 2 0 0 2 0 3 0 3 0 0 0 1 0 2 0 1 2 0 0 1 0 2 1 0 1 1 1 0 1 1 1 1 1 2 1 1 0 0 0 1 2 0 2 0 1 1 1 2 1 1 0 2 1 0 0 1 1 1 1 3 0 2 0 3 0 1 1 1 2 0 2 0 0 2 0 0 1 0 2 0 2 0 1 1 0 0 0 0 1 0 0 1 0 1 2 0 0 2 1 0 1 0 1 2 1 3 0 1 1 1 0 3 0 1 1 1 1 3 0 0 1 1 1 1 0 2 1 0 0 3 0 1 2 0 2 0 1 3 0 1 0 2 2 0 0 0 0 0 1 0 0 0 2 0 1 1 0 0 0 0 0 0 0 2 0 2 1 2 0 2 1 2 1 2 1 2 0 0 1 1 0 1 1 2 2 0 0 0 0 1 1 0 2 0 1 1 0 0 1 0 2 0 0 3 0 3 0 1 0 2 2 0 1 2 0 0 0 2 1 0 1 2 1 2 1 3 0 1 2 0 1 1 0 2 0 2 1 0 0 1 1 1 1 1 1 0 1 1 1 1 0 2 1 1 1 2 1 3 0 2 0 1 1 1 2 0 1 1 1 2 1 2 0 0 1 1 1 1 2 0 0 1
1 333 1 0 0 0 0 0 1 1 3 0 0 0 2 1 0 0 0 0 1 0 2 1 0 0 3 0 1 2 0 1 1 1 2 0 2 0 0 1 1 2 0 1 3 0 2 0 2 2 0 1 0 1 3 0 0 0 3 0 2 1 1 0 2 1 1 0 0 0 2 1 2 1 1 1 1 0 2 0 0 0 2 0 2 1 0 1 2 0 0 1 0 1 0 2 0 0 2 1 0 1 2 1 1 1 0 0 3 0 2 1 2 0 1 0 2 2 0 2 0 1 0 1 2 2 0 1 2 0 0 2 0 2 0 0 1 0 0 0 0 2 0 0 2 1 0 0 3 0 0 1 1 0 0 1 1 0 1 2 0 1 2 1 2 2 0 2 0 0 1 1 2 0 2 0 1 1 1 1 0 1 3 0 0 1 0 2 0 1 1 2 0 0 2 0 2 1 0 0 0 2 0 0 1 2 0 0 1 0 0 0 0 0 0 1 1 0 2 0 0 0 2 0 1 0 0 2 0 1 2 0 1 1 0 0 1 0 2 1 0 0 3 0 0 2 0 0 1 0 1 0 0 1 3 0 2 0 2 2 0 0 2 1 0 0 3 0 0 1 1 1 1 1 1 0 1 0 2 0 0 1 0 0 1 1 1 0 1 1 0 0 3 0 2 0 2 0 0 0 2 0 1 1 1 2 0 0 1 0 2 0 0 2 0 2 0 1 0 0 2 1 0 2 0 1 2 0 2 0 2 1 2 1 2
0 333 2 0 0 0 0 1 0 0 1 1 1 1 1 1 0 0 0 0 2 1 1 1 0 1 3 0 0 1 0 0 2 1 0 0 0 1 2 0 2 2 0 1 2 0 1 0 2 1 0 0 0 1 1 1 1 1 3 0 1 1 2 1 1 1 2 0 0 1 2 0 0 1 3 0 1 1 0 1 1 1 1 0 1 1 1 0 3 0 1 0 0 0 0 1 3 0 0 1 1 1 0 1 2 2 0 1 3 0 1 2 0 2 0 0 2 1 0 2 0 0 0 1 1 1 0 0 3 0 1 2 0 1 2 1 2 0 0 0 1 1 3 0 0 1 0 1 2 1 2 0 1 0 1 0 1 1 0 1 0 1 1 0 1 1 0 1 2 2 0 0 0 0 0 2 0 1 3 0 0 1 1 1 2 0 0 2 0 0 2 1 3 0 0 0 1 1 0 0 1 1 2 2 0 0 2 1 2 0 0 0 0 0 1 0 1 1 0 1 1 1 0 1 3 0 1 2 0 0 3 0 2 2 0 0 2 1 1 1 0 1 2 1 2 1 2 1 2 0 2 0 1 1 2 0 1 0 2 0 3 0 0 1 0 1 2 1 2 0 2 0 2 0 1 0 2 1 0 1 1 2 0 0 3 0 1 0 2 2 0 1 3 0 1 0 0 1 1 1 0 2 0 2 0 0 2 1 2 1 0 1 2 2 0 1 3 0 3 0 0 1 1 2 0 1 0 0 1 0 2 0 1 0 0
0 334 1 0 1 1 0 0 2 0 0 3 0 2 0 1 2 0 0 0 1 1 1 3 0 0 1 1 1 1 2 0 1 1 1 0 0 1 1 0 0 2 1 0 0 3 0 2 1 1 1 0 0 1 0 2 0 2 1 2 0 0 0 0 1 3 0 3 0 1 0 3 0 1 1 1 2 0 1 1 0 2 0 1 0 3 0 1 1 2 1 3 0 0 0 1 1 1 1 2 0 2 0 0 1 1 1 0 1 2 0 0 1 0 1 3 0 0 1 1 1 2 1 1 0 1 2 0 1 3 0 0 1 0 1 0 2 0 1 1 1 0 0 1 1 2 0 0 1 0 2 0 1 3 0 2 0 3 0 0 0 0 0 1 0 3 0 0 1 1 0 2 1 0 0 1 2 0 1 1 1 2 0 2 0 3 0 1 1 3 0 1 0 1 1 1 0 2 2 0 1 0 0 1 0 3 0 0 2 0 1 1 0 0 0 2 0 3 0 0 0 2 0 0 1 2 0 0 0 3 0 2 0 2 0 3 0 0 1 3 0 0 1 1 0 1 0 1 0 0 0 0 2 0 2 0 2 0 0 1 0 2 1 2 0 0 1 1 0 0 0 1 0 0 2 0 0 1 1 1 0 2 1 3 0 1 2 0 0 2 1 0 1 1 1 3 0 1 0 2 0 0 2 0 1 3 0 1 0 0 1 1 1 1 1 0 1 2 0 2 1 2 0 2 1 3 0 2 1 2 1 0 1 3 0 0
0 335 1 0 0 0 1 0 1 1 3 0 2 0 1 0 0 0 2 1 1 0 2 1 1 1 2 0 2 0 2 2 0 0 1 2 0 0 2 2 0 1 1 1 0 1 3 0 1 1 2 2 0 0 2 1 1 0 1 2 0 1 1 0 1 1 2 0 2 2 0 0 2 2 0 2 0 1 0 0 1 1 0 2 0 0 3 0 0 0 1 0 1 1 1 0 3 0 2 1 0 0 0 1 2 0 2 0 0 0 3 0 1 0 0 1 1 1 2 0 2 1 0 1 2 1 0 1 0 1 1 1 2 0 0 0 0 2 0 0 1 2 0 0 3 0 3 0 1 0 0 2 0 1 2 0 1 0 2 1 1 0 0 0 2 1 2 1 2 0 1 1 1 1 0 1 0 1 0 0 2 1 0 0 1 0 3 0 0 0 1 1 3 0 3 0 1 1 2 0 3 0 2 1 2 1 2 1 2 2 0 0 1 0 0 1 1 0 2 1 1 1 0 1 2 0 3 0 0 1 3 0 1 0 1 0 2 1 2 1 1 1 2 0 1 0 2 0 2 0 0 0 1 2 0 2 0 1 2 1 2 1 1 2 0 1 2 0 1 0 0 0 2 0 1 1 2 1 3 0 1 1 2 0 2 0 0 0 3 0 0 1 1 0 2 1 1 2 0 0 0 1 2 2 0 1 1 1 3 0 1 0 2 0 2 0 0 1 0 0 2 0 0 0 2 0 2 0 2 0 0 1 1 1 1 1 1
0 335 2 0 0 0 2 1 0 0 2 0 0 1 3 0 0 1 1 1 2 1 1 2 0 0 0 0 1 0 2 0 2 2 0 0 3 0 1 1 0 0 2 0 0 1 2 0 0 0 1 0 3 0 0 1 2 1 0 1 0 0 1 1 0 0 0 0 2 0 3 0 1 1 0 1 3 0 2 1 3 0 0 1 3 0 1 1 1 0 2 0 3 0 1 1 3 0 1 1 0 0 1 1 0 0 0 1 1 1 2 1 3 0 1 0 2 1 0 0 1 1 1 1 0 1 1 0 0 0 2 0 3 0 0 0 1 1 2 2 0 0 3 0 2 0 2 1 3 0 1 2 0 0 3 0 2 1 1 1 2 0 0 1 2 0 0 2 0 2 0 1 2 2 0 2 0 2 0 1 1 1 0 0 2 1 2 1 1 1 0 0 2 0 3 0 0 0 0 0 3 0 2 0 1 0 1 0 1 0 2 1 2 0 1 0 1 1 1 1 3 0 0 1 0 0 2 1 2 1 1 1 3 0 2 1 2 0 0 1 3 0 3 0 2 1 1 0 0 1 1 1 0 1 0 2 0 1 1 0 0 2 0 1 0 0 3 0 2 0 0 1 1 0 0 0 1 0 2 0 0 0 0 0 0 1 1 1 2 1 2 0 1 1 1 2 0 0 2 1 1 1 1 1 0 0 2 1 1 2 0 0 1 0 0 1 1 2 0 1 0 1 1 1 1 0 1 0 0 1 2 0 2 0 2 0 1
1 336 1 0 1 1 1 1 1 0 1 0 1 2 1 1 1 2 0 2 1 0 2 0 0 2 1 0 0 2 1 1 0 2 0 3 0 1 2 0 1 0 1 0 1 2 0 3 0 0 0 2 1 2 1 2 1 0 1 0 2 0 0 2 2 0 0 0 1 1 0 2 2 0 1 1 1 2 0 2 0 1 1 2 1 1 2 0 1 2 1 1 0 3 0 0 0 1 2 0 1 0 0 2 2 0 0 1 0 2 1 1 0 1 2 0 0 1 1 0 0 3 0 2 0 0 0 1 0 0 1 1 0 2 1 1 1 0 0 1 0 3 0 2 0 1 0 2 0 2 0 0 0 3 0 2 0 1 1 3 0 3 0 1 0 3 0 1 2 0 2 0 1 1 1 0 2 0 2 0 0 1 2 0 1 2 0 0 1 2 2 0 1 1 0 2 1 1 0 0 1 3 0 0 1 3 0 2 0 2 1 1 2 0 1 3 0 3 0 2 1 1 1 1 2 0 1 2 0 0 2 0 0 2 0 1 2 0 1 2 1 2 0 3 0 1 1 2 0 1 0 2 0 0 0 0 2 0 0 1 0 1 1 3 0 3 0 2 0 0 1 2 0 1 0 0 0 2 1 0 1 1 0 0 0 1 0 2 1 0 2 0 2 0 2 0 0 3 0 0 1 3 0 1 2 0 1 1 2 0 0 2 1 2 0 1 0 2 2 0 0 0 0 2 0 1 0 2 0 1 1 0 0 1 0 0 2 0
1 337 1 0 0 0 2 0 2 0 0 0 0 1 0 2 0 0 0 0 1 1 1 1 3 0 0 1 0 1 1 1 2 1 1 0 3 0 0 1 0 0 0 0 0 1 0 0 2 1 1 1 2 0 1 0 0 1 1 0 0 1 3 0 1 0 2 1 1 0 1 1 2 1 0 0 2 1 0 0 1 0 0 0 0 2 0 1 0 1 0 1 2 1 2 1 1 1 0 0 3 0 3 0 1 0 2 1 2 1 1 1 2 1 0 0 2 1 2 2 0 1 3 0 0 1 1 0 2 0 1 0 1 1 1 1 2 2 0 0 2 1 3 0 0 2 0 0 1 0 0 1 1 1 3 0 1 0 0 0 2 0 2 2 0 0 3 0 0 1 0 2 0 0 2 0 0 2 0 1 2 2 0 1 0 0 3 0 1 1 1 1 0 0 1 1 1 1 2 0 1 1 1 1 2 1 2 0 1 0 1 2 0 1 0 1 2 0 3 0 1 1 3 0 2 2 0 0 3 0 1 1 3 0 0 0 0 1 0 1 1 0 0 0 2 2 0 2 0 2 0 0 0 1 1 0 1 1 2 1 2 1 0 0 2 0 3 0 0 1 2 0 3 0 2 0 0 1 1 1 1 0 1 0 0 0 2 1 1 1 1 2 0 2 0 1 3 0 1 1 2 1 2 0 0 1 0 0 2 1 3 0 0 2 0 2 0 0 2 0 2 1 0 1 0 2 0 0 0 2 0 1 0 0 2 0 1 1 2
0 337 2 0 0 1 1 0 0 1 1 0 1 0 0 1 2 1 0 0 3 0 2 1 1 1 2 0 0 0 2 1 0 1 2 1 2 1 1 2 0 0 0 0 0 2 0 1 1 1 3 0 3 0 2 0 1 0 1 0 1 1 1 2 0 0 1 1 2 1 0 0 0 1 0 1 1 1 0 0 2 0 0 0 1 2 0 0 0 0 0 1 1 0 0 1 2 2 0 1 3 0 2 2 0 0 2 0 0 2 0 0 0 1 0 1 2 0 1 1 0 1 1 1 2 0 1 1 0 1 3 0 3 0 2 1 1 0 3 0 1 0 1 1 2 1 2 1 2 0 1 0 2 1 1 1 3 0 0 1 1 0 2 0 3 0 1 1 2 0 0 1 2 2 0 1 2 2 0 1 1 0 3 0 3 0 1 2 0 1 2 2 0 0 3 0 2 0 3 0 3 0 2 1 0 2 0 2 0 0 0 1 0 0 0 1 0 0 3 0 0 0 2 0 2 0 3 0 2 0 0 0 1 1 1 0 1 0 0 0 1 0 0 1 2 1 0 2 0 1 2 1 1 0 1 1 0 0 1 0 0 1 0 1 1 0 2 1 2 1 0 0 3 0 0 1 2 0 2 0 1 0 2 0 0 1 1 1 3 0 2 2 0 2 0 1 2 0 0 0 0 2 0 1 1 2 0 1 2 0 1 1 2 2 0 1 3 0 0 0 1 1 1 0 0 1 2 1 1 1 3 0 3 0 0 0 0 0 0
0 338 1 0 1 2 0 1 0 1 0 1 0 2 0 1 1 0 1 0 1 3 0 1 1 3 0 3 0 0 1 1 1 1 1 1 0 0 2 0 0 2 1 0 0 1 2 0 0 2 1 2 0 3 0 0 1 3 0 2 0 3 0 2 1 2 2 0 0 0 1 0 0 1 0 0 0 1 2 0 1 0 1 1 1 0 0 2 1 0 0 1 0 1 0 1 1 1 1 0 1 2 0 2 0 2 2 0 1 2 1 2 1 1 0 0 0 3 0 3 0 0 0 2 0 3 0 3 0 0 1 2 0 3 0 1 1 2 1 2 2 0 0 0 0 1 0 0 2 0 2 0 0 1 2 0 0 1 1 2 0 1 1 1 0 2 2 0 2 0 1 2 1 1 1 0 1 1 1 0 0 1 1 3 0 3 0 0 1 0 1 1 0 3 0 2 0 1 0 3 0 3 0 1 1 1 2 0 1 2 1 0 2 0 0 0 2 0 1 2 1 1 1 1 0 1 0 3 0 0 1 1 0 3 0 1 0 2 0 0 0 2 0 1 1 0 1 1 2 0 1 0 1 2 0 2 2 0 0 2 0 1 0 0 0 1 1 2 0 0 1 0 1 2 1 2 1 0 0 0 2 0 0 0 1 2 0 2 1 2 0 2 1 0 2 0 0 3 0 0 0 1 2 0 0 2 2 0 1 0 0 0 0 1 1 0 1 1 1 1 0 3 0 1 0 1 1 0 2 0 0 2 0 2 1 1 0 0 0 0
0 339 1 0 0 0 3 0 2 0 2 0 2 1 0 2 0 1 1 0 0 1 2 0 0 0 2 0 2 1 2 0 2 0 2 0 1 0 1 1 3 0 0 1 0 1 0 0 3 0 1 0 0 0 2 1 2 1 2 0 1 0 3 0 2 0 1 0 2 1 0 2 0 0 2 0 0 1 0 1 0 0 0 0 1 2 0 1 1 1 0 0 2 0 2 0 3 0 2 0 0 1 0 0 1 0 2 1 0 1 1 0 0 1 2 0 0 1 3 0 2 1 1 1 1 0 3 0 2 1 2 1 0 0 3 0 0 0 1 0 1 0 2 1 0 0 2 0 1 2 0 1 2 2 0 0 2 1 3 0 3 0 3 0 1 1 2 1 0 2 0 1 0 1 3 0 0 0 1 2 0 1 0 0 2 0 2 1 2 0 0 0 1 1 3 0 0 2 0 0 3 0 2 2 0 2 0 1 0 1 0 1 1 1 2 1 1 2 0 1 0 1 3 0 1 0 2 1 2 1 2 0 1 1 2 2 0 0 0 1 1 1 0 2 0 1 1 0 2 2 0 0 0 1 0 0 2 0 2 2 0 1 3 0 0 0 3 0 3 0 1 0 0 1 1 0 0 1 0 0 1 1 2 1 1 1 0 0 2 0 0 0 1 1 1 1 3 0 1 1 1 1 0 0 3 0 1 0 3 0 2 1 0 0 3 0 0 0 2 0 1 1 2 1 3 0 3 0 0 1 3 0 0 0 1 1 2 0 0 0 0
0 339 2 0 0 1 3 0 1 0 1 0 1 1 1 2 0 0 1 0 1 0 3 0 0 1 1 0 2 0 0 0 1 0 0 2 0 0 0 0 1 1 1 2 0 2 0 1 2 1 3 0 0 1 2 0 0 2 0 2 0 0 3 0 0 2 0 0 1 1 1 1 2 2 0 1 1 2 0 2 0 0 0 1 0 1 0 0 1 2 0 1 1 0 1 0 3 0 0 1 1 2 0 0 2 1 1 1 1 0 1 0 1 0 3 0 1 1 2 0 1 1 3 0 1 1 3 0 2 0 0 1 0 1 2 1 1 0 2 0 2 1 1 1 0 1 1 0 0 1 0 1 1 0 3 0 1 0 2 0 3 0 3 0 0 0 0 1 1 2 0 0 0 1 1 1 1 1 0 0 3 0 3 0 0 0 1 2 0 1 1 1 0 0 1 1 2 1 3 0 2 0 2 1 0 2 0 0 0 0 0 0 2 1 0 2 0 1 0 0 0 1 1 2 0 0 2 0 1 0 0 0 0 0 1 0 2 1 1 0 2 0 0 2 0 0 1 1 2 0 2 1 0 2 0 1 1 0 2 1 0 1 1 1 1 1 3 0 2 1 3 0 1 0 1 0 0 2 0 1 0 0 0 1 2 2 0 1 0 1 1 0 3 0 2 1 1 2 0 1 2 2 0 1 2 2 0 0 3 0 1 1 0 1 2 1 1 1 1 0 0 0 1 0 2 0 2 1 2 1 1 1 1 0 3 0 3 0 0 0 0
0 340 1 0 1 2 1 1 1 3 0 2 0 3 0 2 1 2 1 2 0 2 1 2 1 2 0 1 1 0 1 1 0 2 0 1 1 2 1 0 0 3 0 2 2 0 2 0 1 1 0 1 1 2 0 3 0 1 2 0 1 3 0 1 1 2 1 2 1 3 0 2 1 1 1 0 0 2 2 0 1 2 1 0 2 0 2 0 1 0 1 0 0 1 0 2 1 2 1 2 0 2 1 3 0 0 1 3 0 1 0 2 0 2 1 3 0 0 0 0 0 0 0 2 0 0 0 2 0 0 1 2 0 0 1 0 1 2 1 1 0 1 1 3 0 0 0 1 0 1 0 0 0 1 1 2 2 0 0 1 0 3 0 2 1 1 0 1 0 2 1 2 1 1 0 2 0 1 2 0 1 3 0 2 1 1 1 0 1 0 0 1 2 0 1 0 0 1 0 2 0 1 0 1 1 1 1 2 1 0 0 0 1 1 1 1 1 3 0 2 1 1 0 2 1 2 2 0 1 3 0 0 0 0 0 2 1 1 1 2 1 0 1 2 1 2 2 0 0 0 0 1 1 1 2 0 0 1 1 1 1 1 0 2 0 2 1 2 0 2 0 1 1 3 0 2 0 1 1 3 0 2 1 1 1 1 1 0 0 0 0 1 1 3 0 1 2 0 1 0 1 1 1 0 1 1 0 3 0 1 2 0 1 1 1 0 1 3 0 1 0 0 0 2 1 1 0 2 0 0 1 3 0 1 1 3 0 2 1 1 0 0
0 341 1 0 0 1 0 2 0 0 2 0 1 0 3 0 2 0 1 0 0 0 2 0 0 2 0 2 0 1 1 0 1 1 1 0 0 0 0 1 0 1 3 0 2 1 0 2 0 0 1 1 0 0 0 0 3 0 0 1 0 1 2 0 0 0 1 0 1 0 2 0 1 1 2 2 0 1 2 1 0 1 0 1 1 2 0 1 3 0 3 0 2 1 2 1 2 0 1 0 0 0 2 0 1 1 2 1 1 2 0 0 1 0 2 0 1 1 1 0 0 0 0 1 0 1 1 1 0 1 2 0 3 0 1 0 0 1 0 1 2 1 0 0 1 1 1 0 2 0 2 0 0 1 0 0 1 0 2 1 2 1 3 0 1 1 2 0 2 1 2 0 0 1 2 1 1 0 0 1 0 1 2 0 1 1 2 2 0 2 0 1 0 0 3 0 2 1 2 1 0 1 3 0 3 0 2 1 0 1 0 0 1 0 2 0 2 1 2 0 1 1 2 1 2 0 1 1 0 1 1 1 1 0 0 1 1 2 0 0 0 1 1 1 1 0 1 0 2 1 0 0 3 0 2 1 2 1 3 0 2 0 1 1 1 0 2 0 0 0 1 0 0 0 2 0 1 0 0 0 2 0 1 1 3 0 1 2 0 0 0 1 0 0 2 0 0 1 0 0 0 0 2 0 0 0 1 1 3 0 0 1 0 0 2 0 0 1 1 1 3 0 0 1 1 1 2 1 0 1 2 1 2 0 0 0 2 0 1 1 2 0 0
0 341 2 0 1 0 0 1 2 2 0 2 0 0 3 0 0 1 3 0 0 1 0 1 2 2 0 2 0 0 1 0 3 0 1 0 0 0 1 0 0 1 2 0 1 1 1 1 2 1 2 2 0 0 0 1 2 1 2 0 0 0 3 0 0 0 2 0 2 1 1 0 0 0 1 1 0 1 0 1 1 0 0 0 2 2 0 1 2 0 3 0 2 0 0 2 0 1 3 0 0 1 1 0 0 0 0 2 0 0 2 1 2 1 0 2 0 1 2 0 0 0 1 0 0 0 2 0 0 1 0 0 2 1 3 0 1 0 0 1 0 1 0 0 3 0 1 1 1 0 0 1 1 2 0 0 2 1 2 0 1 0 2 0 0 0 0 0 1 2 0 1 2 1 0 1 2 0 1 0 0 1 0 0 0 0 1 1 0 1 3 0 3 0 2 0 2 0 0 1 1 1 2 0 3 0 1 1 0 2 0 0 2 1 1 0 2 0 0 0 0 0 0 2 0 2 0 1 1 0 2 0 1 0 1 0 2 1 2 1 1 0 2 0 1 0 2 1 1 1 0 1 3 0 2 0 1 0 2 0 0 2 0 1 2 1 0 1 1 0 2 0 0 1 0 1 3 0 0 1 1 0 0 0 2 0 0 0 2 1 0 2 0 1 0 1 1 2 0 0 0 1 0 1 1 1 0 0 1 1 1 2 0 1 0 1 2 0 2 1 1 1 2 0 2 1 0 1 1 1 0 2 0 1 1 1 0 2 0 2 0 1 1
0 342 1 0 1 3 0 1 1 1 1 0 1 3 0 1 1 2 1 1 1 2 0 0 1 1 1 0 1 2 1 2 1 2 1 3 0 0 0 2 0 1 0 3 0 3 0 2 1 1 0 1 0 2 1 1 1 0 2 0 1 1 1 2 1 1 1 1 0 1 1 2 0 0 0 3 0 0 0 0 0 1 0 0 1 2 1 0 1 0 0 3 0 0 1 2 2 0 1 1 1 2 0 1 0 0 0 1 1 3 0 1 0 0 1 1 2 0 0 3 0 0 0 2 0 0 1 0 1 1 2 0 1 2 0 1 1 3 0 0 2 0 2 0 1 2 2 0 1 2 0 1 0 2 1 3 0 0 2 0 2 0 0 0 1 1 0 0 1 0 1 0 1 0 1 1 0 3 0 2 0 0 2 0 0 0 0 3 0 0 1 2 0 3 0 1 0 0 1 2 0 2 1 0 0 2 2 0 1 1 1 3 0 0 1 2 1 0 1 1 0 0 0 1 2 0 2 0 0 1 1 0 1 3 0 2 1 2 0 0 1 2 1 0 2 0 0 1 1 3 0 0 1 2 0 0 2 0 0 0 1 2 2 0 1 0 1 1 0 1 1 0 1 2 0 0 1 1 1 2 0 1 0 0 1 0 1 1 1 1 1 1 2 0 0 0 0 2 1 2 1 1 0 0 0 1 2 0 0 3 0 2 2 0 0 0 1 0 0 1 2 0 0 0 0 1 1 1 0 2 0 0 2 0 0 2 0 0 2 0 2 0 0 1
1 343 1 0 0 1 1 2 0 1 3 0 0 1 2 0 0 0 0 1 3 0 3 0 1 0 2 0 0 1 1 0 1 0 1 0 1 1 1 1 0 2 0 0 3 0 3 0 1 1 2 0 2 1 1 1 3 0 0 2 0 0 2 1 0 1 3 0 1 0 3 0 3 0 0 1 2 1 1 0 0 0 2 0 1 1 0 1 0 2 0 1 2 1 2 1 1 1 0 0 2 0 3 0 2 0 0 1 0 0 1 1 3 0 1 0 2 1 3 0 1 1 1 1 0 1 2 0 0 0 2 2 0 1 0 0 0 0 1 1 2 2 0 2 0 1 1 1 0 0 3 0 2 1 2 0 1 1 2 2 0 1 2 1 1 0 1 0 1 0 0 0 0 0 0 0 1 1 3 0 0 1 2 1 2 1 0 1 2 1 2 1 0 0 2 1 3 0 1 1 0 0 1 1 0 1 2 1 0 0 2 1 1 1 2 1 0 1 1 0 1 0 0 1 0 1 0 1 2 1 3 0 0 1 2 0 1 2 0 1 2 1 0 1 1 1 2 2 0 0 1 1 2 0 3 0 1 1 2 1 1 1 1 1 0 0 0 0 1 0 3 0 0 0 3 0 1 0 2 0 3 0 2 0 1 0 0 0 2 0 2 0 2 1 2 1 0 1 2 0 0 1 2 0 0 1 0 0 3 0 2 0 2 0 2 1 0 2 0 1 0 0 2 1 0 0 3 0 1 1 0 1 2 1 2 2 0 1 2 2 0 1 2 1 2
0 343 2 0 1 0 2 2 0 1 1 1 2 0 3 0 0 0 1 1 2 0 2 2 0 0 0 1 2 0 1 0 2 0 2 0 3 0 2 0 0 1 3 0 2 0 3 0 0 0 0 0 1 2 0 0 1 1 2 1 3 0 0 1 1 1 1 2 0 0 3 0 2 1 2 1 0 1 2 0 0 1 0 2 0 1 1 0 0 2 0 1 1 0 0 1 2 2 0 1 1 0 3 0 0 1 1 2 0 1 0 0 1 2 0 0 2 0 1 2 0 1 3 0 0 0 3 0 0 1 2 0 3 0 2 1 0 1 0 0 1 1 0 2 0 0 1 2 0 1 3 0 2 0 0 0 0 0 1 1 0 1 0 1 2 0 2 0 2 0 0 0 0 0 0 1 0 0 1 1 2 1 1 0 0 1 1 1 1 0 0 1 0 1 2 0 1 2 0 1 0 0 3 0 0 1 0 1 0 1 1 2 0 0 0 1 1 0 1 0 2 0 1 0 0 0 0 1 1 0 1 1 2 1 0 0 0 1 0 1 0 1 1 0 2 1 1 0 2 2 0 0 0 0 3 0 0 0 0 1 3 0 1 2 0 0 0 0 2 1 2 1 1 1 2 2 0 0 1 0 3 0 0 1 3 0 0 1 1 0 1 0 2 0 0 1 1 0 3 0 1 0 3 0 0 2 0 1 3 0 1 0 1 0 1 1 1 1 3 0 3 0 0 1 0 1 2 2 0 1 1 1 1 0 1 1 0 1 1 1 0 1 1 0 0
0 344 1 0 2 0 0 2 1 0 0 2 1 0 0 2 1 1 1 0 0 0 0 2 0 2 1 1 0 3 0 2 1 1 0 1 0 3 0 0 1 2 1 2 0 1 0 2 1 1 0 0 1 0 0 2 2 0 0 1 0 1 1 2 0 2 0 2 1 3 0 2 0 2 0 0 1 1 0 3 0 1 0 0 2 0 0 1 0 1 2 0 0 1 0 1 1 1 1 0 0 1 1 2 1 2 0 2 1 3 0 2 2 0 0 3 0 0 0 0 1 0 1 1 1 1 1 2 1 2 1 0 0 3 0 1 1 0 2 0 0 3 0 0 1 2 2 0 1 0 1 2 0 0 1 1 0 0 0 3 0 0 0 0 1 0 0 1 0 0 1 1 0 0 0 0 2 0 1 0 0 0 1 2 0 1 0 2 0 1 0 1 0 0 1 0 0 0 0 3 0 3 0 1 1 2 0 0 0 0 0 2 1 2 1 1 0 1 0 2 1 0 1 3 0 0 0 1 0 1 1 0 0 0 1 0 0 1 0 0 0 0 0 1 1 1 1 2 1 2 0 2 1 0 1 2 1 1 0 1 1 2 0 0 0 2 1 0 1 2 0 0 2 0 0 1 0 2 1 2 1 2 1 2 1 1 1 2 0 1 0 2 1 0 1 2 0 1 1 2 2 0 0 2 1 2 2 0 1 1 1 3 0 2 0 3 0 2 1 2 0 2 1 2 0 0 1 1 1 0 0 2 0 1 0 3 0 0 0 2 0 0 0 1 0 0
0 345 1 0 0 1 3 0 0 1 0 1 1 1 0 1 1 1 2 2 0 0 0 1 1 0 1 1 2 1 3 0 1 1 2 0 2 1 2 1 2 1 0 2 0 2 0 0 1 1 2 0 0 2 0 1 2 0 2 1 2 1 0 0 0 0 1 0 2 0 2 0 1 0 0 1 2 0 1 1 2 1 3 0 1 1 2 1 2 1 0 0 2 1 2 0 3 0 1 2 0 1 0 0 1 0 0 0 2 0 2 0 2 0 3 0 1 1 1 0 1 0 0 0 2 0 2 1 1 0 0 1 0 1 2 2 0 1 1 1 3 0 1 1 2 1 1 1 0 0 0 0 3 0 1 0 1 0 0 1 2 1 1 0 0 2 0 0 2 0 1 0 1 0 0 0 1 1 3 0 2 1 1 0 3 0 2 1 0 1 3 0 2 0 0 2 0 0 0 1 3 0 2 2 0 2 0 1 1 0 0 1 2 0 0 1 2 0 2 1 1 1 1 1 1 1 1 0 2 0 2 2 0 0 0 2 0 0 2 0 0 0 0 0 3 0 2 1 1 0 0 0 1 1 1 1 0 1 2 0 3 0 3 0 0 1 1 1 1 0 3 0 1 1 2 1 2 1 2 0 1 0 1 0 0 1 3 0 3 0 2 1 1 1 1 1 0 0 0 0 1 0 3 0 1 0 1 1 0 0 2 1 2 0 1 0 3 0 2 0 0 0 1 2 0 1 2 0 1 2 0 1 0 2 0 0 2 1 1 1 0 1 1 0 2 0 0
0 345 2 0 1 1 1 1 2 0 0 0 2 0 0 0 2 1 1 0 2 1 1 0 1 1 0 0 1 0 2 0 0 0 0 0 2 0 1 0 0 1 1 2 0 1 2 1 3 0 3 0 1 2 0 1 0 0 2 0 0 1 0 0 0 0 2 1 1 0 0 1 3 0 1 1 0 0 0 0 1 0 2 0 0 0 1 0 0 1 0 1 2 0 0 0 3 0 0 0 3 0 2 1 2 0 0 1 1 0 1 0 1 0 2 2 0 1 2 0 2 0 0 1 1 0 1 1 2 0 1 0 0 1 1 1 0 0 2 1 2 0 0 0 0 1 2 2 0 0 0 1 2 1 3 0 2 0 1 1 0 1 2 0 1 1 2 2 0 1 3 0 2 0 0 1 0 0 2 0 1 1 2 1 3 0 1 1 1 1 2 0 0 1 2 1 2 1 1 1 2 0 2 1 0 2 0 0 1 0 1 0 3 0 1 1 0 0 1 1 3 0 2 0 2 0 1 1 1 0 2 0 2 1 1 1 2 2 0 1 1 0 0 1 3 0 1 1 2 0 0 0 3 0 2 0 0 1 0 0 3 0 2 1 2 0 2 0 1 1 3 0 0 0 1 0 0 2 0 1 3 0 2 0 1 1 2 0 3 0 1 1 3 0 1 2 0 0 0 0 2 1 2 1 3 0 2 2 0 1 1 2 0 2 0 0 3 0 0 1 1 1 0 1 0 1 0 0 0 1 0 0 0 1 3 0 0 1 3 0 0 0 1 1 0 1 1
0 346 1 0 2 0 1 3 0 3 0 0 1 0 1 1 1 1 1 2 1 1 1 2 0 2 2 0 0 2 1 0 1 1 0 0 1 0 1 3 0 1 0 2 2 0 1 1 0 2 0 3 0 0 0 3 0 2 2 0 1 1 2 0 0 0 1 1 1 2 0 1 1 1 2 0 1 0 0 0 0 2 1 0 1 1 0 2 0 1 0 0 0 3 0 0 1 2 1 1 1 3 0 1 2 0 1 2 0 1 0 2 0 2 1 2 1 0 1 0 0 0 1 2 0 1 0 3 0 3 0 2 0 1 0 1 2 0 1 1 2 0 1 1 0 1 1 1 0 2 1 1 1 1 0 2 0 0 2 0 1 1 1 0 0 0 0 1 1 0 1 2 0 0 1 1 2 0 1 1 0 0 0 1 0 1 2 0 1 3 0 3 0 1 1 1 0 0 2 0 0 0 0 1 1 1 1 2 1 2 0 2 1 2 2 0 1 0 1 0 0 2 0 1 0 0 2 0 1 2 1 1 0 1 2 0 0 1 1 0 0 1 0 1 1 1 2 0 2 0 1 1 1 3 0 0 1 1 2 0 1 3 0 2 0 0 0 1 0 0 0 1 1 1 0 2 0 1 2 0 1 2 0 1 0 0 0 0 0 3 0 0 0 2 0 0 0 2 1 0 1 2 0 1 0 2 0 2 1 0 0 2 2 0 1 3 0 1 1 2 0 1 2 0 2 0 2 0 0 0 2 0 0 1 1 1 1 2 1 1 1 1 0 3 0 0 0 1
1 347 1 0 0 2 0 1 2 0 2 1 2 0 0 0 2 0 2 1 0 2 0 0 0 0 2 0 3 0 0 1 1 0 1 0 1 0 0 1 1 2 0 0 2 1 0 0 1 1 1 0 2 1 1 1 3 0 2 1 0 0 2 1 2 1 1 0 2 0 3 0 3 0 2 1 3 0 2 1 0 1 1 1 1 0 1 1 0 1 3 0 0 1 2 1 2 1 0 2 0 0 2 0 0 1 0 0 3 0 2 1 1 0 2 0 0 1 0 2 0 0 1 0 3 0 2 1 3 0 3 0 0 2 0 0 0 1 0 0 2 2 0 0 1 0 3 0 1 1 1 1 3 0 1 1 0 1 2 2 0 0 1 2 0 0 0 0 3 0 0 0 3 0 1 0 2 2 0 0 1 0 0 0 2 1 0 1 0 1 2 0 2 2 0 1 2 0 1 1 2 1 0 0 3 0 2 1 1 0 0 0 2 0 1 0 3 0 3 0 2 2 0 1 3 0 1 2 0 1 0 1 2 1 0 0 2 1 2 2 0 0 2 0 3 0 2 2 0 2 0 0 2 1 1 1 2 0 2 2 0 1 2 0 0 1 1 0 2 0 0 0 3 0 1 1 1 0 0 1 0 0 3 0 2 0 0 0 0 1 2 1 1 1 0 1 1 1 1 1 1 0 3 0 2 1 1 0 1 1 0 1 2 1 0 1 2 0 0 0 0 0 0 1 0 2 0 1 2 1 1 1 2 1 3 0 2 1 0 1 3 0 1 1 2 1 1 0 2
0 347 2 0 1 2 0 1 0 0 1 2 0 1 1 1 1 0 1 1 1 1 2 1 0 1 1 0 2 1 2 0 1 0 2 0 2 0 1 0 2 1 3 0 0 1 0 0 3 0 1 1 1 2 0 0 2 0 1 1 0 1 2 0 0 1 2 1 1 0 3 0 3 0 2 0 2 0 1 1 1 0 2 0 1 0 3 0 0 1 1 1 2 1 1 0 0 1 1 1 2 2 0 1 1 2 0 1 3 0 1 1 2 1 0 1 2 0 0 1 2 1 2 1 3 0 2 0 2 0 2 1 2 1 2 1 0 2 0 1 2 0 2 1 2 1 2 2 0 2 0 0 1 2 0 1 1 1 1 0 2 2 0 0 2 1 0 1 2 1 1 1 2 2 0 0 2 0 2 1 2 0 0 1 1 1 1 0 0 1 0 0 2 1 0 1 0 0 0 0 0 1 0 1 3 0 1 1 2 0 0 1 0 2 0 0 3 0 3 0 2 1 0 1 2 0 0 1 0 0 0 1 0 1 0 1 2 0 1 0 3 0 0 0 3 0 2 1 0 1 3 0 0 2 0 0 0 0 2 1 0 0 3 0 1 0 1 1 0 1 1 1 2 2 0 1 2 0 0 2 0 1 3 0 0 1 1 0 1 1 0 1 3 0 0 0 2 0 2 0 1 1 3 0 1 1 2 0 3 0 0 1 0 1 1 0 3 0 0 0 0 0 1 0 0 2 0 1 0 2 0 0 1 0 2 0 1 1 1 1 2 0 0 0 0 1 2 1 1
0 348 1 1 0 0 0 3 0 2 2 0 1 0 0 2 0 1 0 3 0 2 1 0 1 1 0 1 1 1 2 0 2 0 0 1 0 0 2 0 0 2 0 1 1 1 2 0 1 2 2 0 2 0 0 2 2 0 2 0 1 1 0 3 0 1 1 0 1 2 1 3 0 3 0 1 0 0 2 0 1 2 1 0 2 0 0 2 1 2 0 2 1 0 1 2 0 1 0 2 1 1 1 0 0 2 2 0 1 2 0 0 0 0 1 1 0 3 0 1 1 1 0 1 0 2 0 1 0 1 0 2 0 1 0 0 1 1 2 0 1 0 0 2 0 1 0 1 1 0 1 2 2 0 1 0 0 2 0 1 1 2 0 3 0 0 1 1 1 0 2 0 0 1 0 3 0 0 0 1 2 0 1 2 0 2 0 1 0 0 2 0 1 1 1 0 2 0 0 0 0 1 0 0 1 1 2 0 2 0 1 2 0 0 1 3 0 2 0 3 0 1 1 1 0 3 0 0 2 0 0 1 0 0 0 0 0 3 0 2 1 2 1 1 1 3 0 1 1 1 1 1 1 2 1 2 1 0 1 1 1 0 1 2 1 3 0 3 0 0 0 2 1 1 1 0 0 3 0 1 2 0 1 1 1 2 0 1 0 3 0 0 1 1 1 1 1 1 0 1 0 0 0 2 0 0 0 0 0 2 1 2 0 0 0 1 1 2 1 1 0 0 0 2 0 1 2 0 0 0 1 2 1 2 1 0 2 0 1 3 0 3 0 0 0 1 1 0 1 2
1 349 1 0 1 0 0 1 3 0 2 0 3 0 2 2 0 2 0 0 3 0 1 1 1 0 1 0 3 0 2 2 0 1 2 1 2 0 1 1 2 2 0 2 0 2 0 1 0 1 1 1 0 1 3 0 1 1 0 2 0 0 1 1 2 2 0 1 1 1 1 0 2 0 2 1 3 0 1 2 0 1 0 1 1 1 3 0 1 0 0 0 1 1 1 0 3 0 2 1 1 1 2 2 0 1 2 1 0 0 3 0 0 0 1 0 1 1 2 2 0 1 2 0 2 1 0 1 3 0 2 1 0 1 3 0 1 0 2 1 3 0 2 2 0 1 3 0 3 0 0 1 1 0 3 0 3 0 0 0 0 0 0 0 2 1 2 0 2 0 0 1 2 1 2 1 2 1 1 1 0 1 0 1 0 0 0 1 3 0 1 2 0 0 2 0 0 1 2 1 0 0 2 0 1 0 2 2 0 2 0 0 3 0 1 1 2 0 1 0 2 2 0 1 2 1 2 1 2 1 2 1 2 0 0 0 0 1 3 0 2 0 0 2 0 0 1 2 0 1 3 0 2 1 1 0 0 1 1 0 2 0 0 1 1 0 2 0 2 1 1 1 1 1 2 2 0 1 3 0 0 1 0 0 2 0 3 0 2 1 2 1 2 0 2 0 2 0 1 0 2 0 0 1 0 1 1 0 0 1 1 2 0 1 1 1 0 0 0 1 2 0 0 1 1 0 0 0 2 1 1 1 1 0 0 1 1 2 0 1 2 0 2 1 1 0 3 0 0 1 0
1 349 2 0 2 0 1 1 2 0 1 0 3 0 2 1 0 1 3 0 1 2 0 1 2 0 2 1 3 0 2 1 0 1 1 0 0 0 0 0 1 1 0 2 0 2 0 0 0 0 2 0 0 1 1 2 0 1 1 1 2 2 0 0 1 1 0 0 2 0 1 1 1 0 2 0 2 0 0 1 0 0 0 0 2 1 1 1 3 0 0 0 3 0 1 1 3 0 1 2 0 0 1 1 0 1 0 1 0 1 2 1 1 0 2 1 0 0 1 1 0 1 0 0 1 1 1 1 2 0 1 1 1 1 1 2 0 0 2 0 2 0 2 1 0 1 2 0 2 1 2 0 1 1 3 0 2 1 1 0 0 0 0 1 2 0 0 0 0 1 2 1 1 0 1 0 0 1 2 2 0 2 0 2 0 0 1 1 2 0 0 0 2 2 0 1 2 1 0 1 0 1 0 2 0 0 2 1 0 1 3 0 1 2 0 2 0 2 0 0 2 1 0 1 1 0 1 0 1 0 0 2 0 1 1 0 1 1 2 0 0 1 2 1 2 2 0 1 0 1 2 0 1 1 2 0 1 0 1 1 0 1 2 0 1 1 1 0 1 1 3 0 2 1 1 1 0 1 1 1 1 2 0 1 1 0 3 0 2 0 1 0 0 0 1 0 0 2 0 0 0 1 2 0 0 0 1 0 1 0 2 2 0 0 1 2 0 0 1 0 3 0 1 0 1 0 0 1 1 1 3 0 1 0 1 0 2 2 0 1 0 0 1 1 2 1 2 1 1 2 0
1 350 1 1 0 0 2 0 2 0 2 0 0 3 0 1 1 1 1 2 0 0 1 0 1 0 0 2 0 2 0 1 1 1 0 1 0 0 0 0 0 3 0 0 2 0 1 2 1 0 1 0 1 2 0 2 2 0 0 2 1 1 0 2 1 2 2 0 1 0 2 0 1 2 1 1 0 0 1 1 2 0 0 0 1 1 2 0 0 1 1 1 1 3 0 0 0 2 0 0 0 2 1 3 0 0 0 0 0 0 1 0 1 2 1 1 1 0 0 2 2 0 2 0 0 3 0 2 0 3 0 3 0 2 0 2 1 3 0 0 0 1 0 1 1 1 1 0 0 2 0 0 0 0 0 2 0 1 1 2 0 0 0 1 0 3 0 0 0 1 1 0 1 2 0 2 0 1 1 1 1 0 2 0 1 2 1 3 0 3 0 0 1 2 1 0 1 0 1 1 0 0 0 0 1 3 0 0 1 1 1 2 0 0 1 0 2 0 1 3 0 0 1 1 0 1 0 2 0 2 0 1 2 0 0 1 0 3 0 3 0 1 1 1 0 1 1 0 0 0 0 3 0 3 0 3 0 2 0 3 0 0 0 3 0 3 0 1 1 0 0 2 0 1 1 3 0 0 0 2 0 2 2 0 0 1 1 3 0 0 1 3 0 0 0 2 0 1 1 2 1 1 0 3 0 0 0 2 0 2 1 2 0 2 2 0 0 2 1 2 1 2 1 3 0 2 0 1 0 2 1 1 1 3 0 2 1 2 0 3 0 2 2 0 0 1 0 0 2 0 0 2
0 351 1 0 1 0 1 2 0 2 0 1 3 0 1 2 0 1 3 0 3 0 0 2 0 2 0 1 1 0 0 2 0 1 2 0 2 0 0 0 0 1 2 1 2 2 0 1 0 1 1 0 0 1 0 0 2 0 3 0 0 1 2 1 2 0 1 1 0 0 0 2 0 1 0 1 2 0 1 0 2 1 2 1 1 0 2 1 2 1 3 0 2 1 1 1 1 1 0 1 1 1 2 0 1 1 1 0 0 0 1 0 0 1 0 1 2 2 0 1 2 1 0 1 3 0 2 0 1 0 3 0 3 0 1 0 2 0 1 1 1 0 2 0 3 0 1 2 0 1 0 1 1 0 0 1 0 2 0 2 0 1 1 0 2 1 2 1 1 0 3 0 0 1 0 0 0 2 0 1 3 0 0 2 0 1 1 0 2 0 2 1 2 1 0 1 1 0 0 0 1 0 0 0 1 1 1 1 2 0 2 0 3 0 1 0 0 2 0 1 1 1 2 0 1 0 2 1 1 0 1 0 0 0 2 1 2 1 3 0 2 2 0 1 2 0 2 2 0 0 0 1 3 0 3 0 3 0 1 0 2 1 1 1 3 0 2 2 0 1 0 1 1 0 0 0 1 1 1 1 1 0 2 0 2 2 0 0 1 1 2 1 1 1 1 1 1 0 0 0 0 1 2 1 2 1 1 1 1 0 2 0 0 0 2 0 3 0 1 0 1 0 1 0 2 0 0 2 0 0 1 2 0 0 2 0 2 0 0 0 3 0 2 0 2 1 2 0 1 1 3 0 0
0 351 2 0 2 1 0 1 0 2 0 1 2 0 0 1 0 1 2 0 2 1 2 2 0 2 0 0 1 0 1 2 0 1 0 0 0 1 1 0 1 1 1 0 1 1 0 0 0 0 1 0 0 2 0 1 1 0 2 1 2 1 0 2 0 2 0 1 0 0 1 2 0 0 0 0 3 0 2 1 2 0 0 1 2 1 2 0 1 0 2 0 1 1 3 0 2 0 0 0 2 0 3 0 3 0 1 0 0 0 2 0 1 0 0 1 1 1 0 1 0 1 1 1 2 0 0 2 0 0 3 0 2 2 0 0 0 2 0 1 2 1 1 0 3 0 0 1 0 0 0 0 1 0 1 0 0 2 0 2 0 0 1 1 2 0 0 1 2 1 2 1 1 2 0 0 1 2 0 1 1 1 2 2 0 0 1 1 1 0 2 0 0 1 1 0 1 0 0 0 2 0 0 0 3 0 2 1 0 0 1 0 2 1 3 0 1 2 0 0 2 0 3 0 2 1 1 1 2 0 2 0 0 1 2 0 1 0 2 0 2 1 0 1 0 0 2 0 2 1 1 1 2 0 3 0 2 2 0 0 1 2 0 0 2 0 2 1 0 0 0 0 1 0 0 0 3 0 2 0 1 1 1 0 2 0 2 2 0 0 0 1 3 0 2 0 1 0 0 0 1 1 1 0 0 1 3 0 1 1 0 1 1 1 1 0 2 1 3 0 2 0 2 1 0 1 2 1 2 2 0 0 3 0 0 0 0 1 1 1 3 0 1 0 2 0 0 0 0 0 1 1 1
0 352 1 1 0 1 1 1 0 0 2 0 0 3 0 1 0 0 1 0 0 2 0 1 1 0 1 2 1 2 1 0 0 3 0 2 1 1 0 1 0 3 0 1 0 2 2 0 0 0 0 2 0 1 2 0 0 1 1 2 0 0 1 1 2 0 1 3 0 2 2 0 0 2 1 0 1 3 0 1 2 0 1 2 1 0 2 0 2 0 0 1 0 0 0 2 0 0 1 1 1 1 0 3 0 2 1 3 0 0 1 0 1 3 0 1 0 2 0 0 0 0 0 2 0 3 0 1 1 3 0 2 0 2 0 2 1 1 2 0 1 0 1 2 1 2 1 1 2 0 0 0 0 2 0 2 0 1 2 0 1 2 1 3 0 3 0 1 1 1 0 0 2 0 0 2 2 0 1 0 0 2 1 1 0 2 1 3 0 1 1 0 1 2 0 1 0 2 0 0 1 0 1 1 1 3 0 1 1 0 0 2 1 2 0 2 0 0 0 3 0 0 0 3 0 1 2 0 0 0 0 0 1 2 0 3 0 2 1 1 0 1 1 0 2 0 1 1 0 1 2 0 0 0 0 3 0 2 0 2 2 0 0 3 0 0 0 1 1 0 0 0 0 2 0 0 1 3 0 0 2 0 1 2 1 1 0 2 0 2 1 1 1 2 0 0 1 3 0 0 0 3 0 1 0 1 1 1 2 0 1 1 0 2 0 1 1 2 0 2 0 1 0 1 1 1 1 1 0 1 0 3 0 1 1 1 0 1 0 2 1 1 2 0 0 0 1 1 0 0 0 3 0 1
1 353 1 0 1 0 3 0 1 0 1 1 3 0 1 1 3 0 0 2 0 1 0 2 0 1 1 1 1 0 0 1 0 1 3 0 1 1 2 0 2 1 2 2 0 0 2 0 2 1 0 1 1 0 0 0 2 1 3 0 3 0 1 0 2 2 0 1 2 0 2 0 3 0 0 1 1 1 2 0 0 1 0 1 0 1 1 2 0 1 2 1 2 0 0 1 0 1 2 0 2 0 1 1 3 0 2 0 1 1 2 0 0 1 1 2 0 0 0 1 1 0 0 1 1 0 3 0 0 0 2 0 1 0 1 0 1 2 0 1 0 0 0 1 1 0 0 2 0 0 2 1 0 1 1 0 1 0 0 1 0 1 1 0 2 0 2 2 0 1 2 0 1 1 3 0 1 0 3 0 3 0 0 1 2 1 2 0 1 2 0 1 1 0 3 0 2 1 0 1 2 0 0 0 2 1 1 2 0 1 0 1 2 0 0 0 0 1 1 1 2 1 1 1 3 0 0 0 2 1 0 0 1 1 0 0 3 0 1 1 2 0 3 0 0 2 0 0 1 1 0 0 2 1 0 1 3 0 1 0 2 0 3 0 1 1 1 0 2 2 0 0 0 1 0 1 2 1 1 1 2 2 0 1 0 1 2 1 1 0 1 1 3 0 3 0 1 1 1 1 1 1 2 1 3 0 3 0 2 2 0 0 1 1 1 0 0 0 0 0 0 1 3 0 3 0 2 0 1 0 2 1 2 2 0 1 2 0 2 1 1 2 0 0 2 1 1 0 1 0 0 1 2 2 0
1 353 2 0 2 1 2 2 0 0 0 0 2 0 0 0 1 1 2 2 0 0 0 2 0 0 2 0 1 0 1 0 0 1 2 0 0 0 0 0 2 0 1 0 3 0 0 0 1 1 1 0 1 0 0 1 2 0 2 0 2 2 0 0 2 1 0 1 0 0 1 0 2 1 2 0 2 0 3 0 1 0 0 0 0 0 2 2 0 1 0 2 0 1 2 0 0 1 0 0 1 0 0 0 2 0 0 2 0 2 0 1 2 0 2 1 2 1 1 0 1 0 1 0 1 1 2 1 1 1 0 1 3 0 2 1 0 0 3 0 2 1 1 0 1 0 1 1 3 0 0 1 1 0 1 0 2 0 1 0 0 0 1 1 1 0 2 1 0 1 0 0 0 0 1 2 0 0 3 0 2 1 2 1 1 0 0 0 0 1 0 0 1 1 3 0 1 1 1 0 3 0 0 1 1 2 0 1 0 0 0 0 3 0 0 0 1 0 2 1 0 2 0 0 1 1 1 1 1 1 0 0 2 2 0 1 3 0 0 0 0 0 2 1 2 1 2 1 2 2 0 1 1 1 1 1 1 2 0 0 1 0 2 2 0 1 2 1 2 0 2 1 1 0 0 1 0 2 0 0 1 1 0 0 0 1 0 1 2 1 0 0 2 0 2 2 0 1 3 0 2 1 1 0 2 0 3 0 2 0 2 1 3 0 1 0 0 0 0 0 1 1 2 0 3 0 0 2 0 0 2 0 1 1 0 1 0 0 1 2 0 0 3 0 0 1 2 0 2 0 1 1 1 0 2
0 354 1 1 0 2 0 1 0 2 1 0 1 0 1 1 1 0 0 1 0 2 1 1 1 2 2 0 1 3 0 2 0 1 0 3 0 0 0 0 1 0 2 0 0 2 1 1 0 3 0 1 0 2 0 1 1 0 0 1 0 2 0 3 0 0 1 0 2 0 0 2 1 2 0 0 0 1 0 2 1 3 0 0 0 0 1 2 1 0 0 0 2 0 0 3 0 0 2 0 0 2 0 0 1 0 1 2 2 0 2 0 1 0 0 2 0 0 1 2 0 2 0 2 1 0 0 0 1 3 0 0 1 2 0 1 1 0 1 3 0 1 1 2 0 2 1 0 0 1 1 2 0 1 0 2 1 0 1 3 0 0 0 3 0 1 1 1 1 0 2 0 0 0 1 0 0 3 0 2 0 2 0 0 1 2 0 0 0 0 2 0 1 0 0 1 2 0 1 2 1 2 1 2 0 2 1 3 0 2 1 0 1 2 1 1 0 2 1 1 1 1 1 2 1 3 0 2 0 1 2 0 1 2 1 0 1 1 1 1 0 0 1 2 0 1 0 1 0 1 1 0 0 2 0 2 0 2 1 2 1 2 1 2 1 0 1 1 0 0 0 1 1 2 0 1 0 0 1 2 1 2 2 0 0 1 0 0 1 0 1 0 1 1 0 2 1 0 1 2 0 1 1 2 1 1 0 3 0 1 0 2 0 1 1 3 0 0 0 0 1 0 0 0 0 2 1 2 1 2 2 0 2 0 1 0 2 0 1 0 0 3 0 1 1 2 1 0 0 0 2 0 1 2 1 1
0 355 1 0 1 1 0 2 0 0 1 1 1 0 0 0 1 2 0 0 2 1 1 2 0 0 1 1 0 1 2 0 0 2 0 0 2 1 1 0 1 0 0 1 3 0 0 1 2 1 2 2 0 0 0 2 0 1 0 0 2 1 1 0 2 1 2 0 0 1 3 0 0 2 0 1 1 0 2 1 2 0 1 1 1 0 1 1 0 1 0 0 1 1 3 0 1 1 2 1 2 2 0 1 2 0 0 1 1 1 0 1 3 0 2 2 0 1 2 1 0 0 1 0 1 1 0 0 1 1 1 1 2 0 3 0 3 0 0 1 2 0 0 0 0 0 1 1 0 0 3 0 3 0 2 1 1 1 1 1 1 1 1 1 2 2 0 1 3 0 0 1 2 1 0 2 0 1 3 0 1 0 0 1 2 0 3 0 0 0 1 1 3 0 2 2 0 1 0 1 1 0 1 0 0 0 2 0 2 0 1 1 1 1 0 1 2 1 1 1 3 0 2 1 1 0 2 0 1 0 0 1 0 1 0 1 1 0 2 0 1 0 1 0 3 0 2 0 2 0 2 2 0 1 1 0 1 0 2 0 1 0 1 0 0 1 1 0 1 0 0 0 3 0 3 0 2 0 1 1 1 0 1 0 2 1 2 0 1 0 0 0 0 0 1 1 1 1 1 1 0 0 0 0 0 1 2 1 2 2 0 0 1 0 0 0 1 1 1 0 0 2 0 0 0 1 2 0 1 0 1 1 0 2 0 0 0 1 3 0 3 0 2 0 0 0 0 1 0 0 1 2 0 1 0 1 2
1 355 2 0 3 0 0 1 2 1 3 0 1 0 0 1 0 0 3 0 0 2 0 0 2 1 3 0 0 0 3 0 1 1 3 0 0 1 2 0 2 0 1 1 1 1 2 1 1 0 1 0 2 1 1 1 3 0 3 0 0 1 2 1 1 2 0 1 2 1 1 1 2 2 0 0 1 1 1 2 0 2 0 1 2 0 2 2 0 2 0 1 0 0 2 0 0 0 1 0 1 1 0 0 3 0 1 0 2 0 0 1 2 0 2 1 0 1 0 1 0 0 2 0 2 2 0 0 3 0 2 1 0 0 3 0 2 1 2 0 3 0 0 0 0 0 2 2 0 1 3 0 3 0 1 1 3 0 2 0 2 0 2 1 1 1 0 1 1 1 2 1 0 1 1 2 0 1 1 1 3 0 1 1 0 0 2 1 1 1 0 0 2 0 2 1 0 0 0 0 1 0 2 0 0 1 1 0 0 2 0 1 3 0 0 1 0 2 0 0 2 0 1 1 2 1 0 1 3 0 1 0 0 0 0 0 1 1 0 1 3 0 2 1 3 0 1 0 1 0 2 1 0 0 1 0 2 1 0 1 3 0 2 0 1 0 1 0 2 0 0 1 3 0 3 0 0 2 0 1 2 0 2 1 1 2 0 1 3 0 0 0 0 0 3 0 2 0 1 2 0 0 0 0 1 1 1 0 1 0 2 1 2 0 0 0 3 0 1 0 1 1 2 1 1 0 3 0 2 0 3 0 0 1 2 1 1 1 2 0 3 0 0 1 1 0 0 2 0 1 0 1 0 0 0 1 0
1 356 1 1 0 2 1 2 1 1 0 1 1 3 0 0 2 0 1 2 1 2 1 3 0 1 0 1 1 1 1 3 0 0 0 1 1 2 1 0 0 0 2 0 2 0 0 0 1 2 0 2 1 1 2 0 0 2 0 2 1 2 1 0 2 0 1 0 1 0 2 0 0 1 0 2 1 3 0 2 2 0 2 0 1 0 0 2 1 0 1 3 0 2 2 0 1 1 0 2 0 2 2 0 1 2 2 0 0 0 1 2 1 0 0 1 1 0 2 0 2 0 1 1 0 2 0 3 0 2 0 1 1 0 1 3 0 2 0 0 0 2 1 1 0 0 1 2 1 0 1 2 0 3 0 0 0 2 0 1 0 1 0 1 1 3 0 0 0 2 1 0 1 1 0 2 2 0 0 2 1 1 2 0 1 0 1 1 1 2 2 0 1 1 0 1 1 0 0 0 0 2 1 0 1 2 0 1 0 1 2 0 1 1 1 2 0 0 1 3 0 0 0 0 0 0 1 1 1 1 1 3 0 0 0 0 0 3 0 0 1 2 0 2 0 1 1 3 0 2 1 1 1 0 0 2 1 1 1 1 1 2 0 0 1 3 0 2 1 0 1 2 1 2 0 2 1 2 2 0 1 0 0 1 2 0 1 0 1 1 1 1 0 0 1 3 0 1 0 0 0 2 1 0 0 3 0 1 0 2 1 1 2 0 1 1 1 2 2 0 0 0 0 0 1 2 1 3 0 1 0 2 1 2 1 0 2 0 0 0 0 2 1 2 0 1 0 1 1 3 0 3 0 2 1 0 2 0
0 357 1 0 1 1 2 0 0 1 2 1 0 0 1 1 2 2 0 1 1 0 1 0 1 1 3 0 3 0 2 1 1 1 1 1 0 0 0 1 0 0 1 2 0 1 2 1 1 1 0 0 1 2 0 0 3 0 0 0 2 0 0 1 1 2 0 0 0 0 0 1 2 1 2 1 2 0 2 0 2 1 0 1 3 0 3 0 0 1 1 1 2 0 2 1 0 0 1 1 1 0 2 1 0 1 1 0 2 1 1 1 0 1 0 0 3 0 0 2 0 2 0 0 1 1 1 0 3 0 0 2 0 1 1 1 2 0 0 1 1 1 1 1 2 0 1 1 0 1 1 1 0 0 2 1 1 1 0 1 3 0 2 1 0 0 1 1 1 1 1 1 1 0 1 1 2 0 3 0 0 2 0 1 0 0 0 0 2 1 1 1 0 0 1 0 2 2 0 0 0 1 1 1 1 0 3 0 2 1 0 1 0 0 2 0 3 0 1 1 1 1 1 0 0 0 1 0 2 0 2 1 1 1 1 0 0 1 2 1 2 1 0 0 1 0 0 0 2 0 1 1 2 2 0 1 1 1 3 0 2 0 3 0 1 1 2 0 1 1 1 1 1 0 0 0 2 0 1 0 3 0 2 2 0 1 0 0 0 0 2 0 1 0 1 1 1 1 3 0 0 1 1 1 0 1 2 2 0 0 1 2 0 1 0 0 2 1 1 0 2 1 0 0 1 1 1 0 1 2 0 0 2 0 0 1 1 1 2 1 0 1 1 2 0 2 0 0 0 0 2 0 3 0 1 1 1 1 2
1 357 2 0 3 0 3 0 1 1 0 1 0 1 0 0 1 1 0 0 1 0 2 1 0 0 2 0 3 0 1 1 3 0 1 2 0 0 0 2 0 1 0 1 0 1 0 1 2 2 0 1 0 0 3 0 1 1 1 1 0 1 2 0 2 1 2 1 0 0 1 1 1 0 1 0 0 0 1 0 1 1 1 1 2 0 2 1 2 0 2 1 0 0 1 1 0 0 3 0 1 1 1 1 1 0 1 1 1 1 2 2 0 2 0 1 2 1 2 2 0 1 2 1 3 0 1 1 2 1 2 2 0 0 2 0 3 0 1 0 2 0 2 0 3 0 3 0 0 0 1 2 0 1 1 1 3 0 0 1 2 0 1 1 0 0 3 0 2 0 2 0 1 1 0 0 0 0 2 1 2 1 3 0 2 1 0 1 1 1 2 2 0 0 2 1 2 0 2 1 1 0 2 0 1 1 3 0 1 1 0 2 0 1 1 0 2 2 0 1 3 0 1 0 0 0 2 1 1 0 1 1 3 0 1 0 1 1 1 0 0 1 0 0 2 0 0 1 1 0 0 0 1 1 0 0 2 1 2 0 1 0 2 2 0 2 0 2 0 1 3 0 1 0 0 1 0 2 0 0 3 0 2 0 3 0 2 1 0 1 0 1 3 0 3 0 2 1 1 1 2 0 2 0 0 1 1 0 2 2 0 0 3 0 3 0 0 1 2 1 1 1 0 0 3 0 1 1 0 0 2 2 0 1 2 0 2 1 0 1 1 0 2 2 0 1 2 1 0 1 1 0 2 2 0 2 0 0 0
1 358 1 1 0 3 0 2 2 0 1 0 2 0 2 0 0 2 2 0 0 2 1 1 1 0 1 1 0 3 0 0 0 2 0 0 0 2 1 1 2 0 0 0 0 0 0 0 1 1 0 3 0 3 0 1 2 0 1 3 0 0 1 0 0 2 0 0 1 0 0 3 0 1 0 2 0 0 0 2 0 3 0 2 1 0 0 2 0 0 0 1 1 0 0 2 2 0 1 2 2 0 1 3 0 1 0 3 0 2 1 1 1 0 2 0 1 1 0 1 1 0 1 1 0 2 0 0 0 1 0 1 0 3 0 0 0 2 2 0 0 1 0 1 0 3 0 2 1 1 1 0 1 0 0 2 1 1 1 2 0 3 0 2 2 0 1 3 0 1 0 0 2 0 1 0 0 0 1 2 0 1 0 2 0 1 1 1 0 2 1 1 0 3 0 1 0 0 0 1 1 2 1 1 0 0 0 1 2 0 1 1 2 0 0 1 1 2 1 0 1 1 1 3 0 0 1 1 1 2 1 0 0 1 1 3 0 3 0 1 0 0 2 0 1 0 1 2 0 1 0 0 0 2 2 0 1 1 2 0 2 0 0 2 1 0 2 0 2 0 1 1 1 3 0 1 0 0 1 3 0 2 0 1 0 3 0 1 1 1 0 0 1 2 0 3 0 1 2 0 0 0 0 0 1 2 0 1 1 2 0 3 0 2 0 2 1 2 1 0 1 2 2 0 1 2 2 0 1 0 1 2 1 0 1 0 0 1 1 1 0 1 1 2 1 0 1 0 1 1 0 1 1 2 1 0 1 2 1 0
1 359 1 0 1 1 3 0 2 1 0 0 0 2 0 1 3 0 1 0 3 0 0 1 3 0 0 0 1 1 2 1 1 1 0 1 1 1 1 2 0 0 2 1 0 0 0 0 1 0 1 1 3 0 3 0 0 1 0 1 1 1 1 2 0 1 0 1 1 2 0 1 2 2 0 0 0 1 1 1 1 0 3 0 1 1 0 1 0 1 1 0 2 2 0 1 2 1 0 1 1 1 0 1 1 2 0 0 3 0 1 1 3 0 0 2 0 0 1 0 3 0 0 0 1 1 0 1 1 0 2 0 2 1 2 1 1 1 2 0 2 1 2 0 2 1 3 0 1 1 2 2 0 2 0 1 1 2 0 0 0 0 3 0 2 1 0 1 1 1 3 0 1 1 3 0 2 1 1 0 3 0 2 1 0 2 0 1 2 1 1 1 2 1 2 1 3 0 0 1 0 0 0 1 2 0 0 1 0 1 0 0 2 1 2 2 0 0 0 1 1 0 2 1 1 1 2 0 2 1 0 1 0 1 0 0 2 0 2 1 3 0 1 2 0 0 0 0 3 0 2 0 0 1 2 1 0 0 2 2 0 1 3 0 0 1 1 2 0 2 0 0 2 1 1 1 3 0 1 1 2 0 0 2 0 0 2 2 0 1 2 0 1 1 0 0 3 0 0 0 2 1 0 0 1 1 0 0 0 0 0 0 3 0 1 0 2 0 0 1 1 1 1 1 0 1 1 1 0 0 0 1 0 1 0 2 0 0 3 0 1 1 0 0 0 1 1 0 0 0 1 1 0 0 0 1 1 1 0 1 0
1 359 2 1 0 0 2 0 1 1 0 0 1 2 0 1 1 2 0 0 2 1 2 1 1 1 1 1 0 0 0 1 3 0 0 0 2 0 2 1 3 0 0 1 0 0 0 0 2 1 0 0 2 0 2 1 2 0 0 0 2 0 2 2 0 0 0 0 2 2 0 1 1 0 2 1 1 0 2 0 1 1 2 2 0 1 1 0 0 0 1 1 2 1 0 1 0 1 1 0 2 0 0 0 2 1 3 0 2 0 0 0 1 1 2 1 2 1 2 1 2 1 1 0 3 0 0 0 1 1 1 0 2 0 0 2 0 0 0 0 2 0 0 0 2 0 2 0 0 0 1 1 0 2 0 0 2 1 2 1 0 1 3 0 1 1 1 0 2 1 2 0 0 0 2 0 1 1 2 1 3 0 1 1 1 2 0 1 0 2 0 0 1 0 1 0 1 1 1 2 0 0 1 0 3 0 0 2 0 2 0 1 2 0 1 0 2 1 1 0 1 1 1 2 0 0 0 0 1 1 0 2 0 2 0 1 1 0 2 0 2 0 0 0 2 1 0 1 3 0 0 1 2 1 0 1 0 1 2 1 0 1 1 1 2 0 2 2 0 1 3 0 0 2 0 0 1 2 0 2 0 1 2 1 3 0 1 1 0 0 3 0 2 2 0 1 2 1 1 1 1 1 0 0 2 2 0 0 0 0 0 1 2 2 0 0 0 1 2 0 2 0 2 0 0 0 1 2 0 0 1 0 0 0 0 1 3 0 1 2 0 1 0 0 1 0 1 0 0 0 2 2 0 0 1 0 1 2 0 2 0
0 360 1 1 1 0 1 0 2 0 1 0 1 0 1 0 0 2 1 3 0 1 0 0 1 3 0 1 2 0 0 1 1 1 1 1 1 1 0 2 0 1 1 1 2 0 0 0 1 1 1 0 1 1 0 1 2 0 1 1 1 1 0 2 0 2 1 0 1 2 1 0 0 1 1 1 1 2 1 1 0 0 0 1 1 0 0 1 0 0 1 0 0 0 1 1 0 0 0 1 1 0 1 1 1 2 0 2 0 0 1 1 1 0 0 1 0 1 0 1 0 0 1 2 1 2 1 1 0 3 0 1 1 0 1 2 1 2 1 0 1 0 1 1 1 1 0 0 1 1 0 3 0 0 1 3 0 1 0 0 1 1 1 1 2 0 1 2 1 1 2 0 1 1 1 1 0 0 0 1 0 1 2 0 2 0 1 0 0 0 1 2 1 2 0 2 0 3 0 2 1 2 1 2 1 2 1 2 2 0 2 0 0 3 0 2 1 1 1 2 0 3 0 2 1 2 1 0 0 3 0 0 2 0 2 0 0 1 1 1 0 0 1 1 1 1 1 1 1 1 1 2 1 0 1 1 0 0 1 0 1 1 0 2 1 0 0 2 1 0 1 1 1 2 1 2 2 0 1 0 2 0 1 1 0 1 2 0 1 0 1 3 0 2 1 0 1 0 1 3 0 1 2 0 1 2 0 2 1 0 0 1 1 1 0 2 1 1 1 0 0 1 0 0 1 1 1 0 0 2 1 2 0 0 0 1 1 2 0 0 0 3 0 2 1 2 0 2 0 0 1 2 0 2 1 2 1 0 1 0 1 2
1 361 1 0 2 0 0 0 0 1 3 0 3 0 3 0 3 0 1 0 1 1 3 0 1 1 2 0 0 0 2 1 3 0 2 0 2 0 1 1 0 2 0 2 0 0 2 1 1 0 2 0 0 0 1 1 0 1 0 0 2 0 1 1 1 0 1 1 1 1 0 1 0 0 3 0 2 1 0 1 2 0 0 0 2 2 0 0 2 0 0 2 0 0 1 0 1 0 0 0 3 0 0 0 2 1 0 0 0 1 2 0 1 2 0 0 2 0 2 0 2 0 1 1 1 0 0 1 2 1 2 2 0 1 1 1 1 0 0 1 1 0 0 0 2 0 1 0 1 0 1 1 2 1 2 1 1 1 3 0 1 0 2 0 2 2 0 1 0 2 0 1 0 0 2 0 1 0 0 0 2 1 0 1 0 1 3 0 2 1 1 1 1 0 0 0 1 0 3 0 2 0 1 0 1 0 1 0 1 1 0 1 3 0 2 0 1 2 0 0 0 0 3 0 2 0 0 1 0 1 2 1 2 2 0 1 2 1 3 0 1 0 1 0 2 0 2 0 2 0 2 1 0 1 1 0 1 0 1 0 0 0 1 1 1 1 0 1 1 1 1 0 2 1 1 0 1 1 0 0 0 2 0 0 1 1 0 1 0 0 0 1 2 0 1 1 1 0 0 1 2 0 0 1 0 1 0 0 1 1 0 0 3 0 1 1 1 1 2 2 0 0 2 0 1 0 1 2 0 1 1 2 0 1 1 0 3 0 3 0 0 1 3 0 2 0 0 0 0 1 2 1 0 0 2 0 0 1 1 0 0 1 0
1 361 2 1 0 1 1 0 1 1 2 0 3 0 3 0 2 2 0 0 0 0 1 2 0 2 0 1 1 1 2 0 2 0 1 0 0 2 0 1 1 2 0 1 3 0 0 1 2 1 0 1 1 0 2 2 0 2 0 1 0 2 0 1 2 0 3 0 1 2 0 2 0 1 3 0 1 1 1 0 3 0 0 1 2 0 2 2 0 1 2 1 2 1 2 0 2 0 0 1 2 1 1 1 1 1 0 0 1 1 0 0 0 0 3 0 0 0 1 0 0 2 0 1 2 0 1 1 1 0 1 1 0 0 2 0 1 0 1 0 1 0 0 1 0 1 3 0 2 1 0 0 1 0 0 2 0 0 1 2 0 0 1 0 2 1 0 0 0 1 3 0 2 2 0 1 3 0 0 1 1 1 1 0 0 1 2 0 1 1 3 0 1 0 0 0 2 1 3 0 0 1 3 0 2 0 2 0 3 0 0 1 2 0 1 0 0 0 2 1 0 1 3 0 0 1 2 0 0 1 1 0 1 1 0 1 1 0 1 1 3 0 2 1 1 0 1 0 1 0 1 1 1 0 1 0 2 0 2 0 0 0 3 0 2 0 0 0 2 0 1 1 1 1 2 0 2 2 0 0 1 1 2 1 2 2 0 2 0 0 1 0 3 0 3 0 1 0 1 0 3 0 0 2 0 2 0 0 2 2 0 1 2 2 0 2 0 0 1 0 2 2 0 2 0 0 0 1 0 0 2 2 0 0 1 1 3 0 2 1 2 1 2 0 0 1 1 0 1 1 0 1 0 1 0 1 2 0 1 0 0 2 0
1 362 1 1 1 1 0 1 1 0 0 0 0 3 0 3 0 2 0 2 1 0 1 0 1 0 2 0 0 2 1 0 0 0 1 3 0 1 2 0 0 2 2 0 1 1 1 2 1 0 1 1 0 1 1 2 1 0 2 0 0 0 2 0 1 0 0 3 0 0 1 0 2 0 1 1 2 0 1 2 1 2 1 2 1 0 0 2 1 0 1 1 0 1 0 0 0 0 1 2 1 0 1 3 0 1 2 0 0 2 2 0 0 0 1 2 1 1 0 2 0 1 2 0 0 3 0 3 0 1 0 2 2 0 1 0 1 3 0 2 0 2 0 1 0 0 1 2 0 1 1 0 0 2 0 1 1 2 2 0 0 2 1 2 1 1 1 0 0 1 1 2 0 2 1 0 1 1 1 2 0 2 0 1 0 1 1 0 0 0 0 1 1 3 0 0 1 2 0 1 1 2 1 2 0 1 0 1 0 2 1 2 0 3 0 2 0 0 1 1 1 1 1 1 1 2 0 3 0 1 0 1 0 3 0 0 0 1 1 0 0 2 0 1 1 2 0 2 0 2 0 3 0 1 0 2 1 1 0 0 1 1 1 3 0 0 1 1 1 0 2 0 2 0 0 0 0 2 0 2 2 0 0 1 0 1 1 0 1 2 1 2 1 3 0 2 1 3 0 2 1 2 1 2 2 0 1 3 0 1 1 0 1 1 1 0 1 2 1 2 1 2 1 0 1 2 1 0 2 0 1 2 0 2 2 0 0 2 0 2 0 0 2 0 1 2 0 1 0 3 0 0 0 0 0 0 0 3 0 2 0 1 1 2
0 363 1 0 2 0 1 0 2 2 0 0 0 1 3 0 3 0 1 0 1 1 1 0 0 0 0 1 3 0 0 1 0 0 1 1 2 0 0 0 3 0 1 1 0 0 2 1 0 1 1 0 1 1 0 0 0 1 1 1 2 1 1 1 3 0 3 0 1 1 2 0 0 2 0 0 2 2 0 1 1 0 1 0 0 1 0 1 1 1 1 0 1 0 2 0 0 0 1 1 0 1 1 1 2 0 0 0 3 0 1 0 2 1 1 1 0 1 2 1 1 0 0 0 3 0 2 0 2 2 0 0 2 1 0 0 0 1 2 0 1 0 0 1 3 0 1 0 3 0 2 2 0 1 1 0 0 0 1 0 3 0 1 0 0 1 2 2 0 1 0 0 0 0 1 1 1 0 2 1 0 0 0 1 3 0 2 2 0 0 0 1 0 0 1 1 2 1 0 0 0 0 0 2 0 1 3 0 2 1 2 0 0 0 3 0 0 1 2 0 2 0 2 0 2 1 0 0 2 1 3 0 2 1 2 1 1 0 2 2 0 1 1 0 0 0 0 0 1 0 1 0 2 2 0 0 1 1 2 0 1 0 2 1 1 1 2 0 2 0 0 2 0 1 2 1 0 1 1 0 2 0 2 1 2 0 3 0 0 1 1 0 1 0 2 0 2 0 2 0 2 0 1 0 1 1 0 1 1 2 0 1 1 0 2 0 0 1 1 0 1 0 0 1 1 1 0 1 1 2 0 1 0 0 2 0 3 0 0 0 0 1 2 2 0 0 3 0 2 1 2 1 1 0 0 0 0 1 3 0 1 0 0 0 0
0 363 2 1 0 2 0 0 2 0 2 1 1 1 2 0 2 1 3 0 3 0 1 0 0 0 1 1 1 1 1 2 0 0 3 0 3 0 0 1 2 2 0 1 0 1 1 1 1 0 1 0 2 2 0 0 1 0 2 1 0 2 0 0 2 0 2 2 0 2 0 1 2 1 3 0 1 1 0 0 1 0 2 0 1 0 0 0 2 0 1 0 2 1 0 1 1 0 3 0 0 0 2 0 3 0 0 1 2 2 0 0 1 1 3 0 0 1 0 1 2 0 0 1 3 0 1 0 2 0 3 0 0 1 0 0 1 0 3 0 2 0 1 1 1 2 0 0 3 0 2 1 0 0 1 0 0 0 2 1 2 1 3 0 1 1 1 0 3 0 2 1 0 0 3 0 1 1 1 1 0 0 1 1 2 0 2 0 2 1 0 2 0 1 0 0 0 1 0 0 0 0 1 2 0 1 2 0 1 2 0 1 1 1 2 1 2 1 0 0 1 0 1 0 1 1 0 1 2 0 2 0 2 0 0 1 2 1 2 1 0 0 1 0 0 0 0 0 2 0 2 1 2 0 2 1 3 0 3 0 2 1 1 2 0 0 0 0 0 1 2 2 0 1 0 1 1 0 1 1 1 0 2 0 0 0 2 1 2 0 1 0 2 1 1 0 1 0 1 0 0 1 3 0 3 0 0 0 2 2 0 0 1 1 0 1 2 0 1 0 2 0 1 0 2 0 0 0 2 1 3 0 3 0 0 0 2 1 1 0 1 1 1 0 3 0 2 0 2 0 0 1 2 0 0 0 1 1 1 1 3 0 0 0 0
0 364 1 1 1 1 1 3 0 0 0 1 2 0 0 0 0 2 0 2 0 2 1 3 0 0 0 3 0 2 0 2 1 3 0 2 0 2 1 2 1 1 1 0 0 0 0 2 0 1 0 2 1 2 0 2 1 2 1 1 1 1 1 3 0 0 0 2 1 0 2 0 1 1 0 1 2 0 1 0 0 2 1 0 1 3 0 0 1 0 2 0 0 1 1 1 0 1 1 2 1 1 1 1 0 2 1 2 1 1 0 2 2 0 0 1 1 2 0 0 0 3 0 1 1 1 2 0 0 1 0 2 1 1 2 0 0 2 1 3 0 0 2 0 2 0 0 3 0 2 0 1 1 0 0 2 0 0 1 2 0 1 0 1 2 0 1 2 1 3 0 1 1 0 1 2 2 0 1 2 2 0 1 0 0 0 0 1 0 1 1 1 1 3 0 2 1 0 2 0 0 0 1 0 1 0 1 0 0 0 1 0 0 2 1 1 0 0 1 0 0 2 0 2 0 3 0 0 1 0 0 1 0 0 1 2 1 1 0 0 1 0 0 2 0 0 0 0 1 1 0 2 0 0 0 2 0 2 0 3 0 1 2 0 0 2 1 0 0 1 1 1 1 0 0 0 0 1 0 3 0 1 1 0 1 1 1 1 2 0 2 0 0 1 1 2 0 2 0 2 0 1 1 2 0 2 1 1 1 2 0 2 1 3 0 0 0 3 0 2 1 0 2 0 0 0 1 1 1 2 0 2 0 2 1 1 1 1 1 2 0 3 0 1 1 3 0 1 0 0 1 2 0 3 0 0 0 3 0 2 1 1 1 1 0 0
0 365 1 0 2 0 2 1 1 1 1 1 0 0 2 1 0 1 1 0 1 0 2 0 1 1 1 1 3 0 1 0 2 0 2 0 1 0 2 0 0 1 2 2 0 0 0 1 0 2 0 0 2 0 0 0 2 0 0 1 3 0 2 1 1 1 1 1 1 1 1 2 0 0 1 1 0 0 3 0 3 0 0 1 1 1 1 1 2 0 0 1 2 1 3 0 1 1 0 0 0 1 3 0 1 1 2 0 0 1 2 1 2 0 2 1 3 0 3 0 0 1 2 2 0 2 0 0 2 1 2 1 1 2 0 0 3 0 1 0 1 1 2 2 0 1 3 0 2 0 0 2 0 1 0 1 0 1 2 0 3 0 2 1 0 1 0 1 1 0 1 2 0 1 1 1 1 1 0 1 1 0 3 0 2 1 0 0 2 0 3 0 2 1 2 0 1 1 1 1 2 1 0 2 0 2 0 2 0 0 0 2 0 1 1 1 2 0 0 2 0 1 1 0 1 0 2 1 1 2 0 0 2 0 1 1 0 1 2 0 0 2 0 1 0 1 1 0 1 0 1 1 0 1 1 1 1 0 1 0 3 0 0 0 3 0 0 1 0 0 3 0 1 2 0 0 0 0 2 1 2 2 0 1 1 0 2 0 2 2 0 1 2 2 0 0 0 0 1 0 1 0 0 0 0 0 1 2 0 0 0 0 2 0 1 1 1 1 3 0 1 1 1 1 2 1 1 0 2 1 0 0 1 0 1 1 3 0 2 1 0 0 3 0 0 0 1 1 3 0 1 1 0 0 2 1 1 1 3 0 1 1 3 0 1 0 0
0 365 2 1 1 0 1 1 3 0 1 2 0 1 1 1 1 0 1 0 2 1 0 2 0 2 0 0 1 2 0 0 1 0 0 2 0 0 0 1 2 1 1 0 2 1 1 0 0 1 2 2 0 1 1 1 0 1 2 1 2 0 1 1 3 0 2 0 2 0 2 1 2 1 2 2 0 1 3 0 2 1 2 0 2 0 2 0 3 0 1 1 1 0 1 2 0 1 0 0 1 1 1 2 0 2 0 1 2 1 1 0 0 0 2 0 2 0 2 1 2 1 1 1 0 1 3 0 1 0 0 2 0 0 3 0 1 2 0 0 0 0 1 1 0 1 2 0 0 1 2 2 0 0 0 0 0 1 0 0 3 0 1 1 1 0 0 0 1 1 0 1 0 0 2 0 2 0 0 0 1 1 3 0 1 1 0 1 1 0 3 0 1 2 0 2 0 2 0 0 0 1 1 2 0 2 0 1 2 1 1 2 0 0 2 0 3 0 1 2 0 0 1 0 2 1 1 2 0 0 2 2 0 2 0 1 1 0 3 0 1 2 0 0 0 0 1 0 2 0 3 0 0 0 2 0 1 0 2 1 2 1 1 1 2 1 1 2 0 1 3 0 0 0 2 1 0 1 2 0 1 1 0 0 1 1 1 0 2 1 0 1 1 0 2 1 0 0 2 0 2 0 0 0 0 1 0 0 2 1 0 1 0 2 0 2 0 0 1 2 0 2 0 0 0 1 2 1 1 1 0 0 2 1 0 0 2 0 1 1 0 1 2 1 1 1 0 0 1 2 0 1 0 1 1 2 0 0 2 0 0 0 1 1 3 0 0
0 366 1 1 1 2 1 0 0 2 0 0 1 0 0 2 0 1 0 2 1 1 1 1 2 0 1 2 2 0 0 2 1 2 0 1 1 2 1 1 1 0 1 2 1 1 1 2 0 1 1 1 1 0 0 2 0 0 1 1 0 0 0 0 0 2 0 1 0 1 0 2 0 1 0 1 1 0 1 2 0 2 0 0 0 1 0 1 0 2 2 0 1 2 1 0 0 3 0 2 1 3 0 2 2 0 2 0 1 0 1 2 0 0 1 1 0 1 0 2 0 0 1 3 0 0 1 1 1 3 0 1 1 3 0 2 0 0 0 2 1 0 0 3 0 0 0 3 0 1 1 1 0 2 1 0 0 0 2 0 1 2 2 0 1 2 0 0 0 2 2 0 2 0 1 1 0 0 1 1 1 0 0 1 2 0 1 1 0 1 1 3 0 0 1 0 2 0 1 2 1 1 0 2 2 0 2 0 1 0 2 0 0 3 0 0 0 3 0 0 0 2 1 2 1 1 2 0 0 3 0 1 1 0 2 0 0 1 1 3 0 0 0 2 1 0 0 2 1 1 0 2 1 1 1 0 2 0 0 2 0 0 2 0 0 0 2 0 1 0 1 1 1 1 1 1 1 1 0 3 0 2 2 0 0 3 0 1 1 1 1 1 0 1 1 1 1 0 1 1 0 0 1 1 0 0 2 0 1 1 1 1 0 0 2 0 1 2 2 0 1 0 1 2 1 1 1 0 1 2 2 0 1 1 1 0 1 0 2 0 1 1 1 0 1 2 2 0 1 0 1 0 0 0 0 2 1 2 2 0 1 1 1 0 0 1 1 1
0 367 1 0 2 1 0 1 0 1 0 1 1 2 0 1 0 2 0 0 1 1 3 0 2 2 0 1 1 0 3 0 1 0 0 0 0 0 0 1 3 0 0 1 0 1 3 0 3 0 3 0 1 2 0 1 0 1 2 0 1 0 0 0 0 1 0 1 3 0 2 1 0 1 3 0 3 0 0 1 0 0 0 1 1 0 2 0 2 1 2 1 0 1 0 1 0 1 3 0 2 0 2 0 2 1 0 2 0 0 0 0 3 0 1 0 1 0 2 1 0 1 2 1 1 1 2 0 2 1 2 0 0 0 2 0 0 1 1 1 1 1 0 1 2 1 1 1 2 2 0 1 2 1 1 1 0 0 1 2 0 1 1 1 0 0 3 0 0 1 2 1 0 2 0 0 1 0 1 0 1 2 0 1 0 1 0 0 1 1 0 0 1 1 2 0 0 2 0 1 0 1 2 1 2 1 0 2 0 0 0 1 3 0 1 1 1 1 2 1 1 1 2 0 0 2 0 0 3 0 1 2 0 1 1 1 2 2 0 0 1 1 1 1 1 1 0 1 1 1 2 1 1 1 3 0 0 1 2 2 0 1 2 1 2 1 1 2 0 0 0 0 2 0 2 0 2 0 1 1 3 0 2 0 3 0 1 2 0 1 3 0 1 0 3 0 2 0 0 0 1 0 1 0 1 0 1 2 0 0 2 0 1 0 1 2 0 1 1 1 0 0 0 1 0 1 3 0 0 1 1 1 0 0 2 0 0 0 0 2 0 0 2 0 0 1 1 0 3 0 3 0 2 1 0 1 2 0 1 1 0 0 1 2 0 0 3 0 1
1 367 2 1 1 1 1 0 0 0 0 0 2 2 0 0 0 1 2 2 0 0 2 0 2 1 0 0 1 1 2 1 3 0 0 0 0 0 1 1 1 1 2 0 0 1 2 0 3 0 3 0 0 1 0 0 0 0 3 0 2 0 0 0 1 0 0 1 2 0 1 1 1 1 2 0 2 1 1 2 0 0 1 0 1 1 1 0 2 0 0 1 1 0 0 0 0 1 2 0 1 0 1 0 1 1 1 1 2 1 0 1 2 1 3 0 2 1 1 1 1 1 0 2 0 0 0 0 1 2 0 1 1 1 0 1 2 0 2 0 2 0 0 1 0 2 0 0 1 1 0 1 0 1 2 2 0 1 0 1 0 0 1 2 0 1 2 1 2 1 0 1 1 1 2 1 2 0 2 1 0 0 3 0 3 0 2 1 2 2 0 0 3 0 3 0 1 2 0 0 0 1 1 0 0 1 1 1 2 1 1 1 1 2 0 2 0 0 0 1 3 0 3 0 1 1 3 0 2 0 0 1 0 0 2 1 1 0 2 1 3 0 2 0 2 0 0 0 2 1 0 2 0 0 1 1 2 1 1 1 0 1 1 0 0 2 0 0 2 1 0 1 1 0 1 0 1 0 0 0 2 0 1 0 3 0 0 1 0 1 1 2 0 0 3 0 0 1 1 0 2 0 2 0 2 1 0 0 2 2 0 2 0 0 0 1 0 0 1 2 0 0 1 0 0 1 1 1 2 0 1 2 0 1 0 1 1 0 1 1 2 2 0 1 2 0 1 1 3 0 3 0 1 1 1 0 3 0 2 2 0 1 0 0 3 0 1 2 0
1 368 1 1 1 3 0 1 0 0 0 0 1 2 0 2 1 1 1 1 0 3 0 0 0 1 1 0 1 0 0 1 0 1 1 1 0 0 0 3 0 2 0 3 0 1 1 0 0 3 0 2 1 1 2 0 0 0 1 3 0 0 1 1 0 2 0 1 0 3 0 3 0 2 1 0 0 1 2 0 0 2 1 2 0 3 0 1 1 0 1 2 0 1 0 0 0 1 0 3 0 2 0 2 0 3 0 2 1 0 1 1 1 1 0 2 0 1 1 3 0 2 0 0 1 2 1 0 1 0 1 0 0 2 0 0 1 0 0 1 0 0 1 2 0 0 1 2 1 3 0 0 0 0 1 1 0 3 0 3 0 2 2 0 1 0 1 1 0 0 1 1 0 2 1 1 0 0 0 1 1 0 1 3 0 3 0 2 0 1 0 3 0 2 0 3 0 0 0 2 1 1 0 1 0 1 0 2 1 0 1 3 0 2 2 0 1 2 1 1 1 2 0 3 0 0 0 2 0 0 1 1 2 0 1 1 1 2 1 2 0 2 0 1 0 0 1 1 1 1 1 1 1 2 2 0 0 0 1 3 0 0 0 1 0 1 1 3 0 0 1 1 0 1 0 2 0 2 0 0 1 0 2 0 0 2 1 2 0 0 0 2 1 3 0 1 1 2 0 1 1 1 0 1 0 1 1 0 1 2 1 0 1 2 1 0 2 0 1 0 0 2 1 2 0 1 0 2 1 0 0 0 1 0 0 0 0 1 1 0 0 1 1 0 1 0 0 0 0 2 0 2 2 0 1 2 1 3 0 2 0 3 0 3 0 2 0 0 0 2
0 369 1 0 2 1 1 1 3 0 0 0 1 1 0 0 1 1 3 0 1 1 2 1 1 0 2 2 0 2 0 0 2 0 3 0 1 0 0 1 3 0 1 0 2 2 0 1 0 1 3 0 1 2 0 0 2 1 1 1 1 1 2 0 1 1 0 2 0 0 3 0 3 0 1 1 0 1 0 0 3 0 1 0 0 0 2 2 0 1 1 0 3 0 2 0 0 0 2 1 3 0 1 0 1 0 3 0 1 1 1 0 2 0 1 1 1 0 0 0 2 0 0 1 2 1 0 1 0 2 0 2 0 1 0 1 1 2 0 0 2 0 1 0 3 0 1 1 1 0 1 1 1 0 1 0 1 1 3 0 3 0 2 1 0 0 0 0 1 0 1 0 1 1 1 1 2 0 0 0 3 0 0 1 2 0 3 0 0 2 0 0 3 0 1 0 2 1 1 1 1 1 2 0 2 0 2 1 1 1 1 1 2 0 2 1 0 1 0 2 0 0 0 0 2 1 1 1 0 1 2 0 2 2 0 0 2 1 1 0 0 0 0 1 3 0 1 0 2 0 2 0 2 1 1 0 2 1 1 1 1 1 1 0 2 1 0 0 1 1 2 0 1 0 2 1 1 0 0 1 2 0 0 1 3 0 0 2 0 1 1 1 2 0 1 2 0 2 0 2 0 1 2 0 2 0 3 0 0 1 0 1 1 1 0 1 1 1 3 0 3 0 0 2 0 2 0 0 1 1 0 0 0 2 0 0 0 0 2 2 0 0 2 2 0 2 0 0 0 1 1 0 2 1 0 1 1 0 2 0 1 0 3 0 3 0 0 1 1 1 1
0 369 2 1 1 2 0 0 1 1 1 0 2 2 0 1 0 0 2 0 0 0 0 1 2 1 2 1 0 1 3 0 0 0 2 1 3 0 1 1 1 2 0 0 2 1 0 0 0 1 2 0 0 0 3 0 0 1 3 0 2 0 3 0 3 0 0 1 3 0 2 0 2 2 0 1 0 2 0 1 2 1 3 0 0 1 2 1 0 0 1 1 3 0 0 1 1 1 2 0 1 1 3 0 2 1 2 2 0 1 2 1 0 2 0 1 2 0 0 1 0 1 2 1 0 1 1 0 0 2 0 2 0 0 0 0 2 1 2 2 0 2 0 0 2 2 0 1 2 0 3 0 1 0 2 1 0 0 2 0 3 0 1 1 0 0 0 0 2 0 2 0 3 0 2 0 3 0 0 1 2 1 2 1 0 0 2 1 2 1 3 0 1 2 0 0 1 1 3 0 2 1 0 0 1 0 1 1 3 0 2 1 0 0 1 1 1 0 0 1 2 1 0 1 1 1 3 0 0 1 0 0 2 0 3 0 0 1 2 0 0 0 1 1 1 2 0 0 1 0 1 0 1 1 2 1 1 1 3 0 2 0 1 1 1 1 0 0 3 0 3 0 2 1 1 1 2 0 1 0 3 0 1 1 1 1 2 2 0 0 2 1 0 0 0 1 0 2 0 2 0 1 0 0 1 0 2 1 2 0 0 0 2 0 0 0 2 1 2 0 2 1 2 2 0 1 2 1 2 2 0 0 1 1 2 1 0 1 2 0 3 0 1 1 0 1 2 1 1 0 1 1 1 1 1 0 1 1 0 2 0 0 3 0 2 1 2 0 2 0 1
1 370 1 1 2 0 0 2 1 3 0 1 1 2 0 3 0 2 2 0 1 1 0 1 1 1 0 0 1 1 1 1 1 1 1 2 0 1 2 0 2 0 0 3 0 0 1 0 0 1 0 3 0 0 1 2 1 2 1 2 0 1 0 3 0 2 1 2 1 2 0 1 0 2 1 0 0 0 2 0 1 1 0 1 1 2 1 0 1 0 1 0 0 1 1 2 0 2 1 0 0 0 0 2 0 2 0 1 1 0 1 0 1 1 2 0 0 3 0 1 0 0 1 0 1 1 0 1 0 1 2 0 1 2 1 0 1 2 0 1 1 0 1 3 0 1 1 0 1 0 0 2 2 0 0 1 1 0 1 1 0 2 2 0 1 0 0 0 1 1 0 1 0 3 0 1 0 2 1 2 1 1 0 0 1 0 1 2 0 1 0 2 0 0 0 2 2 0 0 2 0 1 1 0 0 2 1 0 0 2 0 1 1 0 0 3 0 1 0 1 1 0 1 1 0 2 1 1 1 1 2 0 1 1 0 2 1 2 0 3 0 0 0 3 0 2 1 2 1 2 0 2 1 0 0 0 2 0 0 2 0 0 2 0 1 2 2 0 1 3 0 3 0 1 1 3 0 3 0 2 1 2 2 0 2 0 0 1 0 3 0 0 1 0 0 1 0 0 2 0 1 3 0 2 1 2 1 1 2 0 1 1 1 0 1 1 1 2 0 0 0 2 0 1 1 0 1 1 0 1 0 2 2 0 0 0 1 1 1 0 0 2 2 0 1 1 1 0 1 2 0 3 0 2 0 1 0 3 0 0 1 3 0 2 0 2 0 0 0 0 2 0
0 371 1 0 2 1 3 0 1 0 2 0 0 0 0 0 3 0 2 1 0 0 1 0 3 0 1 0 1 0 2 0 2 0 2 1 0 0 0 1 0 1 3 0 1 1 1 2 0 0 2 1 2 1 2 1 1 0 0 2 0 2 0 0 3 0 2 0 0 2 0 2 0 0 1 1 0 0 1 2 0 0 1 1 0 0 0 1 0 2 0 2 0 1 0 0 0 0 1 1 0 0 0 1 1 0 0 2 0 1 1 0 0 0 2 1 3 0 1 1 3 0 1 0 0 0 1 0 2 1 0 1 0 1 0 1 1 0 3 0 3 0 0 1 1 2 0 1 0 2 0 1 2 0 2 1 3 0 0 0 1 1 2 0 3 0 2 1 1 0 1 0 2 1 2 2 0 0 2 0 0 1 2 0 1 0 0 0 3 0 2 1 0 1 1 1 2 0 2 2 0 2 0 1 0 1 1 1 0 1 0 2 0 1 0 1 2 1 3 0 3 0 0 0 1 1 1 1 3 0 2 2 0 0 1 1 2 0 0 0 2 1 1 1 3 0 2 0 1 0 0 0 1 1 0 0 1 1 2 2 0 1 2 2 0 1 1 1 0 1 2 0 3 0 0 0 2 0 3 0 2 0 1 1 0 1 2 1 2 1 2 1 1 2 0 0 2 0 1 2 0 1 2 0 2 0 0 2 0 1 0 0 2 0 0 0 2 0 3 0 0 1 0 2 0 1 1 0 1 0 2 1 2 0 2 1 1 0 1 2 0 1 2 1 0 0 2 0 0 1 0 0 3 0 0 2 0 0 2 1 2 1 2 0 1 0 0 1 1 0 1 1 2
1 371 2 1 2 0 1 2 0 0 0 1 1 0 0 1 3 0 1 1 0 0 2 1 2 1 3 0 2 1 1 0 1 0 1 1 0 0 1 0 0 1 1 2 0 2 0 0 3 0 1 0 1 0 0 1 2 0 1 2 0 1 3 0 2 0 0 1 2 2 0 1 2 1 2 2 0 1 0 0 2 1 2 2 0 0 1 0 0 2 0 1 3 0 2 1 0 0 2 2 0 0 1 0 1 0 1 2 0 0 1 0 0 1 2 0 2 0 0 0 1 1 3 0 0 0 2 1 1 1 1 0 0 0 0 0 1 1 3 0 2 1 2 0 2 2 0 0 0 2 0 1 0 0 2 0 1 1 1 1 0 0 0 0 3 0 1 1 2 0 2 1 2 0 1 0 2 2 0 1 2 0 3 0 2 0 0 1 3 0 1 1 1 0 2 1 0 0 2 1 0 2 0 0 0 0 2 0 0 0 0 2 0 0 0 1 1 0 2 0 2 1 1 0 3 0 2 1 2 0 2 0 2 1 3 0 3 0 0 1 1 2 0 0 2 0 0 1 3 0 0 0 2 2 0 1 0 0 1 1 0 1 1 1 0 0 2 0 0 1 0 0 2 1 1 1 1 0 3 0 0 2 0 1 1 1 1 0 1 0 0 2 0 0 3 0 0 0 0 1 0 1 0 0 0 1 2 1 3 0 2 2 0 1 1 1 1 0 2 1 2 0 0 2 0 0 1 0 2 1 2 0 0 0 1 1 2 1 0 1 0 1 0 1 0 1 0 1 1 2 0 1 2 1 2 1 3 0 1 0 0 2 0 1 3 0 1 0 1 1 0 0 0
1 372 1 2 0 0 0 0 0 2 1 1 0 1 0 1 1 1 2 0 1 0 1 2 0 1 0 2 0 1 1 2 0 2 0 2 2 0 0 2 0 1 0 2 2 0 1 3 0 1 1 3 0 2 0 1 1 0 0 0 1 0 1 2 0 0 1 2 1 1 1 0 1 1 0 1 0 3 0 3 0 1 0 1 0 2 1 2 0 1 2 0 1 2 0 1 1 0 1 2 0 2 1 2 0 2 1 0 0 2 1 2 0 1 1 0 0 0 1 1 1 0 0 1 1 1 1 1 1 3 0 1 0 0 0 0 1 0 0 2 0 2 0 0 0 2 0 2 1 1 1 3 0 2 2 0 2 0 1 2 2 0 0 0 1 3 0 0 0 0 0 1 2 0 2 0 0 2 1 0 1 0 0 3 0 0 1 2 1 1 2 0 1 2 1 1 1 0 1 1 1 1 1 2 1 0 1 0 1 1 0 1 1 2 1 1 0 1 1 1 0 1 1 2 1 3 0 2 0 0 0 1 0 2 0 2 0 2 1 2 0 2 1 2 2 0 1 2 1 1 1 1 1 2 0 3 0 2 1 3 0 0 0 1 2 0 1 0 1 1 2 0 1 1 1 3 0 1 1 2 1 2 2 0 0 2 0 1 0 2 0 1 1 3 0 1 1 1 0 0 2 0 2 0 0 1 1 1 0 2 0 2 1 0 0 2 0 1 1 1 2 0 1 2 1 2 1 2 1 1 2 0 1 1 1 0 0 0 1 1 0 0 0 0 0 0 0 0 0 2 2 0 1 1 0 1 0 1 1 3 0 1 2 0 1 1 1 3 0 2 2 0 0 0
1 373 1 0 3 0 0 0 0 1 1 1 2 0 2 0 3 0 2 2 0 0 0 0 3 0 2 1 1 0 0 0 0 0 1 0 2 0 2 2 0 2 0 0 2 1 0 1 2 0 0 0 2 0 0 2 0 1 0 0 1 0 0 0 3 0 1 1 0 1 3 0 0 0 1 0 2 1 3 0 2 1 3 0 2 1 2 0 0 0 0 1 0 0 3 0 3 0 0 1 0 0 2 0 0 0 1 1 0 1 1 2 0 2 0 1 0 0 1 0 1 2 0 0 3 0 2 0 2 1 1 1 3 0 0 0 0 2 0 1 1 0 0 1 1 1 1 0 1 2 0 0 2 0 2 1 0 2 0 1 1 0 2 1 1 1 1 1 1 0 0 1 0 1 0 1 3 0 0 1 0 2 0 1 2 1 2 1 0 2 0 1 0 1 0 1 3 0 0 0 2 0 2 1 0 1 1 0 0 0 1 1 0 0 0 1 2 0 3 0 1 1 0 0 1 0 2 0 0 1 1 0 2 1 1 0 1 0 2 0 0 0 2 0 1 1 0 1 0 1 3 0 2 1 0 0 3 0 2 0 1 1 1 1 0 1 0 0 0 0 2 2 0 0 2 1 2 0 0 0 1 0 1 0 2 2 0 2 0 0 1 0 0 0 1 2 0 1 2 0 1 2 0 1 2 1 3 0 1 1 1 0 1 1 0 1 0 2 0 2 0 1 0 1 1 0 1 0 0 2 0 1 0 0 1 2 0 0 1 0 1 0 0 0 0 0 0 0 0 1 2 1 0 0 1 0 2 1 0 0 2 0 0 1 0 0 2 1 2 0 2 0 2 1 0
1 373 2 1 2 1 1 0 1 0 2 1 0 0 1 0 3 0 2 0 2 1 0 1 3 0 1 1 2 0 0 0 0 0 2 1 1 0 2 1 0 1 3 0 0 1 1 0 3 0 0 1 0 1 2 1 3 0 2 1 2 0 0 1 2 2 0 1 1 1 1 1 1 0 2 1 2 0 2 0 2 0 2 0 1 2 0 1 1 0 0 2 0 1 3 0 2 1 1 2 0 1 0 1 1 0 3 0 0 0 2 2 0 1 3 0 2 1 2 1 0 0 3 0 2 0 1 0 1 2 0 0 1 1 1 0 1 2 0 0 1 0 1 0 2 0 1 1 0 0 3 0 0 0 1 1 1 2 0 0 1 1 1 1 3 0 2 0 1 0 1 0 0 0 0 1 1 1 2 0 0 2 0 1 1 0 0 1 1 2 0 0 0 0 0 1 1 1 1 1 1 0 1 1 1 0 1 0 0 0 2 2 0 0 1 1 0 0 2 2 0 1 0 0 2 1 0 1 2 0 1 1 1 1 2 0 2 1 0 1 1 1 0 2 0 1 1 0 0 1 2 0 1 1 0 1 3 0 0 2 0 1 2 2 0 2 0 0 0 1 2 0 3 0 0 2 0 1 1 0 2 0 2 1 2 1 0 1 2 1 2 0 0 1 0 1 0 1 0 0 0 1 0 1 1 0 1 2 0 1 2 0 3 0 0 0 0 2 0 2 0 0 0 0 1 0 2 0 1 1 3 0 2 2 0 0 2 1 2 0 2 0 0 0 0 0 0 0 1 1 0 1 0 0 2 1 1 1 0 1 0 1 1 2 0 1 2 0 0 0 1 0 1 1 0
1 374 1 2 0 0 1 2 0 2 1 1 1 0 0 2 1 3 0 1 0 1 1 1 1 1 2 0 2 0 1 1 0 0 1 1 1 2 1 1 1 1 1 1 1 2 0 1 1 2 1 2 0 0 1 1 0 2 0 1 2 0 1 2 1 1 1 0 0 2 0 2 0 1 1 2 0 0 0 1 0 1 0 1 0 0 1 0 0 1 0 1 2 0 1 2 0 1 2 0 1 0 0 0 0 1 1 2 1 1 1 2 1 0 1 2 0 2 0 0 1 0 1 3 0 0 2 0 0 0 0 2 1 3 0 1 1 0 0 2 1 2 0 2 1 0 2 0 1 0 1 2 1 1 0 3 0 2 1 2 1 3 0 2 1 2 0 0 1 3 0 2 0 0 0 1 0 2 0 3 0 1 2 0 0 1 0 1 0 2 1 2 1 0 0 1 0 2 0 2 0 1 0 3 0 1 0 2 0 0 1 2 0 2 1 2 2 0 1 2 0 3 0 3 0 0 1 1 0 3 0 3 0 2 1 0 0 1 1 1 0 2 0 0 2 0 0 1 0 1 0 3 0 3 0 0 1 1 1 2 2 0 1 1 1 0 1 2 1 1 1 0 0 2 1 2 2 0 0 1 1 1 0 2 0 0 1 1 1 0 2 0 1 1 2 0 2 0 2 0 0 1 0 0 0 1 1 0 1 0 1 0 0 2 1 1 0 1 2 0 1 2 1 0 0 2 1 1 0 0 0 2 0 2 0 3 0 1 0 0 0 0 1 1 0 0 0 0 0 2 2 0 2 0 1 1 1 3 0 0 0 0 0 2 2 0 0 3 0 0 0 2 0 2 2 0
1 375 1 0 3 0 1 1 0 0 1 1 2 2 0 1 2 0 1 1 3 0 3 0 2 0 2 2 0 2 0 0 1 0 1 0 2 1 0 1 3 0 2 0 2 1 0 0 0 0 0 2 0 1 2 0 1 1 1 0 0 1 0 1 0 1 2 2 0 1 1 0 0 2 0 2 0 1 1 0 2 0 2 0 2 0 0 2 0 0 2 1 0 1 0 1 0 0 0 0 3 0 2 1 0 1 0 0 0 2 0 0 0 1 1 1 0 0 0 1 2 0 0 1 1 1 2 1 2 1 0 1 2 0 1 2 0 1 0 1 2 0 0 0 1 1 1 2 0 0 0 1 0 1 2 1 3 0 2 0 1 0 2 0 1 2 0 1 2 1 2 0 0 1 1 0 2 1 1 0 3 0 0 0 2 1 2 0 2 1 2 0 0 1 0 0 2 1 1 0 0 2 0 0 2 2 0 0 0 1 2 1 0 0 2 0 1 1 0 1 0 0 3 0 2 1 2 0 1 1 3 0 3 0 1 1 0 0 3 0 1 1 0 1 2 1 2 1 2 0 2 1 3 0 2 1 2 0 2 1 1 1 0 0 2 0 0 1 0 1 2 2 0 1 2 0 1 0 2 1 3 0 1 1 0 1 2 0 2 0 0 2 0 0 2 2 0 2 0 1 2 1 2 0 0 0 2 2 0 2 0 2 0 1 1 1 2 1 0 1 0 1 0 1 0 1 1 1 2 0 0 1 1 0 1 0 2 1 3 0 0 0 1 0 1 0 0 0 0 1 2 1 0 2 0 0 2 1 1 1 1 0 0 1 2 0 3 0 1 1 1 1 1 0 2 0 2
0 375 2 1 2 2 0 1 0 1 0 0 1 1 0 1 0 0 0 0 2 0 3 0 1 0 2 1 0 1 2 1 2 0 2 1 1 1 1 1 2 0 1 0 1 1 0 0 0 0 1 2 0 0 3 0 3 0 1 0 1 0 0 0 0 1 1 1 0 0 1 0 1 2 0 2 0 0 1 1 1 0 1 0 0 1 2 1 3 0 0 1 0 2 0 2 0 0 0 1 3 0 1 1 0 2 0 0 1 1 2 1 1 0 1 2 0 0 1 0 3 0 1 0 2 1 1 0 0 1 1 1 0 0 0 1 0 0 0 0 3 0 0 0 3 0 2 1 2 1 1 0 0 1 1 0 2 0 0 2 0 0 1 0 0 1 0 1 0 2 0 1 2 0 1 1 1 1 2 1 2 1 1 1 2 0 0 0 1 2 0 1 1 2 0 1 1 1 2 0 1 1 3 0 1 0 2 1 1 1 0 1 0 1 0 2 0 1 0 2 0 1 3 0 2 0 0 0 0 0 2 0 2 2 0 1 0 1 2 2 0 1 1 1 1 0 1 0 0 0 2 0 2 0 2 0 0 0 1 1 2 2 0 1 0 1 2 0 0 1 1 1 0 0 3 0 2 1 2 0 1 2 0 1 1 1 0 0 0 1 2 1 3 0 1 1 0 2 0 1 0 2 0 1 1 1 2 1 0 2 0 2 0 0 2 1 0 1 1 0 0 0 0 0 0 0 2 0 3 0 1 0 1 0 2 1 2 0 1 1 1 0 2 0 2 0 0 0 1 1 0 1 1 1 3 0 0 1 3 0 1 0 1 1 0 0 2 2 0 1 3 0 1 1 1 0 1
1 376 1 2 0 1 0 3 0 3 0 2 1 2 2 0 2 0 0 0 1 1 0 2 2 0 0 1 1 1 1 1 0 0 0 1 1 3 0 2 0 3 0 2 0 2 2 0 0 0 1 0 0 3 0 2 0 2 1 3 0 2 0 0 0 1 0 1 2 0 0 2 1 0 1 0 1 2 1 3 0 1 0 2 0 1 1 1 0 1 1 2 0 0 2 0 1 2 1 1 1 1 2 0 1 1 1 2 2 0 0 0 1 2 1 0 0 2 1 2 1 2 2 0 0 1 1 2 0 1 0 1 2 0 0 0 2 0 0 0 1 2 1 1 1 3 0 2 0 0 1 2 0 1 0 1 1 0 1 2 1 2 1 2 0 1 0 0 0 0 2 0 0 3 0 3 0 2 1 1 0 0 1 3 0 3 0 0 1 0 1 0 0 2 2 0 0 2 1 0 0 0 0 1 2 0 0 1 1 3 0 0 0 0 0 0 2 0 0 0 2 0 1 2 0 0 1 1 0 0 1 1 0 2 1 0 0 0 1 1 1 0 0 2 0 1 0 2 0 0 1 1 0 1 0 0 1 1 1 0 0 1 1 0 0 0 0 3 0 1 0 1 2 0 1 3 0 2 0 0 0 0 1 0 0 1 2 0 0 1 1 1 0 1 2 0 1 1 2 0 0 0 2 0 0 2 1 0 1 1 2 0 1 3 0 0 1 1 0 1 0 0 0 0 0 0 1 1 0 2 1 3 0 2 1 1 2 0 2 0 1 2 1 1 0 0 1 1 0 3 0 0 0 2 1 1 1 2 1 1 1 3 0 2 2 0 1 2 1 0 1 1 2 0 1 2 0 2
0 377 1 0 3 0 2 1 3 0 3 0 2 0 1 1 0 1 2 1 1 0 1 1 2 0 2 1 3 0 2 0 1 0 0 1 0 0 2 0 1 0 3 0 1 0 2 0 2 1 0 2 0 1 3 0 1 0 2 0 2 0 0 1 1 0 2 1 0 0 3 0 0 1 1 0 0 1 1 0 1 2 0 0 0 2 0 1 2 0 3 0 3 0 1 2 0 1 0 1 3 0 2 2 0 0 2 1 1 0 2 1 1 1 0 1 0 1 2 0 1 0 1 0 2 1 3 0 3 0 2 1 0 0 2 1 1 1 2 1 1 1 0 2 0 0 2 0 0 1 2 0 3 0 2 0 3 0 0 1 1 0 0 2 0 1 3 0 0 0 1 1 3 0 2 0 3 0 1 1 2 0 1 1 2 0 2 1 1 2 0 2 0 1 2 0 3 0 0 1 0 0 0 1 0 0 2 2 0 0 1 1 1 0 0 0 1 1 2 1 1 2 0 0 3 0 1 0 1 0 1 0 1 1 1 1 0 0 1 0 1 2 0 1 0 2 0 0 0 1 2 0 1 0 2 0 1 0 1 2 0 0 2 2 0 0 0 1 2 2 0 0 0 1 0 1 2 0 0 1 1 0 0 2 0 1 0 0 2 1 3 0 1 1 0 1 0 0 2 1 2 1 1 1 3 0 0 1 1 0 2 2 0 1 1 1 2 0 1 0 2 0 0 0 0 0 1 0 1 1 2 0 2 0 1 2 0 1 0 2 0 1 0 1 2 0 1 0 1 1 2 1 1 1 1 2 0 0 0 2 0 0 2 0 2 1 0 1 0 1 1 0 2 2 0 1 0 0 1
1 377 2 1 3 0 2 0 2 0 3 0 0 2 0 1 1 1 0 1 2 1 0 0 0 0 2 0 2 0 0 1 3 0 0 2 0 1 0 2 0 0 2 2 0 0 1 0 1 1 1 2 0 1 1 2 0 0 1 0 0 1 2 0 1 1 1 1 0 1 2 1 2 0 1 0 1 0 1 1 0 0 2 1 1 2 0 1 0 0 3 0 3 0 0 1 0 0 0 1 2 0 2 0 3 0 0 1 2 1 1 1 3 0 0 0 0 0 3 0 2 0 2 1 2 0 2 0 3 0 1 1 0 1 1 2 0 0 0 1 3 0 0 1 2 2 0 1 2 1 0 0 3 0 1 0 2 1 2 0 1 0 1 2 0 1 1 1 1 1 0 0 2 0 1 0 3 0 0 0 0 0 0 0 0 0 1 2 0 1 0 2 0 1 0 0 2 1 1 2 0 0 0 2 0 1 2 0 2 1 3 0 1 0 0 1 0 0 0 2 0 0 3 0 1 1 3 0 2 0 2 0 3 0 1 2 0 0 2 1 0 1 0 0 0 1 2 1 1 0 3 0 2 1 0 2 0 0 0 0 3 0 1 0 2 1 1 1 1 0 2 1 1 0 0 0 3 0 1 0 1 0 1 1 3 0 3 0 1 0 1 2 0 1 0 2 0 1 2 0 0 2 0 0 1 1 2 0 1 1 2 1 0 0 2 0 3 0 2 1 0 1 1 0 0 0 2 1 0 0 0 0 1 0 0 1 0 0 0 2 0 0 0 0 3 0 2 1 0 0 0 1 3 0 2 1 2 1 1 1 3 0 0 0 1 1 1 0 0 0 1 1 2 0 3 0 2 1 2
0 378 1 2 0 2 0 1 0 1 0 2 1 2 2 0 0 2 0 0 1 0 1 0 0 0 1 1 0 0 1 2 1 1 1 2 2 0 0 0 1 3 0 1 0 2 1 2 0 3 0 2 2 0 0 2 1 2 1 2 0 1 0 3 0 3 0 2 0 0 1 0 2 0 1 3 0 2 0 2 2 0 1 1 2 0 0 3 0 3 0 2 0 2 1 1 2 0 0 1 1 0 0 1 0 2 1 2 1 0 2 0 0 1 1 1 0 0 1 3 0 1 0 2 0 0 0 1 0 2 2 0 1 1 0 2 1 2 1 1 1 1 1 2 1 1 1 0 1 0 1 0 1 2 2 0 0 1 2 0 2 0 0 0 1 0 0 2 0 1 2 0 1 0 2 0 0 2 1 1 0 0 0 0 0 0 1 0 1 0 0 0 1 3 0 3 0 0 2 0 0 2 1 1 2 0 1 0 0 2 0 1 1 3 0 0 2 0 0 1 1 3 0 2 0 0 0 2 0 1 0 1 0 3 0 0 0 3 0 0 1 0 2 0 0 1 1 0 1 2 1 3 0 1 1 1 1 2 1 0 1 2 2 0 0 1 1 3 0 1 1 1 1 2 0 0 1 2 1 3 0 2 1 0 0 2 0 2 2 0 0 0 1 0 0 0 2 0 0 3 0 1 1 2 2 0 0 0 0 0 0 0 1 0 1 1 0 3 0 1 1 1 0 1 0 0 1 1 1 0 0 0 0 2 0 0 2 0 0 1 1 2 1 0 1 3 0 1 1 0 0 1 1 2 0 2 0 0 2 0 0 1 1 1 0 3 0 1 0 0 1 0 0 0 0 3 0 2 0 0
0 379 1 1 0 0 0 1 3 0 2 1 2 0 1 0 2 2 0 1 1 2 0 2 0 0 1 0 1 0 1 1 0 2 0 0 1 0 2 1 1 1 1 2 0 0 2 0 0 0 3 0 2 0 3 0 1 0 0 2 0 2 0 0 3 0 3 0 0 1 2 0 0 2 0 1 2 0 1 0 2 1 0 0 2 1 3 0 2 0 3 0 1 0 1 2 0 0 2 1 2 2 0 0 2 1 2 0 0 1 1 1 2 1 3 0 1 0 1 1 1 2 0 0 0 1 1 0 2 1 2 1 0 0 1 1 2 0 0 1 3 0 2 1 0 1 3 0 0 0 0 0 0 1 1 0 2 2 0 1 0 1 2 1 0 2 0 1 1 0 0 1 0 0 0 1 3 0 0 1 2 0 0 0 0 0 0 2 0 2 0 0 1 1 2 0 2 1 2 1 3 0 0 2 0 0 3 0 3 0 0 0 0 0 1 1 2 1 2 2 0 0 2 0 0 1 1 1 0 1 3 0 2 1 2 1 1 1 2 1 2 0 0 1 2 1 3 0 0 1 1 0 1 2 0 2 0 0 0 1 1 1 1 0 2 2 0 0 1 2 0 1 3 0 3 0 1 1 1 0 2 0 1 1 0 1 1 0 2 0 2 1 0 2 0 0 1 1 3 0 2 0 0 0 1 0 2 1 0 0 0 0 1 0 0 0 1 1 2 2 0 1 2 0 2 0 1 0 1 2 0 0 0 1 0 1 2 1 2 2 0 0 0 1 1 1 1 2 0 1 0 1 0 0 0 0 0 1 2 1 2 1 3 0 1 1 2 1 3 0 0 2 0 0 0 1 3 0 0 1 1
0 379 2 2 0 0 1 1 2 0 1 2 0 2 0 0 2 1 0 0 2 2 0 1 2 1 2 0 2 0 3 0 0 1 2 1 2 1 1 1 3 0 2 1 2 2 0 1 1 1 3 0 1 0 2 1 3 0 1 2 0 1 3 0 2 0 2 1 2 0 3 0 1 2 0 0 3 0 2 1 1 1 0 1 2 0 2 0 1 0 2 2 0 0 0 0 3 0 1 0 1 0 3 0 0 2 0 1 2 0 2 1 1 0 1 1 3 0 3 0 2 1 2 1 1 0 1 1 2 0 0 1 0 0 3 0 3 0 1 1 2 0 1 1 1 1 1 1 1 0 0 0 1 0 1 1 2 1 0 0 0 1 0 1 1 2 0 0 1 0 0 2 0 0 1 1 1 1 2 0 3 0 0 0 0 0 1 2 0 1 2 2 0 0 0 0 2 0 1 0 1 1 2 1 3 0 2 0 2 1 1 0 0 1 0 0 1 0 1 0 2 2 0 1 2 0 2 0 0 1 2 0 2 0 0 2 0 0 0 2 0 1 2 1 1 0 1 1 2 0 1 1 0 1 0 1 2 1 1 0 2 0 1 1 2 0 2 2 0 1 0 1 2 0 2 2 0 1 2 1 0 2 0 1 1 0 1 1 1 0 1 1 1 1 2 2 0 0 2 0 0 1 1 0 2 1 1 1 0 0 0 0 2 0 0 1 0 0 1 1 0 1 0 0 0 2 0 0 0 0 2 1 1 0 0 1 1 0 1 0 2 1 1 0 2 0 2 1 3 0 3 0 2 1 0 0 1 1 1 0 1 0 2 0 0 0 1 0 1 1 2 1 2 1 1 1 1 1 2 0 1
1 380 1 2 0 2 2 0 0 0 0 0 1 0 1 3 0 0 1 0 1 2 1 0 1 1 0 0 0 1 0 2 1 2 1 1 0 0 2 0 0 2 0 2 0 1 1 0 0 2 1 1 2 0 0 2 0 2 0 0 1 0 1 2 0 1 0 2 0 0 0 3 0 0 0 3 0 2 0 1 1 3 0 0 1 0 0 0 2 0 0 2 0 2 1 0 1 2 1 3 0 2 1 2 1 2 2 0 1 0 0 1 1 2 1 0 0 2 0 3 0 2 0 0 1 2 0 3 0 3 0 0 2 0 1 3 0 2 2 0 2 0 2 0 1 3 0 2 0 1 0 0 0 2 1 0 0 0 1 0 0 1 0 0 0 2 1 2 1 2 0 1 1 2 1 3 0 2 1 0 0 2 1 1 0 0 1 0 1 0 1 1 0 2 1 0 1 0 2 0 0 0 0 1 0 2 0 1 0 1 1 2 0 0 2 0 0 2 0 2 1 2 1 0 1 0 0 0 1 2 1 0 0 0 1 2 1 2 1 1 2 0 1 0 1 2 0 3 0 3 0 3 0 0 0 0 1 0 1 2 1 1 0 0 0 0 0 2 1 0 0 0 1 0 0 2 1 0 1 0 1 1 2 0 0 1 0 3 0 1 0 3 0 2 1 1 0 2 2 0 1 2 0 1 1 1 1 2 2 0 0 0 1 0 1 1 2 0 0 2 2 0 2 0 0 1 1 2 1 0 1 1 1 2 0 1 0 1 0 2 1 1 1 2 1 1 0 2 0 2 0 3 0 1 1 0 0 3 0 1 0 2 1 0 1 1 0 2 1 0 0 1 0 0 1 3 0 2 0 3 0 2
0 381 1 1 0 0 2 0 2 1 0 0 1 0 0 1 1 1 2 0 0 1 0 1 1 0 1 0 0 0 2 1 2 0 0 1 2 0 1 1 3 0 0 0 0 2 0 1 0 1 1 2 0 0 3 0 0 0 0 1 2 0 0 0 3 0 2 1 0 1 1 1 2 1 1 1 3 0 1 0 0 0 1 1 1 2 0 0 1 1 3 0 0 0 1 1 1 1 1 0 2 0 2 0 1 0 1 0 3 0 2 2 0 0 0 1 0 1 1 0 3 0 0 1 2 1 0 0 3 0 2 1 2 2 0 1 2 0 2 1 0 2 0 2 0 1 2 0 0 1 3 0 0 1 1 1 0 0 0 2 0 0 2 0 0 1 2 0 1 0 0 0 0 0 1 0 2 0 1 1 0 1 1 1 2 0 1 0 0 0 0 0 1 1 1 1 1 0 0 1 2 1 0 0 2 1 0 1 3 0 3 0 3 0 1 1 3 0 0 0 2 0 0 1 0 2 0 0 1 1 0 1 0 0 1 1 1 0 0 2 0 1 0 0 0 1 0 0 3 0 3 0 2 1 1 0 1 0 0 1 0 1 2 0 0 0 0 1 1 1 0 0 0 2 0 1 1 1 1 0 0 0 2 1 2 1 2 1 2 2 0 0 3 0 1 1 2 1 2 1 0 0 3 0 3 0 2 1 1 0 2 1 1 0 0 0 2 1 3 0 1 1 0 1 2 2 0 0 0 1 1 0 2 0 3 0 2 0 2 1 1 2 0 0 0 1 2 1 1 0 1 0 2 2 0 1 0 1 2 2 0 0 1 1 1 0 1 1 1 1 0 0 2 0 1 1 2 0 1 0 3 0 1
1 381 2 2 0 1 1 0 1 1 0 0 2 0 1 0 2 0 3 0 1 0 0 0 1 0 2 0 0 1 1 2 0 1 2 1 0 0 0 0 1 1 1 0 1 2 0 0 0 0 2 1 3 0 1 1 1 0 1 0 3 0 0 1 3 0 1 1 1 0 2 1 0 2 0 0 1 1 3 0 0 0 3 0 2 1 2 2 0 0 1 1 1 0 3 0 2 0 1 1 1 0 0 1 3 0 2 1 3 0 2 0 2 1 1 0 0 0 1 1 2 1 2 1 0 1 0 1 3 0 2 0 1 1 0 1 0 0 1 1 1 2 0 2 0 0 3 0 1 1 1 1 2 0 1 2 0 0 1 1 2 2 0 1 2 0 3 0 2 0 0 0 0 0 2 1 0 2 0 1 1 0 2 0 3 0 2 0 0 0 0 0 3 0 2 0 1 0 1 1 0 1 0 1 1 1 1 1 2 0 3 0 3 0 0 0 1 1 1 1 0 1 2 0 0 1 2 1 2 2 0 2 0 0 3 0 1 0 1 1 3 0 2 1 0 2 0 1 3 0 3 0 1 1 2 0 2 0 1 0 0 0 3 0 0 0 1 0 1 2 0 0 1 2 0 0 2 0 1 0 0 1 2 0 1 0 1 0 1 0 3 0 2 0 0 0 1 0 0 1 0 1 3 0 3 0 1 1 2 1 1 1 2 0 0 1 2 0 1 2 0 1 1 1 1 0 2 1 1 0 1 1 1 0 3 0 1 0 1 2 0 0 2 1 1 1 0 1 2 0 2 1 2 1 0 0 0 1 1 0 2 1 3 0 1 0 3 0 1 2 0 1 0 2 0 2 0 2 0 0 2 2 0
1 382 1 2 1 0 0 1 0 2 2 0 1 0 2 0 0 1 0 2 1 3 0 0 0 2 1 0 1 2 0 2 2 0 1 0 1 0 0 0 0 3 0 1 1 0 0 2 1 0 1 2 0 1 2 0 1 2 0 2 1 2 1 2 1 1 2 0 1 2 1 1 1 1 1 2 2 0 0 1 1 1 1 3 0 2 0 1 0 2 1 3 0 1 1 3 0 0 2 0 1 2 0 1 1 2 0 2 0 2 0 1 0 1 1 2 0 0 1 0 0 1 0 0 1 1 0 0 1 2 0 0 2 0 1 0 2 0 0 3 0 2 2 0 1 3 0 1 2 0 2 0 0 0 0 0 0 2 2 0 0 1 1 0 1 0 0 3 0 0 1 1 0 0 1 1 1 1 2 0 0 1 1 1 0 3 0 0 1 1 0 0 1 3 0 0 1 3 0 3 0 0 0 0 0 2 0 2 1 0 0 3 0 2 1 1 0 3 0 2 0 0 0 3 0 1 1 1 0 1 1 0 1 3 0 1 2 0 0 0 0 2 0 1 1 1 2 0 1 2 0 3 0 0 0 0 0 0 1 3 0 0 1 2 1 1 0 2 1 0 0 2 2 0 0 2 2 0 1 3 0 1 0 3 0 2 0 2 0 2 1 3 0 0 1 1 0 2 0 1 0 0 1 2 0 3 0 0 0 0 1 3 0 3 0 1 1 0 0 0 1 0 0 2 0 1 1 1 1 2 0 3 0 1 1 2 2 0 0 0 0 3 0 0 1 3 0 0 1 0 0 2 0 0 1 0 0 1 0 1 1 2 0 1 2 0 0 3 0 0 1 0 0 0 2 0 2 0 1 3 0 1 0 2
0 383 1 1 0 1 0 0 2 1 2 1 0 0 0 1 2 1 2 1 2 0 1 1 1 1 1 1 1 1 0 0 2 0 3 0 3 0 2 1 0 1 2 2 0 1 0 1 1 1 1 1 0 0 0 1 0 1 0 0 2 0 1 0 0 2 0 1 0 1 0 1 3 0 2 1 1 0 2 1 3 0 2 1 2 0 0 2 0 0 2 0 2 0 0 0 1 1 2 2 0 1 0 0 0 0 0 0 1 0 0 1 3 0 3 0 3 0 0 2 0 0 2 0 1 0 1 0 1 0 3 0 1 2 0 0 0 1 3 0 2 0 2 1 0 1 2 0 0 1 0 1 2 1 0 0 0 1 2 0 2 1 2 2 0 2 0 1 2 1 2 0 1 0 1 0 2 0 2 1 2 1 3 0 1 1 2 1 2 0 1 0 1 1 1 1 2 1 2 0 2 1 1 0 0 1 1 0 1 1 0 1 3 0 1 1 2 1 3 0 0 1 1 1 2 2 0 1 2 0 3 0 0 1 2 0 0 0 2 1 0 1 0 2 0 2 0 1 0 1 0 0 2 1 1 0 0 0 1 1 1 1 2 1 0 1 2 1 1 1 0 1 2 0 3 0 1 1 0 1 1 2 0 0 3 0 1 0 1 0 2 0 1 1 2 0 1 1 0 1 3 0 1 1 0 0 2 1 1 0 1 1 2 0 2 2 0 1 0 0 0 2 0 1 0 2 0 2 0 0 0 0 3 0 0 0 1 0 2 1 0 1 2 1 2 1 1 1 1 2 0 1 0 1 1 2 0 0 2 1 0 0 0 0 0 0 3 0 1 1 1 2 0 0 1 2 0 2 0 1 1 2 0 0 1
1 383 2 2 0 2 0 1 2 0 0 1 0 0 1 1 1 0 0 2 0 2 0 1 3 0 2 0 1 2 0 1 1 0 3 0 3 0 1 1 1 1 1 1 0 0 0 0 2 0 1 2 0 0 0 2 0 2 0 1 0 1 3 0 1 2 0 0 0 0 0 1 2 0 1 1 2 1 2 0 2 0 1 2 0 1 2 1 3 0 0 0 0 1 1 1 0 0 1 0 3 0 2 1 0 0 0 0 2 0 1 1 2 0 3 0 2 1 2 1 2 2 0 1 3 0 2 0 2 1 3 0 0 0 2 1 1 1 2 0 1 0 1 1 1 0 3 0 1 0 0 1 0 1 0 0 1 1 0 0 2 0 1 1 0 2 0 1 0 2 0 1 3 0 2 1 1 0 2 0 1 0 2 0 0 0 0 2 0 1 3 0 3 0 2 1 1 0 0 0 1 1 2 0 1 0 1 0 3 0 0 1 2 0 0 0 1 0 1 1 2 0 2 1 1 1 0 1 0 0 2 1 2 0 3 0 0 1 1 1 1 0 0 2 0 1 3 0 3 0 3 0 0 1 2 0 0 0 3 0 2 1 0 1 1 1 0 1 3 0 0 1 0 0 2 2 0 1 1 0 2 1 3 0 1 1 3 0 2 1 0 2 0 2 0 2 0 1 1 1 1 2 0 1 0 1 1 1 2 1 0 0 0 0 2 0 3 0 2 1 1 2 0 0 0 2 0 1 2 1 0 1 2 1 1 0 2 1 1 1 1 1 1 0 0 1 3 0 2 2 0 0 0 0 2 1 3 0 0 1 0 0 0 0 0 1 2 2 0 2 0 0 2 2 0 1 0 2 0 0 2 1 2 1 2
0 384 1 2 1 0 2 0 0 3 0 0 2 0 0 3 0 1 0 1 2 0 2 0 1 2 0 1 0 0 1 0 0 1 1 3 0 2 2 0 1 3 0 1 2 0 0 0 1 1 0 0 0 2 1 1 2 0 2 0 0 0 1 2 0 0 0 2 1 0 0 1 1 0 0 0 0 1 0 0 0 1 0 0 1 0 1 1 0 1 1 1 0 1 0 1 2 0 0 2 1 3 0 1 1 0 0 0 1 1 0 0 0 0 0 3 0 2 0 1 0 1 1 0 1 2 0 1 0 2 0 1 1 1 1 1 1 3 0 3 0 2 0 3 0 1 1 2 1 3 0 0 2 0 2 0 0 2 2 0 1 0 2 0 1 1 2 0 0 0 2 0 1 2 0 1 1 2 1 0 2 0 0 0 1 1 0 1 2 0 1 2 0 3 0 1 1 2 0 0 0 3 0 3 0 2 0 2 1 2 1 2 0 3 0 0 0 2 1 0 0 0 0 1 1 2 2 0 2 0 1 2 0 0 0 2 1 2 0 2 0 1 0 1 2 0 1 2 0 3 0 2 1 2 0 3 0 0 1 3 0 1 1 1 0 2 0 0 1 1 1 1 2 0 1 2 1 0 0 1 1 2 0 2 0 0 0 2 0 1 1 1 2 0 2 0 2 0 0 2 0 2 2 0 0 0 0 2 1 0 1 0 0 0 1 1 0 3 0 1 2 0 0 2 1 1 2 0 1 0 1 1 1 0 1 2 1 1 1 3 0 2 0 1 0 1 1 2 0 2 0 2 1 0 1 2 0 1 1 1 2 0 0 0 0 1 1 1 1 0 1 3 0 1 1 0 0 0 1 3 0 1 0 1 0 0
0 385 1 1 0 1 1 1 3 0 1 1 2 1 3 0 1 2 0 0 0 1 0 2 0 0 3 0 2 0 0 2 0 1 0 0 2 0 2 1 0 1 2 0 0 0 2 1 1 0 1 0 0 1 1 2 0 1 0 1 2 1 1 0 3 0 0 1 1 1 0 0 2 2 0 0 0 0 2 0 0 0 2 0 1 0 0 0 1 0 3 0 1 0 2 1 0 0 3 0 1 0 1 2 0 1 0 0 1 0 1 0 0 0 0 1 3 0 0 1 3 0 3 0 0 0 3 0 2 1 0 2 0 1 3 0 2 1 2 0 3 0 1 0 3 0 0 0 1 0 1 1 2 2 0 1 3 0 1 1 0 0 0 2 0 0 2 1 2 1 1 2 0 1 0 0 0 0 0 1 1 1 2 1 1 0 1 1 0 1 0 1 0 0 2 2 0 2 0 1 1 1 3 0 3 0 1 0 2 0 1 0 0 0 2 1 1 1 1 1 0 0 0 1 0 0 1 1 0 2 0 0 3 0 0 1 2 0 0 0 0 2 0 0 0 1 0 1 0 0 3 0 2 0 0 0 2 1 2 1 1 2 0 1 2 1 0 1 2 0 2 0 2 2 0 1 0 1 0 1 0 0 0 0 0 1 1 1 0 2 0 2 0 1 0 2 0 1 3 0 0 0 2 0 2 1 0 1 1 1 0 2 0 0 1 0 1 1 3 0 0 0 3 0 0 2 0 1 0 0 0 0 2 0 0 1 0 2 0 0 2 0 0 2 0 0 0 0 0 0 1 0 1 1 1 0 3 0 3 0 2 1 2 1 0 0 3 0 2 0 0 1 1 2 0 1 0 0 1 1 1 1 3 0 2 0 0
0 385 3 0 0 0 2 1 2 0 0 0 1 0 2 0 0 0 2 1 1 0 0 1 3 0 2 0 0 1 2 1 3 0 3 0 0 0 1 1 1 0 3 0 0 1 1 1 2 0 2 0 1 0 2 2 0 0 0 1 0 1 2 1 2 1 2 0 1 2 0 1 2 0 2 1 0 1 0 1 1 1 0 1 3 0 0 0 2 1 2 2 0 0 1 1 0 1 2 2 0 0 0 0 3 0 2 1 2 0 2 0 0 0 1 1 1 1 2 1 2 0 2 1 1 1 3 0 1 1 1 2 0 1 2 0 2 0 0 0 2 2 0 0 2 1 1 0 2 1 0 0 1 1 0 1 1 2 0 1 0 0 1 1 3 0 1 0 0 2 0 0 3 0 2 1 0 0 1 0 2 1 0 1 2 0 2 2 0 2 0 2 0 1 2 1 0 2 0 0 2 1 2 0 2 2 0 0 0 1 3 0 0 1 1 1 3 0 1 2 0 0 0 2 0 0 3 0 0 1 3 0 1 1 2 0 3 0 0 0 1 1 2 1 0 2 0 2 0 1 3 0 0 1 1 1 2 0 0 2 0 1 0 1 0 1 1 1 0 0 1 0 2 0 3 0 3 0 3 0 2 1 0 0 1 0 2 0 0 2 0 2 0 0 0 2 0 1 1 1 1 1 1 0 1 1 1 0 2 0 0 1 2 1 2 1 0 0 1 1 1 1 2 1 2 1 3 0 2 1 0 1 0 1 2 0 0 1 2 2 0 1 2 1 2 1 0 0 0 0 2 0 3 0 1 1 3 0 3 0 2 0 0 1 0 1 3 0 0 1 2 0 2 1 3 0 2 1 3 0 2 1 2 0 0 1 1
0 386 1 2 1 1 1 1 2 0 1 1 0 2 1 0 1 1 1 1 1 2 0 1 1 2 0 0 1 2 1 1 0 2 0 2 1 1 0 3 0 1 1 2 1 2 0 2 1 0 0 0 2 0 0 2 0 2 1 1 0 0 1 1 0 1 0 0 0 0 1 0 1 0 0 1 1 1 0 0 0 2 0 0 1 1 1 1 1 2 0 1 0 2 1 3 0 0 1 1 0 2 1 0 1 3 0 2 0 0 0 0 1 1 0 3 0 2 1 1 0 0 0 1 2 0 0 1 2 0 2 0 1 0 1 0 0 0 1 1 1 2 0 3 0 0 1 2 1 1 1 0 0 3 0 0 0 2 1 3 0 2 2 0 0 1 1 3 0 1 1 3 0 2 0 1 1 0 0 2 1 1 1 1 1 0 0 2 1 0 2 0 2 0 1 0 1 1 1 3 0 1 0 0 0 2 0 2 1 1 1 1 1 2 0 2 1 2 0 0 0 2 1 1 1 3 0 1 1 2 1 2 0 0 0 0 0 2 1 1 1 0 0 0 1 1 2 0 2 0 1 1 1 2 0 2 0 3 0 1 2 0 0 0 0 0 0 1 2 0 0 2 1 1 0 3 0 3 0 3 0 1 1 0 0 2 1 0 1 2 2 0 1 2 1 1 2 0 0 2 0 2 0 1 0 3 0 1 1 0 1 2 1 1 0 0 1 0 0 3 0 2 1 1 0 1 0 2 0 1 1 1 0 0 0 3 0 1 1 1 1 0 1 1 0 0 1 0 0 0 1 1 0 3 0 0 0 2 0 3 0 0 1 2 0 0 1 1 1 2 1 0 0 2 0 2 0 2 0 2 0 1 2 0 1 2 0 1
1 387 1 1 0 1 3 0 2 2 0 0 1 1 1 1 1 0 2 0 2 0 3 0 3 0 3 0 1 1 0 1 2 1 1 0 1 1 2 1 3 0 0 0 1 0 0 0 1 1 0 0 1 1 3 0 0 0 1 1 2 0 1 0 1 0 2 0 0 0 0 2 0 2 0 0 3 0 1 0 0 1 0 1 2 0 2 0 2 0 3 0 2 1 2 0 1 1 2 0 1 1 1 1 1 1 2 0 0 1 1 0 1 0 1 1 3 0 1 1 2 0 0 1 0 0 2 2 0 1 0 1 3 0 3 0 2 1 1 0 2 1 0 0 2 1 2 1 0 1 2 2 0 1 2 1 1 1 2 0 2 0 2 0 2 2 0 0 2 0 0 0 2 0 0 2 0 1 0 1 1 1 3 0 1 2 0 1 1 1 1 2 0 2 0 0 0 0 2 1 1 1 3 0 0 1 1 0 1 1 3 0 2 1 0 0 1 2 0 1 1 1 1 2 0 0 2 0 0 0 0 2 0 1 1 0 0 1 1 1 2 2 0 0 1 0 2 2 0 2 0 0 2 1 0 0 1 0 3 0 0 0 2 1 0 0 0 1 0 0 3 0 0 1 2 1 3 0 3 0 2 2 0 1 0 1 1 1 1 1 1 1 0 1 0 2 0 0 3 0 0 0 0 2 0 0 2 2 0 1 1 1 0 1 2 0 0 2 0 1 3 0 1 1 2 0 2 1 0 2 0 1 2 0 0 1 2 2 0 1 3 0 0 0 1 0 0 2 0 0 1 0 1 1 2 1 1 1 1 0 2 1 2 0 3 0 1 0 2 1 0 1 0 1 1 0 1 0 1 0 1 0 0 1 0 0 3 0 2
0 387 3 0 0 1 2 0 2 0 2 1 3 0 2 0 1 1 1 0 1 0 3 0 3 0 2 2 0 1 1 1 0 1 2 1 0 0 1 0 1 1 1 0 2 0 0 0 2 2 0 1 0 0 1 1 1 0 3 0 3 0 2 0 2 1 0 1 1 0 1 2 0 1 3 0 1 1 3 0 1 0 0 1 0 0 1 0 1 0 3 0 1 2 0 2 0 2 0 2 0 1 3 0 2 0 3 0 1 0 1 0 2 1 0 0 1 2 0 2 0 1 1 2 0 1 2 1 0 0 0 1 2 0 3 0 1 1 2 1 1 1 0 1 2 0 0 1 1 1 1 1 0 1 0 2 0 0 0 0 1 0 1 0 2 0 2 2 0 1 1 1 0 1 2 2 0 0 0 0 2 1 2 0 0 1 0 0 2 0 2 2 0 1 2 1 0 1 1 2 0 0 1 1 2 0 1 1 0 0 2 0 1 1 0 1 0 1 0 0 2 0 2 1 2 2 0 1 1 0 1 2 0 0 1 0 1 0 2 1 1 0 2 1 2 1 2 1 0 1 3 0 0 1 0 0 2 1 2 1 1 1 1 1 0 0 0 2 0 1 2 1 2 1 1 0 2 0 3 0 2 1 0 0 0 0 2 0 2 0 2 0 0 0 0 1 3 0 1 1 1 0 1 1 3 0 1 1 0 0 2 0 0 0 3 0 1 2 0 1 2 0 0 0 0 0 1 1 1 2 0 0 3 0 1 1 1 1 0 1 1 1 1 0 2 0 1 1 2 1 2 1 0 0 0 1 3 0 1 1 2 0 0 0 2 2 0 0 1 1 1 0 0 0 1 0 2 0 2 0 2 0 0 2 0 1 3 0 1
1 388 1 2 1 2 1 0 0 1 0 2 0 2 0 0 2 0 1 2 0 2 1 3 0 3 0 2 1 0 0 2 0 0 1 0 1 0 0 2 0 3 0 1 1 0 1 1 1 2 0 3 0 2 1 3 0 1 1 3 0 3 0 1 0 1 1 1 0 1 1 0 1 0 1 2 0 0 0 1 1 3 0 0 2 0 0 2 0 2 1 3 0 0 1 0 2 0 2 0 2 0 1 2 0 1 0 2 1 3 0 2 1 1 1 0 1 0 1 0 2 0 0 2 2 0 1 0 1 0 0 1 1 0 0 3 0 0 0 0 1 3 0 0 0 3 0 1 0 2 0 2 0 0 0 0 1 2 1 0 0 2 0 2 1 1 0 2 1 0 0 2 0 0 1 1 0 2 1 0 1 1 2 0 1 1 2 0 1 1 0 2 1 0 1 0 1 1 0 2 1 2 1 3 0 3 0 2 2 0 1 0 2 0 1 0 2 0 2 0 1 1 0 2 0 1 1 0 0 1 1 0 0 2 1 2 0 2 1 1 1 2 1 2 0 1 0 0 1 1 1 1 1 1 2 0 1 2 0 0 1 3 0 1 2 0 0 1 2 0 1 1 0 0 1 2 1 1 0 3 0 1 1 0 0 0 1 1 0 1 0 0 1 1 0 1 1 1 2 0 1 2 1 0 0 1 2 0 1 0 1 0 1 1 1 3 0 0 1 0 0 3 0 0 0 0 0 3 0 2 1 3 0 1 2 0 1 3 0 0 0 2 0 1 1 1 0 0 0 1 0 0 1 0 0 1 1 1 2 0 2 0 1 1 1 2 0 2 1 3 0 1 0 0 0 2 1 1 0 1 0 0 1 2 2 0 1 1 2 0
1 389 1 1 1 0 0 1 0 0 2 1 1 0 0 1 2 2 0 1 0 0 2 0 2 0 3 0 1 1 0 1 0 1 1 2 0 2 0 1 1 0 2 2 0 1 1 0 2 1 0 0 3 0 2 0 2 0 0 0 2 0 2 1 3 0 3 0 1 0 3 0 0 0 0 0 3 0 0 1 0 0 1 1 2 1 3 0 0 0 2 0 1 1 2 0 0 2 0 2 0 2 0 0 3 0 2 1 2 0 2 0 1 1 3 0 0 0 0 0 0 1 3 0 1 0 3 0 3 0 2 1 2 2 0 1 2 1 1 0 1 1 1 1 1 1 2 2 0 0 1 0 0 1 1 0 1 1 0 1 0 1 1 0 1 1 2 1 1 1 0 1 0 1 2 0 1 1 1 1 1 0 2 2 0 0 2 2 0 0 1 1 1 1 1 0 0 0 1 1 2 0 1 0 2 0 3 0 2 1 0 0 0 2 0 0 0 2 0 2 0 0 1 1 0 2 0 1 0 0 2 2 0 1 2 0 0 0 1 2 0 0 0 2 0 1 3 0 1 0 2 0 2 0 2 2 0 0 3 0 1 1 2 0 0 0 2 2 0 1 0 0 1 0 1 1 0 1 2 1 2 2 0 1 0 0 1 0 1 0 2 0 1 0 1 0 3 0 2 2 0 1 0 1 0 1 0 1 0 0 0 0 0 0 2 1 1 1 1 2 0 1 2 1 1 0 0 1 3 0 2 0 2 0 0 1 0 1 1 1 1 1 0 2 0 1 2 0 0 0 2 0 0 2 0 0 3 0 2 2 0 2 0 0 2 1 0 0 2 0 1 1 3 0 0 1 1 1 2 0 2 0 1 1 1 1 0 0 2 1 2
0 389 3 0 1 0 0 2 0 1 1 1 2 0 1 1 1 0 3 0 3 0 0 0 1 0 2 2 0 1 1 0 0 0 2 2 0 2 0 0 1 1 2 1 0 0 1 1 1 1 0 1 3 0 1 0 0 1 1 1 1 0 2 0 2 0 2 2 0 0 2 1 1 0 0 1 2 1 1 2 0 1 0 0 1 0 1 1 1 1 0 2 0 2 0 1 2 2 0 2 0 1 3 0 2 0 2 0 0 0 1 0 0 0 1 1 1 0 0 0 1 1 1 2 0 0 3 0 3 0 2 0 1 1 0 1 0 1 2 0 3 0 2 0 2 1 1 0 2 1 2 0 1 0 1 0 3 0 0 0 0 0 1 1 0 0 0 1 3 0 0 0 0 0 3 0 3 0 2 0 1 1 2 0 3 0 1 0 2 1 3 0 2 0 1 0 0 0 3 0 3 0 2 1 1 0 3 0 1 1 0 0 1 1 2 1 1 2 0 1 2 1 3 0 0 1 3 0 3 0 1 1 0 0 3 0 0 1 0 0 2 1 1 2 0 1 1 2 0 0 1 0 1 0 2 0 3 0 1 2 0 2 0 1 1 1 2 0 3 0 2 1 2 0 3 0 0 1 1 0 1 0 3 0 2 1 2 0 2 1 0 1 3 0 2 1 3 0 2 0 3 0 3 0 3 0 3 0 2 1 0 0 0 1 1 1 3 0 2 2 0 1 0 1 2 0 1 1 2 0 1 0 0 1 2 0 0 0 2 0 2 0 0 2 0 0 3 0 0 1 0 1 2 1 3 0 2 0 2 1 0 1 3 0 0 1 0 1 1 0 0 0 1 1 2 0 2 1 0 0 0 2 0 1 2 2 0 1 2 0 0
0 390 1 2 1 3 0 1 2 0 0 2 0 3 0 3 0 1 1 3 0 2 1 1 0 2 1 2 1 0 0 1 0 0 1 2 1 0 1 2 2 0 0 0 1 0 0 3 0 2 0 0 1 1 1 3 0 1 0 2 0 1 1 1 0 1 0 2 0 3 0 0 1 2 0 1 1 0 2 0 0 3 0 2 1 2 0 3 0 2 0 0 2 0 2 0 1 1 1 0 2 0 1 2 0 1 0 0 1 1 0 2 0 0 0 3 0 1 0 0 0 3 0 2 1 3 0 2 0 3 0 0 2 0 1 1 0 0 1 0 0 3 0 1 0 1 1 2 1 1 2 0 1 3 0 2 1 2 1 1 0 0 0 2 2 0 0 1 1 1 1 1 0 0 1 3 0 3 0 1 0 0 0 0 0 2 2 0 0 2 0 2 0 0 1 3 0 0 1 3 0 3 0 1 1 2 1 2 2 0 1 0 1 0 0 0 2 0 1 0 1 1 0 1 1 2 1 2 0 2 2 0 1 0 1 2 1 1 2 0 1 1 2 0 1 0 0 2 1 2 1 2 0 2 1 1 0 3 0 0 1 0 2 0 0 2 1 0 0 3 0 2 0 0 0 2 1 2 0 1 0 2 1 3 0 2 0 0 0 1 1 1 1 2 0 2 0 2 0 1 0 3 0 3 0 3 0 3 0 1 1 0 0 1 0 2 1 2 0 2 1 0 0 0 0 3 0 3 0 3 0 2 0 1 0 3 0 0 1 1 0 0 1 2 1 3 0 1 1 2 0 0 1 1 0 2 0 1 0 1 1 1 1 1 1 2 0 0 0 1 0 0 1 0 0 0 0 1 1 0 0 1 2 0 1 1 1 0 0 3 0 0
0 391 1 1 1 0 2 0 0 0 3 0 0 0 3 0 3 0 0 0 2 0 1 1 2 1 2 0 0 1 0 0 2 0 1 1 0 1 1 1 1 0 2 1 0 2 0 1 3 0 0 1 2 0 2 1 1 2 0 0 0 2 0 1 2 0 2 1 1 0 2 1 2 0 3 0 3 0 0 1 3 0 2 0 2 0 0 0 3 0 0 1 2 2 0 2 0 0 2 0 0 2 0 0 3 0 2 0 1 0 1 1 0 1 1 1 2 1 3 0 0 1 3 0 2 0 2 0 1 0 2 1 2 2 0 0 1 0 0 2 0 1 2 2 0 0 0 0 0 2 0 1 0 1 2 0 2 0 0 1 2 0 0 1 2 0 2 1 3 0 2 0 1 0 1 1 2 0 2 1 3 0 0 0 0 1 2 0 3 0 0 0 0 1 2 1 1 1 2 1 2 0 3 0 0 0 1 0 1 0 3 0 3 0 2 1 1 2 0 0 0 0 1 1 0 0 1 0 0 0 2 1 0 0 0 1 0 2 0 1 0 0 2 1 3 0 3 0 1 0 1 0 0 0 1 1 2 1 2 1 2 0 0 1 3 0 0 1 0 1 3 0 0 1 1 1 1 2 0 2 0 0 2 0 2 0 0 1 1 0 3 0 2 1 0 0 1 0 0 2 0 0 3 0 3 0 3 0 2 2 0 1 0 0 2 1 2 0 0 0 1 1 0 0 0 1 3 0 3 0 3 0 0 2 0 0 2 1 2 0 1 0 1 1 1 0 1 2 0 2 0 1 2 0 1 1 0 1 3 0 3 0 2 0 2 0 3 0 0 0 2 0 0 2 0 0 0 0 2 2 0 1 0 1 0 0 1 2 0 1 2 1 1
0 391 3 0 1 1 0 1 1 1 2 1 1 1 3 0 2 1 1 1 1 0 0 0 0 2 0 1 1 2 0 1 0 2 0 1 1 0 2 0 1 1 1 1 1 2 0 1 1 1 2 1 0 0 1 2 0 0 2 1 1 2 0 1 0 0 1 1 2 1 2 0 0 0 3 0 2 1 2 1 2 0 1 0 0 1 1 1 2 1 2 1 1 1 0 1 2 2 0 1 2 1 3 0 2 0 0 1 3 0 3 0 0 0 2 1 1 0 1 1 2 1 2 0 1 0 0 2 0 0 2 0 1 0 2 1 2 0 1 2 0 1 1 0 2 1 0 0 1 2 0 0 0 1 0 0 0 1 2 0 3 0 1 1 0 0 2 0 2 0 0 2 0 0 0 0 0 0 2 0 1 1 1 0 1 1 0 0 2 1 1 0 1 1 0 2 0 0 1 0 0 0 2 1 1 0 2 0 2 1 3 0 3 0 1 2 0 0 2 1 0 0 2 2 0 0 2 0 0 1 1 1 0 0 1 0 0 1 3 0 3 0 1 0 2 0 2 1 3 0 2 0 0 1 0 0 1 0 0 2 0 1 2 1 1 1 2 0 0 1 1 1 2 0 2 0 2 2 0 1 3 0 0 0 0 1 2 0 1 1 3 0 1 1 0 0 2 0 1 1 3 0 2 0 3 0 3 0 2 0 3 0 3 0 0 2 0 1 1 0 2 2 0 0 1 1 2 0 3 0 2 1 2 1 3 0 0 2 0 1 3 0 3 0 1 1 0 1 0 2 0 0 3 0 3 0 0 1 2 0 3 0 1 0 1 0 2 1 1 1 0 1 2 1 2 1 0 1 2 0 3 0 3 0 2 2 0 1 0 1 0 1 2
1 392 1 2 2 0 1 1 0 2 1 0 2 0 0 2 0 1 1 3 0 1 0 0 0 1 2 0 0 2 2 0 0 0 2 0 0 1 1 0 2 0 1 3 0 2 2 0 0 2 1 0 1 0 1 0 0 3 0 0 2 0 0 3 0 2 2 0 0 0 2 0 1 1 1 3 0 2 0 0 2 0 1 3 0 1 0 2 1 1 0 0 1 3 0 0 1 1 1 0 1 1 0 2 0 0 1 2 1 2 0 2 1 1 1 1 1 2 1 0 0 0 2 0 1 3 0 1 1 2 2 0 2 0 0 2 0 0 0 0 1 0 0 1 1 1 1 0 1 0 0 2 1 0 2 0 0 1 1 0 0 2 2 0 1 0 1 1 0 0 1 2 1 2 1 0 0 0 1 0 2 0 1 2 0 2 2 0 1 1 1 2 0 3 0 0 1 2 1 2 0 0 1 1 1 2 1 1 0 2 0 2 0 3 0 0 0 3 0 0 1 0 1 2 0 2 2 0 1 2 0 1 2 0 0 2 0 1 1 2 0 2 2 0 0 1 0 2 0 2 0 0 1 1 2 0 0 2 0 1 2 0 1 0 1 3 0 3 0 1 0 2 1 0 0 1 0 2 1 0 1 1 1 1 0 1 1 0 0 0 0 1 2 0 1 0 1 1 0 0 0 2 0 1 0 3 0 3 0 1 0 3 0 2 1 2 2 0 0 1 1 2 0 2 2 0 0 0 0 3 0 2 0 1 0 1 1 2 2 0 1 2 0 2 2 0 1 1 0 0 1 3 0 2 0 2 1 2 1 0 0 2 1 3 0 2 1 1 1 3 0 0 1 1 0 0 1 1 1 0 0 3 0 3 0 2 1 0 0 0 0 0 1 0
1 393 1 1 1 1 0 0 1 1 1 1 1 1 3 0 0 0 0 0 1 1 3 0 0 1 0 0 3 0 1 0 2 1 1 1 2 1 3 0 0 2 0 1 2 0 2 0 3 0 0 1 0 2 0 2 0 1 2 1 2 1 3 0 2 0 2 0 2 1 1 2 0 0 2 1 2 0 0 1 2 2 0 1 1 2 0 0 1 1 2 0 1 1 1 1 2 0 2 0 0 0 1 1 0 1 2 1 1 0 0 0 1 1 3 0 2 1 0 1 0 0 1 2 0 1 2 0 0 0 1 1 0 1 2 2 0 1 1 0 0 2 0 0 3 0 1 2 0 2 0 1 1 1 1 1 2 1 2 2 0 1 2 1 0 0 0 0 1 0 1 1 1 0 0 1 0 0 1 0 0 2 0 1 0 0 2 1 0 0 2 1 0 0 2 1 2 1 0 2 0 1 2 0 2 1 0 1 2 1 1 0 1 0 2 1 1 1 2 1 2 0 0 1 0 0 2 1 0 1 0 0 0 0 3 0 0 0 0 0 0 0 2 0 2 1 2 1 1 0 0 1 2 0 2 1 3 0 0 0 0 1 0 0 0 1 2 0 2 2 0 0 1 1 0 0 2 1 1 1 1 0 2 0 1 0 2 2 0 0 0 1 0 1 0 0 0 0 1 0 0 1 0 2 0 0 3 0 2 2 0 0 3 0 2 0 1 0 2 2 0 0 0 0 2 0 2 1 0 1 3 0 0 2 0 0 0 0 1 1 0 1 0 0 2 1 0 0 1 0 1 1 2 0 1 0 2 0 0 1 0 1 2 0 2 0 1 2 0 0 1 1 2 0 1 0 1 0 1 2 0 1 3 0 3 0 1 1 0 0 0 0 0 2 0
0 393 3 0 1 2 0 0 3 0 2 0 2 1 1 1 1 0 0 1 0 0 1 1 1 2 0 1 2 2 0 0 1 2 0 0 1 0 1 1 2 2 0 1 0 0 1 0 2 1 2 0 0 2 0 2 0 1 1 0 1 0 2 0 1 0 1 0 1 2 0 0 3 0 0 2 0 1 2 1 1 1 0 0 2 1 2 1 3 0 3 0 3 0 2 1 0 0 0 1 1 0 3 0 0 1 0 1 2 0 0 1 0 0 2 0 1 1 0 2 0 1 0 1 0 0 3 0 0 0 3 0 0 1 1 1 0 0 1 0 1 1 3 0 2 0 0 1 0 2 0 0 2 0 2 1 1 0 1 1 0 1 0 1 0 0 0 0 2 0 3 0 1 0 0 2 0 0 2 0 1 1 3 0 3 0 0 1 0 1 1 1 0 1 2 0 0 1 1 2 0 1 0 0 1 1 1 1 0 1 2 0 2 1 1 2 0 0 0 2 0 1 1 2 0 1 1 1 0 2 0 0 0 1 2 1 1 0 0 0 0 1 1 0 2 0 0 1 2 0 1 1 0 0 2 0 1 1 1 0 0 2 0 0 1 1 0 0 2 0 2 1 2 2 0 1 1 1 3 0 1 1 0 2 0 0 2 0 2 1 0 2 0 2 0 0 0 0 2 0 1 0 0 1 3 0 2 0 2 0 3 0 2 0 0 2 0 0 2 0 2 1 0 1 1 0 1 1 1 1 1 1 2 1 2 1 0 0 2 2 0 2 0 1 1 1 0 0 2 0 3 0 3 0 2 1 0 1 2 0 0 1 0 0 1 0 0 0 2 1 3 0 3 0 2 0 2 1 0 1 0 1 2 0 2 2 0 1 0 0 0 0 1 1 2
1 394 1 3 0 0 0 3 0 2 0 1 0 1 1 3 0 1 0 0 2 0 0 3 0 2 2 0 1 1 0 2 2 0 0 2 1 2 1 0 0 1 0 3 0 2 1 2 1 1 2 0 1 2 2 0 2 0 0 1 0 2 1 0 1 3 0 2 1 0 0 3 0 1 1 2 2 0 1 0 1 2 2 0 1 2 0 1 0 2 0 3 0 3 0 1 1 0 0 1 0 1 1 2 1 2 0 0 0 3 0 0 2 0 1 0 2 0 1 1 1 3 0 3 0 3 0 1 1 1 1 2 1 2 0 1 2 0 0 2 1 0 0 2 0 0 1 2 0 0 1 3 0 0 0 1 1 2 0 2 2 0 2 0 2 0 0 0 1 1 0 2 1 3 0 1 1 3 0 0 0 0 0 2 0 2 1 2 0 0 0 2 0 0 0 3 0 1 0 2 1 3 0 2 1 3 0 2 0 0 1 0 0 1 2 0 0 2 1 1 2 0 0 2 2 0 0 2 0 0 1 2 1 1 1 0 1 2 0 0 0 1 0 1 1 0 1 2 0 3 0 2 2 0 1 0 2 0 1 2 0 1 1 2 1 2 2 0 1 1 0 2 0 1 1 0 0 2 1 1 2 0 1 1 1 3 0 0 0 1 1 1 2 0 1 2 1 0 1 0 1 3 0 1 1 2 0 1 0 1 0 3 0 0 1 2 1 3 0 0 0 1 1 1 0 1 0 3 0 2 0 2 1 1 0 0 1 0 1 2 1 0 2 0 0 1 2 0 1 1 0 3 0 3 0 1 1 1 0 3 0 0 2 0 0 2 0 0 1 2 0 2 0 3 0 1 0 1 1 1 0 0 1 0 0 2 0 3 0 2 1 0 1 0 0 0
1 395 1 1 1 1 1 1 3 0 0 2 0 0 0 0 1 1 3 0 1 1 3 0 2 0 2 1 0 0 1 1 2 0 3 0 1 0 0 1 0 0 2 1 3 0 2 0 0 2 0 1 0 1 1 1 0 1 2 1 2 1 1 1 1 1 2 0 1 1 0 1 3 0 0 0 1 1 0 0 0 1 1 1 0 0 3 0 2 1 1 0 3 0 2 2 0 1 0 0 2 1 0 0 0 2 0 1 1 1 2 1 2 2 0 0 0 2 0 0 2 1 2 0 3 0 2 2 0 2 0 0 1 0 0 0 0 0 3 0 0 1 0 1 0 1 2 0 3 0 1 1 1 1 1 1 0 0 0 0 2 1 0 2 0 1 2 1 1 0 1 1 2 0 2 0 0 0 1 1 1 0 0 1 1 0 1 2 0 1 1 1 0 1 1 1 2 2 0 0 2 0 2 0 2 0 2 0 0 1 1 2 0 1 0 0 3 0 0 2 0 0 3 0 1 0 2 2 0 1 2 1 0 1 3 0 0 0 3 0 0 0 2 0 3 0 0 1 0 0 3 0 2 1 0 0 0 2 0 1 0 0 0 0 1 0 1 1 0 0 1 1 0 2 0 1 0 1 1 2 0 1 0 0 2 1 1 1 1 0 3 0 2 2 0 1 0 1 1 0 0 1 1 2 0 2 0 1 3 0 2 1 2 1 2 1 1 0 1 1 1 0 3 0 1 0 2 1 3 0 1 0 1 1 2 0 1 0 0 1 0 1 1 1 2 2 0 1 0 0 1 1 3 0 2 2 0 1 2 1 2 1 2 1 2 2 0 1 2 1 0 0 1 0 2 1 3 0 3 0 1 0 0 2 0 1 1 0 3 0 1 1 0 2 0 0 0
1 395 3 0 2 0 2 1 1 1 2 1 2 1 0 1 0 0 2 0 0 0 2 0 1 0 1 1 0 1 0 0 0 0 2 1 3 0 0 2 0 1 2 0 2 0 0 1 2 2 0 0 0 0 2 0 0 1 1 0 0 1 3 0 2 0 3 0 3 0 0 1 1 1 1 0 2 2 0 0 1 0 1 2 0 1 3 0 1 1 2 1 3 0 2 0 3 0 3 0 0 1 0 0 1 2 0 0 2 1 1 0 1 0 2 1 1 1 3 0 1 0 0 0 3 0 2 1 0 1 2 1 2 0 0 0 0 1 2 1 2 0 0 0 0 1 0 0 2 2 0 1 3 0 1 2 0 0 0 1 1 1 1 2 0 1 0 1 2 1 0 0 0 0 0 1 1 0 3 0 1 0 1 0 1 1 0 1 0 0 2 0 0 0 2 1 1 0 3 0 0 0 1 0 1 0 0 1 2 0 2 1 3 0 3 0 1 1 2 1 3 0 1 2 0 0 2 1 0 1 0 1 1 1 1 1 1 1 2 1 1 1 1 0 2 1 1 2 0 1 3 0 1 1 0 0 1 1 3 0 2 1 0 0 2 0 2 2 0 0 3 0 0 2 0 0 0 0 2 1 3 0 3 0 0 1 3 0 1 1 3 0 2 1 0 0 0 0 1 0 1 0 2 2 0 2 0 1 2 0 2 0 1 0 0 1 2 0 3 0 1 1 2 2 0 0 2 0 1 1 3 0 3 0 3 0 2 0 1 0 0 0 2 1 1 0 3 0 2 2 0 0 2 0 2 1 0 1 1 0 1 0 1 0 1 1 0 1 0 1 0 0 2 1 2 0 2 0 2 1 3 0 1 2 0 0 1 1 2 2 0 1 1 1 2 1 0
1 396 1 3 0 1 0 1 2 0 0 1 0 0 1 0 2 0 1 0 1 1 1 0 1 3 0 2 2 0 2 0 0 0 1 2 0 1 1 2 2 0 1 0 0 0 1 2 1 1 0 2 1 0 1 0 1 2 0 1 0 1 1 2 0 1 0 3 0 2 1 2 0 2 0 1 1 2 0 2 1 2 1 0 1 0 1 2 0 0 0 1 0 2 0 1 0 3 0 2 1 1 2 0 1 0 0 3 0 0 1 2 0 2 1 1 2 0 0 1 1 3 0 0 1 3 0 1 1 1 1 0 2 0 1 1 0 1 1 0 2 0 1 1 0 0 2 0 1 2 1 0 1 2 0 0 0 2 1 1 0 2 0 2 2 0 0 0 1 0 1 0 0 0 0 1 0 1 1 2 1 3 0 2 0 2 2 0 2 0 1 0 1 1 1 1 1 2 1 2 1 1 0 2 0 2 0 1 1 0 0 2 0 2 0 3 0 0 0 1 0 2 0 0 0 3 0 0 1 1 0 0 0 2 0 2 0 2 1 0 1 3 0 1 1 1 2 0 1 0 1 1 2 0 1 0 1 0 0 2 0 1 1 0 1 1 0 2 0 3 0 1 1 2 1 2 1 0 1 2 0 2 0 2 1 2 1 2 0 0 0 2 0 1 1 0 0 0 0 2 0 2 1 2 1 0 2 0 1 0 0 0 1 3 0 1 1 0 0 3 0 0 0 1 0 3 0 0 0 0 0 2 0 3 0 3 0 0 1 3 0 0 1 1 1 2 1 3 0 2 0 3 0 0 0 1 1 1 0 1 0 2 0 2 0 2 2 0 2 0 2 0 1 2 0 0 0 1 0 2 0 2 0 0 0 2 2 0 0 1 1 0 0 2 1 0 1 0
1 397 1 1 1 2 0 0 0 0 2 1 2 0 1 0 0 2 0 0 0 0 2 0 0 1 2 0 2 1 0 1 2 1 1 1 0 0 0 0 1 0 3 0 2 1 1 1 0 1 2 1 1 1 1 0 0 0 3 0 2 0 3 0 3 0 2 1 3 0 2 0 0 0 1 0 0 0 0 0 2 0 0 1 1 0 0 0 3 0 0 0 2 1 0 2 0 0 3 0 1 2 0 0 3 0 3 0 1 1 2 1 0 0 1 2 0 0 2 2 0 0 1 1 2 1 1 2 0 1 3 0 0 2 0 0 1 0 3 0 0 2 0 0 1 0 1 2 0 1 0 1 1 0 3 0 0 1 1 1 2 1 1 0 2 0 2 1 0 2 0 2 0 0 0 0 2 1 0 0 1 0 2 0 1 0 2 1 0 2 0 0 0 0 2 0 2 1 1 0 0 1 2 1 1 0 0 2 0 1 0 1 1 0 1 0 2 1 1 0 2 1 0 1 1 1 2 1 2 0 1 0 0 1 1 0 1 0 1 1 1 1 1 2 0 2 0 1 0 0 0 0 2 1 3 0 3 0 2 2 0 2 0 1 1 0 1 1 1 0 3 0 0 0 1 0 0 1 1 1 0 0 1 0 2 0 0 2 0 1 1 1 0 2 0 1 0 0 0 1 1 0 2 0 0 1 1 1 3 0 2 1 1 1 1 2 0 1 0 1 2 1 1 0 2 1 2 1 1 0 0 1 1 0 3 0 2 1 2 1 1 1 2 0 2 1 1 0 2 0 1 0 2 1 1 0 3 0 1 0 2 1 1 0 1 0 2 1 0 2 0 2 0 0 3 0 0 0 2 1 1 0 0 1 1 1 2 0 2 1 2 2 0 1 1 1 0 2 0
0 397 3 0 2 1 2 1 0 1 1 2 0 1 3 0 1 1 2 1 0 1 0 1 2 1 0 0 1 1 1 1 0 1 2 2 0 0 0 0 2 1 3 0 1 1 3 0 0 1 0 1 3 0 1 0 0 1 3 0 1 0 3 0 3 0 2 0 2 0 0 1 1 0 2 0 0 0 0 1 0 1 2 0 1 0 0 1 2 1 1 1 1 1 1 1 3 0 2 0 0 0 3 0 2 0 3 0 0 0 0 1 0 1 0 0 3 0 1 0 2 2 0 0 0 2 0 1 0 1 1 1 2 1 2 1 2 1 2 1 2 1 2 1 2 1 0 1 0 0 0 0 1 1 2 1 2 0 2 1 0 1 2 1 1 0 1 1 1 2 0 1 2 1 0 1 1 1 0 0 2 1 0 2 0 0 1 1 1 1 2 1 0 1 1 0 1 1 2 0 1 1 0 1 2 0 1 2 0 0 0 0 1 0 2 1 1 1 2 1 1 1 1 0 2 1 0 2 0 1 3 0 1 0 1 0 2 0 3 0 2 0 2 2 0 1 3 0 2 1 0 1 2 0 2 0 3 0 2 1 0 2 0 0 1 0 3 0 1 1 2 1 1 0 2 0 1 0 1 2 0 0 2 1 0 1 2 2 0 0 2 0 0 1 3 0 2 1 1 0 1 1 0 1 2 0 2 1 2 0 1 1 3 0 2 2 0 0 0 1 0 1 2 1 2 0 0 1 2 0 1 0 1 1 3 0 2 0 0 2 0 0 0 0 1 1 2 1 0 2 0 0 1 1 2 1 2 2 0 0 1 1 2 0 2 1 1 1 1 2 0 1 3 0 1 1 1 1 1 1 2 0 1 0 2 1 0 0 2 0 1 1 0 0 2 0 0 1 2
1 398 1 3 0 2 0 0 1 1 0 2 2 0 1 2 0 0 0 0 1 1 0 0 1 0 1 0 0 3 0 2 0 0 1 1 0 2 1 0 1 2 0 2 0 0 0 1 1 2 0 0 1 1 1 3 0 1 1 1 2 0 0 3 0 3 0 1 0 0 1 2 0 1 1 0 1 1 0 1 0 0 0 3 0 2 0 1 1 0 1 3 0 2 0 2 1 2 0 0 1 1 1 3 0 1 0 2 1 1 0 0 2 0 2 0 1 2 2 0 0 2 0 2 1 1 2 0 0 0 0 2 1 1 0 1 0 1 0 1 0 1 0 1 0 0 1 0 2 0 0 0 1 0 0 1 0 0 0 1 1 1 1 0 1 2 0 3 0 2 2 0 1 0 1 1 0 1 2 0 1 1 1 1 1 2 1 3 0 2 1 0 1 1 0 1 0 3 0 3 0 3 0 0 1 0 0 0 0 2 1 0 0 2 1 1 2 0 0 0 1 3 0 1 1 1 1 1 2 0 1 1 1 3 0 2 1 1 0 3 0 1 0 2 1 0 1 2 0 1 1 1 1 0 0 1 0 3 0 1 1 1 1 2 1 2 1 3 0 0 0 0 1 2 1 0 2 0 0 0 0 3 0 0 1 1 1 1 0 2 2 0 1 2 1 2 0 1 1 2 0 3 0 0 1 0 0 2 0 0 0 0 0 2 0 2 0 2 1 1 0 0 1 0 2 0 1 2 0 3 0 2 1 0 0 2 0 0 1 2 1 2 1 0 1 0 0 0 1 1 1 2 2 0 0 1 0 1 0 2 2 0 0 0 0 1 1 3 0 2 2 0 1 1 2 0 1 3 0 2 0 3 0 2 1 1 1 0 1 0 2 0 1 0 1 0 1 2 1 0
1 399 1 1 2 0 0 1 2 0 1 1 2 1 0 0 3 0 0 0 1 0 1 0 0 2 0 2 0 1 3 0 0 1 2 0 1 1 1 1 1 1 0 0 0 1 1 0 3 0 3 0 1 0 2 1 1 2 0 2 0 0 3 0 2 0 2 1 3 0 1 0 3 0 3 0 0 0 1 0 2 0 0 1 3 0 0 2 0 1 1 1 2 0 1 0 1 2 0 1 2 0 2 1 1 2 0 0 1 1 2 0 1 2 0 2 0 1 1 0 3 0 0 0 1 2 0 0 2 1 0 1 1 1 2 0 2 0 2 0 2 0 2 0 2 0 1 0 0 1 2 1 0 2 0 0 2 0 0 0 3 0 2 0 0 1 0 0 3 0 2 1 0 0 0 0 1 1 0 1 0 0 2 0 2 1 1 0 2 0 1 1 1 0 1 0 2 1 3 0 3 0 2 1 1 2 0 0 0 1 1 1 0 1 1 2 0 0 2 1 1 1 1 2 0 1 3 0 2 2 0 0 2 1 2 0 1 1 2 1 2 2 0 0 1 1 1 0 3 0 3 0 1 2 0 0 2 1 2 2 0 2 0 0 1 0 1 0 1 1 1 0 1 1 0 1 1 1 2 1 0 1 2 1 2 0 2 0 1 1 2 1 0 1 1 0 0 0 0 0 0 0 2 1 1 2 0 1 0 1 1 0 0 1 1 0 1 0 1 1 2 0 1 0 0 2 0 1 0 0 3 0 1 1 0 1 0 1 2 1 1 0 0 1 0 2 0 0 1 0 2 1 1 0 2 1 2 0 2 1 2 0 2 1 0 1 0 0 2 0 2 1 0 0 2 2 0 1 2 0 1 0 3 0 1 1 3 0 0 0 0 2 0 0 0 0 0 1 0 1 0
1 399 3 0 3 0 1 1 0 0 0 0 0 1 0 1 2 1 1 0 2 0 2 0 1 2 0 2 0 1 1 1 2 0 3 0 3 0 2 0 1 2 0 0 1 0 1 1 3 0 2 2 0 0 1 2 0 1 0 1 3 0 2 0 1 0 2 0 1 2 0 0 3 0 2 1 1 0 2 1 0 1 2 1 1 1 2 2 0 0 2 0 3 0 2 1 0 1 0 1 0 0 1 2 0 0 2 2 0 0 0 0 0 1 0 2 0 0 1 1 2 1 1 1 0 0 3 0 0 1 1 0 2 1 0 0 1 0 1 0 1 0 1 0 0 1 3 0 1 1 0 1 1 1 2 2 0 1 1 1 3 0 0 1 1 2 0 1 3 0 1 1 0 0 0 0 2 2 0 2 0 1 1 0 1 1 2 1 0 2 0 1 2 0 2 1 2 0 2 0 3 0 1 2 0 0 2 1 1 0 2 0 0 0 2 1 3 0 0 1 3 0 2 2 0 1 2 0 2 0 3 0 1 0 0 0 0 0 1 0 1 0 2 1 3 0 1 1 3 0 3 0 0 0 3 0 1 0 1 1 0 1 2 1 2 0 2 0 3 0 1 0 3 0 0 0 2 1 0 1 1 1 1 0 0 0 1 0 0 0 0 1 1 0 1 0 0 0 0 0 0 1 1 2 0 1 0 0 0 0 1 0 1 0 1 0 2 0 3 0 3 0 2 0 1 1 3 0 3 0 1 2 0 1 1 0 0 1 0 1 2 0 1 0 0 1 2 1 2 1 1 1 2 1 2 0 0 0 2 0 0 0 1 1 0 2 0 1 1 0 1 1 0 1 2 1 0 0 3 0 2 1 3 0 0 0 1 1 1 0 1 1 2 1 0 0 0 2 0 2 0
0 400 1 3 0 2 2 0 1 0 0 0 0 1 0 0 1 0 1 2 1 1 0 1 0 0 1 0 2 0 0 2 1 0 0 3 0 3 0 1 0 0 0 2 1 2 1 0 0 2 0 2 0 2 2 0 1 0 0 0 1 2 0 0 2 0 0 1 0 0 0 3 0 2 0 1 1 2 1 1 1 1 1 0 2 0 0 1 0 3 0 0 0 3 0 1 1 0 2 0 2 0 1 0 0 3 0 1 0 2 1 0 0 1 0 0 1 2 2 0 0 0 1 2 2 0 1 2 1 2 0 1 1 1 1 0 0 2 0 2 0 2 0 2 0 1 1 1 2 0 1 1 0 2 1 1 1 0 0 2 1 1 1 2 0 2 2 0 1 1 2 0 1 0 0 0 1 2 1 0 2 0 0 1 1 0 0 0 1 1 2 0 1 0 0 2 0 0 0 1 0 3 0 0 0 3 0 0 1 2 1 0 1 1 1 2 0 1 1 2 1 2 0 2 1 0 1 0 0 1 0 2 1 3 0 0 0 0 0 2 0 2 1 2 0 2 0 0 0 2 0 2 1 1 1 2 1 3 0 3 0 0 1 1 0 0 0 1 0 2 2 0 0 2 1 1 1 1 1 1 0 2 0 1 0 0 0 2 0 0 0 1 0 1 0 2 0 0 0 0 0 1 0 2 1 3 0 2 1 0 0 2 0 2 0 2 1 1 0 3 0 3 0 1 0 0 0 2 0 3 0 0 1 0 0 1 0 1 0 0 0 3 0 2 0 1 1 1 0 0 2 0 0 0 2 0 1 1 1 0 1 1 0 3 0 0 2 0 0 1 0 3 0 0 1 0 1 0 1 3 0 2 0 1 1 1 0 3 0 1 1 0 0 0 1 0 0 1 2 0 1 2
1 401 1 1 2 0 2 0 3 0 2 1 0 0 2 0 1 0 0 1 0 1 2 0 2 0 1 0 0 1 3 0 0 1 0 1 3 0 2 1 3 0 0 1 2 0 0 1 0 1 1 0 1 0 2 0 3 0 2 1 1 0 3 0 1 1 2 1 2 0 0 1 3 0 1 0 0 0 0 1 3 0 2 0 0 1 2 1 2 1 2 1 1 1 2 2 0 1 1 2 0 1 3 0 3 0 1 2 0 0 1 1 0 0 2 0 1 1 1 0 2 1 1 1 1 1 0 1 0 2 0 2 0 1 2 2 0 1 1 0 1 0 1 0 0 2 0 2 0 1 0 0 1 1 1 1 2 2 0 1 1 2 0 0 0 0 2 1 0 0 2 1 3 0 2 1 1 1 0 1 1 1 2 1 2 2 0 0 1 0 2 1 3 0 2 2 0 1 1 0 2 1 2 1 1 1 2 1 2 1 0 1 1 0 2 1 0 0 0 0 1 0 0 0 1 1 0 2 0 0 2 1 2 0 1 1 1 0 0 1 1 0 2 0 0 0 0 1 1 1 1 0 1 2 0 0 1 0 2 0 2 1 2 0 1 0 0 0 2 1 2 0 3 0 0 1 3 0 2 0 1 1 0 1 3 0 0 1 0 1 1 0 2 0 2 1 0 1 1 0 0 0 2 1 2 0 2 0 1 1 0 1 1 0 1 0 1 1 2 1 3 0 2 1 3 0 0 1 1 0 2 1 1 2 0 0 2 0 2 0 0 1 3 0 0 2 0 1 2 0 1 1 2 1 1 2 0 0 2 0 0 0 1 1 2 1 2 1 2 1 2 1 2 1 2 0 0 0 0 1 2 0 0 2 0 1 2 1 2 2 0 1 0 0 0 2 0 1 0 1 0 1 0
1 402 1 0 0 0 0 1 0 3 0 1 1 0 1 0 1 3 0 1 0 0 1 0 0 0 1 3 0 1 1 1 1 2 0 0 1 2 0 2 0 1 1 2 0 3 0 1 0 0 0 1 0 2 1 1 0 3 0 1 1 2 1 3 0 0 0 0 2 0 1 2 1 1 1 3 0 0 0 1 1 2 0 0 1 2 1 1 0 1 0 0 2 0 0 1 1 0 0 2 2 0 1 2 0 3 0 0 0 2 1 2 2 0 1 0 2 0 1 2 1 1 1 3 0 2 0 0 0 0 2 0 2 0 1 1 1 0 0 1 0 2 0 2 0 1 2 0 1 3 0 2 1 3 0 2 1 1 1 0 0 2 1 2 1 0 1 1 1 0 1 2 0 2 0 1 1 3 0 0 0 2 1 1 0 1 0 2 1 2 1 2 0 2 0 2 1 0 0 1 1 2 0 0 2 0 0 1 0 0 1 1 0 1 1 1 1 0 0 0 0 2 0 0 0 3 0 0 1 3 0 0 2 0 2 0 1 2 0 1 0 1 1 0 1 1 0 1 0 2 0 1 1 0 0 2 1 2 1 1 0 1 2 0 1 3 0 0 1 2 0 0 0 2 1 2 1 2 0 0 2 0 1 1 1 1 1 2 0 0 0 1 1 1 0 1 1 1 0 1 0 0 1 2 0 0 0 0 2 0 1 1 0 1 0 2 1 0 0 1 0 2 0 2 0 1 1 2 0 1 1 1 2 0 0 3 0 0 0 0 1 2 1 1 1 2 2 0 1 0 0 0 0 0 2 0 0 2 2 0 1 1 1 0 0 1 0 1 0 1 0 1 0 0 2 0 1 1 0 1 0 3 0 1 2 0 1 1 0 1 0 3 0 2 1 1 1 3 0 3 0 3 0 2
0 402 2 0 0 0 0 2 1 2 2 0 1 1 0 0 1 1 1 3 0 0 2 0 0 1 1 1 2 0 1 3 0 3 0 1 1 0 0 1 0 0 0 0 0 2 1 3 0 0 0 2 1 1 1 2 1 3 0 0 0 1 0 1 1 1 0 1 2 0 1 0 2 0 0 1 1 1 0 3 0 3 0 1 1 0 1 2 0 2 0 1 1 2 1 2 2 0 1 2 1 0 1 0 0 2 1 1 1 2 0 1 1 0 0 0 2 0 1 0 2 0 0 2 0 0 1 1 0 1 2 0 2 0 0 1 2 0 0 2 1 1 0 1 0 0 1 0 1 2 0 2 0 2 0 1 1 2 2 0 1 2 0 0 1 1 0 2 0 0 1 0 0 1 0 0 0 1 1 1 1 1 1 2 0 2 1 2 0 1 0 0 0 1 0 1 1 0 0 3 0 3 0 1 1 2 1 2 0 1 0 1 0 3 0 1 2 0 0 0 1 0 1 1 1 2 1 2 1 1 1 2 2 0 2 0 0 3 0 2 0 3 0 0 0 1 0 2 1 0 2 0 1 0 1 2 0 0 1 2 1 0 1 0 1 1 1 2 0 3 0 0 1 2 0 0 2 0 1 2 2 0 0 2 0 2 0 3 0 0 0 3 0 1 0 3 0 1 0 2 0 1 0 3 0 0 0 1 2 0 0 1 0 2 1 1 1 0 0 2 1 1 0 0 2 0 2 0 2 0 2 0 0 3 0 1 1 1 0 1 1 0 2 0 0 1 0 3 0 2 1 0 0 1 1 3 0 1 1 0 0 1 2 0 0 2 0 2 0 2 0 2 0 1 2 0 0 1 0 2 1 3 0 0 1 0 0 1 0 2 1 3 0 1 2 0 0 2 0 3 0 3 0 1
1 403 1 1 2 1 0 1 2 0 1 1 0 0 1 0 1 0 2 1 1 1 2 1 2 1 3 0 2 2 0 1 2 0 2 2 0 1 0 0 2 0 0 0 0 1 2 0 1 1 1 1 1 2 0 0 1 0 1 1 1 0 2 0 3 0 1 1 0 1 0 0 0 1 2 1 3 0 1 1 3 0 2 2 0 1 1 1 0 0 1 0 0 0 1 0 1 1 0 1 0 1 0 2 0 1 1 1 3 0 3 0 2 2 0 0 1 2 0 0 0 1 2 2 0 1 2 0 1 1 0 1 0 1 2 2 0 0 3 0 0 1 2 0 2 0 1 0 0 1 0 0 1 0 1 0 0 0 1 1 0 0 3 0 1 0 1 1 0 1 1 2 0 0 2 0 0 0 3 0 2 0 2 1 0 0 1 2 0 1 3 0 0 0 2 0 2 2 0 1 3 0 3 0 0 0 0 2 0 1 3 0 2 1 3 0 0 0 2 1 1 0 0 0 2 1 1 0 0 2 0 0 1 1 0 1 3 0 2 0 1 0 2 1 1 0 2 1 1 1 1 2 0 0 0 0 3 0 1 1 0 1 1 0 0 0 2 1 0 0 2 1 2 0 3 0 1 2 0 1 1 0 3 0 0 0 1 0 2 1 1 1 2 2 0 0 2 2 0 0 0 2 0 0 2 1 1 1 0 0 2 1 2 1 1 1 2 2 0 1 1 1 2 0 1 2 0 2 0 2 0 1 3 0 1 2 0 1 2 0 3 0 0 1 2 1 2 1 3 0 1 1 0 1 0 0 1 2 0 1 0 1 0 0 3 0 0 0 1 0 1 0 1 0 0 0 2 1 2 1 2 0 1 1 1 2 0 0 2 1 2 0 2 0 0 0 3 0 0 0 3 0 2 2 0
1 404 1 0 0 0 1 1 0 3 0 2 2 0 0 2 0 2 1 1 2 0 0 1 0 1 0 2 0 2 1 0 1 0 0 2 0 3 0 2 2 0 1 1 0 1 0 3 0 3 0 2 0 2 1 2 1 2 0 3 0 1 1 1 0 2 2 0 1 0 2 0 0 1 1 1 0 2 0 0 0 2 0 2 1 0 0 1 2 0 0 2 0 0 0 2 0 3 0 0 0 0 0 0 2 0 0 2 1 2 0 3 0 2 0 2 2 0 0 2 1 1 1 1 1 0 0 3 0 3 0 0 0 0 1 1 0 3 0 1 1 2 1 0 0 0 1 3 0 0 2 0 0 2 0 2 0 0 0 2 2 0 1 2 1 3 0 3 0 0 0 2 1 2 2 0 1 1 1 3 0 1 0 1 1 0 1 0 1 0 1 1 1 1 1 1 0 2 1 0 1 2 0 2 1 1 0 1 2 0 1 2 0 2 0 1 1 1 1 1 1 2 0 0 1 1 1 2 0 1 1 2 1 3 0 0 1 2 0 0 2 0 0 1 1 2 1 1 1 3 0 2 1 2 1 0 1 2 2 0 1 1 0 1 0 0 1 1 1 0 1 2 0 0 0 3 0 0 1 0 0 1 1 2 1 1 0 2 1 1 2 0 0 1 0 3 0 1 0 2 1 1 1 3 0 0 1 2 2 0 1 2 0 0 2 0 0 1 1 0 0 2 1 0 0 0 1 0 2 0 2 0 1 2 0 0 1 0 1 0 0 2 1 2 1 1 0 1 0 1 2 0 1 0 2 0 1 0 0 3 0 3 0 3 0 1 1 1 0 2 0 2 0 2 0 0 1 2 0 0 2 0 2 0 2 0 0 3 0 1 0 0 0 0 1 1 1 2 1 1 1 3 0 2 0 2
0 404 2 0 0 1 0 1 1 3 0 2 0 3 0 0 0 1 2 0 0 2 1 2 0 2 1 1 0 1 1 0 2 0 1 1 0 3 0 2 1 0 0 1 0 2 1 3 0 3 0 1 0 2 0 1 0 0 0 2 2 0 1 2 1 2 1 0 0 0 1 2 1 3 0 1 1 0 1 1 1 1 0 1 1 0 1 0 0 2 2 0 1 1 1 1 0 2 1 1 0 0 0 1 1 3 0 1 0 0 0 3 0 1 0 2 0 3 0 0 1 3 0 1 2 0 1 3 0 2 1 1 0 1 0 1 1 3 0 0 0 0 1 0 0 1 1 1 1 2 1 3 0 0 0 0 1 1 1 2 1 0 1 1 0 2 0 2 1 1 1 2 0 1 1 0 0 2 1 1 1 3 0 3 0 0 0 0 0 0 0 2 0 2 0 1 1 1 1 1 1 0 0 1 1 2 1 0 1 0 1 0 0 0 2 0 1 3 0 2 0 3 0 1 0 2 1 0 0 0 0 1 0 1 1 2 0 3 0 1 1 2 2 0 0 0 2 0 0 2 0 2 0 0 1 1 1 1 1 0 0 1 0 2 0 1 0 2 0 0 0 3 0 0 1 2 1 1 2 0 1 0 0 0 1 2 1 1 2 0 0 2 1 2 1 2 2 0 0 1 2 0 0 1 1 2 1 1 1 0 0 3 0 1 1 2 1 2 2 0 1 1 1 0 0 1 0 0 2 0 2 0 0 3 0 0 2 0 2 0 1 2 0 0 1 2 0 2 1 0 1 0 0 0 1 3 0 3 0 2 0 3 0 2 2 0 1 2 1 1 0 1 0 0 1 2 0 3 0 1 2 0 2 0 1 3 0 1 1 3 0 0 0 1 0 2 1 0 2 0 0 2 0 1 0 1
1 405 1 1 2 1 2 1 0 0 2 0 1 0 2 1 1 1 0 0 3 0 1 0 0 0 1 1 2 0 3 0 0 2 0 0 1 1 3 0 1 1 0 0 2 1 2 0 2 0 2 2 0 0 0 1 3 0 0 1 2 1 0 1 1 0 0 1 0 0 1 1 1 0 1 2 0 1 1 0 2 0 1 0 2 2 0 2 0 1 2 1 0 0 2 0 1 1 1 1 2 0 0 1 0 0 1 1 3 0 0 1 2 2 0 0 1 0 2 1 2 1 2 0 0 1 0 1 2 0 1 1 2 0 2 1 0 0 1 1 1 0 0 2 0 0 3 0 2 1 1 0 1 1 1 0 1 0 2 1 0 1 1 0 1 1 1 0 1 1 3 0 3 0 2 2 0 1 1 2 0 0 2 0 2 1 1 0 0 0 0 1 1 0 0 2 0 1 3 0 1 2 0 1 0 0 0 1 0 2 0 2 0 0 1 2 0 1 2 0 1 0 2 2 0 0 1 1 0 0 0 0 2 1 0 0 0 0 3 0 0 0 1 0 2 1 1 1 3 0 0 0 0 1 2 0 2 0 1 2 0 0 2 1 0 2 0 0 0 1 1 1 2 1 2 1 0 2 0 0 3 0 2 1 1 1 0 2 0 0 3 0 1 0 1 0 1 0 2 2 0 0 2 2 0 0 0 1 2 2 0 1 3 0 0 0 1 0 1 1 0 0 1 2 0 0 2 0 1 2 0 1 3 0 1 1 2 2 0 2 0 0 3 0 1 1 0 0 1 1 0 2 0 0 1 1 2 0 3 0 1 0 3 0 2 1 0 1 0 1 2 0 2 0 1 1 0 0 3 0 0 1 0 2 0 1 2 0 0 0 1 1 1 0 2 1 1 1 1 1 2 2 0 1 3 0 2
0 406 1 0 0 1 0 0 1 0 1 0 2 0 0 1 1 2 2 0 1 2 1 3 0 0 1 0 0 0 0 2 1 2 1 2 2 0 0 1 2 0 1 0 1 2 0 0 0 1 0 2 0 2 1 1 1 1 1 2 1 0 1 1 0 1 0 0 2 0 0 3 0 1 1 0 1 0 0 1 1 0 2 0 0 2 1 0 2 0 1 0 1 0 1 0 2 0 1 3 0 3 0 0 2 0 1 0 0 1 1 2 1 1 0 2 1 2 1 2 0 0 2 0 1 2 0 0 1 0 0 0 0 0 0 1 1 0 0 3 0 1 0 1 1 3 0 2 0 1 1 2 0 3 0 1 0 2 1 1 1 1 0 1 0 3 0 1 1 0 0 2 0 3 0 2 1 0 0 2 1 3 0 0 0 1 1 2 0 0 0 1 0 1 0 1 2 0 1 2 0 0 0 3 0 2 1 1 0 0 2 0 1 2 2 0 1 0 0 3 0 2 1 2 0 2 1 2 2 0 0 0 1 1 1 0 0 0 1 2 1 1 0 2 1 1 2 0 0 1 1 1 0 1 1 0 0 1 0 0 0 3 0 0 1 1 1 2 1 1 0 2 1 1 0 0 1 1 1 3 0 2 0 1 1 3 0 0 1 3 0 1 1 3 0 2 0 2 1 2 0 3 0 1 0 2 1 1 1 1 1 0 1 1 1 1 0 2 0 2 2 0 1 0 0 3 0 0 0 0 1 0 1 2 0 0 0 1 1 0 1 3 0 1 2 0 1 0 0 3 0 0 1 2 2 0 0 0 0 2 2 0 0 3 0 1 1 1 0 0 1 0 0 0 2 0 1 0 1 2 1 2 0 0 2 0 0 3 0 0 0 3 0 1 1 1 1 3 0 2 1 1 1 0 1 2 0 1
1 406 2 0 0 2 0 1 0 0 0 0 1 2 2 0 0 1 1 0 1 1 0 1 1 1 2 0 0 0 1 2 0 1 0 1 0 2 2 0 1 0 0 0 0 3 0 0 0 2 1 1 0 1 1 3 0 2 1 0 1 1 0 1 0 2 0 1 1 3 0 1 2 0 1 0 2 0 0 3 0 0 1 3 0 0 1 1 2 0 0 0 0 0 0 0 2 0 1 2 0 2 1 2 1 3 0 2 2 0 0 0 1 2 1 2 0 0 2 0 1 2 2 0 0 3 0 0 2 0 0 0 0 0 0 2 2 0 1 2 2 0 0 0 0 2 0 1 0 0 0 0 0 2 2 0 0 1 1 3 0 1 0 2 1 2 2 0 1 0 1 1 0 3 0 1 1 0 1 2 0 1 1 1 0 3 0 3 0 0 0 2 0 2 1 0 1 0 0 3 0 0 1 3 0 1 1 2 0 1 2 0 1 1 0 3 0 3 0 2 0 2 0 0 0 2 0 1 0 2 1 1 0 1 2 0 0 1 1 0 1 2 1 1 2 0 0 2 1 3 0 1 0 2 2 0 0 2 0 0 1 2 1 2 0 2 1 0 1 2 1 1 1 2 0 1 0 2 1 2 0 1 0 0 0 1 1 2 1 2 0 0 0 2 0 1 0 2 0 0 0 2 2 0 0 1 1 3 0 2 0 0 0 2 0 1 1 1 0 2 0 3 0 3 0 1 1 1 0 1 0 0 0 3 0 0 0 3 0 0 1 2 0 0 0 3 0 3 0 1 1 2 1 1 0 2 1 0 1 2 0 3 0 1 2 0 1 2 0 0 2 0 0 1 2 0 0 0 1 0 2 0 1 2 1 3 0 1 1 1 1 2 2 0 2 0 0 2 0 1 1 3 0 0 0 3 0 2
0 407 1 1 2 2 0 1 3 0 0 0 1 1 1 0 2 1 3 0 0 0 1 0 3 0 2 1 2 1 1 0 3 0 2 0 2 1 2 0 3 0 2 1 0 1 2 1 1 1 1 1 2 1 0 0 2 0 1 1 1 0 1 0 2 1 1 0 0 0 2 0 0 1 0 0 0 1 3 0 1 1 2 1 1 1 2 0 2 1 2 1 0 0 0 0 1 2 0 1 0 0 2 0 1 0 2 0 2 0 2 1 1 1 0 2 0 1 2 2 0 1 1 0 3 0 1 1 2 1 2 1 0 0 0 1 2 1 0 1 1 0 2 1 0 1 0 1 3 0 0 0 0 1 2 0 2 2 0 0 1 2 0 0 2 0 1 1 0 0 0 0 1 1 2 2 0 1 1 0 3 0 3 0 1 1 3 0 2 1 1 1 1 0 1 1 0 2 0 1 2 1 2 1 2 0 0 0 0 0 0 1 0 0 1 1 3 0 3 0 1 0 0 1 1 1 0 2 0 0 1 1 2 1 0 0 2 1 3 0 0 1 0 2 0 0 3 0 1 0 1 2 0 0 2 0 2 2 0 1 2 1 1 0 0 0 1 1 1 1 0 1 3 0 3 0 2 1 1 2 0 1 3 0 0 1 0 0 0 2 0 1 1 1 0 2 0 0 0 1 1 1 2 0 2 2 0 0 2 0 0 1 1 1 0 2 0 1 2 1 1 0 3 0 2 2 0 1 2 0 2 0 0 1 2 1 1 1 2 1 2 0 3 0 0 1 3 0 3 0 0 0 0 1 2 1 1 1 1 1 0 0 3 0 0 1 0 0 3 0 1 1 2 2 0 0 2 1 1 0 0 2 0 1 1 0 1 2 0 2 0 0 1 1 0 1 3 0 0 0 0 0 1 1 1 1 3 0 1
1 408 1 0 0 1 1 0 1 1 1 1 0 3 0 1 1 2 0 1 1 1 0 2 1 3 0 2 0 0 1 2 1 3 0 1 0 2 0 0 0 3 0 1 1 1 1 0 1 3 0 2 1 0 1 0 1 0 2 0 1 2 0 2 1 1 1 2 0 0 1 0 1 1 2 0 0 1 1 2 0 0 0 0 2 0 0 0 0 2 0 0 1 0 0 0 1 0 0 3 0 2 2 0 2 0 0 1 0 1 0 1 1 3 0 0 2 0 1 1 1 0 0 1 1 3 0 0 0 1 0 0 1 0 0 1 1 0 1 1 0 1 1 1 1 1 0 0 1 1 1 1 0 1 1 0 0 2 0 2 2 0 0 2 2 0 2 0 1 0 0 0 1 0 0 1 1 0 0 1 1 3 0 3 0 0 0 2 0 1 1 3 0 1 0 3 0 0 2 0 1 1 0 0 2 0 1 1 0 0 0 0 2 0 1 0 0 2 0 2 1 3 0 1 0 2 0 0 1 2 2 0 0 0 1 0 1 2 0 1 1 2 0 0 1 3 0 1 2 0 0 0 0 3 0 0 0 2 1 0 1 0 1 2 0 0 0 3 0 2 0 0 1 2 0 3 0 1 2 0 1 0 1 1 1 1 2 0 0 1 2 0 0 2 0 0 1 2 1 1 0 2 1 0 0 2 0 2 2 0 1 2 0 2 0 0 2 0 1 0 1 2 1 3 0 2 1 0 1 0 0 0 1 2 1 0 2 0 0 1 0 0 0 2 1 2 1 2 0 2 1 1 0 1 1 0 1 3 0 1 2 0 1 2 1 1 2 0 1 3 0 0 0 1 0 3 0 0 1 2 0 1 2 0 0 1 1 0 1 0 1 2 1 3 0 0 1 1 1 1 0 0 0 3 0 2 1 1 2 0
1 408 2 0 0 3 0 0 0 2 0 1 1 2 2 0 2 0 2 0 1 2 1 2 0 2 0 0 1 2 1 1 0 1 2 0 0 0 1 1 1 2 2 0 1 3 0 0 1 2 0 1 1 1 0 0 0 0 2 0 1 0 0 1 1 3 0 3 0 1 0 0 0 2 1 2 1 3 0 3 0 0 0 1 1 2 1 0 1 0 1 1 2 0 0 0 2 0 1 3 0 2 1 0 1 2 1 2 0 2 1 0 0 1 1 2 2 0 0 1 2 0 1 0 0 1 1 1 0 2 0 0 2 0 0 3 0 0 0 1 0 3 0 2 0 1 0 1 0 2 0 1 0 2 2 0 1 1 0 2 0 3 0 1 1 0 1 3 0 2 1 0 2 0 0 2 2 0 1 0 0 2 0 2 1 1 1 1 0 0 0 1 2 0 0 2 1 2 2 0 0 1 0 1 2 0 0 1 0 0 0 1 1 3 0 3 0 0 0 2 0 1 2 0 0 0 1 2 1 1 0 2 1 1 0 0 0 3 0 3 0 3 0 1 1 2 0 0 0 2 1 0 1 2 1 1 1 1 1 1 0 0 0 3 0 0 1 3 0 0 1 2 1 0 0 3 0 0 1 0 0 0 0 2 0 2 1 2 2 0 0 2 2 0 1 2 1 0 1 2 1 1 1 0 1 1 0 2 1 0 1 0 0 0 1 2 2 0 0 0 1 1 0 2 0 1 1 0 2 0 0 1 1 0 1 1 1 2 1 2 0 0 1 2 0 1 0 0 0 1 1 2 0 3 0 0 1 2 0 0 1 0 1 0 2 0 1 0 1 1 1 1 0 2 1 2 1 2 1 0 0 0 0 2 1 3 0 0 0 0 1 1 0 1 1 2 0 2 0 1 0 0 1 3 0 1 2 0 0 2
0 409 1 1 3 0 1 1 1 1 1 0 0 0 1 1 0 2 0 2 0 1 1 0 0 0 0 1 2 1 0 1 2 1 0 0 2 1 1 0 2 1 1 1 0 1 1 1 2 0 3 0 3 0 1 0 0 0 1 1 3 0 2 2 0 0 2 0 2 1 3 0 0 1 2 0 1 0 2 0 2 1 1 1 0 0 0 1 1 0 0 0 2 1 2 1 1 2 0 1 2 0 1 1 1 1 1 0 0 0 1 1 0 1 0 0 1 0 2 2 0 0 3 0 2 1 3 0 1 1 0 1 2 1 3 0 1 1 1 0 2 1 3 0 0 1 3 0 2 1 0 2 0 0 2 1 0 0 1 1 1 0 2 2 0 1 1 1 2 0 1 1 1 1 3 0 1 0 3 0 3 0 0 0 1 1 3 0 1 0 0 1 0 0 3 0 1 0 1 0 2 1 2 1 0 0 2 1 2 0 0 1 0 0 2 0 2 1 1 1 1 0 0 0 2 1 1 1 0 1 2 1 1 1 2 0 0 1 3 0 3 0 2 2 0 2 0 1 1 1 1 1 1 1 0 1 3 0 2 0 1 0 0 1 2 1 2 1 1 1 2 1 0 1 0 1 2 1 1 2 0 0 0 1 1 0 2 0 1 0 3 0 1 1 0 1 0 1 1 1 0 1 3 0 0 0 1 1 1 1 0 2 0 0 1 1 1 0 2 1 1 0 1 1 0 2 0 1 1 1 2 1 3 0 0 0 2 1 0 2 0 1 2 0 3 0 2 0 0 1 0 0 0 0 2 1 2 0 3 0 1 0 0 0 0 2 0 0 0 0 2 0 1 1 2 0 1 0 0 1 0 0 0 1 2 0 1 1 1 0 1 0 1 1 0 0 0 0 0 1 3 0 1 1 2 0 0 0 3 0 0
0 410 1 0 0 1 2 0 1 3 0 1 0 0 0 3 0 0 2 0 2 0 0 1 0 0 0 1 1 0 1 1 1 0 1 0 1 1 1 2 1 1 1 3 0 0 0 2 1 0 0 3 0 2 1 3 0 0 1 0 0 2 0 2 0 3 0 0 0 2 0 1 1 2 0 3 0 2 1 1 0 1 1 2 2 0 0 1 0 1 0 0 1 2 0 0 2 0 1 0 0 3 0 3 0 2 0 1 0 0 0 2 2 0 2 0 0 2 1 2 0 3 0 2 0 2 0 1 2 0 1 1 1 1 0 1 2 0 1 2 1 2 0 1 1 2 1 2 0 1 1 1 1 3 0 0 1 0 0 3 0 1 1 2 1 0 0 2 0 3 0 3 0 2 1 1 2 0 0 3 0 2 1 1 1 0 0 1 1 3 0 0 2 0 1 2 1 3 0 2 1 2 0 0 1 0 1 1 2 0 1 1 2 0 1 1 0 1 1 3 0 1 0 0 1 1 1 3 0 0 1 0 1 3 0 3 0 1 1 2 0 3 0 2 1 0 2 0 0 2 0 2 0 2 0 0 1 2 0 0 1 3 0 1 1 1 0 0 2 0 0 0 1 1 0 0 1 0 2 0 0 2 1 1 0 1 1 0 2 0 0 2 2 0 1 1 0 0 0 2 0 0 1 1 1 1 0 3 0 2 0 0 1 2 1 3 0 1 1 1 1 2 0 3 0 0 2 0 0 2 1 1 0 1 1 1 1 1 1 1 2 0 1 0 0 3 0 0 1 1 2 0 0 0 1 2 0 0 0 2 1 3 0 0 0 1 1 2 1 0 1 0 2 0 2 0 1 3 0 0 2 0 0 1 0 3 0 3 0 1 0 2 0 2 2 0 0 0 0 1 1 1 2 0 2 0 1 1 1 2 1 1
0 410 2 0 1 0 1 0 1 1 1 3 0 0 1 2 1 2 2 0 1 2 1 2 0 0 0 3 0 0 0 2 0 0 0 0 0 2 1 0 2 0 0 1 1 1 1 1 1 0 1 3 0 2 0 1 1 1 2 0 1 1 0 1 0 2 1 1 1 1 0 0 0 0 0 3 0 1 1 2 1 0 0 1 0 2 1 2 0 2 0 1 0 3 0 1 1 3 0 3 0 2 0 3 0 0 1 3 0 0 1 2 1 0 1 3 0 1 0 0 0 3 0 1 0 1 0 0 1 0 0 2 0 1 1 0 1 0 1 1 0 0 0 0 0 0 2 0 2 0 2 0 0 1 1 1 2 0 1 3 0 0 0 0 1 0 1 1 0 3 0 3 0 1 2 0 0 3 0 2 0 1 1 2 2 0 1 0 0 1 1 2 2 0 1 1 0 2 0 1 2 0 1 2 0 0 0 2 2 0 0 2 2 0 0 1 1 0 0 1 1 3 0 1 0 2 1 1 1 2 0 0 1 2 0 3 0 0 0 0 0 3 0 1 1 1 1 3 0 0 0 1 0 0 1 2 0 3 0 1 1 1 2 0 1 2 0 1 1 2 1 1 0 1 0 1 0 0 1 3 0 0 1 2 0 3 0 0 1 3 0 1 1 0 0 1 0 0 1 0 1 2 0 2 0 1 1 3 0 0 1 2 1 1 0 1 2 0 2 0 0 0 0 2 1 2 1 3 0 0 1 2 0 3 0 2 0 2 0 2 1 3 0 3 0 1 1 2 0 2 1 2 1 1 0 3 0 0 1 2 0 1 1 1 1 0 0 0 1 1 0 0 2 0 2 0 1 1 1 2 1 2 1 2 1 3 0 2 2 0 0 1 0 2 0 2 1 0 0 3 0 2 2 0 2 0 0 2 1 0 1 2
1 411 1 2 0 0 0 0 0 0 2 1 1 1 2 1 1 0 1 1 0 1 0 2 0 1 1 1 2 1 1 1 0 1 1 0 0 1 1 1 1 1 2 1 3 0 2 0 2 0 0 1 2 0 0 2 0 2 0 1 0 0 1 0 2 1 1 1 3 0 1 0 0 0 0 1 3 0 0 0 0 1 0 0 2 1 2 0 0 0 0 2 0 0 3 0 0 0 2 0 3 0 1 0 2 1 2 1 1 1 2 1 0 1 1 1 1 1 3 0 0 1 2 1 3 0 2 0 0 2 0 1 0 2 0 1 1 0 0 0 1 0 0 0 0 0 1 2 0 2 0 1 2 1 3 0 2 2 0 1 1 1 1 0 1 0 0 0 1 1 3 0 3 0 0 0 3 0 2 0 1 0 0 0 1 0 3 0 2 2 0 0 1 1 0 0 1 1 1 0 0 1 0 0 3 0 0 1 2 0 3 0 1 0 2 1 2 2 0 1 0 0 1 2 0 0 1 1 3 0 3 0 1 1 0 0 2 1 1 0 0 1 2 2 0 2 0 0 1 1 1 0 2 0 1 1 0 0 2 2 0 2 0 1 0 1 0 0 0 0 0 1 2 0 2 0 2 0 1 1 1 1 2 1 0 0 2 1 2 1 1 2 0 1 0 0 2 0 1 0 0 1 0 0 1 0 0 0 1 1 2 1 0 1 2 1 0 1 0 1 2 1 0 1 2 0 1 0 1 1 2 1 0 0 3 0 1 0 1 0 2 0 2 0 3 0 0 0 0 0 2 0 0 1 2 1 2 1 2 0 3 0 3 0 1 2 0 0 1 0 1 0 1 2 0 2 0 0 2 1 1 0 1 0 1 0 2 0 2 0 2 1 2 1 1 0 1 1 0 1 3 0 2 1 0 1 3 0 0 1 1 1 0
1 412 1 0 0 2 1 0 0 0 1 1 2 0 0 0 1 2 0 3 0 0 0 0 2 0 0 2 1 0 1 3 0 0 0 1 0 1 0 2 0 2 1 1 0 2 0 1 0 0 1 2 0 3 0 1 2 0 1 3 0 2 1 2 1 1 2 0 0 1 1 3 0 0 0 1 1 1 1 1 0 0 2 0 1 1 2 0 1 1 0 1 1 3 0 1 1 1 1 1 0 2 2 0 0 2 0 0 2 0 0 0 1 1 0 2 0 2 1 1 1 2 1 1 0 2 0 0 1 2 2 0 0 0 2 0 0 1 0 0 0 2 0 0 0 0 1 0 1 0 2 0 1 1 0 2 0 2 1 0 0 2 0 1 0 2 0 0 1 0 0 2 0 2 1 1 1 3 0 0 1 3 0 0 0 2 1 3 0 2 0 2 1 2 2 0 0 3 0 1 0 0 2 0 1 2 1 2 1 0 0 2 2 0 0 2 0 1 0 3 0 2 2 0 0 2 2 0 0 2 0 2 2 0 1 0 1 1 1 2 0 1 1 1 1 0 1 2 1 3 0 1 1 0 2 0 1 0 1 2 1 0 1 3 0 3 0 2 1 0 0 1 1 0 0 1 0 0 2 0 2 0 0 0 1 0 1 2 0 0 2 0 0 3 0 2 2 0 1 3 0 0 2 0 0 2 0 0 1 0 0 0 1 1 1 0 1 1 0 0 1 0 1 1 0 3 0 2 1 0 0 0 1 0 1 2 1 3 0 2 1 1 0 1 0 2 1 1 0 0 1 0 1 2 1 1 0 1 0 0 0 3 0 3 0 0 0 2 1 2 0 2 1 0 1 0 1 3 0 0 1 2 0 2 0 2 1 1 0 1 0 2 0 0 1 2 0 3 0 0 1 2 0 1 1 1 1 1 1 2 0 1 2 0
1 412 2 0 1 1 1 0 0 1 0 2 1 2 1 1 1 0 0 2 1 1 0 1 1 3 0 0 1 1 1 1 1 1 0 2 0 2 1 1 0 1 1 2 1 0 1 3 0 1 1 0 0 3 0 0 1 0 1 2 0 2 0 0 2 0 0 2 2 0 0 1 1 1 0 3 0 2 0 1 0 1 2 0 0 2 2 0 0 1 1 0 0 1 2 0 1 3 0 1 1 2 0 2 2 0 1 2 1 2 1 1 0 1 1 1 0 1 2 0 0 0 1 2 1 0 1 2 1 1 0 2 1 1 1 2 1 2 0 0 1 0 1 1 0 1 0 0 0 0 2 0 0 1 1 1 0 1 1 0 1 0 2 0 0 0 1 1 2 0 1 1 0 1 2 0 0 1 1 2 1 1 1 1 1 2 0 2 0 1 0 2 0 1 0 3 0 1 1 3 0 1 2 0 1 1 0 0 1 0 1 2 0 2 2 0 2 0 0 3 0 2 0 3 0 1 0 3 0 0 0 2 1 0 0 0 0 2 0 3 0 3 0 2 0 0 1 1 0 1 2 0 1 1 2 0 0 0 1 0 1 1 1 2 0 3 0 1 1 0 0 2 2 0 0 2 0 1 2 0 1 2 1 1 0 0 0 3 0 1 1 3 0 2 0 2 1 0 1 1 1 2 1 2 2 0 1 1 2 0 0 1 0 2 0 0 0 1 0 1 0 0 0 1 1 3 0 1 1 0 0 1 0 0 1 1 0 2 0 1 1 2 0 2 1 1 1 2 0 1 0 0 1 0 1 2 0 2 0 0 1 3 0 2 1 1 1 2 0 0 0 1 1 1 0 0 1 1 1 2 1 0 0 1 0 1 1 2 0 2 1 0 1 2 1 0 0 2 1 2 0 3 0 3 0 2 0 2 1 0 0 0 0 2
0 413 1 2 0 0 1 2 0 0 2 1 2 0 0 1 2 2 0 1 1 1 2 1 0 0 1 1 2 0 2 0 2 0 1 1 1 0 1 1 2 1 0 0 0 1 1 1 1 2 0 1 0 1 2 1 2 0 0 1 0 0 0 1 2 1 3 0 1 0 2 1 3 0 1 1 3 0 0 2 0 0 0 0 3 0 1 0 2 1 2 2 0 1 0 1 0 1 2 0 0 0 0 0 2 1 0 1 1 0 0 1 2 0 3 0 1 1 0 0 2 1 1 1 0 1 1 1 0 1 2 1 1 2 0 0 0 2 0 1 2 0 0 0 1 0 2 0 0 0 1 1 2 1 3 0 1 0 3 0 0 0 0 1 2 1 1 0 2 2 0 0 1 1 0 0 2 2 0 0 0 1 3 0 2 1 0 0 0 2 0 0 0 2 0 0 3 0 0 0 2 0 0 1 0 0 1 0 1 0 0 1 0 0 2 1 0 1 3 0 2 0 1 0 2 2 0 0 2 1 1 1 1 1 0 0 0 1 1 0 3 0 3 0 0 1 2 0 1 1 0 1 0 0 2 1 2 1 1 0 0 0 2 1 0 0 2 2 0 1 0 1 2 0 3 0 0 0 0 1 0 1 0 1 2 0 0 1 3 0 0 0 2 0 1 0 1 1 1 0 2 1 1 0 1 1 0 0 2 1 2 1 2 1 0 1 1 0 2 0 2 0 0 1 0 0 1 2 0 1 0 0 2 0 1 0 1 1 1 0 0 0 0 0 1 1 3 0 3 0 2 0 1 0 0 1 0 0 0 1 2 1 2 0 1 1 3 0 3 0 0 0 3 0 1 0 1 0 2 1 0 1 0 0 2 1 0 0 0 0 1 1 1 1 0 1 0 1 2 0 0 0 3 0 3 0 1 0 1 1 0 0 0 1 1
0 414 1 0 0 2 2 0 0 3 0 0 2 0 1 2 1 1 1 0 0 2 1 0 1 0 1 0 0 0 0 1 0 0 2 0 1 2 1 0 0 0 1 0 0 1 0 2 0 2 2 0 0 0 1 0 2 0 1 1 2 0 0 1 1 1 0 1 2 0 0 2 0 2 0 0 0 1 1 2 1 2 1 0 1 2 2 0 0 2 0 1 1 0 0 0 0 0 0 3 0 0 0 0 1 1 1 1 0 1 0 1 1 0 0 2 2 0 1 0 1 1 1 3 0 0 0 2 0 0 1 0 2 0 0 2 1 1 2 0 0 3 0 0 0 2 1 0 1 1 1 0 0 1 0 1 2 0 0 2 1 1 0 1 1 0 1 2 1 2 0 2 1 2 2 0 1 2 0 2 1 1 1 2 0 1 1 0 0 1 1 2 1 1 1 3 0 1 1 1 1 0 1 1 2 0 0 2 0 2 0 0 2 0 1 1 1 1 1 2 0 0 2 0 0 2 0 3 0 0 1 3 0 1 2 0 0 1 0 1 1 3 0 2 1 2 0 3 0 2 2 0 2 0 1 2 0 0 1 2 0 0 1 1 1 0 1 2 1 0 0 0 1 0 0 2 1 1 0 1 0 0 0 0 0 3 0 1 1 1 1 1 1 0 1 3 0 3 0 1 1 1 1 2 0 2 2 0 1 2 0 1 0 0 1 1 0 1 1 1 0 0 1 1 2 0 1 0 0 3 0 2 2 0 1 3 0 3 0 1 0 0 0 0 1 0 0 2 0 3 0 0 1 3 0 0 2 0 0 1 1 1 0 0 0 0 0 2 0 2 1 1 1 2 1 3 0 2 1 1 1 0 2 0 1 1 1 0 0 0 0 3 0 2 0 0 0 0 0 3 0 0 1 3 0 2 1 3 0 2 2 0 0 1 0 1
1 414 2 0 1 2 0 3 0 1 1 2 2 0 1 0 1 2 2 0 1 1 1 0 2 0 2 0 0 0 0 2 0 1 2 0 1 0 1 0 0 0 2 0 0 2 1 1 0 2 0 2 1 1 0 0 2 0 0 2 1 2 1 3 0 1 1 0 0 3 0 0 0 0 1 1 1 0 0 1 0 0 1 1 1 1 0 2 2 0 2 0 1 0 0 0 0 0 1 2 1 1 0 1 0 2 0 1 0 2 0 2 2 0 1 2 1 0 0 0 0 2 1 1 1 1 1 0 1 2 0 0 1 3 0 0 2 0 0 3 0 1 1 1 1 1 1 1 0 1 2 0 0 2 1 0 0 3 0 0 1 2 0 3 0 0 1 1 0 0 0 2 0 1 1 0 1 0 0 1 1 3 0 3 0 2 2 0 1 0 0 0 2 0 0 1 2 0 1 3 0 0 0 2 1 3 0 0 0 0 1 2 2 0 0 2 0 2 0 3 0 1 1 3 0 0 0 2 1 2 1 2 0 0 0 2 1 2 1 0 0 2 0 2 0 0 0 3 0 2 1 0 2 0 0 3 0 1 0 3 0 1 0 2 0 0 1 0 1 0 0 0 2 0 1 1 1 2 0 2 0 0 0 0 1 2 2 0 1 3 0 2 0 0 1 2 0 2 2 0 2 0 0 0 0 2 1 0 0 3 0 2 0 1 0 1 0 3 0 1 0 1 0 2 1 3 0 3 0 2 0 2 1 0 1 2 0 2 1 3 0 0 0 0 2 0 1 1 0 2 1 2 1 1 1 2 1 2 1 3 0 1 0 0 0 0 1 1 0 1 2 0 0 1 0 2 0 1 1 3 0 0 2 0 0 1 2 0 0 0 1 3 0 0 1 1 0 0 1 2 1 2 1 2 0 2 0 2 0 2 0 2 1 2 0 2
0 415 1 2 0 1 0 0 3 0 0 0 1 1 0 0 0 1 1 1 0 0 2 0 0 2 0 1 2 1 0 1 1 0 0 0 3 0 3 0 2 1 1 1 3 0 0 1 2 1 1 0 1 1 2 0 1 1 3 0 1 0 1 0 1 2 0 1 0 1 2 1 1 0 1 0 1 2 0 0 2 0 1 0 2 0 1 1 2 1 0 1 3 0 2 1 0 0 1 1 0 1 2 0 2 1 0 2 0 0 1 0 2 1 0 1 0 1 0 0 0 1 1 1 3 0 2 0 0 0 3 0 1 1 1 1 2 1 3 0 1 2 0 1 3 0 2 0 1 1 0 0 3 0 0 1 0 1 2 1 2 1 0 0 2 1 2 0 1 0 0 1 0 2 0 1 0 2 0 1 0 0 2 0 3 0 2 0 3 0 2 1 1 1 2 2 0 1 0 1 1 1 1 1 2 0 1 1 1 0 1 1 1 0 3 0 0 0 1 0 3 0 0 0 1 1 1 1 2 0 0 2 0 1 1 1 2 0 0 1 0 1 1 0 0 1 1 1 3 0 1 1 1 1 3 0 1 2 0 0 2 2 0 0 0 1 1 2 0 2 0 0 1 2 0 0 2 1 0 0 0 1 1 0 1 1 1 1 0 1 2 0 0 1 2 1 0 0 2 1 0 1 2 1 0 1 1 1 0 1 3 0 0 1 3 0 2 1 2 1 3 0 2 1 2 0 2 0 3 0 1 0 1 1 1 1 0 0 2 0 1 1 1 0 1 2 0 0 1 1 2 0 0 2 0 0 1 0 1 0 1 1 3 0 0 0 1 0 1 1 0 0 2 1 2 1 1 0 0 0 1 1 2 1 2 2 0 0 2 1 1 1 1 1 2 0 1 0 1 1 1 0 1 0 0 0 1 0 1 0 1 0 2 0 0 0 1
1 416 1 0 0 3 0 3 0 1 1 1 0 2 2 0 0 1 0 1 2 0 1 0 1 2 2 0 1 0 1 1 0 1 0 0 1 3 0 3 0 1 2 0 0 1 1 2 1 0 1 2 1 0 0 0 0 0 0 1 1 3 0 2 1 0 1 0 0 0 1 0 1 2 0 2 1 0 0 2 2 0 2 0 0 1 0 0 0 0 1 1 1 2 0 1 1 0 0 3 0 0 1 0 0 1 1 1 1 2 1 2 1 1 1 0 2 0 2 0 0 1 0 2 1 2 0 0 1 1 1 2 2 0 2 0 0 1 0 2 0 0 1 0 1 2 0 0 2 0 1 0 1 2 1 2 0 0 1 1 0 0 1 0 1 1 2 0 1 3 0 1 0 0 2 0 0 0 1 3 0 3 0 0 0 3 0 1 0 3 0 1 2 0 0 1 1 0 0 0 0 2 0 2 0 3 0 3 0 1 0 3 0 1 1 2 1 1 0 2 1 2 1 1 0 3 0 2 0 3 0 1 2 0 0 2 0 3 0 1 0 0 0 1 0 1 0 2 1 1 2 0 2 0 0 2 0 0 0 3 0 1 0 2 1 1 0 2 2 0 1 2 2 0 0 3 0 0 1 0 0 1 0 1 0 3 0 2 0 0 0 3 0 1 1 0 1 0 1 1 1 1 1 0 1 1 0 2 0 0 1 1 1 2 1 2 0 2 0 1 0 2 0 2 0 0 0 1 0 2 1 3 0 3 0 1 2 0 1 0 2 0 1 2 1 0 0 2 1 3 0 3 0 1 1 2 1 2 0 2 1 0 0 1 1 1 0 2 0 2 2 0 1 2 0 0 1 2 0 0 1 0 0 1 0 1 0 3 0 0 1 3 0 2 0 3 0 2 0 3 0 1 0 2 0 0 0 2 0 2 0 2 1 0 1 1 0 2
0 416 2 0 1 3 0 2 2 0 1 2 1 2 0 2 1 2 1 0 1 0 0 0 1 1 1 0 0 0 0 1 0 2 0 1 1 2 0 3 0 0 0 2 2 0 0 0 1 1 1 0 1 0 0 0 0 0 1 0 0 2 0 1 1 0 2 0 0 1 0 0 1 0 0 1 1 0 1 2 1 0 1 2 1 2 0 0 0 1 0 2 0 3 0 2 2 0 1 2 1 1 2 0 0 3 0 2 1 1 0 0 1 3 0 0 2 0 1 2 1 2 1 1 2 0 1 2 0 2 1 1 1 0 1 2 1 2 1 0 1 2 0 0 0 3 0 1 2 0 0 0 1 0 2 0 1 2 0 1 0 1 0 0 0 2 2 0 1 1 1 3 0 1 1 2 1 1 1 2 0 2 1 1 1 2 2 0 0 3 0 0 0 2 1 2 2 0 0 0 1 1 0 1 0 3 0 2 2 0 0 3 0 0 0 0 1 2 1 2 0 0 1 2 1 3 0 1 0 3 0 0 0 3 0 0 0 2 1 3 0 0 0 2 0 2 1 1 2 0 1 0 1 2 2 0 1 1 1 2 2 0 0 1 1 2 1 2 1 0 1 1 0 3 0 1 1 1 2 0 0 2 0 2 1 3 0 0 1 1 1 2 2 0 1 1 0 0 0 2 0 2 0 0 0 1 1 0 1 2 0 2 1 1 0 0 0 0 2 0 0 1 0 0 1 1 0 2 1 2 0 2 0 3 0 0 1 0 0 0 2 0 1 0 1 0 1 2 0 2 0 3 0 0 0 1 0 0 0 1 1 0 0 3 0 1 1 1 0 2 1 0 0 3 0 1 0 3 0 0 2 0 0 2 0 2 1 2 1 2 1 2 0 1 0 3 0 1 0 2 2 0 0 0 1 1 1 1 0 1 0 1 1 1 0 1 1 1
0 417 1 2 0 1 2 0 2 1 0 1 1 0 0 0 2 0 0 1 0 2 0 0 1 0 1 2 0 0 0 0 2 1 1 0 0 0 0 0 2 1 1 1 2 0 2 1 1 0 1 2 0 2 0 0 0 0 0 2 0 1 0 2 0 1 1 1 2 1 2 0 0 2 0 0 3 0 0 1 0 1 1 1 0 2 0 1 1 0 2 1 1 0 3 0 2 1 0 1 0 2 0 0 3 0 2 0 1 1 2 0 1 1 1 1 2 2 0 1 1 0 0 2 0 1 0 1 0 0 1 1 3 0 0 1 1 0 0 1 1 0 3 0 0 1 3 0 0 0 2 1 1 0 0 2 0 0 3 0 2 0 2 0 0 1 2 1 0 0 2 1 2 0 0 0 0 2 0 0 0 0 1 2 0 0 1 0 3 0 1 1 1 1 2 0 1 0 2 1 1 0 1 0 2 1 3 0 2 0 3 0 1 1 1 0 1 1 0 2 0 1 2 1 1 0 1 2 0 0 2 1 1 1 2 1 1 1 2 0 1 1 1 1 1 0 1 2 0 1 0 0 0 1 1 1 0 0 2 1 1 0 2 2 0 0 1 0 0 1 1 0 1 1 2 2 0 2 0 0 3 0 0 0 2 0 1 1 2 0 2 1 1 1 0 0 1 0 0 1 1 0 0 1 1 0 3 0 0 1 0 0 1 1 2 0 0 0 1 1 2 1 2 0 1 0 1 1 2 0 0 0 1 0 2 1 1 2 0 0 1 2 0 0 0 0 0 1 0 0 1 0 2 1 1 0 2 0 0 0 2 2 0 1 2 2 0 1 2 1 1 1 0 1 2 2 0 0 2 1 2 1 3 0 0 0 2 0 1 0 0 2 0 2 0 0 2 2 0 0 2 0 2 1 1 0 2 0 1 0 2 0 3 0 1 0 3 0 1
1 418 1 0 1 0 1 0 0 1 1 1 0 1 0 0 1 0 1 2 0 0 1 2 1 2 1 0 0 2 1 0 1 1 1 2 0 0 0 0 1 1 2 0 0 0 0 1 1 2 1 0 1 0 1 2 1 0 0 1 2 0 0 0 2 0 0 2 1 0 2 0 1 2 1 3 0 1 1 2 0 0 0 2 0 0 2 0 0 1 1 1 1 2 1 3 0 1 1 1 0 0 1 3 0 2 0 0 2 0 2 0 2 0 2 0 0 1 1 0 0 1 0 1 1 3 0 3 0 2 2 0 0 1 1 2 0 1 0 1 0 1 1 2 1 2 1 1 1 1 1 1 1 2 0 1 1 3 0 2 0 1 0 0 1 2 1 0 1 0 1 1 2 0 1 1 0 1 1 2 1 0 1 0 0 2 1 2 1 2 2 0 1 3 0 3 0 2 1 1 1 2 0 2 1 2 0 2 0 1 0 2 2 0 1 2 0 3 0 0 2 0 1 0 1 2 1 0 0 3 0 0 2 0 0 0 1 3 0 3 0 3 0 2 0 1 1 0 0 3 0 2 1 1 0 1 2 0 1 1 1 2 1 2 0 2 1 2 0 1 0 1 1 0 0 1 1 0 1 3 0 1 1 1 1 1 0 0 0 0 0 1 1 2 2 0 0 2 0 1 0 1 0 1 0 1 1 2 1 1 2 0 0 3 0 3 0 0 1 0 0 0 2 0 1 3 0 3 0 3 0 0 0 2 1 1 2 0 0 2 2 0 0 2 1 0 0 0 2 0 0 2 1 1 1 2 1 0 1 1 1 2 1 0 1 1 1 0 1 0 1 3 0 0 1 1 0 3 0 1 0 1 0 1 1 1 1 0 1 3 0 1 2 0 1 3 0 1 0 3 0 0 0 1 1 2 1 0 2 0 0 1 0 2 2 0 0 2 2 0
1 418 2 0 2 0 2 0 0 3 0 1 0 2 0 1 0 0 0 3 0 1 1 1 0 0 1 0 1 1 1 1 0 2 0 3 0 0 0 1 0 2 1 2 1 0 1 0 0 0 1 1 0 0 1 0 1 0 1 0 0 2 1 1 1 3 0 0 1 1 2 0 1 1 0 1 2 0 2 0 1 1 1 0 1 2 1 2 1 3 0 2 1 1 0 1 2 0 1 2 0 1 1 2 0 0 1 2 2 0 2 0 2 0 1 2 1 2 2 0 0 2 1 0 0 2 0 3 0 2 0 2 1 3 0 3 0 2 0 2 1 0 0 1 0 0 1 3 0 2 0 2 1 0 0 0 0 2 0 0 1 3 0 1 1 0 1 1 0 0 0 2 2 0 0 1 1 0 0 0 1 0 2 0 1 2 0 1 0 1 1 0 1 2 0 3 0 1 2 0 0 0 0 2 0 0 0 0 2 0 0 2 1 0 1 0 0 2 1 2 2 0 0 0 1 0 1 0 1 2 1 2 1 2 1 1 1 2 0 3 0 3 0 0 2 0 1 0 1 3 0 1 1 2 1 0 1 0 0 2 1 1 0 0 0 1 2 0 1 3 0 2 2 0 0 3 0 0 1 1 2 0 1 3 0 1 0 0 0 0 1 0 0 1 0 2 2 0 1 3 0 2 0 2 1 0 0 0 2 0 0 3 0 2 0 2 1 1 2 0 0 1 2 0 1 2 0 3 0 2 1 1 1 1 2 0 0 3 0 1 0 3 0 0 1 0 0 1 1 3 0 0 2 0 0 0 1 1 0 2 1 0 1 1 0 2 0 0 0 0 1 1 1 2 0 1 1 2 1 3 0 2 0 3 0 2 0 0 1 2 0 0 1 0 1 1 2 0 0 2 1 1 1 0 0 0 1 1 1 2 1 2 1 2 0 3 0 1 0 2
0 419 1 2 0 2 0 1 3 0 1 2 0 0 0 1 3 0 0 1 2 2 0 1 2 0 1 0 0 0 2 0 1 1 1 0 2 1 1 0 2 1 2 0 0 1 0 2 0 0 1 0 1 0 0 2 0 2 0 2 0 1 1 2 0 0 1 1 2 0 2 2 0 0 1 1 0 1 0 2 0 0 2 0 0 1 1 0 1 0 2 0 1 1 2 1 0 1 0 0 3 0 3 0 3 0 1 1 1 1 0 2 0 2 0 1 1 0 1 0 3 0 0 1 0 1 1 0 3 0 1 0 2 0 2 0 3 0 1 0 1 1 0 0 2 0 1 1 2 0 1 0 1 1 0 0 0 1 0 1 2 1 1 2 0 1 1 0 1 0 0 1 2 0 2 1 2 2 0 0 1 0 0 2 0 0 3 0 2 0 3 0 0 1 0 0 3 0 0 0 2 1 0 1 0 1 1 0 1 1 3 0 0 1 0 2 0 1 2 0 1 0 2 1 1 0 0 0 0 1 1 0 1 0 0 2 0 0 0 0 3 0 2 1 2 2 0 0 0 1 2 0 0 0 0 1 0 2 0 1 1 1 2 0 0 1 0 1 0 1 2 0 2 0 3 0 1 1 2 0 2 2 0 1 1 1 3 0 0 0 0 2 0 0 2 1 2 1 0 1 2 0 1 0 1 1 0 0 1 1 3 0 2 0 1 0 1 2 0 0 2 2 0 1 0 1 0 0 3 0 1 1 3 0 2 1 3 0 1 2 0 0 2 1 1 2 0 1 0 0 1 1 2 1 2 1 1 0 1 1 1 1 1 0 1 1 0 1 1 0 1 0 2 1 0 0 0 0 1 0 2 0 1 0 3 0 0 1 2 0 3 0 1 0 0 0 2 1 3 0 0 1 2 2 0 0 1 0 2 1 1 0 1 0 0 0 2 2 0 0 1
1 420 1 0 1 0 2 0 1 2 0 0 0 2 1 1 1 1 1 2 1 1 1 0 0 3 0 2 0 0 1 0 2 0 1 2 1 1 1 2 1 1 2 0 1 2 0 0 1 2 1 2 0 2 0 1 2 0 2 0 2 0 0 2 1 2 2 0 0 0 0 2 0 2 1 3 0 0 0 0 1 2 2 0 1 2 0 1 0 2 1 1 0 0 0 0 1 0 2 0 1 3 0 3 0 2 2 0 1 3 0 0 2 0 2 0 0 1 0 2 1 2 1 2 0 0 0 1 1 2 2 0 0 1 0 1 0 2 1 3 0 2 2 0 1 0 2 0 2 0 1 3 0 2 2 0 0 1 0 0 1 0 2 0 1 0 0 1 0 2 0 1 1 0 0 2 0 1 0 2 1 2 0 1 1 3 0 2 0 1 0 2 1 1 2 0 1 2 1 1 1 1 1 1 0 0 0 1 1 0 0 1 1 2 0 0 2 0 0 3 0 2 1 1 1 2 0 0 0 1 0 1 0 2 0 1 1 2 1 0 1 3 0 2 0 1 0 2 1 1 0 3 0 0 0 1 0 0 2 0 0 2 0 3 0 1 0 0 0 0 1 0 0 1 0 3 0 0 0 0 0 2 1 0 0 2 1 1 1 1 0 1 1 3 0 1 0 0 1 1 0 3 0 2 0 2 2 0 1 0 0 2 0 0 2 0 0 0 0 3 0 1 0 3 0 3 0 3 0 2 0 0 0 2 0 2 0 2 0 0 0 3 0 0 2 0 0 3 0 2 2 0 0 1 0 0 1 2 0 3 0 2 0 1 0 3 0 0 0 1 0 2 1 1 1 0 0 0 0 2 1 0 2 0 0 2 1 2 1 0 0 2 1 3 0 0 1 2 0 1 1 2 1 1 0 2 1 2 1 1 1 2 0 2 0 0 1 2 0 2 1 2
0 421 1 0 0 0 0 2 0 0 3 0 0 1 1 1 3 0 2 1 0 1 2 2 0 1 3 0 0 1 2 0 0 2 0 1 0 2 0 0 0 2 0 1 0 0 3 0 1 1 1 0 0 0 1 0 0 1 0 2 0 1 3 0 1 0 1 0 2 1 0 1 1 0 2 0 1 1 1 0 1 1 1 1 0 0 3 0 2 1 1 1 2 0 0 0 1 0 0 2 0 1 2 0 3 0 2 1 0 1 1 1 2 2 0 1 2 1 2 1 2 0 0 2 0 1 1 1 0 0 1 0 2 1 2 0 2 1 2 0 2 0 2 1 0 0 0 2 0 2 0 1 2 0 2 0 2 1 2 0 1 0 0 1 3 0 2 1 2 1 0 2 0 1 0 1 0 2 0 0 2 0 0 0 0 0 2 0 0 2 0 0 1 2 0 1 0 1 0 1 3 0 2 0 1 0 0 0 2 2 0 0 3 0 3 0 1 1 3 0 2 0 1 1 3 0 3 0 0 0 2 0 2 1 1 0 0 0 0 1 1 1 2 0 0 2 0 0 1 1 2 1 2 1 1 0 2 0 1 1 3 0 0 0 2 1 3 0 0 0 0 2 0 0 2 1 2 1 1 0 0 1 1 1 0 1 1 1 3 0 1 1 0 0 1 1 3 0 1 0 1 1 3 0 1 0 2 0 3 0 2 2 0 1 2 1 2 1 0 1 2 2 0 0 3 0 3 0 3 0 0 1 1 1 1 0 1 0 0 1 1 1 2 1 2 1 3 0 2 0 2 0 2 1 2 0 1 1 0 0 3 0 0 2 0 0 2 1 1 0 2 1 1 1 2 2 0 0 0 1 1 1 1 1 3 0 1 0 0 1 0 1 2 0 1 1 2 1 0 0 0 0 0 1 2 1 2 0 0 2 0 0 0 0 0 1 2 1 0 0 2 0 0
0 421 2 0 0 0 1 1 3 0 1 1 2 0 2 1 2 0 1 1 1 1 1 1 0 1 1 1 2 0 3 0 1 2 0 0 0 1 2 1 1 1 3 0 3 0 1 2 0 1 2 0 0 0 2 0 1 0 0 2 0 1 1 1 3 0 2 1 1 1 1 0 1 1 0 2 0 1 2 0 3 0 1 2 0 1 3 0 1 1 3 0 3 0 0 0 2 0 1 2 0 1 0 0 3 0 1 1 1 0 2 1 1 1 0 1 1 0 0 2 0 1 2 2 0 0 1 2 0 0 2 1 2 0 0 0 2 0 0 0 1 0 1 1 0 0 1 2 0 2 0 1 0 0 1 0 1 2 0 1 3 0 1 1 2 0 2 0 0 1 1 2 0 0 0 0 0 1 2 2 0 1 1 0 0 1 0 1 2 1 2 2 0 1 0 0 0 0 0 1 2 0 0 1 3 0 0 1 2 0 3 0 2 0 3 0 0 0 2 0 1 0 0 0 2 0 2 1 1 1 1 0 1 1 2 0 0 0 1 0 2 0 3 0 1 1 2 2 0 0 1 0 0 1 2 1 1 0 0 0 1 1 1 1 2 0 1 1 1 0 1 1 3 0 1 0 0 1 2 0 1 0 2 0 0 0 2 1 1 2 0 1 0 1 0 0 1 2 0 0 0 0 1 2 0 0 1 0 3 0 2 1 0 1 1 0 0 1 1 1 1 0 3 0 2 0 3 0 2 1 2 0 2 0 1 0 2 0 1 0 2 1 1 0 1 0 2 0 1 0 1 0 1 2 0 2 0 1 0 1 2 1 2 1 3 0 0 1 2 1 1 2 0 0 1 0 2 1 1 0 2 0 2 1 1 1 3 0 1 0 0 1 0 0 0 0 0 1 0 0 0 0 1 1 0 2 0 1 2 1 2 1 0 0 1 1 0 1 0 1 0 1 1
0 422 1 0 1 1 1 0 0 2 0 0 0 0 0 1 2 0 2 0 1 3 0 2 0 0 0 2 1 0 0 3 0 0 0 2 1 1 1 0 2 0 0 2 0 3 0 0 1 0 0 3 0 0 1 0 1 3 0 1 2 0 0 2 1 2 0 1 1 3 0 1 0 3 0 0 2 0 1 0 0 3 0 0 1 0 1 2 0 0 0 2 0 2 1 1 1 1 0 0 0 3 0 3 0 1 2 0 1 2 1 1 1 3 0 0 0 1 0 1 2 0 1 1 0 2 2 0 0 3 0 0 2 0 1 1 1 0 1 1 0 2 0 2 2 0 1 0 1 0 1 3 0 2 1 2 1 0 1 0 1 2 0 0 0 0 0 0 1 2 0 2 1 2 1 0 0 1 1 1 1 0 0 1 0 1 0 0 1 1 0 1 0 3 0 2 1 0 0 1 0 3 0 1 1 1 1 2 1 0 0 3 0 1 0 2 1 1 1 0 1 3 0 0 1 1 0 1 1 3 0 1 0 3 0 3 0 0 0 2 1 1 0 3 0 0 0 1 0 2 1 2 0 1 1 0 1 2 0 0 0 3 0 2 0 3 0 3 0 1 1 0 0 1 1 3 0 1 0 3 0 2 1 0 1 1 1 1 2 0 0 3 0 3 0 2 2 0 0 2 1 0 1 0 0 2 1 2 1 3 0 1 1 1 0 1 0 1 0 2 0 1 1 3 0 1 0 3 0 2 0 0 0 0 2 0 0 0 2 0 0 1 1 2 0 2 1 0 1 3 0 2 1 0 1 0 2 0 0 0 1 1 0 1 0 1 1 2 1 0 2 0 0 2 1 2 1 1 1 2 1 1 0 1 2 0 0 1 1 3 0 0 2 0 0 0 0 0 2 0 0 0 0 3 0 0 2 0 1 1 0 0 1 0 0 3 0 0 0 0 0 0 0 1
1 423 1 0 0 0 1 2 0 1 0 1 1 0 0 1 0 1 0 2 0 1 2 0 0 1 1 1 1 1 0 1 2 1 1 1 1 1 3 0 0 1 3 0 0 0 2 1 1 2 0 1 2 1 2 0 0 1 2 0 0 0 3 0 1 0 0 0 0 0 1 2 0 0 2 1 2 1 3 0 3 0 1 1 2 0 0 0 3 0 0 1 1 0 1 1 3 0 1 0 0 1 3 0 3 0 0 1 0 1 0 2 0 0 1 1 1 0 2 1 0 1 0 0 1 1 2 0 3 0 1 1 2 2 0 0 2 0 0 0 1 1 1 0 2 1 0 0 0 0 0 1 2 0 2 0 0 1 1 0 0 0 3 0 0 0 0 0 1 1 0 0 2 0 0 1 0 0 3 0 1 2 0 0 2 0 2 0 1 0 1 0 2 1 3 0 1 1 0 0 2 1 2 2 0 2 0 0 0 1 0 1 2 2 0 0 1 1 3 0 0 1 1 1 2 0 1 1 0 0 1 2 0 0 3 0 2 1 1 1 1 1 2 1 2 1 1 0 2 1 1 2 0 2 0 1 1 0 3 0 0 1 3 0 1 0 3 0 2 2 0 1 0 1 0 0 1 2 0 0 3 0 1 1 1 0 2 0 2 1 3 0 2 0 3 0 2 0 3 0 0 1 0 2 0 1 2 0 1 0 1 2 0 1 2 0 2 0 2 1 1 0 0 0 1 2 0 0 3 0 0 1 1 0 1 1 2 1 1 1 2 2 0 0 0 0 1 1 1 1 2 0 1 1 1 0 0 1 2 1 1 0 1 0 2 1 0 0 0 1 1 1 3 0 1 0 0 2 0 0 0 1 2 1 0 0 2 2 0 0 1 1 2 1 2 1 0 0 1 1 2 1 0 1 2 1 2 2 0 0 1 0 0 2 0 1 2 1 1 0 0 0 0 0 2
0 423 2 0 0 1 0 1 0 0 0 0 1 0 1 0 0 0 0 2 0 0 3 0 1 0 2 0 2 0 0 1 0 1 3 0 2 1 1 1 2 1 1 1 1 1 1 2 0 1 0 1 0 2 0 1 2 0 3 0 0 1 2 1 3 0 0 0 0 1 0 0 3 0 1 0 1 0 2 0 2 2 0 2 0 1 1 1 2 1 2 0 1 1 0 0 1 1 3 0 1 1 2 0 2 1 2 0 0 0 0 1 2 1 3 0 1 1 1 1 0 2 0 1 0 0 0 0 3 0 0 0 1 0 2 2 0 1 1 0 3 0 1 1 1 1 0 0 0 0 1 1 0 0 0 1 2 0 1 0 0 1 2 1 1 0 0 0 2 2 0 1 0 1 1 2 0 1 3 0 0 0 3 0 0 0 0 1 3 0 2 1 2 0 1 2 0 1 0 1 2 0 1 1 0 1 2 1 1 0 0 1 1 0 2 2 0 0 1 1 2 0 2 0 3 0 2 2 0 1 0 0 3 0 2 0 1 1 3 0 2 1 1 0 0 1 2 1 1 2 0 1 0 2 0 0 1 1 2 1 2 1 1 2 0 0 3 0 2 0 3 0 3 0 2 2 0 0 3 0 1 2 0 1 2 1 1 0 2 0 2 0 1 0 3 0 1 0 2 1 2 0 0 2 0 0 3 0 2 1 0 1 0 1 0 0 1 0 1 1 2 0 0 1 0 0 3 0 1 1 2 0 1 1 0 0 0 2 0 0 1 0 2 1 0 0 3 0 2 0 3 0 3 0 1 0 1 1 0 1 2 0 2 1 1 1 0 0 1 0 2 1 1 1 3 0 1 1 2 1 1 1 0 1 0 1 2 0 2 2 0 0 1 0 0 1 0 1 0 0 0 1 1 1 1 0 1 0 2 1 2 0 1 2 0 1 0 1 2 0 0 0 0 1 1
0 424 1 0 1 1 2 0 2 0 0 0 0 2 0 2 0 0 0 1 1 3 0 1 2 0 0 1 0 0 1 2 0 0 1 2 0 1 2 0 0 0 1 3 0 2 0 2 2 0 0 0 0 0 2 0 1 0 0 2 1 2 1 1 0 1 1 1 0 0 2 0 1 2 1 3 0 2 1 1 0 2 1 0 2 0 0 2 1 0 2 0 2 0 1 0 1 0 0 2 0 0 0 0 0 1 2 0 1 1 0 1 1 1 0 1 2 0 1 3 0 0 1 3 0 2 1 0 1 2 1 1 0 2 1 2 1 0 0 1 1 2 2 0 1 2 2 0 0 0 0 2 2 0 0 1 0 3 0 2 0 1 1 0 1 2 0 0 1 2 1 0 0 0 0 2 2 0 1 1 1 1 1 2 1 1 0 1 1 2 0 2 0 0 0 0 1 0 0 0 0 3 0 3 0 0 1 0 1 2 0 1 0 1 1 2 0 2 2 0 0 0 0 1 0 3 0 2 0 3 0 3 0 2 0 1 0 0 0 2 0 1 1 2 0 1 1 0 2 0 1 0 0 0 1 2 2 0 0 1 0 0 2 0 0 3 0 2 0 1 0 3 0 3 0 2 0 3 0 2 0 0 1 0 1 0 1 2 1 1 0 0 2 0 0 2 2 0 0 1 2 0 1 2 1 3 0 2 0 1 1 0 2 0 2 0 0 2 0 3 0 3 0 0 2 0 1 2 2 0 2 0 2 0 1 0 0 1 1 2 1 2 1 1 1 0 1 3 0 1 0 3 0 2 1 3 0 3 0 0 1 0 0 1 1 2 2 0 0 2 1 1 2 0 0 2 0 0 0 0 1 3 0 0 0 0 1 0 0 2 0 2 1 2 0 0 2 0 2 0 0 1 0 2 0 1 0 2 1 2 0 0 0 0 1 0 0 0 0 3 0 0 0 1 0 1
1 425 1 0 0 0 2 2 0 1 2 1 0 1 1 0 0 1 1 1 0 0 2 0 0 0 2 1 2 0 1 0 3 0 1 1 0 0 0 0 2 1 1 1 2 0 1 0 2 0 2 1 0 0 1 1 3 0 3 0 1 0 0 1 2 0 3 0 1 0 1 2 0 1 1 0 2 0 1 1 2 1 1 1 1 1 3 0 0 1 1 2 0 1 3 0 3 0 2 2 0 1 1 0 0 1 0 1 0 0 1 0 3 0 1 1 0 1 0 1 1 1 2 1 2 0 1 1 1 1 0 1 2 1 2 0 0 1 0 1 0 0 1 1 0 1 1 0 2 1 0 1 2 0 2 1 2 1 3 0 0 2 0 1 1 0 3 0 1 1 0 1 0 0 0 1 2 1 0 0 2 0 2 1 0 1 2 1 0 0 0 0 0 1 1 0 0 2 0 0 0 1 3 0 2 1 2 0 0 0 3 0 2 1 0 0 0 0 2 0 2 1 0 0 2 1 3 0 1 0 3 0 3 0 0 1 3 0 0 1 0 2 0 2 0 2 0 1 1 1 3 0 2 1 1 1 1 0 2 1 2 0 1 1 3 0 2 0 0 2 0 0 3 0 3 0 1 0 3 0 0 1 2 0 0 0 0 1 0 1 2 0 1 1 3 0 1 0 2 2 0 1 0 1 1 0 2 0 0 2 0 1 1 2 0 1 3 0 0 0 3 0 2 1 2 2 0 1 1 1 0 2 0 1 3 0 2 2 0 0 1 0 0 1 3 0 0 1 1 2 0 0 3 0 2 0 2 0 2 1 1 2 0 1 0 0 1 0 3 0 0 2 0 0 2 2 0 1 1 0 1 1 1 1 1 0 0 2 0 1 1 0 1 2 0 1 2 2 0 1 2 1 2 1 0 2 0 0 1 2 0 1 1 0 0 2 0 0 0 1 2 1 1 0 2 0 2
0 425 2 0 0 1 2 1 0 1 0 1 1 0 1 0 1 0 1 2 0 1 0 1 1 1 1 2 0 2 0 0 2 2 0 1 0 0 0 1 1 1 3 0 3 0 2 1 1 0 1 1 0 1 0 0 2 0 2 1 3 0 1 1 0 0 2 2 0 0 0 1 0 0 1 1 1 0 0 0 0 1 3 0 2 1 1 1 2 0 2 2 0 1 2 0 3 0 2 1 0 0 1 0 0 2 0 2 0 0 2 1 2 2 0 1 1 0 0 0 2 1 0 2 0 2 0 1 3 0 0 1 0 2 0 1 1 2 0 2 0 0 3 0 0 0 1 1 1 1 1 1 0 0 2 0 1 0 1 1 2 2 0 0 1 1 2 2 0 1 0 2 0 0 1 1 0 1 0 1 1 0 1 1 1 1 0 1 0 0 0 0 1 0 1 0 1 1 2 1 1 1 2 0 1 2 0 1 1 1 3 0 1 1 0 0 0 1 1 0 1 1 0 1 2 0 1 2 0 0 3 0 2 1 2 1 1 1 2 0 0 2 0 2 0 2 0 0 2 1 2 0 1 1 3 0 1 1 2 0 0 0 0 0 2 0 0 1 2 1 3 0 2 0 2 2 0 0 2 1 2 0 3 0 0 0 1 0 0 1 0 0 0 0 1 2 0 0 2 1 0 0 0 0 1 1 0 1 2 2 0 0 2 2 0 1 1 1 1 1 3 0 2 0 1 1 0 0 2 0 0 2 0 1 2 0 2 0 2 1 2 0 1 1 1 1 2 0 2 1 3 0 2 0 1 0 1 0 1 2 0 0 3 0 2 1 2 1 2 1 2 1 3 0 1 1 0 0 1 0 3 0 2 0 1 0 1 2 0 0 1 1 0 1 0 1 1 1 0 1 1 0 0 1 1 1 2 2 0 1 0 0 1 0 1 1 2 1 1 1 0 1 2 1 1 0 1
1 426 1 0 1 2 1 0 1 1 0 0 0 1 0 2 0 2 1 0 1 0 0 0 0 2 0 2 2 0 1 3 0 1 0 3 0 2 1 1 0 2 1 2 0 3 0 1 1 2 0 2 2 0 2 0 1 1 0 2 0 1 2 0 1 0 1 2 0 2 1 0 2 0 0 3 0 1 0 0 0 1 1 2 0 1 2 0 0 0 0 2 1 0 1 0 0 3 0 1 1 0 0 2 0 1 2 0 1 3 0 1 0 1 1 0 0 1 0 0 1 1 1 1 2 0 2 0 1 1 1 2 0 0 2 0 0 2 2 0 1 3 0 1 1 1 0 3 0 2 0 1 2 0 1 0 2 0 0 0 0 1 0 2 2 0 0 1 1 0 0 0 1 2 1 3 0 0 0 0 0 1 0 3 0 1 2 0 2 0 0 0 0 2 0 2 1 0 0 0 2 0 0 0 0 0 1 0 0 2 1 1 2 0 1 0 0 1 0 1 0 3 0 0 1 0 0 0 0 3 0 2 0 2 0 0 1 3 0 3 0 1 2 0 2 0 1 3 0 1 0 0 0 0 0 1 2 0 2 0 1 1 0 0 1 0 1 2 1 1 0 2 0 1 0 2 0 3 0 1 0 0 0 2 1 1 0 2 0 0 2 0 0 0 1 0 0 3 0 0 1 0 0 0 0 3 0 0 1 1 0 3 0 1 1 0 0 2 0 2 1 2 0 0 2 0 1 0 1 0 1 2 2 0 1 0 0 1 0 1 2 0 2 0 2 0 0 0 0 2 0 2 0 0 1 3 0 2 1 0 0 3 0 2 0 2 0 1 0 1 0 1 0 1 2 0 1 0 0 2 1 3 0 0 2 0 0 0 0 2 1 3 0 0 0 0 0 2 0 0 0 1 0 1 0 2 1 1 0 3 0 2 1 2 1 0 0 0 1 3 0 0 1 0 1 2 0 2
0 427 1 0 0 1 0 1 1 0 1 0 0 0 2 1 1 0 1 1 0 2 0 0 0 1 1 0 2 1 0 1 1 2 0 0 3 0 1 1 2 1 2 0 0 0 3 0 0 0 0 0 2 1 0 2 0 0 1 1 1 0 0 1 0 0 0 1 0 0 1 1 1 1 3 0 1 1 3 0 0 1 0 0 0 0 0 0 2 1 0 1 1 1 0 2 0 1 2 2 0 1 0 1 1 0 0 1 0 1 1 1 3 0 2 2 0 0 2 0 1 0 2 0 2 2 0 2 0 0 2 0 3 0 1 1 3 0 1 1 0 1 1 2 0 1 2 1 3 0 1 0 0 1 0 0 0 1 2 1 0 0 2 1 2 0 2 1 2 2 0 0 1 1 1 0 1 1 1 0 0 0 2 1 3 0 0 1 0 1 2 1 0 1 1 0 1 1 0 0 1 1 2 1 0 0 0 2 0 1 1 2 0 0 3 0 2 1 2 0 2 1 2 1 1 2 0 0 0 1 3 0 1 0 0 1 2 1 2 0 3 0 0 1 0 2 0 1 1 1 3 0 0 0 0 1 0 1 0 2 0 0 1 0 1 0 0 1 0 1 2 1 0 2 0 0 1 0 2 1 3 0 0 1 1 1 2 1 0 1 2 1 2 1 0 2 0 1 2 1 1 2 0 0 0 1 2 1 2 0 1 1 2 2 0 1 0 1 1 0 1 2 0 1 2 2 0 0 0 0 0 1 1 0 3 0 2 1 2 1 0 1 0 2 0 1 2 1 0 1 1 0 0 1 2 1 2 0 1 1 0 1 3 0 1 0 0 1 3 0 2 0 2 1 0 0 3 0 3 0 1 0 1 1 2 1 2 1 0 1 2 0 1 1 1 0 0 1 0 1 1 0 2 0 2 1 1 1 2 1 3 0 2 0 0 1 0 0 1 1 1 1 2 0 0 1 0 0 1
1 427 2 0 1 0 0 0 1 0 2 0 0 1 1 1 2 0 3 0 0 1 2 1 1 0 1 1 1 1 1 0 2 1 3 0 2 0 0 0 0 2 0 1 1 1 2 1 1 0 0 1 1 1 1 1 2 1 3 0 1 0 0 2 0 0 0 2 0 0 3 0 2 1 2 0 0 0 1 1 1 2 0 0 0 0 0 1 1 1 1 0 2 0 0 2 0 1 1 1 0 0 0 0 1 0 1 0 0 0 2 1 2 0 2 0 2 2 0 2 0 0 1 0 2 1 0 1 3 0 0 0 3 0 0 0 1 2 0 1 1 0 2 2 0 1 1 0 1 1 3 0 0 2 0 0 1 1 0 1 0 1 2 0 0 0 2 0 1 0 2 1 3 0 1 0 3 0 1 0 0 1 2 0 1 1 2 0 0 1 0 1 1 0 1 0 2 2 0 1 0 0 0 1 0 0 1 2 0 0 2 1 3 0 2 0 2 0 0 0 2 0 0 2 0 0 2 1 1 1 1 1 3 0 1 1 1 0 0 0 2 1 2 0 0 2 0 0 2 1 1 1 1 0 1 0 0 0 0 1 2 1 2 0 2 0 1 0 0 1 0 1 1 1 2 1 2 1 2 0 1 1 2 0 2 1 0 1 1 1 1 0 0 1 1 2 0 1 0 2 0 0 2 1 1 1 1 0 0 0 0 0 1 1 0 0 0 0 1 1 0 1 0 1 1 0 2 1 0 0 1 0 1 1 3 0 2 0 0 1 1 0 0 2 0 1 0 1 1 0 1 0 1 1 0 2 0 2 0 1 1 1 1 1 3 0 1 1 2 0 1 0 1 1 0 1 3 0 2 2 0 0 0 0 1 0 0 1 1 0 3 0 3 0 1 0 1 0 0 0 1 1 1 0 1 2 0 0 1 0 2 0 0 1 1 2 0 0 3 0 2 0 3 0 0 2 0 0 2
0 428 1 0 1 3 0 0 0 2 1 0 1 2 0 2 1 0 0 2 1 2 1 0 1 2 0 3 0 2 0 1 1 2 0 2 0 0 1 1 0 1 2 0 0 2 1 0 1 2 0 1 0 2 0 2 1 1 0 1 1 3 0 1 1 2 1 1 1 3 0 2 0 1 2 0 1 1 0 3 0 2 1 2 1 0 0 1 0 2 0 1 1 0 1 2 2 0 0 1 2 0 0 0 0 2 0 2 0 0 1 2 0 0 0 1 0 2 1 0 1 2 1 2 1 1 1 1 1 1 1 1 1 2 1 1 1 0 1 0 0 1 1 2 1 0 0 1 1 0 0 1 1 2 1 2 1 3 0 0 0 0 0 3 0 0 1 0 2 0 0 2 0 1 2 0 0 2 1 3 0 1 0 3 0 3 0 3 0 1 0 0 0 1 0 2 1 2 0 3 0 2 1 0 2 0 1 0 0 3 0 1 0 2 0 1 0 0 1 1 1 0 1 2 1 3 0 0 1 3 0 2 1 1 2 0 1 2 0 0 1 1 2 0 1 2 1 3 0 0 1 3 0 1 0 2 0 0 0 1 1 1 0 0 0 0 1 3 0 1 0 0 0 2 1 1 0 1 0 0 0 0 0 0 0 1 1 1 0 2 0 1 0 1 0 2 2 0 0 0 1 3 0 0 1 3 0 1 0 0 0 0 0 2 2 0 0 0 0 3 0 0 0 0 0 1 1 1 1 0 0 2 1 0 0 2 0 0 1 2 0 1 0 1 2 0 0 0 0 1 0 2 0 3 0 0 2 0 2 0 0 2 0 2 1 1 2 0 2 0 1 3 0 3 0 0 1 2 0 2 0 2 1 0 0 2 0 1 0 1 1 3 0 2 1 3 0 2 0 0 0 3 0 1 1 0 0 2 1 2 1 0 1 2 0 2 1 3 0 2 0 1 0 2 1 2 1 3 0 0
0 429 1 0 0 1 1 1 1 1 1 1 1 1 0 0 1 1 0 1 2 0 0 1 1 1 0 0 3 0 1 0 0 0 0 0 0 1 2 0 1 1 0 0 3 0 0 1 1 0 3 0 2 1 1 0 1 1 2 1 0 0 2 0 0 0 0 2 0 0 2 0 1 0 0 1 0 0 1 1 3 0 2 0 0 1 0 0 2 1 0 2 0 1 1 1 1 0 2 2 0 0 2 1 0 1 1 0 0 1 2 0 3 0 0 0 2 1 1 1 1 1 1 0 0 1 3 0 2 0 2 0 2 1 0 1 2 2 0 2 0 1 0 0 0 1 0 0 2 2 0 1 0 0 1 0 1 0 1 1 1 0 0 1 2 1 2 0 0 1 3 0 0 0 0 0 3 0 1 0 1 2 0 0 3 0 3 0 2 1 3 0 0 0 2 1 2 0 0 0 3 0 1 1 1 1 3 0 3 0 1 2 0 0 0 1 3 0 1 0 2 0 0 1 1 0 1 1 2 1 2 0 1 2 0 1 0 0 3 0 1 0 2 2 0 1 1 0 1 1 2 1 1 2 0 0 0 1 1 0 3 0 1 0 0 0 1 1 1 1 3 0 0 1 1 1 2 0 2 0 0 0 0 0 0 0 3 0 1 1 0 1 3 0 2 1 2 0 2 1 1 1 1 1 2 1 1 1 3 0 0 0 0 1 2 0 2 1 0 1 2 1 1 0 0 0 3 0 1 2 0 1 1 1 0 1 0 1 2 0 3 0 2 1 0 0 2 1 0 0 2 1 1 0 2 1 2 2 0 1 3 0 0 0 1 2 0 1 0 2 0 1 2 0 2 1 2 1 0 0 1 0 1 1 0 1 0 2 0 0 0 0 2 0 2 0 2 0 0 1 1 1 2 2 0 1 0 1 2 0 0 1 1 1 0 0 2 0 2 0 0 2 0 0 2 0 1 0 1 1 1
0 429 2 0 1 0 2 0 2 0 2 0 1 2 0 0 3 0 0 0 3 0 1 0 1 2 0 1 2 1 3 0 0 0 0 0 1 0 3 0 2 2 0 1 2 1 2 0 1 1 3 0 1 1 2 1 0 0 0 1 0 1 0 1 1 0 1 1 2 2 0 1 3 0 0 2 0 1 0 0 2 0 0 1 1 2 0 1 1 1 1 2 0 0 2 0 1 1 2 0 3 0 0 1 1 0 1 0 1 1 0 0 2 1 1 1 1 1 3 0 2 0 1 0 1 1 2 0 1 0 1 0 1 1 1 1 1 1 0 1 3 0 2 1 0 2 0 1 2 0 3 0 2 1 2 0 2 0 3 0 1 0 1 1 0 2 0 1 2 1 1 1 1 0 0 1 2 2 0 0 0 0 3 0 2 0 3 0 2 0 1 1 1 1 1 2 0 1 1 1 2 2 0 2 0 0 2 0 3 0 0 0 2 1 1 1 1 2 0 0 0 1 2 0 1 1 0 0 1 0 0 0 0 0 3 0 3 0 1 2 0 0 2 1 0 0 1 1 0 0 0 2 0 0 2 1 1 0 1 1 2 1 3 0 0 0 3 0 2 1 1 1 2 0 2 1 0 0 0 1 1 0 0 0 0 1 2 2 0 1 1 1 2 0 2 0 0 0 1 1 3 0 2 1 0 2 0 0 1 1 1 0 1 1 0 0 1 1 1 1 0 1 2 0 0 1 3 0 0 1 0 0 2 0 0 0 0 1 0 0 3 0 1 1 0 1 1 1 0 1 1 1 2 1 2 0 1 1 0 1 1 1 1 1 0 1 0 0 0 2 0 1 0 0 2 0 0 1 0 0 2 0 3 0 0 0 0 1 2 1 0 1 1 0 1 0 0 1 2 0 2 1 1 1 0 0 0 0 3 0 1 0 1 2 0 1 1 0 0 1 2 1 2 2 0 1 3 0 3 0 1
1 430 1 0 2 0 0 1 0 1 0 1 0 0 0 3 0 1 1 1 1 2 2 0 0 0 1 0 1 1 0 1 1 1 0 0 0 2 1 3 0 2 1 0 1 1 0 0 0 0 0 2 0 0 0 0 1 0 0 1 0 0 0 0 0 1 1 0 0 1 1 0 1 1 1 2 1 3 0 2 2 0 1 2 0 2 2 0 0 2 0 2 1 3 0 0 0 0 0 0 0 2 1 2 0 1 0 2 0 2 2 0 1 1 1 3 0 2 1 2 0 0 1 3 0 3 0 3 0 2 0 2 0 3 0 2 0 2 0 0 1 2 0 1 1 1 2 0 1 0 0 3 0 2 0 0 0 1 0 2 1 3 0 3 0 0 2 0 1 0 1 3 0 1 0 1 1 1 0 2 1 0 1 3 0 1 0 3 0 0 2 0 1 3 0 2 2 0 0 2 1 1 1 0 1 3 0 0 0 2 1 1 1 1 1 3 0 2 1 2 1 1 0 3 0 2 2 0 0 2 0 0 0 0 1 3 0 3 0 0 0 3 0 0 1 0 0 2 2 0 0 1 1 3 0 0 1 2 1 0 0 1 0 1 1 1 1 3 0 1 2 0 0 0 0 1 1 0 0 1 0 1 0 0 0 1 1 1 1 0 0 2 1 0 0 0 1 1 1 0 0 2 0 1 1 1 1 2 1 3 0 1 0 2 2 0 0 3 0 2 0 0 0 3 0 1 1 1 1 1 2 0 1 0 1 1 0 0 2 0 1 2 2 0 1 1 0 2 0 0 0 2 1 0 2 0 2 0 1 1 0 2 0 1 2 0 2 0 0 1 1 3 0 2 2 0 1 1 2 0 1 1 0 2 1 1 0 1 1 0 1 1 0 1 0 2 0 1 1 0 0 1 1 2 2 0 0 0 1 2 2 0 0 0 1 0 0 1 0 1 1 1 0 1 1 0 1 2 0 2 2 0
1 431 1 0 0 1 2 1 2 0 2 0 2 0 0 1 2 2 0 2 0 0 1 0 2 1 1 0 0 0 1 0 3 0 1 0 0 1 2 0 2 0 1 1 1 0 1 0 0 0 0 1 0 1 1 0 0 2 0 0 2 0 0 0 0 0 2 2 0 0 3 0 0 0 2 1 1 0 2 0 2 1 0 1 0 0 2 0 3 0 0 0 2 0 1 1 1 0 0 0 0 1 1 2 0 2 0 0 1 0 2 1 0 0 2 1 2 0 1 2 0 1 2 1 2 0 3 0 3 0 1 0 1 0 3 0 1 0 0 1 2 0 3 0 3 0 2 1 3 0 3 0 2 0 0 1 1 0 2 1 2 0 2 0 2 1 2 2 0 0 0 1 1 1 3 0 3 0 1 1 1 1 1 1 1 2 0 0 2 1 2 2 0 1 2 0 2 0 3 0 0 1 3 0 0 1 1 1 1 1 1 1 3 0 2 1 2 0 2 0 0 1 2 1 3 0 2 0 2 2 0 1 1 0 1 1 2 0 2 1 1 1 2 1 1 2 0 1 2 0 2 2 0 0 1 1 2 1 0 1 0 0 2 0 3 0 2 1 2 0 0 0 2 1 0 0 2 2 0 0 2 0 2 0 0 0 3 0 1 2 0 1 1 1 0 0 1 0 1 2 0 1 0 2 0 2 0 0 1 0 1 2 0 0 2 0 3 0 2 0 0 1 1 1 2 2 0 1 3 0 2 2 0 0 0 0 1 0 1 2 0 1 1 1 0 0 1 1 0 1 1 1 1 1 1 2 0 2 0 0 1 1 1 0 0 1 0 1 2 2 0 0 2 0 2 1 0 0 2 2 0 0 1 1 1 1 2 0 3 0 0 0 1 0 2 1 0 2 0 1 0 1 0 0 1 0 2 1 1 1 1 0 2 1 0 2 0 0 2 0 3 0 1 0 3 0 0 1 0 0 2 0 2
0 431 2 0 1 1 1 0 0 0 1 0 0 1 2 1 1 1 0 1 2 1 2 1 1 1 2 0 0 0 2 1 2 1 3 0 1 1 0 0 0 2 0 1 2 0 2 0 0 0 1 0 0 0 1 0 1 1 2 2 0 1 1 0 0 1 2 0 3 0 1 1 1 1 1 1 2 1 1 0 1 1 0 2 0 1 1 0 2 1 1 1 0 2 0 1 2 0 0 0 1 0 2 2 0 1 2 1 2 1 1 1 0 1 2 0 0 0 0 1 0 1 1 0 0 0 3 0 2 1 3 0 2 1 2 1 3 0 1 1 0 0 3 0 3 0 2 0 2 0 3 0 0 1 2 0 1 1 2 0 0 0 1 0 2 0 1 0 2 1 1 0 2 1 2 0 2 2 0 1 3 0 2 0 2 1 3 0 1 0 1 1 0 1 0 0 1 0 2 1 2 1 1 1 2 0 2 0 2 0 2 1 2 0 2 0 0 0 0 1 2 1 1 0 2 0 1 0 2 1 0 0 1 1 0 0 0 0 1 2 0 0 0 2 0 1 0 1 0 0 2 0 2 2 0 0 0 1 0 2 0 1 1 0 3 0 1 2 0 1 1 1 1 1 0 1 2 0 3 0 0 0 0 1 1 1 3 0 0 1 0 0 1 2 0 0 2 1 0 1 0 0 0 2 0 1 2 1 2 1 0 0 3 0 0 0 3 0 0 1 2 0 2 1 1 1 0 1 2 0 2 0 2 1 0 0 2 1 0 1 0 0 1 2 0 0 3 0 0 0 2 0 2 0 2 2 0 1 2 1 3 0 1 0 1 0 0 1 1 0 3 0 0 0 1 1 0 1 2 0 2 1 3 0 2 1 0 0 2 1 1 0 2 1 1 1 1 1 3 0 3 0 2 1 2 1 1 1 3 0 1 1 1 1 1 1 3 0 0 0 2 2 0 0 2 1 1 2 0 1 1 0 1
1 432 1 0 2 0 1 2 0 0 0 2 0 1 1 0 1 3 0 0 1 1 0 0 1 3 0 3 0 0 1 2 0 1 0 1 2 0 1 0 0 1 2 0 1 0 0 0 1 1 0 2 0 0 0 2 1 0 0 1 1 0 0 1 0 1 1 0 0 2 2 0 1 3 0 2 1 0 1 2 0 3 0 0 2 0 0 1 1 1 1 3 0 0 2 0 0 3 0 0 0 2 1 2 1 0 1 1 0 0 1 3 0 0 0 3 0 0 0 1 0 0 0 1 0 0 1 3 0 2 0 2 0 2 0 1 0 1 2 0 1 0 1 3 0 3 0 1 0 1 0 2 1 2 0 3 0 3 0 3 0 0 0 2 1 0 2 0 0 1 1 2 1 2 0 0 0 2 1 0 1 2 0 1 0 2 0 1 1 3 0 2 2 0 2 0 0 2 1 2 0 0 2 0 0 0 0 1 0 1 0 2 0 0 0 0 1 1 0 1 1 0 1 2 1 0 2 0 0 1 1 0 0 2 2 0 0 0 1 0 0 2 1 1 1 3 0 3 0 3 0 0 0 2 0 2 1 1 0 0 2 0 0 1 1 3 0 0 1 0 0 2 0 2 0 0 1 0 0 2 1 1 0 1 0 2 1 1 1 1 2 0 1 0 0 3 0 0 1 0 2 0 0 1 2 0 1 1 0 0 1 0 1 2 1 1 1 2 1 2 1 0 0 1 1 3 0 0 1 0 0 1 0 1 1 0 1 1 1 0 2 0 1 0 0 3 0 1 1 1 1 1 0 1 0 2 1 0 1 1 0 1 1 3 0 2 0 1 0 1 1 2 1 1 0 3 0 0 1 0 0 2 0 2 0 1 1 0 1 1 1 2 1 1 1 3 0 2 1 2 0 3 0 2 0 0 2 0 0 1 2 0 1 3 0 2 1 1 1 1 1 2 0 3 0 0 2 0 1 0 0 1 0 2
0 433 1 0 0 2 0 0 3 0 0 1 0 2 0 1 1 1 1 1 2 0 1 0 1 1 2 0 2 1 2 0 3 0 2 1 0 0 3 0 2 2 0 0 3 0 2 1 1 0 1 1 0 1 1 1 1 1 0 0 2 2 0 0 2 0 2 2 0 1 2 1 0 1 2 0 1 1 1 1 0 0 2 1 2 1 2 1 3 0 2 1 1 1 2 1 3 0 1 1 1 1 2 0 0 1 1 0 1 0 1 1 1 1 1 1 2 1 1 0 2 0 0 0 2 0 1 1 2 0 1 0 1 0 0 2 0 0 0 1 0 0 0 1 2 0 2 1 3 0 2 1 2 0 0 0 3 0 3 0 2 1 1 1 1 1 1 1 2 2 0 0 0 2 0 1 1 1 1 1 1 0 3 0 2 1 1 0 0 0 2 0 2 1 0 1 3 0 0 2 0 1 2 1 2 1 0 0 2 0 2 1 0 1 1 0 1 0 1 0 3 0 0 1 0 1 1 1 2 1 2 2 0 1 2 0 2 1 0 2 0 1 1 2 0 0 2 0 3 0 2 1 1 1 1 0 1 1 2 0 1 1 2 2 0 0 1 1 1 2 0 1 1 0 0 1 1 2 0 1 1 1 2 0 2 1 1 1 3 0 2 1 3 0 3 0 1 1 2 0 0 1 2 2 0 1 0 0 1 0 1 0 0 1 0 2 0 0 1 0 0 1 0 1 0 0 1 1 1 2 0 0 2 0 3 0 0 0 2 0 0 1 3 0 3 0 1 2 0 1 3 0 1 0 2 1 1 1 1 0 1 1 0 0 2 0 0 2 0 0 0 0 0 1 2 1 2 1 1 2 0 1 1 0 0 2 0 1 1 0 2 1 0 2 0 0 2 0 2 0 0 0 3 0 0 1 2 1 2 2 0 1 0 1 2 0 1 1 3 0 2 1 0 0 2 1 2 1 3 0 2 1 2 1 1
0 433 2 0 1 1 3 0 1 1 2 0 0 2 0 0 2 0 2 0 3 0 2 1 0 0 0 0 2 0 0 0 3 0 1 1 0 1 3 0 2 0 3 0 2 0 1 1 2 0 3 0 0 0 2 0 1 2 0 1 2 0 3 0 0 0 2 1 0 1 0 1 1 0 3 0 3 0 1 2 0 1 2 0 1 0 1 0 2 0 1 2 0 0 1 0 1 2 0 1 3 0 3 0 1 0 1 0 2 0 3 0 2 0 2 1 0 1 2 1 0 1 1 1 0 2 0 2 0 1 3 0 2 0 1 1 2 1 0 2 0 0 1 1 0 0 2 0 2 0 1 2 0 1 1 1 3 0 3 0 1 1 3 0 2 0 2 1 1 0 2 1 1 2 0 0 2 0 2 0 1 1 3 0 1 1 2 0 0 1 1 0 1 1 1 1 1 1 2 2 0 1 1 0 0 1 0 1 1 0 1 1 1 0 1 0 2 0 2 1 2 1 2 0 0 0 2 1 1 0 1 1 0 1 0 0 1 1 1 2 0 0 2 1 3 0 0 0 3 0 1 1 3 0 1 1 0 0 0 0 0 0 1 0 2 1 3 0 2 2 0 0 1 0 1 0 2 2 0 0 2 1 0 0 1 2 0 0 2 0 2 0 2 0 2 2 0 2 0 1 2 1 1 0 3 0 2 1 2 0 2 0 1 0 0 1 2 1 2 0 0 2 0 2 0 0 3 0 2 1 3 0 0 0 2 1 1 1 0 1 2 1 2 0 3 0 0 1 0 1 1 2 0 0 1 1 3 0 1 0 2 2 0 1 0 1 2 1 2 1 0 0 1 1 1 0 0 2 0 1 0 0 1 0 1 2 0 0 1 1 1 1 1 1 3 0 0 0 0 1 1 1 2 1 2 1 1 0 1 1 0 0 0 1 0 0 0 0 2 0 1 1 0 1 2 0 1 0 2 0 2 0 0 1 2
1 434 1 1 0 0 0 1 2 0 2 0 1 2 1 3 0 0 0 1 0 3 0 1 1 0 0 0 1 0 1 1 1 2 2 0 1 1 1 2 0 1 0 3 0 1 0 0 0 0 0 2 1 1 1 1 0 0 1 0 1 0 0 2 1 1 1 1 1 1 0 0 0 1 1 3 0 3 0 0 1 0 0 3 0 2 0 2 1 1 0 0 0 2 1 2 1 0 1 0 1 2 0 2 1 3 0 2 1 1 0 3 0 1 0 1 1 1 1 0 1 1 0 2 0 0 2 0 2 0 1 2 0 1 0 0 0 0 1 1 1 2 1 2 2 0 1 1 0 1 0 0 1 0 0 2 1 2 0 3 0 0 0 2 0 1 0 1 1 2 1 1 2 0 0 3 0 0 0 1 0 0 0 1 2 0 2 0 1 2 0 1 0 3 0 2 0 2 1 1 1 0 0 1 0 1 0 0 0 1 0 3 0 1 0 2 1 1 0 2 0 0 2 0 1 1 1 1 1 2 0 2 2 0 2 0 0 3 0 2 1 3 0 1 0 1 1 1 1 3 0 0 0 1 2 0 1 0 0 0 0 0 0 2 1 2 0 2 0 2 0 2 1 2 0 2 1 2 0 3 0 0 1 0 1 0 0 3 0 0 0 1 0 1 0 2 1 0 2 0 1 0 1 2 1 3 0 2 0 0 0 0 1 3 0 1 1 0 2 0 1 2 2 0 1 3 0 2 0 2 0 1 1 1 1 1 1 3 0 0 1 1 0 0 0 2 1 2 0 0 0 2 1 2 2 0 0 1 2 0 0 2 1 0 0 0 1 1 0 0 1 0 0 3 0 1 0 1 1 3 0 2 1 2 1 0 0 2 1 3 0 2 0 2 1 1 1 1 0 1 0 2 1 1 0 0 1 2 0 2 2 0 0 0 2 0 0 0 1 0 2 0 1 1 0 3 0 2 1 1 0 0 1 2 1 0
1 435 1 0 1 0 0 1 0 1 0 2 0 1 1 0 1 1 1 0 2 1 2 2 0 1 0 0 1 0 0 0 2 1 1 1 0 0 2 0 3 0 2 1 2 1 3 0 0 0 0 1 1 1 3 0 1 0 0 2 0 2 0 1 1 1 3 0 2 0 1 0 0 1 0 0 2 0 2 1 1 2 0 1 3 0 1 0 1 1 2 0 0 1 2 0 0 1 1 0 0 1 0 0 2 0 2 0 1 1 2 1 2 1 3 0 3 0 2 0 0 0 1 1 0 1 2 2 0 2 0 0 3 0 2 0 0 0 1 0 2 1 1 0 1 1 0 0 1 0 2 0 0 2 0 1 2 0 0 0 2 1 1 1 0 2 0 0 0 0 0 2 0 0 3 0 1 1 1 0 2 0 0 1 0 1 0 2 0 0 3 0 2 1 3 0 1 0 1 1 2 2 0 0 2 0 2 0 0 0 2 1 2 2 0 0 1 1 2 1 0 1 2 2 0 0 2 0 2 1 0 0 2 1 0 1 3 0 2 0 2 0 1 1 3 0 3 0 2 1 1 1 1 1 0 0 3 0 2 1 0 0 0 1 2 0 0 0 1 0 1 0 2 0 0 0 2 0 0 0 2 1 1 2 0 2 0 1 2 1 1 0 2 0 2 1 1 1 1 2 0 0 0 1 1 0 2 0 0 1 1 0 1 1 1 2 0 1 1 2 0 1 1 1 0 1 2 0 1 0 0 2 0 1 3 0 2 1 1 1 2 0 1 0 0 1 1 2 0 1 1 1 2 0 1 0 2 2 0 0 3 0 0 1 0 0 1 0 1 0 0 2 0 1 2 2 0 0 0 0 2 0 2 0 0 1 0 1 2 0 2 0 1 0 1 1 3 0 1 0 2 1 1 1 2 0 1 1 0 0 2 0 2 1 1 1 2 1 1 0 0 2 0 0 1 1 3 0 1 1 2 0 1 1 0 1 0
1 435 2 0 2 0 1 0 0 0 0 2 0 0 1 0 3 0 1 1 2 0 1 0 3 0 2 1 2 0 0 1 1 1 2 2 0 1 1 0 3 0 2 0 1 0 1 1 1 0 1 0 2 1 1 1 3 0 1 2 0 2 0 0 2 1 2 0 0 1 3 0 0 2 0 1 1 0 1 2 0 1 0 1 1 1 3 0 3 0 3 0 1 0 3 0 1 0 1 0 0 2 0 1 1 0 1 0 0 0 1 0 1 0 2 0 3 0 0 1 1 0 3 0 0 1 1 1 0 1 3 0 2 0 0 1 1 0 2 1 1 1 2 0 2 2 0 0 2 1 0 1 2 2 0 0 3 0 0 1 1 1 3 0 0 1 2 1 0 0 1 1 3 0 1 2 0 1 2 1 0 1 2 0 0 0 0 1 3 0 2 0 2 0 1 2 0 0 0 0 1 0 3 0 0 0 0 1 1 1 2 0 1 0 2 2 0 0 0 1 1 1 1 0 3 0 0 0 1 1 0 1 1 1 1 1 2 0 1 0 1 0 0 0 2 0 3 0 1 1 3 0 1 2 0 1 3 0 1 1 0 0 1 0 3 0 0 0 2 0 2 1 0 1 1 1 0 1 1 1 1 2 0 1 0 2 0 1 0 1 2 1 1 0 1 1 3 0 2 1 2 1 1 0 1 1 0 1 2 0 1 0 3 0 2 2 0 0 2 2 0 0 2 0 0 0 3 0 2 0 1 2 0 1 2 0 1 1 3 0 3 0 2 0 1 0 2 2 0 0 2 0 3 0 2 1 2 0 3 0 1 1 1 2 0 0 2 0 2 0 1 2 0 1 1 0 2 1 0 1 1 0 0 1 2 0 0 1 0 0 0 2 0 0 0 0 1 2 0 0 1 1 3 0 3 0 2 2 0 1 1 0 1 2 0 0 0 1 2 0 1 1 2 2 0 0 1 2 0 2 0 2 0 1 0 2 0
0 436 1 1 0 0 1 3 0 0 0 1 1 2 1 2 1 2 2 0 2 0 2 0 0 3 0 1 2 0 1 2 0 2 1 1 1 0 0 1 1 3 0 0 1 3 0 3 0 1 0 2 1 1 2 0 0 2 0 0 1 0 1 3 0 0 2 0 1 2 1 1 1 2 2 0 0 1 1 0 1 0 0 0 0 2 1 2 0 3 0 2 2 0 0 2 1 3 0 2 0 1 2 0 0 1 0 2 0 0 0 2 0 2 1 1 0 2 1 2 0 1 1 2 1 2 0 2 0 0 1 2 0 0 1 2 0 1 1 1 2 0 0 0 0 2 0 3 0 0 1 1 1 1 0 3 0 1 1 2 0 2 1 1 1 2 1 0 1 0 1 0 0 2 0 0 1 0 1 0 1 1 0 3 0 0 0 1 1 2 0 1 0 1 0 0 0 2 1 0 0 2 1 2 1 1 0 1 0 2 0 3 0 2 1 2 0 2 1 1 0 2 0 1 1 2 1 1 0 3 0 0 0 2 0 2 0 3 0 2 0 2 0 0 1 1 0 3 0 0 0 2 0 0 1 0 1 1 2 0 1 0 0 2 1 2 1 1 1 1 0 1 1 1 0 2 0 0 0 2 0 2 2 0 0 0 2 0 0 0 1 0 1 2 1 0 0 2 0 2 0 0 1 2 0 3 0 0 0 3 0 2 1 3 0 2 0 3 0 1 0 2 2 0 1 1 1 3 0 1 0 0 1 0 1 0 0 0 0 2 0 3 0 0 2 0 0 2 0 3 0 0 0 3 0 2 0 0 0 2 2 0 2 0 0 3 0 0 0 1 0 0 1 0 0 1 1 1 1 1 0 1 0 1 0 3 0 0 2 0 0 1 1 2 1 0 1 0 0 2 2 0 0 2 0 3 0 2 1 0 0 1 1 0 0 2 1 1 1 0 0 0 0 1 0 2 2 0 1 0 2 0 2 0 0 0 1 2
1 437 1 0 1 0 1 1 1 1 1 1 0 0 1 0 1 0 1 1 0 2 0 1 3 0 2 0 0 1 0 1 0 0 1 1 2 2 0 1 0 0 1 1 2 1 2 0 2 2 0 0 1 2 0 0 2 2 0 1 2 0 0 1 1 1 2 2 0 1 0 2 0 0 1 0 2 1 2 2 0 2 0 0 0 1 2 0 0 0 3 0 2 0 3 0 1 0 2 0 1 0 0 0 2 1 2 1 0 1 1 1 1 0 1 1 2 1 2 0 0 0 0 0 1 0 0 0 0 1 2 0 3 0 1 0 3 0 3 0 2 1 2 1 0 1 1 0 2 1 2 0 2 0 1 1 3 0 0 0 0 0 1 2 0 0 0 1 0 2 0 2 0 1 0 1 2 0 0 0 0 0 1 1 2 1 1 0 3 0 3 0 2 0 2 0 0 1 1 1 0 1 2 0 0 1 2 0 2 1 1 0 3 0 2 0 0 0 1 1 2 1 1 0 0 0 0 1 2 1 2 1 1 1 1 0 1 0 3 0 1 0 0 1 2 0 1 1 2 1 1 1 0 1 2 0 0 0 2 1 3 0 3 0 1 0 0 1 3 0 1 0 3 0 1 1 0 1 1 1 1 0 2 0 2 1 1 1 2 1 1 0 0 1 0 1 0 1 1 0 0 1 2 1 0 0 2 1 1 1 3 0 2 0 2 0 1 0 2 2 0 0 2 1 0 0 2 1 1 1 3 0 0 2 0 2 0 0 0 1 1 0 2 1 2 1 3 0 0 0 2 1 1 1 3 0 0 1 1 1 2 1 0 1 3 0 1 1 1 0 2 0 0 2 0 0 3 0 2 0 1 0 2 0 2 1 2 1 2 1 2 2 0 0 0 1 0 2 0 1 2 0 3 0 0 0 3 0 1 1 0 0 2 2 0 1 1 1 2 2 0 0 0 0 2 1 2 1 0 0 0 2 0 1 2 1 1 1 0
1 437 2 0 2 0 3 0 2 0 1 2 0 0 2 0 2 0 3 0 0 2 0 1 2 0 0 1 1 2 0 2 0 1 0 0 1 0 3 0 2 2 0 0 1 0 0 0 2 0 2 2 0 0 3 0 1 1 0 0 3 0 1 0 2 1 1 1 0 0 0 1 2 1 2 1 2 0 1 1 0 1 2 1 1 0 3 0 0 1 3 0 1 0 2 2 0 0 0 1 3 0 0 1 2 0 0 1 1 0 2 0 1 1 0 0 0 2 0 1 1 0 0 0 2 0 0 0 1 1 0 0 2 2 0 0 3 0 3 0 2 0 0 1 1 0 1 1 2 0 0 0 1 0 0 0 1 1 1 0 0 1 0 0 2 1 1 0 0 2 0 2 0 0 0 0 3 0 0 0 0 1 0 0 0 1 2 1 3 0 3 0 1 0 0 1 2 0 2 0 0 0 3 0 1 1 0 0 1 1 2 1 3 0 0 1 1 1 0 0 0 1 2 0 0 0 1 1 1 0 0 1 3 0 1 0 2 1 2 1 3 0 1 1 0 0 0 0 0 1 3 0 0 0 3 0 0 1 2 0 2 0 2 1 3 0 1 1 1 2 0 0 2 2 0 1 1 0 2 0 1 1 1 0 1 2 0 0 0 1 2 0 1 0 0 0 0 0 1 0 1 1 0 1 0 1 1 2 0 0 2 0 1 0 0 2 0 0 2 0 3 0 0 1 0 1 1 2 0 0 1 1 2 2 0 1 2 1 1 0 1 1 2 0 1 0 1 1 1 1 1 2 0 0 1 1 2 0 2 1 0 1 1 1 1 2 0 1 2 1 0 1 2 1 3 0 2 0 0 2 0 0 1 0 2 0 1 0 1 0 1 0 2 1 1 0 0 2 0 1 0 0 2 1 1 1 2 2 0 1 0 1 2 1 0 0 2 1 1 0 2 1 0 1 2 0 0 1 0 0 1 2 0 1 0 1 2 2 0
1 438 1 1 0 1 0 3 0 1 0 0 0 3 0 0 0 1 0 2 1 2 2 0 0 3 0 1 0 2 2 0 1 3 0 2 1 2 1 3 0 2 0 2 1 2 0 0 1 1 0 2 0 3 0 1 2 0 1 0 1 2 2 0 0 1 1 2 2 0 0 1 1 1 0 0 2 0 2 0 1 1 1 0 1 2 1 2 1 2 1 1 2 0 0 2 0 2 1 1 1 1 1 2 0 3 0 1 0 1 1 0 2 0 1 0 0 1 2 0 0 1 0 0 1 0 1 1 0 2 2 0 1 2 0 3 0 2 0 3 0 0 1 2 0 1 0 3 0 3 0 0 0 2 0 0 0 3 0 1 0 0 2 0 1 1 1 2 0 1 2 0 1 2 1 0 1 2 1 1 0 0 2 0 0 1 1 1 0 2 0 2 1 3 0 1 1 0 0 0 1 1 1 2 2 0 1 0 1 0 0 1 0 1 1 2 0 1 2 0 0 1 0 3 0 0 0 3 0 1 0 1 1 1 2 0 0 2 0 1 0 1 2 0 1 0 0 0 0 1 1 1 1 1 1 2 1 2 1 0 0 1 0 2 0 1 2 0 2 0 0 3 0 1 1 0 0 1 1 0 2 0 1 2 1 0 0 2 1 1 0 3 0 2 0 0 0 0 0 2 0 3 0 0 0 0 0 2 1 2 2 0 1 3 0 1 1 3 0 0 0 2 1 2 0 0 0 2 1 2 2 0 0 1 1 0 1 0 1 2 0 3 0 3 0 2 0 3 0 2 0 2 1 2 2 0 0 0 0 1 1 1 0 2 0 2 2 0 1 0 1 1 1 1 0 2 0 0 1 2 1 2 1 2 1 0 1 3 0 2 0 2 1 1 1 2 0 1 1 3 0 3 0 0 2 0 0 1 1 0 0 0 1 0 1 0 1 1 1 2 1 1 1 1 0 3 0 0 2 0 1 0 1 0 0 0 1 1 0 2
0 439 1 0 1 0 2 1 2 1 3 0 0 1 2 1 1 0 2 1 2 0 1 0 3 0 1 2 0 0 2 1 0 1 2 0 2 0 1 0 2 0 1 0 1 2 0 1 2 0 1 1 1 0 3 0 0 1 0 0 0 1 1 0 2 2 0 0 1 0 2 1 3 0 1 0 1 2 0 2 0 0 2 0 0 1 1 0 1 0 0 2 0 0 3 0 0 0 1 1 3 0 2 1 0 0 2 1 3 0 3 0 0 1 3 0 2 2 0 0 2 1 2 0 1 0 0 0 1 1 2 1 0 1 0 0 3 0 1 0 2 1 2 0 3 0 2 1 3 0 2 1 1 1 0 1 1 1 2 1 3 0 1 2 0 0 2 1 0 0 0 1 0 1 0 1 1 1 0 1 2 0 1 1 2 1 3 0 1 1 1 0 2 0 1 2 0 1 0 0 1 0 2 1 1 0 3 0 3 0 2 1 2 1 0 0 0 0 0 0 2 1 2 1 2 1 1 1 2 1 3 0 3 0 2 1 2 2 0 2 0 0 0 0 3 0 2 1 0 0 3 0 2 0 2 1 1 0 0 1 0 0 2 1 1 0 0 1 0 1 3 0 1 2 0 1 0 0 3 0 0 2 0 1 0 1 0 1 1 1 2 1 3 0 0 1 1 0 0 1 1 0 2 1 1 0 0 1 2 0 1 1 0 1 2 0 0 0 1 1 1 1 1 2 0 1 1 1 2 0 1 0 2 1 3 0 0 0 0 1 0 0 3 0 3 0 1 0 3 0 1 0 2 0 1 0 2 1 0 0 3 0 1 1 1 0 2 1 0 0 0 0 2 0 1 1 0 1 2 1 1 0 1 0 0 1 1 1 2 0 1 0 1 2 0 0 0 0 0 0 2 0 2 1 2 1 2 1 2 2 0 0 1 0 0 0 0 0 2 1 0 1 3 0 1 1 2 1 2 1 3 0 3 0 2 1 1 0 1 1 1
0 439 2 0 2 1 2 0 1 0 1 1 2 1 0 1 2 1 1 2 0 2 0 0 3 0 0 0 3 0 0 1 1 1 0 0 0 2 0 0 0 2 0 0 0 1 0 0 3 0 3 0 1 1 2 1 1 2 0 0 1 0 1 1 2 0 2 1 2 1 2 0 1 2 0 0 0 1 0 1 2 2 0 1 2 0 1 0 2 0 1 1 3 0 1 1 1 1 0 0 2 0 1 1 0 1 2 0 2 0 2 1 2 1 2 0 2 0 3 0 0 2 0 1 3 0 0 1 0 0 0 1 0 2 0 1 2 2 0 0 2 0 0 0 3 0 2 0 2 0 1 1 3 0 0 0 2 1 1 0 2 0 0 0 3 0 0 1 0 0 1 0 0 0 0 0 2 0 0 1 0 0 0 0 1 0 1 2 0 1 2 1 1 0 0 0 3 0 2 1 2 1 1 1 2 1 3 0 3 0 2 0 0 1 0 0 0 0 0 1 2 0 1 0 0 2 0 0 1 0 2 0 3 0 2 0 1 1 0 1 2 1 0 1 3 0 1 1 0 1 3 0 1 0 1 1 2 0 0 2 0 1 1 1 2 0 1 0 0 1 2 0 0 0 3 0 3 0 1 1 2 2 0 0 0 0 0 0 2 1 1 0 1 1 2 0 1 0 1 0 1 1 1 1 2 0 1 0 3 0 3 0 0 0 3 0 0 0 3 0 2 0 2 2 0 0 2 0 3 0 2 1 2 0 1 1 1 0 0 2 0 1 3 0 2 2 0 0 2 2 0 0 0 2 0 0 1 1 0 1 2 2 0 1 2 1 1 1 0 0 0 1 0 2 0 1 1 1 0 1 2 0 2 0 1 0 2 0 3 0 2 1 0 0 2 1 0 0 0 1 1 0 2 0 1 0 1 0 1 0 2 1 2 0 0 0 0 1 1 1 1 1 2 0 0 0 1 0 1 0 2 0 3 0 1 1 2 0 3 0 1
1 440 1 1 0 1 2 0 2 0 0 0 0 0 1 1 1 0 2 0 1 0 1 3 0 1 1 1 1 2 1 2 0 1 2 0 0 1 1 2 1 1 1 2 1 0 2 0 1 3 0 3 0 0 0 0 2 0 0 2 1 2 1 0 0 0 0 2 0 1 0 0 0 0 0 2 1 1 0 0 1 1 1 0 0 3 0 2 1 1 0 0 0 1 2 0 1 2 2 0 1 0 2 0 1 1 1 0 0 1 0 2 0 1 0 0 0 1 0 2 1 2 2 0 1 1 1 1 2 0 0 1 0 0 2 0 1 1 0 2 2 0 1 1 1 3 0 1 0 1 0 0 0 1 1 1 1 1 1 2 1 0 1 1 1 2 1 1 2 0 0 2 0 0 0 0 1 0 1 1 2 0 0 0 0 2 1 0 1 0 1 0 1 2 0 0 1 3 0 2 0 0 2 0 0 1 0 2 0 3 0 0 1 1 2 0 0 0 0 1 0 3 0 2 0 1 1 2 1 2 1 1 0 3 0 0 2 0 1 1 1 0 1 1 1 1 2 0 1 1 1 1 1 3 0 3 0 3 0 1 2 0 0 2 0 3 0 2 0 1 0 3 0 0 1 3 0 3 0 0 0 1 0 2 1 0 0 0 1 1 1 2 0 3 0 3 0 2 0 2 0 3 0 2 0 3 0 2 1 3 0 2 1 1 1 2 1 1 1 3 0 1 0 2 0 3 0 0 0 3 0 1 2 0 2 0 1 2 0 1 2 0 1 2 0 2 0 3 0 1 0 2 1 1 1 2 1 3 0 0 1 1 1 0 1 0 1 2 2 0 0 1 0 0 2 0 0 2 0 0 1 0 0 0 2 0 0 1 0 3 0 1 1 0 1 1 1 0 0 1 0 1 1 0 1 3 0 2 0 2 1 1 2 0 1 1 0 1 0 2 0 2 0 3 0 0 0 2 0 2 1 1 0 3 0 0 0 0 0 2 2 0
1 441 1 0 1 1 0 1 0 1 2 1 0 0 1 0 2 0 0 2 0 0 0 1 1 2 0 2 0 0 1 0 0 0 0 0 2 2 0 0 0 2 0 0 0 1 1 2 0 1 2 0 2 1 1 0 1 1 3 0 1 0 0 1 0 0 0 1 0 1 3 0 0 0 0 1 1 1 2 0 1 0 1 2 0 1 3 0 1 1 2 0 0 1 0 1 0 1 1 1 0 0 0 2 0 0 1 2 0 0 2 1 0 1 3 0 0 0 2 1 2 0 1 1 0 0 2 0 2 1 2 1 2 0 1 2 0 0 1 1 2 1 0 0 2 1 1 1 3 0 2 0 0 0 3 0 2 0 2 1 0 1 1 0 2 1 0 2 0 0 2 2 0 1 1 0 1 0 0 0 2 1 2 1 0 1 1 1 1 0 0 0 0 0 3 0 1 1 2 0 0 1 2 1 2 1 2 1 1 0 2 1 2 0 2 1 2 1 0 0 2 1 3 0 1 0 0 0 1 0 0 1 2 1 2 1 2 2 0 0 2 0 0 0 2 0 2 2 0 0 2 0 2 1 2 0 3 0 3 0 0 0 3 0 0 0 3 0 0 2 0 0 2 1 2 1 2 0 2 1 1 0 2 1 1 1 0 0 1 0 2 1 0 0 3 0 3 0 1 0 1 0 3 0 1 0 3 0 2 0 2 0 1 2 0 0 0 2 0 0 1 2 0 0 1 0 2 1 1 1 3 0 0 1 0 2 0 1 0 0 0 1 0 1 0 0 1 0 2 2 0 0 1 2 0 0 1 0 1 1 2 0 2 0 0 0 0 1 1 0 2 1 2 0 1 1 2 2 0 1 1 2 0 0 1 1 2 1 2 1 2 2 0 1 1 0 1 2 0 0 2 0 3 0 0 1 2 0 1 0 1 2 0 1 0 0 1 0 2 1 1 0 1 0 2 1 1 1 1 0 1 1 2 1 2 1 1 0 0 1 2 0 2
0 441 2 0 3 0 0 0 0 1 0 1 0 0 2 1 0 1 2 1 2 1 1 0 2 2 0 1 2 1 2 0 0 0 0 1 2 0 2 1 1 1 2 1 1 0 2 2 0 1 0 0 1 1 2 1 0 0 1 1 3 0 0 2 0 0 1 0 0 1 1 1 1 0 1 0 2 0 3 0 2 1 0 1 0 1 1 2 0 2 0 1 2 0 0 0 0 0 1 2 0 0 1 1 2 2 0 0 3 0 0 1 1 1 1 1 1 1 1 2 0 2 0 1 0 1 1 0 2 0 1 0 0 0 0 0 2 2 0 0 0 1 0 1 1 2 0 0 2 0 0 1 1 1 3 0 1 0 1 1 1 0 1 1 1 1 1 1 3 0 1 1 0 0 1 0 2 0 0 1 2 0 0 1 1 0 2 0 1 0 0 0 0 1 2 2 0 2 0 1 2 1 1 0 1 0 0 1 2 1 2 0 0 0 2 0 0 1 0 1 2 0 1 1 3 0 0 0 2 0 1 1 1 0 1 0 1 0 2 2 0 1 1 1 1 0 2 0 3 0 0 0 2 0 0 0 3 0 2 1 1 1 2 1 1 1 2 1 2 1 3 0 1 0 1 0 0 0 1 1 2 1 1 1 2 2 0 0 2 1 1 1 0 1 3 0 2 1 3 0 2 1 2 2 0 0 3 0 1 0 1 0 0 0 2 1 1 1 2 2 0 0 2 1 2 1 1 2 0 0 1 1 2 0 0 1 3 0 2 1 0 2 0 2 0 0 2 1 2 0 2 2 0 0 2 1 2 1 0 0 0 0 0 1 1 0 1 0 1 1 2 0 0 0 0 0 1 1 0 0 2 1 2 2 0 0 1 0 1 0 1 1 0 0 1 1 0 0 3 0 0 0 2 1 2 0 3 0 2 1 0 0 3 0 2 1 2 1 1 1 2 0 2 1 1 1 3 0 1 1 0 0 1 0 0 1 2 0 1 1 0 0 1
1 442 1 1 0 2 1 1 0 0 2 0 2 0 1 1 1 1 1 1 0 0 1 2 1 2 1 0 1 0 2 0 1 1 0 1 1 0 0 1 2 0 0 0 1 2 1 2 0 3 0 2 2 0 0 0 1 0 1 0 0 1 1 2 1 2 1 2 0 1 0 2 0 1 0 2 1 1 0 3 0 1 1 1 0 0 0 2 2 0 2 0 0 3 0 0 0 0 1 0 0 2 2 0 0 1 0 3 0 1 1 2 0 2 0 2 0 2 0 2 2 0 2 0 0 0 0 1 1 0 1 3 0 0 0 0 1 2 0 2 1 1 0 0 0 2 1 2 2 0 1 2 0 2 1 1 1 3 0 3 0 1 0 3 0 2 0 2 1 1 2 0 1 0 0 2 1 0 1 2 0 3 0 1 0 1 1 0 1 3 0 0 0 1 1 1 1 0 2 0 1 0 1 2 0 2 0 1 1 0 2 0 1 1 1 0 1 2 0 0 1 0 0 0 0 1 1 1 1 0 2 0 1 2 0 2 0 2 1 2 1 0 0 2 0 1 1 1 0 2 1 1 1 0 1 1 1 3 0 1 2 0 0 0 2 0 0 1 0 1 0 1 1 3 0 2 0 0 1 0 0 0 2 0 0 1 0 3 0 0 1 3 0 0 1 2 0 2 0 2 0 2 0 1 0 3 0 1 1 3 0 2 0 0 1 1 2 0 0 1 0 3 0 1 0 0 2 0 0 2 1 3 0 3 0 1 1 2 0 1 1 1 2 0 1 3 0 1 0 0 0 2 0 3 0 1 0 0 1 0 0 0 0 1 0 1 0 2 0 3 0 3 0 0 0 0 0 2 2 0 1 2 0 1 0 2 1 2 0 2 0 2 2 0 0 2 2 0 1 2 1 1 1 2 0 0 0 3 0 1 1 0 1 3 0 2 0 0 2 0 0 0 0 1 2 0 0 1 2 0 1 0 0 2 0 1 0 3 0 2 2 0 0 2
0 443 1 0 1 1 1 1 2 0 1 2 0 2 0 0 2 0 2 0 1 0 1 1 1 0 0 1 1 0 0 2 0 0 1 0 2 2 0 1 0 0 2 1 1 1 1 0 0 0 3 0 2 0 2 1 0 2 0 2 0 1 0 0 1 0 0 2 0 2 0 0 0 2 0 0 1 1 2 1 2 2 0 1 2 0 0 1 2 1 0 1 3 0 1 1 1 0 0 2 0 1 2 0 2 1 2 1 3 0 0 0 0 0 1 0 1 0 1 0 2 1 0 1 2 1 0 0 3 0 0 1 1 1 1 0 1 1 0 0 1 1 2 0 0 1 2 0 1 1 0 1 0 0 1 2 0 0 2 0 2 2 0 0 3 0 1 0 1 2 0 0 3 0 3 0 0 1 1 1 0 0 2 1 3 0 3 0 0 1 1 1 1 0 3 0 2 0 0 2 0 0 0 1 0 0 0 2 0 1 1 2 0 0 2 0 0 0 3 0 0 2 0 0 0 0 3 0 2 0 0 2 0 1 0 0 1 0 2 0 0 1 0 1 0 2 0 1 2 1 1 1 3 0 0 0 2 1 2 0 0 0 2 1 1 1 2 1 2 0 2 1 0 0 2 0 0 1 1 2 0 0 1 1 2 1 2 1 2 1 2 1 1 1 2 1 0 0 1 0 1 0 0 2 0 0 3 0 0 0 2 0 0 1 2 0 2 1 2 1 2 1 2 1 3 0 1 1 3 0 1 0 2 0 2 2 0 2 0 2 0 2 0 1 0 1 1 1 3 0 0 1 1 0 2 1 3 0 0 2 0 0 0 0 2 0 2 1 1 0 3 0 2 1 1 0 0 1 2 1 0 0 3 0 2 1 2 0 0 0 1 0 2 0 3 0 1 1 0 1 0 1 3 0 3 0 0 1 2 2 0 1 1 1 2 0 0 1 2 1 2 1 0 1 0 0 2 2 0 0 3 0 2 2 0 2 0 0 3 0 2 0 3 0 0
0 443 2 0 3 0 2 1 0 0 0 1 0 1 3 0 0 0 0 1 3 0 3 0 1 0 1 0 1 0 1 1 2 1 2 1 2 0 3 0 3 0 0 1 3 0 1 0 0 1 3 0 1 0 1 1 1 2 0 1 3 0 2 1 2 0 1 2 0 1 2 1 1 1 2 2 0 0 1 0 1 1 0 0 3 0 1 1 0 1 1 1 1 2 0 1 2 0 1 2 0 1 0 0 2 0 1 0 1 1 1 0 0 0 2 0 2 0 2 1 1 1 1 1 0 1 0 1 2 1 2 0 2 0 1 0 2 2 0 0 3 0 3 0 1 0 3 0 2 2 0 2 0 1 0 0 3 0 0 0 2 0 3 0 1 2 0 0 0 0 3 0 2 0 2 1 2 0 1 2 0 1 2 0 2 0 2 1 2 0 2 0 1 1 3 0 0 1 2 1 2 1 0 2 0 0 1 2 0 0 2 1 2 2 0 1 1 1 2 1 2 1 2 1 0 1 3 0 0 1 2 1 3 0 2 1 2 1 0 1 2 0 0 0 0 2 0 1 0 2 0 0 1 1 1 1 1 2 0 1 1 1 1 2 0 0 1 0 0 0 1 1 0 1 0 1 2 0 2 1 2 2 0 0 1 0 1 0 1 0 0 2 0 0 0 1 0 0 2 0 2 0 1 1 3 0 1 1 1 1 0 1 2 1 0 0 2 0 1 0 1 0 1 0 2 0 0 0 1 2 0 0 1 0 2 1 0 2 0 2 0 2 0 0 0 0 2 1 1 1 2 0 1 1 2 0 1 1 2 1 2 1 0 1 1 0 1 1 2 1 3 0 1 1 2 0 1 1 0 1 0 1 3 0 1 2 0 1 1 0 2 1 1 0 2 2 0 1 1 0 0 1 2 0 2 1 2 1 1 1 0 0 2 0 3 0 1 1 1 0 0 1 0 2 0 1 2 0 3 0 2 0 2 1 0 1 3 0 2 0 1 0 2 1 1
0 444 1 1 0 3 0 1 1 0 0 1 0 0 1 1 1 1 0 1 1 2 0 2 1 3 0 2 0 2 1 0 0 1 0 1 0 0 0 3 0 2 1 2 1 1 1 3 0 1 1 1 1 3 0 3 0 2 2 0 1 2 0 2 0 0 0 0 1 0 1 0 2 0 0 1 0 2 1 2 0 2 2 0 1 2 2 0 1 1 0 2 0 2 2 0 1 0 0 0 0 3 0 2 2 0 1 3 0 3 0 1 0 0 1 1 0 1 0 1 1 3 0 2 0 0 0 0 1 1 0 0 0 0 2 0 0 2 0 3 0 2 0 2 2 0 0 3 0 2 1 0 1 3 0 3 0 1 1 1 1 1 0 3 0 0 0 2 1 0 1 3 0 1 0 2 0 0 0 0 1 0 1 0 0 1 0 2 0 0 0 1 0 0 0 1 1 2 1 1 0 0 1 1 1 2 2 0 0 3 0 1 0 1 1 0 0 2 1 1 0 1 0 0 1 1 1 1 1 2 1 1 0 2 0 2 0 0 1 1 0 3 0 0 0 1 2 0 0 0 1 2 1 3 0 2 0 2 2 0 0 2 0 2 1 2 1 2 0 0 0 3 0 0 0 0 1 0 0 2 0 1 0 2 1 2 0 2 0 2 0 1 1 2 1 0 2 0 1 1 0 1 0 0 0 1 2 0 1 3 0 0 1 0 1 0 1 0 1 3 0 2 0 2 1 0 1 1 1 0 0 2 1 2 1 1 1 1 2 0 2 0 1 2 1 0 1 1 2 0 0 0 0 0 0 0 0 0 0 1 0 0 1 1 0 1 1 0 0 1 0 1 2 0 2 0 2 0 1 1 0 0 1 2 0 0 1 0 0 1 1 1 1 2 1 2 1 0 0 1 0 1 1 0 0 2 0 0 1 2 2 0 1 1 0 2 2 0 1 2 0 1 0 0 2 0 1 0 0 3 0 1 0 1 1 1 1 2 0 0 2 0 0 1 1 2
1 445 1 0 1 1 2 2 0 1 0 0 2 0 1 0 2 0 1 1 0 0 0 0 2 0 2 0 1 0 1 1 0 0 2 0 2 0 0 1 3 0 2 0 0 2 0 0 1 2 0 2 0 0 2 0 3 0 2 1 0 1 0 0 0 1 1 0 1 0 0 0 0 1 2 1 2 1 2 0 0 0 2 1 0 1 1 1 0 0 1 1 1 0 2 0 3 0 2 1 0 1 3 0 2 1 0 1 2 0 2 1 3 0 1 0 1 0 2 1 0 0 2 0 0 1 1 0 1 0 1 0 0 0 1 1 3 0 0 0 3 0 1 0 2 0 3 0 2 0 1 1 1 1 2 0 2 2 0 1 3 0 1 1 2 1 1 1 1 1 1 1 1 2 0 0 0 1 1 0 0 2 0 2 0 0 2 1 0 1 1 0 2 0 0 1 0 0 0 1 2 0 1 0 2 1 1 0 3 0 1 1 3 0 2 2 0 1 1 1 2 0 2 0 1 0 2 0 2 1 0 1 2 1 1 0 0 1 2 0 1 1 2 1 1 1 0 0 2 1 1 1 1 0 2 0 1 0 2 0 3 0 0 0 2 0 0 2 0 1 1 1 2 1 1 0 0 2 0 1 0 2 0 0 2 0 0 0 1 0 1 0 0 0 0 1 1 2 0 0 1 0 2 0 0 1 0 1 0 1 1 1 2 0 0 0 0 0 0 1 2 0 1 0 1 1 1 0 1 2 0 1 2 0 0 1 3 0 2 2 0 2 0 1 0 1 1 0 2 1 2 1 0 0 0 0 0 0 0 0 2 0 1 0 1 0 2 2 0 0 2 1 0 1 0 2 0 2 0 0 1 0 1 0 3 0 0 2 0 0 3 0 2 1 1 0 0 1 0 0 2 0 2 2 0 1 0 1 2 1 1 1 0 0 1 1 2 1 0 0 3 0 2 0 1 1 3 0 3 0 1 1 3 0 3 0 2 0 3 0 1 1 2 2 0 0 0
1 445 2 1 0 0 1 0 3 0 2 2 0 2 0 0 0 2 0 1 0 0 0 1 1 0 0 1 3 0 2 2 0 1 1 0 0 1 2 1 2 0 0 1 2 1 2 2 0 1 0 1 3 0 0 0 3 0 1 1 0 2 0 0 1 0 1 0 2 0 0 0 1 1 1 0 0 2 0 1 1 1 1 1 1 0 1 2 0 0 3 0 1 1 1 0 3 0 1 1 1 1 2 0 1 1 1 1 0 0 2 0 1 1 3 0 2 1 1 1 0 1 0 1 2 0 1 0 2 0 2 0 0 1 0 0 1 1 1 1 2 2 0 0 1 0 3 0 0 2 0 2 0 0 0 0 2 1 0 1 2 0 0 0 0 1 3 0 2 0 2 0 2 1 2 1 1 0 1 0 1 2 0 1 3 0 0 1 1 0 1 1 0 1 1 2 0 0 1 0 3 0 2 1 1 1 2 1 3 0 0 0 2 0 2 1 0 0 2 1 0 0 0 2 0 0 1 0 1 1 1 1 0 1 2 0 1 1 0 0 0 0 0 1 2 2 0 1 1 1 3 0 1 1 0 2 0 0 1 0 2 1 1 1 0 1 2 2 0 0 2 1 0 1 2 0 1 2 0 0 0 1 2 2 0 1 1 0 2 0 2 0 0 0 1 0 2 1 2 1 2 1 0 1 2 0 0 0 0 0 2 0 3 0 0 0 0 0 1 0 3 0 2 0 3 0 1 1 0 1 0 0 3 0 1 1 2 0 2 1 0 2 0 0 0 0 1 1 2 0 0 1 0 0 0 0 0 0 0 1 0 1 3 0 2 1 2 0 3 0 0 1 1 0 0 2 0 1 2 1 2 0 2 1 2 1 2 1 3 0 2 0 1 1 2 0 0 2 0 1 1 0 2 1 0 0 0 1 0 1 2 2 0 1 0 0 0 1 0 1 3 0 1 0 0 0 2 0 3 0 0 0 2 0 3 0 1 0 3 0 0 0 1 0 2 1 0
1 446 1 1 1 0 0 2 1 3 0 2 1 0 1 2 1 1 1 3 0 2 1 1 0 1 0 1 1 2 0 2 1 0 0 1 0 1 1 0 2 0 1 2 1 1 0 1 1 0 0 0 1 1 1 1 1 2 2 0 1 1 1 2 1 2 0 2 1 0 1 1 0 3 0 1 0 1 2 0 0 2 0 2 0 1 1 0 0 3 0 1 2 0 1 2 1 2 2 0 1 3 0 3 0 3 0 1 2 0 1 1 0 0 0 2 0 1 1 3 0 0 0 0 0 3 0 2 1 1 0 0 1 1 2 0 0 3 0 2 1 1 0 2 1 2 1 2 1 2 2 0 1 2 1 0 1 1 1 1 0 3 0 0 0 1 1 2 0 1 0 1 0 2 0 0 1 2 0 2 1 0 1 0 1 1 1 2 0 1 0 3 0 0 0 2 1 2 1 2 1 3 0 1 2 0 0 1 0 1 1 1 1 1 0 1 1 0 1 1 1 0 0 1 1 2 1 2 0 3 0 2 0 0 0 3 0 2 2 0 0 0 0 1 1 1 1 0 0 2 1 1 2 0 1 1 1 2 1 2 1 1 1 3 0 0 1 1 0 3 0 0 1 1 1 0 0 0 0 2 1 1 1 1 1 0 0 1 1 1 0 0 1 1 0 2 1 2 0 1 0 0 1 1 0 3 0 0 0 0 1 1 0 2 1 1 0 0 0 2 1 3 0 1 0 2 2 0 1 0 2 0 1 3 0 0 0 0 0 1 1 1 1 2 1 0 0 3 0 3 0 0 2 0 0 0 0 0 0 1 0 0 1 2 0 2 0 0 0 2 1 2 0 1 0 1 2 0 1 1 0 0 0 2 0 1 0 1 0 2 0 0 2 0 2 0 1 2 2 0 0 1 1 1 1 0 0 1 0 0 1 1 0 3 0 2 1 1 0 0 1 1 1 3 0 0 1 1 0 2 1 1 1 1 0 2 2 0 0 2 1 1 0 2 1 1 1 0
1 447 1 0 1 2 0 1 2 0 2 0 1 1 1 1 0 2 0 0 2 0 1 1 2 0 2 1 0 0 0 0 1 1 0 0 2 0 3 0 0 2 0 1 0 1 2 0 2 2 0 0 1 0 2 0 2 1 1 1 0 0 2 1 1 0 0 0 1 1 1 0 1 1 2 2 0 0 0 0 3 0 0 0 0 2 0 1 0 1 3 0 0 1 0 1 1 0 1 1 0 1 2 0 3 0 3 0 0 1 0 0 1 0 0 1 1 0 0 0 1 1 1 0 0 1 3 0 1 1 2 0 1 0 2 1 3 0 2 0 1 1 2 1 2 0 1 0 1 0 1 1 0 1 0 1 1 0 2 0 1 1 2 1 1 0 3 0 3 0 2 0 2 1 0 1 2 1 0 0 1 1 1 0 0 0 2 0 3 0 2 1 2 1 1 1 2 0 1 0 1 0 2 0 0 0 2 1 2 0 3 0 2 0 1 0 3 0 0 0 1 2 0 1 0 0 1 0 0 0 3 0 0 1 1 1 3 0 2 0 2 1 0 0 3 0 1 2 0 1 1 2 0 1 0 0 2 1 1 0 0 2 0 0 1 1 2 0 1 1 2 1 2 0 1 2 0 0 0 1 1 1 3 0 1 2 0 0 3 0 1 0 1 0 1 1 1 2 0 1 3 0 1 0 1 1 2 1 1 0 1 0 1 1 1 1 2 0 0 1 2 0 1 2 0 0 2 1 0 0 0 2 0 1 1 1 1 0 0 0 3 0 2 1 0 1 0 1 3 0 2 1 2 1 2 1 0 0 0 0 2 0 1 1 0 0 0 1 1 1 1 2 0 2 0 0 0 1 0 0 1 0 0 1 0 1 3 0 2 1 0 1 2 2 0 2 0 1 1 0 2 1 3 0 1 2 0 0 2 0 1 0 1 1 3 0 1 1 2 0 1 0 2 1 1 1 2 0 1 1 1 1 3 0 1 1 2 0 3 0 0 1 2 1 1 1 2 2 0
1 447 2 1 0 1 0 1 0 0 0 2 0 1 3 0 0 1 3 0 0 0 0 0 0 0 1 1 0 0 0 0 2 2 0 1 1 0 2 1 2 2 0 0 0 1 0 0 2 0 2 1 2 1 1 0 1 1 2 2 0 1 1 1 2 0 0 0 3 0 1 1 0 0 1 0 2 1 0 1 2 1 1 0 1 2 0 0 0 1 1 1 2 0 0 0 1 0 3 0 0 1 0 0 3 0 2 1 1 2 0 0 2 0 1 0 1 0 0 0 3 0 1 0 1 1 1 2 0 2 0 2 0 0 2 0 2 0 1 0 0 0 0 2 0 1 3 0 2 0 3 0 0 0 0 0 1 1 1 0 0 0 0 1 2 1 3 0 3 0 1 0 1 1 1 1 0 1 0 0 3 0 1 0 0 1 1 0 3 0 2 0 0 1 3 0 3 0 2 0 2 1 0 1 1 1 2 0 0 0 3 0 0 2 0 0 2 1 1 1 0 0 3 0 2 1 2 0 0 1 2 1 2 0 2 1 2 0 1 0 1 1 0 1 3 0 0 1 0 0 2 1 3 0 3 0 0 1 2 0 1 1 2 2 0 0 0 0 0 0 1 0 0 0 0 0 2 1 1 0 2 1 2 0 0 0 3 0 1 1 3 0 2 0 3 0 2 2 0 1 1 2 0 0 0 0 0 1 2 0 2 0 3 0 2 0 3 0 1 1 0 0 0 0 3 0 0 1 0 0 1 2 0 0 2 0 1 0 0 1 3 0 1 1 1 0 0 1 2 0 2 0 1 0 0 1 0 0 0 1 0 2 0 1 0 0 1 0 2 0 2 2 0 1 2 1 0 2 0 0 2 0 1 0 0 1 2 0 1 1 1 1 1 1 0 2 0 0 1 1 2 0 2 0 0 0 2 2 0 2 0 0 0 0 1 2 0 2 0 2 0 0 1 1 3 0 3 0 3 0 2 1 2 0 0 0 0 0 2 1 2 1 0 2 0 0 1 0 2
0 448 1 1 1 0 2 0 2 0 0 1 2 0 1 1 1 2 1 1 1 1 0 0 0 0 0 2 2 0 0 0 1 2 1 0 0 1 1 2 0 1 0 2 1 0 2 0 1 1 0 2 0 0 1 2 1 0 0 1 1 0 0 2 0 3 0 0 1 2 2 0 1 0 0 2 1 1 1 1 1 0 1 2 1 0 0 2 1 1 0 2 0 3 0 0 0 2 1 2 1 1 2 0 1 3 0 1 2 0 0 2 2 0 1 3 0 2 0 0 1 2 1 3 0 3 0 2 2 0 2 0 1 3 0 0 0 0 1 3 0 0 0 1 2 0 1 2 0 1 0 2 1 1 0 0 0 3 0 1 0 0 0 1 1 1 0 2 0 2 1 3 0 3 0 1 2 0 2 0 1 2 1 3 0 1 0 1 1 3 0 0 1 2 1 2 0 3 0 1 0 1 1 1 0 2 0 3 0 0 1 2 1 2 1 3 0 0 1 2 2 0 1 3 0 1 2 0 1 2 1 1 0 0 0 1 2 0 1 3 0 3 0 0 1 1 1 1 2 0 1 2 0 2 0 2 1 2 1 0 0 0 0 1 0 2 1 0 0 0 0 2 0 0 0 0 1 1 1 2 1 1 2 0 1 1 1 3 0 0 0 2 0 1 0 3 0 2 1 0 0 2 1 2 1 0 0 1 1 0 0 1 0 3 0 1 0 2 2 0 1 0 0 0 1 2 1 1 2 0 1 0 0 2 2 0 1 3 0 1 1 1 2 0 1 2 0 1 1 0 0 0 1 3 0 0 2 0 0 1 0 0 1 3 0 2 1 2 1 1 0 2 1 0 1 0 1 1 1 2 2 0 1 3 0 1 0 3 0 3 0 2 0 2 0 0 1 2 2 0 0 0 0 0 1 1 1 2 1 0 1 2 1 0 1 0 1 0 2 0 1 2 2 0 0 2 0 3 0 3 0 1 2 0 1 1 0 0 1 2 0 0 1 1 1 2 1 2 1 1
0 449 1 0 2 0 0 2 0 1 2 2 0 1 0 0 2 1 0 1 3 0 1 0 0 0 0 1 2 0 2 1 1 1 0 1 0 0 3 0 3 0 2 1 1 1 1 2 0 0 1 1 0 1 2 1 0 1 0 0 2 2 0 1 1 0 2 1 2 1 1 0 3 0 3 0 0 1 3 0 2 0 0 1 0 1 0 1 1 1 2 1 1 0 2 1 1 1 2 0 0 2 0 1 0 1 2 0 0 0 3 0 1 1 0 1 2 0 0 1 2 1 1 0 2 0 3 0 2 1 0 2 0 1 1 1 1 0 1 1 1 1 1 1 0 1 0 0 3 0 2 1 1 1 2 0 0 1 2 1 3 0 0 0 3 0 1 1 1 0 2 0 2 0 3 0 0 1 0 2 0 1 1 0 1 2 0 0 0 0 1 1 2 1 1 0 0 0 2 1 3 0 3 0 1 1 1 0 2 1 2 1 1 0 1 0 1 1 2 1 1 1 0 1 2 0 0 1 0 1 0 1 2 0 0 1 0 1 0 1 2 0 2 1 2 0 2 0 2 2 0 1 0 0 1 0 2 0 0 1 0 0 0 0 2 1 1 1 0 0 0 1 0 1 1 0 1 0 2 1 0 2 0 1 0 0 2 1 1 1 1 1 0 2 0 0 3 0 1 1 0 1 2 0 0 1 0 0 2 2 0 0 2 1 2 2 0 0 2 0 3 0 2 1 1 1 0 2 0 0 3 0 3 0 1 1 0 1 1 2 0 2 0 1 0 0 3 0 2 2 0 0 1 1 1 1 2 1 2 1 2 0 1 1 2 0 2 0 0 1 2 1 1 1 1 0 0 0 2 1 1 1 0 1 1 2 0 0 3 0 3 0 1 0 0 1 2 1 1 0 2 1 0 0 1 0 2 1 0 1 1 1 0 1 1 0 0 0 0 2 0 1 1 0 3 0 0 0 3 0 3 0 0 1 0 0 1 0 1 0 3 0 1 0 2 1 1 0 0 1 2
1 449 2 1 0 1 2 2 0 1 1 0 3 0 3 0 0 1 1 1 1 1 3 0 0 0 1 1 0 0 1 1 2 2 0 2 0 1 3 0 3 0 1 1 3 0 2 1 2 1 3 0 0 1 0 1 0 2 0 1 2 1 0 0 1 1 2 0 0 1 2 1 3 0 2 1 2 1 2 0 0 1 2 0 0 0 0 0 2 1 0 1 2 1 1 1 3 0 3 0 1 2 0 0 0 0 3 0 0 1 2 2 0 1 1 0 3 0 1 1 0 1 2 1 1 0 3 0 1 1 1 2 0 0 2 0 1 0 3 0 2 0 1 2 0 2 0 1 3 0 1 1 3 0 3 0 1 1 1 0 1 1 1 1 2 2 0 1 2 1 1 0 1 0 2 1 2 0 0 2 0 0 1 1 0 0 2 1 0 1 0 0 0 1 2 0 0 1 2 0 2 0 2 2 0 1 2 1 2 0 0 1 2 0 2 1 0 0 0 1 3 0 0 0 3 0 1 0 0 0 0 0 3 0 1 0 0 0 0 1 0 0 2 0 0 0 1 0 2 0 3 0 2 1 2 1 0 1 1 2 0 0 0 1 1 1 2 2 0 0 1 0 0 0 1 0 2 1 1 1 1 1 3 0 3 0 0 1 3 0 2 0 0 1 3 0 1 2 0 1 1 0 3 0 0 2 0 1 2 0 3 0 1 0 1 0 3 0 0 0 3 0 1 1 3 0 0 1 3 0 2 0 2 2 0 1 1 0 2 2 0 1 3 0 3 0 2 0 2 0 2 1 3 0 2 1 1 0 1 0 0 0 0 0 0 0 0 1 2 1 0 1 3 0 1 0 0 1 1 1 3 0 0 0 2 1 3 0 2 0 2 1 3 0 1 1 0 1 2 1 1 1 0 0 2 1 1 1 1 0 2 0 0 0 1 0 0 0 1 2 0 0 1 1 2 1 1 1 3 0 2 1 1 2 0 0 2 0 2 1 2 2 0 0 1 1 2 0 1 1 0
1 450 1 1 1 1 1 1 1 0 0 1 1 3 0 2 1 2 0 2 0 2 1 1 1 1 0 2 2 0 1 0 0 1 1 0 2 0 1 2 0 3 0 0 0 2 0 2 0 1 0 1 1 2 0 0 0 0 2 0 1 0 1 0 0 3 0 3 0 1 1 1 0 2 0 2 0 0 2 0 1 2 0 3 0 0 0 0 1 1 1 1 1 0 2 0 0 2 0 3 0 0 0 2 1 0 1 2 1 2 1 1 1 0 0 1 1 2 2 0 1 1 1 0 1 2 1 2 2 0 2 0 0 2 2 0 2 0 0 3 0 1 0 0 1 0 2 0 1 2 0 0 0 2 0 2 2 0 1 2 0 3 0 2 1 1 1 0 1 0 1 2 0 2 1 1 2 0 1 2 1 2 1 2 2 0 1 1 1 0 2 0 0 1 0 3 0 1 1 0 0 1 0 2 1 0 1 0 2 0 1 2 1 0 0 1 1 0 0 1 1 1 1 1 1 2 1 3 0 0 0 0 1 2 1 3 0 0 0 0 2 0 1 0 1 1 0 2 1 1 0 3 0 2 0 0 1 1 0 2 1 2 1 1 0 2 1 1 0 2 1 2 0 0 0 2 1 1 1 3 0 2 1 2 0 2 1 2 1 2 0 0 1 2 1 2 0 0 1 0 0 1 1 2 1 2 2 0 1 0 0 2 1 3 0 2 1 2 1 1 1 3 0 0 0 1 1 2 1 2 0 1 0 2 1 0 0 1 1 2 1 0 1 2 0 3 0 1 0 1 0 2 0 2 0 1 1 2 0 2 0 0 0 0 0 0 0 1 1 0 1 1 1 1 1 3 0 1 0 2 1 1 1 1 1 2 0 2 0 1 0 2 0 1 2 0 1 1 1 0 1 2 2 0 1 1 1 3 0 1 1 0 1 1 0 2 0 0 1 0 0 2 2 0 0 0 2 0 0 2 0 1 2 0 0 3 0 0 0 2 0 1 0 2 1 3 0 3 0 2 2 0
1 451 1 0 2 0 2 0 1 2 0 1 0 0 2 0 2 0 0 0 1 0 1 1 3 0 1 1 2 0 3 0 2 1 3 0 0 2 0 1 0 0 2 1 1 1 1 0 0 1 3 0 3 0 3 0 0 0 1 1 3 0 3 0 3 0 2 0 2 2 0 1 2 1 1 0 0 1 2 2 0 1 0 0 2 1 1 0 1 0 2 0 2 0 0 1 3 0 0 0 2 1 1 1 1 1 1 1 1 0 0 1 2 2 0 1 0 0 1 1 0 0 2 0 0 1 1 0 1 1 0 1 3 0 1 1 0 1 3 0 1 1 3 0 1 0 0 2 0 0 3 0 0 1 1 0 2 1 0 1 0 0 3 0 1 1 3 0 0 0 0 1 0 0 1 2 0 1 0 1 1 0 1 0 1 1 0 0 2 0 0 1 2 1 2 1 2 2 0 1 0 0 2 1 1 1 1 0 0 2 0 1 0 1 0 0 2 2 0 0 3 0 2 0 2 1 1 0 1 1 1 0 1 1 1 0 1 1 1 0 1 2 0 0 0 0 1 1 1 1 2 1 3 0 0 1 2 0 1 1 2 0 0 1 2 1 1 1 2 1 1 2 0 1 1 1 1 2 0 0 2 0 2 0 0 0 2 0 0 2 0 1 2 1 0 2 0 1 1 2 0 1 0 0 1 0 1 0 3 0 3 0 1 0 2 0 2 0 0 2 0 0 1 1 1 1 0 0 0 2 0 2 0 0 1 1 0 1 0 0 0 1 1 1 0 0 2 1 3 0 2 1 1 0 1 0 0 0 0 0 0 1 1 0 0 0 0 0 3 0 0 0 2 0 2 1 1 2 0 0 1 1 3 0 2 1 0 0 0 2 0 0 1 0 0 1 0 0 2 0 0 1 1 1 0 0 2 1 1 2 0 1 1 0 1 1 0 1 1 2 0 1 2 0 2 1 1 1 3 0 0 0 0 0 3 0 1 1 1 1 0 2 0 0 2 0 2 0 3 0 2 0 2
0 451 2 1 1 0 1 0 0 0 3 0 3 0 0 0 0 1 1 0 2 1 0 0 2 0 0 0 0 0 3 0 2 0 1 1 2 1 3 0 3 0 0 1 3 0 1 0 1 1 2 0 3 0 2 1 1 1 0 0 2 0 3 0 3 0 1 0 2 1 0 1 0 1 2 0 1 1 1 0 3 0 3 0 0 1 2 0 2 1 1 0 0 1 2 1 1 1 1 1 1 1 3 0 2 0 2 0 1 0 1 1 1 0 3 0 2 1 2 2 0 1 0 1 2 0 1 0 3 0 0 1 1 2 0 1 1 1 2 0 0 0 1 1 3 0 1 1 3 0 1 1 2 0 1 1 1 1 0 2 0 1 3 0 0 0 1 1 1 0 0 2 0 1 0 1 0 0 0 0 1 0 2 0 2 2 0 1 0 1 2 1 1 0 1 0 1 0 3 0 3 0 0 1 3 0 1 0 1 1 3 0 3 0 3 0 1 0 3 0 2 0 1 0 1 1 2 0 3 0 1 0 3 0 1 0 3 0 1 1 0 0 2 1 0 0 3 0 2 1 1 0 1 1 2 0 3 0 3 0 3 0 1 1 0 2 0 0 0 2 0 1 0 0 2 0 2 1 3 0 0 0 0 1 1 1 0 1 2 2 0 1 0 1 1 2 0 0 2 1 3 0 2 1 2 0 2 1 3 0 2 2 0 0 1 0 0 1 2 1 2 1 3 0 1 2 0 0 1 2 0 1 2 1 2 2 0 2 0 0 1 0 1 2 0 1 2 0 2 0 1 1 2 0 2 0 0 0 0 0 1 0 1 0 0 0 0 1 2 1 1 1 1 0 1 2 0 0 2 2 0 0 2 0 1 1 0 0 1 1 2 1 2 0 0 2 0 1 0 1 2 0 1 2 0 1 1 2 0 1 0 0 1 0 3 0 0 0 2 2 0 1 0 0 1 2 0 0 1 1 1 0 0 1 2 2 0 1 3 0 0 1 3 0 0 0 1 0 3 0 1 0 1
1 452 1 1 1 2 0 2 0 0 1 3 0 2 1 1 0 1 0 1 1 1 1 0 1 0 1 1 0 0 1 3 0 1 0 0 0 1 0 2 0 2 1 2 1 1 2 0 0 0 0 0 0 3 0 1 1 2 2 0 1 1 0 3 0 2 2 0 0 1 1 1 0 0 0 3 0 3 0 1 1 3 0 2 1 2 1 0 0 1 1 2 0 1 1 0 1 3 0 2 0 2 1 2 0 1 0 0 1 3 0 3 0 1 1 3 0 2 0 1 1 0 0 0 0 3 0 2 1 2 1 2 0 2 2 0 0 2 0 3 0 0 1 0 0 2 0 0 0 1 2 0 2 0 2 0 1 3 0 0 2 0 1 1 1 1 0 3 0 1 0 1 1 3 0 3 0 2 1 0 0 2 1 1 0 2 1 0 0 0 1 0 1 2 0 2 0 2 1 3 0 2 1 2 1 1 2 0 0 0 0 2 0 3 0 2 2 0 0 3 0 0 2 0 0 0 0 0 0 2 2 0 0 2 2 0 0 2 2 0 1 0 1 1 1 0 1 3 0 1 1 2 1 0 0 0 0 3 0 3 0 2 2 0 1 1 1 2 1 1 1 3 0 3 0 0 0 2 0 1 1 1 0 1 0 2 0 0 1 1 1 0 0 0 0 2 1 3 0 1 0 2 0 2 0 0 0 2 0 2 0 2 0 2 1 2 0 1 1 1 0 1 0 2 0 0 0 2 2 0 1 0 1 1 0 1 1 0 1 2 1 2 1 0 1 0 1 0 0 1 0 0 0 0 0 0 1 1 0 0 0 2 0 2 0 0 0 1 1 0 1 3 0 1 1 0 0 3 0 1 0 2 2 0 2 0 1 0 1 0 0 0 2 0 1 2 2 0 0 0 1 0 0 0 1 0 0 2 1 3 0 2 1 2 1 2 1 1 1 2 0 3 0 2 2 0 0 2 1 3 0 1 0 1 1 1 1 0 1 1 1 2 1 1 1 1 0 2 1 2 1 3 0 2
0 453 1 0 2 1 0 0 0 1 2 1 2 0 1 1 2 0 2 0 3 0 2 0 0 0 0 0 1 0 1 1 1 1 3 0 0 0 2 1 1 0 2 0 0 2 0 0 2 1 0 0 0 1 3 0 0 0 1 1 0 0 1 1 3 0 2 0 2 1 3 0 1 0 0 1 3 0 3 0 0 0 2 0 2 0 0 1 0 0 3 0 3 0 3 0 0 1 2 0 1 0 1 2 0 1 3 0 1 1 2 0 3 0 0 0 2 0 0 2 0 1 0 0 0 1 3 0 2 0 1 0 0 0 2 0 3 0 0 0 2 1 1 2 0 1 0 1 1 1 0 1 0 2 0 2 0 1 1 1 2 2 0 0 2 0 1 1 2 2 0 0 0 0 2 0 3 0 1 1 0 1 1 1 2 1 1 1 0 0 1 0 0 1 0 0 1 0 2 0 2 0 2 0 0 2 0 0 2 1 0 1 1 0 3 0 2 0 3 0 1 1 2 1 2 1 0 0 0 1 2 0 3 0 1 0 3 0 1 1 0 0 0 0 2 0 0 1 2 0 0 0 0 1 0 0 0 1 3 0 3 0 2 1 0 0 2 1 0 2 0 0 2 0 2 1 1 1 0 2 0 1 2 0 2 1 0 1 2 0 1 2 0 0 0 1 2 0 1 2 0 0 1 0 0 1 1 1 1 0 1 0 1 0 1 2 0 2 0 1 2 0 2 1 0 1 1 1 2 1 0 0 0 0 1 0 3 0 0 1 1 0 0 1 0 2 0 2 0 0 2 0 0 0 0 0 1 0 1 0 0 1 1 0 0 1 1 0 3 0 0 1 1 2 0 1 0 1 2 2 0 0 2 1 0 1 3 0 3 0 2 1 1 2 0 1 1 0 2 1 0 2 0 0 0 2 0 1 2 0 2 0 2 0 1 0 0 2 0 0 0 0 3 0 2 0 3 0 1 0 1 1 3 0 3 0 2 0 0 0 2 1 0 1 3 0 1 1 2 0 1 0 2 0 1
1 453 2 1 1 1 0 0 1 1 1 0 0 0 0 0 0 0 1 0 3 0 0 1 1 0 0 0 2 0 3 0 2 1 1 1 1 1 1 1 2 1 0 1 2 1 3 0 0 1 0 0 1 1 1 1 1 0 2 2 0 1 0 0 2 0 1 0 2 0 1 1 3 0 1 1 2 0 2 1 1 1 1 0 0 1 1 2 0 1 3 0 3 0 2 1 2 0 3 0 2 1 0 1 0 1 2 0 0 0 0 0 2 1 1 1 0 1 2 1 3 0 2 1 1 1 2 0 0 1 3 0 0 1 1 0 2 1 1 1 1 2 0 1 0 0 0 0 2 0 0 0 0 2 0 2 0 0 2 1 1 0 3 0 0 0 0 0 1 0 2 1 0 1 1 0 2 2 0 1 1 0 2 1 0 1 2 2 0 0 2 0 0 2 0 0 2 1 1 0 1 0 0 1 2 1 3 0 0 1 1 0 1 1 3 0 1 0 3 0 0 0 1 0 0 1 0 0 1 1 0 0 2 2 0 0 2 2 0 1 0 0 0 1 0 1 2 0 3 0 0 0 0 2 0 0 1 1 2 0 3 0 1 1 0 1 1 1 1 1 3 0 0 0 1 1 3 0 0 2 0 1 0 0 1 1 1 1 0 0 0 0 2 1 1 1 0 0 0 0 2 1 2 0 1 0 2 0 1 0 2 0 2 1 0 1 0 2 0 1 0 0 1 1 1 0 2 1 0 1 0 0 0 0 2 1 2 1 2 0 1 0 1 0 0 2 0 1 2 2 0 1 1 0 0 0 2 0 2 0 1 0 1 0 1 0 1 1 2 1 2 0 2 2 0 0 0 1 1 0 3 0 0 1 1 1 2 0 3 0 1 2 0 1 0 0 1 1 1 1 1 1 2 1 1 2 0 1 0 0 1 0 0 1 3 0 1 1 2 1 0 1 3 0 1 0 2 2 0 0 0 0 2 0 3 0 0 1 1 1 1 1 1 1 1 2 0 2 0 2 0 0 0 2 0
0 454 1 1 1 2 2 0 0 3 0 1 0 0 0 0 0 0 0 2 1 2 1 2 0 1 0 0 1 1 0 3 0 1 1 3 0 2 0 2 1 0 1 1 1 1 0 1 1 1 2 0 0 3 0 2 0 1 1 2 0 3 0 2 2 0 2 0 0 1 0 0 0 2 0 0 0 0 0 1 1 3 0 1 0 1 0 2 2 0 1 2 0 3 0 2 0 0 0 3 0 1 1 1 0 0 0 3 0 0 0 0 1 1 1 3 0 0 1 1 0 2 0 1 1 3 0 3 0 1 1 1 1 2 0 1 1 1 1 3 0 2 1 3 0 2 1 0 1 0 1 1 0 1 2 0 1 3 0 0 1 2 1 2 1 1 0 0 0 2 1 1 1 1 0 1 1 2 1 0 0 1 1 1 1 1 1 1 0 2 2 0 1 2 1 3 0 0 1 2 0 2 0 1 1 1 0 1 1 2 0 1 1 0 0 1 2 0 0 2 1 1 0 2 0 0 2 0 0 2 2 0 1 2 0 3 0 1 0 3 0 2 1 1 0 0 1 0 0 2 1 1 0 1 1 2 2 0 0 0 0 2 2 0 1 1 0 2 0 2 1 1 1 1 1 0 0 1 1 2 1 3 0 2 1 3 0 1 2 0 0 0 1 1 1 2 2 0 0 0 1 1 2 0 2 0 0 0 2 0 0 1 0 1 1 1 0 0 1 3 0 2 1 3 0 1 1 1 1 0 2 0 0 0 1 2 0 0 2 0 1 3 0 2 0 1 2 0 1 1 1 0 0 1 0 0 1 1 0 0 1 3 0 2 0 2 1 0 0 1 0 0 0 2 0 2 1 1 0 1 1 2 1 2 0 2 1 0 0 3 0 0 0 3 0 2 1 3 0 2 0 2 1 0 2 0 0 3 0 2 1 2 0 1 1 2 0 0 0 0 1 1 1 1 2 0 0 2 0 2 1 0 1 1 0 2 1 2 0 2 0 2 0 2 0 2 2 0 2 0 1 2 1 1 1 2
1 455 1 0 2 1 1 0 3 0 1 1 3 0 0 0 0 0 0 1 2 0 0 2 0 1 3 0 1 0 1 1 3 0 0 0 2 0 1 0 1 1 1 0 2 0 1 0 3 0 2 1 3 0 2 0 1 0 0 0 0 0 3 0 2 1 0 1 2 1 2 0 0 1 0 1 1 0 0 1 0 0 1 1 3 0 2 1 2 1 0 1 0 0 3 0 0 1 1 1 2 2 0 1 2 0 0 1 2 1 1 0 1 0 2 1 1 1 2 0 1 1 1 0 0 0 2 0 2 2 0 1 3 0 3 0 3 0 2 1 2 0 2 0 2 0 1 1 1 0 0 0 1 1 0 1 0 1 1 1 2 1 1 0 0 1 2 0 0 1 1 1 3 0 1 1 0 0 0 1 0 0 3 0 2 0 2 0 1 1 2 1 0 1 1 0 1 1 2 1 0 0 0 2 0 1 2 0 3 0 3 0 2 2 0 1 0 0 3 0 0 1 2 1 0 1 2 1 3 0 1 1 0 1 0 0 2 2 0 0 3 0 1 1 2 0 0 2 0 1 1 1 2 1 0 0 1 0 2 1 0 1 2 1 0 0 1 1 1 0 1 1 3 0 1 2 0 1 0 0 1 0 2 0 2 0 2 0 0 0 2 1 1 0 2 1 1 0 2 1 1 0 2 2 0 1 2 1 1 1 2 1 2 0 3 0 1 0 1 1 2 0 2 0 1 2 0 1 3 0 0 1 2 1 1 0 3 0 1 2 0 1 2 0 1 0 0 1 0 0 1 2 0 0 2 0 1 0 1 0 1 1 2 0 1 0 1 1 0 0 2 0 0 1 1 0 1 1 2 1 0 0 1 0 0 0 1 1 0 1 2 1 1 1 3 0 2 0 2 0 1 0 1 1 1 1 3 0 2 0 1 2 0 2 0 2 0 1 1 0 1 0 2 0 2 1 3 0 0 0 1 1 1 0 1 1 2 0 0 0 1 0 1 0 1 0 2 1 0 2 0 1 0 2 0 0 0
1 455 2 1 1 1 2 1 3 0 0 0 1 1 1 0 0 0 1 0 3 0 1 2 0 1 1 2 0 0 0 0 1 1 1 1 0 1 3 0 3 0 1 1 0 2 0 0 3 0 2 0 2 0 0 1 3 0 0 0 0 1 3 0 1 1 1 1 0 2 0 1 2 0 0 0 1 0 0 2 0 1 0 0 2 0 2 0 0 1 0 2 0 1 2 1 2 0 2 1 1 1 0 0 3 0 1 1 0 1 2 0 2 1 1 1 3 0 3 0 3 0 1 0 0 1 1 0 2 1 0 1 2 0 3 0 3 0 2 0 0 0 1 0 0 2 0 1 2 0 0 0 3 0 0 0 0 0 2 1 0 1 2 0 1 0 3 0 1 0 2 1 1 2 0 1 0 0 0 2 0 1 3 0 1 0 1 0 0 0 0 1 1 0 1 1 0 0 0 1 0 0 1 2 0 1 0 0 3 0 3 0 2 0 3 0 3 0 1 1 2 1 0 1 1 1 1 0 1 2 0 1 0 2 0 1 2 0 3 0 1 2 0 2 0 1 2 2 0 0 2 1 0 1 0 0 2 1 1 1 1 1 0 1 0 0 3 0 1 1 0 0 2 0 0 0 3 0 2 1 2 1 1 0 1 0 0 1 1 1 1 1 2 1 1 1 2 1 1 1 2 1 2 1 0 1 0 2 0 0 1 0 0 0 2 2 0 0 0 0 0 0 1 0 0 1 0 1 1 1 2 1 0 1 2 1 3 0 0 1 0 0 3 0 2 0 0 2 0 1 0 0 2 2 0 1 3 0 2 0 3 0 3 0 2 0 2 2 0 1 0 1 2 0 1 1 0 0 0 1 0 0 2 0 0 0 3 0 0 1 0 2 0 0 2 0 1 0 0 1 3 0 3 0 2 1 2 0 1 0 0 1 0 2 0 2 0 0 1 0 2 1 1 0 2 0 1 1 1 0 3 0 1 0 3 0 3 0 0 0 2 0 2 0 2 1 1 1 1 2 0 0 0 1 2 1 0
1 456 1 1 2 0 0 1 0 1 1 1 0 3 0 1 0 0 0 2 1 3 0 0 1 0 0 2 1 2 1 0 0 3 0 2 0 0 1 2 0 2 2 0 1 1 1 3 0 2 0 1 0 0 1 2 1 1 1 1 0 1 1 1 2 0 1 3 0 0 2 0 0 3 0 0 0 2 0 1 1 3 0 3 0 0 0 0 1 2 0 0 2 0 1 1 0 0 0 1 1 2 2 0 1 2 2 0 1 1 1 0 0 1 2 0 0 2 0 3 0 2 1 3 0 1 0 1 1 1 1 1 1 0 0 3 0 3 0 0 1 1 0 2 0 1 2 0 0 3 0 0 1 2 1 1 0 0 1 1 1 1 0 3 0 2 1 2 2 0 0 1 2 0 0 3 0 2 1 1 2 0 1 1 1 3 0 2 0 0 0 1 0 1 0 2 2 0 0 0 2 0 1 0 0 3 0 3 0 2 0 3 0 1 0 3 0 3 0 0 0 0 1 1 0 2 0 1 1 0 1 0 0 0 2 0 1 0 0 3 0 0 1 0 2 0 1 1 0 3 0 0 1 0 2 0 1 1 1 3 0 1 2 0 2 0 1 2 2 0 1 0 1 0 1 1 1 3 0 2 0 0 1 2 0 2 0 1 0 2 0 2 1 0 2 0 0 0 2 0 0 1 0 0 1 1 0 0 1 2 1 2 0 0 1 2 0 2 1 0 0 0 0 2 0 1 0 0 0 2 1 0 1 1 1 1 0 1 1 1 2 0 1 3 0 0 1 2 1 3 0 3 0 1 1 0 1 2 0 1 0 3 0 3 0 1 0 2 1 0 0 0 0 3 0 2 2 0 0 0 2 0 1 0 1 1 1 2 1 2 0 0 1 2 2 0 1 3 0 1 1 2 0 3 0 1 2 0 1 3 0 1 0 0 2 0 1 2 1 2 1 1 1 2 1 0 2 0 1 2 1 2 2 0 0 3 0 2 1 1 1 1 0 1 0 1 1 3 0 2 1 2 1 1 1 0 1 0
1 457 1 0 2 1 2 1 2 0 3 0 1 1 2 1 3 0 0 1 2 0 1 1 1 2 0 1 2 0 0 1 0 1 3 0 0 1 2 1 0 0 2 1 0 0 2 1 2 0 0 1 3 0 1 1 0 1 3 0 1 0 3 0 2 2 0 1 1 1 2 1 3 0 1 1 1 1 1 0 0 0 2 0 2 1 1 0 1 0 3 0 1 2 0 0 1 0 0 1 0 0 1 1 0 1 1 1 0 0 1 2 0 1 0 0 3 0 0 0 3 0 2 0 1 1 3 0 3 0 2 0 1 2 0 1 3 0 2 1 2 0 1 1 1 0 0 0 3 0 1 1 2 1 0 1 2 0 1 0 2 0 1 1 3 0 2 0 1 0 2 2 0 0 3 0 2 0 1 2 0 1 0 0 2 1 2 0 0 1 1 0 2 0 2 1 2 0 2 1 1 1 3 0 3 0 2 0 3 0 1 0 2 2 0 0 3 0 2 1 1 0 1 0 1 1 0 2 0 1 0 2 0 0 1 1 3 0 3 0 1 1 2 0 0 2 0 0 1 1 2 1 2 0 0 2 0 0 2 1 2 0 0 1 0 2 0 1 1 1 0 0 0 0 0 0 2 1 2 0 0 1 2 1 0 0 0 2 0 0 1 0 1 1 1 1 2 1 1 1 2 1 2 0 1 0 1 0 1 1 0 2 0 1 2 1 0 0 1 1 0 0 0 1 0 1 3 0 0 1 1 1 1 0 2 0 1 0 3 0 2 2 0 1 1 1 2 1 1 0 2 0 2 2 0 1 1 0 3 0 2 1 3 0 2 2 0 0 1 1 0 0 0 1 3 0 2 0 2 1 1 2 0 0 0 0 2 1 0 2 0 1 2 1 1 1 0 1 2 0 0 0 0 0 3 0 0 1 0 1 1 1 3 0 1 2 0 1 1 0 0 2 0 0 0 1 1 2 0 1 1 0 1 0 3 0 2 0 1 1 3 0 1 0 2 1 0 0 2 0 2 0 0 1 2 2 0 2 0
0 457 2 1 2 0 1 0 0 0 3 0 0 0 1 0 1 1 2 0 3 0 3 0 2 2 0 0 3 0 1 0 0 1 1 1 2 1 0 1 0 1 1 1 0 1 1 2 0 1 2 1 1 2 0 1 1 1 1 2 0 0 3 0 2 1 0 0 2 1 1 0 1 2 0 1 3 0 1 0 0 1 1 0 1 1 2 0 2 1 3 0 0 0 2 1 2 0 0 2 0 0 3 0 0 0 1 2 0 1 0 0 3 0 3 0 1 1 1 1 3 0 1 0 0 0 2 0 3 0 1 0 0 1 0 1 2 0 1 2 0 2 0 1 2 0 0 1 3 0 0 0 0 1 1 0 3 0 2 1 1 0 0 0 2 0 0 2 0 0 2 0 3 0 2 0 1 0 0 0 3 0 3 0 0 2 0 1 2 0 1 1 1 0 2 0 0 0 1 2 0 0 2 0 3 0 1 0 2 2 0 0 2 0 3 0 2 0 1 1 2 0 2 0 3 0 0 2 0 0 0 1 2 2 0 0 2 0 2 2 0 2 0 1 2 1 2 2 0 0 0 2 0 1 2 1 3 0 0 2 0 1 2 0 0 2 0 0 1 2 0 0 0 0 0 1 1 2 0 1 2 1 0 1 0 0 1 1 2 1 2 0 3 0 2 1 0 2 0 0 0 2 0 1 3 0 2 0 3 0 0 2 0 1 0 1 0 0 2 2 0 0 1 0 0 1 1 1 2 0 2 0 1 1 0 2 0 0 3 0 2 1 0 0 2 1 0 1 2 1 1 0 2 1 0 0 1 1 3 0 2 0 2 0 2 0 2 1 2 2 0 0 1 1 2 0 1 0 1 2 0 0 2 1 0 1 1 1 1 2 0 1 0 1 3 0 0 0 3 0 0 0 0 1 2 1 2 0 0 0 2 1 2 0 0 1 0 0 1 0 1 1 2 1 1 0 2 2 0 0 1 0 2 1 3 0 1 0 0 0 1 2 0 0 1 1 0 1 1 0 0 1 2 1 1 1 0 1 2
1 458 1 1 2 0 1 3 0 0 1 2 1 1 0 2 1 0 0 0 0 3 0 3 0 2 0 3 0 1 1 3 0 1 0 2 1 0 1 1 0 0 0 2 0 0 0 2 2 0 1 0 2 0 1 0 0 2 0 2 1 3 0 2 0 1 1 0 1 1 1 2 1 0 1 0 1 1 1 3 0 1 0 1 1 0 0 0 0 2 0 1 1 1 1 1 2 0 1 2 1 3 0 1 1 1 1 0 0 3 0 3 0 2 0 2 2 0 2 0 0 1 1 3 0 0 1 1 0 2 1 3 0 1 0 0 1 0 0 0 1 0 2 0 0 3 0 1 1 1 1 1 0 1 0 1 1 3 0 1 1 2 0 0 1 0 1 2 1 3 0 0 0 3 0 0 1 3 0 0 1 3 0 2 1 2 2 0 0 3 0 3 0 1 1 0 1 1 1 0 0 3 0 0 0 2 2 0 0 2 0 3 0 0 0 3 0 1 0 0 0 0 0 1 0 2 1 2 1 2 1 1 1 1 0 3 0 0 0 2 1 0 2 0 1 1 0 1 0 2 1 1 2 0 1 1 0 1 1 2 2 0 0 3 0 1 1 2 2 0 0 2 1 0 0 1 0 2 2 0 1 0 1 0 2 0 1 0 0 1 0 0 0 3 0 1 1 1 1 2 1 1 2 0 1 2 0 1 0 2 1 2 1 3 0 3 0 3 0 1 0 2 1 2 0 1 0 2 1 0 0 0 2 0 1 1 1 3 0 2 0 1 1 0 1 1 1 1 1 0 1 2 1 1 1 0 1 0 0 2 0 1 0 1 0 1 0 2 0 1 0 2 1 3 0 3 0 2 1 0 0 3 0 0 1 1 0 2 0 2 2 0 0 0 1 1 1 1 1 2 1 1 0 1 1 0 2 0 1 1 1 1 2 0 1 1 2 0 0 2 1 0 0 0 1 2 1 2 0 2 1 2 1 2 0 1 1 3 0 0 1 0 0 2 1 3 0 0 0 1 0 1 1 0 1 3 0 0 1 0
1 459 1 0 2 2 0 1 1 1 2 1 0 1 2 1 1 1 0 0 0 1 3 0 3 0 1 0 3 0 0 0 1 2 0 0 1 1 1 0 1 0 0 1 0 1 1 1 2 1 0 0 0 1 3 0 3 0 0 0 2 0 2 0 0 2 0 1 1 0 2 1 0 1 1 0 0 0 2 1 1 1 3 0 2 2 0 0 0 1 0 2 0 1 3 0 2 2 0 1 1 0 1 2 0 1 2 2 0 1 3 0 3 0 1 0 2 1 0 1 2 2 0 0 1 1 2 0 1 1 2 0 1 1 3 0 0 2 0 0 1 0 0 1 3 0 1 2 0 1 3 0 1 0 2 1 0 0 1 2 0 2 0 1 2 0 0 1 1 0 1 1 1 1 2 1 2 1 1 1 2 1 2 0 2 0 1 0 3 0 2 0 2 2 0 1 1 0 1 2 0 1 2 1 1 1 2 0 3 0 0 0 2 1 1 1 2 1 3 0 0 0 0 0 2 1 2 0 1 0 0 1 3 0 1 1 2 1 1 1 1 1 1 2 0 0 1 0 2 1 1 2 0 1 0 0 1 1 0 0 1 0 3 0 2 0 0 0 1 0 3 0 0 1 0 0 2 1 2 1 0 0 0 0 0 1 3 0 2 1 2 0 0 1 2 2 0 2 0 0 0 2 0 1 0 0 3 0 2 1 2 0 1 0 2 0 3 0 2 2 0 0 1 2 0 2 0 0 1 1 0 0 1 2 0 0 2 1 2 0 0 2 0 1 1 0 2 0 2 0 0 1 0 1 2 2 0 2 0 1 0 1 3 0 2 0 2 1 0 2 0 0 2 0 2 0 3 0 1 1 0 1 2 1 2 0 1 1 1 0 2 0 2 1 1 0 2 0 2 1 0 1 2 0 3 0 0 2 0 0 2 0 2 2 0 0 2 1 3 0 0 1 0 0 1 1 1 0 0 0 2 0 1 0 0 0 0 0 1 1 1 2 0 1 2 0 1 1 1 0 2 0 3 0 0 1 1 1 1 2 0
1 459 2 1 2 1 0 0 2 1 0 1 1 1 0 1 2 2 0 0 1 1 2 0 2 2 0 0 2 1 1 1 0 0 2 1 3 0 1 0 2 0 1 0 0 0 2 1 0 1 0 0 1 1 2 0 2 1 1 1 1 0 0 1 2 2 0 0 1 1 1 1 1 0 1 0 0 1 1 2 0 0 2 0 2 0 2 1 1 0 0 2 0 1 2 0 2 1 0 0 1 1 0 1 0 1 1 1 0 1 2 0 2 2 0 0 1 1 1 1 1 0 2 2 0 0 0 0 0 0 0 0 0 0 1 1 2 1 2 1 2 0 1 1 2 0 0 1 0 1 1 2 0 0 1 1 0 1 0 1 0 2 0 0 3 0 1 0 1 0 3 0 2 1 1 0 0 2 0 0 1 0 0 0 0 2 0 0 3 0 1 0 2 1 0 0 1 1 0 1 0 1 0 2 0 0 0 0 2 1 1 1 1 2 0 0 1 0 1 1 1 0 0 1 1 2 0 1 3 0 1 1 2 0 0 0 0 1 3 0 2 0 2 1 2 1 2 1 1 2 0 0 3 0 2 1 2 2 0 0 2 1 3 0 0 1 1 0 2 1 2 1 1 2 0 1 2 0 0 1 0 0 0 0 1 1 2 0 1 2 0 1 2 1 1 1 0 1 2 1 1 1 3 0 3 0 2 0 1 2 0 2 0 0 1 0 3 0 2 0 2 2 0 1 0 1 2 1 2 2 0 1 0 0 3 0 0 2 0 1 2 2 0 0 1 1 1 0 0 1 2 0 0 1 1 1 0 2 0 0 0 1 2 0 1 0 1 1 1 1 3 0 0 0 1 0 2 2 0 1 1 1 0 2 0 2 0 1 2 1 1 0 1 1 2 1 1 0 1 1 1 1 0 0 2 1 2 1 3 0 0 0 2 0 3 0 1 0 1 1 1 2 0 0 3 0 1 0 0 1 0 1 3 0 0 0 0 0 3 0 2 2 0 0 3 0 3 0 1 1 1 0 2 1 2 0 2 0 2 1 2
0 460 1 2 0 0 1 0 1 1 1 1 0 2 0 0 1 1 0 2 2 0 0 0 0 2 0 3 0 0 1 2 2 0 1 2 0 1 2 0 0 0 1 3 0 0 1 1 1 0 2 0 1 0 0 0 0 1 1 3 0 1 0 1 1 1 0 2 1 3 0 2 0 1 0 2 0 1 0 2 1 3 0 0 0 1 0 1 1 2 0 1 2 0 1 0 0 1 1 0 0 3 0 0 0 0 0 2 0 0 1 0 0 2 0 2 1 3 0 2 0 1 1 2 0 2 1 0 0 0 0 0 0 0 1 0 0 1 0 0 2 0 2 0 2 0 1 2 0 0 0 2 1 2 1 3 0 0 0 0 0 0 1 3 0 1 1 3 0 2 1 3 0 1 1 2 0 1 1 2 1 2 0 0 0 1 1 3 0 1 2 0 0 1 1 0 0 3 0 0 0 0 0 0 1 2 1 0 1 1 1 3 0 2 1 2 1 2 0 3 0 1 0 1 0 2 2 0 1 1 2 0 2 0 1 1 0 1 1 2 0 1 0 2 0 1 0 0 2 0 0 3 0 2 0 2 0 1 0 3 0 1 0 1 1 2 0 1 1 2 0 0 2 0 1 0 0 3 0 0 2 0 0 0 1 0 0 0 0 0 1 0 1 0 1 3 0 0 1 0 2 0 0 2 0 3 0 1 0 0 1 0 1 2 1 2 1 3 0 1 0 2 1 0 0 0 1 1 0 1 0 3 0 3 0 1 1 2 2 0 1 1 0 2 1 3 0 1 0 1 0 3 0 1 0 2 0 0 1 2 1 1 0 3 0 2 0 3 0 2 1 1 1 1 0 2 1 2 1 0 0 2 0 0 2 0 2 0 1 0 1 2 1 0 0 0 1 2 0 3 0 1 2 0 1 2 0 1 0 1 1 1 1 1 0 2 1 3 0 3 0 2 1 3 0 1 1 3 0 1 0 0 1 1 1 1 0 0 1 3 0 2 0 3 0 2 0 2 2 0 1 2 1 2 0 0 0 1 0 2 0 0
0 461 1 0 3 0 1 0 0 0 2 0 1 1 0 1 2 0 1 1 2 0 2 1 0 1 1 0 2 1 2 1 1 1 0 1 0 0 0 0 2 1 1 1 1 1 2 0 2 0 0 1 3 0 2 1 0 1 0 0 1 1 3 0 3 0 1 1 2 0 2 0 0 2 0 0 0 2 0 0 2 0 1 1 1 0 2 1 0 0 0 0 0 0 3 0 2 1 2 2 0 1 2 1 1 0 0 1 0 1 1 2 0 1 1 0 2 0 2 0 1 0 0 0 0 0 1 1 0 0 0 0 0 0 0 2 0 0 2 0 1 2 0 2 0 2 0 0 3 0 0 1 2 0 1 0 1 1 1 0 0 0 1 1 2 0 0 0 2 0 2 0 2 0 0 0 0 0 0 0 0 2 0 1 1 1 0 0 2 0 0 0 2 1 2 2 0 1 2 1 1 0 0 0 1 1 0 1 1 0 2 1 2 0 2 0 1 0 0 0 2 1 3 0 2 1 2 1 0 0 2 2 0 2 0 0 1 0 3 0 3 0 2 1 0 1 3 0 1 1 3 0 2 0 1 0 0 2 0 0 2 1 3 0 3 0 3 0 3 0 3 0 1 1 3 0 3 0 1 1 2 1 2 1 0 2 0 0 0 0 1 0 0 0 0 1 1 1 2 0 0 1 3 0 0 0 2 1 3 0 1 0 0 1 1 0 1 0 1 2 0 0 1 1 0 0 1 0 1 0 2 1 3 0 3 0 0 0 1 1 0 0 1 1 2 0 1 1 3 0 2 1 2 2 0 0 0 1 2 1 0 1 2 1 3 0 1 0 3 0 1 1 3 0 1 1 2 0 0 1 0 1 0 1 2 2 0 2 0 0 0 1 0 1 0 0 1 1 0 0 3 0 0 1 0 0 3 0 2 0 3 0 2 0 1 1 2 0 2 0 3 0 2 0 2 0 0 0 1 1 3 0 1 0 2 0 1 0 1 1 2 0 1 0 3 0 1 0 2 1 0 1 0 2 0 1 1 0 2 1 0 1 1
0 461 2 1 2 1 3 0 0 1 0 2 0 1 1 1 0 0 0 0 0 0 1 1 1 0 1 1 2 0 0 1 2 2 0 2 0 0 0 1 1 1 3 0 2 1 0 0 0 1 2 1 2 0 1 1 0 2 0 1 0 0 2 0 3 0 0 0 0 0 0 1 2 1 2 1 1 1 2 2 0 2 0 1 2 1 1 1 0 0 0 0 0 1 3 0 2 0 1 1 0 1 0 1 2 0 1 0 0 0 2 2 0 0 1 1 1 0 0 1 3 0 0 0 0 0 2 2 0 0 0 0 0 0 1 1 3 0 0 0 0 1 0 2 0 1 3 0 1 1 2 0 3 0 2 0 3 0 1 0 0 0 3 0 3 0 0 1 1 0 1 0 0 1 1 0 0 0 0 0 1 2 0 0 1 2 0 1 0 1 1 1 2 0 1 1 0 1 0 1 2 0 0 0 3 0 0 0 1 1 2 0 0 0 0 1 3 0 0 1 2 0 2 0 2 0 0 1 0 1 2 1 0 1 2 1 2 1 3 0 3 0 1 1 1 1 2 0 0 0 2 0 0 1 3 0 1 1 3 0 1 0 2 0 3 0 3 0 3 0 3 0 0 0 2 0 3 0 0 0 1 0 0 1 1 1 2 1 0 0 2 0 0 0 1 0 2 0 3 0 1 1 1 1 1 1 2 0 1 1 3 0 1 0 1 0 2 1 0 0 2 1 2 2 0 0 2 0 2 1 2 0 2 0 2 1 1 0 2 2 0 1 0 0 0 0 0 0 2 0 2 0 1 0 2 1 1 1 0 1 1 1 1 0 1 2 0 0 3 0 0 0 1 2 0 2 0 1 2 0 0 0 0 1 1 1 0 1 2 1 0 2 0 2 0 0 2 2 0 1 2 1 1 2 0 1 3 0 1 0 3 0 1 0 0 0 0 0 1 0 3 0 1 0 0 1 1 1 0 0 1 2 0 0 0 1 3 0 3 0 3 0 2 1 2 2 0 0 1 1 1 0 0 2 0 0 1 1 1 1 1 0 1
1 462 1 2 0 1 0 1 1 2 0 0 2 0 0 1 2 0 0 0 0 0 0 3 0 1 0 3 0 3 0 1 1 1 1 0 1 2 1 1 0 2 1 2 0 1 1 0 0 1 1 0 2 0 2 0 1 1 1 3 0 3 0 0 0 2 1 1 0 0 0 1 1 1 0 0 2 0 0 1 1 0 2 0 1 0 1 2 2 0 0 0 0 1 1 2 0 0 2 0 1 1 0 0 0 3 0 2 0 0 1 2 0 2 1 3 0 1 0 1 1 1 1 1 0 0 1 2 0 2 1 0 0 0 1 0 0 1 1 1 0 1 0 0 2 0 1 2 0 0 0 0 0 3 0 1 0 2 1 3 0 0 1 3 0 2 1 2 0 1 0 2 0 1 0 1 0 0 0 0 1 0 0 2 2 0 1 0 0 0 0 2 0 3 0 3 0 0 0 0 0 3 0 0 1 2 1 1 0 3 0 3 0 0 0 1 1 1 1 2 1 0 0 1 0 0 1 2 0 0 1 0 1 1 1 1 0 1 0 2 0 2 2 0 1 3 0 3 0 0 1 0 1 2 1 2 0 0 0 1 2 0 0 1 0 3 0 3 0 3 0 2 1 1 1 1 0 2 1 1 0 2 0 1 0 2 1 0 1 0 1 0 1 1 0 2 1 1 0 2 2 0 1 3 0 2 1 0 0 0 0 1 1 3 0 2 1 1 1 0 1 2 0 1 0 3 0 0 0 2 0 0 0 1 0 1 1 2 1 2 0 3 0 2 1 0 0 0 1 1 0 0 2 0 0 1 1 3 0 0 0 2 0 1 1 0 0 3 0 1 1 1 1 0 1 0 2 0 0 3 0 0 0 1 0 2 0 0 1 0 1 1 2 0 1 3 0 1 1 0 1 0 2 0 1 0 1 1 2 0 0 2 1 3 0 0 0 0 0 2 1 2 1 3 0 1 0 1 2 0 1 0 0 2 1 1 1 2 0 3 0 3 0 2 0 1 0 2 1 3 0 1 0 1 1 2 1 3 0 2 0 1 0 2
0 463 1 0 3 0 2 0 3 0 3 0 1 1 2 2 0 0 2 1 0 0 0 1 2 2 0 0 3 0 2 2 0 1 3 0 0 1 0 1 2 1 1 2 0 2 0 1 0 0 3 0 0 2 0 2 0 0 2 1 2 0 2 1 1 1 1 1 2 0 0 0 3 0 1 0 1 1 2 1 3 0 0 2 0 0 0 1 1 0 2 1 0 0 3 0 3 0 1 2 0 0 1 0 0 1 3 0 0 1 2 1 0 0 2 0 1 1 3 0 3 0 2 0 1 0 1 1 0 0 1 1 0 0 0 2 0 0 3 0 1 0 2 0 1 2 0 0 3 0 0 0 0 1 2 2 0 0 2 0 1 1 2 1 2 0 1 2 0 2 0 0 0 1 3 0 2 0 0 0 0 2 0 1 2 0 3 0 2 1 0 1 1 0 3 0 2 1 1 0 0 1 2 1 2 1 0 1 2 1 3 0 2 1 1 0 3 0 2 1 0 1 0 0 2 0 1 0 3 0 1 0 0 0 2 0 1 0 2 1 1 0 2 1 0 1 2 0 2 1 2 0 0 1 0 2 0 1 1 1 0 0 2 1 2 1 3 0 3 0 3 0 1 1 3 0 1 1 1 1 2 1 0 2 0 0 1 1 1 0 0 0 0 0 1 1 1 1 2 1 2 1 0 1 2 0 1 1 0 0 0 1 0 0 2 0 1 1 3 0 0 0 3 0 2 1 2 1 1 1 0 1 1 0 2 1 0 0 1 0 0 0 3 0 1 1 0 0 1 0 1 0 1 1 2 2 0 0 1 1 1 1 0 2 0 1 0 1 2 2 0 1 3 0 0 0 0 1 3 0 1 1 1 0 2 1 0 1 2 0 0 0 2 2 0 1 1 2 0 1 1 0 0 2 0 0 0 0 2 1 3 0 1 0 1 1 1 0 0 1 2 0 1 0 1 2 0 0 0 0 3 0 3 0 0 2 0 0 0 0 3 0 3 0 0 2 0 0 2 0 1 2 0 0 0 0 1 0 2 0 0 2 0 0 1
1 463 2 1 3 0 1 0 3 0 3 0 0 0 1 0 3 0 0 1 0 0 1 1 1 0 3 0 2 0 2 1 0 1 1 1 2 0 0 1 0 2 0 1 0 1 3 0 3 0 1 1 2 2 0 1 3 0 1 0 0 0 1 1 3 0 2 0 3 0 0 1 2 2 0 0 0 0 1 0 1 1 2 1 2 1 1 0 1 1 1 1 0 1 3 0 3 0 0 0 2 1 2 0 1 1 1 1 2 1 0 1 0 1 1 0 0 0 2 0 3 0 0 1 3 0 2 2 0 0 2 2 0 0 1 1 3 0 1 2 0 0 1 0 0 0 3 0 1 1 1 0 1 1 1 0 3 0 0 0 0 0 1 0 0 0 0 1 0 1 2 1 1 1 2 0 0 1 1 0 1 2 0 1 0 0 3 0 1 1 1 0 1 1 3 0 1 1 2 0 1 1 1 0 0 1 1 1 1 0 2 0 1 1 2 1 3 0 1 1 0 2 0 1 0 2 0 0 2 1 3 0 0 1 0 2 0 0 1 1 2 1 1 1 1 1 0 0 1 2 0 1 2 0 0 2 0 0 1 2 0 1 2 0 1 0 2 0 3 0 3 0 0 0 1 2 0 2 0 0 0 1 1 1 2 1 3 0 1 0 0 0 0 0 3 0 2 1 1 0 0 1 1 0 3 0 2 2 0 0 0 2 0 1 1 0 0 0 1 1 1 1 3 0 2 0 0 1 3 0 0 0 1 1 1 1 0 0 2 0 0 1 2 2 0 1 0 0 2 0 2 1 0 0 1 0 2 1 3 0 2 0 0 2 0 0 0 1 1 1 0 1 1 1 1 0 1 1 1 2 0 1 2 1 1 1 1 0 3 0 0 1 2 1 0 0 2 2 0 0 1 0 1 1 2 1 0 1 2 0 1 1 3 0 3 0 1 0 1 0 3 0 2 1 0 0 2 1 0 1 3 0 2 1 2 1 2 1 0 1 3 0 2 1 2 1 3 0 0 0 0 0 2 1 0 0 2 1 0 1 2 1 2 1 2
0 464 1 2 0 1 2 0 0 3 0 2 1 1 0 2 1 2 1 1 2 0 0 3 0 1 1 3 0 1 0 1 1 1 0 2 0 3 0 1 0 0 2 0 0 0 1 2 0 3 0 0 0 1 1 0 1 1 1 3 0 0 1 0 0 2 0 1 0 2 1 2 1 1 0 2 1 0 0 2 1 0 0 1 0 0 1 2 0 3 0 2 0 0 1 2 0 2 1 1 1 1 2 0 2 0 2 0 0 0 1 1 0 0 0 1 0 0 1 1 0 2 1 2 1 2 0 2 0 3 0 1 0 2 2 0 0 2 0 0 0 2 1 2 0 0 1 2 2 0 1 2 0 3 0 1 1 2 1 1 0 0 0 2 0 0 0 1 0 0 1 0 1 3 0 3 0 1 0 1 1 0 0 3 0 3 0 1 2 0 1 2 1 0 0 1 2 0 2 0 2 0 1 2 0 1 0 2 0 1 1 1 0 0 0 1 0 1 2 0 1 1 2 0 0 0 1 3 0 1 0 1 1 2 0 0 1 2 2 0 0 0 1 3 0 1 2 0 1 0 1 0 0 3 0 1 1 2 2 0 1 0 0 3 0 2 1 1 0 3 0 2 1 1 1 0 1 0 1 2 1 1 0 2 1 1 0 1 1 3 0 0 0 0 1 3 0 1 1 2 0 1 0 1 1 3 0 2 0 2 1 1 2 0 0 1 0 0 0 3 0 2 1 2 0 0 1 2 1 1 1 1 0 3 0 1 2 0 1 0 1 2 1 1 0 3 0 3 0 0 0 1 1 0 0 2 1 2 0 2 0 0 1 2 1 2 1 1 0 2 0 0 0 2 0 1 0 3 0 2 2 0 1 0 1 3 0 1 1 2 1 2 1 0 1 0 1 2 0 2 1 2 1 0 0 0 1 1 1 0 0 0 0 2 0 2 1 3 0 2 1 3 0 1 1 0 1 1 1 1 1 2 0 2 0 1 0 0 1 1 1 2 0 2 0 1 0 1 1 1 0 0 1 1 1 0 1 1 1 1 1 1 0 1 0 0
0 465 1 1 0 0 0 0 3 0 2 0 1 1 2 1 2 0 0 2 0 0 3 0 2 0 0 0 1 1 3 0 3 0 1 1 1 0 2 1 3 0 1 1 2 1 1 1 0 0 2 1 1 0 3 0 0 0 2 1 1 1 1 2 0 1 0 2 0 0 2 0 0 1 2 1 1 1 0 1 1 1 0 0 2 0 1 1 0 0 3 0 0 1 2 1 0 0 1 1 3 0 2 2 0 2 0 1 2 1 1 0 1 0 0 0 2 0 1 0 1 1 2 0 1 0 0 0 1 0 2 2 0 0 2 0 2 2 0 1 1 1 1 2 0 1 2 1 1 1 0 1 0 0 3 0 0 0 0 1 2 0 0 1 0 1 1 0 2 0 1 0 0 1 2 0 2 1 3 0 2 2 0 1 3 0 3 0 0 1 0 1 0 1 0 1 0 1 0 2 0 2 0 0 3 0 2 1 0 2 0 1 2 0 0 0 2 1 0 1 0 0 2 1 2 1 1 1 1 1 3 0 3 0 3 0 1 1 1 0 2 1 1 1 2 0 0 0 3 0 3 0 3 0 2 0 0 0 1 0 3 0 3 0 2 0 1 1 2 1 3 0 1 1 3 0 0 0 0 1 0 1 2 1 1 1 2 1 0 0 1 1 1 0 1 1 1 2 0 2 0 2 0 0 0 0 2 0 1 0 1 2 0 0 2 1 2 0 0 1 3 0 1 2 0 1 2 1 0 1 3 0 1 1 3 0 0 1 0 0 0 1 0 1 2 1 3 0 2 1 1 0 2 2 0 1 2 0 0 0 0 1 2 1 1 0 0 1 2 1 0 1 1 1 0 2 0 0 3 0 2 1 0 0 0 1 2 0 0 0 1 0 0 1 1 0 0 1 0 0 2 0 0 1 0 0 1 0 1 2 0 0 0 1 1 0 2 0 2 0 2 0 1 2 0 1 1 0 2 0 2 1 0 0 0 1 3 0 1 0 2 1 0 0 0 1 3 0 3 0 1 0 1 0 2 0 0 0 2 0 2 0 1 0 2 0 0
0 465 2 2 0 0 0 1 3 0 1 0 0 0 0 2 0 1 2 1 3 0 2 0 0 1 1 1 0 0 2 0 2 2 0 1 2 1 2 0 2 0 0 0 0 1 2 2 0 1 1 1 2 1 2 1 1 1 1 1 3 0 2 2 0 0 0 1 2 2 0 1 2 1 0 1 3 0 0 0 1 2 0 1 0 2 0 1 0 1 2 1 2 1 0 1 0 1 0 0 2 0 2 1 0 2 0 1 0 1 2 0 2 0 0 1 0 1 3 0 3 0 3 0 2 0 0 0 2 1 2 0 3 0 0 0 2 1 0 0 2 0 2 2 0 1 0 1 2 2 0 2 0 1 2 1 1 0 1 0 3 0 1 0 0 0 1 1 0 1 3 0 1 1 0 0 2 0 2 0 2 1 0 1 2 0 2 1 2 0 0 0 0 0 0 0 0 0 0 2 0 1 3 0 2 0 1 1 1 2 0 0 3 0 0 1 1 1 0 2 0 1 2 0 0 1 3 0 2 1 2 0 3 0 2 2 0 1 2 1 1 1 3 0 3 0 0 1 3 0 3 0 3 0 0 1 1 0 2 1 3 0 3 0 1 0 0 0 1 0 2 0 0 0 1 1 1 0 1 0 0 1 0 2 0 0 0 1 0 0 3 0 1 0 3 0 2 2 0 2 0 1 2 1 0 1 0 2 0 0 0 0 3 0 0 2 0 1 2 1 2 0 0 1 0 1 0 1 1 1 2 0 0 0 1 1 1 2 0 0 1 0 0 1 1 0 2 0 1 1 2 1 2 1 0 0 3 0 0 0 1 1 0 1 2 0 1 1 0 1 1 0 2 0 0 1 3 0 2 0 1 1 0 0 1 0 3 0 0 0 2 0 1 0 1 0 0 2 0 1 0 1 1 2 0 0 2 1 0 0 2 1 1 0 1 1 1 0 1 0 1 0 0 1 0 0 1 1 1 0 1 1 0 0 1 1 1 2 0 0 1 1 0 0 1 1 2 0 2 1 3 0 2 1 0 1 1 1 1 0 0 2 0 0 0 1 1
0 466 1 2 0 2 1 1 1 1 1 3 0 0 0 1 2 0 1 1 0 2 0 0 1 2 0 1 2 0 1 1 0 2 1 0 1 1 0 0 0 0 1 1 0 1 1 1 1 0 0 2 1 1 0 0 1 3 0 2 1 2 0 2 0 2 1 1 1 1 1 0 1 0 1 1 1 1 1 1 1 0 1 0 0 0 2 0 0 0 1 1 0 0 1 0 2 0 2 0 1 1 0 1 1 1 2 0 0 0 1 0 0 0 1 2 0 0 1 2 0 3 0 3 0 0 1 1 1 2 0 0 0 2 1 1 1 1 1 0 1 1 0 2 1 0 0 0 1 1 1 0 2 0 1 0 1 2 0 2 1 2 1 3 0 0 0 3 0 0 1 1 2 0 1 0 1 1 0 1 0 1 1 1 1 0 0 1 2 0 1 1 0 0 0 0 0 0 0 1 2 0 1 2 0 0 2 0 2 0 0 3 0 1 1 2 0 2 0 0 2 0 0 3 0 1 1 2 0 2 0 0 0 3 0 2 1 0 1 0 2 0 0 2 0 2 1 2 1 2 0 3 0 2 1 2 0 1 1 2 0 2 0 2 1 3 0 0 0 2 1 0 1 1 0 3 0 1 0 2 0 1 0 0 1 2 1 0 2 0 1 2 2 0 0 3 0 2 1 0 2 0 1 0 1 1 0 0 1 2 1 0 1 2 1 2 2 0 1 0 2 0 1 2 0 0 0 0 0 2 0 3 0 0 0 3 0 2 1 2 1 2 0 1 0 1 1 1 0 0 0 1 0 0 1 0 1 2 1 1 0 3 0 0 0 3 0 3 0 0 0 1 1 0 1 2 1 2 0 0 2 0 1 0 0 2 1 2 1 1 1 0 1 3 0 2 0 1 2 0 0 0 0 2 1 3 0 0 1 0 1 1 1 2 0 3 0 1 0 2 0 2 0 0 2 0 0 3 0 1 0 2 2 0 0 3 0 2 1 2 1 2 2 0 1 0 0 0 0 2 0 2 0 1 1 1 0 2 0 1 0 1 1 2 1 1 0 1
1 467 1 1 0 0 1 1 3 0 2 1 1 1 1 1 0 1 0 0 1 1 0 1 2 1 0 0 0 1 0 0 1 1 1 1 1 0 1 0 0 0 1 0 1 0 3 0 1 2 0 1 1 1 2 0 1 1 2 0 2 0 0 0 1 0 1 1 3 0 2 0 0 0 0 0 2 0 2 0 1 2 0 2 0 0 1 1 2 1 1 0 1 0 1 0 0 2 0 2 0 0 1 0 3 0 2 1 2 1 0 2 0 0 1 0 3 0 1 1 0 0 3 0 2 1 2 0 2 0 3 0 0 1 1 1 3 0 2 0 0 0 1 1 1 1 0 0 1 0 2 0 0 2 0 0 0 1 0 0 2 0 1 0 1 1 1 1 2 1 2 0 2 2 0 0 0 0 1 0 2 0 3 0 1 2 0 1 0 1 0 0 1 0 0 0 0 0 0 1 0 1 0 0 3 0 1 2 0 1 3 0 2 0 0 0 0 0 0 1 2 1 3 0 2 0 0 0 0 0 0 1 1 1 3 0 1 1 1 0 0 1 3 0 0 0 2 0 1 0 0 0 3 0 2 0 0 0 0 0 0 0 1 0 2 0 1 1 1 1 1 1 1 0 1 1 2 2 0 0 0 1 3 0 1 1 0 1 1 2 0 1 1 0 3 0 2 0 1 1 1 2 0 0 0 0 1 0 1 1 0 1 1 1 1 0 1 1 0 0 0 2 0 0 3 0 0 0 0 1 1 0 2 1 1 1 3 0 2 0 0 2 0 1 3 0 3 0 1 0 0 0 2 0 1 0 0 1 0 1 2 1 2 1 1 1 3 0 2 1 1 0 3 0 0 1 0 2 0 1 2 1 3 0 3 0 1 0 0 1 3 0 0 1 2 0 1 0 0 0 2 1 0 1 2 0 1 1 2 0 0 0 2 1 0 0 2 2 0 0 1 0 0 1 2 1 3 0 1 2 0 0 2 0 3 0 2 0 2 0 1 0 1 0 3 0 2 1 0 1 1 0 0 2 0 1 2 1 0 2 0 0 0 0 0 1 2 0 2
0 467 2 2 0 1 0 0 2 0 1 1 3 0 1 2 0 2 0 0 3 0 0 1 0 1 0 0 0 2 0 0 3 0 2 0 1 0 2 0 0 0 2 0 2 1 3 0 0 1 0 0 2 1 0 0 0 0 0 0 0 1 1 0 2 1 0 0 2 0 0 1 1 0 0 1 1 0 1 0 0 1 0 1 2 2 0 0 0 1 2 0 2 0 2 0 1 2 0 1 2 1 2 1 3 0 2 0 0 1 1 1 2 1 2 1 2 2 0 1 0 1 3 0 2 0 0 0 1 0 2 1 2 0 2 1 2 0 0 1 1 0 3 0 1 2 0 0 2 1 0 1 2 1 2 1 0 2 0 1 0 1 3 0 3 0 2 1 1 0 0 0 2 0 2 1 0 0 2 1 1 0 3 0 0 0 3 0 3 0 2 1 2 0 0 0 0 0 0 2 0 2 0 1 3 0 0 1 0 1 2 0 0 1 1 0 0 0 1 1 1 0 2 0 0 1 1 0 0 0 1 0 2 1 1 2 0 1 2 0 1 1 1 1 1 1 0 1 3 0 0 1 3 0 0 1 1 0 0 0 0 0 2 1 0 2 0 1 3 0 2 0 1 1 0 0 1 0 2 1 1 1 1 2 0 1 1 0 2 2 0 0 1 1 3 0 0 2 0 2 0 0 2 1 0 0 2 0 3 0 0 0 2 0 1 0 2 2 0 0 1 1 3 0 1 1 1 0 1 0 1 1 1 2 0 0 2 0 0 1 2 2 0 1 2 0 2 1 3 0 0 1 0 1 3 0 1 0 0 1 1 0 0 2 0 0 2 0 1 1 2 1 2 1 2 0 0 2 0 1 1 0 2 0 2 1 3 0 1 1 1 1 2 0 3 0 2 0 0 1 1 1 1 0 3 0 3 0 3 0 0 1 1 1 0 1 2 0 2 1 2 0 1 1 1 0 2 0 0 0 3 0 0 0 3 0 1 0 0 1 3 0 2 1 3 0 1 1 1 0 1 0 1 2 0 1 0 1 1 1 2 1 0 0 1 1 0 0 1
1 468 1 2 0 3 0 3 0 0 0 0 0 2 0 0 1 0 1 3 0 1 1 1 2 0 2 0 0 1 1 3 0 2 0 0 2 0 0 0 1 1 1 1 0 2 0 1 1 1 2 0 1 1 1 0 0 0 0 0 0 1 0 1 1 1 1 0 1 0 1 2 0 1 0 1 0 1 0 2 0 1 0 0 1 1 0 2 1 1 1 0 0 1 0 1 0 0 1 0 1 1 0 1 0 2 0 0 1 2 0 2 1 1 0 1 0 1 1 0 0 0 1 2 0 0 1 1 0 2 1 2 0 0 0 1 2 0 1 2 0 1 1 3 0 0 0 3 0 0 1 1 1 1 0 0 1 1 2 0 0 0 1 2 0 3 0 1 1 2 0 0 1 1 0 1 1 0 1 1 1 2 1 2 1 1 1 3 0 3 0 1 2 0 1 1 0 0 0 1 2 0 2 0 1 1 1 2 0 0 0 3 0 1 0 1 0 0 0 3 0 1 1 0 1 2 0 1 0 0 0 2 1 1 2 0 1 0 0 3 0 3 0 2 0 2 0 0 1 1 1 2 1 1 1 2 0 1 0 0 0 0 1 1 1 1 2 0 1 2 0 0 2 0 1 0 0 2 1 1 1 3 0 2 2 0 0 1 1 2 0 2 2 0 0 1 1 2 2 0 1 3 0 0 1 0 1 1 0 2 1 1 1 0 2 0 0 2 0 2 2 0 0 1 2 0 1 2 0 2 0 3 0 2 1 2 2 0 1 2 1 1 1 0 1 0 0 2 0 1 1 2 0 0 1 1 1 3 0 1 0 1 0 1 1 3 0 0 0 0 0 1 0 0 2 0 1 2 2 0 0 1 1 1 0 2 0 1 2 0 2 0 0 0 0 3 0 0 1 2 0 2 0 1 1 3 0 3 0 2 1 2 0 2 0 0 1 0 0 1 2 0 2 0 1 2 1 0 1 1 1 2 1 1 1 2 1 3 0 1 1 2 0 2 0 1 2 0 1 2 0 2 1 0 1 0 0 0 0 2 1 0 1 0 0 2 2 0 0 2
0 469 1 1 0 0 3 0 2 1 1 0 0 1 0 1 2 0 0 1 1 2 0 2 0 1 0 1 2 2 0 0 2 0 0 1 2 1 2 1 1 0 2 0 1 1 0 2 0 2 0 1 0 0 1 2 0 0 0 0 0 0 2 0 3 0 2 0 0 0 0 0 3 0 2 0 2 0 2 1 0 1 3 0 1 0 1 1 1 1 2 2 0 0 2 0 2 0 1 0 0 0 1 0 2 1 0 1 2 1 0 0 1 1 2 0 2 0 2 2 0 0 1 0 3 0 1 0 1 1 1 2 0 1 1 1 0 1 0 1 0 0 0 0 1 1 1 1 2 1 2 0 2 0 1 0 1 0 2 1 2 1 1 1 0 0 2 2 0 2 0 1 2 0 1 0 3 0 0 0 2 1 1 0 0 2 0 0 2 0 3 0 0 1 0 0 1 0 0 1 0 1 0 2 0 0 2 0 3 0 0 1 2 1 3 0 2 0 0 1 2 2 0 1 1 0 3 0 2 0 0 1 1 2 0 0 3 0 3 0 2 0 3 0 1 0 0 1 2 0 2 1 0 1 3 0 3 0 2 0 0 0 1 0 2 0 2 2 0 0 3 0 1 1 3 0 3 0 0 2 0 0 2 0 2 0 2 2 0 0 0 0 2 0 2 2 0 0 1 1 0 1 1 1 2 0 0 0 1 1 1 1 3 0 0 1 3 0 0 0 2 0 2 2 0 1 0 1 0 0 1 0 3 0 2 0 1 1 0 1 0 1 2 2 0 2 0 1 0 2 0 2 0 1 2 0 2 1 1 1 3 0 2 1 0 0 1 1 1 0 0 0 2 0 1 2 0 1 1 0 2 1 3 0 1 1 1 0 0 1 0 1 2 1 0 1 2 1 2 1 0 0 1 0 0 0 2 0 3 0 2 0 0 0 0 1 1 2 0 1 0 1 0 2 0 1 0 1 1 0 2 1 0 2 0 0 1 0 2 0 0 0 0 0 1 0 0 1 0 1 0 0 1 1 0 2 0 0 0 1 1 1 0 2 0 1 2 0 3 0 0
0 469 2 2 0 1 3 0 1 1 2 0 1 0 0 0 3 0 1 0 2 2 0 2 0 0 0 1 1 0 2 2 0 1 2 1 1 0 0 1 2 1 0 2 0 1 1 2 0 1 3 0 2 2 0 0 2 1 0 0 0 1 1 0 3 0 0 1 1 0 0 1 3 0 1 0 1 0 1 1 1 1 1 1 3 0 3 0 2 1 1 0 3 0 0 0 0 1 3 0 0 0 2 1 1 1 1 1 0 1 0 1 0 0 0 0 1 0 2 0 2 1 2 1 2 1 3 0 3 0 2 2 0 0 1 2 0 2 0 2 0 0 0 0 3 0 2 1 1 0 0 0 0 1 3 0 2 1 2 0 0 1 2 2 0 1 2 1 0 2 0 0 3 0 2 1 2 1 1 1 1 1 2 0 1 1 3 0 0 0 2 1 1 2 0 0 2 0 1 0 0 0 0 1 3 0 0 0 2 1 2 1 1 0 2 0 0 1 2 1 1 1 0 0 1 1 3 0 0 1 2 0 2 1 3 0 2 0 3 0 1 0 2 1 3 0 1 1 0 0 1 1 1 1 2 0 3 0 0 1 1 0 2 1 1 0 2 0 3 0 2 0 0 0 2 0 2 1 2 1 3 0 0 0 1 0 2 0 2 1 0 1 1 0 2 0 2 1 3 0 0 0 2 0 3 0 0 0 3 0 2 1 1 1 2 1 1 1 1 1 1 0 2 0 3 0 3 0 2 1 2 1 3 0 0 2 0 1 1 0 0 1 1 1 0 2 0 0 0 2 0 2 0 1 0 0 1 2 0 0 2 0 1 1 0 0 3 0 1 0 0 1 1 0 0 1 0 0 1 1 2 0 1 2 0 1 2 0 1 0 0 1 0 1 1 1 1 0 0 1 0 0 2 0 0 1 1 0 3 0 0 1 1 0 1 0 2 2 0 0 0 0 0 2 0 0 0 0 1 1 1 1 1 1 2 1 2 1 0 1 1 0 0 0 2 0 0 2 0 2 0 0 3 0 0 1 2 1 1 0 2 0 0 2 0 1 0 0 2 1 1
0 470 1 2 1 0 1 1 2 0 2 0 1 3 0 0 1 2 2 0 0 2 1 0 1 2 1 1 0 1 1 2 1 0 1 0 1 2 0 1 1 0 1 1 2 0 0 2 2 0 1 2 0 2 0 3 0 0 1 0 0 1 0 1 1 2 1 2 0 1 0 1 1 1 1 3 0 2 0 3 0 2 0 2 1 2 0 3 0 1 1 2 1 2 1 1 0 1 1 1 1 1 1 1 1 3 0 1 2 0 2 0 2 0 0 0 0 2 1 1 0 2 0 1 0 1 0 2 0 3 0 2 0 2 2 0 1 0 2 0 1 2 1 0 1 3 0 1 1 2 0 0 0 1 1 2 0 1 2 0 1 2 1 1 1 0 1 0 1 1 1 3 0 2 0 2 0 0 1 3 0 2 1 0 0 0 0 1 1 1 1 1 2 0 0 2 2 0 1 3 0 0 0 1 1 1 1 1 1 2 0 0 1 2 1 0 1 2 1 0 1 2 2 0 1 0 0 1 1 2 1 0 0 2 0 2 0 1 0 2 2 0 0 2 0 1 2 0 1 0 0 3 0 2 1 0 0 2 1 2 0 1 1 1 1 2 1 1 0 3 0 0 1 1 1 1 0 2 0 1 0 1 1 1 0 2 1 1 0 1 1 1 0 1 1 1 0 2 0 1 1 1 1 1 0 2 1 1 1 3 0 1 2 0 0 0 1 3 0 2 0 1 1 1 0 3 0 3 0 2 0 1 0 1 1 2 2 0 0 1 0 1 0 2 0 0 1 2 1 1 2 0 1 3 0 2 2 0 0 2 2 0 2 0 1 0 1 2 1 3 0 1 0 1 0 0 2 0 1 0 0 0 0 0 1 0 0 3 0 2 0 1 0 0 0 2 0 1 0 0 2 0 1 0 1 2 0 1 1 2 1 2 0 1 0 2 1 2 0 2 1 0 0 1 1 2 1 0 0 3 0 2 0 2 1 1 0 0 1 1 0 1 0 0 1 0 1 2 2 0 1 3 0 1 1 2 1 0 1 2 1 0 1 2 1 3 0 3 0 0 1 2
1 471 1 1 0 1 1 0 2 2 0 2 0 1 1 1 2 1 1 0 3 0 0 1 1 1 0 1 2 1 0 0 0 1 1 0 0 0 3 0 3 0 0 0 2 1 3 0 1 1 0 1 0 0 1 0 2 1 1 2 0 0 2 1 0 0 0 2 0 1 3 0 3 0 2 1 2 0 1 0 3 0 1 0 2 0 0 0 3 0 0 0 1 0 0 1 2 0 3 0 2 0 2 0 2 1 2 0 0 1 0 2 0 1 2 1 0 1 1 1 2 1 0 1 3 0 2 1 1 0 3 0 1 0 2 1 0 0 0 2 0 1 0 1 1 1 1 2 0 2 0 1 1 1 0 0 0 0 0 1 0 1 0 1 3 0 0 0 0 0 2 1 2 0 1 0 0 1 2 1 2 0 1 1 0 0 0 0 3 0 2 0 2 1 3 0 1 1 0 1 1 1 1 0 3 0 2 0 2 0 3 0 1 1 0 1 1 1 0 1 1 1 1 0 3 0 2 2 0 0 0 1 0 1 1 0 0 2 0 0 2 0 3 0 0 0 0 0 3 0 3 0 2 0 1 1 0 1 1 2 0 2 0 2 0 0 0 1 2 1 2 1 2 0 2 0 1 1 0 1 3 0 3 0 1 1 1 1 2 0 3 0 1 0 3 0 1 1 0 2 0 1 3 0 1 1 1 2 0 0 2 0 0 0 2 1 1 1 2 0 0 2 0 1 2 1 3 0 3 0 0 2 0 0 0 0 1 0 2 1 2 0 2 1 0 1 2 1 0 2 0 1 0 1 2 0 2 0 3 0 1 1 0 2 0 0 0 1 1 0 1 1 3 0 2 0 1 1 3 0 2 1 0 0 0 2 0 1 3 0 0 1 3 0 0 1 0 1 3 0 1 2 0 0 0 1 0 0 0 0 0 2 0 2 0 0 2 0 0 0 1 1 0 1 0 0 0 1 0 1 3 0 1 0 1 1 2 0 1 0 1 0 2 0 1 0 0 1 1 1 0 1 2 0 0 0 0 1 1 1 0 1 1 1 1 0 2 0 2 1 2 1 0
1 471 3 0 0 0 1 1 2 1 0 2 0 0 2 1 0 1 2 1 2 1 2 0 2 0 0 1 0 1 0 0 1 0 1 0 0 1 3 0 2 1 1 1 2 0 1 2 0 1 0 2 0 0 2 1 1 2 0 0 3 0 0 1 0 0 1 2 0 1 2 0 3 0 1 2 0 2 0 0 2 2 0 0 0 1 1 1 2 1 1 0 2 0 1 1 0 0 3 0 1 0 1 0 1 2 0 1 2 0 0 2 0 1 0 1 1 0 2 1 0 1 1 1 2 0 1 1 2 1 2 2 0 0 1 1 0 0 1 2 0 0 0 0 2 0 2 2 0 2 0 0 1 2 0 0 0 0 1 0 0 0 0 1 1 1 1 0 0 1 1 2 0 1 3 0 1 1 0 2 0 2 0 1 0 0 0 1 3 0 1 0 2 0 1 2 0 1 1 0 2 0 1 1 3 0 1 0 1 0 2 2 0 1 1 0 2 0 0 0 2 0 1 1 3 0 2 0 2 1 1 0 0 0 1 0 1 1 3 0 0 0 2 1 1 0 0 1 3 0 3 0 0 2 0 1 1 0 2 2 0 2 0 1 2 1 1 1 1 0 1 0 0 0 0 2 0 1 1 1 2 0 2 2 0 2 0 0 0 0 2 2 0 0 2 2 0 1 1 2 0 1 1 2 0 2 0 0 2 2 0 1 1 1 1 1 3 0 3 0 1 2 0 1 1 0 2 0 2 1 2 1 2 1 0 0 2 1 2 0 0 0 1 1 1 1 0 1 1 2 0 0 0 1 0 0 1 0 2 2 0 1 1 1 2 1 1 0 1 1 0 0 2 0 1 0 0 0 2 0 1 1 0 0 1 2 0 1 1 1 2 1 1 1 2 0 0 1 2 0 0 0 2 1 0 2 0 0 0 0 1 2 0 1 2 2 0 1 1 0 2 2 0 2 0 0 1 0 0 1 1 1 3 0 3 0 3 0 2 0 2 1 0 1 3 0 1 0 2 0 0 0 3 0 0 0 1 0 2 0 0 0 2 0 1 1 1 0 2 0 0 1 0
1 472 1 2 1 1 1 0 0 0 1 1 1 3 0 0 1 1 1 1 0 1 0 0 0 0 1 1 2 0 2 0 0 2 0 2 0 1 1 2 0 1 2 0 0 0 0 0 1 0 0 0 1 3 0 0 2 0 0 3 0 1 1 1 2 0 1 0 1 0 1 0 0 3 0 0 1 0 1 3 0 1 0 2 1 1 0 2 1 0 1 2 1 0 2 0 1 0 1 2 1 3 0 2 1 0 1 0 0 3 0 1 2 0 0 0 0 1 1 1 1 1 0 2 1 0 0 0 0 1 0 1 0 2 1 2 2 0 1 0 0 2 1 0 1 1 0 2 1 0 1 2 2 0 0 2 1 0 0 2 0 0 0 1 0 2 0 1 0 1 0 2 2 0 1 1 2 0 1 1 2 0 1 3 0 2 1 1 1 1 2 0 0 1 0 0 1 0 0 1 1 1 0 0 0 1 1 3 0 2 1 2 1 0 0 1 1 0 1 1 1 1 0 0 0 2 0 1 0 1 1 2 0 0 0 2 1 0 0 1 1 1 1 1 1 2 0 1 1 2 0 2 1 2 2 0 0 1 1 2 1 0 2 0 1 0 1 3 0 1 0 2 0 0 0 1 2 0 0 2 1 0 0 2 1 0 1 2 1 0 1 2 0 3 0 1 1 0 0 2 2 0 0 2 2 0 1 3 0 1 1 0 0 2 0 2 1 2 0 3 0 0 1 0 0 1 1 1 0 2 0 1 0 0 1 0 1 1 2 0 1 1 0 3 0 2 0 0 0 2 1 2 1 0 2 0 0 2 1 2 1 0 0 2 1 0 1 2 0 2 2 0 1 0 1 3 0 0 1 0 2 0 1 0 1 0 1 0 0 2 1 0 1 3 0 3 0 1 0 3 0 0 1 1 1 1 1 2 1 0 1 0 1 0 1 1 1 0 0 1 1 2 1 0 1 2 1 2 0 1 0 2 1 2 0 3 0 3 0 1 0 1 1 1 1 1 2 0 0 0 1 1 1 2 1 1 0 2 1 0 1 1 1 0 2 0 1 2 1 0 1 1 2 0
1 473 1 1 0 1 2 2 0 0 1 0 2 1 1 1 2 0 2 0 1 0 2 0 0 0 1 0 2 2 0 1 3 0 0 0 1 0 0 0 0 0 0 0 2 1 0 0 0 2 0 0 1 1 1 1 2 1 3 0 1 2 0 2 0 0 3 0 3 0 3 0 3 0 1 1 2 0 0 1 1 2 0 0 1 1 2 1 1 1 1 1 0 1 1 2 0 0 0 1 1 0 2 0 1 1 0 2 0 1 3 0 0 0 2 1 0 0 3 0 2 0 1 1 1 1 0 0 0 0 2 0 2 1 2 0 1 0 3 0 3 0 0 1 1 0 1 1 1 1 1 1 1 0 3 0 0 1 0 1 0 1 1 0 2 1 0 1 3 0 2 1 2 1 0 0 2 2 0 0 2 2 0 1 2 0 1 1 3 0 2 1 2 1 2 0 0 2 0 0 3 0 1 0 0 1 0 0 2 0 2 0 0 1 0 0 3 0 0 0 2 0 1 0 0 1 0 1 3 0 3 0 3 0 0 1 1 1 0 0 3 0 2 0 2 1 0 0 0 0 0 0 2 0 1 0 2 2 0 0 0 1 1 2 0 0 0 1 1 2 0 0 0 1 1 1 0 0 3 0 0 1 0 1 1 1 1 1 0 1 1 1 0 0 2 2 0 1 0 1 2 0 3 0 1 1 0 1 1 2 0 1 0 1 1 0 2 0 0 0 2 1 1 2 0 0 3 0 1 1 0 1 3 0 1 0 0 0 2 2 0 0 1 1 3 0 0 1 1 1 2 0 0 1 1 1 3 0 1 0 0 1 0 1 1 1 1 1 0 0 2 1 0 0 0 1 1 1 2 0 0 1 3 0 3 0 3 0 3 0 0 1 1 1 2 0 2 2 0 0 2 1 2 0 2 0 2 1 0 1 1 0 0 0 0 0 1 2 0 1 0 0 0 1 1 1 0 2 0 2 0 0 2 0 0 0 3 0 2 1 3 0 3 0 2 0 2 1 2 1 1 0 2 1 0 1 2 1 1 1 1 0 2 0 0 2 0 1 0 1 1 0 2 1 2
0 473 3 0 0 1 1 0 2 1 2 1 1 2 0 0 0 0 0 2 0 0 0 1 1 0 2 1 2 1 0 1 1 1 1 0 2 0 0 0 0 0 0 1 1 1 0 0 1 1 2 1 3 0 2 1 1 0 2 0 0 1 0 1 3 0 2 0 3 0 3 0 2 2 0 2 0 1 2 0 2 1 2 2 0 0 0 1 3 0 2 0 0 0 2 1 2 1 1 0 1 1 0 2 0 1 1 2 0 1 1 1 1 1 1 1 0 1 3 0 0 2 0 1 2 2 0 0 0 1 1 0 1 2 0 2 0 0 3 0 2 1 2 0 1 0 3 0 2 0 2 0 1 1 2 1 2 0 0 0 0 0 1 1 1 1 1 1 2 0 2 0 0 1 0 1 2 0 3 0 1 1 0 1 0 0 0 0 2 0 2 0 0 2 0 1 2 1 3 0 1 1 3 0 0 2 0 1 1 0 0 1 1 2 0 1 2 1 1 1 0 1 3 0 1 0 0 1 2 0 3 0 2 1 2 0 1 2 0 1 3 0 1 0 1 1 0 0 0 0 0 1 0 2 0 0 2 0 2 1 1 0 2 1 2 1 1 0 2 1 2 1 1 0 1 2 0 1 2 1 2 0 0 0 2 0 2 0 0 0 1 2 0 1 2 1 0 0 0 1 0 0 2 2 0 1 1 0 2 2 0 0 0 0 1 1 0 1 1 1 1 2 0 0 3 0 1 2 0 1 1 1 1 1 3 0 0 1 2 0 2 2 0 0 1 1 2 0 2 0 3 0 1 0 2 1 1 1 3 0 1 0 0 0 2 0 1 2 0 1 1 1 0 0 1 0 2 0 3 0 1 1 2 0 3 0 3 0 2 1 2 0 2 1 0 0 2 0 3 0 1 0 0 0 1 0 1 1 1 0 1 0 0 0 0 1 0 0 3 0 2 1 1 0 2 0 0 2 0 1 2 2 0 1 1 1 3 0 2 0 2 0 3 0 1 0 2 0 0 1 2 1 1 1 1 1 0 1 3 0 1 1 0 1 2 2 0 0 0 0 1 1 2 0 0
0 474 1 2 1 2 0 1 1 2 0 0 2 0 0 2 1 0 0 1 1 2 1 1 0 1 1 2 0 0 1 1 0 2 0 1 1 0 1 1 0 0 0 1 0 1 2 0 1 0 0 1 0 2 0 1 1 2 1 0 1 2 0 0 1 2 0 1 0 3 0 3 0 2 1 0 2 0 1 0 0 2 0 1 0 2 1 1 1 2 0 0 1 1 1 2 0 0 1 2 0 3 0 0 2 0 0 2 2 0 0 2 0 2 0 2 0 0 1 1 1 2 2 0 1 1 0 2 1 1 0 1 1 0 1 0 1 3 0 2 0 1 2 0 2 0 0 3 0 1 0 1 0 0 0 0 2 0 1 1 0 0 0 3 0 2 0 2 1 0 0 0 1 2 0 0 1 0 0 2 2 0 1 0 2 0 0 0 1 1 0 0 1 2 2 0 1 1 0 2 0 0 0 1 1 2 2 0 0 1 0 1 0 2 2 0 1 0 1 3 0 0 1 1 1 3 0 1 1 0 0 3 0 2 0 0 0 0 1 0 1 1 1 3 0 2 2 0 0 0 0 1 0 0 1 3 0 0 0 1 1 2 1 2 0 0 1 2 1 2 0 0 1 2 1 0 1 0 1 0 2 0 1 1 1 1 0 0 1 1 1 0 1 0 1 0 1 0 0 0 2 0 1 2 1 0 0 1 1 2 0 2 1 0 0 3 0 0 0 2 0 2 1 3 0 2 0 0 1 0 0 2 0 2 1 1 1 2 1 0 0 2 0 2 2 0 0 0 0 1 0 2 2 0 0 1 2 0 0 1 1 3 0 0 1 1 0 0 1 0 0 1 2 0 0 2 1 1 0 3 0 0 0 0 0 3 0 3 0 2 0 0 0 1 1 0 1 1 0 2 1 3 0 0 0 2 0 3 0 1 0 2 0 0 0 0 2 0 1 3 0 1 1 2 1 0 1 2 2 0 1 1 1 0 0 2 1 2 0 1 0 1 0 2 2 0 0 0 1 2 1 0 1 3 0 2 0 0 1 1 2 0 1 1 1 1 0 2 1 0 0 3 0 3 0 0
0 475 1 1 0 2 0 2 0 2 0 1 2 1 3 0 0 1 0 1 0 0 0 1 2 0 3 0 3 0 1 0 1 1 0 2 0 1 1 0 1 0 0 0 2 1 0 0 3 0 2 1 2 1 1 0 0 0 0 1 1 0 3 0 1 0 3 0 2 1 3 0 3 0 1 1 1 1 3 0 2 2 0 2 0 0 1 1 3 0 3 0 1 0 2 0 3 0 1 1 0 0 2 1 2 1 3 0 1 0 3 0 0 0 1 0 0 1 2 0 2 1 1 1 0 0 1 1 1 1 2 0 3 0 0 0 0 1 2 0 1 0 0 1 0 1 3 0 1 1 3 0 2 0 0 0 1 2 0 0 1 0 0 1 3 0 1 0 1 1 0 0 1 0 3 0 0 2 0 1 2 1 0 0 0 1 2 1 1 0 1 0 1 1 1 1 0 0 1 1 0 1 1 1 0 0 1 0 2 1 2 0 2 1 2 1 0 0 0 1 1 1 2 0 2 1 1 2 0 1 0 1 3 0 0 1 1 0 1 0 0 0 2 1 2 0 2 0 2 1 0 0 2 0 1 1 1 1 1 1 0 0 0 2 0 1 2 1 0 2 0 1 2 1 0 1 1 0 0 0 0 2 0 0 2 0 1 0 1 0 1 2 0 2 0 2 0 2 0 0 1 2 0 1 0 1 0 1 0 0 0 0 1 1 0 1 2 1 1 1 1 0 2 0 2 0 0 1 1 2 0 1 1 0 1 2 0 0 0 1 0 1 1 0 2 0 2 1 0 0 2 1 2 0 2 2 0 0 2 2 0 0 1 1 2 0 1 0 0 2 0 1 0 0 3 0 0 1 2 1 2 1 1 0 0 1 3 0 3 0 0 1 1 0 3 0 0 0 1 1 2 0 1 1 1 1 1 0 2 2 0 0 0 1 1 0 1 2 0 1 2 0 0 0 0 1 1 1 1 1 0 0 1 2 0 1 1 2 0 1 3 0 2 1 2 0 2 1 1 1 0 1 1 1 2 0 0 1 2 0 2 2 0 0 2 0 1 1 1 1 0 1 3 0 2 1 1
0 475 3 0 0 2 0 2 0 2 0 1 1 0 1 1 1 2 0 2 0 0 1 1 0 0 3 0 2 1 3 0 3 0 0 2 0 0 1 0 2 0 0 1 1 1 0 1 3 0 2 0 0 1 2 0 0 0 1 0 1 1 2 2 0 0 3 0 2 0 2 0 2 2 0 2 0 0 2 0 2 1 0 1 2 2 0 0 2 0 2 2 0 0 1 0 2 2 0 1 0 1 2 0 1 0 1 2 0 0 2 1 1 0 2 0 1 1 0 0 1 1 2 2 0 0 3 0 2 1 0 0 2 1 1 0 1 0 3 0 2 0 1 0 0 1 2 0 0 0 2 0 0 1 1 1 0 0 2 1 2 0 1 1 1 1 3 0 2 2 0 0 2 1 2 1 2 2 0 1 0 1 0 0 1 1 0 1 2 0 2 0 3 0 1 2 0 0 3 0 0 0 1 2 0 0 2 1 2 0 0 0 2 0 0 1 0 0 1 0 2 1 0 0 1 2 0 1 0 0 0 1 1 1 2 0 1 0 2 0 0 1 2 0 0 0 1 0 1 1 0 1 0 2 0 1 3 0 1 2 0 0 1 2 0 1 0 1 1 2 0 1 0 1 1 0 1 0 0 0 1 1 2 2 0 1 3 0 2 1 0 1 0 2 0 2 0 1 2 2 0 0 3 0 3 0 3 0 2 1 0 0 3 0 0 1 0 1 3 0 1 1 1 0 0 1 2 0 2 2 0 0 1 1 0 0 2 1 1 0 0 0 1 1 1 0 1 1 0 1 2 0 0 0 2 0 3 0 1 0 2 1 3 0 3 0 2 0 1 1 3 0 3 0 1 1 2 1 1 0 0 1 2 0 1 1 2 0 2 1 2 0 1 1 2 1 1 0 3 0 3 0 3 0 2 0 1 1 2 0 2 1 1 0 1 1 0 1 0 0 3 0 0 0 1 0 2 0 1 2 0 1 0 1 0 0 2 2 0 1 2 0 2 0 0 0 1 1 3 0 0 0 2 0 3 0 1 1 0 0 2 0 2 2 0 2 0 1 3 0 0 1 2 0 1 1 2
1 476 1 2 1 2 2 0 2 0 2 0 0 1 0 3 0 2 2 0 1 2 1 2 2 0 1 3 0 2 0 2 0 2 1 2 1 2 1 2 1 0 1 2 0 2 0 0 1 2 0 0 1 2 0 3 0 0 0 2 1 0 0 1 0 3 0 2 0 1 0 1 0 2 1 0 1 3 0 0 0 1 1 1 1 1 0 3 0 0 0 2 0 2 1 2 1 2 1 0 0 0 0 3 0 2 1 0 0 3 0 0 1 2 1 0 2 0 1 0 1 0 0 1 0 3 0 2 0 1 1 0 1 1 1 2 0 2 1 3 0 0 1 3 0 1 0 3 0 0 1 0 1 2 0 1 2 0 1 1 2 0 2 0 2 0 0 2 0 2 0 3 0 1 0 1 0 1 0 3 0 3 0 2 1 3 0 0 1 0 0 1 0 3 0 0 0 3 0 1 1 1 1 0 0 3 0 0 2 0 1 1 1 0 1 1 2 0 0 2 1 1 1 0 1 0 0 3 0 2 1 1 0 2 0 3 0 2 1 0 1 2 0 3 0 0 0 2 0 3 0 0 0 0 2 0 1 2 0 0 0 2 2 0 1 0 0 0 0 2 2 0 0 0 0 1 0 2 0 0 1 0 0 1 1 0 1 2 0 1 1 1 0 0 2 0 2 0 1 1 0 3 0 2 0 3 0 3 0 1 1 0 1 2 1 2 0 0 1 1 2 0 1 2 0 1 1 0 0 2 0 2 1 2 2 0 1 1 1 2 0 0 0 3 0 1 0 3 0 0 0 3 0 0 1 1 0 2 2 0 0 2 0 2 0 3 0 1 0 0 0 2 0 3 0 0 0 0 1 2 0 1 1 0 0 0 0 0 0 2 0 0 0 0 0 0 1 2 1 3 0 3 0 3 0 1 0 0 0 0 0 1 1 2 0 2 2 0 2 0 1 2 1 1 0 2 1 1 0 0 0 3 0 3 0 3 0 1 1 0 1 0 0 0 1 1 1 0 0 1 1 1 1 1 0 2 2 0 1 0 1 1 0 2 1 0 2 0 1 1 1 2 1 0 0 0 0 0
1 477 1 1 1 0 1 1 0 2 0 1 2 1 2 1 3 0 2 1 0 1 1 0 1 1 0 1 2 0 1 0 1 0 2 0 1 0 1 0 0 1 1 1 0 0 0 1 2 0 3 0 1 1 0 0 2 1 1 1 1 1 0 0 2 1 3 0 0 1 3 0 2 1 1 1 1 1 1 1 1 0 3 0 2 0 1 1 2 1 1 1 1 0 2 0 1 0 0 1 0 0 0 1 3 0 1 1 0 1 2 1 2 1 0 1 1 1 3 0 3 0 2 1 2 1 3 0 0 2 0 1 1 0 2 1 0 0 2 0 1 1 2 1 1 2 0 0 2 1 2 0 0 1 0 0 0 1 0 0 2 2 0 2 0 1 3 0 0 0 1 0 2 1 3 0 2 0 2 1 3 0 3 0 2 0 1 1 1 2 0 0 2 1 2 1 1 1 2 2 0 1 2 2 0 1 2 1 2 2 0 0 2 0 0 0 2 1 3 0 0 1 2 2 0 2 0 1 3 0 1 1 2 1 1 0 3 0 1 1 1 1 0 0 2 1 1 1 1 0 2 1 1 0 1 2 0 0 3 0 0 1 2 0 3 0 2 1 0 1 2 0 2 1 0 0 2 1 0 1 1 2 0 0 3 0 0 0 3 0 3 0 1 0 1 2 0 2 0 0 1 1 3 0 1 0 3 0 2 2 0 1 1 1 0 2 0 1 2 0 2 2 0 0 3 0 2 2 0 1 1 0 2 0 1 1 0 0 2 0 3 0 0 1 2 2 0 0 2 1 1 1 2 1 2 0 1 1 2 0 3 0 0 0 1 0 2 1 3 0 0 1 1 0 2 1 1 0 1 0 3 0 2 2 0 0 0 0 0 1 0 1 1 0 0 0 1 1 1 0 2 0 3 0 2 1 3 0 0 0 0 1 0 0 0 0 2 1 0 2 0 1 0 1 2 1 1 1 2 0 0 1 3 0 3 0 2 2 0 1 0 2 0 0 1 0 1 2 0 0 3 0 2 0 1 1 2 1 0 0 0 0 1 1 1 1 1 2 0 0 2 1 0 1 0 0 0 0 0
1 477 3 0 1 0 3 0 0 2 0 1 1 0 1 0 2 0 1 1 1 0 1 0 3 0 0 0 3 0 2 0 2 1 0 1 3 0 2 0 1 0 1 2 0 0 1 1 0 0 2 2 0 1 0 1 1 1 3 0 1 2 0 1 2 0 1 1 2 1 2 0 1 1 3 0 2 0 2 0 1 1 3 0 1 0 0 0 0 1 3 0 1 1 0 1 3 0 0 2 0 0 1 1 1 2 0 1 1 1 1 0 0 1 1 0 2 1 2 0 3 0 2 0 1 0 1 1 2 2 0 0 1 1 1 1 0 1 1 0 0 0 0 2 0 0 3 0 0 2 0 1 1 2 0 0 0 2 0 1 2 1 0 2 0 1 1 1 1 0 2 1 2 0 2 0 1 0 2 0 2 0 3 0 0 2 0 2 0 0 3 0 1 0 0 2 0 0 1 1 0 1 1 1 0 1 1 0 1 0 2 2 0 1 1 1 2 0 1 1 2 1 1 1 0 2 0 1 2 0 0 0 0 1 2 1 2 2 0 1 2 2 0 1 1 1 3 0 1 1 1 1 2 1 0 0 3 0 1 1 2 1 0 0 3 0 1 1 1 1 0 0 1 1 0 1 1 1 1 0 2 1 3 0 1 1 1 1 3 0 2 2 0 0 0 1 0 1 2 2 0 0 1 2 0 0 3 0 2 1 0 0 2 0 0 2 0 1 0 0 2 0 3 0 2 0 2 1 0 0 1 1 0 2 0 1 0 1 1 0 2 1 2 1 1 0 3 0 0 2 0 0 1 0 0 0 0 0 0 0 2 1 1 0 2 1 2 0 1 1 2 0 1 1 1 1 2 0 2 1 3 0 2 0 2 1 0 0 1 0 0 0 1 0 0 0 3 0 1 1 1 0 3 0 2 0 1 1 1 0 0 2 0 0 0 1 1 1 1 2 0 0 0 1 0 1 3 0 3 0 1 1 2 0 3 0 2 1 0 0 0 1 2 1 2 1 0 0 3 0 2 0 1 0 0 0 0 1 0 0 0 0 3 0 2 0 2 1 3 0 0 1 0 2 0 0 0 0 0
1 478 1 2 2 0 0 2 1 2 2 0 0 1 0 2 1 0 2 0 1 2 0 2 1 2 1 1 1 3 0 1 0 1 1 1 1 2 0 0 2 0 0 0 0 2 1 2 2 0 1 2 1 0 0 0 0 2 1 2 0 0 1 0 1 0 0 0 0 1 0 0 0 0 0 2 0 1 0 1 0 0 0 1 1 3 0 0 0 1 1 1 2 0 1 1 1 1 1 2 1 2 1 3 0 2 2 0 0 2 0 1 0 1 0 1 1 2 0 0 0 3 0 0 2 0 0 0 0 1 0 2 1 3 0 2 0 0 0 1 0 0 0 1 1 3 0 1 1 2 2 0 0 2 1 2 1 1 2 0 1 0 1 1 2 0 0 2 0 1 1 2 0 0 0 0 2 0 0 1 0 1 0 2 1 2 2 0 1 3 0 1 1 3 0 1 1 2 1 3 0 0 0 2 0 0 0 1 0 2 1 2 1 0 0 2 1 0 0 0 0 0 1 3 0 0 2 0 0 3 0 0 0 1 1 1 0 1 1 0 1 1 1 0 0 2 1 1 2 0 2 0 0 0 1 0 1 3 0 0 0 0 1 0 1 2 2 0 1 2 2 0 0 3 0 0 0 2 0 1 1 2 0 1 2 0 2 0 0 2 0 2 0 2 1 1 0 0 1 1 0 2 2 0 0 3 0 2 0 1 1 0 1 0 1 2 1 3 0 3 0 0 0 3 0 1 0 1 1 0 0 3 0 0 2 0 0 0 0 1 1 2 0 0 1 2 1 2 1 2 1 2 1 2 0 0 0 0 0 0 1 1 1 2 1 1 2 0 2 0 2 0 2 0 2 0 0 0 0 2 0 2 0 1 0 1 1 0 0 2 0 0 0 2 0 0 1 2 2 0 1 2 1 3 0 0 2 0 1 2 0 1 1 2 1 1 0 2 0 2 1 2 1 1 0 0 1 2 0 3 0 0 0 0 0 3 0 1 1 0 0 1 1 1 0 0 1 0 1 3 0 0 1 3 0 0 0 0 2 0 0 0 1 3 0 1 0 2 0 1 1 2 0 0 1 2 1 0 0 0
1 479 1 1 1 0 3 0 1 0 1 0 2 1 2 1 1 1 1 2 0 1 0 0 2 0 0 2 0 0 1 1 3 0 3 0 2 0 3 0 1 1 2 1 0 1 2 0 1 1 0 1 0 1 0 0 0 1 1 2 0 1 1 2 0 2 0 0 0 0 2 0 0 0 0 1 0 1 3 0 2 0 0 1 0 0 1 1 1 0 3 0 2 2 0 0 2 0 2 1 1 0 1 0 2 0 2 0 2 2 0 1 3 0 2 0 3 0 3 0 0 1 2 1 2 1 2 1 0 0 2 1 2 0 2 0 0 1 1 0 2 0 0 1 0 0 2 0 0 0 1 0 3 0 1 0 0 2 0 1 0 0 0 0 2 1 2 2 0 2 0 2 0 1 1 0 1 1 2 1 2 0 2 1 2 0 1 1 0 1 2 0 0 0 2 0 0 0 1 0 1 1 1 1 0 1 1 0 2 1 2 0 0 1 0 1 1 1 0 0 0 0 1 1 1 1 2 1 3 0 1 1 1 0 3 0 1 0 3 0 0 0 1 2 0 1 1 2 0 1 0 1 2 1 1 0 0 1 1 1 1 0 1 0 0 1 1 1 0 1 1 0 3 0 1 1 1 1 1 0 0 0 0 0 0 1 0 1 3 0 0 0 1 0 1 1 2 0 1 0 1 1 2 0 3 0 2 0 0 2 0 1 1 0 0 1 1 0 2 0 2 1 1 1 2 1 3 0 2 2 0 1 2 1 2 1 2 1 0 0 3 0 3 0 1 1 1 0 1 0 1 0 0 2 0 1 1 0 0 0 1 0 2 1 0 2 0 1 0 2 0 2 0 2 0 1 2 1 0 1 1 0 0 1 3 0 2 2 0 1 0 1 1 1 0 1 2 1 1 1 0 1 1 0 1 1 2 2 0 1 0 0 0 0 0 1 2 1 1 0 2 0 0 1 2 0 1 1 0 0 2 1 1 0 0 1 2 2 0 1 0 0 3 0 1 0 1 0 0 1 1 1 2 1 1 1 1 0 1 1 2 1 1 1 1 2 0 0 0 2 0 2 0 1 2 1 0 1 0 0 0
1 479 3 0 1 1 2 1 3 0 2 1 2 0 0 1 3 0 2 1 3 0 2 2 0 1 2 1 2 2 0 0 2 0 3 0 1 0 3 0 0 0 0 1 1 0 3 0 2 2 0 2 0 2 0 0 1 0 2 2 0 0 2 2 0 1 2 1 0 1 0 1 1 0 1 0 0 1 2 0 0 1 1 2 0 0 3 0 1 1 3 0 2 0 3 0 0 0 1 1 2 0 2 1 1 0 1 0 2 1 0 1 2 0 1 0 3 0 2 1 2 1 1 0 1 0 0 1 0 1 2 0 0 0 0 1 2 0 1 1 0 1 1 2 0 1 0 1 1 0 2 1 2 1 3 0 1 1 3 0 2 1 0 1 2 0 1 1 0 2 0 2 0 0 1 1 0 0 1 0 0 0 1 2 0 2 0 1 1 0 3 0 0 1 0 1 1 0 2 0 3 0 2 0 0 0 1 1 1 2 0 1 2 0 0 0 1 2 0 0 0 0 3 0 2 1 1 0 1 2 0 1 2 1 2 2 0 0 2 1 1 1 0 1 0 0 2 2 0 0 0 1 0 1 2 0 1 0 2 0 1 0 2 0 1 0 2 0 0 0 1 1 2 2 0 1 3 0 1 0 0 0 0 0 1 0 0 1 1 1 1 0 2 0 3 0 3 0 2 1 0 0 0 0 3 0 0 1 2 2 0 0 1 0 1 0 1 1 1 0 1 2 0 0 1 0 2 0 2 1 0 1 1 0 1 0 0 1 0 1 3 0 2 2 0 1 2 0 2 0 2 0 1 2 0 0 1 0 0 0 2 1 1 1 1 2 0 0 0 2 0 2 0 2 0 1 0 1 1 0 1 0 1 1 2 0 2 1 0 0 0 0 2 0 0 1 0 1 3 0 0 0 1 1 0 0 1 0 3 0 2 1 0 0 1 1 0 1 2 1 0 1 2 0 3 0 2 2 0 1 1 1 2 0 1 1 1 0 3 0 3 0 1 1 3 0 2 0 1 0 2 1 0 1 3 0 1 1 0 0 0 1 3 0 2 1 2 1 1 2 0 2 0 1 0 1 0 2 0 0 0
1 480 1 3 0 0 0 1 0 2 0 1 2 0 1 2 1 2 0 2 0 2 0 2 1 0 1 1 0 1 0 3 0 0 0 2 2 0 0 2 1 1 0 1 0 1 1 3 0 2 1 0 2 0 1 2 1 2 1 2 0 3 0 1 1 0 1 0 1 1 0 0 0 1 0 2 0 1 0 3 0 1 0 2 1 3 0 2 0 0 0 2 0 1 0 2 1 1 1 0 0 0 0 1 1 2 0 2 1 1 1 1 0 3 0 2 1 3 0 2 0 0 1 2 0 2 0 1 0 0 0 3 0 0 0 1 0 3 0 3 0 0 0 2 2 0 0 0 0 1 1 2 0 1 0 2 0 0 0 2 0 1 1 1 0 3 0 3 0 0 2 0 1 2 1 2 2 0 0 2 0 0 1 0 1 0 2 0 0 1 1 2 1 2 0 0 0 1 1 1 0 3 0 0 1 1 0 3 0 2 2 0 0 3 0 0 1 0 0 2 1 0 1 3 0 1 1 2 1 0 1 0 1 1 0 1 0 3 0 0 1 2 2 0 2 0 1 2 0 2 1 1 0 0 0 3 0 2 1 0 2 0 0 0 2 0 0 0 1 1 1 0 0 1 1 0 1 1 1 3 0 0 0 0 0 2 0 1 0 2 0 1 1 1 0 3 0 3 0 1 1 0 0 0 1 2 1 2 1 1 0 2 1 2 0 2 0 3 0 1 1 0 0 2 1 2 1 1 0 1 1 1 0 1 0 2 0 1 0 0 1 2 0 2 1 0 1 0 0 1 0 1 0 0 0 2 1 2 0 0 1 1 1 3 0 2 1 2 1 1 2 0 2 0 2 0 0 0 0 1 0 2 1 0 0 0 0 1 1 0 0 0 1 0 1 2 0 0 1 1 1 1 0 2 2 0 0 2 1 3 0 1 1 0 0 3 0 0 1 0 1 1 1 0 0 3 0 2 1 0 0 2 0 3 0 3 0 1 1 3 0 3 0 0 0 2 0 0 2 0 0 1 1 1 1 1 2 0 1 0 0 1 1 2 0 2 0 0 2 0 1 0 2 0 0 0 0 0 1 2 1 0
1 481 1 1 1 1 1 0 2 1 1 0 0 1 0 1 1 0 0 0 1 0 1 0 1 1 1 0 1 0 2 1 2 1 1 1 2 0 3 0 0 1 2 0 2 1 0 0 2 0 1 1 1 2 0 1 1 0 1 0 0 0 2 2 0 1 1 0 0 0 1 0 0 0 2 1 0 2 0 0 2 2 0 0 2 0 2 0 0 1 1 1 0 2 0 0 1 1 2 2 0 0 0 1 0 0 0 0 1 1 3 0 1 1 3 0 2 0 2 0 0 1 2 1 0 0 0 1 3 0 0 1 2 1 1 0 2 1 3 0 2 1 1 1 2 0 2 1 0 0 3 0 3 0 2 1 0 1 1 1 0 2 0 1 2 1 3 0 2 1 2 2 0 1 1 0 1 0 2 2 0 1 2 0 0 0 0 1 2 2 0 0 0 2 0 1 1 0 3 0 1 1 2 1 2 0 1 1 3 0 2 0 3 0 1 1 1 2 0 1 1 1 1 1 2 0 0 0 0 1 1 0 0 0 1 0 2 1 2 1 2 1 1 1 0 2 0 1 0 0 1 1 2 0 0 1 3 0 1 1 1 1 2 1 1 1 2 1 1 0 1 2 0 0 3 0 0 0 2 1 1 1 1 0 0 1 0 2 0 0 0 2 0 1 2 1 3 0 2 2 0 1 0 0 1 1 1 0 0 1 2 1 2 0 0 0 1 0 2 2 0 1 0 1 2 0 0 1 2 0 3 0 1 0 2 1 0 1 3 0 1 1 0 0 1 1 0 2 0 0 2 0 2 0 0 1 1 2 0 1 2 0 2 1 2 0 2 0 0 2 0 1 0 2 0 1 2 1 0 0 2 1 1 1 0 0 0 0 2 2 0 0 1 0 0 0 3 0 1 0 2 0 1 1 2 0 3 0 1 0 1 2 0 1 0 1 2 1 2 0 0 0 1 2 0 1 3 0 1 1 0 1 1 0 3 0 3 0 0 0 2 0 2 1 1 1 0 1 2 1 2 1 3 0 2 0 2 1 3 0 2 2 0 0 0 0 0 1 2 2 0 0 0 1 2 1 0 0 1 1 0 1 0
1 481 3 0 2 0 1 1 1 1 2 0 1 0 0 0 1 0 0 0 2 0 2 0 3 0 1 0 2 1 2 0 0 2 0 0 0 0 2 1 2 1 0 0 1 1 0 1 0 2 0 2 0 1 0 0 1 0 2 0 0 1 2 1 0 0 1 0 0 0 2 0 0 1 1 1 1 1 3 0 1 0 3 0 0 0 0 1 2 0 2 0 0 1 2 2 0 0 1 0 2 1 0 2 0 0 0 1 0 0 2 0 0 0 2 0 1 0 0 1 2 1 0 1 0 0 1 1 1 1 2 1 0 1 2 1 2 0 2 0 1 2 0 0 0 0 1 1 0 1 3 0 3 0 1 1 1 0 2 0 0 2 0 1 1 0 2 0 2 0 1 1 0 0 1 0 2 1 2 1 0 0 3 0 0 0 1 1 1 0 2 1 1 2 0 0 1 1 3 0 0 0 1 0 0 0 0 0 2 0 1 0 2 2 0 2 0 1 0 0 2 0 2 0 3 0 0 0 1 0 1 0 0 0 2 1 2 0 1 0 0 1 3 0 0 1 3 0 2 1 3 0 3 0 1 1 1 2 0 2 0 0 0 2 0 0 0 1 2 1 0 0 3 0 1 1 1 1 1 1 3 0 1 0 1 0 0 1 2 1 1 2 0 1 1 0 2 0 2 0 3 0 2 1 3 0 1 0 1 1 0 2 0 1 1 0 2 1 2 1 0 0 0 0 3 0 1 1 0 0 2 2 0 0 1 1 1 1 1 2 0 1 0 0 3 0 0 1 3 0 0 0 0 1 2 0 2 2 0 1 0 0 2 0 0 0 0 1 2 2 0 0 0 2 0 1 0 1 0 1 1 1 2 2 0 0 0 1 2 0 2 1 2 0 0 1 2 2 0 0 1 0 0 0 0 0 2 2 0 0 0 1 0 0 0 1 0 2 0 1 1 1 0 1 0 1 1 2 0 1 1 0 1 1 3 0 2 1 1 1 1 0 1 1 3 0 0 1 1 0 1 0 2 0 1 0 2 0 2 0 2 0 2 1 0 0 1 1 1 0 2 1 1 1 0 1 0 0 2 2 0 2 0
0 482 1 3 0 0 2 0 1 3 0 3 0 2 0 0 0 2 0 0 1 1 0 1 0 2 2 0 0 1 2 0 1 2 1 2 1 0 1 2 0 0 1 0 0 3 0 0 0 0 2 0 1 3 0 2 1 2 1 0 1 2 1 0 1 0 0 2 0 0 1 0 1 2 0 2 0 2 1 1 2 0 0 2 1 1 0 1 1 0 0 0 1 2 1 1 0 2 1 2 1 1 1 1 1 2 1 0 2 0 1 0 1 1 1 0 1 3 0 1 1 0 1 0 2 0 0 3 0 2 1 0 1 1 1 1 0 0 0 1 0 0 0 2 1 0 0 3 0 0 1 2 0 2 2 0 1 2 1 0 1 2 2 0 0 1 1 1 0 0 2 0 1 0 0 2 1 2 0 0 1 0 1 2 1 1 0 3 0 1 1 1 2 0 0 2 2 0 0 1 1 1 0 2 0 0 0 0 1 0 2 0 0 2 1 0 1 3 0 3 0 0 0 1 0 2 1 1 0 2 0 2 0 0 1 1 2 0 1 3 0 1 1 1 1 2 1 2 0 2 0 2 0 2 2 0 2 0 1 0 1 2 1 1 1 2 1 1 1 0 1 0 1 2 2 0 1 3 0 2 1 1 1 3 0 2 0 1 1 0 2 0 1 0 0 1 1 1 0 1 0 3 0 2 0 1 1 3 0 3 0 0 2 0 0 1 1 2 0 0 1 0 0 0 1 2 2 0 1 0 1 2 0 2 1 3 0 2 0 2 1 3 0 3 0 1 1 2 1 1 1 1 0 1 1 0 0 2 0 3 0 2 2 0 1 1 0 1 1 1 0 2 1 1 2 0 0 0 0 0 0 2 1 1 0 2 1 1 1 0 0 1 2 0 1 2 1 1 0 2 1 2 0 0 0 0 1 2 0 2 1 0 2 0 0 1 0 0 2 0 0 2 0 0 0 0 0 2 2 0 0 1 1 0 0 2 0 1 1 3 0 1 1 0 0 1 1 2 0 1 0 2 1 0 2 0 0 1 0 1 0 1 0 1 1 0 0 3 0 1 1 1 1 2 2 0 2 0 1 2 1 0 1 2
1 483 1 1 1 1 2 2 0 1 2 0 3 0 0 1 1 1 0 1 2 0 1 0 2 1 2 0 2 2 0 1 0 1 1 0 0 1 1 0 3 0 0 2 0 1 2 1 1 0 1 2 0 1 2 0 2 0 0 1 1 1 0 1 0 2 0 1 0 1 2 0 0 1 0 0 1 0 1 2 0 0 3 0 0 1 2 0 2 2 0 0 1 1 0 1 2 1 2 0 0 1 3 0 2 1 0 1 1 2 0 0 0 0 2 0 0 1 1 2 0 1 1 0 0 1 3 0 2 0 1 1 1 0 2 0 1 0 0 0 2 0 0 1 1 1 0 1 2 1 2 1 0 0 2 1 0 1 0 1 1 1 1 0 2 1 3 0 1 0 1 1 3 0 3 0 0 2 0 1 2 0 0 1 0 1 2 1 2 2 0 2 0 0 3 0 1 0 2 1 3 0 1 1 0 1 1 0 1 0 0 1 3 0 0 1 1 1 2 0 2 1 1 0 2 1 1 1 2 1 1 0 0 1 2 0 2 2 0 1 1 2 0 2 0 0 1 0 0 0 1 0 1 0 2 1 0 2 0 0 0 1 0 2 0 0 0 1 3 0 0 0 0 1 1 1 0 1 2 0 1 2 0 0 2 0 0 2 0 1 1 1 3 0 2 1 3 0 1 0 2 1 3 0 1 0 0 0 2 0 2 1 2 1 2 1 3 0 3 0 0 2 0 0 1 1 1 1 0 0 0 1 0 0 2 0 2 0 1 0 2 0 2 0 3 0 0 0 0 1 3 0 1 0 2 2 0 1 1 0 3 0 2 1 0 0 1 0 3 0 1 1 1 2 0 0 2 1 0 0 0 1 1 1 2 1 1 1 2 2 0 1 0 1 0 1 0 1 2 1 1 2 0 1 1 0 1 1 0 0 1 1 1 1 2 1 2 0 1 1 2 2 0 1 1 0 0 1 2 0 2 1 2 2 0 1 1 0 0 0 1 2 0 1 0 0 3 0 3 0 2 1 1 1 1 1 2 1 2 0 2 0 2 0 2 2 0 1 2 2 0 2 0 0 1 1 0 2 0 1 0 1 1 1 0
1 483 3 0 2 1 1 1 0 1 0 0 2 1 2 0 2 0 0 0 3 0 2 1 2 0 0 0 2 1 0 0 0 0 1 0 1 0 1 1 2 1 2 2 0 1 0 1 2 1 0 1 0 1 0 0 0 1 2 0 2 0 0 0 0 2 0 0 0 0 3 0 0 2 0 0 2 1 0 0 3 0 1 1 2 1 0 0 2 0 2 1 3 0 0 1 0 2 0 1 2 1 2 0 1 1 1 0 2 1 2 1 0 1 0 1 2 0 2 2 0 0 1 0 1 1 2 0 0 2 0 1 2 1 0 1 3 0 0 1 0 1 2 0 2 0 0 1 1 0 0 1 0 1 1 1 1 0 0 0 2 0 1 1 2 0 1 2 0 0 0 0 2 0 2 1 2 2 0 0 3 0 1 0 0 1 1 0 1 1 0 1 3 0 1 2 0 0 2 0 1 2 0 1 1 0 1 0 2 0 1 1 1 1 2 0 2 1 0 0 1 1 2 1 1 2 0 0 0 1 2 0 1 1 0 0 2 1 0 0 2 2 0 1 2 1 2 0 0 0 2 0 2 1 1 1 1 1 2 1 1 0 0 1 2 1 1 1 1 1 1 0 1 0 2 0 0 1 0 0 0 0 2 2 0 1 2 2 0 0 2 1 2 0 2 0 1 2 0 0 2 0 1 1 3 0 0 1 1 0 2 0 1 0 1 0 2 0 2 1 2 1 2 1 3 0 1 2 0 0 0 2 0 1 1 0 0 2 0 0 1 0 1 0 2 1 1 0 1 1 1 2 0 0 2 1 0 0 1 1 3 0 1 1 0 0 2 1 2 2 0 2 0 0 3 0 0 1 0 0 1 0 2 1 0 2 0 0 1 1 0 0 0 0 0 0 0 1 0 2 0 1 0 0 1 0 2 2 0 0 3 0 2 1 1 0 0 0 0 0 1 1 0 0 1 0 1 1 0 0 2 0 1 1 0 0 1 0 0 1 0 0 3 0 3 0 2 0 3 0 1 1 3 0 2 1 1 0 0 0 1 0 1 0 2 1 0 1 1 1 0 1 2 1 3 0 0 2 0 0 0 0 1 2 0
1 484 1 3 0 1 1 2 2 0 2 0 1 2 0 0 0 0 1 1 1 3 0 1 2 0 1 1 1 1 1 0 0 0 0 2 0 2 1 0 0 1 0 1 1 0 0 0 1 0 1 0 2 0 2 0 0 1 1 0 0 0 1 1 0 1 1 2 1 0 1 2 1 2 1 3 0 0 1 0 1 3 0 0 0 0 1 0 1 1 0 2 0 1 1 2 0 0 2 0 1 0 2 0 2 0 1 2 1 2 0 0 1 1 0 0 1 0 0 2 0 2 1 2 0 3 0 3 0 1 2 0 1 0 1 1 1 1 1 2 0 0 1 0 0 0 1 2 0 1 0 1 0 0 0 2 0 1 0 0 1 1 0 0 0 0 0 0 0 2 1 0 1 1 0 2 0 1 0 3 0 1 1 3 0 1 0 1 0 3 0 0 1 2 0 0 0 3 0 0 0 0 1 0 0 1 0 2 1 0 2 0 2 0 0 0 0 1 1 0 1 0 0 0 2 0 0 2 1 1 0 3 0 2 2 0 1 1 1 0 1 2 1 0 1 0 2 0 1 1 1 1 0 1 1 3 0 2 1 0 1 2 0 1 1 0 1 3 0 2 0 1 0 2 1 0 1 1 2 0 0 0 1 2 1 0 1 1 0 3 0 1 0 0 0 1 0 0 0 3 0 0 0 0 0 1 1 2 0 1 1 0 1 3 0 2 1 1 0 2 0 1 0 1 0 2 0 0 0 2 1 1 2 0 0 1 0 1 1 2 1 2 0 2 1 1 1 2 0 3 0 2 1 3 0 0 1 0 1 0 0 1 2 0 1 0 1 2 0 1 1 0 1 3 0 1 1 1 2 0 0 2 1 1 1 1 1 2 1 2 2 0 0 0 0 0 0 1 0 0 1 3 0 2 1 2 1 2 0 3 0 2 0 1 1 2 0 0 0 0 0 2 2 0 0 2 0 2 2 0 1 0 2 0 1 0 0 2 0 0 2 0 1 3 0 3 0 1 0 3 0 0 0 2 0 1 1 2 0 0 0 2 0 2 1 1 1 1 0 2 0 0 1 1 0 1 1 2 1 2 1 0 1 0 0 2
0 485 1 1 2 0 0 0 1 1 0 2 0 0 3 0 0 0 1 0 2 1 2 0 0 1 0 0 2 0 1 2 0 0 0 1 1 0 1 1 0 0 2 0 2 2 0 0 1 0 0 0 0 2 0 1 2 1 2 2 0 0 1 0 1 1 0 0 0 1 1 1 1 0 1 0 1 1 2 0 0 1 1 1 1 0 1 0 0 0 1 1 0 2 0 2 0 1 2 2 0 0 0 2 0 2 0 1 0 2 0 1 2 0 1 0 0 2 0 1 1 0 2 0 0 0 3 0 3 0 0 1 0 0 0 0 2 0 2 0 3 0 0 2 0 0 1 0 3 0 2 0 2 0 0 1 0 1 3 0 1 0 1 0 0 0 0 0 0 1 1 1 1 0 1 1 0 2 0 0 3 0 0 0 1 1 3 0 2 1 2 1 2 0 3 0 0 1 2 1 1 0 0 2 0 0 2 1 1 1 1 2 0 1 2 1 0 0 2 2 0 2 0 0 1 1 3 0 0 1 2 1 3 0 2 1 0 0 2 0 0 1 0 1 1 0 0 2 0 0 2 0 1 1 0 0 2 0 1 1 1 0 3 0 3 0 0 1 2 0 0 2 0 0 1 1 1 0 2 1 2 1 1 1 0 1 1 0 1 1 2 1 3 0 0 0 2 0 0 1 2 1 1 0 0 0 3 0 3 0 3 0 0 1 2 0 1 1 2 1 0 1 3 0 2 1 0 1 1 1 1 2 0 0 2 1 2 1 0 0 1 0 0 0 1 2 0 0 0 0 3 0 2 0 1 1 1 2 0 2 0 1 0 1 0 0 0 0 3 0 3 0 0 1 1 2 0 2 0 0 3 0 0 1 3 0 2 1 1 0 1 0 2 1 0 0 0 0 2 0 1 1 2 0 2 0 1 0 0 0 3 0 0 2 0 2 0 1 1 0 0 1 2 0 3 0 0 0 2 1 0 0 0 1 3 0 2 2 0 1 2 2 0 1 2 0 2 2 0 0 2 1 1 1 0 2 0 2 0 1 1 1 1 0 1 1 3 0 1 1 0 1 2 0 1 1 0 0 1 0 0 1 0 2 0 1 1
0 485 3 0 3 0 0 0 3 0 0 1 3 0 1 1 1 0 2 1 1 2 0 1 1 2 0 1 1 0 0 0 2 1 1 0 1 0 2 2 0 1 1 0 2 0 2 1 2 0 0 0 1 2 0 1 1 0 1 0 2 1 2 0 2 2 0 0 1 0 2 0 1 0 2 0 3 0 3 0 1 0 2 0 1 0 2 0 0 0 3 0 0 2 0 2 0 1 1 0 2 1 1 2 0 2 0 0 0 2 0 0 3 0 2 0 1 2 0 0 1 1 0 1 1 1 3 0 2 1 1 2 0 0 0 1 1 0 1 0 2 1 2 1 2 1 2 1 3 0 1 0 0 1 2 0 0 1 1 1 3 0 2 0 0 0 0 0 1 0 2 0 1 0 3 0 0 1 3 0 1 1 1 1 0 0 2 0 2 0 1 0 0 0 2 1 2 1 0 1 2 0 1 1 3 0 0 1 3 0 2 2 0 1 0 1 0 1 2 1 0 1 2 2 0 0 1 1 2 1 1 0 2 0 1 1 0 1 0 1 2 0 0 0 1 0 1 1 2 2 0 2 0 1 0 1 0 2 0 1 2 1 3 0 2 1 2 0 3 0 1 1 2 1 3 0 1 1 2 0 0 1 3 0 0 0 1 1 0 0 1 0 1 1 1 1 0 1 2 1 0 1 2 0 0 1 3 0 3 0 2 1 2 1 0 0 0 0 0 1 1 1 2 0 1 1 1 0 2 0 2 1 3 0 1 0 0 1 0 0 2 0 0 1 0 0 2 1 0 1 3 0 0 2 0 2 0 1 0 1 3 0 3 0 2 1 0 1 3 0 2 1 2 0 2 2 0 1 3 0 1 1 2 1 2 0 1 1 2 0 2 1 1 1 0 0 0 1 1 0 0 0 0 0 0 1 3 0 0 1 2 1 2 2 0 2 0 0 1 0 1 1 0 0 2 1 1 1 1 1 0 0 1 1 2 0 2 1 0 1 1 1 0 1 0 0 2 0 3 0 0 1 3 0 0 2 0 2 0 0 2 0 1 1 0 0 1 2 0 1 1 0 3 0 2 2 0 0 2 0 1 0 0 2 0 0 1
1 486 1 3 0 2 1 1 1 2 1 2 1 1 2 0 1 2 1 1 2 0 1 0 0 2 2 0 0 1 0 0 1 1 1 2 0 2 1 2 1 0 0 1 1 1 0 1 2 0 1 1 1 0 1 0 0 1 0 2 1 2 0 0 0 2 0 2 1 2 1 0 2 0 0 1 0 3 0 2 2 0 0 0 2 0 0 0 1 1 1 2 1 2 2 0 2 0 0 1 1 1 2 0 1 0 1 2 1 1 1 3 0 2 0 1 0 0 0 2 1 3 0 0 0 2 1 2 0 1 2 0 0 2 1 1 0 1 0 2 1 2 0 1 0 1 0 1 0 1 1 3 0 1 0 3 0 1 0 2 1 2 0 0 1 1 0 0 0 2 1 0 2 0 0 2 1 2 1 1 2 0 1 2 2 0 1 1 0 0 1 3 0 0 1 2 0 0 1 1 1 0 0 0 0 1 1 2 1 2 0 2 1 0 0 0 0 0 1 0 1 1 1 1 0 2 2 0 0 0 1 2 1 0 2 0 1 1 0 0 0 3 0 0 0 2 1 0 0 1 1 0 2 0 0 0 0 0 2 0 1 1 0 2 0 2 0 0 0 3 0 0 0 1 0 1 2 0 2 0 1 2 1 1 1 1 0 2 2 0 0 2 0 3 0 2 0 0 1 0 1 1 0 3 0 1 1 2 0 3 0 2 0 0 1 0 0 0 0 1 0 2 0 3 0 3 0 1 1 1 0 2 0 1 1 3 0 0 2 0 1 0 1 1 2 0 1 1 1 1 1 1 1 2 2 0 2 0 0 0 1 2 0 3 0 1 1 1 1 2 0 2 0 0 0 2 1 0 1 2 0 0 0 1 0 0 0 0 0 0 0 1 1 2 2 0 0 1 0 1 0 0 0 0 0 1 1 1 1 2 1 1 0 1 1 0 1 2 1 2 0 2 2 0 1 1 1 3 0 1 2 0 1 0 0 0 0 1 1 1 0 1 2 0 2 0 1 1 0 2 1 2 1 1 1 2 2 0 1 2 2 0 2 0 1 0 1 0 1 0 0 1 1 3 0 2 0 2 2 0 1 3 0 1 1 2 1 2
0 487 1 1 2 0 1 2 0 0 1 0 0 2 0 1 0 1 0 2 0 0 3 0 3 0 1 0 2 1 2 0 1 0 2 1 0 0 2 0 0 1 0 0 3 0 1 1 0 1 0 0 1 2 0 2 0 0 2 1 1 2 0 1 1 1 1 0 2 0 0 1 1 1 2 1 2 1 3 0 2 0 2 1 1 1 2 1 1 0 2 1 1 0 1 1 0 1 2 1 3 0 2 2 0 0 0 1 0 2 0 0 2 0 0 1 3 0 0 1 2 0 1 1 1 1 2 0 0 0 0 0 3 0 0 1 2 0 2 1 1 2 0 1 3 0 2 0 2 1 0 0 1 2 0 0 2 2 0 0 1 2 0 1 2 0 1 0 0 1 1 1 1 1 3 0 1 0 0 2 0 1 0 1 1 1 0 0 1 0 1 1 1 1 2 0 3 0 1 0 1 2 0 0 0 1 0 0 1 0 0 0 1 1 0 0 0 0 1 0 0 0 2 0 1 1 2 0 2 1 1 1 0 1 1 2 0 0 1 0 0 1 2 1 1 1 1 1 0 0 3 0 0 1 2 1 0 0 1 2 0 0 1 1 1 0 0 1 1 1 2 1 1 0 2 1 0 1 0 2 0 1 0 1 3 0 1 1 2 0 3 0 0 0 3 0 0 1 2 0 0 0 1 1 3 0 0 0 0 0 3 0 0 1 1 2 0 0 0 0 2 1 1 0 3 0 2 2 0 1 2 1 1 0 0 0 1 1 2 2 0 0 0 0 2 2 0 0 2 0 2 0 2 1 1 1 0 1 2 1 1 1 0 0 2 2 0 2 0 0 0 0 0 1 1 1 1 1 1 0 3 0 0 0 2 0 0 0 0 0 0 1 0 0 1 0 2 1 2 0 2 0 0 0 0 0 3 0 2 1 0 1 2 0 3 0 0 1 1 0 0 0 2 1 0 0 2 1 2 0 0 0 3 0 2 1 0 0 3 0 1 1 0 1 0 2 0 0 1 1 2 0 0 2 0 0 1 1 0 1 1 1 0 1 3 0 3 0 3 0 2 2 0 0 2 0 1 0 2 1 0 1 2 0 0 0 1 0 0
0 488 1 0 0 0 0 0 0 2 1 2 0 1 2 0 0 0 0 0 1 3 0 2 0 2 2 0 0 1 2 0 2 0 0 1 1 0 1 0 1 1 2 0 1 2 2 0 1 0 2 0 1 0 1 0 1 3 0 0 2 0 1 0 0 2 0 1 1 0 1 2 0 2 1 1 0 1 0 2 0 1 0 1 2 0 0 0 1 2 1 1 1 2 0 3 0 0 1 1 0 2 0 2 0 2 1 1 0 0 1 2 2 0 1 2 1 1 1 2 0 3 0 3 0 2 0 3 0 0 0 0 1 2 1 2 1 0 0 1 2 0 1 0 1 2 0 1 0 1 1 0 1 0 0 3 0 1 0 2 2 0 1 0 0 3 0 2 0 1 0 2 0 2 1 1 1 3 0 1 2 0 0 0 0 1 2 0 0 2 0 3 0 2 1 0 0 2 2 0 0 0 0 2 1 0 2 0 0 2 0 0 0 2 2 0 0 0 0 2 0 0 1 1 0 0 0 0 0 1 1 3 0 0 0 2 1 2 1 2 0 1 1 0 1 3 0 1 2 0 1 2 1 2 1 0 1 0 1 0 0 2 1 3 0 1 0 1 0 2 1 0 1 2 1 1 1 1 0 0 2 0 0 0 1 2 0 0 0 0 0 2 1 1 1 2 1 2 0 3 0 0 1 0 0 1 1 1 0 0 1 2 1 2 0 2 1 2 1 0 1 1 1 2 1 3 0 2 1 0 1 0 1 2 0 0 1 0 0 1 0 2 1 0 1 2 0 3 0 0 0 1 0 1 1 3 0 0 1 0 1 2 2 0 1 2 1 0 1 2 1 0 0 1 0 2 0 2 0 1 1 2 1 1 1 0 1 1 0 0 0 0 2 0 0 2 1 2 0 0 0 0 1 1 0 0 1 3 0 1 1 1 1 0 0 2 1 2 0 1 0 0 1 1 1 0 1 1 2 0 1 1 1 3 0 1 1 0 1 2 2 0 1 1 0 0 1 2 1 3 0 3 0 1 1 2 1 3 0 0 0 2 0 0 1 2 0 3 0 3 0 2 0 2 2 0 2 0 0 1 1 1 0 3 0 0 0 2 0 0
0 488 2 0 0 0 0 0 1 2 0 0 0 0 0 2 1 0 0 1 1 2 0 1 0 2 0 2 2 0 1 0 1 2 1 3 0 0 0 0 0 2 2 0 1 1 1 0 0 0 2 0 0 0 0 0 1 1 1 2 1 3 0 2 2 0 2 0 1 1 1 0 0 1 1 2 0 2 1 0 2 0 0 0 0 2 1 1 1 0 2 0 0 0 0 2 1 2 0 1 1 1 0 1 0 1 1 2 0 1 1 1 1 0 1 0 2 0 0 0 0 3 0 3 0 1 0 2 1 1 0 1 1 1 0 0 1 0 1 0 1 0 0 0 0 3 0 2 0 2 2 0 2 0 1 2 2 0 0 2 0 3 0 3 0 2 0 0 2 0 0 1 0 1 2 0 0 2 0 0 0 2 1 0 1 0 0 3 0 0 0 3 0 1 1 0 1 2 0 2 1 0 1 1 1 1 1 2 2 0 1 1 1 2 0 2 1 0 1 0 1 2 0 1 0 0 0 0 1 0 0 1 1 1 1 2 0 0 2 0 2 0 1 1 1 2 0 0 1 0 1 1 0 0 1 0 2 0 2 0 1 2 0 1 1 3 0 2 1 1 1 1 1 0 1 3 0 1 0 1 1 2 1 1 0 3 0 0 0 0 1 1 2 0 0 1 0 0 0 2 1 1 2 0 0 3 0 1 0 1 1 1 0 0 0 2 0 0 1 1 0 2 1 1 0 2 0 1 1 1 0 0 0 3 0 0 2 0 0 2 1 1 1 1 1 0 0 2 1 1 0 2 1 0 0 1 1 2 0 0 1 1 1 0 1 0 1 1 1 0 1 0 0 2 1 1 0 1 0 0 0 0 1 3 0 0 0 1 0 0 0 1 1 3 0 0 2 0 1 1 0 1 0 1 0 1 1 1 2 0 1 2 2 0 1 1 2 0 1 3 0 1 0 2 0 0 0 2 2 0 0 2 1 1 2 0 1 1 1 1 1 0 0 1 0 1 1 1 0 2 0 3 0 0 0 1 0 1 1 1 1 0 1 2 1 0 0 3 0 3 0 1 0 2 1 0 1 2 1 3 0 1 1 2 1 1 1 0 1 1
0 489 1 1 2 1 0 0 1 0 3 0 0 0 0 1 1 1 0 0 3 0 3 0 2 1 1 0 2 1 0 0 0 1 1 0 1 1 1 0 0 1 2 1 0 0 1 2 0 0 1 1 2 1 0 0 1 0 2 1 1 0 2 0 2 1 0 2 0 0 1 2 0 1 0 0 0 0 1 1 1 1 2 1 0 1 1 1 3 0 0 1 2 1 0 1 1 2 0 2 0 1 2 0 2 0 3 0 3 0 3 0 2 0 0 0 0 1 2 1 0 1 3 0 2 2 0 0 1 1 2 0 3 0 1 0 0 2 0 2 0 2 0 0 0 1 3 0 1 0 2 1 0 2 0 1 1 0 3 0 0 0 3 0 3 0 0 1 2 1 2 1 2 1 0 0 2 2 0 1 1 1 1 1 0 2 0 1 2 1 1 1 2 2 0 1 1 1 0 0 1 1 1 0 2 0 2 1 1 1 0 0 2 1 0 0 1 1 1 0 0 0 3 0 2 0 0 0 0 2 0 0 3 0 2 0 3 0 1 2 0 2 0 0 2 0 3 0 1 0 0 0 1 0 1 0 0 2 0 2 0 1 0 0 0 0 2 0 1 1 3 0 2 0 0 1 1 2 0 0 0 0 0 1 2 1 2 1 1 0 1 0 2 1 2 1 2 0 0 1 1 2 0 0 3 0 1 1 3 0 3 0 1 0 0 1 0 1 2 0 1 1 1 1 2 1 0 2 0 1 2 0 0 1 2 1 2 1 3 0 0 1 3 0 1 2 0 1 1 1 2 1 1 1 0 0 3 0 3 0 1 0 2 0 0 0 0 0 1 2 0 2 0 1 1 1 2 0 2 0 0 0 1 1 1 1 1 0 2 0 0 1 0 0 1 1 2 2 0 0 1 0 2 0 2 0 3 0 2 2 0 1 1 1 0 0 2 2 0 1 1 2 0 0 0 1 1 1 2 0 3 0 0 2 0 1 0 0 2 0 1 2 0 0 2 0 3 0 1 1 1 0 2 1 1 0 2 0 3 0 2 0 0 1 0 1 0 1 3 0 2 2 0 0 1 1 1 1 1 0 2 0 0 0 0 1 3 0 0 0 1
1 490 1 0 0 0 1 0 0 2 1 2 1 1 0 1 0 1 2 0 1 3 0 3 0 1 1 2 1 1 1 0 0 1 0 1 0 3 0 1 0 1 1 0 1 0 1 0 0 2 2 0 0 0 1 0 0 2 1 1 1 2 1 1 0 1 1 1 1 2 2 0 0 3 0 2 1 0 0 3 0 2 1 0 1 1 0 2 1 1 1 2 1 0 1 1 0 2 2 0 2 0 1 0 0 1 0 3 0 3 0 3 0 0 1 1 0 1 1 0 1 1 1 2 0 2 0 2 2 0 0 0 0 2 1 3 0 1 2 0 2 0 1 2 1 1 1 1 2 0 0 1 1 1 2 0 0 1 1 2 1 1 1 3 0 2 1 2 1 1 0 1 0 0 1 0 1 2 1 0 0 2 0 2 0 0 2 0 1 0 2 0 0 1 1 0 0 1 2 0 0 3 0 1 1 1 0 1 1 2 2 0 1 1 1 0 0 3 0 1 0 0 1 3 0 0 1 1 0 1 1 3 0 2 0 1 0 3 0 0 1 0 1 3 0 0 0 2 1 3 0 0 0 2 0 2 0 1 2 0 1 3 0 2 1 0 1 1 0 0 0 2 0 0 1 2 0 2 1 2 1 0 0 1 1 1 0 0 1 2 0 2 1 2 0 0 2 0 1 2 0 2 1 3 0 2 0 0 0 2 0 2 1 3 0 1 0 0 0 3 0 3 0 2 1 0 1 1 2 0 0 3 0 1 1 1 0 1 0 1 1 2 1 2 0 0 1 0 0 2 1 0 1 2 2 0 1 3 0 2 2 0 0 0 1 1 0 0 1 0 1 0 2 0 0 2 1 0 0 0 1 1 0 3 0 2 0 1 1 0 1 1 2 0 1 0 0 1 0 2 1 2 1 1 0 1 0 3 0 2 1 0 0 1 2 0 1 2 1 0 0 2 1 2 1 1 0 2 1 0 0 2 1 2 1 3 0 3 0 0 0 0 0 3 0 0 0 2 2 0 1 2 1 1 1 2 1 1 0 3 0 0 1 2 0 0 0 0 1 2 0 2 0 2 1 3 0 2 0 1 1 0 1 1 0 1 1 1 1 1 0 2
0 490 2 0 0 0 2 0 1 2 0 0 1 2 0 2 1 0 1 0 1 2 0 3 0 0 0 0 1 2 2 0 0 2 0 2 1 2 1 3 0 2 2 0 2 0 2 0 1 2 0 2 1 0 2 0 1 1 2 0 0 0 1 2 0 3 0 2 1 1 0 3 0 2 0 1 1 0 1 3 0 1 1 1 0 1 1 1 2 0 0 0 1 1 0 1 1 2 1 0 1 3 0 2 1 2 1 3 0 3 0 2 1 2 0 1 0 3 0 0 0 2 1 0 0 1 0 2 0 2 1 0 1 2 0 2 0 0 1 0 2 0 1 0 1 3 0 2 1 2 1 3 0 2 1 2 2 0 0 0 2 0 0 2 0 2 0 0 1 2 0 2 0 1 0 0 1 0 1 0 1 1 0 0 1 2 2 0 0 0 1 2 1 2 2 0 1 0 0 3 0 1 2 0 1 2 1 0 0 1 1 0 0 1 2 0 1 2 1 3 0 1 1 1 1 2 0 1 1 0 0 2 0 0 2 0 0 2 1 2 0 0 1 1 1 1 1 2 0 1 1 1 1 1 0 1 0 0 1 0 1 2 0 1 1 1 0 1 0 0 1 0 1 2 1 0 0 2 0 0 1 0 0 3 0 1 0 1 1 0 0 1 2 0 1 2 2 0 1 0 0 2 0 2 0 0 1 1 1 1 0 2 0 1 1 3 0 0 1 3 0 3 0 1 1 1 0 2 1 3 0 1 2 0 1 2 0 2 1 0 0 0 2 0 1 1 2 0 1 1 1 1 1 1 1 0 1 2 0 2 0 2 1 1 0 1 0 1 0 0 0 0 1 3 0 0 1 0 0 1 0 1 1 3 0 0 2 0 1 1 0 2 1 3 0 2 1 2 1 2 0 0 1 2 0 2 1 3 0 1 1 0 1 0 1 0 1 0 1 0 1 2 0 0 1 2 1 1 1 0 1 2 0 1 0 2 0 2 1 1 0 0 1 2 1 1 1 2 1 0 1 0 2 0 0 0 1 2 1 2 1 2 0 3 0 0 0 1 1 0 0 1 0 2 0 2 0 0 2 0 1 1 0 1 0 3 0 2 0 1 1 1
0 491 1 1 2 1 1 2 0 0 3 0 1 1 0 0 1 1 1 0 0 1 0 0 2 1 1 0 1 1 1 0 3 0 0 0 2 0 1 0 2 0 2 1 0 2 0 2 0 1 0 0 1 1 1 2 0 0 2 1 2 1 1 1 0 0 3 0 1 1 2 1 3 0 0 2 0 1 1 1 1 2 0 1 2 0 3 0 2 1 2 1 1 0 1 1 0 0 0 1 1 1 2 0 2 0 1 0 2 0 3 0 1 2 0 2 0 0 2 1 1 1 1 1 0 0 2 1 1 0 1 1 1 1 0 0 0 1 2 0 0 2 0 0 0 1 2 0 2 0 1 0 2 0 2 0 1 0 2 1 1 1 3 0 0 0 0 1 2 1 0 0 0 1 3 0 1 0 0 0 0 0 1 0 1 1 1 0 2 1 1 1 1 0 1 0 3 0 3 0 2 0 0 1 0 1 0 1 0 0 2 2 0 1 0 1 0 1 1 0 1 2 0 1 3 0 3 0 2 2 0 1 0 1 2 1 3 0 0 2 0 1 2 0 2 0 2 0 3 0 3 0 2 0 1 0 2 0 1 0 0 0 3 0 3 0 1 0 2 0 1 0 0 1 0 1 0 1 0 1 1 2 0 1 2 1 3 0 2 2 0 1 0 1 0 1 1 0 3 0 3 0 0 0 0 1 2 0 2 0 1 1 1 0 0 0 1 1 2 1 2 0 2 2 0 1 2 1 2 0 2 0 0 1 0 1 0 0 1 1 0 0 1 2 0 0 2 2 0 0 2 0 2 0 2 0 0 1 0 0 1 0 1 1 2 0 2 0 2 0 0 0 1 1 1 1 1 2 0 0 2 1 0 0 1 1 2 2 0 0 1 1 2 0 2 0 2 0 0 2 0 1 2 1 0 0 2 0 1 2 0 1 1 0 0 0 0 0 0 0 0 0 3 0 1 1 0 1 3 0 0 0 3 0 2 1 1 0 1 1 2 0 1 1 0 2 0 0 0 1 1 0 0 1 2 1 1 1 1 0 1 0 0 0 2 1 1 0 2 2 0 0 2 1 1 0 0 1 2 2 0 0 1 0 2 1 3 0 0 2 0 1 2
1 492 1 0 0 0 2 0 0 3 0 1 2 0 1 0 0 3 0 1 0 0 2 0 1 1 1 2 0 3 0 1 1 2 1 1 1 0 2 0 0 1 0 1 1 1 2 0 1 3 0 2 1 3 0 2 1 3 0 1 0 0 1 2 2 0 1 3 0 0 0 1 0 1 1 2 2 0 0 2 0 2 2 0 1 0 0 3 0 2 0 0 1 2 0 2 2 0 0 1 0 2 1 0 0 0 2 0 0 1 0 3 0 0 1 0 1 3 0 0 1 3 0 1 2 0 1 1 1 2 0 3 0 1 2 0 0 1 0 3 0 1 1 2 1 1 1 0 0 0 2 0 0 1 0 0 2 0 0 1 2 0 0 1 1 1 0 1 1 0 1 0 0 1 1 1 1 3 0 0 0 0 0 2 0 3 0 1 1 1 1 3 0 1 0 2 1 3 0 3 0 0 1 1 2 0 2 0 2 0 1 2 1 0 0 0 0 0 0 1 1 0 1 0 1 2 0 3 0 2 1 0 0 0 1 1 0 1 1 2 2 0 1 0 0 1 0 1 0 3 0 3 0 0 2 0 0 0 1 3 0 0 1 3 0 2 2 0 0 0 1 3 0 1 0 0 0 0 0 0 0 2 2 0 1 1 0 2 0 2 1 0 0 0 0 0 0 1 1 3 0 2 1 1 0 1 1 0 0 0 2 0 1 2 0 0 1 0 0 1 0 0 0 2 1 0 1 1 0 0 0 0 1 1 2 0 2 0 0 2 2 0 1 0 0 3 0 1 0 3 0 0 0 1 0 0 1 1 2 0 0 2 1 0 0 0 0 1 0 0 1 1 0 3 0 2 0 2 1 3 0 0 1 0 1 0 0 1 0 2 2 0 0 0 0 1 0 0 1 2 2 0 1 0 1 0 1 1 0 0 1 0 0 1 0 0 0 0 0 0 0 0 1 2 2 0 1 1 1 1 1 1 1 3 0 1 1 2 0 3 0 3 0 3 0 0 1 2 1 1 0 1 0 1 1 0 1 3 0 1 0 2 0 0 1 1 1 2 1 2 0 3 0 0 1 2 0 1 1 1 0 2 1 2 1 2 0 1 1 2 2 0 1 0
1 492 2 0 0 1 1 3 0 2 0 0 0 3 0 3 0 1 1 3 0 1 2 0 0 2 1 0 0 3 0 0 0 0 1 3 0 0 1 2 1 2 0 3 0 2 2 0 1 2 0 2 0 2 0 2 0 1 1 3 0 1 1 1 1 0 1 1 1 1 0 2 1 0 0 1 0 3 0 0 0 2 0 3 0 3 0 2 0 0 1 2 1 0 0 2 0 2 1 2 1 1 1 0 0 1 1 2 1 2 1 2 1 2 0 0 1 1 1 2 1 2 0 0 1 0 0 2 1 0 0 3 0 0 0 2 1 2 1 3 0 0 0 0 1 2 2 0 0 1 1 2 1 2 0 1 1 2 2 0 0 2 1 3 0 1 0 2 2 0 2 0 0 3 0 2 1 1 1 1 0 0 1 1 0 2 2 0 2 0 0 1 2 0 0 2 0 2 0 2 1 2 0 2 2 0 2 0 2 0 1 0 1 0 0 0 0 0 0 3 0 0 0 0 1 0 0 3 0 1 1 0 0 1 0 1 1 0 0 1 0 3 0 2 1 2 0 2 1 3 0 2 1 2 1 2 1 1 1 1 1 2 1 2 0 2 0 2 1 1 1 1 1 3 0 0 0 0 0 0 1 2 1 0 0 1 1 1 0 1 1 0 0 0 0 0 1 0 0 2 0 1 1 2 0 2 2 0 0 1 2 0 0 3 0 0 2 0 0 2 0 0 1 1 1 1 0 1 0 0 0 1 0 2 2 0 1 3 0 1 0 3 0 3 0 1 2 0 0 2 1 1 0 2 0 1 0 2 1 3 0 0 1 0 0 0 0 2 0 1 0 1 1 3 0 1 0 2 0 1 1 1 2 0 2 0 0 2 1 2 0 2 1 0 0 2 0 1 1 1 1 0 0 0 0 0 0 1 0 0 2 0 0 2 0 0 0 0 0 0 0 1 1 1 1 0 0 2 0 2 0 2 1 2 0 0 0 0 0 3 0 3 0 2 1 2 1 0 1 2 0 2 0 3 0 0 1 1 2 0 0 0 1 2 0 2 1 1 0 0 0 2 1 2 0 3 0 3 0 1 1 2 0 1 0 0 0 0 0 1 0 3 0 2
0 493 1 1 2 2 0 0 2 0 0 1 1 1 3 0 3 0 0 0 2 0 0 0 3 0 0 1 0 1 2 1 1 0 1 1 1 1 2 1 1 0 0 0 3 0 2 1 0 1 0 0 1 0 1 0 1 0 0 0 1 2 0 1 3 0 0 0 2 0 1 1 1 1 0 0 2 1 2 1 1 1 1 0 3 0 3 0 0 1 2 1 0 1 0 1 1 0 2 0 0 1 2 2 0 1 0 0 1 0 1 0 0 2 0 1 2 0 2 1 0 2 0 1 1 2 0 1 1 1 0 1 2 1 1 1 2 0 1 0 1 1 1 0 1 1 1 0 2 2 0 0 1 0 0 0 0 0 1 0 3 0 1 0 1 2 0 0 2 1 0 1 3 0 2 0 1 1 3 0 1 0 1 0 1 1 2 1 0 1 2 2 0 0 3 0 0 0 1 0 2 0 0 0 2 1 0 2 0 1 3 0 3 0 2 1 0 0 0 1 2 1 1 0 0 2 0 1 2 2 0 1 0 0 2 0 2 2 0 0 2 1 3 0 2 0 0 0 2 0 2 0 2 0 1 0 0 1 3 0 2 1 1 0 0 0 1 0 1 1 3 0 2 1 1 1 1 0 0 0 1 1 0 1 0 0 3 0 1 0 2 2 0 0 0 0 0 2 0 1 1 0 0 0 0 0 2 0 2 2 0 0 3 0 1 1 2 1 2 2 0 1 2 0 2 0 1 0 2 0 0 0 2 1 2 1 0 1 1 2 0 0 3 0 3 0 0 0 3 0 0 1 2 1 0 2 0 0 2 0 1 1 1 2 0 0 0 1 0 2 0 0 0 0 1 2 0 0 0 2 0 2 0 1 0 1 3 0 1 0 0 0 1 1 0 1 0 2 0 1 2 2 0 0 0 0 0 0 2 0 1 1 2 2 0 1 1 0 0 0 0 0 3 0 1 2 0 1 1 0 1 0 1 2 0 1 1 0 0 1 3 0 3 0 2 0 0 1 1 1 0 0 1 0 2 1 2 0 2 1 2 1 1 1 0 0 1 1 2 0 0 1 2 0 0 0 3 0 2 2 0 2 0 1 3 0 0 0 0 0 2 1 3 0 1
1 494 1 0 0 1 0 2 2 0 1 2 0 2 1 2 0 2 1 1 1 0 1 1 1 2 1 2 0 0 1 0 1 2 0 3 0 2 1 0 1 2 0 0 1 3 0 1 1 0 2 0 0 2 0 2 0 2 0 0 1 0 1 0 1 1 1 1 1 0 2 0 1 2 2 0 1 2 0 0 1 3 0 1 1 3 0 2 1 2 1 0 1 1 0 0 0 1 1 0 1 2 1 1 0 3 0 2 1 2 0 2 0 1 2 0 1 0 0 1 1 1 2 0 0 2 2 0 0 2 0 0 1 0 1 3 0 3 0 2 0 3 0 1 0 3 0 1 1 2 0 2 1 2 0 0 0 0 0 2 1 2 2 0 0 0 0 3 0 0 1 1 1 2 0 1 0 0 0 1 1 3 0 2 1 0 0 0 1 1 1 1 0 3 0 1 1 1 0 2 1 0 1 1 1 1 1 1 2 0 1 2 0 3 0 1 1 0 0 1 1 0 1 2 0 1 2 0 1 1 0 3 0 3 0 0 0 2 0 3 0 1 0 2 0 0 1 1 1 1 0 1 0 0 1 3 0 1 1 2 0 1 1 2 0 0 0 2 1 0 0 2 0 1 1 3 0 1 0 0 0 2 2 0 2 0 1 2 2 0 0 2 0 2 1 0 0 1 2 0 0 1 0 0 0 0 1 1 0 2 0 3 0 2 0 0 0 1 0 1 1 0 1 0 0 0 2 0 0 0 1 1 1 2 0 0 1 1 0 2 1 3 0 2 0 2 1 1 1 2 1 2 1 0 1 1 1 2 2 0 2 0 2 0 0 2 1 1 0 0 1 2 1 0 1 0 0 2 1 1 2 0 2 0 0 0 1 1 1 3 0 0 0 3 0 0 0 0 2 0 1 1 0 2 1 0 0 0 1 1 0 0 0 1 1 0 0 1 0 0 0 0 1 3 0 0 1 0 0 1 0 2 1 0 1 0 0 1 0 1 1 2 0 3 0 0 1 2 0 1 2 0 0 2 1 2 0 0 0 2 0 0 1 2 2 0 0 3 0 3 0 1 0 3 0 0 1 3 0 2 1 0 2 0 1 1 1 1 0 0 1 2 0 1 2 0
1 494 2 0 0 2 1 2 1 0 1 0 0 2 0 0 0 1 1 3 0 0 0 2 1 0 2 0 1 2 0 0 1 0 0 3 0 1 1 1 0 3 0 1 1 1 2 0 1 1 1 3 0 0 0 1 0 0 1 2 0 0 0 0 0 2 0 2 0 0 2 0 1 1 1 0 0 3 0 1 1 2 0 0 0 2 0 2 0 0 1 1 0 1 0 0 0 3 0 0 1 0 1 2 1 3 0 2 0 0 0 1 0 0 0 3 0 2 1 3 0 2 1 3 0 1 0 2 2 0 1 2 0 0 1 2 0 3 0 1 0 2 2 0 0 3 0 0 0 0 0 1 2 0 1 1 0 0 1 2 0 1 0 2 1 0 1 2 1 2 0 2 0 3 0 2 0 0 1 0 0 2 0 1 1 0 0 1 0 2 0 1 1 2 2 0 1 2 1 1 1 1 0 2 0 2 0 2 2 0 1 0 0 2 2 0 1 0 0 3 0 0 1 0 0 0 1 0 0 1 1 3 0 2 1 1 1 1 0 2 2 0 0 0 1 2 0 2 0 1 0 2 0 1 1 1 2 0 2 0 2 0 2 0 1 1 1 1 1 0 1 1 0 0 0 1 1 3 0 0 1 2 1 0 2 0 1 1 0 3 0 0 0 1 1 0 1 0 0 2 1 2 0 0 0 1 0 1 1 1 0 3 0 0 1 1 0 2 0 2 2 0 2 0 0 1 1 2 1 1 0 2 0 3 0 1 0 1 1 2 0 2 0 1 0 1 2 0 0 1 0 0 1 1 0 2 1 1 1 0 2 0 1 3 0 0 1 2 0 1 1 0 1 0 2 0 1 1 2 0 1 0 1 2 1 1 0 2 1 1 1 1 1 2 1 1 0 1 2 0 0 1 1 1 1 0 0 1 0 1 0 0 0 2 2 0 0 2 0 0 0 1 1 1 1 1 2 0 0 2 1 1 1 0 2 0 0 2 1 0 0 0 0 2 1 2 1 0 0 0 0 3 0 0 2 0 1 1 1 0 1 2 1 1 0 3 0 2 0 2 2 0 0 2 1 2 1 2 0 1 1 1 2 0 0 2 0 1 0 1 1 0 0 0 0 2
0 495 1 1 3 0 1 0 0 1 0 2 0 1 0 1 1 1 0 0 1 1 1 1 1 1 1 2 0 0 3 0 0 2 0 1 2 2 0 1 2 1 2 2 0 2 0 1 0 0 2 1 1 1 1 0 2 0 1 0 3 0 0 0 0 1 1 0 0 1 2 2 0 0 1 2 0 1 2 2 0 2 0 1 1 1 1 0 0 1 2 0 1 0 2 0 0 1 2 1 2 0 0 1 1 0 2 0 0 1 1 0 2 0 0 1 3 0 2 0 2 0 2 0 1 2 0 0 2 1 0 0 3 0 1 1 0 0 2 2 0 0 2 0 3 0 1 1 1 0 0 1 0 1 0 0 1 0 1 0 3 0 2 1 1 1 1 1 1 0 0 0 1 0 3 0 0 1 1 2 0 1 0 2 0 1 0 0 2 1 1 0 0 0 1 1 0 1 0 1 3 0 1 1 1 0 1 0 2 0 3 0 3 0 1 0 3 0 3 0 1 1 1 2 0 0 0 2 0 1 0 0 2 0 1 1 3 0 1 1 2 0 2 1 1 1 0 0 0 2 0 0 0 2 0 2 0 1 0 2 0 2 0 2 0 0 2 0 2 0 0 0 1 0 0 1 0 0 1 1 2 1 0 1 1 2 0 0 1 1 2 1 1 0 2 2 0 2 0 1 1 2 0 1 1 0 2 0 3 0 1 1 2 1 2 0 1 1 1 0 2 1 0 1 2 2 0 0 0 1 2 1 1 0 2 2 0 0 0 0 0 0 0 2 0 0 0 0 2 1 2 0 1 0 1 1 1 1 3 0 0 2 0 1 1 1 2 0 3 0 3 0 0 0 0 2 0 0 2 2 0 0 0 1 0 1 2 1 1 1 3 0 2 1 0 1 2 1 0 0 2 1 3 0 1 2 0 0 2 0 2 0 0 1 2 0 2 2 0 1 1 0 3 0 2 0 2 1 3 0 0 1 3 0 0 1 3 0 0 1 0 0 0 1 2 0 0 1 0 0 0 1 2 1 2 2 0 0 2 0 0 1 0 1 2 1 3 0 1 0 2 0 3 0 1 0 0 2 0 2 0 2 0 0 2 2 0 1 3 0 2 2 0 0 0 1 1
0 496 1 0 0 1 1 3 0 1 0 0 2 0 0 0 0 1 2 0 0 3 0 2 0 2 0 2 1 3 0 1 1 2 2 0 1 1 1 0 1 1 0 1 1 0 1 3 0 3 0 0 1 3 0 1 1 0 2 0 0 2 1 1 0 1 0 1 0 1 1 1 0 2 2 0 1 0 1 1 1 0 2 0 0 2 0 1 0 1 0 3 0 2 1 0 1 2 1 0 2 0 1 2 0 1 1 0 1 2 0 1 1 0 1 2 1 2 0 1 0 1 0 1 0 0 0 3 0 0 1 0 1 2 2 0 1 0 1 2 0 3 0 0 0 2 2 0 1 2 0 0 2 0 2 0 0 2 0 2 1 3 0 1 1 3 0 2 0 1 0 0 0 2 1 2 1 2 0 2 2 0 0 0 1 3 0 3 0 0 1 2 0 0 0 3 0 0 0 0 1 1 2 0 1 2 0 2 1 1 0 3 0 2 2 0 0 3 0 2 2 0 2 0 0 2 1 1 1 3 0 3 0 0 0 0 0 2 0 0 0 0 0 1 1 2 2 0 0 1 1 2 1 1 2 0 2 0 0 0 2 0 2 0 1 3 0 0 0 0 1 1 0 2 0 0 2 0 1 0 0 0 1 1 0 2 1 2 2 0 0 0 1 2 1 2 1 0 2 0 0 2 2 0 0 1 1 1 0 3 0 0 0 0 2 0 2 0 1 2 1 1 1 1 1 1 0 2 1 1 1 0 1 2 1 2 0 2 1 0 0 0 0 1 1 2 1 0 1 1 2 0 1 3 0 3 0 2 1 1 1 2 2 0 0 2 1 0 0 3 0 2 1 1 0 1 1 3 0 1 0 2 1 1 0 0 1 0 2 0 0 2 0 1 1 1 1 0 1 0 1 2 0 2 0 0 0 3 0 0 0 0 1 2 1 0 0 2 1 0 0 1 1 3 0 1 0 2 0 1 1 2 1 1 1 2 1 1 1 1 2 0 0 1 0 3 0 0 2 0 0 1 1 1 0 1 0 2 2 0 1 2 0 0 1 1 0 1 2 0 0 1 0 2 1 3 0 1 2 0 2 0 1 3 0 1 1 0 1 2 0 2 0 2 1 1 0 1
1 496 2 0 1 0 0 1 1 3 0 1 1 2 1 0 1 0 0 3 0 2 0 1 0 1 0 2 0 2 0 0 0 1 1 0 0 2 0 0 0 1 0 3 0 0 1 2 0 2 1 2 1 1 2 0 1 1 1 3 0 0 1 2 0 2 0 2 0 3 0 1 1 2 1 0 0 0 0 2 0 0 1 2 2 0 1 3 0 2 1 3 0 1 1 1 1 0 1 1 2 0 0 3 0 3 0 0 0 3 0 3 0 0 1 0 2 0 1 3 0 2 0 2 0 0 1 2 1 2 0 0 1 1 1 0 0 0 1 0 0 2 1 1 1 2 1 0 0 3 0 1 2 0 1 3 0 0 0 2 0 2 0 0 0 2 0 0 1 3 0 0 1 2 0 1 0 0 0 2 0 2 1 1 1 2 0 2 1 2 0 3 0 0 1 2 1 1 0 1 0 2 2 0 1 0 0 1 1 2 1 3 0 2 0 3 0 2 0 2 1 0 1 3 0 0 2 0 0 2 0 2 1 1 0 0 1 0 1 1 0 0 1 0 0 1 0 2 2 0 0 0 2 0 1 0 1 2 1 1 2 0 2 0 1 1 1 1 0 1 0 1 1 0 1 2 1 3 0 2 1 1 0 1 1 2 0 1 0 2 1 1 1 1 0 0 1 1 1 3 0 1 0 2 1 3 0 1 1 2 1 1 0 1 2 0 2 0 1 0 1 3 0 2 0 1 1 1 1 3 0 0 1 1 0 0 0 1 1 0 0 0 1 0 0 0 1 1 0 2 2 0 1 2 0 3 0 1 2 0 0 1 0 3 0 0 1 0 1 3 0 1 1 2 1 0 0 1 2 0 0 1 1 2 0 1 0 0 1 2 2 0 2 0 1 3 0 0 0 0 1 0 0 0 1 1 1 2 1 1 0 1 1 0 1 0 1 1 1 0 1 0 0 1 2 0 0 1 0 0 0 0 2 0 0 0 1 3 0 2 1 2 1 2 1 2 1 2 1 2 1 3 0 1 0 2 1 2 1 0 0 3 0 1 0 1 1 0 0 2 1 2 1 2 0 2 0 0 1 0 2 0 1 1 2 0 1 1 1 0 0 1 0 1 1 2 0 2
0 497 1 1 3 0 2 2 0 0 2 0 0 0 0 1 0 2 0 1 3 0 0 1 3 0 2 1 1 0 0 1 1 0 2 2 0 1 0 1 1 0 2 1 2 1 2 1 0 0 2 0 0 2 0 1 0 0 2 1 1 1 2 1 0 0 1 0 1 0 3 0 0 0 0 1 0 0 0 1 0 1 2 1 1 1 0 1 2 0 2 0 1 2 0 1 3 0 0 0 2 1 3 0 2 0 2 1 1 1 3 0 2 1 2 0 0 2 0 1 2 0 1 0 0 1 2 1 0 2 0 1 2 0 1 2 0 0 0 2 0 1 1 2 0 0 0 1 0 1 3 0 0 1 0 1 1 1 1 1 1 0 0 1 1 1 0 1 2 1 1 1 2 0 3 0 2 0 0 1 1 0 1 2 0 0 0 0 2 0 0 0 2 1 2 1 0 1 2 0 2 1 2 0 3 0 2 2 0 0 1 0 2 0 1 0 3 0 1 0 1 1 1 1 1 1 2 1 3 0 0 0 1 1 2 0 1 0 0 0 1 0 0 2 0 0 2 1 2 0 2 1 1 2 0 0 0 1 0 2 0 1 0 2 0 0 2 0 1 0 2 0 3 0 0 1 1 0 2 0 1 1 2 0 3 0 3 0 2 1 1 1 3 0 1 0 1 0 2 1 1 2 0 0 2 0 2 0 0 0 0 1 2 1 0 1 0 2 0 0 0 1 2 0 0 2 0 2 0 0 1 1 2 0 1 0 0 0 2 2 0 0 0 2 0 0 1 0 1 1 2 1 0 1 0 0 3 0 0 0 2 1 2 1 2 1 2 0 0 1 2 0 0 0 0 1 0 1 0 0 2 1 3 0 3 0 2 0 1 1 1 1 0 2 0 1 1 1 1 0 0 2 0 0 1 0 2 1 0 1 2 0 3 0 0 0 0 0 1 2 0 2 0 1 0 0 2 1 2 0 0 0 1 1 2 1 1 1 2 0 2 0 1 0 1 0 1 0 1 0 1 0 1 2 0 0 2 0 0 1 0 1 2 1 3 0 2 2 0 1 2 0 1 0 0 0 0 1 2 0 0 2 0 0 2 2 0 0 1 2 0 0 2 1 0 0 0 0 1
1 498 1 0 0 2 0 2 0 2 2 0 1 1 0 1 0 0 2 0 1 1 1 2 1 2 0 1 1 2 0 1 0 1 1 2 1 0 0 0 0 1 1 2 0 1 0 0 1 0 1 0 1 2 1 3 0 3 0 0 2 0 0 0 1 0 0 2 0 2 1 2 1 1 0 0 2 0 0 1 0 0 1 0 1 3 0 0 1 0 0 1 0 0 1 0 1 1 1 1 1 2 0 2 0 1 0 1 2 0 0 2 0 1 2 0 1 2 2 0 0 3 0 2 0 1 1 0 1 1 2 0 1 0 0 0 0 2 1 1 2 0 0 2 1 2 1 1 0 0 1 1 1 2 0 0 0 2 0 2 0 1 0 1 0 2 0 0 1 0 2 0 0 0 0 3 0 0 1 2 0 1 1 0 0 2 1 0 1 0 1 1 1 2 0 0 1 1 1 0 0 2 0 0 0 3 0 2 0 2 1 2 1 0 2 0 0 2 1 3 0 3 0 2 0 2 1 1 0 1 1 1 0 3 0 3 0 2 0 0 0 2 0 1 1 3 0 1 0 0 0 1 2 0 0 2 1 1 0 0 2 0 0 0 1 2 2 0 2 0 0 1 0 2 1 2 0 1 1 1 0 0 0 0 0 3 0 3 0 1 2 0 0 1 1 3 0 2 1 1 2 0 0 3 0 0 0 0 1 1 0 1 1 0 1 1 0 0 1 2 1 1 0 3 0 1 2 0 1 2 1 3 0 3 0 2 0 0 1 2 0 2 1 1 1 2 1 2 1 0 0 0 1 0 2 0 1 2 1 1 1 2 0 1 0 0 2 0 1 2 0 3 0 0 0 0 2 0 2 0 1 2 0 2 0 3 0 0 2 0 1 3 0 0 2 0 0 2 0 1 0 1 1 2 1 2 1 1 1 1 1 0 0 2 1 1 0 0 1 0 1 0 1 3 0 3 0 0 2 0 1 1 1 0 0 0 2 0 0 0 0 0 1 3 0 2 0 2 0 2 0 2 1 0 0 2 2 0 1 2 0 0 1 1 0 2 0 2 1 0 0 3 0 2 0 0 0 1 0 3 0 1 1 3 0 1 0 2 2 0 0 3 0 0 1 0 0 0 0 2
0 498 2 0 1 1 0 1 0 2 1 0 0 1 0 2 0 1 2 0 0 2 1 0 2 0 2 0 2 0 2 0 0 0 0 0 1 0 0 0 0 3 0 3 0 2 0 1 0 0 0 0 1 1 0 2 0 2 1 2 1 2 1 0 2 0 1 1 0 2 0 0 1 2 0 1 1 2 1 2 0 1 0 0 1 1 1 1 2 0 0 2 0 1 0 0 0 2 0 2 1 0 0 0 2 0 0 0 0 3 0 0 0 0 1 0 1 1 0 3 0 2 0 0 2 0 1 1 0 2 1 3 0 2 1 0 1 1 2 0 0 3 0 1 0 0 1 2 0 1 0 2 0 3 0 0 1 1 0 0 1 3 0 2 1 0 1 2 0 0 1 2 1 0 1 2 1 2 0 3 0 2 2 0 1 1 1 1 0 0 0 2 0 3 0 1 0 1 2 0 1 0 1 1 1 3 0 1 0 2 0 0 1 1 1 3 0 1 0 2 0 3 0 1 0 1 1 2 0 3 0 1 1 3 0 3 0 0 1 1 1 1 0 0 0 1 1 3 0 0 1 0 0 3 0 0 1 2 0 1 1 2 1 1 1 1 1 0 1 2 1 2 1 1 2 0 2 0 1 2 0 0 0 0 1 3 0 3 0 0 0 2 2 0 0 2 0 1 2 0 0 3 0 1 1 1 0 1 0 1 0 3 0 0 0 1 0 1 1 0 1 2 1 3 0 0 1 0 1 1 0 2 0 3 0 0 1 2 1 0 0 1 2 0 0 1 0 0 1 0 0 1 0 0 2 0 1 0 1 3 0 3 0 2 0 1 2 0 1 0 0 2 1 1 0 1 2 0 2 0 1 0 0 1 0 2 1 2 2 0 1 1 1 2 1 2 2 0 2 0 0 0 0 1 0 0 1 3 0 1 2 0 1 1 1 2 0 1 0 0 0 0 1 2 0 2 1 2 2 0 0 1 2 0 0 1 1 2 1 0 0 1 1 2 0 1 0 1 0 1 0 1 1 0 1 2 1 0 0 3 0 1 0 1 1 1 0 1 1 0 1 3 0 0 1 1 0 2 1 3 0 0 0 1 2 0 0 2 0 3 0 1 1 1 2 0 0 0 1 1
0 499 1 2 0 0 1 0 2 1 1 1 0 0 2 1 1 0 0 0 3 0 0 1 1 2 0 2 0 2 0 1 2 1 0 0 0 2 0 0 0 1 3 0 3 0 0 1 3 0 0 0 1 0 1 1 1 0 2 0 1 0 0 1 1 2 0 0 1 1 0 1 2 1 0 0 0 0 0 2 0 1 3 0 1 0 2 0 2 1 2 2 0 1 3 0 0 1 1 0 1 1 0 0 1 1 2 1 0 1 2 1 1 0 1 0 0 0 1 1 3 0 0 1 2 2 0 0 1 1 2 0 2 0 1 1 1 0 2 1 3 0 1 1 3 0 1 0 3 0 2 1 1 0 2 1 2 0 1 0 1 1 2 0 1 1 1 0 3 0 1 1 0 1 1 1 1 0 0 0 3 0 2 1 0 0 2 0 1 0 0 1 1 0 2 2 0 0 0 1 0 0 0 0 2 1 1 2 0 0 0 1 2 0 2 1 1 2 0 0 1 0 2 2 0 0 0 0 0 0 3 0 0 0 2 0 2 1 2 0 2 0 1 0 0 1 0 0 1 1 1 2 0 1 2 1 2 1 0 0 0 0 0 1 3 0 2 0 0 1 1 0 0 2 0 1 0 2 0 0 3 0 0 0 1 1 2 0 2 1 1 1 2 0 3 0 0 0 0 0 3 0 1 2 0 1 2 0 2 0 2 1 2 1 1 0 2 0 3 0 0 1 1 0 1 1 2 0 0 0 1 1 1 0 2 1 2 1 0 1 0 1 0 0 2 1 2 0 0 2 0 0 2 0 1 2 0 0 0 1 2 0 3 0 1 0 0 0 3 0 3 0 0 1 2 1 0 1 0 1 3 0 2 1 2 1 2 0 1 1 0 0 2 1 1 0 1 1 0 1 2 1 0 0 2 0 1 1 2 0 0 1 0 0 2 0 3 0 2 0 0 0 1 1 0 0 2 0 1 0 2 2 0 0 2 2 0 0 0 1 0 0 3 0 3 0 2 0 2 0 2 0 3 0 0 1 0 1 0 1 2 1 3 0 3 0 1 0 3 0 0 1 1 1 2 0 1 1 2 0 1 1 1 1 0 0 3 0 0 0 2 2 0 2 0 0 2 1 1 0 1
1 500 1 0 0 2 1 2 1 1 1 2 2 0 1 1 1 2 0 0 1 2 1 2 0 2 2 0 2 0 2 0 1 0 1 0 0 1 1 2 1 1 1 2 0 2 1 2 1 1 1 1 0 2 0 3 0 1 1 0 1 3 0 1 0 2 1 2 1 3 0 0 1 0 1 0 0 0 0 1 2 0 1 1 2 0 0 1 0 2 0 1 1 0 1 1 1 2 0 1 0 2 2 0 1 0 0 0 1 1 1 0 1 2 0 2 0 0 1 0 0 1 1 2 1 1 0 2 2 0 0 0 0 0 2 0 1 2 1 2 0 2 0 0 0 1 2 0 0 3 0 1 1 2 1 1 2 0 1 3 0 3 0 3 0 3 0 1 1 2 2 0 1 1 0 2 0 1 0 0 1 3 0 1 1 0 1 0 1 3 0 1 0 1 1 2 0 2 1 0 2 0 0 0 1 1 2 0 0 2 1 1 1 0 0 1 2 0 0 2 1 2 1 2 0 2 1 0 0 0 1 2 1 1 1 1 0 2 0 0 0 0 1 3 0 0 2 0 0 3 0 2 2 0 1 1 0 0 1 0 0 0 0 1 1 2 0 0 1 2 0 1 0 1 2 0 0 0 1 3 0 1 1 1 1 0 0 0 0 1 2 0 0 0 0 2 1 1 0 0 1 3 0 0 1 0 1 0 0 1 0 2 0 0 1 2 1 1 0 2 1 2 0 1 0 3 0 3 0 0 0 3 0 1 1 2 0 0 1 0 2 0 2 0 1 1 2 0 1 2 1 3 0 0 0 0 0 2 1 1 1 0 0 2 1 3 0 0 1 3 0 2 1 2 1 0 1 1 0 0 1 2 0 2 0 0 2 0 2 0 1 0 1 1 1 2 0 3 0 0 1 0 1 0 1 0 2 0 2 0 1 1 2 0 1 1 0 3 0 0 1 1 0 2 2 0 1 0 2 0 0 2 0 3 0 1 0 2 1 0 2 0 1 3 0 3 0 1 0 1 0 1 0 2 1 2 0 0 0 0 1 1 0 2 0 2 2 0 0 2 1 2 0 2 0 3 0 3 0 3 0 3 0 1 2 0 1 2 1 1 1 2 1 0 1 3 0 0 1 2 0 2
0 500 2 0 1 2 0 0 2 0 0 1 1 0 0 2 0 3 0 1 1 1 0 0 0 2 1 0 2 0 1 3 0 3 0 2 2 0 0 0 2 0 0 0 0 2 0 0 1 3 0 1 1 1 0 2 2 0 1 1 1 1 2 0 0 2 0 1 0 1 1 1 2 0 2 0 0 0 1 0 1 0 0 2 1 2 1 2 1 0 2 0 1 1 0 2 0 3 0 2 1 2 0 3 0 2 1 1 0 2 0 0 1 0 0 0 1 1 2 0 1 0 0 0 1 2 1 2 0 2 1 0 0 1 2 0 1 1 0 0 0 0 1 1 1 0 0 3 0 2 0 0 0 0 2 0 1 0 1 2 0 3 0 3 0 3 0 0 0 1 1 0 0 1 1 0 1 3 0 1 1 1 2 0 1 1 0 0 1 1 2 0 0 0 0 0 0 1 1 1 1 2 1 1 0 2 1 3 0 0 1 2 2 0 1 0 0 3 0 1 0 1 0 0 0 1 1 0 0 1 1 0 1 3 0 1 1 0 1 1 0 1 1 1 1 2 1 3 0 2 0 2 1 0 0 1 0 0 2 0 0 0 0 3 0 3 0 1 0 3 0 2 1 0 0 2 1 1 1 1 2 0 1 2 2 0 0 0 1 0 0 2 1 0 1 1 1 2 0 1 1 1 1 1 2 0 2 0 0 2 1 0 1 2 1 0 1 2 1 1 2 0 2 0 0 3 0 2 1 1 1 2 2 0 2 0 1 2 0 0 2 0 2 0 0 2 2 0 1 1 0 1 1 1 0 0 1 1 1 2 2 0 1 2 0 1 1 2 1 2 0 2 0 0 1 1 0 1 0 1 1 0 0 0 1 2 2 0 2 0 0 0 0 2 1 0 0 2 1 2 0 0 0 0 0 0 2 0 2 0 0 2 2 0 0 1 1 2 1 2 0 1 1 2 1 0 0 0 1 3 0 0 0 2 2 0 0 1 1 1 2 0 1 2 0 2 1 3 0 2 0 2 1 1 2 0 1 1 0 1 0 1 1 1 0 2 0 3 0 1 0 0 0 1 0 3 0 3 0 3 0 3 0 0 1 0 1 0 2 0 0 0 1 1 1 1 1 2 1 0 0 1
1 501 1 2 0 0 3 0 1 1 2 1 2 2 0 1 1 0 2 2 0 1 2 0 0 1 1 1 1 2 0 1 2 0 3 0 2 0 2 1 1 1 2 1 0 1 0 1 2 1 1 2 0 1 2 1 2 1 0 0 2 0 2 1 2 2 0 1 3 0 3 0 2 2 0 1 2 1 0 2 0 2 0 1 2 0 1 0 0 1 1 2 0 0 1 1 1 0 3 0 2 0 0 0 3 0 1 1 2 1 0 1 1 2 0 0 1 0 2 1 3 0 2 1 1 1 1 0 0 0 1 1 0 1 0 1 0 0 1 0 0 0 1 0 1 2 0 1 3 0 0 1 1 0 1 2 0 0 0 1 0 0 3 0 3 0 2 1 1 0 2 2 0 0 3 0 0 1 1 2 0 2 0 1 0 0 1 0 1 0 2 1 2 1 0 0 0 0 3 0 2 1 0 1 2 1 2 0 1 1 2 1 1 0 3 0 3 0 1 1 3 0 2 0 0 0 2 2 0 0 3 0 0 1 1 2 0 1 1 0 1 0 3 0 2 1 1 0 2 0 1 0 1 1 0 0 2 0 1 1 2 1 0 1 3 0 2 2 0 0 3 0 1 1 0 1 1 1 3 0 2 2 0 1 1 0 2 1 0 2 0 1 1 1 1 0 2 0 3 0 3 0 2 0 2 2 0 1 3 0 0 1 1 1 0 1 1 1 0 2 0 1 0 1 3 0 2 0 1 2 0 0 1 1 0 2 0 0 3 0 1 2 0 1 3 0 1 1 0 0 1 0 3 0 1 0 1 0 2 1 1 1 0 1 0 0 0 0 1 0 0 0 0 1 2 0 1 0 2 0 2 2 0 0 1 1 1 1 0 1 2 1 0 1 1 1 0 1 1 2 0 1 1 0 0 0 1 2 0 1 3 0 1 0 2 2 0 0 1 0 0 0 0 0 0 1 0 0 1 1 1 1 1 1 2 0 2 1 3 0 2 2 0 1 0 0 2 0 2 0 1 0 1 2 0 1 0 0 1 0 2 0 3 0 1 1 1 0 2 1 3 0 0 0 2 1 3 0 3 0 3 0 2 1 2 0 0 0 0 1 2 1 1 0 2 0 2 1 0 1 0 0 2
0 502 1 0 0 3 0 2 0 0 0 1 0 1 1 0 0 1 1 2 1 0 0 3 0 1 0 2 0 2 2 0 1 0 0 3 0 1 0 1 2 0 0 0 1 1 0 0 1 0 2 0 1 0 1 1 0 0 1 0 1 1 0 2 0 1 1 0 1 2 0 3 0 2 1 0 1 0 1 1 2 0 2 0 0 3 0 2 0 1 0 2 1 2 1 3 0 1 1 3 0 0 1 1 1 3 0 0 0 0 1 1 0 2 1 2 1 2 1 2 0 2 0 1 1 3 0 1 0 0 0 2 2 0 2 0 2 0 0 2 0 0 0 2 1 0 1 0 1 1 1 2 0 1 1 0 0 2 1 0 2 0 1 3 0 3 0 1 1 2 1 2 0 3 0 1 1 2 0 2 2 0 1 3 0 2 1 2 0 2 1 2 0 0 1 0 0 0 1 3 0 1 1 1 1 1 0 0 0 0 0 0 1 2 1 3 0 3 0 0 0 2 0 0 1 1 1 2 0 3 0 1 1 2 0 2 2 0 0 1 0 2 1 3 0 1 1 2 1 0 1 3 0 2 2 0 1 1 0 0 0 0 1 1 1 2 0 2 0 3 0 1 2 0 1 1 0 2 1 2 0 2 1 0 0 1 1 1 1 1 2 0 0 2 0 1 1 1 0 3 0 3 0 1 0 2 1 0 1 1 1 2 0 2 0 0 0 2 0 0 2 0 0 0 1 2 0 1 0 0 0 2 1 3 0 0 1 3 0 2 0 0 1 0 1 1 2 0 1 0 0 2 1 2 1 3 0 2 1 1 1 2 2 0 2 0 0 0 0 2 0 0 0 1 0 3 0 2 1 1 0 2 0 2 1 3 0 2 0 0 1 0 1 1 0 2 0 0 0 2 2 0 0 1 0 0 1 0 1 0 1 1 2 0 0 2 0 2 1 2 0 0 0 0 0 0 2 0 0 3 0 2 0 2 1 0 0 2 0 2 0 2 0 3 0 3 0 0 0 0 2 0 0 0 0 3 0 2 1 2 1 1 0 2 2 0 1 2 1 2 0 1 1 1 1 2 0 2 0 3 0 3 0 1 2 0 1 1 0 1 1 0 1 2 1 1 0 1 1 0 2 0 1 1
0 502 2 0 1 3 0 0 1 1 0 2 0 2 2 0 1 0 0 0 1 0 1 2 2 0 0 1 0 2 0 3 0 3 0 1 2 0 0 0 0 2 1 1 0 1 0 1 0 0 2 0 0 0 0 1 0 1 0 0 0 1 1 0 2 0 1 1 1 0 0 3 0 1 1 1 0 0 0 2 2 0 1 3 0 2 0 0 2 0 0 2 0 1 0 2 0 0 0 1 1 2 0 2 1 1 1 1 0 1 0 1 1 2 0 1 0 1 0 0 0 1 0 0 0 1 1 3 0 0 1 2 1 0 2 0 1 2 2 0 1 1 1 1 1 1 0 0 0 2 0 3 0 2 2 0 1 1 1 1 2 0 1 2 0 3 0 0 0 1 0 0 0 3 0 0 0 0 0 2 1 0 1 2 0 2 0 0 0 1 2 0 1 1 2 0 0 1 1 1 2 0 1 3 0 1 0 0 0 0 0 1 1 1 0 2 0 2 1 1 1 0 1 2 0 2 1 0 0 3 0 0 0 0 0 2 0 2 1 2 1 2 0 2 0 0 0 0 1 1 1 2 0 2 1 0 0 1 0 0 0 1 0 2 1 0 0 1 0 3 0 0 1 0 0 1 1 2 0 0 0 1 1 0 0 3 0 2 0 2 1 2 2 0 2 0 1 2 1 3 0 2 2 0 0 1 1 1 0 2 1 0 0 0 1 1 1 0 1 2 1 2 1 1 0 3 0 2 0 0 1 2 0 1 1 2 1 2 0 0 1 2 0 0 0 2 1 3 0 3 0 1 0 1 0 2 0 1 2 0 0 1 1 0 1 2 1 0 1 0 1 1 0 2 1 3 0 1 1 2 1 1 0 2 0 2 0 0 1 2 0 0 0 1 1 0 1 1 1 2 0 2 1 2 0 1 0 0 0 0 0 2 1 3 0 0 0 1 2 0 1 1 0 0 0 1 1 3 0 2 0 1 0 1 1 0 1 1 0 1 0 1 0 3 0 2 1 1 0 1 1 2 1 0 1 3 0 2 0 0 1 2 1 2 1 0 1 0 2 0 2 0 2 0 0 0 0 1 0 3 0 3 0 0 1 0 0 1 0 3 0 0 1 0 1 2 0 3 0 0 2 0 0 1
1 503 1 2 0 1 1 1 2 0 1 1 1 0 2 0 3 0 2 1 1 0 0 1 1 0 2 1 2 1 1 0 3 0 3 0 0 0 2 1 0 1 1 1 2 0 2 0 2 0 1 1 2 1 0 0 2 0 2 0 0 0 3 0 0 2 0 0 1 2 0 1 2 2 0 1 2 0 0 1 2 1 0 1 2 0 0 1 2 1 2 2 0 2 0 0 0 1 1 1 0 0 0 0 1 1 3 0 1 0 2 0 3 0 3 0 2 0 2 0 0 0 2 0 0 1 0 0 1 1 2 1 0 1 1 2 0 1 1 1 0 0 2 0 2 0 1 0 0 1 1 0 3 0 2 1 0 0 2 0 2 2 0 1 0 0 2 1 1 0 2 0 0 1 2 1 1 0 0 1 1 1 1 1 0 0 0 1 1 1 0 1 0 0 2 1 2 1 3 0 2 2 0 1 1 1 3 0 0 0 0 0 3 0 1 1 1 0 1 1 3 0 0 1 0 0 1 1 0 1 2 1 1 0 0 1 1 0 2 0 1 0 0 0 0 1 1 0 1 0 2 1 0 0 1 1 0 0 2 0 0 0 2 1 1 1 0 0 2 1 2 1 1 2 0 0 3 0 3 0 0 0 2 2 0 1 3 0 1 0 2 0 1 1 0 2 0 1 1 0 2 0 2 0 2 1 3 0 1 1 1 1 0 0 1 0 2 0 0 1 1 0 0 1 2 1 3 0 0 1 2 1 0 0 0 0 0 2 0 1 2 0 3 0 0 1 2 0 2 0 2 1 3 0 2 1 1 0 0 0 2 1 3 0 0 1 0 1 1 0 0 0 1 1 2 0 2 0 0 0 0 1 2 1 1 0 0 1 2 0 3 0 0 0 3 0 0 0 2 1 0 0 1 2 0 1 3 0 0 0 0 1 2 0 1 1 1 1 0 1 0 0 1 0 0 1 0 0 2 0 0 1 3 0 3 0 0 0 1 0 2 0 2 1 3 0 1 1 2 1 0 0 0 1 1 1 2 0 0 1 2 1 1 0 0 1 1 0 0 2 0 2 0 1 2 1 0 0 2 1 3 0 2 1 1 2 0 0 2 1 2 1 2 0 0 1 0 0 2 1 2 1 2 1 2
0 504 1 0 1 0 0 2 0 3 0 3 0 1 1 1 0 3 0 1 1 2 0 1 0 1 1 2 0 0 1 2 1 3 0 2 1 1 1 1 1 1 0 2 1 0 0 1 0 1 0 0 0 0 1 0 1 1 0 0 1 1 1 2 1 2 1 2 2 0 1 0 1 1 1 0 0 3 0 1 1 0 1 1 0 3 0 1 1 1 0 1 1 0 1 2 1 1 0 1 2 0 0 0 1 0 0 1 2 0 0 1 0 3 0 3 0 1 0 0 1 1 1 0 1 1 2 0 1 0 0 0 1 1 0 2 2 0 0 1 2 0 1 1 0 0 1 3 0 1 0 1 1 3 0 1 1 0 1 1 0 2 0 3 0 3 0 0 1 2 1 0 1 2 1 0 1 2 0 1 0 2 0 1 2 0 0 1 0 1 2 0 2 0 1 2 0 1 0 2 0 2 1 0 0 2 1 1 1 1 0 0 1 2 2 0 1 2 1 0 0 1 1 1 2 0 0 3 0 0 1 0 1 2 0 1 0 1 1 0 1 3 0 0 0 1 0 1 0 2 1 1 1 0 0 2 2 0 1 0 1 1 1 1 1 2 2 0 1 2 0 0 2 0 0 3 0 2 0 2 1 1 1 2 1 0 1 1 2 0 0 0 2 0 1 1 2 0 0 1 1 1 0 1 0 2 0 1 2 0 1 2 2 0 0 2 1 0 1 2 0 1 0 1 1 1 0 1 1 2 1 0 1 0 0 0 0 1 2 0 1 0 0 2 1 2 1 0 0 1 0 2 0 2 0 1 1 2 0 0 1 2 0 1 1 2 0 0 0 1 0 0 1 0 0 0 0 0 1 1 0 1 1 0 1 2 0 1 1 0 0 2 1 1 1 2 1 1 1 1 1 0 1 0 1 0 1 1 1 1 0 1 0 3 0 3 0 1 2 0 2 0 0 2 0 0 2 0 1 0 1 2 1 2 0 2 1 1 0 2 1 1 0 2 0 2 0 0 0 0 1 0 0 1 0 2 0 3 0 1 1 0 1 2 0 1 0 1 0 1 2 0 2 0 1 0 1 0 1 2 0 2 0 1 2 0 0 3 0 1 0 0 2 0 1 1 2 0 1 2 0 1 0 1 0 0
0 504 2 0 2 0 1 1 0 3 0 2 2 0 1 2 1 2 2 0 2 0 1 3 0 3 0 3 0 1 1 1 0 2 0 1 1 3 0 2 0 1 1 1 1 0 0 2 0 2 0 0 0 1 0 0 0 1 0 1 0 2 1 1 0 1 0 1 1 0 0 0 0 1 2 0 1 2 2 0 1 1 0 1 1 2 2 0 1 2 0 3 0 0 1 0 1 2 1 0 0 2 1 0 2 0 1 0 0 2 1 2 1 3 0 2 1 3 0 1 0 2 0 0 0 2 1 3 0 2 1 1 0 1 1 2 0 2 2 0 1 0 0 1 0 1 1 1 2 0 0 0 0 1 2 0 1 1 0 1 1 1 0 3 0 2 1 2 1 0 1 1 1 0 1 1 0 3 0 2 1 1 0 0 0 2 1 2 1 0 1 0 2 0 0 3 0 2 1 1 0 1 1 0 1 1 1 3 0 1 0 1 1 1 1 0 1 0 1 0 0 3 0 2 1 3 0 1 1 2 0 0 0 3 0 2 0 3 0 0 1 1 1 1 0 2 0 2 1 1 1 2 2 0 1 2 1 0 0 0 0 2 0 2 1 1 1 0 0 3 0 1 1 3 0 2 0 1 0 1 2 0 0 0 1 1 0 2 1 2 1 1 2 0 0 2 1 2 1 3 0 1 0 2 1 1 0 0 1 0 1 1 0 3 0 0 1 1 0 3 0 2 0 3 0 1 1 0 0 0 1 0 2 0 0 0 1 0 0 3 0 3 0 1 0 0 1 0 0 2 1 1 0 0 2 0 2 0 1 2 0 3 0 3 0 3 0 0 0 2 0 0 2 0 0 0 0 1 0 1 0 3 0 0 0 3 0 2 2 0 1 1 2 0 0 0 1 3 0 2 0 0 0 0 0 0 0 2 0 1 0 2 1 3 0 3 0 0 1 0 1 2 2 0 1 2 2 0 0 0 1 1 0 0 0 1 1 2 1 1 1 2 1 1 0 0 1 1 0 0 2 0 0 2 1 1 0 2 2 0 1 1 0 3 0 2 0 2 1 0 1 0 2 0 0 0 0 0 1 0 0 1 0 0 0 3 0 1 1 3 0 1 2 0 0 2 2 0 0 3 0 2 0 2 0 0
0 505 1 2 0 2 0 0 1 1 3 0 2 1 0 1 1 0 1 1 0 2 0 1 2 0 3 0 2 2 0 1 2 1 1 0 0 0 2 0 0 2 0 1 2 2 0 1 1 0 0 1 1 0 2 0 0 0 2 0 2 1 1 1 2 0 2 0 2 2 0 0 0 1 0 1 0 1 1 1 0 0 1 1 0 0 1 1 0 1 0 0 2 1 2 0 0 1 0 1 0 1 1 1 1 1 3 0 3 0 1 0 1 0 2 0 2 0 1 2 0 0 0 1 1 1 2 0 2 0 1 1 2 1 0 0 0 0 2 0 3 0 2 1 2 0 3 0 2 1 2 1 0 1 0 1 0 0 1 0 3 0 1 1 3 0 2 0 0 1 1 0 2 0 0 0 1 1 3 0 1 1 2 0 0 1 2 0 0 1 1 0 0 1 3 0 2 0 1 1 2 0 3 0 0 0 2 1 1 1 3 0 3 0 1 2 0 2 0 2 0 1 3 0 2 0 1 2 0 2 0 1 1 1 3 0 1 0 2 1 2 0 2 0 1 1 1 0 1 2 0 0 1 1 0 1 0 1 0 0 0 1 1 0 1 1 2 2 0 1 3 0 0 0 2 0 0 2 0 0 0 0 2 1 1 0 1 1 2 0 0 2 0 0 3 0 1 0 1 0 1 2 0 0 1 1 2 0 1 0 0 0 1 1 2 1 2 0 1 1 3 0 1 0 2 2 0 1 0 0 1 0 0 1 2 1 0 2 0 1 3 0 2 1 3 0 0 2 0 1 1 1 2 0 1 2 0 2 0 1 0 0 3 0 3 0 2 1 1 1 0 1 2 1 2 1 0 0 2 0 2 1 2 1 1 1 3 0 2 1 0 0 2 1 2 1 1 1 2 0 0 1 1 0 0 0 0 1 0 2 0 0 2 0 2 0 2 1 2 0 0 1 1 1 0 1 1 0 2 1 1 0 1 0 0 1 0 0 0 2 0 0 0 1 2 0 1 0 1 0 1 1 3 0 0 1 2 1 2 1 0 0 1 1 3 0 1 0 1 1 1 0 0 1 2 1 0 0 0 2 0 0 2 0 0 1 3 0 0 0 2 0 0 0 3 0 1 0 3 0 2 0 1 0 0 1 1
0 506 1 0 1 0 1 2 2 0 0 2 0 1 1 1 0 1 0 3 0 0 2 0 1 0 0 3 0 2 1 0 1 0 1 2 0 0 1 0 1 2 2 0 1 1 1 0 0 1 0 1 0 1 1 0 1 1 1 1 0 1 2 0 0 0 0 1 0 2 0 2 1 1 0 0 0 0 0 1 2 0 0 2 2 0 0 2 2 0 2 0 1 1 2 0 1 2 0 0 0 0 0 2 0 2 1 2 0 2 1 3 0 2 1 1 0 1 0 0 0 2 1 1 0 2 1 0 0 1 0 0 0 0 1 0 0 0 1 1 0 3 0 2 0 0 0 3 0 2 0 0 1 0 2 0 2 0 0 2 1 3 0 0 0 2 0 0 1 2 0 1 1 0 1 1 1 0 0 1 2 0 2 0 1 2 0 3 0 1 0 1 0 1 1 2 0 1 0 0 0 0 0 2 1 1 1 1 2 0 0 2 0 3 0 0 1 0 2 0 2 0 1 2 0 1 0 0 1 0 2 0 0 2 1 1 2 0 0 2 0 0 0 0 2 0 1 2 1 0 0 2 1 2 2 0 2 0 2 0 0 1 0 1 1 0 0 1 1 0 1 1 1 1 1 0 1 2 1 2 1 0 1 1 1 2 0 3 0 3 0 1 1 3 0 1 1 3 0 2 1 0 0 2 1 3 0 3 0 2 0 0 1 0 0 1 0 0 0 0 0 1 2 0 0 2 0 3 0 2 1 2 0 1 1 0 1 1 2 0 1 2 0 2 0 1 1 2 2 0 0 2 1 0 0 0 1 0 1 3 0 3 0 2 0 3 0 1 1 3 0 0 1 1 0 0 1 0 1 1 0 2 0 0 2 0 0 2 0 1 1 0 1 2 0 0 1 3 0 3 0 1 0 1 0 0 0 1 0 0 1 3 0 0 0 1 0 1 2 0 1 2 0 2 0 0 0 1 1 1 1 2 0 2 0 0 2 0 0 1 1 2 1 1 0 3 0 2 0 2 1 0 0 1 1 2 1 1 0 0 1 0 1 0 0 1 1 3 0 3 0 1 0 1 1 0 1 0 0 1 1 2 2 0 1 2 1 1 1 1 1 0 1 1 1 2 2 0 0 3 0 0 1 3 0 1 0 1
1 507 1 0 0 0 0 1 1 0 2 2 0 2 0 1 2 0 2 1 2 1 2 1 3 0 3 0 2 0 1 1 1 0 0 0 3 0 1 0 0 1 1 1 0 0 1 2 0 0 2 0 2 0 3 0 0 0 2 0 1 1 0 0 2 1 0 0 2 1 1 0 1 1 2 0 0 0 0 1 0 0 3 0 1 0 3 0 1 1 0 2 0 0 2 2 0 0 3 0 0 0 0 1 1 0 2 0 0 0 2 0 2 0 1 1 2 0 2 0 0 1 1 1 2 1 1 1 0 0 2 0 0 0 0 2 0 0 1 0 1 1 3 0 0 1 1 1 3 0 0 1 2 0 0 2 0 1 3 0 1 0 1 1 1 1 0 1 2 0 3 0 3 0 0 0 1 2 0 1 0 1 0 2 0 1 0 0 2 1 3 0 2 0 3 0 3 0 2 0 0 0 0 1 1 1 3 0 2 1 3 0 0 0 2 1 2 0 0 2 0 2 0 0 3 0 2 0 1 0 0 1 3 0 0 2 0 0 2 2 0 1 1 0 1 2 0 1 0 1 0 1 2 0 1 1 0 2 0 1 2 1 2 0 2 2 0 0 3 0 0 0 2 0 2 0 0 1 1 0 0 1 1 0 2 1 0 0 3 0 3 0 0 0 2 0 0 0 2 0 1 1 0 1 2 0 2 0 3 0 0 1 1 2 0 0 2 0 0 0 0 1 0 0 3 0 0 0 3 0 1 2 0 2 0 1 1 0 2 2 0 1 0 0 1 0 0 0 1 0 3 0 0 1 0 0 1 0 0 1 2 0 3 0 1 0 3 0 0 0 1 1 2 0 1 0 1 0 0 0 1 1 0 1 2 1 2 2 0 2 0 1 1 0 3 0 1 1 2 0 2 1 3 0 2 0 0 0 2 0 1 1 1 1 1 0 2 1 0 1 0 1 0 0 0 1 1 0 3 0 2 1 0 0 0 1 2 1 2 2 0 0 0 1 2 1 3 0 1 0 1 1 0 1 0 0 0 1 2 0 0 2 0 2 0 1 0 0 2 0 2 1 3 0 2 2 0 2 0 1 0 0 1 1 0 1 0 1 3 0 2 0 0 0 2 1 1 0 3 0 1 1 2 1 1 1 3 0 2
0 507 2 0 0 0 1 0 1 1 2 1 0 2 0 1 0 0 2 0 1 0 1 0 2 0 3 0 0 2 0 1 2 0 0 1 2 1 3 0 1 0 1 2 0 1 0 0 3 0 0 0 1 0 2 1 1 1 0 2 0 1 0 1 1 1 0 1 1 1 2 0 3 0 3 0 0 0 0 2 0 1 2 2 0 0 2 2 0 1 1 1 3 0 1 0 3 0 1 1 1 0 1 0 1 1 0 1 1 1 1 0 1 0 0 0 0 0 0 1 2 0 2 1 0 1 2 2 0 1 0 1 1 0 1 1 2 1 2 1 0 0 1 1 2 0 2 1 1 1 2 0 3 0 1 2 0 1 1 1 3 0 3 0 2 0 0 1 0 0 3 0 2 1 1 1 0 1 0 0 0 0 0 1 3 0 3 0 1 0 2 0 1 0 3 0 3 0 0 1 1 0 1 0 2 1 2 0 2 0 1 1 1 1 1 2 0 1 2 2 0 1 3 0 2 0 0 1 3 0 1 1 1 1 2 1 3 0 1 1 0 0 1 1 0 1 0 0 0 0 0 0 3 0 3 0 0 2 0 1 1 0 0 0 2 0 3 0 1 1 1 1 1 0 0 1 2 0 1 0 1 0 1 1 1 1 0 1 3 0 2 1 1 1 0 1 1 1 0 2 0 1 1 1 0 0 1 0 2 1 2 0 2 1 2 2 0 1 1 0 0 2 0 1 2 1 1 1 3 0 0 1 0 2 0 0 1 1 2 0 3 0 2 1 2 0 0 0 2 1 2 1 1 2 0 0 2 0 1 1 0 0 2 2 0 0 2 1 1 0 3 0 3 0 2 0 2 0 0 0 3 0 0 1 1 0 1 1 0 2 0 0 1 1 3 0 0 0 0 0 2 0 2 0 0 1 1 1 0 2 0 1 3 0 1 1 1 1 0 2 0 2 0 0 1 0 1 1 3 0 1 1 0 0 1 1 1 0 1 0 2 1 1 1 1 0 1 1 3 0 2 2 0 2 0 0 1 0 3 0 1 2 0 1 3 0 3 0 0 0 2 0 2 0 2 1 0 1 3 0 2 1 3 0 0 0 0 1 2 0 0 1 1 1 1 1 2 1 3 0 0 0 0 2 0 0 2 0 1
1 508 1 0 1 1 0 2 1 0 0 0 1 1 1 3 0 2 2 0 1 3 0 2 1 1 0 2 1 2 2 0 0 3 0 1 1 1 0 1 2 0 0 0 0 3 0 3 0 1 1 1 0 2 1 1 1 3 0 0 2 0 0 0 0 2 0 0 0 2 1 0 0 3 0 2 1 1 0 1 2 0 1 1 0 3 0 1 1 0 0 2 1 1 2 0 0 2 2 0 1 2 0 2 0 3 0 0 0 2 0 1 0 2 0 0 0 0 0 1 1 0 0 1 1 1 1 1 1 0 0 0 0 1 1 0 0 1 0 0 1 0 1 0 0 0 0 1 2 0 0 0 0 3 0 0 1 0 0 2 1 2 0 3 0 0 1 1 2 0 1 3 0 1 1 2 2 0 2 0 0 0 0 1 1 2 0 2 2 0 0 0 2 0 0 3 0 2 1 2 0 1 0 2 1 2 0 0 0 0 2 0 1 3 0 2 2 0 1 1 1 0 1 2 0 0 1 2 1 1 2 0 2 0 0 1 0 1 2 0 1 0 0 2 2 0 2 0 0 0 0 0 1 3 0 2 1 2 2 0 0 1 0 0 1 1 0 2 2 0 1 3 0 1 0 1 0 3 0 2 0 2 0 3 0 2 0 0 1 2 0 1 1 3 0 0 0 2 0 0 2 0 0 1 2 0 0 2 1 2 0 0 0 2 0 1 1 0 0 1 0 1 2 0 1 0 2 0 0 1 1 2 0 0 1 2 2 0 0 0 0 3 0 1 2 0 1 1 1 2 0 0 2 0 0 2 2 0 2 0 1 0 1 2 0 3 0 0 1 2 1 3 0 3 0 1 0 0 1 1 1 2 1 2 0 1 0 3 0 0 1 2 2 0 0 1 1 1 0 0 1 1 0 0 1 2 0 2 0 0 2 0 1 1 2 0 1 3 0 0 2 0 1 2 1 2 1 0 0 1 2 0 1 0 0 3 0 1 0 2 1 1 1 3 0 1 1 0 0 2 0 2 1 0 1 2 1 2 1 3 0 0 1 0 1 2 0 2 1 1 1 1 0 1 0 1 1 1 1 2 0 2 0 1 1 1 0 1 0 3 0 1 0 2 0 2 1 1 0 1 1 1 0 1 1 2 2 0 2 0
0 509 1 0 0 0 1 1 1 1 0 0 1 0 2 1 2 0 2 1 0 1 2 0 1 1 2 1 2 0 1 0 3 0 1 2 0 1 2 1 0 0 2 1 0 1 3 0 2 2 0 1 2 1 1 2 0 0 1 1 2 1 2 1 0 1 0 1 1 1 1 1 0 1 3 0 1 1 2 1 0 1 0 0 1 1 2 2 0 1 0 1 1 2 0 0 3 0 1 1 0 1 0 0 1 0 2 1 1 1 0 2 0 0 0 1 1 0 0 0 2 2 0 0 3 0 2 0 1 2 0 0 0 0 2 2 0 0 2 0 0 2 0 2 0 0 0 1 0 0 2 1 0 1 2 1 1 2 0 1 2 0 0 0 2 1 2 0 2 2 0 1 2 0 0 0 1 1 0 1 2 1 0 1 0 0 0 0 2 0 2 1 1 1 3 0 2 0 1 2 0 2 0 0 1 2 0 1 1 0 1 2 0 1 2 0 2 1 0 0 2 0 0 0 3 0 1 1 0 2 0 1 0 1 2 1 2 1 0 0 3 0 3 0 1 1 0 1 2 1 0 0 1 1 2 0 2 0 1 0 2 1 2 0 1 0 1 1 2 1 0 1 1 1 3 0 2 1 3 0 1 0 1 0 3 0 0 1 2 1 0 0 0 0 1 1 1 1 0 1 2 1 2 2 0 0 3 0 0 2 0 1 1 1 0 2 0 1 0 0 2 1 0 1 0 0 0 1 2 1 3 0 3 0 1 1 1 0 2 1 0 1 3 0 0 1 0 0 2 0 3 0 1 1 3 0 1 1 0 2 0 0 0 1 0 0 2 1 2 1 1 0 2 0 2 1 3 0 1 0 2 1 0 2 0 2 0 0 2 1 2 1 1 0 2 1 3 0 1 0 1 0 1 0 1 1 0 0 0 1 2 2 0 0 2 2 0 1 1 1 2 2 0 1 1 0 0 1 0 1 0 0 3 0 3 0 1 2 0 0 1 2 0 0 1 2 0 1 0 1 1 0 1 1 1 1 1 0 1 0 1 1 2 0 0 1 0 0 1 1 3 0 1 0 2 0 3 0 2 1 0 0 0 2 0 1 2 0 2 1 2 2 0 0 1 0 1 1 2 0 3 0 1 1 0 0 1 1 0 1 2
1 509 2 0 0 0 3 0 1 2 0 0 2 1 2 0 0 0 1 1 1 1 0 0 0 0 0 2 0 2 0 0 3 0 0 1 0 1 0 1 0 1 1 1 1 1 2 0 2 1 0 1 0 2 0 0 2 2 0 0 1 0 0 1 1 0 0 0 2 0 2 0 0 1 2 0 0 0 0 1 0 2 0 1 0 0 1 1 0 0 0 0 2 1 3 0 1 2 0 1 0 2 0 0 2 1 1 1 3 0 0 1 2 1 1 0 1 0 0 1 2 0 3 0 2 0 1 0 0 0 2 1 0 1 2 0 2 2 0 1 2 2 0 1 2 1 0 2 0 1 1 1 1 1 0 2 0 1 0 0 3 0 0 1 2 0 0 0 2 1 0 0 3 0 0 0 3 0 0 1 0 1 0 2 0 0 0 1 1 0 1 2 0 0 2 0 1 0 0 1 0 1 2 2 0 1 0 0 1 1 0 1 0 1 0 0 1 1 0 1 0 1 1 1 2 2 0 1 1 2 0 0 0 1 1 0 0 1 0 1 3 0 2 2 0 1 1 1 0 1 0 1 0 0 0 0 0 2 0 0 1 2 0 2 0 0 0 0 0 1 1 0 2 1 2 0 2 0 1 1 3 0 2 1 2 1 2 1 0 1 0 0 0 0 3 0 2 0 0 1 1 0 1 0 3 0 1 1 2 2 0 0 2 0 0 1 3 0 3 0 0 1 0 2 0 0 1 1 1 0 2 0 2 2 0 1 2 1 1 1 1 1 1 1 1 2 0 1 1 0 3 0 0 0 1 2 0 1 1 1 2 1 0 2 0 1 2 0 0 1 2 1 1 0 2 0 1 2 0 0 1 1 1 2 0 1 3 0 1 0 0 1 2 1 2 0 1 1 3 0 2 0 2 0 2 2 0 0 1 1 1 0 3 0 1 1 0 0 2 1 1 1 0 0 1 0 0 2 0 2 0 1 3 0 3 0 0 0 2 2 0 0 2 2 0 1 0 0 0 0 1 0 3 0 2 0 1 0 2 0 3 0 3 0 0 2 0 1 0 0 1 2 0 0 1 0 3 0 1 1 0 0 1 2 0 1 0 0 2 0 1 0 2 1 2 1 0 0 0 0 2 2 0 1 0 0 3 0 0 1 0
1 510 1 0 1 1 1 3 0 0 0 3 0 0 2 0 1 1 0 3 0 1 2 0 0 0 0 1 2 0 1 3 0 1 1 2 0 0 0 0 0 0 0 2 0 2 1 0 0 1 1 1 0 0 1 3 0 1 0 2 1 2 0 1 0 1 0 0 1 1 0 0 1 2 0 3 0 0 0 1 0 0 1 3 0 2 1 2 2 0 0 0 1 2 0 2 0 0 1 0 0 0 1 3 0 0 2 0 0 1 1 2 1 0 1 2 0 2 0 1 1 0 0 3 0 0 1 3 0 0 1 1 1 1 1 0 0 2 1 0 1 1 1 0 1 0 1 1 2 0 0 2 0 2 0 0 1 3 0 3 0 1 1 2 0 3 0 0 1 1 1 0 1 2 1 1 1 2 1 2 0 0 0 0 1 2 1 1 0 1 1 0 0 2 2 0 1 3 0 1 0 0 1 1 0 3 0 2 1 2 2 0 2 0 2 0 0 3 0 0 0 0 0 2 1 1 1 0 0 2 1 2 1 1 0 1 0 1 0 0 1 2 0 2 1 0 0 1 2 0 2 0 2 0 0 0 0 1 1 2 2 0 1 0 1 2 1 0 0 1 0 1 1 2 0 0 0 1 0 0 0 2 0 2 0 1 0 0 1 0 2 0 0 0 1 3 0 0 1 2 0 1 0 2 1 3 0 0 0 1 0 2 2 0 1 2 1 2 0 2 1 2 0 0 1 2 1 3 0 1 1 1 0 2 1 0 1 0 1 3 0 2 0 2 0 2 2 0 0 1 1 2 1 1 1 0 1 0 0 2 1 0 1 1 2 0 0 3 0 1 1 0 1 2 1 1 0 0 0 2 1 3 0 2 2 0 1 1 1 3 0 1 1 1 0 0 0 0 0 2 0 1 0 1 0 2 0 2 1 3 0 1 1 2 2 0 1 0 1 1 1 2 2 0 0 2 0 1 2 0 2 0 1 2 0 2 1 1 1 2 0 3 0 1 0 3 0 2 1 0 0 2 1 3 0 0 2 0 0 1 0 3 0 2 1 2 1 3 0 2 2 0 0 2 1 2 1 2 2 0 1 0 1 0 0 3 0 2 2 0 2 0 0 2 0 0 1 0 0 0 1 2 0 3 0 3 0 1 1 1 2 0
1 511 1 0 0 0 2 1 1 1 1 1 2 1 2 2 0 0 1 1 3 0 0 0 2 1 0 1 0 1 0 1 1 2 0 2 0 1 1 0 0 0 0 1 1 0 1 1 0 0 3 0 1 0 1 1 1 2 0 0 1 2 0 1 3 0 2 0 1 0 1 0 1 1 0 0 2 1 1 0 2 0 1 1 2 0 2 0 1 0 2 1 1 1 0 0 0 1 1 2 0 0 1 1 1 1 2 1 2 2 0 0 0 1 1 1 0 0 0 2 0 1 0 1 2 1 2 1 1 1 2 0 2 0 1 2 0 1 1 1 1 0 2 0 0 0 0 0 2 1 3 0 0 0 0 1 2 1 2 0 3 0 0 0 0 0 2 1 2 0 2 0 0 1 0 2 0 0 0 2 0 1 1 0 1 1 0 1 2 0 2 2 0 1 2 1 0 1 1 1 3 0 1 0 1 1 3 0 2 0 1 1 0 2 0 1 3 0 1 1 1 0 0 1 1 1 2 2 0 1 2 0 0 1 2 0 2 0 2 0 1 1 0 0 1 1 0 1 0 1 0 2 0 1 2 1 0 1 0 0 1 1 0 0 0 1 0 1 0 0 2 0 3 0 3 0 0 0 2 0 0 1 1 0 0 1 3 0 1 0 0 1 2 1 1 1 1 1 2 0 3 0 2 1 2 0 1 1 1 0 2 1 2 1 0 1 1 0 0 0 1 2 0 1 2 1 1 0 1 2 0 1 2 1 1 1 1 0 0 1 2 0 1 0 1 0 2 0 2 2 0 0 0 1 2 2 0 2 0 1 1 1 1 0 2 1 3 0 1 2 0 1 1 1 0 1 2 0 0 1 2 0 2 0 2 1 0 0 2 1 1 2 0 1 2 0 0 0 0 1 0 1 3 0 2 1 1 0 2 0 2 0 0 0 1 1 0 0 0 0 2 1 1 0 3 0 0 0 0 1 0 2 0 1 0 0 1 2 0 0 0 0 2 2 0 0 3 0 1 1 0 1 2 0 1 1 2 1 2 1 2 1 3 0 2 0 1 0 2 0 2 0 3 0 1 0 1 0 1 0 3 0 3 0 3 0 2 0 2 1 0 1 2 2 0 1 1 2 0 0 1 1 0 0 3 0 2 2 0 2 0 0 2
0 511 2 0 0 1 1 1 3 0 2 1 1 0 1 0 2 2 0 0 1 1 1 1 1 1 1 0 0 0 0 0 2 2 0 2 0 0 1 0 0 0 1 0 1 0 2 2 0 1 2 1 3 0 3 0 2 1 2 2 0 1 0 1 2 0 0 1 3 0 2 0 2 2 0 1 1 1 2 1 1 0 0 0 0 0 0 2 0 0 1 1 2 2 0 0 1 0 2 1 2 1 3 0 2 1 1 0 1 0 2 1 1 0 1 2 0 0 1 2 0 0 0 1 1 0 0 2 0 0 0 0 1 0 0 1 0 0 2 0 1 1 0 1 1 0 0 1 2 0 1 1 1 0 1 1 1 0 0 0 2 1 1 0 0 1 2 0 0 0 0 1 2 0 0 1 2 1 1 2 0 0 1 0 3 0 0 1 0 0 2 1 0 1 0 1 1 0 2 1 1 2 0 0 0 0 2 0 0 2 0 1 1 2 0 1 1 2 0 1 2 0 1 0 2 1 1 1 0 0 3 0 1 1 0 0 1 0 0 2 0 1 0 0 3 0 0 0 0 0 0 2 0 1 0 1 0 2 0 0 2 2 0 0 0 2 0 2 0 1 1 0 3 0 2 1 1 1 0 1 2 0 1 0 1 1 1 1 3 0 1 1 0 1 3 0 2 1 0 0 3 0 1 2 0 2 0 1 2 1 2 0 0 1 1 0 1 0 0 1 0 1 0 1 0 1 2 1 0 1 0 1 0 1 3 0 1 0 1 0 3 0 2 0 2 1 1 0 2 0 2 1 1 1 1 1 0 2 0 0 2 0 1 1 2 0 2 0 0 1 0 0 2 0 0 0 3 0 1 1 0 0 1 0 1 1 0 1 1 2 0 1 0 0 3 0 0 0 1 0 0 1 2 0 1 1 2 1 1 0 0 1 1 0 2 2 0 0 0 1 1 1 2 1 2 1 1 0 1 0 0 1 3 0 2 2 0 0 2 1 0 1 2 0 3 0 1 2 0 1 1 1 0 0 0 0 1 0 1 0 1 0 2 0 0 2 0 0 1 0 1 0 2 1 3 0 2 0 2 1 3 0 3 0 3 0 1 0 1 1 1 1 1 1 0 0 2 1 2 1 2 2 0 1 3 0 2 1 0 1 3 0 0
0 512 1 0 1 2 0 2 1 2 0 1 1 2 0 2 1 2 0 2 1 3 0 2 0 2 0 1 0 0 0 0 1 2 1 0 1 2 1 2 0 0 0 2 0 2 1 2 1 0 1 1 0 2 0 3 0 2 0 1 1 0 0 0 0 3 0 1 1 2 0 1 0 2 1 0 0 2 1 0 1 2 0 0 0 0 0 1 1 2 2 0 0 1 0 2 1 2 1 2 0 1 0 2 0 1 1 2 0 2 1 1 1 2 1 0 0 2 2 0 0 2 1 1 0 1 0 1 1 2 1 0 0 2 0 0 2 0 1 0 2 0 1 1 0 1 0 1 0 3 0 3 0 1 0 3 0 1 0 0 1 1 1 2 0 1 0 3 0 0 0 1 0 3 0 1 1 0 2 0 0 2 1 2 1 2 1 1 2 0 1 1 1 1 0 0 0 1 1 1 2 0 0 2 1 0 1 0 1 2 2 0 0 2 2 0 0 2 2 0 0 3 0 2 1 1 1 2 2 0 1 2 2 0 1 0 0 2 0 1 1 3 0 3 0 1 1 1 0 0 0 1 2 0 0 0 0 0 1 3 0 1 0 2 1 1 2 0 2 0 0 1 1 3 0 1 1 3 0 0 0 3 0 2 0 3 0 2 1 1 2 0 1 1 1 2 0 1 1 0 1 3 0 0 1 0 2 0 1 0 2 0 1 2 0 1 0 2 0 1 0 0 0 0 0 0 1 0 1 1 0 0 0 0 1 1 1 3 0 2 1 3 0 1 0 1 1 2 1 1 0 1 1 3 0 2 0 0 1 3 0 0 0 0 0 0 0 0 1 1 2 0 1 0 1 1 1 2 2 0 1 0 0 2 0 3 0 0 0 2 1 3 0 3 0 1 1 1 0 2 0 1 1 0 0 0 0 0 1 2 0 1 0 1 1 2 0 2 1 1 0 2 1 1 0 0 1 2 0 2 0 1 1 2 0 2 0 3 0 0 1 1 1 0 0 3 0 0 1 0 0 1 2 0 0 0 0 2 0 2 0 2 1 0 1 2 1 2 1 2 0 2 1 2 0 2 0 1 0 2 0 2 0 3 0 2 1 3 0 3 0 2 0 1 2 0 1 2 0 1 0 1 1 0 1 2 0 1 1 1 1 1 1 1
0 513 1 0 0 1 0 0 2 0 0 0 0 0 0 0 2 0 0 0 2 0 2 0 1 0 0 1 3 0 0 0 1 1 0 1 1 1 0 2 0 1 1 1 1 0 2 0 0 1 1 0 1 1 1 0 3 0 0 2 0 1 0 0 0 1 2 2 0 2 0 2 0 0 1 1 0 1 1 1 1 0 3 0 0 0 0 1 0 0 1 0 2 1 2 1 2 0 0 2 0 2 0 0 1 0 0 0 0 0 1 2 0 0 0 1 0 1 2 0 3 0 0 1 2 0 2 1 0 0 0 1 0 1 0 1 2 2 0 0 0 2 0 0 1 0 2 0 2 1 3 0 2 2 0 0 2 1 3 0 1 0 2 0 3 0 2 1 2 1 1 0 2 1 2 2 0 1 1 1 3 0 1 0 1 0 0 2 0 1 0 0 2 0 1 0 0 0 3 0 2 1 3 0 0 1 1 0 0 1 1 0 3 0 1 0 3 0 1 0 3 0 2 0 1 2 0 0 1 1 0 1 1 0 3 0 3 0 0 0 0 0 2 0 2 2 0 1 2 0 0 1 0 0 2 1 0 0 1 1 1 2 0 0 1 2 0 1 0 1 2 2 0 0 2 0 0 0 1 1 1 1 3 0 1 0 3 0 1 2 0 1 0 0 2 0 3 0 3 0 0 1 1 1 2 0 0 2 0 0 0 2 0 0 3 0 2 1 0 1 3 0 0 0 0 0 1 0 0 0 1 0 0 0 1 0 2 1 2 0 2 0 1 2 0 0 0 0 0 1 2 1 0 0 2 0 0 1 2 1 1 1 1 0 0 0 0 0 1 0 2 2 0 0 0 0 2 1 1 0 3 0 3 0 0 0 2 1 1 1 2 0 2 0 2 2 0 1 2 1 0 2 0 1 0 0 0 0 1 0 3 0 2 1 0 0 0 0 1 1 2 1 1 1 2 0 1 1 0 0 1 0 0 0 0 0 1 0 2 1 2 0 1 2 0 1 2 1 1 2 0 1 0 0 2 1 0 1 1 0 1 0 1 1 1 1 1 0 1 0 0 0 2 0 0 0 0 2 0 0 1 0 1 0 3 0 2 0 2 0 3 0 1 0 0 1 0 0 3 0 2 0 3 0 0 0 3 0 3 0 2 0 2 0 1
1 513 2 0 0 2 0 1 0 1 1 0 0 0 0 1 0 1 1 1 1 0 0 1 3 0 1 1 1 1 1 0 3 0 0 0 2 0 0 2 0 0 2 0 1 1 0 1 2 0 1 0 3 0 1 1 2 1 2 1 3 0 2 1 1 1 1 1 0 2 0 1 2 1 3 0 0 0 2 0 1 1 2 1 1 0 0 2 0 0 2 1 2 0 0 2 0 1 2 2 0 1 2 1 2 0 0 0 0 1 0 0 2 1 1 0 0 1 0 0 2 1 2 1 0 0 1 1 0 0 1 0 0 0 0 1 1 0 2 1 1 1 2 1 2 1 1 0 2 0 2 0 2 0 3 0 1 0 1 2 0 0 1 0 3 0 2 0 0 1 2 1 2 0 1 1 0 0 2 1 1 1 3 0 2 0 1 1 3 0 2 2 0 1 3 0 0 1 3 0 2 0 1 1 2 0 1 0 1 0 1 1 2 2 0 0 2 2 0 0 3 0 1 0 0 0 2 1 3 0 0 0 1 1 3 0 2 1 1 0 0 1 1 0 2 1 0 0 3 0 0 2 0 1 1 1 0 0 3 0 2 1 2 2 0 1 0 0 0 1 1 0 2 2 0 1 1 0 3 0 2 1 1 2 0 0 3 0 0 0 3 0 3 0 0 0 3 0 2 1 2 0 2 0 3 0 1 1 2 1 1 1 3 0 2 0 1 1 1 1 1 1 1 0 0 0 2 0 0 0 2 0 0 0 2 1 2 0 0 0 1 0 0 0 2 1 0 0 1 1 0 1 0 1 0 1 2 1 0 1 3 0 1 0 0 0 0 0 2 1 2 0 2 1 0 1 1 1 2 1 3 0 2 1 1 1 1 2 0 0 0 0 1 0 2 1 0 1 0 1 1 1 3 0 2 1 0 0 2 1 3 0 1 1 0 0 0 1 0 0 0 1 3 0 3 0 2 2 0 0 2 0 0 0 0 0 2 1 2 0 0 0 0 1 0 1 0 2 0 0 3 0 3 0 0 1 1 0 1 0 2 0 3 0 2 0 1 0 2 0 0 1 0 1 1 0 1 1 2 1 2 0 2 1 3 0 1 0 1 0 2 1 3 0 0 2 0 1 3 0 1 0 2 1 1 1 3 0 3 0 1 0 0 2 0
1 514 1 0 1 2 2 0 0 0 0 1 0 0 0 1 0 0 0 2 0 1 0 1 1 1 2 0 1 3 0 1 1 2 1 1 1 0 1 2 1 2 2 0 2 0 1 1 0 3 0 2 1 3 0 0 0 1 0 1 0 2 0 1 1 3 0 2 0 0 2 0 1 1 0 1 1 1 1 1 0 0 0 0 1 2 0 1 1 3 0 0 2 0 1 2 2 0 1 1 1 0 1 0 2 0 1 1 0 0 2 0 1 1 1 2 0 0 2 0 1 2 0 0 1 0 0 2 2 0 0 2 0 0 0 1 0 1 1 1 2 0 0 1 0 0 1 2 1 1 0 1 0 1 0 2 2 0 0 0 0 2 1 2 1 3 0 0 1 2 1 0 2 0 2 0 1 0 1 1 2 0 0 2 0 1 0 0 0 2 0 2 1 0 1 1 1 2 1 2 0 0 2 0 2 0 1 3 0 2 1 0 0 1 0 3 0 1 0 3 0 1 1 3 0 0 1 2 0 1 1 1 1 0 0 2 0 1 1 2 0 1 0 1 1 1 1 0 1 2 1 2 2 0 0 1 2 0 1 3 0 2 0 1 0 3 0 2 1 1 0 1 1 2 1 0 0 1 1 3 0 1 2 0 0 3 0 1 1 1 1 3 0 2 1 1 1 3 0 2 0 0 0 1 0 3 0 0 0 0 2 0 0 2 0 0 2 0 1 3 0 2 0 1 0 0 1 0 1 1 1 0 1 1 1 1 2 0 1 1 0 2 0 0 1 1 1 0 0 3 0 0 0 0 0 0 1 0 1 1 1 1 1 3 0 0 0 0 1 2 0 0 0 1 1 1 0 2 1 1 0 2 0 1 1 3 0 2 1 2 1 0 0 2 1 1 1 1 0 0 0 2 1 2 0 1 1 0 1 2 0 1 2 0 1 0 0 0 2 0 0 1 1 2 0 3 0 2 0 2 2 0 1 1 0 0 1 1 2 0 1 1 0 1 0 0 0 0 1 3 0 2 0 2 1 2 0 1 0 2 1 1 0 3 0 0 2 0 0 0 1 2 0 0 0 1 1 0 0 1 0 0 0 2 0 1 1 3 0 2 1 2 0 1 1 2 2 0 1 1 2 0 0 1 2 0 0 2 0 2 1 3 0 1 1 2
0 515 1 0 0 1 1 0 2 1 0 0 2 0 0 0 2 0 0 1 0 1 3 0 3 0 2 2 0 1 2 0 0 0 0 1 3 0 0 1 1 0 1 1 0 2 0 0 1 1 3 0 2 0 1 1 1 0 2 0 2 1 1 0 0 0 2 0 0 1 2 2 0 0 1 0 3 0 2 0 1 0 0 0 1 1 0 0 0 0 1 1 2 2 0 1 1 1 0 0 2 0 0 0 0 2 0 0 1 0 1 2 0 0 2 0 3 0 1 2 0 0 3 0 0 2 0 1 2 0 2 2 0 1 1 0 2 0 3 0 2 1 2 1 2 0 1 1 0 1 2 0 2 0 2 1 2 0 2 1 0 1 2 0 1 0 1 1 2 1 0 1 1 2 0 2 0 0 0 0 2 1 2 2 0 1 3 0 0 1 1 0 1 1 1 0 2 1 0 2 0 1 2 2 0 2 0 1 2 0 1 1 0 0 2 1 2 2 0 0 3 0 0 0 1 1 2 0 3 0 3 0 1 2 0 1 0 2 0 2 0 1 3 0 3 0 2 0 0 1 1 0 1 0 2 2 0 1 0 1 2 0 0 2 0 0 3 0 1 1 2 1 0 0 0 1 0 1 0 0 2 0 0 0 3 0 1 2 0 2 0 0 2 0 1 2 0 0 2 0 0 1 1 0 2 1 2 1 1 0 1 1 2 2 0 1 2 2 0 1 2 0 0 1 3 0 1 0 0 0 2 0 0 0 2 0 2 2 0 0 1 1 0 1 2 0 1 2 0 1 2 1 1 0 0 0 1 0 0 0 2 0 2 1 1 1 1 0 1 0 3 0 0 0 3 0 1 1 1 1 2 1 1 0 0 0 2 0 2 0 0 1 0 1 1 1 3 0 1 0 0 1 1 2 0 2 0 1 1 1 0 0 0 0 3 0 2 1 1 1 2 2 0 0 0 0 3 0 1 0 2 1 0 0 1 0 1 0 2 2 0 0 1 0 2 0 0 0 1 1 2 0 1 0 1 2 0 2 0 0 1 1 2 1 2 1 2 1 2 1 1 0 3 0 0 0 2 2 0 0 2 0 0 1 1 0 0 0 2 0 2 0 0 0 0 0 1 1 0 0 2 1 2 2 0 0 3 0 0 0 2 0 2 0 0 0 0
0 515 2 0 1 0 1 1 1 1 0 1 0 1 1 1 0 1 2 0 0 1 2 0 3 0 2 1 0 0 3 0 0 0 1 1 1 1 2 0 1 0 3 0 0 1 2 2 0 0 2 0 0 2 0 1 2 1 1 0 1 1 2 0 0 1 0 1 2 1 1 0 2 1 2 1 3 0 0 1 3 0 0 0 2 2 0 0 0 1 0 0 1 1 0 0 1 2 0 1 0 1 1 0 1 1 2 1 2 1 0 0 3 0 0 0 3 0 0 0 3 0 1 1 2 2 0 1 0 0 2 1 0 0 1 1 1 0 3 0 2 0 0 2 0 2 0 1 1 1 0 0 1 0 2 0 0 0 1 1 1 0 3 0 2 1 0 0 0 1 1 0 2 2 0 1 2 1 0 1 2 0 1 1 0 1 1 1 2 0 1 0 3 0 1 1 1 1 1 2 0 1 1 1 0 2 0 0 3 0 2 2 0 1 2 0 1 0 3 0 1 1 1 1 0 0 0 0 3 0 3 0 0 1 0 0 0 2 0 2 0 1 2 0 3 0 0 1 2 0 1 0 2 1 2 1 0 0 0 0 3 0 1 1 3 0 2 0 0 0 0 1 0 0 0 2 0 2 0 1 0 1 1 1 3 0 0 1 0 1 3 0 0 0 0 0 2 2 0 1 2 0 1 1 2 0 0 1 2 1 0 0 1 1 0 1 1 1 0 0 3 0 1 1 1 1 3 0 0 1 0 1 1 1 1 0 2 0 2 1 3 0 0 1 0 0 0 1 0 1 0 1 2 0 0 0 2 0 0 1 1 0 1 1 3 0 1 0 2 1 2 1 1 1 2 2 0 2 0 0 0 1 2 0 0 1 1 0 0 1 2 0 0 0 2 1 1 1 3 0 1 0 2 2 0 2 0 0 1 2 0 0 0 1 3 0 1 2 0 0 1 0 2 1 0 1 2 2 0 0 1 1 0 0 2 0 2 1 2 0 2 1 2 1 0 1 1 0 3 0 3 0 2 1 0 1 0 1 2 2 0 0 1 0 1 0 1 0 0 1 2 1 2 1 1 1 2 0 2 2 0 1 2 0 1 0 0 1 1 0 0 1 1 0 0 0 2 2 0 1 2 0 1 0 3 0 1 1 1 1 1 0 0 1 1 0 0
0 516 1 0 1 3 0 3 0 2 0 0 0 0 0 2 0 0 0 3 0 1 1 0 0 3 0 1 1 0 1 2 1 1 0 3 0 2 0 3 0 2 1 2 1 2 1 1 0 2 2 0 1 2 2 0 1 0 1 2 0 3 0 3 0 1 0 0 1 0 1 2 1 2 0 1 0 1 1 2 1 1 1 1 1 2 0 2 1 0 2 0 0 2 2 0 1 0 1 0 0 0 0 1 1 0 0 1 0 0 1 0 1 2 1 1 1 2 1 1 1 3 0 0 0 1 0 3 0 3 0 0 1 0 0 3 0 1 1 3 0 0 1 2 2 0 2 0 0 1 2 0 0 2 1 0 1 1 0 3 0 1 1 3 0 1 1 0 0 1 0 1 1 2 1 0 1 0 1 1 0 3 0 3 0 0 0 2 0 3 0 2 1 2 2 0 1 3 0 2 2 0 0 2 0 0 1 3 0 2 0 2 1 0 0 3 0 2 1 2 2 0 1 2 2 0 0 0 1 3 0 2 1 1 2 0 0 1 2 0 2 0 1 0 0 2 1 2 0 3 0 2 1 2 0 0 1 0 0 0 1 3 0 0 0 2 0 0 1 1 0 0 2 0 0 1 2 0 2 0 0 0 0 2 1 1 1 2 0 0 1 1 1 1 0 0 1 2 1 0 0 3 0 3 0 3 0 1 1 0 1 0 0 3 0 0 0 1 2 0 1 2 2 0 2 0 0 1 1 2 0 0 0 2 0 1 1 1 0 2 0 1 1 1 2 0 0 1 0 0 0 0 0 3 0 0 1 0 1 2 0 1 1 0 0 1 2 0 0 2 0 0 2 0 0 1 1 0 1 2 1 1 0 3 0 1 0 1 0 1 0 3 0 0 1 1 2 0 0 1 2 0 0 2 1 0 1 2 2 0 0 2 1 1 1 2 0 0 0 2 1 2 1 1 1 1 1 1 0 2 1 2 2 0 1 1 0 2 0 0 0 2 0 0 1 1 0 1 1 3 0 3 0 1 1 1 0 0 1 1 0 2 1 2 0 2 0 2 0 1 1 1 0 0 2 0 0 0 0 2 1 0 0 3 0 2 0 1 0 1 0 1 0 1 0 0 1 2 1 0 0 3 0 2 1 2 2 0 1 3 0 1 0 1 0 1 0 0
0 517 1 0 0 1 2 0 3 0 0 1 1 0 0 1 0 1 1 1 2 2 0 1 0 1 2 2 0 1 1 1 0 1 2 1 3 0 1 0 3 0 2 0 1 0 0 1 2 1 2 1 0 1 1 1 0 0 0 1 0 0 3 0 2 1 3 0 1 0 0 1 0 2 0 2 0 0 0 0 0 1 3 0 2 1 0 0 1 1 1 1 3 0 1 0 3 0 3 0 2 1 0 0 2 2 0 0 2 0 1 0 0 1 0 2 0 0 0 2 0 0 1 1 1 0 2 1 3 0 2 1 1 2 0 1 3 0 0 0 1 1 2 1 1 1 0 1 2 2 0 0 3 0 0 1 1 0 1 1 3 0 0 0 1 2 0 1 0 0 2 1 0 0 0 1 1 0 0 0 1 1 3 0 2 1 1 1 1 0 3 0 2 0 1 1 0 1 2 0 2 0 2 2 0 1 2 1 2 0 1 0 1 1 0 1 3 0 2 0 1 1 0 1 1 0 2 1 1 1 2 0 1 2 0 0 2 2 0 1 0 1 3 0 3 0 1 0 0 0 3 0 1 2 0 1 1 2 0 0 1 1 1 1 1 1 0 1 2 0 1 0 1 1 2 2 0 1 0 1 2 1 0 1 1 1 3 0 3 0 1 0 2 0 1 0 1 1 0 1 0 1 3 0 3 0 2 2 0 1 0 2 0 1 2 1 1 1 0 1 0 1 1 1 0 1 2 1 3 0 3 0 0 1 0 2 0 1 2 1 0 2 0 2 0 0 2 1 2 0 0 0 0 1 2 1 2 0 0 0 3 0 2 2 0 1 0 0 2 2 0 1 2 1 2 1 3 0 0 1 0 1 2 1 2 1 3 0 2 0 2 1 2 1 2 0 2 1 2 2 0 0 3 0 0 1 1 1 1 0 3 0 0 1 3 0 3 0 0 1 2 0 0 1 3 0 2 0 1 1 2 0 1 1 0 0 1 1 0 1 1 1 0 1 2 0 1 1 0 0 2 0 2 2 0 1 2 0 1 0 1 1 2 0 0 0 1 0 0 2 0 1 2 0 1 1 2 1 0 1 1 1 0 1 3 0 0 1 3 0 2 0 2 0 2 0 1 1 0 1 0 1 3 0 2 0 1 1 0 1 1 1 3 0 2 0 2 0 0
0 517 2 0 1 1 0 0 2 1 2 0 1 0 1 0 0 0 2 1 1 1 0 0 0 1 1 1 0 0 2 0 0 1 1 0 1 2 0 0 3 0 0 1 3 0 1 1 1 0 0 1 1 0 1 2 0 0 0 2 0 1 3 0 2 0 1 1 3 0 1 0 0 2 0 1 2 1 0 0 1 1 2 0 1 1 0 0 3 0 2 1 1 2 0 0 3 0 3 0 1 1 0 1 2 0 2 2 0 1 3 0 1 0 0 1 2 1 1 1 2 1 3 0 1 1 2 0 2 0 1 2 0 1 0 1 1 1 1 1 0 0 0 1 3 0 0 1 1 0 3 0 1 1 2 0 1 1 0 0 1 1 1 1 0 0 3 0 3 0 0 1 0 0 1 0 1 0 0 1 0 0 2 0 1 1 3 0 1 1 3 0 0 2 0 1 1 1 0 0 1 0 2 1 0 1 0 2 0 1 3 0 3 0 0 1 2 0 0 2 0 1 1 0 1 1 1 2 0 0 0 0 0 0 3 0 1 1 0 0 0 1 2 0 2 1 3 0 0 1 3 0 0 1 0 0 2 1 2 1 3 0 2 0 2 0 0 0 3 0 2 1 0 0 1 1 0 0 0 1 0 1 1 0 2 1 2 0 2 2 0 0 0 1 3 0 3 0 0 0 0 1 2 0 3 0 2 1 0 0 0 2 0 1 0 1 3 0 0 0 0 0 2 0 0 1 1 0 2 0 2 1 2 0 0 2 0 1 0 1 1 2 0 1 3 0 0 2 0 1 1 0 1 1 0 2 0 1 1 1 3 0 2 0 3 0 3 0 1 1 0 1 1 0 1 0 1 1 2 0 0 1 1 0 1 0 2 0 1 0 2 0 1 0 0 0 2 0 1 0 3 0 1 1 2 0 2 0 1 1 2 1 2 1 2 0 2 1 2 0 3 0 1 1 2 0 0 2 0 2 0 2 0 1 0 0 3 0 0 0 2 0 0 0 3 0 2 2 0 1 1 0 2 1 0 0 3 0 2 0 3 0 3 0 0 0 2 0 1 2 0 1 0 0 0 0 0 1 1 0 2 0 0 1 1 1 2 1 2 0 1 0 1 0 0 2 0 1 1 0 0 1 2 0 0 2 0 1 1 0 2 1 2 0 1 0 0 1 1
0 518 1 0 2 0 1 0 1 1 2 0 1 3 0 2 0 0 1 1 1 2 2 0 0 1 0 1 2 0 1 0 1 2 0 1 1 0 0 3 0 1 1 2 1 1 2 0 1 2 0 1 0 1 1 0 0 2 1 1 2 0 1 2 0 1 0 0 0 1 1 3 0 1 2 0 1 0 1 0 0 3 0 3 0 2 2 0 1 3 0 1 2 0 0 3 0 2 0 2 2 0 1 1 1 0 0 2 1 0 1 1 1 3 0 1 1 0 2 0 0 1 0 2 0 0 0 0 0 1 0 0 1 0 0 0 0 2 0 1 2 0 0 1 1 1 1 2 0 1 1 2 2 0 2 0 2 0 1 0 0 3 0 1 2 0 1 3 0 2 1 1 2 0 0 2 0 2 0 0 2 0 1 1 0 0 0 2 0 0 0 1 1 2 2 0 0 1 2 0 0 2 1 1 1 1 0 0 2 0 1 2 0 2 1 2 0 3 0 1 2 0 0 1 0 3 0 2 1 2 1 0 0 0 1 2 2 0 1 0 0 1 1 0 0 2 0 1 1 2 1 1 1 1 2 0 1 2 0 1 0 2 0 1 0 0 1 1 1 3 0 1 1 0 0 2 2 0 0 1 0 0 0 1 1 2 0 0 0 2 0 2 1 1 1 2 0 2 1 1 0 1 1 0 0 3 0 1 1 0 0 1 2 0 0 0 1 1 1 1 0 0 1 0 1 2 0 1 1 1 0 1 2 0 1 2 2 0 0 0 0 2 2 0 1 1 1 2 2 0 0 1 0 3 0 0 2 0 0 2 1 2 0 1 0 3 0 2 2 0 1 1 0 1 0 2 0 3 0 3 0 1 0 1 0 2 1 0 2 0 0 0 1 3 0 0 1 0 2 0 0 3 0 0 0 0 0 1 0 0 0 1 0 1 0 0 0 2 0 0 0 2 2 0 2 0 1 2 2 0 2 0 1 3 0 3 0 1 1 1 1 0 1 1 1 3 0 2 1 0 0 1 1 1 1 0 1 3 0 1 0 3 0 2 1 1 1 1 0 0 0 3 0 2 1 0 0 1 0 1 1 0 1 2 0 2 1 0 2 0 1 3 0 2 0 1 2 0 0 1 0 1 0 3 0 1 2 0 0 1 1 1 2 0 1 3 0 1 0 1
1 519 1 0 0 2 0 0 0 0 2 2 0 1 2 0 0 1 2 0 2 1 1 0 2 1 2 1 0 1 0 0 0 0 3 0 2 2 0 1 3 0 0 0 0 2 0 1 0 0 3 0 2 0 2 2 0 1 1 2 0 1 0 0 3 0 2 0 0 1 0 0 2 0 0 0 3 0 3 0 3 0 2 0 3 0 2 1 0 1 2 0 0 0 3 0 2 0 1 0 2 1 0 0 1 2 0 1 1 1 1 0 2 1 1 2 0 1 1 1 2 1 2 1 0 1 1 0 0 0 2 0 0 2 0 0 0 1 1 0 0 0 2 1 3 0 2 1 0 0 0 0 1 1 0 2 0 1 3 0 3 0 2 0 0 1 0 1 2 0 1 2 0 0 3 0 0 0 0 1 2 2 0 0 1 0 0 1 0 1 1 1 0 0 1 0 2 2 0 0 3 0 0 1 3 0 1 0 1 2 0 1 0 0 2 0 0 0 3 0 0 0 2 1 2 1 3 0 2 0 0 1 0 0 1 1 1 0 3 0 2 1 2 2 0 1 1 0 0 0 0 1 3 0 2 2 0 0 3 0 2 1 0 1 3 0 1 0 2 1 1 2 0 1 0 1 2 0 2 1 2 0 0 0 3 0 3 0 0 1 1 0 1 2 0 0 0 0 1 1 2 0 2 2 0 1 2 2 0 1 0 1 0 0 2 1 1 0 2 0 1 0 1 0 0 0 3 0 3 0 1 1 0 1 0 1 1 0 2 1 0 1 2 1 0 0 2 1 1 0 2 1 2 1 2 1 2 1 3 0 0 2 0 2 0 0 3 0 2 1 0 0 1 0 2 1 1 0 3 0 2 1 3 0 2 1 1 1 1 1 2 1 1 1 1 1 2 0 0 1 3 0 1 1 1 0 0 0 2 0 0 0 2 0 2 0 0 1 0 1 1 1 2 1 0 2 0 1 1 1 0 2 0 1 2 0 2 2 0 1 3 0 0 0 2 1 2 0 1 1 0 0 3 0 2 0 0 1 1 2 0 0 3 0 1 1 3 0 1 0 0 1 3 0 1 1 0 0 2 0 3 0 0 1 0 0 1 1 1 2 0 1 2 0 1 0 0 0 2 1 2 0 2 1 3 0 0 0 2 1 3 0 2 2 0 1 1 1 3 0 2
0 519 2 0 1 1 2 1 0 1 2 1 0 0 3 0 1 1 0 0 1 1 2 1 2 0 0 1 0 2 0 0 0 1 3 0 2 1 0 1 1 1 1 0 1 1 3 0 3 0 2 0 1 0 2 1 0 0 2 1 3 0 3 0 2 0 0 1 1 2 0 1 0 1 1 1 3 0 3 0 3 0 1 0 3 0 1 1 1 0 3 0 0 1 3 0 0 2 0 0 1 1 0 1 0 1 0 0 2 0 1 1 1 2 0 1 0 0 2 1 1 0 0 1 1 0 1 0 0 1 0 1 2 1 2 1 1 0 1 0 0 1 2 0 2 0 1 1 0 0 0 0 3 0 0 2 0 1 2 0 3 0 0 1 2 0 0 1 0 0 0 0 3 0 1 1 1 0 1 1 1 0 2 1 2 0 1 0 0 0 1 2 0 0 2 1 2 0 3 0 1 1 2 1 1 2 0 0 0 0 3 0 2 2 0 1 1 1 2 1 1 1 2 0 1 0 2 0 0 1 1 2 0 0 3 0 1 1 3 0 2 0 1 1 0 0 1 0 0 0 1 1 2 0 2 0 3 0 2 0 1 1 1 1 1 2 0 0 1 2 0 1 0 0 0 1 0 0 1 2 0 1 1 1 3 0 2 1 2 0 1 1 0 0 2 1 0 1 0 0 0 0 2 1 0 1 1 0 3 0 3 0 3 0 0 1 2 1 0 1 3 0 2 0 0 1 3 0 2 2 0 1 1 0 0 0 1 1 1 1 1 1 0 1 0 1 1 1 2 1 2 0 1 0 1 0 1 0 1 1 2 2 0 1 3 0 2 0 1 1 0 0 2 1 1 1 2 1 3 0 2 0 2 0 1 1 3 0 2 1 0 1 3 0 2 0 3 0 1 1 1 2 0 1 2 0 0 1 0 1 1 1 1 0 0 1 2 0 0 0 2 1 0 1 1 2 0 0 2 0 0 2 0 1 0 0 2 1 0 1 1 1 1 1 1 2 0 2 0 1 0 1 3 0 0 1 2 0 2 1 3 0 2 0 0 0 1 1 3 0 1 1 1 2 0 1 0 1 1 0 2 1 1 2 0 0 3 0 2 2 0 0 3 0 2 0 0 1 2 0 0 0 2 0 1 1 1 1 2 0 2 0 2 1 0 0 2 1 2 0 1
1 520 1 1 0 0 0 0 1 1 1 0 1 0 1 2 2 0 1 0 1 0 0 0 2 0 1 2 0 0 1 2 1 1 1 2 0 1 1 1 0 2 0 1 1 0 0 2 0 3 0 0 2 0 0 1 1 0 1 2 0 2 0 3 0 0 1 2 0 2 2 0 0 0 0 2 1 2 0 3 0 2 2 0 0 2 2 0 1 2 1 2 1 2 1 1 1 2 1 2 1 2 2 0 2 0 2 0 1 0 2 0 2 0 0 3 0 3 0 0 1 2 0 1 0 1 0 2 0 1 0 0 1 1 0 0 1 2 0 2 0 1 1 0 0 0 2 0 1 0 0 0 1 2 1 2 2 0 1 0 0 2 1 2 0 3 0 0 2 0 0 0 1 2 2 0 1 2 0 3 0 1 1 1 2 0 1 3 0 0 1 0 0 3 0 1 0 0 0 3 0 0 0 0 2 0 0 2 1 0 1 3 0 2 1 0 0 2 1 0 1 3 0 3 0 2 1 0 1 2 0 2 1 3 0 2 0 0 0 2 0 0 2 0 1 0 0 2 0 0 1 0 0 0 0 1 0 3 0 0 2 0 1 3 0 2 1 2 2 0 0 3 0 2 1 0 2 0 1 0 1 0 0 2 1 2 0 1 2 0 2 0 1 0 1 1 1 0 2 0 0 0 1 1 1 1 0 1 1 3 0 3 0 2 1 2 1 0 1 1 1 2 0 0 1 2 1 2 0 2 1 0 0 1 0 0 0 3 0 2 0 2 0 0 0 0 0 2 1 0 2 0 1 3 0 2 0 2 1 0 0 1 1 0 1 2 0 0 2 0 1 0 1 1 2 0 0 1 0 2 0 1 0 1 0 0 0 2 0 1 1 1 1 2 0 1 0 2 2 0 2 0 1 0 0 3 0 1 0 0 0 2 0 1 0 1 0 3 0 0 1 1 1 1 0 2 1 2 2 0 1 2 1 3 0 3 0 0 1 1 0 2 0 2 0 2 2 0 2 0 0 0 1 1 1 2 1 0 0 2 0 2 0 0 1 1 1 0 0 1 2 0 2 0 1 0 0 0 0 1 1 1 2 0 0 3 0 2 0 2 0 3 0 2 0 0 1 2 0 3 0 0 1 0 2 0 2 0 0 0 0 1 0 1 1 0 1 1 2 0 2 0
0 521 1 0 1 0 0 0 1 0 2 0 0 0 0 1 1 0 3 0 3 0 2 1 1 2 0 0 3 0 1 1 0 1 3 0 3 0 3 0 1 1 0 2 0 1 0 1 1 0 2 1 2 1 2 1 3 0 0 1 0 0 1 0 2 1 2 1 0 0 2 0 2 1 0 1 2 0 0 0 3 0 2 0 3 0 1 1 0 1 1 0 1 0 0 2 0 0 1 0 1 0 1 1 0 2 0 2 0 0 0 2 0 1 3 0 2 0 2 1 2 0 3 0 2 0 2 1 0 1 3 0 1 0 1 0 1 1 0 0 0 2 0 1 0 0 1 1 3 0 2 1 1 1 1 0 1 0 3 0 3 0 1 0 0 0 2 1 2 1 2 1 1 1 1 1 0 1 0 0 2 2 0 2 0 1 0 1 1 1 1 2 0 1 2 1 3 0 0 1 2 1 1 0 1 1 3 0 0 1 1 1 2 0 1 1 0 1 1 1 1 1 2 0 3 0 1 1 1 1 0 0 2 0 2 0 0 1 1 1 0 1 2 1 3 0 2 2 0 1 1 2 0 0 0 0 2 1 2 1 2 2 0 1 2 0 2 0 1 0 3 0 2 0 1 1 1 1 3 0 3 0 3 0 1 0 0 0 0 1 0 2 0 0 0 0 2 0 0 1 2 1 1 0 2 0 1 1 0 0 2 0 3 0 2 0 0 1 1 0 2 0 3 0 1 1 1 0 0 0 1 1 0 0 2 0 0 1 3 0 1 0 0 1 1 0 0 1 1 1 1 2 0 1 2 0 1 0 1 1 0 0 3 0 0 0 3 0 1 2 0 0 0 0 2 1 2 1 2 1 0 1 3 0 2 0 0 1 0 2 0 1 3 0 3 0 2 1 2 1 0 1 3 0 3 0 1 1 3 0 0 1 0 1 3 0 2 1 2 1 2 0 2 0 1 1 2 0 1 1 0 1 1 0 2 0 2 1 2 0 1 1 1 0 1 0 2 1 0 1 2 1 1 0 2 1 0 1 0 1 1 0 0 1 2 0 1 2 0 1 0 1 0 1 3 0 2 1 0 0 3 0 2 1 3 0 2 0 1 0 1 0 3 0 0 1 2 1 0 0 2 1 2 0 0 2 0 1 2 1 0 0 2 0 3 0 0 0 2 2 0 1 2
1 521 2 0 2 0 0 0 2 1 0 1 1 0 1 0 1 1 3 0 3 0 1 2 0 0 3 0 1 2 0 1 1 1 2 0 3 0 2 2 0 1 1 2 0 0 0 0 1 1 2 0 1 0 1 0 1 1 1 2 0 0 2 1 2 0 0 1 0 1 1 0 1 1 1 0 3 0 0 1 3 0 1 0 2 2 0 1 1 0 1 0 2 0 1 1 2 1 2 0 2 0 3 0 0 2 0 1 2 1 1 2 0 1 2 0 1 0 2 0 0 0 3 0 1 0 1 1 1 1 1 1 3 0 2 0 2 2 0 0 1 1 3 0 2 2 0 0 2 0 1 1 3 0 1 0 2 1 3 0 2 1 3 0 0 1 2 0 1 0 0 1 3 0 1 2 0 2 0 1 2 1 0 2 0 0 0 0 2 0 2 2 0 1 1 0 1 1 2 1 0 1 2 1 0 0 1 1 2 0 2 0 3 0 3 0 0 0 2 0 2 1 0 0 2 2 0 1 2 2 0 1 1 0 0 1 2 0 2 0 0 1 1 0 2 0 2 1 0 0 2 1 2 1 0 1 2 0 1 0 1 1 0 1 0 0 0 2 0 0 3 0 0 2 0 2 0 0 2 0 3 0 2 1 3 0 0 0 1 0 0 1 2 1 0 1 0 1 2 1 0 1 2 1 0 2 0 1 0 1 1 0 3 0 0 1 2 0 1 1 1 0 2 2 0 1 2 0 0 0 2 2 0 1 0 1 2 1 1 1 3 0 1 0 1 0 1 0 2 0 2 2 0 0 3 0 2 0 2 2 0 1 2 1 1 1 3 0 0 0 2 1 0 1 2 0 1 0 0 1 1 1 2 0 0 1 2 0 0 2 0 1 2 0 3 0 2 0 0 1 1 1 2 0 3 0 0 0 1 1 2 0 0 1 2 0 2 0 1 0 0 0 0 2 0 2 0 2 0 1 1 0 1 1 1 0 1 2 0 2 0 1 2 0 2 1 1 1 1 1 0 1 2 1 1 1 1 0 0 0 1 0 1 1 0 0 0 1 0 0 0 0 0 1 2 0 1 1 0 1 3 0 2 0 2 0 0 1 3 0 2 1 2 1 2 1 0 1 0 1 1 2 0 1 2 2 0 1 0 1 0 1 1 0 2 1 1 1 2 1 0 1 0
1 522 1 1 0 0 1 1 1 1 1 1 0 1 0 2 1 0 0 2 0 3 0 0 0 3 0 2 0 0 1 0 0 2 1 0 0 3 0 2 1 0 0 2 1 2 1 0 0 3 0 3 0 2 0 2 0 3 0 2 1 3 0 0 2 0 1 2 0 0 0 1 0 3 0 1 1 2 1 2 1 1 2 0 0 2 1 0 0 1 0 2 1 1 0 0 0 1 0 0 0 1 0 2 1 2 2 0 1 0 2 0 1 0 0 3 0 2 1 0 1 1 1 2 1 3 0 3 0 2 0 2 1 2 0 1 0 2 0 2 2 0 0 2 0 2 0 3 0 0 0 0 0 1 2 0 0 2 0 2 0 2 0 1 1 2 0 3 0 2 0 1 1 2 0 0 1 0 2 0 1 0 1 1 1 2 1 0 1 1 0 2 1 0 0 1 1 0 0 0 1 1 1 0 1 0 1 0 0 0 0 1 0 3 0 2 1 1 1 1 0 1 1 0 1 2 1 0 1 1 1 0 0 1 0 1 1 0 0 0 1 2 0 1 1 1 0 1 1 0 1 2 0 0 1 1 0 3 0 2 0 2 2 0 2 0 0 1 1 3 0 1 1 2 2 0 1 3 0 0 0 3 0 2 0 1 1 1 0 2 0 1 1 0 1 1 0 0 1 0 1 1 1 0 1 1 2 0 0 0 0 1 1 2 1 2 0 3 0 3 0 1 1 2 1 0 0 3 0 0 1 2 1 0 0 0 1 0 2 0 0 1 1 3 0 2 0 2 1 1 0 2 0 3 0 2 0 1 0 2 1 0 1 0 2 0 0 1 1 1 1 1 1 1 0 3 0 2 0 1 0 2 0 3 0 1 0 3 0 1 2 0 1 0 0 3 0 0 1 2 0 2 1 0 0 2 1 1 0 3 0 3 0 1 1 0 0 0 1 3 0 0 0 1 2 0 2 0 2 0 0 1 0 3 0 1 1 0 1 0 2 0 1 0 0 1 1 3 0 2 0 0 1 0 1 3 0 1 0 0 0 2 0 2 2 0 0 0 2 0 0 0 0 1 0 3 0 3 0 0 1 2 0 1 0 0 1 2 1 2 0 2 0 1 0 0 1 1 0 0 0 2 2 0 1 1 1 0 0 0 0 0 0 1 1 1 2 0 0 0 1 0 2 0
0 523 1 0 1 0 1 0 2 0 2 0 1 0 2 1 1 1 0 1 1 0 2 1 1 1 3 0 0 1 1 2 0 1 1 1 0 1 3 0 1 1 0 1 2 0 0 1 0 1 3 0 3 0 1 0 1 0 3 0 2 0 1 1 2 2 0 0 3 0 0 0 2 1 3 0 0 0 1 0 0 2 0 0 3 0 0 1 0 0 2 1 1 1 2 0 0 0 2 0 0 0 2 1 2 0 1 1 0 0 0 1 3 0 3 0 2 0 1 1 1 0 2 1 1 0 2 0 3 0 1 0 1 2 0 2 0 0 1 0 2 0 3 0 0 0 1 0 2 1 1 0 0 1 0 0 3 0 0 0 1 0 1 0 0 0 0 0 3 0 0 2 0 2 0 1 2 0 0 2 0 0 0 0 2 1 0 1 1 0 1 1 1 1 0 0 2 2 0 0 1 0 1 2 0 2 0 2 0 0 0 0 2 1 3 0 1 1 3 0 1 0 3 0 0 1 0 1 1 0 1 2 0 0 2 0 2 2 0 0 1 0 3 0 3 0 1 0 3 0 0 0 3 0 1 0 1 1 3 0 1 0 2 1 0 1 2 2 0 0 2 0 0 0 1 1 0 1 1 1 1 1 3 0 0 2 0 1 2 1 0 2 0 1 1 0 1 0 1 0 0 0 2 0 0 0 2 1 2 1 0 1 0 0 1 0 0 0 3 0 3 0 0 0 0 1 0 1 2 1 2 1 0 1 0 0 1 0 0 1 2 2 0 0 2 0 1 0 1 1 2 1 1 0 3 0 0 2 0 0 1 1 1 0 0 1 2 1 3 0 2 0 2 0 1 1 3 0 0 2 0 0 1 0 2 2 0 0 3 0 0 0 3 0 3 0 1 1 2 1 0 0 1 1 0 1 1 1 2 1 3 0 2 2 0 1 0 0 1 1 1 1 1 1 0 1 0 2 0 1 2 1 2 1 2 2 0 1 1 0 0 1 3 0 2 2 0 0 2 0 0 1 2 0 0 1 1 1 3 0 0 1 1 0 2 0 2 1 1 1 2 1 0 0 2 1 3 0 2 1 2 0 3 0 2 0 1 1 1 0 0 0 0 1 3 0 1 0 1 0 0 1 2 1 0 0 1 2 0 0 0 0 0 0 3 0 2 1 2 1 1 0 0 1 2
1 523 2 0 2 0 2 1 1 0 0 2 0 0 1 1 3 0 0 0 1 1 1 2 0 0 1 1 2 0 2 2 0 0 2 0 0 1 1 2 0 1 1 0 3 0 1 0 0 1 2 0 2 1 3 0 2 1 3 0 1 0 0 0 1 0 3 0 1 1 1 1 2 0 1 1 1 0 2 0 1 1 3 0 1 1 1 2 0 1 1 1 3 0 3 0 0 1 0 1 1 1 1 2 0 2 0 1 0 0 1 1 2 0 3 0 0 2 0 1 2 1 1 1 2 1 1 0 2 2 0 0 0 1 0 1 2 1 2 1 1 0 2 1 1 0 2 1 1 1 2 0 0 2 0 1 2 1 1 0 2 0 2 0 0 0 0 1 2 1 2 2 0 2 0 0 3 0 1 1 2 1 0 1 1 1 1 0 1 0 3 0 1 2 0 1 2 0 2 1 2 1 0 1 0 2 0 1 2 1 0 1 2 0 2 0 0 0 1 2 0 0 2 1 2 0 0 0 1 1 0 0 3 0 0 0 2 0 2 1 2 1 3 0 2 2 0 0 2 1 1 1 2 2 0 0 0 0 1 2 0 0 1 1 1 1 1 0 2 2 0 1 1 0 3 0 0 0 2 0 2 1 1 1 2 2 0 1 0 1 1 2 0 0 1 0 2 0 2 0 0 1 0 1 1 1 2 0 0 1 0 2 0 0 2 0 0 1 3 0 2 1 1 0 1 0 0 1 1 0 0 1 0 2 0 0 2 0 1 1 1 0 2 2 0 2 0 0 0 0 0 1 2 1 2 1 2 1 2 1 3 0 1 0 1 1 1 0 2 0 1 0 1 0 0 0 1 1 2 1 2 1 2 1 2 0 3 0 1 1 1 1 3 0 3 0 0 0 0 1 0 0 3 0 0 0 2 1 1 0 2 0 2 0 3 0 2 1 3 0 2 0 2 0 0 0 0 2 0 1 1 0 1 0 1 1 0 0 1 0 1 1 2 0 2 0 2 2 0 1 2 0 3 0 1 0 2 1 1 1 2 0 1 1 1 0 1 2 0 0 0 1 0 1 2 0 2 0 2 0 0 0 3 0 0 2 0 1 2 0 0 0 1 1 1 1 3 0 2 0 1 1 0 1 0 1 0 0 2 1 0 0 0 1 3 0 2 0 0 1 2 0 1 1 0
1 524 1 1 0 1 0 1 1 2 0 1 1 2 2 0 0 1 1 1 0 3 0 2 1 2 2 0 0 0 0 2 0 2 2 0 1 2 0 2 2 0 0 1 1 2 1 3 0 1 1 0 0 2 0 2 0 2 0 1 1 3 0 0 0 2 1 2 2 0 1 3 0 3 0 3 0 1 1 1 0 0 0 1 2 0 2 0 1 0 0 2 1 2 0 2 1 2 0 0 0 2 0 2 2 0 1 3 0 2 2 0 0 0 0 2 1 2 2 0 1 0 2 0 0 0 1 2 1 2 0 2 1 1 0 0 1 1 0 0 1 2 1 1 1 2 1 1 1 3 0 3 0 1 2 0 1 0 1 2 1 1 0 0 1 1 0 1 1 1 0 1 1 0 1 3 0 2 0 0 0 0 1 1 0 2 0 1 0 2 1 3 0 0 1 0 1 0 0 2 0 0 1 1 0 0 2 0 1 0 1 1 1 0 0 0 1 1 1 0 0 3 0 0 2 0 1 1 0 2 2 0 1 2 1 1 1 1 0 2 0 1 0 2 0 2 0 3 0 0 2 0 0 1 0 2 1 0 1 0 0 2 1 3 0 2 0 1 1 2 1 0 0 1 1 2 1 1 1 1 0 1 2 0 0 1 1 0 0 0 0 2 1 2 1 2 1 1 0 0 1 2 0 0 0 2 0 3 0 1 0 0 1 2 2 0 1 2 1 2 0 1 1 2 0 2 0 1 0 1 0 1 0 0 1 2 2 0 2 0 1 2 1 2 1 0 1 2 1 0 0 1 1 1 0 1 0 1 0 1 0 1 1 3 0 3 0 1 1 0 1 3 0 2 0 0 1 0 0 1 0 1 0 1 0 0 0 2 2 0 2 0 0 2 0 2 1 1 0 0 2 0 1 2 1 1 1 1 1 2 1 1 0 1 0 3 0 2 0 2 0 1 0 0 1 1 0 1 2 0 0 1 0 2 0 2 2 0 0 2 1 0 0 0 0 1 0 2 1 0 1 0 0 2 2 0 0 1 1 3 0 3 0 3 0 1 1 0 0 2 1 1 0 0 1 0 0 1 0 0 1 1 1 2 1 2 2 0 0 3 0 0 0 3 0 2 1 2 0 0 2 0 1 0 2 0 2 0 1 1 1 0 0 1 1 2 0 0 1 2 0 3 0 2 2 0
1 525 1 0 1 0 2 1 0 0 0 0 0 0 1 0 2 1 3 0 1 1 3 0 2 0 1 0 2 1 0 1 1 0 2 1 0 1 0 0 2 0 2 2 0 0 1 0 1 2 0 1 0 1 1 0 1 0 1 0 0 0 1 1 1 1 2 0 1 1 0 1 2 0 3 0 2 2 0 1 2 0 0 1 0 1 0 1 3 0 3 0 1 0 0 0 1 2 0 1 1 1 1 0 2 1 0 1 2 0 2 0 2 1 0 1 2 0 1 1 0 0 0 1 2 1 1 1 1 0 0 0 1 1 2 0 1 0 1 0 1 1 0 2 0 0 0 2 0 0 2 0 3 0 0 1 0 0 0 1 0 1 2 0 1 0 1 0 3 0 1 0 3 0 0 1 2 0 0 1 1 0 1 0 1 1 0 2 0 0 2 0 1 1 1 2 0 2 0 1 0 1 2 0 1 0 1 2 0 0 0 0 1 2 0 0 1 0 1 2 0 1 2 1 2 2 0 0 1 1 2 1 0 1 0 1 3 0 1 1 0 2 0 0 1 0 1 0 2 1 2 1 2 1 2 1 1 1 0 2 0 1 2 0 2 0 1 0 0 0 0 1 0 1 0 0 0 1 3 0 1 1 0 0 2 1 2 2 0 0 0 1 2 0 1 0 0 1 2 0 1 0 3 0 0 1 1 0 2 1 3 0 1 1 1 1 0 1 1 0 0 0 0 0 0 0 0 1 3 0 2 0 2 0 1 1 1 1 0 2 0 1 1 0 0 1 1 1 0 1 0 0 3 0 1 0 2 0 2 0 2 1 0 0 2 0 2 2 0 1 1 1 2 0 0 1 1 2 0 0 2 0 2 0 2 0 0 1 2 1 0 1 3 0 0 0 1 1 2 0 1 2 0 1 0 1 3 0 2 1 0 1 2 0 2 1 3 0 1 0 0 1 3 0 1 0 1 1 0 0 2 1 2 1 1 0 2 0 3 0 0 1 0 0 0 0 2 1 1 1 0 2 0 1 2 0 2 2 0 0 2 0 3 0 2 2 0 1 0 1 1 1 2 0 0 2 0 0 2 0 1 0 2 1 1 0 1 0 3 0 1 1 1 1 3 0 1 2 0 1 2 2 0 0 0 2 0 2 0 0 1 2 0 0 3 0 3 0 1 1 0 0 3 0 2 0 2
0 525 2 0 2 1 1 1 0 0 0 0 0 0 2 1 2 0 2 0 0 0 2 0 0 2 0 0 1 1 1 0 1 1 1 1 0 2 0 1 1 0 2 0 2 1 2 1 0 1 0 0 0 0 1 0 2 0 2 0 0 0 3 0 2 0 3 0 3 0 0 1 0 0 3 0 2 1 0 0 3 0 1 0 0 0 0 1 2 0 2 1 3 0 0 1 0 1 0 0 2 0 1 1 1 1 1 1 0 0 1 0 1 1 1 0 3 0 2 2 0 0 1 1 0 1 3 0 1 0 0 0 3 0 3 0 2 0 2 0 3 0 0 1 2 1 1 1 3 0 0 0 2 1 1 2 0 0 1 0 0 0 3 0 2 0 2 1 2 2 0 0 2 1 2 0 3 0 1 0 1 0 2 0 3 0 0 1 2 2 0 2 0 2 0 1 0 2 0 0 0 0 3 0 2 1 0 0 2 1 0 1 0 0 2 1 2 1 0 1 0 1 1 0 1 0 2 2 0 0 0 1 1 0 0 1 1 2 0 1 1 1 2 1 2 0 2 1 2 0 1 0 1 0 0 1 3 0 0 2 0 1 0 0 0 1 3 0 0 0 0 2 0 2 0 0 1 1 1 2 0 1 0 1 2 0 1 0 2 1 1 0 3 0 2 0 1 0 3 0 2 1 2 1 2 0 1 1 2 0 1 2 0 1 3 0 0 0 1 0 0 0 0 0 0 0 1 1 2 0 1 0 0 2 0 1 3 0 0 2 0 0 1 0 1 0 1 2 0 2 0 1 2 2 0 0 1 0 1 0 1 1 0 1 1 0 2 1 0 0 2 0 3 0 1 0 2 1 3 0 0 0 1 0 0 1 2 1 0 1 1 1 1 1 1 1 0 0 0 0 0 1 0 0 0 1 2 0 1 1 1 1 0 0 2 0 1 1 3 0 1 1 1 1 3 0 2 2 0 1 2 0 0 1 2 1 1 0 2 1 1 2 0 0 0 1 1 1 3 0 0 2 0 1 0 0 2 0 3 0 0 0 3 0 2 1 0 0 0 0 2 0 3 0 1 1 2 2 0 2 0 0 1 1 2 0 2 1 2 2 0 2 0 0 2 0 0 1 0 1 1 0 2 1 1 2 0 1 2 2 0 0 3 0 2 0 2 2 0 1 0 1 3 0 1 0 1
1 526 1 1 0 1 1 2 2 0 0 0 0 0 1 2 0 0 0 0 1 1 1 0 1 2 1 2 1 3 0 1 0 3 0 2 0 0 2 0 0 1 1 1 0 2 0 0 1 0 2 0 0 0 0 2 1 1 0 0 1 1 1 3 0 1 0 3 0 2 1 1 2 0 1 3 0 1 1 0 1 2 1 3 0 0 0 1 1 0 0 2 0 1 1 1 2 0 2 0 1 0 2 0 1 3 0 1 2 0 0 2 0 3 0 1 1 3 0 2 0 2 1 3 0 0 1 1 1 3 0 0 1 3 0 3 0 1 0 1 0 2 1 2 1 0 2 0 0 1 1 1 1 1 2 0 0 2 1 2 0 0 1 3 0 1 0 2 0 1 0 3 0 1 0 0 0 2 1 3 0 2 1 1 0 2 1 2 1 1 1 0 2 0 2 0 0 0 1 2 1 0 1 3 0 1 1 0 1 1 1 0 2 0 1 2 0 0 1 1 0 0 0 1 0 2 1 2 0 2 1 1 0 1 0 1 0 2 2 0 0 2 1 1 0 0 0 1 2 0 1 3 0 2 0 1 1 1 1 2 1 3 0 2 1 1 1 1 1 1 0 1 2 0 1 2 1 3 0 2 2 0 0 0 0 3 0 2 1 1 1 2 1 3 0 0 2 0 0 3 0 2 0 1 0 0 0 0 0 0 0 0 1 0 1 1 1 1 0 2 0 0 0 0 0 0 0 3 0 3 0 2 0 1 2 0 1 1 1 2 1 2 1 2 0 2 1 0 1 0 2 0 1 1 0 2 1 2 0 2 0 3 0 0 0 1 1 1 1 0 1 1 0 2 2 0 0 2 0 1 1 1 0 2 0 1 1 0 1 1 0 2 0 2 0 1 2 0 0 0 0 0 2 0 0 1 0 3 0 3 0 1 2 0 1 1 0 0 0 1 2 0 2 0 0 2 0 2 1 0 0 3 0 1 1 0 1 2 1 1 2 0 0 2 1 1 0 2 1 1 1 2 1 3 0 3 0 0 0 2 1 1 1 3 0 1 1 0 0 0 1 1 0 3 0 0 0 1 1 0 1 2 2 0 0 0 0 2 0 1 1 0 1 2 2 0 1 2 0 0 0 1 1 1 2 0 1 0 1 1 0 3 0 2 0 1 0 2 1 0 0 0 1 1 1 3 0 2
0 527 1 0 1 1 0 0 1 0 2 1 0 0 1 0 3 0 0 0 1 0 2 0 0 1 1 0 1 0 1 2 0 0 3 0 0 1 2 1 2 1 3 0 1 1 0 1 2 0 0 1 2 1 0 1 1 1 2 0 1 0 2 1 1 2 0 0 3 0 1 2 0 1 0 1 1 2 0 1 1 1 1 0 1 1 1 0 2 2 0 1 0 2 0 2 0 1 0 2 0 0 0 2 0 1 2 0 0 0 3 0 0 0 3 0 0 0 2 0 1 0 2 0 1 1 2 0 2 1 1 1 2 1 2 0 2 1 3 0 2 1 2 0 0 1 1 1 2 1 3 0 2 0 2 1 3 0 0 2 0 1 2 1 1 2 0 0 0 2 0 0 2 1 3 0 0 1 2 0 2 0 1 1 2 1 2 0 0 1 3 0 0 2 0 1 2 1 1 1 0 1 1 1 1 2 0 1 1 0 2 0 0 2 0 0 3 0 1 0 1 0 0 0 2 1 2 0 0 0 1 1 2 0 2 0 2 1 2 0 3 0 0 1 2 0 0 1 0 1 0 1 2 0 0 2 0 2 0 0 1 0 2 0 1 1 3 0 2 0 1 1 0 1 0 1 1 0 2 0 2 0 2 1 0 1 3 0 1 2 0 0 1 0 1 1 2 1 3 0 2 0 0 1 3 0 0 0 0 0 0 0 1 0 0 0 2 0 1 1 0 1 1 0 0 0 0 1 3 0 3 0 1 0 0 1 0 0 2 1 1 0 1 0 0 0 1 1 1 0 0 2 0 0 1 1 2 0 0 0 1 0 2 1 1 0 3 0 2 0 0 0 1 1 2 0 2 2 0 2 0 1 2 1 0 2 0 1 1 0 1 1 1 0 1 0 0 0 2 1 0 0 1 1 2 1 2 1 3 0 3 0 0 1 0 0 1 0 0 1 0 1 0 1 3 0 0 0 1 1 0 1 2 2 0 1 1 1 0 2 0 0 3 0 0 1 2 1 1 2 0 0 1 0 2 0 2 1 1 1 1 2 0 0 1 2 0 1 0 0 1 0 1 1 2 1 1 0 3 0 0 1 1 0 2 1 0 1 0 2 0 1 1 1 1 1 0 0 3 0 0 0 3 0 2 2 0 0 0 0 1 1 3 0 0 2 0 0 1 1 0 0 1 0 2 1 2 0 1
1 527 2 0 2 2 0 0 2 1 1 1 0 0 2 1 2 1 1 0 2 1 0 1 2 0 1 0 2 1 0 0 3 0 1 1 2 1 1 0 1 0 1 2 0 1 1 0 3 0 1 1 0 1 1 0 2 0 3 0 2 1 1 2 0 0 3 0 2 0 0 1 0 0 0 0 2 2 0 0 2 0 1 0 3 0 1 1 2 1 0 0 0 2 0 2 0 0 0 1 2 1 1 2 0 0 3 0 0 1 2 1 1 1 2 1 1 1 0 2 0 0 1 0 0 0 0 0 1 2 0 0 1 0 0 0 2 0 2 0 1 2 0 1 2 0 2 1 1 0 2 0 1 0 2 0 1 1 2 2 0 1 0 2 0 0 2 1 1 1 3 0 1 0 1 1 2 1 0 0 1 0 0 0 0 2 0 1 2 1 1 1 2 2 0 1 0 1 3 0 0 0 2 0 2 2 0 0 1 1 0 1 2 1 3 0 1 1 3 0 2 0 0 1 1 2 0 1 1 1 0 0 0 0 1 0 2 0 0 0 2 1 2 0 3 0 1 0 0 0 0 0 3 0 1 2 0 1 2 1 2 1 1 0 0 0 2 0 0 2 0 1 1 0 0 0 1 1 1 0 1 0 1 1 1 1 2 0 0 0 2 1 2 1 0 0 1 0 2 0 0 1 2 1 1 1 1 0 0 0 0 0 2 0 0 1 0 2 0 1 1 0 1 0 0 0 1 1 2 0 2 1 3 0 0 2 0 1 1 1 2 0 2 0 0 0 3 0 1 0 1 1 2 1 3 0 3 0 0 0 2 1 1 1 2 1 3 0 0 1 1 1 0 0 0 0 2 1 0 2 0 1 0 1 1 2 0 0 1 0 3 0 1 0 2 0 0 1 1 1 0 1 0 0 1 0 1 0 2 0 2 1 1 2 0 0 2 0 1 0 0 0 0 1 1 1 1 0 3 0 0 1 1 1 0 0 2 0 0 1 3 0 1 1 2 1 0 2 0 0 2 1 2 1 1 0 1 1 3 0 2 1 2 2 0 0 3 0 2 1 2 1 0 0 0 1 2 1 2 1 2 0 1 1 1 1 1 0 0 2 0 0 2 0 1 2 0 1 2 1 1 1 3 0 2 0 2 1 0 1 0 0 1 1 2 1 2 1 2 2 0 0 2 1 1 2 0 2 0
0 528 1 1 0 2 0 3 0 0 1 2 2 0 1 2 0 0 1 2 1 1 1 1 0 3 0 2 1 1 1 0 1 3 0 0 0 0 1 2 0 2 1 0 1 0 0 1 1 2 2 0 1 1 0 1 1 1 0 3 0 1 2 0 0 3 0 2 0 0 1 1 2 0 0 0 1 2 0 2 2 0 2 0 0 3 0 0 0 0 1 0 0 1 2 0 1 2 1 1 1 0 2 0 0 3 0 1 1 2 1 0 2 0 0 0 1 3 0 0 1 2 1 2 0 0 0 0 1 0 0 2 1 2 0 0 1 1 0 1 0 0 1 0 1 0 0 1 1 2 1 0 2 0 0 1 0 0 0 1 1 0 0 0 1 3 0 0 2 0 0 1 2 0 0 0 0 0 1 0 0 2 0 0 0 1 2 0 1 0 2 0 0 1 1 0 0 0 1 1 1 1 1 1 0 2 0 2 1 3 0 0 1 1 0 2 0 0 0 2 0 0 1 2 0 2 2 0 0 1 2 0 0 0 0 2 1 0 1 1 1 2 0 0 0 2 1 3 0 0 0 0 1 3 0 0 1 0 1 1 0 0 1 2 0 0 1 0 1 2 2 0 0 1 0 0 0 3 0 1 0 2 0 3 0 2 0 3 0 0 1 2 0 0 1 0 0 2 1 0 1 2 1 0 1 3 0 1 0 0 0 0 1 0 1 2 0 0 2 0 0 1 0 2 0 0 1 0 0 0 0 2 0 1 1 2 2 0 0 2 1 0 0 0 1 1 1 2 2 0 0 0 0 1 0 2 0 2 1 1 1 1 2 0 0 1 0 1 1 2 0 1 2 0 0 0 1 1 1 1 2 0 0 0 0 2 1 2 1 2 1 2 2 0 0 0 1 2 0 1 2 0 2 0 0 2 0 2 1 1 0 1 2 0 0 2 2 0 1 3 0 0 0 1 0 2 0 1 1 2 1 2 0 1 2 0 1 0 1 2 1 2 0 0 0 0 1 1 1 3 0 1 0 0 1 2 1 0 0 2 0 2 0 1 0 3 0 2 0 2 0 0 1 0 0 1 1 1 0 0 2 0 2 0 1 3 0 1 0 1 1 3 0 0 0 0 1 0 1 0 2 0 0 2 0 1 0 1 1 0 2 0 1 0 0 1 0 1 0 1 0 3 0 0 2 0 1 0 1 2
1 529 1 0 1 1 1 0 2 1 2 1 1 1 0 0 3 0 1 1 0 1 3 0 1 1 3 0 1 1 3 0 0 1 1 1 1 0 1 1 0 0 1 1 0 2 0 1 0 0 1 1 0 0 1 0 3 0 1 1 3 0 0 0 3 0 2 0 0 1 2 0 2 1 2 1 1 1 0 0 2 1 0 1 3 0 1 1 1 0 0 2 0 1 0 1 0 1 0 1 3 0 0 1 3 0 2 0 0 0 0 1 1 1 2 1 1 1 1 1 2 1 0 2 0 1 1 0 0 2 0 1 1 2 0 1 2 0 1 0 2 0 0 2 0 2 0 1 0 0 0 1 1 1 2 1 2 0 0 0 2 2 0 0 1 1 1 1 2 1 2 2 0 0 2 1 0 0 0 2 0 1 0 1 1 1 0 1 0 0 0 1 2 1 2 2 0 0 1 0 2 0 2 0 1 1 1 0 2 0 1 1 2 0 1 1 0 1 1 1 0 1 2 1 0 0 2 0 2 2 0 0 2 1 0 1 1 1 1 0 2 0 3 0 0 1 2 0 1 1 1 0 1 1 1 1 2 0 0 0 1 0 1 0 3 0 1 0 0 1 1 0 2 1 2 0 0 1 2 2 0 0 1 0 3 0 1 0 2 1 2 0 3 0 0 2 0 1 1 1 1 1 0 1 1 1 1 1 3 0 0 0 1 0 0 0 3 0 1 1 2 1 2 1 0 1 1 2 0 0 0 1 1 0 0 0 1 0 3 0 0 1 0 0 1 0 2 1 1 0 2 1 0 0 2 1 1 0 1 1 3 0 2 1 2 1 2 1 0 0 0 0 0 0 2 1 1 0 2 0 2 1 2 1 0 1 2 0 1 0 1 0 1 0 2 1 1 1 0 0 0 1 0 1 3 0 0 0 1 1 2 1 0 0 3 0 1 1 0 1 1 1 1 0 2 1 1 0 0 0 1 0 0 0 0 1 0 0 0 1 0 2 0 1 1 0 1 0 2 1 1 1 3 0 1 1 0 1 0 1 1 0 0 2 0 0 3 0 1 0 0 1 1 2 0 0 3 0 1 0 1 2 0 2 0 1 1 2 0 0 0 0 1 1 1 0 1 0 0 0 0 1 2 2 0 1 3 0 3 0 0 1 3 0 2 1 2 0 2 0 2 1 2 1 2 2 0 0 0 1 0
1 529 2 0 3 0 1 1 2 0 0 1 2 2 0 1 2 2 0 1 1 1 2 0 0 0 2 0 0 0 1 1 2 0 2 0 1 0 2 2 0 0 3 0 0 1 3 0 2 1 2 2 0 0 2 1 3 0 0 0 1 1 1 1 3 0 0 1 2 1 0 0 2 0 0 1 2 2 0 1 1 1 1 1 1 2 0 1 2 0 1 2 0 0 0 0 0 0 0 1 1 1 2 1 2 0 0 1 1 0 1 0 2 1 0 1 3 0 2 1 0 1 1 2 0 0 1 0 1 2 0 0 2 2 0 0 3 0 2 1 0 1 2 2 0 1 3 0 2 1 1 0 2 1 0 2 0 1 1 1 2 0 2 1 3 0 2 1 1 0 1 0 3 0 0 1 0 0 1 2 0 0 0 0 1 2 0 2 0 0 1 1 1 0 1 0 2 1 2 1 1 0 0 2 0 1 2 1 0 2 0 2 0 2 0 1 1 0 2 0 0 1 0 1 0 1 1 0 2 0 3 0 0 1 1 0 2 0 1 1 1 0 2 1 2 0 3 0 3 0 1 0 3 0 2 0 3 0 0 0 2 0 2 1 2 1 3 0 1 0 1 1 1 2 0 1 2 1 1 0 2 1 2 1 2 2 0 0 2 0 0 0 2 1 2 2 0 0 2 0 2 0 0 0 2 0 2 1 1 1 1 0 2 0 0 1 3 0 0 0 1 0 0 1 1 0 2 1 2 1 1 0 1 0 0 0 2 1 2 1 1 2 0 0 2 1 1 1 2 1 1 1 0 1 1 1 2 1 0 0 2 0 2 0 1 0 0 1 0 0 0 0 0 1 1 1 2 1 1 0 2 0 0 1 1 0 3 0 2 0 2 0 2 1 1 1 2 2 0 0 1 0 0 1 1 1 1 1 0 0 0 1 0 1 2 2 0 1 1 0 2 0 1 1 1 1 2 0 0 0 2 0 0 0 0 2 0 0 1 0 0 2 0 0 1 0 2 1 1 2 0 0 1 2 0 1 1 0 0 0 1 0 1 1 3 0 1 1 3 0 1 0 2 1 3 0 1 2 0 0 0 1 0 2 0 0 2 1 2 1 0 0 3 0 1 0 2 0 0 0 1 1 1 1 0 1 2 0 2 1 2 1 2 0 2 0 0 0 1 0 2 0 1 0 1 0 2 1 0 2 0
0 530 1 1 0 2 2 0 2 0 1 2 1 1 1 0 1 1 1 0 0 2 0 3 0 0 1 0 1 1 1 0 0 0 0 0 2 0 0 2 0 3 0 1 1 2 1 2 0 2 0 1 0 3 0 1 0 1 1 1 0 3 0 2 1 1 1 2 1 0 1 0 1 0 1 2 1 1 1 0 0 2 0 2 0 2 2 0 1 0 0 0 0 2 1 0 0 0 0 1 0 2 1 0 2 0 1 2 0 1 0 2 1 1 1 1 1 2 0 1 1 1 0 2 1 2 1 2 1 0 0 3 0 1 0 3 0 2 0 1 1 1 1 1 1 0 1 2 0 1 1 2 1 1 1 1 2 0 0 2 1 0 0 2 0 2 0 1 1 2 0 2 1 2 1 1 2 0 1 0 0 2 1 0 1 0 1 0 1 2 1 3 0 1 0 2 1 2 0 0 1 2 0 1 2 0 1 0 1 1 2 0 2 0 2 0 0 1 1 0 1 2 0 0 0 0 0 1 1 1 0 2 1 2 0 1 1 0 2 0 1 2 1 2 0 0 0 3 0 2 2 0 0 3 0 1 0 2 1 1 1 1 0 2 0 1 0 1 1 3 0 3 0 2 2 0 1 0 1 2 1 2 0 1 0 1 0 2 2 0 1 1 1 2 0 1 0 3 0 0 0 0 1 1 1 1 0 1 1 3 0 1 1 0 1 2 1 1 1 1 0 2 0 1 0 1 1 2 0 0 1 2 0 2 0 0 1 2 0 0 2 0 0 3 0 0 2 0 0 0 1 3 0 0 0 2 1 0 1 0 1 1 0 0 1 3 0 0 2 0 0 0 0 1 0 2 1 0 1 2 1 0 1 2 0 1 1 3 0 1 0 1 0 1 2 0 0 1 0 2 1 2 0 1 0 2 0 1 2 0 0 1 0 0 1 1 1 0 0 1 1 0 2 0 1 3 0 3 0 0 1 0 1 1 0 1 1 2 1 2 0 1 1 2 1 2 1 1 2 0 0 2 2 0 1 0 0 1 0 0 0 2 1 0 0 2 0 0 0 1 2 0 0 2 0 2 0 0 0 2 1 1 0 0 1 3 0 1 0 0 1 0 1 2 2 0 0 0 1 1 0 3 0 2 0 0 1 0 0 2 0 1 0 0 0 0 1 1 0 2 1 0 1 3 0 2 1 1 1 1 1 2
1 531 1 0 1 1 2 1 0 2 0 1 0 1 3 0 0 0 1 2 0 1 1 0 2 1 2 0 0 0 1 2 0 0 0 0 1 1 3 0 0 0 3 0 0 0 1 0 0 0 0 2 0 0 2 1 3 0 3 0 1 1 3 0 1 2 0 0 0 1 1 0 0 0 0 1 0 1 2 2 0 1 1 0 1 0 2 0 3 0 2 1 0 1 1 1 0 0 0 0 2 1 1 1 1 2 0 0 3 0 2 1 1 1 3 0 2 0 3 0 3 0 1 1 2 0 1 0 0 1 0 1 2 2 0 0 3 0 0 2 0 1 3 0 2 0 0 1 0 0 0 0 0 1 3 0 2 1 3 0 0 1 0 1 1 0 1 0 0 0 0 0 2 0 0 2 0 0 3 0 3 0 0 1 1 0 0 0 0 1 1 0 1 2 0 0 1 2 0 1 2 1 0 0 0 1 0 0 0 0 2 2 0 2 0 1 2 1 3 0 0 0 3 0 0 0 0 0 3 0 1 1 1 2 0 2 0 1 1 2 0 1 0 2 0 1 1 1 3 0 2 0 3 0 1 2 0 0 1 1 3 0 1 1 0 2 0 0 0 0 2 0 3 0 2 1 0 0 0 1 0 2 0 1 3 0 2 1 2 1 0 0 2 0 3 0 2 1 2 1 1 0 1 0 2 0 1 1 0 0 1 2 0 1 1 1 0 1 3 0 1 1 0 1 3 0 3 0 3 0 1 1 0 0 0 1 2 0 3 0 1 1 3 0 1 1 2 1 2 1 1 1 1 1 1 1 1 1 1 0 0 0 1 0 1 1 1 1 2 1 2 1 0 0 2 1 1 1 1 1 0 1 1 1 0 0 0 0 1 1 3 0 2 1 0 0 2 1 2 1 1 2 0 2 0 0 1 0 0 0 2 1 2 0 1 0 1 2 0 0 3 0 0 2 0 1 2 0 2 1 2 0 0 0 1 1 0 0 1 0 0 0 0 0 1 0 0 2 0 0 3 0 1 0 3 0 2 1 2 0 0 1 1 1 0 1 0 1 1 1 0 0 3 0 0 0 0 1 1 1 1 1 2 0 1 1 1 1 3 0 1 0 0 1 1 0 2 1 1 0 1 1 3 0 0 1 1 2 0 1 0 1 3 0 0 0 1 0 1 1 1 1 1 1 2 0 1 1 3 0 2 1 0
1 531 2 1 0 0 0 1 1 2 0 0 0 1 1 1 1 1 0 1 0 0 1 1 1 2 0 1 1 1 0 0 2 1 0 1 0 0 1 1 1 1 2 1 1 0 2 0 0 0 1 1 3 0 1 0 2 0 3 0 0 0 2 0 0 0 2 1 1 0 1 0 0 0 1 0 0 1 1 1 0 0 1 0 2 1 1 0 3 0 1 1 1 0 1 2 0 0 0 1 1 1 3 0 2 1 3 0 2 0 1 2 0 0 2 0 1 0 3 0 2 2 0 2 0 1 3 0 1 0 0 1 1 0 3 0 1 1 2 2 0 1 2 0 0 1 1 2 0 0 0 0 1 1 2 0 2 0 1 1 2 0 0 0 1 0 2 0 0 0 0 1 0 1 2 1 3 0 2 0 2 1 2 0 1 0 0 0 1 0 1 1 0 0 2 2 0 1 0 1 0 1 0 0 0 2 0 0 0 1 2 1 0 2 0 1 1 0 1 1 1 1 2 1 1 0 0 1 2 2 0 2 0 1 0 2 0 0 2 2 0 0 0 2 0 0 2 1 2 0 1 0 3 0 0 0 2 2 0 0 1 2 0 1 1 1 2 1 0 1 1 0 3 0 1 1 0 0 1 0 0 2 0 1 2 0 2 0 0 1 0 1 1 0 3 0 2 0 0 1 2 0 2 1 0 2 0 1 0 1 0 1 0 0 2 0 0 1 1 2 0 1 1 1 2 0 3 0 2 2 0 1 0 0 1 1 0 0 3 0 0 0 2 0 0 0 1 0 0 1 3 0 2 0 2 0 2 0 1 0 0 0 2 0 3 0 2 1 1 0 0 1 0 1 1 1 3 0 2 0 0 0 1 2 0 0 0 1 0 0 2 0 1 1 0 1 2 0 0 2 0 1 0 1 2 1 2 0 0 1 1 2 0 2 0 0 0 0 3 0 1 1 2 2 0 1 0 0 1 2 0 1 1 0 2 2 0 0 2 0 0 0 0 0 2 0 1 1 3 0 1 2 0 0 3 0 1 2 0 1 2 0 2 0 0 0 0 0 1 2 0 1 2 1 1 0 1 0 2 0 2 0 3 0 3 0 2 1 1 1 3 0 1 0 1 1 1 1 2 1 0 0 1 1 2 0 2 2 0 0 0 1 1 1 1 0 2 0 3 0 2 0 2 1 0 0 0 0 2 0 1 1 0
1 532 1 1 1 0 0 1 0 2 1 2 1 1 0 2 0 1 2 0 2 0 0 3 0 2 2 0 0 1 2 0 1 1 1 0 2 0 0 3 0 2 1 0 1 2 1 0 1 1 1 0 0 1 2 0 0 1 0 2 1 1 1 0 1 1 1 1 1 2 0 2 0 0 0 2 0 1 0 1 2 0 0 2 1 1 1 2 1 2 2 0 1 2 1 0 0 2 1 1 0 2 1 2 0 2 0 2 0 1 0 0 0 2 2 0 2 0 0 3 0 2 1 0 2 0 1 1 1 3 0 1 0 1 1 3 0 0 0 1 1 0 0 3 0 1 0 2 1 2 1 0 1 0 0 0 0 0 2 0 2 0 1 1 0 2 1 0 1 1 0 1 0 0 1 1 0 2 0 1 0 1 2 0 1 3 0 0 0 2 0 2 2 0 1 2 0 3 0 3 0 3 0 2 1 1 1 2 1 1 1 0 1 1 2 0 0 1 0 3 0 2 1 0 1 2 0 1 1 1 1 0 2 0 0 0 1 3 0 1 0 2 1 1 1 3 0 0 2 0 2 0 0 2 1 1 1 2 0 2 2 0 1 0 0 2 1 0 1 1 0 1 1 2 2 0 1 0 0 2 0 1 2 0 1 0 0 0 1 2 0 0 0 1 1 3 0 0 1 2 1 0 0 1 1 1 1 3 0 3 0 3 0 2 2 0 1 2 0 2 2 0 0 2 1 0 0 3 0 2 0 3 0 2 1 2 2 0 1 2 1 1 1 0 1 1 0 2 0 1 1 2 0 1 0 1 0 0 1 3 0 0 1 1 0 3 0 1 1 2 0 1 0 0 0 2 1 2 0 0 1 1 1 0 0 2 1 0 2 0 1 0 2 0 1 1 0 3 0 1 2 0 0 0 1 0 2 0 1 2 0 2 2 0 1 2 1 0 1 3 0 0 0 1 0 3 0 2 2 0 1 0 0 1 1 2 0 2 2 0 1 1 0 0 1 1 0 0 0 2 0 0 0 3 0 2 0 0 1 0 1 0 0 0 1 1 0 0 1 0 1 0 1 0 1 2 0 2 1 1 0 1 0 3 0 3 0 1 2 0 0 1 1 3 0 3 0 2 1 0 1 0 1 0 0 0 0 2 0 2 1 1 0 2 0 1 1 1 0 3 0 1 0 1 1 0 0 0 1 0 2 0 1 0
1 533 1 0 1 2 0 0 2 1 2 0 0 1 2 1 1 0 0 1 0 1 3 0 2 0 2 0 2 2 0 1 0 0 2 0 0 1 3 0 2 0 1 1 1 1 0 1 1 0 1 2 0 1 0 0 2 1 2 1 1 1 3 0 0 0 2 0 2 1 0 0 0 1 1 1 0 2 0 0 0 0 3 0 0 2 0 0 1 0 1 1 0 1 0 1 0 1 1 1 2 1 2 0 0 0 1 0 0 1 3 0 0 1 2 1 0 1 3 0 2 0 1 1 1 2 0 0 2 1 1 2 0 0 0 0 1 1 1 0 2 2 0 1 2 2 0 0 2 0 0 1 0 2 0 0 0 0 1 2 0 2 0 0 1 1 1 1 1 0 1 0 2 0 1 0 1 1 0 2 0 0 0 1 0 1 1 1 1 1 1 0 2 1 0 1 0 0 3 0 3 0 3 0 1 2 0 0 0 1 3 0 0 0 2 1 2 1 2 1 3 0 1 1 1 0 3 0 3 0 2 0 0 1 2 1 1 1 1 2 0 0 1 2 0 0 1 1 2 2 0 1 3 0 0 2 0 0 0 0 2 0 3 0 3 0 0 1 1 0 1 1 0 0 1 0 3 0 3 0 0 0 0 0 3 0 2 1 1 0 3 0 0 1 0 0 1 1 2 1 0 1 0 0 3 0 2 1 2 0 3 0 3 0 2 1 0 1 0 0 2 0 3 0 0 1 0 1 3 0 1 0 3 0 2 0 1 1 0 1 0 1 3 0 0 0 1 1 0 2 0 2 0 1 3 0 2 0 1 1 1 1 2 0 1 1 2 2 0 2 0 1 3 0 0 1 1 2 0 1 2 0 1 2 0 1 1 1 1 2 0 0 0 2 0 0 1 1 3 0 0 0 2 1 1 0 0 2 0 1 0 0 2 1 0 1 0 1 1 1 1 1 1 0 2 1 3 0 2 0 3 0 2 2 0 0 0 0 2 1 0 0 1 0 1 0 1 0 0 1 0 1 1 1 3 0 0 1 1 2 0 2 0 0 1 0 1 0 1 0 0 0 0 0 0 1 0 0 1 1 2 0 2 1 3 0 3 0 0 0 2 2 0 0 2 0 3 0 1 1 0 2 0 2 0 0 0 1 1 0 1 1 2 1 0 2 0 1 2 1 2 1 3 0 2 2 0 0 1 0 0 1 3 0 2
0 533 2 1 0 0 3 0 0 2 0 1 2 1 0 1 2 0 1 0 0 1 2 0 1 0 1 0 2 0 3 0 2 2 0 1 2 1 2 0 0 2 0 1 3 0 0 0 1 1 0 0 3 0 3 0 1 0 0 2 0 0 1 1 1 1 1 0 1 1 0 0 1 0 2 0 0 1 2 1 0 1 2 1 2 1 2 1 2 0 3 0 0 0 0 0 0 0 2 1 0 2 0 1 1 0 2 0 1 1 1 1 2 1 0 1 1 1 2 0 0 2 0 2 0 0 3 0 0 2 0 0 2 1 0 0 3 0 1 1 2 1 0 1 1 0 2 2 0 1 2 0 0 1 2 1 0 1 0 1 0 1 2 1 3 0 2 0 1 0 2 1 0 1 3 0 3 0 0 1 2 1 1 0 0 0 2 0 2 0 1 1 1 1 0 2 0 1 3 0 3 0 3 0 0 0 2 1 1 1 1 1 1 1 2 0 1 0 1 0 1 2 0 1 2 1 3 0 3 0 0 1 2 1 0 1 3 0 2 1 2 2 0 0 2 2 0 0 1 1 0 1 1 1 2 1 2 1 0 1 1 0 3 0 2 1 2 0 1 0 2 2 0 0 2 1 3 0 2 1 1 0 0 1 3 0 1 1 2 1 2 1 1 2 0 1 0 0 0 1 0 2 0 1 3 0 2 0 0 0 3 0 3 0 1 1 0 2 0 1 1 0 2 1 2 0 0 1 1 2 0 0 3 0 0 2 0 1 1 0 0 1 1 1 1 0 3 0 0 2 0 2 0 1 2 0 0 2 0 2 0 0 0 0 0 0 1 1 0 2 0 1 1 1 2 0 2 2 0 1 0 0 0 1 0 0 2 0 2 1 2 1 1 1 2 2 0 0 1 1 1 1 1 1 2 0 1 1 3 0 3 0 0 1 1 0 0 0 2 0 2 0 1 1 2 0 2 0 1 0 3 0 2 0 2 1 0 1 1 1 0 0 2 0 2 0 2 0 1 0 0 0 2 1 1 1 2 0 2 2 0 1 2 1 2 0 2 0 2 0 0 0 0 0 0 2 0 1 0 0 0 0 2 0 2 0 2 1 1 1 2 0 3 0 0 0 2 2 0 1 1 2 0 1 2 1 1 0 1 1 0 0 0 1 1 2 0 1 1 0 1 0 2 0 2 0 2 1 2 0 1 1 2 0 1
1 534 1 1 1 0 1 2 1 2 2 0 1 0 1 1 0 3 0 2 0 1 0 3 0 2 0 2 1 1 0 3 0 2 1 0 1 0 2 0 1 2 2 0 1 1 1 1 0 2 2 0 1 3 0 2 1 3 0 1 1 2 1 3 0 2 0 1 0 2 2 0 0 2 1 0 1 2 1 0 1 1 1 1 0 1 0 1 0 0 0 2 1 1 0 0 0 0 1 1 1 1 2 0 0 1 1 0 2 0 2 0 0 0 1 1 0 2 0 3 0 1 2 0 1 3 0 1 1 2 1 3 0 0 1 0 1 3 0 0 0 0 1 1 0 1 1 2 1 0 0 3 0 1 1 0 1 1 0 0 0 0 1 1 0 2 0 0 2 0 0 1 1 1 1 2 0 2 1 2 1 0 1 2 0 0 1 1 0 0 2 0 1 3 0 0 2 0 1 2 0 3 0 2 1 1 1 1 1 3 0 2 0 2 0 3 0 2 0 2 1 0 1 0 1 1 0 2 0 2 1 2 1 0 1 1 1 2 0 2 0 1 0 3 0 1 0 2 1 3 0 0 0 2 1 1 0 0 1 1 0 1 1 3 0 1 2 0 2 0 0 2 0 3 0 1 0 2 0 1 1 2 0 1 1 2 0 0 0 1 0 0 2 0 0 3 0 2 1 1 0 0 2 0 1 2 0 0 1 1 1 3 0 2 2 0 1 1 2 0 0 1 1 1 2 0 1 2 0 2 1 3 0 1 1 2 2 0 0 1 0 1 0 2 0 1 1 2 1 2 2 0 2 0 0 3 0 1 2 0 1 2 1 0 0 0 0 3 0 0 2 0 0 2 1 0 0 2 0 3 0 2 1 0 2 0 1 1 0 2 0 0 2 0 0 1 0 2 1 3 0 2 0 2 1 0 0 0 0 2 0 2 1 2 0 1 0 0 1 1 0 1 0 0 0 0 0 0 2 0 0 3 0 1 0 1 1 1 0 1 2 0 1 1 0 1 0 0 1 3 0 0 1 1 2 0 0 0 0 2 1 0 1 1 0 0 0 1 0 0 1 1 0 0 0 1 1 3 0 2 1 0 1 1 0 1 0 1 2 0 0 0 0 2 1 1 1 2 1 0 0 2 2 0 1 0 1 2 0 2 2 0 0 1 0 2 2 0 0 1 0 2 1 1 0 1 0 1 2 0 2 0 2 0 2 0
0 535 1 0 2 0 0 1 1 0 1 1 0 0 0 0 1 1 3 0 0 2 0 0 3 0 1 0 1 1 2 1 3 0 1 1 1 0 0 2 0 1 1 1 0 0 2 0 1 1 2 1 0 1 2 0 2 0 2 0 0 0 1 0 2 0 0 2 0 0 2 0 3 0 0 1 1 1 0 1 1 0 2 0 1 0 2 0 2 0 0 1 1 1 2 0 0 0 1 0 2 0 2 1 2 1 3 0 0 2 0 1 2 1 1 0 1 1 1 0 3 0 0 1 0 1 2 0 0 0 1 0 1 1 2 0 0 1 1 1 1 0 1 0 1 1 0 0 0 1 0 1 2 2 0 1 1 0 1 0 0 0 1 0 1 1 0 1 2 1 2 1 3 0 2 1 0 0 2 0 0 1 1 0 3 0 1 0 1 0 1 2 0 1 1 1 2 2 0 1 0 0 3 0 1 1 3 0 2 1 2 0 1 0 1 0 3 0 1 0 1 1 1 0 0 0 1 1 1 0 2 0 0 1 1 0 2 1 0 0 0 2 0 0 2 2 0 0 2 0 1 1 1 1 1 1 2 0 1 0 1 1 0 0 2 0 0 1 0 1 3 0 0 0 2 2 0 0 0 2 0 2 0 2 0 2 0 1 1 0 2 0 1 1 3 0 2 0 1 1 2 0 1 2 0 0 3 0 1 0 2 1 2 0 2 1 0 0 2 1 2 1 3 0 2 2 0 1 0 0 2 0 2 0 0 0 1 0 2 1 2 0 2 1 1 0 0 0 1 0 1 1 0 1 3 0 2 0 0 1 0 1 0 1 0 0 0 1 2 1 2 1 3 0 0 1 0 1 1 0 3 0 1 1 1 2 0 0 1 1 0 1 2 1 2 1 2 1 2 0 2 0 1 0 1 1 0 0 0 1 1 0 1 2 0 1 3 0 1 0 1 0 2 0 0 0 0 0 1 1 3 0 1 1 3 0 3 0 1 1 0 1 0 0 1 0 2 0 1 1 1 1 2 0 2 1 2 1 0 1 1 1 1 0 1 0 0 0 2 0 1 0 1 0 0 1 0 0 2 0 1 1 1 0 1 0 2 1 0 0 2 1 0 1 1 2 0 0 0 1 0 1 2 1 0 0 0 1 0 0 2 0 2 1 2 1 2 0 2 1 2 1 1 1 2 0 2 1 0 1 0 2 0 2 0 1 2
1 535 2 1 0 1 2 0 1 0 2 2 0 0 0 1 0 0 1 1 2 1 3 0 1 2 0 0 0 0 1 0 1 2 0 1 2 0 1 2 0 0 1 2 0 1 1 0 0 0 0 1 1 1 0 0 1 0 0 1 1 0 2 1 0 1 2 1 3 0 0 0 2 1 2 0 2 0 0 0 1 1 0 2 0 0 1 0 0 1 2 0 2 0 3 0 0 0 2 1 1 0 2 0 1 0 1 1 2 2 0 1 0 1 2 0 3 0 1 1 2 1 2 0 0 0 3 0 0 0 2 0 3 0 3 0 1 0 2 0 1 0 2 0 2 2 0 0 1 0 0 1 1 1 0 0 1 0 2 0 0 0 2 0 3 0 0 1 1 0 1 0 2 0 1 1 0 1 0 1 2 0 1 1 2 1 3 0 2 1 0 1 0 0 2 1 1 0 3 0 3 0 2 0 0 0 2 0 1 2 0 1 3 0 2 1 2 1 3 0 3 0 1 0 0 0 3 0 1 1 0 1 2 0 1 1 1 1 0 0 1 1 3 0 1 0 2 2 0 2 0 1 3 0 2 0 3 0 2 0 2 2 0 1 0 1 2 0 0 1 1 1 1 1 2 0 2 1 1 2 0 2 0 2 0 2 0 0 1 1 1 0 0 0 2 0 1 0 0 0 0 0 0 0 3 0 1 2 0 0 2 0 0 0 1 1 0 1 2 0 1 0 2 0 2 0 3 0 3 0 0 0 0 1 1 0 2 1 2 0 0 0 1 1 2 0 0 0 2 0 3 0 0 1 2 0 0 1 1 2 0 2 0 2 0 0 1 1 1 0 1 0 1 1 2 0 0 0 1 1 2 2 0 2 0 0 2 1 3 0 0 1 1 0 1 0 1 0 0 0 0 1 3 0 2 2 0 0 1 0 1 1 0 1 0 1 1 1 3 0 2 1 0 1 1 0 0 1 0 0 2 0 0 0 2 0 2 2 0 1 0 2 0 0 2 1 0 2 0 2 0 0 0 0 2 0 0 1 1 0 2 0 1 0 2 0 0 1 0 1 3 0 2 0 0 2 0 1 0 2 0 1 2 0 2 1 1 1 0 1 1 1 1 0 2 1 2 1 1 0 0 1 0 1 0 0 0 2 0 1 1 0 2 0 1 0 0 0 2 0 0 2 0 0 0 0 1 1 1 0 0 2 0 2 0 1 0
1 536 1 1 1 1 0 3 0 2 1 2 0 2 1 0 2 0 1 0 0 1 0 2 0 0 0 2 1 0 0 2 1 0 1 0 1 0 0 0 0 2 2 0 1 0 0 1 0 0 0 1 0 1 2 0 0 2 0 1 0 1 1 1 1 1 1 1 0 1 1 1 1 2 0 0 0 0 1 1 0 3 0 0 1 2 1 2 0 1 1 0 0 1 0 2 1 1 1 1 1 2 1 0 2 0 0 0 0 1 1 0 0 0 1 0 0 3 0 0 0 0 2 0 1 1 1 2 1 1 1 1 0 3 0 2 2 0 0 0 2 0 0 1 0 2 0 2 1 2 0 1 0 1 2 0 0 2 1 0 1 1 1 1 0 2 1 2 0 1 0 2 1 0 2 0 1 1 0 0 1 0 0 0 0 1 0 2 0 1 1 0 2 0 1 1 1 2 1 3 0 3 0 0 1 1 1 1 0 0 1 0 1 2 0 2 0 1 0 2 0 2 1 3 0 0 1 2 2 0 1 1 0 3 0 3 0 1 2 0 1 0 0 1 2 0 0 2 1 0 2 0 1 2 0 1 0 3 0 1 0 2 1 0 0 0 0 3 0 1 0 2 0 2 1 0 0 1 2 0 1 0 2 0 2 0 1 2 1 3 0 1 0 0 1 0 1 3 0 0 0 0 0 0 1 3 0 0 0 2 2 0 1 1 0 3 0 0 0 3 0 2 1 1 0 1 0 3 0 2 1 1 0 1 0 1 1 1 2 0 1 1 0 3 0 3 0 0 1 1 0 2 1 2 0 3 0 1 0 2 2 0 2 0 1 2 1 3 0 1 0 2 0 3 0 3 0 0 1 0 0 1 1 0 1 3 0 1 0 1 1 2 0 1 0 2 0 2 0 0 0 1 1 2 0 2 0 2 1 2 0 3 0 0 0 0 0 2 1 2 0 1 1 1 0 1 0 0 2 0 1 0 1 1 1 1 0 2 1 0 0 0 1 3 0 0 1 1 2 0 1 2 1 0 1 0 1 2 0 1 1 0 2 0 0 0 1 2 0 0 1 2 0 0 1 2 2 0 0 0 2 0 1 0 0 1 1 3 0 0 0 2 0 1 1 2 0 0 1 2 0 0 2 0 2 0 0 1 2 0 0 1 1 0 1 3 0 0 1 0 1 2 1 2 1 0 0 3 0 1 0 1 2 0 1 3 0 2
0 537 1 0 2 0 1 1 3 0 2 0 0 0 1 1 1 1 3 0 2 1 2 1 0 1 1 1 1 1 0 1 1 1 0 2 0 2 0 0 0 1 2 0 3 0 2 1 2 0 0 0 2 1 0 0 2 2 0 1 3 0 3 0 2 0 2 0 1 0 3 0 2 0 3 0 0 0 1 0 1 1 2 1 2 1 0 2 0 2 0 1 0 0 2 1 1 1 3 0 2 1 0 1 1 1 2 1 0 0 2 2 0 0 0 2 0 1 2 1 1 0 1 2 0 0 2 1 0 1 3 0 1 1 3 0 2 0 2 1 1 1 2 1 2 1 1 0 1 2 0 2 0 0 0 0 3 0 0 1 1 0 2 0 1 1 1 2 0 2 0 0 1 1 1 2 0 0 1 0 0 2 0 0 0 0 2 1 0 2 0 1 1 2 0 0 2 1 1 0 2 0 2 1 2 0 2 0 1 0 1 0 0 1 0 0 0 2 0 0 1 0 2 0 1 1 2 1 1 1 0 0 1 1 3 0 3 0 0 0 3 0 2 2 0 0 3 0 0 1 1 2 0 0 3 0 2 1 2 2 0 0 1 1 0 0 0 1 2 2 0 0 1 0 1 1 0 1 0 1 0 0 0 2 0 2 0 1 1 0 1 1 3 0 1 0 0 1 1 1 1 0 0 0 1 1 1 1 1 1 2 1 0 0 1 1 2 1 1 1 3 0 1 1 2 0 2 1 3 0 1 1 2 0 2 0 3 0 2 2 0 0 1 1 3 0 2 1 2 0 1 1 2 0 0 0 2 2 0 0 2 1 0 2 0 1 1 0 1 2 0 0 1 0 3 0 2 1 1 2 0 0 3 0 0 1 1 1 3 0 3 0 3 0 2 1 1 0 0 1 1 1 0 0 0 0 1 0 2 0 0 0 2 1 1 0 0 1 1 2 0 2 0 1 2 0 2 0 1 2 0 0 0 0 2 0 1 1 1 1 0 0 1 1 1 1 2 0 2 2 0 1 0 1 1 0 0 0 3 0 3 0 0 1 2 1 1 0 3 0 1 0 3 0 1 1 1 0 2 1 1 1 3 0 2 2 0 0 1 1 1 1 0 2 0 2 0 1 2 0 3 0 1 2 0 1 2 2 0 0 2 1 3 0 0 1 1 1 2 0 0 1 1 0 0 1 0 1 2 2 0 0 0 1 0 1 2 0 1
1 537 2 1 1 0 0 0 2 0 0 1 1 0 3 0 2 1 2 0 2 0 0 1 1 0 2 0 2 0 0 0 2 0 0 2 0 1 2 1 1 1 0 0 3 0 1 2 0 1 1 1 1 1 0 1 2 1 0 1 2 0 3 0 1 0 0 2 0 0 3 0 1 0 2 1 1 0 2 1 0 0 1 0 0 1 1 2 0 1 3 0 3 0 0 2 0 0 2 0 1 1 1 0 2 1 0 1 0 1 2 0 2 1 1 2 0 1 0 1 2 1 0 0 3 0 0 1 1 1 2 0 0 0 2 0 1 0 1 2 0 0 1 0 0 1 2 1 0 1 0 1 2 1 0 1 2 1 2 0 1 1 0 2 0 2 0 1 0 1 2 1 3 0 2 1 2 1 2 0 1 1 2 1 0 1 1 1 1 2 0 0 2 1 3 0 0 1 2 1 1 0 2 0 0 0 0 1 3 0 2 0 0 2 0 0 1 1 2 1 2 1 1 0 0 0 0 1 2 2 0 1 0 0 2 0 2 1 1 1 3 0 2 0 3 0 1 1 2 0 2 1 3 0 2 0 2 0 1 0 2 1 2 2 0 0 1 1 1 0 2 1 2 0 2 2 0 2 0 2 0 0 1 2 0 2 0 0 1 1 0 0 1 1 3 0 1 0 2 0 1 0 0 0 3 0 2 0 2 1 0 1 0 1 0 0 0 2 0 0 2 0 0 0 0 0 2 0 2 0 0 0 0 0 1 0 3 0 2 0 2 2 0 0 2 0 1 2 0 2 0 2 0 1 1 1 2 0 3 0 0 1 1 2 0 0 1 1 0 0 2 1 2 1 3 0 1 2 0 0 3 0 1 1 2 0 2 1 2 0 3 0 3 0 1 1 2 0 1 0 1 2 0 0 0 0 2 1 0 1 1 1 1 1 2 0 1 0 2 2 0 2 0 1 0 0 1 0 0 0 2 1 0 1 0 2 0 1 2 2 0 0 3 0 2 1 0 0 2 1 0 0 0 0 1 0 0 1 3 0 2 1 2 1 0 1 2 1 2 2 0 0 2 2 0 1 2 1 1 2 0 0 2 0 2 0 2 1 3 0 2 0 0 2 0 2 0 1 0 0 3 0 0 1 0 1 1 0 3 0 1 0 1 1 2 0 2 0 3 0 1 0 1 0 1 0 0 1 1 0 2 1 1 0 0 0 3 0 2
0 538 1 1 1 2 0 0 1 0 1 2 0 1 1 3 0 2 0 0 0 0 1 2 0 1 1 1 0 0 1 1 1 0 1 2 2 0 1 0 1 2 2 0 1 3 0 0 1 0 0 2 0 2 0 0 1 0 1 1 1 0 0 2 1 3 0 1 1 3 0 1 2 0 0 1 1 2 1 1 1 0 0 2 0 1 0 2 2 0 1 2 0 2 1 2 1 2 2 0 2 0 1 2 1 1 1 1 0 0 1 0 0 1 2 0 1 0 0 0 1 0 1 0 1 2 1 2 0 2 0 3 0 0 1 0 2 0 0 0 0 2 1 2 0 1 1 0 1 1 0 0 1 0 1 1 1 0 2 0 2 0 1 1 2 0 2 0 0 0 1 1 0 2 0 2 0 1 0 0 0 0 0 0 1 1 0 2 0 2 1 3 0 1 0 1 1 2 1 0 1 2 1 0 1 1 0 1 1 2 0 0 1 2 1 2 2 0 0 1 0 0 1 2 0 0 0 1 1 1 0 3 0 3 0 0 0 1 2 0 0 2 0 1 0 3 0 0 0 0 0 2 0 2 0 1 0 0 2 0 0 2 0 1 0 2 1 3 0 1 1 2 0 0 0 2 1 0 2 0 1 2 2 0 1 0 1 2 1 2 2 0 1 0 0 1 2 0 0 0 1 3 0 0 1 3 0 1 0 1 1 0 2 0 2 0 0 1 1 2 2 0 1 1 0 0 1 1 0 0 1 1 0 0 0 2 1 3 0 1 0 2 0 3 0 0 0 0 1 0 2 0 2 0 0 2 1 0 0 2 1 2 0 2 1 2 1 2 2 0 1 2 0 1 0 2 0 0 0 3 0 2 0 0 0 0 0 2 0 0 0 3 0 2 2 0 2 0 2 0 0 0 0 2 1 0 1 1 1 1 0 2 0 2 0 3 0 2 1 2 1 0 1 3 0 2 1 2 0 0 1 1 1 1 0 0 2 0 1 1 0 3 0 2 0 1 1 0 1 1 1 0 0 0 0 2 0 1 1 2 0 2 0 0 1 1 1 1 0 1 0 3 0 1 1 0 1 0 2 0 0 3 0 0 0 1 0 2 0 2 0 0 1 2 2 0 1 3 0 3 0 1 1 2 0 0 0 1 1 2 2 0 0 0 0 0 0 1 0 2 1 3 0 2 0 2 0 1 0 1 1 1 1 2 0 0 1 3 0 1
1 539 1 0 2 0 3 0 1 0 0 1 0 0 0 0 2 0 0 1 1 0 1 0 3 0 3 0 1 0 1 0 2 0 0 1 1 1 0 0 0 1 1 1 0 1 1 1 1 2 0 1 1 0 0 1 2 0 0 0 1 2 0 1 2 0 2 0 0 0 2 0 0 0 2 2 0 0 0 1 2 2 0 1 0 2 0 0 2 1 0 1 0 0 2 0 1 0 1 1 0 2 0 1 0 1 3 0 1 0 0 2 0 1 0 0 3 0 2 1 1 0 0 0 0 1 1 0 0 0 1 0 2 1 2 0 0 1 2 1 0 1 1 2 0 2 0 1 1 0 1 0 1 0 0 0 2 0 0 2 0 2 0 0 2 2 0 1 2 1 1 0 1 1 1 0 0 1 3 0 0 0 0 0 1 0 1 1 1 0 2 0 1 2 0 0 0 0 0 1 1 1 0 1 1 0 1 0 3 0 3 0 1 1 1 0 1 0 2 1 2 0 1 0 3 0 0 0 3 0 1 1 3 0 2 1 1 1 0 0 2 2 0 2 0 0 2 1 1 0 0 1 1 0 0 1 3 0 1 1 2 2 0 2 0 0 2 0 1 2 0 2 0 1 1 1 1 1 1 2 0 1 1 1 0 0 0 1 1 0 1 0 3 0 2 2 0 0 2 1 1 1 1 1 2 1 1 1 3 0 3 0 0 2 0 1 2 2 0 0 1 1 0 0 1 0 1 0 1 0 1 0 1 0 0 1 2 0 1 2 0 0 1 0 2 1 1 0 1 0 0 2 0 1 3 0 0 1 0 1 2 0 0 0 2 0 1 0 1 1 0 0 3 0 2 1 0 1 1 1 3 0 0 1 1 0 0 1 0 1 1 1 3 0 2 1 0 2 0 1 2 1 0 1 1 1 1 0 2 0 1 1 1 0 1 0 3 0 2 0 0 1 1 1 2 0 1 2 0 1 2 0 2 0 1 0 1 2 0 0 1 1 3 0 0 2 0 1 1 0 1 2 0 0 0 1 1 0 0 0 0 0 0 1 2 0 2 0 1 0 2 1 2 2 0 1 1 0 0 1 3 0 1 1 1 0 2 1 1 0 0 1 2 1 1 1 0 1 2 0 2 2 0 2 0 1 1 1 0 0 1 0 2 1 0 0 0 0 2 1 2 0 2 0 1 0 0 1 3 0 3 0 2 0 3 0 1 1 1 2 0
1 539 2 1 1 0 2 1 3 0 0 2 0 0 0 1 0 1 2 0 1 0 2 1 3 0 2 1 3 0 2 1 0 1 2 0 1 2 0 0 1 0 2 0 0 0 2 0 2 2 0 0 1 0 1 0 3 0 0 1 0 1 0 1 0 0 0 1 1 1 0 1 1 1 2 0 2 1 1 1 1 1 0 0 0 1 3 0 0 1 0 2 0 1 0 1 3 0 3 0 0 2 0 0 0 1 1 1 3 0 1 1 3 0 3 0 2 0 1 1 2 0 0 0 1 0 1 0 0 0 2 1 1 2 0 1 2 1 0 1 1 0 2 2 0 2 0 0 1 0 2 0 2 0 0 1 0 1 2 2 0 1 3 0 1 1 0 1 0 1 2 0 3 0 1 0 1 1 1 1 1 0 0 0 2 0 3 0 1 1 1 0 0 0 2 1 0 0 1 0 2 0 0 0 1 0 2 1 3 0 2 2 0 1 2 0 2 1 1 2 0 2 0 0 2 1 1 1 3 0 0 0 2 0 1 1 2 2 0 1 2 1 0 1 3 0 0 1 2 0 1 0 1 0 1 1 2 0 0 0 1 1 0 1 3 0 0 0 0 1 0 2 0 0 2 0 2 0 2 2 0 0 1 2 0 0 1 0 1 0 2 1 3 0 2 0 3 0 0 1 3 0 2 1 0 2 0 0 2 0 2 1 2 2 0 1 1 0 2 1 2 2 0 0 2 0 2 0 2 0 2 0 2 0 1 1 0 0 0 0 2 1 2 1 1 1 2 0 2 0 1 2 0 1 1 1 2 0 0 0 3 0 0 1 0 1 3 0 2 2 0 1 3 0 1 1 1 0 2 1 1 1 2 0 1 0 1 0 0 0 2 1 2 0 1 1 1 2 0 1 0 1 1 0 2 0 1 1 0 2 0 1 2 0 2 1 3 0 0 1 2 0 2 1 0 0 0 1 0 1 0 0 0 2 0 0 0 0 2 2 0 0 1 1 2 2 0 0 1 1 0 0 2 1 1 0 1 0 0 0 0 0 1 1 0 0 0 2 0 0 2 0 1 1 0 0 1 0 1 1 1 2 0 1 2 1 1 1 2 0 1 1 0 1 3 0 0 1 0 0 2 1 0 2 0 0 1 2 0 0 2 1 1 1 0 0 0 1 2 0 0 0 0 1 3 0 1 1 2 0 3 0 1 0 2 2 0 2 0 0 2
0 540 1 1 1 2 1 2 0 1 1 2 1 2 1 1 0 0 0 3 0 2 1 2 0 2 0 2 0 2 0 1 1 1 1 0 0 0 0 2 1 2 1 0 1 1 1 1 0 2 0 2 1 2 0 2 1 2 1 1 2 0 2 0 2 0 0 1 0 2 0 0 0 2 1 0 0 1 1 3 0 1 2 0 0 1 1 1 1 2 0 0 2 0 0 0 1 2 0 2 1 2 1 2 1 1 0 2 1 2 0 0 0 2 0 3 0 0 2 0 2 0 1 1 0 2 0 2 0 0 1 1 2 0 1 0 1 0 1 1 0 1 1 2 1 0 1 2 1 2 1 1 0 0 1 2 0 0 1 1 1 0 1 1 2 0 1 1 0 0 1 0 0 2 1 3 0 3 0 2 0 1 0 0 1 1 0 2 2 0 1 2 0 0 1 1 1 0 0 2 1 0 1 1 0 2 1 2 0 2 0 2 1 0 1 0 0 1 2 0 1 0 1 3 0 0 2 0 0 1 1 1 1 1 0 0 0 1 1 0 1 0 1 1 1 1 1 2 0 3 0 2 0 2 0 3 0 3 0 0 0 3 0 0 1 1 1 1 0 1 0 0 1 3 0 0 0 1 0 2 0 2 2 0 0 2 1 2 0 2 1 2 0 2 0 1 0 2 1 2 1 2 0 1 1 1 1 3 0 0 0 2 0 1 1 0 0 1 1 2 0 1 0 3 0 0 0 1 0 1 0 1 0 0 2 0 1 0 0 0 1 2 0 0 2 0 0 0 0 1 0 0 1 0 0 2 0 3 0 0 1 2 1 2 0 0 1 2 0 2 1 0 1 1 2 0 1 2 1 1 1 3 0 3 0 2 0 2 0 0 1 1 2 0 2 0 2 0 1 0 0 0 0 1 1 0 2 0 1 1 2 0 1 0 0 2 0 1 1 2 1 0 0 1 1 0 0 0 2 0 2 0 0 1 1 2 1 0 1 2 0 2 2 0 0 1 0 2 1 2 2 0 1 1 1 2 0 2 0 0 0 0 0 2 2 0 0 1 1 2 2 0 2 0 1 0 0 2 0 3 0 2 2 0 1 0 1 3 0 3 0 3 0 0 1 1 1 1 2 0 1 1 1 1 1 2 2 0 0 3 0 0 1 2 2 0 0 1 0 3 0 0 0 1 1 2 0 0 0 0 0 2 2 0 0 2 1 0 1 3 0 0
0 541 1 0 2 1 1 0 0 0 0 0 1 0 0 1 2 0 0 1 3 0 2 0 0 0 1 0 1 0 0 2 0 1 2 2 0 0 0 1 2 0 0 1 1 0 2 0 1 1 1 0 2 0 0 0 2 0 0 2 0 1 0 2 0 1 2 1 2 1 0 1 1 1 1 1 0 1 0 0 2 0 0 0 2 1 3 0 2 0 3 0 1 1 2 1 1 1 0 0 2 0 1 0 0 1 2 1 1 2 0 1 1 1 1 0 2 1 2 2 0 2 0 0 1 1 1 0 0 1 2 0 2 2 0 0 0 0 0 0 1 1 0 0 0 1 1 1 1 0 0 1 2 0 1 0 3 0 1 0 2 0 0 0 2 2 0 0 1 0 0 2 0 1 2 0 2 0 3 0 0 1 3 0 1 0 1 1 2 1 0 0 3 0 1 0 1 2 0 1 1 1 1 0 1 1 2 0 0 0 1 0 1 1 0 2 0 1 0 1 0 0 0 1 1 1 2 1 2 1 3 0 2 0 1 0 0 0 3 0 0 0 0 0 2 0 2 1 0 0 3 0 1 0 1 0 3 0 2 1 1 1 2 1 2 0 2 0 1 0 2 0 1 1 1 1 1 0 2 1 1 0 2 0 3 0 1 0 0 0 2 0 0 0 0 2 0 0 2 0 0 2 0 2 0 2 0 0 1 1 1 1 0 2 0 1 0 0 3 0 3 0 2 1 2 1 1 0 2 0 2 0 2 0 1 1 3 0 2 1 1 0 3 0 1 1 2 1 0 0 2 0 0 2 0 1 1 0 2 1 2 1 0 2 0 1 2 1 0 0 1 1 1 0 2 2 0 1 0 2 0 0 2 0 3 0 1 0 0 1 2 0 2 2 0 2 0 1 3 0 2 1 0 0 3 0 0 2 0 0 2 1 3 0 3 0 0 0 0 0 0 1 0 0 2 2 0 0 1 2 0 1 2 2 0 0 0 1 1 1 0 0 2 0 2 1 2 1 2 0 1 1 0 0 2 1 0 0 0 1 1 0 0 1 2 0 2 2 0 0 1 1 0 1 3 0 3 0 0 0 3 0 2 1 0 0 0 1 2 0 3 0 2 1 2 0 2 0 2 2 0 0 2 0 2 1 1 0 3 0 1 1 2 1 1 0 2 1 2 1 2 1 1 0 3 0 3 0 0 0 0 1 2 0 3 0 0 1 1 1 1 1 1
0 541 2 1 1 1 2 0 0 0 0 0 2 0 1 0 3 0 1 1 2 0 0 1 1 0 2 0 2 0 1 2 0 1 1 0 2 1 1 0 3 0 1 0 1 1 0 2 0 1 2 1 0 1 1 1 0 1 2 2 0 0 0 2 0 1 1 0 0 1 1 0 2 0 1 2 0 2 0 1 0 1 1 1 2 0 2 0 1 0 3 0 0 0 0 1 2 2 0 1 0 1 3 0 1 1 0 2 0 1 0 0 2 0 1 1 2 0 1 1 0 1 2 1 3 0 1 0 1 1 0 0 2 0 2 1 0 0 0 0 2 2 0 0 1 0 2 0 1 0 1 0 3 0 2 1 2 2 0 0 0 1 1 1 2 0 2 1 2 0 1 2 0 1 0 0 1 0 2 1 2 1 1 2 0 0 0 0 0 1 0 1 2 2 0 0 0 1 0 0 2 0 1 0 3 0 3 0 0 0 2 0 3 0 0 1 3 0 3 0 2 1 1 0 2 1 1 0 1 0 2 0 0 1 3 0 0 1 2 1 1 0 0 1 1 0 1 1 0 1 2 1 3 0 2 1 3 0 1 2 0 0 1 0 0 0 0 2 0 0 0 2 0 1 3 0 1 1 1 1 2 1 1 0 2 1 3 0 0 1 0 1 1 0 1 1 2 2 0 1 2 2 0 2 0 1 2 1 3 0 2 0 0 1 3 0 3 0 2 0 3 0 2 0 0 1 2 1 1 0 1 0 1 0 0 0 2 0 1 1 2 1 3 0 0 0 0 1 0 1 0 1 2 2 0 0 1 1 2 0 0 1 1 2 0 1 0 1 0 0 3 0 1 1 2 1 0 0 0 1 3 0 0 0 2 1 3 0 1 1 0 0 2 1 0 2 0 1 2 0 1 1 0 1 2 1 2 1 3 0 1 0 2 0 2 1 1 0 0 0 0 2 0 1 2 0 2 2 0 1 0 1 1 0 2 1 1 0 1 2 0 1 1 0 2 0 0 2 0 2 0 1 0 1 1 1 0 0 1 0 1 0 1 1 0 0 2 0 2 1 3 0 0 1 2 0 2 1 1 1 3 0 1 1 0 0 1 1 0 0 3 0 2 0 0 0 1 0 2 0 3 0 0 0 1 1 2 1 3 0 0 0 0 1 2 1 2 0 1 0 0 1 2 1 3 0 2 1 1 0 1 1 0 0 2 1 2 0 2 0 2 0 1
1 542 1 1 1 3 0 3 0 0 0 0 1 0 2 0 0 2 2 0 2 0 1 2 0 1 1 1 0 1 0 0 1 0 0 1 1 1 1 2 1 2 1 3 0 3 0 0 2 0 1 0 1 1 0 2 0 0 1 1 0 2 1 1 2 0 0 1 0 1 0 1 1 1 0 0 1 0 2 0 0 0 0 2 1 0 0 0 2 0 0 2 1 1 0 1 1 1 1 0 0 0 1 1 2 0 1 1 1 3 0 2 2 0 2 0 2 0 2 0 1 1 1 1 0 1 1 3 0 2 2 0 1 1 0 1 1 0 0 0 1 2 0 2 1 2 1 0 1 3 0 2 1 3 0 2 0 1 0 2 1 1 0 2 1 0 0 2 0 0 0 0 0 3 0 2 1 2 1 2 0 0 2 0 0 2 1 0 0 1 0 0 1 1 0 2 1 0 2 0 1 0 2 0 0 3 0 2 1 1 1 1 0 2 1 2 1 2 0 3 0 1 1 2 1 1 1 2 0 2 1 0 1 2 1 1 1 2 1 0 1 2 0 1 0 1 0 3 0 0 1 1 0 2 0 2 0 2 0 0 0 2 1 2 0 0 0 1 1 2 1 1 2 0 1 1 2 0 2 0 0 0 1 2 1 2 0 1 1 2 0 0 0 1 1 0 0 1 1 0 1 1 1 0 2 0 1 1 0 2 0 0 1 2 1 2 0 3 0 1 0 3 0 0 1 2 1 0 1 2 0 2 0 2 0 0 1 1 0 0 0 1 0 1 1 1 0 1 0 0 0 0 1 1 0 2 1 3 0 3 0 1 0 2 1 3 0 3 0 3 0 2 0 0 0 0 1 0 0 1 1 1 1 1 1 2 0 1 2 0 1 0 1 1 1 1 2 0 0 3 0 3 0 0 1 1 0 1 0 1 2 0 0 1 0 1 1 2 0 0 0 1 2 0 1 0 0 2 1 0 0 0 0 1 1 1 1 2 1 0 1 0 0 1 1 0 1 2 2 0 2 0 0 0 0 1 2 0 0 2 0 2 0 2 2 0 1 1 0 2 0 1 1 2 1 0 0 1 2 0 0 1 2 0 1 0 0 2 2 0 1 3 0 0 1 1 0 2 1 1 0 2 1 1 1 0 0 1 0 1 1 1 0 1 1 0 2 0 1 3 0 1 1 1 0 2 0 1 1 2 0 2 2 0 1 2 0 0 0 1 0 0 2 0
1 543 1 0 2 1 2 0 2 1 1 0 1 0 0 1 3 0 1 1 0 2 0 0 3 0 3 0 1 0 2 0 0 2 0 0 3 0 2 1 1 0 1 0 2 0 2 1 2 2 0 0 0 0 1 1 0 1 2 0 1 1 1 2 0 0 2 1 2 0 2 0 3 0 1 0 1 0 0 1 2 1 0 1 1 1 0 0 1 1 3 0 0 1 2 0 3 0 1 2 0 0 1 0 2 2 0 0 2 1 2 0 2 1 0 2 0 2 0 2 0 0 2 0 1 1 0 0 2 0 2 1 0 0 1 0 2 2 0 0 1 1 0 0 2 0 0 1 1 1 2 0 2 0 2 0 0 2 0 0 1 1 2 1 1 1 0 1 0 1 1 0 0 1 3 0 2 0 0 2 0 1 2 1 3 0 0 1 0 0 2 0 1 0 1 1 1 1 1 2 0 0 0 1 3 0 2 0 1 1 3 0 1 1 2 0 1 0 0 0 3 0 0 0 0 2 0 0 0 0 1 1 1 1 0 2 0 0 0 1 1 0 3 0 2 0 2 1 2 1 2 0 1 1 1 0 1 0 0 1 1 1 1 2 0 1 1 1 0 0 0 2 0 1 0 0 2 2 0 1 2 1 1 1 0 2 0 2 0 2 0 1 1 0 2 2 0 0 3 0 0 0 2 0 0 2 0 0 1 1 0 1 2 1 1 0 0 0 2 2 0 0 2 1 2 1 0 1 1 1 0 0 1 0 0 1 2 0 1 0 0 0 2 0 3 0 1 0 2 0 0 0 1 0 1 1 2 0 2 0 2 2 0 0 2 0 2 0 3 0 3 0 0 1 1 0 0 2 0 0 3 0 2 0 2 1 0 0 0 1 0 0 0 0 2 0 2 1 3 0 2 0 2 1 2 0 1 0 2 1 0 0 2 1 2 0 3 0 3 0 0 1 0 0 3 0 3 0 0 1 0 0 0 0 3 0 2 1 0 1 0 2 0 0 3 0 0 1 1 1 0 1 2 1 0 1 0 0 3 0 0 0 1 0 2 1 0 0 1 1 1 0 0 0 0 1 0 1 0 0 2 2 0 0 3 0 3 0 1 1 0 1 1 1 2 0 1 1 1 1 2 1 1 1 2 2 0 0 2 0 3 0 1 0 3 0 0 2 0 1 1 2 0 1 2 1 1 0 0 0 0 0 2 1 0 0 3 0 0 0 2 0 1 1 2
0 543 2 1 2 0 0 0 1 1 2 0 2 0 1 1 1 2 0 1 1 1 3 0 2 0 2 2 0 0 0 1 2 1 3 0 2 0 1 1 2 0 2 1 1 0 2 0 1 0 2 1 0 0 3 0 0 0 3 0 3 0 2 1 3 0 1 0 0 0 1 0 2 1 3 0 2 0 1 1 0 1 1 0 1 2 0 1 0 0 1 1 2 1 0 0 3 0 0 0 2 1 2 1 2 0 3 0 1 0 0 0 1 1 1 2 0 2 0 1 2 2 0 2 0 1 0 1 1 0 1 1 0 0 2 1 2 0 2 1 2 2 0 1 0 1 2 0 2 1 0 0 1 0 0 1 2 1 2 2 0 0 0 1 3 0 0 0 0 0 1 0 1 1 2 0 0 1 2 2 0 1 1 0 1 1 1 2 0 1 0 1 3 0 3 0 2 0 2 1 2 1 1 1 2 0 1 0 0 0 1 2 0 2 0 1 3 0 0 1 2 1 1 0 1 1 2 1 0 0 3 0 2 0 0 1 2 1 1 0 1 1 3 0 1 0 2 0 0 2 0 2 0 1 2 0 2 0 1 0 2 0 2 2 0 0 1 2 0 0 1 1 3 0 3 0 1 1 0 1 0 1 3 0 0 2 0 2 0 2 0 0 1 1 2 0 3 0 1 1 1 1 0 1 2 1 2 1 3 0 0 1 0 1 2 0 0 1 2 0 3 0 1 0 0 1 1 0 1 2 0 0 2 0 1 0 3 0 2 0 0 1 1 0 2 2 0 0 0 1 1 0 2 1 0 0 0 0 1 0 2 0 3 0 0 0 1 0 3 0 2 1 2 0 1 0 1 1 3 0 2 0 1 0 1 1 0 0 0 2 0 0 0 1 1 0 2 0 2 0 1 0 1 2 0 2 0 0 1 1 0 1 2 0 0 0 3 0 2 1 1 2 0 1 3 0 2 1 1 2 0 0 0 1 3 0 1 1 1 0 0 1 3 0 1 1 2 0 2 0 0 1 0 1 0 2 0 1 2 1 1 0 2 1 1 1 0 0 3 0 1 0 0 0 0 2 0 2 0 1 2 0 3 0 2 0 2 2 0 1 1 0 2 0 3 0 3 0 2 1 0 2 0 0 1 0 3 0 0 0 2 2 0 0 2 1 2 2 0 0 2 2 0 1 0 1 2 0 0 0 0 1 1 1 0 1 2 1 1 1 1 0 0 0 0
0 544 1 1 2 0 1 1 1 0 0 0 0 0 2 0 2 0 1 0 0 2 1 2 0 1 0 2 0 2 1 1 1 1 0 2 0 1 0 0 0 0 0 1 1 2 1 0 2 0 0 1 1 0 1 2 1 1 1 3 0 3 0 2 0 1 1 3 0 0 0 2 1 2 0 2 0 0 2 0 1 1 0 1 1 0 0 3 0 2 2 0 0 0 1 0 1 2 1 1 1 2 0 1 0 0 0 2 1 3 0 0 0 3 0 2 2 0 2 0 1 1 1 0 2 0 0 0 0 1 0 2 2 0 1 2 0 0 0 2 0 1 1 0 0 0 1 0 0 1 1 0 0 2 0 1 1 1 0 1 0 2 1 1 1 1 1 1 0 0 0 2 0 3 0 3 0 1 1 1 1 0 0 1 0 3 0 2 2 0 0 0 1 2 0 3 0 1 0 2 0 0 1 3 0 3 0 2 0 0 1 0 1 0 2 0 1 1 1 2 1 0 1 2 1 0 0 0 1 0 1 3 0 0 1 2 1 0 1 2 1 0 0 1 2 0 0 0 1 2 2 0 2 0 1 0 0 0 2 0 0 1 0 2 0 2 2 0 0 2 2 0 0 2 0 2 2 0 1 1 0 0 1 1 1 2 2 0 2 0 1 2 2 0 0 0 0 2 2 0 1 3 0 0 1 1 0 1 0 1 1 2 0 0 0 3 0 1 1 0 0 2 1 3 0 1 0 1 1 0 0 2 2 0 2 0 0 3 0 0 1 2 0 1 1 2 0 2 1 1 0 1 1 1 1 0 0 0 0 2 1 1 0 2 1 1 0 2 1 3 0 1 2 0 2 0 0 0 0 2 0 0 1 3 0 2 2 0 0 1 1 2 1 1 0 1 1 1 0 0 2 0 0 0 1 0 1 2 1 3 0 0 0 3 0 0 1 3 0 1 2 0 1 0 1 2 0 1 2 0 0 2 1 1 1 1 2 0 1 2 0 1 1 2 0 0 0 0 0 0 1 2 0 0 0 0 2 0 1 0 1 2 1 1 1 2 2 0 1 2 1 3 0 0 0 1 2 0 2 0 1 0 0 3 0 1 0 2 1 0 0 1 1 1 0 3 0 3 0 1 1 1 1 2 1 2 1 2 1 1 1 2 0 3 0 1 0 1 0 3 0 1 1 0 0 0 0 3 0 0 0 1 0 2 0 0 1 0 1 3 0 1 0 0 0 0
0 545 1 0 2 2 0 0 1 2 0 0 0 0 1 2 0 1 3 0 3 0 0 2 0 2 0 0 1 0 1 1 3 0 1 1 0 1 3 0 0 0 0 1 0 0 0 1 1 1 2 1 3 0 0 1 0 2 0 0 2 0 3 0 1 0 0 0 1 1 1 1 2 0 0 0 0 1 2 2 0 0 1 0 2 2 0 1 3 0 2 0 2 1 1 0 0 1 0 1 3 0 3 0 2 0 0 1 2 0 1 1 1 1 3 0 2 1 0 2 0 0 2 0 0 1 2 1 0 0 2 1 2 1 0 0 3 0 0 1 0 2 0 1 0 0 0 2 0 0 2 2 0 1 0 2 0 1 2 0 2 1 1 1 3 0 2 0 1 0 0 1 1 0 3 0 2 2 0 1 2 2 0 0 2 1 3 0 2 0 2 1 1 1 0 0 2 2 0 0 0 1 2 1 2 0 3 0 0 1 2 0 0 0 0 2 0 0 2 1 0 1 1 1 0 1 0 0 1 0 0 1 1 1 2 1 0 1 1 1 0 1 0 1 0 0 2 1 1 1 1 1 0 1 3 0 2 1 1 1 2 1 2 1 1 0 2 0 3 0 1 0 3 0 0 0 2 1 0 0 1 0 1 0 2 1 1 1 0 2 0 1 1 0 2 1 0 1 2 1 0 1 1 1 2 0 1 0 2 0 3 0 3 0 0 1 2 2 0 1 0 1 2 0 1 1 3 0 2 2 0 1 2 1 0 1 3 0 1 1 2 1 0 0 0 0 0 0 1 1 2 0 3 0 1 2 0 0 0 1 1 1 2 1 1 1 2 1 2 0 2 0 0 1 0 1 2 1 0 1 0 1 2 1 2 0 2 0 2 2 0 0 0 1 2 0 3 0 1 0 1 1 2 1 1 0 0 1 1 0 1 1 1 1 2 1 2 1 2 0 0 1 0 0 0 1 0 0 0 0 3 0 0 1 3 0 2 2 0 0 3 0 3 0 3 0 0 0 0 0 1 0 3 0 0 0 1 2 0 0 0 1 0 2 0 0 1 1 0 1 1 0 1 1 1 1 0 1 0 1 3 0 3 0 1 2 0 0 1 1 0 0 3 0 1 1 3 0 2 2 0 2 0 0 1 0 1 0 0 2 0 0 0 0 2 1 3 0 2 1 2 2 0 1 0 0 0 1 2 1 1 0 2 1 0 1 2 0 0 1 1 1 3 0 0 0 0
0 545 2 1 2 0 2 2 0 0 2 1 0 1 0 1 0 1 2 0 2 1 2 2 0 1 2 1 2 1 0 0 1 2 0 1 1 1 1 1 1 0 0 2 0 0 1 0 2 1 1 0 1 1 2 0 0 1 3 0 0 0 2 1 3 0 0 0 3 0 2 0 3 0 0 0 1 1 1 0 2 1 2 1 2 1 0 1 2 0 1 0 1 1 2 0 1 0 0 1 2 0 3 0 0 1 2 0 3 0 3 0 2 1 2 0 1 1 1 1 2 2 0 1 2 1 0 1 0 1 2 0 0 1 0 1 2 1 2 0 0 1 3 0 2 1 1 1 3 0 1 1 0 0 0 2 0 1 0 0 1 2 0 0 2 0 0 1 3 0 1 0 1 1 3 0 2 1 0 1 1 0 3 0 1 0 2 0 1 0 1 1 2 2 0 1 2 0 2 1 1 1 1 0 0 0 2 1 2 0 3 0 0 0 1 1 3 0 0 1 1 0 1 2 0 2 0 0 2 0 1 0 2 1 0 1 1 0 1 2 0 2 0 2 0 1 1 1 3 0 2 0 0 1 2 0 1 2 0 0 1 0 0 1 2 1 1 0 2 2 0 0 2 1 1 1 1 1 0 0 2 0 2 1 1 1 3 0 0 2 0 0 1 1 1 1 1 1 0 1 1 0 2 0 3 0 2 1 1 0 3 0 2 1 2 1 1 1 0 0 0 1 0 0 0 0 2 0 2 1 0 1 0 1 1 1 2 0 0 0 0 1 0 0 0 0 0 1 0 0 0 0 3 0 0 0 2 1 1 0 2 1 0 2 0 0 1 0 0 0 0 1 2 0 0 1 0 1 1 0 0 1 1 0 0 0 1 0 2 0 2 1 1 1 0 0 2 2 0 0 0 0 0 1 2 0 1 0 1 0 3 0 2 1 1 0 0 2 0 1 1 2 0 0 0 2 0 0 0 1 2 1 2 1 2 0 2 0 3 0 2 0 3 0 2 1 1 0 0 0 2 1 2 1 1 1 0 0 2 1 1 0 0 1 2 1 3 0 0 0 1 0 3 0 2 0 0 0 0 1 2 0 3 0 0 0 2 1 2 2 0 1 3 0 0 0 2 0 2 1 0 1 2 1 2 0 2 0 1 1 2 1 0 1 2 0 2 0 2 0 1 0 3 0 2 1 1 1 0 1 2 1 1 1 1 0 3 0 1 0 2 1 1 1 1 0 0
0 546 1 2 0 0 0 2 0 3 0 0 1 1 0 0 0 0 1 0 0 2 0 1 1 0 1 1 0 0 1 0 1 0 1 0 0 2 0 2 0 1 0 1 1 2 1 2 1 1 1 2 0 3 0 3 0 1 1 1 1 1 1 2 0 1 1 1 1 3 0 1 0 2 1 1 0 3 0 1 1 2 0 1 0 0 1 1 0 3 0 2 0 3 0 3 0 2 0 1 1 0 0 2 1 2 1 0 0 3 0 3 0 1 2 0 2 0 2 0 0 1 1 0 1 0 1 1 0 0 0 3 0 1 0 0 1 0 2 0 1 2 1 2 0 1 2 0 0 1 2 0 1 0 0 1 1 3 0 2 2 0 0 2 2 0 1 2 1 1 2 0 0 0 0 2 0 1 1 1 0 1 1 2 2 0 0 0 2 0 0 0 0 1 1 0 1 0 0 1 1 3 0 1 0 0 1 2 0 0 0 2 1 1 1 0 0 1 1 2 0 1 1 0 1 0 1 2 2 0 2 0 0 1 1 1 0 1 1 0 1 0 2 0 2 0 0 2 1 2 0 0 1 2 1 0 0 0 0 2 1 2 0 1 1 0 1 2 1 2 0 3 0 0 1 3 0 1 2 0 1 1 0 1 2 0 0 1 1 2 1 2 1 3 0 2 0 2 0 0 0 1 1 1 0 3 0 1 1 2 1 3 0 2 0 0 1 2 2 0 0 0 2 0 0 0 1 1 0 1 1 1 0 0 0 2 0 3 0 0 0 0 2 0 0 0 0 0 2 0 0 0 1 2 1 1 1 1 1 2 1 1 1 1 1 2 1 2 0 0 0 1 0 3 0 1 0 0 0 1 0 1 0 1 0 0 0 2 1 1 0 1 1 2 2 0 1 2 0 2 1 0 0 1 0 3 0 2 0 2 1 3 0 1 1 2 0 1 2 0 0 2 1 2 1 1 1 2 1 1 1 1 0 1 0 0 0 1 0 3 0 1 0 3 0 1 1 2 0 0 1 2 0 0 1 2 2 0 1 1 1 2 0 1 1 1 0 1 1 1 0 2 1 3 0 0 1 1 0 1 1 0 0 2 1 1 1 2 0 1 1 0 1 1 1 1 1 1 0 1 1 1 1 1 0 0 0 1 0 0 0 0 1 1 1 0 0 1 0 0 2 0 0 3 0 1 1 3 0 0 1 0 1 3 0 1 1 2 2 0 0 1 1 3 0 1 0 0
0 547 1 0 3 0 0 1 1 0 2 1 2 0 1 0 0 0 0 2 0 1 0 2 0 1 1 0 1 0 0 2 0 2 0 2 0 1 1 0 0 2 0 0 0 0 1 0 0 2 0 0 0 0 3 0 2 2 0 1 3 0 2 0 3 0 3 0 2 1 1 2 0 0 1 1 2 1 2 2 0 2 0 1 3 0 1 0 1 1 3 0 1 0 3 0 3 0 0 2 0 1 0 1 2 0 0 1 0 1 3 0 3 0 0 1 0 2 0 1 2 1 3 0 0 0 0 0 1 0 0 1 2 1 3 0 1 0 0 2 0 1 1 0 0 0 0 0 2 2 0 0 3 0 2 2 0 0 2 0 2 0 3 0 1 1 0 1 0 2 0 0 2 1 0 1 0 2 0 1 2 1 0 0 1 0 2 1 1 1 2 1 0 0 2 2 0 2 0 1 0 0 1 1 3 0 1 0 3 0 0 1 1 1 2 2 0 0 3 0 3 0 3 0 0 0 0 1 1 1 0 1 2 1 3 0 1 0 3 0 0 0 0 2 0 1 3 0 0 2 0 1 2 1 0 1 0 0 0 1 1 2 0 2 0 1 1 1 1 0 0 0 2 1 2 1 2 0 0 1 0 0 1 1 0 0 2 2 0 0 1 0 1 0 2 0 1 0 0 1 1 0 3 0 1 1 3 0 0 0 1 0 2 0 0 1 2 1 1 0 2 1 1 1 2 1 1 0 1 0 3 0 1 0 0 1 1 0 2 1 1 0 1 1 2 1 0 0 1 1 2 1 1 1 0 1 3 0 2 1 0 1 3 0 2 1 0 2 0 1 1 0 2 1 2 1 3 0 0 0 2 0 2 0 2 0 0 1 1 1 2 1 0 0 1 1 0 1 0 0 1 1 0 0 2 1 3 0 1 0 2 0 2 0 0 0 0 0 0 0 3 0 1 0 0 2 0 0 0 1 3 0 1 0 2 0 0 0 2 1 2 2 0 0 2 2 0 2 0 1 2 0 3 0 1 1 1 1 0 0 2 0 3 0 3 0 1 0 3 0 1 1 2 0 1 1 2 0 1 0 2 2 0 1 1 1 3 0 3 0 3 0 0 0 2 0 2 0 1 0 3 0 2 0 1 0 0 0 2 0 0 0 1 0 1 2 0 0 2 0 1 1 3 0 2 0 0 0 1 1 2 0 0 1 2 0 0 0 1 0 2 2 0 0 1 1 3 0 0
0 547 2 1 2 1 2 0 1 1 1 2 0 1 3 0 0 0 1 2 0 0 0 2 0 0 1 0 2 0 1 2 0 2 0 2 0 0 1 0 1 1 2 1 0 0 2 0 1 1 2 1 0 1 3 0 2 1 0 1 2 0 1 0 3 0 3 0 1 2 0 0 2 2 0 0 1 0 1 1 0 2 0 1 1 2 0 0 0 0 1 2 0 0 3 0 2 1 2 2 0 0 0 0 3 0 1 0 0 1 2 0 2 1 2 0 0 2 0 1 1 0 1 1 1 0 0 0 2 0 1 1 1 0 1 1 3 0 1 2 0 0 1 0 0 0 0 1 2 0 3 0 2 0 2 0 3 0 0 0 1 0 2 2 0 1 1 0 0 1 3 0 0 1 1 0 0 2 0 1 0 1 0 0 2 1 1 2 0 0 0 1 0 1 2 1 0 1 3 0 2 2 0 0 1 2 0 0 2 1 2 0 2 1 1 0 3 0 2 0 3 0 2 1 1 0 1 0 2 0 0 1 1 0 1 2 0 0 2 1 1 0 1 2 0 1 1 1 2 2 0 1 0 1 0 2 0 0 1 0 2 2 0 2 0 0 2 0 1 0 0 1 2 0 0 2 0 1 1 2 0 0 2 2 0 1 2 0 2 1 2 0 2 1 0 1 3 0 1 0 1 1 3 0 0 0 1 1 1 0 2 1 0 1 2 1 0 1 2 1 1 2 0 0 0 1 2 0 2 1 2 1 3 0 1 0 1 1 1 1 2 1 0 0 0 1 0 1 0 0 0 1 3 0 0 1 2 0 1 1 1 1 2 0 1 1 1 2 0 0 1 1 2 0 1 0 1 1 1 1 1 0 1 0 0 1 2 0 2 1 0 1 0 0 2 2 0 2 0 0 2 2 0 1 2 0 1 2 0 0 1 0 0 1 1 0 0 0 0 1 2 1 3 0 1 1 2 1 1 1 1 2 0 0 0 1 1 1 2 0 1 0 3 0 1 1 0 2 0 1 0 0 2 2 0 1 2 2 0 1 1 0 3 0 2 2 0 0 2 2 0 2 0 2 0 2 0 2 0 0 2 1 0 0 2 1 2 0 3 0 2 1 1 1 1 0 0 2 0 0 3 0 0 1 3 0 0 1 0 1 1 0 2 1 0 0 3 0 0 0 0 0 2 0 0 1 1 0 3 0 3 0 1 0 3 0 0 0 2 1 2 0 2 2 0 0 1 1 1
0 548 1 2 0 0 2 0 2 0 2 0 1 0 1 1 1 1 1 0 0 2 1 1 1 2 1 2 1 1 0 0 1 0 2 0 1 2 1 2 1 0 0 0 1 0 1 1 0 0 0 0 1 1 1 2 0 1 1 1 0 3 0 2 1 3 0 3 0 0 0 3 0 1 0 2 1 2 0 3 0 0 2 0 0 2 1 2 1 0 1 0 0 3 0 2 0 2 0 1 0 2 1 0 1 2 1 3 0 1 1 0 0 1 2 0 1 2 2 0 0 1 0 3 0 1 0 0 1 0 2 0 1 2 1 0 0 2 0 0 0 2 1 2 0 0 0 1 1 0 0 3 0 1 0 1 0 2 1 1 0 2 1 2 1 0 0 1 0 1 1 1 1 2 0 1 0 1 1 3 0 3 0 3 0 0 2 0 0 2 1 1 0 0 1 0 1 1 1 2 0 2 0 2 2 0 0 3 0 1 0 0 0 1 1 2 1 3 0 1 0 3 0 1 1 2 0 2 1 0 1 2 0 1 1 0 0 3 0 0 1 2 1 0 1 0 0 2 1 1 1 0 0 0 0 0 1 2 1 2 1 2 1 0 1 2 2 0 1 3 0 1 0 3 0 1 2 0 0 2 1 3 0 1 1 0 1 0 0 2 0 0 0 1 1 1 1 1 2 0 0 0 0 1 1 1 0 3 0 1 1 1 1 1 1 0 1 1 1 0 2 0 0 2 1 1 1 0 0 2 0 1 0 1 1 3 0 3 0 2 1 0 1 0 0 0 2 0 2 0 0 1 1 1 1 2 0 3 0 3 0 2 0 3 0 3 0 2 1 2 1 3 0 3 0 2 0 3 0 2 0 1 0 2 0 1 1 0 0 1 1 0 2 0 1 2 1 0 1 3 0 1 1 0 1 0 0 0 0 2 1 2 0 1 0 1 0 0 0 1 1 1 0 2 0 0 0 0 1 3 0 2 1 2 1 1 0 2 0 3 0 2 1 2 2 0 1 1 1 3 0 3 0 1 1 0 1 1 1 0 0 1 1 3 0 2 0 3 0 1 1 0 2 0 2 0 2 0 1 3 0 0 1 0 1 2 0 0 0 3 0 1 1 3 0 1 0 1 1 3 0 1 1 2 1 1 1 2 0 0 0 1 1 1 1 0 1 2 1 1 0 0 1 0 1 2 0 1 1 3 0 2 2 0 0 2 1 1 1 2 0 0 0 2 0 2 1 3 0 1
1 549 1 0 3 0 1 2 0 2 0 2 0 0 0 0 2 0 1 2 0 1 1 2 0 0 1 0 0 1 2 0 1 0 0 2 0 1 1 0 0 1 0 0 1 0 0 0 1 0 0 0 1 0 2 0 3 0 3 0 1 1 3 0 2 0 2 0 2 1 1 1 2 2 0 0 2 0 0 0 2 1 2 1 3 0 1 0 0 1 0 2 0 1 3 0 1 0 0 2 0 0 1 1 1 1 1 0 1 2 0 1 0 1 0 1 0 1 1 0 2 1 2 1 2 1 3 0 1 0 0 2 0 1 0 1 0 1 0 1 1 1 1 2 0 1 1 0 2 2 0 1 2 1 3 0 2 1 1 1 2 1 2 0 0 1 0 0 2 0 3 0 2 0 3 0 2 1 0 0 2 0 3 0 2 1 2 1 3 0 0 1 2 0 1 0 0 0 2 1 0 0 1 0 2 0 3 0 1 1 3 0 0 1 0 0 1 0 1 2 0 0 3 0 0 0 0 0 1 1 1 0 3 0 2 2 0 1 2 1 2 1 0 1 0 2 0 1 1 1 2 2 0 0 0 0 1 1 1 0 1 0 0 1 1 1 1 1 0 1 1 2 0 0 3 0 0 0 3 0 1 0 1 2 0 1 0 2 0 1 0 1 1 0 3 0 2 0 2 1 2 1 0 0 3 0 1 1 2 2 0 1 3 0 2 0 0 0 2 0 0 1 3 0 0 1 2 2 0 1 0 2 0 0 0 0 2 0 3 0 1 1 0 2 0 0 1 2 0 1 2 1 3 0 2 1 0 0 3 0 3 0 1 0 3 0 3 0 2 0 1 0 2 0 3 0 1 0 3 0 0 2 0 0 0 2 0 1 0 0 3 0 0 2 0 1 0 1 1 1 1 2 0 1 0 2 0 0 0 1 1 2 0 1 3 0 2 0 0 0 3 0 1 1 0 1 1 0 1 1 2 0 2 0 0 1 2 1 1 0 3 0 2 0 1 1 0 0 2 1 2 0 2 2 0 1 1 0 1 2 0 1 0 0 2 0 1 0 2 2 0 1 1 2 0 2 0 2 0 1 1 1 2 0 0 0 3 0 0 1 3 0 0 0 1 2 0 0 0 0 2 0 0 0 0 1 3 0 3 0 0 0 3 0 2 0 0 1 0 1 2 0 1 0 0 1 0 0 0 0 2 0 2 0 3 0 0 1 3 0 3 0 0 1 1 0 2 0 1 2 0
1 549 2 1 3 0 0 1 0 2 0 1 2 1 0 1 1 0 0 1 0 0 2 1 2 1 2 0 1 0 3 0 2 0 1 2 0 0 1 0 0 2 0 0 2 0 0 0 2 0 0 0 2 1 1 0 3 0 3 0 0 0 2 0 1 0 1 0 1 2 0 0 1 0 2 2 0 1 1 1 2 0 1 0 1 1 3 0 1 0 0 2 0 1 1 1 3 0 1 1 2 1 3 0 2 0 1 1 0 1 0 0 0 0 0 0 0 0 1 1 2 0 1 0 1 0 1 1 3 0 1 2 0 0 0 0 0 0 0 0 2 0 2 2 0 0 1 1 2 1 0 1 1 0 2 0 1 2 0 0 0 2 0 1 1 2 0 1 1 0 3 0 1 0 3 0 1 1 0 1 1 0 3 0 2 0 1 0 1 1 2 0 3 0 2 0 0 1 1 1 0 0 2 1 1 0 3 0 0 0 1 1 1 2 0 0 2 1 0 0 3 0 1 1 1 0 0 0 3 0 1 1 3 0 2 1 0 1 1 0 0 1 1 0 0 2 0 0 2 1 1 0 2 1 0 0 3 0 1 0 2 0 1 0 2 0 2 0 0 0 2 1 3 0 1 1 1 1 2 2 0 0 0 1 0 0 0 2 0 0 0 0 1 1 3 0 1 0 2 0 0 1 0 1 3 0 0 0 1 1 0 1 2 0 0 1 1 1 0 1 2 1 1 1 2 1 1 1 0 0 0 1 2 1 0 1 1 0 2 2 0 1 1 1 2 2 0 1 0 1 1 0 2 0 1 1 0 1 3 0 2 2 0 0 3 0 3 0 0 2 0 0 1 0 2 2 0 0 2 1 2 1 2 1 1 1 3 0 3 0 1 1 2 2 0 0 0 0 2 0 2 2 0 0 0 1 2 1 1 0 2 2 0 1 2 0 0 1 1 1 2 2 0 1 1 0 1 1 0 0 0 0 0 1 2 1 0 1 2 1 3 0 0 2 0 1 0 1 2 0 0 0 2 1 0 0 1 1 0 0 3 0 2 2 0 2 0 0 2 1 0 0 2 2 0 2 0 2 0 0 2 0 3 0 0 1 2 1 2 1 1 1 1 1 0 0 2 1 0 1 0 1 1 0 1 1 2 0 2 1 1 1 3 0 0 1 2 0 0 0 3 0 2 0 0 2 0 0 0 1 1 0 1 0 2 1 2 1 2 0 2 1 2 0 1 1 1 0 0 0 2
0 550 1 2 0 1 1 2 0 0 2 0 1 0 1 1 0 1 0 0 2 0 1 2 0 0 2 0 2 0 0 3 0 1 0 0 0 2 1 2 0 1 1 2 2 0 1 1 1 0 1 1 1 1 1 2 1 3 0 2 1 1 1 0 1 3 0 2 1 0 0 2 1 2 1 2 1 0 0 2 0 3 0 2 1 0 0 1 1 3 0 1 2 0 0 2 1 2 0 0 0 1 0 2 0 0 2 0 1 0 2 0 0 0 0 0 0 0 0 3 0 3 0 2 0 2 1 0 0 2 0 0 0 2 1 0 0 0 0 0 1 1 0 2 0 2 2 0 0 0 1 1 0 1 1 1 0 0 0 2 1 1 2 0 0 2 2 0 0 1 1 2 2 0 0 2 2 0 1 1 0 1 1 3 0 0 2 0 0 0 0 0 0 3 0 0 1 2 0 1 2 0 1 1 1 2 1 2 1 1 0 3 0 2 1 3 0 0 1 0 1 2 2 0 1 2 0 0 1 3 0 0 0 2 0 1 1 1 0 1 0 1 0 1 0 1 1 3 0 0 1 2 1 1 1 0 1 2 2 0 0 0 2 0 0 1 0 0 1 1 1 2 0 1 2 0 2 0 0 1 0 2 1 0 2 0 0 1 1 2 1 0 1 0 0 1 2 0 0 0 1 2 0 0 1 1 1 1 0 3 0 0 0 3 0 1 0 2 0 0 1 0 2 0 0 0 1 2 2 0 0 1 1 0 1 1 0 1 1 2 1 0 0 2 1 1 1 0 0 0 0 1 1 0 2 0 1 1 1 2 0 2 0 3 0 2 0 2 1 2 1 2 1 2 1 2 0 3 0 1 0 1 0 0 2 0 0 2 0 3 0 0 0 1 0 2 1 0 1 1 0 2 0 2 1 1 1 0 1 2 1 2 1 0 0 3 0 1 0 2 1 1 1 0 0 1 0 2 2 0 0 0 0 1 1 0 1 1 1 1 0 1 1 2 2 0 0 0 0 3 0 0 1 1 1 0 0 2 2 0 1 3 0 2 1 0 1 3 0 0 1 0 1 2 1 0 2 0 1 3 0 0 0 2 1 2 1 1 0 0 1 3 0 1 2 0 1 1 1 1 0 0 0 1 1 0 0 0 0 1 2 0 0 1 1 2 0 3 0 0 1 3 0 0 1 2 1 2 1 1 0 1 0 2 1 2 0 1 0 0 0 1 2 0 2 0 1 2 0 0 1 1
0 551 1 0 3 0 3 0 3 0 1 2 0 0 0 0 1 0 2 0 1 2 0 0 3 0 1 2 0 1 3 0 1 1 3 0 0 1 2 0 0 0 0 0 1 1 0 0 2 0 0 0 2 0 2 1 1 0 2 0 1 1 3 0 0 1 2 0 1 1 0 1 2 0 1 0 0 1 0 1 1 0 3 0 1 1 0 1 0 0 2 0 0 0 3 0 0 2 0 1 1 0 2 1 0 1 2 2 0 0 0 1 2 1 0 0 0 0 0 1 3 0 3 0 1 0 1 1 0 1 0 1 1 1 1 1 0 0 0 0 1 0 1 1 1 0 2 0 2 1 1 0 1 0 3 0 1 0 0 1 1 2 0 0 3 0 1 0 2 2 0 0 1 0 3 0 1 1 0 0 1 1 0 0 1 1 2 1 2 1 0 0 0 1 2 1 2 1 0 0 0 1 0 0 2 1 1 0 0 1 2 1 3 0 2 0 1 1 2 0 0 1 1 1 0 0 3 0 1 1 1 1 1 1 0 2 0 1 2 0 2 0 2 0 2 1 0 0 1 1 2 1 0 1 3 0 0 1 1 0 2 1 1 1 2 1 2 0 1 0 2 1 0 0 0 1 0 1 2 1 2 1 1 1 1 1 2 2 0 0 0 1 0 2 0 1 0 0 2 1 1 0 3 0 1 0 2 0 1 1 2 1 1 1 2 2 0 0 0 1 2 0 0 1 2 1 1 1 1 0 2 1 3 0 0 0 1 1 0 0 0 1 0 1 1 1 2 2 0 0 0 0 3 0 0 2 0 0 2 1 0 0 1 0 3 0 1 0 2 0 1 0 1 0 1 0 0 0 2 1 3 0 2 0 1 1 3 0 0 0 2 1 1 0 2 1 1 1 1 0 1 1 1 0 1 1 3 0 0 1 1 0 0 1 0 1 2 2 0 0 1 1 2 2 0 0 2 1 2 0 2 1 0 0 3 0 0 0 2 0 1 1 0 0 1 0 2 1 0 1 2 1 2 0 1 2 0 1 2 1 0 1 2 0 1 1 1 1 1 1 2 0 0 1 0 1 1 2 0 1 1 1 1 1 2 0 0 1 2 0 1 1 2 0 0 1 0 0 2 0 1 0 0 0 2 2 0 0 0 1 0 0 2 2 0 0 0 0 2 1 2 1 1 1 2 1 1 0 0 1 2 0 2 1 1 2 0 1 3 0 0 1 0 1 0 2 0 0 3 0 1 0 1
1 551 2 1 3 0 3 0 3 0 0 0 2 1 0 0 2 1 1 0 0 0 3 0 2 0 0 1 0 1 2 0 0 0 1 1 2 0 3 0 0 0 0 0 2 2 0 1 0 1 1 1 1 0 1 1 2 1 1 0 0 0 1 1 2 0 3 0 3 0 0 0 3 0 2 0 1 0 0 0 1 1 2 2 0 1 0 2 0 1 0 1 1 1 2 1 2 2 0 0 1 1 1 1 1 1 1 0 2 1 1 1 0 1 0 0 0 0 1 1 2 0 2 1 3 0 3 0 0 0 0 0 2 0 1 2 0 0 0 0 2 0 3 0 1 1 1 0 1 1 2 0 2 1 2 1 3 0 1 0 2 1 3 0 1 2 0 0 2 0 2 1 2 1 2 2 0 1 0 0 2 2 0 1 0 0 1 0 0 1 0 0 1 1 1 0 0 1 0 0 0 2 0 1 1 1 2 0 1 1 1 0 2 0 0 2 0 2 0 1 2 0 1 2 0 1 2 2 0 1 3 0 2 0 0 2 0 1 0 0 1 0 1 0 1 1 0 1 0 0 0 1 1 1 1 1 2 0 1 1 1 2 0 0 0 2 0 2 0 0 1 1 0 0 1 0 0 1 1 0 0 1 3 0 2 1 1 0 2 1 1 0 0 1 3 0 3 0 0 1 2 1 2 2 0 0 1 0 0 0 0 2 0 0 1 0 2 1 1 0 3 0 1 1 0 1 3 0 1 1 2 0 1 1 1 0 2 2 0 0 1 0 0 0 2 1 1 0 2 1 0 1 2 1 2 1 3 0 0 1 0 0 2 1 2 2 0 0 0 1 3 0 2 0 2 0 0 1 2 0 2 0 1 0 0 0 1 1 1 1 1 1 2 1 1 1 3 0 1 0 3 0 1 1 0 0 1 1 2 0 1 0 1 0 0 1 1 0 2 2 0 0 1 0 3 0 1 0 0 0 1 1 0 1 2 1 1 1 0 2 0 1 0 0 2 1 1 1 1 1 1 0 0 0 0 1 0 1 0 1 1 0 3 0 3 0 2 0 2 0 3 0 1 0 0 0 2 2 0 0 2 0 2 0 3 0 1 0 3 0 3 0 3 0 0 2 0 1 0 1 3 0 0 1 2 0 2 1 0 2 0 1 2 0 2 1 0 1 2 0 0 2 0 0 0 1 2 0 1 1 0 0 1 2 0 1 0 1 1 1 2 0 0 0 0 1 3 0 1 1 3 0 2
0 552 1 2 0 2 0 3 0 2 1 1 1 1 1 0 1 1 1 2 0 0 1 3 0 0 1 2 0 0 0 3 0 0 1 0 0 0 0 2 1 1 0 0 1 2 1 0 0 0 0 2 0 1 1 0 0 0 1 2 0 0 1 0 0 0 0 3 0 2 1 1 1 3 0 0 1 3 0 0 1 0 0 1 1 0 0 0 2 0 0 0 0 2 1 1 0 1 0 2 1 3 0 2 0 2 0 1 1 1 1 2 2 0 2 0 0 0 1 0 0 0 0 2 0 2 0 2 1 1 0 0 1 1 0 0 0 2 1 0 1 1 0 2 2 0 1 2 1 0 0 0 0 2 0 1 0 1 2 0 0 2 0 2 0 0 0 3 0 0 0 2 0 1 0 1 0 3 0 3 0 1 0 3 0 2 1 2 0 0 2 0 0 3 0 1 0 0 2 0 0 1 2 0 0 2 0 3 0 3 0 1 1 0 1 2 2 0 2 0 1 0 0 0 1 0 1 1 1 0 1 2 0 0 1 2 1 3 0 2 1 2 0 2 0 2 2 0 2 0 0 1 0 2 0 2 0 3 0 3 0 2 1 2 1 1 2 0 1 2 1 2 2 0 0 2 0 1 0 1 0 1 1 2 0 1 1 2 1 1 1 2 0 1 1 2 0 2 1 2 1 1 0 1 0 2 1 2 0 0 0 1 1 2 1 2 1 1 1 2 1 2 2 0 1 1 1 1 2 0 2 0 2 0 1 2 1 2 0 2 1 2 0 0 1 1 1 2 1 1 1 1 1 1 0 1 0 1 1 1 2 0 1 2 0 1 0 2 1 1 1 2 0 1 0 0 1 2 1 0 0 0 1 3 0 0 0 3 0 2 0 2 1 0 2 0 0 1 2 0 0 2 2 0 1 0 0 3 0 3 0 2 0 2 0 1 0 1 1 2 0 2 1 2 1 2 1 3 0 0 0 3 0 0 1 0 1 3 0 0 1 3 0 3 0 0 1 3 0 2 0 1 0 0 0 1 0 0 0 0 0 1 1 3 0 3 0 1 0 1 0 2 1 3 0 0 1 2 0 3 0 0 0 1 0 2 2 0 0 3 0 3 0 2 1 2 2 0 0 0 1 1 1 2 1 0 0 1 1 1 2 0 1 0 0 1 1 1 0 3 0 1 1 2 1 1 0 3 0 2 2 0 1 0 1 0 0 0 0 2 0 3 0 0 0 1 1 2 0 0 0 2 0 1
1 553 1 1 0 0 1 0 3 0 1 1 3 0 2 0 0 0 2 0 3 0 1 1 1 1 2 0 3 0 0 1 2 1 1 2 0 0 0 1 1 1 2 0 1 1 0 1 0 0 0 1 0 2 0 1 0 0 1 0 3 0 0 2 0 0 0 1 3 0 1 2 0 0 1 1 2 1 1 1 1 2 0 0 2 2 0 0 1 1 2 1 0 1 1 1 2 0 2 1 2 0 2 0 1 0 0 2 0 2 0 0 1 1 0 1 2 1 0 2 0 0 0 1 1 0 1 0 1 1 2 0 1 0 1 0 0 1 1 1 1 0 1 1 2 1 0 1 0 1 0 0 0 1 0 2 0 0 0 0 3 0 0 0 0 1 1 1 2 1 1 1 0 1 3 0 2 1 3 0 2 2 0 0 3 0 1 2 0 1 2 1 3 0 1 1 3 0 1 1 2 2 0 0 3 0 0 0 3 0 2 2 0 1 1 1 1 1 0 1 3 0 2 1 1 0 0 0 2 0 0 0 3 0 1 1 1 0 2 0 2 0 0 0 1 0 2 1 0 1 2 1 2 1 1 0 1 0 3 0 3 0 2 0 0 2 0 1 0 1 1 0 1 0 2 2 0 1 3 0 2 1 0 0 0 0 0 0 0 2 0 0 0 0 0 0 0 0 2 0 0 1 2 0 2 1 1 2 0 1 1 1 0 0 1 0 0 2 0 0 1 0 1 1 0 0 2 0 2 2 0 2 0 2 0 1 1 0 0 0 1 2 0 1 2 0 2 1 0 1 3 0 2 0 1 0 2 0 3 0 2 2 0 0 3 0 2 1 1 1 3 0 3 0 2 0 1 1 0 1 0 0 1 1 1 1 1 1 3 0 1 0 1 1 1 1 2 2 0 0 3 0 1 0 3 0 3 0 2 0 3 0 1 0 0 2 0 0 0 0 0 0 2 0 1 0 1 0 1 1 1 1 2 1 2 0 0 1 1 1 2 1 2 0 2 1 2 1 2 0 0 1 3 0 0 0 2 0 0 0 0 1 0 0 2 0 2 1 3 0 2 1 2 0 1 1 2 1 0 0 2 1 1 0 2 1 2 0 3 0 2 0 3 0 2 0 1 0 2 1 1 0 2 1 0 1 0 0 3 0 2 1 3 0 2 1 3 0 1 1 3 0 0 0 0 1 2 1 3 0 2 0 3 0 3 0 2 1 0 1 1 0 2 1 1 0 3 0 3 0 0 1 0 2 0
0 553 2 2 0 0 2 1 3 0 0 0 2 0 0 1 1 1 1 0 2 2 0 2 0 0 0 0 2 1 2 1 0 2 0 0 2 1 1 0 2 0 3 0 2 2 0 2 0 0 1 0 0 1 3 0 2 1 2 1 2 1 2 1 2 1 1 1 2 0 0 0 2 2 0 0 0 1 3 0 2 1 3 0 1 0 2 2 0 0 0 1 1 0 2 1 0 0 2 0 0 0 0 1 3 0 1 2 0 1 2 1 3 0 0 1 0 1 1 1 2 1 1 0 1 0 2 0 3 0 3 0 2 0 2 0 1 0 2 0 1 1 0 0 0 1 0 2 0 2 0 0 1 0 0 1 2 1 0 1 2 1 1 0 1 0 2 1 0 1 3 0 0 1 2 0 2 0 2 0 2 0 3 0 2 0 0 1 0 1 1 0 2 0 0 0 2 0 0 0 1 0 3 0 1 1 1 1 3 0 2 1 0 0 2 0 2 0 0 1 2 0 1 1 2 0 0 1 0 1 1 1 2 2 0 1 2 1 1 0 0 1 1 0 2 1 1 1 1 1 1 0 0 1 2 0 2 1 3 0 3 0 0 1 2 2 0 0 0 0 1 0 2 1 2 1 0 1 2 0 1 1 0 0 0 0 0 0 1 1 2 1 0 0 0 0 0 1 0 1 2 1 0 0 1 2 0 1 0 0 1 2 0 0 2 0 1 1 2 1 2 0 2 2 0 1 1 0 2 1 0 2 0 2 0 0 1 0 0 1 0 1 0 1 0 0 1 1 1 1 2 0 0 2 0 0 1 0 3 0 2 0 3 0 2 0 1 2 0 0 2 0 3 0 0 2 0 1 0 2 0 0 3 0 2 0 2 1 1 1 3 0 3 0 2 1 1 0 3 0 1 2 0 0 3 0 3 0 1 0 2 1 3 0 1 1 2 1 0 0 0 1 0 1 3 0 2 0 3 0 2 1 0 2 0 1 2 0 2 1 1 0 0 0 2 0 0 2 0 1 2 1 1 1 1 1 0 1 1 0 0 2 0 1 1 0 2 0 2 0 2 0 0 0 0 0 0 1 0 1 1 1 2 1 2 0 0 0 3 0 1 0 3 0 0 2 0 0 1 1 2 1 1 1 0 2 0 1 3 0 2 0 2 0 2 0 2 0 0 0 1 1 1 0 1 1 1 0 2 0 1 0 3 0 3 0 1 1 1 0 1 1 1 1 2 1 3 0 2 1 2 0 0 1 2
1 554 1 2 0 3 0 1 0 1 1 1 1 0 1 2 0 2 0 1 1 2 1 0 1 2 1 0 1 2 0 0 1 1 1 3 0 0 1 2 1 1 0 3 0 2 1 0 1 2 1 2 0 1 1 2 0 2 0 1 0 1 0 1 0 0 1 3 0 3 0 0 1 2 0 2 1 1 1 2 0 2 0 1 2 0 0 2 0 2 1 1 0 1 1 1 1 0 1 0 1 1 0 1 1 2 0 0 1 0 1 1 0 1 1 2 0 0 0 2 1 0 1 2 0 2 1 1 0 3 0 3 0 1 0 0 2 0 0 0 2 0 1 0 0 1 0 0 2 0 1 2 1 2 0 1 1 0 1 1 1 0 1 2 0 2 1 1 1 1 1 1 1 2 1 0 0 1 0 1 0 1 0 3 0 0 1 2 0 0 0 1 1 0 1 1 1 0 1 1 0 2 1 2 2 0 2 0 0 2 0 1 1 0 1 1 0 0 1 2 0 3 0 3 0 3 0 1 0 0 0 2 1 1 1 0 1 0 1 2 0 1 0 1 1 1 1 3 0 2 0 1 0 1 1 0 0 2 0 2 0 2 1 2 1 1 0 2 1 0 0 2 1 2 0 0 1 1 0 3 0 2 2 0 0 0 0 0 1 0 0 0 1 0 0 0 0 1 0 0 1 0 1 0 1 0 0 3 0 2 2 0 0 3 0 0 0 0 0 1 0 0 0 2 1 0 0 1 1 1 1 1 2 0 1 2 1 2 0 0 2 0 2 0 2 0 0 3 0 2 0 3 0 1 1 2 1 2 1 3 0 1 0 3 0 1 0 0 0 3 0 0 0 2 1 2 2 0 0 0 1 3 0 2 0 1 0 1 2 0 0 2 0 3 0 1 1 2 1 3 0 0 0 3 0 2 0 2 2 0 0 2 0 2 0 0 0 0 1 0 0 1 0 0 1 2 0 1 0 3 0 1 1 1 2 0 1 0 0 1 1 2 0 0 1 0 1 2 2 0 1 0 1 3 0 2 0 0 0 1 0 1 2 0 0 1 1 1 0 1 0 0 1 1 0 0 0 1 0 0 0 2 1 0 2 0 1 1 1 2 2 0 0 2 1 2 1 2 2 0 0 0 1 3 0 0 2 0 1 2 0 1 0 1 0 1 0 0 1 1 0 3 0 1 0 3 0 1 1 0 2 0 0 3 0 2 2 0 1 2 0 3 0 2 1 1 0 2 0 1 2 0 1 2 1 0
1 555 1 1 0 0 2 1 3 0 3 0 2 0 0 1 0 0 1 0 0 0 0 1 1 1 0 1 1 0 3 0 1 0 2 1 1 1 2 1 0 1 2 1 3 0 1 1 1 1 1 0 0 0 0 0 0 0 0 1 3 0 2 0 2 0 1 1 2 0 2 1 2 1 0 0 1 2 0 0 0 0 1 0 0 0 3 0 0 0 1 1 2 0 3 0 2 0 0 0 0 0 1 0 3 0 3 0 1 0 0 0 1 0 3 0 3 0 0 1 1 1 1 1 0 0 1 1 2 1 3 0 2 1 3 0 1 1 2 1 1 1 3 0 2 1 2 0 1 2 0 1 0 2 0 2 0 1 1 0 2 0 0 1 0 0 1 1 3 0 2 0 2 1 0 1 0 0 2 0 2 0 2 1 2 1 2 0 3 0 0 0 3 0 0 0 2 0 0 0 1 1 2 0 1 1 0 1 2 2 0 2 0 1 1 0 1 0 1 1 0 0 3 0 3 0 2 1 3 0 0 1 1 1 3 0 0 0 0 0 3 0 2 0 3 0 2 1 2 0 0 1 3 0 2 2 0 1 1 0 1 0 2 0 0 1 2 1 1 1 0 1 1 2 0 1 2 0 1 1 3 0 2 0 2 1 0 0 0 2 0 0 0 2 0 0 0 0 2 0 0 2 0 2 0 2 0 1 3 0 2 0 3 0 1 1 1 0 0 0 2 0 0 1 1 1 0 0 3 0 2 0 2 2 0 1 0 2 0 1 2 2 0 2 0 1 3 0 2 0 1 0 3 0 0 0 1 0 1 0 1 2 0 0 2 1 3 0 0 1 2 1 1 1 2 0 1 0 2 1 1 1 2 0 0 2 0 0 0 0 3 0 0 0 3 0 0 0 1 0 1 1 1 1 3 0 1 0 2 0 3 0 0 0 0 1 1 0 0 2 0 0 2 0 1 0 3 0 2 1 2 2 0 2 0 0 3 0 2 1 3 0 3 0 1 0 0 1 1 1 0 0 0 1 2 0 0 1 1 0 2 1 0 0 2 1 3 0 1 0 2 0 1 0 1 0 0 0 2 0 0 1 1 1 1 2 0 0 2 1 1 0 3 0 1 0 1 0 1 0 2 1 1 1 1 1 2 2 0 0 3 0 2 0 2 0 2 0 1 0 1 1 2 2 0 0 2 2 0 1 1 1 3 0 2 0 2 1 0 1 0 0 3 0 1 1 2 1 1 0 0 1 0 1 0 1 0
1 555 2 2 0 1 2 0 2 0 3 0 0 1 1 2 0 0 2 0 0 0 1 0 2 0 0 0 1 1 2 2 0 0 1 2 0 0 0 1 1 1 1 0 1 2 0 1 3 0 1 0 0 0 0 0 0 0 1 1 2 0 1 0 1 0 0 0 0 0 2 0 0 1 0 1 0 0 2 1 0 0 2 0 0 1 2 1 1 1 0 0 0 0 3 0 0 1 1 0 0 0 2 1 3 0 2 1 3 0 0 0 2 1 3 0 2 1 2 0 2 0 1 2 0 1 0 0 1 0 2 0 2 0 2 0 0 0 0 2 0 0 2 0 2 0 0 0 0 1 0 0 0 2 0 2 0 0 1 1 0 1 1 2 0 1 0 0 2 0 1 0 1 1 0 2 0 1 1 0 1 0 2 0 1 0 0 0 2 1 1 1 2 1 1 1 0 1 1 0 3 0 3 0 3 0 0 1 1 1 0 2 0 0 1 0 2 0 2 2 0 1 3 0 3 0 2 0 1 1 2 0 2 1 1 1 1 0 0 1 3 0 1 0 3 0 1 2 0 1 2 1 2 0 2 1 0 0 1 0 2 1 0 1 2 1 0 1 3 0 0 0 2 2 0 1 0 0 0 0 2 0 1 0 1 1 0 0 1 1 2 1 1 1 2 1 0 1 0 1 2 2 0 2 0 2 0 1 2 0 1 0 2 2 0 1 2 0 0 1 0 1 2 0 1 2 0 1 3 0 1 0 2 1 0 0 0 2 0 1 1 1 0 2 0 1 2 0 0 2 0 0 2 1 1 0 2 0 2 1 0 0 3 0 1 0 1 1 2 1 0 1 3 0 3 0 2 1 1 1 3 0 3 0 1 1 2 1 0 1 2 1 1 1 2 1 1 0 2 0 3 0 2 1 1 2 0 0 1 0 2 1 1 0 1 0 1 0 1 1 2 2 0 2 0 0 3 0 2 0 1 1 0 1 3 0 2 0 2 0 2 0 2 1 3 0 1 0 1 2 0 0 1 0 3 0 1 0 1 1 1 1 0 1 2 0 1 2 0 0 0 1 3 0 2 0 0 1 0 1 2 0 2 0 2 1 3 0 0 1 2 1 2 1 3 0 2 0 2 1 1 1 3 0 2 1 1 0 3 0 2 0 1 0 1 0 0 2 0 0 0 0 1 0 3 0 1 1 0 0 2 1 2 0 1 0 1 1 0 2 0 1 3 0 0 0 0 1 2 0 0 2 0 2 0 2 0
0 556 1 2 1 0 1 0 0 1 0 2 1 2 0 2 1 2 2 0 1 1 0 2 1 0 1 1 1 0 0 1 0 2 2 0 0 2 1 1 0 2 0 1 1 0 1 0 1 1 1 3 0 0 0 0 0 0 0 3 0 3 0 2 0 2 0 0 0 0 1 0 1 1 2 0 2 0 1 1 1 0 1 0 1 2 1 0 1 2 2 0 0 0 1 2 1 2 0 1 0 0 1 2 0 2 0 2 0 1 1 1 1 2 0 2 0 2 0 0 0 1 0 0 0 3 0 2 1 2 1 1 0 1 0 0 1 1 0 1 1 3 0 0 0 0 1 1 0 0 2 0 0 1 2 0 1 2 1 3 0 0 0 2 1 3 0 2 2 0 1 3 0 3 0 0 2 0 0 1 0 2 1 0 1 3 0 0 1 1 2 0 0 0 1 3 0 0 0 1 1 3 0 3 0 2 1 2 0 2 0 0 1 2 1 2 1 1 0 2 1 0 1 2 0 3 0 1 0 0 0 0 0 1 1 3 0 1 0 1 1 1 2 0 0 3 0 0 1 0 1 1 0 0 0 1 1 0 0 2 1 1 1 1 1 0 1 1 1 1 1 1 1 2 0 3 0 2 1 0 1 0 1 3 0 2 2 0 1 0 0 0 2 0 0 0 1 1 0 0 1 1 1 0 2 0 2 0 0 3 0 2 1 2 1 0 0 3 0 1 0 0 1 0 0 0 1 0 1 1 2 0 0 1 1 0 0 1 2 0 0 2 0 0 2 0 0 3 0 1 1 3 0 0 1 2 1 1 0 1 1 0 1 2 2 0 0 0 0 0 1 1 1 2 0 3 0 1 2 0 0 2 0 3 0 0 0 0 1 1 1 0 2 0 0 0 1 2 1 1 0 3 0 1 2 0 0 2 1 2 1 1 1 2 0 2 0 2 1 0 0 1 1 0 1 3 0 2 0 0 2 0 1 1 1 2 0 1 0 1 0 1 0 2 0 1 2 0 0 0 0 2 1 2 1 2 1 3 0 3 0 2 0 0 1 0 0 0 0 2 1 1 1 2 0 0 1 2 0 0 1 0 0 1 0 2 0 1 1 2 1 1 0 1 0 2 0 1 0 1 2 0 0 2 0 1 1 2 1 3 0 0 1 3 0 2 0 1 1 2 1 0 0 2 1 2 2 0 1 0 1 1 2 0 1 3 0 3 0 0 2 0 1 1 1 1 0 1 0 3 0 1 2 0 2 0 1 2
1 557 1 1 0 1 0 2 0 0 2 1 2 0 0 0 2 0 1 1 0 0 1 1 1 1 1 0 1 2 0 0 2 1 2 0 3 0 0 1 2 1 0 2 0 1 1 0 0 0 2 1 1 1 1 0 0 0 0 1 3 0 3 0 1 0 0 1 1 0 1 0 0 0 2 2 0 2 0 0 2 0 0 0 0 1 0 1 1 1 1 0 2 1 1 1 0 2 0 1 3 0 1 1 0 0 1 0 0 2 0 2 0 0 0 0 1 0 0 1 1 0 2 0 0 1 3 0 2 0 0 1 2 0 2 0 1 0 1 1 0 0 1 1 1 0 1 0 1 0 1 1 2 2 0 1 0 1 1 0 1 1 1 1 2 0 2 0 2 1 0 1 2 0 2 1 2 1 2 1 2 1 1 1 1 1 1 1 2 0 2 1 2 1 1 1 1 1 1 1 0 0 2 0 3 0 2 0 0 0 0 1 2 1 1 0 0 1 2 1 1 1 1 1 0 0 2 1 3 0 0 0 0 1 0 0 1 1 3 0 3 0 2 1 3 0 1 1 2 0 0 0 1 0 0 0 2 2 0 1 1 1 3 0 2 0 0 0 2 0 2 0 2 1 0 0 3 0 1 1 1 0 0 1 2 0 2 0 3 0 2 1 1 1 2 1 1 0 1 0 1 0 2 0 0 2 0 1 3 0 2 0 2 0 0 1 0 1 2 1 3 0 0 2 0 0 1 0 0 0 2 1 2 1 2 2 0 1 0 0 2 2 0 1 2 1 3 0 2 0 0 0 1 1 2 1 0 1 2 0 3 0 0 1 1 0 2 1 0 0 1 0 2 1 0 0 3 0 0 0 3 0 0 0 2 1 1 0 1 0 2 0 0 1 2 1 1 1 0 1 2 1 3 0 0 0 3 0 1 0 0 2 0 0 0 0 1 0 1 1 0 0 3 0 0 1 2 0 0 1 2 2 0 0 2 0 3 0 2 0 2 0 2 1 1 0 0 0 2 1 0 1 2 0 1 0 1 0 2 0 3 0 0 1 1 2 0 0 0 1 1 1 3 0 3 0 1 0 3 0 0 2 0 0 2 1 1 0 0 0 0 1 2 0 2 1 0 2 0 0 0 0 3 0 0 0 0 0 1 0 1 1 2 1 2 0 1 0 0 0 0 1 0 1 2 0 1 1 0 0 0 0 2 2 0 1 2 0 2 1 2 2 0 0 2 0 1 0 2 1 3 0 0 1 0 2 0 1 0
1 557 3 0 0 0 0 1 3 0 0 2 0 1 1 1 0 2 0 1 0 0 3 0 2 0 1 1 0 0 3 0 1 0 0 0 2 1 2 1 0 1 1 2 0 0 1 0 0 1 1 1 3 0 1 0 0 0 1 1 2 0 2 1 3 0 1 0 1 0 2 0 0 1 2 1 0 1 2 2 0 1 1 0 1 0 0 0 2 0 1 1 1 1 3 0 0 2 0 1 1 2 0 1 0 0 2 0 1 2 0 1 2 1 0 0 2 0 1 0 1 1 0 1 2 1 2 0 0 1 2 1 0 0 0 1 3 0 2 2 0 0 3 0 1 0 2 0 2 1 0 0 1 1 0 0 0 0 1 0 3 0 2 1 0 0 1 0 1 1 1 1 0 0 2 0 1 0 1 0 0 1 3 0 2 0 2 1 0 0 2 0 0 1 3 0 2 0 1 2 0 1 1 0 3 0 0 1 1 0 1 1 0 1 2 0 1 1 0 1 3 0 1 2 0 1 2 0 1 1 1 0 0 2 0 1 0 0 2 0 3 0 2 0 1 2 0 2 0 1 1 0 2 0 0 1 2 1 0 0 2 1 2 0 0 1 1 1 1 0 1 0 1 1 0 1 2 2 0 1 2 0 1 1 0 0 1 0 3 0 1 2 0 0 0 1 2 0 2 0 2 1 0 1 2 2 0 1 2 0 1 0 0 1 2 0 0 1 1 0 1 1 2 1 2 1 2 0 0 1 2 0 1 0 1 0 3 0 3 0 1 1 0 1 1 0 2 0 0 1 1 1 0 0 0 1 1 1 0 0 2 1 2 0 1 1 1 1 0 0 2 1 1 1 0 1 2 1 1 1 2 1 1 1 1 1 2 0 2 1 0 1 2 1 0 1 3 0 0 1 1 0 1 1 1 1 2 1 3 0 1 1 2 1 0 0 2 0 2 2 0 1 2 1 2 0 3 0 1 1 1 0 3 0 0 0 3 0 1 0 1 0 1 1 2 0 0 1 1 1 1 0 3 0 2 0 2 1 1 0 2 1 2 0 2 1 2 1 1 0 2 1 2 0 2 2 0 0 2 1 2 1 3 0 0 1 2 0 0 0 1 1 0 0 1 1 1 1 2 1 0 1 2 1 1 0 0 0 2 1 0 0 0 2 0 1 3 0 0 0 1 0 0 0 3 0 2 2 0 0 0 1 2 1 0 1 0 0 2 0 1 0 2 2 0 2 0 0 2 0 1 1 2 0 0 1 3 0 2
0 558 1 2 1 1 0 1 1 1 1 2 2 0 0 2 0 0 1 3 0 3 0 2 0 0 2 0 1 0 1 2 1 3 0 0 1 2 0 0 1 1 0 2 1 2 1 2 0 1 0 2 1 1 1 3 0 0 1 0 0 0 0 2 0 1 1 3 0 2 1 0 1 2 1 0 1 1 1 1 1 0 0 1 0 2 0 0 1 0 2 0 2 0 0 1 1 2 2 0 0 2 1 3 0 3 0 0 0 0 1 0 1 0 1 0 1 0 1 3 0 3 0 0 1 0 2 0 1 2 1 0 1 0 0 1 1 2 0 2 0 3 0 1 2 0 0 1 0 1 1 0 0 2 2 0 0 0 0 2 1 3 0 1 1 0 0 2 0 3 0 1 2 0 1 0 1 3 0 2 0 1 1 2 0 1 0 1 1 0 1 0 1 2 1 2 0 1 0 0 1 0 0 1 1 2 1 2 0 1 0 3 0 0 0 3 0 3 0 0 1 2 0 0 1 0 0 3 0 3 0 1 0 1 1 3 0 3 0 0 0 3 0 1 0 0 1 0 2 0 0 1 1 0 1 2 1 0 1 0 1 1 2 0 1 2 0 2 0 1 0 2 0 3 0 0 1 1 1 0 0 3 0 2 2 0 0 2 1 3 0 0 0 2 1 1 1 0 0 1 0 1 1 1 1 1 1 0 0 3 0 2 0 1 0 3 0 1 0 1 1 0 0 1 0 0 2 0 1 2 0 3 0 2 0 2 1 3 0 2 2 0 1 1 0 1 1 0 1 2 0 1 2 0 0 1 0 1 2 0 1 1 2 0 2 0 1 2 2 0 1 1 1 3 0 0 1 0 2 0 0 0 1 3 0 2 1 0 0 1 1 1 1 0 1 1 1 1 1 2 0 1 0 3 0 2 1 1 0 2 0 0 0 0 1 0 1 1 0 2 1 0 1 1 0 0 0 2 2 0 1 2 1 2 1 1 1 2 1 3 0 2 0 3 0 3 0 1 0 2 0 1 1 3 0 1 0 1 1 2 1 2 0 0 0 2 0 0 1 2 1 2 0 0 0 2 0 3 0 1 0 1 0 1 1 2 0 3 0 0 0 2 2 0 0 3 0 2 1 0 1 1 1 0 1 2 0 0 1 1 1 0 0 1 2 0 1 1 1 1 0 2 0 0 1 3 0 2 0 2 1 1 1 0 1 0 2 0 1 0 2 0 0 2 1 0 1 2 2 0 2 0 2 0 1 2 1 2 0 1
1 559 1 1 0 1 2 0 3 0 2 1 1 0 2 2 0 1 2 1 2 0 3 0 0 1 2 2 0 0 0 1 1 0 1 1 2 0 3 0 1 0 1 1 2 0 0 2 0 2 0 0 1 2 0 0 1 1 1 2 0 0 0 1 1 0 0 0 2 0 1 1 1 1 0 1 1 0 2 0 1 2 0 0 2 1 0 1 2 0 0 2 0 1 2 2 0 0 1 0 3 0 1 0 2 0 2 1 1 0 1 0 0 0 0 0 0 0 0 1 2 0 2 1 2 0 0 2 0 1 0 1 0 2 0 1 0 0 0 0 1 0 3 0 0 0 2 1 2 0 2 2 0 1 2 0 2 1 0 1 2 0 1 2 0 1 0 1 1 0 3 0 0 1 0 0 0 1 2 0 0 2 0 2 0 1 3 0 3 0 0 0 0 1 0 2 0 1 3 0 0 2 0 1 0 0 0 2 0 2 0 0 2 1 1 1 3 0 2 1 2 0 3 0 0 2 0 1 3 0 2 2 0 0 0 0 2 0 2 1 1 1 2 1 3 0 1 0 0 1 2 1 3 0 0 1 0 1 1 0 0 0 2 2 0 1 0 0 0 2 0 0 1 0 2 1 2 0 1 2 0 1 3 0 2 0 3 0 1 0 1 1 1 1 1 1 2 2 0 0 2 0 3 0 2 0 1 2 0 1 3 0 0 2 0 0 2 1 3 0 2 2 0 0 2 0 1 2 0 1 0 0 3 0 1 0 2 0 2 0 2 1 0 0 1 0 3 0 0 1 0 0 0 0 2 1 2 1 0 1 0 0 2 2 0 2 0 1 1 1 0 0 2 1 1 1 2 0 0 1 2 1 1 1 2 0 1 1 0 0 3 0 2 0 0 0 2 0 2 0 3 0 2 1 3 0 1 1 2 1 0 1 1 0 1 0 0 0 1 1 1 1 1 0 1 0 0 1 2 1 0 1 1 0 0 2 0 0 1 0 2 0 1 0 3 0 2 2 0 0 1 0 0 0 1 2 0 0 0 0 0 2 0 1 1 1 0 1 2 1 0 2 0 1 1 1 1 0 2 1 3 0 2 1 0 0 0 0 2 1 1 1 2 0 3 0 2 0 1 1 1 0 2 0 0 0 3 0 1 0 1 2 0 1 0 1 0 0 2 0 1 1 0 1 2 1 2 0 1 0 1 1 3 0 0 0 0 2 0 0 0 1 3 0 0 1 1 1 1 1 0 2 0 2 0 1 0 2 0 2 0
0 559 3 0 0 1 0 0 3 0 1 1 2 1 2 1 0 1 1 0 0 0 2 1 2 1 1 0 2 1 1 0 1 1 0 0 0 0 2 1 3 0 3 0 3 0 1 2 0 1 2 2 0 0 2 1 3 0 2 1 2 1 1 0 1 0 0 1 0 2 0 1 3 0 0 0 1 1 1 0 0 0 3 0 0 1 1 0 3 0 1 2 0 1 1 0 2 1 2 1 2 2 0 0 1 0 1 1 2 0 2 0 0 0 0 0 0 0 1 1 0 0 1 2 0 1 2 2 0 0 0 0 0 1 3 0 2 1 0 0 2 1 2 1 1 1 2 0 0 0 2 1 0 1 0 0 1 1 1 1 0 0 0 1 0 0 0 0 1 1 2 1 1 2 0 0 1 0 3 0 1 2 0 2 0 1 2 0 2 1 1 0 1 0 0 2 0 1 1 1 2 1 3 0 2 1 1 2 0 1 3 0 0 2 0 0 2 0 2 0 0 0 2 1 2 2 0 1 2 0 2 0 2 1 0 1 1 0 1 2 0 0 1 0 1 1 3 0 1 1 1 0 1 1 2 0 0 0 1 0 0 1 2 0 3 0 2 1 1 1 2 1 2 1 2 0 0 0 0 1 0 1 2 0 1 0 2 1 3 0 3 0 2 0 2 1 1 0 3 0 0 0 3 0 1 0 0 1 0 1 1 1 2 1 3 0 1 0 2 0 2 0 3 0 0 0 0 0 3 0 3 0 1 2 0 0 1 0 1 0 1 1 0 0 2 1 2 1 1 2 0 0 0 1 2 0 0 1 0 2 0 1 2 1 0 2 0 0 1 2 0 1 1 1 3 0 3 0 1 1 0 1 3 0 3 0 2 2 0 1 3 0 0 1 1 1 1 0 1 0 3 0 2 0 2 0 0 0 0 1 1 0 1 0 2 0 0 0 3 0 2 0 1 0 2 0 1 1 0 1 1 0 1 0 1 1 2 1 2 1 0 2 0 0 3 0 2 0 2 1 2 0 0 1 0 0 2 1 0 0 1 2 0 0 2 0 0 1 0 1 1 2 0 0 2 0 1 1 2 0 2 0 1 1 0 0 0 1 1 2 0 0 0 0 3 0 0 2 0 1 2 1 0 1 1 1 2 2 0 0 0 0 3 0 3 0 2 2 0 2 0 1 1 1 0 2 0 2 0 0 0 0 1 1 1 0 1 1 2 1 1 1 1 1 2 0 2 0 2 0 0 2 0 2 0 0 0 2 0 1 2
1 560 1 2 1 1 2 0 1 3 0 0 0 1 0 0 1 1 0 1 0 0 1 2 0 0 1 2 1 1 1 2 0 2 2 0 0 0 1 2 0 2 0 3 0 3 0 0 1 0 1 1 0 3 0 1 0 2 0 2 0 0 1 2 0 2 0 1 0 0 2 0 1 1 1 1 0 3 0 1 0 0 1 2 1 2 0 1 1 3 0 0 1 0 0 1 1 2 0 1 0 1 0 2 1 2 1 0 0 0 0 0 1 1 0 0 0 0 0 2 2 0 1 0 1 0 1 1 0 2 1 0 0 1 1 2 0 1 1 0 1 2 0 0 1 3 0 3 0 0 1 1 1 0 2 0 0 3 0 1 2 0 0 0 2 0 0 0 1 0 0 0 2 0 0 2 1 2 1 3 0 0 1 0 2 0 1 0 0 1 1 2 0 2 0 1 2 0 0 2 1 1 0 2 0 1 2 0 1 0 1 1 1 2 1 3 0 0 0 0 1 1 1 2 0 1 1 0 1 0 0 1 0 1 1 1 0 1 1 0 0 2 1 2 1 0 0 1 2 0 1 2 0 3 0 3 0 0 0 2 0 1 1 0 0 3 0 1 2 0 0 1 0 0 2 0 1 1 0 1 0 0 0 3 0 2 1 2 0 2 0 3 0 1 0 1 1 2 1 2 1 1 1 2 1 3 0 1 0 0 0 2 1 1 0 1 2 0 0 1 0 1 0 2 1 1 0 0 1 3 0 3 0 0 0 2 1 2 0 2 0 2 2 0 1 2 0 0 2 0 0 2 1 1 0 3 0 1 0 0 2 0 1 0 1 1 1 2 2 0 1 0 0 2 1 2 0 2 2 0 1 1 1 2 0 3 0 2 1 0 1 1 1 2 0 2 0 1 0 2 1 3 0 1 0 0 1 1 0 1 0 1 0 2 1 0 1 1 1 3 0 0 2 0 0 0 2 0 1 1 0 1 0 2 1 0 0 1 0 0 1 1 1 3 0 2 0 1 0 1 2 0 1 1 2 0 1 1 1 0 1 0 0 2 2 0 1 2 0 0 0 2 1 3 0 0 0 0 0 0 0 0 2 0 1 0 0 1 0 2 1 2 1 0 1 2 1 2 2 0 1 0 1 1 0 2 1 1 0 2 1 0 1 3 0 3 0 2 1 0 2 0 0 2 0 0 2 0 1 2 1 0 0 3 0 1 1 0 0 0 1 3 0 2 1 0 0 1 0 0 1 2 2 0 1 2 1 1 2 0 1 0
1 561 1 1 0 2 0 1 0 1 1 1 1 0 2 0 1 0 1 0 2 0 1 0 3 0 1 1 0 2 0 0 0 0 2 0 2 1 1 1 0 0 1 0 3 0 2 1 2 0 0 0 1 1 2 2 0 0 1 0 0 1 2 1 0 0 0 1 3 0 1 2 0 0 2 0 1 1 2 1 3 0 1 1 1 0 0 0 0 0 1 1 1 2 0 0 3 0 3 0 2 0 2 1 2 0 0 1 0 0 0 0 1 0 1 0 0 0 0 1 2 1 0 0 0 0 0 0 1 1 1 1 0 0 3 0 3 0 3 0 0 0 3 0 1 1 2 0 2 1 2 0 2 0 0 1 3 0 2 0 0 0 2 1 1 1 2 1 0 2 0 0 1 1 3 0 1 0 1 0 1 1 2 0 0 1 3 0 2 2 0 0 0 0 1 0 0 0 3 0 0 1 2 1 1 0 0 1 0 0 0 0 2 1 1 0 1 1 1 0 1 0 2 0 3 0 2 2 0 2 0 0 2 0 3 0 1 0 2 2 0 1 2 0 0 1 0 1 0 1 0 1 0 0 3 0 2 1 1 1 0 2 0 1 0 1 3 0 0 0 2 1 2 0 1 2 0 0 1 0 2 0 0 1 3 0 2 0 0 0 1 0 2 2 0 0 0 0 1 0 0 2 0 0 1 0 1 1 3 0 0 1 1 1 2 1 0 0 2 1 2 0 2 1 1 1 2 0 1 1 2 0 2 1 1 1 2 0 0 0 1 0 2 1 0 0 3 0 1 1 3 0 0 1 2 1 2 1 3 0 1 2 0 0 0 0 2 1 1 0 3 0 3 0 1 0 0 0 2 1 0 0 2 1 0 0 3 0 1 1 1 0 2 1 0 0 0 2 0 0 2 0 1 1 3 0 1 0 1 0 2 0 2 1 1 1 1 0 2 1 1 1 2 1 2 1 1 2 0 0 1 0 2 1 1 1 0 0 2 0 1 0 2 1 2 0 0 2 0 0 0 1 0 0 2 2 0 0 1 2 0 2 0 1 2 1 0 0 3 0 0 1 2 0 1 1 1 0 0 0 0 0 1 1 3 0 2 1 2 1 2 0 0 1 1 1 1 0 1 1 0 0 0 0 1 1 1 1 2 1 1 1 1 1 2 0 3 0 1 1 1 1 2 2 0 1 2 2 0 1 0 1 0 1 2 2 0 1 0 0 1 1 2 0 1 1 0 0 2 0 1 1 1 1 0 1 0 2 0 0 3 0 2
0 561 3 0 0 2 0 0 0 0 2 0 1 1 0 1 3 0 2 1 0 2 0 0 2 2 0 1 1 1 2 1 0 1 1 0 1 1 2 2 0 0 2 1 3 0 1 2 0 1 1 1 0 0 1 0 2 1 2 0 1 1 0 1 0 0 1 1 2 0 0 0 3 0 0 0 0 0 1 0 1 2 0 1 2 0 0 0 0 0 3 0 2 1 3 0 2 0 3 0 1 0 1 2 0 1 1 2 0 0 0 0 2 0 2 0 0 0 1 1 0 1 0 0 0 0 0 0 3 0 1 2 0 1 3 0 3 0 2 1 1 1 3 0 0 0 0 0 2 0 0 0 0 1 2 1 2 0 0 1 1 1 1 2 0 0 0 1 1 1 2 2 0 0 1 1 3 0 2 0 3 0 3 0 1 1 2 0 2 0 2 1 0 0 2 0 0 1 2 1 2 1 0 1 2 0 0 2 0 0 0 1 1 1 2 0 3 0 1 0 2 1 1 0 3 0 2 1 0 1 3 0 0 0 2 2 0 0 2 1 0 0 3 0 0 2 0 2 0 2 0 2 0 1 3 0 1 1 3 0 0 2 0 0 0 1 1 1 1 1 2 0 0 0 0 0 2 1 2 1 0 1 2 1 2 0 0 1 1 0 2 1 2 0 2 1 0 0 2 0 1 1 2 1 2 1 0 0 1 1 2 0 2 1 0 1 0 1 2 0 0 0 1 2 0 0 0 0 0 0 0 0 1 1 3 0 3 0 0 0 2 1 1 1 0 1 3 0 0 0 1 1 2 1 1 0 1 0 2 0 0 0 2 1 0 1 1 1 2 1 3 0 2 1 3 0 0 1 1 1 0 1 1 1 0 1 2 2 0 1 2 1 1 1 0 0 1 1 3 0 0 0 0 0 1 1 3 0 2 1 1 0 1 1 3 0 1 1 1 2 0 0 1 0 0 2 0 0 2 1 2 1 1 1 2 2 0 1 0 2 0 0 1 2 0 1 2 1 2 1 0 2 0 1 2 0 2 2 0 1 0 2 0 1 0 1 0 1 2 1 2 0 3 0 3 0 1 0 0 0 0 1 0 0 2 0 2 0 0 2 0 1 2 0 2 0 1 0 2 2 0 0 0 0 3 0 2 1 0 1 3 0 2 1 0 0 2 2 0 2 0 0 1 1 0 1 1 1 0 0 0 0 0 1 1 0 3 0 2 1 3 0 3 0 2 2 0 1 0 2 0 1 3 0 0 0 0 1 3 0 2 0 1
1 562 1 2 1 2 1 2 1 0 1 0 2 0 1 1 1 2 0 1 1 1 1 3 0 1 1 0 0 2 1 0 1 1 0 1 1 0 0 1 0 3 0 1 0 2 0 0 1 0 0 1 2 0 0 2 1 1 2 0 2 0 1 0 2 0 0 3 0 3 0 0 1 2 1 1 0 0 0 2 1 0 1 0 0 3 0 0 0 0 1 3 0 2 0 2 0 1 0 2 2 0 0 0 1 0 0 2 1 2 1 0 1 1 0 0 1 1 0 2 2 0 2 0 0 0 0 0 1 3 0 0 1 0 1 2 0 3 0 1 2 0 0 1 1 1 0 0 1 0 1 1 0 1 1 0 2 0 1 2 0 2 0 2 1 2 1 1 0 2 1 1 0 2 2 0 0 2 0 1 0 3 0 3 0 0 0 0 0 1 0 1 1 0 1 0 1 2 1 1 0 0 1 1 0 3 0 1 1 2 1 1 0 2 1 0 0 2 2 0 0 1 1 2 1 3 0 1 1 1 1 1 1 1 1 2 0 3 0 0 1 0 1 2 1 2 2 0 2 0 2 0 2 0 1 2 0 0 0 1 1 2 1 2 1 1 0 2 0 2 0 3 0 0 0 0 1 2 0 0 1 1 1 0 2 0 1 2 0 1 1 2 0 0 0 1 1 0 1 1 0 0 0 1 0 0 1 0 1 0 0 0 0 1 1 1 0 0 0 3 0 0 1 0 0 2 1 0 0 0 0 0 1 0 0 2 0 2 1 1 1 1 1 3 0 0 1 1 1 1 1 0 0 0 1 2 0 2 1 0 1 1 1 1 1 1 0 2 1 1 0 2 0 2 0 1 1 2 0 2 0 0 0 2 0 0 1 1 1 0 1 0 1 2 2 0 1 0 0 1 1 1 0 0 1 0 0 2 0 1 1 2 1 0 0 1 2 0 2 0 0 2 1 2 0 1 1 3 0 1 0 0 2 0 0 1 1 0 0 0 1 2 2 0 1 0 1 1 0 0 1 1 2 0 1 0 0 2 1 0 0 0 2 0 0 0 0 0 1 1 0 0 0 3 0 2 1 3 0 0 0 0 2 0 1 1 0 0 1 2 2 0 1 0 0 0 2 0 0 2 0 2 1 0 1 3 0 1 1 1 1 2 0 1 1 0 1 2 1 0 1 2 1 3 0 0 0 1 2 0 0 0 0 1 0 1 1 3 0 2 0 2 0 3 0 2 1 0 0 0 2 0 1 1 1 1 0 1 1 2 0 0 2 0
1 563 1 1 1 0 1 0 0 1 1 0 0 2 0 0 2 0 3 0 3 0 2 1 1 2 0 1 0 1 1 1 1 0 1 0 2 2 0 0 2 1 2 2 0 0 0 1 1 2 0 1 0 0 3 0 0 2 0 1 0 2 0 0 0 1 3 0 2 0 2 1 2 1 0 1 2 0 0 1 1 1 0 2 0 1 2 1 1 0 1 1 2 0 1 0 0 2 0 0 2 0 2 1 0 2 0 1 2 0 0 1 1 0 1 0 1 0 1 1 2 1 0 1 2 1 0 0 1 1 1 1 2 0 0 1 0 0 3 0 0 0 2 1 3 0 1 0 1 0 0 0 1 0 3 0 0 2 0 1 0 0 1 0 2 0 0 1 2 1 1 1 2 1 2 0 2 2 0 2 0 0 3 0 2 1 1 0 0 0 2 0 3 0 0 0 0 1 0 1 2 0 1 0 1 1 3 0 0 0 0 1 2 1 1 1 0 1 2 0 2 2 0 0 1 0 1 2 0 1 3 0 2 0 2 1 0 0 2 1 2 0 0 1 1 0 1 1 0 2 0 2 0 2 0 0 3 0 0 1 0 0 1 0 0 1 2 1 1 0 1 0 2 1 1 0 1 0 3 0 1 0 2 0 0 2 0 0 3 0 3 0 3 0 0 0 3 0 0 0 1 0 0 0 2 0 0 2 0 2 0 0 0 0 3 0 1 0 0 1 2 1 1 2 0 1 1 1 0 0 0 0 0 2 0 1 1 0 1 1 3 0 2 1 1 1 2 0 2 0 1 2 0 0 1 1 0 0 1 1 1 0 2 0 2 0 1 1 1 1 2 1 1 0 1 0 0 0 0 0 0 1 1 1 0 1 2 0 2 0 0 0 0 1 1 0 3 0 2 1 3 0 1 0 0 2 0 1 1 0 0 0 0 1 0 1 0 1 0 1 3 0 1 0 0 0 0 0 1 1 3 0 1 1 2 1 2 2 0 0 1 1 1 1 0 0 0 0 1 0 1 0 2 1 3 0 3 0 0 1 0 0 1 1 2 1 0 0 1 0 1 0 0 1 3 0 2 0 1 1 1 0 1 2 0 0 1 0 1 1 1 0 3 0 2 1 1 1 3 0 0 0 1 1 1 1 1 2 0 1 3 0 3 0 3 0 0 1 0 1 1 1 1 0 1 1 1 1 0 0 2 1 0 0 2 1 0 0 2 0 1 0 1 0 3 0 1 1 0 0 1 2 0 0 2 0 1 0 3 0 3 0 1 1 2
0 563 3 0 1 0 2 0 1 0 1 0 1 1 3 0 0 0 3 0 3 0 1 2 0 1 0 0 0 0 2 0 1 0 2 1 2 0 3 0 1 0 1 0 2 1 1 0 2 1 3 0 3 0 1 1 2 2 0 0 0 1 2 1 1 1 2 0 1 0 2 0 0 1 1 0 3 0 1 0 2 0 0 2 0 1 0 1 2 0 3 0 3 0 2 0 1 1 3 0 0 0 1 1 1 2 0 0 3 0 1 0 1 0 2 0 2 1 0 0 0 1 1 1 0 1 0 0 3 0 2 0 3 0 0 2 0 1 2 1 1 1 2 0 1 1 3 0 2 0 0 0 2 1 2 1 2 1 3 0 2 1 2 1 0 1 2 1 0 2 0 0 1 0 0 0 2 1 0 1 3 0 2 0 1 1 2 0 0 1 1 0 2 1 1 0 1 0 0 0 3 0 2 1 0 0 1 1 1 0 1 1 0 1 3 0 0 1 0 0 2 0 2 1 2 1 0 1 0 1 2 0 1 0 1 1 0 1 1 2 0 1 2 0 1 0 3 0 0 2 0 2 0 1 3 0 1 1 1 2 0 0 2 0 1 1 0 1 2 0 2 1 1 1 2 0 2 1 2 2 0 0 0 1 2 1 3 0 2 0 3 0 2 1 1 1 2 1 1 0 2 0 0 1 0 1 2 2 0 1 2 1 0 1 2 1 3 0 1 1 0 2 0 1 0 0 1 2 0 0 0 0 1 2 0 0 1 1 0 0 2 0 1 2 0 0 0 0 1 0 0 0 2 1 2 2 0 0 3 0 1 1 1 0 0 2 0 2 0 0 0 1 2 0 2 0 0 0 0 0 1 0 2 0 0 1 0 0 0 1 1 0 1 0 1 1 3 0 2 0 1 1 3 0 1 2 0 0 1 0 0 0 1 0 0 0 0 0 0 1 1 1 3 0 0 0 0 1 0 0 2 0 0 0 1 0 1 0 2 1 3 0 1 2 0 0 0 0 2 0 2 1 2 0 2 0 2 1 1 2 0 1 0 0 0 1 0 0 2 0 2 0 1 1 2 0 0 2 0 1 2 1 0 0 2 1 2 0 3 0 1 1 3 0 1 2 0 0 1 1 1 0 3 0 2 0 2 2 0 1 2 0 3 0 2 1 2 0 0 0 2 0 1 0 3 0 1 2 0 1 1 1 0 1 1 1 0 1 0 1 3 0 2 1 2 2 0 1 0 1 0 0 2 2 0 2 0 0 3 0 3 0 0 0 0
0 564 1 2 2 0 0 0 1 3 0 2 1 0 0 1 1 1 1 3 0 3 0 0 0 3 0 2 1 0 1 0 2 0 0 2 0 0 0 2 1 3 0 2 1 1 1 2 1 2 0 2 0 3 0 0 0 1 0 2 1 1 1 0 1 3 0 3 0 2 1 0 1 2 0 1 1 2 2 0 0 0 1 2 2 0 0 0 1 0 0 3 0 3 0 1 0 0 0 1 1 1 0 3 0 2 1 3 0 1 1 3 0 2 1 1 0 1 1 0 0 1 0 1 2 0 2 0 1 3 0 1 0 2 1 2 2 0 1 0 2 0 0 0 0 0 0 2 0 0 1 1 1 2 0 1 0 1 0 2 0 2 0 0 1 1 1 0 1 1 1 2 1 2 0 0 1 1 1 1 1 2 0 0 2 0 2 0 1 2 0 1 1 1 1 2 0 2 0 0 1 3 0 1 1 0 0 3 0 1 0 3 0 0 1 1 1 1 2 0 1 1 0 2 0 0 1 1 0 0 0 3 0 2 0 3 0 0 0 2 2 0 0 3 0 2 1 2 1 2 2 0 2 0 1 1 2 0 2 0 0 2 2 0 2 0 1 1 1 0 0 1 2 0 0 0 0 2 0 1 0 2 1 1 1 1 0 2 0 1 0 3 0 1 2 0 0 0 1 2 1 0 1 2 0 0 1 1 1 0 1 0 1 1 1 1 0 1 2 0 1 1 1 3 0 2 2 0 0 2 1 0 1 0 0 2 1 2 2 0 1 1 0 0 0 2 1 0 0 2 0 0 1 2 0 1 0 3 0 1 2 0 1 2 0 1 2 0 1 2 1 1 1 0 0 0 1 1 0 0 0 2 1 0 1 1 2 0 0 1 0 1 0 2 1 0 0 2 0 1 0 0 0 2 0 0 0 2 1 2 0 0 0 2 0 0 0 0 0 1 0 2 1 1 1 1 0 0 2 0 1 0 1 1 0 2 0 2 1 2 0 2 0 0 0 2 1 0 1 1 0 2 0 0 0 1 0 1 2 0 0 3 0 2 1 0 2 0 1 1 0 0 2 0 2 0 1 2 2 0 1 0 1 0 1 2 0 0 0 3 0 0 0 2 0 0 0 2 1 3 0 1 1 3 0 1 0 2 1 0 1 0 0 3 0 1 2 0 1 1 1 0 2 0 0 3 0 0 1 0 0 2 0 0 0 2 0 0 0 0 1 2 0 2 0 1 0 3 0 3 0 3 0 1 1 0 1 3 0 2 0 2 1 1 0 0
0 565 1 1 1 0 2 1 1 1 2 0 1 1 0 0 3 0 2 1 2 0 2 1 1 1 3 0 1 1 1 0 0 1 2 2 0 1 1 1 2 0 2 0 1 2 0 0 1 0 0 0 1 0 2 1 1 0 2 1 1 1 3 0 0 1 2 0 3 0 1 1 1 1 0 0 0 0 1 0 2 1 1 1 1 0 2 1 0 2 0 1 3 0 2 1 3 0 0 0 3 0 1 1 3 0 2 0 2 0 0 0 2 0 1 1 2 0 2 2 0 0 2 1 0 1 0 2 0 1 1 2 0 0 2 0 1 1 0 0 0 1 2 1 0 0 0 1 0 1 2 0 2 0 3 0 2 0 2 1 1 0 0 1 2 0 2 0 0 0 2 1 0 2 0 1 2 0 2 0 2 0 3 0 1 2 0 2 0 0 3 0 3 0 2 1 0 0 0 1 2 1 1 2 0 1 0 1 2 2 0 0 2 1 2 0 2 0 2 2 0 0 1 1 0 1 2 0 1 0 0 1 3 0 1 0 2 1 1 1 2 0 3 0 2 0 2 0 1 0 1 1 0 2 0 0 2 2 0 1 3 0 1 1 0 2 0 0 1 2 0 1 0 0 2 1 0 1 0 2 0 0 1 1 3 0 1 1 0 2 0 0 3 0 0 0 2 1 1 1 0 1 1 0 3 0 1 0 2 0 0 0 0 0 2 0 1 1 0 1 0 0 2 1 2 0 2 0 3 0 0 1 0 2 0 1 2 0 1 1 0 0 1 0 0 1 1 1 0 1 0 1 2 0 3 0 2 1 3 0 0 1 0 1 0 0 0 1 0 1 0 1 2 2 0 0 1 0 1 0 0 1 1 1 1 0 2 1 2 1 2 0 2 1 1 1 0 1 0 1 3 0 0 1 0 1 1 1 1 2 0 1 1 1 0 1 1 0 0 0 2 1 1 1 3 0 1 0 1 2 0 0 0 0 1 1 1 0 2 0 0 0 0 1 1 1 1 1 1 0 1 1 0 1 1 0 2 1 0 0 3 0 2 0 1 1 1 2 0 0 1 0 1 2 0 2 0 1 1 1 0 0 0 0 0 0 3 0 0 1 2 1 1 1 0 1 1 1 2 0 2 0 0 0 1 2 0 0 1 1 0 2 0 1 3 0 0 1 0 0 2 0 0 1 3 0 1 1 1 2 0 1 0 1 1 1 0 1 1 0 1 1 0 0 0 2 0 0 3 0 3 0 2 2 0 1 1 1 2 0 1 0 1 1 2 0 0
0 565 3 0 1 1 1 1 3 0 3 0 2 2 0 1 3 0 2 0 0 0 1 2 0 0 1 2 0 1 2 0 1 1 1 1 0 0 2 1 0 0 1 0 0 0 2 1 2 0 0 0 2 1 1 1 2 1 1 2 0 0 1 1 2 1 0 0 2 2 0 1 2 2 0 0 0 0 2 1 1 1 3 0 1 1 1 1 1 2 0 1 2 0 2 0 1 1 1 1 3 0 0 0 2 0 1 0 0 1 1 1 1 0 0 0 0 0 2 0 3 0 0 1 1 0 0 2 0 0 2 1 2 2 0 2 0 1 0 0 1 1 0 1 0 0 1 0 0 1 0 0 1 0 3 0 1 0 1 1 2 0 1 1 0 0 0 1 1 1 1 1 1 2 0 1 0 0 1 0 1 0 3 0 0 1 0 1 3 0 2 0 3 0 1 1 0 0 1 1 0 2 0 1 0 0 0 1 1 0 3 0 1 0 0 0 1 0 2 0 2 1 3 0 0 0 3 0 2 0 1 1 1 2 0 0 1 2 0 0 0 0 3 0 1 0 0 1 3 0 3 0 0 1 3 0 1 1 0 1 1 2 0 1 1 1 2 2 0 0 3 0 3 0 0 1 1 0 0 1 2 2 0 0 1 2 0 1 1 1 3 0 1 1 1 1 1 1 3 0 0 0 1 1 2 2 0 0 0 1 1 0 0 1 0 2 0 1 0 2 0 1 2 0 0 0 1 0 2 1 2 0 0 2 0 0 3 0 2 2 0 0 2 0 1 0 2 0 0 0 0 1 0 0 3 0 2 0 1 1 1 2 0 2 0 0 1 0 0 0 0 1 1 0 2 1 2 0 2 0 1 0 2 0 1 1 2 0 1 0 0 0 1 1 3 0 0 0 0 1 1 1 2 0 0 0 2 0 2 2 0 0 2 0 0 0 1 0 0 1 1 2 0 0 1 2 0 0 0 0 2 1 0 0 3 0 1 1 0 1 1 0 1 0 2 0 2 0 1 0 3 0 0 0 1 1 1 1 0 1 3 0 0 2 0 2 0 0 2 1 2 1 0 1 0 2 0 0 1 2 0 0 0 0 0 1 2 1 2 1 0 1 3 0 0 0 2 1 0 0 0 1 1 1 0 0 2 1 3 0 0 2 0 1 1 1 1 2 0 1 0 1 2 1 1 2 0 2 0 1 0 0 0 0 2 0 0 0 1 0 2 2 0 0 1 1 3 0 2 0 3 0 2 1 0 0 2 0 3 0 2 0 3 0 3 0 0
0 566 1 2 2 0 2 0 0 2 0 3 0 2 1 0 1 2 0 0 1 1 1 0 0 2 2 0 1 0 0 3 0 3 0 1 2 0 1 1 1 0 0 2 0 0 1 1 2 0 1 1 1 1 2 0 0 0 2 0 0 2 2 0 0 0 1 0 1 2 1 0 1 1 0 2 1 0 1 1 2 0 0 1 2 0 1 3 0 2 2 0 1 0 0 0 2 0 2 0 0 1 1 1 1 0 1 3 0 1 0 2 0 1 0 0 0 0 1 1 0 2 1 2 0 1 0 1 1 3 0 1 0 1 1 0 1 3 0 2 1 2 2 0 2 0 0 2 0 0 2 0 0 2 1 2 1 3 0 3 0 3 0 2 2 0 0 1 0 2 0 2 0 2 1 3 0 2 1 2 0 2 1 2 1 2 0 0 1 2 0 1 0 2 2 0 1 0 0 3 0 0 1 3 0 2 1 1 0 1 1 2 1 3 0 0 0 2 1 1 0 2 0 1 1 1 1 3 0 0 2 0 2 0 0 2 2 0 0 2 1 0 1 2 1 3 0 1 1 2 0 2 1 2 1 1 2 0 1 1 0 2 2 0 0 2 1 1 0 3 0 2 0 2 1 2 0 1 0 1 1 1 0 2 2 0 1 0 0 2 1 1 2 0 1 3 0 2 1 1 1 1 1 0 0 1 0 2 1 1 0 1 0 1 0 0 2 0 0 0 2 0 0 3 0 0 0 2 1 1 2 0 1 2 1 3 0 2 0 2 0 2 2 0 2 0 0 0 1 1 0 0 2 0 1 3 0 0 2 0 2 0 1 0 1 2 1 2 0 0 0 1 0 1 1 2 0 0 0 0 2 0 0 0 2 0 2 0 1 3 0 0 1 0 0 1 1 1 0 1 0 2 0 3 0 0 1 1 0 2 0 2 2 0 1 1 0 2 0 1 0 2 1 2 2 0 0 2 1 0 1 1 1 0 1 2 2 0 1 1 0 1 0 2 1 1 0 0 2 0 0 2 1 1 0 3 0 2 0 0 1 1 1 2 2 0 1 3 0 1 0 0 1 1 0 0 1 2 2 0 0 2 1 0 0 1 1 1 0 0 1 1 1 1 1 1 1 1 1 0 0 1 0 1 2 0 1 2 0 1 1 2 2 0 0 2 0 2 2 0 0 0 1 0 2 0 1 0 1 3 0 2 1 0 1 0 1 1 0 2 1 2 0 2 2 0 0 2 0 1 0 3 0 1 1 0 1 1 0 3 0 1 0 3 0 2 1 1
1 567 1 1 1 1 0 1 3 0 0 0 3 0 1 1 1 0 3 0 1 0 1 2 0 1 2 0 3 0 3 0 2 0 3 0 0 1 0 0 1 2 0 1 0 1 2 0 2 2 0 0 2 0 2 1 2 1 1 1 3 0 1 0 2 1 1 0 0 1 0 1 1 0 1 1 1 1 1 0 2 1 2 2 0 1 0 1 2 0 2 0 3 0 2 1 1 2 0 1 2 1 3 0 2 0 0 1 1 2 0 0 0 1 3 0 0 0 1 0 1 1 1 2 0 2 0 0 0 0 1 1 3 0 3 0 0 1 2 0 2 0 1 1 0 1 2 2 0 1 2 1 3 0 1 0 1 0 2 0 3 0 3 0 2 0 2 1 2 1 1 0 1 0 2 0 2 0 2 0 0 0 2 0 0 2 0 1 2 0 3 0 2 1 2 0 3 0 3 0 1 1 2 1 2 0 1 1 2 1 0 0 1 0 1 1 1 1 1 1 2 1 0 2 0 2 0 0 1 1 2 2 0 1 3 0 1 0 3 0 0 1 1 1 1 0 2 0 0 0 0 0 2 0 0 2 0 1 0 0 1 1 2 0 3 0 0 1 2 1 3 0 1 0 1 2 0 1 3 0 3 0 1 1 2 0 3 0 3 0 0 2 0 1 0 1 2 0 1 1 3 0 1 2 0 0 2 1 1 1 2 0 2 0 2 0 1 1 2 1 1 1 3 0 1 1 1 1 1 2 0 1 0 1 1 0 2 0 1 0 1 0 2 1 0 1 2 1 1 0 1 0 1 2 0 1 1 1 2 2 0 2 0 0 0 1 0 2 0 1 1 0 2 0 3 0 3 0 0 0 1 1 2 1 1 2 0 2 0 1 1 1 1 2 0 0 3 0 1 0 2 1 1 0 2 1 2 0 1 1 1 0 2 1 0 0 1 1 0 2 0 0 2 0 1 0 3 0 0 1 1 0 2 0 0 1 1 1 0 0 1 0 2 1 1 1 2 0 1 1 3 0 0 1 2 1 3 0 0 1 2 0 2 1 1 1 0 1 1 1 3 0 1 0 1 0 1 1 1 0 3 0 0 1 0 0 3 0 1 0 1 0 2 0 2 0 2 0 1 2 0 0 2 1 0 1 0 1 0 0 0 0 1 0 3 0 0 0 2 0 2 1 1 0 0 2 0 0 0 1 2 0 1 1 1 0 0 0 1 1 2 0 0 0 2 0 2 2 0 2 0 0 2 2 0 1 1 0 1 1 2 2 0 0 3 0 1 1 2
0 567 3 0 2 0 0 1 1 1 1 1 2 2 0 1 2 1 2 2 0 0 0 1 0 1 0 0 3 0 3 0 1 0 2 1 1 2 0 1 0 1 0 0 0 1 0 0 2 0 3 0 0 0 2 0 0 2 0 0 1 2 0 0 1 1 2 0 1 0 0 0 1 0 3 0 2 0 1 1 2 0 1 1 0 0 0 1 0 0 1 0 3 0 1 2 0 1 0 1 1 0 2 0 0 1 2 0 2 1 2 1 1 1 1 1 1 0 2 0 3 0 2 2 0 1 2 1 0 1 0 0 2 0 2 1 2 1 0 0 0 2 0 1 1 1 1 1 0 1 1 0 1 1 3 0 2 1 1 0 3 0 3 0 1 0 2 0 0 1 2 0 2 1 1 0 1 0 0 1 1 1 0 1 2 2 0 1 0 0 3 0 2 0 0 0 3 0 3 0 0 0 1 0 0 0 0 0 0 1 0 0 2 0 3 0 2 0 2 1 0 1 1 2 0 1 2 2 0 0 1 1 0 1 1 2 0 0 2 1 2 0 2 0 1 1 0 1 1 0 0 1 0 1 2 1 3 0 2 2 0 0 0 0 2 1 2 1 1 0 1 2 0 0 0 1 0 1 2 0 3 0 0 0 0 0 3 0 2 1 2 2 0 0 0 1 0 0 0 0 2 0 0 0 3 0 0 2 0 0 0 0 1 0 1 0 0 0 0 2 0 0 1 2 0 1 3 0 2 2 0 0 0 0 1 1 0 1 3 0 2 1 1 1 1 1 0 1 2 0 2 1 0 1 0 0 2 1 1 1 0 1 2 1 1 0 0 2 0 0 1 1 1 0 3 0 2 1 1 1 0 0 0 2 0 1 0 2 0 0 2 0 2 1 3 0 1 2 0 0 1 1 2 1 1 2 0 2 0 1 2 1 1 1 0 0 3 0 0 1 2 2 0 2 0 0 2 1 2 0 1 1 0 1 2 0 1 2 0 0 2 1 1 2 0 0 0 0 0 0 1 1 2 1 1 0 1 1 2 1 0 0 1 1 3 0 0 0 2 1 1 1 3 0 2 0 3 0 1 1 2 1 1 2 0 1 2 1 3 0 2 1 1 0 1 0 1 0 0 0 3 0 0 1 0 2 0 2 0 0 0 0 2 1 2 1 1 1 1 0 1 1 2 0 1 1 2 1 1 0 3 0 3 0 1 0 0 0 3 0 3 0 0 1 1 0 2 1 0 1 3 0 1 1 0 0 1 1 0 0 1 0 3 0 2 0 0 0 0
0 568 1 3 0 0 1 2 0 2 0 2 1 1 1 0 1 1 0 1 0 2 1 0 2 0 2 0 1 3 0 2 2 0 0 1 2 0 0 3 0 3 0 2 1 0 2 0 1 1 0 2 1 1 1 0 1 2 1 2 2 0 0 2 1 3 0 3 0 2 0 0 0 2 1 3 0 0 2 0 2 0 2 0 1 0 0 0 2 0 0 2 1 3 0 0 1 0 0 0 0 1 1 0 1 2 1 0 0 2 0 0 1 3 0 2 0 1 1 1 0 3 0 2 1 0 1 0 1 0 2 0 1 1 0 2 0 0 1 0 0 1 2 0 0 2 0 2 0 0 0 1 1 0 0 2 0 1 1 2 1 3 0 2 2 0 0 0 1 2 1 0 0 1 1 2 0 2 0 1 0 2 0 0 1 1 0 3 0 3 0 2 0 0 1 1 1 3 0 2 1 1 0 2 0 0 0 0 0 0 2 0 1 1 0 3 0 1 0 1 1 1 0 2 2 0 1 1 0 2 1 3 0 0 0 2 1 3 0 1 0 0 0 0 2 0 1 1 0 1 0 1 0 0 1 1 0 2 0 2 0 2 1 0 1 2 0 0 1 2 1 0 0 2 1 1 0 0 1 0 0 2 1 1 0 0 1 3 0 2 0 1 0 2 1 0 2 0 0 0 1 0 1 1 1 2 1 2 1 2 1 0 0 2 0 2 0 0 0 1 1 2 2 0 1 0 1 2 0 2 0 2 1 0 0 3 0 0 1 2 0 1 1 3 0 2 0 0 1 0 0 1 1 0 2 0 1 1 1 3 0 0 1 0 1 2 0 1 1 2 1 3 0 1 1 3 0 1 1 2 2 0 0 1 2 0 0 0 1 3 0 0 0 2 0 2 0 0 0 2 2 0 0 0 2 0 1 0 2 0 1 0 1 2 2 0 1 2 1 2 1 1 1 0 1 3 0 0 2 0 2 0 1 1 1 0 0 0 0 3 0 0 2 0 0 2 1 0 0 0 1 0 0 0 1 2 1 0 0 0 1 0 1 0 0 1 1 1 1 1 2 0 0 2 0 1 0 3 0 0 0 0 2 0 1 0 1 1 0 2 0 1 1 2 0 2 0 2 0 0 1 2 1 2 0 0 2 0 1 2 1 0 1 2 0 0 1 3 0 1 1 0 0 0 0 0 0 0 1 2 1 3 0 2 1 3 0 0 1 3 0 2 1 2 0 1 1 1 1 1 1 1 2 0 1 0 0 2 2 0 0 2 1 3 0 0 1 1 0 0
0 569 1 1 1 1 2 1 0 0 1 0 1 1 3 0 0 0 1 0 2 1 1 1 1 2 0 2 0 1 2 0 2 0 2 2 0 0 3 0 2 0 3 0 1 1 1 2 0 0 1 1 1 1 3 0 0 1 1 0 1 0 3 0 1 0 2 0 3 0 0 1 1 1 2 0 1 1 2 2 0 2 0 1 3 0 2 1 1 1 3 0 1 0 1 1 1 2 0 0 0 0 3 0 0 1 0 1 0 1 0 1 2 1 2 0 0 2 0 1 2 1 3 0 1 1 1 0 0 0 0 2 0 0 1 1 0 1 1 2 0 1 0 0 3 0 0 0 0 1 1 0 2 2 0 1 1 0 0 0 1 0 2 0 2 0 2 1 1 1 0 1 0 1 0 0 0 0 0 2 0 0 0 1 2 0 1 1 3 0 3 0 0 1 2 0 2 1 2 0 1 1 2 1 0 1 1 0 0 0 1 2 0 0 1 1 2 1 3 0 3 0 1 1 2 1 0 0 1 1 2 0 1 1 1 1 2 0 1 1 3 0 0 0 1 2 0 0 1 0 2 0 2 0 1 0 1 1 1 0 1 0 1 1 1 0 3 0 1 1 0 1 0 1 1 1 2 0 0 2 0 1 1 1 2 0 1 1 2 0 0 2 0 0 1 1 1 1 2 1 1 0 0 0 2 1 1 0 1 0 0 1 0 1 1 0 0 1 1 1 0 0 1 1 0 0 0 1 0 0 1 0 1 1 0 1 2 1 2 1 0 0 0 0 2 0 0 1 1 2 0 0 3 0 0 2 0 0 2 1 1 1 2 0 0 1 0 0 0 0 1 0 2 0 0 0 2 0 0 0 1 0 2 2 0 0 2 1 1 1 1 1 1 1 1 0 0 1 1 1 2 0 2 1 1 2 0 0 0 2 0 0 0 1 1 1 0 1 1 0 0 1 3 0 0 1 1 1 2 2 0 2 0 0 1 2 0 0 0 1 2 1 2 1 3 0 0 1 0 0 0 2 0 0 1 1 0 1 0 0 0 2 0 2 0 0 3 0 2 0 2 1 2 2 0 2 0 0 2 1 1 0 1 2 0 0 0 0 1 1 1 0 0 0 0 0 1 0 0 1 2 1 0 2 0 1 2 2 0 1 0 1 1 0 3 0 1 1 1 2 0 1 0 0 0 0 0 0 1 1 1 0 2 0 2 0 1 1 2 1 2 0 1 2 0 2 0 1 3 0 2 0 2 1 3 0 3 0 1 0 3 0 1 0 1 1 2 0 1 0 0
0 569 3 0 2 1 0 1 0 0 2 1 0 0 1 1 1 0 2 1 1 1 3 0 2 2 0 2 0 1 0 0 1 0 2 0 3 0 2 0 1 0 2 2 0 2 0 0 2 1 3 0 2 1 1 1 2 0 1 0 2 1 2 2 0 0 1 0 2 1 2 0 2 1 0 0 0 0 1 1 0 2 0 1 2 0 1 2 0 0 1 1 3 0 3 0 2 1 2 1 0 1 2 1 2 0 0 0 0 0 0 1 0 2 0 1 2 2 0 1 1 0 1 2 0 1 2 0 0 0 1 1 2 1 3 0 0 0 2 1 3 0 3 0 1 1 1 0 1 0 1 1 2 1 0 0 1 0 0 0 2 1 1 0 1 0 1 1 2 2 0 2 0 2 0 0 0 0 1 1 2 1 1 1 0 0 0 0 2 0 2 1 2 1 0 0 2 0 0 0 0 0 0 1 1 0 1 0 0 1 0 0 2 2 0 0 1 0 2 0 3 0 0 0 0 1 0 0 3 0 3 0 3 0 2 1 0 0 0 0 1 1 1 1 0 0 2 1 2 1 1 0 0 1 3 0 3 0 1 0 2 0 3 0 1 1 2 2 0 1 1 0 0 0 2 0 3 0 1 2 0 0 2 0 3 0 3 0 3 0 1 1 2 1 3 0 2 1 0 1 2 0 0 1 1 1 2 0 2 0 1 0 0 0 1 0 1 0 1 2 0 0 2 2 0 0 0 2 0 0 2 0 3 0 0 1 1 0 0 1 0 0 0 1 0 1 2 0 2 1 3 0 1 1 2 1 3 0 0 1 3 0 3 0 0 2 0 0 0 0 2 1 0 1 1 1 0 1 1 0 2 1 2 0 3 0 0 1 3 0 2 0 2 0 1 0 1 0 2 1 0 0 1 2 0 0 2 1 1 1 2 1 1 0 2 0 0 0 1 0 1 1 1 1 2 0 2 1 1 1 0 1 2 2 0 0 2 1 1 1 1 0 1 0 1 1 1 2 0 0 1 1 2 1 2 2 0 2 0 0 1 2 0 1 3 0 2 0 1 0 2 0 1 1 0 1 3 0 0 1 2 1 0 0 2 1 0 0 3 0 1 0 0 0 0 0 2 0 1 1 0 1 1 2 0 1 1 1 0 0 0 0 1 1 2 2 0 2 0 0 3 0 2 1 0 0 0 0 3 0 1 1 1 0 1 0 0 0 1 0 0 0 0 1 0 2 0 1 2 0 1 0 2 0 2 0 2 2 0 0 2 1 3 0 3 0 3 0 2 0 0
0 570 1 3 0 1 1 0 2 0 1 1 1 0 0 3 0 1 1 1 2 0 0 2 0 2 1 0 1 3 0 2 1 2 1 1 0 3 0 0 2 0 0 2 1 0 1 3 0 1 0 2 0 1 1 3 0 3 0 2 1 2 0 1 0 2 1 2 1 2 0 0 0 1 1 0 0 0 0 3 0 0 2 0 1 0 0 0 0 2 2 0 0 2 0 3 0 2 0 0 1 1 1 0 2 0 1 1 0 0 0 1 0 0 2 0 1 1 1 0 0 1 1 0 1 0 0 3 0 0 1 0 0 1 0 1 1 1 1 2 0 2 0 2 2 0 1 2 0 2 1 0 0 0 1 0 0 2 0 0 1 1 1 2 0 2 1 0 0 1 1 0 2 0 1 2 1 0 1 0 0 0 1 2 2 0 0 0 1 1 0 2 0 0 1 0 1 0 1 1 0 0 0 1 0 1 0 2 0 0 2 0 1 2 0 2 1 2 1 1 0 2 1 1 0 0 2 0 1 3 0 3 0 3 0 1 1 0 0 0 0 3 0 1 2 0 1 2 0 0 1 2 0 1 1 2 0 2 2 0 0 1 0 3 0 0 0 1 1 0 0 1 0 0 1 1 0 3 0 0 0 3 0 0 0 3 0 3 0 3 0 0 0 1 0 2 0 1 1 1 0 3 0 1 0 2 1 0 0 0 1 3 0 0 0 2 0 2 1 0 0 3 0 1 0 2 1 1 1 3 0 0 0 2 1 2 0 1 0 0 2 0 0 1 0 0 1 0 0 2 0 2 0 0 0 1 0 1 1 2 1 2 0 2 1 2 1 2 1 0 1 1 1 1 0 2 0 0 0 1 1 2 0 0 0 2 1 2 1 2 0 1 0 0 1 3 0 2 1 1 1 0 1 0 0 3 0 0 2 0 0 0 1 2 1 0 1 1 0 2 0 3 0 2 1 0 0 1 1 3 0 0 1 1 0 3 0 0 1 3 0 1 0 2 0 3 0 2 1 2 2 0 0 1 0 1 1 0 1 2 2 0 1 0 1 2 0 0 2 0 0 0 2 0 1 1 1 1 1 2 1 0 1 0 1 1 1 0 1 2 1 3 0 0 0 0 1 0 2 0 1 1 0 2 2 0 0 1 2 0 0 0 1 0 0 1 1 0 1 3 0 2 0 1 1 0 0 0 1 2 2 0 1 2 0 2 0 0 0 2 0 0 0 1 0 0 2 0 0 3 0 2 1 1 0 1 0 2 0 3 0 1 0 2 0 3 0 3 0 0 1 1
0 571 1 1 1 2 0 1 1 2 0 0 1 2 0 1 2 2 0 2 0 0 3 0 0 0 1 1 1 1 2 0 2 0 0 1 2 1 2 1 2 1 3 0 0 1 1 1 1 2 0 0 1 0 0 0 2 0 3 0 1 2 0 2 0 0 2 0 0 2 0 1 1 0 2 2 0 0 0 1 2 1 2 1 3 0 2 1 0 1 2 0 3 0 0 0 3 0 0 1 2 0 2 0 0 2 0 0 1 0 0 0 2 0 1 2 0 0 1 2 0 0 2 2 0 2 0 1 2 1 1 2 0 0 2 0 3 0 2 1 0 0 1 0 2 1 0 1 0 0 1 1 0 0 0 2 0 1 0 1 2 0 2 1 0 0 1 1 0 0 3 0 0 2 0 1 0 1 0 2 0 0 1 1 1 0 2 1 1 0 1 1 0 1 2 0 0 0 0 0 1 0 0 0 2 0 2 1 0 1 2 2 0 1 0 0 2 0 0 1 2 1 1 1 2 0 1 2 0 1 2 0 3 0 2 2 0 1 0 0 0 1 3 0 0 1 0 0 3 0 1 1 0 0 0 0 0 0 2 0 2 1 2 1 2 1 1 0 2 2 0 0 2 0 1 0 1 1 2 1 1 1 2 1 1 1 3 0 3 0 2 1 1 0 2 1 0 2 0 1 2 1 2 2 0 0 1 1 0 0 1 1 1 1 1 1 1 0 1 1 0 1 2 2 0 0 1 2 0 0 1 1 1 1 1 2 0 1 3 0 1 1 2 1 2 0 0 2 0 1 1 0 0 1 1 0 2 1 0 0 1 0 0 0 2 0 1 0 0 1 1 0 2 0 1 1 0 1 1 0 3 0 3 0 0 1 2 0 0 2 0 1 3 0 1 1 2 0 1 1 2 2 0 2 0 1 2 1 2 1 2 1 1 1 0 1 1 0 1 1 1 0 3 0 1 1 0 1 0 0 1 1 2 0 1 1 2 1 2 1 1 2 0 0 1 0 3 0 2 0 1 0 2 1 2 0 3 0 0 1 1 1 0 0 0 0 3 0 1 1 2 1 1 2 0 0 2 0 2 1 0 1 1 0 0 0 2 0 0 1 1 0 1 1 1 0 1 0 0 2 0 0 1 1 2 0 2 2 0 0 2 1 0 2 0 0 3 0 0 1 2 0 0 2 0 1 0 0 1 1 1 1 0 1 0 0 0 1 1 1 0 1 1 0 2 0 1 1 3 0 2 0 1 1 2 0 2 1 1 0 2 2 0 0 1 0 3 0 2 1 2 0 1
1 571 3 0 2 2 0 0 2 1 2 2 0 1 0 1 1 1 0 1 3 0 1 1 1 0 3 0 2 1 0 0 0 1 2 1 1 0 1 0 1 0 1 1 2 0 2 0 2 1 2 1 2 0 0 1 1 0 3 0 0 1 0 1 2 2 0 1 2 2 0 0 1 1 2 0 2 1 1 1 1 0 1 0 2 0 1 1 1 1 0 0 2 1 1 1 2 1 2 1 0 0 0 1 2 1 2 1 2 0 0 1 1 0 0 0 2 2 0 0 3 0 1 1 0 2 0 1 0 2 0 0 3 0 0 0 3 0 1 1 0 0 2 1 1 1 0 2 0 0 2 2 0 0 1 2 0 0 0 1 0 0 1 1 0 0 2 2 0 1 2 1 2 2 0 0 0 0 0 1 2 1 3 0 1 1 1 1 2 0 3 0 0 0 3 0 0 0 0 0 2 0 0 1 1 0 1 1 1 1 1 0 3 0 2 2 0 1 2 1 0 2 0 0 0 0 0 1 0 1 0 0 3 0 2 0 3 0 2 1 1 1 1 1 1 2 0 1 2 2 0 1 0 0 0 0 0 1 1 0 2 0 1 0 0 1 2 1 2 0 2 2 0 2 0 0 0 0 0 2 0 0 0 2 0 0 2 0 3 0 1 1 2 1 1 1 1 2 0 1 1 0 1 0 2 1 2 2 0 0 3 0 2 0 2 0 1 0 3 0 0 1 1 0 2 2 0 0 2 1 3 0 2 0 2 2 0 1 2 0 0 0 0 2 0 1 2 2 0 0 1 0 1 0 1 1 1 1 0 0 2 0 0 1 0 1 3 0 1 0 1 1 0 2 0 1 1 0 1 1 3 0 2 1 2 0 3 0 1 2 0 1 2 0 0 0 0 0 0 0 1 1 0 2 0 1 1 0 1 0 0 1 3 0 0 0 1 0 3 0 1 1 2 2 0 1 0 2 0 1 0 0 0 0 0 0 1 0 0 2 0 0 2 1 2 1 3 0 0 2 0 0 2 0 0 0 2 1 2 0 1 2 0 0 0 1 3 0 0 0 0 2 0 0 3 0 0 0 1 1 1 0 1 0 0 1 0 1 2 0 1 0 3 0 1 0 2 0 1 1 2 2 0 0 0 0 2 0 3 0 0 1 1 1 3 0 1 1 2 0 3 0 1 1 3 0 2 1 3 0 1 2 0 2 0 0 1 0 2 0 0 0 1 1 1 0 0 0 2 0 1 0 0 0 0 0 1 1 2 1 2 0 2 1 2 1 3 0 1 2 0 2 0
0 572 1 3 0 2 0 3 0 1 0 1 1 0 0 0 0 2 0 0 1 1 2 0 1 2 1 3 0 1 1 0 0 1 1 0 1 2 0 2 0 2 1 0 0 0 0 1 0 2 0 0 2 0 1 2 0 1 1 2 1 2 0 0 1 1 1 0 1 1 0 2 2 0 0 0 0 1 1 3 0 1 0 2 1 0 2 0 1 2 2 0 1 1 2 0 0 1 0 0 1 0 0 1 1 1 0 0 2 0 1 2 0 1 0 0 1 2 0 3 0 1 2 0 1 1 2 0 0 0 1 3 0 1 1 1 1 2 2 0 1 0 1 1 1 3 0 0 1 3 0 1 0 2 2 0 0 2 1 0 2 0 0 2 2 0 1 2 1 0 1 1 0 1 0 2 1 0 0 1 1 1 0 1 2 0 2 0 0 0 0 2 1 1 1 2 1 1 0 0 1 0 1 2 0 1 0 3 0 2 0 1 1 3 0 2 1 0 1 0 1 1 1 2 1 0 0 0 2 0 2 0 1 3 0 1 0 3 0 1 1 3 0 2 0 2 2 0 1 1 0 3 0 2 1 0 0 1 0 1 1 0 1 3 0 1 1 1 0 0 0 2 1 0 1 2 1 0 0 1 1 2 1 1 1 3 0 0 0 3 0 0 0 0 1 3 0 2 2 0 0 1 0 2 1 2 0 1 0 3 0 2 0 1 0 0 2 0 0 2 1 2 0 1 1 2 0 3 0 1 0 2 0 1 0 2 1 0 0 3 0 0 0 1 2 0 1 1 0 2 1 2 0 2 0 3 0 1 2 0 1 0 1 2 0 0 1 1 1 3 0 3 0 0 2 0 0 1 1 0 0 2 0 2 0 0 0 3 0 0 1 0 0 3 0 0 0 0 0 0 0 3 0 0 2 0 0 1 0 2 0 1 1 1 1 1 0 2 1 3 0 0 0 1 1 0 0 0 1 3 0 2 1 0 0 0 0 2 0 1 1 3 0 1 0 1 0 1 1 2 1 2 2 0 1 1 1 2 0 0 0 0 0 2 1 1 1 1 1 1 0 1 1 3 0 1 1 1 0 3 0 1 0 2 0 1 0 0 0 3 0 2 1 2 2 0 0 1 0 0 0 1 0 2 1 0 1 1 0 2 1 2 0 2 1 2 0 0 0 0 0 3 0 0 0 2 0 2 0 2 0 0 1 0 1 2 1 2 1 0 1 1 0 3 0 1 0 0 1 0 1 3 0 0 0 0 1 0 0 1 0 0 0 2 0 1 0 2 0 0 1 0 1 2
1 573 1 1 2 0 1 0 2 1 3 0 2 2 0 0 0 1 0 1 2 0 2 2 0 1 1 0 1 2 0 1 0 0 3 0 0 1 0 0 1 0 1 1 0 0 0 0 2 1 0 1 2 2 0 1 0 0 0 0 0 2 0 1 2 0 2 0 0 0 1 1 2 0 2 1 0 1 0 0 1 2 0 0 1 1 1 2 0 1 1 1 0 0 2 1 2 1 2 0 0 2 0 0 3 0 1 0 1 2 0 0 3 0 2 0 1 1 0 0 3 0 0 1 0 0 2 1 2 1 1 1 1 2 0 2 0 0 1 1 0 0 0 0 2 1 1 1 2 1 1 2 0 0 2 0 3 0 0 1 1 1 3 0 1 1 0 1 0 1 1 0 1 0 2 1 1 1 0 0 3 0 1 1 0 1 0 1 2 1 0 1 1 2 0 0 0 1 2 0 1 0 0 0 3 0 2 1 3 0 1 0 0 0 2 0 1 1 1 0 0 0 2 1 0 1 0 0 1 2 0 2 0 1 1 2 0 0 3 0 0 0 2 0 1 0 2 1 0 0 1 1 3 0 1 1 0 0 2 0 3 0 0 1 1 2 0 1 2 0 0 1 1 1 1 1 0 1 0 1 0 0 0 2 0 0 1 1 1 1 2 1 1 0 1 1 2 0 2 0 2 1 2 1 1 2 0 2 0 0 3 0 0 1 3 0 1 1 3 0 1 0 0 0 0 0 0 0 2 2 0 0 0 2 0 0 1 1 0 1 2 1 1 1 0 1 0 0 1 1 2 0 0 0 1 0 3 0 0 1 0 0 0 0 3 0 1 0 2 1 2 0 2 1 2 1 2 1 2 2 0 1 1 0 0 1 1 1 2 1 1 2 0 1 2 1 1 0 0 0 0 1 2 1 2 1 2 1 2 1 0 2 0 1 3 0 1 1 2 0 1 1 1 0 2 2 0 0 1 1 2 0 1 1 0 0 0 1 1 0 0 0 1 1 3 0 2 1 0 0 1 0 1 1 0 0 2 0 3 0 0 0 0 1 1 1 3 0 2 0 1 1 0 0 1 2 0 1 2 1 2 2 0 0 0 1 3 0 0 1 3 0 2 0 1 0 2 1 2 0 0 0 2 1 1 1 1 0 1 1 2 0 0 0 1 2 0 1 1 0 0 1 2 1 1 1 1 0 1 0 0 1 2 0 0 1 1 0 0 1 1 0 1 1 2 1 3 0 1 0 0 1 1 1 1 0 0 2 0 0 2 0 0 1 0 2 0 0 0 1 2 0 0 1 0
1 573 3 0 3 0 2 1 2 0 2 0 2 0 2 1 1 0 0 1 0 0 2 1 0 0 1 1 0 0 3 0 3 0 1 1 1 2 0 0 2 0 2 2 0 0 0 1 1 1 1 1 1 0 3 0 2 1 0 0 1 2 0 1 0 0 0 1 1 1 0 0 0 0 1 1 0 2 0 1 0 0 2 1 3 0 2 2 0 0 1 2 0 1 2 0 0 2 0 1 2 1 3 0 1 2 0 0 0 0 3 0 2 0 0 2 0 1 0 1 2 1 1 2 0 1 2 0 0 1 3 0 2 2 0 1 2 1 2 2 0 0 0 1 1 2 0 0 0 2 0 0 3 0 0 0 2 1 2 0 2 1 1 2 0 1 1 0 0 0 1 0 2 1 1 1 2 2 0 1 2 2 0 1 1 0 0 1 0 1 1 0 2 1 2 1 1 0 3 0 2 0 0 1 3 0 2 0 1 1 3 0 0 1 0 2 0 1 2 0 0 1 1 1 0 2 0 1 0 1 0 2 0 0 2 1 3 0 1 1 1 1 0 2 0 0 1 1 0 1 0 0 1 2 0 1 0 1 1 0 2 1 2 0 2 2 0 0 3 0 1 0 2 0 1 2 0 2 0 2 0 0 1 1 2 1 3 0 2 1 0 1 2 1 0 0 0 0 1 0 2 0 0 2 0 1 0 1 3 0 1 1 2 1 2 0 0 0 1 1 3 0 0 0 0 0 0 1 2 0 2 1 1 1 2 1 3 0 0 1 0 1 2 2 0 2 0 0 3 0 3 0 0 0 2 1 2 1 1 2 0 0 0 1 2 2 0 0 2 0 0 0 2 0 1 0 1 0 1 1 0 0 1 0 1 0 2 1 0 2 0 1 0 1 0 1 2 0 0 0 1 1 1 0 1 0 1 0 0 1 1 2 0 1 1 2 0 2 0 2 0 1 2 1 2 0 2 1 3 0 3 0 2 2 0 0 1 0 1 0 0 1 0 0 2 0 1 1 0 0 2 0 2 2 0 1 1 0 2 1 1 0 1 0 2 1 2 0 0 2 0 1 0 1 0 1 0 1 1 0 1 0 2 1 1 1 1 1 2 1 2 0 0 2 0 0 1 2 0 1 1 1 1 1 3 0 1 0 3 0 3 0 0 1 0 1 0 0 1 0 1 1 0 1 3 0 1 0 2 0 1 0 3 0 1 0 1 0 1 0 1 1 0 0 1 0 1 1 3 0 1 0 2 0 1 0 1 1 2 2 0 1 2 0 0 1 2 1 1 0 3 0 0 2 0
1 574 1 3 0 3 0 2 0 0 0 1 0 1 0 1 1 2 0 0 2 0 1 1 1 0 0 2 2 0 1 3 0 2 2 0 2 0 0 3 0 0 0 2 0 2 1 1 0 2 0 2 0 1 1 3 0 1 1 0 1 0 0 3 0 2 1 1 0 1 2 0 0 0 0 3 0 0 1 3 0 3 0 1 0 2 0 2 0 2 2 0 1 0 0 3 0 1 2 0 1 1 0 2 0 0 0 2 1 0 1 3 0 0 1 2 2 0 0 0 1 0 2 0 1 0 0 3 0 1 1 2 0 2 1 0 1 1 0 1 0 2 1 1 0 2 1 2 1 1 1 3 0 1 1 1 1 2 0 0 0 1 2 0 1 0 0 1 0 0 0 2 1 1 2 0 0 1 1 0 1 1 1 0 0 1 0 1 0 0 0 1 1 2 0 0 1 2 1 3 0 0 1 2 1 2 0 1 0 0 0 1 1 2 0 0 2 0 0 3 0 1 0 2 0 0 2 0 0 0 0 0 1 3 0 1 0 1 2 0 1 3 0 0 1 2 1 2 2 0 2 0 1 0 1 0 0 0 0 1 1 2 0 0 0 2 0 3 0 1 2 0 0 1 0 0 1 0 2 0 1 2 2 0 0 1 0 2 0 1 1 1 1 0 1 0 0 0 0 2 1 0 1 2 2 0 0 0 1 2 0 0 0 0 2 0 1 1 1 0 0 1 1 1 0 0 0 1 1 0 0 1 2 0 0 1 0 1 1 2 0 0 1 1 1 0 1 3 0 2 0 2 1 1 1 2 0 0 2 0 0 2 1 1 1 1 0 2 2 0 1 1 1 0 1 3 0 2 0 2 2 0 0 2 0 2 1 1 1 1 2 0 0 0 0 0 0 3 0 0 0 3 0 1 0 2 0 2 0 1 0 2 2 0 0 2 2 0 2 0 2 0 1 1 0 0 0 2 0 2 0 3 0 2 0 2 1 2 0 2 0 0 2 0 1 0 2 0 1 0 1 1 0 2 1 0 0 1 1 1 1 2 0 2 1 1 2 0 1 2 2 0 0 0 0 0 0 0 0 1 0 2 1 1 1 3 0 2 1 0 2 0 1 2 1 2 2 0 1 0 0 2 0 2 1 1 2 0 0 3 0 2 1 1 2 0 2 0 0 2 0 3 0 0 1 1 2 0 0 0 2 0 0 2 1 3 0 2 0 2 0 2 2 0 0 2 1 0 0 1 2 0 0 0 2 0 0 0 0 1 1 0 0 3 0 1 1 0 1 2 1 2 1 2 1 2
0 575 1 1 2 0 3 0 0 1 1 0 2 0 2 0 3 0 3 0 1 2 0 0 1 2 0 1 2 1 0 1 2 0 2 1 0 1 3 0 1 1 1 1 1 0 1 1 2 1 1 0 1 0 0 0 1 2 0 1 0 2 0 1 3 0 1 1 2 1 0 0 2 1 0 1 2 1 2 1 2 0 2 2 0 0 1 0 1 0 2 0 3 0 3 0 2 0 0 1 0 0 1 1 0 1 1 1 1 1 1 1 1 1 2 1 1 0 2 1 1 0 0 1 3 0 3 0 2 0 0 0 0 0 1 1 1 0 1 0 2 1 1 1 2 1 2 0 0 2 0 0 1 2 0 1 3 0 3 0 0 1 0 0 3 0 2 1 2 0 0 1 1 2 0 0 2 1 3 0 0 0 1 2 0 0 2 0 2 0 0 0 3 0 3 0 1 1 1 0 1 1 2 1 0 2 0 1 3 0 0 0 3 0 3 0 1 1 3 0 1 2 0 0 0 1 2 1 2 1 0 0 1 1 1 2 0 0 0 1 0 1 1 1 2 1 1 0 1 1 0 1 3 0 3 0 2 1 0 0 3 0 3 0 0 1 1 0 3 0 0 0 2 1 2 0 1 0 0 2 0 1 1 0 2 1 2 1 0 2 0 1 2 2 0 2 0 0 0 1 1 1 1 1 1 0 2 1 1 0 3 0 0 0 1 2 0 0 1 2 0 0 3 0 1 0 0 0 2 2 0 1 0 0 2 1 2 0 3 0 3 0 1 0 2 0 0 1 2 0 1 0 1 1 3 0 3 0 1 1 3 0 0 1 3 0 1 1 2 1 0 0 2 0 0 1 2 0 1 0 2 0 3 0 0 0 1 1 3 0 2 1 2 1 0 0 0 1 2 1 1 1 2 2 0 0 1 0 0 2 0 0 2 0 3 0 1 1 0 2 0 2 0 0 1 0 0 1 1 0 1 0 3 0 1 0 2 0 0 0 0 1 2 2 0 0 0 2 0 0 0 0 1 1 1 1 0 0 3 0 2 1 0 0 1 2 0 1 0 1 1 0 2 1 0 0 0 0 0 0 2 1 1 2 0 0 2 0 1 1 1 2 0 1 1 0 1 0 3 0 3 0 0 0 1 2 0 0 3 0 2 0 1 2 0 1 0 1 3 0 0 0 2 1 2 0 2 1 2 1 1 1 3 0 1 0 2 0 1 0 1 0 2 0 3 0 0 1 0 1 0 0 2 1 1 1 2 1 0 0 2 2 0 1 2 2 0 1 1 1 1 0 1 0 1 0 0
0 576 1 0 0 0 0 2 1 2 0 1 1 1 0 1 0 3 0 3 0 0 0 2 2 0 1 0 1 0 1 1 1 0 0 1 1 1 1 1 2 0 1 3 0 1 1 0 0 0 1 2 0 2 0 0 1 0 1 0 0 0 2 0 1 2 0 0 0 0 1 0 1 1 1 1 1 1 0 1 0 0 0 2 0 2 1 2 0 2 1 1 0 3 0 3 0 0 1 1 2 0 0 3 0 0 0 2 0 2 0 2 0 2 1 0 1 2 1 1 1 2 0 1 1 2 0 3 0 0 1 1 0 0 0 3 0 1 0 2 1 1 2 0 0 0 2 0 1 2 1 2 2 0 1 0 1 2 0 2 1 1 2 0 1 3 0 1 2 0 1 2 0 2 1 3 0 1 0 1 1 1 1 0 0 3 0 0 0 0 1 1 1 3 0 2 2 0 1 2 1 0 0 0 1 1 2 0 1 1 1 1 1 3 0 3 0 0 0 2 0 0 0 2 1 1 1 1 0 0 1 0 0 3 0 2 1 2 1 1 0 0 0 2 1 0 1 2 0 3 0 0 1 2 0 3 0 1 1 0 1 3 0 2 1 2 0 1 1 2 1 1 1 1 2 0 1 3 0 1 2 0 0 1 1 2 0 0 1 1 2 0 1 1 1 0 1 2 1 1 0 2 0 2 0 1 1 1 1 2 1 2 1 1 1 0 0 2 2 0 0 3 0 1 1 3 0 0 1 2 0 3 0 3 0 1 0 0 0 3 0 2 2 0 0 0 1 2 0 3 0 2 1 0 0 2 0 3 0 0 0 1 1 2 1 2 0 0 0 0 1 0 1 0 1 2 0 3 0 2 1 1 0 2 1 1 1 0 0 2 0 2 0 0 1 0 0 1 1 0 2 0 0 1 0 2 1 2 0 1 1 3 0 0 0 2 2 0 1 1 2 0 1 2 1 2 0 1 0 1 0 2 1 2 2 0 0 0 1 1 0 1 1 1 0 2 1 1 1 2 1 0 0 3 0 1 2 0 1 3 0 1 1 0 1 0 1 0 0 0 0 1 1 1 1 0 0 0 0 0 1 1 2 0 0 2 2 0 2 0 2 0 1 0 0 1 0 2 1 3 0 2 1 1 1 0 0 3 0 2 0 1 0 0 1 0 0 0 1 1 1 1 1 2 0 0 0 2 0 0 2 0 0 1 2 0 0 0 1 3 0 2 1 1 0 2 1 1 2 0 2 0 1 1 2 0 0 0 1 0 1 2 1 0 1 1 1 0 0 2 0 1 0 2 0 2 0 0
0 576 2 0 0 0 1 1 2 0 2 0 1 2 0 2 1 3 0 2 1 1 1 2 1 0 0 0 0 0 0 1 2 0 0 3 0 2 0 2 2 0 1 1 2 0 1 0 0 1 1 0 0 0 1 1 2 0 2 0 0 1 2 0 0 3 0 0 0 1 0 0 0 2 0 2 0 1 0 2 0 0 1 1 0 2 0 0 0 1 1 2 1 3 0 2 1 2 0 2 1 3 0 1 1 1 1 1 0 1 0 1 0 1 1 1 1 0 2 0 0 0 0 0 0 0 0 2 1 2 0 1 0 0 1 2 2 0 0 1 2 0 0 2 1 1 2 0 1 1 0 1 1 0 0 0 1 0 0 1 2 0 1 0 1 2 0 0 1 0 1 0 0 2 0 1 1 3 0 3 0 1 2 0 1 2 1 1 0 1 0 2 1 2 0 2 1 0 1 0 1 0 0 1 0 2 2 0 0 2 0 2 1 2 0 2 1 1 1 0 1 1 1 1 1 3 0 1 0 0 2 0 1 3 0 2 0 0 1 2 0 0 1 1 1 1 1 0 0 2 1 2 1 0 0 2 2 0 1 1 1 2 0 2 0 0 0 0 0 0 1 3 0 2 2 0 1 2 0 0 0 2 1 3 0 3 0 1 0 2 2 0 0 2 0 0 1 0 1 2 1 1 0 0 2 0 2 0 0 1 0 0 1 2 2 0 1 2 0 3 0 2 0 0 0 1 1 2 1 0 0 3 0 2 1 3 0 0 1 3 0 2 0 2 1 1 1 0 0 3 0 1 1 0 1 1 0 2 1 1 1 0 0 0 2 0 1 1 0 1 0 0 0 0 1 0 0 3 0 1 1 2 1 1 1 2 2 0 1 1 0 0 1 1 2 0 0 3 0 0 1 2 1 2 1 2 0 0 0 0 0 1 1 1 1 2 1 0 0 2 2 0 1 0 2 0 1 3 0 2 1 2 0 1 0 2 1 1 0 1 0 3 0 1 1 1 2 0 0 0 1 0 1 3 0 0 1 0 1 1 2 0 1 0 2 0 2 0 0 0 0 3 0 1 2 0 0 0 0 1 0 2 1 3 0 1 1 0 2 0 1 3 0 2 1 2 1 2 0 2 0 1 1 2 2 0 1 3 0 0 1 3 0 0 2 0 0 1 0 2 0 2 0 3 0 0 1 0 1 2 1 2 2 0 0 2 1 1 1 2 0 1 1 2 1 1 2 0 1 0 2 0 0 2 1 2 1 1 0 0 1 0 1 1 0 1 2 0 1 0 2 0 0 1 0 0 1 1
0 577 1 1 2 1 1 0 2 2 0 2 0 1 0 0 2 0 2 0 1 2 0 0 0 1 0 0 0 0 0 1 0 0 3 0 2 0 1 0 2 1 0 0 2 1 3 0 2 1 2 2 0 0 1 0 2 2 0 1 2 2 0 0 3 0 1 1 1 0 2 0 0 1 1 0 0 2 0 0 0 1 2 0 1 1 0 1 1 1 0 0 1 0 2 0 2 0 0 0 2 0 1 2 0 1 3 0 1 0 2 0 2 0 3 0 2 0 0 1 2 1 0 0 0 0 0 1 1 2 0 1 3 0 1 1 1 0 2 2 0 0 3 0 0 2 0 1 0 0 1 0 2 2 0 0 0 2 0 1 0 1 0 0 0 0 3 0 0 2 0 2 0 1 1 0 0 0 2 0 3 0 0 1 0 1 0 1 2 0 2 1 2 0 0 0 1 1 0 2 0 2 0 0 2 1 2 0 3 0 0 0 2 0 0 0 1 1 3 0 0 0 2 0 2 1 1 1 3 0 1 2 0 1 2 0 0 1 2 0 3 0 1 0 2 0 1 2 0 1 2 0 0 1 0 1 2 1 0 0 2 1 0 0 0 1 1 0 0 0 1 1 2 0 2 1 0 0 3 0 0 1 2 0 2 0 2 2 0 0 2 0 2 2 0 1 2 0 0 1 0 1 2 0 1 2 0 1 2 1 2 0 1 1 1 1 0 1 0 0 3 0 0 1 1 1 0 0 0 1 0 1 3 0 2 0 1 1 2 1 2 0 1 0 1 1 2 2 0 1 2 2 0 1 1 0 1 1 1 1 2 2 0 0 1 2 0 0 1 0 2 0 0 0 0 2 0 1 3 0 0 0 0 2 0 0 1 1 0 0 1 0 1 0 2 1 3 0 1 1 2 1 1 0 0 2 0 1 1 0 0 0 3 0 2 1 0 1 0 1 2 1 0 0 0 2 0 1 2 0 1 2 0 2 0 0 1 1 2 0 2 1 2 2 0 2 0 0 2 1 1 0 0 1 1 1 2 0 0 0 2 2 0 0 0 2 0 1 2 1 0 1 3 0 0 0 2 1 0 0 2 1 2 0 1 2 0 1 1 2 0 1 2 0 2 0 1 0 0 0 1 0 0 0 1 1 0 1 1 1 2 1 1 1 2 1 2 1 2 1 1 0 1 0 2 1 2 0 0 1 1 0 1 0 3 0 0 2 0 0 0 0 0 0 0 2 0 1 0 0 0 1 3 0 1 0 0 1 2 0 1 0 0 0 1 1 0 1 0 0 0 1 2 1 2 0 1 0 1
1 578 1 0 0 0 1 2 1 2 1 0 1 3 0 3 0 0 0 1 0 0 0 2 1 0 2 0 0 0 0 0 2 0 1 3 0 0 2 0 0 1 1 0 1 2 0 2 0 2 0 1 0 2 1 2 1 2 1 0 1 1 0 3 0 1 2 0 1 2 1 0 1 2 0 1 0 1 1 2 1 1 0 3 0 3 0 0 0 1 2 0 0 2 1 1 0 0 1 1 1 1 0 0 1 0 1 1 2 0 0 1 0 1 0 3 0 0 1 2 1 0 1 0 0 0 0 1 0 2 2 0 1 1 2 0 1 2 1 2 0 3 0 1 1 2 1 3 0 2 1 2 1 2 0 2 1 1 1 3 0 3 0 2 1 0 1 2 1 2 2 0 2 0 0 1 0 0 1 1 0 2 1 2 0 0 0 0 1 0 0 1 2 0 1 1 0 3 0 0 2 0 1 3 0 1 0 0 0 2 1 1 1 0 1 1 1 0 0 1 1 1 1 1 0 1 2 0 0 2 0 0 1 0 0 3 0 1 1 0 0 2 2 0 0 1 0 0 1 0 0 3 0 1 0 0 1 0 1 0 1 1 1 0 0 1 0 1 0 0 1 0 0 0 0 1 1 0 1 2 1 2 1 0 0 1 0 2 0 3 0 0 0 2 1 0 0 3 0 1 0 0 1 0 0 0 1 0 1 0 2 0 2 0 1 2 2 0 2 0 1 2 1 2 0 1 2 0 0 1 0 0 1 2 0 1 0 0 0 0 2 0 2 0 0 0 0 1 1 0 1 1 1 0 0 1 0 3 0 2 1 1 0 2 2 0 0 2 1 2 1 0 1 1 0 1 2 0 1 1 1 1 0 1 1 2 1 2 2 0 0 2 0 2 1 2 0 2 0 0 0 0 1 2 0 1 2 0 0 1 0 0 1 3 0 1 1 1 0 0 1 0 1 0 0 1 2 0 1 0 0 0 1 0 1 2 2 0 0 0 0 2 0 1 1 0 1 3 0 0 1 2 0 1 0 2 0 3 0 0 1 2 0 2 1 1 2 0 1 0 1 1 1 1 1 1 1 1 1 0 1 2 0 0 0 0 1 0 0 2 2 0 1 0 0 0 1 3 0 0 0 2 0 0 0 3 0 0 0 2 1 0 2 0 0 1 0 1 0 0 1 2 0 2 1 1 2 0 1 2 0 1 0 2 1 2 1 2 1 2 1 0 0 0 0 1 1 3 0 2 1 1 1 1 1 3 0 1 0 3 0 2 0 0 0 2 2 0 2 0 0 1 1 0 2 0 1 3 0 2
0 578 2 0 0 1 1 1 0 0 1 1 1 2 0 2 1 1 0 2 0 0 1 1 1 1 1 2 1 0 0 1 2 0 1 1 1 2 1 2 1 3 0 0 1 0 0 1 0 0 2 0 0 2 0 1 0 0 1 1 0 1 1 3 0 0 1 0 1 0 1 1 0 3 0 2 1 0 0 0 1 2 1 3 0 2 1 1 1 0 0 3 0 0 1 2 0 1 0 2 0 1 0 1 0 0 0 2 1 2 1 2 0 2 1 2 1 2 1 0 1 0 2 0 0 0 0 2 1 2 1 0 0 2 2 0 1 1 0 0 0 3 0 0 0 1 0 2 0 2 0 1 0 0 0 1 2 0 0 2 0 3 0 1 1 1 1 1 0 1 1 0 1 2 1 2 0 1 0 1 1 1 2 0 1 1 0 0 2 0 1 0 1 0 0 1 1 2 1 2 2 0 1 1 1 3 0 0 1 1 1 3 0 0 0 1 2 0 0 3 0 2 0 1 1 0 0 2 2 0 1 1 2 0 1 2 2 0 1 0 1 2 0 2 1 2 0 0 2 0 1 2 1 3 0 1 0 0 0 0 0 1 2 0 0 2 0 2 0 0 2 0 0 0 0 3 0 0 1 1 0 0 1 0 0 2 1 1 0 2 1 1 1 1 1 0 1 2 1 3 0 0 2 0 0 1 0 0 0 0 2 0 2 0 1 1 1 0 2 0 1 1 0 0 0 0 0 2 1 2 0 1 0 3 0 2 0 0 0 1 2 0 1 2 1 0 0 3 0 0 0 1 2 0 0 2 1 3 0 1 1 2 1 2 0 3 0 1 0 0 1 1 0 1 1 0 1 0 0 2 0 1 1 0 0 1 0 1 0 3 0 0 0 2 0 0 0 0 1 1 0 1 1 0 0 0 0 2 1 2 0 1 1 1 2 0 1 2 0 0 2 0 2 0 1 0 0 3 0 2 1 1 0 0 1 1 0 2 1 0 1 0 2 0 1 1 1 1 1 2 0 3 0 2 1 1 0 2 1 2 1 0 0 1 2 0 1 0 0 0 0 2 0 2 0 2 0 2 0 0 0 3 0 0 0 0 2 0 1 2 0 3 0 2 1 1 1 1 1 1 1 0 1 1 1 2 1 1 1 1 1 1 1 2 1 2 0 2 0 1 1 0 0 1 2 0 1 0 0 3 0 2 1 2 0 1 0 1 0 0 1 0 0 0 1 0 0 2 0 1 1 3 0 2 1 1 2 0 0 3 0 0 1 1 1 2 1 0 1 2 1 3 0 0 2 0 1 2 0 1
1 579 1 1 2 1 3 0 1 0 1 0 2 1 0 0 1 1 2 1 0 1 2 0 2 0 2 1 0 1 0 1 0 1 0 0 2 1 1 0 1 0 1 1 1 2 0 0 2 0 1 1 2 2 0 1 3 0 1 0 1 1 0 0 1 1 2 0 0 0 0 0 1 1 3 0 1 1 0 0 1 1 1 0 2 0 1 1 2 2 0 1 2 1 2 0 3 0 2 1 0 1 3 0 2 0 0 1 2 0 1 0 0 0 2 0 1 0 0 1 1 0 0 1 2 1 0 1 2 0 0 1 0 1 2 1 0 0 1 0 0 1 2 1 1 0 2 1 1 0 0 1 3 0 0 1 0 0 3 0 0 0 2 2 0 1 3 0 1 0 3 0 0 1 0 2 0 1 3 0 3 0 2 2 0 0 1 0 1 1 3 0 3 0 2 2 0 0 1 0 1 1 0 0 2 1 1 1 2 0 2 1 1 1 1 1 0 0 3 0 2 0 0 2 0 1 0 1 2 1 0 0 2 2 0 1 1 1 0 0 0 1 0 0 1 2 0 1 2 2 0 1 1 0 1 1 3 0 0 0 0 1 0 0 3 0 0 0 0 1 2 1 2 1 0 1 2 1 2 0 1 0 0 2 0 1 1 1 2 1 1 1 3 0 2 0 0 1 1 0 1 1 2 1 2 1 2 0 0 0 1 2 0 2 0 0 2 0 0 2 0 0 1 0 0 0 0 1 1 2 0 2 0 0 3 0 0 1 1 1 0 1 0 1 0 1 0 1 2 1 1 1 0 0 3 0 1 0 2 0 0 0 1 0 0 0 2 1 3 0 1 0 1 0 2 2 0 2 0 1 0 2 0 1 0 0 2 0 2 1 2 1 1 1 0 1 1 0 1 0 1 0 2 2 0 0 0 1 1 2 0 2 0 2 0 1 0 0 3 0 1 2 0 1 3 0 3 0 2 0 1 1 2 0 1 0 1 1 1 1 1 0 0 2 0 0 2 0 2 1 0 0 3 0 1 1 2 1 2 0 0 1 0 1 0 0 3 0 2 1 0 1 1 0 1 0 1 0 0 1 1 1 2 1 1 0 1 2 0 1 0 0 3 0 1 1 3 0 2 0 2 0 0 0 2 1 0 1 3 0 2 0 2 1 1 0 0 0 0 2 0 1 0 1 0 0 3 0 3 0 2 0 1 2 0 1 3 0 2 0 0 2 0 0 0 2 0 1 1 0 0 0 2 0 1 2 0 0 3 0 1 1 2 0 2 1 0 1 1 1 1 0 1 1 2 2 0 0 3 0 2
0 580 1 0 0 1 0 1 1 3 0 2 1 1 1 0 1 0 0 0 1 1 1 0 0 1 0 1 1 0 2 0 2 0 2 0 1 1 1 2 0 2 0 3 0 2 1 3 0 0 0 0 0 1 1 0 1 1 1 3 0 2 2 0 0 3 0 3 0 0 0 0 1 0 0 1 2 0 1 0 0 3 0 1 1 1 0 0 0 1 1 0 1 1 0 0 0 3 0 1 1 1 1 2 0 0 1 2 0 3 0 2 0 0 1 0 1 3 0 1 0 1 0 1 1 0 1 1 0 3 0 1 0 0 1 0 1 0 0 2 0 1 1 0 1 2 1 1 1 2 0 1 1 1 1 1 2 0 1 2 1 1 1 2 1 0 1 1 2 0 0 2 1 2 0 0 2 0 1 2 0 3 0 2 0 2 1 2 1 0 0 2 0 3 0 2 0 2 1 2 0 2 2 0 1 1 2 0 0 0 0 1 1 3 0 1 2 0 1 3 0 0 1 2 2 0 0 0 1 0 1 0 1 2 1 0 0 1 2 0 0 0 2 0 1 0 1 0 1 1 1 0 0 1 1 0 0 1 1 1 0 0 2 0 1 2 1 1 0 1 1 1 0 0 1 1 1 0 2 0 1 3 0 1 2 0 0 2 1 0 2 0 0 2 0 0 1 2 0 1 1 0 0 1 0 0 2 0 1 1 1 0 1 0 1 2 2 0 1 2 1 2 1 2 0 0 0 1 0 2 2 0 1 3 0 1 1 2 0 2 0 0 0 0 0 0 0 0 1 0 1 2 2 0 1 2 2 0 0 0 1 1 0 2 0 0 1 2 0 1 1 3 0 2 1 2 1 0 2 0 0 0 1 3 0 3 0 0 0 2 0 0 1 3 0 0 0 1 0 2 0 2 1 2 0 2 1 1 0 2 2 0 2 0 1 3 0 3 0 2 0 0 1 0 1 2 0 3 0 0 2 0 2 0 1 3 0 3 0 2 0 1 0 1 1 3 0 0 0 1 1 0 1 3 0 0 0 0 2 0 1 1 2 0 2 0 1 3 0 1 1 1 0 1 0 2 0 2 0 1 0 2 1 0 1 2 1 0 0 3 0 3 0 2 0 0 0 2 0 1 0 0 1 1 1 1 1 1 1 2 0 1 0 1 1 2 0 0 0 1 1 3 0 3 0 3 0 2 0 3 0 1 0 0 1 0 1 2 0 0 1 2 1 2 1 1 2 0 0 1 0 0 1 1 0 0 0 3 0 2 0 0 0 0 0 1 1 1 0 2 0 1 1 0 0 1 0 3 0 2 0 1
1 580 2 0 0 2 1 0 0 2 0 1 1 2 2 0 2 0 0 1 0 1 2 0 0 2 0 3 0 0 2 0 2 0 2 0 0 2 1 0 0 1 0 3 0 2 0 1 1 1 0 0 0 3 0 0 0 2 1 2 0 2 0 3 0 2 0 2 1 1 0 0 2 0 1 0 0 3 0 3 0 1 2 0 1 2 0 0 0 3 0 0 0 1 0 0 1 2 2 0 1 3 0 3 0 1 1 0 0 3 0 0 1 2 0 0 1 1 1 3 0 2 0 3 0 0 0 1 1 2 1 3 0 0 2 0 2 0 1 0 2 0 1 1 1 0 1 3 0 3 0 3 0 2 0 2 2 0 1 0 2 0 0 0 1 1 0 2 1 3 0 0 2 0 1 2 2 0 1 0 0 3 0 1 0 2 0 0 1 0 1 1 0 3 0 1 0 2 0 0 0 2 1 0 0 2 1 2 1 0 1 0 0 2 0 0 1 0 1 1 1 2 1 1 0 2 1 1 0 0 0 0 1 0 1 0 1 0 0 2 1 1 2 0 0 0 0 0 0 1 2 0 0 2 2 0 0 3 0 1 0 1 2 0 1 0 1 2 0 3 0 1 0 1 0 2 0 0 2 0 1 2 0 0 0 3 0 0 1 1 1 2 2 0 1 2 0 3 0 2 2 0 0 2 0 1 2 0 0 2 0 0 0 0 1 1 1 0 1 1 0 0 2 0 1 1 0 2 1 2 1 0 1 2 0 0 0 0 0 0 1 1 0 0 0 0 0 1 0 0 1 1 1 0 1 1 0 2 1 1 0 1 1 0 1 2 1 0 0 0 0 2 0 2 0 0 1 1 1 2 1 1 1 2 0 2 1 1 1 0 1 2 1 1 1 1 0 2 1 1 0 2 0 0 0 1 1 2 1 2 1 0 2 0 1 2 0 3 0 0 1 2 0 0 1 0 0 2 1 2 2 0 2 0 1 2 0 3 0 0 2 0 0 0 0 1 1 1 0 3 0 0 1 1 1 1 0 1 2 0 0 2 2 0 2 0 1 1 2 0 1 2 0 2 1 1 0 0 2 0 0 1 1 1 1 0 1 0 1 3 0 3 0 0 1 1 1 0 1 3 0 1 0 2 0 2 0 2 0 3 0 2 0 3 0 3 0 0 1 0 0 2 0 3 0 3 0 1 0 2 1 3 0 1 0 0 0 3 0 1 1 1 0 0 2 0 0 2 1 2 0 1 0 1 0 0 1 3 0 0 1 1 0 0 0 3 0 1 1 0 2 0 1 0 0 2 1 3 0 0 2 0
1 581 1 1 3 0 0 1 0 1 1 0 0 0 1 1 0 1 2 1 2 1 0 0 3 0 0 0 2 1 2 2 0 2 0 1 3 0 0 1 0 0 2 1 3 0 0 2 0 1 2 0 0 1 2 1 1 1 2 0 0 0 1 0 3 0 1 0 1 1 2 0 1 1 3 0 3 0 2 0 3 0 0 1 0 0 3 0 0 1 2 1 1 0 2 0 1 1 1 1 0 1 2 0 2 2 0 1 0 1 2 1 2 0 3 0 1 0 2 1 2 0 1 0 2 1 1 1 0 0 1 0 1 1 2 2 0 2 0 0 0 2 0 0 2 0 0 1 2 0 3 0 3 0 1 0 2 1 0 0 0 1 2 1 1 0 1 1 2 0 1 1 2 2 0 1 1 0 3 0 3 0 1 2 0 0 0 1 2 0 0 0 1 1 2 2 0 0 0 1 1 1 1 1 0 1 2 0 0 1 0 2 0 1 0 1 2 0 0 0 2 1 0 1 2 1 1 1 2 0 0 0 0 2 0 2 0 2 0 1 1 2 0 0 2 1 0 0 0 1 0 0 3 0 1 0 3 0 1 2 0 0 0 1 0 0 0 1 0 0 2 1 3 0 2 1 0 1 2 2 0 0 3 0 0 1 2 1 2 0 2 1 1 1 0 1 0 0 3 0 2 0 3 0 0 0 0 0 2 2 0 1 1 0 1 0 2 0 0 0 1 0 1 2 0 0 1 1 2 0 0 1 1 0 3 0 0 0 0 0 1 0 1 0 0 0 0 0 2 0 1 0 2 0 0 0 1 1 1 1 2 0 3 0 0 1 0 1 0 0 0 1 1 0 0 1 2 0 2 1 0 2 0 0 0 0 1 1 3 0 0 1 0 1 3 0 1 1 1 1 2 1 0 1 1 1 0 0 1 0 0 1 1 2 0 1 0 0 2 1 2 0 3 0 0 2 0 1 2 0 1 1 0 2 0 1 0 0 2 1 2 1 2 1 0 0 3 0 1 1 2 1 2 0 2 0 1 1 0 0 3 0 1 1 0 2 0 0 2 2 0 1 0 0 1 1 2 0 1 1 2 1 3 0 2 0 0 0 0 1 2 0 2 1 2 0 2 0 0 1 1 2 0 0 1 0 1 0 1 0 3 0 1 0 3 0 2 1 1 2 0 1 1 0 3 0 2 2 0 0 2 0 1 1 3 0 0 1 2 2 0 1 2 0 1 1 3 0 0 2 0 1 3 0 2 0 1 1 1 1 2 0 1 0 0 1 2 2 0 1 1 1 3 0 3 0 1 0 1 1 2 1 2
0 582 1 0 0 1 1 2 0 0 0 1 0 0 0 3 0 0 1 1 0 0 1 0 1 2 1 1 1 2 0 1 1 0 2 0 1 1 1 1 2 0 1 2 0 1 1 2 2 0 0 3 0 1 1 0 1 3 0 3 0 0 0 2 1 2 2 0 0 0 0 0 0 0 0 2 0 3 0 1 0 2 1 1 2 0 1 2 1 2 1 0 1 2 1 0 2 0 1 3 0 0 1 0 0 2 1 0 0 0 1 1 0 0 0 2 2 0 0 1 2 0 2 0 0 1 1 2 2 0 0 2 1 0 0 1 1 0 1 2 1 1 1 2 2 0 1 2 1 0 0 3 0 2 2 0 0 1 1 0 0 1 1 0 1 2 1 0 0 0 0 0 0 1 1 0 0 1 1 3 0 3 0 0 0 2 1 1 0 3 0 0 1 0 0 1 0 2 1 1 0 2 0 2 0 0 0 3 0 1 0 0 2 0 0 0 0 3 0 0 1 1 1 1 1 0 1 3 0 3 0 0 0 1 2 0 2 0 2 0 0 2 1 3 0 0 1 0 0 0 2 0 1 2 2 0 0 3 0 0 0 2 1 0 2 0 0 0 2 0 1 2 0 2 0 1 1 1 1 1 0 3 0 1 1 2 1 1 0 0 0 1 1 2 2 0 2 0 1 3 0 1 0 2 1 1 0 0 1 2 1 0 0 1 0 2 1 0 1 1 0 2 1 0 0 2 1 3 0 3 0 1 0 1 1 2 1 1 0 0 0 2 0 2 0 0 0 0 1 0 2 0 0 0 1 1 0 3 0 2 1 0 0 2 1 1 2 0 2 0 0 1 0 1 0 1 1 0 0 1 1 1 1 2 1 0 1 0 0 1 1 2 0 0 1 1 2 0 2 0 0 0 1 1 0 1 2 0 0 2 0 1 0 2 1 3 0 3 0 1 0 0 0 2 1 2 2 0 0 3 0 3 0 0 1 3 0 3 0 1 0 1 0 0 1 0 1 3 0 0 0 1 0 0 0 0 2 0 1 0 1 2 2 0 1 1 1 3 0 1 0 3 0 2 2 0 0 0 0 0 0 1 0 2 0 0 1 1 0 1 1 0 0 2 0 0 0 0 1 2 0 2 1 2 1 2 0 2 0 2 1 2 2 0 0 3 0 1 2 0 1 0 0 1 1 3 0 2 0 3 0 0 0 0 0 1 1 2 1 1 1 0 1 0 0 0 0 1 1 2 2 0 1 2 0 0 2 0 1 3 0 3 0 2 0 1 1 1 1 0 0 2 1 2 0 2 2 0 0 0 0 1 0 0
0 582 2 0 0 3 0 3 0 0 0 2 0 0 1 2 1 2 0 1 0 1 0 0 1 0 1 3 0 3 0 3 0 0 2 0 0 2 0 2 2 0 1 0 0 0 0 1 0 3 0 1 2 0 1 1 1 2 0 2 1 1 1 2 0 1 0 2 1 0 0 0 0 0 1 1 0 2 2 0 0 1 2 0 1 0 1 1 0 0 1 1 1 0 1 1 2 0 1 1 1 1 2 0 1 1 1 0 0 1 0 1 0 0 1 2 0 2 2 0 1 0 1 2 2 0 0 1 0 3 0 0 1 0 0 3 0 0 1 0 2 0 0 1 1 0 1 0 1 0 1 3 0 2 0 2 1 2 2 0 0 3 0 0 1 0 1 0 0 0 0 0 0 2 2 0 1 0 0 2 0 2 1 1 1 1 1 2 1 2 1 1 2 0 0 2 1 1 1 2 1 1 0 0 1 1 1 2 1 3 0 1 1 2 1 0 1 2 1 2 0 2 0 2 0 0 1 2 0 2 1 1 1 0 1 0 2 0 1 3 0 1 0 1 1 1 2 0 0 1 2 0 1 1 0 3 0 1 1 1 1 1 1 1 1 2 1 1 2 0 1 0 0 0 2 0 1 3 0 1 1 3 0 0 0 0 1 2 0 0 1 0 0 1 1 0 2 0 1 1 2 0 0 1 1 2 0 1 1 0 1 0 0 2 1 1 1 1 0 1 1 1 1 0 1 2 0 2 0 2 2 0 0 0 0 0 1 2 0 0 1 1 0 0 1 1 0 1 0 0 1 2 1 1 0 1 1 3 0 1 1 0 1 1 2 0 1 0 1 2 1 2 0 2 0 2 2 0 0 3 0 2 1 0 1 0 2 0 0 3 0 3 0 1 0 2 2 0 1 2 1 1 0 1 1 0 0 2 2 0 2 0 0 2 0 2 0 2 1 3 0 0 1 2 0 1 0 3 0 2 0 2 1 2 1 2 0 2 1 3 0 2 0 1 0 0 1 1 1 1 0 2 0 0 0 1 2 0 0 0 1 1 1 0 0 2 1 1 2 0 0 3 0 2 0 2 1 0 0 0 0 2 1 0 1 2 0 1 0 2 2 0 1 0 1 1 0 1 1 0 0 2 0 1 0 0 0 1 0 2 0 1 0 3 0 2 0 0 0 3 0 2 2 0 0 2 0 1 0 2 1 1 0 0 1 0 0 0 1 2 2 0 2 0 0 0 1 0 0 1 1 0 0 3 0 1 2 0 1 2 0 3 0 0 2 0 1 2 2 0 1 2 0 0 0 2 0 2 1 0 0 2 0 0
0 583 1 1 3 0 2 0 2 1 1 1 0 1 2 1 0 2 0 1 3 0 2 0 1 0 0 1 2 0 3 0 2 1 2 1 3 0 0 0 2 0 3 0 2 1 0 0 2 1 3 0 0 1 0 0 2 1 0 0 1 1 3 0 3 0 2 1 1 1 0 0 0 0 1 0 1 1 2 0 2 2 0 1 0 0 0 0 1 0 1 0 2 0 0 0 2 2 0 0 2 0 2 2 0 0 1 2 0 0 2 0 2 0 1 1 0 0 2 1 0 0 0 1 1 0 2 1 2 1 2 1 1 2 0 1 2 1 2 0 0 1 2 1 3 0 0 0 0 0 0 1 2 0 1 0 2 0 1 0 3 0 1 1 1 2 0 2 0 0 0 0 0 1 2 0 3 0 3 0 0 0 1 1 3 0 2 1 1 0 0 2 0 0 3 0 0 2 0 0 0 1 2 0 1 0 2 1 1 0 2 0 0 0 0 1 1 1 1 0 0 0 1 0 0 1 2 1 0 0 1 1 3 0 0 0 0 2 0 1 1 1 3 0 3 0 2 1 2 2 0 1 0 0 1 1 2 2 0 1 3 0 2 0 2 1 0 2 0 0 3 0 2 1 1 2 0 1 2 0 0 0 1 1 1 0 1 0 3 0 0 2 0 0 3 0 0 2 0 0 2 1 2 1 3 0 3 0 2 2 0 2 0 1 1 1 3 0 1 0 3 0 2 0 0 1 0 0 1 0 2 0 2 1 0 0 1 0 3 0 1 0 1 0 1 0 1 0 2 0 1 1 0 1 2 1 0 0 1 2 0 1 1 0 2 2 0 0 0 1 1 0 0 0 1 0 2 0 3 0 2 0 1 1 1 0 0 1 3 0 2 0 2 2 0 0 2 1 0 1 0 1 2 0 2 2 0 1 2 1 0 1 3 0 0 0 1 0 2 0 1 1 2 0 3 0 2 1 3 0 1 0 2 0 1 0 0 0 2 0 2 0 0 1 3 0 1 0 2 0 1 1 0 1 1 1 0 0 2 1 1 0 1 2 0 1 1 2 0 0 3 0 2 0 1 0 1 1 0 0 0 1 1 1 1 0 3 0 2 1 2 1 0 0 0 0 1 0 2 2 0 1 0 1 3 0 0 0 2 1 0 2 0 0 3 0 0 1 1 1 3 0 2 0 2 2 0 2 0 0 1 1 2 0 0 2 0 0 1 1 1 1 0 1 2 1 0 2 0 0 2 2 0 1 3 0 0 1 0 1 0 0 2 1 2 2 0 1 1 1 0 0 3 0 0 1 1 0 1 1 0 1 0 1 1
0 584 1 0 0 2 0 1 0 1 1 3 0 0 1 0 1 1 2 0 1 2 0 0 1 3 0 1 1 0 0 3 0 2 0 1 0 1 1 1 1 1 0 3 0 1 1 0 1 2 0 1 1 1 2 0 1 1 1 0 1 0 0 2 0 3 0 1 1 2 2 0 0 0 0 2 1 0 0 0 0 2 0 3 0 2 1 0 0 2 0 2 1 0 1 1 1 2 0 3 0 0 0 2 0 2 2 0 0 3 0 0 0 0 2 0 1 0 1 1 1 0 0 1 0 1 1 2 0 1 0 0 2 0 1 0 1 0 2 0 1 2 1 1 0 1 1 1 0 0 0 1 0 3 0 2 1 0 2 0 0 2 2 0 2 0 1 0 1 2 1 0 0 1 1 0 0 3 0 2 1 1 1 0 0 2 0 1 1 2 0 1 1 3 0 1 1 2 1 2 1 1 0 3 0 2 1 1 1 2 1 0 1 1 0 1 0 2 0 1 0 0 0 2 0 1 1 0 1 0 1 0 0 1 1 1 0 1 2 0 0 2 1 2 0 3 0 2 0 1 0 3 0 2 2 0 0 1 1 0 1 2 0 1 0 1 1 1 1 3 0 2 0 1 2 0 1 0 0 3 0 0 0 3 0 1 0 2 1 2 1 2 1 3 0 1 1 2 1 3 0 1 0 1 0 2 0 3 0 2 1 0 2 0 0 2 1 1 2 0 0 3 0 0 1 1 2 0 0 2 1 1 0 1 1 0 0 2 1 2 1 3 0 2 0 2 0 2 1 0 2 0 1 1 1 0 1 0 1 0 1 0 0 1 1 2 0 2 1 1 0 1 0 0 0 2 1 1 0 3 0 0 2 0 1 2 0 1 1 2 0 1 0 2 0 3 0 0 1 1 0 0 1 0 0 2 1 0 1 0 1 1 1 1 1 1 0 2 1 1 0 0 0 0 0 3 0 2 0 1 2 0 0 0 1 3 0 0 1 1 0 0 1 2 1 1 2 0 0 0 2 0 1 1 0 1 2 0 1 1 1 2 1 0 1 0 0 2 1 3 0 2 0 0 1 3 0 2 2 0 0 1 0 2 0 1 1 3 0 2 0 0 1 0 0 0 0 2 1 2 1 0 0 0 1 1 1 1 1 1 1 1 1 3 0 1 1 2 0 2 1 2 0 1 0 2 1 0 1 2 1 3 0 3 0 1 1 2 1 3 0 2 0 0 1 0 1 1 1 3 0 1 1 0 1 1 1 1 2 0 2 0 1 2 0 1 1 0 0 1 2 0 1 2 1 2 0 1 0 3 0 0 0 0 0 1
1 584 2 0 1 0 2 0 0 0 0 1 1 2 0 0 0 2 2 0 0 3 0 1 1 1 2 0 1 0 1 3 0 0 1 3 0 3 0 2 0 1 1 2 2 0 1 1 0 3 0 3 0 2 2 0 0 1 2 0 2 0 1 1 0 3 0 0 0 1 0 2 1 0 1 1 1 0 0 0 1 1 0 3 0 1 1 0 1 1 0 1 1 1 0 2 1 0 0 2 1 1 1 1 0 2 0 3 0 1 1 1 0 1 2 0 0 0 0 1 2 0 0 2 0 3 0 3 0 2 0 1 2 0 0 0 0 0 2 0 1 0 1 2 0 3 0 1 0 0 0 2 1 3 0 1 1 1 1 3 0 1 1 0 2 0 0 0 1 0 1 0 0 2 2 0 1 3 0 1 1 2 2 0 1 1 0 0 0 0 0 0 0 2 0 0 0 1 0 0 1 2 1 3 0 1 2 0 0 0 1 1 0 1 0 2 1 0 1 3 0 0 1 0 2 0 1 0 2 0 2 0 0 3 0 1 1 0 0 3 0 1 0 0 0 3 0 0 2 0 0 3 0 2 0 2 1 3 0 0 0 3 0 2 0 3 0 2 1 2 0 1 0 0 0 3 0 3 0 1 1 1 1 2 2 0 0 2 0 1 0 1 0 2 0 0 0 1 0 1 1 3 0 2 1 1 0 3 0 1 1 1 1 3 0 0 2 0 0 3 0 1 1 2 0 2 1 3 0 0 1 2 0 2 2 0 1 2 0 1 0 2 0 1 0 1 0 1 1 1 2 0 0 1 2 0 2 0 2 0 2 0 1 0 0 0 0 1 1 2 0 2 0 0 1 1 1 2 1 2 1 2 2 0 0 3 0 3 0 3 0 2 1 1 0 2 1 2 0 1 0 0 2 0 1 1 1 1 0 0 0 2 0 2 0 1 1 1 1 2 0 0 0 0 1 3 0 1 0 0 0 2 1 1 1 1 1 2 0 1 0 1 1 0 2 0 0 2 1 1 2 0 0 1 1 0 1 0 0 2 1 0 1 0 2 0 1 2 0 2 0 0 1 2 1 2 0 2 0 2 1 2 1 1 0 0 0 2 0 0 1 1 2 0 0 0 1 2 0 0 1 0 0 1 0 2 0 2 0 2 0 2 1 2 0 0 0 0 0 1 2 0 2 0 0 1 1 1 1 1 0 2 0 3 0 0 0 1 0 2 0 0 1 2 0 0 0 2 1 1 2 0 1 1 0 2 0 2 2 0 2 0 0 3 0 2 2 0 1 0 1 0 1 0 2 0 2 0 0 2 1 1 0 0 0 2
0 585 1 2 0 0 0 1 2 1 0 0 3 0 3 0 0 1 2 0 3 0 1 2 0 2 0 1 0 0 0 1 1 1 2 1 2 0 3 0 1 0 0 0 1 1 0 0 1 1 3 0 3 0 2 0 2 2 0 1 0 2 0 0 1 1 2 1 1 0 2 1 1 1 1 0 1 2 0 0 1 0 1 1 2 2 0 1 1 0 1 0 3 0 1 1 1 1 0 1 1 1 3 0 1 1 1 0 2 2 0 1 2 1 0 0 2 1 0 1 0 0 3 0 0 0 3 0 3 0 1 0 0 0 2 1 0 0 1 2 0 0 0 1 0 0 2 1 3 0 0 1 2 0 1 2 0 2 0 0 1 2 0 1 1 1 2 1 0 2 0 2 0 1 2 1 0 1 2 0 0 0 1 1 0 0 1 0 0 0 0 0 0 1 0 1 1 0 2 0 1 1 1 0 2 0 0 0 2 1 1 0 1 0 2 1 1 1 1 1 1 1 2 0 0 2 0 0 0 2 0 1 3 0 1 2 0 1 0 1 2 1 3 0 0 1 2 1 2 1 3 0 2 0 1 0 2 0 1 1 1 1 3 0 1 0 3 0 1 2 0 1 3 0 0 1 3 0 2 2 0 2 0 0 1 0 2 2 0 1 3 0 2 1 0 1 1 0 2 1 0 0 2 0 1 1 2 1 2 2 0 2 0 0 1 1 2 1 3 0 2 0 0 0 0 0 2 0 1 1 2 1 0 0 2 1 0 0 3 0 2 1 0 1 3 0 2 0 3 0 2 1 2 2 0 1 0 2 0 2 0 1 3 0 2 1 0 1 0 0 0 0 0 1 2 0 2 1 1 0 1 0 1 0 3 0 2 0 3 0 3 0 1 1 2 1 1 2 0 1 3 0 1 2 0 0 2 0 1 0 0 1 1 0 0 2 0 1 3 0 3 0 0 0 1 1 1 1 3 0 0 1 1 1 3 0 2 0 3 0 2 0 3 0 0 1 3 0 0 2 0 0 2 1 2 2 0 2 0 1 1 1 1 0 0 2 0 1 0 0 0 1 2 1 1 0 0 0 1 0 2 0 0 1 2 0 0 1 0 1 2 0 2 1 2 1 1 0 3 0 0 2 0 0 2 1 1 0 1 0 1 0 1 2 0 1 1 0 0 1 0 1 0 1 2 1 3 0 2 0 1 1 1 0 2 1 1 0 2 1 0 1 2 0 3 0 0 1 1 2 0 1 0 0 1 1 1 0 2 1 0 1 3 0 2 0 2 1 0 0 0 0 0 0 0 2 0 1 3 0 0 1 2 0 0 1 1
0 586 1 0 0 2 1 1 1 0 1 0 1 3 0 2 1 2 1 0 0 3 0 0 1 0 1 3 0 2 1 1 0 2 1 1 0 0 0 2 1 3 0 0 0 2 2 0 1 0 0 2 0 3 0 1 0 2 1 0 0 0 1 2 2 0 0 0 1 2 1 1 1 3 0 1 1 0 0 2 1 2 1 0 0 1 1 0 0 1 0 2 1 2 2 0 1 3 0 0 0 2 1 1 2 0 1 2 1 2 1 0 1 0 1 0 1 1 1 0 2 0 1 2 1 1 1 3 0 2 1 3 0 0 1 1 1 0 1 0 0 2 1 0 2 0 1 2 0 1 1 2 1 0 0 0 1 0 1 2 2 0 1 0 0 2 1 0 1 1 2 0 2 0 1 0 1 1 0 3 0 0 0 2 2 0 0 2 0 0 0 0 0 1 0 0 0 1 1 0 2 0 1 2 1 0 1 1 1 1 1 2 0 2 1 1 1 3 0 2 0 2 0 3 0 1 1 2 1 1 2 0 1 2 0 0 1 0 0 0 1 1 0 1 1 2 1 1 0 1 0 2 0 0 2 0 0 0 2 0 2 0 0 1 2 0 0 3 0 0 1 0 1 1 1 2 1 2 0 2 1 0 1 2 1 2 1 2 1 0 1 2 0 1 1 1 0 1 1 1 1 0 1 1 0 0 0 1 0 1 1 0 1 2 2 0 0 1 0 2 0 0 1 1 0 0 1 1 0 0 0 0 1 0 1 1 1 0 1 3 0 1 1 1 1 2 0 1 0 3 0 2 0 1 1 0 0 0 2 0 2 0 1 2 0 1 1 0 2 0 0 0 0 1 1 0 0 1 1 2 0 2 0 2 1 3 0 1 0 3 0 3 0 0 0 0 2 0 1 0 1 2 0 0 0 2 2 0 1 3 0 1 0 1 0 1 2 0 1 2 0 2 1 1 0 3 0 2 1 1 1 2 0 2 1 2 0 1 0 3 0 1 0 2 1 2 1 1 1 2 1 3 0 1 0 1 1 0 2 0 0 2 0 1 0 1 1 3 0 2 1 1 1 0 1 2 0 0 0 2 1 0 1 2 0 3 0 1 0 0 1 0 0 2 0 0 1 2 1 2 1 2 1 3 0 0 1 2 0 2 0 2 1 0 1 0 0 1 0 1 0 0 0 0 1 1 0 2 0 0 2 0 1 2 1 1 1 2 1 1 1 1 1 0 0 2 1 2 0 2 1 3 0 2 1 3 0 1 1 1 1 1 1 2 0 1 0 1 1 0 0 0 0 0 0 1 2 0 1 1 1 2 0 3 0 1 0 1
1 586 2 0 1 1 1 3 0 0 0 0 1 2 0 2 0 0 1 0 1 2 1 2 0 0 1 2 0 1 1 2 1 1 1 2 0 0 1 2 0 1 1 1 1 2 0 3 0 3 0 0 0 2 2 0 0 1 1 0 0 1 1 1 0 2 1 1 1 0 2 0 0 1 2 0 1 0 1 2 0 0 1 0 0 2 2 0 0 2 1 2 0 1 1 0 1 1 1 1 1 1 2 0 1 0 1 1 0 0 1 1 0 0 0 0 0 2 0 0 2 0 1 0 2 0 0 2 0 2 0 1 1 2 0 1 2 0 2 0 1 1 1 1 2 0 1 0 0 0 0 0 1 0 0 1 0 0 1 1 0 3 0 3 0 0 1 1 0 2 2 0 2 0 0 0 0 1 1 2 1 1 1 2 0 2 2 0 1 1 0 0 0 2 0 0 0 3 0 0 2 0 1 0 1 1 0 2 0 2 1 0 0 1 2 0 0 2 0 1 0 1 0 3 0 0 0 0 2 0 1 0 0 3 0 0 2 0 0 1 0 1 1 0 0 0 1 2 0 2 1 0 1 2 1 2 1 1 2 0 1 2 2 0 0 3 0 1 1 2 0 0 0 2 1 1 0 0 0 1 1 1 1 1 0 1 0 0 1 1 0 3 0 3 0 1 0 3 0 2 0 0 0 1 0 0 0 2 0 3 0 0 1 1 0 2 1 2 1 0 1 2 0 1 0 1 0 1 0 0 0 1 0 0 0 2 0 0 1 1 2 0 1 3 0 3 0 2 1 3 0 0 2 0 1 0 0 1 2 0 2 0 0 3 0 3 0 0 1 2 1 0 0 2 2 0 1 0 0 0 0 1 0 2 0 1 2 0 0 3 0 2 1 1 0 1 2 0 0 0 0 3 0 0 1 2 1 0 1 1 1 3 0 2 1 0 1 0 1 0 0 1 1 2 1 3 0 1 2 0 0 0 0 1 2 0 2 0 0 2 2 0 0 2 0 0 2 0 0 1 0 1 1 3 0 3 0 0 1 2 2 0 2 0 0 0 0 2 0 1 1 3 0 0 0 3 0 0 1 1 1 1 1 0 0 2 1 3 0 0 2 0 1 0 1 2 1 1 0 1 0 1 0 1 1 2 1 0 0 1 0 1 1 0 2 0 0 2 0 2 0 0 0 1 0 1 1 0 1 2 2 0 1 0 2 0 0 0 1 3 0 1 2 0 1 2 0 0 0 2 0 2 0 2 0 1 2 0 1 3 0 2 0 3 0 2 0 2 2 0 0 0 0 0 1 0 1 0 0 2 1 0 0 2 1 3 0 2
0 587 1 2 0 0 2 1 1 1 1 0 1 1 0 0 0 1 2 0 0 1 0 2 0 1 2 1 0 0 0 0 0 1 3 0 3 0 1 0 3 0 3 0 2 1 0 0 3 0 2 1 1 1 2 0 2 1 2 2 0 0 3 0 1 1 1 1 3 0 0 1 2 2 0 1 0 0 0 0 3 0 0 2 0 1 2 0 3 0 0 2 0 2 0 1 1 0 2 0 2 0 2 2 0 0 0 0 1 0 1 0 1 0 0 0 0 1 0 1 2 2 0 0 0 1 3 0 0 0 1 0 0 0 0 0 0 1 0 2 0 0 2 0 2 1 3 0 2 1 0 0 0 2 0 0 2 0 1 0 1 1 3 0 2 1 2 0 1 1 2 1 0 1 2 1 0 1 0 0 0 2 0 0 0 0 2 1 0 0 1 0 0 1 0 1 1 1 2 1 2 2 0 0 0 0 1 1 1 0 1 1 0 1 0 0 2 2 0 1 3 0 2 1 2 1 1 0 1 1 3 0 3 0 1 1 2 1 2 1 2 0 2 2 0 0 1 1 0 0 1 1 1 1 1 0 0 2 0 1 0 1 1 0 3 0 1 2 0 2 0 1 1 1 1 1 2 0 0 0 3 0 2 0 1 0 2 0 1 0 1 1 3 0 2 2 0 0 3 0 0 1 1 0 2 0 0 1 1 0 2 1 2 0 1 1 2 0 0 1 1 0 3 0 2 0 2 0 2 0 0 0 2 0 0 1 0 1 2 0 2 2 0 1 2 0 3 0 2 0 1 1 2 1 3 0 2 2 0 1 0 1 3 0 2 0 2 1 2 1 0 1 0 1 2 0 3 0 2 1 0 0 2 1 1 0 0 0 3 0 2 0 1 1 2 1 0 0 2 1 0 1 2 1 2 1 0 1 1 0 2 1 2 0 1 1 0 2 0 2 0 1 0 0 1 0 2 0 0 0 2 1 0 1 0 1 0 1 3 0 1 0 2 2 0 1 2 1 2 1 2 1 0 0 2 0 2 1 2 1 1 1 0 1 2 1 0 1 1 0 0 0 1 1 1 1 2 1 2 0 2 0 1 2 0 1 2 0 1 1 2 2 0 0 0 1 0 1 2 0 2 0 2 1 0 0 0 1 0 0 2 0 3 0 0 1 3 0 0 0 0 1 1 0 2 0 3 0 0 1 1 1 0 0 0 1 2 1 1 1 2 0 0 1 0 0 3 0 0 1 1 0 1 0 1 0 0 1 0 1 2 0 1 0 3 0 1 0 2 0 2 1 0 0 0 2 0 2 0 1 1 1 0 1 2 0 2 0 1
1 588 1 0 0 3 0 0 1 3 0 1 0 2 2 0 0 1 0 3 0 1 0 0 2 0 1 0 1 0 0 0 0 1 1 2 0 2 2 0 0 3 0 3 0 1 1 0 1 3 0 1 2 0 0 0 0 2 0 1 0 3 0 1 2 0 2 0 0 1 1 2 1 1 0 3 0 2 1 0 1 2 1 2 2 0 1 0 0 2 1 2 2 0 2 0 0 1 1 1 0 1 0 2 0 2 1 0 0 2 0 2 0 2 0 0 0 1 0 0 1 1 0 2 1 1 1 1 1 1 0 2 0 0 0 0 0 1 0 0 1 3 0 0 0 2 0 2 0 1 1 0 0 1 1 2 2 0 2 0 0 0 0 2 0 2 0 0 0 0 0 0 1 1 1 0 1 0 2 0 0 1 1 2 1 0 1 1 1 0 0 2 0 1 0 0 0 2 1 1 0 1 0 2 1 0 0 3 0 1 0 2 2 0 2 0 1 2 1 0 1 2 0 2 0 0 1 2 1 0 0 2 0 3 0 0 0 1 0 1 0 0 0 2 0 2 1 2 2 0 0 3 0 2 0 1 0 1 2 0 0 0 0 1 1 3 0 0 1 0 2 0 0 2 0 2 0 3 0 0 1 3 0 0 2 0 0 0 2 0 0 0 0 2 0 2 0 3 0 1 1 2 0 1 1 0 1 2 0 1 1 1 2 0 2 0 2 0 1 2 0 1 1 3 0 1 0 1 0 0 1 1 1 0 1 2 0 0 1 0 0 2 1 0 1 0 0 3 0 1 0 0 0 1 0 2 0 2 1 0 0 0 1 2 0 1 0 2 0 0 1 1 0 0 1 0 0 3 0 1 1 0 1 1 1 2 0 0 1 3 0 1 0 0 0 0 1 0 1 1 1 1 1 1 0 0 1 1 0 1 1 1 2 0 2 0 1 1 2 0 1 3 0 2 1 2 1 0 1 1 1 1 1 1 0 0 0 0 1 1 2 0 0 2 1 0 1 1 0 1 0 0 1 0 1 1 0 2 0 0 1 3 0 0 1 0 1 1 0 1 0 0 0 3 0 2 1 1 0 0 0 1 0 0 1 0 1 0 0 0 0 1 0 2 1 1 0 0 1 0 0 1 0 1 1 0 0 0 2 0 1 1 0 2 1 2 1 1 1 1 0 1 0 1 1 1 0 2 1 2 0 1 2 0 0 1 1 0 1 3 0 3 0 0 2 0 1 2 1 2 0 1 0 2 0 2 0 1 0 0 0 3 0 2 1 2 2 0 0 1 0 1 1 0 0 1 2 0 2 0 0 2 0 0 1 0 0 0 2 0
0 588 2 0 1 2 1 2 1 1 2 0 0 2 0 2 1 2 1 2 1 3 0 1 1 3 0 3 0 2 1 0 1 0 0 0 0 2 0 3 0 2 0 2 2 0 1 1 1 2 0 0 0 2 1 0 1 0 2 0 0 3 0 0 1 0 1 2 2 0 0 0 1 2 1 3 0 1 1 1 1 1 0 1 0 3 0 3 0 1 0 1 1 0 1 2 1 3 0 1 0 2 1 1 0 1 1 0 1 1 0 1 0 0 1 1 0 2 0 1 0 1 1 1 1 3 0 2 0 1 1 0 1 1 0 0 0 2 0 1 1 1 1 1 1 1 0 0 2 0 1 0 1 0 0 1 1 0 1 2 1 0 1 1 0 0 1 1 0 0 0 1 0 2 0 0 0 0 1 2 2 0 0 0 1 1 0 1 2 0 1 0 1 3 0 0 1 1 1 2 0 2 1 1 1 0 1 2 2 0 0 2 1 0 2 0 1 0 1 1 1 0 0 0 1 2 1 0 1 0 1 1 0 2 1 1 0 2 0 2 0 0 1 1 0 2 0 1 0 3 0 2 0 0 2 0 0 0 0 2 1 0 1 0 0 1 1 2 0 0 1 3 0 0 0 1 0 2 1 2 1 1 1 2 1 2 1 1 1 2 1 0 1 1 0 1 0 2 2 0 2 0 2 0 1 1 0 3 0 3 0 2 2 0 2 0 2 0 1 0 0 0 0 1 1 3 0 2 0 1 0 2 0 0 0 3 0 0 2 0 1 1 1 0 2 0 1 2 1 3 0 0 0 2 1 1 0 1 1 0 0 1 0 3 0 2 1 0 1 2 0 1 0 0 2 0 1 2 2 0 1 1 0 2 0 3 0 1 1 1 1 3 0 0 0 1 0 0 0 2 0 2 0 1 0 1 0 1 0 3 0 2 2 0 2 0 0 2 2 0 1 2 0 2 0 0 1 1 0 2 0 2 0 1 0 0 0 1 0 2 1 3 0 0 1 1 0 1 0 2 0 1 0 0 0 1 1 0 1 2 1 1 1 2 0 0 0 1 0 2 0 0 1 3 0 1 1 2 0 0 0 2 0 0 2 0 2 0 0 0 0 2 1 1 1 2 0 0 2 0 0 2 0 2 2 0 0 1 2 0 0 1 1 2 0 0 1 3 0 1 0 2 0 3 0 1 1 2 0 0 0 0 0 2 1 3 0 0 1 2 0 2 1 2 2 0 1 0 2 0 2 0 0 1 0 0 1 3 0 0 1 3 0 2 0 1 0 2 1 2 0 2 2 0 1 0 1 0 1 2 2 0 1 1 2 0 0 1 1 2
1 589 1 2 0 1 1 0 0 2 0 0 3 0 0 0 2 0 1 0 1 0 2 0 0 0 2 0 3 0 1 1 0 2 0 0 0 1 1 0 3 0 1 0 2 1 0 0 2 0 3 0 0 1 1 1 1 0 0 1 3 0 1 1 2 0 0 1 1 0 2 1 1 1 1 0 1 2 0 1 3 0 1 0 2 1 3 0 2 1 3 0 3 0 0 1 1 0 1 2 0 0 1 1 2 0 3 0 0 0 1 0 2 0 1 0 1 1 0 1 3 0 3 0 2 1 2 0 0 2 0 1 1 0 1 0 0 1 0 2 0 1 3 0 2 0 1 0 1 1 3 0 3 0 2 1 3 0 0 1 0 1 1 0 1 0 1 0 1 0 0 0 2 1 0 1 1 0 1 1 1 0 2 1 1 0 1 1 0 1 0 0 0 1 1 1 2 0 2 1 0 0 1 1 3 0 0 1 1 0 3 0 0 1 1 2 0 0 0 0 1 2 0 0 1 1 0 1 1 0 0 0 1 1 1 1 2 1 1 0 0 1 2 0 1 1 0 2 0 0 3 0 0 1 2 1 2 1 0 1 1 1 0 2 0 0 3 0 3 0 1 1 1 1 1 0 2 1 2 0 0 2 0 0 1 0 0 2 0 0 0 1 1 0 1 0 2 1 2 1 0 2 0 2 0 0 1 1 3 0 3 0 2 1 0 2 0 1 3 0 2 1 0 1 0 0 2 0 0 2 0 0 0 1 1 1 2 1 2 2 0 0 2 0 0 2 0 1 1 0 1 1 1 1 1 1 2 0 2 2 0 0 2 1 3 0 1 1 1 0 3 0 2 0 1 2 0 1 1 1 0 0 1 1 1 0 2 2 0 2 0 0 1 1 1 0 2 0 0 1 1 0 0 1 3 0 2 0 2 1 3 0 2 1 0 1 3 0 1 1 0 1 0 0 0 1 2 0 1 1 1 0 0 1 3 0 0 0 2 1 2 0 1 1 2 0 1 0 2 1 0 1 3 0 0 0 3 0 0 1 0 1 3 0 3 0 0 0 2 1 0 1 2 1 1 2 0 2 0 1 1 1 0 1 2 2 0 1 2 1 0 1 1 1 3 0 3 0 1 1 3 0 0 0 2 0 2 2 0 0 2 1 3 0 3 0 1 1 1 2 0 0 1 0 2 2 0 2 0 1 1 0 0 1 2 0 1 1 2 1 0 0 2 0 1 1 0 0 0 2 0 1 2 1 2 0 1 1 1 1 2 1 2 0 0 2 0 0 2 0 0 0 2 1 0 0 0 0 0 1 1 1 0 0 2 1 2 2 0 0 0
1 590 1 0 1 0 0 1 0 1 1 3 0 1 1 1 1 0 1 3 0 2 1 0 1 1 1 1 0 2 2 0 1 1 1 2 1 1 0 1 1 2 2 0 0 1 1 0 1 1 0 2 1 2 0 2 0 1 0 1 1 1 2 0 2 0 1 2 0 1 1 1 1 3 0 1 1 0 1 0 1 1 2 0 0 2 0 2 0 2 0 2 0 2 1 2 0 1 1 0 0 2 2 0 0 0 0 2 1 1 0 2 1 0 1 3 0 3 0 0 1 2 0 3 0 1 2 0 1 2 2 0 0 1 0 2 0 1 0 0 2 0 1 2 0 0 2 0 0 0 0 2 0 3 0 2 0 1 1 2 0 0 0 1 0 2 0 2 0 2 0 0 1 1 1 1 0 1 0 3 0 1 1 1 1 2 0 2 2 0 2 0 0 1 0 2 1 0 0 1 1 0 1 0 0 1 1 2 0 1 1 2 1 2 0 2 1 2 1 0 1 0 0 2 1 3 0 0 0 1 0 0 0 3 0 2 1 0 1 2 0 1 0 3 0 3 0 0 1 3 0 1 1 2 1 1 0 0 1 1 0 2 0 0 1 3 0 2 0 2 2 0 1 3 0 1 1 1 2 0 1 2 1 2 1 2 0 1 1 2 1 1 0 1 0 2 1 2 0 0 1 1 2 0 1 2 2 0 0 2 0 3 0 1 1 1 2 0 1 2 0 1 1 0 2 0 1 0 1 2 1 2 1 1 0 2 1 1 0 1 0 2 2 0 1 2 2 0 0 1 0 3 0 2 0 2 1 0 0 2 0 3 0 1 0 1 2 0 1 2 1 3 0 1 0 0 1 0 0 1 2 0 0 3 0 1 1 2 1 0 1 2 1 3 0 1 1 0 1 2 0 1 0 1 1 2 0 1 0 2 0 2 0 1 1 1 1 1 2 0 1 0 2 0 0 1 0 3 0 3 0 1 0 1 1 1 1 1 1 1 2 0 2 0 2 0 2 0 0 1 1 1 1 1 1 1 1 2 1 2 0 0 1 2 0 2 1 1 1 1 1 1 1 0 2 0 1 0 2 0 0 2 0 0 1 1 1 0 1 0 1 1 0 2 1 2 0 3 0 0 0 1 1 1 1 1 0 2 0 3 0 1 0 2 0 2 2 0 2 0 0 2 1 2 1 2 1 0 2 0 0 1 0 1 1 0 0 0 0 0 1 0 1 0 2 0 1 0 0 1 2 0 1 0 2 0 2 0 2 0 0 0 2 0 1 2 1 2 2 0 1 1 1 1 1 0 0 0 0 1 0 1 2 0 1 2 0 1 0 2 1 0
1 590 2 0 2 0 0 2 1 0 0 1 2 0 1 3 0 0 1 2 0 1 1 1 0 2 0 1 1 2 1 0 0 2 1 0 1 2 1 0 0 1 0 2 1 3 0 0 0 1 1 2 0 0 0 0 1 3 0 3 0 2 2 0 2 0 0 3 0 3 0 2 1 1 2 0 1 1 0 0 0 2 1 3 0 0 0 1 0 1 0 1 0 1 2 0 2 0 1 0 1 2 0 2 1 0 1 1 1 2 1 1 1 1 1 2 0 2 1 2 1 0 0 3 0 0 1 0 1 1 0 2 1 2 1 0 1 3 0 1 2 0 0 3 0 1 1 2 1 0 1 1 0 3 0 0 2 0 2 0 1 1 0 2 1 1 0 1 0 0 1 2 0 2 0 1 0 2 1 2 2 0 2 0 0 0 0 2 1 0 1 2 1 2 1 1 1 0 0 2 2 0 2 0 1 0 0 0 0 0 0 1 0 0 0 2 0 0 1 0 2 0 1 2 0 1 1 1 0 2 0 0 1 3 0 1 1 1 0 3 0 2 1 3 0 2 1 2 1 2 0 0 0 0 1 2 0 1 0 1 1 0 1 2 1 2 0 1 0 2 1 0 1 1 2 0 2 0 1 0 1 1 0 1 0 0 0 0 0 0 1 2 0 2 1 1 2 0 1 2 0 2 2 0 1 1 0 3 0 0 0 2 2 0 2 0 1 0 0 3 0 3 0 0 2 0 0 0 1 1 0 0 1 2 1 1 1 2 0 2 1 2 1 0 1 1 0 2 1 2 1 3 0 1 0 1 1 0 1 1 0 2 2 0 0 0 1 0 1 1 0 1 1 3 0 0 2 0 1 0 0 3 0 2 0 0 0 0 1 1 1 1 0 1 2 0 1 1 0 3 0 2 0 3 0 3 0 2 1 1 0 0 2 0 1 3 0 2 2 0 0 0 1 2 1 2 1 3 0 2 1 3 0 3 0 2 0 2 0 2 2 0 2 0 2 0 1 2 1 3 0 2 0 2 0 2 1 0 2 0 1 2 1 0 0 1 1 3 0 2 0 2 0 0 2 0 0 0 1 2 2 0 1 2 0 2 0 0 0 0 0 1 1 2 0 0 0 2 1 1 0 3 0 2 0 1 1 1 0 2 2 0 0 1 0 2 1 0 1 3 0 1 0 1 0 0 1 1 1 2 1 2 0 2 2 0 0 0 0 1 0 0 0 0 1 3 0 2 2 0 1 0 0 0 2 0 2 0 1 2 1 1 2 0 1 1 0 1 1 0 0 2 0 1 2 0 0 0 0 2 1 0 1 0 0 3 0 2 1 1 1 0
1 591 1 2 0 1 3 0 0 1 0 1 0 1 0 1 1 1 2 0 3 0 3 0 1 1 1 0 0 0 0 1 0 1 1 1 1 1 0 1 0 0 2 1 2 0 1 1 1 0 3 0 3 0 0 0 1 1 2 0 3 0 2 1 0 1 3 0 2 0 3 0 1 2 0 1 0 0 1 0 0 1 2 0 1 1 1 0 2 0 2 0 2 1 0 1 0 2 0 0 0 1 0 0 1 1 1 0 2 1 0 1 3 0 2 1 0 0 2 0 0 1 0 1 2 1 2 0 0 0 1 1 2 0 0 1 1 1 2 0 0 0 3 0 2 0 0 0 0 1 1 0 1 1 2 1 2 2 0 2 0 0 1 1 1 1 2 0 2 0 1 1 0 0 0 2 0 0 2 0 1 1 0 1 2 1 0 1 1 1 1 1 1 0 0 1 2 2 0 1 2 1 0 1 3 0 2 1 0 0 0 0 2 0 0 1 0 1 2 0 0 2 0 0 3 0 3 0 1 1 0 1 2 1 1 2 0 1 2 1 3 0 2 0 2 0 2 0 0 2 0 1 1 0 1 0 3 0 2 0 3 0 0 1 0 2 0 2 0 0 1 1 1 0 2 2 0 2 0 0 0 0 1 0 2 0 0 0 0 0 1 1 0 0 1 2 0 1 0 1 0 0 2 1 0 0 1 1 2 1 1 1 2 1 0 1 3 0 3 0 2 0 2 1 2 1 2 1 1 0 1 0 1 1 0 2 0 0 0 0 2 0 0 1 1 0 1 1 2 0 1 0 1 1 3 0 3 0 0 0 1 1 2 0 2 1 1 0 0 0 1 1 0 0 1 1 2 1 3 0 3 0 2 0 0 1 1 0 1 0 2 0 1 1 0 1 0 0 1 1 3 0 1 0 3 0 3 0 1 1 2 0 1 2 0 1 2 0 2 0 2 1 1 1 1 0 1 0 2 0 2 0 2 0 3 0 1 0 1 0 2 1 0 2 0 2 0 1 1 0 2 0 1 0 1 0 1 1 1 2 0 1 0 1 0 1 0 0 2 0 1 0 0 1 2 1 2 1 1 1 1 1 0 1 0 0 0 1 1 0 0 0 3 0 3 0 0 1 1 1 2 1 3 0 0 2 0 1 2 1 2 0 2 1 2 1 1 1 1 1 1 1 3 0 2 0 1 0 2 1 1 0 0 0 2 0 2 1 0 0 2 0 0 0 1 1 2 0 2 0 3 0 2 1 1 2 0 2 0 1 0 2 0 1 0 0 1 0 2 2 0 1 1 0 0 0 2 1 0 1 1 1 0 2 0 1 3 0 1 1 2 2 0
1 592 1 0 1 0 1 1 1 2 0 0 0 0 0 0 0 2 1 0 0 3 0 2 2 0 1 2 0 0 0 1 0 0 0 2 0 1 2 0 2 0 1 1 2 0 2 0 1 2 1 3 0 2 1 1 1 0 0 0 0 3 0 1 1 1 1 2 0 1 0 3 0 0 0 3 0 2 1 2 0 1 0 3 0 3 0 1 1 1 0 1 0 1 1 1 0 0 1 2 1 0 2 0 0 3 0 1 1 1 1 1 1 2 0 1 1 0 1 0 1 2 0 0 1 0 2 0 1 1 0 3 0 3 0 1 0 2 0 3 0 0 1 3 0 0 1 1 0 1 0 1 1 0 0 1 0 1 1 0 1 2 1 3 0 2 1 0 0 0 2 0 1 0 0 1 1 2 2 0 2 0 1 1 1 0 1 1 0 2 0 2 0 1 0 1 1 1 1 0 1 0 1 1 1 2 0 1 1 0 0 0 1 0 1 2 0 0 0 3 0 1 1 3 0 2 0 2 2 0 1 1 1 0 2 0 1 0 1 1 0 2 0 1 0 1 0 0 1 2 2 0 0 1 0 2 1 3 0 1 0 2 1 2 0 0 2 0 1 2 1 3 0 1 1 2 1 0 1 2 1 0 0 2 1 0 1 1 0 0 0 2 2 0 1 0 0 3 0 3 0 3 0 0 1 0 1 0 0 0 2 0 0 0 1 1 1 2 0 3 0 1 0 2 0 1 0 0 1 2 0 2 0 3 0 0 1 2 1 0 1 0 1 2 0 1 0 3 0 3 0 2 1 0 0 2 0 2 1 1 1 0 0 0 0 1 1 2 0 0 0 2 2 0 1 0 0 1 0 2 0 3 0 0 1 2 0 1 0 2 1 0 2 0 1 0 2 0 1 0 0 1 2 0 0 3 0 3 0 0 0 0 0 0 1 0 1 0 0 1 0 1 1 3 0 1 0 2 1 1 0 1 0 1 0 2 1 3 0 2 1 1 1 1 2 0 2 0 0 1 1 0 1 3 0 2 0 3 0 2 1 3 0 3 0 3 0 2 2 0 1 3 0 1 1 1 0 0 1 3 0 1 2 0 2 0 0 1 0 1 0 0 1 3 0 2 1 2 0 2 1 1 0 1 1 2 2 0 1 1 0 0 0 2 0 0 1 3 0 2 0 2 1 2 0 0 2 0 0 1 1 2 0 0 1 1 0 1 1 0 1 0 1 1 1 0 0 0 0 1 0 3 0 1 2 0 1 0 2 0 0 0 1 3 0 2 1 2 1 2 1 0 0 1 0 0 1 1 1 1 0 2 0 0 2 0 1 2 0 0 0 1 0 2
0 593 1 0 0 0 0 0 2 0 3 0 0 0 0 0 0 1 1 1 0 1 3 0 2 1 0 0 3 0 0 0 2 0 0 1 1 0 0 1 0 2 0 0 2 2 0 2 0 1 1 0 2 0 1 1 2 2 0 0 0 1 2 2 0 1 3 0 3 0 2 1 2 1 1 1 3 0 1 2 0 2 0 0 3 0 2 2 0 1 2 0 2 0 3 0 1 0 1 1 0 1 1 1 3 0 1 2 0 1 3 0 2 0 3 0 3 0 0 0 0 0 3 0 1 0 0 2 0 0 1 1 3 0 2 2 0 0 1 0 2 1 2 1 1 1 2 0 1 0 2 0 2 2 0 0 2 0 3 0 0 1 1 0 2 0 1 1 0 0 1 1 3 0 2 2 0 0 1 1 0 2 0 0 2 0 0 0 1 1 1 0 0 1 3 0 3 0 2 0 0 0 0 0 2 0 3 0 2 2 0 0 1 0 0 0 3 0 0 1 3 0 0 0 2 0 1 0 2 1 0 0 2 0 0 2 0 0 0 0 1 1 0 1 3 0 2 0 1 1 1 0 2 1 2 1 2 0 1 2 0 0 1 2 0 1 2 2 0 1 1 0 2 0 0 0 0 1 1 1 0 1 0 1 1 1 1 0 1 0 0 1 2 0 3 0 3 0 2 0 3 0 2 1 1 2 0 2 0 0 1 1 2 1 1 0 2 1 0 0 2 2 0 0 0 1 3 0 1 1 0 0 1 0 2 1 2 1 0 1 1 0 0 0 3 0 2 1 3 0 3 0 1 1 0 1 1 0 1 1 2 2 0 0 0 0 3 0 3 0 0 1 2 0 3 0 2 1 2 1 1 0 2 1 2 0 3 0 2 1 1 1 1 2 0 0 0 1 3 0 2 2 0 0 3 0 2 0 2 1 1 0 0 0 0 2 0 2 0 0 2 1 0 0 1 2 0 0 1 1 2 0 2 0 2 1 2 0 2 0 1 1 3 0 2 2 0 1 2 1 3 0 0 1 2 0 1 0 3 0 2 0 2 0 3 0 3 0 2 1 0 1 1 2 0 1 2 0 1 1 2 0 0 1 0 1 2 1 2 0 2 0 1 1 2 0 2 0 0 0 1 1 2 1 0 0 1 1 0 0 1 0 0 1 0 1 2 1 2 0 1 0 1 2 0 1 2 1 2 1 3 0 3 0 1 0 1 0 3 0 0 0 0 0 1 2 0 0 0 0 2 1 3 0 0 1 0 0 0 1 2 1 1 1 2 0 2 0 1 0 0 1 0 0 2 0 1 0 2 0 1 1 0 1 2 2 0 0 3 0 0 0 2 1 1
0 593 2 0 0 0 0 1 1 0 2 1 1 0 0 0 1 0 2 0 0 1 2 0 1 1 0 1 2 1 1 1 0 1 2 0 1 0 1 0 0 1 3 0 1 1 0 2 0 0 1 1 1 0 0 0 1 0 2 1 1 1 1 1 0 1 2 0 3 0 2 0 0 2 0 0 2 0 0 1 0 1 3 0 2 0 2 1 0 1 0 0 1 0 2 1 3 0 3 0 0 0 2 1 2 0 0 1 0 1 2 0 1 0 3 0 2 1 1 0 0 1 2 1 3 0 1 1 2 2 0 0 2 0 2 0 2 1 2 1 2 0 0 1 3 0 3 0 2 1 1 0 2 0 3 0 0 0 2 1 2 0 1 1 0 2 0 1 0 1 0 0 2 0 2 0 2 1 3 0 0 1 2 2 0 1 1 0 3 0 1 0 1 1 2 0 3 0 0 1 1 0 0 1 1 0 3 0 2 0 2 1 2 0 0 1 2 1 2 1 1 1 1 1 0 2 0 0 1 1 0 1 0 1 2 1 2 1 0 0 3 0 0 1 2 0 0 2 0 1 2 1 2 0 1 0 0 0 0 0 2 2 0 1 0 1 1 1 0 0 1 1 0 1 1 0 1 0 2 0 0 0 0 0 2 0 1 0 2 0 1 1 0 0 3 0 3 0 1 0 3 0 1 2 0 1 0 1 2 2 0 0 0 1 2 1 1 1 0 1 2 0 2 1 1 1 1 2 0 1 0 0 2 1 2 0 0 1 1 0 1 0 0 1 3 0 2 0 2 0 2 2 0 1 1 0 1 1 0 0 1 0 2 1 0 1 3 0 2 1 2 1 0 0 3 0 2 0 0 1 2 1 2 0 0 0 3 0 1 1 3 0 2 1 2 1 1 1 2 0 2 0 3 0 2 0 1 0 1 1 2 0 0 0 1 2 0 1 3 0 0 1 0 1 0 0 2 2 0 0 0 0 1 0 2 0 0 0 1 0 0 0 2 0 2 1 0 1 1 0 1 1 2 0 3 0 2 1 3 0 1 0 1 0 3 0 3 0 1 1 1 0 2 2 0 0 3 0 3 0 3 0 1 0 0 1 1 0 0 0 1 0 0 0 0 0 0 1 1 1 0 0 0 1 0 0 2 2 0 0 2 0 1 0 0 1 0 2 0 2 0 0 0 1 0 1 1 0 1 0 2 0 2 1 3 0 2 1 2 1 1 0 0 1 0 0 2 1 0 1 2 0 1 1 1 2 0 0 1 1 0 2 0 0 0 0 0 1 3 0 0 2 0 1 0 2 0 0 0 2 0 1 1 1 1 0 3 0 1 1 1 1 1 1 2
1 594 1 0 1 1 0 1 0 1 1 1 1 2 0 0 0 2 1 0 1 2 0 3 0 3 0 0 1 0 1 3 0 0 0 3 0 2 0 2 0 1 1 1 2 0 1 1 1 2 1 3 0 1 0 0 0 2 1 1 1 3 0 2 0 0 1 0 0 3 0 0 1 2 1 2 2 0 1 2 0 0 1 2 0 1 0 1 1 0 2 0 0 2 1 2 0 2 0 2 1 1 1 1 2 0 1 2 0 0 0 3 0 2 1 3 0 1 1 2 0 1 1 1 0 2 0 0 0 1 0 3 0 0 0 1 0 2 0 0 2 0 1 2 1 2 0 3 0 1 1 2 1 1 0 2 1 1 1 1 2 0 2 0 1 1 1 3 0 3 0 3 0 0 0 1 0 2 0 1 1 2 1 1 1 0 0 1 1 2 2 0 0 0 0 0 0 2 1 2 0 1 0 1 0 1 1 3 0 1 0 1 2 0 1 2 1 1 0 0 1 3 0 2 0 0 1 2 1 3 0 0 0 0 1 1 0 0 1 0 1 2 1 2 0 3 0 1 2 0 1 0 2 0 1 3 0 0 0 0 1 2 1 0 0 0 0 1 2 0 0 3 0 0 0 1 0 2 1 0 1 1 0 0 1 0 2 0 0 0 2 0 1 0 1 3 0 2 2 0 0 3 0 0 1 0 0 0 1 1 0 2 1 1 1 0 1 3 0 0 1 0 0 1 1 3 0 2 1 3 0 3 0 0 2 0 1 2 0 1 0 2 0 1 1 2 0 1 0 1 0 2 1 0 0 1 0 2 2 0 0 2 1 1 1 1 1 2 0 2 0 0 1 0 1 3 0 0 1 2 1 0 2 0 1 1 1 3 0 0 0 2 0 2 0 0 2 0 0 0 0 1 0 3 0 0 1 3 0 3 0 3 0 0 1 0 1 0 1 1 1 1 2 0 2 0 1 2 0 2 1 0 0 2 1 0 1 1 0 2 0 0 1 1 0 1 1 1 0 1 1 0 0 0 0 3 0 2 0 1 1 3 0 2 1 3 0 2 2 0 1 2 1 2 0 3 0 2 0 3 0 2 1 3 0 1 0 1 0 0 0 2 0 0 0 0 0 1 0 1 2 0 0 0 2 0 1 2 0 2 2 0 1 3 0 1 0 0 2 0 1 2 1 1 0 0 0 1 0 2 1 1 0 2 0 2 0 2 0 0 1 2 0 0 2 0 1 1 1 1 0 3 0 3 0 2 1 2 1 3 0 0 1 2 1 0 0 1 1 1 1 2 2 0 0 0 1 2 1 1 2 0 0 2 0 1 1 2 2 0 1 3 0 2 1 0
1 595 1 0 0 0 1 0 2 0 3 0 2 0 3 0 0 1 1 1 1 1 0 0 3 0 2 1 2 0 0 1 1 1 1 1 3 0 1 0 0 2 0 2 0 1 0 0 2 1 1 0 1 1 3 0 0 1 1 2 0 0 2 0 0 1 1 2 0 1 2 1 2 1 1 0 1 1 0 0 3 0 1 0 3 0 2 0 3 0 0 1 3 0 1 0 0 0 1 0 1 1 3 0 2 2 0 0 3 0 0 1 3 0 2 0 1 2 0 2 0 2 0 1 2 1 0 1 1 0 2 1 2 1 1 0 2 1 0 1 2 2 0 1 1 0 0 0 3 0 0 0 0 1 2 1 1 1 3 0 2 2 0 2 0 0 2 1 2 0 3 0 2 1 1 0 2 1 1 0 0 0 0 1 2 2 0 1 0 0 1 0 2 1 0 0 0 1 1 2 0 1 3 0 2 1 0 0 1 2 0 0 0 1 0 1 0 1 2 0 1 1 2 0 0 1 2 1 1 0 1 1 1 0 1 0 1 0 1 0 0 1 1 0 0 0 3 0 0 1 0 0 0 2 0 1 1 1 1 0 1 1 0 1 0 0 0 1 0 0 3 0 1 1 1 0 2 1 1 1 1 0 1 0 1 0 0 1 2 1 1 2 0 0 0 1 2 0 2 0 3 0 1 1 1 2 0 0 1 0 1 1 1 1 3 0 0 1 1 1 1 2 0 1 0 0 2 0 2 0 2 0 2 1 2 2 0 0 3 0 2 1 0 2 0 2 0 1 3 0 2 1 1 1 0 0 2 1 2 0 3 0 0 1 3 0 2 1 0 0 0 1 2 0 0 1 1 1 2 1 0 1 1 2 0 0 2 1 1 1 1 1 1 0 0 1 2 1 2 1 0 0 2 1 2 1 2 1 2 0 3 0 2 1 2 0 0 0 0 0 2 0 2 2 0 2 0 1 0 0 1 1 0 1 1 1 1 0 1 1 0 1 2 0 1 0 3 0 1 0 2 2 0 0 0 1 3 0 1 0 0 0 2 0 2 0 2 0 2 1 0 1 1 0 0 0 3 0 1 0 3 0 2 0 1 1 3 0 2 0 0 1 0 1 1 0 0 0 2 1 0 0 2 1 1 2 0 1 0 0 2 1 0 1 1 1 3 0 1 2 0 1 0 1 2 0 0 0 2 1 1 1 2 1 1 0 1 0 0 1 2 0 3 0 1 2 0 0 2 0 1 1 3 0 3 0 2 0 1 0 1 1 2 1 0 1 0 0 3 0 2 1 1 0 2 1 1 1 0 2 0 0 3 0 0 0 0 0 1 1 0 1 2 0 1 1 0
1 595 2 0 0 0 2 1 1 0 3 0 1 0 2 1 2 0 2 0 1 2 0 1 3 0 1 2 0 1 2 0 2 0 2 1 1 1 3 0 1 2 0 1 3 0 3 0 0 1 2 1 0 0 1 1 2 0 2 1 2 2 0 1 2 0 2 2 0 1 1 0 0 1 2 0 2 2 0 1 2 2 0 0 3 0 1 0 2 1 2 1 1 1 3 0 0 0 2 1 0 0 2 0 2 0 3 0 1 1 2 1 2 0 1 0 0 1 0 2 0 2 0 1 0 1 1 0 1 1 2 0 0 1 2 1 1 1 1 1 1 1 0 0 1 0 0 1 2 1 1 0 1 1 0 2 0 0 2 0 2 1 0 1 3 0 1 0 0 0 3 0 1 1 2 1 1 1 2 0 0 0 1 1 1 0 3 0 2 1 2 1 1 1 0 0 1 0 2 2 0 1 2 0 1 1 0 1 0 0 2 1 1 0 0 0 0 0 3 0 3 0 3 0 1 1 0 1 2 0 3 0 1 0 2 0 2 0 2 0 1 0 1 0 0 1 2 1 1 2 0 0 1 2 0 0 2 0 1 0 2 2 0 2 0 0 0 2 0 1 2 2 0 1 2 1 1 1 3 0 1 0 2 0 2 0 1 1 0 2 0 0 2 1 1 1 0 0 1 0 2 2 0 2 0 0 2 1 2 0 3 0 2 1 1 1 2 0 2 0 2 1 3 0 3 0 0 0 1 0 1 0 2 0 1 0 3 0 2 0 1 1 1 2 0 2 0 1 2 0 1 1 2 2 0 1 2 0 0 0 2 1 2 1 2 0 1 1 0 0 1 0 3 0 1 0 2 1 0 1 1 0 2 1 3 0 0 1 3 0 2 0 1 0 1 1 1 0 0 1 0 1 2 0 1 0 1 0 0 0 3 0 1 2 0 1 1 0 0 1 1 0 2 1 0 1 3 0 2 1 3 0 0 0 2 0 1 0 3 0 0 0 3 0 2 1 2 2 0 0 2 0 2 1 1 1 1 1 3 0 0 1 1 0 1 0 1 0 1 1 1 0 1 0 0 1 2 2 0 0 3 0 1 0 0 0 2 0 0 1 2 0 0 0 1 0 0 1 1 1 0 1 1 2 0 0 3 0 3 0 0 1 1 0 2 1 2 0 0 1 0 0 0 0 3 0 0 1 1 2 0 0 0 1 2 0 2 0 1 1 0 0 3 0 0 0 3 0 0 0 0 0 2 0 3 0 0 2 0 0 0 0 0 1 0 2 0 1 3 0 1 1 2 1 1 1 3 0 0 1 3 0 1 1 1 0 0 0 3 0 0 0 3 0 2 2 0
1 596 1 0 1 1 1 1 1 2 1 2 2 0 0 2 0 0 0 1 0 0 1 0 1 2 0 0 1 0 1 0 0 1 0 1 2 0 0 2 0 0 1 0 1 2 0 2 1 2 1 0 1 0 1 0 0 0 0 2 0 1 1 0 1 0 0 2 1 0 0 1 0 1 1 0 0 2 1 0 1 1 0 3 0 1 2 0 0 2 0 0 2 0 0 1 1 1 1 1 1 0 1 1 0 1 0 3 0 0 0 0 2 0 1 3 0 1 0 0 2 0 2 0 0 0 0 1 0 3 0 3 0 1 1 0 1 3 0 2 0 1 2 0 0 2 0 1 1 0 1 2 0 3 0 0 1 3 0 0 0 1 1 1 1 1 1 3 0 0 1 3 0 0 0 0 1 3 0 3 0 0 0 3 0 1 1 3 0 2 0 0 1 2 2 0 0 2 1 2 1 0 0 3 0 2 2 0 2 0 1 1 1 2 0 0 0 0 1 3 0 3 0 2 2 0 1 1 1 0 0 2 2 0 0 1 0 1 0 0 1 3 0 2 0 1 1 0 2 0 0 2 2 0 0 2 2 0 2 0 0 2 1 0 1 2 1 1 2 0 1 1 1 0 1 0 2 0 0 1 2 0 0 1 0 0 2 0 1 1 1 3 0 0 1 2 2 0 0 2 1 2 1 0 1 3 0 1 0 0 0 3 0 1 2 0 0 0 0 1 0 2 0 2 0 2 1 1 0 2 0 2 1 0 2 0 0 3 0 0 2 0 2 0 1 0 2 0 1 0 0 0 0 1 1 0 0 3 0 0 1 2 0 0 2 0 2 0 1 0 0 2 1 2 2 0 0 1 1 1 0 1 1 2 0 1 1 2 1 2 0 0 1 3 0 3 0 1 0 1 0 0 0 3 0 2 0 2 0 0 1 3 0 0 1 0 0 1 0 1 0 1 1 1 1 1 1 2 0 2 0 1 1 1 1 0 2 0 0 2 1 1 1 3 0 2 0 1 0 3 0 0 0 1 1 3 0 2 1 1 1 2 0 1 0 2 0 2 0 3 0 1 0 2 0 1 1 1 0 3 0 1 1 3 0 0 1 0 1 2 0 3 0 0 0 2 0 1 0 2 0 0 0 2 1 3 0 2 0 2 1 2 0 1 1 1 2 0 1 1 2 0 0 0 1 2 1 2 0 2 1 2 1 1 1 0 0 0 2 0 1 0 1 2 1 1 1 2 1 1 0 0 1 1 0 2 1 2 1 2 1 0 0 1 0 0 2 0 1 2 0 0 0 0 2 0 0 1 1 2 1 1 2 0 1 2 0 0 1 2 1 1 1 3 0 2 0 2
0 597 1 0 0 0 2 0 2 1 1 0 1 0 2 2 0 1 1 0 2 0 1 0 0 0 3 0 0 2 0 2 0 0 2 1 0 0 2 2 0 1 2 0 0 1 0 0 2 0 0 1 0 2 0 2 0 0 0 1 0 2 0 1 0 2 0 1 1 1 0 0 2 0 2 2 0 1 1 1 1 0 1 1 3 0 0 0 2 2 0 1 2 1 2 1 3 0 2 0 2 0 0 0 1 0 2 1 2 1 1 0 1 2 0 1 1 1 3 0 1 2 0 1 2 1 0 0 2 1 3 0 2 2 0 1 1 1 2 0 1 0 0 0 2 2 0 2 0 1 1 1 0 0 2 1 2 1 1 1 1 0 3 0 2 0 2 1 1 1 2 1 1 1 1 0 1 1 2 0 2 1 1 1 3 0 0 0 2 0 0 1 2 1 1 0 3 0 1 0 0 1 0 1 3 0 2 1 0 2 0 0 2 0 3 0 0 0 1 1 2 0 3 0 2 1 0 0 1 2 0 1 2 0 2 1 2 0 2 0 1 1 2 0 0 2 0 1 1 1 3 0 1 0 3 0 1 1 0 1 3 0 0 1 1 1 0 2 0 1 0 0 2 0 0 0 0 1 2 2 0 0 2 1 2 0 1 2 0 0 2 1 1 1 2 1 1 0 3 0 1 0 0 1 1 1 1 1 3 0 0 1 3 0 0 0 2 1 0 0 2 1 1 0 1 0 1 1 2 1 1 0 1 1 1 1 3 0 1 1 2 2 0 2 0 0 0 1 3 0 2 1 0 0 2 2 0 1 2 1 2 0 3 0 1 2 0 1 3 0 3 0 1 0 1 0 2 1 3 0 1 1 0 0 0 0 0 0 0 2 0 1 2 1 2 0 2 1 3 0 2 0 0 1 3 0 1 0 0 1 2 1 1 1 1 2 0 0 2 0 2 0 3 0 2 0 2 1 0 0 0 2 0 1 3 0 0 1 3 0 0 2 0 0 2 0 0 2 0 0 2 1 1 1 0 0 2 0 1 1 3 0 3 0 2 1 1 0 1 0 2 2 0 0 0 2 0 1 2 1 3 0 0 0 1 1 2 0 0 1 0 0 2 1 1 1 0 2 0 0 0 1 1 1 2 0 2 0 1 0 1 2 0 2 0 2 0 1 0 0 2 1 2 1 1 1 1 0 0 0 2 0 0 1 2 2 0 0 1 2 0 0 0 1 0 2 0 0 0 1 2 0 1 0 1 1 2 0 1 0 0 1 0 0 2 0 1 2 0 0 3 0 0 0 1 1 2 2 0 0 0 2 0 1 0 0 3 0 1 1 0 2 0 0 2 0 1 0 1
1 597 2 0 0 1 1 0 1 1 2 0 2 1 2 1 0 0 1 1 0 1 3 0 0 1 2 1 2 2 0 1 3 0 0 1 0 1 2 1 0 0 3 0 0 2 0 1 0 1 2 0 0 2 0 1 2 1 1 0 0 2 0 0 0 2 0 0 1 2 0 1 1 0 2 1 0 0 2 0 1 1 0 0 1 1 1 1 2 1 0 1 1 0 1 0 2 0 1 0 0 1 1 0 2 1 2 0 0 1 2 1 0 1 0 0 2 1 2 0 0 1 0 1 0 1 0 1 2 0 2 0 2 1 0 0 2 0 3 0 2 0 0 1 2 1 0 2 0 0 1 2 0 1 2 0 0 1 3 0 1 1 3 0 1 0 1 2 0 0 0 1 3 0 1 1 0 0 0 0 1 2 0 0 1 1 1 1 0 1 2 1 0 1 2 1 2 1 3 0 1 0 0 1 2 0 1 1 1 1 3 0 0 0 2 1 1 1 0 0 0 0 3 0 1 1 0 1 0 1 0 1 0 0 2 0 0 0 0 2 0 2 0 1 2 2 0 0 2 1 1 2 0 0 2 2 0 1 1 1 1 1 2 0 2 0 0 1 3 0 2 2 0 1 1 0 1 1 1 0 3 0 1 0 0 0 0 0 3 0 0 2 0 0 0 1 2 1 2 1 3 0 1 0 2 0 2 1 1 1 2 1 1 1 1 1 1 1 0 1 1 1 2 0 2 1 0 0 0 1 2 0 3 0 2 1 2 0 0 0 1 1 0 1 2 1 1 1 2 0 1 1 0 1 2 1 0 1 1 0 0 0 3 0 0 1 0 1 2 0 2 1 3 0 2 1 2 0 1 2 0 1 0 0 0 0 0 0 1 2 0 1 1 0 0 0 2 0 2 0 0 1 2 1 1 1 3 0 1 1 0 1 3 0 2 1 3 0 0 0 1 0 3 0 1 0 1 1 0 0 1 2 0 1 1 1 2 1 1 1 2 1 2 2 0 1 2 1 3 0 0 1 2 2 0 1 1 0 0 0 2 0 3 0 1 1 2 0 2 1 2 0 2 1 1 2 0 1 1 0 1 1 1 0 3 0 3 0 0 2 0 1 1 1 3 0 0 1 2 1 1 0 2 1 0 0 0 2 0 0 0 1 0 2 0 1 3 0 3 0 1 0 0 1 3 0 1 0 0 1 0 1 2 1 1 0 2 2 0 0 2 1 1 0 0 1 2 1 1 0 3 0 2 0 3 0 3 0 2 0 0 2 0 1 1 0 0 0 3 0 1 1 1 1 0 0 1 0 2 1 1 1 3 0 3 0 1 2 0 1 1 1 2 2 0 1 3 0 2
0 598 1 0 1 2 0 1 1 0 0 0 0 2 0 0 1 0 0 3 0 0 1 1 1 2 1 1 0 1 1 0 1 1 1 2 0 0 1 0 1 0 1 2 1 2 2 0 0 0 0 3 0 1 2 0 1 0 1 2 0 1 1 2 1 1 1 2 2 0 1 0 0 1 1 1 1 0 1 0 2 0 1 0 0 3 0 2 1 0 1 1 0 1 0 2 1 0 1 3 0 1 0 1 1 1 2 0 1 2 1 0 1 0 2 0 1 1 2 0 1 2 0 0 0 0 0 0 1 0 0 1 0 1 1 0 1 1 0 3 0 0 1 2 1 0 1 1 1 2 2 0 1 0 0 3 0 1 1 2 0 0 0 1 2 0 0 0 0 2 1 1 1 1 2 0 1 0 0 0 1 0 0 2 1 3 0 2 0 0 1 0 1 1 1 1 0 1 0 1 1 3 0 1 0 3 0 3 0 2 1 1 1 1 1 1 1 2 2 0 0 0 1 2 2 0 1 0 2 0 2 0 2 0 1 0 1 1 0 1 2 0 2 0 1 1 0 3 0 0 2 0 0 3 0 1 1 0 0 2 0 2 1 0 0 0 1 2 1 2 0 2 1 0 0 1 0 3 0 1 1 2 1 3 0 0 0 0 1 2 1 2 1 2 1 1 1 1 0 1 0 1 2 0 0 1 0 1 2 0 0 0 1 3 0 2 0 2 0 0 0 2 1 0 0 1 1 0 0 1 1 0 0 3 0 1 2 0 1 1 0 3 0 0 1 0 1 3 0 3 0 3 0 0 1 0 1 1 0 1 0 0 1 2 1 2 0 0 1 0 0 2 0 2 0 2 0 0 0 0 0 3 0 2 1 0 0 0 1 0 1 0 0 1 0 0 1 1 0 0 1 2 1 0 2 0 0 1 2 0 1 1 1 2 0 2 0 1 1 1 0 2 1 2 1 3 0 2 2 0 1 0 1 0 0 2 1 0 2 0 0 1 0 1 1 0 1 1 0 1 1 2 1 1 1 0 0 1 0 0 1 1 0 3 0 0 0 0 0 2 0 0 0 1 2 0 1 0 0 1 0 3 0 1 1 3 0 2 1 2 2 0 0 2 1 1 1 2 1 0 1 2 1 1 1 0 0 1 1 2 1 1 0 0 2 0 1 2 0 2 1 3 0 1 1 1 1 3 0 1 0 0 1 0 1 2 1 2 0 3 0 0 1 2 0 1 1 0 1 2 1 3 0 1 0 3 0 3 0 0 1 2 2 0 0 1 0 0 1 2 2 0 1 2 2 0 0 2 1 1 2 0 0 2 0 3 0 0 1 0 0 2 1 1 1 0 1 2 0 1
1 599 1 0 0 0 3 0 2 2 0 0 0 1 0 1 1 2 0 1 2 1 2 0 2 1 0 1 2 0 3 0 0 0 2 0 3 0 1 0 0 0 0 1 1 0 1 0 2 1 0 1 3 0 0 1 0 0 0 1 0 0 0 0 0 2 0 0 1 0 3 0 2 1 3 0 2 0 0 0 0 1 3 0 3 0 2 0 1 1 1 0 1 0 2 1 1 1 1 1 1 1 3 0 3 0 2 2 0 1 0 1 1 0 0 2 0 0 2 2 0 0 3 0 0 0 0 0 0 2 0 0 2 0 3 0 0 0 1 1 2 1 2 1 0 1 1 0 2 1 1 0 3 0 3 0 1 2 0 2 0 1 1 1 0 0 2 1 0 1 1 1 3 0 2 1 3 0 2 1 0 2 0 1 2 0 2 0 0 1 2 0 0 0 2 0 1 0 2 1 0 0 1 2 0 0 3 0 3 0 1 1 3 0 2 0 2 1 1 0 2 1 1 1 1 1 0 0 0 2 0 2 0 2 0 0 0 0 1 1 0 1 0 2 0 0 1 1 2 1 2 1 3 0 1 2 0 1 0 1 1 0 1 1 0 0 1 1 1 0 0 0 1 1 0 0 2 1 3 0 0 0 1 0 1 1 1 0 1 1 1 0 1 0 0 1 3 0 1 0 2 1 0 0 2 1 2 1 0 0 2 1 1 1 2 0 1 0 0 1 1 1 1 1 0 0 2 2 0 0 2 2 0 1 3 0 0 1 0 0 1 1 2 1 2 0 0 1 2 0 3 0 2 1 2 0 0 0 1 0 2 0 1 1 0 2 0 1 1 2 0 1 1 0 1 0 0 1 1 0 0 1 3 0 1 1 0 0 0 2 0 2 0 0 2 0 1 0 1 0 1 1 0 1 1 1 2 2 0 1 0 0 2 1 0 0 0 2 0 1 2 1 2 0 1 0 2 0 2 0 3 0 3 0 3 0 0 1 1 1 2 1 2 0 3 0 0 0 1 1 0 0 0 1 2 2 0 0 2 0 1 0 1 1 2 1 1 0 0 1 0 1 1 1 0 0 3 0 2 1 2 1 3 0 0 0 2 0 2 0 1 0 3 0 0 2 0 0 0 1 1 1 0 1 2 2 0 1 0 0 0 1 2 0 1 2 0 1 0 0 2 0 1 2 0 2 0 0 1 1 3 0 1 0 0 1 1 0 0 0 2 1 2 0 3 0 3 0 0 1 1 0 1 2 0 0 3 0 2 1 2 1 1 0 2 1 2 0 1 1 1 1 0 1 1 0 3 0 0 2 0 0 3 0 0 0 2 1 1 2 0 1 1 1 3 0 0 0 3 0 2
0 599 2 0 0 1 3 0 2 0 2 1 1 0 0 0 2 2 0 1 1 0 0 0 1 1 1 1 0 0 2 1 1 1 1 0 2 1 3 0 0 0 1 0 1 0 2 1 1 1 1 1 1 1 1 2 0 0 0 2 0 0 0 0 1 1 2 1 2 1 3 0 2 0 2 0 0 1 1 0 1 1 2 0 3 0 0 2 0 1 2 0 2 1 1 1 3 0 2 0 2 1 2 0 3 0 2 1 0 0 0 0 1 0 1 1 3 0 1 0 3 0 1 1 1 0 0 0 1 1 3 0 0 0 2 1 1 1 0 0 1 0 0 1 1 0 1 1 1 1 2 1 3 0 3 0 0 1 0 2 0 0 1 2 0 1 1 1 1 0 2 1 2 0 2 0 2 0 1 1 1 2 0 1 0 0 0 1 2 0 3 0 0 1 0 2 0 0 1 1 0 1 0 0 3 0 2 0 3 0 0 0 2 0 1 0 1 1 2 1 1 1 3 0 1 2 0 0 1 2 0 2 0 1 2 1 0 0 3 0 0 0 0 1 2 2 0 0 1 0 1 0 2 0 0 1 0 0 0 0 1 0 2 2 0 0 3 0 1 0 0 0 2 2 0 1 2 0 1 1 1 0 2 0 3 0 1 0 3 0 1 0 2 0 1 1 1 2 0 0 1 1 0 1 2 0 0 1 0 1 1 1 3 0 3 0 2 0 1 0 2 0 1 2 0 1 2 0 3 0 1 1 0 1 1 1 1 2 0 1 0 0 0 2 0 1 2 1 0 0 3 0 1 2 0 1 1 0 2 1 0 2 0 1 1 2 0 0 2 2 0 0 1 0 2 0 1 0 1 0 1 1 1 2 0 1 0 0 1 2 0 1 2 2 0 1 3 0 2 0 3 0 0 0 2 1 1 0 3 0 3 0 0 1 0 0 1 2 0 1 0 2 0 2 0 0 1 0 1 0 3 0 3 0 2 1 2 0 2 1 1 0 0 0 2 1 1 0 2 2 0 0 1 1 1 0 2 2 0 2 0 0 0 0 0 1 2 0 1 0 0 0 1 2 0 1 3 0 2 0 1 0 1 1 1 1 1 0 0 2 0 0 2 1 2 1 2 1 1 0 2 0 0 1 1 0 3 0 2 1 1 1 0 0 0 0 3 0 3 0 0 0 0 1 0 1 2 2 0 0 1 1 3 0 1 0 1 0 0 1 2 0 0 0 3 0 2 1 2 0 1 1 0 0 3 0 2 0 2 0 0 1 2 1 1 2 0 2 0 1 3 0 0 0 1 1 2 1 2 1 3 0 1 1 1 1 1 2 0 1 0 0 2 1 1 1 1 1 3 0 1
1 600 1 0 1 2 1 2 0 1 0 1 1 2 0 0 1 2 1 0 0 1 0 0 0 3 0 1 2 0 1 1 1 3 0 1 1 2 0 1 1 1 0 2 0 2 1 1 1 3 0 2 0 2 0 2 1 2 1 1 1 2 1 0 1 0 0 1 0 1 0 2 0 1 0 0 1 2 0 1 1 0 0 0 0 2 1 2 2 0 1 0 0 1 2 0 0 2 0 1 0 2 0 0 0 3 0 1 1 0 0 0 0 2 1 0 0 1 2 0 0 2 2 0 1 2 0 0 1 0 0 1 1 1 1 1 1 2 2 0 0 2 0 1 0 1 0 3 0 2 1 1 0 2 0 2 1 2 0 0 1 2 2 0 1 0 0 2 0 1 1 2 0 0 0 1 0 0 2 0 2 0 0 3 0 2 1 1 1 0 0 2 1 2 0 0 1 2 1 2 2 0 2 0 1 3 0 1 0 2 1 1 1 0 2 0 0 0 0 0 2 0 0 2 0 0 0 2 2 0 1 0 2 0 1 0 1 0 1 2 1 1 0 1 1 1 0 2 1 2 0 2 1 0 1 1 2 0 0 0 0 2 1 2 0 3 0 1 1 3 0 0 1 2 1 0 0 3 0 3 0 1 1 1 0 2 2 0 0 2 2 0 0 0 2 0 2 0 0 2 1 3 0 0 0 3 0 1 0 0 0 2 1 2 0 3 0 0 2 0 0 1 0 0 1 0 1 0 0 2 2 0 1 1 0 2 0 2 1 3 0 2 1 1 2 0 1 0 1 0 1 3 0 0 1 0 0 1 1 1 1 1 2 0 0 2 1 3 0 1 0 2 1 2 1 0 1 3 0 2 0 3 0 2 1 3 0 2 2 0 1 0 1 1 1 0 1 2 0 1 0 2 1 1 1 1 1 2 1 3 0 2 1 1 2 0 1 0 1 0 0 0 2 0 1 2 1 2 0 2 1 3 0 3 0 2 0 0 0 1 1 2 0 0 1 1 1 2 1 2 0 2 1 3 0 1 1 2 1 0 1 2 1 0 0 1 0 3 0 2 0 0 1 0 1 0 1 2 0 0 1 3 0 3 0 2 0 1 0 1 1 3 0 1 0 1 0 0 1 2 1 0 1 2 0 1 1 3 0 1 1 2 2 0 0 0 1 3 0 2 1 1 0 1 0 0 1 1 0 2 2 0 0 1 1 3 0 2 0 1 0 3 0 0 1 3 0 1 2 0 2 0 1 0 1 3 0 1 0 0 1 2 1 0 2 0 1 0 2 0 1 1 1 1 1 0 0 1 0 1 0 1 2 0 1 3 0 2 1 3 0 3 0 0 1 3 0 2 1 1 2 0
1 601 1 0 0 1 0 2 0 1 3 0 3 0 3 0 1 1 0 1 0 0 2 0 0 1 3 0 0 1 0 0 2 1 1 2 0 2 0 2 0 1 2 1 1 0 1 2 0 0 2 0 1 0 1 0 2 0 0 2 0 0 0 1 0 2 0 0 2 0 2 1 0 1 3 0 1 0 3 0 2 2 0 0 0 1 2 0 1 0 3 0 2 2 0 0 2 2 0 2 0 0 0 1 1 1 2 2 0 1 0 0 0 1 1 1 0 1 0 0 3 0 1 1 0 0 3 0 0 2 0 0 3 0 2 0 2 1 1 0 2 2 0 1 3 0 2 1 3 0 1 1 2 1 1 0 1 2 0 1 2 1 1 0 3 0 2 2 0 2 0 2 0 1 1 0 2 0 1 2 0 1 3 0 2 0 1 1 2 2 0 1 1 2 0 1 2 1 1 0 1 1 0 2 0 1 1 2 0 0 1 1 3 0 0 1 2 1 0 0 1 1 2 2 0 1 1 1 2 1 0 0 0 2 0 0 0 0 0 1 0 1 2 0 3 0 1 1 2 0 0 0 1 1 1 0 2 1 2 1 0 1 2 0 0 0 3 0 0 0 1 1 2 1 0 1 0 1 3 0 2 2 0 1 2 1 2 0 3 0 1 0 2 1 1 2 0 1 3 0 1 0 1 1 1 1 2 1 3 0 0 1 2 0 0 0 2 1 2 1 2 1 2 0 0 2 0 2 0 1 2 1 0 0 1 1 1 0 2 0 2 0 1 2 0 1 0 0 0 0 0 1 1 1 1 2 0 0 3 0 2 0 2 1 3 0 1 0 1 2 0 0 2 0 0 1 1 1 2 0 1 0 3 0 2 0 2 0 2 1 0 0 0 0 2 0 0 0 3 0 2 1 1 1 3 0 2 1 1 0 2 0 1 2 0 0 3 0 3 0 2 1 1 2 0 1 1 0 0 0 2 0 2 0 3 0 0 1 1 0 3 0 3 0 1 0 2 1 1 0 0 0 2 0 2 0 0 0 0 1 1 1 0 1 0 0 2 1 3 0 0 1 2 0 0 0 0 0 3 0 1 1 2 0 3 0 0 2 0 0 0 0 1 1 3 0 2 0 1 1 0 1 1 1 0 0 0 0 2 0 0 0 1 0 2 1 1 1 2 0 1 1 2 0 2 0 1 0 1 1 2 0 2 2 0 0 2 0 0 2 0 0 2 1 2 1 2 0 0 1 0 2 0 0 0 1 1 1 3 0 1 1 0 1 1 2 0 0 0 2 0 0 2 0 1 2 0 0 2 0 2 1 0 1 0 1 2 0 2 0 2 0 2 1 2 1 2 0 1 2 0 0 2
0 601 2 0 1 0 0 2 0 1 2 0 3 0 2 2 0 1 0 2 0 1 0 1 2 1 1 1 1 2 0 1 1 2 0 1 0 2 0 2 0 1 0 1 2 1 0 0 2 2 0 1 3 0 2 1 0 1 2 1 2 1 1 0 0 1 3 0 0 0 1 1 1 1 1 2 0 0 3 0 2 0 2 1 1 0 3 0 2 1 3 0 2 0 3 0 1 1 0 1 2 1 1 0 2 1 1 0 3 0 2 1 1 0 1 2 0 2 0 1 2 2 0 1 0 1 2 1 2 1 3 0 2 0 1 0 1 1 2 1 2 1 0 1 2 0 2 0 2 0 0 0 0 1 2 1 0 1 0 1 0 1 2 1 3 0 2 1 0 2 0 2 0 0 1 1 1 0 0 1 0 1 2 0 1 0 0 0 1 1 0 0 2 2 0 1 0 1 2 0 3 0 0 2 0 0 2 1 2 2 0 0 1 1 2 1 0 1 0 1 0 0 1 1 0 0 2 1 0 1 0 0 1 1 2 1 0 0 1 0 0 1 0 0 2 2 0 2 0 1 1 0 3 0 1 1 2 0 0 1 1 0 3 0 0 1 2 1 1 1 0 0 0 1 1 0 0 1 2 0 2 1 0 1 1 0 0 0 2 2 0 0 1 2 0 1 0 1 1 1 3 0 3 0 2 1 1 0 1 1 2 0 3 0 0 1 2 0 1 0 0 2 0 1 2 2 0 2 0 1 0 1 0 0 3 0 1 1 1 0 1 0 0 0 3 0 2 1 0 0 1 0 2 0 2 1 3 0 2 0 1 0 2 0 1 2 0 0 0 0 2 2 0 1 2 0 2 0 3 0 2 1 3 0 1 0 1 0 1 1 0 0 0 1 0 1 1 1 3 0 1 2 0 0 2 0 1 1 2 1 1 0 0 0 3 0 2 0 3 0 1 2 0 1 0 0 1 0 0 1 1 0 1 0 2 1 2 0 1 1 3 0 2 2 0 0 1 1 2 0 0 1 1 0 0 1 1 0 1 0 1 2 0 2 0 1 2 0 1 1 2 0 3 0 0 0 0 1 3 0 0 0 0 0 2 1 2 1 2 1 0 1 0 0 2 0 0 2 0 1 1 0 1 2 0 0 0 1 0 1 1 0 2 1 1 2 0 0 0 0 0 0 0 0 0 2 0 0 0 0 0 0 2 0 2 2 0 1 2 1 3 0 1 0 0 2 0 1 2 0 0 1 2 1 1 0 2 1 1 2 0 1 1 0 2 1 2 1 1 1 3 0 0 0 0 0 3 0 0 0 1 1 1 0 0 1 0 0 1 0 1 0 2 0 1 0 0 0 0 0 3 0 0
0 602 1 0 1 3 0 1 2 0 1 0 0 3 0 2 1 0 0 0 2 0 0 0 1 0 1 3 0 2 2 0 0 2 2 0 0 0 2 0 2 0 0 0 1 0 1 0 1 2 1 0 1 2 0 1 1 1 1 1 0 0 1 2 0 1 1 1 1 1 0 3 0 2 0 2 1 3 0 2 0 1 0 1 1 2 1 3 0 2 0 2 0 1 0 2 2 0 1 1 1 0 1 2 1 1 1 2 1 3 0 1 1 2 1 0 1 0 2 0 1 1 1 0 0 0 1 1 0 1 0 2 0 0 2 0 0 0 0 1 0 0 1 1 1 0 0 1 0 0 1 1 0 1 1 0 1 1 0 0 0 0 1 1 0 2 0 1 1 1 2 0 1 2 1 3 0 1 0 1 0 0 0 3 0 2 0 0 0 2 2 0 1 2 1 0 0 0 1 0 0 2 1 2 1 3 0 1 0 1 0 2 2 0 0 0 1 0 2 0 2 0 0 2 2 0 1 1 1 0 2 0 1 0 0 0 1 0 0 2 0 0 2 0 1 2 1 0 2 0 0 1 1 2 2 0 2 0 1 2 0 1 1 2 1 2 1 0 1 2 2 0 0 1 0 1 0 1 1 0 0 1 1 1 0 1 0 0 1 2 0 2 2 0 1 0 0 0 0 2 1 2 0 3 0 1 1 2 1 0 0 0 0 2 1 2 0 3 0 2 0 1 2 0 1 1 1 0 1 3 0 3 0 3 0 1 2 0 1 2 0 2 0 0 1 3 0 1 1 0 0 2 1 1 0 2 0 2 0 0 2 0 0 1 0 0 0 2 1 0 1 2 1 0 1 0 0 1 0 3 0 2 0 1 1 3 0 2 0 2 2 0 0 1 0 0 0 2 1 2 0 0 0 3 0 0 0 0 0 0 1 2 0 0 1 3 0 1 0 3 0 0 0 3 0 2 1 2 0 1 0 1 0 2 1 2 0 0 0 0 0 2 0 2 0 2 1 3 0 3 0 1 0 1 0 1 0 1 0 2 1 0 1 0 2 0 1 0 0 0 0 0 0 2 1 1 0 1 1 1 1 1 0 0 1 2 0 1 0 0 1 0 2 0 1 0 1 2 2 0 0 1 1 0 0 2 1 1 0 0 0 1 1 1 2 0 0 2 1 0 0 0 0 0 0 1 1 2 1 0 0 0 1 1 0 2 1 0 1 1 0 1 1 3 0 1 2 0 0 3 0 1 1 0 1 2 1 1 2 0 1 0 0 1 1 2 0 0 2 0 0 1 1 1 0 0 1 2 1 1 0 3 0 1 0 0 2 0 0 2 0 2 1 0 1 3 0 0 0 0 1 2 1 1
0 603 1 0 0 1 2 0 0 0 3 0 3 0 2 0 1 1 0 0 1 1 2 1 1 0 0 1 2 0 2 0 3 0 1 0 2 1 1 2 0 1 2 1 1 0 0 0 0 1 0 1 1 0 3 0 3 0 2 0 1 0 1 0 3 0 3 0 2 0 1 1 3 0 1 0 2 0 2 0 0 2 0 0 0 0 1 0 2 0 1 0 0 2 0 0 2 1 0 0 2 0 0 1 0 2 0 0 1 0 2 0 0 0 0 1 1 0 0 2 0 0 1 2 0 0 1 0 1 0 2 1 0 1 2 1 2 1 0 0 2 0 1 0 1 2 0 0 2 0 1 0 1 0 3 0 0 0 1 0 0 0 1 0 1 1 0 2 0 2 0 1 0 1 1 0 1 1 3 0 2 0 0 1 3 0 0 1 1 1 2 1 0 1 0 1 0 0 0 2 0 1 2 0 1 0 1 1 3 0 2 1 2 0 2 1 1 0 0 2 0 1 3 0 1 1 0 0 2 0 0 1 3 0 2 1 0 2 0 1 0 1 2 2 0 1 0 1 1 1 2 2 0 0 1 1 0 2 0 1 0 0 0 0 1 0 0 1 1 1 1 0 2 1 2 0 2 0 2 2 0 0 3 0 1 0 2 0 1 1 0 0 2 0 3 0 2 1 0 1 2 0 0 0 3 0 0 0 0 1 0 0 0 1 2 0 0 0 3 0 1 0 0 1 0 0 2 0 0 1 2 0 3 0 3 0 0 1 0 1 0 0 0 1 2 1 1 2 0 1 0 1 1 1 2 1 1 0 0 1 2 1 2 1 2 0 0 1 1 1 1 1 0 1 0 2 0 0 2 1 3 0 1 0 0 0 2 0 1 0 2 0 2 1 2 0 0 1 1 2 0 1 1 1 2 1 1 0 0 0 1 0 3 0 1 1 1 2 0 0 2 1 1 1 3 0 1 2 0 1 3 0 2 1 1 2 0 1 1 0 0 1 1 0 1 0 2 0 2 0 2 1 3 0 2 0 2 0 2 1 1 1 1 0 0 1 3 0 2 1 0 0 0 1 1 1 2 0 3 0 2 0 1 0 1 0 3 0 2 0 1 0 0 2 0 0 0 1 1 0 2 1 2 2 0 1 1 1 2 0 0 0 3 0 2 1 3 0 0 1 0 0 0 0 0 1 0 0 0 1 0 0 1 0 1 1 1 1 1 0 1 1 0 0 2 0 0 0 3 0 1 2 0 1 1 1 0 2 0 0 3 0 2 1 3 0 3 0 1 1 2 1 3 0 1 0 1 1 0 1 2 1 2 1 3 0 1 1 3 0 0 0 1 1 1 1 1 1 1 0 1 1 0 1 2
1 603 2 0 1 0 3 0 0 1 3 0 3 0 0 2 0 1 0 1 0 0 0 1 2 0 1 1 0 0 1 0 2 2 0 0 1 2 0 1 0 1 0 1 2 0 0 0 1 0 0 0 1 1 3 0 3 0 0 1 3 0 2 1 3 0 3 0 1 0 0 0 1 2 0 0 1 0 0 1 2 1 2 1 0 0 2 1 0 1 3 0 1 1 3 0 0 1 0 1 0 1 2 0 0 1 2 1 2 1 0 1 1 0 1 0 1 0 1 1 2 2 0 0 2 1 2 0 2 1 1 1 1 1 1 0 0 1 0 1 0 2 0 0 0 0 2 2 0 1 3 0 2 1 2 1 1 0 2 0 0 0 2 0 3 0 0 2 0 2 0 0 0 0 1 1 0 0 2 0 0 1 2 1 1 1 2 0 2 1 0 1 0 2 0 2 0 0 1 2 0 0 3 0 2 1 0 0 2 0 2 0 0 0 1 1 2 0 1 2 0 1 1 2 0 1 0 1 0 1 2 1 2 0 1 1 1 2 0 0 0 1 1 1 0 0 0 0 2 1 1 0 2 1 3 0 0 1 3 0 2 1 0 0 2 0 1 0 2 0 1 1 2 0 0 0 1 0 2 0 3 0 1 2 0 0 0 2 0 1 0 1 1 0 3 0 1 1 1 0 3 0 0 1 2 1 1 0 0 2 0 0 1 0 3 0 0 1 2 1 3 0 0 2 0 1 0 1 2 1 0 0 3 0 2 1 1 2 0 2 0 0 1 1 0 2 0 1 0 0 0 0 2 1 0 1 2 0 1 1 1 0 0 2 0 1 2 0 2 0 2 0 0 0 0 1 3 0 1 0 1 1 3 0 0 1 0 2 0 0 1 0 1 2 0 1 2 0 2 2 0 0 2 1 0 1 2 0 0 0 2 1 2 2 0 2 0 0 3 0 0 2 0 0 2 0 0 1 0 1 2 0 1 2 0 1 0 0 1 0 1 0 1 0 2 1 1 0 1 0 2 0 2 0 1 0 1 0 1 1 3 0 1 0 1 1 2 0 1 1 0 0 1 0 2 1 0 0 3 0 0 1 3 0 2 1 3 0 0 1 3 0 1 1 2 1 1 0 1 1 2 0 1 1 0 0 2 0 3 0 0 1 3 0 2 0 1 1 1 2 0 0 0 0 0 2 0 0 0 2 0 0 2 0 3 0 2 0 1 0 2 2 0 1 0 1 1 1 3 0 0 1 0 0 2 0 0 1 3 0 2 0 2 0 2 0 3 0 0 0 1 0 1 1 3 0 3 0 0 1 1 0 1 0 2 0 0 0 1 1 1 0 3 0 2 0 2 0 1 0 3 0 0 1 0
1 604 1 0 2 0 0 2 1 2 1 2 0 2 1 2 1 3 0 3 0 2 1 1 0 3 0 2 2 0 0 2 1 2 0 2 2 0 1 0 0 0 0 0 0 3 0 0 0 2 0 0 1 0 0 2 0 2 1 2 1 2 0 2 0 2 0 2 1 3 0 0 1 0 0 2 1 2 0 1 1 1 0 0 1 0 1 1 1 1 1 2 0 0 0 1 1 2 0 0 0 0 0 3 0 1 1 1 0 0 1 1 0 1 0 2 0 2 1 0 0 1 0 3 0 1 0 0 0 1 1 3 0 2 0 1 0 1 0 0 0 0 1 2 1 0 1 2 1 0 1 2 0 2 0 0 1 2 1 0 1 1 1 1 0 2 1 2 2 0 1 2 1 0 0 2 2 0 1 0 1 2 1 0 2 0 0 0 0 1 1 1 0 0 2 0 1 2 2 0 0 3 0 2 0 1 1 0 1 1 0 0 1 1 1 0 0 0 0 0 1 0 0 2 2 0 0 0 0 0 1 0 2 0 2 0 2 0 0 2 1 1 0 1 2 0 0 0 1 1 1 2 1 2 0 1 1 2 1 2 0 1 1 0 1 0 2 0 0 0 2 0 2 0 1 1 0 2 1 1 0 3 0 0 0 2 1 1 2 0 0 0 0 1 1 2 2 0 1 2 1 2 1 2 1 0 1 2 0 1 1 2 1 2 1 2 1 2 1 1 0 1 1 2 2 0 0 0 1 0 1 0 1 3 0 1 2 0 1 0 1 2 1 3 0 0 1 3 0 2 1 0 1 1 1 1 0 3 0 3 0 1 0 1 2 0 1 0 0 1 0 0 1 1 0 1 1 1 2 0 0 0 0 1 1 2 0 0 1 2 1 2 1 0 1 0 1 0 0 2 0 3 0 0 1 1 0 3 0 0 1 2 0 1 1 0 1 3 0 1 1 2 1 2 2 0 1 2 0 0 1 0 0 0 0 3 0 2 1 2 0 2 0 2 1 1 1 2 0 2 1 1 0 0 1 3 0 2 1 0 0 1 1 3 0 3 0 3 0 2 2 0 0 2 1 1 1 0 1 2 1 2 1 2 0 2 0 1 1 2 1 2 0 0 0 0 1 2 0 3 0 3 0 2 2 0 1 1 0 2 1 2 1 2 0 0 2 0 2 0 0 2 1 0 0 1 1 2 1 1 1 3 0 0 0 3 0 0 2 0 0 2 1 0 0 0 0 2 1 1 1 1 2 0 1 0 1 2 1 2 0 1 0 1 0 1 0 2 1 1 0 2 1 0 0 2 0 2 1 2 0 1 0 2 1 0 1 1 0 3 0 1 1 3 0 1 0 0 2 0 0 2 1 1 2 0
1 605 1 0 0 1 3 0 1 0 1 0 0 0 2 0 1 0 2 0 3 0 1 1 2 1 3 0 2 0 3 0 1 0 0 0 2 0 3 0 2 1 0 0 0 1 2 1 1 1 0 1 1 2 0 1 1 0 2 0 1 0 0 0 1 0 1 0 2 0 1 1 1 2 0 1 1 2 0 2 0 1 2 0 1 0 0 0 2 0 2 0 3 0 0 0 3 0 3 0 0 0 0 1 2 2 0 1 2 0 1 0 1 0 2 1 1 0 1 1 0 0 2 1 2 1 3 0 0 1 0 0 2 0 0 1 3 0 2 0 0 0 1 1 0 1 1 1 0 1 1 1 0 0 0 1 2 1 0 1 1 0 2 0 1 1 2 0 1 1 0 1 0 1 0 1 2 1 0 0 0 1 0 1 1 1 2 1 0 0 3 0 1 0 1 2 0 1 1 0 3 0 2 0 0 2 0 1 1 0 1 0 1 0 1 2 0 0 0 0 0 2 0 1 2 0 2 1 0 0 1 0 0 2 0 2 0 1 3 0 0 1 2 1 0 0 2 1 1 0 2 1 1 0 0 0 0 0 0 2 0 2 0 1 1 0 0 1 2 1 1 2 0 2 0 0 1 1 1 1 2 1 2 1 1 1 1 2 0 0 2 1 0 1 0 0 1 1 0 1 1 0 1 0 0 1 1 1 0 0 0 0 1 0 1 0 1 0 0 1 2 1 0 0 1 0 2 1 1 0 0 0 0 1 2 0 0 1 0 0 0 1 1 0 1 1 2 1 2 0 1 1 1 0 2 0 1 1 3 0 2 2 0 0 0 0 3 0 2 1 2 0 1 0 1 0 3 0 2 1 2 1 0 0 3 0 3 0 1 1 1 0 0 1 0 2 0 2 0 1 1 0 2 1 2 0 1 1 2 1 2 0 3 0 3 0 0 1 2 0 0 0 1 0 1 1 0 0 3 0 0 2 0 0 0 1 3 0 2 0 0 0 1 0 1 2 0 0 0 0 1 1 2 0 1 1 2 0 1 1 0 1 0 0 2 0 3 0 3 0 2 0 3 0 0 1 3 0 0 1 1 0 1 0 0 0 1 0 0 0 0 2 0 1 1 0 1 1 0 0 3 0 3 0 2 1 0 0 1 1 2 0 0 2 0 1 2 2 0 1 3 0 0 1 0 1 0 0 0 2 0 0 1 1 1 1 2 1 2 1 3 0 0 1 0 0 0 1 1 1 3 0 2 2 0 0 0 1 0 2 0 1 3 0 2 0 2 1 1 1 2 1 1 1 0 1 1 0 1 2 0 2 0 0 1 1 1 0 1 1 3 0 0 0 1 1 3 0 1 1 3 0 0 2 0 0 2
0 605 2 0 1 1 1 1 3 0 2 0 0 1 0 2 0 0 1 0 3 0 0 0 1 0 2 0 1 0 2 1 3 0 0 1 1 0 3 0 1 1 0 0 1 1 0 1 3 0 0 0 2 2 0 0 1 1 0 1 3 0 0 0 2 0 2 1 0 2 0 2 0 1 0 0 2 2 0 2 0 0 3 0 2 0 0 1 1 0 1 0 2 1 1 1 3 0 2 1 1 0 1 1 1 1 0 0 3 0 2 0 2 1 1 1 2 0 2 2 0 1 2 0 1 0 1 1 1 2 0 1 0 1 2 1 2 0 0 1 1 0 3 0 0 0 2 0 0 0 1 2 0 0 1 1 0 1 1 0 1 1 0 2 0 2 0 2 0 1 1 0 0 0 0 1 0 1 0 0 1 0 0 0 2 1 0 1 0 1 2 2 0 0 0 1 0 0 1 1 3 0 0 1 2 2 0 0 1 0 2 0 2 1 0 0 2 1 0 0 1 2 0 1 0 0 1 1 0 0 2 0 1 2 0 2 0 1 1 1 2 1 0 1 0 1 1 1 2 1 1 1 2 0 0 0 0 0 1 2 0 2 0 0 1 0 1 1 0 2 0 1 0 1 2 1 3 0 2 1 1 0 0 1 3 0 2 1 3 0 0 1 0 2 0 0 3 0 0 0 1 0 2 0 1 0 1 2 0 0 0 0 2 0 2 0 2 0 1 1 0 1 0 0 2 1 1 1 2 0 0 0 1 0 3 0 0 2 0 0 1 0 1 1 0 0 0 2 0 2 0 1 2 1 1 0 0 0 2 0 2 0 2 1 0 1 3 0 1 2 0 1 3 0 2 1 3 0 2 0 0 1 0 1 3 0 2 2 0 1 2 0 1 0 0 2 0 2 0 0 1 1 2 0 0 0 0 0 1 0 0 0 3 0 2 1 2 0 3 0 0 0 2 0 2 2 0 1 2 1 2 1 2 1 1 1 2 0 0 1 1 0 2 1 0 0 2 1 0 0 3 0 3 0 3 0 3 0 2 2 0 2 0 1 1 0 3 0 3 0 1 0 2 1 2 1 1 1 2 0 1 0 2 0 0 0 2 0 0 0 1 2 0 0 1 0 2 2 0 1 3 0 3 0 1 1 0 0 3 0 3 0 1 2 0 1 1 1 0 1 1 1 1 2 0 2 0 0 1 1 2 1 3 0 2 1 1 0 1 0 1 1 1 2 0 0 1 0 2 1 2 0 2 0 2 1 1 0 0 2 0 1 2 0 1 0 1 2 0 0 0 1 3 0 0 0 1 1 0 1 0 1 2 1 3 0 1 1 0 0 1 1 1 1 0 0 2 0 0 0 1 1 2 1 3 0 0
0 606 1 0 2 0 2 0 0 2 0 0 1 2 0 0 1 2 1 2 1 2 1 1 0 2 1 0 2 0 0 2 0 1 1 2 0 1 1 2 2 0 1 0 0 3 0 0 1 1 1 1 1 2 0 2 1 3 0 0 1 1 1 1 1 1 0 1 1 1 2 0 1 3 0 3 0 1 1 0 1 3 0 2 0 0 1 2 0 1 0 2 1 1 2 0 0 2 0 1 1 2 0 3 0 1 2 0 1 3 0 1 0 1 2 0 0 0 0 2 1 0 0 3 0 2 0 3 0 2 2 0 0 0 1 0 2 0 1 2 0 1 1 2 1 1 1 0 1 1 1 0 0 2 1 3 0 0 0 1 0 3 0 0 2 0 2 0 2 0 0 1 0 0 0 0 2 0 2 0 0 2 0 0 1 1 1 1 0 0 1 1 0 2 1 0 2 0 1 0 0 1 1 2 1 1 0 2 1 2 1 1 0 1 1 0 1 1 1 0 1 0 0 3 0 2 1 2 2 0 1 1 0 0 1 0 2 0 0 2 1 0 1 1 0 0 0 2 1 0 1 3 0 3 0 0 0 0 1 0 1 0 1 2 1 2 0 3 0 0 2 0 0 0 1 1 0 2 0 1 1 2 0 1 1 2 0 2 0 1 1 2 0 0 1 3 0 1 1 1 0 2 1 0 2 0 0 0 0 2 1 0 1 1 0 1 0 0 2 0 1 0 2 0 1 1 1 3 0 3 0 0 0 2 1 2 1 2 1 2 1 2 0 2 2 0 0 1 2 0 2 0 1 0 1 2 0 0 1 1 0 1 0 1 1 1 1 2 0 0 1 0 1 2 0 2 0 2 0 0 1 2 0 0 1 2 0 2 1 0 0 3 0 2 0 1 2 0 1 2 1 3 0 3 0 0 0 0 0 2 0 0 1 3 0 2 0 0 0 2 1 1 1 1 0 2 1 0 1 1 0 1 0 0 1 3 0 3 0 1 0 1 1 1 1 0 1 1 1 0 1 3 0 3 0 3 0 3 0 2 1 0 2 0 0 1 1 3 0 2 2 0 0 2 0 0 1 3 0 3 0 2 1 0 1 1 1 0 1 1 1 0 0 2 1 2 1 2 1 0 1 2 0 2 2 0 1 0 1 3 0 3 0 0 1 0 0 2 0 0 0 2 0 2 2 0 1 2 2 0 0 1 0 2 0 1 1 2 0 2 0 3 0 2 1 2 1 2 1 2 0 0 0 1 0 1 1 2 0 1 2 0 0 3 0 2 1 0 0 2 1 1 1 1 1 1 0 3 0 0 0 0 1 1 0 1 2 0 1 0 0 3 0 1 2 0 1 0 1 1 1 0 0 1 0 1 1 1
0 607 1 0 0 2 0 1 2 2 0 1 2 0 3 0 1 1 1 0 1 0 0 1 2 1 1 1 1 1 3 0 0 0 0 0 0 0 0 0 1 0 3 0 3 0 1 1 2 0 2 0 2 1 0 0 2 0 1 1 2 0 2 0 2 0 1 0 3 0 2 2 0 1 2 0 2 2 0 1 1 1 2 0 0 1 2 0 3 0 2 1 1 2 0 0 3 0 0 0 0 0 0 0 3 0 0 1 0 1 1 2 0 0 0 0 2 1 0 1 1 1 0 1 3 0 1 0 3 0 2 0 2 1 1 0 0 2 0 1 0 0 0 0 0 1 3 0 0 0 1 2 0 1 2 0 1 1 1 0 2 1 2 1 2 2 0 2 0 1 2 1 2 0 0 0 1 2 0 1 2 2 0 1 2 0 2 0 1 0 1 0 1 1 1 1 1 1 3 0 2 2 0 0 0 1 2 1 2 0 0 1 2 0 3 0 0 0 1 2 0 2 0 1 3 0 2 0 1 1 0 0 1 0 1 0 0 1 3 0 0 1 1 0 1 0 0 1 1 1 1 1 2 0 2 1 1 0 1 0 0 0 0 1 1 0 0 0 2 1 2 1 2 1 1 0 1 1 1 0 0 0 0 0 0 0 0 0 0 2 0 2 0 1 2 1 1 2 0 1 2 1 1 1 1 1 2 1 0 1 1 1 1 0 1 0 2 0 1 2 0 0 0 2 0 0 2 1 2 0 2 1 1 1 2 0 1 0 1 0 1 0 0 0 2 0 2 2 0 1 0 2 0 0 0 0 3 0 1 0 1 0 2 0 3 0 2 0 3 0 1 0 0 1 0 0 1 0 0 1 2 0 3 0 1 1 0 0 1 1 0 1 3 0 1 0 0 1 0 1 1 0 2 0 2 1 1 0 0 1 0 1 2 1 2 0 0 1 1 1 1 1 3 0 1 1 1 1 1 0 1 0 2 0 1 1 2 0 2 1 3 0 3 0 2 0 0 0 2 0 0 1 2 0 3 0 3 0 3 0 1 1 1 1 2 2 0 0 2 0 2 0 2 2 0 1 2 1 2 0 3 0 1 1 1 0 2 0 0 0 1 2 0 1 2 0 1 0 0 1 1 1 0 0 2 1 0 0 0 1 2 0 2 1 1 2 0 1 0 1 1 1 1 0 2 1 0 1 1 0 2 1 2 1 1 0 0 0 0 0 1 0 3 0 2 0 1 0 0 2 0 1 1 0 2 1 0 0 0 0 0 0 3 0 2 0 1 1 0 1 1 1 3 0 2 0 1 1 2 1 1 0 1 0 1 1 0 0 3 0 3 0 2 0 0 1 0 0 0 0 1 2 0 0 2 0 3 0 1
1 607 2 0 1 2 0 1 1 1 0 1 0 0 2 2 0 1 2 0 2 0 1 1 0 1 3 0 2 1 1 1 1 0 0 0 0 0 0 0 2 1 3 0 3 0 0 0 0 0 1 0 1 1 0 1 1 0 0 0 0 0 1 0 0 2 0 0 3 0 2 1 0 1 0 0 2 1 0 0 2 0 3 0 1 1 0 0 3 0 1 2 0 0 3 0 1 1 1 0 0 0 0 1 2 1 2 0 0 0 2 1 2 1 0 1 1 1 1 0 2 0 0 1 1 2 0 0 3 0 1 0 1 1 2 0 1 1 3 0 2 1 0 0 1 1 1 1 1 1 0 1 0 0 3 0 3 0 1 1 2 0 1 0 1 1 0 2 0 1 0 2 0 1 1 1 0 1 0 1 1 1 0 1 0 0 0 1 3 0 2 0 3 0 2 0 2 1 2 0 2 0 2 1 1 1 0 2 0 1 2 1 0 0 2 1 1 1 0 1 0 2 0 1 2 0 0 2 0 1 0 0 2 0 2 0 1 1 1 1 2 0 1 0 2 0 1 0 2 0 2 1 0 0 1 1 2 0 2 0 0 0 1 0 1 0 0 1 2 0 1 0 0 1 2 0 3 0 1 0 0 0 0 0 0 0 0 0 1 2 0 2 0 1 0 2 0 1 0 1 0 1 3 0 2 1 0 1 1 0 2 0 1 0 2 1 1 0 0 0 2 1 1 1 3 0 1 0 0 0 1 1 3 0 3 0 2 0 2 0 2 0 0 1 1 0 2 1 0 0 0 1 2 1 0 1 2 1 3 0 2 1 1 0 3 0 1 0 2 1 3 0 0 2 0 0 2 0 1 1 0 0 2 2 0 1 0 0 3 0 0 1 1 1 3 0 1 0 0 0 1 1 1 0 1 1 2 0 1 0 0 1 0 2 0 1 2 0 2 0 2 1 1 2 0 1 3 0 1 0 2 1 1 0 0 0 0 0 2 0 2 0 3 0 0 1 1 1 0 1 2 1 0 0 3 0 3 0 2 2 0 2 0 0 1 0 3 0 0 0 1 0 2 1 0 1 1 0 0 0 2 2 0 1 2 1 0 1 1 1 0 1 0 0 3 0 2 0 1 0 1 2 0 1 1 1 0 0 1 1 0 0 1 2 0 1 0 0 0 0 2 0 1 1 1 1 1 0 1 1 2 0 0 1 2 0 0 0 0 0 2 1 3 0 0 1 3 0 1 2 0 0 1 1 1 1 0 0 0 0 0 1 3 0 0 2 0 1 1 0 2 1 2 0 1 0 0 0 0 1 2 0 2 0 2 2 0 1 3 0 3 0 0 1 1 2 0 0 0 1 0 0 3 0 0 0 2 2 0
1 608 1 1 0 0 1 0 0 1 2 0 2 0 1 2 1 0 1 0 0 0 2 0 1 1 1 2 0 1 1 3 0 1 0 0 0 0 0 0 1 2 0 2 0 2 1 1 0 0 0 2 0 3 0 0 0 1 0 0 0 0 0 2 0 1 1 3 0 2 0 1 1 0 2 0 1 1 1 0 1 1 0 2 2 0 1 0 1 3 0 0 0 3 0 1 2 0 1 2 0 0 0 1 1 0 2 0 1 1 1 2 0 0 1 1 0 2 0 1 1 0 1 2 0 2 1 3 0 1 2 0 0 0 0 0 0 0 0 2 0 1 1 0 0 3 0 2 0 1 2 0 2 0 1 3 0 2 2 0 2 0 1 3 0 3 0 0 2 0 0 0 2 0 0 2 0 0 0 0 0 1 2 0 2 0 0 1 1 2 0 1 0 3 0 1 0 2 0 0 0 1 0 1 1 3 0 0 2 0 1 0 1 0 1 1 1 3 0 0 0 0 2 0 0 3 0 1 1 3 0 3 0 0 0 0 2 0 1 3 0 3 0 2 1 0 2 0 0 1 0 1 1 0 1 0 0 0 0 0 1 1 0 2 0 2 0 1 0 3 0 2 0 1 1 0 0 2 1 3 0 0 0 0 0 0 0 0 1 0 1 0 2 0 0 0 2 0 0 0 0 0 1 2 0 1 1 1 0 1 1 0 2 0 0 1 1 2 0 0 1 1 2 0 0 1 1 3 0 0 1 0 0 2 0 3 0 1 0 1 0 0 1 2 0 1 1 1 1 0 0 1 1 0 1 1 1 1 0 2 0 1 1 2 1 2 2 0 0 2 0 1 1 2 1 2 2 0 2 0 1 0 1 2 0 3 0 3 0 1 1 2 0 2 1 1 1 3 0 0 0 3 0 1 0 3 0 3 0 2 0 1 0 0 2 0 1 0 0 1 0 1 2 0 1 0 1 1 2 0 0 1 1 2 0 0 0 0 1 1 0 1 0 2 1 2 0 2 0 0 1 0 1 0 1 3 0 3 0 2 1 0 1 2 1 2 1 2 1 1 0 2 1 1 1 1 0 1 0 0 1 2 1 0 1 0 1 1 0 1 2 0 2 0 1 3 0 0 2 0 0 0 1 0 0 1 2 0 0 2 2 0 1 0 0 3 0 2 1 0 1 0 2 0 1 3 0 1 0 3 0 3 0 1 0 3 0 0 0 0 1 2 0 1 1 2 1 2 0 0 0 2 1 3 0 1 2 0 0 0 0 1 1 1 1 2 2 0 0 1 1 1 2 0 1 3 0 0 0 1 1 0 0 1 0 2 1 0 1 2 0 2 1 2 0 2 1 2 1 0 2 0 1 2 1 1 1 2 0 2
0 609 1 0 1 0 0 2 0 1 0 1 0 2 0 1 0 1 0 2 0 0 1 2 0 0 2 1 0 0 0 0 1 1 3 0 0 0 0 0 1 1 0 0 1 0 1 1 2 0 0 1 1 0 2 1 1 0 2 0 0 0 0 1 1 0 0 0 2 0 0 2 0 1 1 2 0 0 2 0 0 0 1 1 2 1 0 0 0 1 1 1 1 1 3 0 0 1 0 0 3 0 0 0 3 0 0 2 0 0 2 0 3 0 1 0 1 1 0 2 0 1 1 1 0 0 2 0 2 0 0 0 2 1 0 0 0 0 0 1 0 2 0 1 0 1 3 0 1 0 0 1 0 2 0 1 2 0 2 1 0 2 0 1 2 0 2 1 2 1 2 1 1 1 2 2 0 1 1 0 0 1 0 1 0 1 2 1 3 0 3 0 2 1 2 2 0 0 0 1 1 0 2 1 0 0 1 1 2 2 0 0 0 0 0 0 2 1 1 1 1 0 1 1 3 0 2 0 0 0 2 0 2 1 1 0 1 2 0 1 2 0 3 0 1 1 1 1 2 1 2 0 2 2 0 2 0 0 0 0 1 0 1 1 1 0 0 2 0 0 3 0 0 2 0 1 0 1 2 0 1 1 1 0 0 0 0 0 1 0 0 0 0 1 2 1 1 1 2 1 0 0 1 0 3 0 3 0 1 0 3 0 0 1 2 1 3 0 3 0 1 0 2 1 2 2 0 0 1 1 1 2 0 1 1 0 2 1 3 0 2 0 1 0 3 0 3 0 1 2 0 0 3 0 0 0 2 0 1 1 1 0 0 0 1 0 1 0 3 0 0 0 0 0 1 0 1 1 0 2 0 0 0 1 0 0 3 0 3 0 0 0 0 0 1 2 0 0 1 1 1 1 2 2 0 0 3 0 3 0 0 1 3 0 1 1 3 0 2 1 2 1 0 1 0 0 0 0 2 1 2 1 3 0 3 0 0 0 1 0 1 0 2 1 2 0 0 0 0 1 2 0 0 0 0 1 2 0 3 0 1 1 1 1 1 0 1 0 0 1 2 1 1 1 3 0 1 0 2 0 1 1 0 1 1 0 0 0 1 1 0 1 0 2 0 1 1 1 2 1 2 1 0 2 0 1 0 0 3 0 1 0 3 0 3 0 2 0 1 1 1 0 0 2 0 1 1 2 0 0 3 0 2 2 0 0 2 1 1 0 1 1 0 0 0 0 0 2 0 1 1 1 2 0 2 0 0 0 2 1 0 0 3 0 2 1 1 0 2 1 3 0 2 2 0 1 1 1 1 0 2 2 0 0 2 1 1 1 1 1 0 0 2 0 0 0 2 0 0 1 1 2 0 1 0 2 0 0 0 0 1
1 609 2 0 2 0 1 2 0 0 0 0 0 2 0 0 0 0 0 1 2 2 0 0 3 0 0 1 0 0 0 1 0 0 1 1 1 0 0 0 2 2 0 0 2 0 3 0 3 0 1 0 1 1 1 1 2 1 0 1 1 0 1 0 1 0 0 1 0 1 2 2 0 0 2 1 2 2 0 1 1 1 0 0 0 1 0 0 1 0 2 0 2 1 1 1 1 2 0 1 2 1 1 1 2 1 2 1 3 0 0 0 2 1 3 0 3 0 0 2 0 0 1 2 0 1 1 0 0 1 1 1 1 1 0 0 0 0 1 0 0 2 0 0 0 1 1 1 3 0 1 0 0 2 0 1 0 0 1 1 1 2 0 1 0 0 2 0 1 0 0 2 0 0 1 1 0 0 1 0 1 0 0 0 0 1 1 0 2 0 3 0 2 0 1 0 2 1 1 0 1 1 1 1 0 1 0 0 1 0 2 1 0 0 0 1 1 1 3 0 1 1 0 0 2 0 0 1 1 1 1 0 1 1 2 1 0 1 0 1 0 0 2 2 0 2 0 0 1 0 0 0 2 1 0 1 2 1 0 0 2 0 3 0 1 0 1 1 3 0 1 1 2 2 0 0 0 0 3 0 3 0 1 0 0 0 0 0 2 0 0 0 1 1 0 2 0 0 0 1 0 0 2 1 3 0 2 2 0 0 2 1 2 1 1 0 2 0 2 2 0 0 2 0 1 0 2 1 3 0 2 2 0 0 1 1 2 0 2 0 0 2 0 0 3 0 3 0 0 0 3 0 1 1 1 1 0 2 0 1 2 0 0 0 2 0 2 1 2 1 1 0 0 0 2 0 3 0 0 1 2 1 0 2 0 1 3 0 2 1 1 0 0 1 0 0 2 1 3 0 2 1 1 0 3 0 2 0 2 1 2 1 2 0 0 0 2 0 2 0 0 1 0 2 0 0 0 1 2 0 1 0 2 0 2 1 1 0 2 0 2 1 1 2 0 1 1 0 1 0 3 0 0 0 1 1 0 0 2 2 0 1 3 0 1 0 2 0 1 1 0 2 0 0 1 2 0 0 0 2 0 1 1 0 1 0 0 0 3 0 0 0 0 2 0 0 2 1 1 0 0 1 1 1 3 0 3 0 1 2 0 0 3 0 3 0 0 2 0 1 2 0 1 2 0 0 2 1 3 0 2 0 2 0 3 0 0 1 2 0 2 2 0 0 0 0 1 2 0 0 2 1 0 0 0 1 1 1 1 1 0 1 3 0 1 1 2 1 2 0 2 0 2 1 0 0 2 0 1 1 2 0 3 0 0 1 3 0 1 2 0 1 0 1 1 1 0 1 2 0 2 2 0 0 0 1 2 1 0 0 2
0 610 1 1 0 1 0 0 0 2 1 0 0 1 1 2 1 0 0 1 1 1 0 3 0 1 1 1 2 0 0 0 2 0 0 3 0 1 0 0 1 2 0 3 0 0 0 3 0 2 1 3 0 3 0 2 1 0 1 1 0 1 0 2 0 2 0 1 0 0 1 1 0 3 0 1 0 1 1 0 0 1 2 0 0 0 2 0 0 2 1 1 0 1 1 3 0 2 2 0 1 0 2 0 0 1 0 1 0 1 1 1 1 2 0 2 0 2 1 2 1 2 2 0 1 0 0 1 0 1 0 2 0 1 2 0 0 0 0 2 0 1 1 2 1 1 0 2 1 1 1 3 0 1 1 3 0 2 1 3 0 2 1 3 0 2 2 0 1 3 0 1 1 2 1 2 2 0 0 2 0 2 0 0 0 1 0 1 1 1 0 3 0 0 2 0 0 1 1 2 0 3 0 1 2 0 2 0 0 2 1 1 1 0 0 1 0 2 1 1 2 0 1 0 1 0 1 2 0 2 0 1 1 0 0 0 1 0 2 0 2 0 1 2 1 0 1 2 1 2 0 0 1 1 1 1 1 0 1 0 1 1 0 2 2 0 0 0 0 2 0 0 0 1 0 2 1 0 1 3 0 2 1 3 0 0 0 0 1 0 1 1 0 3 0 0 1 2 1 0 2 0 1 2 0 2 0 2 0 3 0 1 0 0 1 2 1 1 0 2 0 2 2 0 2 0 0 2 0 2 0 2 0 2 2 0 0 0 0 0 1 2 1 3 0 2 0 2 1 1 1 2 2 0 1 3 0 0 2 0 0 3 0 0 1 1 0 2 0 0 1 2 0 0 1 1 0 2 1 2 1 0 1 1 2 0 1 2 0 1 1 2 0 0 2 0 1 2 0 2 0 1 1 2 1 3 0 1 0 2 0 0 2 0 1 1 1 1 0 0 1 2 0 0 1 2 1 1 0 3 0 2 1 1 0 1 1 2 1 1 0 1 2 0 1 0 0 1 0 2 1 2 1 1 0 2 2 0 1 2 1 0 1 1 2 0 0 0 2 0 1 1 1 2 2 0 0 2 1 1 2 0 0 1 0 2 0 0 1 2 1 1 0 1 1 3 0 0 1 2 0 1 0 2 1 2 0 3 0 0 0 3 0 2 0 2 1 2 2 0 1 0 0 0 0 3 0 1 0 2 0 1 0 1 0 2 1 2 1 0 0 2 0 2 1 0 1 0 0 3 0 0 1 0 0 1 0 2 0 2 0 0 1 2 0 0 0 1 0 0 0 1 0 1 1 0 1 1 0 0 0 0 0 2 1 2 1 2 0 0 1 0 0 0 0 2 0 0 1 0 0 2 0 2 1 1 1 0 1 0 1 1
0 611 1 0 1 0 2 0 0 1 1 1 0 1 0 0 0 1 0 0 3 0 1 1 2 2 0 2 0 0 2 1 1 1 3 0 1 1 3 0 1 1 0 0 2 1 1 1 3 0 2 0 2 0 3 0 1 1 1 0 1 0 2 1 1 0 0 1 3 0 1 0 1 1 2 1 3 0 2 2 0 1 0 0 2 1 1 1 3 0 0 1 2 1 0 0 2 0 2 1 0 0 0 1 2 1 2 0 2 0 3 0 2 1 0 0 1 0 2 0 1 0 1 0 3 0 2 1 2 0 2 1 1 0 0 0 2 1 0 1 1 0 0 0 0 1 2 1 1 2 0 0 2 0 0 0 2 0 2 0 2 0 2 0 2 0 2 1 0 1 2 0 0 0 1 0 1 0 3 0 0 0 0 1 1 0 2 0 3 0 1 1 2 1 2 1 2 2 0 0 0 0 3 0 0 1 0 1 3 0 0 1 2 2 0 0 2 1 1 2 0 1 0 0 0 0 0 1 0 0 0 2 0 1 0 0 1 0 0 2 0 2 0 1 0 1 1 1 0 2 0 1 2 0 2 0 2 0 0 0 0 0 1 1 2 0 2 1 0 1 0 1 1 0 2 1 1 1 1 1 2 0 2 0 1 1 1 0 1 0 0 0 1 1 2 1 2 1 0 1 1 2 0 1 0 0 1 0 1 0 2 1 3 0 1 1 0 1 2 1 1 0 2 1 0 1 3 0 0 0 1 0 1 0 2 0 2 1 0 0 1 1 1 0 2 0 1 0 1 2 0 0 1 1 0 1 1 1 2 1 3 0 1 1 2 0 1 1 0 1 2 0 3 0 1 0 1 1 2 0 0 1 1 0 2 2 0 0 3 0 3 0 3 0 1 2 0 1 0 0 1 0 0 0 1 0 1 2 0 0 0 1 2 2 0 0 2 0 1 0 1 0 3 0 1 1 0 1 2 1 3 0 1 1 2 1 0 0 0 1 2 1 0 0 3 0 2 1 2 1 2 0 0 1 2 1 2 1 0 1 0 1 1 0 2 1 2 1 1 2 0 0 2 1 1 0 3 0 0 2 0 0 2 1 2 1 0 1 2 1 0 1 2 1 0 0 1 1 2 0 3 0 2 1 2 0 0 0 2 1 1 1 3 0 1 0 2 0 1 0 3 0 2 1 0 1 2 2 0 0 0 1 3 0 2 1 2 0 0 1 0 1 1 0 1 1 0 2 0 1 2 1 1 2 0 0 2 1 1 0 0 1 2 0 3 0 0 0 2 0 0 0 2 0 3 0 0 0 1 0 0 0 0 1 2 0 0 2 0 1 1 2 0 0 0 1 0 1 1 2 0 1 1 0 1 1 3 0 0 0 0 0 1
1 611 2 0 2 1 0 1 2 0 1 2 0 2 0 0 0 2 0 1 3 0 0 0 1 1 0 1 3 0 0 2 0 0 2 0 0 0 1 2 0 1 0 1 1 2 0 0 2 0 1 0 1 0 2 2 0 1 2 0 2 1 1 1 2 0 1 1 1 2 0 0 0 0 1 0 2 0 2 0 3 0 3 0 0 2 0 0 1 1 2 1 0 1 0 1 1 0 1 1 0 0 1 1 1 0 0 0 1 0 3 0 1 1 0 0 2 1 0 1 3 0 2 1 3 0 2 0 0 0 1 1 2 0 0 1 1 1 1 0 1 0 0 0 1 1 0 2 0 0 2 2 0 1 1 1 1 0 1 0 1 0 1 0 1 0 1 1 1 0 3 0 0 0 2 0 2 1 2 1 1 0 1 0 1 1 1 0 3 0 0 0 1 0 1 0 1 0 2 1 0 1 2 1 2 0 0 1 1 1 2 1 1 0 3 0 0 2 0 0 3 0 2 1 0 0 0 2 0 0 1 1 3 0 2 1 2 0 1 2 0 2 0 0 0 0 2 0 0 2 0 1 0 0 1 0 0 1 1 0 0 1 0 0 0 0 1 1 1 0 0 0 1 1 1 1 3 0 2 1 0 0 0 2 0 1 2 0 2 0 0 1 0 0 1 0 0 1 1 0 2 1 3 0 2 1 2 0 2 1 2 0 1 2 0 1 1 1 0 1 2 1 1 1 1 1 1 1 1 0 2 0 2 1 1 0 1 1 0 0 3 0 1 1 0 2 0 0 0 0 2 1 3 0 0 0 2 1 1 0 1 2 0 2 0 2 0 1 1 1 0 0 2 1 3 0 3 0 3 0 1 0 1 1 2 0 3 0 2 0 3 0 3 0 0 0 3 0 2 1 2 0 0 0 2 1 0 0 2 1 1 1 1 0 2 2 0 1 3 0 2 1 2 2 0 1 1 1 1 0 2 0 0 0 0 1 0 0 1 1 0 1 0 1 3 0 2 0 0 2 0 1 2 1 1 0 0 1 1 0 0 0 1 1 2 0 0 2 0 0 3 0 0 1 2 1 2 1 2 1 3 0 1 0 0 1 1 1 0 1 1 1 0 1 0 1 0 0 0 0 3 0 1 2 0 1 1 1 1 2 0 0 1 2 0 0 0 2 0 0 3 0 1 1 1 1 1 0 2 1 1 1 2 0 1 2 0 1 2 0 0 0 1 0 3 0 0 2 0 1 0 2 0 0 3 0 0 1 2 0 1 1 0 0 2 1 1 1 0 1 1 1 1 0 2 1 1 0 2 0 0 0 1 0 3 0 1 2 0 0 2 1 2 1 1 0 0 0 2 2 0 0 1 1 0 0 1 1 1 0 0 0 2
0 612 1 1 0 1 1 1 1 0 0 0 1 0 1 2 1 1 2 0 1 1 1 1 0 3 0 0 1 1 1 2 1 2 2 0 1 1 1 0 1 0 0 0 0 2 1 2 2 0 1 3 0 2 1 2 1 0 1 0 0 1 1 3 0 3 0 3 0 2 1 2 1 0 0 2 1 1 0 1 0 3 0 2 1 2 1 2 2 0 0 0 1 1 0 0 0 1 0 2 2 0 0 3 0 1 0 0 0 2 1 2 2 0 1 0 1 1 1 1 1 2 0 2 0 2 0 0 1 1 0 3 0 3 0 1 0 2 0 1 0 2 0 0 0 3 0 0 1 3 0 1 1 0 0 2 0 1 0 2 0 2 0 2 0 2 0 3 0 1 1 2 1 1 1 1 0 2 0 0 1 2 0 2 0 3 0 1 1 2 1 1 0 2 0 2 0 2 1 1 1 1 1 0 2 0 1 2 0 2 1 0 1 2 1 2 1 2 1 3 0 2 0 1 1 0 0 1 1 2 2 0 0 2 0 2 0 0 0 0 1 0 1 2 1 0 1 0 1 2 1 3 0 2 1 2 0 1 0 1 0 0 2 0 0 0 0 3 0 1 0 0 0 3 0 2 1 2 0 1 1 0 0 1 2 0 1 0 0 0 1 1 2 0 0 2 0 1 0 1 1 2 0 2 0 2 0 0 0 2 0 0 0 0 1 0 0 2 0 0 1 0 1 3 0 2 0 2 0 1 1 1 0 1 1 2 0 2 2 0 1 2 2 0 1 1 1 2 1 0 1 2 0 1 1 1 1 1 1 2 1 0 1 0 2 0 2 0 0 1 2 0 1 2 0 2 0 3 0 2 2 0 0 0 0 0 0 3 0 1 0 3 0 2 1 1 1 3 0 1 2 0 1 1 1 1 1 0 1 1 1 3 0 1 1 2 1 0 1 2 0 2 0 1 1 0 0 2 0 1 1 0 1 1 0 0 2 0 0 3 0 0 0 0 1 2 0 0 1 2 2 0 1 0 1 2 0 1 0 1 0 0 0 3 0 3 0 1 1 3 0 1 1 2 1 1 0 1 0 1 0 1 1 3 0 1 0 2 0 0 0 1 2 0 2 0 2 0 0 0 1 3 0 0 1 0 0 2 0 2 1 2 2 0 0 2 1 1 1 3 0 1 2 0 1 3 0 1 1 1 2 0 0 0 0 0 1 0 0 3 0 0 0 2 1 2 1 2 2 0 0 0 1 3 0 1 1 2 0 3 0 2 2 0 1 1 1 3 0 0 0 2 0 1 1 1 1 2 1 0 1 1 0 2 1 3 0 0 0 3 0 1 0 0 1 2 0 0 1 2 0 2 1 2 2 0 0 3 0 1 0 0 1 1
0 613 1 0 1 0 3 0 1 2 0 0 1 0 0 1 0 2 0 1 0 0 2 0 1 1 2 1 2 0 2 1 1 0 1 1 0 0 1 2 0 2 0 0 0 1 2 0 1 1 0 1 2 0 2 0 0 1 0 2 0 1 0 0 2 0 3 0 3 0 2 0 0 1 0 1 1 1 2 0 2 1 3 0 2 0 1 0 1 0 2 1 1 0 1 0 0 0 2 1 2 0 3 0 1 1 3 0 0 1 2 0 1 1 0 0 0 0 2 0 2 1 0 0 1 0 0 1 2 0 1 1 3 0 2 2 0 0 0 2 0 0 0 1 1 1 2 1 2 1 1 2 0 1 0 1 0 2 0 0 1 0 1 0 1 0 1 0 3 0 0 0 0 1 3 0 1 1 0 1 2 1 0 0 1 0 3 0 0 0 0 1 2 1 1 0 1 0 1 1 3 0 2 0 0 2 0 1 0 0 1 1 1 1 1 0 1 0 1 0 2 0 0 2 0 1 0 1 0 0 1 0 3 0 0 0 0 1 1 0 1 0 0 1 0 1 1 0 0 1 1 0 2 0 1 2 0 1 3 0 2 0 1 1 2 1 0 1 2 1 3 0 0 1 3 0 1 2 0 2 0 1 0 1 0 0 3 0 2 1 1 0 2 1 2 2 0 2 0 0 0 0 0 0 1 0 0 1 1 1 0 1 1 0 0 2 0 1 0 1 2 0 0 1 2 0 1 0 0 2 0 1 2 1 0 0 0 0 2 1 0 1 1 1 0 0 2 1 0 1 1 0 3 0 3 0 2 0 2 1 0 1 1 0 0 2 0 1 2 2 0 1 0 1 0 0 1 0 3 0 2 0 2 1 0 0 0 1 2 2 0 0 3 0 1 2 0 0 2 0 0 1 0 0 2 0 2 0 0 0 2 1 2 0 0 0 0 1 1 1 0 0 0 2 0 1 0 1 0 2 0 1 1 0 1 0 1 1 3 0 1 1 1 0 1 0 3 0 1 1 1 1 0 0 0 0 3 0 2 0 2 0 0 1 3 0 3 0 0 0 2 0 0 0 0 1 2 0 2 0 2 1 0 0 1 2 0 0 0 1 1 1 0 1 0 2 0 1 2 1 1 1 1 1 1 2 0 1 1 0 2 0 1 0 3 0 0 2 0 0 2 0 0 1 0 1 1 2 0 2 0 0 2 1 0 0 0 2 0 1 2 1 1 1 2 0 1 0 1 0 2 1 1 1 2 0 0 0 0 0 3 0 2 1 0 0 2 1 1 1 1 1 0 2 0 2 0 0 0 1 1 0 1 1 2 0 1 1 1 1 2 1 3 0 1 0 3 0 1 1 0 0 2 0 1 0 3 0 1 1 3 0 1 0 1
1 613 2 0 2 1 3 0 0 0 2 1 2 0 1 0 0 1 3 0 3 0 0 0 0 0 1 0 0 0 1 1 2 0 2 2 0 1 0 1 0 1 2 1 1 0 3 0 3 0 0 1 0 0 0 1 2 0 0 1 3 0 3 0 0 0 3 0 3 0 0 1 2 0 0 0 2 1 0 0 2 0 2 0 0 1 3 0 2 1 1 1 2 0 2 0 0 1 2 0 0 0 3 0 0 0 1 1 2 0 3 0 2 2 0 0 0 1 1 0 1 1 0 0 2 0 1 1 0 0 0 0 2 0 2 0 2 1 1 1 2 1 1 0 2 1 1 0 0 2 0 1 0 0 0 0 0 1 2 1 2 0 2 0 2 0 2 1 2 1 1 0 1 1 1 2 0 1 1 1 0 1 0 0 2 1 2 1 1 0 1 1 0 1 2 0 2 1 0 0 2 0 0 1 2 1 3 0 2 1 3 0 2 0 1 0 2 0 2 1 0 1 2 1 3 0 3 0 2 1 2 1 2 1 1 0 1 0 1 0 2 0 1 0 0 0 1 0 1 0 1 1 1 0 0 1 0 1 2 0 1 0 0 0 0 1 1 1 1 0 1 1 2 1 2 0 0 1 0 1 3 0 3 0 3 0 2 0 1 1 2 1 2 0 1 1 0 1 2 1 0 0 0 0 2 0 1 0 2 0 0 0 1 0 1 2 0 0 0 0 3 0 1 0 3 0 2 0 1 2 0 1 0 1 0 0 0 1 1 1 1 0 1 2 0 1 1 1 1 0 1 1 3 0 3 0 1 0 1 1 1 0 1 0 1 2 0 1 1 0 3 0 3 0 2 1 2 1 3 0 1 0 1 1 0 0 1 1 1 0 3 0 2 0 0 0 2 2 0 1 1 2 0 1 1 0 0 1 1 1 1 2 0 1 1 0 1 0 1 2 0 0 1 2 0 0 0 0 0 2 0 0 1 0 2 1 0 0 1 2 0 1 2 0 2 1 2 2 0 1 2 2 0 0 0 1 3 0 1 0 0 1 2 1 2 0 2 1 1 1 0 1 1 0 1 1 0 0 1 0 1 1 0 1 0 0 2 1 1 0 2 0 0 0 0 2 0 1 0 1 3 0 2 0 2 2 0 0 1 1 0 2 0 0 2 1 2 1 2 2 0 1 2 0 0 0 2 2 0 1 3 0 0 1 0 0 1 2 0 1 0 1 3 0 3 0 2 0 2 1 1 1 3 0 3 0 0 0 0 1 3 0 1 1 0 1 1 1 3 0 2 0 0 2 0 1 2 1 1 0 1 0 3 0 3 0 3 0 2 1 1 0 1 2 0 0 2 2 0 1 0 1 0 2 0 0 3 0 0 0 1 1 3 0 2
0 614 1 1 0 2 0 1 1 1 1 1 2 0 1 3 0 1 1 2 0 2 1 1 0 0 0 2 0 0 1 0 0 0 0 2 1 0 0 0 0 0 1 0 1 2 1 3 0 2 1 1 2 0 0 1 0 3 0 1 1 2 0 2 1 1 1 3 0 2 1 2 0 3 0 0 1 1 1 0 1 1 0 0 1 2 1 2 0 1 2 0 0 0 0 0 1 2 0 3 0 0 1 2 1 1 1 0 0 0 0 3 0 2 0 2 1 1 0 1 0 2 2 0 1 0 2 0 1 0 0 0 1 1 0 1 0 1 2 0 0 0 1 2 1 1 1 2 0 1 1 3 0 2 1 0 0 1 1 1 0 0 0 1 0 1 0 2 0 0 1 2 0 3 0 2 2 0 0 1 2 0 2 0 1 2 0 0 1 2 0 3 0 0 1 0 0 1 1 0 1 0 1 2 1 1 0 2 0 2 0 2 0 0 2 0 0 1 0 1 1 1 1 1 0 2 0 3 0 2 0 1 0 0 1 2 0 2 0 2 1 0 1 3 0 0 0 2 0 2 0 3 0 1 0 1 0 0 0 3 0 2 0 0 0 1 0 2 0 1 1 0 0 0 2 0 1 2 0 0 1 2 0 3 0 3 0 1 0 0 0 0 2 0 2 0 1 1 1 0 1 0 0 0 1 0 2 0 0 0 1 1 0 2 1 0 0 2 1 0 1 2 2 0 0 3 0 1 0 0 0 3 0 3 0 2 1 1 0 2 0 1 1 0 1 0 0 2 0 1 1 0 0 2 0 2 1 3 0 3 0 1 0 2 1 0 1 0 0 1 1 3 0 3 0 2 0 1 0 1 1 3 0 2 2 0 0 3 0 1 1 3 0 0 1 1 1 2 1 0 0 2 2 0 0 1 0 1 0 2 0 2 2 0 0 1 0 2 1 0 0 2 2 0 0 2 1 0 0 1 1 2 1 2 1 1 1 0 1 0 1 0 1 0 0 2 0 1 1 0 1 1 0 2 1 1 1 1 1 3 0 1 1 1 0 0 0 1 1 3 0 0 0 1 0 2 2 0 0 2 0 2 2 0 2 0 1 1 1 2 1 0 1 1 0 1 2 0 0 0 1 2 0 1 0 2 0 2 1 3 0 0 1 3 0 1 0 1 0 1 1 0 0 3 0 0 1 2 1 0 1 1 1 1 2 0 1 0 1 0 0 0 1 2 0 3 0 1 0 1 2 0 0 2 0 2 1 1 0 1 1 1 2 0 1 1 0 2 1 2 0 0 1 2 2 0 1 0 1 2 0 2 1 3 0 3 0 3 0 1 1 2 1 0 0 3 0 1 1 0 0 0 0 0 1 3 0 1 1 1 1 0 0 2 0 1
1 615 1 0 1 1 0 2 0 1 3 0 2 2 0 1 2 0 0 0 0 0 1 1 2 0 0 1 0 1 1 2 0 0 0 1 1 1 0 0 0 0 1 0 0 1 1 0 2 0 1 2 0 0 2 1 2 1 3 0 0 0 0 0 1 2 0 0 2 0 2 0 0 0 2 1 2 0 2 0 0 0 1 0 1 1 1 0 0 0 0 0 2 1 0 0 1 1 0 0 2 1 2 1 0 1 2 2 0 0 0 1 3 0 1 0 1 1 2 0 2 1 2 1 0 0 0 1 3 0 2 1 1 0 1 0 2 1 0 0 2 1 1 1 0 2 0 0 0 0 0 0 2 0 1 1 0 0 3 0 1 0 0 0 2 0 2 1 0 1 2 1 0 0 3 0 2 0 2 2 0 1 0 2 0 0 3 0 1 1 0 0 2 1 1 2 0 0 3 0 0 0 0 1 0 1 2 1 1 0 1 0 0 1 2 1 2 1 2 0 3 0 2 0 1 1 1 0 3 0 0 1 3 0 1 1 0 0 1 0 1 1 1 1 1 1 1 1 1 0 1 0 2 1 3 0 2 0 0 1 3 0 0 1 1 0 2 1 0 2 0 1 0 0 1 2 0 0 3 0 1 1 0 0 3 0 2 1 3 0 0 0 1 2 0 2 0 0 1 2 0 2 0 0 1 0 0 1 2 1 1 0 1 1 1 1 0 1 1 1 1 1 1 0 3 0 1 1 3 0 0 1 3 0 3 0 1 1 2 1 0 2 0 1 0 2 0 1 0 2 0 1 0 1 1 0 2 0 2 0 2 2 0 0 1 1 0 2 0 1 0 0 2 0 3 0 0 2 0 0 0 0 2 0 2 0 3 0 2 0 0 0 1 1 2 0 2 1 0 1 0 1 2 0 2 1 2 0 2 1 1 0 2 0 2 1 2 1 1 1 0 1 2 0 3 0 0 1 0 1 0 0 1 0 0 1 2 2 0 2 0 2 0 2 0 1 0 2 0 1 1 0 1 1 1 1 3 0 2 1 1 2 0 1 2 0 0 1 0 0 1 1 1 0 2 1 2 0 3 0 0 0 2 1 0 2 0 0 2 1 0 1 1 0 1 1 0 0 2 1 1 0 3 0 2 1 1 0 2 0 1 1 2 1 1 1 3 0 2 0 2 2 0 1 2 1 2 1 0 1 1 0 2 0 2 1 3 0 3 0 2 1 1 1 0 0 2 2 0 0 0 0 3 0 0 0 1 1 2 0 3 0 2 2 0 0 1 1 1 2 0 1 2 1 1 1 0 0 0 1 0 0 2 0 2 0 3 0 3 0 0 0 0 1 0 1 2 2 0 1 0 0 0 0 1 1 1 2 0 1 2 2 0 1 0 2 0
0 615 2 0 3 0 0 2 0 1 2 0 2 1 0 0 3 0 0 0 0 0 3 0 3 0 1 0 0 0 2 1 2 1 1 0 1 2 0 0 0 0 2 0 1 0 1 1 1 0 0 0 3 0 1 0 1 0 1 1 1 0 0 1 0 0 3 0 0 0 0 1 1 1 2 0 0 0 0 1 1 0 2 0 3 0 1 0 0 0 0 1 1 1 0 0 2 2 0 1 2 0 0 1 1 1 1 0 2 1 1 1 1 2 0 0 0 0 0 0 2 0 0 1 0 0 1 1 2 0 1 1 2 0 2 1 1 1 0 1 1 1 3 0 0 1 2 1 0 0 0 1 0 2 0 1 0 1 2 1 3 0 0 1 1 0 1 1 1 1 0 1 0 1 3 0 1 0 2 1 0 0 0 1 3 0 1 2 0 1 0 1 1 2 0 0 3 0 1 1 1 0 1 0 0 1 0 1 2 0 2 0 1 1 1 0 1 0 0 0 3 0 0 2 0 1 2 1 2 1 2 1 1 2 0 1 0 0 2 0 3 0 2 0 2 0 2 0 1 0 2 1 2 0 2 0 0 1 2 1 1 1 2 0 1 1 1 1 1 1 3 0 2 2 0 0 3 0 1 2 0 1 0 1 3 0 2 0 1 1 1 1 0 1 0 1 2 2 0 1 0 1 2 1 2 0 1 1 0 1 2 0 3 0 2 0 0 0 2 0 2 0 1 1 3 0 0 0 1 1 2 1 2 0 3 0 0 0 0 1 1 2 0 0 0 2 0 0 0 2 0 0 0 0 1 1 1 0 1 0 2 0 2 1 3 0 0 1 3 0 3 0 0 0 2 1 2 1 2 1 0 1 1 0 1 0 3 0 0 1 1 1 0 0 0 0 1 1 1 0 0 1 0 0 2 0 0 0 1 1 2 1 1 0 2 0 0 1 3 0 0 1 0 0 2 1 1 2 0 2 0 0 2 0 1 1 1 1 0 2 0 2 0 2 0 0 0 2 0 0 1 0 3 0 2 1 2 0 1 2 0 1 0 0 3 0 0 2 0 0 3 0 1 1 2 0 0 0 2 1 1 1 1 1 1 1 3 0 0 1 1 0 1 0 2 2 0 1 1 1 2 1 3 0 1 1 2 1 1 0 0 0 0 2 0 0 2 0 1 0 2 1 0 1 1 0 0 1 1 0 1 1 1 0 2 0 2 0 3 0 1 1 2 2 0 1 2 0 2 1 0 1 2 1 1 1 0 0 0 0 3 0 2 0 2 1 3 0 2 2 0 1 0 1 2 2 0 0 0 2 0 1 1 0 1 0 3 0 2 1 1 0 1 0 0 1 1 0 3 0 2 1 0 0 3 0 2 2 0 1 1 1 0 0 0 1 2
1 616 1 1 0 2 1 2 2 0 1 0 0 1 1 0 1 2 1 1 0 0 1 3 0 2 1 3 0 0 1 2 0 0 1 2 1 0 0 2 1 0 1 0 1 3 0 3 0 1 0 0 1 2 1 3 0 2 0 3 0 1 0 0 2 0 1 2 1 1 0 1 0 2 0 3 0 0 0 1 0 1 1 1 0 2 1 3 0 0 0 1 0 1 2 0 1 2 1 0 0 3 0 1 0 2 0 1 1 1 1 3 0 2 1 2 1 0 0 0 1 0 1 1 2 0 1 0 0 0 0 0 0 0 0 1 1 3 0 0 0 2 1 1 1 2 1 0 1 0 0 1 0 0 2 0 0 0 1 1 0 1 1 2 0 1 0 3 0 2 0 0 0 0 1 1 2 0 0 1 1 0 0 1 1 2 0 0 1 0 0 0 0 2 1 3 0 1 2 0 1 2 0 2 0 1 0 0 1 0 0 0 2 0 1 2 0 2 0 0 1 2 1 2 2 0 1 1 0 1 0 0 2 0 0 3 0 3 0 0 0 3 0 1 0 1 0 0 2 0 0 2 0 0 0 0 1 2 1 0 1 3 0 3 0 3 0 2 0 2 1 2 0 2 0 3 0 2 0 0 1 0 0 0 1 2 0 0 2 0 1 3 0 0 0 0 1 1 1 0 0 0 1 0 2 0 2 0 1 1 1 0 0 3 0 0 1 1 1 1 0 1 0 0 0 1 1 1 1 0 0 1 0 0 0 2 1 1 0 1 0 2 1 2 1 1 1 2 1 1 1 2 1 0 0 3 0 1 0 2 1 1 0 2 0 1 1 2 1 2 0 2 1 1 1 2 0 1 0 0 1 1 0 1 0 2 1 2 1 2 0 1 2 0 0 0 0 3 0 1 0 0 2 0 1 0 1 1 1 0 0 0 1 2 1 0 1 2 1 1 1 1 2 0 1 1 2 0 1 0 1 2 2 0 2 0 1 3 0 0 2 0 2 0 1 2 1 1 1 2 1 2 1 3 0 2 0 0 0 0 0 3 0 3 0 1 1 2 1 3 0 1 2 0 2 0 1 1 1 1 1 3 0 2 0 2 1 1 1 2 0 1 0 2 1 2 1 0 0 2 1 1 0 2 0 0 0 0 1 2 0 0 0 1 1 2 2 0 2 0 0 1 1 1 0 1 0 1 0 1 0 3 0 1 1 1 0 1 0 3 0 0 0 1 1 0 1 0 0 1 1 1 1 0 1 2 2 0 0 0 1 3 0 1 0 2 0 2 0 2 1 0 0 0 1 1 0 2 1 1 2 0 0 1 0 2 1 3 0 1 1 2 0 2 0 1 0 1 1 3 0 1 1 0 1 3 0 2 1 0 0 1 2 0 0 1 1 0
1 617 1 0 1 1 2 0 1 0 3 0 2 1 3 0 0 1 0 1 2 0 1 1 2 0 2 0 1 1 2 0 3 0 1 1 0 1 0 1 1 1 1 0 0 1 2 0 2 1 3 0 1 1 1 0 2 0 1 0 2 1 3 0 1 2 0 1 0 1 2 0 2 1 1 0 2 1 1 0 2 0 3 0 1 1 2 0 1 1 1 0 2 1 0 1 0 1 0 1 0 1 2 2 0 0 0 2 0 2 0 0 2 0 2 0 0 1 0 0 1 0 0 0 2 1 3 0 2 1 0 0 0 0 0 1 0 0 1 1 1 1 1 2 0 0 0 1 0 2 0 0 2 0 1 1 2 1 1 0 1 0 3 0 3 0 2 1 3 0 0 1 1 0 1 0 2 1 2 1 2 2 0 0 3 0 3 0 0 2 0 0 0 1 2 0 2 0 0 1 0 1 0 0 0 1 3 0 0 2 0 0 1 2 0 1 0 0 0 1 2 1 1 0 1 1 0 0 1 0 2 0 1 1 3 0 2 0 2 1 1 1 2 1 3 0 2 0 1 1 2 2 0 1 1 0 1 1 0 1 1 1 2 0 3 0 3 0 1 0 2 0 0 0 1 0 3 0 0 1 1 2 0 0 1 0 3 0 1 2 0 1 1 1 1 0 1 0 1 2 0 0 1 0 0 2 0 2 0 0 1 2 0 1 2 1 2 0 2 0 1 0 2 0 0 0 3 0 1 2 0 0 2 0 0 1 1 1 2 0 2 1 2 0 0 2 0 0 0 2 0 0 0 1 0 1 2 2 0 0 1 1 2 1 1 0 0 0 1 0 0 0 1 1 3 0 3 0 2 0 1 0 1 0 2 1 2 0 1 0 0 0 0 0 2 1 0 1 2 1 3 0 1 2 0 0 0 0 1 2 0 0 1 1 0 1 1 1 0 1 3 0 2 2 0 0 2 2 0 0 0 1 1 1 0 2 0 1 1 1 2 2 0 2 0 1 0 2 0 0 1 0 1 0 2 0 0 1 1 0 0 1 3 0 3 0 0 0 1 0 2 0 0 1 0 2 0 0 2 0 2 1 2 0 1 0 1 1 3 0 3 0 2 1 2 0 0 1 0 1 1 1 2 1 0 1 1 0 1 0 3 0 0 1 0 0 1 1 0 1 2 1 3 0 1 0 2 0 2 0 2 1 2 2 0 1 2 0 2 1 2 1 1 0 2 2 0 2 0 0 3 0 2 0 0 1 1 0 2 1 1 1 1 2 0 0 1 0 1 0 1 1 0 0 1 0 1 1 1 2 0 0 2 1 2 1 2 0 2 0 0 0 0 0 0 2 0 0 0 0 1 2 0 1 1 1 2 0 1 1 0 1 0 0 2 1 2 2 0
1 617 2 0 3 0 3 0 2 1 3 0 2 0 1 1 2 0 0 1 0 0 0 0 0 0 1 0 0 0 0 0 2 2 0 1 1 0 0 0 2 0 1 0 1 1 0 0 2 0 1 2 0 1 2 1 0 2 0 0 2 0 2 0 0 1 0 0 0 1 0 0 1 1 2 1 1 1 2 1 1 0 2 2 0 2 0 2 0 1 2 1 1 1 1 0 0 0 0 0 0 1 1 0 2 1 1 2 0 1 3 0 0 0 0 1 1 2 0 0 2 0 0 1 2 0 2 0 1 1 0 0 0 0 0 2 0 0 3 0 2 0 2 1 2 1 1 0 0 1 3 0 0 0 0 0 0 1 2 0 2 1 3 0 3 0 2 0 1 1 2 0 1 0 2 1 2 0 1 0 1 0 3 0 2 0 2 1 2 1 2 1 1 1 0 0 0 1 1 2 0 2 0 0 1 1 1 1 2 1 2 2 0 0 3 0 2 1 1 1 0 1 2 0 2 2 0 0 2 1 1 0 0 0 2 0 1 0 1 2 0 0 1 0 2 0 1 0 0 0 1 1 0 0 1 0 3 0 0 0 2 1 0 0 3 0 2 2 0 0 0 1 1 0 2 1 2 1 2 0 2 1 2 1 2 1 3 0 0 1 0 0 2 0 1 0 2 1 0 0 2 1 2 0 1 2 0 1 2 2 0 1 0 1 1 0 0 0 0 2 0 0 0 1 1 1 3 0 0 0 2 2 0 1 2 0 2 1 0 0 1 2 0 1 2 1 2 1 1 1 2 1 1 0 0 1 1 0 2 2 0 0 0 1 2 0 0 0 2 0 0 1 0 0 2 0 3 0 0 1 3 0 2 1 1 2 0 1 3 0 0 0 0 1 1 1 1 1 1 0 2 0 0 0 2 1 0 1 0 0 2 1 3 0 0 0 2 0 0 1 2 0 2 0 3 0 1 0 2 1 1 0 2 0 0 2 0 0 2 1 1 1 0 2 0 0 0 1 2 1 2 0 2 1 0 1 2 0 1 0 1 1 2 0 2 1 1 0 2 1 0 1 2 0 0 1 3 0 0 0 1 2 0 2 0 0 0 0 2 0 3 0 1 2 0 1 2 0 0 0 2 1 0 1 1 0 1 0 2 1 2 1 1 2 0 0 3 0 0 1 1 0 1 2 0 0 1 0 1 0 2 0 1 1 0 1 0 0 2 0 0 1 2 1 2 1 0 1 3 0 2 0 0 1 2 0 1 1 1 1 3 0 2 1 2 1 2 0 2 0 2 2 0 0 2 0 3 0 2 1 3 0 1 0 1 0 0 0 0 1 1 0 0 0 1 1 2 1 0 1 0 1 0 0 2 0 3 0 2 2 0 2 0 1 2 0 1 0 2
0 618 1 1 0 3 0 3 0 2 0 2 0 0 2 0 2 0 1 1 2 0 0 0 0 0 0 2 0 0 0 0 1 2 1 0 0 1 0 0 1 0 1 3 0 2 2 0 1 1 0 0 1 0 1 0 1 1 1 3 0 0 0 0 1 1 2 0 0 0 2 0 1 0 0 0 2 0 0 0 1 2 1 2 1 0 2 0 2 0 1 0 1 3 0 1 0 0 0 0 0 1 0 1 1 1 2 0 1 0 1 1 1 1 0 1 0 2 1 2 2 0 1 2 1 0 0 0 2 0 1 0 0 0 0 1 1 3 0 2 0 1 0 2 0 0 1 2 0 1 1 1 1 1 0 0 0 1 1 0 0 2 0 2 0 3 0 0 2 0 2 0 2 0 0 1 2 0 1 3 0 2 1 3 0 1 0 2 0 1 0 0 1 2 2 0 0 1 0 2 2 0 1 2 1 3 0 2 1 1 0 1 0 3 0 2 0 1 1 3 0 0 1 0 0 2 0 3 0 0 1 2 0 0 1 0 2 0 0 0 0 2 1 2 1 0 1 3 0 0 0 2 2 0 0 2 1 2 1 1 1 1 1 0 1 3 0 2 0 2 1 1 0 1 1 2 0 1 0 0 0 2 0 1 0 1 0 1 1 1 2 0 1 0 2 0 0 1 1 0 1 2 0 0 0 0 1 0 1 1 1 0 0 0 0 1 0 0 0 1 1 2 1 1 0 2 1 1 1 1 1 2 1 0 1 0 0 1 1 0 1 0 1 0 1 1 0 0 2 0 0 0 1 2 0 1 0 1 1 2 0 2 1 1 0 3 0 0 1 0 1 1 2 0 1 1 0 2 1 2 1 2 0 1 2 0 1 0 1 1 1 1 0 1 0 2 0 2 0 1 1 0 1 1 1 1 1 0 2 0 1 2 0 1 1 1 1 0 1 2 1 0 0 1 0 2 2 0 0 1 1 2 1 0 1 2 1 3 0 0 1 3 0 0 1 2 1 1 1 1 0 0 0 1 1 1 0 3 0 2 1 0 0 0 0 1 1 2 1 1 1 1 0 3 0 1 1 1 1 1 1 0 1 0 1 2 1 0 1 1 0 3 0 0 1 0 0 3 0 0 1 1 1 1 0 1 0 2 1 2 0 0 2 0 0 3 0 1 1 2 0 1 1 0 0 2 1 2 0 2 1 0 2 0 1 0 2 0 1 0 1 2 1 1 0 0 1 1 1 2 0 0 1 2 0 3 0 3 0 2 1 2 0 2 0 1 0 0 0 1 0 2 0 3 0 0 0 3 0 2 0 1 1 3 0 2 0 0 0 1 0 1 0 0 1 0 0 0 1 0 2 0 2 0 1 1 0 3 0 2 1 0 2 0 0 3 0 2 1 1
1 619 1 0 1 1 3 0 3 0 1 0 0 1 2 2 0 2 0 0 2 1 2 1 0 0 0 1 0 1 1 0 1 1 0 1 0 0 2 0 1 0 0 1 2 0 2 1 0 0 1 0 1 0 0 0 0 0 2 1 1 1 1 0 1 0 2 1 2 1 1 1 3 0 2 1 1 1 2 1 1 1 1 0 0 1 1 2 0 2 0 0 0 1 1 1 3 0 0 0 0 0 2 0 3 0 2 2 0 0 0 0 2 0 1 0 2 1 2 0 1 1 0 1 0 1 0 0 1 1 3 0 2 1 0 1 0 0 2 0 0 2 0 0 0 1 2 0 3 0 3 0 2 0 1 0 0 0 2 2 0 1 1 0 1 0 2 1 2 2 0 2 0 1 2 2 0 1 0 1 2 0 2 0 1 2 0 0 0 1 3 0 1 1 1 0 2 1 2 1 2 1 0 1 1 0 2 0 1 1 2 0 2 1 3 0 1 0 0 0 1 1 1 2 0 1 1 0 2 1 2 0 3 0 1 0 0 1 2 1 0 1 2 0 0 1 1 1 1 1 1 1 2 0 3 0 1 0 0 1 3 0 2 0 0 1 2 0 1 0 1 1 2 0 3 0 3 0 2 0 0 1 0 1 3 0 2 0 3 0 2 2 0 0 0 1 2 1 3 0 0 0 3 0 0 0 1 0 0 0 1 2 0 0 0 0 2 0 0 1 0 0 0 1 2 1 1 1 3 0 2 1 0 1 0 2 0 0 3 0 0 0 0 0 0 0 1 0 1 1 2 1 1 0 3 0 2 1 0 0 0 0 1 1 2 1 2 1 2 0 0 0 2 2 0 0 1 1 2 0 1 0 0 0 0 1 0 0 0 0 2 0 1 0 2 1 1 0 0 2 0 1 1 0 2 0 2 0 0 2 0 0 3 0 3 0 2 0 0 1 0 1 0 0 2 1 2 0 2 2 0 0 0 1 1 1 1 0 1 1 2 1 1 1 2 1 0 1 3 0 1 0 0 0 3 0 1 1 3 0 1 1 0 0 0 1 0 0 0 1 3 0 1 1 2 2 0 1 3 0 2 0 0 0 0 1 0 1 1 0 1 1 2 1 1 2 0 1 2 1 2 0 2 0 1 0 2 1 1 2 0 1 2 1 3 0 1 2 0 2 0 2 0 1 0 1 2 0 0 0 1 1 1 2 0 0 0 2 0 0 0 1 0 1 2 0 1 0 2 0 3 0 1 1 0 0 3 0 3 0 2 0 0 0 0 1 3 0 0 0 2 1 1 0 2 1 1 1 3 0 1 0 0 0 2 0 0 1 1 0 2 0 2 0 0 2 0 0 1 0 0 2 0 2 0 0 1 1 3 0 1 1 1 1 3 0 2 0 1 1 2
0 619 2 1 0 0 2 0 2 1 3 0 1 1 1 1 0 1 3 0 1 0 0 1 0 0 1 0 0 0 1 0 2 2 0 2 0 1 0 1 3 0 1 1 0 0 1 1 0 0 2 0 2 0 0 0 0 1 1 1 3 0 1 0 2 1 2 0 0 2 0 0 2 0 1 2 0 0 0 1 3 0 1 0 1 0 2 2 0 1 2 1 1 0 2 1 1 1 1 0 0 1 1 0 3 0 2 0 2 1 0 1 0 2 0 0 1 2 0 2 0 1 0 2 0 2 0 1 0 0 2 0 1 1 0 2 0 1 0 1 2 1 2 1 1 1 0 0 3 0 3 0 0 1 3 0 0 1 2 1 0 0 1 0 2 1 2 0 1 1 0 2 0 1 1 1 0 0 0 1 0 0 1 0 0 0 2 1 1 1 1 2 0 1 2 1 2 0 1 0 0 1 1 0 1 1 1 0 0 0 0 0 2 0 1 1 3 0 0 0 3 0 2 2 0 0 1 1 2 0 0 0 2 1 3 0 1 1 0 1 1 0 3 0 1 0 2 0 2 0 2 1 0 0 2 1 3 0 1 1 2 0 0 1 2 0 3 0 2 1 0 0 0 0 3 0 3 0 0 1 2 0 0 1 2 0 1 0 3 0 2 0 2 1 1 1 1 0 1 1 1 1 2 1 1 0 2 0 0 1 0 0 2 1 0 1 0 1 1 2 0 0 1 1 0 2 0 0 2 0 1 1 1 0 0 1 3 0 1 1 1 0 0 0 0 0 2 1 0 0 0 1 2 1 3 0 1 1 0 0 0 1 0 0 1 0 0 2 0 1 1 1 2 0 2 1 3 0 3 0 2 0 0 0 0 2 0 0 0 1 0 2 0 0 1 1 2 0 1 2 0 0 1 1 1 0 0 1 2 1 3 0 2 0 3 0 0 1 1 2 0 2 0 1 2 0 0 0 2 0 2 1 1 0 2 0 1 1 0 0 0 2 0 0 0 1 1 1 1 1 3 0 0 1 3 0 0 0 1 2 0 1 0 0 0 2 0 0 1 1 2 0 0 0 1 1 0 1 2 0 0 1 1 0 1 0 0 0 1 1 0 0 0 2 0 1 0 1 1 0 0 0 0 2 0 0 1 2 0 1 0 1 1 0 2 0 0 1 0 2 0 2 0 0 0 0 3 0 0 0 3 0 2 1 2 1 1 1 2 1 1 0 0 0 3 0 2 1 1 0 2 2 0 1 0 1 3 0 3 0 0 1 1 0 1 1 1 1 1 1 1 1 2 1 1 2 0 0 1 1 3 0 0 1 0 1 2 0 1 1 1 0 0 1 2 1 2 1 2 0 1 2 0 1 2 2 0 0 1 2 0 2 0 0 2 0 1 0 0 0 0
0 620 1 1 1 0 1 1 0 2 0 1 2 0 1 3 0 0 1 1 1 3 0 0 2 0 0 2 0 0 0 2 1 2 1 0 2 0 0 0 1 1 2 0 1 0 0 2 2 0 1 1 0 0 1 1 0 1 0 2 1 1 2 0 0 1 2 0 1 2 1 3 0 0 0 0 0 2 1 1 1 1 1 3 0 2 1 2 1 0 1 0 1 2 1 1 1 3 0 1 0 1 0 1 1 3 0 1 0 1 1 1 0 0 1 2 2 0 1 0 2 0 0 0 2 0 1 3 0 2 2 0 2 0 1 1 2 0 0 0 1 1 0 0 1 2 2 0 1 3 0 2 1 2 1 1 1 2 1 0 1 0 0 2 1 1 2 0 2 0 1 1 2 0 0 1 2 0 0 0 2 0 0 2 0 0 1 1 1 3 0 2 2 0 1 0 2 0 1 3 0 1 0 1 0 3 0 1 0 0 0 0 1 1 0 0 0 1 1 1 1 3 0 2 0 2 1 3 0 3 0 0 1 2 0 1 2 0 1 1 0 1 1 2 2 0 0 1 0 1 0 1 1 0 1 2 0 1 2 0 2 0 1 2 1 0 0 3 0 1 1 0 0 0 1 3 0 2 1 2 0 3 0 1 0 3 0 2 1 3 0 1 0 1 1 3 0 1 0 3 0 2 1 0 1 2 1 0 1 1 2 0 1 1 1 1 0 0 0 2 1 2 1 3 0 0 1 2 2 0 2 0 1 2 0 1 1 1 2 0 1 2 0 0 0 0 1 1 1 0 0 1 1 1 0 1 2 0 1 0 0 0 2 0 0 2 0 1 2 0 0 2 1 0 0 2 0 2 0 3 0 0 1 1 0 1 1 2 1 1 0 0 1 2 2 0 0 0 0 0 0 2 1 3 0 1 0 1 1 1 0 2 0 1 0 2 1 2 0 2 2 0 2 0 0 3 0 0 1 1 0 1 1 2 1 0 2 0 1 0 0 1 1 2 1 1 0 2 0 2 1 1 1 2 1 1 1 1 1 0 0 3 0 2 1 1 1 2 1 3 0 3 0 0 0 3 0 0 0 3 0 1 0 1 0 2 0 0 0 2 2 0 0 1 2 0 0 0 0 1 0 0 0 1 1 2 2 0 1 0 0 0 0 1 1 0 1 2 0 0 2 0 1 2 1 0 1 2 1 1 1 3 0 2 0 0 2 0 0 0 1 2 0 0 1 3 0 1 1 2 1 2 1 0 0 0 1 2 0 2 1 2 0 1 0 3 0 2 0 2 0 2 1 0 2 0 0 2 2 0 0 1 1 2 0 0 0 3 0 3 0 1 0 1 1 1 0 1 0 0 0 0 1 0 1 1 0 2 2 0 1 0 1 2 2 0 1 3 0 0 0 0
0 621 1 0 2 0 0 0 1 1 1 0 0 1 0 1 1 1 2 0 2 1 1 1 2 1 2 2 0 1 1 1 2 0 0 1 1 1 2 1 1 0 2 1 3 0 3 0 1 1 0 0 1 0 1 0 1 0 2 1 1 2 0 0 2 2 0 1 0 1 1 0 1 1 1 0 0 1 1 1 3 0 2 1 2 0 2 0 0 1 1 0 0 1 0 2 0 0 1 1 3 0 2 1 0 0 1 1 3 0 3 0 1 0 1 1 1 1 0 0 0 1 2 1 1 2 0 1 2 0 2 1 0 2 0 0 2 1 2 1 1 0 1 0 1 1 1 1 0 1 2 0 2 0 0 2 0 0 0 1 0 2 0 1 1 2 0 1 0 2 0 0 2 1 2 2 0 0 2 1 1 1 2 2 0 1 2 0 2 1 2 0 2 1 0 0 0 2 0 1 1 1 3 0 2 1 2 1 3 0 0 0 1 0 1 0 0 0 3 0 2 1 2 0 1 0 2 0 2 0 2 1 2 1 0 0 0 1 0 0 1 1 0 0 1 0 2 1 2 0 2 0 3 0 0 1 0 0 0 1 0 2 0 1 0 1 0 1 2 2 0 1 0 0 1 1 2 0 2 0 0 0 2 2 0 0 3 0 2 0 1 2 0 0 0 0 1 2 0 0 3 0 1 1 1 1 0 1 1 0 2 2 0 0 2 0 1 0 0 1 2 0 1 0 1 1 2 1 1 1 0 2 0 0 3 0 3 0 2 2 0 0 3 0 0 0 1 0 1 2 0 0 3 0 1 1 0 0 3 0 2 1 1 1 3 0 0 0 0 0 3 0 0 1 0 1 1 0 1 0 2 1 2 0 1 1 0 0 0 1 2 0 1 1 1 0 2 1 0 0 0 1 2 0 1 1 3 0 3 0 1 1 0 2 0 0 2 0 0 0 2 1 0 1 3 0 1 1 2 0 1 1 0 0 0 1 1 1 3 0 2 2 0 0 0 1 2 1 1 0 1 2 0 0 0 1 3 0 1 2 0 1 3 0 1 2 0 0 1 0 2 0 2 1 1 1 2 1 1 1 2 1 3 0 2 1 0 1 1 1 2 0 2 2 0 0 2 1 0 0 2 0 0 1 0 0 1 0 3 0 2 1 0 0 3 0 0 0 3 0 1 2 0 1 0 1 1 1 0 2 0 0 2 0 0 1 2 1 2 1 1 0 3 0 1 1 2 0 0 0 1 0 0 1 0 0 1 1 0 0 1 2 0 2 0 0 3 0 1 0 1 0 1 1 1 1 3 0 1 0 2 1 3 0 3 0 0 1 3 0 2 1 3 0 3 0 1 0 2 0 0 0 1 0 0 0 1 1 2 1 0 0 0 1 1 1 0 1 1 1 1 0 0
0 621 2 1 0 1 1 0 3 0 1 0 1 0 0 0 2 1 0 0 1 2 0 0 1 0 1 1 0 0 2 0 3 0 1 0 2 1 0 1 2 1 2 0 2 0 2 2 0 1 0 0 2 0 2 0 2 1 1 2 0 0 3 0 1 1 0 0 0 0 1 0 3 0 1 0 1 0 2 1 2 0 2 0 0 0 0 1 2 0 1 0 1 0 0 1 2 2 0 0 2 0 1 1 0 1 0 0 2 0 2 1 3 0 3 0 1 2 0 0 1 1 0 2 0 1 0 1 0 0 1 1 1 1 3 0 1 0 0 1 2 0 2 0 3 0 2 0 0 1 0 0 0 1 2 1 2 1 1 0 0 2 0 0 2 2 0 0 0 1 3 0 1 0 1 0 3 0 0 2 0 0 1 1 0 1 0 0 2 0 0 0 1 1 0 0 1 2 0 0 2 1 2 0 2 0 1 0 1 1 1 0 2 0 2 0 0 1 3 0 1 2 0 2 0 0 1 0 1 0 2 0 0 1 0 0 0 2 0 0 2 2 0 0 2 1 2 0 0 0 1 0 2 1 1 2 0 0 1 0 0 2 0 0 0 0 0 1 1 0 3 0 2 2 0 0 0 0 0 1 1 1 2 0 3 0 2 0 1 0 0 0 2 1 0 1 0 0 3 0 1 2 0 1 3 0 0 0 1 1 2 0 2 2 0 1 3 0 1 0 3 0 2 1 0 0 0 1 3 0 0 1 3 0 2 0 3 0 2 0 3 0 1 1 1 0 2 1 0 0 3 0 1 2 0 1 0 1 3 0 1 2 0 0 1 1 1 0 0 1 2 1 2 0 0 0 1 0 2 1 1 2 0 2 0 1 0 0 1 0 3 0 3 0 1 1 1 1 0 0 1 1 0 0 0 0 2 0 2 2 0 1 1 1 2 2 0 1 1 1 1 1 1 1 1 2 0 2 0 2 0 1 0 0 1 0 2 1 2 0 2 0 2 1 1 1 0 1 2 1 0 0 2 1 1 1 2 0 0 1 0 1 2 0 0 0 2 1 2 1 1 0 1 2 0 0 0 2 0 0 1 0 2 0 1 1 1 0 2 1 0 0 2 0 3 0 0 1 0 1 0 1 1 2 0 0 2 1 3 0 1 1 0 1 2 1 1 1 3 0 0 1 0 0 0 0 2 0 0 1 2 2 0 1 2 1 1 0 0 1 2 1 2 2 0 2 0 1 1 0 2 0 0 2 0 0 2 2 0 1 0 1 0 1 3 0 1 1 3 0 2 0 3 0 2 1 1 2 0 0 2 0 2 0 2 1 2 1 2 0 2 0 2 0 2 2 0 0 0 1 1 0 2 0 0 1 0 0 0 1 0 0 1 0 2 0 0 0 2 0 1 0 0
0 622 1 1 1 1 0 1 1 2 1 3 0 2 0 0 1 1 1 0 1 0 0 2 1 2 0 2 2 0 1 1 0 2 2 0 0 1 1 1 1 1 0 0 0 1 0 2 0 3 0 3 0 0 0 1 0 1 2 0 0 3 0 1 2 0 1 0 0 0 0 2 1 2 1 3 0 2 1 2 0 0 0 0 1 1 0 1 0 3 0 2 0 2 0 1 1 1 0 2 2 0 2 0 1 0 2 0 1 1 0 2 0 2 0 3 0 0 0 2 1 3 0 0 1 3 0 3 0 2 1 3 0 2 1 1 1 3 0 1 1 0 0 1 0 3 0 0 1 1 2 0 0 1 1 1 0 0 1 2 0 1 1 3 0 1 0 2 1 1 1 1 1 3 0 2 1 2 1 2 1 2 1 2 2 0 2 0 1 0 1 1 0 2 2 0 1 0 0 3 0 1 0 0 0 0 1 3 0 3 0 1 1 1 0 0 1 2 1 2 0 0 1 0 1 2 1 2 0 2 1 0 1 1 2 0 0 1 1 3 0 1 0 3 0 0 2 0 1 1 0 2 1 1 2 0 0 2 1 2 0 1 1 2 1 0 0 1 0 1 1 3 0 2 0 2 1 0 0 1 0 2 1 0 0 3 0 0 1 3 0 0 1 1 1 0 2 0 1 3 0 0 1 0 1 1 1 1 1 0 0 0 0 2 1 0 1 1 2 0 0 3 0 1 1 0 0 1 1 1 1 2 1 2 0 1 0 3 0 1 0 2 2 0 1 2 1 1 1 0 1 3 0 0 1 0 0 0 1 2 0 0 0 2 1 3 0 1 0 1 1 0 2 0 1 1 0 2 1 1 2 0 1 0 1 3 0 2 1 2 1 3 0 2 2 0 1 2 2 0 0 2 2 0 0 0 1 1 0 2 1 0 0 2 1 1 1 0 0 2 0 2 0 2 0 2 2 0 2 0 1 3 0 2 1 2 1 2 0 0 0 1 0 1 1 3 0 0 1 0 1 0 1 1 1 3 0 3 0 1 0 0 0 3 0 0 1 2 0 0 1 2 1 0 0 2 1 1 1 2 1 2 1 0 2 0 1 2 1 1 1 0 1 1 0 2 1 2 0 0 0 0 0 2 1 3 0 1 0 1 2 0 1 1 1 0 2 0 0 1 1 1 2 0 0 0 1 0 1 2 1 1 1 0 1 0 1 2 0 1 1 1 0 1 1 0 2 0 0 1 1 0 1 2 1 3 0 1 1 0 0 0 0 0 1 2 0 0 0 2 0 1 0 3 0 1 2 0 0 3 0 0 0 1 0 2 0 1 0 0 0 1 0 1 0 2 0 2 1 1 0 1 1 0 1 1 2 0 0 0 2 0 0 2 1 0 1 1 1 0 1 3 0 0
0 623 1 0 2 0 1 1 0 0 1 0 2 0 0 1 2 0 1 2 0 2 0 1 2 0 0 0 2 1 0 0 1 1 2 0 2 1 3 0 2 0 1 0 0 0 2 1 1 0 3 0 2 1 1 0 2 1 0 0 3 0 2 0 0 0 3 0 2 1 0 1 2 0 1 0 2 0 1 2 0 1 1 0 1 0 1 0 2 1 3 0 1 0 0 2 0 1 2 1 2 1 0 2 0 0 0 2 0 0 1 1 1 0 1 0 2 1 1 1 2 0 1 1 2 1 2 0 3 0 2 0 2 0 1 2 0 0 1 2 0 1 0 0 2 1 2 1 2 0 2 1 2 1 3 0 1 0 1 1 0 0 0 0 1 2 0 0 1 1 3 0 2 1 2 0 2 0 1 0 1 0 1 0 1 1 0 2 0 0 0 0 1 1 2 0 3 0 3 0 1 1 3 0 0 0 1 1 2 0 2 2 0 1 2 0 1 1 0 2 0 1 2 0 0 1 1 0 0 0 1 1 1 0 2 1 2 2 0 0 1 2 0 0 2 1 2 2 0 0 1 1 1 2 0 0 3 0 1 0 0 0 0 0 0 1 0 0 2 1 0 0 2 0 1 0 1 1 0 0 2 1 1 1 0 1 2 1 2 1 1 1 2 0 2 0 0 2 0 1 1 1 2 0 0 0 2 0 1 2 0 0 0 1 1 1 1 0 2 1 3 0 1 2 0 1 0 0 3 0 2 1 0 2 0 2 0 0 2 2 0 0 2 1 0 1 0 1 3 0 0 1 1 1 1 2 0 0 1 0 3 0 0 1 2 0 1 1 3 0 3 0 0 2 0 0 1 1 1 2 0 1 0 0 0 1 2 0 2 0 1 0 2 0 2 1 0 1 1 0 3 0 1 0 2 1 1 0 1 1 1 1 0 1 1 1 2 2 0 1 1 0 1 0 1 0 2 1 0 2 0 1 2 0 2 0 0 2 0 1 1 0 2 1 0 0 1 1 2 0 0 0 0 0 2 1 2 0 2 1 3 0 0 1 2 1 2 0 3 0 1 1 0 1 0 1 1 2 0 0 1 0 0 1 1 2 0 1 0 1 3 0 0 0 1 1 1 2 0 1 1 0 0 1 2 0 1 2 0 0 0 1 0 0 2 0 0 1 2 1 3 0 2 1 2 1 1 0 0 1 0 1 3 0 0 0 0 0 3 0 3 0 1 0 3 0 0 1 2 1 3 0 0 1 1 0 1 2 0 1 0 0 0 0 1 0 3 0 0 1 0 2 0 0 3 0 0 0 3 0 1 1 1 0 2 1 0 1 3 0 0 0 2 0 2 1 1 0 1 1 2 0 3 0 0 0 2 1 2 1 1 1 3 0 0 1 1 0 2 0 0 1 1 1 1
0 623 2 1 0 2 0 1 0 0 2 1 0 1 2 1 0 0 0 1 0 2 0 0 3 0 0 1 1 1 0 1 0 0 0 0 2 0 2 0 0 1 3 0 0 1 1 1 2 1 3 0 1 1 2 1 1 1 0 1 3 0 0 1 1 1 3 0 1 1 1 0 3 0 2 1 1 0 0 1 0 0 1 0 2 0 2 1 2 0 1 1 3 0 1 2 0 1 1 0 0 1 1 1 2 1 1 1 2 1 3 0 1 0 2 1 1 2 0 0 0 0 0 0 1 0 0 0 3 0 1 0 1 0 0 0 2 2 0 0 3 0 3 0 1 0 1 0 0 0 2 0 1 0 1 1 3 0 2 2 0 0 0 1 0 0 2 2 0 0 2 0 2 0 0 0 0 1 3 0 2 0 2 0 3 0 0 1 2 1 0 1 0 0 0 0 3 0 3 0 0 0 1 1 1 1 0 0 0 0 2 1 0 0 3 0 3 0 0 2 0 0 3 0 1 0 1 0 0 0 3 0 1 1 2 0 1 0 2 2 0 0 3 0 1 0 1 0 2 1 3 0 2 1 3 0 1 1 3 0 0 0 0 0 0 2 0 1 1 1 0 1 0 1 3 0 2 2 0 1 1 1 3 0 0 1 1 0 0 2 0 0 0 0 0 1 2 2 0 0 2 0 3 0 0 1 1 0 0 0 2 1 1 0 2 0 1 1 2 0 2 0 0 0 3 0 3 0 2 0 1 1 1 2 0 1 3 0 1 0 3 0 0 1 1 0 0 1 1 1 2 0 2 0 2 1 2 1 2 1 2 1 2 1 0 0 0 0 2 0 2 1 2 1 2 1 3 0 2 1 3 0 2 1 1 1 0 0 0 2 0 0 1 0 1 1 1 0 1 1 2 2 0 0 1 1 2 0 3 0 2 0 0 0 2 1 1 1 0 0 1 0 2 0 2 1 1 1 1 2 0 1 0 0 0 1 2 2 0 0 1 1 1 1 0 0 3 0 3 0 0 0 0 1 2 0 0 0 2 0 1 1 2 1 1 0 0 0 2 2 0 1 1 0 0 0 2 1 2 1 2 0 1 0 2 2 0 0 0 1 1 1 1 0 3 0 2 2 0 0 1 0 1 1 0 0 0 0 2 1 0 2 0 1 0 1 2 1 1 0 2 0 2 0 0 1 2 0 1 0 0 1 1 1 1 0 0 1 3 0 2 2 0 0 2 1 2 1 1 0 1 1 2 0 1 1 0 0 3 0 2 1 0 0 2 1 2 1 2 0 0 1 3 0 1 1 1 1 2 2 0 1 2 1 1 1 1 1 1 1 1 1 1 0 1 1 2 1 0 0 0 0 2 1 1 1 2 0 0 2 0 0 1 1 2 0 1 1 0 1 2 0 2 0 1
1 624 1 1 1 1 1 3 0 3 0 0 1 1 1 0 1 0 0 1 0 0 1 3 0 1 1 2 0 1 2 0 2 0 0 0 1 1 0 0 1 2 1 1 1 2 0 2 1 1 0 2 0 0 0 0 1 3 0 0 1 1 1 2 0 2 1 1 2 0 1 2 1 3 0 1 1 2 0 0 2 0 0 2 1 1 0 2 0 0 0 0 0 2 0 0 1 0 0 1 0 1 0 2 1 0 2 0 0 1 0 1 2 0 0 1 2 0 0 2 1 0 0 0 0 2 0 0 1 2 1 3 0 2 0 0 1 2 0 3 0 2 0 2 1 3 0 2 0 0 1 0 2 0 0 0 0 2 0 2 0 2 1 0 2 0 1 2 0 3 0 0 0 0 1 1 0 1 1 2 0 1 0 1 0 2 1 2 1 0 1 0 2 0 0 0 1 3 0 2 1 1 0 3 0 1 2 0 0 0 1 1 1 0 1 3 0 2 1 2 1 3 0 1 1 3 0 2 0 0 1 2 2 0 2 0 2 0 0 2 0 3 0 1 1 3 0 2 1 2 0 2 0 2 0 2 0 0 0 1 1 1 0 0 0 1 2 0 0 2 0 0 0 0 1 2 0 2 1 0 0 2 1 1 1 2 0 1 0 1 1 2 1 0 0 1 1 1 0 3 0 0 0 2 1 2 0 1 0 0 1 1 1 2 1 1 0 0 0 0 0 0 1 1 1 3 0 3 0 0 2 0 2 0 1 0 1 1 2 0 0 2 1 2 0 1 0 1 0 2 1 0 0 1 0 2 0 1 0 1 0 1 0 0 1 0 0 0 1 1 0 2 0 1 0 1 0 2 0 2 0 2 0 1 1 2 2 0 0 1 1 2 1 2 0 3 0 1 1 0 0 1 0 2 2 0 0 0 0 3 0 0 1 1 1 1 1 2 2 0 0 2 1 1 0 1 1 3 0 2 1 3 0 2 1 1 1 1 0 2 1 3 0 1 2 0 1 3 0 2 1 1 0 1 0 3 0 0 1 1 0 0 0 0 1 2 0 0 1 2 1 0 0 1 0 0 1 2 0 0 2 0 2 0 0 2 0 2 1 1 0 2 0 1 1 3 0 2 0 2 1 2 0 2 2 0 0 0 1 1 1 1 2 0 0 0 1 0 1 2 1 1 0 0 1 2 0 3 0 2 0 1 0 2 0 1 0 1 1 2 0 2 0 3 0 1 0 0 1 2 0 3 0 3 0 2 2 0 1 3 0 1 1 0 1 2 0 0 2 0 1 2 1 1 2 0 2 0 0 1 1 0 1 0 1 3 0 2 0 2 0 2 0 1 1 0 0 0 1 0 0 0 1 1 1 3 0 3 0 1 1 2 1 3 0 3 0 3 0 0 1 0 0 0 2 0
0 625 1 0 2 0 2 1 2 0 2 1 2 0 1 2 0 2 0 0 2 0 1 1 2 0 0 0 0 0 0 1 0 1 2 1 1 0 1 0 1 1 0 2 0 0 0 0 1 1 2 1 0 1 1 0 1 1 1 1 2 0 2 1 0 0 1 2 0 1 0 1 1 0 1 2 0 2 0 1 2 1 3 0 0 1 2 1 0 1 1 0 0 1 0 1 1 2 0 0 2 0 2 1 1 1 1 1 2 1 2 1 0 0 2 2 0 0 3 0 0 1 0 0 0 1 0 1 2 1 1 0 2 0 0 1 2 1 0 0 3 0 1 0 2 0 2 0 0 1 2 0 0 1 2 1 0 1 1 0 1 0 1 1 1 2 0 1 0 0 2 1 1 0 1 0 1 0 3 0 3 0 2 0 2 1 2 0 0 1 1 0 0 1 2 1 1 1 2 0 1 1 2 1 3 0 0 0 2 1 1 0 2 0 0 1 2 0 2 0 1 0 2 0 0 0 2 0 0 1 2 1 1 1 0 2 0 1 3 0 0 0 3 0 0 0 2 0 2 0 0 0 1 0 1 0 0 1 1 0 3 0 1 0 0 1 0 0 2 2 0 1 1 0 1 1 0 0 1 1 0 1 1 1 3 0 3 0 2 1 0 0 0 1 0 0 3 0 1 1 2 1 1 1 1 2 0 1 3 0 1 0 2 1 0 1 2 0 0 0 0 0 1 0 2 1 2 0 2 1 2 2 0 2 0 0 0 0 2 1 3 0 0 2 0 1 3 0 2 1 1 1 0 0 2 1 0 1 3 0 2 0 2 0 0 2 0 0 1 0 1 1 0 1 3 0 2 1 1 0 1 0 1 0 0 0 1 0 2 2 0 0 1 0 0 0 2 2 0 1 0 0 2 1 2 0 2 1 0 1 2 1 2 0 2 0 2 1 1 0 3 0 0 1 2 1 0 0 2 0 2 0 2 0 1 1 3 0 1 1 2 0 2 0 0 1 0 1 2 0 1 1 2 0 2 1 2 1 2 0 1 0 0 0 1 0 3 0 1 1 0 1 0 0 2 0 1 0 3 0 1 2 0 1 3 0 0 0 1 1 2 1 1 0 0 0 2 0 1 0 2 0 0 0 2 0 2 1 1 0 2 0 2 1 2 1 1 0 0 1 0 1 2 0 1 1 0 0 3 0 0 2 0 0 0 2 0 0 0 0 0 0 1 0 2 1 3 0 1 1 0 0 3 0 3 0 2 1 0 1 1 2 0 1 1 0 3 0 1 2 0 1 0 2 0 1 0 1 2 1 3 0 0 0 0 1 2 0 1 0 1 0 0 2 0 1 0 0 0 2 0 0 1 0 2 1 2 0 3 0 0 0 1 0 2 0 3 0 2 1 1 2 0 0 1 1 2
1 625 2 1 1 0 2 0 0 0 2 0 0 0 0 1 0 1 2 2 0 2 0 2 0 1 1 0 0 0 1 0 0 1 0 1 2 0 2 0 3 0 0 1 2 1 0 1 0 0 0 1 1 0 1 0 3 0 2 1 0 0 1 1 0 1 0 1 0 0 0 0 1 1 0 1 0 2 0 1 1 0 1 1 2 1 0 1 1 0 1 0 1 0 0 0 2 1 3 0 0 0 1 1 3 0 2 1 1 0 0 1 0 1 2 0 3 0 1 1 1 2 0 0 1 0 0 1 0 1 2 1 0 1 2 1 0 1 0 1 2 2 0 0 1 0 0 1 2 0 3 0 1 1 0 1 1 0 1 0 2 0 3 0 2 1 3 0 3 0 0 1 2 0 2 0 2 1 3 0 3 0 1 0 1 2 0 1 2 0 1 0 1 1 0 2 0 0 0 0 0 0 1 0 1 1 1 1 1 1 2 1 0 1 2 1 0 0 0 2 0 0 0 1 1 1 0 1 2 1 0 1 3 0 0 2 0 1 1 1 1 1 2 1 1 1 1 0 0 1 1 0 2 0 2 0 1 0 1 1 2 1 3 0 0 2 0 1 2 1 0 0 1 0 2 2 0 0 3 0 0 0 2 1 2 0 3 0 1 1 0 0 0 2 0 1 3 0 0 0 0 1 3 0 2 2 0 1 1 2 0 0 1 1 1 0 3 0 0 0 0 0 2 1 2 0 0 0 2 0 1 1 0 1 2 1 0 1 2 0 1 1 2 2 0 1 2 0 1 1 2 2 0 1 1 1 1 1 2 0 1 0 0 1 2 1 2 1 2 0 3 0 0 1 2 0 1 1 2 0 2 0 2 0 0 0 2 1 2 0 2 1 2 0 0 1 2 0 3 0 3 0 1 0 0 0 1 1 1 1 1 0 0 0 1 0 1 1 2 1 2 1 2 1 0 1 0 1 1 0 1 0 1 0 0 0 2 0 0 0 0 0 0 1 2 0 0 1 0 0 0 0 0 0 2 0 0 2 0 1 3 0 0 0 2 1 2 2 0 1 0 2 0 1 0 2 0 0 3 0 0 1 0 1 1 1 1 1 0 0 0 1 2 0 0 1 0 2 0 0 0 1 1 1 1 0 1 1 2 1 1 0 2 0 0 1 2 0 1 0 0 0 3 0 2 2 0 1 2 1 2 1 2 1 1 1 2 1 0 0 0 0 2 1 2 0 1 2 0 1 0 1 3 0 3 0 1 1 1 0 2 2 0 0 1 1 3 0 0 1 0 0 0 2 0 0 0 1 1 0 1 1 1 0 1 0 3 0 2 0 2 0 1 1 3 0 2 1 1 1 2 1 2 1 2 0 0 0 2 1 1 0 2 1 1 0 3 0 1 2 0 0 2 2 0 0 0
1 626 1 1 1 2 1 0 1 1 1 0 1 1 0 1 0 0 1 1 1 0 2 0 2 0 0 1 0 0 0 2 0 1 0 0 1 0 0 1 0 2 1 2 1 0 1 0 2 0 0 1 0 1 0 2 1 3 0 1 1 0 0 2 2 0 2 0 2 0 0 0 0 3 0 0 0 0 2 0 0 1 1 0 0 0 1 1 0 1 0 2 0 2 0 0 1 2 0 1 1 1 1 0 0 2 0 1 1 2 0 1 0 0 1 0 0 2 2 0 2 0 0 2 1 2 0 1 0 0 1 0 1 1 1 0 1 1 0 0 1 1 0 2 1 2 0 1 1 0 0 2 2 0 1 1 0 1 0 2 1 1 0 3 0 2 0 2 0 2 1 2 1 0 0 1 0 2 0 2 0 2 2 0 0 0 1 0 0 3 0 2 0 3 0 0 1 2 1 0 0 0 0 2 0 3 0 2 0 2 1 0 1 1 1 0 1 0 0 1 1 2 1 1 0 2 0 0 1 0 1 1 1 1 1 2 2 0 0 2 0 2 1 0 1 3 0 1 0 1 0 1 1 1 0 0 2 0 0 0 0 1 0 1 1 2 2 0 1 0 1 0 0 2 1 2 0 3 0 1 1 1 1 2 0 0 0 2 2 0 1 0 0 1 2 0 1 1 1 1 0 1 1 2 0 2 1 0 0 2 1 2 1 3 0 1 1 2 1 1 0 0 1 1 2 0 1 1 1 0 2 0 1 1 1 0 1 1 1 0 0 0 0 1 1 0 1 0 0 0 0 1 1 0 0 2 0 2 0 3 0 2 0 1 1 1 0 1 0 0 0 2 1 2 1 0 0 0 0 0 0 1 0 0 1 1 1 2 0 0 0 1 2 0 1 2 1 0 0 3 0 2 1 3 0 0 0 3 0 2 0 1 0 0 0 2 1 0 0 1 0 1 0 0 1 1 0 0 0 1 0 2 0 2 0 0 1 0 1 1 0 0 0 1 0 3 0 0 2 0 0 0 0 0 1 0 1 2 2 0 1 1 1 1 1 2 0 1 1 0 0 0 2 0 0 0 1 3 0 1 1 2 0 0 0 2 0 1 2 0 0 1 0 3 0 1 0 0 1 2 1 1 0 2 0 1 1 0 0 0 1 2 1 0 1 2 0 3 0 2 0 0 1 3 0 2 1 0 1 1 0 1 0 0 2 0 0 0 1 0 0 0 1 2 0 0 0 0 1 0 0 0 1 2 0 2 2 0 1 2 1 2 0 2 2 0 0 1 1 1 2 0 0 1 1 2 1 1 0 1 0 3 0 1 0 2 1 3 0 1 0 1 0 0 0 2 0 1 2 0 0 1 0 0 2 0 1 1 1 1 1 2 1 1 1 2 1 3 0 0 0 3 0 1 0 2 1 0
1 627 1 0 2 1 0 1 1 0 2 0 0 0 1 0 2 0 1 0 2 0 0 2 0 1 2 1 2 0 0 1 0 1 3 0 0 2 0 0 2 1 2 0 0 1 1 0 0 1 2 1 2 0 2 1 2 0 1 2 0 1 0 1 2 1 0 2 0 1 2 1 0 1 2 1 1 0 1 1 2 1 2 2 0 0 1 0 1 0 2 1 1 0 0 1 2 0 3 0 3 0 1 2 0 1 0 2 0 2 0 1 3 0 0 2 0 1 2 1 0 1 3 0 0 2 0 1 3 0 1 0 0 0 2 0 0 0 1 0 1 0 1 1 1 2 0 2 0 1 0 1 2 1 0 0 1 0 2 1 1 1 2 1 3 0 1 0 1 0 2 0 0 1 0 0 2 1 1 0 1 0 2 0 2 1 0 2 0 1 3 0 1 0 2 1 2 1 0 1 0 0 0 1 1 0 3 0 1 0 1 1 1 0 1 2 0 2 0 1 0 0 0 1 2 1 0 1 2 0 0 0 2 0 2 1 1 0 3 0 0 0 1 1 1 1 1 1 3 0 2 0 3 0 1 0 1 1 2 1 0 0 2 1 0 0 1 0 3 0 3 0 3 0 1 0 0 0 2 2 0 1 3 0 3 0 0 1 2 0 3 0 2 2 0 1 0 0 2 0 1 1 0 0 0 0 1 1 0 1 2 0 1 0 2 0 0 0 0 1 2 0 1 0 2 2 0 0 2 0 0 2 0 0 2 0 0 0 1 2 0 0 0 0 2 2 0 2 0 0 0 0 2 2 0 1 1 0 1 0 3 0 0 2 0 1 2 0 2 0 0 1 2 0 0 1 0 0 0 0 0 0 2 0 1 0 2 0 3 0 0 1 0 1 0 1 0 1 0 1 3 0 2 0 1 1 1 1 3 0 0 1 3 0 0 1 1 1 0 0 2 0 2 0 1 0 1 0 0 0 2 1 1 0 0 1 2 0 0 0 1 0 0 0 2 1 2 1 2 1 2 1 0 0 1 0 0 1 1 1 0 0 2 0 2 0 3 0 2 2 0 0 1 1 2 1 1 1 1 2 0 2 0 1 1 1 1 0 0 0 2 1 2 1 2 1 3 0 1 1 0 1 2 1 0 2 0 1 0 0 1 1 0 1 1 1 0 0 3 0 0 1 2 1 2 0 1 1 1 0 1 0 2 0 1 1 2 1 0 2 0 0 1 0 3 0 0 0 0 2 0 0 1 1 0 0 2 1 0 1 1 0 0 0 2 0 2 1 3 0 2 1 2 2 0 0 0 1 2 0 2 1 2 2 0 0 2 0 1 1 3 0 2 0 0 1 1 0 0 0 2 1 2 0 1 2 0 0 2 0 2 1 0 2 0 0 1 0 1 1 1 1 2 2 0 0 1 1 0
1 627 2 1 1 1 1 0 1 1 0 1 1 0 2 1 0 2 0 0 0 1 2 2 0 1 0 2 0 1 2 0 0 1 1 1 2 1 3 0 0 2 0 1 2 0 1 0 1 1 1 0 0 0 2 0 0 0 0 1 0 0 0 1 0 1 1 2 0 1 0 1 1 1 0 1 2 1 0 0 1 0 1 0 2 1 2 0 2 1 1 1 2 0 1 1 0 0 3 0 3 0 0 1 0 0 0 2 0 2 0 1 1 1 2 2 0 1 0 1 1 1 1 1 2 2 0 1 1 1 3 0 0 1 0 1 1 0 2 0 2 0 3 0 2 2 0 2 0 0 0 1 0 1 0 0 2 1 1 2 0 0 1 0 1 1 3 0 2 1 0 1 1 2 0 1 1 1 2 0 2 1 1 0 1 1 1 2 0 1 1 2 0 0 2 0 0 1 0 2 0 0 1 0 1 1 2 1 3 0 3 0 1 1 0 1 0 1 3 0 2 1 1 1 0 1 1 0 3 0 0 1 1 0 1 1 2 1 2 1 1 0 3 0 2 0 2 1 2 0 1 0 2 2 0 0 0 0 0 1 0 1 1 1 0 0 2 1 3 0 3 0 2 1 3 0 0 1 2 1 0 1 2 0 2 1 2 1 0 0 3 0 2 0 3 0 2 2 0 2 0 1 0 0 0 0 3 0 0 0 3 0 2 1 0 1 1 0 1 0 3 0 2 1 2 0 2 2 0 1 2 1 2 2 0 1 1 1 0 0 2 1 0 1 2 1 0 1 2 1 0 1 2 1 0 0 1 0 2 1 2 1 2 2 0 1 0 0 0 1 2 0 3 0 0 2 0 0 0 0 0 1 0 2 0 0 1 0 2 1 2 0 0 0 0 0 0 0 0 1 2 0 0 2 0 2 0 0 1 1 2 1 1 1 2 0 1 2 0 1 1 0 0 1 3 0 2 0 0 1 1 1 2 0 1 0 3 0 0 0 2 0 0 1 2 0 1 0 1 0 0 1 0 0 2 0 1 0 1 2 0 1 1 0 1 0 3 0 2 0 2 2 0 0 0 1 3 0 2 2 0 2 0 0 2 0 1 0 0 1 2 0 1 0 1 0 1 2 0 1 1 1 0 1 1 1 3 0 2 1 3 0 0 0 1 2 0 1 2 1 2 1 0 2 0 2 0 1 2 0 2 1 1 0 0 0 0 1 1 1 2 1 2 1 2 1 1 0 1 1 2 1 2 2 0 1 1 1 1 0 1 0 0 1 1 0 2 0 2 0 2 0 1 0 2 1 1 1 0 0 2 0 1 0 3 0 0 0 0 0 2 0 0 1 2 0 1 0 0 1 2 0 0 0 0 0 3 0 0 0 1 1 1 1 2 1 2 0 3 0 2 1 1 0 2 1 2 2 0
1 628 1 1 1 3 0 1 0 3 0 0 0 1 1 1 1 1 1 2 1 1 1 1 1 0 0 0 2 0 0 3 0 1 0 2 1 1 0 1 1 2 2 0 0 3 0 2 0 3 0 1 0 0 1 0 1 1 0 0 2 0 0 1 0 0 0 2 2 0 0 0 0 2 0 0 1 0 1 0 0 2 0 2 1 2 0 0 0 1 1 3 0 3 0 2 2 0 1 3 0 2 1 1 2 0 0 1 2 0 2 0 0 2 1 1 1 0 0 0 0 2 0 2 1 1 1 0 0 2 1 1 1 2 0 0 0 1 1 1 0 1 0 3 0 2 1 0 1 2 1 0 2 0 2 0 1 1 2 0 0 2 1 2 1 0 0 2 0 1 1 1 0 2 2 0 0 2 1 0 0 1 1 2 0 3 0 2 2 0 0 2 1 2 2 0 1 2 0 0 1 2 1 2 1 0 0 1 0 2 0 2 2 0 1 1 0 0 1 2 0 1 1 3 0 0 0 1 1 2 1 2 0 1 1 0 0 1 0 0 1 2 1 3 0 1 0 1 2 0 2 0 0 2 0 2 1 0 0 1 0 0 0 1 2 0 1 2 0 2 0 3 0 2 0 1 1 2 1 0 1 1 1 0 0 2 0 0 1 0 1 3 0 1 0 3 0 2 1 0 1 3 0 2 1 0 1 2 1 1 1 3 0 1 1 1 0 1 0 2 1 3 0 2 0 0 0 2 1 0 1 1 0 1 1 0 0 1 2 0 1 1 1 1 1 0 1 1 1 0 1 1 1 0 1 0 0 2 1 2 0 1 0 1 0 3 0 2 1 1 1 0 0 2 1 2 1 2 1 0 0 1 0 0 1 2 1 2 1 1 2 0 1 1 0 0 0 0 0 1 0 3 0 1 2 0 1 2 2 0 0 0 2 0 0 0 0 0 1 0 0 1 0 1 1 2 0 0 1 2 0 2 0 3 0 2 1 2 1 1 1 0 1 2 0 3 0 2 0 2 0 0 2 0 1 0 2 0 0 0 1 0 0 1 0 2 1 3 0 1 0 2 0 2 1 1 1 2 0 2 1 0 1 2 2 0 1 3 0 1 0 3 0 2 0 2 1 0 1 0 0 2 0 0 0 2 1 2 0 2 0 1 1 1 1 0 1 0 1 1 0 0 1 1 2 0 2 0 1 0 0 1 1 2 0 0 0 1 0 2 1 1 0 1 0 0 1 2 1 0 0 1 0 1 1 0 0 2 0 1 0 2 0 1 0 1 1 1 0 1 0 0 2 0 0 1 1 2 2 0 1 0 2 0 0 2 1 1 0 0 1 0 1 2 0 3 0 2 0 1 0 3 0 0 0 0 1 2 1 1 0 3 0 2 1 1 0 0 0 3 0 1 1 2 1 2 0 1 0 2
0 629 1 0 2 1 1 2 0 0 2 1 1 0 3 0 2 0 2 1 0 1 3 0 1 2 0 0 1 1 3 0 1 2 0 0 1 1 2 1 0 0 1 0 3 0 2 0 1 0 2 1 3 0 1 0 0 0 1 0 1 1 2 1 2 0 0 1 2 0 2 1 0 1 0 1 1 2 0 2 0 1 1 0 1 2 0 1 1 1 0 0 2 0 3 0 2 1 0 1 2 0 1 2 0 0 2 2 0 1 0 1 3 0 0 1 2 2 0 0 0 1 1 0 1 1 2 2 0 1 1 1 3 0 3 0 0 0 3 0 1 0 2 1 3 0 1 1 1 1 0 1 1 2 0 2 0 0 2 1 3 0 1 0 0 1 0 1 0 2 0 1 2 1 2 0 3 0 0 1 0 1 0 0 0 0 3 0 2 0 3 0 1 0 1 1 0 0 3 0 1 1 1 0 0 1 0 0 2 1 1 0 2 1 0 0 1 0 1 1 0 0 0 0 1 1 1 1 0 0 0 2 0 2 0 1 0 0 2 0 1 1 1 0 1 2 0 0 0 1 0 1 3 0 0 0 1 1 0 0 2 0 0 1 0 1 0 1 0 0 1 0 3 0 1 0 0 0 0 1 1 0 1 2 0 1 0 1 2 0 0 1 1 2 0 0 3 0 1 1 1 1 2 0 1 1 1 1 0 2 0 0 1 2 0 1 2 0 2 1 2 0 2 0 0 1 1 1 1 1 1 0 1 0 2 2 0 1 0 1 0 0 2 0 2 0 0 0 2 0 0 0 1 2 0 2 0 1 1 2 0 1 3 0 2 1 3 0 1 1 2 2 0 1 2 0 1 0 0 1 0 0 2 0 1 1 1 0 0 2 0 1 0 0 1 0 0 0 0 0 2 1 3 0 0 1 0 1 1 0 2 1 1 1 2 1 0 0 0 2 0 0 2 0 3 0 3 0 1 1 0 0 1 0 3 0 2 0 0 1 3 0 0 1 0 0 3 0 1 0 0 1 2 2 0 0 0 1 2 1 0 2 0 0 2 1 2 0 1 2 0 0 1 0 1 2 0 0 0 0 1 1 1 1 1 1 0 1 1 2 0 0 3 0 1 0 1 1 0 2 0 1 0 1 1 1 2 0 0 0 0 2 0 1 3 0 0 0 0 0 1 0 1 0 2 2 0 1 3 0 2 1 3 0 3 0 0 0 2 1 1 1 2 0 2 0 1 1 0 1 0 0 2 0 2 2 0 1 0 2 0 0 0 1 3 0 3 0 1 0 2 0 1 1 2 2 0 0 1 1 0 0 0 1 3 0 0 1 2 0 1 0 0 1 0 0 3 0 0 2 0 0 2 1 1 0 1 1 0 1 2 1 3 0 1 1 2 0 0 1 3 0 0 0 0 2 0 2 0 0 1
1 629 2 1 1 2 0 0 3 0 0 1 2 1 3 0 1 0 1 1 1 1 2 0 0 0 2 2 0 0 2 0 0 0 2 2 0 0 0 1 0 0 2 1 3 0 0 2 0 0 2 0 1 1 3 0 0 0 2 1 0 0 0 2 0 1 2 1 0 0 1 1 1 0 0 0 2 2 0 2 0 0 1 1 0 1 0 0 1 2 0 1 1 0 3 0 1 1 1 1 0 0 0 0 3 0 1 1 0 0 0 1 1 1 2 1 1 0 2 1 1 0 1 1 0 0 1 1 0 0 2 1 2 0 2 1 1 1 2 2 0 0 2 0 1 2 0 1 3 0 0 0 2 2 0 1 3 0 1 0 1 1 3 0 1 0 0 0 0 2 0 1 1 0 0 0 2 1 1 2 0 2 0 0 0 1 3 0 1 0 2 1 3 0 2 2 0 1 2 2 0 1 2 0 0 2 0 1 1 1 2 1 1 1 0 0 2 0 2 2 0 0 0 0 3 0 1 2 0 0 1 2 0 1 3 0 2 2 0 2 0 1 2 1 0 0 2 1 1 0 0 1 1 1 1 0 2 2 0 1 0 1 1 2 0 2 0 2 0 0 2 1 2 1 3 0 0 0 1 0 1 1 0 1 0 0 0 0 3 0 1 0 2 1 3 0 1 2 0 1 3 0 3 0 3 0 2 0 0 1 2 2 0 1 0 1 0 0 2 0 0 0 0 1 2 0 2 0 2 0 1 0 2 1 2 0 3 0 3 0 3 0 0 0 0 1 1 1 0 1 1 1 0 1 0 2 0 0 2 2 0 1 2 0 2 0 2 0 0 0 1 1 0 0 3 0 2 0 0 2 0 1 0 2 0 1 2 0 1 1 3 0 2 1 2 0 0 0 0 1 2 0 1 1 2 0 0 0 1 1 1 2 0 0 0 1 0 0 1 1 3 0 0 0 3 0 2 2 0 1 0 0 2 1 3 0 0 1 2 1 1 1 1 2 0 1 2 1 3 0 1 1 1 0 2 1 1 1 0 1 1 1 3 0 1 0 0 0 0 0 2 1 2 1 0 0 2 1 0 0 3 0 2 0 2 0 0 0 2 1 3 0 1 1 3 0 3 0 0 2 0 0 0 0 2 0 3 0 0 0 1 2 0 1 1 1 1 0 0 0 2 0 2 1 2 1 0 1 2 0 2 0 2 0 2 1 1 1 1 2 0 0 0 0 0 2 0 1 0 2 0 1 1 0 2 1 0 0 0 1 2 1 1 1 2 0 2 2 0 0 1 0 0 0 1 0 2 1 2 2 0 0 1 1 1 1 2 0 3 0 2 0 0 2 0 1 2 1 2 1 3 0 0 1 2 0 3 0 0 1 1 0 1 2 0 2 0 1 2 1 1 1 1 0 1 2 0 1 2 1 2
0 630 1 1 2 0 0 3 0 1 1 2 1 1 0 1 1 3 0 3 0 2 0 3 0 0 1 2 0 2 2 0 1 1 1 2 0 2 1 0 2 0 1 2 0 1 1 2 1 3 0 0 0 0 0 1 1 1 1 1 1 0 0 1 2 0 1 0 1 0 0 3 0 1 0 0 1 2 1 0 1 2 1 2 2 0 2 0 1 0 1 0 0 1 1 2 2 0 1 2 2 0 0 0 1 2 2 0 1 0 0 1 0 2 1 0 1 2 1 1 1 2 0 2 2 0 0 2 2 0 1 2 0 0 0 1 2 0 0 1 0 3 0 0 0 0 1 0 1 1 1 1 1 2 1 0 1 1 2 0 0 0 0 1 1 3 0 0 0 1 2 0 0 1 0 0 1 1 2 0 1 0 1 2 1 1 1 1 2 0 0 2 0 2 0 2 1 0 1 1 1 0 0 3 0 1 2 0 0 2 1 0 1 2 2 0 1 1 0 2 0 2 1 0 1 3 0 0 0 2 2 0 1 0 1 2 0 2 1 0 2 0 1 0 1 0 1 1 1 2 0 1 0 2 0 1 1 2 1 0 0 0 0 2 2 0 2 0 1 3 0 1 0 1 0 1 1 1 0 2 0 2 2 0 2 0 0 0 1 2 2 0 0 2 0 2 0 0 1 0 1 2 0 3 0 3 0 0 1 2 1 1 0 3 0 3 0 2 2 0 1 1 0 1 1 0 0 1 0 0 2 0 0 2 0 0 0 3 0 3 0 2 1 1 0 1 0 2 0 0 0 2 0 0 0 0 1 3 0 1 1 0 1 0 0 1 0 0 1 1 0 2 2 0 1 3 0 0 1 2 2 0 0 0 2 0 1 0 0 0 0 2 0 1 2 0 1 1 0 1 0 3 0 3 0 3 0 0 0 3 0 2 1 2 1 0 2 0 1 0 0 1 1 1 1 3 0 2 0 3 0 3 0 1 0 1 1 2 1 0 1 3 0 2 2 0 1 1 0 1 2 0 1 2 1 1 1 3 0 0 0 2 1 1 1 3 0 0 0 0 1 2 0 0 1 0 1 1 1 0 1 3 0 1 0 0 1 1 1 2 0 2 0 0 0 2 0 2 1 2 1 2 1 0 1 1 0 2 1 1 1 0 1 0 0 2 0 1 0 0 1 1 0 2 0 0 1 1 1 0 0 1 0 1 0 1 1 3 0 2 1 2 1 0 0 1 2 0 0 0 2 0 0 1 1 1 1 0 0 1 1 0 2 0 0 0 0 2 0 2 1 2 0 0 0 2 1 2 0 1 0 2 1 3 0 2 1 0 0 3 0 0 1 2 2 0 1 1 0 1 0 1 1 2 1 0 0 2 1 2 0 1 1 0 1 0 2 0 1 0 1 3 0 1 1 0 1 0 1 1 0 0
0 631 1 0 2 1 3 0 2 0 0 0 0 1 2 1 0 0 2 0 3 0 1 0 2 1 2 1 0 0 2 1 0 0 2 1 0 0 1 1 1 2 0 1 0 0 0 0 1 0 1 1 1 0 0 0 3 0 2 0 1 2 0 1 0 0 3 0 3 0 3 0 1 1 3 0 1 1 0 1 1 1 1 0 1 1 0 1 3 0 3 0 2 2 0 0 1 1 0 1 1 0 2 1 1 1 1 0 3 0 2 1 2 1 1 1 1 1 0 2 0 0 0 0 2 0 3 0 1 1 0 0 3 0 0 1 0 0 2 1 2 1 2 1 1 0 1 0 0 0 2 0 2 1 0 1 1 0 2 1 2 1 0 1 0 0 1 1 1 1 0 0 2 1 2 0 1 0 2 2 0 0 0 1 0 1 3 0 2 1 3 0 0 0 1 0 1 1 1 0 1 2 0 1 3 0 0 0 3 0 0 1 1 1 1 1 0 0 1 1 1 0 1 1 1 1 1 1 1 1 2 1 0 0 0 1 0 0 1 1 1 2 0 0 0 0 0 0 2 0 3 0 2 1 1 0 0 0 0 1 0 0 0 1 2 1 0 2 0 1 1 1 3 0 2 0 3 0 1 1 1 0 2 1 0 1 2 1 1 1 1 0 3 0 0 0 0 1 2 0 0 1 0 0 3 0 2 1 2 1 0 1 2 1 3 0 3 0 2 1 0 0 1 0 2 2 0 0 2 0 1 1 2 2 0 1 1 1 3 0 3 0 1 1 2 0 2 1 0 1 1 1 0 1 1 0 1 1 1 2 0 1 0 2 0 0 2 0 1 0 1 1 2 1 0 1 1 1 2 1 1 0 2 1 1 1 3 0 2 1 0 1 1 0 0 1 0 0 1 0 2 1 3 0 3 0 2 1 1 1 3 0 2 0 0 1 1 1 3 0 2 1 3 0 2 1 2 0 1 0 3 0 2 2 0 0 0 0 0 1 1 1 2 0 2 1 0 0 1 1 0 1 0 1 0 2 0 0 1 1 1 1 1 2 0 0 1 1 1 0 1 0 3 0 1 0 0 0 2 0 0 1 1 1 3 0 1 0 2 1 0 0 0 1 1 1 1 0 2 0 1 0 0 1 1 0 1 1 1 1 2 2 0 2 0 1 0 1 3 0 1 0 1 1 0 1 2 0 1 2 0 0 2 0 2 1 0 0 2 0 2 0 0 1 0 1 0 0 2 1 1 1 2 1 3 0 1 2 0 0 3 0 0 1 2 1 0 1 1 0 1 2 0 1 1 1 1 2 0 2 0 0 2 0 2 0 1 1 0 1 2 1 2 1 1 1 0 0 1 0 2 1 0 0 0 1 0 1 1 2 0 2 0 1 1 0 0 2 0 0 0 1 1 2 0 1 1 0 0 0 1 0 0
0 631 2 1 2 0 2 0 0 1 1 0 1 1 0 1 0 1 1 0 2 2 0 0 2 0 0 1 0 1 1 1 0 1 1 1 0 0 3 0 2 1 3 0 2 1 0 0 2 0 3 0 1 0 0 1 3 0 1 0 0 0 3 0 3 0 2 0 3 0 3 0 0 0 1 2 0 1 1 0 2 0 1 0 3 0 0 1 2 0 3 0 2 0 2 1 3 0 0 0 1 1 1 1 3 0 1 1 3 0 2 0 0 1 3 0 2 0 0 1 2 1 0 1 1 0 2 2 0 1 0 1 2 1 1 2 0 1 2 0 1 0 0 1 2 0 2 0 0 1 1 0 1 1 1 0 1 1 2 0 0 1 0 2 0 0 3 0 1 2 0 1 1 2 0 2 0 0 2 0 2 1 1 0 0 1 2 0 2 0 1 1 1 0 2 0 3 0 1 1 0 1 0 1 1 1 1 1 2 1 2 0 2 0 1 2 0 0 3 0 1 0 3 0 2 0 2 0 2 1 0 1 0 0 0 2 0 0 3 0 2 1 2 1 0 0 0 1 1 0 3 0 1 1 2 0 0 0 0 2 0 0 1 1 0 1 1 2 0 0 2 1 2 0 1 0 2 2 0 1 2 1 1 1 1 1 0 1 3 0 1 1 2 1 1 0 1 0 3 0 0 2 0 1 3 0 2 0 0 1 1 1 1 0 2 0 3 0 1 1 0 0 2 1 2 0 3 0 0 0 0 0 1 1 0 0 2 1 2 0 3 0 0 0 0 0 1 1 1 0 2 0 0 0 1 0 3 0 2 2 0 0 0 1 2 2 0 2 0 0 0 0 0 1 1 0 2 1 0 1 2 1 1 2 0 0 2 0 1 1 1 0 1 0 0 2 0 0 2 1 2 0 2 0 3 0 1 2 0 0 2 0 0 1 2 0 2 1 2 0 2 0 2 0 1 2 0 2 0 0 3 0 2 0 2 1 0 0 1 0 2 1 0 0 1 1 0 0 3 0 0 0 0 0 0 1 2 1 3 0 2 0 2 1 2 1 3 0 1 0 2 1 2 1 3 0 0 1 0 1 2 0 2 1 1 2 0 0 1 1 0 0 1 0 2 0 1 1 0 1 3 0 1 0 1 0 3 0 2 1 1 1 0 2 0 0 0 1 1 1 3 0 3 0 0 1 0 0 0 0 3 0 0 0 1 1 0 1 1 0 0 1 1 2 0 2 0 1 1 2 0 0 1 0 2 0 0 0 3 0 1 1 2 1 0 1 1 0 1 1 0 1 0 0 2 0 2 2 0 1 3 0 0 0 0 2 0 1 1 1 1 0 0 1 2 2 0 0 2 1 1 1 0 0 1 0 0 0 2 2 0 2 0 0 1 0 1 1 2 1 1 0 2 2 0 0 1 0 0 0 2 0 0
0 632 1 2 0 0 0 0 1 2 0 1 0 3 0 0 0 0 0 1 1 2 0 2 2 0 1 2 0 0 0 2 0 0 0 1 2 0 1 3 0 2 0 2 0 1 1 0 1 1 0 2 1 3 0 1 1 1 1 3 0 0 1 3 0 3 0 1 0 3 0 2 1 1 1 0 1 0 0 1 1 0 2 0 0 2 1 2 1 0 0 3 0 1 0 2 0 1 1 1 0 3 0 2 1 2 0 0 0 2 0 0 1 2 1 2 0 0 1 2 1 0 1 1 0 1 1 2 1 0 0 0 1 0 2 0 1 0 0 3 0 2 0 1 1 0 0 0 1 2 0 1 0 3 0 1 0 3 0 3 0 1 0 0 1 3 0 2 0 0 1 0 0 2 2 0 1 3 0 0 0 1 1 2 0 1 1 0 0 0 2 0 1 2 1 1 0 2 2 0 1 1 0 0 0 2 0 2 1 1 0 0 0 1 0 0 0 3 0 1 2 0 0 3 0 1 0 1 0 1 1 0 2 0 0 1 1 3 0 2 0 2 0 0 1 0 0 1 0 1 1 2 2 0 2 0 1 1 0 1 1 2 1 3 0 0 0 2 1 3 0 0 2 0 2 0 0 2 1 0 1 0 1 3 0 2 0 0 1 2 0 0 0 0 1 2 0 2 1 2 1 2 2 0 1 2 0 0 1 2 0 2 0 1 1 1 0 2 2 0 1 0 1 2 0 0 0 2 1 1 0 0 0 2 2 0 1 2 0 0 0 2 1 1 0 0 0 3 0 1 1 0 1 1 0 2 1 3 0 2 0 2 1 1 1 1 1 0 1 2 1 0 0 1 0 1 1 1 1 1 1 0 2 0 0 2 2 0 2 0 1 2 0 2 0 1 1 3 0 1 0 0 0 1 0 3 0 0 0 2 2 0 1 2 1 0 0 2 0 0 0 1 0 1 0 0 1 0 1 3 0 2 0 1 0 1 1 0 0 2 1 1 1 0 0 2 2 0 1 2 1 1 0 0 0 1 1 1 0 2 0 1 0 2 0 1 0 1 2 0 0 2 0 1 0 1 1 2 0 0 1 0 0 1 2 0 0 2 1 2 2 0 0 2 1 0 2 0 1 1 1 1 1 3 0 2 1 3 0 1 1 3 0 0 1 2 1 1 0 2 1 2 0 2 1 1 2 0 0 0 1 2 1 1 0 3 0 0 0 1 0 1 0 2 2 0 2 0 0 2 1 2 1 2 1 0 1 1 1 3 0 0 0 0 1 1 0 1 0 2 2 0 2 0 1 1 0 2 1 0 1 1 1 1 0 1 2 0 0 2 0 1 0 1 1 1 0 3 0 0 1 2 2 0 0 2 0 0 1 2 1 0 1 2 1 2 1 0 0 0 1 2 1 2 0 2 1 2 0 0 1 0 1 1
0 633 1 0 3 0 0 0 1 0 3 0 2 1 2 1 1 0 0 1 0 0 0 0 2 1 0 0 3 0 0 1 0 1 1 1 0 1 0 1 2 0 1 0 0 2 0 1 1 0 1 1 2 0 1 2 0 2 0 0 1 1 2 1 2 0 2 2 0 0 3 0 1 1 2 2 0 2 0 0 3 0 0 1 3 0 1 0 0 1 0 1 2 2 0 0 0 2 0 1 2 1 3 0 1 2 0 1 1 1 0 1 2 1 0 2 0 1 2 1 0 1 1 0 1 1 0 0 0 1 0 0 1 0 0 1 3 0 3 0 2 0 0 2 0 1 0 0 1 0 3 0 2 1 2 2 0 0 3 0 2 1 3 0 1 1 2 0 0 1 1 2 0 1 2 1 0 1 1 1 1 0 3 0 3 0 2 2 0 0 1 2 0 1 0 1 2 1 2 1 0 0 1 0 0 1 1 0 1 1 2 0 0 0 2 0 0 1 3 0 0 0 3 0 1 1 3 0 2 0 3 0 0 1 2 2 0 0 2 0 1 0 0 1 1 2 0 0 2 1 0 0 1 1 0 2 0 0 1 1 0 0 1 0 1 1 1 1 2 0 1 1 2 2 0 1 3 0 0 1 1 0 0 1 2 0 0 1 2 0 3 0 0 0 1 1 0 0 2 0 1 0 1 1 0 0 3 0 1 1 0 0 0 2 0 1 2 1 2 1 0 0 0 0 3 0 0 1 1 1 2 0 0 1 2 1 0 0 3 0 0 1 1 1 2 0 0 1 2 2 0 1 1 0 1 1 2 0 2 0 1 0 1 1 3 0 2 0 0 1 0 1 0 0 2 0 3 0 2 0 2 0 0 1 3 0 1 1 0 2 0 1 0 0 1 0 0 0 1 1 3 0 0 0 2 1 2 1 1 1 2 1 0 1 0 1 0 1 0 1 1 0 2 0 2 0 1 0 0 1 2 0 0 1 3 0 2 2 0 1 1 1 2 2 0 1 2 1 0 1 0 1 2 0 0 0 3 0 1 1 0 2 0 0 0 2 0 0 0 0 2 2 0 1 3 0 3 0 3 0 0 2 0 1 0 0 3 0 1 0 1 0 3 0 0 1 1 2 0 0 2 0 2 1 2 0 2 0 2 0 0 0 1 1 2 1 0 1 2 1 2 0 0 0 1 2 0 0 2 1 1 1 0 1 2 1 2 1 1 0 2 0 2 1 2 1 0 1 3 0 1 0 1 0 0 1 1 0 2 1 1 1 1 0 1 0 1 0 2 1 2 1 0 2 0 0 1 1 1 1 1 0 2 0 1 1 0 0 2 2 0 1 3 0 3 0 1 1 2 1 2 1 1 0 2 2 0 1 2 1 0 1 1 1 1 0 0 1 0 0 1 1 1 0 0 0 1 2 0 1 2 0 0 0 1
1 633 2 1 2 1 1 0 2 1 3 0 2 0 0 1 2 0 0 2 0 0 0 1 1 1 0 1 2 1 2 0 0 0 2 0 0 0 0 0 3 0 2 0 1 2 0 0 1 1 0 0 0 0 0 1 0 1 2 2 0 0 1 0 0 0 2 0 3 0 2 0 0 0 1 1 0 1 3 0 1 1 2 1 1 1 3 0 1 0 0 1 1 0 2 1 1 2 0 1 1 0 2 0 0 1 0 0 2 0 0 1 0 1 1 2 0 1 0 1 1 0 1 0 2 2 0 0 0 2 0 0 2 0 1 1 2 0 3 0 0 1 2 1 3 0 2 1 2 1 3 0 2 0 1 0 3 0 2 0 2 0 1 2 0 2 0 1 2 0 2 2 0 1 0 1 1 0 2 0 1 1 3 0 3 0 2 0 2 2 0 1 0 0 0 1 1 0 0 1 0 0 2 0 1 0 1 0 3 0 3 0 0 1 0 1 2 1 1 1 1 1 3 0 0 0 2 0 1 0 2 1 2 1 1 0 2 2 0 1 3 0 1 0 2 1 3 0 0 1 0 0 3 0 0 1 2 1 2 2 0 0 2 0 3 0 2 1 0 0 0 0 1 1 0 1 1 1 2 0 1 0 1 0 3 0 1 1 0 0 2 1 1 0 2 2 0 1 0 1 3 0 2 2 0 1 2 2 0 1 0 0 1 2 0 1 1 0 0 1 0 0 0 1 2 1 2 0 2 0 3 0 1 1 0 1 0 1 2 1 2 0 2 0 3 0 1 1 1 1 0 0 1 1 0 0 0 0 0 2 0 0 0 0 2 0 0 1 1 2 0 2 0 1 1 0 3 0 1 0 0 1 2 1 1 2 0 1 1 1 3 0 2 1 2 0 0 1 0 0 1 1 1 1 2 0 0 2 0 0 0 1 1 0 0 0 0 0 0 0 1 1 1 0 0 1 3 0 1 0 3 0 1 1 2 0 2 1 0 0 2 1 1 1 0 1 0 1 1 0 0 0 3 0 0 1 2 2 0 1 1 1 2 1 1 1 2 1 0 1 2 1 0 1 2 0 3 0 2 1 2 1 3 0 3 0 1 1 3 0 2 1 2 1 2 0 2 1 3 0 0 0 2 0 0 0 1 0 0 1 1 1 0 0 0 1 1 1 0 2 0 1 1 1 0 0 3 0 0 1 3 0 0 1 1 0 0 1 2 1 1 0 2 0 0 1 1 1 1 1 3 0 2 0 1 0 1 1 1 1 3 0 1 0 2 0 2 1 2 0 0 1 1 1 2 1 3 0 2 0 1 1 0 2 0 1 0 1 2 1 0 1 2 0 3 0 0 0 1 0 0 1 2 1 2 1 0 1 0 1 1 0 2 0 1 0 0 2 0 0 3 0 1 0 0 1 0 1 0 0 3 0 0 0 2
0 634 1 2 0 0 1 2 1 2 0 2 0 0 1 2 0 3 0 1 1 2 1 1 0 2 0 0 1 0 2 0 1 1 1 0 1 1 0 0 1 3 0 1 0 0 0 2 1 2 2 0 0 0 0 1 0 0 1 1 0 2 1 2 0 0 1 1 0 3 0 0 1 1 0 3 0 0 1 2 0 0 0 0 2 0 0 1 1 3 0 1 0 1 1 1 2 0 1 0 0 1 1 0 1 1 2 0 1 0 1 2 0 0 0 2 2 0 0 0 0 1 0 2 1 2 0 2 1 1 1 3 0 0 0 0 0 0 0 2 1 2 1 1 0 2 0 2 0 1 0 2 0 0 2 0 0 3 0 1 0 1 0 0 1 0 2 0 1 0 0 2 1 0 0 0 0 1 1 1 0 0 0 2 0 3 0 1 0 2 0 3 0 2 1 1 0 1 0 0 2 0 1 0 1 3 0 2 1 3 0 2 1 2 0 0 1 0 1 3 0 2 1 1 1 1 1 0 2 0 0 2 0 0 1 2 1 2 1 0 1 1 2 0 0 2 0 1 1 1 2 0 1 2 1 2 1 1 0 1 0 3 0 0 0 3 0 1 1 0 0 0 0 3 0 0 0 2 0 3 0 2 0 2 1 2 2 0 1 0 1 1 1 2 1 2 1 0 0 0 1 2 0 2 1 0 1 1 0 3 0 2 2 0 1 0 0 1 0 0 2 0 0 1 1 1 0 0 0 1 0 2 2 0 1 1 0 0 1 1 0 0 0 1 0 2 2 0 1 2 2 0 0 2 2 0 0 0 0 1 1 2 1 0 1 0 1 2 0 2 2 0 2 0 0 1 1 2 1 3 0 1 1 0 2 0 1 0 0 2 1 2 0 1 2 0 1 1 2 0 0 3 0 2 0 3 0 1 1 2 1 1 0 1 0 0 0 0 0 0 0 3 0 1 0 1 1 1 2 0 0 3 0 0 0 0 0 1 1 0 1 1 1 3 0 0 0 0 0 1 0 0 1 2 1 2 1 1 1 0 0 2 1 0 2 0 0 0 1 1 1 0 1 1 1 0 0 3 0 2 0 1 0 2 0 3 0 0 0 2 0 2 0 1 0 0 0 2 0 1 1 1 1 0 1 1 0 2 0 1 0 1 2 0 0 1 0 2 0 0 2 0 0 1 2 0 1 2 1 2 1 1 1 2 0 1 0 1 1 0 1 2 1 0 1 2 0 2 0 2 1 2 0 0 1 3 0 3 0 2 1 1 2 0 0 1 0 1 2 0 1 2 0 2 1 1 0 2 0 0 2 0 1 1 2 0 0 0 1 0 1 1 1 0 0 2 1 1 0 2 0 1 1 1 0 0 1 1 0 0 0 1 1 0 1 3 0 1 1 3 0 1 1 3 0 0 2 0 2 0 1 2 1 1 1 1
0 635 1 0 3 0 1 1 1 0 0 0 0 1 2 1 0 0 3 0 0 0 0 1 2 1 0 1 2 0 0 2 0 0 2 0 0 0 1 0 1 1 1 1 3 0 0 1 2 0 1 0 2 1 0 0 2 0 1 0 1 1 1 2 0 1 2 0 1 1 2 1 2 0 1 1 2 1 2 0 3 0 0 0 1 1 2 2 0 0 1 1 3 0 3 0 2 1 3 0 2 1 3 0 0 0 2 2 0 0 0 0 3 0 0 1 2 0 2 1 0 0 2 1 2 0 0 0 1 2 0 0 1 1 1 0 0 0 0 1 2 0 0 1 2 1 1 0 0 2 0 0 0 1 2 1 3 0 1 1 3 0 2 0 1 0 0 1 3 0 3 0 0 1 0 0 0 0 3 0 1 0 0 1 1 0 2 2 0 0 1 0 3 0 1 1 2 0 2 0 1 2 0 0 0 1 2 0 2 0 2 0 1 2 0 1 2 0 0 1 2 0 1 1 3 0 2 0 0 1 2 2 0 1 2 1 1 0 0 1 1 0 2 1 2 2 0 2 0 2 0 1 0 1 1 0 0 1 2 0 2 1 2 1 1 1 2 2 0 1 0 0 0 1 2 1 1 1 1 0 3 0 1 0 2 0 1 1 0 0 0 0 2 1 1 0 0 1 0 0 1 1 0 0 1 1 1 0 1 1 3 0 2 0 3 0 2 1 2 0 1 1 2 1 3 0 1 0 0 0 2 1 2 1 0 0 1 0 1 0 1 0 0 0 2 1 2 1 0 1 1 0 3 0 1 0 2 1 0 1 0 0 0 1 1 0 0 1 0 0 2 1 0 1 2 2 0 0 1 0 1 2 0 1 1 1 3 0 3 0 1 0 0 0 0 1 0 0 2 1 3 0 2 0 1 0 3 0 0 0 0 1 2 0 2 0 0 0 0 0 0 1 2 1 3 0 3 0 2 1 3 0 1 1 1 0 0 0 3 0 0 0 2 1 1 1 1 0 0 0 2 0 1 1 1 0 0 1 2 2 0 1 1 1 1 1 2 1 1 0 2 0 0 0 1 2 0 1 3 0 0 2 0 0 1 0 2 1 1 1 1 0 0 1 3 0 0 1 0 2 0 1 3 0 0 0 1 1 0 2 0 0 0 0 2 1 2 1 0 1 2 1 2 2 0 1 0 1 1 0 0 1 3 0 3 0 2 0 3 0 0 1 0 1 1 1 0 0 1 0 1 2 0 1 2 1 2 0 3 0 1 2 0 0 2 1 2 1 0 1 0 1 0 0 1 1 2 1 0 1 2 2 0 0 2 1 2 1 1 0 0 0 1 2 0 1 1 1 2 1 0 2 0 1 2 0 1 0 1 0 0 0 3 0 0 1 2 0 0 0 2 0 0 0 1 1 2 2 0 2 0 1 0 1 3 0 1
1 635 2 1 2 2 0 1 2 0 0 0 1 1 0 1 0 1 2 1 1 0 1 1 0 1 1 0 3 0 1 1 2 2 0 1 1 0 2 0 3 0 2 1 1 1 2 0 3 0 2 1 1 1 0 1 0 1 3 0 3 0 2 2 0 1 0 0 0 0 1 0 0 0 0 0 1 0 0 0 2 1 1 1 0 0 1 0 2 2 0 0 2 0 3 0 2 0 2 0 2 0 1 1 1 1 2 0 2 1 0 1 2 1 2 1 0 0 1 1 0 1 1 2 0 1 1 1 0 0 2 1 3 0 1 0 0 0 1 0 3 0 1 1 0 1 2 0 1 1 2 1 1 1 1 0 2 0 0 0 2 0 0 1 3 0 1 1 2 0 2 1 1 2 0 0 0 1 2 1 3 0 1 0 1 1 2 0 2 1 2 1 3 0 0 0 0 0 1 0 0 0 2 1 1 1 0 0 1 0 1 0 0 1 0 0 3 0 1 1 0 0 0 0 2 0 0 1 2 1 1 1 0 1 0 1 2 0 1 0 1 1 2 0 1 1 0 2 0 2 0 0 0 0 1 0 1 1 0 0 2 0 0 2 0 0 1 0 3 0 2 1 1 1 0 1 3 0 1 1 2 2 0 0 0 2 0 1 0 0 0 1 1 1 2 0 0 2 0 0 2 2 0 0 3 0 1 1 0 0 2 0 1 0 3 0 2 0 0 0 0 0 1 0 1 1 3 0 0 1 2 0 0 1 0 0 2 0 2 0 2 0 0 1 2 0 0 1 1 0 1 1 2 2 0 0 1 1 0 2 0 0 1 0 1 0 0 2 0 1 1 1 1 1 1 0 2 1 2 1 0 1 0 0 2 1 2 0 2 1 3 0 0 0 0 2 0 1 2 0 2 0 0 2 0 0 2 1 1 0 1 1 0 0 0 1 1 0 0 0 1 1 1 0 2 0 3 0 2 0 1 2 0 1 2 0 0 1 2 1 1 1 1 1 3 0 1 0 0 1 0 2 0 1 2 0 1 1 1 1 0 0 2 0 2 1 0 1 2 1 0 1 1 1 0 1 0 1 1 1 2 1 2 1 2 1 1 1 3 0 1 0 1 1 1 1 2 0 0 2 0 1 1 1 1 0 3 0 0 1 2 1 0 1 2 0 0 1 1 1 1 0 1 1 0 0 0 0 1 0 1 1 2 0 3 0 1 0 2 1 2 0 0 0 1 2 0 0 2 1 0 1 0 1 1 0 0 0 3 0 0 0 3 0 1 0 0 1 0 2 0 2 0 1 0 0 0 1 1 1 1 0 3 0 1 0 0 1 2 0 0 1 0 1 0 0 2 1 0 1 1 2 0 0 3 0 2 0 2 0 0 1 2 1 2 0 3 0 0 1 0 1 1 1 0 0 1 1 0 2 0 0 0 1 1 2 0
1 636 1 2 0 1 1 0 0 3 0 0 0 3 0 0 0 0 1 0 1 2 0 3 0 0 0 1 1 3 0 0 0 1 1 0 0 1 1 1 0 3 0 1 2 0 0 0 0 3 0 1 1 3 0 0 0 0 1 2 0 3 0 2 0 3 0 2 1 0 0 2 0 0 0 0 0 2 0 0 1 1 1 2 2 0 0 2 1 2 0 3 0 0 0 3 0 1 0 1 0 0 2 0 2 0 0 0 0 1 1 1 1 1 0 0 1 0 0 3 0 0 0 2 2 0 0 1 2 0 1 2 0 1 1 3 0 0 0 2 1 2 2 0 1 1 1 0 0 0 0 0 1 3 0 1 1 0 1 1 1 0 1 2 1 2 0 0 0 0 0 1 2 0 0 2 1 1 1 1 0 1 2 0 0 0 0 0 0 2 0 1 0 1 1 1 0 0 0 2 0 0 1 1 1 2 2 0 0 2 0 2 0 0 2 0 1 2 2 0 1 0 0 0 1 0 1 2 1 0 1 3 0 0 0 0 0 3 0 2 0 3 0 3 0 3 0 0 2 0 1 2 1 0 0 2 0 2 2 0 1 0 1 2 1 2 1 2 1 3 0 1 1 3 0 0 1 2 0 0 0 1 0 2 1 1 1 3 0 2 1 1 0 2 0 3 0 1 1 3 0 1 0 3 0 1 2 0 1 0 1 0 2 0 0 3 0 0 1 1 0 0 0 2 1 0 0 1 1 2 0 3 0 0 2 0 1 1 0 1 0 0 1 2 0 3 0 1 0 1 1 0 0 1 0 2 1 3 0 0 1 2 1 2 0 2 0 1 2 0 0 2 0 2 0 1 1 2 0 0 1 0 2 0 1 2 0 0 0 2 0 1 1 1 0 1 2 0 1 0 0 0 1 2 1 3 0 0 1 2 0 2 2 0 0 1 0 1 0 0 0 3 0 1 1 1 0 3 0 1 0 0 1 0 0 3 0 1 1 0 1 3 0 2 1 1 1 3 0 1 0 0 2 0 0 3 0 3 0 1 2 0 1 1 0 1 1 1 1 0 1 1 0 2 0 0 0 0 0 2 1 1 0 1 0 0 2 0 0 1 1 3 0 3 0 2 0 3 0 1 2 0 0 2 0 1 1 2 1 2 1 0 1 1 0 3 0 1 0 2 0 1 0 2 2 0 0 0 0 2 1 0 0 0 0 2 2 0 0 1 2 0 1 1 1 0 0 3 0 0 1 1 0 0 0 1 0 0 1 2 1 1 1 2 1 3 0 1 0 0 2 0 1 3 0 2 1 1 0 2 0 1 1 2 1 3 0 1 0 3 0 0 2 0 2 0 1 1 1 1 0 2 1 3 0 2 0 1 0 0 1 2 1 1 0 0 0 2 1 2 0 0 0 1 2 0 0 3 0 0 1 2 1 1 0 2 1 2
0 637 1 0 3 0 2 2 0 1 2 1 1 1 2 1 1 0 1 0 0 1 0 0 2 1 1 1 0 0 1 1 1 0 2 2 0 0 3 0 1 1 3 0 0 0 2 1 0 1 3 0 0 0 1 1 1 0 1 1 0 0 3 0 1 0 3 0 1 1 0 1 0 1 1 0 0 1 0 1 2 0 2 1 1 0 3 0 1 0 0 0 2 1 1 1 2 1 3 0 2 0 1 2 0 1 2 1 0 0 3 0 2 0 1 0 0 2 0 1 2 1 1 1 2 0 2 2 0 1 0 1 0 0 0 0 1 1 1 1 2 0 1 1 0 0 1 2 0 0 0 0 1 1 1 2 0 1 1 0 2 0 0 1 0 2 0 1 1 0 0 1 0 0 3 0 0 1 3 0 1 1 0 0 2 1 0 0 0 1 0 1 3 0 3 0 1 0 0 1 0 1 2 0 2 1 1 0 3 0 0 0 0 1 2 2 0 1 1 0 3 0 2 1 1 0 0 1 0 1 1 1 1 1 1 0 0 1 3 0 1 0 3 0 3 0 2 1 2 2 0 1 0 1 0 1 1 0 2 1 0 0 0 1 1 0 1 0 1 0 2 0 0 0 1 1 2 0 3 0 0 0 2 1 1 2 0 0 2 0 1 1 2 1 1 0 3 0 0 0 1 2 0 0 3 0 0 1 0 0 0 0 0 1 3 0 1 1 2 0 1 0 0 1 1 1 0 1 0 0 0 0 2 1 2 2 0 0 1 0 2 0 1 1 0 0 2 1 3 0 2 2 0 0 2 1 2 0 1 1 2 1 1 0 0 0 1 0 0 0 3 0 0 0 0 2 0 2 0 1 2 0 0 2 0 0 3 0 0 1 0 2 0 1 2 1 0 0 3 0 2 1 1 1 1 0 1 1 2 1 0 0 2 0 2 1 2 0 2 0 0 1 2 2 0 1 2 1 2 1 3 0 0 2 0 1 2 2 0 1 1 1 2 0 1 2 0 0 1 1 3 0 1 1 3 0 2 0 3 0 0 1 0 0 1 0 3 0 2 0 0 0 1 1 0 1 1 0 0 1 1 1 2 0 2 0 1 1 2 2 0 0 2 0 3 0 1 0 3 0 0 0 3 0 0 0 0 0 1 0 0 1 1 0 1 1 2 2 0 0 0 2 0 0 2 0 2 1 0 1 1 1 0 0 0 1 2 0 2 2 0 1 0 0 1 2 0 1 2 1 2 0 1 0 0 0 2 0 1 1 0 2 0 0 1 0 1 1 3 0 1 2 0 1 2 0 1 1 2 1 1 0 0 0 1 0 1 2 0 0 2 1 2 2 0 2 0 0 2 0 1 1 2 0 2 0 0 1 3 0 1 1 0 1 2 0 0 1 1 2 0 1 1 1 0 0 3 0 1 1 2 1 0 1 2 1 2 0 0
0 637 2 1 3 0 2 1 0 1 0 2 0 0 0 1 2 0 2 0 0 2 0 1 1 1 2 2 0 0 3 0 1 1 2 0 3 0 2 0 0 0 1 1 1 1 1 1 1 1 1 1 1 0 3 0 1 0 2 2 0 1 2 2 0 0 2 2 0 1 1 0 0 0 1 0 1 0 0 1 0 0 1 1 2 1 2 1 3 0 0 1 1 2 0 0 1 0 2 0 1 0 0 1 0 1 0 1 0 1 3 0 0 1 3 0 1 2 0 1 0 2 0 0 0 0 2 0 3 0 3 0 2 1 0 0 3 0 2 0 3 0 2 2 0 1 0 0 2 1 0 0 3 0 2 2 0 0 1 1 0 1 2 0 0 2 0 0 1 0 0 2 0 1 2 1 2 1 1 2 0 1 0 1 1 1 0 0 1 0 0 1 2 0 2 1 3 0 1 0 0 1 0 0 1 1 2 1 2 1 1 0 1 1 1 1 0 0 1 1 3 0 1 1 2 0 1 0 0 0 2 0 2 0 1 0 1 1 1 2 0 0 3 0 3 0 2 0 1 1 0 0 0 0 0 0 1 1 1 1 0 0 1 0 1 0 2 0 2 1 0 1 1 1 0 0 0 0 2 1 1 1 1 2 0 0 3 0 0 0 0 0 0 1 2 1 2 1 1 1 0 0 3 0 1 1 1 2 0 0 0 0 1 1 1 2 0 2 0 1 3 0 1 0 1 2 0 2 0 0 0 1 2 0 1 0 2 1 2 1 0 2 0 1 0 1 2 0 2 0 2 0 3 0 1 0 0 0 0 0 0 1 2 0 0 0 2 0 0 1 2 1 1 0 1 2 0 2 0 0 3 0 1 1 3 0 1 1 2 0 0 2 0 1 0 1 0 1 3 0 1 1 3 0 1 1 0 0 0 1 0 1 1 0 2 0 0 0 0 1 2 1 1 1 0 1 1 0 1 0 1 1 2 2 0 1 1 1 0 0 2 1 0 0 0 0 2 2 0 0 2 0 0 0 2 0 1 0 2 1 1 2 0 0 2 1 3 0 0 1 1 0 3 0 0 0 1 0 1 0 2 1 0 0 1 0 0 0 1 0 3 0 0 0 2 2 0 0 2 1 1 1 2 1 1 0 0 0 2 0 1 0 1 1 0 0 1 0 2 1 1 1 3 0 0 0 1 1 1 0 1 2 0 0 1 1 0 0 2 0 3 0 2 2 0 1 0 1 0 2 0 1 3 0 0 1 0 2 0 1 1 1 2 1 2 1 0 0 2 0 0 1 0 1 0 0 0 0 0 1 2 0 0 0 2 1 0 0 3 0 1 0 1 1 0 1 3 0 0 0 0 0 0 0 0 1 2 1 1 2 0 1 1 0 3 0 1 0 2 2 0 0 1 2 0 1 3 0 0 0 0 1 1 1 0 2 0 1 1
0 638 1 2 0 2 0 1 1 1 0 0 1 2 1 1 1 0 0 0 1 2 2 0 0 2 1 1 0 3 0 2 0 0 0 0 0 3 0 0 1 1 0 3 0 2 0 2 0 2 0 2 0 1 1 2 2 0 0 2 1 0 1 1 0 3 0 1 1 0 0 1 0 0 0 2 0 2 0 0 2 0 1 0 0 1 0 1 0 1 1 2 0 2 1 2 1 2 1 0 1 3 0 1 0 0 0 0 0 0 1 1 1 2 1 2 0 0 1 0 0 0 1 2 1 0 1 1 0 3 0 3 0 1 1 0 1 3 0 1 0 3 0 2 0 3 0 3 0 0 1 0 1 3 0 2 0 2 1 3 0 0 0 3 0 1 1 2 1 2 0 1 2 0 1 1 0 0 2 0 1 0 0 0 0 1 2 0 0 2 0 1 1 0 0 2 0 1 1 3 0 0 2 0 1 0 0 1 0 0 1 2 0 3 0 1 2 0 1 0 0 1 2 0 2 0 1 3 0 0 1 1 0 0 1 3 0 3 0 2 1 3 0 2 0 3 0 0 2 0 1 0 0 0 0 0 0 3 0 1 2 0 0 2 0 2 1 1 0 1 1 1 0 1 2 0 0 0 1 1 1 3 0 2 1 3 0 1 1 1 0 0 0 1 1 1 0 0 1 2 2 0 1 2 2 0 2 0 0 2 1 0 0 3 0 2 2 0 2 0 1 1 2 0 0 0 1 0 1 2 1 1 0 3 0 2 1 2 0 0 1 1 2 0 0 0 1 0 0 1 0 1 0 2 1 3 0 0 0 0 0 1 0 3 0 0 1 0 1 2 1 0 1 2 1 0 1 0 1 3 0 2 0 0 0 1 2 0 2 0 1 2 2 0 0 0 0 0 1 2 0 0 0 1 2 0 1 0 0 1 0 0 0 1 1 0 1 1 0 1 1 0 1 3 0 0 0 1 0 2 1 0 0 1 1 0 0 1 2 0 1 1 1 0 0 0 1 2 0 2 2 0 1 1 1 0 2 0 0 1 2 0 0 3 0 1 0 1 1 2 0 1 1 2 1 1 0 2 0 2 1 1 1 0 0 2 0 0 0 2 1 2 1 1 1 2 0 3 0 0 2 0 0 0 1 2 0 0 1 0 1 3 0 2 2 0 0 2 1 1 2 0 0 1 1 1 0 3 0 1 1 0 0 2 1 2 2 0 1 1 0 3 0 2 1 0 0 0 0 0 2 0 1 1 1 2 0 0 2 0 0 2 1 1 0 0 1 0 1 0 1 1 2 0 2 0 0 0 0 1 0 3 0 0 1 1 1 0 1 2 1 3 0 3 0 0 1 1 1 1 0 0 0 0 0 1 1 0 2 0 1 0 0 1 1 2 2 0 0 2 0 2 2 0 1 0 1 1 1 1 0 1 0 2 0 0 2 0 0 1
1 639 1 1 0 0 0 2 0 1 2 0 1 1 0 1 2 2 0 0 1 1 1 0 3 0 0 1 2 1 3 0 0 1 1 0 0 1 2 1 2 0 1 1 3 0 1 0 1 0 1 0 1 0 0 0 1 0 3 0 0 1 1 0 1 1 2 2 0 1 0 0 2 0 0 1 1 0 0 1 2 1 3 0 2 1 2 0 2 1 0 0 0 0 2 0 1 0 0 1 1 1 1 1 3 0 0 0 0 0 1 0 2 1 0 2 0 1 1 2 0 0 1 1 0 1 1 0 1 1 3 0 2 2 0 1 1 1 1 2 0 0 3 0 1 0 3 0 2 1 2 0 0 1 2 0 1 0 2 0 1 1 1 1 3 0 0 0 1 0 0 0 0 1 0 0 1 0 1 1 3 0 2 1 0 1 0 0 2 2 0 2 0 1 0 1 1 0 0 0 1 1 2 1 3 0 2 1 2 0 1 1 0 0 3 0 0 0 3 0 2 2 0 1 0 2 0 1 1 1 2 0 1 0 1 1 2 0 3 0 2 0 2 0 1 0 2 1 2 1 3 0 2 1 0 0 0 1 3 0 0 0 3 0 0 0 1 1 2 0 3 0 1 1 0 0 2 1 1 0 2 1 2 0 2 0 1 2 0 1 2 0 0 0 3 0 1 0 1 1 1 1 0 1 1 1 0 1 3 0 0 1 0 1 3 0 2 1 0 2 0 0 2 1 2 1 1 0 0 1 0 1 2 1 3 0 1 2 0 1 2 0 2 1 2 1 0 2 0 0 2 0 2 1 2 0 1 1 1 0 0 0 2 1 2 1 2 0 0 1 0 1 1 1 0 1 1 0 0 1 2 0 0 1 1 1 0 1 0 2 0 1 1 0 2 1 0 0 1 0 3 0 0 1 0 0 3 0 2 1 2 0 0 0 3 0 0 0 1 0 3 0 0 1 1 1 1 0 2 1 1 1 0 0 2 2 0 1 0 1 0 0 1 2 0 0 1 1 0 0 2 1 0 0 2 0 0 1 2 2 0 0 3 0 1 2 0 0 0 0 0 0 0 0 0 1 2 1 1 0 1 1 2 2 0 1 0 1 1 1 2 0 0 2 0 0 0 0 2 1 2 1 2 1 1 0 3 0 1 0 0 1 2 0 2 0 3 0 0 2 0 0 2 1 3 0 1 1 2 2 0 1 0 1 2 0 1 1 0 0 1 1 3 0 1 1 0 0 0 0 1 2 0 0 2 0 3 0 1 1 3 0 0 1 2 0 1 0 0 0 0 0 2 2 0 1 2 1 0 0 2 1 2 1 2 0 2 0 0 1 1 0 2 0 2 1 2 0 2 0 1 0 0 0 0 0 3 0 0 1 3 0 2 2 0 0 1 0 3 0 0 0 2 1 0 0 0 0 2 0 1 0 2 1 0 1 2 1 2 1 2
0 639 2 2 0 0 1 2 0 0 3 0 3 0 0 1 1 0 2 1 3 0 1 1 2 1 2 1 1 0 1 1 2 0 1 0 1 1 1 0 0 0 0 0 1 1 3 0 2 0 2 0 2 0 0 0 2 1 2 1 2 0 1 1 0 0 1 0 3 0 2 2 0 1 2 0 1 0 1 1 1 0 2 0 2 0 0 0 1 1 0 0 0 1 0 1 3 0 1 0 2 0 2 1 1 1 1 0 0 0 2 1 1 1 1 2 0 0 2 1 2 1 3 0 0 0 1 1 0 0 2 0 2 1 0 0 2 0 2 1 3 0 1 2 0 0 3 0 1 2 0 1 2 0 3 0 2 1 0 2 0 2 0 0 1 1 1 0 2 0 0 0 0 2 0 0 2 1 0 0 2 0 1 1 0 2 0 1 2 1 0 2 0 0 0 0 1 0 0 1 0 0 1 0 2 0 1 2 0 2 0 1 0 1 2 1 1 1 3 0 2 1 0 0 0 2 0 0 2 0 3 0 2 1 0 0 0 0 3 0 1 0 0 2 0 0 2 0 1 0 2 0 1 1 0 0 1 1 1 1 1 1 2 1 1 1 0 0 0 0 2 2 0 1 0 1 1 1 2 1 2 0 0 0 1 0 0 1 0 0 3 0 0 1 2 1 3 0 3 0 2 0 0 0 2 0 0 1 1 1 2 0 0 1 2 0 1 1 1 1 3 0 1 0 0 1 2 0 1 0 0 1 1 0 2 0 0 1 0 1 0 0 2 0 0 1 1 1 3 0 0 0 1 2 0 2 0 1 2 0 0 1 2 0 0 2 0 1 2 0 0 0 2 0 0 0 1 0 1 0 3 0 1 0 2 0 0 0 0 2 0 0 1 1 1 1 0 0 2 1 2 1 1 2 0 1 3 0 1 2 0 1 1 1 2 1 1 0 2 1 2 1 2 0 2 0 1 1 1 1 2 2 0 1 2 0 3 0 3 0 2 2 0 0 2 1 2 2 0 1 1 1 0 1 0 1 2 1 1 0 3 0 2 0 0 0 2 1 0 0 0 0 0 0 1 1 0 1 2 1 0 0 1 1 0 0 0 0 2 0 3 0 1 1 2 1 0 1 2 0 1 0 0 1 2 1 2 1 3 0 1 1 0 0 1 0 2 1 2 1 3 0 1 0 2 0 0 0 1 1 0 0 0 0 3 0 2 2 0 1 0 0 1 2 0 1 0 0 0 1 0 0 3 0 0 0 3 0 0 0 1 1 2 0 3 0 2 0 0 0 0 1 2 1 0 1 0 1 0 1 2 0 1 0 0 0 0 1 2 0 1 1 1 0 2 0 0 0 0 1 3 0 0 0 0 1 2 1 2 1 2 0 2 0 2 1 2 1 2 1 1 1 1 1 0 0 0 1 0 2 0 0 1 1 1 1 1 0 1 0 0
0 640 1 2 0 2 2 0 0 3 0 2 0 2 1 2 0 1 1 2 0 2 0 0 0 1 0 0 1 2 0 3 0 3 0 2 0 3 0 1 0 0 0 0 1 0 0 2 0 1 0 1 0 0 1 1 1 2 0 0 2 0 2 0 1 0 0 2 1 3 0 2 1 0 0 3 0 2 0 3 0 1 1 1 0 0 1 1 0 2 2 0 0 1 0 0 1 1 2 0 0 1 0 1 1 3 0 1 0 0 1 1 1 3 0 2 1 3 0 1 0 1 0 1 1 1 0 2 2 0 1 1 0 1 1 0 1 1 0 2 0 2 0 0 0 3 0 2 0 0 1 0 1 0 0 3 0 1 1 1 2 0 1 2 1 3 0 1 1 0 1 1 0 1 1 3 0 0 1 0 1 0 2 0 1 1 2 0 1 0 1 1 1 2 1 0 0 2 0 0 2 0 0 2 1 1 0 0 1 0 2 0 0 0 1 0 2 0 0 2 0 1 1 0 0 1 1 3 0 0 0 3 0 1 1 0 0 0 1 2 1 3 0 1 1 2 2 0 2 0 0 0 2 0 1 0 0 3 0 2 0 2 1 0 1 2 2 0 0 0 1 2 1 0 0 0 0 2 1 0 2 0 1 1 0 2 0 0 2 0 1 2 1 2 1 1 0 2 0 3 0 0 1 1 1 0 1 2 0 2 0 3 0 1 0 3 0 3 0 2 1 1 1 3 0 1 0 3 0 2 0 1 0 1 1 0 1 1 2 0 2 0 1 0 1 2 0 2 1 1 1 1 1 0 1 0 2 0 0 3 0 1 0 3 0 1 2 0 0 3 0 0 1 0 1 1 0 2 0 2 1 2 2 0 0 0 1 1 0 1 1 2 1 3 0 1 2 0 1 2 0 0 2 0 1 0 1 2 0 0 1 0 0 2 1 0 1 2 1 2 0 1 0 0 0 0 2 0 2 0 0 1 1 0 1 0 0 3 0 3 0 2 0 3 0 1 0 1 1 0 0 2 0 0 0 0 1 0 1 2 1 3 0 0 1 1 1 1 1 0 0 0 0 0 0 3 0 0 1 0 1 0 0 2 2 0 0 0 1 1 0 3 0 0 0 0 1 1 0 3 0 2 0 1 1 1 0 1 0 1 2 0 1 0 0 2 1 2 0 1 0 1 2 0 0 0 1 1 0 2 2 0 0 0 1 3 0 2 0 3 0 2 2 0 0 3 0 2 1 0 2 0 1 2 1 1 1 2 1 1 1 0 0 0 0 3 0 0 1 1 0 1 1 0 1 1 0 0 0 0 0 3 0 2 0 0 0 1 0 3 0 3 0 1 1 0 1 1 0 1 1 1 1 1 0 1 1 1 0 1 0 0 0 1 0 2 0 1 0 0 1 3 0 1 2 0 0 1 0 0 1 2 1 3 0 2 0 1 0 2 0 0
0 641 1 1 0 0 2 0 3 0 2 0 1 0 2 0 0 0 0 0 0 0 0 1 1 0 2 0 1 1 0 0 3 0 3 0 1 0 2 1 3 0 0 0 0 2 0 1 0 1 3 0 2 0 1 0 2 0 3 0 1 2 0 1 3 0 3 0 1 0 2 0 1 1 0 1 3 0 1 0 2 2 0 1 2 0 1 0 1 1 2 0 2 1 2 0 1 0 2 1 2 1 2 1 0 0 1 1 3 0 1 0 2 1 2 0 2 0 1 1 3 0 2 0 3 0 1 1 2 1 0 0 1 0 3 0 0 0 1 1 1 0 0 1 1 1 3 0 0 1 1 2 0 2 0 1 2 2 0 2 0 1 0 1 1 0 1 2 0 1 1 0 1 1 0 0 1 1 2 0 0 0 0 2 0 0 2 2 0 0 0 0 2 1 0 1 0 1 0 1 2 1 3 0 0 1 2 0 1 0 0 1 2 1 1 0 0 1 2 2 0 2 0 1 0 1 0 0 1 1 1 1 2 2 0 1 0 0 1 1 1 0 2 0 0 0 1 1 0 1 2 1 1 1 3 0 3 0 2 0 1 0 1 1 1 1 1 0 2 1 1 1 0 1 0 0 0 1 1 1 1 2 0 0 1 1 0 1 2 2 0 1 1 0 0 1 2 1 1 0 2 1 2 0 2 0 0 1 0 0 1 0 2 2 0 0 3 0 3 0 1 2 0 0 1 2 0 0 3 0 0 1 3 0 3 0 0 0 2 2 0 2 0 0 0 1 0 0 1 1 3 0 2 0 0 0 0 1 3 0 1 2 0 0 3 0 0 0 3 0 1 1 2 0 0 0 1 1 1 0 2 0 1 0 2 1 1 0 1 1 0 0 1 0 2 0 0 1 0 0 3 0 1 2 0 0 0 0 3 0 0 2 0 1 1 1 1 1 0 2 0 1 3 0 0 0 1 2 0 1 2 1 2 2 0 2 0 1 3 0 3 0 1 0 2 1 3 0 2 2 0 1 0 1 1 0 1 0 0 1 1 0 1 1 2 0 2 0 1 2 0 0 0 0 0 1 2 1 1 2 0 2 0 1 2 0 2 1 1 0 1 1 2 1 1 0 1 0 1 1 3 0 0 2 0 1 2 0 2 1 0 0 3 0 3 0 0 2 0 2 0 0 0 0 2 1 1 0 1 1 2 0 2 1 1 1 2 0 1 0 3 0 2 0 3 0 2 0 1 1 1 2 0 1 0 2 0 0 0 1 2 2 0 0 0 1 2 1 2 0 1 0 3 0 0 0 1 0 0 0 0 1 3 0 0 1 1 0 2 1 3 0 2 2 0 1 1 0 1 0 3 0 2 0 1 0 3 0 1 0 2 0 0 0 2 1 0 1 3 0 1 1 2 0 0 0 2 1 2 0 1 1 1 0 2 0 0 2 0 0 0 1 1
0 641 2 2 0 1 1 0 3 0 0 2 0 0 0 1 1 0 0 0 0 0 1 0 1 1 0 2 0 1 0 1 3 0 2 2 0 0 2 0 1 1 1 0 1 2 0 0 0 1 2 0 0 2 0 0 1 0 3 0 0 1 0 1 2 0 2 2 0 0 0 2 0 1 1 1 1 2 0 0 2 1 0 0 3 0 2 1 0 0 0 0 1 2 0 2 0 0 2 0 1 0 0 1 0 1 0 0 1 2 0 0 2 0 0 0 1 0 0 0 2 0 1 0 3 0 0 0 0 1 0 0 2 1 2 1 1 0 3 0 1 0 1 0 2 1 1 1 2 0 2 2 0 2 0 1 1 1 0 2 0 0 0 0 1 1 0 1 0 0 1 0 2 2 0 0 3 0 3 0 0 0 1 1 3 0 1 0 2 1 0 1 1 1 1 0 0 0 0 1 1 0 1 1 2 0 3 0 2 0 1 1 0 1 2 0 1 1 1 1 0 1 3 0 3 0 2 1 3 0 2 1 1 0 3 0 2 1 3 0 1 1 0 1 1 0 3 0 0 1 0 2 0 0 2 0 3 0 0 1 3 0 3 0 2 0 1 1 1 1 2 2 0 2 0 0 1 0 2 0 2 1 2 1 3 0 0 1 1 1 0 0 1 0 1 1 0 1 2 1 2 0 0 0 0 1 1 2 0 0 2 1 2 0 3 0 2 0 3 0 0 0 2 2 0 0 3 0 1 1 2 1 2 0 2 1 1 1 2 1 0 1 2 1 0 2 0 1 0 0 2 0 0 1 1 0 1 1 2 0 0 0 3 0 1 1 1 1 2 2 0 2 0 1 1 0 3 0 1 1 0 2 0 0 1 1 2 0 2 2 0 0 2 1 0 1 1 2 0 1 3 0 0 0 2 1 0 1 2 1 2 2 0 0 2 0 2 0 0 2 0 1 1 1 1 1 0 1 0 1 1 0 1 1 0 2 0 1 2 0 2 2 0 0 2 0 2 0 2 1 0 0 0 0 1 0 2 0 1 0 1 1 0 0 0 0 1 0 0 0 2 1 0 0 1 1 0 2 0 1 0 2 0 1 0 0 1 1 2 1 0 0 0 1 2 0 2 1 0 0 1 1 2 2 0 1 0 0 1 1 0 1 3 0 2 1 2 2 0 1 2 1 0 1 1 1 2 1 0 0 0 0 1 1 3 0 3 0 2 1 3 0 1 0 3 0 0 2 0 2 0 1 0 0 0 1 2 1 1 1 1 0 2 1 1 1 0 2 0 2 0 0 2 1 1 0 2 0 0 0 1 1 1 1 2 0 1 1 2 0 2 0 2 1 0 0 1 0 2 1 3 0 0 2 0 0 2 2 0 0 0 1 1 1 1 1 1 1 1 2 0 2 0 1 1 1 1 2 0 2 0 1 2 1 0 1 2 1 2 1 1 0 1
1 642 1 2 1 0 0 1 1 2 1 2 1 2 1 1 0 1 0 0 0 0 0 2 0 3 0 0 2 0 0 0 1 2 0 2 0 2 2 0 2 0 1 2 1 0 0 2 1 1 0 3 0 1 1 2 1 2 1 2 1 2 0 0 1 0 0 2 0 2 1 1 2 0 0 2 0 2 1 3 0 0 1 0 1 3 0 1 1 0 0 0 1 0 1 0 1 2 2 0 1 3 0 0 2 0 2 0 1 0 0 2 2 0 1 1 0 2 0 0 1 0 2 0 0 2 1 1 0 0 2 0 1 2 0 0 1 2 1 2 1 3 0 2 1 1 2 0 0 0 0 2 1 0 2 0 0 2 0 0 1 2 1 0 0 2 2 0 2 0 0 2 1 2 0 3 0 2 0 2 1 1 1 0 0 1 2 0 0 1 1 1 0 2 0 1 0 0 0 1 0 1 1 0 0 0 0 3 0 0 2 0 1 1 0 3 0 3 0 2 0 0 1 2 0 3 0 2 0 2 0 1 1 2 1 3 0 2 0 1 2 0 1 1 0 1 1 2 1 2 0 0 1 3 0 0 0 2 1 2 1 2 0 3 0 0 2 0 2 0 0 1 1 0 1 2 1 2 1 1 0 2 0 1 0 1 1 2 0 1 2 0 0 2 0 3 0 0 1 0 2 0 1 1 0 1 0 2 1 3 0 1 0 0 0 3 0 1 0 2 1 1 1 2 0 3 0 2 0 0 0 1 0 0 0 1 2 0 0 0 1 1 1 0 1 1 1 3 0 2 2 0 1 2 0 1 0 3 0 3 0 0 1 2 2 0 2 0 0 1 1 0 2 0 0 1 1 2 2 0 1 1 1 2 2 0 0 0 0 2 0 3 0 0 1 1 0 2 2 0 1 1 1 1 1 1 1 1 1 1 0 1 0 3 0 0 0 0 1 2 2 0 0 2 0 2 0 0 0 0 0 1 0 3 0 0 2 0 1 0 0 2 0 3 0 0 0 1 0 1 1 0 0 0 0 2 1 0 1 3 0 2 2 0 0 0 0 2 0 0 1 1 1 0 0 3 0 0 2 0 0 0 1 3 0 2 2 0 0 0 1 0 0 1 1 0 0 1 1 0 1 0 0 1 0 3 0 2 1 3 0 0 1 2 0 2 0 1 1 0 1 0 1 1 0 2 1 0 1 0 0 0 1 0 0 2 0 3 0 2 0 1 2 0 0 2 1 2 2 0 1 3 0 2 1 1 1 0 1 3 0 1 1 1 1 3 0 0 2 0 1 3 0 0 1 2 1 0 1 1 0 3 0 2 1 0 0 0 0 0 0 1 0 1 1 0 0 2 1 2 0 1 1 2 1 3 0 1 0 2 1 1 0 2 0 2 0 2 0 2 2 0 2 0 0 2 0 2 2 0 2 0 1 0 1 1 1 1 0 0 1 2 0 2
0 643 1 1 0 1 0 1 0 0 1 0 1 0 0 1 2 0 2 0 0 0 0 1 1 0 2 1 2 1 2 1 1 1 0 0 1 0 2 1 0 2 0 1 0 1 0 1 1 1 2 1 3 0 0 0 1 0 1 0 0 2 0 1 1 2 0 1 1 0 1 2 0 0 3 0 0 0 2 0 1 1 2 0 0 1 1 2 0 1 0 0 1 0 0 0 0 1 1 1 0 1 1 1 2 2 0 1 3 0 3 0 1 1 0 0 1 1 0 1 2 0 0 1 3 0 0 1 2 0 1 2 0 0 3 0 1 1 1 0 1 0 2 0 1 2 0 0 2 1 0 1 1 1 1 1 2 2 0 1 2 1 0 1 0 1 2 1 0 1 3 0 1 0 0 0 3 0 1 0 1 1 2 2 0 1 0 0 2 1 3 0 1 1 0 1 3 0 0 0 2 0 2 2 0 0 0 1 2 1 2 2 0 0 1 1 3 0 3 0 0 1 2 1 0 0 3 0 1 0 1 0 0 0 1 0 2 0 1 0 0 1 0 0 1 1 0 0 0 2 0 1 2 1 1 1 1 1 2 0 1 0 0 0 2 1 2 2 0 1 2 1 3 0 0 1 1 0 0 1 2 1 0 2 0 0 0 0 0 0 0 0 3 0 0 0 2 1 2 0 0 2 0 0 1 0 2 1 2 0 1 1 3 0 0 1 2 2 0 0 1 2 0 0 0 0 3 0 0 1 1 0 2 0 0 1 0 0 2 1 1 0 2 0 0 0 2 1 2 0 2 1 0 0 3 0 2 1 3 0 2 1 2 1 1 1 0 1 2 1 3 0 0 1 2 2 0 0 1 1 0 0 2 1 1 0 2 1 0 1 1 0 2 1 2 0 1 1 2 1 0 0 2 0 2 0 2 0 2 0 1 0 2 1 2 1 1 0 1 1 1 0 3 0 0 0 0 1 1 0 0 0 2 1 2 1 2 1 3 0 3 0 0 0 2 1 1 0 2 0 2 2 0 0 0 1 1 1 1 1 2 0 2 0 2 1 0 1 0 1 2 0 1 2 0 1 2 1 2 1 2 1 1 1 2 0 2 0 2 1 0 2 0 0 2 2 0 0 2 2 0 2 0 0 2 1 3 0 2 0 1 1 2 1 0 0 0 2 0 1 1 0 0 0 1 1 1 1 0 2 0 0 0 2 0 1 1 0 3 0 1 0 0 0 3 0 1 0 1 1 0 1 2 0 1 1 3 0 0 1 1 2 0 2 0 0 1 1 2 2 0 1 1 1 2 1 0 1 1 0 1 1 3 0 1 1 0 0 0 0 0 0 2 0 2 2 0 1 2 0 0 0 0 0 1 0 1 2 0 0 1 1 2 1 1 0 1 0 1 0 2 1 0 1 3 0 0 0 2 1 0 2 0 0 0 0 2 0 1 0 1 1 0 0 1
1 643 2 2 0 2 0 2 0 0 2 0 2 0 1 1 0 0 0 1 1 0 1 0 1 1 2 0 1 0 0 1 2 2 0 0 2 1 1 1 1 2 0 0 0 0 0 0 2 1 1 0 1 1 1 0 2 0 2 0 1 2 0 0 2 2 0 0 1 1 0 0 3 0 1 1 1 1 0 2 0 2 0 1 2 0 2 1 3 0 2 1 2 0 0 0 1 0 2 0 0 0 2 1 1 1 0 1 2 0 2 2 0 1 0 0 3 0 0 0 3 0 1 1 1 1 2 1 0 0 0 0 3 0 1 2 0 1 2 0 2 1 1 0 0 0 3 0 0 1 1 0 2 0 2 1 1 1 0 1 0 1 1 0 0 1 0 1 1 1 1 1 3 0 0 1 2 2 0 0 0 0 1 0 3 0 3 0 1 0 1 2 0 1 1 1 1 1 1 1 1 0 2 0 2 1 1 1 1 0 1 0 2 2 0 0 2 0 2 1 2 1 0 1 0 1 2 1 3 0 2 0 0 0 2 1 0 1 3 0 0 2 0 0 2 2 0 0 1 2 0 1 0 1 3 0 2 0 3 0 2 0 0 1 2 0 1 1 0 1 1 0 1 1 2 0 1 0 1 1 0 1 1 1 2 1 0 0 0 0 0 1 2 1 1 1 1 2 0 1 2 1 2 1 2 1 2 0 0 0 0 0 1 1 2 1 1 0 2 2 0 0 2 1 0 1 2 1 2 0 1 1 0 1 1 2 0 1 1 1 2 1 0 1 1 1 2 0 0 0 1 1 0 1 3 0 2 0 2 0 2 0 0 1 3 0 0 1 1 0 1 1 2 1 1 0 2 1 2 2 0 1 1 1 2 1 1 1 1 0 1 1 2 0 0 0 0 0 0 1 0 1 1 0 1 0 1 0 0 2 0 0 2 0 0 1 2 0 3 0 1 1 2 1 1 0 1 0 1 0 0 1 2 0 1 0 1 0 2 0 2 1 1 1 1 1 2 1 1 0 2 0 2 1 1 0 2 0 2 1 0 0 1 0 1 1 1 0 0 1 0 0 0 1 0 1 1 0 1 0 0 2 0 0 0 0 1 0 1 1 1 1 3 0 1 0 3 0 1 1 0 1 3 0 1 0 2 0 1 0 0 0 0 1 0 0 1 2 0 0 1 0 0 0 3 0 2 0 0 1 2 1 1 2 0 0 1 1 2 1 3 0 0 1 2 1 3 0 3 0 0 1 0 0 0 0 1 1 2 0 2 2 0 1 2 2 0 0 1 1 0 0 2 1 0 1 1 0 1 1 0 0 1 2 0 1 0 0 0 0 0 1 1 0 2 1 0 0 3 0 0 0 0 0 2 1 0 0 2 2 0 0 0 1 2 0 2 0 2 1 1 1 1 1 1 1 1 1 1 1 1 1 2 1 0 1 0 1 3 0 2 2 0 0 2
0 644 1 2 1 0 2 0 1 3 0 0 0 0 2 0 1 0 0 1 0 1 0 2 0 3 0 3 0 2 0 1 1 1 0 3 0 0 1 3 0 2 1 2 1 0 0 0 1 1 1 2 0 3 0 1 1 1 0 1 0 0 0 3 0 1 0 2 1 2 2 0 1 2 2 0 1 3 0 0 2 0 2 0 1 0 0 2 0 2 0 1 2 0 1 1 0 2 1 0 1 1 1 1 1 3 0 0 1 0 0 2 0 3 0 3 0 1 1 1 1 2 2 0 2 0 0 0 1 0 0 0 1 3 0 0 1 0 1 0 0 1 1 2 0 0 1 2 1 2 0 1 1 1 0 1 1 3 0 0 0 0 0 1 0 1 0 0 0 2 0 2 1 1 1 2 1 1 0 2 1 0 0 2 1 3 0 2 2 0 0 0 1 0 0 2 0 2 0 2 0 1 1 1 0 1 1 3 0 1 0 2 1 2 0 3 0 0 0 2 0 0 1 1 0 0 1 1 0 2 0 0 1 1 1 1 1 1 1 1 1 2 1 3 0 1 0 2 2 0 1 0 0 0 1 2 0 1 0 3 0 0 1 2 0 3 0 3 0 0 0 1 0 3 0 3 0 2 0 3 0 0 0 2 1 0 1 0 0 0 0 1 1 0 1 3 0 2 2 0 1 1 0 1 0 0 2 0 1 1 0 0 1 0 0 0 1 2 1 2 0 3 0 0 1 1 1 0 2 0 2 0 1 1 0 2 2 0 0 2 1 0 1 1 0 2 0 3 0 0 0 3 0 0 1 2 0 1 0 1 0 0 1 2 1 1 1 2 0 1 1 0 0 0 1 2 1 2 0 1 1 0 0 2 1 0 1 3 0 1 0 3 0 3 0 0 0 0 0 1 0 0 0 1 0 2 0 2 0 1 1 2 2 0 1 2 1 0 0 3 0 0 0 0 1 2 0 2 0 2 0 1 0 3 0 2 0 2 1 1 0 1 1 3 0 2 1 0 1 2 1 1 0 1 1 2 1 1 0 1 1 0 0 2 0 3 0 1 0 0 2 0 0 1 0 0 0 1 0 2 0 1 1 2 1 0 0 2 0 3 0 2 1 1 2 0 0 2 2 0 1 1 1 1 2 0 0 0 1 3 0 0 0 0 2 0 1 0 0 2 1 2 0 0 1 3 0 0 1 2 1 0 2 0 0 2 2 0 0 1 0 1 1 2 1 1 0 2 0 2 1 1 2 0 0 0 1 0 0 0 0 2 1 0 1 1 0 2 1 2 2 0 1 1 1 1 0 1 0 2 2 0 1 0 0 3 0 2 1 0 0 1 0 1 1 1 1 0 1 2 1 1 0 0 1 1 1 0 1 2 0 2 1 1 1 0 0 1 0 1 1 3 0 2 0 2 0 2 0 2 0 2 1 0 1 1 0 0 1 2 0 2 0 3 0 0
0 645 1 1 0 1 1 2 0 1 1 1 1 0 1 1 3 0 2 1 2 0 2 1 1 0 3 0 3 0 0 2 0 1 2 1 2 1 2 1 2 0 2 0 0 1 0 0 1 0 2 1 0 0 2 2 0 1 2 0 2 0 0 1 2 2 0 0 2 0 1 1 0 1 1 1 0 1 1 1 2 2 0 1 3 0 3 0 0 0 1 0 0 1 0 0 1 1 1 1 1 0 2 0 2 1 1 1 1 2 0 1 1 0 3 0 2 2 0 2 0 0 1 1 0 1 2 1 0 2 0 0 1 1 1 1 1 2 0 2 0 0 3 0 3 0 1 1 0 2 0 2 0 1 2 1 0 0 1 1 1 0 0 0 2 0 2 0 0 1 1 0 1 2 0 0 0 1 2 1 1 1 0 1 2 0 2 0 2 0 2 1 0 2 0 1 1 0 1 0 0 2 0 1 2 1 0 0 1 2 0 0 2 0 0 0 2 1 1 1 0 1 2 0 1 0 1 0 1 1 0 1 2 0 2 0 2 0 2 0 2 1 1 0 1 2 0 0 2 0 3 0 2 1 1 0 3 0 2 1 2 1 2 1 0 0 3 0 2 1 1 0 2 1 3 0 3 0 1 0 2 1 1 1 1 1 0 2 0 0 0 0 3 0 0 1 2 0 2 1 0 0 1 0 2 0 1 2 0 0 1 0 0 2 0 0 1 1 1 0 0 0 2 1 2 0 2 0 0 2 0 2 0 0 1 1 2 0 3 0 0 1 1 0 1 1 1 0 2 1 1 1 2 1 2 0 3 0 2 0 2 0 1 1 0 1 3 0 3 0 2 2 0 0 1 1 0 2 0 2 0 1 0 1 1 1 1 1 1 2 0 0 3 0 2 1 1 0 0 0 2 0 0 0 2 1 1 0 1 0 0 0 1 1 0 1 0 1 0 1 2 1 1 0 1 1 0 0 1 0 0 2 0 0 3 0 1 0 1 1 2 1 0 0 2 0 1 1 1 1 0 1 2 1 0 0 0 1 2 0 2 2 0 1 1 0 2 1 3 0 1 1 2 1 2 0 0 0 2 1 1 0 0 0 0 1 0 1 1 0 3 0 1 2 0 0 3 0 1 1 0 0 2 0 2 1 2 1 1 1 1 1 1 0 1 1 3 0 3 0 0 2 0 1 2 1 1 1 2 1 0 1 1 1 3 0 1 0 2 1 2 1 0 0 0 1 2 1 1 0 1 2 0 0 2 1 0 2 0 0 0 1 1 1 1 0 1 1 2 0 1 1 0 0 2 0 1 0 2 1 2 0 3 0 3 0 2 0 1 1 0 0 2 0 3 0 2 0 0 1 0 1 2 0 1 0 2 0 0 1 0 0 1 1 2 2 0 0 2 1 0 0 2 0 1 0 1 0 1 0 1 0 1 1 1 0 1 0 1 1 0 0 1 0 2 1 1
0 645 3 0 0 0 2 2 0 0 2 0 1 1 0 0 2 0 2 0 0 0 1 1 2 1 3 0 2 1 2 2 0 1 1 0 1 0 1 0 0 0 0 1 1 2 0 0 2 1 1 1 0 1 2 1 0 1 0 0 0 1 2 1 1 0 2 2 0 2 0 1 1 0 2 0 0 0 2 1 1 1 0 1 2 0 2 1 1 0 2 0 0 2 0 0 3 0 2 0 1 1 1 0 1 1 3 0 2 2 0 0 1 1 3 0 2 1 0 1 2 1 3 0 0 1 0 1 1 1 2 1 3 0 2 0 2 2 0 1 3 0 2 0 2 2 0 1 1 2 0 2 0 1 0 1 0 0 3 0 1 0 0 1 1 0 0 1 2 0 1 1 0 0 2 1 1 1 0 1 3 0 0 1 0 0 1 0 1 0 1 1 1 2 0 0 1 0 2 0 1 2 0 1 0 1 0 1 0 0 2 2 0 1 1 1 1 1 3 0 0 0 3 0 2 0 2 0 3 0 0 1 0 0 1 0 1 0 1 0 1 1 2 1 0 0 3 0 0 0 3 0 1 1 2 1 3 0 2 0 1 0 0 1 0 1 3 0 1 1 2 1 2 0 2 0 2 2 0 0 1 1 3 0 2 0 0 1 2 1 0 1 2 1 2 1 0 0 1 1 0 0 2 1 1 0 0 0 2 1 2 0 1 1 2 1 3 0 1 0 0 1 2 0 0 0 0 1 2 2 0 1 2 2 0 0 0 0 2 1 2 0 1 0 3 0 1 1 1 2 0 0 1 0 0 0 3 0 1 0 0 2 0 1 1 1 2 0 3 0 2 0 2 1 3 0 0 2 0 2 0 0 0 0 2 0 2 0 2 1 3 0 2 0 1 1 2 0 0 1 0 1 1 1 1 1 2 0 2 0 0 0 3 0 0 0 0 0 0 1 0 1 2 0 2 2 0 0 2 0 1 1 3 0 1 2 0 0 0 0 0 1 0 1 0 2 0 1 3 0 0 1 0 1 0 0 1 1 0 0 2 1 0 0 1 1 2 0 2 0 0 0 0 2 0 1 1 1 1 1 2 0 0 0 1 0 0 0 1 1 3 0 0 0 3 0 1 2 0 1 0 1 1 0 2 0 0 1 3 0 2 0 1 1 0 0 2 0 2 1 2 2 0 1 0 2 0 0 0 1 1 0 2 1 1 2 0 0 2 0 0 1 0 0 1 1 0 1 2 1 0 0 3 0 0 1 1 1 2 1 1 0 2 0 1 0 3 0 3 0 2 2 0 1 0 2 0 0 2 0 0 0 3 0 3 0 0 2 0 1 0 1 1 0 3 0 0 1 2 0 0 0 3 0 2 1 0 1 1 2 0 1 0 0 1 0 3 0 0 1 0 1 0 1 3 0 2 0 2 0 2 0 3 0 1 0 2 0 2 2 0 0 2 1 1 1 2
1 646 1 2 1 1 1 2 0 2 2 0 2 0 1 0 1 1 0 0 1 1 1 0 0 1 0 2 0 2 0 1 1 0 0 1 0 2 0 2 0 0 0 1 0 2 1 3 0 0 1 3 0 0 1 0 1 0 2 0 0 1 1 0 1 2 1 2 1 0 2 0 0 1 1 0 1 1 1 1 1 3 0 0 1 0 0 1 1 2 1 0 1 2 1 3 0 2 0 0 2 0 1 2 1 0 0 2 0 2 0 2 2 0 0 2 0 1 1 1 1 1 0 1 1 2 0 0 0 2 1 1 0 2 0 1 0 2 1 0 1 2 0 1 0 2 1 0 0 2 2 0 1 3 0 3 0 3 0 1 1 3 0 1 0 1 0 1 0 3 0 2 2 0 1 1 1 3 0 0 1 1 1 1 2 0 0 2 0 2 0 3 0 2 1 2 1 2 1 1 0 0 0 3 0 3 0 3 0 3 0 1 1 0 0 2 0 2 1 1 1 1 1 3 0 1 0 1 0 2 1 1 2 0 0 2 0 2 0 2 1 0 0 0 1 0 1 2 1 1 1 3 0 0 0 1 0 2 0 0 1 3 0 1 0 0 1 2 0 0 0 1 0 0 0 1 0 2 0 2 2 0 0 2 0 0 1 2 1 0 1 1 1 1 0 0 1 0 0 2 2 0 1 1 1 2 0 0 1 2 0 0 0 0 0 1 0 1 1 3 0 1 0 3 0 0 0 1 1 1 1 0 1 1 0 2 1 0 1 1 2 0 2 0 0 2 2 0 2 0 0 2 1 2 0 0 1 2 1 3 0 1 2 0 0 2 1 0 0 3 0 1 0 2 0 1 1 2 2 0 1 2 1 0 1 1 0 1 0 2 0 2 0 0 2 0 2 0 1 2 0 0 0 2 0 2 1 0 0 0 1 1 1 2 1 1 0 0 0 1 0 0 1 0 0 2 0 3 0 0 0 0 0 2 0 0 0 2 1 0 0 1 0 0 0 0 2 0 1 1 1 1 2 0 2 0 0 2 2 0 1 1 1 0 1 0 0 0 0 0 1 1 0 1 2 0 0 2 0 2 0 3 0 0 0 2 0 0 1 0 0 1 1 1 1 3 0 0 1 0 0 0 0 1 1 0 1 2 1 2 0 0 2 0 1 0 1 1 0 2 0 1 1 0 0 0 1 2 1 1 0 1 1 1 2 0 0 2 2 0 1 1 2 0 0 3 0 0 1 0 1 0 1 2 1 2 0 2 1 0 1 2 1 0 2 0 0 3 0 3 0 2 1 0 0 0 1 2 2 0 1 1 1 3 0 2 1 2 2 0 0 0 0 1 1 2 1 2 0 3 0 0 1 3 0 1 1 1 0 2 1 3 0 2 1 2 1 2 1 2 0 0 0 0 1 2 0 1 0 1 0 1 0 2 2 0 0 1 0 2 0 3 0 0 2 0 0 0
1 647 1 1 0 2 0 0 0 0 2 1 0 2 0 0 0 0 1 0 1 0 1 2 0 0 2 1 1 0 0 2 0 1 0 0 2 1 1 0 0 1 1 0 2 1 2 0 1 1 2 1 1 1 2 0 0 0 0 1 2 1 3 0 0 1 1 0 0 1 1 1 2 1 3 0 0 0 2 0 2 1 1 1 1 2 0 1 0 0 0 1 1 1 1 0 2 0 0 1 2 2 0 1 0 1 0 1 1 0 1 0 2 0 2 2 0 2 0 1 3 0 1 0 3 0 3 0 0 1 1 1 2 1 0 2 0 0 1 1 1 0 3 0 2 1 1 1 0 1 2 1 0 1 2 0 3 0 3 0 0 0 1 1 3 0 2 0 2 1 3 0 2 1 0 0 2 1 1 1 2 0 2 0 2 1 3 0 0 0 1 0 3 0 2 0 1 0 0 1 2 0 0 1 3 0 3 0 3 0 2 2 0 1 0 1 1 0 1 1 3 0 2 1 1 1 3 0 2 1 1 2 0 0 3 0 0 0 1 0 1 1 0 0 1 0 0 1 0 2 0 0 1 1 1 0 2 1 0 1 2 1 1 1 3 0 1 0 3 0 0 0 2 0 0 0 2 1 1 0 2 0 2 2 0 1 2 1 0 1 1 0 2 0 1 0 0 2 0 1 2 1 0 0 2 0 3 0 1 0 3 0 0 0 0 0 2 1 0 0 1 2 0 0 2 1 1 0 3 0 2 0 0 0 1 1 1 1 1 0 2 2 0 1 3 0 1 1 0 1 3 0 0 2 0 1 2 1 1 0 2 0 0 0 3 0 0 1 0 1 2 2 0 0 1 0 0 0 1 1 0 1 0 1 1 0 1 0 2 1 1 0 0 1 2 2 0 2 0 0 3 0 0 1 1 0 1 1 0 0 1 0 2 1 0 1 2 0 0 0 2 0 0 2 0 1 1 0 2 1 1 0 0 1 0 1 1 1 1 1 0 0 2 0 0 0 1 2 0 0 2 0 2 2 0 1 3 0 1 1 0 0 1 2 0 2 0 0 0 0 1 0 1 1 0 0 3 0 0 0 1 0 2 1 1 1 0 1 1 2 0 0 3 0 2 1 1 1 1 2 0 0 0 0 3 0 0 1 0 2 0 1 2 2 0 0 0 0 1 1 0 2 0 1 0 0 1 1 0 1 2 0 3 0 2 1 3 0 1 1 0 0 2 1 3 0 1 1 2 0 0 0 0 1 1 0 0 0 1 1 1 1 0 1 1 1 3 0 2 0 3 0 1 1 0 0 1 1 1 1 0 0 2 1 2 0 2 0 1 0 2 1 0 1 0 0 1 0 0 0 2 1 2 1 1 2 0 1 2 1 2 0 2 0 2 0 1 0 0 2 0 1 1 0 1 0 3 0 2 0 2 0 2 1 2 0 2 1 2 1 1 0 2 1 2 1 2 1 0
1 647 3 0 0 1 2 1 0 1 1 1 1 1 2 1 0 0 2 0 2 1 0 0 3 0 0 1 2 0 1 1 3 0 3 0 0 1 2 0 1 0 1 1 2 0 0 0 0 0 0 1 3 0 3 0 0 0 1 1 1 0 1 1 2 0 1 0 1 0 2 1 1 0 1 1 1 1 1 0 1 1 3 0 2 1 3 0 2 1 1 0 2 0 1 1 0 1 2 1 1 1 0 0 0 0 0 0 1 0 2 1 1 0 2 1 0 2 0 1 1 2 0 0 3 0 2 1 2 0 2 1 0 1 1 1 2 1 3 0 1 1 3 0 1 1 3 0 0 1 0 1 1 1 0 0 3 0 2 1 1 1 0 0 2 0 1 0 2 0 2 0 1 1 0 1 1 2 0 0 0 0 1 0 2 0 1 1 1 0 2 1 3 0 0 1 3 0 1 0 3 0 1 1 2 0 3 0 3 0 2 1 0 0 0 0 1 1 0 0 2 0 1 2 0 0 2 0 1 2 0 0 3 0 1 1 1 0 2 0 2 2 0 0 2 0 1 0 0 1 2 1 3 0 1 1 1 1 1 1 0 2 0 0 1 2 0 0 2 1 1 1 0 1 1 1 1 1 2 1 1 0 2 1 0 1 0 1 1 0 1 1 0 1 3 0 1 2 0 1 0 1 0 1 1 0 2 2 0 0 2 1 1 0 0 1 1 1 0 1 0 0 3 0 0 1 2 1 3 0 0 1 1 0 3 0 2 0 1 1 2 1 0 1 1 2 0 1 1 1 1 1 2 2 0 1 0 1 2 1 0 1 1 1 2 1 2 0 0 1 1 0 2 1 2 0 0 0 3 0 0 0 0 0 1 0 2 1 1 1 2 0 1 1 1 1 0 1 3 0 1 1 2 0 1 0 2 2 0 0 2 1 1 1 1 0 3 0 0 1 0 1 2 2 0 0 1 1 1 1 2 0 1 0 0 0 2 0 1 2 0 1 0 1 1 1 0 0 3 0 0 0 2 1 0 1 1 2 0 1 0 1 0 1 0 1 2 1 0 0 2 0 2 2 0 1 2 1 1 0 2 1 1 1 3 0 0 0 2 1 3 0 2 0 1 1 3 0 2 1 2 1 0 1 2 1 2 0 0 2 0 1 1 0 2 1 0 0 3 0 0 1 3 0 2 1 3 0 0 1 0 0 3 0 2 0 1 2 0 1 0 1 2 0 1 2 0 2 0 1 1 0 1 0 1 0 0 0 3 0 2 0 0 0 2 1 2 0 1 0 2 2 0 1 0 0 3 0 1 2 0 1 2 0 0 0 0 2 0 0 1 1 0 2 0 0 2 0 0 1 2 0 0 2 0 1 0 1 1 0 0 0 1 0 0 1 3 0 1 2 0 0 1 0 2 1 3 0 1 0 1 0 2 0 0 0 2 0 0 1 2 1 2 0 1 0 0 1 0
1 648 1 2 1 2 1 0 1 1 0 2 0 2 1 0 1 0 1 1 0 1 1 0 1 2 1 2 1 0 0 0 0 2 0 2 1 2 0 3 0 2 0 3 0 3 0 0 0 0 0 1 1 2 0 2 1 1 0 3 0 1 0 3 0 3 0 2 0 2 1 1 1 2 0 3 0 2 0 1 1 0 0 2 0 2 0 2 0 1 1 2 1 0 2 0 1 1 1 0 1 2 2 0 0 0 0 0 0 2 1 1 1 2 1 1 1 1 2 0 0 2 1 3 0 2 0 2 0 0 0 1 1 1 0 2 1 1 0 2 0 0 0 2 0 0 0 1 1 2 0 0 0 1 2 0 1 3 0 1 1 2 2 0 1 0 2 0 0 1 0 0 2 0 1 1 0 2 1 2 1 0 0 2 1 0 2 0 1 2 1 2 0 1 1 2 1 1 2 0 0 3 0 0 0 0 0 3 0 3 0 1 1 0 0 0 0 2 2 0 1 1 0 0 0 3 0 0 0 0 0 3 0 1 2 0 1 2 1 1 0 2 0 2 2 0 1 3 0 1 1 1 0 1 2 0 1 3 0 2 0 0 1 2 2 0 0 3 0 0 1 3 0 0 0 2 0 2 1 0 1 2 1 1 1 1 0 0 0 1 0 3 0 0 1 2 0 0 1 0 0 0 0 0 0 1 1 2 0 3 0 0 1 2 0 1 0 1 2 0 2 0 1 2 1 2 1 1 0 1 1 2 0 1 1 3 0 1 0 0 0 0 1 1 0 2 2 0 0 2 0 2 1 1 1 0 0 0 1 0 1 1 0 2 1 0 2 0 1 2 0 1 1 1 2 0 1 1 1 2 1 1 0 0 0 2 1 1 1 3 0 3 0 3 0 2 0 0 1 1 2 0 2 0 2 0 0 2 0 3 0 0 1 3 0 1 1 2 1 2 0 0 1 1 0 2 1 3 0 2 0 3 0 2 0 0 1 1 0 0 1 0 0 0 0 1 2 0 1 2 1 1 1 1 1 1 0 2 2 0 0 0 0 0 0 0 1 0 1 0 1 1 0 2 1 0 1 0 1 2 1 1 2 0 0 1 1 1 1 2 0 2 0 1 0 0 0 2 0 2 0 0 1 1 1 0 2 0 1 2 2 0 0 1 1 1 1 0 1 2 1 2 1 2 0 2 0 1 1 1 2 0 1 3 0 1 0 0 1 0 0 0 1 0 0 0 1 0 2 0 0 1 0 2 0 2 0 0 1 3 0 0 1 1 1 1 2 0 2 0 0 2 0 3 0 3 0 2 0 0 1 0 0 3 0 0 0 1 1 2 1 3 0 0 1 2 2 0 1 2 0 3 0 1 2 0 0 0 0 1 0 0 0 2 0 1 1 2 0 0 0 2 1 2 1 2 0 1 1 3 0 2 1 0 1 1 1 0 1 2 1 0 2 0 1 3 0 0 2 0
1 649 1 1 1 0 0 1 1 0 1 1 1 0 1 1 1 0 0 0 1 0 3 0 0 1 1 0 0 1 0 0 0 1 1 0 2 0 0 0 3 0 1 0 3 0 2 1 1 0 0 1 0 0 0 0 1 1 2 1 2 2 0 0 3 0 3 0 1 0 1 2 0 0 0 0 3 0 0 2 0 1 0 1 1 0 1 0 1 0 0 0 0 1 1 2 0 0 2 0 0 1 1 0 2 1 0 0 0 1 1 2 0 0 0 1 3 0 2 1 3 0 1 0 2 0 1 0 0 1 1 0 3 0 1 1 1 1 2 1 0 1 1 1 0 1 1 0 3 0 3 0 0 1 0 1 0 1 2 0 0 0 1 1 0 0 0 1 2 1 2 0 1 2 0 0 1 1 2 0 0 1 0 1 1 1 1 2 0 1 1 0 0 0 0 0 0 2 0 0 3 0 1 1 1 0 0 1 3 0 2 2 0 1 0 0 0 1 2 1 0 0 1 0 0 1 2 1 1 0 0 1 3 0 0 1 0 1 0 1 2 1 1 0 2 1 0 1 1 2 0 1 2 1 0 1 0 1 2 0 0 1 2 1 1 0 3 0 1 1 2 1 1 1 1 1 1 0 1 1 1 1 0 1 3 0 1 0 0 0 2 1 2 1 2 0 3 0 0 2 0 0 0 0 0 1 0 0 0 0 2 1 2 0 3 0 2 1 0 1 0 2 0 1 1 0 0 1 2 1 0 0 0 0 0 0 1 1 3 0 0 0 1 0 1 1 2 0 3 0 0 0 1 1 2 2 0 0 1 0 0 0 1 1 1 1 1 2 0 0 3 0 3 0 2 2 0 0 2 1 0 1 2 0 0 1 1 2 0 0 2 0 3 0 3 0 0 1 2 0 2 2 0 2 0 1 3 0 0 0 2 1 2 1 2 0 0 0 0 2 0 1 2 0 1 1 2 0 2 0 1 0 3 0 0 1 2 0 1 0 0 2 0 0 0 1 0 1 0 1 0 1 3 0 2 0 1 1 2 0 2 1 0 0 0 0 1 0 0 0 0 0 1 1 1 1 1 0 0 1 0 2 0 0 2 1 3 0 2 1 0 0 0 1 3 0 0 1 1 0 0 1 2 0 2 0 0 2 0 1 1 0 2 1 3 0 2 0 0 1 1 0 1 0 0 0 0 2 0 2 0 1 0 1 1 1 3 0 0 2 0 0 0 2 0 0 1 0 0 1 2 1 2 1 1 0 0 1 2 1 1 1 2 0 2 0 2 2 0 1 3 0 0 0 3 0 3 0 0 1 1 2 0 1 2 1 1 1 0 0 1 0 1 1 2 1 1 1 0 1 0 0 3 0 0 0 2 1 0 0 2 0 0 1 0 2 0 2 0 1 1 1 2 0 1 0 0 0 0 0 2 0 1 1 1 0 2 0 0 1 0 1 1 2 0 1 1 1 2 1 2
0 649 3 0 1 0 1 0 1 0 3 0 1 0 3 0 1 0 0 0 2 1 2 1 2 0 1 0 0 2 0 0 1 0 1 1 0 1 1 1 2 2 0 0 3 0 1 1 2 0 0 2 0 0 0 1 0 0 1 0 1 0 3 0 2 0 2 2 0 0 0 0 2 1 0 1 2 1 2 2 0 0 0 0 1 0 2 0 2 0 0 0 1 0 2 1 2 2 0 1 2 0 1 1 1 1 0 0 1 0 2 1 2 1 1 1 2 0 2 0 1 2 0 0 0 1 3 0 1 0 1 1 2 2 0 2 0 0 0 1 1 0 2 0 0 0 1 1 3 0 2 1 2 0 0 0 0 0 3 0 0 0 2 2 0 0 1 1 1 0 0 0 0 0 2 1 3 0 3 0 1 0 0 0 2 0 2 2 0 0 1 0 0 0 0 0 1 1 3 0 1 2 0 1 2 0 1 1 2 0 2 0 3 0 2 1 1 1 0 1 0 0 2 0 1 1 0 1 2 0 1 1 1 1 2 0 0 0 0 1 0 1 2 1 1 1 1 0 2 2 0 1 0 1 1 0 0 0 3 0 1 1 0 1 2 1 3 0 0 0 0 1 3 0 2 0 1 0 3 0 2 0 0 1 1 1 3 0 0 1 2 0 1 0 0 0 2 1 2 1 2 1 0 0 0 2 0 0 0 1 2 0 0 0 3 0 1 1 1 0 0 2 0 0 1 0 1 1 0 1 0 0 0 0 0 1 0 0 1 1 1 0 2 1 0 0 0 0 2 1 1 1 0 0 1 0 2 1 2 0 0 0 3 0 2 0 2 1 3 0 2 0 3 0 2 0 3 0 0 1 1 0 3 0 1 0 2 1 3 0 0 0 3 0 2 1 2 1 0 0 2 1 0 2 0 1 1 1 1 1 2 0 0 2 0 1 1 0 1 2 0 1 0 0 0 0 0 0 0 2 0 0 2 1 2 0 3 0 2 0 1 1 2 1 1 0 0 0 0 0 0 1 2 0 1 0 0 0 0 0 1 1 0 0 0 0 2 0 0 0 0 0 3 0 2 0 1 0 1 0 0 1 3 0 1 0 2 0 1 1 0 0 1 1 1 1 2 0 1 0 1 1 0 0 0 1 2 2 0 0 1 1 2 0 2 0 0 1 2 0 1 0 2 0 0 0 1 2 0 2 0 0 0 0 2 1 1 1 2 1 2 1 1 1 2 1 2 0 1 1 1 0 0 1 2 0 1 1 0 2 0 0 0 0 1 0 2 1 0 1 1 1 1 1 3 0 2 1 2 0 2 2 0 1 0 1 2 2 0 0 2 1 0 0 0 1 2 2 0 2 0 1 2 1 1 1 1 1 0 1 0 1 2 0 0 2 0 2 0 0 2 0 3 0 2 0 0 0 0 1 0 2 0 1 2 1 0 1 2 0 0 0 2 2 0 0 2 1 1 0 0
0 650 1 2 1 3 0 2 0 2 1 2 2 0 0 2 1 3 0 0 1 2 0 0 2 0 1 3 0 1 1 2 1 2 0 3 0 0 0 2 1 1 0 3 0 1 2 0 2 0 1 2 1 2 1 0 2 0 0 2 0 2 1 3 0 1 0 2 0 2 1 0 1 1 1 1 1 1 0 1 0 2 1 0 0 2 1 1 0 0 1 1 0 2 1 2 0 1 1 0 0 3 0 3 0 1 2 0 0 2 1 2 0 0 2 0 0 0 0 1 0 0 0 2 1 1 1 1 2 0 0 0 0 1 1 0 1 2 1 1 0 1 1 0 1 1 1 0 0 2 0 1 2 0 1 1 0 0 1 2 1 1 1 2 0 2 1 3 0 1 0 0 0 0 1 2 0 2 0 2 1 3 0 0 1 1 0 2 0 2 1 2 0 0 0 0 1 0 0 2 0 0 1 0 1 0 0 0 0 0 0 1 0 3 0 1 1 2 2 0 2 0 1 0 2 0 1 1 0 3 0 3 0 2 0 3 0 0 0 1 0 0 1 0 1 3 0 1 1 2 1 0 0 0 0 1 0 0 1 2 2 0 1 1 1 1 0 1 1 1 0 1 1 2 0 0 2 0 0 3 0 0 1 2 0 2 1 1 1 2 0 3 0 2 0 0 1 2 0 1 0 0 1 0 0 1 1 2 1 1 0 3 0 0 1 2 2 0 1 2 0 1 1 2 1 2 0 2 2 0 2 0 0 0 0 0 2 0 0 3 0 1 1 1 1 0 0 0 1 1 1 2 2 0 0 2 1 1 2 0 1 1 1 3 0 1 0 2 0 2 0 1 0 3 0 1 0 2 1 2 0 1 1 2 2 0 0 2 0 1 1 1 1 3 0 2 0 0 1 0 1 1 1 1 2 0 0 2 0 2 0 3 0 1 2 0 0 1 1 0 0 3 0 2 1 0 0 0 0 1 1 3 0 1 0 0 0 3 0 1 0 0 0 0 1 2 0 0 0 0 0 1 0 3 0 2 0 0 0 0 0 2 2 0 0 0 1 0 1 1 0 0 1 3 0 0 1 3 0 2 0 1 1 1 2 0 0 0 2 0 1 0 0 3 0 2 0 3 0 2 0 2 2 0 0 1 1 1 0 2 2 0 0 0 0 0 1 2 0 3 0 2 1 0 1 1 1 0 1 0 1 2 1 0 1 1 2 0 0 1 0 0 2 0 0 0 2 0 2 0 1 2 0 1 0 3 0 3 0 0 1 2 1 0 0 2 1 1 1 1 0 2 0 2 1 2 0 2 0 0 0 2 1 0 0 0 1 1 0 3 0 0 1 0 0 1 1 1 1 0 2 0 1 0 1 3 0 2 0 0 0 0 0 3 0 1 2 0 1 3 0 0 0 3 0 0 1 1 0 1 0 0 2 0 1 0 1 1 0 3 0 0 1 2 0 3 0 0 1 2 0 0
0 651 1 1 1 0 2 0 1 0 2 0 1 0 3 0 1 0 1 1 2 0 3 0 1 2 0 1 2 0 0 0 1 0 0 0 2 1 1 1 1 1 2 1 3 0 0 1 0 2 0 1 1 0 0 1 1 1 3 0 0 0 2 0 1 2 0 0 1 0 1 1 1 0 2 0 2 0 1 0 2 1 1 1 0 1 1 1 2 0 1 0 1 1 1 2 0 2 0 1 0 1 3 0 3 0 0 0 3 0 0 2 0 1 2 1 2 1 0 0 2 0 0 1 1 1 3 0 2 1 2 1 0 0 3 0 0 1 0 1 2 0 3 0 0 0 1 2 0 1 1 0 0 1 0 0 1 0 1 1 0 2 0 0 0 0 2 0 1 1 3 0 0 0 1 1 0 0 1 0 2 0 1 1 2 0 1 1 1 0 1 2 0 1 1 0 0 2 0 1 0 1 1 2 0 2 0 0 0 0 0 0 2 1 3 0 0 0 1 1 0 2 0 0 0 2 0 0 1 1 3 0 3 0 1 0 2 1 1 0 2 0 1 0 0 1 2 0 0 0 0 1 0 0 0 0 2 0 1 1 1 1 0 0 2 0 1 0 3 0 1 0 3 0 3 0 1 1 3 0 1 1 2 1 0 0 1 2 0 0 0 0 3 0 0 1 2 0 3 0 2 0 0 2 0 1 0 0 0 1 2 1 2 1 2 1 1 1 0 1 0 0 0 0 1 0 0 0 2 1 0 1 2 1 0 0 1 1 3 0 1 2 0 1 2 2 0 0 1 0 2 1 1 0 3 0 0 2 0 1 0 0 2 1 1 2 0 0 1 0 0 2 0 0 2 2 0 0 2 0 0 0 0 0 1 0 2 2 0 2 0 2 0 0 2 0 0 1 2 0 0 0 2 0 2 1 3 0 0 0 1 0 3 0 0 0 2 1 2 2 0 1 3 0 1 1 0 0 0 1 0 0 1 1 3 0 0 1 2 1 3 0 0 0 1 0 3 0 0 0 0 0 2 1 3 0 0 1 1 0 0 1 2 0 2 1 1 0 0 0 1 0 1 1 1 1 2 1 2 0 0 2 0 2 0 0 2 1 1 1 3 0 3 0 2 0 1 0 3 0 1 0 2 0 2 1 3 0 1 1 2 0 2 1 0 0 1 1 0 0 3 0 1 1 1 0 2 0 0 0 0 1 0 1 1 0 2 1 2 1 2 0 1 1 2 1 1 2 0 2 0 0 3 0 2 1 3 0 2 1 2 1 0 1 0 1 1 1 3 0 1 1 1 0 2 0 0 0 0 1 1 1 1 1 0 0 1 0 1 1 2 1 1 2 0 0 3 0 2 0 0 2 0 0 0 1 2 0 0 1 1 0 0 1 3 0 0 1 0 1 1 1 1 1 2 1 2 0 1 0 2 0 1 2 0 0 0 0 1 1 2 1 2 1 0 0 2 1 2 0 3 0 0
0 651 3 0 1 1 0 2 0 0 0 2 0 0 2 2 0 0 0 0 0 0 3 0 0 1 0 0 3 0 0 0 2 0 0 1 1 1 3 0 2 1 1 0 1 1 2 0 0 2 0 0 1 0 1 0 2 1 1 1 1 1 1 0 0 0 2 1 2 0 3 0 1 1 1 0 0 2 0 0 1 1 3 0 0 0 2 0 3 0 2 0 3 0 2 2 0 2 0 0 0 1 2 0 2 1 1 1 2 1 2 2 0 1 1 0 0 1 0 1 0 1 2 0 2 1 2 0 2 0 0 1 0 1 2 1 2 0 0 1 0 0 2 1 1 1 0 1 0 0 1 0 0 2 0 0 2 0 3 0 0 1 2 1 0 1 1 0 0 0 1 1 1 0 2 2 0 0 2 1 0 2 0 2 0 2 0 1 2 1 0 1 0 0 1 0 1 2 0 0 0 0 2 2 0 1 2 1 0 0 0 1 2 0 1 1 1 0 3 0 0 1 2 1 1 1 2 2 0 0 2 0 2 2 0 0 1 1 2 1 0 1 3 0 1 0 3 0 0 0 0 2 0 0 0 1 0 2 0 1 2 2 0 1 0 2 0 0 2 2 0 0 3 0 3 0 0 0 2 0 0 0 0 1 0 1 0 0 2 1 0 1 2 1 2 1 0 0 3 0 0 1 2 1 3 0 2 1 1 1 1 0 1 0 0 1 2 2 0 2 0 0 0 0 2 0 0 1 1 1 1 1 0 1 0 1 0 0 2 0 0 1 0 1 1 0 2 1 2 1 1 1 2 1 2 1 2 1 3 0 3 0 0 2 0 0 2 1 2 0 1 1 3 0 1 0 2 2 0 1 1 0 0 0 2 1 2 1 0 2 0 1 2 2 0 1 2 0 3 0 0 1 1 0 2 0 1 1 1 0 2 1 2 1 1 1 2 0 1 1 0 1 1 2 0 1 0 0 0 2 0 1 0 0 1 1 2 1 1 0 1 1 1 0 2 1 2 1 1 0 0 1 2 0 1 1 2 0 1 0 1 1 0 0 1 1 2 0 0 0 2 0 3 0 2 1 0 2 0 1 2 2 0 1 3 0 0 2 0 0 2 0 3 0 0 2 0 0 2 2 0 0 1 0 2 0 2 0 0 0 0 0 1 1 0 0 2 2 0 1 2 2 0 1 2 1 0 1 1 0 1 0 0 0 1 1 2 0 1 0 0 0 0 0 0 2 0 1 0 1 3 0 2 0 2 0 2 0 2 0 0 1 1 0 0 0 2 1 1 2 0 1 2 1 0 1 1 0 1 0 2 0 1 2 0 0 2 1 0 0 0 2 0 0 3 0 2 0 0 1 2 1 2 1 1 0 3 0 1 0 1 0 1 1 1 1 2 0 0 0 2 0 2 1 0 2 0 2 0 0 1 0 0 0 2 1 0 1 0 0 1 0 0 1 0 1 2 0 0 0 2 1 1
0 652 1 2 2 0 1 1 1 2 1 1 1 3 0 1 0 2 1 0 0 0 1 2 1 1 2 0 1 2 1 1 1 0 1 2 0 2 1 2 0 1 1 2 0 3 0 3 0 1 1 2 1 2 0 2 1 1 1 3 0 2 0 1 0 0 1 2 0 0 0 2 2 0 1 2 0 1 1 2 2 0 0 1 1 1 1 1 0 3 0 1 0 3 0 2 1 0 1 2 1 1 1 0 0 1 2 0 0 1 0 1 1 0 0 1 0 1 0 0 0 0 1 0 0 2 0 0 0 0 1 2 0 0 1 0 2 0 1 1 2 0 1 1 1 2 2 0 2 0 0 2 0 1 1 3 0 0 0 2 1 2 1 0 1 1 0 1 0 0 0 3 0 1 1 2 0 3 0 0 1 1 2 0 2 0 2 0 1 0 1 0 2 0 0 2 1 0 0 2 1 0 1 2 1 0 1 0 1 0 0 1 0 3 0 3 0 1 1 2 1 2 1 0 2 0 0 1 0 3 0 0 0 2 0 2 2 0 0 0 1 1 1 1 2 0 0 2 1 1 0 1 1 2 1 1 0 0 2 0 1 1 1 0 0 0 1 3 0 1 0 3 0 2 0 2 1 1 1 0 1 1 0 0 2 0 2 0 1 1 1 1 1 1 0 0 1 0 1 2 1 2 1 1 0 2 0 1 1 3 0 1 0 2 0 1 1 1 1 0 1 2 1 0 1 0 1 2 0 2 0 1 2 0 2 0 2 0 1 0 1 2 0 0 0 1 1 2 0 0 2 0 0 1 0 1 0 1 0 2 0 2 1 2 1 3 0 1 0 0 0 0 0 1 2 0 0 2 1 0 0 1 0 0 1 2 0 0 1 1 2 0 1 1 1 0 1 0 0 2 1 2 0 1 1 0 2 0 1 2 1 2 0 0 1 3 0 3 0 3 0 0 0 2 1 3 0 2 1 1 1 3 0 2 2 0 0 0 1 2 0 3 0 1 1 2 0 0 1 2 0 1 0 3 0 3 0 3 0 2 0 2 2 0 0 3 0 3 0 0 1 1 0 3 0 1 1 1 2 0 1 1 1 0 1 1 1 2 1 3 0 0 0 2 1 2 1 3 0 1 0 2 1 2 1 1 0 0 1 1 0 0 0 2 2 0 1 2 1 0 1 1 1 0 1 0 1 1 0 1 0 2 0 0 0 3 0 3 0 2 0 0 0 0 0 1 2 0 0 0 1 2 0 1 0 1 0 1 0 0 1 2 0 1 0 0 1 1 2 0 1 0 1 0 1 1 0 1 0 2 1 1 0 0 0 3 0 0 1 0 0 1 1 3 0 2 0 0 1 2 1 1 0 0 1 2 1 2 1 3 0 2 0 3 0 2 0 3 0 0 1 1 0 1 1 1 2 0 1 2 1 2 0 0 1 1 1 0 2 0 0 2 0 1 0 0 0 3 0 0 1 1 1 2
1 653 1 1 1 1 0 0 2 1 0 2 0 0 1 2 0 0 1 1 0 0 1 1 0 2 0 1 0 1 0 1 3 0 0 1 0 0 2 0 0 0 0 0 0 0 3 0 3 0 0 0 1 0 0 0 1 2 0 0 2 0 0 1 3 0 1 0 3 0 0 1 2 1 0 1 0 0 0 0 1 0 2 1 3 0 2 0 1 1 2 2 0 0 3 0 1 1 1 1 0 1 2 2 0 1 0 0 2 1 2 0 2 2 0 0 2 0 2 0 0 0 0 2 0 1 0 1 1 0 1 0 3 0 1 0 0 2 0 0 2 2 0 0 2 1 1 1 0 1 3 0 0 0 0 0 1 1 1 1 2 0 0 1 1 0 1 0 2 0 0 1 3 0 0 0 0 0 2 1 2 0 2 2 0 2 0 2 0 0 0 0 0 1 3 0 0 1 0 1 1 1 1 1 0 1 0 2 0 2 0 0 2 1 3 0 3 0 0 0 1 0 0 1 1 1 2 1 2 1 2 1 1 1 1 0 2 0 2 1 1 0 2 0 2 1 3 0 0 1 2 1 0 0 0 1 2 0 1 2 0 0 1 2 0 0 1 1 1 2 0 0 3 0 1 0 1 1 3 0 0 0 1 0 1 2 0 2 0 0 2 0 2 0 1 0 1 0 0 1 1 0 0 1 2 1 1 0 0 0 1 2 0 0 0 2 0 1 3 0 0 1 0 1 1 0 0 1 0 0 1 0 0 1 0 2 0 2 0 0 0 0 3 0 0 0 3 0 3 0 1 1 2 1 2 0 2 0 2 1 1 0 2 0 1 0 1 1 3 0 0 0 0 1 0 0 3 0 0 1 0 0 2 0 1 0 3 0 1 0 2 2 0 0 1 2 0 2 0 1 1 2 0 2 0 1 1 2 0 1 0 2 0 1 2 1 2 0 3 0 2 1 1 1 2 0 2 0 1 2 0 0 2 0 2 0 2 1 1 1 0 0 2 2 0 2 0 1 2 0 3 0 2 1 3 0 3 0 3 0 1 0 2 0 3 0 2 0 2 1 2 0 1 1 2 2 0 2 0 1 0 0 2 0 0 0 2 1 1 0 1 1 1 1 2 0 1 0 1 2 0 0 2 0 0 1 2 0 1 0 1 0 0 1 2 1 0 1 0 1 1 0 2 0 0 0 0 0 1 0 2 1 0 1 1 1 3 0 3 0 0 1 1 0 0 1 0 0 2 1 1 0 3 0 2 0 2 0 2 0 1 0 3 0 2 0 1 0 2 2 0 0 0 0 0 0 1 0 2 1 1 1 2 0 0 1 2 1 1 2 0 1 0 0 2 0 0 1 2 1 0 1 2 0 1 1 1 0 1 0 2 0 1 0 3 0 1 0 2 1 2 0 1 0 3 0 2 2 0 1 0 2 0 1 2 0 2 0 0 1 2 2 0 1 3 0 0 1 2 1 2 0 2 1 0
1 653 3 0 1 2 0 1 1 1 1 1 2 2 0 0 2 1 2 2 0 0 3 0 0 2 0 0 0 0 0 1 1 1 1 2 0 1 0 1 1 0 0 0 0 1 3 0 2 1 1 0 2 0 0 1 0 0 2 2 0 1 2 1 1 2 0 0 2 1 2 1 0 1 0 2 0 0 0 0 2 1 2 0 2 0 1 0 0 0 1 0 3 0 1 2 0 1 3 0 0 1 1 0 3 0 3 0 1 0 0 0 2 0 3 0 0 0 0 1 1 0 1 2 0 0 0 0 1 0 2 1 2 1 3 0 1 1 3 0 1 0 3 0 0 1 3 0 0 1 1 1 1 0 0 0 3 0 2 0 3 0 1 0 1 0 2 1 0 1 2 1 1 1 1 0 0 1 2 0 0 0 2 1 0 2 0 1 2 1 0 0 1 1 1 1 2 0 0 0 2 0 2 0 0 0 0 2 0 1 3 0 1 0 2 0 2 1 1 0 2 0 1 0 2 1 1 0 1 0 0 1 3 0 1 1 1 0 1 1 2 1 1 0 2 0 1 1 2 1 0 1 0 0 1 1 0 0 0 0 2 2 0 0 2 1 3 0 2 1 3 0 1 2 0 0 0 0 1 1 1 0 2 1 0 1 0 1 3 0 0 0 0 1 3 0 2 0 1 0 1 0 1 1 0 1 2 0 0 1 0 0 2 1 1 2 0 1 1 1 2 0 0 0 1 0 0 2 0 0 2 0 1 0 0 2 0 1 2 1 0 1 2 1 1 1 3 0 3 0 0 0 1 0 0 0 1 0 1 1 2 1 0 2 0 0 0 0 1 1 1 0 0 2 0 1 2 1 1 2 0 1 0 2 0 0 2 2 0 0 2 0 2 2 0 1 0 2 0 0 2 2 0 2 0 0 2 2 0 0 0 2 0 1 1 0 0 0 3 0 1 2 0 0 0 0 1 0 0 0 3 0 0 0 1 0 1 1 2 2 0 1 2 1 0 2 0 1 0 0 3 0 2 0 2 0 3 0 2 2 0 0 1 0 3 0 1 0 2 0 0 0 0 0 1 1 0 1 3 0 2 2 0 1 1 1 1 1 2 0 3 0 2 0 3 0 2 1 0 0 2 2 0 1 2 0 3 0 2 0 2 0 1 1 0 1 1 0 0 0 1 1 0 1 1 0 0 0 2 1 1 1 1 0 2 1 2 0 2 1 2 0 1 0 0 2 0 1 1 1 2 1 3 0 1 0 1 0 0 2 0 0 3 0 0 2 0 0 2 0 2 1 0 0 0 0 2 1 1 1 3 0 3 0 1 1 0 2 0 0 3 0 2 2 0 1 2 1 0 1 1 0 3 0 3 0 1 0 2 1 0 2 0 0 2 2 0 0 1 2 0 2 0 0 3 0 2 1 0 0 0 2 0 1 0 0 0 1 2 1 1 1 0 1 1 1 2 1 1 0 0 0 1 1 0
1 654 1 3 0 0 1 0 0 2 0 2 1 1 0 3 0 1 0 1 0 3 0 1 1 2 1 2 1 0 0 1 0 2 0 2 2 0 0 0 0 1 0 0 0 1 1 2 0 1 1 2 1 0 1 1 2 0 1 2 1 0 1 0 2 0 0 3 0 1 0 0 1 1 0 0 1 2 1 0 1 2 0 0 0 0 1 3 0 0 0 2 1 3 0 0 1 0 1 1 1 2 0 1 1 3 0 2 1 3 0 0 1 1 0 2 1 1 0 1 0 1 1 0 0 2 1 0 0 2 1 2 0 1 0 2 0 0 0 1 2 0 0 2 1 2 1 1 1 2 0 2 0 1 0 0 1 3 0 1 0 2 1 3 0 2 1 1 1 1 1 0 1 3 0 1 0 1 0 3 0 0 1 1 1 1 2 0 1 0 1 0 0 3 0 2 0 3 0 0 1 1 0 0 1 1 0 1 2 0 1 1 2 0 0 1 0 1 1 2 1 0 2 0 0 1 1 2 0 2 0 1 1 1 2 0 1 2 1 0 0 0 1 2 1 1 0 0 0 0 1 0 2 0 0 2 2 0 0 0 1 2 0 3 0 1 0 2 0 2 0 2 0 0 0 2 1 0 0 3 0 1 1 1 1 1 0 0 1 1 1 1 0 1 1 2 0 0 1 3 0 2 0 3 0 0 0 3 0 0 2 0 1 1 2 0 1 0 0 2 0 3 0 0 0 2 0 1 1 2 2 0 1 3 0 1 2 0 1 0 1 1 1 0 2 0 0 2 0 2 1 1 0 2 0 0 0 2 1 0 0 0 1 1 1 2 1 0 0 3 0 1 0 1 2 0 1 0 2 0 1 0 0 0 1 3 0 1 0 3 0 0 0 2 1 0 0 0 1 3 0 1 1 0 1 3 0 1 0 2 1 1 2 0 0 1 0 0 1 3 0 0 0 2 1 0 0 2 0 0 1 2 1 1 0 2 1 0 0 1 1 0 1 0 1 1 1 3 0 3 0 2 0 1 0 1 0 3 0 2 0 2 1 2 1 2 2 0 0 0 1 1 0 0 0 3 0 0 1 2 0 2 1 0 0 2 0 2 1 0 0 3 0 1 0 3 0 1 1 0 1 2 1 0 1 0 0 3 0 1 0 0 2 0 1 1 0 1 0 0 0 3 0 0 0 1 0 0 1 1 1 3 0 1 1 2 0 0 0 1 2 0 1 3 0 1 2 0 0 2 1 1 0 1 1 3 0 2 0 1 1 3 0 1 1 2 1 3 0 0 0 1 1 0 0 0 1 1 2 0 0 2 0 2 2 0 1 1 1 3 0 2 0 2 1 0 1 0 1 1 0 1 1 3 0 2 2 0 0 1 1 1 1 3 0 1 0 2 2 0 1 0 1 3 0 2 0 1 1 0 0 1 1 3 0 2 1 1 1 0 1 3 0 0 0 2 1 0 1 2 0 0 0 2 2 0
1 655 1 1 1 1 1 2 0 1 1 0 1 1 2 1 2 1 3 0 2 1 3 0 0 0 1 0 0 1 0 0 2 1 1 0 2 0 2 1 0 0 2 0 0 1 0 0 0 0 0 0 0 1 1 0 2 2 0 1 0 1 1 0 0 1 3 0 1 1 3 0 1 0 1 0 1 1 0 1 1 0 3 0 0 0 1 1 1 1 1 1 2 0 1 1 2 0 0 0 2 1 0 0 0 0 2 0 2 0 1 1 2 0 1 1 1 1 2 0 2 0 2 2 0 1 1 1 0 1 1 2 0 2 0 0 0 1 1 1 0 0 3 0 1 0 0 2 0 0 0 0 0 1 3 0 1 1 1 2 0 0 2 0 2 0 1 1 3 0 2 0 0 1 1 1 3 0 2 1 2 1 2 0 2 0 2 1 3 0 3 0 3 0 2 0 1 0 2 1 2 0 1 0 1 0 1 1 0 1 0 0 2 1 2 1 2 1 0 0 0 1 1 1 2 2 0 0 0 0 0 2 0 2 0 1 0 1 0 1 0 0 1 1 0 1 2 0 0 0 1 0 0 1 3 0 1 0 2 1 1 1 0 0 2 2 0 0 1 0 1 0 0 1 1 1 1 1 0 1 2 2 0 1 3 0 1 0 1 0 2 0 1 0 3 0 3 0 1 1 2 0 1 0 2 1 1 1 2 1 2 2 0 0 2 1 3 0 3 0 0 0 2 1 1 1 1 0 0 0 1 1 0 1 2 0 0 1 0 0 0 0 2 0 0 1 3 0 0 0 1 1 2 1 0 1 1 1 1 1 0 0 1 0 2 1 0 1 0 1 2 2 0 0 0 1 0 0 0 1 3 0 2 1 1 1 1 2 0 0 2 1 1 1 1 1 0 0 1 1 1 2 0 1 1 1 1 2 0 0 1 2 0 0 2 1 2 0 1 1 1 1 1 1 1 1 0 1 0 1 2 1 0 1 2 1 1 1 0 0 3 0 0 0 0 0 2 1 2 0 3 0 0 1 3 0 2 1 3 0 1 0 2 0 1 0 1 0 2 1 1 0 1 0 0 1 2 1 2 1 0 0 1 1 0 1 1 0 1 1 0 1 2 2 0 0 2 2 0 1 1 1 0 1 0 2 0 1 2 1 3 0 1 2 0 0 1 0 2 0 0 1 2 1 1 0 2 0 1 0 2 1 1 2 0 2 0 1 1 1 0 1 0 1 2 0 0 0 3 0 0 1 2 1 0 0 2 0 1 0 0 0 2 0 0 0 1 0 1 1 1 0 2 2 0 0 1 0 2 1 3 0 0 0 2 1 0 0 2 1 2 0 1 0 1 1 1 0 0 0 1 1 0 0 2 0 2 0 2 1 3 0 2 1 1 2 0 0 2 1 0 0 0 1 2 0 0 2 0 1 0 1 0 0 2 0 1 1 3 0 0 1 1 1 1 1 1 1 1 0 3 0 0 1 2 0 2
0 655 3 0 2 0 2 2 0 0 1 1 0 0 1 0 1 0 2 0 2 0 1 1 1 0 2 0 0 2 0 1 1 1 2 1 1 0 1 1 0 1 0 1 1 2 0 0 0 0 0 0 1 0 1 1 2 1 0 0 0 0 1 0 1 1 2 0 0 0 1 1 3 0 2 0 3 0 0 0 1 1 2 1 1 0 3 0 2 0 2 0 3 0 3 0 3 0 0 1 1 1 0 0 0 1 1 0 0 2 0 2 0 2 0 2 0 0 0 0 1 0 2 1 0 0 2 0 0 0 2 2 0 1 2 1 1 0 1 2 0 1 2 1 3 0 1 1 2 1 0 0 1 1 1 2 0 2 0 0 3 0 0 0 1 0 0 0 2 0 0 1 2 0 2 1 2 0 2 0 1 0 0 0 1 0 2 0 2 0 3 0 3 0 0 2 0 0 1 2 0 1 3 0 2 0 2 2 0 2 0 1 2 0 1 0 0 1 0 0 1 0 2 1 1 0 2 1 0 0 1 2 0 1 3 0 3 0 3 0 2 1 3 0 0 0 3 0 0 0 2 0 1 1 1 2 0 0 1 1 2 2 0 1 2 0 2 1 2 0 2 0 1 0 2 0 2 0 0 1 1 1 0 1 1 1 3 0 2 1 0 2 0 0 3 0 2 2 0 2 0 2 0 0 1 2 0 0 1 0 1 0 3 0 1 0 2 0 2 1 1 1 1 1 3 0 1 0 0 0 3 0 0 0 3 0 0 2 0 0 0 1 0 1 2 1 1 1 1 1 0 0 0 1 1 0 2 0 1 2 0 0 2 1 1 1 1 0 0 1 1 0 2 1 0 2 0 0 1 1 2 0 1 1 3 0 2 1 3 0 0 1 3 0 1 2 0 0 3 0 2 2 0 0 2 0 2 1 2 2 0 0 3 0 0 2 0 2 0 1 3 0 2 0 2 0 0 0 0 1 0 1 1 1 0 1 2 2 0 1 2 1 1 0 0 1 2 0 0 0 2 1 2 1 2 0 2 0 1 2 0 0 0 1 3 0 2 1 1 1 2 0 2 0 1 1 1 0 0 1 0 0 3 0 0 0 1 0 3 0 0 1 1 0 3 0 1 1 0 0 2 0 0 0 0 2 0 1 1 0 2 0 0 0 2 1 2 1 0 1 2 1 0 1 2 1 0 2 0 0 1 2 0 1 0 2 0 0 2 0 0 0 0 0 3 0 0 1 2 1 2 1 0 1 0 1 0 1 3 0 0 1 0 1 1 0 2 0 3 0 1 1 2 0 2 1 2 1 2 0 1 1 1 1 1 1 0 1 1 2 0 1 3 0 3 0 1 0 0 0 2 2 0 1 1 0 1 0 2 0 2 0 1 2 0 0 3 0 0 1 0 0 1 0 3 0 1 1 3 0 3 0 3 0 0 0 0 0 1 1 2 0 2 0 2 0 2 0 1 1 2 1 2 1 0 0 1
1 656 1 3 0 1 0 2 0 2 1 2 2 0 0 2 0 2 1 1 0 0 2 0 1 2 1 0 1 2 2 0 0 2 1 0 1 2 0 3 0 0 0 0 0 2 1 2 1 0 0 0 0 2 1 0 0 0 1 0 0 0 0 2 0 3 0 3 0 0 1 0 0 2 0 1 0 2 1 1 1 0 0 0 1 2 1 3 0 1 0 1 0 3 0 3 0 2 1 2 0 1 2 0 0 1 0 1 0 1 2 0 2 0 2 0 1 2 1 0 0 2 1 1 1 0 1 0 1 1 1 2 1 0 1 0 1 2 1 0 1 0 1 1 0 2 0 0 0 0 1 0 0 3 0 2 2 0 1 3 0 1 1 1 0 2 0 0 1 0 1 2 1 0 0 2 0 0 0 0 1 3 0 0 0 2 1 1 0 1 0 3 0 2 1 2 1 2 2 0 1 0 1 2 0 1 0 2 1 0 2 0 0 3 0 2 0 0 2 0 0 2 1 1 1 2 1 1 1 0 1 0 1 0 1 2 0 3 0 3 0 2 0 1 1 1 1 2 1 1 1 0 2 0 2 0 0 2 2 0 0 1 1 0 1 0 0 2 0 0 0 0 2 0 0 1 0 0 1 2 0 2 0 0 0 2 1 2 0 1 1 1 1 3 0 2 0 2 1 0 2 0 1 2 2 0 0 2 1 2 0 2 1 2 2 0 0 1 0 1 1 3 0 2 1 1 1 3 0 0 1 2 1 1 1 2 1 2 1 2 1 1 0 0 1 0 1 3 0 1 2 0 0 1 0 1 1 1 0 0 0 3 0 0 1 3 0 1 0 1 0 1 1 1 1 1 1 2 2 0 0 0 0 0 0 2 0 2 0 1 1 2 1 2 0 0 0 3 0 2 0 2 0 3 0 0 0 2 0 1 0 3 0 1 1 2 2 0 2 0 1 2 0 1 0 0 1 1 0 1 0 0 0 2 0 0 1 1 1 0 1 0 1 2 0 1 0 3 0 0 1 2 0 1 0 0 0 1 0 0 0 2 1 1 1 2 0 1 2 0 0 0 0 0 2 0 1 2 0 0 2 0 1 2 1 1 0 2 1 2 1 2 0 1 1 2 2 0 1 0 1 0 1 1 0 1 2 0 0 1 1 0 1 1 1 2 0 0 1 1 1 0 1 1 1 0 1 1 1 2 2 0 1 0 0 0 1 2 2 0 1 1 0 0 1 2 1 2 1 1 0 0 1 1 0 0 0 0 1 1 1 2 0 0 0 1 1 1 0 3 0 0 0 0 0 2 0 0 2 0 2 0 1 3 0 2 0 0 0 2 2 0 1 2 0 2 1 3 0 0 1 2 1 0 0 1 0 2 1 1 0 1 0 0 0 3 0 1 1 1 2 0 0 2 1 3 0 0 0 2 0 3 0 2 1 1 0 0 1 0 0 0 0 1 0 1 0 1 0 0 0 1 0 0 1 0 0 2
0 657 1 1 1 2 0 0 1 0 2 0 1 0 3 0 0 0 1 1 2 0 1 2 0 1 0 1 1 1 1 0 3 0 0 1 1 1 0 0 2 1 1 0 0 1 2 0 0 1 0 0 0 1 1 1 0 0 0 2 0 0 0 1 1 0 3 0 2 1 1 2 0 1 0 2 0 0 1 1 2 2 0 0 1 1 1 0 1 1 3 0 2 1 3 0 3 0 2 0 0 0 0 0 2 1 2 0 2 1 0 1 0 2 0 2 0 1 0 1 0 1 1 1 3 0 0 0 0 0 2 1 0 1 1 0 0 1 0 1 1 0 0 0 1 1 0 1 1 0 0 2 0 1 3 0 2 1 0 1 1 2 0 1 2 1 0 1 2 0 0 1 0 1 0 1 0 1 1 0 1 1 1 1 1 1 1 1 2 0 2 1 3 0 2 0 1 0 1 1 0 0 0 0 3 0 2 1 1 1 1 1 3 0 2 0 0 1 2 1 3 0 0 2 0 0 0 1 3 0 0 0 0 0 0 1 0 0 3 0 3 0 0 2 0 2 0 0 0 1 3 0 0 2 0 1 3 0 1 0 2 1 2 2 0 2 0 1 0 1 1 0 1 1 2 1 2 0 1 1 0 0 0 1 1 1 1 2 0 2 0 2 0 0 2 0 1 0 1 1 1 2 0 1 1 0 3 0 1 0 0 0 2 0 1 0 2 1 2 1 0 0 2 0 1 2 0 0 1 1 2 1 0 2 0 0 1 0 1 0 0 1 2 0 1 0 0 1 2 0 0 0 2 1 2 0 3 0 1 0 0 1 2 1 2 1 1 1 3 0 2 0 3 0 2 0 2 1 1 0 2 1 0 0 0 1 1 0 1 0 0 0 0 2 0 1 1 1 3 0 1 0 1 0 2 1 1 1 0 2 0 0 3 0 0 0 1 1 0 2 0 0 3 0 2 0 1 0 1 0 2 0 0 1 0 1 2 0 2 0 0 0 0 0 3 0 2 1 2 1 2 0 3 0 2 0 0 0 2 0 0 1 1 2 0 0 0 0 0 0 2 1 0 0 1 2 0 0 3 0 1 2 0 1 0 1 2 1 2 0 1 0 0 0 0 0 1 1 0 0 0 0 0 0 1 1 0 0 2 1 3 0 0 0 2 0 3 0 1 0 2 0 0 0 2 0 0 0 2 1 1 0 3 0 2 1 1 1 1 1 0 0 1 0 1 1 1 0 0 1 2 0 1 0 1 0 0 0 1 0 2 0 3 0 0 0 3 0 1 1 2 1 1 0 0 1 0 1 2 2 0 2 0 1 2 0 0 1 1 1 2 1 0 1 0 0 2 0 1 1 2 1 0 1 0 0 2 1 1 1 2 0 2 0 0 1 2 2 0 2 0 0 3 0 1 0 1 1 1 1 1 0 3 0 1 1 2 0 0 2 0 0 0 0 2 0 2 0 2 0 0 0 2 0 0 2 0 1 1
0 657 3 0 2 1 2 1 2 1 0 2 0 0 2 1 1 1 0 0 0 0 0 1 0 0 0 0 2 0 1 1 2 1 2 0 1 2 0 1 1 1 2 0 1 0 3 0 0 2 0 0 1 0 1 2 0 0 1 1 2 1 1 0 1 1 3 0 1 2 0 1 0 0 0 1 2 2 0 0 1 0 2 1 3 0 1 1 0 0 2 0 2 0 2 0 3 0 0 1 1 0 0 1 2 0 0 0 1 1 1 0 0 2 0 2 0 0 0 0 0 0 2 1 1 1 1 0 0 1 1 1 1 0 1 0 1 0 0 0 1 0 0 0 3 0 0 0 1 0 1 2 0 1 2 0 1 1 1 0 2 2 0 1 0 1 1 0 3 0 1 0 0 0 0 0 0 0 1 0 3 0 2 0 2 0 2 1 0 0 2 0 2 0 0 1 3 0 2 2 0 0 0 1 3 0 1 1 3 0 2 1 2 0 0 1 2 1 1 0 1 1 2 1 2 1 1 1 1 1 1 0 0 0 0 2 0 1 3 0 2 1 2 2 0 1 2 1 1 1 1 1 2 2 0 1 1 2 0 0 2 0 1 1 0 2 0 0 0 0 1 1 0 0 0 2 0 2 0 1 0 0 1 0 2 0 2 2 0 2 0 1 2 2 0 1 3 0 3 0 2 2 0 0 1 1 2 1 3 0 0 1 0 2 0 0 2 0 0 1 0 1 1 0 0 0 2 2 0 0 0 1 1 1 2 1 2 0 2 0 1 0 3 0 2 0 1 0 3 0 0 1 2 0 0 0 2 1 3 0 1 1 1 0 0 2 0 0 2 0 1 0 3 0 1 0 1 1 2 1 1 1 0 0 1 0 1 0 2 0 0 0 1 2 0 0 2 1 1 1 3 0 2 1 1 1 3 0 0 1 3 0 1 1 1 0 3 0 0 1 3 0 2 0 0 1 3 0 2 1 0 1 2 0 0 1 0 0 0 1 1 0 0 1 3 0 2 0 1 0 0 0 3 0 0 1 1 1 0 1 2 0 2 1 2 1 0 0 0 1 1 1 0 1 0 0 3 0 2 0 0 1 0 0 0 1 0 2 0 1 3 0 0 0 0 0 2 2 0 0 0 0 0 0 2 2 0 1 2 0 1 1 1 1 1 0 2 2 0 0 0 1 1 1 0 1 1 1 1 1 2 1 3 0 1 1 3 0 1 2 0 0 2 0 3 0 1 0 1 0 3 0 2 0 2 0 0 0 2 1 1 0 2 1 1 1 3 0 0 0 0 1 2 0 1 0 0 1 1 1 0 2 0 0 3 0 1 0 2 1 0 1 0 2 0 1 1 0 0 0 0 1 0 2 0 1 1 2 0 0 0 0 0 1 2 1 1 1 0 1 3 0 1 1 3 0 3 0 2 0 1 1 2 2 0 2 0 1 2 1 2 1 0 1 1 0 1 0 0 1 1 1 0 1 2 2 0 0 1
1 658 1 3 0 2 0 1 0 0 1 1 1 3 0 0 1 2 2 0 0 0 0 0 2 0 0 0 1 1 0 0 0 1 0 0 0 0 1 0 0 2 0 3 0 2 1 2 1 2 1 2 1 2 1 0 0 2 2 0 0 0 1 2 1 0 0 2 0 0 0 3 0 2 1 1 1 1 0 2 1 2 1 2 0 1 2 0 1 0 1 1 0 1 0 1 0 2 1 2 0 1 0 1 0 3 0 0 0 3 0 1 0 1 2 0 1 2 1 0 0 0 1 1 1 3 0 1 0 1 0 2 0 1 0 2 0 2 0 0 0 2 0 0 1 2 1 1 0 2 1 0 1 0 0 3 0 3 0 1 1 2 1 0 0 0 0 1 1 2 1 3 0 0 0 0 0 0 0 2 1 3 0 1 0 1 0 1 1 0 1 1 0 0 1 2 1 2 0 2 0 2 1 1 1 2 0 0 0 2 0 1 2 0 1 2 1 0 1 2 1 0 0 1 0 0 1 3 0 2 0 1 0 0 0 1 2 0 1 2 0 2 0 1 1 0 1 0 1 3 0 2 1 1 1 0 0 2 1 2 2 0 2 0 1 1 1 2 1 0 0 2 2 0 0 1 2 0 1 3 0 2 1 2 1 1 0 2 1 0 2 0 1 1 1 0 1 2 0 3 0 2 0 2 2 0 0 1 0 1 1 2 0 0 1 2 2 0 1 2 0 0 0 1 0 0 1 2 0 2 1 1 0 2 1 1 0 0 0 0 2 0 0 3 0 0 2 0 0 2 1 2 0 3 0 0 1 2 0 1 2 0 1 2 0 1 1 2 2 0 2 0 0 2 2 0 0 0 0 0 1 2 2 0 0 2 0 2 1 0 1 1 1 0 0 3 0 0 2 0 0 2 0 1 2 0 0 1 1 2 1 1 2 0 1 2 1 2 1 2 1 2 0 0 1 2 1 2 0 1 1 1 0 3 0 0 2 0 0 1 0 1 0 1 1 2 0 0 1 3 0 0 1 2 1 2 0 2 0 0 1 0 0 2 0 0 1 0 0 1 0 1 2 0 2 0 1 3 0 0 1 1 2 0 0 1 0 0 2 0 1 1 1 1 0 0 1 2 0 2 1 0 0 0 1 2 1 0 0 3 0 3 0 2 0 1 1 2 0 2 1 1 0 2 0 0 0 2 0 2 1 1 0 2 0 0 0 2 0 0 0 3 0 0 0 2 1 3 0 2 1 3 0 1 0 0 1 1 1 1 1 2 1 1 2 0 0 1 1 1 0 1 0 3 0 2 0 1 0 2 0 0 1 3 0 1 2 0 0 1 1 1 0 0 2 0 0 1 0 0 0 1 0 0 2 0 0 2 1 2 1 0 0 1 1 0 1 3 0 0 1 2 0 0 0 2 0 3 0 1 0 0 0 1 1 0 2 0 1 1 0 0 1 1 0 1 0 2 0 1 0 2 0 0 1 1 0 2 1 2
0 659 1 1 2 0 0 1 3 0 1 0 2 1 1 1 2 1 1 0 2 1 0 0 1 1 2 1 1 0 1 0 0 0 2 0 0 0 0 2 0 1 1 0 3 0 2 0 1 0 1 0 1 0 0 1 0 1 2 0 2 1 1 1 0 1 0 1 0 1 1 1 3 0 1 1 3 0 1 1 2 0 1 0 0 0 0 1 0 0 0 0 1 0 2 0 2 1 1 2 0 1 3 0 2 1 2 1 1 1 2 2 0 0 0 1 0 1 0 1 0 0 1 0 2 1 1 1 3 0 2 1 0 2 0 0 1 0 0 1 1 1 0 1 2 1 0 1 2 1 1 1 0 2 0 1 3 0 3 0 0 0 0 1 0 0 0 1 0 0 1 0 1 1 1 0 0 0 0 1 2 0 1 1 3 0 2 0 3 0 0 0 1 0 1 1 1 0 0 0 1 0 1 1 3 0 3 0 0 1 1 0 0 1 0 1 0 1 1 1 0 1 0 0 2 0 1 1 2 0 0 1 3 0 0 1 0 1 0 1 0 0 0 2 0 1 1 0 0 1 2 0 1 1 2 2 0 1 2 0 1 1 0 2 0 0 2 1 0 1 0 1 2 0 2 2 0 1 0 1 2 0 2 0 0 1 2 1 1 1 1 2 0 0 2 0 0 1 0 0 3 0 1 0 2 0 2 1 2 0 3 0 3 0 1 1 1 1 0 0 3 0 0 0 2 0 1 1 0 0 1 1 2 1 1 1 2 0 0 0 1 1 3 0 1 1 2 1 3 0 1 0 0 0 2 1 2 1 0 0 0 1 0 1 0 0 0 0 1 1 0 1 3 0 1 0 2 1 0 0 1 1 1 0 3 0 0 0 1 1 1 0 1 2 0 1 2 1 2 1 3 0 0 0 0 0 2 2 0 0 0 2 0 1 0 1 1 0 1 0 0 2 0 1 2 1 0 2 0 2 0 1 2 1 2 1 2 1 2 1 2 0 2 0 3 0 3 0 1 1 1 1 2 1 1 0 0 0 0 1 1 2 0 1 0 1 1 2 0 0 2 1 0 1 0 2 0 1 1 1 2 0 2 1 2 1 2 0 1 2 0 0 2 0 1 0 1 1 0 0 1 1 0 0 1 1 0 1 0 1 3 0 3 0 1 0 0 0 0 0 1 1 2 1 0 1 1 1 1 0 1 1 2 1 0 1 1 1 0 1 1 1 2 1 1 1 2 0 2 0 2 0 1 1 3 0 1 0 2 0 2 1 0 2 0 0 2 1 3 0 1 0 2 1 3 0 0 2 0 0 0 1 2 1 2 0 0 0 2 1 3 0 1 0 1 1 2 1 2 0 0 0 2 0 1 1 3 0 1 0 0 1 0 0 3 0 0 1 1 1 2 0 3 0 0 1 1 0 2 1 3 0 0 0 3 0 0 2 0 0 1 0 1 0 1 0 2 1 0 2 0 0 0 1 2 0 1 1 2 0 0
0 659 3 0 3 0 1 1 1 2 0 0 1 2 0 0 0 1 2 1 1 1 0 1 0 0 0 1 2 0 2 0 0 1 0 1 1 0 1 2 0 0 1 1 3 0 0 1 3 0 2 0 2 0 1 0 0 1 0 0 1 1 3 0 0 0 0 0 0 0 2 1 2 0 0 0 1 2 0 2 0 1 3 0 0 0 0 2 0 0 0 0 2 1 1 0 1 2 0 1 0 1 2 0 2 0 0 2 0 0 1 0 2 1 0 2 0 2 0 2 0 0 2 1 1 2 0 0 2 0 1 1 1 1 2 1 2 0 1 0 2 0 0 1 0 1 1 1 0 1 3 0 0 2 0 1 2 0 2 1 1 0 0 2 0 0 0 2 0 0 2 0 3 0 1 0 0 0 1 1 0 0 0 0 2 0 1 0 2 1 1 0 2 0 3 0 1 0 0 0 2 1 0 0 2 0 2 1 2 0 1 0 1 0 0 0 0 0 1 2 0 2 0 1 0 2 0 2 0 1 2 1 1 1 1 2 0 2 0 2 0 0 1 2 0 0 1 0 1 1 0 0 0 0 1 1 0 0 3 0 3 0 0 1 3 0 0 1 1 0 0 1 0 0 2 1 0 0 0 1 0 0 0 1 2 1 0 1 3 0 2 1 2 2 0 1 1 2 0 1 2 2 0 0 1 0 2 0 0 0 3 0 2 2 0 1 2 2 0 1 2 1 1 1 0 2 0 1 0 1 0 0 0 1 3 0 3 0 0 1 0 0 2 0 0 0 1 0 1 1 3 0 0 1 2 0 0 1 0 0 0 2 0 2 0 0 0 0 3 0 0 1 1 2 0 0 1 1 0 0 3 0 1 1 2 1 1 0 3 0 1 1 0 1 0 1 1 0 1 0 1 1 1 0 0 1 2 0 2 1 1 2 0 0 0 0 1 0 2 0 1 2 0 1 0 1 1 2 0 2 0 1 1 0 1 0 1 0 1 0 0 0 1 0 3 0 2 2 0 2 0 0 0 1 2 0 0 0 1 0 2 2 0 0 0 0 2 1 3 0 0 1 1 0 0 2 0 0 2 1 0 0 2 0 1 0 0 0 0 0 2 2 0 1 3 0 2 2 0 0 2 2 0 0 3 0 0 0 0 1 2 0 2 1 3 0 0 0 0 1 0 0 0 1 1 0 2 0 1 1 0 0 0 1 1 0 2 0 0 0 2 1 0 2 0 0 0 0 1 0 1 0 0 0 1 2 0 0 1 0 1 1 1 1 3 0 1 0 1 2 0 0 2 0 1 1 2 1 2 1 1 1 0 2 0 1 1 1 2 0 1 2 0 0 0 0 0 2 0 1 1 1 1 0 0 0 1 1 3 0 0 2 0 1 2 1 2 0 2 1 0 0 2 1 2 0 1 1 2 0 1 1 1 1 2 1 2 1 2 1 2 0 2 0 2 1 1 1 1 1 2 1 1 0 3 0 3 0 3 0 0
0 660 1 3 0 2 2 0 2 0 0 2 2 0 0 2 1 1 1 0 1 2 2 0 2 0 0 1 1 0 0 0 1 2 0 0 0 1 1 0 0 2 2 0 0 1 1 2 1 2 0 1 0 0 1 3 0 0 2 0 1 0 0 1 1 1 0 0 0 0 1 1 2 0 1 1 1 0 1 0 2 0 1 1 1 1 0 1 1 2 1 0 1 1 1 2 1 0 1 0 0 0 1 0 0 0 1 2 1 2 1 2 1 1 1 1 2 0 2 0 1 3 0 0 2 0 0 2 2 0 2 0 2 0 0 0 2 0 2 0 0 0 1 2 0 0 0 2 0 0 1 1 1 2 2 0 1 0 0 1 1 2 0 1 1 2 1 1 1 3 0 0 0 2 1 3 0 0 0 2 2 0 0 0 1 0 2 0 0 1 1 2 1 1 0 2 1 3 0 0 1 1 1 0 1 1 0 1 2 0 1 3 0 2 0 0 0 0 1 0 1 0 2 0 0 0 2 0 2 0 1 0 1 3 0 2 2 0 2 0 1 2 2 0 0 2 1 2 0 2 2 0 0 0 0 2 2 0 1 3 0 2 1 2 1 1 1 2 0 1 0 0 2 0 1 1 1 0 0 0 2 0 0 1 1 0 1 1 1 2 0 2 0 1 1 0 0 2 2 0 1 1 0 2 1 2 1 0 1 1 1 3 0 2 1 0 1 1 1 0 1 0 1 3 0 0 1 3 0 3 0 2 1 1 1 2 0 2 1 1 2 0 1 0 1 1 0 2 1 0 0 1 1 2 0 3 0 0 2 0 0 1 2 0 1 2 1 0 1 2 1 2 0 2 1 2 1 2 2 0 1 3 0 0 0 0 1 2 1 2 2 0 1 1 0 0 0 1 0 2 0 3 0 1 0 1 1 0 0 1 2 0 0 2 1 0 0 2 1 1 0 0 1 0 0 0 0 2 2 0 2 0 0 1 0 2 0 2 0 2 0 0 0 2 1 3 0 2 1 0 1 2 1 1 0 3 0 0 0 2 1 2 0 2 1 0 1 2 0 1 1 2 0 1 0 1 1 3 0 0 1 0 1 0 1 3 0 0 0 0 1 2 1 0 1 2 0 2 0 3 0 1 0 3 0 1 1 1 0 1 1 0 0 2 0 1 1 1 0 0 2 0 0 1 0 1 1 0 2 0 1 0 0 1 0 1 1 0 1 1 1 1 1 1 1 2 1 0 0 2 0 2 0 0 1 0 0 2 1 2 0 3 0 2 1 1 2 0 0 0 0 3 0 0 0 0 0 1 0 0 1 3 0 0 2 0 0 2 1 0 0 0 0 2 1 0 0 1 2 0 0 2 0 1 0 0 1 0 0 1 1 2 2 0 1 1 0 0 0 1 1 0 1 1 2 0 2 0 2 0 2 0 2 0 0 1 0 1 0 1 0 0 0 1 0 1 1 3 0 2 1 0 1 2 1 3 0 3 0 2 1 1
1 661 1 1 2 0 2 1 0 1 3 0 1 0 3 0 0 1 3 0 0 1 1 1 0 1 2 1 2 2 0 0 1 0 3 0 0 0 2 2 0 1 2 0 2 2 0 0 0 2 0 1 3 0 1 1 1 1 2 1 3 0 2 1 3 0 1 0 0 0 1 0 2 2 0 0 2 0 0 0 0 2 0 0 2 0 1 1 0 0 0 1 1 0 2 1 0 1 0 2 0 0 0 2 0 0 1 1 1 0 1 0 0 1 3 0 2 2 0 2 0 1 1 1 2 1 3 0 1 1 0 2 0 1 2 1 1 2 0 1 2 1 1 0 3 0 0 1 0 1 2 0 2 1 1 0 3 0 2 2 0 0 0 0 0 0 0 2 0 0 1 1 1 1 2 0 1 1 1 1 2 0 2 1 1 0 0 1 2 2 0 0 0 1 2 1 2 0 1 1 2 0 2 0 0 0 1 1 0 1 0 1 2 0 0 1 1 0 1 0 0 0 0 1 2 1 1 2 0 2 0 0 0 1 2 0 2 1 0 2 0 1 1 0 3 0 1 0 0 0 2 0 2 1 0 1 2 1 0 1 2 0 2 0 0 1 3 0 3 0 2 0 1 2 0 0 1 2 0 0 1 1 2 1 3 0 0 0 2 1 0 0 0 2 0 1 0 1 2 1 0 0 1 1 2 0 0 1 1 0 2 1 2 0 1 1 1 0 2 0 0 0 0 1 1 1 2 1 2 0 3 0 1 2 0 0 0 0 1 2 0 1 0 0 0 0 1 1 1 1 0 1 0 0 0 0 2 1 2 1 2 2 0 1 0 1 0 1 1 1 1 0 0 0 2 0 1 0 1 1 0 1 1 1 1 0 1 1 1 0 1 1 0 0 1 0 0 0 2 1 1 0 2 1 3 0 2 2 0 1 0 0 3 0 0 1 0 1 1 1 2 0 0 2 0 0 0 1 2 1 0 1 2 1 2 1 1 0 1 0 0 1 1 1 2 0 2 0 1 1 1 1 0 1 2 1 2 1 1 1 2 0 0 0 1 1 1 0 3 0 3 0 3 0 2 1 0 0 1 1 2 0 0 0 0 1 1 1 1 0 1 1 0 1 1 1 0 0 1 0 2 2 0 0 2 2 0 1 2 0 2 2 0 1 0 2 0 1 2 0 1 1 2 1 2 0 3 0 0 1 3 0 2 1 2 0 3 0 0 0 2 0 2 0 2 1 0 1 0 1 1 0 0 1 1 2 0 1 2 0 0 0 3 0 1 2 0 0 2 1 0 1 2 1 1 0 0 0 2 0 1 1 1 1 2 1 3 0 0 1 0 0 0 1 1 1 0 1 0 0 2 2 0 1 3 0 0 2 0 1 0 0 1 1 0 0 1 0 0 0 3 0 0 0 2 2 0 2 0 2 0 2 0 1 2 1 2 0 2 0 2 0 0 0 2 1 0 0 2 0 1 1 1 1 1 0 2 0 3 0 1 1 2
0 662 1 0 0 0 0 1 1 1 1 1 2 0 0 2 1 2 1 1 1 2 0 2 0 0 1 1 0 1 0 2 1 2 1 2 1 1 1 2 1 0 1 0 0 2 0 2 1 1 2 0 1 1 2 0 2 0 0 1 0 2 0 2 0 1 1 3 0 0 0 2 1 2 0 2 2 0 1 1 0 1 1 2 2 0 2 0 1 0 0 1 0 1 1 1 1 1 0 0 1 2 1 1 1 2 1 3 0 1 0 2 0 1 1 2 0 2 1 0 2 0 0 2 1 1 0 1 2 0 1 1 2 0 1 0 2 0 1 0 1 0 1 2 1 2 1 2 0 0 1 0 0 1 1 2 1 3 0 2 0 2 1 0 0 0 0 1 1 2 1 3 0 2 0 3 0 3 0 2 1 0 0 1 1 2 0 1 1 1 0 2 1 1 1 1 0 0 0 0 0 0 0 0 1 1 0 3 0 0 0 0 0 3 0 1 0 1 0 2 0 0 0 1 1 0 2 0 1 0 1 2 1 1 1 0 0 1 1 1 2 0 0 1 1 2 1 3 0 0 1 1 0 1 1 1 1 0 1 1 1 0 0 0 1 2 1 2 0 3 0 1 0 0 0 2 2 0 0 2 2 0 0 1 0 1 1 1 1 1 1 0 0 1 2 0 0 0 1 0 1 0 0 3 0 3 0 1 0 1 1 1 2 0 2 0 1 2 1 0 1 1 0 1 0 2 1 1 0 0 0 3 0 0 0 2 1 0 1 0 0 3 0 2 1 0 0 3 0 1 2 0 2 0 0 0 1 2 0 1 0 1 1 0 0 0 0 0 0 2 0 1 0 0 1 0 1 3 0 3 0 0 0 2 0 1 0 3 0 1 0 2 2 0 0 2 0 0 1 1 1 2 1 2 0 2 0 2 0 3 0 3 0 1 1 2 0 0 0 2 0 3 0 1 1 2 1 1 1 0 1 1 1 1 0 0 1 2 0 2 0 1 0 2 1 0 0 0 2 0 1 3 0 0 1 1 0 0 1 3 0 3 0 0 0 3 0 1 1 3 0 3 0 3 0 1 1 0 0 3 0 3 0 0 0 1 0 2 0 1 0 3 0 0 0 1 2 0 0 2 1 2 0 3 0 1 1 0 1 0 0 2 1 0 0 0 2 0 1 0 0 0 0 1 0 0 0 2 1 2 1 2 0 2 0 0 0 2 1 1 1 1 0 1 0 1 1 1 0 0 0 1 0 1 0 2 2 0 0 3 0 0 1 3 0 0 0 3 0 0 1 1 1 0 1 2 0 0 1 0 2 0 2 0 0 1 0 1 1 1 2 0 0 1 0 1 2 0 2 0 1 2 1 0 1 1 1 2 1 3 0 2 1 2 2 0 0 2 0 0 1 2 1 1 1 2 1 0 2 0 2 0 2 0 1 1 0 0 0 1 0 0 1 1 1 1 1 0 1 0 2 0 1 3 0 1 1 1 0 3 0 0 0 0
0 662 2 0 0 0 0 3 0 2 0 2 1 3 0 1 0 0 2 0 0 0 0 0 1 2 0 1 0 2 1 2 0 1 0 0 2 0 0 0 1 0 2 0 1 1 0 1 2 0 1 0 0 2 2 0 1 2 1 2 1 1 0 1 0 0 0 1 1 1 1 2 0 0 0 2 1 0 0 1 1 0 0 1 1 0 1 3 0 2 1 2 0 3 0 2 0 1 0 1 1 0 2 0 0 1 0 1 2 0 0 1 0 0 0 0 0 1 1 1 1 3 0 0 1 2 1 0 1 0 0 2 2 0 0 0 2 0 0 0 0 0 1 1 0 0 2 0 1 1 2 0 1 0 0 1 0 2 0 1 0 1 1 0 0 0 1 0 0 1 0 2 0 1 0 3 0 3 0 1 1 0 0 3 0 3 0 3 0 1 1 1 1 3 0 1 0 0 0 0 0 0 0 1 0 1 1 2 1 1 0 0 1 2 1 3 0 2 1 0 1 1 0 3 0 0 2 0 0 0 1 0 1 2 2 0 0 3 0 2 1 2 2 0 0 1 0 1 1 2 0 1 0 3 0 2 0 0 0 1 2 0 0 1 1 1 0 0 0 2 1 3 0 0 1 2 0 3 0 1 0 2 1 2 0 3 0 2 0 1 2 0 1 0 0 2 1 0 2 0 2 0 1 3 0 2 1 3 0 3 0 2 2 0 2 0 1 0 1 1 0 1 0 2 1 1 1 2 0 0 1 2 1 1 1 1 1 0 2 0 1 3 0 1 1 0 1 3 0 0 1 0 1 2 1 1 0 3 0 2 0 2 2 0 0 0 0 0 1 0 1 3 0 1 0 0 1 2 0 2 1 1 1 0 2 0 0 2 2 0 0 2 0 2 2 0 1 2 0 2 1 1 0 0 0 1 0 1 0 3 0 2 2 0 2 0 1 1 1 1 0 3 0 0 0 0 1 3 0 0 0 2 0 1 0 1 1 0 0 0 2 0 0 1 1 0 0 1 2 0 1 1 1 2 0 1 0 1 1 2 0 2 1 1 1 3 0 0 0 2 0 3 0 2 2 0 1 0 1 3 0 2 1 1 0 2 1 0 2 0 0 2 1 1 1 0 0 3 0 1 0 0 0 2 2 0 1 0 2 0 1 1 1 0 0 1 1 3 0 2 1 0 0 2 0 0 1 2 0 1 0 0 0 0 1 1 1 1 1 3 0 1 0 2 0 3 0 1 0 0 0 2 0 2 1 2 0 3 0 1 1 2 1 1 1 1 1 2 1 2 0 2 0 0 0 3 0 1 0 0 2 0 1 2 1 2 0 3 0 2 1 2 1 2 1 0 1 0 2 0 1 0 1 1 0 2 1 1 0 2 0 2 0 1 0 2 2 0 1 2 1 0 2 0 0 0 1 1 2 0 2 0 2 0 0 1 0 0 0 2 0 1 0 2 0 2 0 0 0 0 2 0 1 1 2 0 1 2 1 2 1 1 0 0
0 663 1 1 2 1 0 1 3 0 1 0 2 0 1 1 3 0 1 1 2 1 0 0 1 0 3 0 2 1 1 2 0 1 3 0 1 1 2 1 1 0 0 2 0 0 1 1 0 0 3 0 3 0 1 1 0 1 1 0 0 1 2 0 2 0 0 0 3 0 2 0 3 0 0 1 1 1 0 0 2 2 0 0 3 0 0 1 2 0 2 0 0 0 3 0 0 1 3 0 3 0 0 1 2 1 2 1 0 0 2 1 2 0 0 0 0 0 3 0 2 1 1 1 2 1 0 1 0 2 0 1 2 0 2 1 1 1 2 1 0 0 1 0 1 0 1 2 0 0 2 1 3 0 2 1 2 1 0 1 3 0 2 2 0 0 0 2 0 0 2 1 0 2 0 0 3 0 2 2 0 1 0 1 3 0 3 0 2 2 0 2 0 0 1 1 3 0 0 0 0 0 0 0 2 1 0 0 0 1 2 0 1 1 1 0 2 0 1 1 1 0 1 1 2 1 2 1 2 1 1 0 0 1 1 0 3 0 2 0 2 0 1 0 2 1 2 0 3 0 3 0 2 1 3 0 0 1 1 1 0 0 2 1 3 0 1 0 0 1 2 0 1 1 2 1 0 0 2 2 0 0 2 0 0 0 3 0 1 0 0 0 3 0 3 0 0 1 1 2 0 2 0 1 2 0 2 0 2 0 3 0 2 1 0 2 0 0 0 0 1 0 2 1 1 1 3 0 3 0 1 1 0 1 3 0 2 0 0 2 0 1 1 2 0 1 1 1 1 1 2 0 0 1 0 1 2 1 3 0 1 0 2 0 2 1 0 0 1 0 0 1 1 1 3 0 1 1 0 0 1 1 3 0 0 1 3 0 1 0 3 0 0 0 2 1 0 1 0 0 1 1 2 0 0 0 2 0 2 1 3 0 2 1 0 2 0 0 2 0 1 1 2 1 1 0 1 1 1 1 1 1 0 1 3 0 2 2 0 0 1 1 2 1 2 2 0 1 0 1 0 0 2 0 3 0 2 1 0 0 0 0 1 2 0 0 1 1 1 1 1 0 3 0 2 1 0 0 0 1 2 0 1 1 2 1 1 1 1 1 3 0 0 1 2 2 0 1 2 1 3 0 0 1 2 1 0 0 0 2 0 0 1 2 0 1 0 0 2 0 1 1 0 1 0 1 2 0 3 0 2 0 0 0 1 0 2 0 2 1 1 2 0 0 1 0 2 1 3 0 0 1 1 0 2 0 0 0 3 0 0 0 0 1 3 0 2 1 1 0 0 0 0 1 1 1 2 1 3 0 1 2 0 1 1 0 0 0 3 0 2 0 1 0 0 1 1 0 0 2 0 0 0 0 1 1 1 1 2 1 1 0 0 2 0 0 2 1 0 1 0 1 1 1 2 1 1 0 2 2 0 2 0 1 2 1 2 0 0 1 0 2 0 0 1 0 0 1 1 0 1 2 0 0 2 2 0 1 1 0 0 1 2 0 0
0 664 1 0 0 0 1 1 1 1 2 0 0 1 0 0 0 2 0 0 0 0 1 0 0 2 1 3 0 1 2 0 1 0 1 2 0 0 0 0 1 2 0 1 1 2 1 2 2 0 1 3 0 2 2 0 1 1 0 1 0 1 1 0 0 0 1 1 1 3 0 1 0 2 1 2 0 1 2 0 1 2 0 3 0 1 1 2 1 0 0 0 1 1 1 2 1 2 1 2 0 2 1 2 1 1 0 0 1 0 1 1 2 0 1 1 0 0 1 3 0 1 2 0 0 0 1 1 0 0 2 0 1 0 0 1 2 0 0 0 1 0 0 2 0 2 1 0 0 3 0 1 0 2 0 2 0 0 1 1 1 2 0 2 0 2 1 1 1 3 0 0 1 1 1 3 0 2 0 2 1 0 0 0 1 2 0 3 0 2 1 0 1 2 2 0 0 1 1 1 0 0 0 0 1 1 1 0 0 1 0 3 0 3 0 1 1 0 2 0 1 2 1 0 0 1 0 1 0 0 1 2 0 1 0 1 1 3 0 1 0 0 2 0 0 2 0 0 0 3 0 3 0 2 0 1 1 2 0 1 2 0 1 2 0 1 1 3 0 1 1 0 0 0 0 0 1 0 1 2 0 2 2 0 1 1 1 2 1 3 0 0 1 3 0 2 1 2 0 2 2 0 2 0 1 0 0 1 0 1 0 3 0 1 1 1 1 2 1 0 0 2 1 1 2 0 0 2 0 2 2 0 1 1 1 2 0 0 1 2 2 0 0 2 2 0 0 2 0 2 0 3 0 1 0 0 1 1 0 1 2 0 0 1 0 1 1 0 0 2 0 1 0 2 1 1 2 0 1 0 1 0 0 1 1 2 1 1 2 0 0 2 1 1 1 1 1 0 2 0 0 3 0 3 0 0 1 1 0 2 0 2 0 1 1 1 1 3 0 0 0 0 0 0 1 2 0 3 0 2 0 2 0 0 1 2 0 2 0 2 2 0 0 1 0 1 0 3 0 3 0 3 0 0 0 3 0 1 1 0 0 0 1 0 0 2 1 3 0 2 0 1 1 3 0 1 1 0 0 1 1 0 0 0 0 0 1 3 0 2 1 1 1 2 1 1 1 0 1 1 0 1 1 2 1 0 1 0 0 1 1 2 2 0 0 3 0 2 2 0 2 0 1 1 0 0 1 0 0 3 0 0 1 1 0 2 1 1 0 1 2 0 0 2 1 2 1 2 0 1 1 2 0 1 1 0 1 1 1 2 1 1 0 1 1 2 0 1 1 2 0 0 0 1 0 2 1 1 0 2 0 0 1 0 0 1 0 0 1 3 0 0 1 3 0 1 0 1 0 1 1 2 1 0 0 3 0 2 1 0 1 2 0 1 1 3 0 0 1 1 0 0 0 2 1 0 1 2 1 2 1 0 2 0 1 0 2 0 1 2 0 0 1 2 1 2 0 1 0 1 1 0 0 3 0 1 1 0 0 1 0 1 0 3 0 0
0 664 2 0 0 1 0 2 0 2 1 2 1 2 0 0 1 0 1 1 0 0 2 0 1 2 0 2 0 0 1 0 0 0 0 3 0 0 0 1 1 0 0 0 0 1 0 1 1 0 1 2 0 2 1 0 0 1 0 2 0 2 2 0 0 1 0 2 1 1 2 0 0 2 0 0 0 0 1 0 1 0 0 3 0 0 0 0 1 0 0 1 0 2 1 1 0 1 0 0 0 2 0 0 1 2 0 1 0 0 0 2 2 0 0 1 0 1 1 2 0 0 0 2 1 1 0 1 0 1 1 3 0 2 2 0 0 2 1 0 2 0 1 1 0 1 1 0 1 2 2 0 0 1 0 0 1 2 0 2 1 0 0 1 0 1 2 0 0 1 1 2 0 2 1 2 0 1 0 1 1 0 0 1 1 0 0 3 0 1 1 1 1 1 0 2 1 3 0 1 0 0 0 1 0 1 2 0 0 2 1 3 0 2 2 0 1 1 2 0 1 0 1 0 0 2 0 2 0 1 0 3 0 2 1 0 0 1 1 3 0 1 1 2 2 0 1 1 1 3 0 3 0 1 0 0 0 0 0 0 1 0 1 0 0 0 0 1 2 0 1 0 0 0 0 1 0 0 1 0 0 2 1 0 0 2 1 1 0 1 1 2 1 2 0 2 0 0 0 2 1 0 1 3 0 2 1 2 0 2 1 2 2 0 2 0 0 0 1 0 1 1 2 0 0 3 0 0 0 2 1 0 0 2 0 3 0 1 1 1 0 3 0 1 0 3 0 0 0 1 0 2 1 3 0 1 0 1 1 0 0 2 1 2 0 2 2 0 1 0 2 0 0 1 2 0 0 3 0 3 0 2 2 0 0 0 2 0 0 3 0 0 1 3 0 2 0 0 1 3 0 2 0 2 1 2 0 1 1 1 0 0 2 0 2 0 0 1 1 1 0 0 0 1 1 0 0 3 0 1 0 0 1 2 1 0 0 1 0 2 0 2 1 2 0 2 1 3 0 3 0 2 1 1 1 2 2 0 1 0 0 0 2 0 1 2 0 2 0 1 0 0 0 1 2 0 1 0 0 2 2 0 0 0 0 1 1 2 0 1 2 0 0 0 1 3 0 0 0 1 1 0 0 0 1 0 2 0 1 0 0 1 0 3 0 2 0 2 1 0 2 0 0 1 0 0 2 0 1 2 1 2 0 1 1 1 1 2 1 0 0 3 0 1 0 0 2 0 2 0 2 0 2 0 1 1 0 2 1 0 1 2 0 3 0 3 0 3 0 3 0 0 0 2 1 1 1 2 1 0 1 1 2 0 0 2 0 1 1 1 1 2 1 1 1 3 0 2 1 0 0 0 1 0 1 3 0 1 1 1 1 0 0 0 0 1 1 2 0 1 0 0 1 1 1 1 1 1 0 0 1 1 2 0 0 0 2 0 0 3 0 1 1 0 2 0 1 3 0 2 2 0 1 2 2 0 1 0 0 2 0 2 1 2 1 1
0 665 1 1 2 1 2 1 1 0 2 0 0 2 0 1 2 0 0 0 1 0 1 2 0 1 0 0 0 1 1 2 0 0 0 1 2 1 1 0 2 2 0 0 0 0 2 0 3 0 0 1 0 0 1 1 0 0 2 1 1 0 2 0 2 1 2 1 1 2 0 0 2 2 0 1 1 0 0 2 0 2 0 1 2 1 1 0 0 2 0 0 2 1 1 1 2 0 2 0 0 1 0 1 2 0 3 0 2 0 0 1 2 0 2 1 2 0 3 0 3 0 0 1 1 1 2 0 2 1 0 0 2 0 2 0 3 0 0 1 1 2 0 0 1 0 3 0 0 1 1 0 2 1 2 0 1 1 0 0 1 1 0 0 2 1 0 0 2 2 0 0 0 0 1 2 0 1 3 0 2 2 0 0 2 2 0 1 2 2 0 1 3 0 1 1 2 0 1 1 3 0 0 0 2 1 0 0 3 0 1 0 2 0 2 1 0 0 2 1 3 0 3 0 3 0 0 0 0 2 0 0 3 0 1 1 0 1 0 0 2 0 0 0 1 1 0 0 2 1 2 0 2 1 3 0 0 0 0 0 0 2 0 2 0 0 0 1 0 0 3 0 2 1 0 0 2 0 0 2 0 1 1 1 0 1 1 1 2 1 0 0 1 0 0 0 0 1 1 1 1 1 1 1 2 0 2 0 0 0 2 0 1 1 0 1 2 1 1 0 0 0 2 1 3 0 1 1 1 1 1 1 0 1 1 0 2 2 0 1 2 1 2 2 0 0 2 1 1 0 2 1 2 0 1 1 3 0 2 2 0 1 2 0 0 0 2 1 0 0 0 1 2 2 0 0 3 0 2 0 3 0 2 0 2 1 1 1 3 0 1 1 2 1 2 0 0 1 2 1 2 0 1 0 1 2 0 2 0 1 2 0 1 2 0 1 2 1 3 0 1 0 0 0 2 2 0 1 2 1 3 0 1 1 0 1 0 0 2 1 1 0 2 0 0 0 2 0 2 0 3 0 1 2 0 0 1 0 3 0 2 1 1 2 0 1 0 0 0 1 3 0 0 1 0 0 3 0 3 0 1 0 2 1 0 1 0 0 0 0 0 0 2 1 1 1 1 1 1 0 2 2 0 0 1 0 0 1 3 0 2 1 2 1 3 0 1 0 1 1 1 1 2 1 2 0 1 2 0 1 0 2 0 2 0 2 0 0 0 1 0 1 2 1 3 0 1 2 0 2 0 2 0 2 0 0 1 1 1 1 1 1 0 0 3 0 3 0 3 0 2 1 1 1 1 2 0 0 0 1 1 0 2 1 2 2 0 2 0 2 0 0 0 2 0 0 2 0 1 1 0 0 1 0 0 1 1 2 0 1 2 2 0 0 0 0 3 0 3 0 2 0 1 0 2 0 2 0 1 0 1 0 2 1 2 1 1 1 3 0 1 2 0 1 1 2 0 1 2 0 2 1 0 1 1 0 3 0 3 0 0 0 2 0 0 1 2
1 666 1 0 0 1 0 0 1 2 1 0 1 2 2 0 0 3 0 0 0 2 1 0 0 3 0 2 1 1 0 2 1 2 1 1 1 0 1 2 1 2 0 2 1 0 1 1 0 2 1 1 2 0 0 2 2 0 1 1 1 2 1 1 0 2 0 0 2 0 0 3 0 1 1 0 0 1 0 1 2 0 2 0 1 0 1 2 0 1 1 3 0 0 2 0 0 0 0 0 1 2 0 0 1 0 0 3 0 0 1 2 1 0 0 2 0 0 0 3 0 2 1 2 0 2 1 0 0 1 1 0 1 1 0 1 0 2 1 2 0 2 1 2 1 2 1 2 1 2 0 1 1 1 2 0 2 0 1 0 0 2 2 0 1 1 1 0 1 2 0 2 1 0 1 0 1 0 1 2 0 2 0 3 0 1 1 0 1 1 1 0 1 2 0 0 0 0 0 0 0 1 1 1 1 1 1 0 1 2 2 0 0 1 0 1 1 0 1 2 0 2 0 3 0 2 1 1 0 1 1 3 0 1 2 0 1 0 2 0 1 0 1 1 0 2 2 0 1 2 0 0 0 2 0 1 1 1 0 0 0 1 2 0 1 2 1 0 2 0 1 3 0 1 1 0 1 0 1 2 2 0 0 2 0 0 0 2 1 0 1 0 0 2 0 0 0 1 0 2 0 2 0 2 1 0 0 0 1 1 1 0 2 0 1 1 1 0 1 2 0 0 1 2 0 1 2 0 1 3 0 2 0 0 0 1 1 2 1 0 1 1 0 1 0 3 0 0 1 2 1 2 0 0 0 0 0 2 0 2 1 0 0 3 0 0 1 1 1 0 0 1 1 1 0 3 0 2 0 1 0 3 0 1 0 1 2 0 0 2 0 0 0 0 2 0 1 2 1 0 2 0 2 0 0 0 1 0 2 0 1 0 0 0 1 0 1 1 0 1 1 3 0 0 1 2 1 0 1 1 0 1 2 0 1 0 2 0 1 1 1 2 1 0 1 1 1 1 0 1 0 3 0 0 0 2 1 2 1 3 0 1 2 0 0 3 0 2 1 1 1 1 1 1 2 0 1 3 0 2 2 0 0 1 1 0 2 0 0 0 0 0 1 1 1 3 0 2 0 1 1 2 0 2 1 2 0 1 1 2 0 2 0 1 0 1 1 3 0 3 0 2 1 1 0 0 0 0 1 0 0 0 2 0 2 0 1 2 1 1 0 0 1 1 0 2 0 0 1 0 2 0 2 0 1 2 1 3 0 2 0 1 2 0 1 3 0 3 0 3 0 1 1 3 0 2 1 2 1 1 0 1 1 2 0 1 1 0 2 0 1 2 1 1 1 2 2 0 2 0 1 0 0 2 0 1 0 2 2 0 1 1 0 2 1 0 1 3 0 3 0 0 2 0 0 1 0 0 1 3 0 2 1 2 0 0 2 0 0 2 0 0 1 0 0 2 2 0 1 0 0 1 1 1 0 1 1 3 0 2 1 1 1 0 1 2 1 0
1 666 2 0 0 2 0 1 1 0 1 1 1 1 0 3 0 1 1 1 1 1 1 0 1 3 0 1 1 2 1 2 0 0 1 3 0 0 1 1 0 0 0 1 1 1 0 1 1 1 2 0 0 3 0 1 1 0 0 2 1 0 1 2 1 0 1 2 1 3 0 1 2 0 1 0 0 2 1 0 1 0 2 0 0 0 1 0 0 0 0 1 1 2 1 2 1 0 0 1 0 3 0 0 2 0 1 2 1 2 1 0 1 0 1 0 1 1 1 3 0 2 0 0 0 1 1 0 0 3 0 0 0 1 0 2 1 2 0 0 0 2 0 1 0 1 0 0 2 0 2 0 2 0 1 0 1 3 0 3 0 1 1 0 0 2 0 0 1 0 0 1 1 1 0 0 0 0 1 0 0 1 0 2 2 0 1 1 0 2 0 0 0 3 0 0 0 0 0 0 0 3 0 2 0 2 0 0 1 1 0 2 1 2 0 3 0 0 1 0 0 1 0 3 0 1 1 2 1 0 0 2 0 0 1 0 0 0 2 0 0 0 0 1 1 2 1 0 0 3 0 0 1 0 2 0 1 2 0 0 1 0 1 0 1 0 1 1 2 0 1 1 2 0 1 1 0 0 1 1 0 2 2 0 1 1 1 1 1 0 2 0 1 0 1 1 0 2 1 1 0 1 0 1 1 0 0 1 0 2 0 0 2 0 0 2 0 0 0 3 0 1 1 0 0 0 1 0 1 2 0 0 1 1 1 0 0 0 1 1 0 1 0 2 1 2 1 2 1 0 2 0 1 1 0 0 1 1 0 1 1 0 1 2 1 2 0 1 2 0 0 3 0 1 1 3 0 0 2 0 0 2 2 0 0 0 0 2 2 0 1 1 0 1 2 0 1 0 1 1 2 0 1 2 1 1 0 0 1 3 0 2 1 1 0 0 0 1 1 0 0 1 1 2 1 0 1 1 0 1 1 0 1 0 0 0 2 0 0 2 1 0 1 1 0 2 0 1 0 2 1 2 1 1 1 2 0 1 0 2 0 0 0 3 0 2 0 1 1 3 0 2 0 2 2 0 1 2 0 2 0 2 1 3 0 0 1 2 1 0 0 1 0 2 1 2 0 1 0 0 0 0 0 2 0 0 0 0 0 0 0 0 2 0 0 0 0 2 0 3 0 1 1 2 0 0 0 0 2 0 0 1 2 0 2 0 1 0 1 2 0 1 0 1 1 0 1 2 0 0 2 0 2 0 1 1 0 2 0 1 0 0 1 0 1 2 0 3 0 3 0 0 0 2 0 2 0 0 1 2 0 3 0 3 0 3 0 0 2 0 1 0 2 0 0 1 1 0 1 3 0 2 2 0 2 0 0 2 1 0 0 1 1 1 1 1 1 2 0 2 1 2 1 2 1 2 0 1 1 2 0 1 2 0 1 2 1 2 2 0 1 1 2 0 1 2 0 3 0 2 1 3 0 1 1 0 0 2 0 1 1 3 0 0 1 0 1 0
1 667 1 1 2 2 0 2 0 1 1 0 2 0 1 1 2 2 0 1 3 0 2 0 0 1 2 0 0 0 0 2 0 1 2 1 1 1 2 0 1 0 0 0 3 0 1 0 3 0 2 1 3 0 1 2 0 1 0 1 1 1 1 1 0 1 1 1 1 0 2 0 0 0 3 0 3 0 0 1 1 0 0 1 2 1 0 2 0 0 0 1 0 0 1 0 0 1 0 0 2 1 2 1 2 2 0 1 1 0 0 1 1 0 0 0 0 0 2 1 2 0 0 1 1 0 2 2 0 1 2 1 1 0 2 1 1 2 0 1 1 1 0 1 3 0 2 0 1 2 0 2 0 2 0 0 0 1 2 0 2 2 0 1 0 1 0 1 1 2 0 0 3 0 1 0 0 0 0 2 0 0 2 1 2 1 0 0 1 1 0 1 1 1 2 1 1 0 0 0 0 1 3 0 1 0 0 1 2 0 1 1 2 0 0 0 2 1 1 2 0 0 2 1 3 0 0 0 0 1 0 1 0 1 1 2 0 0 1 1 2 1 0 1 0 0 0 1 0 1 2 1 2 0 0 2 0 0 3 0 1 0 0 0 0 0 0 0 2 2 0 0 2 2 0 0 1 0 1 0 1 1 2 1 0 0 2 0 2 0 0 2 0 0 0 0 1 1 1 1 2 0 2 0 2 2 0 0 2 1 0 1 2 1 2 2 0 1 1 1 2 2 0 1 0 0 1 0 0 0 3 0 1 0 1 2 0 0 1 0 1 0 2 1 2 0 1 0 0 1 1 2 0 0 1 0 1 0 1 0 3 0 0 1 1 0 0 0 0 0 3 0 2 0 0 0 1 1 2 1 3 0 1 0 2 1 0 1 2 1 0 0 1 1 0 1 0 0 0 0 2 2 0 1 0 1 2 0 1 1 2 0 1 1 2 0 0 0 2 2 0 1 0 0 0 1 1 0 1 0 2 2 0 2 0 0 1 1 3 0 0 1 1 0 1 1 0 2 0 0 2 0 0 1 3 0 3 0 2 1 0 1 1 1 3 0 1 0 0 0 2 0 1 0 2 1 0 1 0 0 1 0 2 0 1 1 2 1 0 1 0 0 2 1 1 2 0 1 3 0 0 0 0 1 0 1 1 0 0 0 0 0 1 1 2 1 0 1 1 0 2 2 0 2 0 1 1 0 1 1 2 2 0 1 0 2 0 0 0 0 3 0 2 0 3 0 0 0 3 0 1 2 0 2 0 0 1 1 0 1 3 0 1 0 0 1 0 0 3 0 2 1 1 1 1 0 0 1 2 1 0 0 3 0 3 0 2 1 2 2 0 0 0 1 2 1 3 0 0 1 2 0 2 1 0 1 3 0 0 1 0 0 3 0 2 0 2 1 0 0 2 0 1 0 1 0 0 0 0 0 0 0 0 1 0 1 1 0 1 1 0 0 2 2 0 1 0 0 3 0 2 0 1 2 0 1 0 1 1 0 0 0 1 1 1 2 0 2 0
0 668 1 0 0 1 1 0 2 0 0 1 1 1 0 0 0 1 1 0 1 2 0 0 1 2 0 3 0 0 0 1 2 0 1 0 1 3 0 3 0 2 0 0 1 2 2 0 0 3 0 2 0 2 0 0 1 0 0 0 0 2 0 2 0 0 0 2 0 1 1 0 1 1 1 3 0 2 1 2 0 1 0 1 1 0 1 1 1 2 1 0 2 0 0 2 0 0 2 0 1 2 0 1 0 1 1 0 0 1 0 1 0 1 0 0 0 0 1 1 2 0 1 2 0 1 1 2 1 0 1 0 1 2 1 1 2 0 1 0 0 2 0 0 1 2 0 1 0 0 1 0 2 0 1 2 1 1 1 0 0 2 1 0 0 0 0 0 0 2 1 3 0 1 1 3 0 0 0 1 1 3 0 1 0 0 1 0 0 3 0 0 0 2 1 0 1 2 0 0 0 1 1 1 1 3 0 1 0 3 0 3 0 3 0 0 1 1 2 0 0 3 0 1 0 1 1 1 0 1 0 0 0 0 0 2 1 2 2 0 0 0 1 0 2 0 0 1 0 0 1 0 2 0 1 2 1 3 0 1 1 3 0 0 0 0 0 0 1 2 0 3 0 1 0 2 1 2 0 2 1 0 0 0 1 0 1 1 0 0 1 2 1 2 1 0 0 3 0 2 1 0 0 1 0 2 0 3 0 0 1 1 1 1 0 1 1 0 0 2 1 1 0 3 0 2 1 2 0 0 1 2 2 0 0 0 0 2 1 2 0 2 1 1 2 0 1 3 0 1 0 2 1 2 1 2 0 2 0 2 1 2 1 2 0 1 0 0 0 0 1 3 0 0 1 1 1 0 0 1 0 1 2 0 0 1 1 1 1 0 1 0 0 2 2 0 2 0 0 0 1 2 1 0 0 0 0 3 0 3 0 3 0 3 0 3 0 0 1 2 0 3 0 2 1 1 0 1 0 2 1 2 1 0 1 2 2 0 0 1 1 2 0 1 0 3 0 0 1 2 2 0 1 2 1 2 0 3 0 1 1 1 0 2 1 1 1 3 0 0 1 0 2 0 0 1 1 0 2 0 0 2 1 1 0 0 0 0 1 0 2 0 1 1 2 0 1 0 1 1 1 1 0 1 0 0 0 1 0 0 0 0 1 0 0 0 1 1 0 1 1 2 1 0 2 0 0 1 1 0 0 1 1 0 0 0 1 2 1 0 1 3 0 1 0 2 1 1 1 3 0 0 1 0 1 2 1 3 0 0 1 1 1 3 0 0 2 0 1 3 0 1 1 3 0 1 0 1 1 0 1 0 1 3 0 3 0 2 0 1 0 2 1 1 1 1 0 1 1 2 1 0 0 1 1 1 1 1 1 1 2 0 1 3 0 1 0 1 1 0 1 0 1 3 0 2 0 0 0 0 0 0 0 1 0 0 0 1 0 2 2 0 1 2 0 3 0 3 0 2 0 1 0 0 1 0 0 0 0 1 0 0 0 3 0 2 2 0 1 2
1 668 2 0 0 3 0 0 1 2 1 3 0 1 0 0 0 3 0 0 0 3 0 1 1 0 0 2 1 1 1 0 1 0 0 0 1 2 0 3 0 0 1 2 1 1 0 3 0 2 0 1 0 0 1 1 2 0 0 0 1 1 0 0 1 1 1 0 2 0 1 1 0 2 1 2 0 1 2 0 1 3 0 3 0 0 0 2 1 0 1 1 1 2 2 0 1 2 2 0 0 3 0 2 0 2 2 0 0 2 0 2 0 2 0 0 0 1 0 2 2 0 1 0 0 0 0 0 1 1 0 0 1 0 2 0 0 3 0 2 2 0 1 2 0 3 0 2 0 1 0 0 2 0 1 0 1 2 2 0 1 1 1 0 0 0 0 0 1 2 0 2 0 0 0 1 1 1 1 0 0 1 1 3 0 0 2 0 1 2 1 1 1 1 1 1 0 3 0 0 0 3 0 2 1 1 2 0 0 3 0 3 0 2 1 2 0 2 1 3 0 1 1 3 0 3 0 1 0 2 0 0 0 0 1 2 0 1 0 2 1 1 0 0 1 2 1 2 0 1 0 0 2 0 1 1 0 2 0 0 0 1 1 1 0 0 0 1 1 0 0 2 2 0 0 2 0 0 0 1 1 0 0 1 0 0 0 1 0 1 1 1 0 0 1 0 1 3 0 1 1 0 0 2 1 1 0 2 1 2 0 2 0 1 0 2 2 0 1 1 1 2 1 3 0 1 2 0 1 2 1 1 0 2 1 0 1 2 0 0 0 1 2 0 1 0 1 1 2 0 0 2 0 1 0 0 0 1 0 2 0 0 2 0 1 3 0 0 0 1 1 1 1 2 0 1 2 0 0 2 1 0 0 2 1 3 0 1 2 0 2 0 1 2 1 0 1 2 1 1 1 0 1 0 0 0 1 3 0 3 0 3 0 3 0 2 1 2 1 0 0 3 0 1 1 2 0 2 1 2 0 0 1 1 1 1 0 2 1 3 0 3 0 2 1 2 1 2 1 1 1 0 1 1 0 0 0 2 2 0 1 2 1 1 2 0 0 1 1 2 0 0 1 2 1 3 0 0 1 3 0 0 1 2 0 0 0 1 0 0 2 0 0 2 2 0 0 0 0 2 0 1 0 2 0 0 0 2 0 0 0 0 2 0 0 1 0 1 1 0 0 0 1 1 1 2 1 2 2 0 0 2 2 0 0 1 1 0 1 1 1 1 2 0 0 1 2 0 0 1 1 2 0 0 1 1 0 1 1 2 0 2 1 1 1 2 2 0 1 2 0 0 0 1 1 3 0 3 0 0 0 0 1 2 0 3 0 0 2 0 0 1 1 3 0 1 1 0 0 0 1 0 0 3 0 2 0 2 0 2 2 0 1 1 1 3 0 3 0 0 0 0 1 2 0 0 1 1 0 0 0 0 0 2 0 0 0 2 1 2 1 0 1 0 0 3 0 3 0 0 1 3 0 0 2 0 0 0 0 2 0 0 1 3 0 2 1 0 1 0
1 669 1 1 3 0 1 1 2 1 1 0 1 1 3 0 0 1 2 1 1 1 2 2 0 1 0 1 1 1 2 2 0 2 0 0 1 1 0 0 2 1 2 1 0 1 2 1 3 0 0 1 3 0 1 0 2 1 2 1 1 0 1 0 1 0 2 0 0 2 0 0 1 1 2 0 0 0 0 1 0 1 2 0 2 1 1 1 1 1 1 0 2 1 1 1 0 1 1 0 3 0 2 0 1 0 2 0 3 0 0 0 1 0 0 1 1 0 2 1 2 0 3 0 2 1 0 0 1 0 1 0 1 0 0 1 3 0 2 0 2 1 0 1 0 0 3 0 0 1 3 0 1 2 0 0 0 1 1 1 0 0 1 2 0 0 0 0 1 1 0 0 0 1 1 0 3 0 1 2 0 1 0 0 1 1 2 2 0 1 0 1 3 0 2 0 1 1 2 1 1 1 3 0 1 2 0 0 3 0 2 0 3 0 2 0 0 0 2 0 2 0 0 0 2 0 2 2 0 0 0 1 1 0 1 0 3 0 2 1 1 1 2 0 1 1 0 2 0 1 3 0 1 2 0 0 1 1 0 1 1 0 3 0 1 0 0 0 2 2 0 1 2 0 2 2 0 1 1 0 2 2 0 0 2 0 0 0 2 0 3 0 1 0 1 0 0 1 1 2 0 1 0 1 1 1 2 1 2 0 0 0 0 2 0 0 2 1 0 0 2 1 1 0 2 0 0 1 0 1 0 1 2 1 1 1 1 0 3 0 0 1 0 1 0 0 0 0 2 1 2 2 0 1 3 0 0 0 2 1 0 1 2 2 0 1 1 1 1 0 3 0 2 1 0 0 0 0 3 0 0 1 0 1 2 0 2 0 0 1 0 2 0 1 0 1 1 1 0 1 2 2 0 2 0 0 1 1 2 0 3 0 3 0 3 0 2 0 0 1 0 1 3 0 0 0 0 0 1 2 0 1 2 0 2 0 1 1 2 0 2 0 3 0 2 0 1 0 0 1 3 0 0 0 1 0 0 1 2 1 0 1 0 2 0 0 2 1 3 0 3 0 1 1 1 0 1 1 2 1 1 1 2 0 3 0 0 0 2 0 1 1 3 0 1 0 2 1 0 1 0 2 0 0 0 1 1 1 0 1 1 0 1 1 2 1 2 0 2 2 0 0 1 0 2 1 1 0 1 0 3 0 1 0 2 1 3 0 0 0 2 0 2 1 2 2 0 0 2 1 3 0 3 0 1 0 1 1 0 0 0 0 1 2 0 0 1 1 0 0 3 0 0 1 0 0 2 0 2 1 1 0 1 1 0 0 2 1 2 1 2 2 0 0 1 2 0 1 0 0 0 2 0 1 3 0 1 0 1 0 2 1 0 0 2 1 2 0 2 1 1 0 1 0 3 0 1 0 1 0 0 0 0 1 0 1 1 1 2 0 0 1 0 2 0 1 3 0 2 1 2 1 1 1 2 1 2 1 0 1 0 1 2 1 2 0 1 1 0 2 0
0 670 1 0 0 2 0 0 0 0 1 2 1 0 0 1 1 2 1 0 2 0 0 1 1 0 0 0 0 2 1 1 1 0 1 2 1 2 2 0 1 2 0 0 1 1 1 1 0 1 1 2 1 1 2 0 0 2 0 0 1 2 0 2 0 2 1 0 1 2 1 2 1 3 0 3 0 0 0 1 0 0 1 0 0 1 1 3 0 2 0 1 1 1 1 3 0 0 0 1 1 3 0 0 2 0 0 1 0 2 1 1 0 2 0 1 0 1 1 2 0 0 0 3 0 1 1 0 0 2 0 2 0 2 0 1 1 2 0 1 0 1 1 0 2 0 1 2 1 2 1 2 0 0 0 2 1 1 0 1 2 0 1 0 0 2 1 0 0 2 2 0 0 1 0 1 1 3 0 0 0 3 0 2 2 0 0 1 1 0 0 0 1 2 0 1 0 0 0 0 2 0 0 2 0 0 0 3 0 2 0 1 0 3 0 0 1 1 1 1 0 0 1 1 1 1 0 2 0 2 1 1 0 1 0 2 1 3 0 1 1 3 0 3 0 3 0 0 2 0 1 2 0 0 0 2 1 3 0 0 0 1 1 2 1 3 0 0 1 2 1 0 1 0 0 2 1 0 0 1 1 2 0 2 2 0 1 1 1 1 0 2 1 3 0 2 0 1 0 2 2 0 0 0 0 2 1 0 2 0 1 1 0 1 1 3 0 0 1 0 1 1 1 2 1 0 1 2 0 0 0 0 1 0 1 3 0 1 1 2 1 1 2 0 2 0 0 0 1 2 0 1 1 0 1 1 1 1 1 1 1 1 1 1 1 0 0 2 0 1 1 3 0 1 1 0 0 0 1 2 1 2 0 0 1 0 0 0 1 2 0 0 2 0 0 0 0 2 0 0 1 1 1 0 1 2 2 0 0 0 0 3 0 3 0 3 0 0 1 2 0 0 1 1 1 1 0 0 1 0 1 0 1 0 0 1 0 0 0 0 0 1 0 3 0 0 1 3 0 1 1 1 1 1 0 2 0 1 1 0 1 1 0 0 1 3 0 1 0 2 0 2 2 0 1 2 1 0 0 0 2 0 0 0 0 2 1 1 1 1 0 0 0 1 2 0 0 1 1 1 0 0 1 2 1 1 0 2 0 0 0 1 1 0 0 1 0 0 0 2 0 2 1 2 1 1 1 2 0 2 1 2 2 0 0 2 0 1 1 1 1 1 0 2 0 1 0 3 0 1 0 2 0 2 1 3 0 2 2 0 0 0 1 0 0 2 1 2 2 0 1 2 1 1 2 0 1 1 0 1 1 2 0 2 2 0 1 2 0 1 0 1 0 2 2 0 0 3 0 2 1 1 2 0 1 1 1 3 0 2 1 1 1 0 1 2 0 0 0 1 1 2 0 2 1 2 1 3 0 2 0 0 0 1 0 0 0 2 0 3 0 1 0 0 2 0 1 2 0 2 0 0 2 0 0 1 0 0 1 1 0 0 1 0 2 0 2 0 1 1 1 2
1 670 2 0 1 0 1 1 0 1 1 0 1 0 1 0 0 0 1 1 1 2 1 2 2 0 0 0 1 1 1 3 0 0 1 1 0 1 1 0 0 3 0 1 0 2 0 1 1 0 0 0 2 0 0 2 2 0 1 2 1 0 0 1 0 1 1 1 1 1 0 1 0 2 0 2 1 1 0 2 0 0 2 0 1 0 0 2 0 0 2 0 2 0 0 1 1 1 1 0 0 1 1 2 1 2 1 2 1 1 1 2 1 0 1 3 0 3 0 3 0 0 1 2 2 0 1 0 1 1 0 1 0 0 2 0 2 0 1 3 0 3 0 0 2 0 1 1 0 0 2 0 1 1 1 1 1 2 1 0 0 3 0 3 0 0 1 0 1 2 0 2 1 2 1 0 0 1 1 1 1 3 0 2 0 2 1 2 2 0 0 1 0 3 0 2 0 0 0 1 1 2 2 0 1 1 1 3 0 0 2 0 0 2 1 2 0 2 0 1 0 1 0 2 0 1 1 1 0 1 1 2 0 2 1 2 0 2 0 0 0 2 0 3 0 2 1 2 2 0 0 3 0 0 1 2 0 1 1 1 1 0 0 1 0 1 1 2 1 0 1 0 2 0 1 1 1 0 1 0 0 0 0 2 1 0 0 2 0 1 1 2 0 2 0 0 2 0 0 2 0 2 1 0 1 1 1 1 2 0 0 1 1 0 0 1 1 2 0 0 0 2 1 0 1 1 0 3 0 0 0 1 0 0 1 2 0 0 0 0 2 0 1 0 1 2 1 1 0 3 0 3 0 0 0 2 0 2 0 2 0 2 0 1 2 0 1 1 0 0 0 1 2 0 1 0 0 1 1 0 2 0 1 1 2 0 0 1 0 3 0 1 1 2 1 0 1 0 1 2 0 2 0 0 1 1 0 2 1 0 1 3 0 3 0 2 1 2 0 3 0 1 0 2 0 1 0 0 2 0 2 0 2 0 0 2 0 0 0 0 0 2 1 2 1 2 1 1 2 0 1 3 0 1 1 0 2 0 1 1 0 1 0 1 1 1 2 0 0 1 0 2 1 0 1 0 1 0 0 1 1 2 1 0 1 1 1 3 0 1 0 0 1 0 0 2 1 3 0 1 0 1 1 0 1 2 1 0 1 1 0 2 2 0 0 2 0 0 1 1 0 2 0 0 2 0 0 0 0 2 0 1 0 2 2 0 2 0 1 3 0 1 1 0 2 0 0 2 2 0 0 1 0 2 0 2 0 2 0 2 1 0 2 0 1 2 0 1 1 0 1 0 2 0 1 0 0 1 1 0 0 0 0 2 1 0 0 3 0 2 0 2 1 2 0 3 0 2 0 1 2 0 1 0 0 2 1 2 0 1 1 3 0 0 0 3 0 0 1 0 0 0 0 2 0 1 0 2 0 0 1 1 0 2 0 0 1 1 0 2 1 3 0 1 2 0 1 0 0 0 1 2 1 2 1 2 0 1 0 1 0 1 0 0 2 0 2 0 0 2 1 0
1 671 1 2 0 0 0 0 1 0 2 2 0 2 0 2 0 0 1 0 2 1 1 0 1 0 2 1 1 0 2 1 1 1 2 0 1 0 2 2 0 1 2 2 0 0 0 2 0 1 0 0 1 1 3 0 1 1 0 1 0 1 0 0 2 0 3 0 2 0 1 0 2 1 1 0 1 1 2 1 0 1 2 1 3 0 2 2 0 1 2 2 0 1 2 1 3 0 1 2 0 1 0 0 1 0 1 0 0 2 0 0 0 1 1 1 2 0 3 0 2 1 2 1 1 1 0 0 0 0 1 0 2 0 1 2 0 2 0 1 2 0 2 1 2 2 0 0 1 0 1 2 0 0 2 0 2 1 0 1 0 1 3 0 2 1 2 0 0 1 0 0 2 0 0 1 0 0 3 0 2 1 2 0 1 0 2 0 1 0 2 1 2 1 3 0 0 1 1 1 0 0 1 1 0 0 2 1 1 1 2 1 3 0 1 0 0 0 0 1 3 0 2 1 0 2 0 1 2 1 0 0 0 0 2 0 0 0 0 1 1 1 1 0 3 0 2 0 1 0 3 0 1 1 2 0 3 0 3 0 1 2 0 0 2 1 0 0 0 1 1 0 0 2 0 0 1 2 0 2 0 0 0 1 1 1 0 1 1 0 0 0 0 0 0 1 2 1 3 0 0 0 1 1 1 0 2 0 2 1 2 1 2 2 0 0 3 0 3 0 0 1 1 1 1 0 1 1 2 1 1 0 2 0 1 0 3 0 0 0 1 2 0 0 0 1 0 1 2 1 3 0 2 1 1 1 1 0 1 0 1 0 1 0 0 1 0 0 1 0 0 1 0 0 3 0 2 1 3 0 0 2 0 0 2 1 2 1 2 1 3 0 0 0 0 1 1 0 0 1 0 0 0 1 2 0 1 1 1 1 1 1 2 0 3 0 2 0 0 0 2 2 0 0 0 1 3 0 1 2 0 2 0 1 2 2 0 1 1 0 0 1 2 0 1 0 0 2 0 1 0 1 1 2 0 1 1 2 0 0 1 0 2 0 3 0 2 1 2 1 2 1 1 1 0 2 0 2 0 1 0 0 0 1 1 0 2 1 1 1 3 0 0 2 0 1 2 0 1 1 3 0 3 0 0 1 0 1 1 0 1 1 2 0 2 2 0 1 2 0 1 1 0 1 2 1 2 1 0 1 0 2 0 0 2 1 0 2 0 1 1 2 0 1 1 1 3 0 1 0 2 1 2 1 1 0 1 0 1 0 1 1 1 2 0 0 3 0 3 0 0 0 0 1 3 0 2 1 2 2 0 0 0 1 1 1 0 1 3 0 1 0 2 0 0 0 3 0 1 0 0 0 3 0 3 0 1 0 0 0 0 0 1 1 1 1 2 1 1 2 0 0 0 1 0 2 0 0 0 1 2 0 1 1 0 1 2 0 1 1 2 0 2 0 0 0 3 0 2 1 1 1 1 0 0 2 0 1 3 0 2 0 2 0 1 2 0 1 3 0 0 1 0
1 672 1 0 0 2 1 0 0 2 1 2 1 0 2 0 1 2 1 2 1 1 1 2 0 2 1 1 1 2 1 1 1 3 0 3 0 2 1 2 1 0 1 1 0 2 1 1 1 3 0 2 2 0 0 1 2 0 1 0 2 0 2 0 1 1 0 3 0 0 2 0 0 1 1 2 1 0 0 0 1 1 1 1 0 2 0 2 1 0 1 1 1 0 1 1 0 2 0 0 0 3 0 2 1 2 0 2 0 1 1 2 1 1 0 2 1 0 0 3 0 2 0 0 1 2 2 0 0 0 0 2 1 1 0 0 1 0 2 0 1 0 0 2 0 1 0 2 1 2 1 0 0 3 0 0 0 1 1 1 0 0 1 2 0 1 2 0 1 1 2 0 1 0 1 1 2 0 1 3 0 1 2 0 2 0 0 0 2 0 0 2 0 1 0 1 1 2 0 1 2 0 0 2 2 0 1 1 2 0 0 1 0 1 1 3 0 0 0 1 1 2 0 1 1 1 2 0 1 0 1 0 0 0 1 0 1 1 0 1 0 2 0 1 1 3 0 0 2 0 0 3 0 0 0 0 0 3 0 3 0 0 0 3 0 0 1 0 0 1 0 1 0 1 1 2 2 0 1 0 1 2 1 1 0 2 0 0 0 1 0 0 0 0 0 1 1 1 0 1 1 1 0 3 0 1 1 1 0 2 0 1 0 1 0 3 0 2 0 2 1 2 0 2 0 1 1 0 0 0 1 2 1 0 2 0 0 2 1 1 1 0 0 2 1 1 0 0 1 1 0 2 0 1 1 3 0 1 0 2 0 2 0 2 0 0 2 0 0 2 0 0 2 0 1 3 0 2 0 1 1 2 1 3 0 1 0 1 0 1 0 1 1 1 0 1 0 1 0 0 2 0 0 1 0 3 0 3 0 2 0 2 1 0 0 3 0 0 1 1 1 2 0 2 1 1 1 2 0 0 1 0 2 0 1 1 1 0 0 1 0 1 0 3 0 2 0 1 2 0 0 0 0 2 2 0 0 2 1 2 1 2 1 1 0 3 0 2 0 1 0 0 1 3 0 0 2 0 1 3 0 2 1 1 0 1 1 1 2 0 0 1 1 2 2 0 1 0 0 0 0 2 0 2 1 2 0 0 0 1 1 0 0 0 0 2 1 0 0 3 0 3 0 0 1 1 0 0 1 1 0 0 1 3 0 0 1 1 2 0 0 2 2 0 0 2 1 1 2 0 0 2 0 0 1 2 0 2 0 2 0 3 0 2 1 3 0 2 0 2 1 1 0 1 1 2 0 2 0 1 0 2 1 1 0 2 0 0 1 1 2 0 0 0 1 1 1 2 1 3 0 0 1 3 0 2 1 3 0 0 0 0 0 3 0 2 1 0 2 0 0 2 1 1 0 0 1 2 1 1 0 3 0 3 0 0 1 0 0 0 0 0 0 0 1 1 1 3 0 1 1 3 0 1 0 1 2 0 1 2 0 1 0 1 0 0 1 0 1 1 1 1 2 0
