1000 4
0 1 0
0 1 1
1 1 2
0 3 1 0 0
0 3 2 0 0
0 4 1 0 0 1
0 5 1 0 3 0 1
1 5 3 0 1 1 0
1 7 1 0 1 1 0 1 0
1 7 2 1 0 0 0 0 2
0 9 1 0 0 1 0 0 1 0 0
0 9 2 0 1 0 3 0 1 0 0
0 10 1 0 1 0 0 2 0 3 0 0
0 11 1 1 0 1 0 0 0 0 2 0 1
1 12 1 0 0 0 0 2 1 0 1 0 1 0
0 13 1 0 3 0 0 0 1 0 0 1 0 0 2
1 13 3 0 1 0 1 0 2 0 1 1 0 0 0
1 15 1 0 1 0 3 0 2 1 0 1 0 1 0 0 0
1 15 2 0 3 0 2 0 2 0 0 1 0 0 2 1 0
1 17 1 0 0 0 3 0 1 0 0 0 2 1 0 0 0 1 0
1 17 2 0 1 0 1 0 3 0 1 0 0 1 0 0 1 0 2
0 18 1 0 0 3 0 3 0 1 0 3 0 1 0 3 0 2 0 0
0 19 1 1 0 0 2 0 2 1 0 0 2 1 0 0 3 0 0 0 1
1 20 1 0 0 0 0 0 0 2 0 0 0 1 0 0 0 1 0 1 0 2
0 21 1 0 2 1 0 0 0 1 0 0 1 0 2 0 0 0 2 0 3 0 0
0 21 3 0 0 1 0 0 1 0 3 0 1 1 0 0 2 0 0 0 2 0 1
1 23 1 0 1 0 2 0 3 0 2 0 1 1 0 1 0 1 0 0 1 1 0 1 0
1 23 2 0 3 0 0 0 3 0 1 0 0 0 0 1 0 0 3 0 2 1 0 0 2
0 25 1 0 0 0 2 0 2 0 1 0 3 0 0 0 1 1 0 0 2 0 2 0 0 0 0
0 25 2 0 1 0 0 0 0 1 0 0 2 0 1 1 0 0 0 0 0 0 0 0 1 0 0
0 26 1 0 0 3 0 0 0 1 0 3 0 3 0 3 0 2 1 0 0 0 0 0 0 2 0 0
0 27 1 1 0 0 1 0 1 0 3 0 2 0 3 0 3 0 1 1 0 0 0 0 0 1 0 0 1
0 27 3 0 3 0 1 0 3 0 2 0 1 0 3 0 2 1 0 1 0 0 0 0 1 0 3 0 1
1 29 1 0 2 0 2 1 0 0 3 0 0 1 0 0 3 0 2 0 0 0 2 1 0 0 3 0 1 1 0
1 29 3 0 0 0 2 0 0 0 1 0 2 1 0 0 2 0 0 0 2 0 1 0 0 0 1 1 0 1 0
1 31 1 0 1 0 1 1 0 0 1 0 3 0 0 1 0 1 0 0 1 1 0 0 3 0 0 1 0 0 0 0 2
0 31 2 0 2 0 3 0 3 0 2 0 1 0 2 1 0 0 3 0 2 1 0 0 1 0 2 0 3 0 0 0 0
0 33 1 0 0 0 1 0 3 0 3 0 0 1 0 0 2 0 0 0 2 0 1 1 0 0 3 0 0 0 2 0 1 0 0
0 33 2 0 0 0 3 0 2 0 2 0 2 0 3 0 3 0 1 0 0 0 0 0 0 0 1 0 1 1 0 0 3 0 0
0 34 1 0 0 2 0 2 0 1 0 1 0 1 0 3 0 2 0 3 0 0 0 0 0 0 0 2 1 0 0 0 0 1 0 1
1 35 1 1 0 0 0 0 0 0 3 0 2 0 3 0 2 0 1 0 2 0 1 0 0 0 1 0 0 1 0 0 0 0 2 0 2
0 35 3 0 2 1 0 0 1 0 2 0 1 0 3 0 0 1 0 0 0 0 3 0 0 0 2 0 1 0 3 0 0 0 0 0 1
1 37 1 0 2 0 1 1 0 0 2 1 0 1 0 0 2 0 2 0 3 0 0 0 1 0 1 1 0 1 0 0 2 0 1 0 0 0 2
0 37 3 0 0 0 0 0 0 0 1 0 0 1 0 0 0 0 1 0 2 0 1 0 2 1 0 0 0 0 3 0 3 0 2 0 1 0 0
0 39 1 0 1 0 1 0 0 0 0 0 2 0 1 0 2 1 0 0 2 1 0 1 0 0 1 1 0 0 1 0 2 0 3 0 0 0 3 0 0
0 39 2 0 2 0 2 0 0 0 0 1 0 1 0 0 2 0 0 0 1 0 0 0 3 0 2 0 3 0 2 0 0 0 2 0 2 0 1 0 1
1 41 1 0 0 0 1 0 0 0 1 0 1 1 0 0 3 0 3 0 0 0 2 0 1 0 2 0 1 0 3 0 0 0 2 0 0 0 0 0 3 0 2
0 41 2 0 0 0 2 0 0 0 2 1 0 0 0 0 2 0 2 0 1 1 0 1 0 0 0 1 0 0 2 0 1 1 0 0 1 0 1 0 2 0 1
1 42 1 0 0 1 1 0 0 2 0 0 1 0 0 1 0 0 0 1 0 0 0 0 0 3 0 0 0 3 0 3 0 3 0 3 0 1 0 2 1 0 1 0
1 43 1 0 3 0 2 0 3 0 3 0 1 0 3 0 1 0 0 0 2 0 0 0 1 0 1 0 2 0 2 0 3 0 3 0 2 1 0 0 2 0 0 0 2
0 43 3 0 2 0 1 0 3 0 2 1 0 0 2 0 3 0 0 1 0 0 1 0 2 0 3 0 0 0 1 0 3 0 3 0 1 1 0 1 0 0 2 0 0
0 45 1 0 2 0 0 1 0 0 3 0 2 0 0 0 0 0 2 0 2 0 3 0 2 0 0 0 2 0 1 0 3 0 2 0 3 0 0 0 0 0 3 0 3 0 0
0 45 2 1 0 0 2 1 0 0 2 0 0 0 1 0 1 0 0 0 1 0 3 0 0 0 1 1 0 1 0 0 3 0 1 0 2 0 1 0 1 0 2 0 2 0 1
1 47 1 0 1 0 0 0 0 1 0 1 0 0 1 0 2 0 2 0 0 0 3 0 1 0 1 1 0 0 0 1 0 0 1 1 0 0 0 0 3 0 3 0 0 0 0 1 0
1 47 2 0 2 0 0 0 1 1 0 0 3 0 2 0 0 0 0 0 2 0 1 0 3 0 3 0 3 0 0 0 3 0 2 0 3 0 0 0 2 0 2 0 1 0 1 0 2
0 49 1 0 0 0 0 0 1 1 0 0 0 0 2 0 0 0 1 0 0 1 0 1 0 0 3 0 3 0 2 0 2 0 2 0 1 0 2 0 2 0 0 0 0 0 3 0 3 0 0
0 49 2 0 0 0 0 0 3 0 2 1 0 1 0 0 1 0 2 0 1 1 0 1 0 0 2 0 3 0 1 0 1 0 0 1 0 0 1 0 0 0 1 0 1 0 2 0 2 0 1
1 50 1 0 0 1 0 1 0 2 0 2 0 0 0 3 0 2 0 0 0 0 0 0 1 0 0 0 0 2 0 3 0 2 0 1 0 3 0 1 0 0 0 2 0 3 0 0 0 0 1 0
1 51 1 0 3 0 1 0 3 0 0 0 0 0 2 0 2 0 0 0 1 0 0 0 1 0 3 0 0 0 0 0 3 0 0 1 0 0 2 0 3 0 1 0 0 0 2 0 1 0 1 0 2
0 51 3 0 1 1 0 0 2 0 1 0 1 0 0 0 0 0 1 0 2 0 0 0 3 0 1 0 1 0 1 0 1 0 2 1 0 0 0 0 2 0 3 0 0 1 0 0 3 0 3 0 0
0 53 1 0 1 1 0 1 0 1 0 0 3 0 2 0 0 0 0 0 2 1 0 0 2 0 1 0 3 0 2 0 2 0 3 0 0 1 0 0 1 0 0 0 2 0 2 1 0 0 2 0 2 0 1
1 53 2 1 0 0 0 1 0 1 0 0 2 0 0 0 1 0 1 0 0 1 0 1 0 1 0 0 3 0 1 0 1 0 2 0 2 0 3 0 1 0 1 0 0 0 2 0 0 0 0 0 0 1 0
1 55 1 0 0 1 0 0 1 1 0 0 3 0 3 0 0 0 2 0 2 0 1 1 0 1 0 1 0 0 1 0 3 0 3 0 0 0 1 0 2 0 3 0 2 0 0 1 0 0 1 0 0 0 1 0 2
0 55 2 0 1 0 3 0 2 1 0 0 2 0 2 0 2 0 0 0 1 0 0 0 0 1 0 0 3 0 2 0 2 0 2 0 1 0 3 0 0 0 3 0 0 0 2 0 3 0 1 0 0 0 3 0 0
0 56 1 0 1 0 0 3 0 2 0 0 0 0 0 1 0 0 0 1 0 2 0 0 0 1 1 0 0 2 0 1 0 1 0 0 1 0 0 2 0 2 0 1 0 2 0 0 0 2 0 3 0 1 0 1 0 1
1 57 1 1 0 1 0 0 2 0 0 0 1 0 0 0 2 0 0 0 2 1 0 0 1 0 3 0 3 0 3 0 2 0 2 0 1 1 0 0 0 0 0 1 0 0 0 0 2 0 0 0 2 0 3 0 2 0 2
0 58 1 0 0 0 0 3 0 3 0 0 0 2 0 0 1 0 0 2 0 0 1 0 0 3 0 2 0 3 0 3 0 1 0 0 1 0 1 0 0 0 0 1 0 2 1 0 1 0 0 2 0 0 0 3 0 1 0 1
1 59 1 0 3 0 0 0 2 0 2 0 1 1 0 0 2 0 3 0 3 0 1 1 0 0 2 0 1 0 3 0 2 0 3 0 1 1 0 0 2 1 0 0 3 0 1 0 0 0 3 0 3 0 1 0 1 0 3 0 2
0 59 3 0 1 0 2 0 0 0 1 0 0 0 0 0 0 0 3 0 2 1 0 1 0 1 0 1 0 0 3 0 1 0 3 0 0 0 0 0 1 0 0 0 1 0 3 0 1 0 2 0 2 0 3 0 3 0 2 0 1
1 61 1 0 1 1 0 0 0 0 1 0 2 0 0 0 0 0 1 0 2 0 2 0 0 1 0 1 0 1 0 0 1 1 0 0 2 0 1 0 0 0 2 0 0 0 3 0 1 1 0 0 1 0 1 0 3 0 3 0 0 1 0
1 61 2 0 3 0 2 1 0 0 2 1 0 0 1 0 0 0 3 0 0 0 0 0 2 1 0 1 0 0 3 0 2 0 3 0 3 0 2 0 0 1 0 0 2 0 1 1 0 1 0 0 2 0 3 0 2 0 2 0 2 0 2
0 63 1 0 0 0 3 0 2 0 0 0 0 1 0 0 2 0 1 0 1 0 1 0 1 0 1 0 0 1 0 0 2 0 1 0 3 0 3 0 0 0 2 1 0 0 0 0 0 0 0 1 0 0 0 0 3 0 1 0 1 0 1 0 1
1 63 2 0 1 0 2 0 0 0 1 0 1 0 3 0 3 0 2 0 2 0 2 0 2 0 2 0 1 0 3 0 3 0 3 0 2 0 2 0 2 0 0 1 0 0 0 0 0 0 1 0 3 0 0 0 1 0 3 0 2 0 2 0 2
0 64 1 0 1 0 0 0 0 1 0 2 0 3 0 2 0 3 0 1 0 1 0 1 0 1 0 0 1 0 0 3 0 3 0 3 0 1 0 1 0 0 0 2 0 2 1 0 0 0 0 3 0 1 0 1 0 3 0 2 0 1 0 1 0 1
1 65 1 1 0 0 2 1 0 0 3 0 0 0 3 0 1 0 2 0 3 0 2 0 2 0 2 0 1 1 0 0 2 0 3 0 2 0 3 0 2 0 1 0 0 0 1 1 0 0 1 0 1 0 3 0 3 0 2 0 0 0 3 0 2 0 2
0 66 1 0 0 0 0 1 0 0 0 1 0 2 0 1 1 0 0 1 0 3 0 1 0 1 0 1 0 0 0 0 0 0 0 3 0 1 0 3 0 0 0 3 0 0 0 3 0 3 0 1 0 3 0 2 0 3 0 0 0 2 0 2 0 1 0 1
1 67 1 0 2 1 0 0 2 0 0 0 2 1 0 1 0 1 0 0 3 0 1 0 3 0 2 0 2 0 0 0 0 0 1 0 1 1 0 0 2 0 2 0 1 0 2 0 2 0 2 1 0 0 3 0 1 0 2 0 2 0 0 0 0 0 3 0 2
0 67 3 0 0 1 0 1 0 0 2 0 1 0 0 1 0 1 0 0 1 1 0 0 3 0 1 0 0 0 1 0 0 0 2 1 0 0 0 0 0 0 0 1 0 0 1 0 1 0 2 0 0 0 1 1 0 0 1 0 0 0 1 0 1 0 2 0 1
1 69 1 0 1 0 2 1 0 0 3 0 3 0 2 0 1 1 0 0 3 0 2 1 0 0 1 0 3 0 0 0 2 0 1 0 0 1 0 0 0 0 0 0 1 0 3 0 1 0 2 1 0 0 1 0 3 0 3 0 1 0 0 0 2 0 2 1 0 1 0
1 69 2 0 3 0 1 0 0 0 2 0 3 0 1 0 0 0 0 0 2 0 1 1 0 0 3 0 1 0 1 1 0 0 3 0 1 0 2 1 0 0 0 0 3 0 1 1 0 0 1 1 0 0 3 0 2 0 2 0 3 0 1 0 0 0 2 0 0 0 2
0 71 1 0 0 0 2 0 3 0 1 0 0 0 2 0 3 0 0 0 1 0 0 0 0 0 0 0 1 1 0 0 0 0 0 0 1 1 0 0 1 1 0 0 1 0 1 1 0 1 0 1 0 0 0 0 2 0 1 0 1 0 2 0 3 0 0 1 0 0 2 0 0
0 71 2 0 1 0 0 0 2 0 3 0 1 0 0 0 2 0 1 0 2 0 0 0 0 0 0 0 3 0 2 1 0 0 0 0 3 0 3 0 2 0 3 0 1 1 0 0 0 1 0 0 2 1 0 1 0 0 3 0 3 0 0 0 2 0 2 0 3 0 3 0 0
0 72 1 0 0 3 0 1 0 0 0 2 0 3 0 0 1 0 1 0 0 0 0 1 0 0 0 1 0 2 0 1 1 0 0 1 0 2 0 3 0 1 0 2 1 0 1 0 0 1 1 0 0 1 0 0 1 0 0 2 0 2 0 2 0 0 0 1 0 3 0 2 0 1
1 73 1 1 0 0 1 0 3 0 1 0 0 0 2 0 2 1 0 0 2 1 0 0 2 0 0 0 2 1 0 1 0 1 0 0 3 0 0 0 2 1 0 0 2 0 0 0 3 0 2 0 3 0 1 0 1 1 0 0 0 0 1 0 0 0 1 0 3 0 2 0 0 1 0
1 73 3 0 3 0 2 0 1 0 3 0 1 0 0 0 2 0 0 0 0 1 0 1 0 0 2 0 1 0 0 1 0 1 0 0 1 0 2 0 0 1 0 1 0 0 2 0 2 0 1 0 2 0 3 0 3 0 2 1 0 0 2 0 0 0 3 0 2 0 0 0 2 0 2
0 75 1 0 2 0 3 0 0 1 0 0 2 0 3 0 0 1 0 0 1 0 1 1 0 0 3 0 3 0 2 0 1 1 0 0 3 0 1 1 0 0 2 1 0 1 0 0 0 0 0 1 0 0 1 0 3 0 3 0 1 1 0 1 0 0 2 0 2 0 0 0 2 0 0 0 1
1 75 3 0 0 0 2 0 2 1 0 0 0 0 2 0 2 0 3 0 1 1 0 0 0 0 2 0 3 0 1 0 0 0 0 0 2 0 0 0 0 0 1 0 0 0 2 1 0 0 1 0 3 0 2 0 2 0 3 0 0 0 0 1 0 0 0 0 0 0 1 1 0 0 1 0 2
0 77 1 0 1 0 2 0 0 0 1 1 0 0 1 0 0 0 1 0 2 1 0 1 0 0 1 0 0 0 2 0 3 0 0 0 0 1 0 0 1 0 0 0 2 0 1 0 0 1 0 0 3 0 2 0 1 0 1 0 2 0 1 0 1 0 2 1 0 0 0 0 3 0 3 0 2 0 0
0 77 2 0 2 1 0 0 1 0 3 0 3 0 1 0 0 0 3 0 1 0 0 0 3 0 1 0 1 0 0 0 2 0 1 0 1 0 3 0 1 0 0 1 0 0 3 0 1 1 0 0 2 0 0 0 3 0 2 1 0 0 3 0 3 0 0 1 0 0 1 0 2 0 3 0 0 0 1
1 79 1 0 0 0 1 1 0 0 3 0 2 0 2 0 3 0 1 0 1 0 3 0 1 0 1 0 3 0 2 0 0 1 0 0 3 0 3 0 1 0 3 0 1 1 0 0 1 1 0 1 0 1 0 0 2 0 2 0 2 0 0 0 2 0 2 0 2 0 3 0 2 0 0 0 2 0 1 0 2
0 79 2 0 0 1 0 0 0 0 2 0 1 0 1 0 2 0 3 0 3 0 1 0 3 0 3 0 2 0 0 0 2 1 0 0 2 0 2 1 0 0 2 1 0 1 0 1 0 0 0 1 0 1 0 0 0 0 1 0 0 0 2 0 0 0 1 0 1 0 3 0 0 0 1 1 0 1 0 0 1
0 80 1 0 0 2 0 2 1 0 1 0 0 3 0 3 0 0 0 3 0 2 1 0 0 3 0 3 0 0 0 2 0 1 0 0 0 0 0 2 0 0 0 1 0 0 1 0 0 3 0 0 1 0 0 2 1 0 0 2 0 0 1 0 0 1 0 2 0 3 0 1 0 1 1 0 0 0 0 3 0 1
1 81 1 1 0 0 0 0 2 0 0 1 0 0 2 0 2 0 2 0 2 0 2 0 0 0 2 0 2 0 1 1 0 0 3 0 0 0 0 1 0 0 1 0 2 0 1 1 0 0 1 0 2 1 0 0 0 1 0 1 0 0 2 0 3 0 2 0 0 0 2 0 3 0 3 0 3 0 0 0 1 1 0
1 81 3 0 2 1 0 1 0 0 2 1 0 0 0 0 1 0 1 0 1 0 0 0 2 0 0 0 1 0 0 0 0 0 1 0 1 0 1 0 3 0 1 1 0 1 0 1 0 0 3 0 0 1 0 0 1 1 0 1 0 0 0 0 3 0 0 0 2 0 0 0 3 0 3 0 2 0 1 0 3 0 2
0 83 1 0 2 0 2 0 0 1 0 0 0 1 0 0 0 0 2 0 2 0 2 0 0 1 0 0 1 0 2 0 0 0 0 0 2 0 2 0 3 0 2 0 0 0 0 1 0 1 0 0 1 0 2 0 3 0 2 1 0 0 3 0 0 0 1 0 1 1 0 0 2 0 2 0 3 0 0 1 0 0 3 0 1
1 83 3 0 0 0 0 0 2 0 3 0 0 0 3 0 0 0 0 0 1 0 0 0 2 0 3 0 1 1 0 0 1 0 1 0 0 0 1 0 3 0 0 0 1 0 1 1 0 0 3 0 2 0 0 0 3 0 2 0 0 0 1 0 1 0 2 1 0 0 0 0 0 0 1 0 2 0 2 1 0 0 1 1 0
1 85 1 0 1 0 1 0 1 0 0 0 2 0 2 0 1 0 1 0 0 0 2 0 1 0 0 0 2 1 0 1 0 0 2 0 2 0 0 0 3 0 1 0 1 0 2 1 0 0 0 0 2 0 0 0 2 0 2 0 0 0 1 0 2 0 3 0 0 1 0 0 0 0 0 0 3 0 0 0 1 1 0 0 3 0 2
0 85 2 0 2 0 2 0 2 0 1 0 0 0 0 0 3 0 2 0 0 1 0 0 3 0 1 0 1 0 0 1 0 0 0 0 0 0 2 0 1 0 3 0 3 0 0 1 0 0 0 1 0 0 2 0 0 0 0 0 1 0 3 0 0 0 2 0 2 0 2 1 0 0 1 0 1 0 1 1 0 0 0 0 2 0 1
1 87 1 0 0 0 1 0 1 0 0 0 3 0 0 0 1 0 2 0 0 0 2 1 0 0 1 0 3 0 2 0 1 0 2 1 0 0 0 1 0 1 0 0 3 0 2 0 2 0 3 0 0 0 3 0 3 0 0 0 0 0 3 0 1 0 2 0 0 0 1 0 1 1 0 0 2 0 2 0 3 0 2 1 0 1 0 1 0
0 87 2 0 0 0 2 0 2 0 1 0 1 0 1 0 2 1 0 0 2 0 0 1 0 0 3 0 2 0 0 1 0 0 1 1 0 0 1 1 0 1 0 0 2 0 1 0 1 0 2 0 2 0 2 0 2 0 1 0 1 0 1 1 0 0 0 0 1 0 2 1 0 0 0 0 0 0 1 0 3 0 2 0 0 1 0 0 2
1 88 1 0 0 2 0 0 0 0 0 3 0 2 0 3 0 0 1 0 1 0 0 2 1 0 0 2 0 0 0 2 0 3 0 2 0 3 0 2 1 0 0 3 0 3 0 2 0 3 0 0 0 1 0 1 0 0 0 3 0 2 0 3 0 2 1 0 0 3 0 0 1 0 0 0 0 0 0 3 0 2 0 0 0 2 1 0 0 0
1 89 1 0 3 0 3 0 0 0 1 0 2 0 1 0 2 0 2 1 0 1 0 0 0 1 0 1 0 0 2 0 0 0 3 0 1 0 3 0 2 0 0 0 2 0 3 0 1 0 2 0 1 0 2 0 2 0 1 0 2 0 1 0 3 0 2 0 0 0 1 0 2 0 2 1 0 0 1 0 2 0 0 0 2 0 0 1 0 0 0
1 89 3 0 2 0 2 0 1 0 2 1 0 1 0 0 1 0 2 0 0 0 3 0 0 1 0 0 3 0 3 0 1 0 1 1 0 0 3 0 0 0 2 0 0 0 2 1 0 0 0 1 0 0 1 0 0 1 0 0 0 1 0 0 3 0 0 0 1 0 3 0 0 0 1 1 0 0 2 1 0 0 1 1 0 0 2 0 2 1 0
1 91 1 0 2 0 1 0 0 1 0 0 2 0 0 0 3 0 1 1 0 0 2 0 1 0 2 1 0 0 2 0 2 1 0 0 0 0 0 0 1 0 1 1 0 0 2 0 0 1 0 0 1 0 3 0 1 0 1 0 3 0 0 1 0 0 1 0 1 0 3 0 1 0 1 1 0 0 0 0 0 1 0 1 0 0 0 0 0 0 1 1 0
1 91 2 1 0 0 3 0 1 0 3 0 3 0 1 0 1 1 0 1 0 1 0 1 0 0 2 0 0 0 0 0 1 1 0 0 0 0 0 0 2 0 3 0 3 0 3 0 1 0 3 0 2 0 1 0 3 0 3 0 1 0 2 0 3 0 1 0 3 0 1 0 3 0 3 0 2 1 0 0 1 1 0 0 2 1 0 0 0 0 3 0 2
0 93 1 0 1 0 0 0 1 1 0 0 3 0 2 1 0 0 0 0 0 1 0 1 0 0 3 0 3 0 0 0 0 0 3 0 2 1 0 0 1 0 0 0 3 0 3 0 2 1 0 0 3 0 0 1 0 0 3 0 2 1 0 0 1 0 2 1 0 0 2 1 0 0 3 0 3 0 1 1 0 1 0 0 0 0 0 1 0 0 1 0 2 0 1
1 93 2 0 2 0 0 1 0 0 0 0 2 0 1 1 0 0 0 0 1 1 0 1 0 0 2 0 2 0 1 0 1 0 2 0 1 1 0 0 2 0 1 0 2 0 3 0 2 0 0 0 1 0 2 1 0 0 2 0 1 1 0 0 3 0 1 0 0 0 1 0 0 0 2 0 3 0 0 0 0 0 2 1 0 0 1 0 3 0 1 1 0 1 0
1 95 1 0 0 0 0 0 2 0 2 1 0 1 0 1 0 1 0 0 0 1 0 0 0 1 0 0 0 0 0 0 3 0 2 1 0 1 0 1 0 1 0 1 0 0 1 0 3 0 0 0 1 0 3 0 1 0 0 0 0 0 0 0 0 0 1 0 3 0 0 0 2 0 1 0 0 0 2 0 1 0 1 0 0 1 0 0 3 0 2 0 0 0 0 0 2
0 95 2 0 0 0 1 0 0 0 2 0 0 1 0 1 0 0 3 0 0 0 3 0 0 0 2 1 0 0 1 0 2 0 2 0 0 1 0 1 0 1 0 0 3 0 2 0 1 0 1 0 3 0 1 0 3 0 0 0 0 0 0 0 0 0 3 0 1 0 1 1 0 0 3 0 0 1 0 0 3 0 2 0 1 1 0 0 2 0 0 0 1 0 1 0 0
0 96 1 0 0 1 0 2 0 0 1 0 0 2 1 0 1 0 0 1 0 2 0 1 0 2 0 0 1 0 0 3 0 0 0 0 0 2 1 0 1 0 1 0 0 2 0 0 0 3 0 3 0 1 1 0 0 2 0 1 0 0 0 0 0 1 0 1 1 0 0 0 0 0 0 1 0 2 1 0 0 2 0 0 1 0 1 0 1 0 0 1 0 2 0 2 0 0
0 97 1 0 3 0 1 1 0 0 2 1 0 0 1 0 0 0 3 0 1 1 0 1 0 0 0 0 2 1 0 0 1 0 1 0 1 0 1 0 0 1 0 0 3 0 3 0 1 0 2 0 2 1 0 1 0 1 0 0 3 0 0 0 0 0 2 0 3 0 2 1 0 0 0 0 3 0 0 1 0 1 0 0 2 1 0 1 0 0 3 0 2 0 0 0 0 0 1
1 97 3 0 2 0 0 0 0 0 0 1 0 0 2 0 1 0 2 0 0 0 0 0 3 0 0 0 0 1 0 0 2 0 2 0 2 0 2 0 1 1 0 0 2 0 2 1 0 0 1 0 2 0 0 1 0 1 0 0 1 0 1 0 1 0 0 0 3 0 1 1 0 0 1 0 1 0 2 1 0 1 0 0 1 0 0 1 0 0 2 0 0 0 1 0 0 0 2
0 99 1 0 2 0 0 0 1 0 0 0 1 0 3 0 3 0 2 1 0 0 1 0 1 0 1 0 1 0 1 1 0 0 0 0 1 0 1 0 1 0 0 0 0 0 0 0 1 1 0 0 2 1 0 0 2 1 0 0 3 0 1 0 2 0 2 0 1 0 1 1 0 1 0 0 2 0 3 0 1 0 0 0 3 0 1 0 1 0 3 0 3 0 0 0 2 0 1 0 0
0 99 2 1 0 0 1 0 2 0 0 0 3 0 2 0 3 0 1 1 0 0 2 0 2 0 2 0 2 0 3 0 2 1 0 0 2 0 2 0 2 0 0 0 0 0 0 1 0 0 0 0 1 0 0 0 1 0 0 0 1 1 0 0 1 0 0 1 0 0 0 0 0 1 0 0 0 0 2 0 3 0 1 0 1 0 3 0 3 0 2 0 2 0 1 1 0 0 3 0 0
0 101 1 0 0 1 0 0 2 1 0 0 2 0 2 0 1 0 3 0 0 0 0 0 0 0 1 0 1 0 1 0 3 0 2 0 0 0 0 0 1 0 0 0 1 0 0 0 1 0 2 1 0 0 2 0 0 0 2 0 0 0 3 0 3 0 1 0 1 0 2 1 0 0 1 0 3 0 0 0 0 0 2 0 3 0 3 0 2 0 3 0 1 0 1 0 0 0 0 0 1 0 1
1 101 2 0 1 1 0 0 1 0 0 0 0 0 0 1 0 0 2 0 1 0 0 0 0 0 2 0 2 0 3 0 2 0 0 0 1 0 0 0 2 0 0 0 2 0 0 0 3 0 0 1 0 1 0 0 1 1 0 0 2 0 2 0 2 0 3 0 3 0 0 1 0 0 3 0 1 0 1 0 1 0 0 0 3 0 3 0 1 0 2 0 3 0 2 0 0 0 0 0 2 0 2
0 102 1 0 1 0 1 0 0 2 0 0 0 0 0 1 0 3 0 3 0 2 0 0 0 1 0 0 0 1 0 3 0 0 0 1 0 2 0 0 1 0 0 1 1 0 0 2 0 1 0 2 1 0 0 3 0 2 1 0 0 0 0 1 0 1 0 3 0 2 0 2 1 0 0 1 0 3 0 2 0 2 0 1 0 2 0 2 1 0 0 1 0 3 0 0 0 1 0 1 0 0 0 1
1 103 1 1 0 1 0 0 3 0 3 0 0 0 0 0 3 0 2 0 3 0 0 0 1 0 2 0 0 0 3 0 1 0 1 0 2 1 0 0 2 0 3 0 2 0 3 0 3 0 3 0 1 0 0 0 2 0 1 1 0 0 0 0 2 0 3 0 2 0 1 0 1 1 0 0 3 0 2 0 1 0 0 1 0 0 1 0 1 1 0 0 3 0 1 0 1 0 2 0 2 0 0 0 2
0 104 1 0 0 0 1 0 0 2 0 2 0 1 0 1 0 2 0 1 0 2 0 1 0 2 1 0 0 2 0 1 0 3 0 3 0 1 0 0 0 0 0 3 0 1 0 3 0 3 0 2 0 3 0 0 1 0 1 0 1 0 0 1 0 0 0 3 0 0 1 0 0 0 0 0 0 2 0 0 0 3 0 1 0 3 0 1 1 0 0 0 0 1 0 3 0 3 0 0 0 0 0 2 0 0
0 105 1 0 3 0 0 1 0 0 0 0 0 0 3 0 2 1 0 1 0 0 0 1 0 0 1 1 0 1 0 1 0 0 3 0 2 0 3 0 0 0 1 0 1 1 0 0 3 0 3 0 1 0 2 0 2 1 0 1 0 0 3 0 1 0 1 0 1 0 2 0 2 1 0 0 0 1 0 0 2 0 1 1 0 0 2 1 0 1 0 0 0 0 3 0 2 0 2 0 1 0 0 1 0 0 1
0 105 3 0 1 0 2 0 2 1 0 0 1 0 2 0 2 0 0 0 3 0 0 0 3 0 2 1 0 1 0 1 0 0 2 0 1 0 2 0 1 0 2 1 0 0 0 0 2 0 2 1 0 0 1 0 2 0 0 1 0 0 1 0 3 0 2 0 3 0 0 0 1 1 0 0 1 1 0 0 0 0 0 0 0 0 1 0 0 0 3 0 0 0 2 0 1 0 0 0 3 0 1 0 3 0 1
1 107 1 0 1 1 0 0 1 0 1 1 0 0 3 0 0 0 0 0 2 0 1 0 2 0 2 0 2 0 0 1 0 0 3 0 3 0 2 1 0 1 0 0 1 1 0 0 1 0 0 0 1 1 0 0 2 1 0 0 2 0 3 0 2 0 2 0 1 0 2 0 1 0 3 0 3 0 2 0 2 1 0 0 0 0 0 0 2 0 1 0 1 0 1 1 0 0 3 0 1 0 1 1 0 0 2 1 0
1 107 2 0 3 0 3 0 1 1 0 0 0 0 1 0 1 0 0 1 0 1 0 0 1 0 1 0 0 0 2 1 0 0 2 0 3 0 2 0 0 0 3 0 2 0 3 0 1 0 0 1 0 0 0 0 1 0 0 0 0 0 3 0 1 0 0 1 0 0 0 1 0 0 3 0 3 0 1 0 1 1 0 0 0 0 0 1 0 0 3 0 2 1 0 0 0 0 1 1 0 0 0 0 0 0 0 1 0
1 109 1 0 0 0 3 0 2 1 0 1 0 0 0 0 2 0 2 0 1 1 0 0 3 0 1 0 2 0 1 0 1 0 0 0 0 0 3 0 0 0 2 0 2 0 1 0 2 0 3 0 1 0 2 1 0 0 2 0 0 0 1 0 1 0 3 0 1 0 3 0 0 1 0 0 2 0 2 0 3 0 3 0 2 1 0 0 1 1 0 0 2 0 1 1 0 0 0 0 3 0 2 1 0 0 0 0 1 0 2
0 109 2 0 1 0 2 0 2 0 0 0 3 0 0 0 0 0 1 0 0 0 0 0 1 1 0 0 0 0 3 0 2 0 0 0 1 0 1 0 2 0 0 0 0 1 0 0 1 0 2 1 0 0 1 1 0 1 0 0 1 0 2 0 3 0 1 1 0 0 2 0 2 1 0 0 0 0 1 0 3 0 3 0 1 1 0 0 3 0 3 0 3 0 3 0 3 0 0 0 2 0 1 1 0 0 0 0 3 0 0
0 110 1 0 1 0 0 1 0 0 0 2 0 1 0 1 0 0 0 2 0 0 0 0 0 3 0 3 0 0 0 2 0 0 0 1 0 2 0 2 1 0 0 1 0 1 0 3 0 2 0 0 1 0 1 0 0 0 0 3 0 2 0 0 0 3 0 0 0 0 0 0 0 1 1 0 0 0 0 3 0 2 0 3 0 0 0 0 0 2 0 3 0 3 0 3 0 2 0 1 1 0 1 0 1 0 0 1 0 1 0 1
1 111 1 1 0 0 3 0 1 0 0 1 0 0 3 0 2 0 0 1 0 0 1 0 1 0 2 0 2 0 1 1 0 0 1 0 3 0 0 0 1 1 0 0 2 0 3 0 2 0 0 0 2 1 0 0 3 0 0 0 2 0 0 0 2 0 1 0 1 0 0 0 0 0 3 0 3 0 0 0 2 0 1 0 2 0 1 0 1 0 0 0 3 0 3 0 3 0 1 0 0 0 0 1 0 0 3 0 1 0 2 0 2
0 112 1 0 0 0 0 1 0 3 0 1 1 0 0 2 0 0 0 2 0 3 0 1 0 3 0 0 0 0 1 0 1 0 0 3 0 1 0 1 1 0 0 0 0 0 0 3 0 0 0 2 0 1 0 0 0 1 0 1 1 0 0 1 1 0 0 3 0 2 0 0 0 1 0 2 0 2 0 1 1 0 1 0 0 0 0 3 0 2 0 1 0 2 0 3 0 2 0 3 0 0 0 1 1 0 0 1 1 0 0 1 0 1
1 113 1 0 2 1 0 0 3 0 1 1 0 1 0 1 0 0 2 0 0 0 2 1 0 0 2 0 1 0 1 1 0 1 0 0 1 0 3 0 3 0 2 1 0 0 1 0 1 0 1 1 0 0 3 0 0 0 2 0 3 0 3 0 2 1 0 0 2 0 0 0 1 0 3 0 0 0 1 0 0 0 0 0 3 0 0 0 2 0 0 1 0 0 1 0 3 0 1 0 2 0 1 0 3 0 3 0 2 0 3 0 1 0 2
0 113 3 0 1 0 0 0 2 0 0 0 0 1 0 0 3 0 3 0 1 0 0 1 0 1 0 1 0 0 0 0 0 0 3 0 2 0 2 0 3 0 1 1 0 0 2 0 2 1 0 0 0 0 1 0 2 0 0 0 3 0 3 0 1 1 0 1 0 0 1 0 3 0 1 0 1 0 2 0 0 0 1 0 1 0 1 1 0 0 2 0 3 0 2 0 1 1 0 0 0 1 0 0 3 0 3 0 1 0 2 1 0 0 1
0 115 1 0 1 0 3 0 0 1 0 0 1 0 1 1 0 0 2 0 2 0 3 0 1 1 0 1 0 0 2 1 0 0 1 0 2 0 1 0 1 0 3 0 0 0 0 0 0 0 1 1 0 0 0 0 2 1 0 0 2 0 2 0 3 0 0 0 0 0 3 0 2 0 1 0 3 0 2 1 0 0 1 0 2 0 2 1 0 0 0 0 0 0 3 0 0 1 0 1 0 0 1 1 0 0 2 0 2 1 0 0 1 1 0 0 2
1 115 2 0 3 0 1 0 2 0 3 0 1 1 0 0 0 0 0 0 1 0 3 0 0 0 0 1 0 0 0 1 0 0 2 1 0 0 3 0 3 0 1 0 1 0 0 0 0 0 3 0 3 0 0 0 1 0 0 0 0 0 1 0 2 0 1 0 1 0 2 0 0 1 0 0 3 0 1 1 0 0 3 0 0 0 1 1 0 0 0 0 1 0 1 0 2 1 0 0 3 0 2 1 0 0 0 0 1 1 0 1 0 0 0 0 0
1 117 1 0 0 0 2 1 0 0 1 0 2 1 0 1 0 0 0 0 0 0 3 0 1 0 1 0 1 0 3 0 0 1 0 0 1 0 0 0 2 0 2 0 3 0 2 0 0 0 1 0 2 0 2 0 1 0 2 0 0 0 0 0 2 1 0 0 3 0 2 1 0 0 2 1 0 0 2 0 0 0 0 0 1 0 1 0 3 0 2 1 0 0 2 0 3 0 1 0 0 0 2 0 1 1 0 0 0 1 0 0 0 0 2 1 0 0 0
1 117 2 0 1 0 0 1 0 0 3 0 1 0 0 0 2 1 0 0 1 0 1 0 3 0 2 0 3 0 1 0 2 0 3 0 1 0 1 0 0 0 1 0 3 0 0 0 1 0 3 0 0 0 0 1 0 0 0 0 1 0 1 0 1 0 0 0 2 0 2 0 0 0 0 1 0 1 0 0 1 0 0 0 2 0 3 0 2 0 2 0 0 0 0 0 2 0 3 0 0 1 0 1 0 1 0 0 1 0 3 0 0 0 0 1 0 0 0
1 118 1 0 0 3 0 1 1 0 0 1 0 3 0 1 0 0 1 0 0 2 0 3 0 2 0 1 0 2 1 0 0 1 0 2 0 3 0 2 0 0 0 3 0 1 0 1 0 3 0 1 0 1 0 1 0 2 1 0 0 2 0 2 0 2 0 1 0 0 0 0 0 1 0 1 1 0 0 3 0 1 0 1 0 0 0 3 0 1 0 0 0 1 0 1 0 0 0 2 0 2 1 0 1 0 0 3 0 2 0 1 0 1 0 1 0 2 1 0
1 119 1 1 0 0 1 1 0 1 0 0 3 0 1 0 3 0 1 1 0 0 0 0 3 0 0 1 0 0 1 1 0 0 3 0 0 0 3 0 0 0 2 0 1 0 3 0 3 0 1 0 3 0 2 0 3 0 1 0 0 0 0 0 1 0 0 0 3 0 0 0 0 0 2 1 0 0 0 0 1 0 3 0 2 0 1 0 1 0 3 0 0 0 2 0 2 0 1 0 0 0 2 0 0 1 0 0 2 0 0 0 3 0 2 0 3 0 0 1 0
1 119 3 0 3 0 2 1 0 1 0 0 1 1 0 0 2 1 0 1 0 0 1 0 1 0 2 0 3 0 2 1 0 0 1 0 2 0 1 0 1 1 0 1 0 0 3 0 2 1 0 0 3 0 1 0 2 0 3 0 0 0 0 0 2 0 1 0 1 0 1 0 1 0 0 1 0 0 0 0 3 0 2 0 0 0 3 0 3 0 1 0 2 0 0 0 0 0 3 0 0 1 0 0 2 0 3 0 3 0 1 0 2 0 1 0 2 0 2 0 2
0 121 1 0 2 0 3 0 2 0 0 0 3 0 2 1 0 0 1 0 0 0 3 0 1 0 3 0 0 0 3 0 1 1 0 0 2 1 0 1 0 0 0 0 0 1 0 0 2 0 2 0 0 0 1 1 0 0 1 0 2 0 1 0 0 1 0 0 3 0 2 0 2 0 2 0 1 0 3 0 0 0 2 0 0 0 2 0 2 0 2 1 0 0 0 0 1 0 1 0 1 0 2 1 0 0 0 0 3 0 2 1 0 0 0 1 0 0 1 0 1 0 1
1 121 3 0 0 0 3 0 0 0 2 0 2 0 1 1 0 0 2 0 1 0 1 1 0 0 2 0 2 0 2 0 0 0 0 0 1 0 0 0 2 1 0 0 1 1 0 0 0 0 0 0 1 0 3 0 3 0 1 1 0 0 3 0 1 1 0 0 2 0 1 0 1 0 0 1 0 0 2 0 1 1 0 0 2 0 0 0 1 0 1 1 0 0 0 0 2 0 2 0 3 0 0 1 0 0 1 0 2 0 1 1 0 0 1 0 3 0 1 0 2 0 2
0 123 1 0 1 0 2 0 1 0 2 0 0 0 0 1 0 1 0 1 0 1 0 0 0 0 0 0 0 0 1 0 0 0 1 0 0 0 2 0 1 0 0 1 0 0 3 0 2 1 0 0 0 0 3 0 2 0 3 0 0 0 0 0 1 1 0 1 0 1 0 0 3 0 2 0 1 0 3 0 3 0 3 0 3 0 3 0 0 0 2 0 3 0 3 0 0 0 0 0 1 0 2 0 2 0 3 0 1 1 0 1 0 1 0 0 3 0 1 1 0 0 1 0 1
1 123 2 0 2 1 0 1 0 0 0 0 1 0 1 1 0 1 0 1 0 0 2 1 0 0 0 0 0 0 2 0 0 0 2 0 0 1 0 0 3 0 1 1 0 0 2 0 1 1 0 0 1 0 2 0 1 0 2 0 1 0 0 1 0 0 0 1 0 1 0 0 2 0 0 1 0 0 3 0 3 0 3 0 3 0 2 0 2 0 0 0 3 0 2 0 1 0 0 0 3 0 0 0 1 0 3 0 0 0 0 1 0 1 0 0 1 1 0 1 0 0 2 0 2
0 125 1 0 0 0 2 0 0 0 2 1 0 0 2 1 0 0 0 1 0 1 0 0 0 1 0 0 0 0 0 1 0 0 1 1 0 0 2 1 0 0 1 1 0 1 0 1 0 1 0 1 0 0 2 1 0 1 0 0 0 0 3 0 1 0 3 0 0 1 0 0 3 0 3 0 1 1 0 0 2 0 3 0 3 0 3 0 1 0 0 0 2 0 2 0 0 0 3 0 1 0 1 0 1 0 3 0 1 0 1 0 1 1 0 0 3 0 2 1 0 1 0 0 0 0 1
1 125 2 0 0 1 0 0 2 0 1 0 0 0 0 1 0 0 1 1 0 0 3 0 0 0 2 1 0 0 1 0 3 0 2 1 0 0 0 1 0 1 0 0 0 1 0 1 0 1 0 1 0 0 1 0 0 0 3 0 0 0 1 1 0 0 2 0 2 1 0 0 2 0 3 0 0 0 0 0 0 0 3 0 3 0 2 0 3 0 1 0 0 0 0 0 2 0 1 0 3 0 2 0 3 0 1 0 3 0 2 1 0 0 0 0 2 0 2 0 0 0 2 1 0 0 2
0 126 1 0 0 2 0 3 0 3 0 2 0 0 0 1 0 3 0 2 1 0 0 1 0 2 0 0 1 0 0 3 0 2 0 1 1 0 0 1 1 0 0 3 0 0 1 0 1 0 1 0 0 3 0 1 0 1 0 1 0 1 1 0 0 0 0 0 0 2 0 0 0 0 0 2 0 1 0 0 0 1 0 2 0 3 0 1 0 2 0 3 0 0 0 0 1 0 1 0 0 3 0 1 0 2 1 0 0 3 0 1 1 0 0 1 0 0 0 0 0 2 0 1 0 0 0 0
0 127 1 1 0 0 0 0 3 0 3 0 0 0 1 0 3 0 2 0 1 1 0 0 2 1 0 0 2 1 0 0 2 0 0 1 0 1 0 1 0 0 0 0 1 0 2 1 0 1 0 1 0 0 1 0 3 0 2 0 2 0 3 0 2 1 0 0 0 1 0 0 1 0 0 1 0 0 3 0 0 0 3 0 0 0 2 1 0 0 1 0 2 0 1 0 1 1 0 1 0 0 1 1 0 0 2 0 0 0 1 1 0 1 0 0 2 0 0 0 0 1 0 0 3 0 0 0 0
0 127 3 0 3 0 0 0 2 0 2 0 1 0 3 0 2 0 1 0 0 0 0 0 1 0 0 0 0 1 0 1 0 0 2 1 0 1 0 0 2 1 0 0 3 0 1 0 0 1 0 0 3 0 2 0 2 0 1 0 1 0 3 0 1 1 0 0 1 0 3 0 1 0 1 1 0 0 1 0 2 0 1 0 2 0 0 1 0 0 2 1 0 1 0 0 0 0 0 0 3 0 2 0 3 0 3 0 0 1 0 0 0 0 3 0 3 0 0 0 1 1 0 0 1 0 1 0 0
0 129 1 0 2 0 2 0 2 0 0 0 0 1 0 0 3 0 0 0 3 0 0 0 0 0 2 0 0 0 1 1 0 1 0 0 1 0 0 1 0 0 1 0 0 0 1 0 3 0 1 1 0 0 2 0 1 0 0 0 3 0 3 0 1 1 0 1 0 0 3 0 1 0 3 0 3 0 3 0 1 1 0 1 0 0 0 0 2 1 0 0 1 0 0 0 2 1 0 0 1 0 2 0 1 0 3 0 2 0 2 0 3 0 0 0 2 0 2 0 1 0 3 0 3 0 1 0 2 0 0
0 129 3 0 0 0 1 0 0 0 1 0 1 1 0 0 1 0 2 0 1 0 1 0 0 1 0 0 1 1 0 0 0 0 3 0 1 0 1 0 3 0 1 0 0 0 3 0 1 1 0 1 0 1 0 0 3 0 1 0 2 0 3 0 0 0 0 1 0 0 1 1 0 0 3 0 3 0 3 0 0 0 0 0 3 0 0 0 0 1 0 0 2 0 1 0 0 1 0 0 2 1 0 1 0 0 3 0 1 0 1 0 2 0 2 0 0 0 0 1 0 0 3 0 2 1 0 0 0 0 1
1 131 1 0 1 0 1 0 2 0 0 0 2 0 3 0 3 0 1 1 0 0 3 0 2 0 1 0 3 0 2 0 3 0 0 0 1 0 3 0 3 0 1 0 3 0 1 0 2 0 0 0 0 1 0 1 0 0 1 1 0 0 1 0 2 0 1 0 1 0 3 0 2 1 0 0 2 0 3 0 2 0 1 0 1 0 1 0 1 0 1 0 3 0 3 0 2 0 1 1 0 0 1 0 0 1 0 0 1 0 3 0 3 0 0 0 0 0 1 0 1 1 0 0 2 0 1 1 0 0 0 0 2
0 131 2 0 2 0 2 1 0 0 2 0 0 0 3 0 3 0 0 0 0 0 2 0 0 1 0 0 3 0 1 0 2 0 1 0 3 0 2 0 2 1 0 0 2 1 0 0 0 0 1 0 1 1 0 0 3 0 2 0 3 0 1 1 0 0 3 0 3 0 2 0 2 0 0 0 0 0 3 0 0 0 3 0 2 0 2 0 2 0 3 0 2 0 3 0 0 1 0 1 0 0 2 0 1 0 3 0 2 0 2 0 2 0 1 0 0 0 2 0 3 0 3 0 3 0 3 0 3 0 0 0 0
0 133 1 0 0 0 1 0 1 1 0 1 0 0 2 0 2 0 2 0 1 0 0 1 0 0 2 1 0 0 1 1 0 0 0 1 0 0 3 0 1 0 2 0 0 0 0 1 0 0 0 0 2 1 0 0 0 0 2 0 1 0 3 0 0 0 0 0 2 0 3 0 1 0 0 0 1 0 1 0 1 0 2 0 2 0 1 0 1 0 1 0 3 0 1 0 2 0 2 1 0 0 3 0 3 0 3 0 2 0 1 0 1 0 0 0 3 0 1 0 0 0 3 0 3 0 3 0 3 0 2 0 1 0 0
0 133 2 0 0 0 2 1 0 0 0 1 0 0 0 0 1 0 0 0 3 0 1 1 0 0 0 1 0 0 3 0 3 0 0 1 0 0 1 1 0 0 0 0 1 0 1 0 3 0 0 0 0 1 0 0 0 1 0 1 0 0 2 0 1 0 1 0 0 0 2 0 3 0 0 0 2 0 2 0 3 0 0 0 0 0 3 0 2 0 3 0 1 1 0 0 1 0 2 0 0 0 2 0 3 0 3 0 0 0 3 0 2 0 1 0 1 0 3 0 1 0 2 0 3 0 3 0 3 0 0 0 3 0 0
0 134 1 0 0 2 0 0 1 0 0 1 0 2 1 0 0 2 0 1 0 1 1 0 1 0 0 1 1 0 0 2 0 2 0 2 0 3 0 2 0 2 1 0 0 2 0 3 0 1 0 1 0 1 0 3 0 0 1 0 0 3 0 3 0 2 0 2 0 1 0 0 0 2 0 2 0 0 0 1 0 2 0 1 0 1 0 2 0 1 0 2 1 0 1 0 0 2 1 0 0 2 0 0 0 3 0 2 0 2 0 2 0 0 0 3 0 3 0 1 1 0 0 1 0 3 0 3 0 2 0 2 0 1 0 1
1 135 1 0 3 0 3 0 1 0 3 0 2 0 0 1 0 1 0 1 0 0 0 0 0 0 3 0 2 1 0 0 0 0 1 0 1 0 3 0 1 0 2 0 0 0 0 0 2 0 3 0 2 0 3 0 1 0 2 1 0 0 2 0 3 0 1 0 0 0 3 0 1 0 0 0 0 0 1 0 2 1 0 0 3 0 2 1 0 1 0 0 2 0 0 1 0 0 0 1 0 1 0 0 2 0 2 0 1 0 1 0 0 0 2 0 2 0 2 1 0 1 0 0 3 0 2 0 3 0 1 0 0 0 3 0 2
0 135 3 0 2 0 2 1 0 0 3 0 0 0 2 1 0 1 0 0 2 1 0 0 1 0 2 0 1 1 0 0 0 0 2 0 3 0 1 1 0 0 0 0 1 0 1 0 0 0 3 0 1 0 2 1 0 0 2 0 0 0 0 0 2 0 3 0 1 0 1 0 3 0 0 0 0 0 3 0 1 0 0 0 2 0 2 0 0 0 3 0 3 0 1 0 3 0 0 1 0 1 0 0 0 0 0 0 3 0 2 0 1 0 0 0 1 0 2 0 0 1 0 0 2 0 1 0 2 0 3 0 1 0 2 0 1
1 137 1 0 2 0 1 0 2 0 0 0 1 0 2 0 1 0 0 1 0 0 0 1 0 0 2 1 0 1 0 1 0 0 1 0 0 0 2 1 0 1 0 0 0 0 2 0 2 0 1 0 1 1 0 0 1 1 0 1 0 0 1 0 1 0 0 0 2 0 3 0 3 0 1 0 1 0 1 0 1 0 3 0 1 0 0 0 0 0 2 0 2 0 2 1 0 0 2 0 2 1 0 0 2 1 0 0 1 0 2 0 0 0 3 0 0 0 2 1 0 0 2 0 3 0 3 0 3 0 0 0 2 1 0 0 0 1 0
1 137 2 1 0 1 0 0 0 0 1 0 2 1 0 0 3 0 1 0 3 0 0 1 0 0 1 0 0 1 0 0 3 0 1 0 1 0 1 0 0 0 3 0 0 0 0 0 0 0 3 0 3 0 3 0 2 1 0 0 3 0 1 0 2 0 1 0 0 0 3 0 2 0 3 0 2 0 2 0 3 0 1 0 3 0 0 0 1 0 0 0 1 0 2 0 0 0 0 0 2 0 0 0 0 1 0 0 2 1 0 0 2 0 1 0 2 0 1 0 0 0 0 0 3 0 3 0 2 0 2 0 0 1 0 0 1 0 2
0 139 1 0 1 0 0 0 2 1 0 0 3 0 1 0 0 0 1 1 0 0 2 0 2 0 3 0 1 0 1 1 0 0 1 0 3 0 2 0 2 0 1 0 1 0 1 0 0 0 1 0 2 0 3 0 3 0 2 0 0 0 1 1 0 0 0 0 3 0 1 0 2 0 1 0 3 0 1 0 1 0 2 1 0 0 2 0 1 0 2 0 0 0 2 1 0 0 1 0 0 1 0 0 1 0 1 1 0 0 0 1 0 1 0 1 0 0 0 0 3 0 0 0 1 0 2 0 3 0 1 0 0 0 2 0 3 0 2 0 0
0 139 2 0 2 0 1 0 1 0 0 0 1 0 3 0 0 1 0 0 0 0 0 0 1 0 2 0 3 0 3 0 3 0 2 0 2 0 1 0 0 0 3 0 2 0 2 0 0 0 3 0 0 0 3 0 3 0 0 0 1 0 3 0 3 0 0 0 1 1 0 0 0 1 0 0 2 0 3 0 3 0 0 1 0 1 0 1 0 0 0 0 2 0 0 1 0 0 2 0 1 0 3 0 1 0 3 0 3 0 0 1 0 1 0 0 3 0 0 0 1 0 1 0 3 0 0 0 2 0 3 0 1 0 0 0 3 0 0 0 1
1 141 1 0 0 0 0 0 3 0 2 0 0 0 3 0 1 0 2 0 2 1 0 0 0 0 3 0 0 0 3 0 3 0 3 0 1 0 0 0 3 0 1 0 2 0 1 0 0 0 2 0 1 0 2 0 2 0 2 0 1 0 3 0 2 0 2 0 1 0 3 0 3 0 0 1 0 0 0 0 3 0 2 0 2 1 0 1 0 0 2 1 0 1 0 0 2 0 3 0 3 0 3 0 1 1 0 0 3 0 2 0 2 1 0 1 0 0 1 0 1 0 2 0 3 0 1 0 2 0 0 0 2 0 3 0 1 0 1 0 1 0 2
0 141 2 0 0 0 1 0 2 0 0 0 2 0 1 1 0 0 1 0 1 1 0 0 1 0 1 0 2 0 2 0 3 0 2 0 3 0 1 0 1 1 0 0 0 0 3 0 0 1 0 1 0 0 1 0 1 0 0 1 0 0 3 0 1 0 0 1 0 0 3 0 2 0 2 0 3 0 0 0 2 0 1 0 2 0 0 1 0 0 1 0 0 1 0 0 0 0 3 0 3 0 3 0 0 0 0 0 2 0 1 0 2 0 0 0 3 0 1 0 3 0 0 0 2 1 0 0 0 0 2 0 0 0 2 0 3 0 2 0 3 0 0
0 142 1 0 0 1 0 2 1 0 0 1 1 0 1 0 1 0 0 2 0 3 0 3 0 1 0 3 0 0 0 1 0 3 0 1 0 2 0 3 0 3 0 3 0 0 0 1 0 2 1 0 0 3 0 1 0 2 0 1 1 0 0 1 0 3 0 1 1 0 0 2 0 1 0 1 0 2 0 1 1 0 1 0 0 0 0 2 0 3 0 1 0 1 0 3 0 0 0 2 0 3 0 2 0 1 0 0 1 0 1 0 0 0 0 2 0 1 1 0 0 2 0 2 0 0 1 0 0 0 1 0 0 2 0 0 0 3 0 1 0 2 0 1
1 143 1 0 3 0 2 0 0 1 0 1 0 0 0 1 0 1 0 0 0 0 3 0 2 1 0 0 2 0 1 0 3 0 1 1 0 0 1 0 3 0 3 0 2 0 1 0 3 0 1 0 0 0 1 1 0 0 0 1 0 1 0 0 3 0 1 1 0 1 0 1 0 0 3 0 3 0 0 0 0 0 0 0 3 0 0 0 0 0 2 0 3 0 3 0 1 0 2 0 0 0 3 0 0 0 3 0 1 1 0 0 3 0 0 0 0 0 0 0 0 0 0 0 0 0 2 0 3 0 0 0 3 0 3 0 1 0 1 1 0 0 0 1 0
1 143 3 0 2 0 0 0 2 1 0 0 3 0 0 1 0 0 3 0 0 0 2 0 1 1 0 1 0 1 0 0 2 1 0 1 0 0 3 0 2 0 3 0 0 1 0 0 2 0 3 0 0 0 3 0 3 0 0 1 0 1 0 0 2 0 0 0 0 1 0 1 0 0 2 0 2 0 1 0 0 0 1 0 1 0 1 0 1 0 0 0 3 0 2 1 0 0 0 0 2 0 1 0 2 0 2 0 0 0 0 0 1 0 1 0 0 0 0 0 0 0 0 0 1 0 0 0 2 0 2 0 2 0 2 0 3 0 3 0 3 0 0 0 2
0 145 1 0 2 0 0 0 2 0 1 0 0 0 1 0 2 1 0 0 1 0 2 0 0 0 0 0 0 1 0 1 0 0 1 0 0 1 0 0 2 0 1 0 2 0 2 1 0 0 0 0 2 0 2 0 2 0 2 0 2 1 0 0 3 0 3 0 0 0 1 1 0 1 0 0 0 0 0 0 3 0 0 0 2 0 2 0 2 0 2 0 1 0 2 0 1 1 0 0 0 1 0 1 0 0 1 0 0 0 1 0 0 0 2 0 2 0 0 0 0 0 0 0 0 0 2 0 1 0 0 0 1 0 1 0 1 0 3 0 3 0 2 0 2 0 0
0 145 2 1 0 0 1 1 0 0 3 0 0 0 3 0 0 1 0 0 2 1 0 0 1 0 0 0 1 1 0 0 3 0 1 0 1 0 3 0 3 0 3 0 0 0 1 1 0 0 1 0 0 0 1 0 1 0 1 0 2 0 0 0 2 0 2 0 1 1 0 0 0 0 2 1 0 0 1 0 1 0 2 0 0 0 1 0 1 0 0 1 0 0 0 1 0 1 0 0 1 1 0 0 3 0 1 0 0 0 2 0 1 0 0 0 0 0 1 0 0 0 0 0 0 1 0 0 3 0 0 0 2 0 2 0 3 0 2 0 3 0 1 0 0 0 1
1 147 1 0 0 1 0 1 0 0 0 0 1 0 2 0 1 0 2 1 0 0 0 1 0 0 2 0 0 1 0 0 0 0 1 0 3 0 3 0 2 0 3 0 2 0 1 0 3 0 3 0 1 0 0 0 2 0 2 0 2 1 0 0 2 0 0 0 0 1 0 1 0 0 1 0 0 1 0 0 2 0 2 1 0 0 1 0 2 0 2 0 1 0 3 0 0 1 0 0 3 0 2 1 0 0 1 0 3 0 0 1 0 0 3 0 0 0 0 0 2 0 0 0 0 0 1 1 0 0 1 0 2 0 0 0 1 0 3 0 1 0 2 0 3 0 0 0 2
0 147 2 0 1 1 0 0 2 1 0 0 2 1 0 1 0 0 1 1 0 0 1 0 3 0 3 0 1 0 2 1 0 0 3 0 2 0 3 0 1 0 3 0 0 1 0 0 3 0 2 0 3 0 1 0 0 0 1 0 1 1 0 1 0 0 1 0 1 1 0 0 3 0 1 0 1 1 0 0 0 0 1 1 0 0 3 0 0 0 0 1 0 0 2 0 2 1 0 0 2 0 1 1 0 0 3 0 1 0 2 1 0 0 1 0 1 0 0 1 0 0 1 0 0 0 3 0 3 0 1 1 0 0 1 0 3 0 1 1 0 0 1 0 2 0 2 0 0
0 149 1 0 0 0 0 0 0 0 1 0 0 0 1 0 0 0 3 0 2 0 3 0 2 0 2 0 2 1 0 0 2 0 0 0 2 0 1 0 2 1 0 0 2 0 2 1 0 0 2 0 1 0 2 0 3 0 0 0 2 1 0 0 0 0 3 0 1 1 0 0 0 0 1 0 3 0 3 0 2 1 0 1 0 0 0 0 1 0 1 0 1 1 0 0 0 0 2 0 0 0 0 0 0 0 0 0 1 1 0 0 1 1 0 0 2 0 2 0 1 0 3 0 1 0 1 0 2 0 2 1 0 1 0 0 3 0 1 1 0 1 0 0 3 0 0 0 0 0 1
1 149 2 0 0 0 0 0 0 0 2 0 0 0 2 0 1 0 2 0 1 0 3 0 1 0 1 0 1 1 0 1 0 0 1 1 0 1 0 0 2 0 0 0 0 0 1 1 0 1 0 1 0 0 1 0 2 0 2 0 0 1 0 0 1 0 1 1 0 1 0 0 0 0 3 0 2 0 3 0 2 0 0 0 2 1 0 0 2 0 2 0 3 0 2 1 0 1 0 0 1 0 0 0 0 0 0 0 3 0 3 0 2 1 0 0 0 0 0 1 0 0 2 0 3 0 3 0 0 0 2 0 0 1 0 0 2 0 0 0 0 1 0 0 1 0 1 0 0 0 2
0 150 1 0 0 1 0 0 0 0 1 0 0 1 1 0 1 0 0 0 1 0 0 2 0 3 0 2 1 0 0 0 0 3 0 2 1 0 0 3 0 3 0 0 0 0 1 0 0 0 1 0 0 3 0 2 0 0 0 0 0 2 0 3 0 1 1 0 0 0 0 3 0 0 0 2 0 1 0 3 0 0 0 2 0 1 0 0 0 0 0 1 0 3 0 2 0 0 0 3 0 1 0 0 0 0 0 1 0 2 0 3 0 1 1 0 0 0 0 1 1 0 0 0 0 3 0 2 0 1 1 0 0 2 0 3 0 3 0 0 0 1 0 3 0 1 0 2 0 1 0 0
0 151 1 0 3 0 1 0 0 0 1 0 3 0 2 1 0 0 3 0 0 1 0 0 0 0 3 0 1 1 0 0 1 0 2 0 2 0 0 0 2 0 2 0 1 0 1 0 3 0 0 1 0 0 2 0 0 0 1 0 1 0 0 0 2 1 0 1 0 0 1 0 1 0 1 1 0 1 0 0 2 0 1 1 0 0 3 0 0 0 0 0 3 0 2 0 0 0 2 0 1 0 3 0 0 0 0 0 3 0 0 0 2 1 0 1 0 0 0 0 3 0 3 0 0 0 2 0 1 0 0 0 0 0 0 0 3 0 2 0 1 0 3 0 1 1 0 0 0 0 3 0 0
0 151 3 0 1 0 3 0 0 0 3 0 2 0 2 0 0 0 1 0 2 0 3 0 0 0 1 1 0 1 0 0 3 0 0 0 0 0 2 0 0 0 0 0 3 0 3 0 1 0 2 0 3 0 3 0 0 0 2 0 2 0 1 0 1 0 0 0 3 0 1 0 2 1 0 0 0 1 0 0 0 0 0 0 0 0 1 0 1 0 1 0 2 0 0 0 1 1 0 1 0 0 2 0 1 0 1 0 1 0 2 0 1 0 0 0 3 0 0 0 2 0 2 0 1 1 0 0 3 0 0 0 0 0 1 0 2 0 0 1 0 0 2 1 0 1 0 0 1 0 1 0 1
1 153 1 0 1 1 0 0 2 0 2 0 2 0 1 0 0 0 1 0 3 0 0 0 2 0 1 1 0 0 0 1 0 0 1 0 1 0 0 1 0 0 1 0 1 0 2 0 2 1 0 0 1 0 3 0 2 0 2 0 0 0 0 0 3 0 2 0 1 0 1 1 0 0 1 1 0 0 1 0 2 1 0 0 0 0 0 0 2 0 2 0 2 1 0 0 1 1 0 0 0 0 3 0 3 0 2 0 2 0 2 1 0 0 3 0 1 0 1 0 2 0 0 0 1 0 0 0 0 0 1 0 1 0 0 0 2 1 0 0 2 1 0 0 1 0 0 0 3 0 1 0 2 0 2
0 153 2 1 0 0 0 0 0 0 1 0 0 0 3 0 0 0 3 0 1 0 1 1 0 1 0 1 0 0 1 0 3 0 1 0 2 0 1 0 3 0 1 0 3 0 0 0 1 1 0 0 3 0 2 0 1 0 0 0 1 0 1 0 2 0 0 0 3 0 3 0 3 0 2 0 3 0 2 0 0 1 0 0 0 0 1 0 0 0 1 0 1 1 0 0 3 0 3 0 0 0 2 0 3 0 1 0 1 0 2 0 0 0 1 0 3 0 2 1 0 0 1 0 2 0 0 0 0 0 2 0 2 0 1 0 1 0 0 0 0 1 0 0 2 0 1 0 1 1 0 0 1 0 1
1 155 1 0 0 1 0 0 0 0 0 0 2 0 1 0 1 0 2 0 1 1 0 0 0 0 0 1 0 0 3 0 2 0 1 1 0 0 0 1 0 0 2 1 0 0 2 0 1 1 0 0 0 0 2 0 0 0 3 0 0 0 2 0 2 1 0 0 2 0 2 0 3 0 3 0 1 0 3 0 0 0 2 0 2 1 0 0 2 0 0 0 2 1 0 0 0 0 2 0 2 0 2 0 0 0 2 0 3 0 2 1 0 0 1 0 3 0 2 0 1 1 0 0 2 1 0 0 1 0 1 0 0 0 0 0 3 0 2 0 0 0 1 0 3 0 3 0 2 0 3 0 3 0 1 0 2
0 155 2 0 1 0 2 1 0 0 0 1 0 0 3 0 2 1 0 1 0 1 0 0 0 0 1 1 0 0 2 0 0 1 0 1 0 0 1 1 0 0 0 1 0 1 0 1 0 1 0 0 0 1 0 0 2 0 1 0 2 0 0 0 2 0 0 0 0 0 1 0 3 0 2 1 0 0 2 0 2 0 0 0 1 1 0 1 0 0 2 0 0 1 0 0 1 0 0 0 1 0 0 0 2 0 0 0 3 0 1 1 0 0 3 0 2 0 1 0 0 0 0 0 0 1 0 0 2 0 2 0 0 0 1 0 2 0 0 0 1 0 3 0 2 0 3 0 1 0 3 0 2 1 0 0 1
1 156 1 0 1 0 0 1 1 0 0 1 1 0 0 2 0 2 0 0 1 0 0 2 1 0 0 3 0 3 0 3 0 1 1 0 0 3 0 2 0 3 0 0 1 0 1 0 1 0 0 3 0 0 0 3 0 3 0 2 1 0 0 1 1 0 0 1 0 0 0 3 0 2 0 2 0 0 0 0 0 0 0 1 1 0 0 0 0 3 0 3 0 1 0 3 0 1 0 0 0 2 0 0 1 0 0 2 0 2 0 0 0 0 0 2 0 0 0 3 0 0 0 0 0 1 1 0 0 0 0 0 0 1 0 2 1 0 0 1 0 3 0 2 0 1 0 2 1 0 0 3 0 1 1 0 0 2
0 157 1 1 0 0 3 0 2 0 3 0 2 1 0 0 0 0 0 0 2 1 0 0 1 0 0 0 2 0 3 0 3 0 0 0 0 0 2 0 1 0 2 0 2 1 0 1 0 1 0 0 1 0 2 0 2 0 3 0 1 1 0 0 3 0 3 0 1 0 1 0 2 0 1 0 0 0 1 0 0 0 0 0 3 0 3 0 0 0 2 0 2 1 0 0 2 0 3 0 0 1 0 0 2 1 0 0 0 0 0 0 1 0 0 1 0 0 2 0 1 0 1 0 0 0 3 0 2 1 0 0 0 0 3 0 0 1 0 0 3 0 2 0 0 1 0 0 2 0 0 0 2 0 0 0 0 0 0
0 158 1 0 0 0 0 2 0 1 0 3 0 1 1 0 0 0 0 1 0 0 1 0 0 2 0 1 0 0 0 3 0 2 0 1 0 0 1 0 1 0 0 1 0 2 0 0 1 0 0 3 0 2 0 0 0 1 0 3 0 0 0 0 0 2 0 2 0 3 0 2 1 0 0 3 0 0 0 2 0 0 0 1 0 2 0 2 0 2 0 0 0 2 0 0 0 0 0 2 0 2 1 0 0 0 1 0 0 0 0 0 0 2 0 1 0 3 0 3 0 2 0 2 0 1 0 2 0 1 1 0 0 1 0 1 0 2 1 0 0 2 0 0 0 2 0 3 0 3 0 0 1 0 0 1 0 0 0 0
0 159 1 0 2 1 0 1 0 1 0 0 2 1 0 1 0 0 0 0 2 0 1 0 3 0 3 0 2 0 1 0 2 0 0 0 3 0 1 1 0 0 3 0 1 1 0 0 2 1 0 0 2 0 0 0 1 0 3 0 1 0 1 0 1 0 0 0 1 0 3 0 2 0 0 0 1 0 1 1 0 0 1 0 3 0 0 0 1 0 0 0 1 1 0 0 1 0 1 0 0 0 1 1 0 0 1 0 2 1 0 0 0 1 0 1 0 0 3 0 3 0 1 0 0 1 0 0 0 1 0 1 0 0 2 0 3 0 0 1 0 1 0 0 2 0 0 0 3 0 2 0 2 0 3 0 1 0 0 0 0
0 159 3 0 1 0 0 1 0 1 0 0 1 0 0 0 2 1 0 1 0 1 0 0 3 0 3 0 0 1 0 0 0 0 2 0 2 0 0 0 0 0 2 0 0 0 0 0 0 1 0 1 0 0 1 0 3 0 1 0 3 0 2 0 2 0 0 0 3 0 2 0 0 0 1 0 2 0 3 0 3 0 2 0 1 0 1 0 2 0 0 0 3 0 3 0 1 0 2 0 0 0 3 0 3 0 2 0 0 1 0 0 1 1 0 1 0 0 2 0 2 0 3 0 1 0 3 0 0 1 0 1 0 0 0 0 2 0 2 1 0 0 3 0 3 0 1 0 2 0 1 0 1 0 2 0 3 0 0 0 0
0 161 1 0 1 0 3 0 1 1 0 0 3 0 1 0 1 0 1 0 0 1 0 1 0 0 2 0 2 0 2 0 3 0 0 0 0 0 0 0 1 0 0 1 0 0 1 0 0 0 1 1 0 0 3 0 2 0 1 1 0 0 3 0 1 0 0 0 2 0 2 0 0 0 1 0 3 0 0 0 3 0 3 0 0 0 3 0 2 1 0 0 2 0 2 0 2 1 0 0 0 0 2 0 2 0 3 0 0 0 2 0 3 0 2 1 0 1 0 0 0 0 1 0 2 1 0 0 2 0 2 1 0 0 3 0 0 0 0 0 2 0 0 0 2 0 2 1 0 0 0 0 3 0 3 0 0 0 2 0 1 0 0
0 161 2 0 3 0 2 0 0 0 0 0 1 0 3 0 2 0 2 0 1 1 0 1 0 0 0 0 1 0 1 0 2 0 1 0 0 0 0 0 2 0 1 0 3 0 1 0 0 1 0 0 0 0 2 0 1 0 0 0 0 0 1 0 3 0 1 0 0 0 0 0 1 0 3 0 1 0 2 0 2 0 2 0 2 0 2 0 2 0 0 0 0 0 1 0 1 1 0 0 1 0 0 0 1 0 2 0 2 0 0 0 3 0 2 0 0 0 2 1 0 0 3 0 1 0 0 0 0 0 2 0 0 0 1 0 1 0 0 1 0 0 2 0 0 0 1 1 0 0 1 0 2 0 2 0 1 1 0 0 3 0 0
0 163 1 0 0 0 3 0 0 0 1 0 0 0 3 0 2 0 1 0 1 0 0 0 0 0 2 1 0 0 2 0 2 1 0 0 3 0 0 0 0 1 0 1 0 0 2 0 3 0 1 0 2 1 0 1 0 0 3 0 0 0 0 0 3 0 1 0 3 0 0 0 0 0 3 0 1 1 0 0 1 0 1 0 1 0 1 0 1 0 0 0 1 0 0 0 2 0 3 0 3 0 1 0 0 0 3 0 0 0 0 0 2 0 2 0 0 0 2 0 1 0 0 0 1 0 3 0 0 0 0 1 0 0 1 0 2 0 2 0 1 0 3 0 3 0 0 0 3 0 3 0 2 0 0 0 1 0 0 0 0 0 1 0 1
1 163 2 0 1 0 1 0 1 0 2 0 1 0 2 0 0 0 3 0 2 0 0 0 1 0 1 0 0 0 0 0 2 0 0 0 1 0 1 0 1 1 0 1 0 0 0 0 2 1 0 0 2 0 0 1 0 0 1 0 1 0 1 0 1 1 0 0 2 0 1 0 1 0 1 1 0 1 0 0 2 0 2 0 2 0 2 0 2 0 0 0 2 0 1 0 0 0 3 0 2 0 3 0 1 0 1 0 1 0 1 0 0 0 0 0 1 1 0 0 3 0 0 0 3 0 1 0 1 0 1 0 3 0 2 0 0 0 0 1 0 0 3 0 2 0 2 0 2 0 3 0 0 0 1 0 2 0 0 0 0 0 2 0 2
0 164 1 0 0 3 0 2 0 2 1 0 1 0 0 0 0 2 0 2 0 0 0 1 0 2 0 2 0 0 0 0 1 0 0 1 0 2 0 2 1 0 0 0 0 3 0 0 0 0 1 0 1 0 0 2 0 3 0 1 0 2 0 2 0 3 0 3 0 3 0 2 0 2 1 0 0 0 1 0 0 0 0 1 0 1 0 1 0 0 0 1 1 0 0 3 0 1 0 2 0 1 0 2 0 3 0 2 0 2 0 2 0 0 0 0 1 0 0 0 0 1 0 2 0 1 0 3 0 2 0 3 0 2 0 0 0 1 0 1 1 0 0 2 0 1 0 1 0 1 0 2 0 1 0 2 1 0 0 1 0 1 0 0 0 1
1 165 1 1 0 0 2 0 1 0 2 0 0 0 3 0 0 0 0 0 0 0 1 0 3 0 0 0 0 0 1 0 1 0 3 0 2 0 0 0 1 1 0 0 1 0 1 0 1 0 1 1 0 1 0 0 0 0 2 1 0 0 1 0 1 0 3 0 3 0 3 0 1 0 1 1 0 0 1 0 2 1 0 0 2 0 2 0 2 0 0 1 0 0 0 0 1 1 0 0 0 1 0 0 1 0 3 0 1 0 1 0 0 0 1 0 1 0 2 1 0 0 2 1 0 1 0 0 3 0 1 0 3 0 0 0 1 0 2 0 3 0 3 0 3 0 2 0 2 0 2 1 0 1 0 0 1 1 0 0 2 0 2 0 0 0 2
0 165 3 0 3 0 3 0 2 1 0 0 2 0 1 0 1 0 0 0 0 0 3 0 1 0 1 0 0 0 2 0 3 0 2 0 0 0 1 0 3 0 3 0 1 0 2 0 2 1 0 0 0 0 3 0 0 0 0 1 0 0 2 0 3 0 2 0 3 0 2 0 3 0 3 0 3 0 2 0 1 0 0 0 0 0 1 0 0 0 2 0 2 1 0 0 3 0 3 0 0 0 3 0 2 0 1 0 3 0 2 0 0 0 2 0 3 0 1 0 0 0 1 0 0 1 0 0 1 1 0 0 2 0 1 0 3 0 0 0 3 0 3 0 3 0 1 0 1 0 2 0 0 0 3 0 2 1 0 0 0 0 0 0 2 0 0
0 167 1 0 2 0 3 0 3 0 1 1 0 1 0 0 3 0 2 0 0 0 1 0 1 0 3 0 2 0 1 0 0 0 3 0 0 0 1 0 3 0 2 0 2 1 0 0 1 0 1 1 0 0 1 0 1 0 1 0 1 1 0 0 0 0 3 0 1 0 3 0 1 0 3 0 3 0 3 0 0 0 3 0 0 0 0 0 2 0 1 0 0 0 2 0 0 0 2 0 2 0 2 0 2 0 0 1 0 0 3 0 0 0 2 0 0 0 2 0 3 0 0 0 2 0 1 0 3 0 2 0 3 0 3 0 3 0 1 0 2 0 2 0 3 0 2 0 3 0 2 1 0 0 2 0 2 0 1 1 0 0 0 0 0 1 0 0 1
0 167 3 0 0 0 3 0 3 0 0 0 0 1 0 0 2 0 0 0 1 0 2 0 3 0 2 0 0 0 3 0 1 0 1 0 1 0 3 0 2 0 1 0 1 1 0 0 2 0 3 0 3 0 1 0 2 0 2 0 3 0 3 0 0 0 1 1 0 0 2 1 0 0 3 0 3 0 2 0 2 0 1 0 1 0 0 1 0 0 3 0 0 1 0 0 2 0 0 0 1 0 1 0 0 0 2 1 0 0 1 0 1 1 0 0 2 0 0 0 2 0 1 1 0 1 0 0 3 0 1 0 3 0 3 0 2 1 0 0 1 0 1 0 3 0 1 0 3 0 2 0 0 0 0 0 0 1 0 1 0 0 0 0 1 0 3 0 1
1 169 1 0 1 0 2 0 2 0 2 0 1 0 1 0 3 0 3 0 0 0 3 0 0 0 3 0 0 0 2 0 1 0 3 0 2 0 3 0 2 0 0 1 0 0 0 0 0 0 0 0 3 0 2 1 0 0 1 0 1 0 3 0 2 0 1 1 0 0 0 0 1 0 0 0 2 0 3 0 1 0 0 0 3 0 2 0 1 1 0 0 1 0 2 0 3 0 3 0 0 0 2 0 2 0 1 0 0 1 0 0 2 0 3 0 3 0 3 0 1 0 0 0 0 0 0 1 0 0 1 1 0 0 3 0 3 0 1 1 0 0 2 0 3 0 1 1 0 0 3 0 0 0 1 0 0 0 1 1 0 0 2 1 0 0 3 0 1 1 0
1 169 2 0 3 0 0 0 1 0 0 0 3 0 3 0 2 0 2 0 2 0 1 0 2 0 1 0 1 1 0 1 0 0 3 0 1 0 3 0 0 0 2 0 2 1 0 0 0 0 1 0 2 0 1 1 0 0 2 0 3 0 2 0 0 1 0 1 0 0 0 0 2 0 1 0 0 0 2 0 3 0 1 0 2 0 0 1 0 1 0 0 3 0 0 0 3 0 2 0 2 0 0 0 0 0 3 0 1 1 0 0 0 0 3 0 3 0 2 0 3 0 0 0 0 0 1 0 3 0 2 1 0 0 2 0 3 0 0 0 0 0 0 0 3 0 0 0 0 0 1 0 1 0 2 0 0 1 0 0 0 0 1 0 0 0 1 1 0 1 0
1 171 1 0 0 0 2 0 1 0 2 0 1 0 2 0 3 0 1 0 1 0 0 1 0 0 0 1 0 0 0 0 0 1 0 0 1 1 0 0 2 0 2 0 0 0 1 1 0 0 0 0 3 0 0 0 0 0 0 0 0 0 3 0 0 0 2 1 0 0 2 1 0 1 0 0 3 0 1 0 0 0 2 1 0 0 0 0 2 1 0 1 0 0 1 0 2 0 2 0 1 0 0 0 1 0 1 0 1 1 0 1 0 0 1 0 2 0 3 0 1 0 2 0 1 0 0 0 3 0 2 0 2 0 0 0 0 0 2 0 1 0 0 0 1 0 1 0 1 0 0 0 2 0 2 1 0 0 2 0 2 1 0 0 2 0 0 1 0 0 0 0 2
0 171 2 0 0 1 0 1 0 0 0 1 0 0 1 0 2 0 3 0 2 0 1 0 3 0 0 0 2 1 0 0 1 0 3 0 2 1 0 0 0 0 0 0 1 0 3 0 3 0 0 0 1 0 1 0 0 0 0 0 1 0 1 0 2 0 1 0 0 0 1 0 0 1 0 0 1 0 3 0 1 0 0 1 0 0 1 0 1 0 0 0 3 0 2 0 0 0 0 0 3 0 0 0 2 0 2 1 0 0 0 0 3 0 2 0 0 0 2 1 0 0 0 0 3 0 1 0 2 0 1 0 0 0 1 0 0 1 0 0 3 0 0 0 2 0 2 0 2 0 1 0 0 0 2 0 0 0 0 0 1 1 0 1 0 0 2 0 3 0 0 0 0
0 172 1 0 0 2 1 0 0 3 0 0 0 3 0 2 0 0 0 3 0 0 1 0 0 2 0 2 0 0 1 0 0 3 0 2 0 1 1 0 0 0 0 0 0 3 0 2 0 2 0 1 0 2 0 2 0 0 0 0 0 2 0 2 1 0 0 3 0 0 0 2 0 1 0 3 0 2 0 1 0 3 0 1 0 3 0 1 0 2 0 1 0 2 0 0 0 1 0 1 0 1 0 2 0 0 0 1 1 0 0 1 0 2 0 0 0 2 0 0 1 0 0 1 0 1 1 0 0 0 0 3 0 0 0 2 0 1 1 0 0 1 0 2 0 0 0 1 0 0 0 3 0 0 1 0 0 1 0 0 1 0 0 0 1 0 0 0 0 2 0 1 0 0
0 173 1 1 0 0 1 0 0 0 1 0 2 0 2 0 0 0 2 0 1 0 2 1 0 0 0 0 0 0 2 1 0 0 2 0 0 1 0 1 0 0 0 0 1 0 2 0 1 0 0 1 0 0 1 0 0 0 1 0 1 0 0 0 2 0 0 0 1 0 1 1 0 1 0 0 3 0 0 1 0 0 2 1 0 0 2 1 0 0 0 1 0 0 0 0 1 0 2 0 2 0 2 1 0 0 1 0 3 0 3 0 1 1 0 0 1 1 0 0 2 0 3 0 1 0 3 0 3 0 0 0 1 0 1 1 0 1 0 1 0 0 2 1 0 0 1 0 2 0 1 0 1 0 2 0 3 0 1 0 1 0 3 0 0 0 2 1 0 1 0 0 3 0 0
0 173 3 0 3 0 1 0 0 0 3 0 0 0 0 0 1 1 0 1 0 0 1 1 0 0 0 0 1 0 0 1 0 1 0 0 2 1 0 0 2 1 0 0 2 1 0 0 3 0 1 0 3 0 1 0 0 0 2 0 2 0 0 1 0 0 1 0 2 1 0 0 0 1 0 0 1 0 2 1 0 0 1 0 0 0 0 1 0 0 1 0 2 1 0 0 3 0 0 0 1 0 1 1 0 0 3 0 2 0 2 1 0 1 0 1 0 0 0 0 0 0 2 1 0 0 3 0 2 0 1 0 2 1 0 0 0 1 0 1 0 0 0 1 0 0 2 1 0 0 3 0 3 0 0 0 2 0 3 0 3 0 1 0 2 0 1 0 0 1 0 0 1 0 1
1 175 1 0 2 0 2 0 3 0 1 0 1 0 1 0 0 1 0 0 0 0 3 0 2 0 2 1 0 0 2 0 1 1 0 1 0 0 1 0 0 0 1 0 0 0 1 0 0 0 1 1 0 0 2 0 3 0 1 0 0 0 0 0 2 0 3 0 2 0 0 1 0 0 1 0 3 0 2 0 0 1 0 0 2 0 0 0 1 0 3 0 2 0 1 0 0 0 1 0 1 0 2 1 0 0 0 0 2 0 1 0 2 0 0 1 0 0 2 1 0 0 1 0 1 0 0 0 2 0 0 1 0 0 1 1 0 0 1 1 0 0 3 0 0 1 0 0 1 0 0 0 2 0 2 0 2 0 0 0 3 0 2 1 0 0 0 0 3 0 1 0 3 0 1 0 2
0 175 3 0 0 0 1 0 2 0 3 0 2 0 2 0 1 0 3 0 0 0 2 0 1 0 2 0 0 0 0 0 0 0 0 0 3 0 1 0 0 0 2 0 0 0 2 0 0 1 0 0 0 0 0 0 2 0 3 0 0 0 1 0 0 0 3 0 0 0 2 0 3 0 2 0 2 0 0 0 2 0 3 0 3 0 0 0 3 0 2 0 0 0 3 0 0 0 2 0 3 0 0 1 0 0 0 1 0 1 0 0 0 0 2 1 0 0 0 1 0 0 2 0 2 0 0 1 0 0 2 0 3 0 2 0 3 0 2 1 0 0 1 0 2 0 3 0 1 0 1 0 0 0 1 0 0 0 2 0 2 0 1 1 0 0 1 0 1 1 0 0 2 1 0 0 1
0 177 1 0 1 0 1 0 3 0 0 0 3 0 1 0 0 1 0 0 2 0 1 1 0 1 0 0 0 0 1 0 0 0 0 0 1 0 1 0 3 0 0 1 0 0 1 1 0 0 2 0 2 1 0 0 1 0 0 0 2 0 1 0 2 0 1 0 1 0 2 0 0 0 3 0 1 0 0 0 2 0 0 0 3 0 2 0 2 0 2 0 0 0 2 0 1 0 2 0 0 0 2 0 2 0 3 0 0 1 0 0 3 0 0 0 0 1 0 0 1 1 0 0 0 0 0 0 2 1 0 0 0 0 3 0 1 0 3 0 1 1 0 0 3 0 0 0 2 0 3 0 2 0 0 0 2 0 1 0 0 0 0 1 0 1 0 0 2 1 0 0 0 0 0 1 0 0 2
1 177 2 0 2 0 3 0 1 0 2 0 1 0 3 0 1 1 0 0 0 0 0 0 0 0 2 1 0 0 2 0 0 0 0 0 2 0 3 0 1 0 2 0 3 0 2 1 0 0 0 0 1 1 0 0 2 0 0 1 0 1 0 0 0 0 3 0 2 1 0 0 2 0 1 0 3 0 0 1 0 0 2 0 2 0 1 0 1 0 0 0 1 1 0 1 0 0 0 0 2 0 0 0 1 0 2 0 2 1 0 0 1 0 1 0 1 0 3 0 2 0 2 1 0 0 1 0 0 1 0 0 1 0 1 1 0 0 3 0 0 0 0 0 1 0 2 0 0 0 3 0 0 0 1 1 0 0 3 0 0 0 1 1 0 1 0 0 0 1 0 0 0 0 1 1 0 0 0
1 179 1 0 0 0 1 0 2 1 0 0 0 1 0 0 2 1 0 1 0 0 0 0 0 0 1 0 0 1 0 1 0 0 1 0 1 0 0 0 2 1 0 0 1 0 3 0 1 1 0 0 0 0 3 0 3 0 3 0 1 1 0 0 3 0 0 0 2 0 1 1 0 1 0 1 0 0 2 0 2 1 0 0 0 0 0 0 3 0 2 0 0 1 0 0 0 0 2 1 0 1 0 0 1 0 3 0 0 0 1 1 0 0 2 0 2 0 3 0 2 0 1 0 1 1 0 0 2 0 1 0 3 0 1 1 0 0 0 0 1 0 1 0 0 0 2 1 0 0 2 0 1 0 1 1 0 0 0 0 1 0 1 1 0 0 0 0 3 0 0 0 2 1 0 0 3 0 2 1 0
1 179 2 0 0 0 3 0 0 1 0 0 1 1 0 0 1 0 0 0 2 1 0 0 0 0 2 0 1 1 0 0 3 0 1 0 2 0 1 0 0 1 0 0 3 0 1 1 0 1 0 0 1 0 2 0 3 0 3 0 0 0 0 0 1 0 2 0 0 0 0 0 0 1 0 1 0 0 0 0 1 1 0 0 0 0 1 0 2 0 0 0 2 0 3 0 0 0 1 0 0 0 3 0 2 0 1 0 1 1 0 0 0 0 0 0 1 0 3 0 0 0 3 0 3 0 3 0 3 0 3 0 1 1 0 1 0 0 0 0 2 0 2 0 1 0 0 1 0 1 0 0 3 0 3 0 2 1 0 0 2 0 3 0 3 0 0 0 1 0 2 0 1 0 0 0 2 0 1 1 0
1 180 1 0 0 2 0 1 0 2 0 3 0 2 0 3 0 1 0 1 0 0 1 0 0 1 0 0 0 0 0 0 0 1 1 0 0 0 0 3 0 1 1 0 0 2 0 0 0 0 0 3 0 2 0 0 0 3 0 2 0 1 0 0 0 2 1 0 0 1 0 0 0 1 1 0 0 2 1 0 0 3 0 2 1 0 0 2 1 0 0 2 0 0 0 2 0 1 0 2 0 1 0 2 0 0 0 3 0 3 0 2 1 0 0 0 0 3 0 1 0 2 0 2 0 3 0 3 0 3 0 3 0 0 0 0 0 3 0 0 0 0 0 0 0 3 0 1 1 0 1 0 0 2 0 3 0 2 0 0 0 0 0 3 0 2 0 1 0 2 1 0 0 3 0 0 1 0 1 0 1 0
0 181 1 0 3 0 3 0 3 0 0 0 3 0 1 0 2 0 3 0 2 0 1 0 3 0 1 0 0 0 0 0 0 0 3 0 3 0 0 0 1 1 0 1 0 1 0 0 1 0 1 0 2 0 0 0 2 0 2 0 0 0 3 0 1 0 0 1 0 0 2 0 0 1 0 0 0 0 1 0 0 0 2 0 2 0 0 0 0 1 0 1 0 0 1 1 0 1 0 0 0 1 0 0 0 0 2 0 2 0 3 0 1 1 0 0 1 0 1 1 0 0 1 0 1 0 3 0 3 0 3 0 2 0 1 0 1 0 1 0 1 0 0 0 1 0 2 0 0 0 0 1 0 0 0 0 3 0 0 0 1 0 1 0 2 0 0 1 0 0 2 0 0 0 1 0 2 1 0 1 0 0 2
1 181 3 0 2 0 3 0 2 0 2 0 1 1 0 0 1 0 3 0 0 1 0 0 2 0 3 0 0 0 0 0 1 0 2 0 2 0 1 1 0 0 0 1 0 0 3 0 1 0 2 1 0 0 2 0 0 0 0 0 2 0 1 0 3 0 1 0 3 0 3 0 1 0 2 1 0 0 2 0 1 0 0 0 0 0 1 0 1 1 0 0 3 0 2 1 0 0 3 0 0 0 3 0 0 0 0 0 1 0 2 1 0 1 0 0 2 0 3 0 3 0 1 0 3 0 2 0 3 0 3 0 0 0 3 0 2 0 2 0 2 0 0 0 2 1 0 0 1 0 1 0 3 0 0 0 1 0 1 0 2 0 2 1 0 0 2 0 3 0 3 0 0 0 3 0 1 0 0 1 0 0 0
1 183 1 0 2 0 1 0 3 0 1 0 0 1 0 1 0 0 3 0 1 0 2 1 0 0 0 0 2 0 1 0 0 0 3 0 0 0 0 1 0 1 0 0 1 1 0 0 1 1 0 0 1 1 0 1 0 0 1 0 0 1 0 1 0 0 2 1 0 0 3 0 2 1 0 0 1 1 0 1 0 0 3 0 0 0 0 0 2 1 0 0 0 0 2 0 2 0 0 0 1 0 2 0 1 0 1 0 0 0 3 0 1 0 0 1 0 0 0 0 3 0 2 1 0 0 3 0 1 0 3 0 2 0 2 0 2 0 1 0 1 0 0 0 2 0 0 1 0 0 2 0 3 0 1 0 1 0 2 0 3 0 0 0 2 0 0 0 0 0 3 0 2 0 2 0 1 0 3 0 1 0 2 1 0
1 183 2 1 0 1 0 0 2 0 3 0 1 1 0 1 0 0 1 1 0 0 1 1 0 0 0 1 0 0 3 0 1 0 1 0 1 0 1 1 0 0 3 0 2 0 3 0 2 0 3 0 2 1 0 0 3 0 1 0 1 1 0 1 0 0 1 0 0 0 2 0 1 1 0 1 0 0 0 1 0 0 1 0 1 0 1 0 0 1 0 0 1 0 0 0 0 0 1 0 2 1 0 0 3 0 2 0 1 0 1 0 3 0 1 0 3 0 0 0 2 0 2 0 0 0 1 1 0 0 3 0 1 0 1 0 0 0 3 0 2 0 0 1 0 0 2 1 0 0 0 0 2 0 3 0 3 0 0 0 2 0 1 1 0 0 1 0 1 0 2 0 1 0 0 1 0 0 2 1 0 0 1 1 0
1 185 1 0 1 0 0 1 0 0 0 0 3 0 0 0 0 0 3 0 2 0 3 0 2 0 3 0 0 1 0 0 1 0 3 0 2 0 2 1 0 0 0 0 2 0 1 0 3 0 1 0 3 0 2 0 0 0 1 1 0 0 0 0 0 0 3 0 1 0 1 0 0 0 0 0 0 0 3 0 0 0 3 0 1 0 2 0 2 0 1 0 3 0 1 0 0 0 0 0 3 0 1 0 0 0 2 0 0 0 3 0 3 0 1 1 0 0 2 0 2 0 0 0 0 0 1 1 0 0 0 0 1 0 3 0 2 0 1 0 2 0 0 0 2 1 0 0 0 1 0 0 1 0 0 0 3 0 2 0 1 1 0 1 0 1 0 0 2 0 2 1 0 0 3 0 1 1 0 0 0 1 0 0 3 0 2
0 185 2 0 2 0 1 0 3 0 0 0 1 0 1 0 1 0 2 0 1 0 3 0 1 0 2 0 2 0 3 0 2 0 2 0 1 0 1 1 0 0 0 1 0 1 0 0 2 1 0 0 3 0 0 0 1 0 3 0 2 1 0 0 1 0 1 0 3 0 2 0 0 0 0 0 1 0 1 0 2 0 1 1 0 0 1 0 0 1 0 0 2 0 3 0 0 0 1 0 1 0 3 0 0 1 0 0 2 0 2 0 3 0 0 0 0 0 0 0 0 0 1 0 0 0 3 0 2 1 0 0 3 0 2 0 0 1 0 0 0 0 2 0 0 1 0 0 1 0 3 0 1 0 1 0 2 0 1 0 0 0 0 1 0 1 0 0 0 0 2 0 0 0 1 1 0 1 0 0 1 1 0 0 2 0 1
1 187 1 0 0 0 0 1 0 0 2 0 1 0 2 0 2 0 2 1 0 1 0 0 2 1 0 0 1 0 1 0 3 0 1 0 0 0 3 0 3 0 3 0 0 1 0 1 0 0 1 0 0 0 1 0 1 0 3 0 2 0 1 1 0 0 2 0 3 0 2 0 0 0 1 0 0 0 2 0 2 1 0 1 0 1 0 0 2 0 1 1 0 0 0 0 2 0 1 0 2 0 3 0 1 0 2 1 0 0 0 0 1 0 2 0 1 0 0 0 0 0 0 0 2 0 1 0 2 0 2 0 0 0 2 0 0 0 2 0 2 1 0 1 0 0 2 0 3 0 2 0 1 0 3 0 2 1 0 0 3 0 0 0 1 1 0 0 2 1 0 1 0 0 1 1 0 0 0 0 3 0 2 0 3 0 3 0 2
0 187 2 0 0 0 1 0 3 0 3 0 3 0 0 0 1 0 2 0 0 1 0 0 0 1 0 0 2 0 3 0 1 0 3 0 1 0 2 0 3 0 2 0 2 1 0 0 3 0 1 0 0 0 2 0 3 0 2 0 1 0 0 0 0 0 0 0 3 0 0 0 1 0 2 0 1 0 0 0 2 0 0 1 0 0 3 0 3 0 3 0 2 1 0 1 0 1 0 0 1 0 2 1 0 0 1 1 0 0 0 0 2 1 0 0 3 0 0 0 0 0 0 1 0 1 0 0 1 0 0 0 1 1 0 0 2 0 0 0 2 0 0 1 0 0 0 0 3 0 0 1 0 0 3 0 2 0 0 0 1 0 1 1 0 0 0 0 1 0 0 0 3 0 2 0 3 0 0 0 2 0 1 0 3 0 3 0 1
1 188 1 0 0 1 0 3 0 2 0 3 0 2 0 1 0 2 1 0 0 2 0 3 0 0 1 0 0 0 0 2 1 0 0 2 1 0 0 1 0 3 0 1 0 2 0 0 0 1 0 3 0 1 0 0 0 3 0 0 0 3 0 0 0 0 0 1 0 1 0 1 0 2 1 0 0 3 0 0 1 0 0 2 1 0 0 2 0 3 0 3 0 2 0 0 1 0 0 3 0 2 0 0 1 0 0 3 0 3 0 0 0 1 0 0 0 1 0 1 0 0 0 1 1 0 0 3 0 1 0 0 0 3 0 3 0 3 0 0 1 0 0 2 0 3 0 0 0 1 0 2 1 0 0 2 0 0 0 1 0 2 0 3 0 2 1 0 0 2 0 1 0 2 0 1 0 2 0 1 1 0 1 0 0 3 0 2 1 0
1 189 1 0 3 0 2 0 2 0 1 0 3 0 0 1 0 0 2 0 0 0 0 0 2 0 2 0 3 0 0 0 1 0 0 0 0 1 0 0 3 0 1 1 0 0 0 0 1 0 3 0 1 0 3 0 1 0 1 0 2 0 1 0 1 0 0 0 2 0 2 0 3 0 1 0 0 0 1 0 2 1 0 0 1 0 0 0 0 0 3 0 3 0 0 0 2 1 0 0 2 0 0 0 2 1 0 0 2 0 2 0 1 0 2 0 0 0 2 0 2 0 0 1 0 0 0 0 1 0 3 0 1 0 2 0 3 0 2 0 2 1 0 0 0 0 2 0 1 0 3 0 0 1 0 1 0 0 1 0 3 0 0 0 3 0 1 1 0 1 0 1 0 0 0 1 0 0 1 0 0 0 0 1 0 0 2 0 1 1 0
1 189 3 0 2 0 1 0 0 1 0 0 2 0 2 0 3 0 3 0 0 0 1 0 0 0 1 0 2 0 1 0 2 0 0 0 1 1 0 0 1 1 0 1 0 0 0 0 3 0 1 1 0 0 2 0 3 0 2 1 0 0 3 0 2 0 1 0 0 0 1 0 2 0 3 0 0 0 3 0 0 1 0 0 2 0 0 0 1 0 2 0 2 0 2 0 0 1 0 1 0 0 2 0 1 0 0 0 0 0 0 1 0 0 0 0 2 0 0 0 0 0 2 0 2 1 0 0 3 0 1 1 0 0 1 0 3 0 1 0 1 1 0 0 0 1 0 1 0 0 2 0 2 1 0 0 3 0 2 0 1 0 2 0 2 0 0 0 0 1 0 0 3 0 0 0 3 0 1 0 0 0 1 0 3 0 3 0 3 0 2
0 191 1 0 2 0 0 0 3 0 1 1 0 0 0 0 1 0 3 0 2 0 1 0 2 0 0 0 2 1 0 1 0 0 0 0 1 0 3 0 3 0 2 1 0 0 3 0 0 0 2 0 0 0 0 0 0 0 3 0 2 0 0 0 2 0 0 0 3 0 0 0 3 0 0 0 2 0 2 0 1 0 2 0 3 0 3 0 0 0 3 0 0 0 1 0 0 0 2 1 0 0 3 0 3 0 2 0 0 0 0 0 1 0 2 1 0 1 0 0 1 0 1 0 0 0 2 0 0 0 1 1 0 1 0 0 3 0 1 0 3 0 3 0 3 0 0 1 0 1 0 0 0 0 2 0 0 0 2 0 0 1 0 0 1 0 0 0 1 0 1 1 0 0 1 0 2 0 1 0 3 0 0 0 3 0 2 0 3 0 3 0 1
1 191 2 1 0 0 2 0 1 1 0 1 0 0 0 0 3 0 2 0 0 1 0 0 0 0 2 0 1 0 0 0 2 1 0 0 3 0 2 0 3 0 2 0 0 0 1 0 1 1 0 0 1 0 0 0 1 0 2 0 0 0 1 1 0 0 2 0 1 0 2 0 1 0 2 0 0 0 0 1 0 0 1 0 3 0 2 0 2 0 1 0 1 0 2 0 1 0 1 0 0 0 2 0 3 0 0 0 1 0 0 0 3 0 1 0 0 0 3 0 1 0 2 0 0 1 0 0 1 1 0 0 0 1 0 0 1 1 0 0 3 0 3 0 2 0 2 1 0 0 2 1 0 1 0 0 1 1 0 0 2 0 3 0 1 0 0 0 2 0 3 0 3 0 1 1 0 1 0 0 2 0 2 0 2 0 1 0 3 0 2 1 0
1 193 1 0 1 0 0 0 0 0 0 0 0 0 3 0 0 0 2 0 0 0 2 0 2 1 0 1 0 0 3 0 1 0 1 0 0 0 2 0 1 0 3 0 0 0 1 0 2 0 3 0 3 0 1 0 0 0 2 1 0 0 1 0 3 0 3 0 3 0 2 1 0 1 0 0 0 0 1 0 1 0 3 0 2 0 2 0 1 0 0 0 3 0 2 1 0 0 3 0 2 0 1 0 0 0 2 0 1 0 2 0 1 0 1 0 3 0 1 0 1 1 0 0 0 0 2 0 3 0 2 0 3 0 0 0 3 0 2 1 0 0 2 0 3 0 1 0 2 0 0 0 1 0 0 0 3 0 2 1 0 0 0 0 2 0 3 0 1 0 0 0 3 0 3 0 0 0 0 1 0 0 0 0 1 0 0 1 0 0 3 0 1 1 0
1 193 2 0 2 0 0 0 0 0 0 0 1 0 1 0 1 1 0 0 2 0 0 0 2 0 0 1 0 0 1 0 3 0 2 0 0 1 0 1 0 0 2 0 1 0 3 0 0 0 3 0 2 0 3 0 1 0 0 1 0 0 3 0 2 0 3 0 3 0 2 0 0 0 2 1 0 0 2 0 3 0 2 0 1 0 0 0 3 0 1 0 2 0 2 0 0 0 2 0 0 0 3 0 0 1 0 1 0 0 0 0 3 0 3 0 1 0 3 0 3 0 3 0 0 0 0 0 3 0 1 0 2 0 2 0 2 0 2 0 0 0 0 0 2 1 0 0 0 0 1 0 2 0 1 0 2 0 1 1 0 0 1 0 0 0 2 0 3 0 1 0 2 0 2 0 1 0 1 0 2 1 0 0 2 0 1 1 0 0 1 1 0 1 0
1 195 1 0 0 0 0 0 1 0 0 0 0 0 2 0 2 0 3 0 3 0 3 0 0 1 0 0 2 0 3 0 2 0 2 0 0 0 2 1 0 0 3 0 3 0 3 0 1 0 2 0 2 0 1 0 2 0 3 0 1 1 0 0 2 0 1 0 3 0 3 0 0 0 2 0 1 0 0 0 0 0 3 0 0 0 3 0 1 0 1 1 0 0 1 0 0 0 1 1 0 0 2 0 1 0 2 1 0 0 3 0 0 0 2 0 2 1 0 0 3 0 3 0 2 0 1 0 1 0 1 1 0 0 1 0 1 0 1 0 0 0 1 0 1 0 0 1 0 0 0 0 2 1 0 1 0 0 0 1 0 1 0 0 2 0 1 0 0 0 2 1 0 0 1 0 0 0 3 0 3 0 0 1 0 1 0 1 0 1 0 1 0 0 0 0 2
0 195 2 0 0 0 0 0 2 0 0 0 1 0 0 0 1 0 3 0 3 0 2 0 2 1 0 0 0 0 3 0 1 0 0 0 2 0 1 0 0 0 2 0 3 0 2 1 0 0 1 0 0 1 0 0 1 0 2 1 0 1 0 1 0 1 0 0 3 0 2 0 1 1 0 0 3 0 0 0 1 0 1 0 2 0 1 0 3 0 3 0 3 0 1 0 0 0 3 0 3 0 3 0 3 0 1 0 0 0 1 0 2 0 0 0 2 0 0 0 2 0 3 0 0 0 3 0 2 0 3 0 3 0 1 0 2 0 2 0 0 0 2 0 2 0 1 0 3 0 0 0 1 0 0 0 3 0 0 1 0 0 3 0 3 0 2 0 1 0 0 1 0 0 2 0 1 0 2 0 2 0 2 1 0 1 0 1 0 1 0 0 3 0 0 0 0
0 196 1 0 0 1 0 0 1 0 0 1 0 2 0 0 0 3 0 2 0 3 0 1 0 1 1 0 0 1 0 1 0 3 0 0 1 0 0 3 0 1 0 0 0 3 0 1 1 0 0 2 0 1 0 3 0 2 0 1 0 0 1 0 1 0 1 0 0 2 0 1 0 0 0 0 0 1 0 1 0 2 0 2 1 0 1 0 0 3 0 3 0 2 0 3 0 1 0 2 0 3 0 3 0 2 0 3 0 0 0 2 1 0 0 1 1 0 0 2 0 0 0 2 0 2 0 2 0 1 0 3 0 2 1 0 0 1 0 0 0 2 0 0 0 0 1 0 0 2 0 1 0 2 0 1 0 1 0 2 1 0 0 2 0 3 0 0 0 3 0 1 0 3 0 3 0 3 0 0 0 1 0 2 0 0 1 0 1 0 1 0 0 1 0 1 0 0
0 197 1 0 3 0 1 0 1 0 3 0 1 1 0 0 2 0 2 0 1 0 2 0 3 0 3 0 3 0 1 0 3 0 1 0 2 1 0 0 1 0 3 0 1 0 1 1 0 1 0 1 0 1 0 0 3 0 0 0 3 0 1 1 0 1 0 0 3 0 3 0 2 0 0 0 0 0 2 0 3 0 0 0 2 0 0 1 0 0 2 0 3 0 1 0 2 1 0 0 1 0 3 0 3 0 1 0 2 0 2 0 0 1 0 0 3 0 3 0 3 0 1 0 0 0 1 0 0 1 0 0 3 0 1 1 0 0 2 0 0 1 0 0 1 0 1 0 3 0 3 0 2 1 0 0 3 0 3 0 1 0 0 0 0 0 2 0 2 0 1 1 0 0 3 0 3 0 2 0 1 0 2 1 0 0 2 1 0 1 0 0 3 0 1 0 2 0 0
0 197 3 0 1 0 3 0 3 0 2 0 0 0 0 0 0 0 0 1 0 0 1 0 3 0 3 0 2 1 0 0 2 1 0 0 1 1 0 0 3 0 1 1 0 0 0 0 0 1 0 1 0 1 0 0 1 0 2 0 2 0 0 0 0 1 0 0 2 0 3 0 0 0 1 0 1 0 0 0 2 0 1 1 0 0 2 1 0 0 0 0 2 1 0 0 1 1 0 0 3 0 2 0 2 1 0 0 1 0 0 0 2 1 0 0 2 0 3 0 2 0 3 0 0 0 2 0 1 1 0 0 1 1 0 1 0 1 0 0 2 0 3 0 1 0 3 0 2 0 3 0 2 0 0 0 2 0 2 0 3 0 0 0 1 0 0 0 1 0 0 0 0 0 2 0 3 0 0 1 0 0 2 0 0 0 1 0 0 1 0 0 1 1 0 0 0 0 1
1 199 1 0 1 1 0 0 3 0 3 0 0 0 1 0 0 0 0 0 1 0 3 0 2 0 2 0 3 0 2 0 0 0 0 1 0 1 0 0 0 0 1 1 0 1 0 0 0 0 1 1 0 1 0 0 3 0 2 0 0 0 0 0 1 0 1 1 0 0 0 0 2 0 1 0 2 0 2 0 1 0 0 0 0 0 0 0 0 1 0 0 1 0 0 1 0 1 0 0 0 0 2 0 1 0 1 1 0 0 2 0 1 0 1 0 0 0 0 0 3 0 1 0 2 0 1 1 0 1 0 1 0 1 0 0 0 1 0 1 0 0 0 0 2 1 0 0 3 0 1 0 3 0 0 0 2 0 0 0 1 0 2 0 1 0 2 0 0 0 2 0 0 0 1 0 0 0 2 0 2 0 3 0 3 0 0 0 2 0 1 0 3 0 2 0 2 1 0 0 2
0 199 2 1 0 0 0 0 2 0 2 0 1 0 2 0 0 0 0 0 3 0 2 0 1 0 1 0 3 0 0 0 1 0 1 1 0 0 2 1 0 1 0 0 0 0 2 1 0 1 0 0 0 1 0 0 2 0 0 0 1 0 0 0 2 0 3 0 2 1 0 1 0 1 0 0 1 0 0 0 3 0 0 0 0 0 0 0 1 0 3 0 1 0 1 1 0 0 2 1 0 1 0 0 3 0 3 0 3 0 3 0 2 0 2 0 0 0 1 0 1 1 0 0 1 0 0 0 0 1 0 1 0 0 3 0 0 1 0 0 3 0 0 0 1 0 0 0 1 1 0 0 2 0 1 1 0 0 1 0 2 1 0 1 0 0 0 0 1 1 0 0 1 0 2 0 1 0 0 0 1 0 3 0 2 0 1 1 0 1 0 0 3 0 1 0 2 0 0 0 0
0 201 1 0 0 1 0 0 1 0 0 0 0 1 0 0 0 0 1 0 1 0 2 0 0 0 3 0 3 0 1 0 1 0 2 1 0 0 0 0 1 0 0 0 3 0 0 0 1 0 0 0 3 0 0 0 3 0 3 0 0 0 2 0 1 0 0 0 3 0 2 0 0 1 0 0 3 0 1 0 1 0 1 0 1 0 0 0 0 0 3 0 1 1 0 0 0 0 0 0 1 0 0 1 0 0 2 0 3 0 3 0 3 0 1 0 0 0 1 0 2 0 3 0 3 0 1 0 0 0 1 1 0 1 0 0 1 0 2 1 0 0 1 0 1 0 2 0 0 0 3 0 3 0 3 0 3 0 3 0 2 0 1 0 0 0 2 1 0 0 3 0 3 0 1 1 0 0 3 0 0 0 3 0 2 0 1 0 0 0 0 1 0 0 1 1 0 0 0 0 1 0 0
0 201 2 0 1 0 3 0 1 0 0 0 1 0 2 1 0 0 2 0 2 1 0 0 2 0 2 0 2 0 3 0 3 0 0 1 0 0 0 0 2 0 1 0 1 0 1 0 2 0 1 0 1 0 2 0 2 0 2 0 1 1 0 0 3 0 1 0 2 0 0 0 2 1 0 0 1 0 3 0 2 0 2 0 2 0 0 0 1 0 1 1 0 1 0 0 0 0 0 0 2 0 1 1 0 0 0 0 3 0 3 0 2 0 3 0 0 0 3 0 0 0 3 0 2 0 3 0 0 1 0 0 0 0 3 0 2 0 0 1 0 0 2 0 2 1 0 0 2 0 2 0 3 0 3 0 3 0 3 0 0 0 3 0 1 0 1 0 0 0 2 0 3 0 0 0 0 0 1 0 2 0 2 0 0 0 3 0 0 0 1 0 3 0 2 0 2 1 0 0 2 0 0
0 202 1 0 1 0 0 2 0 3 0 0 0 3 0 1 0 0 0 0 0 2 0 0 0 0 0 1 0 1 0 3 0 2 0 2 0 2 1 0 1 0 0 3 0 2 0 2 1 0 0 3 0 3 0 0 0 1 0 1 0 0 0 0 0 1 1 0 0 0 0 2 0 0 1 0 0 3 0 2 0 1 0 1 0 0 0 1 0 2 1 0 0 0 0 2 1 0 0 0 1 0 1 0 1 0 0 1 0 2 0 3 0 1 0 2 0 2 0 1 0 2 0 2 0 1 0 2 0 2 0 3 0 0 0 2 0 0 0 2 1 0 0 0 0 2 0 0 0 0 0 1 0 3 0 3 0 3 0 2 0 2 0 1 0 3 0 2 0 1 0 0 0 2 0 1 0 0 0 3 0 0 0 0 0 2 0 1 0 1 0 3 0 2 0 1 0 1 1 0 1 0 0 1
0 203 1 1 0 1 0 0 0 0 2 0 2 0 1 0 3 0 0 0 0 1 0 0 1 0 0 0 2 0 3 0 2 0 1 0 1 0 2 0 0 1 0 0 2 0 1 0 2 0 0 0 2 0 2 0 1 0 2 0 2 0 0 0 0 0 3 0 2 1 0 1 0 0 2 1 0 0 2 0 0 0 3 0 2 0 0 0 3 0 0 1 0 0 1 0 0 1 0 0 1 1 0 1 0 0 3 0 2 0 0 0 2 1 0 0 1 0 0 1 0 0 1 0 0 1 0 0 1 0 1 0 2 0 1 1 0 0 2 0 0 1 0 0 0 1 0 0 1 0 0 0 3 0 2 0 3 0 3 0 1 0 0 1 0 0 3 0 0 0 3 0 0 1 0 0 3 0 1 0 1 0 1 0 0 1 0 0 3 0 3 0 2 0 0 1 0 0 0 0 0 0 3 0 1
1 204 1 0 0 0 0 3 0 0 0 0 0 0 1 0 0 2 0 1 0 1 0 3 0 1 0 1 0 0 0 3 0 0 0 3 0 2 1 0 0 2 0 3 0 3 0 2 1 0 0 2 0 0 0 0 1 0 0 1 0 0 0 1 0 1 0 2 0 2 0 0 1 0 0 0 1 0 1 0 0 2 0 2 0 0 0 2 0 1 0 2 0 3 0 1 0 1 0 3 0 2 1 0 1 0 0 2 0 0 0 2 0 0 1 0 0 2 0 1 0 3 0 1 0 1 0 3 0 1 0 2 1 0 1 0 1 0 1 0 0 2 0 3 0 0 0 3 0 1 0 1 0 2 0 1 0 3 0 2 0 3 0 1 1 0 0 1 0 2 0 1 0 2 1 0 0 1 0 3 0 2 0 2 0 1 1 0 0 2 0 3 0 0 0 2 0 2 1 0 0 1 0 1 1 0
1 205 1 0 3 0 0 0 1 0 1 0 0 0 1 0 3 0 3 0 2 0 3 0 1 0 3 0 2 0 1 0 1 0 2 0 2 0 2 0 0 0 0 0 3 0 3 0 1 1 0 1 0 0 1 0 1 0 3 0 1 0 0 0 2 0 3 0 0 0 0 0 2 0 3 0 0 1 0 1 0 0 0 0 0 0 1 1 0 1 0 0 1 0 2 0 3 0 3 0 2 0 2 0 0 0 3 0 3 0 0 1 0 0 2 0 3 0 3 0 3 0 1 0 3 0 3 0 1 1 0 0 2 0 0 1 0 1 0 1 0 0 0 0 2 0 2 0 1 0 3 0 2 1 0 1 0 0 3 0 1 0 2 1 0 1 0 0 2 1 0 1 0 0 1 1 0 0 3 0 2 0 1 0 1 0 0 0 0 0 0 0 2 0 2 0 0 0 1 1 0 0 2 0 3 0 2
0 205 3 0 1 0 1 0 2 0 2 0 0 0 3 0 2 0 3 0 1 0 2 1 0 0 3 0 0 0 3 0 3 0 0 0 1 0 0 0 1 0 1 0 2 0 3 0 0 0 0 0 3 0 1 0 3 0 1 0 3 0 1 0 0 0 2 0 1 0 1 0 0 0 2 0 2 1 0 0 2 1 0 0 0 1 0 0 0 0 3 0 2 0 0 0 3 0 3 0 1 0 0 0 2 0 2 0 2 0 2 1 0 0 0 0 3 0 3 0 2 1 0 0 3 0 2 1 0 1 0 1 0 0 2 1 0 1 0 0 3 0 0 0 0 0 0 1 0 0 3 0 2 0 0 1 0 0 1 1 0 0 2 0 0 1 0 0 1 0 0 0 3 0 2 1 0 0 2 0 0 0 3 0 2 0 0 0 0 0 1 0 0 0 0 0 1 1 0 0 0 0 0 0 3 0 1
1 207 1 0 1 0 3 0 3 0 0 0 0 0 2 0 2 0 1 0 2 1 0 0 2 0 0 0 1 0 2 0 2 0 2 0 1 0 2 0 0 0 2 0 3 0 0 0 2 0 1 0 1 0 1 1 0 0 2 1 0 0 2 0 3 0 0 1 0 0 3 0 2 0 1 0 0 0 2 0 0 0 0 1 0 0 1 0 3 0 0 0 2 0 0 0 2 0 2 0 2 0 3 0 1 0 0 0 1 0 1 0 1 1 0 0 1 0 2 0 3 0 2 0 0 0 2 0 2 0 0 1 0 1 0 0 1 0 0 1 0 0 1 0 1 0 0 0 1 1 0 0 2 0 0 0 2 0 3 0 2 0 3 0 3 0 1 0 3 0 1 0 1 0 2 0 1 1 0 1 0 0 2 0 2 0 0 0 1 0 0 0 2 0 0 0 0 0 3 0 2 1 0 0 1 0 1 1 0
1 207 2 0 3 0 2 0 2 0 1 0 1 0 0 0 0 1 0 0 1 1 0 1 0 0 1 0 3 0 0 0 1 0 0 1 0 0 0 0 2 0 0 0 2 0 1 1 0 0 3 0 2 1 0 0 0 0 1 0 0 0 0 0 2 0 2 1 0 0 2 0 0 0 3 0 0 1 0 0 1 0 1 0 3 0 2 0 1 0 1 1 0 0 2 0 0 0 1 0 1 0 2 0 3 0 0 0 2 0 2 0 3 0 3 0 2 0 0 0 3 0 0 0 2 0 0 0 0 0 2 1 0 0 3 0 1 0 1 0 3 0 1 0 2 0 0 0 3 0 3 0 3 0 1 0 0 0 3 0 1 0 3 0 2 1 0 0 2 0 3 0 3 0 0 0 0 0 0 1 0 0 0 0 0 0 1 0 2 0 0 1 0 0 1 0 1 0 2 0 1 1 0 0 2 0 3 0 2
0 209 1 0 0 0 3 0 1 0 0 0 3 0 2 0 0 0 1 0 3 0 2 1 0 0 3 0 2 0 1 0 1 0 2 0 1 0 2 1 0 1 0 0 2 0 0 0 0 0 0 0 2 0 1 1 0 0 0 0 2 0 0 0 1 0 0 0 1 1 0 1 0 0 2 0 1 0 2 0 3 0 1 0 3 0 2 0 0 0 3 0 3 0 3 0 3 0 0 0 2 0 3 0 0 0 2 0 2 0 0 0 1 0 3 0 3 0 0 0 2 0 1 0 1 1 0 0 1 0 1 0 1 0 0 0 1 0 3 0 3 0 1 1 0 0 0 0 2 0 2 0 3 0 2 0 3 0 1 0 1 1 0 0 3 0 2 0 0 0 0 0 3 0 2 0 1 0 0 0 1 0 2 1 0 0 0 0 2 1 0 0 2 0 3 0 1 0 3 0 0 0 0 0 0 0 0 0 3 0 1
1 209 2 0 1 0 1 0 3 0 1 0 2 0 0 0 1 0 3 0 2 0 2 0 0 0 2 0 0 0 3 0 2 1 0 1 0 0 2 0 0 0 3 0 3 0 0 0 0 0 0 1 0 1 0 1 0 0 0 1 0 0 1 0 2 0 0 1 0 0 0 0 3 0 3 0 3 0 0 0 2 1 0 0 3 0 0 0 2 0 2 0 3 0 3 0 2 0 2 0 0 0 2 0 2 0 0 0 0 0 1 0 3 0 2 0 2 0 1 1 0 0 3 0 3 0 3 0 1 0 2 0 2 0 0 0 3 0 2 0 2 1 0 1 0 0 1 0 0 0 1 0 3 0 1 0 2 1 0 0 0 0 0 0 2 0 0 0 1 0 1 0 2 0 0 0 3 0 0 0 3 0 0 1 0 0 1 0 1 0 0 0 0 0 2 1 0 0 2 0 1 0 0 0 0 0 1 0 1 1 0
1 210 1 0 0 3 0 3 0 1 1 0 0 0 0 1 0 3 0 2 0 1 0 0 0 1 1 0 0 2 0 2 0 2 0 0 0 3 0 3 0 1 0 2 0 2 0 1 0 0 0 1 1 0 1 0 0 3 0 0 0 3 0 1 1 0 0 2 0 3 0 0 0 2 0 3 0 2 0 2 0 1 0 0 0 1 0 2 0 0 0 1 0 3 0 3 0 1 0 0 0 2 0 0 0 0 0 1 0 0 0 3 0 2 0 1 0 1 0 0 0 0 0 2 0 3 0 2 1 0 0 1 0 0 0 2 0 2 0 1 0 2 0 0 0 3 0 1 0 0 0 3 0 1 1 0 0 1 1 0 0 0 0 0 1 0 0 1 0 2 0 2 1 0 0 2 0 1 0 2 0 1 0 2 0 3 0 1 0 2 0 0 0 1 0 0 1 0 1 0 0 3 0 0 0 0 0 2 0 3 0 2
0 211 1 1 0 0 2 0 2 1 0 1 0 0 0 0 3 0 2 0 0 0 3 0 0 1 0 0 0 0 0 0 1 0 0 0 2 0 2 0 2 1 0 0 1 0 0 0 3 0 0 1 0 0 0 1 0 0 1 0 2 0 2 0 0 0 0 0 0 0 2 0 2 0 0 0 3 0 1 0 0 0 3 0 0 0 2 1 0 0 1 0 3 0 2 0 2 0 3 0 0 1 0 0 1 0 0 0 2 0 1 0 2 0 0 0 3 0 2 0 0 0 1 0 0 0 3 0 1 1 0 0 2 0 1 0 0 0 0 1 0 0 0 0 2 0 1 0 3 0 1 0 1 1 0 1 0 0 3 0 2 1 0 0 1 0 3 0 2 0 0 0 1 1 0 1 0 1 0 0 0 1 0 0 1 0 2 1 0 0 0 0 1 0 2 0 1 1 0 1 0 0 1 0 1 0 1 0 0 0 3 0 1
1 212 1 0 0 0 0 0 0 2 0 0 0 3 0 0 0 2 0 0 0 2 0 1 0 2 0 2 1 0 0 0 0 2 0 1 0 0 0 1 0 1 1 0 0 2 0 1 0 1 0 2 0 3 0 0 0 3 0 2 0 0 0 0 0 1 0 0 0 1 0 0 0 0 0 2 0 1 0 3 0 1 0 1 0 2 0 0 1 0 0 3 0 2 0 1 0 1 0 2 0 2 0 3 0 1 0 0 1 0 1 0 0 0 0 2 0 2 0 0 0 1 0 2 0 1 0 1 1 0 1 0 1 0 0 3 0 0 0 1 0 2 1 0 1 0 1 0 0 2 1 0 0 0 0 0 1 0 0 2 0 1 1 0 0 3 0 2 0 0 0 1 1 0 0 0 1 0 0 3 0 0 0 3 0 2 0 0 1 0 0 0 0 3 0 0 0 0 0 0 0 3 0 1 0 2 0 2 0 1 0 1 1 0
1 213 1 0 2 1 0 0 0 1 0 0 2 0 1 0 1 1 0 0 1 1 0 1 0 0 1 0 1 1 0 0 0 1 0 0 3 0 0 0 2 0 3 0 3 0 3 0 2 0 3 0 0 0 2 0 2 0 2 0 0 0 1 0 0 0 2 0 0 0 2 0 0 0 0 1 0 1 0 0 2 0 3 0 2 1 0 0 2 1 0 0 2 0 0 0 3 0 3 0 0 0 1 0 2 0 3 0 1 1 0 0 3 0 0 0 0 0 0 0 1 0 2 1 0 1 0 0 0 0 0 1 0 1 0 0 1 0 1 0 3 0 1 0 0 1 0 1 0 0 0 1 0 0 0 0 1 1 0 0 0 0 0 0 0 0 2 0 0 0 1 0 3 0 3 0 0 1 0 0 1 0 2 0 2 0 0 0 2 0 3 0 0 0 1 0 1 0 0 0 1 0 1 1 0 0 1 0 0 0 3 0 3 0 2
0 213 3 0 0 1 0 0 1 0 3 0 3 0 2 0 3 0 3 0 2 1 0 0 3 0 1 0 3 0 3 0 0 1 0 0 1 0 2 0 0 0 3 0 3 0 3 0 1 0 2 0 2 0 0 0 1 0 0 0 1 0 2 0 0 1 0 0 1 1 0 0 1 0 1 1 0 1 0 0 0 0 3 0 2 0 0 0 0 1 0 1 0 0 2 0 2 0 2 0 1 0 3 0 0 0 3 0 0 0 0 0 1 0 1 0 0 0 0 0 3 0 1 0 0 0 2 1 0 0 1 1 0 0 3 0 1 0 3 0 1 0 3 0 1 1 0 0 3 0 0 0 2 1 0 0 3 0 2 1 0 0 0 0 0 1 0 0 1 0 3 0 2 0 2 0 2 0 3 0 2 0 0 0 0 0 2 0 0 0 2 0 1 0 2 0 2 0 0 0 2 0 3 0 3 0 1 0 1 0 2 0 3 0 1
1 215 1 0 1 0 2 0 3 0 2 0 2 0 3 0 1 0 3 0 3 0 2 0 0 0 1 1 0 0 3 0 2 0 2 0 3 0 1 1 0 0 2 0 2 0 3 0 2 1 0 0 1 0 0 0 1 0 2 0 0 0 2 1 0 0 2 0 3 0 2 0 3 0 1 1 0 0 0 0 3 0 0 0 2 0 0 0 1 0 1 1 0 1 0 0 0 0 1 0 0 1 0 0 2 0 2 0 1 0 1 0 0 0 2 0 2 0 0 0 1 0 1 0 3 0 1 0 0 1 0 1 0 0 0 0 1 1 0 0 2 1 0 0 3 0 0 0 0 0 1 0 2 0 1 0 0 0 2 0 1 1 0 0 0 0 1 0 3 0 2 0 2 0 1 0 1 0 1 0 3 0 0 0 1 0 0 1 0 0 1 1 0 1 0 0 1 0 0 0 2 0 0 0 3 0 2 0 3 0 3 0 0 0 2 1 0
1 215 2 0 3 0 0 0 3 0 1 0 1 0 2 1 0 0 3 0 3 0 0 0 1 1 0 0 0 0 2 0 1 0 1 0 3 0 0 0 0 0 0 0 1 0 3 0 1 1 0 0 2 0 0 0 2 1 0 0 2 0 1 0 0 0 0 0 3 0 1 0 2 1 0 1 0 0 1 0 1 0 1 1 0 0 1 0 2 1 0 0 0 0 2 1 0 0 2 0 1 1 0 0 0 0 0 0 3 0 2 0 1 0 0 0 0 0 1 0 2 0 3 0 1 0 3 0 1 1 0 0 2 1 0 1 0 0 0 0 1 0 0 0 1 0 1 0 0 0 2 1 0 0 3 0 0 1 0 1 0 1 0 0 0 0 3 0 2 0 1 0 0 0 3 0 2 0 3 0 1 0 1 0 2 0 1 0 3 0 2 1 0 0 3 0 1 0 0 1 0 0 2 0 2 0 1 0 3 0 2 0 2 0 0 1 0
1 217 1 0 0 0 2 0 2 0 1 0 3 0 3 0 1 0 0 0 2 0 2 0 1 0 3 0 2 1 0 1 0 0 3 0 3 0 1 0 1 0 0 0 0 0 3 0 1 1 0 1 0 1 0 0 2 0 0 1 0 1 0 0 3 0 0 0 1 0 1 1 0 0 2 0 0 0 3 0 1 0 2 0 3 0 3 0 2 0 0 1 0 0 1 0 0 1 0 1 0 1 0 1 0 0 0 0 1 0 2 0 0 0 3 0 0 0 0 0 3 0 0 0 2 1 0 0 3 0 0 0 0 0 1 0 0 0 2 1 0 0 2 0 0 0 2 0 2 0 1 0 1 0 0 0 1 0 2 1 0 1 0 0 3 0 0 0 2 0 0 0 3 0 1 0 2 0 1 0 2 0 3 0 2 1 0 1 0 0 3 0 2 0 0 0 1 0 3 0 1 1 0 0 0 0 0 1 0 0 3 0 1 0 0 0 2 0 2
0 217 2 0 1 0 0 0 0 1 0 0 3 0 2 0 3 0 1 0 0 0 0 1 0 0 3 0 2 0 0 1 0 0 2 0 2 0 3 0 2 0 0 0 1 0 2 0 0 0 0 1 0 0 3 0 3 0 1 1 0 1 0 0 1 0 1 0 2 0 3 0 3 0 3 0 1 0 1 1 0 0 1 0 3 0 3 0 0 0 2 0 3 0 1 0 1 1 0 1 0 1 0 0 2 1 0 0 2 1 0 0 2 0 1 0 1 0 1 0 1 0 2 0 1 0 0 0 1 0 1 0 0 0 2 0 1 0 0 1 0 1 0 0 2 0 0 0 0 0 3 0 2 0 0 0 3 0 1 0 0 1 0 0 1 0 1 1 0 0 2 0 1 1 0 0 0 1 0 0 1 0 3 0 2 0 0 1 0 0 2 0 0 0 1 0 3 0 1 1 0 1 0 0 0 0 1 1 0 0 1 0 3 0 1 0 0 0 1
1 218 1 0 0 3 0 0 0 1 1 0 0 2 0 1 0 2 0 3 0 0 0 1 1 0 0 2 0 0 0 2 1 0 0 0 0 1 0 3 0 0 0 1 0 2 1 0 0 1 0 1 1 0 0 2 0 3 0 0 0 0 0 3 0 1 0 3 0 0 0 3 0 3 0 2 0 3 0 3 0 3 0 2 0 2 0 2 0 2 0 0 0 2 1 0 0 0 0 0 1 0 1 0 0 1 0 0 0 0 1 0 1 0 0 3 0 2 0 2 0 2 1 0 0 3 0 0 0 2 0 2 0 0 1 0 0 3 0 1 1 0 0 3 0 3 0 0 0 1 0 2 0 0 0 2 0 1 0 3 0 1 0 3 0 1 0 3 0 3 0 3 0 3 0 3 0 0 0 3 0 2 0 2 0 0 0 2 0 3 0 3 0 0 0 3 0 2 0 0 0 0 0 2 1 0 0 3 0 3 0 2 0 1 0 3 0 0 0 2
0 219 1 1 0 0 1 0 1 0 3 0 3 0 3 0 3 0 0 0 2 0 1 0 3 0 3 0 3 0 1 0 0 1 0 0 0 0 3 0 1 0 1 0 3 0 0 1 0 0 2 1 0 0 0 0 0 0 2 0 1 0 1 0 1 1 0 0 2 0 2 0 2 0 3 0 1 0 3 0 3 0 3 0 1 0 1 0 1 0 0 0 2 0 0 1 0 0 0 0 1 1 0 0 3 0 1 0 0 0 1 1 0 1 0 0 2 0 1 0 1 0 2 0 0 0 1 0 2 0 0 0 0 0 2 1 0 0 2 0 0 0 0 0 2 0 2 0 1 0 2 1 0 0 1 1 0 1 0 0 2 1 0 0 2 1 0 0 3 0 3 0 3 0 3 0 2 0 2 0 2 0 1 0 0 0 2 0 0 0 3 0 2 0 2 0 2 0 0 0 1 0 1 0 1 0 0 0 2 0 3 0 0 1 0 0 2 0 2 0 0
0 219 3 0 3 0 1 0 3 0 2 0 3 0 3 0 2 0 1 1 0 1 0 0 3 0 3 0 2 0 3 0 1 0 3 0 0 0 1 0 3 0 3 0 1 0 2 1 0 0 0 1 0 0 0 0 0 1 0 0 3 0 2 1 0 0 0 0 0 0 1 0 1 0 2 1 0 0 3 0 3 0 2 0 3 0 2 0 2 0 0 1 0 0 2 0 2 1 0 1 0 0 0 0 1 0 3 0 0 1 0 0 0 0 3 0 3 0 2 0 2 1 0 0 1 0 2 1 0 0 1 0 1 0 0 1 0 1 0 0 1 0 1 0 0 0 0 1 0 0 1 1 0 1 0 0 0 1 0 0 1 0 0 0 1 0 0 0 2 0 3 0 3 0 3 0 1 0 1 0 0 0 3 0 0 1 0 0 2 0 2 0 1 0 1 0 0 0 1 0 2 0 2 0 2 0 1 0 0 0 2 0 2 1 0 0 0 0 0 0 1
1 221 1 0 2 0 2 1 0 0 3 0 1 0 3 0 3 0 1 0 0 0 0 1 0 0 2 0 3 0 1 0 2 1 0 0 2 0 1 0 3 0 2 0 2 1 0 0 1 1 0 0 1 0 2 1 0 0 1 1 0 0 2 0 1 1 0 0 0 0 0 0 2 0 3 0 1 0 0 0 2 0 3 0 1 0 3 0 1 0 0 0 2 1 0 0 0 0 2 0 0 0 2 1 0 0 3 0 1 0 2 0 3 0 0 0 2 0 3 0 1 0 1 1 0 0 3 0 0 1 0 0 2 0 2 0 1 1 0 0 3 0 1 0 2 0 0 0 1 0 3 0 2 1 0 0 3 0 0 0 3 0 1 0 0 0 2 0 1 0 0 0 3 0 3 0 2 0 3 0 2 0 1 0 1 0 2 1 0 0 0 0 0 0 3 0 2 0 0 0 3 0 0 0 1 0 0 0 3 0 1 0 0 0 1 1 0 0 0 0 0 0 2
0 221 3 0 0 0 2 0 0 0 1 1 0 0 3 0 2 0 3 0 0 0 1 1 0 0 0 0 2 1 0 0 1 1 0 1 0 1 0 0 3 0 1 0 1 1 0 0 3 0 3 0 2 0 0 1 0 0 3 0 3 0 3 0 3 0 2 1 0 0 1 0 0 0 2 0 3 0 1 0 0 0 2 1 0 0 2 0 3 0 1 0 0 1 0 0 0 1 0 0 2 0 1 0 0 0 1 1 0 0 1 0 2 0 2 0 0 0 2 1 0 0 0 0 0 0 1 0 2 1 0 0 0 0 1 0 0 0 0 0 1 1 0 0 0 0 1 0 3 0 2 0 2 0 0 0 1 0 2 0 1 0 3 0 0 1 0 0 3 0 1 0 2 0 3 0 1 0 3 0 0 0 3 0 3 0 0 1 0 0 0 0 1 0 2 0 0 0 2 0 1 0 1 0 2 0 1 0 1 0 3 0 0 0 3 0 2 1 0 0 1 0 0
0 223 1 0 1 0 1 1 0 0 1 1 0 0 0 0 2 0 1 0 2 0 1 0 3 0 3 0 0 0 0 1 0 1 0 0 0 1 0 1 0 0 1 1 0 0 0 0 0 0 2 0 3 0 0 0 2 1 0 0 2 0 3 0 3 0 3 0 1 1 0 0 2 0 1 0 0 0 2 0 3 0 1 0 1 0 0 0 0 0 2 0 3 0 1 0 3 0 0 0 3 0 3 0 2 0 0 0 3 0 3 0 2 0 0 0 0 0 2 0 0 1 0 0 0 0 0 0 3 0 0 1 0 0 0 0 2 0 0 0 0 0 3 0 2 1 0 0 3 0 2 0 1 0 0 0 1 0 2 1 0 1 0 0 2 0 2 1 0 0 1 1 0 0 1 0 2 1 0 0 2 0 2 0 2 0 2 0 2 0 2 1 0 0 2 1 0 0 1 1 0 0 3 0 2 1 0 0 3 0 3 0 1 0 2 0 2 0 1 1 0 0 2 0 0
0 223 2 0 2 0 3 0 3 0 2 0 2 1 0 1 0 1 0 0 0 1 0 0 3 0 2 0 1 0 1 1 0 0 3 0 0 1 0 0 3 0 2 0 2 1 0 0 1 0 0 0 2 0 2 0 1 0 0 0 0 0 3 0 3 0 2 1 0 1 0 1 0 0 3 0 1 0 0 0 2 0 3 0 2 0 0 0 1 0 0 0 2 1 0 0 2 0 2 0 2 0 3 0 0 0 2 0 2 0 3 0 0 0 1 0 0 1 0 0 2 0 2 1 0 0 1 0 1 0 2 0 2 1 0 1 0 0 1 0 1 0 2 0 2 0 0 0 2 0 0 0 3 0 0 0 3 0 1 0 0 1 0 0 0 0 1 1 0 0 3 0 3 0 2 0 1 0 0 0 0 0 1 0 1 0 1 0 1 0 2 0 0 0 0 1 0 1 0 0 0 0 2 0 2 0 0 0 2 0 2 1 0 0 1 0 0 1 0 1 0 1 0 0 1
0 225 1 0 0 0 1 0 3 0 3 0 1 0 2 0 0 1 0 0 3 0 0 1 0 0 2 0 0 1 0 0 0 0 0 0 1 0 2 1 0 0 2 0 1 0 1 1 0 0 2 0 1 0 0 0 0 0 3 0 0 0 1 0 2 0 3 0 2 0 0 1 0 1 0 0 1 0 3 0 1 0 0 0 3 0 0 0 1 0 2 0 1 0 1 0 0 0 0 0 1 0 1 0 2 0 2 0 0 0 1 0 2 0 1 0 2 0 1 1 0 0 0 0 1 1 0 0 2 0 3 0 0 0 2 0 0 0 3 0 1 0 3 0 0 0 0 0 1 1 0 0 2 0 1 0 2 0 1 0 3 0 1 0 2 1 0 1 0 0 0 0 2 0 3 0 0 0 3 0 0 0 0 0 2 0 2 0 2 0 2 1 0 0 1 0 1 1 0 0 3 0 0 0 0 0 0 0 2 0 0 0 1 1 0 0 2 0 1 1 0 1 0 0 3 0 1
1 225 2 0 0 0 3 0 2 0 2 1 0 0 0 0 2 1 0 0 1 0 2 0 3 0 3 0 1 0 2 1 0 0 0 0 3 0 0 1 0 1 0 0 3 0 3 0 3 0 3 0 2 0 0 0 1 0 1 0 1 0 3 0 0 0 3 0 0 0 2 1 0 0 3 0 2 0 1 0 3 0 1 0 1 0 1 0 2 1 0 0 3 0 2 0 0 0 0 0 2 0 3 0 0 0 0 0 1 0 2 1 0 1 0 0 0 1 0 1 0 0 0 1 0 0 0 0 0 0 2 0 1 1 0 0 2 0 1 1 0 0 2 0 1 0 0 0 3 0 3 0 3 0 2 1 0 1 0 0 2 1 0 0 2 0 0 0 3 0 0 0 0 0 2 0 2 0 1 0 1 0 1 0 0 0 1 0 1 0 1 1 0 0 2 1 0 0 0 0 1 0 1 0 0 0 0 1 0 0 1 1 0 0 0 0 0 0 0 0 0 1 0 0 1 1 0
1 226 1 0 0 2 0 2 0 1 0 1 1 0 0 1 0 0 1 0 0 3 0 0 0 3 0 2 1 0 0 1 1 0 0 1 0 1 0 2 1 0 1 0 0 2 0 3 0 3 0 3 0 0 0 1 0 2 0 2 0 3 0 1 0 2 0 1 0 2 0 1 0 0 0 2 0 0 1 0 0 2 0 3 0 2 0 3 0 1 0 0 0 2 0 0 0 1 0 1 0 0 0 2 0 1 0 0 0 3 0 1 0 0 0 3 0 0 1 0 0 3 0 0 0 2 1 0 0 0 1 0 1 0 1 0 1 0 1 0 1 0 1 0 0 3 0 1 0 2 0 3 0 3 0 2 0 0 1 0 0 0 1 0 1 0 0 2 0 1 0 1 0 1 0 0 0 0 0 3 0 2 0 2 0 0 0 2 0 2 1 0 0 0 0 0 1 0 0 0 0 2 0 2 0 0 0 1 0 3 0 2 0 2 1 0 0 0 0 0 0 1 0 3 0 2 0 2
0 227 1 1 0 0 0 0 0 0 3 0 3 0 3 0 1 0 1 1 0 0 1 0 2 0 2 0 1 1 0 0 3 0 3 0 1 0 3 0 1 0 0 1 0 0 0 0 3 0 3 0 2 0 1 0 3 0 0 0 1 0 2 1 0 0 0 1 0 0 0 0 3 0 0 1 0 0 2 1 0 0 0 0 3 0 1 0 2 0 3 0 0 1 0 0 1 0 2 0 2 0 0 1 0 0 3 0 1 0 1 0 3 0 1 0 1 0 2 1 0 0 1 0 2 0 0 1 0 0 1 1 0 1 0 1 0 1 0 1 0 1 0 1 0 0 1 1 0 0 1 0 3 0 3 0 0 0 2 0 3 0 0 1 0 0 3 0 3 0 2 0 2 0 2 0 0 0 1 0 2 0 1 0 0 0 2 0 0 0 1 1 0 0 0 0 1 0 3 0 0 0 0 0 0 0 1 0 3 0 2 0 1 0 1 1 0 0 0 0 0 0 3 0 2 0 1 0 1
1 227 3 0 2 1 0 0 1 0 2 0 3 0 2 0 3 0 3 0 3 0 2 0 0 0 1 0 0 0 0 0 2 0 2 1 0 0 2 0 3 0 1 0 3 0 0 0 2 0 3 0 0 1 0 0 2 0 1 0 3 0 0 1 0 0 1 0 3 0 0 0 1 0 2 1 0 0 0 1 0 0 1 0 1 1 0 0 1 0 2 0 2 0 3 0 2 0 0 0 0 0 2 1 0 0 1 0 3 0 3 0 1 0 3 0 3 0 0 1 0 0 2 1 0 0 2 0 3 0 2 1 0 1 0 1 0 1 0 1 0 1 0 0 3 0 2 0 3 0 2 0 2 0 2 0 2 0 0 0 2 0 2 1 0 0 2 0 3 0 1 0 1 0 0 0 1 0 2 1 0 0 3 0 0 1 0 0 1 0 3 0 2 1 0 0 3 0 1 0 1 0 0 0 0 0 3 0 2 0 0 0 3 0 3 0 2 1 0 0 1 0 2 0 0 0 3 0 2
0 229 1 0 2 0 1 1 0 0 3 0 0 0 3 0 1 0 3 0 3 0 3 0 0 0 1 0 2 0 0 0 1 0 0 0 2 0 0 0 0 0 2 1 0 0 2 0 2 0 0 0 2 0 2 0 3 0 3 0 3 0 1 0 2 0 3 0 2 0 1 0 1 0 3 0 0 1 0 0 1 0 3 0 1 0 3 0 3 0 2 0 0 0 1 0 3 0 0 0 1 0 1 0 0 1 0 0 3 0 2 0 2 1 0 0 3 0 2 0 2 1 0 0 1 0 0 0 0 0 3 0 2 0 0 1 0 1 0 1 0 1 0 1 0 0 2 0 1 0 3 0 1 0 1 0 1 0 0 0 2 0 0 0 2 0 0 0 0 0 2 0 3 0 2 0 0 0 3 0 1 0 0 0 1 0 2 0 3 0 2 0 2 0 2 0 0 0 1 0 3 0 2 0 0 0 1 0 2 0 0 0 2 0 2 0 3 0 1 1 0 0 2 1 0 0 2 0 2 0 1
1 229 3 0 0 0 0 0 0 0 1 0 2 0 1 1 0 0 3 0 3 0 2 0 1 0 2 1 0 0 1 0 2 0 0 1 0 0 1 0 1 0 1 0 0 0 0 0 0 0 2 0 0 0 1 0 3 0 3 0 2 1 0 0 1 0 3 0 0 0 3 0 3 0 1 0 2 0 3 0 2 0 1 1 0 0 3 0 3 0 0 0 1 0 3 0 1 0 1 0 2 0 2 0 1 1 0 0 2 0 1 0 2 0 0 0 2 0 1 0 1 1 0 0 2 0 0 0 1 0 2 0 0 0 2 1 0 1 0 1 0 1 0 0 3 0 3 0 3 0 1 0 3 0 2 0 2 0 0 1 0 0 1 1 0 0 1 0 1 0 0 0 3 0 0 0 2 0 1 0 3 0 0 0 3 0 0 0 3 0 1 0 1 0 0 0 1 0 3 0 2 0 0 0 1 0 2 1 0 0 2 0 0 0 1 0 3 0 0 0 0 0 1 0 0 0 0 0 0 1 0
1 231 1 0 1 0 1 0 0 0 0 0 3 0 0 0 0 0 0 0 2 0 3 0 0 1 0 0 1 1 0 0 2 1 0 0 2 0 3 0 1 0 2 0 2 0 0 0 0 0 0 1 0 0 1 0 3 0 2 0 3 0 1 1 0 0 3 0 1 0 2 0 2 0 2 1 0 0 1 0 3 0 1 0 0 0 0 0 2 0 2 0 1 0 3 0 1 0 3 0 3 0 0 0 0 1 0 1 0 1 0 1 0 0 0 0 1 1 0 0 3 0 3 0 3 0 3 0 0 0 2 1 0 0 2 0 1 0 0 1 0 1 0 1 0 0 2 0 3 0 2 1 0 0 3 0 1 0 0 0 2 0 3 0 2 0 3 0 1 0 2 0 1 0 1 0 1 1 0 1 0 0 2 0 2 0 1 0 2 0 1 0 3 0 2 0 0 0 3 0 2 0 0 0 1 0 3 0 0 1 0 1 0 0 1 0 3 0 1 0 1 0 0 0 2 0 0 0 0 0 1 0 2
0 231 2 0 2 0 2 0 0 0 1 0 1 0 1 0 0 0 1 0 0 0 2 0 2 0 3 0 2 1 0 0 1 0 0 0 0 0 2 1 0 0 1 0 0 0 1 0 0 0 1 0 3 0 2 0 2 0 1 0 3 0 0 0 0 0 1 1 0 0 1 0 1 0 1 1 0 0 3 0 1 0 3 0 0 0 1 0 0 0 0 1 0 0 2 1 0 0 3 0 2 0 1 0 1 1 0 1 0 1 0 0 2 1 0 1 0 0 0 0 2 0 3 0 3 0 2 0 2 0 0 1 0 1 0 0 3 0 1 1 0 1 0 1 0 0 0 0 3 0 2 0 0 0 1 0 3 0 1 0 0 0 3 0 1 0 2 1 0 0 0 0 3 0 2 1 0 0 0 1 0 0 0 0 0 1 0 0 0 1 0 0 3 0 0 0 2 0 2 0 0 0 1 0 3 0 1 0 2 1 0 0 3 0 2 0 1 0 3 0 2 0 0 1 0 0 1 0 0 0 3 0 0
0 233 1 0 0 0 1 0 0 0 1 0 2 0 2 0 2 0 0 0 2 0 1 0 0 0 1 0 3 0 1 1 0 0 2 0 0 0 1 0 0 1 0 0 2 0 0 0 2 0 0 0 3 0 2 0 1 0 0 1 0 0 2 0 1 0 0 0 3 0 3 0 1 0 2 1 0 0 0 0 1 1 0 0 2 0 1 0 2 0 0 0 1 1 0 0 1 0 0 0 2 0 0 1 0 0 0 0 0 1 0 1 0 0 1 0 0 0 3 0 0 0 0 0 3 0 3 0 1 0 0 0 2 1 0 1 0 0 2 0 0 0 0 1 0 0 3 0 0 0 2 0 0 0 1 0 3 0 1 0 3 0 1 0 1 1 0 0 1 1 0 0 1 0 2 0 1 1 0 0 1 0 2 1 0 0 1 0 3 0 0 1 0 0 1 0 2 0 0 0 0 0 1 0 3 0 1 1 0 0 2 0 0 0 2 0 0 1 0 0 3 0 0 0 2 0 3 0 1 0 1 0 1 0 1
1 233 2 0 0 0 2 0 0 0 3 0 0 0 1 0 0 0 1 1 0 0 3 0 0 0 3 0 1 1 0 1 0 1 0 0 1 0 2 0 1 0 3 0 3 0 0 1 0 0 2 0 2 0 0 0 3 0 1 0 3 0 3 0 2 0 1 0 2 0 2 1 0 0 1 1 0 0 0 0 3 0 3 0 3 0 2 1 0 0 1 0 3 0 3 0 1 0 0 1 0 0 2 0 2 1 0 0 1 1 0 0 3 0 1 0 1 0 1 0 1 0 1 0 2 0 2 0 3 0 1 0 1 0 0 0 3 0 3 0 0 0 1 1 0 0 1 0 1 1 0 0 1 0 3 0 1 1 0 0 2 0 3 0 3 0 3 0 2 0 3 0 1 1 0 1 0 1 0 0 3 0 0 1 0 0 3 0 1 0 2 0 3 0 1 1 0 0 1 0 0 0 3 0 1 1 0 1 0 1 0 0 1 1 0 0 2 1 0 0 1 0 2 0 0 0 2 0 3 0 2 0 2 0 2
0 234 1 0 0 1 1 0 0 2 0 1 0 1 0 2 0 0 1 0 0 0 0 1 0 2 0 2 0 0 0 0 1 0 0 3 0 1 1 0 1 0 0 3 0 2 0 2 1 0 0 0 0 0 0 2 0 1 1 0 0 3 0 3 0 0 1 0 0 1 0 1 1 0 0 3 0 3 0 0 0 2 0 3 0 3 0 1 1 0 0 3 0 2 0 2 0 3 0 1 1 0 0 0 0 1 1 0 1 0 0 0 0 1 0 3 0 2 0 2 0 2 0 3 0 0 0 1 0 2 0 3 0 2 0 1 0 2 0 2 0 1 0 3 0 3 0 1 0 3 0 3 0 2 0 2 0 0 0 0 0 0 0 3 0 3 0 3 0 1 0 3 0 0 0 0 1 0 1 0 0 1 0 2 1 0 0 1 1 0 0 1 0 2 1 0 1 0 0 2 0 1 0 2 0 0 0 0 1 0 0 3 0 2 1 0 0 0 1 0 0 2 1 0 0 2 0 0 0 3 0 1 0 1 0 1
1 235 1 0 3 0 2 0 3 0 3 0 2 0 2 1 0 0 2 0 2 1 0 0 3 0 0 0 0 0 1 0 1 1 0 0 2 0 0 0 0 1 0 0 2 0 1 0 1 1 0 0 0 0 1 0 0 0 0 0 0 0 2 0 2 0 2 0 3 0 1 1 0 0 0 0 2 0 2 0 2 0 0 0 3 0 3 0 0 0 0 0 2 0 1 0 1 0 2 1 0 1 0 0 0 1 0 0 0 0 2 1 0 0 3 0 2 0 1 0 1 0 1 0 2 0 1 0 3 0 0 0 3 0 0 1 0 0 1 0 0 1 0 0 3 0 2 1 0 0 3 0 3 0 1 0 0 0 1 0 0 0 1 0 2 0 3 0 2 1 0 0 2 0 1 0 1 1 0 0 3 0 2 0 0 1 0 0 3 0 3 0 2 0 1 0 0 0 3 0 3 0 2 1 0 0 1 0 1 1 0 0 2 0 1 1 0 0 1 1 0 0 0 1 0 1 0 0 2 0 1 0 3 0 2 0 2
0 235 3 0 2 0 1 0 3 0 3 0 1 0 2 0 0 0 0 0 2 0 0 0 1 0 1 0 0 0 2 0 3 0 3 0 3 0 0 0 1 0 3 0 3 0 2 0 3 0 2 1 0 0 2 0 0 0 0 0 1 0 0 0 1 0 1 0 2 1 0 1 0 0 1 0 0 0 1 0 0 0 2 0 2 0 2 0 1 0 0 1 0 0 3 0 3 0 1 0 0 0 3 0 0 0 3 0 0 0 1 0 0 0 2 0 0 0 3 0 2 0 2 1 0 1 0 0 2 0 2 0 1 0 2 0 3 0 1 0 1 1 0 0 2 0 2 0 0 0 2 0 2 0 3 0 0 0 2 0 0 0 3 0 0 0 3 0 1 1 0 1 0 1 0 0 0 0 0 0 2 0 0 0 2 1 0 0 2 0 3 0 0 0 3 0 1 0 2 0 3 0 1 1 0 0 2 0 3 0 3 0 3 0 3 0 3 0 2 0 3 0 0 1 0 0 3 0 3 0 3 0 2 0 1 0 1
1 237 1 0 2 0 0 1 0 0 3 0 2 1 0 0 0 0 1 0 0 1 0 0 1 0 2 0 2 0 1 0 0 0 3 0 3 0 2 0 1 0 3 0 2 0 3 0 1 0 3 0 1 1 0 1 0 0 1 0 0 0 2 0 0 0 2 0 3 0 1 0 0 0 3 0 1 0 0 0 2 0 1 0 0 0 1 0 0 0 3 0 1 1 0 0 2 0 2 0 3 0 1 0 1 0 2 0 1 0 1 0 2 0 0 1 0 0 2 0 2 0 1 0 2 0 0 1 0 0 0 0 0 1 0 0 1 0 2 1 0 0 0 0 0 0 0 0 0 0 2 0 0 0 1 0 2 0 1 1 0 0 2 0 1 0 2 0 2 0 0 0 0 1 0 0 2 1 0 0 0 1 0 0 2 0 1 0 0 0 0 0 2 0 2 0 1 1 0 0 1 0 3 0 0 0 0 0 0 0 3 0 3 0 3 0 3 0 3 0 1 0 2 0 2 1 0 0 2 0 3 0 3 0 0 0 3 0 2
0 237 2 1 0 0 2 1 0 0 2 0 1 1 0 0 0 0 2 0 1 0 3 0 2 0 0 0 0 0 3 0 1 0 2 0 3 0 0 1 0 0 3 0 1 0 2 1 0 0 3 0 0 0 0 0 3 0 1 0 0 1 0 0 2 0 0 0 2 0 3 0 1 0 1 0 3 0 0 1 0 0 3 0 0 0 2 0 1 0 2 0 0 0 0 0 0 0 1 0 2 0 3 0 2 1 0 0 3 0 2 1 0 0 2 1 0 0 0 0 0 1 0 0 0 0 2 0 2 1 0 0 1 0 3 0 2 0 0 1 0 0 0 0 0 0 0 0 0 1 0 0 1 0 2 1 0 1 0 1 0 1 0 1 0 0 1 0 0 0 1 0 1 1 0 0 0 1 0 0 1 0 3 0 3 0 2 0 0 0 1 0 0 0 0 1 0 1 0 0 3 0 1 0 1 0 0 0 1 0 2 0 3 0 3 0 3 0 2 1 0 0 1 0 2 0 0 0 0 0 3 0 2 0 2 0 2 0 1
1 239 1 0 1 0 0 0 0 1 0 1 0 1 0 1 0 0 0 1 0 1 0 0 3 0 0 0 1 0 1 0 1 1 0 0 1 0 2 0 2 1 0 0 1 1 0 0 2 0 0 0 1 0 1 0 1 0 1 0 3 0 1 0 3 0 3 0 1 0 0 0 2 0 3 0 3 0 1 0 2 1 0 0 1 0 1 1 0 1 0 0 0 0 1 0 0 0 0 0 3 0 0 0 3 0 2 0 0 0 2 0 2 0 0 0 0 1 0 0 0 0 1 0 3 0 0 0 0 0 1 1 0 0 3 0 2 0 0 0 2 0 2 1 0 0 0 0 0 0 1 0 3 0 2 0 1 0 0 1 0 1 0 1 0 0 3 0 1 0 0 0 2 0 3 0 3 0 0 0 3 0 2 0 2 0 3 0 0 0 1 0 2 0 0 0 1 1 0 1 0 0 1 0 3 0 2 0 0 0 3 0 0 0 3 0 3 0 3 0 1 1 0 0 2 1 0 0 1 0 1 0 2 0 1 0 1 0 0 1 0
1 239 2 0 2 0 0 0 1 1 0 1 0 1 0 0 3 0 0 1 0 1 0 0 1 0 1 0 2 0 2 0 3 0 3 0 2 0 0 0 1 1 0 0 3 0 3 0 3 0 0 0 2 0 2 0 2 0 3 0 1 1 0 0 3 0 2 0 3 0 1 0 0 0 3 0 2 1 0 0 1 1 0 0 2 1 0 0 0 0 2 1 0 0 2 0 0 0 1 0 1 0 2 0 2 0 0 0 2 0 0 0 0 0 1 0 1 0 2 1 0 0 3 0 1 0 1 0 0 1 0 0 0 0 2 0 0 0 2 0 0 0 1 1 0 0 0 0 0 0 3 0 2 0 0 0 3 0 1 1 0 1 0 1 0 0 1 0 3 0 1 0 0 0 3 0 2 0 2 0 2 0 1 0 1 0 2 0 1 0 2 1 0 0 1 1 0 0 0 0 3 0 2 0 2 0 0 0 2 0 1 0 2 0 2 0 3 0 3 0 0 0 0 0 0 1 0 0 2 0 2 1 0 0 3 0 2 0 1 0 2
0 241 1 0 0 0 0 0 1 1 0 0 0 1 0 1 0 0 1 0 2 1 0 0 3 0 1 0 3 0 0 0 1 0 3 0 3 0 0 0 1 1 0 0 0 0 2 0 3 0 2 0 2 0 0 0 1 0 1 0 3 0 0 0 0 0 2 0 1 0 2 0 3 0 1 0 2 0 1 1 0 1 0 0 0 0 0 1 0 0 1 0 0 1 0 1 0 0 1 0 2 0 3 0 0 0 0 0 1 1 0 0 1 0 0 0 2 0 3 0 1 0 0 0 1 0 3 0 2 0 1 0 2 1 0 1 0 0 1 1 0 0 1 0 3 0 2 1 0 0 1 0 2 0 0 0 2 0 2 0 0 0 0 1 0 0 3 0 2 0 1 0 3 0 1 0 2 0 1 0 1 0 0 0 3 0 2 1 0 1 0 0 1 1 0 0 3 0 3 0 0 0 2 0 1 0 0 0 1 1 0 1 0 0 1 0 1 0 3 0 2 0 1 0 0 0 1 1 0 0 0 0 2 0 0 0 2 0 0 1 0 0 1
0 241 2 0 0 0 0 0 3 0 3 0 0 1 0 0 3 0 2 0 1 0 0 0 1 1 0 0 2 0 1 0 3 0 2 0 2 0 1 0 3 0 3 0 0 0 0 0 3 0 1 0 0 0 1 0 2 0 3 0 1 0 1 0 0 1 0 1 0 0 1 0 2 1 0 0 1 0 0 0 0 0 2 1 0 0 1 0 3 0 1 0 1 1 0 0 3 0 2 0 0 0 2 0 1 0 0 0 3 0 3 0 1 0 1 0 0 0 2 0 3 0 0 0 3 0 2 0 0 1 0 0 2 0 0 0 3 0 2 0 3 0 2 0 2 0 1 1 0 0 2 1 0 0 2 0 0 0 0 0 1 0 1 1 0 0 2 0 0 1 0 0 2 1 0 0 0 0 3 0 2 0 1 0 2 0 2 0 0 0 3 0 2 1 0 0 2 0 2 0 1 1 0 0 3 0 0 1 0 0 0 0 3 0 1 0 3 0 2 0 0 0 3 0 0 0 3 0 2 1 0 1 0 0 1 1 0 0 2 0 3 0 1
1 242 1 0 0 1 0 1 0 2 0 2 0 2 1 0 0 2 0 0 0 3 0 0 0 3 0 3 0 3 0 3 0 2 0 1 0 0 1 0 0 3 0 2 0 1 0 1 0 1 0 3 0 0 0 3 0 0 0 2 0 3 0 2 0 1 1 0 0 3 0 2 0 0 1 0 0 2 0 0 0 1 0 0 1 0 0 3 0 1 1 0 0 0 0 0 0 2 0 0 0 1 1 0 0 3 0 1 0 2 0 2 0 3 0 2 0 1 0 0 0 2 0 2 0 2 0 0 0 2 0 3 0 3 0 1 0 2 0 1 0 3 0 1 0 1 0 0 0 0 0 0 1 0 1 0 0 1 0 0 0 2 0 3 0 3 0 3 0 1 1 0 0 0 1 0 0 1 0 2 0 0 1 0 0 1 0 0 0 2 0 2 0 2 0 0 0 0 0 1 0 0 0 0 0 1 0 2 0 3 0 0 0 1 1 0 0 3 0 0 0 2 0 1 0 2 0 2 0 2 0 0 0 3 0 2 1 0 0 0 0 2 1 0
1 243 1 0 3 0 1 0 3 0 0 0 1 0 1 1 0 1 0 0 2 0 1 0 2 0 2 0 3 0 3 0 3 0 0 0 3 0 1 1 0 0 2 0 0 0 3 0 2 0 3 0 1 0 2 0 1 0 2 0 0 0 3 0 1 0 0 0 0 0 2 0 0 0 2 0 3 0 3 0 0 0 2 0 1 1 0 0 1 1 0 1 0 0 0 0 0 1 0 0 1 1 0 0 0 0 1 1 0 0 1 0 1 0 3 0 0 0 3 0 1 0 0 0 1 0 0 0 2 0 0 0 3 0 2 1 0 0 0 1 0 0 2 0 3 0 2 0 0 0 0 0 1 1 0 0 3 0 1 0 1 0 0 0 3 0 3 0 2 1 0 1 0 0 1 0 3 0 1 1 0 0 2 0 3 0 1 0 1 0 0 0 1 0 0 0 1 0 0 0 2 0 0 0 0 0 3 0 0 0 2 0 1 1 0 0 0 0 1 0 1 1 0 1 0 0 1 0 1 0 0 0 2 0 2 0 1 1 0 0 1 0 0 1 0
1 243 3 0 1 1 0 0 2 0 1 0 2 1 0 0 0 0 3 0 3 0 3 0 0 0 1 0 3 0 3 0 2 0 2 0 1 1 0 1 0 1 0 0 2 0 2 0 1 0 2 1 0 0 0 1 0 0 0 0 2 0 1 0 3 0 0 0 0 1 0 0 2 0 0 0 3 0 2 0 1 1 0 1 0 1 0 1 0 0 0 0 2 1 0 0 1 0 3 0 2 0 2 1 0 0 3 0 3 0 1 0 3 0 1 0 2 0 1 0 3 0 0 0 2 0 0 1 0 0 2 0 2 0 1 1 0 0 1 1 0 0 0 0 3 0 0 0 1 0 0 1 0 0 0 0 1 0 3 0 2 0 1 0 2 0 3 0 2 0 0 0 3 0 2 0 2 0 0 0 0 0 0 0 2 0 3 0 2 0 0 0 2 0 0 0 2 0 0 1 0 0 1 0 1 0 1 0 1 1 0 1 0 1 0 0 0 0 2 1 0 0 0 0 3 0 1 0 2 0 1 0 0 0 0 1 0 1 0 0 2 0 1 0 2
0 245 1 0 1 1 0 1 0 1 0 1 0 0 1 1 0 0 1 0 2 0 3 0 2 0 1 0 3 0 2 0 3 0 1 0 1 0 0 0 0 1 0 1 0 0 0 0 0 1 0 0 1 1 0 0 1 0 2 1 0 1 0 1 0 0 2 0 1 0 1 0 3 0 3 0 1 0 2 0 1 0 0 0 0 1 0 1 0 0 3 0 0 0 0 1 0 0 3 0 2 0 1 0 2 0 0 0 2 0 2 1 0 0 2 1 0 0 0 1 0 0 2 0 1 1 0 0 2 1 0 0 0 0 0 1 0 1 0 0 3 0 3 0 0 0 1 0 1 0 2 0 1 0 2 1 0 0 3 0 2 0 0 1 0 0 1 0 3 0 0 0 2 0 2 0 1 0 0 0 1 0 0 0 1 0 0 0 3 0 0 0 1 1 0 0 1 1 0 0 2 0 3 0 1 0 2 0 2 1 0 0 0 1 0 0 3 0 0 0 0 1 0 0 1 0 1 1 0 0 0 0 3 0 0 0 1 1 0 0 3 0 3 0 3 0 0
0 245 2 1 0 0 0 1 0 1 0 0 3 0 2 0 3 0 2 0 0 0 3 0 0 1 0 0 3 0 1 0 2 0 3 0 2 0 0 0 1 1 0 0 2 1 0 0 1 0 3 0 2 0 3 0 2 0 1 0 0 1 0 0 3 0 3 0 2 0 3 0 2 0 2 1 0 0 0 0 3 0 0 0 1 1 0 1 0 0 1 0 1 0 1 1 0 0 2 0 0 1 0 0 0 0 2 0 0 0 2 0 0 0 0 1 0 0 1 1 0 0 0 0 0 0 0 0 0 1 0 0 0 0 1 1 0 1 0 0 2 0 2 0 1 0 2 0 2 1 0 1 0 0 2 0 0 0 2 0 0 0 2 0 3 0 2 0 1 0 2 0 0 0 0 0 3 0 0 0 2 0 0 0 2 0 1 0 1 0 1 0 3 0 3 0 2 1 0 0 0 0 2 1 0 0 1 0 1 1 0 0 1 1 0 0 1 0 1 0 1 0 3 0 1 0 3 0 3 0 0 0 1 0 1 1 0 0 0 0 2 0 3 0 2 0 1
1 247 1 0 0 1 0 0 1 1 0 1 0 0 2 0 1 0 3 0 0 0 2 0 1 0 2 1 0 0 1 1 0 0 1 0 3 0 0 0 1 1 0 0 0 0 0 1 0 0 3 0 2 0 1 0 3 0 0 0 3 0 1 1 0 0 2 0 3 0 1 0 3 0 1 0 1 1 0 0 1 0 1 0 1 1 0 0 0 0 3 0 1 0 2 0 3 0 3 0 3 0 1 0 2 1 0 1 0 0 1 1 0 0 1 0 1 0 3 0 2 0 2 1 0 0 0 0 0 0 1 0 2 1 0 1 0 0 0 1 0 0 0 0 0 1 0 0 1 0 2 0 0 0 3 0 3 0 0 1 0 0 2 0 0 0 3 0 0 1 0 0 0 0 1 0 1 0 1 0 1 1 0 0 1 1 0 0 3 0 2 0 3 0 2 0 3 0 1 1 0 0 1 0 0 1 0 0 2 0 3 0 3 0 2 0 3 0 1 0 2 0 3 0 1 1 0 0 3 0 2 0 1 0 2 0 3 0 3 0 0 0 0 0 3 0 0 1 0
1 247 2 0 1 0 3 0 2 1 0 0 3 0 3 0 3 0 1 0 1 1 0 1 0 0 1 1 0 0 3 0 3 0 2 0 1 0 1 0 3 0 2 1 0 0 1 1 0 0 2 0 0 1 0 0 2 0 2 0 2 0 0 0 0 0 0 0 2 1 0 0 2 0 3 0 3 0 3 0 1 0 2 0 3 0 3 0 0 0 1 1 0 0 1 0 3 0 3 0 2 1 0 0 2 0 0 0 3 0 2 0 3 0 1 0 3 0 2 0 1 0 1 1 0 0 0 0 0 0 3 0 1 0 0 0 3 0 0 0 2 1 0 0 1 0 3 0 1 1 0 0 2 0 2 0 2 0 2 0 3 0 3 0 1 0 1 0 2 0 2 1 0 0 2 0 2 0 2 0 3 0 3 0 2 1 0 0 2 0 1 0 3 0 1 0 2 1 0 1 0 0 2 0 1 1 0 0 0 0 3 0 3 0 1 0 2 1 0 0 1 0 3 0 0 0 0 0 2 0 0 1 0 0 1 0 3 0 2 0 1 0 1 0 1 0 2 0 2
0 248 1 0 1 0 0 3 0 2 0 0 0 2 0 3 0 2 1 0 0 0 0 0 0 3 0 2 1 0 0 2 0 3 0 0 0 3 0 3 0 2 0 1 1 0 0 3 0 3 0 3 0 1 1 0 0 0 0 1 0 0 0 1 0 0 0 1 0 1 0 0 0 0 0 3 0 3 0 2 1 0 0 1 0 3 0 2 0 1 0 3 0 3 0 2 0 2 0 3 0 1 1 0 1 0 0 2 0 2 0 1 0 2 1 0 0 3 0 0 0 3 0 3 0 2 1 0 0 1 0 1 0 3 0 1 0 1 0 2 0 0 1 0 0 3 0 2 0 0 0 0 0 0 0 1 0 1 0 1 0 3 0 2 0 3 0 3 0 0 0 2 0 0 0 0 0 1 0 1 0 3 0 3 0 1 1 0 1 0 1 0 0 2 1 0 0 2 0 0 0 3 0 3 0 3 0 3 0 0 0 2 0 2 1 0 0 1 1 0 0 3 0 1 0 1 0 0 1 0 0 2 0 3 0 2 0 2 0 0 0 3 0 2 0 3 0 0 0 1
1 249 1 1 0 1 0 0 2 0 0 0 2 0 0 0 3 0 1 1 0 0 0 0 1 0 2 0 2 0 0 0 0 0 2 0 2 0 2 0 3 0 1 0 0 0 0 0 2 0 3 0 2 1 0 1 0 0 0 0 2 0 0 0 2 0 0 0 2 0 2 0 0 0 1 0 2 0 3 0 1 1 0 0 3 0 2 0 0 1 0 0 3 0 3 0 1 0 1 0 3 0 0 0 0 1 0 0 0 0 0 1 0 0 2 0 0 0 1 0 2 0 2 0 3 0 1 1 0 0 2 0 3 0 1 0 3 0 2 1 0 0 2 1 0 0 2 0 0 0 1 0 0 0 0 0 2 0 2 0 3 0 2 0 1 0 3 0 2 0 1 1 0 0 1 0 0 0 2 0 3 0 2 0 3 0 0 0 0 1 0 1 0 0 0 1 0 1 0 0 2 0 2 0 3 0 3 0 2 0 2 0 0 0 1 1 0 1 0 0 0 0 1 0 3 0 2 0 1 1 0 0 0 0 3 0 1 0 0 0 2 0 2 0 1 0 2 0 1 0 2
0 250 1 0 0 0 0 3 0 3 0 0 1 0 0 2 0 1 1 0 1 0 0 0 0 3 0 0 0 0 0 1 0 1 0 0 0 1 0 1 0 2 0 3 0 0 0 1 0 0 0 3 0 2 0 0 0 2 1 0 1 0 0 1 1 0 0 2 0 0 0 0 0 1 0 3 0 0 0 3 0 0 0 0 0 2 0 0 0 2 1 0 0 2 0 2 0 3 0 3 0 1 0 1 0 1 0 2 1 0 0 1 0 3 0 3 0 0 0 3 0 0 0 1 0 3 0 0 0 0 0 0 0 2 1 0 0 3 0 2 0 0 0 0 1 0 1 0 0 1 0 2 0 0 0 1 0 0 0 1 0 3 0 0 1 0 0 3 0 0 1 0 1 0 0 2 0 1 0 0 0 3 0 1 0 2 0 1 0 1 1 0 0 3 0 0 1 0 1 0 0 0 0 1 0 3 0 3 0 1 0 0 0 1 1 0 0 0 0 2 1 0 0 3 0 2 0 0 1 0 1 0 0 1 0 1 0 3 0 1 0 0 0 0 1 0 0 0 1 0 0 1
0 251 1 0 3 0 0 0 2 0 2 0 2 1 0 0 0 0 0 0 0 0 3 0 0 0 1 0 1 0 0 0 2 0 2 0 0 0 2 0 3 0 0 0 2 0 1 0 2 0 1 0 2 0 0 0 2 0 1 0 0 0 3 0 2 0 3 0 3 0 0 0 0 0 3 0 1 0 2 0 1 0 1 0 0 1 0 0 2 0 1 0 0 0 0 0 1 0 3 0 2 0 3 0 2 0 3 0 0 1 0 0 3 0 2 0 2 0 2 0 1 0 1 0 3 0 1 0 1 0 0 0 1 0 1 0 0 0 2 0 0 0 1 0 1 1 0 0 3 0 1 1 0 0 1 0 2 0 0 0 3 0 1 0 2 1 0 0 1 0 2 1 0 0 3 0 3 0 2 0 1 0 1 1 0 0 0 1 0 0 0 0 0 0 1 0 2 1 0 0 2 1 0 0 3 0 2 0 2 0 3 0 0 0 3 0 3 0 0 0 1 0 0 0 2 0 0 0 2 1 0 0 3 0 1 0 3 0 1 0 3 0 0 0 1 0 3 0 0 0 3 0 1
1 251 3 0 1 0 2 0 0 0 1 0 1 1 0 0 0 0 0 0 1 0 1 0 1 0 2 0 2 0 1 0 0 0 0 0 2 0 0 0 2 0 1 1 0 1 0 0 0 1 0 0 0 0 1 1 0 0 3 0 1 0 2 0 1 0 3 0 2 0 1 0 1 0 1 1 0 0 0 0 3 0 2 0 1 0 3 0 3 0 2 0 0 0 0 0 3 0 2 0 1 0 3 0 1 0 2 0 2 1 0 0 2 0 1 0 1 0 0 0 3 0 3 0 1 0 3 0 2 0 0 0 2 0 2 0 0 1 0 0 1 0 2 1 0 0 0 0 1 1 0 1 0 0 2 1 0 0 2 0 1 1 0 0 1 1 0 0 3 0 1 0 0 0 2 0 3 0 0 0 3 0 3 0 3 0 0 0 2 1 0 0 0 0 3 0 1 0 0 0 1 0 0 0 2 0 1 0 1 0 2 0 2 0 2 0 2 0 1 0 2 0 0 1 0 0 2 0 1 0 0 0 1 1 0 0 2 1 0 0 2 0 1 0 3 0 1 0 2 0 1 1 0
1 253 1 0 1 1 0 0 0 0 1 0 2 0 3 0 2 1 0 0 0 0 2 0 2 0 3 0 0 0 0 0 3 0 0 0 0 1 0 0 2 0 0 0 0 0 0 0 3 0 0 0 2 1 0 1 0 0 0 0 1 1 0 0 0 1 0 0 3 0 0 0 3 0 2 0 3 0 3 0 0 0 2 0 0 1 0 0 3 0 3 0 0 0 1 0 1 0 2 0 0 1 0 0 2 1 0 0 1 0 1 1 0 1 0 0 3 0 2 0 1 0 2 0 2 1 0 0 3 0 0 0 2 0 0 0 0 0 2 0 3 0 2 0 0 1 0 0 0 1 0 0 0 1 0 0 0 1 0 1 0 1 0 1 0 1 0 0 0 0 1 0 3 0 1 0 0 0 2 0 2 0 2 0 3 0 2 0 2 0 0 1 0 0 1 0 1 0 3 0 0 0 2 0 0 1 0 0 3 0 3 0 0 0 1 0 1 0 0 1 0 0 0 0 2 0 3 0 3 0 2 0 0 1 0 0 0 0 0 1 0 1 0 1 0 0 2 1 0 0 0 1 0 1 0
0 253 2 0 3 0 2 1 0 0 3 0 0 0 3 0 1 1 0 0 1 0 0 0 1 0 2 0 1 0 1 0 1 0 1 0 1 0 3 0 3 0 0 0 0 0 1 0 1 0 2 0 1 0 0 0 2 1 0 0 3 0 3 0 0 1 0 0 1 0 2 0 2 0 1 0 3 0 2 0 1 1 0 0 2 1 0 0 2 0 2 0 1 0 2 0 2 1 0 0 2 1 0 0 0 1 0 0 2 1 0 0 0 1 0 0 2 0 0 1 0 0 1 0 2 0 0 0 1 0 1 1 0 0 1 0 1 0 0 0 3 0 0 0 2 0 3 0 0 0 3 0 0 0 3 0 0 1 0 1 0 1 0 1 0 0 2 1 0 0 3 0 1 0 3 0 1 0 0 0 1 0 1 0 3 0 1 0 0 0 2 0 3 0 1 0 3 0 1 0 1 1 0 0 2 1 0 0 2 0 2 0 1 0 2 0 2 0 1 0 3 0 0 0 0 0 3 0 3 0 0 0 2 0 2 1 0 0 1 1 0 1 0 1 0 0 0 1 0 0 1 1 0 0 2
1 255 1 0 0 0 3 0 2 0 0 0 1 0 2 0 1 1 0 1 0 0 2 0 0 0 2 1 0 0 3 0 2 0 2 0 2 0 3 0 2 0 2 0 1 0 0 0 2 0 2 1 0 0 3 0 1 0 1 0 0 0 2 0 2 0 2 0 3 0 2 0 0 0 0 1 0 0 3 0 1 0 0 0 0 0 1 0 0 0 0 0 0 1 0 0 1 0 2 0 0 0 0 1 0 0 1 1 0 0 0 1 0 0 1 0 3 0 3 0 1 0 3 0 1 1 0 0 1 0 2 0 3 0 3 0 1 0 2 0 1 0 1 0 2 0 0 0 2 0 2 0 1 0 2 0 1 0 2 1 0 1 0 1 0 1 0 0 1 0 0 0 1 1 0 0 2 0 3 0 0 0 2 0 3 0 1 0 3 0 1 0 0 0 2 1 0 0 2 1 0 0 0 0 0 0 1 0 0 0 0 0 0 1 0 0 1 0 0 1 0 0 2 0 1 0 1 0 2 0 2 0 2 0 0 0 1 1 0 1 0 0 0 1 0 0 3 0 0 0 3 0 2 1 0 0 0
1 255 2 0 1 0 2 0 0 0 1 0 3 0 0 0 0 0 0 0 3 0 3 0 1 0 1 0 0 0 2 0 1 0 1 0 1 0 3 0 1 0 0 0 3 0 1 0 0 0 2 0 0 0 1 0 3 0 2 0 1 0 0 0 1 0 1 0 3 0 0 0 1 0 1 1 0 0 1 0 3 0 0 0 0 0 2 0 0 0 0 0 1 0 3 0 1 1 0 0 1 0 1 0 3 0 2 0 3 0 0 0 3 0 2 0 2 0 2 1 0 0 2 1 0 1 0 0 3 0 0 0 3 0 2 1 0 0 0 0 3 0 2 1 0 0 2 0 0 0 0 1 0 0 0 1 0 0 2 0 0 1 0 1 0 0 3 0 1 0 0 1 0 0 0 0 0 0 2 0 2 0 0 0 2 1 0 0 2 0 3 0 1 0 1 0 0 0 0 1 0 0 0 0 0 0 2 0 0 0 0 0 1 0 3 0 1 0 1 0 3 0 3 0 2 0 3 0 0 0 1 0 0 0 1 1 0 0 0 0 3 0 0 1 0 0 1 0 2 0 2 0 1 1 0 0 0
1 256 1 0 1 0 0 0 0 1 0 3 0 1 0 1 0 0 0 1 0 2 0 2 0 3 0 2 0 0 1 0 0 3 0 2 0 3 0 1 0 3 0 1 0 1 0 3 0 0 1 0 0 1 0 3 0 2 0 0 0 3 0 0 0 2 0 3 0 1 0 1 0 2 0 3 0 3 0 2 0 1 0 1 0 0 1 0 0 1 0 0 0 3 0 1 1 0 1 0 0 2 0 3 0 2 0 1 0 2 0 2 0 2 0 1 0 1 0 2 0 0 0 1 0 0 1 0 0 1 0 2 0 2 0 1 1 0 0 1 0 2 0 1 1 0 1 0 0 1 0 1 0 3 0 0 0 3 0 3 0 1 1 0 1 0 0 1 0 3 0 1 0 2 1 0 0 1 0 0 0 0 0 2 0 1 0 0 0 0 0 2 0 3 0 2 0 0 0 1 0 2 1 0 0 0 1 0 0 1 0 0 0 3 0 1 0 3 0 3 0 2 0 3 0 1 0 2 0 1 0 2 0 0 0 3 0 3 0 0 0 1 0 2 0 3 0 2 0 0 0 0 1 0 1 0 0 0
1 257 1 1 0 0 2 1 0 0 3 0 1 0 3 0 2 0 0 0 3 0 0 0 1 0 3 0 0 0 2 1 0 0 2 0 1 0 2 1 0 0 2 0 3 0 3 0 1 0 2 0 3 0 2 0 2 0 0 0 2 0 1 0 2 0 0 0 2 0 3 0 3 0 0 0 3 0 3 0 0 0 3 0 2 0 1 0 3 0 1 0 1 0 2 0 0 0 0 1 0 0 0 0 3 0 0 1 0 0 1 0 1 0 0 0 3 0 2 1 0 0 1 0 2 0 1 0 3 0 2 0 0 0 0 1 0 1 0 0 3 0 0 0 0 0 0 0 3 0 1 0 3 0 1 0 2 0 2 0 3 0 0 0 0 0 3 0 2 0 1 1 0 0 1 1 0 0 2 0 0 0 0 1 0 0 3 0 0 0 1 0 0 0 3 0 0 0 1 0 3 0 0 1 0 0 1 0 3 0 1 0 1 0 1 1 0 0 3 0 3 0 1 0 2 1 0 0 0 1 0 0 0 0 2 0 2 0 2 0 1 0 3 0 0 0 3 0 0 0 1 0 1 1 0 0 2 1 0
1 258 1 0 0 0 0 1 0 0 0 1 1 0 0 3 0 0 0 2 0 1 0 1 0 3 0 1 0 2 0 0 1 0 1 0 1 0 0 2 0 0 0 0 0 3 0 2 1 0 0 1 0 3 0 1 0 0 0 1 1 0 1 0 0 0 0 2 0 0 0 3 0 2 0 2 0 2 0 2 0 2 0 2 0 0 1 0 0 2 0 3 0 2 1 0 0 1 0 1 0 3 0 0 0 1 0 2 0 3 0 1 0 2 0 1 0 2 0 1 1 0 0 2 1 0 1 0 0 3 0 0 0 1 0 1 1 0 1 0 0 1 0 1 0 0 0 1 0 1 1 0 0 2 1 0 0 1 0 1 0 2 0 1 0 1 0 2 0 0 1 0 1 0 0 3 0 3 0 3 0 0 0 1 1 0 0 1 0 1 0 2 0 1 0 1 0 1 0 3 0 1 0 2 0 3 0 2 0 1 0 3 0 2 1 0 0 0 0 2 0 2 1 0 0 1 1 0 0 1 0 3 0 0 0 0 0 1 0 0 1 0 0 2 0 2 0 1 0 1 0 2 1 0 0 0 0 0 1 0
1 259 1 0 2 1 0 0 2 0 0 1 0 0 0 0 1 0 1 1 0 0 3 0 3 0 1 1 0 0 0 0 2 1 0 1 0 0 3 0 3 0 0 0 1 0 2 0 1 1 0 0 3 0 1 0 3 0 0 1 0 0 0 0 2 1 0 1 0 0 2 0 2 0 1 0 1 0 1 0 1 0 1 0 0 0 2 1 0 0 0 0 3 0 1 1 0 0 2 0 3 0 1 0 1 0 3 0 0 0 2 1 0 0 0 1 0 0 1 0 0 0 0 0 1 0 0 1 0 0 1 0 1 0 2 1 0 0 0 0 3 0 1 0 2 0 0 0 2 1 0 0 0 0 0 1 0 0 2 0 2 1 0 0 3 0 2 1 0 0 2 1 0 1 0 0 2 0 3 0 2 0 1 0 3 0 3 0 1 0 2 1 0 0 3 0 2 0 3 0 1 1 0 0 1 0 3 0 0 1 0 0 3 0 1 1 0 0 1 0 0 0 1 1 0 0 3 0 3 0 2 0 1 0 1 0 0 0 2 0 1 1 0 0 0 0 0 0 3 0 3 0 0 1 0 0 0 0 1 0 2
0 259 3 0 0 1 0 1 0 0 2 0 2 1 0 0 2 1 0 0 0 0 2 0 2 1 0 1 0 0 1 0 1 0 0 1 0 0 2 0 2 0 1 0 3 0 0 0 0 0 0 0 1 1 0 0 2 0 2 0 3 0 0 0 1 0 0 1 0 0 0 0 0 0 3 0 2 0 2 0 2 0 2 0 1 0 0 1 0 0 1 0 2 0 0 0 0 0 0 0 2 0 3 0 3 0 1 0 2 0 0 1 0 0 1 0 3 0 1 0 0 0 0 0 2 0 1 0 3 0 1 0 3 0 0 1 0 0 1 0 1 1 0 0 0 0 2 0 0 1 0 0 0 0 1 1 0 0 0 0 2 0 0 0 2 0 2 0 0 0 1 0 0 1 0 0 0 0 3 0 0 1 0 0 3 0 2 1 0 0 2 0 0 0 2 0 1 0 2 1 0 1 0 0 3 0 1 0 2 1 0 0 1 1 0 1 0 0 2 0 0 1 0 0 0 0 2 0 3 0 0 0 3 0 2 0 0 1 0 1 0 1 0 0 0 0 1 0 2 0 2 0 2 0 2 1 0 0 3 0 0
0 261 1 0 1 0 2 1 0 1 0 0 0 0 2 0 0 0 0 1 0 0 1 0 0 0 2 0 0 0 3 0 1 0 2 0 1 1 0 0 0 0 0 1 0 0 2 0 1 0 0 0 0 1 0 0 0 0 0 0 1 0 2 0 1 0 2 0 1 0 2 1 0 0 1 0 2 0 1 0 1 0 1 0 0 0 3 0 1 0 3 0 1 1 0 0 1 0 0 0 1 0 0 0 3 0 2 1 0 0 0 0 2 0 3 0 2 0 1 0 3 0 0 0 0 1 0 1 0 0 2 1 0 0 2 0 2 0 3 0 1 0 3 0 2 1 0 1 0 0 2 0 2 1 0 0 3 0 2 1 0 1 0 0 2 0 0 0 0 0 1 0 2 0 1 0 3 0 0 0 1 0 2 1 0 0 2 0 1 1 0 1 0 0 1 1 0 1 0 0 2 0 0 1 0 0 1 1 0 0 1 1 0 1 0 0 0 0 3 0 3 0 1 0 3 0 0 0 0 0 2 0 2 0 2 0 0 0 2 1 0 1 0 0 2 1 0 0 3 0 0 0 1 0 1 0 2 0 0 0 1 0 1
1 261 2 0 3 0 1 0 0 0 2 1 0 1 0 0 1 0 1 0 3 0 1 0 0 1 0 0 2 0 1 1 0 0 0 1 0 1 0 0 0 0 1 0 3 0 3 0 2 0 0 0 1 0 2 1 0 0 0 0 2 1 0 1 0 0 0 1 0 0 1 1 0 0 2 1 0 0 3 0 2 0 2 0 1 0 1 1 0 0 2 1 0 1 0 0 2 0 0 0 2 0 1 0 2 0 1 1 0 0 1 0 0 0 3 0 0 1 0 0 2 0 1 0 1 1 0 1 0 0 1 0 0 0 0 0 1 0 2 1 0 0 3 0 2 0 0 1 0 0 0 0 2 0 0 0 2 0 2 0 0 0 3 0 3 0 0 0 0 0 2 1 0 1 0 0 2 0 1 0 3 0 1 0 0 0 0 0 0 0 0 0 3 0 2 1 0 0 3 0 3 0 1 0 3 0 2 0 3 0 2 1 0 0 3 0 0 0 2 0 2 1 0 0 2 0 1 0 1 0 0 0 1 0 0 0 2 0 1 0 0 1 0 0 1 0 0 0 1 0 1 0 2 0 2 1 0 0 1 0 2 0 2
0 263 1 0 0 0 2 0 3 0 1 0 1 0 0 0 3 0 1 0 3 0 1 0 3 0 1 0 3 0 3 0 3 0 3 0 0 1 0 0 2 1 0 0 3 0 2 0 3 0 0 0 1 0 3 0 0 1 0 0 1 0 1 0 0 0 3 0 0 0 3 0 2 1 0 0 1 0 0 0 2 0 1 0 0 1 0 0 0 0 0 0 1 0 0 0 3 0 3 0 0 1 0 1 0 0 0 1 0 1 0 0 2 0 1 0 1 0 2 0 3 0 3 0 2 1 0 0 0 0 3 0 1 0 0 0 0 0 3 0 1 0 0 0 2 0 0 0 2 0 2 1 0 1 0 0 2 0 0 0 0 0 2 0 2 0 2 0 1 0 1 0 1 0 0 0 3 0 3 0 3 0 1 0 3 0 0 0 0 0 0 0 1 0 2 0 2 0 0 0 2 0 2 1 0 0 3 0 1 0 3 0 2 0 0 0 1 0 2 0 0 0 1 1 0 1 0 0 3 0 2 0 0 0 2 0 0 1 0 0 3 0 1 0 3 0 1 0 0 0 2 0 3 0 0 0 1 1 0 0 3 0 0 0 1
1 263 2 0 1 0 0 0 2 0 3 0 2 0 1 0 1 1 0 0 2 1 0 0 2 1 0 0 3 0 3 0 3 0 2 0 2 1 0 0 1 0 0 0 2 0 1 0 2 0 1 0 3 0 1 0 2 0 3 0 1 0 2 0 1 0 1 0 2 0 2 0 1 1 0 0 2 0 0 1 0 0 3 0 1 0 2 1 0 0 0 0 2 0 1 0 2 0 2 0 2 1 0 0 3 0 0 1 0 0 3 0 3 0 2 0 3 0 0 0 3 0 3 0 1 1 0 0 1 0 1 0 3 0 0 0 1 0 1 0 3 0 0 1 0 0 2 0 0 0 2 0 0 0 3 0 3 0 0 0 1 0 0 0 1 0 0 0 3 0 2 0 2 0 1 0 2 0 3 0 2 1 0 0 2 0 1 0 0 0 0 0 3 0 0 0 0 0 2 0 0 0 2 0 0 0 1 1 0 0 3 0 0 0 1 0 2 1 0 0 1 1 0 0 0 1 0 0 2 0 0 0 1 1 0 0 2 1 0 0 1 1 0 0 2 0 3 0 1 0 0 0 2 0 1 1 0 0 0 0 1 0 1 0 2
0 264 1 0 0 3 0 1 0 0 0 3 0 0 1 0 0 0 0 0 0 1 0 0 0 1 0 0 0 2 0 3 0 3 0 1 0 1 1 0 0 2 0 0 1 0 1 0 0 0 1 0 0 2 1 0 0 1 0 2 1 0 0 0 0 3 0 3 0 0 0 0 1 0 1 0 1 0 0 2 1 0 0 1 1 0 0 1 1 0 0 0 1 0 1 0 0 1 0 1 0 2 0 0 0 1 0 2 1 0 0 2 0 3 0 1 0 2 0 2 0 2 0 2 1 0 1 0 0 2 0 3 0 1 0 1 0 2 0 3 0 1 0 2 0 3 0 3 0 0 1 0 0 2 0 2 0 2 0 1 0 2 0 0 0 2 0 1 0 2 0 1 0 0 1 0 0 1 0 3 0 1 1 0 1 0 0 3 0 0 0 1 0 1 0 1 0 0 1 0 0 1 1 0 0 1 1 0 0 0 0 1 0 1 0 3 0 0 1 0 0 3 0 3 0 0 0 3 0 3 0 0 1 0 0 0 0 0 1 0 1 0 0 0 0 0 0 2 0 3 0 0 1 0 1 0 1 0 0 0 0 2 0 3 0 0
0 265 1 1 0 0 1 0 3 0 1 0 1 0 2 0 2 1 0 0 0 0 2 0 0 0 2 0 1 0 0 0 3 0 2 0 3 0 3 0 3 0 3 0 1 1 0 0 3 0 0 1 0 0 0 1 0 0 3 0 0 1 0 0 1 0 2 0 2 0 1 0 1 1 0 1 0 1 0 0 0 1 0 0 3 0 3 0 2 0 3 0 0 1 0 0 3 0 1 0 2 1 0 0 1 0 3 0 1 0 0 0 0 0 2 1 0 0 1 0 1 0 1 0 2 0 0 1 0 0 0 0 2 0 3 0 3 0 0 0 2 1 0 0 1 0 3 0 2 0 2 1 0 0 0 0 1 0 0 1 0 0 0 0 1 1 0 1 0 0 0 0 3 0 1 0 3 0 2 0 2 0 0 0 0 1 0 0 1 0 1 0 2 0 2 0 2 0 1 0 3 0 2 0 3 0 2 0 2 1 0 0 2 0 3 0 1 0 2 1 0 0 2 0 2 0 2 0 2 0 2 0 2 0 2 1 0 0 1 1 0 0 2 1 0 0 1 0 0 0 2 0 2 1 0 1 0 0 3 0 0 0 0 0 2 0 1
1 265 3 0 3 0 2 0 1 0 3 0 3 0 0 0 1 1 0 0 0 1 0 0 1 1 0 0 3 0 1 0 2 0 1 0 3 0 3 0 3 0 3 0 0 0 0 0 1 0 2 0 3 0 0 1 0 0 1 0 2 0 3 0 2 0 0 0 0 1 0 0 0 0 0 1 0 0 3 0 0 1 0 0 2 0 3 0 1 0 2 0 2 1 0 0 1 1 0 0 1 1 0 0 3 0 1 0 3 0 0 0 1 0 0 1 0 0 2 0 2 0 2 1 0 0 2 0 3 0 0 0 0 0 3 0 2 0 2 0 0 1 0 0 3 0 2 0 1 0 1 1 0 0 0 0 2 0 1 0 2 1 0 1 0 0 0 0 3 0 0 0 1 1 0 0 3 0 1 0 0 0 1 0 1 0 3 0 1 0 3 0 0 0 1 0 0 1 0 0 3 0 1 0 3 0 1 0 2 0 0 0 0 0 2 1 0 0 2 0 0 0 0 0 1 0 1 0 1 0 1 0 1 0 1 1 0 1 0 0 0 0 0 1 0 0 2 0 1 0 0 0 2 0 0 1 0 0 1 0 1 0 0 1 0 1 0
1 267 1 0 2 0 3 0 0 1 0 0 3 0 2 0 1 0 3 0 3 0 0 0 3 0 2 1 0 0 1 1 0 0 0 1 0 0 3 0 3 0 3 0 2 0 1 0 0 0 3 0 0 0 2 0 2 0 3 0 2 0 0 0 3 0 0 0 1 0 1 0 2 1 0 0 1 1 0 0 1 0 2 1 0 0 0 0 2 1 0 0 1 0 1 1 0 0 3 0 3 0 2 1 0 0 1 1 0 0 2 0 1 0 2 0 1 1 0 0 0 0 1 0 2 0 0 0 0 0 2 0 1 0 1 0 2 0 1 0 0 0 2 1 0 0 2 0 0 0 3 0 3 0 2 1 0 1 0 1 0 0 2 0 0 0 3 0 0 0 1 0 1 1 0 0 0 0 1 0 3 0 0 0 2 0 3 0 1 1 0 0 2 0 1 0 2 0 1 1 0 0 1 1 0 0 2 1 0 0 0 0 1 0 1 0 0 1 0 1 0 0 1 0 0 0 2 0 2 0 2 0 2 0 2 1 0 0 0 0 2 1 0 0 1 0 3 0 3 0 2 0 0 1 0 0 2 0 3 0 1 0 2 0 1 1 0 0 2
0 267 3 0 0 0 2 0 2 1 0 0 2 0 0 1 0 0 3 0 2 0 2 0 2 0 1 1 0 0 3 0 3 0 0 1 0 0 2 0 3 0 3 0 0 0 3 0 1 0 1 0 2 0 0 0 1 0 3 0 0 0 2 0 1 0 1 0 2 0 3 0 0 1 0 0 3 0 3 0 2 0 0 1 0 0 1 0 0 1 0 0 2 1 0 0 0 0 2 0 3 0 1 1 0 0 3 0 3 0 3 0 2 1 0 1 0 1 0 0 0 0 2 1 0 0 1 0 0 1 0 0 3 0 2 1 0 0 3 0 1 0 0 1 0 1 0 0 2 0 2 0 3 0 2 0 0 1 0 0 3 0 3 0 1 0 1 0 1 0 2 0 3 0 2 1 0 0 3 0 1 0 2 0 0 0 2 1 0 1 0 1 0 1 0 0 0 1 0 1 0 1 0 0 0 0 0 1 0 0 0 0 2 0 2 0 1 1 0 0 3 0 1 0 1 0 0 0 1 0 1 0 1 0 1 1 0 0 1 0 0 1 0 0 3 0 2 0 3 0 0 0 2 1 0 0 0 0 2 1 0 0 1 0 0 0 0 0 0
0 269 1 0 1 0 2 0 0 0 1 1 0 1 0 0 2 1 0 0 2 0 1 0 1 0 1 0 0 0 0 0 2 0 2 0 2 1 0 0 0 0 3 0 2 0 2 0 1 0 3 0 2 1 0 0 1 0 3 0 1 0 1 1 0 0 3 0 3 0 0 0 2 0 2 1 0 0 2 0 3 0 0 0 2 0 3 0 1 0 1 1 0 0 0 1 0 0 1 0 0 0 3 0 0 0 0 0 2 0 3 0 3 0 2 0 0 1 0 0 3 0 0 0 0 1 0 0 2 0 1 1 0 0 2 0 2 0 0 0 1 0 3 0 1 1 0 1 0 0 0 0 1 0 3 0 0 0 2 1 0 0 2 0 2 0 3 0 2 0 3 0 0 0 3 0 2 0 0 0 1 1 0 0 0 0 2 0 1 0 0 1 0 1 0 0 3 0 0 1 0 1 0 0 2 1 0 0 1 0 3 0 0 0 0 0 1 0 0 0 0 0 1 0 3 0 2 0 0 0 2 0 2 0 2 0 3 0 3 0 1 0 1 1 0 0 2 0 1 0 2 0 2 0 0 1 0 0 1 0 0 1 0 0 2 0 0 0 0 0 0
0 269 2 0 2 1 0 0 1 1 0 0 0 1 0 0 0 1 0 1 0 0 3 0 2 0 2 0 0 0 1 0 0 0 1 0 1 1 0 0 1 0 2 0 1 0 0 1 0 0 3 0 1 1 0 0 3 0 1 1 0 0 0 0 0 0 2 0 2 0 2 0 0 0 2 0 0 0 0 0 2 0 2 0 0 0 2 0 3 0 3 0 3 0 0 0 3 0 1 0 1 0 1 0 1 0 1 0 0 0 3 0 3 0 0 0 2 1 0 0 1 0 1 0 1 1 0 0 0 0 0 0 0 0 0 0 0 0 1 0 3 0 2 0 0 0 0 0 2 1 0 0 3 0 1 0 2 0 1 0 0 0 0 0 1 0 3 0 1 0 2 0 2 0 2 0 0 0 1 0 3 0 2 1 0 1 0 0 3 0 1 1 0 1 0 0 1 0 2 1 0 1 0 0 0 1 0 0 3 0 1 0 1 0 0 0 2 0 0 0 0 0 3 0 2 0 0 0 2 0 0 0 1 0 1 0 3 0 2 0 3 0 3 0 3 0 3 0 3 0 0 0 0 0 2 0 3 0 1 0 1 0 3 0 3 0 0 0 0 0 0
0 271 1 0 0 0 1 1 0 0 3 0 3 0 0 0 3 0 0 1 0 1 0 0 2 0 1 0 0 0 1 0 2 0 0 0 2 0 3 0 3 0 1 1 0 0 3 0 1 1 0 0 2 0 0 0 0 0 1 1 0 1 0 0 0 0 1 0 0 0 1 0 0 0 1 1 0 0 1 0 1 0 0 0 0 0 2 0 0 0 3 0 3 0 2 0 2 0 1 0 3 0 2 0 2 0 2 0 2 0 1 0 2 0 2 0 2 0 0 1 0 0 2 0 2 0 3 0 2 1 0 0 0 0 0 0 0 0 0 0 3 0 2 0 0 0 1 0 1 0 1 0 0 0 1 1 0 0 0 0 3 0 0 0 0 0 3 0 1 1 0 0 1 0 1 0 0 0 1 0 3 0 2 0 2 0 0 1 0 0 2 0 0 0 0 0 3 0 2 0 1 0 0 0 3 0 0 1 0 0 1 0 3 0 2 0 0 1 0 0 1 0 1 0 2 0 0 0 1 1 0 0 1 0 2 0 3 0 2 0 1 0 3 0 3 0 3 0 3 0 2 0 1 0 1 0 0 0 2 0 3 0 3 0 2 0 2 0 1 0 0 0 0
0 271 2 0 0 1 0 0 0 0 2 0 2 0 2 0 1 0 2 1 0 0 3 0 3 0 2 0 0 0 2 1 0 0 2 0 0 0 3 0 3 0 0 0 0 0 1 1 0 1 0 1 0 0 1 0 0 1 0 0 0 0 2 1 0 0 2 0 0 0 2 0 0 0 3 0 3 0 1 0 2 0 0 0 0 1 0 0 2 0 2 0 3 0 1 0 0 1 0 0 3 0 1 0 1 0 1 0 0 1 0 0 1 0 1 0 0 0 2 1 0 0 0 0 1 0 3 0 1 1 0 0 0 0 0 0 0 0 1 0 2 0 0 0 1 0 2 0 2 0 2 0 0 0 3 0 3 0 0 0 1 0 1 0 1 0 1 1 0 1 0 0 2 0 2 0 0 0 3 0 2 0 1 0 0 0 2 0 3 0 3 0 0 0 1 0 2 0 0 0 3 0 1 0 1 0 2 0 3 0 2 0 2 0 0 0 2 0 3 0 1 0 2 1 0 0 1 0 3 0 3 0 2 0 0 0 3 0 0 1 0 0 3 0 3 0 3 0 3 0 0 0 3 0 2 0 1 0 0 0 3 0 3 0 1 0 0 0 3 0 0 0 0
0 272 1 0 0 2 0 3 0 0 0 0 0 1 0 0 1 0 0 2 0 0 0 2 0 3 0 0 0 2 0 0 1 0 1 0 0 2 0 2 0 2 0 1 0 0 1 0 0 0 1 0 0 3 0 1 0 1 0 3 0 0 0 0 1 0 1 0 0 1 1 0 0 2 0 2 0 2 1 0 0 0 0 1 0 1 1 0 0 0 0 1 0 2 0 3 0 1 1 0 0 1 0 3 0 2 0 2 0 1 0 3 0 1 0 2 0 1 0 0 1 0 0 0 0 3 0 1 1 0 1 0 0 0 0 0 0 0 0 2 1 0 0 1 0 3 0 0 0 1 0 0 0 2 0 2 0 2 0 1 0 2 0 2 0 2 1 0 0 0 1 0 0 0 0 0 0 2 0 2 0 0 0 3 0 1 0 0 0 3 0 2 0 1 0 2 1 0 0 2 0 1 0 3 0 3 0 0 0 3 0 1 0 0 0 2 0 0 0 2 1 0 0 1 1 0 0 3 0 2 0 3 0 0 0 2 0 1 0 2 1 0 0 2 0 3 0 3 0 2 0 2 0 2 0 0 0 3 0 1 0 2 0 2 0 3 0 1 0 1 0 1 0 0
0 273 1 1 0 0 0 0 2 0 1 0 0 0 2 0 1 0 3 0 3 0 1 0 0 0 2 0 1 1 0 0 2 1 0 1 0 0 0 0 1 0 0 0 3 0 1 0 3 0 0 1 0 0 1 0 3 0 3 0 1 0 1 0 1 1 0 0 3 0 2 1 0 0 0 0 1 0 1 1 0 0 0 0 2 0 3 0 2 1 0 0 3 0 0 0 2 1 0 1 0 0 3 0 2 0 1 0 0 1 0 0 2 1 0 0 0 0 3 0 1 0 3 0 0 0 2 0 0 0 0 0 2 1 0 0 0 0 1 0 0 1 0 0 3 0 1 0 1 0 2 0 1 0 0 0 1 0 0 1 0 0 1 0 1 0 1 1 0 0 1 0 2 1 0 0 1 0 0 0 0 0 2 0 1 0 3 0 1 0 2 0 0 1 0 0 1 1 0 1 0 1 0 0 3 0 2 0 2 0 1 0 3 0 0 1 0 0 2 0 0 1 0 1 0 0 0 0 2 0 1 0 2 0 1 1 0 1 0 0 2 0 0 0 0 0 3 0 3 0 1 0 1 0 0 0 2 0 1 1 0 0 1 0 1 0 2 0 3 0 2 0 2 0 0
0 273 3 0 2 1 0 1 0 0 3 0 0 1 0 1 0 0 3 0 2 0 3 0 1 0 0 0 0 0 0 0 1 0 0 0 2 1 0 0 2 0 1 0 1 1 0 0 2 0 2 0 3 0 2 0 2 0 2 0 3 0 2 1 0 0 0 0 2 0 1 1 0 0 0 0 2 0 3 0 3 0 0 0 0 0 3 0 2 0 0 0 1 0 2 0 1 0 0 1 0 0 2 0 0 0 3 0 1 1 0 0 0 1 0 0 1 0 1 1 0 0 2 0 1 1 0 0 1 0 1 0 0 1 0 0 0 0 2 0 1 1 0 0 1 0 3 0 2 1 0 0 3 0 0 0 2 0 1 0 3 0 1 0 2 0 3 0 3 0 2 0 0 1 0 0 2 0 0 0 0 1 0 1 0 0 2 1 0 0 0 0 2 0 3 0 2 1 0 1 0 1 0 0 2 0 1 0 0 1 0 0 2 0 2 0 3 0 3 0 1 1 0 0 2 1 0 1 0 1 0 0 1 0 0 0 0 0 3 0 3 0 0 0 1 0 2 0 2 0 3 0 2 0 0 1 0 1 0 1 0 0 2 0 3 0 0 0 3 0 1 0 0 0 1
1 275 1 0 2 0 2 0 0 1 0 0 1 0 2 1 0 1 0 0 2 0 1 0 2 0 3 0 0 0 0 0 0 0 2 0 1 0 0 1 0 1 0 1 0 0 0 0 0 0 0 0 1 0 3 0 1 0 1 0 1 0 3 0 1 1 0 0 0 1 0 1 0 1 0 0 1 0 0 0 3 0 2 0 1 0 1 0 2 0 0 0 1 0 2 1 0 0 3 0 1 0 3 0 3 0 1 0 1 1 0 1 0 0 1 0 3 0 1 0 3 0 3 0 3 0 3 0 3 0 1 0 2 0 1 0 2 1 0 1 0 1 0 1 0 0 3 0 2 0 2 0 0 0 1 0 1 1 0 1 0 0 2 1 0 0 1 0 3 0 3 0 0 0 2 0 3 0 3 0 0 0 1 1 0 1 0 0 0 1 0 0 1 0 0 0 3 0 2 0 0 1 0 0 3 0 3 0 2 0 1 1 0 0 0 0 1 0 3 0 3 0 0 0 0 0 1 0 0 1 0 0 3 0 1 0 0 0 1 0 2 0 2 0 1 0 3 0 0 0 1 0 3 0 0 0 2 1 0 1 0 1 0 0 0 0 2 0 2 0 1 0 3 0 0 0 2
0 275 3 0 0 0 0 0 2 0 3 0 2 0 1 0 0 0 3 0 3 0 3 0 0 0 2 0 1 0 0 0 0 1 0 0 3 0 1 1 0 1 0 0 2 1 0 0 0 0 0 0 3 0 1 0 3 0 2 0 3 0 1 1 0 1 0 0 1 1 0 1 0 0 3 0 1 0 1 0 2 0 0 0 3 0 2 1 0 0 1 0 3 0 1 0 0 0 1 1 0 0 3 0 2 1 0 0 0 0 0 0 3 0 2 0 1 1 0 0 3 0 3 0 3 0 3 0 2 1 0 0 0 1 0 0 2 0 0 1 0 1 0 1 0 0 2 0 1 0 0 0 1 0 2 1 0 0 0 1 0 0 0 1 0 0 3 0 2 0 2 0 2 0 0 0 3 0 2 0 1 1 0 0 0 0 3 0 0 0 3 0 1 0 1 0 2 0 0 0 2 1 0 0 2 0 3 0 0 1 0 1 0 0 0 0 3 0 2 0 2 0 1 0 0 0 2 0 1 1 0 0 1 0 3 0 0 0 3 0 0 0 0 1 0 0 2 0 1 0 3 0 1 0 2 0 1 0 0 1 0 0 3 0 0 0 0 0 0 1 0 0 2 0 2 0 0
0 277 1 0 1 0 1 0 1 0 0 0 3 0 0 0 3 0 1 0 2 0 3 0 2 0 1 1 0 0 3 0 0 0 1 1 0 0 2 0 0 0 0 1 0 0 0 1 0 0 0 0 1 0 1 1 0 0 3 0 1 0 3 0 0 0 0 0 3 0 2 1 0 1 0 0 1 0 3 0 2 1 0 0 2 0 2 0 1 1 0 0 3 0 1 0 3 0 0 1 0 0 0 0 2 0 1 1 0 0 0 0 1 0 2 0 1 0 0 0 0 0 2 0 3 0 3 0 3 0 1 1 0 0 1 0 3 0 3 0 1 1 0 1 0 0 3 0 3 0 2 0 0 0 3 0 0 1 0 0 1 0 3 0 0 1 0 0 2 0 1 0 1 0 0 0 2 0 2 0 0 1 0 1 0 0 1 0 1 0 2 0 1 0 3 0 2 1 0 0 2 0 1 0 0 0 0 0 2 0 2 1 0 0 3 0 0 0 2 0 1 0 0 0 3 0 0 1 0 1 0 1 0 0 3 0 1 0 2 0 1 0 1 0 1 0 3 0 3 0 3 0 1 1 0 0 0 0 3 0 1 1 0 0 1 0 1 0 0 0 1 1 0 0 0 0 0 0 1
1 277 2 0 2 0 2 0 2 0 1 0 1 0 2 0 1 1 0 0 1 0 3 0 1 0 0 0 0 0 1 0 1 0 3 0 3 0 3 0 0 0 1 0 3 0 0 0 2 1 0 0 2 1 0 0 0 0 1 1 0 0 2 0 1 0 1 0 2 0 2 0 0 0 3 0 2 0 2 0 2 0 0 0 0 0 1 0 0 0 0 0 1 1 0 0 2 0 2 0 2 1 0 1 0 1 0 1 0 0 0 0 2 1 0 0 3 0 0 0 1 0 0 0 3 0 3 0 2 1 0 1 0 0 3 0 2 0 3 0 0 0 0 1 0 0 2 0 3 0 0 0 2 0 1 0 2 0 3 0 2 0 1 0 2 0 3 0 3 0 2 0 2 0 1 0 0 0 0 0 2 1 0 0 3 0 1 0 2 1 0 1 0 0 3 0 1 1 0 1 0 0 3 0 0 0 1 0 0 0 2 0 0 0 1 0 1 1 0 0 3 0 1 0 1 0 2 1 0 1 0 1 0 0 1 1 0 0 0 0 3 0 2 0 3 0 2 0 3 0 2 1 0 1 0 0 1 0 1 1 0 1 0 0 2 0 2 0 0 0 3 0 2 1 0 0 0 0 2
0 279 1 0 0 0 1 0 1 0 0 0 3 0 2 1 0 1 0 1 0 0 3 0 1 0 3 0 0 0 0 0 2 0 3 0 2 0 3 0 2 0 1 0 3 0 1 0 2 0 1 0 0 0 0 1 0 0 0 0 3 0 3 0 3 0 2 0 3 0 0 0 0 0 2 0 2 0 1 0 1 0 0 0 1 0 0 0 2 0 0 0 0 1 0 0 0 0 0 0 1 0 2 0 0 1 0 1 0 0 3 0 0 0 1 0 0 0 1 0 1 0 2 0 1 0 2 0 3 0 2 0 0 1 0 0 2 0 1 0 2 0 1 0 1 1 0 0 0 0 2 0 1 1 0 1 0 0 1 0 3 0 0 1 0 0 1 0 3 0 3 0 1 0 0 0 3 0 0 0 1 0 1 0 0 0 1 1 0 0 2 0 0 1 0 0 2 0 0 0 0 1 0 0 1 0 1 0 2 0 0 1 0 0 1 0 2 1 0 0 0 0 1 0 3 0 3 0 1 0 0 1 0 0 3 0 2 0 3 0 0 0 2 0 1 0 3 0 1 0 3 0 2 0 0 0 3 0 1 1 0 0 0 1 0 0 0 0 0 0 2 0 2 0 1 1 0 0 1 0 0
0 279 2 0 0 0 2 0 2 0 1 0 2 0 2 0 0 1 0 1 0 0 1 1 0 0 2 0 1 0 1 0 0 0 3 0 1 0 3 0 0 1 0 0 2 1 0 0 0 0 3 0 0 0 1 0 3 0 0 0 2 0 3 0 3 0 1 0 2 0 1 0 1 0 0 0 0 0 3 0 2 0 0 0 2 0 0 1 0 0 1 0 1 0 2 1 0 0 0 0 2 1 0 0 2 1 0 1 0 0 1 0 1 0 2 0 0 0 2 0 2 1 0 1 0 0 1 0 3 0 0 0 2 0 3 0 3 0 2 1 0 0 3 0 3 0 3 0 0 0 0 0 0 0 0 0 3 0 2 0 1 0 2 0 3 0 2 0 2 0 2 0 3 0 1 0 1 0 1 0 2 0 2 0 0 0 3 0 3 0 3 0 1 0 3 0 3 0 0 0 1 0 3 0 1 0 2 1 0 0 2 0 3 0 2 0 0 1 0 0 0 0 3 0 2 0 2 0 3 0 1 1 0 0 2 0 1 0 2 0 1 1 0 1 0 0 2 1 0 0 3 0 0 0 2 0 1 1 0 1 0 0 1 0 2 1 0 0 1 0 0 0 0 1 0 1 0 0 2 0 0
0 280 1 0 0 2 0 0 0 0 1 0 0 1 0 0 0 2 1 0 0 3 0 2 0 3 0 3 0 2 0 2 0 1 0 1 1 0 0 2 0 2 1 0 0 0 1 0 0 1 0 1 0 1 0 3 0 1 0 2 0 0 0 3 0 2 1 0 0 0 0 3 0 2 0 0 0 1 0 2 0 0 0 1 1 0 0 2 0 3 0 1 0 3 0 0 1 0 0 1 0 1 0 0 0 1 0 0 0 3 0 1 0 2 1 0 0 2 0 0 0 2 0 0 0 3 0 2 0 1 0 2 0 0 0 3 0 3 0 2 0 0 0 2 0 3 0 2 0 1 0 0 0 0 0 1 0 2 0 0 1 0 0 1 0 3 0 1 0 1 0 1 0 2 0 3 0 2 0 3 0 0 0 0 0 2 0 2 0 3 0 2 1 0 0 3 0 2 0 1 0 3 0 1 1 0 0 2 0 0 0 0 0 3 0 0 0 2 0 3 0 0 0 2 0 1 0 1 0 2 1 0 1 0 1 0 1 0 0 1 0 0 0 0 1 0 0 1 0 0 0 1 0 2 0 0 0 0 0 0 0 3 0 2 0 0 1 0 0 2 0 0 0 1 1 0 0 3 0 3 0 0
0 281 1 0 3 0 3 0 0 0 1 0 3 0 1 0 1 0 1 0 0 0 2 0 1 0 3 0 3 0 1 0 0 1 0 0 0 0 0 0 0 0 1 1 0 0 1 0 3 0 1 0 2 0 3 0 1 1 0 0 0 0 2 0 2 0 1 1 0 0 1 0 2 0 0 0 1 0 2 1 0 0 1 1 0 0 0 0 0 0 2 1 0 0 2 0 2 0 3 0 1 0 2 0 0 0 2 0 1 0 1 1 0 0 1 1 0 1 0 0 1 1 0 0 2 0 2 0 0 1 0 0 0 0 2 0 2 0 3 0 0 0 2 0 0 0 3 0 0 0 3 0 0 0 0 0 2 1 0 0 2 0 3 0 2 0 1 0 3 0 2 0 3 0 0 0 3 0 1 0 2 0 1 0 1 0 0 0 1 0 3 0 2 0 0 0 2 0 0 1 0 0 2 1 0 1 0 1 0 0 1 0 1 0 1 0 2 0 0 0 2 0 1 1 0 0 3 0 3 0 1 0 0 1 0 1 0 0 3 0 1 0 0 0 1 0 3 0 1 0 0 0 2 1 0 0 1 0 0 0 1 0 2 0 0 0 2 0 3 0 3 0 0 1 0 0 0 0 2 0 2 0 1
1 281 3 0 2 0 2 0 1 0 3 0 1 0 3 0 2 0 2 0 0 1 0 1 0 0 3 0 2 0 3 0 1 0 2 1 0 0 0 0 0 0 3 0 3 0 2 0 1 1 0 0 1 0 2 1 0 1 0 0 1 0 0 0 0 1 0 1 0 0 2 1 0 0 1 0 3 0 0 1 0 0 3 0 2 1 0 0 1 0 1 0 0 0 0 0 1 0 2 1 0 0 0 0 1 1 0 0 3 0 3 0 3 0 2 1 0 0 3 0 2 1 0 0 0 0 0 0 2 0 3 0 0 0 0 0 1 0 2 0 1 1 0 0 2 0 1 0 2 0 1 0 1 0 1 0 1 0 0 0 0 0 3 0 0 1 0 0 3 0 1 0 2 0 2 0 1 1 0 0 0 0 3 0 2 0 0 0 3 0 2 0 0 0 1 1 0 0 2 1 0 0 1 0 0 1 0 0 3 0 1 0 2 0 2 1 0 0 2 0 0 0 0 0 0 0 2 0 2 0 3 0 1 1 0 1 0 0 1 0 3 0 0 0 3 0 1 0 3 0 1 0 0 1 0 0 2 0 0 0 2 1 0 0 2 0 0 0 3 0 2 0 2 0 3 0 0 0 0 0 0 1 0
1 283 1 0 2 0 1 0 0 1 0 0 2 1 0 0 3 0 1 0 0 0 2 1 0 1 0 0 2 0 1 0 2 1 0 0 1 1 0 0 0 0 1 0 2 0 3 0 0 1 0 1 0 0 3 0 1 0 0 0 3 0 1 0 0 0 1 1 0 1 0 0 0 1 0 0 3 0 1 0 2 1 0 0 2 0 1 1 0 0 2 0 2 0 0 0 0 0 3 0 0 1 0 0 0 1 0 0 0 0 2 0 3 0 3 0 2 0 0 0 2 0 1 1 0 0 0 0 1 0 0 0 2 0 1 0 0 0 2 1 0 1 0 1 0 1 0 1 0 0 0 0 3 0 2 0 2 0 2 0 0 0 1 0 1 0 2 1 0 0 1 1 0 0 1 0 0 1 0 1 0 0 1 0 2 0 0 0 2 0 2 0 0 0 1 1 0 0 0 0 0 1 0 0 2 0 1 1 0 0 1 1 0 0 1 0 1 1 0 1 0 0 1 0 0 0 1 0 0 0 1 0 3 0 0 0 0 0 3 0 2 0 1 0 2 0 1 1 0 0 2 0 3 0 1 0 3 0 3 0 1 0 0 1 0 1 0 0 2 0 2 0 1 0 1 0 2 0 1 0 0 0 1 0 2
0 283 2 1 0 0 3 0 1 1 0 0 1 0 0 0 1 0 3 0 1 0 1 0 0 0 3 0 3 0 3 0 0 1 0 0 3 0 2 1 0 0 3 0 0 0 2 0 2 1 0 1 0 0 1 0 3 0 1 0 1 0 3 0 0 1 0 0 0 0 3 0 0 1 0 0 1 1 0 0 2 0 0 0 0 0 0 0 0 0 0 0 0 0 1 0 1 0 1 0 2 0 3 0 0 0 3 0 0 0 0 0 3 0 3 0 0 0 1 1 0 1 0 1 0 0 0 0 2 0 0 1 0 0 3 0 1 0 1 0 0 1 0 1 0 1 0 0 3 0 0 0 2 0 1 0 1 0 0 0 1 0 2 0 3 0 0 1 0 0 3 0 3 0 1 0 1 1 0 0 3 0 1 1 0 0 2 0 0 0 0 0 1 0 3 0 2 1 0 0 1 0 3 0 3 0 3 0 3 0 2 0 3 0 1 1 0 0 0 0 3 0 1 0 0 0 2 0 0 0 3 0 1 0 1 0 1 0 2 0 0 1 0 0 1 0 0 0 0 0 0 0 2 1 0 0 3 0 2 0 3 0 1 1 0 1 0 0 0 0 0 0 3 0 2 1 0 0 3 0 0 0 3 0 0
0 285 1 0 1 0 0 0 1 1 0 1 0 0 2 0 0 0 3 0 1 0 3 0 2 0 1 0 2 0 3 0 2 0 2 1 0 0 2 0 2 0 0 0 1 0 2 0 0 0 2 0 0 0 3 0 2 0 1 0 3 0 3 0 1 0 2 0 3 0 0 0 1 0 2 0 3 0 2 0 3 0 3 0 0 0 0 0 0 0 0 0 0 0 0 0 2 0 2 0 3 0 0 0 2 0 2 0 1 0 1 0 1 0 2 0 2 0 1 1 0 0 0 1 0 0 2 1 0 1 0 0 2 1 0 0 1 0 3 0 2 0 1 1 0 1 0 1 0 0 1 0 1 1 0 0 3 0 2 0 0 0 3 0 0 0 2 0 2 1 0 0 2 0 2 1 0 0 0 0 0 0 1 1 0 1 0 1 0 0 1 0 0 0 3 0 2 0 1 1 0 0 3 0 2 0 3 0 3 0 3 0 1 0 2 1 0 1 0 0 1 0 1 0 3 0 0 1 0 0 2 0 1 0 3 0 2 0 2 1 0 0 2 0 3 0 1 0 0 0 0 0 1 0 1 0 0 0 2 0 1 0 3 0 0 0 0 0 2 1 0 0 1 0 2 0 2 0 0 0 1 0 2 0 1 0 1
1 285 2 0 2 0 0 1 0 0 0 0 3 0 3 0 1 0 1 1 0 0 3 0 0 1 0 0 1 0 3 0 1 0 2 0 0 0 0 0 0 0 1 0 2 1 0 0 1 1 0 0 2 0 2 0 0 1 0 0 3 0 2 1 0 0 1 0 2 0 1 0 3 0 0 0 3 0 1 0 3 0 2 0 1 0 0 0 0 0 0 0 0 0 1 0 0 0 1 0 2 0 2 0 0 0 0 0 3 0 2 0 3 0 0 0 0 1 0 1 0 0 1 1 0 0 1 0 0 1 0 0 0 1 0 0 3 0 2 0 1 0 0 0 0 1 0 0 3 0 1 1 0 0 0 0 2 0 0 0 2 0 1 0 2 0 0 0 2 0 0 0 0 0 1 1 0 0 0 0 0 1 0 0 0 1 0 0 3 0 1 0 1 0 2 0 1 0 0 0 0 0 2 0 1 0 3 0 3 0 2 1 0 0 2 0 0 0 3 0 1 0 3 0 1 0 2 0 3 0 3 0 3 0 2 0 1 0 2 0 0 0 0 0 2 0 3 0 0 0 0 0 2 0 2 0 0 1 0 1 0 0 2 0 1 0 1 0 0 1 0 0 3 0 0 0 0 0 1 0 2 1 0 0 3 0 2
0 287 1 0 0 0 0 0 2 0 3 0 0 0 2 0 2 1 0 0 0 0 0 0 1 0 2 0 3 0 2 0 1 1 0 0 0 0 1 0 0 0 0 0 3 0 0 1 0 1 0 0 0 0 0 0 0 0 2 1 0 0 2 0 1 1 0 0 2 1 0 1 0 0 2 0 2 0 1 1 0 0 3 0 0 0 3 0 0 0 0 0 0 0 0 0 2 0 0 0 3 0 0 0 0 0 1 0 1 0 2 0 1 0 2 0 1 0 1 1 0 0 3 0 2 0 3 0 1 0 1 0 3 0 0 1 0 0 2 0 0 0 3 0 0 0 1 1 0 0 1 1 0 1 0 0 0 1 0 0 1 1 0 1 0 0 0 0 1 1 0 0 1 0 0 0 3 0 2 1 0 0 1 0 3 0 0 1 0 0 1 0 3 0 2 1 0 0 3 0 0 0 0 1 0 1 0 0 3 0 3 0 1 1 0 1 0 0 2 0 1 1 0 0 2 1 0 0 1 0 3 0 3 0 3 0 0 1 0 0 0 0 1 0 1 0 0 0 2 0 1 0 1 0 0 0 0 0 2 1 0 0 3 0 3 0 2 0 2 0 1 1 0 0 1 0 1 0 0 0 3 0 1 0 0 0 2 0 1
1 287 2 0 0 0 1 0 0 0 2 0 2 0 0 0 1 1 0 0 0 0 0 0 3 0 0 0 3 0 0 1 0 1 0 0 0 0 2 0 0 0 1 0 1 0 2 1 0 0 2 1 0 0 0 0 1 0 1 0 0 0 0 0 0 0 0 0 1 0 0 1 0 0 0 0 1 0 0 0 0 0 1 0 2 0 1 0 1 0 0 0 0 0 0 1 0 0 2 0 1 0 1 0 0 0 2 0 2 1 0 1 0 0 0 1 0 0 0 0 0 0 2 0 1 0 2 0 3 0 3 0 1 0 2 0 3 0 3 0 1 0 1 0 1 0 3 0 3 0 2 1 0 0 3 0 0 0 3 0 2 1 0 0 2 1 0 0 3 0 3 0 1 0 1 0 2 0 1 1 0 0 3 0 1 0 2 0 3 0 2 0 2 0 2 0 0 0 1 0 1 0 1 1 0 1 0 0 2 0 3 0 0 0 0 1 0 0 0 0 0 0 0 0 0 1 0 0 3 0 2 0 3 0 2 0 2 0 2 1 0 0 2 0 2 0 0 1 0 0 3 0 2 0 0 0 1 0 1 0 0 0 2 0 3 0 1 0 0 1 0 1 0 0 2 0 2 0 1 0 1 0 3 0 0 1 0 1 0
1 288 1 0 0 1 0 2 0 1 0 0 0 0 0 1 0 3 0 2 1 0 0 1 0 1 0 2 0 1 0 2 1 0 0 2 1 0 1 0 0 1 0 2 0 3 0 1 0 0 0 0 1 0 0 0 0 2 0 2 0 0 0 0 0 0 0 0 0 2 0 1 0 2 1 0 0 2 0 0 0 0 0 2 1 0 0 3 0 2 0 0 0 0 0 1 0 3 0 3 0 2 0 2 0 1 0 0 0 2 0 0 0 3 0 0 0 2 1 0 0 0 1 0 1 0 0 1 0 3 0 2 1 0 0 1 0 3 0 2 0 3 0 2 0 3 0 2 0 3 0 2 0 0 0 1 0 2 0 2 0 2 0 0 0 1 0 0 0 2 0 2 0 3 0 3 0 0 0 0 0 0 0 1 1 0 0 1 0 3 0 1 0 1 0 0 0 1 0 2 0 2 1 0 0 0 1 0 0 0 0 2 0 1 0 1 0 2 1 0 0 0 0 0 0 1 1 0 0 2 0 1 0 3 0 1 0 1 0 2 0 0 0 0 0 0 0 2 1 0 0 2 0 0 0 1 0 2 0 2 0 1 0 0 0 2 0 3 0 1 1 0 1 0 0 0 0 0 0 3 0 3 0 1 0 2 1 0 0 2
0 289 1 0 3 0 1 1 0 0 3 0 0 0 0 0 3 0 2 0 1 1 0 0 2 0 2 1 0 1 0 0 2 0 0 0 1 0 0 0 3 0 2 0 0 0 2 0 3 0 0 0 1 0 3 0 0 0 0 0 0 0 1 0 0 0 0 0 0 1 0 1 0 0 1 1 0 1 0 0 1 0 1 0 1 0 0 0 2 0 0 0 1 0 0 0 3 0 2 0 3 0 1 0 0 0 3 0 0 1 0 0 2 0 1 0 2 0 0 1 0 0 1 1 0 0 3 0 2 0 2 0 1 1 0 0 3 0 2 0 1 0 3 0 1 0 3 0 1 0 3 0 0 0 1 0 3 0 0 0 1 0 0 0 1 0 2 0 1 0 0 0 1 0 3 0 2 0 1 0 0 0 0 0 3 0 3 0 2 0 1 0 3 0 2 0 0 0 3 0 0 0 1 1 0 0 1 0 2 1 0 1 0 0 3 0 3 0 0 1 0 0 0 0 0 0 3 0 3 0 3 0 3 0 1 0 3 0 2 1 0 0 1 0 0 0 1 0 0 1 0 1 0 0 1 0 3 0 0 0 0 0 3 0 1 0 0 0 3 0 0 0 0 0 2 1 0 0 1 0 2 0 2 1 0 0 2 0 0 0 0
0 289 3 0 2 0 0 0 0 0 1 0 1 0 1 0 2 0 1 0 0 0 0 0 0 0 2 0 0 0 3 0 3 0 0 0 2 0 1 0 2 0 0 0 2 0 0 0 2 0 1 0 3 0 1 0 1 0 0 0 0 0 2 0 0 0 0 0 1 1 0 0 3 0 2 1 0 0 3 0 1 0 2 0 2 0 0 1 0 0 1 0 2 0 1 0 2 0 1 0 2 0 3 0 1 0 1 0 2 0 3 0 3 0 2 1 0 0 2 0 3 0 2 1 0 0 2 0 1 0 1 0 0 0 0 0 2 0 0 1 0 0 2 1 0 0 2 1 0 0 2 0 1 0 3 0 1 0 1 0 2 0 0 0 2 1 0 0 3 0 0 0 3 0 2 0 0 0 3 0 0 0 1 0 2 0 3 0 0 1 0 0 3 0 0 0 2 0 1 0 1 0 3 0 3 0 2 0 1 0 0 1 0 0 2 0 2 0 2 0 2 1 0 0 1 0 2 0 3 0 3 0 2 1 0 0 3 0 1 1 0 0 2 0 0 0 2 0 1 1 0 0 3 0 2 0 1 0 1 0 1 0 1 0 3 0 1 0 1 0 1 0 1 0 0 1 0 0 3 0 0 0 1 1 0 1 0 0 1 0 0
0 291 1 0 2 0 0 0 1 0 0 0 2 0 2 0 2 1 0 0 3 0 0 0 0 0 0 1 0 0 2 0 2 0 2 0 1 1 0 1 0 0 0 0 1 1 0 0 1 1 0 1 0 0 2 0 3 0 2 0 0 0 0 1 0 0 1 0 0 1 0 0 0 0 2 0 2 0 0 0 1 1 0 0 1 0 0 0 2 0 3 0 1 1 0 1 0 0 0 1 0 0 1 0 2 0 3 0 3 0 0 0 3 0 3 0 2 0 0 0 0 0 3 0 1 1 0 1 0 0 3 0 2 0 0 0 0 1 0 0 2 1 0 0 1 0 0 0 0 1 0 1 0 1 0 0 2 0 3 0 2 1 0 0 2 0 1 0 0 0 1 0 2 0 2 0 0 0 2 0 1 0 1 0 3 0 0 0 2 0 2 1 0 0 1 0 1 1 0 0 3 0 3 0 2 0 3 0 0 0 3 0 1 1 0 0 0 0 1 0 1 0 1 1 0 0 3 0 0 0 3 0 3 0 2 0 0 0 1 1 0 1 0 1 0 0 2 0 0 0 0 0 0 0 2 0 0 0 3 0 2 0 2 0 3 0 1 0 3 0 2 0 2 0 2 0 1 1 0 0 1 0 1 1 0 0 0 0 3 0 1 0 0
0 291 2 1 0 0 1 0 2 0 1 0 0 0 1 0 2 0 0 0 1 0 1 0 0 0 1 1 0 0 0 0 1 0 1 0 0 0 0 0 2 1 0 0 3 0 3 0 2 1 0 1 0 0 0 0 3 0 0 0 1 0 1 0 3 0 1 0 1 0 3 0 0 0 0 0 0 0 1 0 3 0 3 0 1 0 1 0 0 0 3 0 0 0 0 0 3 0 0 0 3 0 2 0 0 0 3 0 2 0 2 0 2 0 3 0 0 0 1 0 1 0 2 0 0 0 0 1 0 0 2 0 0 0 1 0 1 1 0 0 0 1 0 0 2 0 0 0 1 1 0 1 0 1 0 0 0 0 3 0 1 1 0 1 0 0 3 0 0 0 3 0 0 0 0 0 1 1 0 0 3 0 3 0 1 0 2 0 0 0 1 1 0 0 2 1 0 0 0 0 2 0 3 0 1 0 2 0 2 0 1 1 0 1 0 0 0 0 2 0 2 1 0 0 0 0 1 0 2 0 2 0 3 0 0 0 1 1 0 0 0 1 0 0 3 0 3 0 0 0 0 0 0 1 0 0 2 0 2 0 1 0 1 0 2 1 0 0 3 0 1 0 1 0 0 1 0 1 0 0 2 0 3 0 3 0 0 0 1 0 3 0 0
0 293 1 0 0 1 0 0 2 1 0 0 3 0 0 0 2 1 0 0 1 0 2 0 2 0 0 0 3 0 2 1 0 0 2 0 2 0 0 0 1 0 1 0 0 0 2 0 3 0 2 0 0 0 3 0 0 0 1 0 1 0 2 0 3 0 1 0 3 0 3 0 1 0 1 0 0 0 0 0 3 0 2 0 2 0 3 0 2 0 1 0 1 0 1 0 1 0 1 0 2 0 2 0 0 0 2 0 2 0 1 0 1 0 1 0 2 0 1 0 2 0 2 1 0 0 1 0 1 0 3 0 3 0 0 0 2 0 3 0 3 0 0 0 3 0 3 0 0 1 0 0 0 1 0 0 3 0 0 0 2 0 0 0 0 1 0 0 1 0 2 0 1 0 1 0 0 1 0 0 0 0 2 0 2 1 0 0 0 0 1 1 0 0 0 0 0 1 0 0 1 0 0 0 2 1 0 0 1 0 1 0 0 0 0 0 3 0 0 0 0 0 1 1 0 0 0 0 3 0 0 0 1 0 2 0 1 0 3 0 3 0 0 1 0 0 2 0 2 0 1 0 0 0 1 1 0 0 0 0 0 0 3 0 3 0 1 0 0 0 1 0 3 0 2 0 1 1 0 1 0 0 0 0 3 0 2 0 1 0 3 0 1 0 1
1 293 2 0 1 1 0 0 1 0 0 0 1 0 2 0 0 1 0 0 3 0 0 0 0 0 2 0 2 0 2 0 0 0 0 0 0 0 1 0 2 0 2 0 1 0 0 0 3 0 0 0 2 0 1 0 1 0 2 0 3 0 0 0 2 1 0 0 3 0 2 0 3 0 2 0 0 0 1 0 2 0 1 0 1 0 3 0 0 0 3 0 2 0 2 0 2 0 3 0 0 0 0 0 2 0 0 0 0 0 3 0 2 0 2 1 0 1 0 0 1 0 1 1 0 0 2 0 3 0 2 0 2 0 2 0 0 0 3 0 2 0 2 0 2 0 2 0 2 0 3 0 0 1 0 0 1 0 1 1 0 0 1 0 1 0 3 0 1 1 0 0 3 0 2 0 1 0 3 0 0 0 0 0 1 1 0 0 0 0 3 0 2 1 0 0 1 0 3 0 1 0 1 0 0 1 0 0 2 0 2 0 0 0 1 0 1 0 1 0 0 0 3 0 3 0 0 0 1 0 1 0 2 1 0 1 0 0 3 0 2 0 2 1 0 0 0 0 0 0 3 0 0 0 3 0 2 1 0 0 1 0 2 0 2 0 3 0 0 0 3 0 2 0 1 0 0 0 0 0 3 0 0 0 2 0 0 1 0 0 2 0 3 0 2
0 294 1 0 1 0 1 0 0 2 0 0 0 2 1 0 0 2 1 0 0 1 0 1 0 1 0 0 0 1 0 0 0 1 0 0 0 0 0 3 0 0 0 0 0 3 0 1 0 1 0 1 1 0 0 3 0 3 0 0 0 2 0 2 0 1 0 0 0 2 0 1 0 3 0 0 0 1 0 2 1 0 0 3 0 3 0 1 0 2 0 2 0 1 0 1 0 1 0 2 0 1 0 0 1 0 0 1 0 1 0 2 0 1 0 2 0 0 0 3 0 1 1 0 0 0 0 0 0 3 0 1 0 1 0 0 0 2 0 2 0 1 0 1 0 1 0 1 0 1 0 2 0 2 0 3 0 1 0 3 0 3 0 1 0 3 0 2 0 0 0 0 0 2 0 0 1 0 0 2 0 1 0 0 0 3 0 3 0 0 0 2 0 1 1 0 0 3 0 1 0 3 0 2 0 1 1 0 0 0 0 0 0 1 0 2 0 2 0 2 0 1 0 2 0 2 0 1 0 2 0 3 0 1 0 0 1 0 0 2 0 1 0 1 1 0 0 0 0 1 0 1 0 2 0 2 0 1 1 0 0 3 0 0 0 1 0 2 0 2 0 2 0 0 0 3 0 0 0 1 0 1 0 1 1 0 0 2 1 0 0 0 0 3 0 1
1 295 1 1 0 1 0 0 3 0 3 0 1 0 1 0 0 0 0 1 0 0 2 0 2 0 2 0 0 0 2 0 0 0 2 0 0 0 1 0 1 0 1 0 1 0 1 0 3 0 2 1 0 0 0 0 2 0 2 0 2 0 0 0 0 0 3 0 0 1 0 1 0 0 2 0 1 0 3 0 1 0 0 0 2 0 2 1 0 0 1 0 0 0 3 0 2 0 2 1 0 0 3 0 1 0 3 0 1 0 2 1 0 1 0 0 0 0 2 0 1 1 0 1 0 0 0 0 1 0 1 0 3 0 2 0 1 0 0 0 0 0 3 0 2 0 2 0 2 0 3 0 0 0 1 0 2 1 0 0 3 0 2 1 0 0 3 0 0 0 1 0 0 1 0 0 2 0 3 0 3 0 2 0 1 0 2 0 2 0 2 0 0 0 0 0 0 0 1 1 0 0 3 0 0 1 0 1 0 0 0 0 0 0 3 0 0 0 1 0 0 1 0 0 1 0 0 1 0 0 1 0 2 0 3 0 1 0 3 0 3 0 2 0 3 0 2 1 0 0 2 0 3 0 0 0 1 0 0 0 0 0 1 0 1 0 3 0 0 0 1 0 0 0 2 0 1 0 1 0 2 0 2 1 0 0 0 0 0 1 0 0 1 0 1 1 0
1 296 1 0 0 0 1 0 0 2 0 2 0 3 0 2 0 0 0 1 1 0 0 0 0 1 0 0 0 1 1 0 0 1 1 0 0 1 0 2 0 2 0 2 0 2 0 3 0 2 0 1 1 0 0 1 0 0 0 1 0 0 0 1 0 1 0 1 0 2 1 0 0 3 0 3 0 3 0 1 0 3 0 1 0 0 0 1 1 0 0 2 0 1 0 2 0 1 0 2 0 0 0 1 1 0 0 2 1 0 0 2 0 0 0 3 0 0 0 0 0 0 0 0 0 2 1 0 0 2 0 3 0 2 0 0 0 3 0 0 0 1 0 2 0 1 0 1 0 1 0 2 0 1 0 3 0 1 0 0 0 2 0 2 0 0 0 1 0 1 0 2 0 1 1 0 0 0 0 3 0 3 0 0 1 0 0 1 0 1 0 0 0 1 0 0 0 0 1 0 0 0 0 1 0 2 1 0 0 2 1 0 0 1 0 1 0 1 0 2 0 1 0 3 0 1 0 1 0 3 0 2 0 0 0 2 1 0 0 3 0 3 0 1 0 3 0 2 0 0 0 0 0 2 0 1 0 2 0 0 0 0 0 2 0 3 0 1 0 1 0 2 0 0 1 0 0 3 0 3 0 0 0 1 1 0 0 0 0 1 0 3 0 1 0 3 0 2
0 297 1 0 3 0 0 1 0 0 0 0 1 0 3 0 0 0 1 0 3 0 2 1 0 0 2 0 0 0 3 0 3 0 2 0 3 0 2 0 0 0 1 0 1 0 1 0 3 0 0 1 0 1 0 0 2 0 0 0 2 0 0 0 2 0 2 0 3 0 1 0 0 0 2 0 3 0 2 1 0 0 2 0 3 0 0 0 3 0 3 0 3 0 2 1 0 1 0 0 0 0 1 1 0 0 0 0 0 1 0 1 0 0 2 0 1 0 1 0 0 0 0 0 1 0 1 0 0 0 0 0 3 0 0 0 2 0 1 0 1 0 2 1 0 0 3 0 2 0 2 1 0 1 0 0 2 0 3 0 1 0 0 0 0 0 1 0 2 0 2 1 0 1 0 1 0 0 1 0 2 0 2 0 2 0 3 0 1 0 2 0 0 0 2 0 0 0 1 0 2 1 0 0 3 0 1 0 0 0 0 1 0 0 2 0 2 0 2 1 0 1 0 0 2 0 3 0 3 0 2 0 0 0 2 0 1 0 0 0 2 0 2 1 0 0 3 0 0 0 1 0 0 1 0 1 0 0 0 0 1 0 1 0 0 0 2 0 3 0 2 1 0 0 2 1 0 0 2 0 2 0 1 0 3 0 2 1 0 0 3 0 1 1 0 0 3 0 1
1 297 3 0 1 0 2 0 2 1 0 0 3 0 1 0 1 0 3 0 2 0 1 1 0 1 0 0 2 0 2 0 3 0 1 0 3 0 0 0 1 0 2 0 2 0 3 0 1 0 2 1 0 0 3 0 3 0 0 1 0 0 2 0 0 0 1 0 2 0 3 0 1 0 0 0 3 0 2 0 0 0 0 0 2 0 2 0 2 0 3 0 3 0 2 0 0 0 2 1 0 0 3 0 2 1 0 0 1 1 0 0 3 0 3 0 2 0 2 0 0 0 0 0 2 0 2 0 0 0 1 0 1 0 1 1 0 0 3 0 3 0 1 0 0 0 2 0 1 0 2 0 0 1 0 0 0 0 2 0 3 0 0 0 0 0 3 0 0 0 2 0 0 1 0 0 3 0 2 0 0 0 1 0 1 0 2 1 0 0 0 0 1 1 0 0 1 0 3 0 1 0 0 0 1 0 3 0 0 0 1 1 0 0 0 0 1 0 2 0 0 1 0 0 0 0 3 0 3 0 0 0 1 1 0 0 3 0 1 0 0 0 2 0 0 0 1 0 1 0 2 0 1 1 0 0 2 1 0 0 2 0 2 0 1 0 0 0 3 0 2 0 0 0 1 0 0 0 0 0 0 1 0 0 3 0 2 0 0 0 2 0 0 0 0 0 1 1 0
1 299 1 0 1 1 0 0 1 0 2 0 0 0 1 0 3 0 3 0 2 0 1 0 0 0 0 1 0 0 0 0 1 0 2 1 0 0 2 0 1 0 3 0 0 0 1 0 2 1 0 0 2 0 0 0 2 0 2 0 2 0 3 0 3 0 0 0 3 0 0 0 2 0 3 0 1 0 2 0 0 0 1 0 1 0 0 0 1 0 1 0 3 0 3 0 0 0 2 0 1 0 0 0 2 0 1 1 0 1 0 0 0 0 2 0 3 0 1 0 0 0 1 0 1 0 0 0 0 0 1 0 2 0 2 1 0 0 0 0 2 0 2 0 3 0 0 1 0 1 0 0 0 0 2 0 3 0 0 0 0 0 2 0 1 0 1 0 1 0 1 1 0 0 2 1 0 0 2 0 0 0 1 0 2 0 3 0 0 1 0 0 0 0 3 0 3 0 2 0 1 0 3 0 0 0 3 0 1 0 1 0 3 0 2 1 0 0 2 1 0 0 2 0 3 0 0 0 2 0 2 0 1 1 0 0 0 0 1 0 3 0 0 1 0 0 1 0 2 0 3 0 0 0 0 0 0 0 1 0 0 0 0 0 0 0 3 0 1 0 2 0 0 0 1 0 2 0 0 0 0 0 1 1 0 0 2 0 0 0 1 1 0 0 1 0 0 0 3 0 2
0 299 2 0 3 0 3 0 1 1 0 0 1 0 3 0 2 0 3 0 0 0 3 0 0 0 1 0 2 1 0 0 3 0 0 1 0 1 0 1 0 0 2 0 1 0 3 0 0 1 0 1 0 0 2 0 0 0 1 0 1 0 3 0 2 0 2 0 1 0 2 0 0 0 2 1 0 0 0 0 1 0 2 0 2 0 0 0 2 0 3 0 2 0 2 0 1 1 0 0 3 0 1 0 0 0 0 0 0 0 3 0 0 0 0 0 2 0 3 0 0 0 2 0 2 0 0 0 0 0 3 0 0 0 1 1 0 0 1 0 0 0 1 0 2 0 2 1 0 0 3 0 0 0 0 0 2 0 1 0 0 1 0 0 3 0 2 0 2 1 0 0 0 0 0 1 0 1 0 0 1 0 3 0 0 0 2 0 2 0 3 0 0 0 2 0 3 0 0 1 0 0 2 0 2 0 1 0 3 0 3 0 2 0 2 0 0 0 1 0 0 0 0 0 2 0 2 0 0 0 0 1 0 1 0 0 0 0 3 0 1 0 2 0 3 0 2 0 0 0 2 0 1 0 0 0 0 0 2 0 0 0 0 0 1 0 1 1 0 0 0 0 1 0 2 1 0 0 1 0 0 0 3 0 3 0 3 0 0 0 3 0 3 0 1 0 1 0 2 0 1
1 301 1 0 0 0 3 0 2 1 0 1 0 0 3 0 2 0 1 0 2 0 2 0 1 0 1 0 3 0 1 0 0 0 1 0 2 1 0 1 0 0 3 0 3 0 3 0 1 0 2 1 0 0 3 0 3 0 0 0 2 0 3 0 2 0 1 0 0 1 0 0 0 0 2 0 0 1 0 0 0 0 3 0 0 0 0 0 2 0 0 0 3 0 1 0 1 0 0 0 0 0 1 0 3 0 0 0 0 0 1 0 1 0 1 0 1 0 0 0 2 0 2 0 0 0 0 0 1 0 1 0 1 0 1 0 3 0 3 0 1 0 0 0 3 0 0 0 2 0 0 0 1 0 1 0 0 1 0 0 3 0 1 1 0 0 2 0 1 0 1 1 0 0 0 0 1 1 0 0 3 0 2 0 1 0 2 0 0 0 1 0 2 0 2 0 0 0 2 0 2 1 0 0 0 0 0 1 0 0 3 0 3 0 1 0 0 0 1 0 2 0 0 0 1 0 0 0 0 0 1 0 1 1 0 0 3 0 0 0 1 1 0 0 1 0 3 0 0 0 1 1 0 0 3 0 0 0 0 1 0 0 1 0 0 0 2 0 3 0 2 1 0 0 3 0 0 1 0 0 2 0 1 0 2 0 3 0 2 0 2 0 2 0 2 0 3 0 2 1 0 1 0
1 301 2 0 1 0 2 0 2 0 0 1 0 0 2 0 0 1 0 0 1 0 0 0 3 0 3 0 1 0 3 0 0 0 3 0 1 0 0 1 0 0 2 0 3 0 2 1 0 0 2 0 0 0 2 0 2 0 2 0 0 0 3 0 0 0 3 0 1 0 2 1 0 1 0 0 2 0 3 0 0 0 1 0 1 0 0 1 0 0 2 0 1 0 3 0 2 0 0 0 0 0 3 0 1 0 1 0 0 0 2 0 2 0 2 0 2 0 1 0 0 0 0 0 1 0 0 0 2 0 2 0 2 0 3 0 2 0 2 0 3 0 1 0 1 0 1 1 0 0 1 0 2 0 2 0 1 1 0 0 1 1 0 1 0 1 0 0 3 0 3 0 2 1 0 1 0 0 0 0 2 0 0 1 0 0 0 0 1 0 3 0 0 0 0 0 2 0 0 0 1 1 0 0 0 0 1 1 0 0 2 0 2 0 3 0 0 0 2 1 0 0 1 0 2 0 0 0 0 0 2 1 0 0 0 0 1 0 1 0 3 0 3 0 2 0 1 0 1 1 0 0 0 0 1 0 1 0 1 0 3 0 1 0 1 0 0 0 3 0 2 0 0 0 1 0 2 0 3 0 3 0 3 0 0 0 3 0 1 0 1 0 1 0 1 0 3 0 2 0 0 0 2
0 302 1 0 1 0 0 1 0 0 0 2 0 3 0 3 0 1 0 3 0 1 0 1 0 2 0 2 1 0 0 2 0 2 0 1 0 3 0 1 1 0 0 0 0 3 0 1 1 0 1 0 0 2 0 0 0 1 0 0 0 2 0 1 0 2 0 1 1 0 0 2 0 0 1 0 0 0 0 2 0 1 0 2 0 2 0 1 0 3 0 3 0 3 0 2 0 0 0 1 0 1 0 1 0 3 0 2 0 1 0 0 0 1 0 1 0 0 0 3 0 0 0 0 0 2 0 1 0 0 0 1 0 1 0 3 0 1 0 1 0 2 0 3 0 2 0 3 0 3 0 2 0 0 0 0 1 0 1 0 1 0 0 0 1 0 1 0 0 2 0 3 0 2 0 0 0 2 1 0 1 0 0 2 0 2 1 0 0 3 0 1 0 1 0 0 1 0 0 1 0 3 0 2 1 0 1 0 0 0 0 0 0 1 0 2 0 2 0 0 1 0 0 2 1 0 0 1 0 1 0 0 1 0 0 0 0 2 0 3 0 2 0 3 0 0 0 3 0 3 0 2 1 0 0 2 0 2 0 3 0 1 0 3 0 2 0 1 0 2 0 0 0 1 0 3 0 0 0 3 0 3 0 2 0 2 0 1 0 3 0 2 0 2 0 3 0 2 0 0 0 2 0 0
0 303 1 1 0 0 3 0 1 0 1 0 0 0 3 0 2 1 0 0 2 0 3 0 3 0 0 0 2 0 0 0 0 0 0 1 0 0 2 1 0 1 0 0 1 0 2 0 0 0 0 0 3 0 3 0 0 0 2 0 0 1 0 1 0 0 0 1 0 1 0 1 0 0 2 0 2 1 0 1 0 1 0 0 1 0 0 1 0 0 3 0 3 0 3 0 0 0 1 0 2 0 2 0 3 0 2 0 0 0 3 0 0 0 2 0 2 0 1 0 1 0 1 0 0 1 0 0 3 0 0 0 2 0 3 0 1 0 3 0 3 0 0 0 3 0 1 0 3 0 3 0 0 0 1 0 1 1 0 1 0 0 3 0 0 1 0 1 0 0 0 0 3 0 0 0 2 0 1 0 0 1 0 0 0 0 2 0 0 0 1 0 3 0 2 0 1 0 3 0 2 0 2 0 2 0 0 0 2 1 0 0 0 0 3 0 0 0 0 0 2 1 0 0 0 1 0 0 2 0 2 0 1 0 3 0 0 0 0 0 3 0 1 0 2 0 2 0 2 0 3 0 2 0 0 0 0 0 1 0 2 1 0 0 3 0 0 1 0 0 0 0 1 0 3 0 1 0 2 0 2 0 3 0 1 0 0 1 0 0 3 0 1 0 1 0 3 0 0 0 1 1 0 0 1
0 304 1 0 0 0 0 1 0 3 0 2 0 1 0 2 0 2 0 0 0 0 0 3 0 2 0 1 1 0 0 1 0 0 0 1 1 0 0 1 0 0 0 3 0 1 1 0 0 1 0 1 0 2 0 2 0 1 1 0 0 2 1 0 0 3 0 0 1 0 1 0 1 0 0 0 0 2 0 0 1 0 0 3 0 1 0 1 1 0 0 2 0 3 0 2 0 1 0 3 0 0 0 1 0 3 0 0 0 2 0 1 0 2 0 0 0 0 0 3 0 2 0 2 0 1 1 0 0 1 0 2 0 0 0 2 1 0 0 3 0 2 0 2 0 1 1 0 0 3 0 2 0 1 0 2 1 0 0 0 1 0 0 1 0 2 1 0 0 3 0 0 0 1 0 1 1 0 0 3 0 1 0 2 1 0 1 0 0 1 0 3 0 2 0 0 1 0 0 3 0 1 0 1 0 0 0 2 0 0 1 0 0 1 0 1 0 1 0 1 0 0 1 0 0 1 1 0 0 0 0 0 1 0 0 2 0 1 0 1 0 1 1 0 0 1 0 1 0 1 0 3 0 0 0 1 0 0 0 3 0 1 0 0 0 1 0 2 0 2 1 0 0 3 0 1 1 0 0 1 0 1 0 2 0 3 0 1 1 0 0 1 0 3 0 3 0 1 0 1 0 3 0 3 0 1
1 305 1 0 2 1 0 0 3 0 2 0 0 1 0 0 1 0 0 0 1 0 1 0 2 0 0 1 0 1 0 0 2 0 0 0 3 0 3 0 1 0 1 0 1 1 0 1 0 0 2 0 3 0 0 0 1 0 0 0 0 0 1 0 0 0 1 0 2 1 0 1 0 0 2 1 0 1 0 0 2 1 0 0 1 1 0 0 0 0 0 0 0 0 3 0 0 1 0 0 2 0 1 0 3 0 1 0 1 1 0 1 0 0 0 0 1 0 1 0 2 0 1 0 0 1 0 1 0 0 2 1 0 0 2 0 1 0 0 0 2 0 1 0 1 0 0 0 0 0 2 0 0 1 0 0 1 1 0 0 1 0 3 0 2 0 1 0 0 0 1 0 1 0 2 1 0 0 0 0 1 1 0 0 2 0 0 0 3 0 2 0 2 0 0 0 2 1 0 0 1 0 3 0 2 0 0 1 0 0 2 0 3 0 1 0 2 0 2 0 2 0 1 0 3 0 2 0 2 1 0 0 1 0 3 0 3 0 2 0 2 0 3 0 3 0 1 0 2 0 3 0 1 0 1 0 2 0 1 0 1 0 3 0 0 0 3 0 0 0 2 0 0 0 1 1 0 1 0 0 2 0 3 0 0 0 2 1 0 1 0 0 3 0 2 0 2 0 3 0 3 0 2 0 2 1 0
1 305 3 0 1 0 0 0 2 0 0 0 2 0 3 0 1 0 0 0 2 0 2 1 0 0 2 1 0 0 3 0 3 0 1 0 2 0 2 0 3 0 2 1 0 0 0 1 0 0 0 0 2 0 1 0 2 0 0 0 0 0 2 0 0 0 3 0 1 0 0 1 0 0 1 0 0 1 0 0 0 1 0 0 3 0 2 1 0 0 0 0 1 0 1 0 2 0 3 0 3 0 3 0 1 1 0 0 0 0 0 0 2 1 0 0 2 0 2 1 0 0 3 0 1 1 0 1 0 0 0 1 0 1 0 0 3 0 0 1 0 0 3 0 2 0 0 0 0 1 0 0 2 0 3 0 2 0 3 0 2 0 2 0 0 0 3 0 0 0 2 0 3 0 0 1 0 0 0 0 3 0 3 0 3 0 1 0 2 0 1 0 0 0 2 0 0 1 0 0 3 0 2 0 0 0 2 1 0 0 0 0 2 1 0 0 1 0 1 0 0 1 0 0 3 0 1 0 1 1 0 0 3 0 2 0 3 0 1 0 1 0 3 0 2 1 0 0 1 0 2 0 3 0 2 1 0 0 3 0 3 0 1 0 2 0 1 0 1 1 0 0 1 1 0 0 0 1 0 0 0 0 2 0 2 0 1 0 0 1 0 0 2 0 1 0 1 0 3 0 3 0 1 0 1 1 0
1 307 1 0 1 0 3 0 0 1 0 0 2 0 0 0 2 0 3 0 1 0 0 0 2 0 0 0 1 0 0 0 2 0 2 1 0 0 1 0 1 0 3 0 1 1 0 0 1 0 2 1 0 1 0 1 0 0 0 0 1 0 0 1 0 0 2 0 1 0 3 0 1 0 3 0 1 0 1 0 3 0 0 1 0 0 2 0 1 1 0 0 0 0 2 0 3 0 0 0 3 0 3 0 2 1 0 1 0 0 0 0 1 0 1 0 0 0 0 0 2 0 0 0 2 0 0 0 0 0 3 0 0 1 0 1 0 0 1 0 2 1 0 0 2 0 0 0 1 0 1 1 0 0 0 0 3 0 1 0 3 0 1 0 0 0 2 0 1 0 2 0 0 0 2 0 2 0 3 0 0 0 2 0 3 0 2 1 0 0 0 0 3 0 0 1 0 0 2 1 0 0 2 0 0 0 2 0 0 1 0 0 1 0 0 1 0 0 2 0 2 0 1 1 0 0 1 1 0 0 0 0 0 0 2 0 1 0 2 0 3 0 3 0 2 0 1 1 0 0 3 0 0 0 3 0 2 0 0 0 2 0 2 1 0 0 0 0 3 0 3 0 3 0 2 0 3 0 0 0 3 0 0 0 0 0 0 0 3 0 1 0 3 0 3 0 2 0 3 0 2 0 2 0 3 0 3 0 2
0 307 2 0 3 0 1 0 2 0 3 0 3 0 1 0 0 0 2 0 3 0 0 1 0 0 1 0 2 0 1 0 0 0 1 1 0 0 2 0 3 0 1 1 0 1 0 0 3 0 1 0 0 1 0 0 2 1 0 0 2 0 1 0 3 0 3 0 3 0 1 1 0 0 2 0 3 0 3 0 1 0 2 0 3 0 3 0 3 0 3 0 0 0 0 0 2 0 2 0 2 0 3 0 2 0 0 0 2 1 0 0 2 0 2 0 0 0 0 1 0 0 1 1 0 0 1 0 1 0 1 0 2 1 0 0 3 0 2 0 0 1 0 1 0 0 1 0 2 0 3 0 3 0 0 0 1 1 0 0 2 0 3 0 0 1 0 1 0 0 0 0 2 0 0 0 1 0 2 0 2 0 0 0 3 0 1 1 0 0 1 0 1 0 2 1 0 0 0 1 0 1 0 0 1 1 0 0 2 0 3 0 1 0 1 1 0 0 0 0 0 1 0 1 0 0 3 0 2 1 0 0 0 1 0 1 0 0 1 0 3 0 3 0 1 0 0 0 0 0 1 0 2 0 2 0 0 0 2 0 0 0 1 1 0 0 1 0 2 0 3 0 3 0 1 0 2 0 2 0 1 0 1 0 0 0 1 0 1 1 0 0 3 0 3 0 1 0 3 0 1 0 1 0 3 0 3 0 1
1 309 1 0 0 0 2 1 0 0 1 0 3 0 2 0 3 0 1 0 0 0 2 0 2 0 3 0 1 1 0 0 3 0 0 1 0 0 0 0 0 0 3 0 0 0 0 1 0 0 1 0 3 0 1 1 0 0 0 1 0 1 0 1 0 0 3 0 3 0 3 0 0 0 0 0 0 0 3 0 2 1 0 0 1 0 3 0 3 0 3 0 2 0 1 0 1 0 0 0 1 0 1 0 3 0 0 0 2 0 1 0 0 0 0 0 0 0 1 0 1 0 3 0 2 0 3 0 1 0 2 0 3 0 1 0 0 0 2 0 0 0 2 1 0 0 3 0 2 0 0 0 3 0 2 0 1 1 0 0 0 0 0 0 2 0 2 1 0 0 2 1 0 1 0 0 1 0 3 0 0 0 0 0 2 0 1 1 0 1 0 0 2 0 3 0 0 1 0 0 1 1 0 0 3 0 2 1 0 0 0 0 2 0 3 0 3 0 2 1 0 0 1 1 0 1 0 0 2 0 1 1 0 0 1 1 0 0 3 0 2 0 2 0 2 0 3 0 0 0 0 0 3 0 0 0 0 0 1 1 0 0 1 0 3 0 3 0 2 0 0 0 3 0 2 1 0 0 1 0 0 0 3 0 2 0 0 0 2 1 0 0 0 0 2 0 2 1 0 0 2 0 3 0 3 0 2 0 2 1 0
1 309 2 0 1 0 0 1 0 0 3 0 2 0 1 0 2 0 3 0 1 0 0 0 1 0 3 0 0 0 0 0 1 0 2 0 2 1 0 0 1 0 1 0 1 0 1 0 3 0 2 0 1 1 0 1 0 0 1 1 0 1 0 1 0 0 2 0 3 0 2 0 1 0 0 0 1 0 2 0 1 1 0 0 3 0 2 0 3 0 3 0 0 0 3 0 2 0 0 0 2 0 3 0 1 0 1 1 0 0 3 0 0 0 0 0 0 0 2 0 3 0 2 0 1 0 2 1 0 0 1 0 2 0 3 0 0 1 0 0 2 0 1 0 0 0 2 0 0 0 2 0 2 0 0 1 0 1 0 0 0 0 1 0 0 0 2 0 0 0 1 0 0 0 3 0 2 0 1 0 1 0 1 0 0 0 0 0 0 1 0 0 0 0 2 0 2 0 3 0 2 1 0 0 2 0 1 1 0 0 1 0 0 0 3 0 3 0 1 1 0 1 0 0 0 0 3 0 3 0 3 0 3 0 2 1 0 0 2 0 1 0 1 0 1 0 2 0 1 0 1 0 1 0 1 0 0 0 3 0 3 0 2 0 2 0 3 0 0 0 2 0 2 0 1 1 0 0 2 0 1 0 2 0 0 0 2 0 0 1 0 0 1 0 0 0 2 0 0 0 0 0 3 0 3 0 1 0 1 1 0
1 310 1 0 0 3 0 1 1 0 0 2 0 0 1 0 0 1 0 2 0 3 0 0 0 3 0 1 0 1 0 0 0 3 0 0 0 1 1 0 0 2 0 2 0 2 0 3 0 2 0 1 0 0 0 0 0 3 0 2 1 0 1 0 1 0 0 0 0 3 0 0 0 3 0 0 0 3 0 0 0 0 0 0 0 2 0 1 0 3 0 2 0 2 0 2 0 0 0 2 0 0 0 2 1 0 0 0 0 0 0 1 0 1 0 0 0 1 0 0 0 3 0 0 1 0 0 1 1 0 0 3 0 0 0 2 0 2 0 3 0 3 0 2 0 0 1 0 0 2 0 0 0 0 0 2 1 0 0 2 1 0 0 2 0 0 1 0 0 1 0 2 0 1 0 2 0 0 0 3 0 2 0 2 0 0 0 0 0 1 0 3 0 0 0 0 0 1 0 3 0 1 1 0 1 0 1 0 1 0 0 2 0 1 0 2 0 3 0 0 0 0 0 3 0 0 0 2 0 3 0 3 0 3 0 1 1 0 1 0 0 3 0 2 0 2 1 0 0 3 0 2 0 2 0 2 0 1 0 2 0 3 0 1 0 1 0 2 0 2 0 0 0 0 1 0 1 0 1 0 1 0 0 0 0 1 1 0 0 2 0 3 0 1 0 0 1 0 0 1 0 1 0 2 0 2 0 3 0 3 0 2
0 311 1 1 0 0 1 1 0 1 0 1 0 0 2 0 3 0 2 0 0 0 2 0 2 0 1 0 3 0 2 0 1 0 1 0 1 1 0 0 0 0 0 0 1 0 1 0 3 0 0 0 3 0 0 0 1 0 2 0 2 0 0 1 0 0 3 0 0 0 1 0 2 0 1 0 2 0 1 0 1 0 0 0 0 1 0 1 0 0 3 0 1 0 1 0 0 0 1 1 0 0 2 0 0 1 0 0 0 0 0 0 2 0 2 0 0 0 2 0 1 0 1 0 2 0 3 0 2 1 0 0 1 0 2 0 0 0 1 0 3 0 3 0 0 0 2 0 3 0 3 0 0 0 1 0 1 0 0 0 0 1 0 1 0 0 2 0 3 0 1 1 0 1 0 0 0 0 2 0 2 0 1 0 0 0 1 0 0 0 3 0 1 0 1 0 0 0 3 0 2 0 0 0 0 1 0 1 0 0 3 0 3 0 3 0 0 0 2 0 1 0 1 0 1 0 2 0 0 0 3 0 3 0 3 0 0 0 0 1 0 0 2 0 1 0 2 0 0 0 2 0 1 0 1 0 0 1 0 0 1 0 2 0 3 0 3 0 0 0 0 0 1 0 1 1 0 1 0 1 0 0 2 1 0 1 0 0 0 0 0 0 2 0 3 0 1 0 3 0 1 0 3 0 0 0 1 0 3 0 3 0 1
1 311 3 0 3 0 2 1 0 1 0 1 0 0 0 0 3 0 0 0 2 0 0 0 0 1 0 0 3 0 0 0 3 0 2 0 3 0 2 1 0 0 0 0 2 0 3 0 1 0 2 0 1 0 1 0 3 0 0 0 0 0 2 1 0 0 1 0 1 0 2 1 0 1 0 0 0 0 3 0 2 0 0 0 1 1 0 1 0 0 1 0 3 0 2 0 0 0 3 0 3 0 3 0 1 0 2 1 0 0 1 0 0 0 0 0 1 1 0 0 3 0 3 0 0 0 3 0 1 1 0 0 2 1 0 0 1 0 3 0 2 0 2 0 2 0 0 0 3 0 2 0 1 0 2 0 2 0 0 0 1 1 0 1 0 0 0 0 3 0 0 0 0 0 3 0 0 0 0 0 0 0 3 0 0 0 2 0 1 0 1 0 3 0 2 0 1 0 2 0 0 0 1 0 1 1 0 1 0 0 2 0 3 0 2 0 1 1 0 0 3 0 2 0 2 1 0 0 2 0 2 0 3 0 2 0 1 0 1 0 3 0 3 0 2 1 0 0 1 1 0 0 3 0 2 0 1 0 3 0 2 0 0 0 3 0 2 0 1 0 0 0 2 1 0 0 0 1 0 1 0 0 1 0 0 0 2 1 0 0 1 0 0 0 2 1 0 0 2 1 0 0 2 0 1 0 3 0 2 0 2 1 0
1 313 1 0 2 0 3 0 2 0 0 1 0 0 3 0 0 0 1 0 1 1 0 0 1 0 1 1 0 0 1 0 2 0 2 0 1 0 3 0 1 1 0 0 1 0 0 0 2 1 0 0 0 0 3 0 3 0 1 0 1 0 1 0 0 1 0 0 2 0 3 0 1 0 0 0 3 0 0 0 2 0 0 0 1 1 0 0 0 0 3 0 2 0 2 0 0 0 2 0 2 0 3 0 2 1 0 0 1 1 0 0 2 0 0 0 0 1 0 0 0 0 2 0 2 0 2 0 2 0 0 0 0 0 0 1 0 0 3 0 2 0 1 0 1 0 0 0 2 0 2 0 0 1 0 0 1 0 0 0 1 1 0 0 0 0 3 0 0 0 1 0 1 0 1 0 1 0 1 0 0 0 1 0 1 0 1 1 0 0 3 0 3 0 2 0 0 1 0 0 0 0 1 0 2 1 0 0 0 1 0 0 0 0 3 0 1 0 0 0 0 0 2 0 1 0 2 0 0 0 0 0 1 0 3 0 0 0 3 0 3 0 2 0 3 0 1 1 0 1 0 0 0 0 2 0 0 1 0 0 3 0 0 0 2 0 2 0 0 0 3 0 1 0 0 1 0 0 1 1 0 0 3 0 1 0 1 0 0 1 0 0 2 0 1 0 1 0 0 0 0 1 0 1 0 1 0 0 3 0 1 0 1 1 0
1 313 3 0 0 0 3 0 0 0 2 1 0 0 1 0 1 0 2 0 3 0 3 0 1 0 3 0 3 0 2 0 0 0 0 1 0 0 2 1 0 1 0 0 2 0 1 0 0 1 0 0 1 0 2 0 2 0 3 0 2 0 2 0 1 1 0 0 0 0 2 0 3 0 1 0 1 0 1 1 0 0 1 0 3 0 3 0 0 0 2 0 1 0 0 0 2 0 0 0 1 0 3 0 1 1 0 0 3 0 3 0 3 0 0 0 1 0 3 0 0 0 0 0 1 0 1 0 0 0 1 0 0 0 1 1 0 0 2 0 0 0 3 0 2 0 1 0 0 0 0 0 2 0 3 0 1 0 0 0 3 0 3 0 0 0 1 0 1 0 2 0 2 0 2 0 2 0 2 0 0 0 2 0 2 1 0 0 0 0 2 0 3 0 0 0 2 0 2 1 0 0 3 0 0 1 0 0 1 0 3 0 0 0 1 0 3 0 0 0 0 1 0 1 0 0 0 0 1 0 0 0 3 0 1 0 2 0 2 0 3 0 1 0 3 0 0 0 0 0 2 1 0 1 0 0 2 1 0 0 1 0 2 0 0 0 0 0 2 0 1 0 3 0 1 0 3 0 2 1 0 0 1 0 3 0 2 0 1 0 3 0 3 0 2 0 2 0 0 0 1 1 0 1 0 1 0 0 1 0 3 0 3 0 2
0 315 1 0 1 0 2 0 1 0 2 0 0 1 0 0 2 0 3 0 0 0 3 0 2 1 0 0 3 0 3 0 0 0 1 0 1 1 0 0 1 0 0 0 3 0 3 0 2 0 1 0 3 0 2 0 0 0 1 0 3 0 1 0 0 1 0 1 0 0 1 0 0 0 2 0 3 0 2 0 3 0 3 0 2 0 2 0 2 0 1 1 0 0 3 0 0 1 0 0 1 0 3 0 2 0 0 0 0 0 2 0 3 0 2 0 1 0 3 0 1 0 1 0 0 0 2 0 2 0 0 0 2 0 0 0 3 0 3 0 3 0 1 0 2 0 0 0 3 0 0 0 1 0 0 0 2 0 3 0 1 0 2 0 2 0 1 0 2 0 3 0 0 0 1 0 1 0 1 0 0 0 2 0 0 0 1 1 0 0 1 0 0 0 2 0 2 0 0 0 2 0 0 0 1 0 2 0 3 0 2 0 1 0 1 0 3 0 1 0 1 0 1 1 0 0 2 1 0 0 2 0 1 0 1 1 0 0 1 0 1 0 2 1 0 0 2 0 1 0 1 0 1 0 0 1 0 0 0 1 0 0 2 1 0 0 1 0 0 1 0 1 0 0 2 1 0 0 3 0 1 1 0 0 3 0 2 0 0 1 0 0 3 0 3 0 1 0 0 0 1 1 0 0 0 1 0 0 3 0 2 0 2 0 3 0 1
1 315 2 0 2 1 0 1 0 0 0 0 2 1 0 0 0 0 2 0 2 0 2 0 2 0 0 0 2 0 2 0 1 0 2 0 3 0 3 0 1 0 1 0 2 0 3 0 0 1 0 0 3 0 0 0 1 0 3 0 1 0 3 0 1 1 0 0 3 0 1 0 1 0 0 0 3 0 1 0 3 0 3 0 1 0 1 0 1 0 0 0 0 0 1 0 2 0 3 0 2 0 2 0 0 0 1 0 1 0 0 0 3 0 0 1 0 0 2 0 3 0 2 0 1 0 0 0 0 0 1 1 0 0 2 0 2 0 3 0 2 1 0 0 0 0 2 0 1 0 1 0 2 0 1 0 0 0 2 1 0 0 1 0 0 1 0 0 1 0 2 0 1 0 2 0 2 0 2 0 0 1 0 0 1 0 3 0 3 0 1 0 1 0 0 0 0 0 1 1 0 0 1 0 3 0 0 0 3 0 0 0 3 0 3 0 1 0 3 0 2 1 0 0 0 0 0 1 0 1 0 0 3 0 3 0 3 0 1 0 3 0 0 1 0 1 0 0 3 0 2 0 2 0 1 0 3 0 0 1 0 0 0 1 0 0 2 0 1 1 0 1 0 0 1 0 0 0 2 0 0 0 0 0 2 0 0 0 2 1 0 0 2 0 2 0 3 0 0 0 3 0 3 0 0 1 0 0 2 0 1 0 1 0 2 1 0
1 317 1 0 0 0 2 0 0 0 3 0 0 0 0 1 0 0 1 0 0 0 1 0 1 0 0 0 2 0 0 0 0 1 0 0 1 0 3 0 2 0 3 0 3 0 0 0 2 0 2 1 0 0 1 0 1 0 3 0 1 1 0 0 3 0 0 0 0 0 1 0 3 0 2 0 1 0 1 1 0 0 3 0 2 0 3 0 2 0 2 0 0 0 0 0 3 0 0 0 3 0 1 0 0 0 1 0 2 0 2 0 1 0 1 0 2 1 0 0 0 0 3 0 0 0 3 0 0 0 0 1 0 0 0 0 0 0 1 0 3 0 1 1 0 0 0 1 0 0 3 0 2 1 0 0 3 0 1 0 0 1 0 0 2 0 1 0 3 0 1 1 0 1 0 0 1 0 1 0 0 0 2 0 3 0 2 0 2 0 2 0 3 0 2 0 0 0 0 0 3 0 3 0 2 0 1 0 2 0 1 0 2 0 2 0 2 1 0 0 3 0 1 1 0 0 0 0 1 1 0 1 0 0 2 0 3 0 2 1 0 0 2 0 2 1 0 1 0 0 2 0 1 0 0 1 0 0 2 0 2 0 3 0 0 1 0 0 0 0 0 0 0 0 3 0 1 0 0 1 0 0 1 0 0 1 0 0 2 0 1 0 0 0 0 0 1 0 2 0 2 0 2 0 2 0 2 0 3 0 3 0 2 0 3 0 0 1 0
1 317 2 0 0 1 0 0 2 0 1 0 1 0 1 0 3 0 1 0 0 0 2 0 2 0 0 1 0 0 1 0 1 0 3 0 2 0 2 0 1 0 3 0 2 0 2 0 0 0 1 1 0 0 2 0 3 0 2 0 0 0 0 0 1 0 1 0 0 0 3 0 2 0 0 1 0 0 0 0 0 0 2 0 1 0 3 0 1 0 0 0 1 0 1 0 1 0 2 0 1 0 3 0 0 0 3 0 0 0 0 0 3 0 3 0 0 1 0 0 1 0 1 0 2 0 1 0 1 0 1 0 2 1 0 0 0 0 3 0 1 1 0 1 0 0 1 1 0 0 2 0 2 0 0 0 1 0 3 0 1 0 3 0 3 0 3 0 2 0 0 0 0 0 3 0 1 0 2 0 1 0 0 0 3 0 1 0 1 0 1 0 3 0 0 0 1 0 1 0 2 0 3 0 0 1 0 0 0 1 0 0 1 0 1 0 2 0 0 0 1 1 0 1 0 0 0 1 0 0 0 1 0 0 0 0 3 0 2 0 0 0 0 0 2 0 0 0 3 0 3 0 2 0 1 1 0 0 0 0 1 0 2 0 2 0 2 1 0 0 0 0 1 0 1 0 3 0 1 0 3 0 1 0 1 0 3 0 3 0 2 0 0 0 0 0 3 0 0 0 1 0 1 0 1 0 1 0 3 0 3 0 1 0 2 0 2 0 2
0 318 1 0 0 2 0 3 0 3 0 2 0 2 0 3 0 1 0 3 0 1 0 0 0 0 0 2 0 3 0 1 0 3 0 2 0 1 0 0 1 0 0 3 0 1 0 0 0 1 1 0 0 0 0 0 0 3 0 0 0 1 0 0 0 2 0 2 0 1 0 2 0 0 0 2 0 2 1 0 0 0 1 0 1 0 0 2 0 3 0 0 0 2 0 2 0 2 1 0 1 0 0 2 0 2 0 1 0 1 0 1 0 2 0 2 0 2 0 3 0 1 0 2 1 0 0 3 0 2 0 3 0 0 1 0 0 1 0 2 0 0 0 0 0 3 0 2 1 0 0 0 0 0 0 1 0 3 0 1 1 0 0 3 0 3 0 3 0 0 0 1 0 1 0 1 1 0 0 0 0 3 0 1 0 1 0 3 0 2 0 3 0 1 0 1 0 2 0 3 0 0 0 2 0 2 0 3 0 0 0 3 0 1 0 2 1 0 0 1 1 0 0 0 0 3 0 0 0 3 0 0 0 3 0 0 0 2 0 0 0 1 0 0 1 0 0 2 0 2 0 3 0 0 1 0 1 0 0 0 0 3 0 0 0 1 0 1 1 0 0 0 0 2 0 3 0 1 1 0 0 2 0 3 0 3 0 2 0 3 0 0 0 1 0 1 0 1 0 1 0 2 0 2 0 2 0 3 0 2 0 2 1 0 0 1 0 1 0 1
1 319 1 1 0 0 0 0 3 0 3 0 1 0 1 0 2 1 0 0 2 0 3 0 0 0 1 0 0 0 2 1 0 0 3 0 0 0 3 0 1 1 0 0 1 0 3 0 0 0 3 0 2 1 0 0 1 0 1 0 1 0 2 0 1 0 0 0 0 1 0 0 0 0 2 0 0 0 1 1 0 0 1 1 0 1 0 0 0 0 2 0 2 0 0 0 1 0 2 0 0 1 0 0 0 0 0 0 3 0 2 0 3 0 0 0 1 0 1 0 2 1 0 0 2 0 0 0 2 0 1 0 2 0 2 0 3 0 1 1 0 0 1 0 1 0 2 0 1 1 0 0 0 0 0 0 3 0 2 0 0 0 0 0 2 0 3 0 2 0 1 0 2 0 2 0 3 0 3 0 0 0 1 0 3 0 3 0 2 0 1 0 2 0 3 0 3 0 0 0 2 0 2 0 0 0 1 0 2 0 2 0 1 1 0 0 1 1 0 0 3 0 3 0 0 0 1 0 2 0 1 0 2 0 1 0 1 1 0 0 1 0 2 0 1 1 0 0 0 0 1 0 2 0 2 1 0 0 3 0 0 0 1 0 1 0 2 0 3 0 3 0 0 0 0 0 3 0 0 0 0 0 0 0 3 0 3 0 1 0 2 0 1 0 2 0 2 0 2 0 3 0 0 0 1 0 1 0 3 0 1 0 1 1 0 0 2 0 2 0 2
0 319 3 0 3 0 0 0 2 0 2 0 3 0 3 0 1 0 0 0 0 0 2 0 1 0 2 0 1 0 1 0 0 0 1 0 2 0 1 1 0 1 0 0 3 0 1 0 2 0 2 0 1 1 0 0 2 0 2 0 2 1 0 0 3 0 0 0 1 0 2 1 0 1 0 0 1 0 3 0 3 0 2 1 0 0 3 0 0 0 0 0 0 0 1 0 2 1 0 0 2 0 2 1 0 0 1 0 2 0 1 0 2 0 1 0 2 0 3 0 0 1 0 1 0 0 1 1 0 1 0 0 1 0 1 0 2 1 0 1 0 0 2 0 2 1 0 1 0 1 0 0 0 0 1 0 2 0 0 0 1 0 1 0 0 0 3 0 0 1 0 0 1 0 1 0 3 0 2 0 1 0 3 0 2 0 3 0 0 1 0 0 1 0 3 0 2 0 2 0 0 0 0 0 1 0 3 0 0 0 0 1 0 1 0 1 0 0 0 0 2 0 2 0 1 0 2 1 0 1 0 0 0 0 3 0 3 0 3 0 1 1 0 1 0 1 0 0 0 0 3 0 0 0 2 0 0 0 1 0 1 0 2 0 3 0 0 0 3 0 2 0 1 0 1 0 1 0 1 0 0 0 1 0 2 0 2 1 0 0 0 1 0 0 1 0 1 0 1 0 2 0 1 0 2 0 3 0 1 1 0 0 0 0 0 0 0 0 1 0 1
1 321 1 0 2 0 2 0 2 0 0 0 1 0 3 0 2 0 3 0 0 0 0 1 0 1 0 0 0 0 3 0 2 0 0 0 3 0 0 0 0 0 0 1 0 0 1 1 0 0 1 0 1 0 0 0 0 0 0 0 1 0 2 0 0 0 1 0 1 0 3 0 1 0 0 0 3 0 2 0 2 0 3 0 2 0 0 0 1 0 1 0 0 0 0 0 3 0 1 0 0 0 0 0 1 1 0 0 2 1 0 1 0 0 0 1 0 0 1 0 2 0 2 1 0 0 3 0 2 1 0 0 3 0 1 0 3 0 1 0 0 1 0 0 0 0 2 0 0 1 0 0 2 1 0 0 2 1 0 0 1 0 2 0 2 0 1 0 1 0 2 0 3 0 1 0 3 0 2 0 0 1 0 0 3 0 1 0 2 0 2 0 3 0 2 0 2 0 1 0 0 0 1 0 0 0 3 0 1 0 1 0 1 1 0 1 0 0 3 0 0 0 0 0 0 1 0 0 2 0 0 0 3 0 0 0 2 0 3 0 3 0 0 0 0 1 0 0 3 0 0 0 1 0 1 1 0 0 1 0 2 0 3 0 0 0 2 0 2 0 2 0 0 0 3 0 2 0 2 0 2 0 0 0 3 0 0 0 1 1 0 0 1 0 3 0 1 0 2 0 2 1 0 1 0 0 1 0 2 1 0 1 0 0 0 0 0 0 0 0 2 0 2
0 321 3 0 0 0 1 0 0 0 1 0 3 0 2 0 1 0 2 0 1 0 1 1 0 0 3 0 0 0 2 0 0 0 2 0 1 0 1 0 0 0 1 0 3 0 2 0 3 0 1 0 2 0 0 0 0 0 0 0 2 1 0 0 1 0 2 0 3 0 1 0 3 0 1 0 2 0 1 0 1 0 3 0 0 0 1 0 2 0 2 0 0 0 1 0 1 0 3 0 0 0 0 1 0 0 0 0 1 0 0 0 3 0 0 0 3 0 2 0 0 0 2 0 0 0 2 0 2 0 0 0 1 1 0 0 2 0 3 0 1 0 2 1 0 1 0 0 2 1 0 0 1 0 0 0 0 1 0 0 3 0 0 0 0 0 3 0 3 0 0 0 2 1 0 0 3 0 0 0 2 1 0 0 1 1 0 0 1 0 1 0 3 0 1 0 0 0 3 0 0 0 2 0 1 0 1 0 3 0 2 1 0 0 0 1 0 0 1 0 1 0 0 0 1 0 3 0 3 0 1 0 1 0 2 0 0 0 3 0 2 0 1 0 1 1 0 0 1 0 1 0 2 0 3 0 3 0 2 0 0 0 2 0 2 0 0 0 1 0 0 0 2 0 2 0 1 0 1 0 0 0 2 0 1 0 1 0 3 0 3 0 2 0 1 1 0 0 1 0 2 0 0 0 3 0 2 0 1 0 0 0 2 1 0 0 0 0 1 0 0 0 1
1 323 1 0 1 0 1 0 2 0 0 0 3 0 2 0 0 1 0 0 0 1 0 0 0 0 0 0 1 0 1 1 0 0 1 1 0 0 3 0 2 0 0 0 3 0 2 0 1 0 2 1 0 0 0 0 1 0 0 0 1 0 0 1 0 0 3 0 0 0 2 1 0 0 2 1 0 0 0 0 3 0 3 0 1 0 1 0 3 0 0 0 0 0 1 0 2 0 3 0 1 0 1 0 1 0 2 1 0 0 2 0 1 0 1 0 2 0 2 0 0 0 1 1 0 0 2 0 0 0 0 0 1 1 0 0 0 0 0 0 2 1 0 0 2 0 0 1 0 0 0 1 0 0 2 0 0 0 1 1 0 0 1 0 1 0 1 0 2 0 2 0 2 0 1 0 0 0 1 0 2 0 0 1 0 0 3 0 3 0 1 0 3 0 1 0 3 0 1 0 1 0 1 1 0 0 3 0 3 0 2 0 1 1 0 0 1 0 3 0 1 0 2 0 0 0 3 0 2 0 2 0 3 0 2 1 0 0 2 0 2 0 0 0 3 0 3 0 3 0 1 0 3 0 0 0 3 0 3 0 0 0 2 0 0 0 0 0 1 0 2 0 1 0 0 0 0 0 3 0 2 0 0 1 0 0 3 0 3 0 2 0 3 0 0 1 0 1 0 0 2 1 0 0 2 0 2 0 0 0 3 0 1 0 0 1 0 0 0 0 2 0 0 0 2
0 323 2 0 2 0 2 1 0 0 2 0 2 0 0 0 2 0 3 0 0 0 2 1 0 0 0 0 2 0 3 0 3 0 2 1 0 0 2 0 0 0 2 0 2 0 0 1 0 0 1 1 0 0 0 0 2 0 0 0 2 0 1 1 0 0 1 0 2 0 1 0 0 0 0 1 0 0 1 0 2 0 2 0 3 0 3 0 1 0 1 0 0 0 3 0 0 0 2 0 3 0 2 0 3 0 0 1 0 1 0 0 3 0 3 0 0 0 0 0 1 0 3 0 3 0 3 0 0 0 0 0 3 0 2 1 0 0 1 0 0 1 0 1 0 0 2 0 3 0 0 0 3 0 3 0 0 0 3 0 3 0 1 0 2 0 3 0 0 0 1 0 0 0 3 0 0 0 2 1 0 0 2 1 0 0 2 0 2 1 0 0 2 1 0 0 2 0 3 0 2 1 0 0 0 0 2 0 3 0 0 1 0 1 0 0 3 0 1 1 0 0 0 0 2 0 2 0 1 0 1 0 3 0 2 0 0 0 0 0 0 0 2 0 2 0 3 0 2 1 0 0 2 0 2 0 2 0 2 0 1 1 0 0 1 0 0 0 2 1 0 0 3 0 0 0 1 0 2 0 0 0 2 1 0 0 2 0 3 0 1 0 2 0 2 1 0 1 0 0 1 0 0 0 0 0 0 0 2 0 1 0 3 0 1 0 2 1 0 1 0 0 2 0 0
0 325 1 0 0 0 1 0 2 0 0 0 0 0 0 0 2 0 0 0 2 0 2 0 0 1 0 0 1 0 0 0 3 0 3 0 1 1 0 1 0 0 2 0 0 0 0 0 2 0 3 0 2 0 2 1 0 1 0 0 1 1 0 1 0 1 0 0 2 1 0 0 3 0 0 0 1 0 3 0 2 0 0 0 1 0 3 0 2 0 3 0 2 0 1 0 1 0 2 0 0 0 3 0 1 0 2 0 2 1 0 1 0 0 2 0 2 0 1 0 0 0 3 0 2 0 3 0 2 0 1 0 1 0 2 0 1 1 0 0 2 0 1 1 0 1 0 0 0 0 2 0 2 0 2 0 2 0 2 0 2 0 2 1 0 0 1 0 2 0 1 0 2 0 1 0 1 0 2 0 1 0 0 0 1 0 0 0 0 0 2 0 0 0 1 0 0 0 0 0 3 0 1 1 0 0 1 0 0 0 2 0 2 1 0 1 0 0 1 1 0 1 0 0 1 0 0 0 0 0 3 0 3 0 2 0 0 0 1 0 0 0 1 0 0 0 1 0 3 0 2 0 0 0 0 0 1 0 1 0 0 1 0 1 0 0 2 0 1 0 1 0 0 0 1 0 1 0 2 1 0 0 2 0 1 0 0 0 0 0 2 1 0 0 1 0 2 0 0 0 3 0 1 0 0 0 0 0 0 1 0 1 0 0 2 1 0 0 2 0 0 0 3 0 3 0 0
0 325 2 0 0 0 2 1 0 0 1 0 0 0 0 1 0 0 2 0 0 0 0 0 2 0 3 0 1 0 1 0 2 0 3 0 0 0 0 0 3 0 3 0 0 0 1 0 0 0 3 0 1 0 2 0 0 0 3 0 2 1 0 1 0 1 0 0 1 0 0 0 1 0 1 0 3 0 2 0 0 0 1 0 3 0 2 0 1 0 3 0 0 0 3 0 2 1 0 0 2 0 1 1 0 0 1 0 2 0 0 1 0 0 0 0 0 0 3 0 1 0 2 0 1 0 3 0 0 0 3 0 3 0 0 0 0 0 0 0 0 0 0 0 0 0 3 0 0 0 0 0 1 0 1 0 1 0 1 0 1 0 1 1 0 0 2 1 0 1 0 0 0 0 3 0 2 1 0 0 3 0 0 0 2 0 0 0 0 1 0 0 1 0 2 0 0 0 1 0 1 1 0 1 0 0 2 0 1 0 0 0 2 0 0 0 3 0 2 1 0 0 3 0 1 0 0 0 1 0 2 0 3 0 0 0 1 0 2 0 0 0 2 0 0 0 3 0 2 0 0 0 1 0 0 0 2 0 2 0 1 1 0 0 3 0 3 0 2 0 2 0 0 0 2 0 3 0 0 1 0 1 0 0 3 0 0 0 1 0 0 1 0 0 2 1 0 0 2 0 1 0 3 0 0 0 0 0 1 1 0 1 0 0 0 1 0 1 0 0 2 0 2 0 2 0 1
1 326 1 0 0 2 0 0 1 0 0 2 0 0 0 1 0 3 0 3 0 0 0 1 0 0 0 2 0 3 0 3 0 0 0 2 0 1 0 1 0 2 0 2 0 1 0 2 0 1 0 1 1 0 0 0 0 2 0 2 0 2 0 0 1 0 0 3 0 1 0 0 0 2 0 3 0 2 0 0 0 1 0 3 0 2 0 0 1 0 0 2 0 2 0 2 0 1 1 0 1 0 1 0 1 0 0 2 1 0 0 2 0 2 1 0 0 1 0 1 1 0 0 0 1 0 0 2 0 2 0 2 0 2 0 1 0 0 0 0 0 0 0 0 0 1 0 1 0 1 0 0 0 2 0 2 0 2 0 2 0 2 1 0 0 0 0 1 0 0 0 3 0 0 0 2 0 2 0 0 0 1 0 1 1 0 0 1 0 1 0 3 0 1 1 0 0 1 0 2 1 0 0 0 0 3 0 3 0 2 0 0 1 0 0 2 0 2 0 2 0 0 0 1 0 3 0 0 0 3 0 0 0 2 0 1 0 2 1 0 0 1 1 0 0 2 0 2 0 0 0 1 0 2 0 1 0 0 0 1 0 0 0 0 0 2 0 3 0 1 0 0 0 2 0 0 0 2 0 2 1 0 1 0 0 1 0 1 0 2 0 1 1 0 0 0 1 0 1 0 1 0 0 2 0 1 0 0 1 0 0 0 0 3 0 0 1 0 1 0 0 0 0 1 0 0 1 0
1 327 1 0 3 0 3 0 1 0 3 0 3 0 0 0 3 0 2 0 2 0 1 0 2 0 1 0 0 0 3 0 2 0 1 1 0 0 3 0 3 0 0 0 0 1 0 0 0 0 3 0 3 0 3 0 0 0 0 0 1 0 0 0 2 1 0 0 1 0 3 0 1 0 0 0 3 0 0 0 1 0 3 0 2 0 0 0 2 1 0 0 0 0 1 0 1 0 0 0 0 1 0 1 0 1 0 0 1 0 0 0 0 0 1 1 0 0 2 0 3 0 3 0 0 1 0 0 0 0 1 0 1 0 0 0 3 0 0 0 0 0 0 0 0 0 2 0 2 0 2 0 1 0 0 0 1 0 1 0 1 0 1 1 0 0 0 0 2 0 1 0 1 0 2 0 0 0 0 0 1 0 2 0 3 0 3 0 1 0 3 0 1 1 0 1 0 0 3 0 0 1 0 0 1 0 2 0 3 0 0 0 2 1 0 0 0 0 1 0 0 0 1 0 3 0 1 0 2 0 1 0 1 1 0 1 0 0 1 1 0 1 0 0 0 0 0 0 0 0 1 0 2 1 0 0 3 0 0 0 2 0 0 0 1 0 0 0 2 0 3 0 0 1 0 0 2 0 0 0 2 0 0 0 3 0 1 0 2 1 0 1 0 1 0 0 1 1 0 1 0 0 3 0 3 0 2 0 1 0 3 0 0 0 1 0 2 1 0 0 2 1 0 0 2 0 1 0 2
0 327 3 0 2 0 2 1 0 0 3 0 2 0 2 0 2 0 1 0 0 1 0 0 0 0 3 0 1 0 2 0 1 0 0 0 0 0 2 0 2 0 1 0 1 0 3 0 0 0 2 0 3 0 2 0 1 0 0 0 2 0 1 0 0 1 0 0 3 0 1 0 3 0 1 0 1 0 1 0 3 0 2 0 0 0 2 0 0 1 0 0 0 0 2 0 2 0 0 0 1 1 0 1 0 0 3 0 1 0 0 0 0 1 0 0 0 0 0 0 3 0 2 0 2 0 2 1 0 0 2 0 2 0 1 0 1 0 1 0 0 0 0 0 1 0 0 0 1 0 0 0 3 0 0 0 2 0 2 0 2 0 3 0 2 1 0 1 0 0 3 0 2 1 0 0 1 0 0 0 3 0 0 0 3 0 2 1 0 0 3 0 0 0 0 1 0 0 1 0 2 0 3 0 2 0 0 0 2 0 2 0 0 1 0 0 0 0 2 0 0 0 3 0 1 1 0 0 0 1 0 0 0 0 0 0 3 0 2 1 0 0 2 1 0 0 0 0 0 0 3 0 1 0 0 0 1 0 1 1 0 0 1 0 2 0 1 0 0 0 2 0 2 0 3 0 3 0 0 1 0 0 2 0 1 1 0 0 2 0 0 1 0 0 3 0 2 1 0 1 0 0 2 0 3 0 0 1 0 0 2 0 1 0 3 0 1 0 0 0 0 1 0 1 0 1 0 0 1
0 329 1 0 2 0 1 0 2 0 0 0 2 0 1 0 1 0 0 0 3 0 1 0 3 0 0 0 1 1 0 0 0 0 3 0 0 0 1 0 0 0 0 0 3 0 3 0 1 0 2 0 0 0 3 0 0 0 3 0 0 1 0 0 3 0 1 1 0 0 1 1 0 0 2 0 3 0 2 0 3 0 2 0 0 0 1 1 0 0 2 0 3 0 0 0 0 0 0 0 1 1 0 0 0 1 0 0 1 0 3 0 0 0 1 0 2 1 0 0 1 0 2 0 1 0 1 0 2 0 0 0 0 0 0 0 3 0 2 0 2 0 0 0 0 0 2 0 0 0 2 0 1 0 1 0 2 0 0 0 1 0 1 0 3 0 2 0 0 1 0 0 2 0 1 1 0 0 2 0 1 0 1 0 2 0 2 0 2 0 0 0 1 0 1 0 1 0 3 0 2 0 0 0 3 0 0 0 2 0 0 0 0 0 2 0 2 1 0 1 0 0 2 0 1 1 0 1 0 0 1 0 2 1 0 0 1 0 2 0 2 0 0 0 0 1 0 0 0 0 1 0 1 0 3 0 0 0 2 0 3 0 3 0 1 1 0 0 3 0 1 0 0 0 1 0 3 0 2 0 2 0 3 0 3 0 3 0 3 0 3 0 1 1 0 0 2 0 2 0 0 1 0 0 0 0 2 0 2 0 3 0 3 0 3 0 1 0 3 0 0 0 1 1 0 1 0 0 3 0 1
1 329 2 1 0 1 0 0 0 0 1 1 0 0 3 0 2 0 1 0 1 1 0 0 2 0 1 0 3 0 3 0 0 0 1 0 1 0 2 0 0 0 1 0 2 0 2 1 0 0 0 0 2 0 1 0 2 0 1 0 2 1 0 0 1 1 0 1 0 1 0 0 0 0 0 0 3 0 1 0 3 0 0 0 1 1 0 0 0 0 0 0 2 0 1 0 0 0 0 0 3 0 3 0 0 0 3 0 2 0 1 0 1 0 3 0 0 1 0 0 2 1 0 0 3 0 2 1 0 0 1 0 0 0 1 0 2 0 1 0 0 0 1 0 0 1 0 0 1 1 0 0 3 0 2 1 0 0 1 0 2 0 3 0 2 0 0 0 2 0 3 0 3 0 3 0 3 0 3 0 2 0 3 0 0 0 1 0 0 0 1 0 2 0 2 0 3 0 2 0 0 0 2 0 1 0 1 1 0 0 1 0 1 0 0 0 2 0 0 1 0 0 0 0 0 0 0 0 3 0 2 0 0 1 0 0 3 0 0 0 0 0 1 0 1 0 2 1 0 0 2 0 3 0 1 0 2 0 0 0 3 0 3 0 0 0 0 0 1 0 3 0 0 0 3 0 2 0 1 0 1 0 3 0 3 0 3 0 3 0 3 0 0 0 0 0 0 0 0 0 2 0 3 0 0 0 0 0 1 0 3 0 3 0 2 1 0 0 2 0 1 1 0 0 0 1 0 0 1 1 0
1 331 1 0 1 0 0 0 2 1 0 1 0 0 0 0 2 0 0 0 3 0 3 0 3 0 3 0 3 0 2 0 2 0 1 0 2 0 2 1 0 0 1 0 3 0 0 0 1 1 0 0 0 1 0 1 0 0 0 1 0 0 1 1 0 1 0 0 0 1 0 0 2 1 0 0 1 0 1 1 0 0 2 0 1 0 3 0 2 1 0 0 0 1 0 0 3 0 0 0 1 0 2 0 2 0 2 0 2 0 0 0 3 0 3 0 1 0 2 1 0 0 1 0 0 0 2 0 1 1 0 0 2 0 0 0 2 1 0 0 3 0 0 0 2 0 1 0 3 0 2 1 0 0 2 0 1 1 0 0 3 0 0 0 3 0 0 0 2 0 0 0 3 0 3 0 3 0 3 0 3 0 1 0 2 0 1 0 2 0 0 0 3 0 0 0 1 0 3 0 0 0 1 1 0 0 3 0 3 0 3 0 1 0 2 0 0 1 0 0 2 0 2 1 0 0 0 0 1 0 2 0 0 0 2 1 0 0 1 0 1 0 0 0 2 0 3 0 1 0 0 0 0 0 2 1 0 0 0 0 2 0 2 0 2 0 1 0 0 0 3 0 1 0 2 0 2 0 0 0 3 0 3 0 2 0 3 0 3 0 3 0 2 0 1 0 0 0 0 0 1 0 0 0 2 0 1 0 0 0 3 0 2 0 3 0 1 1 0 1 0 1 0 1 0 0 1 0 3 0 2 0 2
0 331 2 0 2 0 1 0 1 0 0 0 2 1 0 1 0 0 2 0 2 0 3 0 3 0 3 0 3 0 1 0 0 1 0 0 1 0 1 1 0 0 3 0 1 0 1 0 3 0 3 0 0 1 0 0 3 0 0 0 3 0 2 1 0 0 3 0 0 1 0 0 0 1 0 0 2 0 3 0 3 0 3 0 3 0 2 0 1 1 0 0 1 1 0 0 1 0 1 0 3 0 0 0 1 0 1 0 0 0 2 0 2 0 2 1 0 0 1 1 0 0 2 0 0 1 0 1 0 1 0 1 0 0 2 0 1 0 0 0 1 0 1 1 0 1 0 0 3 0 2 0 0 0 0 0 0 0 0 0 1 0 2 0 1 0 1 1 0 0 2 0 2 0 3 0 3 0 3 0 2 1 0 0 0 1 0 0 0 0 2 0 1 0 1 0 3 0 1 0 1 1 0 0 0 0 2 0 3 0 2 1 0 0 0 0 2 1 0 0 0 0 1 1 0 0 0 0 2 1 0 0 2 0 0 1 0 0 2 0 2 0 1 0 0 0 2 0 3 0 0 0 1 0 0 1 0 0 1 0 0 0 1 0 0 0 3 0 1 0 1 1 0 0 1 0 0 0 2 0 2 0 3 0 1 0 3 0 3 0 3 0 0 0 3 0 0 0 0 0 2 0 0 1 0 0 3 0 1 0 2 0 1 0 3 0 0 0 0 1 0 1 0 0 3 0 2 0 2 0 1 0 1
1 333 1 0 0 0 0 0 3 0 2 0 1 0 1 0 0 1 0 0 0 0 1 0 3 0 3 0 3 0 2 0 3 0 1 0 3 0 1 1 0 0 0 0 1 0 3 0 3 0 2 0 2 0 2 1 0 0 1 0 2 0 2 0 2 0 0 0 1 0 2 0 3 0 0 1 0 0 0 0 3 0 3 0 3 0 3 0 0 1 0 1 0 0 3 0 3 0 1 0 3 0 1 0 1 0 2 0 2 0 1 0 0 0 1 0 1 1 0 0 3 0 3 0 3 0 1 1 0 1 0 1 0 0 3 0 3 0 2 0 0 0 2 1 0 0 0 1 0 0 2 0 0 0 1 0 0 0 0 0 0 0 2 1 0 1 0 0 0 0 0 0 0 0 1 0 3 0 3 0 3 0 1 1 0 0 1 0 2 1 0 1 0 0 3 0 3 0 1 0 3 0 3 0 3 0 0 0 0 0 3 0 1 1 0 0 1 0 0 1 0 0 0 0 3 0 3 0 0 0 0 1 0 1 0 0 2 1 0 0 0 0 0 0 3 0 1 0 0 0 2 0 1 0 2 0 1 0 3 0 1 0 0 0 2 0 1 0 1 0 3 0 3 0 3 0 1 0 1 0 0 0 1 0 2 1 0 0 3 0 3 0 2 0 2 0 1 0 1 0 0 1 0 0 2 1 0 0 1 1 0 0 0 1 0 0 2 0 1 0 1 1 0 1 0 0 2 0 1 0 0 0 3 0 2
0 333 2 0 0 0 1 0 2 0 0 0 3 0 2 0 1 0 2 1 0 0 3 0 2 0 3 0 3 0 1 0 2 1 0 0 2 1 0 1 0 0 0 0 3 0 2 0 3 0 1 0 1 0 1 1 0 0 3 0 0 0 1 0 0 0 1 0 3 0 0 0 2 0 2 0 3 0 0 0 2 0 3 0 3 0 2 0 2 1 0 1 0 0 2 0 2 1 0 0 2 0 3 0 3 0 0 0 0 0 3 0 0 0 2 1 0 0 0 0 2 0 3 0 3 0 0 0 0 1 0 1 0 0 2 0 3 0 0 0 2 0 0 1 0 0 1 0 3 0 3 0 0 0 2 0 0 0 0 0 1 0 1 0 0 0 2 1 0 0 0 0 0 0 3 0 2 0 3 0 2 1 0 1 0 0 3 0 1 0 0 1 0 0 2 0 2 1 0 0 3 0 3 0 2 0 1 0 1 0 1 1 0 1 0 0 2 0 1 0 3 0 0 0 2 0 2 0 1 0 1 1 0 1 0 0 0 1 0 0 0 0 1 0 1 0 3 0 0 1 0 1 0 0 0 1 0 0 2 0 3 0 0 1 0 0 3 0 3 0 2 0 3 0 2 0 3 0 2 0 0 0 3 0 1 0 0 0 2 0 3 0 1 0 0 0 3 0 2 0 1 1 0 0 0 1 0 0 3 0 3 0 0 0 3 0 3 0 2 1 0 0 0 0 3 0 3 0 2 0 1 0 2 0 1
1 334 1 0 0 1 0 2 1 0 0 2 0 2 0 0 1 0 0 2 0 0 0 2 0 1 0 3 0 2 1 0 0 2 0 0 0 1 0 0 0 3 0 0 0 2 0 1 0 2 0 3 0 2 1 0 0 0 0 1 0 1 0 2 0 0 0 3 0 1 0 2 0 0 0 1 0 2 0 2 0 0 0 3 0 3 0 1 0 2 0 0 1 0 0 0 0 2 0 0 0 0 0 3 0 2 0 1 0 1 0 1 0 2 0 0 1 0 0 1 0 0 0 3 0 2 0 1 0 1 1 0 1 0 0 0 0 2 0 1 1 0 0 2 0 3 0 2 0 2 0 2 0 1 1 0 0 1 0 0 0 2 0 2 0 1 0 0 1 0 0 0 0 1 0 2 0 1 0 3 0 2 0 0 1 0 0 1 0 3 0 1 1 0 0 0 0 2 0 0 0 2 0 3 0 0 0 3 0 2 1 0 0 0 0 3 0 3 0 3 0 1 0 2 0 0 0 0 1 0 0 0 0 0 0 3 0 0 0 2 1 0 0 2 0 3 0 1 0 2 1 0 0 3 0 0 1 0 0 0 0 2 0 2 1 0 0 2 0 3 0 1 0 3 0 1 0 3 0 0 0 2 0 1 0 3 0 1 0 0 0 2 0 3 0 1 0 2 0 0 1 0 1 0 0 1 1 0 0 2 0 2 0 2 0 2 0 3 0 1 1 0 0 1 0 2 0 3 0 0 1 0 0 0 1 0
1 335 1 0 3 0 2 0 1 0 0 0 0 0 0 0 2 0 3 0 3 0 0 1 0 1 0 0 3 0 1 1 0 1 0 0 1 0 2 0 1 0 1 0 1 1 0 1 0 0 1 0 3 0 1 1 0 0 0 0 2 0 2 1 0 0 2 0 1 1 0 0 0 0 1 0 3 0 0 0 0 0 2 0 2 0 2 1 0 0 0 0 2 0 2 1 0 1 0 0 1 0 1 0 2 0 0 0 3 0 2 0 2 1 0 0 2 0 3 0 1 0 1 0 2 0 0 1 0 0 0 0 0 0 3 0 0 0 0 0 0 0 0 0 0 0 3 0 1 0 1 0 0 1 0 1 0 0 2 0 1 0 0 0 0 0 3 0 1 0 2 1 0 0 2 1 0 1 0 0 3 0 0 0 2 0 3 0 2 0 1 1 0 1 0 0 0 1 0 0 2 0 0 0 2 0 2 0 2 0 1 1 0 0 1 0 2 0 3 0 2 1 0 0 0 0 1 0 1 0 2 1 0 0 1 0 1 0 2 0 1 0 0 0 0 0 2 1 0 0 2 0 0 0 1 0 2 0 3 0 0 0 0 0 2 0 0 0 0 0 2 1 0 0 2 1 0 0 2 0 1 1 0 1 0 0 2 0 3 0 1 0 0 0 2 1 0 0 0 0 2 1 0 0 3 0 2 1 0 0 0 0 1 0 1 0 1 0 2 1 0 1 0 0 3 0 0 0 2 0 2 0 3 0 0 0 2
0 335 3 0 2 0 0 0 3 0 0 0 0 0 1 0 0 0 3 0 2 0 2 1 0 1 0 0 2 0 0 0 0 0 3 0 1 1 0 0 3 0 2 1 0 0 0 0 3 0 2 0 1 1 0 1 0 0 1 0 0 0 1 1 0 1 0 1 0 1 0 0 0 0 3 0 1 0 1 0 1 0 0 0 1 0 1 1 0 0 1 0 0 0 2 0 0 0 3 0 1 0 2 1 0 0 2 0 2 0 1 0 2 0 0 0 0 0 2 0 3 0 2 1 0 0 2 0 2 1 0 0 1 0 1 0 1 0 0 0 0 0 0 0 1 0 1 0 3 0 2 0 1 1 0 0 3 0 3 0 2 0 0 0 1 0 1 1 0 0 2 0 0 0 1 0 0 1 0 0 1 0 2 0 0 0 3 0 1 0 0 0 0 0 3 0 0 0 3 0 3 0 1 0 0 0 1 0 0 1 0 1 0 0 3 0 0 0 3 0 1 1 0 0 0 0 2 0 3 0 0 1 0 0 2 0 2 1 0 0 3 0 0 0 1 0 0 1 0 1 0 0 1 0 3 0 0 0 2 0 1 0 0 1 0 0 1 0 1 0 1 0 0 0 1 0 0 0 0 0 0 0 0 1 0 0 0 0 2 0 3 0 1 0 0 1 0 0 1 0 1 0 0 0 2 0 1 1 0 0 0 0 2 0 2 0 3 0 1 0 0 1 0 0 1 0 2 0 0 0 1 0 2 0 2 0 0
0 337 1 0 2 0 0 0 2 0 1 0 1 0 0 0 2 0 1 0 2 0 1 0 2 0 0 0 3 0 3 0 0 0 1 0 2 0 0 0 0 0 2 0 1 1 0 0 1 0 2 0 1 0 0 0 0 0 3 0 1 0 0 1 0 0 0 1 0 1 0 0 3 0 0 0 1 0 3 0 2 0 2 0 0 0 2 0 3 0 3 0 1 0 0 1 0 0 2 0 1 1 0 0 2 0 0 0 0 0 0 1 0 0 0 0 1 0 1 0 0 0 3 0 2 0 0 0 0 0 1 1 0 0 2 0 2 0 2 0 0 0 0 0 0 0 2 0 3 0 2 0 1 0 0 0 0 0 2 0 3 0 0 0 1 0 2 0 3 0 3 0 3 0 0 0 2 0 1 0 3 0 1 1 0 0 2 0 1 0 3 0 0 0 1 0 1 0 2 0 2 0 2 0 3 0 0 0 2 0 1 1 0 1 0 0 1 0 2 0 1 1 0 1 0 0 1 0 0 0 2 0 2 1 0 0 0 0 2 0 0 0 1 0 1 0 2 0 1 1 0 0 3 0 2 0 1 0 1 1 0 0 3 0 1 0 3 0 1 0 2 0 2 0 0 0 2 0 0 0 0 0 0 0 1 0 3 0 0 0 0 0 2 0 3 0 1 0 3 0 1 0 2 0 0 1 0 1 0 1 0 0 1 0 0 0 1 0 2 0 3 0 1 0 3 0 1 1 0 0 1 0 3 0 0 0 0 0 1
1 337 2 1 0 0 1 1 0 0 3 0 2 0 0 1 0 1 0 0 0 1 0 0 0 0 2 0 2 0 2 0 1 0 2 1 0 0 1 0 0 1 0 1 0 1 0 0 2 1 0 0 3 0 0 0 1 0 1 0 3 0 1 0 3 0 0 1 0 1 0 0 1 0 1 0 3 0 2 0 1 0 0 0 2 0 0 0 3 0 2 0 3 0 1 0 3 0 3 0 3 0 3 0 3 0 0 0 0 0 1 0 2 1 0 0 2 0 2 0 1 0 2 0 0 0 1 0 0 1 0 0 0 0 0 0 1 0 0 0 1 0 0 0 1 0 0 0 3 0 0 0 3 0 0 0 1 0 0 0 2 0 1 0 3 0 0 0 3 0 3 0 2 0 1 1 0 1 0 0 2 1 0 1 0 1 0 1 0 0 2 0 1 0 2 0 3 0 0 0 1 0 1 0 2 0 2 0 0 0 0 0 0 0 3 0 2 0 0 0 0 0 0 0 3 0 1 0 1 0 0 0 1 1 0 0 0 1 0 0 1 0 2 0 3 0 0 0 0 0 0 0 2 0 0 1 0 0 0 0 0 0 1 1 0 0 2 1 0 0 1 0 0 0 1 1 0 0 1 0 0 0 0 0 3 0 1 0 1 0 1 0 0 0 2 1 0 0 2 1 0 0 0 0 2 1 0 1 0 0 3 0 1 0 0 0 3 0 0 0 2 1 0 0 2 1 0 1 0 0 3 0 1 0 1 0 0 0 2
0 339 1 0 0 1 0 1 0 0 0 0 2 0 0 0 2 1 0 0 3 0 0 0 3 0 0 0 0 0 1 0 0 1 0 0 1 1 0 0 2 0 1 1 0 1 0 1 0 0 1 0 0 0 1 0 1 0 2 0 3 0 1 1 0 0 2 0 2 1 0 0 3 0 1 0 3 0 2 0 0 0 3 0 0 1 0 0 2 0 2 0 1 0 2 1 0 0 3 0 3 0 3 0 3 0 2 0 1 0 0 0 3 0 1 0 0 0 0 0 0 1 0 0 0 0 1 0 2 0 1 0 2 1 0 0 0 0 2 0 0 0 2 0 0 0 2 0 1 0 1 0 2 0 1 0 1 0 2 0 0 1 0 1 0 0 2 0 2 0 2 0 3 0 1 0 0 0 0 1 0 0 1 0 0 1 0 1 0 0 3 0 3 0 3 0 0 0 2 0 1 0 2 0 3 0 0 0 0 0 1 0 0 0 1 0 2 0 0 0 1 0 0 0 1 0 1 0 3 0 2 0 0 0 3 0 3 0 0 0 3 0 2 0 0 0 2 0 1 0 0 0 0 1 0 0 2 0 2 1 0 0 0 1 0 0 0 0 0 1 0 0 2 0 0 0 3 0 3 0 1 0 0 0 1 0 1 0 3 0 2 0 2 0 1 0 1 0 0 0 0 1 0 0 1 0 1 0 0 1 0 0 1 0 3 0 1 0 1 0 2 0 1 0 0 0 1 0 0 1 0 0 1 0 3 0 2 0 1 0 0
0 339 2 0 1 1 0 0 2 1 0 1 0 0 2 0 1 0 0 0 1 0 2 0 1 0 1 0 0 0 2 0 1 0 3 0 2 1 0 0 0 0 0 0 0 1 0 0 3 0 1 0 0 0 2 0 3 0 0 0 3 0 0 0 0 0 0 0 2 0 0 0 1 1 0 0 3 0 0 0 2 0 1 0 2 1 0 0 0 0 0 1 0 0 2 0 0 0 2 0 3 0 3 0 3 0 0 0 3 0 1 0 1 0 3 0 0 0 0 0 1 0 2 1 0 0 2 1 0 1 0 0 1 1 0 0 0 1 0 0 1 1 0 0 1 1 0 0 3 0 2 1 0 0 3 0 2 1 0 0 2 1 0 1 0 0 0 0 1 0 1 0 2 0 3 0 0 0 1 0 3 0 1 0 1 1 0 1 0 0 2 0 3 0 2 0 1 1 0 1 0 0 1 0 2 0 1 0 0 0 2 0 0 0 2 1 0 0 1 0 2 0 0 0 2 0 3 0 2 0 0 0 2 0 2 0 2 0 2 0 2 0 0 0 1 1 0 0 3 0 0 0 1 1 0 0 0 0 1 1 0 0 1 0 2 1 0 0 1 0 3 0 3 0 1 0 2 0 2 0 3 0 0 0 2 0 3 0 2 0 1 0 0 0 3 0 2 0 0 0 1 0 3 0 1 0 2 0 1 0 3 0 2 0 1 0 3 0 2 1 0 0 3 0 0 0 2 0 1 0 3 0 2 0 2 0 0 0 3 0 0
0 341 1 0 0 0 0 0 0 0 1 0 0 0 3 0 3 0 2 0 0 0 2 1 0 0 3 0 2 0 0 1 0 1 0 0 3 0 1 1 0 0 0 0 0 0 1 1 0 0 1 0 3 0 1 0 0 0 2 0 2 0 1 0 1 0 0 0 0 1 0 0 1 1 0 0 0 0 1 0 1 1 0 1 0 0 1 1 0 0 0 0 1 0 3 0 3 0 1 0 0 0 3 0 3 0 2 0 2 0 1 0 3 0 3 0 1 0 1 0 0 0 3 0 1 0 0 0 1 0 0 0 3 0 2 0 3 0 0 0 3 0 2 0 3 0 2 1 0 0 2 0 2 0 0 0 2 0 2 0 0 0 1 0 0 0 2 1 0 0 2 0 3 0 0 0 2 0 1 0 3 0 1 1 0 0 0 0 0 1 0 0 0 0 3 0 1 0 0 0 0 0 3 0 1 1 0 0 3 0 0 1 0 0 2 0 0 1 0 0 2 1 0 0 2 0 0 0 3 0 0 0 2 0 0 0 1 0 1 0 1 0 0 0 1 1 0 0 0 0 1 0 1 0 3 0 2 1 0 0 3 0 3 0 2 0 0 1 0 0 3 0 2 0 2 1 0 0 1 0 1 0 2 0 2 0 0 0 3 0 0 0 3 0 1 0 2 0 0 0 1 0 3 0 1 1 0 0 0 1 0 0 3 0 0 1 0 0 3 0 2 0 0 0 1 0 1 1 0 1 0 0 3 0 1 0 0 0 2 0 1 0 1
1 341 2 0 0 0 0 0 0 0 2 0 1 0 2 0 3 0 0 0 2 0 1 0 0 0 2 0 0 0 2 1 0 1 0 0 1 1 0 1 0 0 0 0 0 0 3 0 3 0 2 0 1 0 3 0 1 0 0 0 0 0 3 0 2 0 0 0 1 0 3 0 2 0 2 1 0 0 2 1 0 0 0 0 3 0 2 0 2 1 0 0 3 0 2 0 2 0 3 0 1 0 2 0 3 0 1 0 0 1 0 0 3 0 2 0 3 0 2 0 1 0 1 0 3 0 0 0 2 0 1 0 2 0 1 0 2 0 2 0 2 0 1 0 3 0 2 0 0 0 0 0 0 0 2 0 0 0 0 0 1 0 2 0 1 0 1 0 0 0 0 0 2 0 1 1 0 1 0 0 2 1 0 1 0 0 0 0 1 0 3 0 0 0 1 0 3 0 0 0 1 0 2 0 0 0 0 0 1 0 2 0 3 0 3 0 1 1 0 0 0 1 0 1 0 0 2 0 1 0 1 1 0 0 1 0 2 0 2 0 2 0 0 0 3 0 2 1 0 0 2 0 3 0 2 0 2 0 0 0 2 0 3 0 0 0 2 1 0 0 2 0 1 0 1 1 0 0 2 0 3 0 0 0 0 0 2 0 1 0 2 0 1 1 0 0 0 0 1 0 3 0 1 1 0 1 0 0 1 1 0 0 1 0 2 1 0 0 2 0 0 0 1 0 2 1 0 0 0 1 0 0 1 0 3 0 0 1 0 0 3 0 2
0 342 1 0 0 1 0 0 0 0 1 0 1 0 0 1 0 2 0 1 1 0 0 3 0 0 1 0 0 2 0 1 0 0 0 3 0 2 1 0 0 2 1 0 0 1 0 2 0 3 0 0 1 0 0 2 0 3 0 0 0 1 0 2 0 0 0 1 0 3 0 2 0 1 0 2 0 0 0 0 1 0 0 1 0 2 0 1 0 2 0 0 0 2 0 1 0 1 0 2 1 0 0 1 0 2 0 3 0 1 1 0 0 2 0 1 0 3 0 0 0 3 0 3 0 1 0 1 1 0 1 0 0 0 1 0 0 1 0 1 0 0 1 0 0 3 0 0 0 1 0 0 0 0 1 0 0 1 0 0 0 2 1 0 0 3 0 2 0 0 0 1 0 0 0 0 0 0 1 0 0 1 0 0 0 2 1 0 0 3 0 1 0 1 0 3 0 1 0 1 0 2 1 0 0 1 0 0 0 3 0 0 0 3 0 2 1 0 1 0 0 1 1 0 0 3 0 3 0 2 0 3 0 3 0 2 0 0 0 1 0 0 0 2 0 2 0 2 0 0 0 0 0 3 0 1 0 0 0 2 0 0 0 2 0 2 0 0 1 0 1 0 1 0 0 0 0 0 0 0 0 2 0 1 0 0 1 0 1 0 0 0 1 0 1 0 0 0 0 3 0 2 0 0 0 0 0 3 0 2 0 3 0 2 0 0 1 0 1 0 0 1 0 3 0 0 1 0 0 1 0 3 0 2 0 1 0 2 1 0 0 2 0 1
1 343 1 0 3 0 1 0 0 0 1 1 0 0 3 0 2 0 0 0 0 0 0 0 1 0 2 0 3 0 3 0 2 0 1 0 2 0 2 0 0 0 0 1 0 0 3 0 0 0 2 0 2 1 0 0 0 0 2 0 1 0 2 1 0 0 1 0 3 0 2 0 0 1 0 0 0 0 1 0 1 0 3 0 1 1 0 1 0 0 0 0 1 1 0 0 3 0 3 0 0 1 0 0 3 0 0 0 2 1 0 1 0 1 0 1 0 0 2 0 2 0 2 0 2 1 0 0 0 0 0 0 3 0 0 0 3 0 1 0 2 0 1 1 0 0 1 0 1 0 2 0 0 0 1 0 3 0 1 0 1 0 1 0 0 0 2 0 0 0 1 0 2 0 0 0 0 0 1 0 3 0 1 0 1 0 1 0 0 0 1 0 3 0 3 0 1 0 3 0 3 0 0 1 0 0 2 0 1 0 1 0 2 0 2 0 2 0 0 0 3 0 2 1 0 0 2 0 3 0 1 0 3 0 3 0 0 0 1 0 2 0 1 0 0 0 1 0 0 0 1 0 1 0 1 0 3 0 0 1 0 0 2 0 0 0 0 0 2 1 0 1 0 0 2 1 0 0 0 0 0 1 0 0 3 0 1 1 0 0 3 0 0 1 0 0 3 0 0 0 2 0 0 0 1 0 1 0 2 0 1 0 3 0 0 0 2 1 0 0 3 0 2 0 1 0 2 0 3 0 2 0 2 0 0 1 0 0 1 1 0 1 0 1 0
0 343 3 0 1 0 3 0 0 1 0 0 0 0 2 0 0 0 1 0 0 0 0 0 3 0 0 0 3 0 3 0 0 1 0 0 1 0 0 0 1 0 1 1 0 0 1 0 2 0 0 0 1 1 0 0 0 1 0 1 0 0 1 1 0 0 3 0 2 0 0 0 2 0 2 1 0 0 2 0 3 0 2 0 0 0 0 0 2 1 0 1 0 0 0 0 2 0 2 0 2 1 0 0 1 0 2 0 1 0 0 1 0 1 0 1 0 0 0 0 1 0 1 0 1 1 0 0 0 0 1 0 1 0 2 0 1 1 0 0 0 1 0 1 0 0 2 0 2 1 0 0 1 0 3 0 1 0 3 0 2 0 2 0 0 1 0 0 1 0 2 1 0 0 1 0 0 0 3 0 1 0 3 0 2 0 2 0 0 0 3 0 2 0 2 1 0 0 3 0 2 0 2 0 3 0 3 0 2 0 3 0 0 0 1 0 0 0 2 0 2 0 2 0 0 0 0 0 2 1 0 0 3 0 2 0 1 0 2 1 0 0 3 0 0 0 2 0 0 0 2 0 2 0 3 0 1 0 2 0 3 0 3 0 0 0 1 0 1 0 0 1 0 0 0 1 0 0 0 0 1 1 0 0 2 0 0 0 0 0 1 0 2 1 0 0 1 0 1 1 0 0 1 0 2 0 2 1 0 1 0 0 2 0 2 0 1 0 0 0 2 0 0 1 0 0 1 0 3 0 1 0 0 0 2 0 3 0 2 1 0 1 0 0 2
1 345 1 0 1 1 0 0 2 0 2 0 2 1 0 1 0 0 1 0 2 0 0 0 1 0 1 0 2 0 2 0 2 0 2 0 3 0 1 0 0 0 2 0 3 0 3 0 1 1 0 0 1 0 3 0 3 0 0 1 0 0 3 0 2 1 0 0 2 0 0 0 2 0 0 0 2 0 0 0 0 0 3 0 0 0 1 0 1 0 1 0 0 0 3 0 0 0 0 0 1 0 1 1 0 0 2 1 0 0 3 0 1 1 0 1 0 0 2 1 0 0 2 0 2 0 3 0 2 1 0 0 2 0 2 1 0 1 0 1 0 0 1 1 0 1 0 0 0 0 1 1 0 0 3 0 1 1 0 0 3 0 1 0 0 0 2 0 3 0 2 0 0 1 0 0 2 0 1 0 1 1 0 0 3 0 1 0 0 0 2 0 2 0 1 0 2 0 0 0 2 0 1 0 1 0 3 0 3 0 1 0 2 0 1 0 2 0 1 0 0 0 1 0 0 0 1 0 1 0 1 0 0 0 2 0 0 1 0 0 2 0 0 0 1 0 1 1 0 0 2 0 0 0 1 0 2 1 0 0 1 0 3 0 2 0 1 0 2 0 2 0 1 0 3 0 0 0 2 1 0 0 3 0 3 0 3 0 0 0 0 0 3 0 0 1 0 0 2 0 3 0 3 0 2 0 0 0 2 0 0 1 0 0 0 0 0 0 3 0 0 1 0 0 2 0 3 0 2 0 1 0 3 0 1 0 0 0 3 0 2 0 0 1 0 0 0
1 345 2 1 0 0 0 0 0 0 1 0 2 0 0 0 3 0 1 1 0 0 1 0 2 0 3 0 0 0 1 0 1 0 1 0 2 0 3 0 1 0 0 0 3 0 2 1 0 1 0 0 3 0 2 0 2 0 2 1 0 0 2 0 1 1 0 1 0 0 1 1 0 0 1 1 0 0 1 0 1 0 1 0 1 0 2 0 2 0 2 0 1 0 1 0 1 0 0 0 2 1 0 0 0 0 1 0 0 0 2 0 0 0 0 1 0 0 1 0 0 0 0 0 1 0 3 0 2 0 0 0 0 0 2 0 0 1 0 0 3 0 2 1 0 0 2 1 0 1 0 0 0 0 2 0 0 0 0 0 1 0 3 0 1 0 0 0 3 0 0 0 2 0 3 0 3 0 2 1 0 0 0 0 1 0 3 0 1 0 0 0 0 1 0 0 0 0 1 1 0 0 3 0 3 0 2 0 2 1 0 0 0 1 0 0 0 0 3 0 0 0 2 0 0 0 2 0 2 0 2 0 0 1 0 0 2 0 3 0 3 0 0 0 2 0 3 0 3 0 3 0 0 0 3 0 0 1 0 0 3 0 2 0 0 1 0 0 1 0 0 1 0 0 2 0 2 0 1 0 0 0 2 0 3 0 2 0 1 0 1 0 1 0 2 1 0 0 0 0 3 0 3 0 0 0 1 1 0 0 2 0 2 1 0 0 1 0 1 0 2 1 0 0 0 0 3 0 0 1 0 0 2 0 3 0 1 0 2 0 0 0 2 0 2 1 0
1 347 1 0 0 1 0 0 0 0 0 0 2 1 0 0 2 0 1 1 0 1 0 0 3 0 0 0 2 0 1 0 2 0 2 0 3 0 0 0 2 0 3 0 1 0 2 0 2 0 0 1 0 0 2 0 1 0 1 0 2 0 0 0 0 0 0 0 0 0 3 0 2 0 3 0 2 0 3 0 1 0 2 0 2 0 3 0 0 0 1 0 0 0 3 0 2 0 2 0 1 0 0 1 0 0 0 0 2 0 0 1 0 0 1 0 1 0 3 0 1 0 0 0 0 0 3 0 2 0 0 0 1 0 0 1 0 0 2 1 0 0 2 0 2 0 0 0 1 0 0 0 2 1 0 1 0 0 1 0 0 0 3 0 1 0 3 0 1 0 1 0 2 0 0 0 3 0 3 0 1 1 0 0 0 0 3 0 1 0 3 0 0 0 1 0 2 1 0 1 0 0 0 0 2 0 3 0 1 0 1 1 0 0 1 0 3 0 0 0 1 0 1 1 0 0 2 0 0 0 1 0 0 0 2 1 0 0 0 0 3 0 2 0 2 0 0 0 3 0 3 0 2 0 2 0 1 0 2 1 0 0 2 0 0 0 2 0 3 0 1 0 1 1 0 0 0 0 0 0 3 0 1 0 0 0 3 0 0 0 3 0 2 0 3 0 0 1 0 0 1 0 2 0 2 0 1 1 0 0 0 0 0 0 1 1 0 0 2 0 3 0 0 1 0 0 1 0 1 0 2 1 0 0 0 0 2 1 0 0 0 0 2 0 0 0 1 1 0
1 347 2 0 1 0 2 1 0 0 1 0 1 0 0 0 0 0 0 0 0 1 0 0 1 0 1 1 0 1 0 0 1 0 1 0 2 0 2 0 0 0 2 1 0 0 1 0 0 0 2 0 3 0 3 0 2 0 2 1 0 0 1 0 0 0 0 0 1 0 2 0 1 0 3 0 1 0 2 1 0 0 1 0 1 0 2 0 1 0 2 0 1 0 2 0 1 0 0 0 3 0 1 0 2 1 0 1 0 0 2 0 3 0 1 0 3 0 1 0 3 0 0 0 1 0 2 0 0 0 1 0 2 0 1 1 0 0 1 0 0 0 0 0 0 0 1 0 2 0 1 0 1 0 0 0 3 0 1 0 1 0 1 1 0 0 2 0 3 0 2 1 0 0 2 0 2 0 2 1 0 1 0 0 1 0 1 1 0 0 2 0 1 0 3 0 1 0 0 0 3 0 0 0 0 0 2 0 3 0 3 0 3 0 2 0 1 0 1 0 2 0 3 0 3 0 3 0 0 0 2 0 1 0 0 1 0 0 1 0 2 0 1 0 0 0 2 0 2 0 3 0 1 0 0 1 0 0 1 1 0 1 0 0 2 0 0 0 2 0 3 0 3 0 2 1 0 0 1 0 1 0 3 0 1 0 1 0 2 0 2 0 1 0 2 0 2 0 3 0 2 0 0 0 0 1 0 1 0 0 0 0 0 1 0 0 0 0 0 0 2 0 2 0 3 0 1 0 3 0 0 1 0 0 1 0 0 1 0 0 0 1 0 0 1 0 3 0 2
0 348 1 0 1 0 0 1 1 0 0 2 0 2 0 0 0 0 0 0 0 1 0 3 0 1 1 0 0 0 0 3 0 1 0 3 0 0 0 0 0 2 0 0 1 0 0 2 0 1 0 0 0 3 0 3 0 1 0 1 1 0 0 2 0 0 0 0 0 2 1 0 1 0 0 2 1 0 0 1 1 0 0 2 0 2 1 0 1 0 0 0 1 0 0 0 0 3 0 1 0 1 1 0 0 2 0 0 1 0 0 0 0 2 1 0 0 2 1 0 0 2 0 1 0 2 1 0 0 1 0 2 1 0 1 0 1 0 0 2 0 0 0 0 0 0 0 2 1 0 0 3 0 2 0 1 0 1 0 3 0 2 1 0 0 0 0 0 0 3 0 2 0 0 0 0 0 1 0 2 0 0 0 3 0 1 0 3 0 3 0 3 0 3 0 1 0 3 0 1 0 1 0 1 0 1 0 0 0 3 0 3 0 3 0 0 0 3 0 3 0 0 0 3 0 3 0 2 0 1 1 0 0 3 0 1 0 3 0 1 1 0 0 3 0 1 0 0 0 1 0 2 0 3 0 1 0 3 0 2 1 0 0 3 0 3 0 1 0 0 0 3 0 3 0 1 1 0 0 2 0 3 0 1 0 3 0 3 0 0 0 0 1 0 0 1 0 1 0 3 0 0 0 1 0 1 1 0 0 2 1 0 0 1 0 2 1 0 0 1 0 0 0 1 0 2 1 0 0 2 0 2 0 3 0 1 0 1 0 3 0 0 0 3 0 2 0 2 0 1
1 349 1 1 0 0 3 0 2 1 0 0 0 0 0 0 1 0 0 0 0 0 3 0 1 1 0 1 0 0 1 0 1 1 0 0 2 0 1 0 0 1 0 0 2 0 3 0 3 0 2 0 1 0 2 0 2 0 3 0 3 0 3 0 3 0 0 0 1 0 1 0 0 1 0 0 0 1 0 1 0 0 0 0 0 0 2 0 0 0 3 0 0 0 3 0 0 0 1 0 3 0 3 0 3 0 3 0 1 0 3 0 0 0 1 0 0 0 0 1 0 1 0 1 0 0 1 1 0 0 3 0 1 0 0 1 0 0 3 0 3 0 0 0 0 0 1 0 1 0 0 0 2 0 0 0 3 0 3 0 2 0 1 1 0 0 0 0 1 0 2 0 0 0 1 0 0 0 2 1 0 0 2 0 1 1 0 0 3 0 3 0 3 0 2 1 0 0 2 0 3 0 2 0 2 0 2 0 1 0 2 0 3 0 2 0 2 0 2 0 2 0 2 0 2 0 3 0 1 0 0 0 0 0 1 1 0 0 3 0 0 0 0 0 1 0 3 0 0 0 3 0 0 0 2 1 0 0 3 0 2 0 0 0 2 0 2 0 3 0 1 0 2 0 3 0 0 0 0 0 0 0 2 1 0 0 3 0 2 0 1 0 1 0 3 0 1 0 3 0 1 0 1 0 2 1 0 0 0 0 0 1 0 0 3 0 0 1 0 0 2 0 0 0 3 0 1 0 0 0 0 0 1 0 2 0 3 0 3 0 1 0 2 0 2 0 1 0 0 1 0
1 350 1 0 0 0 0 2 0 1 1 0 0 0 0 0 0 2 0 0 0 1 0 2 0 0 0 0 0 3 0 1 0 3 0 3 0 3 0 2 0 1 1 0 0 0 0 3 0 3 0 0 1 0 0 1 0 1 0 3 0 3 0 3 0 2 0 1 0 2 0 2 0 1 0 3 0 0 1 0 0 2 1 0 0 0 1 0 0 2 0 1 0 2 0 1 0 1 0 3 0 2 0 3 0 3 0 2 1 0 0 2 0 1 0 2 0 0 0 1 1 0 1 0 0 3 0 2 1 0 0 1 0 3 0 1 1 0 0 2 0 2 0 1 0 0 0 2 0 2 0 0 1 0 0 2 0 2 0 3 0 0 1 0 1 0 0 0 0 2 1 0 0 1 0 2 0 1 0 1 0 0 0 0 0 0 0 0 0 2 0 3 0 3 0 2 0 0 0 0 0 3 0 1 0 1 0 0 1 0 0 1 0 3 0 1 0 1 0 1 0 1 0 1 0 1 0 2 0 3 0 0 0 0 1 0 0 0 0 1 0 1 0 0 0 3 0 1 0 2 0 1 0 2 0 1 0 0 0 2 0 0 0 2 0 0 0 1 0 2 1 0 0 1 0 2 0 1 0 0 0 1 0 1 0 0 0 2 0 0 0 3 0 3 0 1 1 0 0 2 0 3 0 3 0 0 1 0 0 0 0 1 1 0 0 1 0 2 0 3 0 3 0 1 0 1 0 3 0 0 0 0 0 3 0 0 0 3 0 2 1 0 0 1 0 0 0 3 0 1 0 2
0 351 1 0 2 1 0 1 0 1 0 1 0 0 0 0 0 1 0 0 1 0 2 1 0 0 1 0 1 0 1 1 0 0 3 0 3 0 3 0 0 1 0 1 0 0 1 0 2 0 2 0 2 0 3 0 1 0 3 0 2 0 3 0 3 0 0 1 0 0 1 0 0 1 0 0 2 0 2 1 0 0 0 1 0 0 1 0 3 0 3 0 2 1 0 0 3 0 3 0 2 0 1 0 3 0 3 0 1 1 0 1 0 1 0 0 0 0 1 1 0 0 0 1 0 0 2 0 1 1 0 0 3 0 2 0 0 0 0 0 0 0 0 0 3 0 1 0 0 0 0 0 2 1 0 0 0 0 1 0 2 0 2 1 0 0 3 0 0 0 0 1 0 0 2 1 0 0 3 0 2 0 0 0 0 0 0 0 1 0 0 0 3 0 3 0 0 0 1 0 1 0 1 0 3 0 2 0 1 0 3 0 2 0 1 0 3 0 2 0 2 0 2 0 2 0 3 0 0 0 2 0 1 0 1 0 2 1 0 0 2 0 2 0 1 0 1 1 0 0 0 1 0 0 0 0 3 0 0 1 0 0 1 1 0 0 1 0 3 0 0 1 0 0 2 1 0 0 3 0 0 0 2 0 2 0 0 1 0 0 2 0 2 0 3 0 0 0 0 0 0 0 3 0 2 0 2 0 2 1 0 0 3 0 3 0 2 0 0 0 3 0 2 0 3 0 3 0 1 0 1 0 1 0 1 0 2 0 2 0 1 1 0 0 2 0 1 0 1 1 0 0 1
0 351 3 0 1 0 0 1 0 1 0 0 2 1 0 0 1 0 3 0 2 0 0 1 0 0 2 0 2 1 0 0 0 0 2 0 3 0 2 0 2 1 0 0 3 0 2 0 0 0 1 0 1 0 2 1 0 0 3 0 1 0 3 0 2 0 2 0 3 0 1 0 1 1 0 0 0 0 1 1 0 0 1 0 3 0 2 0 2 0 3 0 2 0 0 0 2 0 3 0 0 1 0 0 3 0 3 0 0 0 0 1 0 0 2 1 0 0 3 0 3 0 0 1 0 0 0 0 0 0 0 0 2 0 0 0 1 0 0 0 0 0 1 0 1 0 3 0 0 0 1 0 0 1 0 0 0 0 3 0 0 0 2 0 0 0 1 0 1 0 1 1 0 0 1 0 0 0 2 0 0 0 1 0 0 0 0 0 2 0 1 0 2 0 2 0 1 0 2 0 2 0 3 0 2 0 0 1 0 0 3 0 0 1 0 0 3 0 1 0 1 0 1 0 1 0 2 0 1 1 0 0 3 0 3 0 1 0 0 0 0 0 0 0 3 0 3 0 3 0 0 0 3 0 0 0 1 0 2 0 3 0 2 0 3 0 2 0 1 0 2 1 0 0 1 0 0 0 1 0 2 0 0 0 0 0 2 1 0 0 0 0 1 0 2 0 1 0 0 0 1 0 2 0 1 0 1 0 2 0 0 0 2 0 3 0 0 0 2 0 2 0 1 0 3 0 2 0 3 0 2 0 2 0 3 0 0 0 0 1 0 1 0 1 0 0 3 0 3 0 3 0 1
1 353 1 0 1 0 3 0 1 1 0 1 0 0 0 1 0 0 3 0 2 0 0 0 2 1 0 0 0 0 1 1 0 0 1 0 0 0 3 0 1 0 2 0 0 0 2 0 0 0 1 0 2 0 3 0 1 0 0 0 1 1 0 0 3 0 1 0 1 0 2 0 3 0 3 0 2 1 0 0 3 0 3 0 2 0 2 0 1 0 1 0 3 0 0 0 2 0 0 0 2 0 2 1 0 0 2 0 2 0 1 0 1 1 0 0 1 0 0 0 2 0 2 0 2 0 2 1 0 0 0 0 0 1 0 0 1 0 2 0 0 0 0 0 2 0 3 0 1 0 1 0 2 0 1 0 3 0 0 0 1 0 1 1 0 0 1 0 2 0 2 0 3 0 3 0 1 0 0 1 0 0 1 0 2 0 0 0 0 1 0 1 0 0 1 0 0 1 0 0 1 0 1 0 3 0 0 0 2 1 0 0 1 0 2 1 0 0 1 0 3 0 2 0 2 0 3 0 0 0 0 0 0 0 2 0 2 0 3 0 0 0 0 0 1 0 2 0 3 0 2 0 2 0 1 0 1 0 3 0 0 0 3 0 1 0 3 0 0 1 0 0 1 1 0 0 2 0 0 0 2 1 0 0 1 0 1 0 0 1 0 0 0 0 2 1 0 0 3 0 0 0 2 1 0 0 3 0 2 1 0 0 2 0 0 0 2 0 2 0 0 0 0 1 0 0 3 0 1 0 3 0 1 0 1 0 2 0 1 0 1 1 0 1 0 1 0 0 2 0 3 0 2 1 0
1 353 2 0 3 0 2 0 0 0 0 0 3 0 0 1 0 0 2 0 0 0 2 0 0 1 0 0 0 0 3 0 3 0 1 0 1 0 1 1 0 0 0 0 1 1 0 0 1 0 3 0 0 0 2 0 3 0 0 1 0 0 0 0 1 0 3 0 3 0 0 0 3 0 3 0 2 0 0 0 2 0 3 0 1 0 0 0 3 0 3 0 1 0 1 1 0 0 2 0 0 0 2 0 0 0 0 0 0 0 3 0 3 0 3 0 1 0 1 0 0 0 1 0 1 0 1 1 0 0 0 0 1 0 3 0 1 1 0 0 1 0 1 0 0 0 2 0 3 0 2 1 0 1 0 0 2 0 1 0 2 0 3 0 3 0 2 0 0 0 1 0 3 0 2 0 3 0 1 0 3 0 1 1 0 0 1 0 1 1 0 0 3 0 1 0 1 0 3 0 1 0 3 0 1 0 2 0 0 1 0 0 3 0 0 1 0 0 3 0 2 0 1 0 1 0 2 0 1 0 0 0 1 0 0 0 1 0 2 0 1 0 0 0 3 0 0 0 3 0 1 0 0 0 3 0 3 0 1 0 2 0 1 1 0 0 2 0 2 0 3 0 2 0 3 0 3 0 1 0 0 1 0 0 2 0 2 0 1 0 3 0 0 0 1 0 0 0 1 0 2 0 1 0 0 0 2 0 1 1 0 1 0 0 2 0 0 0 0 0 1 0 1 1 0 0 1 1 0 0 2 0 3 0 2 1 0 1 0 0 0 0 0 1 0 1 0 0 0 0 3 0 1 1 0
1 355 1 0 0 0 3 0 0 0 1 0 1 0 1 0 2 0 3 0 3 0 0 1 0 0 2 0 3 0 0 0 2 0 2 0 3 0 2 0 3 0 2 1 0 0 3 0 3 0 2 0 1 0 2 0 0 0 2 0 2 0 2 1 0 0 3 0 2 0 2 0 2 0 2 0 3 0 0 0 2 0 0 0 2 0 3 0 1 0 2 0 2 0 3 0 3 0 3 0 3 0 0 1 0 0 1 0 0 0 1 0 2 0 3 0 2 0 3 0 2 0 0 0 2 0 2 0 3 0 2 1 0 0 3 0 1 1 0 1 0 0 2 0 2 0 1 0 0 0 3 0 2 0 0 0 3 0 3 0 3 0 0 0 3 0 3 0 0 0 1 0 3 0 2 0 1 0 2 1 0 0 2 1 0 1 0 0 2 1 0 0 0 0 1 0 3 0 3 0 1 1 0 0 2 1 0 0 0 0 2 1 0 0 1 0 2 1 0 0 2 0 0 0 3 0 2 1 0 0 3 0 0 0 2 0 0 0 2 1 0 0 3 0 1 0 1 0 2 0 1 0 3 0 1 0 2 0 2 1 0 0 1 0 0 0 0 0 0 0 1 0 3 0 1 0 3 0 2 0 3 0 1 1 0 0 0 0 0 1 0 0 2 0 1 0 2 0 0 0 2 1 0 0 3 0 1 0 0 0 0 0 0 0 3 0 3 0 0 0 0 0 2 0 3 0 3 0 2 1 0 0 0 0 3 0 2 0 0 0 2 1 0 0 1 1 0 0 3 0 0 0 1 1 0 1 0
1 355 2 0 1 0 1 0 1 0 2 0 2 0 3 0 0 0 3 0 2 0 2 1 0 0 0 0 2 0 2 0 0 0 1 0 3 0 1 0 3 0 2 0 0 0 2 0 3 0 0 1 0 0 0 0 2 0 0 0 1 0 2 0 0 0 2 0 1 0 1 0 1 0 1 0 2 0 1 1 0 0 2 0 0 0 2 1 0 0 1 0 1 0 3 0 3 0 3 0 2 0 2 0 3 0 1 0 0 0 3 0 0 0 3 0 1 0 3 0 0 0 2 0 0 0 1 0 3 0 2 0 0 0 2 0 0 0 0 1 0 0 0 0 0 0 3 0 1 0 2 0 0 0 2 0 2 0 3 0 2 0 2 0 2 0 2 0 1 0 3 0 2 0 0 1 0 0 2 0 0 0 1 0 0 1 0 0 0 1 0 0 0 0 3 0 2 0 3 0 0 0 0 0 0 1 0 0 1 0 0 1 0 0 3 0 0 1 0 1 0 0 2 0 2 0 2 0 0 0 1 0 1 1 0 0 2 0 1 0 0 0 1 0 3 0 2 1 0 1 0 0 2 1 0 0 1 0 1 1 0 0 2 0 0 0 0 0 0 0 3 0 1 1 0 0 3 0 1 0 2 1 0 1 0 0 0 0 1 0 3 0 3 0 2 1 0 0 2 0 1 0 0 0 1 0 3 0 0 0 0 0 1 0 2 0 2 0 1 0 1 0 0 0 3 0 3 0 1 1 0 0 1 0 2 0 0 0 2 0 0 1 0 1 0 0 0 0 1 0 1 1 0 0 0 0 2
0 356 1 0 0 3 0 2 0 3 0 0 0 1 0 2 0 2 0 2 0 1 0 1 1 0 0 1 0 0 0 0 0 1 0 3 0 1 1 0 0 3 0 0 0 2 0 0 0 2 0 2 0 2 1 0 1 0 0 1 0 2 1 0 0 1 1 0 0 3 0 2 0 2 0 2 1 0 1 0 1 0 1 0 0 2 0 0 1 0 0 2 0 3 0 2 0 3 0 3 0 1 0 1 0 2 0 3 0 1 0 1 0 2 0 1 1 0 0 2 0 1 1 0 0 1 0 3 0 2 0 0 0 1 1 0 0 1 0 1 0 2 1 0 0 1 0 1 1 0 0 0 0 2 0 0 0 1 0 3 0 1 0 1 0 1 0 0 1 0 0 3 0 0 0 2 0 3 0 3 0 0 0 2 0 1 0 3 0 0 0 3 0 0 0 2 0 1 0 2 0 1 0 0 0 1 0 3 0 1 0 1 1 0 0 1 0 2 1 0 1 0 0 0 0 1 0 0 0 1 0 2 0 3 0 3 0 3 0 2 0 0 0 3 0 2 0 2 0 0 1 0 0 0 1 0 0 2 0 3 0 3 0 3 0 0 0 0 0 1 0 2 0 0 0 0 0 1 1 0 0 2 0 0 0 2 1 0 0 3 0 2 0 3 0 1 1 0 1 0 0 3 0 0 0 3 0 1 0 1 0 0 0 3 0 0 0 0 0 3 0 2 0 1 0 2 0 2 1 0 1 0 0 2 1 0 0 1 1 0 0 2 1 0 0 2 1 0 0 2 0 3 0 3 0 0 0 0
0 357 1 1 0 0 2 0 1 0 2 0 1 0 3 0 0 0 1 0 0 0 3 0 3 0 3 0 1 0 0 0 0 0 3 0 2 0 0 0 0 0 1 0 1 1 0 0 2 0 0 0 1 0 2 0 0 0 3 0 2 0 0 1 0 1 0 0 0 0 2 0 1 0 1 0 2 0 0 1 0 1 0 0 3 0 3 0 1 1 0 0 0 0 3 0 1 0 3 0 2 0 3 0 3 0 0 0 2 0 3 0 2 1 0 1 0 1 0 1 0 1 0 1 0 0 3 0 2 0 0 0 1 0 3 0 3 0 1 0 3 0 0 1 0 0 2 0 3 0 2 1 0 1 0 0 1 0 3 0 1 0 3 0 2 0 2 0 1 1 0 0 1 0 2 0 0 0 3 0 2 0 1 1 0 1 0 0 2 0 2 0 1 0 1 1 0 1 0 0 0 0 3 0 0 0 3 0 1 0 3 0 3 0 3 0 2 0 1 0 0 0 2 1 0 0 2 0 0 0 3 0 0 0 3 0 3 0 3 0 0 0 2 0 2 0 1 0 0 0 2 0 3 0 0 1 0 0 0 0 3 0 3 0 2 0 1 0 0 0 2 1 0 0 1 0 0 0 3 0 3 0 3 0 1 0 1 0 0 0 2 0 1 0 3 0 0 0 0 1 0 0 1 0 2 0 1 0 3 0 2 0 1 0 1 0 1 0 1 0 2 0 0 1 0 0 1 0 2 0 0 1 0 0 0 1 0 1 0 0 0 0 1 0 0 0 1 0 0 0 0 0 3 0 2 0 1 0 0
0 357 3 0 3 0 3 0 2 1 0 1 0 0 2 0 1 0 2 0 1 0 2 0 3 0 2 0 3 0 0 0 1 0 2 0 0 0 1 0 0 0 2 0 3 0 3 0 3 0 0 0 2 1 0 0 2 0 2 0 0 0 2 1 0 0 2 1 0 1 0 0 3 0 2 1 0 0 2 1 0 1 0 0 2 0 2 1 0 1 0 0 1 0 1 1 0 0 3 0 1 0 3 0 2 0 2 0 0 0 3 0 2 0 0 1 0 1 0 1 0 1 0 1 0 0 2 0 0 0 1 0 3 0 2 0 2 1 0 0 2 0 2 1 0 0 0 0 3 0 2 0 0 0 3 0 2 0 1 1 0 0 3 0 1 0 0 1 0 1 0 0 2 1 0 0 2 0 2 0 1 0 0 0 0 1 0 0 0 0 0 1 0 0 0 0 0 0 3 0 0 0 1 0 2 0 1 1 0 0 3 0 3 0 3 0 0 0 3 0 1 0 0 1 0 1 0 0 2 0 1 0 2 0 2 0 3 0 2 0 2 0 0 0 0 0 3 0 1 0 0 0 2 0 2 0 3 0 0 0 2 0 3 0 0 0 3 0 1 0 0 1 0 0 2 0 1 0 2 0 3 0 2 0 3 0 2 0 0 1 0 1 0 0 2 0 1 0 1 0 3 0 1 1 0 1 0 0 3 0 0 0 3 0 2 0 2 0 2 1 0 0 2 0 3 0 1 1 0 0 2 0 3 0 0 1 0 0 2 1 0 0 2 0 0 0 2 0 0 0 1 0 2 0 0 0 3 0 0
0 359 1 0 2 0 3 0 3 0 2 0 0 0 3 0 3 0 2 1 0 1 0 0 1 0 3 0 1 0 2 0 1 0 2 1 0 0 1 0 2 0 1 0 0 0 3 0 3 0 2 0 2 0 1 0 0 0 0 0 0 0 2 0 1 0 0 0 1 0 0 1 0 0 2 0 2 0 0 0 1 0 0 1 0 0 0 0 2 0 0 0 3 0 1 1 0 0 0 0 1 1 0 0 3 0 1 0 0 0 2 0 2 0 0 0 2 1 0 1 0 1 0 1 0 0 3 0 3 0 0 0 3 0 2 0 1 0 2 0 0 0 0 0 1 1 0 0 1 0 2 0 0 0 2 0 2 0 1 0 0 0 0 0 1 0 3 0 1 1 0 1 0 0 1 0 0 0 0 0 0 0 3 0 0 0 1 0 2 1 0 0 1 0 2 1 0 0 1 0 1 0 1 0 3 0 0 0 0 0 0 0 2 0 3 0 2 0 2 0 1 0 3 0 1 1 0 0 3 0 3 0 3 0 0 0 1 0 3 0 1 0 0 0 1 0 1 0 1 0 3 0 1 0 0 0 1 0 2 0 2 0 0 0 2 0 2 0 1 0 3 0 1 0 3 0 3 0 3 0 0 0 3 0 1 0 3 0 0 0 2 1 0 0 3 0 3 0 2 0 3 0 2 0 0 0 0 1 0 0 1 0 2 0 2 0 1 0 1 0 2 0 0 0 0 0 3 0 0 0 0 0 0 0 2 0 2 1 0 0 0 1 0 1 0 0 1 1 0 0 1 0 2 1 0 0 2 0 1 0 1
1 359 3 0 0 0 3 0 3 0 0 0 2 0 2 0 3 0 2 0 0 0 3 0 2 0 1 1 0 0 0 1 0 0 1 1 0 0 2 1 0 0 3 0 1 0 2 0 3 0 1 0 0 0 3 0 0 0 0 0 0 1 0 0 3 0 0 0 2 0 1 1 0 0 0 0 0 0 1 0 2 0 1 0 2 1 0 1 0 0 2 0 1 1 0 1 0 0 0 1 0 0 0 0 1 0 3 0 1 0 0 0 0 0 2 0 1 0 0 1 0 1 0 1 0 0 2 0 2 0 2 0 2 0 0 1 0 0 0 0 1 0 0 0 3 0 3 0 1 1 0 0 2 0 0 0 0 0 3 0 0 0 0 0 3 0 2 0 0 0 0 0 3 0 1 0 0 0 0 0 1 0 1 0 1 0 3 0 0 1 0 0 3 0 0 1 0 0 2 0 2 0 3 0 1 0 1 0 0 0 1 0 0 0 3 0 1 0 0 1 0 0 3 0 0 0 0 0 2 0 3 0 2 0 1 0 3 0 1 0 3 0 0 0 2 0 2 0 3 0 1 0 3 0 0 0 3 0 0 0 0 0 2 0 0 0 0 1 0 0 2 1 0 0 3 0 3 0 2 0 2 0 1 1 0 0 2 0 2 0 1 0 0 0 2 0 3 0 1 0 3 0 0 0 1 0 1 0 3 0 2 0 0 0 0 0 3 0 2 1 0 0 1 0 1 0 1 0 1 0 0 0 1 0 0 0 1 1 0 0 1 1 0 0 3 0 2 0 3 0 2 0 0 1 0 1 0 0 3 0 2
0 361 1 0 1 0 2 0 2 0 2 0 2 0 0 0 1 0 3 0 0 0 2 0 2 0 0 1 0 1 0 0 1 0 3 0 2 1 0 0 1 0 0 0 1 1 0 0 1 0 2 0 3 0 1 0 1 0 1 0 0 0 1 1 0 0 1 0 1 1 0 1 0 1 0 0 0 0 0 0 2 1 0 1 0 0 2 0 0 1 0 0 0 0 0 0 0 0 3 0 0 0 2 1 0 0 3 0 1 0 3 0 0 0 0 1 0 0 3 0 1 1 0 1 0 1 0 0 0 0 1 0 1 0 0 0 2 0 2 1 0 0 2 0 1 0 2 0 2 1 0 1 0 1 0 0 1 0 1 0 1 0 1 0 1 0 2 0 0 0 1 0 1 0 1 0 3 0 0 0 0 0 2 0 2 0 3 0 1 0 2 1 0 0 1 0 2 1 0 0 0 0 1 0 2 0 3 0 2 0 0 0 2 0 1 0 1 0 3 0 1 1 0 0 1 0 1 0 1 0 0 0 3 0 0 1 0 0 2 1 0 0 2 0 2 0 0 0 1 0 2 1 0 0 2 0 2 0 1 0 1 0 0 1 0 0 1 0 1 1 0 0 1 0 0 0 2 0 3 0 1 0 1 0 0 0 0 0 0 0 0 0 3 0 1 0 0 0 2 1 0 0 2 0 1 0 2 0 3 0 2 0 0 0 1 0 1 0 2 0 1 1 0 0 2 0 2 0 2 0 2 0 0 0 2 0 0 0 3 0 3 0 2 1 0 0 2 0 1 0 3 0 0 0 2 1 0 1 0 0 2 0 1
1 361 2 0 3 0 0 0 1 0 1 0 0 0 1 0 3 0 1 0 2 0 0 0 0 0 2 1 0 0 3 0 2 0 2 0 1 1 0 0 2 0 0 0 3 0 3 0 2 0 0 0 2 0 3 0 2 0 2 0 0 0 3 0 3 0 1 1 0 0 0 1 0 0 2 1 0 0 1 0 1 0 0 0 3 0 3 0 1 0 2 1 0 0 0 0 1 0 1 0 2 0 1 0 0 0 1 1 0 0 2 0 1 0 1 1 0 0 2 0 0 0 0 1 0 0 2 1 0 0 2 0 2 0 1 0 0 0 1 1 0 1 0 1 0 0 1 0 2 0 0 1 0 0 3 0 1 0 2 0 2 0 2 0 2 1 0 0 1 0 2 0 2 0 3 0 1 0 1 0 1 0 0 0 1 0 2 1 0 0 1 1 0 0 3 0 0 1 0 0 0 0 3 0 0 0 3 0 0 0 1 1 0 0 3 0 3 0 1 1 0 1 0 0 2 0 2 0 2 0 1 0 1 0 2 1 0 0 1 0 0 0 0 0 0 0 1 0 3 0 1 0 0 0 0 0 0 0 3 0 2 0 1 0 3 0 1 0 3 0 3 0 1 0 1 0 0 0 2 0 3 0 2 0 0 0 0 0 0 0 1 0 1 0 3 0 1 0 0 1 0 1 0 1 0 0 1 0 3 0 0 0 1 0 2 0 3 0 0 0 0 0 0 0 0 0 1 0 1 0 0 0 1 1 0 0 2 0 2 0 3 0 1 1 0 1 0 1 0 0 2 0 2 0 1 0 0 0 3 0 3 0 2
0 363 1 0 0 0 2 0 1 0 2 0 2 0 0 0 3 0 1 1 0 0 0 0 1 0 1 0 1 0 0 0 2 0 1 0 0 1 0 1 0 1 0 0 2 0 2 0 3 0 0 0 2 0 0 0 3 0 1 0 0 0 2 0 2 0 2 1 0 1 0 0 1 1 0 0 0 1 0 0 2 0 2 0 1 0 2 0 2 1 0 0 1 1 0 0 0 0 2 0 2 1 0 0 3 0 0 0 3 0 3 0 3 0 2 0 3 0 3 0 3 0 0 0 1 1 0 0 1 0 0 0 0 0 0 0 3 0 0 1 0 0 0 1 0 0 3 0 1 1 0 0 2 1 0 0 1 1 0 0 1 0 1 0 1 0 1 1 0 0 3 0 0 0 1 0 2 0 3 0 2 0 2 0 0 0 3 0 0 1 0 1 0 0 0 0 1 0 2 0 3 0 0 0 1 0 2 0 1 0 1 1 0 0 0 0 2 0 3 0 0 0 0 1 0 0 0 0 1 0 0 0 3 0 3 0 0 1 0 0 2 0 0 0 0 0 0 0 3 0 1 0 3 0 0 0 0 0 1 0 2 0 0 1 0 0 2 1 0 0 3 0 2 0 3 0 2 0 1 0 0 0 3 0 0 0 1 0 0 0 0 0 2 0 3 0 1 0 3 0 1 1 0 1 0 0 3 0 2 0 1 0 1 0 3 0 0 0 2 0 1 0 0 0 0 0 0 0 2 0 2 0 0 1 0 0 0 0 0 0 1 0 3 0 0 0 0 1 0 1 0 0 0 0 0 0 3 0 1 0 2 0 3 0 1
1 363 2 0 0 1 0 1 0 0 1 0 0 0 2 0 1 1 0 1 0 0 0 0 2 0 2 0 2 0 0 1 0 0 3 0 1 1 0 1 0 1 0 0 0 0 1 0 2 0 1 1 0 0 2 0 1 0 3 0 1 0 0 0 1 0 2 0 0 0 3 0 2 0 3 0 0 1 0 0 0 0 0 1 0 0 1 0 1 1 0 0 3 0 3 0 0 0 0 0 2 0 0 0 1 0 2 0 2 0 3 0 3 0 1 0 3 0 3 0 2 0 1 0 3 0 3 0 1 0 0 0 0 0 1 0 1 0 2 0 3 0 0 1 0 0 2 0 0 0 0 0 0 1 0 0 3 0 3 0 1 0 2 0 2 1 0 0 0 0 1 0 1 0 3 0 0 0 3 0 1 0 0 0 2 0 1 0 2 1 0 0 2 1 0 0 3 0 0 0 2 0 1 0 2 1 0 0 3 0 3 0 3 0 0 0 0 0 2 0 1 0 1 0 2 1 0 0 2 0 1 0 2 0 2 0 2 0 3 0 3 0 0 0 0 0 1 0 1 1 0 0 2 0 1 0 0 0 2 1 0 0 2 1 0 0 1 0 0 0 2 0 1 0 3 0 0 0 3 0 1 0 1 0 1 0 2 0 0 0 1 0 0 0 2 1 0 0 3 0 0 0 0 1 0 0 2 0 0 0 3 0 3 0 1 0 1 1 0 0 3 0 0 0 0 0 1 0 0 0 0 0 2 0 2 1 0 0 0 0 3 0 1 0 1 0 1 1 0 0 2 1 0 0 1 0 1 1 0 0 1 0 2 1 0
1 364 1 0 0 2 1 0 0 3 0 1 0 1 0 0 0 0 0 0 0 3 0 0 0 0 0 1 0 0 0 2 1 0 0 2 0 0 0 0 1 0 0 2 1 0 0 2 1 0 1 0 1 0 1 0 1 0 0 2 0 3 0 0 0 2 1 0 0 2 0 2 0 1 0 2 0 2 0 2 1 0 0 1 0 3 0 1 1 0 0 0 0 2 0 2 0 1 0 0 1 0 0 1 0 3 0 0 0 1 0 3 0 2 1 0 0 3 0 3 0 0 1 0 0 3 0 2 0 3 0 0 0 0 0 2 0 3 0 0 0 2 0 2 0 3 0 3 0 0 0 0 0 1 1 0 0 2 0 2 1 0 0 1 0 1 1 0 0 0 0 2 0 3 0 1 0 2 0 1 0 3 0 0 1 0 1 0 0 2 0 0 0 1 0 0 0 1 0 1 1 0 1 0 0 2 0 0 0 2 0 3 0 2 0 1 0 0 1 0 0 3 0 3 0 0 1 0 1 0 1 0 0 1 0 1 0 1 0 3 0 2 0 1 0 0 0 2 0 3 0 3 0 3 0 2 0 1 0 1 0 0 0 0 1 0 0 2 0 0 1 0 1 0 0 2 0 2 0 1 0 3 0 2 0 2 1 0 0 1 0 2 0 1 0 1 0 0 0 1 0 1 0 1 0 3 0 3 0 1 0 2 0 2 1 0 0 0 0 0 0 1 0 1 0 0 0 2 0 0 0 1 0 0 0 1 1 0 0 1 0 1 0 3 0 2 1 0 0 0 0 0 1 0 0 2 0 3 0 3 0 2 0 0 1 0
1 365 1 1 0 0 1 0 0 0 1 0 3 0 2 0 0 0 0 0 1 0 1 0 1 0 0 0 2 0 1 0 0 1 0 1 0 0 1 0 1 1 0 0 1 0 0 0 1 0 0 1 0 1 0 1 0 1 0 0 0 0 2 0 2 0 1 0 0 0 0 0 0 1 0 0 1 0 1 0 1 1 0 0 3 0 1 1 0 1 0 0 1 0 0 0 0 0 3 0 1 0 3 0 2 0 1 0 1 0 3 0 2 0 2 0 0 0 2 0 2 0 2 1 0 0 2 0 1 0 2 0 1 0 1 0 0 0 2 0 2 0 0 0 1 0 3 0 2 0 1 0 0 1 0 0 0 0 0 0 1 1 0 0 2 0 3 0 3 0 0 0 0 0 2 1 0 0 0 1 0 0 2 0 2 1 0 0 3 0 3 0 0 0 2 0 0 0 2 1 0 0 0 0 3 0 3 0 1 0 0 0 3 0 0 0 3 0 1 1 0 0 2 0 2 0 2 1 0 1 0 0 3 0 1 0 2 0 3 0 2 0 0 0 3 0 1 0 0 0 3 0 3 0 3 0 0 0 3 0 2 0 0 0 1 0 3 0 3 0 1 1 0 1 0 0 0 0 0 1 0 0 3 0 1 0 1 1 0 0 2 1 0 0 3 0 2 0 0 0 2 0 2 0 3 0 2 0 2 1 0 0 1 0 1 1 0 0 0 0 0 0 2 0 2 0 0 1 0 0 1 0 2 0 0 0 3 0 3 0 1 0 3 0 2 0 1 1 0 0 0 0 1 1 0 0 0 0 3 0 3 0 0 0 2 0 2
0 365 3 0 3 0 1 0 0 0 3 0 2 0 0 0 1 0 0 0 2 0 2 0 2 0 0 1 0 0 3 0 1 1 0 0 3 0 1 0 3 0 3 0 1 0 0 0 2 0 1 1 0 1 0 1 0 0 3 0 0 0 0 0 0 0 3 0 0 0 0 0 1 0 3 0 1 0 2 1 0 0 0 0 2 0 0 0 0 0 3 0 1 0 0 0 1 0 1 1 0 0 3 0 0 0 3 0 3 0 2 0 1 0 0 0 2 0 0 0 1 0 1 1 0 1 0 1 0 0 0 0 3 0 2 0 1 0 0 0 0 0 1 0 3 0 2 0 0 0 3 0 1 0 2 1 0 0 0 1 0 0 0 0 0 0 3 0 2 0 1 0 1 0 0 1 0 0 1 1 0 0 0 0 2 0 0 0 2 0 2 0 1 1 0 0 2 0 0 1 0 0 1 0 2 0 2 0 3 0 1 0 1 0 2 0 2 0 0 0 0 0 0 0 1 0 2 0 0 1 0 0 1 1 0 0 1 0 3 0 0 0 2 0 1 0 3 0 1 0 2 0 3 0 2 0 2 0 2 0 0 0 1 0 3 0 2 0 3 0 0 0 0 0 2 1 0 0 1 1 0 0 1 1 0 0 0 0 0 0 1 0 0 0 2 0 0 0 2 0 0 0 1 0 3 0 1 0 1 1 0 0 2 0 3 0 2 1 0 0 1 0 0 0 0 0 2 0 3 0 1 1 0 0 2 0 2 0 2 1 0 0 3 0 0 1 0 1 0 0 0 0 3 0 3 0 0 0 2 0 2 0 2 0 0 0 1
1 367 1 0 2 0 2 0 3 0 1 0 2 0 0 0 1 0 2 0 1 0 0 0 1 0 0 0 2 1 0 0 2 0 0 0 0 0 1 1 0 0 3 0 2 0 3 0 1 0 0 0 0 0 0 1 0 1 0 0 1 0 1 0 0 0 1 0 1 0 1 0 0 0 3 0 1 1 0 0 1 1 0 0 0 1 0 0 1 0 1 0 1 0 3 0 0 0 2 1 0 0 0 0 1 0 2 0 2 0 3 0 0 0 3 0 0 1 0 0 1 0 2 1 0 0 0 1 0 0 3 0 0 0 2 0 0 0 3 0 0 0 0 0 3 0 2 0 0 0 2 0 1 1 0 0 1 1 0 0 1 0 2 1 0 0 1 0 2 0 0 0 3 0 2 0 1 0 3 0 2 0 2 1 0 1 0 0 2 0 0 0 0 1 0 1 0 1 0 0 2 0 3 0 2 0 0 0 1 0 2 0 3 0 3 0 0 0 0 0 1 0 0 0 0 0 2 1 0 0 2 0 3 0 2 0 3 0 2 0 1 0 1 1 0 1 0 0 2 1 0 0 1 0 3 0 1 0 1 0 0 0 1 0 3 0 2 0 1 0 2 0 1 0 1 0 0 1 0 0 3 0 3 0 2 0 2 1 0 0 0 0 2 0 0 1 0 0 1 1 0 0 1 0 3 0 1 1 0 0 0 0 0 0 0 0 3 0 1 1 0 0 2 0 0 0 1 0 0 0 3 0 0 0 0 0 0 0 1 0 2 0 0 0 1 0 2 1 0 0 3 0 0 0 2 0 2 0 2 0 0 0 1 0 0 0 1 0 2
0 367 3 0 0 0 1 0 2 1 0 0 0 0 1 0 2 1 0 0 3 0 0 0 2 0 1 0 0 1 0 1 0 0 1 0 0 1 0 0 0 0 2 0 1 0 2 0 3 0 0 0 0 0 1 1 0 0 3 0 1 0 2 0 0 0 2 0 2 0 2 0 1 0 1 1 0 1 0 0 3 0 3 0 0 0 3 0 1 0 2 0 3 0 1 0 2 0 0 1 0 0 0 0 3 0 0 0 1 0 2 0 2 0 1 0 2 0 3 0 2 0 0 1 0 0 1 1 0 0 1 0 1 1 0 0 2 0 1 0 1 0 1 0 2 0 0 0 1 1 0 1 0 1 0 0 3 0 3 0 2 0 0 1 0 0 2 1 0 0 2 0 2 0 0 1 0 0 3 0 1 0 2 0 0 0 3 0 3 0 0 0 1 1 0 1 0 1 0 0 0 0 3 0 0 0 1 0 3 0 0 0 3 0 2 0 1 0 0 0 2 0 0 0 1 0 1 0 0 0 0 0 3 0 1 0 3 0 0 1 0 0 0 0 0 1 0 0 0 1 0 0 3 0 1 0 3 0 2 0 0 0 3 0 2 0 0 1 0 0 0 0 3 0 2 0 1 1 0 0 2 0 3 0 1 0 1 1 0 0 0 1 0 0 2 0 3 0 2 0 3 0 2 0 1 1 0 1 0 0 0 0 0 0 1 0 1 1 0 1 0 1 0 0 1 0 2 0 1 0 1 0 1 0 0 0 0 0 2 1 0 0 1 0 3 0 1 0 0 0 1 0 2 0 0 0 1 0 0 0 1 0 2 0 0 0 3 0 0
0 369 1 0 1 0 1 0 3 0 0 1 0 0 0 0 3 0 1 0 0 0 1 0 1 1 0 0 3 0 1 1 0 0 3 0 1 0 1 0 2 1 0 1 0 1 0 0 1 0 2 0 1 0 0 1 0 0 0 0 1 1 0 0 0 0 2 0 0 0 1 0 0 1 0 0 0 0 0 1 0 0 2 0 2 0 2 0 1 1 0 0 1 0 2 1 0 0 0 0 2 0 3 0 0 0 1 0 1 0 3 0 0 0 0 1 0 0 1 0 3 0 0 0 2 0 3 0 2 0 3 0 1 0 3 0 3 0 3 0 2 0 2 0 2 1 0 0 1 1 0 0 0 1 0 1 0 0 2 0 3 0 0 0 2 1 0 0 1 0 0 0 0 0 0 0 2 1 0 0 1 1 0 0 0 0 2 0 2 0 2 0 1 1 0 0 0 1 0 0 3 0 0 0 1 0 1 0 3 0 1 0 2 0 2 0 0 0 3 0 0 1 0 0 1 0 2 0 2 0 0 0 1 0 1 1 0 0 2 0 2 0 2 1 0 0 1 0 3 0 0 1 0 0 1 1 0 0 3 0 0 0 2 0 2 0 0 0 2 0 3 0 0 0 2 0 1 0 0 0 0 0 0 0 2 0 3 0 3 0 3 0 0 1 0 0 0 0 3 0 1 0 3 0 1 0 0 0 0 0 2 1 0 0 0 0 2 1 0 0 0 1 0 0 3 0 1 1 0 0 3 0 2 0 2 0 0 0 1 0 0 1 0 0 3 0 1 0 3 0 0 0 2 1 0 0 1 0 2 0 0 0 2 1 0 0 2 0 1 0 1
1 369 2 0 2 0 3 0 1 0 2 0 3 0 0 0 1 0 3 0 0 0 2 1 0 0 0 0 2 0 0 0 0 0 1 0 3 0 3 0 1 0 0 1 0 0 3 0 1 1 0 0 3 0 1 0 2 1 0 0 3 0 2 1 0 1 0 0 1 0 2 0 1 0 2 1 0 0 1 1 0 0 0 0 1 0 0 1 0 1 0 0 3 0 0 1 0 0 1 0 0 0 2 0 1 0 2 0 3 0 1 0 1 0 1 0 3 0 2 0 1 0 2 0 0 0 3 0 1 0 2 1 0 0 3 0 3 0 3 0 1 0 1 0 1 1 0 0 3 0 3 0 0 1 0 1 0 0 0 0 2 0 2 0 0 1 0 0 2 0 0 0 0 0 1 0 0 1 0 0 3 0 3 0 0 0 0 0 1 0 0 1 0 1 0 0 1 1 0 0 1 0 1 0 2 0 3 0 1 1 0 0 1 0 0 0 2 0 1 0 2 0 3 0 2 0 0 0 0 0 1 0 2 1 0 0 0 0 0 0 1 0 1 1 0 0 3 0 1 0 2 0 3 0 2 1 0 0 1 0 2 0 0 0 0 0 2 0 0 0 2 0 1 1 0 0 3 0 0 0 0 0 1 0 0 0 3 0 3 0 2 0 2 0 3 0 0 0 1 1 0 0 2 0 3 0 0 0 1 0 0 1 0 0 1 0 0 1 0 0 1 1 0 0 2 0 0 0 0 0 2 0 1 0 0 0 1 0 2 0 1 1 0 0 1 1 0 0 2 0 2 0 0 1 0 0 2 1 0 0 2 0 0 1 0 1 0 0 3 0 2
0 371 1 0 0 0 1 0 2 1 0 0 1 0 2 0 1 0 3 0 1 0 2 0 0 1 0 0 0 1 0 0 1 0 0 0 3 0 2 0 2 0 3 0 1 1 0 0 2 0 0 0 0 0 1 1 0 0 2 0 0 0 2 0 2 0 0 0 3 0 1 1 0 1 0 0 1 1 0 0 3 0 2 1 0 0 2 0 1 1 0 1 0 0 1 0 2 0 3 0 1 0 0 1 0 1 0 0 1 0 2 0 3 0 2 0 3 0 2 0 0 1 0 0 0 0 2 0 1 1 0 0 2 0 0 0 2 0 3 0 2 0 3 0 2 1 0 0 0 0 2 0 2 0 2 1 0 0 3 0 0 0 0 0 0 0 2 0 3 0 3 0 0 0 0 0 2 0 1 1 0 0 2 0 2 0 1 0 0 0 2 0 1 1 0 0 3 0 2 0 3 0 1 0 3 0 0 0 2 1 0 1 0 0 2 0 0 1 0 1 0 0 1 0 3 0 0 0 1 0 0 0 3 0 0 1 0 0 0 0 0 0 2 1 0 0 0 0 1 1 0 0 1 0 3 0 1 1 0 0 2 1 0 0 1 0 0 1 0 0 2 0 0 0 0 0 0 0 1 0 1 0 0 0 2 0 1 0 2 0 3 0 1 0 1 0 2 0 1 1 0 0 0 0 0 0 2 0 1 0 2 0 1 0 3 0 1 0 1 0 3 0 2 0 3 0 3 0 0 0 0 1 0 0 3 0 0 0 2 1 0 1 0 1 0 1 0 0 0 0 0 0 0 0 2 1 0 0 0 1 0 1 0 0 2 1 0 1 0 0 2 0 1
1 371 2 0 0 0 3 0 0 1 0 0 2 1 0 1 0 0 2 1 0 0 0 0 2 0 3 0 0 0 3 0 1 0 1 0 2 0 1 0 1 0 2 1 0 1 0 1 0 0 1 0 0 0 3 0 3 0 3 0 1 0 0 0 0 0 2 0 2 0 0 0 0 0 3 0 2 1 0 0 2 0 2 0 0 0 0 0 0 0 0 0 3 0 2 0 0 0 2 0 3 0 1 1 0 0 3 0 2 0 0 0 3 0 1 0 3 0 0 0 2 0 2 1 0 1 0 1 0 1 0 1 0 0 2 0 0 0 3 0 1 0 3 0 1 1 0 0 1 0 0 0 1 0 2 0 0 0 1 0 1 0 0 0 1 0 0 0 3 0 2 0 1 0 1 0 0 0 0 0 0 0 0 0 0 0 3 0 1 0 0 0 0 0 0 0 2 0 1 0 2 1 0 0 2 0 2 0 1 0 0 0 3 0 3 0 1 1 0 0 3 0 2 0 1 0 1 0 2 0 1 0 1 0 2 0 2 1 0 0 1 0 0 1 0 0 0 0 3 0 3 0 2 0 2 0 0 0 0 0 0 1 0 0 2 0 1 0 3 0 3 0 0 0 0 0 0 0 2 0 2 0 0 1 0 1 0 0 1 0 2 0 3 0 2 1 0 1 0 1 0 0 0 0 0 1 0 1 0 0 0 1 0 0 2 0 3 0 3 0 2 0 1 0 3 0 2 0 1 0 1 1 0 0 1 0 2 0 1 0 0 1 0 1 0 0 2 1 0 0 0 0 1 0 0 1 0 0 1 1 0 1 0 0 1 0 0 0 3 0 3 0 2
0 372 1 0 0 2 0 1 0 2 1 0 0 1 0 0 1 0 0 0 1 0 0 1 0 0 0 2 0 2 0 1 0 3 0 2 1 0 0 3 0 3 0 1 0 0 1 0 0 3 0 1 0 1 0 2 0 3 0 2 0 3 0 0 0 1 0 0 0 0 0 1 0 1 0 2 0 2 0 0 0 0 0 0 0 1 0 0 0 0 0 1 0 2 0 0 0 2 0 0 0 3 0 0 0 0 0 2 0 0 0 2 0 1 1 0 0 2 0 2 0 0 0 2 0 0 1 0 1 0 1 0 0 3 0 3 0 1 0 1 1 0 0 2 1 0 1 0 0 2 0 0 0 2 1 0 0 1 0 2 0 2 0 0 0 2 0 1 0 2 0 0 0 3 0 2 0 0 0 0 0 0 0 0 0 1 0 1 0 3 0 0 0 0 0 0 1 0 1 0 0 2 0 0 0 0 0 0 0 3 0 1 0 2 0 3 0 0 0 0 0 2 0 0 0 3 0 2 1 0 0 3 0 3 0 0 0 1 1 0 0 2 0 1 0 3 0 0 0 2 0 3 0 1 0 0 0 1 0 0 0 1 0 3 0 3 0 3 0 2 0 2 0 1 0 0 0 1 0 0 0 0 0 2 1 0 0 3 0 2 0 0 0 3 0 2 0 0 1 0 0 2 1 0 0 1 1 0 0 3 0 0 1 0 0 0 0 3 0 3 0 0 1 0 0 3 0 0 0 3 0 3 0 3 0 1 1 0 0 3 0 1 1 0 1 0 0 0 1 0 0 0 0 2 0 1 0 3 0 2 1 0 0 3 0 1 0 1 0 2 0 3 0 1
1 373 1 0 3 0 3 0 3 0 0 1 0 0 2 0 1 0 3 0 0 0 3 0 1 0 1 0 0 0 0 1 0 0 3 0 2 0 0 0 2 0 2 0 3 0 1 1 0 0 1 0 3 0 3 0 0 0 3 0 1 0 2 0 1 0 2 0 0 0 0 0 2 0 3 0 0 0 0 0 1 0 0 0 0 0 2 0 0 0 0 0 2 1 0 0 1 1 0 0 2 0 1 0 1 0 0 1 0 0 2 0 0 0 0 0 0 0 0 0 0 0 1 1 0 0 2 1 0 1 0 1 0 0 2 0 2 1 0 0 0 0 0 0 1 0 0 0 3 0 3 0 1 0 0 1 0 0 3 0 0 0 0 0 1 1 0 1 0 0 0 0 2 0 2 0 0 0 1 0 0 0 0 0 0 0 2 0 3 0 1 0 1 0 0 0 1 1 0 0 3 0 3 0 0 0 0 0 1 0 1 1 0 0 1 0 2 0 1 0 0 1 0 0 2 0 2 0 2 0 0 0 2 0 2 0 1 0 3 0 3 0 3 0 3 0 1 0 2 0 0 0 2 0 3 0 0 0 2 0 0 0 3 0 2 0 3 0 3 0 1 0 0 0 3 0 0 0 2 0 0 0 1 0 1 0 0 0 2 0 0 0 2 0 2 0 0 0 2 1 0 0 0 1 0 1 0 0 0 0 1 0 2 0 3 0 0 0 2 0 2 0 2 1 0 0 1 0 2 0 2 0 3 0 3 0 0 0 0 0 2 0 0 0 0 0 3 0 0 0 2 1 0 1 0 1 0 0 3 0 2 0 0 0 1 0 3 0 3 0 0 0 2 1 0
1 373 3 0 2 0 3 0 2 0 2 0 3 0 3 0 3 0 1 0 2 0 1 0 3 0 2 0 0 0 1 1 0 0 2 0 0 0 2 0 0 0 1 0 2 1 0 1 0 0 3 0 2 0 2 0 2 0 1 1 0 0 0 1 0 0 0 0 1 0 1 0 0 0 2 0 1 0 0 0 2 0 0 0 0 1 0 0 1 0 1 0 0 1 0 0 3 0 3 0 3 0 2 0 2 0 1 0 3 0 3 0 0 0 0 0 0 0 0 0 0 1 0 0 0 0 1 0 0 1 0 1 0 0 0 0 1 1 0 0 0 0 0 0 2 0 1 0 2 0 2 0 3 0 1 1 0 0 1 0 1 0 0 1 0 0 0 0 3 0 0 0 0 0 0 0 1 0 2 0 0 0 0 0 1 0 0 0 2 0 3 0 2 0 0 1 0 0 0 0 2 0 2 0 1 0 0 0 2 0 3 0 3 0 1 1 0 0 3 0 1 1 0 0 0 0 1 0 0 0 2 0 0 0 0 1 0 0 3 0 3 0 3 0 2 1 0 0 0 0 2 0 0 0 2 0 1 1 0 0 2 0 2 0 1 0 3 0 2 0 3 0 1 0 1 0 1 1 0 0 1 0 2 0 2 0 0 1 0 0 2 0 0 0 0 0 2 0 0 1 0 0 1 1 0 0 2 1 0 0 3 0 0 0 2 0 2 0 0 0 1 0 1 1 0 0 3 0 0 0 1 0 3 0 2 0 1 0 0 1 0 0 1 0 1 0 1 0 2 0 1 0 0 1 0 1 0 0 2 0 0 0 1 0 3 0 2 0 2 0 2 0 0 1 0
1 375 1 0 2 0 1 0 3 0 1 0 1 0 3 0 3 0 2 1 0 0 0 1 0 0 3 0 0 0 1 0 3 0 3 0 3 0 0 1 0 0 1 0 3 0 1 0 0 1 0 0 2 0 1 0 1 0 0 1 0 1 0 0 1 0 2 1 0 0 2 0 2 0 0 1 0 0 3 0 0 1 0 0 1 0 1 0 3 0 1 0 2 0 1 1 0 0 2 0 3 0 3 0 1 0 0 1 0 0 3 0 2 0 1 0 0 0 0 0 0 0 1 0 2 1 0 0 2 0 1 1 0 0 2 1 0 0 3 0 2 1 0 0 0 1 0 1 0 0 1 0 1 0 2 1 0 1 0 0 2 0 2 0 1 0 3 0 0 0 1 0 1 0 0 0 0 0 2 1 0 0 1 0 0 0 2 0 1 0 0 0 3 0 0 0 2 0 3 0 0 0 0 0 0 0 3 0 1 0 0 0 3 0 3 0 0 0 0 0 1 1 0 1 0 0 0 0 2 0 0 1 0 0 1 0 1 1 0 0 2 0 3 0 3 0 1 1 0 0 0 1 0 0 2 0 0 0 0 0 0 0 0 0 0 1 0 0 3 0 1 0 2 0 3 0 2 0 3 0 3 0 2 0 0 0 0 0 2 0 3 0 3 0 0 0 0 1 0 0 2 0 3 0 2 1 0 0 1 0 0 0 1 0 2 0 0 0 0 0 1 0 2 1 0 0 0 0 1 0 1 0 3 0 2 0 0 0 3 0 1 0 3 0 1 0 2 0 2 1 0 0 3 0 1 1 0 0 3 0 3 0 0 0 3 0 2 0 1 0 1 0 0 0 2 0 2
0 375 2 1 0 1 0 0 2 0 3 0 3 0 2 0 3 0 1 1 0 0 1 1 0 0 1 0 1 0 3 0 2 0 3 0 2 0 2 0 3 0 2 0 1 0 3 0 1 0 3 0 3 0 2 0 2 0 1 1 0 0 3 0 2 0 1 0 0 0 0 0 0 0 2 1 0 0 1 0 2 0 3 0 1 0 3 0 1 1 0 0 1 0 0 0 0 0 0 0 3 0 2 0 3 0 1 1 0 0 2 0 0 0 3 0 0 0 0 0 0 0 3 0 1 0 0 0 0 0 0 0 0 0 1 0 0 0 2 0 1 1 0 0 1 1 0 0 3 0 1 0 3 0 1 0 0 1 0 0 0 0 0 1 0 0 2 0 1 0 2 0 2 0 0 0 1 0 0 1 0 0 2 0 0 1 0 0 3 0 1 0 1 0 2 0 0 0 2 0 1 0 0 0 1 0 1 0 3 0 1 0 2 0 2 0 1 0 0 1 0 0 0 0 2 1 0 1 0 0 2 0 3 0 1 1 0 0 0 0 0 0 3 0 2 1 0 1 0 0 1 0 3 0 3 0 0 0 0 0 0 0 0 0 1 1 0 0 1 1 0 0 1 0 3 0 1 0 3 0 3 0 0 0 1 0 1 0 0 0 3 0 2 0 1 0 1 1 0 0 0 0 3 0 1 1 0 0 2 0 0 0 2 1 0 0 1 0 0 0 3 0 0 1 0 0 0 0 2 0 3 0 2 0 0 0 2 0 1 1 0 0 2 1 0 0 1 0 2 0 0 0 2 0 0 0 0 0 2 0 2 0 2 0 2 0 0 0 3 0 2 0 1 0 0 0 1
1 377 1 0 1 0 0 1 0 0 0 0 3 0 3 0 1 0 2 1 0 1 0 0 3 0 3 0 1 0 3 0 2 0 1 0 3 0 1 0 1 0 3 0 0 1 0 0 2 1 0 0 3 0 3 0 1 0 1 0 0 0 0 0 2 0 0 0 3 0 0 0 0 0 1 0 0 1 0 0 3 0 0 0 2 1 0 0 2 1 0 1 0 0 2 0 0 0 0 0 1 0 2 0 1 0 2 1 0 1 0 1 0 0 2 0 1 0 1 0 0 0 1 0 1 0 3 0 0 0 0 0 0 0 0 0 2 0 0 1 0 1 0 1 0 1 0 0 0 0 1 1 0 0 2 0 3 0 1 0 2 1 0 0 1 0 3 0 3 0 3 0 0 0 0 0 1 0 2 0 1 0 3 0 3 0 1 1 0 0 1 0 3 0 2 1 0 0 1 1 0 0 3 0 0 0 2 0 3 0 1 1 0 0 1 0 0 0 3 0 1 0 3 0 0 0 1 0 0 1 0 0 0 0 2 1 0 1 0 0 0 0 1 0 2 0 2 0 0 0 3 0 2 0 2 0 2 0 1 0 0 0 0 0 0 0 3 0 3 0 2 0 3 0 2 0 1 1 0 0 3 0 2 0 1 0 2 0 2 0 1 0 2 0 0 0 3 0 3 0 3 0 0 0 1 1 0 1 0 1 0 0 2 0 0 1 0 0 2 0 1 0 1 0 2 0 3 0 0 0 0 0 3 0 0 0 2 0 0 0 0 0 0 0 0 1 0 0 2 1 0 0 1 1 0 0 1 0 1 0 0 0 1 0 1 0 0 0 2 0 2 0 0 0 3 0 0 0 2
0 377 2 0 2 0 1 0 3 0 0 0 2 0 2 1 0 0 2 0 0 1 0 0 2 0 2 1 0 0 3 0 0 1 0 0 2 0 3 0 3 0 1 0 2 1 0 0 1 0 0 0 2 0 2 0 3 0 2 0 0 0 0 1 0 0 2 0 1 0 1 0 0 0 2 0 1 1 0 0 1 0 2 0 1 0 0 0 1 0 0 0 3 0 3 0 0 0 0 0 2 1 0 1 0 0 2 0 0 1 0 0 3 0 3 0 2 0 2 0 0 0 2 0 3 0 1 0 1 0 0 0 0 0 0 1 0 0 2 1 0 1 0 1 0 0 2 1 0 1 0 0 0 0 0 0 2 1 0 0 1 1 0 0 3 0 2 0 3 0 2 0 1 0 0 0 2 1 0 1 0 0 3 0 2 1 0 1 0 0 3 0 2 0 1 1 0 1 0 0 0 0 1 0 2 0 0 0 2 1 0 1 0 0 2 0 1 0 1 1 0 0 2 0 1 0 2 0 1 0 3 0 0 0 1 0 0 0 2 1 0 0 3 0 0 0 0 0 2 0 2 0 1 0 1 0 0 0 3 0 0 0 0 0 1 0 2 0 3 0 1 0 3 0 1 0 0 0 0 0 2 0 0 1 0 0 1 0 0 1 0 0 0 0 2 0 2 0 3 0 2 0 1 1 0 0 0 1 0 0 3 0 3 0 1 0 3 0 3 0 2 0 3 0 0 0 2 0 1 0 1 0 1 0 1 1 0 0 1 0 0 0 0 0 1 1 0 0 0 1 0 0 3 0 3 0 1 0 2 0 0 0 2 0 2 0 1 0 0 0 0 0 2 0 1 0 2 0 0
0 379 1 0 0 0 0 1 0 0 2 0 2 0 0 0 1 1 0 1 0 0 2 1 0 0 0 0 2 0 0 0 1 0 2 1 0 0 0 0 3 0 2 1 0 0 1 1 0 0 2 0 1 0 0 0 1 0 3 0 0 0 1 0 1 0 3 0 3 0 2 0 2 0 0 1 0 1 0 1 0 0 2 1 0 0 3 0 0 0 2 0 1 0 2 0 2 0 1 0 1 0 1 0 0 0 3 0 3 0 1 1 0 0 2 0 3 0 1 0 0 0 2 0 0 0 2 0 3 0 2 0 0 0 0 0 1 1 0 0 1 0 0 1 0 1 0 0 1 0 0 0 2 1 0 0 1 0 0 1 0 1 0 0 0 0 2 0 1 0 3 0 0 0 3 0 1 0 1 0 0 1 0 0 2 0 2 0 0 1 0 0 2 0 1 0 0 0 0 0 2 1 0 0 2 1 0 0 2 0 1 0 0 0 3 0 3 0 2 0 3 0 3 0 3 0 2 1 0 1 0 0 2 0 1 0 2 0 1 0 1 0 0 0 1 0 1 0 1 0 0 0 0 0 3 0 2 0 1 0 1 0 1 0 0 0 3 0 0 0 2 1 0 0 2 0 3 0 0 0 0 1 0 0 2 0 3 0 1 0 1 0 3 0 0 0 0 0 1 0 3 0 0 1 0 1 0 0 1 1 0 0 2 0 2 1 0 0 3 0 3 0 1 0 2 0 1 1 0 0 3 0 2 0 2 0 3 0 3 0 1 0 0 0 0 0 3 0 3 0 0 1 0 0 2 0 2 1 0 0 0 0 2 0 0 0 0 0 3 0 0 0 0 1 0 1 0 0 0 0 1
1 379 2 0 0 0 1 1 0 0 0 0 0 0 1 1 0 0 0 1 0 0 0 1 0 0 0 1 0 0 1 0 3 0 0 1 0 0 1 0 2 0 1 1 0 0 3 0 3 0 3 0 2 0 0 0 3 0 1 0 1 0 2 0 3 0 2 0 3 0 1 0 0 0 2 1 0 1 0 1 0 0 1 0 0 0 1 0 1 1 0 1 0 0 1 0 0 0 3 0 2 0 2 0 1 0 2 0 3 0 0 0 0 0 0 0 2 0 3 0 0 1 0 0 2 0 0 0 3 0 0 0 1 0 0 0 3 0 3 0 1 0 1 1 0 0 3 0 1 0 1 0 0 1 0 0 2 0 1 1 0 0 2 1 0 1 0 1 0 0 2 0 2 0 1 0 3 0 2 0 1 1 0 0 0 0 0 0 2 0 3 0 3 0 2 0 0 0 1 0 1 0 0 0 0 1 0 1 0 0 3 0 1 0 2 0 3 0 1 0 3 0 3 0 3 0 2 0 0 0 3 0 3 0 2 1 0 0 3 0 2 0 0 0 2 0 2 0 2 0 0 0 1 0 2 0 0 0 3 0 2 0 2 0 1 0 1 0 2 0 1 0 0 0 0 0 2 0 1 0 1 1 0 0 0 0 2 0 3 0 3 0 1 0 1 0 0 0 3 0 1 0 2 1 0 0 3 0 2 1 0 0 0 0 2 0 0 0 2 0 2 1 0 0 1 0 0 0 0 0 2 0 1 0 1 0 3 0 2 0 3 0 0 0 1 0 2 0 2 0 2 1 0 0 0 0 1 1 0 0 0 1 0 0 1 0 1 0 1 0 1 0 1 1 0 0 2 1 0 0 2
0 380 1 0 0 1 0 3 0 2 1 0 0 0 0 3 0 3 0 0 0 3 0 0 0 3 0 0 0 3 0 2 0 1 0 2 0 3 0 2 0 0 0 0 0 0 0 2 0 3 0 3 0 0 0 2 0 1 0 3 0 3 0 0 0 3 0 1 0 2 0 3 0 1 0 1 0 0 1 0 0 3 0 1 0 0 0 2 1 0 0 0 0 3 0 1 0 1 0 2 0 1 0 0 1 0 0 1 0 2 0 1 0 0 0 1 0 0 0 2 0 2 0 3 0 3 0 1 0 1 0 1 0 2 0 1 0 2 0 2 1 0 0 0 0 0 0 1 0 3 0 2 0 1 1 0 0 0 0 0 0 0 0 1 0 0 1 0 1 0 0 0 0 0 1 0 0 3 0 0 1 0 1 0 0 0 0 1 0 0 0 3 0 3 0 0 0 1 0 2 0 2 0 0 0 1 1 0 1 0 0 1 1 0 0 1 0 2 1 0 0 3 0 3 0 3 0 0 0 2 0 2 0 3 0 2 0 0 0 2 0 0 0 2 0 0 0 1 0 0 0 1 0 2 1 0 0 2 0 2 0 1 0 0 0 3 0 2 1 0 0 3 0 0 0 0 1 0 0 3 0 3 0 3 0 0 0 0 0 3 0 2 0 3 0 2 0 1 0 1 1 0 0 2 0 0 0 2 0 1 1 0 0 0 1 0 0 2 0 0 0 1 1 0 0 2 0 0 0 0 1 0 0 3 0 3 0 2 0 1 0 2 0 1 0 3 0 0 0 1 0 1 1 0 0 0 0 3 0 3 0 0 0 3 0 1 0 2 0 2 0 2 1 0 0 0 0 1 0 0 0 0
0 381 1 0 3 0 2 0 2 0 1 1 0 0 1 0 2 0 2 0 2 0 1 0 2 0 1 0 2 0 2 0 0 1 0 0 1 0 3 0 0 0 1 0 0 0 1 0 0 0 3 0 2 0 1 1 0 1 0 0 3 0 2 0 2 0 1 1 0 0 1 0 2 0 3 0 2 0 1 1 0 0 1 0 3 0 1 0 0 1 0 0 1 0 1 0 3 0 2 1 0 0 3 0 1 0 3 0 1 1 0 0 3 0 0 0 2 0 1 0 0 0 1 0 3 0 2 0 3 0 2 0 2 1 0 1 0 0 1 0 1 1 0 0 0 0 0 0 3 0 2 0 0 1 0 1 0 0 0 0 0 0 0 0 2 0 1 1 0 0 2 1 0 0 1 1 0 0 1 0 2 1 0 0 2 1 0 0 2 0 1 0 2 0 2 0 1 0 3 0 0 0 0 0 1 1 0 0 0 0 3 0 2 0 3 0 2 0 1 0 0 0 2 0 3 0 2 0 2 0 0 0 1 0 3 0 0 0 1 1 0 0 1 1 0 0 1 0 2 0 0 0 3 0 1 0 0 0 0 0 0 0 3 0 1 0 2 0 2 0 0 0 1 0 1 0 1 1 0 0 2 0 3 0 2 0 1 0 1 0 2 0 1 0 3 0 0 0 3 0 3 0 3 0 3 0 0 1 0 1 0 1 0 0 1 0 3 0 3 0 0 0 3 0 3 0 3 0 0 0 1 1 0 0 2 0 3 0 0 1 0 0 0 1 0 0 2 0 1 0 2 0 3 0 3 0 0 0 2 0 2 0 2 0 1 1 0 0 1 0 1 0 1 1 0 0 0 0 2 0 0 0 0
0 381 3 0 2 0 1 0 0 1 0 1 0 0 3 0 0 0 1 0 0 1 0 0 0 1 0 0 1 0 0 0 2 0 3 0 2 0 1 0 1 0 2 0 0 0 2 0 1 0 2 0 1 0 0 0 0 1 0 0 2 0 1 0 0 1 0 1 0 0 3 0 0 0 3 0 0 1 0 1 0 0 3 0 1 0 3 0 1 0 3 0 1 0 3 0 2 0 2 0 0 0 1 1 0 0 3 0 0 0 0 0 1 0 1 1 0 0 3 0 0 0 3 0 2 0 1 0 3 0 1 0 2 0 0 0 3 0 1 0 3 0 2 1 0 0 1 0 2 0 0 0 2 1 0 0 2 1 0 0 0 0 1 0 0 0 0 0 0 0 0 1 0 0 3 0 3 0 2 0 1 0 0 0 0 1 0 1 0 1 0 0 1 0 0 1 0 0 2 0 1 0 0 0 3 0 3 0 0 0 2 0 1 0 3 0 0 0 3 0 1 0 0 0 3 0 1 0 0 0 1 0 3 0 1 0 1 0 3 0 3 0 2 0 3 0 1 1 0 0 2 0 1 0 3 0 0 0 0 0 1 0 1 1 0 0 1 0 0 0 1 0 2 0 2 1 0 0 0 0 0 0 3 0 0 0 3 0 2 1 0 1 0 0 2 0 2 0 2 0 3 0 3 0 2 0 2 1 0 1 0 0 3 0 2 0 2 0 2 0 2 0 2 0 3 0 2 0 1 1 0 0 0 0 0 0 2 0 2 0 3 0 0 0 3 0 3 0 3 0 0 0 3 0 2 0 2 0 0 0 1 0 0 1 0 1 0 0 2 0 2 0 3 0 2 1 0 1 0 0 1 0 0
0 383 1 0 2 0 0 0 3 0 1 1 0 1 0 0 1 0 1 0 2 0 1 0 3 0 0 0 3 0 1 0 1 0 0 0 3 0 0 0 3 0 2 1 0 0 1 1 0 1 0 0 0 0 3 0 0 0 1 0 3 0 3 0 2 0 1 1 0 1 0 0 1 0 2 0 1 0 2 1 0 1 0 0 1 1 0 0 2 1 0 0 2 1 0 0 3 0 1 0 0 0 1 1 0 0 0 0 1 0 1 0 0 0 2 1 0 0 0 0 1 0 2 0 2 0 0 1 0 0 2 1 0 0 0 0 2 0 1 1 0 0 3 0 1 1 0 0 2 1 0 0 2 0 1 0 0 0 0 1 0 0 0 0 2 0 0 0 0 0 0 0 1 1 0 0 2 0 3 0 0 0 3 0 0 0 1 1 0 1 0 0 3 0 1 0 1 0 3 0 3 0 2 0 1 0 2 0 2 0 1 1 0 1 0 0 2 0 2 0 1 0 3 0 1 0 1 0 3 0 0 0 3 0 1 0 3 0 3 0 2 0 3 0 1 0 2 1 0 1 0 1 0 1 0 0 2 0 1 0 0 0 2 0 3 0 3 0 1 0 0 0 3 0 0 0 1 1 0 0 0 0 1 0 1 0 2 0 2 0 2 0 0 1 0 0 0 0 1 0 1 0 3 0 3 0 1 0 2 0 0 1 0 0 2 0 1 0 1 0 1 0 1 0 1 0 3 0 0 1 0 1 0 0 0 0 1 0 0 0 1 0 2 0 2 0 2 0 3 0 2 0 2 0 2 0 1 0 0 0 1 0 2 0 1 1 0 1 0 0 0 0 1 0 3 0 2 0 0 0 3 0 1 0 0
0 383 2 1 0 0 2 0 2 0 0 0 0 0 3 0 1 0 2 1 0 1 0 0 2 0 2 0 1 0 3 0 2 0 1 0 1 0 2 0 2 0 1 1 0 1 0 0 0 0 3 0 0 0 1 0 1 0 3 0 2 0 3 0 1 0 0 0 0 0 3 0 1 1 0 1 0 0 2 0 0 0 3 0 2 1 0 0 1 0 0 0 1 0 0 0 1 0 3 0 0 0 3 0 2 1 0 0 2 0 2 0 1 0 0 1 0 0 0 0 3 0 0 0 0 0 2 1 0 0 0 1 0 0 1 0 0 0 0 0 0 0 2 0 0 0 0 0 0 1 0 1 0 0 3 0 0 0 1 0 2 1 0 1 0 0 1 0 0 0 0 1 0 0 0 0 0 0 2 0 2 0 1 0 1 1 0 0 0 1 0 0 1 0 3 0 3 0 2 0 3 0 0 1 0 0 1 0 1 0 0 0 0 1 0 0 0 0 0 1 0 0 2 0 3 0 3 0 1 0 2 0 1 1 0 0 3 0 3 0 1 0 2 1 0 0 2 0 0 1 0 1 0 0 3 0 3 0 2 0 1 0 0 0 3 0 2 0 3 0 1 0 1 0 1 0 3 0 2 1 0 0 2 0 3 0 0 0 1 0 0 0 2 0 2 1 0 0 2 0 3 0 2 0 2 1 0 0 0 0 2 0 3 0 3 0 2 0 2 0 2 0 2 0 3 0 1 0 2 1 0 0 2 1 0 0 2 0 0 0 3 0 0 0 1 0 1 0 3 0 1 0 1 0 0 0 3 0 0 0 3 0 0 0 0 0 0 0 2 1 0 0 3 0 2 0 0 0 2 0 1 0 3 0 0
0 385 1 0 1 0 0 0 0 0 0 0 1 0 1 0 1 1 0 0 2 0 0 1 0 0 0 0 0 1 0 0 3 0 0 0 3 0 3 0 0 0 1 0 0 0 0 0 3 0 0 0 1 0 1 0 2 0 3 0 2 0 1 0 2 0 3 0 0 0 1 0 2 0 0 0 0 0 3 0 3 0 1 0 2 0 1 1 0 0 2 0 0 0 2 0 0 0 3 0 1 0 2 0 2 0 2 0 0 0 0 0 0 0 3 0 1 0 3 0 0 0 1 0 1 0 1 0 0 1 0 0 1 0 3 0 1 0 0 0 0 0 0 1 0 0 1 0 0 0 1 1 0 1 0 0 1 0 1 0 3 0 1 0 0 0 3 0 1 0 0 0 1 0 2 1 0 0 1 0 0 0 0 0 3 0 3 0 3 0 0 0 3 0 2 0 2 0 3 0 1 0 2 0 2 0 3 0 1 0 2 0 0 0 1 0 2 1 0 0 1 1 0 0 0 0 3 0 2 1 0 0 1 0 0 0 0 0 2 0 2 1 0 0 1 1 0 1 0 0 2 1 0 1 0 0 2 0 3 0 0 0 3 0 1 0 2 0 1 0 2 0 3 0 2 0 3 0 2 0 2 0 0 0 0 0 2 0 1 0 2 0 1 0 0 0 2 0 0 0 0 0 3 0 1 0 1 1 0 0 1 0 0 0 3 0 3 0 1 0 1 0 1 0 1 0 2 1 0 0 2 0 0 0 0 1 0 1 0 0 2 0 1 0 1 0 2 0 3 0 1 0 3 0 2 0 1 0 1 0 2 0 1 0 1 0 0 0 1 0 1 0 0 0 2 0 0 0 1 1 0 1 0 0 2 0 1
1 385 2 0 2 0 0 0 0 0 0 0 2 0 2 0 3 0 3 0 3 0 1 0 2 1 0 0 1 1 0 0 1 0 2 0 2 0 2 0 1 0 2 0 0 0 1 0 1 0 1 0 2 0 3 0 0 0 3 0 0 1 0 0 1 0 2 0 1 0 2 1 0 0 1 0 1 0 2 0 2 1 0 0 0 1 0 1 0 1 0 0 1 1 0 0 2 0 1 1 0 0 1 0 1 0 0 0 1 0 0 0 1 0 1 1 0 0 2 0 1 0 2 0 2 0 2 0 1 0 3 0 2 0 1 0 3 0 0 0 0 0 1 0 3 0 1 0 0 1 0 0 0 0 3 0 1 0 3 0 1 0 3 0 1 0 1 0 3 0 0 0 3 0 0 1 0 0 2 0 0 0 1 0 2 0 3 0 2 0 2 0 2 0 1 0 1 0 2 1 0 0 1 0 1 0 2 1 0 0 0 0 1 0 3 0 0 1 0 0 3 0 3 0 0 0 2 0 1 1 0 0 2 0 0 0 1 0 0 0 1 1 0 1 0 0 0 1 0 0 1 0 0 1 0 0 0 0 2 0 2 0 1 1 0 0 0 1 0 0 1 0 3 0 1 0 3 0 1 0 0 0 1 0 0 1 0 1 0 0 0 0 3 0 0 1 0 0 1 0 1 0 1 0 3 0 3 0 3 0 1 0 1 0 2 0 2 0 3 0 2 0 2 0 3 0 0 1 0 1 0 0 1 0 1 1 0 0 3 0 3 0 2 0 3 0 0 0 2 1 0 0 3 0 0 0 3 0 2 1 0 0 3 0 2 0 0 0 2 0 2 0 0 1 0 0 1 1 0 0 0 0 3 0 3 0 2
0 387 1 0 0 0 0 0 1 0 0 0 1 0 0 0 1 0 3 0 3 0 2 1 0 0 1 1 0 0 3 0 3 0 2 0 0 0 1 0 0 1 0 0 0 0 1 0 2 0 2 0 3 0 0 0 2 0 2 0 1 0 2 0 3 0 1 1 0 1 0 0 1 1 0 0 2 0 3 0 0 0 1 1 0 0 1 1 0 1 0 0 3 0 2 0 3 0 3 0 3 0 3 0 1 0 2 0 0 0 2 0 0 0 2 0 3 0 3 0 3 0 3 0 0 0 1 0 0 1 0 0 3 0 0 1 0 0 2 0 1 0 0 0 3 0 1 0 3 0 1 0 3 0 0 0 1 1 0 0 2 1 0 0 2 0 3 0 3 0 1 0 2 0 1 0 2 0 3 0 3 0 0 0 3 0 0 0 3 0 1 0 1 0 0 0 3 0 3 0 0 1 0 0 2 0 3 0 0 1 0 0 0 0 3 0 1 0 2 1 0 0 2 0 2 0 1 1 0 1 0 1 0 1 0 0 1 0 2 0 0 1 0 0 0 0 3 0 0 0 3 0 1 0 1 0 3 0 0 0 0 0 0 1 0 1 0 0 1 0 3 0 2 0 1 1 0 0 2 0 3 0 0 0 2 0 1 1 0 0 3 0 0 0 1 0 2 0 3 0 1 0 2 0 3 0 2 0 3 0 2 0 3 0 3 0 0 0 1 0 3 0 1 0 1 0 2 0 2 1 0 0 3 0 1 1 0 0 0 0 2 0 3 0 1 0 2 0 2 0 1 0 0 0 1 0 2 0 2 0 2 0 0 0 2 0 0 0 2 0 0 0 0 0 2 0 3 0 2 0 3 0 0 0 2 0 3 0 1
1 387 2 0 0 0 0 0 2 0 0 0 2 0 0 0 3 0 2 0 3 0 1 1 0 1 0 0 0 0 2 0 3 0 0 0 1 0 2 0 1 0 2 1 0 0 3 0 0 0 1 0 2 0 2 0 0 0 0 1 0 0 1 0 3 0 0 0 0 0 3 0 2 1 0 0 0 0 2 0 1 0 3 0 3 0 2 1 0 1 0 0 2 0 1 0 3 0 3 0 3 0 2 1 0 0 0 0 1 1 0 0 2 0 0 0 3 0 3 0 3 0 2 0 1 0 2 0 1 1 0 0 1 0 2 0 3 0 3 0 2 0 1 0 1 1 0 0 2 1 0 0 2 0 1 1 0 0 0 0 1 0 0 0 0 0 3 0 2 1 0 0 0 1 0 0 1 0 3 0 2 0 2 0 1 0 2 0 1 0 3 0 2 0 1 0 2 0 2 0 2 1 0 0 0 0 2 0 2 0 3 0 0 0 1 1 0 0 2 0 0 0 0 0 1 0 0 0 0 1 0 1 0 0 3 0 1 1 0 0 2 0 3 0 0 0 1 0 2 0 1 0 3 0 3 0 1 0 1 0 0 0 1 1 0 0 3 0 2 0 2 0 1 0 0 0 0 0 0 0 2 0 2 0 0 0 0 0 0 0 1 0 1 0 3 0 0 0 2 1 0 0 1 0 3 0 1 0 3 0 1 0 3 0 2 0 1 0 3 0 1 0 3 0 3 0 0 0 2 0 0 0 1 1 0 1 0 0 1 0 0 0 2 1 0 0 1 0 0 0 3 0 0 0 3 0 0 0 1 0 0 0 1 1 0 0 1 1 0 0 1 0 1 0 0 0 3 0 1 0 2 0 2 0 0 0 2 1 0
1 388 1 0 0 1 0 0 1 0 0 1 1 0 0 2 0 2 0 1 0 3 0 0 0 0 0 3 0 0 0 0 0 2 0 1 0 2 1 0 1 0 0 2 0 0 0 1 0 1 0 3 0 0 0 0 0 1 0 1 0 3 0 2 0 1 0 1 0 1 0 2 0 1 1 0 0 0 1 0 1 0 0 3 0 3 0 2 0 0 0 3 0 3 0 3 0 2 0 3 0 3 0 1 1 0 0 0 0 3 0 3 0 3 0 1 0 2 0 3 0 3 0 0 1 0 0 0 1 0 1 0 0 3 0 0 0 3 0 3 0 0 1 0 0 0 0 0 0 0 1 0 1 0 1 0 1 0 0 0 0 2 0 0 0 1 0 2 0 1 1 0 0 1 0 3 0 2 0 2 0 1 0 0 1 0 0 0 1 0 0 3 0 0 1 0 0 1 0 1 0 1 1 0 0 1 0 0 0 1 0 2 0 1 0 3 0 3 0 3 0 0 0 0 0 2 0 0 0 1 1 0 1 0 0 2 0 0 0 0 0 0 0 2 0 1 0 2 1 0 1 0 0 3 0 2 0 3 0 2 0 0 1 0 0 0 0 2 0 1 0 0 0 3 0 0 0 0 0 1 0 0 0 0 0 1 0 0 0 0 0 2 0 3 0 1 0 2 0 0 1 0 0 3 0 1 1 0 0 2 1 0 0 3 0 0 1 0 0 2 1 0 0 3 0 2 0 1 1 0 0 1 1 0 0 0 0 3 0 1 0 1 0 0 1 0 0 2 0 1 0 1 0 2 0 1 0 1 0 2 0 0 0 3 0 3 0 2 0 3 0 1 0 2 0 1 0 1 1 0 0 1 0 0 0 2 0 0 1 0
1 389 1 0 3 0 1 0 1 0 3 0 2 1 0 0 0 0 0 1 0 0 2 0 1 0 1 0 1 0 1 0 0 1 0 1 0 0 2 0 0 0 3 0 3 0 0 0 2 0 3 0 1 0 1 0 0 0 2 0 3 0 2 0 0 0 3 0 2 0 2 1 0 1 0 1 0 0 1 1 0 1 0 0 2 0 3 0 0 0 2 0 2 0 3 0 3 0 1 0 3 0 2 1 0 1 0 0 1 0 2 0 3 0 2 1 0 0 1 0 3 0 2 0 2 0 3 0 0 1 0 1 0 0 1 0 2 0 2 0 2 0 2 0 2 1 0 0 0 0 1 1 0 1 0 1 0 0 2 1 0 1 0 0 1 0 2 1 0 1 0 1 0 0 3 0 2 0 1 0 0 0 3 0 1 0 3 0 0 1 0 0 1 0 2 0 3 0 1 0 2 0 3 0 3 0 1 0 0 0 2 1 0 1 0 0 3 0 3 0 2 0 1 0 0 1 0 0 1 1 0 0 0 0 3 0 3 0 0 0 0 0 0 1 0 1 0 0 2 0 0 1 0 0 2 0 1 0 3 0 0 0 2 0 2 1 0 1 0 0 3 0 1 0 1 0 1 0 0 0 2 0 0 0 0 0 2 0 0 0 1 0 0 0 2 1 0 0 0 0 2 1 0 0 2 0 0 0 0 0 1 0 0 0 1 0 2 1 0 0 1 0 0 0 2 0 0 1 0 1 0 0 3 0 3 0 0 0 1 0 3 0 2 0 1 0 3 0 3 0 2 0 2 1 0 0 3 0 2 1 0 0 2 0 2 0 3 0 1 0 2 1 0 0 0 0 3 0 3 0 3 0 1 0 0 1 0 0 2 0 2
0 389 3 0 1 0 3 0 3 0 2 0 1 1 0 0 0 0 1 0 3 0 3 0 2 0 2 0 2 0 2 0 1 1 0 0 3 0 3 0 1 0 2 0 2 0 2 0 0 0 2 0 3 0 2 0 1 0 0 0 3 0 0 0 2 0 2 0 1 0 2 0 0 1 0 0 3 0 2 1 0 1 0 0 0 0 2 0 2 0 0 0 1 0 3 0 2 1 0 0 3 0 2 0 0 0 3 0 2 0 0 0 3 0 1 1 0 0 3 0 2 0 1 0 1 0 2 0 2 1 0 0 3 0 2 0 0 0 1 0 1 0 1 0 1 1 0 0 0 1 0 0 0 1 0 1 0 0 1 0 0 0 3 0 2 0 1 0 0 1 0 1 0 0 2 0 0 0 3 0 1 0 1 1 0 0 2 0 2 0 3 0 2 0 0 0 2 1 0 0 1 0 3 0 2 0 3 0 1 0 1 0 0 1 0 0 2 0 3 0 0 0 3 0 1 0 3 0 2 0 3 0 0 0 2 0 2 0 1 0 0 0 1 1 0 0 3 0 3 0 1 0 3 0 3 0 3 0 1 0 2 0 0 0 2 0 0 1 0 0 1 0 3 0 2 0 2 0 0 1 0 0 1 0 0 1 0 0 1 0 2 0 1 0 0 1 0 0 1 0 0 1 0 1 0 0 1 0 0 0 2 0 0 0 3 0 0 1 0 0 2 0 0 1 0 0 2 1 0 1 0 0 2 0 2 0 1 0 3 0 2 0 0 1 0 0 3 0 3 0 1 0 2 0 0 0 2 0 2 0 0 0 0 0 1 0 2 1 0 0 1 1 0 0 1 0 2 0 3 0 2 0 3 0 1 1 0 0 0 0 1
1 391 1 0 1 1 0 0 3 0 3 0 0 1 0 1 0 0 0 0 3 0 2 0 3 0 1 0 1 0 1 0 1 0 0 0 0 0 2 0 2 1 0 0 1 0 1 0 0 0 2 0 0 0 3 0 0 0 3 0 1 0 1 0 2 0 0 0 0 1 0 0 0 0 2 1 0 0 2 0 2 0 0 0 3 0 0 0 0 0 0 0 1 0 3 0 2 0 2 0 0 0 2 0 0 0 2 0 2 0 0 0 2 0 2 0 0 0 0 0 2 0 0 0 3 0 3 0 0 0 2 0 0 0 2 0 0 0 1 0 2 0 2 0 2 0 3 0 3 0 0 0 3 0 0 1 0 0 3 0 1 0 1 0 2 0 0 0 3 0 1 1 0 0 3 0 3 0 1 0 1 1 0 0 0 0 0 0 0 0 1 0 3 0 0 0 2 0 0 1 0 0 3 0 2 0 1 0 2 0 3 0 2 0 1 1 0 0 0 0 2 0 2 0 1 1 0 0 3 0 1 0 2 0 2 0 0 0 0 0 3 0 0 1 0 0 0 0 2 0 2 1 0 0 3 0 3 0 2 1 0 0 0 0 1 1 0 0 2 0 3 0 2 0 2 0 1 0 0 0 2 0 3 0 1 0 1 0 3 0 1 1 0 0 3 0 1 0 3 0 1 0 1 1 0 0 3 0 1 0 0 1 0 0 2 0 1 0 2 0 3 0 3 0 1 1 0 0 1 0 0 1 0 0 0 0 0 1 0 0 3 0 0 0 2 1 0 0 2 0 2 1 0 0 0 0 2 0 0 0 0 0 1 0 0 0 3 0 0 1 0 0 3 0 3 0 2 0 0 0 3 0 1 0 2 1 0 1 0 0 0 0 2
0 391 2 1 0 0 0 0 2 0 2 0 2 1 0 0 3 0 0 0 2 0 1 0 2 0 3 0 2 0 2 0 2 0 0 0 1 0 0 0 1 1 0 0 2 0 2 0 0 1 0 0 2 0 1 0 2 0 1 0 3 0 2 1 0 0 1 0 1 0 3 0 0 0 1 0 0 0 0 0 0 0 2 0 1 0 1 0 0 0 0 0 3 0 2 0 1 0 0 0 1 1 0 0 2 0 0 0 0 0 2 0 0 0 0 0 1 0 0 1 0 0 2 0 2 0 2 0 1 1 0 0 1 1 0 0 1 0 3 0 0 0 1 0 1 0 3 0 2 0 2 0 1 0 2 1 0 0 1 0 3 0 2 1 0 0 2 0 2 0 0 0 0 0 2 0 2 0 3 0 3 0 2 1 0 0 0 0 0 0 3 0 1 0 1 1 0 0 2 1 0 0 2 0 0 1 0 0 1 0 3 0 0 1 0 1 0 0 1 0 0 0 1 0 0 0 0 0 1 1 0 0 1 0 0 0 1 0 1 0 1 0 2 0 3 0 0 0 0 0 2 0 0 0 2 0 3 0 1 1 0 0 0 1 0 0 0 0 0 0 3 0 1 0 0 0 3 0 1 0 0 0 2 0 3 0 3 0 2 0 0 0 0 0 1 1 0 0 2 1 0 0 0 0 0 0 1 0 3 0 1 0 3 0 3 0 3 0 0 0 3 0 2 1 0 1 0 0 2 0 1 0 2 1 0 0 1 1 0 0 1 0 2 0 1 0 0 0 0 0 1 1 0 0 0 1 0 0 1 0 0 0 2 0 1 0 1 0 2 1 0 0 2 0 3 0 0 0 2 0 1 1 0 0 2 0 0 0 3 0 0 0 0
0 393 1 0 0 1 0 0 1 0 0 0 1 0 2 0 0 0 1 0 1 1 0 1 0 0 1 0 3 0 1 0 1 0 0 0 1 0 2 0 0 1 0 0 0 0 0 0 0 0 2 0 3 0 3 0 2 1 0 1 0 0 3 0 1 1 0 0 2 0 3 0 1 0 1 0 2 0 0 0 0 0 0 1 0 0 3 0 2 0 0 0 1 0 2 0 0 0 3 0 0 0 3 0 3 0 3 0 0 0 0 1 0 0 1 0 0 0 2 0 1 1 0 0 0 0 1 0 0 1 0 1 0 0 3 0 3 0 2 0 1 0 1 0 2 0 3 0 2 0 1 0 0 1 0 0 1 1 0 0 3 0 2 0 2 0 0 0 0 0 0 0 1 0 1 0 0 0 1 0 3 0 3 0 1 1 0 0 0 0 1 0 1 1 0 0 0 0 0 0 0 1 0 1 0 0 2 0 3 0 2 0 1 0 2 1 0 0 3 0 1 0 0 0 2 0 0 0 0 0 3 0 3 0 1 0 0 0 2 0 2 0 3 0 0 0 2 0 1 0 0 1 0 0 2 0 0 0 2 1 0 1 0 0 1 0 2 1 0 0 1 0 1 0 3 0 1 0 1 0 3 0 1 0 0 0 3 0 3 0 0 0 1 0 0 1 0 0 0 0 0 1 0 0 0 0 0 0 3 0 1 1 0 0 3 0 3 0 2 0 2 0 2 0 2 0 0 0 3 0 3 0 3 0 0 1 0 0 3 0 3 0 1 1 0 0 3 0 0 0 0 0 3 0 3 0 0 0 3 0 1 0 0 1 0 0 3 0 3 0 1 0 0 0 0 0 2 0 1 1 0 1 0 1 0 1 0 0 2 0 1 0 1 0 0
0 393 2 0 1 0 3 0 1 0 0 0 2 1 0 0 1 0 2 1 0 0 0 0 3 0 2 0 1 0 3 0 2 0 0 0 2 1 0 0 2 0 2 1 0 0 0 0 1 0 0 0 3 0 3 0 2 0 0 1 0 0 2 0 0 0 0 0 0 0 2 0 3 0 2 1 0 0 1 0 0 0 1 1 0 0 2 0 0 0 1 0 2 1 0 0 2 0 1 0 2 0 2 0 3 0 2 0 1 0 1 0 3 0 1 0 0 1 0 1 0 1 0 0 0 0 2 0 1 1 0 1 0 0 2 0 3 0 0 0 3 0 3 0 0 0 3 0 0 0 3 0 1 0 3 0 2 1 0 0 2 0 1 0 0 0 1 0 0 0 0 0 2 0 2 0 0 0 3 0 2 0 2 1 0 1 0 0 0 0 2 0 3 0 2 1 0 0 0 0 1 1 0 1 0 0 0 0 3 0 0 1 0 0 2 0 0 0 1 0 3 0 0 1 0 0 1 0 1 0 2 0 2 0 3 0 1 0 0 0 1 0 2 0 1 1 0 0 3 0 1 0 3 0 3 0 1 0 1 0 0 0 3 0 2 0 0 1 0 0 2 0 3 0 1 0 3 0 3 0 1 0 3 0 1 0 2 0 2 0 1 0 2 0 1 0 2 1 0 0 1 0 2 1 0 0 1 0 2 0 0 0 0 0 2 0 3 0 1 0 1 0 1 0 0 0 2 0 2 0 3 0 2 0 2 1 0 0 2 0 3 0 0 0 0 0 1 0 1 0 1 0 2 0 2 0 2 0 1 0 3 0 1 1 0 0 2 0 2 0 3 0 0 0 1 0 0 0 0 0 0 1 0 1 0 0 3 0 3 0 2 0 2 0 0
0 394 1 0 1 0 0 2 0 3 0 1 0 0 1 0 0 3 0 0 1 0 0 1 0 2 0 0 1 0 0 3 0 0 0 2 0 1 0 0 0 0 0 1 1 0 0 0 0 2 0 1 0 2 0 3 0 0 0 2 0 3 0 3 0 0 0 0 0 1 0 0 0 3 0 1 1 0 0 2 0 0 0 3 0 3 0 3 0 0 0 3 0 0 1 0 1 0 1 0 0 1 0 1 0 3 0 0 0 3 0 3 0 1 0 3 0 1 1 0 1 0 0 3 0 0 0 0 0 0 0 0 1 0 0 0 0 2 0 2 0 2 0 2 0 2 0 1 0 2 0 1 1 0 0 3 0 1 1 0 1 0 0 3 0 0 0 2 0 0 0 1 0 0 0 0 0 2 0 2 0 1 0 2 0 0 0 3 0 0 0 0 0 3 0 1 1 0 0 0 1 0 0 0 0 3 0 0 0 1 0 2 0 3 0 3 0 0 0 3 0 1 0 2 0 3 0 1 0 3 0 0 0 1 0 2 0 3 0 0 0 3 0 0 0 0 0 0 0 1 1 0 0 3 0 2 0 3 0 2 0 1 0 2 0 0 0 2 1 0 0 0 0 2 1 0 0 3 0 2 1 0 0 2 1 0 0 1 0 0 1 0 0 0 1 0 0 1 1 0 0 3 0 0 1 0 0 2 1 0 0 1 0 1 0 0 0 2 0 3 0 2 0 2 0 1 0 0 0 1 0 3 0 1 0 2 0 0 0 0 0 2 0 1 0 0 0 2 0 2 0 3 0 0 0 1 0 0 1 0 0 3 0 0 0 0 0 0 0 1 0 2 0 1 0 2 0 0 0 0 0 1 1 0 1 0 0 2 0 3 0 1 0 0 0 1
1 395 1 1 0 1 0 0 0 0 2 0 3 0 1 1 0 0 1 0 2 0 3 0 1 1 0 0 2 1 0 0 1 0 1 1 0 0 3 0 0 0 0 0 3 0 2 1 0 1 0 1 0 0 1 0 2 0 2 0 0 0 3 0 2 0 1 0 0 0 2 0 1 0 1 1 0 1 0 1 0 0 2 0 2 0 3 0 2 0 2 0 1 0 2 1 0 1 0 0 3 0 1 0 3 0 1 0 2 0 2 0 2 1 0 0 3 0 0 0 0 1 0 0 1 0 1 0 0 0 0 0 1 0 3 0 0 0 0 0 1 0 1 0 1 0 0 1 0 0 1 0 0 0 0 0 2 0 0 0 0 1 0 0 1 0 1 1 0 0 1 0 2 0 0 0 1 0 0 0 0 1 0 0 0 0 2 0 1 0 1 0 1 0 1 1 0 1 0 0 1 0 3 0 0 0 1 0 1 0 3 0 0 0 3 0 2 0 2 0 1 1 0 0 1 0 2 1 0 0 2 0 1 0 3 0 0 0 2 0 2 0 1 0 1 0 0 0 0 1 0 0 0 0 2 0 1 0 3 0 0 1 0 0 0 0 2 0 0 1 0 0 1 0 1 0 0 0 2 0 2 0 0 0 0 1 0 0 2 0 1 0 3 0 0 0 3 0 2 1 0 0 1 0 2 1 0 0 0 1 0 0 2 0 2 0 1 0 0 0 3 0 1 0 0 0 3 0 0 0 3 0 1 1 0 0 0 0 1 0 0 1 0 0 3 0 1 0 0 0 1 0 2 0 1 0 2 0 1 1 0 0 1 0 1 0 0 0 0 0 2 1 0 1 0 0 0 0 1 0 0 1 0 0 0 1 0 0 0 0 2 0 3 0 0 0 2
0 396 1 0 0 0 0 3 0 0 0 0 0 2 1 0 1 0 0 3 0 0 0 3 0 0 0 0 0 0 1 0 0 2 1 0 0 0 0 1 0 1 0 1 0 2 0 2 0 0 1 0 0 3 0 2 0 0 0 0 0 2 0 2 0 0 0 3 0 0 1 0 1 0 0 0 0 0 1 0 1 0 0 0 0 1 0 3 0 1 0 0 1 0 0 2 0 0 1 0 0 1 1 0 0 2 1 0 0 1 0 1 0 2 0 0 0 1 0 1 0 1 0 3 0 1 0 2 0 0 0 0 0 3 0 1 0 1 0 0 0 2 0 2 0 2 0 1 0 3 0 1 0 0 0 0 1 0 0 1 0 1 0 3 0 1 0 3 0 3 0 1 1 0 0 1 0 2 0 0 0 1 0 2 1 0 1 0 0 3 0 2 0 2 1 0 0 0 0 3 0 2 0 1 0 1 0 2 0 3 0 1 0 2 0 2 0 1 0 0 1 0 1 0 0 3 0 0 1 0 1 0 1 0 0 2 0 2 0 0 0 0 0 3 0 2 0 0 0 1 0 2 1 0 1 0 1 0 0 2 0 2 0 2 1 0 1 0 0 2 0 3 0 1 0 2 0 1 0 0 0 0 0 1 0 1 0 3 0 3 0 3 0 1 0 2 0 2 0 1 1 0 0 3 0 0 1 0 0 1 1 0 0 0 0 0 0 3 0 1 0 1 0 3 0 1 0 1 0 2 0 1 1 0 1 0 0 0 0 2 0 1 1 0 0 1 0 3 0 0 0 2 1 0 1 0 0 0 1 0 1 0 0 2 0 2 0 0 0 1 0 1 0 0 0 2 1 0 0 2 0 1 0 3 0 0 0 3 0 0 0 0 0 2 0 2 0 0
0 397 1 0 3 0 0 0 1 0 1 0 1 0 1 0 0 1 0 0 1 0 2 0 1 0 1 0 0 0 1 1 0 0 0 1 0 0 0 0 2 0 2 0 3 0 0 0 0 0 2 1 0 0 2 0 0 0 1 0 1 0 0 0 0 0 2 0 1 0 2 1 0 0 2 1 0 0 1 1 0 0 2 1 0 0 3 0 1 0 3 0 1 0 3 0 3 0 1 0 3 0 2 1 0 0 0 1 0 0 2 0 2 1 0 0 1 0 2 0 2 0 3 0 1 1 0 0 0 0 1 0 1 0 1 0 3 0 2 0 1 0 0 0 1 0 0 1 0 0 2 0 3 0 0 0 1 0 3 0 1 0 3 0 1 1 0 0 3 0 2 1 0 1 0 0 2 1 0 0 1 0 3 0 1 0 0 1 0 0 2 0 1 0 1 1 0 0 1 0 2 0 0 0 3 0 3 0 0 0 2 1 0 0 1 0 0 0 3 0 1 1 0 1 0 0 1 0 2 1 0 1 0 1 0 0 0 0 0 0 1 0 1 0 2 0 0 0 1 0 3 0 1 0 0 1 0 1 0 0 0 0 1 0 2 0 0 1 0 0 0 0 2 1 0 0 0 0 3 0 0 0 0 0 2 0 3 0 2 0 3 0 2 1 0 0 1 0 1 0 0 0 0 0 1 0 2 0 3 0 2 0 2 1 0 0 1 0 1 0 3 0 3 0 1 0 3 0 3 0 0 0 0 0 0 0 2 1 0 1 0 1 0 1 0 0 3 0 1 0 2 0 1 0 0 0 3 0 0 1 0 1 0 0 0 0 0 0 1 0 2 0 2 0 1 0 0 1 0 1 0 1 0 0 2 0 2 0 1 0 1 0 1 0 0 0 0 0 1
1 397 3 0 1 0 1 0 2 0 2 0 2 0 2 0 1 0 3 0 1 1 0 0 3 0 2 0 0 0 3 0 3 0 0 0 3 0 0 0 0 0 1 0 2 0 1 0 1 0 0 1 0 1 0 0 1 0 2 0 2 0 0 0 0 1 0 1 0 0 2 0 0 0 0 1 0 1 0 0 0 0 1 0 0 0 1 1 0 0 2 1 0 0 3 0 2 1 0 0 3 0 1 1 0 0 1 1 0 0 0 0 1 1 0 0 3 0 0 0 1 0 2 1 0 1 0 0 0 0 2 0 2 0 3 0 2 0 0 0 3 0 0 0 2 0 1 1 0 0 0 0 2 0 1 0 3 0 1 1 0 0 3 0 0 0 0 0 2 0 2 0 0 1 0 0 0 1 0 0 3 0 1 0 3 0 1 0 3 0 3 0 2 0 3 0 3 0 1 1 0 0 2 0 2 0 2 0 2 0 0 1 0 0 2 0 1 0 2 0 0 0 0 0 3 0 2 0 1 0 0 1 0 0 2 1 0 0 0 0 2 0 2 1 0 0 1 0 3 0 1 0 3 0 1 1 0 0 2 1 0 0 2 1 0 0 2 0 3 0 0 0 0 1 0 0 1 0 1 0 1 0 1 0 0 0 3 0 1 0 3 0 1 1 0 0 2 0 2 0 0 0 0 0 3 0 0 0 3 0 1 0 1 1 0 0 2 0 3 0 2 0 2 1 0 0 3 0 2 0 1 0 0 0 1 0 1 0 0 1 0 1 0 1 0 0 1 1 0 0 0 0 3 0 1 0 1 0 2 1 0 0 2 1 0 0 0 0 3 0 0 0 0 0 3 0 1 1 0 1 0 1 0 0 0 0 0 0 3 0 2 0 2 0 0 0 0 0 2
0 399 1 0 1 0 3 0 3 0 0 0 1 0 1 0 0 1 0 0 3 0 0 0 0 0 2 0 0 0 2 0 2 0 2 0 2 0 1 0 1 0 0 0 2 1 0 0 3 0 2 0 1 1 0 0 3 0 2 0 0 0 0 0 1 0 1 1 0 0 3 0 3 0 0 0 1 1 0 0 2 1 0 0 2 0 0 1 0 0 0 0 1 0 0 0 2 0 2 0 0 0 1 1 0 1 0 0 3 0 2 1 0 1 0 0 0 0 1 0 1 0 3 0 1 0 0 0 3 0 0 0 0 0 1 0 3 0 0 0 2 0 1 0 1 1 0 1 0 1 0 0 0 1 0 1 0 0 3 0 0 0 0 0 1 0 1 0 1 0 0 0 0 0 2 0 3 0 0 1 0 0 1 1 0 0 2 1 0 0 3 0 3 0 1 0 3 0 3 0 0 0 0 0 0 0 1 0 1 0 0 0 2 0 3 0 3 0 2 1 0 0 1 0 1 0 2 0 0 0 3 0 1 1 0 0 0 1 0 0 1 0 0 0 1 1 0 0 3 0 1 1 0 0 3 0 0 0 0 0 1 0 0 0 1 0 0 0 0 0 2 0 1 0 1 0 3 0 1 0 2 0 2 0 2 0 1 0 1 1 0 0 3 0 0 0 0 0 0 0 0 0 1 0 1 0 1 0 2 0 1 1 0 0 0 0 0 0 0 0 3 0 1 0 2 0 0 0 2 0 0 0 3 0 0 0 2 0 2 0 1 1 0 1 0 0 3 0 2 0 3 0 0 0 1 0 3 0 3 0 1 0 0 0 0 1 0 0 1 0 1 0 1 0 1 0 2 0 0 0 0 1 0 0 2 1 0 0 1 0 2 0 1 0 0 0 1 0 1 0 0
0 399 2 0 3 0 2 0 2 0 1 0 2 0 2 0 1 1 0 0 1 0 1 0 0 1 0 0 2 0 0 0 1 0 1 0 0 0 3 0 2 0 1 0 1 0 0 0 2 0 1 0 0 0 0 0 2 0 0 0 1 0 0 0 2 1 0 0 0 0 2 0 2 0 1 1 0 0 0 0 0 1 0 1 0 0 2 0 2 1 0 0 2 0 1 0 0 0 0 0 1 1 0 0 0 1 0 0 2 0 2 0 0 0 2 1 0 0 2 0 3 0 1 0 3 0 1 0 1 0 1 0 0 0 3 0 1 0 1 1 0 1 0 0 0 0 0 1 0 0 3 0 0 1 0 1 0 0 1 0 1 0 0 0 2 0 2 0 2 0 0 0 1 0 0 0 2 0 2 0 3 0 2 1 0 0 1 0 0 0 2 0 2 1 0 0 3 0 2 0 1 0 0 0 0 0 2 0 2 0 1 0 0 0 3 0 3 0 1 1 0 0 2 0 2 1 0 0 2 0 1 1 0 1 0 0 1 0 3 0 1 0 0 1 0 0 0 0 2 0 0 0 0 0 1 0 1 0 0 0 2 0 0 0 2 0 0 0 0 1 0 0 3 0 3 0 1 1 0 0 1 0 1 0 0 1 0 0 0 0 0 0 1 0 1 0 0 0 0 0 0 0 2 0 2 0 2 1 0 1 0 1 0 0 0 0 0 0 1 0 1 1 0 0 0 0 1 1 0 0 2 0 1 0 2 0 0 0 1 0 0 0 0 1 0 0 2 0 1 0 2 0 1 0 3 0 2 0 2 0 3 0 0 0 1 0 3 0 1 0 2 0 2 0 2 1 0 0 1 0 1 1 0 0 0 1 0 0 2 1 0 0 3 0 0 0 2 0 2 0 0
0 401 1 0 0 0 3 0 1 0 0 1 0 0 1 0 0 1 0 1 0 0 2 0 2 0 1 0 3 0 3 0 0 0 2 0 2 0 1 0 2 0 0 0 3 0 2 0 0 1 0 0 3 0 0 0 0 1 0 0 1 0 2 0 1 0 0 1 0 0 1 0 0 0 0 1 0 1 0 0 0 0 1 1 0 1 0 0 0 0 1 1 0 1 0 0 3 0 0 0 0 0 3 0 3 0 0 1 0 0 0 0 0 0 2 0 1 0 0 0 0 0 2 1 0 0 2 0 3 0 2 0 2 0 1 0 1 1 0 0 0 0 0 0 2 1 0 0 1 1 0 0 1 0 2 1 0 0 3 0 1 0 2 0 1 0 0 0 1 0 0 0 1 0 2 0 1 0 0 0 1 0 3 0 1 1 0 0 2 0 1 0 0 0 2 0 0 0 2 0 0 0 3 0 0 0 1 0 0 0 0 0 3 0 1 0 2 0 3 0 0 0 0 0 0 0 2 0 0 0 0 0 0 0 0 0 3 0 2 0 1 0 3 0 1 0 2 1 0 1 0 0 1 0 0 0 2 0 2 0 0 1 0 0 1 1 0 0 1 0 1 1 0 0 2 0 2 1 0 1 0 0 2 0 2 0 1 0 2 1 0 0 0 0 2 0 2 0 0 0 0 0 1 0 0 0 1 0 2 0 0 1 0 0 2 1 0 0 0 0 2 0 3 0 2 1 0 0 3 0 3 0 3 0 2 1 0 0 1 0 2 0 0 0 1 0 3 0 3 0 2 1 0 1 0 0 3 0 1 0 1 0 2 0 1 0 3 0 1 1 0 0 1 0 1 0 1 1 0 0 2 0 3 0 3 0 0 1 0 0 1 0 0 0 1 0 2 0 0 0 0 0 1
1 401 2 0 1 0 1 0 3 0 1 0 3 0 1 0 1 1 0 1 0 0 0 0 0 1 0 0 3 0 2 0 2 0 0 0 0 1 0 0 0 0 2 0 2 0 0 0 2 1 0 0 1 0 1 0 1 0 3 0 1 1 0 0 3 0 1 0 3 0 1 0 0 0 1 1 0 0 2 1 0 1 0 0 0 0 2 1 0 1 0 0 0 1 0 0 1 0 1 0 1 0 2 0 2 0 2 0 2 1 0 0 0 1 0 0 3 0 0 0 1 0 1 0 0 0 0 0 3 0 1 0 0 0 3 0 3 0 2 1 0 0 1 0 0 1 0 0 3 0 3 0 2 0 1 0 0 0 1 1 0 0 0 0 3 0 0 0 2 0 0 0 2 1 0 0 3 0 0 0 3 0 1 1 0 1 0 1 0 0 3 0 0 1 0 0 1 1 0 0 2 0 1 0 1 0 2 0 0 0 1 0 1 1 0 0 1 0 2 0 1 0 0 0 0 1 0 0 1 0 0 0 0 0 1 0 2 0 0 1 0 0 2 1 0 0 2 0 0 0 3 0 1 0 1 0 0 0 0 0 2 0 3 0 2 0 3 0 1 1 0 0 0 0 0 0 2 0 0 1 0 0 0 0 0 1 0 0 1 1 0 0 1 0 0 0 0 0 1 0 0 0 2 0 0 0 2 1 0 0 2 1 0 0 0 1 0 0 1 0 0 0 3 0 2 0 0 0 2 0 3 0 3 0 1 1 0 0 2 1 0 0 1 0 3 0 2 0 3 0 2 0 0 1 0 0 1 0 3 0 2 1 0 1 0 0 2 1 0 1 0 0 2 0 2 1 0 0 0 0 0 0 3 0 2 0 2 0 3 0 1 0 0 0 2 1 0 0 1 0 0 0 2
0 402 1 0 0 3 0 3 0 1 1 0 0 2 1 0 0 0 0 0 0 2 1 0 0 1 1 0 0 2 0 1 0 0 0 1 0 1 0 3 0 0 0 0 0 0 0 2 0 0 1 0 0 2 0 2 0 3 0 2 0 0 0 0 0 1 1 0 0 2 0 3 0 0 1 0 0 0 0 1 0 0 0 3 0 0 0 1 0 0 0 3 0 0 0 3 0 1 0 2 0 3 0 0 0 1 0 1 0 1 1 0 0 1 1 0 0 1 0 1 0 2 0 2 0 0 0 1 0 1 0 3 0 1 0 2 0 3 0 1 1 0 0 2 0 1 1 0 0 2 0 3 0 0 0 3 0 0 0 3 0 3 0 0 0 1 0 1 1 0 0 2 0 1 0 0 0 1 0 2 0 2 0 0 0 0 1 0 1 0 0 1 0 2 0 3 0 2 0 3 0 3 0 2 0 2 1 0 0 1 0 2 0 3 0 3 0 1 1 0 0 3 0 0 0 1 0 3 0 1 0 0 0 0 0 2 1 0 0 2 1 0 0 0 1 0 1 0 0 2 0 1 0 3 0 2 0 0 0 1 0 0 0 3 0 1 0 2 1 0 1 0 0 0 0 0 1 0 0 2 0 2 1 0 0 1 0 3 0 2 0 3 0 1 0 0 0 0 0 2 0 0 1 0 0 2 0 1 0 0 0 0 1 0 0 1 0 3 0 1 0 1 0 2 0 0 0 2 0 0 0 3 0 3 0 0 0 0 0 0 1 0 0 3 0 2 0 1 0 3 0 0 0 2 0 3 0 2 0 2 0 2 0 0 1 0 0 1 0 0 1 0 0 0 0 1 1 0 0 0 0 1 0 2 0 1 0 1 0 2 0 3 0 1 0 0 1 0 0 2 0 1 0 0
0 403 1 1 0 0 2 0 3 0 0 0 0 0 0 1 0 0 0 0 1 0 0 1 0 0 3 0 3 0 3 0 2 0 0 0 2 0 3 0 1 0 1 0 0 0 0 1 0 0 2 1 0 0 0 0 1 0 3 0 0 0 1 0 0 1 0 0 0 0 0 0 2 0 2 0 2 1 0 0 2 0 1 0 1 0 1 0 2 0 1 0 1 0 2 0 1 1 0 0 1 0 2 0 1 0 2 0 2 0 3 0 3 0 2 0 3 0 1 0 3 0 0 0 0 0 1 0 2 0 3 0 1 1 0 0 1 0 3 0 0 0 0 0 0 0 0 0 0 0 0 0 2 0 2 0 1 0 2 0 2 0 2 0 1 0 2 0 3 0 3 0 3 0 2 0 0 0 3 0 0 0 0 0 1 0 1 1 0 0 3 0 2 0 0 0 3 0 1 0 3 0 3 0 1 0 1 1 0 0 3 0 0 0 3 0 3 0 0 0 0 0 1 0 1 0 3 0 1 0 3 0 0 0 1 0 1 0 0 0 0 1 0 0 1 1 0 0 3 0 3 0 3 0 2 0 0 0 1 0 2 0 1 0 1 1 0 0 2 0 0 0 2 1 0 0 1 1 0 0 0 0 1 1 0 0 3 0 2 0 1 0 2 0 3 0 0 0 0 1 0 0 2 0 3 0 3 0 2 0 0 0 1 0 3 0 2 0 1 0 3 0 2 1 0 0 1 1 0 0 2 0 2 0 2 0 1 0 0 0 1 1 0 0 2 0 0 1 0 0 2 0 2 0 0 0 3 0 1 0 1 0 0 0 2 0 3 0 1 0 1 0 2 1 0 0 3 0 2 1 0 0 2 1 0 0 3 0 3 0 0 0 2 0 3 0 1 0 3 0 3 0 2 0 0
0 404 1 0 0 0 0 0 0 2 0 1 0 0 0 1 0 2 1 0 0 2 0 1 1 0 0 2 0 3 0 3 0 0 0 2 0 0 0 2 0 3 0 2 0 0 0 1 1 0 0 0 1 0 0 0 0 3 0 1 0 1 0 2 0 1 0 2 1 0 0 1 0 0 0 1 0 1 1 0 1 0 0 3 0 2 0 2 1 0 0 3 0 2 1 0 1 0 1 0 0 2 1 0 1 0 0 1 0 1 0 3 0 3 0 1 0 2 1 0 0 2 0 1 0 0 0 3 0 0 0 2 1 0 1 0 0 3 0 1 0 1 0 0 0 0 0 0 0 0 0 1 0 0 0 0 1 0 0 1 0 1 0 0 1 0 0 1 0 3 0 3 0 3 0 0 0 2 0 1 0 1 0 0 0 2 1 0 0 0 0 2 0 0 0 2 0 1 1 0 0 3 0 2 1 0 0 0 0 0 0 1 0 2 0 2 0 2 0 1 0 0 0 2 0 3 0 1 1 0 0 2 0 1 0 2 0 2 0 0 0 1 0 3 0 2 1 0 0 2 0 3 0 3 0 0 0 1 0 2 1 0 0 3 0 3 0 3 0 3 0 1 0 0 1 0 0 3 0 2 1 0 1 0 0 0 0 2 0 0 1 0 0 1 0 2 0 1 0 1 1 0 0 0 0 3 0 3 0 0 0 1 0 3 0 2 0 0 1 0 0 3 0 1 1 0 1 0 0 0 0 0 0 1 0 0 0 3 0 0 0 3 0 3 0 3 0 1 1 0 0 0 0 0 0 2 0 1 0 3 0 2 0 1 0 0 0 2 0 3 0 3 0 1 0 0 0 2 0 2 0 0 0 1 0 0 0 2 0 2 0 2 0 0 0 2 1 0 0 3 0 3 0 0 0 1
1 405 1 0 2 1 0 0 0 1 0 0 3 0 0 0 3 0 1 0 0 0 0 0 0 0 0 0 0 0 3 0 2 0 1 1 0 0 2 0 0 0 3 0 0 0 1 0 3 0 3 0 0 0 3 0 0 0 1 0 3 0 2 1 0 1 0 0 1 1 0 0 2 0 0 0 2 1 0 0 0 1 0 0 2 0 1 0 2 0 0 0 2 0 2 0 0 1 0 1 0 0 1 0 0 0 3 0 1 0 3 0 2 0 2 1 0 0 1 1 0 1 0 0 3 0 1 0 1 0 2 0 1 0 0 1 0 0 1 0 3 0 2 0 0 0 0 0 0 0 0 0 2 0 0 0 1 0 3 0 1 0 2 0 1 0 3 0 2 0 2 0 3 0 2 0 1 1 0 0 3 0 2 0 1 0 0 1 0 0 0 1 0 0 2 0 0 0 0 0 0 0 2 0 1 1 0 0 0 0 0 0 3 0 0 0 1 0 0 0 3 0 1 0 0 0 2 1 0 1 0 1 0 1 0 0 1 0 0 0 1 0 3 0 2 0 2 0 0 0 0 0 3 0 2 0 1 0 3 0 1 0 0 0 2 0 3 0 3 0 2 0 3 0 1 1 0 0 2 0 2 0 0 0 2 1 0 1 0 0 2 0 3 0 1 1 0 0 3 0 3 0 3 0 0 0 2 0 2 0 1 0 3 0 2 0 0 0 2 1 0 0 2 0 0 0 0 0 2 1 0 0 0 0 2 0 1 0 1 0 2 0 2 0 3 0 2 1 0 1 0 0 0 0 0 1 0 1 0 0 3 0 0 0 3 0 1 0 0 0 3 0 2 0 3 0 1 0 0 0 0 0 1 0 2 0 1 0 0 0 1 0 0 0 2 0 1 0 0 0 2 0 2 0 1 0 2
0 405 3 0 0 1 0 0 1 1 0 0 1 0 2 0 1 0 3 0 0 0 0 0 0 0 0 0 1 0 2 0 0 1 0 1 0 1 0 0 2 0 1 0 1 0 3 0 2 0 2 0 2 0 1 0 1 0 3 0 2 0 2 0 0 0 3 0 2 0 3 0 3 0 1 0 0 1 0 0 1 0 3 0 3 0 2 1 0 0 2 0 0 0 0 0 2 1 0 0 3 0 1 0 1 0 1 1 0 0 3 0 1 0 1 1 0 1 0 0 0 1 0 0 1 0 3 0 2 1 0 0 3 0 1 0 3 0 2 0 2 0 0 0 1 0 0 0 0 0 0 1 0 0 1 0 3 0 1 1 0 0 0 1 0 0 3 0 1 0 1 0 3 0 1 0 0 0 0 0 2 0 0 0 3 0 1 0 3 0 0 0 3 0 3 0 0 0 0 0 0 1 0 1 0 1 0 0 0 0 1 0 1 0 1 0 2 0 1 0 1 0 3 0 1 0 1 0 0 1 0 1 0 0 3 0 1 0 0 0 3 0 2 0 1 0 0 0 1 0 1 0 2 0 0 1 0 0 2 0 3 0 1 0 0 0 3 0 3 0 1 0 3 0 0 0 0 0 0 0 0 0 2 0 1 0 0 1 0 0 0 0 3 0 0 0 0 0 2 0 3 0 2 0 2 0 0 0 0 1 0 0 3 0 0 0 2 0 0 1 0 1 0 0 1 0 1 0 0 1 0 0 0 1 0 0 3 0 3 0 0 0 1 0 3 0 2 0 0 0 2 1 0 0 1 1 0 1 0 0 1 0 2 0 1 0 3 0 1 0 2 0 1 0 2 0 3 0 0 0 0 0 2 1 0 0 3 0 0 0 2 0 0 1 0 0 3 0 1 0 0 0 0 1 0 0 1
0 407 1 0 1 0 2 0 3 0 2 0 3 0 1 1 0 1 0 0 2 0 1 0 0 0 0 0 0 0 2 1 0 0 2 1 0 1 0 0 3 0 3 0 2 0 3 0 2 0 1 0 1 0 0 0 3 0 3 0 2 0 1 0 0 0 2 0 2 0 1 0 3 0 2 0 3 0 1 0 3 0 2 0 2 0 3 0 1 1 0 1 0 0 1 0 1 0 1 0 0 0 1 0 3 0 2 1 0 0 0 0 1 1 0 0 0 0 0 0 3 0 0 0 3 0 2 0 2 0 2 0 0 0 1 1 0 0 3 0 1 0 0 0 1 0 2 0 0 0 0 0 1 0 3 0 2 0 1 1 0 1 0 0 1 1 0 0 1 0 3 0 3 0 1 0 3 0 0 0 0 1 0 0 2 0 1 1 0 0 2 0 2 0 2 0 2 0 1 0 0 0 1 1 0 1 0 0 2 1 0 0 2 0 2 0 2 1 0 0 3 0 3 0 1 0 3 0 2 0 1 1 0 1 0 0 1 0 3 0 1 0 2 0 0 0 3 0 0 0 2 0 2 1 0 0 2 1 0 0 0 0 2 0 3 0 1 0 2 0 2 1 0 0 2 0 1 0 0 0 0 0 0 1 0 0 3 0 1 0 3 0 0 0 1 0 1 0 1 0 0 0 3 0 1 0 0 0 1 0 1 1 0 0 1 0 1 1 0 0 2 1 0 0 3 0 1 0 2 0 1 0 3 0 0 1 0 0 2 0 2 0 1 0 3 0 2 0 0 0 2 0 0 1 0 1 0 0 0 0 3 0 1 1 0 1 0 0 2 1 0 0 0 1 0 0 1 0 2 0 1 0 1 0 1 0 0 0 1 0 1 1 0 0 2 1 0 0 1 0 3 0 0 0 1 0 3 0 1
1 407 2 0 3 0 0 0 3 0 1 0 3 0 0 0 0 0 3 0 3 0 2 0 0 0 0 0 1 0 1 0 0 0 1 0 0 1 0 0 2 0 3 0 1 0 3 0 0 0 3 0 2 0 1 0 2 0 3 0 0 0 3 0 1 0 0 0 0 1 0 0 3 0 1 0 2 1 0 0 3 0 1 0 1 0 3 0 0 0 0 0 3 0 1 0 2 0 2 0 0 0 3 0 2 0 1 1 0 0 0 0 3 0 2 1 0 0 1 0 1 0 2 0 2 0 1 0 1 0 0 0 1 1 0 0 0 0 1 0 3 0 0 0 2 1 0 0 1 0 0 0 3 0 2 0 1 0 0 0 0 0 3 0 2 0 3 0 2 0 2 0 2 1 0 0 2 0 1 0 1 1 0 0 0 0 0 0 0 0 0 0 1 0 1 0 0 0 3 0 0 1 0 0 0 1 0 0 1 0 0 0 0 0 1 0 2 0 0 0 2 0 2 1 0 0 3 0 1 0 0 0 0 0 3 0 2 0 1 1 0 0 0 0 2 0 1 0 2 0 0 0 2 0 0 0 0 1 0 0 1 0 0 0 2 1 0 0 1 0 1 1 0 1 0 0 3 0 0 0 0 0 1 1 0 0 1 1 0 0 2 0 1 0 2 0 2 0 2 0 1 0 1 0 3 0 0 0 2 0 3 0 3 0 1 1 0 0 0 0 1 0 0 0 1 1 0 0 0 1 0 0 2 0 2 1 0 0 0 0 0 1 0 0 3 0 0 0 1 1 0 0 2 1 0 0 3 0 0 0 2 0 0 0 0 1 0 0 0 1 0 0 1 0 3 0 1 1 0 0 3 0 2 0 2 0 0 0 2 1 0 0 0 0 0 1 0 0 3 0 1 0 1 0 3 0 1 1 0
1 409 1 0 0 0 2 0 2 0 1 1 0 0 2 0 1 0 1 0 2 0 3 0 0 0 1 0 0 0 2 0 2 0 0 0 2 0 1 1 0 0 0 0 2 1 0 0 2 0 2 0 2 0 0 1 0 0 1 0 2 0 2 0 1 0 3 0 0 0 1 1 0 0 1 1 0 0 2 0 0 0 1 0 3 0 3 0 1 0 1 0 1 0 1 1 0 0 1 0 0 0 2 0 2 0 0 1 0 1 0 0 1 0 2 0 1 1 0 0 2 0 3 0 0 0 0 0 3 0 2 0 0 0 3 0 2 1 0 0 3 0 1 0 2 0 0 1 0 0 2 0 1 0 2 0 0 0 3 0 0 0 1 0 2 0 1 0 3 0 1 0 1 0 1 1 0 1 0 0 3 0 3 0 2 1 0 0 0 0 0 0 0 0 2 0 2 0 1 0 1 0 2 0 3 0 0 0 3 0 1 0 0 0 0 0 2 1 0 0 2 0 0 0 2 0 0 0 1 0 3 0 0 0 1 0 2 0 0 1 0 1 0 0 0 1 0 1 0 0 0 0 1 1 0 0 1 0 1 0 3 0 1 0 1 0 0 1 0 0 2 1 0 0 0 1 0 0 1 0 1 0 0 0 3 0 3 0 2 0 3 0 3 0 3 0 0 0 1 0 0 0 3 0 3 0 1 0 2 0 0 0 3 0 2 1 0 1 0 0 0 0 2 0 0 0 3 0 3 0 0 1 0 0 0 0 1 1 0 0 0 0 1 1 0 0 1 0 1 1 0 0 0 0 1 0 0 0 1 0 1 1 0 0 1 0 1 0 3 0 0 0 3 0 2 0 2 0 0 0 0 0 2 0 1 0 0 0 2 0 0 1 0 0 0 0 1 1 0 0 1 0 3 0 3 0 1 1 0 1 0
1 409 2 0 1 0 0 0 0 1 0 1 0 1 0 0 3 0 3 0 0 0 2 0 1 0 2 0 1 0 0 0 0 0 1 1 0 1 0 1 0 0 1 0 1 0 0 0 0 0 1 0 0 0 2 0 3 0 2 0 0 0 0 1 0 0 2 0 1 0 3 0 3 0 2 0 3 0 3 0 0 0 3 0 2 0 2 0 3 0 2 0 2 0 3 0 3 0 1 0 1 0 0 0 0 0 2 1 0 0 3 0 2 0 0 0 0 0 0 0 0 0 2 0 1 0 1 0 2 0 0 0 2 0 2 0 2 0 0 0 1 1 0 0 0 0 2 0 3 0 3 0 2 1 0 0 2 0 1 0 1 0 2 1 0 1 0 0 2 0 3 0 2 1 0 0 0 1 0 0 2 0 3 0 1 1 0 0 0 0 0 0 1 0 0 0 0 0 3 0 3 0 0 0 2 0 2 0 1 0 3 0 0 0 1 0 0 1 0 1 0 0 1 1 0 0 1 0 3 0 1 0 1 0 2 1 0 0 2 1 0 0 3 0 0 1 0 0 2 1 0 0 3 0 3 0 1 0 3 0 1 0 3 0 2 0 1 1 0 0 0 1 0 0 1 0 3 0 1 0 2 0 1 0 2 0 3 0 1 0 3 0 3 0 2 0 1 0 2 0 1 0 2 0 2 1 0 0 0 0 2 0 2 0 2 0 0 0 2 1 0 1 0 0 2 0 2 0 2 0 2 0 2 1 0 0 3 0 2 1 0 0 3 0 3 0 1 0 3 0 2 1 0 0 2 0 0 0 2 0 3 0 3 0 1 0 3 0 1 0 2 0 2 0 1 0 0 0 1 0 0 1 0 0 3 0 0 1 0 0 2 0 2 1 0 0 3 0 3 0 2 0 2 0 3 0 0 0 0 0 2
0 410 1 0 0 3 0 0 0 1 1 0 1 0 1 0 0 2 0 2 0 1 1 0 1 0 0 0 0 3 0 0 0 0 1 0 0 0 1 0 0 3 0 1 0 2 0 0 0 0 0 2 0 1 0 0 0 3 0 0 0 1 0 1 0 3 0 3 0 3 0 2 0 3 0 1 0 3 0 2 0 2 0 2 0 1 0 1 0 3 0 1 0 1 0 3 0 2 0 3 0 2 0 0 0 1 0 1 0 0 0 2 0 0 0 1 0 0 0 0 0 0 1 0 0 3 0 2 1 0 0 2 0 0 0 1 0 0 0 1 0 3 0 3 0 0 0 0 0 3 0 3 0 1 1 0 1 0 0 3 0 3 0 1 0 0 1 0 0 0 0 3 0 1 1 0 0 1 1 0 0 0 0 2 1 0 1 0 0 0 0 0 0 2 0 0 0 1 0 2 0 2 0 2 0 0 0 0 1 0 0 2 0 1 0 2 0 1 1 0 0 3 0 2 0 3 0 2 0 1 0 3 0 3 0 1 0 0 0 1 0 0 0 1 0 2 1 0 0 1 0 0 0 2 0 2 1 0 0 2 1 0 0 3 0 0 1 0 1 0 0 1 0 3 0 2 0 1 1 0 0 0 1 0 0 1 0 2 1 0 0 3 0 3 0 0 1 0 0 0 1 0 0 1 0 1 1 0 0 1 0 0 0 1 0 0 0 2 0 1 0 0 1 0 0 0 0 1 0 1 0 1 0 2 0 0 0 2 0 2 0 0 0 2 0 2 1 0 0 3 0 1 1 0 1 0 0 2 0 0 0 3 0 2 1 0 0 2 1 0 0 1 0 0 0 3 0 0 0 2 0 1 1 0 0 1 0 2 1 0 0 0 0 2 0 0 0 2 0 3 0 1 0 1 0 2 0 1 0 1 0 0
0 411 1 1 0 0 1 0 1 1 0 0 0 1 0 1 0 0 0 0 1 0 0 0 0 0 3 0 0 0 1 0 1 0 1 0 3 0 0 1 0 0 1 1 0 0 0 0 1 0 0 1 0 0 3 0 1 0 1 0 1 0 2 0 3 0 2 0 3 0 3 0 1 0 2 1 0 0 3 0 1 0 1 0 0 0 3 0 3 0 1 0 3 0 3 0 2 0 1 0 3 0 0 0 1 0 2 0 2 0 0 1 0 0 1 0 2 0 0 0 0 0 1 1 0 0 2 0 1 1 0 1 0 0 1 0 2 0 0 0 3 0 2 0 2 0 1 0 1 0 2 0 3 0 0 0 0 1 0 0 2 0 2 0 3 0 1 0 3 0 0 0 1 1 0 1 0 0 3 0 3 0 0 0 1 0 0 0 2 1 0 0 0 1 0 0 1 0 3 0 0 0 1 0 0 0 1 0 1 0 3 0 3 0 3 0 0 0 0 0 0 0 2 0 1 0 3 0 0 1 0 0 3 0 2 0 3 0 0 0 2 0 0 0 3 0 0 1 0 0 2 0 1 0 0 0 2 0 0 0 1 0 0 0 1 0 2 1 0 0 3 0 2 0 2 0 0 1 0 1 0 0 1 0 3 0 2 0 1 0 0 0 2 0 2 0 2 0 3 0 0 0 3 0 1 0 3 0 3 0 1 0 0 0 2 0 0 1 0 0 3 0 1 0 2 1 0 0 2 0 2 0 2 1 0 0 2 0 0 0 0 0 2 0 0 0 2 0 0 0 2 0 0 0 0 0 3 0 3 0 1 0 2 0 2 0 0 0 0 1 0 0 2 0 1 0 1 0 1 1 0 1 0 1 0 0 3 0 0 1 0 0 0 1 0 0 2 0 0 0 2 0 3 0 2 1 0 0 3 0 2 0 0
0 411 3 0 3 0 1 0 3 0 3 0 0 1 0 0 2 1 0 0 2 0 0 0 1 0 1 0 1 0 2 0 2 0 3 0 1 0 2 0 3 0 2 0 2 1 0 0 2 0 1 1 0 0 1 0 3 0 2 0 3 0 0 0 3 0 1 0 3 0 2 1 0 0 2 0 0 0 1 0 3 0 2 0 1 0 2 0 2 1 0 0 3 0 3 0 0 1 0 0 2 0 1 0 3 0 0 0 0 0 2 0 3 0 1 1 0 0 1 0 0 1 0 0 0 0 0 0 0 0 0 0 3 0 1 1 0 0 2 0 2 0 1 0 0 0 3 0 3 0 0 0 2 0 1 0 1 1 0 0 0 0 1 0 2 1 0 0 2 0 1 1 0 0 0 1 0 0 2 0 2 0 1 0 2 0 1 0 0 1 0 0 1 0 3 0 2 0 1 0 1 0 2 0 0 0 2 0 3 0 2 0 3 0 2 0 1 0 0 0 0 1 0 1 0 0 2 0 2 1 0 0 2 0 1 0 2 0 1 1 0 0 2 0 1 0 2 0 3 0 3 0 2 0 0 1 0 0 1 0 2 0 0 0 3 0 1 0 0 0 2 0 1 0 0 0 2 1 0 0 3 0 2 0 2 0 0 0 3 0 1 0 0 0 1 0 1 0 2 0 2 0 1 1 0 0 3 0 2 0 3 0 0 1 0 0 2 1 0 0 1 1 0 0 2 0 0 0 0 0 1 0 1 1 0 1 0 0 1 0 0 1 0 0 1 1 0 0 1 1 0 0 1 0 1 0 2 0 2 1 0 0 1 0 0 0 1 0 1 0 3 0 3 0 2 0 2 1 0 0 0 1 0 1 0 0 1 0 2 0 3 0 0 0 3 0 3 0 1 0 0 0 3 0 2 0 0 0 2 0 0 0 1
1 413 1 0 2 0 2 1 0 0 3 0 2 0 2 1 0 0 0 1 0 1 0 0 1 0 2 0 2 0 3 0 0 0 1 0 2 1 0 0 1 0 3 0 1 0 1 1 0 1 0 1 0 1 0 0 3 0 2 0 1 0 2 0 2 0 1 1 0 0 3 0 1 1 0 1 0 0 1 0 3 0 2 0 0 1 0 0 1 0 2 0 0 0 2 0 2 0 2 0 3 0 3 0 3 0 1 0 1 0 1 0 0 0 2 1 0 1 0 0 2 0 1 0 2 1 0 0 0 0 0 0 1 0 2 0 0 0 0 0 0 0 0 0 3 0 1 0 2 0 2 0 1 1 0 0 3 0 3 0 2 1 0 0 3 0 0 1 0 1 0 1 0 1 0 0 1 1 0 0 0 0 0 1 0 0 0 0 3 0 1 0 3 0 2 0 2 0 0 0 3 0 2 1 0 0 2 0 0 0 3 0 1 0 3 0 0 0 3 0 0 0 1 1 0 1 0 0 0 0 1 1 0 1 0 1 0 0 0 1 0 1 0 1 0 1 0 0 1 0 3 0 3 0 0 0 2 0 3 0 1 1 0 0 2 0 1 0 3 0 0 1 0 0 3 0 1 0 1 0 0 0 2 0 1 0 0 0 2 0 1 0 3 0 0 0 2 0 3 0 0 0 1 0 0 0 0 0 2 0 1 0 2 0 2 1 0 0 0 1 0 0 3 0 3 0 3 0 0 0 0 0 2 1 0 0 0 0 3 0 1 0 1 0 3 0 2 0 3 0 2 0 3 0 1 0 3 0 0 0 1 1 0 0 2 0 0 0 2 0 3 0 2 0 3 0 1 0 1 1 0 0 1 1 0 0 3 0 2 0 0 0 2 0 2 0 2 0 2 0 3 0 1 0 2 0 0 0 1 1 0 0 1 0 2
0 413 3 0 0 0 2 0 0 0 2 0 1 0 1 1 0 0 1 1 0 0 3 0 2 0 0 0 1 0 2 0 1 0 3 0 0 1 0 0 3 0 1 1 0 0 0 0 0 1 0 1 0 1 0 0 2 0 0 1 0 0 1 0 1 0 0 0 0 0 2 0 0 0 0 0 3 0 2 0 2 0 0 0 2 0 3 0 1 1 0 0 2 0 0 0 1 0 1 0 3 0 3 0 2 0 3 0 2 0 2 0 1 0 1 0 0 0 3 0 3 0 3 0 0 1 0 0 0 0 0 0 2 1 0 0 1 0 0 0 0 0 1 0 1 1 0 0 1 0 1 0 0 0 0 0 2 0 3 0 2 0 0 0 1 0 2 1 0 1 0 1 0 0 3 0 2 0 2 1 0 0 1 0 3 0 0 0 1 1 0 0 3 0 1 0 0 0 2 0 2 0 1 1 0 1 0 0 2 0 1 1 0 0 2 0 2 0 1 0 1 1 0 0 0 0 2 1 0 1 0 0 0 1 0 0 3 0 0 1 0 1 0 1 0 0 3 0 2 0 2 0 2 0 2 0 0 0 2 1 0 1 0 1 0 1 0 0 2 0 2 1 0 0 1 0 3 0 2 0 0 1 0 0 3 0 0 1 0 1 0 0 2 0 2 0 0 0 2 0 1 0 2 0 0 0 0 1 0 1 0 0 1 0 1 1 0 0 1 1 0 0 2 0 3 0 2 0 1 0 1 0 0 1 0 0 1 0 1 0 3 0 3 0 2 0 1 0 3 0 1 0 2 1 0 0 2 0 1 0 3 0 3 0 3 0 1 0 0 0 3 0 1 0 2 0 3 0 3 0 3 0 2 1 0 0 2 0 0 0 2 0 0 0 1 0 1 0 1 0 2 1 0 0 0 0 1 0 3 0 3 0 2 0 0
0 415 1 0 1 0 1 1 0 0 1 1 0 0 3 0 3 0 3 0 2 1 0 0 2 0 0 0 1 0 2 1 0 1 0 0 2 0 2 1 0 0 1 1 0 1 0 0 0 0 1 1 0 1 0 0 3 0 3 0 1 0 3 0 1 0 2 0 0 0 0 1 0 0 1 0 1 0 2 0 1 0 0 0 2 0 0 0 2 1 0 1 0 1 0 0 1 0 2 0 3 0 2 0 3 0 1 0 3 0 1 0 0 0 3 0 2 0 1 0 2 0 3 0 2 0 2 0 2 1 0 0 1 0 0 1 0 0 2 0 0 0 0 0 2 0 3 0 3 0 1 0 2 0 0 0 1 0 0 0 3 0 0 0 1 0 3 0 1 0 0 1 0 1 0 0 2 0 1 0 1 1 0 0 3 0 1 0 1 1 0 0 0 0 1 0 3 0 1 0 0 0 1 0 0 0 0 1 0 0 0 0 0 0 0 0 0 0 0 0 3 0 3 0 3 0 0 0 1 0 0 0 3 0 0 1 0 0 1 0 2 1 0 1 0 1 0 0 2 0 1 0 1 0 1 0 0 0 2 0 1 0 0 1 0 1 0 1 0 0 0 0 1 1 0 0 3 0 2 0 0 0 2 1 0 0 1 0 2 1 0 1 0 0 0 0 0 0 1 1 0 1 0 0 0 0 1 0 1 1 0 0 3 0 1 0 3 0 3 0 2 1 0 0 0 0 3 0 0 0 3 0 2 0 1 0 3 0 1 0 3 0 2 0 3 0 0 1 0 0 2 1 0 0 1 1 0 1 0 1 0 0 3 0 3 0 2 0 3 0 1 0 1 1 0 0 1 0 3 0 3 0 3 0 1 1 0 1 0 0 1 1 0 0 1 0 2 0 2 0 3 0 0 1 0 0 0 0 3 0 2 0 3 0 0 0 1
1 415 2 0 2 0 3 0 3 0 2 1 0 0 2 0 3 0 3 0 1 1 0 1 0 0 1 0 3 0 1 0 0 1 0 0 0 0 1 1 0 1 0 0 0 0 2 1 0 1 0 0 0 1 0 0 2 0 2 1 0 0 2 1 0 0 0 0 1 0 1 0 3 0 1 0 2 1 0 0 3 0 0 1 0 0 2 0 1 0 0 1 0 0 3 0 2 0 0 0 3 0 1 0 2 1 0 0 2 0 3 0 1 0 2 0 0 1 0 0 1 0 3 0 1 0 1 0 1 1 0 0 2 0 1 0 3 0 3 0 0 0 1 0 0 0 3 0 2 1 0 0 0 0 1 0 2 0 1 0 1 0 1 0 3 0 1 0 3 0 1 1 0 0 3 0 3 0 2 1 0 0 0 0 1 0 3 0 3 0 2 1 0 0 3 0 1 0 3 0 0 0 2 0 0 0 1 0 2 1 0 0 0 0 0 0 0 0 1 0 2 0 3 0 2 0 1 0 2 0 1 0 1 0 2 0 3 0 2 0 1 0 0 1 0 0 3 0 3 0 2 0 2 0 2 0 0 1 0 0 3 0 1 1 0 1 0 0 2 1 0 1 0 0 0 0 2 0 0 0 2 0 0 1 0 0 3 0 1 0 0 0 2 1 0 0 0 1 0 0 0 0 2 1 0 0 2 1 0 0 0 0 1 1 0 0 3 0 3 0 1 1 0 0 1 0 1 0 2 0 2 0 0 1 0 0 2 1 0 0 3 0 1 0 2 0 2 1 0 0 0 1 0 1 0 0 0 1 0 1 0 0 2 0 3 0 1 0 2 0 3 0 3 0 3 0 2 0 2 0 3 0 3 0 0 0 0 0 3 0 2 0 3 0 2 0 0 0 1 0 2 0 2 0 3 0 0 0 2 0 1 0 2 0 1 0 2
0 417 1 0 0 0 1 0 3 0 3 0 2 0 0 0 0 0 3 0 3 0 0 0 0 0 3 0 2 0 1 0 3 0 1 0 2 1 0 1 0 0 0 0 3 0 0 0 1 0 0 0 3 0 0 1 0 0 0 0 2 0 0 0 0 1 0 0 0 0 2 0 3 0 1 1 0 0 2 0 0 0 1 0 2 0 3 0 3 0 2 0 1 1 0 0 2 0 0 0 2 0 1 1 0 0 2 0 0 0 0 0 2 1 0 0 0 0 2 0 3 0 2 0 1 0 3 0 2 0 3 0 3 0 3 0 3 0 2 0 2 0 1 0 2 0 1 0 2 0 1 1 0 0 0 0 2 1 0 0 3 0 2 0 3 0 1 1 0 0 3 0 0 0 0 0 2 0 3 0 1 1 0 0 0 0 3 0 2 0 3 0 2 0 0 0 1 1 0 0 2 0 1 1 0 0 1 0 3 0 0 1 0 0 0 0 0 0 0 0 3 0 0 0 3 0 0 1 0 0 0 0 3 0 3 0 0 0 3 0 0 0 3 0 1 1 0 0 2 0 3 0 1 0 1 0 0 0 2 1 0 0 2 0 0 0 0 1 0 0 1 0 0 0 2 1 0 1 0 0 1 1 0 0 2 1 0 0 1 0 3 0 1 0 0 1 0 0 1 0 3 0 0 0 1 0 0 0 0 1 0 0 0 1 0 0 0 0 2 0 2 1 0 1 0 0 2 0 3 0 0 0 0 0 2 1 0 0 1 0 0 0 1 1 0 0 1 0 1 1 0 0 1 1 0 0 3 0 0 1 0 1 0 0 0 0 2 1 0 0 1 0 3 0 3 0 3 0 1 0 1 0 3 0 2 0 1 0 1 0 2 0 1 0 3 0 0 0 1 0 3 0 0 0 1 0 2 0 1 1 0 1 0 0 0 1 0 0 1
0 417 2 0 0 0 3 0 2 0 3 0 0 0 1 0 1 0 2 0 2 0 1 0 1 0 2 0 0 1 0 0 2 1 0 0 2 0 0 0 3 0 0 0 1 0 1 0 2 0 1 0 1 0 2 0 2 1 0 1 0 0 1 0 1 0 3 0 0 0 0 0 2 1 0 1 0 1 0 0 1 0 3 0 0 0 3 0 3 0 0 1 0 1 0 1 0 0 1 1 0 1 0 1 0 1 0 0 1 0 1 0 0 1 0 0 1 0 0 0 3 0 0 1 0 0 3 0 1 0 3 0 3 0 3 0 3 0 1 0 0 1 0 0 0 1 0 0 0 1 0 1 0 0 1 0 1 0 0 0 2 0 1 0 3 0 0 0 0 0 1 0 1 0 1 0 0 0 2 1 0 1 0 0 1 0 2 0 1 0 3 0 0 0 1 0 3 0 3 0 3 0 3 0 3 0 2 0 1 0 2 0 2 1 0 0 0 0 1 0 1 0 2 0 1 0 2 0 3 0 0 0 2 0 2 0 2 0 1 0 2 0 2 0 0 0 0 0 0 0 2 0 3 0 2 0 1 0 0 1 0 1 0 0 1 0 1 0 3 0 1 0 1 0 1 0 0 0 3 0 2 1 0 0 0 1 0 0 3 0 1 0 3 0 1 0 3 0 2 0 1 0 1 0 2 0 0 0 1 0 3 0 0 0 3 0 0 0 0 0 2 0 0 1 0 0 0 0 2 0 1 0 1 0 0 1 0 0 2 0 0 0 3 0 3 0 1 0 3 0 3 0 2 1 0 0 1 0 2 1 0 0 3 0 0 0 0 1 0 0 3 0 2 0 3 0 2 0 3 0 3 0 2 0 0 0 3 0 2 1 0 1 0 0 2 0 1 0 3 0 1 0 1 0 3 0 0 0 0 0 0 0 3 0 0 0 3 0 1
1 418 1 0 0 2 0 2 0 1 0 2 0 1 0 2 0 3 0 0 0 0 0 3 0 2 1 0 0 2 1 0 0 0 1 0 1 0 0 2 0 1 0 1 0 2 0 2 1 0 0 3 0 3 0 0 0 2 0 0 0 3 0 1 0 3 0 1 0 1 0 1 0 1 0 0 1 0 0 3 0 2 0 1 0 2 0 2 0 2 0 2 1 0 1 0 0 3 0 2 1 0 1 0 1 0 0 3 0 1 0 2 0 1 0 3 0 1 0 1 0 1 0 2 1 0 0 1 1 0 0 3 0 3 0 3 0 2 0 3 0 1 0 3 0 0 0 3 0 0 1 0 0 3 0 1 0 2 0 0 1 0 1 0 0 2 0 1 0 0 0 2 0 2 0 2 0 1 0 1 0 0 0 3 0 1 1 0 1 0 0 2 0 1 0 3 0 2 0 3 0 3 0 3 0 3 0 0 1 0 0 1 0 1 1 0 0 0 0 2 0 2 1 0 1 0 0 1 0 2 0 2 0 0 0 1 0 0 1 0 0 1 0 0 0 1 0 0 0 1 0 0 0 3 0 0 0 3 0 1 1 0 0 3 0 1 0 3 0 1 0 3 0 2 0 2 0 1 0 2 0 1 1 0 0 1 1 0 0 1 1 0 0 2 1 0 0 3 0 0 0 3 0 2 1 0 0 1 0 3 0 1 0 2 0 1 0 1 0 0 1 0 0 2 0 2 1 0 1 0 0 3 0 2 0 1 0 3 0 3 0 1 0 2 0 2 1 0 0 3 0 3 0 1 1 0 0 3 0 1 0 0 0 1 0 1 0 1 1 0 0 2 0 1 0 3 0 1 0 3 0 3 0 0 0 2 0 2 0 2 0 0 0 3 0 3 0 3 0 1 0 3 0 3 0 1 0 1 0 0 0 1 0 1 0 2 0 1 1 0
1 419 1 1 0 0 0 0 0 1 0 0 0 1 0 0 1 0 2 0 1 0 1 0 2 0 2 0 0 0 0 1 0 0 1 1 0 0 3 0 3 0 2 0 3 0 0 0 2 0 0 0 2 0 2 0 1 1 0 0 2 0 1 1 0 0 2 0 3 0 2 0 2 0 2 0 1 1 0 0 2 0 0 1 0 0 1 0 1 0 1 0 2 0 0 1 0 0 2 0 2 0 0 1 0 1 0 0 1 1 0 0 0 1 0 0 2 0 3 0 2 0 3 0 0 1 0 1 0 0 0 0 2 0 3 0 3 0 1 0 2 1 0 0 2 0 2 0 1 0 2 1 0 0 1 1 0 0 0 0 2 1 0 0 3 0 3 0 2 0 1 0 0 0 1 0 0 0 3 0 2 0 1 0 2 0 0 0 0 0 3 0 3 0 3 0 2 0 1 0 3 0 3 0 3 0 2 0 2 0 3 0 1 0 3 0 3 0 0 0 0 0 2 0 0 0 3 0 2 0 0 0 0 0 1 0 2 0 1 0 3 0 1 0 0 0 2 0 0 0 2 0 1 0 1 0 2 0 2 0 0 0 0 0 1 1 0 0 2 1 0 0 3 0 1 0 0 1 0 0 0 1 0 1 0 0 3 0 3 0 2 1 0 0 1 0 0 0 1 0 2 0 2 0 1 1 0 0 3 0 1 1 0 0 0 0 3 0 2 0 1 1 0 0 0 0 2 0 0 1 0 0 2 0 0 1 0 0 3 0 2 1 0 0 1 0 2 0 0 0 2 0 3 0 0 0 0 0 1 0 3 0 0 0 2 0 2 0 3 0 3 0 3 0 3 0 1 1 0 0 3 0 2 0 2 0 0 0 1 0 0 0 2 0 2 0 3 0 2 1 0 0 3 0 2 0 3 0 2 0 0 0 2 0 2 1 0 1 0 1 0
0 419 3 0 2 1 0 0 1 0 3 0 0 0 3 0 1 1 0 0 3 0 3 0 0 0 0 0 1 0 1 0 3 0 2 1 0 0 2 0 3 0 1 0 2 0 1 1 0 0 2 0 0 0 1 0 0 0 0 0 0 0 0 0 0 0 0 0 3 0 1 0 1 0 0 1 0 1 0 1 0 0 2 0 3 0 1 0 2 0 2 1 0 0 2 1 0 0 0 0 0 0 2 1 0 0 3 0 2 0 3 0 0 1 0 0 0 0 3 0 1 0 2 0 2 1 0 0 3 0 0 0 0 0 3 0 2 1 0 0 2 0 0 0 0 0 0 1 0 0 1 1 0 0 3 0 3 0 0 0 1 0 0 0 2 0 3 0 0 0 3 0 0 0 2 0 1 0 2 0 0 1 0 0 0 0 1 0 1 0 2 0 3 0 3 0 0 1 0 0 3 0 3 0 3 0 1 0 1 0 2 1 0 0 3 0 2 0 1 0 0 1 0 0 2 0 2 0 0 0 1 0 0 0 2 1 0 1 0 0 2 0 3 0 0 1 0 0 1 1 0 0 3 0 3 0 0 0 0 0 1 0 0 1 0 0 0 0 1 0 0 0 1 0 3 0 1 0 3 0 0 1 0 1 0 0 2 0 3 0 1 1 0 0 2 0 0 0 3 0 0 0 1 0 0 0 0 0 1 1 0 1 0 0 1 0 2 0 0 1 0 1 0 0 0 1 0 0 2 0 3 0 3 0 1 1 0 0 2 0 1 1 0 0 2 1 0 0 2 0 0 0 2 0 1 0 0 0 3 0 1 0 2 0 0 0 1 0 3 0 3 0 3 0 3 0 0 0 0 0 2 0 1 0 0 0 1 0 2 0 1 0 0 0 1 0 3 0 2 0 0 0 2 0 1 0 3 0 0 0 2 0 0 0 2 0 0 1 0 0 2
1 421 1 0 2 0 1 1 0 0 3 0 1 0 2 0 2 0 0 0 0 0 2 0 2 0 1 0 0 0 2 0 3 0 2 0 2 0 0 0 0 0 2 1 0 0 0 1 0 1 0 1 0 0 1 0 2 0 0 0 0 0 0 0 0 0 0 0 1 0 1 0 3 0 2 0 1 1 0 1 0 1 0 0 0 0 2 1 0 0 1 0 2 0 0 0 0 1 0 0 0 0 1 0 1 0 0 0 2 0 1 0 2 0 2 0 3 0 0 0 1 1 0 0 1 0 2 0 0 0 1 0 1 0 1 0 2 0 1 1 0 1 0 0 1 0 0 0 1 0 3 0 2 1 0 0 2 0 2 0 1 0 2 0 1 0 0 0 2 0 2 0 1 0 1 1 0 1 0 0 0 0 2 0 2 1 0 0 2 0 3 0 0 0 3 0 2 0 2 1 0 0 2 0 3 0 2 0 3 0 3 0 1 0 0 0 2 0 0 0 3 0 1 1 0 0 0 0 0 0 1 0 2 0 1 0 1 0 0 1 0 0 0 0 2 0 2 0 3 0 2 1 0 0 2 0 2 0 1 0 0 0 2 0 1 0 2 1 0 0 2 0 0 0 3 0 1 1 0 0 2 0 2 1 0 1 0 0 0 0 2 1 0 1 0 1 0 0 2 0 1 0 1 0 2 0 0 0 0 1 0 0 0 0 3 0 1 1 0 0 2 1 0 0 3 0 0 1 0 0 0 0 3 0 3 0 0 0 0 0 0 0 0 0 0 0 0 1 0 1 0 0 1 1 0 0 3 0 1 0 1 1 0 0 0 0 1 0 3 0 2 0 3 0 3 0 2 0 1 0 0 1 0 0 3 0 0 0 2 1 0 0 3 0 0 0 3 0 2 0 0 0 1 1 0 1 0 0 2 0 1 1 0 0 1 1 0 0 2 1 0 0 0
1 421 3 0 0 0 0 0 0 0 1 1 0 0 1 0 0 0 1 0 1 0 0 0 0 0 3 0 1 0 0 0 3 0 1 0 0 0 1 0 1 0 0 1 0 0 1 1 0 1 0 0 3 0 1 1 0 0 1 0 0 0 0 0 0 0 0 0 2 0 3 0 2 0 1 0 0 0 0 1 0 0 3 0 0 0 0 1 0 0 2 1 0 0 1 0 1 0 2 1 0 0 2 0 2 0 0 1 0 1 0 0 1 0 1 0 2 0 1 0 3 0 3 0 1 1 0 0 1 0 2 0 2 0 3 0 0 0 0 0 0 0 3 0 1 0 0 0 3 0 2 0 2 0 0 0 0 0 0 1 0 0 0 0 3 0 1 0 0 0 0 1 0 0 0 0 0 0 3 0 0 0 0 0 2 0 0 0 0 0 2 0 2 0 2 0 1 0 2 0 0 0 0 0 3 0 1 0 3 0 2 0 3 0 0 1 0 0 2 0 1 1 0 1 0 0 0 0 0 0 2 1 0 0 3 0 2 0 1 0 3 0 0 0 0 0 1 0 3 0 2 0 0 0 0 0 0 0 3 0 0 1 0 1 0 0 1 1 0 1 0 0 2 0 2 0 0 0 0 0 0 0 2 0 0 0 3 0 0 0 1 0 0 1 0 0 3 0 3 0 2 0 2 1 0 0 1 0 1 0 3 0 0 0 2 0 0 0 0 0 1 0 0 0 1 0 2 0 3 0 0 0 2 0 2 0 1 0 0 0 0 0 0 0 0 0 1 1 0 0 3 0 2 1 0 0 1 0 3 0 3 0 2 1 0 0 3 0 2 0 1 0 3 0 3 0 0 0 3 0 1 1 0 0 1 0 2 0 1 0 0 0 1 0 2 0 2 0 0 0 1 1 0 0 0 0 3 0 3 0 3 0 3 0 2 1 0 0 0 1 0 0 0
1 423 1 0 1 0 1 0 0 0 0 0 3 0 3 0 1 0 0 0 2 0 2 0 0 0 1 0 1 0 3 0 1 0 1 0 3 0 0 0 2 0 2 0 1 0 3 0 2 1 0 1 0 0 1 1 0 1 0 0 2 0 0 0 0 0 0 0 1 0 0 0 3 0 0 0 3 0 0 0 1 1 0 0 1 0 1 0 1 1 0 0 0 1 0 0 2 0 3 0 1 0 0 0 0 0 0 0 2 1 0 0 3 0 1 0 2 1 0 1 0 0 3 0 2 1 0 1 0 0 3 0 0 0 1 0 2 0 1 0 0 0 1 0 1 0 3 0 1 0 2 0 1 0 0 0 1 0 0 0 1 0 3 0 0 0 1 0 3 0 0 0 1 0 2 1 0 0 1 0 1 0 1 0 0 1 0 0 1 0 1 0 0 0 1 0 0 1 0 0 0 0 1 0 1 0 1 1 0 0 3 0 1 0 2 0 2 1 0 0 0 0 0 0 0 0 2 1 0 0 1 0 1 0 0 0 2 0 0 1 0 0 2 0 1 0 0 0 3 0 2 0 0 0 1 0 0 0 1 0 1 0 2 1 0 0 3 0 2 1 0 1 0 0 0 0 0 0 1 0 0 0 0 1 0 0 2 0 1 0 1 0 2 0 1 1 0 0 2 0 3 0 1 0 1 1 0 0 2 0 3 0 1 0 1 1 0 0 1 0 0 0 2 0 0 0 3 0 0 0 2 0 2 0 0 0 0 0 3 0 0 0 0 0 0 0 0 1 0 0 0 0 2 0 1 1 0 0 3 0 2 0 3 0 2 0 0 0 2 0 0 1 0 0 3 0 2 0 2 0 1 1 0 1 0 0 2 1 0 0 3 0 0 0 3 0 0 0 0 0 1 0 3 0 3 0 0 0 2 0 3 0 3 0 3 0 1 1 0 0 1 0 2 1 0
1 423 2 0 2 0 2 0 0 0 1 0 2 0 2 0 3 0 1 0 0 0 0 0 1 0 2 0 3 0 1 0 3 0 3 0 1 0 2 0 0 0 0 1 0 0 3 0 2 0 0 0 3 0 2 1 0 0 3 0 3 0 0 0 0 0 0 0 2 0 1 0 1 0 2 0 1 0 1 0 3 0 3 0 1 0 2 0 3 0 3 0 0 1 0 0 0 0 2 0 3 0 0 0 0 0 1 0 1 0 0 0 1 1 0 0 2 0 0 1 0 0 2 0 2 0 0 1 0 0 1 0 1 0 2 1 0 0 3 0 0 0 2 0 3 0 1 1 0 0 0 0 3 0 0 0 2 0 0 0 3 0 1 0 1 0 3 0 1 0 1 0 3 0 0 1 0 0 2 0 2 0 2 0 1 0 3 0 1 0 2 0 0 0 2 0 1 0 2 1 0 0 2 0 2 1 0 0 0 0 1 1 0 0 1 0 1 1 0 0 0 0 0 0 1 0 0 1 0 0 2 0 2 0 0 1 0 0 2 0 3 0 3 0 2 0 1 0 2 0 0 0 1 0 2 0 0 0 2 0 3 0 1 0 0 0 2 0 2 0 0 0 2 1 0 0 0 0 2 0 0 0 1 0 3 0 3 0 2 0 3 0 0 0 0 0 0 0 0 0 2 1 0 0 0 0 0 0 0 0 2 0 3 0 3 0 3 0 1 0 0 1 0 0 2 0 1 0 2 0 0 0 0 0 1 0 1 0 1 0 1 0 0 0 0 0 1 0 3 0 0 0 0 0 0 0 0 0 2 0 1 0 3 0 0 0 1 1 0 0 2 1 0 0 2 0 1 0 1 0 0 0 0 1 0 0 1 0 0 0 1 0 2 0 1 0 1 0 0 0 3 0 2 0 2 0 2 0 0 0 3 0 3 0 2 1 0 1 0 0 3 0 0 1 0
1 425 1 0 0 0 1 0 0 0 1 0 3 0 0 0 1 0 2 0 3 0 0 0 0 0 3 0 0 0 2 1 0 0 3 0 2 1 0 0 0 0 1 0 1 1 0 0 2 0 0 0 2 0 2 0 2 0 0 0 2 0 2 0 1 0 0 0 0 1 0 0 3 0 2 1 0 0 3 0 3 0 2 0 2 1 0 0 1 0 3 0 2 0 2 0 3 0 0 0 0 0 2 0 1 0 0 0 2 0 2 0 0 0 3 0 3 0 3 0 1 1 0 0 0 0 0 0 2 0 3 0 1 0 3 0 1 0 0 0 1 0 2 0 0 0 2 1 0 1 0 0 1 0 1 0 1 1 0 0 2 0 1 0 3 0 3 0 1 0 3 0 3 0 1 0 2 1 0 0 0 0 1 0 0 1 0 0 2 1 0 0 0 0 1 1 0 1 0 0 2 0 0 0 0 0 1 1 0 0 0 0 3 0 3 0 1 0 3 0 2 1 0 0 0 0 2 0 1 1 0 0 0 0 0 0 2 1 0 0 0 0 3 0 3 0 0 1 0 0 0 0 1 0 2 1 0 0 2 0 0 0 2 0 3 0 1 0 0 0 0 0 2 0 0 1 0 0 0 1 0 0 1 0 3 0 2 0 3 0 1 0 2 0 1 0 0 0 0 0 1 0 0 1 0 0 0 0 0 0 1 0 0 0 3 0 3 0 2 0 3 0 1 0 3 0 3 0 2 1 0 0 1 0 0 0 2 0 2 0 2 0 2 0 0 0 0 0 3 0 1 0 1 0 0 0 0 0 0 1 0 1 0 0 2 0 1 1 0 0 0 0 0 1 0 1 0 0 3 0 2 0 0 0 1 0 3 0 1 0 0 0 2 1 0 0 3 0 2 0 1 0 2 0 1 0 1 0 0 0 2 0 2 0 3 0 2 0 0 1 0 0 1 0 2 0 2
0 425 2 0 0 0 2 0 0 0 3 0 1 0 1 0 3 0 0 0 2 0 1 0 1 0 1 0 2 0 1 0 0 0 2 0 1 1 0 0 0 0 2 0 3 0 3 0 3 0 1 0 0 0 1 0 0 0 2 0 0 0 0 0 3 0 0 0 1 1 0 0 2 0 2 0 0 0 2 0 3 0 1 0 1 1 0 0 3 0 2 0 1 0 1 0 2 0 1 0 0 1 0 0 3 0 1 0 0 0 0 0 2 0 2 0 3 0 2 1 0 1 0 0 0 0 1 0 0 0 2 1 0 0 2 0 3 0 0 0 2 1 0 0 2 0 1 0 0 0 3 0 1 0 2 0 3 0 3 0 3 0 3 0 2 0 2 1 0 0 3 0 2 1 0 0 1 1 0 0 0 0 2 0 1 1 0 0 0 1 0 0 0 1 0 0 0 0 3 0 3 0 0 0 0 0 3 0 3 0 0 0 2 0 2 1 0 0 3 0 1 1 0 0 0 1 0 1 0 1 0 0 0 0 1 0 0 1 0 0 1 0 2 0 2 0 2 0 2 1 0 0 3 0 0 1 0 1 0 0 2 0 0 0 2 0 3 0 0 0 0 1 0 0 2 0 3 0 0 0 3 0 2 0 2 0 1 0 2 1 0 0 0 0 3 0 0 0 0 0 2 0 1 0 2 1 0 0 0 0 2 0 1 0 2 0 3 0 1 0 2 1 0 0 3 0 3 0 1 1 0 0 2 0 1 0 0 0 1 0 1 0 0 0 1 0 1 0 1 0 3 0 2 0 0 0 0 0 1 1 0 0 3 0 3 0 3 0 2 1 0 0 1 1 0 1 0 0 2 0 0 0 1 0 3 0 1 0 3 0 1 0 1 0 0 0 2 0 0 1 0 0 0 0 3 0 2 0 1 0 0 0 1 0 3 0 0 0 2 0 3 0 2 0 0 0 1
1 426 1 0 0 1 1 0 0 2 0 1 0 3 0 3 0 1 0 1 1 0 0 3 0 2 0 2 1 0 0 3 0 0 1 0 1 0 1 0 0 1 0 0 0 3 0 3 0 2 0 3 0 0 0 2 0 0 1 0 0 1 0 1 0 1 0 1 1 0 0 0 0 0 0 0 0 2 0 0 0 2 1 0 0 0 0 0 0 2 0 0 0 3 0 2 1 0 0 3 0 1 1 0 0 1 0 3 0 0 0 1 0 0 0 1 0 3 0 2 0 0 0 2 1 0 0 2 0 1 0 1 0 0 0 0 0 2 0 2 0 0 1 0 1 0 0 3 0 1 0 1 1 0 0 1 0 3 0 3 0 3 0 3 0 1 0 2 0 0 0 2 0 1 1 0 0 3 0 2 1 0 1 0 1 0 1 0 0 1 0 3 0 0 0 3 0 0 0 2 0 2 0 1 0 1 0 2 0 2 0 2 0 0 0 2 0 0 0 1 1 0 1 0 0 1 1 0 1 0 0 2 1 0 0 2 0 1 0 3 0 2 0 0 0 1 0 1 0 2 0 0 0 1 0 2 1 0 0 3 0 3 0 1 0 0 0 2 0 1 0 1 1 0 0 0 0 2 0 2 0 2 0 1 0 0 1 0 0 1 1 0 0 1 0 1 0 1 0 0 1 0 1 0 0 1 1 0 0 0 1 0 1 0 0 1 0 2 1 0 0 2 0 0 0 2 0 2 1 0 1 0 1 0 0 3 0 0 0 2 0 2 0 0 0 2 0 2 0 3 0 2 0 0 0 1 0 0 1 0 0 0 0 2 0 3 0 3 0 1 1 0 1 0 0 0 0 3 0 3 0 0 0 3 0 1 1 0 0 2 0 3 0 2 0 0 1 0 0 2 0 3 0 0 0 2 0 0 0 3 0 0 0 3 0 1 0 2 0 0 0 3 0 0 0 1 0 2
0 427 1 0 3 0 2 0 3 0 3 0 3 0 2 0 2 1 0 0 0 0 0 0 2 0 1 0 2 0 0 0 1 0 2 1 0 1 0 0 3 0 1 0 1 0 2 0 3 0 1 0 2 0 1 1 0 0 2 0 3 0 1 0 2 0 2 0 3 0 2 1 0 0 0 0 0 1 0 0 2 0 0 1 0 0 0 0 0 1 0 0 2 0 2 0 2 0 0 0 1 1 0 1 0 0 3 0 1 0 1 0 2 0 0 0 3 0 2 0 0 0 2 0 0 1 0 1 0 0 3 0 2 0 0 0 1 0 0 0 0 0 2 1 0 1 0 0 1 0 3 0 3 0 3 0 2 0 2 0 3 0 3 0 2 1 0 0 0 0 2 0 0 0 0 0 0 0 2 0 2 0 0 1 0 1 0 0 3 0 2 0 1 0 2 0 1 0 2 0 0 0 0 0 3 0 3 0 0 0 1 0 0 0 1 1 0 0 1 1 0 0 0 0 3 0 2 1 0 1 0 0 0 1 0 1 0 1 0 0 3 0 0 0 1 0 2 0 2 1 0 0 1 0 3 0 1 0 0 0 2 0 2 0 3 0 0 1 0 0 3 0 3 0 3 0 0 0 0 0 1 0 0 0 3 0 1 0 3 0 2 0 3 0 1 0 2 0 2 0 1 1 0 0 3 0 2 0 3 0 0 1 0 0 3 0 2 0 0 1 0 1 0 0 2 0 0 0 2 0 0 1 0 1 0 0 1 0 2 0 0 0 0 0 2 0 0 0 1 0 3 0 0 0 1 0 2 0 1 0 3 0 0 0 0 0 3 0 3 0 0 0 0 0 3 0 0 0 2 0 2 0 2 0 2 0 0 0 0 0 0 0 3 0 0 0 2 1 0 0 0 0 2 0 1 1 0 0 2 0 1 0 2 0 1 1 0 0 0 0 2 0 1 0 1 0 3 0 0
0 427 3 0 2 0 1 0 3 0 3 0 3 0 1 0 1 1 0 0 0 0 0 1 0 1 0 0 0 0 1 0 3 0 1 0 0 1 0 0 1 0 3 0 3 0 0 0 2 1 0 0 1 0 0 0 0 0 0 0 2 1 0 0 1 0 1 0 3 0 1 1 0 0 0 0 1 0 3 0 3 0 1 0 2 1 0 0 1 1 0 0 0 0 1 0 0 0 1 1 0 0 0 1 0 0 1 0 3 0 2 1 0 0 2 0 2 0 0 0 1 1 0 0 2 1 0 1 0 0 2 0 0 0 1 0 2 0 0 0 1 0 1 0 0 0 3 0 2 0 2 0 3 0 3 0 1 0 1 0 3 0 3 0 1 1 0 0 0 1 0 0 1 0 0 0 1 0 0 0 0 0 2 1 0 1 0 0 2 0 0 1 0 0 0 1 0 0 0 0 1 0 1 0 2 0 2 0 1 0 2 0 0 0 3 0 3 0 2 0 3 0 0 0 2 0 2 0 0 0 3 0 0 1 0 1 0 1 0 0 1 0 1 0 3 0 0 0 1 1 0 0 3 0 1 0 3 0 1 0 0 0 1 0 2 0 2 1 0 0 2 0 3 0 2 0 1 0 0 0 2 0 1 0 1 1 0 0 3 0 1 0 2 1 0 0 1 0 1 0 0 0 0 0 2 0 1 0 2 0 2 1 0 0 2 0 0 0 2 1 0 0 3 0 3 0 0 1 0 0 2 1 0 0 3 0 1 1 0 0 1 0 0 1 0 0 1 0 3 0 1 0 1 0 2 1 0 1 0 0 2 0 1 0 1 0 2 0 2 0 1 0 1 0 1 0 2 0 0 0 1 0 1 0 0 0 1 0 0 0 1 0 1 0 2 0 0 1 0 0 0 1 0 1 0 1 0 1 0 1 0 0 0 1 0 1 0 0 0 1 0 0 3 0 3 0 1 0 1
1 429 1 0 2 0 0 1 0 0 3 0 3 0 2 0 3 0 3 0 2 1 0 0 1 1 0 0 2 1 0 0 3 0 1 0 3 0 1 0 3 0 2 0 2 0 2 0 2 0 0 1 0 0 2 0 0 0 0 0 1 0 0 1 0 0 2 0 3 0 1 1 0 1 0 0 0 0 3 0 2 0 2 1 0 0 1 1 0 0 3 0 2 1 0 0 2 0 0 0 3 0 3 0 0 0 3 0 2 0 2 0 2 0 0 0 0 0 0 0 1 1 0 0 0 0 1 0 0 0 3 0 3 0 0 0 2 1 0 0 1 0 2 0 2 0 1 0 2 0 1 0 1 0 3 0 2 0 3 0 3 0 2 0 2 1 0 1 0 0 1 0 3 0 1 0 0 0 2 0 0 0 1 0 1 0 0 0 3 0 3 0 1 0 3 0 0 0 2 1 0 0 2 0 3 0 0 0 0 1 0 0 0 0 2 0 2 0 3 0 1 0 2 0 2 0 0 0 0 0 2 0 1 0 2 1 0 1 0 0 3 0 1 0 3 0 1 0 1 1 0 0 0 0 1 1 0 0 2 0 3 0 0 0 3 0 0 0 2 0 0 0 0 0 3 0 0 0 3 0 0 1 0 1 0 0 0 0 0 0 1 1 0 0 1 1 0 0 2 0 2 0 0 0 0 1 0 1 0 0 1 0 1 1 0 1 0 0 2 0 1 0 0 0 2 0 2 0 2 1 0 0 1 0 0 0 1 1 0 1 0 0 2 0 1 0 3 0 2 0 1 0 3 0 3 0 1 0 0 0 3 0 3 0 2 0 3 0 0 0 0 0 3 0 2 0 2 1 0 0 1 0 2 0 2 0 0 0 2 0 0 0 2 0 2 1 0 0 2 0 3 0 0 1 0 1 0 1 0 1 0 0 3 0 0 1 0 0 3 0 0 1 0 0 2 0 2 0 3 0 2
0 429 2 1 0 0 2 1 0 0 2 0 3 0 1 0 3 0 3 0 1 1 0 1 0 0 0 0 1 0 0 0 1 1 0 0 2 1 0 0 3 0 1 0 1 0 1 0 0 0 2 0 3 0 3 0 0 0 0 0 2 0 1 1 0 0 0 0 3 0 0 0 0 0 3 0 0 0 2 0 1 0 1 1 0 1 0 0 0 0 2 0 1 1 0 1 0 0 2 0 2 0 2 0 2 0 2 0 1 0 1 0 0 0 1 0 0 0 0 0 3 0 2 1 0 0 2 0 1 0 2 0 2 0 2 0 0 1 0 0 3 0 0 0 0 1 0 0 0 0 3 0 3 0 2 0 1 0 3 0 3 0 1 0 2 0 0 0 3 0 2 0 1 0 3 0 0 1 0 0 1 0 2 0 2 0 1 0 2 0 2 1 0 0 2 0 2 0 1 0 0 0 0 0 2 0 1 0 1 0 3 0 0 0 0 0 1 0 2 1 0 0 1 0 0 0 1 0 0 1 0 1 0 0 2 0 0 1 0 0 1 1 0 0 2 0 3 0 3 0 2 1 0 1 0 0 0 0 0 0 2 0 2 0 1 0 1 1 0 0 1 0 1 0 1 0 2 0 1 0 2 1 0 0 2 1 0 0 0 0 3 0 3 0 2 1 0 0 0 0 0 0 1 0 1 1 0 0 3 0 1 1 0 0 0 0 3 0 3 0 2 0 1 0 0 0 1 0 1 1 0 0 2 0 0 1 0 0 0 0 3 0 3 0 3 0 2 0 0 1 0 0 3 0 2 0 3 0 1 0 2 0 3 0 1 0 2 0 1 0 1 0 2 0 1 0 1 1 0 0 3 0 0 0 0 0 1 1 0 0 2 0 0 0 2 0 0 0 0 0 2 0 2 1 0 1 0 1 0 1 0 0 1 0 2 1 0 0 1 0 2 1 0 0 0 0 1 0 3 0 1
1 431 1 0 1 0 0 0 1 0 0 0 0 0 2 1 0 0 3 0 3 0 0 0 0 0 2 1 0 0 2 0 0 1 0 0 0 0 1 0 0 0 1 0 3 0 2 0 2 0 1 0 0 0 3 0 2 0 1 0 0 1 0 1 0 1 0 0 1 0 1 0 1 0 1 0 1 0 1 1 0 1 0 0 0 0 0 0 3 0 0 0 0 0 0 0 0 1 0 0 0 0 1 0 1 0 1 0 0 0 3 0 2 0 0 0 2 0 0 0 1 0 2 0 1 1 0 1 0 1 0 0 1 0 1 0 0 0 2 1 0 0 1 0 1 0 1 0 3 0 0 0 2 0 3 0 0 1 0 0 3 0 2 1 0 0 0 0 2 0 2 0 0 1 0 0 2 0 2 0 3 0 2 0 0 0 0 1 0 0 1 0 2 0 0 0 0 0 0 0 3 0 0 0 0 1 0 0 3 0 3 0 1 0 1 0 0 0 3 0 0 1 0 0 2 0 0 0 2 0 1 1 0 0 3 0 3 0 1 0 3 0 2 1 0 0 0 0 3 0 3 0 2 0 0 0 2 1 0 0 1 0 0 0 0 0 3 0 3 0 3 0 1 0 2 0 2 1 0 1 0 0 2 0 0 0 0 1 0 0 1 0 2 0 3 0 1 1 0 0 0 0 0 0 2 1 0 0 0 0 1 1 0 1 0 0 1 0 2 0 3 0 0 0 3 0 0 0 2 0 3 0 3 0 3 0 1 0 3 0 0 0 2 0 3 0 3 0 0 0 2 1 0 0 2 0 1 0 2 1 0 0 1 0 2 1 0 0 0 0 3 0 2 1 0 1 0 0 0 0 0 0 1 0 1 0 0 0 3 0 3 0 3 0 0 1 0 0 1 0 1 0 0 0 2 0 0 1 0 1 0 0 3 0 2 0 0 1 0 0 3 0 0 1 0 0 0 0 3 0 1 1 0
1 431 2 0 2 0 0 0 2 0 0 0 1 0 1 0 0 0 2 0 2 0 1 0 1 0 0 1 0 1 0 0 2 0 2 1 0 0 2 0 0 0 3 0 2 0 1 0 0 0 3 0 1 0 2 0 0 0 3 0 1 1 0 1 0 0 3 0 1 0 2 0 2 0 2 0 2 1 0 0 0 0 2 1 0 0 1 0 1 0 1 0 0 0 0 0 1 0 2 1 0 0 2 0 2 0 2 0 1 0 2 0 0 0 1 1 0 0 1 0 3 0 0 0 0 0 0 1 0 0 3 0 1 0 2 0 1 0 0 1 0 0 2 0 2 0 3 0 1 0 2 0 0 0 2 0 2 1 0 0 2 0 1 1 0 0 1 0 0 0 0 0 2 1 0 0 0 0 1 0 3 0 0 0 1 0 1 0 3 0 1 1 0 0 1 0 0 0 1 0 1 0 1 0 1 1 0 0 2 0 2 0 3 0 2 0 1 0 1 0 2 0 3 0 3 0 1 0 0 0 0 0 0 0 2 0 2 1 0 0 3 0 1 1 0 0 1 0 2 0 3 0 0 0 2 0 0 1 0 0 2 0 0 0 1 0 2 0 3 0 2 1 0 0 1 0 2 0 0 0 3 0 3 0 0 0 1 0 3 0 2 0 0 0 2 1 0 1 0 0 0 0 1 0 0 1 0 0 0 1 0 0 0 0 3 0 2 0 0 0 2 0 2 0 1 0 2 0 0 0 3 0 3 0 2 1 0 0 2 0 2 0 0 0 3 0 2 0 2 0 0 1 0 1 0 1 0 0 1 1 0 0 3 0 0 1 0 0 1 0 2 0 2 0 0 0 2 1 0 0 0 0 2 0 2 0 1 0 2 0 3 0 2 0 2 0 3 0 1 0 2 0 0 1 0 0 2 1 0 1 0 0 2 0 0 0 2 1 0 0 1 0 2 0 3 0 0 0 1 1 0 1 0
1 433 1 0 0 0 0 0 1 1 0 0 1 0 2 0 2 0 1 0 0 0 0 0 3 0 2 0 1 1 0 1 0 0 0 0 1 1 0 1 0 0 2 0 2 0 0 0 3 0 1 0 1 1 0 0 0 0 2 0 2 0 0 0 0 1 0 0 1 1 0 0 1 0 1 0 1 0 1 1 0 0 1 0 0 1 0 0 2 0 2 0 2 0 0 0 0 0 3 0 1 0 0 0 0 0 1 0 0 1 0 0 0 0 1 0 3 0 3 0 2 0 1 0 1 0 0 0 1 1 0 0 1 1 0 0 0 0 3 0 1 1 0 0 0 0 1 0 2 1 0 0 0 0 2 0 0 0 1 1 0 1 0 1 0 1 0 0 2 0 0 0 1 0 0 1 0 0 0 0 3 0 1 0 1 0 2 0 3 0 1 1 0 1 0 0 2 0 0 0 2 0 2 0 2 1 0 0 0 0 0 0 1 0 3 0 0 0 3 0 3 0 0 0 3 0 2 0 3 0 0 0 0 0 1 0 0 0 2 0 0 0 1 1 0 1 0 0 3 0 0 0 2 0 1 1 0 0 2 0 3 0 3 0 0 0 3 0 0 0 3 0 1 1 0 0 2 1 0 0 2 0 2 0 2 0 1 0 3 0 2 0 0 0 2 0 1 0 0 0 2 1 0 0 2 0 1 0 3 0 0 0 3 0 0 0 2 0 0 0 2 0 0 0 0 1 0 0 0 0 2 0 2 0 3 0 2 0 0 0 0 0 0 0 2 0 2 0 1 0 0 0 2 1 0 1 0 0 3 0 2 1 0 0 1 0 2 0 3 0 2 0 0 0 0 0 2 0 0 1 0 0 1 0 0 0 0 1 0 0 1 0 3 0 1 0 1 0 2 1 0 0 0 0 2 1 0 0 1 0 0 0 3 0 3 0 1 0 0 1 0 0 3 0 0 0 2 0 1 1 0 0 0 0 2
0 433 2 0 0 0 0 0 3 0 3 0 2 0 0 0 0 0 3 0 0 0 1 0 2 0 1 0 0 0 0 0 2 1 0 1 0 0 0 1 0 0 0 0 0 0 2 0 1 0 3 0 3 0 3 0 0 0 0 0 0 0 1 0 1 0 3 0 2 0 3 0 1 0 2 0 2 0 3 0 3 0 1 0 1 1 0 0 0 0 1 0 0 0 1 0 1 0 1 0 3 0 0 0 0 0 2 0 1 0 2 1 0 0 3 0 2 0 3 0 0 0 3 0 2 0 0 0 3 0 3 0 2 0 3 0 0 0 1 1 0 1 0 0 0 0 3 0 0 1 0 0 0 1 0 0 1 1 0 0 0 1 0 1 0 0 3 0 3 0 0 0 2 0 1 0 3 0 0 0 1 0 3 0 3 0 0 0 3 0 0 0 0 0 3 0 3 0 1 0 0 0 1 0 1 1 0 0 0 0 0 0 3 0 1 0 2 0 2 0 2 0 2 0 2 0 1 0 2 0 1 0 0 0 2 0 0 1 0 0 1 1 0 0 0 1 0 0 1 0 2 0 0 0 0 0 0 0 0 0 3 0 2 0 2 0 1 0 2 0 2 0 0 0 0 0 1 0 0 0 0 0 1 0 0 1 0 0 3 0 0 0 1 1 0 0 3 0 1 0 0 1 0 1 0 1 0 0 2 0 2 0 1 0 1 1 0 0 1 1 0 0 1 0 1 0 3 0 0 0 0 0 1 0 3 0 0 0 1 0 0 0 1 0 0 0 0 0 3 0 1 0 1 0 0 1 0 0 2 0 1 1 0 0 3 0 0 0 3 0 0 0 1 0 0 1 0 0 2 0 3 0 1 0 0 0 1 0 3 0 2 0 1 0 3 0 3 0 0 1 0 0 1 0 0 1 0 0 2 0 1 0 2 0 2 0 3 0 1 1 0 0 1 0 1 1 0 1 0 1 0 0 1 0 0
0 434 1 0 0 1 0 1 0 2 0 3 0 0 0 1 0 1 0 1 0 1 0 2 1 0 0 3 0 0 0 1 0 1 0 0 0 3 0 0 0 2 1 0 0 0 1 0 1 0 0 3 0 3 0 2 0 1 0 0 0 0 0 2 0 3 0 2 0 1 0 2 1 0 0 1 0 1 0 3 0 2 0 3 0 3 0 2 1 0 0 2 0 0 0 2 0 2 0 3 0 1 0 1 0 0 1 0 1 0 0 2 0 0 0 2 0 1 0 2 0 2 0 2 0 0 0 2 0 2 0 3 0 1 0 2 0 1 1 0 0 0 0 3 0 0 0 1 0 2 0 3 0 0 0 3 0 2 0 3 0 0 1 0 1 0 0 2 0 2 0 1 1 0 1 0 0 2 0 1 0 3 0 2 0 2 0 2 0 1 0 1 0 1 0 2 0 2 0 3 0 0 0 2 0 3 0 2 1 0 0 1 0 1 1 0 0 1 0 1 0 1 0 1 0 0 1 0 0 0 0 3 0 0 1 0 0 2 0 3 0 2 0 3 0 0 0 3 0 1 1 0 0 1 0 0 0 0 0 1 0 2 0 1 0 0 1 0 0 1 0 0 0 1 0 0 0 2 0 0 0 0 0 2 0 1 1 0 0 1 0 1 1 0 0 0 0 1 0 3 0 1 1 0 1 0 1 0 0 0 0 0 0 3 0 3 0 3 0 2 0 3 0 1 0 3 0 1 0 1 0 0 0 3 0 1 0 1 0 2 0 0 0 2 0 0 0 1 0 1 0 3 0 2 0 1 1 0 0 0 0 0 0 0 0 1 0 2 0 1 0 1 0 2 0 1 1 0 0 0 0 2 0 3 0 0 0 3 0 2 0 0 1 0 0 3 0 2 0 2 0 3 0 1 0 1 0 3 0 3 0 3 0 0 0 1 0 2 1 0 1 0 0 2 1 0 0 0 1 0 0 3 0 1 0 0
0 435 1 0 3 0 1 0 3 0 0 0 2 0 1 0 2 0 2 0 2 0 3 0 1 0 0 0 1 0 1 0 2 0 2 0 1 0 1 0 2 0 0 1 0 0 1 1 0 1 0 0 2 0 3 0 0 0 3 0 0 0 1 0 0 0 3 0 0 1 0 0 1 1 0 0 2 0 3 0 2 0 1 0 3 0 3 0 1 1 0 1 0 0 2 0 0 0 1 0 2 0 3 0 2 0 1 1 0 0 3 0 3 0 0 1 0 1 0 0 1 0 1 0 0 0 2 0 0 0 1 0 2 1 0 0 0 1 0 1 0 0 1 0 1 0 1 0 3 0 0 0 2 0 2 0 2 0 1 0 2 0 2 1 0 1 0 0 0 0 1 0 0 0 0 0 3 0 3 0 3 0 2 0 1 0 1 0 0 0 3 0 2 0 3 0 0 0 1 0 2 0 2 0 0 0 3 0 1 1 0 0 2 0 3 0 3 0 1 0 2 0 2 0 2 0 1 0 3 0 0 0 1 0 2 1 0 0 0 0 3 0 1 0 2 0 2 0 1 1 0 1 0 0 2 0 0 0 0 0 2 1 0 0 3 0 1 0 3 0 1 0 0 0 2 0 0 1 0 0 1 0 0 1 0 1 0 1 0 0 2 0 3 0 2 1 0 0 3 0 2 0 0 0 0 1 0 0 2 1 0 0 1 0 2 0 3 0 3 0 1 0 2 1 0 0 2 0 3 0 2 0 1 0 1 0 3 0 2 1 0 0 1 1 0 0 1 0 2 0 3 0 2 0 0 1 0 1 0 0 0 0 0 0 0 0 2 1 0 0 3 0 2 1 0 1 0 1 0 0 1 0 0 0 2 0 2 0 2 0 0 0 2 1 0 0 2 0 1 0 1 0 2 0 3 0 3 0 2 0 3 0 2 0 1 0 3 0 1 0 0 1 0 0 0 1 0 0 1 1 0 0 1 0 3 0 0
0 435 3 0 1 1 0 0 2 0 1 1 0 1 0 0 1 0 1 0 1 0 2 0 3 0 0 0 2 0 3 0 0 0 0 0 3 0 2 1 0 0 2 0 3 0 2 1 0 1 0 0 0 0 2 0 2 0 1 0 1 0 2 0 1 0 1 0 2 0 3 0 2 1 0 0 0 0 3 0 0 1 0 0 3 0 3 0 0 0 0 0 3 0 3 0 0 0 3 0 0 0 3 0 1 0 0 0 0 0 2 0 2 0 2 1 0 0 3 0 1 0 2 0 0 1 0 0 1 0 3 0 0 1 0 0 1 1 0 0 3 0 1 0 2 0 3 0 1 0 2 0 0 0 1 0 0 1 0 0 1 0 2 0 0 0 2 1 0 0 2 0 0 0 1 0 2 0 3 0 3 0 0 0 3 0 2 0 1 0 2 0 1 0 2 0 1 0 3 0 0 0 0 0 2 0 2 0 0 0 0 0 0 0 3 0 2 1 0 0 1 0 1 0 0 1 0 0 2 0 1 0 3 0 0 1 0 0 1 0 1 1 0 0 1 0 1 0 0 0 0 0 3 0 3 0 0 0 1 0 1 0 0 0 1 1 0 0 2 0 3 0 0 1 0 0 2 0 3 0 1 0 1 1 0 1 0 1 0 0 0 0 3 0 2 0 0 0 2 0 0 0 1 0 1 1 0 0 0 1 0 0 3 0 0 0 3 0 2 1 0 0 2 0 0 0 0 0 3 0 0 0 3 0 3 0 2 0 1 1 0 0 3 0 3 0 2 0 0 0 3 0 0 0 2 1 0 0 2 1 0 0 0 0 1 0 1 0 0 0 2 0 2 0 0 1 0 0 3 0 1 0 1 0 0 0 1 0 0 0 2 0 0 1 0 1 0 0 3 0 3 0 0 0 3 0 3 0 1 0 3 0 0 1 0 0 2 0 3 0 1 0 3 0 0 0 3 0 2 0 3 0 2 0 1 0 1
1 437 1 0 2 0 0 0 0 0 0 0 0 0 0 0 3 0 1 0 2 0 3 0 0 0 2 0 2 0 0 0 2 0 1 0 1 0 2 0 2 0 0 0 0 0 3 0 2 0 0 0 3 0 0 0 0 0 0 0 3 0 2 1 0 0 3 0 3 0 0 0 3 0 1 1 0 0 1 0 1 0 2 1 0 0 2 0 2 0 1 0 1 0 2 0 2 0 2 0 1 0 2 0 1 0 3 0 0 0 1 0 0 0 1 0 2 0 0 0 1 1 0 0 0 0 2 0 3 0 2 0 1 0 2 0 3 0 2 1 0 0 1 1 0 0 1 0 2 1 0 0 0 0 1 0 2 0 1 0 3 0 1 1 0 0 2 0 0 1 0 1 0 0 1 0 3 0 0 0 3 0 2 0 2 0 2 0 0 1 0 0 0 1 0 0 0 1 0 0 2 0 1 0 1 0 0 0 0 0 1 0 0 0 1 0 2 0 1 1 0 0 2 0 2 0 1 0 3 0 3 0 3 0 1 0 2 0 3 0 1 0 3 0 3 0 1 0 2 0 0 0 1 0 2 0 2 0 1 0 2 0 2 0 0 1 0 0 0 0 0 0 2 0 2 1 0 0 0 0 2 1 0 0 0 0 0 1 0 0 3 0 0 0 2 0 0 0 1 1 0 0 1 0 2 0 3 0 3 0 0 1 0 0 1 0 2 0 2 0 1 1 0 1 0 0 1 0 1 0 1 0 2 0 2 0 3 0 1 0 0 0 0 0 2 0 3 0 0 0 2 0 1 0 2 0 1 0 0 0 0 1 0 0 0 0 2 0 2 0 1 0 0 0 0 0 2 1 0 0 1 0 3 0 2 0 0 0 2 0 0 1 0 0 2 1 0 1 0 0 2 0 2 0 2 0 2 0 2 1 0 0 2 0 2 1 0 0 0 0 2 1 0 0 2 0 2 0 2 0 1 0 3 0 0 0 3 0 2
0 437 2 1 0 0 1 0 0 0 0 0 0 0 1 0 1 1 0 0 1 0 2 0 2 0 0 0 0 0 1 1 0 0 3 0 3 0 0 0 0 0 1 0 1 0 2 0 0 0 2 0 1 0 1 0 0 0 1 0 2 0 2 0 0 0 2 0 2 0 2 0 1 1 0 1 0 0 2 0 3 0 1 0 0 0 0 0 0 0 3 0 3 0 0 0 1 0 0 1 0 0 0 1 0 0 2 0 1 0 2 0 0 0 2 1 0 0 1 0 3 0 3 0 0 0 0 0 3 0 0 1 0 0 1 0 3 0 1 1 0 0 3 0 3 0 2 0 0 1 0 0 0 0 2 1 0 1 0 0 2 1 0 1 0 1 0 0 2 1 0 0 3 0 2 0 1 0 2 0 2 0 1 0 1 0 0 0 2 0 3 0 0 0 3 0 0 0 3 0 3 0 2 0 2 0 0 0 0 0 2 0 0 0 3 0 0 0 0 0 0 0 0 0 0 1 0 0 3 0 3 0 2 1 0 0 1 0 2 1 0 0 3 0 2 1 0 0 0 0 1 0 3 0 0 0 0 1 0 0 1 0 0 0 2 0 2 1 0 0 1 0 0 0 1 1 0 0 1 0 0 1 0 0 0 0 1 1 0 0 1 0 1 1 0 0 1 0 3 0 3 0 2 0 0 0 3 0 2 0 2 0 3 0 2 0 0 0 1 0 0 0 0 0 3 0 1 0 2 0 3 0 0 0 1 0 2 0 3 0 0 0 1 0 0 0 2 0 1 1 0 1 0 0 0 0 3 0 0 0 1 0 3 0 0 0 0 0 0 0 3 0 0 0 1 0 0 1 0 0 3 0 2 0 0 0 1 1 0 0 2 1 0 0 1 0 0 1 0 0 0 0 1 0 1 0 1 0 2 0 0 0 0 0 1 1 0 0 1 0 1 0 0 0 0 0 1 0 0 1 0 0 2 0 2 0 2 0 1
1 439 1 0 0 1 0 0 2 0 0 0 0 0 0 0 2 0 3 0 3 0 2 0 0 0 0 0 1 0 0 1 0 0 0 0 2 0 2 0 1 0 0 0 2 0 2 1 0 0 1 1 0 0 3 0 2 0 0 0 3 0 0 0 0 0 2 0 0 0 1 0 1 0 0 0 0 1 0 0 0 0 2 0 3 0 0 0 0 0 1 0 2 0 2 0 1 0 2 0 1 0 3 0 0 0 3 0 3 0 2 1 0 0 2 0 0 1 0 0 3 0 2 0 2 0 1 0 1 0 1 0 2 0 3 0 2 0 2 0 0 0 0 0 2 0 3 0 0 0 2 0 3 0 0 0 1 0 0 1 0 0 1 0 0 1 0 1 0 0 1 0 0 0 2 0 0 1 0 0 1 0 0 0 3 0 2 0 1 0 0 0 2 0 2 0 1 0 2 0 2 0 3 0 1 0 0 0 1 0 0 1 0 0 2 0 1 0 1 0 0 0 0 0 0 0 1 1 0 0 2 0 3 0 1 1 0 0 3 0 1 0 0 0 2 0 1 1 0 0 0 0 3 0 1 0 1 0 1 0 3 0 1 0 1 0 0 0 1 1 0 0 2 0 0 0 3 0 3 0 1 0 1 0 2 1 0 0 3 0 3 0 1 0 3 0 3 0 2 0 2 0 3 0 0 0 2 0 2 0 1 0 1 0 3 0 0 0 1 0 2 0 0 0 1 0 1 1 0 0 1 0 2 0 1 0 3 0 0 0 2 0 1 0 2 0 1 0 0 0 0 0 0 0 3 0 0 0 1 0 1 0 3 0 1 0 1 0 0 0 1 0 1 0 1 0 2 0 1 1 0 0 2 0 0 0 1 1 0 0 0 0 0 1 0 0 2 0 1 0 2 1 0 0 2 0 2 0 2 1 0 0 1 0 0 0 3 0 3 0 1 0 2 0 0 0 0 0 2 0 1 1 0 0 0 0 1 0 0 1 0
1 439 2 0 1 0 3 0 3 0 0 0 0 0 1 0 0 0 3 0 3 0 0 0 1 0 0 0 2 0 1 0 3 0 0 0 0 0 0 0 3 0 1 0 0 0 1 1 0 1 0 0 0 0 2 0 0 0 2 0 1 0 1 0 0 1 0 0 1 0 2 0 2 0 0 0 1 0 3 0 0 0 0 0 2 0 1 0 0 0 3 0 0 0 0 1 0 0 0 1 0 0 2 0 2 0 2 0 3 0 1 1 0 1 0 0 2 1 0 0 2 0 1 0 0 0 3 0 2 0 3 0 0 0 3 0 1 0 0 0 1 0 1 0 0 0 2 0 2 0 0 0 2 0 1 0 2 0 1 0 3 0 1 0 1 1 0 0 3 0 1 0 0 1 0 0 2 0 3 0 1 0 1 0 2 0 0 0 3 0 1 0 0 0 0 1 0 0 1 0 1 0 2 0 3 0 0 0 2 0 1 0 3 0 3 0 2 0 2 0 0 0 0 0 0 1 0 0 0 0 0 0 3 0 0 0 0 0 1 0 3 0 0 1 0 1 0 1 0 0 1 0 1 0 3 0 2 0 3 0 1 0 3 0 2 0 0 0 3 0 3 0 3 0 1 0 2 0 2 0 3 0 3 0 1 0 0 0 2 0 2 1 0 0 3 0 3 0 1 0 1 0 2 0 2 0 0 0 0 0 3 0 3 0 1 0 1 0 2 1 0 0 1 0 2 0 3 0 3 0 1 1 0 1 0 0 2 0 1 1 0 1 0 0 0 0 3 0 0 0 0 0 1 0 1 0 1 0 2 0 3 0 1 0 3 0 2 0 0 0 2 0 2 0 2 1 0 1 0 1 0 1 0 0 1 0 3 0 2 1 0 0 1 0 3 0 3 0 3 0 1 0 0 0 0 0 1 0 1 1 0 0 2 0 1 0 2 0 2 1 0 0 0 0 1 0 0 1 0 1 0 1 0 0 0 0 2 0 1 0 2
0 440 1 0 1 0 0 3 0 2 0 1 0 0 0 2 0 1 0 2 0 2 0 1 0 2 0 0 1 0 1 0 0 2 0 1 0 0 0 1 0 1 0 3 0 0 1 0 0 0 0 2 1 0 1 0 0 1 1 0 0 3 0 2 0 1 0 3 0 2 0 0 0 0 0 1 0 3 0 1 0 1 0 0 1 0 0 3 0 1 0 1 0 1 0 1 0 3 0 0 1 0 0 0 0 1 0 1 0 3 0 0 0 0 1 0 0 0 1 0 1 0 0 3 0 1 0 2 0 1 0 2 0 2 0 1 0 3 0 0 0 2 0 2 0 1 0 0 0 0 0 1 1 0 1 0 0 0 1 0 0 2 1 0 0 0 0 0 0 1 0 3 0 1 1 0 0 0 0 2 0 3 0 2 1 0 0 2 0 1 0 3 0 0 0 1 0 3 0 1 0 3 0 0 0 2 0 1 1 0 1 0 0 3 0 3 0 1 0 0 0 1 0 0 0 1 0 2 1 0 0 1 0 1 0 1 0 0 0 3 0 1 0 2 1 0 1 0 0 3 0 1 0 3 0 2 0 1 0 2 1 0 0 3 0 0 0 2 0 2 0 3 0 2 1 0 0 1 0 1 0 3 0 2 0 3 0 1 0 0 0 2 0 0 0 2 0 2 0 3 0 3 0 0 0 0 0 1 0 1 0 2 0 2 0 3 0 3 0 0 1 0 0 3 0 0 0 3 0 3 0 0 0 0 1 0 0 0 0 0 0 0 0 3 0 0 0 1 0 1 0 0 0 2 0 2 0 3 0 0 0 2 1 0 0 3 0 0 0 2 0 0 0 1 0 2 0 0 1 0 1 0 0 3 0 2 0 2 0 1 1 0 0 3 0 2 0 3 0 2 0 3 0 0 0 0 0 2 0 3 0 3 0 3 0 3 0 0 0 1 1 0 0 0 0 2 0 1 1 0 1 0 0 2 1 0 1 0 1 0 0 1
0 441 1 1 0 1 0 0 2 0 0 0 3 0 0 1 0 1 0 0 1 0 0 1 0 0 0 0 2 1 0 0 3 0 3 0 2 0 0 0 2 0 3 0 1 0 2 0 3 0 0 0 1 0 0 0 3 0 2 1 0 0 2 0 0 1 0 0 3 0 0 0 1 0 0 0 3 0 1 0 3 0 2 0 1 1 0 0 1 0 3 0 2 0 2 0 3 0 1 0 2 0 2 1 0 0 2 0 3 0 1 0 1 0 1 0 3 0 0 1 0 1 0 0 1 1 0 0 0 1 0 0 1 0 0 1 0 0 2 0 2 0 0 0 0 0 3 0 0 0 0 1 0 0 0 0 3 0 0 1 0 0 0 1 0 0 0 0 0 0 3 0 1 1 0 1 0 0 1 0 0 0 3 0 1 1 0 1 0 1 0 0 2 0 1 0 3 0 1 1 0 0 2 0 2 0 0 0 0 0 0 1 0 0 2 0 2 0 3 0 0 0 2 0 0 0 3 0 0 1 0 0 2 0 2 0 2 0 1 0 1 1 0 0 2 0 0 1 0 0 1 1 0 0 3 0 0 1 0 0 2 0 0 0 1 0 2 0 0 0 1 0 3 0 1 1 0 0 2 0 3 0 2 0 1 0 2 0 3 0 0 1 0 0 2 0 0 0 1 0 3 0 2 0 1 0 0 0 2 0 3 0 0 0 1 0 3 0 2 0 2 1 0 0 1 0 2 0 2 0 2 0 1 0 1 0 2 1 0 0 0 0 1 0 1 0 1 0 2 0 2 0 1 0 0 0 1 0 2 0 2 0 1 0 0 0 1 0 1 1 0 0 1 0 2 1 0 0 2 1 0 1 0 0 2 0 1 0 1 0 0 0 0 0 2 0 1 0 3 0 1 0 2 0 1 0 1 0 0 0 3 0 3 0 3 0 2 0 1 0 3 0 3 0 0 0 0 0 0 0 0 1 0 0 1 0 0 1 0 0 3 0 1
1 442 1 0 0 0 0 3 0 3 0 1 0 1 0 2 1 0 0 3 0 1 0 1 0 3 0 0 0 1 0 0 0 2 0 3 0 0 0 2 0 0 0 2 1 0 0 1 0 2 0 1 0 2 0 1 0 2 0 1 1 0 1 0 0 2 1 0 0 1 0 1 0 2 0 1 0 1 1 0 0 3 0 0 1 0 1 0 0 3 0 2 0 1 0 1 0 2 1 0 0 1 0 2 0 0 0 0 0 2 0 3 0 2 0 3 0 1 0 2 1 0 0 3 0 2 0 3 0 0 0 3 0 1 0 1 1 0 0 0 0 0 0 1 0 1 0 1 0 1 0 1 0 3 0 0 0 1 0 2 0 3 0 0 0 2 1 0 0 1 0 2 0 0 0 0 0 3 0 1 0 1 0 2 0 0 0 0 1 0 0 3 0 3 0 3 0 2 0 0 0 0 0 0 0 0 0 1 0 0 0 1 1 0 0 0 0 1 0 2 0 1 1 0 0 2 0 1 0 2 1 0 0 0 0 1 0 0 0 3 0 3 0 3 0 3 0 1 0 3 0 2 1 0 0 1 0 2 0 3 0 3 0 0 0 2 1 0 0 1 0 3 0 2 0 0 0 0 0 0 0 3 0 0 1 0 0 1 0 2 0 2 0 3 0 3 0 0 0 3 0 2 0 0 0 3 0 1 0 0 0 2 0 1 0 3 0 2 0 1 0 1 1 0 0 3 0 0 0 1 0 0 0 3 0 3 0 0 1 0 0 0 0 2 0 2 0 3 0 0 0 0 0 3 0 0 0 3 0 0 0 0 0 3 0 0 0 2 0 3 0 3 0 2 0 1 0 0 0 1 0 0 0 3 0 3 0 2 0 2 0 0 0 0 1 0 1 0 0 2 1 0 0 0 0 3 0 2 0 1 0 2 0 3 0 3 0 0 1 0 0 3 0 2 0 1 0 0 0 0 0 1 0 3 0 1 0 1 1 0 0 1 1 0
1 443 1 0 3 0 0 0 2 0 2 0 3 0 3 0 1 0 0 0 1 0 3 0 3 0 1 0 1 0 2 0 1 0 0 0 2 0 1 1 0 0 2 0 0 1 0 0 2 1 0 1 0 0 0 1 0 0 1 0 0 0 0 1 0 0 0 1 0 0 2 0 2 1 0 1 0 0 0 0 0 0 1 0 2 1 0 1 0 0 2 0 0 0 3 0 3 0 0 1 0 0 2 1 0 0 1 0 1 0 0 0 3 0 1 0 2 1 0 0 2 0 0 0 2 0 1 0 2 0 2 0 1 0 3 0 3 0 2 1 0 0 0 0 2 0 2 0 2 0 2 0 3 0 1 0 1 0 3 0 0 0 2 0 2 0 0 1 0 0 2 1 0 0 1 0 1 0 1 0 3 0 2 1 0 0 1 0 1 1 0 0 2 0 3 0 3 0 0 0 1 0 0 0 0 0 0 0 2 0 0 0 3 0 2 1 0 0 2 1 0 1 0 1 0 1 0 1 0 0 1 1 0 0 0 0 2 0 1 0 2 0 3 0 3 0 2 1 0 0 3 0 1 1 0 0 3 0 0 0 3 0 2 0 2 0 0 1 0 0 3 0 2 0 0 0 1 0 0 0 1 0 1 0 2 0 3 0 2 0 0 0 1 0 3 0 2 0 2 0 2 0 0 0 2 0 1 0 3 0 0 1 0 1 0 0 3 0 0 1 0 0 0 0 0 0 1 0 1 0 2 0 1 0 2 0 2 0 2 0 3 0 0 0 0 0 1 0 2 0 1 0 1 0 1 0 2 0 1 0 1 0 1 0 1 0 2 0 0 0 3 0 3 0 0 0 3 0 0 0 2 0 1 0 2 0 3 0 1 0 0 0 1 0 1 1 0 1 0 0 0 1 0 0 1 0 2 0 0 1 0 0 1 0 3 0 2 0 2 1 0 0 2 0 0 0 3 0 0 0 0 0 3 0 1 0 3 0 3 0 3 0 2 0 2
0 443 3 0 1 0 2 0 0 0 1 0 3 0 2 0 3 0 0 0 3 0 2 0 2 0 3 0 2 1 0 0 3 0 0 1 0 1 0 1 0 1 0 0 2 1 0 0 1 0 0 0 3 0 0 0 3 0 1 0 0 0 1 0 3 0 0 1 0 0 0 0 2 0 0 0 2 1 0 0 0 0 3 0 1 0 0 0 3 0 3 0 1 0 2 0 2 0 2 1 0 0 0 1 0 0 2 0 2 0 1 0 1 1 0 0 1 1 0 1 0 0 1 1 0 1 0 0 1 0 0 1 0 0 3 0 3 0 1 1 0 0 1 0 0 0 1 0 1 0 1 0 2 0 3 0 3 0 1 0 2 0 0 0 0 0 2 1 0 0 0 1 0 0 2 0 2 0 3 0 2 0 1 1 0 0 2 1 0 0 0 0 0 0 3 0 2 0 1 0 2 0 0 0 0 0 0 1 0 0 2 0 2 0 2 0 0 0 1 0 0 1 0 1 0 1 0 0 3 0 2 0 2 1 0 1 0 1 0 0 1 0 3 0 3 0 2 0 0 0 2 0 0 0 0 0 1 0 2 0 2 0 1 0 0 0 2 1 0 0 2 0 0 0 1 0 2 0 0 0 2 0 3 0 0 0 3 0 0 0 1 0 3 0 2 0 1 0 1 0 0 0 1 1 0 1 0 0 2 0 2 1 0 1 0 0 1 0 2 0 2 1 0 0 0 0 2 0 2 1 0 1 0 0 1 0 1 0 1 0 2 0 1 0 0 0 2 1 0 0 3 0 2 0 2 1 0 0 3 0 2 0 2 0 2 1 0 0 2 0 2 0 2 0 2 0 1 0 1 1 0 1 0 0 1 0 2 0 3 0 0 0 2 1 0 0 0 0 3 0 0 0 3 0 1 1 0 0 2 0 3 0 2 0 2 0 1 0 1 1 0 1 0 0 2 0 1 0 1 0 1 0 1 1 0 0 3 0 3 0 3 0 1 0 1
1 445 1 0 1 1 0 0 0 0 1 0 3 0 2 0 1 0 2 0 2 0 2 0 1 0 1 0 3 0 2 0 0 0 1 0 2 1 0 1 0 1 0 1 0 0 0 1 0 0 2 0 1 0 1 0 2 0 1 0 3 0 0 0 3 0 1 0 2 0 2 1 0 1 0 0 2 0 0 1 0 0 1 0 1 0 3 0 1 0 2 0 2 1 0 0 1 0 1 0 1 1 0 0 1 1 0 0 0 0 0 0 3 0 3 0 3 0 2 1 0 0 3 0 2 1 0 0 3 0 1 0 1 1 0 0 2 0 2 1 0 1 0 0 2 0 0 0 2 0 2 0 3 0 0 0 3 0 2 1 0 0 0 0 1 0 1 0 0 1 0 0 1 1 0 0 0 0 1 0 3 0 1 0 0 0 0 0 0 1 0 0 0 0 1 0 2 0 0 1 0 0 0 0 1 0 0 0 1 1 0 0 0 0 1 0 0 0 1 0 2 0 1 1 0 1 0 1 0 0 2 0 1 0 2 0 0 1 0 0 3 0 2 0 2 0 3 0 0 0 1 1 0 0 1 0 0 0 3 0 0 0 0 0 3 0 1 0 0 1 0 1 0 0 1 0 2 1 0 0 2 0 0 0 2 0 2 0 1 0 1 0 3 0 2 0 0 0 3 0 2 0 0 1 0 0 0 1 0 0 0 0 2 0 0 0 3 0 2 0 0 0 1 1 0 0 1 0 0 0 2 0 0 0 3 0 1 0 2 0 2 1 0 0 3 0 1 0 1 0 0 0 2 0 1 0 2 0 0 0 2 0 1 0 1 0 2 0 0 0 0 0 1 0 1 0 0 1 0 0 0 0 0 0 3 0 2 0 0 0 2 0 2 0 0 1 0 0 1 0 1 0 2 0 2 0 0 0 0 0 0 0 3 0 1 0 0 1 0 0 0 0 0 0 3 0 3 0 2 0 2 0 2 1 0 0 0 0 2 0 3 0 2 0 3 0 2
0 445 2 0 3 0 2 1 0 0 3 0 2 0 0 1 0 0 1 0 1 0 0 0 3 0 3 0 2 0 0 0 1 0 3 0 1 0 0 1 0 1 0 0 3 0 0 0 3 0 3 0 2 0 2 1 0 1 0 0 2 0 2 0 1 1 0 0 1 0 2 0 0 0 3 0 3 0 1 0 3 0 1 0 3 0 1 1 0 0 1 0 1 1 0 0 2 0 2 0 3 0 3 0 2 0 2 1 0 0 1 0 2 0 3 0 3 0 2 0 0 0 2 0 2 0 0 0 1 1 0 0 0 0 0 0 0 0 2 0 0 0 3 0 3 0 1 0 0 0 1 0 2 0 2 0 2 0 1 1 0 0 0 0 2 0 2 0 1 0 3 0 2 0 2 1 0 0 3 0 1 0 3 0 0 0 0 0 1 0 2 1 0 0 2 1 0 0 2 0 2 1 0 0 2 0 0 0 3 0 2 1 0 0 2 0 0 0 3 0 0 0 0 0 0 1 0 0 3 0 3 0 2 1 0 0 2 1 0 0 2 0 1 0 1 0 2 0 1 0 3 0 3 0 1 0 1 0 1 0 1 0 1 0 1 0 3 0 1 1 0 0 3 0 2 0 0 1 0 1 0 0 2 0 0 0 0 0 3 0 3 0 2 0 0 0 2 0 2 0 0 0 2 0 3 0 0 0 2 1 0 1 0 0 2 0 2 0 0 0 1 0 3 0 3 0 1 0 0 1 0 0 2 0 1 1 0 0 1 0 2 0 0 0 1 0 3 0 2 0 0 1 0 1 0 0 0 0 1 1 0 0 3 0 2 1 0 0 1 0 0 0 2 0 2 0 1 0 2 1 0 0 1 0 2 0 0 0 2 0 0 0 0 0 2 0 3 0 1 0 3 0 0 0 0 0 1 0 0 0 1 0 1 0 3 0 1 0 2 1 0 0 1 0 2 0 3 0 1 0 1 0 1 1 0 0 1 0 0 0 3 0 1 0 3 0 1
1 447 1 0 0 0 3 0 2 0 0 0 2 0 0 0 2 0 3 0 1 0 2 0 1 0 2 0 3 0 0 0 1 0 3 0 1 0 3 0 1 1 0 1 0 0 1 0 2 0 2 0 3 0 1 0 2 0 0 1 0 0 0 0 0 1 0 1 0 0 2 1 0 0 2 0 2 0 2 1 0 0 2 1 0 0 2 1 0 1 0 0 2 1 0 0 0 0 0 0 1 0 3 0 3 0 1 0 1 1 0 0 3 0 0 0 3 0 3 0 0 0 2 0 0 0 0 0 1 0 3 0 2 1 0 0 0 0 0 1 0 0 2 0 2 0 2 0 3 0 0 0 3 0 0 0 1 0 0 1 0 1 0 0 1 0 0 0 0 1 0 0 3 0 1 0 2 0 0 0 1 1 0 0 2 0 1 0 0 0 3 0 1 0 0 0 1 0 0 0 0 0 1 1 0 1 0 0 2 0 2 0 1 1 0 1 0 0 2 0 1 0 1 0 0 0 1 1 0 0 2 0 3 0 2 0 0 0 0 1 0 1 0 0 3 0 2 1 0 1 0 0 3 0 2 0 3 0 2 0 2 0 2 0 2 0 3 0 2 0 0 0 0 0 2 0 0 0 2 1 0 0 3 0 3 0 0 0 1 0 2 0 3 0 0 0 2 0 0 0 0 0 2 0 0 0 2 0 2 0 1 0 0 1 0 0 0 0 0 0 1 0 3 0 2 0 2 0 3 0 1 0 3 0 3 0 3 0 3 0 1 1 0 0 1 0 3 0 2 0 0 0 2 1 0 0 2 1 0 1 0 0 0 0 2 0 1 1 0 0 2 0 1 0 0 0 0 1 0 0 1 1 0 0 2 1 0 0 1 1 0 0 1 0 1 0 0 0 2 1 0 0 2 0 1 0 0 0 2 0 0 0 2 0 3 0 1 1 0 0 1 1 0 0 3 0 0 0 2 0 3 0 2 0 3 0 3 0 1 0 1 0 1 1 0 0 2 1 0
1 447 2 0 1 0 2 0 0 0 1 1 0 0 2 0 0 0 2 1 0 0 0 1 0 0 1 0 2 0 1 0 3 0 1 1 0 0 3 0 0 0 0 0 3 0 2 0 0 0 1 0 2 1 0 0 0 0 2 0 2 1 0 0 1 1 0 1 0 0 1 0 0 0 0 0 1 0 2 0 0 0 1 0 0 0 1 0 0 1 0 0 0 1 0 0 0 0 0 0 3 0 2 0 2 1 0 0 0 0 0 0 1 0 2 0 2 0 2 0 1 1 0 0 1 0 0 0 3 0 2 0 1 1 0 0 0 0 1 1 0 0 0 0 1 0 1 0 2 0 2 0 1 0 1 0 2 0 1 1 0 0 3 0 1 0 0 0 1 1 0 0 1 1 0 0 0 0 1 0 3 0 3 0 3 0 2 0 1 0 1 0 3 0 0 0 2 0 0 0 0 1 0 0 0 1 0 0 0 0 1 0 0 0 0 0 3 0 3 0 2 0 2 0 0 1 0 0 0 0 0 0 3 0 0 0 1 0 1 1 0 1 0 0 2 0 2 0 0 1 0 0 2 0 1 0 3 0 1 0 1 0 1 0 1 0 3 0 0 0 1 0 0 1 0 0 2 0 1 0 0 0 2 0 2 0 1 0 3 0 0 0 2 0 1 1 0 0 1 0 0 1 0 0 2 0 0 0 0 0 3 0 1 0 2 1 0 0 0 0 3 0 2 0 1 0 1 0 2 1 0 0 3 0 3 0 3 0 2 1 0 1 0 0 3 0 2 0 0 0 2 0 1 0 0 0 1 0 0 0 2 1 0 1 0 1 0 1 0 1 0 0 3 0 0 0 1 0 3 0 2 1 0 0 0 1 0 0 3 0 3 0 1 0 2 0 1 0 0 1 0 1 0 0 3 0 0 1 0 0 2 0 0 0 2 1 0 1 0 1 0 0 0 0 1 0 2 0 0 0 3 0 1 0 3 0 2 0 3 0 2 1 0 0 0 0 0 1 0
1 448 1 0 1 0 0 0 0 1 0 3 0 3 0 3 0 1 0 0 1 0 0 1 0 3 0 1 1 0 1 0 0 3 0 0 0 0 0 1 0 1 0 1 0 2 0 0 0 1 0 3 0 0 1 0 0 1 0 0 0 1 1 0 1 0 0 0 0 3 0 1 0 0 0 0 0 2 1 0 0 1 0 2 0 0 0 2 0 1 0 3 0 0 0 2 1 0 0 1 0 2 0 1 0 1 1 0 0 0 0 0 0 3 0 0 0 1 0 0 1 0 1 0 0 2 0 1 0 2 0 0 1 0 1 0 0 0 0 3 0 2 1 0 0 2 0 3 0 0 0 0 0 3 0 3 0 0 0 0 0 0 0 1 0 3 0 0 0 3 0 3 0 2 0 2 1 0 0 3 0 2 0 3 0 3 0 0 0 3 0 3 0 1 0 1 1 0 0 1 0 1 0 3 0 0 0 2 1 0 0 2 0 0 0 1 0 2 0 3 0 1 0 0 0 2 0 2 1 0 0 1 0 1 0 1 0 2 1 0 0 0 1 0 0 0 0 0 0 2 0 3 0 3 0 3 0 1 0 3 0 2 0 2 0 3 0 1 0 1 0 2 0 1 0 3 0 3 0 2 0 1 0 0 0 0 1 0 0 2 0 1 1 0 1 0 1 0 0 2 0 1 0 3 0 3 0 0 0 1 0 1 1 0 0 1 1 0 0 1 0 2 0 0 0 3 0 3 0 1 0 0 0 2 0 3 0 3 0 2 0 0 1 0 0 2 0 0 0 1 1 0 0 3 0 0 0 2 0 1 0 1 0 0 1 0 1 0 1 0 1 0 0 1 0 1 0 3 0 2 0 1 1 0 0 1 1 0 0 2 0 2 1 0 0 0 0 3 0 1 1 0 1 0 0 1 0 2 0 3 0 3 0 1 0 1 0 0 1 0 0 2 1 0 0 2 1 0 0 2 0 1 1 0 0 3 0 1 0 3 0 1 1 0 0 0 0 1 0 2
0 449 1 1 0 0 2 1 0 0 3 0 2 0 3 0 2 0 3 0 1 0 3 0 2 0 2 0 0 0 0 1 0 0 1 0 1 0 0 0 2 0 2 0 2 1 0 0 1 0 3 0 1 0 2 0 3 0 1 0 0 1 0 0 0 0 3 0 0 0 1 0 3 0 0 0 1 0 0 1 0 0 2 1 0 0 1 1 0 1 0 0 2 0 2 0 0 1 0 0 2 1 0 0 3 0 3 0 2 1 0 0 1 0 1 0 1 0 2 0 1 1 0 0 3 0 3 0 2 1 0 0 2 1 0 0 3 0 0 0 2 0 2 0 0 0 0 0 2 0 1 0 1 0 2 0 2 0 1 0 0 0 0 0 3 0 1 0 2 0 2 0 3 0 1 0 2 0 0 0 2 0 1 0 3 0 2 0 2 0 2 0 2 0 3 0 3 0 3 0 1 0 3 0 1 0 2 0 0 1 0 1 0 0 1 0 3 0 0 0 2 0 3 0 1 0 0 0 1 1 0 0 2 0 2 0 3 0 0 1 0 0 1 0 2 1 0 0 1 0 0 0 3 0 3 0 2 1 0 0 3 0 1 0 1 0 2 0 3 0 2 1 0 1 0 0 3 0 3 0 0 0 3 0 0 0 1 1 0 0 0 0 0 0 0 1 0 0 3 0 3 0 3 0 2 0 2 0 1 0 2 0 3 0 3 0 2 0 3 0 1 1 0 0 2 0 2 0 2 0 3 0 1 0 0 0 3 0 3 0 0 0 2 0 3 0 3 0 0 1 0 0 0 0 1 0 1 1 0 0 3 0 2 0 1 1 0 1 0 1 0 0 3 0 1 0 3 0 2 0 0 1 0 1 0 1 0 0 0 0 0 0 1 1 0 0 1 0 2 0 0 0 0 0 3 0 2 0 0 0 3 0 2 0 3 0 2 0 1 1 0 0 1 0 0 0 1 0 0 0 0 0 0 0 0 0 1 1 0 0 2 1 0 1 0 0 0 0 3 0 0
0 450 1 0 0 0 0 1 0 0 0 2 0 1 0 3 0 1 0 2 1 0 0 3 0 1 0 0 0 1 0 1 0 3 0 1 0 2 0 1 0 0 0 1 0 1 1 0 0 3 0 1 1 0 0 1 0 2 0 3 0 1 0 3 0 0 0 1 0 1 0 3 0 1 0 1 0 2 0 1 1 0 0 0 1 0 1 0 0 0 1 0 0 0 0 0 0 2 1 0 0 1 0 0 0 2 0 3 0 1 1 0 0 2 0 2 0 3 0 0 0 0 0 0 0 2 0 3 0 2 0 0 0 1 0 0 0 1 0 2 0 0 0 0 0 1 0 0 1 0 0 3 0 3 0 0 0 0 0 3 0 0 0 1 0 1 1 0 0 1 0 1 0 2 1 0 0 0 0 1 1 0 1 0 0 3 0 1 0 1 0 1 0 1 0 3 0 3 0 2 1 0 0 2 1 0 0 0 0 2 1 0 0 3 0 2 0 1 0 2 0 0 0 2 0 3 0 0 1 0 0 0 0 0 0 1 0 2 0 2 0 3 0 2 0 0 1 0 0 2 0 1 0 2 0 3 0 2 0 0 0 1 0 3 0 3 0 0 0 3 0 2 0 0 1 0 0 2 0 2 0 2 0 1 0 1 0 3 0 2 1 0 0 0 0 1 1 0 0 2 0 3 0 3 0 1 0 0 1 0 0 1 0 3 0 3 0 1 0 3 0 0 0 0 0 0 0 1 0 1 0 2 0 3 0 1 0 2 0 2 0 2 0 0 0 3 0 2 0 2 0 2 1 0 0 2 1 0 0 0 0 2 0 1 0 0 0 0 1 0 1 0 0 1 1 0 0 3 0 0 0 2 1 0 1 0 0 2 1 0 0 0 0 3 0 3 0 1 1 0 0 1 0 1 0 2 0 0 0 2 0 2 0 1 0 3 0 0 1 0 1 0 0 2 0 0 0 2 0 0 0 0 0 0 0 0 1 0 0 0 0 1 0 0 0 3 0 0 0 1 0 1
1 451 1 0 2 1 0 0 2 0 0 1 0 1 0 0 2 1 0 0 2 0 0 0 1 0 3 0 0 0 2 0 3 0 1 1 0 0 0 0 3 0 0 0 2 1 0 0 0 0 1 1 0 1 0 0 3 0 0 0 2 1 0 0 2 0 1 0 2 0 3 0 1 0 3 0 2 1 0 1 0 1 0 0 1 1 0 0 3 0 0 0 2 1 0 0 1 0 0 1 0 0 2 0 1 0 0 0 3 0 0 0 0 0 0 0 1 0 2 0 1 0 0 0 1 0 0 0 3 0 0 0 1 0 2 0 0 0 2 1 0 0 1 0 0 0 2 0 1 1 0 0 2 0 2 0 1 0 1 0 1 0 1 0 2 0 3 0 3 0 1 0 3 0 0 1 0 0 0 1 0 0 0 1 0 0 1 0 3 0 2 0 2 0 3 0 2 0 3 0 2 0 0 0 0 1 0 0 1 0 1 0 0 0 2 0 0 1 0 0 0 0 2 0 0 0 2 0 2 0 2 1 0 0 0 0 3 0 0 0 1 0 3 0 0 0 2 0 3 0 3 0 3 0 0 0 3 0 0 0 1 0 3 0 2 0 2 0 2 0 2 0 0 0 2 1 0 0 0 0 1 0 0 0 3 0 3 0 2 0 1 1 0 0 0 1 0 0 0 0 0 0 3 0 2 0 3 0 1 0 3 0 2 0 2 0 2 1 0 0 2 0 1 0 0 0 0 0 2 0 3 0 0 0 2 1 0 0 1 0 1 0 0 0 2 0 2 0 1 0 1 0 2 0 0 0 0 1 0 0 0 1 0 0 3 0 0 0 1 1 0 0 3 0 2 1 0 0 1 0 2 0 1 0 0 1 0 0 0 1 0 0 1 0 2 0 2 1 0 1 0 0 2 0 2 1 0 0 2 0 0 0 0 1 0 0 2 0 2 1 0 0 3 0 3 0 0 1 0 0 1 0 0 0 0 0 1 0 2 1 0 0 2 0 1 0 1 0 1 0 2 0 2
0 451 3 0 0 1 0 1 0 0 2 1 0 1 0 0 0 1 0 1 0 0 1 0 3 0 1 0 2 0 0 0 2 1 0 1 0 0 1 0 1 0 2 0 0 1 0 0 0 1 0 0 0 1 0 0 1 0 2 0 0 1 0 1 0 1 0 0 1 0 2 1 0 0 3 0 2 0 0 1 0 0 3 0 2 1 0 0 1 0 2 0 0 1 0 0 2 0 1 0 3 0 3 0 2 0 1 0 1 0 1 0 0 0 0 0 2 1 0 0 3 0 0 0 2 0 1 0 1 0 1 0 2 1 0 0 2 0 0 1 0 0 2 0 1 0 0 0 0 0 0 0 0 0 0 0 3 0 2 0 2 0 3 0 0 0 3 0 2 1 0 0 2 0 2 0 3 0 0 0 3 0 0 0 3 0 2 0 2 0 1 0 1 0 3 0 1 0 3 0 0 0 1 0 1 0 3 0 1 0 2 0 0 1 0 0 2 0 2 1 0 1 0 0 2 0 0 0 1 0 1 1 0 0 1 0 1 0 1 0 3 0 1 0 2 0 0 0 3 0 3 0 2 0 2 0 1 0 1 0 3 0 2 0 1 0 1 0 1 0 0 0 2 0 0 1 0 0 0 0 2 0 1 0 2 0 3 0 0 1 0 1 0 0 1 0 2 1 0 0 1 0 2 0 1 0 2 1 0 0 3 0 1 0 1 0 1 1 0 1 0 0 3 0 0 0 1 0 0 0 2 0 2 0 0 1 0 0 2 0 2 0 1 0 0 0 0 0 3 0 2 1 0 0 1 0 1 0 3 0 0 1 0 0 1 0 1 1 0 0 0 0 2 0 1 1 0 0 2 1 0 0 3 0 1 0 3 0 0 0 3 0 2 0 0 0 2 0 0 1 0 0 0 0 1 1 0 1 0 0 1 0 1 1 0 0 0 0 2 0 0 0 2 0 2 0 2 0 3 0 1 0 0 0 0 0 3 0 0 1 0 1 0 0 3 0 2 0 3 0 0 0 1
1 453 1 0 1 0 2 1 0 1 0 0 1 0 0 0 3 0 0 1 0 0 3 0 2 0 1 1 0 0 0 0 2 0 1 0 0 0 3 0 1 0 2 1 0 0 2 0 3 0 0 0 3 0 0 0 3 0 1 1 0 0 2 1 0 1 0 0 3 0 2 0 1 0 0 0 2 0 0 0 2 1 0 0 2 0 1 1 0 0 2 1 0 0 2 0 3 0 3 0 3 0 2 0 3 0 0 0 3 0 2 0 2 0 0 0 1 0 1 0 0 0 1 0 1 1 0 0 3 0 2 0 3 0 0 1 0 1 0 0 2 0 3 0 3 0 2 0 0 0 0 0 0 0 0 0 1 0 2 0 1 0 1 0 2 0 2 0 2 0 2 0 0 0 0 0 1 0 2 0 2 0 1 0 2 0 2 0 1 0 0 0 3 0 3 0 1 1 0 0 2 0 1 0 2 0 3 0 1 1 0 0 0 0 2 1 0 0 0 0 2 0 0 0 3 0 3 0 0 0 2 0 3 0 3 0 1 0 2 0 3 0 1 1 0 0 0 0 2 0 2 0 3 0 1 0 0 0 3 0 3 0 2 0 0 0 3 0 2 0 2 0 0 1 0 0 2 0 2 1 0 1 0 1 0 0 1 0 2 0 2 1 0 0 3 0 2 0 0 1 0 0 2 1 0 1 0 0 2 0 0 0 1 0 3 0 2 1 0 0 0 1 0 0 1 0 1 0 2 0 1 0 0 0 0 0 2 1 0 0 0 0 0 0 3 0 0 0 1 0 2 0 1 1 0 0 2 0 3 0 1 0 2 0 3 0 1 0 3 0 3 0 0 0 0 0 0 0 0 0 1 0 0 0 1 1 0 0 2 0 2 0 2 0 0 0 1 1 0 0 2 0 2 1 0 1 0 0 0 0 3 0 1 0 3 0 2 1 0 1 0 0 2 0 0 0 1 0 1 0 2 0 3 0 0 0 1 0 1 0 2 1 0 1 0 0 2 0 1 0 2 0 1 0 2
0 453 2 0 3 0 1 0 0 0 3 0 1 0 1 0 1 0 2 1 0 0 2 0 0 1 0 1 0 0 0 1 0 0 3 0 1 0 1 1 0 0 2 0 0 0 0 0 2 0 2 0 1 0 2 0 2 0 0 0 0 0 1 0 0 1 0 0 2 0 0 0 3 0 0 1 0 0 2 0 1 0 0 0 0 0 0 0 0 0 1 0 0 0 0 0 3 0 3 0 3 0 1 0 2 0 2 0 2 0 1 0 0 0 1 0 2 0 2 0 0 0 2 1 0 0 0 0 2 0 1 0 2 0 2 1 0 1 0 0 0 0 3 0 3 0 0 0 1 0 0 0 0 0 0 0 2 1 0 0 3 0 3 0 0 0 1 0 1 0 0 0 1 0 0 0 3 0 0 0 0 1 0 0 1 0 0 0 3 0 1 0 2 0 2 1 0 1 0 1 0 1 0 0 1 0 2 1 0 1 0 0 1 0 0 1 0 0 0 1 0 0 2 0 2 0 2 0 2 0 0 0 3 0 2 1 0 0 1 0 2 1 0 1 0 0 1 0 0 0 1 0 2 0 3 0 1 0 2 0 3 0 0 0 2 0 2 0 1 0 0 0 2 1 0 0 0 0 2 0 0 1 0 0 3 0 2 0 0 0 2 0 0 0 2 0 0 0 2 1 0 0 1 0 0 0 3 0 3 0 0 0 3 0 2 0 1 1 0 0 1 0 3 0 1 0 2 1 0 0 3 0 0 0 1 0 0 1 0 0 0 0 1 0 1 0 1 0 3 0 0 0 0 0 0 0 0 0 2 1 0 0 1 0 2 1 0 0 3 0 2 0 1 0 0 0 0 0 0 0 2 0 0 1 0 0 0 0 0 0 1 0 0 0 1 1 0 0 0 0 0 0 2 0 0 0 3 0 0 0 1 1 0 0 3 0 2 0 0 0 3 0 3 0 0 0 2 0 3 0 0 0 2 0 1 0 2 0 3 0 1 0 0 0 3 0 3 0 2 1 0 1 0 0 1
0 455 1 0 0 0 2 0 3 0 1 0 1 0 3 0 2 0 3 0 0 1 0 1 0 0 2 1 0 0 3 0 0 1 0 0 1 0 3 0 3 0 3 0 3 0 0 0 1 0 0 0 0 1 0 0 1 0 0 0 1 0 0 0 2 0 1 0 3 0 3 0 1 0 1 0 2 0 3 0 3 0 2 0 0 0 0 0 0 0 0 0 2 0 0 0 1 0 2 0 3 0 2 1 0 0 1 0 1 0 0 0 3 0 0 0 3 0 0 0 0 0 2 0 0 1 0 0 0 1 0 1 0 0 1 0 2 0 0 0 3 0 0 0 2 0 2 0 1 0 2 0 0 0 0 0 1 0 1 0 0 0 2 0 2 0 1 0 2 0 2 0 0 0 2 0 1 0 1 0 1 0 1 0 3 0 1 0 1 0 1 1 0 0 1 0 2 0 0 1 0 1 0 0 3 0 2 0 1 0 0 0 3 0 1 0 1 0 3 0 0 1 0 0 0 0 1 0 1 0 0 0 2 0 2 0 1 1 0 0 3 0 1 0 0 0 3 0 1 0 0 0 3 0 0 0 2 1 0 0 1 0 2 0 2 0 0 0 0 0 3 0 1 0 0 1 0 0 0 1 0 0 2 1 0 0 2 0 0 0 1 1 0 0 1 1 0 0 2 0 0 1 0 0 2 0 1 0 2 0 2 0 2 0 2 0 0 1 0 1 0 0 3 0 1 1 0 0 2 0 0 0 1 0 1 0 2 0 1 0 2 1 0 0 2 0 2 0 3 0 1 0 1 0 0 0 0 0 1 0 0 1 0 0 3 0 1 0 0 0 2 0 0 0 3 0 0 0 0 0 0 1 0 0 2 0 2 1 0 0 0 0 2 0 0 0 3 0 2 1 0 0 0 1 0 0 2 0 1 0 1 1 0 0 0 0 2 0 0 0 2 0 2 0 2 0 2 0 0 0 2 0 1 1 0 1 0 0 1 0 2 0 3 0 1 0 2 0 3 0 2 0 0 0 3 0 1
1 455 2 0 1 0 0 0 2 0 3 0 3 0 2 0 1 0 2 0 2 1 0 1 0 0 1 0 0 0 1 0 2 0 3 0 2 0 2 0 3 0 3 0 2 0 1 0 2 0 0 0 1 0 3 0 1 0 0 0 2 0 0 1 0 1 0 0 3 0 2 0 3 0 3 0 0 0 3 0 3 0 0 0 1 0 0 0 0 0 0 1 0 0 1 0 3 0 0 0 3 0 1 1 0 0 2 0 2 0 1 0 1 0 2 0 1 0 1 0 0 1 0 0 2 0 3 0 0 1 0 0 3 0 1 1 0 0 2 0 1 0 2 0 0 0 0 1 0 0 0 0 1 0 0 0 2 0 2 0 1 0 0 0 0 1 0 0 1 0 0 0 1 1 0 0 3 0 2 0 2 0 3 0 1 0 3 0 2 0 3 0 3 0 1 1 0 0 2 1 0 1 0 0 2 0 0 0 3 0 1 0 1 0 3 0 3 0 1 0 2 0 2 1 0 0 2 0 2 0 1 0 0 0 1 0 0 0 0 0 1 0 3 0 1 0 1 0 3 0 1 0 1 0 2 0 0 1 0 0 3 0 0 0 0 0 1 0 1 0 1 0 3 0 1 0 3 0 0 1 0 0 0 1 0 1 0 0 1 0 3 0 3 0 2 0 3 0 3 0 1 0 3 0 3 0 3 0 0 0 1 0 1 0 0 0 2 1 0 1 0 0 1 1 0 1 0 1 0 0 1 0 2 0 2 1 0 1 0 0 2 0 0 0 0 0 1 0 2 0 3 0 2 0 0 0 0 0 2 0 1 1 0 0 1 0 3 0 0 1 0 0 2 0 1 0 1 0 0 0 1 1 0 0 0 0 1 1 0 0 0 1 0 0 2 0 2 0 1 1 0 0 1 0 3 0 3 0 2 0 3 0 2 1 0 1 0 0 2 0 0 0 1 0 1 0 0 0 2 0 0 0 0 0 0 0 3 0 2 0 0 0 2 1 0 0 1 0 3 0 0 0 2 0 1 1 0
1 456 1 0 0 3 0 1 0 0 0 3 0 3 0 0 1 0 0 1 0 2 0 0 0 3 0 1 0 0 0 3 0 0 0 3 0 1 0 1 0 3 0 3 0 0 1 0 0 0 0 1 0 3 0 1 0 3 0 0 1 0 0 2 1 0 1 0 0 2 0 1 0 3 0 2 0 2 0 2 0 2 0 1 0 2 0 0 0 0 0 1 0 3 0 2 0 1 0 2 0 2 0 0 0 0 0 0 0 0 0 3 0 2 1 0 0 3 0 2 0 1 1 0 0 0 0 2 0 2 1 0 0 1 1 0 1 0 1 0 1 0 0 0 0 1 0 1 0 2 1 0 0 2 0 1 0 0 0 0 0 3 0 0 0 1 0 3 0 1 0 0 1 0 0 0 0 2 0 1 0 1 0 2 1 0 0 3 0 1 0 3 0 3 0 0 0 0 0 1 0 0 0 3 0 3 0 1 0 1 0 3 0 3 0 2 0 2 1 0 0 1 0 2 0 0 0 0 0 0 0 3 0 0 0 2 0 0 0 0 0 3 0 1 0 3 0 3 0 1 0 3 0 2 1 0 0 2 1 0 0 1 0 1 0 0 0 2 0 2 0 3 0 1 1 0 0 2 0 2 0 3 0 0 1 0 0 3 0 2 0 2 0 3 0 1 0 3 0 2 1 0 0 3 0 3 0 2 0 1 0 2 0 2 0 1 0 1 0 0 0 3 0 2 1 0 1 0 0 3 0 2 0 0 0 2 0 0 0 3 0 3 0 0 0 0 0 3 0 0 0 3 0 0 0 1 0 0 1 0 1 0 1 0 0 3 0 1 0 2 0 3 0 3 0 2 0 2 0 0 0 3 0 2 1 0 0 3 0 3 0 0 1 0 0 0 0 0 1 0 1 0 0 3 0 2 0 3 0 1 0 3 0 2 0 0 0 3 0 3 0 0 0 2 0 2 0 0 1 0 0 1 0 0 0 1 0 2 0 0 0 2 0 0 1 0 0 3 0 1 0 1 1 0 1 0 1 0
0 457 1 1 0 0 1 0 3 0 1 0 2 0 2 0 2 0 3 0 1 1 0 0 2 0 1 0 3 0 1 0 1 0 2 0 1 0 3 0 3 0 2 0 2 0 2 0 2 1 0 0 3 0 1 1 0 0 2 0 2 1 0 0 1 0 0 0 3 0 3 0 3 0 2 0 1 0 1 0 1 0 0 1 0 0 0 0 1 0 0 0 3 0 2 0 0 1 0 0 1 0 0 0 1 0 0 0 0 0 1 0 2 0 2 0 0 0 2 0 0 1 0 1 0 0 1 0 0 0 1 1 0 1 0 0 0 1 0 1 0 0 2 1 0 0 2 0 3 0 0 1 0 1 0 0 3 0 0 0 1 0 1 0 1 0 3 0 1 0 3 0 1 0 2 1 0 1 0 0 3 0 3 0 1 0 0 0 1 1 0 0 3 0 2 0 1 0 0 0 2 0 1 0 2 0 2 0 3 0 3 0 2 0 3 0 1 0 1 1 0 0 2 1 0 0 1 0 0 0 1 0 1 0 1 1 0 0 1 0 1 0 1 1 0 0 3 0 2 1 0 0 3 0 2 0 0 0 0 1 0 0 2 0 2 0 1 0 0 0 1 0 3 0 0 0 0 0 0 0 1 0 2 0 2 1 0 0 2 0 1 0 1 0 2 1 0 0 3 0 2 0 0 0 2 0 3 0 0 1 0 0 1 0 0 0 3 0 2 0 1 0 2 0 2 0 0 1 0 0 2 0 0 0 1 1 0 0 2 0 2 0 2 0 1 0 1 0 1 0 2 0 1 0 1 0 2 0 1 1 0 1 0 1 0 0 1 1 0 0 1 0 3 0 3 0 1 0 0 0 2 0 2 0 2 0 0 0 2 0 2 0 2 0 2 1 0 0 1 1 0 1 0 0 2 0 1 0 2 1 0 0 3 0 0 0 2 0 2 0 2 0 2 0 0 0 0 0 2 0 3 0 1 0 0 0 2 1 0 0 1 1 0 0 2 1 0 0 1 1 0 0 0 0 0 1 0 0 2
1 457 3 0 3 0 2 0 1 1 0 0 1 0 1 0 1 0 2 1 0 1 0 1 0 1 0 0 2 0 3 0 2 1 0 1 0 0 3 0 3 0 1 0 1 0 1 0 2 0 0 0 2 0 0 0 0 0 0 0 1 1 0 0 2 0 1 0 2 0 3 0 3 0 0 0 3 0 2 0 2 0 1 0 2 1 0 0 2 0 1 0 2 0 0 0 2 0 3 0 1 0 0 0 2 0 0 0 0 0 3 0 0 0 0 0 1 1 0 0 2 1 0 0 3 0 1 0 0 1 0 0 0 0 3 0 0 1 0 1 0 0 1 0 0 0 0 0 2 0 2 1 0 1 0 0 1 0 1 0 2 0 2 0 3 0 1 1 0 0 2 1 0 0 2 0 0 1 0 0 2 0 2 0 3 0 0 1 0 0 0 0 2 0 0 0 3 0 0 1 0 1 0 0 1 0 1 0 3 0 3 0 1 0 2 1 0 0 0 0 0 0 0 1 0 0 2 0 0 0 2 0 2 0 3 0 3 0 1 0 2 1 0 0 0 0 2 0 2 0 0 0 2 0 0 0 1 0 1 1 0 0 0 0 0 0 3 0 0 0 3 0 1 0 1 0 0 0 0 0 3 0 0 0 1 1 0 1 0 0 3 0 3 0 1 0 0 0 2 0 0 0 2 0 0 0 2 0 2 0 3 0 1 0 1 0 2 0 0 1 0 0 1 0 0 0 2 0 3 0 3 0 0 1 0 0 0 0 0 0 1 0 0 0 3 0 2 0 2 1 0 0 3 0 3 0 0 0 0 0 0 1 0 0 3 0 2 0 3 0 2 0 2 0 2 0 3 0 1 0 0 0 1 0 0 0 2 0 0 0 1 0 1 0 1 1 0 1 0 0 0 0 3 0 3 0 3 0 1 0 0 0 1 0 2 0 0 0 1 0 1 0 0 0 1 0 1 0 0 0 2 0 3 0 1 0 0 1 0 1 0 0 0 0 0 1 0 0 3 0 2 1 0 0 1 1 0 0 0
1 459 1 0 2 0 3 0 0 1 0 1 0 0 2 0 2 0 3 0 1 0 0 1 0 1 0 1 0 0 0 0 3 0 2 0 0 1 0 0 2 0 2 0 3 0 2 0 2 1 0 0 1 1 0 0 1 0 0 0 0 0 3 0 3 0 3 0 3 0 0 0 3 0 2 0 2 0 2 0 1 0 0 1 0 0 1 1 0 1 0 1 0 0 0 0 2 0 0 0 2 0 3 0 0 1 0 0 1 0 1 0 1 0 1 0 0 1 0 0 0 0 1 0 0 0 1 0 3 0 1 0 3 0 0 0 1 0 2 1 0 0 3 0 1 0 0 0 1 0 0 0 2 0 0 0 3 0 1 0 3 0 0 0 1 0 3 0 0 0 0 0 0 1 0 1 0 0 2 1 0 0 0 0 1 0 2 0 2 0 2 1 0 1 0 0 2 0 1 0 2 1 0 0 3 0 1 0 3 0 2 0 2 1 0 0 1 1 0 0 0 0 0 0 1 0 3 0 3 0 1 0 0 0 1 0 3 0 2 1 0 0 1 1 0 0 1 0 0 0 0 0 1 1 0 0 1 0 2 0 3 0 2 1 0 0 1 0 1 0 2 0 1 0 3 0 2 0 0 0 1 0 1 0 1 1 0 0 0 1 0 0 2 0 2 0 3 0 0 1 0 0 1 1 0 0 2 0 0 0 1 0 2 0 3 0 2 1 0 0 2 0 3 0 1 0 1 0 0 0 3 0 2 0 2 0 2 1 0 0 0 0 2 0 1 0 2 0 1 0 2 0 0 0 2 0 2 0 1 0 0 0 1 1 0 0 2 0 1 0 3 0 1 0 1 0 1 0 2 0 3 0 0 0 2 0 0 1 0 0 1 0 2 0 2 1 0 0 0 0 3 0 0 0 2 0 3 0 2 0 3 0 0 0 2 1 0 0 1 0 2 0 2 0 0 0 2 0 2 0 1 0 0 0 2 0 3 0 1 1 0 0 2 1 0 0 1 1 0 0 2 0 1 1 0 0 3 0 2 1 0
1 459 3 0 0 0 2 0 2 1 0 1 0 0 0 0 1 0 2 0 3 0 1 1 0 1 0 0 3 0 0 0 2 0 0 0 2 1 0 0 0 0 1 0 3 0 1 0 1 1 0 0 3 0 3 0 1 0 0 0 1 0 2 0 3 0 3 0 2 0 2 0 2 0 1 0 1 0 0 0 3 0 1 0 3 0 2 1 0 1 0 0 2 1 0 1 0 0 2 0 0 0 2 0 2 0 3 0 1 0 2 0 2 0 2 0 1 0 2 1 0 0 2 0 0 0 3 0 1 1 0 0 2 0 1 0 3 0 1 0 0 0 1 0 3 0 0 0 2 0 0 1 0 0 2 0 1 1 0 0 2 0 1 0 3 0 1 0 1 0 0 0 1 1 0 1 0 0 0 1 0 0 0 0 3 0 0 0 1 0 2 0 0 0 3 0 3 0 3 0 1 0 0 0 1 1 0 0 3 0 1 0 1 1 0 0 3 0 2 1 0 0 0 0 3 0 2 0 2 0 3 0 0 0 3 0 2 0 1 1 0 0 3 0 3 0 1 0 0 0 0 0 3 0 3 0 2 0 0 0 3 0 1 1 0 0 2 0 2 1 0 1 0 0 3 0 0 0 1 0 2 0 2 0 3 0 3 0 0 1 0 0 0 0 1 0 2 0 2 0 3 0 2 0 3 0 3 0 0 0 3 0 0 0 3 0 2 0 0 0 0 0 2 0 3 0 2 0 1 0 2 0 1 0 1 0 1 1 0 0 0 1 0 1 0 0 0 1 0 0 0 0 2 0 0 0 0 0 3 0 0 0 3 0 3 0 3 0 3 0 1 0 3 0 2 0 3 0 0 0 2 0 1 1 0 0 2 0 3 0 2 0 0 0 1 1 0 0 1 0 1 0 2 0 0 0 3 0 1 0 2 0 2 0 0 1 0 0 3 0 0 0 0 0 2 0 0 0 0 0 3 0 1 0 0 0 3 0 0 0 0 0 0 1 0 1 0 0 0 0 0 0 0 0 0 0 2 0 1 1 0
1 461 1 0 1 0 2 0 0 0 2 0 0 0 2 1 0 0 3 0 0 0 3 0 0 0 0 1 0 0 1 0 1 1 0 0 2 0 0 1 0 0 0 0 3 0 1 1 0 0 0 0 0 0 2 0 2 0 3 0 0 0 3 0 0 0 3 0 3 0 1 0 1 0 0 0 3 0 2 0 1 0 1 1 0 0 3 0 2 0 0 1 0 0 1 0 0 0 3 0 3 0 1 0 0 0 1 0 2 1 0 0 1 0 1 0 0 1 0 0 1 1 0 1 0 0 2 0 1 1 0 1 0 1 0 1 0 0 2 0 3 0 0 0 3 0 1 0 1 1 0 0 2 0 3 0 3 0 3 0 3 0 3 0 3 0 1 0 3 0 2 0 0 1 0 0 0 0 3 0 0 0 3 0 0 0 1 0 1 0 2 1 0 0 2 0 2 0 3 0 2 0 3 0 0 1 0 0 0 0 1 1 0 0 0 0 0 0 2 0 1 1 0 0 1 0 2 0 1 0 1 0 2 0 2 0 2 0 1 0 0 0 0 0 2 0 2 0 3 0 0 0 1 0 2 0 3 0 0 0 2 0 2 0 0 0 0 0 0 0 2 0 0 1 0 0 1 0 1 0 3 0 0 0 1 0 3 0 2 0 2 0 2 1 0 0 3 0 0 0 1 0 3 0 1 0 3 0 2 0 2 0 1 0 2 0 2 0 0 0 1 0 1 0 0 0 3 0 0 1 0 0 0 0 3 0 2 0 3 0 3 0 0 1 0 0 3 0 0 0 2 1 0 1 0 0 1 0 1 0 1 0 2 0 2 0 3 0 3 0 2 1 0 0 3 0 1 0 2 0 2 0 0 0 0 0 0 0 0 0 3 0 0 0 1 0 3 0 3 0 1 0 2 1 0 0 2 0 1 1 0 0 1 0 0 0 2 1 0 0 1 0 1 0 0 1 0 0 1 0 1 0 1 0 3 0 1 0 1 0 1 0 0 0 1 1 0 0 2 1 0 0 0 0 0 0 0 1 0 1 0 1 0
0 461 2 0 2 1 0 0 1 1 0 0 2 0 1 0 0 0 1 0 2 0 1 0 1 0 1 0 3 0 1 0 3 0 3 0 3 0 1 0 3 0 0 0 1 1 0 1 0 0 0 0 1 0 0 0 1 0 2 0 2 0 1 0 2 0 2 0 2 0 3 0 2 0 1 0 2 0 0 1 0 0 0 0 0 0 2 0 0 0 2 0 3 0 1 0 1 0 2 0 2 0 3 0 0 0 3 0 0 1 0 0 2 0 2 0 1 0 3 0 2 1 0 1 0 0 0 0 0 0 0 1 0 1 0 1 0 0 0 0 2 0 2 0 1 1 0 0 0 0 0 0 0 0 3 0 3 0 3 0 3 0 3 0 2 1 0 0 3 0 0 0 2 0 3 0 0 0 1 0 2 0 1 0 1 0 2 0 3 0 1 0 0 0 0 0 1 0 3 0 1 0 2 0 2 0 2 1 0 0 3 0 2 1 0 0 0 1 0 1 0 1 0 0 2 1 0 0 3 0 3 0 0 0 1 0 0 0 3 0 0 0 1 0 0 0 1 0 2 0 1 0 3 0 0 0 2 0 2 0 0 0 0 0 1 0 0 0 0 1 0 0 2 0 3 0 1 0 3 0 1 0 1 0 3 0 2 0 1 0 1 0 2 0 0 0 1 0 1 0 3 0 1 1 0 0 3 0 1 0 0 1 0 0 1 0 0 0 1 0 2 0 2 0 1 0 1 0 2 0 3 0 0 0 2 0 1 0 3 0 2 0 2 1 0 0 1 0 2 0 1 0 0 0 3 0 1 0 2 0 3 0 0 0 1 0 3 0 3 0 2 0 0 0 1 1 0 0 1 0 0 0 1 0 0 0 0 0 1 0 1 0 1 0 3 0 2 0 2 1 0 0 1 1 0 1 0 1 0 1 0 0 2 0 1 0 0 1 0 0 2 0 2 0 1 0 3 0 1 0 2 0 3 0 1 0 3 0 2 0 2 0 0 1 0 0 0 0 0 1 0 0 0 0 0 0 1 1 0 1 0 0 2
1 463 1 0 0 0 1 1 0 0 3 0 3 0 3 0 2 0 0 0 2 1 0 0 3 0 2 0 3 0 1 1 0 0 3 0 3 0 2 1 0 0 2 0 1 1 0 0 0 0 2 1 0 0 2 0 0 0 3 0 0 0 0 1 0 0 1 0 1 0 1 0 3 0 0 1 0 0 0 0 2 0 2 1 0 0 0 1 0 0 2 0 0 0 2 0 3 0 3 0 0 0 1 0 2 0 2 0 1 0 2 1 0 0 0 0 0 1 0 0 3 0 2 0 0 0 2 1 0 0 0 0 1 1 0 1 0 0 3 0 0 0 0 0 0 1 0 1 0 0 0 0 0 0 1 0 2 0 3 0 3 0 3 0 3 0 2 0 0 0 1 0 2 0 0 0 2 0 1 0 2 1 0 0 3 0 3 0 0 0 2 0 3 0 0 0 0 0 3 0 1 1 0 0 1 0 1 0 2 0 0 0 2 0 1 1 0 0 1 1 0 1 0 1 0 0 1 0 0 0 2 0 2 0 1 0 2 0 1 0 1 0 1 0 2 0 0 0 2 1 0 1 0 0 2 0 2 0 0 0 0 0 1 0 0 0 2 0 0 0 1 1 0 0 0 0 2 1 0 0 2 0 3 0 3 0 2 0 0 0 3 0 2 1 0 0 1 0 2 0 3 0 2 0 0 0 0 0 1 0 3 0 1 0 3 0 1 0 0 0 3 0 0 0 0 0 3 0 3 0 0 0 2 0 1 1 0 1 0 0 3 0 1 0 1 1 0 0 2 1 0 0 3 0 1 0 1 1 0 0 1 0 2 0 1 0 3 0 2 0 3 0 0 0 1 0 3 0 3 0 1 0 0 0 2 0 0 0 0 0 2 0 2 0 3 0 2 0 1 0 1 1 0 1 0 0 0 1 0 1 0 0 3 0 3 0 2 0 1 1 0 0 0 0 0 1 0 0 2 1 0 0 1 0 2 1 0 0 3 0 1 0 0 0 2 0 2 1 0 0 1 0 2 1 0 0 0 1 0 0 0 1 0 0 0
1 463 2 0 0 1 0 0 0 0 2 0 3 0 3 0 0 0 2 0 1 0 0 0 2 0 1 0 3 0 0 0 0 0 2 0 3 0 1 1 0 1 0 1 0 1 0 0 1 0 0 1 0 1 0 0 2 0 1 0 1 0 1 0 3 0 1 0 2 0 3 0 1 0 2 0 3 0 0 0 0 0 1 1 0 0 1 0 3 0 3 0 1 0 0 0 3 0 2 0 1 0 3 0 0 0 0 1 0 0 1 1 0 0 0 0 1 1 0 0 2 0 0 0 2 0 0 1 0 0 0 1 0 0 0 1 0 0 1 0 1 0 0 0 1 1 0 0 2 1 0 0 0 0 3 0 0 0 3 0 3 0 3 0 3 0 0 0 1 0 2 1 0 0 1 1 0 1 0 0 2 0 0 0 2 0 2 0 2 0 0 0 2 0 1 0 1 0 1 1 0 1 0 0 2 0 2 1 0 0 1 1 0 1 0 1 0 1 0 0 0 1 0 0 3 0 1 0 1 0 0 0 0 1 0 0 0 0 3 0 2 0 2 1 0 0 2 0 1 0 0 1 0 0 0 0 0 0 1 0 0 0 2 0 0 1 0 0 1 0 3 0 3 0 0 0 1 0 0 0 0 0 3 0 3 0 0 0 2 0 2 0 1 1 0 0 3 0 0 0 3 0 0 0 1 0 0 0 3 0 1 1 0 0 2 0 3 0 1 0 1 0 1 0 1 0 2 0 2 0 2 0 0 0 0 0 0 1 0 0 1 1 0 0 0 0 0 0 1 0 0 0 1 0 3 0 3 0 3 0 1 1 0 1 0 0 3 0 1 0 2 0 1 0 3 0 2 0 2 0 3 0 0 1 0 0 1 0 1 0 0 0 1 0 3 0 0 1 0 0 0 0 0 0 3 0 0 1 0 1 0 0 2 0 3 0 0 1 0 1 0 0 0 0 1 1 0 0 0 1 0 0 3 0 1 0 0 0 1 0 3 0 1 0 0 0 1 1 0 0 3 0 0 1 0 0 1 0 3 0 0 0 2 1 0
1 464 1 0 0 2 0 3 0 0 0 0 0 3 0 2 0 1 1 0 0 3 0 0 1 0 1 0 0 2 0 1 0 1 0 0 0 3 0 0 0 0 1 0 1 0 0 3 0 1 0 1 1 0 0 3 0 3 0 2 0 2 0 3 0 1 1 0 0 1 0 2 1 0 0 1 0 2 0 1 0 0 0 3 0 3 0 2 0 2 0 2 0 3 0 1 0 2 0 0 1 0 0 2 0 1 0 1 0 3 0 2 0 2 1 0 0 3 0 3 0 3 0 0 1 0 0 2 0 3 0 0 0 3 0 0 0 3 0 1 0 2 0 0 1 0 0 0 0 0 1 0 0 1 0 1 0 2 0 2 0 3 0 3 0 2 0 1 0 3 0 0 1 0 1 0 0 0 0 3 0 3 0 1 0 0 0 1 0 0 0 1 1 0 0 3 0 2 1 0 0 0 1 0 0 0 0 1 1 0 1 0 0 0 1 0 1 0 0 3 0 0 1 0 0 1 0 3 0 2 0 0 0 1 0 3 0 0 0 2 0 1 0 1 1 0 1 0 0 3 0 1 0 2 1 0 0 0 0 2 0 0 1 0 0 2 0 3 0 2 0 2 0 2 0 1 0 2 0 0 0 1 0 2 0 2 0 2 0 0 0 1 0 0 0 0 0 1 0 2 0 1 0 1 0 2 0 1 0 2 0 0 0 0 0 0 0 2 0 3 0 2 0 2 0 3 0 0 0 1 0 0 0 1 0 0 0 1 0 3 0 2 0 2 1 0 0 0 0 2 0 0 0 3 0 2 0 3 0 3 0 0 0 0 1 0 0 1 1 0 0 0 1 0 0 3 0 1 0 1 0 2 0 2 0 3 0 1 0 2 0 0 0 3 0 1 0 2 0 2 1 0 0 1 0 1 0 2 1 0 1 0 0 0 0 2 0 2 1 0 0 2 1 0 0 3 0 3 0 0 1 0 0 1 0 3 0 0 0 3 0 1 0 3 0 0 1 0 0 0 0 1 0 2 0 3 0 2 0 1 0 2 0 0 1 0
1 465 1 1 0 0 0 0 2 0 1 0 1 0 2 0 1 0 0 0 0 0 1 0 2 1 0 0 3 0 3 0 2 0 2 0 1 0 1 0 1 0 1 1 0 1 0 0 1 1 0 0 0 0 0 0 2 0 3 0 1 0 1 0 2 1 0 1 0 0 3 0 0 1 0 0 2 1 0 0 3 0 1 0 2 0 3 0 1 0 1 0 1 0 2 1 0 0 0 0 2 0 3 0 3 0 2 0 3 0 2 0 1 0 2 0 0 0 2 0 3 0 2 0 2 1 0 0 0 0 2 0 2 0 1 0 2 0 1 1 0 0 0 0 2 0 2 1 0 0 1 0 3 0 1 0 3 0 0 0 1 0 3 0 3 0 0 1 0 0 2 0 2 1 0 0 3 0 0 0 2 0 2 0 3 0 0 0 2 0 0 1 0 0 0 0 2 0 1 1 0 0 1 0 2 1 0 1 0 0 0 0 3 0 0 1 0 1 0 0 1 0 2 0 3 0 2 0 2 0 0 0 1 0 3 0 1 0 1 1 0 1 0 0 0 0 0 1 0 0 1 1 0 0 1 1 0 0 0 1 0 0 2 1 0 0 0 0 3 0 1 0 1 0 0 1 0 0 0 0 1 0 3 0 0 0 1 0 0 0 1 0 2 0 0 0 0 0 2 1 0 0 3 0 2 1 0 1 0 0 0 0 1 0 0 0 1 0 0 0 3 0 1 0 1 0 2 0 1 0 2 0 0 0 2 0 0 0 3 0 2 0 1 0 1 1 0 0 0 1 0 0 2 0 2 0 1 0 3 0 2 0 1 0 1 0 3 0 2 0 3 0 0 1 0 0 1 0 3 0 3 0 0 0 1 0 2 1 0 0 0 0 2 0 1 1 0 0 1 0 1 1 0 0 2 0 3 0 1 0 0 0 3 0 0 0 0 0 2 0 0 0 1 0 0 0 2 0 2 0 2 0 3 0 2 0 1 0 2 0 1 1 0 0 2 0 2 0 2 1 0 0 3 0 0 0 3 0 0 1 0 0 0 0 2 0 2
0 465 3 0 2 1 0 1 0 0 3 0 2 1 0 0 3 0 0 0 0 0 3 0 1 0 0 0 2 0 3 0 1 0 0 0 3 0 2 0 2 1 0 0 0 0 3 0 2 0 2 1 0 0 1 0 0 0 2 0 3 0 3 0 1 0 0 1 0 0 1 0 2 1 0 0 1 0 0 0 1 1 0 0 1 0 2 0 3 0 2 0 3 0 0 1 0 0 1 0 0 0 3 0 3 0 1 0 3 0 0 1 0 0 0 0 2 0 0 0 3 0 1 0 1 1 0 0 1 0 0 0 0 1 0 0 0 1 0 1 0 0 1 0 0 0 1 1 0 0 3 0 1 1 0 0 2 0 1 0 3 0 2 0 2 0 2 1 0 0 0 0 2 0 0 0 1 0 2 0 0 0 1 0 2 0 1 1 0 0 2 0 2 1 0 1 0 1 0 1 0 0 3 0 1 0 0 0 3 0 0 0 1 0 2 1 0 0 3 0 2 0 0 0 3 0 1 0 0 0 1 0 3 0 1 1 0 0 0 0 0 0 2 1 0 0 1 0 3 0 2 0 3 0 2 0 3 0 0 1 0 0 0 1 0 0 1 0 1 0 3 0 2 0 1 0 2 1 0 0 3 0 1 0 1 0 2 0 0 0 2 1 0 0 1 0 1 0 1 0 0 0 2 0 2 0 0 0 2 1 0 0 2 0 0 0 2 0 1 0 1 0 3 0 2 1 0 1 0 0 0 0 1 1 0 0 2 0 2 0 0 0 3 0 3 0 3 0 0 1 0 0 0 0 0 1 0 0 3 0 0 0 3 0 3 0 2 0 1 0 2 0 2 0 3 0 2 0 2 0 2 0 1 0 3 0 0 1 0 0 0 1 0 1 0 1 0 0 2 1 0 0 0 0 0 0 2 0 3 0 1 0 1 0 1 0 0 1 0 0 1 0 2 0 1 0 0 0 1 0 1 0 3 0 0 1 0 0 1 0 0 0 0 0 0 0 1 0 2 0 0 0 1 0 2 0 1 0 2 0 3 0 0 0 0 0 1
1 467 1 0 2 0 2 0 0 1 0 0 2 0 2 0 0 0 1 0 1 0 1 0 1 0 3 0 1 0 0 0 2 0 3 0 1 0 2 0 1 0 1 1 0 0 1 0 2 0 1 0 1 1 0 0 2 0 1 0 0 0 3 0 2 0 3 0 1 0 3 0 2 0 0 1 0 0 2 0 0 0 3 0 3 0 2 0 0 0 3 0 1 0 2 0 2 0 3 0 1 0 1 0 2 0 2 1 0 0 2 0 2 0 2 1 0 1 0 0 2 0 1 0 3 0 3 0 3 0 1 0 0 0 1 0 3 0 0 1 0 0 3 0 1 0 0 1 0 0 0 0 1 1 0 1 0 1 0 1 0 0 3 0 1 0 1 0 1 1 0 0 0 1 0 0 1 0 2 1 0 0 1 0 3 0 0 0 0 0 0 0 0 0 2 0 0 1 0 1 0 1 0 0 1 0 3 0 1 0 1 0 1 0 3 0 1 0 0 0 2 0 0 0 2 0 1 0 3 0 0 0 3 0 1 1 0 1 0 0 0 0 1 0 0 1 0 0 3 0 2 0 1 0 3 0 1 0 2 0 2 0 3 0 0 0 3 0 1 0 3 0 2 0 0 1 0 0 2 0 0 0 1 0 3 0 2 1 0 0 2 0 0 1 0 0 2 0 2 0 2 0 1 0 0 0 0 0 2 0 0 1 0 1 0 0 1 1 0 0 3 0 3 0 2 0 2 0 0 0 2 1 0 1 0 0 0 0 0 0 0 0 2 0 2 0 3 0 2 0 2 0 2 1 0 0 1 1 0 0 1 0 2 0 2 0 3 0 0 1 0 0 1 0 1 0 3 0 1 0 1 0 0 1 0 0 2 0 2 0 3 0 0 1 0 1 0 1 0 0 0 1 0 0 0 0 1 0 0 0 2 0 3 0 2 0 2 0 1 0 3 0 1 1 0 0 3 0 0 0 2 0 3 0 1 0 2 0 3 0 1 0 0 0 0 0 0 0 2 1 0 0 1 0 2 1 0 1 0 0 1 0 2 0 1 0 0 0 2
0 467 3 0 0 0 0 0 2 1 0 0 0 0 0 0 1 0 2 0 2 0 2 0 3 0 1 0 3 0 1 0 0 0 2 1 0 0 0 0 3 0 3 0 3 0 1 1 0 0 3 0 3 0 3 0 3 0 2 0 1 0 2 0 1 0 2 1 0 0 3 0 0 0 2 0 3 0 3 0 1 0 2 0 3 0 0 0 2 0 1 1 0 0 1 0 1 0 2 0 3 0 3 0 0 0 2 0 0 0 0 0 1 0 2 0 0 0 3 0 3 0 3 0 2 0 3 0 2 0 3 0 0 0 3 0 1 0 2 1 0 0 1 0 3 0 1 0 2 1 0 1 0 0 0 1 0 1 0 1 0 0 1 0 3 0 2 0 3 0 3 0 0 0 3 0 2 0 0 1 0 0 3 0 1 0 1 0 0 0 0 0 0 1 0 0 2 1 0 1 0 0 3 0 2 0 1 0 3 0 2 0 3 0 1 0 3 0 0 1 0 0 1 1 0 1 0 0 2 0 2 0 2 0 0 0 0 0 2 1 0 0 2 0 1 1 0 0 2 0 0 1 0 0 2 1 0 0 1 0 1 0 2 0 2 0 1 1 0 0 3 0 0 0 2 0 3 0 3 0 0 0 3 0 2 0 1 1 0 1 0 0 2 1 0 0 0 0 1 0 0 0 3 0 0 0 0 1 0 0 2 1 0 0 3 0 2 1 0 0 2 0 3 0 1 0 0 0 2 0 1 0 0 0 2 1 0 0 0 0 1 0 0 0 1 0 3 0 1 0 1 0 1 1 0 0 3 0 3 0 2 0 0 0 1 0 2 0 2 0 3 0 1 0 3 0 1 0 3 0 2 0 1 1 0 0 0 0 1 0 2 0 2 1 0 1 0 0 3 0 0 0 2 1 0 0 2 0 1 0 0 0 3 0 1 0 0 1 0 0 3 0 0 0 0 0 1 0 2 0 0 0 2 1 0 0 1 0 2 0 3 0 0 0 0 0 1 0 0 1 0 0 3 0 1 0 0 0 3 0 1 1 0 0 3 0 1 0 0
0 469 1 0 1 0 1 0 1 0 0 1 0 0 0 0 0 0 3 0 0 0 1 0 1 0 2 1 0 0 2 0 3 0 1 0 0 1 0 0 1 0 2 0 3 0 3 0 0 0 0 0 2 0 3 0 3 0 3 0 0 1 0 0 0 1 0 0 2 0 0 0 1 0 2 0 0 0 3 0 2 1 0 0 1 0 2 0 1 1 0 1 0 1 0 0 2 0 3 0 0 0 3 0 2 0 1 1 0 0 1 0 0 0 2 1 0 0 2 0 2 0 3 0 3 0 1 0 3 0 1 0 2 0 2 0 1 1 0 0 1 1 0 0 3 0 1 1 0 0 2 0 0 0 3 0 0 1 0 1 0 0 3 0 2 0 2 0 1 0 3 0 2 0 2 0 2 0 0 0 2 1 0 0 1 0 3 0 2 0 0 0 0 0 1 1 0 0 1 0 0 1 0 0 2 0 0 1 0 0 3 0 1 0 2 1 0 0 2 0 2 0 3 0 2 1 0 1 0 0 0 0 1 0 0 0 1 0 1 0 0 1 0 1 0 1 0 1 0 1 0 0 2 1 0 0 0 1 0 0 2 0 3 0 0 0 1 0 0 0 0 0 1 0 2 0 0 0 3 0 2 0 2 0 2 0 1 0 0 0 0 1 0 0 0 1 0 0 0 0 2 0 1 0 1 0 1 0 1 1 0 0 1 0 0 0 2 0 2 0 0 0 0 0 2 0 3 0 0 1 0 0 3 0 1 0 0 1 0 0 0 0 2 0 0 0 3 0 1 0 3 0 2 1 0 0 0 0 2 0 3 0 0 0 1 0 3 0 0 0 1 0 2 1 0 0 2 1 0 0 3 0 0 1 0 1 0 0 0 0 3 0 0 0 2 0 0 1 0 0 1 0 2 0 0 1 0 1 0 0 3 0 1 0 1 0 3 0 1 1 0 0 1 0 1 0 0 0 2 1 0 0 2 0 0 1 0 0 3 0 0 0 2 0 1 0 0 0 2 0 1 1 0 0 1 0 3 0 1 0 2 0 0 0 0 0 1 0 3 0 0
0 469 2 0 2 0 2 0 2 0 1 0 2 1 0 0 1 0 1 0 1 0 2 0 3 0 1 0 0 0 0 0 2 0 3 0 1 0 3 0 2 0 0 0 3 0 2 0 1 0 1 0 0 0 3 0 3 0 2 0 2 0 3 0 0 0 3 0 3 0 0 0 2 1 0 0 2 0 2 0 1 1 0 0 3 0 0 0 0 0 0 1 0 1 0 0 0 0 2 0 2 0 2 0 0 1 0 1 0 0 2 0 1 0 1 0 0 0 0 0 1 0 3 0 2 1 0 0 2 1 0 0 1 0 0 1 0 1 0 1 0 0 0 0 1 1 0 1 0 1 0 0 2 0 1 0 2 1 0 1 0 0 2 0 1 0 0 1 0 0 3 0 1 0 1 0 0 0 2 0 0 1 0 0 3 0 2 0 0 0 1 0 0 0 3 0 3 0 1 0 1 0 3 0 3 0 1 1 0 0 1 1 0 0 2 0 0 0 0 0 1 0 3 0 2 0 0 0 2 1 0 0 2 0 0 0 2 0 2 0 1 1 0 1 0 1 0 1 0 1 0 0 0 1 0 0 1 1 0 0 0 0 2 0 1 0 2 0 0 0 0 0 2 1 0 0 2 0 2 0 1 0 1 0 0 0 3 0 0 0 1 0 3 0 0 0 2 1 0 1 0 0 3 0 2 0 2 0 3 0 3 0 1 0 1 0 0 0 0 0 1 0 1 0 0 0 2 0 2 1 0 0 1 0 3 0 1 0 2 1 0 1 0 0 2 0 1 1 0 0 3 0 1 1 0 0 1 0 0 0 2 0 1 0 3 0 1 0 1 0 3 0 1 0 0 0 1 0 0 0 1 0 2 1 0 0 3 0 0 0 1 0 1 1 0 0 2 0 3 0 1 1 0 0 2 1 0 1 0 0 1 0 3 0 3 0 1 1 0 1 0 0 2 0 2 0 1 0 0 1 0 1 0 0 2 1 0 0 1 0 1 1 0 0 3 0 0 1 0 1 0 1 0 0 3 0 1 1 0 0 0 0 1 0 0 0 3 0 1 0 1
1 471 1 0 0 0 1 0 1 0 0 1 0 0 1 1 0 0 2 0 2 0 3 0 0 0 2 0 3 0 0 0 1 0 0 0 2 1 0 0 3 0 0 0 2 0 2 0 0 0 3 0 2 0 1 0 2 0 3 0 1 0 1 0 2 0 2 0 2 0 2 0 2 0 1 0 0 0 0 0 1 0 0 0 0 0 1 0 1 0 0 0 1 1 0 0 3 0 0 0 0 0 1 0 0 0 2 1 0 0 3 0 3 0 2 0 2 0 0 0 0 0 3 0 2 0 2 0 0 0 0 1 0 0 2 0 1 1 0 1 0 0 2 1 0 1 0 0 0 1 0 0 3 0 3 0 3 0 1 0 0 0 3 0 3 0 2 0 1 1 0 0 1 0 3 0 2 0 0 1 0 0 2 1 0 0 2 0 0 0 1 0 2 0 1 0 2 0 2 0 3 0 3 0 2 0 2 1 0 1 0 0 3 0 3 0 3 0 0 0 0 0 3 0 2 0 0 0 2 0 0 1 0 1 0 0 2 0 0 0 1 0 0 0 0 1 0 1 0 1 0 0 3 0 0 0 3 0 2 0 2 1 0 1 0 1 0 0 0 0 1 0 1 0 1 0 0 0 0 0 0 0 3 0 2 0 1 0 1 0 1 0 3 0 1 0 2 0 1 0 0 1 0 0 2 0 1 0 1 0 3 0 2 0 3 0 2 0 0 0 0 0 2 0 2 0 1 0 0 0 1 1 0 0 3 0 1 1 0 0 2 0 0 1 0 0 0 0 0 0 0 0 1 1 0 1 0 0 2 0 0 1 0 1 0 0 2 0 3 0 3 0 1 0 3 0 0 0 2 0 0 0 3 0 1 0 0 0 1 0 1 0 2 1 0 0 0 0 0 0 3 0 0 0 0 0 1 0 0 0 3 0 2 0 2 0 3 0 0 0 0 1 0 0 0 0 0 0 3 0 1 1 0 1 0 0 0 1 0 0 2 1 0 0 0 0 1 0 2 1 0 1 0 1 0 0 1 1 0 1 0 0 0 0 2 0 1 0 1 0 3 0 2
0 471 2 0 0 0 2 0 2 0 1 0 3 0 2 1 0 0 0 0 1 0 2 0 2 0 0 0 2 0 1 0 2 0 1 0 1 0 0 0 1 0 2 0 0 0 0 0 2 0 2 0 0 1 0 0 1 0 2 0 3 0 3 0 0 0 1 0 1 0 1 0 0 0 3 0 0 0 0 0 2 0 0 0 0 0 2 0 2 0 0 1 0 0 0 0 1 0 1 0 0 0 2 0 1 0 1 0 0 0 2 0 3 0 1 0 0 0 1 0 1 0 2 0 1 0 0 0 1 0 1 1 0 0 0 0 0 0 0 1 0 0 1 0 0 0 3 0 0 1 0 0 2 0 3 0 2 0 3 0 1 0 2 0 3 0 0 1 0 1 0 0 3 0 2 0 0 0 2 1 0 0 0 1 0 1 0 0 1 0 2 1 0 1 0 0 1 0 1 0 3 0 3 0 1 0 2 0 0 1 0 0 2 0 3 0 2 0 1 0 1 0 2 0 0 0 1 1 0 0 2 1 0 0 3 0 3 0 0 0 2 0 0 0 1 1 0 1 0 1 0 0 1 0 2 0 2 0 1 0 2 0 0 1 0 0 2 1 0 0 2 0 2 0 2 0 0 0 0 0 1 0 2 0 0 0 3 0 2 0 3 0 1 1 0 0 0 0 3 0 1 0 3 0 3 0 2 0 3 0 2 0 1 0 3 0 0 0 1 0 1 0 0 0 0 0 3 0 0 1 0 0 0 0 1 1 0 1 0 1 0 0 2 0 2 1 0 0 0 0 0 1 0 0 0 0 3 0 3 0 1 1 0 1 0 0 0 0 3 0 2 1 0 0 2 0 1 1 0 0 2 0 1 0 3 0 0 0 2 0 3 0 0 1 0 0 0 0 1 0 1 0 1 0 0 0 2 0 1 0 2 0 1 0 1 0 2 0 1 0 1 0 2 1 0 0 1 0 2 0 0 0 0 0 3 0 0 1 0 0 0 1 0 0 0 0 3 0 1 0 0 1 0 0 3 0 2 1 0 0 2 1 0 1 0 0 3 0 3 0 2 0 1
1 472 1 0 0 2 0 0 0 0 1 0 0 3 0 1 1 0 0 0 0 3 0 0 0 0 0 1 1 0 1 0 0 0 0 3 0 2 0 0 0 2 1 0 0 1 0 1 0 0 0 0 0 2 0 3 0 2 0 0 0 3 0 2 0 1 0 2 0 2 0 2 0 1 0 1 0 1 0 0 1 0 0 1 0 1 0 0 0 0 0 2 0 2 1 0 0 2 0 2 0 0 1 0 0 3 0 2 0 1 0 0 0 2 0 3 0 0 0 2 0 2 1 0 0 3 0 0 0 2 0 3 0 2 1 0 0 0 0 1 0 3 0 1 0 1 0 1 0 2 1 0 0 0 0 3 0 1 0 2 1 0 0 1 0 2 0 2 1 0 1 0 0 2 0 0 0 2 0 0 1 0 0 1 1 0 0 3 0 2 0 1 0 0 0 3 0 1 0 3 0 2 0 2 1 0 0 0 0 2 1 0 0 0 0 3 0 0 0 3 0 2 1 0 0 1 1 0 0 0 0 1 0 0 0 2 0 2 0 1 1 0 0 1 1 0 0 0 1 0 0 3 0 2 0 0 0 0 1 0 0 0 0 2 1 0 0 1 0 0 0 0 0 1 0 0 0 1 0 0 0 2 1 0 0 2 0 2 0 1 0 2 1 0 1 0 0 1 0 1 1 0 0 3 0 3 0 1 0 3 0 0 1 0 0 2 0 1 0 2 0 2 0 0 0 1 0 1 0 2 0 2 1 0 1 0 0 0 1 0 1 0 0 0 0 1 1 0 0 0 0 1 0 3 0 0 0 2 0 3 0 0 0 0 0 3 0 0 0 2 0 1 1 0 1 0 1 0 1 0 1 0 1 0 0 2 0 2 0 0 0 2 0 2 0 2 1 0 0 2 0 2 0 2 0 0 1 0 1 0 0 0 0 3 0 2 1 0 0 3 0 3 0 0 1 0 0 2 1 0 0 1 0 1 0 1 0 2 0 3 0 0 0 3 0 0 0 1 0 3 0 1 1 0 0 2 0 2 0 0 0 1 0 0 1 0 0 2 0 3 0 0 1 0
1 473 1 0 3 0 3 0 0 0 1 1 0 0 1 1 0 1 0 0 1 0 1 0 1 0 0 1 0 0 0 0 3 0 0 0 2 0 0 0 2 0 0 1 0 0 2 0 2 0 0 0 1 0 0 0 3 0 0 0 2 0 2 0 0 1 0 0 1 0 1 0 0 0 3 0 2 0 2 0 1 0 3 0 1 0 2 0 0 0 1 0 0 0 2 0 0 0 0 0 0 0 2 1 0 0 2 0 0 0 3 0 1 0 0 0 2 0 2 0 0 0 2 0 0 0 1 0 2 0 0 0 3 0 1 1 0 0 0 0 3 0 1 0 3 0 2 0 3 0 0 1 0 0 1 0 1 1 0 0 1 1 0 0 3 0 0 0 2 0 0 0 3 0 3 0 0 1 0 0 2 0 3 0 2 1 0 0 2 0 0 0 3 0 1 0 1 1 0 0 3 0 1 0 1 1 0 0 1 0 0 1 0 0 1 0 1 0 2 0 2 0 1 1 0 0 3 0 2 1 0 0 2 0 1 0 0 0 0 1 0 1 0 0 3 0 3 0 0 1 0 0 2 0 0 0 1 0 1 0 3 0 0 0 0 1 0 0 2 0 0 0 0 0 2 0 0 0 2 0 1 0 1 0 0 0 0 0 0 1 0 0 2 0 0 0 3 0 1 1 0 0 0 0 2 0 2 1 0 0 2 0 2 0 3 0 3 0 3 0 0 0 0 0 1 0 2 0 3 0 0 0 2 0 0 0 3 0 0 1 0 0 2 1 0 0 3 0 2 1 0 0 3 0 1 0 2 0 0 0 2 0 1 0 1 0 1 0 2 0 0 0 0 0 0 1 0 1 0 1 0 1 0 1 0 0 0 0 0 0 2 0 0 0 1 0 2 0 0 0 0 0 1 0 0 0 2 1 0 0 3 0 0 0 2 0 2 0 0 0 2 0 2 0 2 1 0 0 0 1 0 0 2 0 2 0 3 0 0 0 2 0 2 0 1 0 1 0 3 0 2 0 0 0 0 0 0 0 0 0 1 0 2 0 1 1 0 0 0 0 2 0 2 0 2
0 473 3 0 2 0 2 0 1 0 3 0 3 0 2 1 0 0 3 0 1 0 2 0 2 0 1 0 3 0 0 0 1 0 1 1 0 0 1 1 0 0 2 1 0 0 0 0 0 0 1 0 2 0 1 0 1 0 2 0 0 0 0 0 2 0 3 0 1 0 2 0 1 0 2 0 1 0 0 1 0 0 2 1 0 0 0 0 1 0 2 0 0 1 0 0 1 0 0 0 1 0 0 1 0 1 0 0 2 0 1 0 3 0 1 0 0 0 0 0 1 1 0 0 1 0 2 1 0 0 2 0 1 1 0 1 0 0 1 0 1 1 0 0 3 0 1 0 2 0 2 0 3 0 1 0 3 0 3 0 2 1 0 0 1 0 1 1 0 0 2 0 2 0 2 0 2 1 0 0 0 0 3 0 1 1 0 1 0 0 2 0 1 1 0 0 0 0 0 0 1 0 3 0 3 0 3 0 1 0 1 0 3 0 1 0 3 0 0 0 1 0 0 0 0 0 2 0 1 1 0 1 0 0 3 0 0 0 1 1 0 1 0 0 2 0 2 0 2 0 3 0 3 0 0 0 2 0 3 0 1 0 1 0 1 0 3 0 3 0 0 0 0 1 0 0 1 1 0 0 3 0 2 0 0 0 0 0 1 0 3 0 3 0 1 0 1 1 0 1 0 0 1 0 0 0 2 0 0 0 0 0 1 0 3 0 3 0 2 0 1 0 0 0 3 0 0 0 2 0 1 1 0 0 2 0 1 0 2 1 0 0 1 0 0 0 2 0 2 0 0 0 1 1 0 0 0 0 1 1 0 0 3 0 2 0 2 1 0 0 1 0 0 0 1 1 0 1 0 1 0 1 0 0 2 1 0 0 0 1 0 0 1 0 2 1 0 0 1 0 0 0 2 0 1 0 1 0 0 0 1 0 2 0 0 0 0 0 2 0 0 0 1 0 1 1 0 0 1 1 0 0 0 0 1 0 2 0 2 0 0 0 0 0 3 0 3 0 2 0 0 0 1 0 0 0 0 0 0 0 2 1 0 1 0 1 0 0 1 0 0 0 1 0 1
1 475 1 0 2 0 1 0 0 1 0 0 3 0 3 0 2 0 0 0 1 1 0 0 1 0 0 1 0 0 2 0 1 0 2 0 3 0 3 0 2 1 0 0 0 1 0 0 0 0 0 0 2 1 0 0 3 0 2 1 0 0 1 0 1 0 0 0 2 1 0 0 0 1 0 0 0 0 3 0 1 1 0 0 0 1 0 0 0 0 2 1 0 0 2 0 3 0 1 0 0 0 2 0 1 1 0 0 3 0 3 0 3 0 1 0 3 0 0 0 0 0 3 0 3 0 2 0 1 0 0 0 0 0 0 0 0 0 3 0 1 1 0 0 0 0 1 1 0 0 1 0 1 0 2 1 0 0 3 0 3 0 1 1 0 0 2 1 0 0 0 0 0 0 1 0 1 0 1 1 0 0 1 0 2 0 0 0 0 0 3 0 3 0 3 0 2 1 0 0 0 0 3 0 2 0 3 0 2 0 3 0 3 0 1 1 0 0 2 0 1 0 2 0 0 0 1 0 0 0 0 0 0 1 0 0 1 0 1 1 0 0 0 1 0 0 0 0 1 0 1 0 3 0 2 0 2 0 0 0 2 0 3 0 2 0 3 0 2 0 2 0 1 0 1 0 3 0 2 1 0 0 2 0 0 0 1 0 0 0 3 0 2 0 2 1 0 0 0 0 0 0 3 0 1 0 0 1 0 0 1 0 0 0 3 0 2 0 3 0 0 0 3 0 1 0 1 0 1 1 0 1 0 1 0 1 0 1 0 0 1 1 0 0 2 0 1 0 0 0 0 0 1 0 3 0 2 1 0 1 0 0 0 0 2 0 1 0 1 1 0 0 2 0 0 1 0 0 0 1 0 1 0 1 0 0 0 1 0 0 1 0 3 0 2 0 0 1 0 0 2 0 0 1 0 0 3 0 2 0 0 0 2 1 0 0 1 0 0 1 0 0 1 0 2 0 3 0 3 0 2 0 2 1 0 0 3 0 0 0 0 0 1 0 1 0 2 0 3 0 0 0 1 0 2 0 0 0 0 0 1 0 1 0 0 1 0 0 3 0 1 0 0 0 2 0 2
0 475 2 1 0 0 3 0 1 1 0 0 2 0 3 0 0 0 1 0 3 0 3 0 1 0 1 0 3 0 3 0 3 0 0 0 3 0 3 0 1 1 0 0 1 0 2 1 0 0 1 0 1 0 0 0 2 0 1 1 0 0 2 0 2 0 1 0 0 1 0 0 1 0 3 0 0 0 1 1 0 1 0 0 1 0 3 0 0 0 1 0 0 0 0 0 2 0 3 0 1 0 0 0 0 0 0 0 2 0 3 0 2 1 0 0 2 0 1 0 1 0 2 0 3 0 0 0 3 0 0 0 0 0 0 0 1 0 1 1 0 1 0 0 0 0 3 0 3 0 1 0 3 0 1 0 0 0 2 0 3 0 0 0 0 0 0 1 0 0 0 0 0 0 2 0 2 0 3 0 3 0 1 1 0 0 1 0 1 0 2 0 3 0 3 0 1 1 0 0 1 0 2 0 1 0 3 0 1 0 3 0 2 1 0 1 0 1 0 1 0 0 0 0 1 0 2 0 0 0 0 0 1 0 3 0 1 0 3 0 3 0 0 0 2 1 0 0 2 0 3 0 2 0 1 0 0 0 2 0 0 0 3 0 1 0 3 0 1 0 0 0 3 0 3 0 2 0 1 1 0 1 0 0 1 0 2 0 1 0 2 0 1 0 1 1 0 0 0 0 1 0 1 0 3 0 1 0 3 0 1 0 1 0 2 0 1 0 2 0 2 0 1 0 3 0 2 1 0 0 0 1 0 1 0 1 0 0 3 0 2 0 3 0 3 0 2 0 0 0 0 0 3 0 2 0 2 0 0 0 2 1 0 1 0 0 3 0 3 0 3 0 3 0 1 0 3 0 0 1 0 1 0 0 3 0 0 0 3 0 2 0 2 0 0 0 2 0 3 0 3 0 1 1 0 0 2 0 0 0 2 0 0 1 0 0 2 0 1 0 3 0 2 0 0 0 3 0 3 0 1 0 2 0 0 0 1 0 1 0 0 0 2 0 3 0 0 0 2 0 1 0 2 1 0 0 1 0 0 0 2 0 2 0 1 1 0 0 1 0 3 0 1 0 0 0 1
1 477 1 0 1 0 0 0 2 0 0 0 0 0 0 0 2 0 1 0 3 0 2 0 2 0 3 0 3 0 2 0 3 0 2 0 2 0 2 0 2 1 0 1 0 0 3 0 0 1 0 0 2 0 2 0 1 0 0 0 0 0 0 0 0 0 0 0 3 0 1 0 3 0 2 0 1 0 1 1 0 0 0 0 3 0 2 0 1 0 1 0 2 0 0 0 1 0 0 0 2 0 3 0 0 0 0 0 1 0 0 0 3 0 1 1 0 1 0 0 3 0 3 0 0 0 2 0 2 0 1 0 1 0 0 0 0 0 2 1 0 0 0 0 3 0 0 0 2 0 2 1 0 0 2 0 3 0 1 0 0 0 2 0 1 0 0 0 1 0 2 1 0 0 1 0 0 0 1 0 3 0 2 1 0 1 0 0 2 0 3 0 0 0 3 0 2 1 0 1 0 0 2 1 0 1 0 0 2 1 0 0 3 0 2 0 0 1 0 1 0 0 2 1 0 0 2 1 0 0 1 0 0 0 3 0 1 1 0 0 3 0 2 0 2 0 1 0 0 0 0 0 3 0 0 0 3 0 0 1 0 0 2 0 1 1 0 0 2 0 3 0 1 0 2 0 3 0 1 0 0 0 0 0 3 0 1 1 0 1 0 0 0 0 3 0 3 0 2 1 0 0 2 0 3 0 1 1 0 0 2 0 3 0 2 1 0 1 0 0 1 0 0 1 0 0 3 0 1 1 0 0 1 1 0 1 0 1 0 0 2 0 1 0 3 0 3 0 0 0 1 0 1 0 2 0 1 0 0 0 2 0 1 0 0 1 0 0 2 0 3 0 3 0 2 1 0 0 2 0 2 1 0 1 0 0 1 0 2 0 2 0 1 0 0 0 2 0 0 0 3 0 2 1 0 1 0 1 0 0 1 1 0 0 2 0 3 0 3 0 3 0 2 0 0 0 2 0 2 0 2 1 0 0 0 0 1 0 2 0 2 0 1 0 0 0 2 0 1 1 0 1 0 0 1 1 0 0 2 0 1 0 0 0 0 1 0 1 0 0 3 0 1 0 3 0 0 0 2
0 477 2 0 2 0 0 1 0 0 1 0 0 0 0 1 0 1 0 0 3 0 1 0 1 0 3 0 3 0 1 0 3 0 1 0 1 0 1 0 2 0 0 1 0 0 1 0 2 1 0 0 0 0 0 0 3 0 0 0 0 0 0 0 0 0 1 0 1 1 0 0 3 0 0 0 3 0 3 0 3 0 0 0 2 0 0 0 3 0 2 1 0 0 1 0 2 0 1 0 0 0 2 0 1 0 0 0 2 0 1 0 2 0 0 0 0 1 0 0 2 0 2 0 2 0 0 0 0 0 3 0 2 0 0 0 1 0 0 1 0 0 1 0 1 0 2 0 0 0 2 0 0 0 0 0 2 0 3 0 0 1 0 0 3 0 0 0 3 0 0 1 0 0 2 0 0 0 3 0 2 0 2 0 0 1 0 0 0 0 2 0 2 0 2 0 2 0 0 1 0 0 1 0 0 1 0 0 1 0 0 0 2 0 0 0 2 1 0 1 0 0 1 0 0 0 0 1 0 0 2 0 1 0 2 0 0 0 0 0 2 0 1 0 0 0 3 0 0 0 1 0 1 0 2 0 1 0 2 1 0 0 0 0 0 0 0 0 0 0 2 1 0 0 1 0 2 0 3 0 0 0 1 0 2 0 0 0 0 0 3 0 0 0 2 0 3 0 2 0 0 0 0 0 3 0 0 0 0 0 0 0 3 0 2 0 0 0 3 0 1 0 1 1 0 0 1 1 0 1 0 1 0 0 0 1 0 0 3 0 3 0 3 0 2 0 2 0 1 0 2 0 2 1 0 0 3 0 0 1 0 0 3 0 1 1 0 0 0 0 3 0 3 0 2 0 0 0 0 0 2 0 0 0 3 0 2 0 0 0 0 0 3 0 0 1 0 0 2 0 2 0 2 0 0 1 0 0 3 0 2 1 0 0 0 0 3 0 3 0 3 0 0 0 2 0 0 0 1 0 1 1 0 0 0 0 3 0 0 0 0 0 3 0 1 0 0 0 0 0 0 0 3 0 2 0 3 0 3 0 2 0 0 0 1 1 0 1 0 0 1 1 0 0 2 0 2 0 0
0 479 1 0 0 0 0 0 2 0 3 0 1 0 0 0 1 1 0 1 0 0 1 0 3 0 3 0 2 0 2 1 0 0 2 0 3 0 2 0 2 1 0 0 2 0 3 0 2 0 0 1 0 0 0 0 1 0 1 0 1 0 0 0 0 0 0 0 2 1 0 0 0 0 1 0 2 0 2 0 3 0 2 0 1 1 0 0 2 0 2 0 1 1 0 0 2 1 0 0 3 0 0 1 0 0 3 0 0 1 0 1 0 0 0 0 1 0 1 1 0 0 0 0 1 0 0 0 1 0 1 0 2 0 0 0 1 0 2 0 1 0 3 0 1 0 2 1 0 0 1 1 0 0 1 0 1 0 0 0 2 0 2 1 0 0 1 0 2 0 1 0 2 0 3 0 3 0 1 0 2 0 1 0 0 0 2 0 3 0 0 0 0 0 1 0 1 0 0 0 2 0 3 0 1 0 1 0 3 0 1 0 0 1 0 0 2 0 1 0 0 0 3 0 1 0 0 0 1 0 3 0 3 0 2 1 0 0 1 0 0 1 0 0 3 0 1 0 1 0 1 0 2 0 2 1 0 1 0 0 1 1 0 0 0 0 0 0 0 0 1 0 0 1 0 0 3 0 0 0 2 0 1 0 2 1 0 0 1 0 1 0 1 0 2 0 0 0 3 0 0 0 1 0 1 0 1 0 1 0 0 0 1 0 2 0 0 0 2 0 1 0 3 0 3 0 3 0 2 1 0 1 0 0 3 0 0 1 0 0 2 0 3 0 3 0 1 0 0 1 0 0 1 0 2 0 0 0 1 0 2 1 0 0 1 1 0 1 0 0 1 0 2 0 3 0 0 0 1 0 0 1 0 0 2 0 2 0 0 0 1 0 1 0 1 0 2 1 0 0 0 0 1 0 0 0 2 1 0 0 2 0 1 1 0 0 1 0 2 0 3 0 2 0 1 1 0 0 1 0 2 0 3 0 3 0 0 0 1 0 1 0 1 0 1 0 3 0 0 0 0 0 1 0 2 0 1 0 3 0 3 0 0 0 1 1 0 0 0 0 3 0 2 1 0 0 0 0 0 0 1
1 479 2 0 0 0 1 0 0 0 2 0 3 0 0 1 0 0 0 0 3 0 2 0 2 0 3 0 1 0 2 0 0 0 0 0 3 0 1 0 2 0 0 0 0 0 3 0 0 0 2 0 2 1 0 0 2 0 2 0 2 0 0 0 0 0 1 0 0 1 0 0 0 0 3 0 0 0 1 0 3 0 1 0 0 0 0 0 0 0 1 0 0 0 0 0 1 0 0 0 1 0 2 1 0 0 1 0 2 1 0 0 2 1 0 0 2 0 3 0 2 1 0 0 2 0 0 0 2 0 2 1 0 0 1 0 2 1 0 1 0 0 2 1 0 0 1 1 0 0 3 0 3 0 1 0 2 0 1 0 0 0 1 1 0 0 2 1 0 1 0 0 1 0 3 0 2 1 0 0 0 0 3 0 1 0 0 0 2 0 1 0 0 0 2 0 2 0 1 0 0 0 2 0 3 0 3 0 1 0 3 0 1 0 3 0 3 0 2 0 1 0 1 0 3 0 0 0 3 0 2 0 3 0 1 1 0 0 2 0 1 1 0 0 1 0 3 0 2 0 3 0 0 0 2 0 0 0 3 0 2 0 2 1 0 0 0 0 0 0 2 0 1 1 0 0 1 0 1 1 0 1 0 0 1 1 0 0 2 0 2 0 2 1 0 0 2 0 1 0 1 0 2 0 2 0 2 0 2 0 0 0 2 1 0 0 1 1 0 1 0 0 3 0 3 0 3 0 2 0 0 1 0 0 1 0 2 1 0 0 0 0 3 0 2 0 3 0 1 0 3 0 1 1 0 0 1 0 3 0 0 1 0 1 0 0 0 0 3 0 2 0 0 0 2 0 1 0 2 0 1 1 0 0 0 0 0 0 1 0 2 0 2 0 3 0 0 1 0 0 0 0 2 0 1 0 0 1 0 1 0 1 0 1 0 0 3 0 0 0 3 0 0 1 0 1 0 0 3 0 0 0 3 0 2 0 1 0 2 0 2 0 2 0 3 0 1 0 1 0 0 0 2 1 0 1 0 0 3 0 2 0 1 0 3 0 3 0 0 0 2 0 1 1 0 0 0 0 0 0 2
0 480 1 0 0 1 0 2 0 1 0 0 0 2 0 2 0 3 0 0 0 2 0 1 0 1 0 2 1 0 0 0 0 1 0 1 0 1 1 0 0 0 0 1 0 1 0 1 0 2 0 0 0 2 0 0 0 0 0 1 0 0 0 1 0 0 0 2 0 1 0 3 0 0 0 1 0 1 0 3 0 1 0 3 0 0 0 0 0 0 0 2 0 0 0 0 0 2 0 0 0 3 0 0 1 0 0 3 0 1 0 0 0 1 0 0 0 0 0 3 0 1 1 0 1 0 0 2 0 0 0 1 1 0 0 3 0 1 0 0 1 0 0 0 1 0 1 0 0 0 0 2 0 2 1 0 0 0 0 3 0 0 1 0 0 0 0 1 0 0 0 3 0 2 0 2 0 1 1 0 0 1 0 1 0 3 0 0 1 0 0 3 0 1 0 0 0 0 0 3 0 1 0 0 0 3 0 2 1 0 0 2 1 0 0 3 0 3 0 0 0 3 0 3 0 1 0 2 0 2 0 1 0 2 1 0 1 0 1 0 1 0 1 0 0 3 0 2 0 1 0 2 0 1 1 0 0 2 0 2 0 1 0 1 1 0 0 0 0 0 1 0 1 0 1 0 0 2 1 0 0 0 0 3 0 2 1 0 0 0 0 1 0 1 1 0 1 0 0 3 0 3 0 0 0 1 0 1 0 0 0 2 0 0 1 0 1 0 0 0 1 0 0 2 0 3 0 3 0 0 0 2 0 3 0 2 0 0 1 0 0 1 0 2 0 1 0 2 1 0 0 2 1 0 1 0 0 3 0 1 0 2 1 0 0 3 0 0 0 2 0 0 0 1 1 0 1 0 0 0 1 0 1 0 0 0 0 0 0 3 0 0 0 1 0 2 0 2 0 2 1 0 1 0 0 3 0 1 1 0 1 0 1 0 1 0 0 1 0 2 0 1 0 2 1 0 1 0 0 1 0 2 0 2 0 0 1 0 0 1 0 1 0 1 0 2 0 3 0 2 0 1 0 1 0 0 1 0 0 2 0 0 1 0 0 3 0 2 0 1 1 0 1 0 1 0 0 0 0 1 0 0
0 481 1 0 3 0 1 1 0 0 3 0 1 0 0 0 1 0 2 0 1 1 0 0 3 0 3 0 0 1 0 0 0 0 2 0 2 0 3 0 2 1 0 0 2 0 2 0 2 1 0 0 1 1 0 0 1 0 0 0 2 0 0 0 2 0 0 1 0 1 0 0 2 0 1 0 2 0 3 0 1 1 0 0 2 0 1 0 0 0 0 1 0 0 1 0 0 1 0 0 2 0 1 0 2 1 0 0 1 0 3 0 0 0 2 0 0 0 1 0 2 0 0 0 0 0 3 0 3 0 0 1 0 0 0 0 1 0 3 0 1 0 3 0 0 1 0 0 3 0 0 0 0 0 1 1 0 0 1 0 1 0 2 0 2 1 0 0 2 0 1 0 2 0 1 0 0 1 0 1 0 0 2 0 3 0 1 0 2 1 0 0 1 0 3 0 0 0 1 0 1 0 3 0 1 0 2 0 2 0 0 0 1 0 0 0 2 0 2 0 2 0 2 0 2 1 0 0 1 0 0 1 0 0 2 0 0 1 0 1 0 1 0 1 0 0 2 0 0 1 0 0 1 0 0 0 0 0 0 0 0 0 3 0 3 0 2 1 0 0 1 1 0 1 0 1 0 0 0 1 0 0 1 0 2 0 1 1 0 0 0 0 2 1 0 0 0 1 0 0 2 0 2 0 1 0 2 0 2 0 0 1 0 0 2 1 0 0 3 0 0 1 0 0 0 0 3 0 2 0 2 0 0 0 3 0 0 0 2 0 3 0 1 1 0 1 0 0 2 0 0 0 1 0 0 1 0 0 1 1 0 0 2 0 0 0 1 0 1 1 0 0 1 1 0 0 0 0 3 0 0 1 0 0 2 1 0 0 1 0 1 0 1 0 3 0 0 0 1 0 2 0 0 1 0 0 2 0 0 0 0 1 0 1 0 0 3 0 1 1 0 1 0 0 2 0 0 0 3 0 2 0 0 0 0 0 2 0 3 0 1 0 2 0 3 0 0 0 3 0 0 0 3 0 2 0 1 0 3 0 3 0 1 1 0 0 2 0 1 0 0 0 0 1 0 0 2 1 0 0 2 0 0
0 481 3 0 2 0 0 0 0 0 1 0 3 0 0 0 3 0 0 0 0 0 0 0 2 0 2 0 2 0 3 0 0 0 0 0 1 0 3 0 2 0 0 0 0 0 1 0 1 1 0 0 3 0 3 0 1 0 0 1 0 0 1 1 0 0 2 1 0 0 3 0 3 0 3 0 0 0 2 1 0 1 0 1 0 0 3 0 0 0 1 0 3 0 1 0 1 0 3 0 3 0 3 0 0 1 0 0 3 0 1 0 1 1 0 0 1 0 2 1 0 0 1 0 1 0 2 0 2 0 2 0 2 1 0 0 3 0 1 1 0 0 2 0 2 1 0 0 1 0 1 0 0 0 3 0 3 0 1 0 3 0 0 0 1 1 0 1 0 1 0 0 0 0 3 0 1 1 0 1 0 0 0 0 2 1 0 0 1 1 0 0 3 0 1 0 1 0 2 0 3 0 1 1 0 0 1 0 0 0 1 0 2 0 1 0 0 0 1 0 1 0 1 0 1 1 0 0 2 0 1 0 3 0 3 0 1 1 0 1 0 1 0 0 3 0 3 0 1 0 3 0 1 0 0 0 0 0 0 0 1 0 2 0 3 0 1 1 0 1 0 0 0 1 0 0 3 0 0 0 3 0 1 1 0 1 0 1 0 0 1 0 0 1 0 0 1 1 0 0 0 0 0 1 0 0 1 0 0 0 2 1 0 0 1 0 0 0 1 0 2 0 3 0 0 0 2 0 1 0 0 0 2 0 1 0 2 0 0 0 3 0 0 0 0 0 3 0 3 0 0 0 2 0 1 0 3 0 2 0 3 0 3 0 0 0 2 0 3 0 3 0 2 0 3 0 0 0 1 0 2 1 0 0 0 1 0 0 2 0 2 0 3 0 1 0 1 0 2 1 0 0 2 0 3 0 3 0 0 0 1 1 0 1 0 0 2 0 0 0 0 0 3 0 3 0 1 0 2 0 0 0 1 0 1 0 0 0 2 1 0 0 1 0 2 0 2 0 1 0 2 0 2 0 0 1 0 0 3 0 2 1 0 1 0 1 0 0 3 0 0 0 1 1 0 0 0 1 0 1 0 0 1
0 483 1 0 2 0 0 0 1 0 0 0 3 0 1 0 2 0 1 0 1 0 0 0 1 0 0 0 1 0 1 0 2 0 1 0 0 0 3 0 2 0 0 0 1 0 0 0 2 1 0 0 0 0 2 0 2 0 3 0 1 0 3 0 2 1 0 0 1 0 0 0 2 0 3 0 2 0 2 0 1 0 0 1 0 1 0 0 1 0 1 0 3 0 1 0 3 0 3 0 2 0 3 0 2 0 2 1 0 0 1 0 3 0 3 0 3 0 2 0 0 1 0 0 2 0 3 0 0 0 1 0 1 0 2 0 0 0 2 0 0 0 0 0 0 0 1 1 0 0 2 0 2 0 1 0 2 0 2 1 0 0 2 0 1 1 0 0 0 1 0 0 3 0 0 0 2 0 0 0 0 0 3 0 0 0 0 1 0 1 0 0 0 0 1 0 3 0 3 0 0 0 2 1 0 1 0 0 2 0 0 0 2 1 0 0 3 0 0 0 2 0 2 0 2 0 3 0 3 0 3 0 3 0 2 0 3 0 0 0 0 1 0 1 0 0 2 0 2 1 0 0 2 0 3 0 0 0 0 0 0 0 3 0 0 0 3 0 0 0 0 0 3 0 0 1 0 0 1 0 2 0 2 0 0 0 0 1 0 0 3 0 1 0 1 0 3 0 2 0 2 1 0 0 1 0 3 0 1 0 1 0 0 1 0 0 2 0 0 0 3 0 0 0 2 0 1 1 0 0 3 0 0 1 0 1 0 0 0 0 2 0 1 0 1 0 1 0 2 0 2 0 1 1 0 1 0 0 3 0 1 0 3 0 2 0 2 0 0 0 3 0 3 0 1 0 2 0 1 0 3 0 0 1 0 0 1 1 0 0 0 0 1 0 2 0 3 0 3 0 1 0 0 0 0 0 3 0 2 0 1 1 0 0 0 0 3 0 3 0 0 0 1 0 2 0 2 1 0 0 0 0 1 0 2 0 2 0 1 0 0 1 0 0 3 0 0 0 0 1 0 0 1 0 0 0 2 1 0 0 2 0 2 0 0 1 0 1 0 0 1 0 1 0 3 0 3 0 0 1 0 0 3 0 1
1 483 2 1 0 0 1 0 2 0 1 0 1 1 0 0 0 0 3 0 2 0 0 0 2 0 0 0 2 0 2 1 0 0 3 0 1 0 2 0 0 0 1 0 2 0 1 0 0 1 0 0 1 0 0 0 1 0 2 1 0 0 3 0 1 1 0 0 2 0 1 0 0 0 3 0 1 0 0 0 3 0 1 1 0 0 3 0 1 0 3 0 1 1 0 0 3 0 3 0 1 0 3 0 1 0 1 1 0 0 3 0 2 0 3 0 3 0 0 0 2 1 0 0 0 0 2 0 1 0 2 0 2 1 0 0 1 1 0 0 1 0 0 0 0 1 0 0 0 0 0 0 0 1 0 0 1 0 1 1 0 1 0 1 0 1 0 0 1 1 0 0 1 0 1 1 0 0 1 0 1 0 1 0 1 0 1 1 0 0 2 1 0 0 3 0 2 0 2 0 2 0 1 0 0 0 3 0 3 0 1 0 1 0 0 0 1 0 2 0 0 0 1 0 1 0 3 0 3 0 3 0 3 0 1 0 2 0 1 0 1 1 0 1 0 0 0 0 2 0 0 0 0 0 2 0 1 0 0 0 1 0 1 0 2 0 1 0 1 0 1 0 1 0 2 0 3 0 2 0 0 0 0 0 1 0 1 1 0 0 1 0 3 0 3 0 2 0 1 0 1 1 0 0 3 0 1 0 3 0 2 0 1 0 3 0 3 0 1 0 1 0 2 0 0 0 0 0 0 0 1 0 2 1 0 0 2 1 0 1 0 0 3 0 2 0 3 0 0 0 1 0 0 0 0 1 0 0 1 1 0 0 3 0 1 0 0 0 2 0 2 0 2 1 0 0 0 1 0 0 2 0 2 0 3 0 2 0 2 1 0 0 3 0 0 0 3 0 2 0 3 0 0 0 1 0 2 0 0 1 0 1 0 0 1 0 2 0 2 0 1 0 3 0 0 0 1 1 0 0 0 0 3 0 0 0 0 0 3 0 1 1 0 0 1 0 1 0 1 0 3 0 1 0 1 0 1 0 0 0 0 0 0 0 2 1 0 0 3 0 1 0 3 0 2 0 2 0 2 1 0 0 1 1 0
1 485 1 0 0 1 0 0 2 1 0 0 3 0 3 0 3 0 0 0 2 0 0 0 1 1 0 0 2 0 0 0 2 0 0 0 1 1 0 0 0 0 1 0 2 1 0 0 3 0 1 0 3 0 1 0 0 0 3 0 1 0 0 0 1 1 0 1 0 1 0 0 3 0 1 0 1 0 3 0 1 0 2 0 0 0 0 0 1 1 0 0 3 0 0 0 0 0 2 0 2 1 0 0 2 1 0 0 0 0 0 0 2 0 1 0 3 0 2 0 2 0 0 1 0 0 0 1 0 1 0 0 1 0 1 1 0 0 3 0 3 0 1 0 0 0 1 0 2 1 0 0 0 0 1 0 3 0 1 1 0 0 0 1 0 1 0 0 3 0 2 0 3 0 1 0 3 0 3 0 1 0 2 0 2 0 2 1 0 0 0 0 1 0 0 0 2 0 1 0 1 0 0 0 3 0 1 0 2 0 2 0 3 0 2 0 0 0 2 1 0 0 1 0 2 0 3 0 2 0 3 0 3 0 2 1 0 0 0 1 0 0 0 0 0 0 2 1 0 1 0 0 1 0 0 1 0 0 3 0 0 0 2 0 2 1 0 0 3 0 2 0 2 0 3 0 0 0 3 0 0 0 1 0 0 0 2 0 3 0 3 0 2 0 2 0 3 0 0 1 0 0 0 0 0 0 1 1 0 0 3 0 0 1 0 0 3 0 2 0 3 0 2 1 0 0 1 0 0 0 0 0 3 0 1 0 0 0 1 0 0 1 0 0 2 0 1 0 2 0 1 0 2 0 0 0 1 0 3 0 2 1 0 0 1 0 3 0 1 0 0 0 1 0 1 1 0 0 1 1 0 0 0 0 1 0 3 0 1 0 2 0 0 0 1 0 2 0 2 0 1 0 2 0 1 0 2 1 0 0 2 1 0 0 3 0 2 0 0 0 0 1 0 0 2 0 1 0 3 0 3 0 0 0 1 0 1 0 1 0 1 1 0 1 0 0 2 0 2 0 3 0 1 0 3 0 2 0 2 0 0 0 0 0 1 0 1 0 0 0 1 1 0 0 3 0 1 0 1 0 1 1 0 0 3 0 2
0 485 2 0 1 1 0 0 1 0 0 0 2 0 3 0 2 0 1 1 0 0 1 0 3 0 3 0 3 0 0 1 0 0 1 0 3 0 2 1 0 0 3 0 1 0 0 0 1 1 0 0 2 0 3 0 1 0 1 0 3 0 0 1 0 0 0 1 0 1 0 0 1 0 3 0 3 0 1 1 0 0 0 0 1 0 0 1 0 0 0 0 1 0 1 0 1 0 0 0 2 0 0 0 0 1 0 0 0 0 0 1 0 1 0 0 3 0 1 0 0 0 2 0 3 0 0 1 0 0 3 0 1 1 0 0 0 0 2 0 2 0 3 0 0 0 3 0 0 1 0 0 0 0 3 0 1 1 0 1 0 0 1 1 0 1 0 0 2 0 1 0 2 1 0 0 3 0 2 1 0 0 1 0 1 0 1 1 0 0 0 0 2 0 0 1 0 0 3 0 2 0 1 0 1 1 0 0 1 0 1 0 3 0 0 0 2 0 0 1 0 0 3 0 0 0 3 0 1 0 3 0 3 0 1 1 0 0 1 0 2 1 0 0 1 0 1 0 0 0 3 0 1 0 1 1 0 0 1 0 2 0 0 0 2 0 0 0 2 0 1 0 1 0 2 0 2 0 1 0 1 0 2 0 1 0 0 0 3 0 3 0 1 0 1 0 2 0 2 0 2 1 0 0 0 1 0 0 0 0 1 0 2 1 0 0 2 0 1 0 3 0 1 1 0 0 2 0 0 0 1 0 1 0 3 0 0 0 2 0 1 0 3 0 3 0 2 1 0 1 0 0 0 0 1 0 3 0 2 0 1 1 0 0 3 0 1 0 3 0 0 0 2 0 3 0 3 0 2 0 2 1 0 0 3 0 1 1 0 0 0 0 1 0 3 0 0 0 0 1 0 0 0 1 0 0 2 0 0 0 1 0 0 0 2 0 0 0 1 0 1 0 3 0 3 0 3 0 2 0 2 0 1 0 2 0 2 0 2 1 0 0 0 1 0 0 0 0 1 0 2 1 0 0 3 0 1 0 0 0 1 0 0 0 2 0 2 0 0 1 0 0 0 0 1 0 3 0 2 1 0 0 0 0 2 0 1
1 486 1 0 1 0 1 0 0 2 0 1 0 0 0 3 0 0 1 0 1 0 0 3 0 2 0 3 0 2 0 2 0 3 0 2 0 2 0 2 0 0 0 1 0 3 0 0 1 0 0 0 0 0 0 2 0 3 0 3 0 1 0 2 0 3 0 0 1 0 0 3 0 2 0 2 0 2 1 0 1 0 0 0 0 2 0 1 0 2 1 0 0 2 0 2 0 2 0 0 1 0 0 1 0 1 0 2 1 0 0 1 1 0 1 0 0 1 0 3 0 1 0 0 0 2 0 2 1 0 0 1 1 0 1 0 0 1 0 0 0 1 0 2 0 2 0 1 0 2 0 3 0 0 0 2 0 0 0 0 0 3 0 2 1 0 0 3 0 3 0 3 0 1 0 0 0 2 0 1 1 0 0 2 0 2 0 3 0 2 1 0 1 0 0 2 1 0 0 2 0 0 0 3 0 3 0 3 0 1 0 3 0 1 0 1 1 0 0 2 1 0 0 1 0 2 0 1 1 0 0 3 0 2 1 0 1 0 0 3 0 0 1 0 0 2 0 2 0 1 0 1 0 3 0 3 0 3 0 1 1 0 0 1 1 0 0 1 1 0 0 3 0 3 0 0 0 0 0 3 0 2 1 0 0 3 0 1 0 2 0 2 0 3 0 3 0 0 0 1 0 1 1 0 0 1 0 2 1 0 0 3 0 0 1 0 1 0 1 0 0 2 1 0 1 0 1 0 0 1 0 2 0 3 0 1 0 1 1 0 1 0 0 3 0 3 0 2 0 0 0 2 1 0 0 3 0 2 0 1 0 0 0 0 0 1 1 0 0 2 0 2 0 0 0 3 0 3 0 1 0 2 0 0 0 1 1 0 1 0 0 0 0 3 0 1 0 1 0 1 0 3 0 0 0 3 0 3 0 0 0 2 0 0 1 0 0 1 0 2 0 3 0 2 0 3 0 3 0 1 0 0 1 0 0 1 0 1 0 1 1 0 0 1 0 2 1 0 0 3 0 1 0 0 0 1 0 3 0 0 0 2 0 1 0 0 0 0 0 2 0 2 1 0 0 3 0 2 0 1 1 0 0 0 1 0 1 0
0 487 1 1 0 1 0 0 3 0 3 0 2 0 1 0 1 0 2 1 0 1 0 0 2 0 1 0 3 0 1 0 1 0 3 0 1 0 1 0 0 0 1 0 3 0 1 0 2 0 2 1 0 0 1 0 0 0 3 0 2 1 0 0 1 0 2 0 2 1 0 0 2 0 1 0 1 0 2 0 0 0 2 1 0 1 0 1 0 0 2 0 0 0 0 0 1 0 0 0 2 0 3 0 1 0 3 0 0 1 0 1 0 0 0 0 3 0 2 0 1 0 3 0 1 0 0 0 1 1 0 1 0 0 0 0 3 0 1 0 0 0 3 0 0 0 0 1 0 0 1 0 2 0 1 1 0 0 1 0 1 0 2 0 2 0 0 0 2 0 3 0 2 0 3 0 1 0 0 0 0 0 0 0 0 0 1 0 3 0 2 0 0 1 0 0 0 1 0 1 0 0 2 0 2 0 3 0 2 1 0 0 2 1 0 0 0 0 0 0 0 1 0 0 3 0 0 0 0 0 0 0 2 0 2 0 0 1 0 0 1 0 2 1 0 0 0 0 0 0 3 0 3 0 2 0 3 0 2 1 0 1 0 0 3 0 3 0 2 1 0 0 2 0 2 0 1 0 1 0 2 0 2 0 0 0 1 1 0 0 1 0 1 0 3 0 2 0 1 0 2 0 3 0 3 0 2 0 1 0 0 0 1 0 2 1 0 1 0 1 0 0 1 0 0 1 0 0 3 0 2 0 0 0 2 1 0 0 0 0 0 1 0 0 2 0 3 0 0 0 2 0 1 0 0 0 2 0 0 0 3 0 0 0 0 1 0 0 0 0 0 0 0 0 2 0 2 0 2 1 0 0 0 0 1 1 0 0 0 0 3 0 0 0 1 0 3 0 2 0 3 0 1 0 2 0 2 0 2 0 1 1 0 0 2 0 3 0 2 0 0 0 3 0 1 0 3 0 2 0 3 0 1 0 3 0 1 0 2 0 3 0 3 0 2 0 1 0 0 0 1 0 3 0 0 0 3 0 1 0 1 1 0 0 3 0 0 0 1 0 0 0 2 0 0 0 2 0 0 1 0 1 0 0 1 1 0 0 2
1 488 1 0 0 0 1 0 0 2 0 3 0 0 0 3 0 3 0 1 0 0 0 3 0 3 0 3 0 1 0 3 0 3 0 1 0 3 0 2 0 0 0 3 0 1 1 0 0 1 0 1 1 0 0 2 0 1 0 2 0 1 1 0 0 3 0 0 0 1 1 0 1 0 0 3 0 2 1 0 0 2 0 1 0 0 1 0 0 3 0 3 0 0 0 0 0 2 0 1 0 0 0 2 1 0 0 2 0 2 1 0 0 3 0 0 0 2 0 0 1 0 0 2 0 3 0 0 1 0 0 0 0 3 0 0 0 1 0 3 0 1 0 1 0 1 0 1 0 3 0 1 1 0 1 0 1 0 0 2 0 3 0 0 0 0 0 2 0 0 0 3 0 1 0 2 0 3 0 0 0 0 0 0 0 0 0 3 0 2 0 0 0 2 0 3 0 0 1 0 1 0 0 0 0 1 0 3 0 2 0 0 0 0 1 0 0 0 0 0 0 1 1 0 0 1 0 1 0 0 0 1 0 0 0 0 0 2 0 3 0 2 0 0 1 0 0 0 0 1 0 2 0 3 0 1 0 3 0 2 0 0 1 0 0 2 0 3 0 2 0 0 0 0 0 0 0 3 0 3 0 0 0 0 0 1 0 3 0 3 0 1 0 3 0 2 0 0 1 0 0 1 0 3 0 3 0 0 0 3 0 0 0 3 0 1 0 0 1 0 0 3 0 1 0 1 1 0 0 2 0 0 0 2 0 0 1 0 0 0 0 1 1 0 0 0 0 2 0 1 1 0 0 3 0 0 1 0 0 2 0 1 0 1 0 1 0 2 1 0 0 0 0 1 0 0 0 1 0 1 1 0 0 0 0 3 0 3 0 0 0 1 0 1 0 3 0 2 0 1 0 2 1 0 0 1 0 1 0 1 0 0 0 0 0 0 0 3 0 0 0 2 0 1 1 0 0 3 0 1 0 2 1 0 0 2 1 0 0 1 0 3 0 3 0 0 0 3 0 0 0 3 0 1 0 2 0 1 1 0 0 0 0 0 0 1 0 1 0 2 0 0 1 0 0 1 1 0 0 2 1 0 0 3 0 2 1 0 0 0
1 489 1 0 3 0 0 1 0 0 0 0 2 0 2 0 2 0 2 0 3 0 1 0 2 0 3 0 2 1 0 0 3 0 2 1 0 0 3 0 0 0 2 0 1 1 0 1 0 0 2 0 3 0 3 0 3 0 3 0 0 0 0 0 0 0 1 0 1 1 0 0 0 1 0 0 2 0 1 1 0 1 0 0 3 0 1 1 0 0 2 0 2 0 1 0 0 1 0 0 3 0 1 0 1 0 0 0 0 0 2 0 0 0 1 0 1 1 0 0 2 1 0 0 0 0 2 0 2 0 3 0 0 0 1 0 1 0 3 0 1 0 3 0 2 0 2 0 3 0 2 0 0 0 0 1 0 1 0 0 0 0 2 0 1 0 0 1 0 0 2 0 1 1 0 0 1 0 2 0 1 0 0 0 0 0 1 0 2 0 0 0 2 0 0 0 2 0 2 1 0 0 2 1 0 0 3 0 2 0 0 0 1 0 1 0 2 1 0 0 0 0 3 0 3 0 1 0 2 0 0 0 2 0 0 0 1 0 0 0 3 0 0 0 2 0 2 1 0 0 3 0 0 0 2 1 0 0 3 0 0 0 2 1 0 0 0 0 3 0 0 0 1 0 0 0 1 0 2 0 2 0 1 0 0 0 3 0 2 0 2 1 0 0 3 0 0 0 2 0 3 0 2 0 2 0 2 0 2 0 1 0 2 0 1 0 3 0 1 1 0 0 1 0 3 0 3 0 3 0 3 0 0 1 0 0 2 0 2 1 0 0 3 0 3 0 0 0 0 0 0 0 0 0 1 0 2 0 3 0 3 0 2 0 2 0 3 0 0 1 0 0 0 0 2 0 0 0 2 0 3 0 3 0 0 0 2 0 2 0 1 0 2 0 3 0 2 0 0 1 0 0 1 1 0 0 2 0 2 0 2 0 0 0 0 0 1 0 1 0 2 0 0 0 0 0 0 0 1 1 0 0 2 0 0 0 0 1 0 0 3 0 2 0 2 0 2 0 1 0 2 0 1 1 0 0 0 1 0 1 0 0 0 0 0 0 2 0 2 1 0 0 2 0 3 0 2 1 0 0 1 0 0 0 2 0 1 1 0 0 0
1 489 3 0 1 0 2 0 3 0 0 0 0 0 1 0 1 0 1 0 2 1 0 0 1 0 3 0 2 0 0 0 2 0 2 0 0 0 1 0 2 0 0 0 0 0 0 1 0 0 0 0 3 0 3 0 3 0 2 0 1 0 0 0 0 0 2 0 3 0 3 0 0 1 0 0 0 0 0 0 0 1 0 0 2 0 0 0 0 0 0 0 0 0 3 0 1 1 0 0 1 0 3 0 2 0 0 0 0 1 0 0 1 0 2 1 0 0 0 0 0 1 0 0 1 0 0 0 1 0 2 0 1 0 2 0 3 0 1 1 0 0 3 0 1 0 1 0 3 0 0 0 1 0 1 1 0 0 2 1 0 1 0 0 3 0 1 0 3 0 3 0 3 0 3 0 1 1 0 0 3 0 0 0 0 0 2 1 0 0 1 1 0 0 2 0 0 0 2 0 0 0 1 0 0 0 2 0 0 0 1 0 2 0 3 0 0 1 0 0 1 0 2 0 2 1 0 0 0 0 1 1 0 0 1 0 2 0 1 0 1 0 2 0 0 0 2 0 0 0 1 0 2 0 1 0 0 0 1 0 2 0 0 1 0 0 1 0 1 0 1 0 2 0 0 0 3 0 0 0 0 0 3 0 1 0 2 0 1 0 2 0 0 0 1 0 2 0 0 0 3 0 1 0 1 0 1 0 0 1 0 0 0 1 0 0 2 1 0 1 0 0 3 0 2 0 3 0 3 0 2 0 2 1 0 0 0 0 2 0 0 0 2 0 2 0 1 0 0 0 0 0 0 0 3 0 0 0 3 0 3 0 1 0 1 0 2 0 2 0 2 1 0 1 0 0 2 0 0 0 3 0 2 0 2 0 0 0 0 1 0 0 1 0 3 0 0 0 2 0 3 0 2 1 0 0 0 0 1 0 0 0 1 0 0 0 2 0 2 1 0 0 1 0 0 0 0 0 3 0 3 0 3 0 0 0 1 1 0 0 2 0 1 0 1 0 0 1 0 0 0 1 0 1 0 0 1 1 0 0 2 1 0 0 1 0 0 0 2 0 0 0 0 0 3 0 1 1 0 0 2 0 0 1 0 1 0 1 0 0 0
1 491 1 0 1 1 0 0 1 0 2 0 1 0 0 0 2 0 2 0 3 0 0 1 0 0 3 0 2 0 0 0 2 0 0 0 0 0 1 0 2 1 0 0 1 0 0 0 1 0 3 0 0 0 2 0 3 0 3 0 0 0 3 0 0 0 1 0 0 0 3 0 2 0 2 0 2 1 0 0 0 0 1 0 3 0 3 0 0 0 0 0 0 0 1 0 1 1 0 1 0 0 3 0 2 0 0 0 1 0 1 0 3 0 2 0 0 1 0 0 0 0 1 0 3 0 1 0 0 0 2 1 0 1 0 0 1 0 3 0 0 0 0 0 1 0 3 0 3 0 1 0 1 0 2 1 0 0 0 0 1 0 0 1 0 0 1 1 0 0 3 0 3 0 3 0 3 0 0 0 0 0 1 0 1 0 1 0 0 1 0 0 3 0 3 0 3 0 0 1 0 0 1 0 2 0 0 1 0 0 1 0 3 0 0 0 2 0 2 0 3 0 2 0 0 0 1 1 0 0 0 0 3 0 3 0 1 1 0 0 3 0 2 1 0 0 1 1 0 0 1 0 2 1 0 0 3 0 0 0 2 1 0 0 2 0 3 0 1 0 2 0 2 1 0 0 2 0 1 0 1 0 1 0 1 1 0 0 0 1 0 0 0 0 1 0 2 1 0 0 2 0 1 0 3 0 2 0 2 0 1 0 3 0 0 1 0 0 1 0 0 1 0 0 2 0 1 0 3 0 3 0 1 0 1 1 0 0 0 1 0 0 2 0 0 0 0 0 3 0 0 0 0 0 1 0 1 0 2 0 2 0 2 0 3 0 3 0 0 0 1 0 2 0 0 0 3 0 3 0 1 0 2 0 1 0 0 0 1 0 1 0 3 0 2 0 1 0 2 0 0 0 3 0 1 1 0 0 0 0 2 0 0 0 2 0 1 0 0 0 1 1 0 0 2 0 0 0 1 0 2 0 3 0 2 0 1 0 3 0 3 0 3 0 2 0 2 0 1 0 3 0 0 1 0 0 3 0 2 1 0 0 0 1 0 0 2 0 0 1 0 0 1 0 1 0 1 1 0 1 0 1 0 0 2 1 0 1 0 0 2 1 0
1 491 2 0 3 0 3 0 1 1 0 0 3 0 1 0 0 0 1 0 2 0 2 1 0 0 2 0 0 0 1 1 0 0 1 0 0 0 3 0 0 1 0 0 2 0 0 0 3 0 1 0 2 0 0 0 3 0 2 0 2 0 1 0 1 0 2 0 1 0 2 0 1 0 1 0 1 1 0 0 0 0 3 0 2 0 2 0 1 0 0 0 0 0 2 1 0 0 0 1 0 0 2 0 0 0 1 0 2 0 3 0 2 0 0 0 2 0 2 1 0 0 3 0 1 0 3 0 1 0 1 0 0 0 3 0 2 0 1 0 1 0 0 0 3 0 2 0 2 0 3 0 3 0 0 1 0 0 0 0 2 0 1 0 3 0 2 1 0 0 2 0 3 0 3 0 2 0 1 0 0 0 2 0 2 0 2 0 1 1 0 0 2 0 3 0 2 0 2 0 3 0 1 1 0 0 2 0 3 0 2 0 1 0 2 0 0 0 1 0 3 0 0 0 1 0 3 0 3 0 0 0 2 0 3 0 0 0 0 0 2 0 1 1 0 0 3 0 3 0 2 0 1 0 0 0 1 0 2 0 1 0 0 0 0 0 2 1 0 0 1 0 1 1 0 1 0 0 3 0 2 0 2 0 3 0 3 0 0 0 2 1 0 0 3 0 0 1 0 1 0 1 0 0 3 0 1 0 0 1 0 0 2 0 2 0 3 0 1 0 1 0 3 0 3 0 3 0 2 0 2 0 3 0 3 0 3 0 0 0 3 0 3 0 0 0 1 0 1 0 1 0 0 0 2 0 3 0 0 0 1 0 1 0 3 0 2 0 1 0 2 1 0 0 2 0 2 0 2 1 0 0 0 0 3 0 0 0 2 0 3 0 2 0 0 1 0 0 0 0 2 0 1 1 0 1 0 0 0 1 0 0 1 1 0 0 3 0 0 0 3 0 3 0 3 0 0 0 3 0 0 0 3 0 0 1 0 0 3 0 3 0 3 0 1 0 0 1 0 0 2 0 2 1 0 0 2 0 1 1 0 0 1 0 3 0 3 0 1 0 3 0 1 0 2 1 0 0 0 1 0 1 0 0 1 0 0 1 0 0 0 1 0
1 493 1 0 0 0 3 0 3 0 0 0 0 0 1 0 3 0 0 0 3 0 0 0 1 1 0 1 0 0 1 0 3 0 3 0 1 0 1 0 1 0 2 0 3 0 3 0 1 0 1 1 0 0 0 0 2 0 2 0 1 0 0 0 3 0 2 1 0 1 0 0 0 0 3 0 2 0 3 0 3 0 0 0 2 0 1 0 0 0 3 0 0 0 1 0 0 1 0 0 1 0 3 0 3 0 0 0 3 0 0 0 3 0 0 0 2 0 0 0 2 0 0 0 1 1 0 0 2 0 3 0 2 0 1 0 2 0 0 0 3 0 2 0 1 0 2 0 1 0 1 0 3 0 2 0 2 0 2 1 0 1 0 1 0 0 3 0 2 0 0 0 0 0 3 0 3 0 0 0 3 0 1 0 0 0 1 0 1 0 0 0 0 0 0 0 3 0 1 0 1 0 3 0 0 0 0 0 0 0 3 0 0 1 0 0 0 0 1 0 3 0 1 0 1 0 3 0 2 0 2 0 2 0 0 0 2 0 1 0 1 0 0 0 0 0 0 0 2 0 3 0 0 0 3 0 0 0 2 1 0 0 3 0 0 0 1 0 0 1 0 0 2 1 0 0 0 1 0 0 2 0 1 0 1 0 3 0 2 0 2 0 1 0 0 0 1 0 2 1 0 1 0 1 0 0 1 0 3 0 1 1 0 0 0 0 1 0 2 0 3 0 3 0 2 0 3 0 3 0 1 0 1 0 3 0 3 0 2 0 2 0 2 0 2 0 1 0 2 0 2 0 2 0 1 0 0 0 2 0 1 0 2 0 3 0 2 0 0 1 0 0 2 0 0 0 0 0 1 0 1 1 0 0 1 0 1 0 2 0 0 0 3 0 0 0 2 0 3 0 0 0 0 0 0 0 0 0 3 0 0 0 3 0 2 1 0 0 1 0 2 0 2 0 3 0 2 0 2 0 1 0 2 0 1 0 2 1 0 0 2 0 3 0 2 0 3 0 1 1 0 0 0 0 1 1 0 1 0 1 0 1 0 0 3 0 2 0 2 1 0 0 2 1 0 0 1 1 0 0 1 1 0 0 3 0 1 0 1 0 3 0 0 0 2
0 493 2 0 1 0 2 0 2 0 1 0 0 0 3 0 1 0 2 0 1 0 1 1 0 0 0 0 3 0 2 0 2 0 2 0 3 0 2 0 3 0 0 0 3 0 2 0 3 0 3 0 3 0 0 0 0 0 0 0 3 0 1 0 2 0 2 0 0 0 3 0 0 0 2 0 1 0 3 0 2 0 1 1 0 0 3 0 1 0 1 0 1 0 2 0 1 0 3 0 2 0 2 0 2 0 2 0 1 0 2 0 1 0 1 1 0 0 1 1 0 0 1 1 0 0 0 0 0 0 3 0 0 1 0 0 0 0 2 0 2 0 0 1 0 0 0 0 3 0 3 0 2 0 1 0 1 0 2 0 0 1 0 1 0 0 2 0 0 0 1 0 1 0 2 0 2 0 2 0 1 0 3 0 0 0 2 0 2 0 0 0 0 0 1 0 1 0 3 0 3 0 1 0 1 0 0 0 1 0 1 0 2 0 2 1 0 0 3 0 1 0 3 0 3 0 2 0 1 0 1 0 0 0 1 1 0 0 3 0 2 0 0 0 0 0 1 0 0 0 2 0 2 0 1 0 2 0 1 0 0 0 1 0 1 0 2 0 1 1 0 0 0 1 0 0 1 0 3 0 3 0 2 0 3 0 2 0 1 0 0 0 3 0 0 0 3 0 1 0 0 1 0 0 3 0 2 0 1 1 0 1 0 0 0 0 3 0 0 0 3 0 3 0 1 0 3 0 2 0 3 0 3 0 2 0 3 0 1 0 1 0 1 0 0 1 0 0 1 0 1 0 0 0 3 0 0 1 0 1 0 0 1 0 3 0 0 0 2 0 3 0 3 0 0 0 0 0 2 0 3 0 3 0 1 0 2 1 0 0 2 0 1 0 2 0 0 0 2 0 1 0 0 0 0 0 1 0 1 0 2 0 2 0 1 1 0 0 3 0 0 0 1 0 3 0 1 0 0 1 0 0 0 1 0 0 2 0 0 0 0 0 3 0 1 0 2 1 0 1 0 0 0 1 0 0 0 1 0 1 0 1 0 0 2 0 1 0 2 0 0 0 0 1 0 0 3 0 3 0 2 1 0 0 1 0 3 0 3 0 1 0 2 0 0
0 494 1 0 1 0 0 1 0 0 0 3 0 1 0 1 1 0 0 0 0 3 0 3 0 3 0 0 0 2 0 1 0 1 0 1 0 3 0 1 0 2 0 2 0 2 0 1 0 3 0 3 0 2 0 1 0 0 0 1 0 1 1 0 0 1 0 0 0 2 0 1 0 1 1 0 1 0 0 3 0 1 0 0 0 0 0 1 0 3 0 2 0 2 1 0 1 0 0 3 0 1 0 1 0 1 0 0 1 0 0 0 0 3 0 3 0 3 0 2 0 3 0 2 0 2 1 0 0 1 0 1 0 2 0 3 0 0 0 0 0 0 0 2 0 3 0 0 0 2 0 3 0 0 0 3 0 2 1 0 0 2 1 0 0 3 0 3 0 0 0 2 0 3 0 0 0 1 0 0 1 0 0 2 0 2 0 0 0 0 0 1 0 0 0 2 0 3 0 2 0 2 0 3 0 2 0 0 0 2 0 3 0 0 0 2 0 0 0 1 1 0 0 3 0 3 0 0 0 3 0 2 0 0 1 0 0 0 0 2 0 0 0 1 0 0 0 2 0 1 0 0 0 0 1 0 0 0 0 3 0 0 0 2 0 2 1 0 1 0 1 0 0 1 0 3 0 2 0 2 0 3 0 1 0 3 0 0 0 3 0 1 0 1 0 2 0 1 0 3 0 1 1 0 0 2 0 1 0 0 0 0 0 3 0 0 0 1 0 2 0 2 0 2 1 0 0 3 0 1 0 3 0 3 0 1 0 2 0 3 0 2 0 2 0 1 0 3 0 1 0 2 0 1 0 1 0 2 1 0 0 3 0 2 0 1 0 2 0 0 0 3 0 2 0 1 0 1 0 0 0 3 0 2 1 0 0 1 1 0 1 0 1 0 0 0 0 1 1 0 0 3 0 0 0 0 0 2 0 3 0 0 0 1 0 0 0 0 0 1 0 1 0 3 0 1 0 3 0 1 0 3 0 0 0 3 0 3 0 0 0 1 0 1 1 0 0 2 0 0 0 3 0 0 0 3 0 0 1 0 1 0 0 3 0 3 0 2 1 0 0 1 0 1 1 0 0 2 0 3 0 1 1 0 0 3 0 2 0 2 1 0 0 0 0 1
1 495 1 1 0 0 3 0 1 0 1 0 1 0 3 0 3 0 3 0 0 0 2 0 3 0 2 0 1 1 0 0 3 0 2 0 3 0 1 1 0 0 1 0 1 0 0 1 0 0 3 0 3 0 0 0 3 0 0 0 2 0 3 0 3 0 1 0 0 1 0 1 0 0 0 0 0 1 0 0 1 0 3 0 0 0 0 0 3 0 2 0 1 0 2 0 0 1 0 0 1 0 3 0 2 0 2 0 1 0 3 0 0 0 2 0 3 0 3 0 1 0 3 0 1 0 1 1 0 0 2 0 3 0 0 0 2 0 1 0 0 0 1 0 0 0 2 0 2 0 0 0 2 0 2 0 2 0 2 0 0 0 1 0 0 0 2 0 2 0 2 0 0 0 2 0 1 0 2 0 1 1 0 0 0 0 0 0 1 0 0 0 2 0 1 0 0 0 3 0 1 0 1 0 3 0 0 0 2 0 0 0 2 0 1 1 0 0 1 1 0 0 0 0 2 0 2 0 2 0 2 0 0 0 2 0 2 1 0 1 0 0 1 0 2 0 0 1 0 0 3 0 0 0 1 0 3 0 0 0 1 0 2 0 0 0 2 0 0 1 0 0 3 0 2 0 2 0 1 0 1 0 2 1 0 0 2 0 2 0 1 0 3 0 2 1 0 1 0 0 2 1 0 1 0 1 0 0 3 0 0 0 1 0 1 0 1 0 3 0 0 0 1 0 2 0 0 0 1 1 0 0 3 0 2 1 0 0 1 0 3 0 1 0 0 1 0 0 2 1 0 0 0 0 3 0 3 0 1 0 0 0 2 0 0 1 0 0 0 0 2 0 2 0 0 0 3 0 2 0 1 0 2 0 1 1 0 1 0 0 0 1 0 0 2 1 0 1 0 0 0 0 1 0 1 0 1 0 0 0 2 0 1 0 2 0 0 0 0 0 2 0 3 0 1 1 0 0 2 1 0 0 2 0 2 0 2 0 2 0 1 0 2 0 3 0 3 0 3 0 1 0 1 0 2 0 1 0 2 1 0 1 0 0 2 0 3 0 1 1 0 0 2 1 0 0 0 0 0 0 3 0 0 0 0 0 2 0 1 0 1 1 0 0 0 0 2
0 496 1 0 0 0 0 1 0 3 0 2 0 3 0 2 0 3 0 2 0 2 0 0 0 3 0 1 0 0 0 0 0 2 0 1 0 2 1 0 1 0 0 2 0 2 0 1 1 0 0 2 0 2 0 2 0 1 0 2 0 0 0 3 0 2 0 3 0 1 1 0 0 2 1 0 0 1 0 3 0 2 0 1 0 1 0 1 0 2 0 0 1 0 0 0 0 2 0 3 0 2 0 2 0 1 0 0 1 0 0 2 0 2 0 0 0 3 0 2 1 0 0 2 1 0 0 0 0 0 0 0 0 2 0 1 1 0 0 3 0 0 0 2 0 1 0 0 0 0 0 2 0 0 0 1 0 1 0 0 0 1 0 2 0 1 0 0 0 1 0 0 0 1 1 0 1 0 0 0 1 0 1 0 0 0 0 0 0 2 0 0 1 0 0 3 0 1 0 1 0 3 0 3 0 1 0 1 1 0 0 1 1 0 1 0 1 0 0 3 0 3 0 0 0 0 0 1 0 1 0 0 0 2 0 0 0 2 0 0 0 3 0 1 1 0 0 2 1 0 0 1 0 1 0 3 0 1 0 1 0 2 1 0 0 1 1 0 0 2 1 0 0 2 0 1 0 0 0 3 0 3 0 1 0 0 0 0 0 0 1 0 0 3 0 2 0 0 1 0 0 1 0 0 1 0 1 0 0 1 0 1 0 2 0 2 0 3 0 1 0 1 0 2 1 0 0 1 1 0 0 0 0 2 0 1 1 0 0 3 0 1 0 3 0 1 1 0 0 0 1 0 0 1 0 2 0 2 0 3 0 0 1 0 0 2 0 3 0 0 0 0 0 0 0 2 0 2 0 0 1 0 0 1 0 0 0 0 0 3 0 0 1 0 0 1 0 0 0 2 1 0 0 2 0 2 0 2 0 0 1 0 1 0 0 0 0 1 0 1 0 0 0 3 0 0 0 0 0 1 0 0 0 0 0 1 0 1 0 0 1 0 0 1 0 3 0 3 0 2 0 3 0 2 1 0 1 0 0 2 0 0 1 0 0 0 0 3 0 0 0 0 0 0 1 0 0 0 0 1 0 1 0 1 0 0 1 0 0 3 0 3 0 3 0 0 0 0
0 497 1 0 2 1 0 0 3 0 2 0 1 0 3 0 1 0 3 0 1 0 0 0 2 0 1 0 3 0 0 0 0 1 0 1 0 0 2 0 0 1 0 0 0 0 1 0 0 0 0 0 0 0 1 0 0 1 0 0 0 0 2 0 2 0 1 0 3 0 0 0 0 0 0 1 0 0 3 0 2 0 0 0 3 0 2 0 2 1 0 0 2 0 3 0 0 0 0 0 3 0 1 0 0 0 3 0 1 1 0 0 0 0 0 0 2 0 2 0 2 0 0 0 0 1 0 0 0 0 0 0 1 0 0 0 0 0 0 0 1 0 1 1 0 0 3 0 0 0 0 1 0 0 1 0 2 0 2 0 0 0 2 1 0 0 3 0 0 0 2 0 0 1 0 0 0 0 3 0 0 1 0 0 2 1 0 0 0 1 0 0 2 1 0 0 1 0 3 0 3 0 2 0 2 0 3 0 3 0 3 0 2 1 0 1 0 1 0 0 2 0 2 0 1 0 0 0 2 0 2 0 0 1 0 0 1 1 0 0 2 0 2 0 0 0 0 0 0 1 0 0 2 0 3 0 1 0 3 0 3 0 0 1 0 1 0 0 0 0 0 1 0 1 0 0 3 0 1 0 2 0 2 0 3 0 0 0 0 0 1 1 0 0 2 0 0 0 2 0 3 0 1 0 1 1 0 0 3 0 1 0 3 0 0 0 1 0 2 0 3 0 3 0 0 1 0 0 3 0 3 0 0 0 0 0 0 0 0 0 1 1 0 0 2 1 0 1 0 0 1 0 3 0 2 0 0 0 1 0 2 0 2 1 0 0 0 0 2 0 1 0 0 0 1 0 0 0 0 0 2 0 3 0 1 0 0 0 1 0 1 0 2 0 3 0 1 0 1 0 1 0 0 0 0 0 1 0 0 0 2 1 0 0 2 1 0 0 2 0 2 0 1 0 1 0 1 0 0 0 2 0 0 0 0 0 2 0 2 0 1 0 3 0 2 0 2 0 3 0 1 0 3 0 2 0 0 0 3 0 3 0 1 0 3 0 0 0 1 0 1 0 0 0 1 0 2 1 0 0 2 0 2 0 2 0 1 1 0 0 2 0 3 0 2 0 1 0 0
0 497 3 0 1 0 0 0 2 0 0 1 0 0 2 1 0 0 2 0 3 0 0 1 0 1 0 0 2 0 1 0 1 1 0 0 3 0 3 0 1 0 2 1 0 0 2 0 0 0 0 0 0 0 2 0 1 0 3 0 0 0 0 0 0 1 0 0 2 0 1 0 0 0 1 1 0 0 2 0 0 0 2 0 2 0 1 0 2 0 0 0 0 0 2 0 1 0 1 0 1 0 3 0 1 0 1 1 0 1 0 0 0 0 1 0 0 0 1 0 0 0 1 0 1 0 2 1 0 0 0 0 2 0 0 0 0 0 0 0 2 1 0 0 0 0 1 0 1 0 1 0 3 0 2 0 0 0 0 0 2 0 1 0 0 0 1 0 1 1 0 0 2 0 3 0 0 0 1 0 2 1 0 0 0 1 0 0 1 1 0 0 0 1 0 0 3 0 2 0 3 0 1 0 1 0 3 0 3 0 3 0 2 0 0 1 0 1 0 0 0 0 0 0 3 0 1 0 0 0 0 0 2 0 3 0 2 1 0 0 0 0 0 0 1 0 0 0 1 1 0 0 0 0 2 1 0 0 3 0 2 0 2 1 0 0 2 1 0 0 1 1 0 1 0 0 1 1 0 0 1 0 1 0 2 0 1 0 0 0 3 0 3 0 3 0 1 0 0 0 2 1 0 0 0 0 0 0 1 1 0 0 2 0 1 0 3 0 0 0 3 0 2 0 2 1 0 0 2 0 2 0 1 0 0 0 0 0 0 1 0 0 0 0 1 0 0 0 3 0 2 0 2 0 0 0 1 0 3 0 0 0 1 1 0 0 0 1 0 0 3 0 0 0 2 0 0 0 1 0 0 0 2 0 3 0 0 0 2 0 3 0 0 0 2 0 3 0 2 0 2 0 0 0 0 0 2 0 1 0 1 0 0 0 1 0 0 0 0 0 0 0 3 0 2 0 2 0 0 1 0 0 1 0 1 0 0 0 0 1 0 0 3 0 1 0 1 0 2 1 0 0 3 0 0 0 2 0 2 0 2 1 0 0 2 0 1 0 2 0 2 0 0 0 3 0 1 0 0 0 0 0 1 0 1 0 0 0 0 0 0 0 3 0 0 0 3 0 0
0 499 1 0 1 0 3 0 0 1 0 0 2 1 0 0 1 0 0 0 0 0 2 0 2 1 0 0 3 0 3 0 2 1 0 0 0 0 2 0 2 1 0 0 1 1 0 1 0 0 1 0 0 0 0 1 0 1 0 0 2 0 1 0 0 0 1 0 3 0 3 0 2 0 0 0 3 0 3 0 3 0 1 0 0 0 0 1 0 0 0 0 1 0 0 1 0 0 3 0 2 0 3 0 1 1 0 0 0 0 0 0 2 1 0 0 2 0 0 0 2 0 0 0 2 0 3 0 0 1 0 0 0 1 0 0 1 0 0 0 1 0 0 1 0 0 0 0 2 0 2 0 3 0 2 0 0 0 1 0 0 1 0 0 3 0 0 0 2 1 0 0 0 0 0 0 2 0 1 0 3 0 0 1 0 0 1 0 3 0 2 0 3 0 0 1 0 0 2 0 1 0 2 0 3 0 3 0 2 0 3 0 3 0 0 0 2 1 0 0 2 1 0 0 1 0 1 0 3 0 0 0 1 0 0 0 3 0 1 1 0 0 0 0 0 0 2 0 0 0 3 0 3 0 0 0 1 0 0 0 2 0 1 0 2 0 0 0 0 1 0 1 0 0 0 0 3 0 2 0 3 0 1 0 2 1 0 0 3 0 1 0 2 0 3 0 2 0 3 0 1 0 0 1 0 0 0 0 0 0 3 0 3 0 3 0 3 0 1 0 2 0 2 0 1 0 2 0 0 0 0 0 0 0 3 0 0 0 0 0 1 0 2 1 0 0 2 0 1 0 2 0 1 0 0 0 1 0 3 0 1 0 1 0 3 0 3 0 0 1 0 0 1 0 1 1 0 0 1 0 2 0 1 0 0 0 2 0 2 0 0 0 2 0 2 0 0 0 3 0 1 0 0 0 1 0 0 1 0 0 3 0 2 0 0 0 2 0 0 0 0 0 1 0 2 0 1 0 0 0 2 0 3 0 1 0 2 0 0 0 1 1 0 0 1 0 3 0 3 0 1 0 0 0 1 0 2 0 0 0 1 0 1 1 0 1 0 1 0 0 1 0 0 0 2 0 1 0 3 0 0 0 0 0 2 0 2 0 0 0 0 0 1 0 1 0 2 0 1 0 1
1 499 2 0 3 0 1 0 2 1 0 0 0 1 0 0 2 0 0 0 1 0 0 0 2 0 0 0 2 0 3 0 1 1 0 0 1 0 0 0 1 1 0 1 0 0 0 0 3 0 1 0 0 0 1 1 0 0 3 0 3 0 2 0 0 0 3 0 2 0 3 0 0 0 2 0 2 0 3 0 2 0 3 0 0 0 1 0 2 1 0 0 2 0 1 1 0 0 2 0 1 0 2 1 0 1 0 0 0 0 1 0 0 1 0 1 0 0 1 1 0 0 2 0 0 0 2 0 2 0 3 0 0 0 3 0 1 0 0 0 2 0 1 0 3 0 0 0 0 0 1 0 3 0 0 0 1 0 2 0 1 1 0 0 1 0 2 0 0 1 0 0 0 0 0 1 0 1 0 0 2 0 2 0 3 0 2 0 2 0 1 0 2 0 2 0 3 0 3 0 3 0 0 0 3 0 3 0 1 0 3 0 2 0 2 0 1 0 0 0 0 1 0 0 2 0 3 0 1 0 1 0 2 0 1 0 1 1 0 1 0 0 0 0 0 1 0 0 2 0 2 0 2 0 1 0 2 0 0 1 0 1 0 0 0 0 1 0 1 1 0 0 3 0 0 0 2 0 1 0 2 1 0 0 2 0 0 0 1 1 0 0 1 0 3 0 1 0 2 0 3 0 1 0 2 1 0 0 1 0 2 0 3 0 3 0 2 1 0 0 1 0 0 1 0 0 0 0 1 0 0 0 1 0 1 0 1 0 0 0 3 0 0 1 0 1 0 1 0 0 0 0 3 0 0 0 3 0 1 0 3 0 3 0 2 0 2 0 2 0 3 0 1 0 3 0 3 0 1 1 0 0 3 0 1 0 0 0 0 0 2 0 0 0 0 0 2 0 1 0 3 0 0 0 2 0 1 1 0 0 2 0 0 0 1 1 0 0 1 0 0 0 2 1 0 0 3 0 1 0 0 0 2 1 0 0 0 0 1 0 3 0 3 0 2 0 2 0 2 0 3 0 0 0 2 1 0 0 1 0 2 1 0 0 0 1 0 0 3 0 1 0 0 1 0 1 0 0 2 0 1 0 1 0 0 0 0 0 1 0 0 0 2 0 2 1 0 0 3 0 2
0 501 1 0 0 0 2 1 0 0 1 1 0 0 1 0 3 0 3 0 0 0 2 0 0 1 0 0 2 0 0 0 2 1 0 1 0 0 2 0 0 1 0 0 0 0 3 0 0 0 1 0 3 0 0 1 0 0 0 0 2 0 3 0 0 0 2 0 2 0 1 0 2 0 2 0 0 0 1 0 3 0 1 0 2 0 1 0 3 0 0 1 0 1 0 1 0 1 0 1 0 1 0 0 2 0 0 0 2 1 0 0 2 0 1 1 0 0 3 0 2 0 3 0 3 0 1 0 0 0 1 0 2 0 2 0 1 0 3 0 0 1 0 1 0 0 2 0 1 0 0 0 3 0 1 0 1 0 2 1 0 1 0 1 0 0 2 1 0 0 2 0 2 1 0 0 1 1 0 1 0 0 0 0 1 0 3 0 1 0 0 1 0 0 1 0 1 0 3 0 3 0 2 0 2 0 2 0 2 1 0 0 3 0 1 0 0 0 3 0 0 0 1 1 0 0 0 0 2 0 3 0 2 1 0 1 0 0 0 0 0 0 2 1 0 0 1 1 0 0 0 0 1 0 0 1 0 0 0 0 2 1 0 0 2 1 0 0 2 1 0 0 0 0 1 0 1 1 0 1 0 0 1 1 0 1 0 0 1 0 3 0 3 0 2 0 1 1 0 0 1 0 2 1 0 0 1 1 0 0 3 0 0 0 3 0 3 0 1 1 0 0 2 0 1 0 2 1 0 0 2 0 0 0 2 0 2 0 2 0 1 0 1 0 2 1 0 1 0 0 3 0 0 0 1 0 2 0 1 1 0 0 3 0 3 0 1 0 1 0 1 0 2 1 0 0 3 0 3 0 0 0 0 0 1 0 3 0 0 0 0 1 0 0 1 0 0 1 0 1 0 0 2 0 1 1 0 1 0 1 0 1 0 0 1 0 3 0 3 0 1 0 1 0 1 0 0 0 1 0 3 0 1 0 0 1 0 0 0 0 3 0 2 0 3 0 1 0 1 0 1 0 2 0 2 0 0 1 0 0 3 0 0 1 0 0 1 1 0 0 1 0 3 0 1 1 0 0 3 0 3 0 2 0 2 0 0 0 0 0 2 0 1 0 0 0 2 0 0 0 2 0 1
1 501 2 0 1 0 0 1 0 0 3 0 3 0 2 0 2 0 2 0 1 1 0 0 2 0 3 0 3 0 1 0 1 0 0 0 3 0 3 0 1 0 3 0 0 0 1 0 1 0 3 0 1 0 2 0 3 0 0 0 0 0 2 0 2 0 0 0 0 1 0 0 1 0 0 0 1 0 3 0 1 1 0 0 0 1 0 0 2 0 2 1 0 1 0 1 0 1 0 1 0 0 3 0 3 0 1 0 1 0 0 0 0 0 0 0 0 0 2 0 1 0 3 0 2 0 3 0 0 0 3 0 0 0 0 1 0 0 2 0 2 1 0 0 3 0 3 0 2 0 1 0 1 0 3 0 3 0 1 0 0 1 0 1 0 0 1 0 0 0 0 0 1 1 0 1 0 0 0 0 2 1 0 0 3 0 1 0 3 0 1 0 3 0 1 0 3 0 2 0 3 0 1 0 1 0 1 0 2 0 0 0 1 0 3 0 1 0 1 0 1 0 3 0 3 0 0 0 0 0 3 0 2 0 0 0 2 1 0 0 1 0 0 1 0 0 3 0 2 1 0 0 2 0 1 0 3 0 0 0 1 0 0 0 1 0 0 0 0 1 0 0 0 0 2 1 0 0 0 0 3 0 2 1 0 0 3 0 2 0 2 0 3 0 0 1 0 1 0 0 3 0 0 1 0 1 0 0 0 0 1 0 2 0 2 0 2 1 0 1 0 1 0 1 0 0 1 1 0 1 0 0 2 0 0 0 1 0 0 0 3 0 3 0 1 0 0 1 0 0 1 0 1 0 3 0 0 0 0 0 0 0 2 0 2 0 3 0 2 0 3 0 1 0 0 0 2 0 2 0 1 0 0 0 3 0 1 0 1 0 1 0 3 0 1 0 1 1 0 1 0 0 0 0 0 0 0 1 0 1 0 0 3 0 2 0 2 0 2 0 3 0 2 0 2 0 0 0 3 0 1 0 3 0 1 0 3 0 0 0 2 0 1 0 2 0 3 0 2 0 3 0 0 0 0 0 2 1 0 0 1 0 2 0 3 0 2 0 3 0 2 0 2 0 0 0 0 0 2 0 3 0 1 0 0 0 1 0 0 1 0 0 3 0 0 1 0 0 1 1 0 1 0
1 502 1 0 0 3 0 1 1 0 0 2 0 3 0 1 0 1 0 1 0 0 0 0 0 0 0 3 0 2 0 3 0 2 0 1 0 2 0 2 1 0 0 2 0 1 0 2 0 3 0 1 1 0 0 1 0 2 0 1 0 1 0 0 0 0 0 1 0 1 0 3 0 1 0 0 0 3 0 1 1 0 1 0 0 1 1 0 0 0 0 2 0 0 1 0 1 0 1 0 1 0 0 2 0 2 0 3 0 2 0 0 0 0 0 0 0 0 1 0 1 0 0 3 0 1 0 2 0 2 0 1 0 1 0 1 1 0 0 0 0 2 0 0 0 2 0 3 0 0 0 3 0 3 0 2 0 2 0 3 0 1 1 0 0 3 0 1 0 0 0 0 1 0 0 0 0 3 0 0 0 1 0 0 0 1 1 0 0 2 1 0 0 2 1 0 0 3 0 1 0 2 0 3 0 2 0 2 1 0 0 1 0 3 0 1 0 3 0 2 0 3 0 2 0 2 0 1 0 1 0 2 0 0 0 2 0 0 1 0 0 2 0 1 1 0 0 2 0 1 1 0 1 0 1 0 0 2 0 1 0 2 0 0 0 2 0 0 0 1 0 3 0 0 0 0 1 0 0 1 0 2 0 2 0 0 0 2 0 1 0 1 0 2 0 2 1 0 1 0 0 1 0 2 1 0 0 2 1 0 0 3 0 0 0 1 0 2 0 0 1 0 1 0 0 3 0 2 1 0 0 3 0 3 0 0 0 2 0 1 0 2 0 2 0 3 0 1 0 3 0 1 0 3 0 1 0 1 0 0 0 1 0 0 0 1 0 3 0 1 0 2 0 3 0 1 0 0 0 0 0 3 0 1 0 1 0 3 0 2 0 3 0 1 1 0 0 0 0 0 0 2 1 0 0 0 0 1 1 0 1 0 0 2 0 1 0 1 0 1 0 3 0 1 0 0 0 2 0 1 1 0 0 2 1 0 0 2 0 1 1 0 1 0 0 1 0 3 0 1 0 2 0 1 0 1 0 0 1 0 0 3 0 0 0 3 0 1 0 3 0 1 0 0 0 1 0 1 0 0 0 2 0 3 0 0 0 2 0 1 1 0 0 1 0 2 0 3 0 2 1 0 0 2
0 503 1 1 0 0 2 0 0 0 0 0 0 0 2 0 3 0 2 0 2 0 0 0 0 0 1 0 2 0 1 0 3 0 0 1 0 0 1 0 1 1 0 1 0 1 0 0 1 0 2 1 0 1 0 0 2 1 0 0 3 0 2 0 0 0 0 0 2 0 3 0 1 0 3 0 1 0 2 0 0 0 0 0 3 0 2 0 2 1 0 1 0 0 2 1 0 1 0 1 0 1 0 0 0 0 1 0 3 0 0 0 1 0 0 0 0 0 1 1 0 1 0 0 1 1 0 0 1 0 0 0 3 0 2 0 3 0 2 1 0 1 0 0 2 0 0 0 2 0 2 0 2 0 3 0 1 0 1 0 3 0 0 0 0 0 1 0 3 0 0 0 1 0 3 0 0 0 1 0 1 0 2 0 0 1 0 0 0 0 1 0 0 0 1 0 0 0 1 1 0 0 1 0 3 0 1 0 1 1 0 0 3 0 1 1 0 0 3 0 1 0 3 0 1 0 0 0 3 0 2 1 0 0 1 1 0 0 2 1 0 0 0 0 0 0 0 0 0 0 0 0 0 1 0 0 3 0 3 0 2 1 0 0 1 1 0 0 1 0 3 0 1 0 1 0 1 0 3 0 2 0 0 0 0 0 1 1 0 0 3 0 3 0 0 0 2 0 0 0 3 0 2 0 1 0 0 0 1 0 0 0 1 0 1 0 2 1 0 0 2 1 0 1 0 0 2 0 2 0 0 0 2 0 2 0 1 1 0 1 0 0 1 0 1 0 2 1 0 0 2 1 0 0 2 0 3 0 2 0 0 0 2 0 0 0 3 0 1 1 0 0 1 0 2 0 3 0 0 0 1 0 1 0 3 0 3 0 2 0 1 0 2 1 0 1 0 0 0 0 1 0 0 1 0 0 0 1 0 0 0 0 3 0 3 0 2 0 2 0 3 0 1 0 3 0 1 0 0 0 0 0 0 0 1 0 0 0 0 0 0 0 0 0 3 0 2 0 1 1 0 0 0 0 3 0 2 0 1 1 0 0 1 0 2 0 1 1 0 0 2 0 3 0 0 0 2 0 2 0 1 0 0 0 2 0 1 1 0 1 0 1 0 0 3 0 0 0 3 0 2 0 0 0 0
0 503 3 0 3 0 3 0 0 0 0 0 1 0 0 0 3 0 1 0 0 0 1 0 0 0 2 1 0 1 0 0 2 0 2 0 3 0 1 1 0 0 0 1 0 0 3 0 2 0 1 0 0 1 0 0 1 0 0 0 2 0 0 0 1 0 1 0 0 0 2 1 0 0 2 1 0 0 0 0 1 0 1 0 2 0 1 0 2 0 0 1 0 0 1 0 0 1 0 1 0 0 2 1 0 0 3 0 1 0 1 0 2 0 0 0 0 1 0 0 0 0 3 0 2 0 3 0 1 0 1 0 2 0 1 0 3 0 2 0 0 0 3 0 3 0 1 0 0 0 1 0 1 0 2 0 3 0 3 0 1 0 1 0 0 0 3 0 1 0 1 0 3 0 1 0 1 0 2 0 2 1 0 0 2 0 2 1 0 0 2 0 0 0 2 0 0 0 3 0 3 0 2 0 1 1 0 0 0 0 0 0 2 0 0 0 0 0 1 1 0 0 2 0 3 0 1 0 2 0 1 1 0 1 0 0 0 0 0 1 0 0 0 0 0 0 0 0 0 0 0 0 1 1 0 0 2 0 3 0 1 1 0 0 3 0 3 0 2 0 1 0 3 0 2 0 3 0 2 0 0 0 1 0 0 1 0 0 0 0 2 0 2 0 1 1 0 0 2 0 2 0 0 0 3 0 0 0 2 0 0 0 2 0 3 0 1 0 0 0 1 0 0 1 0 0 0 0 0 0 2 0 0 0 1 0 0 0 0 0 3 0 1 0 3 0 1 0 0 0 1 0 0 0 0 0 3 0 0 0 1 1 0 0 2 0 1 1 0 1 0 0 3 0 0 0 2 0 1 0 2 0 3 0 2 0 3 0 0 1 0 0 2 0 0 0 2 1 0 0 2 0 1 0 3 0 0 0 3 0 0 0 2 0 3 0 1 0 1 0 2 1 0 0 2 0 3 0 0 0 0 0 0 0 2 0 0 0 0 0 0 0 1 0 2 0 0 1 0 1 0 0 1 0 2 0 0 1 0 1 0 0 3 0 0 0 0 0 0 0 0 0 2 0 2 0 0 0 0 0 3 0 1 0 0 0 0 0 0 1 0 1 0 0 1 0 2 0 2 0 0 0 1 0 0
0 505 1 0 2 0 3 0 2 0 1 0 0 0 2 0 1 0 1 0 3 0 0 0 2 0 1 0 1 0 0 1 0 0 0 0 1 0 2 1 0 1 0 0 1 1 0 0 2 0 0 0 3 0 1 0 3 0 1 0 0 1 0 0 1 0 2 0 2 0 1 0 1 0 0 0 0 1 0 0 0 0 2 0 2 1 0 1 0 0 0 0 2 0 3 0 1 0 1 1 0 1 0 0 1 0 0 0 1 0 3 0 2 1 0 0 1 0 1 0 3 0 0 0 2 0 1 0 2 0 3 0 2 1 0 1 0 0 3 0 0 0 2 0 2 0 2 0 3 0 0 0 2 0 3 0 0 0 3 0 2 0 3 0 2 0 1 0 1 0 3 0 3 0 1 0 3 0 3 0 0 0 2 0 0 0 0 0 1 1 0 1 0 0 1 1 0 0 2 0 2 0 3 0 0 1 0 1 0 0 0 0 0 1 0 0 1 0 0 1 0 0 0 0 0 0 2 1 0 0 1 0 0 0 0 0 2 1 0 0 1 0 2 1 0 0 0 0 0 0 0 0 0 1 0 0 0 0 0 0 3 0 0 0 0 0 2 0 3 0 0 1 0 0 3 0 1 0 3 0 0 0 1 0 2 0 1 0 3 0 0 0 0 0 1 0 0 0 0 0 0 0 0 0 2 0 1 0 1 1 0 0 2 0 0 0 2 0 3 0 0 0 2 0 1 0 2 1 0 0 0 1 0 0 1 0 2 0 0 0 1 0 1 1 0 0 2 0 3 0 0 0 2 0 0 0 1 0 1 0 1 1 0 0 0 0 0 0 0 0 0 1 0 0 1 0 1 1 0 1 0 0 1 0 3 0 1 0 2 0 2 0 3 0 3 0 1 0 0 1 0 1 0 1 0 0 2 0 2 0 1 0 2 0 0 0 2 0 3 0 3 0 1 0 0 0 0 0 2 0 1 0 0 0 0 1 0 0 1 0 0 0 0 0 2 1 0 0 2 1 0 0 3 0 1 1 0 0 2 1 0 1 0 0 1 0 1 0 0 0 0 0 1 0 0 0 0 0 1 0 1 0 1 0 3 0 0 0 0 0 1 1 0 0 3 0 2 0 0 0 0 0 1 0 2 0 0
0 505 3 0 0 0 3 0 0 0 3 0 0 1 0 0 3 0 3 0 1 0 1 1 0 0 3 0 2 0 1 0 2 1 0 0 3 0 1 0 0 0 3 0 2 0 3 0 3 0 1 0 1 1 0 0 2 0 3 0 1 0 3 0 2 0 0 0 0 0 3 0 2 0 0 0 1 0 3 0 0 0 0 0 2 0 0 0 3 0 0 0 0 0 2 1 0 0 0 0 0 0 3 0 1 0 0 0 3 0 2 0 1 1 0 0 2 0 3 0 1 0 1 1 0 1 0 0 1 0 3 0 2 0 0 1 0 0 1 0 2 0 0 0 1 0 1 0 2 0 2 0 0 0 2 0 2 0 2 0 1 0 3 0 0 0 3 0 3 0 2 0 2 1 0 0 3 0 2 0 1 1 0 0 1 0 0 1 0 0 0 0 3 0 2 1 0 0 0 0 1 0 2 0 2 1 0 0 2 1 0 0 1 0 3 0 1 0 1 0 2 1 0 0 1 0 0 1 0 0 2 0 0 0 1 0 0 1 0 0 3 0 0 1 0 0 0 0 0 0 0 0 1 0 2 1 0 0 1 0 1 0 1 0 1 0 0 0 2 0 2 1 0 0 1 1 0 0 2 0 1 0 2 1 0 1 0 0 2 0 1 0 0 0 2 0 0 0 0 0 0 0 0 1 0 0 3 0 3 0 3 0 3 0 1 0 0 0 2 0 1 1 0 1 0 0 1 1 0 0 1 0 3 0 1 1 0 0 1 0 2 1 0 0 0 0 0 0 2 0 1 1 0 0 1 0 2 0 2 0 3 0 2 1 0 0 0 0 0 0 1 0 3 0 1 1 0 0 0 0 3 0 2 0 1 1 0 0 1 0 1 0 3 0 2 0 3 0 1 1 0 1 0 1 0 0 0 0 0 1 0 0 0 0 2 0 0 0 3 0 2 0 3 0 0 0 0 1 0 0 3 0 0 0 1 0 3 0 1 0 0 0 1 0 1 0 0 0 1 0 0 0 2 0 0 0 0 0 1 0 0 0 3 0 1 0 2 0 0 0 0 0 2 0 0 0 0 0 2 0 2 0 3 0 1 0 1 0 0 1 0 0 0 0 2 0 0 0 1 0 0 0 2 1 0 0 1
0 507 1 0 1 0 2 0 1 0 2 0 1 0 2 1 0 0 2 0 2 1 0 0 0 0 0 0 2 0 0 1 0 0 2 0 0 0 1 0 3 0 1 0 2 0 1 0 3 0 2 1 0 0 0 0 0 0 0 0 2 1 0 0 3 0 0 0 1 0 1 0 2 0 0 0 1 0 3 0 1 0 1 0 0 1 0 0 2 0 1 0 1 0 1 0 0 1 0 0 0 0 1 0 1 0 3 0 1 0 2 0 1 0 0 0 0 0 0 0 2 1 0 0 0 0 0 0 3 0 2 0 2 0 0 0 2 0 3 0 1 1 0 0 1 0 2 0 3 0 0 0 0 0 2 0 0 0 1 0 0 1 0 0 2 0 2 0 2 0 3 0 1 0 2 0 0 0 2 0 0 1 0 1 0 0 2 0 1 0 3 0 0 0 2 0 1 1 0 0 0 0 3 0 0 0 2 0 0 0 0 1 0 0 3 0 1 0 3 0 3 0 0 1 0 0 2 0 1 0 3 0 3 0 0 0 2 0 1 1 0 0 1 0 2 0 2 1 0 0 0 0 0 0 3 0 0 1 0 0 2 0 2 0 2 0 2 0 1 0 0 0 1 1 0 0 3 0 3 0 3 0 3 0 1 0 0 0 3 0 3 0 2 0 0 1 0 0 1 0 0 0 0 0 1 1 0 0 2 0 3 0 3 0 2 0 3 0 1 0 0 0 0 0 0 0 3 0 2 0 3 0 2 0 1 1 0 1 0 0 3 0 0 1 0 0 0 0 0 1 0 1 0 1 0 0 3 0 0 0 1 0 3 0 1 1 0 0 0 0 0 0 3 0 1 1 0 1 0 0 1 0 2 0 0 1 0 1 0 0 2 0 3 0 2 0 1 0 3 0 0 0 0 1 0 0 2 1 0 0 1 0 2 1 0 1 0 0 2 0 2 0 1 0 2 0 1 0 1 1 0 0 1 0 1 0 3 0 1 0 3 0 0 0 2 0 2 0 0 0 2 0 0 1 0 0 1 0 0 0 2 0 1 0 1 1 0 0 0 0 1 0 0 1 0 0 1 0 1 0 0 0 1 0 2 0 3 0 2 0 1 0 2 1 0 1 0 0 1 0 2 0 1 0 0 1 0 0 2
1 507 2 0 2 1 0 1 0 0 0 1 0 0 2 0 0 0 0 0 1 1 0 0 0 0 0 1 0 0 2 0 3 0 3 0 0 0 3 0 1 1 0 0 0 1 0 0 3 0 1 1 0 0 0 0 0 0 1 0 1 0 0 0 1 0 1 0 2 0 2 1 0 0 1 0 3 0 1 0 3 0 2 0 1 0 3 0 3 0 2 0 2 0 2 0 1 0 2 1 0 0 2 0 3 0 1 1 0 0 0 0 3 0 0 0 0 0 1 0 0 1 0 0 0 0 1 0 2 0 1 0 0 0 2 0 0 0 2 1 0 1 0 0 3 0 0 0 2 0 1 0 0 1 0 0 1 0 2 0 1 1 0 0 0 0 1 0 1 0 2 1 0 0 0 0 1 1 0 0 2 1 0 0 3 0 3 0 3 0 1 0 1 1 0 1 0 1 0 0 1 0 1 0 1 1 0 0 1 0 1 1 0 0 1 1 0 0 3 0 2 0 2 0 3 0 3 0 3 0 2 0 2 0 1 1 0 1 0 1 0 0 3 0 0 0 1 1 0 0 0 0 1 0 1 0 2 1 0 0 0 0 1 0 1 0 0 0 3 0 0 1 0 0 0 0 2 0 3 0 3 0 2 0 3 0 1 0 2 0 3 0 0 0 2 0 3 0 1 0 0 0 0 1 0 0 0 0 0 0 3 0 3 0 1 0 2 0 3 0 0 0 0 0 1 0 2 0 1 0 3 0 1 0 0 0 0 1 0 0 1 0 2 0 2 1 0 0 1 1 0 1 0 1 0 0 1 0 1 0 3 0 1 1 0 1 0 0 0 0 1 0 2 0 0 0 0 0 3 0 1 1 0 0 2 1 0 1 0 0 0 0 3 0 0 1 0 0 2 0 1 0 1 1 0 0 0 1 0 0 3 0 1 0 0 1 0 0 0 0 0 1 0 0 0 0 3 0 3 0 3 0 1 0 3 0 1 1 0 0 2 0 2 0 0 0 0 0 1 1 0 0 2 0 3 0 1 0 0 1 0 0 3 0 3 0 2 1 0 0 2 0 1 0 3 0 1 0 2 0 0 0 3 0 0 0 3 0 0 1 0 0 2 0 0 0 3 0 1 1 0 0 3 0 1 1 0 0 0
1 509 1 0 0 0 2 0 0 0 3 0 0 0 3 0 3 0 0 0 0 0 3 0 2 1 0 0 1 1 0 0 0 0 3 0 2 0 2 0 1 1 0 1 0 0 1 1 0 0 1 1 0 1 0 0 0 0 0 0 2 0 2 0 0 0 2 0 3 0 0 0 1 1 0 0 3 0 1 1 0 0 3 0 0 1 0 0 3 0 3 0 1 0 1 0 0 1 0 0 2 0 0 0 0 0 2 1 0 1 0 0 1 0 1 0 1 0 0 0 2 0 1 0 2 1 0 0 2 1 0 0 3 0 0 1 0 0 2 0 1 0 0 1 0 0 1 0 1 1 0 0 3 0 1 0 3 0 1 1 0 1 0 1 0 0 0 0 2 0 3 0 0 1 0 0 0 1 0 0 0 0 1 0 0 0 2 0 3 0 2 1 0 0 0 0 0 1 0 0 3 0 1 0 2 0 3 0 3 0 1 0 3 0 3 0 2 1 0 0 2 0 1 0 1 0 3 0 3 0 3 0 1 0 1 0 0 0 0 1 0 1 0 0 1 0 1 0 3 0 2 1 0 0 2 0 3 0 0 1 0 0 0 0 2 0 2 0 1 0 1 0 2 0 3 0 0 0 0 0 3 0 3 0 1 0 2 1 0 0 1 0 2 0 2 0 0 0 2 0 3 0 0 0 1 0 2 1 0 0 1 0 2 0 2 1 0 0 1 0 2 0 1 0 0 0 2 1 0 1 0 0 2 0 3 0 0 0 1 0 3 0 2 0 0 0 1 1 0 1 0 0 0 1 0 0 3 0 1 0 3 0 2 0 0 0 0 0 2 1 0 0 2 1 0 0 1 0 1 0 2 0 0 0 0 0 1 0 0 0 3 0 0 0 1 0 2 0 3 0 3 0 2 0 3 0 3 0 0 1 0 0 1 0 3 0 1 0 2 1 0 0 1 0 3 0 0 0 2 0 3 0 2 1 0 0 3 0 0 0 0 0 0 0 0 0 1 0 0 1 0 0 0 0 0 0 2 0 3 0 1 1 0 0 2 0 3 0 1 1 0 1 0 1 0 0 2 1 0 0 0 0 2 0 1 0 2 0 1 0 2 0 3 0 3 0 1 0 2 0 0 0 0 0 1 1 0 1 0 0 0
1 509 2 0 0 1 0 0 2 0 1 0 2 0 2 0 2 0 1 0 1 0 2 0 1 1 0 0 3 0 3 0 0 0 2 0 1 0 1 0 0 0 0 0 3 0 2 0 3 0 2 1 0 0 2 1 0 0 1 0 0 0 0 0 2 0 0 0 2 0 1 1 0 0 0 0 2 0 0 0 0 0 1 0 2 1 0 0 2 0 2 0 3 0 2 0 1 0 3 0 3 0 0 0 1 0 1 0 0 0 3 0 1 0 2 0 2 0 0 1 0 1 0 0 2 0 0 0 1 0 0 0 1 0 2 0 3 0 3 0 2 0 1 0 3 0 1 1 0 0 0 0 1 1 0 0 3 0 0 0 0 1 0 0 3 0 0 0 0 0 2 0 2 0 3 0 0 0 2 1 0 0 2 0 1 0 0 0 3 0 1 1 0 0 0 0 1 1 0 0 1 1 0 0 1 0 3 0 2 1 0 0 3 0 3 0 1 1 0 1 0 0 3 0 3 0 2 0 3 0 2 0 3 0 2 0 0 0 1 1 0 0 3 0 1 0 3 0 2 0 2 0 0 0 0 0 2 0 2 0 3 0 0 0 0 0 0 0 3 0 3 0 0 0 2 0 1 0 1 0 2 0 2 1 0 0 1 1 0 0 3 0 0 0 0 0 2 0 0 0 2 0 1 0 3 0 0 1 0 0 3 0 0 0 1 1 0 0 2 1 0 0 3 0 1 0 1 0 0 1 0 0 0 0 2 0 1 0 3 0 2 0 0 0 1 1 0 0 0 0 3 0 0 1 0 0 1 1 0 0 3 0 0 0 1 0 1 0 1 0 0 0 0 1 0 0 2 0 2 1 0 0 1 0 0 0 2 0 1 0 1 0 1 0 3 0 0 0 3 0 3 0 1 0 3 0 2 0 2 0 3 0 2 0 1 1 0 0 1 1 0 0 3 0 1 0 2 0 0 0 3 0 2 0 0 0 1 0 1 0 0 0 0 0 0 0 2 0 1 0 2 1 0 0 1 0 0 0 3 0 0 0 0 0 0 0 3 0 0 0 0 1 0 1 0 0 0 1 0 0 0 1 0 1 0 0 0 1 0 0 1 0 3 0 2 1 0 0 0 0 1 0 0 1 0 0 0 0 2 1 0
1 510 1 0 0 2 0 3 0 3 0 3 0 0 0 1 0 0 0 3 0 3 0 0 0 0 0 0 0 2 0 2 0 1 1 0 0 3 0 2 0 0 0 1 0 2 0 1 0 3 0 2 0 0 0 0 1 0 0 2 0 0 0 0 1 0 0 1 1 0 1 0 1 0 0 0 1 0 0 1 0 0 0 3 0 1 0 0 0 0 0 1 0 3 0 0 1 0 0 3 0 2 0 1 0 2 0 2 0 1 0 1 1 0 0 1 0 0 0 2 1 0 0 3 0 3 0 0 0 2 0 0 0 3 0 0 0 3 0 3 0 0 1 0 0 2 1 0 1 0 0 0 1 0 0 0 0 1 0 1 0 1 1 0 0 1 0 1 0 1 0 0 0 1 0 2 0 2 0 0 1 0 1 0 0 3 0 1 0 1 1 0 1 0 0 0 0 3 0 3 0 2 0 3 0 2 0 2 0 2 0 0 0 2 0 3 0 0 0 0 1 0 0 2 0 3 0 1 0 3 0 1 0 3 0 0 0 1 1 0 0 0 0 1 1 0 0 3 0 1 0 0 0 1 0 1 0 0 0 1 0 2 0 1 0 0 0 1 0 2 0 2 0 1 1 0 0 3 0 3 0 0 0 1 1 0 1 0 0 0 0 1 0 1 0 0 1 0 0 1 1 0 1 0 0 2 0 2 1 0 0 1 0 1 1 0 0 0 0 1 0 0 0 1 0 3 0 2 0 1 0 2 1 0 1 0 1 0 0 3 0 0 0 1 0 3 0 3 0 0 0 1 0 2 0 3 0 2 1 0 0 1 0 1 0 2 0 2 0 2 0 0 0 1 1 0 0 0 0 1 1 0 0 2 0 0 1 0 0 3 0 2 0 3 0 1 0 2 0 2 0 2 1 0 0 3 0 1 0 1 0 3 0 0 1 0 1 0 1 0 0 0 0 1 1 0 0 0 0 2 0 2 0 0 0 1 0 2 0 2 0 0 0 0 0 0 1 0 1 0 0 1 1 0 0 2 0 1 0 1 0 1 0 0 0 1 0 1 0 1 0 1 1 0 0 3 0 0 0 3 0 0 1 0 0 3 0 0 0 3 0 2 0 2 0 1 1 0 0 0 0 2 0 1 0 3 0 0 0 0 1 0
1 511 1 1 0 0 0 0 3 0 3 0 2 0 1 0 2 0 1 0 2 0 2 0 1 0 0 0 1 0 0 0 1 0 0 0 0 0 2 0 0 0 1 0 2 1 0 1 0 0 3 0 0 0 1 0 1 0 3 0 3 0 0 0 1 0 3 0 2 1 0 1 0 0 3 0 0 0 3 0 1 0 1 0 1 0 3 0 0 0 0 0 3 0 1 0 2 1 0 0 2 0 0 1 0 0 1 0 0 0 3 0 3 0 3 0 1 0 1 0 1 0 0 0 2 0 2 0 1 1 0 0 2 0 1 0 2 0 2 0 2 0 2 1 0 0 1 0 0 0 3 0 0 0 2 1 0 0 2 0 2 0 3 0 3 0 1 0 2 0 2 0 0 0 3 0 0 0 0 0 2 1 0 1 0 0 1 1 0 0 0 0 0 0 3 0 0 0 2 0 3 0 1 0 3 0 1 0 1 0 0 0 2 0 0 0 2 0 1 0 1 1 0 0 0 0 2 1 0 0 2 1 0 0 2 0 1 0 3 0 2 1 0 1 0 0 0 0 1 0 3 0 0 0 2 0 2 0 0 0 2 1 0 0 3 0 0 0 3 0 0 0 1 0 0 0 0 0 2 0 2 0 1 1 0 0 0 0 2 1 0 0 2 0 2 0 1 0 3 0 2 1 0 1 0 0 0 0 1 1 0 0 2 0 3 0 2 1 0 0 2 0 0 0 3 0 2 0 0 1 0 0 2 0 0 1 0 1 0 0 1 0 1 0 3 0 2 0 2 0 1 0 3 0 0 0 3 0 1 1 0 0 2 0 3 0 0 0 1 0 0 0 1 0 3 0 2 1 0 0 3 0 3 0 3 0 1 1 0 0 2 0 1 0 2 1 0 0 1 0 1 0 2 0 0 0 1 0 3 0 3 0 1 0 2 1 0 1 0 0 2 1 0 0 3 0 3 0 0 0 0 0 0 0 1 0 3 0 0 0 0 0 1 0 0 0 1 1 0 0 3 0 2 0 3 0 3 0 2 0 2 0 2 0 0 0 2 0 2 0 2 1 0 0 0 0 1 0 2 0 1 0 2 1 0 0 1 0 2 0 2 0 1 0 0 1 0 1 0 0 0 1 0 1 0 0 2 0 1 0 1 0 2
0 511 3 0 3 0 0 0 2 0 3 0 0 1 0 0 0 1 0 0 1 0 0 0 3 0 0 0 2 0 0 0 2 0 0 0 0 1 0 0 1 0 3 0 1 0 0 1 0 0 1 0 1 0 2 0 3 0 2 0 2 0 1 0 3 0 2 0 2 0 0 1 0 0 1 0 2 0 1 0 3 0 2 0 3 0 1 0 1 0 1 0 1 1 0 0 1 1 0 1 0 0 2 0 3 0 1 0 1 0 2 0 3 0 2 0 3 0 2 0 2 0 1 0 0 0 0 1 0 1 0 1 0 1 0 0 1 0 1 0 1 0 1 1 0 0 2 0 1 0 1 0 2 0 1 0 0 0 0 0 1 0 3 0 2 1 0 0 1 0 0 0 2 0 1 0 1 0 1 0 1 0 0 0 3 0 2 0 2 1 0 0 1 0 1 0 2 0 0 0 2 1 0 0 2 0 3 0 2 0 0 1 0 0 1 1 0 0 3 0 3 0 3 0 0 0 1 0 0 0 0 1 0 1 0 1 0 0 3 0 2 0 0 0 2 1 0 0 3 0 1 0 2 0 0 0 0 0 2 0 1 0 0 0 1 0 2 0 1 0 1 0 2 0 0 0 1 0 0 0 0 1 0 1 0 0 1 0 1 0 0 0 0 0 0 1 0 0 3 0 2 0 0 0 2 1 0 1 0 0 0 0 0 0 3 0 1 1 0 1 0 0 2 0 2 0 0 0 2 0 3 0 3 0 1 1 0 0 3 0 1 0 3 0 2 0 1 0 0 1 0 0 2 0 2 0 2 0 0 0 0 0 0 0 2 0 1 0 2 0 0 0 3 0 2 0 2 0 0 0 2 0 3 0 2 1 0 1 0 1 0 1 0 0 1 1 0 0 2 0 2 1 0 0 1 0 3 0 2 0 2 1 0 0 2 0 0 1 0 0 1 0 0 0 2 0 2 0 1 0 0 0 0 0 3 0 1 0 1 0 0 0 2 0 0 1 0 0 0 0 2 0 1 0 3 0 3 0 1 0 1 0 0 0 2 0 0 0 1 0 1 1 0 0 0 0 2 1 0 1 0 0 1 1 0 0 3 0 0 0 0 0 3 0 1 1 0 0 3 0 0 1 0 0 3 0 3 0 2 0 3 0 0
0 513 1 0 2 0 2 0 2 0 0 0 2 0 2 0 3 0 0 0 3 0 1 0 1 0 1 0 1 1 0 0 1 1 0 0 1 0 1 0 3 0 2 0 1 0 3 0 1 0 3 0 1 0 3 0 0 0 3 0 1 0 0 1 0 0 3 0 1 0 0 0 2 0 3 0 1 1 0 1 0 0 3 0 1 0 2 0 3 0 2 0 2 0 3 0 3 0 2 1 0 1 0 0 0 0 2 0 3 0 3 0 0 0 3 0 1 0 3 0 1 0 0 0 3 0 0 0 1 1 0 1 0 1 0 0 3 0 1 0 2 0 2 0 3 0 3 0 3 0 2 0 2 1 0 0 3 0 0 0 0 0 3 0 2 0 1 1 0 0 2 0 0 1 0 0 3 0 2 0 2 0 2 0 1 0 2 0 1 0 1 1 0 0 2 0 2 1 0 0 2 0 1 0 0 0 0 0 3 0 0 0 2 0 3 0 2 1 0 0 2 0 3 0 2 0 1 0 2 0 0 0 1 1 0 1 0 1 0 0 2 0 0 0 2 0 1 0 0 0 1 1 0 0 0 0 1 0 0 1 0 0 3 0 0 0 2 1 0 0 3 0 2 1 0 0 1 0 2 0 0 0 1 1 0 0 3 0 1 0 2 0 0 0 0 0 1 1 0 0 2 0 0 0 2 0 1 0 0 0 2 1 0 0 1 0 2 0 0 0 0 1 0 0 0 0 0 0 2 0 0 0 3 0 3 0 0 0 0 0 1 1 0 0 3 0 0 0 3 0 1 1 0 0 0 0 1 0 0 0 1 0 0 0 0 1 0 1 0 0 0 0 2 0 2 0 1 0 0 0 2 0 0 0 3 0 2 0 0 1 0 1 0 0 3 0 2 1 0 0 0 0 1 1 0 0 3 0 2 0 1 0 1 1 0 1 0 0 2 0 3 0 1 0 1 0 0 0 0 0 3 0 0 0 1 0 1 0 3 0 2 0 0 1 0 0 2 0 2 1 0 1 0 1 0 0 3 0 2 0 3 0 2 0 0 1 0 0 1 0 2 0 3 0 3 0 0 0 1 0 0 0 3 0 2 1 0 0 1 0 1 0 1 0 2 0 0 0 0 0 1 0 2 1 0 0 2 0 3 0 1 0 2 0 1
1 513 3 0 0 0 1 0 0 0 2 0 0 0 1 0 2 0 2 0 1 0 3 0 2 0 2 0 3 0 3 0 2 0 3 0 1 0 3 0 2 0 0 1 0 0 2 1 0 0 2 1 0 0 2 0 2 0 1 0 3 0 1 1 0 0 1 0 3 0 1 0 0 0 3 0 0 0 0 1 0 0 1 1 0 0 1 0 3 0 1 0 1 0 3 0 3 0 2 0 0 0 3 0 0 0 0 0 3 0 2 0 2 0 1 1 0 0 2 0 3 0 1 0 1 0 1 1 0 0 0 1 0 1 0 0 1 1 0 0 1 0 1 0 3 0 3 0 3 0 1 0 2 0 0 0 1 0 1 0 1 0 2 0 0 1 0 1 0 1 0 0 2 1 0 0 2 0 1 0 1 0 0 1 0 0 0 1 0 0 0 0 0 0 0 0 1 1 0 1 0 0 3 0 0 0 1 0 1 0 2 0 0 0 3 0 2 0 0 0 0 0 3 0 0 1 0 0 0 0 1 1 0 0 0 1 0 0 3 0 3 0 0 1 0 0 3 0 0 0 3 0 2 1 0 0 2 0 1 1 0 0 1 0 2 0 1 0 0 0 2 0 1 1 0 0 2 1 0 0 1 1 0 0 0 0 1 1 0 0 0 0 1 0 0 0 3 0 3 0 3 0 0 1 0 0 3 0 1 0 0 1 0 0 2 1 0 0 1 0 1 0 2 1 0 0 0 1 0 0 2 0 2 0 2 0 1 0 0 1 0 0 0 0 1 0 2 0 1 1 0 1 0 0 0 0 2 0 0 0 2 0 0 0 1 1 0 0 3 0 0 0 0 0 0 0 3 0 0 1 0 0 2 0 2 0 0 0 2 1 0 1 0 0 2 0 1 1 0 0 0 1 0 0 0 0 2 0 0 1 0 0 0 0 0 1 0 0 0 0 2 0 3 0 2 0 0 0 1 0 1 0 1 0 2 0 3 0 2 0 0 0 2 1 0 0 0 0 2 0 0 1 0 1 0 0 2 0 1 0 3 0 0 0 2 0 3 0 2 0 0 0 3 0 2 0 1 0 2 0 1 0 2 0 1 1 0 0 2 0 2 0 2 1 0 0 1 0 0 0 3 0 1 0 0 0 0 0 2 1 0 0 0 1 0
1 515 1 0 1 0 1 0 2 0 0 1 0 0 1 0 3 0 0 0 0 1 0 0 3 0 1 0 1 0 3 0 3 0 1 0 2 1 0 0 3 0 0 0 2 1 0 0 1 0 0 0 1 0 0 0 0 0 0 1 0 0 2 1 0 1 0 0 3 0 1 0 3 0 1 0 1 0 1 0 1 0 3 0 2 0 3 0 2 0 1 0 3 0 3 0 2 0 3 0 0 0 2 0 1 0 1 0 1 0 2 0 1 0 1 0 0 0 0 0 0 0 2 0 3 0 2 0 3 0 3 0 0 1 0 0 3 0 2 0 3 0 1 0 3 0 2 0 3 0 2 1 0 0 0 0 1 0 2 0 2 0 2 1 0 0 2 1 0 1 0 1 0 0 0 1 0 1 0 0 3 0 2 0 1 0 3 0 0 0 2 1 0 0 0 0 0 1 0 0 0 1 0 0 1 0 1 0 2 0 2 1 0 0 2 0 2 0 0 0 1 0 1 0 1 0 2 0 2 1 0 0 3 0 3 0 0 1 0 0 2 0 2 0 2 1 0 0 1 0 2 0 2 0 1 1 0 1 0 1 0 1 0 0 2 1 0 0 3 0 1 0 0 0 0 0 0 0 0 1 0 0 3 0 2 1 0 0 3 0 2 1 0 0 2 0 1 0 2 0 3 0 2 0 2 1 0 0 1 0 3 0 1 1 0 0 0 1 0 0 2 0 3 0 0 1 0 0 1 1 0 0 0 0 1 0 0 0 3 0 1 0 2 1 0 0 3 0 0 0 0 0 0 0 2 1 0 1 0 0 1 1 0 0 1 1 0 0 0 0 1 0 1 0 0 0 1 0 1 0 2 1 0 0 0 0 0 0 2 0 1 0 0 0 3 0 3 0 3 0 3 0 0 0 2 1 0 1 0 0 2 0 2 1 0 0 1 0 3 0 0 0 0 0 3 0 0 0 1 0 2 0 2 0 3 0 0 0 3 0 0 0 2 0 0 1 0 0 0 1 0 0 2 1 0 0 3 0 3 0 3 0 1 0 2 0 0 0 3 0 0 0 2 0 2 0 0 1 0 0 0 1 0 0 1 0 0 0 0 0 0 0 1 0 1 1 0 0 2 0 1 0 1 0 3 0 0 0 1 0 0 1 0 0 1 0 2
0 515 2 0 2 0 2 1 0 0 2 0 3 0 2 0 1 0 1 0 1 1 0 0 1 0 3 0 3 0 2 0 2 1 0 0 2 0 0 0 1 0 2 0 0 1 0 0 2 0 0 0 2 0 0 0 0 0 1 1 0 0 1 0 0 1 0 0 1 1 0 0 2 0 3 0 2 0 2 0 3 0 2 0 1 0 3 0 0 1 0 0 3 0 3 0 1 0 2 0 1 1 0 0 3 0 2 0 2 1 0 0 3 0 2 0 0 0 0 0 1 0 0 0 3 0 1 0 3 0 2 0 2 1 0 0 2 0 1 0 2 1 0 0 3 0 1 0 3 0 1 1 0 0 0 0 3 0 0 0 1 0 2 0 0 0 1 0 0 1 0 0 3 0 0 1 0 1 0 0 2 0 0 1 0 0 2 0 2 0 0 1 0 0 0 0 1 0 3 0 0 0 3 0 1 0 3 0 0 0 2 0 0 0 0 0 0 0 1 0 2 0 2 0 3 0 0 0 2 0 0 0 2 0 2 0 2 1 0 0 0 0 1 0 1 1 0 0 3 0 0 0 1 0 0 0 0 1 0 1 0 1 0 0 1 0 0 0 1 0 3 0 0 0 0 0 0 0 1 1 0 0 2 0 2 0 0 0 2 0 1 1 0 1 0 1 0 0 1 0 3 0 1 0 1 1 0 0 3 0 1 1 0 1 0 0 1 1 0 0 0 0 2 0 2 0 3 0 2 0 2 1 0 0 2 0 1 0 1 1 0 0 2 0 0 0 1 0 1 0 0 0 1 0 1 0 0 0 3 0 2 0 3 0 2 0 2 1 0 0 2 0 2 0 0 0 2 0 3 0 0 1 0 0 0 0 0 1 0 0 3 0 1 0 2 0 3 0 3 0 2 0 2 0 1 0 0 1 0 0 0 0 1 1 0 0 3 0 1 0 1 0 1 0 1 0 1 0 3 0 0 0 1 0 2 0 2 0 1 0 1 1 0 0 2 0 3 0 0 1 0 0 1 0 0 0 2 0 3 0 2 1 0 0 0 0 2 0 1 0 2 0 0 0 0 0 2 0 3 0 0 0 3 0 1 0 0 0 0 0 0 0 2 0 3 0 3 0 3 0 2 0 3 0 1 0 1 0 2 0 1 0 3 0 2 0 0
0 517 1 0 0 0 1 0 2 0 0 0 0 0 3 0 0 0 3 0 2 0 3 0 3 0 2 0 2 0 3 0 1 0 1 1 0 1 0 0 1 0 2 1 0 0 2 0 3 0 3 0 0 1 0 0 1 0 0 0 3 0 3 0 1 0 1 0 3 0 2 1 0 0 0 0 3 0 1 0 1 0 3 0 0 1 0 0 2 0 2 1 0 0 2 0 2 1 0 0 1 0 0 0 0 0 2 0 1 0 2 0 0 0 2 0 0 0 1 0 0 0 2 0 1 0 1 1 0 0 3 0 1 0 1 1 0 1 0 1 0 0 2 0 0 0 1 1 0 0 2 1 0 1 0 0 1 0 1 0 1 0 2 1 0 0 1 0 2 0 1 1 0 0 1 0 2 1 0 0 3 0 3 0 1 1 0 0 0 0 0 0 2 0 2 1 0 0 3 0 1 0 2 0 1 1 0 0 2 0 1 1 0 0 1 0 0 0 0 0 3 0 0 0 1 0 2 0 1 1 0 0 2 0 0 0 1 0 1 1 0 0 0 0 2 1 0 0 0 0 1 0 1 0 2 0 0 0 1 1 0 1 0 0 3 0 1 0 0 0 3 0 1 0 1 0 0 0 0 1 0 0 0 0 0 0 0 0 2 0 0 0 0 0 0 1 0 0 3 0 2 0 1 1 0 0 0 0 0 0 2 0 0 0 0 0 3 0 2 0 3 0 0 0 0 0 1 0 3 0 1 0 1 1 0 1 0 0 3 0 3 0 3 0 3 0 0 0 2 0 2 0 0 0 2 0 2 0 1 0 2 0 1 0 3 0 1 0 2 0 0 0 0 0 0 0 2 0 0 0 2 0 2 0 2 1 0 0 1 1 0 0 1 1 0 0 1 0 3 0 3 0 1 0 0 0 3 0 1 0 2 1 0 1 0 0 0 0 1 0 3 0 2 0 2 0 2 0 3 0 1 0 1 0 3 0 0 0 0 1 0 0 0 0 0 0 0 0 2 0 2 0 3 0 1 0 1 0 0 0 3 0 1 1 0 0 0 1 0 1 0 0 0 0 1 0 1 0 0 0 2 0 2 0 1 0 3 0 0 0 0 0 1 0 0 0 3 0 3 0 3 0 1 0 2 0 3 0 2 1 0 1 0 0 3 0 0 0 1
1 517 2 0 0 0 2 1 0 0 1 0 1 0 1 0 2 0 2 0 1 0 3 0 3 0 1 0 1 0 2 1 0 0 0 0 0 0 3 0 2 0 1 0 0 0 0 0 3 0 2 0 2 0 3 0 1 0 1 0 2 0 2 0 3 0 3 0 2 0 1 1 0 0 1 0 1 0 3 0 3 0 1 0 2 1 0 0 0 0 2 0 0 0 0 0 1 1 0 0 2 0 0 0 0 1 0 1 0 0 0 0 1 1 0 0 1 0 2 0 0 1 0 1 0 0 0 0 0 0 1 1 0 0 0 0 0 1 0 0 3 0 3 0 0 1 0 0 0 0 1 0 0 0 3 0 1 0 2 0 3 0 0 1 0 0 2 1 0 1 0 1 0 0 3 0 1 0 0 0 2 0 2 1 0 1 0 0 0 0 1 0 0 0 2 0 0 0 1 1 0 0 0 1 0 1 0 1 0 1 0 1 0 0 2 0 0 0 1 0 1 0 1 0 2 1 0 1 0 1 0 1 0 0 1 0 2 0 3 0 3 0 0 0 0 1 0 0 0 0 2 0 2 1 0 0 1 1 0 0 0 1 0 0 1 0 3 0 1 0 1 0 3 0 2 0 0 0 1 0 2 1 0 0 0 0 0 1 0 0 1 0 0 0 1 1 0 0 2 0 0 1 0 1 0 0 0 0 0 1 0 0 1 0 1 0 2 0 1 0 2 0 1 0 0 0 3 0 1 1 0 0 0 0 0 1 0 0 2 0 3 0 3 0 2 0 2 0 0 0 0 0 2 0 0 0 0 1 0 0 0 1 0 0 2 1 0 0 0 0 1 0 0 0 0 1 0 0 2 0 0 0 1 0 1 1 0 0 3 0 3 0 2 0 3 0 2 0 2 0 2 0 3 0 1 0 1 1 0 0 2 0 0 0 2 1 0 0 3 0 2 0 1 0 1 0 1 0 2 0 3 0 3 0 1 0 1 0 1 0 2 1 0 0 0 0 1 0 0 0 1 0 2 0 3 0 2 0 1 0 1 1 0 1 0 0 1 1 0 0 2 1 0 0 2 0 2 0 1 0 0 0 0 1 0 0 2 0 1 0 0 0 2 0 1 0 2 0 3 0 2 1 0 0 1 0 3 0 2 0 0 1 0 0 1 0 1 0 2
0 518 1 0 0 2 0 0 1 0 0 2 0 2 0 3 0 0 0 0 1 0 0 3 0 2 0 3 0 3 0 0 1 0 0 0 0 1 0 2 0 0 0 3 0 0 0 1 0 2 0 1 0 1 0 2 0 3 0 3 0 0 0 1 0 3 0 3 0 0 1 0 1 0 0 2 0 3 0 2 0 2 1 0 0 1 1 0 0 0 1 0 0 1 0 0 0 3 0 3 0 3 0 0 0 1 1 0 0 2 1 0 0 3 0 3 0 1 1 0 0 2 1 0 0 2 1 0 0 0 0 3 0 2 1 0 0 1 1 0 0 2 0 2 0 2 0 2 1 0 0 2 0 1 0 1 1 0 0 1 0 2 0 2 1 0 0 1 0 0 1 0 1 0 0 1 0 3 0 1 0 0 0 2 0 0 0 2 1 0 0 2 0 0 1 0 0 1 0 3 0 3 0 0 1 0 1 0 1 0 1 0 0 3 0 3 0 0 0 2 0 2 0 3 0 1 0 0 1 0 1 0 0 3 0 2 0 0 0 3 0 2 0 1 0 1 0 3 0 0 0 0 0 1 1 0 0 3 0 3 0 0 0 3 0 2 0 1 0 3 0 3 0 2 0 0 0 1 0 3 0 0 1 0 0 0 0 1 0 3 0 1 0 0 0 3 0 3 0 3 0 1 1 0 0 2 1 0 0 1 0 3 0 1 0 2 1 0 1 0 0 0 0 3 0 1 0 1 1 0 1 0 0 0 0 1 1 0 0 0 0 3 0 3 0 1 0 0 0 1 0 0 1 0 0 1 0 1 0 3 0 0 1 0 0 0 1 0 0 0 0 2 0 0 0 1 0 3 0 3 0 0 0 2 1 0 0 0 0 2 0 3 0 1 0 3 0 1 0 1 0 1 0 2 0 3 0 3 0 3 0 3 0 1 0 1 0 0 0 2 0 0 0 3 0 2 0 3 0 0 0 3 0 2 0 3 0 2 0 3 0 0 1 0 0 0 0 2 0 0 0 3 0 0 0 3 0 0 1 0 0 0 0 0 0 3 0 2 1 0 0 1 0 0 0 0 0 0 0 3 0 0 0 1 0 3 0 3 0 2 0 0 1 0 1 0 0 1 0 3 0 1 1 0 0 3 0 2 0 0 0 2 0 3 0 1 0 3 0 0
0 519 1 0 3 0 3 0 1 1 0 0 0 0 1 0 2 0 1 0 1 1 0 0 2 0 1 0 3 0 2 0 2 0 2 1 0 0 2 1 0 0 2 0 1 0 1 0 2 1 0 0 3 0 3 0 0 0 3 0 2 0 1 0 3 0 2 0 2 0 2 1 0 1 0 0 0 0 3 0 1 0 1 1 0 0 3 0 3 0 0 0 3 0 1 0 1 0 2 0 3 0 2 0 1 1 0 0 0 0 1 0 0 0 2 0 3 0 0 0 0 0 1 0 0 0 0 1 0 0 1 0 2 0 1 1 0 1 0 0 0 0 0 0 1 0 1 0 1 1 0 1 0 0 3 0 3 0 3 0 2 0 0 0 1 1 0 0 2 0 1 1 0 0 3 0 2 0 1 0 3 0 0 1 0 0 2 0 0 1 0 1 0 0 2 0 3 0 2 0 2 0 2 0 2 1 0 1 0 1 0 1 0 0 2 0 2 0 2 0 0 0 1 0 2 0 3 0 1 1 0 1 0 0 2 0 0 0 2 0 2 0 0 0 3 0 3 0 1 0 1 0 0 1 0 0 0 0 2 0 2 0 2 0 2 0 0 1 0 0 3 0 3 0 0 0 1 0 3 0 1 0 2 0 2 1 0 0 3 0 1 0 3 0 1 0 2 0 3 0 3 0 0 0 0 0 0 1 0 0 3 0 1 1 0 0 2 0 0 0 3 0 0 0 1 1 0 0 0 0 0 0 2 1 0 0 3 0 3 0 0 0 2 0 2 0 3 0 0 0 2 0 1 0 3 0 1 0 3 0 1 0 2 0 3 0 0 0 2 1 0 1 0 0 1 0 3 0 2 0 2 0 2 0 0 1 0 0 1 0 0 0 2 1 0 0 2 0 3 0 2 0 3 0 0 0 3 0 3 0 3 0 2 0 3 0 2 0 0 1 0 0 2 0 2 0 1 0 2 0 2 0 2 0 1 0 3 0 1 0 2 0 2 0 2 1 0 1 0 0 2 0 1 0 2 0 1 0 2 0 2 1 0 0 1 0 2 0 1 1 0 0 2 0 0 0 0 0 1 0 1 0 1 0 3 0 2 0 3 0 0 0 2 1 0 0 3 0 2 0 2 0 0 0 0 0 2 0 0 0 2 0 0 0 2 1 0 0 2 0 1
1 519 3 0 2 0 2 1 0 1 0 0 0 0 2 1 0 0 3 0 3 0 3 0 3 0 3 0 2 0 1 0 1 0 2 0 0 0 0 1 0 1 0 0 3 0 3 0 1 0 0 0 2 0 2 0 2 0 2 0 0 1 0 0 3 0 1 0 1 0 2 0 0 0 3 0 0 0 1 1 0 0 0 0 0 0 2 0 2 0 2 0 1 0 3 0 3 0 0 0 3 0 0 1 0 1 0 0 0 0 2 0 1 0 0 0 2 0 1 0 0 0 2 0 0 0 1 0 3 0 2 0 0 0 0 0 0 0 2 1 0 0 0 0 2 0 2 1 0 0 0 1 0 0 2 0 3 0 3 0 0 0 1 1 0 0 0 0 0 0 0 0 0 0 2 0 0 1 0 0 2 0 2 0 3 0 3 0 1 1 0 1 0 0 0 0 3 0 1 0 1 0 1 0 2 0 0 1 0 1 0 1 0 0 0 0 1 0 0 0 1 0 3 0 0 0 3 0 0 0 0 0 3 0 3 0 1 0 0 0 0 0 2 0 2 0 2 0 3 0 2 0 1 0 3 0 0 0 0 0 1 0 1 0 0 0 2 1 0 0 2 0 2 0 1 0 3 0 1 1 0 0 1 0 2 0 0 0 1 1 0 0 2 1 0 0 1 0 3 0 2 0 1 0 0 0 1 1 0 0 1 1 0 1 0 1 0 0 2 0 1 0 1 0 3 0 2 1 0 0 1 0 1 0 0 0 2 0 2 0 2 0 0 0 1 0 2 0 1 1 0 1 0 0 2 1 0 0 2 1 0 0 1 0 2 0 2 0 1 0 0 0 3 0 2 0 2 0 1 0 1 0 0 0 2 0 3 0 1 0 1 0 1 0 0 0 0 0 3 0 1 0 2 0 2 0 2 0 3 0 3 0 1 0 3 0 0 0 2 1 0 0 0 0 0 1 0 0 1 0 1 0 0 1 0 0 2 1 0 0 1 0 1 0 2 0 0 0 3 0 3 0 2 1 0 1 0 0 1 0 1 1 0 0 2 1 0 1 0 1 0 1 0 0 1 0 0 0 2 0 2 0 3 0 2 0 1 0 2 0 2 0 1 0 0 0 2 0 1 0 0 0 1 0 0 1 0 0 1 1 0 0 2 0 0 1 0 1 0 1 0
0 521 1 0 2 0 1 0 2 0 0 0 3 0 0 0 1 0 0 0 2 0 3 0 3 0 3 0 3 0 0 0 3 0 2 1 0 0 1 0 1 1 0 1 0 0 2 0 2 0 3 0 1 0 0 0 1 0 1 0 0 0 2 1 0 0 1 0 3 0 2 1 0 0 2 0 1 0 1 0 3 0 2 1 0 0 1 0 0 0 1 0 0 1 0 0 3 0 2 0 2 0 1 0 2 1 0 0 2 1 0 1 0 0 3 0 0 1 0 0 3 0 0 1 0 0 1 0 3 0 2 0 0 0 1 0 0 0 1 0 0 1 0 0 1 0 0 0 1 1 0 0 1 1 0 0 0 0 3 0 2 0 1 0 3 0 2 1 0 0 0 0 0 0 0 1 0 0 2 1 0 0 0 0 1 0 3 0 3 0 0 0 0 0 3 0 0 0 1 0 3 0 2 0 2 1 0 0 2 1 0 1 0 0 2 1 0 0 2 0 0 0 3 0 1 0 2 0 1 0 1 0 1 0 2 0 2 0 3 0 0 0 1 0 0 0 1 0 1 0 3 0 0 1 0 0 2 0 1 0 0 0 2 0 2 0 1 0 1 0 0 0 0 0 0 1 0 0 2 1 0 1 0 0 2 1 0 0 1 1 0 0 0 0 0 1 0 0 3 0 2 0 0 0 3 0 0 0 3 0 3 0 2 1 0 1 0 0 3 0 3 0 2 0 3 0 2 0 1 1 0 0 2 0 2 0 1 0 0 0 1 0 0 0 1 0 3 0 0 0 0 0 0 1 0 0 1 0 0 0 0 1 0 0 3 0 0 0 0 0 3 0 1 0 2 0 1 0 0 0 3 0 2 0 1 0 0 0 2 0 3 0 2 0 2 0 0 0 1 0 1 1 0 0 1 0 1 0 1 0 3 0 2 1 0 0 2 0 2 0 0 1 0 0 0 0 1 0 3 0 1 0 2 0 1 1 0 0 0 1 0 0 2 0 2 1 0 0 2 0 2 0 3 0 2 0 0 0 3 0 1 1 0 0 0 0 1 0 0 1 0 1 0 0 3 0 1 0 1 0 0 0 1 0 3 0 0 1 0 0 1 0 0 0 3 0 0 1 0 0 3 0 0 0 2 0 1 0 3 0 2 0 3 0 3 0 1 1 0 1 0 0 2
1 521 2 1 0 1 0 0 0 0 2 0 1 0 1 0 2 0 1 0 0 0 3 0 3 0 3 0 2 0 2 0 2 0 1 1 0 0 2 1 0 0 0 1 0 0 0 0 1 0 2 0 3 0 0 0 2 0 2 0 1 0 0 1 0 0 3 0 2 0 1 1 0 1 0 0 3 0 3 0 2 0 1 1 0 0 2 0 0 0 2 0 1 1 0 0 2 0 1 0 0 1 0 0 2 0 0 0 1 0 0 1 0 0 1 0 2 1 0 0 1 0 2 0 3 0 2 0 2 0 0 0 1 0 2 0 0 0 2 0 1 0 3 0 1 0 0 0 3 0 3 0 2 0 3 0 0 0 2 0 0 1 0 0 3 0 1 1 0 0 0 0 0 0 1 1 0 0 0 1 0 0 0 0 3 0 2 0 2 0 1 0 1 0 1 0 1 0 3 0 2 0 1 0 2 0 0 0 1 0 0 1 0 0 0 1 0 1 0 0 2 0 1 1 0 0 0 0 3 0 2 0 3 0 0 0 1 0 2 0 1 0 2 0 0 0 2 0 3 0 1 0 2 0 3 0 3 0 2 0 1 0 0 0 0 0 3 0 2 0 0 0 0 0 1 1 0 0 1 0 0 1 0 0 0 1 0 0 3 0 2 1 0 0 1 1 0 0 2 0 0 0 2 0 1 0 2 0 2 0 3 0 2 0 0 1 0 0 2 0 3 0 1 0 3 0 1 0 0 0 0 0 0 0 0 0 3 0 0 0 2 0 0 0 3 0 1 0 1 0 0 0 1 0 3 0 1 0 0 0 1 1 0 0 1 0 1 0 1 0 1 1 0 0 0 0 3 0 1 0 2 0 0 0 3 0 1 0 0 0 3 0 1 0 0 0 1 0 2 0 3 0 3 0 1 0 2 0 3 0 2 0 2 0 0 0 0 0 0 0 2 0 2 1 0 0 3 0 1 1 0 0 0 1 0 1 0 0 1 1 0 0 0 0 2 0 0 0 0 0 1 0 3 0 0 0 2 0 1 1 0 1 0 0 0 0 2 0 1 1 0 1 0 0 1 0 3 0 2 0 0 0 3 0 1 0 2 0 3 0 1 0 1 0 1 0 2 1 0 0 1 0 1 1 0 1 0 0 3 0 1 0 3 0 3 0 0 0 0 1 0 0 0
1 523 1 0 1 0 0 0 2 1 0 1 0 0 3 0 2 1 0 0 3 0 1 0 2 0 3 0 3 0 1 0 1 0 1 0 0 0 0 0 0 1 0 0 1 0 2 1 0 0 3 0 0 0 2 0 2 0 0 0 0 0 3 0 1 1 0 0 2 0 1 0 0 0 0 1 0 0 2 0 3 0 0 1 0 1 0 1 0 0 1 1 0 1 0 1 0 1 0 0 3 0 1 0 3 0 3 0 0 0 2 0 1 0 3 0 2 0 0 1 0 0 3 0 0 0 3 0 1 0 0 0 1 0 2 1 0 0 1 1 0 1 0 0 2 0 3 0 1 0 2 0 3 0 1 0 2 0 1 1 0 0 2 1 0 0 1 1 0 1 0 0 0 0 0 0 3 0 3 0 0 0 3 0 0 0 2 0 1 0 0 0 3 0 2 0 2 0 3 0 2 0 0 1 0 0 0 0 1 0 2 0 1 0 3 0 0 1 0 0 3 0 3 0 3 0 3 0 0 0 2 0 1 0 2 0 1 0 2 1 0 1 0 0 0 0 2 0 0 0 2 1 0 0 1 0 3 0 3 0 0 0 3 0 0 0 1 0 2 0 0 0 1 0 0 0 3 0 3 0 1 0 1 0 3 0 0 1 0 0 2 0 1 1 0 0 3 0 3 0 3 0 0 1 0 1 0 0 1 0 1 0 3 0 0 0 2 1 0 0 0 0 2 1 0 0 2 0 3 0 0 0 0 0 0 0 1 0 1 0 1 1 0 0 2 0 1 0 3 0 2 0 0 0 3 0 1 0 3 0 0 0 3 0 3 0 1 0 2 0 2 0 3 0 3 0 0 0 1 1 0 0 0 0 2 0 1 0 3 0 1 0 1 0 3 0 0 0 3 0 0 0 3 0 2 1 0 0 1 0 3 0 1 0 0 0 1 0 0 0 1 0 0 0 2 0 0 0 1 1 0 1 0 0 1 1 0 0 3 0 2 0 2 1 0 1 0 0 1 0 0 0 3 0 1 0 2 0 0 0 0 0 0 0 3 0 0 0 0 0 0 0 0 0 3 0 2 0 2 0 0 0 2 0 1 1 0 0 1 0 2 0 3 0 2 0 3 0 0 1 0 0 2 1 0 0 0 1 0 0 1 1 0 0 3 0 2 0 1 0 1 0 2 1 0
1 523 2 0 2 0 1 0 1 0 0 1 0 0 2 0 2 0 0 0 1 1 0 0 1 0 3 0 2 0 3 0 2 0 2 0 0 0 0 0 1 0 3 0 2 0 1 0 0 0 1 0 2 0 0 0 0 0 1 0 1 0 1 1 0 1 0 1 0 0 3 0 0 0 1 1 0 0 0 0 2 0 2 1 0 1 0 0 3 0 2 1 0 1 0 1 0 1 0 0 1 1 0 0 3 0 2 0 1 1 0 1 0 0 3 0 0 0 2 1 0 0 1 0 2 0 1 0 3 0 0 0 3 0 0 1 0 1 0 0 0 1 0 0 0 0 2 1 0 0 1 0 2 1 0 0 1 0 0 0 0 0 0 1 0 1 0 0 0 0 2 1 0 0 1 0 2 0 2 0 2 0 1 0 1 1 0 0 3 0 1 0 2 0 1 0 1 0 3 0 0 0 2 0 2 1 0 0 2 1 0 1 0 0 2 0 2 1 0 0 2 0 3 0 3 0 2 0 1 1 0 1 0 0 0 1 0 0 2 0 0 0 2 1 0 1 0 0 2 0 0 1 0 0 3 0 2 0 2 0 2 0 1 0 1 0 2 1 0 0 1 0 2 0 1 0 2 0 2 0 3 0 3 0 1 0 2 1 0 0 0 0 0 0 0 0 2 0 3 0 2 0 2 1 0 0 3 0 1 0 3 0 1 0 2 0 0 1 0 0 1 0 1 0 0 0 0 0 2 0 1 0 0 0 0 0 2 0 2 0 3 0 3 0 3 0 3 0 2 0 0 0 2 0 1 1 0 0 2 0 2 0 2 0 2 1 0 0 1 0 1 0 3 0 2 0 1 0 3 0 2 1 0 1 0 1 0 0 2 0 3 0 3 0 1 0 2 0 1 0 2 0 2 0 1 1 0 0 3 0 1 0 3 0 0 0 2 0 0 0 2 0 0 1 0 0 1 1 0 0 0 0 3 0 2 1 0 0 2 0 1 0 2 0 0 0 3 0 1 0 1 0 1 1 0 0 0 0 1 0 0 0 1 0 1 0 1 0 0 0 0 0 1 0 2 0 1 0 0 0 1 1 0 1 0 1 0 0 3 0 0 0 3 0 1 0 2 0 2 1 0 0 0 1 0 0 1 0 3 0 2 1 0 0 2 0 0 0 3 0 3 0 0 1 0
1 525 1 0 0 0 0 0 3 0 2 0 1 1 0 0 0 0 0 0 1 0 3 0 3 0 2 0 2 0 1 0 3 0 1 0 0 0 1 0 0 0 3 0 2 0 0 0 3 0 0 0 2 1 0 0 1 0 0 0 2 0 2 1 0 0 0 1 0 1 0 0 1 0 1 0 3 0 3 0 0 0 0 0 2 0 0 1 0 0 2 0 2 0 0 1 0 1 0 0 3 0 2 1 0 0 2 0 1 0 0 0 0 1 0 0 1 0 2 0 0 1 0 0 2 1 0 1 0 0 2 0 2 0 1 0 2 1 0 0 3 0 0 0 3 0 0 0 0 1 0 0 3 0 0 1 0 0 2 0 0 0 0 0 1 1 0 0 3 0 0 0 0 1 0 0 3 0 0 0 1 0 0 1 0 0 0 0 0 0 1 1 0 0 0 0 3 0 3 0 1 0 2 0 0 0 2 0 0 0 1 0 0 1 0 0 0 0 2 0 0 0 0 0 3 0 3 0 1 0 0 0 0 0 3 0 0 0 3 0 3 0 1 0 1 0 0 0 3 0 3 0 1 1 0 0 2 0 1 0 1 0 0 0 3 0 3 0 0 1 0 0 2 1 0 1 0 0 1 0 1 0 3 0 2 1 0 0 1 1 0 0 0 0 0 0 1 0 0 0 3 0 1 0 2 0 0 0 1 1 0 0 2 1 0 0 0 0 2 0 3 0 1 0 2 0 0 0 0 1 0 0 3 0 0 0 1 0 0 0 1 0 3 0 3 0 3 0 3 0 0 0 2 0 0 0 0 0 0 0 0 0 1 0 1 0 1 1 0 0 2 0 3 0 2 0 0 1 0 0 3 0 2 0 0 1 0 1 0 0 0 0 3 0 2 1 0 0 0 1 0 0 1 0 1 0 0 0 0 0 1 1 0 0 2 0 1 1 0 0 1 1 0 0 2 0 3 0 2 0 3 0 0 0 2 0 1 1 0 1 0 1 0 0 0 0 2 0 1 0 3 0 2 0 3 0 2 1 0 0 2 0 0 0 2 0 2 0 2 0 0 0 0 0 2 1 0 0 3 0 0 1 0 0 0 1 0 1 0 0 1 0 2 0 1 1 0 0 1 0 1 1 0 0 1 0 3 0 2 0 2 0 1 1 0 1 0 0 2 0 2 0 2 0 2 0 2
0 525 2 0 0 0 1 0 2 0 0 1 0 1 0 0 0 0 0 0 3 0 2 0 3 0 1 0 0 1 0 0 2 0 3 0 0 0 2 0 1 0 2 0 0 0 2 0 1 0 2 0 0 1 0 0 2 0 1 0 0 0 1 1 0 0 1 1 0 0 3 0 1 0 3 0 2 0 2 0 1 0 0 1 0 0 2 1 0 0 0 0 0 0 2 1 0 1 0 0 2 0 1 1 0 1 0 0 3 0 0 0 1 0 3 0 1 1 0 0 2 1 0 0 1 0 0 1 0 0 0 0 0 1 0 0 2 0 0 0 1 0 2 0 1 0 1 0 1 1 0 0 1 0 2 0 3 0 3 0 0 0 0 1 0 0 0 0 1 0 1 0 1 1 0 0 1 0 1 0 2 0 1 0 2 1 0 0 0 0 3 0 3 0 0 0 2 0 2 1 0 0 0 0 1 1 0 0 1 0 2 0 1 0 2 1 0 1 0 0 1 0 1 0 2 0 2 0 3 0 0 0 1 0 1 0 2 0 2 0 2 0 3 0 2 0 1 0 2 0 2 1 0 1 0 1 0 0 3 0 2 0 1 0 2 0 2 0 2 1 0 0 1 0 0 0 3 0 1 0 3 0 2 0 1 1 0 0 3 0 2 1 0 0 0 0 2 0 1 0 1 1 0 0 0 0 1 1 0 0 0 0 0 1 0 0 1 0 0 0 2 1 0 0 0 0 1 0 1 1 0 0 1 0 1 0 2 0 0 0 3 0 2 0 3 0 3 0 2 0 1 1 0 0 1 0 0 0 0 0 0 0 2 0 2 1 0 0 0 0 0 0 3 0 0 0 2 1 0 0 2 0 0 0 2 1 0 0 3 0 0 0 2 0 1 1 0 0 1 0 3 0 1 0 2 0 0 0 0 0 3 0 3 0 3 0 3 0 3 0 2 1 0 0 0 0 3 0 1 0 2 0 2 0 0 0 0 0 0 1 0 0 2 1 0 1 0 1 0 0 3 0 1 0 3 0 1 1 0 1 0 0 2 0 0 0 1 0 0 0 1 0 1 0 1 0 0 0 1 0 2 0 3 0 0 1 0 0 3 0 1 1 0 1 0 1 0 0 2 0 3 0 3 0 2 0 2 0 1 0 1 0 0 0 0 1 0 0 0 0 1 0 1 0 1 0 1
1 526 1 0 0 1 0 2 1 0 0 2 1 0 0 2 1 0 0 1 0 2 0 1 0 2 0 3 0 1 1 0 0 0 0 2 0 1 1 0 1 0 0 0 0 1 1 0 1 0 0 0 0 2 0 3 0 3 0 2 0 0 0 3 0 3 0 2 1 0 0 1 1 0 0 3 0 1 0 0 0 3 0 1 1 0 0 0 1 0 0 0 0 1 0 1 0 0 1 0 0 0 0 0 0 0 1 0 0 1 0 1 0 3 0 2 0 0 0 0 0 0 1 0 0 2 0 1 0 2 1 0 0 1 0 3 0 3 0 0 0 2 1 0 0 3 0 2 0 3 0 3 0 2 0 0 0 3 0 2 0 1 0 1 0 2 1 0 0 2 0 2 0 3 0 3 0 1 0 2 1 0 1 0 0 1 1 0 0 1 0 2 0 2 0 2 0 0 0 1 1 0 0 0 0 3 0 3 0 1 1 0 1 0 0 2 0 0 0 3 0 1 0 3 0 0 0 1 0 2 0 1 0 2 0 3 0 0 0 1 0 1 0 3 0 0 1 0 0 1 0 2 0 0 1 0 1 0 0 2 0 0 1 0 0 1 0 1 0 1 1 0 0 2 0 1 0 1 1 0 0 3 0 1 0 0 0 0 0 2 0 1 1 0 0 0 1 0 0 3 0 3 0 2 1 0 0 3 0 2 1 0 0 1 0 3 0 1 0 1 0 0 1 0 0 0 0 2 0 3 0 3 0 1 0 2 1 0 0 2 0 2 0 1 0 3 0 3 0 0 1 0 1 0 0 2 0 0 0 0 0 1 0 0 0 1 1 0 0 0 0 1 0 1 0 2 0 0 1 0 1 0 0 2 0 1 0 0 0 1 0 1 1 0 1 0 1 0 0 3 0 1 1 0 0 0 0 1 0 1 0 2 0 3 0 3 0 3 0 3 0 1 1 0 0 1 0 1 1 0 0 1 0 0 0 1 0 0 0 1 1 0 0 1 0 0 1 0 1 0 0 1 1 0 0 3 0 0 0 0 0 3 0 3 0 0 0 2 0 0 0 2 0 2 0 2 0 0 0 3 0 0 0 2 0 2 1 0 0 2 0 0 0 0 1 0 1 0 0 0 0 3 0 3 0 1 0 0 0 3 0 2 0 0 0 1 0 2 1 0 0 2 0 2 0 2 0 2
0 527 1 0 3 0 2 0 1 0 0 0 1 0 0 0 0 1 0 0 2 1 0 1 0 0 1 0 2 1 0 1 0 0 1 0 0 0 0 0 0 0 2 1 0 1 0 0 0 0 3 0 0 0 0 0 3 0 3 0 0 0 2 0 2 0 3 0 1 1 0 1 0 0 0 0 1 0 3 0 1 0 1 1 0 1 0 0 1 0 2 1 0 0 2 0 2 0 1 0 2 1 0 0 0 0 1 0 3 0 1 0 3 0 2 0 0 0 1 0 0 0 1 0 3 0 3 0 3 0 0 1 0 0 3 0 2 0 2 0 2 0 1 0 0 0 2 0 1 0 3 0 3 0 0 0 2 0 2 0 0 0 3 0 3 0 1 0 0 0 0 0 1 0 3 0 2 1 0 0 2 0 0 0 3 0 2 0 3 0 2 0 0 0 1 0 0 0 1 0 3 0 3 0 0 0 2 0 3 0 0 0 0 0 3 0 3 0 1 0 1 1 0 0 2 0 1 0 2 1 0 1 0 0 1 0 2 0 1 0 2 0 3 0 1 0 2 0 3 0 1 1 0 0 2 1 0 0 3 0 3 0 1 0 3 0 1 0 2 0 3 0 3 0 3 0 2 1 0 0 0 0 1 0 3 0 0 0 0 1 0 1 0 1 0 0 1 1 0 0 2 0 3 0 2 0 0 0 2 0 1 1 0 0 3 0 1 0 3 0 2 0 1 0 3 0 0 0 0 0 3 0 2 1 0 0 2 0 0 0 0 0 0 1 0 0 3 0 2 0 2 1 0 0 3 0 3 0 0 0 0 0 2 0 0 0 3 0 2 1 0 0 2 0 2 1 0 0 2 1 0 0 3 0 3 0 2 0 0 0 2 1 0 0 0 1 0 1 0 0 1 1 0 1 0 0 0 0 2 0 3 0 0 0 3 0 3 0 3 0 2 1 0 1 0 0 2 0 3 0 3 0 1 0 0 0 2 0 0 0 3 0 3 0 1 0 1 1 0 0 3 0 2 1 0 0 1 0 1 0 1 0 2 0 2 0 1 1 0 0 2 0 0 0 1 0 0 0 2 0 1 0 2 0 0 0 1 1 0 1 0 0 1 0 1 1 0 0 3 0 0 0 2 0 2 0 3 0 1 0 2 0 0 0 1 0 3 0 1 0 0 0 0 0 1 0 1 0 1
1 527 3 0 2 0 0 0 3 0 0 0 2 0 0 0 1 1 0 0 1 0 0 0 3 0 2 0 1 0 0 0 3 0 1 0 0 0 0 0 1 0 1 0 0 0 3 0 0 0 1 0 1 0 1 0 2 0 2 0 2 0 0 0 1 0 3 0 0 0 0 0 2 1 0 0 3 0 1 1 0 0 0 0 0 0 3 0 2 0 1 0 0 0 0 0 0 1 0 0 1 1 0 0 0 0 3 0 1 1 0 0 3 0 0 0 1 0 2 0 0 0 3 0 2 0 3 0 2 0 2 1 0 0 2 0 1 0 1 0 0 0 3 0 0 1 0 1 0 0 3 0 2 0 2 0 0 0 0 0 2 0 2 0 2 0 3 0 0 0 0 0 3 0 2 0 1 1 0 1 0 0 2 0 2 0 1 0 3 0 0 0 1 0 2 0 0 0 3 0 2 0 2 0 2 0 0 0 2 0 1 0 1 0 2 0 2 0 3 0 3 0 3 0 3 0 3 0 1 0 0 0 3 0 1 1 0 1 0 0 1 0 2 1 0 0 1 0 3 0 0 0 0 0 1 0 0 0 2 0 2 1 0 0 2 1 0 0 1 0 3 0 3 0 3 0 1 1 0 0 0 0 3 0 1 0 1 0 1 1 0 1 0 0 3 0 2 1 0 0 0 0 3 0 0 0 2 0 0 0 0 0 0 0 1 1 0 0 3 0 0 1 0 0 2 0 1 0 1 0 2 0 1 1 0 1 0 0 1 0 0 0 1 1 0 0 2 0 1 0 2 0 0 0 2 0 2 0 1 0 0 1 0 0 2 0 2 0 2 0 0 0 0 0 2 0 0 0 1 0 0 0 2 0 3 0 0 0 2 0 0 1 0 0 1 1 0 0 3 0 2 1 0 0 3 0 0 0 0 0 2 0 2 0 2 0 3 0 3 0 2 0 0 1 0 0 0 0 3 0 2 0 3 0 0 1 0 0 2 0 2 0 2 1 0 0 0 0 0 0 2 0 1 1 0 0 2 0 2 0 3 0 0 0 0 1 0 1 0 1 0 0 1 0 2 0 0 1 0 1 0 0 0 0 1 1 0 0 0 0 3 0 1 1 0 0 0 0 1 0 2 0 0 0 1 0 2 1 0 0 0 0 1 0 3 0 1 0 3 0 0 0 0 0 2 0 2 0 2
0 529 1 0 2 0 0 0 2 0 1 0 1 1 0 0 1 0 3 0 3 0 1 0 1 0 2 0 0 0 3 0 1 0 1 0 3 0 0 0 0 0 2 0 2 0 1 0 1 0 1 0 2 0 2 0 3 0 0 0 1 0 0 0 1 0 3 0 1 0 1 0 1 0 1 0 0 0 1 1 0 1 0 0 0 0 1 0 2 0 0 0 3 0 0 0 0 0 1 0 3 0 2 0 3 0 0 0 2 0 0 0 0 0 1 0 1 0 2 1 0 0 2 0 2 0 1 0 3 0 1 0 1 1 0 1 0 0 3 0 2 0 1 0 1 0 2 1 0 1 0 0 2 0 1 0 0 0 1 0 1 0 0 0 1 0 1 0 2 0 1 0 1 0 2 0 1 0 0 0 0 1 0 0 0 0 0 1 0 0 2 0 1 0 2 1 0 0 2 0 2 0 1 0 1 0 0 0 1 1 0 0 3 0 3 0 0 0 1 0 3 0 3 0 3 0 3 0 2 0 3 0 1 0 2 0 0 0 0 0 3 0 2 0 0 1 0 0 3 0 1 0 1 0 0 0 2 0 1 0 0 0 2 0 0 0 0 1 0 0 3 0 2 0 3 0 2 1 0 1 0 0 1 0 1 0 3 0 2 1 0 0 0 1 0 0 2 0 1 1 0 0 1 0 1 0 1 1 0 0 1 0 0 0 0 1 0 0 0 0 1 0 2 0 3 0 3 0 2 0 3 0 0 0 0 0 0 0 3 0 1 0 0 0 3 0 3 0 3 0 2 1 0 0 2 0 0 0 0 0 3 0 1 1 0 0 0 0 1 0 0 0 1 0 0 1 0 0 1 0 2 0 1 0 0 0 2 0 1 1 0 0 2 0 3 0 2 1 0 0 2 0 2 0 0 0 1 0 1 0 1 0 0 0 1 0 1 0 3 0 3 0 0 0 2 0 3 0 0 0 2 0 1 0 2 0 2 1 0 0 0 0 1 0 1 1 0 0 0 0 1 0 0 0 0 0 0 0 0 0 1 0 2 0 1 0 1 1 0 1 0 0 3 0 1 1 0 0 2 1 0 0 2 1 0 0 3 0 3 0 0 0 1 1 0 1 0 0 0 0 2 1 0 0 1 0 3 0 0 1 0 0 0 0 3 0 1 1 0 0 2 0 1 0 1 0 0 0 1 0 1
1 529 2 1 0 0 1 1 0 0 3 0 3 0 3 0 2 0 2 0 2 0 3 0 2 1 0 0 2 0 1 0 3 0 3 0 1 0 1 0 1 0 0 0 0 0 3 0 2 0 3 0 0 0 1 0 2 0 1 0 2 0 0 0 3 0 1 0 3 0 2 0 2 0 2 0 0 1 0 0 0 0 2 1 0 0 2 1 0 0 2 0 1 0 1 0 0 0 3 0 2 0 1 0 2 0 1 1 0 0 1 0 0 0 2 0 3 0 1 0 0 0 0 0 0 1 0 0 2 1 0 0 0 0 0 1 0 0 2 0 0 0 3 0 3 0 1 0 0 0 3 0 3 0 2 0 0 0 2 0 2 0 0 0 2 0 2 1 0 0 3 0 2 1 0 0 3 0 0 0 1 0 2 1 0 0 1 0 3 0 3 0 3 0 1 0 0 0 0 0 0 0 3 0 2 0 0 1 0 0 0 0 2 0 2 0 1 0 3 0 2 0 3 0 3 0 3 0 1 0 2 1 0 0 0 0 1 0 1 0 2 0 0 0 2 1 0 0 1 0 3 0 2 0 0 1 0 0 3 0 0 1 0 0 1 0 1 1 0 0 2 0 1 0 3 0 2 0 0 0 3 0 1 0 3 0 2 0 1 1 0 0 1 0 3 0 3 0 3 0 3 0 1 0 2 0 3 0 3 0 1 0 0 0 1 0 2 1 0 0 3 0 0 0 3 0 3 0 1 0 2 0 1 0 0 0 1 0 1 0 3 0 1 0 2 0 3 0 3 0 1 1 0 1 0 0 1 0 1 0 1 1 0 1 0 0 0 0 2 0 0 0 2 0 1 0 3 0 1 1 0 0 3 0 1 0 0 0 0 0 0 0 0 0 3 0 2 0 0 0 0 0 0 0 1 0 2 0 2 0 2 0 0 0 2 0 3 0 2 0 2 0 2 0 0 0 2 0 1 1 0 1 0 0 1 0 1 1 0 0 0 0 2 0 3 0 2 1 0 0 2 0 0 0 0 0 0 0 0 0 2 1 0 1 0 0 0 0 0 1 0 0 2 0 0 0 0 0 1 0 0 0 1 0 0 0 2 0 2 0 1 1 0 0 0 0 3 0 0 0 0 1 0 0 3 0 1 0 2 0 3 0 0 0 1 1 0 1 0 1 0 0 3 0 2 0 0 0 2 0 2
0 531 1 0 0 1 0 1 0 0 0 0 2 0 3 0 3 0 1 0 1 0 1 0 3 0 1 1 0 1 0 1 0 0 3 0 2 0 3 0 2 0 2 0 0 0 1 0 2 0 1 0 2 0 1 0 2 1 0 1 0 0 0 0 2 0 1 1 0 0 3 0 1 0 1 0 0 0 2 0 3 0 0 0 1 0 0 0 0 1 0 1 0 0 3 0 2 0 1 0 2 0 0 1 0 0 0 1 0 1 0 0 2 0 1 0 0 0 2 0 3 0 0 0 0 0 1 1 0 0 0 1 0 0 0 0 1 0 3 0 3 0 1 0 2 0 2 0 3 0 1 0 2 0 3 0 0 0 2 0 0 0 0 0 2 0 0 0 2 0 0 0 2 0 2 0 0 0 1 0 1 0 3 0 0 1 0 0 3 0 2 0 3 0 2 0 3 0 0 0 0 0 1 0 2 0 0 0 2 0 3 0 0 0 0 0 0 1 0 0 3 0 1 0 3 0 3 0 2 1 0 0 1 1 0 0 0 0 2 0 2 1 0 0 2 0 0 1 0 0 3 0 2 0 0 0 2 1 0 0 1 0 2 0 3 0 1 0 3 0 3 0 3 0 3 0 2 0 0 0 2 0 1 1 0 0 3 0 0 1 0 1 0 0 3 0 2 0 3 0 3 0 2 1 0 0 1 0 3 0 2 0 3 0 0 0 3 0 1 0 0 0 1 0 2 0 2 0 2 1 0 0 0 0 3 0 0 0 2 0 3 0 1 1 0 0 1 0 3 0 3 0 0 0 0 0 3 0 1 0 2 1 0 0 0 0 2 1 0 1 0 0 1 1 0 1 0 0 3 0 0 0 0 0 1 0 3 0 0 0 0 0 0 0 1 0 2 0 0 0 1 0 0 0 0 0 3 0 0 0 1 0 0 0 2 0 0 0 3 0 1 0 1 0 0 0 2 0 0 0 0 0 0 0 3 0 1 0 3 0 3 0 0 0 0 0 3 0 1 1 0 1 0 0 1 0 0 0 0 0 1 0 1 0 0 0 2 1 0 0 1 0 3 0 3 0 0 0 0 0 2 0 0 0 2 0 1 0 0 0 0 1 0 1 0 0 1 0 1 0 1 0 1 1 0 0 1 1 0 0 1 0 2 0 1 1 0 0 0 1 0 1 0 0 2 0 0 0 2 0 0 0 1
1 531 2 0 1 1 0 0 3 0 0 0 0 0 3 0 2 0 3 0 2 0 3 0 2 0 0 0 0 1 0 1 0 0 2 0 1 0 3 0 1 0 0 0 1 0 2 1 0 1 0 0 0 1 0 0 2 0 0 0 3 0 0 0 0 0 0 0 0 0 1 0 3 0 2 0 1 0 0 0 2 0 1 0 2 0 0 0 1 1 0 1 0 0 2 0 0 1 0 0 0 0 2 0 3 0 0 1 0 0 3 0 3 0 2 0 1 0 0 0 2 0 1 0 0 0 3 0 3 0 0 0 2 1 0 0 3 0 2 0 2 1 0 0 1 0 1 0 2 1 0 0 1 0 2 0 1 1 0 0 1 0 0 1 0 0 1 1 0 0 2 0 0 0 0 0 1 0 2 0 3 0 1 0 2 1 0 0 2 0 1 0 3 0 1 0 2 0 1 0 0 0 2 1 0 0 2 0 0 0 2 0 1 0 0 0 1 1 0 0 1 1 0 0 3 0 3 0 1 1 0 0 3 0 3 0 0 0 0 0 1 1 0 1 0 0 2 1 0 0 2 0 0 0 2 0 0 1 0 0 3 0 0 0 2 1 0 0 3 0 3 0 3 0 3 0 0 0 2 0 0 0 0 0 0 0 1 0 2 1 0 1 0 0 2 0 1 0 3 0 3 0 1 1 0 0 3 0 2 0 1 0 2 0 2 0 1 0 3 0 0 0 3 0 0 0 1 0 1 1 0 0 1 0 1 0 2 0 0 0 2 1 0 1 0 0 3 0 2 0 2 0 1 0 1 0 1 1 0 0 1 1 0 0 1 0 1 0 0 0 3 0 2 1 0 1 0 0 1 0 1 0 0 0 3 0 1 0 1 0 0 0 0 0 2 1 0 0 1 0 2 0 0 0 1 0 1 0 1 0 2 0 0 1 0 0 2 0 1 0 3 0 2 0 0 1 0 0 1 0 0 0 1 0 1 1 0 0 3 0 2 0 1 0 1 0 2 0 0 0 0 0 3 0 1 0 0 0 0 0 2 0 2 0 1 0 0 1 0 0 3 0 2 0 2 0 1 0 0 1 0 0 1 1 0 0 3 0 0 0 1 1 0 0 3 0 1 0 2 0 2 0 3 0 3 0 2 0 3 0 1 1 0 1 0 1 0 0 1 1 0 0 3 0 3 0 0 1 0 0 1 0 2
0 533 1 0 0 0 0 0 0 0 1 0 1 0 1 0 2 0 1 0 3 0 1 0 3 0 0 0 1 0 1 1 0 0 3 0 3 0 3 0 1 0 3 0 0 0 3 0 1 0 0 0 3 0 0 0 3 0 3 0 1 0 1 0 1 0 0 0 0 0 0 0 3 0 2 0 0 0 3 0 0 1 0 1 0 0 0 0 1 1 0 0 0 0 3 0 3 0 1 0 3 0 0 0 0 0 2 0 2 1 0 0 2 0 3 0 0 0 3 0 0 1 0 0 3 0 1 0 2 0 2 0 2 0 1 0 0 0 2 0 1 0 1 1 0 0 2 0 3 0 0 1 0 0 2 1 0 1 0 1 0 0 2 0 1 0 3 0 2 0 3 0 3 0 0 0 0 0 3 0 0 0 2 1 0 0 1 1 0 1 0 1 0 0 2 1 0 0 0 0 3 0 1 0 0 1 0 1 0 0 1 1 0 0 3 0 0 0 3 0 3 0 2 1 0 0 2 0 3 0 0 0 0 0 2 0 2 0 1 0 0 1 0 0 0 1 0 0 0 1 0 1 0 0 1 1 0 0 2 1 0 0 1 0 2 0 1 0 0 0 2 0 3 0 3 0 2 0 1 1 0 0 1 0 0 0 0 0 3 0 1 0 0 0 3 0 3 0 3 0 2 0 3 0 0 0 0 0 2 0 0 1 0 0 1 0 0 1 0 0 2 0 2 0 1 0 1 0 2 0 3 0 3 0 1 0 2 1 0 0 2 0 1 0 0 1 0 0 2 0 1 0 0 0 3 0 2 0 3 0 3 0 2 0 3 0 1 0 2 0 1 0 2 0 2 0 0 0 3 0 1 0 2 0 1 0 1 0 3 0 2 0 0 0 1 0 0 1 0 0 2 1 0 0 1 0 2 0 2 0 2 1 0 0 2 0 3 0 3 0 3 0 2 0 0 0 2 0 3 0 1 0 0 0 2 1 0 0 0 0 2 0 0 0 3 0 2 1 0 0 1 0 1 0 1 0 3 0 0 0 1 0 0 0 0 0 3 0 1 1 0 0 2 0 1 0 0 0 3 0 1 0 3 0 2 1 0 0 1 0 1 1 0 0 0 0 1 1 0 0 1 0 1 0 3 0 3 0 1 0 3 0 0 0 0 1 0 0 3 0 2 1 0 0 2 0 2 0 2 0 3 0 2 0 0
0 533 2 0 0 0 0 0 0 0 2 0 2 0 2 1 0 1 0 0 2 1 0 0 2 0 1 0 2 1 0 0 0 0 2 0 3 0 2 1 0 0 2 0 2 0 1 0 3 0 1 0 1 0 2 0 2 0 2 0 3 0 2 0 2 0 0 0 0 0 1 0 2 0 0 0 2 0 1 0 2 1 0 0 2 1 0 0 3 0 3 0 0 0 2 0 2 1 0 0 2 0 1 0 1 0 0 0 2 0 0 0 0 0 2 0 2 0 1 0 2 1 0 0 1 1 0 0 1 0 1 0 0 0 3 0 0 1 0 1 0 0 0 0 0 0 0 0 2 0 2 1 0 0 1 0 0 1 0 0 3 0 3 0 3 0 2 0 1 0 3 0 2 0 1 0 1 0 1 0 2 0 0 1 0 1 0 0 0 1 0 1 0 0 0 1 0 0 1 0 1 0 3 0 1 1 0 0 3 0 2 1 0 0 1 0 2 0 2 0 3 0 2 0 0 0 0 0 2 0 1 0 1 0 0 0 0 0 3 0 1 0 3 0 0 0 3 0 0 1 0 0 3 0 2 1 0 0 0 1 0 0 2 1 0 0 3 0 1 0 0 0 3 0 3 0 0 1 0 1 0 0 2 0 0 0 1 0 1 0 3 0 1 0 2 0 3 0 3 0 1 0 2 0 1 0 0 1 0 0 2 0 3 0 1 0 1 1 0 0 0 0 0 0 3 0 3 0 0 0 3 0 2 1 0 0 1 1 0 1 0 0 3 0 1 0 3 0 3 0 2 0 1 0 2 0 1 0 3 0 3 0 1 0 2 1 0 0 0 1 0 0 1 0 0 0 2 0 1 1 0 0 0 0 3 0 3 0 2 0 0 0 1 0 2 0 1 1 0 0 0 1 0 0 3 0 0 0 1 0 2 0 0 0 0 0 3 0 3 0 3 0 0 0 2 0 0 0 2 0 3 0 1 0 0 1 0 0 0 1 0 0 2 0 2 0 1 1 0 0 2 0 2 0 3 0 1 0 1 0 2 0 0 0 1 0 1 1 0 1 0 1 0 0 3 0 1 0 1 1 0 0 3 0 1 1 0 0 2 0 3 0 2 1 0 0 3 0 3 0 1 0 3 0 2 0 2 1 0 0 2 0 1 0 1 1 0 0 2 0 2 0 0 0 0 0 1 0 1 0 3 0 0 0 1
1 534 1 0 0 1 0 0 0 1 0 0 0 1 0 2 0 0 1 0 0 0 1 0 1 0 1 0 0 1 1 0 0 1 0 0 0 3 0 2 0 0 0 0 0 0 1 0 0 2 0 3 0 3 0 0 0 1 0 1 0 3 0 1 0 0 0 1 0 0 0 2 1 0 0 1 1 0 1 0 0 2 0 0 0 1 0 0 0 2 0 2 0 2 0 0 0 1 1 0 1 0 0 3 0 2 0 0 1 0 0 1 0 1 0 0 0 0 1 0 0 1 1 0 0 3 0 3 0 1 0 2 0 1 0 1 0 2 1 0 0 2 1 0 0 0 0 1 0 0 0 1 1 0 0 2 0 1 1 0 0 2 0 3 0 3 0 0 1 0 0 3 0 0 0 3 0 2 0 2 1 0 0 2 1 0 0 3 0 0 1 0 0 3 0 0 0 3 0 1 0 3 0 2 0 0 0 0 0 2 0 1 1 0 0 3 0 0 0 1 0 3 0 0 0 1 0 0 1 0 0 3 0 2 0 0 0 1 0 1 1 0 0 2 0 2 0 1 0 2 1 0 0 2 0 1 1 0 0 1 1 0 0 1 0 0 0 1 0 3 0 1 0 2 0 2 0 2 1 0 0 3 0 3 0 0 0 2 0 3 0 1 1 0 0 1 0 3 0 2 1 0 0 0 0 3 0 1 1 0 0 0 0 2 0 3 0 3 0 2 1 0 0 1 0 2 0 2 0 2 0 2 0 1 1 0 1 0 0 0 1 0 0 1 1 0 0 3 0 3 0 0 1 0 0 0 1 0 0 3 0 2 1 0 0 1 1 0 0 1 0 3 0 1 0 0 1 0 1 0 1 0 0 1 0 2 0 3 0 0 0 1 0 2 1 0 1 0 1 0 0 1 1 0 0 1 0 1 0 2 1 0 0 1 0 1 0 2 0 3 0 2 0 1 1 0 0 2 0 0 0 2 0 3 0 1 0 3 0 0 1 0 0 0 0 1 0 0 0 0 0 0 0 1 0 2 0 3 0 2 1 0 0 1 0 2 1 0 0 0 1 0 1 0 0 1 1 0 0 0 0 0 0 2 0 0 0 0 0 0 0 3 0 2 0 0 0 2 0 2 1 0 0 3 0 1 0 1 1 0 1 0 1 0 0 0 0 0 0 0 0 0 0 1 0 0 0 2 0 3 0 1 0 1 0 2
0 535 1 0 3 0 1 0 0 0 2 0 0 0 2 1 0 0 2 0 3 0 0 1 0 1 0 0 3 0 2 0 3 0 1 0 1 0 2 0 0 0 1 0 0 0 1 1 0 0 0 0 3 0 2 0 1 0 2 0 3 0 1 0 3 0 0 0 2 0 1 0 0 1 0 1 0 0 0 0 3 0 3 0 0 0 2 0 1 0 0 0 1 0 0 0 1 1 0 0 0 1 0 0 2 0 0 0 2 0 3 0 1 0 2 0 0 0 1 0 3 0 2 1 0 0 2 0 2 1 0 0 0 0 3 0 3 0 1 0 0 0 0 1 0 0 0 0 2 0 0 1 0 0 0 0 0 0 0 0 0 0 0 0 3 0 2 0 2 1 0 0 1 0 2 0 2 0 1 0 2 0 0 0 1 0 0 0 1 0 2 1 0 0 1 0 2 0 1 1 0 0 3 0 0 0 1 0 1 0 0 0 0 0 0 0 1 0 1 0 3 0 1 0 1 0 2 0 1 1 0 0 2 0 0 0 1 0 2 1 0 0 0 0 0 0 0 1 0 0 1 1 0 1 0 1 0 1 0 0 3 0 3 0 1 0 0 0 3 0 1 1 0 0 1 0 1 0 2 0 0 0 2 0 2 0 2 0 0 0 2 1 0 1 0 0 3 0 2 0 1 1 0 0 1 0 1 1 0 1 0 0 1 0 0 0 3 0 3 0 1 1 0 0 3 0 0 0 1 0 1 0 1 0 0 0 0 0 3 0 0 0 3 0 2 1 0 0 2 0 2 0 2 0 3 0 0 1 0 0 2 0 1 1 0 0 3 0 3 0 2 0 1 0 3 0 1 1 0 1 0 0 3 0 2 0 0 0 2 0 1 0 3 0 1 0 0 1 0 0 3 0 2 0 3 0 1 0 3 0 0 1 0 0 2 0 3 0 0 0 3 0 0 1 0 1 0 1 0 0 2 0 0 0 2 1 0 0 2 0 2 0 2 1 0 0 2 0 0 0 0 0 0 0 3 0 0 0 3 0 1 1 0 0 3 0 0 1 0 0 1 1 0 0 3 0 2 0 2 1 0 0 0 1 0 0 1 0 0 0 1 0 2 0 0 0 2 0 0 0 2 0 0 0 1 1 0 0 0 0 0 1 0 0 2 1 0 0 0 0 0 0 0 0 2 0 1 0 0 0 2 0 3 0 3 0 0
0 535 3 0 1 0 3 0 0 1 0 0 2 0 1 0 0 0 0 0 2 0 2 1 0 1 0 0 2 0 1 0 2 0 3 0 2 1 0 0 1 0 2 0 0 0 3 0 3 0 0 0 2 0 0 1 0 0 1 0 2 1 0 0 2 0 1 1 0 0 3 0 1 1 0 0 3 0 0 0 2 0 2 0 1 1 0 0 3 0 0 0 2 0 0 0 3 0 3 0 0 0 3 0 3 0 1 0 0 0 2 1 0 0 0 0 1 0 3 0 2 0 2 0 0 0 0 0 1 1 0 0 1 0 2 0 2 0 3 0 0 0 1 0 2 1 0 1 0 0 2 0 2 1 0 0 0 0 0 0 0 0 1 0 2 0 1 0 1 1 0 0 3 0 0 0 0 1 0 0 0 0 1 0 2 0 0 0 3 0 0 1 0 0 3 0 0 0 0 0 0 0 1 0 1 0 2 0 2 0 0 0 0 0 0 0 2 0 3 0 1 0 3 0 2 1 0 1 0 1 0 1 0 0 1 0 3 0 0 1 0 0 0 0 0 0 1 0 3 0 2 1 0 1 0 1 0 1 0 0 2 0 2 0 3 0 1 0 1 1 0 1 0 0 2 0 2 1 0 0 2 0 0 0 1 0 0 0 2 0 1 0 0 1 0 0 2 0 0 1 0 1 0 0 2 1 0 0 0 0 3 0 1 0 1 0 2 0 3 0 0 0 0 0 1 0 1 0 2 0 2 0 2 0 0 0 1 0 1 0 2 0 2 0 2 0 0 0 0 0 1 0 1 0 2 0 2 1 0 0 0 0 0 0 0 0 2 0 3 0 0 1 0 0 3 0 0 0 0 1 0 0 2 0 0 0 1 1 0 1 0 0 2 0 3 0 1 1 0 0 2 0 1 0 2 1 0 0 2 0 2 1 0 0 0 0 2 0 2 0 1 0 2 1 0 1 0 0 3 0 3 0 1 0 1 0 0 0 0 0 1 0 1 1 0 1 0 0 1 0 0 0 1 0 1 0 2 0 2 0 0 0 0 0 1 0 2 0 3 0 2 1 0 0 2 0 1 0 1 1 0 0 1 0 3 0 1 0 0 0 2 1 0 0 1 1 0 0 1 1 0 0 1 0 3 0 2 1 0 0 1 1 0 0 0 1 0 0 0 0 0 0 0 1 0 0 3 0 1 0 0 0 3 0 2 0 1
1 537 1 0 1 1 0 0 2 0 2 0 3 0 3 0 2 0 0 0 1 0 0 0 2 0 0 0 3 0 3 0 3 0 0 0 3 0 1 1 0 0 2 1 0 0 2 0 2 0 2 0 1 1 0 0 2 0 3 0 2 0 1 0 0 0 0 0 0 0 0 0 2 0 0 0 0 0 1 0 2 0 0 0 1 0 0 0 0 0 1 0 1 1 0 0 2 0 2 0 2 0 2 0 2 0 2 0 3 0 1 0 0 1 0 0 0 0 3 0 2 0 1 0 0 0 1 0 0 0 3 0 3 0 2 0 0 0 1 0 2 0 1 0 3 0 1 0 0 1 0 0 0 0 1 1 0 0 0 0 0 0 0 0 2 1 0 1 0 0 0 0 0 0 1 0 1 0 1 0 2 1 0 0 2 1 0 0 2 0 1 0 2 1 0 0 1 0 1 0 0 0 0 0 2 0 3 0 0 0 0 0 1 0 0 0 1 0 0 0 2 1 0 0 3 0 2 0 0 1 0 1 0 0 3 0 2 0 1 0 2 0 2 1 0 0 0 0 3 0 2 0 2 0 0 1 0 1 0 1 0 0 0 0 1 0 2 1 0 0 0 0 0 1 0 0 0 0 1 1 0 1 0 0 1 0 2 0 0 1 0 0 3 0 1 0 3 0 3 0 1 1 0 1 0 0 0 1 0 0 1 0 1 0 3 0 3 0 0 0 2 0 1 0 0 0 2 0 3 0 0 0 1 0 0 0 1 0 2 0 3 0 0 0 1 0 0 0 1 0 0 0 2 0 3 0 0 0 1 1 0 0 0 0 0 0 1 0 0 0 2 0 2 1 0 0 1 0 1 0 1 0 3 0 3 0 0 1 0 0 0 1 0 0 0 0 2 1 0 1 0 1 0 1 0 0 2 0 0 0 0 0 1 1 0 0 1 0 0 0 0 1 0 0 2 0 0 1 0 0 2 0 2 0 3 0 2 0 0 0 0 0 2 1 0 0 0 0 3 0 1 0 0 0 2 0 3 0 0 0 0 0 1 0 0 0 3 0 0 0 3 0 1 1 0 1 0 0 3 0 3 0 3 0 2 0 1 0 3 0 1 0 0 1 0 0 3 0 3 0 2 0 3 0 2 0 2 0 1 1 0 0 3 0 3 0 0 0 2 1 0 0 0 0 1 1 0 0 1 0 3 0 1 0 2 0 0 1 0
1 537 2 1 0 0 0 0 0 0 1 0 3 0 3 0 0 0 1 0 2 0 0 1 0 0 2 0 2 0 3 0 2 0 2 0 2 0 0 0 0 0 1 0 0 0 0 0 1 0 1 0 0 0 0 0 0 0 3 0 0 0 3 0 0 0 0 0 0 0 0 1 0 0 1 0 0 0 2 1 0 0 1 0 2 0 0 0 0 0 2 1 0 0 0 0 0 0 1 0 1 0 1 0 1 0 1 0 2 0 3 0 1 0 3 0 0 0 2 0 0 0 3 0 0 0 2 0 1 0 2 0 3 0 0 0 1 0 2 1 0 1 0 0 2 0 3 0 1 0 2 1 0 0 3 0 2 1 0 0 0 0 1 0 1 0 0 0 2 1 0 0 0 0 2 0 2 0 3 0 1 0 0 0 0 1 0 1 0 1 0 0 1 1 0 0 2 0 2 0 0 0 1 0 0 0 2 0 1 0 0 0 2 0 0 0 2 0 1 0 1 0 0 0 2 0 0 0 2 1 0 1 0 0 2 0 0 1 0 0 1 0 1 1 0 0 1 0 2 0 1 0 0 0 2 1 0 1 0 0 2 1 0 0 3 0 0 1 0 0 0 0 1 0 2 1 0 1 0 0 0 0 3 0 1 1 0 0 2 1 0 0 1 1 0 0 3 0 3 0 0 0 0 0 3 0 0 0 3 0 1 0 3 0 2 0 2 0 1 1 0 0 3 0 1 0 0 0 2 0 1 0 2 0 0 0 3 0 0 0 2 0 1 0 2 0 0 0 2 0 1 0 0 0 2 0 1 0 3 0 2 1 0 0 0 0 2 0 1 0 0 0 1 1 0 0 2 0 2 0 3 0 2 0 2 0 2 0 3 0 0 0 3 0 0 0 1 0 0 1 0 1 0 0 3 0 3 0 0 0 0 0 3 0 3 0 1 0 0 0 1 0 3 0 3 0 1 1 0 0 0 0 1 0 3 0 0 0 1 0 1 0 0 1 0 0 1 0 1 0 3 0 1 0 0 0 2 0 1 0 0 0 2 0 1 0 1 0 2 0 2 0 0 0 0 1 0 0 2 0 3 0 3 0 0 1 0 0 2 0 3 0 1 1 0 0 2 0 3 0 1 0 3 0 1 0 1 0 0 0 0 0 2 0 2 0 2 0 0 1 0 0 0 0 3 0 3 0 2 0 1 1 0 0 0 0 2 0 2
0 539 1 0 0 1 0 0 0 0 0 0 3 0 2 0 2 0 1 0 2 1 0 0 2 1 0 0 0 0 1 0 3 0 1 0 1 0 0 0 1 0 0 0 2 0 0 0 0 0 2 0 2 0 0 0 0 0 1 0 1 0 2 0 1 0 1 0 0 0 0 0 1 0 3 0 1 0 1 0 0 1 0 0 2 1 0 0 1 0 1 0 0 1 0 0 0 0 0 0 2 0 2 0 2 0 2 0 3 0 0 0 2 1 0 0 2 0 1 1 0 0 2 0 1 0 1 1 0 1 0 0 1 0 2 0 1 0 3 0 1 0 0 1 0 0 0 0 2 1 0 0 2 0 0 0 2 0 1 1 0 0 0 0 2 0 2 0 1 0 0 1 0 0 1 0 0 0 1 0 2 0 3 0 0 0 1 1 0 1 0 0 3 0 2 1 0 0 0 0 0 0 1 0 2 0 0 1 0 0 3 0 0 1 0 0 1 1 0 0 3 0 2 0 0 1 0 0 2 0 1 0 0 0 3 0 3 0 1 0 3 0 1 0 3 0 3 0 1 1 0 0 3 0 1 0 1 0 0 1 0 0 1 0 0 0 1 0 2 0 2 1 0 0 3 0 1 0 0 0 3 0 0 0 2 0 0 0 0 0 0 1 0 1 0 0 0 0 2 0 2 0 1 0 1 0 1 0 2 0 1 1 0 0 3 0 1 0 1 0 0 0 0 0 1 0 3 0 0 1 0 1 0 0 0 0 2 0 1 0 1 1 0 1 0 0 0 0 1 1 0 0 3 0 0 1 0 1 0 0 3 0 1 1 0 0 0 1 0 0 3 0 0 1 0 0 0 0 0 0 1 0 3 0 1 0 1 0 1 0 2 0 2 0 1 0 1 0 2 0 1 1 0 1 0 0 2 0 2 0 1 0 1 0 2 0 2 0 3 0 0 0 3 0 2 0 2 1 0 1 0 0 0 0 3 0 1 0 1 0 2 0 2 0 1 0 3 0 1 0 3 0 1 0 3 0 0 1 0 0 3 0 0 1 0 0 3 0 3 0 0 0 0 0 1 0 1 1 0 0 0 0 3 0 2 0 2 1 0 0 0 0 3 0 0 0 0 0 0 0 2 1 0 0 2 0 3 0 2 0 0 0 1 0 0 0 1 0 0 0 2 0 3 0 0 0 2 0 3 0 0 1 0 1 0 0 1 0 0 0 1
1 539 2 0 1 0 2 1 0 0 1 0 2 0 1 0 0 1 0 0 2 0 0 0 0 1 0 0 0 0 3 0 1 0 3 0 2 0 0 0 2 0 0 1 0 0 1 0 1 0 0 0 0 0 1 0 0 0 2 0 2 1 0 0 3 0 2 0 0 0 0 0 3 0 1 0 3 0 2 0 1 1 0 0 0 1 0 0 2 0 2 0 1 0 2 1 0 0 1 0 0 0 1 0 1 0 1 0 2 0 2 0 0 1 0 1 0 1 0 1 0 1 0 1 0 0 0 0 0 0 3 0 1 1 0 1 0 0 2 0 3 0 1 0 3 0 0 0 0 1 0 1 0 0 1 1 0 1 0 1 0 0 1 0 0 0 0 0 3 0 1 0 3 0 1 0 0 0 3 0 0 0 2 0 1 1 0 0 0 1 0 0 2 0 1 1 0 0 0 0 0 0 2 1 0 0 2 1 0 0 1 0 2 0 3 0 2 1 0 0 2 0 0 0 2 0 3 0 3 0 2 0 1 0 2 0 2 1 0 0 2 1 0 0 3 0 3 0 0 0 0 0 1 0 3 0 2 0 1 0 3 0 1 0 0 0 3 0 0 0 2 0 0 0 1 0 3 0 1 0 1 0 1 1 0 0 1 0 0 0 1 1 0 0 3 0 0 0 0 0 0 0 3 0 2 0 3 0 0 0 0 0 0 0 1 0 3 0 2 0 0 0 0 0 3 0 1 0 2 1 0 0 2 1 0 1 0 1 0 0 0 0 0 0 2 1 0 1 0 0 0 0 1 0 2 1 0 1 0 0 1 1 0 1 0 0 1 1 0 0 1 0 2 0 2 1 0 0 0 0 3 0 1 0 3 0 2 0 3 0 0 0 0 0 3 0 3 0 0 0 0 0 0 1 0 0 0 0 0 0 3 0 3 0 0 0 1 0 2 0 2 0 2 0 1 0 2 0 0 0 3 0 0 0 1 0 3 0 3 0 0 0 0 1 0 0 2 1 0 0 2 1 0 0 2 0 2 1 0 0 1 0 2 1 0 0 2 0 2 0 1 0 0 0 2 0 3 0 3 0 0 0 2 0 1 0 1 1 0 0 1 0 1 0 1 0 0 0 1 0 1 0 0 0 0 0 3 0 0 0 1 0 2 0 0 0 2 0 1 0 0 0 2 0 2 0 0 0 2 0 2 1 0 0 3 0 1 0 0 0 2
0 540 1 0 1 0 0 1 1 0 0 2 1 0 0 3 0 1 0 3 0 3 0 0 0 1 0 3 0 0 0 1 1 0 0 3 0 0 0 1 1 0 0 2 0 3 0 1 0 2 0 0 0 0 0 2 0 1 0 0 0 2 0 0 0 2 0 0 0 1 0 1 0 1 1 0 0 3 0 0 1 0 1 0 0 1 1 0 0 0 0 0 1 0 0 1 1 0 0 2 0 0 0 2 0 2 0 3 0 0 0 0 0 2 1 0 1 0 1 0 1 0 1 0 0 2 1 0 0 1 0 2 0 0 0 0 1 0 0 0 0 2 1 0 0 2 0 1 0 1 1 0 0 3 0 2 1 0 1 0 0 3 0 1 0 0 0 1 0 1 1 0 0 2 0 3 0 1 0 1 0 1 1 0 1 0 1 0 0 1 0 3 0 3 0 3 0 2 1 0 0 1 0 1 0 0 0 0 1 0 0 3 0 0 0 3 0 1 1 0 1 0 0 2 0 0 0 3 0 3 0 0 1 0 0 1 0 2 0 0 0 1 0 0 0 2 0 2 0 1 0 0 0 3 0 2 0 0 1 0 0 2 0 3 0 1 0 1 0 1 1 0 0 1 0 3 0 1 0 3 0 2 0 3 0 3 0 1 0 0 1 0 0 0 0 1 0 1 0 0 0 1 0 2 0 1 0 2 0 1 0 0 0 0 0 3 0 2 0 0 0 1 0 1 0 1 1 0 0 2 0 0 0 1 0 0 1 0 0 2 1 0 0 1 0 1 0 0 0 2 1 0 0 3 0 1 0 0 0 3 0 2 1 0 0 3 0 2 0 3 0 2 0 0 0 1 1 0 0 1 0 1 1 0 0 3 0 1 0 2 0 1 0 1 0 2 0 2 0 1 0 0 0 1 0 2 1 0 0 1 0 2 0 2 0 1 0 3 0 0 0 1 0 0 1 0 0 0 0 2 0 1 0 1 0 3 0 2 0 2 0 1 0 1 1 0 0 1 0 0 0 1 0 0 0 0 0 1 1 0 0 3 0 1 0 0 0 0 0 0 0 3 0 1 0 0 0 3 0 2 0 1 1 0 0 3 0 3 0 3 0 1 0 2 0 2 0 0 0 2 0 2 0 0 0 1 0 1 0 1 0 2 1 0 0 1 1 0 0 3 0 1 0 0 0 0 0 2 0 0 0 2 0 0 0 1 0 3 0 1 0 0
0 541 1 1 0 0 3 0 2 1 0 0 1 0 0 0 1 1 0 0 3 0 2 0 1 0 3 0 1 0 1 1 0 0 0 0 1 0 1 1 0 0 0 0 0 0 2 1 0 0 0 0 1 0 0 1 0 0 3 0 0 1 0 0 1 1 0 0 1 0 2 0 2 1 0 0 0 0 1 0 2 1 0 0 3 0 2 0 2 1 0 0 1 0 3 0 2 0 3 0 3 0 1 0 0 0 1 0 2 0 1 0 1 0 1 0 0 1 0 1 0 1 0 1 0 0 0 1 0 0 2 1 0 0 1 0 1 0 3 0 0 0 0 1 0 1 0 1 0 0 0 0 0 0 2 0 2 0 0 1 0 0 1 0 3 0 0 0 2 1 0 0 0 0 0 0 2 0 3 0 2 1 0 0 0 1 0 0 3 0 2 0 2 0 3 0 3 0 1 1 0 0 2 0 2 0 0 0 1 1 0 0 1 0 2 0 2 0 0 0 0 0 3 0 3 0 1 0 2 0 2 0 2 0 3 0 1 1 0 0 1 0 2 0 1 0 0 0 0 0 3 0 1 0 2 0 0 0 2 1 0 0 0 0 2 0 3 0 2 0 3 0 3 0 2 0 1 1 0 0 3 0 1 0 3 0 2 0 3 0 1 0 2 1 0 0 2 0 2 0 0 0 2 1 0 1 0 0 0 0 3 0 0 0 1 0 2 0 0 0 1 0 2 0 2 0 3 0 3 0 3 0 0 0 2 0 1 1 0 0 0 1 0 0 2 0 2 0 1 0 1 0 0 0 1 0 3 0 1 0 2 0 2 0 0 0 2 0 1 0 3 0 0 0 1 0 3 0 3 0 1 1 0 0 0 0 1 1 0 0 0 0 3 0 3 0 0 0 0 0 3 0 0 0 3 0 0 1 0 0 3 0 0 0 0 1 0 0 2 0 1 0 2 0 1 0 2 1 0 1 0 0 3 0 3 0 2 0 1 0 0 0 3 0 3 0 3 0 1 0 0 0 2 0 0 0 0 1 0 0 0 0 1 0 3 0 0 0 0 0 1 0 1 0 3 0 1 0 2 0 1 0 0 0 0 0 2 0 3 0 2 1 0 0 1 0 0 0 2 0 0 0 0 0 1 0 2 0 2 0 3 0 0 1 0 1 0 0 0 0 1 0 3 0 0 0 0 1 0 0 1 1 0 0 1 0 3 0 1 0 3 0 0
0 542 1 0 0 0 0 2 0 1 1 0 0 2 0 0 1 0 0 0 0 2 0 0 1 0 0 2 0 3 0 3 0 2 1 0 0 2 0 3 0 2 1 0 0 1 0 0 1 0 0 0 0 2 0 1 1 0 0 1 0 2 0 3 0 2 0 3 0 2 0 0 0 1 1 0 0 0 0 3 0 1 0 0 0 2 0 1 0 1 1 0 0 3 0 2 0 1 0 3 0 2 0 3 0 0 0 2 1 0 0 3 0 2 0 2 0 1 1 0 1 0 1 0 0 3 0 0 1 0 0 0 1 0 0 2 0 3 0 1 0 1 0 1 1 0 1 0 0 2 1 0 0 1 0 0 0 0 0 2 0 3 0 2 0 1 0 2 0 0 1 0 0 0 0 1 0 0 0 3 0 1 1 0 0 1 1 0 0 2 0 1 0 1 0 3 0 3 0 0 0 0 0 0 0 0 0 1 0 3 0 3 0 2 0 0 0 0 0 1 0 1 0 2 0 2 1 0 0 1 0 1 0 1 0 2 1 0 1 0 0 2 1 0 0 3 0 0 0 1 0 1 1 0 0 0 0 2 0 0 1 0 0 1 0 0 0 3 0 1 0 3 0 3 0 1 0 0 0 0 0 1 1 0 0 3 0 1 0 2 1 0 0 2 0 0 0 0 0 0 0 2 0 1 0 0 0 3 0 0 0 1 0 1 0 2 1 0 0 1 0 3 0 0 0 1 0 3 0 3 0 2 0 1 1 0 1 0 1 0 0 1 1 0 0 0 0 0 0 3 0 2 0 0 0 3 0 1 1 0 0 1 0 0 0 1 1 0 1 0 0 2 0 1 0 3 0 2 0 2 1 0 1 0 0 0 0 3 0 3 0 0 0 2 0 2 0 1 0 1 0 1 0 2 0 1 0 2 1 0 0 1 0 1 0 1 0 3 0 3 0 2 1 0 1 0 0 2 0 0 1 0 0 2 0 3 0 0 0 3 0 1 0 2 0 3 0 2 0 3 0 0 1 0 0 1 0 1 0 2 1 0 0 3 0 1 0 1 0 0 0 2 0 3 0 1 1 0 0 0 0 3 0 0 0 1 0 0 0 3 0 1 1 0 0 2 0 0 1 0 0 1 0 0 0 3 0 0 0 1 0 2 0 2 1 0 0 2 1 0 0 3 0 1 0 1 0 1 0 3 0 2 0 3 0 2 0 1 1 0 0 2 0 1
1 543 1 0 2 1 0 1 0 1 0 1 0 1 0 0 2 0 2 1 0 1 0 0 2 1 0 0 0 0 3 0 3 0 2 0 0 0 0 0 3 0 1 1 0 0 2 0 1 0 2 1 0 1 0 1 0 1 0 0 3 0 0 0 3 0 1 0 3 0 0 0 1 0 3 0 3 0 0 0 1 0 3 0 0 1 0 1 0 0 0 0 0 0 2 0 0 1 0 0 3 0 1 0 2 0 2 0 1 0 0 0 2 0 1 0 1 0 0 0 0 1 0 1 0 0 1 0 2 0 3 0 0 1 0 0 0 0 2 0 3 0 2 1 0 0 0 1 0 0 0 1 0 0 2 0 0 0 1 0 0 0 3 0 0 1 0 0 0 0 2 0 2 1 0 0 2 0 1 0 1 1 0 1 0 0 3 0 3 0 3 0 2 0 3 0 2 0 2 0 1 0 0 0 0 0 0 0 3 0 2 0 3 0 0 0 1 0 0 0 2 0 3 0 0 0 1 1 0 0 2 0 2 0 3 0 1 0 0 1 0 0 1 0 0 0 1 0 1 0 2 0 3 0 2 1 0 1 0 0 2 0 3 0 1 0 1 0 1 1 0 0 3 0 2 0 3 0 0 0 0 1 0 0 0 0 1 1 0 0 1 1 0 1 0 0 1 0 0 0 0 1 0 0 3 0 1 0 1 0 1 0 2 0 3 0 0 1 0 0 3 0 1 0 1 0 3 0 2 0 3 0 1 0 0 0 0 1 0 0 3 0 2 0 2 1 0 0 1 0 2 0 0 0 2 0 1 1 0 1 0 0 2 0 0 1 0 0 0 0 3 0 3 0 3 0 2 0 1 0 2 0 0 0 3 0 0 0 2 0 2 0 2 0 0 0 0 0 3 0 2 0 2 1 0 1 0 0 1 1 0 0 2 0 2 0 3 0 2 0 3 0 2 0 0 0 3 0 3 0 1 1 0 0 0 0 2 0 2 0 1 1 0 0 1 0 3 0 1 0 2 0 2 0 3 0 1 0 3 0 1 0 0 0 1 0 3 0 2 0 1 0 0 0 2 1 0 1 0 0 1 0 1 0 1 0 2 0 1 0 1 1 0 1 0 1 0 0 2 0 3 0 1 0 1 0 1 0 1 0 3 0 0 0 2 0 0 0 1 0 0 0 1 0 3 0 2 0 3 0 2 0 1 0 3 0 0 1 0 1 0 1 0 1 0
0 543 3 0 1 0 0 1 0 1 0 1 0 1 0 0 0 0 2 0 0 1 0 0 0 1 0 0 1 0 2 0 3 0 0 0 1 0 1 0 1 1 0 1 0 1 0 1 0 0 2 0 0 1 0 1 0 1 0 0 1 0 2 0 1 1 0 0 2 0 1 0 3 0 2 0 2 0 1 0 3 0 1 0 2 1 0 0 2 1 0 0 0 1 0 0 2 1 0 0 1 1 0 0 1 0 0 0 3 0 0 1 0 0 3 0 2 0 0 0 1 1 0 0 3 0 2 0 0 0 2 0 2 0 3 0 0 0 0 0 3 0 1 1 0 0 1 0 3 0 0 0 3 0 3 0 0 0 2 0 1 0 1 0 2 0 3 0 0 0 0 0 1 1 0 1 0 1 0 0 0 0 0 1 0 0 2 0 3 0 3 0 1 0 3 0 1 0 0 0 3 0 0 0 0 0 1 0 2 0 1 0 2 0 1 0 2 0 1 0 0 0 2 0 1 1 0 0 0 0 0 0 1 0 2 0 3 0 1 0 3 0 1 0 0 0 2 0 3 0 0 0 3 0 2 0 0 1 0 0 0 0 2 0 3 0 2 1 0 0 0 0 2 0 1 0 2 0 1 0 1 0 2 1 0 0 3 0 3 0 2 1 0 0 3 0 1 0 0 0 1 1 0 0 1 0 3 0 2 0 3 0 0 0 2 0 2 1 0 0 1 0 3 0 3 0 2 0 1 0 2 0 3 0 0 0 1 1 0 0 2 0 1 0 1 1 0 0 2 1 0 0 2 0 0 0 0 0 0 0 3 0 3 0 1 0 3 0 0 0 2 0 3 0 3 0 0 1 0 0 0 0 2 0 1 0 2 0 0 0 1 0 0 0 1 0 1 0 2 0 1 0 2 0 0 0 3 0 2 1 0 0 0 0 1 0 3 0 1 0 3 0 0 0 2 0 2 0 2 1 0 1 0 0 1 0 0 0 0 1 0 1 0 0 3 0 1 1 0 0 1 0 1 0 2 1 0 0 2 0 3 0 0 0 3 0 2 0 0 0 3 0 1 0 1 0 0 0 3 0 1 0 2 0 2 1 0 1 0 0 0 0 0 1 0 1 0 0 0 0 2 0 3 0 2 0 2 0 3 0 1 0 1 1 0 0 1 0 2 0 0 0 3 0 2 0 1 0 3 0 0 1 0 0 2 0 2 1 0 1 0 1 0 0 2
1 545 1 0 1 0 3 0 1 1 0 1 0 1 0 0 2 1 0 1 0 0 2 0 3 0 0 0 3 0 2 0 0 0 2 0 1 0 2 0 2 1 0 0 0 1 0 1 0 0 3 0 3 0 1 1 0 1 0 0 3 0 1 1 0 1 0 1 0 1 0 1 0 0 3 0 1 0 0 1 0 0 2 1 0 0 2 0 0 0 0 1 0 0 1 1 0 0 0 1 0 0 3 0 3 0 1 0 1 0 1 0 2 1 0 0 2 0 0 0 1 1 0 0 0 0 2 0 0 0 2 0 0 0 1 0 2 0 1 0 1 0 1 1 0 1 0 0 3 0 1 0 2 0 2 0 2 0 1 1 0 0 3 0 3 0 0 0 2 0 1 0 0 1 0 0 0 1 0 0 2 1 0 0 1 1 0 0 0 0 3 0 2 1 0 0 2 0 3 0 1 0 1 0 1 0 0 0 2 1 0 1 0 0 0 1 0 0 0 0 3 0 0 1 0 1 0 1 0 0 0 0 0 0 3 0 0 0 2 1 0 0 2 0 3 0 1 0 0 0 2 0 2 0 2 0 0 0 2 0 3 0 0 0 0 0 3 0 1 1 0 0 0 1 0 1 0 0 0 0 3 0 3 0 1 0 0 0 2 0 3 0 2 0 0 0 1 0 3 0 0 0 3 0 3 0 2 0 2 0 1 0 2 0 2 0 0 0 1 1 0 0 3 0 2 0 3 0 0 1 0 0 1 0 2 0 1 0 3 0 3 0 3 0 2 1 0 0 0 0 0 1 0 1 0 0 1 0 0 0 1 0 2 0 2 1 0 0 2 0 2 0 0 0 3 0 2 0 2 0 2 1 0 1 0 1 0 0 0 0 1 0 2 0 0 0 2 0 2 1 0 1 0 0 0 0 2 0 2 0 1 1 0 0 0 0 3 0 1 1 0 0 2 0 2 0 0 0 1 0 2 0 0 0 3 0 1 0 0 0 1 1 0 1 0 0 1 1 0 1 0 0 2 0 3 0 1 0 0 0 0 0 2 0 2 0 2 0 0 0 2 0 1 0 3 0 2 0 1 0 1 1 0 0 1 0 2 0 0 0 2 1 0 0 1 1 0 0 3 0 0 0 0 0 3 0 1 0 1 0 2 0 3 0 3 0 3 0 1 1 0 0 2 0 2 0 0 1 0 0 2 0 2 1 0 0 0 0 2 0 0 1 0 1 0 0 0
1 545 2 0 3 0 2 0 0 0 0 1 0 1 0 0 1 0 0 1 0 0 0 0 2 0 2 0 2 0 0 0 1 1 0 1 0 0 1 0 1 1 0 0 1 1 0 1 0 0 2 0 3 0 0 0 0 1 0 0 2 0 0 0 0 1 0 1 0 1 0 1 0 0 1 0 3 0 1 1 0 0 0 1 0 1 0 0 1 0 1 0 3 0 2 0 3 0 0 1 0 0 2 0 2 0 3 0 2 0 3 0 0 1 0 1 0 0 1 0 3 0 2 1 0 1 0 0 1 1 0 0 1 0 2 1 0 0 3 0 2 1 0 0 0 1 0 0 1 1 0 0 1 0 1 0 1 0 0 0 0 0 2 0 2 0 1 1 0 0 3 0 1 0 3 0 0 1 0 0 0 1 0 0 3 0 3 0 0 0 2 0 2 0 0 0 0 0 2 0 3 0 2 0 2 0 1 0 1 0 0 0 3 0 0 0 3 0 0 0 1 0 2 1 0 1 0 0 2 1 0 0 1 0 1 0 2 0 1 0 0 0 0 0 2 0 3 0 1 0 0 0 1 0 0 0 2 0 0 0 2 0 1 0 1 0 1 1 0 1 0 0 1 1 0 0 3 0 0 0 2 0 2 0 3 0 1 0 0 0 3 0 0 0 1 0 3 0 1 0 2 0 2 0 3 0 1 0 0 1 0 0 1 0 0 0 1 1 0 0 0 0 2 0 1 0 2 0 2 0 3 0 1 1 0 1 0 0 3 0 3 0 3 0 1 1 0 0 0 0 1 1 0 0 3 0 1 0 0 0 3 0 0 0 2 0 0 0 0 0 0 0 2 0 2 0 1 0 1 0 2 0 0 1 0 0 2 1 0 0 2 1 0 0 2 0 0 0 2 0 0 0 3 0 0 0 0 0 0 1 0 1 0 0 1 0 2 0 0 0 0 0 0 0 0 0 1 0 2 1 0 0 2 0 1 0 3 0 0 1 0 0 0 0 3 0 2 1 0 1 0 0 0 0 2 0 3 0 0 0 1 0 0 0 1 0 0 0 1 1 0 1 0 0 3 0 0 0 3 0 3 0 3 0 1 1 0 0 2 0 0 1 0 1 0 0 0 0 1 0 1 0 1 0 1 0 3 0 3 0 0 0 3 0 3 0 3 0 0 0 0 0 0 0 0 0 2 1 0 0 0 0 1 1 0 0 0 1 0 0 2 1 0 0 2 1 0
1 547 1 0 0 0 3 0 0 0 1 0 1 1 0 0 3 0 1 0 1 0 3 0 0 0 0 0 1 0 0 0 1 1 0 0 0 0 3 0 1 0 3 0 3 0 2 1 0 1 0 0 0 0 2 0 1 0 1 0 3 0 3 0 0 0 1 1 0 1 0 1 0 0 3 0 2 0 1 1 0 1 0 0 1 1 0 0 3 0 1 0 3 0 2 0 1 0 2 0 2 1 0 0 0 0 1 0 3 0 1 0 2 0 2 1 0 0 3 0 2 0 2 0 2 0 0 0 3 0 2 0 3 0 2 0 1 0 0 0 2 0 1 1 0 0 1 0 3 0 2 0 3 0 1 0 2 0 2 0 0 0 1 0 0 0 1 0 0 0 0 0 1 1 0 0 2 0 2 0 3 0 0 1 0 0 2 0 2 0 2 0 0 0 0 0 1 0 1 0 0 0 3 0 1 0 0 0 3 0 2 0 1 0 1 0 2 0 1 0 1 0 3 0 1 0 0 1 0 0 0 1 0 0 2 0 2 1 0 0 3 0 0 0 1 0 0 0 2 0 3 0 0 0 2 0 0 1 0 0 1 1 0 0 3 0 2 1 0 0 0 0 3 0 2 1 0 0 1 0 2 0 0 0 1 0 2 0 3 0 1 0 1 0 1 0 3 0 1 1 0 0 1 0 1 0 2 0 3 0 1 0 3 0 1 0 0 0 3 0 2 1 0 1 0 1 0 0 1 0 1 0 3 0 0 0 0 1 0 0 2 0 3 0 2 1 0 1 0 0 0 1 0 0 0 0 1 0 3 0 1 0 1 0 1 1 0 0 1 0 0 0 1 0 0 0 0 0 3 0 2 1 0 0 2 1 0 0 1 0 0 0 0 1 0 1 0 0 1 1 0 0 2 0 1 0 1 0 0 0 1 1 0 0 3 0 1 1 0 0 1 0 0 0 0 0 0 0 3 0 0 1 0 1 0 1 0 0 2 0 2 0 3 0 0 0 2 0 2 0 0 0 3 0 0 0 0 0 2 0 1 0 2 0 0 0 2 0 0 1 0 0 0 1 0 0 1 0 2 0 2 0 3 0 2 1 0 1 0 1 0 0 2 1 0 0 2 1 0 0 2 0 2 0 2 0 3 0 2 0 2 0 2 0 2 0 3 0 2 0 1 0 0 0 0 0 1 0 0 1 0 0 0 0 3 0 3 0 0 1 0 0 1 0 0 0 0 1 0
1 547 2 0 1 0 1 0 1 0 2 1 0 0 0 0 1 0 3 0 3 0 1 0 1 0 0 0 2 0 0 0 3 0 3 0 0 0 1 1 0 0 3 0 3 0 2 0 0 0 2 1 0 1 0 0 3 0 3 0 2 0 2 0 1 1 0 0 0 1 0 1 0 0 2 0 1 0 0 0 0 0 3 0 2 1 0 0 1 1 0 0 3 0 0 1 0 0 1 0 1 1 0 0 0 0 3 0 1 1 0 0 1 0 2 0 0 0 2 0 1 0 1 0 0 0 2 0 2 0 1 0 3 0 0 0 3 0 0 1 0 1 0 1 0 0 3 0 2 0 1 0 2 1 0 0 1 0 0 0 1 0 2 0 0 0 2 0 0 0 0 1 0 0 0 0 0 0 1 0 2 0 2 1 0 0 0 0 1 0 0 0 1 0 0 0 2 0 2 0 1 0 1 0 3 0 1 0 2 0 0 0 3 0 2 1 0 0 3 0 3 0 1 0 3 0 1 0 3 0 0 1 0 0 0 0 2 0 0 0 1 0 1 0 2 0 1 0 0 0 2 0 1 1 0 0 2 0 3 0 2 1 0 0 2 0 1 1 0 0 1 0 2 0 1 1 0 0 2 1 0 0 1 0 3 0 0 0 2 0 3 0 2 0 3 0 1 1 0 1 0 0 2 0 3 0 0 0 2 1 0 0 2 0 3 0 1 0 2 0 2 0 0 1 0 0 3 0 1 0 3 0 1 0 1 0 1 1 0 0 0 0 3 0 2 0 0 0 3 0 0 0 2 1 0 0 3 0 1 0 3 0 2 0 3 0 3 0 1 0 0 0 2 0 0 0 1 0 2 0 2 0 0 0 0 1 0 0 2 0 0 0 1 1 0 0 3 0 2 0 3 0 3 0 2 0 2 0 0 1 0 0 0 0 1 1 0 1 0 0 2 0 0 0 0 0 1 0 1 0 2 1 0 1 0 1 0 0 0 0 1 0 2 0 2 0 0 0 0 0 2 0 1 0 1 0 0 1 0 1 0 0 0 0 1 1 0 0 2 0 3 0 0 0 3 0 2 0 0 0 1 0 3 0 2 0 0 1 0 1 0 0 1 0 0 0 1 0 0 0 0 0 1 0 1 0 3 0 1 0 1 0 1 0 1 0 3 0 0 0 3 0 0 0 0 0 2 0 1 0 3 0 0 0 2 0 2 0 2 0 3 0 1 0 0 0 1 0 2
0 548 1 0 0 3 0 2 0 3 0 0 1 0 0 0 0 3 0 2 0 2 0 3 0 2 0 0 1 0 0 2 0 2 0 2 0 1 1 0 0 0 0 2 0 3 0 0 0 2 0 1 0 0 1 0 0 2 0 3 0 1 0 0 1 0 1 0 0 1 1 0 0 3 0 3 0 2 0 0 0 1 0 2 0 1 1 0 1 0 0 0 0 1 0 2 0 3 0 1 0 3 0 3 0 0 0 1 1 0 1 0 0 2 1 0 0 1 1 0 0 3 0 2 0 1 0 0 0 0 1 0 0 2 0 2 0 1 0 2 1 0 1 0 1 0 0 2 0 0 1 0 0 1 1 0 0 2 0 0 0 2 1 0 0 1 1 0 0 1 0 1 0 2 1 0 0 0 0 3 0 0 0 1 1 0 0 0 0 2 0 0 0 2 0 1 0 0 0 0 0 3 0 3 0 1 1 0 0 0 0 2 0 2 0 2 0 0 0 2 0 2 1 0 0 2 1 0 0 2 0 2 0 2 1 0 1 0 0 1 0 2 0 2 1 0 0 3 0 1 0 0 0 0 0 0 0 0 0 3 0 1 1 0 1 0 1 0 1 0 0 3 0 0 0 0 0 0 0 0 1 0 0 3 0 1 0 2 0 0 0 3 0 1 0 3 0 0 0 0 1 0 0 0 0 2 0 2 0 1 0 0 0 0 0 2 1 0 0 1 0 0 0 2 1 0 0 1 1 0 0 2 0 3 0 2 0 3 0 3 0 0 0 2 0 0 0 2 0 1 0 2 0 1 0 0 0 1 1 0 0 3 0 1 0 3 0 2 0 3 0 0 1 0 0 1 0 3 0 0 0 0 0 1 0 1 0 3 0 3 0 0 1 0 0 0 0 2 0 1 0 3 0 3 0 1 0 0 0 2 0 2 1 0 1 0 0 0 0 3 0 3 0 0 0 0 0 2 0 3 0 1 0 0 1 0 0 2 1 0 0 3 0 0 0 0 0 1 0 0 1 0 0 3 0 2 0 1 1 0 0 2 1 0 1 0 0 0 0 0 0 2 0 2 0 2 0 0 0 1 0 3 0 2 0 0 0 2 1 0 0 3 0 1 0 0 0 2 0 0 0 0 0 2 0 3 0 1 0 3 0 2 0 2 0 3 0 1 0 2 0 1 0 1 0 0 1 0 1 0 0 2 0 2 0 0 0 1 0 1 0 2 0 3 0 0 0 3 0 0
0 549 1 1 0 0 2 0 1 0 2 0 2 0 3 0 0 0 2 0 1 0 1 0 3 0 0 0 2 1 0 0 0 0 1 0 0 1 0 1 0 0 1 0 0 0 2 0 1 1 0 0 3 0 1 1 0 0 0 0 2 0 3 0 1 1 0 0 3 0 2 1 0 0 2 0 3 0 0 0 1 0 3 0 0 0 0 0 0 0 2 1 0 0 3 0 0 0 2 1 0 0 3 0 2 0 1 1 0 0 0 1 0 0 0 1 0 1 0 0 0 0 2 0 0 0 3 0 0 0 1 1 0 0 0 0 0 1 0 0 2 0 0 1 0 0 3 0 3 0 1 0 3 0 2 0 3 0 3 0 1 0 0 1 0 0 3 0 3 0 1 0 3 0 0 1 0 0 1 0 1 0 1 0 3 0 2 1 0 1 0 0 1 1 0 0 3 0 0 0 1 0 2 0 2 1 0 1 0 0 1 0 0 0 1 0 0 0 2 0 0 0 2 0 0 0 1 0 0 0 0 0 1 0 2 0 0 0 3 0 2 0 0 0 2 0 0 0 1 0 3 0 0 0 0 0 0 0 1 0 2 0 0 0 0 1 0 1 0 1 0 0 1 0 1 0 0 0 0 0 1 1 0 0 1 1 0 0 0 0 2 0 1 1 0 0 2 0 1 0 1 0 3 0 0 0 0 0 0 0 3 0 0 0 1 0 0 1 0 0 2 0 1 0 0 1 0 1 0 0 0 0 0 0 3 0 1 0 3 0 2 0 1 1 0 0 1 1 0 1 0 0 0 0 3 0 0 1 0 0 0 0 1 1 0 0 3 0 1 0 2 0 2 0 3 0 2 0 1 0 1 0 0 0 2 0 3 0 2 0 2 0 2 0 2 1 0 1 0 1 0 0 3 0 2 0 3 0 1 0 0 0 2 0 0 0 3 0 0 0 2 0 2 0 1 0 1 0 0 0 2 0 3 0 1 1 0 0 1 0 0 0 1 0 1 0 0 0 2 0 1 1 0 0 2 0 1 0 0 0 0 0 1 0 0 0 2 1 0 0 1 0 0 0 1 0 0 0 1 0 3 0 2 0 0 0 2 0 1 0 0 0 1 0 3 0 0 1 0 0 1 0 1 0 0 0 2 1 0 0 3 0 1 0 1 0 2 1 0 0 0 0 3 0 2 0 1 1 0 1 0 0 0 0 0 0 1 0 2 0 3 0 0 0 2 0 2 0 1 0 1
1 549 3 0 3 0 3 0 3 0 0 0 1 0 2 0 1 1 0 0 3 0 3 0 1 0 2 0 0 1 0 0 0 0 2 0 1 1 0 0 3 0 1 0 1 0 0 0 0 0 0 0 1 1 0 1 0 0 1 0 0 0 3 0 0 0 0 0 2 0 2 0 0 0 0 0 2 0 1 0 3 0 1 0 1 0 0 0 1 0 1 0 0 0 1 0 2 0 1 0 0 0 2 0 0 1 0 1 0 0 1 0 3 0 0 1 0 0 2 1 0 1 0 0 2 0 1 0 1 0 3 0 2 1 0 0 1 0 3 0 3 0 1 1 0 0 2 0 2 1 0 0 3 0 1 0 3 0 2 0 3 0 1 1 0 0 2 0 2 1 0 0 2 0 2 0 3 0 1 0 2 0 3 0 2 0 2 0 0 0 3 0 2 1 0 0 1 0 1 0 3 0 0 0 2 0 0 0 3 0 1 0 0 0 2 0 0 1 0 0 1 1 0 0 1 0 2 0 0 0 0 0 2 1 0 0 2 0 2 0 0 0 1 1 0 0 1 0 3 0 1 0 1 0 0 0 0 0 2 1 0 0 1 0 1 1 0 1 0 0 3 0 1 0 2 0 0 0 0 0 3 0 3 0 2 0 2 1 0 1 0 1 0 1 0 1 0 0 3 0 3 0 1 0 1 0 0 0 1 0 1 0 1 0 2 0 1 0 3 0 3 0 2 0 1 1 0 0 2 1 0 0 1 0 1 1 0 0 3 0 0 1 0 1 0 1 0 0 0 0 3 0 0 0 1 0 2 0 2 1 0 1 0 0 0 0 1 1 0 0 1 0 1 0 3 0 0 0 3 0 2 0 1 0 0 0 3 0 1 0 1 0 1 0 2 0 0 1 0 1 0 0 2 0 1 0 2 0 3 0 0 1 0 0 2 0 1 0 2 0 0 0 0 0 3 0 2 0 1 0 0 0 2 1 0 1 0 0 2 0 0 0 2 0 2 0 0 1 0 1 0 1 0 1 0 0 3 0 0 0 0 0 2 0 1 0 0 1 0 0 2 0 0 0 2 0 0 0 3 0 2 0 0 0 1 1 0 0 3 0 0 0 3 0 1 0 2 0 3 0 1 0 2 0 1 0 1 0 0 0 1 0 3 0 3 0 0 1 0 0 1 0 2 0 1 0 0 0 0 0 2 1 0 0 0 0 3 0 0 0 2 0 2 0 0 0 0 0 3 0 2
0 551 1 0 2 0 3 0 3 0 2 0 1 0 3 0 0 0 0 0 0 0 2 0 2 1 0 0 0 0 2 0 3 0 0 0 0 0 0 0 0 0 1 0 3 0 2 0 0 0 0 0 0 1 0 0 0 0 3 0 1 0 1 0 1 0 1 0 1 0 0 0 0 0 1 0 0 1 0 1 0 0 2 0 3 0 2 0 0 0 2 0 2 0 0 0 2 1 0 0 3 0 0 1 0 0 2 1 0 0 3 0 2 0 1 0 2 1 0 0 1 0 0 0 3 0 3 0 2 0 3 0 2 0 1 1 0 0 3 0 2 0 3 0 0 0 0 0 0 0 2 0 0 0 1 1 0 0 3 0 1 0 3 0 0 0 0 0 0 0 2 0 0 0 0 0 1 0 2 1 0 0 1 0 3 0 1 0 0 0 2 0 2 0 1 1 0 0 2 0 3 0 1 0 1 1 0 0 2 0 1 0 3 0 0 1 0 0 2 0 3 0 2 0 3 0 1 1 0 0 1 0 1 0 1 0 0 0 0 0 0 0 1 0 3 0 3 0 2 0 1 0 3 0 2 0 0 0 1 0 0 1 0 0 2 1 0 0 0 1 0 0 1 1 0 0 0 0 1 0 1 0 2 0 3 0 1 0 2 0 0 1 0 1 0 1 0 1 0 0 2 0 2 0 3 0 2 0 0 0 2 0 2 0 2 1 0 1 0 0 3 0 3 0 1 0 0 0 0 0 0 1 0 0 2 1 0 0 0 0 1 0 2 1 0 1 0 0 3 0 0 0 1 0 1 0 3 0 0 0 2 0 0 0 2 1 0 0 3 0 3 0 1 0 3 0 1 0 2 0 2 0 0 0 3 0 1 0 1 0 3 0 2 0 2 1 0 0 2 1 0 0 3 0 3 0 3 0 0 0 2 0 2 0 3 0 3 0 2 1 0 0 1 0 1 0 2 0 0 0 3 0 1 0 1 0 0 0 3 0 3 0 1 0 0 0 0 0 2 1 0 1 0 1 0 1 0 0 1 0 1 0 0 1 0 0 3 0 1 0 3 0 3 0 0 1 0 0 2 0 2 0 0 0 1 1 0 0 0 0 1 0 2 0 1 1 0 0 1 0 2 1 0 0 0 0 3 0 2 0 0 0 3 0 2 0 2 0 2 0 3 0 1 1 0 0 3 0 0 0 1 0 0 1 0 0 1 0 1 0 2 0 0 0 0 0 1 0 1 0 2 0 1
1 551 3 0 0 0 3 0 3 0 0 1 0 0 2 0 1 0 0 0 1 0 0 0 1 1 0 0 1 0 0 0 2 0 1 0 0 0 0 0 0 0 3 0 2 0 0 0 1 0 0 0 1 0 3 0 0 0 1 0 3 0 2 0 2 0 2 0 2 0 0 0 0 0 2 0 1 1 0 1 0 0 0 0 3 0 0 0 2 0 0 0 0 0 2 0 1 0 0 0 1 0 2 1 0 0 1 0 0 0 2 0 0 1 0 0 1 1 0 0 2 0 1 0 2 0 3 0 1 0 3 0 1 0 0 0 0 0 2 0 1 0 2 0 1 0 0 0 0 1 0 0 1 1 0 0 0 0 1 1 0 0 2 0 1 0 0 0 0 1 0 0 1 0 0 0 3 0 0 1 0 0 3 0 1 0 3 0 1 0 0 0 1 0 0 0 0 0 0 0 2 0 3 0 3 0 3 0 3 0 3 0 1 0 2 1 0 0 0 0 3 0 1 0 2 1 0 1 0 0 2 0 2 0 2 0 0 0 0 0 0 0 3 0 2 0 3 0 0 1 0 0 3 0 0 0 1 0 2 0 1 1 0 0 0 1 0 0 1 0 3 0 2 0 2 1 0 0 2 0 3 0 0 0 2 1 0 0 0 0 2 1 0 1 0 1 0 1 0 0 0 0 1 0 3 0 0 0 2 0 0 0 1 0 2 0 0 1 0 0 2 0 2 0 3 0 0 0 0 0 1 1 0 0 0 1 0 0 0 0 3 0 1 0 0 1 0 0 1 0 1 0 2 0 3 0 1 0 1 1 0 0 2 0 1 0 0 0 2 0 2 1 0 0 2 1 0 0 1 0 0 0 2 0 1 0 3 0 3 0 2 0 1 0 2 0 0 0 1 0 0 0 2 0 3 0 2 0 2 0 0 0 1 0 3 0 3 0 1 1 0 0 2 0 2 1 0 0 2 0 1 0 3 0 2 0 1 0 2 0 2 0 3 0 0 0 1 0 1 0 0 1 0 1 0 0 3 0 1 0 2 0 1 1 0 0 1 1 0 0 3 0 2 0 2 1 0 0 0 0 0 0 1 0 3 0 2 1 0 0 2 1 0 1 0 1 0 0 3 0 0 1 0 0 1 0 2 0 0 0 2 0 2 0 1 0 1 0 1 0 3 0 0 0 0 0 1 0 1 0 2 0 1 0 3 0 1 0 2 1 0 0 1 0 0 0 2 0 2 1 0 1 0
1 553 1 0 1 0 2 0 2 0 2 0 2 0 3 0 3 0 2 0 0 0 2 0 0 0 3 0 3 0 1 0 0 1 0 0 3 0 0 0 0 0 1 0 2 0 0 0 1 0 2 0 0 0 3 0 1 0 1 0 3 0 2 0 1 0 1 0 1 0 0 0 1 0 1 0 0 0 0 0 0 0 3 0 0 0 1 0 1 1 0 0 1 0 0 1 0 0 3 0 0 0 3 0 0 1 0 0 2 0 0 1 0 0 2 0 3 0 2 0 3 0 3 0 3 0 0 0 2 1 0 0 2 0 3 0 0 0 0 1 0 1 0 0 0 0 3 0 0 0 1 0 3 0 2 0 2 1 0 0 3 0 3 0 3 0 2 0 0 0 1 0 3 0 1 0 1 0 1 0 2 1 0 0 1 1 0 0 2 0 3 0 0 0 2 0 0 0 0 0 1 0 0 0 3 0 3 0 3 0 3 0 2 1 0 0 1 1 0 0 1 0 1 1 0 0 2 0 0 1 0 0 0 0 1 0 0 0 1 0 0 0 1 0 2 0 1 0 2 0 2 1 0 0 1 0 1 0 2 1 0 1 0 1 0 0 1 0 3 0 2 0 2 0 1 0 2 0 0 0 0 0 2 0 2 0 0 1 0 0 1 0 1 0 0 1 0 1 0 0 2 1 0 0 3 0 1 0 1 1 0 0 1 0 2 1 0 0 2 1 0 0 0 0 1 0 2 0 1 0 0 0 3 0 3 0 0 0 3 0 0 0 1 0 3 0 1 0 3 0 1 0 3 0 0 0 2 0 3 0 3 0 3 0 3 0 2 0 1 0 0 0 2 0 0 0 0 1 0 0 2 0 0 1 0 1 0 0 3 0 3 0 0 1 0 0 0 0 1 0 2 0 1 0 0 0 3 0 1 0 0 0 1 0 3 0 2 0 3 0 0 0 0 0 0 0 1 1 0 1 0 1 0 0 3 0 0 1 0 0 1 0 1 0 2 0 1 0 2 0 2 0 1 1 0 1 0 0 1 1 0 0 0 1 0 1 0 1 0 0 0 0 2 0 1 0 1 1 0 0 0 0 0 0 3 0 2 0 2 0 0 0 1 0 0 1 0 1 0 0 1 0 2 0 3 0 1 1 0 0 2 0 0 0 0 0 3 0 2 0 3 0 1 0 1 0 0 0 2 0 2 1 0 1 0 0 2 1 0 0 1 1 0 0 2 0 1 0 0 0 2 0 0 0 2
0 553 2 0 3 0 0 0 1 0 1 0 1 0 3 0 3 0 0 0 1 1 0 0 2 0 2 0 2 0 3 0 1 1 0 0 1 0 1 0 0 0 2 1 0 0 1 0 2 1 0 0 2 0 1 0 3 0 3 0 2 0 0 0 3 0 2 0 2 0 0 0 2 0 2 0 0 0 0 0 1 0 1 0 1 0 2 0 3 0 3 0 1 0 1 1 0 0 1 0 2 0 1 0 2 0 3 0 3 0 1 1 0 0 0 0 3 0 1 0 3 0 3 0 2 0 2 0 1 0 0 0 0 0 2 0 1 0 1 1 0 0 3 0 0 0 1 0 1 0 3 0 2 0 1 0 2 0 0 0 2 0 3 0 3 0 0 0 1 0 3 0 1 0 3 0 2 0 3 0 0 1 0 1 0 0 0 0 0 0 2 0 1 1 0 0 1 0 0 0 2 0 1 0 2 0 3 0 3 0 3 0 1 1 0 0 3 0 3 0 1 0 3 0 3 0 3 0 1 0 2 1 0 0 2 0 0 0 2 0 0 0 2 1 0 1 0 0 1 0 1 1 0 0 2 0 3 0 1 0 0 1 0 0 3 0 2 0 2 0 1 0 0 1 0 0 0 0 1 0 1 0 0 0 0 0 2 0 3 0 1 0 2 0 1 1 0 1 0 0 1 0 0 0 1 0 3 0 3 0 3 0 2 0 1 0 0 0 0 1 0 0 0 0 2 1 0 0 3 0 1 0 2 0 2 0 2 0 1 0 1 0 3 0 1 1 0 0 2 1 0 0 2 0 2 0 0 0 3 0 3 0 3 0 3 0 0 0 3 0 0 1 0 0 1 0 1 0 3 0 3 0 1 1 0 1 0 0 2 0 2 0 2 0 2 1 0 0 2 1 0 0 3 0 1 0 1 0 3 0 0 0 3 0 2 0 1 0 2 0 1 0 0 0 0 1 0 0 0 1 0 1 0 0 1 0 2 0 3 0 1 0 2 1 0 1 0 0 1 0 1 0 0 0 0 0 3 0 2 0 3 0 0 1 0 1 0 0 2 1 0 1 0 0 3 0 3 0 2 1 0 0 1 0 2 0 1 0 0 0 1 0 2 0 1 1 0 0 3 0 2 0 0 0 2 1 0 1 0 1 0 0 1 0 1 0 2 0 1 0 2 0 3 0 2 0 1 0 0 0 2 0 0 1 0 0 0 1 0 0 3 0 3 0 3 0 2 0 0 1 0 0 2 0 0
0 555 1 0 0 0 2 0 1 0 2 0 2 0 3 0 2 0 2 0 1 1 0 0 0 0 0 0 1 0 1 0 2 1 0 1 0 0 2 0 2 0 1 0 0 1 0 0 3 0 0 1 0 1 0 1 0 0 3 0 3 0 0 0 2 0 2 0 1 0 0 0 2 0 0 0 0 0 1 0 0 0 2 0 2 0 3 0 0 0 3 0 2 0 3 0 3 0 3 0 1 1 0 1 0 0 1 0 3 0 2 1 0 1 0 0 1 0 1 1 0 0 3 0 3 0 1 0 0 0 3 0 0 0 0 1 0 1 0 0 0 0 0 0 1 0 1 0 2 0 3 0 2 0 0 1 0 0 0 0 2 0 0 0 3 0 2 0 1 0 3 0 1 1 0 0 3 0 1 0 2 0 2 1 0 0 2 1 0 0 0 1 0 1 0 1 0 0 2 0 0 1 0 1 0 0 1 0 3 0 3 0 3 0 0 0 0 0 2 0 2 1 0 0 3 0 3 0 2 1 0 0 1 1 0 1 0 0 1 1 0 0 2 0 1 0 0 0 3 0 1 1 0 0 0 0 0 0 2 0 3 0 1 1 0 0 2 0 1 0 0 0 3 0 1 0 2 1 0 0 2 0 2 0 0 0 1 0 0 0 2 1 0 0 1 0 0 0 0 0 3 0 1 0 0 0 3 0 2 0 3 0 3 0 0 0 3 0 0 0 1 0 3 0 0 0 1 0 0 0 1 1 0 0 1 0 1 0 0 0 3 0 3 0 2 0 0 0 0 0 1 0 0 0 0 0 0 0 2 0 2 0 3 0 3 0 2 0 2 0 1 0 2 0 3 0 1 0 3 0 2 0 3 0 0 0 0 1 0 0 0 0 1 0 1 0 2 0 0 0 1 0 0 0 1 0 3 0 3 0 1 0 2 0 2 0 0 1 0 0 0 0 3 0 0 0 1 0 3 0 0 1 0 0 3 0 2 0 0 0 2 1 0 0 2 0 0 0 3 0 1 0 2 0 0 0 1 0 2 0 1 0 2 0 2 1 0 1 0 0 1 0 0 1 0 0 2 0 3 0 1 1 0 0 2 1 0 0 3 0 0 0 3 0 0 0 0 0 0 0 2 0 0 0 2 0 1 0 0 1 0 0 3 0 1 0 2 1 0 1 0 0 1 0 3 0 0 0 3 0 0 1 0 0 2 0 3 0 0 1 0 0 2 0 3 0 3 0 0 0 2 0 3 0 3 0 0
0 555 2 0 0 1 0 1 0 0 1 0 1 0 3 0 1 0 0 1 0 1 0 0 0 0 0 0 2 0 3 0 1 0 0 1 0 0 0 0 0 0 3 0 1 1 0 0 1 0 2 1 0 1 0 1 0 0 2 0 2 0 2 0 0 0 0 0 3 0 0 1 0 0 1 0 0 0 2 0 1 0 0 0 1 0 2 0 2 0 2 0 1 0 3 0 3 0 3 0 0 0 0 0 3 0 2 0 2 0 2 0 0 0 3 0 1 1 0 0 0 0 2 0 2 0 3 0 1 0 1 0 1 0 1 1 0 0 2 1 0 0 0 0 2 0 3 0 0 0 3 0 0 0 2 0 2 1 0 1 0 0 2 0 2 0 0 1 0 0 3 0 0 0 0 0 1 1 0 0 1 0 2 0 0 0 0 1 0 0 1 1 0 1 0 0 3 0 3 0 1 1 0 0 3 0 2 0 2 0 3 0 2 0 1 0 1 0 0 0 2 0 0 0 2 0 3 0 1 1 0 1 0 0 0 0 3 0 2 0 3 0 3 0 2 0 1 0 1 1 0 1 0 0 0 0 1 0 0 0 2 1 0 1 0 1 0 0 3 0 1 0 1 1 0 0 2 0 0 0 0 0 0 0 1 0 2 0 1 0 0 1 0 0 2 0 0 0 1 0 1 0 3 0 1 0 2 0 1 0 3 0 2 0 2 0 1 0 1 0 3 0 1 0 1 0 2 0 0 0 3 0 3 0 1 0 2 0 1 0 2 0 3 0 0 0 1 0 0 0 2 0 0 0 0 0 1 0 0 0 1 0 3 0 3 0 1 0 0 1 0 0 1 0 2 1 0 0 3 0 1 0 2 0 1 0 1 0 2 1 0 0 2 0 2 1 0 0 1 0 2 0 0 0 3 0 2 0 2 1 0 0 1 0 0 0 2 0 3 0 0 0 1 0 1 0 3 0 1 0 2 1 0 0 2 0 0 0 2 0 0 1 0 1 0 0 2 0 1 1 0 0 0 0 1 0 2 1 0 1 0 0 1 0 2 0 0 0 3 0 1 0 1 1 0 0 0 0 3 0 0 0 0 0 1 0 0 0 1 0 2 0 1 0 1 0 0 0 0 1 0 0 1 1 0 0 3 0 1 1 0 0 1 1 0 0 2 0 0 0 3 0 2 0 1 0 2 0 1 0 2 1 0 0 0 0 2 0 2 1 0 0 0 0 3 0 2 0 2 0 0 0 3 0 2 0 1
1 556 1 0 0 2 1 0 0 3 0 1 0 3 0 1 0 3 0 1 1 0 0 2 1 0 0 1 0 0 0 2 0 3 0 1 0 2 1 0 0 1 0 1 1 0 1 0 0 3 0 1 0 0 1 0 1 0 0 0 0 1 0 0 0 1 0 1 0 1 0 2 0 3 0 1 0 0 1 0 0 3 0 0 0 3 0 0 0 1 0 0 1 0 0 3 0 3 0 2 0 1 0 1 0 2 0 1 0 1 0 0 0 2 0 1 1 0 1 0 0 1 0 0 0 1 0 2 0 3 0 2 0 2 1 0 0 0 0 0 1 0 0 1 0 0 0 2 0 2 0 1 0 2 0 0 0 2 0 0 1 0 0 0 0 0 0 2 1 0 0 1 0 1 0 0 0 3 0 3 0 1 1 0 0 1 0 1 0 3 0 2 1 0 1 0 0 2 0 3 0 0 0 0 0 2 0 1 0 1 0 3 0 0 0 3 0 2 0 0 1 0 0 2 0 0 0 3 0 0 0 0 0 3 0 0 0 2 0 1 0 3 0 3 0 0 1 0 0 0 0 0 0 2 1 0 0 2 0 1 0 1 0 0 1 0 1 0 0 1 0 3 0 3 0 3 0 3 0 0 0 0 0 0 0 2 1 0 0 3 0 1 0 3 0 3 0 0 0 2 0 3 0 1 1 0 0 0 1 0 0 3 0 1 0 0 0 3 0 3 0 1 0 3 0 2 1 0 0 2 0 2 0 2 1 0 0 0 1 0 0 1 0 2 0 1 0 2 0 0 1 0 0 1 0 0 0 2 0 0 0 3 0 2 0 2 0 3 0 1 0 3 0 2 0 1 0 0 0 1 1 0 0 0 0 3 0 3 0 1 0 0 0 0 0 1 1 0 0 2 1 0 0 2 0 2 0 1 0 1 1 0 0 2 0 1 0 0 0 2 0 1 0 2 0 3 0 1 1 0 0 1 1 0 1 0 0 1 1 0 0 2 1 0 0 3 0 3 0 3 0 2 1 0 0 3 0 1 0 0 0 3 0 1 1 0 0 2 0 1 0 3 0 3 0 3 0 0 0 1 0 1 0 0 0 2 0 0 0 2 1 0 0 3 0 2 0 0 0 1 0 3 0 2 1 0 0 1 1 0 1 0 0 3 0 3 0 3 0 1 0 2 0 0 1 0 0 0 1 0 0 1 1 0 0 1 0 0 0 1 1 0 0 1 0 2 0 1 0 0 0 2 0 2 0 0 1 0
1 557 1 1 0 0 1 0 0 0 1 1 0 0 2 1 0 0 3 0 0 0 0 0 0 1 0 0 2 0 1 0 0 0 2 1 0 0 1 1 0 0 2 1 0 0 0 1 0 0 1 0 3 0 1 1 0 0 2 1 0 0 2 0 0 0 2 0 2 0 3 0 0 0 2 0 3 0 1 1 0 0 1 0 2 0 1 0 1 0 2 0 1 1 0 0 2 0 3 0 0 0 3 0 2 1 0 0 3 0 2 0 1 0 0 0 0 0 0 0 3 0 1 0 0 0 3 0 0 0 3 0 1 0 1 1 0 0 0 0 1 0 3 0 1 0 1 0 0 0 0 1 0 0 0 0 1 1 0 0 2 0 2 1 0 0 1 0 0 1 0 0 2 0 2 0 1 0 2 0 2 1 0 1 0 0 2 0 3 0 2 0 2 0 0 1 0 0 0 0 2 0 1 0 0 1 0 0 3 0 3 0 1 0 2 0 2 0 0 0 2 0 3 0 3 0 1 0 1 0 1 0 1 0 1 0 1 1 0 1 0 0 3 0 2 0 2 0 2 1 0 0 1 0 0 1 0 1 0 0 3 0 2 0 1 1 0 0 3 0 2 0 2 0 3 0 3 0 2 0 1 0 0 0 1 0 1 0 0 0 1 1 0 0 3 0 2 0 2 0 0 0 2 1 0 1 0 0 1 1 0 0 1 0 3 0 1 0 2 0 2 1 0 0 3 0 2 0 0 0 0 0 1 0 1 1 0 0 1 0 3 0 1 1 0 1 0 0 0 0 2 0 3 0 1 0 0 1 0 0 2 0 2 0 1 0 1 0 2 1 0 0 3 0 0 0 3 0 0 0 3 0 3 0 0 0 2 0 2 0 3 0 0 0 0 1 0 0 0 0 1 0 0 0 0 0 0 0 3 0 3 0 3 0 3 0 2 0 0 1 0 1 0 0 1 0 2 1 0 1 0 1 0 0 0 0 3 0 2 1 0 0 1 0 0 0 2 0 3 0 3 0 2 0 0 0 1 0 3 0 1 0 1 1 0 1 0 1 0 1 0 0 3 0 3 0 2 0 1 0 2 0 2 0 0 1 0 0 2 0 1 0 0 0 2 0 0 0 1 0 3 0 2 0 1 1 0 1 0 0 0 1 0 0 2 0 3 0 2 1 0 0 0 0 2 0 3 0 0 0 3 0 2 0 3 0 1 0 0 0 3 0 3 0 1 1 0 0 3 0 1 0 0 0 0 0 2 0 2
0 557 3 0 3 0 1 0 0 1 0 0 0 0 1 0 0 0 1 0 1 0 0 0 1 0 3 0 3 0 2 0 1 0 0 1 0 1 0 0 0 0 0 1 0 0 1 0 3 0 2 0 2 0 0 0 0 0 0 1 0 1 0 0 2 0 0 0 1 0 2 0 2 0 0 0 2 1 0 1 0 0 2 1 0 0 3 0 3 0 0 0 0 0 0 0 0 0 2 0 2 0 2 0 2 0 0 0 2 0 0 0 3 0 0 0 0 0 1 0 1 0 3 0 1 0 1 0 2 0 1 0 3 0 3 0 2 1 0 0 3 0 1 0 3 0 2 0 0 0 1 0 2 1 0 1 0 0 0 0 0 0 1 1 0 0 2 0 1 1 0 0 0 0 0 1 0 0 1 0 2 0 0 1 0 0 0 0 3 0 1 0 0 0 2 0 2 1 0 1 0 0 3 0 1 1 0 0 2 0 2 1 0 0 1 0 0 0 2 0 0 0 3 0 2 0 3 0 2 0 2 0 2 0 2 1 0 0 0 1 0 0 2 0 1 0 1 0 1 1 0 0 2 0 1 1 0 1 0 0 2 0 1 0 0 0 0 0 2 0 1 0 1 0 3 0 3 0 0 0 3 0 0 0 2 0 2 0 0 1 0 0 0 0 2 0 1 0 0 0 2 0 1 0 0 0 3 0 2 0 3 0 2 0 1 1 0 0 1 0 2 0 0 0 2 0 0 0 1 0 0 0 2 0 3 0 3 0 2 0 2 0 0 0 0 0 3 0 0 0 0 0 2 0 3 0 1 1 0 0 0 0 0 0 3 0 3 0 1 0 0 0 1 0 2 0 1 0 2 0 2 0 2 0 2 0 0 0 1 0 2 0 1 0 1 0 2 1 0 0 2 0 0 0 0 0 1 0 2 0 3 0 3 0 3 0 0 0 2 1 0 0 3 0 2 0 1 0 0 1 0 0 3 0 0 0 2 0 1 1 0 0 2 0 1 0 0 0 3 0 3 0 0 0 1 0 3 0 1 1 0 0 0 0 0 1 0 1 0 1 0 0 2 0 3 0 0 1 0 0 1 0 0 0 2 0 3 0 3 0 2 0 0 1 0 0 1 0 3 0 2 0 1 0 0 0 0 0 3 0 0 1 0 0 0 0 3 0 1 1 0 0 1 0 0 0 2 0 2 0 2 0 1 0 2 0 3 0 1 0 2 0 3 0 0 0 0 0 1 0 3 0 0 0 1 0 0 0 1
1 559 1 0 2 0 2 0 3 0 1 0 2 1 0 0 2 0 0 0 2 0 2 0 0 0 3 0 2 0 3 0 0 0 3 0 1 1 0 0 2 1 0 0 1 0 3 0 2 0 2 0 1 0 0 0 1 0 0 0 1 1 0 0 3 0 3 0 0 0 3 0 0 0 0 0 2 0 1 0 0 1 0 0 1 0 0 0 2 0 2 0 1 0 0 0 0 0 1 0 0 0 1 0 1 0 0 0 1 1 0 0 2 0 1 0 1 0 0 0 2 0 3 0 1 0 3 0 2 1 0 1 0 0 3 0 3 0 2 0 0 0 1 1 0 0 3 0 0 0 1 0 3 0 1 0 0 0 2 1 0 0 0 0 3 0 3 0 3 0 3 0 2 1 0 0 1 0 3 0 1 1 0 0 2 0 3 0 0 0 1 0 3 0 1 0 0 0 2 0 0 1 0 0 2 0 0 0 0 0 0 0 1 1 0 0 2 0 0 1 0 0 2 0 2 0 1 0 3 0 1 0 1 0 1 0 1 1 0 0 1 0 3 0 3 0 2 0 2 1 0 0 0 0 0 0 0 0 0 0 3 0 3 0 2 0 0 0 0 1 0 0 3 0 3 0 2 0 2 0 2 0 1 0 2 0 0 0 0 0 2 0 2 1 0 1 0 0 3 0 0 1 0 0 3 0 1 0 2 0 1 0 3 0 0 1 0 1 0 0 2 1 0 0 1 1 0 0 1 0 2 0 1 0 0 0 3 0 3 0 1 0 0 0 1 0 1 0 1 0 1 0 1 0 0 0 2 1 0 1 0 0 0 0 1 0 2 0 2 0 3 0 0 0 2 1 0 1 0 0 1 0 1 0 1 0 0 0 1 0 2 1 0 0 3 0 3 0 0 1 0 1 0 0 1 0 0 0 3 0 0 0 3 0 3 0 2 0 2 0 1 0 0 0 2 0 0 0 3 0 1 1 0 0 1 0 1 1 0 1 0 1 0 1 0 0 3 0 1 0 2 0 2 0 1 0 3 0 1 1 0 1 0 0 0 0 1 1 0 1 0 1 0 0 0 0 2 0 2 0 3 0 1 0 1 0 0 0 3 0 3 0 0 0 2 0 3 0 2 0 2 0 0 0 3 0 0 0 1 0 1 0 2 0 3 0 0 0 1 1 0 1 0 0 2 0 1 0 0 0 1 0 0 1 0 0 1 0 2 1 0 0 1 0 2 0 1 0 0 0 3 0 1 0 1 0 2 0 0 0 2
0 559 3 0 0 0 1 0 2 1 0 0 1 1 0 1 0 0 2 0 0 0 0 0 2 0 2 0 1 0 2 0 2 0 2 0 0 0 0 0 0 1 0 0 3 0 2 0 1 0 0 0 3 0 0 0 2 0 0 1 0 0 0 0 2 0 2 0 2 0 1 0 1 0 0 1 0 0 3 0 1 0 3 0 1 0 1 0 0 0 0 0 3 0 0 0 0 0 2 0 0 0 2 0 2 0 0 0 3 0 3 0 3 0 2 0 2 0 1 0 0 0 2 1 0 0 3 0 2 0 0 1 0 0 2 0 3 0 0 0 1 1 0 0 0 0 1 0 1 0 3 0 1 0 3 0 1 0 0 1 0 0 1 0 2 0 3 0 3 0 3 0 1 1 0 0 3 0 2 0 0 0 0 0 0 0 2 0 1 0 3 0 1 0 3 0 0 1 0 0 2 0 3 0 3 0 0 0 0 0 0 0 3 0 3 0 3 0 1 1 0 0 0 0 0 1 0 0 2 0 3 0 2 0 2 0 3 0 3 0 2 0 2 0 3 0 1 0 1 1 0 0 0 0 0 0 0 0 1 0 2 0 3 0 0 0 1 0 1 1 0 0 2 0 3 0 1 0 1 0 0 1 0 0 0 0 1 0 1 0 0 0 2 0 0 1 0 0 1 0 2 1 0 0 1 1 0 0 0 1 0 0 2 0 2 1 0 1 0 0 0 1 0 0 3 0 3 0 1 1 0 0 3 0 1 0 2 0 2 0 3 0 0 0 2 0 2 0 2 0 2 0 2 0 1 0 1 0 0 0 2 1 0 0 3 0 0 0 1 0 2 0 2 0 1 0 0 0 3 0 1 0 2 0 2 0 0 0 3 0 1 0 0 0 2 0 2 0 2 1 0 0 3 0 1 0 1 0 1 0 2 0 2 0 3 0 1 0 0 0 3 0 0 1 0 0 2 0 1 1 0 1 0 0 2 1 0 0 0 1 0 1 0 1 0 0 1 1 0 0 1 0 0 1 0 0 3 0 0 0 0 0 2 1 0 1 0 0 0 1 0 0 3 0 0 0 0 0 1 0 2 0 3 0 2 0 1 0 2 0 2 0 2 0 0 0 3 0 1 0 0 0 2 0 1 0 1 0 2 0 3 0 0 0 2 0 1 1 0 0 0 0 3 0 3 0 2 0 0 0 2 0 1 0 3 0 2 0 0 1 0 0 2 1 0 0 3 0 1 0 1 0 3 0 2 1 0 0 2 0 0
0 561 1 0 1 0 1 0 3 0 0 1 0 1 0 0 0 0 3 0 3 0 0 0 1 0 0 0 0 1 0 0 1 0 1 0 0 0 1 0 0 0 1 1 0 0 2 0 0 0 3 0 1 0 1 0 1 1 0 0 2 0 3 0 0 0 0 0 1 0 0 0 3 0 2 0 1 1 0 0 1 1 0 0 2 0 3 0 2 0 0 0 1 0 1 0 1 0 0 1 0 0 2 0 0 0 0 0 2 0 2 0 3 0 3 0 1 0 0 0 3 0 1 0 1 0 0 0 2 0 0 0 2 1 0 0 0 0 2 0 1 0 3 0 2 1 0 0 2 0 3 0 1 1 0 0 2 0 3 0 1 0 3 0 2 0 0 0 3 0 3 0 3 0 0 0 0 0 2 0 0 0 1 0 0 0 0 1 0 1 0 0 2 1 0 0 2 0 2 1 0 0 0 0 3 0 2 0 1 0 0 0 1 0 2 0 3 0 2 1 0 1 0 0 0 0 1 1 0 0 0 0 3 0 1 0 1 0 3 0 3 0 1 0 1 0 2 0 3 0 3 0 2 1 0 0 0 0 0 0 3 0 0 0 2 0 1 0 2 1 0 0 0 0 0 0 2 0 3 0 2 0 1 0 2 1 0 0 2 0 2 0 0 1 0 0 2 0 3 0 2 0 0 1 0 0 3 0 3 0 0 1 0 0 0 0 2 0 0 0 3 0 0 1 0 0 2 0 3 0 0 0 0 0 1 1 0 0 1 0 1 0 2 0 2 0 0 0 1 0 1 0 1 0 0 0 3 0 2 0 1 0 1 0 0 0 1 0 1 0 3 0 0 0 0 0 3 0 1 0 1 1 0 0 1 0 0 0 2 0 1 0 3 0 1 0 0 0 1 0 2 0 0 0 1 0 3 0 2 0 3 0 0 0 1 0 2 0 3 0 1 0 1 0 2 1 0 0 0 0 0 0 0 1 0 0 0 1 0 0 1 1 0 1 0 0 3 0 2 0 3 0 1 0 1 1 0 0 1 0 1 0 1 0 1 0 0 0 3 0 0 1 0 0 1 0 1 0 0 0 3 0 0 0 3 0 0 1 0 0 1 0 1 0 0 0 2 0 1 0 3 0 0 1 0 0 3 0 3 0 0 0 2 0 1 1 0 1 0 1 0 0 1 0 2 0 3 0 0 0 1 1 0 1 0 0 3 0 0 0 2 1 0 0 1 0 0 0 1 0 3 0 3 0 2 0 1 1 0 1 0 0 1
0 561 2 0 2 0 3 0 1 0 2 1 0 0 3 0 0 0 2 0 2 0 1 0 2 0 0 0 1 0 3 0 1 0 2 0 0 0 2 0 0 0 3 0 3 0 3 0 1 0 1 0 3 0 2 1 0 0 0 0 0 0 2 0 1 0 0 0 2 0 1 0 2 0 0 1 0 1 0 1 0 0 0 0 0 0 3 0 0 0 1 0 2 0 2 0 2 0 1 0 3 0 3 0 0 0 1 0 0 0 1 0 3 0 2 0 3 0 1 0 1 0 3 0 2 0 0 1 0 0 2 0 0 1 0 0 0 1 0 1 0 0 3 0 2 0 0 0 0 0 3 0 0 0 0 0 0 0 2 1 0 0 3 0 0 0 2 0 2 0 3 0 2 0 1 0 0 1 0 0 1 0 2 0 0 0 1 1 0 1 0 0 1 0 0 0 0 0 1 1 0 0 1 0 2 0 0 0 3 0 0 0 3 0 0 0 3 0 2 0 0 0 2 1 0 0 3 0 3 0 0 0 1 0 3 0 3 0 2 0 2 0 3 0 3 0 0 0 3 0 3 0 1 1 0 0 0 0 1 0 1 0 1 1 0 1 0 0 1 1 0 0 0 0 1 0 0 0 3 0 0 1 0 0 2 0 0 0 0 0 0 0 2 1 0 0 0 0 3 0 0 0 2 1 0 0 2 0 2 0 2 0 2 1 0 1 0 0 2 0 1 0 2 1 0 0 0 0 2 0 1 0 0 0 3 0 3 0 1 0 3 0 0 0 0 0 1 0 2 0 2 0 2 0 1 0 2 0 0 0 3 0 2 0 0 0 2 0 3 0 1 0 1 0 1 0 1 0 3 0 3 0 3 0 1 0 0 1 0 1 0 0 2 0 3 0 0 0 2 1 0 0 1 0 3 0 2 0 1 0 2 0 1 0 3 0 0 0 2 0 3 0 3 0 0 1 0 0 0 0 0 0 1 0 3 0 0 0 3 0 2 1 0 1 0 0 2 0 1 0 2 0 3 0 3 0 3 0 1 0 2 0 2 0 2 0 1 0 1 0 2 0 3 0 1 0 2 0 1 0 1 0 2 0 1 0 2 0 3 0 1 0 2 0 0 1 0 1 0 0 2 0 2 1 0 0 2 0 2 0 2 0 0 0 0 0 0 1 0 0 3 0 2 0 0 0 2 0 1 1 0 0 0 1 0 0 1 0 2 0 0 1 0 0 2 0 0 0 3 0 2 0 3 0 1 0 0 0 0 0 3 0 1
1 563 1 0 0 0 1 0 2 1 0 0 2 0 0 0 1 0 2 0 0 0 0 1 0 0 0 0 1 0 3 0 1 1 0 0 0 0 1 1 0 0 2 0 2 0 3 0 2 0 3 0 3 0 2 0 1 1 0 0 0 0 0 1 0 0 3 0 0 1 0 1 0 0 0 0 2 1 0 1 0 0 2 1 0 0 1 0 1 0 1 0 3 0 0 0 1 0 0 1 0 0 3 0 2 0 1 0 2 0 0 0 3 0 2 0 1 0 2 0 3 0 3 0 2 0 0 0 2 0 3 0 3 0 1 0 3 0 0 1 0 1 0 0 2 0 0 0 1 0 1 0 1 0 1 0 0 0 1 0 1 0 0 0 1 0 2 0 0 0 1 0 3 0 0 0 3 0 1 0 3 0 1 1 0 0 1 1 0 0 0 0 3 0 1 0 0 0 0 0 3 0 3 0 1 1 0 0 2 0 1 0 2 0 1 0 2 0 2 0 0 0 2 0 1 0 0 0 2 0 2 0 1 0 3 0 2 0 3 0 1 0 1 0 3 0 2 0 2 0 2 0 2 1 0 1 0 0 0 0 2 0 2 1 0 0 0 0 3 0 2 0 2 1 0 0 2 0 1 0 1 0 2 0 3 0 3 0 0 0 0 0 1 0 0 1 0 0 1 0 1 0 2 0 1 0 0 0 0 0 1 0 1 0 2 0 0 0 3 0 3 0 3 0 0 1 0 0 0 1 0 0 3 0 1 0 2 0 2 1 0 0 2 0 1 0 0 0 3 0 0 0 1 0 0 1 0 0 0 0 2 0 2 0 0 0 2 0 0 0 2 0 3 0 2 0 2 0 3 0 2 0 3 0 2 0 3 0 1 1 0 1 0 0 0 0 2 0 2 0 0 1 0 0 3 0 2 0 0 1 0 0 0 1 0 0 2 0 2 0 0 0 3 0 2 0 2 0 2 1 0 0 0 0 3 0 1 0 2 0 2 0 2 0 0 0 3 0 3 0 3 0 0 0 3 0 3 0 2 1 0 0 1 0 1 0 0 0 3 0 3 0 0 0 2 1 0 0 0 0 3 0 2 1 0 1 0 0 1 0 2 1 0 0 0 0 2 1 0 1 0 0 0 0 2 0 0 0 0 0 1 0 0 0 1 0 0 0 1 1 0 0 2 0 0 0 1 1 0 1 0 1 0 0 1 0 3 0 1 1 0 0 2 0 3 0 3 0 1 0 2 0 1 0 2 0 3 0 0 0 1 0 1 1 0
1 563 2 0 0 0 3 0 0 1 0 1 0 0 1 0 2 1 0 0 1 0 1 0 2 1 0 0 3 0 1 1 0 1 0 0 0 1 0 0 0 0 0 0 1 0 3 0 1 0 3 0 3 0 0 1 0 1 0 0 0 0 1 1 0 0 1 0 2 1 0 0 3 0 0 0 1 0 0 1 0 0 0 1 0 0 2 0 2 0 3 0 1 0 1 0 2 0 1 1 0 0 2 0 0 1 0 0 0 0 2 0 2 0 0 1 0 0 1 0 3 0 3 0 0 0 2 0 0 0 3 0 2 1 0 0 2 0 2 1 0 0 3 0 3 0 0 0 2 0 2 0 2 0 2 0 0 0 2 0 2 0 0 0 2 1 0 0 1 0 3 0 1 0 2 0 1 1 0 0 2 1 0 1 0 0 3 0 3 0 0 0 1 0 3 0 0 0 1 0 2 0 2 1 0 1 0 1 0 1 0 0 0 1 0 0 1 0 0 0 1 1 0 0 3 0 1 0 0 0 0 1 0 0 3 0 1 0 2 0 3 0 3 0 2 0 1 0 1 0 1 0 2 0 0 0 3 0 0 0 0 0 1 1 0 0 1 0 2 0 1 0 1 1 0 1 0 0 3 0 3 0 0 0 3 0 2 0 1 0 0 0 2 0 1 0 3 0 1 0 2 1 0 0 3 0 0 0 0 0 2 0 2 1 0 0 2 0 2 0 3 0 2 0 2 0 3 0 0 1 0 0 1 1 0 0 1 0 1 1 0 1 0 0 3 0 1 0 1 0 1 0 2 0 1 0 3 0 0 0 0 0 0 0 1 1 0 0 2 0 0 0 3 0 1 0 1 0 3 0 1 0 3 0 1 0 3 0 0 0 0 0 3 0 0 0 0 0 0 0 2 1 0 0 2 0 0 0 2 0 3 0 0 1 0 0 0 0 0 0 2 0 2 0 1 0 1 0 1 1 0 0 1 0 1 1 0 0 1 0 1 0 0 0 2 0 2 0 3 0 2 0 2 0 2 0 3 0 1 1 0 0 2 0 2 0 1 0 2 0 2 0 2 0 0 1 0 0 1 0 2 0 2 0 0 0 3 0 2 0 0 1 0 0 1 0 1 0 0 0 2 1 0 1 0 0 1 0 0 0 2 0 0 0 2 0 0 0 3 0 3 0 3 0 0 1 0 0 0 1 0 0 3 0 2 0 2 0 0 0 0 0 0 0 3 0 2 1 0 0 0 1 0 0 1 0 2 0 1 0 2 0 3 0 2
0 564 1 0 0 2 0 1 0 2 1 0 0 3 0 2 0 0 1 0 0 2 0 3 0 1 0 0 0 2 0 0 0 0 0 3 0 0 0 2 1 0 0 0 0 3 0 1 1 0 0 3 0 2 0 2 1 0 0 2 1 0 0 3 0 3 0 2 0 1 0 0 0 1 0 1 0 2 0 1 0 3 0 0 1 0 0 0 0 1 0 2 0 3 0 2 1 0 1 0 1 0 1 0 0 2 0 3 0 0 0 0 0 0 0 2 0 3 0 2 0 2 0 2 0 1 1 0 0 2 0 2 0 2 0 0 0 0 0 2 0 0 0 2 0 2 0 2 0 0 0 1 0 1 0 0 0 2 0 0 0 0 0 2 0 0 1 0 0 3 0 1 1 0 0 1 0 0 0 0 0 1 0 0 1 0 0 2 0 2 0 1 0 3 0 1 0 1 0 3 0 0 0 2 0 0 1 0 1 0 0 3 0 0 0 3 0 1 0 0 1 0 0 0 0 1 0 3 0 0 0 1 1 0 0 1 1 0 0 1 0 3 0 3 0 0 0 3 0 2 0 2 1 0 0 2 0 1 0 1 0 0 0 3 0 3 0 1 1 0 1 0 0 0 0 0 1 0 0 2 0 2 0 2 0 2 0 0 0 3 0 0 1 0 1 0 0 2 1 0 0 2 0 0 0 1 0 1 0 1 0 0 0 2 0 0 0 0 0 1 0 3 0 1 0 1 0 2 0 2 0 3 0 2 0 3 0 1 1 0 0 0 1 0 0 1 0 3 0 2 0 2 1 0 1 0 0 2 0 1 0 0 0 0 0 3 0 3 0 3 0 1 0 1 0 3 0 3 0 1 1 0 0 2 1 0 0 2 0 1 0 1 0 1 0 1 0 0 0 1 0 0 1 0 1 0 0 2 0 0 0 2 0 2 0 2 1 0 0 1 0 0 0 0 0 3 0 2 0 3 0 3 0 1 0 3 0 3 0 1 0 2 0 1 0 0 0 1 0 3 0 1 0 1 0 1 0 3 0 0 0 0 0 0 0 0 1 0 0 1 0 1 0 0 0 2 0 3 0 2 0 0 0 0 0 2 0 2 0 0 0 2 0 3 0 1 0 2 0 1 0 1 0 0 0 3 0 1 0 0 1 0 0 1 1 0 0 2 0 2 0 3 0 2 0 2 0 3 0 0 1 0 0 2 0 1 0 0 0 1 0 0 0 1 0 2 0 1 1 0 0 1 0 3 0 1 1 0 1 0 0 1 0 3 0 1
1 565 1 0 3 0 3 0 3 0 1 0 0 0 2 0 0 0 2 1 0 0 0 0 2 0 3 0 0 1 0 0 1 0 1 0 1 0 2 0 0 1 0 0 1 0 2 0 0 0 0 0 2 0 1 0 2 0 0 0 1 0 0 0 2 0 3 0 0 0 3 0 0 0 2 0 2 1 0 1 0 0 2 0 2 0 2 1 0 0 3 0 0 0 3 0 2 0 0 1 0 1 0 1 0 0 0 0 2 0 1 0 0 0 1 0 0 0 3 0 1 0 1 0 1 0 0 0 0 0 0 0 1 0 0 0 1 0 0 1 0 0 2 0 0 0 1 0 0 0 1 0 2 0 2 0 0 1 0 0 1 0 0 1 0 0 2 1 0 0 1 1 0 1 0 0 2 0 0 0 0 0 2 0 1 1 0 0 0 0 0 1 0 0 2 0 3 0 3 0 1 0 1 1 0 0 2 1 0 1 0 0 1 0 2 0 1 0 3 0 1 0 2 1 0 0 3 0 1 0 1 0 3 0 3 0 2 0 3 0 2 0 2 0 2 0 2 0 2 0 1 0 1 1 0 1 0 0 3 0 2 0 1 0 2 0 3 0 0 0 0 0 2 1 0 0 1 1 0 0 0 0 1 0 1 0 0 0 2 0 1 0 2 1 0 1 0 0 0 1 0 1 0 0 1 0 2 0 2 0 2 0 0 1 0 0 1 0 0 0 3 0 1 0 3 0 3 0 0 0 1 0 3 0 1 0 2 1 0 1 0 0 1 0 3 0 2 0 2 0 1 0 2 0 0 0 3 0 3 0 2 0 0 0 1 0 2 0 3 0 2 0 3 0 3 0 2 0 3 0 0 0 0 0 0 1 0 1 0 0 3 0 2 0 2 0 2 0 0 0 2 0 1 1 0 0 3 0 3 0 1 0 0 0 1 0 1 1 0 0 2 0 0 0 1 0 2 0 1 0 3 0 2 1 0 0 3 0 2 1 0 0 0 0 3 0 0 0 3 0 1 0 3 0 2 0 3 0 1 0 1 0 0 0 0 0 1 0 3 0 1 0 2 0 1 0 0 0 3 0 0 0 1 0 1 0 0 0 0 0 2 0 0 0 2 1 0 0 0 0 3 0 2 0 1 0 1 0 3 0 1 0 3 0 2 1 0 0 0 0 1 0 3 0 1 0 1 0 2 0 2 0 3 0 3 0 2 0 0 0 2 0 0 0 2 1 0 1 0 1 0 0 3 0 2 0 0 0 0 0 3 0 2 0 1 1 0
1 565 3 0 2 0 3 0 2 0 3 0 0 1 0 0 2 0 0 1 0 0 1 0 0 0 2 0 2 0 3 0 1 0 2 0 2 1 0 0 2 0 3 0 1 1 0 0 1 0 0 1 0 1 0 0 0 0 1 0 2 0 1 0 0 0 2 0 2 0 1 0 2 0 0 0 2 0 0 1 0 0 0 0 1 0 2 0 0 0 1 0 2 0 2 0 0 0 2 1 0 1 0 0 2 1 0 1 0 0 3 0 0 0 2 0 1 0 1 0 3 0 2 0 2 0 0 0 0 0 0 0 2 0 0 0 2 0 1 0 3 0 3 0 0 0 2 0 0 0 3 0 0 0 0 0 2 0 3 0 1 0 1 1 0 0 0 1 0 1 0 0 0 0 3 0 3 0 0 0 0 1 0 1 0 1 0 0 0 0 1 1 0 0 0 0 3 0 2 1 0 0 0 0 0 0 1 0 0 0 3 0 1 1 0 1 0 0 2 1 0 0 2 0 0 0 1 0 3 0 3 0 2 0 3 0 1 0 3 0 1 0 1 0 1 0 1 0 0 1 0 0 0 0 0 1 0 0 2 0 0 1 0 0 1 0 2 0 1 0 1 0 0 1 0 0 3 0 2 1 0 0 2 0 2 0 0 1 0 1 0 0 2 0 0 0 3 0 0 1 0 0 3 0 2 0 0 0 1 0 0 0 2 0 3 0 1 0 1 0 1 1 0 0 3 0 2 0 1 0 3 0 1 1 0 0 2 0 0 0 3 0 2 0 2 0 1 0 0 1 0 0 0 0 2 0 2 0 3 0 0 0 1 0 3 0 0 0 3 0 1 0 3 0 3 0 1 0 2 0 1 0 0 0 1 1 0 1 0 0 2 0 1 0 1 0 0 0 2 0 0 0 0 0 0 0 2 0 2 0 3 0 0 0 2 0 3 0 3 0 3 0 0 0 2 1 0 1 0 0 3 0 2 0 0 0 2 0 1 1 0 0 1 0 1 0 2 0 1 1 0 0 3 0 1 0 2 0 3 0 2 0 0 0 0 0 3 0 1 1 0 0 0 0 3 0 1 0 1 0 1 0 2 0 2 0 0 0 0 1 0 0 2 0 0 1 0 0 1 0 2 0 0 0 3 0 3 0 1 1 0 0 3 0 1 1 0 0 0 0 3 0 1 0 3 0 3 0 0 0 1 0 3 0 3 0 0 0 1 1 0 0 2 0 1 0 0 1 0 1 0 0 2 0 0 0 1 0 1 0 2 0 0 1 0 1 0
1 567 1 0 2 0 1 0 3 0 1 0 2 0 2 0 3 0 3 0 1 0 3 0 1 0 1 0 0 0 1 0 2 1 0 0 1 0 2 0 0 0 0 0 2 1 0 1 0 0 2 0 1 1 0 0 2 1 0 0 2 1 0 0 3 0 1 0 0 0 0 1 0 0 0 0 1 1 0 0 2 0 2 1 0 0 2 1 0 0 1 0 3 0 0 0 0 0 2 0 1 0 0 1 0 0 1 0 0 1 0 0 1 0 1 1 0 0 3 0 3 0 2 0 1 0 0 0 1 0 0 0 0 1 0 0 1 1 0 1 0 0 3 0 2 0 1 1 0 0 2 0 1 0 1 0 1 0 0 0 2 0 3 0 3 0 3 0 0 1 0 0 3 0 0 0 2 0 2 0 1 0 1 1 0 1 0 0 2 1 0 0 3 0 3 0 0 0 2 0 1 1 0 0 0 0 0 0 2 0 1 0 2 0 0 0 0 1 0 0 0 1 0 1 0 0 1 0 3 0 2 0 3 0 1 0 2 1 0 0 2 0 3 0 2 0 2 0 2 0 1 0 2 1 0 0 1 0 3 0 3 0 1 0 3 0 1 1 0 0 3 0 2 0 1 1 0 0 2 0 2 0 0 0 0 0 0 0 2 1 0 0 3 0 3 0 1 0 1 0 2 1 0 0 2 0 0 0 1 0 2 0 1 0 0 0 2 0 3 0 2 1 0 0 0 0 2 0 0 1 0 0 2 1 0 1 0 1 0 0 2 0 2 0 1 0 0 0 3 0 1 0 3 0 0 0 0 0 1 0 2 0 1 0 3 0 1 0 2 0 1 1 0 0 3 0 2 1 0 0 0 0 3 0 0 1 0 0 0 0 3 0 3 0 2 0 2 0 0 1 0 0 1 0 0 0 1 0 0 0 1 0 2 0 2 0 0 0 3 0 3 0 2 0 2 0 1 0 0 1 0 0 2 0 0 0 1 1 0 1 0 1 0 0 2 0 3 0 0 0 0 0 0 0 1 1 0 0 1 0 3 0 0 0 1 0 1 0 1 1 0 1 0 0 1 0 1 0 3 0 2 0 3 0 0 0 0 0 1 0 1 0 3 0 3 0 1 0 3 0 1 1 0 0 2 0 2 0 3 0 0 0 0 0 1 1 0 1 0 0 1 0 1 1 0 0 3 0 2 0 1 0 3 0 2 0 2 0 1 0 3 0 3 0 3 0 2 0 1 1 0 0 3 0 3 0 0 0 2 0 2 1 0 0 2 1 0 0 2
0 567 2 1 0 1 0 0 2 1 0 0 1 0 1 0 3 0 2 1 0 0 2 0 3 0 2 0 0 0 3 0 0 1 0 0 2 1 0 0 1 0 1 0 1 0 0 1 0 0 0 0 0 0 0 0 1 0 0 0 1 0 0 0 1 0 3 0 0 0 1 0 2 1 0 1 0 0 0 0 0 0 2 0 0 0 0 1 0 0 3 0 1 0 1 0 0 1 0 0 3 0 1 0 3 0 1 0 1 0 3 0 1 1 0 0 0 0 2 0 3 0 0 0 3 0 0 0 2 0 0 0 1 0 3 0 2 1 0 1 0 0 2 0 0 1 0 1 0 1 0 0 3 0 2 0 2 0 1 0 0 0 3 0 3 0 2 0 2 1 0 0 1 0 2 0 0 0 0 1 0 0 0 0 0 1 0 0 1 0 0 0 2 0 2 0 1 1 0 1 0 1 0 0 0 0 0 1 0 1 0 0 0 0 1 0 1 0 3 0 0 1 0 0 3 0 2 0 2 0 1 0 2 1 0 0 2 0 0 0 0 0 3 0 1 0 1 0 0 1 0 0 1 1 0 0 3 0 2 0 2 1 0 0 3 0 0 0 0 0 2 0 1 0 0 0 0 0 0 0 0 0 1 0 0 0 1 0 1 0 0 0 2 0 2 0 3 0 3 0 0 1 0 1 0 0 1 0 2 1 0 0 3 0 1 0 0 0 3 0 1 1 0 0 0 1 0 0 2 1 0 0 1 0 0 1 0 1 0 0 0 0 0 0 3 0 1 0 1 1 0 0 2 0 1 0 0 0 2 1 0 1 0 0 2 1 0 0 1 0 0 0 0 0 2 0 1 1 0 0 1 0 1 0 2 0 3 0 0 0 2 0 3 0 1 0 0 0 2 0 3 0 1 0 0 0 2 0 0 0 3 0 0 0 0 0 2 0 2 0 3 0 1 0 0 0 3 0 1 0 3 0 3 0 0 1 0 0 0 1 0 1 0 0 0 0 2 0 1 0 0 0 0 0 3 0 3 0 2 0 1 0 1 0 2 0 2 1 0 0 0 0 3 0 1 0 3 0 2 0 1 0 2 0 1 0 0 0 2 0 3 0 2 0 2 1 0 0 3 0 0 0 0 0 0 0 1 0 2 0 1 0 0 1 0 0 0 0 3 0 1 1 0 0 0 0 2 0 0 1 0 0 3 0 1 0 0 1 0 0 3 0 3 0 3 0 1 0 0 0 0 0 2 0 2 0 2 0 0 0 2 0 0 0 1 0 0 0 0
0 569 1 0 1 0 0 1 0 0 0 1 0 0 2 0 3 0 2 0 2 0 0 0 0 0 3 0 0 0 2 0 1 0 2 1 0 0 0 1 0 0 2 0 2 0 2 0 1 0 2 1 0 0 0 0 0 0 2 0 0 0 2 0 0 0 3 0 1 0 1 0 3 0 1 0 0 0 2 1 0 0 0 1 0 0 1 0 1 1 0 0 1 0 3 0 2 0 1 1 0 0 1 1 0 0 2 0 3 0 3 0 1 1 0 1 0 0 1 0 0 0 2 0 2 0 1 0 1 1 0 0 1 0 3 0 2 0 2 0 0 0 3 0 3 0 1 1 0 1 0 1 0 0 2 0 1 0 0 0 3 0 1 0 2 0 3 0 1 0 1 1 0 0 2 1 0 0 1 0 1 0 2 1 0 0 1 0 3 0 1 0 1 0 0 0 1 0 0 0 0 1 0 0 2 1 0 0 1 1 0 0 2 1 0 0 2 0 3 0 1 0 2 1 0 0 2 0 1 0 0 1 0 0 1 1 0 1 0 0 1 0 1 0 1 0 3 0 2 0 1 0 3 0 2 1 0 0 2 0 1 0 2 0 0 0 1 0 1 0 0 1 0 0 3 0 0 0 0 0 0 0 0 0 2 0 0 0 2 0 2 0 1 0 0 0 1 0 3 0 2 0 2 1 0 0 3 0 2 0 1 0 0 0 1 0 3 0 1 0 1 1 0 1 0 0 1 1 0 0 0 1 0 0 2 0 1 1 0 0 2 1 0 0 1 0 1 0 3 0 3 0 3 0 3 0 2 0 1 0 1 0 0 1 0 0 0 1 0 0 2 0 0 0 0 1 0 1 0 1 0 0 2 0 3 0 0 0 2 0 2 0 0 0 2 0 3 0 1 0 0 0 2 0 3 0 0 1 0 0 2 0 1 0 1 0 1 0 0 0 1 0 2 0 3 0 1 0 1 1 0 0 3 0 2 0 2 0 3 0 0 1 0 0 2 1 0 1 0 0 3 0 0 0 1 0 2 0 3 0 0 0 3 0 3 0 0 0 1 1 0 0 1 0 1 1 0 0 3 0 0 1 0 0 0 0 3 0 1 0 0 0 3 0 1 0 2 0 0 0 1 0 1 0 0 0 0 0 2 1 0 0 3 0 1 0 3 0 0 0 1 1 0 1 0 0 0 1 0 0 2 1 0 0 1 0 3 0 1 1 0 0 2 0 3 0 2 0 3 0 0 0 1 0 0 0 1 0 0 0 1 1 0 0 1 0 2 0 0 0 0
0 569 2 0 2 0 1 0 3 0 0 1 0 0 0 0 3 0 1 0 0 0 1 0 1 0 1 0 1 1 0 1 0 0 1 1 0 0 1 1 0 0 0 0 1 0 0 1 0 0 1 1 0 0 0 0 0 1 0 0 1 1 0 0 2 0 1 0 3 0 3 0 1 0 3 0 1 0 0 1 0 0 1 0 3 0 1 0 3 0 3 0 2 0 2 0 0 1 0 1 0 1 0 0 0 0 0 0 3 0 3 0 0 0 0 0 3 0 1 0 1 0 0 0 0 0 3 0 3 0 3 0 2 0 2 0 1 0 0 0 2 0 2 0 3 0 0 0 0 1 0 0 3 0 3 0 2 0 1 0 1 1 0 0 1 0 2 1 0 0 0 0 0 0 0 1 0 0 2 0 3 0 0 1 0 0 3 0 1 0 3 0 2 0 0 0 2 0 0 0 1 1 0 0 0 1 0 1 0 0 0 0 1 0 0 0 0 0 2 1 0 0 1 1 0 1 0 0 3 0 1 0 3 0 2 1 0 0 3 0 1 0 2 0 3 0 2 0 0 1 0 0 3 0 1 1 0 1 0 1 0 0 0 0 1 0 2 0 2 0 1 1 0 0 1 0 1 0 0 0 0 0 0 1 0 0 2 0 0 0 0 0 3 0 0 0 3 0 2 0 1 0 2 0 0 0 2 0 0 0 3 0 0 0 3 0 1 1 0 0 0 0 0 0 3 0 2 0 3 0 0 1 0 0 0 0 0 0 0 0 0 1 0 0 2 0 3 0 2 0 3 0 3 0 3 0 0 0 3 0 2 0 1 0 3 0 0 0 3 0 3 0 0 0 1 1 0 1 0 1 0 0 0 0 2 0 2 0 0 0 0 0 2 0 0 0 2 0 3 0 1 0 0 0 2 0 2 0 3 0 3 0 2 0 2 0 2 0 0 0 3 0 0 0 2 1 0 0 0 0 0 0 2 0 1 0 1 0 2 0 2 1 0 0 1 0 0 1 0 0 1 0 1 0 3 0 0 0 2 0 2 0 2 0 2 0 1 0 3 0 3 0 1 1 0 0 0 0 1 0 2 0 3 0 0 0 1 0 3 0 1 0 1 1 0 0 0 0 1 0 2 0 2 0 0 0 1 0 1 0 0 0 1 1 0 0 2 0 1 1 0 0 0 0 3 0 0 1 0 0 0 1 0 0 3 0 2 0 0 0 0 0 0 0 3 0 1 0 2 0 1 0 2 0 0 0 2 0 0 0 3 0 3 0 1 1 0 0 1 0 0
0 571 1 0 0 0 0 1 0 0 2 0 2 0 3 0 0 0 1 0 3 0 0 0 2 0 2 0 2 1 0 0 0 0 3 0 2 0 3 0 2 0 2 1 0 0 2 0 1 0 3 0 2 0 2 1 0 0 1 0 3 0 2 0 3 0 3 0 3 0 2 0 2 1 0 0 2 0 3 0 1 0 3 0 2 0 1 1 0 0 3 0 3 0 1 0 0 0 2 1 0 1 0 0 2 1 0 0 1 0 2 0 2 0 1 0 1 0 1 0 3 0 2 0 0 0 1 0 2 0 3 0 3 0 1 0 0 0 3 0 1 0 0 0 1 0 2 0 1 0 1 1 0 0 2 0 3 0 0 0 3 0 3 0 3 0 2 0 0 1 0 0 0 0 0 0 1 1 0 0 0 0 2 0 2 1 0 0 1 1 0 0 3 0 0 0 1 1 0 0 1 0 3 0 3 0 0 1 0 0 2 1 0 0 2 0 0 0 1 0 0 1 0 1 0 0 0 1 0 0 1 1 0 0 3 0 2 0 0 0 1 1 0 0 1 0 3 0 0 0 2 1 0 0 2 0 0 0 0 1 0 0 2 1 0 0 3 0 0 0 0 1 0 1 0 0 2 0 2 0 0 0 0 0 1 0 3 0 3 0 0 0 1 0 1 0 2 0 2 0 0 1 0 0 0 0 1 1 0 0 2 0 1 0 2 0 1 1 0 1 0 0 0 0 1 0 2 0 1 0 2 0 2 0 2 1 0 0 0 0 0 0 1 1 0 0 0 0 3 0 1 0 3 0 3 0 2 0 2 0 2 0 0 1 0 0 2 0 2 0 2 0 2 0 1 1 0 0 0 1 0 0 3 0 0 0 0 0 0 0 1 0 0 1 0 0 2 0 0 0 2 0 3 0 1 0 0 0 1 0 3 0 3 0 1 0 1 0 0 0 2 0 1 0 2 0 0 1 0 0 0 0 0 1 0 0 3 0 3 0 0 0 1 1 0 0 2 0 1 0 3 0 1 0 3 0 1 0 2 0 0 0 1 0 1 0 0 1 0 0 3 0 2 1 0 1 0 0 0 0 3 0 0 0 2 0 1 0 3 0 1 0 3 0 3 0 2 1 0 0 3 0 0 0 0 0 1 0 2 0 2 0 0 0 3 0 3 0 3 0 3 0 3 0 0 0 1 0 2 0 3 0 0 1 0 0 2 0 0 0 1 0 0 0 1 0 1 1 0 0 0 1 0 0 0 0 1 1 0 0 2 0 2 0 2 1 0 1 0 0 2 0 0
0 571 2 0 0 0 1 1 0 0 0 0 1 0 2 0 1 0 3 0 1 0 2 0 0 0 1 0 1 1 0 0 1 0 2 0 1 0 3 0 1 0 1 1 0 1 0 1 0 0 3 0 1 0 1 1 0 0 3 0 2 0 1 0 3 0 3 0 3 0 1 0 2 0 0 0 0 0 2 1 0 0 3 0 1 0 0 0 0 0 2 0 2 0 3 0 1 0 1 0 0 1 0 0 0 1 0 0 3 0 0 0 0 0 3 0 2 0 3 0 2 0 0 0 1 0 3 0 0 0 3 0 2 0 3 0 1 0 1 0 3 0 0 0 2 1 0 1 0 0 0 0 0 0 0 0 2 0 2 0 2 0 3 0 3 0 0 0 2 0 2 1 0 0 0 0 3 0 3 0 0 0 0 0 1 1 0 1 0 0 0 0 1 0 1 0 3 0 3 0 2 0 2 0 2 0 2 1 0 0 0 1 0 1 0 0 1 0 2 0 1 1 0 0 3 0 0 0 3 0 2 1 0 0 2 0 0 0 1 0 3 0 3 0 2 0 1 0 2 0 0 1 0 1 0 0 1 0 1 1 0 0 1 0 0 0 1 0 1 0 1 1 0 1 0 0 0 0 0 0 1 0 0 0 3 0 2 0 2 0 1 0 2 0 3 0 0 0 0 0 2 0 2 1 0 0 3 0 3 0 3 0 3 0 0 0 0 0 0 0 2 1 0 0 2 1 0 1 0 0 1 0 1 0 1 1 0 0 0 0 0 0 3 0 3 0 0 0 1 1 0 0 3 0 3 0 1 0 1 0 0 0 2 1 0 0 0 0 1 0 1 0 0 1 0 1 0 0 1 1 0 0 1 0 1 0 0 0 0 0 2 0 1 0 3 0 3 0 1 0 0 0 2 0 3 0 0 0 3 0 2 0 2 0 3 0 2 0 0 1 0 1 0 0 0 0 2 0 2 1 0 0 1 1 0 0 2 0 2 0 1 0 3 0 3 0 3 0 3 0 1 1 0 0 2 1 0 0 0 0 1 0 2 0 2 0 1 1 0 0 2 0 2 0 0 0 3 0 0 0 1 0 1 1 0 1 0 0 2 1 0 0 3 0 3 0 2 0 0 0 1 0 1 0 0 0 3 0 0 0 0 0 2 0 2 0 3 0 3 0 3 0 2 0 1 0 3 0 0 0 2 0 2 0 3 0 3 0 0 0 2 0 0 0 2 0 3 0 3 0 0 0 2 1 0 1 0 0 0 0 0 0 1 0 2 0 0 0 3 0 3 0 0
0 572 1 0 0 1 0 3 0 2 1 0 0 2 1 0 1 0 0 2 1 0 0 0 0 1 0 2 0 3 0 3 0 1 1 0 1 0 0 2 1 0 0 0 0 0 1 0 1 0 0 1 1 0 0 0 0 0 0 2 0 0 1 0 0 3 0 3 0 2 1 0 0 0 0 1 0 1 0 1 0 0 0 1 0 3 0 0 0 1 0 0 0 1 0 2 0 3 0 2 0 1 0 3 0 0 1 0 0 1 0 1 0 1 0 2 0 1 0 3 0 0 0 1 0 3 0 1 0 2 0 2 0 1 0 2 0 3 0 3 0 1 0 2 0 1 0 0 0 2 1 0 0 0 0 1 0 0 0 1 0 1 0 3 0 2 0 2 0 0 0 1 1 0 0 1 0 2 0 2 0 1 0 0 1 0 0 0 0 2 1 0 0 2 0 3 0 2 0 3 0 1 0 1 0 1 0 1 1 0 0 1 1 0 0 3 0 2 0 0 0 0 0 0 0 1 0 2 0 2 0 1 1 0 1 0 0 1 0 3 0 2 0 3 0 0 1 0 0 0 0 2 1 0 0 3 0 1 0 3 0 3 0 1 0 0 0 2 0 2 1 0 0 0 0 2 1 0 0 0 0 2 0 1 0 2 0 1 0 0 1 0 0 1 0 2 0 1 0 1 0 0 0 2 0 0 0 2 0 3 0 3 0 2 0 1 0 0 0 1 0 1 0 0 0 1 0 0 0 3 0 1 0 2 0 3 0 2 1 0 0 1 0 2 0 2 0 1 1 0 0 0 0 2 0 2 0 3 0 2 0 1 0 0 1 0 0 0 0 2 0 2 0 1 1 0 0 3 0 2 0 3 0 1 0 2 0 0 0 0 1 0 1 0 0 3 0 2 0 3 0 1 0 0 0 2 0 2 0 2 0 1 0 1 0 3 0 0 0 2 1 0 0 3 0 0 0 0 0 1 1 0 1 0 0 0 0 0 0 0 1 0 0 3 0 3 0 3 0 3 0 0 0 0 0 0 1 0 0 0 0 3 0 0 0 1 0 0 0 0 0 0 0 0 0 2 0 1 0 1 0 2 1 0 0 0 1 0 0 1 0 0 0 2 0 3 0 0 0 1 0 2 0 2 0 1 0 1 0 1 0 1 0 0 0 1 0 3 0 3 0 3 0 0 1 0 0 2 0 2 0 0 0 1 0 3 0 2 0 1 1 0 0 2 0 0 0 3 0 2 0 2 0 1 0 0 0 2 1 0 0 0 0 2 1 0 0 2 0 2 0 2 0 1
1 573 1 0 3 0 2 0 2 0 2 0 0 0 1 0 0 1 0 0 0 1 0 0 0 0 3 0 0 0 3 0 3 0 0 0 0 1 0 0 0 1 0 0 0 0 1 1 0 0 3 0 2 0 2 1 0 0 0 1 0 0 2 1 0 0 2 0 3 0 1 1 0 0 0 0 2 0 2 0 2 0 0 0 3 0 1 0 1 0 2 0 0 0 3 0 0 0 3 0 0 1 0 0 2 0 2 0 3 0 1 0 2 0 2 1 0 1 0 0 2 0 1 0 3 0 1 1 0 0 1 0 0 1 0 0 1 0 3 0 2 1 0 0 0 0 3 0 1 0 0 1 0 0 0 0 2 0 0 0 2 0 3 0 2 0 1 0 0 0 1 0 3 0 3 0 2 0 0 0 0 0 3 0 1 0 3 0 0 0 1 0 0 0 0 0 3 0 1 0 2 0 3 0 2 0 2 0 3 0 3 0 2 1 0 0 2 0 0 0 1 0 0 0 0 0 3 0 0 0 1 0 0 0 0 0 3 0 2 0 2 0 1 0 2 0 2 0 3 0 0 0 1 0 0 0 1 1 0 0 3 0 2 0 3 0 1 0 0 0 1 1 0 0 1 0 0 1 0 0 0 1 0 1 0 0 0 0 3 0 1 0 3 0 1 1 0 0 3 0 2 0 0 1 0 0 2 0 0 0 3 0 3 0 0 0 3 0 0 0 2 0 2 0 0 0 2 0 1 0 1 1 0 0 1 0 3 0 1 1 0 0 3 0 0 0 0 1 0 1 0 0 1 0 0 0 1 0 3 0 0 0 3 0 1 0 3 0 0 0 0 0 1 0 0 0 0 0 2 0 1 0 2 1 0 0 0 0 1 0 1 1 0 1 0 0 2 0 1 0 2 0 3 0 1 0 0 0 1 0 0 0 3 0 3 0 1 0 2 0 1 0 0 0 1 0 1 0 0 1 0 0 0 0 2 1 0 0 0 0 1 1 0 0 2 0 3 0 3 0 2 0 1 0 0 0 1 0 3 0 0 0 1 0 1 0 2 0 0 0 0 0 0 0 0 1 0 0 3 0 3 0 0 1 0 0 1 0 3 0 1 0 1 0 0 0 2 0 1 0 3 0 0 0 0 0 3 0 2 0 2 0 2 0 0 0 3 0 2 0 3 0 2 0 2 1 0 0 0 0 0 0 1 0 3 0 2 0 0 1 0 1 0 1 0 0 2 0 2 0 1 0 0 0 3 0 1 0 0 1 0 0 1 0 1 0 0 0 0 0 1 0 0 1 0
1 573 3 0 2 0 1 0 1 0 0 0 1 0 2 0 1 0 3 0 0 0 3 0 0 0 1 0 2 0 2 0 2 0 1 0 1 0 3 0 0 0 2 1 0 1 0 0 0 0 2 0 1 0 1 1 0 0 1 1 0 0 1 0 0 0 0 0 2 1 0 1 0 0 1 0 0 0 1 0 0 0 2 0 1 0 3 0 2 1 0 0 2 0 1 0 2 0 1 0 2 1 0 0 0 0 1 0 2 1 0 0 1 0 2 0 0 0 3 0 3 0 3 0 1 1 0 1 0 0 2 0 1 0 3 0 2 0 2 0 1 1 0 0 1 0 1 0 3 0 1 0 2 1 0 1 0 0 2 0 0 0 3 0 0 0 3 0 0 0 3 0 2 0 3 0 0 0 1 0 1 0 1 1 0 0 2 0 1 0 2 0 0 0 1 0 1 1 0 0 1 0 3 0 1 0 1 0 3 0 3 0 1 1 0 1 0 0 1 0 2 0 0 0 1 0 1 0 1 0 2 0 0 0 1 0 2 0 1 0 0 1 0 0 1 0 1 0 2 0 1 0 2 0 0 1 0 0 0 0 2 0 1 0 2 0 3 0 0 0 3 0 3 0 1 0 1 0 3 0 0 1 0 0 3 0 0 0 1 1 0 0 3 0 0 0 0 0 2 0 0 0 2 0 3 0 3 0 1 0 2 0 2 0 2 0 1 0 2 0 0 0 0 0 1 1 0 0 3 0 3 0 3 0 2 0 2 0 0 0 0 0 1 0 1 0 1 1 0 0 3 0 1 0 0 0 3 0 1 0 2 0 1 1 0 0 2 0 1 0 0 0 2 0 0 0 0 1 0 1 0 0 1 1 0 0 0 0 2 1 0 0 0 0 3 0 3 0 3 0 0 0 2 0 3 0 0 0 2 0 1 0 2 0 2 1 0 0 0 0 3 0 0 0 2 0 2 0 1 0 3 0 0 0 0 1 0 0 0 1 0 0 0 0 0 0 3 0 3 0 0 0 3 0 0 0 3 0 1 0 1 0 2 0 2 1 0 0 1 0 0 0 0 0 1 1 0 0 2 0 2 0 2 0 3 0 2 0 1 0 3 0 2 0 0 1 0 1 0 0 2 0 1 0 1 0 2 0 1 0 1 0 0 0 2 0 2 0 1 0 3 0 1 0 1 1 0 0 0 0 0 0 3 0 2 0 0 0 2 1 0 1 0 1 0 0 0 0 0 0 3 0 1 0 1 0 3 0 1 0 3 0 1 0 2 0 0 0 0 0 2 0 1 0 2
0 575 1 0 2 0 0 0 3 0 2 0 0 0 2 1 0 1 0 0 2 0 2 0 1 0 1 0 3 0 0 0 1 0 0 0 3 0 3 0 1 0 2 0 1 0 0 0 2 1 0 1 0 0 3 0 3 0 3 0 2 0 3 0 1 0 0 0 1 0 1 0 0 0 3 0 1 0 0 0 2 0 0 1 0 1 0 0 3 0 1 1 0 1 0 1 0 0 0 1 0 0 1 1 0 0 0 0 3 0 0 1 0 0 2 1 0 0 2 0 2 0 3 0 3 0 0 0 0 0 3 0 3 0 3 0 2 0 1 0 0 1 0 1 0 0 2 0 3 0 1 1 0 0 2 0 0 0 3 0 3 0 1 0 1 0 2 0 1 0 2 0 2 0 1 0 2 0 1 0 2 0 2 0 3 0 3 0 3 0 2 1 0 0 1 0 2 0 3 0 3 0 2 0 1 0 3 0 3 0 2 0 3 0 0 0 0 0 3 0 1 1 0 0 1 0 2 0 2 0 2 1 0 0 1 0 2 1 0 0 3 0 1 0 3 0 1 0 2 1 0 1 0 0 0 0 2 0 2 1 0 1 0 1 0 0 1 0 2 0 2 0 2 0 2 0 3 0 3 0 1 0 2 1 0 0 1 0 1 1 0 0 0 0 1 0 1 0 0 1 0 0 2 0 0 0 3 0 2 1 0 0 1 0 1 0 0 1 0 0 0 0 1 0 0 1 0 0 0 0 2 0 3 0 3 0 1 0 0 0 1 0 0 0 2 0 2 1 0 0 0 0 1 0 3 0 1 0 1 1 0 0 0 1 0 1 0 1 0 0 3 0 0 1 0 0 1 0 1 1 0 0 3 0 2 0 3 0 0 0 0 1 0 0 1 0 2 0 3 0 2 0 2 0 0 0 2 0 1 1 0 1 0 0 1 0 1 1 0 0 1 0 1 0 2 0 0 0 0 1 0 0 2 0 1 0 1 0 3 0 0 0 2 1 0 0 1 0 2 0 2 0 2 0 1 0 2 0 1 0 3 0 3 0 0 0 1 1 0 0 2 0 0 0 0 1 0 0 0 0 0 0 1 0 1 0 3 0 0 1 0 0 3 0 0 0 2 1 0 0 3 0 3 0 2 0 2 1 0 0 3 0 2 0 1 0 0 0 0 1 0 0 2 0 3 0 3 0 2 1 0 0 1 0 2 0 0 0 2 0 1 0 0 1 0 0 2 1 0 0 1 0 1 0 3 0 3 0 1 1 0 0 2 1 0 0 0 0 1 0 0 1 0 1 0 0 1
0 575 2 1 0 0 2 0 2 0 0 0 2 0 1 0 0 1 0 0 0 0 0 0 3 0 3 0 1 0 1 0 2 0 1 0 2 0 2 1 0 0 0 0 3 0 1 0 1 0 0 1 0 0 2 0 3 0 3 0 1 0 2 0 3 0 0 0 2 0 2 0 1 0 1 0 3 0 0 1 0 0 2 1 0 1 0 0 2 0 0 0 0 1 0 0 3 0 0 0 3 0 2 0 3 0 0 0 1 0 2 1 0 0 1 0 0 0 0 0 1 0 3 0 2 0 1 0 1 0 2 0 3 0 3 0 0 0 3 0 1 1 0 1 0 0 0 0 2 1 0 1 0 1 0 0 2 0 2 0 2 0 3 0 2 1 0 1 0 0 1 0 0 1 0 0 0 1 0 0 1 0 1 0 3 0 3 0 3 0 1 1 0 0 3 0 0 0 3 0 3 0 0 1 0 0 3 0 3 0 1 0 2 0 1 0 1 0 1 1 0 1 0 0 3 0 0 0 1 0 1 1 0 0 3 0 1 0 0 0 1 1 0 0 2 1 0 0 2 0 0 0 3 0 0 0 0 0 2 0 0 1 0 0 3 0 2 0 0 0 1 0 1 0 1 0 3 0 2 1 0 0 1 1 0 0 2 0 3 0 2 1 0 0 2 0 2 0 1 0 3 0 3 0 1 0 2 0 1 1 0 0 2 0 2 0 1 0 2 1 0 0 2 0 1 0 3 0 0 0 0 0 3 0 2 0 3 0 0 0 2 0 1 0 0 0 1 1 0 0 0 0 3 0 1 0 3 0 3 0 3 0 0 1 0 1 0 1 0 0 1 0 2 0 3 0 1 1 0 0 0 0 2 0 1 0 2 0 1 0 1 0 3 0 2 0 0 0 3 0 1 0 0 0 2 0 0 0 0 0 0 0 3 0 1 0 3 0 3 0 1 0 2 1 0 0 1 0 1 0 3 0 3 0 2 0 3 0 1 0 2 0 0 1 0 0 3 0 0 0 1 0 0 1 0 0 0 1 0 0 3 0 2 0 1 0 3 0 3 0 3 0 0 0 1 0 2 1 0 0 0 0 2 0 3 0 1 0 2 1 0 0 1 0 2 0 1 0 0 0 2 0 3 0 1 0 2 0 0 0 2 0 0 0 3 0 0 0 1 1 0 0 0 0 3 0 3 0 1 1 0 0 2 1 0 0 1 1 0 0 3 0 1 1 0 0 0 1 0 0 2 0 3 0 2 0 3 0 0 0 0 0 0 1 0 0 0 0 2 0 1 1 0 0 3 0 1
1 577 1 0 1 0 0 0 0 0 0 0 1 1 0 0 3 0 1 0 2 1 0 0 1 0 2 0 2 0 3 0 2 1 0 1 0 0 1 0 1 1 0 0 1 0 1 0 3 0 2 0 1 1 0 0 0 0 3 0 2 1 0 0 1 0 2 0 2 0 0 0 0 0 3 0 3 0 1 0 2 1 0 0 1 0 0 0 3 0 3 0 0 0 1 1 0 0 1 0 2 0 2 0 1 0 2 0 1 0 3 0 0 1 0 0 2 0 0 0 0 0 3 0 2 0 0 0 3 0 3 0 0 0 3 0 2 0 2 0 2 0 0 0 0 0 3 0 0 0 1 0 0 1 0 1 0 0 0 0 1 0 1 0 3 0 2 0 0 0 3 0 1 0 1 0 3 0 0 0 3 0 1 0 3 0 2 0 3 0 3 0 0 0 0 0 1 0 2 0 2 0 2 0 2 1 0 0 2 0 2 1 0 0 0 0 3 0 2 1 0 0 0 1 0 0 1 0 1 0 2 1 0 0 0 0 1 0 3 0 0 1 0 0 0 0 0 1 0 1 0 0 2 0 1 0 1 0 0 1 0 0 2 1 0 0 2 0 0 0 1 0 2 0 2 0 3 0 2 0 1 1 0 1 0 0 0 0 0 0 3 0 2 0 0 0 0 0 0 1 0 0 3 0 2 1 0 0 1 0 0 0 0 0 0 0 0 1 0 0 1 1 0 1 0 1 0 0 2 0 1 0 1 0 2 0 1 0 2 0 1 1 0 0 3 0 0 0 3 0 3 0 0 0 1 1 0 0 3 0 3 0 2 0 2 1 0 1 0 0 3 0 2 0 0 0 2 1 0 1 0 0 0 1 0 1 0 0 0 0 3 0 3 0 2 0 0 0 2 0 1 0 3 0 0 1 0 0 1 0 0 0 1 0 1 1 0 0 3 0 2 1 0 0 1 1 0 0 2 0 3 0 2 0 3 0 1 0 2 1 0 0 0 0 2 1 0 0 1 0 1 0 2 0 1 0 3 0 0 1 0 0 2 0 0 1 0 0 3 0 3 0 2 0 1 0 3 0 0 1 0 0 1 0 0 0 2 1 0 0 1 1 0 0 2 1 0 0 3 0 1 0 0 0 2 1 0 0 0 0 1 1 0 0 2 0 1 0 1 0 3 0 3 0 0 0 2 0 3 0 0 0 0 0 0 1 0 1 0 0 0 0 1 1 0 1 0 0 1 1 0 0 0 0 3 0 1 0 2 0 1 0 0 0 1 0 3 0 0 0 0 0 0 0 0 0 1 1 0
1 577 2 0 2 0 0 0 0 0 0 1 0 0 0 0 1 1 0 0 1 1 0 0 3 0 0 0 1 0 3 0 2 0 0 0 3 0 1 0 3 0 3 0 1 0 3 0 2 0 0 1 0 1 0 0 1 0 2 0 1 1 0 0 3 0 0 0 0 0 1 0 1 0 2 0 2 1 0 0 1 1 0 0 2 0 1 0 2 0 2 0 1 0 3 0 3 0 2 0 0 0 0 1 0 0 0 1 0 0 2 0 2 0 3 0 3 0 0 0 1 0 2 0 0 0 2 0 2 0 2 0 2 0 2 0 1 0 1 0 0 0 1 0 1 0 1 0 1 0 2 0 1 1 0 0 2 1 0 0 2 0 3 0 2 0 0 0 2 0 1 0 3 0 3 0 1 0 2 0 1 1 0 0 3 0 1 0 3 0 2 0 1 0 0 0 3 0 0 0 1 0 1 0 2 0 0 0 0 0 1 1 0 0 1 0 2 0 1 1 0 0 1 0 3 0 1 0 3 0 0 1 0 0 0 0 3 0 1 0 2 0 2 1 0 0 1 1 0 0 3 0 3 0 2 0 2 0 1 1 0 0 0 1 0 1 0 0 1 0 3 0 0 0 1 0 3 0 1 0 0 0 0 0 2 1 0 0 1 0 2 0 0 0 1 0 0 0 1 1 0 0 2 0 1 1 0 0 2 0 0 0 0 0 0 0 1 0 3 0 2 1 0 1 0 0 3 0 3 0 2 0 2 1 0 1 0 0 1 0 0 0 0 0 1 0 2 0 2 0 2 0 1 1 0 0 0 0 2 0 3 0 1 0 2 0 0 1 0 0 2 0 0 0 2 0 1 0 0 0 3 0 0 1 0 0 3 0 0 0 2 0 3 0 0 0 1 1 0 1 0 0 2 0 2 0 3 0 1 0 0 0 2 1 0 0 0 0 2 0 1 1 0 1 0 0 0 0 0 0 3 0 1 0 2 1 0 0 1 1 0 0 1 0 0 1 0 0 2 0 2 1 0 1 0 0 2 0 2 0 3 0 3 0 1 1 0 0 2 0 3 0 0 1 0 0 2 0 2 0 3 0 1 0 1 0 0 1 0 1 0 0 0 0 1 0 0 0 1 0 3 0 1 0 0 1 0 0 0 0 3 0 3 0 3 0 2 0 3 0 2 0 2 0 2 0 0 0 2 0 1 0 0 0 1 1 0 0 2 1 0 1 0 0 0 0 3 0 2 0 3 0 0 0 1 1 0 0 0 0 3 0 0 0 3 0 1 0 1 0 0 0 0 0 0 0 3 0 2
0 579 1 0 0 0 0 0 1 0 0 0 1 0 2 1 0 0 3 0 3 0 2 1 0 0 1 0 1 0 3 0 2 0 0 0 2 0 1 1 0 0 3 0 2 1 0 0 3 0 0 0 2 1 0 0 3 0 2 0 0 0 0 0 0 0 1 0 1 0 0 0 2 0 3 0 0 0 1 1 0 0 3 0 3 0 3 0 3 0 0 0 0 1 0 0 3 0 3 0 0 0 1 0 1 0 3 0 0 1 0 0 0 0 1 0 3 0 2 0 1 0 2 1 0 0 2 0 0 0 1 0 1 0 1 0 0 0 3 0 2 0 0 0 2 0 2 0 2 0 3 0 0 0 0 0 0 0 1 0 0 0 0 0 3 0 0 0 1 1 0 1 0 0 3 0 2 1 0 0 1 0 0 0 0 0 1 1 0 0 3 0 0 0 3 0 1 0 1 0 1 0 2 0 2 1 0 0 1 0 0 0 3 0 3 0 1 1 0 1 0 1 0 0 3 0 1 1 0 0 2 0 2 0 3 0 0 0 1 1 0 0 1 0 1 1 0 1 0 0 0 0 2 0 3 0 1 0 0 1 0 1 0 0 1 1 0 0 3 0 2 0 1 0 1 0 3 0 1 0 3 0 0 0 1 0 0 1 0 0 2 1 0 0 1 0 2 0 0 0 3 0 3 0 3 0 3 0 3 0 3 0 0 0 0 0 0 0 3 0 2 0 2 0 0 1 0 0 2 0 3 0 1 0 2 0 0 0 3 0 1 0 0 0 0 0 3 0 0 0 1 0 0 1 0 1 0 0 1 0 0 0 2 1 0 0 0 0 2 0 3 0 3 0 0 1 0 0 3 0 1 0 1 0 2 1 0 0 1 0 2 0 0 0 2 0 1 1 0 0 0 1 0 0 0 0 1 0 2 0 3 0 1 0 0 1 0 0 1 0 0 0 0 0 0 0 2 1 0 0 1 0 1 1 0 0 1 1 0 0 3 0 3 0 1 0 1 1 0 0 0 0 2 0 0 1 0 0 0 0 1 0 3 0 3 0 0 0 0 0 0 0 2 0 2 1 0 0 0 0 1 0 2 0 3 0 2 0 1 1 0 0 2 1 0 0 2 0 0 0 3 0 1 0 3 0 1 0 3 0 0 0 2 0 3 0 3 0 1 0 3 0 1 0 1 0 0 0 1 1 0 0 3 0 0 1 0 0 0 0 1 0 0 0 3 0 0 0 2 0 1 0 2 0 1 0 3 0 3 0 0 0 1 0 2 0 1 0 3 0 2 0 0 0 0 0 1 0 2 0 1
1 579 2 0 0 0 0 0 2 0 0 0 3 0 1 0 0 0 2 0 3 0 1 1 0 0 2 0 3 0 2 0 0 0 2 0 0 0 0 0 0 0 2 0 2 0 0 0 1 0 2 0 1 0 0 0 2 0 0 0 1 0 0 0 0 0 2 0 2 0 1 0 0 0 2 0 1 1 0 0 0 0 2 0 3 0 3 0 2 0 1 0 1 1 0 0 2 0 2 0 1 0 2 0 3 0 1 0 2 0 2 1 0 0 3 0 2 0 0 1 0 0 1 1 0 1 0 0 1 0 2 0 2 0 2 0 1 0 2 0 0 0 2 0 0 0 1 0 1 0 2 0 1 0 0 0 0 0 2 0 0 0 1 0 1 0 1 1 0 0 0 1 0 0 2 0 1 1 0 0 2 0 0 0 0 1 0 0 0 0 1 0 2 0 1 0 3 0 2 0 3 0 0 0 1 1 0 0 2 0 1 0 2 0 3 0 0 0 0 1 0 1 0 0 2 0 0 0 0 0 0 0 1 0 2 0 1 0 3 0 3 0 1 1 0 0 0 0 3 0 0 0 0 0 2 0 3 0 1 1 0 0 3 0 2 1 0 0 2 0 0 0 3 0 3 0 1 1 0 0 2 0 1 0 2 0 1 1 0 0 0 1 0 0 2 1 0 0 2 0 2 0 3 0 3 0 3 0 3 0 2 0 1 0 0 0 1 0 2 0 1 0 0 0 2 1 0 0 0 0 2 1 0 0 0 0 2 0 1 0 3 0 0 0 1 0 1 0 1 0 2 0 1 1 0 0 3 0 1 0 1 0 0 1 0 0 1 0 0 0 3 0 2 0 2 1 0 0 1 0 3 0 3 0 0 1 0 0 2 1 0 0 1 1 0 1 0 1 0 0 1 0 2 1 0 0 3 0 0 0 2 0 3 0 1 0 3 0 1 0 0 0 0 0 1 0 0 1 0 0 2 0 3 0 3 0 2 1 0 0 2 0 2 0 3 0 3 0 2 1 0 1 0 0 2 0 2 1 0 0 3 0 2 0 2 0 1 0 0 0 1 0 0 0 1 1 0 0 0 0 3 0 0 0 3 0 1 0 0 0 0 0 0 1 0 1 0 0 2 0 1 1 0 0 2 1 0 0 2 0 2 0 0 0 3 0 2 1 0 0 2 0 3 0 2 0 0 1 0 0 0 0 1 0 2 0 2 1 0 0 2 0 1 0 1 0 1 1 0 1 0 0 0 1 0 0 3 0 2 0 1 0 2 1 0 1 0 0 3 0 0 0 1 0 0 0 2 1 0 1 0
1 580 1 0 0 1 0 0 1 0 0 2 0 1 0 3 0 1 0 0 0 3 0 0 0 0 0 0 0 3 0 0 0 1 1 0 0 1 0 0 0 1 0 0 0 0 0 1 0 2 1 0 0 3 0 0 1 0 0 1 0 2 0 0 0 1 0 0 0 0 0 3 0 0 1 0 1 0 1 0 0 1 0 0 0 3 0 3 0 0 1 0 0 0 0 0 0 0 0 0 1 0 0 1 0 2 1 0 0 1 0 2 0 0 0 2 0 0 0 2 0 3 0 2 1 0 0 3 0 2 0 0 0 1 0 0 1 0 0 0 0 1 1 0 0 1 0 2 0 2 1 0 0 3 0 0 0 0 1 0 0 1 0 2 0 2 0 3 0 3 0 0 0 3 0 3 0 3 0 3 0 3 0 0 0 1 0 2 1 0 0 2 1 0 1 0 0 3 0 1 0 2 0 1 0 3 0 3 0 3 0 3 0 0 0 2 0 1 0 1 1 0 0 3 0 3 0 0 0 0 0 0 0 2 1 0 1 0 0 3 0 2 1 0 1 0 0 1 0 1 0 1 0 1 0 0 0 3 0 0 0 0 0 2 0 1 1 0 1 0 0 2 0 2 0 2 1 0 1 0 1 0 1 0 0 0 1 0 1 0 0 1 1 0 0 1 0 0 0 0 0 1 0 3 0 3 0 3 0 3 0 0 0 3 0 0 0 2 1 0 0 3 0 1 0 0 1 0 0 1 0 0 1 0 0 0 1 0 1 0 0 2 0 1 0 2 0 2 0 3 0 0 0 0 0 0 0 1 0 3 0 2 0 1 0 3 0 1 0 1 0 2 0 1 0 1 1 0 0 3 0 2 0 2 0 2 1 0 0 0 1 0 1 0 0 0 1 0 0 3 0 2 0 1 0 0 0 1 0 2 0 0 0 2 1 0 0 2 0 3 0 0 0 0 0 2 0 1 1 0 0 0 0 3 0 3 0 2 0 0 0 0 0 1 0 3 0 3 0 2 0 0 1 0 0 0 0 2 0 0 0 2 0 1 0 0 0 3 0 0 0 2 0 0 0 3 0 3 0 0 0 1 0 2 0 1 0 3 0 0 0 0 0 1 1 0 1 0 0 0 0 0 0 0 0 1 0 0 0 0 0 0 0 2 0 2 0 2 0 0 0 0 0 3 0 0 0 2 0 2 1 0 0 3 0 0 0 1 1 0 1 0 0 3 0 2 1 0 0 0 0 3 0 0 1 0 0 2 0 0 1 0 0 2 0 0 1 0 0 1 0 1 0 2 0 1 0 1 0 0 0 2
0 581 1 0 3 0 1 0 1 0 3 0 3 0 3 0 1 0 3 0 1 0 1 0 1 0 0 0 1 0 1 0 1 0 3 0 3 0 1 0 0 0 2 0 0 0 0 0 3 0 1 0 0 0 1 0 2 0 3 0 1 1 0 0 1 0 2 0 0 0 1 0 1 0 2 1 0 1 0 0 3 0 1 0 1 0 2 0 2 0 2 0 2 1 0 0 0 0 0 0 1 0 3 0 2 0 0 1 0 0 2 1 0 0 1 1 0 0 2 0 0 0 3 0 2 0 0 0 2 0 0 0 1 0 2 0 1 0 2 1 0 0 3 0 3 0 2 0 0 0 2 0 0 0 1 0 1 0 1 0 3 0 2 0 0 0 1 0 3 0 2 0 2 0 2 0 3 0 3 0 3 0 2 0 1 0 3 0 1 0 0 0 1 0 0 1 0 0 1 1 0 0 0 1 0 0 3 0 3 0 3 0 2 0 1 1 0 1 0 0 0 0 0 0 2 0 2 0 1 0 0 0 1 0 1 0 0 1 0 0 2 0 2 0 0 0 3 0 1 0 2 0 2 0 2 0 1 0 1 0 1 0 1 0 0 0 0 0 0 1 0 0 0 0 1 0 2 0 0 1 0 1 0 0 3 0 0 1 0 0 3 0 2 0 3 0 1 0 0 0 0 0 3 0 2 0 3 0 3 0 2 0 2 0 1 0 2 0 1 0 0 0 1 0 3 0 1 0 3 0 1 0 1 0 3 0 0 1 0 0 3 0 3 0 3 0 0 0 1 0 2 0 1 0 0 0 0 0 3 0 2 0 0 1 0 0 2 0 3 0 2 1 0 1 0 0 0 0 0 0 2 0 1 0 1 0 1 1 0 0 1 1 0 0 3 0 0 1 0 0 2 0 0 0 3 0 0 0 2 1 0 0 2 0 1 0 0 0 0 0 2 0 1 0 0 1 0 1 0 1 0 0 1 0 2 0 3 0 0 0 1 0 0 0 3 0 2 0 3 0 0 0 2 0 2 1 0 1 0 0 1 1 0 0 3 0 1 0 1 0 1 1 0 0 2 0 2 0 2 0 1 0 2 1 0 1 0 0 2 0 1 0 0 1 0 0 0 0 2 1 0 0 0 0 0 0 2 0 0 0 0 0 1 0 0 0 1 0 0 0 1 0 1 0 1 0 2 0 0 0 2 0 0 0 1 0 1 1 0 0 0 1 0 0 2 0 1 1 0 0 1 0 1 0 2 0 3 0 3 0 1 0 3 0 3 0 1 0 3 0 1 0 2 1 0 0 3 0 2 0 1 0 0
0 581 3 0 1 0 3 0 3 0 2 0 3 0 2 1 0 0 2 0 3 0 2 0 2 0 0 0 2 0 2 0 3 0 2 0 2 0 3 0 0 1 0 0 1 0 1 0 1 0 3 0 0 0 3 0 0 0 2 1 0 1 0 0 2 1 0 0 1 0 2 0 3 0 1 0 0 1 0 0 1 0 3 0 3 0 0 0 1 0 1 0 1 1 0 0 0 0 0 0 3 0 2 0 0 0 2 1 0 0 0 1 0 0 3 0 3 0 3 0 1 0 2 0 0 0 1 1 0 0 1 0 2 1 0 1 0 0 2 0 0 0 2 0 3 0 0 0 1 1 0 0 1 0 2 0 2 0 3 0 2 0 0 0 1 0 3 0 2 0 1 0 1 0 1 0 3 0 3 0 3 0 0 1 0 0 2 0 3 0 0 0 2 0 1 0 3 0 2 0 3 0 0 1 0 0 2 0 3 0 3 0 1 0 0 0 0 0 2 1 0 0 1 0 0 0 0 0 3 0 0 0 2 0 2 0 1 1 0 0 0 0 0 0 2 0 1 1 0 0 1 0 1 0 0 0 3 0 2 0 2 0 2 0 0 0 0 0 1 0 2 1 0 0 2 1 0 0 2 1 0 1 0 0 1 0 2 1 0 0 2 0 1 0 2 0 3 0 0 0 1 0 2 0 1 0 3 0 3 0 1 0 0 1 0 0 0 0 3 0 0 0 3 0 1 1 0 0 2 0 3 0 3 0 1 0 2 1 0 0 2 0 3 0 2 0 1 0 2 1 0 0 3 0 0 0 1 0 2 0 0 0 2 1 0 0 0 0 3 0 2 0 0 0 2 1 0 0 0 1 0 0 3 0 2 0 3 0 3 0 2 1 0 0 1 0 2 0 3 0 3 0 1 0 1 0 2 0 0 1 0 1 0 0 3 0 0 0 0 1 0 0 3 0 1 1 0 1 0 0 3 0 2 0 0 0 2 0 1 0 2 0 1 0 2 0 1 0 2 0 2 0 0 0 2 0 0 0 3 0 2 1 0 0 1 0 3 0 2 1 0 0 0 0 0 0 1 0 0 1 0 0 2 0 0 0 3 0 3 0 2 0 1 0 3 0 0 0 0 1 0 0 0 0 0 1 0 0 1 0 0 0 2 0 0 0 2 0 0 0 2 0 2 0 2 1 0 0 1 1 0 0 1 0 2 0 3 0 3 0 0 0 3 0 3 0 3 0 3 0 1 0 3 0 0 0 3 0 2 1 0 0 3 0 2 1 0 0 2 1 0 0 2 0 0 0 2 0 0 0 3 0 0
0 583 1 0 1 1 0 0 3 0 3 0 1 0 3 0 2 0 0 0 0 0 3 0 1 0 0 0 2 0 0 0 1 0 3 0 1 0 1 0 2 0 2 0 3 0 1 0 2 0 3 0 1 0 2 0 1 0 2 0 1 0 0 1 0 0 0 1 0 0 3 0 0 0 2 0 3 0 1 0 3 0 2 0 2 0 2 0 1 0 2 0 2 0 3 0 2 1 0 0 1 0 2 0 0 0 2 0 0 1 0 0 1 1 0 0 2 0 3 0 2 1 0 0 0 0 1 0 3 0 3 0 2 0 1 0 0 0 3 0 3 0 1 0 0 0 2 0 1 0 3 0 3 0 2 0 0 0 1 0 3 0 0 0 1 0 3 0 2 0 0 0 3 0 2 0 3 0 2 0 3 0 2 0 2 1 0 0 0 0 2 0 1 1 0 1 0 0 3 0 1 0 2 0 2 1 0 0 0 0 3 0 2 0 3 0 0 0 1 0 0 1 0 0 2 0 0 0 1 0 1 0 2 0 0 0 0 1 0 1 0 0 0 0 0 1 0 1 0 1 0 0 2 0 2 0 1 0 2 0 1 0 1 0 0 0 1 0 0 0 3 0 1 0 0 0 1 0 0 0 1 0 0 0 3 0 2 0 0 1 0 1 0 1 0 0 1 0 2 0 1 0 2 1 0 1 0 0 3 0 2 0 3 0 1 0 3 0 0 0 1 0 2 0 2 0 0 0 0 0 0 0 3 0 2 1 0 0 2 0 0 0 0 0 3 0 0 1 0 0 2 0 0 0 1 0 1 0 2 1 0 0 2 0 0 1 0 0 1 0 2 0 0 0 2 0 0 1 0 0 1 1 0 0 2 0 1 0 3 0 3 0 1 1 0 0 3 0 0 0 3 0 2 0 3 0 2 1 0 0 2 1 0 1 0 0 1 0 1 0 1 1 0 0 2 0 0 0 0 1 0 0 2 0 0 0 1 1 0 1 0 0 0 1 0 0 0 1 0 0 1 0 0 0 1 1 0 0 2 0 2 0 1 1 0 0 3 0 2 0 1 1 0 0 0 0 0 0 2 0 1 0 3 0 3 0 1 0 2 0 3 0 0 1 0 0 2 0 1 0 1 0 2 1 0 0 1 0 3 0 1 0 0 1 0 0 1 1 0 0 2 0 0 0 1 0 1 1 0 0 3 0 3 0 2 0 0 0 3 0 2 0 2 0 2 0 3 0 3 0 2 1 0 0 2 0 2 0 2 0 2 0 0 0 2 0 2 0 0 0 0 1 0 1 0 0 1 1 0 0 2 0 1 0 1
1 583 2 1 0 0 0 0 2 0 2 1 0 0 3 0 0 0 1 0 1 0 1 0 3 0 0 1 0 0 1 0 3 0 1 0 3 0 3 0 0 0 1 0 2 1 0 0 1 0 2 1 0 0 0 1 0 0 0 0 3 0 1 0 3 0 0 1 0 0 1 0 2 0 0 0 2 1 0 0 3 0 1 0 1 0 0 1 0 0 1 0 1 0 3 0 1 1 0 0 2 1 0 0 1 1 0 0 2 0 3 0 2 1 0 0 0 0 3 0 1 1 0 0 0 0 3 0 2 0 3 0 0 0 3 0 1 0 2 0 2 0 3 0 0 1 0 1 0 0 3 0 3 0 0 0 1 0 3 0 1 0 1 0 3 0 2 0 0 0 2 0 2 0 1 0 3 0 1 0 3 0 1 0 1 1 0 0 1 0 0 0 0 0 0 1 0 0 1 1 0 0 1 0 1 1 0 0 1 0 2 0 1 0 2 0 1 0 2 0 1 0 3 0 3 0 0 0 2 0 2 1 0 0 1 0 1 1 0 0 2 1 0 0 1 1 0 1 0 1 0 0 0 0 0 1 0 0 0 0 3 0 2 0 0 0 2 0 1 0 1 0 3 0 0 0 2 0 0 0 2 0 1 0 2 0 0 0 2 1 0 1 0 0 3 0 1 1 0 1 0 0 2 0 0 1 0 0 2 0 1 0 2 1 0 0 2 0 1 0 3 0 0 0 0 0 1 0 0 0 1 0 2 0 1 1 0 1 0 0 1 0 1 0 1 0 2 0 3 0 3 0 0 0 2 0 3 0 0 1 0 1 0 0 2 0 3 0 1 1 0 0 1 1 0 0 2 0 3 0 2 0 3 0 3 0 3 0 2 0 3 0 0 0 0 0 1 0 2 0 2 0 1 0 3 0 2 0 0 0 1 0 0 0 3 0 1 0 2 0 3 0 3 0 3 0 0 0 1 0 3 0 3 0 0 1 0 0 0 0 3 0 0 0 3 0 0 0 3 0 1 0 0 1 0 0 0 0 0 0 1 0 0 0 0 0 2 0 0 1 0 1 0 0 0 0 0 1 0 1 0 0 3 0 2 1 0 0 1 0 2 0 2 0 3 0 3 0 2 0 3 0 0 1 0 0 3 0 1 0 3 0 1 0 3 0 2 0 3 0 3 0 0 0 2 1 0 0 0 0 2 0 3 0 0 0 2 0 2 0 1 0 1 0 1 0 3 0 3 0 2 0 0 0 0 0 1 0 1 0 0 0 2 0 0 0 0 0 1 0 1 1 0 0 3 0 2 0 3 0 3 0 2 0 2
0 585 1 0 0 1 0 0 1 0 0 0 2 0 0 0 1 0 1 0 2 0 2 0 3 0 1 0 2 0 3 0 2 0 1 1 0 0 3 0 2 0 1 0 3 0 0 1 0 0 3 0 0 1 0 0 1 0 3 0 0 0 1 1 0 0 2 0 2 0 3 0 1 1 0 0 2 0 1 0 0 0 1 0 3 0 2 0 1 0 3 0 1 0 3 0 2 0 0 0 0 0 0 1 0 1 0 0 0 0 0 0 3 0 1 1 0 0 1 0 1 1 0 1 0 0 1 0 2 0 1 0 2 0 2 0 1 1 0 0 1 0 1 0 2 0 2 1 0 1 0 0 2 0 2 0 1 0 3 0 1 0 3 0 3 0 2 0 0 0 2 0 0 0 0 1 0 0 2 1 0 0 2 0 3 0 3 0 3 0 1 0 0 0 0 0 1 0 3 0 2 0 3 0 1 0 3 0 3 0 1 1 0 1 0 0 0 1 0 0 0 1 0 0 3 0 2 0 2 0 0 0 1 1 0 0 2 1 0 0 0 0 0 1 0 1 0 0 0 1 0 0 2 1 0 0 1 0 3 0 0 0 2 0 0 0 1 1 0 0 3 0 3 0 1 0 1 1 0 0 1 1 0 1 0 0 0 0 2 0 1 0 0 1 0 0 2 0 0 0 0 0 3 0 3 0 1 0 3 0 3 0 3 0 0 1 0 1 0 1 0 0 2 0 1 0 0 0 2 0 0 0 3 0 0 0 0 0 0 0 3 0 1 0 2 0 3 0 0 0 3 0 2 0 2 0 0 0 2 0 2 1 0 1 0 0 0 0 2 1 0 1 0 1 0 0 0 0 0 0 3 0 1 0 3 0 3 0 3 0 1 0 2 0 1 0 0 0 3 0 0 0 0 1 0 0 3 0 0 0 1 0 2 0 1 0 1 1 0 0 1 0 3 0 3 0 2 0 1 0 3 0 2 0 2 0 2 0 3 0 0 0 1 0 2 0 1 0 2 0 1 0 3 0 1 0 2 1 0 0 0 0 2 0 0 0 0 1 0 0 2 1 0 0 2 1 0 0 1 1 0 1 0 0 2 0 1 1 0 0 3 0 0 0 1 0 3 0 3 0 1 0 2 0 2 1 0 0 1 1 0 0 2 1 0 0 3 0 1 0 3 0 2 0 2 0 0 1 0 0 1 0 0 0 2 0 2 0 0 0 0 0 3 0 2 0 3 0 2 0 3 0 0 0 1 0 0 0 2 0 2 0 0 1 0 0 1 0 0 0 2 1 0 0 0 0 2 0 1 0 3 0 3 0 1 0 1
1 585 2 0 1 0 3 0 1 0 0 1 0 0 1 0 2 0 3 0 0 0 1 0 2 1 0 0 1 0 3 0 1 0 0 0 0 0 2 0 0 1 0 0 2 0 2 1 0 0 1 0 2 0 3 0 2 0 1 0 1 1 0 0 0 0 0 0 1 0 2 1 0 1 0 1 0 0 3 0 0 0 3 0 2 0 0 1 0 0 2 1 0 0 3 0 0 0 1 0 0 0 1 1 0 0 2 1 0 0 1 0 1 1 0 1 0 0 2 1 0 0 0 0 3 0 1 1 0 1 0 0 1 0 0 1 0 1 0 0 2 0 3 0 0 0 2 0 0 1 0 0 0 0 0 1 0 0 2 1 0 0 3 0 3 0 0 0 1 1 0 0 1 0 1 1 0 0 1 0 0 0 0 0 3 0 3 0 2 0 3 0 0 0 0 0 3 0 2 0 1 0 2 1 0 0 3 0 3 0 0 0 0 0 3 0 0 0 3 0 0 1 0 0 2 0 1 0 0 0 1 1 0 0 0 0 0 1 0 0 0 0 1 1 0 0 3 0 0 1 0 0 0 1 0 0 3 0 1 0 1 1 0 0 1 1 0 0 0 0 2 0 2 0 3 0 3 0 3 0 2 1 0 0 2 1 0 1 0 0 3 0 1 0 3 0 3 0 0 0 1 0 2 0 2 1 0 0 3 0 3 0 2 0 2 1 0 1 0 0 3 0 3 0 2 0 0 1 0 0 2 0 1 0 1 0 0 0 1 0 1 1 0 0 1 0 2 0 2 0 2 0 1 0 0 0 2 0 0 0 2 0 0 0 3 0 0 0 1 0 0 1 0 0 2 1 0 0 1 0 1 1 0 0 3 0 3 0 2 1 0 0 0 0 3 0 1 0 1 0 1 0 1 1 0 0 1 0 1 0 2 1 0 0 3 0 3 0 3 0 2 0 2 0 3 0 0 1 0 0 3 0 1 0 1 0 1 0 2 0 1 0 2 1 0 1 0 0 0 1 0 0 2 1 0 0 1 1 0 0 0 1 0 0 1 0 1 1 0 0 1 0 0 0 0 1 0 1 0 0 0 1 0 0 0 0 0 0 0 0 1 0 1 0 3 0 2 0 2 1 0 0 1 0 1 1 0 1 0 0 0 0 1 0 0 0 1 1 0 0 3 0 1 0 0 0 2 0 3 0 1 0 1 0 0 0 0 0 1 0 1 0 2 0 1 0 3 0 1 0 2 0 1 0 2 0 1 0 0 0 0 0 2 0 3 0 1 0 1 0 0 1 0 0 0 1 0 1 0 0 3 0 2 0 3 0 2
0 586 1 0 1 0 0 2 0 3 0 1 0 3 0 2 0 0 0 2 0 1 0 3 0 0 1 0 0 3 0 1 0 3 0 0 0 0 1 0 0 2 1 0 0 0 0 1 1 0 0 3 0 0 0 3 0 0 0 3 0 3 0 2 1 0 0 0 0 3 0 1 0 0 1 0 1 0 0 1 0 2 0 2 0 0 0 2 1 0 0 1 0 0 0 1 0 1 0 2 0 0 1 0 0 0 0 0 1 0 0 2 1 0 0 0 1 0 0 0 1 0 0 1 0 2 0 0 0 0 0 3 0 1 0 1 1 0 1 0 0 0 0 2 0 1 1 0 0 2 0 2 1 0 0 1 1 0 0 1 0 0 0 2 0 2 0 1 0 3 0 3 0 1 0 3 0 3 0 1 0 0 0 1 0 2 0 3 0 1 0 2 0 1 0 1 0 2 0 0 1 0 0 2 0 0 0 2 0 2 0 1 0 1 0 1 0 2 0 1 0 2 0 3 0 3 0 2 0 0 0 3 0 2 1 0 0 1 0 2 1 0 1 0 0 0 0 1 0 2 0 3 0 0 1 0 0 1 0 3 0 3 0 3 0 2 0 3 0 0 0 0 0 1 0 3 0 3 0 3 0 2 0 0 0 1 0 0 1 0 0 1 1 0 0 3 0 2 0 1 0 3 0 0 0 2 0 0 0 2 0 3 0 1 0 2 0 0 1 0 0 2 0 3 0 0 0 2 0 3 0 3 0 2 0 2 0 0 0 2 0 3 0 3 0 2 0 0 0 1 0 0 0 3 0 0 1 0 0 1 1 0 0 2 0 1 0 1 0 2 0 1 1 0 0 0 1 0 0 2 1 0 0 0 0 2 0 3 0 1 1 0 0 1 0 1 0 3 0 2 0 2 0 3 0 3 0 1 0 3 0 1 0 0 0 2 0 3 0 3 0 1 0 1 0 2 0 2 1 0 0 1 0 3 0 2 0 2 1 0 1 0 0 2 0 0 0 3 0 0 1 0 0 0 1 0 0 3 0 3 0 0 0 3 0 1 0 3 0 3 0 1 0 0 0 1 1 0 0 3 0 0 0 2 1 0 0 0 0 0 0 2 0 3 0 2 0 1 0 1 1 0 0 2 1 0 0 0 0 2 1 0 0 2 0 0 1 0 0 0 0 1 0 3 0 1 0 0 0 2 0 3 0 2 0 0 0 0 0 2 0 2 1 0 1 0 0 2 1 0 0 0 1 0 0 0 0 3 0 0 0 1 0 0 0 2 0 3 0 2 0 1 0 3 0 0 1 0 1 0 0 2 0 1 0 3 0 1
1 587 1 1 0 1 0 0 0 0 2 1 0 0 3 0 0 0 1 1 0 1 0 0 2 0 2 1 0 0 1 1 0 0 2 0 1 0 1 1 0 0 0 1 0 0 0 1 0 0 0 0 1 0 2 0 1 0 2 0 2 0 3 0 1 1 0 0 1 0 1 0 3 0 1 1 0 0 3 0 2 0 0 0 0 0 2 0 0 1 0 0 2 0 0 0 2 0 2 1 0 0 2 0 2 1 0 0 1 1 0 0 0 1 0 0 1 0 3 0 0 0 3 0 1 1 0 0 1 0 1 0 1 1 0 0 0 0 0 0 3 0 0 0 0 0 0 0 0 0 0 0 1 1 0 0 3 0 3 0 1 0 1 0 0 0 0 1 0 0 3 0 2 1 0 0 3 0 2 0 3 0 0 0 3 0 0 0 2 1 0 0 0 0 3 0 2 1 0 0 2 0 3 0 3 0 1 0 0 0 0 0 3 0 2 0 2 1 0 1 0 0 1 0 3 0 3 0 0 0 2 0 2 0 1 1 0 0 3 0 1 0 0 0 2 1 0 0 3 0 0 0 2 0 2 0 3 0 2 0 2 0 3 0 3 0 1 0 2 0 1 0 0 0 3 0 2 0 3 0 3 0 0 0 1 0 2 0 1 0 3 0 2 1 0 0 2 0 0 1 0 0 2 0 1 1 0 0 2 0 0 0 2 1 0 0 0 0 2 1 0 0 0 0 2 0 2 0 0 0 3 0 3 0 1 0 0 0 2 0 0 0 3 0 3 0 0 0 1 0 2 0 1 0 1 0 2 0 3 0 2 0 3 0 3 0 2 0 2 1 0 1 0 1 0 0 1 1 0 0 0 1 0 0 1 0 0 0 2 1 0 1 0 0 2 0 3 0 2 0 1 0 1 0 3 0 2 1 0 0 2 0 3 0 1 0 0 0 3 0 2 0 3 0 3 0 0 0 1 1 0 0 3 0 2 0 1 0 2 0 0 0 3 0 3 0 1 0 1 0 2 0 3 0 0 1 0 0 2 0 2 0 2 0 1 1 0 0 3 0 2 0 3 0 0 1 0 0 0 0 1 0 2 0 0 1 0 0 0 0 1 0 0 0 3 0 0 1 0 0 0 0 0 0 0 1 0 0 1 0 0 1 0 1 0 0 2 0 2 1 0 0 3 0 1 0 3 0 1 0 0 0 3 0 0 0 1 0 1 0 0 0 2 0 0 1 0 0 0 1 0 0 1 0 3 0 0 0 1 0 1 0 2 0 1 0 0 0 3 0 0 1 0 0 2 0 2 1 0 0 3 0 3 0 3 0 1 1 0
1 588 1 0 0 0 0 3 0 0 0 1 0 0 0 1 0 1 1 0 0 0 1 0 0 0 0 1 1 0 0 3 0 3 0 3 0 2 0 3 0 3 0 0 0 3 0 0 0 2 1 0 0 2 1 0 1 0 0 1 0 1 0 2 1 0 1 0 0 2 0 3 0 2 0 0 0 0 0 2 0 0 0 1 0 0 1 0 0 2 0 3 0 3 0 1 0 0 0 2 0 0 0 0 0 1 1 0 0 3 0 3 0 0 0 3 0 2 0 1 0 2 0 1 1 0 1 0 0 2 0 2 0 3 0 2 1 0 0 1 0 1 0 1 0 0 0 0 0 0 0 0 1 0 0 0 0 2 0 2 0 3 0 2 0 0 0 1 1 0 0 2 0 2 0 0 0 2 0 1 0 2 0 2 0 1 0 2 0 0 1 0 0 1 0 2 0 2 0 0 0 0 0 3 0 2 0 3 0 0 0 1 0 2 0 1 0 2 0 0 0 3 0 2 0 2 0 2 0 2 0 0 0 1 0 0 0 0 0 1 0 3 0 1 0 1 0 0 0 1 0 2 0 0 0 1 0 3 0 1 0 1 0 3 0 2 1 0 0 0 0 3 0 1 0 2 0 1 0 3 0 2 0 1 0 2 1 0 1 0 0 3 0 1 1 0 1 0 0 2 0 3 0 3 0 3 0 3 0 3 0 1 0 0 1 0 0 1 0 0 1 0 0 1 0 0 0 0 0 2 0 2 0 2 0 3 0 0 1 0 0 2 0 2 0 2 0 1 0 2 1 0 0 3 0 3 0 0 0 3 0 1 0 3 0 3 0 1 0 2 0 0 1 0 0 3 0 2 0 3 0 0 0 3 0 1 0 1 0 1 0 0 1 0 0 0 0 3 0 0 0 3 0 3 0 2 0 2 0 0 0 0 0 2 0 3 0 1 0 2 0 1 0 3 0 2 0 1 1 0 0 0 0 2 0 0 1 0 0 0 0 2 0 2 0 2 0 3 0 3 0 0 0 2 0 2 1 0 0 0 0 1 0 1 0 0 0 0 0 2 0 1 0 2 0 2 0 2 1 0 0 2 1 0 0 2 0 2 1 0 0 2 0 1 0 1 0 2 0 2 1 0 0 0 0 1 0 3 0 1 0 1 1 0 1 0 0 0 0 2 0 0 0 1 1 0 0 2 0 3 0 1 0 1 0 1 0 2 0 2 0 0 1 0 0 2 0 3 0 0 0 3 0 2 0 1 0 1 0 2 0 2 1 0 0 3 0 1 0 1 0 2 1 0 0 0 0 2 0 0 0 2 0 3 0 2 1 0 1 0
1 589 1 0 3 0 0 0 1 0 1 0 2 0 0 0 2 0 3 0 3 0 0 0 2 1 0 1 0 0 0 0 2 0 3 0 3 0 1 0 3 0 2 0 2 0 1 0 2 0 1 0 0 0 1 0 0 0 3 0 1 0 3 0 1 0 0 1 0 0 0 0 3 0 0 0 1 0 0 1 0 0 1 0 2 0 1 1 0 0 0 0 3 0 2 0 3 0 0 1 0 0 1 0 0 1 0 0 0 0 2 0 2 0 2 0 2 0 0 1 0 0 1 0 0 0 0 1 0 0 0 0 1 0 3 0 1 1 0 0 2 0 2 0 2 0 0 0 0 0 0 0 1 0 3 0 0 0 0 0 1 0 3 0 0 0 1 1 0 0 0 0 0 0 0 0 1 1 0 1 0 0 1 0 0 1 0 0 0 0 2 0 3 0 2 0 0 0 0 0 1 0 1 0 2 0 1 0 2 0 1 0 2 1 0 1 0 0 0 0 2 0 2 0 1 0 1 0 1 0 0 0 1 0 2 0 0 0 0 0 3 0 1 0 3 0 2 0 0 0 2 1 0 0 1 0 3 0 1 0 3 0 3 0 2 0 1 1 0 0 1 0 1 1 0 0 0 1 0 0 3 0 0 1 0 0 2 0 0 1 0 0 2 0 0 0 0 1 0 0 0 0 3 0 3 0 3 0 3 0 2 0 3 0 1 0 3 0 1 0 1 0 3 0 1 0 0 0 1 0 0 0 1 0 1 0 2 0 2 1 0 0 0 0 1 0 0 1 0 0 2 0 0 0 2 0 2 0 2 0 1 1 0 0 3 0 2 1 0 0 0 0 2 1 0 0 2 0 1 0 2 0 2 0 1 0 3 0 2 0 2 0 1 0 3 0 0 0 1 0 2 0 2 0 3 0 1 0 0 0 1 0 1 0 0 0 2 1 0 0 0 1 0 0 3 0 0 1 0 1 0 0 0 1 0 0 2 0 3 0 0 0 0 0 1 0 1 0 3 0 2 0 2 0 0 0 1 1 0 0 0 0 2 0 2 0 0 0 0 1 0 1 0 0 1 0 1 0 2 0 0 0 1 0 0 0 0 0 1 1 0 1 0 0 3 0 3 0 0 0 1 1 0 0 0 0 3 0 1 1 0 0 0 0 0 0 2 1 0 1 0 0 1 1 0 0 0 0 0 0 2 0 3 0 2 0 3 0 0 0 0 0 2 1 0 0 0 0 2 0 2 0 2 0 0 0 3 0 3 0 0 0 2 0 0 0 1 0 3 0 3 0 0 1 0 0 0 1 0 0 2 0 0 0 3 0 2 0 0 0 2
0 589 3 0 1 0 1 0 2 0 2 1 0 0 2 0 0 0 3 0 2 0 2 0 1 0 0 0 3 0 0 0 0 0 3 0 2 1 0 0 3 0 1 0 0 1 0 0 0 0 3 0 0 0 2 0 1 0 1 1 0 0 2 0 3 0 1 0 3 0 0 0 1 0 1 0 2 0 1 0 3 0 1 1 0 1 0 1 0 0 1 0 2 0 1 0 2 0 2 0 3 0 1 0 1 0 3 0 0 0 0 0 1 0 1 0 0 0 2 0 3 0 1 0 0 0 1 0 2 1 0 0 3 0 2 0 0 0 0 0 0 0 1 0 0 0 1 0 0 0 0 0 3 0 1 0 1 0 0 0 3 0 1 0 1 0 3 0 2 1 0 0 0 0 0 1 0 0 0 0 3 0 1 0 1 0 3 0 0 0 0 0 3 0 0 0 1 0 0 0 2 0 2 1 0 1 0 0 0 1 0 0 2 0 0 0 3 0 0 0 0 0 0 0 3 0 2 0 2 0 0 0 2 1 0 0 1 0 1 0 1 1 0 0 3 0 0 0 2 0 0 1 0 0 3 0 1 1 0 0 3 0 3 0 0 1 0 1 0 0 2 0 3 0 3 0 0 1 0 0 1 0 2 0 3 0 3 0 1 0 3 0 3 0 0 0 1 0 3 0 0 0 2 0 3 0 3 0 3 0 1 0 2 1 0 0 2 0 3 0 3 0 1 0 3 0 0 0 2 0 0 0 2 0 3 0 0 0 1 1 0 0 0 0 2 0 1 0 3 0 3 0 1 0 0 0 1 0 1 0 0 0 0 0 2 0 1 1 0 0 1 0 0 1 0 1 0 1 0 0 1 0 0 1 0 0 3 0 1 0 0 1 0 0 2 0 1 0 3 0 0 0 1 0 2 0 3 0 0 0 2 0 2 0 1 0 0 1 0 0 1 1 0 0 1 0 2 1 0 0 3 0 0 1 0 0 0 0 2 0 1 0 0 0 2 0 3 0 2 0 1 0 0 0 1 0 3 0 3 0 0 0 0 0 0 0 1 0 1 1 0 0 3 0 1 0 2 1 0 0 1 0 2 0 0 0 0 1 0 0 0 1 0 0 2 0 2 0 1 0 3 0 3 0 0 0 1 1 0 1 0 0 0 0 1 0 1 0 0 0 3 0 2 0 2 1 0 0 1 0 0 0 3 0 1 0 2 0 1 0 1 0 0 1 0 0 1 0 0 0 1 0 0 0 2 0 2 0 2 0 1 1 0 0 1 0 3 0 2 0 2 0 2 0 3 0 0 0 3 0 3 0 1 0 2 0 0 0 2 0 0
0 591 1 0 1 0 3 0 3 0 0 0 1 1 0 1 0 0 2 0 2 0 1 0 0 0 3 0 1 0 1 0 1 0 1 0 2 0 2 0 0 0 1 0 3 0 1 0 3 0 0 0 1 0 1 1 0 1 0 0 0 0 0 0 0 0 2 1 0 0 2 0 1 0 2 0 2 1 0 1 0 0 3 0 0 0 0 1 0 0 3 0 1 1 0 1 0 0 1 0 1 0 2 0 3 0 3 0 1 0 1 0 0 0 2 0 2 0 1 0 0 0 2 0 3 0 0 0 3 0 1 0 0 0 2 0 0 0 1 0 0 0 0 0 2 0 0 0 2 0 0 0 1 0 1 0 3 0 2 0 1 0 1 0 3 0 3 0 2 0 1 1 0 0 0 0 1 0 3 0 0 0 1 0 3 0 3 0 1 0 1 0 1 0 1 0 1 0 2 0 1 0 0 0 2 0 0 0 3 0 0 0 3 0 3 0 1 0 1 0 1 0 0 0 1 0 2 0 1 0 0 0 2 0 0 1 0 0 2 0 2 1 0 0 0 0 1 0 1 1 0 0 2 1 0 0 2 0 0 0 0 0 2 0 2 0 2 1 0 1 0 0 0 0 3 0 2 0 2 0 3 0 2 0 0 0 3 0 2 1 0 0 3 0 2 0 1 0 3 0 1 0 2 0 0 0 3 0 3 0 2 1 0 0 2 0 0 0 0 0 3 0 2 1 0 0 2 0 1 1 0 0 2 0 0 0 2 0 1 0 3 0 2 1 0 1 0 1 0 0 3 0 2 0 3 0 0 0 2 0 2 0 0 0 0 1 0 1 0 1 0 0 2 0 1 1 0 1 0 0 3 0 1 0 1 1 0 0 1 0 3 0 1 0 3 0 3 0 3 0 1 0 1 0 3 0 0 0 2 0 2 0 0 0 0 0 3 0 1 0 3 0 2 0 3 0 2 0 1 0 0 0 1 0 2 0 2 1 0 1 0 0 3 0 1 0 0 0 3 0 0 0 3 0 0 0 3 0 2 0 2 0 1 0 0 0 0 0 2 1 0 0 0 0 1 1 0 0 1 1 0 0 2 1 0 0 1 0 1 0 3 0 0 1 0 0 0 0 0 1 0 0 3 0 2 0 1 1 0 0 0 0 2 1 0 0 2 0 2 0 1 0 2 0 1 0 1 1 0 0 2 0 1 0 1 1 0 0 0 0 3 0 2 0 1 0 3 0 1 0 0 0 2 0 1 0 0 0 1 0 0 1 0 1 0 0 3 0 2 0 1 0 1 0 1 0 2 0 2 0 2 0 2 1 0 0 0 0 1 1 0 0 1
0 591 2 0 3 0 2 0 2 0 1 1 0 0 0 1 0 0 0 0 0 0 3 0 1 0 1 0 3 0 2 0 2 0 3 0 0 0 0 0 1 0 3 0 1 1 0 0 2 0 1 0 2 1 0 0 0 0 2 1 0 0 0 0 1 0 0 1 0 1 0 1 0 0 1 0 2 0 0 1 0 0 1 0 1 0 1 1 0 0 2 0 0 0 0 0 3 0 1 0 3 0 0 0 3 0 2 0 3 0 2 0 1 0 0 0 0 0 3 0 1 0 0 0 2 0 2 0 1 0 3 0 0 1 0 0 1 0 2 0 0 0 0 1 0 0 1 1 0 0 1 0 2 0 3 0 2 0 0 0 3 0 3 0 2 0 3 0 0 1 0 1 0 0 0 0 3 0 1 0 1 0 3 0 2 0 2 0 3 0 2 0 2 0 2 0 2 1 0 0 3 0 0 1 0 0 2 0 1 0 2 0 2 0 2 0 3 0 2 0 2 0 0 0 2 1 0 0 3 0 0 1 0 0 2 1 0 0 0 0 1 1 0 0 0 0 2 1 0 0 0 0 0 1 0 1 0 0 1 0 1 0 0 0 1 0 2 0 0 0 3 0 0 0 2 0 1 0 1 0 3 0 0 0 2 0 2 0 2 0 0 0 2 0 0 1 0 0 2 1 0 0 0 0 2 0 2 0 3 0 1 1 0 1 0 0 1 0 1 0 2 0 1 1 0 1 0 1 0 1 0 1 0 0 1 1 0 1 0 0 3 0 2 0 0 1 0 1 0 0 2 0 1 0 2 0 2 0 0 0 0 0 1 0 1 1 0 1 0 1 0 0 0 0 0 0 0 1 0 0 1 0 3 0 3 0 3 0 2 0 1 1 0 0 3 0 3 0 2 0 3 0 3 0 1 0 2 0 0 0 0 0 1 0 1 0 1 1 0 0 3 0 1 0 3 0 0 0 3 0 0 0 3 0 0 0 2 0 0 1 0 0 1 0 3 0 1 0 1 0 2 0 1 0 2 0 2 0 1 0 0 0 3 0 0 0 1 0 0 1 0 0 0 0 3 0 3 0 2 1 0 0 0 1 0 0 2 0 3 0 1 0 2 0 2 1 0 0 1 1 0 0 2 0 0 1 0 1 0 0 1 0 1 0 0 0 0 0 0 1 0 0 0 0 3 0 3 0 3 0 3 0 2 0 3 0 3 0 0 0 2 0 0 1 0 0 2 0 3 0 0 1 0 0 3 0 0 0 2 0 1 1 0 1 0 0 2 0 0 0 3 0 2 0 3 0 0 0 1 0 1 0 1 1 0 0 0 0 3 0 3 0 1
1 593 1 0 0 0 3 0 1 0 0 1 0 1 0 0 1 0 2 1 0 0 1 0 1 0 3 0 3 0 2 0 1 0 1 0 2 0 1 0 0 0 3 0 1 1 0 1 0 1 0 1 0 0 1 1 0 0 1 0 0 1 0 0 0 0 2 0 1 1 0 1 0 0 3 0 1 1 0 0 2 0 3 0 1 0 2 0 3 0 3 0 3 0 0 0 1 0 1 1 0 0 2 0 2 0 2 0 1 0 3 0 0 0 3 0 0 0 1 0 1 0 3 0 1 0 0 0 0 1 0 0 2 0 2 0 3 0 1 1 0 0 1 0 1 0 3 0 2 0 3 0 2 0 0 0 3 0 0 0 2 0 2 0 3 0 1 0 2 0 2 1 0 0 3 0 0 0 1 0 3 0 3 0 2 0 1 0 1 0 3 0 1 0 1 0 1 0 2 0 0 0 1 0 2 0 3 0 3 0 3 0 0 0 1 0 1 0 3 0 1 0 0 0 2 0 1 0 0 0 1 0 2 1 0 0 0 1 0 0 0 0 3 0 3 0 0 0 0 1 0 0 0 0 1 1 0 0 3 0 1 0 2 0 0 0 2 1 0 0 2 0 1 0 1 1 0 0 3 0 3 0 1 0 2 0 0 0 1 0 0 0 1 1 0 0 2 1 0 0 0 1 0 0 1 0 0 0 1 0 3 0 0 0 0 0 3 0 1 0 3 0 0 0 0 0 0 1 0 1 0 1 0 0 3 0 2 1 0 1 0 0 2 0 0 0 2 1 0 0 3 0 3 0 3 0 0 0 0 0 1 0 0 0 2 1 0 0 0 1 0 0 2 1 0 0 0 0 1 0 3 0 2 0 2 0 3 0 3 0 1 0 0 0 0 0 2 0 3 0 1 0 3 0 2 1 0 0 0 0 1 0 0 0 2 0 2 1 0 0 0 0 1 1 0 0 2 0 2 0 1 0 2 0 1 0 1 1 0 0 2 0 3 0 2 0 1 0 3 0 2 1 0 1 0 0 1 0 0 0 3 0 1 0 1 0 1 0 2 0 1 0 3 0 0 0 2 0 3 0 1 1 0 0 1 1 0 0 0 0 2 1 0 0 1 0 1 1 0 0 3 0 3 0 3 0 1 1 0 0 3 0 1 0 2 0 0 0 0 0 1 0 3 0 0 0 2 0 3 0 3 0 3 0 1 0 3 0 2 0 1 1 0 0 2 1 0 0 0 0 2 0 2 1 0 0 1 0 2 0 0 0 0 0 0 0 3 0 3 0 1 0 2 0 1 0 2 0 1 0 2 0 2 0 3 0 3 0 0 0 2 0 2 1 0
1 593 2 0 1 0 1 0 3 0 1 1 0 0 3 0 2 0 0 1 0 0 2 0 3 0 2 0 3 0 0 0 3 0 2 1 0 0 3 0 1 0 2 0 0 0 0 1 0 1 0 0 3 0 2 0 3 0 1 0 1 0 3 0 0 0 0 0 0 0 0 1 0 0 2 0 0 0 0 0 0 0 2 1 0 0 1 0 3 0 3 0 2 0 1 0 2 1 0 0 0 0 0 0 1 0 0 1 0 0 2 0 2 0 1 0 1 0 2 0 3 0 1 0 3 0 0 0 1 1 0 0 0 0 1 0 2 1 0 1 0 0 2 0 3 0 2 0 1 0 3 0 0 0 2 0 1 0 2 0 0 0 1 0 2 1 0 0 1 0 2 0 0 0 1 0 1 0 3 0 2 0 3 0 0 0 3 0 3 0 1 0 3 0 2 0 2 1 0 0 1 0 3 0 0 0 3 0 3 0 2 0 1 0 2 0 3 0 1 0 3 0 0 1 0 0 3 0 0 0 3 0 0 1 0 0 1 0 3 0 0 0 2 0 2 0 1 0 1 0 2 1 0 1 0 0 0 0 1 1 0 0 0 0 2 0 0 1 0 1 0 1 0 0 0 0 0 0 2 0 2 1 0 0 0 0 1 0 2 0 0 1 0 0 0 0 0 1 0 0 1 0 3 0 1 0 0 0 3 0 1 0 1 0 1 0 1 1 0 0 2 0 1 0 0 0 1 1 0 1 0 1 0 0 2 0 2 0 0 0 3 0 3 0 1 0 1 0 0 0 2 0 3 0 2 0 1 0 0 0 2 0 1 0 0 1 0 0 1 1 0 0 0 1 0 0 0 0 3 0 2 0 1 0 1 0 3 0 2 0 3 0 0 0 1 0 0 0 2 1 0 0 3 0 1 1 0 0 0 0 2 0 1 0 0 0 1 1 0 0 0 1 0 0 0 0 0 0 0 1 0 0 0 1 0 0 0 0 0 0 0 0 3 0 0 1 0 0 3 0 2 0 0 0 3 0 1 0 1 0 1 0 3 0 2 0 2 1 0 1 0 0 2 0 2 0 0 0 2 1 0 1 0 0 3 0 3 0 0 0 0 1 0 0 2 1 0 0 0 0 2 0 3 0 3 0 0 0 0 0 1 1 0 0 0 0 1 0 0 0 3 0 1 0 2 0 0 0 3 0 3 0 2 1 0 0 3 0 1 0 0 0 0 0 0 1 0 0 1 0 0 0 1 1 0 0 2 1 0 0 1 0 0 0 1 0 2 0 2 1 0 0 0 1 0 0 0 1 0 0 1 0 1 0 3 0 2 0 2 0 0 0 1 1 0
1 594 1 0 0 3 0 3 0 2 0 0 0 0 0 2 0 0 0 2 1 0 0 0 0 3 0 1 0 2 0 2 0 2 0 2 0 0 0 1 1 0 0 0 0 1 0 1 1 0 1 0 0 2 0 1 0 2 0 3 0 3 0 1 0 1 0 0 0 0 0 1 0 3 0 3 0 0 0 0 0 1 0 0 1 0 0 3 0 2 0 3 0 0 1 0 0 1 1 0 0 0 0 0 0 2 0 1 1 0 0 0 0 0 0 3 0 3 0 0 0 2 1 0 0 2 0 1 0 3 0 2 1 0 0 3 0 1 0 0 1 0 0 0 0 3 0 0 1 0 0 2 0 1 1 0 1 0 0 0 0 1 0 3 0 0 1 0 0 2 1 0 0 1 0 2 0 3 0 2 0 1 0 2 0 2 0 2 0 2 1 0 0 3 0 1 0 1 1 0 0 3 0 1 0 2 0 2 0 3 0 0 1 0 0 1 0 2 1 0 0 2 0 2 1 0 0 1 0 2 0 1 0 2 0 3 0 2 0 1 0 2 0 0 0 0 0 3 0 3 0 1 0 0 0 2 1 0 0 3 0 2 1 0 1 0 0 2 1 0 1 0 0 2 1 0 0 1 0 0 0 1 1 0 0 0 0 2 1 0 0 2 0 2 1 0 0 1 0 3 0 2 0 1 0 3 0 1 0 1 0 3 0 2 0 2 0 3 0 3 0 3 0 2 0 0 1 0 0 0 1 0 1 0 0 0 0 0 0 2 0 2 0 2 0 3 0 2 0 1 0 0 0 3 0 0 0 3 0 0 1 0 0 3 0 1 0 3 0 2 0 3 0 0 0 3 0 0 0 2 0 0 0 3 0 3 0 2 0 1 0 2 0 1 0 2 0 1 0 1 0 0 0 1 1 0 1 0 0 0 1 0 0 3 0 0 0 3 0 3 0 0 0 2 1 0 0 0 0 1 0 3 0 0 0 2 1 0 0 0 0 1 0 1 0 2 1 0 0 2 0 0 0 2 0 1 0 3 0 2 0 3 0 2 0 1 0 2 0 0 1 0 0 0 0 0 0 2 0 1 0 0 1 0 0 2 0 2 0 1 0 1 1 0 0 0 1 0 0 1 0 0 0 3 0 2 0 1 0 0 0 3 0 2 1 0 0 2 0 1 0 1 1 0 0 0 0 2 0 2 0 3 0 2 0 0 0 1 0 3 0 0 0 0 0 1 0 3 0 1 0 0 1 0 0 0 0 0 1 0 0 2 0 0 0 3 0 0 0 1 1 0 0 1 0 3 0 0 0 3 0 1 0 3 0 2 0 1 0 0 0 1 0 3 0 2
0 595 1 1 0 0 2 0 3 0 0 0 1 0 0 1 0 0 2 0 0 1 0 0 1 0 1 1 0 0 1 0 1 0 1 0 0 0 1 0 3 0 2 1 0 0 2 1 0 0 0 0 3 0 3 0 3 0 0 0 3 0 2 0 3 0 2 0 0 0 0 0 3 0 2 0 2 0 1 0 0 0 2 0 1 1 0 0 2 0 1 0 2 0 2 0 3 0 2 0 2 1 0 0 0 1 0 1 0 1 0 0 0 0 1 0 2 0 2 0 2 0 0 1 0 1 0 1 0 0 3 0 2 0 0 0 1 0 3 0 1 0 3 0 0 0 1 0 2 1 0 0 0 0 0 0 0 0 2 1 0 0 3 0 1 0 2 1 0 0 0 1 0 0 3 0 0 0 3 0 0 1 0 0 1 0 1 0 1 0 2 0 0 0 1 1 0 0 0 0 0 0 1 1 0 0 1 0 1 0 2 0 2 0 3 0 2 0 1 0 0 0 0 0 1 1 0 0 2 1 0 1 0 0 1 0 3 0 0 1 0 0 0 0 1 0 1 0 2 0 2 0 3 0 1 0 1 0 0 0 2 0 2 0 0 1 0 0 1 0 0 1 0 0 0 1 0 0 2 0 0 0 3 0 3 0 0 0 1 0 0 0 0 0 1 1 0 0 3 0 2 0 0 1 0 0 2 0 3 0 3 0 2 0 1 0 1 0 3 0 3 0 3 0 0 0 2 0 3 0 0 1 0 0 2 1 0 0 1 0 0 0 1 0 1 0 3 0 0 0 3 0 1 0 1 0 2 0 1 0 2 1 0 0 1 1 0 0 3 0 1 0 2 0 2 0 1 0 1 1 0 0 2 0 2 0 3 0 0 1 0 0 0 1 0 0 0 0 3 0 2 0 0 1 0 0 0 0 3 0 0 1 0 0 1 0 2 0 2 0 2 0 2 0 0 1 0 0 0 0 3 0 1 0 2 0 0 1 0 0 0 0 2 0 3 0 0 1 0 1 0 0 1 1 0 1 0 0 3 0 1 0 3 0 0 1 0 0 0 0 2 0 2 1 0 0 0 1 0 0 3 0 1 1 0 0 0 0 0 0 3 0 3 0 3 0 0 0 3 0 1 0 1 0 2 0 0 0 3 0 1 0 2 0 1 1 0 1 0 0 3 0 3 0 3 0 0 0 0 0 1 0 3 0 0 0 1 0 3 0 1 0 1 0 0 0 3 0 1 0 3 0 1 0 2 1 0 0 1 0 3 0 3 0 1 0 1 0 1 0 3 0 3 0 2 0 1 0 2 0 1 1 0 0 3 0 0 0 3 0 0 0 3 0 2 0 1
1 596 1 0 0 0 0 0 0 2 0 1 0 2 0 1 0 3 0 3 0 1 0 3 0 1 0 3 0 3 0 1 0 2 0 2 0 0 0 3 0 2 0 2 0 0 0 0 1 0 0 1 0 2 0 3 0 2 0 2 0 2 0 1 0 3 0 0 0 1 0 1 0 2 0 1 0 0 0 3 0 0 1 0 1 0 1 0 1 0 1 0 0 1 0 1 0 3 0 1 0 1 1 0 0 1 1 0 1 0 0 2 1 0 0 3 0 0 0 1 0 0 0 2 1 0 1 0 1 0 0 2 0 0 0 1 0 3 0 1 1 0 0 2 0 1 0 3 0 0 1 0 0 0 0 0 0 1 0 1 0 0 0 1 1 0 0 1 1 0 0 1 1 0 0 1 0 2 0 1 0 2 0 3 0 1 0 2 0 2 1 0 0 1 0 3 0 2 1 0 0 0 0 3 0 3 0 1 0 3 0 0 0 1 0 3 0 0 0 3 0 0 0 0 1 0 0 0 0 1 0 0 0 3 0 2 0 1 0 2 0 2 1 0 0 2 0 3 0 0 0 1 0 2 0 3 0 2 0 1 0 0 0 0 0 2 0 3 0 1 0 1 0 3 0 0 0 3 0 3 0 1 0 2 0 2 0 1 0 2 0 0 0 0 1 0 0 0 0 2 0 0 0 2 1 0 0 0 0 3 0 3 0 0 0 3 0 3 0 2 0 3 0 2 0 2 0 0 0 2 0 2 1 0 0 0 1 0 0 2 0 0 0 2 0 3 0 1 0 2 0 1 0 3 0 2 1 0 1 0 0 1 1 0 1 0 0 0 0 1 1 0 0 1 0 0 1 0 0 0 0 0 0 0 0 1 0 2 0 2 0 3 0 0 0 3 0 0 0 2 0 0 0 2 0 3 0 0 0 1 0 2 0 3 0 2 0 0 0 1 0 1 0 0 0 2 0 3 0 0 0 1 1 0 0 0 0 2 0 3 0 0 0 0 0 2 0 2 1 0 0 3 0 2 1 0 1 0 0 1 1 0 0 2 0 2 0 3 0 0 0 0 0 1 1 0 0 1 1 0 0 1 1 0 1 0 0 0 0 1 0 2 0 3 0 2 0 2 0 1 0 3 0 2 1 0 0 2 0 1 1 0 0 1 0 0 0 0 1 0 0 2 0 3 0 2 0 1 0 0 0 3 0 1 0 1 0 3 0 1 0 3 0 2 0 1 0 1 1 0 0 2 1 0 0 1 1 0 0 3 0 2 0 2 0 3 0 2 0 3 0 2 0 3 0 0 1 0 0 1 0 0 0 0 0 1 0 2 0 1 0 2 0 2 0 0 1 0
1 597 1 0 2 1 0 0 0 1 0 1 0 0 0 1 0 0 3 0 2 1 0 0 2 1 0 0 3 0 2 1 0 0 1 0 0 0 2 0 2 0 1 0 0 0 1 0 1 0 3 0 2 0 0 0 3 0 1 0 1 0 0 1 0 0 2 0 1 0 2 0 2 1 0 0 3 0 1 0 1 0 2 1 0 1 0 1 0 1 0 0 3 0 1 0 3 0 1 0 3 0 3 0 3 0 2 1 0 1 0 0 1 0 0 0 1 0 1 0 2 0 1 0 1 0 0 1 0 0 3 0 3 0 0 0 3 0 1 1 0 1 0 1 0 1 0 0 2 0 2 0 2 1 0 0 0 0 2 0 2 0 0 0 3 0 3 0 2 0 3 0 2 0 3 0 1 1 0 1 0 0 1 0 2 1 0 0 1 0 1 1 0 0 3 0 2 0 1 1 0 0 1 0 2 0 2 1 0 0 2 0 1 0 3 0 1 0 2 0 1 0 1 0 1 0 2 1 0 0 2 0 1 0 2 0 0 1 0 0 1 0 2 0 0 0 0 0 2 0 1 0 3 0 0 0 3 0 0 0 3 0 0 0 1 0 0 0 2 0 3 0 3 0 1 0 2 0 2 0 2 1 0 0 1 0 0 1 0 0 0 0 1 0 1 0 2 1 0 1 0 0 2 0 0 1 0 0 1 0 2 0 2 0 2 0 2 0 3 0 1 0 3 0 1 0 0 0 2 0 0 0 1 1 0 0 1 0 3 0 3 0 1 0 0 0 2 1 0 0 0 1 0 0 3 0 2 0 0 0 3 0 2 1 0 0 2 1 0 0 3 0 3 0 1 0 1 0 2 1 0 0 0 0 0 0 3 0 0 0 1 0 2 0 2 0 1 0 1 1 0 0 2 0 0 0 2 0 1 0 3 0 0 0 3 0 0 0 1 0 2 0 2 0 1 0 0 0 2 0 1 0 3 0 3 0 0 0 0 0 2 0 1 0 1 0 0 0 2 0 0 0 2 0 2 0 0 0 3 0 2 1 0 0 0 0 1 0 2 0 1 0 0 0 3 0 3 0 2 0 3 0 2 1 0 0 2 1 0 0 3 0 0 0 3 0 1 0 0 1 0 0 3 0 1 1 0 1 0 1 0 1 0 0 2 0 0 0 1 1 0 0 0 0 3 0 0 0 3 0 1 0 1 0 3 0 3 0 1 1 0 0 3 0 0 1 0 0 0 0 0 0 0 1 0 1 0 0 0 0 2 0 1 0 1 0 3 0 1 0 3 0 1 0 2 0 2 0 3 0 1 0 0 0 0 0 2 1 0 1 0 0 1 0 0 0 2 0 2
0 597 3 0 0 1 0 0 1 1 0 0 3 0 0 1 0 0 2 0 2 0 0 0 1 0 0 0 2 0 1 1 0 0 2 0 1 0 0 0 0 0 3 0 0 0 2 0 3 0 2 0 0 0 2 0 1 0 3 0 2 0 1 0 3 0 3 0 3 0 0 0 2 0 0 0 1 0 3 0 3 0 1 0 0 1 0 1 0 1 0 0 1 1 0 0 2 1 0 0 3 0 3 0 3 0 2 0 0 0 3 0 1 0 0 0 2 0 2 1 0 0 3 0 2 0 1 1 0 0 2 0 2 0 2 0 2 0 0 0 0 1 0 1 0 1 0 0 0 0 1 0 1 1 0 0 1 0 0 0 0 0 2 0 2 0 3 0 1 0 3 0 1 0 3 0 0 0 0 0 3 0 2 0 0 1 0 0 2 1 0 0 0 0 2 0 0 1 0 1 0 0 3 0 0 0 1 1 0 1 0 1 0 0 2 1 0 0 0 0 3 0 2 0 3 0 0 1 0 1 0 1 0 0 0 0 2 0 3 0 1 1 0 0 1 0 0 1 0 1 0 0 2 0 2 0 1 0 2 0 1 0 1 0 2 0 1 0 0 0 3 0 2 1 0 0 1 0 1 0 1 1 0 0 2 0 1 0 2 1 0 0 2 0 3 0 1 0 0 0 3 0 3 0 1 0 3 0 2 0 0 0 1 0 1 0 1 0 2 1 0 0 2 0 3 0 0 1 0 0 1 0 3 0 3 0 2 0 2 0 2 0 3 0 1 0 0 1 0 0 1 1 0 0 2 0 0 0 2 0 2 0 2 0 0 0 1 0 0 0 2 0 2 0 3 0 3 0 0 1 0 0 0 0 1 0 1 0 1 0 3 0 0 0 0 0 3 0 3 0 3 0 3 0 0 1 0 1 0 0 2 0 2 0 1 0 1 0 3 0 0 0 0 0 3 0 0 1 0 1 0 0 3 0 2 0 1 0 0 1 0 0 3 0 2 0 0 1 0 0 2 0 0 0 0 0 2 0 2 0 1 1 0 0 0 0 2 1 0 0 3 0 1 0 2 0 3 0 1 0 3 0 2 0 0 0 1 0 0 0 1 0 2 0 1 0 3 0 1 1 0 0 2 0 0 0 0 1 0 1 0 0 3 0 3 0 0 0 3 0 3 0 0 0 1 0 2 0 1 0 3 0 3 0 2 0 3 0 0 0 0 0 1 0 2 0 2 1 0 0 0 0 1 1 0 0 2 1 0 1 0 0 3 0 3 0 1 1 0 0 2 1 0 0 1 0 1 0 2 0 3 0 0 0 1 0 1 0 0 0 3 0 1 0 1 0 0 0 1
1 599 1 0 1 0 2 0 3 0 2 1 0 0 1 0 2 1 0 0 0 0 0 0 1 0 2 0 0 1 0 1 0 1 0 1 0 0 3 0 0 0 1 0 1 0 2 0 0 0 3 0 0 0 1 1 0 1 0 0 3 0 0 1 0 0 3 0 3 0 2 0 1 1 0 0 1 0 3 0 2 0 2 0 3 0 1 1 0 1 0 0 3 0 2 1 0 0 1 0 0 0 2 0 3 0 3 0 0 0 2 0 1 0 3 0 1 0 0 0 2 0 0 0 2 0 1 0 0 0 0 0 0 0 1 0 1 0 0 0 1 0 1 1 0 1 0 0 2 1 0 0 2 0 3 0 3 0 1 0 0 0 1 0 0 0 1 0 2 1 0 0 2 1 0 0 2 0 1 0 1 0 2 0 0 0 2 1 0 0 0 1 0 0 0 1 0 0 2 1 0 1 0 0 1 0 1 1 0 0 0 1 0 1 0 0 0 1 0 0 1 0 2 0 1 0 2 0 2 1 0 1 0 0 3 0 0 0 0 0 2 1 0 1 0 0 2 0 1 1 0 1 0 0 0 0 0 1 0 0 0 0 3 0 2 1 0 0 3 0 1 0 2 0 1 1 0 0 2 0 2 0 3 0 3 0 3 0 3 0 1 0 0 0 0 0 2 0 3 0 1 0 2 0 2 1 0 0 3 0 0 0 1 0 2 0 2 0 3 0 1 0 0 0 0 0 2 0 2 0 3 0 2 0 2 0 3 0 1 0 1 0 1 0 2 0 3 0 1 0 3 0 2 0 3 0 3 0 1 0 0 0 1 0 0 0 1 0 2 0 1 0 0 0 1 0 3 0 2 0 2 0 2 1 0 0 2 0 2 0 3 0 1 0 1 0 1 0 2 0 3 0 3 0 2 0 2 1 0 1 0 0 0 0 0 0 3 0 3 0 1 0 1 0 1 0 1 0 2 1 0 1 0 0 2 0 0 0 3 0 1 1 0 0 2 0 0 0 2 0 3 0 3 0 0 0 1 0 0 0 0 1 0 1 0 0 1 0 1 0 0 0 1 1 0 0 1 0 2 1 0 0 3 0 0 0 1 0 2 0 0 0 2 1 0 1 0 0 2 1 0 1 0 1 0 0 1 0 1 1 0 1 0 0 2 0 2 0 2 0 2 0 2 0 1 0 2 1 0 1 0 0 3 0 3 0 1 0 2 0 1 0 0 0 3 0 0 0 1 1 0 0 0 1 0 0 0 0 1 0 0 1 0 0 2 0 3 0 0 0 0 0 0 1 0 0 2 0 3 0 0 0 2 0 1 0 2 0 2 0 1 0 1 0 3 0 2 0 0 0 2
0 599 2 0 3 0 0 0 3 0 1 1 0 0 3 0 0 1 0 0 0 0 0 0 2 1 0 0 2 1 0 1 0 1 0 1 0 0 1 0 1 0 2 0 2 1 0 0 2 0 1 0 1 1 0 0 0 1 0 0 1 0 2 1 0 0 2 0 3 0 0 1 0 1 0 0 3 0 2 0 1 0 1 0 3 0 0 0 0 1 0 0 2 0 1 1 0 0 2 0 1 0 0 0 3 0 2 0 1 1 0 1 0 0 2 0 3 0 0 1 0 0 1 1 0 0 3 0 0 0 0 0 0 0 2 0 2 0 0 0 2 1 0 0 0 1 0 0 1 0 0 0 0 0 3 0 2 0 3 0 0 0 2 0 0 0 3 0 1 0 0 0 0 1 0 1 0 0 3 0 2 1 0 0 2 0 0 1 0 0 1 0 3 0 0 1 0 0 1 0 0 0 3 0 1 0 3 0 3 0 0 1 0 0 3 0 0 0 3 0 1 1 0 1 0 0 1 0 2 0 0 1 0 0 1 0 1 0 1 0 1 0 0 1 0 0 0 0 0 0 0 0 2 1 0 0 1 0 3 0 0 0 2 0 2 0 0 0 1 1 0 0 1 0 0 0 0 0 0 0 1 0 3 0 3 0 3 0 2 0 3 0 0 0 1 0 0 0 2 1 0 0 1 0 2 0 0 0 1 0 1 0 3 0 0 0 1 0 2 0 3 0 0 0 1 0 0 0 1 0 3 0 1 0 1 0 2 0 3 0 2 0 3 0 0 0 2 1 0 0 3 0 1 0 3 0 2 0 3 0 0 0 2 0 0 0 2 1 0 0 3 0 0 0 3 0 2 0 1 0 1 0 2 0 0 0 0 0 1 0 2 0 3 0 2 0 3 0 0 0 3 0 3 0 1 0 2 0 0 0 2 1 0 0 1 0 2 0 2 0 3 0 2 0 2 0 3 0 1 0 0 0 3 0 3 0 1 0 1 1 0 1 0 1 0 0 2 0 0 0 3 0 2 0 1 0 2 0 0 0 1 1 0 0 3 0 1 0 2 0 0 0 3 0 3 0 2 0 1 0 0 0 1 0 1 0 2 1 0 0 2 0 1 0 0 1 0 0 1 0 0 1 0 0 3 0 1 1 0 0 0 1 0 0 0 0 1 0 1 0 1 0 0 1 0 0 2 0 0 1 0 0 2 0 2 1 0 0 0 0 3 0 1 0 1 0 1 0 3 0 3 0 0 0 2 1 0 0 2 0 1 1 0 0 0 0 2 0 1 0 0 0 1 1 0 0 0 0 2 0 1 1 0 1 0 0 1 0 0 0 3 0 3 0 2 0 0 0 2 0 0
0 601 1 0 0 0 2 0 2 0 2 0 0 0 0 0 1 0 2 0 2 1 0 0 1 0 1 0 0 0 1 0 0 1 0 1 0 0 3 0 1 0 3 0 0 0 1 1 0 1 0 0 3 0 3 0 3 0 0 0 3 0 2 0 1 0 0 0 0 0 2 0 2 1 0 1 0 0 2 0 0 0 3 0 3 0 1 0 1 0 1 0 3 0 3 0 3 0 3 0 3 0 2 0 1 0 2 0 1 0 0 0 0 1 0 0 0 0 2 0 2 0 3 0 2 1 0 0 1 0 1 0 0 0 1 0 0 0 0 0 2 0 0 1 0 0 1 0 3 0 1 0 0 0 1 0 2 0 1 0 2 0 1 1 0 0 2 0 1 0 3 0 0 0 1 1 0 1 0 0 2 0 1 1 0 1 0 0 2 0 3 0 2 0 1 0 2 0 3 0 1 0 1 0 1 1 0 0 3 0 2 0 2 1 0 0 1 0 2 0 2 0 0 0 0 0 3 0 1 1 0 0 2 0 3 0 1 0 2 0 2 0 2 0 1 0 2 1 0 0 0 0 1 0 0 1 0 0 3 0 1 0 2 0 0 0 0 0 1 0 3 0 3 0 1 0 0 0 0 0 0 0 3 0 2 0 3 0 3 0 1 0 2 0 1 0 2 0 1 0 0 1 0 0 2 1 0 0 1 0 2 0 3 0 1 0 1 0 3 0 0 0 2 0 1 0 2 0 0 0 3 0 1 0 3 0 3 0 0 0 3 0 1 0 2 0 2 0 1 0 0 0 1 1 0 0 3 0 1 0 2 0 1 1 0 0 2 0 1 0 0 0 1 0 2 0 2 0 0 0 3 0 2 1 0 0 1 0 0 0 3 0 0 0 3 0 1 0 2 0 2 0 2 0 2 1 0 0 0 0 2 0 0 1 0 0 3 0 0 0 1 0 3 0 1 0 1 0 2 0 3 0 1 0 2 0 2 1 0 0 0 0 0 1 0 0 3 0 3 0 1 0 2 0 0 1 0 0 0 0 1 1 0 0 0 0 1 1 0 0 0 0 2 0 2 0 3 0 0 0 3 0 0 0 2 0 3 0 0 1 0 1 0 0 3 0 1 0 3 0 1 0 1 1 0 0 1 1 0 1 0 0 1 0 2 1 0 0 2 0 2 0 2 0 1 0 3 0 3 0 1 1 0 0 0 0 1 1 0 0 1 0 1 0 3 0 2 0 3 0 2 0 2 0 2 0 0 1 0 1 0 1 0 1 0 0 0 1 0 0 3 0 0 0 3 0 3 0 0 0 0 0 0 0 0 0 3 0 1 0 1 0 2 0 3 0 0 0 1 1 0 0 1
0 601 2 0 1 0 0 0 1 0 0 0 1 0 0 0 3 0 0 0 1 1 0 0 2 0 2 0 0 0 2 0 1 1 0 1 0 0 1 1 0 0 2 0 1 1 0 0 0 1 0 0 2 0 3 0 2 0 2 0 2 0 0 0 3 0 0 0 1 0 0 0 2 0 0 0 3 0 3 0 1 0 2 0 2 0 3 0 2 0 3 0 2 0 3 0 3 0 3 0 3 0 0 1 0 0 0 0 3 0 0 0 1 0 3 0 0 0 0 0 1 0 3 0 1 1 0 0 2 0 2 0 0 0 2 0 0 0 0 1 0 0 2 0 3 0 2 0 1 0 3 0 0 0 2 1 0 1 0 0 0 1 0 1 0 1 0 1 0 0 2 0 1 1 0 0 0 1 0 0 0 0 0 0 0 1 0 0 0 0 3 0 0 1 0 0 1 0 2 0 3 0 2 1 0 0 0 0 2 0 1 0 1 1 0 0 3 0 0 0 0 0 1 0 1 0 2 0 0 0 0 0 0 0 2 1 0 0 1 0 1 0 0 1 0 0 1 1 0 0 0 0 2 0 1 1 0 0 1 1 0 0 0 0 1 0 0 0 3 0 2 0 2 0 3 0 0 0 0 0 1 0 2 0 1 0 3 0 2 1 0 0 0 1 0 0 0 0 3 0 1 1 0 0 0 1 0 0 3 0 0 0 2 0 3 0 3 0 1 0 1 1 0 1 0 0 0 0 2 0 1 1 0 0 3 0 2 0 2 0 1 1 0 0 1 0 0 0 3 0 0 1 0 0 0 0 1 1 0 0 0 1 0 1 0 1 0 0 3 0 0 0 3 0 0 0 0 0 2 0 2 0 1 1 0 0 2 0 1 0 1 0 2 0 1 1 0 0 1 0 1 0 1 0 1 1 0 0 0 1 0 0 2 1 0 0 1 0 1 0 3 0 1 0 3 0 3 0 0 0 2 1 0 0 1 0 1 1 0 0 0 0 1 1 0 0 2 0 2 1 0 0 0 0 2 0 2 1 0 0 3 0 2 1 0 0 3 0 3 0 0 0 0 0 1 0 2 0 2 0 1 0 2 0 0 0 2 0 2 1 0 1 0 0 1 1 0 0 2 0 3 0 3 0 3 0 2 1 0 0 3 0 2 0 1 0 0 0 0 0 1 0 0 1 0 0 3 0 2 1 0 1 0 0 0 0 3 0 3 0 1 0 3 0 2 0 1 0 3 0 1 0 1 0 0 0 2 1 0 1 0 1 0 0 3 0 0 1 0 0 1 0 2 0 2 0 2 0 1 0 0 0 0 0 1 0 1 0 3 0 3 0 0 0 2 0 1 0 3 0 3 0 1
1 602 1 0 0 3 0 0 0 2 0 0 0 2 0 1 0 1 0 1 1 0 0 0 0 0 0 0 0 2 0 0 0 0 0 0 0 3 0 2 0 3 0 3 0 3 0 3 0 0 1 0 0 0 0 3 0 1 0 1 0 0 0 2 0 1 0 1 0 2 0 0 1 0 0 2 0 2 0 2 1 0 0 1 0 1 0 3 0 1 0 3 0 1 0 3 0 3 0 3 0 2 0 2 0 3 0 0 0 1 0 1 0 3 0 1 0 1 0 0 0 3 0 2 0 0 0 0 0 0 0 0 0 1 1 0 0 1 0 1 1 0 0 0 0 3 0 0 1 0 0 2 0 2 0 1 0 0 0 3 0 0 1 0 1 0 1 0 0 3 0 3 0 3 0 3 0 0 0 2 1 0 0 0 0 1 0 3 0 0 0 1 0 2 0 3 0 2 0 0 0 3 0 1 1 0 0 0 1 0 1 0 0 0 0 0 0 1 0 1 0 0 0 2 0 2 1 0 0 1 0 0 0 1 0 0 1 0 0 2 0 2 0 1 0 3 0 2 0 2 1 0 1 0 1 0 1 0 0 3 0 2 1 0 0 2 0 1 0 2 0 1 0 1 0 2 0 1 0 0 0 2 1 0 1 0 0 3 0 1 1 0 0 1 0 3 0 0 0 1 1 0 1 0 0 1 1 0 0 1 0 2 0 0 0 3 0 2 1 0 0 0 0 0 0 3 0 0 0 0 0 0 0 0 0 2 0 1 0 0 1 0 1 0 0 2 0 1 0 1 0 2 0 2 1 0 0 3 0 3 0 0 1 0 1 0 1 0 0 1 0 2 0 1 0 1 0 1 0 0 0 0 1 0 1 0 1 0 0 3 0 2 1 0 1 0 1 0 0 2 0 2 0 2 0 3 0 3 0 0 1 0 0 0 1 0 0 2 0 3 0 1 1 0 0 3 0 2 0 2 0 0 1 0 0 2 0 3 0 2 1 0 1 0 0 0 0 0 0 1 1 0 0 1 0 0 0 2 0 0 0 2 0 2 0 0 0 2 0 2 0 1 0 0 0 3 0 0 0 0 1 0 0 0 0 2 0 0 0 2 0 0 0 3 0 2 1 0 0 0 0 3 0 3 0 3 0 2 0 0 0 2 0 0 0 3 0 0 0 0 0 2 0 1 1 0 0 2 0 2 0 0 0 3 0 0 0 2 0 2 1 0 0 3 0 0 1 0 0 2 0 3 0 2 0 1 0 1 0 0 1 0 1 0 0 1 0 2 0 3 0 2 0 0 0 1 0 0 0 3 0 0 0 0 0 2 0 3 0 2 0 2 0 1 1 0 1 0 0 3 0 2 1 0
1 603 1 1 0 0 1 0 1 1 0 0 1 1 0 0 3 0 2 0 3 0 2 1 0 0 0 0 0 1 0 0 1 0 0 0 1 0 2 0 1 0 3 0 3 0 3 0 2 0 2 0 3 0 0 0 1 0 3 0 2 0 0 1 0 0 3 0 2 1 0 0 2 1 0 0 0 0 1 0 1 1 0 0 2 0 3 0 1 1 0 0 2 1 0 0 3 0 3 0 3 0 1 0 1 0 2 0 1 0 2 0 3 0 1 0 3 0 2 0 1 0 2 0 0 0 1 0 0 0 0 0 0 0 3 0 3 0 1 0 3 0 3 0 0 0 1 0 2 1 0 0 0 0 0 0 3 0 1 0 1 0 2 1 0 1 0 1 0 0 2 0 3 0 3 0 2 0 2 0 0 1 0 0 0 0 3 0 1 0 1 0 3 0 0 0 3 0 0 0 2 0 1 1 0 1 0 0 1 1 0 0 2 1 0 0 0 0 2 0 2 0 1 0 0 0 1 1 0 0 2 0 0 0 2 0 1 1 0 0 0 0 0 1 0 0 3 0 1 0 2 0 0 1 0 1 0 1 0 0 2 0 1 1 0 1 0 1 0 0 0 0 3 0 2 1 0 0 3 0 1 0 1 0 0 1 0 0 1 1 0 1 0 0 3 0 1 0 1 1 0 0 0 0 3 0 2 0 3 0 1 1 0 0 2 0 2 0 1 1 0 0 0 0 1 0 1 0 1 0 0 0 0 0 0 1 0 0 3 0 1 1 0 0 3 0 3 0 2 0 3 0 0 0 2 0 0 0 2 0 2 0 2 1 0 1 0 0 3 0 1 1 0 0 3 0 2 0 2 0 0 0 1 1 0 1 0 1 0 0 2 0 2 0 0 1 0 1 0 0 0 0 1 0 1 0 3 0 2 0 2 0 3 0 0 1 0 0 0 0 3 0 0 0 0 0 2 0 1 0 0 0 2 1 0 0 0 0 3 0 2 0 0 0 2 1 0 0 0 0 3 0 3 0 1 0 0 1 0 0 2 0 0 0 0 0 2 0 0 0 0 0 3 0 1 0 1 0 1 0 1 0 2 1 0 1 0 0 1 1 0 0 2 0 2 0 1 1 0 0 1 0 2 0 3 0 3 0 0 0 1 1 0 0 2 0 1 0 1 0 1 0 0 0 0 0 0 0 0 0 0 0 2 0 1 0 2 0 0 0 2 0 0 0 1 0 2 1 0 0 0 0 3 0 0 0 3 0 2 0 1 1 0 0 3 0 2 0 0 0 3 0 0 0 1 0 2 0 1 0 1 0 1 0 1 0 0 0 3 0 1 0 1 0 0 0 0 1 0 0 2 0 1 1 0
1 603 3 0 3 0 1 0 3 0 3 0 2 1 0 0 2 0 1 0 3 0 1 1 0 0 0 0 1 0 3 0 1 0 0 0 2 1 0 1 0 0 3 0 3 0 3 0 1 0 1 0 2 0 1 0 3 0 2 0 0 0 2 1 0 0 2 0 2 0 0 0 0 1 0 0 0 0 2 1 0 0 0 0 0 0 3 0 0 0 0 0 1 0 0 0 2 0 3 0 2 0 3 0 2 1 0 1 0 0 1 0 2 1 0 0 3 0 0 1 0 0 0 0 1 0 2 0 0 0 0 0 1 0 2 0 2 1 0 0 3 0 2 0 1 0 3 0 0 1 0 0 0 0 1 0 1 0 3 0 3 0 1 0 0 1 0 1 0 0 0 0 3 0 3 0 1 0 0 0 2 0 3 0 0 0 1 0 3 0 3 0 1 0 2 0 1 0 2 0 0 0 0 0 0 0 3 0 2 1 0 0 0 1 0 0 1 0 0 0 0 0 3 0 0 0 3 0 3 0 3 0 0 1 0 1 0 1 0 0 0 0 1 1 0 0 1 1 0 0 0 0 2 1 0 1 0 1 0 0 0 0 0 0 0 1 0 0 3 0 0 0 2 0 2 0 0 0 1 0 3 0 2 0 1 0 3 0 2 1 0 1 0 0 1 0 3 0 3 0 3 0 0 0 2 0 1 0 3 0 0 0 0 0 0 0 0 1 0 1 0 0 0 0 2 0 2 0 2 0 0 0 0 0 1 1 0 0 2 0 0 0 0 0 2 0 3 0 1 0 2 0 1 1 0 0 2 0 0 0 1 0 2 0 0 1 0 0 2 0 0 0 0 0 2 0 1 0 0 0 1 1 0 0 0 1 0 1 0 0 0 0 0 0 2 1 0 0 2 1 0 0 2 0 3 0 2 0 1 0 1 0 2 0 2 0 3 0 0 0 1 0 1 0 0 1 0 0 3 0 1 0 0 1 0 0 1 0 2 0 0 0 2 0 0 1 0 0 1 0 2 0 2 0 3 0 1 0 3 0 3 0 0 0 0 1 0 0 1 0 1 0 1 0 3 0 2 0 2 0 3 0 1 0 0 0 3 0 2 1 0 0 0 0 0 1 0 1 0 0 3 0 0 0 3 0 2 0 1 0 3 0 3 0 3 0 2 0 2 0 2 0 0 0 0 0 0 0 0 0 0 1 0 1 0 0 0 0 1 1 0 0 1 0 3 0 0 1 0 0 1 0 1 0 2 0 2 0 1 0 0 0 0 0 2 0 0 0 2 0 1 0 1 0 2 1 0 0 3 0 2 0 2 0 2 0 1 0 1 0 3 0 2 0 0 0 1 0 3 0 3 0 3 0 2
0 605 1 0 2 0 2 1 0 0 3 0 3 0 1 1 0 1 0 1 0 0 2 1 0 1 0 0 0 0 3 0 1 0 3 0 1 0 1 0 0 1 0 0 2 0 3 0 2 0 3 0 2 1 0 1 0 0 3 0 0 0 2 0 1 0 0 0 0 0 0 0 1 0 1 0 3 0 0 0 0 1 0 0 0 0 1 0 1 0 1 0 0 0 2 0 1 0 0 0 3 0 1 0 3 0 2 0 0 0 3 0 2 0 1 0 0 0 1 0 2 0 2 1 0 0 2 1 0 0 1 0 0 0 3 0 0 0 2 0 0 0 2 0 0 1 0 0 2 0 2 0 2 1 0 0 2 0 3 0 2 0 2 0 3 0 1 1 0 0 3 0 0 0 2 0 2 0 3 0 1 0 0 0 2 0 1 0 3 0 2 0 2 1 0 0 0 1 0 0 0 0 1 0 0 0 1 0 2 0 1 1 0 0 1 0 3 0 1 0 0 0 1 0 1 0 2 0 2 0 3 0 2 0 2 1 0 1 0 0 2 1 0 0 3 0 3 0 2 0 3 0 0 0 1 0 0 1 0 0 2 1 0 0 0 0 1 1 0 0 1 0 2 0 0 0 0 0 1 0 3 0 2 0 0 1 0 0 3 0 2 0 0 0 3 0 2 0 2 0 3 0 2 0 1 1 0 1 0 0 2 0 1 0 0 0 0 0 1 1 0 0 3 0 0 0 0 0 1 0 0 0 1 0 0 0 3 0 3 0 3 0 0 0 1 0 0 0 2 1 0 0 0 1 0 1 0 1 0 0 1 0 2 1 0 0 2 0 3 0 3 0 0 0 0 1 0 0 3 0 0 0 3 0 3 0 0 1 0 0 2 1 0 0 1 0 1 0 0 0 1 0 0 0 0 0 3 0 0 0 3 0 3 0 0 0 1 0 2 0 1 0 2 0 2 0 1 1 0 0 1 0 3 0 1 0 3 0 1 1 0 0 1 1 0 0 2 0 3 0 2 0 0 0 1 0 2 1 0 0 3 0 2 0 1 0 1 0 3 0 1 0 2 0 3 0 2 0 1 0 1 0 2 0 3 0 1 0 2 0 1 1 0 0 0 0 1 1 0 1 0 0 1 0 2 0 2 0 0 1 0 0 3 0 3 0 3 0 1 0 1 0 0 0 1 0 0 0 0 0 0 0 1 1 0 0 2 1 0 0 3 0 3 0 2 0 1 0 2 0 3 0 1 0 3 0 0 0 0 0 3 0 0 0 0 1 0 0 1 1 0 0 3 0 3 0 1 0 0 0 2 0 1 0 1 0 0 0 3 0 3 0 2 0 0 0 1 0 3 0 2 0 3 0 3 0 1
1 605 3 0 0 0 2 0 0 0 2 0 3 0 0 0 0 1 0 1 0 0 1 0 0 0 3 0 0 0 1 1 0 0 2 0 3 0 2 0 1 1 0 0 0 0 3 0 1 0 3 0 2 0 0 1 0 0 1 0 1 1 0 0 3 0 0 0 0 0 0 0 2 0 3 0 1 0 1 0 1 0 2 1 0 0 2 0 2 0 2 0 0 1 0 0 3 0 1 0 1 1 0 0 3 0 0 0 2 0 2 0 0 0 3 0 0 0 3 0 0 0 2 0 0 0 0 1 0 0 2 0 1 0 1 0 1 1 0 0 1 1 0 0 2 1 0 0 0 0 1 0 2 0 0 0 0 0 3 0 1 0 1 0 3 0 0 0 0 0 1 0 2 0 0 0 1 0 2 0 3 0 0 1 0 1 0 0 3 0 1 0 1 1 0 0 1 0 2 1 0 0 2 0 0 0 2 1 0 1 0 1 0 0 3 0 1 0 3 0 0 0 2 0 3 0 0 0 1 0 3 0 1 0 2 0 0 1 0 0 1 0 0 0 2 0 3 0 1 0 2 0 1 0 2 0 1 1 0 0 0 1 0 0 0 0 3 0 3 0 1 1 0 0 1 0 0 0 3 0 2 0 0 0 2 1 0 0 2 0 0 0 2 0 2 0 1 0 1 0 3 0 1 0 0 0 0 0 3 0 3 0 2 0 0 0 0 1 0 0 0 0 1 0 1 0 0 0 2 0 0 0 2 0 1 0 2 0 3 0 2 0 1 0 2 0 1 0 0 1 0 0 1 1 0 1 0 0 3 0 2 0 1 0 0 0 0 0 3 0 2 0 1 0 1 1 0 0 1 0 2 0 2 0 2 0 2 1 0 0 0 1 0 0 2 0 2 0 0 0 2 0 0 0 1 0 1 0 2 0 2 0 2 0 1 0 2 1 0 1 0 0 1 0 0 1 0 1 0 0 3 0 1 1 0 0 2 1 0 1 0 1 0 0 0 0 0 0 3 0 0 0 1 0 3 0 1 0 0 0 2 0 0 0 3 0 3 0 1 1 0 0 1 0 3 0 0 0 3 0 3 0 0 0 2 1 0 0 0 1 0 1 0 0 0 1 0 0 0 0 3 0 2 0 0 0 0 0 2 1 0 0 2 0 3 0 2 0 3 0 2 0 0 0 2 0 0 0 0 0 0 1 0 0 0 0 1 0 0 0 2 0 3 0 0 1 0 0 1 0 2 1 0 0 2 0 1 0 1 0 1 0 1 0 1 0 3 0 2 1 0 0 2 0 2 0 3 0 0 1 0 0 3 0 2 0 1 0 2 0 3 0 0 0 1 0 3 0 2 0 1 0 3 0 2 1 0
1 607 1 0 1 0 1 1 0 0 2 0 0 0 2 0 1 0 1 1 0 0 3 0 1 0 1 0 1 0 1 1 0 0 0 0 0 0 3 0 0 1 0 1 0 0 1 0 1 1 0 0 3 0 0 0 2 0 3 0 1 1 0 0 0 0 1 0 1 0 0 0 1 0 0 0 2 0 3 0 2 0 3 0 1 0 0 0 0 0 1 0 0 0 2 1 0 0 1 1 0 0 0 0 0 0 1 0 2 0 0 0 0 0 2 0 1 0 2 0 1 0 1 1 0 0 1 0 1 0 3 0 3 0 2 0 2 0 3 0 3 0 2 1 0 0 0 1 0 0 0 0 2 1 0 0 1 0 1 0 1 0 3 0 3 0 1 0 1 0 0 0 2 1 0 0 1 0 3 0 0 0 2 0 2 1 0 1 0 0 1 0 3 0 3 0 3 0 2 0 0 1 0 1 0 0 2 0 1 0 0 1 0 1 0 0 1 1 0 0 2 0 2 0 0 0 2 0 1 0 3 0 1 1 0 0 0 0 2 0 3 0 1 0 1 0 0 0 2 1 0 0 0 1 0 0 0 1 0 1 0 0 1 0 3 0 0 0 2 0 2 1 0 1 0 0 2 0 1 0 2 0 0 0 2 0 0 1 0 1 0 0 2 0 0 0 0 0 3 0 3 0 1 0 3 0 0 0 1 0 2 0 3 0 0 0 1 0 1 0 2 1 0 0 2 0 2 0 0 1 0 0 1 1 0 1 0 0 1 0 3 0 0 1 0 0 0 0 3 0 1 0 3 0 2 1 0 1 0 0 2 0 0 0 3 0 0 0 1 0 2 0 0 0 3 0 3 0 3 0 2 0 0 0 1 0 1 0 1 1 0 0 1 1 0 0 0 0 0 0 1 1 0 0 1 0 2 0 3 0 0 0 1 0 0 1 0 0 2 0 0 0 3 0 1 0 1 1 0 1 0 0 2 0 0 0 0 0 1 0 0 1 0 0 2 1 0 0 1 0 1 0 1 0 3 0 1 0 3 0 0 1 0 0 2 0 2 0 2 1 0 1 0 0 3 0 1 0 2 0 2 0 2 0 2 0 0 1 0 0 1 1 0 0 3 0 0 0 3 0 0 0 2 0 0 0 1 0 1 0 1 0 0 0 0 0 3 0 1 0 3 0 0 0 1 1 0 0 1 0 0 0 1 0 2 1 0 0 2 0 1 0 0 0 2 0 2 0 3 0 2 0 0 1 0 1 0 0 3 0 2 0 2 0 2 0 3 0 2 0 2 0 0 0 0 0 1 0 2 0 2 1 0 0 2 0 0 1 0 0 1 0 2 0 1 0 3 0 2 0 0 1 0 0 3 0 1 1 0
1 607 2 0 2 0 3 0 3 0 3 0 0 1 0 1 0 0 0 0 0 0 1 0 3 0 2 0 2 0 3 0 2 1 0 0 1 0 1 0 2 1 0 0 3 0 1 1 0 0 0 0 1 0 2 0 0 0 2 1 0 1 0 0 0 0 2 0 2 0 0 0 2 0 1 0 0 0 3 0 1 0 2 0 3 0 0 0 0 0 2 0 1 0 0 1 0 0 3 0 2 1 0 0 0 0 2 1 0 0 1 0 0 1 0 1 0 0 0 0 3 0 3 0 3 0 1 0 3 0 2 0 3 0 1 0 1 0 3 0 3 0 1 1 0 0 1 0 3 0 0 0 0 1 0 0 2 0 2 0 3 0 2 0 2 0 3 0 2 0 1 0 0 1 0 0 3 0 1 0 2 0 0 0 2 0 0 0 3 0 2 0 2 0 3 0 3 0 0 0 2 1 0 0 3 0 3 0 2 0 1 1 0 0 3 0 2 1 0 0 0 0 0 0 1 1 0 1 0 0 2 1 0 1 0 0 1 0 0 0 2 0 3 0 2 0 1 0 0 1 0 0 1 0 3 0 0 1 0 0 3 0 2 0 1 0 2 0 0 0 2 0 0 0 3 0 3 0 2 1 0 0 1 1 0 0 2 1 0 0 3 0 3 0 0 0 1 0 2 0 2 1 0 0 2 0 1 0 3 0 0 0 2 0 1 0 2 0 3 0 1 0 0 0 0 0 0 0 2 0 3 0 2 1 0 0 3 0 2 0 1 0 2 0 3 0 0 0 1 1 0 0 3 0 2 0 0 0 3 0 3 0 1 0 1 0 1 0 2 1 0 0 2 0 2 0 3 0 3 0 0 0 1 0 2 0 2 0 3 0 3 0 2 0 2 1 0 0 0 0 3 0 3 0 2 0 0 0 2 0 1 0 2 0 1 0 3 0 3 0 1 0 1 1 0 0 0 0 0 0 3 0 3 0 0 0 0 0 2 0 1 1 0 0 0 1 0 0 2 0 2 0 3 0 1 1 0 0 2 0 2 1 0 0 0 0 1 0 2 0 0 1 0 0 1 1 0 0 1 0 1 0 1 0 0 0 2 0 3 0 2 1 0 0 1 0 2 0 1 0 1 1 0 0 1 0 2 0 2 0 2 0 0 0 1 0 1 1 0 0 2 0 1 0 3 0 3 0 1 0 0 0 3 0 0 1 0 1 0 0 3 0 1 0 0 0 1 0 3 0 0 0 2 1 0 1 0 0 2 0 1 0 1 0 1 0 3 0 1 0 0 0 1 0 0 0 3 0 0 0 1 1 0 1 0 0 2 0 3 0 1 1 0 1 0 0 3 0 0 0 2 1 0 0 1 1 0 1 0
1 609 1 0 0 0 1 0 3 0 3 0 2 0 2 1 0 0 2 1 0 0 0 0 3 0 2 0 1 0 1 0 3 0 1 1 0 0 2 0 3 0 1 0 0 0 1 1 0 1 0 0 0 0 2 1 0 0 2 0 1 0 0 0 3 0 0 0 0 0 0 0 1 1 0 0 3 0 1 0 1 1 0 0 1 0 2 0 1 0 0 1 0 0 3 0 1 1 0 0 2 0 1 1 0 0 1 0 0 1 0 0 2 0 1 1 0 0 3 0 0 0 2 0 3 0 2 1 0 0 3 0 1 0 2 0 3 0 3 0 2 0 2 1 0 1 0 0 3 0 1 0 1 0 1 1 0 0 0 0 1 0 3 0 1 0 1 0 3 0 0 0 3 0 1 1 0 0 1 1 0 0 0 0 1 1 0 0 2 0 2 0 1 0 1 0 3 0 2 0 2 0 1 0 0 0 2 0 3 0 1 0 0 0 0 0 2 0 1 1 0 0 0 0 0 1 0 0 0 1 0 0 1 0 0 0 3 0 1 0 1 0 0 0 3 0 0 0 3 0 1 0 3 0 2 0 1 0 2 1 0 0 2 0 0 1 0 0 0 0 1 1 0 0 2 0 2 0 3 0 1 1 0 1 0 0 0 0 1 0 0 0 2 0 2 0 1 0 3 0 0 0 1 1 0 1 0 1 0 0 2 0 1 1 0 1 0 0 1 0 2 0 3 0 0 0 0 0 1 0 0 0 3 0 2 0 0 0 2 0 0 1 0 0 1 0 2 0 1 1 0 0 0 0 2 0 0 0 2 0 2 0 2 0 3 0 2 0 3 0 1 0 0 0 0 0 1 0 3 0 2 0 1 0 3 0 0 0 1 0 3 0 3 0 1 0 1 1 0 0 1 0 2 0 3 0 0 0 1 1 0 1 0 0 0 1 0 0 3 0 2 0 3 0 3 0 2 1 0 0 1 0 2 0 2 0 1 0 0 1 0 1 0 1 0 0 1 1 0 0 0 0 1 0 3 0 0 0 0 0 0 0 1 1 0 0 0 0 2 1 0 0 2 0 3 0 2 0 3 0 1 0 2 0 2 0 1 0 0 0 3 0 1 1 0 0 2 1 0 0 3 0 3 0 3 0 2 0 0 0 1 0 0 0 1 0 2 0 3 0 3 0 3 0 3 0 2 0 2 0 3 0 1 0 1 0 2 1 0 1 0 0 1 0 3 0 0 0 3 0 1 0 2 0 1 0 0 0 3 0 3 0 2 0 2 0 3 0 1 0 3 0 0 0 2 0 1 0 1 0 1 1 0 0 0 1 0 0 0 0 3 0 0 0 0 1 0 0 1 0 2 0 0 1 0 1 0 0 0 0 2
0 609 2 0 0 0 3 0 2 0 3 0 1 0 2 0 0 0 0 1 0 0 1 0 2 0 0 0 3 0 3 0 2 0 0 0 0 0 0 0 2 0 3 0 0 1 0 0 0 0 3 0 0 0 0 1 0 1 0 0 3 0 1 0 1 0 1 0 0 0 0 1 0 0 0 0 1 0 3 0 3 0 3 0 1 1 0 0 3 0 1 1 0 0 1 1 0 1 0 1 0 1 0 1 0 0 2 0 1 1 0 0 0 0 0 0 0 0 1 0 2 0 0 0 3 0 2 0 0 0 1 1 0 0 1 0 3 0 3 0 1 0 2 0 0 1 0 0 1 0 3 0 2 0 3 0 2 1 0 0 3 0 1 0 3 0 3 0 1 0 2 0 1 1 0 1 0 0 3 0 2 1 0 1 0 0 0 0 0 0 0 0 3 0 3 0 2 0 1 0 0 0 3 0 1 0 0 0 2 0 3 0 0 0 0 1 0 1 0 1 0 0 0 0 1 0 3 0 0 0 3 0 1 0 1 0 1 0 3 0 2 0 1 0 1 0 2 0 1 1 0 0 3 0 0 1 0 0 1 1 0 1 0 0 2 0 2 1 0 1 0 0 0 0 0 0 1 0 3 0 0 0 0 0 2 1 0 0 2 0 1 0 0 0 0 1 0 0 2 0 1 1 0 0 0 1 0 1 0 0 0 0 0 0 0 0 3 0 2 0 0 0 2 0 1 0 0 0 2 0 1 0 2 0 0 0 1 1 0 0 2 0 3 0 1 1 0 1 0 1 0 0 0 1 0 0 2 0 0 0 1 0 1 0 3 0 1 0 2 0 3 0 0 0 0 0 3 0 2 0 0 1 0 0 2 0 1 0 3 0 2 0 2 0 3 0 3 0 3 0 2 0 0 0 2 0 1 1 0 0 0 0 3 0 0 1 0 0 2 0 1 0 3 0 3 0 1 1 0 0 3 0 0 0 0 0 3 0 1 1 0 1 0 0 3 0 2 0 2 1 0 0 3 0 1 0 1 0 0 0 0 0 3 0 3 0 0 0 1 0 0 0 0 0 3 0 1 0 2 1 0 0 1 0 0 0 3 0 1 0 2 0 0 0 0 0 1 0 0 0 2 0 3 0 3 0 0 0 1 0 2 0 0 0 3 0 0 0 3 0 3 0 3 0 3 0 1 0 1 0 2 0 3 0 3 0 1 0 0 0 3 0 2 0 1 0 2 0 1 1 0 0 0 0 3 0 1 0 2 0 3 0 1 0 1 0 2 1 0 0 2 0 1 1 0 0 3 0 2 0 3 0 3 0 0 0 3 0 0 0 1 0 1 0 1 0 3 0 1 1 0 0 2 1 0 0 3 0 0 0 0
0 610 1 0 0 2 0 2 0 1 0 2 1 0 0 0 0 1 0 1 0 3 0 1 1 0 0 2 0 2 0 3 0 0 0 1 0 0 0 1 0 0 0 2 0 2 0 3 0 0 0 1 0 1 0 1 1 0 1 0 0 1 0 3 0 2 0 2 0 0 0 1 0 2 1 0 0 3 0 2 0 3 0 3 0 0 0 0 0 1 1 0 1 0 1 0 0 0 1 0 1 0 1 0 0 3 0 3 0 3 0 2 1 0 0 0 0 0 0 2 1 0 0 2 0 2 0 0 0 1 0 3 0 3 0 2 0 2 0 2 1 0 0 0 0 2 0 3 0 2 0 2 0 1 0 3 0 2 0 0 0 1 1 0 0 3 0 2 1 0 0 1 0 0 0 0 1 0 0 2 0 2 0 0 0 2 1 0 0 0 0 1 0 2 0 3 0 0 0 3 0 1 0 1 0 3 0 1 0 0 0 2 0 1 0 1 1 0 1 0 0 2 1 0 0 3 0 1 0 2 0 1 0 3 0 2 0 3 0 2 0 0 0 3 0 3 0 0 0 0 0 0 0 1 0 2 0 3 0 2 1 0 1 0 0 0 0 2 0 0 0 2 1 0 0 0 0 3 0 1 0 1 0 1 0 0 1 0 1 0 0 3 0 0 0 1 0 3 0 3 0 3 0 3 0 0 1 0 0 2 1 0 0 0 0 1 0 2 0 0 0 1 1 0 0 3 0 0 1 0 1 0 0 0 0 1 1 0 0 0 0 0 0 3 0 0 0 0 1 0 0 3 0 0 0 3 0 3 0 0 0 2 0 3 0 1 1 0 0 1 0 2 0 1 0 1 0 2 0 0 0 2 0 3 0 3 0 3 0 2 0 1 0 1 0 3 0 3 0 3 0 0 0 1 1 0 1 0 1 0 0 1 0 1 0 2 0 3 0 3 0 3 0 2 0 3 0 0 0 0 0 1 0 1 0 1 0 2 0 0 0 0 1 0 0 2 0 1 0 2 0 0 0 1 0 3 0 2 0 0 0 1 0 2 0 2 0 1 0 2 0 0 0 1 0 1 1 0 0 1 1 0 0 2 0 1 0 1 1 0 0 0 0 1 0 0 0 2 0 1 0 0 0 3 0 2 0 1 0 2 1 0 0 2 0 1 0 2 0 2 0 3 0 3 0 2 0 3 0 3 0 0 0 3 0 2 0 3 0 1 0 2 0 0 1 0 0 0 1 0 1 0 0 1 0 1 1 0 0 1 0 2 0 3 0 3 0 1 0 0 0 0 0 0 0 0 0 2 0 1 0 3 0 2 0 2 0 1 0 1 0 2 0 2 0 3 0 2 0 0 0 0 0 1 0 0 0 1 0 1 0 0
0 611 1 1 0 0 0 0 0 1 0 0 1 1 0 0 0 0 2 0 3 0 2 0 0 0 0 0 0 0 1 0 2 0 1 0 2 0 0 0 2 0 1 0 0 0 1 0 2 0 1 0 2 0 2 1 0 0 0 0 3 0 2 0 2 0 1 0 0 0 1 0 3 0 1 0 0 0 2 0 1 0 3 0 2 0 1 0 0 1 0 0 0 1 0 0 3 0 0 1 0 1 0 1 0 0 2 0 3 0 3 0 1 1 0 0 0 0 1 0 1 0 0 0 0 0 0 0 1 0 3 0 2 0 3 0 1 0 1 0 1 1 0 0 1 0 0 0 3 0 1 0 0 1 0 0 3 0 0 0 1 1 0 0 0 0 2 0 1 1 0 0 2 0 0 0 1 1 0 0 0 0 0 0 2 0 0 1 0 0 0 0 3 0 0 0 2 0 2 0 1 0 3 0 3 0 1 0 3 0 0 1 0 1 0 0 0 0 0 1 0 0 1 0 0 0 1 1 0 0 0 1 0 0 3 0 1 0 3 0 0 0 2 0 2 0 2 0 1 0 0 0 0 0 3 0 0 0 3 0 2 0 0 0 2 1 0 1 0 0 2 0 0 1 0 0 1 0 1 0 3 0 2 0 2 0 1 1 0 1 0 0 1 0 1 0 3 0 2 0 3 0 3 0 2 0 2 1 0 0 0 1 0 0 0 0 2 1 0 0 1 1 0 0 0 0 1 0 2 1 0 0 2 1 0 0 3 0 2 1 0 0 1 0 1 0 1 0 1 1 0 0 1 0 2 0 2 0 2 0 2 0 0 0 2 1 0 1 0 0 2 1 0 0 3 0 2 1 0 0 2 0 0 0 3 0 3 0 3 0 0 0 3 0 3 0 2 0 3 0 2 0 1 1 0 0 0 1 0 0 3 0 1 0 3 0 0 0 3 0 3 0 3 0 1 0 2 0 1 0 0 0 2 0 2 0 2 1 0 0 1 0 1 0 3 0 3 0 2 1 0 0 1 0 3 0 2 0 0 0 1 0 3 0 0 0 0 1 0 0 0 0 1 0 2 0 3 0 3 0 2 0 3 0 3 0 2 0 3 0 2 1 0 0 2 0 0 1 0 0 3 0 1 0 2 0 0 1 0 0 1 1 0 1 0 1 0 0 1 0 1 0 3 0 3 0 1 0 3 0 2 0 2 0 2 0 1 0 2 1 0 0 0 0 2 0 3 0 0 1 0 0 3 0 1 0 3 0 3 0 2 0 0 0 3 0 2 0 3 0 0 0 0 0 0 0 0 1 0 1 0 0 3 0 1 0 0 0 3 0 3 0 0 0 1 0 3 0 0 0 1 0 0 0 2 0 0 0 2 0 2 0 0
0 611 3 0 2 1 0 0 1 0 3 0 2 0 3 0 0 0 0 0 3 0 0 0 1 0 0 0 0 0 2 1 0 1 0 0 0 0 1 1 0 0 3 0 0 0 2 1 0 1 0 0 1 0 1 1 0 0 1 0 2 0 1 0 0 0 3 0 0 0 3 0 1 0 3 0 0 1 0 1 0 0 3 0 0 0 3 0 1 0 3 0 0 1 0 0 1 0 2 1 0 1 0 1 0 0 0 0 3 0 2 1 0 1 0 0 0 0 2 0 2 0 0 0 0 0 0 0 3 0 2 0 1 0 2 0 3 0 2 0 3 0 3 0 1 0 1 0 1 0 3 0 1 1 0 0 1 0 1 0 3 0 2 1 0 1 0 1 0 1 0 1 0 0 1 0 3 0 2 1 0 0 0 1 0 0 2 0 3 0 0 0 1 0 2 0 0 0 0 1 0 0 3 0 2 1 0 0 2 0 2 1 0 0 2 1 0 0 1 0 3 0 1 0 0 0 3 0 3 0 0 1 0 0 1 1 0 0 2 0 2 0 0 0 1 0 0 0 3 0 0 0 1 0 1 0 2 0 2 0 0 0 2 0 1 0 0 0 3 0 3 0 1 0 3 0 1 0 3 0 2 0 1 0 1 0 0 0 0 0 3 0 1 0 3 0 2 0 1 0 3 0 3 0 1 0 1 1 0 0 1 0 3 0 0 0 0 1 0 0 3 0 2 1 0 0 3 0 1 0 0 0 1 0 0 0 2 0 1 1 0 0 2 0 2 0 2 0 3 0 3 0 2 0 0 0 1 0 1 0 0 0 2 0 1 0 0 1 0 0 1 0 0 0 2 0 1 1 0 1 0 0 2 0 2 0 3 0 2 0 2 0 2 0 3 0 1 0 3 0 0 1 0 1 0 0 1 1 0 0 1 1 0 0 2 0 2 0 2 0 3 0 2 1 0 0 0 0 3 0 1 0 0 0 1 0 1 1 0 0 2 0 3 0 2 0 3 0 1 1 0 0 3 0 2 0 0 0 1 0 3 0 1 0 1 0 1 0 2 1 0 0 3 0 0 0 3 0 3 0 1 0 3 0 3 0 1 0 3 0 1 1 0 1 0 0 2 1 0 0 1 1 0 0 0 0 2 0 3 0 2 1 0 1 0 0 3 0 1 0 3 0 2 0 2 1 0 0 3 0 1 0 1 0 0 1 0 0 1 1 0 0 1 0 0 0 2 0 2 1 0 0 1 1 0 0 3 0 3 0 0 0 2 0 2 0 1 0 2 0 1 0 0 0 0 0 1 1 0 1 0 0 1 0 3 0 1 0 2 0 2 0 1 0 3 0 1 0 1 0 2 0 0 1 0 0 2 0 0 0 0 0 1
1 613 1 0 2 0 1 1 0 0 3 0 2 0 1 0 2 0 1 0 1 0 1 0 1 0 2 0 0 0 1 0 1 0 0 0 2 1 0 1 0 0 0 0 1 0 2 0 1 0 0 0 3 0 1 0 3 0 3 0 1 1 0 0 3 0 1 0 1 0 2 0 1 1 0 0 2 0 2 1 0 1 0 0 1 0 2 0 1 1 0 0 2 0 2 0 3 0 2 0 1 0 0 1 0 0 3 0 0 0 2 0 2 0 0 0 3 0 0 0 0 0 0 0 1 0 0 0 1 0 2 0 0 1 0 0 1 0 3 0 1 0 3 0 2 0 3 0 2 0 3 0 1 1 0 1 0 0 2 0 3 0 2 0 2 0 0 1 0 1 0 1 0 0 3 0 2 0 2 0 1 1 0 0 1 1 0 0 0 0 2 0 1 0 2 1 0 0 1 0 1 1 0 0 2 0 2 0 0 0 0 0 2 0 0 0 0 1 0 0 3 0 1 0 3 0 1 0 2 0 2 0 2 0 3 0 2 1 0 0 0 0 0 0 1 0 2 0 1 0 1 0 1 0 2 0 3 0 0 0 0 0 1 1 0 0 3 0 1 0 2 0 2 1 0 0 2 1 0 0 3 0 0 0 3 0 2 0 0 0 1 0 1 1 0 0 3 0 0 1 0 0 3 0 2 0 3 0 3 0 3 0 2 0 1 0 1 0 1 1 0 0 2 0 2 0 0 0 1 0 3 0 0 0 2 0 1 0 0 0 0 0 0 0 0 0 1 0 1 0 3 0 3 0 0 0 1 0 2 0 2 0 0 1 0 0 3 0 1 0 3 0 1 0 1 0 0 0 0 0 0 1 0 0 0 0 1 0 3 0 1 0 1 0 1 0 2 1 0 0 2 0 2 1 0 0 3 0 2 0 3 0 2 1 0 0 0 0 1 0 1 0 3 0 1 1 0 0 1 0 1 0 3 0 0 0 2 1 0 0 0 0 0 0 3 0 1 0 3 0 0 0 0 0 2 0 0 0 1 0 3 0 1 0 3 0 2 0 3 0 1 0 0 0 1 0 2 0 2 0 2 1 0 0 3 0 2 1 0 0 3 0 0 0 0 1 0 0 0 1 0 0 3 0 3 0 0 0 0 0 3 0 2 0 0 1 0 0 1 1 0 0 3 0 1 0 2 0 0 0 1 0 3 0 2 0 1 0 3 0 2 0 3 0 1 0 1 0 0 0 1 1 0 1 0 0 0 0 2 0 2 0 2 0 0 0 0 1 0 0 0 0 3 0 0 0 0 1 0 0 0 0 3 0 2 0 1 1 0 0 1 0 0 1 0 0 2 0 3 0 2 1 0 0 2 0 3 0 3 0 0 0 0 0 2
0 613 3 0 0 0 0 0 0 0 2 0 0 1 0 0 0 0 3 0 2 0 2 0 2 1 0 0 1 0 2 0 2 0 1 0 1 0 0 0 2 1 0 0 2 1 0 0 3 0 1 0 1 1 0 0 3 0 3 0 0 0 0 0 1 0 3 0 3 0 0 0 0 0 0 0 0 0 2 0 0 0 3 0 2 0 0 0 0 0 0 0 0 0 1 0 3 0 0 0 3 0 1 1 0 0 1 0 2 0 0 0 0 0 2 0 1 0 1 0 0 0 0 0 2 0 0 0 2 1 0 0 2 0 3 0 2 0 1 1 0 0 3 0 1 0 3 0 1 0 3 0 0 0 0 1 0 0 0 0 3 0 1 0 0 0 2 1 0 1 0 1 0 0 2 0 1 0 0 1 0 1 0 0 3 0 2 1 0 1 0 1 0 0 1 1 0 0 2 1 0 0 0 0 0 0 0 0 1 0 0 1 0 0 1 0 1 1 0 0 1 1 0 0 2 1 0 0 1 0 1 0 1 0 3 0 1 1 0 0 0 0 0 0 2 1 0 0 3 0 2 0 3 0 0 0 2 0 1 0 0 1 0 0 0 0 1 1 0 0 1 0 2 0 0 0 1 0 0 0 1 0 2 0 2 0 0 0 1 0 2 1 0 0 0 0 1 0 2 1 0 0 2 0 1 0 3 0 3 0 3 0 0 0 3 0 2 1 0 0 0 0 0 0 0 0 1 0 3 0 1 0 1 1 0 0 3 0 0 0 0 0 0 0 0 0 2 0 3 0 2 0 2 0 1 0 3 0 0 0 0 0 2 1 0 0 1 1 0 0 2 0 3 0 2 0 0 0 0 0 1 0 2 1 0 0 3 0 1 0 3 0 2 0 3 0 1 0 0 0 0 0 2 0 0 0 2 0 1 0 3 0 1 1 0 0 0 0 2 0 3 0 1 1 0 1 0 0 2 0 3 0 1 0 2 0 0 1 0 0 0 0 1 0 1 1 0 0 2 0 1 0 0 1 0 0 1 0 3 0 1 1 0 0 3 0 1 0 2 0 3 0 0 0 3 0 0 0 1 0 2 0 0 0 2 0 2 0 0 0 1 0 1 0 1 0 3 0 0 1 0 0 2 0 2 0 1 0 1 0 2 0 0 0 2 0 3 0 2 1 0 0 1 1 0 0 0 0 1 0 3 0 2 0 0 1 0 0 3 0 1 0 2 0 3 0 2 0 0 1 0 0 0 0 3 0 0 0 0 0 1 0 0 0 1 0 1 0 3 0 0 0 1 0 1 0 1 0 3 0 0 0 2 0 0 1 0 1 0 0 2 0 1 1 0 0 0 0 3 0 2 0 0 0 0 0 3 0 2 0 1 0 1 0 0
0 615 1 0 1 0 1 0 0 0 0 1 0 0 2 0 3 0 0 0 2 0 1 0 1 0 1 1 0 0 3 0 0 0 0 0 3 0 2 0 1 0 1 0 0 0 1 0 0 0 1 1 0 0 0 0 0 0 2 0 2 0 1 0 0 0 3 0 2 0 2 0 1 0 0 0 0 0 0 1 0 0 2 0 2 0 0 0 1 0 0 0 0 0 0 0 3 0 1 0 2 0 1 1 0 1 0 0 2 1 0 0 1 0 0 1 0 0 3 0 2 0 0 0 0 1 0 0 2 0 1 0 0 0 0 0 3 0 1 0 0 0 0 0 1 1 0 0 2 1 0 0 2 0 1 0 1 0 3 0 0 0 1 0 3 0 1 0 1 0 0 1 0 0 3 0 3 0 2 0 1 1 0 1 0 0 2 0 2 0 0 1 0 0 3 0 2 1 0 0 0 1 0 0 0 0 0 0 0 0 2 0 1 0 3 0 1 0 3 0 3 0 2 1 0 0 0 1 0 0 2 0 2 0 3 0 1 1 0 1 0 0 0 0 1 0 1 0 0 0 2 0 1 0 2 0 1 1 0 0 3 0 1 0 2 1 0 0 3 0 3 0 1 1 0 0 1 0 2 0 0 0 3 0 0 0 0 0 1 0 3 0 0 1 0 0 0 0 3 0 0 1 0 1 0 1 0 0 3 0 3 0 2 0 2 0 2 0 1 1 0 0 0 0 0 0 0 0 3 0 1 1 0 0 0 0 0 0 1 0 1 0 0 0 0 0 1 0 0 0 3 0 1 0 0 1 0 0 2 0 1 0 1 0 0 1 0 1 0 0 0 0 0 0 3 0 0 0 1 0 0 0 3 0 1 0 0 0 1 1 0 0 3 0 1 0 2 0 3 0 0 0 0 1 0 0 1 1 0 1 0 0 2 1 0 1 0 0 1 0 0 0 3 0 0 0 0 1 0 0 0 0 2 1 0 0 0 0 2 0 2 1 0 0 2 0 3 0 3 0 3 0 2 0 1 0 3 0 2 0 2 0 0 0 0 0 1 1 0 0 1 0 2 0 2 0 1 0 1 0 2 1 0 0 2 0 0 0 0 0 1 0 2 0 2 0 3 0 1 0 2 1 0 0 0 0 0 0 3 0 2 1 0 0 2 0 0 0 3 0 1 1 0 0 3 0 2 1 0 0 3 0 2 0 0 0 2 1 0 0 1 1 0 0 1 0 3 0 0 0 2 0 3 0 0 0 1 0 1 0 0 0 2 0 0 0 2 0 3 0 1 0 1 0 2 0 2 0 3 0 1 0 1 1 0 0 2 1 0 0 3 0 3 0 3 0 3 0 0 0 2 0 0 0 1 0 1 0 2 0 0 0 3 0 2 0 0
0 615 2 0 2 0 2 0 0 0 1 1 0 0 0 0 2 0 1 1 0 0 3 0 2 1 0 0 0 0 1 0 1 0 1 0 2 0 0 0 3 0 2 0 0 0 2 0 0 0 3 0 2 1 0 0 1 0 0 0 0 0 3 0 1 0 2 0 1 0 0 0 3 0 0 0 0 0 1 1 0 0 0 0 0 0 1 0 2 0 0 0 0 0 1 0 1 1 0 0 1 0 0 0 0 1 0 0 0 1 0 0 2 0 1 1 0 0 2 0 0 0 1 0 1 0 3 0 3 0 2 0 0 0 1 0 1 0 3 0 0 0 0 1 0 0 0 0 0 1 0 1 0 0 3 0 3 0 1 0 1 0 3 0 1 0 3 0 2 0 1 1 0 0 2 0 3 0 1 0 0 0 0 1 0 0 0 0 0 0 2 1 0 0 2 0 1 1 0 0 1 0 2 1 0 0 0 0 0 1 0 1 0 0 2 1 0 0 3 0 3 0 1 1 0 0 1 1 0 0 0 0 1 0 3 0 0 0 0 0 2 1 0 0 2 0 2 0 0 1 0 1 0 0 1 0 0 0 0 0 1 1 0 0 2 0 0 0 2 0 2 1 0 1 0 0 2 1 0 0 2 0 1 0 1 0 0 0 3 0 1 0 2 0 3 0 0 0 1 0 2 1 0 1 0 1 0 0 2 0 3 0 1 0 1 0 0 1 0 1 0 0 0 0 0 0 1 0 1 1 0 1 0 0 0 0 0 0 2 0 2 0 0 0 0 0 2 0 1 0 1 0 3 0 1 0 3 0 3 0 2 0 2 0 1 1 0 0 2 1 0 0 1 0 1 0 1 0 2 0 1 0 1 0 3 0 0 1 0 0 0 0 1 1 0 0 1 0 2 0 1 0 1 0 3 0 2 1 0 1 0 0 1 0 0 0 3 0 1 0 1 0 1 0 1 0 1 0 3 0 0 0 0 1 0 0 1 0 0 0 2 0 0 0 0 0 3 0 3 0 3 0 0 1 0 0 3 0 1 0 0 0 1 0 0 0 3 0 3 0 2 0 0 0 0 0 3 0 3 0 0 1 0 1 0 0 1 0 0 0 3 0 0 0 1 0 2 1 0 0 1 1 0 0 0 0 1 0 2 0 1 1 0 1 0 0 2 0 2 0 0 0 0 0 2 0 2 0 0 0 2 0 0 0 2 0 0 1 0 0 3 0 3 0 2 0 1 0 2 0 0 0 2 0 1 0 2 0 2 0 0 1 0 0 2 0 0 0 2 0 3 0 3 0 0 0 1 0 2 1 0 0 0 0 0 0 1 0 0 0 2 0 3 0 3 0 2 0 1 1 0 0 1 0 2 0 2 1 0 0 2 0 2 0 0 0 1
1 617 1 0 0 0 1 0 0 0 1 0 3 0 3 0 0 0 0 0 0 0 0 0 2 0 1 1 0 0 0 0 2 0 2 0 2 1 0 0 2 0 2 0 0 0 1 1 0 0 2 0 2 0 1 1 0 0 2 0 0 0 1 0 1 1 0 0 0 0 3 0 1 0 1 0 1 0 0 0 3 0 2 1 0 0 0 0 2 1 0 0 1 0 0 0 2 0 3 0 3 0 1 0 0 0 1 0 3 0 0 0 3 0 3 0 3 0 3 0 3 0 0 0 2 0 3 0 2 0 3 0 0 0 1 0 2 0 3 0 1 0 1 0 1 0 2 1 0 0 1 1 0 1 0 0 2 0 2 0 3 0 3 0 1 1 0 0 3 0 1 0 0 0 0 0 0 0 2 0 3 0 0 0 1 0 2 1 0 0 1 0 0 1 0 1 0 1 0 1 0 0 3 0 0 1 0 0 0 0 1 1 0 1 0 0 1 0 0 0 2 0 2 1 0 1 0 0 3 0 2 1 0 0 3 0 1 0 1 0 1 0 1 0 0 0 0 0 0 0 2 1 0 0 3 0 1 0 0 0 0 0 3 0 3 0 3 0 1 0 0 0 2 0 0 1 0 0 0 1 0 1 0 0 3 0 2 0 1 0 1 1 0 0 1 0 2 0 1 0 3 0 1 0 0 1 0 1 0 0 0 0 2 0 3 0 2 0 1 1 0 0 2 1 0 0 0 0 2 1 0 0 0 0 2 1 0 0 1 0 0 0 0 0 1 0 0 1 0 0 3 0 3 0 1 1 0 0 3 0 3 0 1 0 1 0 0 0 0 0 0 1 0 0 2 0 2 0 2 1 0 0 3 0 3 0 1 0 2 0 2 1 0 0 3 0 3 0 1 1 0 0 3 0 3 0 2 0 2 0 0 0 3 0 1 0 1 0 1 0 3 0 2 0 2 0 2 0 3 0 1 0 1 0 1 0 3 0 1 0 0 1 0 0 1 0 1 0 2 0 3 0 2 0 2 1 0 0 1 0 3 0 0 0 2 0 1 0 2 0 3 0 0 0 1 0 1 0 2 0 2 0 2 1 0 0 3 0 1 0 1 0 1 0 1 0 3 0 0 1 0 0 3 0 2 1 0 0 3 0 0 0 0 0 0 1 0 0 0 0 0 0 1 0 1 0 0 0 0 0 1 1 0 0 1 1 0 0 2 1 0 0 2 0 3 0 0 1 0 0 0 0 1 1 0 1 0 0 1 0 0 0 2 0 3 0 3 0 1 0 0 0 3 0 2 0 1 0 3 0 0 1 0 0 0 0 0 0 2 0 1 0 0 0 3 0 3 0 0 1 0 1 0 0 3 0 0 0 2 0 0 0 0 0 0 0 1 0 2
0 617 2 0 0 0 2 0 0 0 3 0 2 0 2 0 1 0 0 0 0 0 0 1 0 1 0 1 0 0 1 0 0 0 1 0 2 0 0 0 0 0 0 0 1 1 0 0 0 0 0 0 0 1 0 1 0 1 0 0 1 0 2 0 3 0 3 0 0 0 1 0 3 0 2 0 2 0 1 0 2 0 1 1 0 0 1 0 0 1 0 0 2 0 1 0 0 0 3 0 2 0 3 0 0 0 3 0 1 0 2 0 2 0 3 0 3 0 3 0 2 0 2 0 0 0 3 0 1 0 2 0 1 0 3 0 0 0 2 0 3 0 2 0 3 0 0 1 0 1 0 0 0 1 0 0 0 0 1 0 3 0 3 0 0 0 0 0 1 0 3 0 0 0 0 0 1 0 0 0 2 0 1 0 3 0 0 1 0 0 2 0 1 1 0 1 0 1 0 1 0 0 1 0 2 0 2 1 0 1 0 0 0 0 3 0 1 0 1 0 0 0 2 0 0 1 0 0 2 0 2 0 0 0 1 0 3 0 2 0 2 0 2 0 0 0 0 0 1 0 1 0 0 0 1 0 3 0 0 0 1 0 2 0 3 0 2 0 3 0 0 1 0 0 2 0 3 0 0 1 0 1 0 0 2 0 0 0 3 0 3 0 3 0 1 1 0 1 0 0 2 0 3 0 1 1 0 0 3 0 0 0 0 0 3 0 1 0 0 0 0 0 0 1 0 0 1 0 0 1 0 0 1 0 0 1 0 0 2 0 0 0 0 0 2 0 1 1 0 0 2 0 3 0 0 0 0 0 2 0 2 0 3 0 2 0 0 0 0 0 1 1 0 0 0 0 1 0 2 0 0 0 2 0 2 1 0 0 1 0 2 0 0 0 2 0 3 0 0 0 0 0 2 0 3 0 1 0 0 0 2 0 1 0 3 0 2 0 3 0 2 0 1 0 1 0 1 0 2 0 3 0 2 0 3 0 1 0 3 0 1 0 3 0 1 0 3 0 0 0 3 0 1 0 1 1 0 0 3 0 1 0 1 1 0 1 0 0 1 0 2 0 1 0 2 0 3 0 0 0 1 0 2 0 0 0 1 0 3 0 2 0 2 0 3 0 1 0 2 1 0 0 2 0 2 0 0 0 1 0 1 0 0 0 1 0 2 1 0 0 0 0 2 0 2 0 0 0 0 0 3 0 3 0 2 1 0 0 1 0 0 0 0 0 2 0 2 0 2 1 0 1 0 0 0 0 3 0 1 0 1 0 0 0 3 0 2 0 3 0 1 0 2 0 0 1 0 0 2 0 2 0 2 1 0 0 0 1 0 0 3 0 1 0 2 0 2 0 2 1 0 1 0 0 1 0 1 1 0 0 1 0 0 0 0 0 3 0 0
0 618 1 0 0 1 1 0 0 2 0 2 0 1 0 0 0 3 0 0 0 0 0 1 1 0 1 0 0 3 0 1 0 0 0 2 1 0 0 1 0 0 0 0 0 3 0 2 1 0 0 0 0 1 1 0 1 0 0 3 0 2 0 0 0 3 0 2 0 1 0 3 0 2 0 1 0 0 1 0 0 0 1 0 1 0 0 2 0 1 0 3 0 3 0 2 0 1 0 2 0 1 0 2 0 2 0 1 1 0 0 1 0 1 0 3 0 3 0 3 0 1 0 0 0 2 0 1 1 0 0 0 1 0 0 2 0 2 0 0 0 3 0 1 0 2 0 2 1 0 0 3 0 0 0 2 1 0 0 3 0 2 0 2 0 1 0 0 0 3 0 1 0 1 0 0 0 2 0 0 1 0 1 0 0 2 0 2 1 0 0 0 0 0 0 0 1 0 1 0 0 3 0 2 0 0 0 2 0 0 0 3 0 0 0 1 0 3 0 2 0 0 1 0 0 2 1 0 0 0 0 0 0 1 0 3 0 2 0 1 0 1 0 0 0 1 0 0 0 2 0 2 0 0 0 3 0 1 0 1 0 3 0 0 0 3 0 1 0 2 0 2 1 0 0 0 0 2 0 2 1 0 0 3 0 3 0 1 0 2 0 3 0 3 0 0 0 0 1 0 0 0 0 3 0 0 0 0 0 1 0 1 0 1 0 1 0 3 0 0 0 0 0 1 0 3 0 1 0 1 0 3 0 1 0 1 0 3 0 3 0 0 0 1 0 0 0 0 0 0 0 0 0 2 0 1 0 1 0 0 0 1 0 3 0 0 0 1 0 0 0 3 0 2 1 0 0 2 1 0 0 2 0 0 0 1 1 0 0 2 1 0 0 2 0 0 0 2 0 1 0 1 0 0 0 2 0 3 0 0 1 0 1 0 0 3 0 1 0 3 0 0 0 3 0 2 0 3 0 0 0 3 0 1 0 2 1 0 0 2 1 0 0 2 1 0 0 2 0 2 0 1 1 0 0 0 0 0 0 1 1 0 0 0 0 0 0 3 0 1 1 0 1 0 0 1 0 2 0 1 0 2 1 0 0 1 0 3 0 2 0 1 0 1 0 2 1 0 0 2 0 0 0 0 0 0 0 1 0 2 0 2 0 0 0 3 0 0 1 0 0 1 0 0 0 0 0 1 0 1 0 2 0 3 0 1 1 0 0 2 0 0 0 1 0 0 0 1 0 2 0 0 0 3 0 0 0 1 0 3 0 2 0 1 0 2 0 1 0 2 1 0 0 0 0 2 1 0 0 0 0 1 0 1 1 0 0 1 1 0 0 1 1 0 0 1 0 1 0 2 0 0 0 3 0 1 0 3 0 3 0 1 0 0 0 1 0 1 0 1
1 619 1 0 3 0 2 1 0 0 0 0 0 0 3 0 1 0 1 0 1 0 0 1 0 0 0 1 0 0 1 0 3 0 1 0 0 1 0 0 2 0 0 0 1 0 2 0 1 1 0 0 0 1 0 0 0 1 0 0 2 0 0 0 2 0 2 0 0 1 0 0 3 0 0 0 3 0 1 0 3 0 0 1 0 0 3 0 3 0 3 0 2 0 3 0 0 1 0 0 0 1 0 0 1 0 0 1 0 1 0 0 2 0 3 0 2 0 3 0 2 0 3 0 0 1 0 1 0 1 0 0 1 1 0 0 0 0 0 0 2 0 1 1 0 0 1 0 2 0 0 0 1 0 2 0 1 0 0 0 2 0 1 0 0 0 3 0 1 0 1 0 3 0 2 0 0 1 0 0 2 1 0 1 0 0 0 0 1 1 0 0 0 0 0 0 1 1 0 1 0 0 2 0 0 0 1 1 0 0 2 0 1 0 1 0 3 0 2 0 0 0 2 1 0 0 0 1 0 0 0 0 0 0 3 0 2 0 0 0 3 0 2 0 0 0 2 0 1 0 0 0 0 0 2 0 1 0 3 0 3 0 1 0 2 0 1 1 0 0 1 0 1 1 0 0 1 0 0 0 2 0 0 0 2 0 2 1 0 0 1 0 3 0 2 0 1 0 1 0 3 0 0 0 1 0 1 0 0 0 2 0 2 0 2 0 3 0 1 0 1 0 0 0 3 0 1 0 3 0 3 0 1 0 3 0 3 0 2 0 2 0 1 0 2 0 0 0 0 0 0 0 0 1 0 0 3 0 2 0 0 0 3 0 1 0 1 0 2 0 1 0 2 0 2 0 0 0 0 1 0 1 0 0 1 1 0 0 0 0 0 1 0 1 0 0 1 1 0 0 3 0 2 0 1 0 0 0 2 0 2 1 0 1 0 0 1 1 0 0 2 0 2 0 2 0 1 0 2 0 2 0 1 1 0 0 2 0 0 0 1 0 0 0 1 0 0 0 0 0 0 1 0 1 0 0 0 0 0 0 3 0 2 1 0 0 1 0 2 0 0 0 0 0 3 0 1 1 0 1 0 0 1 1 0 0 3 0 2 0 0 0 3 0 3 0 0 1 0 1 0 0 1 0 0 0 0 0 3 0 0 0 0 0 2 0 1 0 2 0 3 0 1 0 0 0 0 0 2 0 3 0 0 0 2 1 0 1 0 1 0 0 1 0 2 0 0 0 2 1 0 0 2 0 1 0 1 0 3 0 2 0 0 1 0 0 0 1 0 0 1 1 0 0 1 0 0 1 0 0 0 0 2 0 3 0 3 0 2 0 3 0 2 0 3 0 1 0 2 1 0 0 2 0 1 1 0 0 3 0 2 0 3 0 0 0 2 0 2 0 2
0 619 3 0 2 0 1 1 0 0 0 0 1 0 1 0 3 0 2 0 2 0 1 0 3 0 0 0 3 0 2 0 1 0 3 0 1 0 3 0 3 0 0 0 2 1 0 1 0 1 0 0 1 0 3 0 0 0 3 0 3 0 1 0 0 0 0 0 2 1 0 0 1 0 2 0 1 1 0 0 2 0 2 1 0 0 2 0 3 0 3 0 1 0 2 0 2 0 3 0 0 0 3 0 1 0 1 1 0 1 0 0 0 0 3 0 1 0 3 0 1 0 2 0 2 1 0 1 0 0 3 0 2 0 2 1 0 0 0 1 0 1 0 1 0 0 2 1 0 0 1 0 2 1 0 0 3 0 0 1 0 0 3 0 1 0 1 0 3 0 3 0 2 0 0 0 2 1 0 0 1 0 0 0 2 1 0 0 3 0 2 1 0 0 0 1 0 0 0 0 3 0 3 0 0 0 3 0 3 0 3 0 2 0 3 0 2 0 0 0 2 0 0 1 0 0 1 0 2 1 0 0 1 0 2 0 0 0 2 0 2 0 0 0 1 1 0 0 3 0 0 0 0 1 0 1 0 0 3 0 2 1 0 0 0 1 0 1 0 0 2 0 3 0 3 0 1 0 0 1 0 0 2 0 0 0 1 1 0 0 3 0 2 0 0 0 3 0 3 0 1 0 1 0 2 0 2 0 1 0 0 0 1 0 1 0 2 0 3 0 2 0 1 0 1 1 0 0 3 0 2 1 0 0 3 0 3 0 1 0 0 1 0 0 0 0 1 0 0 0 0 0 1 1 0 0 2 0 0 0 2 0 1 0 3 0 2 1 0 1 0 0 1 0 0 0 1 0 1 1 0 0 3 0 2 0 2 1 0 0 1 1 0 0 3 0 2 1 0 0 2 0 0 0 3 0 1 0 0 0 2 0 0 0 3 0 2 1 0 0 0 0 1 0 0 1 0 0 1 0 0 1 0 1 0 1 0 0 1 0 2 0 0 0 2 0 0 0 0 0 1 1 0 0 2 1 0 0 1 0 2 0 1 1 0 0 2 1 0 0 1 0 1 0 2 0 0 0 0 0 3 0 2 1 0 0 2 0 0 0 2 0 2 0 2 0 2 1 0 0 3 0 1 0 0 0 1 0 1 0 1 0 0 1 0 1 0 0 1 0 2 0 3 0 0 0 1 0 0 0 2 0 2 0 1 0 0 1 0 0 3 0 1 1 0 0 2 0 0 1 0 1 0 0 3 0 3 0 2 0 0 0 2 0 3 0 0 0 3 0 2 0 3 0 1 0 1 0 3 0 0 0 0 0 3 0 3 0 1 0 3 0 1 0 2 1 0 0 2 0 0 0 0 0 0 0 0 0 2 0 1 0 2 0 2 0 0 0 1 0 1
1 621 1 0 2 0 0 1 0 1 0 0 0 0 2 0 3 0 2 0 1 0 0 1 0 0 2 0 2 0 2 0 0 1 0 0 2 1 0 0 3 0 2 0 2 0 1 0 0 1 0 0 3 0 2 0 1 0 2 0 2 0 2 0 3 0 0 0 1 0 0 1 0 0 3 0 0 0 0 0 0 0 0 0 2 0 0 0 0 0 3 0 2 1 0 0 1 0 1 0 2 0 2 0 1 1 0 0 0 0 0 0 3 0 0 0 1 1 0 0 2 1 0 0 1 0 2 0 0 1 0 0 2 0 1 0 1 1 0 0 1 1 0 1 0 1 0 0 0 1 0 0 3 0 1 0 0 0 1 0 2 1 0 0 1 0 3 0 3 0 2 0 3 0 0 0 2 0 0 1 0 0 2 0 1 0 1 0 0 0 2 0 1 1 0 0 1 0 3 0 0 0 2 0 2 0 2 0 2 0 3 0 3 0 1 0 3 0 0 0 1 1 0 0 2 0 3 0 2 0 0 1 0 0 2 1 0 0 2 0 0 0 0 0 1 1 0 0 0 0 1 0 1 0 1 1 0 1 0 0 2 0 1 1 0 0 1 1 0 1 0 0 0 0 3 0 2 0 3 0 1 0 3 0 3 0 0 1 0 0 0 0 2 0 0 0 2 0 2 0 2 0 3 0 3 0 0 0 0 0 3 0 0 0 2 0 3 0 0 0 3 0 0 1 0 0 0 0 0 0 2 0 2 0 0 0 2 0 2 0 3 0 1 0 2 1 0 0 2 0 0 0 0 0 3 0 3 0 3 0 0 1 0 1 0 0 3 0 2 0 0 0 3 0 1 0 0 0 2 1 0 0 0 0 2 0 1 0 1 1 0 1 0 0 0 0 2 0 1 1 0 1 0 0 2 0 1 0 3 0 0 1 0 0 2 0 2 0 1 1 0 0 0 0 2 0 1 0 3 0 1 0 1 1 0 1 0 0 3 0 1 1 0 0 1 1 0 0 1 0 0 1 0 0 0 0 0 1 0 0 3 0 0 0 0 0 0 0 0 1 0 0 2 0 2 1 0 0 1 0 1 0 2 0 1 1 0 1 0 0 2 0 0 0 1 0 1 0 2 0 0 0 1 0 3 0 0 0 2 0 2 0 2 0 1 1 0 0 3 0 2 0 0 0 2 0 1 0 2 0 1 0 0 0 0 0 3 0 1 1 0 0 1 1 0 1 0 1 0 0 2 1 0 1 0 0 2 0 3 0 0 0 2 0 0 0 2 0 2 0 2 0 1 0 2 0 3 0 3 0 1 0 1 0 1 0 2 0 2 1 0 0 2 1 0 0 1 1 0 1 0 0 1 0 0 0 0 0 0 1 0 1 0 0 1 0 0 0 1 0 2 0 2
0 621 2 1 0 0 2 1 0 0 3 0 0 0 0 0 3 0 0 0 3 0 1 1 0 0 0 0 1 0 0 0 2 1 0 0 1 0 0 0 2 0 1 0 0 0 3 0 1 1 0 0 2 0 0 1 0 0 1 0 1 0 1 0 2 0 1 0 2 0 1 1 0 0 1 0 1 0 0 0 0 0 0 1 0 0 1 0 1 0 2 0 1 1 0 0 2 0 3 0 0 0 0 1 0 1 0 0 0 0 1 0 1 0 1 1 0 0 0 0 0 1 0 0 2 1 0 0 2 0 3 0 3 0 2 0 3 0 3 0 2 1 0 1 0 0 3 0 0 1 0 0 1 0 3 0 0 0 3 0 0 1 0 0 3 0 2 0 3 0 1 0 2 0 1 1 0 0 2 0 3 0 3 0 2 0 2 0 0 1 0 1 0 1 0 0 3 0 1 0 2 0 0 0 1 0 1 0 1 0 3 0 2 1 0 0 2 0 1 1 0 0 0 0 0 0 3 0 0 0 2 1 0 0 0 1 0 1 0 0 1 0 0 0 3 0 2 1 0 0 2 0 2 1 0 0 0 0 3 0 3 0 3 0 3 0 2 1 0 0 3 0 0 0 2 0 1 0 2 1 0 0 3 0 2 0 2 0 2 1 0 1 0 0 2 0 0 0 1 0 1 0 3 0 2 0 1 0 1 0 1 0 2 0 0 0 2 0 2 0 1 0 2 0 2 1 0 0 1 0 0 0 0 0 2 0 0 0 1 0 2 1 0 0 1 1 0 1 0 0 1 0 1 0 2 0 3 0 2 0 2 1 0 1 0 0 2 0 0 0 2 0 1 0 3 0 1 0 0 1 0 0 0 1 0 1 0 0 0 0 0 0 3 0 0 0 0 0 0 0 0 0 3 0 3 0 3 0 1 0 2 1 0 0 0 0 0 1 0 1 0 0 0 1 0 1 0 0 2 1 0 0 0 0 0 1 0 0 1 1 0 1 0 0 3 0 3 0 1 0 1 0 2 1 0 0 1 1 0 0 1 0 1 0 0 0 0 0 1 1 0 0 0 0 1 1 0 0 2 0 3 0 0 0 0 0 0 0 3 0 3 0 0 0 2 0 2 1 0 0 1 0 3 0 1 0 2 0 0 0 1 0 1 0 0 0 0 0 2 0 0 0 1 1 0 1 0 0 0 0 3 0 0 0 1 0 1 1 0 1 0 1 0 0 0 1 0 1 0 0 1 0 0 1 0 0 0 0 2 0 1 1 0 0 2 0 0 0 1 0 0 1 0 0 1 0 3 0 2 0 3 0 2 0 3 0 0 0 2 0 0 0 0 1 0 1 0 0 0 0 3 0 1 0 0 0 0 0 1 1 0 0 3 0 1 0 0 0 3 0 0 0 1
1 623 1 0 1 0 0 0 1 0 0 0 1 0 1 0 1 0 1 0 2 0 1 1 0 1 0 0 0 0 2 0 1 0 0 1 0 0 2 0 0 1 0 0 3 0 1 0 1 1 0 1 0 1 0 0 2 0 3 0 1 0 2 0 2 1 0 1 0 0 0 1 0 1 0 0 2 0 2 0 0 0 0 0 1 0 3 0 1 0 3 0 0 0 0 0 0 0 0 0 2 0 1 0 1 1 0 0 2 1 0 0 2 0 2 0 3 0 2 1 0 0 1 1 0 0 1 0 0 0 0 0 3 0 3 0 1 0 3 0 3 0 2 0 0 1 0 0 1 0 2 0 3 0 2 0 1 0 2 0 1 0 2 1 0 0 2 0 1 0 2 1 0 0 1 0 0 0 0 0 0 0 3 0 3 0 1 0 0 0 2 1 0 1 0 1 0 0 1 1 0 0 0 0 1 0 2 0 2 0 3 0 2 0 1 1 0 1 0 1 0 1 0 0 0 0 1 0 1 0 2 0 0 1 0 0 1 1 0 0 3 0 1 0 1 0 2 0 2 0 0 0 0 0 1 1 0 0 1 0 2 0 3 0 3 0 3 0 2 0 0 0 1 0 1 1 0 1 0 0 2 0 0 0 2 0 1 0 1 0 2 0 0 0 3 0 3 0 0 0 2 0 3 0 2 0 0 0 3 0 2 0 2 1 0 0 2 0 0 0 0 1 0 0 1 0 1 1 0 0 2 0 0 0 0 1 0 0 1 0 3 0 0 1 0 1 0 0 0 0 3 0 1 0 3 0 0 0 3 0 1 0 2 0 0 0 3 0 3 0 0 1 0 1 0 0 2 0 3 0 1 0 3 0 0 1 0 0 2 1 0 0 1 0 1 0 1 0 0 0 0 0 1 0 2 0 3 0 2 1 0 0 1 1 0 0 0 0 1 1 0 0 3 0 0 1 0 1 0 0 0 1 0 0 0 0 1 0 3 0 2 1 0 1 0 0 2 0 2 0 3 0 3 0 0 1 0 0 3 0 3 0 1 0 2 0 0 0 0 0 3 0 2 1 0 1 0 0 0 0 0 0 2 0 1 0 0 0 1 0 2 0 2 0 2 0 0 0 1 1 0 0 3 0 1 1 0 0 0 0 1 0 2 0 2 0 0 0 0 1 0 0 1 1 0 0 0 0 3 0 0 0 1 0 1 0 2 1 0 0 0 1 0 0 3 0 0 1 0 0 3 0 1 0 1 0 2 1 0 1 0 1 0 1 0 1 0 0 1 0 2 0 1 0 3 0 2 0 2 0 1 0 3 0 1 0 2 0 1 1 0 0 1 0 1 1 0 0 3 0 0 0 1 0 3 0 0 0 0 1 0 0 0 0 1 0 3 0 1 0 1 0 1 0 2
0 623 2 0 2 0 0 0 2 0 0 0 2 0 2 0 2 0 3 0 0 0 0 0 0 0 2 1 0 1 0 0 3 0 1 0 3 0 3 0 1 1 0 0 1 1 0 0 0 0 0 1 0 1 0 0 0 0 2 1 0 0 1 0 2 0 0 0 3 0 0 1 0 1 0 0 0 0 0 0 1 0 0 0 3 0 1 1 0 0 2 0 1 0 0 0 0 0 0 1 0 1 0 0 0 0 0 0 1 0 0 0 0 0 1 0 3 0 1 1 0 0 3 0 3 0 1 0 0 0 1 0 2 0 2 1 0 0 3 0 3 0 0 0 2 0 3 0 2 0 0 0 3 0 0 1 0 0 0 1 0 0 1 1 0 1 0 1 0 0 1 1 0 0 2 0 0 0 0 0 1 0 2 0 2 0 3 0 1 0 1 0 0 1 0 0 3 0 2 0 2 1 0 0 3 0 0 0 1 0 3 0 1 0 0 0 0 1 0 1 0 0 2 1 0 0 2 0 2 1 0 0 2 0 3 0 2 1 0 0 1 0 3 0 3 0 0 0 0 0 1 0 0 0 3 0 3 0 2 0 0 0 3 0 3 0 3 0 0 0 1 0 2 1 0 0 0 0 3 0 3 0 0 1 0 0 3 0 2 1 0 0 2 0 2 0 2 0 2 0 0 0 3 0 0 0 2 0 2 0 1 0 1 1 0 1 0 0 1 0 1 0 3 0 1 0 3 0 3 0 3 0 0 0 1 0 3 0 2 0 1 0 2 1 0 0 3 0 0 0 1 1 0 0 2 0 2 0 1 1 0 0 0 0 2 0 2 0 2 0 2 1 0 1 0 0 0 0 2 1 0 0 2 0 2 1 0 0 0 1 0 0 2 0 2 0 2 0 0 0 0 0 3 0 0 0 3 0 1 1 0 0 3 0 2 1 0 1 0 0 0 0 1 0 2 1 0 0 3 0 0 0 2 1 0 0 3 0 2 0 2 0 0 1 0 0 0 0 1 0 3 0 2 0 2 1 0 0 2 0 2 1 0 0 0 0 1 0 1 0 2 0 2 0 0 0 2 1 0 0 0 1 0 0 3 0 0 0 3 0 0 0 1 0 0 0 1 1 0 0 0 0 1 1 0 1 0 0 0 0 3 0 0 0 0 0 1 0 1 0 3 0 2 0 3 0 0 0 1 0 1 0 2 0 3 0 0 1 0 0 1 1 0 0 1 0 2 1 0 0 1 0 3 0 3 0 1 0 0 1 0 1 0 1 0 0 3 0 1 1 0 1 0 0 3 0 1 0 0 1 0 0 2 1 0 0 0 1 0 1 0 0 2 1 0 0 0 0 1 0 1 0 3 0 1 0 1 0 1 0 2 1 0 0 3 0 1 0 3 0 2 0 3 0 0
0 625 1 0 0 0 0 0 1 1 0 0 2 0 0 0 1 0 1 0 2 0 1 0 0 0 1 0 1 0 0 1 0 0 1 1 0 0 3 0 2 1 0 1 0 0 3 0 2 1 0 0 1 1 0 0 3 0 0 0 0 1 0 0 2 1 0 0 2 0 1 0 2 1 0 0 2 1 0 0 0 0 2 0 1 0 1 1 0 1 0 1 0 0 3 0 0 0 0 0 1 1 0 0 2 1 0 0 0 0 2 0 0 0 0 0 3 0 2 0 0 0 0 0 2 0 2 0 3 0 0 0 3 0 0 0 2 0 0 0 2 0 2 0 2 0 0 0 3 0 0 0 2 0 1 0 2 0 3 0 0 0 3 0 2 1 0 1 0 0 3 0 2 0 3 0 3 0 0 0 0 0 3 0 0 0 1 0 2 0 3 0 2 0 1 1 0 0 2 0 1 0 2 0 0 0 1 0 1 0 3 0 1 0 3 0 0 0 1 1 0 1 0 0 1 0 0 0 0 0 2 0 0 0 0 0 3 0 1 1 0 0 3 0 2 0 2 0 1 0 0 0 2 0 1 0 2 0 3 0 0 0 2 0 2 0 3 0 2 0 1 0 3 0 0 1 0 0 1 0 2 0 2 0 2 1 0 0 2 0 2 0 0 0 0 0 1 0 1 0 0 0 2 0 1 0 2 0 0 0 0 1 0 0 0 0 0 0 3 0 1 0 3 0 1 1 0 0 3 0 3 0 2 0 1 0 3 0 2 0 0 1 0 0 2 0 0 0 1 0 1 1 0 0 0 0 0 0 0 1 0 1 0 0 1 0 0 0 1 0 1 0 2 0 0 0 3 0 0 0 1 0 0 0 0 0 1 1 0 0 1 1 0 0 0 0 1 0 0 0 1 0 1 0 1 0 2 0 2 0 0 0 0 0 2 0 2 0 0 0 2 1 0 0 3 0 1 0 0 0 1 0 2 0 1 0 0 0 2 0 1 0 0 0 2 0 2 1 0 0 3 0 2 0 1 0 2 0 0 0 0 0 1 1 0 0 0 0 2 0 3 0 0 0 0 0 2 0 0 1 0 0 1 1 0 0 1 0 2 0 1 0 1 0 2 0 0 0 3 0 2 1 0 1 0 0 0 0 3 0 0 0 1 0 1 0 0 0 2 0 3 0 2 0 1 0 2 0 1 0 2 0 3 0 0 0 2 0 2 0 3 0 2 0 3 0 2 0 0 1 0 0 3 0 2 0 2 0 3 0 1 1 0 1 0 1 0 0 2 0 0 0 0 1 0 0 1 0 3 0 1 1 0 0 0 1 0 0 1 1 0 1 0 0 0 1 0 0 0 0 2 0 3 0 1 0 3 0 2 0 3 0 1 0 0 0 1 1 0 0 3 0 1 0 2 0 1
1 625 2 0 0 0 0 0 3 0 3 0 3 0 0 0 2 0 2 1 0 0 3 0 0 0 2 0 2 0 1 0 3 0 2 1 0 0 2 0 2 0 0 1 0 0 2 0 1 1 0 1 0 0 0 0 1 0 1 0 1 1 0 0 0 1 0 1 0 1 0 0 2 0 0 0 0 1 0 0 0 1 0 1 0 0 0 0 0 1 0 1 0 0 1 0 1 0 0 1 0 0 0 0 0 1 0 0 0 1 0 0 1 0 1 0 2 0 0 0 1 0 1 0 0 0 1 0 2 0 2 0 1 0 1 1 0 0 2 0 0 0 1 0 0 0 2 0 1 0 1 1 0 1 0 0 1 0 2 0 2 0 2 0 2 0 0 1 0 0 2 0 1 0 3 0 2 0 1 0 1 0 1 0 1 0 3 0 0 0 3 0 0 1 0 1 0 1 0 1 0 0 0 0 1 0 2 0 3 0 1 1 0 0 2 0 1 1 0 0 0 0 3 0 1 0 0 0 0 1 0 0 1 0 1 0 2 0 0 0 0 0 2 0 1 0 0 0 3 0 0 1 0 1 0 0 1 0 2 0 2 0 0 0 1 0 3 0 0 1 0 0 2 0 2 0 3 0 2 0 0 0 1 0 2 0 0 0 0 0 0 0 1 0 0 0 2 0 2 0 0 1 0 1 0 0 0 0 1 0 1 0 2 1 0 0 1 0 1 1 0 0 3 0 0 0 0 0 2 0 3 0 0 1 0 0 3 0 0 0 2 0 3 0 3 0 0 0 2 0 3 0 2 1 0 0 0 0 1 1 0 0 3 0 1 0 0 0 2 0 2 1 0 0 2 0 1 0 1 0 2 0 0 0 0 0 3 0 3 0 2 0 2 1 0 0 2 0 0 0 2 0 2 0 3 0 0 0 0 0 1 0 1 0 0 0 0 0 2 0 1 0 0 0 1 0 3 0 0 0 2 1 0 0 3 0 0 1 0 0 3 0 1 0 0 0 2 0 0 0 2 0 0 1 0 0 0 0 1 0 0 0 3 0 3 0 0 0 0 0 2 0 1 0 0 1 0 0 2 0 3 0 2 0 3 0 1 1 0 0 3 0 2 1 0 0 2 0 2 0 2 0 0 0 3 0 0 0 1 0 1 0 2 0 2 0 1 0 0 0 3 0 0 1 0 0 0 1 0 0 1 0 2 0 2 0 0 0 1 0 3 0 1 0 3 0 0 0 2 1 0 0 2 0 1 0 1 0 3 0 0 0 0 1 0 0 3 0 3 0 0 0 1 0 3 0 2 0 1 1 0 1 0 0 1 0 3 0 2 1 0 0 3 0 0 0 3 0 0 0 0 0 2 1 0 0 3 0 1 0 2 0 3 0 0 1 0 0 0 0 1 1 0 0 0 1 0
1 626 1 0 0 1 0 1 0 2 0 3 0 2 0 2 0 0 0 2 0 0 0 1 0 2 0 0 0 0 1 0 0 3 0 2 0 0 0 0 0 0 0 2 1 0 0 0 0 0 0 0 0 2 1 0 0 2 0 2 0 3 0 3 0 0 1 0 1 0 0 3 0 3 0 0 0 1 0 3 0 0 1 0 0 2 1 0 0 1 1 0 0 3 0 1 0 2 0 1 0 2 1 0 0 1 0 3 0 0 0 3 0 1 0 2 1 0 0 1 0 2 0 2 0 0 0 3 0 0 0 0 0 3 0 3 0 3 0 3 0 0 0 2 0 0 1 0 1 0 0 0 0 0 0 3 0 2 0 0 0 1 0 1 0 0 0 2 0 3 0 3 0 3 0 2 0 0 0 3 0 2 0 2 0 3 0 1 0 2 0 1 0 2 1 0 1 0 1 0 0 2 1 0 0 3 0 0 0 2 1 0 1 0 1 0 1 0 1 0 0 1 0 1 0 3 0 0 0 1 0 3 0 1 0 2 1 0 0 1 0 0 1 0 0 3 0 1 0 1 0 2 1 0 0 3 0 2 0 0 0 0 0 1 0 3 0 1 0 2 1 0 0 0 0 1 0 3 0 0 0 1 0 2 1 0 0 1 0 0 0 0 0 2 0 1 0 0 0 0 0 2 1 0 0 2 1 0 0 2 0 3 0 0 1 0 0 2 1 0 0 0 0 1 0 1 0 1 0 0 0 2 0 2 1 0 0 1 0 2 0 0 0 3 0 2 0 2 0 0 0 3 0 1 1 0 0 0 1 0 0 0 0 1 0 3 0 1 0 0 0 1 1 0 1 0 0 3 0 2 1 0 0 1 0 1 0 2 0 3 0 1 0 1 1 0 1 0 0 2 0 0 0 1 0 2 0 1 0 0 0 2 0 2 0 0 0 0 1 0 0 3 0 0 0 3 0 1 0 2 0 1 0 0 0 1 0 2 1 0 0 1 0 3 0 0 1 0 0 1 1 0 0 2 0 2 1 0 0 2 0 1 0 2 0 2 0 1 0 0 1 0 0 3 0 1 1 0 0 0 0 3 0 1 0 3 0 0 0 0 0 2 0 2 0 0 0 0 0 1 0 0 0 2 0 1 0 1 0 2 0 3 0 0 0 0 0 3 0 1 0 1 0 2 0 3 0 0 0 3 0 2 0 0 0 0 0 1 0 3 0 1 1 0 0 2 0 2 0 0 1 0 1 0 0 3 0 3 0 1 0 1 0 1 1 0 0 2 0 2 0 1 0 3 0 2 0 1 0 0 0 0 0 3 0 2 0 2 0 2 0 0 0 1 0 2 0 1 0 1 0 1 0 1 0 0 0 1 1 0 0 1 0 2 0 2 0 2 1 0 0 3 0 3 0 0 0 2
0 627 1 0 3 0 1 0 3 0 0 0 3 0 1 0 0 0 1 1 0 0 1 0 2 1 0 0 1 0 1 1 0 0 2 0 0 0 1 0 0 0 1 0 0 1 0 0 0 0 0 0 1 0 1 0 0 0 0 0 1 0 3 0 2 0 2 1 0 1 0 0 2 0 2 0 1 0 3 0 1 0 2 1 0 0 0 1 0 1 0 0 0 0 1 1 0 0 0 1 0 0 1 1 0 0 3 0 1 0 2 0 1 1 0 0 1 1 0 0 3 0 0 0 0 0 2 0 1 0 1 0 1 0 2 0 3 0 3 0 2 0 1 1 0 0 2 1 0 0 2 1 0 0 1 0 2 0 0 0 1 0 2 0 2 0 1 0 0 0 3 0 3 0 3 0 0 0 2 0 2 0 1 0 1 0 2 1 0 0 0 1 0 0 2 0 0 1 0 1 0 0 1 0 0 0 1 0 2 0 1 0 0 1 0 1 0 1 0 0 3 0 1 0 3 0 1 0 1 0 3 0 1 1 0 0 1 1 0 0 2 0 1 1 0 0 1 0 3 0 3 0 1 0 0 0 2 0 0 0 1 0 0 0 3 0 1 1 0 0 1 1 0 0 0 0 3 0 1 0 1 0 3 0 0 1 0 0 2 0 0 0 0 1 0 0 3 0 0 0 1 0 1 0 0 0 1 0 0 0 0 0 2 0 2 1 0 0 0 1 0 0 0 0 2 0 2 0 2 0 1 0 0 0 1 1 0 0 2 1 0 0 2 0 2 0 1 0 0 0 2 0 1 1 0 1 0 0 1 0 2 1 0 0 3 0 1 0 3 0 0 1 0 0 0 1 0 0 2 0 1 1 0 0 2 0 3 0 0 0 2 1 0 0 0 0 0 0 3 0 3 0 0 0 2 1 0 0 3 0 1 0 0 0 0 0 1 0 1 1 0 0 1 0 2 0 1 1 0 0 0 0 3 0 0 0 3 0 0 1 0 0 3 0 1 0 2 0 3 0 2 1 0 0 0 0 1 1 0 1 0 1 0 0 1 0 0 0 3 0 1 1 0 0 1 1 0 1 0 0 1 0 1 1 0 0 2 0 1 0 1 0 0 0 0 0 1 0 0 0 2 0 0 1 0 0 3 0 3 0 0 0 2 0 1 0 1 0 1 0 3 0 3 0 0 0 2 0 2 0 2 0 0 0 1 0 0 0 3 0 2 0 0 0 0 0 0 0 0 0 2 1 0 1 0 0 2 0 2 0 3 0 2 1 0 0 0 0 0 0 0 1 0 0 3 0 0 0 3 0 0 0 1 0 2 0 1 0 1 0 0 0 1 0 2 1 0 0 3 0 2 0 2 0 2 0 0 0 3 0 3 0 2 0 0 0 1 0 2 0 0 0 2 0 2 0 2 0 0
0 627 3 0 1 1 0 0 2 0 2 0 1 0 3 0 0 0 3 0 3 0 2 0 0 1 0 0 2 0 3 0 3 0 3 0 0 0 2 0 0 0 2 0 1 0 2 1 0 0 0 0 2 0 2 0 0 0 0 0 3 0 2 0 1 0 2 0 0 1 0 0 0 0 0 1 0 0 2 1 0 0 1 1 0 0 1 1 0 0 2 1 0 0 3 0 3 0 0 0 3 0 2 1 0 0 1 1 0 0 0 1 0 1 0 1 0 0 0 0 1 0 1 0 0 1 0 0 3 0 2 0 3 0 0 0 3 0 3 0 1 0 0 0 0 0 1 0 0 0 0 1 0 0 2 1 0 0 1 0 3 0 0 0 0 0 3 0 1 0 2 0 3 0 2 0 2 0 0 0 0 0 3 0 3 0 0 1 0 0 1 0 3 0 3 0 1 1 0 0 3 0 1 0 0 0 2 1 0 0 3 0 1 1 0 1 0 1 0 0 1 1 0 0 2 0 3 0 3 0 1 1 0 1 0 0 3 0 3 0 3 0 3 0 3 0 2 0 2 0 2 0 3 0 0 1 0 0 1 0 2 0 1 0 1 1 0 1 0 0 3 0 3 0 0 0 1 0 3 0 3 0 1 0 2 0 3 0 3 0 0 0 1 1 0 0 1 0 1 0 2 0 2 0 0 0 2 0 0 0 1 0 0 0 1 1 0 0 1 0 3 0 0 0 0 0 1 0 0 0 3 0 0 1 0 0 0 0 1 0 0 0 0 0 0 0 3 0 1 0 0 0 0 0 0 0 3 0 2 0 1 0 0 0 1 1 0 0 2 0 2 0 3 0 0 1 0 0 0 0 0 0 0 0 0 0 2 0 2 0 0 1 0 0 0 0 1 0 2 0 2 0 2 0 1 0 0 0 1 0 3 0 0 0 0 0 2 0 3 0 3 0 1 1 0 1 0 1 0 0 1 0 1 0 2 0 1 0 2 1 0 0 1 1 0 0 1 0 3 0 1 1 0 0 0 1 0 0 0 1 0 0 3 0 1 0 1 0 1 1 0 1 0 1 0 0 0 0 3 0 1 0 3 0 3 0 3 0 2 0 2 0 0 0 0 0 2 0 0 1 0 0 2 1 0 0 2 0 2 0 1 1 0 0 3 0 2 0 3 0 2 0 2 0 2 0 0 0 1 0 0 0 1 0 2 0 1 0 2 0 0 0 1 0 0 0 0 0 1 0 1 0 0 1 0 0 0 0 1 0 3 0 1 1 0 0 0 0 0 0 1 1 0 0 1 0 2 0 1 0 1 0 2 1 0 0 3 0 2 0 0 0 3 0 1 0 0 0 2 0 1 0 1 0 0 0 2 0 2 0 3 0 0 0 1 0 2 1 0 0 2 0 0 0 1 0 0 0 1
1 629 1 0 2 0 0 0 0 0 0 0 0 1 0 0 2 0 2 0 2 0 3 0 0 0 2 1 0 0 0 0 3 0 3 0 2 0 1 1 0 0 1 1 0 1 0 0 1 1 0 0 1 0 0 0 0 0 1 0 1 0 2 0 0 1 0 0 0 0 2 0 2 1 0 0 1 1 0 0 0 1 0 0 3 0 3 0 2 1 0 0 1 0 0 0 2 0 2 0 2 0 2 0 1 1 0 0 3 0 3 0 0 1 0 1 0 0 2 1 0 0 2 0 2 0 1 1 0 0 2 0 1 0 2 0 2 0 2 0 2 0 3 0 0 0 0 0 2 0 0 0 1 1 0 0 0 1 0 0 3 0 1 0 1 0 1 0 1 1 0 0 1 0 3 0 1 0 0 0 1 0 1 0 2 0 2 0 2 0 3 0 2 0 2 0 3 0 0 0 0 0 1 0 3 0 1 0 1 0 0 0 2 0 0 0 0 1 0 0 3 0 2 1 0 0 0 0 3 0 3 0 0 0 0 1 0 0 2 0 3 0 3 0 3 0 3 0 1 0 1 0 1 0 2 0 2 0 3 0 1 1 0 1 0 0 0 0 0 1 0 0 2 0 2 0 1 0 3 0 2 0 2 1 0 0 1 0 3 0 2 0 1 0 3 0 3 0 1 0 3 0 0 0 0 0 1 1 0 0 1 0 2 0 0 0 3 0 3 0 2 0 1 0 1 0 0 0 2 0 1 0 1 0 2 0 2 1 0 0 2 0 0 0 0 0 1 0 1 0 3 0 0 0 0 0 1 0 2 0 0 0 3 0 0 1 0 0 0 0 0 0 1 0 2 0 2 0 2 1 0 0 0 0 0 0 1 0 0 0 0 0 2 0 2 1 0 0 3 0 0 0 1 0 0 0 3 0 0 0 3 0 1 0 1 0 1 0 0 0 3 0 3 0 0 0 0 1 0 0 3 0 1 0 2 1 0 1 0 0 1 1 0 0 3 0 3 0 2 0 1 1 0 1 0 0 1 0 3 0 0 1 0 0 1 0 3 0 2 1 0 0 0 1 0 0 3 0 0 0 1 1 0 0 3 0 3 0 3 0 1 0 0 0 1 0 0 1 0 0 2 1 0 0 1 0 0 0 0 0 1 0 0 0 0 0 2 0 1 0 3 0 1 0 1 0 0 0 1 0 2 0 0 0 2 1 0 1 0 0 0 0 1 0 2 0 0 0 0 0 2 0 2 0 1 0 2 1 0 0 3 0 1 1 0 1 0 0 0 0 0 0 3 0 3 0 1 1 0 0 3 0 3 0 1 0 0 0 2 0 0 0 2 0 1 0 3 0 0 1 0 0 3 0 2 0 1 0 0 0 1 0 2 0 1 0 3 0 0 1 0 1 0 0 1 0 2 0 0 0 2
0 629 2 1 0 0 1 0 0 0 0 0 1 1 0 0 0 0 1 0 1 0 2 0 2 0 0 1 0 0 1 0 2 0 3 0 0 1 0 1 0 1 0 0 0 0 3 0 2 0 3 0 1 0 0 0 0 0 2 0 2 1 0 0 2 0 3 0 0 0 0 0 1 1 0 0 3 0 3 0 0 1 0 0 2 0 3 0 1 1 0 0 2 0 1 0 0 0 1 0 1 0 1 0 0 0 0 0 2 0 2 0 2 1 0 1 0 0 1 0 0 0 0 0 0 1 0 1 0 1 0 1 0 0 1 0 1 0 1 0 1 0 2 0 1 0 0 1 0 0 1 0 3 0 3 0 0 1 0 0 1 0 3 0 2 0 2 0 3 0 3 0 2 0 1 0 3 0 0 0 2 0 3 0 0 0 1 0 1 0 3 0 1 0 1 0 2 0 1 0 0 0 3 0 1 0 3 0 2 0 0 1 0 0 1 0 1 1 0 0 2 0 1 1 0 0 1 0 2 0 2 0 1 0 1 1 0 0 0 0 3 0 3 0 3 0 2 0 3 0 2 0 3 0 0 0 1 0 3 0 0 0 0 0 2 1 0 0 1 1 0 0 0 0 0 1 0 0 3 0 1 0 1 1 0 0 3 0 2 0 0 1 0 0 3 0 2 1 0 0 2 0 1 0 0 0 3 0 3 0 1 1 0 0 2 0 2 0 3 0 0 0 3 0 2 0 0 1 0 0 3 0 3 0 0 0 1 1 0 1 0 0 1 0 0 0 2 0 3 0 1 0 1 0 0 0 2 1 0 0 2 0 1 0 2 0 2 1 0 0 0 0 3 0 0 0 1 0 1 1 0 0 0 0 0 0 2 0 0 0 1 0 0 0 2 0 0 0 1 0 1 0 2 0 1 0 1 0 2 0 1 0 3 0 2 0 2 0 1 0 2 0 2 0 1 0 1 1 0 0 1 1 0 0 2 0 0 0 3 0 2 1 0 0 2 0 3 0 1 0 0 0 0 0 3 0 2 0 1 0 2 0 3 0 2 0 2 0 1 1 0 0 1 1 0 0 1 0 1 1 0 0 0 0 2 0 3 0 2 0 3 0 0 0 2 0 1 1 0 0 0 1 0 0 2 0 0 0 0 0 2 0 0 0 0 1 0 1 0 0 2 0 3 0 2 0 0 0 2 1 0 0 2 0 1 0 0 0 2 1 0 0 2 1 0 0 1 0 1 0 0 0 0 1 0 0 2 0 0 0 2 0 0 0 0 0 2 1 0 0 1 0 2 0 3 0 0 0 0 0 2 0 2 0 3 0 0 1 0 0 1 1 0 1 0 0 2 0 2 1 0 0 2 0 0 0 3 0 0 0 2 1 0 1 0 0 2 0 2 1 0 0 3 0 1 1 0 0 2 0 0
0 631 1 0 0 1 0 0 2 0 0 0 0 0 3 0 2 1 0 0 2 0 3 0 0 0 0 0 2 0 3 0 2 0 0 0 2 0 2 1 0 1 0 0 3 0 0 0 2 0 1 0 2 0 3 0 0 0 1 0 0 0 2 0 0 0 0 0 2 0 1 0 0 1 0 0 0 0 2 0 2 0 2 1 0 0 0 0 2 1 0 1 0 1 0 0 3 0 0 0 2 0 2 0 2 0 0 0 1 0 0 0 1 0 2 0 0 0 3 0 1 0 0 0 0 0 1 1 0 1 0 1 0 0 3 0 1 0 2 0 2 0 2 1 0 0 3 0 1 0 3 0 2 0 2 0 2 0 2 0 3 0 2 0 2 0 1 0 1 0 3 0 3 0 0 1 0 0 2 0 2 0 0 0 2 0 1 0 2 0 3 0 1 0 3 0 2 1 0 0 3 0 1 0 1 1 0 0 3 0 0 0 2 0 3 0 1 0 3 0 3 0 3 0 3 0 3 0 2 0 0 0 0 0 3 0 3 0 3 0 0 0 2 0 3 0 3 0 1 0 3 0 1 0 2 0 1 0 3 0 1 0 1 0 1 0 0 1 0 0 3 0 2 1 0 0 1 1 0 0 1 1 0 0 0 0 0 0 2 0 0 0 2 1 0 0 2 0 1 1 0 1 0 0 3 0 1 0 2 0 3 0 0 0 0 0 0 0 1 0 2 0 2 0 2 0 0 0 2 1 0 0 2 0 2 0 1 1 0 0 0 0 3 0 1 0 1 0 0 0 2 0 3 0 2 0 1 0 0 1 0 1 0 1 0 0 1 0 1 1 0 0 1 0 1 0 1 0 2 0 3 0 2 1 0 0 0 1 0 0 1 0 2 0 0 1 0 0 1 0 2 0 2 1 0 0 3 0 2 1 0 1 0 0 3 0 1 0 0 1 0 0 1 0 0 0 3 0 3 0 3 0 2 0 3 0 3 0 1 0 2 0 2 0 0 0 0 0 2 0 3 0 0 0 1 0 2 0 0 1 0 0 1 0 3 0 1 0 0 1 0 1 0 0 3 0 3 0 1 0 3 0 3 0 0 0 0 0 3 0 1 0 2 0 1 1 0 1 0 1 0 0 1 0 3 0 3 0 0 0 0 1 0 0 1 0 1 1 0 1 0 0 0 0 3 0 0 0 2 0 0 1 0 1 0 0 3 0 1 0 1 0 0 0 0 1 0 0 2 0 2 0 0 0 1 0 3 0 3 0 0 1 0 0 1 0 1 0 0 1 0 0 3 0 0 0 2 0 1 0 1 0 0 0 1 0 2 0 2 0 3 0 2 1 0 1 0 0 0 0 1 1 0 1 0 0 2 0 1 0 2 0 1 0 0 1 0 0 0 0 2 0 0 0 1 1 0 1 0 1 0 0 1
0 631 2 0 1 0 3 0 3 0 0 0 1 0 2 0 2 0 0 0 0 0 2 0 1 0 1 0 0 0 3 0 0 0 2 0 0 0 2 0 0 1 0 0 1 0 1 1 0 1 0 0 1 0 2 0 1 0 2 0 0 1 0 0 1 0 0 1 0 0 3 0 1 0 3 0 0 0 0 0 1 0 1 1 0 0 1 0 1 0 0 1 0 1 0 0 1 0 2 0 0 0 1 0 0 0 1 0 2 0 0 0 2 1 0 0 2 0 1 0 3 0 0 0 0 1 0 0 0 1 0 1 0 0 1 1 0 0 1 0 1 0 2 0 0 0 1 1 0 0 3 0 1 0 1 0 1 0 1 0 3 0 1 0 0 0 3 0 3 0 2 0 2 0 2 1 0 0 0 0 0 0 1 1 0 1 0 0 1 0 2 1 0 0 3 0 2 0 0 0 1 1 0 0 0 0 0 0 1 0 2 0 0 0 2 1 0 0 3 0 3 0 3 0 3 0 3 0 0 0 1 0 1 0 2 0 3 0 2 0 2 0 0 0 3 0 2 1 0 0 2 1 0 0 0 1 0 0 2 0 3 0 2 0 2 0 1 1 0 0 2 0 1 1 0 0 3 0 3 0 2 0 2 1 0 0 0 1 0 0 2 0 1 0 0 0 0 0 0 0 0 1 0 0 1 1 0 0 1 0 2 0 1 0 0 0 0 0 3 0 0 0 1 0 0 0 2 0 1 0 0 0 0 0 0 1 0 1 0 0 1 0 1 0 3 0 2 0 1 0 0 0 3 0 0 0 3 0 1 1 0 1 0 0 3 0 1 0 3 0 3 0 1 0 2 0 3 0 0 0 3 0 1 1 0 0 1 0 3 0 1 1 0 0 2 0 3 0 2 0 0 0 2 0 0 0 2 0 2 0 0 1 0 0 1 0 3 0 1 0 3 0 1 0 1 0 2 0 3 0 3 0 1 0 3 0 2 1 0 0 1 0 0 0 1 0 1 0 0 0 2 0 1 0 2 1 0 0 2 0 3 0 2 0 1 0 3 0 1 1 0 1 0 0 2 0 2 1 0 0 3 0 2 0 1 0 1 0 1 1 0 0 1 0 0 0 0 1 0 0 3 0 2 0 2 0 2 0 1 0 1 0 3 0 1 1 0 0 0 0 3 0 0 0 1 0 1 1 0 0 2 1 0 1 0 0 1 0 3 0 2 0 0 0 1 1 0 0 0 0 0 0 1 0 3 0 2 0 2 0 2 0 3 0 1 0 2 0 1 1 0 0 1 0 1 1 0 0 3 0 2 0 0 0 3 0 0 0 1 0 3 0 2 0 0 0 2 1 0 1 0 0 0 0 3 0 3 0 2 1 0 0 3 0 1 0 2 1 0 1 0 0 1 1 0 0 0 1 0 0 3 0 1
1 632 1 0 1 0 0 3 0 2 0 1 0 3 0 0 0 0 0 1 0 0 1 0 0 3 0 2 0 1 0 1 0 1 1 0 0 1 1 0 0 2 0 3 0 1 1 0 0 0 0 3 0 1 1 0 1 0 0 0 0 2 0 3 0 1 0 1 1 0 0 1 1 0 0 2 0 1 0 0 0 2 0 3 0 3 0 1 0 2 0 1 1 0 0 3 0 1 1 0 0 1 0 2 0 0 0 2 1 0 0 2 0 0 1 0 1 0 1 0 0 2 0 1 0 1 0 3 0 0 1 0 0 3 0 2 0 3 0 1 0 2 1 0 0 1 1 0 0 0 0 1 0 3 0 2 0 2 0 3 0 1 0 3 0 1 0 2 0 3 0 1 0 1 0 1 1 0 0 0 0 0 1 0 0 0 0 3 0 2 0 1 0 0 0 2 0 0 0 1 0 3 0 2 1 0 0 0 0 2 1 0 0 2 0 1 0 0 0 2 0 3 0 3 0 3 0 2 0 1 0 2 0 3 0 0 0 3 0 1 0 0 0 2 0 2 0 2 0 0 0 0 1 0 0 1 1 0 0 0 0 3 0 1 0 1 0 0 0 0 0 0 0 0 0 0 0 2 0 3 0 1 0 1 1 0 0 1 0 3 0 3 0 2 0 0 0 0 0 0 0 1 0 3 0 2 0 3 0 1 1 0 0 3 0 0 0 1 0 1 0 1 0 2 0 0 1 0 0 3 0 0 0 0 0 1 1 0 0 3 0 1 0 3 0 2 0 0 0 3 0 1 0 1 0 2 0 2 0 0 0 0 1 0 0 1 1 0 0 3 0 2 1 0 0 1 0 2 0 2 0 1 1 0 1 0 0 3 0 2 0 0 0 0 0 0 0 3 0 0 0 1 1 0 0 2 0 0 0 0 0 2 0 3 0 2 0 1 1 0 0 2 0 3 0 3 0 0 0 3 0 2 1 0 0 3 0 1 1 0 0 2 0 0 0 2 0 2 0 0 1 0 1 0 0 2 0 0 0 0 0 3 0 0 1 0 0 3 0 0 0 0 1 0 0 0 0 2 0 0 0 2 0 0 0 3 0 2 0 3 0 3 0 1 0 0 0 1 1 0 0 2 0 1 0 1 0 0 0 3 0 3 0 1 1 0 1 0 0 1 0 1 0 1 0 2 1 0 0 0 0 1 0 0 0 3 0 2 0 2 0 0 0 1 0 3 0 2 1 0 0 0 0 3 0 2 0 1 0 1 0 1 0 2 1 0 0 0 1 0 1 0 0 2 1 0 0 0 0 2 0 0 0 2 0 1 0 1 0 3 0 2 0 0 0 2 0 1 0 0 0 3 0 0 0 2 0 3 0 2 0 0 0 1 1 0 0 2 0 0 0 3 0 2 0 3 0 0 1 0 0 1 1 0
1 633 1 1 0 1 0 0 2 0 0 1 0 0 2 0 1 0 0 0 2 0 1 1 0 0 2 0 0 0 3 0 2 0 3 0 3 0 2 1 0 0 0 0 2 1 0 1 0 0 1 0 2 0 0 0 0 0 3 0 0 0 0 0 2 0 3 0 3 0 3 0 2 0 3 0 3 0 2 0 1 0 0 0 3 0 2 1 0 0 1 0 0 0 0 0 1 1 0 1 0 0 2 1 0 0 2 0 0 1 0 1 0 0 2 1 0 1 0 0 3 0 3 0 2 0 3 0 1 0 2 1 0 0 2 0 1 0 2 1 0 0 1 1 0 0 3 0 2 1 0 0 3 0 2 0 1 0 1 0 2 1 0 0 2 1 0 0 1 0 2 0 3 0 2 0 3 0 2 1 0 0 1 0 3 0 0 0 2 0 0 0 3 0 0 1 0 0 1 0 3 0 2 0 1 1 0 0 1 0 0 1 0 1 0 0 3 0 1 0 0 0 3 0 3 0 3 0 0 1 0 0 1 0 2 0 2 0 1 0 3 0 1 0 0 0 1 0 0 0 1 0 1 0 3 0 2 0 3 0 0 0 1 0 3 0 2 0 0 0 0 0 0 0 0 0 1 0 0 0 2 0 3 0 3 0 3 0 2 0 2 0 3 0 0 0 1 0 0 0 0 0 3 0 2 0 1 0 3 0 0 0 0 0 1 0 1 0 2 0 2 0 2 1 0 0 2 1 0 0 1 0 1 0 0 1 0 0 0 0 1 1 0 0 3 0 0 0 2 0 1 0 3 0 3 0 0 0 0 0 1 0 1 0 3 0 2 1 0 0 2 0 1 1 0 0 3 0 0 0 1 0 0 0 0 1 0 0 2 0 0 0 1 0 0 0 1 0 1 0 1 0 3 0 3 0 3 0 0 0 1 0 0 0 3 0 1 0 0 0 0 0 0 0 3 0 2 0 2 0 2 0 2 0 0 0 1 1 0 1 0 1 0 0 2 0 0 0 0 0 2 1 0 0 3 0 3 0 0 0 1 0 1 0 2 1 0 0 1 0 1 0 1 0 2 1 0 1 0 0 1 1 0 0 2 0 2 0 1 0 3 0 2 0 3 0 0 0 3 0 3 0 3 0 2 0 2 0 1 0 2 0 3 0 0 0 0 0 3 0 1 0 2 0 3 0 0 1 0 0 0 0 2 0 1 0 2 0 1 0 0 0 1 0 3 0 2 0 1 1 0 0 1 0 2 0 0 0 3 0 2 0 3 0 0 1 0 0 1 1 0 1 0 0 0 1 0 0 0 1 0 0 1 1 0 0 3 0 3 0 2 0 0 0 1 1 0 0 3 0 1 0 1 0 2 0 0 0 3 0 0 0 1 0 3 0 3 0 3 0 1 0 2 0 1 0 2 0 2 0 3 0 2 0 2
0 634 1 0 0 0 0 3 0 3 0 1 0 3 0 3 0 2 0 0 1 0 1 0 1 0 1 0 0 2 0 2 0 1 0 3 0 3 0 1 1 0 0 1 0 1 0 0 0 3 0 1 1 0 0 1 0 1 0 1 0 1 0 1 0 0 0 3 0 3 0 3 0 1 0 3 0 3 0 0 0 3 0 1 0 2 0 1 1 0 0 2 0 0 0 0 1 0 0 0 1 0 0 0 1 0 1 0 0 2 1 0 1 0 0 1 0 0 1 0 0 2 0 3 0 1 0 2 1 0 0 1 1 0 1 0 1 0 0 1 1 0 1 0 0 0 0 2 0 2 0 0 0 2 0 0 0 3 0 3 0 1 0 0 0 0 1 0 0 3 0 0 0 3 0 1 0 3 0 1 1 0 0 3 0 1 0 1 1 0 0 2 0 1 0 2 0 3 0 2 0 2 0 0 1 0 1 0 0 2 0 1 1 0 1 0 0 1 0 3 0 1 0 2 0 3 0 2 0 2 0 3 0 2 0 0 0 0 1 0 0 2 0 3 0 0 0 2 0 0 0 2 0 3 0 2 0 1 0 2 0 1 0 3 0 2 0 0 0 1 0 0 0 0 0 0 0 2 0 1 0 0 0 3 0 3 0 3 0 1 0 1 0 2 0 1 0 2 0 0 0 1 0 2 0 0 1 0 0 2 0 1 0 0 0 2 0 3 0 0 0 1 0 2 0 0 0 0 1 0 0 2 0 2 0 1 0 2 1 0 1 0 0 0 0 1 0 1 1 0 1 0 0 3 0 2 0 1 0 0 0 2 0 3 0 2 0 2 0 0 0 0 0 0 0 0 0 1 0 1 0 2 0 0 0 1 0 3 0 3 0 0 0 2 0 0 0 2 0 2 0 3 0 2 0 3 0 2 0 1 0 2 0 1 0 1 0 3 0 0 0 0 0 1 0 2 0 1 0 1 0 1 0 0 0 1 1 0 0 0 1 0 0 3 0 3 0 0 0 1 0 1 0 0 0 2 0 2 0 1 0 2 0 3 0 0 1 0 0 2 0 2 0 3 0 1 0 0 0 3 0 2 1 0 0 0 0 0 1 0 0 3 0 1 0 2 0 2 0 2 0 3 0 3 0 1 0 0 1 0 0 1 0 2 0 1 0 1 0 1 1 0 0 1 0 2 0 2 0 2 1 0 1 0 1 0 0 0 0 3 0 0 0 3 0 2 0 0 1 0 1 0 0 2 1 0 0 2 0 2 0 1 0 2 0 2 0 3 0 2 1 0 0 3 0 0 0 3 0 0 0 3 0 2 1 0 0 2 0 3 0 0 0 1 1 0 0 0 0 1 0 3 0 2 1 0 0 2 0 1 0 1 0 3 0 2 0 3 0 2 1 0 0 0 1 0 0 1 0 1 0 3 0 1 0 1
1 635 1 0 3 0 0 0 2 0 2 1 0 0 3 0 3 0 0 0 2 1 0 1 0 1 0 1 0 0 0 0 0 1 0 0 3 0 2 1 0 1 0 0 2 0 2 0 1 0 1 1 0 1 0 0 2 0 2 0 2 0 2 0 2 0 1 0 2 0 3 0 2 1 0 0 3 0 2 0 2 0 1 1 0 0 0 1 0 1 0 1 0 0 1 0 1 0 3 0 0 0 3 0 0 1 0 1 0 0 1 0 0 0 3 0 1 0 1 1 0 0 0 0 2 1 0 0 1 1 0 1 0 0 0 1 0 0 3 0 2 1 0 0 3 0 0 0 0 0 0 0 1 1 0 0 2 0 2 0 2 0 3 0 0 0 1 1 0 0 1 0 2 0 1 1 0 0 3 0 0 0 0 0 1 0 3 0 3 0 3 0 3 0 3 0 0 0 3 0 1 0 0 0 2 1 0 1 0 0 0 0 0 0 0 0 3 0 2 0 1 1 0 0 1 0 3 0 1 0 1 0 3 0 0 0 1 0 1 1 0 0 0 0 2 0 1 1 0 0 2 0 0 0 3 0 0 1 0 0 0 1 0 0 3 0 0 0 1 0 2 0 0 0 0 0 0 1 0 0 3 0 1 0 2 0 3 0 2 0 3 0 2 1 0 1 0 0 0 0 1 0 2 1 0 0 2 0 3 0 3 0 2 0 1 0 0 0 2 0 1 0 2 1 0 0 1 0 1 1 0 0 0 0 0 1 0 0 2 0 0 0 2 1 0 0 2 1 0 0 0 1 0 0 2 0 0 0 3 0 1 0 0 0 3 0 1 0 0 0 1 0 0 0 0 0 0 0 2 0 2 1 0 0 1 0 3 0 2 0 2 0 1 1 0 0 2 0 0 0 1 0 3 0 1 0 3 0 0 1 0 0 0 0 3 0 3 0 1 0 1 0 0 0 2 1 0 0 3 0 2 0 2 0 0 0 3 0 3 0 0 1 0 0 2 0 2 0 1 0 2 0 2 0 1 0 0 0 0 1 0 0 1 0 2 0 2 1 0 0 0 0 1 0 2 0 3 0 1 0 2 0 1 1 0 0 0 0 1 1 0 0 1 1 0 0 1 0 1 0 1 0 3 0 2 0 3 0 1 0 3 0 1 1 0 0 3 0 2 0 3 0 3 0 2 0 0 0 1 0 2 0 0 1 0 0 3 0 0 0 1 0 2 0 2 0 0 0 2 1 0 1 0 0 1 0 0 0 0 0 0 1 0 0 1 0 1 0 3 0 2 0 0 0 1 0 2 0 1 0 2 0 2 0 2 0 0 0 0 0 2 0 1 0 3 0 2 1 0 0 3 0 2 0 1 1 0 1 0 0 3 0 3 0 2 0 1 0 3 0 1 1 0 0 1 0 3 0 1 0 3 0 1 0 3 0 2
0 635 3 0 1 0 2 0 0 0 2 0 0 0 2 0 2 0 2 0 1 0 0 1 0 1 0 0 2 1 0 0 1 1 0 0 2 0 2 0 0 1 0 0 0 0 0 1 0 0 0 0 0 1 0 0 0 0 1 0 1 0 1 0 0 1 0 0 1 0 3 0 2 0 0 0 2 0 1 0 0 1 0 1 0 0 1 1 0 1 0 0 3 0 1 0 3 0 1 0 2 0 1 0 2 1 0 0 3 0 1 0 1 0 1 0 3 0 3 0 3 0 0 0 0 1 0 1 0 0 0 0 3 0 0 1 0 0 2 0 2 0 0 0 1 0 1 0 0 0 0 1 0 0 0 0 0 0 1 0 1 0 2 0 1 0 3 0 3 0 2 0 0 0 0 0 0 0 1 0 1 0 0 0 3 0 2 0 3 0 3 0 3 0 2 0 2 0 1 0 3 0 1 0 1 0 0 0 2 1 0 0 0 0 1 0 2 0 0 1 0 1 0 0 3 0 1 0 3 0 3 0 1 0 1 0 2 0 3 0 2 1 0 1 0 1 0 1 0 1 0 0 2 0 1 0 2 0 3 0 0 1 0 0 1 0 1 0 2 1 0 0 1 0 0 0 1 1 0 0 1 1 0 0 1 0 3 0 1 0 3 0 2 0 0 0 2 1 0 0 3 0 1 0 0 0 0 0 3 0 3 0 0 0 3 0 0 1 0 1 0 0 1 1 0 0 2 0 3 0 2 1 0 0 1 0 3 0 3 0 1 0 1 0 0 0 0 1 0 0 1 0 3 0 3 0 1 0 1 0 3 0 1 0 1 0 3 0 0 0 2 0 0 0 0 0 1 0 0 0 1 1 0 0 3 0 2 0 1 0 0 1 0 1 0 1 0 0 1 0 3 0 1 1 0 0 2 0 2 0 3 0 0 0 2 0 2 0 3 0 2 0 1 0 1 0 0 0 2 0 1 0 0 0 2 0 2 0 2 0 2 1 0 0 0 0 0 1 0 0 1 0 0 0 3 0 0 0 1 0 3 0 2 0 0 0 1 1 0 0 0 0 3 0 0 0 2 1 0 0 0 1 0 1 0 0 0 0 3 0 3 0 2 0 3 0 1 0 2 0 3 0 2 0 1 0 2 1 0 0 3 0 0 0 0 0 2 0 1 0 3 0 3 0 0 0 1 0 2 1 0 0 2 1 0 0 1 0 1 0 3 0 0 0 0 0 2 0 1 0 0 0 3 0 1 0 0 0 0 0 1 0 3 0 1 0 3 0 2 0 0 0 1 0 2 1 0 1 0 0 1 0 1 0 0 0 1 0 0 1 0 1 0 0 3 0 2 0 0 0 2 0 1 0 0 0 0 1 0 0 2 0 3 0 0 1 0 0 2 1 0 1 0 0 3 0 1 1 0 0 2 1 0 0 3 0 1
1 637 1 0 1 1 0 0 0 0 1 1 0 0 2 0 0 0 1 0 0 0 3 0 1 1 0 1 0 0 0 1 0 1 0 0 0 0 0 0 0 0 2 0 2 1 0 0 1 0 2 1 0 0 1 0 2 1 0 0 2 0 2 0 2 0 1 0 3 0 2 0 2 0 0 0 1 1 0 0 3 0 1 1 0 0 3 0 2 1 0 1 0 0 1 1 0 0 2 1 0 0 0 1 0 0 2 0 0 0 1 0 3 0 2 0 3 0 2 0 3 0 2 0 1 0 1 1 0 0 3 0 0 0 1 0 2 1 0 0 0 0 0 0 1 0 2 0 2 0 0 0 1 0 2 1 0 0 0 0 2 0 2 1 0 1 0 0 3 0 3 0 0 0 1 0 0 0 0 0 2 0 2 0 1 0 2 0 1 0 3 0 3 0 3 0 1 0 0 1 0 0 2 0 3 0 2 0 1 0 0 1 0 0 0 0 2 1 0 0 2 1 0 1 0 0 1 1 0 0 3 0 2 0 3 0 3 0 0 0 3 0 2 0 0 1 0 1 0 1 0 0 3 0 3 0 3 0 0 0 2 0 2 0 3 0 1 0 3 0 0 1 0 0 2 0 0 0 3 0 3 0 2 0 3 0 2 0 1 1 0 0 3 0 0 0 2 0 1 0 0 0 1 0 3 0 0 0 1 0 2 0 2 0 2 0 1 0 2 1 0 0 3 0 2 1 0 0 0 0 3 0 1 1 0 0 3 0 2 0 2 0 3 0 2 0 0 0 1 0 3 0 2 0 2 0 2 0 3 0 3 0 1 0 3 0 3 0 1 0 1 1 0 0 1 0 0 0 2 0 0 1 0 0 0 0 2 0 0 0 3 0 1 1 0 1 0 0 3 0 2 0 2 0 0 0 0 0 0 0 1 0 2 0 2 0 0 0 1 0 3 0 0 0 3 0 2 0 0 1 0 0 3 0 1 0 0 0 1 0 1 0 1 1 0 0 0 0 1 0 3 0 1 0 1 0 1 0 1 0 3 0 2 0 0 0 1 0 3 0 3 0 0 0 1 0 2 0 0 1 0 0 1 1 0 0 3 0 0 0 2 0 3 0 1 0 2 1 0 0 1 0 3 0 0 1 0 0 2 0 0 0 1 0 1 0 0 1 0 1 0 0 3 0 2 0 1 0 3 0 1 0 0 0 0 1 0 0 2 0 3 0 1 0 1 0 0 1 0 0 3 0 1 0 1 0 3 0 0 0 0 0 3 0 1 1 0 0 3 0 0 0 1 0 3 0 1 0 0 0 3 0 1 0 2 0 0 0 2 0 1 1 0 1 0 0 2 0 0 0 1 1 0 0 3 0 0 0 1 1 0 0 0 0 2 0 2 1 0 0 1 0 0 1 0 0 2 0 0 0 0 0 1 0 0 0 1 1 0
1 637 2 0 3 0 2 1 0 0 3 0 3 0 3 0 0 0 2 0 1 0 2 0 0 0 0 0 3 0 0 1 0 0 2 1 0 0 0 0 1 0 0 0 1 1 0 0 3 0 0 1 0 0 3 0 1 0 0 0 0 0 1 0 0 1 0 0 3 0 1 0 0 0 1 1 0 0 0 0 2 0 0 0 0 0 2 0 2 0 0 0 3 0 2 1 0 0 0 1 0 0 1 0 3 0 3 0 0 0 3 0 2 0 1 0 3 0 1 0 3 0 0 1 0 0 0 0 0 0 1 0 1 0 3 0 0 1 0 0 0 0 0 0 3 0 0 0 0 0 1 0 3 0 0 1 0 0 1 0 0 0 2 0 0 1 0 0 2 0 2 0 1 0 2 0 0 0 1 0 0 0 0 1 0 0 0 1 0 0 3 0 3 0 2 0 3 0 1 1 0 0 0 0 3 0 0 0 3 0 1 0 3 0 0 0 1 0 0 0 1 0 0 0 3 0 2 1 0 0 2 0 1 0 3 0 2 0 2 0 2 0 0 0 2 1 0 1 0 1 0 0 2 0 3 0 2 0 2 0 0 0 1 0 2 1 0 0 2 0 2 0 3 0 3 0 1 0 2 0 3 0 1 0 3 0 1 0 0 0 0 0 1 0 1 1 0 0 3 0 0 0 3 0 1 0 1 0 3 0 0 0 1 0 0 1 0 0 2 0 0 0 2 0 1 1 0 0 1 0 2 0 0 0 0 0 2 0 1 0 1 0 3 0 0 0 1 0 3 0 2 0 1 0 1 0 1 0 3 0 2 1 0 0 3 0 2 0 3 0 3 0 3 0 1 0 0 1 0 0 2 0 2 1 0 1 0 0 2 0 2 0 0 0 0 1 0 0 2 0 1 0 0 0 1 0 0 0 0 0 3 0 0 0 0 0 1 0 3 0 1 0 2 0 2 0 0 0 2 1 0 0 1 0 3 0 0 0 2 0 2 0 3 0 2 1 0 0 3 0 1 0 3 0 2 0 2 0 3 0 2 0 0 0 1 0 3 0 2 0 2 0 1 0 2 1 0 0 2 0 3 0 2 1 0 0 1 0 2 0 0 0 2 1 0 0 1 1 0 0 3 0 1 0 2 0 3 0 3 0 0 0 2 0 2 0 1 1 0 1 0 0 2 0 0 1 0 0 2 0 3 0 0 0 1 1 0 0 0 0 2 0 3 0 2 0 1 1 0 0 1 0 3 0 3 0 1 0 1 0 1 0 2 0 0 0 0 0 1 0 1 0 3 0 1 0 3 0 1 0 1 1 0 0 0 0 2 0 0 0 0 0 0 0 3 0 3 0 0 1 0 0 0 0 1 0 1 0 3 0 3 0 0 0 0 0 1 1 0 0 2 0 1 0 3 0 3 0 0 0 0 0 2 0 0 0 3 0 2
0 639 1 0 0 0 3 0 2 0 0 0 2 0 3 0 2 0 1 1 0 1 0 0 0 0 1 0 1 0 1 0 2 1 0 0 0 1 0 0 0 0 2 0 0 1 0 0 0 0 1 0 2 1 0 0 1 0 3 0 0 0 0 0 2 0 1 1 0 0 1 0 3 0 0 0 3 0 2 1 0 1 0 0 1 0 1 0 0 0 0 0 2 0 2 0 1 1 0 0 1 0 3 0 2 0 2 0 2 0 2 0 2 0 0 1 0 0 2 1 0 0 2 0 2 0 2 1 0 0 0 0 2 0 3 0 1 0 2 0 2 1 0 0 1 0 1 0 1 0 0 0 3 0 1 0 2 0 3 0 1 0 0 1 0 0 2 1 0 0 0 0 0 1 0 0 0 0 1 0 2 0 0 0 1 0 3 0 0 1 0 0 2 0 3 0 1 0 2 1 0 1 0 0 1 0 1 0 2 0 1 1 0 0 2 0 1 0 2 0 0 0 2 0 1 0 2 0 1 1 0 1 0 1 0 0 3 0 1 0 1 0 0 0 2 0 1 0 0 1 0 1 0 0 0 0 3 0 1 0 0 0 1 0 3 0 1 0 0 0 0 0 1 0 3 0 2 1 0 0 1 0 2 1 0 0 2 0 3 0 0 0 0 0 2 1 0 0 0 0 1 0 2 0 1 0 3 0 3 0 1 0 1 0 2 0 1 0 3 0 3 0 0 1 0 1 0 1 0 0 2 1 0 0 1 0 0 1 0 0 3 0 3 0 1 0 1 0 3 0 2 0 0 0 3 0 2 0 3 0 2 0 2 0 0 0 2 0 1 0 3 0 3 0 2 0 3 0 1 1 0 0 0 0 2 0 0 1 0 0 0 0 0 0 1 0 1 0 3 0 3 0 2 0 0 0 2 0 0 0 1 0 1 0 1 0 0 0 3 0 1 1 0 0 1 0 0 0 2 0 0 1 0 0 3 0 1 0 2 0 0 0 1 0 3 0 2 0 0 0 1 1 0 0 3 0 1 0 1 0 3 0 0 0 1 0 3 0 2 0 1 0 0 1 0 0 2 0 0 0 0 0 3 0 1 1 0 0 2 1 0 0 2 0 0 1 0 1 0 0 0 0 1 1 0 0 1 0 3 0 2 0 2 0 0 0 1 0 0 0 0 0 3 0 3 0 1 1 0 0 0 0 2 0 1 0 3 0 3 0 0 0 0 0 3 0 0 1 0 1 0 0 3 0 2 0 2 0 3 0 2 0 2 1 0 0 1 0 0 0 2 0 3 0 1 1 0 0 2 0 3 0 3 0 2 1 0 1 0 0 1 0 0 0 1 0 2 0 2 0 2 0 2 1 0 0 2 0 3 0 2 0 2 0 1 0 0 0 3 0 3 0 3 0 3 0 2 0 2 0 1 0 0 1 0 0 2 0 2 0 1
1 639 2 0 1 0 2 0 0 0 2 0 0 0 3 0 1 0 0 0 0 0 2 1 0 0 2 0 2 0 3 0 0 1 0 0 1 0 2 1 0 1 0 0 2 0 2 1 0 0 3 0 0 1 0 0 3 0 1 0 1 0 0 1 0 1 0 1 0 0 3 0 1 0 2 0 2 0 2 0 0 0 3 0 1 0 2 0 0 0 1 0 0 0 0 1 0 1 0 0 3 0 2 0 1 0 1 0 1 0 1 0 0 0 2 1 0 0 1 0 0 0 0 0 1 0 1 1 0 0 1 0 0 0 2 1 0 0 1 0 1 1 0 0 2 0 2 0 2 0 1 0 1 1 0 0 1 0 2 0 3 0 1 1 0 0 0 1 0 0 0 0 1 0 2 1 0 0 2 1 0 0 1 0 3 0 1 0 2 1 0 0 0 0 2 1 0 0 2 0 0 0 3 0 1 0 2 1 0 1 0 1 0 1 0 1 0 0 0 0 1 1 0 1 0 0 1 0 0 0 0 1 0 1 0 0 1 0 3 0 2 0 0 1 0 0 3 0 1 1 0 0 3 0 0 0 1 0 3 0 0 0 3 0 1 0 3 0 0 0 0 0 3 0 2 0 1 1 0 0 3 0 1 0 0 0 0 0 2 0 1 0 1 0 0 1 0 0 0 0 2 1 0 1 0 0 3 0 2 0 3 0 2 1 0 1 0 0 3 0 2 0 2 1 0 1 0 1 0 0 0 1 0 0 2 0 1 1 0 0 2 0 2 0 3 0 3 0 2 0 0 0 2 0 2 0 1 0 3 0 1 0 0 0 1 1 0 1 0 0 3 0 3 0 1 0 2 1 0 1 0 0 0 1 0 0 2 0 2 1 0 0 0 0 2 0 3 0 2 0 3 0 0 0 1 1 0 0 1 0 2 0 2 0 2 0 1 0 1 1 0 1 0 0 2 0 0 1 0 0 2 1 0 0 1 1 0 0 0 0 1 0 3 0 2 0 0 0 1 1 0 0 0 0 1 0 3 0 3 0 1 0 1 0 3 0 2 0 0 0 3 0 1 0 3 0 3 0 0 0 1 0 2 0 0 0 0 0 0 1 0 1 0 0 2 1 0 0 2 1 0 0 3 0 3 0 2 0 2 0 1 0 0 0 1 0 2 0 0 0 1 0 2 0 2 1 0 1 0 0 0 1 0 1 0 0 3 0 2 0 1 0 1 0 1 0 2 1 0 1 0 0 2 0 1 0 1 0 3 0 1 0 1 1 0 0 2 0 1 0 0 0 3 0 0 0 0 0 0 0 3 0 3 0 2 0 0 0 3 0 1 0 0 0 3 0 0 0 1 0 1 0 2 0 0 0 0 0 3 0 1 0 0 0 3 0 1 0 2 0 3 0 3 0 3 0 1 0 0 0 3 0 1 1 0 0 0 0 0 1 0
1 640 1 0 1 0 0 0 0 1 1 0 0 2 0 1 0 3 0 0 0 1 0 1 0 0 0 0 0 1 0 2 0 2 0 3 0 2 0 1 0 0 1 0 0 0 0 2 0 0 0 1 0 2 1 0 0 1 0 3 0 2 0 1 1 0 1 0 1 0 0 1 1 0 0 1 0 1 0 0 0 2 0 1 1 0 0 0 0 1 0 2 0 0 0 1 1 0 1 0 0 2 0 0 0 3 0 2 0 2 0 2 0 1 0 0 1 0 0 2 0 0 0 0 0 2 0 3 0 3 0 1 0 1 0 0 1 0 0 2 1 0 0 0 0 0 0 1 0 0 0 3 0 3 0 3 0 2 0 0 0 2 1 0 1 0 0 1 0 2 1 0 0 3 0 1 0 0 0 0 1 0 0 3 0 1 1 0 0 1 1 0 0 1 0 0 1 0 1 0 0 2 0 1 1 0 0 2 0 0 1 0 1 0 1 0 0 2 1 0 1 0 0 0 0 3 0 1 0 0 0 1 1 0 0 3 0 2 0 2 0 0 0 2 1 0 0 2 0 0 0 0 0 1 0 1 0 3 0 1 0 2 0 1 1 0 0 2 0 1 0 1 0 2 0 1 0 0 0 0 0 1 0 3 0 0 0 0 1 0 0 3 0 2 0 1 0 3 0 0 0 1 0 0 1 0 0 2 0 1 0 3 0 2 0 0 1 0 0 2 0 1 0 2 0 0 1 0 0 3 0 0 1 0 0 0 0 0 0 0 0 0 0 1 0 3 0 3 0 0 0 2 0 0 0 0 1 0 0 2 0 3 0 0 1 0 0 0 1 0 0 2 0 2 1 0 0 2 0 0 0 3 0 0 1 0 0 0 0 1 1 0 0 1 0 0 0 3 0 1 0 2 0 1 0 3 0 3 0 2 0 0 0 1 0 0 1 0 0 0 0 0 0 3 0 3 0 1 1 0 0 0 1 0 0 3 0 2 1 0 0 3 0 2 0 0 0 1 0 3 0 2 1 0 0 3 0 2 0 2 0 3 0 3 0 2 0 0 0 2 0 1 1 0 0 3 0 2 0 1 0 2 1 0 0 1 0 0 0 1 1 0 1 0 0 1 0 0 0 1 0 0 0 2 0 3 0 1 0 0 0 3 0 0 0 2 1 0 0 1 0 3 0 0 0 2 0 0 0 3 0 0 1 0 1 0 0 2 0 0 0 3 0 2 0 3 0 1 0 0 0 3 0 3 0 2 0 3 0 1 0 3 0 3 0 3 0 3 0 2 0 1 0 1 0 1 0 0 0 1 0 2 0 3 0 0 0 2 0 1 0 3 0 1 0 1 0 1 0 2 0 2 1 0 0 1 0 1 0 1 0 3 0 1 0 1 1 0 0 1 0 3 0 3 0 2 0 3 0 1 0 1 1 0 1 0 0 0 0 1 0 2
0 641 1 1 0 0 2 1 0 0 3 0 3 0 3 0 3 0 1 0 1 0 2 0 2 0 0 0 0 0 3 0 0 0 1 0 3 0 0 0 3 0 1 0 2 1 0 1 0 0 1 0 3 0 0 1 0 0 3 0 2 0 1 0 0 0 0 1 0 0 3 0 2 0 3 0 1 0 2 0 0 1 0 1 0 1 0 0 0 0 2 1 0 0 1 1 0 0 0 0 3 0 3 0 1 0 2 0 1 0 1 0 0 0 3 0 1 0 3 0 3 0 0 0 1 0 0 0 3 0 2 0 3 0 2 0 1 1 0 0 0 1 0 0 0 0 0 0 2 0 1 0 2 0 3 0 3 0 0 0 2 0 1 0 0 0 3 0 2 0 1 0 0 0 1 0 3 0 0 0 1 1 0 0 1 1 0 1 0 0 3 0 3 0 1 0 1 1 0 0 3 0 3 0 3 0 3 0 3 0 1 1 0 1 0 1 0 0 1 0 0 0 3 0 0 0 1 0 3 0 0 1 0 0 0 0 2 0 1 0 0 0 2 0 0 1 0 1 0 0 1 0 0 0 2 0 3 0 1 1 0 0 0 1 0 1 0 1 0 0 3 0 2 1 0 0 3 0 0 0 0 0 3 0 1 0 1 0 1 1 0 0 2 0 0 1 0 0 2 0 1 0 2 0 1 0 3 0 3 0 3 0 2 0 0 0 2 0 3 0 3 0 2 1 0 0 2 1 0 0 1 0 2 0 2 1 0 0 0 0 0 0 0 0 3 0 2 0 2 0 1 1 0 0 1 0 1 1 0 0 0 0 2 0 2 0 3 0 0 1 0 0 0 0 1 1 0 1 0 0 2 0 1 0 2 0 2 1 0 0 3 0 3 0 1 0 1 0 1 1 0 0 0 1 0 0 3 0 3 0 0 0 1 0 2 0 1 0 2 1 0 0 1 0 2 0 2 1 0 1 0 0 1 1 0 0 2 0 2 0 0 0 2 0 0 0 1 0 3 0 2 0 2 0 0 0 2 0 1 0 1 0 3 0 3 0 0 0 2 0 0 0 0 0 0 0 2 0 0 1 0 0 1 1 0 0 2 0 0 1 0 0 0 0 3 0 1 0 0 0 2 0 1 0 0 0 2 0 3 0 1 0 1 0 2 0 0 1 0 0 3 0 1 0 1 1 0 0 2 0 1 0 2 1 0 0 3 0 3 0 1 0 2 0 1 0 2 0 3 0 1 0 2 0 3 0 1 0 2 1 0 0 3 0 3 0 3 0 3 0 0 0 3 0 2 0 2 0 0 0 3 0 0 0 2 0 1 1 0 1 0 0 2 0 3 0 2 0 3 0 0 0 1 1 0 0 2 0 2 0 3 0 1 0 3 0 3 0 3 0 2 0 2 0 3 0 1 0 2 1 0 0 0 0 0 0 2 1 0 0 3 0 0
0 642 1 0 0 0 0 1 0 0 0 2 0 3 0 3 0 2 0 3 0 3 0 0 0 0 0 1 0 1 0 1 0 1 0 3 0 1 0 2 0 1 1 0 0 2 0 0 0 3 0 2 0 1 0 2 1 0 0 2 0 0 0 3 0 0 0 1 1 0 0 2 0 1 0 2 1 0 0 0 0 2 1 0 1 0 0 3 0 0 0 0 1 0 0 3 0 3 0 0 0 2 0 2 1 0 0 0 0 3 0 2 0 1 0 1 1 0 0 3 0 2 0 1 0 2 0 1 0 2 0 1 0 3 0 0 1 0 1 0 0 1 0 2 1 0 0 0 1 0 1 0 0 1 0 3 0 2 0 1 1 0 0 3 0 1 0 2 0 0 0 3 0 0 0 3 0 1 0 1 0 3 0 3 0 2 1 0 1 0 0 2 0 2 1 0 0 0 0 0 0 2 0 3 0 3 0 3 0 3 0 0 0 0 1 0 0 3 0 1 0 1 0 1 0 1 0 3 0 1 0 2 0 2 1 0 1 0 0 3 0 0 1 0 0 2 1 0 0 3 0 1 0 1 0 0 0 2 1 0 1 0 0 1 1 0 1 0 1 0 0 2 0 2 0 0 0 1 0 1 0 1 0 1 0 3 0 2 0 3 0 3 0 3 0 1 0 3 0 3 0 2 1 0 1 0 0 3 0 3 0 3 0 0 0 2 0 0 0 3 0 3 0 2 0 0 0 0 1 0 0 3 0 0 0 1 1 0 0 0 0 0 0 1 0 2 0 1 0 0 1 0 1 0 0 2 0 3 0 3 0 0 0 0 0 1 0 2 0 2 0 2 1 0 1 0 0 0 0 3 0 3 0 3 0 0 0 2 0 0 0 2 0 2 0 3 0 2 0 3 0 3 0 0 1 0 0 2 0 2 0 1 0 2 1 0 1 0 0 1 1 0 0 3 0 0 0 2 0 0 0 3 0 2 1 0 0 0 0 0 0 1 1 0 0 1 0 3 0 2 0 1 0 0 0 1 1 0 0 3 0 3 0 2 0 2 0 1 1 0 0 1 0 0 0 0 1 0 0 2 0 3 0 2 0 3 0 3 0 1 0 3 0 0 0 1 0 3 0 0 1 0 0 3 0 1 0 0 0 2 0 3 0 2 1 0 0 2 1 0 0 1 0 3 0 3 0 3 0 3 0 3 0 1 0 0 0 2 0 2 1 0 0 0 1 0 0 1 0 2 1 0 0 1 0 2 1 0 0 2 0 0 0 2 0 3 0 3 0 2 0 2 0 2 0 1 0 0 0 2 0 1 0 2 0 0 0 0 0 0 1 0 0 0 0 3 0 1 0 2 0 1 1 0 0 0 0 0 0 1 0 2 1 0 0 3 0 3 0 3 0 1 0 1 0 2 1 0 0 1 1 0 0 0 0 1 0 1 0 0 0 1 0 1
1 643 1 0 2 1 0 0 2 0 1 0 0 0 3 0 3 0 1 0 3 0 2 0 1 0 0 0 2 0 2 0 2 0 3 0 1 1 0 0 0 1 0 1 0 1 0 0 2 0 2 0 0 1 0 0 1 1 0 1 0 0 2 0 1 0 1 0 3 0 3 0 3 0 3 0 0 1 0 0 1 0 1 0 0 1 0 0 1 0 1 0 1 1 0 0 2 0 2 0 2 0 0 0 1 1 0 0 1 0 2 0 0 1 0 0 0 0 0 0 2 0 0 1 0 0 0 1 0 0 0 1 0 0 2 0 2 1 0 0 3 0 2 0 0 1 0 0 1 1 0 0 3 0 2 0 2 0 1 0 0 0 0 0 1 1 0 0 0 0 2 0 1 0 2 0 1 0 3 0 3 0 2 0 3 0 2 0 0 1 0 0 0 0 1 1 0 0 0 0 1 0 0 0 3 0 3 0 3 0 2 0 1 0 1 1 0 0 1 0 3 0 2 0 2 0 3 0 1 1 0 0 1 0 2 0 0 1 0 0 1 0 2 1 0 0 1 0 0 0 1 0 3 0 2 0 1 0 1 0 0 0 3 0 2 1 0 1 0 1 0 0 0 0 0 0 1 0 2 0 2 0 2 0 3 0 2 0 1 0 3 0 3 0 2 1 0 0 3 0 3 0 2 0 0 1 0 0 2 0 3 0 2 0 1 1 0 0 2 0 2 0 3 0 0 0 1 0 1 1 0 0 1 0 1 0 3 0 2 1 0 0 0 0 2 1 0 0 3 0 1 1 0 1 0 0 0 0 3 0 2 0 1 0 0 0 3 0 0 0 1 0 2 0 0 0 3 0 0 0 2 0 3 0 2 0 1 1 0 0 2 0 0 0 1 0 3 0 1 0 3 0 2 0 2 1 0 0 0 0 0 1 0 0 2 0 0 0 3 0 2 1 0 0 1 0 1 1 0 0 2 0 2 0 1 1 0 0 0 0 0 0 3 0 3 0 2 0 2 0 0 0 3 0 0 1 0 0 0 0 2 0 3 0 1 0 0 1 0 1 0 0 2 0 0 0 1 1 0 0 0 0 3 0 1 0 3 0 2 1 0 0 2 0 1 0 3 0 1 0 2 1 0 0 1 0 3 0 1 0 0 0 3 0 2 0 0 0 0 1 0 0 3 0 2 0 3 0 3 0 3 0 2 0 3 0 1 0 0 0 1 1 0 0 1 0 3 0 2 0 0 1 0 0 3 0 0 1 0 1 0 0 2 0 0 0 3 0 3 0 1 0 1 0 0 0 3 0 0 1 0 1 0 0 0 0 1 0 0 0 1 0 3 0 0 0 1 1 0 0 0 1 0 1 0 0 0 0 0 0 3 0 1 0 0 0 2 0 3 0 2 0 3 0 3 0 0 1 0 0 3 0 2 1 0 0 2 0 2 0 0 0 2 0 2
0 643 3 0 0 1 0 1 0 0 3 0 1 0 2 0 2 1 0 0 3 0 0 0 3 0 1 0 0 0 1 0 1 0 2 1 0 1 0 0 1 1 0 1 0 1 0 0 0 0 0 0 2 0 3 0 2 1 0 0 3 0 3 0 2 0 3 0 2 0 3 0 3 0 2 0 2 0 3 0 1 0 2 0 1 0 3 0 1 0 2 1 0 0 0 0 0 0 1 0 0 0 1 0 3 0 3 0 1 1 0 0 2 0 2 1 0 0 0 1 0 0 2 0 3 0 0 0 3 0 0 1 0 0 0 0 2 0 0 0 2 0 0 0 2 0 3 0 2 1 0 0 2 0 1 0 0 0 3 0 0 0 0 0 3 0 2 1 0 1 0 1 0 0 0 1 0 0 3 0 3 0 1 0 3 0 0 0 2 0 2 1 0 0 3 0 2 1 0 0 2 0 1 0 2 0 3 0 3 0 0 0 3 0 3 0 3 0 2 0 2 0 1 0 1 0 2 1 0 1 0 0 2 1 0 0 2 0 3 0 2 0 0 1 0 0 2 0 0 0 3 0 2 0 0 0 3 0 2 0 1 0 2 0 2 0 0 1 0 0 2 1 0 0 0 0 3 0 0 0 1 0 1 0 3 0 0 1 0 0 3 0 3 0 2 0 0 0 2 0 3 0 0 0 2 1 0 0 0 0 3 0 1 0 0 0 0 0 0 0 1 0 2 0 1 0 2 0 3 0 3 0 1 0 3 0 2 0 1 1 0 0 1 0 1 0 0 0 2 0 0 0 0 0 3 0 0 0 2 0 0 0 3 0 1 0 1 0 1 0 2 1 0 0 2 0 1 0 2 0 0 0 3 0 0 1 0 1 0 1 0 0 1 0 3 0 1 1 0 0 3 0 1 0 1 1 0 0 0 0 1 0 3 0 3 0 1 0 2 0 1 1 0 0 2 1 0 0 0 0 0 0 0 1 0 1 0 0 0 0 1 0 2 0 3 0 1 0 0 0 2 0 1 0 2 0 3 0 0 0 0 0 2 0 3 0 1 1 0 0 3 0 3 0 0 0 3 0 3 0 0 0 1 1 0 0 3 0 1 1 0 1 0 1 0 0 2 1 0 0 1 1 0 0 3 0 1 0 3 0 1 0 2 0 0 0 1 0 1 1 0 0 2 0 1 0 3 0 3 0 3 0 1 0 2 0 3 0 0 0 3 0 3 0 2 0 2 0 0 0 2 1 0 0 1 0 2 1 0 0 3 0 3 0 1 0 2 0 2 0 3 0 2 0 1 0 1 0 2 1 0 0 2 1 0 0 2 0 0 0 3 0 1 0 1 0 3 0 3 0 0 1 0 0 2 1 0 0 1 0 1 0 3 0 1 0 0 0 3 0 1 0 3 0 2 0 2 1 0 0 2 0 2 0 0 0 0 0 0 0 2 0 0 0 1
1 645 1 0 1 0 2 1 0 1 0 0 1 1 0 0 1 0 2 0 0 0 1 0 2 0 1 0 3 0 0 0 2 0 3 0 1 0 0 0 3 0 2 1 0 1 0 0 2 1 0 0 1 0 0 0 3 0 2 0 0 0 2 0 3 0 1 0 3 0 1 0 3 0 3 0 1 0 1 0 2 1 0 0 0 1 0 0 2 1 0 0 1 1 0 0 0 0 0 0 2 0 0 0 3 0 2 0 3 0 0 0 0 0 0 0 1 1 0 0 1 1 0 0 0 0 2 0 2 0 1 0 2 0 2 1 0 1 0 0 1 1 0 0 2 0 0 0 3 0 1 1 0 1 0 0 3 0 1 0 1 0 1 0 1 0 2 0 2 0 0 1 0 0 3 0 0 1 0 0 2 0 2 1 0 0 2 0 2 0 0 0 2 0 0 0 2 0 1 1 0 1 0 1 0 0 1 0 3 0 2 0 2 0 2 0 3 0 3 0 1 0 0 0 3 0 3 0 1 0 0 1 0 0 1 0 0 0 0 0 3 0 0 0 2 0 3 0 3 0 1 0 2 0 0 0 2 0 2 0 0 1 0 0 1 0 0 0 2 1 0 0 0 1 0 0 1 0 1 0 1 0 2 0 3 0 1 0 2 1 0 0 2 0 3 0 0 0 2 0 0 0 2 0 2 0 0 1 0 0 1 0 1 0 3 0 0 0 0 0 0 0 2 1 0 1 0 0 1 0 3 0 2 1 0 0 3 0 0 1 0 1 0 0 2 0 2 0 0 1 0 0 1 0 1 0 1 0 1 1 0 0 2 0 1 0 3 0 2 0 3 0 0 1 0 1 0 1 0 0 0 0 2 0 1 0 2 1 0 1 0 0 3 0 2 0 2 0 0 0 0 0 1 0 3 0 3 0 2 1 0 0 3 0 2 0 2 1 0 0 1 0 0 0 0 0 0 1 0 0 0 0 0 0 1 1 0 0 2 1 0 0 3 0 0 0 2 0 3 0 0 1 0 1 0 0 1 0 2 0 1 0 1 0 0 0 3 0 0 0 0 0 2 0 2 0 2 0 2 0 2 0 1 1 0 0 0 0 2 0 0 0 0 1 0 1 0 0 0 1 0 1 0 0 0 0 1 1 0 0 2 1 0 0 0 0 1 0 2 0 3 0 3 0 3 0 3 0 2 0 3 0 2 1 0 0 1 0 2 0 2 0 2 0 3 0 1 0 0 0 2 0 0 1 0 0 3 0 1 0 0 0 2 0 2 1 0 0 1 0 1 0 3 0 0 0 3 0 3 0 1 0 0 0 0 1 0 1 0 0 2 0 1 0 3 0 3 0 2 0 2 0 2 1 0 0 0 1 0 0 2 0 3 0 1 0 3 0 1 0 1 1 0 0 3 0 1 0 2 0 0 0 0 0 0 0 1 0 0 0 0 1 0 0 1 0 2
0 645 2 0 3 0 1 0 0 0 3 0 2 0 3 0 1 1 0 0 1 0 2 1 0 1 0 0 2 0 2 0 0 0 2 0 3 0 1 0 2 0 2 0 0 1 0 0 0 1 0 0 2 0 1 0 2 0 0 0 2 0 0 0 2 1 0 0 2 1 0 0 3 0 2 0 3 0 3 0 0 1 0 0 1 1 0 0 0 1 0 0 3 0 2 1 0 0 0 1 0 0 2 0 2 0 1 0 2 0 1 0 0 0 0 0 3 0 3 0 2 0 3 0 0 0 0 0 0 1 0 0 1 0 2 0 0 0 3 0 2 0 3 0 3 0 1 0 2 0 0 0 0 1 0 0 1 0 3 0 2 0 2 0 3 0 0 0 0 0 2 1 0 0 1 0 2 1 0 0 0 0 2 0 0 0 0 0 0 0 1 1 0 0 2 0 0 0 0 0 0 1 0 0 3 0 2 0 2 0 1 0 1 0 1 0 3 0 2 0 3 0 1 0 2 0 2 0 3 0 1 0 3 0 1 0 0 0 1 0 1 0 2 0 0 0 3 0 2 1 0 0 0 0 2 0 0 0 0 0 2 0 3 0 1 0 1 0 0 1 0 0 1 0 3 0 1 0 2 0 3 0 0 0 2 1 0 0 2 0 0 0 0 0 2 0 1 1 0 0 2 0 0 0 0 0 2 0 3 0 1 0 3 0 1 0 1 0 0 0 1 0 1 0 0 0 3 0 2 0 2 0 2 0 0 0 1 0 2 1 0 1 0 0 0 0 0 0 2 0 3 0 1 0 2 0 2 0 3 0 3 0 3 0 3 0 2 0 1 0 2 0 2 1 0 1 0 0 2 1 0 1 0 1 0 0 2 0 0 1 0 0 2 0 1 0 0 0 1 0 0 0 3 0 2 0 3 0 2 0 0 0 2 0 1 0 1 1 0 0 2 0 0 0 0 0 1 0 2 1 0 0 0 1 0 0 0 0 1 0 0 0 1 0 2 0 0 0 2 0 2 1 0 0 3 0 1 1 0 0 3 0 2 0 1 0 1 0 1 0 1 0 0 0 1 0 1 0 1 0 0 1 0 1 0 0 0 1 0 0 1 0 1 1 0 0 3 0 0 1 0 0 2 1 0 1 0 0 0 0 0 1 0 0 0 0 3 0 0 0 3 0 3 0 3 0 3 0 1 0 3 0 1 1 0 0 3 0 0 0 1 0 1 0 2 0 3 0 0 1 0 0 2 1 0 0 1 0 3 0 1 0 0 0 1 1 0 0 2 0 3 0 1 0 2 0 2 0 2 0 3 0 0 0 1 1 0 0 3 0 3 0 3 0 2 0 3 0 1 0 1 0 1 1 0 0 1 1 0 0 0 0 2 1 0 0 2 1 0 0 0 0 0 0 1 1 0 0 0 0 1 0 0 0 0 0 2 0 0 0 1 0 3 0 2 0 0
0 647 1 0 0 0 2 0 3 0 1 0 2 0 1 0 2 1 0 1 0 0 3 0 1 0 0 1 0 0 0 0 0 0 2 0 0 0 2 1 0 0 1 0 0 0 2 0 3 0 0 0 3 0 3 0 2 1 0 0 1 1 0 0 2 0 1 0 0 0 1 0 0 0 2 0 1 0 3 0 2 0 2 0 3 0 2 0 3 0 0 1 0 0 2 0 1 1 0 0 1 1 0 0 0 0 0 1 0 0 0 0 3 0 0 0 1 0 2 0 3 0 1 0 2 0 1 0 0 0 1 0 3 0 1 1 0 0 2 0 2 0 1 0 3 0 2 1 0 0 0 0 1 0 1 0 3 0 2 0 2 0 1 0 1 0 2 0 1 0 1 0 0 1 0 0 3 0 0 1 0 0 0 1 0 0 1 0 0 0 0 0 3 0 3 0 3 0 0 0 0 0 1 1 0 0 2 0 1 0 0 0 3 0 2 0 3 0 2 0 1 0 2 1 0 0 1 0 1 0 2 1 0 0 2 0 3 0 0 0 2 0 2 1 0 0 2 0 2 0 1 1 0 0 0 1 0 0 1 0 1 0 0 0 2 0 3 0 2 0 1 0 3 0 2 0 1 1 0 0 1 0 2 0 2 0 0 1 0 1 0 0 1 0 0 1 0 1 0 1 0 1 0 0 1 0 1 0 0 0 2 1 0 0 2 0 3 0 2 0 0 0 2 0 2 0 1 0 2 0 1 0 1 0 0 0 1 0 3 0 1 0 0 0 2 1 0 0 1 0 0 0 2 1 0 0 1 0 1 0 3 0 3 0 3 0 3 0 0 1 0 0 1 0 2 0 0 1 0 0 1 0 0 1 0 0 3 0 3 0 1 0 3 0 3 0 2 0 0 0 2 0 1 0 2 0 1 0 3 0 0 0 1 1 0 0 3 0 3 0 3 0 3 0 0 0 0 0 3 0 0 1 0 0 1 0 2 1 0 0 2 0 0 0 2 1 0 0 2 0 0 0 2 0 0 0 2 0 0 0 0 0 2 0 0 0 3 0 2 0 2 0 2 0 0 0 2 0 2 0 2 0 1 1 0 0 3 0 0 0 3 0 1 1 0 0 0 0 1 0 2 1 0 0 1 0 0 0 2 1 0 0 1 0 3 0 0 0 1 0 2 0 2 0 3 0 3 0 2 1 0 0 3 0 0 0 0 0 1 0 1 0 2 0 3 0 0 0 2 0 2 1 0 0 0 1 0 0 3 0 1 0 3 0 0 1 0 0 0 0 0 0 2 1 0 0 1 0 1 0 1 0 2 0 1 1 0 0 0 0 2 0 3 0 3 0 1 0 2 0 3 0 2 0 3 0 3 0 2 0 3 0 0 0 1 0 0 0 0 1 0 0 0 0 0 0 3 0 2 1 0 0 2 0 0 0 0 1 0 0 1 0 3 0 2 0 0 0 1
1 647 2 0 1 0 0 0 2 1 0 0 0 1 0 0 2 0 0 1 0 0 1 0 3 0 1 0 2 1 0 0 0 1 0 0 2 0 0 1 0 0 2 0 1 0 0 0 2 0 2 0 2 0 3 0 1 1 0 0 3 0 3 0 3 0 2 0 0 0 2 0 0 1 0 1 0 0 3 0 1 0 1 0 3 0 1 0 2 0 2 0 3 0 3 0 3 0 3 0 2 0 2 1 0 0 1 0 3 0 0 0 1 0 1 0 3 0 0 0 2 1 0 0 0 0 3 0 0 0 3 0 2 0 0 0 0 0 0 0 0 1 0 0 3 0 1 1 0 0 0 0 2 0 3 0 2 0 1 0 0 0 3 0 2 1 0 0 3 0 2 0 1 1 0 0 1 0 2 0 3 0 0 0 3 0 1 0 0 0 1 0 2 0 3 0 2 0 1 0 0 0 3 0 3 0 3 0 2 0 1 0 2 0 1 0 3 0 0 1 0 0 1 1 0 0 2 0 3 0 1 0 0 0 0 0 2 0 2 0 0 0 2 0 0 0 0 0 0 1 0 1 0 0 1 0 3 0 1 0 2 0 1 0 0 0 3 0 0 1 0 0 3 0 0 1 0 1 0 0 3 0 0 0 0 0 2 1 0 0 3 0 1 0 1 1 0 1 0 1 0 0 3 0 1 0 2 0 1 0 1 0 0 0 0 0 3 0 0 0 2 0 0 0 0 1 0 0 0 0 3 0 2 0 0 0 3 0 1 0 3 0 1 0 0 1 0 0 2 0 1 0 0 1 0 0 2 0 3 0 2 0 3 0 3 0 2 0 2 0 3 0 1 1 0 0 2 0 3 0 1 0 1 1 0 0 2 0 2 1 0 0 3 0 3 0 0 0 1 1 0 1 0 0 0 1 0 0 2 0 1 1 0 0 0 0 2 0 3 0 3 0 2 0 1 0 1 0 1 0 2 0 3 0 2 0 0 1 0 1 0 0 2 0 0 1 0 1 0 0 1 1 0 0 1 1 0 0 1 0 0 1 0 0 2 0 2 0 1 0 1 0 0 0 2 0 0 0 1 0 1 0 0 0 0 0 1 0 2 0 1 1 0 1 0 0 0 0 3 0 0 1 0 0 2 0 1 0 0 1 0 0 3 0 1 0 1 0 3 0 0 0 1 0 3 0 3 0 2 0 0 0 1 0 1 0 0 0 2 0 3 0 0 0 2 0 2 0 0 0 1 1 0 0 1 1 0 0 1 1 0 0 2 0 2 0 2 1 0 0 1 0 0 1 0 0 2 0 2 0 2 1 0 1 0 1 0 0 1 0 0 0 3 0 2 1 0 0 1 0 3 0 1 0 3 0 3 0 1 0 2 0 1 0 2 0 0 0 1 0 2 1 0 0 1 0 2 0 1 1 0 1 0 0 1 0 1 0 3 0 2 0 2 0 0 0 1 0 2
0 648 1 0 0 3 0 1 0 0 1 0 0 1 0 3 0 3 0 1 0 3 0 2 0 1 1 0 0 1 1 0 0 1 0 3 0 3 0 1 0 3 0 3 0 2 0 1 0 0 0 1 0 1 0 3 0 0 0 0 0 2 0 3 0 3 0 0 0 1 1 0 0 2 1 0 1 0 0 1 0 3 0 3 0 1 1 0 0 1 0 1 0 3 0 3 0 3 0 3 0 1 0 1 1 0 0 3 0 1 0 1 0 2 0 3 0 1 0 2 0 0 1 0 0 1 0 1 0 2 0 2 0 0 0 1 0 0 0 0 0 1 1 0 0 1 1 0 1 0 0 1 0 0 0 3 0 0 0 3 0 1 0 2 0 2 0 0 0 2 0 0 1 0 1 0 0 3 0 0 0 2 0 2 0 1 0 3 0 0 0 3 0 0 0 3 0 0 0 3 0 1 0 2 0 3 0 3 0 0 1 0 0 0 1 0 0 2 0 2 0 3 0 2 1 0 0 0 0 2 0 3 0 0 0 1 0 0 0 0 0 1 1 0 0 1 0 0 0 1 1 0 0 3 0 2 0 1 1 0 0 0 0 3 0 1 0 1 0 2 1 0 0 1 0 2 1 0 1 0 0 1 0 1 0 1 0 1 0 0 0 1 1 0 0 0 0 0 1 0 1 0 0 1 1 0 0 0 0 3 0 2 0 0 0 1 0 1 0 1 1 0 0 1 0 1 0 3 0 0 0 2 0 0 0 2 0 1 1 0 0 2 0 3 0 1 0 3 0 3 0 2 0 1 1 0 0 0 0 3 0 1 0 3 0 3 0 1 0 1 0 3 0 0 0 0 0 0 0 2 1 0 0 0 0 0 0 0 0 2 0 0 0 2 0 2 0 1 1 0 0 0 0 3 0 0 0 3 0 3 0 3 0 3 0 0 0 0 0 3 0 3 0 0 0 3 0 2 0 3 0 0 0 3 0 0 0 2 1 0 0 3 0 3 0 1 1 0 0 3 0 2 0 3 0 2 0 3 0 1 0 1 1 0 0 0 0 0 0 3 0 2 0 0 1 0 0 1 0 2 0 2 0 0 0 0 0 3 0 0 0 0 0 0 0 3 0 0 0 1 0 2 0 3 0 3 0 2 0 1 1 0 0 1 0 3 0 3 0 1 0 1 0 3 0 2 0 3 0 0 0 1 0 2 0 2 0 1 0 0 0 2 0 2 0 0 0 0 0 1 0 3 0 3 0 2 0 3 0 2 1 0 0 0 0 1 0 1 1 0 0 2 0 1 1 0 0 0 0 1 0 2 0 0 1 0 0 3 0 1 0 1 0 2 0 1 1 0 0 3 0 1 1 0 0 3 0 2 1 0 0 0 1 0 0 0 0 1 0 3 0 0 1 0 0 3 0 0 0 0 0 0 0 3 0 1 0 3 0 2 0 1 0 0 0 1 0 3 0 0
0 649 1 1 0 0 1 0 3 0 1 0 3 0 2 0 2 0 2 1 0 0 3 0 0 1 0 1 0 0 3 0 3 0 2 0 2 0 2 1 0 0 3 0 3 0 0 0 3 0 0 0 2 0 3 0 1 0 1 0 1 0 0 0 3 0 2 0 1 1 0 0 0 0 1 0 0 0 3 0 2 0 2 0 2 1 0 1 0 0 2 0 3 0 2 0 3 0 3 0 2 1 0 0 0 0 0 0 1 0 3 0 3 0 0 0 2 1 0 0 0 0 2 0 3 0 1 0 3 0 0 0 0 0 1 0 2 0 0 0 0 0 3 0 3 0 2 1 0 0 3 0 1 0 1 0 1 0 2 0 1 1 0 0 1 0 0 0 1 1 0 0 2 1 0 1 0 0 1 0 2 0 0 0 0 1 0 0 2 0 2 0 1 0 2 0 1 0 2 0 1 1 0 0 1 0 3 0 2 0 2 0 3 0 0 1 0 0 0 0 1 0 3 0 1 1 0 0 1 0 0 0 2 0 1 0 2 0 0 0 0 0 3 0 3 0 1 0 0 1 0 0 0 0 2 0 0 1 0 1 0 0 1 0 1 0 3 0 3 0 0 1 0 0 3 0 1 0 0 0 3 0 1 0 2 0 2 0 2 0 0 0 3 0 2 1 0 0 1 1 0 0 3 0 2 0 3 0 0 0 2 0 0 0 1 0 2 0 2 0 3 0 3 0 1 0 3 0 1 0 1 1 0 0 2 0 0 0 0 0 0 0 0 0 2 1 0 0 3 0 3 0 0 1 0 1 0 0 1 0 1 1 0 0 3 0 2 0 3 0 3 0 1 0 1 0 0 0 1 0 0 1 0 0 0 0 0 0 0 1 0 0 2 0 0 0 0 1 0 1 0 0 1 0 1 0 2 0 2 0 3 0 3 0 2 0 1 0 1 0 2 0 2 0 2 0 2 0 1 0 2 0 2 0 1 0 2 0 1 0 0 0 2 0 3 0 0 0 0 0 2 0 1 0 3 0 1 0 2 0 3 0 3 0 2 1 0 0 1 0 2 0 0 0 2 0 3 0 2 0 0 0 0 0 1 0 1 0 1 0 1 0 0 0 1 0 1 0 1 0 3 0 0 0 3 0 3 0 0 1 0 1 0 0 3 0 2 0 2 0 3 0 3 0 2 0 1 0 2 0 1 0 3 0 0 0 0 0 3 0 1 0 0 0 0 0 1 0 0 0 3 0 2 0 3 0 1 0 3 0 1 1 0 0 0 0 2 0 3 0 3 0 3 0 3 0 2 1 0 0 2 1 0 0 2 1 0 0 1 0 3 0 3 0 0 0 0 0 0 0 2 0 0 0 0 0 2 0 1 1 0 0 1 0 2 1 0 0 3 0 1 0 2 1 0 0 1 0 1 0 0 0 1 0 1 1 0 0 3 0 0 0 3 0 0 0 3 0 1 0 1
1 649 3 0 3 0 2 0 1 1 0 0 3 0 1 0 1 0 2 0 0 0 1 0 2 1 0 1 0 0 2 0 3 0 1 0 1 0 2 0 0 0 2 0 2 0 2 0 1 0 2 0 0 0 2 0 3 0 2 0 2 0 1 0 2 0 0 1 0 1 0 0 0 0 2 0 1 0 2 0 1 0 1 0 2 0 0 1 0 0 0 0 3 0 1 0 3 0 3 0 1 1 0 0 0 0 0 0 3 0 2 0 2 0 2 0 0 1 0 0 1 0 0 0 2 1 0 0 2 0 1 0 0 0 2 1 0 0 1 0 1 0 2 0 3 0 2 0 0 0 1 0 3 0 2 0 2 1 0 1 0 1 0 0 2 0 0 1 0 0 0 0 1 0 0 0 3 0 1 1 0 0 1 0 1 1 0 0 0 0 0 1 0 0 0 1 0 0 0 1 0 1 0 0 3 0 2 0 1 0 1 0 2 0 2 0 2 1 0 0 3 0 1 1 0 1 0 0 2 0 0 1 0 1 0 0 0 0 1 0 1 0 2 0 2 0 3 0 1 0 2 1 0 1 0 0 2 1 0 0 3 0 1 0 3 0 2 0 2 0 2 1 0 0 1 0 3 0 1 0 1 1 0 0 1 0 1 0 0 0 2 0 2 0 1 1 0 1 0 0 0 0 2 0 1 0 2 0 1 1 0 0 1 0 3 0 0 0 1 0 3 0 2 1 0 0 2 0 3 0 3 0 3 0 3 0 0 0 0 0 0 0 1 0 1 0 0 0 2 0 2 0 2 1 0 0 3 0 1 1 0 0 0 0 2 0 1 0 3 0 2 0 3 0 2 0 0 0 2 0 1 0 2 1 0 0 0 0 1 0 3 0 3 0 0 0 1 1 0 0 3 0 1 0 3 0 0 0 1 0 3 0 3 0 0 0 3 0 3 0 0 0 1 0 1 0 0 1 0 0 1 0 0 1 0 0 0 0 3 0 1 0 0 0 2 0 1 0 0 1 0 1 0 0 2 1 0 0 1 0 3 0 3 0 1 1 0 0 2 1 0 0 2 0 0 0 3 0 0 0 1 0 0 0 2 0 2 0 2 0 2 0 0 0 2 0 2 0 3 0 1 0 2 0 2 0 2 0 2 1 0 1 0 0 2 0 1 0 1 0 3 0 3 0 0 1 0 0 0 1 0 0 2 0 1 0 1 0 1 0 3 0 0 0 0 0 2 0 1 0 2 0 1 0 2 1 0 0 2 1 0 1 0 0 1 0 0 0 3 0 3 0 3 0 3 0 2 0 0 0 1 0 0 0 0 1 0 0 3 0 2 0 2 0 1 0 0 0 0 1 0 0 1 0 0 1 0 1 0 1 0 0 3 0 1 0 0 0 1 1 0 0 1 1 0 0 2 0 2 0 0 0 2 1 0 0 0 0 1 0 2 0 1 0 2 0 1 0 3 0 2
0 651 1 0 2 0 3 0 1 0 0 0 0 0 1 0 3 0 2 1 0 0 1 0 3 0 1 0 0 1 0 0 0 0 2 0 3 0 2 1 0 0 2 0 0 0 1 0 0 1 0 0 0 0 2 0 0 0 3 0 1 0 0 1 0 0 0 0 2 1 0 0 2 1 0 1 0 1 0 0 0 0 3 0 2 1 0 0 2 0 3 0 0 0 1 1 0 0 3 0 2 1 0 1 0 0 0 0 1 0 2 0 1 0 1 0 0 0 2 0 3 0 1 0 1 0 0 1 0 1 0 0 3 0 1 0 0 1 0 0 2 0 3 0 0 0 3 0 0 0 1 0 3 0 2 0 1 0 2 0 0 1 0 0 3 0 3 0 1 0 2 1 0 0 2 0 1 0 1 1 0 1 0 0 2 0 3 0 2 1 0 0 1 0 3 0 0 0 3 0 0 1 0 1 0 0 2 0 0 0 3 0 3 0 0 0 1 0 2 0 0 0 2 0 0 0 0 0 3 0 3 0 1 1 0 0 2 1 0 0 2 0 3 0 0 0 1 0 2 1 0 0 2 0 0 1 0 0 1 0 0 0 1 1 0 0 3 0 1 0 1 0 1 1 0 0 3 0 1 0 3 0 3 0 3 0 1 0 2 0 1 0 0 0 1 0 0 0 0 0 2 1 0 1 0 1 0 0 0 1 0 1 0 0 3 0 1 0 1 0 3 0 2 0 2 0 0 0 0 0 3 0 3 0 3 0 2 0 1 0 0 0 0 0 2 0 2 0 1 0 0 0 1 0 2 0 0 0 1 1 0 1 0 0 0 1 0 1 0 0 3 0 1 0 3 0 0 0 1 1 0 1 0 0 1 1 0 0 0 0 3 0 2 0 2 0 1 1 0 0 0 0 1 1 0 0 2 0 1 0 3 0 2 0 2 0 2 0 2 0 2 0 1 0 2 0 2 0 1 0 3 0 1 0 1 0 3 0 0 0 1 0 3 0 0 1 0 0 3 0 1 1 0 1 0 0 0 1 0 0 3 0 2 0 3 0 0 0 0 0 0 1 0 1 0 0 2 0 1 0 1 0 2 0 1 0 0 0 1 0 1 0 0 0 2 0 0 0 1 0 2 1 0 0 1 0 1 0 1 0 2 0 0 0 3 0 3 0 2 0 3 0 2 0 2 0 2 0 3 0 0 0 3 0 3 0 2 0 2 0 3 0 1 0 1 0 0 1 0 1 0 0 0 1 0 0 2 0 0 0 1 0 0 0 3 0 1 0 1 0 2 0 3 0 3 0 3 0 0 0 1 0 2 0 0 0 1 1 0 0 2 0 1 0 0 0 3 0 0 0 1 0 3 0 1 0 1 1 0 1 0 1 0 0 1 0 3 0 0 0 3 0 3 0 2 1 0 0 0 0 0 0 2 0 0 1 0 0 0 0 2 1 0 1 0 0 0 1 0 0 3 0 1
1 651 3 0 0 0 2 0 3 0 0 0 0 0 3 0 2 0 1 1 0 0 3 0 1 0 3 0 1 0 3 0 0 0 0 0 3 0 1 1 0 1 0 0 1 0 2 0 1 0 2 1 0 1 0 0 2 0 1 0 3 0 1 0 3 0 0 0 1 0 0 0 1 0 0 1 0 0 3 0 0 0 2 0 2 0 0 0 0 0 2 0 1 1 0 0 0 0 2 0 2 0 0 0 2 1 0 0 2 1 0 0 3 0 2 0 1 0 0 0 2 0 3 0 2 0 1 1 0 1 0 0 1 0 3 0 1 1 0 0 0 0 2 0 2 0 1 0 1 0 3 0 2 0 0 1 0 0 0 0 2 1 0 0 2 0 2 1 0 0 1 1 0 1 0 1 0 0 0 0 0 1 0 0 0 0 3 0 1 1 0 0 3 0 1 0 2 0 1 0 2 1 0 0 3 0 3 0 1 0 2 0 2 0 1 0 2 1 0 0 1 1 0 0 1 0 1 0 2 0 3 0 0 0 0 0 1 0 0 0 0 0 2 0 1 0 3 0 0 1 0 1 0 0 2 0 3 0 1 0 0 1 0 0 0 0 1 0 3 0 2 1 0 0 0 0 1 1 0 0 3 0 3 0 2 1 0 0 0 0 3 0 0 0 2 0 0 0 1 0 1 0 0 1 0 0 3 0 0 1 0 1 0 0 1 0 3 0 3 0 2 0 1 0 0 0 1 0 1 0 2 0 3 0 3 0 0 0 3 0 0 0 1 0 0 0 0 0 3 0 0 0 2 1 0 0 1 1 0 0 0 0 3 0 0 1 0 1 0 0 1 1 0 0 2 0 1 1 0 0 0 0 3 0 2 0 3 0 0 0 2 0 1 0 0 1 0 1 0 0 0 0 3 0 3 0 3 0 3 0 2 0 1 0 1 0 1 0 1 0 0 1 0 0 1 0 0 1 0 0 2 0 3 0 3 0 1 0 1 0 3 0 1 0 2 1 0 0 2 0 0 0 0 0 3 0 0 1 0 0 2 0 1 0 2 0 1 0 0 0 1 1 0 0 3 0 3 0 2 0 2 1 0 0 3 0 0 0 2 0 2 0 0 1 0 0 1 0 3 0 0 1 0 0 2 0 2 0 2 1 0 0 2 0 2 0 3 0 1 0 3 0 1 0 1 0 1 0 2 0 2 0 2 0 3 0 1 0 1 0 2 0 3 0 2 0 1 1 0 0 3 0 0 0 3 0 3 0 0 0 2 0 1 0 1 0 3 0 3 0 0 0 3 0 3 0 2 0 1 0 2 1 0 0 1 0 3 0 3 0 3 0 2 0 1 0 1 0 1 0 3 0 1 1 0 0 0 0 0 1 0 0 3 0 2 0 1 0 2 0 2 0 3 0 1 1 0 0 0 0 0 1 0 0 2 0 3 0 0 0 1 0 0 0 3 0 0 1 0 0 1 1 0
1 653 1 0 1 0 2 0 0 0 2 0 1 0 1 0 2 0 1 0 0 0 0 0 1 1 0 0 2 1 0 0 2 0 1 0 1 0 2 0 0 0 0 0 3 0 1 1 0 1 0 0 2 0 0 0 3 0 3 0 3 0 1 1 0 0 2 0 1 0 2 0 0 0 2 0 1 1 0 0 1 0 2 0 0 0 0 0 1 0 0 1 0 1 0 1 0 0 1 0 0 0 0 0 2 0 1 0 0 0 1 0 0 0 2 0 0 0 3 0 1 0 0 0 3 0 1 0 0 0 0 0 3 0 2 0 1 1 0 1 0 0 1 0 0 0 0 0 3 0 3 0 2 0 0 0 2 0 3 0 0 0 1 0 0 0 0 0 1 1 0 1 0 0 0 1 0 0 2 1 0 0 1 0 3 0 0 0 2 0 0 0 0 0 1 1 0 0 0 1 0 0 2 0 0 0 2 0 2 1 0 0 1 0 0 1 0 0 1 1 0 0 3 0 3 0 1 0 3 0 0 0 2 0 1 0 0 0 2 0 0 0 0 1 0 1 0 0 2 0 2 1 0 1 0 0 0 0 2 0 3 0 1 0 2 1 0 0 3 0 2 0 1 1 0 0 0 1 0 0 0 0 2 0 3 0 1 1 0 0 1 0 1 0 1 1 0 0 1 0 2 0 2 0 1 1 0 0 1 0 2 1 0 0 3 0 2 0 2 0 3 0 0 0 3 0 0 0 2 0 3 0 0 0 3 0 2 0 2 0 1 0 1 0 2 0 0 0 1 0 1 0 2 0 0 1 0 0 3 0 3 0 0 0 1 0 2 1 0 0 3 0 2 0 3 0 3 0 3 0 3 0 0 0 2 0 1 0 2 0 1 1 0 0 3 0 1 1 0 0 3 0 0 0 2 0 3 0 3 0 3 0 0 0 3 0 2 0 2 0 2 0 1 0 3 0 1 0 1 1 0 0 0 0 3 0 2 0 3 0 3 0 1 1 0 0 1 1 0 1 0 0 1 0 1 0 1 0 2 0 3 0 3 0 2 1 0 0 3 0 0 1 0 0 0 0 2 0 3 0 1 0 2 0 0 0 1 0 2 0 0 0 0 0 2 0 3 0 2 0 1 0 2 1 0 0 0 0 1 0 2 0 0 0 0 0 1 0 2 1 0 0 2 0 3 0 2 0 3 0 0 0 1 0 1 0 2 0 3 0 3 0 0 0 3 0 1 0 0 0 0 0 1 0 2 0 2 0 2 0 1 1 0 0 3 0 3 0 2 0 2 0 2 0 2 0 3 0 0 1 0 0 1 1 0 0 3 0 2 0 3 0 3 0 0 0 3 0 2 0 3 0 1 1 0 1 0 0 0 0 1 1 0 0 2 0 0 1 0 0 1 0 1 0 2 1 0 1 0 0 0 0 1 1 0 0 0 0 2 0 1 0 2 0 1 0 1 0 2 0 3 0 2 0 2
0 653 2 0 2 1 0 0 1 1 0 0 3 0 2 1 0 0 3 0 0 0 0 1 0 0 0 0 0 1 0 1 0 0 3 0 2 1 0 0 1 0 1 0 2 0 0 0 0 0 3 0 3 0 1 0 2 0 3 0 2 1 0 1 0 1 0 1 0 0 0 0 1 1 0 1 0 1 0 0 2 1 0 0 1 0 0 0 2 0 1 1 0 1 0 0 3 0 1 0 0 0 0 1 0 0 3 0 0 0 2 0 0 1 0 0 2 0 1 0 3 0 1 0 1 0 3 0 0 0 1 0 2 0 1 0 0 0 0 0 3 0 1 0 0 0 1 0 2 0 3 0 0 0 2 0 0 0 2 0 1 0 2 0 0 0 0 1 0 0 0 0 3 0 0 1 0 0 0 1 0 0 3 0 1 0 1 1 0 0 1 0 0 0 3 0 3 0 0 0 3 0 3 0 1 0 0 0 1 1 0 0 2 0 1 0 3 0 2 1 0 0 2 0 2 1 0 0 2 0 1 1 0 0 3 0 0 1 0 0 1 0 1 1 0 1 0 0 0 0 2 0 0 0 3 0 0 0 0 0 2 1 0 0 2 0 0 0 2 0 0 1 0 1 0 0 1 0 3 0 0 0 0 0 2 1 0 1 0 0 2 0 2 0 3 0 3 0 2 0 0 0 0 1 0 1 0 0 3 0 1 0 0 0 2 0 1 0 1 0 2 0 2 0 1 0 2 0 0 0 2 0 2 0 2 0 1 0 0 0 3 0 2 1 0 0 1 0 2 0 2 1 0 0 2 1 0 0 2 0 2 0 1 0 3 0 1 0 0 0 2 0 1 0 3 0 3 0 3 0 2 0 1 1 0 1 0 0 1 0 0 0 0 0 2 0 0 0 0 0 1 0 2 0 0 0 3 0 3 0 2 0 2 0 2 0 1 0 1 0 0 1 0 0 2 0 3 0 3 0 3 0 0 0 2 0 1 0 3 0 2 1 0 1 0 1 0 0 0 0 3 0 1 0 2 0 3 0 0 0 3 0 3 0 2 0 0 0 1 0 2 0 3 0 0 0 0 0 2 1 0 0 0 0 1 0 2 1 0 0 1 0 1 0 0 0 3 0 0 1 0 0 1 1 0 0 0 0 2 1 0 0 1 0 0 0 3 0 1 0 0 0 0 0 3 0 1 0 2 0 1 0 2 0 3 0 0 0 3 0 2 0 2 0 1 0 3 0 0 0 0 0 3 0 0 0 1 0 1 0 0 0 0 0 2 0 3 0 1 0 1 0 1 0 1 0 2 0 2 0 3 0 2 1 0 0 2 0 1 0 3 0 2 0 2 0 2 0 1 0 3 0 0 0 0 0 2 1 0 0 3 0 3 0 3 0 1 0 3 0 1 0 3 0 1 0 0 0 2 1 0 0 3 0 2 1 0 1 0 1 0 0 0 0 3 0 3 0 0 0 3 0 1 0 1
1 655 1 0 0 0 1 1 0 1 0 0 0 0 2 0 2 0 0 0 1 0 1 0 1 0 2 1 0 0 1 1 0 1 0 0 2 0 1 1 0 0 2 0 2 1 0 0 1 0 1 0 2 0 2 1 0 0 1 0 3 0 2 0 0 1 0 1 0 0 2 1 0 1 0 0 0 1 0 1 0 0 0 1 0 0 2 0 1 0 0 0 0 0 0 1 0 0 1 0 3 0 0 0 1 1 0 0 1 0 1 1 0 0 2 0 3 0 3 0 3 0 1 0 3 0 3 0 1 0 1 0 2 1 0 0 3 0 0 0 1 0 1 0 3 0 0 0 3 0 0 0 2 0 1 1 0 0 1 1 0 1 0 0 0 0 1 0 1 0 3 0 0 0 1 0 2 0 3 0 0 1 0 0 1 0 3 0 3 0 3 0 1 0 1 0 2 0 2 0 2 0 2 0 2 0 3 0 0 0 3 0 3 0 3 0 3 0 2 0 2 0 0 0 0 0 2 0 0 0 0 0 0 0 0 0 1 0 2 0 3 0 1 1 0 0 0 0 2 1 0 1 0 0 2 0 1 0 1 0 1 0 0 1 0 1 0 0 1 1 0 0 2 1 0 0 3 0 2 0 1 0 1 0 1 0 1 0 0 1 0 0 0 0 1 0 3 0 3 0 0 0 1 0 1 1 0 1 0 0 1 0 3 0 0 1 0 0 3 0 3 0 0 0 0 1 0 0 0 0 2 0 0 0 1 0 0 0 3 0 1 0 2 0 1 1 0 0 3 0 0 0 2 0 0 0 1 0 0 0 0 0 0 1 0 0 2 0 3 0 0 1 0 1 0 0 3 0 3 0 3 0 1 0 0 0 0 0 3 0 1 0 0 0 0 1 0 0 1 0 0 0 2 1 0 0 2 0 2 0 3 0 1 0 1 0 0 0 3 0 2 0 1 1 0 0 0 0 3 0 3 0 2 0 1 1 0 1 0 0 3 0 2 0 0 1 0 0 3 0 0 0 1 1 0 0 1 0 2 0 2 0 2 0 3 0 0 0 1 0 3 0 0 0 2 0 1 0 1 0 0 1 0 0 0 0 3 0 0 1 0 0 2 0 2 0 1 0 1 0 2 0 3 0 2 0 3 0 0 0 0 1 0 0 2 0 1 0 1 0 3 0 0 0 1 0 1 1 0 0 0 1 0 0 1 0 2 0 2 0 2 0 1 0 0 1 0 0 2 0 1 0 1 0 1 0 1 0 2 0 2 0 0 0 1 0 0 0 2 0 3 0 2 0 2 0 3 0 0 0 1 0 3 0 1 1 0 1 0 1 0 0 3 0 1 0 1 0 0 1 0 0 2 0 1 0 1 0 1 0 0 0 2 0 3 0 2 1 0 0 2 1 0 0 2 0 3 0 1 0 1 0 0 0 2 0 2 0 0 1 0 0 3 0 0 0 2 0 2 0 2 0 1 0 3 0 2
0 655 2 0 0 1 0 0 0 0 3 0 0 0 0 0 0 0 1 0 2 0 2 0 3 0 0 1 0 1 0 0 0 1 0 0 0 0 0 0 0 0 0 0 1 1 0 0 2 0 3 0 0 0 1 1 0 0 3 0 2 0 0 0 2 1 0 1 0 0 1 0 0 0 3 0 0 1 0 0 3 0 0 0 3 0 3 0 2 0 0 0 0 0 1 0 3 0 2 0 1 0 1 0 3 0 3 0 1 1 0 0 0 0 0 0 3 0 3 0 2 1 0 0 3 0 2 0 3 0 3 0 1 0 0 0 1 0 1 0 2 0 3 0 1 0 2 0 1 0 1 1 0 1 0 1 0 1 0 0 0 0 2 1 0 0 2 0 3 0 1 0 1 0 3 0 0 0 2 0 2 0 3 0 2 0 2 0 3 0 2 0 3 0 3 0 0 0 1 0 1 0 1 0 1 0 2 0 2 0 2 0 3 0 3 0 3 0 1 0 0 0 1 0 0 1 0 0 1 0 0 0 0 0 0 0 3 0 0 0 2 1 0 1 0 0 1 0 1 0 0 0 3 0 3 0 2 0 2 0 2 0 1 1 0 0 3 0 2 1 0 0 1 0 0 0 2 0 0 0 3 0 2 0 2 0 2 0 1 0 2 1 0 0 3 0 2 0 2 0 1 0 2 1 0 0 0 0 3 0 2 0 1 0 2 1 0 0 2 0 2 0 1 0 1 0 2 1 0 1 0 0 1 0 2 0 1 0 1 1 0 0 1 0 0 0 0 0 1 0 1 1 0 0 1 0 2 0 0 0 0 0 1 1 0 0 0 0 2 0 2 1 0 1 0 0 2 0 3 0 2 0 3 0 0 0 1 0 1 0 3 0 0 0 1 0 3 0 1 0 1 0 1 0 0 0 0 0 1 0 2 0 3 0 2 0 1 0 2 0 0 1 0 1 0 0 1 0 2 0 3 0 1 0 0 0 0 1 0 0 2 0 0 0 2 1 0 0 1 0 1 0 3 0 3 0 2 0 0 0 1 0 1 0 2 0 1 0 3 0 1 0 1 1 0 0 3 0 2 0 1 0 3 0 0 0 1 0 2 1 0 0 0 0 0 0 3 0 3 0 0 0 3 0 1 0 2 0 1 0 1 0 3 0 3 0 2 0 3 0 1 0 1 0 2 0 3 0 3 0 0 0 3 0 2 0 0 0 1 0 0 0 3 0 1 0 3 0 3 0 2 0 2 0 2 0 3 0 0 0 0 0 1 0 2 0 1 0 0 0 3 0 1 0 1 0 2 0 1 0 3 0 2 0 0 0 0 1 0 1 0 0 1 0 3 0 2 0 1 0 3 0 3 0 2 0 2 0 2 0 1 0 0 0 3 0 2 0 0 0 1 0 0 0 0 0 2 0 3 0 2 0 1 0 0 0 0 0 2 1 0 0 1 0 2 0 0 0 1 0 0 1 0 0 3 0 1
1 656 1 0 0 2 0 3 0 0 0 1 0 1 0 0 0 0 0 3 0 0 0 1 0 2 0 2 1 0 0 3 0 0 0 2 1 0 0 0 0 0 0 0 1 0 0 0 0 0 0 2 0 1 1 0 0 0 0 2 0 0 0 2 0 1 0 0 0 3 0 1 0 1 0 1 0 2 1 0 0 1 0 2 0 2 0 3 0 0 0 1 0 0 0 3 0 2 0 0 0 3 0 3 0 2 0 2 1 0 1 0 0 0 0 1 0 2 0 3 0 2 0 0 0 2 0 1 0 3 0 2 0 3 0 0 0 2 0 3 0 0 0 2 1 0 0 0 1 0 0 0 0 0 1 0 1 0 0 3 0 0 0 1 0 0 0 0 0 2 0 3 0 3 0 1 0 2 0 0 0 1 0 3 0 1 0 1 0 3 0 1 0 3 0 2 0 1 0 2 0 2 0 2 0 3 0 0 0 1 0 1 0 3 0 3 0 2 0 3 0 0 0 2 0 1 0 3 0 1 0 0 0 0 0 1 0 1 0 2 0 1 0 0 0 3 0 1 0 2 0 1 0 2 0 3 0 1 0 1 0 1 0 0 0 0 0 2 0 1 1 0 0 2 0 0 1 0 0 2 0 2 0 1 0 1 0 0 1 0 0 2 0 0 0 2 0 1 0 0 1 0 0 1 1 0 0 1 0 2 0 0 1 0 0 2 0 0 0 0 0 0 0 3 0 3 0 1 0 0 0 3 0 1 1 0 0 3 0 3 0 3 0 1 0 0 0 0 0 2 0 3 0 3 0 1 1 0 0 1 0 0 0 3 0 3 0 0 0 0 0 2 0 0 1 0 0 0 0 3 0 1 0 2 0 1 0 2 0 3 0 1 0 1 0 3 0 1 0 3 0 2 0 2 0 0 0 0 0 3 0 0 0 3 0 0 1 0 0 0 0 2 1 0 0 3 0 2 0 0 0 2 0 3 0 0 0 1 0 3 0 3 0 1 0 0 1 0 0 2 0 3 0 2 0 3 0 0 0 1 0 2 0 2 1 0 1 0 0 2 1 0 0 0 0 0 0 2 0 0 1 0 0 2 0 1 0 3 0 0 1 0 0 0 0 1 0 2 0 2 0 2 0 1 1 0 0 0 0 3 0 3 0 2 0 3 0 1 0 2 0 3 0 3 0 0 0 3 0 2 0 2 0 2 0 0 0 1 0 2 0 1 0 1 1 0 0 3 0 3 0 1 0 1 0 1 0 2 0 1 0 0 0 2 1 0 0 3 0 1 0 1 0 3 0 2 1 0 1 0 0 3 0 0 0 1 0 1 1 0 0 3 0 2 0 2 0 0 1 0 0 3 0 3 0 1 0 1 0 0 0 3 0 1 0 2 0 0 0 1 0 2 0 0 0 1 0 0 0 3 0 0 0 3 0 0 0 1 0 0 1 0 0 2 1 0 0 1 0 2 0 1 1 0 0 1 1 0
1 657 1 1 0 0 0 0 2 0 1 0 2 0 2 0 0 0 1 0 1 0 1 0 3 0 0 0 2 0 0 0 1 0 2 0 0 1 0 0 0 0 0 0 1 0 2 1 0 0 0 1 0 1 0 1 0 0 0 1 0 0 1 1 0 0 3 0 1 0 1 0 3 0 2 0 3 0 0 1 0 0 3 0 0 0 1 0 2 0 1 0 2 0 1 0 2 0 0 0 2 0 2 0 3 0 1 0 2 0 0 0 2 1 0 0 3 0 0 0 3 0 0 0 1 1 0 1 0 0 3 0 1 0 2 0 2 0 0 0 2 0 2 0 0 1 0 0 1 0 2 1 0 0 1 1 0 1 0 0 1 0 1 0 2 0 0 0 1 0 0 0 3 0 2 1 0 0 0 0 1 0 3 0 1 0 3 0 3 0 1 1 0 0 3 0 0 1 0 0 1 0 1 0 1 0 2 0 1 0 2 0 3 0 2 0 3 0 1 0 2 0 1 1 0 1 0 0 2 0 3 0 0 0 0 0 2 0 2 1 0 0 3 0 1 0 1 1 0 0 0 1 0 0 1 0 2 0 3 0 2 0 2 0 0 0 0 1 0 1 0 1 0 1 0 0 2 1 0 0 0 0 0 0 3 0 2 0 1 0 3 0 3 0 0 1 0 0 3 0 1 0 3 0 2 0 3 0 1 1 0 0 2 0 3 0 3 0 0 0 0 0 1 0 2 0 2 0 3 0 1 0 2 0 0 0 0 0 2 0 3 0 2 0 3 0 0 0 1 0 0 0 3 0 2 1 0 1 0 0 2 0 1 0 2 0 2 0 1 0 0 1 0 0 2 0 3 0 0 0 1 1 0 0 0 1 0 0 1 0 2 0 3 0 3 0 1 1 0 0 3 0 1 0 0 0 1 0 1 0 1 0 2 0 1 0 2 0 3 0 0 0 1 0 0 0 2 0 0 0 2 0 0 0 2 0 1 0 3 0 2 0 2 0 3 0 1 1 0 0 0 0 3 0 1 0 2 0 1 0 3 0 0 0 2 0 0 1 0 0 0 1 0 0 0 0 0 1 0 0 2 0 3 0 3 0 3 0 1 0 2 0 2 1 0 0 3 0 0 0 1 0 0 1 0 1 0 0 1 0 2 0 3 0 1 0 2 1 0 0 1 0 3 0 2 0 2 0 2 0 1 0 1 0 0 0 1 0 2 1 0 1 0 0 0 0 0 0 2 0 2 0 3 0 2 0 2 1 0 0 3 0 1 0 1 0 0 0 1 0 3 0 3 0 2 0 2 0 0 1 0 0 1 0 1 0 2 1 0 0 0 0 2 0 1 0 0 0 2 1 0 0 2 0 2 0 3 0 2 0 1 0 1 1 0 0 0 0 1 0 2 1 0 0 1 0 2 0 1 0 1 0 2 0 1 0 1 0 2 0 1 1 0 0 0 1 0 0 2 1 0 1 0 1 0 0 3 0 2
0 657 3 0 2 1 0 1 0 1 0 0 1 0 0 0 1 0 2 0 2 0 3 0 1 0 1 1 0 0 1 0 2 1 0 0 2 0 2 1 0 0 0 0 3 0 0 1 0 0 1 1 0 1 0 0 3 0 0 0 3 0 2 1 0 0 1 0 3 0 3 0 2 0 1 0 2 0 2 1 0 0 1 0 1 0 2 1 0 1 0 0 0 1 0 0 0 0 2 0 0 0 1 0 2 1 0 0 0 0 2 0 1 0 0 0 1 0 2 0 1 0 1 1 0 0 0 1 0 0 1 1 0 0 1 0 0 0 2 0 0 0 0 0 2 0 3 0 2 0 0 1 0 1 0 0 0 0 3 0 1 0 2 1 0 0 1 0 2 0 1 0 2 0 1 1 0 0 0 0 3 0 1 1 0 0 3 0 3 0 0 0 0 0 1 0 2 0 3 0 1 0 2 0 2 1 0 1 0 0 1 0 3 0 1 0 2 1 0 0 1 0 0 0 0 1 0 0 0 0 2 0 1 0 1 0 0 0 2 0 0 0 1 0 3 0 3 0 3 0 0 0 3 0 2 0 0 0 3 0 1 0 0 0 1 0 1 1 0 1 0 1 0 1 0 0 0 1 0 0 0 0 1 0 2 0 0 1 0 0 3 0 2 0 2 1 0 0 1 1 0 0 3 0 1 0 3 0 0 0 0 0 0 0 3 0 2 0 1 0 0 0 3 0 0 0 1 0 2 1 0 0 0 0 1 0 1 0 0 0 3 0 1 0 2 0 1 0 2 0 1 0 2 0 2 0 0 0 3 0 3 0 3 0 0 0 0 0 3 0 1 1 0 0 0 0 2 0 1 0 3 0 3 0 0 0 3 0 2 0 0 0 3 0 3 0 0 0 0 0 1 0 3 0 0 0 2 0 2 0 2 1 0 1 0 0 1 0 2 0 1 0 2 0 0 1 0 0 1 1 0 0 1 1 0 1 0 0 3 0 1 0 1 0 2 1 0 1 0 0 1 0 1 1 0 0 0 1 0 0 2 0 1 1 0 0 2 0 3 0 0 0 2 1 0 0 1 1 0 0 0 0 3 0 3 0 2 1 0 0 1 0 2 0 0 0 1 0 1 0 2 0 1 1 0 0 3 0 2 0 0 0 2 1 0 0 1 1 0 0 3 0 2 0 1 0 1 0 0 0 3 0 2 0 0 0 3 0 1 0 0 0 2 1 0 0 1 0 0 0 1 0 3 0 1 0 2 0 0 0 1 0 3 0 2 0 0 0 3 0 2 0 3 0 1 0 0 0 2 0 3 0 1 0 3 0 0 1 0 0 0 1 0 0 3 0 1 0 1 0 0 0 0 0 1 0 3 0 0 0 3 0 3 0 2 1 0 0 3 0 0 1 0 0 2 1 0 0 3 0 2 1 0 0 3 0 2 1 0 1 0 1 0 0 1 1 0 0 1 0 0 1 0 1 0 0 2 0 1
1 659 1 0 2 0 2 0 0 1 0 0 3 0 1 0 0 0 3 0 0 0 1 0 2 0 3 0 3 0 3 0 2 0 1 0 0 0 0 0 1 1 0 0 1 0 1 0 2 0 3 0 2 1 0 1 0 0 1 0 2 0 2 0 1 1 0 0 3 0 2 0 3 0 0 1 0 0 1 0 1 1 0 0 2 0 3 0 1 0 0 0 3 0 0 0 2 1 0 1 0 0 1 0 3 0 0 1 0 0 0 1 0 0 3 0 0 0 2 1 0 0 3 0 3 0 3 0 0 0 3 0 2 0 3 0 1 0 0 1 0 0 1 0 1 0 0 0 3 0 0 0 2 1 0 0 3 0 0 0 1 1 0 0 1 1 0 0 2 1 0 1 0 0 0 1 0 1 0 0 1 0 2 0 0 0 0 0 2 0 2 0 1 0 0 0 3 0 0 0 2 1 0 0 1 0 2 0 0 0 3 0 2 0 1 1 0 0 1 1 0 0 2 0 0 0 1 0 2 1 0 1 0 0 3 0 2 0 0 1 0 0 1 0 3 0 2 0 3 0 2 0 2 0 2 0 0 0 2 0 1 0 3 0 0 0 2 1 0 0 0 1 0 1 0 0 3 0 0 0 2 1 0 0 2 1 0 0 2 1 0 0 2 0 1 0 1 1 0 1 0 0 0 0 1 1 0 0 2 0 1 0 0 0 1 0 2 0 0 0 3 0 1 0 1 0 1 0 3 0 0 1 0 0 0 0 2 0 2 0 1 0 1 1 0 0 0 1 0 0 0 1 0 0 1 0 0 0 2 0 2 0 3 0 2 0 1 0 1 0 1 1 0 1 0 0 0 1 0 1 0 0 3 0 2 0 2 0 2 0 0 0 2 0 2 0 2 0 1 0 0 0 3 0 1 0 2 0 0 0 1 0 2 0 0 0 3 0 1 1 0 1 0 0 0 0 2 0 3 0 2 0 3 0 2 1 0 1 0 0 1 0 3 0 3 0 1 0 0 0 3 0 1 0 3 0 3 0 0 1 0 0 0 0 0 0 0 0 0 0 2 0 2 0 0 1 0 0 3 0 3 0 0 0 2 0 3 0 1 1 0 0 2 1 0 0 1 0 2 0 3 0 0 0 0 0 0 0 2 0 0 0 2 0 0 1 0 1 0 0 0 0 2 0 0 0 3 0 2 0 1 0 2 0 0 0 2 0 1 0 3 0 1 0 0 1 0 0 2 0 0 0 3 0 1 1 0 0 0 0 1 0 3 0 2 0 0 0 2 0 2 0 1 0 2 0 3 0 1 0 0 0 2 1 0 0 2 0 2 0 3 0 0 1 0 0 1 0 3 0 2 0 0 0 0 0 3 0 1 0 2 0 2 0 3 0 2 0 0 0 1 0 2 1 0 0 1 0 0 0 2 0 2 0 0 0 2 0 2 0 0 1 0 0 3 0 2 0 3 0 1 0 1 1 0 0 3 0 3 0 2
0 659 3 0 0 0 0 0 2 1 0 0 1 0 3 0 1 0 1 0 1 0 3 0 0 0 3 0 3 0 3 0 0 0 3 0 0 0 0 0 3 0 3 0 1 0 3 0 0 0 3 0 2 0 0 0 3 0 2 0 0 0 1 0 0 0 0 0 2 0 1 0 2 0 2 0 3 0 1 1 0 0 0 0 0 0 2 0 3 0 1 0 1 0 2 0 1 0 0 0 3 0 2 0 1 0 2 0 3 0 0 1 0 0 1 0 2 0 1 0 0 0 2 0 3 0 2 0 2 0 2 0 1 0 2 0 3 0 1 0 3 0 1 0 2 0 1 0 1 0 2 0 1 0 0 0 1 0 1 0 3 0 3 0 2 1 0 0 1 0 0 0 3 0 0 1 0 0 3 0 1 1 0 0 1 0 1 0 0 0 0 0 3 0 1 0 1 0 2 0 0 1 0 0 2 1 0 0 2 0 2 0 0 1 0 1 0 0 3 0 3 0 3 0 0 0 3 0 1 0 0 1 0 0 2 0 0 0 2 0 3 0 2 0 2 0 1 0 3 0 1 0 1 0 0 0 1 1 0 1 0 0 2 0 2 0 0 1 0 0 1 1 0 1 0 0 1 0 2 0 1 0 0 0 1 0 0 0 0 1 0 1 0 1 0 0 0 0 0 0 2 1 0 0 3 0 3 0 3 0 2 0 0 0 2 1 0 0 2 0 1 0 3 0 2 0 3 0 1 0 2 0 3 0 0 0 0 0 0 0 3 0 3 0 3 0 0 0 3 0 0 0 3 0 1 0 1 0 0 0 1 0 3 0 0 0 3 0 2 1 0 0 0 0 3 0 0 1 0 1 0 0 2 0 1 0 1 0 0 0 2 0 0 0 1 0 0 0 3 0 1 0 1 1 0 0 0 0 1 0 2 1 0 0 2 0 2 0 0 0 0 0 3 0 0 0 0 0 3 0 1 0 3 0 2 0 0 0 3 0 2 0 2 0 2 0 3 0 1 0 1 1 0 0 3 0 2 0 2 0 2 1 0 0 0 0 0 0 1 0 0 0 0 0 2 1 0 0 2 0 2 0 2 0 0 0 3 0 0 0 0 0 0 1 0 0 3 0 0 0 2 0 1 0 0 0 0 1 0 0 1 1 0 0 2 1 0 0 2 1 0 1 0 0 2 0 2 0 0 1 0 0 0 0 1 1 0 1 0 0 2 0 3 0 1 0 3 0 3 0 1 0 1 1 0 1 0 0 0 0 3 0 2 0 0 0 2 0 0 0 0 1 0 0 1 0 2 0 3 0 1 0 1 0 0 0 0 0 1 0 2 0 2 0 3 0 2 0 2 0 0 0 1 0 1 0 1 1 0 0 1 0 1 0 3 0 0 0 1 0 3 0 0 1 0 0 2 0 1 0 0 0 0 0 2 0 0 0 0 0 2 1 0 0 2 0 1 0 2 1 0 0 0 0 0 0 2 0 3 0 1
1 661 1 0 1 0 1 0 1 0 0 1 0 0 3 0 1 0 3 0 2 0 3 0 1 0 2 0 2 0 3 0 2 0 2 0 1 0 1 0 1 0 2 0 2 1 0 0 2 0 2 0 2 0 0 0 2 0 2 0 0 0 1 0 2 0 0 0 0 1 0 1 0 0 1 0 1 0 2 1 0 1 0 0 0 0 1 0 0 0 2 0 3 0 2 1 0 0 3 0 1 0 2 0 0 1 0 0 1 0 2 0 2 0 3 0 1 1 0 0 3 0 1 0 0 0 3 0 1 0 1 0 0 1 0 0 1 0 2 1 0 0 2 1 0 0 0 0 3 0 2 1 0 0 3 0 0 0 2 0 3 0 2 0 3 0 1 1 0 0 2 0 1 0 1 0 2 1 0 0 1 1 0 1 0 0 2 0 2 0 0 0 1 0 1 0 3 0 2 1 0 0 2 1 0 0 1 0 0 0 0 0 0 0 2 1 0 1 0 0 2 0 3 0 2 0 2 0 1 0 3 0 1 0 3 0 3 0 1 0 0 0 3 0 1 0 0 1 0 0 2 0 3 0 2 0 0 1 0 0 0 1 0 0 0 0 0 0 2 0 3 0 2 1 0 0 3 0 1 1 0 0 3 0 0 0 2 0 0 0 1 1 0 1 0 0 2 1 0 0 1 0 1 0 0 0 2 0 3 0 3 0 0 0 2 0 0 1 0 1 0 1 0 0 3 0 1 0 2 1 0 0 1 0 2 0 1 0 0 0 1 0 2 0 3 0 2 0 2 0 1 0 2 0 1 0 3 0 2 0 0 0 3 0 1 0 2 0 2 0 1 1 0 0 1 0 1 0 2 1 0 0 3 0 3 0 2 0 2 0 0 1 0 0 1 0 2 0 1 0 1 0 3 0 3 0 2 1 0 0 3 0 1 0 0 0 0 0 0 0 1 0 1 0 1 0 1 0 1 0 1 1 0 0 3 0 0 0 2 0 2 0 1 0 1 0 1 0 2 1 0 0 0 0 0 0 2 0 1 0 1 0 1 1 0 0 0 0 0 0 2 0 0 0 1 0 1 0 0 0 0 0 1 0 0 0 2 0 1 0 1 0 0 0 1 1 0 0 1 0 1 1 0 0 3 0 0 0 1 0 3 0 2 1 0 0 1 0 0 0 1 0 0 1 0 0 0 0 0 0 2 0 2 1 0 1 0 0 0 1 0 0 0 0 2 1 0 0 3 0 2 1 0 0 0 0 0 0 3 0 0 0 2 0 0 0 1 1 0 0 1 0 1 0 3 0 2 0 0 0 2 0 3 0 2 0 0 0 0 0 3 0 0 0 1 0 3 0 1 0 0 0 1 0 2 0 2 0 3 0 3 0 1 0 3 0 1 0 1 0 3 0 1 0 2 0 3 0 3 0 2 0 0 0 0 1 0 0 1 0 1 0 0 1 0 1 0 1 0 0 1 1 0 0 0 0 1 0 0 0 2 1 0
1 661 2 0 2 0 2 0 2 0 1 1 0 0 1 1 0 0 3 0 1 0 2 1 0 0 1 0 1 0 3 0 1 0 0 0 3 0 2 0 3 0 0 0 2 0 0 0 0 0 1 0 0 0 2 0 0 0 0 0 1 0 2 1 0 0 1 0 1 1 0 0 3 0 1 0 3 0 1 0 0 0 2 1 0 0 2 0 1 0 0 0 3 0 2 0 0 0 1 1 0 0 0 0 2 0 3 0 2 0 0 0 1 0 3 0 0 0 0 0 1 0 3 0 1 0 1 0 3 0 2 0 1 0 3 0 2 0 1 0 0 0 0 1 0 0 1 0 2 0 2 0 0 0 1 0 2 0 0 0 3 0 1 0 2 1 0 1 0 1 0 0 3 0 3 0 0 1 0 1 0 0 0 1 0 0 0 0 0 0 1 0 2 0 3 0 2 0 2 0 0 0 0 1 0 0 2 0 0 0 0 0 1 0 1 0 0 1 0 0 0 0 3 0 1 0 0 1 0 0 2 1 0 0 3 0 2 0 3 0 1 0 1 0 3 0 1 1 0 0 0 0 3 0 0 0 2 0 3 0 0 0 2 1 0 0 1 0 0 0 3 0 2 0 0 0 2 0 0 0 0 0 1 0 1 1 0 0 1 1 0 0 0 1 0 0 0 1 0 0 2 0 2 0 1 0 0 0 3 0 2 0 1 1 0 0 2 1 0 1 0 1 0 0 1 1 0 0 1 1 0 0 2 1 0 0 3 0 0 0 3 0 0 0 3 0 1 0 0 1 0 0 0 1 0 0 3 0 0 0 2 0 1 1 0 0 1 0 0 1 0 1 0 0 2 0 3 0 1 0 0 0 2 0 3 0 1 0 0 0 2 0 3 0 1 1 0 0 3 0 3 0 2 0 3 0 2 0 0 0 1 0 3 0 0 0 0 0 0 0 2 0 2 0 2 0 2 0 2 1 0 0 0 0 1 0 2 0 0 0 0 0 3 0 2 0 3 0 0 1 0 0 0 0 0 1 0 0 3 0 2 0 3 0 2 1 0 0 0 1 0 0 1 0 2 0 2 0 0 0 0 0 2 0 0 1 0 0 3 0 2 0 0 0 3 0 3 0 1 1 0 0 0 0 1 0 1 0 3 0 2 0 1 1 0 0 2 0 0 0 2 0 1 0 2 1 0 0 1 0 0 0 2 0 0 0 3 0 0 0 3 0 0 0 1 0 0 0 2 0 1 1 0 0 0 0 1 0 1 0 1 1 0 0 1 0 3 0 3 0 1 0 3 0 2 0 0 0 2 0 0 0 3 0 0 0 1 0 1 0 1 0 1 0 3 0 1 0 3 0 0 0 3 0 0 0 1 0 3 0 2 1 0 0 2 0 3 0 3 0 1 1 0 0 1 0 3 0 3 0 0 0 1 0 1 0 3 0 1 0 2 0 1 1 0 1 0 0 3 0 2 0 2 1 0 0 2 0 1 0 0 1 0
1 663 1 0 0 0 1 0 1 0 0 1 0 1 0 1 0 0 0 0 1 1 0 0 1 1 0 0 2 0 3 0 1 0 3 0 1 0 2 0 1 0 2 0 1 1 0 0 1 0 0 0 2 0 0 1 0 0 1 0 0 0 3 0 0 1 0 0 2 1 0 0 0 0 1 1 0 0 2 0 3 0 1 0 0 1 0 1 0 0 3 0 1 0 2 0 0 0 1 0 3 0 3 0 0 0 0 0 3 0 0 0 1 0 3 0 1 0 1 0 0 0 3 0 1 0 3 0 3 0 2 0 0 1 0 0 3 0 0 0 3 0 0 0 1 0 3 0 2 0 0 0 0 0 1 0 2 1 0 0 2 0 1 1 0 0 2 0 0 1 0 1 0 0 2 0 2 0 2 1 0 0 3 0 0 0 2 1 0 0 0 0 3 0 0 0 3 0 1 0 0 0 1 0 1 0 3 0 3 0 0 0 0 0 2 0 2 0 1 0 3 0 0 0 1 0 3 0 1 1 0 0 1 0 0 0 2 0 1 0 2 0 3 0 3 0 1 1 0 1 0 0 1 0 1 0 2 0 0 0 2 0 2 0 0 1 0 0 2 0 1 0 2 0 0 0 1 1 0 0 1 0 0 0 2 0 3 0 3 0 2 0 3 0 0 0 3 0 0 1 0 0 0 0 0 0 3 0 1 0 2 0 1 0 0 0 0 0 1 0 0 1 0 0 3 0 2 0 3 0 2 1 0 0 1 0 0 0 1 0 2 0 1 0 2 0 1 0 3 0 1 0 3 0 0 1 0 0 1 0 1 1 0 1 0 1 0 0 2 0 1 1 0 1 0 0 0 0 2 0 3 0 1 0 0 0 2 0 3 0 1 0 0 0 3 0 0 0 0 0 2 0 3 0 1 0 3 0 0 0 1 0 3 0 1 0 1 0 0 0 1 0 0 0 1 0 1 0 1 0 1 1 0 0 0 0 2 1 0 0 1 0 1 0 2 0 1 0 2 0 2 0 2 1 0 0 1 1 0 0 2 0 1 0 3 0 1 1 0 0 1 0 3 0 2 0 0 0 0 0 1 0 0 1 0 0 2 1 0 0 2 0 0 0 2 0 2 0 2 1 0 1 0 0 0 0 2 0 3 0 2 0 0 1 0 1 0 1 0 0 1 1 0 1 0 0 1 1 0 0 2 0 0 1 0 0 2 0 1 0 2 0 1 0 1 0 2 0 0 1 0 1 0 1 0 0 0 0 2 0 2 0 3 0 3 0 2 0 2 0 2 1 0 0 3 0 0 0 1 1 0 0 2 0 1 0 1 0 2 0 2 0 2 0 3 0 1 1 0 0 2 0 2 0 1 0 1 0 3 0 2 0 2 0 0 0 0 0 3 0 2 1 0 1 0 0 3 0 2 0 2 0 1 0 2 0 3 0 1 1 0 0 1 0 0 0 0 1 0 0 2 0 1 0 1 1 0 1 0 0 3 0 1 0 2
0 663 2 0 0 0 2 0 2 0 1 1 0 1 0 0 2 1 0 0 3 0 3 0 2 1 0 0 0 0 2 1 0 0 2 1 0 0 0 1 0 0 0 1 0 1 0 0 2 0 0 1 0 0 2 0 3 0 1 0 1 0 1 0 2 1 0 0 0 1 0 0 0 1 0 0 0 0 0 0 2 0 3 0 1 1 0 1 0 0 1 1 0 0 0 0 1 0 3 0 2 0 2 0 1 0 1 0 1 0 1 0 3 0 1 0 3 0 2 0 1 0 1 1 0 0 3 0 3 0 0 0 2 1 0 0 1 0 2 0 1 0 1 0 3 0 2 0 0 0 1 0 0 0 3 0 0 1 0 1 0 1 0 1 0 1 0 0 2 1 0 1 0 0 0 0 1 0 2 0 0 0 1 0 2 0 0 1 0 0 1 0 1 0 2 0 1 0 3 0 0 0 2 0 3 0 2 0 2 0 1 0 1 0 0 0 0 1 0 0 2 0 1 0 3 0 1 1 0 1 0 0 2 0 0 1 0 1 0 0 1 0 3 0 3 0 0 0 0 0 3 0 1 0 2 1 0 0 2 0 0 0 0 0 2 0 3 0 3 0 2 1 0 0 1 0 3 0 3 0 1 0 1 0 0 0 3 0 3 0 1 0 2 0 2 0 1 0 2 0 2 1 0 0 1 0 1 1 0 0 0 0 3 0 0 0 0 0 2 0 1 1 0 0 2 0 1 0 3 0 1 1 0 0 2 0 0 0 2 1 0 1 0 0 0 1 0 0 2 1 0 0 2 0 2 0 3 0 1 1 0 0 0 1 0 1 0 0 0 0 0 0 0 0 3 0 0 0 0 0 2 0 3 0 1 0 0 0 2 0 3 0 1 0 1 0 1 0 1 0 0 0 2 1 0 0 2 0 1 0 3 0 1 0 3 0 2 0 0 0 2 0 0 0 2 0 2 0 2 0 3 0 3 0 0 0 0 1 0 0 2 0 2 1 0 1 0 0 1 0 1 0 1 1 0 0 3 0 3 0 3 0 3 0 1 1 0 1 0 0 3 0 2 0 0 0 1 0 0 0 2 0 1 1 0 0 0 1 0 1 0 0 2 0 0 0 1 0 2 0 0 0 3 0 0 0 0 0 3 0 0 0 2 1 0 1 0 0 3 0 2 1 0 0 3 0 2 0 3 0 3 0 1 0 3 0 3 0 2 1 0 0 3 0 2 1 0 0 2 1 0 1 0 0 3 0 0 0 0 0 1 0 3 0 3 0 1 0 1 0 2 0 0 0 1 0 1 0 3 0 3 0 3 0 2 0 3 0 0 0 1 0 1 0 3 0 0 0 0 0 0 0 0 0 3 0 3 0 2 0 1 0 0 0 1 0 1 0 2 0 2 0 0 1 0 0 2 0 1 0 0 1 0 0 1 0 2 1 0 1 0 0 2 0 0 0 1 0 3 0 3 0 2 1 0 0 0 1 0 0 1 1 0 0 1
0 664 1 0 0 2 0 0 0 1 0 0 0 0 1 0 0 1 0 0 0 2 0 3 0 1 1 0 0 1 0 1 0 0 0 0 1 0 0 1 0 3 0 0 1 0 0 3 0 3 0 1 1 0 0 0 0 2 0 3 0 2 0 3 0 0 1 0 0 1 0 3 0 0 0 2 1 0 0 1 0 0 0 3 0 0 0 0 0 3 0 2 0 2 1 0 0 3 0 2 0 1 0 0 0 3 0 2 0 2 0 3 0 1 1 0 0 3 0 0 1 0 0 0 0 0 0 2 0 2 0 2 0 0 1 0 0 2 1 0 0 3 0 3 0 2 0 0 0 1 0 2 0 1 0 1 0 2 1 0 1 0 1 0 1 0 1 0 0 1 0 0 0 2 1 0 0 2 1 0 0 1 0 2 1 0 0 2 0 3 0 1 0 2 1 0 1 0 0 2 0 2 0 0 0 3 0 1 0 0 0 3 0 2 0 0 0 1 0 3 0 3 0 3 0 2 0 0 0 0 0 3 0 3 0 1 1 0 0 3 0 2 0 2 0 2 0 1 0 1 0 1 1 0 0 1 1 0 1 0 0 1 0 1 0 0 0 3 0 3 0 1 1 0 0 3 0 2 0 2 0 3 0 2 0 1 0 2 0 2 1 0 0 1 0 0 1 0 0 1 0 1 1 0 0 2 0 3 0 3 0 0 0 1 0 1 0 0 1 0 1 0 1 0 1 0 1 0 0 2 1 0 1 0 1 0 0 2 0 1 0 0 0 3 0 0 1 0 0 1 0 0 0 0 0 1 0 2 1 0 1 0 0 1 1 0 0 2 1 0 0 0 0 1 0 1 0 1 0 1 0 0 0 2 0 3 0 1 0 0 0 2 0 3 0 2 0 2 0 2 0 1 0 0 1 0 1 0 1 0 0 2 1 0 0 3 0 0 0 1 1 0 0 2 0 0 0 1 0 1 0 3 0 2 0 1 0 1 1 0 0 0 0 2 0 0 0 3 0 1 0 2 1 0 0 0 0 2 0 3 0 3 0 3 0 0 0 0 1 0 0 2 0 0 0 1 0 2 0 0 1 0 1 0 1 0 0 1 1 0 0 3 0 3 0 0 0 2 1 0 0 2 0 1 0 1 0 1 0 1 0 2 0 1 0 0 1 0 0 2 0 2 0 0 0 2 0 1 0 3 0 2 1 0 0 3 0 3 0 2 0 0 0 2 0 2 0 0 0 1 0 0 1 0 0 1 0 1 0 0 0 3 0 2 0 2 0 3 0 2 1 0 0 1 0 2 0 3 0 2 0 3 0 3 0 1 0 2 0 1 0 2 0 3 0 1 0 1 0 0 0 0 0 1 0 2 0 3 0 0 0 3 0 0 0 2 0 3 0 0 0 0 0 2 0 3 0 3 0 2 0 1 0 3 0 2 0 1 0 0 0 3 0 3 0 0 0 3 0 2 0 3 0 1 1 0 0 1 0 3 0 2 0 3 0 1
1 665 1 0 3 0 3 0 0 0 2 0 0 0 1 0 3 0 1 0 1 0 0 0 2 1 0 1 0 0 2 0 2 0 0 0 1 0 3 0 2 0 1 0 2 1 0 0 2 0 2 1 0 1 0 0 1 0 0 0 3 0 1 0 2 0 2 0 3 0 2 0 1 0 2 0 0 1 0 0 2 0 1 0 1 0 1 0 1 0 2 0 1 0 2 0 0 0 2 0 0 0 3 0 1 0 2 0 1 0 1 0 3 0 0 0 0 0 1 0 2 0 2 1 0 0 1 0 0 0 1 0 0 0 2 1 0 0 1 0 0 0 2 0 3 0 0 0 1 0 2 1 0 0 3 0 3 0 1 0 0 1 0 1 0 1 0 0 3 0 1 0 1 0 1 0 0 0 0 1 0 0 3 0 1 0 0 0 0 0 2 1 0 0 2 0 0 1 0 0 0 0 0 0 2 0 1 0 3 0 1 0 2 0 0 0 1 0 3 0 2 0 3 0 3 0 0 0 1 0 1 0 2 0 3 0 0 0 0 0 2 0 1 0 1 0 0 0 3 0 2 0 3 0 3 0 2 1 0 0 3 0 1 0 2 0 1 0 2 0 3 0 0 0 0 0 2 0 1 0 1 0 3 0 0 1 0 0 1 0 1 1 0 0 2 0 1 0 3 0 1 1 0 0 0 0 0 0 3 0 2 0 1 0 2 0 2 0 1 1 0 1 0 1 0 1 0 1 0 0 1 0 0 1 0 0 3 0 3 0 2 0 1 0 1 0 2 0 3 0 1 0 0 0 0 0 3 0 1 0 0 0 3 0 2 1 0 0 0 1 0 0 0 0 2 0 2 0 2 0 2 0 1 0 0 0 2 0 3 0 1 0 0 0 3 0 1 0 1 0 0 0 3 0 1 1 0 1 0 1 0 0 1 0 0 0 1 0 1 0 3 0 3 0 3 0 0 0 2 0 3 0 2 0 0 0 3 0 3 0 2 1 0 1 0 0 2 0 1 1 0 0 1 1 0 0 1 0 0 0 3 0 3 0 2 0 1 0 1 0 3 0 3 0 0 0 2 1 0 0 2 1 0 1 0 0 3 0 2 1 0 0 2 0 2 0 2 0 0 1 0 1 0 0 3 0 2 0 2 0 2 1 0 0 3 0 1 1 0 0 0 0 0 0 1 1 0 1 0 0 3 0 2 0 0 0 2 0 3 0 0 0 2 0 0 0 0 0 1 0 2 0 1 0 3 0 1 0 2 0 1 0 2 0 1 0 1 0 3 0 1 1 0 0 3 0 0 0 3 0 1 0 3 0 2 1 0 0 0 1 0 0 1 0 2 0 3 0 2 0 0 0 0 0 3 0 0 0 2 0 2 0 1 0 2 0 0 0 2 0 1 0 1 0 0 0 3 0 3 0 0 1 0 0 3 0 0 0 3 0 1 0 2 0 2 0 2 0 2 0 1 0 2 1 0 1 0 0 3 0 2 0 1 0 2 1 0
1 665 3 0 2 0 2 0 1 1 0 0 1 0 3 0 1 0 3 0 2 0 1 0 1 0 0 1 0 0 0 0 0 0 1 0 3 0 2 0 0 1 0 0 2 0 0 0 0 0 2 0 0 0 3 0 1 0 1 0 1 1 0 0 1 0 1 0 3 0 0 1 0 0 0 0 2 0 3 0 3 0 2 0 2 0 2 0 2 1 0 1 0 0 0 0 1 1 0 0 2 0 1 1 0 0 0 0 3 0 3 0 1 0 1 0 0 0 3 0 0 0 1 1 0 0 2 0 0 0 2 0 1 0 0 1 0 0 2 0 1 0 0 0 2 0 1 0 3 0 1 0 0 0 2 0 2 0 3 0 1 1 0 1 0 1 0 0 1 0 3 0 2 0 2 0 0 0 1 1 0 0 1 0 3 0 0 0 1 0 0 1 0 1 0 0 2 0 2 1 0 0 0 1 0 1 0 0 2 1 0 0 0 0 1 0 3 0 2 0 1 0 3 0 2 0 1 0 2 0 3 0 0 0 2 0 1 0 0 1 0 0 3 0 2 0 1 0 2 0 1 0 3 0 3 0 2 0 0 0 1 1 0 0 0 1 0 0 1 0 2 0 1 0 0 1 0 0 3 0 3 0 1 0 2 0 3 0 1 0 3 0 3 0 3 0 3 0 1 1 0 1 0 0 0 0 1 0 2 0 0 1 0 0 1 0 1 0 0 0 0 1 0 1 0 1 0 0 3 0 1 0 1 1 0 0 2 0 3 0 0 0 3 0 3 0 0 0 2 0 3 0 0 0 1 0 1 0 3 0 1 0 2 0 1 1 0 0 1 0 3 0 0 0 0 0 1 0 1 0 0 0 3 0 1 0 0 0 2 0 3 0 1 0 1 0 3 0 2 0 1 0 2 0 0 0 0 1 0 0 3 0 1 0 0 0 2 0 3 0 2 0 3 0 2 0 2 0 0 0 3 0 0 0 2 0 2 0 3 0 2 0 0 0 3 0 3 0 3 0 3 0 2 0 3 0 1 0 1 0 2 0 3 0 0 0 3 0 3 0 2 0 2 0 2 0 1 0 0 0 1 0 0 1 0 0 2 0 2 0 0 0 0 0 1 0 0 0 2 1 0 1 0 0 2 0 1 0 1 0 2 0 0 0 1 1 0 1 0 0 0 0 0 1 0 0 0 1 0 0 2 0 0 0 2 0 0 0 2 0 1 1 0 0 1 0 0 0 2 1 0 1 0 0 2 1 0 0 0 1 0 0 0 0 3 0 3 0 2 0 0 0 0 0 1 0 2 0 1 1 0 0 3 0 1 1 0 0 1 0 3 0 2 0 0 0 3 0 0 0 1 0 1 0 1 0 2 0 0 0 0 1 0 0 0 0 1 1 0 0 3 0 2 0 1 0 2 0 2 0 2 1 0 0 1 0 2 0 1 1 0 0 1 0 1 0 1 0 0 1 0 0 2 0 0 1 0 0 2 0 0 1 0 0 1 1 0
1 667 1 0 2 0 1 0 0 1 0 1 0 0 3 0 1 1 0 0 3 0 0 0 3 0 2 0 1 0 2 1 0 0 0 0 3 0 2 0 0 0 2 0 3 0 3 0 0 0 0 1 0 0 2 0 1 0 3 0 2 0 3 0 3 0 1 0 3 0 1 0 2 0 3 0 0 0 0 0 3 0 3 0 1 0 1 0 1 0 2 0 0 0 2 1 0 0 3 0 3 0 3 0 3 0 3 0 0 0 2 0 2 0 3 0 2 0 1 0 1 0 1 0 3 0 3 0 3 0 0 1 0 0 3 0 1 0 3 0 3 0 2 0 0 1 0 1 0 0 2 0 3 0 1 0 0 0 1 0 3 0 0 0 0 1 0 0 3 0 2 0 2 0 1 0 0 0 1 0 3 0 3 0 2 0 1 0 1 0 2 0 1 1 0 1 0 0 0 0 1 1 0 0 1 1 0 1 0 0 0 1 0 0 0 0 3 0 2 0 0 1 0 0 3 0 0 1 0 0 1 0 2 0 1 1 0 0 3 0 1 1 0 0 2 0 0 1 0 0 0 1 0 0 3 0 3 0 0 0 1 0 3 0 3 0 0 0 3 0 1 1 0 0 3 0 1 1 0 0 2 0 2 1 0 0 1 0 2 1 0 0 3 0 3 0 3 0 3 0 0 0 0 0 2 1 0 0 2 1 0 0 2 0 3 0 1 0 2 0 0 0 1 1 0 1 0 1 0 0 1 1 0 0 0 0 0 0 0 0 2 0 2 0 2 0 2 0 2 0 0 0 2 0 1 0 2 0 3 0 1 1 0 0 0 1 0 1 0 0 3 0 1 0 1 0 0 0 2 0 2 0 1 0 1 0 3 0 1 0 0 0 2 0 3 0 3 0 2 0 0 1 0 0 0 0 1 0 1 1 0 0 1 0 3 0 1 0 0 0 3 0 1 0 3 0 1 0 0 0 2 0 1 0 2 0 0 0 1 0 3 0 0 0 2 0 2 0 3 0 3 0 3 0 1 0 2 0 3 0 3 0 0 0 2 0 2 0 2 0 3 0 1 0 1 0 0 0 3 0 0 0 2 0 1 1 0 0 0 0 0 0 1 0 0 0 2 0 1 0 1 0 0 0 3 0 3 0 2 0 2 1 0 0 1 1 0 0 0 0 2 1 0 0 1 0 3 0 0 0 3 0 3 0 0 1 0 0 1 1 0 1 0 1 0 0 2 0 1 0 1 0 0 1 0 0 0 1 0 0 1 0 3 0 0 0 2 0 3 0 0 0 1 0 0 0 3 0 0 0 0 0 0 0 1 1 0 1 0 0 3 0 2 0 0 0 2 0 1 0 1 0 2 0 2 0 2 1 0 0 1 0 1 0 2 1 0 1 0 0 0 0 2 0 0 1 0 0 1 0 1 0 1 1 0 0 2 1 0 1 0 1 0 0 2 0 2 0 2 0 1 0 3 0 3 0 1 0 3 0 3 0 1 0 3 0 2 0 2
0 667 2 1 0 0 3 0 1 1 0 1 0 0 2 0 0 0 0 0 1 0 2 0 2 0 0 1 0 0 1 1 0 0 1 0 2 0 0 0 2 0 0 0 3 0 2 0 1 0 1 0 3 0 3 0 3 0 2 0 1 0 3 0 2 1 0 0 2 1 0 0 1 0 2 0 1 0 1 0 2 0 2 0 3 0 2 0 2 1 0 0 2 0 1 0 0 0 2 0 3 0 3 0 3 0 2 0 2 0 0 0 1 0 3 0 0 0 3 0 2 0 3 0 2 0 3 0 2 0 2 1 0 0 1 1 0 0 3 0 3 0 0 0 2 1 0 1 0 0 0 0 2 0 3 0 0 0 3 0 1 0 1 0 1 1 0 0 2 0 1 0 0 0 3 0 0 0 3 0 2 0 3 0 0 0 3 0 3 0 0 0 0 0 0 0 2 1 0 0 3 0 3 0 2 1 0 0 3 0 0 0 3 0 0 0 2 0 0 0 2 1 0 0 1 0 2 0 3 0 2 0 0 0 0 0 0 0 1 1 0 1 0 1 0 0 2 0 3 0 0 1 0 0 2 0 2 0 1 0 3 0 2 0 2 0 2 0 2 0 0 0 0 0 2 0 0 0 0 0 0 0 1 1 0 0 3 0 1 0 0 0 2 0 3 0 3 0 2 0 1 0 1 0 1 0 0 0 1 0 0 0 0 0 2 1 0 0 0 0 1 1 0 0 0 1 0 0 3 0 2 0 2 1 0 0 0 0 1 0 0 0 1 0 1 0 1 0 0 0 1 1 0 1 0 0 1 0 2 1 0 1 0 0 1 1 0 1 0 0 1 0 3 0 2 0 1 0 0 0 0 0 3 0 3 0 1 0 3 0 1 0 0 0 3 0 3 0 0 0 2 0 2 1 0 0 2 0 3 0 3 0 2 0 1 0 3 0 1 0 1 1 0 0 2 0 3 0 0 1 0 1 0 0 0 0 1 0 3 0 1 0 2 0 0 0 1 0 3 0 3 0 2 1 0 0 1 0 3 0 2 0 2 0 0 0 1 0 1 0 2 0 3 0 2 0 1 0 1 0 1 1 0 1 0 1 0 0 0 0 0 0 2 0 0 1 0 0 3 0 2 0 1 0 2 0 3 0 1 0 1 1 0 0 3 0 3 0 0 0 0 1 0 0 3 0 1 0 2 0 2 0 2 0 2 0 3 0 2 1 0 1 0 0 3 0 3 0 2 0 2 0 1 0 3 0 0 0 3 0 2 0 1 0 2 0 0 0 2 0 1 0 2 0 1 0 1 0 1 0 0 0 0 1 0 0 0 1 0 0 2 0 0 0 1 1 0 0 3 0 3 0 0 0 1 0 1 1 0 0 2 0 3 0 1 0 0 0 2 1 0 1 0 0 2 0 3 0 1 0 2 1 0 0 0 0 1 0 0 1 0 1 0 0 0 0 1 0 0 1 0 0 3 0 2 1 0 0 3 0 2 1 0 0 3 0 1 0 1
1 669 1 0 1 0 0 0 2 0 0 0 0 0 3 0 3 0 0 0 0 0 3 0 0 0 0 0 2 0 3 0 2 0 3 0 1 1 0 0 1 1 0 0 2 0 2 0 0 0 3 0 3 0 2 0 3 0 3 0 0 1 0 0 3 0 2 0 0 0 0 1 0 0 2 1 0 0 3 0 3 0 0 0 1 0 3 0 1 0 1 1 0 1 0 0 3 0 1 0 0 0 3 0 3 0 3 0 1 0 0 0 1 0 3 0 1 0 2 0 2 0 1 0 3 0 1 0 3 0 1 0 1 1 0 1 0 0 0 0 2 0 2 0 2 0 1 0 0 0 3 0 0 0 0 0 2 0 2 0 1 0 3 0 2 0 3 0 3 0 3 0 2 0 1 0 1 0 2 0 2 0 1 0 2 0 2 0 2 0 2 0 1 0 0 0 1 0 1 0 0 0 2 0 3 0 2 0 0 0 1 0 2 0 1 0 1 1 0 0 2 0 0 1 0 0 3 0 0 0 3 0 0 0 1 0 0 0 0 1 0 0 0 1 0 1 0 0 0 0 2 0 2 1 0 0 0 0 0 1 0 0 3 0 1 0 1 0 1 0 0 0 1 0 0 1 0 0 1 0 0 0 0 1 0 0 0 0 1 0 3 0 1 0 0 0 3 0 3 0 0 0 3 0 2 0 2 0 0 0 2 0 0 0 1 0 0 1 0 0 0 0 3 0 3 0 0 1 0 0 2 0 1 0 1 1 0 0 0 0 2 0 0 0 2 0 2 0 2 0 0 1 0 0 0 0 3 0 2 0 1 0 0 0 3 0 2 1 0 0 3 0 2 0 2 0 0 0 3 0 0 0 1 0 2 0 2 1 0 0 2 0 3 0 1 0 2 0 2 0 2 0 0 0 2 0 0 0 0 0 3 0 3 0 0 1 0 0 2 1 0 0 0 0 0 0 0 0 2 0 2 1 0 0 2 1 0 0 3 0 1 1 0 0 0 0 1 0 3 0 2 0 3 0 1 1 0 0 3 0 2 0 1 0 0 0 1 0 2 0 3 0 0 0 3 0 0 0 3 0 2 1 0 0 0 1 0 0 2 1 0 0 0 1 0 0 2 1 0 0 2 0 0 1 0 0 1 0 2 1 0 0 0 0 0 0 2 0 2 0 1 0 1 1 0 0 1 1 0 0 1 0 1 0 1 0 1 0 3 0 2 0 0 1 0 0 2 0 3 0 1 0 0 1 0 0 2 0 2 0 2 0 0 1 0 0 0 0 1 1 0 1 0 0 0 0 3 0 2 0 2 0 0 0 1 0 3 0 0 0 3 0 3 0 0 1 0 0 0 0 2 0 2 0 1 0 2 1 0 0 0 0 0 0 2 0 3 0 1 0 1 0 0 1 0 0 0 0 2 1 0 0 1 1 0 0 0 0 2 0 1 1 0 0 2 1 0 0 2 0 1 1 0 0 2 0 2 0 0 0 2 0 2 0 0 0 1 0 3 0 2
0 669 2 0 2 0 0 1 0 0 1 0 1 0 2 0 2 0 1 0 1 0 1 0 1 0 1 0 0 0 3 0 1 0 2 1 0 1 0 1 0 0 0 0 0 0 0 0 2 0 2 0 3 0 1 0 3 0 2 0 2 1 0 0 2 0 0 0 1 0 1 1 0 0 1 0 0 0 2 0 2 0 1 0 3 0 1 1 0 0 0 0 0 1 0 0 1 0 3 0 1 0 2 0 3 0 2 0 3 0 0 0 3 0 1 1 0 0 1 0 0 1 0 0 2 1 0 0 2 1 0 0 0 0 0 0 3 0 0 0 0 0 1 0 0 0 3 0 1 0 1 0 1 0 1 0 0 0 0 1 0 0 3 0 1 0 3 0 3 0 3 0 0 0 3 0 3 0 0 0 0 1 0 0 1 0 1 0 1 0 0 0 3 0 0 0 2 0 2 0 1 0 0 0 3 0 0 0 1 0 2 1 0 0 3 0 3 0 3 0 3 0 1 1 0 0 1 0 2 0 1 0 1 0 2 0 0 0 1 0 3 0 0 1 0 0 3 0 0 0 0 0 1 1 0 0 0 0 1 1 0 0 1 0 3 0 2 0 2 0 0 0 2 0 1 0 3 0 1 0 0 0 1 0 2 1 0 0 3 0 1 0 3 0 1 0 2 0 2 0 2 0 2 0 1 0 0 0 1 1 0 0 1 0 2 0 1 0 3 0 0 0 2 0 2 0 2 0 3 0 3 0 2 0 3 0 2 1 0 1 0 0 2 0 0 0 1 0 0 0 2 0 3 0 0 0 2 0 0 0 3 0 1 0 2 0 2 0 0 0 2 0 1 0 0 0 2 0 1 0 1 0 3 0 0 0 2 0 0 0 0 0 2 1 0 0 1 0 1 0 0 0 1 1 0 0 1 0 1 0 2 0 2 0 2 1 0 0 0 1 0 0 0 0 0 0 1 0 0 0 2 0 0 0 1 0 0 0 1 1 0 1 0 0 0 0 3 0 2 0 1 0 3 0 0 0 0 0 2 0 0 0 3 0 0 0 3 0 0 0 2 0 2 0 1 0 2 0 2 0 1 1 0 0 1 1 0 0 0 1 0 0 1 1 0 0 0 1 0 1 0 0 2 0 3 0 2 0 0 1 0 0 0 0 1 0 0 0 0 0 3 0 3 0 3 0 2 0 3 0 1 0 2 0 2 0 3 0 2 0 0 0 2 1 0 0 0 0 2 0 3 0 1 1 0 0 0 0 1 0 0 0 2 0 2 1 0 1 0 0 0 0 3 0 0 0 2 0 1 0 0 0 1 0 3 0 1 0 2 0 2 0 2 0 2 0 3 0 0 0 0 0 0 1 0 0 1 1 0 0 0 0 1 0 0 0 2 0 3 0 2 0 1 0 3 0 0 0 0 1 0 0 3 0 3 0 0 0 0 0 0 0 0 0 1 0 0 0 0 0 0 0 0 0 0 0 0 0 2 0 0 0 0 0 1 0 3 0 2 0 1
1 671 1 0 0 0 0 0 2 0 3 0 1 0 3 0 0 0 0 0 3 0 2 0 2 0 2 0 2 0 1 0 1 1 0 0 2 0 0 1 0 0 2 1 0 0 0 0 1 0 0 0 1 0 2 1 0 0 3 0 1 0 1 1 0 1 0 0 1 0 2 0 3 0 3 0 1 0 1 0 0 0 0 1 0 0 2 1 0 1 0 0 0 0 1 0 3 0 2 0 1 1 0 0 1 0 3 0 1 0 2 0 2 0 1 1 0 1 0 0 2 0 1 1 0 0 1 0 0 0 0 1 0 0 0 0 1 0 1 0 1 0 0 0 2 0 1 0 1 0 3 0 2 0 2 0 2 0 0 0 1 1 0 0 1 1 0 0 3 0 3 0 2 0 2 0 2 0 2 0 1 0 1 0 3 0 1 0 2 0 2 0 1 0 1 0 2 0 0 0 0 0 3 0 1 0 1 0 1 0 3 0 1 0 0 0 2 0 3 0 3 0 2 1 0 1 0 0 2 1 0 0 3 0 2 1 0 0 1 0 3 0 1 0 2 1 0 0 1 0 1 0 0 0 3 0 2 1 0 0 3 0 3 0 2 0 2 0 1 0 0 0 1 1 0 1 0 0 2 0 3 0 0 0 3 0 1 0 0 0 1 1 0 0 2 1 0 0 1 0 1 0 1 0 0 0 3 0 0 0 3 0 3 0 1 1 0 1 0 0 2 0 2 0 0 0 1 0 1 0 3 0 3 0 1 0 3 0 2 0 0 0 3 0 3 0 0 0 2 0 1 0 0 0 2 0 1 1 0 0 2 0 1 1 0 0 1 0 0 0 1 1 0 0 3 0 0 1 0 0 3 0 3 0 1 0 1 1 0 0 1 0 1 0 0 1 0 0 2 0 2 0 0 0 3 0 3 0 1 0 3 0 0 0 1 0 1 1 0 0 1 0 2 1 0 0 0 0 2 0 0 1 0 0 1 0 2 0 0 1 0 0 0 0 3 0 0 0 2 0 0 1 0 0 2 0 1 0 0 1 0 0 2 0 1 0 2 0 1 0 2 0 0 0 0 1 0 0 1 0 0 1 0 1 0 0 3 0 3 0 0 0 3 0 2 0 3 0 0 1 0 1 0 0 0 0 3 0 0 0 2 0 2 1 0 0 2 0 0 0 1 0 2 0 3 0 3 0 1 0 2 1 0 0 1 0 1 0 3 0 0 0 2 0 0 1 0 0 1 0 0 0 2 1 0 1 0 0 0 0 2 0 1 0 0 0 2 0 0 0 3 0 0 0 1 0 1 1 0 0 3 0 0 0 3 0 1 1 0 0 1 0 1 0 1 0 1 0 2 0 1 0 0 0 1 0 3 0 2 0 2 1 0 0 2 0 1 0 0 0 3 0 0 1 0 0 2 0 1 0 1 1 0 0 2 0 2 0 1 0 0 0 0 0 0 0 2 0 0 0 0 0 0 0 0 0 0 0 0 1 0 0 1 0 0 0 3 0 2 0 0 1 0
1 671 2 0 0 0 1 0 0 0 2 1 0 0 2 0 1 0 1 0 2 0 1 0 1 0 1 0 0 0 3 0 3 0 3 0 3 0 1 1 0 0 0 1 0 0 0 0 2 0 0 0 3 0 1 0 0 0 1 1 0 0 0 0 0 0 3 0 2 0 0 0 3 0 2 0 3 0 2 0 0 0 1 1 0 0 1 0 0 0 2 1 0 0 3 0 2 0 0 1 0 1 0 0 3 0 1 1 0 0 1 0 1 0 0 0 0 0 3 0 3 0 3 0 3 0 1 0 0 0 1 0 2 1 0 0 2 0 2 0 2 0 0 1 0 0 3 0 3 0 2 0 1 0 1 0 0 0 1 0 3 0 3 0 2 1 0 0 2 0 3 0 1 0 1 0 1 0 0 0 3 0 3 0 1 1 0 0 1 0 0 0 3 0 2 1 0 0 1 0 1 0 1 0 3 0 2 0 3 0 1 0 3 0 1 0 0 0 3 0 3 0 2 0 0 1 0 0 1 0 0 0 2 0 1 1 0 0 3 0 1 1 0 0 1 1 0 0 2 0 2 0 1 0 2 0 2 0 0 0 2 0 3 0 1 0 0 0 3 0 0 1 0 0 0 1 0 0 0 0 2 0 2 0 1 0 3 0 0 1 0 0 0 0 0 1 0 0 2 0 2 0 2 0 1 0 1 0 2 0 2 0 3 0 0 0 0 1 0 0 0 0 0 0 1 0 2 0 3 0 2 0 2 1 0 0 3 0 0 0 2 0 2 0 2 0 1 1 0 0 3 0 0 1 0 1 0 1 0 1 0 1 0 1 0 0 2 0 0 1 0 0 0 0 1 0 2 1 0 0 2 0 2 0 3 0 3 0 3 0 1 0 2 0 1 1 0 0 0 0 0 0 2 0 2 0 2 1 0 0 2 0 1 0 2 0 3 0 3 0 2 0 0 1 0 0 0 1 0 0 2 0 3 0 1 1 0 0 2 0 3 0 0 0 1 0 1 1 0 0 2 0 3 0 3 0 2 0 1 0 3 0 3 0 2 1 0 1 0 0 0 0 1 0 1 0 3 0 1 0 1 1 0 1 0 0 2 0 2 0 2 0 2 0 1 0 2 0 2 1 0 0 3 0 0 0 1 0 2 0 0 0 1 1 0 1 0 0 1 0 3 0 0 0 3 0 2 1 0 0 1 1 0 0 2 0 3 0 1 0 1 1 0 0 2 0 3 0 1 0 1 0 1 0 0 0 2 1 0 1 0 0 3 0 0 1 0 0 2 0 1 0 1 0 2 1 0 0 0 0 1 0 2 0 1 1 0 1 0 0 2 0 2 0 2 0 2 1 0 0 3 0 0 0 3 0 2 0 1 0 1 1 0 1 0 0 3 0 1 0 1 0 2 0 3 0 3 0 2 1 0 0 0 0 0 0 0 0 3 0 0 0 0 0 0 1 0 0 1 0 0 0 0 0 0 0 0 0 1 0 3 0 1 0 1 0 2 0 0 0 2 0 2
0 672 1 0 0 1 0 2 0 1 0 0 1 0 1 0 0 3 0 2 1 0 0 3 0 2 0 2 0 1 0 2 0 3 0 3 0 2 1 0 1 0 0 1 0 2 1 0 1 0 0 2 0 1 0 3 0 0 0 3 0 2 1 0 0 1 0 2 0 0 0 2 0 2 0 1 0 3 0 0 0 1 0 3 0 3 0 1 0 1 0 1 0 0 0 2 0 0 0 2 1 0 1 0 0 1 1 0 1 0 0 2 0 2 0 0 0 1 0 2 0 3 0 3 0 2 0 3 0 0 0 3 0 1 0 0 0 0 0 1 0 0 0 2 1 0 0 2 0 3 0 0 0 3 0 2 0 0 0 3 0 2 0 3 0 2 0 0 0 0 0 2 0 3 0 2 0 2 0 1 0 2 0 2 1 0 1 0 0 2 0 1 0 2 0 1 1 0 0 2 0 2 0 3 0 2 0 1 0 2 1 0 0 2 0 3 0 1 0 2 0 3 0 0 0 2 0 3 0 1 0 1 0 0 0 0 0 0 0 1 1 0 1 0 1 0 0 0 0 0 0 0 1 0 0 1 0 0 0 2 0 0 0 2 0 3 0 1 0 1 0 2 0 3 0 0 0 3 0 0 0 0 0 0 1 0 0 2 0 2 0 2 1 0 0 1 1 0 0 0 0 1 0 0 0 3 0 3 0 0 0 1 0 2 0 1 0 1 0 2 1 0 0 0 0 3 0 0 0 3 0 1 0 2 0 0 0 1 0 2 0 0 0 1 0 1 0 0 0 0 0 1 0 2 1 0 1 0 1 0 1 0 1 0 0 3 0 3 0 1 0 2 1 0 0 3 0 1 0 0 0 0 0 1 0 3 0 3 0 2 1 0 0 0 1 0 1 0 0 0 0 1 0 0 0 1 0 1 1 0 1 0 1 0 0 1 0 3 0 3 0 0 0 2 0 3 0 0 1 0 0 0 0 3 0 0 0 0 0 0 0 2 0 1 0 2 1 0 0 0 0 0 0 3 0 3 0 0 1 0 0 3 0 3 0 2 0 0 0 2 1 0 0 2 0 3 0 1 1 0 0 0 0 0 1 0 0 0 0 1 0 1 0 0 1 0 0 1 0 2 0 0 0 1 0 1 0 2 1 0 0 1 1 0 0 0 0 3 0 2 0 1 0 2 0 2 0 1 1 0 1 0 0 0 0 0 0 2 1 0 0 0 0 0 0 0 0 2 0 3 0 2 0 2 0 1 0 1 0 0 1 0 0 1 0 2 0 3 0 3 0 2 0 3 0 0 1 0 0 0 0 3 0 0 0 0 0 0 1 0 0 0 0 1 0 1 0 2 0 0 0 1 0 2 0 2 0 0 1 0 0 0 0 0 1 0 0 1 0 3 0 3 0 0 0 3 0 3 0 1 1 0 0 0 0 0 0 1 0 1 0 1 0 0 0 1 0 3 0 1 0 0 0 0 0 0 0 0 0 3 0 1 0 3 0 2 1 0 0 2 0 0 0 1
1 673 1 0 3 0 1 1 0 0 3 0 1 1 0 1 0 0 2 0 2 0 0 0 2 0 1 0 0 1 0 0 1 0 3 0 3 0 2 0 0 0 3 0 2 0 1 0 0 0 3 0 3 0 3 0 1 0 2 0 2 0 1 1 0 0 2 1 0 0 2 0 0 0 0 1 0 0 2 0 1 0 3 0 2 0 2 0 3 0 2 0 2 0 0 1 0 0 2 0 1 0 0 0 3 0 2 1 0 1 0 0 0 0 0 0 1 0 3 0 0 0 3 0 3 0 1 0 2 0 2 0 1 0 3 0 0 0 0 0 2 0 1 0 1 0 0 0 0 0 2 0 2 0 2 0 0 0 2 0 2 0 1 0 3 0 0 0 1 0 1 0 0 0 3 0 1 0 0 1 0 0 1 0 2 0 0 0 3 0 3 0 3 0 0 0 0 0 0 0 0 0 1 0 3 0 0 1 0 0 2 0 0 0 0 0 2 1 0 0 1 0 2 0 2 0 0 0 2 0 3 0 2 0 0 0 0 0 0 1 0 0 0 1 0 0 2 1 0 0 0 0 1 0 3 0 1 0 0 1 0 0 2 0 0 0 2 0 3 0 3 0 0 0 2 0 2 0 1 0 1 0 0 0 1 1 0 0 0 0 1 0 1 1 0 0 3 0 2 1 0 0 2 0 1 0 2 0 2 0 1 0 2 1 0 0 3 0 3 0 0 1 0 0 1 0 1 0 2 0 1 1 0 0 0 0 1 0 2 1 0 0 1 0 2 0 2 0 0 0 0 0 3 0 1 0 0 1 0 1 0 1 0 1 0 0 2 0 2 1 0 0 2 0 0 0 1 0 3 0 0 0 0 0 3 0 2 0 3 0 1 1 0 0 1 1 0 0 2 1 0 0 2 0 0 0 2 1 0 0 0 1 0 0 3 0 2 0 2 0 2 0 2 0 0 0 2 0 2 0 3 0 0 0 1 0 1 0 0 0 0 1 0 1 0 0 1 1 0 0 0 0 1 0 2 0 2 0 2 1 0 0 2 0 3 0 0 0 2 0 1 0 0 0 0 0 2 1 0 1 0 0 0 0 1 0 2 1 0 0 2 0 2 0 1 0 3 0 1 1 0 0 1 0 2 0 3 0 0 1 0 0 3 0 3 0 0 0 2 0 0 1 0 0 1 0 1 0 0 0 0 0 2 1 0 0 1 0 0 1 0 0 0 0 0 0 1 0 0 0 3 0 1 0 0 0 3 0 2 0 1 0 3 0 2 0 0 0 3 0 3 0 1 0 2 0 2 0 3 0 0 0 1 0 1 0 0 0 1 0 2 1 0 0 2 0 2 1 0 0 1 0 3 0 0 0 0 0 2 0 2 1 0 0 1 0 3 0 2 0 2 0 2 0 2 0 2 0 2 1 0 1 0 0 0 0 0 0 2 0 2 0 2 0 0 0 3 0 1 0 3 0 0 0 0 0 0 0 1 0 1 1 0 0 3 0 1 1 0 1 0 0 1 0 2
0 673 3 0 2 0 0 0 0 0 2 0 0 0 0 1 0 0 0 0 0 0 1 1 0 0 3 0 1 0 3 0 2 0 2 0 3 0 0 0 2 0 2 0 0 0 3 0 1 0 2 0 3 0 2 1 0 0 1 0 1 0 0 0 0 0 0 1 0 1 0 0 1 0 1 0 3 0 3 0 3 0 2 0 1 0 1 0 3 0 1 0 0 0 2 0 3 0 3 0 2 0 1 0 2 0 2 0 0 0 2 1 0 0 0 0 3 0 1 0 2 0 2 0 2 1 0 0 1 0 0 1 0 0 2 0 1 0 0 1 0 0 3 0 2 0 0 0 1 0 0 0 1 0 0 0 2 0 0 0 0 1 0 0 2 0 1 0 2 0 2 0 1 0 1 0 3 0 1 0 3 0 1 1 0 0 2 0 2 0 3 0 2 0 1 0 0 0 0 0 0 0 3 0 1 0 2 0 3 0 3 0 0 0 1 0 0 1 0 0 3 0 0 0 0 0 2 0 0 0 3 0 0 0 1 0 0 0 1 0 3 0 0 1 0 0 0 1 0 0 0 0 3 0 1 0 3 0 1 0 3 0 3 0 1 0 0 0 3 0 2 0 2 0 0 0 0 0 3 0 2 0 0 0 3 0 2 1 0 0 2 1 0 0 0 0 2 0 1 1 0 1 0 1 0 0 1 0 0 1 0 0 2 0 0 0 2 0 2 0 2 0 3 0 1 0 2 1 0 1 0 1 0 0 0 0 3 0 0 1 0 0 3 0 0 0 0 0 1 0 1 0 1 0 3 0 1 1 0 1 0 1 0 1 0 0 0 0 1 1 0 1 0 0 1 0 3 0 1 0 1 0 1 0 2 0 1 0 2 1 0 1 0 1 0 0 0 0 0 1 0 1 0 0 2 0 0 1 0 0 1 1 0 0 2 0 1 0 1 0 1 0 0 0 2 0 0 0 1 0 2 0 1 0 2 0 2 0 0 0 1 1 0 0 3 0 2 0 2 1 0 0 3 0 0 0 1 0 2 0 0 0 0 0 2 0 1 1 0 0 3 0 0 0 1 0 1 0 0 0 2 1 0 0 3 0 1 0 0 0 0 0 0 1 0 0 2 1 0 1 0 0 3 0 0 0 2 0 2 1 0 0 2 0 2 0 1 1 0 0 2 0 3 0 1 0 2 0 0 0 1 0 0 1 0 0 2 0 1 0 2 1 0 0 0 0 2 0 1 0 1 0 3 0 1 0 2 0 0 1 0 0 3 0 0 0 2 0 2 0 2 1 0 0 1 0 1 0 2 0 1 0 2 0 2 0 0 0 3 0 1 0 0 0 0 0 1 1 0 0 3 0 1 0 1 0 1 0 0 0 1 1 0 0 3 0 2 0 1 0 1 0 1 0 1 0 1 0 2 0 0 0 2 1 0 0 1 0 0 0 1 0 0 0 2 0 1 1 0 0 2 0 1 0 0 0 0 0 2 1 0 0 0 0 2 0 0 0 0 0 3 0 2 0 0
0 675 1 0 2 0 0 0 1 0 0 1 0 0 1 0 1 0 2 1 0 0 0 1 0 0 0 0 1 1 0 0 3 0 1 0 1 0 2 0 2 0 0 0 0 0 2 0 1 1 0 0 1 0 3 0 1 1 0 0 2 0 2 0 0 0 0 0 1 1 0 0 3 0 1 0 3 0 2 0 3 0 3 0 0 0 3 0 3 0 1 0 3 0 1 0 0 0 3 0 3 0 0 1 0 0 1 0 0 0 2 0 0 1 0 0 1 0 1 1 0 0 1 0 1 0 1 1 0 0 2 0 1 0 3 0 3 0 2 0 1 1 0 0 2 0 0 0 1 0 2 0 0 0 2 0 0 1 0 0 1 0 1 0 3 0 3 0 3 0 0 0 0 0 3 0 3 0 1 1 0 0 3 0 0 0 0 0 0 0 1 0 3 0 0 0 3 0 0 0 0 0 1 0 1 1 0 0 1 0 3 0 2 0 1 0 2 0 1 1 0 0 1 0 1 0 0 1 0 0 2 0 1 0 1 0 2 0 0 0 3 0 1 0 2 0 3 0 0 0 3 0 0 0 1 1 0 0 2 1 0 0 3 0 2 0 3 0 1 0 2 0 1 0 0 0 1 0 1 0 2 0 0 0 2 0 2 0 2 0 0 0 0 1 0 0 1 0 0 0 0 0 0 1 0 0 3 0 1 0 1 0 3 0 3 0 1 0 0 0 1 0 1 0 2 1 0 0 2 0 0 1 0 0 3 0 0 0 1 0 2 1 0 0 1 0 1 0 0 0 2 0 2 0 3 0 2 0 0 0 0 1 0 1 0 0 2 1 0 1 0 0 0 0 3 0 2 0 1 0 3 0 2 0 2 1 0 1 0 0 2 0 0 1 0 0 2 1 0 0 1 1 0 0 3 0 3 0 1 0 3 0 2 0 3 0 3 0 2 0 2 0 2 0 0 1 0 0 1 0 2 1 0 1 0 0 1 0 0 0 1 1 0 0 0 0 2 0 1 0 2 0 0 0 1 0 1 0 2 1 0 0 1 0 1 0 0 0 0 0 0 0 1 0 1 0 2 0 2 0 1 0 1 0 0 0 1 0 3 0 0 0 0 0 1 1 0 0 1 0 0 1 0 0 1 0 2 0 0 0 2 0 0 0 0 0 1 0 0 0 0 0 0 0 2 1 0 0 0 0 1 0 2 0 1 0 3 0 3 0 3 0 0 1 0 0 0 1 0 0 3 0 3 0 1 1 0 0 0 0 2 1 0 0 1 0 2 0 0 0 1 0 1 1 0 0 2 0 2 1 0 1 0 0 1 0 0 0 2 0 1 0 3 0 0 0 0 1 0 0 0 0 1 0 3 0 2 0 2 0 0 1 0 0 0 0 2 0 0 0 3 0 2 0 2 0 2 0 2 1 0 0 2 0 0 1 0 0 2 0 0 0 2 0 0 1 0 1 0 1 0 1 0 0 3 0 0 0 1 0 0 1 0 0 0 1 0 0 1 0 1 0 2 0 0 0 1
1 675 2 1 0 0 1 0 2 0 1 0 3 0 1 0 3 0 0 1 0 0 1 0 2 1 0 1 0 0 0 0 1 0 3 0 3 0 0 0 0 0 1 0 0 1 0 1 0 1 0 0 3 0 2 0 0 0 0 0 0 0 0 0 1 0 0 1 0 0 0 0 1 1 0 0 3 0 1 0 3 0 2 0 2 0 2 0 2 1 0 0 2 0 3 0 1 0 2 0 2 0 2 0 3 0 1 0 0 1 0 0 2 0 3 0 1 0 3 0 3 0 1 0 2 0 3 0 3 0 3 0 3 0 2 0 3 0 0 1 0 1 0 1 0 0 1 0 2 1 0 0 1 1 0 0 2 0 3 0 1 0 3 0 2 0 3 0 2 0 1 0 1 0 2 0 3 0 0 0 0 0 1 0 1 0 0 0 0 0 3 0 1 0 2 0 1 0 1 0 0 0 2 0 3 0 3 0 2 0 2 0 0 1 0 0 0 1 0 1 0 0 2 0 2 0 1 0 3 0 3 0 2 0 2 1 0 0 2 0 1 1 0 0 1 0 2 0 2 0 1 0 1 1 0 0 0 0 1 0 0 0 2 0 1 0 2 1 0 0 0 0 3 0 0 0 2 0 2 1 0 0 2 0 0 0 1 0 0 0 1 0 1 0 3 0 1 0 0 0 0 0 1 1 0 0 1 0 3 0 3 0 2 0 2 0 3 0 0 0 2 0 3 0 0 1 0 1 0 0 2 1 0 0 1 0 1 0 3 0 0 1 0 0 2 0 2 0 1 0 0 0 1 0 3 0 0 0 1 0 1 1 0 1 0 0 1 0 0 0 3 0 0 0 2 0 0 1 0 0 3 0 1 0 2 0 0 0 3 0 3 0 1 1 0 0 0 1 0 1 0 0 0 0 2 0 2 1 0 0 3 0 1 0 3 0 3 0 1 0 1 0 0 0 2 0 3 0 2 0 1 0 0 0 3 0 1 0 0 0 3 0 2 1 0 1 0 1 0 0 0 0 1 0 2 0 3 0 0 1 0 0 2 0 2 0 0 0 0 0 0 0 2 0 3 0 0 0 0 0 3 0 2 0 0 0 3 0 1 0 1 0 0 0 3 0 3 0 1 0 1 0 3 0 1 1 0 0 1 1 0 0 1 0 0 0 2 0 0 0 0 0 1 0 0 1 0 0 0 0 2 1 0 1 0 0 3 0 3 0 2 0 2 0 3 0 0 1 0 0 2 0 2 1 0 1 0 0 1 0 0 1 0 0 2 1 0 0 1 0 2 1 0 0 0 0 0 0 2 0 0 0 3 0 1 0 0 1 0 1 0 0 2 0 1 0 1 0 2 1 0 0 3 0 2 0 1 0 0 0 2 0 2 1 0 1 0 0 2 0 2 0 1 0 1 0 1 0 1 1 0 1 0 0 2 0 3 0 3 0 0 1 0 0 2 1 0 1 0 1 0 1 0 0 1 0 1 0 2 0 1 0 3 0 0 0 3 0 1 0 2 1 0 0 1 0 2
0 677 1 0 0 1 0 0 2 1 0 1 0 0 2 1 0 0 2 0 2 0 3 0 2 0 1 0 0 0 2 1 0 0 3 0 2 0 2 0 1 0 0 0 2 0 1 1 0 1 0 1 0 0 2 0 0 0 1 0 0 0 0 0 0 0 2 0 1 0 2 1 0 1 0 0 0 0 1 1 0 0 3 0 1 0 1 0 1 0 2 0 0 0 0 0 2 1 0 0 1 0 1 0 1 0 2 0 3 0 1 1 0 0 0 0 2 1 0 0 3 0 2 1 0 0 1 0 3 0 3 0 3 0 3 0 1 0 2 0 2 1 0 1 0 0 3 0 2 0 0 1 0 1 0 0 0 0 0 0 2 1 0 0 3 0 1 0 3 0 0 0 3 0 3 0 0 0 2 0 1 0 0 0 2 0 2 0 0 0 1 0 1 1 0 0 0 0 3 0 2 0 1 0 0 0 3 0 3 0 1 0 0 0 2 0 3 0 0 1 0 1 0 0 0 0 0 1 0 0 3 0 3 0 1 0 1 1 0 1 0 1 0 1 0 0 3 0 0 0 0 0 3 0 3 0 2 1 0 0 2 0 0 1 0 1 0 0 1 1 0 0 1 0 1 0 2 0 0 0 1 1 0 1 0 0 1 0 2 0 0 0 2 0 3 0 1 0 3 0 0 0 0 0 3 0 3 0 2 0 2 0 3 0 1 0 1 0 2 0 2 0 0 0 2 0 2 1 0 1 0 0 0 1 0 0 2 0 3 0 1 0 2 1 0 0 0 0 0 0 3 0 0 0 3 0 1 0 1 0 2 1 0 0 0 0 3 0 1 0 1 0 1 0 1 1 0 0 2 1 0 0 1 1 0 0 0 0 2 0 2 0 2 1 0 1 0 0 1 1 0 0 3 0 0 0 0 0 2 0 0 0 1 1 0 0 3 0 2 0 3 0 2 0 1 0 0 0 3 0 0 0 3 0 1 0 1 0 3 0 1 0 2 0 2 0 0 1 0 0 2 1 0 0 3 0 0 0 2 0 2 1 0 0 0 0 0 0 1 0 0 0 1 0 0 0 2 0 1 0 1 0 2 0 0 0 2 0 1 0 3 0 2 0 1 0 2 0 2 0 3 0 3 0 1 1 0 1 0 0 3 0 3 0 1 0 0 1 0 0 1 0 0 0 2 0 1 0 3 0 0 0 1 0 0 1 0 0 2 0 3 0 1 0 1 0 2 0 2 1 0 0 0 0 2 0 0 0 3 0 1 0 1 1 0 0 0 1 0 0 3 0 0 1 0 0 0 0 0 1 0 0 2 0 1 0 3 0 1 1 0 0 3 0 3 0 2 0 3 0 1 0 0 0 2 0 0 0 3 0 1 0 0 0 2 0 0 1 0 0 0 0 0 0 3 0 2 0 2 1 0 0 0 1 0 0 0 0 3 0 2 0 2 1 0 0 1 0 0 1 0 1 0 0 3 0 1 0 2 1 0 1 0 0 2 0 2 0 1 1 0 0 1 1 0 0 3 0 0
0 677 2 0 1 1 0 0 1 0 0 1 0 0 1 0 0 0 0 0 1 0 3 0 0 0 3 0 1 0 1 0 0 0 2 0 1 0 0 0 3 0 1 0 0 0 0 0 0 1 0 0 3 0 3 0 0 0 2 0 0 0 0 0 0 1 0 1 0 0 2 0 0 0 2 1 0 1 0 0 0 0 1 0 3 0 2 0 2 1 0 0 1 0 1 0 0 1 0 0 2 0 2 0 3 0 0 0 2 1 0 1 0 0 1 0 1 0 0 0 2 0 1 1 0 0 3 0 2 0 3 0 3 0 2 1 0 0 1 0 2 0 0 1 0 0 2 0 0 0 2 1 0 0 2 1 0 0 1 0 1 0 0 0 1 1 0 0 2 0 2 0 2 0 2 0 1 1 0 0 3 0 1 0 0 0 0 0 1 0 2 0 3 0 3 0 0 0 2 0 0 0 3 0 1 0 2 0 2 0 3 0 1 0 0 0 2 0 2 1 0 0 2 1 0 0 1 1 0 0 2 0 2 1 0 0 0 0 0 1 0 1 0 1 0 0 1 0 1 0 1 0 2 0 3 0 1 1 0 1 0 0 2 1 0 0 3 0 2 0 3 0 1 0 2 1 0 0 1 1 0 0 0 0 3 0 1 1 0 0 2 0 0 0 2 1 0 0 2 0 1 0 1 0 2 0 3 0 1 0 1 0 2 0 3 0 3 0 0 0 0 0 2 0 0 0 2 0 0 0 3 0 0 1 0 0 0 0 2 1 0 0 1 1 0 0 0 0 1 0 1 0 2 0 1 0 3 0 3 0 0 1 0 0 1 0 1 0 3 0 2 0 2 1 0 0 0 0 0 1 0 0 3 0 3 0 0 0 0 0 1 0 2 0 0 0 3 0 2 1 0 0 1 0 1 0 0 1 0 0 1 1 0 0 0 0 2 0 1 0 3 0 0 0 3 0 1 0 1 0 2 0 1 0 3 0 3 0 1 1 0 0 1 0 0 0 2 1 0 0 1 0 0 0 1 0 2 0 0 0 1 1 0 0 0 0 0 0 2 0 0 0 2 0 0 1 0 0 3 0 2 1 0 0 1 1 0 1 0 0 3 0 0 1 0 0 1 0 1 0 3 0 3 0 0 0 0 1 0 0 2 0 2 0 3 0 1 0 3 0 1 0 0 1 0 1 0 0 2 0 1 0 2 0 1 1 0 0 0 0 2 0 3 0 3 0 0 0 1 1 0 0 0 1 0 0 2 0 1 0 3 0 3 0 3 0 0 1 0 0 1 0 2 0 2 1 0 0 1 0 3 0 3 0 3 0 2 0 0 0 0 0 2 0 3 0 1 0 2 0 3 0 0 1 0 0 2 0 1 0 3 0 0 1 0 0 2 0 2 1 0 0 1 0 2 0 1 0 1 1 0 0 1 0 3 0 0 0 2 0 1 0 1 1 0 0 2 0 1 1 0 1 0 0 1 1 0 0 2 0 0 1 0 0 0 0 0 1 0 1 0 1 0 0 0 0 1 0 1
1 678 1 0 1 0 1 0 0 2 0 1 0 3 0 1 0 0 0 0 0 3 0 1 0 2 0 1 0 3 0 2 0 0 1 0 0 3 0 1 0 1 0 3 0 0 0 0 0 1 1 0 0 2 0 2 0 1 1 0 0 1 0 0 0 1 1 0 0 3 0 3 0 1 0 1 0 0 0 2 1 0 0 3 0 2 0 1 0 1 1 0 0 2 0 2 0 1 1 0 0 0 0 1 0 2 0 2 0 1 0 0 0 3 0 1 0 2 0 1 0 0 0 0 0 0 0 2 0 1 0 3 0 3 0 1 1 0 0 2 1 0 0 2 0 3 0 3 0 1 0 1 0 0 0 0 1 0 0 2 0 2 0 0 1 0 0 0 0 0 0 1 0 1 0 1 0 0 0 0 0 1 0 3 0 0 0 0 0 3 0 0 0 3 0 2 0 1 1 0 0 2 0 1 1 0 0 1 0 1 0 2 0 3 0 1 0 0 0 2 0 0 0 0 1 0 1 0 0 0 0 0 0 1 1 0 0 0 0 1 1 0 1 0 0 3 0 1 0 2 0 3 0 0 0 3 0 0 0 0 1 0 0 1 0 0 0 2 0 1 0 2 1 0 0 1 1 0 0 3 0 3 0 0 0 1 1 0 1 0 1 0 0 2 0 0 1 0 1 0 0 3 0 3 0 0 0 2 0 3 0 3 0 0 0 3 0 2 0 1 0 0 1 0 0 1 1 0 0 2 0 1 0 2 0 3 0 0 0 0 1 0 0 3 0 2 1 0 0 2 0 2 1 0 1 0 0 3 0 2 0 2 0 3 0 1 0 3 0 2 0 1 0 1 1 0 0 0 0 1 1 0 0 2 0 2 0 1 0 0 0 2 1 0 0 2 0 2 0 1 1 0 0 2 0 2 0 1 0 3 0 2 0 2 1 0 1 0 1 0 0 2 0 2 0 1 0 3 0 2 1 0 1 0 0 3 0 2 1 0 1 0 0 2 0 1 0 0 1 0 0 2 0 0 0 2 1 0 0 1 0 3 0 2 1 0 0 0 1 0 0 1 1 0 0 2 1 0 0 2 0 1 1 0 1 0 0 0 1 0 0 1 0 2 0 3 0 1 0 3 0 2 0 2 0 1 0 1 1 0 0 0 0 1 0 2 1 0 0 2 0 3 0 1 1 0 0 3 0 3 0 2 1 0 1 0 1 0 0 1 0 0 0 3 0 2 0 1 0 3 0 3 0 0 0 3 0 3 0 3 0 2 0 3 0 2 0 2 0 3 0 2 0 0 0 1 1 0 0 3 0 2 0 3 0 3 0 0 0 1 0 1 0 0 0 2 1 0 0 1 0 2 0 2 0 3 0 3 0 3 0 1 0 2 1 0 0 0 0 1 1 0 0 2 1 0 0 3 0 3 0 3 0 2 0 1 0 1 1 0 1 0 0 0 0 0 0 0 0 0 0 0 0 3 0 2 0 3 0 3 0 1 0 2 1 0 0 1 1 0 1 0 0 2 1 0 0 2 0 2
0 679 1 1 0 1 0 0 3 0 3 0 3 0 1 0 3 0 0 0 1 0 1 1 0 0 0 1 0 0 3 0 0 0 2 1 0 0 1 0 3 0 3 0 1 0 1 0 0 1 0 0 0 0 0 0 0 1 0 1 0 0 2 0 0 1 0 0 0 0 2 0 2 0 3 0 2 0 1 0 1 0 0 0 2 0 0 1 0 0 0 0 0 0 0 0 0 1 0 1 0 0 0 0 3 0 0 0 0 0 3 0 1 0 1 1 0 0 0 0 3 0 0 0 0 0 0 1 0 1 0 0 3 0 3 0 0 0 0 0 1 0 0 0 0 0 3 0 2 0 3 0 2 0 0 0 1 1 0 0 0 0 0 0 2 0 2 1 0 0 0 0 2 0 2 0 2 0 0 0 0 0 3 0 1 0 1 0 1 0 1 0 2 0 2 0 0 1 0 1 0 1 0 1 0 1 0 0 2 0 3 0 0 0 2 0 3 0 0 1 0 0 1 0 1 1 0 0 2 1 0 0 0 0 3 0 2 1 0 1 0 0 0 1 0 0 1 1 0 0 1 0 2 0 2 0 1 0 1 0 1 0 3 0 1 0 0 1 0 1 0 0 1 1 0 1 0 0 0 0 2 0 2 0 1 1 0 0 0 1 0 0 3 0 3 0 1 1 0 1 0 0 2 0 2 0 2 0 0 0 3 0 2 0 2 0 2 0 0 0 3 0 1 0 3 0 2 0 3 0 3 0 3 0 0 0 2 0 1 0 1 1 0 0 2 0 2 0 0 0 0 0 2 0 0 1 0 0 2 0 1 0 1 0 2 1 0 0 3 0 0 0 3 0 3 0 2 1 0 1 0 0 0 0 0 0 0 0 3 0 1 0 1 0 0 0 0 0 1 0 0 0 0 0 0 0 0 1 0 0 3 0 1 0 2 0 0 1 0 1 0 0 0 0 0 1 0 0 3 0 2 0 0 1 0 0 2 0 2 0 0 0 3 0 3 0 2 0 1 0 3 0 3 0 1 0 0 1 0 0 3 0 2 0 1 1 0 0 1 0 3 0 2 1 0 0 1 0 0 0 0 0 0 0 0 0 3 0 0 0 3 0 2 0 0 0 2 1 0 0 3 0 1 0 0 0 3 0 3 0 2 1 0 0 3 0 1 0 0 0 0 0 3 0 0 0 0 0 2 0 3 0 2 0 0 1 0 0 3 0 1 0 1 0 2 0 0 1 0 0 3 0 2 0 2 0 2 0 3 0 3 0 1 0 3 0 1 0 1 0 3 0 0 0 1 1 0 0 0 0 2 0 1 0 3 0 2 0 1 0 2 0 2 0 1 0 0 1 0 0 3 0 0 0 1 0 3 0 3 0 2 1 0 0 1 1 0 0 0 1 0 0 0 0 1 0 0 0 2 0 3 0 3 0 0 1 0 0 0 0 0 0 2 1 0 0 0 0 0 0 0 0 1 0 2 0 1 0 3 0 2 1 0 0 1 1 0 1 0 0 0 1 0 0 1 0 0 0 0 0 1
1 680 1 0 0 0 1 0 0 2 0 3 0 2 1 0 0 2 0 1 0 2 0 3 0 3 0 0 1 0 0 1 0 2 0 0 1 0 0 3 0 2 0 2 0 3 0 2 0 1 0 2 1 0 0 0 0 1 1 0 0 3 0 3 0 1 0 3 0 0 0 0 0 1 0 3 0 0 0 3 0 2 0 0 1 0 0 2 0 2 1 0 0 0 0 0 0 1 1 0 0 3 0 0 0 1 0 1 0 1 0 1 0 3 0 3 0 3 0 0 0 1 0 1 0 0 0 1 1 0 1 0 0 2 0 2 0 1 0 0 0 2 0 0 0 1 0 2 0 1 0 3 0 0 0 1 0 3 0 2 1 0 0 1 0 0 0 1 1 0 0 1 0 0 0 1 0 0 0 1 0 1 0 1 0 3 0 2 0 2 0 3 0 0 0 0 0 2 1 0 1 0 1 0 1 0 1 0 0 0 0 2 0 2 0 0 0 2 0 2 0 3 0 1 1 0 0 0 0 0 1 0 0 1 0 2 0 2 0 0 0 3 0 0 0 3 0 2 0 3 0 2 0 0 0 0 0 3 0 2 0 3 0 1 0 3 0 1 1 0 0 3 0 2 1 0 0 3 0 0 0 0 0 0 1 0 1 0 0 1 1 0 0 2 0 3 0 0 0 0 1 0 0 0 0 1 0 0 0 2 0 2 0 1 0 1 0 0 0 2 0 1 1 0 0 3 0 1 0 3 0 3 0 2 0 1 1 0 1 0 0 0 0 0 0 0 0 0 0 1 0 0 1 0 0 2 0 3 0 3 0 2 0 3 0 1 0 0 0 1 0 2 0 2 0 3 0 2 0 0 0 2 1 0 0 0 0 1 0 1 0 3 0 2 0 0 0 0 0 2 0 0 0 0 0 0 0 1 1 0 0 1 1 0 0 0 0 2 1 0 0 2 1 0 0 1 1 0 0 2 0 0 0 2 1 0 0 0 0 0 0 2 0 2 0 3 0 0 1 0 0 3 0 2 0 3 0 1 1 0 0 2 0 0 1 0 1 0 0 3 0 2 0 1 1 0 0 2 0 0 0 0 0 0 0 1 0 1 0 2 0 2 0 0 0 2 0 1 0 0 0 1 0 3 0 1 0 2 0 3 0 2 0 0 0 1 0 3 0 0 0 1 0 1 0 1 0 1 0 0 0 3 0 0 0 2 1 0 0 1 0 3 0 2 1 0 0 2 1 0 0 2 0 1 0 1 0 1 0 3 0 2 1 0 0 2 0 3 0 3 0 1 0 1 0 3 0 2 1 0 1 0 1 0 0 3 0 0 1 0 0 1 0 0 0 3 0 1 1 0 0 1 0 1 0 3 0 2 0 3 0 1 1 0 0 3 0 3 0 0 0 2 1 0 0 2 0 1 0 0 0 3 0 2 0 2 0 2 1 0 0 1 0 0 1 0 0 0 0 0 0 0 0 2 1 0 1 0 0 3 0 1 1 0 1 0 0 0 0 3 0 0 0 3 0 1 0 0 0 0 0 2
0 681 1 0 3 0 0 1 0 0 0 0 3 0 1 1 0 1 0 1 0 0 1 0 3 0 2 0 2 0 3 0 1 1 0 0 2 1 0 0 2 0 1 0 1 0 3 0 0 1 0 0 1 1 0 0 0 1 0 0 0 0 2 0 2 1 0 0 2 0 1 0 0 0 3 0 1 0 2 0 2 0 0 0 2 1 0 0 0 0 1 1 0 0 0 0 0 1 0 0 0 0 1 0 1 0 2 0 2 0 2 0 3 0 2 0 3 0 2 0 1 0 2 0 2 0 0 1 0 0 0 1 0 0 0 0 0 0 3 0 0 1 0 0 1 0 2 1 0 1 0 0 2 0 1 0 3 0 2 0 1 1 0 0 2 0 0 0 3 0 3 0 1 0 0 0 2 0 0 0 2 0 2 0 3 0 2 0 1 0 1 0 2 0 1 0 1 0 1 0 0 1 0 1 0 1 0 0 3 0 0 0 0 0 0 0 2 0 0 0 1 0 2 1 0 1 0 0 0 0 1 0 3 0 2 0 0 0 0 0 2 0 1 0 2 0 2 0 1 0 3 0 0 0 1 0 1 0 2 0 1 0 2 1 0 0 3 0 0 0 0 0 2 0 2 0 0 0 1 0 1 0 0 0 1 1 0 0 3 0 2 1 0 0 0 0 2 0 1 0 1 0 2 1 0 0 2 0 1 0 0 0 0 0 3 0 2 0 1 0 0 0 0 0 0 0 1 1 0 0 3 0 3 0 1 0 0 0 0 0 2 1 0 0 0 0 0 0 0 0 2 0 1 1 0 0 0 0 3 0 3 0 1 0 2 0 3 0 0 0 3 0 0 0 1 0 3 0 0 0 2 0 0 1 0 0 0 0 2 0 3 0 2 0 0 0 1 0 0 1 0 0 1 0 0 0 0 0 3 0 3 0 2 0 3 0 0 0 1 0 0 0 0 1 0 0 3 0 3 0 3 0 1 0 0 1 0 0 0 0 1 0 0 0 1 0 2 0 2 1 0 0 2 0 1 0 2 1 0 1 0 1 0 0 2 1 0 1 0 0 2 0 0 1 0 1 0 1 0 0 1 0 0 0 0 0 2 0 3 0 0 0 0 0 1 1 0 0 3 0 0 0 3 0 1 1 0 0 1 0 3 0 0 0 1 0 3 0 1 0 1 0 2 0 2 0 2 0 2 0 1 0 1 0 2 0 0 1 0 0 3 0 2 0 2 0 0 0 0 1 0 1 0 0 3 0 2 0 3 0 2 0 2 0 0 0 0 0 3 0 2 0 3 0 3 0 2 0 2 0 0 1 0 1 0 0 1 0 2 0 3 0 1 0 1 0 1 1 0 1 0 0 2 0 3 0 2 0 1 0 3 0 0 0 0 0 2 0 2 0 2 0 0 1 0 1 0 0 3 0 1 0 2 0 1 0 1 0 1 1 0 0 2 0 1 0 2 1 0 0 0 0 1 0 1 0 0 1 0 0 2 0 0 0 0 0 3 0 0 0 1 0 2 0 1 0 3 0 0 0 1 0 0
0 681 3 0 1 0 2 0 3 0 0 0 2 0 0 0 0 1 0 0 3 0 2 0 2 0 1 0 1 0 3 0 0 0 0 0 0 1 0 1 0 0 3 0 3 0 1 0 2 0 3 0 2 0 3 0 0 0 3 0 0 0 0 0 1 1 0 1 0 0 3 0 1 0 1 1 0 0 1 0 0 0 2 0 0 1 0 0 0 0 3 0 2 1 0 0 1 0 2 1 0 0 2 0 3 0 0 0 1 0 1 0 3 0 1 0 3 0 0 1 0 0 1 0 0 0 2 0 3 0 0 0 2 1 0 0 1 0 1 0 2 0 3 0 2 0 1 0 0 0 3 0 3 0 3 0 2 0 0 1 0 1 0 1 0 0 2 0 2 0 2 0 3 0 0 1 0 0 2 0 0 0 1 0 3 0 0 0 3 0 2 1 0 0 3 0 2 0 2 0 1 1 0 1 0 1 0 0 1 0 1 0 0 0 0 1 0 0 1 0 3 0 1 0 0 0 2 1 0 0 3 0 2 0 0 0 1 0 0 1 0 1 0 0 1 0 0 1 0 0 2 0 1 0 2 0 2 1 0 1 0 0 2 0 0 0 1 0 1 0 1 0 0 0 0 0 1 0 2 0 2 0 0 1 0 0 0 0 2 0 1 1 0 0 0 1 0 0 3 0 3 0 0 1 0 1 0 0 3 0 0 0 1 0 2 0 0 0 3 0 0 0 0 0 0 1 0 0 0 0 2 0 2 0 3 0 0 0 1 0 0 1 0 0 0 0 0 0 0 1 0 1 0 1 0 0 1 0 2 0 2 1 0 0 1 0 2 0 2 0 1 0 1 0 3 0 1 0 1 1 0 0 2 0 3 0 0 0 0 0 3 0 0 0 1 0 2 0 1 0 3 0 1 0 0 0 1 0 2 0 3 0 1 0 2 0 1 0 2 0 0 0 1 1 0 0 2 0 3 0 2 0 3 0 1 0 2 1 0 0 2 0 0 0 3 0 0 0 1 1 0 1 0 1 0 0 2 0 0 1 0 1 0 0 1 0 0 0 3 0 3 0 1 1 0 1 0 0 3 0 1 0 0 0 1 0 0 0 2 0 1 0 0 1 0 0 0 0 1 0 2 0 1 1 0 1 0 0 3 0 1 0 1 0 3 0 1 0 3 0 3 0 0 0 1 0 1 0 0 0 3 0 2 1 0 0 2 1 0 0 2 0 1 0 0 0 1 0 1 1 0 1 0 0 2 0 1 0 3 0 1 0 0 0 1 0 1 0 2 0 1 0 3 0 3 0 1 0 0 0 2 1 0 0 3 0 2 0 0 0 2 0 3 0 2 1 0 0 0 1 0 0 0 0 3 0 0 1 0 0 2 0 1 0 1 0 0 0 1 0 0 0 2 1 0 1 0 0 1 1 0 0 0 0 3 0 2 0 3 0 3 0 3 0 3 0 0 1 0 0 0 0 2 0 2 0 1 0 3 0 3 0 0 0 1 0 1 0 1 0 2 1 0 1 0 0 2 0 1 0 2 0 0
0 683 1 0 1 1 0 0 1 0 2 0 1 1 0 0 1 0 1 1 0 0 2 0 1 0 0 0 3 0 3 0 1 0 1 0 0 0 1 1 0 1 0 0 2 0 2 1 0 0 1 0 3 0 1 0 2 0 2 0 1 0 1 0 0 1 0 0 0 1 0 0 1 0 3 0 3 0 3 0 1 0 0 1 0 0 2 0 3 0 0 0 2 0 1 1 0 0 3 0 1 0 0 0 0 0 2 0 1 0 2 0 3 0 1 1 0 0 2 0 2 0 3 0 1 0 1 0 0 0 2 0 2 0 0 1 0 0 2 0 3 0 0 0 3 0 0 0 3 0 1 0 2 0 3 0 3 0 0 0 2 1 0 1 0 1 0 0 0 0 1 0 1 0 2 0 2 0 3 0 3 0 0 0 3 0 1 0 2 0 2 0 2 0 0 0 2 0 1 0 1 0 0 0 0 1 0 0 3 0 1 0 2 0 0 0 1 0 3 0 2 0 1 0 3 0 1 0 1 0 0 0 2 0 0 0 1 0 2 0 1 1 0 0 3 0 1 0 1 0 3 0 3 0 3 0 0 0 2 0 0 0 3 0 3 0 0 0 2 0 2 0 2 0 0 0 0 0 3 0 0 0 0 0 2 0 2 1 0 1 0 1 0 1 0 0 1 1 0 0 2 0 2 0 2 1 0 1 0 0 1 0 1 0 2 1 0 0 2 0 1 0 1 0 0 0 1 0 3 0 0 0 0 0 1 0 2 0 1 0 2 0 1 0 2 1 0 0 0 0 1 1 0 1 0 0 3 0 2 0 0 0 1 1 0 0 3 0 0 0 0 0 3 0 3 0 1 1 0 0 0 0 0 0 0 0 2 0 1 0 1 0 1 0 1 0 2 1 0 1 0 0 2 0 3 0 0 0 3 0 0 0 2 1 0 0 0 1 0 0 0 0 1 1 0 0 0 0 0 0 3 0 1 0 2 1 0 0 1 1 0 1 0 0 2 0 1 0 1 1 0 0 0 1 0 0 3 0 3 0 1 1 0 0 3 0 1 0 1 0 2 0 3 0 0 0 0 1 0 0 1 0 3 0 0 0 2 0 0 1 0 0 3 0 1 0 2 1 0 0 3 0 0 0 0 0 0 1 0 0 1 0 3 0 3 0 1 1 0 0 3 0 2 0 1 0 2 0 2 0 1 0 2 0 2 0 0 0 0 1 0 1 0 0 3 0 0 0 2 1 0 0 0 0 3 0 3 0 3 0 1 0 3 0 0 0 2 0 2 1 0 1 0 0 3 0 2 0 3 0 1 0 1 0 0 0 2 0 0 0 2 0 0 0 3 0 1 1 0 0 1 0 3 0 0 0 1 0 2 0 3 0 3 0 2 0 2 0 0 0 2 0 1 0 1 0 0 0 3 0 2 0 3 0 0 0 2 0 1 0 3 0 3 0 3 0 2 0 2 0 3 0 0 0 0 0 0 1 0 0 3 0 2 0 1 0 2 0 2 0 3 0 1 0 0 0 3 0 3 0 2 1 0 0 1
1 683 2 0 3 0 3 0 1 1 0 1 0 1 0 0 2 0 3 0 3 0 3 0 2 0 1 0 2 0 2 0 3 0 2 0 0 1 0 0 0 1 0 0 0 0 1 1 0 0 3 0 1 1 0 0 1 0 0 0 3 0 2 0 1 0 3 0 0 0 3 0 2 0 2 0 3 0 2 0 3 0 1 1 0 0 0 0 2 0 2 0 0 0 0 0 0 0 1 0 3 0 0 0 0 1 0 1 0 0 1 0 3 0 0 0 0 0 0 0 1 0 2 0 3 0 2 0 1 0 0 0 0 0 2 1 0 0 0 0 2 0 2 0 1 0 2 0 1 1 0 0 1 0 3 0 2 0 2 0 1 0 0 1 0 0 2 1 0 0 2 0 3 0 0 0 1 0 3 0 2 0 2 0 1 1 0 0 1 0 1 0 0 0 1 1 0 0 3 0 2 0 0 0 1 1 0 0 1 1 0 0 0 0 1 0 3 0 2 0 0 1 0 0 2 0 3 0 2 0 0 1 0 0 1 0 3 0 0 0 0 0 0 0 1 0 3 0 3 0 2 0 3 0 2 0 1 1 0 0 2 0 2 0 2 0 2 0 0 0 1 0 0 0 1 0 1 0 1 0 1 0 1 0 0 0 2 0 0 1 0 1 0 0 3 0 2 1 0 0 0 0 1 0 2 0 0 0 3 0 1 0 3 0 0 1 0 1 0 0 3 0 2 0 0 0 3 0 1 0 1 0 0 0 2 1 0 1 0 0 0 1 0 0 1 1 0 0 0 1 0 0 0 1 0 0 2 0 0 0 1 1 0 0 0 0 1 0 1 0 1 0 2 0 2 1 0 1 0 0 0 0 0 0 0 1 0 0 3 0 2 0 2 0 3 0 1 0 0 1 0 0 0 0 2 0 2 0 1 0 2 0 0 1 0 0 1 0 2 1 0 0 3 0 2 1 0 0 1 0 1 1 0 0 1 1 0 1 0 0 0 0 3 0 3 0 2 0 3 0 3 0 0 1 0 0 2 0 3 0 0 0 0 0 1 0 3 0 3 0 0 0 2 0 1 0 1 0 3 0 2 0 1 0 1 1 0 0 2 1 0 0 1 1 0 0 2 0 0 0 1 0 1 0 0 0 1 0 3 0 2 0 2 0 3 0 0 0 0 0 2 0 0 1 0 0 1 0 0 1 0 0 1 0 0 0 1 0 1 1 0 1 0 0 1 0 2 0 0 1 0 0 1 0 2 0 3 0 2 1 0 0 2 0 2 0 0 0 2 0 0 1 0 0 2 0 1 0 2 0 3 0 2 0 0 1 0 0 1 1 0 0 2 0 1 1 0 1 0 0 3 0 1 0 1 0 3 0 0 0 3 0 3 0 1 0 0 0 1 1 0 0 3 0 2 0 1 0 2 0 1 0 2 0 1 1 0 1 0 0 3 0 3 0 3 0 1 0 1 0 2 0 1 0 0 0 1 1 0 0 2 0 0 1 0 0 1 0 1 0 2 0 3 0 1 0 2 0 3 0 1 1 0 0 2
0 685 1 0 0 0 3 0 3 0 0 0 0 1 0 1 0 0 0 0 3 0 3 0 3 0 0 1 0 0 1 0 1 0 3 0 0 0 2 0 3 0 0 0 2 1 0 1 0 0 0 0 1 1 0 1 0 0 2 0 1 0 2 0 0 1 0 0 2 0 2 0 2 0 1 0 1 0 3 0 1 0 2 1 0 1 0 0 1 0 0 0 0 0 1 0 0 0 0 0 3 0 1 0 1 0 1 1 0 0 3 0 2 0 1 0 1 0 0 0 0 0 3 0 0 0 3 0 0 0 3 0 0 0 1 0 0 1 0 0 1 0 0 0 0 1 0 0 0 1 0 1 0 0 3 0 2 0 1 0 0 0 3 0 1 1 0 0 1 0 0 0 0 0 2 0 1 0 3 0 2 0 1 0 0 1 0 1 0 0 2 0 2 0 0 1 0 0 0 0 2 0 0 0 1 0 3 0 3 0 2 0 2 1 0 0 3 0 2 0 0 0 2 1 0 0 0 0 3 0 0 0 2 0 3 0 2 0 1 0 1 0 0 0 0 0 3 0 2 0 3 0 1 0 3 0 1 0 0 0 0 0 0 0 1 0 1 0 0 0 1 0 2 0 0 0 2 0 2 0 2 0 2 0 2 0 0 1 0 0 2 1 0 1 0 0 2 0 1 1 0 0 0 0 2 1 0 0 2 0 1 1 0 0 2 0 2 1 0 1 0 0 2 0 0 0 2 0 1 0 3 0 2 0 1 0 1 0 0 0 3 0 0 0 3 0 2 0 3 0 0 0 3 0 0 0 3 0 3 0 0 0 3 0 2 1 0 0 2 0 2 0 3 0 0 0 2 0 0 0 2 1 0 0 0 0 1 1 0 0 2 0 1 0 1 0 2 0 3 0 1 0 3 0 0 0 0 0 0 1 0 0 0 0 2 0 3 0 2 0 1 0 0 0 2 0 1 1 0 0 2 0 3 0 3 0 2 1 0 0 3 0 0 0 2 0 3 0 1 0 3 0 2 0 2 1 0 0 0 0 2 0 1 0 0 0 3 0 2 0 2 0 1 1 0 0 3 0 3 0 2 0 0 1 0 0 0 0 0 0 0 1 0 0 3 0 3 0 3 0 0 0 2 0 2 0 0 0 3 0 2 0 1 0 1 0 2 0 1 0 0 1 0 0 2 0 3 0 1 0 1 0 3 0 1 0 0 0 2 1 0 0 0 0 3 0 1 1 0 0 2 0 3 0 2 0 0 0 3 0 2 0 0 0 0 0 0 0 1 1 0 0 2 0 3 0 3 0 3 0 0 0 3 0 0 0 2 0 3 0 2 1 0 0 0 0 0 0 0 1 0 0 1 0 3 0 3 0 1 0 2 0 2 0 2 0 3 0 0 1 0 0 0 0 2 0 0 1 0 0 0 1 0 0 1 0 0 0 0 1 0 0 2 0 3 0 2 0 3 0 2 1 0 0 3 0 0 0 3 0 3 0 3 0 1 0 3 0 1 0 3 0 0 0 2 1 0 0 1 0 3 0 0 0 0 0 0
0 685 2 0 1 0 2 0 2 0 1 0 1 1 0 0 3 0 0 0 2 0 3 0 2 0 2 0 3 0 1 0 3 0 1 0 2 0 0 0 2 0 2 0 1 0 0 0 2 1 0 1 0 0 0 0 3 0 3 0 2 1 0 0 2 1 0 0 0 0 1 0 0 0 3 0 3 0 1 1 0 0 2 0 0 0 3 0 1 0 0 0 0 0 2 0 0 0 1 0 1 0 3 0 2 1 0 0 0 0 2 0 0 0 3 0 2 0 0 0 1 0 1 0 2 0 1 0 2 0 1 0 1 0 2 0 1 0 3 0 1 0 0 0 1 0 3 0 0 1 0 1 0 0 2 0 0 0 3 0 1 0 1 1 0 1 0 0 2 0 0 0 0 1 0 1 0 0 3 0 0 0 3 0 1 1 0 1 0 0 0 0 0 0 2 0 2 1 0 1 0 0 1 0 3 0 2 0 3 0 1 0 2 0 0 0 2 0 0 0 2 0 0 1 0 0 1 0 1 0 2 0 0 0 3 0 0 0 3 0 2 0 0 0 1 0 2 0 1 0 2 1 0 0 2 0 3 0 0 0 0 0 0 0 2 0 2 0 0 0 2 1 0 0 2 0 0 0 1 0 1 0 1 0 0 0 2 1 0 0 1 0 0 0 3 0 3 0 3 0 3 0 0 0 1 0 0 0 0 0 0 0 0 0 0 0 2 0 0 0 3 0 3 0 0 1 0 1 0 0 3 0 0 0 3 0 2 0 1 0 1 0 2 0 2 0 1 0 2 0 2 0 1 0 2 0 2 0 2 0 2 0 2 0 2 0 0 0 0 0 1 0 2 0 1 1 0 0 2 0 0 1 0 0 0 0 3 0 3 0 3 0 2 0 3 0 0 0 2 1 0 0 2 0 1 0 0 0 1 0 3 0 0 0 0 0 3 0 0 0 3 0 1 0 0 0 0 0 0 0 0 0 3 0 3 0 2 0 0 0 1 0 2 0 0 0 2 1 0 0 3 0 1 0 1 1 0 0 0 1 0 0 3 0 1 0 2 0 1 0 1 0 0 0 0 0 2 0 3 0 0 0 2 0 2 1 0 0 0 0 1 1 0 0 2 0 3 0 2 0 2 0 0 0 0 0 2 0 2 0 0 0 3 0 2 1 0 0 3 0 1 1 0 0 0 0 2 0 3 0 3 0 1 0 3 0 1 0 0 1 0 0 1 0 2 0 0 0 0 0 0 0 3 0 0 0 2 0 2 0 0 0 1 0 0 0 0 1 0 0 0 0 0 0 3 0 3 0 2 0 2 0 1 0 2 0 0 0 3 0 1 1 0 0 0 0 0 0 1 0 3 0 2 0 2 0 2 1 0 0 1 0 1 0 1 0 2 0 2 0 2 1 0 1 0 0 2 0 3 0 0 0 3 0 1 0 0 0 1 1 0 0 0 0 3 0 1 0 3 0 2 0 0 0 1 0 2 0 2 0 3 0 2 1 0 0 2 1 0 0 2 0 2 0 0 1 0 0 3 0 1 0 1 0 0 0 0
0 686 1 0 1 0 0 1 0 0 1 0 0 0 0 0 0 1 0 2 0 0 0 3 0 1 0 1 0 2 1 0 0 2 1 0 0 0 0 2 0 0 0 0 0 3 0 1 0 1 0 0 0 3 0 0 0 2 0 3 0 2 0 0 0 0 1 0 0 0 0 2 0 1 0 2 0 2 1 0 1 0 1 0 0 2 0 1 0 3 0 0 0 0 1 0 0 1 0 2 0 3 0 2 0 1 1 0 0 0 1 0 0 2 0 2 0 0 0 1 0 2 0 2 1 0 1 0 0 0 0 3 0 2 1 0 1 0 0 2 0 3 0 0 0 3 0 1 0 2 1 0 0 3 0 3 0 1 0 1 1 0 0 0 0 0 0 3 0 3 0 0 0 1 1 0 1 0 0 1 0 2 0 2 0 0 0 0 0 2 1 0 0 1 0 0 0 2 0 0 0 3 0 2 0 2 0 1 0 2 1 0 0 0 0 1 1 0 0 1 1 0 0 2 0 3 0 1 0 2 1 0 0 2 0 1 0 2 0 2 0 0 0 1 0 2 1 0 1 0 0 2 0 0 0 0 0 2 0 1 0 0 0 1 0 0 0 0 0 2 0 0 1 0 1 0 0 1 0 2 0 2 0 2 0 1 0 0 1 0 0 2 0 1 0 2 0 3 0 3 0 2 0 1 0 2 0 0 0 0 0 0 0 0 0 0 1 0 0 2 0 2 0 2 0 2 1 0 1 0 0 1 0 2 0 2 0 0 0 3 0 3 0 0 0 0 1 0 0 1 0 0 1 0 0 1 0 1 0 1 0 1 0 1 0 0 0 1 0 0 0 2 1 0 1 0 1 0 1 0 0 2 0 3 0 0 0 2 0 3 0 3 0 1 0 2 0 2 0 0 1 0 1 0 0 3 0 0 0 3 0 1 0 1 0 1 0 1 0 2 0 1 0 3 0 0 0 0 0 0 0 1 0 2 0 3 0 0 0 1 0 2 1 0 0 2 0 1 0 0 0 1 0 3 0 3 0 3 0 0 1 0 0 1 1 0 0 0 0 3 0 2 0 0 0 1 0 0 0 2 0 2 0 0 0 1 1 0 0 0 1 0 0 0 0 0 0 3 0 1 0 0 0 1 0 1 0 0 0 0 0 2 0 2 0 2 0 0 0 1 1 0 1 0 0 1 0 0 0 3 0 2 1 0 0 2 0 3 0 1 0 3 0 1 1 0 0 1 0 0 0 1 0 1 0 2 0 0 0 0 0 1 0 2 0 0 0 1 0 2 1 0 0 1 0 2 0 3 0 1 0 0 1 0 0 0 0 2 0 1 1 0 1 0 0 0 0 0 0 3 0 2 0 1 0 1 0 1 1 0 0 2 0 2 0 3 0 0 0 1 0 2 0 0 1 0 0 0 0 2 0 2 0 1 0 3 0 0 0 3 0 3 0 0 0 1 1 0 0 3 0 0 0 1 0 3 0 0 0 1 0 3 0 2 0 0 0 1 0 0 0 0 0 0 0 2 1 0 0 1 0 3 0 2 0 0 0 0
0 687 1 1 0 0 3 0 1 0 1 0 2 1 0 0 0 0 2 1 0 0 2 0 1 0 3 0 3 0 1 0 0 0 0 1 0 0 0 1 0 0 1 0 1 0 1 0 3 0 2 0 1 0 1 0 2 0 0 0 3 0 0 0 1 0 1 0 2 1 0 1 0 1 0 0 1 0 2 0 0 1 0 0 3 0 3 0 3 0 1 0 1 0 1 0 3 0 2 0 0 0 3 0 0 1 0 1 0 0 1 1 0 0 0 0 0 0 1 0 3 0 0 0 2 0 0 0 3 0 0 0 2 0 2 0 0 1 0 0 0 0 2 0 2 0 1 1 0 0 2 0 0 0 2 0 2 0 3 0 3 0 2 1 0 0 1 0 2 0 2 0 1 1 0 0 0 0 3 0 2 0 0 0 0 0 1 0 1 0 0 1 0 0 2 0 0 1 0 0 2 0 2 0 1 0 0 1 0 0 1 1 0 0 0 0 3 0 3 0 2 1 0 0 0 0 2 1 0 0 1 1 0 1 0 1 0 0 1 0 0 0 1 0 3 0 1 0 0 0 3 0 3 0 0 0 0 1 0 0 3 0 0 0 2 0 0 0 0 1 0 0 2 1 0 0 3 0 2 0 0 0 1 0 0 0 3 0 1 0 3 0 3 0 3 0 0 0 3 0 3 0 0 1 0 0 0 0 1 0 0 0 0 0 0 0 1 1 0 0 0 0 1 0 1 0 2 0 0 0 3 0 2 0 0 0 0 0 2 0 2 0 2 0 1 0 1 0 3 0 1 0 1 0 3 0 1 0 2 0 2 0 2 0 2 0 0 0 2 0 1 0 1 0 0 1 0 1 0 1 0 0 0 0 2 0 2 0 0 0 3 0 2 1 0 0 1 0 0 0 2 1 0 1 0 0 1 0 2 0 1 0 3 0 2 0 2 0 2 1 0 1 0 0 2 0 1 0 0 0 0 0 3 0 0 0 2 0 1 0 3 0 0 1 0 1 0 0 3 0 0 0 3 0 2 0 3 0 2 0 2 0 3 0 2 0 3 0 0 0 2 0 0 0 1 0 2 0 1 0 0 0 0 0 1 0 3 0 3 0 0 0 2 1 0 0 1 0 1 0 3 0 0 0 2 0 2 0 0 0 1 0 0 0 1 0 0 0 1 1 0 0 0 0 3 0 1 0 1 0 2 0 2 0 0 0 0 0 2 1 0 0 2 1 0 1 0 0 2 0 0 0 2 0 2 1 0 0 1 0 0 0 2 1 0 0 1 0 3 0 0 1 0 0 3 0 0 0 2 0 3 0 1 0 3 0 0 0 0 0 0 0 0 0 2 1 0 0 1 0 2 0 0 0 3 0 2 1 0 0 0 0 0 0 1 0 2 0 1 0 2 1 0 0 2 0 3 0 0 0 0 0 0 1 0 0 2 0 2 0 2 0 2 0 1 1 0 0 0 0 1 0 1 0 3 0 1 0 1 0 3 0 2 0 0 0 1 0 2 0 0 0 0 0 1 0 0 1 0 0 3 0 2 0 0 0 1 0 0
0 688 1 0 0 0 0 1 0 3 0 3 0 0 1 0 0 1 0 0 1 0 1 0 1 0 0 3 0 2 0 3 0 0 0 1 0 3 0 0 0 3 0 1 0 2 0 3 0 2 0 0 0 3 0 2 1 0 0 2 0 1 0 1 0 2 0 3 0 1 0 0 1 0 0 3 0 1 1 0 0 2 1 0 0 2 0 3 0 2 0 3 0 2 0 3 0 2 0 0 0 2 0 1 0 2 1 0 0 3 0 2 0 2 1 0 0 0 0 3 0 1 0 1 1 0 0 2 0 1 0 2 0 0 0 0 0 2 0 3 0 0 0 0 0 0 1 0 1 0 1 0 0 2 0 0 0 1 0 3 0 3 0 1 1 0 0 3 0 0 0 0 1 0 1 0 0 1 0 2 0 0 0 1 0 0 0 2 0 2 0 1 0 3 0 3 0 1 1 0 0 0 0 0 0 3 0 1 0 3 0 2 0 3 0 0 0 2 0 3 0 1 1 0 0 1 0 0 1 0 1 0 0 0 1 0 0 3 0 1 0 0 0 3 0 1 0 3 0 1 0 2 0 2 0 1 0 1 1 0 0 1 0 1 1 0 0 1 0 1 1 0 0 1 0 0 0 2 0 0 0 1 0 2 0 1 0 1 1 0 0 3 0 3 0 2 0 2 0 2 0 2 0 2 0 2 1 0 0 2 0 0 0 0 0 0 0 3 0 2 1 0 0 2 0 2 1 0 0 2 0 2 0 0 0 1 0 1 0 0 0 1 0 0 0 3 0 3 0 1 0 3 0 3 0 1 1 0 0 1 0 1 0 1 0 0 0 1 1 0 0 3 0 2 0 1 1 0 1 0 0 3 0 0 0 0 0 0 0 2 0 2 0 1 1 0 0 2 0 1 0 1 0 0 0 3 0 1 1 0 1 0 0 3 0 1 0 1 0 2 0 0 0 3 0 3 0 2 0 0 0 1 0 1 0 1 1 0 1 0 0 2 0 2 1 0 1 0 0 1 0 2 0 2 0 1 0 3 0 1 0 1 0 3 0 1 0 2 0 1 1 0 0 1 0 2 1 0 0 3 0 0 0 0 0 3 0 2 0 2 0 2 0 0 1 0 0 2 0 3 0 1 0 2 0 0 0 0 0 1 0 2 0 0 0 2 0 0 0 3 0 3 0 0 0 1 0 3 0 3 0 0 0 0 0 1 0 1 0 1 0 0 0 1 0 0 0 3 0 3 0 1 0 0 0 1 1 0 0 2 0 1 0 0 1 0 0 3 0 1 0 2 1 0 0 1 0 2 0 0 0 2 1 0 0 2 0 1 0 0 0 0 0 1 0 0 1 0 0 2 1 0 0 2 0 2 0 1 1 0 0 0 0 0 0 2 1 0 1 0 0 2 0 0 0 0 0 2 0 1 0 0 0 1 1 0 0 0 0 1 0 1 0 0 1 0 1 0 0 0 0 2 0 3 0 1 0 3 0 3 0 2 0 0 0 1 0 2 1 0 0 1 0 0 0 2 0 1 1 0 0 2 0 0 0 1 0 2 0 0
0 689 1 0 2 1 0 0 3 0 2 0 2 0 2 0 3 0 1 0 1 1 0 1 0 1 0 0 2 0 1 0 2 0 1 0 3 0 1 0 2 0 1 1 0 0 1 0 3 0 0 0 2 0 2 0 1 1 0 1 0 0 3 0 3 0 0 0 2 0 3 0 1 1 0 0 2 0 0 0 0 0 1 0 0 0 0 0 3 0 1 0 3 0 1 0 3 0 0 0 1 1 0 1 0 0 2 0 0 0 2 0 1 0 1 1 0 0 1 0 1 0 3 0 3 0 3 0 3 0 2 1 0 0 1 0 1 0 0 0 2 0 1 0 0 0 1 1 0 1 0 0 3 0 3 0 0 0 3 0 2 0 3 0 0 0 0 0 1 0 1 0 1 1 0 0 3 0 1 1 0 0 1 0 2 0 1 0 0 0 0 1 0 0 3 0 2 1 0 1 0 0 0 0 1 0 1 1 0 0 3 0 1 0 2 0 2 0 0 0 2 1 0 1 0 0 2 0 1 1 0 0 3 0 0 1 0 0 1 0 3 0 1 0 1 1 0 0 2 1 0 0 1 0 0 0 3 0 3 0 3 0 1 0 3 0 3 0 1 0 3 0 3 0 1 0 0 1 0 0 1 0 2 1 0 1 0 0 0 0 0 0 2 0 3 0 1 0 1 0 1 0 1 0 1 0 1 1 0 1 0 0 1 0 0 0 1 0 2 0 2 0 0 0 0 0 2 0 0 0 0 0 0 0 1 0 2 0 2 0 0 0 2 0 1 0 2 0 2 1 0 0 3 0 2 1 0 1 0 0 2 0 2 0 2 0 0 1 0 0 0 0 2 0 1 0 0 0 0 1 0 0 1 0 1 0 0 0 1 0 0 0 0 1 0 1 0 1 0 0 3 0 2 0 1 0 2 0 0 0 0 1 0 0 1 0 3 0 2 1 0 0 2 0 2 0 3 0 0 0 1 0 2 0 2 1 0 0 0 1 0 0 0 0 2 0 0 0 3 0 2 0 0 0 0 1 0 0 2 0 3 0 3 0 1 1 0 0 0 1 0 1 0 0 3 0 1 0 0 0 1 0 1 0 1 0 2 0 1 0 1 0 0 0 2 1 0 0 0 0 2 1 0 0 0 0 1 0 0 0 2 1 0 0 1 1 0 0 2 0 2 0 2 0 1 0 3 0 2 0 2 0 1 0 0 0 2 0 2 0 2 0 0 0 2 0 1 0 2 0 2 0 3 0 0 0 3 0 3 0 3 0 2 0 1 1 0 0 1 1 0 0 1 1 0 0 2 1 0 0 2 0 0 1 0 1 0 0 3 0 0 0 0 0 2 0 1 1 0 0 1 0 0 0 0 0 0 1 0 1 0 0 0 0 1 0 1 0 0 0 3 0 3 0 0 0 0 1 0 0 3 0 0 0 3 0 2 1 0 0 2 0 2 0 1 1 0 0 3 0 0 0 0 0 2 1 0 0 3 0 3 0 0 0 1 0 3 0 0 1 0 0 2 0 0 1 0 1 0 1 0 1 0 0 1 0 2 1 0 0 1
0 689 3 0 1 0 0 0 2 0 1 0 1 0 1 0 2 1 0 0 0 0 0 1 0 0 3 0 3 0 2 1 0 1 0 0 2 1 0 0 0 1 0 1 0 0 3 0 1 0 2 0 0 0 1 0 0 0 0 1 0 0 2 0 2 0 2 0 0 0 2 1 0 1 0 1 0 0 1 0 0 0 2 0 0 0 1 0 1 1 0 0 2 1 0 0 2 0 1 1 0 0 0 0 3 0 3 0 0 1 0 0 3 0 3 0 3 0 1 0 3 0 2 0 3 0 3 0 3 0 1 1 0 0 2 0 2 0 0 1 0 0 3 0 0 1 0 0 0 1 0 0 2 0 2 0 2 0 2 0 1 0 2 0 1 0 0 0 2 0 2 1 0 0 0 0 1 1 0 1 0 0 2 1 0 0 3 0 0 0 1 1 0 0 2 0 2 0 0 0 2 1 0 0 2 1 0 0 0 0 1 1 0 0 1 0 0 0 2 0 1 0 0 1 0 0 0 0 0 0 0 0 1 0 2 0 3 0 2 0 1 1 0 0 0 0 0 0 0 1 0 0 2 0 1 0 2 0 3 0 2 1 0 0 3 0 2 1 0 0 3 0 2 0 3 0 1 0 3 0 2 0 1 0 0 0 2 1 0 0 1 0 0 0 2 0 3 0 2 0 2 0 2 0 2 1 0 0 0 0 3 0 1 0 0 0 3 0 0 0 0 0 1 0 0 1 0 0 1 0 0 0 0 0 3 0 0 0 0 0 1 1 0 1 0 0 1 0 2 0 0 0 2 0 2 0 0 1 0 0 0 0 1 0 0 0 2 0 2 1 0 1 0 0 3 0 0 0 1 0 3 0 1 0 2 0 0 0 2 0 0 0 1 1 0 1 0 1 0 0 2 0 0 1 0 0 0 0 1 0 1 0 3 0 2 0 2 0 2 0 0 0 0 0 1 0 2 0 1 0 3 0 0 0 1 1 0 0 1 0 2 1 0 1 0 0 2 0 2 0 0 0 1 0 1 1 0 0 0 0 3 0 2 1 0 1 0 0 1 1 0 1 0 0 1 0 3 0 0 0 2 0 2 0 2 1 0 0 3 0 2 0 1 0 0 1 0 0 1 0 0 1 0 0 0 0 2 0 1 0 0 1 0 1 0 0 0 0 0 0 1 0 0 1 0 0 3 0 1 0 0 0 3 0 1 0 0 0 1 0 0 0 1 1 0 1 0 0 1 0 1 0 2 0 2 0 2 0 3 0 3 0 0 1 0 1 0 0 3 0 3 0 2 1 0 0 0 1 0 1 0 0 2 1 0 1 0 0 1 0 1 0 0 1 0 1 0 1 0 0 2 0 0 0 0 0 1 1 0 0 2 1 0 0 2 0 2 0 1 0 2 0 2 0 1 0 1 1 0 0 1 0 2 0 2 0 2 0 0 0 0 0 1 0 0 0 0 0 1 0 1 0 1 0 1 0 0 0 2 0 2 0 1 0 3 0 1 0 2 0 3 0 3 0 1 1 0 1 0 1 0 0 3 0 2 0 0 1 0 0 2
1 691 1 0 1 0 3 0 0 1 0 0 3 0 2 0 3 0 0 1 0 0 0 0 1 1 0 0 2 0 3 0 2 0 0 1 0 0 0 1 0 0 1 1 0 1 0 0 1 1 0 0 0 0 1 0 2 0 0 0 1 1 0 0 0 0 1 0 0 0 2 0 1 0 0 1 0 0 3 0 1 0 0 1 0 0 1 0 2 1 0 0 0 0 0 1 0 1 0 1 0 1 0 0 1 0 2 0 2 0 2 1 0 0 2 0 3 0 2 1 0 0 3 0 1 0 3 0 3 0 3 0 0 0 0 0 0 0 0 0 2 1 0 0 1 0 2 0 3 0 0 1 0 0 0 0 1 0 1 0 0 1 0 0 0 0 3 0 1 0 0 0 1 1 0 0 0 1 0 0 0 1 0 0 1 0 0 0 1 0 1 1 0 0 0 0 0 0 0 0 2 0 1 0 0 0 0 1 0 0 0 0 3 0 3 0 1 0 0 1 0 0 3 0 1 0 2 1 0 0 0 0 0 0 3 0 0 0 3 0 0 1 0 1 0 0 0 0 0 0 1 0 3 0 3 0 3 0 0 0 3 0 2 0 0 0 2 0 2 0 0 0 2 0 1 0 2 1 0 0 3 0 0 0 3 0 1 0 0 1 0 0 2 0 1 0 0 0 3 0 1 0 1 0 1 0 1 1 0 0 1 0 1 0 3 0 1 0 1 0 1 0 0 0 2 0 1 0 3 0 1 0 0 0 1 0 1 0 1 0 0 1 0 0 0 0 3 0 1 1 0 0 2 0 0 0 0 0 2 0 2 1 0 0 2 0 1 0 0 0 2 0 0 1 0 0 1 0 1 0 3 0 1 1 0 0 0 0 1 1 0 0 1 1 0 0 0 1 0 0 3 0 3 0 1 0 2 1 0 0 2 0 3 0 2 0 1 0 1 0 0 0 1 0 0 0 2 1 0 1 0 0 2 0 1 0 3 0 3 0 2 0 1 0 0 1 0 0 0 0 0 0 1 0 2 0 3 0 3 0 0 0 2 0 2 0 0 0 3 0 2 1 0 0 3 0 2 0 1 0 2 0 0 0 1 0 2 0 0 0 2 0 0 0 3 0 1 0 3 0 1 0 1 0 2 1 0 1 0 0 3 0 1 1 0 0 2 1 0 0 0 0 2 0 1 1 0 0 1 0 3 0 1 0 1 0 3 0 0 0 2 0 0 1 0 0 0 0 3 0 1 0 3 0 0 0 1 0 1 0 3 0 2 0 2 1 0 1 0 0 2 0 3 0 1 1 0 0 1 1 0 1 0 0 1 0 0 0 3 0 1 0 2 0 1 1 0 1 0 0 3 0 3 0 0 0 0 1 0 0 0 0 1 0 0 0 0 0 0 1 0 0 1 0 0 0 3 0 3 0 3 0 2 0 0 0 1 0 0 0 1 0 0 0 2 0 0 0 0 0 2 0 2 0 2 0 2 0 1 0 0 0 0 1 0 0 2 1 0 0 1 0 3 0 3 0 0 0 0 1 0 1 0 0 2 0 0 0 2 1 0 0 0
1 691 2 0 3 0 1 0 2 1 0 0 2 0 1 0 2 0 2 0 2 1 0 1 0 0 0 0 0 0 3 0 0 0 2 0 3 0 0 0 3 0 2 1 0 0 3 0 2 0 2 1 0 0 2 1 0 0 1 0 3 0 2 1 0 0 2 0 0 1 0 0 3 0 1 1 0 0 1 0 3 0 1 0 3 0 2 0 0 1 0 0 0 0 1 1 0 1 0 1 0 0 3 0 2 0 0 0 1 0 2 0 0 0 0 0 3 0 2 0 0 0 1 1 0 0 3 0 3 0 2 0 1 0 0 0 0 0 1 0 0 1 0 0 3 0 0 0 2 0 2 0 2 1 0 0 2 0 2 0 1 0 3 0 0 0 1 0 3 0 0 0 3 0 3 0 0 0 3 0 0 0 3 0 1 0 0 0 2 0 3 0 2 1 0 0 0 0 0 1 0 0 3 0 0 0 1 0 3 0 0 0 2 0 2 0 3 0 1 1 0 0 1 1 0 0 1 1 0 0 0 0 1 0 1 0 2 0 1 0 2 1 0 0 2 1 0 0 0 0 3 0 2 0 3 0 2 0 2 0 2 0 0 0 2 0 0 0 0 0 1 1 0 1 0 0 2 0 0 0 1 0 2 0 1 0 3 0 1 0 3 0 3 0 2 0 1 0 1 0 3 0 2 0 2 0 3 0 3 0 1 0 3 0 1 0 3 0 2 0 2 0 0 1 0 1 0 0 2 0 3 0 0 0 2 0 2 0 2 0 1 0 3 0 0 0 1 1 0 1 0 1 0 0 1 0 1 0 0 0 1 1 0 1 0 0 3 0 0 1 0 0 2 0 3 0 1 0 3 0 1 1 0 1 0 0 0 0 3 0 3 0 2 0 3 0 0 1 0 0 2 0 2 1 0 0 2 0 0 0 0 0 3 0 0 0 3 0 2 0 0 0 2 0 1 0 1 0 0 0 3 0 3 0 3 0 2 0 3 0 0 0 3 0 1 0 2 1 0 0 0 0 3 0 0 0 3 0 2 0 2 0 0 0 0 0 2 0 2 0 2 0 0 0 2 0 0 1 0 0 0 0 1 0 2 1 0 0 1 1 0 0 2 0 1 1 0 0 2 0 3 0 3 0 1 0 0 1 0 0 2 0 0 0 0 0 0 1 0 0 0 1 0 1 0 1 0 0 3 0 1 0 3 0 3 0 1 0 1 1 0 0 2 0 3 0 0 0 1 1 0 0 2 0 1 0 2 0 3 0 2 0 1 0 2 0 0 1 0 0 0 0 2 1 0 1 0 1 0 0 0 0 3 0 1 0 1 0 1 1 0 0 1 0 0 0 0 1 0 0 2 0 2 0 1 0 1 0 2 1 0 0 2 0 0 0 0 0 1 0 3 0 1 0 1 0 2 0 3 0 3 0 0 0 1 0 2 0 0 0 2 0 0 1 0 0 1 0 1 0 0 0 1 0 1 0 0 0 3 0 0 0 1 1 0 0 0 1 0 0 3 0 2 0 2 0 1 0 1 1 0 0 3 0 3 0 1 0 0 1 0 0 0
1 693 1 0 0 0 2 1 0 0 1 1 0 1 0 1 0 0 1 0 1 0 2 0 0 0 2 1 0 0 1 0 1 0 2 0 0 0 2 0 2 0 2 0 2 0 0 0 2 0 1 0 2 0 0 0 0 1 0 0 3 0 2 0 1 1 0 1 0 0 2 1 0 0 1 1 0 1 0 0 3 0 1 1 0 0 3 0 0 0 2 0 2 1 0 1 0 0 0 1 0 1 0 0 2 0 0 0 1 0 2 1 0 0 1 0 1 0 2 0 0 0 1 1 0 0 0 0 2 0 3 0 0 0 3 0 0 0 0 0 2 0 1 1 0 0 1 0 2 0 0 0 1 0 2 0 0 0 0 0 0 1 0 0 2 0 1 0 3 0 1 0 2 0 2 0 2 0 2 0 1 0 2 0 1 0 3 0 1 0 0 0 3 0 1 1 0 0 0 0 1 1 0 0 1 0 1 0 3 0 1 0 2 0 0 0 1 0 2 1 0 1 0 0 3 0 3 0 2 0 2 1 0 0 2 0 2 1 0 1 0 0 2 0 0 0 0 1 0 0 1 0 2 0 1 0 3 0 1 0 1 0 0 0 1 1 0 0 1 0 0 1 0 0 0 0 3 0 3 0 0 0 2 1 0 1 0 0 2 1 0 0 3 0 3 0 0 0 3 0 3 0 2 0 1 0 1 0 3 0 2 1 0 0 2 1 0 0 3 0 1 0 0 0 2 1 0 1 0 0 0 0 2 0 2 0 0 0 1 0 0 1 0 0 2 0 1 1 0 0 0 1 0 0 3 0 1 0 2 0 0 1 0 0 0 1 0 0 1 0 2 1 0 0 0 0 2 1 0 0 3 0 0 0 0 0 3 0 0 0 2 0 3 0 1 0 2 0 2 1 0 0 0 0 1 1 0 1 0 0 1 0 1 0 1 0 2 0 2 0 0 0 1 1 0 0 3 0 2 0 1 0 2 0 3 0 3 0 1 0 2 0 2 0 1 1 0 0 1 1 0 0 1 0 1 0 2 0 2 0 1 0 0 0 1 0 1 0 0 0 1 0 0 0 1 1 0 0 2 0 2 1 0 0 3 0 0 1 0 1 0 0 0 0 0 0 0 0 0 0 0 0 3 0 2 0 3 0 1 0 3 0 3 0 0 0 0 0 1 0 3 0 0 1 0 1 0 1 0 0 1 1 0 0 3 0 2 1 0 0 0 0 0 0 0 0 2 0 1 0 3 0 3 0 3 0 3 0 0 0 3 0 0 1 0 0 0 0 2 0 3 0 0 0 1 0 0 1 0 0 3 0 0 0 1 0 3 0 2 0 3 0 3 0 1 0 0 0 1 1 0 0 0 0 0 0 3 0 3 0 0 1 0 1 0 0 1 0 0 0 3 0 1 0 3 0 3 0 0 0 3 0 2 0 1 0 2 1 0 0 1 1 0 0 2 0 3 0 1 0 2 0 0 0 2 0 2 0 1 0 1 0 1 0 3 0 3 0 0 1 0 0 2 0 1 0 0 1 0 0 0 0 0 0 2 0 2 0 3 0 1 0 2 1 0
1 693 2 0 1 0 0 1 0 1 0 0 0 1 0 0 3 0 1 0 2 1 0 0 2 0 0 1 0 0 2 0 2 1 0 0 2 0 0 0 1 0 1 0 0 0 1 1 0 1 0 0 0 0 1 0 1 1 0 0 2 0 1 0 0 0 0 1 0 0 0 1 0 1 0 0 0 1 0 0 2 0 0 0 0 0 1 0 2 0 0 0 2 0 0 0 3 0 0 1 0 0 3 0 3 0 0 0 3 0 0 1 0 0 2 0 2 1 0 0 1 0 3 0 3 0 0 0 0 0 2 0 2 0 1 0 1 0 0 1 0 1 0 1 0 0 2 1 0 0 1 0 2 1 0 0 1 0 0 0 1 0 3 0 3 0 3 0 1 1 0 0 1 0 1 0 1 0 0 1 0 0 0 1 0 0 2 0 3 0 1 0 1 1 0 1 0 0 0 0 3 0 3 0 1 0 3 0 1 1 0 0 0 0 1 0 3 0 1 0 0 1 0 0 2 0 3 0 1 0 2 0 0 0 0 0 2 0 0 0 3 0 3 0 0 0 1 0 3 0 1 1 0 1 0 0 2 0 3 0 2 0 0 0 3 0 3 0 1 0 1 0 3 0 0 0 2 0 2 0 2 0 1 0 0 1 0 0 1 0 0 0 2 0 2 0 2 0 2 0 3 0 0 0 3 0 3 0 2 0 2 0 0 0 1 0 0 0 1 0 3 0 1 0 1 0 0 0 3 0 0 0 0 0 0 0 1 0 2 0 1 0 3 0 3 0 3 0 3 0 0 1 0 0 1 1 0 0 0 0 2 0 3 0 0 0 3 0 2 0 0 1 0 0 1 0 1 0 0 0 1 0 1 0 1 0 1 0 2 0 0 0 2 1 0 0 1 0 1 1 0 0 0 1 0 0 0 0 3 0 1 0 2 0 3 0 0 0 0 0 1 1 0 0 0 0 2 0 0 1 0 0 1 0 3 0 2 1 0 0 1 0 0 1 0 1 0 0 3 0 3 0 1 0 3 0 0 0 0 0 3 0 0 0 2 0 2 0 0 0 2 0 0 1 0 0 0 0 0 0 2 0 0 0 1 0 2 1 0 0 2 1 0 0 0 0 0 0 0 0 1 0 2 0 1 0 2 1 0 0 3 0 2 0 1 0 0 0 3 0 1 0 2 1 0 1 0 0 3 0 2 1 0 0 2 0 1 1 0 0 0 0 0 0 0 1 0 1 0 0 3 0 3 0 3 0 2 0 2 0 1 0 2 0 3 0 0 0 0 0 2 0 1 0 2 0 1 1 0 0 1 0 1 0 3 0 2 0 1 0 3 0 2 0 3 0 0 0 3 0 2 1 0 0 1 0 2 0 2 0 2 1 0 0 3 0 1 0 1 0 1 1 0 0 3 0 2 0 2 0 2 0 0 1 0 0 1 1 0 1 0 0 0 0 0 0 2 1 0 0 0 0 2 0 0 0 0 0 3 0 2 0 3 0 2 0 2 0 2 0 3 0 3 0 2 0 1 0 2 1 0 0 1 0 0 0 1 0 2 1 0 0 1 1 0
1 694 1 0 0 3 0 1 1 0 0 3 0 0 1 0 0 1 1 0 0 1 1 0 1 0 0 2 1 0 0 0 0 1 1 0 1 0 0 1 0 2 0 2 0 0 1 0 0 0 0 2 1 0 0 2 0 3 0 3 0 3 0 2 0 0 0 1 0 3 0 0 1 0 0 3 0 0 0 3 0 3 0 0 0 0 0 2 1 0 0 1 1 0 0 2 0 1 0 2 1 0 0 2 0 2 0 2 0 1 0 2 1 0 0 0 0 1 1 0 0 3 0 2 0 2 0 1 0 1 0 0 0 0 0 3 0 2 0 1 1 0 1 0 1 0 0 0 1 0 0 3 0 0 1 0 0 2 0 0 0 3 0 2 0 3 0 2 1 0 1 0 0 2 0 2 0 2 0 1 0 3 0 0 1 0 0 0 0 2 1 0 0 0 0 0 0 3 0 0 0 2 0 2 1 0 0 2 1 0 1 0 0 0 0 3 0 1 0 3 0 1 1 0 0 0 0 2 1 0 0 0 0 1 0 0 1 0 0 2 0 2 0 2 0 1 0 3 0 2 0 0 0 0 1 0 0 0 0 3 0 0 0 2 0 2 0 2 0 3 0 3 0 1 0 2 0 0 0 1 0 0 0 3 0 1 0 3 0 1 0 1 0 0 0 1 0 1 0 1 0 2 0 2 0 2 0 3 0 1 0 0 0 1 0 2 0 0 0 3 0 1 0 3 0 2 0 1 0 1 0 1 0 0 0 0 0 2 1 0 1 0 0 3 0 3 0 3 0 2 0 2 0 3 0 2 0 3 0 0 0 0 0 2 0 2 0 2 0 0 0 2 0 3 0 1 0 2 0 0 0 2 0 2 0 2 0 2 1 0 0 2 0 0 1 0 0 2 0 3 0 3 0 0 0 3 0 0 0 1 1 0 0 1 0 2 0 1 0 0 0 3 0 2 1 0 1 0 0 2 0 3 0 2 0 2 0 1 1 0 0 2 0 1 1 0 1 0 0 2 0 2 1 0 0 2 0 1 0 1 0 1 0 2 0 0 0 0 0 1 1 0 0 2 0 2 1 0 0 0 1 0 0 1 0 3 0 1 0 0 0 0 1 0 0 0 0 0 0 0 0 2 1 0 1 0 0 2 0 0 0 2 0 0 0 3 0 1 0 1 1 0 0 2 0 0 1 0 0 2 0 1 1 0 1 0 1 0 1 0 0 0 0 0 0 1 1 0 1 0 0 2 0 3 0 3 0 1 0 0 1 0 0 1 0 2 0 1 0 0 1 0 1 0 0 0 1 0 1 0 0 2 0 3 0 2 0 0 1 0 0 3 0 1 0 2 0 2 0 2 0 1 1 0 0 3 0 0 0 1 0 2 0 0 0 1 0 3 0 2 1 0 0 0 0 2 0 1 0 1 0 0 0 2 0 3 0 2 1 0 0 2 1 0 0 1 0 0 1 0 0 0 1 0 0 1 0 1 0 2 0 1 0 3 0 1 0 1 0 1 0 3 0 3 0 0 1 0 0 1 1 0 0 2 0 0 0 3 0 0 1 0 0 3 0 2
0 695 1 1 0 0 2 0 0 0 0 0 1 0 2 0 3 0 2 0 3 0 2 1 0 1 0 0 0 1 0 0 0 1 0 0 0 0 3 0 2 0 0 0 0 0 2 0 3 0 0 0 1 0 0 0 0 0 3 0 3 0 3 0 0 0 1 0 3 0 1 0 2 1 0 0 1 0 2 0 2 0 2 0 1 0 1 0 0 1 0 0 3 0 3 0 3 0 3 0 1 0 0 0 0 0 1 0 0 1 0 0 1 1 0 0 0 1 0 0 0 0 2 0 1 0 0 0 3 0 2 0 0 0 1 0 2 0 1 0 0 0 0 1 0 0 3 0 0 1 0 0 1 0 2 0 3 0 3 0 1 0 2 0 1 0 3 0 2 0 0 1 0 0 0 0 1 0 0 1 0 0 2 0 2 0 3 0 0 0 0 1 0 0 0 0 1 0 1 0 2 0 0 0 2 0 0 0 1 0 0 0 3 0 0 0 1 1 0 0 2 1 0 1 0 0 1 0 0 1 0 0 0 0 2 0 1 1 0 0 0 0 1 0 0 1 0 0 3 0 0 0 1 0 1 0 3 0 0 0 1 0 2 0 0 0 1 0 1 0 3 0 2 1 0 0 0 0 1 0 2 0 1 0 1 1 0 0 2 0 3 0 2 0 0 0 2 0 2 0 3 0 0 0 1 0 1 0 2 0 3 0 0 0 2 1 0 0 2 0 1 1 0 0 3 0 0 0 3 0 2 0 2 0 0 0 1 0 1 0 0 1 0 0 2 0 3 0 3 0 1 0 1 0 3 0 1 0 2 0 1 0 1 0 0 0 1 0 0 0 2 0 0 0 2 1 0 0 0 0 2 0 0 0 1 0 1 0 1 1 0 1 0 0 2 1 0 0 0 0 3 0 2 0 2 0 1 0 1 0 3 0 3 0 1 1 0 0 3 0 1 0 2 0 2 0 0 1 0 0 0 0 3 0 1 0 1 0 0 0 0 0 0 0 0 0 0 1 0 0 0 0 1 1 0 1 0 0 3 0 2 0 2 1 0 0 1 0 0 1 0 0 0 0 0 0 1 1 0 0 1 0 3 0 2 0 1 0 3 0 0 0 1 0 2 1 0 0 0 0 1 0 1 0 0 0 3 0 3 0 0 1 0 0 2 0 1 0 3 0 3 0 3 0 3 0 1 1 0 0 0 0 0 0 0 1 0 1 0 0 2 1 0 0 0 1 0 0 0 1 0 0 0 0 3 0 2 0 3 0 1 0 3 0 1 1 0 0 3 0 1 1 0 0 3 0 0 1 0 1 0 0 0 0 3 0 0 0 2 1 0 0 1 1 0 0 1 0 1 0 1 0 0 0 0 0 1 0 1 0 2 1 0 0 1 0 3 0 2 0 1 1 0 0 0 1 0 0 3 0 2 0 1 0 0 0 3 0 2 0 0 0 0 1 0 0 2 0 1 0 3 0 0 0 3 0 1 0 2 1 0 1 0 0 2 0 3 0 2 0 3 0 2 0 2 0 2 0 3 0 2 0 3 0 3 0 1 0 1 0 2 1 0 0 2 0 1
1 695 3 0 3 0 3 0 0 0 0 0 3 0 0 0 3 0 1 0 3 0 2 0 0 0 3 0 0 0 3 0 0 0 3 0 0 0 2 0 0 0 1 0 1 0 0 0 2 0 1 0 2 0 0 0 1 0 2 0 3 0 2 0 1 0 3 0 1 1 0 0 1 1 0 0 3 0 0 0 1 0 0 0 3 0 2 0 1 1 0 0 2 0 3 0 3 0 2 0 3 0 0 0 0 0 2 0 1 0 3 0 2 0 3 0 0 0 2 1 0 1 0 0 3 0 1 0 2 0 0 0 1 0 2 1 0 0 3 0 0 0 1 1 0 0 1 0 2 0 3 0 2 0 0 0 3 0 2 1 0 0 0 1 0 0 3 0 0 0 2 0 2 1 0 0 2 0 1 1 0 0 0 0 1 0 2 0 1 0 1 0 2 1 0 0 2 0 2 1 0 0 1 1 0 0 1 0 2 0 1 0 1 0 1 1 0 0 0 0 1 0 0 0 3 0 1 0 1 0 2 1 0 1 0 1 0 1 0 0 0 0 2 0 1 1 0 0 1 0 1 0 2 0 3 0 1 0 1 0 2 1 0 0 1 0 2 0 3 0 2 0 1 1 0 0 0 0 2 1 0 1 0 0 0 0 0 0 0 0 3 0 0 0 2 0 0 0 1 0 2 0 1 0 2 0 3 0 0 0 2 0 2 0 1 0 0 0 0 0 0 0 0 0 1 0 2 0 2 0 1 0 0 0 1 0 2 0 2 0 1 1 0 0 0 0 3 0 2 0 3 0 3 0 1 1 0 0 0 0 3 0 2 0 0 0 2 0 0 1 0 0 2 0 0 1 0 0 0 1 0 0 1 0 2 0 2 1 0 0 0 1 0 0 0 1 0 0 1 0 2 0 1 0 0 0 3 0 3 0 2 0 3 0 0 0 0 0 1 1 0 0 1 0 0 0 2 0 3 0 0 0 1 0 3 0 2 0 0 0 0 0 0 0 0 0 1 0 2 1 0 1 0 0 0 1 0 0 2 0 1 0 1 1 0 0 2 0 1 0 2 1 0 0 0 0 3 0 3 0 2 0 2 0 0 1 0 0 2 0 1 0 3 0 0 1 0 0 0 0 2 0 2 0 1 0 2 0 2 0 2 0 3 0 3 0 3 0 2 0 3 0 3 0 2 1 0 1 0 0 0 0 0 0 1 1 0 1 0 0 0 1 0 0 1 0 3 0 0 0 3 0 0 0 2 0 1 0 2 1 0 0 3 0 0 0 0 0 2 0 0 0 0 0 1 0 2 1 0 0 3 0 0 0 1 0 2 0 0 1 0 0 3 0 3 0 1 0 2 0 2 0 0 0 0 0 2 0 3 0 0 1 0 0 3 0 2 0 0 1 0 1 0 0 1 1 0 0 2 0 0 0 3 0 1 0 2 0 0 0 1 0 1 0 3 0 3 0 3 0 1 0 2 0 1 1 0 0 2 0 0 1 0 0 0 0 3 0 1 0 3 0 1 0 1 0 1 0 3 0 1 0 3 0 2 0 3 0 3 0 0 1 0 1 0 1 0
0 697 1 0 2 0 3 0 2 0 1 0 1 0 1 0 2 0 1 1 0 0 3 0 0 0 2 0 1 0 2 0 1 0 2 0 1 0 1 1 0 0 1 0 2 0 2 0 0 1 0 1 0 0 0 0 1 0 3 0 0 0 3 0 0 1 0 0 2 1 0 1 0 1 0 0 0 0 1 0 1 0 2 0 1 0 2 0 1 0 0 0 0 0 0 0 3 0 3 0 1 0 2 0 1 0 0 1 0 1 0 0 3 0 1 0 2 0 2 0 1 0 0 1 0 0 1 1 0 0 0 0 1 0 3 0 1 0 0 0 1 0 1 0 3 0 3 0 2 0 0 0 3 0 0 0 2 0 2 0 1 1 0 0 1 1 0 0 1 0 2 0 0 0 1 1 0 1 0 1 0 1 0 0 0 0 2 1 0 0 3 0 3 0 1 0 0 0 0 0 1 1 0 0 3 0 3 0 1 1 0 0 3 0 2 0 3 0 2 1 0 0 2 0 1 0 1 0 3 0 3 0 1 0 0 1 0 1 0 0 2 1 0 1 0 1 0 1 0 0 2 0 3 0 0 0 2 0 3 0 3 0 0 1 0 0 3 0 0 0 3 0 0 1 0 1 0 0 1 0 1 0 0 0 2 1 0 0 0 0 1 0 1 0 1 1 0 0 1 0 2 1 0 1 0 0 1 0 2 0 2 0 0 0 0 0 3 0 0 0 0 0 0 0 0 0 3 0 0 0 0 0 3 0 0 0 3 0 0 0 0 1 0 1 0 0 1 0 2 0 1 0 3 0 2 1 0 1 0 0 1 0 2 0 0 0 1 1 0 0 2 0 3 0 3 0 1 0 3 0 0 0 3 0 2 0 0 0 1 1 0 0 1 0 3 0 0 0 3 0 1 1 0 0 3 0 1 0 2 0 3 0 1 0 2 0 1 0 0 0 3 0 3 0 1 0 1 0 0 0 2 0 1 0 3 0 2 0 0 0 1 0 0 0 0 0 0 0 3 0 1 0 0 0 3 0 0 0 3 0 3 0 2 0 3 0 3 0 3 0 3 0 0 1 0 0 1 0 2 0 3 0 1 0 0 0 2 0 3 0 3 0 3 0 1 0 2 0 3 0 0 0 0 0 0 1 0 0 1 0 1 0 1 0 3 0 3 0 3 0 1 0 3 0 3 0 2 0 0 0 2 1 0 0 0 1 0 0 0 0 3 0 0 0 3 0 2 0 1 0 2 0 1 0 1 1 0 1 0 0 2 0 0 0 1 0 1 0 0 1 0 0 1 0 0 0 3 0 1 0 0 0 1 0 1 0 2 1 0 0 2 1 0 0 2 0 2 1 0 0 1 0 0 0 1 0 1 0 0 0 2 0 2 1 0 0 2 0 0 0 2 1 0 0 3 0 2 0 3 0 3 0 1 0 1 1 0 0 0 0 1 0 2 0 3 0 2 0 3 0 2 1 0 0 0 1 0 1 0 1 0 0 2 0 3 0 0 0 1 1 0 0 2 0 3 0 2 0 3 0 1 1 0 0 3 0 1 0 3 0 2 0 2 1 0 1 0 0 2
1 697 3 0 0 0 3 0 0 0 3 0 2 0 3 0 0 0 0 0 0 0 1 0 1 1 0 1 0 0 0 1 0 0 0 0 3 0 3 0 3 0 2 0 0 0 0 0 2 1 0 0 2 1 0 0 3 0 1 0 2 0 1 0 2 1 0 0 1 0 0 1 0 0 2 1 0 0 2 0 2 1 0 1 0 0 0 0 3 0 0 0 0 0 1 0 2 0 2 1 0 0 0 0 3 0 1 1 0 1 0 0 1 1 0 0 1 0 0 0 3 0 1 0 3 0 2 0 2 1 0 0 3 0 1 0 3 0 0 0 2 0 3 0 2 0 3 0 0 0 2 0 1 0 2 0 0 0 0 1 0 1 0 0 3 0 3 0 1 1 0 0 1 1 0 0 0 1 0 1 0 0 3 0 0 0 1 0 0 0 2 0 2 0 3 0 0 0 0 1 0 0 0 0 2 0 3 0 0 0 0 0 2 0 1 0 3 0 1 1 0 1 0 0 3 0 3 0 2 0 2 0 3 0 1 1 0 1 0 0 1 0 0 1 0 1 0 1 0 0 0 0 2 0 2 0 0 0 3 0 2 0 2 1 0 0 1 0 2 0 1 0 2 1 0 0 3 0 1 0 2 0 1 0 0 1 0 0 0 0 2 0 2 0 3 0 3 0 2 0 1 0 0 0 3 0 2 0 0 0 0 0 1 0 1 0 1 0 1 0 0 0 0 0 1 0 1 0 1 0 1 0 1 0 2 0 1 0 1 0 1 1 0 0 3 0 1 1 0 1 0 0 3 0 2 0 0 0 3 0 1 1 0 0 1 1 0 0 0 0 0 0 3 0 2 1 0 0 2 0 2 0 2 0 0 0 1 0 3 0 3 0 2 0 1 0 2 0 2 0 0 0 0 0 1 1 0 0 1 0 2 1 0 0 0 0 3 0 1 0 2 0 2 0 3 0 2 0 0 1 0 1 0 0 3 0 0 0 1 0 2 0 0 0 0 0 1 0 1 0 3 0 1 0 1 0 2 0 2 0 3 0 1 0 3 0 3 0 3 0 2 0 2 0 3 0 2 0 0 0 2 0 3 0 1 0 0 0 3 0 3 0 2 1 0 0 1 0 2 0 1 0 0 0 1 0 3 0 1 0 2 0 3 0 2 0 3 0 2 1 0 0 3 0 3 0 0 0 2 0 0 1 0 0 1 0 3 0 0 0 1 0 2 0 2 0 0 1 0 0 0 1 0 0 0 0 0 0 3 0 3 0 0 0 2 0 2 0 1 0 3 0 1 0 1 0 1 0 3 0 0 0 2 0 3 0 1 0 0 0 1 0 0 0 0 0 1 1 0 0 2 0 0 0 2 0 2 0 1 0 0 0 1 1 0 1 0 0 2 0 1 0 0 0 2 0 1 0 3 0 2 0 3 0 3 0 2 1 0 0 3 0 0 0 3 0 1 0 3 0 1 1 0 0 1 1 0 1 0 1 0 0 0 0 2 0 1 1 0 0 0 0 0 0 3 0 1 0 3 0 0 0 0 0 1 1 0 0 3 0 1 0 2 0 0 1 0 0 0
1 699 1 0 1 0 2 0 1 0 2 0 2 0 1 0 2 0 1 0 0 0 0 0 2 1 0 0 0 0 3 0 0 0 3 0 0 0 2 0 3 0 3 0 0 0 1 0 1 0 1 0 0 0 1 0 0 0 1 1 0 0 0 1 0 0 1 1 0 0 2 0 1 1 0 0 1 0 0 0 0 0 2 0 0 0 3 0 0 0 1 0 1 0 0 0 3 0 0 0 1 1 0 0 1 0 2 0 0 0 0 0 3 0 2 0 3 0 1 0 1 0 1 1 0 0 3 0 1 0 2 0 0 0 1 1 0 0 2 0 2 0 0 0 3 0 1 0 2 0 1 1 0 1 0 0 0 0 1 0 1 1 0 1 0 0 2 0 2 1 0 1 0 0 3 0 3 0 0 1 0 1 0 0 1 0 1 0 2 0 1 0 0 0 1 0 2 0 1 0 1 0 3 0 0 0 0 0 2 0 1 0 0 1 0 1 0 0 3 0 0 0 0 1 0 0 2 0 3 0 1 0 1 0 3 0 0 0 0 0 3 0 1 0 1 1 0 1 0 0 3 0 0 0 0 0 0 0 2 0 2 0 1 0 1 1 0 0 2 1 0 1 0 0 2 0 0 0 1 1 0 0 0 0 3 0 1 0 3 0 0 0 0 0 1 0 3 0 3 0 0 0 3 0 1 0 2 0 0 0 1 0 0 0 2 0 2 0 2 0 2 0 0 0 0 0 2 0 2 0 2 0 2 0 2 1 0 0 3 0 2 1 0 0 0 0 2 0 0 0 0 1 0 0 2 0 0 0 2 0 1 1 0 1 0 0 3 0 2 1 0 0 1 0 2 0 2 0 0 0 0 0 1 0 0 0 1 0 3 0 2 0 3 0 0 1 0 0 1 0 0 0 1 0 0 0 3 0 3 0 2 0 0 1 0 0 1 0 1 1 0 0 1 0 1 0 3 0 0 0 2 1 0 1 0 0 1 0 1 0 2 1 0 0 1 0 0 0 2 0 3 0 1 0 3 0 3 0 0 0 1 0 2 1 0 0 3 0 3 0 3 0 1 0 1 0 3 0 0 0 2 0 0 0 2 0 3 0 1 0 2 0 3 0 1 1 0 0 2 1 0 0 3 0 0 0 3 0 1 1 0 0 1 0 3 0 1 0 3 0 2 0 0 0 2 0 2 0 1 1 0 0 2 0 3 0 2 0 1 0 1 0 3 0 0 0 0 0 2 0 3 0 0 0 2 1 0 0 1 0 2 0 2 0 2 0 0 0 0 1 0 0 2 0 3 0 2 0 3 0 1 0 2 0 0 0 2 0 3 0 0 0 2 0 0 0 0 0 3 0 3 0 3 0 1 0 0 0 0 0 3 0 0 1 0 0 0 0 3 0 3 0 2 0 0 1 0 1 0 0 3 0 1 0 3 0 3 0 2 0 0 0 1 0 2 0 1 1 0 0 2 1 0 1 0 1 0 0 0 1 0 0 2 1 0 1 0 1 0 1 0 0 0 0 1 0 1 1 0 0 2 0 1 0 0 1 0 0 0 0 1 1 0 0 0 0 2 0 2 1 0
1 699 2 0 2 1 0 1 0 0 1 0 0 1 0 0 0 0 3 0 0 0 1 0 0 1 0 0 1 0 1 0 2 0 1 0 2 0 0 0 3 0 2 0 1 0 2 0 2 0 2 0 0 0 2 0 0 0 3 0 3 0 0 0 3 0 2 0 3 0 3 0 3 0 3 0 1 0 0 0 0 1 0 0 2 0 1 0 1 0 2 0 2 0 1 0 1 0 1 0 3 0 3 0 1 1 0 0 1 0 1 0 2 0 1 0 2 0 3 0 2 1 0 0 0 0 1 1 0 0 0 0 1 1 0 0 0 0 0 0 0 0 2 0 1 1 0 0 1 0 0 0 0 0 2 1 0 0 2 1 0 0 0 1 0 0 0 0 2 0 0 1 0 0 2 0 2 0 2 1 0 0 3 0 1 0 2 1 0 0 3 0 0 0 2 1 0 0 3 0 3 0 1 0 1 0 0 1 0 0 3 0 1 1 0 1 0 0 1 0 1 0 1 1 0 0 0 0 2 0 3 0 3 0 1 0 1 0 1 0 1 1 0 0 0 0 0 1 0 0 1 0 1 0 0 0 1 0 0 0 0 1 0 0 0 0 0 0 1 0 0 0 3 0 3 0 0 0 3 0 3 0 0 0 1 1 0 0 2 0 1 0 0 0 3 0 2 0 2 0 2 0 1 1 0 0 0 0 1 0 2 0 1 0 0 0 1 0 1 0 0 0 1 0 1 0 0 0 1 0 1 0 1 0 2 0 0 0 2 0 1 1 0 0 0 1 0 0 1 0 1 0 3 0 3 0 1 0 0 0 0 0 0 1 0 0 2 0 1 1 0 0 3 0 0 0 0 0 1 0 0 0 2 0 0 0 3 0 2 0 1 0 2 0 2 0 3 0 1 0 0 0 2 0 1 0 2 0 3 0 0 0 2 0 3 0 1 0 3 0 3 0 1 0 3 0 1 0 2 0 1 0 0 0 3 0 1 0 3 0 0 1 0 0 2 0 1 0 0 0 2 1 0 0 3 0 2 0 1 0 3 0 1 0 0 0 2 0 3 0 2 0 3 0 3 0 1 0 1 1 0 0 2 0 0 0 2 1 0 0 1 0 3 0 0 0 0 0 1 0 0 0 1 0 2 0 1 1 0 1 0 0 3 0 1 1 0 0 3 0 0 0 2 0 0 0 1 0 0 0 0 0 0 0 3 0 0 0 3 0 3 0 1 0 1 0 1 0 0 0 2 0 2 0 0 1 0 0 3 0 0 0 1 0 0 0 1 0 1 1 0 0 0 0 3 0 1 0 2 1 0 0 0 0 2 0 0 0 2 0 1 1 0 0 1 0 1 0 2 0 3 0 2 0 3 0 0 0 1 0 1 0 2 0 3 0 0 0 2 0 3 0 0 0 2 1 0 1 0 0 1 1 0 0 3 0 3 0 0 0 1 0 3 0 0 0 0 0 0 0 1 0 0 1 0 0 3 0 0 1 0 0 1 0 0 1 0 1 0 0 2 1 0 0 2 0 3 0 3 0 3 0 2 0 1 0 2 1 0 0 3 0 3 0 0 0 0 0 1 1 0
1 701 1 0 0 0 2 0 0 0 3 0 1 0 1 0 3 0 0 0 1 0 1 0 2 0 1 0 3 0 1 0 2 1 0 1 0 0 0 0 2 0 2 0 0 1 0 0 1 0 1 0 0 0 1 1 0 0 2 0 2 0 2 0 2 0 2 0 1 0 3 0 3 0 3 0 2 0 3 0 0 0 1 0 3 0 3 0 2 0 3 0 0 0 0 0 3 0 2 0 3 0 2 0 2 1 0 1 0 0 2 0 2 1 0 1 0 0 1 0 3 0 1 1 0 0 0 0 3 0 2 1 0 0 3 0 2 1 0 0 0 0 0 1 0 1 0 1 0 0 2 0 0 0 1 0 1 0 0 0 0 1 0 0 1 0 2 1 0 1 0 0 2 1 0 0 0 0 1 0 2 0 0 0 1 1 0 0 2 0 0 0 1 0 2 0 1 0 0 0 2 0 2 0 3 0 2 0 1 1 0 0 2 0 0 0 0 0 3 0 1 0 2 0 3 0 3 0 0 0 0 0 3 0 2 0 3 0 2 0 2 0 3 0 2 1 0 0 1 0 3 0 1 0 2 0 0 0 2 0 0 0 1 0 2 1 0 0 0 0 2 0 1 0 2 0 2 0 2 0 2 0 2 0 1 0 3 0 3 0 3 0 2 0 1 0 2 0 1 0 1 0 0 1 0 1 0 0 0 0 2 1 0 0 3 0 0 0 2 0 2 0 0 0 2 0 2 0 0 0 2 0 2 0 2 1 0 0 1 1 0 1 0 1 0 0 1 0 3 0 1 0 3 0 2 0 2 0 3 0 0 0 0 0 1 1 0 0 0 0 0 0 0 0 1 0 1 0 0 0 2 0 0 1 0 0 2 0 2 0 0 1 0 0 1 0 1 0 2 0 3 0 0 1 0 1 0 0 1 0 2 0 2 0 0 0 2 1 0 0 3 0 2 1 0 0 2 1 0 0 0 0 3 0 1 0 1 1 0 0 2 0 2 0 3 0 3 0 2 0 1 0 1 0 0 0 2 0 0 1 0 0 2 0 3 0 1 0 0 0 3 0 1 0 3 0 2 0 3 0 3 0 3 0 3 0 1 0 0 1 0 0 3 0 1 0 1 0 0 0 2 0 0 0 3 0 0 0 0 0 0 1 0 0 2 0 0 0 0 0 1 0 1 1 0 0 1 0 2 0 0 0 0 0 1 0 1 0 2 0 2 0 2 0 3 0 2 0 2 0 1 0 0 0 0 0 2 1 0 0 1 0 1 0 2 0 0 0 2 0 3 0 3 0 0 0 1 1 0 0 1 1 0 0 0 1 0 0 1 1 0 1 0 1 0 0 2 0 3 0 0 0 3 0 1 0 2 0 1 0 2 0 3 0 0 0 2 0 2 0 0 0 2 0 2 0 1 0 0 0 3 0 2 1 0 0 2 0 2 0 1 0 3 0 1 0 1 0 0 0 0 0 2 0 1 1 0 0 1 0 2 0 3 0 1 0 1 1 0 1 0 0 1 0 0 0 0 0 3 0 3 0 3 0 0 1 0 0 2 0 0 0 2 0 2 0 1 0 0 0 3 0 2
0 701 2 0 0 1 0 0 2 0 1 0 3 0 3 0 1 0 1 0 2 0 2 1 0 1 0 0 2 1 0 0 2 0 0 0 3 0 0 0 0 0 0 0 2 0 3 0 1 0 2 0 0 1 0 0 0 0 0 0 1 0 1 0 1 0 0 1 0 0 3 0 3 0 3 0 1 0 2 0 1 0 3 0 2 0 3 0 1 0 2 0 1 0 1 0 2 0 1 0 3 0 1 0 2 0 0 1 0 0 0 0 2 0 0 0 3 0 2 0 1 1 0 1 0 0 1 0 2 0 2 0 0 0 2 0 1 1 0 0 0 0 1 1 0 1 0 0 3 0 3 0 0 0 2 0 2 0 0 0 1 0 3 0 2 0 1 0 0 1 0 0 0 1 0 0 0 0 2 1 0 0 1 0 3 0 3 0 3 0 0 0 2 1 0 0 3 0 1 0 0 0 1 0 3 0 0 1 0 1 0 1 0 0 1 0 1 0 1 1 0 0 1 0 3 0 2 0 1 0 1 0 2 0 1 0 3 0 1 0 1 0 3 0 1 1 0 0 3 0 1 1 0 0 0 0 1 1 0 0 1 0 3 0 0 1 0 0 0 1 0 1 0 0 1 0 1 0 1 0 1 0 0 1 0 0 3 0 3 0 3 0 0 1 0 0 0 0 3 0 2 0 1 1 0 0 3 0 0 0 1 0 0 0 1 0 2 0 0 0 0 0 2 0 0 0 0 0 2 0 0 0 1 0 1 1 0 1 0 0 0 1 0 0 3 0 2 0 1 1 0 0 3 0 1 0 1 0 2 0 1 0 0 0 3 0 2 1 0 0 0 0 0 0 2 0 2 0 0 1 0 0 2 1 0 0 0 0 0 0 2 0 3 0 1 0 3 0 0 0 2 0 2 1 0 0 3 0 2 0 0 0 0 0 2 0 1 0 0 0 2 0 2 0 0 0 0 1 0 0 1 0 1 1 0 0 0 0 0 0 0 0 1 0 3 0 3 0 0 0 3 0 2 0 0 1 0 0 2 1 0 0 0 0 2 0 3 0 1 0 1 1 0 0 3 0 1 0 3 0 3 0 3 0 2 0 3 0 1 1 0 0 1 0 3 0 2 0 0 1 0 0 2 0 1 0 1 0 0 0 1 0 3 0 3 0 0 0 0 0 2 0 3 0 3 0 1 1 0 0 1 0 0 0 2 0 3 0 0 0 1 0 1 0 3 0 1 0 0 0 3 0 0 0 1 0 0 1 0 0 2 0 2 1 0 0 2 0 0 0 3 0 2 0 1 0 3 0 3 0 2 0 3 0 0 0 3 0 2 1 0 1 0 1 0 0 0 0 2 0 2 0 1 1 0 0 0 1 0 0 1 0 2 0 2 0 0 0 0 0 2 0 0 0 0 0 3 0 1 0 2 0 2 0 0 0 0 0 0 1 0 0 2 0 3 0 2 0 0 0 0 1 0 1 0 1 0 0 3 0 0 0 2 1 0 0 0 0 0 0 3 0 1 0 0 0 1 0 2 0 3 0 2 0 2 0 3 0 3 0 1 0 0 0 0 0 3 0 1 0 2 0 1
1 702 1 0 0 2 0 3 0 3 0 3 0 2 0 2 0 3 0 3 0 0 0 2 0 0 1 0 0 0 1 0 1 0 0 2 0 1 0 1 0 0 0 1 0 0 0 2 1 0 0 0 0 2 0 2 1 0 0 0 0 2 0 2 0 2 0 1 1 0 0 2 0 3 0 2 1 0 0 0 1 0 0 3 0 1 0 2 1 0 0 0 0 3 0 2 1 0 1 0 0 2 1 0 0 0 0 2 0 2 1 0 1 0 0 2 0 2 0 1 0 0 0 0 0 3 0 2 0 0 0 0 0 1 1 0 1 0 1 0 0 0 1 0 0 0 1 0 0 2 0 2 0 2 0 0 0 0 0 1 0 3 0 2 0 0 0 3 0 1 0 3 0 0 0 3 0 0 0 0 1 0 0 3 0 2 0 3 0 2 0 2 0 1 0 0 0 1 0 3 0 0 0 3 0 1 0 2 1 0 1 0 0 3 0 1 0 2 0 3 0 3 0 2 0 2 0 0 0 3 0 2 1 0 1 0 0 2 0 3 0 3 0 2 0 0 0 0 0 1 1 0 1 0 0 0 0 3 0 3 0 2 0 1 0 2 0 3 0 0 1 0 0 3 0 1 0 2 0 2 0 2 0 1 1 0 0 2 0 3 0 2 0 2 0 3 0 0 0 2 0 1 0 0 0 0 0 1 0 1 0 2 0 0 0 2 1 0 0 1 0 0 1 0 0 1 0 0 1 0 0 1 0 2 1 0 0 0 0 3 0 0 1 0 0 2 0 1 0 0 0 0 0 1 0 3 0 2 1 0 0 3 0 1 0 2 0 1 1 0 0 0 0 1 0 0 0 0 0 2 1 0 0 0 1 0 0 0 0 1 0 0 0 2 1 0 0 2 0 2 0 0 0 2 0 0 0 2 0 0 0 1 0 0 1 0 0 3 0 1 0 0 0 0 0 1 0 1 0 3 0 1 0 3 0 2 1 0 0 0 0 0 0 3 0 2 0 2 0 2 0 2 0 0 0 2 1 0 0 0 1 0 0 1 0 0 0 2 1 0 0 0 0 0 0 1 1 0 0 3 0 3 0 3 0 1 0 2 1 0 1 0 0 3 0 2 0 0 0 2 0 3 0 3 0 2 0 2 0 0 0 3 0 2 0 2 0 1 0 1 0 0 0 3 0 2 1 0 1 0 0 2 0 1 0 0 0 2 0 1 0 2 0 3 0 1 0 3 0 1 0 1 0 1 0 2 0 1 1 0 0 0 0 1 1 0 1 0 0 2 0 2 0 0 1 0 0 3 0 3 0 1 0 2 0 2 0 2 0 2 0 0 1 0 0 3 0 0 0 0 0 0 1 0 1 0 0 1 0 3 0 2 0 0 0 0 0 1 0 0 1 0 0 1 0 1 0 1 1 0 0 1 0 0 0 1 0 0 0 1 1 0 0 0 0 3 0 0 0 1 0 1 1 0 1 0 1 0 0 1 0 2 0 0 1 0 0 0 0 1 0 1 0 3 0 0 0 3 0 0 0 3 0 1 0 1 0 3 0 2 0 3 0 0 0 1 0 1 1 0 0 0 1 0
1 703 1 1 0 0 0 0 3 0 3 0 3 0 1 0 1 0 3 0 2 0 1 1 0 0 2 0 3 0 0 1 0 0 3 0 3 0 2 0 2 0 0 0 2 0 1 0 0 1 0 0 1 0 0 0 1 1 0 0 1 0 0 0 1 0 1 0 0 0 0 0 0 0 3 0 1 1 0 0 1 1 0 0 1 1 0 0 1 1 0 0 1 0 2 0 2 0 0 1 0 0 0 1 0 0 1 0 0 0 2 0 0 1 0 0 0 0 0 0 3 0 0 0 1 0 2 0 0 0 1 0 0 1 0 0 0 1 0 0 3 0 0 0 3 0 0 1 0 0 0 0 1 0 0 0 1 0 0 0 3 0 2 0 0 0 2 0 1 1 0 0 2 0 2 0 1 0 1 0 1 1 0 0 2 0 1 0 3 0 1 0 0 0 3 0 0 0 3 0 1 0 2 0 1 1 0 0 2 0 0 1 0 0 1 1 0 0 1 0 3 0 3 0 1 0 0 0 2 0 2 0 2 0 0 1 0 0 0 0 3 0 3 0 0 0 1 0 0 1 0 0 0 0 3 0 0 0 2 0 3 0 0 1 0 0 1 0 2 0 2 1 0 0 1 1 0 0 1 0 1 0 1 0 0 0 0 0 0 0 3 0 1 0 1 0 2 0 1 1 0 0 3 0 0 0 0 0 2 0 2 1 0 0 2 0 0 1 0 0 2 0 1 0 3 0 1 0 1 0 3 0 2 0 0 1 0 0 1 0 1 0 2 0 3 0 3 0 2 0 0 0 0 0 3 0 2 0 2 0 0 0 1 1 0 0 0 1 0 1 0 0 0 0 2 0 0 0 1 0 0 1 0 0 1 0 2 1 0 0 2 0 1 0 1 0 0 0 0 0 0 0 1 1 0 0 1 1 0 0 1 0 2 0 1 1 0 0 1 0 3 0 0 0 0 0 2 0 3 0 1 1 0 0 3 0 1 1 0 0 0 0 1 0 2 0 1 0 1 0 1 0 0 0 2 0 0 1 0 0 1 0 3 0 1 0 1 0 0 1 0 0 0 0 0 1 0 0 0 0 2 0 3 0 2 1 0 0 2 0 0 1 0 0 2 0 0 0 2 0 0 0 3 0 3 0 1 0 0 0 2 0 2 0 1 0 0 0 3 0 2 0 1 0 2 0 2 0 0 0 3 0 3 0 2 0 0 1 0 1 0 0 1 0 2 1 0 0 2 0 3 0 2 0 2 1 0 1 0 1 0 0 0 1 0 0 0 1 0 0 0 0 0 0 2 1 0 0 2 0 2 1 0 0 1 0 1 0 1 0 0 0 2 1 0 0 1 0 1 0 0 0 1 1 0 0 3 0 2 0 2 0 0 0 1 0 0 0 2 0 1 0 3 0 1 0 2 0 3 0 3 0 1 0 0 0 2 0 0 0 3 0 3 0 0 0 1 0 1 0 2 1 0 0 0 1 0 0 3 0 1 1 0 0 2 0 2 1 0 0 2 0 3 0 1 0 2 0 1 0 2 0 1 0 3 0 3 0 2 0 1 0 2 0 1 0 2 0 3 0 3 0 0 0 2
0 703 3 0 3 0 0 0 2 0 3 0 2 0 3 0 3 0 2 0 1 0 0 0 0 0 0 0 2 0 2 1 0 0 2 0 3 0 1 0 0 0 1 1 0 0 3 0 1 0 3 0 1 0 0 0 3 0 3 0 1 0 0 0 2 0 2 0 0 0 0 0 1 0 1 1 0 1 0 0 3 0 3 0 2 0 3 0 2 0 3 0 2 0 0 0 0 0 2 0 3 0 0 0 3 0 1 0 0 1 0 0 2 0 2 1 0 0 1 0 1 0 1 0 2 1 0 0 1 0 2 0 1 0 3 0 0 1 0 0 1 0 2 0 1 0 2 0 2 1 0 0 2 0 0 0 2 0 1 0 2 0 0 0 2 0 0 0 0 0 0 0 0 0 0 0 3 0 2 0 3 0 3 0 3 0 3 0 1 0 3 0 1 0 1 0 2 0 1 1 0 0 0 1 0 1 0 1 0 0 2 0 3 0 2 0 3 0 2 0 2 0 2 0 3 0 1 0 0 0 1 0 0 0 2 0 3 0 0 0 2 0 2 0 1 0 2 0 1 0 3 0 0 0 1 0 2 0 0 0 2 0 2 0 3 0 2 0 0 0 1 1 0 0 3 0 3 0 1 0 2 0 2 0 0 0 0 0 1 0 1 0 3 0 3 0 0 0 0 0 0 0 1 0 1 0 1 0 0 0 1 1 0 1 0 0 2 0 3 0 3 0 3 0 1 0 3 0 3 0 2 0 0 0 2 0 3 0 1 0 3 0 0 0 3 0 3 0 0 0 1 0 1 0 2 0 1 0 0 0 1 0 3 0 3 0 0 1 0 0 2 1 0 1 0 0 1 0 2 0 1 0 3 0 2 0 0 1 0 1 0 0 3 0 2 0 0 0 0 0 0 0 3 0 3 0 2 0 3 0 1 1 0 1 0 1 0 0 3 0 1 0 1 0 1 0 0 0 3 0 0 0 0 0 1 1 0 1 0 0 0 0 2 1 0 0 3 0 2 0 2 0 0 1 0 0 2 0 3 0 2 0 1 0 3 0 2 0 1 0 2 1 0 0 1 0 3 0 0 0 0 0 3 0 1 1 0 1 0 0 2 0 3 0 3 0 0 1 0 0 2 0 2 0 2 0 3 0 1 0 0 0 0 0 3 0 1 0 2 0 0 1 0 0 1 0 0 0 2 0 2 0 3 0 0 0 2 1 0 0 3 0 2 0 1 0 0 0 0 0 3 0 1 0 2 0 0 1 0 0 3 0 0 0 3 0 0 0 2 1 0 0 1 0 1 0 0 0 0 0 1 1 0 0 2 0 2 0 2 0 1 0 0 1 0 0 2 0 2 0 0 1 0 0 0 0 2 0 1 0 0 0 1 0 2 0 0 1 0 1 0 0 2 1 0 0 1 0 3 0 2 0 3 0 0 1 0 0 2 0 2 0 2 0 1 0 2 0 3 0 0 1 0 0 1 1 0 0 2 0 0 0 0 0 0 0 2 0 0 0 0 0 2 1 0 0 0 1 0 0 0 1 0 0 3 0 3 0 0 1 0 0 0 1 0 0 1 0 3 0 2 0 2 0 0
0 705 1 0 2 0 2 0 2 0 0 0 3 0 1 0 3 0 3 0 0 0 3 0 0 0 0 0 1 0 0 0 2 0 0 0 0 0 2 0 3 0 0 1 0 0 0 0 1 1 0 0 2 0 3 0 1 0 2 0 2 0 3 0 1 0 0 0 0 0 1 0 0 0 2 1 0 0 0 1 0 0 2 0 3 0 1 0 3 0 1 0 3 0 0 0 1 0 1 0 0 0 2 0 2 0 1 0 3 0 1 1 0 0 0 0 1 1 0 0 2 0 2 0 3 0 0 1 0 0 2 1 0 1 0 0 2 0 2 0 3 0 1 1 0 1 0 0 1 0 1 1 0 1 0 0 1 1 0 1 0 0 0 0 1 1 0 0 1 0 0 0 0 0 0 0 1 0 2 0 1 0 3 0 3 0 3 0 2 1 0 0 2 0 3 0 2 1 0 1 0 1 0 0 1 1 0 1 0 1 0 0 0 0 3 0 1 0 3 0 1 0 1 0 1 0 2 0 3 0 0 0 2 0 1 0 0 0 2 0 2 0 0 0 0 1 0 0 0 1 0 0 2 0 1 0 2 1 0 0 2 0 0 0 1 0 3 0 0 0 1 1 0 0 0 0 2 0 2 1 0 0 1 0 0 0 1 0 0 0 2 0 3 0 2 0 2 0 1 0 0 0 0 0 2 0 2 0 2 0 0 1 0 0 0 1 0 0 0 0 3 0 3 0 2 1 0 0 3 0 3 0 0 0 2 0 0 0 2 1 0 0 2 0 2 0 2 0 2 0 1 0 2 0 2 1 0 0 3 0 0 0 3 0 2 0 2 0 2 1 0 0 1 0 0 0 3 0 1 1 0 1 0 0 3 0 0 0 2 1 0 1 0 0 2 0 0 0 1 0 0 0 1 0 2 0 3 0 1 0 3 0 0 0 0 1 0 1 0 0 1 0 3 0 2 0 2 0 1 0 1 0 1 0 0 1 0 0 0 0 3 0 0 0 1 0 0 0 2 0 1 0 0 0 2 1 0 0 0 0 3 0 0 1 0 0 3 0 0 1 0 0 1 1 0 0 3 0 1 0 1 0 1 0 2 0 0 0 0 1 0 0 0 0 3 0 2 0 2 1 0 0 0 0 1 0 1 0 2 0 3 0 0 0 1 0 1 1 0 0 0 0 2 0 3 0 1 0 1 0 0 0 1 0 2 0 2 0 1 0 0 0 2 0 0 0 3 0 0 0 1 0 1 1 0 0 0 0 2 1 0 0 1 0 2 0 1 0 2 0 0 1 0 0 2 0 2 0 0 0 0 1 0 0 0 0 0 0 1 0 0 0 3 0 1 1 0 0 0 0 0 0 2 0 2 1 0 1 0 0 3 0 0 0 2 1 0 0 2 1 0 1 0 0 0 1 0 0 3 0 2 0 1 0 2 0 2 1 0 0 0 0 1 0 0 1 0 0 1 0 2 0 2 0 3 0 2 0 3 0 3 0 0 0 0 0 0 1 0 0 1 0 1 0 0 1 0 0 1 0 3 0 0 1 0 0 2 0 2 0 2 0 3 0 0 0 3 0 2 0 2 0 1 0 0 0 1
1 705 3 0 0 0 1 0 0 0 2 0 1 1 0 0 3 0 2 0 2 0 1 0 1 0 0 0 2 0 0 1 0 0 1 0 1 0 0 0 2 0 2 0 2 1 0 1 0 0 0 0 0 0 2 1 0 0 1 0 1 0 2 0 3 0 0 0 0 0 2 0 1 0 0 1 0 0 1 1 0 0 0 0 2 1 0 0 2 1 0 0 2 0 1 0 2 0 2 0 1 0 0 0 0 1 0 0 2 1 0 1 0 0 0 1 0 0 0 0 0 0 1 0 2 0 2 1 0 0 1 0 0 1 0 0 0 0 1 0 3 0 0 0 0 0 3 0 1 1 0 0 0 0 3 0 2 1 0 0 2 1 0 0 3 0 3 0 1 0 0 0 0 0 0 0 2 1 0 1 0 0 3 0 3 0 3 0 2 0 0 0 0 0 3 0 2 0 0 1 0 0 3 0 2 1 0 1 0 0 3 0 0 0 1 1 0 0 2 0 3 0 2 0 3 0 0 0 2 0 1 1 0 0 3 0 1 0 0 0 0 0 1 0 1 0 3 0 0 0 3 0 3 0 3 0 0 1 0 1 0 0 1 0 3 0 1 0 1 0 3 0 3 0 0 0 0 0 1 1 0 0 2 0 0 0 2 0 1 0 0 0 3 0 1 0 0 0 3 0 0 0 1 0 0 0 1 0 0 0 2 0 3 0 0 0 3 0 0 0 2 0 3 0 2 0 0 0 2 0 2 0 1 1 0 0 2 0 1 0 0 0 0 0 1 0 1 0 0 1 0 0 1 0 2 0 0 0 1 0 2 0 2 0 1 0 1 0 1 1 0 0 2 0 1 0 2 0 0 0 0 1 0 0 1 0 2 0 1 0 0 0 3 0 3 0 0 0 2 0 0 0 3 0 0 0 2 1 0 0 2 0 1 0 1 1 0 0 3 0 2 0 2 0 1 0 0 0 3 0 2 0 2 0 1 0 3 0 0 0 1 0 1 0 2 0 0 1 0 0 3 0 1 0 0 1 0 0 1 0 1 0 2 1 0 0 1 0 2 0 3 0 2 1 0 0 1 0 3 0 2 0 2 1 0 0 1 0 1 0 3 0 0 0 2 0 1 0 1 1 0 0 0 0 2 0 3 0 0 0 2 0 1 0 2 0 3 0 3 0 0 0 0 0 2 0 3 0 2 0 0 0 3 0 0 0 0 0 3 0 0 1 0 0 2 0 1 0 1 0 2 0 3 0 3 0 0 0 0 1 0 0 2 1 0 1 0 0 0 0 2 1 0 0 0 0 0 0 1 0 1 0 2 1 0 0 0 0 2 0 1 0 1 1 0 1 0 0 0 0 1 0 0 0 2 0 0 1 0 0 1 0 2 0 1 0 0 0 1 0 0 0 3 0 0 1 0 0 2 0 0 1 0 0 1 0 1 1 0 0 0 0 2 0 1 0 3 0 2 0 0 0 1 0 3 0 1 0 3 0 2 0 1 0 0 0 1 0 3 0 1 0 2 0 1 0 3 0 2 0 1 0 2 1 0 0 0 0 1 0 1 0 2 0 2 0 2 0 1 0 0 0 3 0 0 0 2
0 707 1 0 1 0 1 0 2 0 1 0 0 0 0 0 0 0 2 0 1 0 0 0 3 0 2 0 0 1 0 0 2 0 3 0 1 0 2 0 1 0 0 0 1 0 2 0 0 0 2 1 0 0 1 0 0 1 0 0 2 0 3 0 0 0 2 0 1 0 0 1 0 0 3 0 1 0 3 0 2 0 3 0 0 0 1 0 0 0 0 1 0 1 0 1 0 0 1 0 0 0 3 0 0 0 1 1 0 0 1 0 0 0 3 0 0 0 2 1 0 0 0 0 3 0 0 0 1 1 0 0 2 0 1 0 2 1 0 0 3 0 1 0 1 0 1 0 1 1 0 1 0 0 1 0 2 0 2 0 0 0 1 0 0 0 2 0 2 0 3 0 0 0 0 0 1 0 1 0 0 1 0 0 2 0 3 0 3 0 0 0 1 0 1 0 2 0 0 0 2 1 0 0 2 0 2 0 0 1 0 0 1 0 1 1 0 0 0 0 0 0 3 0 1 0 2 0 2 0 0 0 0 0 0 0 1 0 3 0 0 0 0 0 2 0 3 0 1 0 2 0 2 0 3 0 2 0 2 1 0 0 3 0 2 0 1 0 3 0 3 0 2 0 2 0 1 0 0 0 3 0 3 0 3 0 0 1 0 0 3 0 1 0 1 0 3 0 1 0 1 0 1 0 2 0 0 0 2 0 1 0 0 0 2 0 2 0 1 0 2 0 0 0 3 0 0 0 2 0 0 0 0 1 0 1 0 1 0 0 3 0 0 0 0 0 2 0 2 0 1 0 3 0 1 1 0 0 1 0 3 0 0 0 0 0 3 0 2 0 3 0 3 0 3 0 2 1 0 0 1 0 1 0 3 0 1 1 0 0 3 0 1 0 2 0 2 0 1 1 0 0 2 0 1 0 2 0 0 1 0 1 0 1 0 0 0 0 0 0 2 0 1 0 0 0 3 0 1 0 2 0 1 0 0 1 0 0 2 0 1 0 2 0 2 1 0 0 2 1 0 0 1 0 3 0 1 0 3 0 1 0 3 0 0 1 0 0 3 0 0 0 3 0 1 1 0 0 3 0 2 0 1 0 1 1 0 0 2 0 3 0 1 0 1 1 0 0 3 0 3 0 3 0 0 0 0 0 2 0 1 1 0 1 0 0 1 0 3 0 2 0 1 0 1 0 0 0 3 0 0 0 2 0 1 0 1 0 1 0 1 0 2 0 3 0 3 0 2 0 3 0 0 0 3 0 2 0 1 0 1 1 0 0 1 0 0 0 3 0 0 0 0 1 0 0 0 0 0 0 2 0 3 0 0 1 0 0 0 1 0 1 0 0 0 0 0 0 2 1 0 0 2 0 0 1 0 0 2 0 3 0 1 1 0 0 3 0 0 0 2 0 1 0 1 0 2 0 3 0 3 0 1 0 3 0 1 0 3 0 2 1 0 1 0 1 0 0 3 0 0 0 1 0 3 0 1 1 0 0 3 0 0 0 3 0 0 0 3 0 1 1 0 0 0 1 0 0 3 0 0 1 0 0 1 1 0 0 0 0 2 0 3 0 0 0 1 0 0 0 3 0 1 0 1 0 2 0 0
0 707 2 0 2 0 2 1 0 0 3 0 0 0 0 0 0 1 0 0 3 0 1 0 2 0 0 0 2 1 0 0 0 0 2 1 0 0 0 0 3 0 0 0 2 1 0 0 2 0 0 1 0 0 2 0 1 1 0 0 0 0 2 0 1 1 0 0 3 0 1 1 0 0 1 1 0 0 3 0 1 0 2 0 1 0 2 0 0 0 1 1 0 1 0 0 3 0 1 0 1 0 1 0 1 0 3 0 3 0 1 0 1 0 1 0 2 0 0 1 0 0 1 0 1 0 1 0 3 0 3 0 3 0 3 0 1 0 0 0 1 0 3 0 2 0 2 1 0 0 0 0 3 0 2 0 0 0 0 0 1 0 2 0 1 0 0 0 1 0 2 0 1 0 0 0 2 0 2 0 1 1 0 0 0 0 3 0 2 0 1 0 2 0 2 1 0 0 2 0 1 0 0 0 0 0 0 0 2 0 3 0 1 0 3 0 2 1 0 0 1 0 1 1 0 0 1 0 0 0 1 0 0 0 0 0 3 0 1 0 1 0 1 0 0 0 2 1 0 0 1 0 1 0 3 0 1 0 2 0 0 0 2 0 0 1 0 0 3 0 3 0 1 0 0 0 3 0 1 0 2 0 3 0 2 0 2 1 0 0 1 0 3 0 3 0 1 0 3 0 2 0 2 1 0 0 1 1 0 0 3 0 1 0 0 0 0 1 0 0 0 0 2 0 1 0 1 1 0 0 1 0 1 1 0 1 0 1 0 0 1 0 1 0 1 0 0 0 0 1 0 0 2 1 0 1 0 0 3 0 1 0 1 0 1 0 2 0 1 0 3 0 3 0 3 0 1 1 0 0 2 0 3 0 2 0 0 0 0 0 1 1 0 0 1 0 0 1 0 1 0 1 0 1 0 0 0 0 2 1 0 1 0 0 2 1 0 0 0 1 0 0 3 0 1 0 1 1 0 0 0 0 3 0 1 0 3 0 3 0 3 0 0 0 2 0 0 0 0 1 0 0 3 0 1 1 0 0 2 1 0 0 2 0 2 1 0 0 1 0 2 0 2 0 0 0 0 0 2 0 0 1 0 0 0 0 0 0 0 0 2 1 0 0 0 0 0 0 2 0 3 0 2 0 1 0 1 0 0 0 0 0 0 0 3 0 2 0 2 0 0 0 3 0 2 0 1 0 1 0 1 1 0 0 3 0 2 0 2 0 3 0 0 0 3 0 3 0 1 0 2 0 2 0 2 0 0 0 3 0 3 0 3 0 1 0 1 0 1 0 1 0 1 0 2 1 0 0 1 0 0 0 2 0 2 0 3 0 0 1 0 0 2 1 0 0 1 0 0 1 0 1 0 0 2 1 0 0 0 0 3 0 0 0 0 0 1 0 1 1 0 0 3 0 3 0 0 0 3 0 2 1 0 0 2 1 0 0 3 0 2 0 0 1 0 1 0 0 1 0 1 0 3 0 2 0 0 0 0 0 1 0 2 0 1 0 2 0 1 1 0 1 0 0 1 1 0 0 1 0 2 0 3 0 2 0 3 0 0 0 0 0 2 0 1 0 2 0 1 0 1 0 3 0 2 1 0 0 1
1 709 1 0 0 0 1 0 2 0 0 0 1 0 1 0 0 0 1 1 0 0 1 1 0 0 0 0 2 0 0 1 0 0 1 0 0 1 0 0 1 0 1 0 2 0 0 1 0 1 0 0 2 0 3 0 3 0 3 0 3 0 0 0 0 0 0 0 0 0 1 1 0 1 0 1 0 0 0 0 1 1 0 0 0 1 0 0 0 0 1 1 0 0 0 1 0 0 1 0 3 0 2 0 2 0 3 0 2 0 2 0 3 0 2 0 2 1 0 0 2 0 3 0 1 0 2 0 3 0 2 0 3 0 3 0 2 0 3 0 0 0 3 0 2 0 1 0 1 1 0 0 1 0 2 0 0 0 1 0 0 0 2 1 0 0 3 0 0 0 2 1 0 0 3 0 1 0 0 0 0 1 0 1 0 0 1 0 2 0 0 1 0 0 1 0 1 1 0 1 0 0 3 0 0 0 0 0 1 0 0 0 2 1 0 0 3 0 1 1 0 0 2 0 3 0 3 0 1 0 0 0 2 0 0 0 1 0 1 0 3 0 2 0 2 0 1 0 0 1 0 0 2 0 3 0 1 1 0 0 0 0 1 1 0 0 2 1 0 0 2 0 2 0 3 0 1 0 1 1 0 0 1 0 3 0 1 0 1 1 0 0 3 0 2 0 2 1 0 0 3 0 1 0 1 1 0 1 0 0 0 0 1 0 3 0 0 0 1 0 2 1 0 1 0 0 3 0 3 0 3 0 1 1 0 0 0 1 0 0 3 0 1 0 2 0 2 0 0 0 1 1 0 0 1 0 0 1 0 0 1 0 3 0 2 0 2 1 0 1 0 0 3 0 3 0 3 0 0 0 0 0 0 0 3 0 0 0 1 0 0 0 3 0 3 0 1 0 1 1 0 1 0 1 0 0 3 0 0 0 1 0 0 1 0 0 0 1 0 0 1 1 0 0 1 0 3 0 3 0 3 0 0 0 1 1 0 0 3 0 3 0 2 0 1 1 0 0 1 0 1 1 0 0 2 0 0 0 0 0 1 0 0 0 0 0 1 1 0 0 3 0 0 0 0 0 1 0 0 1 0 0 2 0 2 1 0 0 0 0 1 0 0 1 0 0 0 0 1 0 0 0 3 0 0 0 3 0 2 0 0 0 0 0 1 0 2 0 1 0 0 0 2 0 2 0 0 0 3 0 2 1 0 0 0 0 2 0 1 0 1 0 2 0 2 0 2 0 2 1 0 0 1 0 1 0 0 0 2 0 2 0 3 0 2 0 3 0 2 0 2 0 2 0 3 0 0 1 0 0 2 0 1 0 0 0 1 0 2 0 2 1 0 0 0 1 0 0 2 0 1 1 0 1 0 0 0 1 0 0 1 0 1 0 1 0 0 0 2 1 0 0 0 0 2 0 2 0 2 0 2 0 2 0 0 0 1 0 0 0 2 0 0 0 2 1 0 0 3 0 1 0 3 0 2 0 0 0 1 0 0 0 2 1 0 1 0 0 1 0 0 0 0 0 3 0 2 0 3 0 2 0 0 0 3 0 1 0 2 0 1 0 0 1 0 1 0 0 0 0 3 0 3 0 2 0 1 1 0 0 2
0 709 2 0 0 0 2 1 0 0 1 0 2 0 2 0 0 0 3 0 3 0 2 0 2 1 0 1 0 0 2 0 3 0 1 0 1 0 3 0 1 0 2 1 0 0 2 1 0 1 0 0 0 0 3 0 3 0 3 0 2 0 1 0 0 0 0 0 0 1 0 0 0 1 0 0 2 1 0 0 3 0 3 0 0 0 2 1 0 0 3 0 3 0 0 0 3 0 2 0 2 0 1 0 1 0 3 0 1 0 1 0 3 0 1 0 2 0 0 0 0 0 2 1 0 0 1 0 3 0 1 0 3 0 3 0 1 0 2 0 2 0 2 0 0 0 3 0 3 0 3 0 1 1 0 0 1 0 2 0 1 0 1 0 0 0 1 0 2 0 1 0 0 0 1 0 3 0 0 0 1 1 0 0 3 0 1 1 0 0 2 0 3 0 1 1 0 0 0 1 0 0 1 0 1 0 0 0 2 0 1 0 1 0 0 0 2 0 0 0 0 0 0 0 3 0 2 0 3 0 0 1 0 0 1 0 2 0 3 0 2 0 1 0 0 0 3 0 1 1 0 0 0 0 2 1 0 1 0 0 0 1 0 0 0 0 1 0 0 0 0 0 1 0 2 0 3 0 3 0 3 0 2 0 1 1 0 0 0 0 0 0 2 0 1 0 2 0 0 0 1 1 0 0 0 0 0 0 2 1 0 0 3 0 1 0 1 0 3 0 1 0 0 1 0 0 2 0 3 0 2 1 0 1 0 0 1 1 0 0 1 1 0 0 1 0 0 0 1 0 3 0 3 0 1 0 1 0 3 0 2 0 2 0 1 0 2 0 0 1 0 0 2 0 3 0 2 0 1 0 0 0 1 0 1 0 1 0 2 0 1 0 2 0 2 1 0 0 0 0 0 1 0 1 0 0 1 0 1 0 2 0 1 0 3 0 0 0 3 0 2 0 3 0 2 0 2 0 3 0 2 0 1 1 0 0 0 0 2 0 3 0 0 1 0 1 0 0 2 0 3 0 3 0 3 0 0 0 0 0 2 0 0 0 0 1 0 0 0 0 1 0 1 0 0 0 2 0 1 1 0 0 0 0 1 1 0 0 0 0 2 0 1 0 2 1 0 0 2 0 1 0 1 0 2 0 2 0 0 0 1 0 0 0 2 1 0 0 3 0 1 0 0 0 0 0 2 0 2 0 1 1 0 0 0 1 0 0 3 0 3 0 0 0 1 0 1 0 1 1 0 0 2 0 2 0 1 0 0 0 1 0 3 0 1 0 3 0 1 0 1 0 1 0 2 0 2 0 3 0 3 0 2 0 0 0 3 0 0 0 1 1 0 0 1 1 0 0 0 0 0 0 0 0 3 0 0 0 3 0 1 0 2 0 2 0 1 0 0 1 0 0 1 0 0 0 1 0 1 0 1 0 0 0 1 0 2 0 0 1 0 0 2 0 1 0 0 0 1 1 0 0 3 0 0 0 1 0 2 0 1 0 1 0 0 0 3 0 1 0 0 0 1 0 2 0 1 0 3 0 0 0 2 0 1 1 0 0 0 0 3 0 1 1 0 0 3 0 0 0 2 0 3 0 1 0 0 0 0 0 0
0 710 1 0 0 2 0 0 1 0 0 3 0 0 0 0 0 2 0 2 0 3 0 1 0 2 0 0 1 0 0 0 0 2 0 3 0 3 0 1 1 0 0 2 0 0 0 1 0 0 0 3 0 0 0 2 0 3 0 3 0 0 0 3 0 0 0 0 0 1 0 3 0 0 1 0 0 1 0 0 0 2 0 2 0 2 0 1 0 0 0 2 0 2 0 2 0 2 0 1 0 0 0 3 0 3 0 1 0 3 0 3 0 1 1 0 0 0 0 1 0 1 0 0 1 0 0 3 0 1 1 0 0 3 0 2 1 0 0 1 0 1 0 0 0 2 0 2 0 3 0 2 1 0 1 0 0 2 1 0 0 3 0 2 0 0 0 2 1 0 0 3 0 0 0 3 0 1 0 1 1 0 0 0 0 2 0 0 0 0 0 0 0 2 1 0 1 0 0 1 0 3 0 1 0 2 0 0 1 0 0 3 0 2 0 0 1 0 0 1 0 0 0 1 0 2 0 1 0 2 0 2 0 3 0 2 0 0 0 3 0 0 0 3 0 1 0 1 1 0 1 0 0 1 0 1 0 0 0 3 0 0 0 2 1 0 0 2 0 0 0 0 0 3 0 0 0 3 0 3 0 3 0 0 1 0 1 0 0 0 0 0 1 0 1 0 0 0 0 1 0 3 0 2 1 0 0 1 0 1 0 0 0 1 0 3 0 3 0 1 0 3 0 1 1 0 0 0 0 3 0 2 0 0 0 3 0 2 0 3 0 2 0 3 0 1 0 0 0 3 0 2 0 2 0 3 0 3 0 2 0 1 0 0 1 0 0 0 0 2 1 0 0 0 0 3 0 0 0 3 0 0 0 2 0 2 0 2 1 0 1 0 0 1 0 1 1 0 0 0 0 1 1 0 0 3 0 1 0 2 1 0 1 0 0 2 0 2 0 2 0 1 0 3 0 1 0 1 0 3 0 0 1 0 1 0 0 1 0 0 0 2 0 2 1 0 1 0 0 0 0 3 0 3 0 2 0 1 0 0 1 0 0 1 0 1 0 2 1 0 0 2 0 2 0 0 1 0 1 0 1 0 0 0 0 3 0 2 1 0 1 0 1 0 0 1 1 0 1 0 0 3 0 3 0 0 0 0 0 1 0 2 0 1 0 1 0 0 0 1 0 3 0 0 0 1 0 0 0 0 1 0 1 0 0 1 1 0 0 2 0 2 0 1 0 2 0 2 1 0 0 0 0 0 0 0 0 3 0 0 0 3 0 1 1 0 0 2 0 3 0 2 0 3 0 0 0 1 0 3 0 3 0 0 0 2 0 1 0 1 0 3 0 3 0 2 0 2 1 0 0 0 0 1 0 1 0 2 0 1 1 0 0 1 0 0 0 3 0 1 0 3 0 1 0 0 0 2 0 2 0 2 0 0 0 2 1 0 0 2 0 3 0 3 0 2 0 0 1 0 0 0 0 1 0 1 0 2 1 0 0 3 0 2 0 1 0 1 0 3 0 0 0 2 1 0 1 0 0 2 0 1 1 0 1 0 1 0 0 1 0 2 0 0 0 0 0 1 0 2 0 0 0 2 0 3 0 0 0 0 0 0
0 711 1 0 3 0 3 0 1 1 0 0 1 0 1 0 1 0 0 0 1 0 2 1 0 0 0 0 2 0 3 0 0 0 0 0 3 0 2 1 0 1 0 1 0 0 1 0 2 0 1 0 1 0 2 0 0 0 3 0 2 0 2 0 1 0 1 0 0 0 3 0 1 0 2 0 3 0 1 0 1 0 0 0 1 0 0 0 3 0 1 0 0 0 1 0 1 0 0 0 3 0 1 0 2 0 2 1 0 0 3 0 2 1 0 1 0 0 0 0 2 0 2 0 1 1 0 0 2 0 0 0 0 0 2 0 1 1 0 0 2 0 2 0 1 0 0 0 1 0 3 0 2 0 0 1 0 0 1 0 0 0 2 0 0 0 2 0 1 0 0 0 1 0 2 0 1 0 3 0 3 0 2 1 0 1 0 0 1 0 0 0 1 0 1 0 0 0 3 0 2 0 1 1 0 0 0 0 2 1 0 0 2 0 0 0 2 0 3 0 1 0 0 0 2 1 0 1 0 0 1 0 1 0 3 0 0 0 2 0 1 0 2 0 1 1 0 0 0 0 0 0 3 0 1 0 2 0 1 0 1 0 2 0 0 1 0 1 0 0 1 0 1 0 1 0 2 0 2 0 3 0 2 0 2 1 0 0 2 1 0 0 1 1 0 0 2 1 0 0 3 0 2 0 1 1 0 0 2 0 2 0 0 0 3 0 2 0 2 1 0 0 2 1 0 1 0 0 1 0 2 0 0 0 2 0 2 0 1 0 3 0 1 0 2 0 3 0 1 0 2 0 1 0 1 0 3 0 3 0 0 0 3 0 1 0 3 0 0 0 0 1 0 0 1 0 1 0 2 0 1 0 2 0 0 0 1 0 2 0 0 0 3 0 1 0 3 0 2 1 0 1 0 0 0 0 1 1 0 0 2 0 0 1 0 0 0 0 1 0 0 1 0 0 2 0 3 0 3 0 1 0 2 1 0 0 3 0 1 0 1 0 0 0 2 0 0 0 3 0 0 0 2 0 3 0 0 0 3 0 1 0 3 0 1 0 3 0 1 0 0 0 0 0 0 0 2 1 0 1 0 0 3 0 0 0 2 0 2 0 0 1 0 0 3 0 2 1 0 1 0 0 2 0 2 0 1 0 0 0 2 1 0 0 3 0 2 0 0 0 3 0 1 0 1 0 2 0 0 0 1 1 0 0 3 0 2 1 0 0 0 0 0 1 0 0 1 0 1 1 0 0 0 0 0 0 1 0 1 0 2 0 2 0 0 0 0 0 0 0 3 0 1 0 2 0 1 0 3 0 2 0 2 0 1 1 0 0 3 0 3 0 2 0 3 0 1 0 1 1 0 0 0 0 2 0 2 1 0 1 0 1 0 0 2 0 1 0 1 1 0 0 2 0 3 0 1 0 0 0 1 0 0 0 2 0 1 0 0 0 0 0 3 0 3 0 0 0 2 0 2 1 0 0 2 0 3 0 1 0 0 0 2 0 0 0 3 0 3 0 1 0 2 0 1 0 0 1 0 0 0 0 0 0 0 1 0 0 3 0 1 1 0 0 1 0 0 0 2 1 0 0 2 0 0 0 2 0 1 0 0 0 0
0 711 3 0 2 0 2 1 0 1 0 0 2 0 2 0 2 0 0 0 3 0 0 1 0 0 1 0 0 0 2 0 1 0 1 0 2 0 2 0 0 1 0 0 3 0 1 1 0 0 3 0 2 1 0 0 2 0 2 0 1 0 0 0 3 0 2 0 1 0 1 1 0 0 1 0 2 0 3 0 2 0 0 0 2 0 1 0 1 0 3 0 0 0 2 0 2 0 1 0 1 1 0 0 1 0 2 0 0 0 2 0 2 0 0 0 3 0 0 0 0 0 0 1 0 1 0 1 0 0 1 0 1 0 0 0 0 0 0 0 0 0 0 0 3 0 0 0 3 0 2 0 0 0 2 0 3 0 1 0 0 1 0 0 1 1 0 0 3 0 0 0 2 1 0 1 0 0 3 0 3 0 2 0 0 0 3 0 1 0 0 0 2 0 2 0 1 0 2 0 0 1 0 1 0 0 1 0 0 1 0 1 0 0 2 0 0 0 2 0 3 0 1 0 1 0 0 0 3 0 1 0 3 0 1 0 1 1 0 1 0 0 0 1 0 1 0 0 0 0 1 0 1 1 0 0 0 0 3 0 2 1 0 0 2 1 0 0 3 0 1 0 2 0 3 0 0 0 1 0 3 0 1 0 2 0 0 0 0 1 0 1 0 0 0 0 1 0 0 0 2 0 1 0 0 0 0 0 0 0 0 0 2 0 2 0 1 0 2 0 0 0 1 0 0 0 3 0 1 1 0 0 2 0 0 0 0 1 0 0 2 1 0 0 1 0 2 1 0 0 0 0 3 0 3 0 2 0 2 0 2 0 1 1 0 0 2 0 1 0 1 0 3 0 1 0 2 1 0 1 0 0 0 0 1 0 2 1 0 0 2 0 1 1 0 0 3 0 2 0 0 0 2 1 0 0 3 0 3 0 3 0 1 0 2 1 0 0 2 0 1 1 0 0 0 0 3 0 2 1 0 0 2 0 0 0 1 0 3 0 2 0 0 1 0 0 2 0 1 0 2 0 0 0 2 0 2 0 1 1 0 0 2 1 0 0 2 0 3 0 0 0 0 0 1 0 1 0 0 1 0 0 1 0 2 0 0 0 0 0 2 1 0 0 2 0 2 0 0 1 0 0 0 0 0 0 3 0 1 0 1 0 0 0 2 0 0 0 2 0 1 0 3 0 2 1 0 0 1 1 0 0 0 0 2 0 1 1 0 0 0 0 1 0 3 0 1 0 3 0 2 1 0 0 0 0 2 0 3 0 0 0 0 0 1 0 0 0 1 0 1 1 0 0 0 1 0 0 3 0 1 0 1 0 0 0 0 0 2 0 3 0 1 0 2 0 3 0 3 0 3 0 0 0 0 0 2 0 0 1 0 0 3 0 3 0 2 1 0 0 0 0 0 0 2 0 3 0 0 0 2 0 0 1 0 0 3 0 0 0 1 0 2 0 2 0 2 0 0 0 2 0 0 0 0 0 2 0 3 0 0 1 0 0 2 0 2 0 2 1 0 0 0 0 3 0 1 0 2 1 0 0 0 0 1 1 0 0 1 1 0 1 0 0 2 0 1 0 0 1 0 1 0 0 1 1 0 0 3 0 0 0 0
0 713 1 0 2 0 1 0 2 0 0 1 0 0 0 0 1 0 0 0 2 0 1 0 2 0 3 0 1 0 0 1 0 0 3 0 3 0 0 0 0 0 2 1 0 0 2 0 0 0 0 0 2 0 2 0 0 0 0 0 0 0 3 0 1 0 2 0 0 0 3 0 3 0 3 0 2 0 0 0 3 0 0 0 1 1 0 0 3 0 3 0 1 0 2 0 0 0 0 0 3 0 3 0 3 0 1 1 0 0 2 0 0 0 0 0 2 0 1 0 1 0 0 0 1 1 0 1 0 0 3 0 1 0 2 0 0 0 0 0 0 0 0 0 1 0 1 0 2 0 2 0 0 0 2 0 0 0 2 0 3 0 1 0 3 0 2 1 0 0 1 0 2 0 1 0 0 1 0 0 2 0 3 0 0 0 2 0 1 0 3 0 1 0 0 0 0 1 0 0 0 0 2 1 0 0 3 0 1 0 1 1 0 0 3 0 3 0 1 0 0 0 2 0 3 0 2 0 1 0 1 1 0 0 2 1 0 0 0 0 0 0 3 0 0 1 0 0 2 1 0 0 2 0 3 0 3 0 0 0 2 0 2 0 0 0 1 0 0 0 1 1 0 0 1 0 2 0 1 0 3 0 1 1 0 0 0 0 1 0 1 1 0 0 2 1 0 0 2 0 0 1 0 0 3 0 0 0 0 0 0 0 1 0 0 0 0 1 0 0 0 0 1 0 2 0 1 0 1 1 0 1 0 1 0 0 1 0 1 1 0 0 0 1 0 0 3 0 0 1 0 0 1 0 2 0 3 0 1 0 1 0 0 1 0 1 0 1 0 0 3 0 3 0 1 1 0 0 2 0 0 0 2 1 0 0 3 0 1 0 0 0 0 0 0 0 0 0 2 0 0 0 2 0 1 0 0 0 2 0 3 0 2 1 0 0 1 1 0 1 0 1 0 1 0 0 1 0 2 0 1 1 0 1 0 0 1 0 3 0 2 0 0 0 2 0 3 0 3 0 2 1 0 0 2 0 0 0 1 0 0 0 0 0 1 0 0 0 0 0 2 0 1 0 0 0 2 0 2 0 1 0 3 0 1 1 0 0 1 0 1 0 1 0 0 0 0 0 0 0 2 0 2 1 0 0 1 0 1 0 3 0 2 0 0 1 0 0 1 1 0 1 0 0 3 0 1 1 0 0 3 0 2 1 0 1 0 1 0 1 0 0 0 0 3 0 1 1 0 0 3 0 1 1 0 0 1 0 0 0 2 0 1 0 0 0 2 0 0 0 2 0 3 0 3 0 0 1 0 0 1 0 3 0 2 0 0 0 1 0 0 0 2 1 0 0 1 0 3 0 3 0 2 0 1 0 0 1 0 0 2 1 0 0 2 0 3 0 1 1 0 0 0 0 1 0 0 0 2 0 1 1 0 0 2 1 0 0 1 0 1 0 3 0 0 0 1 0 0 0 1 1 0 0 1 0 1 0 0 0 2 0 2 1 0 0 0 0 1 0 1 1 0 0 1 0 1 1 0 0 1 1 0 0 0 0 3 0 3 0 2 1 0 0 3 0 3 0 2 0 1 1 0 0 3 0 2 1 0 0 1 0 1 0 0
0 713 2 1 0 1 0 0 0 0 2 0 2 1 0 0 2 0 0 1 0 1 0 0 1 0 2 0 3 0 1 1 0 0 2 0 2 0 1 0 1 0 0 1 0 1 0 0 1 0 1 0 0 0 0 0 1 0 0 0 1 0 1 1 0 0 0 0 2 0 2 0 3 0 3 0 0 0 2 0 1 0 1 1 0 0 0 0 2 0 2 1 0 0 0 0 1 0 1 0 2 0 3 0 2 1 0 1 0 1 0 0 1 0 0 1 0 0 3 0 2 0 0 1 0 0 0 1 0 0 1 1 0 0 0 0 1 0 0 0 0 0 0 0 2 0 3 0 0 0 0 0 1 1 0 0 2 0 0 0 2 1 0 0 3 0 1 1 0 0 2 1 0 0 3 0 1 1 0 0 0 0 2 0 1 1 0 1 0 0 2 0 3 0 0 0 1 0 3 0 0 0 1 0 0 0 1 1 0 0 0 0 0 0 2 0 2 0 3 0 1 0 0 0 3 0 0 1 0 0 0 0 0 0 0 1 0 0 0 0 1 0 1 0 2 1 0 0 1 0 0 0 0 0 3 0 2 0 2 0 0 0 0 0 1 0 2 0 0 0 3 0 3 0 1 1 0 1 0 0 2 1 0 1 0 0 0 0 2 1 0 0 0 0 0 1 0 1 0 0 2 1 0 0 1 0 1 0 0 0 0 0 2 0 0 0 1 0 2 1 0 0 2 1 0 1 0 0 0 0 0 1 0 0 3 0 1 0 3 0 3 0 0 1 0 0 1 0 2 0 3 0 2 0 0 0 2 0 3 0 2 0 1 1 0 1 0 1 0 0 2 0 2 1 0 1 0 1 0 0 2 0 1 0 0 0 1 0 3 0 0 0 0 0 0 0 0 1 0 0 1 1 0 0 3 0 1 0 0 0 3 0 1 1 0 1 0 0 0 1 0 1 0 0 3 0 2 0 0 0 0 0 0 0 3 0 2 0 2 0 0 0 2 0 0 0 3 0 3 0 1 1 0 1 0 0 1 0 2 0 0 0 0 0 2 0 0 0 0 1 0 0 3 0 1 0 0 0 0 1 0 0 2 1 0 1 0 0 2 0 2 0 2 0 0 0 0 0 1 0 0 0 1 1 0 0 2 0 3 0 2 0 0 0 2 0 3 0 2 1 0 1 0 0 2 0 0 0 0 0 2 0 2 0 0 1 0 1 0 0 3 0 0 0 2 0 0 0 0 0 1 1 0 1 0 0 2 0 0 1 0 0 3 0 0 1 0 0 2 0 0 0 3 0 2 0 2 0 3 0 2 0 2 0 0 0 1 0 2 0 1 0 0 1 0 0 3 0 2 0 3 0 0 0 3 0 1 1 0 0 1 0 0 0 0 0 2 1 0 1 0 0 0 0 2 0 1 0 0 0 0 0 0 0 0 1 0 0 2 0 3 0 1 0 1 0 2 0 0 0 3 0 3 0 1 0 2 0 1 0 0 0 1 1 0 0 0 0 2 0 3 0 3 0 1 0 3 0 3 0 2 0 3 0 0 0 2 0 3 0 2 0 0 0 2 0 3 0 1 0 0 0 0 0 2 0 1 1 0 0 2 0 2 0 0
0 715 1 0 1 0 0 0 3 0 0 0 0 0 1 1 0 1 0 0 2 1 0 0 3 0 2 0 0 0 3 0 0 0 0 0 0 0 0 0 3 0 2 0 1 1 0 0 3 0 1 0 2 0 0 0 0 0 2 0 0 0 2 0 3 0 3 0 0 0 0 0 1 0 3 0 2 0 1 1 0 0 3 0 3 0 3 0 0 0 0 0 1 1 0 0 0 0 2 0 3 0 0 0 3 0 2 0 0 1 0 0 3 0 1 0 1 1 0 0 2 0 0 0 2 0 3 0 0 0 3 0 2 0 2 1 0 0 2 0 0 0 0 0 1 0 0 0 2 0 1 0 0 0 3 0 3 0 3 0 1 0 1 0 0 0 2 0 0 0 0 0 1 0 0 0 1 1 0 1 0 0 1 0 0 0 0 0 0 1 0 0 0 0 2 0 1 0 3 0 1 0 1 0 2 0 0 0 3 0 2 1 0 0 1 0 0 0 1 0 2 0 3 0 1 0 1 0 2 0 2 1 0 0 0 0 1 0 2 1 0 0 2 0 3 0 0 1 0 0 2 0 0 0 1 0 2 0 1 0 0 0 1 0 0 0 2 1 0 0 2 0 2 0 3 0 0 0 0 1 0 0 1 0 0 0 3 0 0 0 0 1 0 0 0 0 1 1 0 1 0 0 0 1 0 0 2 0 2 0 0 0 0 1 0 0 1 0 3 0 1 0 0 0 1 0 0 0 2 1 0 0 1 1 0 0 1 1 0 0 3 0 2 0 2 0 3 0 2 0 0 0 3 0 0 0 2 0 0 0 3 0 1 0 0 0 0 1 0 1 0 0 0 0 2 0 0 1 0 0 3 0 3 0 2 0 0 0 3 0 1 0 1 0 0 0 0 0 1 0 3 0 2 1 0 0 1 0 3 0 1 0 2 0 0 0 0 0 3 0 0 1 0 1 0 0 2 0 0 0 1 0 0 0 1 0 2 0 1 0 0 0 1 1 0 0 2 0 2 0 3 0 0 0 0 0 3 0 1 1 0 0 1 0 0 1 0 0 1 0 1 1 0 0 1 0 3 0 0 0 1 1 0 0 1 0 0 1 0 0 0 0 1 0 0 0 1 0 0 0 2 0 0 1 0 0 0 0 0 0 3 0 0 0 2 0 0 0 3 0 2 0 0 0 3 0 3 0 0 0 1 0 0 0 0 0 2 1 0 1 0 0 1 0 1 1 0 0 1 0 0 1 0 0 0 0 3 0 3 0 1 1 0 0 1 0 2 0 3 0 3 0 1 0 2 0 1 0 1 0 3 0 1 0 0 0 1 0 2 1 0 0 3 0 1 1 0 0 2 0 1 0 2 0 2 0 1 1 0 1 0 0 2 0 0 0 1 0 1 0 0 0 2 1 0 1 0 0 3 0 0 0 0 0 0 0 1 1 0 0 0 0 2 0 3 0 2 1 0 0 2 0 2 0 2 1 0 0 0 0 3 0 0 0 3 0 3 0 0 0 0 0 3 0 2 1 0 0 3 0 3 0 1 0 2 0 2 0 0 0 3 0 0 0 2 0 0 0 2 0 3 0 0 0 1 0 0 0 0 0 0 0 0 0 0 0 1
1 715 2 0 2 0 1 0 1 0 1 0 0 1 0 0 0 1 0 0 1 0 0 0 2 0 0 0 2 0 1 0 1 0 0 0 0 0 1 0 2 0 1 0 0 0 0 0 1 1 0 0 0 0 1 0 0 1 0 0 2 0 0 0 3 0 2 0 1 0 0 0 3 0 2 0 1 0 0 0 0 0 2 0 3 0 2 0 1 0 0 0 3 0 3 0 0 0 0 0 2 0 2 0 2 0 0 0 2 1 0 0 1 0 3 0 3 0 3 0 3 0 1 0 0 0 2 0 2 0 2 0 1 0 1 1 0 1 0 0 1 0 0 0 2 0 0 1 0 0 3 0 1 0 2 0 3 0 2 0 3 0 2 0 0 1 0 0 1 0 0 0 2 0 0 1 0 0 0 0 3 0 1 0 0 0 0 0 1 0 2 1 0 1 0 1 0 0 2 0 3 0 2 1 0 0 2 0 2 0 1 1 0 0 2 0 0 0 3 0 0 0 2 0 3 0 3 0 0 0 1 1 0 0 0 0 3 0 1 0 0 0 0 0 2 0 2 0 3 0 3 0 0 0 2 1 0 0 3 0 0 0 2 0 1 0 1 0 0 0 0 0 1 0 2 0 1 0 1 0 3 0 1 0 1 0 1 0 1 0 1 0 2 1 0 1 0 0 0 0 3 0 0 1 0 0 0 0 0 0 1 0 1 0 3 0 2 0 1 0 3 0 0 0 2 0 1 0 0 1 0 0 3 0 3 0 2 1 0 0 2 0 1 0 1 0 3 0 0 0 2 0 1 0 1 1 0 0 2 0 1 0 3 0 0 0 1 1 0 0 2 1 0 1 0 0 2 1 0 0 2 0 3 0 0 0 2 0 1 0 3 0 2 0 0 0 0 0 3 0 2 0 1 1 0 0 3 0 1 1 0 0 0 0 1 0 1 0 1 0 2 1 0 0 3 0 3 0 0 0 2 0 0 0 2 1 0 0 3 0 0 1 0 0 0 0 0 0 1 0 2 0 1 0 1 0 1 1 0 1 0 0 2 0 1 0 3 0 1 0 3 0 3 0 2 0 1 0 1 0 3 0 3 0 1 0 1 0 2 1 0 0 2 0 0 0 2 0 0 1 0 0 2 0 2 1 0 0 1 0 1 0 1 1 0 0 2 0 2 0 0 0 2 0 2 0 2 0 1 0 2 0 0 0 1 0 1 0 0 0 3 0 1 0 3 0 3 0 1 0 1 0 3 0 0 0 2 0 2 1 0 1 0 0 3 0 0 0 3 0 2 1 0 0 0 0 3 0 3 0 1 0 3 0 0 0 3 0 1 0 0 0 1 1 0 1 0 1 0 1 0 0 1 0 1 0 0 0 0 0 3 0 3 0 0 0 2 0 2 0 1 0 1 0 0 1 0 0 1 0 1 0 0 0 0 0 3 0 3 0 0 0 0 0 3 0 2 0 0 0 0 0 1 0 1 1 0 0 1 0 1 0 2 0 2 0 2 0 1 0 1 0 2 0 2 0 0 0 2 0 2 1 0 0 1 0 0 0 2 0 1 0 1 1 0 0 2 0 0 0 2 0 1 0 2 0 0 0 0 0 0 0 0 0 0 0 2
0 717 1 0 0 0 0 0 3 0 2 0 2 0 1 0 3 0 0 0 3 0 1 0 0 1 0 0 1 1 0 0 3 0 2 0 0 0 0 0 2 1 0 0 3 0 0 0 0 0 3 0 2 1 0 0 2 0 1 0 3 0 3 0 1 0 2 0 0 0 3 0 1 0 2 0 0 0 3 0 0 0 1 0 0 0 3 0 0 0 3 0 1 0 2 0 2 0 1 0 1 0 0 0 1 0 0 0 2 0 0 1 0 0 3 0 2 0 3 0 3 0 2 0 3 0 1 0 0 0 1 0 0 1 0 0 0 0 0 0 3 0 1 0 0 1 0 0 2 1 0 0 1 1 0 0 1 0 3 0 1 0 3 0 0 0 2 0 3 0 1 0 0 1 0 0 2 0 3 0 0 0 1 0 3 0 0 0 0 0 3 0 1 0 0 1 0 1 0 0 0 0 3 0 2 0 0 0 0 0 0 1 0 1 0 1 0 0 2 0 1 0 2 0 0 0 3 0 2 0 1 0 3 0 3 0 0 0 1 0 3 0 0 0 1 0 0 0 1 0 3 0 2 0 2 0 1 0 0 0 1 0 1 1 0 0 3 0 2 0 0 0 0 0 2 1 0 0 3 0 3 0 1 0 3 0 2 0 2 0 2 0 3 0 1 0 0 0 3 0 0 0 1 0 2 0 2 1 0 0 0 0 2 0 3 0 2 0 0 1 0 0 2 0 1 1 0 0 3 0 1 1 0 0 2 0 3 0 1 1 0 1 0 0 3 0 3 0 1 0 1 1 0 0 3 0 3 0 3 0 3 0 3 0 1 0 1 1 0 0 0 0 1 0 0 1 0 0 1 0 0 0 0 0 2 0 1 1 0 1 0 0 3 0 0 0 1 0 1 0 2 0 1 0 0 0 0 0 1 1 0 1 0 0 0 0 2 0 2 0 3 0 1 0 0 0 2 0 2 0 1 1 0 0 2 0 1 0 0 0 1 0 2 0 2 1 0 0 0 0 2 1 0 0 3 0 2 1 0 0 0 0 3 0 3 0 3 0 1 1 0 0 3 0 3 0 0 0 3 0 3 0 2 0 2 0 3 0 3 0 0 1 0 1 0 0 1 1 0 0 2 1 0 0 0 0 1 1 0 0 2 0 2 1 0 0 0 0 0 0 0 0 2 0 0 0 1 0 0 1 0 0 0 0 1 0 2 0 2 0 1 0 1 1 0 0 3 0 2 0 3 0 3 0 1 0 2 0 0 0 2 0 0 1 0 0 1 0 2 0 2 0 1 1 0 0 1 0 2 0 2 1 0 0 2 0 2 0 1 0 3 0 0 1 0 0 0 1 0 1 0 0 3 0 1 0 2 0 0 0 1 0 2 0 2 0 2 0 0 0 0 0 3 0 2 0 1 0 3 0 1 0 2 0 0 0 1 0 2 0 2 0 1 0 1 0 2 0 0 0 1 0 0 0 2 0 3 0 3 0 1 0 3 0 0 0 1 0 0 0 3 0 3 0 0 0 0 0 2 0 0 0 1 1 0 0 2 0 0 1 0 0 3 0 3 0 3 0 3 0 0 1 0 1 0 0 0 0 1 0 0 0 0 0 0 0 1 0 0
0 717 2 0 0 0 1 0 2 0 1 0 0 1 0 0 2 0 2 0 1 0 3 0 1 0 3 0 2 1 0 0 2 0 0 0 1 0 1 0 1 0 0 0 1 0 1 0 1 0 2 0 1 1 0 1 0 1 0 0 3 0 2 1 0 0 0 0 2 0 1 1 0 0 0 0 2 0 1 0 1 0 2 0 1 0 1 0 2 0 1 1 0 0 1 0 0 0 3 0 2 0 0 0 2 0 0 1 0 0 2 1 0 0 2 0 1 0 3 0 3 0 1 0 2 0 3 0 0 0 2 0 1 0 2 1 0 0 1 0 1 0 3 0 1 1 0 0 0 1 0 0 3 0 3 0 2 0 1 1 0 0 2 0 2 0 0 0 2 0 3 0 1 1 0 0 0 0 2 0 1 0 3 0 1 0 1 0 1 0 1 0 3 0 1 1 0 0 3 0 0 0 2 0 0 0 1 0 0 0 1 1 0 1 0 0 3 0 3 0 2 1 0 0 2 0 2 0 0 1 0 0 3 0 2 0 1 0 3 0 1 0 1 0 2 0 0 0 3 0 2 0 1 0 0 0 3 0 0 0 2 1 0 0 0 0 2 0 0 0 1 0 1 0 1 0 0 0 2 0 2 1 0 0 3 0 1 0 1 0 1 0 2 0 3 0 1 0 1 0 1 0 3 0 0 0 1 1 0 0 1 0 0 0 3 0 0 0 2 1 0 0 0 0 0 0 0 0 2 0 0 0 0 0 0 0 3 0 0 0 0 1 0 0 2 0 2 1 0 0 0 0 0 0 2 0 3 0 3 0 3 0 2 0 3 0 3 0 2 1 0 0 2 0 1 0 3 0 1 0 0 0 1 0 0 0 0 0 0 1 0 0 1 0 1 0 2 0 2 1 0 0 3 0 0 0 0 1 0 0 0 0 3 0 0 0 0 0 1 0 2 0 3 0 1 0 0 0 0 1 0 1 0 1 0 0 3 0 0 0 3 0 0 0 1 1 0 0 1 0 1 0 0 0 2 0 1 1 0 0 1 0 2 0 3 0 3 0 0 0 0 0 2 0 2 0 2 0 2 0 3 0 1 0 1 0 3 0 2 0 2 1 0 0 3 0 2 1 0 0 0 1 0 0 0 1 0 0 0 0 0 0 1 1 0 0 0 0 0 0 0 1 0 0 1 0 2 0 1 0 2 1 0 0 3 0 0 0 0 1 0 0 0 0 0 0 2 0 1 0 3 0 2 1 0 0 0 0 1 1 0 0 2 0 3 0 2 0 0 0 0 1 0 1 0 0 3 0 0 0 2 0 0 0 0 0 0 1 0 0 2 0 2 0 3 0 0 1 0 1 0 0 1 1 0 0 0 0 1 0 3 0 0 0 1 0 0 0 1 0 1 0 2 0 0 1 0 0 2 1 0 0 0 0 1 0 3 0 0 0 0 0 3 0 2 1 0 0 1 0 2 0 1 0 0 0 3 0 2 1 0 0 2 0 1 0 2 0 1 0 2 0 2 0 1 0 0 1 0 0 1 0 3 0 3 0 3 0 1 1 0 0 2 0 3 0 3 0 2 0 2 1 0 0 2 1 0 0 2 0 0 0 0 0 0 0 2 0 0
0 718 1 0 0 1 0 2 1 0 0 3 0 1 1 0 0 0 0 0 1 0 0 2 1 0 0 3 0 1 1 0 1 0 0 1 0 2 0 2 0 2 0 0 0 2 0 2 0 3 0 0 0 0 0 0 1 0 1 0 0 2 0 1 1 0 0 0 1 0 1 0 1 0 0 0 1 0 0 3 0 2 1 0 0 3 0 2 1 0 1 0 1 0 0 2 0 1 0 2 0 0 0 1 1 0 0 2 1 0 0 0 1 0 1 0 1 0 0 3 0 2 1 0 0 1 0 2 0 1 1 0 1 0 0 1 1 0 0 2 0 3 0 1 1 0 1 0 0 1 1 0 0 2 0 3 0 1 0 0 0 0 0 0 0 0 0 2 0 0 0 2 1 0 1 0 0 0 1 0 1 0 0 2 0 3 0 2 0 2 0 3 0 2 0 0 0 0 0 1 0 1 1 0 0 1 0 2 0 0 1 0 0 0 1 0 0 2 0 3 0 2 0 0 0 0 0 0 0 2 1 0 0 2 0 0 1 0 0 2 0 3 0 2 1 0 0 2 0 2 0 0 0 3 0 1 0 1 0 2 0 0 1 0 0 0 1 0 0 1 0 2 0 2 0 2 0 1 0 0 0 2 0 0 0 1 0 3 0 2 0 3 0 0 0 2 0 3 0 2 0 3 0 1 0 1 0 3 0 3 0 1 0 1 0 1 0 2 0 0 1 0 0 0 0 0 0 0 1 0 0 1 0 0 0 1 0 1 0 1 0 1 1 0 0 0 0 1 1 0 0 0 0 1 0 0 0 3 0 3 0 3 0 1 0 3 0 3 0 1 1 0 1 0 1 0 0 2 0 3 0 0 0 2 0 0 0 0 0 1 0 3 0 1 0 3 0 0 0 2 0 0 0 1 0 1 0 1 0 3 0 0 0 1 0 1 0 0 0 3 0 0 0 2 0 3 0 0 0 1 1 0 1 0 1 0 0 1 0 2 0 1 0 1 0 3 0 3 0 1 0 2 0 0 1 0 1 0 1 0 0 3 0 0 0 3 0 2 0 1 0 1 0 0 0 1 0 1 0 1 0 2 0 3 0 3 0 2 0 1 0 2 0 0 0 2 0 1 1 0 0 1 0 3 0 0 0 2 1 0 0 0 0 3 0 2 1 0 0 0 0 1 0 3 0 1 1 0 1 0 0 2 0 0 0 1 0 1 0 1 0 2 1 0 0 0 1 0 1 0 0 3 0 1 1 0 0 0 1 0 0 0 0 0 0 3 0 0 0 1 0 1 1 0 1 0 0 1 0 1 1 0 0 1 0 0 0 1 1 0 0 0 0 1 0 2 0 2 1 0 0 3 0 2 0 2 1 0 0 3 0 1 0 1 0 2 0 0 0 2 0 2 1 0 0 2 1 0 0 0 1 0 0 0 0 3 0 1 0 1 0 1 0 2 0 1 1 0 0 2 1 0 0 3 0 1 0 2 0 1 1 0 1 0 1 0 0 0 1 0 0 1 0 0 0 3 0 1 0 3 0 2 0 2 0 3 0 3 0 0 0 0 0 0 0 3 0 3 0 1 0 2 0 0 0 0 1 0 1 0 0 1 0 0 0 0 1 0 0 1
0 719 1 0 3 0 2 0 1 0 0 0 1 1 0 1 0 0 0 0 1 1 0 0 1 0 0 0 2 0 0 0 0 0 3 0 2 0 0 0 1 0 0 0 2 0 0 0 1 0 2 0 1 0 0 0 1 1 0 0 3 0 3 0 3 0 3 0 0 1 0 1 0 0 3 0 0 1 0 0 2 0 2 0 0 0 2 0 2 0 0 1 0 0 3 0 3 0 2 1 0 0 1 1 0 0 0 0 0 1 0 0 1 1 0 1 0 1 0 0 2 0 1 1 0 0 3 0 0 0 0 0 0 0 3 0 2 1 0 0 0 0 3 0 0 0 0 0 3 0 2 1 0 0 0 0 2 0 3 0 0 0 0 0 0 0 0 1 0 0 2 0 1 0 0 0 3 0 0 1 0 1 0 0 0 0 3 0 1 0 1 0 3 0 0 0 1 0 0 0 2 0 3 0 3 0 1 1 0 0 2 0 3 0 0 1 0 0 0 0 3 0 0 0 1 0 0 0 1 0 0 1 0 1 0 0 2 1 0 0 0 0 3 0 2 0 0 0 0 0 0 0 2 0 1 0 3 0 2 1 0 0 2 0 3 0 0 0 3 0 2 0 0 0 1 0 0 0 3 0 0 1 0 0 1 0 3 0 2 0 1 0 2 0 2 0 0 0 3 0 1 0 2 0 3 0 3 0 2 0 2 0 3 0 2 0 2 1 0 0 2 0 2 1 0 0 0 0 1 0 3 0 1 0 0 0 2 0 2 0 2 0 3 0 2 1 0 0 3 0 2 1 0 0 2 0 1 0 2 0 3 0 2 1 0 0 3 0 3 0 0 0 0 1 0 1 0 0 0 0 2 0 1 1 0 0 1 0 0 0 3 0 1 1 0 0 2 0 1 1 0 0 1 0 2 0 2 0 3 0 1 0 1 0 2 0 2 0 1 0 1 0 2 0 0 0 2 0 1 1 0 0 0 1 0 0 3 0 1 1 0 0 3 0 3 0 2 0 2 1 0 0 0 0 2 1 0 1 0 1 0 0 1 0 2 0 2 0 0 0 3 0 2 0 0 0 2 0 2 0 3 0 0 0 3 0 3 0 0 1 0 0 0 0 1 1 0 1 0 1 0 0 3 0 1 0 2 0 0 1 0 0 1 0 2 0 1 1 0 0 0 0 3 0 2 0 0 0 0 0 3 0 3 0 0 0 2 0 2 0 3 0 0 1 0 0 1 1 0 1 0 0 1 1 0 1 0 0 1 0 2 1 0 0 1 0 1 0 1 0 2 1 0 0 0 0 3 0 1 0 3 0 3 0 1 0 0 0 3 0 2 1 0 0 3 0 0 0 2 0 0 0 2 0 1 0 2 0 0 0 1 0 3 0 2 1 0 0 2 0 0 0 2 0 0 0 0 1 0 0 1 0 3 0 0 0 1 0 3 0 2 0 3 0 0 0 0 0 0 0 1 0 0 0 1 1 0 0 1 0 0 0 0 1 0 0 3 0 0 0 3 0 1 0 1 0 1 1 0 0 3 0 1 0 1 0 3 0 2 0 1 0 0 0 1 0 2 0 2 1 0 0 0 0 1 0 1 1 0 0 3 0 1 0 0 0 1 0 3 0 1
1 719 3 0 2 0 0 0 3 0 0 1 0 0 0 0 2 1 0 0 3 0 3 0 1 0 0 1 0 0 1 0 1 0 2 0 0 0 1 0 2 0 0 1 0 0 1 0 2 1 0 0 3 0 0 1 0 0 0 0 2 0 3 0 3 0 2 0 2 1 0 1 0 0 1 0 2 1 0 0 0 0 0 0 2 0 0 0 0 0 2 1 0 0 2 0 3 0 1 1 0 0 3 0 2 1 0 0 1 0 3 0 2 1 0 1 0 1 0 0 0 0 0 0 0 0 1 0 1 0 0 0 1 0 2 0 1 1 0 0 1 0 1 0 1 0 1 0 2 0 1 1 0 0 1 0 0 0 2 0 1 0 0 0 0 0 1 0 3 0 3 0 2 0 1 0 1 0 2 1 0 0 3 0 0 0 1 0 3 0 3 0 1 0 1 0 2 0 1 0 0 0 3 0 3 0 0 0 0 0 0 0 2 0 2 0 3 0 0 0 1 0 1 0 2 0 0 0 2 0 1 1 0 1 0 0 0 1 0 0 1 0 2 0 0 0 1 0 0 0 0 1 0 1 0 0 3 0 2 0 0 0 0 0 2 0 2 0 2 0 0 0 1 0 2 0 1 0 1 0 2 0 3 0 2 0 2 0 0 1 0 0 1 0 0 0 2 0 1 1 0 0 1 0 3 0 3 0 1 0 1 0 3 0 1 0 2 0 0 0 0 0 1 1 0 0 0 0 3 0 1 0 3 0 1 0 0 0 1 0 1 0 3 0 2 0 0 0 2 0 1 1 0 1 0 1 0 0 1 0 3 0 2 0 0 0 2 0 2 0 1 0 1 1 0 0 2 1 0 1 0 1 0 1 0 0 2 0 1 0 1 1 0 1 0 1 0 1 0 1 0 0 3 0 0 0 1 0 2 0 3 0 3 0 0 0 0 0 3 0 2 1 0 0 1 1 0 1 0 1 0 0 1 1 0 0 2 0 0 0 0 0 2 0 3 0 1 0 1 1 0 0 1 0 1 0 0 1 0 0 3 0 2 0 0 0 0 0 2 0 2 0 0 0 2 0 0 0 1 0 2 0 2 0 2 0 2 0 2 0 2 1 0 1 0 0 0 1 0 1 0 0 1 1 0 0 0 0 2 0 3 0 1 1 0 1 0 1 0 0 1 0 2 0 0 0 1 0 1 0 2 0 2 0 2 0 0 0 1 0 2 0 2 0 3 0 2 1 0 0 3 0 2 1 0 0 3 0 2 0 0 1 0 0 2 0 2 0 3 0 0 1 0 0 1 0 1 1 0 0 3 0 2 0 3 0 1 0 2 0 2 0 0 0 1 0 1 1 0 0 1 1 0 1 0 0 0 0 1 0 3 0 2 0 1 1 0 1 0 0 1 1 0 0 1 0 1 0 3 0 2 0 1 0 1 0 3 0 2 0 1 0 2 0 1 0 0 0 0 0 2 0 0 0 3 0 3 0 1 0 0 0 1 1 0 0 1 0 2 0 1 0 3 0 2 1 0 0 0 0 1 0 3 0 3 0 2 0 0 0 3 0 0 0 3 0 0 0 1 1 0 0 0 0 2 1 0 0 0 0 1 0 3 0 0 0 3 0 1 1 0
1 721 1 0 2 0 0 0 2 0 1 0 2 0 3 0 0 0 1 0 0 0 2 0 2 0 3 0 1 0 3 0 1 0 2 1 0 0 1 0 2 1 0 0 2 0 3 0 2 0 1 0 0 0 1 0 2 0 3 0 0 0 0 0 3 0 3 0 1 0 2 0 0 0 3 0 2 0 0 1 0 0 0 0 0 1 0 0 1 0 1 0 1 0 0 0 0 0 3 0 0 0 0 0 2 0 1 1 0 0 3 0 2 0 2 0 0 1 0 0 2 1 0 0 0 0 0 0 2 0 2 0 0 0 2 1 0 1 0 1 0 0 2 0 2 0 2 0 2 1 0 1 0 1 0 0 2 0 0 1 0 0 3 0 0 0 0 0 3 0 2 0 3 0 0 0 3 0 3 0 1 0 0 0 1 0 1 0 3 0 2 0 2 0 3 0 2 1 0 0 3 0 1 0 2 0 2 0 1 0 0 0 1 0 0 0 1 0 2 0 1 0 2 0 2 1 0 0 2 0 0 0 0 0 0 0 3 0 0 0 3 0 1 1 0 0 1 0 2 0 0 0 1 1 0 1 0 0 2 0 0 0 1 0 1 0 0 0 1 0 0 0 1 0 2 1 0 0 3 0 3 0 0 0 3 0 1 0 0 0 2 0 3 0 1 0 0 1 0 1 0 1 0 0 3 0 2 0 2 0 3 0 3 0 1 1 0 0 0 0 1 0 0 0 3 0 3 0 0 0 1 1 0 0 2 0 3 0 0 0 2 0 3 0 2 0 0 0 2 0 0 0 0 0 0 1 0 0 3 0 2 0 2 0 0 0 2 0 0 0 0 1 0 0 0 0 0 0 1 0 0 1 0 1 0 0 3 0 3 0 2 1 0 0 0 1 0 1 0 1 0 1 0 0 1 0 1 0 3 0 0 0 3 0 2 0 1 0 1 0 2 0 1 1 0 1 0 0 0 1 0 0 3 0 2 0 3 0 3 0 0 0 1 0 0 0 2 0 3 0 3 0 3 0 1 0 2 0 1 1 0 0 2 0 0 0 1 0 1 0 0 0 0 0 1 1 0 0 1 0 3 0 0 0 1 0 1 0 1 0 1 0 2 0 0 0 3 0 0 1 0 0 3 0 2 0 3 0 0 0 0 0 3 0 0 0 0 1 0 0 3 0 1 1 0 0 1 0 2 0 3 0 0 0 1 0 0 0 1 0 3 0 0 0 1 0 3 0 2 0 0 0 2 0 2 0 0 0 2 0 0 0 2 1 0 0 0 0 1 0 2 0 2 0 3 0 1 1 0 0 0 0 2 0 1 0 2 1 0 0 1 0 0 0 1 0 2 0 3 0 3 0 2 1 0 0 2 1 0 0 3 0 2 0 1 0 0 0 0 0 3 0 2 0 3 0 1 0 3 0 2 0 0 0 3 0 3 0 2 0 0 1 0 0 0 0 3 0 0 0 0 1 0 0 2 0 2 0 2 0 3 0 0 0 3 0 3 0 1 1 0 1 0 0 3 0 1 1 0 0 0 0 3 0 2 0 3 0 0 0 2 0 1 0 2 0 1 0 1 0 3 0 3 0 0 0 0 1 0 0 0 0 3 0 1 0 2 0 1 1 0 1 0
1 721 2 1 0 0 1 1 0 1 0 0 1 0 2 0 1 0 2 0 1 0 0 0 1 0 2 1 0 0 2 1 0 0 1 1 0 0 3 0 1 0 0 0 0 0 3 0 0 0 3 0 0 0 3 0 0 0 2 0 1 0 1 0 2 0 2 1 0 0 0 0 2 0 2 0 0 0 2 0 2 1 0 0 1 0 3 0 1 0 2 0 2 0 0 0 1 0 1 0 1 0 1 0 0 0 0 0 0 0 2 0 1 0 0 0 2 1 0 0 0 1 0 0 0 0 1 0 0 0 0 0 2 0 1 0 0 1 0 1 0 0 0 0 1 0 1 0 2 0 0 1 0 0 3 0 3 0 1 1 0 0 1 0 1 0 1 0 2 0 1 0 2 0 2 0 2 0 2 0 3 0 0 0 2 0 3 0 2 0 1 0 1 0 3 0 2 0 0 0 1 1 0 0 1 0 0 0 3 0 0 0 2 0 0 0 2 1 0 1 0 0 1 0 1 1 0 1 0 0 1 0 0 0 1 0 1 0 2 0 1 1 0 1 0 0 2 1 0 0 1 1 0 0 0 0 3 0 3 0 0 0 2 0 2 0 0 0 2 0 0 0 3 0 1 0 0 0 2 0 2 0 2 0 1 0 3 0 1 0 0 0 2 0 3 0 1 1 0 1 0 1 0 0 2 0 1 0 1 0 3 0 2 1 0 1 0 0 0 0 2 0 1 0 2 0 2 0 1 1 0 0 0 0 0 0 2 0 2 0 0 0 3 0 0 0 1 1 0 0 1 0 0 0 1 1 0 0 2 0 1 0 0 0 1 1 0 0 1 0 1 0 2 1 0 0 0 0 2 0 1 1 0 1 0 0 2 0 3 0 1 1 0 0 1 1 0 1 0 1 0 0 3 0 1 0 3 0 1 0 2 0 2 0 0 0 3 0 3 0 0 0 0 0 0 0 3 0 0 1 0 0 2 0 1 0 3 0 2 0 1 0 2 0 1 0 0 0 3 0 3 0 2 1 0 0 0 1 0 1 0 1 0 0 1 0 2 0 2 0 0 0 0 0 3 0 3 0 2 0 1 0 1 0 2 0 2 0 2 0 2 1 0 0 2 0 1 0 2 1 0 0 2 0 1 0 2 0 1 0 1 0 1 0 1 0 1 1 0 0 1 1 0 1 0 0 3 0 0 0 2 0 1 0 2 0 0 0 3 0 1 0 1 0 3 0 2 0 0 0 2 0 0 0 0 0 1 1 0 0 2 0 0 1 0 0 0 0 3 0 0 0 1 0 2 1 0 1 0 0 0 1 0 1 0 0 1 1 0 0 2 0 0 0 3 0 0 0 3 0 3 0 2 0 0 0 1 0 0 0 2 0 0 0 3 0 0 0 1 0 2 0 1 0 2 1 0 0 3 0 0 0 2 0 2 0 3 0 0 0 2 0 3 0 0 0 1 0 1 0 1 1 0 0 0 0 1 0 1 0 2 0 2 0 2 0 3 0 0 0 0 1 0 0 1 1 0 1 0 0 1 0 2 0 1 0 2 0 1 1 0 1 0 0 0 0 3 0 3 0 2 0 2 0 1 0 1 0 3 0 0 0 1 1 0 0 1 0 0 0 0 0 2
0 723 1 0 0 1 0 1 0 0 0 0 3 0 1 1 0 1 0 0 0 0 3 0 0 0 3 0 1 0 0 0 0 1 0 1 0 0 0 0 1 0 3 0 0 0 1 0 1 0 2 0 1 0 2 0 1 0 1 1 0 0 3 0 3 0 0 0 1 1 0 0 1 0 0 0 0 0 2 0 0 0 1 1 0 0 3 0 1 1 0 0 1 0 0 0 1 0 2 0 2 0 2 0 2 0 0 0 0 0 0 1 0 0 3 0 1 0 0 1 0 0 1 0 2 1 0 0 2 0 0 0 0 1 0 0 3 0 1 1 0 0 2 1 0 0 2 0 2 1 0 0 2 1 0 0 2 0 2 1 0 1 0 0 2 0 2 0 2 1 0 1 0 0 1 0 1 0 1 0 1 0 2 0 2 0 0 0 3 0 0 0 3 0 3 0 2 0 0 0 1 0 3 0 3 0 1 0 1 0 1 0 1 1 0 0 2 0 1 0 0 0 3 0 1 1 0 0 0 0 3 0 1 0 0 0 2 0 3 0 0 0 0 0 0 1 0 0 0 1 0 0 3 0 3 0 0 0 2 0 2 0 2 0 0 0 0 0 1 1 0 0 2 0 1 0 3 0 1 0 0 0 1 0 0 1 0 0 2 0 3 0 1 0 0 0 3 0 0 0 0 1 0 0 3 0 3 0 2 0 3 0 2 0 2 0 0 0 2 1 0 1 0 1 0 0 1 0 0 1 0 1 0 0 0 0 1 0 0 0 0 0 2 0 1 0 1 0 3 0 3 0 1 0 0 0 3 0 3 0 3 0 2 0 0 0 3 0 3 0 1 0 3 0 0 1 0 0 1 0 0 0 0 0 0 1 0 0 0 0 2 1 0 1 0 1 0 0 0 1 0 1 0 0 1 1 0 0 2 1 0 0 1 0 0 0 2 0 2 0 2 0 1 0 0 0 1 0 1 0 2 0 3 0 3 0 3 0 2 0 0 1 0 0 0 0 3 0 1 0 2 0 3 0 1 1 0 0 1 1 0 1 0 0 3 0 2 0 0 0 0 0 1 0 1 0 2 0 3 0 0 0 3 0 3 0 0 0 1 0 1 0 1 1 0 1 0 1 0 0 1 1 0 1 0 1 0 0 0 0 3 0 2 0 2 0 2 0 3 0 3 0 2 1 0 1 0 0 1 0 1 1 0 1 0 0 0 0 2 0 1 0 3 0 3 0 2 0 0 0 1 1 0 0 1 0 0 0 3 0 3 0 3 0 1 0 3 0 0 0 1 0 1 0 3 0 1 0 0 0 3 0 0 1 0 0 3 0 2 0 3 0 3 0 1 0 1 0 2 0 2 0 3 0 0 0 1 0 2 0 0 1 0 0 2 0 1 0 1 0 2 1 0 1 0 0 2 0 0 0 1 0 2 0 0 0 1 0 2 0 2 0 0 0 2 0 1 0 2 0 2 0 3 0 2 1 0 0 2 0 3 0 0 0 1 0 1 0 2 0 1 0 1 0 3 0 2 1 0 0 3 0 1 1 0 1 0 0 1 0 0 0 0 0 3 0 0 0 2 0 3 0 1 0 0 0 3 0 3 0 1 0 1 0 3 0 3 0 1 0 0 0 1 0 0
0 723 2 0 1 1 0 0 3 0 0 0 2 0 0 0 0 0 3 0 0 0 1 0 2 0 1 0 3 0 0 0 1 1 0 0 2 1 0 0 3 0 1 0 1 0 2 0 2 1 0 1 0 0 0 1 0 0 0 0 0 0 2 0 2 0 1 0 3 0 3 0 1 0 0 0 0 1 0 0 1 1 0 0 0 0 1 1 0 1 0 0 2 0 0 0 3 0 0 0 1 0 1 0 0 0 1 0 0 0 1 1 0 0 1 0 3 0 1 0 3 0 2 0 0 1 0 1 0 0 1 0 1 1 0 0 2 0 0 0 0 0 1 0 0 0 0 0 2 0 0 0 1 0 0 0 0 0 2 0 0 1 0 0 0 0 1 0 2 0 0 0 3 0 1 0 2 0 2 0 3 0 0 0 0 0 2 0 1 0 2 0 2 0 3 0 0 0 1 0 3 0 2 0 2 0 3 0 2 0 2 0 3 0 3 0 3 0 2 0 1 0 1 1 0 1 0 0 1 0 1 0 3 0 1 0 0 0 2 0 1 0 0 0 1 0 3 0 0 1 0 0 2 0 2 0 2 0 0 0 1 0 0 0 1 0 0 0 3 0 3 0 3 0 3 0 1 0 3 0 0 0 2 0 1 1 0 0 0 0 2 0 3 0 1 0 1 0 1 0 1 1 0 0 2 0 3 0 1 0 3 0 1 0 0 0 2 0 1 0 0 1 0 0 3 0 1 0 1 1 0 0 2 1 0 0 2 0 0 0 0 1 0 0 3 0 3 0 2 0 2 0 3 0 1 0 2 0 3 0 3 0 0 0 2 0 2 0 2 1 0 0 2 0 2 0 3 0 1 0 0 0 0 0 1 0 3 0 0 0 1 0 0 1 0 0 3 0 0 1 0 0 3 0 2 1 0 0 0 1 0 0 2 0 1 0 0 0 1 0 0 0 3 0 0 0 2 0 3 0 0 0 3 0 3 0 3 0 0 0 2 0 3 0 0 0 1 1 0 0 1 0 2 1 0 1 0 1 0 0 0 1 0 0 2 0 0 0 1 0 0 0 2 0 3 0 0 0 2 0 2 0 2 0 2 0 1 0 2 0 2 1 0 0 0 1 0 0 3 0 2 1 0 1 0 0 3 0 0 0 2 0 1 0 1 0 1 0 3 0 3 0 2 0 0 0 3 0 1 1 0 0 0 0 2 1 0 1 0 1 0 0 3 0 3 0 0 0 1 0 3 0 3 0 1 0 1 0 2 0 3 0 2 1 0 0 2 0 1 0 2 0 3 0 1 0 3 0 1 0 1 0 2 1 0 0 2 0 1 0 3 0 2 0 3 0 3 0 0 0 1 0 2 0 1 0 2 1 0 0 2 0 3 0 3 0 2 0 3 0 1 0 0 0 3 0 3 0 0 0 2 1 0 0 1 0 3 0 0 0 0 0 1 1 0 1 0 0 1 0 1 0 3 0 2 0 0 0 0 0 2 0 1 0 2 0 2 1 0 0 3 0 3 0 2 0 2 0 0 0 2 0 0 0 0 0 3 0 1 0 0 0 1 0 1 0 2 0 0 0 2 0 3 0 1 0 2 0 2 0 3 0 3 0 2 0 2 0 3 0 0 0 2 0 0
0 725 1 0 0 0 0 0 0 0 1 0 1 1 0 0 1 0 1 0 1 0 1 0 2 1 0 1 0 0 2 0 1 1 0 0 0 0 1 0 0 0 1 0 3 0 3 0 0 0 2 0 0 0 3 0 0 0 2 1 0 0 1 0 0 0 0 1 0 0 3 0 2 0 3 0 0 0 1 0 3 0 2 0 2 1 0 1 0 0 0 0 3 0 3 0 1 0 1 0 1 0 2 0 2 0 0 0 2 0 0 0 3 0 3 0 2 0 1 1 0 0 3 0 0 0 2 1 0 0 3 0 1 0 3 0 3 0 3 0 0 0 0 0 2 0 0 0 0 1 0 0 1 0 2 0 0 0 0 1 0 0 2 0 2 1 0 0 2 1 0 0 2 0 1 1 0 0 1 0 1 0 2 0 1 0 0 1 0 1 0 0 1 0 1 0 2 0 1 0 3 0 2 0 1 0 1 0 3 0 1 0 1 0 3 0 3 0 3 0 0 1 0 0 0 0 0 0 3 0 1 0 3 0 1 0 3 0 0 1 0 0 3 0 0 0 3 0 1 0 2 1 0 0 0 0 1 0 0 0 1 0 2 0 0 0 2 0 1 0 2 0 3 0 3 0 2 1 0 0 2 0 1 1 0 1 0 1 0 0 1 0 0 0 2 0 3 0 2 0 2 1 0 0 0 0 0 0 2 1 0 0 2 0 3 0 0 1 0 0 3 0 1 1 0 0 1 1 0 0 0 0 0 0 0 1 0 1 0 0 1 0 1 1 0 0 2 0 3 0 1 0 1 0 2 1 0 0 1 0 3 0 2 0 2 0 0 0 1 0 2 0 0 0 0 0 1 0 2 0 3 0 0 0 0 0 3 0 1 0 1 0 2 0 1 1 0 0 1 0 2 1 0 0 2 0 1 1 0 0 1 0 3 0 3 0 2 0 0 0 2 0 1 0 1 0 2 0 0 0 2 0 2 0 2 0 3 0 2 0 2 0 0 0 2 0 1 0 3 0 3 0 2 0 1 0 0 1 0 0 3 0 0 0 3 0 3 0 0 0 2 0 1 0 0 0 2 0 2 0 0 0 1 0 1 0 0 1 0 0 1 0 1 1 0 0 1 1 0 0 2 0 2 0 0 1 0 0 1 0 1 1 0 0 3 0 2 0 3 0 2 0 3 0 0 0 2 0 1 1 0 1 0 0 1 0 1 0 0 1 0 1 0 0 2 0 2 0 1 0 3 0 2 0 2 0 3 0 3 0 0 0 3 0 1 1 0 1 0 1 0 0 1 0 2 1 0 0 2 0 3 0 3 0 0 1 0 1 0 1 0 0 3 0 1 0 3 0 2 0 1 0 2 1 0 1 0 0 2 0 0 0 0 0 3 0 3 0 1 0 2 0 3 0 1 0 2 0 2 0 2 0 0 1 0 0 3 0 1 0 1 0 0 1 0 0 0 0 3 0 1 0 3 0 2 0 0 0 1 0 0 1 0 1 0 0 1 0 2 0 0 0 2 0 3 0 1 0 0 0 1 1 0 0 1 0 1 0 1 0 3 0 0 0 2 0 2 1 0 0 2 0 0 0 2 1 0 0 1 0 1 0 3 0 3 0 1 0 1 0 2 0 1 1 0 0 1
0 725 2 0 0 0 0 0 0 0 2 0 3 0 3 0 1 0 2 0 2 0 3 0 1 0 0 0 3 0 3 0 3 0 2 1 0 0 2 0 0 0 3 0 2 0 2 0 1 1 0 0 2 0 1 0 2 0 0 1 0 0 2 0 0 0 1 1 0 0 2 0 1 0 2 0 1 0 3 0 2 0 1 0 2 0 0 0 3 0 0 0 2 0 2 0 3 0 2 0 3 0 0 0 0 0 1 1 0 0 2 0 2 0 3 0 1 0 0 0 0 0 1 0 2 0 1 0 0 0 1 1 0 0 3 0 3 0 2 0 1 0 0 1 0 0 1 0 1 0 3 0 1 1 0 0 1 0 1 1 0 0 0 0 2 0 0 0 0 1 0 1 0 1 0 1 0 0 2 0 2 1 0 0 3 0 1 1 0 0 3 0 1 0 2 1 0 1 0 0 3 0 0 0 3 0 3 0 1 0 3 0 3 0 2 0 3 0 2 0 2 0 2 1 0 0 1 0 1 1 0 0 2 1 0 0 2 0 2 1 0 0 1 0 2 0 1 1 0 0 1 1 0 0 0 0 2 0 0 0 2 1 0 0 1 1 0 1 0 0 1 0 3 0 3 0 2 0 0 0 0 0 0 0 0 1 0 0 3 0 1 0 1 0 0 0 3 0 1 0 1 1 0 0 0 0 1 0 1 0 0 0 0 0 2 0 2 1 0 0 1 1 0 1 0 0 3 0 2 1 0 0 0 0 1 1 0 0 3 0 1 1 0 0 0 0 0 0 2 0 3 0 3 0 0 1 0 0 3 0 2 0 1 0 0 0 1 0 2 1 0 0 1 0 0 0 3 0 0 0 2 0 1 0 1 0 1 0 3 0 2 1 0 1 0 1 0 0 3 0 0 1 0 1 0 1 0 1 0 0 3 0 2 0 3 0 0 0 1 1 0 0 3 0 2 1 0 0 2 0 0 0 1 0 1 0 3 0 1 0 0 0 1 1 0 1 0 0 3 0 3 0 0 0 3 0 1 1 0 0 1 0 2 0 2 0 2 0 1 1 0 0 3 0 1 0 0 0 0 0 1 0 2 0 2 0 1 0 3 0 1 0 3 0 3 0 2 1 0 0 0 0 0 0 2 0 3 0 1 1 0 0 0 0 2 0 1 0 3 0 1 0 2 0 2 0 0 0 0 0 0 0 3 0 1 0 2 0 1 1 0 1 0 0 0 0 0 1 0 0 3 0 1 0 1 0 3 0 2 0 2 0 2 0 0 0 0 1 0 0 3 0 2 0 1 0 0 0 0 0 3 0 2 0 2 1 0 1 0 1 0 0 1 1 0 0 3 0 0 1 0 0 2 0 0 0 3 0 3 0 0 0 1 0 2 0 2 1 0 0 1 0 2 1 0 0 1 0 1 0 0 0 2 1 0 0 1 0 3 0 2 0 1 0 3 0 0 0 1 1 0 0 3 0 0 0 1 0 2 0 1 1 0 0 3 0 1 1 0 0 2 0 0 0 2 0 3 0 0 0 3 0 3 0 1 0 2 0 3 0 1 0 2 0 0 0 1 1 0 1 0 0 2 0 0 1 0 0 2 0 3 0 2 0 2 0 3 0 2 1 0 1 0 1 0 0 2
1 726 1 0 0 1 0 0 0 1 0 0 0 3 0 2 1 0 0 1 0 1 0 2 0 3 0 1 0 2 0 3 0 3 0 1 1 0 1 0 0 2 0 2 0 1 0 0 1 0 1 0 1 0 1 0 0 0 0 2 0 3 0 3 0 0 0 3 0 3 0 3 0 2 1 0 1 0 0 3 0 0 1 0 0 0 0 2 0 1 0 2 0 0 0 1 0 3 0 1 0 2 0 1 0 0 1 0 0 0 0 0 0 1 0 2 0 3 0 0 0 0 0 2 1 0 0 3 0 0 1 0 0 0 0 2 0 3 0 0 0 3 0 1 0 3 0 1 0 3 0 1 1 0 1 0 0 2 0 3 0 2 1 0 1 0 0 1 0 1 1 0 1 0 1 0 1 0 0 0 0 2 0 0 0 2 0 0 0 0 0 1 1 0 0 2 0 0 1 0 0 1 0 2 0 2 0 2 1 0 0 3 0 3 0 1 0 3 0 1 0 1 0 1 1 0 0 2 1 0 0 0 0 1 0 0 0 0 0 1 1 0 0 2 1 0 1 0 1 0 0 3 0 2 1 0 1 0 0 2 0 0 1 0 1 0 0 0 0 3 0 2 0 2 0 3 0 0 0 1 0 0 0 0 0 1 1 0 0 1 0 3 0 2 0 1 0 1 0 3 0 3 0 2 1 0 0 2 0 2 0 0 0 1 0 0 0 1 1 0 1 0 0 0 1 0 0 2 0 1 1 0 0 0 1 0 0 0 0 1 1 0 1 0 0 0 0 1 0 0 0 3 0 2 0 2 1 0 0 2 0 0 0 3 0 0 0 3 0 0 1 0 0 2 0 1 0 1 0 1 1 0 0 3 0 2 0 3 0 2 0 2 0 0 1 0 1 0 0 1 0 2 1 0 1 0 1 0 1 0 0 2 0 1 0 2 0 1 1 0 0 0 0 2 0 1 1 0 1 0 0 1 0 2 0 3 0 1 0 3 0 0 1 0 0 0 1 0 0 2 0 2 0 2 0 1 1 0 1 0 0 3 0 0 0 1 0 1 0 0 0 0 0 1 0 3 0 0 0 0 0 3 0 0 0 0 1 0 0 2 1 0 0 3 0 3 0 1 1 0 0 0 0 1 0 0 0 2 1 0 1 0 0 0 1 0 1 0 0 2 1 0 0 1 0 0 0 1 0 0 0 1 0 1 1 0 0 1 0 0 0 0 0 2 1 0 0 1 1 0 0 1 0 3 0 3 0 2 0 1 0 1 0 0 0 1 0 1 1 0 0 2 0 0 0 3 0 0 0 1 0 2 0 1 0 2 0 0 1 0 0 3 0 2 1 0 0 1 0 2 0 3 0 3 0 1 0 2 0 2 0 1 0 3 0 0 0 1 1 0 0 3 0 0 1 0 0 2 0 2 0 1 0 0 1 0 0 3 0 2 0 0 1 0 0 2 0 1 1 0 0 0 0 1 0 1 0 3 0 0 0 0 0 0 0 1 1 0 1 0 1 0 0 2 0 0 0 2 0 2 0 2 0 2 1 0 0 1 0 2 1 0 0 0 0 1 1 0 0 0 0 3 0 3 0 1 1 0 0 0 0 3 0 1 0 1 0 3 0 2 0 0 1 0 1 0 0 0
1 727 1 0 3 0 1 0 0 0 2 0 1 0 2 0 1 1 0 0 2 0 3 0 0 0 2 1 0 0 1 0 3 0 3 0 0 0 0 1 0 0 0 0 0 0 3 0 1 1 0 1 0 1 0 0 3 0 0 0 0 0 3 0 2 0 2 0 2 0 3 0 3 0 2 0 0 1 0 0 1 0 2 0 2 1 0 1 0 1 0 0 0 0 1 0 3 0 1 1 0 0 0 0 3 0 1 0 2 1 0 0 0 0 3 0 0 0 2 0 1 0 1 0 1 0 0 0 1 0 2 0 3 0 0 0 0 0 2 0 2 0 1 1 0 0 2 1 0 0 3 0 0 0 0 1 0 0 0 0 3 0 2 0 0 0 3 0 1 1 0 0 0 1 0 1 0 0 2 1 0 1 0 0 1 1 0 0 1 0 0 0 3 0 3 0 3 0 1 0 3 0 2 0 0 0 1 0 2 0 0 0 2 0 2 1 0 0 2 0 3 0 2 1 0 0 0 0 0 1 0 0 0 0 2 0 0 0 0 1 0 0 0 0 1 0 0 1 0 1 0 0 2 0 2 0 0 0 3 0 3 0 1 1 0 0 3 0 0 0 2 0 1 0 1 0 2 0 1 0 2 0 0 0 0 0 3 0 3 0 2 0 2 0 0 0 3 0 3 0 2 0 3 0 2 0 0 0 0 0 0 0 1 0 2 0 0 1 0 0 0 0 3 0 0 0 3 0 3 0 3 0 3 0 0 0 2 1 0 1 0 0 0 0 2 1 0 0 2 0 1 0 2 0 1 0 1 1 0 1 0 0 2 0 1 0 2 0 1 0 2 0 3 0 3 0 2 0 2 1 0 0 0 0 2 0 1 0 3 0 1 0 0 0 2 1 0 0 3 0 2 0 1 0 0 1 0 1 0 0 3 0 3 0 2 1 0 1 0 1 0 0 1 0 0 0 0 0 0 0 3 0 2 0 0 0 2 1 0 0 2 0 2 0 3 0 0 1 0 0 0 0 1 0 1 0 0 0 0 1 0 0 1 0 1 0 2 0 2 0 0 0 0 0 3 0 1 0 1 0 1 0 1 0 1 0 1 1 0 0 1 0 0 0 2 0 2 1 0 1 0 0 0 0 2 0 1 0 1 0 0 0 3 0 0 1 0 1 0 0 0 1 0 0 2 0 0 0 2 0 0 0 2 0 3 0 3 0 1 0 0 0 1 0 0 1 0 0 3 0 3 0 2 0 2 0 3 0 0 0 3 0 2 0 0 0 2 0 3 0 3 0 3 0 1 0 1 0 1 0 2 1 0 1 0 0 0 0 2 1 0 0 2 0 1 1 0 0 3 0 0 0 3 0 2 1 0 0 1 0 0 1 0 0 2 0 1 1 0 0 0 0 1 0 2 1 0 0 0 0 0 0 3 0 1 1 0 0 2 0 0 0 2 0 3 0 3 0 3 0 2 1 0 0 2 0 3 0 1 0 1 0 0 0 0 1 0 0 0 1 0 0 3 0 3 0 1 0 0 0 1 0 1 0 1 1 0 0 3 0 0 1 0 0 0 0 3 0 3 0 0 0 2 0 2 1 0 1 0 0 1 0 1 0 3 0 3 0 2 0 0 0 2 1 0 0 2 1 0
1 727 3 0 1 0 3 0 0 1 0 1 0 0 1 0 0 0 0 0 0 0 2 0 2 0 0 1 0 0 3 0 2 0 2 0 1 0 1 0 2 1 0 0 1 0 2 0 0 0 0 1 0 1 0 0 1 0 1 0 1 0 2 0 1 0 1 0 1 0 3 0 3 0 0 0 2 0 3 0 2 0 0 0 2 0 0 1 0 0 2 1 0 0 3 0 1 1 0 1 0 0 1 0 1 1 0 0 1 1 0 0 1 0 1 0 1 1 0 0 3 0 2 0 2 0 0 0 3 0 0 0 2 0 1 0 1 0 0 0 1 0 0 0 0 0 1 0 0 0 1 0 1 0 1 0 3 0 0 0 2 0 0 0 2 0 1 1 0 1 0 0 1 1 0 1 0 0 1 0 0 0 3 0 2 0 3 0 1 0 1 0 2 0 3 0 2 1 0 0 3 0 0 0 1 0 2 1 0 0 2 0 0 0 2 0 0 0 0 0 3 0 1 1 0 0 0 0 1 0 2 1 0 1 0 0 1 0 1 0 2 1 0 0 2 0 1 1 0 1 0 0 0 0 0 0 2 0 2 0 3 0 0 0 0 0 1 0 1 1 0 0 3 0 2 1 0 1 0 0 0 0 1 0 1 0 2 0 3 0 1 0 0 0 2 0 2 0 3 0 1 0 3 0 0 0 1 0 0 0 0 0 2 1 0 0 2 0 3 0 0 0 1 0 2 0 2 0 3 0 3 0 2 0 2 0 1 0 0 0 3 0 0 0 0 1 0 1 0 1 0 0 0 1 0 0 0 0 0 0 3 0 3 0 2 1 0 1 0 0 1 0 3 0 3 0 1 0 1 1 0 0 0 1 0 1 0 0 2 0 3 0 1 0 1 0 0 0 2 0 0 0 3 0 1 1 0 1 0 0 2 0 3 0 2 0 0 1 0 0 3 0 1 0 0 0 0 0 1 0 2 0 0 0 2 0 1 0 0 0 0 0 1 0 2 0 2 0 2 1 0 0 2 0 2 0 0 0 1 0 3 0 1 0 3 0 0 0 0 0 1 0 1 0 1 0 3 0 2 0 2 0 2 0 2 0 3 0 3 0 1 0 1 0 0 0 2 0 0 0 2 1 0 1 0 0 3 0 2 0 1 0 1 0 2 1 0 0 3 0 0 0 3 0 3 0 0 1 0 0 2 0 0 0 3 0 2 0 3 0 0 0 2 0 1 1 0 0 2 0 3 0 1 0 1 0 2 0 2 0 2 0 0 0 2 0 0 0 3 0 3 0 2 0 3 0 2 0 3 0 1 0 0 0 3 0 0 0 1 0 0 0 0 0 0 0 0 0 1 0 2 0 2 0 1 1 0 0 2 0 1 0 3 0 3 0 3 0 2 1 0 0 3 0 0 1 0 0 0 0 1 0 1 1 0 1 0 1 0 0 2 0 0 0 3 0 3 0 3 0 2 0 0 0 0 0 2 0 3 0 2 0 0 0 1 0 3 0 0 1 0 0 2 0 2 0 3 0 0 0 2 0 2 1 0 0 0 0 1 0 2 0 3 0 0 0 2 0 2 0 2 0 0 0 2 0 0 0 3 0 1 0 3 0 2 0 3 0 0 0 2 0 1 0 0 0 0 1 0
1 729 1 0 1 1 0 0 2 0 2 1 0 0 3 0 1 0 0 0 0 0 1 0 0 0 0 0 2 1 0 0 2 0 1 0 0 0 3 0 3 0 0 1 0 0 2 1 0 0 1 0 1 1 0 0 3 0 1 0 2 0 2 1 0 0 3 0 2 0 3 0 2 0 2 0 2 0 0 0 3 0 0 0 1 1 0 0 2 1 0 0 1 0 0 0 2 0 0 0 0 0 3 0 1 0 3 0 3 0 2 0 3 0 1 0 2 1 0 0 0 0 2 0 1 0 0 0 2 0 1 0 1 1 0 0 3 0 2 0 0 0 2 0 0 0 0 0 2 0 0 0 2 0 2 0 3 0 1 0 1 1 0 0 2 0 0 0 0 0 0 0 3 0 2 1 0 0 3 0 1 0 1 0 2 0 1 0 2 0 3 0 3 0 0 0 3 0 2 0 0 0 1 0 1 0 3 0 0 1 0 1 0 0 1 1 0 0 1 0 1 0 1 1 0 1 0 0 0 0 3 0 1 0 0 0 3 0 1 0 3 0 1 0 0 0 0 0 0 0 0 0 2 1 0 0 1 0 0 0 1 0 2 0 1 0 0 0 2 1 0 0 0 0 2 0 2 0 0 0 2 1 0 0 2 0 3 0 0 0 2 0 3 0 1 0 0 0 1 0 2 1 0 0 2 0 1 0 2 0 0 0 1 0 1 0 0 0 0 0 2 0 1 0 3 0 0 0 1 0 3 0 3 0 1 0 0 0 3 0 1 0 1 0 1 0 1 1 0 1 0 0 3 0 0 0 2 1 0 0 1 0 2 0 3 0 2 0 0 0 3 0 2 0 2 0 2 0 3 0 3 0 3 0 0 1 0 1 0 0 0 0 2 0 3 0 2 0 0 1 0 0 2 0 2 0 0 0 0 1 0 0 0 0 3 0 0 0 2 1 0 0 1 0 3 0 0 0 0 0 2 1 0 0 1 1 0 0 3 0 0 0 0 0 3 0 0 0 1 0 2 0 0 0 0 0 0 0 1 0 3 0 1 1 0 0 2 0 1 0 0 0 2 0 2 0 3 0 2 0 1 0 1 0 1 0 1 0 3 0 2 0 3 0 2 0 0 1 0 0 2 0 1 0 0 1 0 0 2 0 0 0 3 0 3 0 1 0 0 0 1 0 2 0 2 0 2 0 2 0 3 0 3 0 1 0 2 0 1 0 2 0 2 0 0 0 0 0 0 0 0 0 2 0 3 0 3 0 0 0 1 0 0 0 1 1 0 0 2 0 2 0 3 0 1 0 3 0 1 0 2 0 3 0 1 0 1 0 1 0 2 0 0 0 0 0 0 0 0 0 3 0 0 0 0 1 0 1 0 1 0 1 0 0 3 0 3 0 3 0 2 0 0 0 1 0 2 0 2 1 0 0 2 1 0 0 0 1 0 0 3 0 3 0 1 0 2 0 3 0 3 0 0 0 1 0 1 0 0 0 3 0 0 0 1 0 3 0 1 0 2 1 0 0 0 0 1 0 2 0 2 0 0 0 1 1 0 0 0 0 3 0 0 0 2 0 2 0 0 0 1 0 0 0 1 1 0 0 2 0 1 1 0 0 3 0 1 0 2 0 1 1 0 0 3 0 0 0 1 0 2
0 729 2 1 0 0 0 0 0 0 2 0 0 0 1 0 3 0 0 0 0 0 2 0 0 0 1 0 0 1 0 1 0 0 3 0 1 0 2 0 2 0 2 1 0 0 0 1 0 0 2 1 0 0 0 0 1 1 0 0 1 0 2 0 0 0 2 0 1 0 3 0 1 0 1 0 0 0 2 0 1 0 1 1 0 0 0 0 0 1 0 0 2 0 0 1 0 0 1 0 1 0 1 1 0 0 3 0 3 0 1 0 2 1 0 0 1 1 0 0 0 1 0 0 3 0 0 1 0 1 0 0 0 0 0 0 2 0 0 0 1 1 0 0 1 0 0 1 0 0 2 0 0 0 1 0 2 0 3 0 3 0 3 0 3 0 0 0 0 0 1 0 2 0 2 0 0 0 1 0 3 0 2 1 0 1 0 0 1 0 3 0 2 0 2 0 2 0 0 0 1 0 2 0 3 0 1 0 2 1 0 0 3 0 2 0 3 0 1 0 2 1 0 0 0 0 3 0 0 0 1 0 3 0 1 0 1 1 0 0 2 0 3 0 0 0 0 0 0 0 1 0 0 1 0 0 2 0 0 0 2 1 0 0 3 0 1 0 0 1 0 0 1 0 0 0 0 0 2 0 1 0 0 0 0 0 2 0 2 0 0 0 2 0 3 0 0 0 3 0 0 1 0 1 0 1 0 0 0 0 1 0 2 0 2 0 0 0 0 1 0 1 0 0 2 0 1 0 3 0 2 0 2 0 3 0 1 0 1 0 3 0 2 0 2 1 0 0 0 1 0 0 1 0 2 0 0 1 0 0 3 0 0 0 3 0 0 0 2 0 2 0 1 0 1 0 1 0 3 0 3 0 2 0 2 1 0 0 3 0 0 0 0 0 3 0 0 0 2 1 0 0 0 0 0 0 1 0 1 0 3 0 0 0 1 0 2 0 0 1 0 0 3 0 1 0 1 0 1 0 0 1 0 1 0 0 0 0 1 0 1 0 1 0 1 0 1 0 2 1 0 0 1 0 0 0 0 0 3 0 1 1 0 1 0 1 0 0 3 0 1 0 0 0 1 0 3 0 0 0 3 0 2 0 2 0 3 0 2 0 1 0 3 0 0 0 2 0 3 0 3 0 2 0 1 0 3 0 3 0 1 0 2 0 2 0 3 0 0 0 3 0 0 0 1 0 1 0 1 0 3 0 2 1 0 0 0 1 0 0 1 0 0 0 1 0 0 0 0 0 1 0 0 0 3 0 2 0 1 0 2 0 0 1 0 0 0 0 0 0 1 0 2 1 0 0 2 1 0 0 1 0 2 0 3 0 2 0 2 1 0 0 1 0 0 0 0 0 1 0 1 0 1 0 1 1 0 1 0 1 0 1 0 0 2 0 3 0 3 0 0 0 1 0 3 0 0 0 2 0 0 0 0 1 0 0 1 1 0 0 2 0 2 1 0 0 1 0 3 0 2 0 1 0 2 0 2 0 1 0 1 0 1 0 3 0 1 1 0 0 1 1 0 0 0 0 3 0 0 0 0 0 1 0 3 0 3 0 0 0 1 0 2 0 0 0 0 0 1 0 2 0 0 1 0 0 0 0 0 0 0 0 0 0 1 1 0 0 1 0 0 0 0 0 1 0 1 0 3 0 0
0 731 1 0 0 1 0 0 0 0 0 1 0 0 1 0 3 0 1 0 1 0 0 1 0 0 1 0 2 0 1 1 0 1 0 0 1 1 0 0 1 0 1 0 1 1 0 0 1 1 0 0 0 1 0 0 0 0 3 0 3 0 1 1 0 0 1 1 0 1 0 0 2 0 3 0 2 0 0 1 0 0 3 0 3 0 2 1 0 0 1 0 3 0 3 0 1 0 3 0 1 0 2 1 0 0 0 0 2 0 2 1 0 0 1 1 0 0 3 0 3 0 0 1 0 0 1 0 2 1 0 0 2 1 0 0 0 1 0 0 1 0 3 0 3 0 1 0 1 0 3 0 3 0 0 0 3 0 0 0 3 0 3 0 3 0 2 0 1 0 0 0 3 0 0 0 0 0 1 0 3 0 2 0 2 0 0 0 3 0 2 0 2 0 1 0 1 0 0 0 1 0 3 0 0 0 2 1 0 0 2 0 0 0 2 0 1 0 2 1 0 0 1 1 0 0 1 0 1 0 1 0 3 0 1 1 0 0 0 0 0 0 0 0 2 0 1 0 0 0 0 0 2 0 1 0 3 0 3 0 1 0 1 0 0 0 1 0 3 0 1 0 3 0 1 0 0 0 0 1 0 0 3 0 0 0 1 0 0 0 0 0 2 0 0 0 2 0 2 0 1 0 2 1 0 1 0 0 2 1 0 0 3 0 0 0 0 0 1 0 1 1 0 0 3 0 3 0 3 0 2 0 1 0 1 0 2 0 3 0 3 0 2 0 1 0 1 1 0 0 1 0 3 0 1 1 0 0 2 1 0 0 1 0 2 0 1 0 2 0 0 0 0 0 3 0 2 0 3 0 2 0 3 0 1 0 2 0 0 0 1 0 1 0 1 0 1 0 2 0 0 1 0 0 0 0 0 0 2 0 3 0 1 0 1 0 2 1 0 0 2 1 0 0 1 0 3 0 2 0 2 0 1 1 0 0 2 1 0 0 2 0 2 0 2 0 2 0 3 0 0 1 0 0 2 0 0 0 1 0 2 0 0 0 0 1 0 1 0 0 1 0 3 0 0 0 3 0 1 0 2 0 2 0 1 0 1 0 3 0 0 1 0 0 2 0 2 0 0 0 3 0 3 0 0 1 0 0 3 0 2 1 0 0 1 0 1 0 2 0 2 0 1 0 1 0 2 0 2 0 3 0 2 0 1 1 0 0 1 0 3 0 1 0 0 0 2 0 0 0 0 0 2 0 1 0 2 0 0 1 0 0 0 0 2 0 2 1 0 0 0 0 3 0 1 0 0 0 0 1 0 0 3 0 0 0 3 0 1 0 1 1 0 0 2 0 0 0 0 0 2 0 2 0 2 1 0 0 0 1 0 1 0 1 0 0 0 0 3 0 2 0 1 0 3 0 1 0 1 1 0 0 1 0 1 0 3 0 2 1 0 0 0 0 1 1 0 0 3 0 2 0 0 1 0 0 1 0 0 0 3 0 2 0 3 0 1 1 0 1 0 0 3 0 3 0 0 0 1 0 1 0 0 0 3 0 2 0 2 0 1 0 2 1 0 0 1 0 0 0 2 1 0 0 2 0 2 1 0 0 0 0 0 0 0 0 3 0 3 0 1 0 0 0 0 0 2 0 3 0 1 0 1
1 731 2 0 1 0 2 1 0 0 1 0 3 0 2 0 1 0 3 0 2 0 1 0 3 0 2 0 0 0 0 0 0 0 3 0 2 0 3 0 1 0 2 0 3 0 3 0 2 0 3 0 0 0 3 0 0 0 2 0 2 1 0 1 0 1 0 0 0 1 0 0 0 0 3 0 0 0 2 1 0 0 2 0 3 0 1 1 0 0 3 0 2 0 2 1 0 0 2 1 0 0 1 1 0 0 1 0 0 0 1 1 0 1 0 0 0 0 2 0 2 0 2 0 3 0 2 0 1 0 0 0 0 1 0 0 1 0 3 0 2 0 2 0 2 0 3 0 3 0 2 0 2 0 2 0 1 0 2 0 2 0 3 0 3 0 0 0 3 0 1 0 1 0 1 0 0 0 3 0 2 0 1 0 0 0 2 0 2 0 1 0 0 0 3 0 2 0 0 0 3 0 1 0 2 0 0 1 0 1 0 0 1 1 0 1 0 0 1 1 0 0 3 0 3 0 1 0 2 0 3 0 1 1 0 1 0 0 0 0 0 0 0 1 0 0 3 0 0 0 0 1 0 1 0 0 3 0 2 0 3 0 2 0 0 0 3 0 1 1 0 0 2 0 3 0 0 0 1 1 0 0 1 0 1 0 2 0 0 0 0 1 0 0 2 0 0 0 0 1 0 0 2 0 0 1 0 0 1 0 0 0 1 0 1 0 0 0 2 1 0 0 0 0 2 0 3 0 3 0 0 0 3 0 3 0 0 0 3 0 3 0 0 0 3 0 3 0 3 0 2 0 2 0 0 0 0 0 0 1 0 0 2 1 0 1 0 0 0 0 1 0 1 0 2 0 1 0 3 0 1 0 2 1 0 0 0 0 1 0 2 0 2 0 2 0 2 1 0 0 2 0 2 1 0 0 1 0 0 0 2 0 3 0 3 0 1 0 0 0 0 1 0 0 3 0 2 0 1 0 1 0 0 0 0 0 1 0 0 0 0 0 1 0 1 0 1 0 2 0 2 0 3 0 3 0 0 0 2 1 0 0 1 0 1 1 0 0 3 0 2 0 1 0 2 0 1 1 0 0 1 0 0 0 3 0 3 0 1 0 2 1 0 0 0 0 0 0 2 0 2 0 2 0 2 1 0 0 2 0 1 1 0 0 2 0 3 0 0 0 0 0 3 0 3 0 0 0 1 0 3 0 0 1 0 1 0 0 3 0 1 0 3 0 0 1 0 0 1 0 0 1 0 1 0 0 0 0 2 0 3 0 0 0 0 0 1 1 0 0 1 0 1 0 3 0 0 0 1 1 0 0 1 0 2 0 1 0 3 0 3 0 3 0 3 0 0 0 1 0 0 0 1 0 1 1 0 0 1 1 0 1 0 0 3 0 0 0 2 0 0 1 0 0 2 0 3 0 3 0 3 0 1 0 3 0 2 0 1 1 0 0 0 1 0 0 0 0 2 0 0 0 2 0 3 0 1 0 1 0 2 0 1 0 3 0 0 0 0 1 0 0 2 0 2 0 1 0 2 0 2 0 1 0 2 0 1 0 0 1 0 0 1 1 0 0 2 0 1 0 1 0 0 0 0 0 1 1 0 0 0 0 0 0 1 0 2 0 2 0 3 0 0 0 1 0 0 0 2 0 3 0 2
0 732 1 0 1 0 0 1 1 0 0 3 0 2 0 0 1 0 0 3 0 0 1 0 0 3 0 0 0 1 0 0 0 1 0 2 0 1 0 2 1 0 0 1 0 3 0 3 0 1 0 2 0 2 0 1 0 2 0 0 0 2 0 0 1 0 0 3 0 0 0 3 0 0 0 1 0 2 0 1 0 0 0 0 0 3 0 0 0 0 0 2 0 1 0 2 0 0 0 0 1 0 0 3 0 3 0 1 0 0 1 0 0 0 0 3 0 0 0 0 0 1 0 1 0 3 0 0 0 3 0 0 0 1 0 3 0 2 0 2 0 1 0 1 0 1 0 3 0 3 0 1 0 1 0 0 1 0 0 1 0 1 0 3 0 2 0 2 0 1 0 3 0 2 0 2 0 1 0 2 0 0 0 3 0 1 0 0 0 0 0 3 0 1 0 2 0 0 0 2 0 1 1 0 0 0 0 2 1 0 0 3 0 2 1 0 0 3 0 2 1 0 0 2 0 2 1 0 0 1 0 3 0 0 0 0 0 2 1 0 0 0 0 1 1 0 0 1 0 1 0 1 1 0 1 0 0 2 0 1 0 3 0 0 0 2 0 2 0 0 0 0 0 0 0 2 0 1 0 3 0 3 0 1 0 2 1 0 0 1 0 1 0 3 0 3 0 0 0 1 0 3 0 3 0 1 0 3 0 1 0 0 0 2 0 2 0 1 0 0 1 0 0 1 0 0 0 3 0 2 0 2 0 2 0 2 0 2 0 2 0 2 0 2 0 2 0 3 0 3 0 1 0 0 0 1 0 0 0 1 1 0 0 1 0 0 0 2 1 0 0 2 0 2 1 0 1 0 0 2 1 0 0 1 1 0 0 0 0 3 0 0 0 1 0 1 0 2 0 0 0 0 0 1 1 0 0 2 0 1 0 0 0 3 0 2 0 3 0 0 0 1 1 0 0 2 0 0 0 3 0 2 0 0 0 0 0 2 0 0 0 0 0 2 0 2 0 3 0 0 0 1 0 3 0 2 0 2 0 0 1 0 0 2 1 0 0 0 0 2 0 0 1 0 0 0 1 0 1 0 0 2 0 1 0 2 0 2 1 0 0 1 1 0 0 0 0 1 0 0 0 1 0 1 0 2 0 0 0 0 0 0 0 0 0 0 0 2 0 1 0 1 0 2 0 2 0 1 0 3 0 1 0 2 1 0 1 0 0 1 1 0 0 2 0 2 0 3 0 1 0 1 1 0 0 3 0 0 0 0 0 2 0 1 0 0 0 3 0 3 0 1 0 3 0 1 0 1 0 3 0 3 0 1 1 0 1 0 0 3 0 3 0 3 0 2 0 1 0 2 0 0 0 2 0 3 0 3 0 2 1 0 1 0 0 1 0 1 1 0 0 2 1 0 0 0 0 3 0 3 0 2 1 0 0 3 0 0 1 0 1 0 0 1 0 2 1 0 1 0 0 2 0 0 0 2 0 3 0 2 1 0 1 0 0 2 0 1 0 1 1 0 0 0 0 0 1 0 0 1 0 0 1 0 0 0 0 3 0 1 0 3 0 2 0 3 0 3 0 2 0 2 0 0 0 0 0 3 0 2 1 0 0 0 0 3 0 0 0 1 0 2 0 1 0 2 0 1 0 0 0 3 0 1
1 733 1 1 0 0 3 0 2 1 0 0 2 0 0 0 2 1 0 0 1 0 2 1 0 0 1 0 1 0 2 0 0 0 2 1 0 1 0 0 1 1 0 0 3 0 2 0 2 1 0 0 1 0 0 1 0 0 0 0 1 1 0 0 2 1 0 0 1 0 2 0 1 0 1 0 2 1 0 0 3 0 0 0 1 0 1 0 1 0 0 1 0 1 0 0 0 0 1 0 1 1 0 0 2 0 2 0 3 0 1 0 3 0 0 0 1 0 1 0 0 0 2 0 3 0 1 0 2 0 1 0 1 0 3 0 2 0 1 0 0 0 3 0 2 0 3 0 2 0 2 0 3 0 2 0 1 0 3 0 1 0 3 0 2 0 1 0 0 1 0 0 3 0 1 0 0 1 0 0 0 0 2 0 1 0 3 0 0 0 1 0 1 1 0 0 0 0 1 1 0 1 0 1 0 0 1 0 1 0 0 0 2 0 2 0 0 0 2 0 2 0 0 0 0 0 1 1 0 0 3 0 1 0 1 0 1 0 0 1 0 0 0 0 3 0 3 0 1 0 2 1 0 0 0 0 3 0 3 0 3 0 1 0 2 0 0 0 0 0 1 0 0 0 0 1 0 1 0 0 3 0 2 1 0 0 1 1 0 0 2 0 3 0 2 0 2 0 1 0 3 0 2 0 2 1 0 0 2 0 3 0 1 0 0 0 0 0 3 0 1 0 3 0 1 0 1 0 2 0 1 0 1 0 1 0 1 0 1 0 1 0 1 0 1 0 1 0 3 0 2 0 3 0 0 0 2 0 0 0 3 0 3 0 1 0 1 0 1 0 0 0 0 0 2 0 0 1 0 0 0 1 0 0 3 0 3 0 0 0 1 0 1 0 2 0 2 1 0 0 1 0 0 0 3 0 3 0 3 0 2 0 1 0 2 0 1 0 2 0 1 0 3 0 3 0 3 0 1 0 2 0 0 0 1 0 0 1 0 0 1 0 1 0 0 0 1 0 2 0 1 0 3 0 2 0 1 0 0 0 2 1 0 0 0 1 0 0 0 1 0 0 2 0 3 0 0 1 0 0 3 0 3 0 3 0 0 0 1 1 0 0 3 0 2 1 0 0 2 0 0 0 2 0 2 1 0 0 1 0 0 0 0 0 0 0 0 1 0 0 3 0 3 0 0 0 0 1 0 0 2 1 0 0 2 0 0 0 3 0 2 1 0 0 0 0 1 0 2 1 0 0 0 0 0 0 1 0 1 0 0 1 0 0 3 0 1 0 2 0 2 1 0 0 2 0 3 0 3 0 2 0 3 0 0 0 0 1 0 0 2 0 3 0 3 0 0 1 0 0 0 0 2 0 0 0 3 0 3 0 2 0 0 0 3 0 1 1 0 0 0 0 0 1 0 0 1 0 2 0 3 0 2 0 0 0 1 0 2 1 0 0 3 0 2 0 1 0 0 0 3 0 3 0 1 0 0 0 3 0 2 0 0 0 3 0 3 0 2 0 3 0 2 1 0 0 1 0 3 0 1 0 1 0 3 0 0 0 1 1 0 0 3 0 1 0 3 0 3 0 1 0 0 0 1 0 1 0 2 0 1 1 0 0 1 0 1 0 1 0 2 1 0 1 0 0 0 0 3 0 1 0 1 1 0
1 734 1 0 0 0 0 2 0 1 1 0 1 0 0 2 0 0 1 0 0 3 0 0 1 0 0 2 0 2 1 0 0 2 0 1 0 0 0 3 0 2 1 0 0 2 0 1 0 1 1 0 0 2 0 1 0 2 1 0 1 0 0 0 0 0 1 0 0 2 1 0 0 3 0 3 0 1 0 0 0 1 0 1 0 2 0 2 0 2 0 1 1 0 0 2 1 0 0 2 1 0 0 0 0 0 0 1 0 2 1 0 0 2 0 1 0 2 0 2 0 1 0 0 0 2 1 0 0 0 0 3 0 3 0 2 0 0 0 3 0 1 0 2 0 1 0 3 0 1 0 1 0 3 0 0 1 0 0 2 1 0 0 3 0 0 0 3 0 1 1 0 0 1 0 3 0 1 0 2 1 0 1 0 1 0 0 2 0 1 0 2 0 3 0 2 1 0 1 0 0 0 1 0 0 3 0 1 0 2 0 1 0 0 0 0 0 2 0 0 0 0 0 1 0 0 1 0 0 0 0 1 0 3 0 2 0 2 0 1 0 3 0 0 0 2 0 2 1 0 0 1 1 0 0 1 0 2 0 3 0 2 1 0 0 0 0 1 0 0 0 2 0 0 0 1 1 0 1 0 0 2 0 1 1 0 1 0 0 0 0 0 0 3 0 1 0 0 1 0 0 3 0 1 0 2 0 0 0 0 0 2 0 3 0 0 0 1 0 1 1 0 0 2 0 3 0 2 1 0 0 3 0 2 0 2 0 2 0 2 0 2 0 2 0 2 0 3 0 2 0 1 0 2 0 1 1 0 0 2 0 2 0 2 0 3 0 2 0 2 0 0 0 0 1 0 0 2 0 3 0 0 1 0 0 2 0 2 0 1 0 2 0 3 0 0 0 1 1 0 0 2 0 1 0 2 0 3 0 3 0 0 1 0 0 0 1 0 0 0 1 0 0 3 0 3 0 2 1 0 0 0 0 1 0 2 0 1 0 3 0 1 0 2 0 0 0 2 1 0 1 0 0 3 0 0 0 3 0 1 0 0 1 0 0 1 0 3 0 0 1 0 0 0 0 2 0 2 1 0 0 2 0 3 0 2 0 1 1 0 0 0 0 2 0 1 1 0 1 0 0 2 0 0 0 1 1 0 0 2 0 0 0 0 0 0 0 1 1 0 0 2 0 2 0 1 0 1 1 0 0 0 1 0 1 0 0 2 0 2 0 1 1 0 0 0 0 3 0 0 1 0 0 0 0 0 0 2 0 2 0 1 1 0 0 1 1 0 0 1 0 2 0 0 0 0 0 3 0 3 0 1 0 2 0 1 0 1 1 0 0 0 0 3 0 2 0 2 0 2 1 0 1 0 0 2 0 2 0 3 0 0 0 2 0 1 1 0 1 0 0 0 0 1 0 3 0 2 0 0 0 3 0 0 0 1 0 3 0 1 0 0 0 2 0 0 0 3 0 1 0 2 0 2 0 3 0 1 0 2 0 0 0 2 0 2 0 3 0 1 0 3 0 1 1 0 0 3 0 1 0 3 0 3 0 1 0 1 1 0 0 0 0 1 1 0 0 3 0 2 0 3 0 0 0 2 0 2 1 0 1 0 1 0 0 2 0 2 0 3 0 1 0 0 0 3 0 0 0 1 0 3 0 3 0 2
0 735 1 0 3 0 0 0 0 0 0 0 0 0 3 0 3 0 1 1 0 0 1 0 2 1 0 0 0 0 1 1 0 1 0 0 3 0 1 0 2 0 1 1 0 1 0 0 3 0 3 0 3 0 3 0 3 0 1 0 0 0 2 1 0 0 1 1 0 0 1 0 0 0 2 0 2 0 3 0 0 0 2 0 3 0 0 0 1 0 1 0 0 0 0 0 1 0 0 0 0 1 0 0 0 0 0 0 3 0 0 1 0 1 0 1 0 0 1 0 0 0 3 0 1 0 0 1 0 0 1 0 2 0 3 0 0 0 2 0 1 1 0 0 0 1 0 0 2 0 3 0 3 0 1 0 2 1 0 0 1 0 0 0 1 0 2 0 1 1 0 1 0 0 3 0 1 1 0 0 2 0 0 1 0 0 3 0 3 0 3 0 0 0 3 0 2 0 0 0 3 0 0 1 0 0 1 1 0 0 0 0 3 0 0 0 0 1 0 0 1 0 0 0 2 0 1 0 2 1 0 0 3 0 2 0 1 0 0 1 0 0 2 0 2 0 0 0 1 1 0 0 3 0 3 0 2 0 0 0 3 0 1 1 0 0 0 0 2 0 0 1 0 0 1 1 0 0 0 1 0 0 0 0 0 0 0 0 2 1 0 0 1 0 1 0 3 0 1 1 0 0 1 1 0 0 0 0 1 0 1 0 0 0 2 0 1 0 2 1 0 0 0 0 0 0 3 0 2 0 0 0 2 0 1 0 1 0 1 0 1 0 1 0 1 0 1 0 3 0 0 1 0 0 1 0 0 0 0 0 0 0 1 0 1 0 3 0 1 0 0 0 1 0 1 1 0 0 0 0 2 0 2 1 0 0 0 0 0 1 0 0 1 0 2 0 1 0 3 0 3 0 3 0 3 0 0 0 3 0 2 0 2 0 3 0 0 0 3 0 0 1 0 0 2 0 3 0 1 1 0 0 0 0 2 1 0 1 0 0 2 1 0 0 0 0 2 0 1 0 0 1 0 0 1 0 2 0 1 0 3 0 1 0 3 0 2 0 1 0 2 0 3 0 0 0 0 0 2 0 0 0 0 0 3 0 0 1 0 1 0 0 1 0 0 0 0 0 0 0 3 0 3 0 0 0 3 0 3 0 3 0 0 0 0 0 0 1 0 0 0 0 0 0 0 0 3 0 3 0 3 0 0 1 0 1 0 0 0 0 0 1 0 1 0 0 1 0 1 0 2 0 2 1 0 0 1 0 0 0 0 1 0 1 0 0 3 0 3 0 1 1 0 0 1 0 1 0 2 0 2 1 0 0 0 0 3 0 3 0 3 0 0 0 2 0 1 0 1 0 2 0 0 1 0 0 0 0 1 0 2 0 2 0 0 0 0 0 0 0 2 1 0 0 3 0 2 0 0 0 2 0 1 0 1 0 3 0 1 0 3 0 0 1 0 0 2 0 1 1 0 0 1 0 1 0 2 1 0 0 0 0 2 0 0 0 1 0 2 1 0 0 3 0 0 0 0 0 1 1 0 0 3 0 2 0 3 0 3 0 2 1 0 1 0 0 0 0 2 0 1 0 2 0 2 0 0 0 2 0 0 1 0 1 0 0 0 0 1 0 2 0 3 0 1 0 1 0 1 0 3 0 2 0 3 0 1
1 735 3 0 1 0 1 0 0 0 0 0 1 0 2 0 2 1 0 1 0 0 3 0 0 1 0 0 0 1 0 0 0 1 0 0 1 1 0 0 1 0 0 0 0 1 0 0 2 0 3 0 3 0 3 0 2 0 3 0 1 0 0 1 0 0 3 0 3 0 1 0 1 0 0 0 1 0 2 0 2 0 0 0 2 0 1 0 2 0 2 0 0 0 0 0 2 0 0 0 1 0 2 1 0 0 1 0 1 0 2 1 0 1 0 0 3 0 1 0 1 0 1 0 3 0 1 0 3 0 2 0 0 0 2 0 1 1 0 1 0 1 0 0 1 1 0 0 0 0 3 0 2 1 0 0 1 1 0 0 2 0 0 0 3 0 0 0 0 0 0 1 0 0 1 1 0 1 0 1 0 0 2 1 0 0 2 0 3 0 2 0 2 0 2 0 0 0 2 0 1 0 2 0 3 0 2 0 3 0 0 0 1 0 1 0 1 0 3 0 1 0 0 1 0 1 0 0 2 0 0 0 2 0 0 0 3 0 1 1 0 0 0 0 0 0 1 1 0 0 0 0 2 0 3 0 0 0 2 0 1 1 0 1 0 0 0 1 0 0 2 0 3 0 2 0 3 0 0 0 2 1 0 0 0 0 1 0 0 1 0 0 2 0 3 0 1 1 0 1 0 0 3 0 2 1 0 0 2 0 2 0 0 1 0 1 0 0 1 1 0 0 0 0 1 0 2 0 0 0 1 1 0 0 3 0 2 0 2 0 2 0 2 0 2 0 3 0 1 0 2 0 3 0 1 0 0 0 0 0 0 0 2 0 3 0 1 0 3 0 0 0 2 0 3 0 3 0 0 0 0 0 1 1 0 0 0 0 1 0 3 0 1 1 0 1 0 0 3 0 3 0 3 0 2 0 2 0 2 0 1 0 1 0 2 0 2 0 1 0 2 1 0 0 0 0 2 1 0 1 0 0 1 0 1 0 0 1 0 0 0 1 0 0 0 1 0 0 3 0 1 0 3 0 1 1 0 1 0 0 2 1 0 0 3 0 0 1 0 0 1 0 2 0 1 0 0 1 0 0 1 0 1 0 1 0 2 1 0 0 3 0 1 0 0 0 0 0 1 0 2 0 2 0 2 0 2 0 3 0 2 0 1 0 0 0 1 0 2 1 0 0 0 0 1 0 2 0 3 0 2 0 2 1 0 0 2 1 0 0 1 1 0 0 3 0 1 0 3 0 0 0 1 1 0 0 2 0 0 0 1 1 0 1 0 0 2 0 2 1 0 1 0 0 2 0 3 0 0 0 1 1 0 0 1 0 2 0 3 0 2 0 1 1 0 0 3 0 2 1 0 0 2 0 2 1 0 0 3 0 0 0 0 0 1 0 0 0 1 0 1 0 0 0 2 0 0 0 1 1 0 0 3 0 3 0 1 1 0 0 2 0 2 0 3 0 3 0 3 0 3 0 1 0 3 0 0 1 0 0 0 1 0 0 1 0 3 0 1 0 0 0 1 0 1 0 0 1 0 0 0 0 2 0 1 0 3 0 3 0 2 0 0 0 2 1 0 1 0 1 0 0 1 0 0 0 1 1 0 0 2 1 0 0 2 1 0 0 3 0 0 0 2 0 3 0 2 0 3 0 2 0 1 0 2 1 0
1 737 1 0 1 0 3 0 2 0 0 0 0 0 3 0 0 0 2 0 0 1 0 0 1 0 2 0 3 0 0 0 3 0 0 0 3 0 2 0 3 0 1 0 0 0 1 1 0 0 0 0 3 0 3 0 3 0 1 0 2 0 3 0 1 1 0 0 2 0 2 0 3 0 2 0 0 0 3 0 0 0 0 0 1 1 0 1 0 0 1 0 0 0 1 0 0 1 0 0 1 0 3 0 0 1 0 0 2 0 3 0 1 0 0 1 0 0 1 0 3 0 2 0 3 0 1 1 0 0 3 0 0 0 2 0 0 0 0 0 0 1 0 0 3 0 2 0 3 0 0 0 2 0 1 1 0 0 3 0 3 0 3 0 1 0 1 0 1 0 0 0 1 0 3 0 2 1 0 1 0 1 0 0 1 0 0 0 0 0 3 0 1 0 1 0 0 0 1 1 0 1 0 0 1 0 3 0 1 0 2 0 1 0 2 0 2 0 3 0 1 0 3 0 1 1 0 0 3 0 3 0 0 1 0 0 2 0 1 1 0 1 0 0 0 0 0 0 3 0 3 0 0 0 0 0 2 0 2 0 0 0 0 0 0 0 3 0 0 1 0 0 0 0 3 0 1 0 2 0 2 0 0 1 0 0 0 0 2 0 1 1 0 0 0 0 3 0 0 0 0 1 0 0 2 0 2 0 0 0 0 0 0 0 2 1 0 0 3 0 2 0 2 1 0 0 2 1 0 0 1 1 0 0 0 0 2 0 1 0 1 0 1 0 1 0 1 0 2 1 0 0 1 0 2 0 3 0 0 0 0 0 1 0 0 0 2 1 0 0 2 0 2 0 0 0 3 0 2 0 1 0 0 0 3 0 2 1 0 0 3 0 2 0 0 0 0 1 0 0 2 0 3 0 3 0 1 0 1 0 0 0 3 0 3 0 0 0 0 1 0 0 1 1 0 0 1 0 1 0 0 0 3 0 1 0 2 0 1 0 3 0 0 0 3 0 0 1 0 0 1 1 0 0 3 0 0 0 0 1 0 0 1 0 0 0 1 0 2 0 3 0 1 1 0 0 3 0 1 0 3 0 1 0 2 0 3 0 1 0 0 0 1 0 3 0 0 0 0 0 3 0 0 0 1 0 1 0 1 0 3 0 0 0 3 0 0 0 3 0 0 1 0 0 0 0 3 0 0 0 3 0 1 0 2 0 0 0 0 1 0 1 0 0 0 0 1 1 0 0 2 0 1 0 3 0 3 0 3 0 0 1 0 0 0 1 0 0 0 0 2 0 0 1 0 0 0 0 2 0 1 0 3 0 3 0 2 0 0 0 3 0 1 0 0 0 0 0 2 0 2 0 0 0 0 0 2 0 0 0 1 0 1 0 0 0 2 0 0 0 2 0 2 0 0 1 0 0 1 1 0 0 0 0 2 0 3 0 0 0 0 0 0 0 1 0 3 0 3 0 3 0 2 1 0 0 2 0 2 0 3 0 0 0 3 0 2 0 1 0 3 0 0 0 2 0 2 0 1 0 2 1 0 1 0 1 0 0 3 0 3 0 0 0 2 0 1 0 0 1 0 0 3 0 1 0 0 1 0 0 0 0 1 0 0 0 1 0 0 0 1 0 2 0 0 0 3 0 1 0 3 0 0 1 0 0 1 1 0
1 737 2 0 3 0 2 0 0 0 1 0 1 0 1 0 1 1 0 0 2 0 3 0 2 0 0 0 2 0 2 0 1 0 2 0 2 0 1 0 2 0 3 0 0 0 3 0 3 0 0 0 2 0 3 0 2 1 0 0 1 0 3 0 0 0 0 0 0 0 1 0 3 0 0 0 2 0 1 0 1 0 0 1 0 0 0 0 3 0 1 0 0 0 2 0 1 0 3 0 2 0 1 0 2 1 0 0 0 0 2 0 3 0 1 0 3 0 2 0 2 0 1 0 3 0 0 0 0 0 1 0 1 1 0 0 1 0 0 0 1 1 0 0 2 0 1 0 2 0 2 0 0 0 0 0 0 0 2 0 3 0 2 0 3 0 2 0 2 0 0 0 3 0 2 0 2 0 0 1 0 0 3 0 1 0 0 0 1 0 1 0 3 0 2 0 0 1 0 0 0 0 3 0 2 0 1 1 0 0 0 1 0 0 1 0 1 0 2 1 0 0 3 0 0 0 0 0 2 0 2 0 2 1 0 0 0 0 0 0 0 0 2 1 0 0 1 0 2 0 2 0 1 0 1 0 0 0 0 0 1 0 0 0 1 0 1 0 2 0 3 0 0 0 1 1 0 0 1 0 0 0 2 0 2 1 0 1 0 1 0 1 0 0 1 0 1 0 1 0 1 1 0 0 0 0 0 0 1 0 0 0 1 0 1 0 0 0 2 0 1 0 2 0 0 0 0 1 0 0 3 0 2 1 0 1 0 0 3 0 2 0 2 0 2 0 3 0 0 1 0 0 3 0 0 0 2 0 1 0 0 0 2 0 1 0 1 0 0 0 0 0 0 0 2 0 2 0 0 0 3 0 1 0 2 0 2 0 0 0 2 0 0 0 1 0 1 1 0 0 0 0 3 0 2 0 3 0 2 0 1 0 2 0 2 0 1 0 1 0 3 0 2 0 3 0 1 0 2 0 1 0 1 1 0 0 0 1 0 0 2 0 2 0 1 0 2 0 3 0 2 1 0 0 1 0 1 0 1 0 3 0 1 0 0 0 3 0 0 0 3 0 0 0 0 0 1 1 0 0 2 1 0 0 1 0 2 0 3 0 0 0 3 0 1 0 1 0 1 0 1 0 1 0 2 0 2 0 3 0 1 0 2 0 1 0 2 0 1 0 2 0 3 0 0 0 1 0 2 0 1 1 0 0 0 0 1 0 1 1 0 0 2 1 0 0 3 0 3 0 3 0 3 0 2 0 3 0 2 0 2 0 3 0 0 0 2 1 0 1 0 0 2 0 2 1 0 1 0 1 0 0 3 0 3 0 0 0 2 0 1 0 3 0 0 0 1 0 0 0 0 0 1 0 0 1 0 0 1 0 2 0 2 0 0 1 0 0 2 0 0 0 0 0 2 0 3 0 2 0 3 0 0 0 0 0 2 0 1 0 0 0 0 0 3 0 2 0 3 0 3 0 2 0 0 0 0 0 1 0 2 0 2 0 2 0 0 1 0 0 2 0 2 0 0 0 0 1 0 0 2 0 0 1 0 1 0 0 2 0 2 0 1 1 0 0 3 0 1 1 0 0 1 0 3 0 1 0 2 1 0 0 2 0 0 0 2 0 0 0 2 1 0 0 2 0 1 1 0 0 2 0 2 0 3 0 2 0 2
0 739 1 0 0 0 3 0 0 0 1 0 2 0 2 0 2 1 0 0 0 0 0 0 3 0 0 0 2 0 0 0 0 1 0 0 1 0 0 1 0 0 1 0 2 0 2 0 2 0 2 0 2 0 0 0 3 0 1 1 0 0 3 0 1 0 1 0 0 0 0 0 3 0 1 0 1 1 0 0 3 0 2 0 1 0 3 0 0 0 1 0 3 0 0 1 0 1 0 0 3 0 0 1 0 0 1 1 0 0 1 0 0 0 2 1 0 0 3 0 1 0 0 1 0 0 2 0 1 0 0 0 2 0 3 0 3 0 1 0 0 0 3 0 3 0 3 0 3 0 0 0 0 0 1 0 0 0 1 0 0 0 3 0 1 0 3 0 1 0 0 0 2 0 2 0 1 0 0 0 2 1 0 0 1 0 3 0 0 0 2 0 3 0 2 0 0 0 2 0 3 0 0 0 2 0 0 1 0 1 0 0 1 0 3 0 1 0 3 0 1 0 0 0 1 0 1 0 1 0 0 0 1 0 1 1 0 0 0 0 0 0 1 0 0 1 0 0 3 0 0 0 0 0 3 0 2 0 0 0 0 0 2 0 0 0 2 0 3 0 0 0 2 0 1 0 3 0 3 0 1 0 1 0 0 0 2 0 0 1 0 1 0 0 3 0 1 0 2 0 2 0 3 0 2 1 0 0 0 0 2 0 0 0 2 0 2 0 0 1 0 1 0 0 0 0 1 0 1 1 0 0 2 0 2 0 0 1 0 0 2 0 1 0 1 0 1 0 2 0 2 1 0 0 1 0 1 1 0 0 3 0 0 1 0 0 3 0 2 0 0 0 0 0 1 0 0 0 0 0 2 0 1 1 0 0 1 0 0 0 1 1 0 0 1 0 2 0 3 0 3 0 0 0 2 0 1 0 3 0 0 1 0 0 1 0 0 0 3 0 3 0 2 0 1 0 2 1 0 0 0 0 3 0 3 0 3 0 0 1 0 0 0 0 0 1 0 0 1 0 3 0 1 1 0 0 2 0 2 0 3 0 1 0 3 0 1 0 1 0 2 0 1 0 1 0 0 1 0 0 0 0 0 1 0 0 3 0 0 0 2 0 2 0 1 0 3 0 2 0 2 0 2 0 3 0 0 0 1 0 2 1 0 0 0 1 0 0 0 1 0 0 1 0 2 0 1 0 2 1 0 1 0 1 0 0 0 0 2 1 0 0 0 0 1 0 0 0 2 0 3 0 3 0 3 0 1 0 3 0 1 0 1 0 2 0 2 0 1 0 0 1 0 0 0 0 2 0 0 1 0 1 0 0 2 0 2 0 1 1 0 1 0 0 2 0 1 0 2 0 0 0 0 0 2 0 1 0 3 0 2 0 0 0 0 0 2 0 3 0 3 0 0 0 1 0 0 0 3 0 1 0 2 0 1 0 0 1 0 0 3 0 0 0 1 0 2 0 1 0 3 0 3 0 0 0 1 0 0 0 3 0 0 0 1 0 0 0 2 1 0 0 0 0 0 0 1 0 1 0 3 0 3 0 1 1 0 1 0 0 0 0 1 0 0 0 0 0 1 1 0 1 0 0 3 0 1 1 0 0 1 1 0 1 0 0 1 1 0 0 2 0 1 0 0 0 0 0 0 0 0 0 0 0 1 0 3 0 1 0 1
1 739 2 0 1 0 1 0 1 0 3 0 0 0 1 0 1 1 0 0 0 0 1 0 1 0 1 1 0 0 1 0 1 0 3 0 1 0 1 0 3 0 2 0 0 0 1 0 1 0 1 0 0 0 2 0 2 0 0 0 0 0 1 0 3 0 2 0 0 0 1 0 1 1 0 0 0 0 0 0 2 0 0 1 0 0 2 0 1 0 3 0 1 0 2 1 0 1 0 0 1 0 2 0 3 0 2 0 3 0 1 0 1 0 1 0 0 0 1 0 3 0 1 0 3 0 3 0 2 0 1 0 0 0 3 0 2 0 3 0 1 0 2 0 3 0 3 0 2 0 1 0 0 0 2 0 0 0 2 0 1 0 1 1 0 0 2 0 3 0 1 0 0 0 0 0 3 0 1 0 0 1 0 0 3 0 1 0 2 0 0 0 3 0 0 0 2 0 0 0 2 0 1 1 0 0 2 1 0 0 3 0 2 0 1 1 0 0 2 0 3 0 0 0 2 0 2 0 2 0 0 0 2 0 3 0 2 1 0 0 0 0 2 0 1 1 0 0 1 0 1 0 1 0 2 0 0 0 1 0 0 1 0 0 2 0 0 0 2 0 1 1 0 1 0 0 3 0 2 0 3 0 2 0 0 1 0 0 2 1 0 1 0 0 1 1 0 0 1 0 1 0 3 0 1 1 0 0 0 1 0 0 2 0 0 0 0 0 2 1 0 0 2 1 0 0 2 1 0 0 0 0 0 0 0 0 2 0 3 0 3 0 2 0 2 0 3 0 0 0 1 1 0 0 2 1 0 0 0 0 1 0 2 1 0 0 2 0 0 0 1 0 0 0 2 0 0 0 0 1 0 1 0 1 0 0 2 0 0 0 3 0 3 0 2 0 0 0 3 0 2 0 1 1 0 1 0 0 2 0 2 0 3 0 1 0 1 0 2 0 3 0 0 1 0 0 1 1 0 0 1 0 2 0 3 0 2 0 2 0 2 1 0 0 1 0 3 0 2 0 2 0 0 0 0 0 0 0 1 0 2 1 0 0 2 0 3 0 2 1 0 0 3 0 2 0 1 0 2 1 0 0 1 1 0 0 1 0 2 0 0 0 0 1 0 0 3 0 1 0 1 0 1 0 2 0 1 0 3 0 0 1 0 0 1 0 3 0 0 0 3 0 1 1 0 1 0 0 2 0 0 1 0 0 3 0 0 0 0 1 0 0 0 0 2 0 1 0 0 0 3 0 3 0 2 1 0 0 2 0 3 0 3 0 0 0 0 0 3 0 1 0 2 1 0 1 0 0 2 1 0 1 0 0 0 0 1 0 0 0 0 0 3 0 3 0 2 1 0 0 1 0 0 1 0 1 0 0 3 0 0 0 1 0 1 0 0 0 3 0 2 0 1 0 2 0 1 0 1 1 0 0 0 0 3 0 1 1 0 0 1 0 1 0 2 1 0 1 0 0 3 0 2 0 1 0 2 0 1 0 1 0 1 0 2 0 1 0 0 1 0 0 0 0 0 0 2 0 3 0 2 0 3 0 0 0 0 0 2 1 0 0 2 0 0 0 0 1 0 0 0 1 0 0 1 1 0 1 0 1 0 0 0 0 3 0 2 0 3 0 3 0 2 0 0 0 0 0 0 0 0 0 0 0 3 0 1 0 3 0 2
0 740 1 0 0 3 0 2 0 3 0 1 0 1 0 2 0 3 0 2 1 0 0 2 0 2 0 3 0 3 0 1 0 3 0 1 0 3 0 3 0 2 0 0 0 1 0 2 0 2 0 2 0 1 0 0 0 0 0 1 0 0 0 3 0 2 0 0 0 1 0 2 0 3 0 2 1 0 0 0 1 0 0 2 0 3 0 3 0 3 0 1 1 0 0 2 0 0 0 3 0 2 0 0 0 3 0 1 0 2 0 3 0 2 0 2 0 0 0 3 0 1 1 0 0 3 0 3 0 0 0 3 0 1 0 2 0 1 0 2 1 0 0 1 0 3 0 3 0 0 0 3 0 0 1 0 0 1 1 0 1 0 0 0 0 0 0 0 0 2 0 3 0 0 0 1 0 1 0 3 0 1 1 0 0 1 1 0 0 0 0 2 0 1 0 1 1 0 0 2 0 0 0 0 0 0 0 1 0 0 0 2 0 1 0 0 0 0 0 0 0 2 0 2 0 0 0 1 0 0 0 2 0 0 0 3 0 1 1 0 0 0 1 0 1 0 1 0 0 2 0 2 0 2 1 0 0 1 0 2 0 1 0 3 0 3 0 1 0 0 0 0 0 0 1 0 0 2 0 1 0 3 0 0 0 2 1 0 0 1 0 0 0 3 0 2 0 3 0 1 0 3 0 1 1 0 1 0 0 1 0 3 0 3 0 0 0 1 0 1 0 0 0 1 0 0 0 0 1 0 0 0 0 0 0 1 0 0 0 3 0 3 0 1 0 1 0 2 0 1 1 0 0 0 0 0 1 0 0 0 0 3 0 0 1 0 1 0 0 1 0 2 0 0 1 0 0 1 0 1 1 0 1 0 0 3 0 3 0 1 0 2 0 3 0 0 0 2 0 2 0 1 0 0 0 0 1 0 0 0 0 1 0 2 0 3 0 3 0 0 0 2 0 2 0 3 0 2 0 3 0 2 0 0 0 3 0 1 0 1 0 1 1 0 0 3 0 2 0 1 0 0 0 1 0 0 0 0 0 3 0 1 0 0 0 0 0 3 0 2 0 0 0 2 0 0 1 0 0 1 1 0 0 3 0 3 0 1 1 0 0 1 0 1 1 0 0 1 0 3 0 2 0 2 1 0 1 0 0 2 0 2 0 3 0 2 0 1 0 2 0 2 0 0 0 0 0 3 0 3 0 1 1 0 0 1 0 1 0 1 0 2 1 0 1 0 0 3 0 1 0 2 0 3 0 2 0 0 0 0 0 3 0 2 0 1 0 1 0 1 1 0 0 2 0 0 1 0 0 1 0 0 0 2 1 0 0 2 0 0 0 1 0 2 0 3 0 1 1 0 0 2 0 1 1 0 1 0 0 1 0 1 0 2 0 2 0 1 0 2 0 0 1 0 0 0 0 3 0 3 0 3 0 0 0 1 1 0 1 0 0 2 0 3 0 1 0 0 1 0 0 2 0 0 1 0 0 0 0 3 0 2 0 2 1 0 0 3 0 1 0 2 1 0 0 1 0 0 0 3 0 1 0 2 0 1 0 1 0 0 1 0 1 0 0 1 0 1 0 3 0 0 0 3 0 2 1 0 1 0 0 3 0 0 0 2 0 1 0 3 0 3 0 0 0 1 0 0 0 0 0 0 0 1 0 1 1 0 0 3 0 1
1 741 1 1 0 0 2 0 1 0 2 0 3 0 3 0 0 0 3 0 2 0 0 0 0 0 1 0 3 0 2 1 0 0 2 1 0 0 3 0 3 0 0 0 1 0 3 0 0 0 1 0 0 0 3 0 0 0 0 0 2 0 1 0 2 0 0 0 1 0 3 0 0 0 3 0 1 1 0 0 1 1 0 0 0 0 3 0 3 0 2 1 0 1 0 1 0 0 2 0 2 0 0 0 2 0 1 1 0 0 1 0 3 0 1 0 0 0 2 0 2 0 0 0 0 0 2 0 2 0 2 0 1 1 0 0 0 1 0 0 1 1 0 0 3 0 2 0 2 0 2 0 1 0 2 0 3 0 2 1 0 0 2 1 0 0 0 0 1 0 0 0 2 0 1 0 2 0 3 0 1 1 0 1 0 0 3 0 2 1 0 1 0 0 3 0 3 0 3 0 3 0 0 0 0 0 0 0 2 0 0 1 0 0 3 0 0 0 0 0 1 0 0 0 0 0 1 0 2 0 0 1 0 0 2 0 1 1 0 1 0 0 1 1 0 1 0 1 0 0 0 0 1 0 1 1 0 0 2 1 0 1 0 0 3 0 2 0 3 0 0 0 0 0 1 0 3 0 3 0 3 0 1 0 2 0 0 1 0 0 2 0 1 0 2 0 1 0 2 1 0 0 3 0 0 0 0 0 3 0 2 0 2 0 2 0 1 0 2 0 2 0 0 0 2 0 0 0 1 0 2 1 0 0 0 0 2 0 1 0 2 0 2 0 3 0 2 1 0 1 0 1 0 0 0 0 1 0 3 0 0 0 1 0 2 1 0 0 3 0 1 1 0 0 2 0 3 0 1 1 0 0 0 1 0 0 2 0 2 1 0 0 1 0 2 0 2 0 0 0 0 0 3 0 0 0 1 0 2 1 0 0 3 0 0 0 3 0 2 0 2 0 0 0 1 0 3 0 1 0 3 0 0 0 2 0 1 0 3 0 2 1 0 0 0 0 2 0 0 0 3 0 0 0 2 0 0 0 1 0 1 0 3 0 0 0 1 0 2 0 0 0 1 1 0 0 2 0 3 0 2 1 0 0 2 0 2 1 0 1 0 0 2 0 3 0 3 0 2 0 2 0 1 0 2 0 0 1 0 0 0 0 1 0 3 0 0 1 0 0 1 0 0 0 1 0 1 0 2 0 2 1 0 1 0 0 2 0 2 0 3 0 1 0 0 1 0 0 1 1 0 0 1 0 3 0 0 0 1 0 1 0 2 0 0 0 3 0 2 0 3 0 3 0 3 0 1 0 3 0 1 0 1 0 0 1 0 1 0 0 1 0 3 0 0 0 3 0 0 0 0 0 0 0 0 0 0 0 3 0 1 0 3 0 0 0 0 1 0 0 0 0 2 0 3 0 0 0 2 0 3 0 2 0 1 1 0 0 0 1 0 0 0 0 2 0 3 0 1 0 3 0 3 0 1 0 3 0 0 0 2 0 1 0 2 0 0 0 1 1 0 0 1 1 0 0 2 0 1 0 1 1 0 0 0 0 3 0 2 0 1 1 0 0 3 0 1 0 3 0 1 0 2 0 2 0 2 0 0 1 0 0 1 0 1 1 0 1 0 0 3 0 2 0 1 0 2 0 0 0 0 0 0 0 2 1 0 0 0 0 1 1 0
1 741 3 0 3 0 3 0 3 0 0 0 3 0 2 0 2 0 2 0 0 0 1 0 0 0 3 0 2 0 2 0 0 0 1 0 0 0 2 0 2 0 1 0 3 0 1 0 1 0 2 0 1 0 1 0 1 0 0 1 0 1 0 0 0 0 1 0 3 0 1 0 2 0 1 1 0 1 0 0 3 0 3 0 0 0 2 0 3 0 2 0 0 1 0 1 0 0 0 0 0 0 1 1 0 1 0 1 0 0 3 0 1 0 3 0 1 0 0 0 0 0 1 0 1 0 0 0 1 0 0 1 0 1 0 0 1 0 3 0 2 1 0 0 2 0 1 0 1 0 0 1 0 0 1 0 3 0 2 0 0 0 0 1 0 0 0 0 2 0 0 1 0 1 0 0 1 0 3 0 0 0 0 1 0 0 2 0 2 0 0 1 0 0 2 0 3 0 3 0 2 0 1 0 0 0 0 1 0 0 2 1 0 0 1 0 1 0 0 0 2 0 0 0 0 0 2 1 0 0 2 1 0 0 0 0 0 0 0 0 3 0 2 1 0 1 0 0 2 1 0 0 2 1 0 0 0 0 1 0 0 1 0 0 2 0 1 0 2 0 1 0 0 0 3 0 2 0 3 0 2 1 0 0 0 0 2 0 3 0 3 0 2 1 0 1 0 0 2 0 0 0 1 0 1 0 1 0 2 0 1 0 1 0 0 1 0 0 1 0 0 0 1 1 0 0 1 0 3 0 0 1 0 0 0 1 0 1 0 0 1 0 1 0 3 0 2 0 0 1 0 0 2 1 0 0 3 0 1 0 1 0 3 0 1 0 0 0 2 0 0 0 0 0 0 0 2 1 0 1 0 0 1 1 0 0 0 0 1 1 0 0 3 0 0 0 0 0 1 0 1 0 1 0 1 0 3 0 1 0 0 0 1 0 2 0 2 0 1 0 0 0 1 0 3 0 1 1 0 0 2 0 1 1 0 1 0 0 3 0 1 1 0 0 0 1 0 0 2 0 1 0 1 1 0 0 1 0 2 0 3 0 1 0 1 0 2 1 0 0 1 1 0 0 0 0 0 0 3 0 2 0 0 0 0 0 2 0 0 1 0 0 0 0 3 0 3 0 1 0 0 1 0 0 0 0 2 0 2 1 0 0 3 0 1 0 2 0 3 0 1 0 0 0 2 0 3 0 0 0 2 0 0 1 0 0 0 0 1 0 2 0 3 0 1 0 3 0 2 0 3 0 2 0 1 0 1 0 2 0 2 1 0 0 2 0 2 0 1 0 3 0 3 0 2 1 0 0 2 0 3 0 2 0 1 1 0 0 3 0 2 0 1 0 2 0 1 0 1 0 0 0 0 0 0 0 1 0 1 1 0 0 2 0 1 0 1 0 3 0 0 0 0 0 2 0 2 0 0 0 3 0 0 1 0 1 0 0 1 0 3 0 0 0 0 0 2 1 0 0 3 0 2 1 0 0 2 0 1 1 0 1 0 0 0 0 1 0 3 0 3 0 2 0 3 0 3 0 2 0 3 0 3 0 0 0 2 0 1 0 0 0 0 0 1 1 0 0 2 1 0 0 1 0 1 0 0 0 2 0 3 0 1 1 0 0 0 1 0 0 2 0 0 1 0 0 0 0 1 0 0 0 1 0 0 1 0 0 0 0 3 0 2
0 743 1 0 2 0 3 0 3 0 2 0 2 0 2 0 1 0 1 0 0 0 1 0 2 0 1 0 2 0 1 0 0 0 1 0 2 0 1 0 0 0 0 1 0 0 2 0 3 0 2 1 0 0 3 0 2 0 2 0 1 1 0 0 2 1 0 0 3 0 1 1 0 0 1 0 0 0 0 1 0 0 2 0 2 0 2 0 0 0 3 0 0 0 2 1 0 0 2 1 0 0 0 1 0 0 0 1 0 1 0 0 1 1 0 0 2 0 3 0 0 0 0 0 2 0 2 0 0 0 2 0 1 1 0 0 3 0 2 0 2 0 1 1 0 1 0 0 3 0 2 0 1 0 3 0 2 0 2 0 0 0 1 0 1 0 2 1 0 1 0 0 2 1 0 0 3 0 2 0 1 0 1 0 1 1 0 0 0 0 0 0 2 1 0 0 0 0 3 0 3 0 0 0 3 0 0 0 1 1 0 0 0 1 0 0 2 0 2 0 0 1 0 0 1 0 1 0 1 0 0 0 0 1 0 0 0 0 0 0 1 0 2 0 2 0 0 1 0 0 1 0 0 0 0 1 0 0 0 0 2 0 1 0 3 0 3 0 2 1 0 0 3 0 1 0 2 0 1 0 3 0 1 1 0 0 1 0 0 0 3 0 3 0 2 0 0 0 3 0 3 0 0 0 2 0 2 0 2 1 0 0 3 0 2 0 1 0 3 0 1 0 0 0 3 0 3 0 2 0 1 0 2 0 3 0 0 1 0 0 3 0 1 0 3 0 2 0 0 0 2 1 0 0 1 0 0 0 1 0 3 0 3 0 1 0 3 0 0 1 0 0 1 0 0 0 1 0 1 0 0 0 3 0 2 0 2 1 0 1 0 0 0 0 1 0 1 0 0 0 2 0 2 0 2 0 3 0 1 0 3 0 0 0 3 0 0 0 0 0 3 0 0 0 3 0 2 0 0 0 0 0 0 0 0 0 0 1 0 0 1 1 0 1 0 0 1 0 3 0 3 0 2 0 3 0 3 0 2 0 0 0 2 0 3 0 3 0 0 1 0 0 3 0 2 1 0 0 1 0 2 0 0 0 1 0 0 1 0 0 2 0 3 0 0 0 2 0 2 0 3 0 1 0 3 0 0 0 0 0 2 0 0 0 1 1 0 0 1 0 2 0 3 0 1 0 0 0 2 0 1 1 0 0 2 0 2 1 0 0 3 0 0 0 2 1 0 0 3 0 1 0 3 0 0 0 3 0 3 0 0 0 2 0 0 0 0 0 0 1 0 0 3 0 3 0 2 0 0 0 0 0 3 0 1 0 0 0 0 0 2 0 0 1 0 0 0 0 3 0 2 0 0 0 0 0 0 0 2 0 3 0 3 0 3 0 2 0 3 0 1 0 1 0 1 0 0 0 0 0 2 0 1 0 2 1 0 0 3 0 2 0 1 0 1 0 1 0 1 0 0 0 2 0 2 0 0 0 0 0 0 0 0 0 2 1 0 0 3 0 2 0 3 0 1 0 3 0 3 0 1 0 3 0 2 0 1 1 0 0 3 0 0 0 0 1 0 0 0 0 0 1 0 0 2 0 2 0 1 0 0 0 2 1 0 1 0 0 1 0 3 0 3 0 1 0 2 1 0 0 2 0 0 0 2 0 1 0 3 0 0 0 2 0 1
1 743 3 0 0 0 3 0 3 0 1 0 1 0 0 0 3 0 2 0 0 0 2 1 0 1 0 0 0 0 3 0 0 0 2 1 0 0 3 0 0 0 1 1 0 0 0 0 3 0 2 0 0 0 2 0 1 0 1 0 0 0 0 0 1 0 0 0 1 1 0 1 0 0 2 0 0 0 1 1 0 0 0 0 1 0 0 0 2 0 1 0 2 0 1 0 0 0 0 1 0 0 1 0 3 0 0 1 0 0 3 0 2 1 0 0 0 0 2 0 1 0 1 0 0 0 0 0 2 0 0 0 0 0 0 0 2 0 1 0 1 0 0 0 0 1 0 0 2 0 0 1 0 0 3 0 1 0 0 0 1 0 2 0 3 0 1 0 0 1 0 0 1 0 0 0 2 0 0 0 3 0 2 0 3 0 2 1 0 0 1 0 0 1 0 0 1 0 2 0 2 0 2 0 1 0 1 0 3 0 3 0 0 1 0 0 0 0 0 0 2 0 3 0 1 0 2 0 2 0 0 0 1 0 2 1 0 0 0 0 3 0 0 0 0 0 2 0 3 0 1 0 0 0 1 0 2 1 0 1 0 1 0 0 3 0 3 0 2 0 0 0 1 1 0 0 0 1 0 0 2 1 0 1 0 0 2 0 1 0 2 0 3 0 0 0 2 0 2 0 2 0 2 0 0 0 1 0 2 0 0 0 2 0 0 1 0 0 2 0 3 0 1 0 2 0 3 0 0 1 0 0 1 0 2 0 2 1 0 0 1 1 0 0 3 0 0 0 2 0 0 1 0 0 2 0 0 0 3 0 2 0 2 1 0 0 2 0 2 0 3 0 1 0 0 0 2 0 2 0 1 0 2 0 1 0 2 0 0 0 2 1 0 0 2 0 2 0 1 0 0 0 1 0 1 0 2 1 0 0 2 0 2 0 1 0 1 0 1 0 1 0 2 0 2 0 0 0 1 0 0 0 0 0 0 0 1 0 3 0 2 1 0 0 3 0 2 0 2 0 3 0 1 0 3 0 3 0 0 0 2 0 0 0 3 0 2 0 2 1 0 0 2 0 1 1 0 0 2 1 0 0 1 0 2 0 1 1 0 0 0 0 2 0 2 0 0 0 1 0 2 1 0 0 2 0 1 0 0 1 0 0 1 0 3 0 3 0 2 0 0 0 2 0 3 0 1 0 0 0 0 0 0 0 0 0 2 0 0 0 1 0 2 0 1 0 0 0 1 1 0 0 2 0 2 0 2 0 2 0 1 1 0 0 1 0 0 0 1 1 0 0 2 0 3 0 0 0 1 0 1 0 1 0 3 0 0 0 0 1 0 0 2 0 3 0 0 0 2 0 0 0 1 0 0 0 1 0 0 0 3 0 3 0 3 0 1 0 2 0 3 0 2 0 2 0 0 0 0 1 0 1 0 0 2 0 0 0 2 0 0 0 3 0 2 0 2 0 2 0 1 0 0 0 0 0 1 0 0 0 0 0 1 0 1 0 0 0 2 0 1 0 2 1 0 0 3 0 2 1 0 0 3 0 1 0 0 0 0 0 1 0 1 0 1 0 2 1 0 0 1 1 0 0 0 0 0 0 3 0 1 0 1 0 0 0 3 0 2 0 2 0 2 1 0 0 1 1 0 1 0 0 1 1 0 1 0 0 2 0 1 1 0 1 0
1 745 1 0 1 0 2 0 2 0 2 0 3 0 2 0 1 0 2 0 0 0 2 0 1 0 0 0 3 0 0 0 1 0 2 0 1 0 0 0 1 0 1 0 3 0 3 0 0 0 2 0 0 0 1 1 0 0 3 0 2 0 0 0 0 0 2 0 0 1 0 0 0 0 3 0 3 0 0 0 3 0 2 1 0 0 2 0 0 1 0 1 0 0 0 0 3 0 0 0 1 0 3 0 2 0 1 0 2 1 0 0 2 0 1 1 0 0 0 1 0 0 3 0 2 0 0 0 0 1 0 0 1 0 0 0 0 1 0 0 3 0 2 0 0 0 1 0 3 0 3 0 1 1 0 0 1 0 3 0 0 0 3 0 0 0 2 0 3 0 1 0 3 0 1 0 0 1 0 0 2 0 2 0 1 0 3 0 1 1 0 0 2 0 1 0 3 0 2 0 0 0 1 0 0 0 3 0 3 0 2 0 2 0 2 0 2 1 0 0 1 0 0 0 2 1 0 0 1 0 0 0 1 0 3 0 0 1 0 0 1 0 1 0 1 0 1 0 0 0 2 0 3 0 0 0 3 0 1 0 0 1 0 1 0 0 2 0 3 0 0 0 1 0 3 0 3 0 0 1 0 0 1 0 0 0 3 0 3 0 3 0 0 0 2 0 2 0 0 0 1 0 1 0 0 0 1 0 2 1 0 0 1 1 0 0 2 1 0 0 0 0 2 1 0 0 1 0 2 0 2 0 3 0 2 0 0 0 1 1 0 1 0 0 0 0 1 0 1 1 0 0 2 0 3 0 3 0 1 0 2 0 1 0 2 0 0 0 0 0 1 0 2 0 3 0 1 0 0 0 0 1 0 0 0 1 0 0 0 0 2 0 1 0 0 0 0 0 0 0 3 0 0 0 2 0 3 0 1 0 0 0 0 0 0 0 3 0 2 0 2 0 3 0 0 0 0 0 1 0 2 0 0 0 0 0 0 0 3 0 2 0 2 0 0 0 2 0 1 0 1 0 2 1 0 0 3 0 2 0 1 1 0 0 2 0 2 0 1 0 2 0 0 0 0 0 0 0 0 0 0 1 0 0 2 1 0 1 0 1 0 0 1 0 0 0 0 0 1 0 3 0 0 1 0 1 0 0 3 0 1 0 3 0 2 0 2 0 3 0 0 0 2 0 0 0 2 0 3 0 0 0 0 0 0 0 0 1 0 0 1 0 2 1 0 0 3 0 0 1 0 0 0 0 0 0 1 0 1 0 0 1 0 1 0 0 2 0 0 1 0 0 0 0 0 0 2 0 1 0 2 0 2 0 3 0 1 0 1 0 1 1 0 0 0 0 2 0 1 1 0 0 1 0 2 0 0 0 2 0 1 0 2 0 3 0 2 1 0 0 1 0 3 0 1 0 0 0 1 0 1 1 0 0 3 0 3 0 0 1 0 0 2 0 2 0 1 0 1 0 0 0 3 0 0 0 0 0 2 0 0 0 0 0 2 0 2 0 0 1 0 1 0 0 2 0 0 0 2 0 2 0 0 0 1 0 3 0 0 0 0 0 2 0 2 0 3 0 0 1 0 0 3 0 2 1 0 0 1 0 1 0 3 0 2 0 1 0 2 0 1 0 1 0 1 1 0 1 0 0 0 0 3 0 2 1 0 1 0 0 0 0 0 0 0 0 2
0 745 2 0 3 0 0 0 1 0 1 0 3 0 0 1 0 0 0 0 1 1 0 0 3 0 1 0 1 0 1 0 2 1 0 0 3 0 0 0 2 0 3 0 2 0 2 0 1 1 0 0 1 1 0 0 0 0 2 0 0 0 1 0 0 1 0 0 2 0 3 0 0 0 2 0 2 0 2 0 2 0 1 1 0 1 0 0 2 1 0 0 3 0 0 0 1 0 1 0 3 0 2 0 0 1 0 0 1 1 0 1 0 1 0 1 0 0 1 1 0 0 2 0 0 0 1 0 1 0 3 0 1 0 0 0 1 1 0 0 2 0 0 0 1 0 3 0 2 0 2 1 0 1 0 0 3 0 1 0 2 0 1 0 2 0 0 0 2 1 0 0 2 0 3 0 1 1 0 0 0 0 0 1 0 0 2 1 0 1 0 1 0 1 0 0 3 0 0 0 1 0 2 0 1 0 2 0 3 0 1 0 1 0 1 0 1 1 0 0 2 0 1 0 0 1 0 0 2 0 0 0 3 0 1 0 2 0 3 0 1 0 2 0 2 0 2 0 1 0 0 0 2 0 2 0 1 0 3 0 1 1 0 1 0 0 0 0 2 0 1 0 3 0 2 0 2 0 2 0 3 0 1 0 1 0 2 0 3 0 2 0 2 0 0 0 0 0 1 0 2 0 2 0 0 0 3 0 0 1 0 1 0 0 0 0 0 1 0 0 1 0 0 1 0 0 3 0 0 0 1 0 3 0 0 0 1 1 0 0 0 0 2 1 0 0 2 1 0 0 0 0 0 0 3 0 2 1 0 0 0 1 0 0 0 0 1 0 0 0 3 0 0 0 2 0 3 0 0 0 1 0 3 0 0 0 2 1 0 1 0 0 3 0 0 0 0 0 1 0 1 0 2 0 0 0 2 0 3 0 0 0 0 0 1 0 2 0 1 0 1 0 2 0 1 0 0 0 2 1 0 0 1 0 0 0 1 0 2 0 1 0 0 0 1 1 0 0 3 0 3 0 1 0 0 0 2 0 1 0 0 0 0 0 0 0 0 1 0 0 0 0 1 0 0 0 0 0 0 0 1 1 0 0 1 0 0 1 0 0 3 0 1 0 0 0 0 0 3 0 1 0 2 1 0 1 0 0 1 1 0 0 3 0 1 0 1 0 2 0 1 1 0 0 2 0 0 0 2 0 1 0 0 0 0 0 1 0 3 0 2 0 1 0 0 0 1 0 2 0 2 1 0 0 0 0 2 0 2 0 1 1 0 0 3 0 3 0 1 0 2 1 0 0 0 1 0 1 0 0 1 0 1 0 2 0 3 0 2 0 3 0 2 1 0 1 0 1 0 1 0 0 2 1 0 0 1 1 0 1 0 0 1 0 3 0 1 1 0 0 3 0 1 0 3 0 0 0 2 1 0 0 0 0 2 0 2 0 2 1 0 0 0 0 0 0 3 0 2 0 1 0 1 0 1 0 0 1 0 0 1 0 1 0 0 0 0 0 2 1 0 0 3 0 3 0 1 0 0 0 0 0 1 0 3 0 1 0 1 0 1 0 0 0 1 0 2 0 2 1 0 0 2 0 1 1 0 0 2 0 3 0 2 0 0 1 0 0 0 0 3 0 2 1 0 0 0 0 3 0 0 0 2 0 2 0 0 0 2 1 0 0 0 0 1 0 0
0 747 1 0 0 0 2 0 1 0 2 0 3 0 1 0 2 0 2 1 0 1 0 0 0 0 1 0 3 0 2 0 3 0 1 0 0 0 1 0 2 0 0 0 3 0 1 0 0 1 0 1 0 0 3 0 2 1 0 1 0 0 1 0 2 0 1 1 0 0 0 0 2 0 2 0 0 0 1 0 1 0 1 0 0 0 0 1 0 0 1 0 0 0 1 0 1 0 2 0 3 0 2 0 0 0 2 0 3 0 2 1 0 1 0 1 0 0 3 0 2 0 3 0 3 0 0 0 2 0 3 0 1 0 3 0 0 0 3 0 3 0 3 0 0 0 3 0 2 0 1 0 2 0 0 1 0 0 1 1 0 0 0 1 0 0 0 0 2 0 1 0 0 0 0 0 2 1 0 1 0 0 0 0 1 1 0 0 1 0 0 1 0 1 0 1 0 0 1 0 1 0 2 1 0 1 0 0 1 0 2 0 3 0 2 0 2 0 3 0 3 0 3 0 2 0 1 0 3 0 3 0 1 0 1 1 0 0 1 0 2 1 0 0 1 0 1 0 0 0 3 0 1 0 0 0 0 1 0 0 3 0 0 0 0 0 2 1 0 1 0 1 0 0 3 0 1 0 1 0 1 0 2 0 3 0 3 0 0 0 3 0 1 0 0 0 1 0 0 0 3 0 0 0 0 0 2 0 1 0 2 1 0 0 2 1 0 0 1 0 3 0 1 0 1 1 0 0 1 0 1 0 3 0 1 0 1 0 3 0 3 0 0 0 1 0 0 0 0 1 0 0 0 0 1 0 2 0 1 1 0 0 1 0 2 1 0 0 2 0 1 0 1 0 2 0 0 0 2 0 1 0 3 0 1 0 2 0 1 0 0 1 0 0 1 0 1 0 0 0 2 0 2 1 0 0 2 0 0 0 2 0 1 0 0 0 2 1 0 0 3 0 2 1 0 0 3 0 1 0 0 1 0 0 2 0 0 0 2 1 0 0 3 0 0 1 0 0 0 0 2 0 2 0 3 0 0 1 0 0 3 0 0 0 0 0 0 0 1 0 2 1 0 0 2 0 0 0 0 0 0 0 3 0 3 0 1 0 1 1 0 0 1 0 3 0 0 0 1 0 1 1 0 0 2 0 0 0 3 0 2 1 0 0 1 0 3 0 2 1 0 1 0 1 0 1 0 0 1 1 0 0 3 0 0 0 0 0 3 0 2 0 0 0 3 0 0 0 3 0 0 0 1 1 0 0 1 0 0 0 1 0 0 0 0 0 2 0 2 1 0 0 1 1 0 0 1 1 0 0 3 0 1 0 3 0 0 0 3 0 1 0 3 0 2 0 0 1 0 1 0 1 0 0 0 1 0 1 0 0 0 0 3 0 2 0 2 0 0 0 0 0 1 1 0 0 2 0 2 0 0 1 0 0 1 0 0 0 1 0 1 1 0 0 0 0 1 0 2 0 0 0 3 0 2 0 2 0 1 0 3 0 1 0 2 0 0 0 1 0 1 0 0 0 2 0 2 0 3 0 0 0 0 0 3 0 1 0 3 0 2 0 2 0 0 0 3 0 0 0 2 0 0 0 0 0 0 0 0 0 0 0 3 0 0 0 2 0 3 0 0 0 2 0 1 1 0 0 1 0 1 0 2 0 0 0 0 0 2 0 0 1 0 0 0 0 2 0 0
0 747 2 0 0 1 0 1 0 0 1 0 2 1 0 0 1 0 2 0 0 0 2 1 0 0 3 0 2 0 1 0 2 0 3 0 0 0 2 1 0 0 2 0 1 0 3 0 1 1 0 1 0 0 2 0 2 0 0 0 3 0 1 1 0 1 0 1 0 0 1 0 0 0 0 0 1 0 2 0 2 0 2 0 0 0 1 0 3 0 1 0 0 0 2 0 3 0 0 0 3 0 0 0 2 0 0 0 3 0 2 0 0 1 0 1 0 0 2 0 1 0 3 0 2 0 2 0 0 0 2 1 0 0 2 0 2 0 2 0 3 0 2 0 2 0 2 0 0 1 0 0 0 0 2 0 3 0 2 0 3 0 0 0 2 1 0 1 0 0 3 0 0 0 1 0 1 0 0 0 2 1 0 0 3 0 3 0 1 0 1 1 0 1 0 0 3 0 1 0 3 0 1 0 0 0 3 0 2 0 0 0 3 0 1 0 1 0 3 0 3 0 3 0 0 1 0 0 3 0 2 0 3 0 3 0 3 0 2 0 0 1 0 0 2 0 2 0 1 0 1 0 3 0 0 0 1 1 0 0 1 0 1 0 1 0 1 0 0 1 0 1 0 0 1 0 3 0 2 0 3 0 0 0 3 0 2 0 2 0 1 0 3 0 0 0 2 0 1 0 1 0 1 0 0 1 0 1 0 0 2 0 0 0 0 1 0 0 3 0 1 0 3 0 3 0 3 0 1 0 3 0 1 0 3 0 3 0 2 0 2 0 1 0 2 0 0 0 1 0 2 1 0 0 2 1 0 1 0 1 0 0 3 0 0 1 0 1 0 0 3 0 2 1 0 0 1 1 0 1 0 0 2 1 0 0 0 0 3 0 1 0 3 0 1 0 2 0 1 0 0 0 1 1 0 1 0 0 1 1 0 0 3 0 1 0 1 0 0 0 2 0 2 0 0 0 1 0 3 0 1 0 3 0 3 0 1 0 1 0 0 0 1 0 2 0 3 0 0 0 0 0 1 0 2 0 2 1 0 0 1 0 1 0 0 0 0 0 3 0 0 1 0 1 0 0 1 0 0 0 1 0 2 0 2 0 3 0 3 0 3 0 2 0 1 0 1 0 2 0 3 0 3 0 3 0 1 0 2 0 1 1 0 0 3 0 2 0 2 0 0 1 0 1 0 0 3 0 2 1 0 0 1 0 1 0 1 0 2 0 0 0 2 0 1 0 2 0 1 0 1 0 3 0 3 0 1 0 0 0 2 0 0 0 1 0 0 0 1 1 0 0 3 0 3 0 2 1 0 0 1 1 0 0 2 0 2 0 1 1 0 0 3 0 0 0 2 1 0 1 0 0 3 0 0 1 0 0 3 0 0 0 2 0 1 0 0 0 1 0 0 1 0 0 0 0 0 0 0 0 2 0 3 0 1 0 0 0 2 0 3 0 2 1 0 0 2 1 0 0 2 0 2 0 1 0 0 1 0 0 2 1 0 0 0 0 1 0 2 0 2 0 1 0 0 0 1 0 2 0 1 0 1 0 1 1 0 0 3 0 1 0 0 0 2 0 1 0 1 1 0 0 1 0 0 0 0 0 0 0 1 0 1 0 2 0 0 0 2 0 1 1 0 1 0 1 0 0 2 0 2 1 0 0 1 0 0 1 0 0 2 0 2 1 0 1 0 0 1
0 748 1 0 0 2 1 0 0 3 0 2 0 0 1 0 0 2 1 0 0 2 0 1 0 0 0 2 0 0 1 0 0 1 0 2 0 2 0 0 1 0 1 0 1 0 0 3 0 0 0 0 1 0 0 0 0 0 0 2 0 2 0 0 0 0 1 0 0 3 0 1 0 0 0 0 0 3 0 0 0 1 0 0 0 1 0 3 0 1 0 3 0 1 0 0 0 2 0 2 0 1 0 1 1 0 0 2 0 2 0 0 0 2 1 0 0 3 0 3 0 3 0 2 0 1 0 0 0 2 0 1 0 0 0 0 0 1 0 1 0 3 0 1 0 1 0 0 0 2 0 3 0 0 0 0 0 3 0 1 0 2 0 2 0 1 0 0 1 0 0 1 0 1 0 2 0 2 0 1 0 1 0 0 0 2 0 2 1 0 0 0 0 0 1 0 0 1 1 0 0 2 0 3 0 1 0 2 0 0 0 2 0 1 0 3 0 3 0 2 0 3 0 2 0 2 1 0 0 2 0 1 0 3 0 3 0 3 0 0 0 2 1 0 0 0 0 0 0 3 0 3 0 1 0 1 0 3 0 3 0 1 0 2 0 2 0 2 0 1 1 0 0 3 0 2 0 2 0 1 0 2 0 2 0 2 0 1 0 0 1 0 0 2 0 1 1 0 0 3 0 2 0 2 0 1 1 0 0 3 0 3 0 0 0 1 1 0 0 1 1 0 0 3 0 3 0 2 1 0 0 2 1 0 0 3 0 3 0 1 0 0 1 0 0 0 0 1 0 3 0 1 0 0 0 1 0 0 1 0 1 0 0 1 0 2 1 0 1 0 0 2 0 1 1 0 1 0 0 0 1 0 0 0 1 0 0 1 0 1 1 0 0 2 1 0 0 0 0 3 0 0 1 0 0 0 0 3 0 2 1 0 0 1 0 3 0 2 0 1 0 0 0 0 0 1 0 3 0 1 1 0 0 3 0 2 0 3 0 2 0 0 0 3 0 0 0 2 0 1 0 0 0 3 0 0 0 1 1 0 0 2 0 2 0 0 0 1 0 1 0 2 1 0 0 3 0 1 0 0 0 3 0 0 0 1 0 3 0 3 0 3 0 0 0 3 0 3 0 0 0 3 0 3 0 2 1 0 0 1 0 0 0 0 0 2 0 1 0 0 0 2 1 0 1 0 0 2 0 1 1 0 0 2 0 2 0 2 1 0 0 1 1 0 1 0 0 0 0 3 0 3 0 2 0 2 0 3 0 0 1 0 0 1 0 2 0 0 1 0 0 0 0 2 0 3 0 1 1 0 1 0 0 0 0 0 0 1 0 0 0 0 0 1 0 2 0 1 0 0 1 0 0 1 0 2 1 0 0 1 0 1 1 0 0 3 0 0 0 2 0 1 0 2 1 0 0 0 0 1 0 0 0 2 0 3 0 1 0 0 0 3 0 2 0 0 0 1 0 0 0 0 0 0 0 3 0 1 1 0 0 0 1 0 0 0 0 3 0 0 0 0 0 3 0 0 0 2 1 0 0 3 0 2 1 0 0 0 0 1 0 3 0 0 1 0 0 3 0 3 0 3 0 1 0 0 0 0 0 0 0 2 0 2 1 0 0 2 0 0 0 0 0 0 1 0 1 0 0 0 0 1 1 0 0 2 0 1 1 0 0 0 0 2 0 0 0 3 0 1
1 749 1 1 0 0 1 0 0 0 2 0 0 0 2 1 0 0 0 1 0 1 0 0 3 0 0 1 0 0 2 0 3 0 2 0 0 0 0 0 2 1 0 1 0 1 0 0 1 0 1 0 1 0 2 1 0 0 1 0 0 0 0 0 1 0 1 1 0 0 1 0 3 0 0 0 1 0 1 0 1 0 2 0 0 0 3 0 1 1 0 0 2 0 3 0 1 0 0 0 0 1 0 0 0 0 0 0 0 0 0 0 2 0 1 0 0 0 2 0 3 0 3 0 0 0 3 0 0 1 0 0 3 0 0 0 0 0 2 0 3 0 1 0 3 0 2 0 1 0 0 0 2 0 1 0 1 0 1 1 0 0 1 0 0 0 3 0 1 0 3 0 1 0 3 0 0 0 0 0 3 0 2 0 1 0 0 0 1 1 0 0 0 0 1 0 3 0 2 1 0 0 0 0 2 1 0 0 0 0 1 1 0 1 0 0 3 0 3 0 1 0 3 0 1 0 1 1 0 1 0 1 0 0 3 0 3 0 2 0 2 0 0 1 0 0 0 0 1 0 2 0 2 0 3 0 3 0 2 0 2 1 0 0 1 0 1 0 1 0 0 0 0 0 2 0 1 0 0 1 0 0 1 0 1 0 0 0 3 0 1 1 0 0 0 0 0 0 0 0 2 0 1 0 1 0 0 0 0 0 2 0 2 0 1 0 3 0 3 0 2 1 0 0 2 0 3 0 2 0 0 0 1 0 0 0 2 0 2 0 3 0 1 0 2 1 0 0 3 0 1 0 3 0 0 0 2 0 1 1 0 0 3 0 2 0 1 0 0 1 0 0 0 0 0 0 0 0 3 0 0 0 3 0 0 0 3 0 1 1 0 0 0 0 0 1 0 0 1 0 1 0 2 0 3 0 0 0 2 0 1 1 0 0 3 0 2 0 0 0 3 0 0 0 0 0 3 0 2 0 0 0 0 0 2 0 1 0 3 0 0 0 2 0 1 0 1 1 0 0 3 0 1 0 1 0 1 1 0 0 0 0 0 0 0 0 1 0 2 0 3 0 1 0 0 0 1 0 3 0 1 0 1 0 1 0 3 0 2 0 3 0 2 0 2 0 2 0 2 0 2 0 2 0 3 0 1 1 0 0 2 0 0 0 0 1 0 0 3 0 1 0 1 0 0 1 0 0 0 0 0 0 0 0 0 0 1 0 1 1 0 1 0 0 0 0 3 0 0 0 2 0 3 0 1 0 1 0 2 0 2 0 3 0 1 1 0 0 2 0 3 0 0 0 0 0 3 0 0 0 0 0 2 1 0 0 0 0 2 0 0 0 0 0 2 1 0 0 3 0 1 0 3 0 2 0 0 1 0 0 2 1 0 0 0 0 1 0 1 1 0 1 0 0 1 1 0 0 0 0 2 0 1 0 0 0 2 0 3 0 1 0 2 0 0 0 1 0 2 0 0 0 0 0 1 0 1 1 0 1 0 0 1 0 3 0 0 0 1 0 1 0 1 0 1 0 2 0 1 0 0 0 2 0 1 1 0 0 0 0 3 0 1 0 2 1 0 0 2 0 3 0 2 0 3 0 0 0 0 0 1 0 0 0 1 1 0 1 0 0 1 0 0 0 1 1 0 0 2 1 0 0 3 0 3 0 3 0 3 0 2 1 0 1 0 0 2 0 1 1 0
1 749 3 0 3 0 1 0 0 1 0 0 2 0 0 1 0 0 1 1 0 1 0 0 1 0 2 1 0 0 0 0 3 0 0 0 1 0 1 0 1 0 0 1 0 0 3 0 1 0 2 0 3 0 0 1 0 0 2 0 0 0 0 0 2 0 3 0 3 0 2 0 1 0 1 0 2 0 2 0 2 1 0 0 2 0 2 0 0 0 0 0 0 0 2 0 3 0 0 0 1 0 2 1 0 0 0 0 0 0 0 1 0 0 3 0 1 0 0 0 3 0 2 0 2 0 1 0 2 1 0 0 1 0 1 0 1 0 0 0 2 1 0 0 3 0 0 0 3 0 0 1 0 0 3 0 2 0 3 0 3 0 1 0 1 0 1 1 0 0 2 1 0 0 2 0 1 0 1 0 2 0 0 0 3 0 0 0 3 0 2 1 0 0 3 0 2 0 1 1 0 0 1 0 0 1 0 0 0 1 0 0 0 1 0 0 2 0 2 1 0 0 2 1 0 0 0 0 0 1 0 1 0 0 2 0 3 0 1 0 0 0 2 0 2 1 0 0 3 0 0 0 1 0 3 0 3 0 1 0 1 1 0 0 2 0 2 0 2 0 0 0 0 1 0 0 3 0 1 0 3 0 1 0 2 0 1 0 1 1 0 1 0 0 0 0 0 0 0 1 0 0 3 0 2 0 0 0 1 0 0 0 0 1 0 0 3 0 3 0 2 0 0 0 0 0 3 0 0 0 1 0 2 0 1 0 0 0 1 0 2 1 0 0 2 0 0 0 1 1 0 0 2 0 2 0 0 0 0 0 0 0 2 0 0 0 3 0 1 0 2 1 0 0 0 0 1 0 1 0 2 0 1 0 2 0 1 1 0 1 0 0 0 0 1 0 3 0 1 0 3 0 0 0 2 0 2 0 0 0 0 0 0 0 2 0 0 0 2 0 1 0 1 0 1 0 2 0 0 0 1 0 0 1 0 1 0 0 2 0 1 1 0 1 0 0 0 0 0 0 1 0 3 0 2 0 3 0 2 1 0 0 0 0 0 0 3 0 0 0 2 0 3 0 0 0 3 0 1 0 3 0 2 0 3 0 2 0 1 0 3 0 1 0 1 0 1 0 1 0 1 0 1 0 2 1 0 1 0 1 0 0 1 0 1 1 0 0 1 0 3 0 2 0 1 0 2 1 0 0 0 0 0 0 0 0 2 1 0 0 0 0 3 0 0 0 1 0 2 0 0 0 2 0 3 0 3 0 0 0 1 0 3 0 0 0 0 0 0 0 2 0 1 0 1 0 1 0 1 0 1 0 0 1 0 0 0 1 0 0 1 0 1 0 1 0 0 0 1 1 0 0 3 0 0 0 2 1 0 0 0 1 0 0 0 0 2 1 0 0 0 0 3 0 2 0 2 1 0 1 0 0 3 0 1 0 0 0 2 1 0 0 0 0 1 0 2 1 0 0 1 0 0 0 2 1 0 0 0 0 3 0 2 0 1 0 1 0 2 0 2 0 2 0 2 1 0 0 3 0 0 1 0 1 0 1 0 0 1 0 1 1 0 0 2 0 0 0 0 0 3 0 1 0 2 0 1 0 0 0 2 0 0 1 0 0 0 0 3 0 1 0 0 1 0 0 0 0 1 0 0 0 2 0 3 0 3 0 3 0 2 0 0 0 3 0 3 0 3 0 2
0 751 1 0 2 0 2 0 3 0 1 0 3 0 3 0 1 0 3 0 2 1 0 0 3 0 2 0 0 1 0 0 1 0 1 0 1 0 2 0 2 0 2 0 1 1 0 0 1 1 0 0 1 0 2 0 2 0 3 0 3 0 0 0 1 0 0 0 3 0 3 0 0 0 3 0 3 0 0 0 1 0 2 0 0 0 0 0 0 0 1 0 0 0 1 0 0 0 2 0 1 0 3 0 0 1 0 0 0 0 0 0 1 1 0 0 1 0 3 0 1 0 2 0 1 0 0 1 0 0 1 1 0 0 2 0 2 0 2 0 1 0 1 0 0 0 1 0 2 0 1 0 2 1 0 0 2 0 1 0 3 0 2 0 3 0 2 1 0 0 0 0 0 1 0 1 0 0 3 0 2 1 0 0 2 0 1 0 2 0 2 0 2 0 0 0 2 0 0 1 0 1 0 0 2 0 1 0 3 0 0 0 3 0 0 1 0 0 0 0 2 0 0 0 0 1 0 0 0 0 1 1 0 1 0 0 0 0 2 0 3 0 1 0 0 0 2 0 0 0 1 0 1 0 3 0 2 0 2 1 0 0 0 0 0 0 0 0 1 0 0 0 1 0 1 1 0 0 1 1 0 0 2 1 0 0 0 1 0 0 0 0 0 0 2 1 0 0 0 0 1 1 0 0 2 0 0 0 1 0 2 0 0 0 1 1 0 0 2 0 3 0 0 0 1 0 1 0 1 0 1 0 2 1 0 0 3 0 0 0 3 0 0 1 0 1 0 0 1 1 0 0 0 0 0 0 0 0 1 0 0 0 0 1 0 0 2 0 1 1 0 0 1 1 0 0 0 0 2 0 2 1 0 1 0 0 1 0 0 0 0 0 2 1 0 0 3 0 1 1 0 0 2 0 2 0 0 0 0 0 1 0 0 0 0 1 0 0 1 1 0 0 3 0 2 0 2 1 0 0 1 0 2 0 1 1 0 1 0 0 0 0 0 0 0 0 2 1 0 0 0 0 3 0 2 0 1 0 3 0 1 1 0 0 0 0 1 0 1 0 2 0 0 0 2 0 2 0 1 1 0 0 3 0 1 0 3 0 0 1 0 0 2 0 3 0 2 0 2 0 2 0 2 0 3 0 1 0 0 1 0 0 3 0 1 0 3 0 3 0 2 0 2 0 0 1 0 0 1 1 0 0 0 0 0 0 1 0 0 1 0 0 1 0 1 0 1 0 2 1 0 0 2 0 0 0 3 0 2 0 1 0 3 0 1 0 1 0 0 0 0 1 0 0 3 0 2 0 2 0 2 0 2 0 1 0 3 0 0 0 3 0 1 0 2 0 2 0 0 1 0 0 0 0 1 0 2 0 0 1 0 0 1 0 3 0 0 0 0 1 0 0 1 0 2 0 1 0 2 0 0 1 0 0 1 0 3 0 1 0 0 1 0 0 0 0 3 0 0 1 0 0 2 0 1 0 0 1 0 0 1 0 2 0 0 0 3 0 3 0 0 0 1 0 1 0 2 0 0 0 1 0 2 1 0 1 0 0 3 0 1 0 3 0 3 0 3 0 0 0 1 0 1 1 0 0 0 0 3 0 0 1 0 0 2 0 3 0 0 0 1 0 3 0 1 0 2 1 0 0 2 0 1 0 0 0 3 0 3 0 3 0 0 0 2 0 2 0 3 0 3 0 1
1 751 3 0 0 0 1 0 2 1 0 0 3 0 2 1 0 0 3 0 2 0 0 0 2 0 0 0 2 0 3 0 1 0 2 0 3 0 0 0 1 0 0 1 0 1 0 0 3 0 3 0 2 0 0 0 1 0 3 0 2 0 1 0 2 0 1 0 2 0 2 0 2 0 2 0 2 0 1 0 2 1 0 0 1 0 0 0 0 0 2 0 0 0 2 0 0 1 0 1 0 0 2 0 2 0 2 1 0 0 0 0 3 0 3 0 2 0 1 1 0 0 0 0 3 0 1 0 3 0 2 1 0 0 0 0 1 0 0 0 3 0 2 0 0 0 2 1 0 1 0 0 1 1 0 1 0 1 0 0 3 0 1 0 3 0 1 1 0 0 0 0 1 1 0 1 0 0 2 0 1 1 0 1 0 1 0 0 1 0 1 0 0 0 1 1 0 0 2 1 0 0 3 0 3 0 3 0 1 0 2 0 1 0 2 0 2 1 0 1 0 0 1 0 1 0 2 1 0 1 0 0 0 0 3 0 0 0 0 0 2 0 3 0 0 1 0 0 1 0 2 0 3 0 2 0 1 0 1 1 0 0 0 0 0 0 0 0 2 0 0 0 2 0 3 0 3 0 2 1 0 0 0 1 0 0 1 0 2 1 0 0 1 0 0 1 0 0 0 0 3 0 3 0 3 0 0 0 2 1 0 0 1 1 0 0 0 0 0 0 2 0 1 0 2 0 2 0 2 0 3 0 1 0 0 0 1 0 2 0 1 0 2 1 0 0 3 0 2 0 2 1 0 0 0 0 0 0 2 0 0 0 1 0 3 0 3 0 3 0 3 0 2 0 3 0 0 0 0 0 2 0 0 0 3 0 1 0 0 0 1 0 1 0 0 0 2 0 0 0 0 0 0 0 0 0 1 0 0 0 2 0 0 0 1 0 3 0 2 1 0 0 2 0 1 0 1 1 0 0 3 0 0 0 0 0 0 0 2 1 0 0 0 0 1 0 0 1 0 0 1 0 2 0 0 1 0 0 2 1 0 1 0 0 0 0 2 0 2 1 0 0 2 0 0 0 1 0 0 0 0 0 1 1 0 0 2 0 2 1 0 0 0 0 3 0 1 0 1 0 1 0 1 0 2 0 3 0 1 1 0 0 1 1 0 0 3 0 3 0 1 0 0 0 2 0 3 0 2 0 2 1 0 0 0 0 2 0 1 0 3 0 1 0 2 0 3 0 0 1 0 1 0 0 2 0 2 0 0 1 0 0 2 0 3 0 2 0 0 0 1 1 0 0 2 0 1 0 1 0 1 0 0 1 0 0 2 0 2 0 1 1 0 0 1 0 0 0 2 0 2 1 0 0 2 1 0 0 2 0 3 0 2 0 1 0 1 0 1 0 3 0 1 1 0 1 0 0 0 0 2 0 3 0 2 0 1 0 3 0 1 0 3 0 0 0 1 0 2 0 3 0 3 0 2 0 1 0 3 0 1 1 0 0 2 0 2 0 2 0 1 0 2 0 2 1 0 0 1 0 3 0 1 0 0 1 0 0 1 1 0 0 3 0 3 0 2 0 1 0 2 0 3 0 3 0 0 0 1 0 2 1 0 0 0 0 2 0 1 0 3 0 1 1 0 0 1 1 0 1 0 0 3 0 1 0 2 0 3 0 2 0 2 0 0 0 1 0 3 0 2 1 0
1 753 1 0 1 0 1 0 3 0 1 0 0 0 2 0 2 0 0 0 2 0 0 0 1 1 0 0 2 0 0 0 2 1 0 0 1 0 2 0 1 0 2 0 1 1 0 1 0 0 2 0 3 0 0 0 1 0 3 0 2 0 0 1 0 0 0 1 0 0 1 0 1 0 1 0 1 0 0 1 0 0 1 1 0 0 2 0 0 0 0 1 0 0 1 1 0 0 2 1 0 1 0 0 0 0 1 0 1 1 0 0 1 0 2 0 3 0 0 1 0 1 0 0 1 0 1 1 0 0 3 0 1 1 0 0 0 0 2 0 1 0 2 0 0 0 2 0 1 0 0 0 3 0 2 1 0 1 0 1 0 0 1 1 0 0 2 1 0 1 0 0 0 1 0 0 0 1 0 0 0 0 0 0 0 1 0 0 3 0 1 0 2 0 0 1 0 0 0 0 1 0 0 0 2 0 3 0 2 1 0 0 0 1 0 0 1 0 2 0 0 0 3 0 1 0 3 0 1 0 0 0 3 0 0 0 1 0 1 0 1 0 0 0 2 0 2 0 3 0 2 0 0 0 3 0 0 0 3 0 3 0 2 1 0 0 0 0 0 1 0 0 2 0 0 0 3 0 3 0 1 1 0 0 1 0 3 0 2 0 0 1 0 0 2 0 1 0 3 0 0 0 2 0 3 0 2 0 2 0 0 1 0 0 3 0 2 1 0 0 0 1 0 1 0 0 1 0 1 0 1 0 2 0 3 0 0 0 2 1 0 1 0 0 2 0 0 0 2 0 1 0 1 1 0 0 0 0 0 1 0 0 1 0 3 0 2 0 3 0 3 0 3 0 1 0 2 0 1 0 0 1 0 0 2 0 1 0 3 0 0 0 2 0 2 0 0 1 0 0 1 0 0 0 0 0 0 0 2 0 0 1 0 0 1 0 3 0 2 0 1 1 0 1 0 1 0 0 0 0 0 0 1 0 1 0 0 0 1 0 0 1 0 0 0 0 2 0 1 0 3 0 1 1 0 0 2 1 0 0 1 0 0 0 3 0 0 0 0 0 1 1 0 1 0 0 1 0 2 0 0 0 0 1 0 0 0 0 0 0 1 1 0 0 1 0 1 0 3 0 2 0 2 0 3 0 0 0 2 1 0 1 0 1 0 0 0 0 2 0 2 0 3 0 1 0 0 0 3 0 1 0 1 1 0 0 0 1 0 1 0 0 2 1 0 0 1 0 2 0 2 1 0 1 0 0 0 0 0 0 2 1 0 0 0 0 3 0 0 0 1 0 3 0 3 0 3 0 2 0 2 0 2 0 1 1 0 0 0 0 0 1 0 1 0 0 2 0 1 0 0 0 2 0 0 0 1 0 0 0 0 0 3 0 0 0 3 0 2 0 3 0 2 0 0 0 0 0 3 0 0 0 0 0 3 0 0 1 0 0 2 1 0 0 2 0 1 0 3 0 0 0 3 0 3 0 0 1 0 0 3 0 0 0 0 0 0 0 1 0 0 1 0 0 1 0 1 1 0 0 3 0 1 0 3 0 1 0 3 0 2 1 0 0 2 0 3 0 0 1 0 0 1 0 3 0 2 0 1 0 3 0 0 1 0 0 0 1 0 1 0 0 2 1 0 1 0 1 0 0 0 1 0 0 1 1 0 0 1 0 3 0 1 0 0 0 1 0 3 0 2 0 1 1 0
1 753 2 0 2 0 3 0 1 0 3 0 1 0 0 0 0 0 1 1 0 0 1 0 3 0 3 0 3 0 1 0 0 1 0 0 2 1 0 1 0 0 1 0 0 0 0 1 0 0 0 0 2 0 1 0 3 0 2 0 0 0 2 0 3 0 0 0 3 0 1 0 2 0 2 0 2 0 1 0 3 0 2 0 3 0 3 0 0 0 1 0 3 0 2 1 0 0 1 0 0 0 2 1 0 0 2 0 3 0 3 0 2 0 0 0 2 0 2 1 0 0 3 0 1 1 0 0 0 0 1 1 0 1 0 0 0 1 0 1 0 0 0 0 1 1 0 0 3 0 1 0 2 0 2 0 0 1 0 0 3 0 2 1 0 0 1 0 0 0 3 0 0 0 3 0 0 0 2 1 0 0 0 0 1 1 0 0 1 1 0 0 0 0 2 0 2 1 0 0 2 0 1 0 0 0 3 0 1 1 0 0 1 0 3 0 1 1 0 0 2 0 1 1 0 0 2 0 3 0 1 0 1 0 1 0 2 0 2 0 2 0 1 0 0 0 1 0 3 0 0 0 2 0 1 0 2 0 2 0 3 0 1 1 0 0 0 0 1 0 3 0 3 0 1 0 2 0 2 1 0 1 0 0 3 0 2 0 0 0 2 0 3 0 3 0 3 0 1 0 2 0 0 0 3 0 1 0 0 0 2 1 0 0 2 0 1 1 0 0 1 1 0 0 3 0 1 0 2 0 3 0 0 0 2 0 2 0 1 0 0 0 3 0 3 0 0 1 0 0 3 0 3 0 2 1 0 0 1 0 3 0 2 0 2 0 1 0 3 0 3 0 2 1 0 0 0 0 3 0 1 0 3 0 3 0 3 0 1 0 2 0 0 0 0 0 2 0 3 0 1 0 0 0 0 0 0 1 0 0 2 0 3 0 2 0 2 0 1 0 0 0 0 1 0 0 2 1 0 0 0 0 2 0 2 0 0 0 2 0 1 0 2 1 0 1 0 1 0 0 3 0 0 0 0 0 0 1 0 0 2 0 1 0 1 0 1 0 0 1 0 0 0 0 3 0 1 1 0 0 1 0 1 0 2 1 0 0 0 0 3 0 3 0 1 0 3 0 2 0 1 0 1 0 2 0 2 0 1 0 0 1 0 0 3 0 0 0 0 0 1 0 2 0 3 0 1 0 1 0 3 0 3 0 3 0 0 1 0 1 0 0 0 1 0 0 3 0 0 0 2 0 0 0 2 1 0 0 1 0 0 1 0 0 1 0 1 0 1 0 3 0 2 0 3 0 3 0 1 0 1 0 0 1 0 1 0 0 0 0 1 1 0 0 3 0 3 0 2 0 0 1 0 0 1 0 2 0 0 0 1 0 1 0 2 0 2 0 1 0 3 0 0 0 1 0 1 0 1 0 1 0 1 0 1 0 2 1 0 0 0 1 0 1 0 1 0 0 2 0 2 0 2 0 2 0 2 1 0 0 1 0 1 0 0 0 0 0 2 0 1 0 3 0 1 1 0 0 0 0 1 1 0 0 2 1 0 0 3 0 2 0 0 0 0 0 2 0 2 0 3 0 2 0 2 0 0 1 0 0 2 0 2 0 3 0 0 1 0 1 0 0 1 0 0 1 0 0 3 0 0 0 3 0 2 0 3 0 2 0 1 0 3 0 0 0 3 0 2 0 0 1 0 1 0
1 755 1 0 0 0 1 0 2 1 0 0 2 0 3 0 0 0 0 0 3 0 3 0 2 0 2 0 3 0 2 0 3 0 1 1 0 0 1 0 0 0 3 0 1 0 0 0 1 0 2 1 0 1 0 1 0 0 3 0 0 0 2 0 0 0 2 0 2 0 1 1 0 0 1 0 1 0 0 1 0 0 3 0 1 0 3 0 2 0 1 0 3 0 2 0 1 1 0 0 2 0 1 0 1 0 0 0 0 0 3 0 3 0 0 0 2 0 0 0 2 0 0 0 1 1 0 1 0 0 0 1 0 0 0 0 3 0 0 1 0 0 2 1 0 1 0 0 0 0 1 1 0 0 1 0 0 0 2 1 0 0 2 0 1 1 0 0 2 0 1 0 1 0 2 0 1 0 2 0 0 1 0 0 0 0 3 0 3 0 2 0 3 0 0 0 0 0 1 1 0 1 0 0 3 0 1 0 1 1 0 1 0 0 3 0 2 0 0 0 0 0 0 0 0 0 0 0 0 0 2 0 3 0 2 0 3 0 0 0 1 0 0 0 3 0 0 0 3 0 1 0 1 1 0 1 0 0 1 0 1 0 2 1 0 1 0 0 0 0 3 0 2 0 2 1 0 0 1 0 2 0 0 1 0 0 2 0 0 0 2 0 0 0 3 0 3 0 2 1 0 0 0 0 2 0 1 0 3 0 1 0 0 1 0 1 0 1 0 1 0 1 0 0 0 0 1 1 0 0 1 0 2 0 2 0 0 0 0 0 3 0 1 0 2 0 2 0 2 1 0 0 2 0 3 0 1 1 0 0 3 0 2 0 1 0 0 1 0 0 3 0 3 0 1 1 0 0 1 0 1 1 0 0 3 0 3 0 2 1 0 0 0 0 1 0 1 0 0 0 2 0 3 0 0 0 0 0 1 1 0 0 0 0 3 0 1 0 0 0 3 0 0 0 1 1 0 0 0 1 0 0 1 0 0 0 0 0 1 1 0 1 0 0 2 0 0 1 0 1 0 0 1 0 1 0 0 0 1 0 3 0 3 0 2 0 2 0 2 0 1 0 3 0 0 0 1 1 0 1 0 0 2 0 3 0 0 1 0 0 1 0 2 0 2 1 0 0 3 0 0 0 3 0 3 0 0 0 0 0 3 0 1 1 0 0 1 0 1 0 0 0 3 0 0 0 2 0 3 0 3 0 2 0 3 0 2 0 2 1 0 0 3 0 0 1 0 0 1 0 1 1 0 0 2 0 0 1 0 0 2 0 1 0 3 0 1 0 2 0 3 0 2 0 1 0 3 0 2 0 3 0 2 0 1 1 0 0 2 1 0 1 0 0 0 0 2 0 3 0 0 0 2 0 3 0 1 1 0 0 1 0 2 0 3 0 0 0 0 1 0 0 2 0 1 0 2 0 2 0 2 0 2 0 2 0 3 0 0 1 0 0 1 1 0 1 0 1 0 0 0 0 1 0 1 0 1 0 1 1 0 0 2 0 2 0 0 0 0 1 0 1 0 0 2 1 0 1 0 0 0 1 0 0 0 0 1 0 0 0 2 0 0 0 1 0 1 0 0 0 1 0 3 0 1 0 0 0 2 1 0 0 0 0 1 0 2 0 2 1 0 0 3 0 1 0 1 1 0 0 1 0 2 0 2 0 1 0 3 0 0 1 0 0 2 0 2 0 2 0 0 0 2 1 0 0 2
0 755 2 0 0 0 3 0 1 0 0 0 0 0 2 0 1 0 1 0 2 0 3 0 1 0 1 0 3 0 1 0 2 1 0 1 0 0 2 0 1 0 1 0 3 0 0 0 3 0 1 0 0 1 0 1 0 0 1 0 1 1 0 0 2 0 0 0 0 1 0 1 0 0 2 0 2 0 1 1 0 0 1 1 0 0 3 0 0 1 0 0 3 0 0 1 0 1 0 1 0 0 3 0 2 0 0 0 1 0 2 0 2 0 1 1 0 0 1 1 0 0 1 1 0 0 0 0 3 0 0 0 3 0 0 0 1 0 2 1 0 0 1 0 0 0 2 1 0 0 3 0 3 0 1 0 1 0 0 1 0 1 0 1 0 1 0 1 0 0 3 0 2 1 0 1 0 0 0 0 2 0 3 0 0 0 2 0 3 0 1 0 2 0 1 0 0 1 0 0 0 1 0 0 1 1 0 0 0 0 0 1 0 0 2 0 0 0 1 0 0 0 0 0 0 0 0 0 1 0 0 0 3 0 1 0 2 0 1 0 2 0 1 0 1 0 2 0 1 1 0 0 0 0 0 0 3 0 1 0 3 0 1 0 0 0 3 0 0 0 2 0 1 0 1 1 0 0 2 1 0 0 2 0 3 0 3 0 0 1 0 0 2 0 2 0 3 0 1 1 0 0 0 1 0 1 0 0 2 0 3 0 1 1 0 1 0 1 0 1 0 0 2 1 0 0 3 0 3 0 2 0 0 0 0 0 1 0 1 0 1 1 0 0 1 0 1 0 2 0 0 0 0 0 3 0 0 0 0 0 2 0 0 0 3 0 1 1 0 0 2 0 2 1 0 1 0 0 2 1 0 0 0 0 2 0 3 0 1 1 0 0 0 0 2 0 2 0 1 0 0 0 2 0 1 0 0 0 3 0 3 0 0 0 1 0 3 0 1 0 1 0 1 0 3 0 3 0 0 0 3 0 1 0 0 0 0 1 0 0 0 0 3 0 3 0 1 1 0 0 3 0 1 0 2 0 0 0 3 0 2 0 3 0 1 0 1 0 0 1 0 0 2 0 1 1 0 0 0 1 0 0 0 0 2 0 2 0 3 0 2 0 0 0 2 0 0 0 1 0 2 0 2 0 2 0 1 0 1 0 1 1 0 1 0 0 2 0 2 0 1 0 1 0 2 0 0 0 3 0 3 0 1 0 3 0 1 0 2 0 0 0 1 0 2 0 3 0 1 0 3 0 3 0 3 0 1 0 3 0 3 0 3 0 1 1 0 0 1 0 3 0 0 1 0 0 3 0 1 0 3 0 1 0 0 0 0 0 1 0 0 0 3 0 0 0 0 0 2 0 2 0 0 0 2 1 0 1 0 0 3 0 0 0 2 0 1 0 1 0 3 0 3 0 3 0 0 0 1 0 1 0 1 0 1 0 2 0 2 0 3 0 2 1 0 1 0 0 2 1 0 0 2 0 2 0 2 1 0 0 0 0 0 0 0 0 1 0 1 1 0 1 0 0 1 0 0 0 3 0 0 0 2 1 0 0 2 0 0 1 0 0 1 0 2 0 2 0 0 0 3 0 1 0 3 0 1 0 0 1 0 0 0 0 3 0 0 0 2 0 0 0 1 0 3 0 3 0 3 0 2 0 0 0 0 1 0 0 2 0 2 1 0 0 0 0 1 0 0 0 2 0 1 0 0 0 0
0 756 1 0 0 2 0 1 0 3 0 0 0 0 1 0 0 3 0 3 0 0 0 2 0 3 0 3 0 1 1 0 0 2 0 0 0 3 0 3 0 2 0 3 0 1 0 2 0 1 0 3 0 1 1 0 0 3 0 1 0 3 0 3 0 3 0 0 0 1 1 0 1 0 0 0 0 0 1 0 1 0 1 0 0 0 0 1 0 2 1 0 0 1 0 2 1 0 1 0 1 0 0 2 0 0 0 1 0 3 0 0 0 0 1 0 1 0 0 3 0 3 0 2 0 3 0 0 0 1 0 2 0 1 0 1 0 3 0 0 1 0 0 2 0 1 0 1 0 0 0 2 0 2 0 3 0 2 0 1 1 0 1 0 1 0 1 0 1 0 0 2 0 2 0 0 0 3 0 0 0 0 0 2 0 2 0 0 0 2 1 0 0 0 0 3 0 1 0 3 0 0 0 3 0 2 0 2 1 0 0 1 0 3 0 3 0 0 0 2 0 0 0 0 0 0 0 0 0 2 0 1 0 1 1 0 0 0 1 0 0 0 0 3 0 2 1 0 1 0 1 0 0 0 0 1 0 1 1 0 0 2 0 3 0 1 0 1 0 1 1 0 1 0 0 0 0 0 0 1 0 0 0 0 0 3 0 2 0 2 1 0 0 0 0 1 0 2 1 0 1 0 0 1 1 0 1 0 0 0 0 3 0 0 0 0 1 0 1 0 1 0 0 1 0 0 0 2 0 3 0 0 0 1 0 0 0 2 0 2 0 3 0 3 0 1 0 2 1 0 0 1 0 1 0 1 0 1 0 0 1 0 0 2 0 2 0 0 0 0 0 0 0 2 0 0 1 0 0 0 1 0 0 1 0 0 0 2 1 0 1 0 0 1 0 0 0 0 0 3 0 0 1 0 0 3 0 1 0 2 0 2 0 1 0 3 0 1 0 3 0 2 0 3 0 2 0 2 0 2 0 1 0 3 0 0 0 1 0 3 0 0 0 2 0 3 0 0 0 0 0 1 1 0 0 0 0 2 0 2 0 1 0 2 0 3 0 2 0 1 0 3 0 3 0 3 0 3 0 0 0 3 0 0 0 0 0 1 0 3 0 0 0 1 1 0 0 1 0 3 0 0 0 1 0 0 0 3 0 2 1 0 0 0 1 0 0 0 0 0 0 3 0 2 1 0 0 2 0 2 0 2 1 0 0 2 1 0 0 0 0 1 0 3 0 0 0 2 1 0 0 3 0 3 0 2 1 0 0 3 0 3 0 2 1 0 1 0 0 3 0 1 0 2 1 0 0 1 1 0 0 2 0 3 0 0 0 0 0 2 0 1 0 1 0 1 0 1 0 0 0 0 0 2 0 1 0 0 1 0 0 1 0 1 1 0 0 3 0 3 0 2 0 3 0 2 0 1 0 2 0 2 0 2 0 3 0 0 0 1 0 3 0 2 0 0 1 0 0 1 0 0 0 0 0 1 0 1 1 0 0 0 0 0 0 0 0 2 1 0 0 0 0 3 0 1 0 1 0 1 0 2 0 0 1 0 1 0 0 2 0 3 0 2 0 0 0 0 0 2 0 1 1 0 0 2 0 3 0 1 0 3 0 0 0 1 0 1 1 0 0 1 0 3 0 2 0 3 0 3 0 0 0 1 0 1 1 0 0 0 0 1 1 0 0 0 0 2 0 0 1 0 0 3 0 0 0 0
0 757 1 0 3 0 3 0 3 0 1 0 1 0 1 1 0 0 2 0 2 0 2 0 0 0 3 0 2 1 0 1 0 1 0 0 2 0 2 0 3 0 1 0 2 1 0 0 0 1 0 0 3 0 0 0 0 0 1 1 0 0 3 0 3 0 2 0 1 1 0 0 0 0 2 1 0 0 1 1 0 1 0 0 2 1 0 0 3 0 0 1 0 0 3 0 1 0 0 1 0 0 3 0 3 0 0 0 3 0 1 0 1 0 1 1 0 1 0 0 2 0 3 0 1 0 2 0 1 0 2 1 0 0 3 0 3 0 1 0 2 0 3 0 3 0 2 0 2 0 1 0 0 0 1 0 3 0 1 0 0 0 0 1 0 1 0 1 0 1 0 0 0 0 0 0 2 0 1 0 1 0 1 0 0 0 0 0 2 0 0 1 0 0 1 0 1 1 0 0 2 0 2 0 2 0 1 0 1 1 0 0 3 0 2 0 2 0 1 1 0 0 1 0 0 0 0 0 0 1 0 0 3 0 3 0 3 0 0 0 3 0 0 0 2 0 2 0 0 1 0 0 2 1 0 0 2 1 0 0 0 0 0 0 2 0 3 0 2 1 0 0 0 0 2 1 0 0 0 0 2 0 0 0 1 0 2 0 1 0 1 1 0 0 0 0 3 0 1 0 0 0 3 0 2 1 0 0 3 0 0 0 1 0 1 0 1 1 0 1 0 0 3 0 1 0 1 0 0 0 2 0 1 0 2 0 1 0 0 0 1 0 3 0 2 1 0 0 1 1 0 0 2 0 2 0 2 0 2 0 1 1 0 0 0 0 0 0 1 0 0 0 0 1 0 0 2 0 3 0 0 0 3 0 1 0 1 0 1 0 0 0 3 0 1 0 0 0 1 0 1 0 2 1 0 0 1 1 0 0 1 0 0 1 0 0 2 1 0 0 3 0 1 0 3 0 1 0 1 0 0 1 0 0 2 0 1 0 3 0 1 0 2 0 0 0 2 0 1 0 0 0 3 0 3 0 0 0 0 0 0 1 0 0 1 0 3 0 0 1 0 0 3 0 3 0 3 0 2 0 2 0 1 0 1 0 0 0 3 0 1 0 1 0 3 0 3 0 2 0 1 0 1 0 2 0 1 0 2 0 1 1 0 0 1 0 2 1 0 0 1 0 2 0 2 0 0 0 0 0 1 0 2 0 0 0 0 1 0 0 0 0 3 0 1 0 2 0 1 0 0 0 2 0 3 0 2 0 0 0 2 0 3 0 2 0 0 1 0 0 1 1 0 0 1 1 0 1 0 0 0 0 0 0 2 0 1 0 0 1 0 0 3 0 2 0 2 0 2 0 0 0 0 1 0 0 3 0 1 0 3 0 1 1 0 0 0 0 2 0 3 0 1 0 3 0 0 1 0 0 1 0 1 0 1 0 2 0 1 0 3 0 2 0 0 0 2 0 3 0 1 0 0 0 0 0 2 0 3 0 2 1 0 0 0 0 1 0 0 1 0 0 1 0 1 0 3 0 2 0 2 1 0 0 2 1 0 1 0 0 0 0 3 0 0 0 1 0 1 0 0 0 0 0 0 0 0 0 2 1 0 0 2 0 1 0 2 0 3 0 3 0 2 0 2 0 1 0 3 0 2 0 1 0 2 0 3 0 2 1 0 0 3 0 2 1 0 1 0 0 2 1 0 0 1 0 1 0 0
0 757 3 0 2 0 3 0 2 0 3 0 2 1 0 0 0 0 0 0 1 0 0 0 2 0 2 0 2 0 0 1 0 1 0 0 0 0 1 0 2 1 0 0 1 1 0 0 1 1 0 0 1 0 1 0 0 1 0 0 0 0 2 0 3 0 0 1 0 1 0 0 1 0 0 1 0 1 0 0 0 1 0 0 1 0 0 0 1 0 2 1 0 0 1 0 3 0 1 1 0 0 2 0 2 0 2 0 1 0 3 0 2 1 0 0 0 1 0 0 0 0 2 1 0 0 0 1 0 0 2 0 0 0 2 0 2 1 0 0 1 0 3 0 3 0 1 0 0 0 3 0 0 0 3 0 1 0 3 0 0 0 1 1 0 1 0 1 0 0 2 1 0 0 0 1 0 0 3 0 2 0 2 0 0 0 0 1 0 0 2 0 3 0 1 1 0 0 0 0 0 0 1 0 0 1 0 0 0 0 0 0 2 0 1 0 0 1 0 1 0 0 2 0 0 0 0 0 1 1 0 0 2 0 3 0 2 0 2 0 1 0 2 0 0 0 0 0 2 1 0 0 1 0 0 0 0 1 0 0 0 0 1 0 0 0 3 0 1 1 0 0 1 0 0 1 0 0 0 1 0 0 1 0 2 1 0 0 3 0 3 0 3 0 0 0 1 0 3 0 1 0 2 0 2 0 0 0 1 0 1 0 2 0 2 1 0 0 0 1 0 0 1 0 3 0 2 0 0 1 0 1 0 0 0 0 3 0 0 0 3 0 2 0 1 1 0 1 0 0 0 0 0 0 1 0 1 0 0 1 0 1 0 0 0 0 0 0 2 0 0 0 1 1 0 0 0 0 2 0 2 0 1 0 3 0 2 0 2 0 1 0 1 0 3 0 0 0 2 0 3 0 0 1 0 0 3 0 3 0 1 0 1 1 0 0 1 0 0 0 1 1 0 0 2 0 3 0 2 0 1 0 3 0 3 0 3 0 1 1 0 0 0 0 1 1 0 0 3 0 1 0 2 0 2 0 1 0 0 0 1 0 3 0 2 0 1 0 2 1 0 0 2 0 3 0 3 0 1 0 0 0 3 0 2 0 1 0 1 0 3 0 3 0 2 0 3 0 0 0 3 0 2 1 0 1 0 0 0 1 0 1 0 0 3 0 0 1 0 0 3 0 0 0 0 0 1 0 0 0 2 1 0 0 1 0 1 0 3 0 0 0 1 1 0 0 0 0 3 0 1 0 0 0 3 0 0 0 2 0 0 0 3 0 0 0 2 0 3 0 2 0 3 0 2 1 0 0 2 1 0 0 0 1 0 0 3 0 1 1 0 0 2 0 1 0 1 0 0 0 1 0 1 1 0 0 1 1 0 0 2 1 0 1 0 0 1 0 0 0 2 1 0 0 2 0 2 0 3 0 1 0 2 0 2 1 0 1 0 0 3 0 0 0 2 0 0 0 2 0 3 0 0 0 1 0 0 0 3 0 1 1 0 0 0 0 2 0 1 0 3 0 1 0 3 0 2 0 1 0 2 0 0 0 1 0 0 0 3 0 0 0 1 0 1 0 2 0 2 0 0 0 0 0 0 0 1 0 0 1 0 1 0 1 0 0 1 0 3 0 3 0 1 0 0 1 0 0 3 0 0 1 0 0 1 0 3 0 2 0 0 0 2 0 2 0 0 1 0 0 0 1 0 0 2 0 2 0 0
0 759 1 0 2 0 1 0 3 0 1 0 3 0 1 1 0 0 0 0 0 0 2 0 1 0 0 0 1 0 0 0 2 1 0 0 2 1 0 0 3 0 0 1 0 0 3 0 3 0 2 0 3 0 1 0 2 0 1 0 3 0 0 0 0 0 2 0 2 1 0 0 3 0 1 0 1 1 0 0 3 0 0 0 3 0 1 0 0 0 3 0 0 1 0 0 3 0 2 0 0 0 0 0 0 0 1 0 0 1 0 0 3 0 1 1 0 0 1 0 3 0 0 0 0 1 0 0 1 0 3 0 3 0 1 0 0 0 1 1 0 0 3 0 2 0 2 0 3 0 1 0 1 0 2 0 1 1 0 0 2 0 1 1 0 0 0 1 0 1 0 0 0 1 0 0 1 1 0 0 2 0 1 0 0 0 1 0 1 1 0 0 0 0 2 1 0 1 0 0 0 0 0 0 2 0 1 0 2 1 0 0 0 1 0 0 3 0 1 1 0 0 3 0 3 0 0 0 0 1 0 0 0 0 0 0 3 0 1 0 0 1 0 0 0 0 1 0 1 0 0 1 0 0 2 0 0 0 1 0 2 1 0 0 2 0 1 0 1 1 0 1 0 0 2 0 1 0 3 0 0 0 3 0 2 0 1 0 0 0 2 0 3 0 2 0 1 0 3 0 1 1 0 0 1 0 0 0 1 0 2 0 3 0 0 0 1 1 0 0 1 0 3 0 2 0 2 0 0 0 2 1 0 0 3 0 0 0 1 0 2 0 2 0 1 0 0 0 0 0 2 1 0 0 0 0 2 0 2 0 1 1 0 0 2 1 0 0 0 1 0 0 1 0 3 0 3 0 0 0 0 0 0 1 0 0 3 0 1 0 0 0 3 0 3 0 1 0 2 0 0 0 2 0 2 1 0 0 2 0 2 0 3 0 3 0 3 0 1 0 0 1 0 0 0 0 0 0 3 0 0 1 0 0 3 0 3 0 2 1 0 1 0 0 0 1 0 0 0 0 1 1 0 0 1 0 0 0 3 0 0 0 3 0 2 0 0 1 0 0 2 0 0 0 0 0 3 0 2 0 3 0 1 0 2 0 0 0 3 0 3 0 2 0 3 0 1 0 2 0 2 0 2 0 2 0 0 0 3 0 0 1 0 1 0 0 1 0 2 1 0 0 1 0 1 0 0 0 2 0 1 0 0 1 0 0 2 0 3 0 1 0 1 0 3 0 3 0 0 0 1 0 3 0 1 0 1 0 1 1 0 0 2 0 1 0 2 0 0 0 3 0 1 0 3 0 2 0 0 0 0 1 0 0 1 1 0 0 1 1 0 1 0 1 0 0 3 0 2 0 0 0 2 0 3 0 3 0 2 1 0 0 1 0 0 0 3 0 1 0 1 0 1 0 0 0 0 0 1 0 2 1 0 0 1 0 2 0 0 1 0 0 1 0 1 1 0 0 2 0 0 0 2 0 1 0 2 0 1 0 1 1 0 1 0 0 0 1 0 1 0 0 2 1 0 0 3 0 0 1 0 0 0 0 1 0 2 0 1 0 1 0 1 0 2 0 3 0 0 0 0 0 1 0 0 0 0 0 2 0 1 1 0 1 0 0 3 0 2 0 2 0 2 0 3 0 1 1 0 0 1 0 2 0 3 0 2 0 2 0 0 0 2 0 0 0 0 0 2 0 3 0 0 1 0 0 0 0 0 0 1
1 759 2 1 0 1 0 0 2 1 0 0 2 1 0 1 0 0 0 0 0 1 0 0 3 0 0 0 2 0 1 0 1 0 0 0 1 0 0 0 1 0 2 1 0 0 2 0 3 0 1 0 2 1 0 0 0 1 0 0 2 0 1 0 1 0 0 0 2 0 0 0 1 1 0 0 0 0 0 0 1 0 2 0 1 0 3 0 1 0 1 0 2 1 0 0 2 0 0 0 1 0 0 0 0 0 2 0 1 1 0 0 1 1 0 1 0 0 3 0 1 0 1 0 1 0 3 0 2 0 2 0 2 0 3 0 0 1 0 0 0 0 2 0 1 0 1 0 2 0 3 0 2 1 0 1 0 1 0 1 0 1 0 1 0 0 1 1 0 0 3 0 0 0 3 0 2 0 3 0 3 0 2 0 0 0 2 0 3 0 3 0 0 0 1 0 0 0 2 1 0 0 0 1 0 1 0 0 1 1 0 0 1 1 0 0 2 0 0 0 0 0 2 0 2 0 1 0 1 0 2 1 0 0 1 0 1 0 3 0 1 0 2 1 0 0 2 0 2 0 1 0 3 0 3 0 0 0 3 0 0 1 0 1 0 1 0 0 0 0 0 0 3 0 3 0 3 0 1 0 2 0 2 0 0 0 3 0 1 0 0 0 3 0 0 1 0 0 2 1 0 1 0 0 2 0 0 0 3 0 0 0 2 0 1 0 3 0 3 0 2 0 2 0 1 0 0 0 2 0 1 0 0 0 1 0 1 0 3 0 0 0 0 0 3 0 0 0 1 0 0 1 0 0 1 0 0 0 1 0 0 0 0 0 0 1 0 0 1 0 3 0 2 0 2 0 2 0 1 0 0 0 1 1 0 0 1 0 3 0 1 0 2 0 2 1 0 0 0 0 2 0 0 0 2 0 0 0 0 0 1 0 3 0 3 0 2 0 3 0 1 0 2 1 0 0 1 0 1 0 2 1 0 0 2 0 3 0 2 0 0 0 3 0 0 0 2 1 0 0 3 0 3 0 1 0 1 0 1 0 2 0 2 0 0 0 2 0 3 0 3 0 0 0 1 0 2 0 1 0 2 1 0 0 0 0 2 0 2 0 3 0 1 0 2 1 0 0 1 0 1 0 1 0 0 0 2 0 1 0 2 1 0 0 3 0 2 0 0 1 0 0 2 0 2 0 0 1 0 0 3 0 1 1 0 0 0 0 2 0 3 0 3 0 2 0 2 0 1 0 3 0 1 0 3 0 2 0 3 0 3 0 3 0 2 1 0 0 2 0 1 1 0 0 3 0 0 0 1 0 1 0 3 0 2 0 3 0 2 1 0 1 0 1 0 0 2 0 0 0 2 0 0 0 3 0 3 0 1 1 0 0 2 0 1 0 1 0 3 0 2 0 2 0 0 0 0 0 3 0 0 1 0 0 2 1 0 0 2 0 3 0 1 0 3 0 3 0 3 0 0 1 0 1 0 0 0 1 0 0 0 0 0 0 3 0 0 1 0 1 0 0 1 0 0 0 1 0 2 0 2 1 0 0 2 1 0 0 3 0 2 0 3 0 0 0 2 0 1 0 0 0 2 0 0 0 1 0 0 0 0 0 0 1 0 0 2 0 1 0 1 0 1 0 2 1 0 1 0 0 3 0 0 0 3 0 1 0 0 0 1 1 0 0 1 0 1 0 0 0 2 0 2 0 2 1 0 0 0 0 2
0 761 1 0 1 0 0 1 0 0 1 0 0 0 1 0 0 0 2 1 0 0 1 1 0 0 1 0 1 1 0 0 3 0 2 0 0 0 2 0 0 0 3 0 1 0 0 0 0 0 2 1 0 0 1 1 0 0 1 0 3 0 3 0 2 0 2 0 0 1 0 0 1 0 3 0 2 1 0 0 0 0 2 1 0 1 0 0 2 0 3 0 3 0 0 1 0 1 0 0 1 0 2 0 0 0 0 1 0 1 0 1 0 1 0 0 0 1 0 0 1 0 3 0 2 0 3 0 2 0 1 0 1 0 1 0 2 0 2 0 2 1 0 1 0 0 3 0 3 0 0 0 3 0 2 0 0 1 0 1 0 1 0 1 0 0 3 0 2 1 0 0 1 0 2 0 2 0 1 0 3 0 3 0 0 0 2 0 0 0 3 0 2 0 1 0 2 0 1 0 0 1 0 0 1 1 0 0 3 0 2 0 3 0 2 0 3 0 3 0 0 0 1 0 0 0 0 0 3 0 3 0 0 1 0 0 2 0 3 0 1 1 0 0 2 0 0 0 0 0 0 1 0 0 3 0 2 0 2 0 1 0 2 1 0 1 0 0 2 1 0 0 1 0 2 0 3 0 2 1 0 0 1 0 0 0 2 0 1 0 3 0 1 0 1 0 2 1 0 0 1 0 0 0 3 0 3 0 1 0 1 0 1 1 0 1 0 0 3 0 3 0 1 0 0 0 3 0 0 1 0 0 3 0 0 0 2 0 3 0 1 0 1 0 1 0 1 0 1 0 2 0 1 0 3 0 1 0 0 0 2 0 0 0 0 0 1 0 3 0 2 0 2 0 1 0 1 0 0 0 3 0 0 0 3 0 3 0 2 0 1 1 0 0 1 0 1 1 0 0 0 1 0 0 1 1 0 0 1 0 0 0 3 0 2 0 3 0 1 0 2 1 0 0 1 1 0 0 2 0 3 0 1 0 0 0 0 0 3 0 0 0 2 0 1 0 2 0 1 0 0 0 2 0 2 0 3 0 2 0 3 0 0 0 0 0 2 0 0 0 3 0 2 0 1 0 2 1 0 1 0 0 1 1 0 0 1 0 0 0 1 0 2 1 0 0 1 1 0 0 2 0 2 0 2 0 0 1 0 1 0 0 2 0 0 0 2 0 0 0 2 1 0 0 0 0 0 0 2 1 0 0 1 1 0 1 0 0 1 0 0 0 3 0 3 0 1 0 0 1 0 0 2 1 0 0 3 0 1 0 3 0 3 0 3 0 2 0 0 0 0 0 0 0 0 0 1 0 1 0 2 0 3 0 2 0 1 0 3 0 2 0 0 1 0 0 3 0 3 0 0 1 0 0 2 0 2 0 2 1 0 1 0 1 0 0 3 0 3 0 2 0 1 0 0 0 1 0 1 0 1 0 2 1 0 0 1 0 0 0 0 0 2 1 0 0 3 0 3 0 2 0 2 1 0 0 3 0 0 0 2 1 0 0 1 0 1 0 2 1 0 0 3 0 1 0 0 0 3 0 0 0 2 0 0 0 1 0 0 0 2 0 1 0 2 0 1 1 0 0 3 0 0 1 0 0 1 0 2 0 0 0 0 0 1 0 3 0 3 0 2 0 2 0 3 0 1 0 0 1 0 0 1 0 2 0 1 0 3 0 0 0 3 0 3 0 1 0 2 0 1 0 0 0 1 0 1 1 0 0 1 0 0
0 761 2 0 2 0 1 0 3 0 1 0 0 0 2 0 1 0 0 1 0 0 3 0 3 0 1 1 0 0 0 0 2 0 0 0 1 1 0 0 2 0 1 0 3 0 0 0 1 0 0 1 0 0 3 0 3 0 2 0 2 0 3 0 1 0 0 0 2 0 3 0 2 0 2 0 1 1 0 0 1 0 1 0 0 1 0 0 0 0 3 0 2 0 2 1 0 0 3 0 1 1 0 0 1 0 1 1 0 1 0 1 0 0 3 0 0 0 3 0 2 0 2 0 1 0 3 0 0 0 3 0 2 0 3 0 0 0 1 0 2 0 0 1 0 0 2 0 2 0 2 0 2 0 0 0 2 1 0 1 0 1 0 1 0 0 2 0 1 1 0 0 3 0 0 0 0 1 0 0 3 0 2 0 1 1 0 0 2 0 2 0 0 1 0 0 0 0 3 0 1 0 3 0 2 1 0 0 2 0 1 0 3 0 1 0 3 0 2 0 1 0 2 0 0 0 1 0 2 0 2 0 2 1 0 0 0 0 2 1 0 1 0 1 0 0 1 0 0 0 1 1 0 0 2 0 1 0 0 1 0 0 2 0 0 1 0 0 0 1 0 0 3 0 0 0 3 0 1 1 0 0 2 0 0 1 0 1 0 0 2 0 3 0 3 0 0 1 0 0 2 0 1 0 2 0 2 0 3 0 2 1 0 0 0 1 0 0 2 0 2 0 3 0 1 0 1 0 2 1 0 0 1 0 2 0 0 0 2 0 3 0 2 0 2 0 2 0 2 1 0 1 0 0 2 0 3 0 0 1 0 0 1 0 0 0 3 0 2 0 1 0 0 0 3 0 2 0 1 0 1 0 2 0 2 0 3 0 0 1 0 1 0 0 2 0 3 0 3 0 0 0 3 0 2 0 3 0 1 0 1 0 2 0 1 0 2 1 0 0 1 1 0 1 0 0 0 0 0 0 2 0 3 0 0 0 1 0 1 0 1 1 0 1 0 0 0 0 3 0 1 0 0 0 1 0 3 0 1 0 2 0 1 0 0 1 0 0 2 0 2 0 0 1 0 0 2 0 0 0 3 0 2 0 3 0 1 0 0 0 3 0 0 1 0 1 0 0 0 0 0 0 1 0 0 0 2 1 0 0 3 0 3 0 0 1 0 0 2 0 0 1 0 0 0 0 1 0 0 1 0 1 0 0 0 0 3 0 1 0 1 0 2 0 2 0 3 0 1 1 0 0 1 0 0 0 1 1 0 0 3 0 3 0 3 0 0 0 1 0 0 0 0 0 0 0 2 0 3 0 0 0 3 0 0 1 0 0 3 0 0 0 2 1 0 0 2 0 2 0 2 1 0 0 0 0 1 0 2 0 0 1 0 1 0 0 2 0 3 0 0 0 3 0 0 0 2 0 2 0 3 0 0 1 0 0 2 0 0 0 1 0 1 0 0 0 2 0 3 0 1 0 2 0 0 0 1 0 2 0 0 1 0 0 2 0 3 0 1 0 0 0 1 0 3 0 1 0 1 0 1 1 0 0 1 0 2 0 0 1 0 1 0 0 1 0 0 0 0 0 1 0 2 0 3 0 1 1 0 0 1 0 0 0 3 0 2 0 3 0 1 0 1 0 2 0 3 0 1 0 3 0 1 1 0 1 0 0 2 0 2 0 2 0 2 1 0 0 0 0 3 0 0 0 2 0 3 0 3 0 1 0 0
0 763 1 0 0 0 0 1 0 0 2 0 3 0 0 1 0 0 3 0 1 1 0 0 2 0 2 1 0 1 0 0 0 1 0 0 1 0 3 0 3 0 3 0 3 0 1 0 1 0 2 0 1 1 0 0 2 0 3 0 1 0 1 0 2 0 3 0 1 0 0 0 3 0 1 0 0 1 0 1 0 0 2 0 2 0 1 0 3 0 0 0 2 0 1 0 2 0 0 0 1 1 0 1 0 0 2 1 0 0 0 1 0 1 0 0 1 0 2 0 2 0 1 0 0 1 0 0 2 0 2 0 2 0 1 0 2 0 1 0 2 1 0 0 2 1 0 0 0 0 1 0 1 0 0 0 2 0 1 0 0 1 0 1 0 1 0 0 0 0 0 0 0 0 1 0 1 0 1 1 0 0 2 0 1 0 0 0 0 0 0 0 0 0 2 0 3 0 0 0 1 1 0 0 3 0 1 1 0 1 0 1 0 0 2 1 0 0 3 0 0 1 0 0 0 0 1 0 3 0 0 0 1 0 1 1 0 0 1 0 1 0 0 1 0 0 3 0 1 0 0 0 3 0 3 0 3 0 2 0 1 0 3 0 3 0 1 0 3 0 0 1 0 0 1 0 2 0 1 1 0 1 0 1 0 0 2 1 0 1 0 0 0 0 3 0 2 0 2 0 3 0 3 0 3 0 0 0 1 0 3 0 1 1 0 0 1 1 0 0 0 0 1 0 2 0 3 0 3 0 0 1 0 0 2 1 0 0 2 0 0 0 3 0 1 0 1 0 1 0 2 0 0 1 0 0 0 0 2 0 2 0 3 0 1 0 1 0 2 0 0 0 3 0 1 0 2 0 0 0 3 0 3 0 0 0 1 0 2 0 2 1 0 1 0 0 0 0 3 0 2 0 2 0 2 0 1 0 2 0 3 0 2 1 0 1 0 0 1 1 0 1 0 0 0 0 2 1 0 0 1 0 0 0 2 0 1 0 2 0 2 1 0 0 0 0 3 0 0 0 1 0 3 0 0 0 3 0 1 1 0 0 0 0 3 0 1 1 0 0 0 0 0 0 2 0 3 0 3 0 1 0 2 0 1 0 2 0 3 0 1 0 1 0 2 1 0 0 2 1 0 0 0 0 2 0 1 0 1 0 0 0 2 0 2 0 2 0 3 0 3 0 1 0 2 1 0 0 2 0 1 1 0 0 3 0 0 0 1 0 3 0 3 0 0 0 1 0 2 1 0 1 0 0 2 0 0 1 0 0 0 0 2 0 3 0 2 0 1 0 2 0 0 0 0 0 1 0 0 0 2 0 2 0 1 0 2 1 0 0 1 0 2 0 1 0 0 0 0 0 1 0 1 1 0 0 0 0 2 1 0 0 2 1 0 1 0 0 0 0 2 0 2 0 1 0 2 0 0 0 1 0 2 0 2 0 3 0 3 0 0 0 2 0 2 0 1 0 0 0 2 1 0 0 0 0 1 0 2 1 0 0 2 1 0 0 0 0 2 0 3 0 0 0 3 0 1 0 3 0 2 0 3 0 3 0 1 1 0 0 2 1 0 0 3 0 1 0 0 0 0 0 3 0 0 0 2 1 0 1 0 0 2 0 1 0 2 0 1 0 2 0 3 0 3 0 0 0 2 1 0 0 3 0 0 0 0 1 0 0 0 0 1 0 1 0 1 1 0 0 1 0 1 0 2 0 0 0 3 0 2 0 3 0 0
0 763 2 0 0 0 1 1 0 0 0 0 2 0 2 1 0 0 2 0 0 0 0 0 0 0 2 0 0 0 3 0 0 0 3 0 2 0 2 0 3 0 3 0 2 0 3 0 3 0 0 0 0 0 0 0 0 0 2 0 3 0 3 0 0 0 2 0 3 0 1 0 1 0 3 0 1 1 0 1 0 0 0 0 0 1 0 0 2 0 1 1 0 1 0 0 0 0 1 1 0 0 0 1 0 0 0 1 0 0 1 1 0 0 3 0 2 0 0 0 0 0 3 0 1 1 0 0 0 0 1 0 0 1 0 0 0 1 0 0 2 0 0 0 0 1 0 0 0 0 2 0 2 0 0 1 0 0 3 0 1 1 0 1 0 0 2 1 0 0 0 0 0 0 2 0 2 0 3 0 3 0 3 0 2 0 0 0 0 0 0 0 1 0 0 0 2 0 1 1 0 0 0 0 2 0 0 0 0 1 0 1 0 0 1 0 0 0 1 0 2 0 2 1 0 0 3 0 1 0 1 0 2 0 3 0 3 0 1 0 2 0 1 1 0 0 1 0 3 0 1 0 2 0 3 0 3 0 0 1 0 0 3 0 2 1 0 0 2 0 2 0 3 0 2 0 0 0 0 0 0 1 0 1 0 0 1 0 0 0 3 0 0 0 2 0 1 0 1 0 3 0 3 0 2 0 1 0 3 0 1 1 0 1 0 0 3 0 2 1 0 0 3 0 0 0 3 0 2 0 2 1 0 0 0 1 0 1 0 0 2 0 1 0 3 0 2 0 2 1 0 0 2 0 3 0 0 0 0 0 1 0 2 0 3 0 2 1 0 0 2 0 1 1 0 0 0 0 2 0 2 0 2 0 1 0 3 0 0 0 2 0 0 0 3 0 0 0 2 0 1 0 1 0 0 1 0 0 1 0 3 0 2 0 0 0 3 0 2 1 0 0 3 0 0 0 0 1 0 0 2 0 0 1 0 1 0 0 1 0 1 1 0 0 1 0 1 0 1 0 3 0 1 0 2 0 1 1 0 1 0 0 1 0 1 1 0 1 0 0 0 0 1 0 0 0 3 0 2 1 0 0 0 1 0 0 1 0 2 0 3 0 3 0 1 0 0 0 0 1 0 0 0 1 0 0 3 0 2 0 1 0 0 0 1 0 1 0 3 0 2 1 0 0 2 0 0 0 0 0 0 0 0 0 1 0 1 0 3 0 2 0 2 0 1 0 3 0 1 0 0 0 3 0 3 0 1 0 3 0 0 0 0 0 3 0 0 1 0 0 0 0 1 0 0 0 2 0 1 0 0 0 0 1 0 0 1 1 0 0 2 1 0 0 3 0 0 0 0 0 2 0 3 0 3 0 0 0 1 0 0 0 1 0 0 0 3 0 0 0 0 0 0 1 0 0 0 0 1 0 3 0 0 0 1 0 3 0 2 0 2 0 0 0 0 0 3 0 1 0 0 1 0 0 0 0 3 0 1 0 0 0 0 1 0 0 1 0 0 0 2 0 2 0 1 1 0 0 3 0 1 0 3 0 3 0 0 0 0 0 1 0 0 0 1 0 3 0 0 0 1 0 1 0 2 0 1 0 0 0 3 0 3 0 2 1 0 1 0 0 1 0 3 0 2 0 2 0 1 0 0 0 1 0 1 0 1 0 2 1 0 0 2 0 2 0 3 0 3 0 1 0 2 1 0 0 2 0 2 0 1 0 2 0 1
1 764 1 0 0 1 0 3 0 3 0 0 0 0 0 1 1 0 1 0 0 1 0 0 0 0 1 0 0 2 0 1 0 2 0 2 0 1 0 1 0 3 0 3 0 1 0 3 0 2 0 1 0 0 0 0 0 1 0 0 0 3 0 2 0 2 0 0 0 2 0 3 0 3 0 2 0 0 0 0 0 2 1 0 0 1 1 0 0 0 0 0 0 0 0 2 1 0 0 3 0 3 0 0 0 3 0 0 0 3 0 2 1 0 0 2 0 0 0 1 0 1 0 1 1 0 1 0 0 0 0 2 0 1 0 3 0 0 0 3 0 3 0 0 0 1 0 3 0 0 0 0 0 0 0 2 1 0 0 2 0 0 0 0 1 0 0 0 1 0 0 0 0 1 0 0 0 1 0 3 0 3 0 3 0 0 0 1 0 0 0 0 0 2 0 0 1 0 1 0 1 0 0 0 1 0 0 1 0 1 1 0 0 3 0 1 0 0 0 3 0 0 0 2 0 0 0 1 0 3 0 3 0 0 0 3 0 2 1 0 0 0 1 0 1 0 0 3 0 1 1 0 0 1 0 3 0 2 0 2 1 0 0 2 0 2 0 0 0 0 0 1 0 3 0 0 0 1 0 0 0 1 1 0 0 3 0 1 0 1 0 1 0 1 1 0 0 3 0 3 0 2 0 3 0 0 1 0 0 3 0 0 0 0 1 0 0 2 0 2 0 0 0 1 0 2 0 2 0 1 0 1 1 0 0 1 1 0 0 3 0 3 0 3 0 2 0 1 0 2 0 0 0 0 0 2 0 1 0 0 0 3 0 0 0 3 0 1 1 0 1 0 1 0 1 0 0 1 0 0 0 1 0 0 1 0 0 2 0 1 1 0 0 2 0 1 0 1 1 0 0 3 0 2 0 1 0 3 0 2 0 2 0 0 0 2 0 2 0 2 0 0 0 1 0 1 0 1 0 3 0 3 0 1 1 0 0 3 0 1 0 3 0 3 0 1 0 2 0 3 0 1 1 0 0 1 0 0 0 0 0 3 0 1 1 0 0 0 0 2 1 0 0 2 0 1 0 2 0 1 1 0 0 1 0 3 0 2 0 0 0 3 0 2 0 3 0 0 0 1 0 3 0 0 1 0 0 2 0 0 0 3 0 0 0 2 0 3 0 2 0 1 1 0 1 0 0 1 0 0 0 0 0 0 0 2 0 3 0 2 0 1 0 0 1 0 0 2 0 3 0 1 0 2 0 2 1 0 0 2 0 1 0 1 0 1 0 2 0 2 1 0 0 2 0 0 1 0 0 3 0 0 0 1 0 3 0 2 1 0 0 1 0 0 0 1 0 1 0 1 0 0 0 3 0 2 0 1 0 2 0 0 0 2 0 1 0 1 0 1 0 0 0 1 0 2 1 0 0 3 0 1 0 1 0 3 0 2 0 1 0 0 0 1 0 1 0 1 0 3 0 1 0 3 0 0 0 1 0 3 0 0 0 1 0 3 0 1 0 1 0 0 0 1 0 0 0 0 0 1 1 0 0 3 0 2 0 1 0 0 0 2 0 0 0 3 0 1 0 1 0 2 0 2 1 0 0 3 0 1 0 2 0 3 0 2 0 0 0 3 0 2 0 2 0 1 0 0 0 3 0 0 0 2 0 2 0 3 0 1 0 0 0 0 0 1 0 3 0 2 1 0 0 2 0 0 0 0 0 0 1 0 0 0 1 0
1 765 1 0 3 0 2 0 2 0 2 0 1 0 0 1 0 0 0 0 3 0 1 0 0 0 1 0 3 0 3 0 3 0 0 0 0 0 3 0 3 0 2 0 2 1 0 0 3 0 0 0 3 0 0 0 0 0 2 0 1 0 2 0 1 0 0 0 2 0 0 0 3 0 3 0 0 0 1 0 1 0 0 1 0 0 3 0 2 1 0 0 0 0 1 0 1 0 0 0 2 0 2 0 2 0 1 0 2 0 2 0 1 1 0 1 0 0 1 0 2 0 2 1 0 0 0 0 2 1 0 1 0 1 0 0 2 0 2 0 2 0 2 0 1 0 3 0 1 0 1 0 0 0 1 0 0 1 0 1 0 0 1 0 1 0 3 0 0 0 2 1 0 0 2 0 0 0 3 0 2 0 3 0 2 0 1 0 2 0 0 0 0 1 0 0 2 1 0 1 0 0 3 0 0 0 3 0 1 1 0 0 0 0 1 0 3 0 1 0 1 0 1 1 0 0 1 0 3 0 2 0 2 0 2 0 2 0 1 1 0 0 1 1 0 1 0 0 1 1 0 1 0 0 3 0 2 0 1 0 2 0 0 0 0 0 0 0 1 0 0 0 3 0 1 0 1 0 2 0 0 1 0 0 0 0 1 0 3 0 2 0 2 1 0 0 0 0 2 0 3 0 1 0 2 0 2 1 0 0 1 0 1 0 1 1 0 0 0 0 0 0 1 0 3 0 0 0 0 0 3 0 3 0 3 0 2 1 0 0 2 0 3 0 3 0 0 1 0 0 0 0 1 0 0 1 0 0 3 0 1 0 1 0 2 0 2 0 0 0 0 1 0 1 0 0 3 0 1 0 0 0 2 0 1 0 3 0 3 0 3 0 3 0 3 0 2 1 0 0 0 0 2 0 0 1 0 0 3 0 1 0 0 0 2 0 0 0 1 0 0 0 1 0 2 0 2 0 3 0 2 0 3 0 0 0 0 0 1 1 0 0 3 0 2 1 0 0 1 0 2 1 0 1 0 0 2 0 0 0 1 0 1 1 0 1 0 0 1 0 0 1 0 1 0 1 0 0 0 1 0 1 0 0 3 0 2 0 0 0 2 0 2 0 1 0 2 0 1 0 3 0 1 0 2 0 3 0 3 0 1 0 1 0 2 0 0 0 3 0 1 0 0 0 0 0 3 0 1 0 0 0 0 0 1 0 0 0 3 0 0 0 3 0 1 1 0 0 0 0 2 1 0 0 1 0 1 1 0 1 0 0 3 0 2 0 3 0 0 0 1 1 0 1 0 0 2 1 0 0 1 0 1 0 3 0 2 0 1 1 0 0 2 0 0 0 2 0 2 0 2 0 1 0 2 0 0 1 0 0 0 0 1 1 0 0 3 0 2 0 2 0 0 0 3 0 1 0 0 0 1 0 3 0 3 0 2 0 0 0 3 0 0 0 2 0 2 0 3 0 1 1 0 0 2 0 1 0 3 0 1 0 1 0 3 0 1 0 3 0 2 0 0 0 2 0 0 0 0 1 0 0 0 0 2 0 0 0 3 0 0 1 0 0 2 0 1 0 3 0 3 0 0 0 2 0 0 0 1 1 0 0 1 0 3 0 0 0 2 0 2 0 1 0 0 0 3 0 1 0 1 0 2 0 0 0 1 0 2 0 3 0 0 0 0 0 3 0 2 0 1 1 0 1 0 0 1 0 0 0 1 0 3 0 0 0 2
0 765 3 0 2 0 1 0 1 0 0 0 3 0 1 0 3 0 0 0 1 0 3 0 0 0 3 0 2 0 3 0 2 0 1 0 1 0 2 0 3 0 1 0 2 0 0 0 1 0 2 0 1 0 1 0 0 1 0 1 0 0 0 0 3 0 0 1 0 0 2 0 2 0 2 0 1 0 2 0 2 0 1 1 0 0 2 0 1 1 0 0 0 0 2 0 2 0 1 0 0 0 1 0 0 1 0 0 1 0 1 0 0 0 0 0 3 0 2 0 0 0 1 1 0 0 1 0 1 0 0 1 0 1 0 0 0 0 1 0 1 0 0 1 0 0 2 0 3 0 2 0 0 0 2 0 1 1 0 0 3 0 1 0 3 0 1 0 2 0 0 1 0 1 0 0 2 0 2 0 1 0 3 0 0 1 0 0 0 0 1 0 1 1 0 0 1 0 0 1 0 0 1 0 2 0 1 1 0 1 0 0 0 0 3 0 1 0 3 0 2 0 3 0 3 0 2 0 2 0 1 0 1 0 1 0 0 1 0 1 0 1 0 0 0 0 3 0 2 1 0 1 0 0 2 0 0 1 0 0 0 0 1 0 0 0 0 0 2 0 1 0 1 0 3 0 2 1 0 0 2 0 2 1 0 0 3 0 2 0 1 0 1 1 0 0 1 0 0 0 2 1 0 0 1 0 1 1 0 0 2 0 2 0 3 0 2 1 0 0 0 0 3 0 1 0 1 0 1 0 2 0 3 0 3 0 2 0 0 0 0 0 3 0 2 0 2 0 2 1 0 0 2 0 1 1 0 0 1 0 3 0 3 0 0 0 0 0 1 0 1 1 0 1 0 0 1 0 3 0 0 1 0 1 0 0 3 0 3 0 3 0 3 0 3 0 1 1 0 0 0 1 0 0 2 1 0 0 1 0 3 0 0 1 0 0 1 0 2 0 0 0 3 0 0 0 1 0 3 0 1 0 2 0 1 0 0 1 0 0 0 0 2 0 1 1 0 0 3 0 1 0 0 0 3 0 3 0 0 0 2 1 0 0 0 0 3 0 1 0 1 1 0 1 0 0 3 0 0 1 0 1 0 0 2 0 0 0 2 0 0 0 0 1 0 0 0 1 0 0 2 1 0 0 1 0 3 0 2 0 3 0 2 1 0 0 2 0 1 0 3 0 0 0 1 0 1 0 3 0 0 0 0 0 2 0 1 0 1 0 2 0 1 1 0 1 0 0 1 0 0 1 0 0 2 1 0 0 0 1 0 0 2 0 1 0 2 0 1 1 0 0 0 1 0 0 0 1 0 0 2 0 3 0 2 0 0 1 0 1 0 1 0 0 2 0 0 0 1 0 0 1 0 0 0 0 2 0 2 1 0 1 0 0 0 0 2 0 1 0 0 0 2 0 1 0 3 0 0 0 3 0 2 0 3 0 0 0 2 0 1 0 2 0 0 0 1 0 2 1 0 1 0 1 0 1 0 0 2 0 3 0 3 0 1 1 0 0 3 0 0 0 1 1 0 0 1 0 1 0 2 1 0 1 0 0 2 0 1 0 2 0 3 0 3 0 3 0 2 0 2 0 1 1 0 0 1 0 3 0 3 0 2 0 1 0 2 0 0 0 0 0 3 0 1 0 1 0 3 0 2 1 0 0 1 0 3 0 0 0 2 0 1 0 1 0 2 0 1 0 0 0 0 0 3 0 1 0 0 0 3 0 1 0 2 0 0
0 767 1 0 2 0 0 0 3 0 2 0 1 0 1 1 0 0 2 0 1 0 3 0 1 0 2 0 2 0 1 0 3 0 0 0 3 0 3 0 0 0 2 1 0 0 0 0 1 0 2 1 0 0 3 0 2 0 1 1 0 0 3 0 0 0 1 0 2 1 0 0 0 0 1 0 0 1 0 0 1 0 0 1 0 1 0 1 0 1 0 1 0 0 1 0 0 0 0 0 3 0 0 0 2 0 1 0 3 0 1 0 2 0 0 0 1 0 2 0 0 0 1 0 3 0 3 0 1 0 2 0 1 1 0 0 2 1 0 0 2 0 2 0 1 1 0 0 0 0 3 0 0 0 2 0 0 0 0 0 0 0 1 1 0 0 2 1 0 0 0 0 2 1 0 1 0 0 0 0 0 1 0 0 2 0 2 0 2 1 0 0 2 0 3 0 3 0 1 0 1 0 3 0 2 0 0 0 0 0 0 0 3 0 0 0 1 1 0 0 3 0 1 0 3 0 3 0 1 0 0 0 3 0 2 0 2 0 1 1 0 1 0 0 3 0 0 0 2 0 2 0 0 0 3 0 3 0 1 0 2 1 0 0 2 0 0 0 0 1 0 0 3 0 3 0 2 0 2 0 0 0 0 0 2 0 0 0 2 0 0 0 3 0 3 0 3 0 1 0 1 0 0 1 0 0 2 1 0 0 0 0 0 0 1 0 3 0 1 1 0 0 1 0 1 0 3 0 2 0 3 0 0 0 3 0 3 0 0 0 1 0 1 0 2 0 1 0 1 0 1 1 0 1 0 1 0 1 0 0 3 0 2 0 2 0 1 0 0 0 2 1 0 0 0 0 3 0 2 0 1 0 2 1 0 1 0 0 2 0 3 0 3 0 3 0 2 1 0 1 0 0 1 1 0 0 0 1 0 0 3 0 1 0 2 0 3 0 1 1 0 0 2 0 1 0 1 0 3 0 1 1 0 0 0 0 3 0 1 0 3 0 0 0 0 0 0 0 0 0 1 0 3 0 1 0 2 0 2 0 2 0 0 1 0 0 1 0 1 1 0 0 0 0 0 1 0 0 1 0 2 1 0 0 3 0 3 0 0 1 0 0 1 0 1 0 3 0 0 1 0 0 0 1 0 0 3 0 2 0 1 0 3 0 1 1 0 1 0 1 0 0 2 0 1 0 2 0 3 0 1 0 1 0 0 1 0 0 3 0 3 0 0 0 0 0 0 0 3 0 1 0 1 1 0 0 0 1 0 0 1 0 3 0 3 0 2 1 0 1 0 1 0 0 1 0 3 0 0 1 0 0 0 0 3 0 0 0 2 1 0 1 0 0 3 0 3 0 0 0 2 0 1 0 3 0 0 0 0 0 2 0 0 0 2 1 0 1 0 0 3 0 0 1 0 1 0 0 2 0 2 0 2 0 1 0 2 0 1 1 0 1 0 0 0 0 1 0 3 0 1 0 0 1 0 1 0 1 0 0 0 0 3 0 3 0 0 0 0 0 1 0 1 0 3 0 3 0 1 0 3 0 1 0 0 0 3 0 3 0 3 0 0 0 3 0 3 0 3 0 1 0 0 1 0 1 0 0 3 0 2 0 3 0 0 1 0 0 0 0 1 0 1 0 1 0 3 0 3 0 2 0 1 1 0 0 3 0 1 0 1 1 0 0 3 0 2 1 0 0 3 0 0 0 1 0 1 0 3 0 1 0 1 1 0 0 0 0 1
1 767 2 1 0 0 2 0 2 0 0 0 3 0 3 0 3 0 3 0 3 0 1 1 0 0 1 0 0 1 0 0 2 0 2 0 2 0 2 0 2 0 0 1 0 0 0 0 3 0 1 0 0 0 2 0 1 0 0 0 0 0 1 0 1 0 3 0 0 1 0 0 0 0 2 0 1 0 3 0 1 0 1 1 0 1 0 1 0 1 0 0 3 0 1 0 0 0 1 0 1 0 1 1 0 1 0 0 2 1 0 0 0 0 1 0 2 1 0 0 1 0 3 0 2 0 2 1 0 0 1 0 0 0 0 0 1 0 0 0 0 0 0 1 0 1 0 0 1 0 1 0 1 1 0 0 1 0 0 0 0 1 0 0 0 0 0 1 0 0 1 0 1 0 0 0 2 1 0 0 1 1 0 0 0 0 1 0 2 0 0 0 0 0 3 0 2 0 3 0 3 0 2 0 0 0 1 0 0 0 1 0 1 0 1 1 0 0 0 0 1 1 0 0 3 0 2 0 3 0 1 0 2 0 1 0 1 0 0 0 0 1 0 0 1 0 2 0 0 0 0 0 2 0 2 0 2 1 0 0 1 1 0 1 0 0 1 0 1 1 0 0 2 0 3 0 1 0 0 0 1 0 0 1 0 0 1 1 0 0 2 0 2 0 3 0 2 0 3 0 2 0 1 1 0 0 0 1 0 0 0 0 0 0 3 0 1 1 0 1 0 0 2 0 3 0 2 0 1 0 2 0 2 0 2 0 2 0 1 0 2 0 2 1 0 0 3 0 2 1 0 0 0 1 0 1 0 1 0 0 2 0 1 0 0 0 3 0 1 0 0 1 0 0 1 0 2 0 0 1 0 0 2 0 0 1 0 0 0 0 3 0 3 0 3 0 2 0 0 0 3 0 2 0 3 0 0 1 0 0 1 1 0 0 1 0 2 1 0 1 0 1 0 0 3 0 3 0 1 1 0 1 0 0 1 0 1 1 0 0 2 0 1 0 0 0 0 0 0 0 3 0 1 1 0 0 1 0 1 0 0 0 2 0 3 0 1 0 3 0 2 1 0 0 1 0 3 0 2 0 1 0 0 0 2 0 2 0 2 0 3 0 1 0 3 0 1 0 2 0 3 0 0 1 0 0 2 0 0 1 0 0 3 0 0 0 0 1 0 0 3 0 3 0 3 0 0 0 2 0 3 0 2 0 1 1 0 0 2 0 2 0 1 0 0 0 1 0 1 0 3 0 3 0 3 0 0 0 3 0 2 0 2 0 3 0 2 0 0 1 0 0 3 0 2 0 1 0 2 0 3 0 0 0 1 0 2 0 1 0 0 1 0 0 2 0 2 0 1 1 0 1 0 0 2 0 1 0 0 1 0 0 2 0 1 0 0 1 0 0 1 0 2 1 0 1 0 0 0 0 1 0 0 1 0 0 1 0 0 0 0 0 2 1 0 0 3 0 1 0 3 0 1 1 0 1 0 0 3 0 0 0 2 0 2 0 1 0 0 0 2 0 3 0 2 0 2 1 0 0 2 0 3 0 1 0 2 0 3 0 2 0 2 0 2 0 3 0 2 0 3 0 1 1 0 1 0 0 2 0 1 0 2 0 2 0 2 1 0 0 2 0 2 0 3 0 2 0 3 0 1 0 0 0 0 0 1 1 0 0 0 0 0 0 2 0 2 0 0 0 1 0 1 0 2 0 3 0 1 0 3 0 3 0 2 1 0 0 2
0 769 1 0 1 0 0 0 0 0 0 0 2 0 2 0 3 0 3 0 3 0 2 1 0 1 0 0 2 0 1 1 0 0 0 0 1 0 1 0 1 0 0 0 2 0 3 0 0 0 1 0 3 0 0 1 0 0 3 0 0 0 0 0 2 0 3 0 1 0 2 0 2 1 0 1 0 1 0 0 2 1 0 0 0 0 0 1 0 1 0 1 0 0 1 0 3 0 0 0 2 0 2 1 0 0 0 1 0 0 0 1 0 0 0 0 3 0 0 1 0 0 3 0 2 0 1 0 1 1 0 0 2 0 0 0 0 0 2 0 0 0 0 0 1 1 0 0 3 0 1 0 2 0 3 0 3 0 1 0 0 0 1 0 2 1 0 0 1 0 3 0 1 0 2 0 1 0 0 1 0 0 3 0 2 1 0 0 2 1 0 0 1 0 1 0 2 0 1 0 3 0 3 0 0 0 1 0 2 0 0 0 2 0 2 0 3 0 2 1 0 1 0 0 0 0 2 0 1 0 2 1 0 0 0 0 3 0 2 0 0 0 1 0 3 0 1 1 0 0 1 0 1 0 0 0 1 0 1 1 0 1 0 0 0 0 3 0 1 1 0 0 0 0 0 0 2 0 3 0 0 0 2 0 1 0 3 0 2 1 0 0 0 0 1 0 3 0 1 0 3 0 0 1 0 1 0 0 1 0 2 1 0 0 1 0 2 0 0 0 0 1 0 0 0 0 3 0 0 1 0 0 1 0 1 0 1 0 0 1 0 0 1 0 2 0 0 0 2 0 1 1 0 0 1 1 0 1 0 0 3 0 3 0 2 0 1 0 1 0 3 0 1 0 3 0 1 1 0 0 2 0 3 0 3 0 1 0 3 0 0 0 2 0 3 0 3 0 0 0 2 0 2 0 1 0 2 0 2 0 3 0 2 0 3 0 2 0 1 0 0 1 0 1 0 0 2 0 3 0 0 0 0 0 3 0 1 0 3 0 3 0 3 0 2 0 0 0 0 0 1 0 1 1 0 1 0 0 2 0 2 0 1 0 0 0 2 1 0 0 3 0 1 1 0 0 3 0 2 0 0 0 3 0 1 0 0 0 1 0 1 0 2 1 0 0 2 1 0 0 1 0 2 0 2 0 3 0 3 0 1 1 0 0 1 0 1 0 1 1 0 0 2 0 3 0 2 0 2 0 0 0 3 0 1 0 0 0 0 0 0 0 0 0 3 0 0 0 2 0 3 0 2 0 3 0 2 0 2 0 2 0 1 0 1 0 3 0 0 0 2 1 0 0 2 0 0 1 0 0 1 0 2 0 1 0 2 1 0 0 3 0 1 1 0 0 0 0 1 0 0 0 0 0 3 0 3 0 2 0 1 0 3 0 3 0 2 0 1 0 3 0 2 0 1 0 0 0 2 1 0 0 2 0 1 0 3 0 1 0 0 0 1 0 1 0 0 0 1 1 0 0 3 0 0 0 0 1 0 0 1 0 2 0 0 0 0 0 3 0 1 0 0 0 3 0 1 0 2 0 0 0 0 0 2 1 0 0 1 0 3 0 1 0 1 0 1 0 3 0 1 0 3 0 0 0 0 0 3 0 3 0 3 0 0 0 1 0 2 0 0 0 0 0 1 0 3 0 1 0 2 0 3 0 0 0 0 0 3 0 2 1 0 0 1 0 0 0 0 0 1 0 2 0 3 0 0 0 2 1 0 0 3 0 3 0 2 0 0 0 0
0 769 2 0 2 0 0 0 0 0 1 0 0 0 1 0 3 0 3 0 3 0 2 0 0 0 3 0 3 0 3 0 2 1 0 0 2 0 2 0 2 0 1 0 0 0 2 0 1 0 3 0 1 0 2 1 0 0 1 0 1 0 1 0 0 0 2 1 0 0 1 0 2 0 0 1 0 1 0 0 0 1 0 0 0 0 1 1 0 1 0 0 3 0 2 0 1 0 2 0 0 0 1 1 0 0 1 0 3 0 0 0 3 0 0 0 1 0 2 1 0 0 2 0 0 0 3 0 3 0 3 0 3 0 0 0 0 1 0 0 1 0 0 1 0 0 0 0 1 1 0 0 1 0 3 0 2 0 3 0 0 0 3 0 0 1 0 0 3 0 1 1 0 0 0 0 3 0 1 1 0 0 2 0 2 0 0 0 0 1 0 0 2 0 2 1 0 1 0 0 3 0 2 0 1 0 2 1 0 0 2 0 0 0 1 0 3 0 2 0 0 0 2 1 0 1 0 1 0 0 1 1 0 0 1 0 2 0 0 0 1 0 3 0 1 1 0 1 0 0 2 0 2 0 0 0 2 1 0 0 0 0 3 0 0 0 1 1 0 1 0 0 0 0 1 0 0 0 2 0 1 1 0 1 0 0 3 0 1 1 0 0 0 0 3 0 1 1 0 0 2 0 2 1 0 0 3 0 2 0 0 1 0 0 2 1 0 0 1 0 1 0 3 0 0 0 1 0 2 0 3 0 1 0 2 0 2 0 1 0 3 0 1 1 0 0 1 1 0 1 0 1 0 1 0 0 0 1 0 0 2 0 3 0 0 0 3 0 3 0 1 1 0 0 3 0 0 0 0 0 0 0 3 0 2 1 0 0 2 0 2 0 0 0 3 0 2 0 2 0 0 0 0 1 0 0 1 0 1 0 3 0 1 0 3 0 0 0 3 0 1 1 0 1 0 0 0 0 2 0 1 0 1 0 1 1 0 0 3 0 3 0 3 0 0 0 1 0 0 0 2 1 0 0 0 1 0 0 0 0 0 0 3 0 1 0 1 0 0 0 2 0 0 0 0 0 2 0 0 0 2 0 1 0 3 0 0 0 2 0 3 0 1 0 0 0 0 1 0 0 3 0 0 0 1 0 3 0 2 1 0 1 0 0 2 0 2 1 0 0 0 0 0 0 3 0 1 0 0 0 2 0 1 0 3 0 0 0 0 0 0 0 1 0 1 0 2 0 0 0 3 0 1 0 3 0 1 0 1 0 0 0 3 0 3 0 1 0 2 0 0 1 0 1 0 0 2 0 3 0 1 1 0 1 0 0 2 0 0 0 1 1 0 1 0 0 0 0 2 0 0 0 1 0 2 0 3 0 0 1 0 0 3 0 3 0 0 1 0 0 3 0 0 0 3 0 1 0 0 1 0 1 0 1 0 0 2 0 3 0 0 0 2 0 2 0 0 1 0 0 0 0 1 0 1 0 1 0 3 0 1 1 0 0 1 0 1 0 1 0 3 0 1 0 1 1 0 0 0 0 1 0 1 0 0 1 0 0 3 0 1 0 3 0 2 0 3 0 1 1 0 0 2 0 1 0 1 0 2 0 3 0 2 0 1 0 2 1 0 0 1 0 0 0 3 0 1 1 0 0 1 0 2 0 1 0 1 0 2 0 1 1 0 0 2 0 0 0 0 0 3 0 0 0 2 0 2 0 1 0 0 0 2 0 3 0 0 0 1 0 0
0 771 1 0 0 0 0 0 1 0 0 0 2 0 0 0 3 0 2 0 3 0 3 0 0 0 2 0 2 0 3 0 3 0 2 0 0 0 0 0 1 0 0 0 3 0 0 1 0 1 0 0 2 1 0 0 1 1 0 0 2 0 2 0 2 0 1 0 0 1 0 0 2 1 0 0 2 1 0 0 3 0 0 0 2 1 0 1 0 0 0 1 0 0 2 0 0 1 0 0 0 0 1 0 3 0 3 0 2 0 1 0 2 0 1 0 1 0 3 0 0 1 0 1 0 0 2 0 2 0 3 0 3 0 2 0 1 0 1 0 3 0 1 0 1 0 2 1 0 0 3 0 3 0 2 0 2 0 1 0 2 0 2 0 1 0 2 1 0 0 1 1 0 1 0 0 1 0 2 0 0 0 0 0 0 0 0 0 1 0 1 1 0 0 0 0 2 0 0 1 0 0 2 0 0 1 0 0 1 1 0 1 0 0 1 0 3 0 2 0 0 0 2 0 1 0 0 1 0 0 3 0 2 0 3 0 1 1 0 0 1 0 3 0 2 0 0 0 0 1 0 0 0 0 0 0 2 0 0 1 0 0 1 0 1 0 1 1 0 0 0 0 2 1 0 0 2 0 1 0 0 0 0 0 0 1 0 0 1 1 0 1 0 0 1 0 2 0 0 0 0 0 0 0 2 0 0 0 2 0 0 0 2 1 0 0 0 1 0 0 2 0 3 0 1 0 1 0 3 0 0 0 2 1 0 0 1 0 0 1 0 0 2 1 0 1 0 1 0 0 0 1 0 1 0 0 3 0 0 1 0 0 0 0 2 0 2 0 2 0 3 0 0 0 0 0 1 0 1 0 0 0 1 0 2 0 2 0 0 0 0 0 0 0 2 0 2 0 1 0 0 0 1 0 1 0 3 0 1 0 3 0 1 1 0 0 2 0 2 0 2 0 0 0 0 0 2 1 0 1 0 0 3 0 2 1 0 0 0 0 2 0 3 0 2 0 1 0 2 0 1 0 0 1 0 0 1 0 2 1 0 0 1 0 1 0 3 0 2 0 0 1 0 0 1 0 0 1 0 0 1 1 0 1 0 0 2 0 2 0 0 0 2 0 3 0 0 0 1 1 0 0 1 0 1 0 3 0 2 0 2 0 0 1 0 0 0 0 1 1 0 0 0 0 1 0 1 0 3 0 0 1 0 1 0 0 2 0 1 0 0 0 0 0 2 0 2 1 0 0 2 0 1 1 0 0 2 0 3 0 2 0 1 0 2 0 2 1 0 0 0 0 2 1 0 1 0 0 0 0 3 0 0 0 0 0 3 0 3 0 0 1 0 0 0 0 2 1 0 1 0 0 1 0 3 0 0 0 2 0 2 1 0 0 2 0 2 0 2 1 0 0 1 0 2 0 1 0 3 0 1 1 0 1 0 1 0 0 0 0 2 0 2 0 0 0 0 0 2 0 2 1 0 0 2 0 2 0 3 0 1 1 0 1 0 0 2 0 2 0 3 0 1 0 3 0 3 0 2 1 0 0 2 0 2 0 1 1 0 0 1 1 0 0 3 0 1 0 2 1 0 1 0 1 0 0 3 0 3 0 0 0 3 0 0 1 0 0 1 1 0 0 2 0 1 0 1 1 0 1 0 0 2 1 0 0 3 0 2 1 0 1 0 1 0 1 0 0 1 0 1 0 1 0 2 0 0 0 0 0 3 0 1 0 0 0 2 0 1 0 2 0 0
0 771 2 0 0 0 0 0 2 0 0 1 0 0 2 0 2 0 1 0 3 0 2 0 2 0 0 0 1 0 3 0 3 0 0 0 1 0 0 0 2 0 1 0 1 0 2 1 0 1 0 0 0 1 0 1 0 0 0 0 0 0 1 0 0 0 3 0 1 1 0 0 1 0 0 0 1 0 0 0 1 0 2 0 1 0 0 0 3 0 0 0 3 0 3 0 1 0 2 1 0 0 3 0 2 0 3 0 0 1 0 0 0 0 3 0 3 0 1 0 2 1 0 1 0 0 0 0 1 0 3 0 3 0 0 0 3 0 3 0 1 0 3 0 3 0 1 0 0 0 2 0 3 0 1 0 0 1 0 0 1 0 0 1 0 0 1 1 0 1 0 0 0 0 3 0 1 1 0 0 1 0 0 0 0 0 0 0 2 0 3 0 2 1 0 1 0 0 2 0 3 0 3 0 1 0 3 0 2 1 0 0 3 0 2 0 2 0 0 0 1 1 0 0 3 0 1 1 0 0 2 0 1 0 2 1 0 1 0 0 3 0 2 0 0 0 1 0 1 0 2 1 0 0 0 1 0 0 2 0 3 0 1 0 2 0 3 0 3 0 0 0 0 1 0 1 0 0 3 0 0 0 0 0 1 0 3 0 2 1 0 0 3 0 1 1 0 0 1 0 0 0 0 1 0 0 1 1 0 0 2 0 0 1 0 0 1 1 0 0 0 0 2 0 3 0 3 0 1 0 2 0 0 1 0 0 2 0 1 1 0 0 1 0 0 1 0 0 3 0 0 1 0 1 0 0 1 0 2 0 3 0 0 0 0 0 1 0 1 0 2 0 1 0 0 0 2 0 2 0 0 0 3 0 0 0 0 0 1 0 0 0 1 0 0 0 0 0 3 0 0 0 2 0 3 0 1 1 0 0 3 0 0 0 0 0 0 0 1 0 0 0 1 0 1 0 1 0 0 1 0 0 2 0 1 1 0 0 1 0 0 0 3 0 0 1 0 0 0 0 3 0 1 0 3 0 2 0 0 1 0 0 2 0 3 0 2 0 0 0 2 0 3 0 1 0 1 0 3 0 2 1 0 1 0 0 0 0 0 0 2 0 0 0 2 0 1 0 3 0 3 0 1 0 3 0 2 0 1 0 0 0 2 0 2 1 0 0 3 0 2 1 0 0 2 0 3 0 1 0 2 1 0 0 3 0 3 0 2 0 0 0 1 0 0 0 2 0 0 0 0 0 0 0 0 0 0 0 3 0 0 1 0 0 1 0 1 1 0 0 1 0 1 0 0 0 3 0 0 0 1 0 1 0 1 0 2 0 2 0 2 0 3 0 0 0 1 0 0 0 3 0 2 0 1 0 2 0 0 0 2 0 0 0 0 0 1 0 1 1 0 0 2 1 0 1 0 0 3 0 0 0 0 1 0 0 3 0 0 0 0 0 0 0 1 0 1 0 0 0 2 0 0 0 0 0 1 0 3 0 0 0 0 1 0 0 0 0 1 0 2 1 0 0 3 0 3 0 2 0 0 0 0 0 0 1 0 1 0 1 0 0 0 0 1 1 0 0 2 0 0 1 0 1 0 0 2 0 2 0 2 0 1 0 2 0 3 0 2 0 3 0 3 0 2 1 0 0 0 1 0 0 1 0 0 0 2 0 2 0 0 1 0 1 0 0 3 0 1 0 2 0 2 1 0 0 1 0 1 0 1 0 3 0 0 1 0 1 0 0 0 0 1
1 772 1 0 0 1 0 0 1 0 0 2 1 0 0 0 0 0 1 0 0 3 0 1 0 0 0 1 0 3 0 2 0 2 0 1 0 2 0 0 1 0 0 3 0 3 0 1 0 0 0 3 0 0 1 0 0 2 1 0 0 0 0 2 0 1 0 1 1 0 1 0 0 2 0 0 0 2 0 0 0 2 1 0 0 3 0 1 0 1 0 2 0 2 0 2 1 0 0 2 0 0 0 2 0 1 0 2 0 2 0 3 0 0 0 2 0 2 1 0 0 2 0 0 0 2 1 0 0 3 0 2 0 2 0 2 0 2 0 2 1 0 0 3 0 2 0 3 0 1 0 0 0 2 0 3 0 1 0 3 0 1 0 1 0 3 0 2 1 0 0 3 0 0 0 1 1 0 1 0 0 2 0 0 0 0 0 1 0 0 0 3 0 2 0 0 1 0 0 0 0 3 0 2 1 0 0 3 0 2 0 0 0 2 0 1 0 0 0 1 1 0 0 0 0 1 1 0 1 0 1 0 1 0 0 2 0 0 1 0 0 2 0 0 0 1 0 2 0 3 0 0 1 0 0 1 1 0 0 0 0 2 1 0 0 1 0 3 0 2 0 1 0 1 1 0 1 0 0 1 0 1 0 0 0 3 0 2 0 2 0 0 0 1 1 0 1 0 0 2 0 0 0 1 0 3 0 2 0 3 0 3 0 1 0 3 0 2 0 3 0 0 0 0 0 3 0 2 1 0 0 0 0 2 0 3 0 3 0 3 0 3 0 1 0 1 1 0 0 1 0 2 1 0 0 3 0 2 0 0 0 2 0 1 0 0 0 2 0 2 1 0 0 3 0 1 0 0 0 0 0 2 0 1 0 1 0 0 0 2 0 0 0 2 0 0 0 1 0 1 0 2 0 0 0 3 0 0 0 0 0 1 0 1 0 0 0 0 0 2 0 0 0 2 0 2 0 2 0 1 0 3 0 3 0 3 0 3 0 1 0 1 0 1 0 2 0 3 0 0 0 1 1 0 0 3 0 0 0 2 1 0 0 0 0 3 0 0 0 2 0 0 0 2 0 3 0 3 0 2 0 2 0 0 0 2 1 0 0 0 1 0 0 1 1 0 1 0 0 3 0 2 1 0 0 3 0 0 0 3 0 1 0 0 0 2 0 0 0 2 0 2 0 0 0 0 0 2 1 0 0 2 0 0 0 2 0 3 0 0 0 1 0 2 0 0 1 0 0 1 0 0 0 0 0 0 0 1 0 1 0 2 0 3 0 1 0 3 0 3 0 1 0 2 0 1 0 1 0 1 0 2 0 2 0 3 0 0 0 1 0 1 0 2 0 1 0 2 0 1 0 2 0 0 1 0 0 0 0 1 1 0 0 1 0 0 0 2 1 0 0 0 0 1 0 0 1 0 0 1 0 1 0 1 1 0 0 1 0 1 0 0 0 0 0 2 0 2 0 0 1 0 0 1 0 0 0 3 0 1 0 1 0 1 0 2 1 0 0 3 0 1 0 0 0 2 0 3 0 0 0 1 0 0 0 1 1 0 1 0 0 2 1 0 0 3 0 3 0 3 0 1 1 0 1 0 0 0 0 1 0 0 1 0 0 1 0 3 0 1 0 3 0 3 0 1 1 0 0 1 0 3 0 1 0 1 0 0 0 0 0 2 1 0 1 0 0 1 1 0 0 1 0 1 1 0 0 2 0 2 0 3 0 1 0 2 1 0 0 2 1 0 0 2
0 773 1 0 3 0 1 0 1 1 0 0 0 1 0 0 0 0 1 1 0 0 1 0 3 0 0 0 3 0 2 0 1 0 0 1 0 0 0 0 2 1 0 0 2 0 2 0 3 0 1 0 1 0 2 1 0 0 0 1 0 0 0 1 0 1 0 0 0 0 0 0 3 0 3 0 0 1 0 0 2 0 1 0 0 0 1 0 3 0 3 0 0 0 1 0 1 1 0 1 0 0 1 1 0 1 0 0 1 0 1 0 2 0 2 0 0 0 1 1 0 1 0 0 2 0 1 0 0 0 2 0 1 0 1 0 1 0 1 0 2 0 0 0 2 0 1 0 2 0 3 0 1 0 0 0 2 1 0 0 2 0 3 0 3 0 2 0 2 0 0 0 1 0 1 1 0 0 0 0 3 0 3 0 0 0 0 0 2 0 1 0 2 0 0 0 2 0 3 0 0 0 2 0 2 0 0 0 2 0 0 0 1 1 0 0 3 0 0 0 3 0 2 1 0 1 0 0 0 1 0 1 0 0 3 0 3 0 1 0 3 0 3 0 0 0 3 0 0 0 2 0 2 0 3 0 2 0 3 0 0 0 0 1 0 0 3 0 2 0 0 1 0 0 0 0 0 0 3 0 1 0 2 0 1 0 2 0 1 0 0 0 1 1 0 0 0 0 3 0 3 0 0 0 3 0 2 0 1 0 3 0 2 1 0 0 3 0 1 0 2 0 1 0 1 0 2 0 1 1 0 0 1 0 0 0 3 0 3 0 3 0 2 0 3 0 3 0 3 0 2 0 1 0 0 0 2 0 0 0 1 1 0 0 3 0 1 0 0 0 2 0 0 0 1 0 3 0 0 0 0 1 0 0 3 0 2 0 0 1 0 0 1 1 0 0 1 0 2 0 2 1 0 0 2 0 1 0 1 0 0 0 2 0 2 0 0 0 0 1 0 0 2 0 0 0 1 0 0 1 0 0 3 0 3 0 3 0 2 0 3 0 2 0 3 0 0 0 2 0 1 1 0 0 0 0 1 0 2 0 0 1 0 0 1 0 1 0 1 1 0 0 2 0 0 0 3 0 3 0 1 0 0 0 2 0 0 1 0 0 1 0 3 0 2 1 0 1 0 0 2 0 2 0 0 0 1 0 2 0 1 0 3 0 0 1 0 0 2 0 0 0 0 0 1 0 1 0 0 1 0 1 0 0 2 0 0 0 2 0 1 0 2 1 0 0 2 0 3 0 1 0 0 0 0 0 0 0 2 0 3 0 0 0 2 1 0 0 3 0 2 1 0 0 0 0 3 0 2 0 3 0 0 0 1 0 2 0 1 0 2 0 2 1 0 1 0 0 0 1 0 0 0 0 2 0 2 1 0 0 3 0 3 0 1 0 1 0 0 1 0 0 0 0 2 0 1 0 3 0 1 0 2 0 3 0 3 0 1 0 2 0 0 0 1 0 0 0 0 0 2 0 3 0 1 0 1 0 1 0 3 0 2 0 3 0 1 0 0 0 1 0 3 0 1 0 0 0 2 0 1 0 2 0 0 1 0 0 0 1 0 0 1 0 0 0 2 0 3 0 3 0 0 0 0 0 2 1 0 0 2 0 1 0 3 0 2 0 1 1 0 0 3 0 2 1 0 1 0 0 3 0 1 0 3 0 2 0 0 0 1 0 1 0 0 0 3 0 2 0 3 0 1 1 0 0 0 0 0 0 1 0 2 1 0 0 2 0 0 0 1 0 0 0 0
0 773 3 0 1 0 3 0 3 0 3 0 0 0 2 1 0 0 3 0 3 0 2 0 1 0 2 0 2 0 0 0 3 0 1 0 3 0 0 0 1 0 0 0 0 0 1 0 2 0 3 0 3 0 0 1 0 0 1 0 3 0 0 1 0 0 2 1 0 0 1 0 2 0 2 0 2 0 3 0 3 0 2 0 0 0 3 0 2 0 2 0 1 0 2 1 0 0 0 0 3 0 2 1 0 0 3 0 1 0 3 0 0 0 0 0 1 1 0 0 0 0 3 0 3 0 2 0 0 1 0 0 3 0 2 0 2 0 2 1 0 0 1 1 0 1 0 0 1 0 2 0 3 0 1 0 1 0 0 0 0 0 3 0 3 0 1 0 0 0 1 0 2 0 3 0 3 0 0 0 2 0 2 0 1 0 0 1 0 1 0 0 0 0 2 0 0 0 2 0 2 0 0 0 0 0 1 1 0 0 1 1 0 0 0 0 1 0 2 0 2 0 2 0 0 0 3 0 0 1 0 1 0 0 2 0 2 1 0 0 3 0 2 0 2 0 1 0 2 0 0 0 1 0 3 0 1 0 2 0 1 0 1 1 0 0 2 0 0 0 2 0 2 1 0 0 1 0 1 1 0 0 0 1 0 0 0 0 3 0 0 0 3 0 3 0 0 0 2 0 2 0 2 0 2 0 0 1 0 0 3 0 2 0 0 0 1 1 0 0 0 0 3 0 2 1 0 1 0 1 0 0 2 0 1 0 2 0 3 0 3 0 1 0 3 0 3 0 3 0 0 0 3 0 0 1 0 0 1 1 0 0 0 0 1 0 3 0 0 1 0 0 1 0 3 0 1 0 1 0 1 1 0 0 2 0 0 0 2 0 3 0 2 0 3 0 2 0 0 0 1 1 0 1 0 0 3 0 2 0 1 0 0 0 0 0 1 0 1 0 3 0 3 0 0 0 2 0 1 1 0 0 2 0 3 0 3 0 1 0 3 0 1 0 2 0 1 1 0 1 0 1 0 0 0 0 2 1 0 0 2 0 3 0 1 0 2 0 3 0 3 0 3 0 1 0 2 0 2 0 3 0 0 1 0 0 2 0 3 0 2 0 2 0 2 0 0 1 0 0 0 0 0 0 1 0 2 1 0 1 0 0 2 0 2 0 3 0 3 0 0 0 0 0 2 0 2 0 1 1 0 0 3 0 3 0 0 1 0 1 0 0 2 0 0 0 0 0 2 0 3 0 0 0 0 0 1 0 0 0 2 0 2 0 1 0 0 0 2 0 1 1 0 0 1 0 2 0 1 0 2 0 1 0 2 1 0 1 0 0 1 0 2 0 0 0 3 0 0 0 3 0 0 0 0 0 2 0 0 0 2 0 2 0 3 0 2 0 1 0 2 1 0 1 0 1 0 0 2 1 0 0 1 0 3 0 2 1 0 0 0 0 1 0 2 0 0 0 1 0 0 0 2 0 3 0 2 0 3 0 2 0 1 0 2 0 3 0 0 0 3 0 1 0 3 0 0 1 0 1 0 0 0 0 2 0 3 0 0 0 3 0 1 0 1 0 0 0 3 0 2 0 1 0 1 0 0 1 0 1 0 1 0 0 3 0 1 0 0 0 0 0 2 0 2 0 0 1 0 0 1 1 0 0 3 0 0 0 1 0 2 0 2 0 1 0 2 0 1 0 2 1 0 1 0 0 0 0 0 0 3 0 0 1 0 1 0 0 1 0 2 0 0 0 0
0 775 1 0 1 1 0 0 3 0 3 0 2 0 2 0 1 0 0 0 2 0 3 0 0 1 0 0 1 0 0 0 2 0 1 1 0 0 2 0 1 0 2 0 0 0 0 0 3 0 0 0 3 0 2 0 2 0 3 0 2 0 1 0 2 1 0 0 0 1 0 0 3 0 0 0 1 0 1 0 3 0 3 0 0 0 2 0 2 0 1 0 0 1 0 0 1 1 0 0 1 0 2 0 2 0 0 0 1 1 0 0 2 0 1 0 0 0 3 0 3 0 0 0 2 0 3 0 0 0 2 1 0 0 2 0 1 0 1 0 1 1 0 1 0 0 0 0 3 0 2 0 0 0 2 0 3 0 2 0 0 0 1 0 2 0 2 0 3 0 0 0 3 0 0 0 3 0 2 0 2 0 0 0 0 0 3 0 1 1 0 0 2 1 0 1 0 0 2 0 0 0 0 0 1 0 0 0 3 0 3 0 2 0 2 1 0 0 3 0 0 0 1 0 0 0 2 0 1 0 2 1 0 1 0 0 0 0 2 0 0 0 2 0 1 0 0 1 0 0 0 0 1 0 3 0 1 1 0 0 0 0 3 0 3 0 3 0 3 0 1 0 0 0 1 1 0 0 2 0 3 0 3 0 0 0 3 0 0 0 1 0 2 0 2 0 2 0 2 0 0 0 1 0 1 0 0 0 2 1 0 0 2 0 0 0 1 0 3 0 3 0 0 0 2 0 2 0 0 1 0 0 3 0 3 0 3 0 0 0 3 0 2 1 0 0 3 0 3 0 2 0 2 0 1 0 2 0 3 0 2 0 2 1 0 0 3 0 1 0 2 0 3 0 2 0 1 0 3 0 2 0 3 0 3 0 3 0 1 0 0 0 3 0 1 0 3 0 0 0 1 1 0 0 0 1 0 0 2 0 0 0 3 0 0 0 0 0 2 0 3 0 2 0 2 0 2 0 0 0 0 0 0 0 0 0 3 0 2 1 0 0 2 1 0 0 1 0 0 0 0 1 0 0 3 0 0 0 1 0 0 0 0 0 2 1 0 0 1 0 3 0 3 0 2 1 0 0 1 0 1 0 2 0 2 1 0 0 0 0 3 0 1 0 1 0 0 0 2 0 2 1 0 0 0 0 3 0 1 0 0 1 0 0 0 0 1 0 3 0 2 0 1 0 1 0 0 0 1 0 0 0 0 0 2 0 2 0 2 1 0 0 3 0 3 0 0 0 1 0 0 0 2 0 1 0 0 0 2 0 1 0 0 0 0 0 3 0 0 1 0 1 0 1 0 0 2 1 0 1 0 0 0 1 0 0 2 0 0 0 3 0 1 1 0 0 2 0 1 0 2 0 1 0 1 0 0 1 0 0 2 0 0 0 1 0 3 0 0 1 0 0 2 0 0 1 0 1 0 0 0 1 0 0 3 0 2 0 1 1 0 0 0 0 2 1 0 0 1 0 2 0 1 0 0 0 3 0 1 0 3 0 0 1 0 0 1 0 2 0 2 0 1 1 0 0 2 0 2 1 0 0 3 0 0 0 0 0 2 0 2 0 1 0 3 0 2 0 1 0 2 0 0 0 3 0 2 0 1 1 0 1 0 1 0 0 1 0 3 0 0 0 1 0 0 0 0 0 2 0 3 0 2 1 0 0 1 0 1 0 3 0 0 0 0 1 0 0 0 1 0 0 2 0 0 0 2 1 0 0 1 0 1 0 2 1 0 0 3 0 1 1 0 0 1 0 0
0 775 2 1 0 0 0 0 2 0 3 0 1 0 0 0 3 0 1 0 0 0 2 0 2 0 3 0 1 0 0 1 0 1 0 1 0 1 0 1 0 0 0 0 1 0 1 0 1 0 2 0 2 0 1 0 1 0 3 0 0 1 0 0 1 1 0 0 1 1 0 0 1 0 1 0 2 0 3 0 2 0 2 0 2 0 0 0 0 0 3 0 1 0 3 0 2 0 3 0 2 0 0 0 0 0 1 0 3 0 3 0 3 0 2 0 1 0 2 0 2 0 2 0 0 0 2 0 2 0 0 1 0 1 0 0 3 0 2 1 0 0 0 0 3 0 0 0 2 0 0 0 2 0 0 0 3 0 0 0 1 0 3 0 0 0 1 0 2 0 2 0 1 0 2 0 2 0 1 0 0 0 1 0 1 0 2 0 0 0 0 0 1 0 0 0 3 0 3 0 0 0 0 0 2 0 1 0 2 0 3 0 1 0 2 0 0 0 1 0 1 0 2 0 0 1 0 1 0 0 2 0 0 0 2 1 0 1 0 0 1 1 0 0 3 0 1 0 2 1 0 0 3 0 1 1 0 1 0 0 1 0 2 0 3 0 3 0 2 0 3 0 0 1 0 0 0 0 0 0 3 0 2 0 2 0 1 0 1 0 3 0 0 0 1 0 1 0 0 0 1 0 2 0 2 0 1 0 0 1 0 1 0 0 1 0 3 0 2 0 2 0 2 0 0 0 0 0 2 1 0 0 2 0 3 0 2 0 2 0 2 0 2 0 0 0 2 0 3 0 1 0 0 1 0 0 1 0 3 0 1 0 2 0 0 0 1 1 0 0 1 0 3 0 0 1 0 0 3 0 1 0 3 0 3 0 2 0 3 0 1 0 1 1 0 0 2 0 1 0 3 0 3 0 0 0 3 0 3 0 1 0 1 0 1 0 1 0 0 0 3 0 1 0 1 0 0 0 1 0 0 0 0 0 1 0 2 0 2 0 0 0 0 1 0 0 2 0 0 0 1 1 0 0 1 0 1 0 2 0 0 0 1 0 0 1 0 0 3 0 2 0 3 0 1 1 0 0 2 0 3 0 0 0 1 1 0 0 1 0 1 0 3 0 2 0 1 0 0 0 1 1 0 0 1 0 1 0 3 0 1 0 2 1 0 0 3 0 2 0 0 0 3 0 2 0 0 0 2 0 0 0 1 0 0 0 1 0 2 0 0 0 2 0 2 0 1 0 2 0 0 1 0 0 3 0 0 1 0 0 3 0 0 0 1 0 1 0 2 1 0 1 0 1 0 0 1 0 0 0 3 0 0 0 3 0 3 0 1 0 1 1 0 1 0 1 0 1 0 0 0 0 3 0 2 0 1 0 3 0 3 0 0 0 3 0 1 0 2 0 3 0 3 0 1 1 0 0 3 0 0 1 0 0 2 0 0 1 0 1 0 0 1 0 0 1 0 0 2 1 0 0 3 0 1 0 1 1 0 0 2 0 2 0 3 0 2 0 0 0 1 0 0 0 0 0 0 0 2 0 0 0 1 0 1 0 1 0 0 0 0 1 0 0 3 0 0 1 0 0 0 0 2 0 2 0 1 0 0 0 0 1 0 0 3 0 2 0 1 0 1 0 2 0 0 0 1 0 0 0 3 0 1 1 0 0 2 0 3 0 1 0 1 0 1 0 3 0 0 0 3 0 3 0 1 0 0 1 0 0 2 0 3 0 1 0 0 0 1 1 0 1 0 0 2 0 0
0 777 1 0 0 1 0 0 1 0 0 0 2 0 3 0 1 0 1 0 3 0 1 0 0 0 1 0 2 0 3 0 1 1 0 1 0 1 0 1 0 0 2 1 0 0 2 0 2 0 3 0 0 0 0 0 3 0 3 0 1 0 2 0 3 0 2 0 3 0 2 0 3 0 1 0 3 0 0 0 3 0 1 0 1 0 0 0 1 0 1 0 1 1 0 0 3 0 1 0 3 0 0 0 1 0 0 0 3 0 2 0 3 0 3 0 0 1 0 0 1 0 1 0 0 0 2 0 0 0 0 0 2 1 0 1 0 0 2 0 1 1 0 0 1 0 1 0 1 1 0 0 1 1 0 0 2 0 1 0 1 0 3 0 1 0 1 0 3 0 0 0 0 1 0 0 1 0 0 0 3 0 0 0 2 0 2 1 0 0 1 0 0 0 2 0 1 0 2 0 2 0 1 0 0 1 0 1 0 0 1 0 2 1 0 0 0 0 1 0 2 0 2 1 0 0 2 1 0 0 3 0 3 0 1 0 1 0 0 0 3 0 2 1 0 0 1 1 0 0 2 0 0 0 2 0 0 0 0 0 3 0 2 0 0 0 3 0 3 0 1 0 2 0 2 0 2 1 0 0 1 0 2 0 1 0 0 0 3 0 3 0 1 0 1 0 2 0 2 0 0 0 3 0 0 0 0 0 3 0 1 1 0 0 3 0 2 0 2 0 1 0 1 0 0 0 1 0 1 0 1 0 0 0 0 0 3 0 1 0 1 0 1 0 0 0 2 0 0 0 2 0 3 0 1 0 3 0 2 0 1 1 0 0 0 0 1 0 3 0 3 0 2 0 1 0 2 1 0 0 1 1 0 0 3 0 3 0 1 0 2 0 3 0 3 0 3 0 3 0 3 0 2 0 2 0 2 0 2 0 2 0 3 0 2 0 2 0 2 0 1 0 1 0 3 0 2 0 0 0 2 0 0 0 0 0 3 0 0 0 0 0 1 0 1 0 3 0 3 0 0 0 3 0 3 0 1 0 2 1 0 0 1 0 2 0 1 1 0 0 2 0 1 0 3 0 0 0 0 0 0 0 2 0 1 0 3 0 3 0 1 0 3 0 2 0 0 0 3 0 0 0 3 0 3 0 1 0 3 0 1 1 0 0 2 0 0 0 2 0 0 0 2 0 2 0 0 0 1 1 0 0 1 0 2 0 0 0 2 1 0 0 2 0 0 0 0 1 0 0 0 0 2 1 0 0 1 0 2 1 0 0 1 0 1 0 2 0 3 0 1 0 0 1 0 0 3 0 1 0 1 0 1 0 2 0 2 0 2 1 0 0 0 0 0 1 0 1 0 0 3 0 0 0 2 0 0 1 0 0 3 0 2 0 2 0 1 1 0 0 1 0 3 0 3 0 0 0 0 0 1 0 2 0 3 0 3 0 1 1 0 0 3 0 1 0 1 1 0 0 1 0 0 0 1 1 0 0 0 0 0 0 0 0 1 0 3 0 0 0 1 0 2 0 0 0 0 0 0 1 0 0 1 0 2 0 2 0 2 0 0 0 1 1 0 0 1 0 2 0 3 0 0 0 0 0 0 0 3 0 0 0 1 1 0 0 2 0 0 0 3 0 2 1 0 0 1 0 2 0 1 0 2 0 0 0 0 0 0 0 2 0 3 0 2 0 3 0 1 0 2 0 2 0 2 0 3 0 1 1 0 0 0 0 2 0 3 0 0 1 0 0 0 0 3 0 3 0 0
0 777 2 0 1 0 3 0 1 0 1 0 0 0 2 0 3 0 3 0 1 0 3 0 0 0 3 0 0 0 3 0 0 0 0 1 0 1 0 1 0 0 1 0 0 0 0 0 1 0 2 0 1 0 1 0 2 0 2 1 0 0 1 0 3 0 1 0 3 0 1 0 2 1 0 0 2 0 2 0 1 0 3 0 2 0 0 0 2 0 2 1 0 0 0 0 1 1 0 0 2 0 1 0 2 0 1 0 2 0 1 0 3 0 2 0 2 0 3 0 1 0 2 0 0 1 0 0 1 0 1 0 1 0 0 0 3 0 3 0 3 0 3 0 1 0 2 0 3 0 3 0 2 0 3 0 3 0 2 0 3 0 1 0 3 0 3 0 1 0 1 0 1 0 3 0 1 0 1 0 1 0 2 0 0 0 1 1 0 0 2 0 0 1 0 1 0 0 1 0 0 0 3 0 1 1 0 0 3 0 2 0 0 1 0 0 0 0 3 0 0 0 2 0 0 0 1 0 0 0 2 0 2 0 3 0 2 0 1 0 2 0 1 1 0 0 3 0 3 0 3 0 0 1 0 0 1 0 1 0 2 0 0 0 2 0 2 0 2 1 0 0 1 0 1 0 1 1 0 0 2 1 0 0 3 0 1 0 2 0 2 0 3 0 3 0 0 0 0 0 2 0 1 0 1 0 1 0 2 0 0 0 0 0 2 0 1 0 0 0 3 0 2 0 0 0 2 0 2 0 2 0 0 0 1 0 1 0 3 0 2 0 2 0 0 1 0 0 2 0 0 0 2 1 0 0 3 0 0 1 0 1 0 0 0 0 3 0 2 0 3 0 0 1 0 0 1 1 0 1 0 0 0 0 2 0 2 1 0 0 1 0 3 0 3 0 3 0 3 0 3 0 1 0 1 0 1 0 1 0 1 0 3 0 1 0 1 0 0 0 3 0 3 0 2 0 0 0 1 1 0 0 1 0 1 0 1 0 1 0 0 0 2 0 3 0 2 0 2 0 2 0 2 0 2 1 0 0 1 1 0 0 2 1 0 1 0 1 0 1 0 1 0 0 2 0 1 0 0 0 0 1 0 1 0 0 3 0 2 1 0 0 3 0 0 0 2 0 1 0 2 0 2 0 2 1 0 0 2 1 0 1 0 1 0 0 1 1 0 0 2 0 0 0 0 0 1 0 3 0 3 0 1 1 0 0 2 0 0 1 0 1 0 0 1 0 1 0 3 0 0 0 0 1 0 0 3 0 0 1 0 0 2 0 3 0 0 0 2 0 3 0 1 1 0 0 1 0 3 0 2 0 3 0 0 0 1 0 1 1 0 0 0 0 1 1 0 1 0 0 1 0 1 1 0 0 2 1 0 0 2 0 1 0 0 1 0 1 0 0 3 0 2 0 2 0 1 0 0 0 3 0 0 0 3 0 3 0 0 0 0 0 1 0 3 0 3 0 3 0 1 0 0 0 3 0 2 1 0 0 0 0 0 0 3 0 1 0 1 0 2 1 0 0 1 0 0 0 1 0 3 0 2 0 0 0 1 0 0 0 1 0 3 0 3 0 2 0 0 0 2 0 1 0 0 0 1 0 1 0 1 0 3 0 3 0 3 0 1 0 2 0 1 1 0 0 2 1 0 1 0 0 0 0 1 0 0 0 1 0 0 0 3 0 1 0 2 1 0 0 1 0 1 0 1 0 2 1 0 1 0 0 1 0 0 0 2 0 2 0 3 0 0 0 2 0 2 0 1
1 778 1 0 1 0 0 2 0 3 0 2 0 1 0 0 0 3 0 2 1 0 0 2 0 2 0 1 0 2 0 1 0 1 0 1 1 0 1 0 0 3 0 1 0 0 0 0 0 2 1 0 0 3 0 3 0 0 0 1 1 0 0 3 0 1 1 0 0 2 1 0 0 2 0 0 0 0 0 0 1 0 0 3 0 0 0 2 0 0 0 1 1 0 0 0 0 3 0 3 0 3 0 2 1 0 1 0 0 0 1 0 0 3 0 1 0 1 0 2 1 0 0 0 0 2 0 3 0 1 0 2 0 2 0 1 0 2 0 3 0 3 0 2 1 0 0 1 0 3 0 3 0 1 0 3 0 3 0 1 0 2 1 0 0 3 0 2 0 3 0 2 0 3 0 1 0 3 0 2 0 2 1 0 0 1 0 3 0 3 0 3 0 1 1 0 0 3 0 1 0 1 0 2 0 0 0 0 0 2 0 0 0 2 0 3 0 0 0 1 0 1 1 0 0 1 0 2 0 1 0 0 0 1 0 3 0 0 1 0 0 1 0 0 0 0 0 2 0 3 0 2 0 2 0 3 0 1 0 2 1 0 0 2 0 0 0 1 0 1 1 0 0 2 0 2 1 0 0 0 0 1 0 0 0 1 1 0 0 1 0 1 0 3 0 2 0 1 0 0 1 0 0 3 0 2 0 2 1 0 0 1 0 0 1 0 0 3 0 1 0 2 0 0 0 2 0 0 0 1 0 0 0 1 0 2 0 3 0 2 0 1 0 0 0 2 0 3 0 3 0 1 0 1 0 0 0 1 0 2 1 0 0 3 0 0 0 2 0 1 0 2 0 2 0 3 0 2 1 0 0 3 0 0 0 0 0 1 1 0 0 3 0 2 0 3 0 3 0 3 0 2 0 3 0 2 0 2 0 2 0 3 0 1 0 3 0 2 0 1 0 2 0 3 0 0 0 1 0 3 0 3 0 1 0 2 0 2 0 2 0 1 0 0 0 3 0 1 0 1 0 1 0 1 0 1 1 0 1 0 0 0 0 1 0 0 1 0 1 0 1 0 0 3 0 3 0 2 0 0 0 1 1 0 1 0 0 2 0 2 0 0 0 1 0 1 1 0 1 0 0 1 0 1 0 2 0 0 0 1 0 0 1 0 0 3 0 2 0 3 0 3 0 0 0 0 0 3 0 2 0 2 1 0 1 0 1 0 0 2 1 0 0 3 0 1 0 3 0 1 0 1 0 1 1 0 0 1 0 2 1 0 0 0 0 2 0 2 0 0 0 2 1 0 1 0 0 3 0 2 0 1 0 2 0 1 0 2 0 3 0 2 1 0 1 0 0 0 0 3 0 1 1 0 0 0 0 0 1 0 1 0 0 3 0 1 1 0 1 0 0 2 0 1 0 0 0 3 0 1 0 1 0 2 0 2 0 2 0 1 0 0 0 3 0 2 0 3 0 2 0 3 0 1 0 2 0 1 1 0 0 0 0 1 0 1 0 3 0 3 0 0 1 0 0 2 0 0 0 3 0 2 0 0 0 1 0 2 0 0 0 3 0 2 0 3 0 0 0 1 1 0 0 3 0 0 0 2 0 2 0 3 0 2 0 3 0 2 1 0 0 1 0 0 0 0 0 1 0 0 0 2 1 0 0 2 0 0 0 2 0 1 0 1 1 0 0 1 1 0 0 2 0 2 0 3 0 1 0 0 0 3 0 1 0 1 0 0 0 1 0 2 0 2 0 0 0 0 1 0
1 779 1 1 0 1 0 0 0 0 3 0 0 0 3 0 1 0 2 0 2 0 0 0 0 0 0 1 0 0 0 0 3 0 2 1 0 0 0 1 0 0 1 0 3 0 0 0 1 0 1 0 0 0 2 0 2 0 1 1 0 0 0 0 2 0 0 0 0 0 0 1 0 1 0 0 1 0 0 0 1 1 0 0 1 0 1 1 0 0 1 0 3 0 3 0 0 0 2 0 3 0 3 0 2 0 0 0 3 0 0 1 0 0 1 0 3 0 3 0 0 1 0 0 1 0 0 0 2 1 0 0 1 0 0 1 0 0 1 0 3 0 3 0 1 1 0 0 3 0 2 0 2 1 0 0 3 0 2 1 0 0 2 0 0 0 2 0 1 0 3 0 1 0 2 1 0 0 3 0 1 0 1 1 0 0 3 0 2 0 3 0 3 0 0 0 0 0 1 0 3 0 2 1 0 0 1 0 0 1 0 0 2 0 0 0 2 0 1 0 2 0 3 0 3 0 1 1 0 0 3 0 0 0 3 0 1 0 2 0 3 0 1 0 0 0 1 0 0 0 3 0 1 0 1 0 2 1 0 0 1 1 0 1 0 0 1 0 2 1 0 0 0 0 0 0 1 1 0 0 0 0 2 0 0 0 3 0 3 0 1 0 3 0 2 0 0 0 3 0 1 1 0 0 2 0 1 0 1 1 0 0 2 0 1 1 0 0 1 1 0 0 0 0 1 1 0 0 1 0 2 0 0 0 3 0 0 0 3 0 0 0 3 0 1 0 0 0 3 0 2 0 3 0 2 0 0 0 3 0 1 0 0 0 1 0 1 1 0 1 0 0 1 0 1 0 3 0 2 0 0 0 1 0 1 0 0 1 0 0 0 0 2 0 1 0 3 0 3 0 3 0 1 0 3 0 1 0 1 0 1 0 2 1 0 0 3 0 0 1 0 0 1 0 2 0 1 0 3 0 2 0 2 1 0 0 1 0 1 0 0 0 3 0 1 0 1 0 3 0 2 0 2 0 2 1 0 0 0 0 2 1 0 0 2 0 1 1 0 1 0 1 0 0 2 0 3 0 0 0 1 1 0 0 0 1 0 0 0 0 0 0 1 0 2 1 0 0 0 0 3 0 1 0 2 1 0 0 1 0 2 0 1 1 0 0 2 0 1 0 3 0 2 0 1 0 1 0 2 0 1 0 2 0 0 1 0 1 0 0 1 0 0 0 1 1 0 0 2 0 3 0 2 0 3 0 3 0 2 0 0 1 0 0 1 0 0 0 0 0 2 0 1 0 0 1 0 0 2 0 0 1 0 0 0 1 0 0 1 0 3 0 2 0 0 0 3 0 0 0 1 1 0 1 0 0 0 0 1 1 0 1 0 0 2 0 0 0 0 0 3 0 3 0 2 0 1 0 1 0 3 0 3 0 0 0 1 0 0 0 3 0 1 0 2 0 1 0 3 0 1 0 2 1 0 0 0 1 0 1 0 0 0 0 2 0 3 0 2 0 2 0 2 0 3 0 3 0 1 0 2 0 0 0 1 0 2 1 0 0 2 0 2 0 1 0 2 0 1 1 0 0 0 0 1 0 2 0 0 0 1 0 3 0 1 0 3 0 1 1 0 0 2 0 0 0 0 0 2 0 1 0 0 1 0 1 0 0 1 1 0 0 3 0 3 0 3 0 2 1 0 0 0 0 1 0 2 0 3 0 1 0 1 0 3 0 2 0 0 0 3 0 0 0 0 0 1 0 1 0 2
0 780 1 0 0 0 0 3 0 0 0 1 0 2 0 1 1 0 0 1 0 0 0 1 0 0 0 1 0 3 0 0 0 2 0 1 1 0 0 1 0 3 0 2 0 1 0 1 0 2 0 2 0 1 0 0 0 0 1 0 1 0 0 0 1 0 0 1 0 0 0 1 1 0 0 3 0 1 0 0 0 3 0 3 0 1 0 3 0 3 0 2 0 2 0 2 0 2 0 0 0 3 0 3 0 0 0 2 0 1 0 2 0 3 0 2 0 2 0 2 0 2 0 3 0 1 0 1 0 0 1 0 0 2 0 1 0 3 0 2 0 2 0 3 0 0 0 0 0 2 0 1 0 2 0 0 0 2 0 1 1 0 1 0 0 1 1 0 1 0 0 2 1 0 0 2 0 0 0 1 1 0 0 0 0 0 0 2 0 1 0 3 0 2 0 1 0 0 0 3 0 2 0 1 1 0 0 2 0 1 0 3 0 3 0 0 1 0 1 0 0 1 0 3 0 3 0 0 0 0 0 1 0 2 0 1 1 0 0 1 0 2 0 3 0 0 0 2 0 1 0 1 0 3 0 3 0 0 1 0 1 0 0 0 0 3 0 2 0 0 1 0 0 0 0 0 0 3 0 2 1 0 1 0 0 2 0 2 0 2 1 0 0 3 0 0 0 2 0 1 1 0 1 0 1 0 0 3 0 3 0 3 0 3 0 3 0 3 0 2 0 2 1 0 0 3 0 3 0 1 1 0 0 2 0 1 0 2 0 1 0 2 0 1 0 3 0 1 0 2 0 1 0 3 0 0 0 2 0 1 0 3 0 0 0 2 1 0 0 0 0 3 0 1 0 3 0 2 0 0 0 1 0 2 0 2 0 1 0 2 1 0 1 0 1 0 0 3 0 3 0 2 1 0 0 2 0 3 0 2 0 3 0 1 0 0 0 1 0 2 0 3 0 1 1 0 1 0 0 3 0 1 0 1 1 0 0 2 0 2 0 1 0 1 0 3 0 3 0 2 0 1 0 1 0 1 1 0 0 1 0 1 0 0 0 0 0 0 0 0 1 0 1 0 0 0 0 2 0 1 0 3 0 3 0 0 0 2 1 0 0 0 0 3 0 0 1 0 0 1 0 1 1 0 0 1 1 0 0 2 1 0 1 0 1 0 1 0 1 0 0 3 0 0 0 3 0 2 1 0 1 0 0 0 0 2 1 0 0 3 0 1 0 0 1 0 0 0 0 0 0 3 0 1 0 3 0 3 0 0 0 2 0 3 0 1 0 0 0 0 1 0 0 3 0 1 0 3 0 3 0 1 0 3 0 0 0 3 0 2 0 2 0 0 0 2 0 1 0 1 1 0 0 0 0 2 1 0 1 0 0 0 0 3 0 3 0 0 0 1 0 2 0 3 0 0 0 3 0 3 0 2 0 2 0 1 0 2 0 1 0 1 1 0 0 0 1 0 0 2 1 0 0 1 1 0 0 1 1 0 0 3 0 0 0 0 0 3 0 1 0 1 0 1 0 3 0 2 1 0 0 0 0 1 0 3 0 1 0 0 0 0 0 0 1 0 0 0 1 0 1 0 0 0 0 2 1 0 0 1 0 3 0 1 1 0 0 2 1 0 1 0 1 0 0 1 0 0 1 0 0 3 0 1 1 0 0 3 0 2 1 0 0 2 0 3 0 3 0 1 1 0 0 0 0 3 0 0 0 2 0 3 0 3 0 2 0 0 0 2 0 1 0 1 0 0 0 2 0 3 0 0
0 781 1 0 3 0 0 0 1 0 1 0 2 1 0 1 0 1 0 0 2 0 0 0 2 0 0 0 3 0 1 0 1 1 0 1 0 1 0 0 3 0 2 0 0 0 3 0 3 0 0 0 0 0 3 0 0 0 1 1 0 0 3 0 0 0 3 0 1 0 0 1 0 0 0 0 1 0 3 0 1 0 2 0 2 1 0 0 3 0 3 0 1 0 1 0 1 0 0 0 2 0 2 0 2 0 1 1 0 1 0 0 1 0 3 0 1 0 1 0 1 0 1 0 2 0 3 0 2 0 1 0 3 0 3 0 3 0 2 0 1 0 1 0 2 0 1 0 0 1 0 1 0 0 0 0 2 0 0 0 0 0 0 0 3 0 2 1 0 1 0 0 0 1 0 1 0 0 1 0 3 0 2 1 0 0 0 1 0 1 0 0 3 0 0 0 3 0 1 0 2 0 0 1 0 1 0 1 0 1 0 0 3 0 2 0 2 1 0 0 3 0 2 0 2 0 2 0 1 0 0 0 2 1 0 1 0 1 0 0 3 0 0 0 2 0 1 1 0 0 3 0 3 0 2 0 2 0 2 1 0 0 3 0 0 0 2 0 0 0 2 0 2 1 0 0 1 0 2 0 2 0 0 1 0 0 0 0 1 0 2 0 0 0 1 0 2 0 0 0 0 0 0 1 0 1 0 0 2 0 3 0 3 0 3 0 3 0 3 0 1 0 2 0 0 0 2 0 2 1 0 1 0 1 0 1 0 0 0 1 0 0 0 1 0 0 2 1 0 0 0 1 0 0 2 0 1 1 0 1 0 0 2 0 2 0 0 1 0 0 1 0 1 1 0 0 3 0 0 0 1 0 3 0 0 0 0 1 0 0 2 0 0 1 0 1 0 0 2 0 3 0 2 0 0 0 0 0 3 0 1 0 2 0 3 0 0 0 3 0 0 0 3 0 0 0 0 1 0 0 1 1 0 0 0 0 0 0 0 0 0 0 3 0 3 0 2 0 3 0 0 0 3 0 2 0 3 0 3 0 1 0 2 0 0 0 0 0 0 0 1 1 0 0 2 1 0 1 0 1 0 0 3 0 2 0 2 0 0 1 0 0 1 0 1 0 2 0 3 0 1 0 3 0 3 0 2 1 0 0 1 0 0 1 0 1 0 1 0 1 0 0 1 0 2 0 2 0 2 0 0 0 3 0 0 0 1 0 0 0 1 0 3 0 1 0 2 1 0 0 1 0 1 1 0 0 3 0 2 0 2 0 0 0 2 0 3 0 0 0 1 1 0 0 1 1 0 0 3 0 2 1 0 0 2 0 2 0 2 0 1 0 0 0 1 1 0 0 3 0 3 0 3 0 0 0 1 0 0 0 3 0 0 0 2 0 2 0 1 0 3 0 0 0 2 0 2 0 2 0 3 0 1 0 0 1 0 0 0 0 3 0 3 0 3 0 0 1 0 0 0 1 0 0 3 0 3 0 2 1 0 0 1 0 1 0 1 0 1 0 3 0 2 0 3 0 2 0 1 1 0 0 0 0 3 0 1 0 3 0 0 0 0 0 1 0 3 0 0 1 0 0 3 0 0 0 0 1 0 0 3 0 2 0 0 0 0 0 1 0 0 1 0 0 3 0 1 0 1 1 0 0 2 0 0 0 0 0 2 0 2 0 0 0 0 0 3 0 2 1 0 1 0 0 1 0 1 0 2 0 0 0 3 0 3 0 0 0 1 1 0 0 3 0 2 0 1 0 0 0 2 0 1
1 781 3 0 1 0 1 0 2 0 3 0 1 0 0 1 0 0 3 0 3 0 0 1 0 0 2 0 1 1 0 0 0 0 0 1 0 1 0 0 2 0 0 0 2 0 2 0 2 0 1 0 1 0 1 0 1 1 0 0 0 0 1 0 2 0 1 0 3 0 1 0 2 1 0 0 3 0 1 1 0 0 1 0 2 0 0 0 2 0 2 0 3 0 2 0 2 0 1 0 0 0 1 0 1 0 0 0 0 0 3 0 2 0 1 0 3 0 2 0 2 0 3 0 0 0 3 0 0 1 0 0 3 0 3 0 3 0 0 0 3 0 2 1 0 0 3 0 1 1 0 0 2 1 0 1 0 0 1 0 0 0 1 0 2 0 2 0 0 0 3 0 0 1 0 0 3 0 2 0 2 0 1 1 0 0 1 1 0 1 0 0 1 0 2 0 1 1 0 0 0 0 2 1 0 1 0 1 0 1 0 0 2 0 1 0 2 0 0 0 2 0 1 0 1 0 0 0 3 0 1 0 1 0 0 1 0 1 0 0 1 0 2 0 0 0 0 0 0 0 2 0 3 0 1 0 1 0 2 0 0 0 1 0 1 1 0 0 2 0 0 0 1 1 0 0 3 0 0 0 0 0 2 0 2 1 0 0 2 1 0 0 1 0 2 1 0 0 1 0 0 0 1 1 0 1 0 0 0 0 3 0 3 0 3 0 3 0 2 1 0 0 0 0 2 0 0 0 2 0 0 1 0 1 0 0 3 0 0 0 3 0 0 1 0 0 0 1 0 0 1 1 0 0 0 0 0 0 0 1 0 0 0 0 0 0 2 0 3 0 1 1 0 0 0 0 1 0 1 0 3 0 1 0 1 0 1 0 3 0 3 0 1 1 0 1 0 0 0 0 3 0 0 0 1 0 1 0 1 1 0 0 1 0 2 0 2 0 1 0 2 0 1 0 1 0 1 0 3 0 2 0 2 1 0 0 0 0 0 0 1 0 2 0 3 0 1 0 2 0 2 0 2 0 1 0 3 0 2 1 0 0 0 0 1 0 0 0 0 1 0 0 0 0 1 0 0 1 0 1 0 0 2 0 1 0 0 0 2 0 3 0 1 0 3 0 0 0 2 1 0 0 3 0 3 0 1 1 0 0 2 0 1 1 0 1 0 1 0 0 3 0 2 0 0 0 1 0 0 0 2 0 1 0 1 0 2 0 0 0 3 0 1 1 0 0 1 1 0 0 2 1 0 0 0 0 2 0 1 0 0 0 2 0 0 0 2 0 1 0 3 0 3 0 2 1 0 0 2 0 2 0 0 0 0 0 1 0 0 0 3 0 0 1 0 0 0 0 2 0 3 0 2 0 1 0 2 0 1 0 1 0 2 0 0 0 0 1 0 0 2 0 2 0 0 0 1 0 1 0 2 0 3 0 1 0 3 0 0 0 2 0 3 0 2 0 2 0 3 0 0 1 0 0 2 0 3 0 1 1 0 0 2 0 2 0 2 0 3 0 2 0 1 0 3 0 0 1 0 1 0 0 1 0 1 1 0 0 2 0 1 0 0 0 3 0 1 0 2 1 0 0 1 0 1 0 1 1 0 0 2 0 0 0 1 0 0 0 2 0 1 1 0 0 1 0 3 0 3 0 3 0 3 0 0 0 1 0 0 0 0 0 1 0 1 0 2 0 2 0 0 0 3 0 1 0 2 1 0 0 2 0 2 0 2 0 1 1 0 0 0 0 2 0 0 0 3 0 0 1 0 1 0
1 783 1 0 1 0 3 0 3 0 0 0 2 0 3 0 1 1 0 0 2 0 2 0 2 0 3 0 3 0 3 0 2 1 0 0 1 1 0 0 3 0 3 0 1 0 0 0 1 0 0 0 3 0 2 0 2 0 3 0 2 1 0 0 2 1 0 1 0 0 2 1 0 0 2 0 0 0 1 1 0 1 0 0 2 1 0 0 2 0 0 0 1 0 3 0 1 0 0 0 3 0 0 0 2 0 2 0 0 0 1 0 2 0 0 1 0 0 3 0 1 0 1 0 2 0 2 0 1 0 2 1 0 0 2 0 3 0 2 0 2 0 2 0 2 0 0 0 2 0 0 0 0 0 1 0 0 0 3 0 1 0 0 0 3 0 0 0 0 0 2 0 1 0 2 1 0 0 2 0 1 0 0 1 0 1 0 1 0 0 0 0 3 0 1 1 0 1 0 1 0 0 1 0 1 0 0 1 0 1 0 0 3 0 3 0 2 1 0 0 1 1 0 0 3 0 2 0 1 0 1 0 3 0 2 0 1 1 0 0 3 0 1 1 0 0 1 0 0 0 1 0 0 0 2 0 3 0 2 1 0 0 1 0 2 0 3 0 3 0 3 0 0 1 0 0 0 0 1 0 1 0 1 0 0 0 2 0 0 0 0 1 0 0 3 0 0 1 0 0 2 0 0 1 0 0 0 0 3 0 0 0 2 0 3 0 3 0 3 0 1 1 0 0 0 1 0 0 1 1 0 0 2 1 0 1 0 0 1 0 2 0 1 0 2 0 3 0 0 0 3 0 2 0 2 1 0 0 0 0 1 0 2 1 0 0 1 0 0 0 2 1 0 1 0 0 0 0 2 0 3 0 1 0 3 0 2 0 3 0 2 0 3 0 0 0 0 0 3 0 0 0 1 0 1 0 2 0 2 0 3 0 3 0 2 0 0 0 0 1 0 0 0 0 3 0 2 0 3 0 2 0 1 0 1 1 0 0 0 0 0 0 3 0 0 0 2 1 0 0 1 0 1 0 0 1 0 0 3 0 1 1 0 0 0 0 2 0 0 0 1 0 2 1 0 0 2 0 1 1 0 0 3 0 3 0 2 0 1 0 0 0 2 1 0 0 2 0 2 0 1 0 0 0 2 0 3 0 0 0 0 0 0 0 0 0 0 1 0 1 0 0 2 0 0 0 1 0 2 0 0 1 0 0 3 0 2 1 0 0 2 0 1 1 0 1 0 1 0 0 0 0 0 1 0 0 0 1 0 0 3 0 0 1 0 0 1 1 0 1 0 0 3 0 3 0 2 0 0 0 0 0 0 0 1 0 0 0 2 0 1 0 1 0 2 0 3 0 0 0 0 0 3 0 0 1 0 0 0 0 3 0 2 1 0 0 1 0 1 1 0 0 0 0 0 0 1 0 2 0 3 0 0 0 2 1 0 0 2 0 2 0 0 0 3 0 1 0 1 0 2 0 2 1 0 0 0 0 3 0 0 0 0 0 0 0 1 0 1 0 3 0 0 1 0 0 2 0 2 1 0 0 3 0 1 0 3 0 3 0 3 0 2 0 1 0 1 1 0 0 1 1 0 0 2 0 2 0 3 0 3 0 3 0 0 0 2 0 0 1 0 1 0 1 0 0 3 0 2 0 3 0 3 0 2 0 1 0 2 0 0 0 0 0 2 0 3 0 0 0 0 0 2 0 1 1 0 0 2 0 0 0 0 0 1 0 0 1 0 1 0 0 0 1 0 0 2 0 1 0 2 1 0 0 2
0 783 2 0 3 0 2 0 2 0 2 0 0 0 3 0 0 0 0 0 0 0 1 0 1 0 3 0 3 0 3 0 1 1 0 1 0 0 0 0 2 0 2 0 3 0 0 0 2 0 1 0 2 0 1 0 1 0 3 0 2 0 0 0 1 0 0 1 0 0 0 1 0 1 0 0 1 1 0 0 0 1 0 0 0 1 0 1 0 0 1 0 3 0 1 0 3 0 1 0 1 0 2 0 0 0 0 0 1 0 2 1 0 0 2 1 0 0 1 0 3 0 3 0 0 0 0 1 0 0 2 0 0 0 0 0 3 0 1 0 1 0 1 0 0 0 1 1 0 0 1 0 0 0 2 0 1 0 1 0 3 0 1 0 1 0 1 0 0 1 0 1 0 0 1 1 0 1 0 0 3 0 1 1 0 1 0 0 3 0 0 0 2 0 0 0 0 1 0 0 3 0 1 0 2 0 1 1 0 1 0 0 2 0 3 0 1 1 0 1 0 0 0 0 2 0 0 0 3 0 3 0 2 0 1 0 0 0 0 0 1 1 0 1 0 0 2 0 0 0 2 0 1 0 0 0 3 0 1 1 0 0 3 0 0 0 3 0 3 0 2 0 2 0 2 1 0 0 2 0 2 0 2 0 0 1 0 0 1 0 1 1 0 0 1 0 2 0 3 0 3 0 1 0 3 0 0 0 1 0 2 0 0 0 3 0 3 0 2 1 0 1 0 0 1 0 3 0 2 1 0 0 1 0 0 0 3 0 1 1 0 1 0 0 1 0 2 0 2 0 2 0 1 0 1 1 0 0 0 0 3 0 0 1 0 0 2 0 1 0 1 0 0 0 3 0 0 0 0 0 2 1 0 0 3 0 1 0 3 0 1 0 2 0 1 0 1 0 1 0 1 0 2 0 3 0 0 0 1 0 3 0 3 0 0 0 1 0 1 0 3 0 0 0 2 0 1 0 3 0 0 0 3 0 3 0 2 1 0 0 1 0 1 0 2 0 0 1 0 0 2 0 2 0 1 1 0 0 1 1 0 1 0 0 0 1 0 0 1 0 3 0 1 0 0 0 0 0 0 0 0 0 2 0 3 0 0 0 3 0 1 0 1 0 0 0 0 0 0 0 3 0 1 0 0 0 2 0 1 0 0 0 0 0 0 0 1 1 0 0 3 0 3 0 0 0 2 1 0 0 2 1 0 0 2 0 2 0 0 0 0 0 0 0 0 1 0 0 2 1 0 0 1 0 3 0 0 1 0 0 1 0 2 0 3 0 2 1 0 1 0 0 2 0 3 0 0 0 1 0 0 0 0 0 2 0 0 1 0 0 3 0 3 0 0 0 2 0 1 0 1 0 1 0 2 0 3 0 0 0 2 0 1 1 0 0 2 0 3 0 2 1 0 0 0 0 3 0 0 0 2 0 2 0 1 0 0 0 0 0 0 0 2 0 1 0 3 0 3 0 0 0 1 1 0 0 1 0 1 0 1 0 0 0 0 0 2 0 3 0 1 0 2 1 0 0 0 0 2 0 0 0 1 1 0 0 3 0 3 0 3 0 0 0 3 0 3 0 3 0 2 1 0 0 0 0 1 0 3 0 3 0 2 0 1 1 0 0 2 1 0 1 0 1 0 0 2 0 1 0 3 0 3 0 0 1 0 0 0 0 1 0 1 0 0 0 2 0 1 0 0 1 0 1 0 1 0 1 0 0 1 0 0 0 2 0 1 1 0 0 3 0 0 0 3 0 3 0 3 0 1 0 0 0 0
0 785 1 0 0 0 3 0 1 0 1 0 0 0 2 0 1 0 1 0 0 0 0 0 2 0 3 0 2 0 3 0 3 0 0 0 0 0 3 0 0 0 0 0 1 0 2 0 1 1 0 1 0 0 0 0 3 0 3 0 2 0 0 0 1 0 2 0 1 0 3 0 0 1 0 0 3 0 2 0 3 0 0 0 3 0 0 1 0 0 3 0 2 0 1 1 0 0 2 0 3 0 2 1 0 0 1 0 0 0 3 0 1 0 0 0 0 1 0 0 3 0 2 0 2 0 1 0 1 0 3 0 3 0 0 0 1 0 1 0 3 0 2 0 2 0 0 0 3 0 3 0 1 0 0 1 0 0 3 0 3 0 1 0 3 0 2 0 2 0 1 1 0 0 3 0 2 1 0 1 0 0 2 0 0 0 0 1 0 0 1 0 1 1 0 0 1 0 1 1 0 0 1 1 0 0 1 0 0 0 0 1 0 0 0 0 3 0 0 0 0 0 2 1 0 1 0 0 2 0 2 0 3 0 0 0 3 0 0 0 0 1 0 0 0 0 3 0 3 0 0 1 0 0 3 0 1 0 2 0 0 0 0 0 1 0 2 0 2 0 3 0 1 0 1 0 2 0 0 0 0 0 1 0 0 0 2 0 3 0 1 0 3 0 3 0 2 0 0 0 3 0 2 1 0 0 2 0 1 0 2 1 0 0 2 0 2 0 3 0 2 0 0 0 3 0 2 0 2 0 1 1 0 0 2 0 1 0 2 0 0 0 0 0 3 0 2 0 0 0 1 0 0 0 3 0 3 0 3 0 0 0 1 0 2 0 3 0 3 0 2 0 2 0 1 0 1 0 1 0 1 0 1 0 0 0 1 1 0 0 2 1 0 0 0 0 3 0 2 0 2 0 3 0 0 0 2 0 1 0 3 0 2 0 2 0 1 0 2 0 3 0 1 0 1 1 0 1 0 0 2 0 2 0 2 0 3 0 1 1 0 0 2 0 2 1 0 0 2 1 0 0 0 0 0 1 0 1 0 1 0 0 0 0 3 0 0 0 3 0 2 0 1 0 3 0 0 0 0 0 0 0 1 0 0 0 2 0 2 0 1 0 3 0 2 0 0 0 0 0 1 0 1 0 3 0 0 1 0 0 3 0 0 0 0 0 0 1 0 0 0 0 2 0 2 0 2 0 1 0 0 0 1 0 0 0 0 0 0 0 1 0 0 0 0 0 1 1 0 0 0 1 0 0 3 0 1 0 2 0 3 0 2 0 0 0 3 0 2 0 0 1 0 0 0 0 2 0 1 0 2 0 0 0 0 1 0 0 2 1 0 0 2 0 2 0 1 1 0 0 3 0 2 0 3 0 0 0 2 0 2 0 0 0 0 0 0 0 0 0 3 0 1 1 0 0 1 0 1 0 2 0 0 0 0 0 3 0 0 0 0 0 0 1 0 1 0 0 3 0 2 0 1 0 3 0 3 0 1 0 2 0 2 0 0 0 1 0 0 0 2 1 0 0 1 1 0 0 0 1 0 0 1 1 0 0 0 0 2 0 3 0 2 0 2 0 2 0 3 0 3 0 1 1 0 0 0 0 3 0 2 0 3 0 1 0 0 0 0 0 1 0 0 1 0 0 3 0 3 0 3 0 2 0 2 0 2 0 2 1 0 0 2 0 2 0 0 1 0 0 3 0 1 1 0 1 0 1 0 0 3 0 1 0 1 0 0 0 0 0 0 0 1 0 2 0 2 0 3 0 2 0 3 0 0 0 0
0 785 2 0 1 0 1 0 3 0 2 0 0 1 0 0 3 0 2 0 0 0 1 0 0 0 3 0 1 0 3 0 2 0 1 0 1 0 1 0 1 0 0 0 3 0 0 0 0 0 0 0 3 0 0 0 2 0 3 0 0 0 1 0 2 1 0 1 0 0 2 0 2 1 0 0 2 0 1 0 2 0 2 0 1 0 2 1 0 0 2 0 1 0 0 0 0 0 0 0 3 0 1 1 0 0 2 0 1 0 1 0 3 0 0 0 1 1 0 0 2 0 1 0 0 0 3 0 3 0 2 0 2 0 1 0 2 0 3 0 2 0 1 0 0 0 2 0 2 0 2 0 3 0 1 1 0 0 2 0 2 1 0 0 3 0 1 0 1 0 0 0 0 0 2 0 2 0 0 0 3 0 3 0 0 0 1 0 3 0 1 0 3 0 3 0 1 0 3 0 3 0 2 0 3 0 1 0 0 0 1 0 3 0 0 0 1 0 1 0 1 0 1 0 0 1 0 0 0 0 1 0 2 0 2 0 1 0 1 0 1 0 3 0 0 0 2 0 2 0 2 1 0 0 1 1 0 0 0 0 1 0 0 0 3 0 0 0 1 0 2 0 3 0 2 1 0 0 1 0 0 0 2 0 1 0 0 0 2 1 0 0 3 0 3 0 0 0 2 0 2 0 1 1 0 1 0 1 0 0 2 0 0 0 0 0 1 0 3 0 0 0 2 0 2 0 1 0 0 1 0 1 0 1 0 1 0 0 0 0 1 0 1 0 2 0 0 0 1 0 2 0 1 0 2 0 3 0 2 0 1 0 3 0 0 0 3 0 3 0 1 0 0 0 3 0 2 0 2 0 2 0 2 0 0 1 0 0 0 0 0 1 0 0 1 0 2 0 1 0 1 0 2 0 1 1 0 1 0 0 3 0 1 0 0 1 0 0 1 0 2 1 0 0 0 0 0 1 0 0 0 0 1 0 1 0 3 0 0 0 0 0 0 0 2 0 0 0 0 1 0 0 0 0 1 1 0 1 0 0 3 0 0 0 1 0 2 0 2 0 0 1 0 0 2 0 1 0 0 0 0 0 2 0 1 0 0 0 0 1 0 0 3 0 0 0 1 0 0 0 2 0 3 0 1 0 2 1 0 0 1 0 1 0 0 0 1 0 3 0 0 0 0 0 1 0 0 0 3 0 0 0 2 0 0 0 0 0 0 0 2 0 0 0 0 0 3 0 3 0 0 1 0 0 1 1 0 0 1 0 3 0 0 0 2 0 2 0 0 0 2 0 2 1 0 1 0 1 0 0 0 0 1 0 1 1 0 0 1 0 0 0 0 0 1 0 0 0 0 0 2 0 1 0 2 0 2 0 0 0 0 0 1 0 0 0 0 0 1 0 1 1 0 1 0 0 2 0 2 1 0 0 1 0 1 0 1 0 1 0 0 0 1 1 0 1 0 0 2 0 0 1 0 0 3 0 2 1 0 0 1 0 0 0 1 0 2 0 1 0 0 1 0 0 3 0 3 0 0 0 3 0 2 0 3 0 0 0 0 0 3 0 1 0 1 0 1 0 3 0 2 1 0 1 0 0 1 0 2 0 1 0 2 0 3 0 0 0 0 0 2 0 1 1 0 0 2 0 3 0 3 0 1 0 1 0 1 0 2 0 0 0 0 0 0 0 2 1 0 0 2 0 0 0 0 1 0 1 0 0 1 0 3 0 2 0 0 0 0 0 0 0 3 0 0 0 1 0 3 0 1 0 2 0 1 0 0
0 786 1 0 0 3 0 3 0 2 0 0 0 2 1 0 0 2 0 0 0 1 0 2 0 1 0 1 1 0 0 3 0 0 0 3 0 2 0 2 0 2 0 1 0 1 0 1 0 0 0 1 0 1 0 2 0 0 0 2 0 1 0 3 0 1 0 0 1 0 0 0 0 1 1 0 1 0 1 0 0 1 0 0 1 0 0 1 1 0 1 0 0 3 0 0 0 0 0 1 0 1 1 0 1 0 1 0 0 3 0 3 0 1 0 1 0 3 0 3 0 3 0 2 0 1 0 2 0 3 0 1 0 0 1 0 0 1 0 3 0 0 0 3 0 1 0 0 0 1 0 1 0 3 0 0 0 0 0 0 0 2 0 0 0 1 0 3 0 2 0 0 0 1 0 0 0 0 0 2 0 2 0 2 0 1 0 3 0 1 1 0 0 3 0 2 1 0 0 3 0 3 0 1 0 2 0 3 0 0 0 3 0 1 0 1 0 2 0 2 0 2 0 2 0 1 0 2 1 0 0 3 0 0 0 0 0 3 0 2 0 3 0 1 0 2 0 0 0 1 0 1 1 0 0 3 0 2 1 0 0 2 0 1 0 1 0 1 0 3 0 0 0 3 0 1 1 0 0 2 0 0 1 0 0 3 0 1 0 1 0 0 0 2 0 2 0 2 0 0 0 1 0 0 0 0 1 0 0 3 0 3 0 0 0 0 0 3 0 1 0 2 0 0 0 0 0 3 0 1 1 0 1 0 1 0 0 2 1 0 0 2 0 2 1 0 0 1 0 2 1 0 1 0 0 1 0 3 0 0 1 0 0 2 0 2 0 2 0 2 0 3 0 1 0 2 0 1 0 1 0 1 0 0 0 2 0 2 1 0 0 1 0 3 0 1 1 0 0 3 0 3 0 0 0 0 0 0 1 0 0 1 0 3 0 1 0 3 0 2 0 0 1 0 0 0 0 1 0 2 1 0 0 2 0 3 0 1 0 1 0 0 0 0 1 0 0 1 0 1 0 2 1 0 1 0 0 0 1 0 0 1 0 1 0 3 0 0 0 0 0 2 0 3 0 3 0 2 0 0 0 0 1 0 0 3 0 0 0 1 1 0 0 1 0 1 0 2 0 1 0 0 0 2 1 0 0 1 1 0 0 2 0 2 0 0 0 3 0 1 0 1 0 0 0 2 0 1 0 1 0 1 1 0 0 1 0 0 0 0 1 0 0 1 0 1 0 2 0 2 0 2 0 3 0 2 0 3 0 2 0 1 0 2 0 0 0 0 0 2 0 0 0 2 0 0 1 0 0 2 1 0 0 2 0 3 0 3 0 1 0 0 0 0 0 2 0 0 0 0 1 0 1 0 0 1 0 0 0 1 0 0 0 2 0 0 0 0 0 2 1 0 0 0 1 0 0 0 0 1 1 0 0 2 0 2 0 2 0 2 0 0 1 0 0 0 0 3 0 3 0 1 1 0 0 2 0 1 1 0 0 2 0 0 0 2 1 0 0 3 0 1 1 0 0 2 0 2 0 2 0 2 0 1 0 2 0 1 0 1 0 1 0 3 0 2 0 3 0 2 0 2 0 0 0 3 0 1 1 0 1 0 0 1 0 2 0 1 0 1 0 0 0 0 0 0 0 0 0 3 0 2 0 3 0 2 0 2 1 0 0 1 0 0 0 1 0 0 1 0 1 0 0 1 0 1 1 0 0 3 0 2 0 2 0 0 0 1 0 0 0 1 0 1 0 1 0 3 0 1 1 0 0 0 0 3 0 0
0 787 1 1 0 0 2 0 3 0 0 0 2 0 0 1 0 1 0 0 1 0 2 1 0 1 0 0 0 0 0 0 1 0 2 0 2 0 1 0 1 0 0 0 3 0 2 0 2 0 0 0 2 0 2 1 0 0 1 1 0 1 0 0 2 0 3 0 1 0 2 1 0 1 0 0 0 1 0 0 3 0 1 0 1 0 3 0 2 1 0 1 0 0 1 0 1 0 0 0 2 1 0 0 0 1 0 1 0 0 2 0 2 0 3 0 3 0 2 0 3 0 3 0 0 1 0 0 1 0 2 0 3 0 1 0 3 0 2 0 1 0 2 0 1 0 3 0 0 0 2 0 3 0 1 0 1 0 0 0 0 1 0 0 1 0 3 0 2 0 0 0 1 0 2 0 0 0 1 0 0 0 1 0 0 1 0 0 3 0 0 0 0 0 2 0 2 0 0 0 2 0 2 1 0 0 1 0 2 0 2 0 1 0 3 0 3 0 0 0 1 0 1 0 0 1 0 0 2 0 0 0 1 0 1 0 1 0 2 0 1 0 2 1 0 0 0 0 1 0 2 1 0 0 0 0 2 0 1 1 0 1 0 0 3 0 2 0 3 0 1 0 2 0 1 1 0 1 0 1 0 0 2 1 0 0 1 0 3 0 2 0 1 0 0 0 1 0 0 0 1 0 2 0 0 0 1 1 0 0 2 0 2 0 1 0 1 0 1 1 0 0 0 0 1 0 1 0 2 0 0 0 0 1 0 1 0 0 1 0 0 0 0 0 1 1 0 0 3 0 1 0 0 0 3 0 2 0 1 0 2 1 0 0 0 0 1 0 1 0 1 0 2 1 0 0 0 0 3 0 2 0 2 0 1 0 0 0 1 1 0 0 3 0 2 0 0 0 0 0 2 0 2 0 1 0 0 0 1 0 3 0 2 0 1 1 0 0 3 0 0 0 2 0 2 1 0 0 3 0 1 0 0 0 0 0 2 0 3 0 2 0 0 0 1 0 3 0 1 0 3 0 1 0 0 0 3 0 0 0 3 0 1 0 3 0 1 0 1 0 1 0 0 0 3 0 3 0 0 0 1 0 1 1 0 0 1 0 1 0 3 0 3 0 1 0 2 1 0 0 3 0 1 0 0 1 0 1 0 0 0 0 0 0 0 0 2 0 1 0 3 0 2 0 0 1 0 0 3 0 2 0 3 0 3 0 1 0 0 0 1 0 3 0 1 0 3 0 0 0 1 0 1 0 3 0 1 0 3 0 0 1 0 0 0 0 1 0 0 1 0 0 1 1 0 0 2 1 0 0 1 0 0 0 0 0 3 0 2 0 3 0 0 0 0 1 0 0 1 0 1 1 0 0 3 0 1 0 0 0 2 0 0 1 0 0 1 0 1 0 0 1 0 0 1 0 2 1 0 1 0 0 0 0 0 0 1 0 1 0 0 0 2 0 3 0 0 0 2 0 2 1 0 1 0 1 0 1 0 1 0 1 0 0 2 0 1 0 0 0 2 0 0 0 0 0 0 0 1 0 1 0 0 1 0 0 0 0 3 0 2 0 3 0 2 0 1 0 3 0 1 0 0 0 2 0 2 0 0 0 0 0 3 0 1 1 0 0 3 0 2 0 0 0 0 0 0 0 1 0 2 0 1 0 3 0 1 0 1 1 0 0 2 0 0 0 2 0 1 1 0 0 3 0 1 1 0 0 0 0 2 0 1 0 0 0 1 0 2 0 0 0 2 0 2 0 3 0 1 1 0 1 0 0 1 0 1 0 1
1 788 1 0 0 0 0 0 0 2 0 1 1 0 0 2 1 0 0 3 0 2 0 1 0 0 0 2 1 0 0 0 0 3 0 0 0 0 0 3 0 2 0 1 0 2 0 1 0 0 0 2 0 0 0 1 1 0 1 0 0 0 1 0 0 0 0 2 1 0 0 2 0 0 0 3 0 0 1 0 0 1 0 3 0 3 0 2 0 2 0 0 0 3 0 1 0 2 0 1 0 0 1 0 0 1 1 0 1 0 0 0 0 1 0 3 0 3 0 1 0 3 0 2 0 2 0 3 0 2 0 0 0 2 1 0 0 3 0 0 1 0 0 0 1 0 0 2 0 2 0 0 0 2 0 3 0 2 0 0 0 1 0 3 0 2 0 2 0 0 0 1 0 2 1 0 0 1 0 2 0 0 0 2 0 1 1 0 0 1 0 1 0 1 0 0 0 0 0 2 0 0 0 1 1 0 0 3 0 0 0 0 1 0 0 3 0 2 0 1 0 2 0 2 0 1 0 3 0 3 0 0 0 2 0 2 0 2 1 0 1 0 0 1 1 0 0 0 0 3 0 0 1 0 0 1 0 0 0 0 0 0 1 0 0 2 0 1 0 2 1 0 0 1 0 0 0 0 1 0 1 0 0 0 1 0 0 3 0 2 0 0 0 3 0 0 0 2 0 0 0 2 1 0 0 1 1 0 0 0 0 0 0 0 0 3 0 2 0 3 0 2 1 0 0 2 0 2 1 0 0 1 0 1 1 0 0 3 0 1 0 0 0 0 1 0 0 0 0 1 0 3 0 1 0 2 0 0 1 0 0 1 1 0 0 0 0 2 0 2 0 3 0 0 1 0 0 1 0 2 0 1 0 0 0 3 0 0 1 0 0 0 0 2 0 0 0 1 0 1 0 0 0 0 0 3 0 0 0 3 0 2 0 1 0 0 0 0 0 1 0 2 0 0 0 2 0 0 0 1 0 3 0 0 0 1 0 0 0 3 0 0 0 1 0 3 0 1 1 0 0 2 0 3 0 1 0 1 0 2 0 1 1 0 0 2 0 3 0 2 0 2 0 1 0 2 0 2 0 1 0 2 0 3 0 3 0 1 0 3 0 2 0 2 1 0 0 2 0 0 0 1 0 3 0 1 1 0 0 2 1 0 0 0 0 0 1 0 1 0 0 3 0 0 0 2 1 0 0 2 0 1 0 3 0 2 0 3 0 0 0 3 0 1 1 0 0 2 0 1 0 2 0 3 0 1 1 0 0 2 0 2 0 2 1 0 0 2 0 1 0 3 0 2 1 0 0 0 1 0 0 2 0 0 0 1 0 2 0 1 0 2 0 1 0 1 0 3 0 1 1 0 0 0 0 1 0 3 0 0 1 0 0 2 0 3 0 1 0 2 0 1 0 3 0 2 0 1 0 0 0 2 1 0 0 0 0 2 0 2 0 1 0 0 0 2 0 2 0 0 0 2 0 0 1 0 1 0 1 0 1 0 0 3 0 3 0 2 0 0 1 0 0 1 0 0 0 0 0 2 0 2 0 1 0 3 0 0 0 2 0 1 0 3 0 0 1 0 0 2 0 3 0 1 0 0 0 0 0 1 0 1 0 2 0 0 0 0 0 2 0 0 0 1 0 0 0 0 0 2 1 0 1 0 0 2 0 3 0 3 0 3 0 3 0 1 0 0 0 0 0 0 0 1 1 0 1 0 0 0 1 0 0 3 0 0 0 2 1 0 0 2 0 0 0 1 0 3 0 0 0 0 0 3 0 1 0 2 0 2
0 789 1 0 2 1 0 0 1 0 0 0 0 0 0 0 1 0 0 0 2 0 0 0 3 0 1 0 0 1 0 0 1 0 1 0 1 0 1 0 2 0 0 1 0 0 0 0 3 0 0 1 0 0 1 1 0 0 0 0 3 0 0 0 3 0 0 0 0 1 0 1 0 0 2 0 1 0 2 0 3 0 2 0 2 0 3 0 1 0 0 0 2 0 1 1 0 0 0 0 3 0 1 0 3 0 2 1 0 0 2 1 0 0 3 0 2 0 2 1 0 0 3 0 1 0 1 0 3 0 0 0 2 0 1 0 0 0 1 0 2 0 3 0 0 1 0 0 0 0 0 0 2 0 0 0 3 0 0 0 1 0 3 0 2 0 1 0 0 0 1 0 3 0 0 1 0 0 2 1 0 0 1 1 0 1 0 1 0 0 2 0 2 0 2 0 0 0 0 1 0 0 1 1 0 0 0 0 1 0 1 0 1 1 0 0 2 0 0 1 0 0 1 0 0 1 0 0 3 0 2 0 2 0 0 0 1 0 2 0 0 0 3 0 2 0 3 0 0 0 1 0 2 0 3 0 1 0 0 0 0 0 1 0 3 0 3 0 3 0 0 1 0 0 2 0 0 0 1 1 0 0 3 0 0 1 0 0 2 0 0 0 2 0 1 0 1 1 0 0 2 0 0 1 0 0 3 0 2 1 0 0 0 0 1 0 2 0 1 0 3 0 2 0 0 0 0 0 1 1 0 0 2 1 0 0 0 0 1 0 3 0 0 0 1 0 2 1 0 0 3 0 1 1 0 0 0 0 2 0 3 0 2 0 3 0 0 0 0 0 1 0 2 0 2 0 3 0 1 1 0 0 3 0 1 0 1 0 2 0 2 1 0 1 0 0 1 0 2 0 2 0 0 0 1 0 1 0 2 0 2 0 0 0 3 0 0 0 0 0 2 1 0 0 1 1 0 0 1 0 3 0 1 0 1 0 2 0 1 0 1 0 1 0 3 0 2 0 0 0 0 0 0 0 2 0 3 0 3 0 0 0 0 0 0 0 0 0 3 0 1 0 0 1 0 0 1 0 0 1 0 0 1 0 3 0 2 1 0 0 3 0 1 0 1 1 0 1 0 0 1 0 3 0 2 0 0 0 0 0 0 1 0 0 0 0 1 1 0 1 0 0 1 0 2 0 0 1 0 1 0 1 0 0 3 0 1 0 2 0 2 0 1 1 0 1 0 1 0 1 0 0 1 0 3 0 0 0 0 0 0 0 1 0 1 1 0 1 0 1 0 0 3 0 1 1 0 0 1 0 3 0 3 0 0 0 2 1 0 1 0 0 0 0 3 0 3 0 1 1 0 1 0 0 0 0 3 0 1 0 2 1 0 0 0 0 2 1 0 0 0 1 0 0 3 0 0 0 3 0 1 0 0 1 0 0 1 0 0 0 0 0 3 0 1 0 0 0 0 0 1 1 0 0 2 1 0 1 0 1 0 1 0 0 2 0 3 0 0 0 2 0 3 0 1 0 0 0 1 0 0 0 0 1 0 0 2 0 1 1 0 1 0 0 2 0 2 1 0 0 0 0 2 0 3 0 0 0 0 0 2 0 2 1 0 0 1 0 0 1 0 0 1 0 2 0 0 0 1 0 1 0 0 1 0 0 0 0 3 0 3 0 3 0 2 0 3 0 0 0 0 0 0 1 0 0 0 0 3 0 0 1 0 0 1 0 2 0 0 1 0 1 0 0 1 0 3 0 1 0 1 0 1 0 1 1 0 0 1 0 1
1 789 3 0 0 1 0 0 2 0 0 0 0 0 0 0 2 0 0 1 0 0 2 0 1 0 3 0 1 0 3 0 1 0 2 0 2 0 2 1 0 0 2 0 3 0 0 0 1 0 2 0 3 0 2 0 3 0 0 0 1 0 2 0 1 0 1 0 1 1 0 0 3 0 3 0 3 0 0 0 3 0 1 0 1 0 2 0 3 0 0 1 0 1 0 1 0 0 1 0 1 1 0 0 3 0 2 0 0 0 1 0 0 0 2 0 1 0 2 0 0 0 1 0 3 0 3 0 1 0 1 1 0 0 3 0 0 0 3 0 0 0 2 0 2 0 2 1 0 0 0 1 0 0 2 0 1 0 1 0 3 0 2 0 0 0 3 0 0 0 3 0 1 0 2 1 0 0 0 1 0 1 0 0 0 1 0 1 0 0 0 0 1 0 0 0 1 0 1 0 3 0 2 0 2 1 0 0 2 0 2 0 3 0 3 0 3 0 1 0 3 0 1 0 1 1 0 0 2 0 1 0 0 0 1 0 2 1 0 0 2 0 2 0 1 0 2 0 1 0 3 0 0 0 2 0 3 0 0 0 0 0 3 0 2 0 3 0 2 0 2 0 3 0 3 0 0 1 0 0 0 0 1 0 2 0 3 0 3 0 0 1 0 0 3 0 3 0 3 0 3 0 1 1 0 0 2 0 1 1 0 0 0 0 2 1 0 1 0 0 3 0 0 0 1 0 0 1 0 0 0 0 0 1 0 0 0 0 3 0 1 0 1 0 3 0 1 0 0 0 1 1 0 1 0 0 1 0 0 0 3 0 1 0 2 0 1 0 0 0 3 0 0 0 1 0 3 0 0 0 0 0 1 0 3 0 3 0 0 0 2 0 0 0 3 0 2 0 0 0 0 0 1 0 2 0 3 0 0 0 0 0 2 0 1 0 1 0 1 0 0 1 0 0 3 0 3 0 2 0 1 0 3 0 2 1 0 0 3 0 2 0 3 0 2 0 0 0 1 0 0 0 1 0 0 0 3 0 2 0 1 0 0 0 0 0 1 0 1 0 3 0 1 0 3 0 1 0 1 0 3 0 2 0 2 0 2 0 0 0 1 1 0 0 0 0 0 0 3 0 2 0 2 0 0 0 1 0 0 0 1 0 2 1 0 1 0 0 0 0 3 0 1 1 0 0 2 1 0 1 0 1 0 0 1 1 0 0 1 0 1 0 0 0 0 1 0 1 0 0 3 0 2 0 1 0 1 0 0 0 0 0 2 1 0 0 0 1 0 1 0 0 1 1 0 1 0 0 3 0 2 0 2 0 2 0 1 0 0 0 3 0 0 0 2 0 3 0 0 0 0 0 3 0 0 0 1 1 0 0 1 1 0 0 1 0 0 1 0 0 1 1 0 0 1 0 2 0 1 0 3 0 1 0 3 0 1 0 0 0 1 0 1 0 3 0 0 0 0 1 0 0 0 0 1 0 0 1 0 1 0 1 0 0 0 0 2 0 2 0 0 0 2 0 3 0 0 0 2 0 0 0 1 1 0 0 0 0 0 0 0 1 0 0 0 0 1 1 0 0 1 0 0 0 2 0 1 0 1 0 0 0 1 1 0 0 2 0 1 0 3 0 1 1 0 0 1 0 2 0 2 0 1 0 3 0 0 0 2 0 3 0 3 0 1 0 2 0 1 0 0 0 1 0 3 0 0 0 1 0 2 0 3 0 1 1 0 0 2 1 0 0 3 0 2 0 1 0 3 0 2 0 2 0 3 0 3 0 1 0 2
0 791 1 0 1 0 2 0 3 0 3 0 0 0 0 0 0 1 0 0 2 0 3 0 3 0 3 0 1 1 0 0 2 1 0 0 1 0 1 0 2 0 0 0 0 0 2 0 1 0 3 0 0 0 3 0 1 0 2 0 1 0 2 1 0 0 3 0 2 1 0 0 0 0 2 0 3 0 2 0 2 0 1 0 3 0 3 0 0 0 2 0 2 1 0 1 0 0 3 0 1 1 0 0 0 0 2 0 0 0 1 0 2 0 0 1 0 1 0 0 0 0 1 0 3 0 2 0 2 1 0 0 0 0 0 0 1 0 2 0 1 0 2 0 0 0 1 0 1 1 0 0 1 0 3 0 3 0 2 0 3 0 2 0 0 0 2 0 1 0 2 0 1 1 0 0 1 1 0 0 1 1 0 0 3 0 0 1 0 0 2 1 0 0 2 0 0 0 2 0 3 0 2 0 1 0 2 0 0 0 0 0 1 0 3 0 3 0 2 1 0 0 2 0 3 0 3 0 3 0 3 0 2 0 0 0 3 0 1 0 0 0 0 0 0 1 0 0 0 1 0 0 2 0 2 0 0 0 2 0 1 0 1 0 2 0 1 0 3 0 1 0 1 0 3 0 2 0 2 0 2 1 0 0 3 0 0 0 3 0 2 0 2 1 0 0 2 0 3 0 3 0 2 1 0 1 0 1 0 1 0 1 0 0 1 0 1 0 0 1 0 0 1 0 1 0 2 0 1 0 2 1 0 0 1 0 3 0 0 0 1 0 3 0 3 0 1 0 3 0 0 1 0 0 0 0 3 0 1 0 1 0 1 1 0 0 0 0 3 0 1 0 1 0 1 0 3 0 1 0 1 0 0 0 3 0 2 0 2 0 1 1 0 0 2 0 2 0 0 0 1 0 0 0 3 0 0 0 2 0 1 0 0 1 0 0 3 0 2 0 2 0 1 1 0 0 2 0 3 0 0 1 0 0 3 0 2 0 0 0 2 0 1 0 3 0 0 0 1 0 2 0 0 0 2 0 1 0 2 0 0 0 3 0 0 0 0 0 2 0 3 0 1 1 0 0 2 0 3 0 3 0 2 0 1 0 1 0 0 0 1 0 3 0 2 1 0 0 1 0 2 0 1 0 0 0 1 0 2 0 0 0 3 0 1 0 0 0 3 0 0 0 2 0 0 0 0 0 1 0 0 1 0 0 3 0 2 0 3 0 1 0 2 0 0 0 1 1 0 1 0 0 2 0 0 0 3 0 2 0 0 0 1 0 0 1 0 0 1 1 0 0 3 0 2 1 0 1 0 0 2 0 1 0 1 0 0 0 3 0 1 0 1 0 2 0 0 0 2 0 1 0 1 0 1 0 1 0 3 0 3 0 2 0 3 0 1 0 1 0 3 0 2 0 3 0 1 1 0 1 0 0 2 1 0 0 2 0 3 0 0 0 2 0 3 0 1 0 1 0 1 0 2 1 0 0 2 0 1 1 0 1 0 0 3 0 0 0 0 0 0 0 2 0 0 0 2 0 1 1 0 0 1 0 3 0 2 1 0 0 0 0 1 0 2 1 0 0 3 0 3 0 1 0 0 1 0 0 3 0 2 0 0 0 3 0 3 0 3 0 3 0 1 1 0 1 0 0 3 0 0 0 0 1 0 0 2 0 2 0 0 0 3 0 2 1 0 0 0 0 3 0 0 0 3 0 1 0 1 0 3 0 0 0 3 0 0 0 0 0 1 0 0 0 2 0 0 1 0 0 3 0 1 0 1 0 3 0 2 1 0 0 1
1 791 2 0 3 0 0 0 3 0 2 0 1 0 0 0 1 1 0 0 0 0 3 0 3 0 3 0 0 0 0 0 0 1 0 0 2 0 2 1 0 0 1 0 0 1 0 1 0 0 2 0 2 0 1 1 0 0 0 1 0 0 2 0 0 0 2 0 1 1 0 0 1 0 0 0 3 0 1 0 0 1 0 0 3 0 2 0 2 0 0 0 2 0 0 1 0 0 1 1 0 1 0 0 0 1 0 0 1 0 2 1 0 0 2 1 0 0 2 1 0 0 3 0 2 0 1 0 1 1 0 0 0 0 0 0 2 1 0 1 0 0 0 0 1 0 2 0 3 0 3 0 2 0 2 0 3 0 1 0 3 0 0 0 1 1 0 1 0 0 0 1 0 1 0 0 3 0 3 0 2 1 0 0 1 0 2 1 0 0 0 1 0 1 0 0 2 0 0 0 3 0 0 1 0 0 0 0 1 0 0 0 3 0 2 0 3 0 2 0 0 0 0 0 3 0 3 0 3 0 3 0 0 0 2 0 1 0 3 0 0 0 0 0 1 0 3 0 0 1 0 0 0 0 0 0 1 1 0 0 3 0 2 1 0 1 0 0 2 0 3 0 3 0 2 0 1 0 1 0 2 0 0 0 1 0 2 0 2 0 1 0 2 0 0 0 0 0 3 0 3 0 2 0 0 1 0 1 0 1 0 0 3 0 1 0 2 0 1 0 3 0 1 0 2 1 0 1 0 0 1 1 0 0 3 0 1 0 1 0 3 0 2 0 2 1 0 0 2 0 2 0 3 0 0 0 1 0 3 0 2 0 3 0 3 0 0 0 1 0 3 0 2 0 3 0 1 0 3 0 2 0 1 0 2 0 1 0 1 0 0 0 0 0 0 0 0 0 1 0 2 0 1 0 1 0 1 1 0 0 3 0 1 1 0 0 2 0 1 0 1 0 0 0 0 0 0 0 2 0 2 1 0 0 2 0 0 0 1 1 0 1 0 0 2 0 1 0 2 1 0 0 1 1 0 1 0 0 0 0 2 0 1 0 1 0 1 0 0 0 3 0 0 0 0 0 0 0 3 0 3 0 0 0 3 0 2 0 0 0 3 0 2 0 1 1 0 0 2 1 0 0 3 0 0 0 2 1 0 0 2 0 1 0 3 0 1 0 1 0 1 1 0 0 1 0 0 0 2 0 1 1 0 0 2 0 1 0 2 1 0 0 0 0 1 1 0 0 0 0 3 0 3 0 1 0 2 0 0 0 1 0 2 0 1 0 3 0 2 1 0 0 2 0 2 0 0 0 3 0 3 0 2 0 2 0 1 0 1 0 3 0 2 1 0 0 1 1 0 0 3 0 2 0 2 0 3 0 2 0 3 0 1 0 2 0 3 0 3 0 2 0 1 0 3 0 0 0 0 1 0 0 1 0 0 0 0 0 2 0 2 0 0 0 2 0 3 0 2 0 3 0 1 0 0 0 0 0 0 0 0 1 0 0 1 0 1 0 0 0 0 1 0 0 1 1 0 1 0 1 0 0 3 0 2 0 1 1 0 0 0 0 3 0 1 0 0 0 2 0 2 0 3 0 1 1 0 0 2 0 0 0 2 0 2 0 3 0 3 0 3 0 0 0 0 1 0 0 1 0 1 0 1 1 0 0 0 0 0 0 2 0 2 0 1 1 0 0 1 0 1 0 2 0 1 0 3 0 3 0 1 0 2 0 1 0 1 0 0 0 2 0 0 1 0 0 2 1 0 0 1 0 3 0 3 0 2 0 1 1 0 0 2
0 793 1 0 0 0 2 0 2 0 2 0 0 0 3 0 0 0 3 0 3 0 0 0 2 0 3 0 2 0 1 0 0 0 1 1 0 0 0 0 1 1 0 0 2 0 1 1 0 1 0 0 0 0 0 1 0 1 0 0 1 0 3 0 3 0 0 1 0 1 0 1 0 0 2 0 1 0 1 0 3 0 1 1 0 0 2 0 1 0 0 0 1 1 0 0 2 0 3 0 2 1 0 0 3 0 0 0 3 0 2 0 1 0 0 0 1 0 0 0 1 0 0 0 2 0 0 0 3 0 3 0 2 1 0 0 1 0 1 0 0 0 2 1 0 0 3 0 0 0 3 0 3 0 1 0 1 0 2 1 0 0 2 0 1 1 0 0 0 0 3 0 0 1 0 1 0 0 2 0 3 0 1 1 0 0 3 0 0 1 0 0 1 1 0 0 3 0 3 0 1 0 1 0 2 0 2 1 0 0 2 0 1 0 2 0 1 0 3 0 0 0 1 0 1 0 2 0 3 0 3 0 2 0 1 1 0 1 0 0 2 0 1 0 0 0 3 0 1 0 2 0 2 1 0 0 0 1 0 0 0 0 2 0 2 0 0 1 0 0 0 0 3 0 3 0 0 0 3 0 2 1 0 0 1 0 3 0 0 0 0 1 0 0 0 0 1 0 1 0 2 0 3 0 0 0 2 1 0 1 0 1 0 0 1 1 0 0 0 1 0 0 2 1 0 0 2 0 0 0 3 0 2 1 0 0 1 0 3 0 3 0 2 0 1 0 2 0 0 0 0 0 1 0 2 0 1 0 3 0 2 0 1 0 3 0 2 0 1 0 3 0 2 0 1 0 2 1 0 0 3 0 0 1 0 0 0 0 3 0 2 0 0 0 0 0 0 0 0 0 2 1 0 0 3 0 2 1 0 0 0 0 1 1 0 1 0 1 0 0 3 0 2 0 0 0 0 0 1 0 0 0 1 1 0 1 0 0 1 1 0 0 0 0 3 0 3 0 3 0 0 1 0 1 0 0 0 0 2 1 0 1 0 0 3 0 2 0 2 0 1 0 1 0 1 0 0 0 1 0 2 0 2 0 2 0 2 0 0 0 2 0 2 0 1 0 0 0 0 0 1 0 0 0 1 0 2 0 0 1 0 1 0 1 0 0 2 0 3 0 2 0 3 0 3 0 1 0 0 1 0 1 0 1 0 1 0 1 0 0 1 1 0 0 0 0 3 0 3 0 0 0 2 0 2 1 0 0 0 0 1 0 2 1 0 1 0 0 3 0 2 0 0 0 0 0 0 0 2 0 2 0 3 0 1 0 0 0 3 0 3 0 2 0 1 1 0 1 0 0 0 0 2 0 1 0 1 0 3 0 1 0 2 1 0 0 1 0 3 0 3 0 0 1 0 0 2 0 1 0 1 0 3 0 1 0 0 0 1 0 0 0 0 0 2 0 0 0 3 0 1 0 2 0 3 0 0 0 0 0 0 0 1 0 3 0 1 0 2 0 0 0 1 0 3 0 2 1 0 1 0 1 0 0 2 0 0 1 0 1 0 0 1 0 1 0 3 0 1 0 0 0 1 0 2 1 0 1 0 1 0 0 2 0 0 0 1 0 3 0 3 0 2 0 1 0 1 0 3 0 1 0 2 0 3 0 2 1 0 0 1 0 0 0 0 1 0 1 0 0 2 0 2 1 0 1 0 0 3 0 2 1 0 0 0 0 3 0 2 0 0 1 0 0 2 1 0 0 0 1 0 0 3 0 2 0 3 0 1 0 0 0 0 0 0
0 793 2 0 1 0 0 0 1 0 0 0 2 0 1 0 2 0 2 0 2 0 2 0 0 0 3 0 0 0 3 0 0 0 3 0 2 1 0 1 0 0 0 0 0 0 0 0 0 0 2 1 0 0 1 1 0 0 3 0 2 0 2 0 2 0 2 1 0 1 0 0 3 0 3 0 2 0 3 0 1 1 0 1 0 1 0 0 3 0 0 1 0 0 0 0 0 0 3 0 2 0 0 0 1 0 2 0 2 0 0 0 3 0 0 0 2 0 0 0 2 0 0 1 0 0 2 0 2 0 3 0 1 1 0 0 2 0 2 0 1 0 1 0 0 0 1 0 2 0 2 0 2 0 3 0 3 0 0 1 0 1 0 1 0 1 0 0 1 0 1 0 2 1 0 1 0 0 0 0 3 0 0 0 0 0 1 0 2 0 3 0 2 1 0 0 2 0 2 0 3 0 3 0 0 0 1 1 0 1 0 1 0 0 0 1 0 0 2 0 1 0 2 0 3 0 0 0 3 0 3 0 1 0 0 0 0 0 3 0 3 0 2 0 1 0 1 1 0 0 1 0 1 1 0 0 1 0 3 0 0 0 0 0 0 0 2 0 3 0 0 0 2 0 2 0 2 0 2 0 1 1 0 0 3 0 1 0 1 0 1 0 2 1 0 0 2 0 3 0 0 0 2 0 2 0 1 0 0 1 0 0 3 0 2 0 3 0 0 1 0 0 0 1 0 1 0 0 2 0 2 0 1 1 0 0 3 0 2 0 3 0 0 1 0 0 0 0 1 0 0 0 2 1 0 1 0 0 3 0 0 1 0 0 3 0 0 1 0 0 3 0 0 1 0 0 2 0 0 0 1 0 2 0 3 0 0 0 2 0 0 0 1 0 0 0 0 0 1 0 1 0 0 0 2 0 1 1 0 0 0 1 0 0 0 1 0 1 0 0 2 0 0 0 1 0 0 0 2 0 0 1 0 0 0 0 3 0 2 0 3 0 0 0 2 0 3 0 2 0 2 1 0 0 3 0 0 0 1 0 0 1 0 0 2 0 1 0 0 0 3 0 2 0 2 0 0 0 3 0 0 0 1 0 1 0 0 0 2 0 0 0 0 0 3 0 0 0 0 0 2 0 0 0 2 1 0 0 2 1 0 1 0 1 0 0 0 0 3 0 1 0 3 0 2 0 3 0 1 1 0 1 0 1 0 1 0 0 3 0 2 0 3 0 0 0 2 0 2 0 2 0 0 0 1 1 0 0 0 0 3 0 1 0 0 1 0 0 2 0 0 0 1 0 0 0 1 0 0 0 1 0 2 0 3 0 1 0 2 0 3 0 1 0 0 0 0 0 2 1 0 1 0 0 3 0 3 0 1 1 0 0 1 1 0 0 3 0 2 0 2 0 2 0 3 0 3 0 2 0 3 0 1 0 3 0 0 0 2 0 0 0 0 1 0 0 2 0 1 1 0 0 1 0 2 0 1 0 0 0 0 0 3 0 1 1 0 0 0 0 1 0 3 0 2 0 2 0 0 1 0 0 3 0 3 0 1 1 0 0 3 0 1 0 3 0 1 0 3 0 0 0 3 0 1 0 0 1 0 0 3 0 3 0 0 0 3 0 2 0 3 0 0 0 3 0 3 0 1 1 0 0 1 0 3 0 1 1 0 0 2 0 0 0 1 1 0 1 0 0 0 0 2 0 0 1 0 0 2 0 1 1 0 0 1 0 2 0 0 0 2 1 0 0 0 1 0 0 1 1 0 0 2 0 1 0 2 0 3 0 0 0 0 0 0
0 794 1 0 0 3 0 0 0 2 0 0 1 0 1 0 0 1 0 1 0 1 0 0 0 2 0 1 0 2 0 1 0 2 0 2 0 2 0 0 0 2 1 0 0 0 0 0 0 1 0 0 1 0 1 0 0 0 0 2 0 1 0 1 0 1 0 2 0 0 1 0 0 2 0 3 0 1 0 3 0 0 0 0 1 0 1 0 0 1 0 2 0 2 1 0 0 1 0 2 0 0 0 1 0 3 0 0 0 0 0 2 0 1 0 1 1 0 0 1 1 0 0 2 1 0 0 0 0 1 0 3 0 0 0 0 0 0 0 0 0 3 0 2 0 0 0 3 0 0 0 1 0 1 0 3 0 2 0 2 1 0 1 0 1 0 0 3 0 1 0 3 0 1 0 0 0 3 0 0 0 1 0 1 0 0 0 3 0 0 0 3 0 2 0 0 0 0 0 1 0 3 0 2 0 1 1 0 0 0 1 0 0 3 0 0 0 3 0 3 0 3 0 0 0 2 0 2 0 2 0 2 0 3 0 0 0 1 0 2 0 3 0 0 0 3 0 3 0 3 0 1 0 3 0 3 0 2 0 1 0 1 0 0 0 1 0 0 0 2 0 2 0 0 0 1 0 1 0 1 0 0 0 0 0 1 0 3 0 2 0 3 0 1 0 0 0 0 0 2 0 2 0 0 0 0 0 3 0 1 1 0 0 2 0 1 0 2 0 2 0 3 0 0 1 0 1 0 0 0 0 1 0 0 0 0 0 2 0 1 0 2 0 2 0 2 1 0 0 2 0 1 0 1 0 0 1 0 0 1 0 2 1 0 0 1 0 2 1 0 0 1 0 2 0 3 0 3 0 0 0 3 0 0 0 2 0 1 1 0 0 1 0 2 0 0 0 0 0 2 0 2 0 0 1 0 1 0 1 0 0 1 0 3 0 0 1 0 0 3 0 3 0 0 0 2 0 0 1 0 0 2 0 3 0 0 0 2 0 1 0 2 0 2 0 0 0 3 0 1 0 2 0 0 0 1 0 1 0 2 0 1 0 3 0 3 0 2 0 1 0 2 0 1 0 0 0 2 0 1 0 1 0 2 0 2 0 0 1 0 0 1 0 1 0 1 0 1 0 0 1 0 0 2 0 1 0 0 0 1 0 0 1 0 0 3 0 0 0 1 1 0 0 3 0 1 0 3 0 0 0 0 1 0 1 0 1 0 0 2 0 1 0 2 0 2 0 0 0 1 0 0 0 1 0 3 0 3 0 0 0 1 0 3 0 1 0 3 0 3 0 0 0 2 0 0 0 2 0 0 0 3 0 0 0 2 1 0 0 1 0 2 0 3 0 0 0 1 0 1 0 0 1 0 0 2 0 2 1 0 1 0 1 0 0 0 0 2 0 1 0 1 0 1 0 3 0 3 0 1 0 2 1 0 0 2 0 1 1 0 0 1 0 1 0 3 0 3 0 3 0 3 0 1 1 0 0 3 0 0 0 1 0 1 1 0 1 0 0 0 0 3 0 2 0 1 0 0 0 2 1 0 0 2 0 3 0 0 0 0 0 1 1 0 0 2 1 0 0 2 0 2 0 1 0 3 0 1 1 0 0 2 0 2 0 2 0 2 0 1 0 2 0 2 0 2 0 2 1 0 1 0 0 3 0 1 1 0 1 0 1 0 0 1 1 0 0 0 0 2 1 0 1 0 0 2 0 3 0 3 0 3 0 3 0 1 1 0 0 2 0 0 1 0 0 1 0 3 0 2 0 3 0 3 0 3 0 0 0 2 0 1 0 0 0 0
0 795 1 1 0 0 1 0 1 1 0 0 2 1 0 0 3 0 1 0 2 0 2 0 0 1 0 1 0 0 0 1 0 0 1 0 1 0 0 0 2 0 0 1 0 0 0 0 0 0 2 0 1 1 0 0 2 1 0 1 0 0 3 0 2 0 2 1 0 0 2 1 0 0 0 0 2 1 0 0 2 0 1 0 1 1 0 0 3 0 2 0 0 0 1 1 0 0 2 1 0 0 1 0 3 0 1 0 1 0 0 1 0 0 3 0 3 0 3 0 2 1 0 0 0 1 0 0 0 0 3 0 1 0 1 0 0 0 0 0 1 0 2 0 0 0 2 0 1 0 1 0 2 0 3 0 2 0 1 0 2 0 0 1 0 1 0 0 1 1 0 0 2 0 3 0 1 0 1 0 1 0 2 0 2 0 1 0 1 0 2 0 2 0 0 0 1 0 0 0 3 0 2 0 0 1 0 1 0 0 1 1 0 0 1 0 2 0 2 0 3 0 2 0 2 0 0 0 1 0 1 0 1 0 2 0 1 0 3 0 0 0 2 0 2 0 2 0 3 0 2 1 0 0 3 0 3 0 0 0 3 0 2 0 0 0 2 0 1 0 0 0 0 0 1 0 2 0 2 0 2 0 0 0 0 0 3 0 2 0 1 0 2 0 3 0 0 0 1 0 0 0 0 0 1 0 1 0 1 1 0 1 0 1 0 1 0 0 1 0 1 0 2 0 2 1 0 0 2 1 0 0 2 0 0 0 0 1 0 1 0 0 1 0 1 0 1 1 0 1 0 0 3 0 2 0 1 0 3 0 2 0 0 1 0 0 3 0 0 1 0 0 3 0 0 0 3 0 2 0 2 0 1 0 1 1 0 1 0 1 0 0 2 1 0 0 1 0 1 0 0 0 0 0 2 1 0 1 0 0 3 0 2 0 1 0 2 1 0 0 2 0 2 0 1 1 0 0 2 1 0 0 0 0 2 0 1 1 0 1 0 0 1 0 0 0 2 0 1 1 0 0 0 0 1 0 2 0 2 1 0 1 0 0 3 0 3 0 0 1 0 0 0 0 3 0 0 1 0 0 3 0 3 0 0 0 0 0 2 0 3 0 1 0 2 0 2 0 2 0 1 0 3 0 3 0 2 0 0 0 2 0 1 1 0 0 1 0 1 1 0 0 0 0 1 1 0 0 2 0 1 0 1 1 0 1 0 0 3 0 3 0 3 0 0 0 0 0 1 0 2 0 0 0 3 0 2 0 2 0 1 0 3 0 1 1 0 0 3 0 2 0 1 1 0 0 1 1 0 0 2 0 1 0 2 0 0 1 0 0 3 0 0 0 2 0 1 0 2 0 2 0 1 1 0 0 0 0 2 0 0 1 0 0 2 1 0 1 0 0 3 0 2 0 3 0 2 0 2 1 0 0 1 1 0 1 0 1 0 1 0 0 2 0 3 0 2 0 3 0 3 0 3 0 0 0 0 0 1 0 1 0 2 1 0 0 0 0 3 0 0 0 2 0 0 0 3 0 1 0 1 0 0 0 0 0 2 0 1 0 0 1 0 0 0 0 1 0 0 0 0 0 0 1 0 0 3 0 0 0 0 0 0 0 1 0 1 0 0 1 0 0 1 0 1 0 1 0 2 0 0 1 0 0 2 0 0 0 0 1 0 0 3 0 2 0 3 0 0 0 1 0 0 1 0 0 0 0 3 0 3 0 3 0 2 1 0 1 0 1 0 0 2 0 3 0 2 0 2 0 1 0 3 0 3 0 2 0 1 1 0 0 3 0 0 0 0
0 795 3 0 3 0 1 1 0 0 0 0 1 0 0 0 1 1 0 0 1 0 0 0 2 1 0 0 3 0 0 0 3 0 1 0 2 0 0 1 0 0 2 0 2 1 0 0 1 0 0 0 0 0 0 0 1 0 0 1 0 0 2 0 1 0 2 0 0 0 0 1 0 0 1 0 0 1 0 1 0 1 0 0 0 0 0 0 2 0 0 0 1 1 0 0 0 0 0 1 0 0 3 0 1 0 3 0 2 0 1 1 0 0 2 0 3 0 3 0 1 1 0 0 1 0 3 0 0 0 1 0 3 0 2 0 0 0 0 0 2 1 0 0 1 1 0 0 3 0 3 0 0 0 3 0 0 1 0 0 0 0 2 1 0 0 3 0 2 1 0 0 0 0 2 0 3 0 2 0 3 0 0 0 0 0 3 0 3 0 0 0 0 0 1 0 2 0 1 0 2 0 0 0 2 1 0 0 3 0 2 0 3 0 2 0 0 0 1 0 3 0 1 0 0 0 1 0 2 0 2 0 2 1 0 1 0 0 2 0 2 0 0 0 1 0 1 0 3 0 2 0 0 0 2 0 2 0 2 0 2 0 0 0 1 1 0 0 3 0 0 0 0 0 3 0 0 0 1 0 0 0 1 0 1 0 2 0 0 1 0 0 1 0 2 0 1 0 2 0 0 0 0 0 2 0 2 1 0 0 0 1 0 1 0 0 3 0 1 0 3 0 0 0 2 0 0 0 0 1 0 1 0 0 1 0 1 1 0 0 3 0 1 0 2 1 0 0 0 1 0 0 2 0 0 1 0 0 3 0 0 0 2 1 0 0 1 0 2 1 0 0 1 0 2 0 2 0 1 0 0 1 0 0 0 0 0 1 0 1 0 0 0 1 0 0 2 0 2 0 0 0 1 0 1 0 0 1 0 0 2 0 0 1 0 0 2 0 0 0 0 0 1 0 0 0 0 0 0 1 0 0 1 0 0 0 0 0 0 0 3 0 1 0 0 1 0 1 0 1 0 0 0 0 3 0 0 0 2 0 0 1 0 0 2 0 2 0 2 0 3 0 0 0 1 0 2 1 0 0 2 0 2 0 1 0 1 0 0 0 2 1 0 0 1 0 1 0 0 1 0 0 3 0 3 0 0 0 1 1 0 1 0 1 0 0 2 0 3 0 2 1 0 0 3 0 3 0 3 0 2 1 0 0 0 1 0 0 2 0 3 0 2 0 1 0 0 0 2 1 0 0 2 0 2 0 1 0 0 1 0 0 3 0 0 0 0 0 2 0 0 1 0 1 0 0 3 0 3 0 3 0 2 1 0 0 2 1 0 0 1 0 1 1 0 1 0 0 1 0 0 1 0 1 0 0 0 1 0 0 2 1 0 0 1 0 0 1 0 0 2 0 1 0 3 0 1 0 1 1 0 1 0 0 0 1 0 1 0 1 0 0 0 0 3 0 1 0 3 0 3 0 2 0 1 0 0 0 2 0 3 0 0 1 0 0 1 0 1 0 1 1 0 0 2 0 1 0 3 0 2 0 0 0 0 1 0 0 3 0 1 0 2 1 0 0 2 0 0 0 0 0 1 1 0 0 1 0 1 0 0 0 0 0 2 0 2 0 1 0 3 0 1 0 2 0 2 1 0 0 2 0 3 0 3 0 0 0 1 1 0 0 2 0 1 0 2 0 1 0 2 0 1 0 3 0 0 0 2 0 3 0 3 0 2 0 0 1 0 1 0 0 0 0 3 0 1 0 0 1 0 0 3 0 3 0 1 0 0 0 0 0 1 0 1 0 0
0 797 1 0 2 0 2 1 0 1 0 0 0 0 2 0 0 0 3 0 3 0 1 0 1 0 1 0 0 0 1 0 2 0 1 1 0 0 0 0 2 1 0 0 0 0 1 1 0 0 2 0 0 0 0 0 0 0 2 0 1 0 3 0 3 0 2 1 0 0 1 0 1 0 3 0 1 0 1 1 0 1 0 0 2 1 0 0 0 1 0 0 1 0 3 0 2 1 0 0 1 1 0 0 1 1 0 0 3 0 1 0 0 0 0 0 0 0 3 0 2 1 0 1 0 0 3 0 1 0 1 0 3 0 2 0 0 0 1 0 1 0 0 1 0 1 0 0 0 0 2 0 2 0 2 0 1 0 2 0 3 0 0 0 1 0 0 0 2 0 1 1 0 0 1 0 0 0 3 0 1 0 2 0 1 0 1 0 2 0 2 0 1 0 0 0 2 1 0 1 0 0 0 0 2 0 1 0 0 0 2 0 1 0 3 0 0 0 1 0 3 0 1 0 3 0 0 0 3 0 0 0 1 0 2 0 0 1 0 0 0 0 0 0 1 0 2 0 3 0 2 0 0 0 2 0 0 0 1 0 1 0 0 0 1 1 0 0 0 0 1 0 1 0 1 0 1 0 1 0 2 0 0 0 2 0 2 1 0 0 2 0 3 0 1 1 0 1 0 0 0 0 1 0 1 0 0 0 1 1 0 0 1 1 0 1 0 0 1 1 0 0 2 0 1 1 0 0 1 0 1 1 0 0 3 0 1 1 0 0 0 0 1 1 0 0 1 1 0 0 1 0 3 0 3 0 1 1 0 0 1 0 2 0 0 1 0 0 3 0 0 1 0 0 3 0 0 0 0 0 3 0 1 0 2 1 0 0 1 1 0 0 3 0 0 1 0 0 0 0 0 0 1 0 2 0 2 0 1 0 3 0 3 0 1 0 3 0 3 0 0 0 0 0 2 0 0 0 0 0 1 0 3 0 1 0 0 0 0 0 1 0 1 0 3 0 1 1 0 1 0 0 3 0 0 0 1 0 1 1 0 0 2 1 0 0 0 0 1 0 1 0 2 0 1 0 3 0 1 0 0 0 0 0 0 0 3 0 2 0 1 0 0 1 0 0 2 0 2 0 1 1 0 0 2 0 2 0 1 1 0 0 0 1 0 1 0 0 0 0 3 0 2 0 0 0 2 0 3 0 3 0 1 1 0 0 1 1 0 0 0 0 3 0 0 0 3 0 1 0 1 0 0 0 0 0 0 0 3 0 1 1 0 0 1 0 1 0 0 1 0 0 2 1 0 1 0 0 2 0 3 0 3 0 2 0 0 0 0 1 0 0 2 1 0 0 0 0 3 0 1 0 1 1 0 0 3 0 0 1 0 0 0 1 0 0 2 0 1 0 3 0 3 0 3 0 1 1 0 0 0 0 0 0 3 0 0 1 0 1 0 0 3 0 0 0 1 1 0 0 3 0 3 0 0 0 3 0 1 0 0 0 2 0 2 0 3 0 1 0 2 0 3 0 3 0 3 0 3 0 2 0 0 0 1 0 1 1 0 0 1 1 0 0 1 1 0 1 0 0 1 0 0 0 3 0 3 0 1 0 2 0 0 0 1 0 0 0 0 1 0 0 2 1 0 0 1 0 2 0 0 0 0 0 3 0 2 0 1 0 3 0 3 0 3 0 2 1 0 1 0 0 0 1 0 0 2 0 2 0 0 0 3 0 3 0 0 0 2 1 0 0 3 0 0 0 1 0 3 0 1 1 0 0 2 0 2 0 3 0 0 0 0 0 2 0 2 0 0
0 797 3 0 0 0 2 0 0 0 2 1 0 1 0 0 2 0 2 0 2 0 3 0 2 0 2 0 0 0 2 1 0 1 0 1 0 0 1 0 0 1 0 0 0 0 3 0 3 0 3 0 0 0 0 0 0 1 0 1 0 0 3 0 3 0 1 1 0 0 2 0 3 0 1 1 0 0 0 0 0 1 0 0 0 1 0 0 1 0 3 0 2 0 2 0 1 1 0 0 3 0 3 0 2 1 0 0 1 0 3 0 0 0 0 0 1 0 2 0 2 0 0 1 0 0 1 0 3 0 3 0 2 0 0 0 1 0 2 0 2 0 1 1 0 0 3 0 0 0 0 0 1 0 0 1 0 0 1 0 2 0 1 0 2 0 0 1 0 1 0 1 0 0 2 0 1 0 1 1 0 0 0 0 3 0 3 0 0 0 0 0 3 0 1 0 1 0 0 0 2 1 0 1 0 0 3 0 0 1 0 1 0 0 2 0 1 0 3 0 1 1 0 0 2 0 2 0 1 0 1 0 2 1 0 0 2 0 2 1 0 0 0 0 3 0 0 0 3 0 0 0 1 1 0 0 1 0 2 0 2 0 0 0 3 0 2 1 0 0 2 0 2 0 2 0 2 0 2 1 0 0 2 0 0 0 2 0 0 0 0 0 3 0 0 0 0 0 2 1 0 0 2 0 2 0 0 0 3 0 3 0 2 1 0 0 3 0 2 0 3 0 3 0 3 0 3 0 1 1 0 0 0 0 1 1 0 1 0 0 0 0 3 0 3 0 2 0 3 0 2 0 2 0 2 1 0 1 0 0 2 1 0 0 2 1 0 0 1 0 2 1 0 0 1 0 1 0 1 0 1 1 0 0 1 1 0 1 0 0 0 0 1 0 2 0 2 1 0 0 0 0 3 0 0 0 0 1 0 0 3 0 2 1 0 0 3 0 2 0 1 0 0 1 0 0 1 0 0 0 3 0 1 0 3 0 0 0 0 0 2 0 3 0 2 0 0 0 0 1 0 0 1 0 1 0 2 1 0 0 0 0 0 1 0 0 0 0 2 0 2 1 0 1 0 0 2 0 3 0 0 0 0 0 1 0 2 0 0 0 3 0 1 1 0 0 0 0 1 0 0 0 0 0 0 0 0 1 0 1 0 0 1 1 0 0 3 0 0 0 2 0 0 0 2 0 0 0 3 0 2 1 0 1 0 0 3 0 3 0 0 0 1 0 2 0 1 0 3 0 2 0 0 0 0 0 1 0 1 1 0 1 0 0 2 0 2 0 1 1 0 0 1 0 0 1 0 0 0 0 3 0 3 0 0 0 1 0 1 1 0 0 0 1 0 0 1 0 1 1 0 0 0 0 0 0 1 0 2 0 3 0 0 0 3 0 3 0 3 0 2 0 3 0 2 1 0 1 0 0 0 0 1 0 1 0 2 1 0 1 0 0 1 0 1 1 0 0 0 0 2 0 2 0 2 0 1 0 3 0 1 0 0 0 1 0 2 1 0 0 1 0 3 0 3 0 3 0 3 0 0 0 1 0 2 0 3 0 3 0 2 0 3 0 2 1 0 0 3 0 1 0 1 0 2 0 2 1 0 0 0 0 1 0 2 0 0 0 1 1 0 0 0 1 0 0 2 1 0 0 1 0 1 0 2 0 0 1 0 0 3 0 3 0 3 0 2 0 0 0 3 0 0 1 0 0 0 0 0 0 2 0 2 0 2 0 2 0 1 0 0 0 1 0 1 0 3 0 2 0 0 0 0 0 0 0 1 0 2 0 1 0 1 0 0 0 0 0 1
1 799 1 0 1 0 1 1 0 0 2 0 1 0 0 1 0 0 0 0 1 0 1 0 3 0 1 0 0 0 2 0 1 0 0 1 0 0 3 0 1 0 1 0 3 0 0 0 2 0 3 0 2 0 1 0 0 0 1 1 0 1 0 0 2 0 3 0 0 0 0 0 0 0 2 1 0 1 0 0 0 0 1 0 3 0 0 0 3 0 2 0 2 0 1 0 1 0 0 0 0 0 2 0 3 0 1 1 0 0 3 0 1 0 1 0 0 0 3 0 0 0 0 0 2 0 3 0 2 0 2 0 3 0 0 0 1 0 3 0 0 0 1 0 0 0 0 0 1 0 1 0 0 0 2 0 1 0 3 0 1 1 0 1 0 0 0 0 2 1 0 1 0 0 3 0 3 0 2 0 3 0 3 0 0 0 2 0 2 0 1 0 1 0 1 0 3 0 2 0 1 0 1 0 0 1 0 0 1 0 2 1 0 0 3 0 3 0 3 0 2 0 0 0 0 0 0 0 0 0 3 0 3 0 1 0 0 0 0 0 1 1 0 0 1 0 1 0 2 0 1 0 1 0 3 0 3 0 2 0 0 0 0 0 2 0 2 0 2 0 0 0 0 0 1 0 1 0 1 0 1 1 0 1 0 0 1 1 0 0 1 0 1 0 1 0 1 0 1 0 1 0 0 0 0 0 0 0 2 0 2 0 3 0 2 0 0 0 2 0 1 0 3 0 3 0 3 0 2 1 0 1 0 0 0 1 0 0 0 0 3 0 0 0 2 0 3 0 1 0 3 0 1 0 1 0 2 0 0 1 0 0 1 0 0 0 0 1 0 0 3 0 0 1 0 0 2 0 2 0 2 0 3 0 3 0 2 1 0 0 2 1 0 0 3 0 0 0 1 1 0 0 1 0 1 0 1 0 1 1 0 0 2 0 2 0 0 0 2 0 0 0 3 0 1 0 3 0 1 0 1 0 1 1 0 0 2 0 1 0 1 0 0 0 3 0 0 0 1 0 1 0 3 0 1 0 3 0 0 1 0 0 0 0 1 0 3 0 0 0 0 0 2 0 0 1 0 0 0 0 2 0 1 0 0 0 2 1 0 0 2 0 1 1 0 1 0 0 0 0 2 0 0 0 0 0 0 0 1 1 0 0 3 0 2 1 0 0 1 0 1 1 0 0 1 1 0 0 2 0 2 0 2 0 0 1 0 0 2 0 2 0 1 0 2 1 0 1 0 0 3 0 0 0 1 0 0 0 2 1 0 0 0 1 0 0 0 0 0 1 0 1 0 0 2 0 1 0 3 0 0 0 2 0 2 0 1 0 2 0 3 0 3 0 0 0 3 0 1 0 3 0 2 1 0 0 0 0 3 0 0 0 2 0 2 0 2 0 3 0 3 0 1 0 3 0 2 0 0 0 2 1 0 0 2 0 3 0 1 0 0 0 3 0 1 0 3 0 3 0 0 0 0 0 1 0 0 1 0 0 2 0 3 0 0 0 3 0 0 1 0 0 3 0 2 0 3 0 3 0 2 0 1 0 3 0 0 0 3 0 3 0 1 0 3 0 2 0 0 0 1 0 3 0 3 0 0 0 1 1 0 0 0 0 2 1 0 0 1 0 3 0 3 0 0 1 0 0 0 1 0 0 2 0 2 1 0 0 2 1 0 0 2 0 3 0 3 0 0 0 2 0 1 0 2 0 2 1 0 0 1 0 0 0 1 0 1 0 0 0 3 0 0 0 2 0 3 0 2 0 0 0 1 0 0 0 0 0 2 1 0 0 3 0 2 0 0 0 0 0 2
0 799 2 0 2 0 3 0 3 0 3 0 2 0 1 0 2 1 0 0 2 0 3 0 1 0 3 0 0 1 0 0 3 0 1 1 0 0 1 0 3 0 3 0 1 0 2 0 0 0 3 0 0 0 3 0 0 1 0 0 0 1 0 0 0 0 2 0 1 0 0 0 1 0 1 0 0 0 2 1 0 0 3 0 1 0 2 0 2 0 1 0 0 0 3 0 2 0 0 0 1 0 0 0 3 0 0 0 0 0 1 0 3 0 2 0 1 0 1 0 1 0 1 0 0 0 3 0 1 0 1 0 2 0 1 0 3 0 1 0 1 0 2 0 0 0 0 0 2 0 2 0 0 1 0 1 0 0 3 0 0 0 0 0 3 0 0 0 1 0 0 1 0 0 2 0 3 0 1 0 3 0 2 0 2 0 0 0 0 0 3 0 2 0 3 0 2 0 0 0 3 0 2 0 1 0 3 0 2 0 1 0 0 0 2 0 3 0 3 0 0 0 1 0 0 0 0 0 1 0 2 0 2 0 3 0 0 0 0 0 3 0 3 0 1 0 2 1 0 0 3 0 3 0 2 0 3 0 0 0 1 0 1 0 0 0 1 0 0 0 1 0 0 0 2 0 2 0 2 1 0 0 0 0 3 0 2 0 3 0 1 0 2 0 2 0 2 0 2 0 2 0 0 0 0 0 1 0 0 0 1 0 3 0 0 0 1 1 0 1 0 0 3 0 3 0 3 0 2 0 0 0 3 0 0 0 3 0 0 0 1 0 2 0 0 0 2 1 0 0 2 0 3 0 2 1 0 0 2 0 3 0 1 0 0 0 1 1 0 0 1 0 2 1 0 0 0 0 1 0 1 0 3 0 3 0 2 0 0 0 1 0 0 0 1 0 1 0 3 0 3 0 1 0 2 0 2 1 0 0 0 0 0 0 0 0 1 1 0 0 2 0 1 1 0 0 2 0 3 0 2 0 3 0 3 0 3 0 2 0 2 0 1 0 1 0 1 0 2 0 3 0 1 1 0 0 2 0 2 0 2 1 0 0 3 0 1 0 1 0 0 1 0 0 2 0 2 1 0 1 0 0 3 0 1 0 1 0 0 0 0 0 0 0 0 0 2 1 0 1 0 0 1 0 0 0 0 1 0 0 0 0 2 0 1 1 0 0 2 0 3 0 3 0 2 1 0 0 0 0 1 0 0 0 2 1 0 0 0 0 0 1 0 0 2 0 0 1 0 0 1 0 1 0 2 0 1 0 0 1 0 0 1 0 2 1 0 0 1 1 0 0 3 0 3 0 3 0 1 0 2 0 0 0 0 1 0 0 1 0 3 0 2 0 2 0 1 1 0 0 3 0 1 1 0 0 1 0 1 0 2 0 0 0 1 0 1 0 3 0 2 1 0 0 3 0 0 0 2 0 1 0 0 0 0 0 2 0 3 0 1 0 1 1 0 0 3 0 2 0 1 0 0 0 2 0 1 1 0 0 0 0 2 0 2 0 1 0 2 1 0 0 2 0 1 0 3 0 3 0 0 1 0 0 2 0 2 0 2 0 2 1 0 0 3 0 0 0 1 0 3 0 2 0 2 0 1 0 3 0 3 0 0 0 0 1 0 0 3 0 2 0 2 0 2 0 3 0 0 1 0 0 0 0 2 0 0 0 1 0 0 0 0 0 3 0 2 0 1 1 0 1 0 0 1 0 1 1 0 0 2 0 0 0 2 0 2 0 1 0 1 0 2 0 0 0 3 0 0 0 1 0 2 0 0 0 1 0 1 0 0 0 2 0 0 0 1 0 1 0 0
0 801 1 0 0 0 1 0 3 0 3 0 3 0 0 1 0 0 2 0 0 0 0 0 2 1 0 0 2 0 2 1 0 0 1 1 0 1 0 0 3 0 2 0 2 1 0 0 0 0 2 0 1 0 2 0 1 0 2 0 3 0 0 0 2 1 0 1 0 0 3 0 0 0 2 0 2 0 1 0 1 0 0 0 1 1 0 0 1 0 0 0 3 0 1 0 2 0 0 0 1 0 2 0 1 0 1 0 1 0 0 0 3 0 2 0 0 0 3 0 2 0 2 0 2 0 1 0 1 0 3 0 2 1 0 1 0 0 2 0 3 0 2 1 0 0 1 0 1 0 0 0 0 0 2 1 0 1 0 0 1 0 1 0 1 0 1 0 1 0 2 0 1 1 0 0 0 0 2 1 0 0 3 0 1 0 0 0 1 0 1 0 2 0 1 0 3 0 0 0 2 0 2 0 0 1 0 0 3 0 0 0 3 0 1 0 0 0 3 0 2 0 1 0 2 0 0 0 0 0 3 0 0 0 1 0 2 0 1 0 1 0 2 0 2 1 0 0 2 0 0 0 2 0 3 0 1 0 2 0 1 0 2 0 2 0 0 0 2 0 0 0 2 0 1 0 0 0 1 0 1 1 0 0 1 0 2 0 1 0 2 1 0 0 1 0 1 0 1 0 1 0 0 0 1 0 0 0 2 0 0 0 3 0 1 0 1 1 0 0 0 1 0 0 2 0 3 0 3 0 0 0 2 0 1 0 2 0 1 0 1 0 2 1 0 0 2 0 1 0 0 0 0 0 3 0 2 0 0 0 0 0 2 0 3 0 0 0 3 0 3 0 2 0 0 1 0 0 0 0 2 0 3 0 2 0 3 0 0 0 1 0 2 0 0 0 2 0 3 0 2 0 2 1 0 0 1 0 1 1 0 0 0 0 0 0 0 1 0 0 0 0 0 0 0 0 0 0 0 0 3 0 1 0 3 0 3 0 3 0 1 0 0 0 3 0 2 0 3 0 0 0 3 0 0 0 0 0 0 0 1 0 2 0 0 0 1 0 3 0 2 0 1 1 0 0 0 0 2 0 0 1 0 0 1 0 3 0 2 0 0 0 0 0 0 0 1 0 1 0 0 0 3 0 1 0 0 0 1 0 3 0 0 0 0 0 0 0 0 0 0 0 3 0 3 0 1 1 0 0 0 0 2 0 1 0 0 1 0 0 0 0 1 0 3 0 3 0 1 0 3 0 1 0 2 1 0 0 3 0 1 0 3 0 2 0 0 1 0 1 0 0 0 0 2 0 3 0 2 1 0 0 0 0 1 0 1 0 3 0 2 0 2 0 1 0 1 0 0 0 0 0 1 1 0 1 0 0 2 0 2 1 0 0 1 0 2 0 3 0 2 0 2 0 0 0 1 0 1 1 0 0 3 0 0 0 1 0 0 0 2 1 0 0 0 0 0 0 2 0 0 0 3 0 0 1 0 1 0 1 0 0 1 0 0 0 0 1 0 0 1 1 0 1 0 1 0 0 3 0 2 0 2 1 0 0 0 0 1 0 1 0 2 0 0 0 1 0 1 0 3 0 2 0 1 0 0 1 0 0 3 0 2 0 1 0 1 1 0 0 2 0 1 0 1 0 1 0 2 0 2 0 2 1 0 1 0 0 1 0 2 0 0 0 1 0 2 0 1 0 0 0 0 0 3 0 1 0 3 0 3 0 3 0 1 0 0 0 0 0 3 0 2 1 0 0 2 0 1 0 1 0 2 1 0 0 1 0 2 0 2 0 0 1 0 0 1 0 2 0 2 0 0
0 801 2 0 0 0 3 0 2 0 3 0 2 0 2 0 3 0 3 0 0 0 1 0 1 0 0 0 0 0 1 1 0 1 0 0 0 1 0 0 2 0 1 0 1 1 0 0 0 1 0 1 0 0 0 1 0 0 1 0 2 0 2 0 1 0 0 1 0 0 1 0 2 0 0 0 0 0 3 0 2 0 0 0 3 0 3 0 1 0 1 0 1 1 0 0 0 0 1 0 2 1 0 0 3 0 2 0 2 0 1 0 2 0 0 0 2 0 2 0 1 0 1 0 0 0 3 0 3 0 2 0 2 0 0 1 0 0 0 0 3 0 1 1 0 0 2 0 2 0 0 0 1 0 1 0 0 0 3 0 1 0 2 0 2 0 2 0 2 1 0 1 0 1 0 0 1 0 1 0 0 0 1 0 3 0 0 0 2 0 2 1 0 1 0 0 2 0 2 0 0 0 0 0 2 1 0 0 1 0 2 0 1 0 3 0 1 0 2 0 0 1 0 0 0 0 1 0 1 0 1 0 1 0 2 1 0 0 3 0 3 0 0 0 1 1 0 1 0 0 2 0 0 0 2 1 0 0 0 1 0 0 1 0 0 0 1 1 0 0 1 1 0 0 3 0 0 0 2 0 3 0 3 0 1 1 0 1 0 0 1 1 0 0 2 0 2 0 2 0 2 0 0 0 2 0 0 1 0 0 2 0 1 0 3 0 3 0 3 0 0 1 0 0 0 0 3 0 2 0 1 1 0 1 0 0 0 0 3 0 3 0 0 1 0 1 0 0 3 0 0 0 1 0 2 0 0 0 1 0 1 0 0 0 2 0 2 0 2 0 3 0 0 0 2 0 3 0 0 0 0 0 3 0 1 0 2 0 1 0 2 1 0 0 2 0 0 0 3 0 1 0 1 1 0 0 2 0 3 0 2 1 0 0 0 0 1 0 2 1 0 0 0 0 0 0 0 0 1 0 1 1 0 0 3 0 3 0 2 0 3 0 1 0 2 0 1 0 2 0 2 0 1 0 1 0 0 0 0 0 2 1 0 0 1 0 3 0 2 0 0 1 0 1 0 0 0 1 0 0 2 0 3 0 2 0 2 0 0 0 1 0 0 0 0 0 2 0 2 0 1 0 1 0 3 0 0 0 3 0 1 0 1 0 0 0 0 0 0 0 1 0 2 0 2 1 0 1 0 0 0 1 0 0 3 0 1 0 2 1 0 0 3 0 2 0 2 1 0 0 2 1 0 0 2 0 0 0 1 1 0 0 3 0 0 0 2 1 0 0 3 0 0 0 0 0 3 0 1 1 0 0 0 0 2 0 3 0 2 0 1 0 0 0 3 0 2 0 0 0 0 1 0 0 0 1 0 0 0 0 1 1 0 0 3 0 0 0 3 0 1 0 0 0 1 0 2 1 0 0 0 0 1 0 1 0 2 0 1 0 0 1 0 0 0 0 0 1 0 0 2 0 1 0 2 1 0 1 0 0 3 0 1 0 0 0 1 0 3 0 2 1 0 1 0 1 0 0 2 0 1 0 1 1 0 0 0 0 2 0 2 1 0 0 1 0 2 0 3 0 2 0 0 0 3 0 1 1 0 0 2 0 0 0 3 0 3 0 3 0 3 0 2 0 2 0 3 0 0 0 1 0 2 0 0 0 3 0 1 1 0 0 1 0 2 1 0 0 3 0 0 0 1 0 1 1 0 0 3 0 3 0 2 0 3 0 0 0 1 0 2 0 1 1 0 1 0 0 3 0 3 0 0 1 0 0 3 0 0 0 0 0 2 0 3 0 2 0 0 0 0 0 1
1 802 1 0 0 2 0 2 0 1 0 3 0 1 0 1 0 3 0 2 0 1 0 2 0 2 0 0 0 0 1 0 0 0 0 3 0 0 0 3 0 3 0 2 0 3 0 3 0 0 1 0 0 3 0 0 0 3 0 2 0 0 0 0 0 3 0 1 0 3 0 1 1 0 0 1 0 1 0 2 0 0 0 2 0 2 0 2 0 3 0 2 0 3 0 2 1 0 0 3 0 1 0 0 0 2 0 1 0 0 1 0 0 0 0 2 0 0 0 0 0 3 0 2 0 1 0 2 0 3 0 1 0 0 0 2 0 3 0 0 0 2 0 0 0 0 0 0 0 0 0 1 0 2 0 2 0 1 0 1 1 0 0 1 0 1 0 1 0 2 0 0 1 0 0 3 0 1 0 2 0 0 0 3 0 1 0 2 0 0 0 2 0 0 1 0 0 0 0 0 0 1 0 1 0 0 1 0 0 2 1 0 1 0 0 2 1 0 0 0 0 2 0 2 1 0 0 2 0 2 0 2 0 3 0 1 0 0 0 2 0 2 0 1 1 0 0 0 0 3 0 3 0 1 0 0 1 0 0 1 0 3 0 1 0 0 0 3 0 3 0 2 1 0 0 1 0 2 0 0 0 3 0 3 0 0 0 0 0 3 0 2 1 0 0 0 0 1 0 1 0 0 0 1 1 0 0 2 0 3 0 3 0 3 0 2 0 3 0 2 0 2 0 3 0 0 0 2 0 1 0 0 0 0 0 3 0 0 0 2 0 2 0 2 1 0 1 0 0 1 0 1 0 2 1 0 0 1 0 2 0 2 0 1 0 0 0 1 0 1 0 2 0 2 0 0 0 2 0 1 0 1 0 1 1 0 0 0 1 0 0 1 1 0 1 0 0 2 0 1 1 0 0 0 0 0 0 0 0 3 0 1 1 0 0 0 0 3 0 0 1 0 0 0 0 0 0 0 0 2 1 0 0 0 0 2 0 3 0 1 0 2 1 0 0 0 1 0 0 1 0 0 0 3 0 2 0 0 0 1 0 0 1 0 0 3 0 2 0 0 0 2 1 0 0 3 0 0 1 0 0 0 0 3 0 1 0 0 0 1 0 2 0 0 0 1 0 0 0 0 0 3 0 3 0 1 0 2 0 1 0 3 0 2 0 0 0 0 0 0 0 3 0 0 0 2 0 0 0 3 0 0 1 0 0 1 1 0 0 2 0 0 0 2 0 1 0 2 0 0 0 0 1 0 1 0 0 1 1 0 0 0 0 1 0 2 0 1 0 0 0 1 0 1 0 1 0 1 1 0 1 0 0 1 0 0 0 3 0 0 0 3 0 1 0 2 0 0 0 1 0 1 0 3 0 0 0 2 1 0 1 0 0 0 0 1 0 2 0 1 0 3 0 0 0 3 0 0 1 0 0 0 0 2 0 2 1 0 0 3 0 1 0 2 1 0 0 1 0 3 0 3 0 3 0 1 0 0 1 0 0 1 0 3 0 0 0 3 0 2 0 2 0 0 1 0 0 3 0 3 0 2 0 3 0 3 0 0 0 0 0 1 1 0 0 3 0 0 0 3 0 0 0 2 0 1 1 0 1 0 1 0 0 2 0 2 0 3 0 3 0 3 0 1 0 1 0 2 0 1 0 2 1 0 0 2 0 1 1 0 1 0 0 3 0 1 0 0 0 1 0 1 0 2 1 0 0 0 0 2 0 3 0 1 0 2 0 1 0 3 0 0 0 0 0 0 1 0 0 2 0 2 0 2 1 0 0 1 0 1 0 1 0 0 0 3 0 0 0 1 0 0 0 2
0 803 1 1 0 0 0 0 0 1 0 0 2 0 3 0 3 0 2 0 0 1 0 0 1 0 0 0 1 0 1 0 3 0 0 0 1 0 2 0 2 0 3 0 1 0 3 0 2 0 2 1 0 0 1 0 2 0 2 0 0 0 1 0 1 0 1 1 0 0 2 1 0 1 0 0 2 0 2 1 0 0 2 0 0 0 1 0 1 0 3 0 1 0 3 0 2 0 0 0 1 0 3 0 0 1 0 0 3 0 1 0 2 1 0 1 0 0 1 0 1 0 2 0 0 1 0 0 1 0 2 0 3 0 1 0 0 0 2 0 1 1 0 0 1 0 0 0 0 0 0 0 3 0 0 0 0 0 3 0 3 0 3 0 1 0 2 0 2 1 0 0 2 1 0 0 1 1 0 0 0 0 2 0 1 1 0 0 0 0 1 1 0 0 2 0 2 1 0 0 0 0 2 0 2 0 1 1 0 0 1 0 0 1 0 0 0 1 0 0 1 0 0 0 2 0 0 0 0 0 1 0 1 0 2 0 3 0 1 0 0 0 0 1 0 1 0 0 1 0 2 0 2 0 3 0 1 0 3 0 2 0 1 0 3 0 1 0 2 0 3 0 1 1 0 0 2 1 0 0 2 0 2 0 2 0 1 0 1 0 2 0 1 1 0 0 0 0 2 0 2 0 0 1 0 0 0 0 0 0 3 0 3 0 3 0 1 0 3 0 1 0 1 0 2 0 1 1 0 0 3 0 0 0 1 0 1 0 2 0 0 0 1 0 2 0 0 0 3 0 1 0 3 0 0 1 0 0 3 0 0 0 0 0 3 0 0 0 2 0 3 0 0 0 0 0 1 1 0 0 3 0 2 0 3 0 3 0 0 0 3 0 2 1 0 0 3 0 3 0 3 0 2 1 0 0 0 0 1 0 1 1 0 1 0 0 1 0 1 0 2 0 2 1 0 0 0 0 1 0 0 1 0 0 1 0 0 0 2 1 0 0 1 1 0 0 1 0 3 0 1 0 1 0 2 0 0 0 1 0 2 0 1 1 0 0 2 0 0 0 2 0 1 0 0 0 1 0 2 0 3 0 0 0 1 0 3 0 0 0 2 1 0 0 1 0 2 0 0 0 1 0 2 0 2 1 0 0 0 1 0 0 3 0 0 0 1 0 0 0 1 0 1 0 1 1 0 0 2 0 1 0 2 0 3 0 2 0 3 0 3 0 0 1 0 1 0 0 0 0 1 0 1 1 0 0 3 0 2 0 2 1 0 0 2 1 0 0 3 0 0 0 2 0 2 0 2 1 0 0 0 0 3 0 1 0 1 0 1 0 2 0 1 1 0 0 0 0 1 0 2 0 3 0 1 0 2 0 1 0 0 0 2 1 0 0 2 1 0 1 0 0 2 0 2 0 1 0 2 0 3 0 0 0 0 0 2 0 0 0 1 1 0 0 1 1 0 0 3 0 2 0 3 0 2 0 3 0 1 0 3 0 2 0 1 0 2 0 2 0 1 0 0 0 2 1 0 0 2 0 3 0 1 0 3 0 2 0 1 0 0 1 0 0 0 0 1 0 2 0 1 0 2 0 0 0 0 0 0 1 0 1 0 0 0 0 1 0 3 0 3 0 2 0 3 0 2 1 0 1 0 0 2 0 0 0 0 0 0 0 0 1 0 0 1 0 3 0 0 0 2 0 3 0 0 1 0 0 1 0 0 0 2 1 0 0 0 1 0 0 2 0 1 0 0 0 1 1 0 0 0 0 1 0 1 1 0 0 2 0 2 0 2 0 1 0 1 0 1 0 2 0 1 0 0
0 803 3 0 2 1 0 0 1 1 0 0 0 0 3 0 3 0 0 0 2 0 3 0 1 0 0 0 2 0 3 0 1 0 1 0 3 0 0 0 1 0 2 1 0 0 3 0 1 0 1 1 0 0 3 0 0 0 0 0 1 0 2 0 2 1 0 0 0 0 1 0 0 1 0 0 0 0 1 1 0 1 0 0 1 0 2 0 3 0 1 1 0 0 3 0 0 0 1 0 3 0 1 0 2 1 0 0 1 1 0 0 2 0 0 0 3 0 1 0 2 1 0 0 2 0 3 0 2 0 0 0 2 0 3 0 0 1 0 1 0 1 0 0 2 0 0 0 0 0 1 0 1 0 1 0 1 0 2 0 3 0 2 1 0 0 1 0 2 0 0 0 0 1 0 0 3 0 2 1 0 1 0 1 0 1 0 0 0 1 0 0 0 0 0 0 1 1 0 0 1 0 0 0 0 1 0 1 0 0 2 0 1 0 3 0 0 0 3 0 1 0 0 1 0 0 1 0 0 0 2 0 3 0 0 0 2 0 3 0 0 0 1 1 0 0 3 0 2 0 0 0 1 0 2 1 0 0 3 0 0 1 0 0 2 1 0 0 1 0 3 0 0 0 0 0 1 0 0 0 0 0 1 0 0 0 3 0 2 1 0 1 0 1 0 0 1 0 0 0 0 0 2 0 2 1 0 0 1 0 2 0 3 0 2 1 0 0 2 0 3 0 3 0 0 0 0 0 0 0 1 0 1 0 2 0 2 1 0 0 1 0 2 1 0 0 2 0 1 1 0 0 2 0 2 1 0 0 1 0 1 0 1 0 1 0 2 0 0 0 2 0 1 0 0 1 0 0 0 0 2 0 1 0 3 0 2 0 2 0 2 0 2 0 0 0 2 0 3 0 3 0 1 1 0 0 0 0 2 1 0 0 0 0 3 0 1 0 3 0 0 0 1 1 0 0 0 0 2 0 1 0 3 0 1 0 1 0 0 1 0 0 3 0 3 0 2 0 1 0 3 0 2 1 0 0 1 0 2 1 0 1 0 1 0 1 0 0 1 1 0 0 3 0 0 0 3 0 0 0 2 0 1 0 3 0 1 0 2 0 0 1 0 0 2 1 0 0 1 0 3 0 0 0 1 1 0 0 1 1 0 0 1 0 1 0 2 0 0 0 2 0 2 0 3 0 3 0 3 0 3 0 0 0 3 0 1 0 3 0 2 0 2 1 0 0 2 1 0 0 2 1 0 0 0 0 2 0 1 0 2 0 0 0 1 0 0 0 1 0 2 0 0 0 1 0 1 1 0 0 1 0 1 0 3 0 2 0 2 1 0 1 0 1 0 0 0 0 3 0 0 0 2 1 0 0 0 0 3 0 1 0 1 0 0 0 1 0 0 1 0 0 0 0 0 1 0 0 1 0 2 0 1 0 0 1 0 0 1 0 3 0 3 0 2 1 0 0 2 0 1 0 3 0 1 0 2 1 0 0 3 0 0 1 0 0 1 0 0 0 3 0 1 0 1 0 0 0 0 0 2 1 0 0 3 0 0 0 3 0 1 0 2 1 0 0 2 1 0 1 0 0 0 0 1 0 0 0 1 1 0 0 2 1 0 0 3 0 2 0 3 0 1 0 3 0 2 0 0 0 3 0 3 0 0 0 0 0 0 0 1 0 3 0 2 0 1 0 2 0 0 0 2 0 2 0 3 0 1 0 1 0 0 1 0 0 1 0 3 0 3 0 2 0 0 0 3 0 2 1 0 0 2 1 0 0 0 0 0 0 1 0 0 0 3 0 2 0 2 1 0 0 3 0 0
0 805 1 0 2 0 1 1 0 0 3 0 3 0 0 0 2 0 2 0 2 0 0 0 2 0 3 0 1 0 0 0 2 0 3 0 3 0 1 0 1 0 3 0 1 0 0 0 1 1 0 0 0 0 0 0 1 0 1 0 0 0 3 0 0 0 1 1 0 0 0 0 2 0 1 0 2 1 0 1 0 0 0 0 3 0 2 0 0 0 3 0 0 0 0 0 1 0 1 0 3 0 1 1 0 0 1 1 0 0 3 0 3 0 3 0 1 0 1 1 0 0 2 0 0 0 0 0 3 0 0 0 2 0 0 0 2 0 2 1 0 1 0 0 3 0 3 0 0 0 0 0 2 0 2 0 2 0 3 0 0 0 3 0 1 1 0 0 2 1 0 0 1 0 1 1 0 0 2 0 2 0 0 1 0 1 0 0 3 0 0 0 2 1 0 0 0 0 3 0 3 0 1 0 0 0 1 1 0 0 3 0 3 0 3 0 1 0 2 0 1 0 3 0 1 0 3 0 1 0 1 0 0 0 2 0 2 0 0 0 2 0 1 1 0 0 0 0 2 0 0 0 1 0 3 0 1 0 0 0 1 0 2 1 0 0 0 1 0 0 3 0 1 0 1 0 0 0 2 0 0 0 0 0 2 0 1 0 2 0 2 0 0 1 0 0 3 0 1 0 0 0 1 0 0 0 1 1 0 0 3 0 0 0 3 0 2 0 0 0 0 0 3 0 2 0 1 0 0 0 0 0 2 0 3 0 0 0 1 1 0 0 3 0 1 0 0 0 0 0 0 0 0 0 0 0 1 1 0 0 2 0 2 0 2 0 2 1 0 0 1 1 0 0 3 0 1 0 2 1 0 1 0 1 0 0 3 0 1 0 1 0 1 0 0 0 2 0 0 0 3 0 2 1 0 1 0 0 1 0 0 1 0 0 1 0 1 1 0 0 2 0 1 0 3 0 2 1 0 1 0 1 0 0 2 0 3 0 2 0 1 1 0 0 2 0 3 0 0 1 0 0 3 0 1 1 0 0 3 0 1 0 0 1 0 1 0 0 3 0 2 1 0 0 1 0 2 0 1 0 1 1 0 1 0 0 2 1 0 0 0 0 2 1 0 0 0 1 0 0 3 0 1 0 1 0 3 0 3 0 2 0 3 0 1 0 2 1 0 0 2 0 0 0 1 0 3 0 3 0 3 0 2 0 2 0 1 1 0 0 3 0 1 0 2 0 0 0 1 0 0 0 0 1 0 0 0 1 0 1 0 0 0 0 1 0 2 0 0 0 2 1 0 0 1 0 2 0 3 0 3 0 1 0 3 0 2 0 1 0 2 0 0 1 0 0 3 0 0 0 1 0 2 0 0 1 0 0 1 0 1 0 3 0 2 0 0 0 2 0 1 0 2 1 0 0 1 0 3 0 1 1 0 0 3 0 1 0 3 0 2 0 2 0 3 0 1 1 0 1 0 1 0 0 2 1 0 0 2 0 0 0 1 0 2 0 3 0 1 0 1 0 1 0 3 0 2 0 0 0 1 0 1 0 0 0 1 0 2 0 1 1 0 0 2 0 0 0 1 0 0 0 2 1 0 0 2 0 0 1 0 0 0 0 1 0 0 0 2 0 1 0 2 1 0 0 3 0 0 0 2 0 2 0 2 0 1 0 0 0 0 0 3 0 2 0 0 1 0 0 0 0 2 0 0 0 1 0 2 0 3 0 2 0 1 0 3 0 2 0 2 0 3 0 0 0 2 0 2 0 2 0 0 0 0 1 0 0 0 0 0 0 2 0 1 0 2 0 1 0 2 0 0 0 1 0 1
1 805 3 0 0 0 0 0 0 0 2 0 2 0 2 0 0 0 1 0 0 0 2 0 0 0 2 0 3 0 1 0 0 0 3 0 2 0 3 0 3 0 1 0 3 0 0 0 3 0 2 1 0 0 0 0 2 0 2 0 1 0 1 0 1 0 3 0 2 1 0 1 0 1 0 0 2 0 0 0 3 0 0 0 2 0 0 0 2 0 1 0 1 0 0 0 2 0 3 0 1 1 0 1 0 1 0 0 0 0 2 0 3 0 2 0 3 0 3 0 3 0 3 0 0 0 1 0 1 0 1 1 0 0 2 0 0 0 2 0 0 1 0 0 2 0 2 0 1 0 1 0 0 0 1 0 1 0 2 0 2 0 2 0 0 0 0 0 0 1 0 0 2 1 0 0 0 0 0 0 0 0 2 1 0 1 0 0 1 0 2 0 0 1 0 0 1 0 2 0 2 0 3 0 0 1 0 0 0 0 2 0 3 0 2 1 0 0 0 1 0 0 2 1 0 0 2 0 3 0 2 0 1 0 0 0 0 0 1 1 0 1 0 1 0 0 0 1 0 0 1 0 3 0 1 0 3 0 0 0 3 0 0 1 0 0 1 1 0 0 1 0 3 0 2 0 0 1 0 0 1 0 0 1 0 1 0 0 1 0 0 0 2 1 0 0 1 0 3 0 0 0 2 0 0 1 0 0 0 0 1 0 2 0 2 0 0 0 1 0 1 0 2 0 0 0 3 0 0 0 1 0 0 0 2 0 1 1 0 0 0 0 1 0 3 0 0 0 0 0 0 0 0 0 0 1 0 0 0 0 0 0 1 0 1 0 1 1 0 1 0 0 0 0 1 1 0 0 2 0 0 1 0 1 0 0 1 0 3 0 2 0 2 0 0 1 0 0 2 0 2 0 2 0 0 0 3 0 1 0 1 0 3 0 1 0 3 0 3 0 3 0 3 0 2 0 2 0 0 1 0 1 0 0 0 0 3 0 1 0 0 0 0 0 0 0 2 0 2 1 0 0 2 0 0 0 0 0 1 0 3 0 1 1 0 1 0 0 2 0 1 1 0 0 2 1 0 1 0 0 0 0 0 1 0 0 0 1 0 0 1 0 0 1 0 0 1 1 0 0 1 0 3 0 3 0 2 0 3 0 1 0 2 1 0 0 1 1 0 1 0 0 1 0 3 0 2 0 3 0 3 0 1 0 1 0 0 0 0 0 1 1 0 0 0 0 1 0 2 0 0 0 1 0 3 0 0 1 0 0 2 1 0 0 2 1 0 0 2 0 0 1 0 0 3 0 0 0 3 0 2 1 0 0 3 0 0 1 0 0 0 0 2 1 0 0 1 0 1 0 2 1 0 0 2 0 3 0 1 0 3 0 2 0 0 0 1 1 0 1 0 0 1 1 0 0 3 0 2 0 0 0 0 0 1 1 0 0 3 0 1 0 1 0 3 0 0 0 0 1 0 1 0 0 0 1 0 1 0 0 1 0 3 0 0 0 2 0 3 0 2 0 3 0 2 0 0 0 1 0 2 0 2 0 0 0 2 1 0 1 0 1 0 1 0 0 1 0 2 0 1 0 0 1 0 1 0 0 2 0 2 1 0 0 2 0 0 1 0 1 0 0 2 0 0 0 1 0 2 0 0 0 1 0 0 0 3 0 0 0 1 0 2 0 0 0 2 0 2 1 0 1 0 0 1 0 3 0 0 0 3 0 0 1 0 0 3 0 1 0 1 0 2 0 2 0 0 0 1 0 0 0 1 0 1 0 2 1 0 0 0 1 0 1 0 0 0 1 0 0 0 0 1 0 2 0 2
0 807 1 0 1 0 1 0 0 0 1 0 0 0 1 0 0 0 1 0 2 0 0 1 0 0 2 0 0 0 2 0 3 0 1 0 2 0 1 0 3 0 2 1 0 0 2 0 2 0 2 0 1 1 0 0 1 0 0 0 0 0 3 0 2 0 3 0 2 0 2 0 0 1 0 0 3 0 3 0 1 0 1 0 1 1 0 0 1 1 0 0 3 0 2 0 1 0 0 0 3 0 0 0 0 1 0 0 3 0 0 0 0 0 3 0 1 0 3 0 3 0 3 0 2 0 1 0 2 0 2 0 3 0 3 0 3 0 0 1 0 0 2 1 0 0 0 0 0 0 3 0 2 0 0 0 2 0 3 0 0 0 1 0 0 0 1 0 0 0 1 1 0 0 0 1 0 0 0 0 0 0 1 0 1 0 0 0 3 0 1 1 0 0 2 0 3 0 2 0 0 0 1 0 2 0 2 0 3 0 0 0 0 0 3 0 1 1 0 0 1 1 0 0 1 0 0 0 0 0 3 0 0 0 3 0 0 0 0 1 0 0 0 1 0 0 3 0 0 0 3 0 2 0 1 1 0 0 2 0 2 0 1 0 2 0 3 0 2 0 3 0 2 0 2 0 0 0 2 0 3 0 1 0 1 1 0 0 3 0 1 0 1 0 0 1 0 0 3 0 1 0 1 1 0 0 2 0 2 1 0 0 3 0 0 0 0 0 1 0 2 0 2 1 0 0 2 0 1 0 1 0 2 0 0 1 0 1 0 1 0 0 0 0 3 0 1 0 1 0 0 0 0 0 0 0 1 0 2 1 0 0 0 0 2 0 2 1 0 0 0 0 2 1 0 0 3 0 3 0 3 0 1 1 0 0 3 0 2 0 2 0 1 0 0 0 2 1 0 0 0 0 1 0 0 0 2 0 1 0 3 0 3 0 1 1 0 0 3 0 3 0 3 0 3 0 1 0 0 0 2 1 0 0 3 0 0 0 1 0 3 0 0 0 0 0 1 0 0 0 1 1 0 1 0 0 1 0 0 0 3 0 2 0 0 0 0 1 0 0 0 0 0 0 0 0 1 0 0 0 2 1 0 0 1 0 3 0 0 0 3 0 1 0 1 0 3 0 2 0 3 0 2 0 2 0 3 0 1 0 2 1 0 0 1 1 0 1 0 0 0 0 3 0 2 0 2 0 1 0 3 0 2 0 3 0 2 0 0 0 0 0 3 0 2 1 0 0 2 1 0 0 1 0 3 0 1 0 2 1 0 0 1 0 0 0 0 1 0 1 0 0 2 1 0 0 1 0 2 0 2 0 2 0 0 0 1 0 2 0 3 0 0 0 0 1 0 0 2 0 3 0 1 0 0 0 0 0 2 1 0 0 3 0 0 0 1 1 0 0 0 0 3 0 2 1 0 0 2 0 0 0 1 0 0 1 0 0 0 0 1 0 3 0 3 0 1 0 1 0 1 1 0 0 3 0 0 1 0 0 3 0 2 0 1 0 2 0 0 0 3 0 1 0 3 0 0 0 1 0 3 0 0 0 0 0 2 0 1 0 0 1 0 1 0 0 3 0 1 1 0 0 3 0 1 1 0 1 0 0 0 0 1 1 0 1 0 0 2 1 0 0 3 0 3 0 0 0 2 1 0 0 1 0 2 0 1 0 1 0 1 0 2 1 0 0 2 0 0 0 2 0 0 0 3 0 2 0 1 0 2 0 1 0 2 1 0 0 1 0 3 0 3 0 0 0 0 0 1 0 2 0 0 0 2 0 3 0 0 1 0 0 1 1 0 0 3 0 0 0 2 1 0 0 3 0 0 0 1
1 807 2 0 2 0 2 0 0 0 2 0 0 0 2 0 0 0 2 1 0 0 2 0 3 0 3 0 1 0 0 0 2 1 0 0 0 1 0 0 3 0 2 0 0 0 0 0 1 0 0 1 0 1 0 0 2 0 0 0 1 0 2 0 1 0 3 0 1 0 0 0 2 1 0 0 2 0 2 0 3 0 2 0 3 0 3 0 2 1 0 0 2 0 0 0 3 0 1 0 1 0 1 0 1 1 0 0 1 0 1 0 1 0 1 1 0 0 3 0 3 0 3 0 0 1 0 0 1 0 1 0 3 0 3 0 2 0 2 1 0 0 0 1 0 0 0 0 1 0 2 0 0 0 2 0 0 0 2 0 1 0 2 0 0 0 2 0 0 0 3 0 3 0 0 0 2 1 0 0 0 0 2 0 2 0 1 0 2 0 0 0 0 0 0 0 3 0 0 0 1 0 3 0 0 0 1 0 2 0 1 0 1 0 1 1 0 1 0 0 3 0 3 0 1 0 0 0 1 0 1 0 2 0 1 0 1 0 1 0 3 0 0 1 0 0 1 0 2 0 2 0 1 0 0 0 0 0 0 0 0 1 0 0 1 0 3 0 1 0 3 0 1 0 0 0 2 0 0 0 2 1 0 0 0 0 0 0 1 0 3 0 2 0 1 1 0 0 1 1 0 0 0 0 0 0 0 0 2 0 0 0 1 0 1 0 0 0 3 0 0 0 1 1 0 1 0 0 3 0 2 1 0 0 2 1 0 1 0 0 3 0 0 0 1 0 3 0 2 0 0 0 0 0 0 0 3 0 0 1 0 0 1 0 0 0 1 1 0 0 1 0 1 0 0 0 2 0 3 0 3 0 0 0 0 0 2 0 1 0 0 0 3 0 1 0 0 1 0 0 0 0 2 0 0 1 0 1 0 0 3 0 3 0 0 0 0 0 2 0 3 0 3 0 2 0 3 0 1 0 1 0 0 0 1 0 1 0 3 0 1 0 1 0 0 0 2 0 0 1 0 0 0 0 3 0 1 0 1 0 2 0 0 0 1 0 1 0 2 1 0 0 0 0 0 0 2 0 1 0 0 1 0 0 3 0 1 0 2 0 1 0 3 0 3 0 2 0 1 0 3 0 1 0 1 0 2 1 0 0 1 1 0 1 0 0 0 0 3 0 0 0 2 0 1 0 0 1 0 0 3 0 1 0 3 0 0 0 1 0 1 0 2 0 2 0 0 0 0 1 0 0 3 0 1 1 0 0 1 1 0 0 2 0 0 0 1 1 0 1 0 0 0 1 0 0 3 0 0 0 1 0 0 0 1 0 3 0 0 0 2 0 1 0 1 1 0 0 0 0 2 0 3 0 0 0 1 0 1 0 0 0 1 0 1 0 3 0 3 0 0 0 2 0 1 1 0 1 0 0 1 0 2 0 1 0 2 1 0 0 3 0 2 0 2 0 3 0 2 1 0 0 0 0 1 0 2 1 0 0 2 0 0 1 0 0 0 0 2 0 1 1 0 0 2 0 1 0 3 0 1 0 1 0 0 1 0 0 3 0 1 1 0 1 0 0 2 0 0 0 0 0 2 0 0 0 0 0 2 1 0 1 0 0 0 1 0 0 1 0 0 0 2 0 2 0 2 0 0 1 0 0 2 1 0 0 3 0 2 0 3 0 0 1 0 1 0 0 1 1 0 0 2 0 2 0 0 1 0 0 0 1 0 0 1 1 0 0 3 0 2 0 2 0 1 0 0 0 2 1 0 0 2 0 0 0 2 0 2 0 3 0 2 1 0 0 1 0 2 0 1 0 0 0 1 0 1 0 2
0 809 1 0 0 0 1 0 0 0 1 1 0 0 1 1 0 0 2 0 1 0 0 0 0 0 3 0 2 0 3 0 1 0 0 1 0 0 1 1 0 0 2 0 0 0 1 0 0 0 2 0 1 1 0 0 3 0 3 0 0 0 2 1 0 1 0 0 2 0 3 0 1 0 1 0 0 0 0 0 1 0 3 0 1 0 3 0 3 0 1 1 0 1 0 0 2 0 1 0 3 0 2 0 2 0 3 0 3 0 1 0 2 0 2 1 0 0 0 0 2 0 3 0 2 0 2 0 3 0 1 0 3 0 2 0 3 0 1 0 1 1 0 0 1 0 2 1 0 0 2 1 0 0 1 1 0 0 1 1 0 1 0 0 0 0 1 1 0 0 2 0 2 0 2 0 2 0 0 1 0 0 1 0 0 0 0 1 0 0 0 0 1 0 0 0 1 0 1 0 1 0 3 0 1 0 1 0 2 1 0 0 3 0 2 1 0 0 0 1 0 0 2 0 2 0 3 0 0 0 2 0 2 1 0 0 3 0 2 0 3 0 1 0 2 0 3 0 2 0 0 0 0 0 3 0 0 0 0 0 0 0 1 0 3 0 2 0 1 1 0 0 2 0 3 0 0 1 0 0 2 0 0 1 0 0 0 0 0 0 3 0 2 0 0 1 0 1 0 0 3 0 2 1 0 0 0 0 0 1 0 0 1 0 2 0 2 0 1 0 1 0 1 1 0 0 0 1 0 0 2 0 2 0 0 0 1 0 0 1 0 0 1 0 1 0 3 0 2 0 0 0 1 0 0 0 1 0 1 0 2 0 3 0 1 0 0 0 3 0 3 0 1 0 2 0 1 0 0 0 3 0 2 0 1 0 0 1 0 0 3 0 1 0 1 0 3 0 1 0 2 1 0 1 0 0 2 1 0 1 0 0 2 0 2 0 1 0 1 0 0 0 3 0 3 0 1 0 2 0 3 0 2 0 0 0 2 0 3 0 1 0 3 0 2 0 0 1 0 0 2 0 3 0 0 0 1 0 3 0 2 1 0 0 1 0 2 0 3 0 0 1 0 0 0 0 0 1 0 0 3 0 1 1 0 0 1 1 0 0 0 1 0 0 3 0 3 0 0 1 0 0 2 0 3 0 3 0 0 1 0 1 0 0 0 0 3 0 0 0 1 0 1 1 0 0 3 0 1 1 0 0 1 1 0 0 2 0 1 0 2 0 3 0 0 0 0 0 1 0 1 1 0 0 1 1 0 1 0 0 3 0 3 0 3 0 0 1 0 0 0 0 3 0 0 1 0 0 1 0 1 0 2 0 0 0 3 0 1 0 1 1 0 0 3 0 3 0 3 0 0 0 0 0 2 0 1 0 2 0 2 0 0 0 2 0 3 0 2 0 2 0 2 0 0 0 0 0 0 0 3 0 1 1 0 1 0 0 2 0 0 0 2 0 1 0 1 0 3 0 1 1 0 0 0 0 3 0 0 1 0 1 0 0 2 0 2 1 0 1 0 1 0 1 0 1 0 1 0 0 2 0 3 0 2 0 1 1 0 0 2 0 0 0 0 0 3 0 3 0 0 0 0 1 0 0 1 0 1 0 1 0 0 0 3 0 0 0 3 0 1 0 1 0 0 0 1 0 0 0 2 1 0 0 1 0 0 0 2 0 1 0 2 0 2 1 0 0 3 0 2 1 0 0 0 0 0 0 2 0 3 0 0 0 3 0 2 1 0 0 2 0 1 0 0 0 3 0 1 0 0 1 0 1 0 0 2 0 0 0 1 0 3 0 1 1 0 0 2 1 0 0 3 0 0 0 2 0 3 0 0
0 809 2 0 0 0 2 0 0 0 3 0 3 0 2 0 3 0 3 0 2 0 0 0 1 0 2 0 1 0 2 0 3 0 1 0 3 0 2 0 3 0 3 0 0 0 2 0 1 0 0 0 0 0 0 0 2 0 2 0 2 0 1 0 0 1 0 0 0 0 2 0 3 0 2 0 0 0 0 0 3 0 1 1 0 0 3 0 3 0 0 0 0 0 3 0 3 0 3 0 2 0 1 0 1 0 3 0 2 1 0 0 1 0 1 1 0 0 1 0 0 0 3 0 1 0 1 0 2 1 0 0 3 0 1 0 2 0 3 0 3 0 3 0 2 0 1 0 0 0 0 1 0 0 3 0 3 0 2 1 0 0 2 1 0 1 0 0 0 0 0 0 1 0 1 0 0 0 2 0 3 0 1 0 0 0 1 0 2 1 0 0 2 0 0 0 2 0 2 0 3 0 1 0 3 0 3 0 1 0 0 0 2 0 1 1 0 0 1 1 0 0 0 0 1 0 2 0 2 0 0 0 2 0 0 0 2 0 1 0 2 1 0 0 1 0 3 0 0 0 1 0 1 0 1 0 1 0 0 0 0 0 3 0 2 0 1 0 0 0 0 0 0 0 2 0 2 0 3 0 3 0 1 0 2 1 0 0 1 0 2 0 0 0 2 1 0 1 0 0 2 0 1 1 0 0 0 0 1 0 3 0 2 0 0 0 0 0 3 0 2 0 3 0 3 0 0 1 0 0 0 0 0 0 1 0 2 0 1 0 3 0 1 0 3 0 2 0 0 0 1 0 2 0 0 0 2 0 3 0 0 0 2 0 3 0 1 0 2 0 2 1 0 0 0 0 3 0 1 0 2 0 0 0 3 0 1 1 0 0 1 0 3 0 3 0 1 1 0 0 2 0 0 1 0 0 1 0 0 1 0 0 0 0 0 0 3 0 2 0 1 0 2 0 2 1 0 0 1 0 3 0 0 0 2 0 0 0 2 1 0 0 3 0 0 0 2 1 0 0 0 0 2 0 1 0 3 0 2 0 1 1 0 0 3 0 0 0 2 0 2 0 2 1 0 0 1 1 0 0 1 1 0 1 0 0 3 0 3 0 0 1 0 0 2 0 2 0 2 1 0 0 0 0 3 0 2 0 2 1 0 0 3 0 0 0 1 0 1 0 2 1 0 0 0 0 1 1 0 1 0 0 3 0 3 0 3 0 3 0 0 0 2 0 1 0 0 0 2 0 3 0 3 0 2 1 0 1 0 0 2 0 3 0 2 0 2 0 3 0 0 0 1 0 2 0 3 0 1 0 2 1 0 0 2 0 1 1 0 0 0 0 0 0 2 0 3 0 2 0 1 0 0 1 0 1 0 0 1 0 0 0 2 0 0 0 3 0 1 0 1 0 0 0 1 0 0 0 1 0 2 0 0 0 0 0 3 0 3 0 0 1 0 0 3 0 3 0 1 1 0 1 0 0 1 0 1 0 2 1 0 1 0 0 0 0 2 0 0 1 0 1 0 1 0 1 0 1 0 0 0 0 3 0 0 1 0 1 0 1 0 0 1 0 1 0 2 0 2 0 1 0 1 0 3 0 1 0 2 0 2 0 1 0 1 0 2 0 1 0 3 0 2 0 0 0 2 0 1 0 0 1 0 0 2 0 0 1 0 1 0 0 1 0 2 0 0 0 2 0 1 1 0 0 0 0 1 0 0 0 2 0 2 0 2 0 1 1 0 1 0 0 3 0 1 0 1 0 3 0 1 1 0 0 3 0 3 0 0 0 3 0 2 0 0 0 0 0 1 0 0 0 1 0 2 0 0 0 2 0 1
1 810 1 0 0 1 1 0 0 2 0 2 0 3 0 1 0 3 0 3 0 0 0 1 0 2 1 0 1 0 0 1 0 2 1 0 0 3 0 1 0 3 0 2 0 1 1 0 0 3 0 0 0 0 0 1 0 0 0 1 0 0 0 3 0 1 0 3 0 0 0 0 0 3 0 0 0 1 0 1 0 2 0 0 0 0 0 2 0 2 0 1 0 1 0 2 0 3 0 3 0 0 0 3 0 3 0 2 0 1 1 0 0 2 0 3 0 3 0 1 0 1 0 1 0 3 0 3 0 1 0 0 0 1 1 0 0 1 0 3 0 3 0 3 0 0 0 3 0 0 0 1 1 0 0 2 0 3 0 2 0 0 0 1 0 0 0 2 1 0 0 0 0 2 0 2 0 1 0 0 0 2 0 3 0 0 0 3 0 0 1 0 1 0 0 2 0 0 0 1 0 2 1 0 0 3 0 2 0 3 0 0 1 0 1 0 1 0 0 3 0 2 1 0 0 3 0 0 0 0 0 1 1 0 0 1 1 0 1 0 0 1 1 0 0 3 0 1 0 1 0 2 0 2 0 2 0 2 0 0 0 1 0 2 0 0 0 3 0 0 0 0 0 1 0 0 0 1 0 3 0 2 1 0 0 1 1 0 0 2 1 0 0 2 0 1 0 0 0 3 0 3 0 3 0 2 1 0 0 3 0 2 0 0 0 1 0 1 0 2 0 1 0 3 0 2 0 2 0 2 1 0 0 0 0 2 1 0 1 0 0 2 1 0 0 3 0 0 0 1 0 2 1 0 0 2 0 0 0 2 0 2 0 0 0 2 1 0 0 1 0 1 1 0 0 1 0 1 1 0 0 0 0 2 0 1 1 0 1 0 0 3 0 2 0 2 1 0 1 0 1 0 0 2 0 3 0 1 0 1 0 2 1 0 0 1 0 2 0 0 1 0 0 1 0 1 1 0 0 3 0 1 0 1 1 0 0 2 0 1 0 0 0 1 0 2 0 0 1 0 0 0 1 0 1 0 0 3 0 1 0 0 0 0 0 1 0 2 0 0 0 1 0 1 1 0 0 3 0 3 0 2 1 0 1 0 0 2 0 2 0 2 1 0 0 0 0 1 0 1 1 0 0 1 0 2 0 1 0 2 0 0 0 1 0 1 0 2 0 3 0 0 1 0 0 0 1 0 0 0 1 0 0 2 0 3 0 3 0 2 0 1 1 0 0 3 0 1 0 0 0 3 0 3 0 2 0 0 1 0 0 0 0 3 0 1 0 1 0 2 0 1 0 3 0 0 0 2 1 0 0 1 1 0 1 0 1 0 1 0 0 0 0 1 0 0 0 3 0 0 0 3 0 1 1 0 0 3 0 1 0 0 1 0 0 2 0 1 0 3 0 2 0 0 0 2 0 0 0 2 1 0 0 1 0 1 0 2 0 2 0 2 1 0 0 2 0 3 0 0 0 0 0 3 0 1 0 3 0 1 0 0 0 2 1 0 1 0 0 2 1 0 1 0 1 0 1 0 0 3 0 0 0 1 0 2 1 0 1 0 0 3 0 1 0 3 0 0 0 0 0 3 0 3 0 1 1 0 0 1 0 0 0 3 0 2 1 0 1 0 0 3 0 0 0 1 1 0 0 3 0 1 0 3 0 3 0 1 1 0 0 3 0 1 1 0 0 1 1 0 1 0 1 0 0 0 0 2 0 1 0 0 0 1 0 1 0 0 0 0 1 0 0 1 0 3 0 3 0 2 0 0 0 0 0 2 0 2 0 2 0 2 0 0 0 1 0 0 0 2 0 0 0 2 1 0 0 1 1 0 1 0
1 811 1 0 3 0 2 1 0 0 0 0 1 0 2 1 0 0 3 0 2 0 1 0 3 0 1 0 0 0 3 0 2 0 1 0 0 0 1 1 0 0 3 0 1 0 0 0 0 0 1 0 1 0 0 0 2 0 0 0 2 0 1 0 1 1 0 0 2 0 1 0 1 0 1 0 1 0 2 0 2 1 0 0 1 0 1 0 0 0 0 0 3 0 3 0 0 0 3 0 2 0 2 0 2 0 3 0 1 0 0 0 0 0 0 0 3 0 2 0 3 0 2 0 3 0 2 0 2 0 3 0 0 0 3 0 3 0 2 0 2 0 3 0 2 0 2 0 1 0 1 1 0 0 0 0 0 0 3 0 0 0 1 0 2 0 1 0 0 1 0 0 1 0 0 0 0 0 3 0 1 0 0 0 2 0 2 0 1 0 2 1 0 0 3 0 3 0 0 0 3 0 1 0 0 0 2 0 1 0 2 0 2 1 0 1 0 1 0 0 2 0 2 0 0 0 1 0 1 0 0 0 3 0 3 0 2 1 0 0 3 0 2 1 0 0 1 0 3 0 3 0 0 0 1 0 1 0 0 0 1 0 2 1 0 0 2 0 1 0 1 0 0 0 2 0 0 0 3 0 2 0 1 1 0 1 0 0 0 0 0 1 0 1 0 0 3 0 1 0 2 0 3 0 3 0 2 0 0 0 2 0 0 0 1 0 2 0 2 1 0 1 0 0 3 0 1 0 1 0 1 1 0 0 1 0 1 0 0 1 0 0 1 0 0 0 1 0 1 0 3 0 0 1 0 1 0 0 2 0 0 0 0 0 2 0 0 1 0 0 2 0 3 0 3 0 1 0 3 0 3 0 0 0 0 0 0 0 0 1 0 0 2 0 1 0 2 0 0 1 0 1 0 0 0 0 2 0 3 0 3 0 0 1 0 0 2 1 0 0 2 0 3 0 1 1 0 0 0 0 1 0 3 0 3 0 3 0 3 0 2 0 0 0 2 1 0 0 2 0 3 0 0 1 0 1 0 0 1 0 3 0 0 0 0 0 2 1 0 0 1 0 2 1 0 0 0 0 2 0 3 0 2 0 0 1 0 0 0 0 1 0 1 1 0 0 0 0 2 0 3 0 3 0 1 1 0 1 0 0 0 0 1 0 2 0 3 0 0 0 2 0 2 0 3 0 0 0 3 0 0 1 0 0 0 0 3 0 3 0 1 0 0 0 0 0 1 0 3 0 1 0 2 0 3 0 0 0 2 0 3 0 0 0 1 0 3 0 2 1 0 1 0 0 2 0 2 0 0 1 0 1 0 0 0 1 0 1 0 0 2 1 0 0 2 0 1 0 1 0 2 0 2 0 0 0 0 0 1 0 3 0 1 0 3 0 3 0 3 0 2 0 0 0 1 1 0 0 2 0 0 1 0 0 2 0 3 0 0 0 1 0 2 0 0 0 0 0 2 0 1 0 1 0 1 1 0 0 2 0 3 0 1 0 1 0 0 1 0 0 1 0 0 1 0 1 0 1 0 0 1 0 1 0 3 0 1 0 0 1 0 0 1 1 0 0 2 0 1 0 1 0 2 0 2 1 0 1 0 0 2 0 1 0 2 0 2 0 0 1 0 0 1 0 1 1 0 0 0 0 1 1 0 0 3 0 3 0 0 0 0 0 1 1 0 1 0 1 0 0 0 1 0 0 2 1 0 1 0 0 3 0 0 0 2 0 2 0 0 0 1 0 3 0 2 0 2 0 3 0 0 0 1 0 1 0 0 0 1 0 1 0 0 0 1 0 2 0 0 1 0 0 2 0 0 1 0 1 0 0 0 0 2
0 811 3 0 2 0 1 1 0 0 0 0 3 0 1 0 0 0 2 0 0 1 0 0 2 0 3 0 1 0 2 0 0 0 3 0 0 1 0 0 0 0 1 0 3 0 0 0 0 0 2 0 2 0 0 1 0 0 1 1 0 0 3 0 3 0 3 0 3 0 2 0 2 0 2 0 3 0 0 0 1 1 0 0 2 0 2 0 0 0 1 0 2 0 2 0 2 0 2 0 1 0 1 0 1 0 2 0 3 0 0 0 0 0 1 0 2 0 1 0 3 0 1 0 3 0 1 0 1 0 2 0 2 0 2 0 3 0 1 0 1 0 3 0 1 0 0 0 3 0 3 0 2 1 0 0 1 0 1 0 1 0 2 1 0 0 3 0 1 0 3 0 1 0 0 0 1 0 1 0 3 0 1 0 0 0 0 1 0 0 2 0 0 0 2 0 2 0 2 0 1 0 3 0 0 1 0 1 0 0 1 0 2 0 0 1 0 1 0 0 0 0 0 0 1 0 2 0 2 0 1 0 2 0 3 0 2 0 0 0 2 0 1 1 0 0 3 0 2 0 2 0 1 0 2 0 2 0 0 0 3 0 0 1 0 1 0 0 3 0 2 0 0 1 0 0 2 0 2 0 1 0 0 0 0 0 2 1 0 0 1 1 0 1 0 0 1 1 0 0 1 0 3 0 3 0 0 0 1 1 0 0 1 0 3 0 0 0 2 0 0 1 0 0 1 0 3 0 2 0 3 0 3 0 1 0 2 0 1 0 3 0 1 0 0 0 2 0 3 0 1 0 2 1 0 0 3 0 3 0 0 0 0 1 0 0 2 1 0 0 0 0 3 0 2 1 0 0 3 0 2 0 1 0 0 0 0 0 1 0 3 0 3 0 2 1 0 0 2 1 0 0 3 0 0 0 0 0 3 0 2 0 2 1 0 0 1 0 0 0 0 0 2 1 0 1 0 0 0 0 3 0 2 0 3 0 3 0 3 0 0 0 2 0 1 0 0 0 0 0 2 0 2 1 0 0 3 0 2 0 1 0 1 0 1 0 0 1 0 0 3 0 0 1 0 0 1 0 0 0 3 0 0 0 2 0 2 1 0 0 2 0 3 0 3 0 0 0 0 0 3 0 3 0 0 0 0 0 2 1 0 0 3 0 0 0 2 0 2 0 0 0 1 0 2 0 2 0 1 0 2 0 3 0 0 0 2 0 2 0 3 0 0 0 0 0 3 0 1 1 0 0 1 0 2 0 2 0 0 0 2 0 1 0 3 0 2 0 2 0 0 1 0 0 0 0 0 0 2 1 0 0 3 0 0 1 0 1 0 0 0 1 0 1 0 0 3 0 3 0 0 0 0 0 1 0 0 0 3 0 1 1 0 0 3 0 3 0 3 0 0 0 1 0 3 0 3 0 3 0 1 1 0 0 0 0 2 0 1 0 2 1 0 0 1 0 0 1 0 0 3 0 2 1 0 0 0 0 0 0 2 0 3 0 2 0 1 0 3 0 1 0 1 1 0 1 0 0 3 0 1 0 3 0 1 0 3 0 1 0 3 0 2 0 3 0 3 0 2 0 3 0 0 0 2 0 0 0 3 0 3 0 3 0 0 0 0 0 2 0 3 0 1 0 3 0 2 1 0 1 0 0 0 0 2 0 2 0 1 0 0 1 0 0 0 1 0 0 3 0 0 1 0 0 1 0 0 1 0 0 1 0 2 0 0 0 0 0 1 0 3 0 2 0 1 0 1 0 2 0 1 0 2 0 2 0 0 0 2 0 2 0 0 0 2 1 0 0 2 0 3 0 3 0 1 1 0 0 3 0 0 0 0
0 813 1 0 2 0 0 1 0 1 0 0 1 0 1 0 3 0 0 1 0 0 2 1 0 0 0 0 2 1 0 0 0 0 2 0 1 0 2 0 2 1 0 0 3 0 1 0 1 0 1 0 0 0 0 0 2 0 3 0 2 1 0 0 2 0 3 0 3 0 3 0 1 0 1 0 1 0 2 0 1 1 0 0 0 0 0 0 0 0 1 0 3 0 0 0 1 0 1 0 0 0 3 0 2 0 3 0 0 0 2 0 1 0 0 0 2 1 0 1 0 0 2 1 0 0 2 0 3 0 3 0 0 0 1 0 1 0 2 0 3 0 3 0 1 0 3 0 1 0 2 0 3 0 1 1 0 0 2 0 2 0 3 0 1 0 0 0 1 1 0 0 2 0 3 0 0 0 2 0 3 0 1 0 3 0 0 0 1 0 3 0 3 0 1 0 0 0 1 0 0 1 0 0 2 0 2 1 0 0 3 0 1 1 0 0 2 1 0 0 2 1 0 0 0 0 3 0 0 0 0 1 0 0 1 0 3 0 0 0 2 0 0 0 0 0 0 0 2 0 1 0 0 1 0 0 1 0 0 0 2 0 1 0 2 1 0 1 0 0 2 0 0 0 2 1 0 0 0 0 0 0 3 0 0 0 1 0 0 1 0 1 0 0 0 0 3 0 2 0 3 0 2 0 2 0 2 0 1 0 3 0 3 0 2 0 1 0 1 1 0 0 2 0 3 0 2 0 2 0 1 0 3 0 2 1 0 0 0 1 0 0 2 0 3 0 1 0 0 0 2 1 0 0 2 0 0 0 2 0 2 0 1 0 1 1 0 0 0 1 0 0 1 0 2 0 2 0 0 0 2 0 0 0 3 0 0 0 0 0 3 0 2 0 3 0 2 0 0 0 1 0 0 0 1 0 1 0 1 0 2 0 1 0 1 1 0 0 2 0 0 0 1 0 1 0 0 0 3 0 0 0 2 0 1 0 3 0 3 0 2 0 1 1 0 0 3 0 0 0 1 0 0 0 2 0 0 0 2 0 0 0 3 0 2 0 2 0 1 1 0 0 1 0 2 0 3 0 1 0 1 0 1 0 2 0 0 0 2 0 0 0 0 0 3 0 2 0 1 0 1 0 2 0 2 0 1 0 1 0 1 0 0 0 1 0 2 0 0 0 0 0 1 0 3 0 0 0 0 1 0 0 1 0 2 0 2 0 0 0 1 0 2 0 1 0 1 0 1 1 0 1 0 0 3 0 0 0 0 0 1 1 0 1 0 0 3 0 1 0 0 0 2 0 2 1 0 0 1 0 1 0 0 0 1 0 2 1 0 0 3 0 0 1 0 1 0 0 2 0 2 0 1 0 0 0 2 0 1 0 2 0 0 0 0 0 2 0 3 0 2 0 1 0 3 0 2 0 3 0 2 1 0 1 0 0 0 1 0 1 0 0 1 1 0 0 2 0 1 1 0 0 2 0 1 1 0 0 0 0 1 0 0 0 3 0 0 1 0 0 2 1 0 0 0 0 0 1 0 0 1 1 0 0 2 1 0 0 2 1 0 0 3 0 1 0 3 0 3 0 1 0 2 0 1 1 0 0 2 0 2 0 3 0 2 0 1 0 1 0 0 0 2 1 0 0 3 0 2 0 0 0 3 0 0 0 0 0 0 0 3 0 1 0 3 0 0 1 0 0 1 0 2 0 3 0 1 0 1 0 3 0 1 1 0 0 1 0 0 0 3 0 2 0 0 0 3 0 2 1 0 1 0 0 1 0 0 0 2 0 0 0 0 0 2 0 1 0 0 0 0 0 3 0 3 0 0 0 0 0 1 0 1 0 0
0 813 2 1 0 0 2 1 0 0 3 0 1 0 3 0 1 0 2 1 0 0 0 1 0 0 1 0 0 1 0 0 0 1 0 1 0 0 1 0 2 0 0 0 1 0 3 0 2 0 2 0 0 0 1 0 0 0 3 0 2 0 0 0 0 0 3 0 3 0 2 0 3 0 2 0 2 1 0 1 0 1 0 0 0 0 0 0 0 0 3 0 1 0 1 0 2 0 2 0 1 0 2 0 1 0 2 0 1 1 0 0 3 0 1 0 1 0 0 1 0 0 1 0 0 0 0 0 3 0 2 0 1 0 2 0 3 0 0 0 3 0 2 1 0 0 2 1 0 0 1 0 3 0 0 0 0 0 0 0 1 0 2 0 3 0 0 1 0 0 0 0 0 0 2 0 2 0 0 0 2 1 0 0 2 0 1 0 3 0 2 0 2 0 3 0 0 0 2 0 1 1 0 0 0 0 2 0 0 0 2 0 0 0 0 0 1 0 0 0 0 1 0 0 1 0 1 0 1 0 1 0 3 0 2 0 1 0 1 1 0 0 1 0 0 0 0 1 0 0 3 0 1 0 3 0 1 0 0 1 0 1 0 0 2 0 0 0 3 0 3 0 1 0 0 1 0 0 0 0 1 0 1 0 1 0 2 0 1 1 0 0 3 0 0 0 2 0 1 0 3 0 1 0 1 0 0 1 0 0 3 0 3 0 0 1 0 0 0 0 0 0 0 0 3 0 1 0 0 1 0 0 3 0 1 1 0 0 1 1 0 0 0 0 2 0 3 0 1 0 0 1 0 1 0 0 2 0 0 0 0 0 3 0 3 0 3 0 0 0 3 0 2 0 0 0 0 0 1 1 0 0 2 0 1 0 1 0 1 0 2 0 1 0 3 0 0 0 1 0 2 0 0 0 2 0 2 0 2 1 0 0 3 0 3 0 3 0 3 0 0 0 2 0 2 0 1 0 1 0 1 1 0 1 0 0 3 0 3 0 1 0 0 0 0 0 1 0 1 0 2 0 0 1 0 0 1 1 0 0 2 0 2 0 1 0 0 1 0 1 0 0 3 0 0 0 2 0 3 0 2 0 2 1 0 0 1 1 0 0 1 0 1 0 2 0 0 0 3 0 3 0 0 0 0 0 3 0 2 0 2 0 0 0 2 1 0 0 1 0 0 0 3 0 1 0 1 0 1 0 3 0 2 0 0 0 0 0 1 0 2 1 0 0 3 0 2 1 0 0 0 1 0 0 1 0 1 0 0 1 0 0 0 1 0 0 1 0 3 0 1 0 0 0 1 1 0 0 2 0 2 0 0 0 3 0 1 0 0 0 1 0 2 1 0 1 0 0 0 0 0 0 3 0 0 1 0 1 0 0 0 0 1 0 1 0 0 0 3 0 0 1 0 0 3 0 1 0 3 0 2 0 0 0 3 0 0 1 0 0 3 0 2 0 3 0 3 0 3 0 3 0 3 0 3 0 2 1 0 0 2 0 1 0 1 0 2 1 0 0 0 1 0 0 0 0 1 0 3 0 2 1 0 0 1 0 0 0 1 0 0 0 1 1 0 0 3 0 2 1 0 0 1 0 0 0 0 0 0 0 1 0 3 0 0 0 3 0 2 0 1 0 1 0 0 0 2 0 0 0 2 0 1 0 1 0 0 0 1 0 1 1 0 0 2 0 2 0 3 0 2 0 0 0 2 0 3 0 3 0 1 1 0 1 0 0 2 0 1 0 2 0 0 0 2 0 2 0 2 0 0 0 3 0 1 0 0 1 0 0 1 0 0 1 0 0 3 0 0 0 1 0 2 0 2 0 1 0 0 0 2 0 2 0 0
0 815 1 0 1 0 0 0 1 0 0 0 1 1 0 0 2 1 0 0 1 1 0 0 1 0 3 0 1 0 1 0 3 0 0 1 0 0 3 0 1 1 0 0 1 0 3 0 2 0 1 0 0 0 1 0 2 0 1 0 2 0 0 0 1 0 1 0 2 0 3 0 1 0 3 0 1 0 2 0 0 1 0 0 2 1 0 0 0 0 1 0 1 0 3 0 3 0 0 0 0 1 0 0 0 1 0 0 1 0 0 0 0 0 1 0 3 0 2 0 1 0 3 0 1 0 0 0 1 0 2 0 0 1 0 0 1 0 2 0 2 0 2 0 2 0 0 0 0 1 0 0 3 0 1 0 1 0 0 0 0 0 3 0 0 0 2 0 2 0 2 1 0 0 1 0 0 0 0 0 2 0 0 1 0 1 0 1 0 0 3 0 1 0 1 0 2 0 1 1 0 1 0 1 0 0 0 1 0 0 1 1 0 0 1 0 0 0 2 0 0 0 1 0 3 0 1 0 2 0 2 0 3 0 2 0 0 0 3 0 3 0 3 0 1 0 0 0 1 1 0 0 1 1 0 0 2 0 3 0 1 1 0 0 3 0 3 0 1 0 2 0 2 0 3 0 1 0 2 1 0 0 2 0 2 0 3 0 0 0 0 0 0 0 1 0 1 1 0 1 0 0 2 0 3 0 2 0 1 1 0 0 2 0 2 0 2 0 2 1 0 0 0 0 1 0 1 0 3 0 1 1 0 0 1 1 0 1 0 0 3 0 3 0 0 0 0 0 2 0 3 0 1 1 0 0 3 0 3 0 0 0 1 0 2 0 3 0 2 0 2 0 2 0 0 0 1 0 0 0 3 0 3 0 3 0 2 0 2 0 2 1 0 1 0 0 2 0 1 0 2 1 0 0 2 0 0 0 1 0 2 0 0 0 2 0 3 0 3 0 2 0 2 0 0 0 0 0 3 0 2 1 0 0 0 1 0 0 2 0 2 0 3 0 0 0 0 0 2 0 2 1 0 0 2 0 3 0 2 1 0 0 0 0 0 0 3 0 1 1 0 1 0 0 1 0 2 0 0 0 3 0 1 0 1 1 0 0 3 0 3 0 1 0 2 1 0 0 2 0 2 0 2 0 1 0 1 0 2 0 1 0 0 0 2 0 0 1 0 0 2 0 1 0 1 0 3 0 2 0 3 0 2 0 0 0 1 0 0 0 3 0 1 0 0 0 2 0 1 1 0 0 1 0 3 0 1 0 2 0 1 0 3 0 0 0 3 0 2 0 1 0 3 0 0 1 0 0 0 0 0 0 0 0 2 0 1 0 3 0 0 0 3 0 1 0 0 0 2 1 0 0 1 0 1 0 2 1 0 0 2 1 0 0 2 0 2 0 1 0 1 0 2 1 0 0 1 1 0 0 3 0 0 0 2 0 1 0 2 1 0 0 2 0 1 0 3 0 3 0 3 0 3 0 3 0 3 0 1 1 0 1 0 0 3 0 3 0 0 1 0 0 1 0 2 1 0 0 3 0 2 0 1 1 0 0 2 0 0 0 2 0 0 1 0 0 0 0 2 0 1 1 0 0 2 0 0 0 0 0 0 0 3 0 1 0 2 0 2 0 0 0 3 0 2 0 0 1 0 0 1 1 0 0 3 0 2 0 0 0 2 1 0 0 0 0 0 0 1 0 3 0 0 0 2 0 0 0 3 0 3 0 0 0 0 0 3 0 3 0 2 1 0 0 2 0 0 0 1 0 0 0 2 0 1 0 3 0 1 0 3 0 1 0 1 1 0 0 1 0 1 0 3 0 0 0 0 0 3 0 1 0 0 0 0 0 1
1 815 2 0 2 0 0 0 2 0 0 1 0 0 0 0 0 1 0 0 3 0 3 0 2 0 1 0 3 0 3 0 1 0 2 1 0 0 1 1 0 1 0 0 3 0 2 0 0 0 3 0 0 0 2 1 0 1 0 0 0 0 1 0 2 0 3 0 0 0 2 1 0 0 2 1 0 0 0 0 2 1 0 0 0 1 0 0 0 0 2 0 3 0 2 0 2 0 1 0 1 0 3 0 0 0 3 0 1 0 0 0 0 0 3 0 2 0 0 1 0 0 2 0 3 0 0 0 2 1 0 0 2 0 3 0 2 0 0 0 1 0 1 0 0 0 1 0 1 1 0 0 1 0 3 0 2 0 0 0 1 0 1 0 2 0 0 0 1 0 1 1 0 0 2 0 0 0 0 1 0 0 2 1 0 1 0 1 0 0 1 0 3 0 3 0 0 0 0 0 0 1 0 0 3 0 0 0 3 0 2 0 3 0 1 0 0 1 0 0 1 0 3 0 1 1 0 0 1 0 1 0 3 0 0 0 2 0 2 0 3 0 2 0 3 0 0 0 3 0 3 0 2 1 0 0 0 0 3 0 0 0 0 0 2 0 2 1 0 0 1 0 1 0 2 1 0 0 2 0 0 0 0 0 1 0 2 0 1 0 0 0 0 0 2 1 0 0 0 1 0 0 0 0 3 0 1 0 0 0 0 0 0 0 1 0 1 0 1 1 0 0 0 0 2 0 3 0 1 1 0 1 0 1 0 0 0 1 0 0 2 0 2 0 1 0 1 0 0 0 3 0 0 0 0 0 2 0 2 0 1 0 3 0 0 0 3 0 1 0 1 0 0 0 1 0 2 0 1 0 2 0 3 0 3 0 1 0 1 0 2 0 0 0 3 0 3 0 3 0 0 1 0 1 0 0 1 0 2 1 0 0 2 0 0 0 3 0 3 0 1 0 0 0 1 0 1 0 2 0 1 1 0 0 1 1 0 0 0 0 1 0 2 0 1 0 1 0 0 0 2 0 0 0 0 0 3 0 1 1 0 0 0 0 1 0 2 0 0 0 0 0 3 0 1 1 0 0 2 0 1 1 0 0 0 0 0 0 2 0 2 1 0 0 2 0 0 0 0 0 1 0 0 0 3 0 2 1 0 0 3 0 0 1 0 0 2 0 3 0 3 0 2 0 3 0 2 0 1 0 3 0 0 0 1 0 2 0 1 0 1 0 3 0 0 1 0 1 0 1 0 0 3 0 1 1 0 0 0 1 0 0 2 0 2 0 2 0 0 1 0 0 2 0 2 0 2 1 0 0 0 0 0 1 0 1 0 0 2 0 2 0 1 0 3 0 1 0 0 1 0 0 2 0 3 0 1 0 0 0 1 0 0 0 0 0 0 0 3 0 3 0 0 1 0 1 0 0 0 0 1 0 1 1 0 1 0 0 1 1 0 1 0 1 0 0 3 0 3 0 3 0 3 0 3 0 3 0 0 0 0 1 0 0 2 0 2 0 2 0 3 0 2 0 1 0 0 0 2 0 0 1 0 1 0 1 0 0 1 1 0 0 2 0 2 1 0 1 0 1 0 1 0 1 0 0 1 0 0 0 1 0 1 1 0 0 1 0 0 0 2 0 2 0 0 0 2 0 3 0 2 1 0 0 2 0 0 0 2 0 0 1 0 0 0 0 0 0 3 0 1 0 1 1 0 0 2 0 2 0 2 0 1 0 1 0 2 0 3 0 1 1 0 1 0 0 1 0 2 0 0 1 0 1 0 0 2 1 0 0 2 0 3 0 3 0 3 0 1 0 3 0 1 0 1 0 1 0 1 0 3 0 0 0 0 0 2
0 817 1 0 0 0 0 0 1 1 0 0 2 0 2 1 0 0 1 1 0 0 2 0 3 0 0 1 0 0 3 0 2 1 0 0 1 1 0 1 0 0 0 1 0 0 2 0 0 0 2 0 1 0 2 0 1 0 0 0 2 1 0 0 3 0 0 0 2 0 2 0 1 0 0 0 0 1 0 0 1 0 0 1 0 0 1 0 3 0 0 0 0 0 3 0 1 0 0 0 3 0 3 0 1 0 2 0 1 0 3 0 0 0 1 0 2 0 0 0 2 1 0 0 0 0 2 0 2 0 1 0 0 0 0 0 3 0 0 0 1 0 2 0 2 0 0 0 2 0 3 0 3 0 2 0 2 0 0 0 1 0 2 0 2 1 0 0 1 0 2 0 3 0 3 0 3 0 0 0 1 1 0 0 1 0 0 1 0 0 3 0 2 0 2 0 2 0 1 0 0 0 1 1 0 0 1 0 2 0 2 0 1 0 2 0 3 0 1 0 3 0 2 0 1 1 0 1 0 0 2 0 3 0 1 0 2 0 0 0 1 0 3 0 1 0 2 0 2 0 2 0 3 0 1 1 0 0 1 0 1 0 1 0 1 0 0 0 1 1 0 0 2 0 3 0 0 1 0 1 0 0 1 0 0 0 2 1 0 0 3 0 0 0 1 0 0 1 0 0 1 0 3 0 0 0 1 0 3 0 0 0 0 0 0 0 2 0 2 0 3 0 3 0 0 0 0 0 3 0 0 0 0 1 0 0 3 0 0 1 0 0 0 0 0 0 3 0 2 0 1 0 1 0 1 0 1 0 0 0 0 1 0 0 2 0 2 0 1 0 3 0 2 0 0 0 2 1 0 1 0 0 1 0 3 0 2 0 3 0 2 1 0 0 2 0 2 0 3 0 2 0 2 1 0 0 3 0 2 0 0 1 0 1 0 0 2 0 2 0 2 0 3 0 0 0 2 0 2 1 0 1 0 1 0 0 3 0 2 1 0 0 2 1 0 0 3 0 2 0 0 1 0 0 1 0 1 0 1 1 0 1 0 0 0 0 2 1 0 0 1 0 1 0 1 1 0 1 0 1 0 1 0 1 0 0 0 0 1 0 0 0 1 1 0 1 0 0 1 0 0 0 2 0 1 0 2 0 2 0 0 0 1 0 2 1 0 0 0 0 3 0 3 0 1 0 3 0 0 1 0 0 2 0 1 0 2 1 0 0 3 0 3 0 1 0 2 1 0 1 0 1 0 0 1 1 0 1 0 0 1 1 0 0 0 0 1 0 0 0 2 1 0 0 0 0 1 0 1 1 0 0 0 0 1 1 0 1 0 0 0 0 0 1 0 0 2 0 3 0 1 1 0 0 0 0 2 0 3 0 0 0 2 0 0 0 0 0 1 0 2 0 2 0 2 1 0 0 2 1 0 0 2 1 0 0 0 0 3 0 2 1 0 1 0 1 0 0 2 0 3 0 3 0 3 0 3 0 2 0 1 0 1 1 0 0 0 0 1 0 1 0 3 0 0 0 3 0 0 1 0 0 2 1 0 1 0 0 3 0 2 1 0 0 0 0 2 0 0 1 0 1 0 1 0 0 3 0 1 0 0 0 2 0 3 0 3 0 1 0 1 0 0 0 0 0 2 0 0 0 3 0 1 1 0 1 0 0 1 1 0 0 2 0 2 1 0 0 1 0 1 1 0 0 0 0 0 0 0 0 1 0 0 0 3 0 3 0 0 0 3 0 0 0 0 0 3 0 1 1 0 0 2 1 0 1 0 0 1 0 0 0 0 0 3 0 3 0 2 1 0 0 2 0 3 0 2 0 2 0 3 0 1 0 1 0 1 0 0
0 817 2 0 0 0 0 1 0 0 0 0 0 0 1 1 0 1 0 0 0 0 0 0 2 0 2 1 0 0 2 0 1 1 0 1 0 0 0 0 3 0 0 0 3 0 3 0 0 1 0 1 0 0 0 0 3 0 1 0 1 0 0 0 1 0 2 0 0 0 0 0 3 0 0 0 1 0 3 0 1 0 1 0 3 0 2 0 1 0 1 0 1 0 1 0 3 0 1 0 2 0 2 1 0 0 0 1 0 0 2 0 1 0 2 1 0 0 2 0 0 1 0 0 1 0 0 0 0 0 3 0 0 0 1 0 1 0 1 0 3 0 0 0 0 0 2 0 0 0 3 0 3 0 1 0 0 0 1 0 3 0 0 0 1 1 0 0 3 0 0 0 3 0 3 0 2 0 1 0 3 0 3 0 1 0 1 1 0 0 2 0 1 0 1 0 0 0 3 0 0 0 3 0 3 0 2 0 0 0 0 1 0 0 1 0 2 1 0 0 3 0 1 0 0 0 0 1 0 0 0 0 2 1 0 0 0 0 1 0 3 0 1 1 0 0 1 0 1 0 1 0 2 1 0 1 0 0 2 0 2 0 2 0 2 0 0 1 0 0 0 0 0 0 2 0 2 1 0 0 3 0 1 0 1 0 1 0 0 0 1 0 1 0 2 0 1 0 3 0 2 0 1 0 1 0 3 0 1 0 1 0 0 0 1 0 0 0 1 0 3 0 2 0 1 0 1 0 1 0 1 0 1 1 0 0 1 0 2 0 2 1 0 0 1 0 2 0 0 0 3 0 2 0 2 0 2 0 0 0 1 1 0 0 0 0 0 1 0 0 3 0 0 0 2 0 1 0 0 0 3 0 2 0 2 0 1 0 3 0 2 0 0 0 0 0 1 0 3 0 1 0 2 0 0 0 2 0 0 0 2 1 0 1 0 0 0 0 1 0 1 0 2 0 2 0 0 0 2 0 0 1 0 1 0 0 2 0 2 0 0 0 1 0 0 0 2 0 0 0 2 0 3 0 1 0 2 1 0 0 0 0 3 0 0 0 0 1 0 0 2 0 2 1 0 0 0 1 0 1 0 1 0 0 2 1 0 0 2 0 0 1 0 0 0 0 3 0 1 0 0 1 0 1 0 0 1 0 0 0 1 0 3 0 0 1 0 0 1 0 2 0 2 1 0 0 2 0 2 0 3 0 3 0 3 0 1 0 0 0 2 0 2 1 0 0 2 0 0 1 0 0 3 0 2 1 0 0 3 0 2 0 2 1 0 0 2 0 1 0 0 1 0 0 0 0 2 0 3 0 2 1 0 1 0 0 0 0 2 1 0 0 1 1 0 0 0 0 2 1 0 1 0 0 1 0 0 0 2 0 1 1 0 0 1 0 0 0 3 0 0 0 1 0 2 0 0 0 1 0 0 0 0 1 0 0 1 0 2 0 2 0 0 1 0 1 0 0 0 0 3 0 3 0 3 0 3 0 0 0 3 0 3 0 2 1 0 0 2 0 3 0 1 0 2 0 1 0 2 1 0 0 1 0 0 1 0 0 2 0 1 1 0 0 0 1 0 0 2 1 0 1 0 1 0 0 1 0 3 0 1 0 0 0 3 0 2 0 3 0 2 0 0 0 0 1 0 0 2 0 2 0 0 0 0 0 3 0 2 1 0 0 0 0 1 1 0 0 2 0 3 0 2 1 0 0 0 0 0 0 2 0 1 0 2 0 2 0 2 0 1 0 1 0 1 0 2 0 0 0 0 0 1 0 0 0 3 0 1 0 0 0 1 0 2 0 3 0 2 0 0 0 0 0 3 0 1 0 1 0 2 0 3 0 2 0 2 0 0
0 818 1 0 0 1 0 1 0 2 1 0 0 0 1 0 0 0 0 2 1 0 0 1 0 0 0 2 0 0 0 0 0 0 0 0 0 3 0 0 0 1 0 2 0 2 0 2 0 2 1 0 0 3 0 0 0 1 0 3 0 2 0 0 0 2 1 0 0 1 0 1 0 1 0 1 0 3 0 1 0 3 0 3 0 2 0 0 0 3 0 2 0 2 0 3 0 1 1 0 0 1 0 1 1 0 0 1 0 3 0 3 0 3 0 0 1 0 1 0 0 2 0 3 0 1 0 0 0 1 0 1 0 1 0 2 0 2 0 3 0 1 0 1 0 0 1 0 0 2 0 2 0 2 0 3 0 0 0 3 0 1 0 1 1 0 0 0 0 1 0 2 0 2 0 3 0 0 1 0 0 3 0 2 0 3 0 3 0 3 0 3 0 2 0 2 0 1 0 1 0 2 0 2 0 3 0 0 0 1 0 1 0 3 0 2 0 1 0 0 0 1 0 3 0 0 0 1 0 3 0 0 0 0 1 0 0 0 0 3 0 1 1 0 1 0 0 2 0 2 0 3 0 1 0 0 1 0 0 0 0 1 0 1 0 0 0 2 0 2 1 0 0 1 0 0 0 2 0 0 0 1 0 3 0 2 0 2 0 0 0 2 0 2 1 0 1 0 0 3 0 0 0 3 0 3 0 1 0 3 0 2 0 0 0 2 0 0 0 3 0 2 0 0 0 3 0 2 0 2 0 2 0 3 0 3 0 2 0 0 0 1 1 0 0 2 1 0 0 2 0 2 0 1 0 1 0 0 0 1 0 3 0 2 1 0 0 1 1 0 0 1 0 1 1 0 0 3 0 1 0 2 0 1 0 0 1 0 0 3 0 0 0 1 0 0 0 3 0 1 1 0 0 0 0 1 1 0 0 2 0 1 0 0 0 2 1 0 0 2 0 3 0 0 0 0 0 1 1 0 0 2 1 0 1 0 0 0 0 0 0 1 0 2 0 0 1 0 0 2 0 0 0 2 1 0 0 1 1 0 0 1 0 1 0 1 0 1 1 0 0 0 0 1 1 0 0 1 1 0 1 0 1 0 0 0 1 0 1 0 0 2 0 3 0 0 0 1 0 3 0 1 1 0 0 3 0 1 0 0 0 3 0 1 0 2 0 3 0 2 0 0 0 2 0 0 0 0 0 1 0 3 0 3 0 2 0 3 0 1 0 0 0 1 1 0 1 0 0 2 1 0 0 2 0 2 0 0 0 2 0 1 0 1 1 0 1 0 0 3 0 1 0 3 0 0 0 0 0 3 0 2 0 0 0 3 0 0 0 0 1 0 0 3 0 3 0 0 0 1 0 0 0 3 0 1 0 0 1 0 1 0 1 0 0 2 0 1 0 1 0 1 0 2 1 0 0 1 0 2 0 0 0 1 0 3 0 2 0 0 0 0 0 2 1 0 0 3 0 0 0 2 0 3 0 3 0 2 0 2 0 2 0 3 0 2 0 0 0 0 0 2 1 0 0 0 1 0 0 1 1 0 0 2 0 1 0 3 0 3 0 3 0 3 0 0 1 0 0 1 0 0 1 0 0 3 0 2 0 1 0 3 0 1 0 2 0 1 0 3 0 0 0 1 0 1 1 0 0 0 0 0 0 1 0 1 0 2 0 1 1 0 0 0 1 0 0 0 0 0 0 3 0 1 1 0 0 0 0 0 1 0 1 0 0 1 0 1 0 0 0 3 0 2 0 2 1 0 0 1 0 0 0 2 0 1 0 1 0 3 0 0 0 3 0 0 0 3 0 0 0 1 0 1 0 1 0 3 0 3 0 0 0 3 0 1 0 0 0 1
1 819 1 0 3 0 1 0 3 0 0 1 0 0 1 0 3 0 0 0 0 1 0 0 2 0 0 1 0 0 1 0 0 0 0 0 1 0 1 0 1 0 3 0 0 0 1 0 1 0 2 0 0 0 1 0 1 0 3 0 2 0 0 0 2 0 0 1 0 0 2 0 2 0 2 0 3 0 1 1 0 0 3 0 3 0 0 0 2 0 2 0 1 0 1 0 2 1 0 1 0 0 2 0 3 0 3 0 2 0 2 0 3 0 2 0 2 1 0 1 0 0 0 0 2 0 3 0 0 0 2 0 2 0 3 0 0 0 1 0 2 0 3 0 2 0 1 1 0 0 0 0 1 0 1 0 2 0 2 0 1 0 3 0 3 0 2 1 0 0 3 0 0 0 1 0 2 0 2 1 0 0 2 0 1 0 3 0 3 0 3 0 3 0 1 0 0 0 3 0 3 0 0 0 1 0 2 0 1 0 2 0 3 0 2 0 0 0 3 0 0 0 3 0 1 0 1 0 3 0 1 0 1 0 1 0 3 0 0 0 2 0 0 0 0 1 0 0 0 0 1 0 2 0 3 0 1 0 2 1 0 0 2 0 2 0 1 0 0 0 1 1 0 0 2 0 0 1 0 0 1 0 3 0 2 0 1 0 0 0 2 0 0 0 2 0 0 1 0 0 1 0 2 0 2 0 2 1 0 0 3 0 0 0 1 1 0 0 2 0 2 0 0 0 2 0 2 0 1 0 1 0 1 0 3 0 3 0 0 0 1 1 0 0 0 0 1 0 0 0 0 0 0 0 3 0 2 0 0 0 3 0 2 0 1 1 0 0 3 0 3 0 1 1 0 0 0 0 1 1 0 0 0 0 3 0 1 1 0 0 1 0 1 0 2 0 1 0 1 1 0 1 0 0 0 0 3 0 3 0 3 0 2 0 1 0 1 0 0 0 0 0 2 0 1 0 0 1 0 0 0 0 1 0 0 0 2 1 0 0 0 0 2 1 0 0 2 0 3 0 3 0 1 0 0 1 0 0 3 0 3 0 1 0 2 0 2 0 3 0 2 1 0 0 3 0 3 0 2 1 0 1 0 0 3 0 0 1 0 1 0 0 0 0 2 0 1 0 3 0 2 0 0 0 0 0 1 0 3 0 1 0 1 1 0 0 1 0 3 0 0 0 1 1 0 0 1 0 0 0 3 0 2 0 3 0 1 0 2 0 3 0 0 1 0 0 0 1 0 0 1 0 0 0 0 0 0 0 1 1 0 1 0 0 0 0 0 1 0 0 1 1 0 0 2 0 1 0 1 0 2 0 0 0 2 0 1 0 1 0 1 1 0 0 2 0 2 0 1 0 2 0 1 0 1 0 3 0 1 1 0 1 0 0 3 0 3 0 2 0 2 0 3 0 0 1 0 0 2 1 0 0 1 0 3 0 2 0 0 0 1 0 1 0 1 0 0 0 1 0 2 0 0 0 3 0 3 0 1 0 1 0 1 0 3 0 0 0 1 0 1 0 0 1 0 0 1 0 3 0 2 0 3 0 3 0 3 0 2 0 3 0 3 0 2 0 2 0 3 0 1 0 1 1 0 0 2 0 0 1 0 0 2 1 0 0 0 1 0 0 2 0 1 0 2 0 3 0 2 1 0 0 0 0 2 0 2 1 0 1 0 1 0 0 1 0 2 1 0 0 1 0 1 1 0 1 0 0 0 0 1 1 0 0 3 0 1 0 2 0 1 0 2 0 1 0 1 1 0 0 2 0 0 1 0 0 3 0 3 0 1 0 2 0 1 0 2 0 1 0 1 0 2 0 2 0 3 0 2 0 2 0 2 0 1 0 3 0 0 0 2
0 819 3 0 1 1 0 0 2 0 2 0 3 0 2 0 1 0 1 0 1 0 3 0 3 0 1 0 3 0 1 0 0 0 0 0 2 0 2 0 3 0 1 0 1 0 2 0 2 1 0 0 1 0 2 0 3 0 2 0 0 0 1 1 0 0 2 1 0 0 0 0 1 0 1 0 3 0 0 0 0 0 2 0 2 0 2 0 0 0 0 0 3 0 3 0 1 0 0 1 0 0 0 0 3 0 3 0 1 0 1 0 3 0 1 0 2 0 0 0 3 0 0 0 0 0 2 0 2 0 0 0 1 0 2 0 1 0 3 0 0 0 3 0 0 1 0 1 0 0 0 0 2 0 3 0 0 0 0 1 0 0 3 0 3 0 2 0 0 0 1 0 1 0 3 0 0 0 1 1 0 1 0 1 0 0 3 0 3 0 3 0 2 0 3 0 1 0 2 0 2 0 1 0 2 1 0 1 0 0 1 0 3 0 0 0 2 0 1 0 2 0 1 0 3 0 3 0 1 0 3 0 2 0 3 0 1 0 1 1 0 0 1 0 1 0 2 1 0 0 3 0 0 0 2 1 0 0 2 0 0 0 0 0 0 0 3 0 0 0 3 0 3 0 3 0 1 0 3 0 2 0 2 0 0 0 3 0 0 1 0 0 1 1 0 0 2 0 3 0 2 0 0 0 1 0 2 0 0 0 1 0 1 1 0 0 0 0 0 0 0 0 2 0 0 0 0 0 3 0 2 0 3 0 2 0 2 0 1 0 3 0 2 1 0 0 2 0 0 0 0 0 1 0 2 0 0 0 2 0 2 0 1 0 0 0 0 0 2 0 2 1 0 1 0 0 0 0 3 0 3 0 0 0 1 1 0 1 0 0 2 0 2 1 0 1 0 0 0 0 0 0 3 0 0 0 2 0 3 0 3 0 0 0 3 0 2 0 0 0 0 1 0 0 3 0 1 0 2 1 0 0 2 0 1 0 0 1 0 0 1 0 1 0 0 0 0 0 3 0 2 0 3 0 1 1 0 0 2 0 2 1 0 0 1 0 1 0 3 0 2 0 0 0 2 0 3 0 2 0 0 1 0 0 1 0 2 1 0 0 2 1 0 1 0 1 0 0 3 0 0 0 1 0 0 0 3 0 1 0 3 0 3 0 3 0 2 0 1 0 1 0 3 0 3 0 1 0 1 0 2 0 1 0 2 1 0 0 1 0 2 0 2 0 3 0 0 0 3 0 1 0 0 0 0 0 0 1 0 0 0 0 2 1 0 0 1 0 3 0 2 0 3 0 3 0 2 0 2 1 0 0 1 1 0 0 3 0 2 1 0 0 0 0 0 0 0 1 0 0 0 0 3 0 3 0 2 0 0 0 0 1 0 0 2 0 3 0 1 0 1 0 2 0 2 1 0 0 0 1 0 0 3 0 2 0 0 0 1 0 2 0 2 0 2 0 0 0 2 1 0 0 2 0 2 0 2 0 3 0 2 0 3 0 1 0 1 0 2 0 2 0 1 0 3 0 2 0 2 0 1 0 3 0 3 0 3 0 1 0 3 0 3 0 1 0 1 0 2 0 3 0 3 0 3 0 3 0 1 1 0 0 0 1 0 0 1 0 3 0 3 0 3 0 0 0 3 0 1 1 0 0 1 0 0 0 2 0 0 1 0 0 3 0 2 0 0 1 0 0 2 1 0 0 0 0 2 1 0 1 0 0 0 0 1 1 0 0 0 1 0 0 0 0 3 0 3 0 3 0 3 0 1 1 0 0 2 0 2 1 0 0 0 1 0 0 0 0 3 0 3 0 0 0 1 0 3 0 1 0 1 0 0 1 0 0 2 0 2 0 0
0 821 1 0 2 0 0 0 0 0 0 0 1 0 3 0 0 0 3 0 2 0 3 0 2 0 2 1 0 0 2 0 3 0 0 0 1 0 0 0 1 0 2 0 3 0 3 0 0 0 1 1 0 0 3 0 0 0 3 0 0 0 1 1 0 0 0 0 0 1 0 0 0 0 2 0 3 0 1 0 1 0 1 0 0 0 1 0 0 0 1 0 1 0 2 0 2 0 3 0 1 0 3 0 0 0 2 0 2 0 3 0 3 0 1 1 0 0 0 0 2 0 1 0 1 0 1 0 0 0 0 0 1 0 2 1 0 1 0 0 2 0 2 0 1 0 2 1 0 0 3 0 0 0 0 0 2 0 1 0 1 1 0 0 2 0 3 0 0 0 1 0 2 0 3 0 1 0 1 1 0 0 0 1 0 1 0 0 2 0 3 0 3 0 1 0 2 1 0 0 1 0 0 1 0 0 2 0 0 0 3 0 2 0 1 0 1 1 0 1 0 0 0 1 0 0 3 0 2 1 0 0 3 0 1 0 2 0 3 0 3 0 3 0 1 0 3 0 1 0 0 0 1 0 2 0 0 1 0 1 0 0 1 0 0 0 1 0 1 0 2 0 2 0 3 0 2 1 0 0 3 0 1 0 0 0 2 0 1 0 2 0 3 0 2 1 0 0 0 0 3 0 0 0 1 0 2 1 0 0 1 0 2 0 3 0 2 1 0 0 0 0 0 1 0 0 1 0 1 0 2 0 1 0 3 0 1 0 0 1 0 0 3 0 1 1 0 1 0 0 1 0 0 0 2 1 0 0 2 0 0 0 0 0 3 0 0 0 1 0 0 0 2 0 0 0 3 0 0 0 2 0 2 0 1 1 0 0 0 1 0 0 0 0 2 0 0 0 2 1 0 0 1 0 1 0 2 0 0 0 3 0 2 0 2 0 2 0 0 0 1 0 1 1 0 0 1 1 0 0 1 1 0 1 0 0 3 0 1 0 3 0 1 0 2 0 0 0 1 0 2 0 1 0 3 0 0 0 0 0 0 0 1 1 0 0 2 0 3 0 2 0 0 0 2 0 0 0 3 0 0 0 2 0 3 0 2 0 1 0 0 0 1 0 0 1 0 1 0 0 1 0 1 0 2 0 1 0 1 1 0 0 3 0 3 0 3 0 0 0 3 0 3 0 2 0 2 0 3 0 2 1 0 1 0 0 1 1 0 0 3 0 0 0 1 0 2 0 2 0 1 0 3 0 0 0 0 0 1 0 3 0 0 0 0 1 0 0 3 0 2 0 1 0 3 0 3 0 1 0 1 1 0 1 0 0 0 0 2 0 1 1 0 0 0 0 0 0 1 0 3 0 0 0 2 0 3 0 0 0 1 0 1 1 0 0 0 0 2 0 3 0 3 0 0 0 1 1 0 0 1 1 0 0 2 0 0 0 1 0 3 0 0 0 1 0 0 0 2 0 1 0 0 0 0 0 1 0 1 0 3 0 1 0 2 0 3 0 3 0 0 0 0 1 0 0 3 0 1 0 0 1 0 0 3 0 3 0 2 1 0 0 3 0 2 0 3 0 3 0 0 0 3 0 3 0 3 0 2 1 0 1 0 0 1 0 3 0 2 0 2 0 3 0 2 0 2 0 1 1 0 1 0 0 2 0 0 1 0 0 2 1 0 0 2 0 0 0 2 1 0 0 0 1 0 0 1 0 1 0 0 0 2 1 0 0 3 0 3 0 0 0 3 0 0 0 2 0 3 0 3 0 3 0 0 0 0 0 0 0 1 1 0 0 1 0 3 0 0 0 2 0 2 0 1 0 3 0 1 0 3 0 2 0 1 1 0 0 0 0 0 0 1
1 821 2 1 0 0 1 0 0 0 0 0 3 0 1 0 2 0 2 0 1 0 3 0 1 0 2 0 0 0 0 0 2 0 1 0 2 0 0 0 3 0 0 0 3 0 2 0 1 1 0 0 0 0 1 0 2 0 1 0 1 0 3 0 2 1 0 0 1 0 3 0 0 0 0 0 2 0 3 0 2 0 2 0 0 0 2 0 0 0 2 0 3 0 0 0 1 0 2 1 0 0 2 0 2 0 0 0 1 0 3 0 2 1 0 1 0 0 0 1 0 0 3 0 2 0 2 0 0 0 0 0 3 0 1 0 0 1 0 0 0 0 0 1 0 0 2 0 0 0 1 0 1 0 0 1 0 1 0 0 0 0 0 0 0 0 2 0 1 0 3 0 0 0 2 0 3 0 3 0 3 0 0 1 0 1 0 0 0 0 3 0 2 1 0 0 1 1 0 0 2 0 1 0 3 0 3 0 1 0 2 0 0 1 0 0 0 0 0 0 3 0 0 1 0 0 2 0 2 0 0 0 1 1 0 0 1 0 3 0 3 0 2 1 0 0 2 0 3 0 0 0 2 1 0 0 2 1 0 0 3 0 1 0 0 0 2 0 3 0 0 0 1 0 3 0 2 0 0 0 1 0 3 0 0 1 0 1 0 0 1 0 3 0 1 1 0 0 1 0 1 0 1 0 3 0 0 1 0 0 3 0 0 0 3 0 1 1 0 0 0 0 1 0 3 0 1 0 2 1 0 1 0 0 2 0 3 0 1 1 0 0 2 0 0 0 0 0 3 0 1 0 1 0 0 1 0 1 0 0 1 0 1 0 1 0 1 0 2 0 0 1 0 0 2 0 1 0 2 0 0 0 0 1 0 1 0 0 1 0 2 1 0 1 0 0 2 0 0 1 0 0 2 0 2 1 0 0 2 0 2 0 1 0 1 0 0 0 1 0 2 0 3 0 3 0 2 0 3 0 2 1 0 1 0 0 1 1 0 0 2 1 0 0 0 0 1 0 2 1 0 1 0 0 2 0 1 0 0 0 0 1 0 0 0 0 0 0 3 0 0 0 1 1 0 0 2 0 1 0 2 0 0 0 3 0 0 0 3 0 0 0 2 0 1 1 0 0 3 0 1 0 2 1 0 1 0 0 0 0 0 0 2 0 3 0 2 0 2 0 2 0 3 0 1 0 1 0 3 0 2 0 0 0 3 0 2 1 0 0 1 0 1 0 3 0 0 0 0 1 0 0 2 0 1 0 0 0 3 0 1 0 1 0 1 1 0 0 2 0 0 1 0 0 3 0 2 1 0 0 0 0 0 0 2 1 0 1 0 1 0 1 0 0 0 0 0 0 3 0 1 0 2 0 0 0 2 0 1 0 2 0 3 0 3 0 0 0 0 0 3 0 2 0 1 0 3 0 3 0 2 0 3 0 3 0 0 0 3 0 1 0 1 0 2 0 0 1 0 0 3 0 0 0 0 0 2 0 3 0 1 1 0 0 1 0 3 0 2 0 1 0 1 1 0 0 1 0 3 0 1 1 0 0 2 0 3 0 2 0 0 0 2 0 1 0 3 0 2 0 2 0 2 0 3 0 3 0 2 0 0 0 3 0 2 0 2 0 1 0 1 0 3 0 1 0 1 0 0 0 0 0 3 0 3 0 1 1 0 0 0 1 0 1 0 0 2 0 0 1 0 0 1 0 3 0 1 0 2 0 1 0 1 0 0 0 2 0 2 0 2 0 1 0 2 0 0 0 3 0 3 0 2 0 1 0 0 0 0 0 3 0 3 0 2 0 1 0 2 0 0 0 0 1 0 0 2 1 0 0 3 0 0 1 0 1 0 0 0 0 0 0 2
0 823 1 0 0 1 0 0 2 0 0 0 1 0 1 1 0 0 1 0 0 1 0 0 2 1 0 0 0 0 1 0 0 1 0 1 0 0 0 0 2 0 1 0 2 0 2 0 0 1 0 1 0 0 0 0 2 1 0 0 3 0 3 0 2 0 1 1 0 0 3 0 1 0 1 0 1 0 0 0 3 0 1 0 0 0 1 1 0 0 2 0 0 0 2 0 1 0 3 0 1 0 0 0 0 0 0 0 1 0 3 0 2 0 2 0 0 0 3 0 0 1 0 0 2 0 1 0 0 0 1 0 1 0 1 0 3 0 1 0 2 1 0 0 1 0 3 0 3 0 0 0 2 0 2 0 1 1 0 0 2 1 0 0 0 0 0 1 0 1 0 0 2 0 2 0 0 0 3 0 3 0 2 0 2 1 0 0 3 0 0 0 2 0 1 1 0 0 3 0 3 0 3 0 3 0 2 0 2 1 0 0 0 0 2 0 2 1 0 0 1 0 1 0 2 1 0 0 0 0 0 0 1 0 3 0 3 0 2 0 2 0 3 0 2 0 0 0 0 0 2 0 2 0 1 0 0 0 1 0 0 0 1 0 3 0 1 0 0 0 2 0 1 0 3 0 2 0 0 0 1 0 3 0 1 0 2 1 0 0 3 0 2 0 1 1 0 1 0 0 2 0 2 0 3 0 1 0 2 1 0 0 1 0 2 0 1 1 0 1 0 0 0 0 3 0 1 1 0 0 2 0 0 1 0 0 0 0 2 1 0 1 0 1 0 0 1 0 1 0 1 0 3 0 2 0 1 1 0 0 3 0 1 0 2 0 2 0 2 1 0 0 2 0 3 0 3 0 2 1 0 0 1 0 1 1 0 0 3 0 2 0 1 0 0 0 3 0 3 0 1 1 0 0 0 0 2 0 0 0 0 0 0 0 3 0 2 0 0 0 3 0 0 0 3 0 3 0 1 0 3 0 2 0 0 0 3 0 2 1 0 0 0 1 0 0 0 0 3 0 1 0 0 0 3 0 3 0 2 0 0 0 1 0 2 1 0 0 1 0 1 0 1 0 3 0 3 0 3 0 2 1 0 0 2 0 1 0 2 0 1 0 2 0 0 0 0 0 0 0 1 1 0 0 2 0 0 0 2 1 0 0 1 0 0 0 3 0 1 0 1 0 1 0 2 0 3 0 3 0 2 0 0 0 2 0 2 0 1 1 0 0 2 0 3 0 1 0 1 0 1 0 3 0 3 0 2 0 1 0 1 0 3 0 2 0 3 0 3 0 3 0 1 1 0 0 2 0 1 1 0 0 0 0 1 0 1 0 0 1 0 1 0 0 2 1 0 0 1 0 1 1 0 0 0 0 1 1 0 1 0 0 1 0 3 0 2 0 1 0 1 0 2 0 0 1 0 0 3 0 3 0 1 0 3 0 2 0 2 0 1 0 3 0 2 1 0 0 2 1 0 0 1 0 1 0 1 0 0 0 2 1 0 1 0 0 3 0 2 0 0 0 3 0 3 0 3 0 2 0 2 0 0 0 0 0 0 0 3 0 0 0 1 1 0 1 0 0 3 0 1 0 1 0 1 0 3 0 3 0 0 0 2 0 2 0 1 0 0 0 3 0 3 0 1 0 3 0 2 0 0 0 1 0 2 0 2 1 0 1 0 0 1 1 0 0 3 0 3 0 1 0 3 0 2 0 1 1 0 0 0 0 3 0 2 0 1 0 0 0 1 0 0 1 0 0 0 0 2 0 2 0 3 0 0 0 3 0 0 0 1 0 2 0 3 0 0 1 0 0 0 0 1 0 1 1 0 0 1 0 0 0 1 0 2 1 0 0 2 1 0 0 1 0 0
0 823 2 0 1 0 3 0 3 0 0 0 2 0 3 0 3 0 1 0 1 1 0 0 0 1 0 0 0 0 2 0 1 1 0 0 2 1 0 1 0 1 0 0 1 0 0 0 2 1 0 0 3 0 0 0 1 0 0 0 2 0 3 0 1 0 0 0 0 0 1 0 3 0 2 0 2 0 1 0 1 0 3 0 0 0 3 0 3 0 3 0 0 1 0 1 0 0 2 0 3 0 0 0 0 0 0 0 3 0 2 0 1 0 0 0 2 0 1 0 2 0 3 0 3 0 2 0 0 0 2 0 2 0 3 0 1 1 0 0 1 1 0 0 3 0 2 0 2 0 2 0 0 0 1 0 0 0 0 0 0 1 0 0 0 0 1 1 0 1 0 0 0 0 0 0 2 0 2 0 3 0 1 0 2 0 0 0 1 0 2 0 0 0 0 0 0 0 2 0 3 0 3 0 3 0 1 0 1 1 0 0 1 0 0 0 1 1 0 0 2 0 3 0 0 1 0 0 0 0 0 0 3 0 2 0 3 0 1 0 1 0 3 0 0 0 1 0 1 0 0 0 0 0 3 0 0 0 2 0 0 0 3 0 1 0 3 0 0 1 0 1 0 0 3 0 0 0 1 0 3 0 1 1 0 0 2 0 0 0 2 0 1 0 0 0 0 1 0 0 0 0 1 0 2 1 0 0 1 1 0 0 3 0 0 0 0 0 0 0 3 0 0 0 1 1 0 1 0 1 0 0 2 0 3 0 0 0 1 0 0 1 0 0 3 0 1 0 2 0 3 0 2 0 1 0 0 0 0 0 1 1 0 0 1 0 1 0 2 0 0 0 0 0 3 0 3 0 1 1 0 0 2 1 0 0 0 0 2 0 0 0 3 0 1 0 2 0 2 1 0 1 0 0 0 1 0 0 1 0 0 0 1 0 2 0 0 0 2 0 1 0 2 0 2 0 2 1 0 0 3 0 0 0 2 0 2 0 1 1 0 0 1 0 3 0 0 0 1 0 3 0 1 0 2 0 3 0 0 0 1 0 3 0 0 1 0 0 2 0 2 0 3 0 2 0 3 0 3 0 1 1 0 1 0 1 0 0 0 1 0 0 0 0 1 0 0 0 0 0 3 0 3 0 3 0 1 0 0 1 0 0 2 0 1 0 1 0 3 0 2 0 3 0 0 0 3 0 3 0 0 0 2 0 0 0 1 0 0 0 0 0 0 0 2 0 3 0 2 0 3 0 2 0 3 0 0 0 3 0 3 0 2 0 1 0 3 0 3 0 2 1 0 1 0 1 0 1 0 1 0 0 0 0 2 0 2 0 1 1 0 1 0 0 0 1 0 0 2 0 3 0 2 1 0 1 0 0 0 0 3 0 2 0 2 0 0 0 3 0 2 1 0 0 2 1 0 0 2 0 2 1 0 0 3 0 1 0 0 1 0 0 3 0 2 0 0 0 0 1 0 0 2 0 2 0 2 0 1 0 1 0 0 1 0 0 2 0 0 0 2 0 2 0 3 0 3 0 1 0 0 0 1 0 0 0 1 0 1 0 1 1 0 0 0 1 0 0 1 0 3 0 2 0 3 0 2 0 2 0 2 0 0 0 0 0 3 0 1 0 2 0 2 1 0 0 3 0 0 0 1 0 3 0 0 0 2 0 0 0 3 0 2 1 0 0 2 0 2 1 0 0 3 0 0 1 0 1 0 0 1 0 2 0 0 0 3 0 0 0 2 0 1 0 3 0 0 0 0 0 1 0 2 0 2 0 1 0 1 0 3 0 0 0 2 0 2 0 2 1 0 0 2 0 3 0 3 0 1 0 0 0 3 0 1 0 0 0 0 1 0 0 2 0 0
0 824 1 0 1 0 0 3 0 2 0 2 0 0 0 3 0 2 0 3 0 3 0 3 0 0 0 3 0 0 0 0 0 0 0 0 0 1 0 0 1 0 0 3 0 1 0 1 0 1 0 0 0 1 0 1 0 2 0 1 0 0 0 2 0 3 0 0 0 0 0 3 0 2 0 1 0 0 0 3 0 3 0 1 0 2 0 2 0 3 0 2 0 2 1 0 1 0 0 0 0 2 0 1 0 0 0 1 0 2 0 0 0 3 0 0 1 0 1 0 0 1 0 3 0 3 0 0 0 2 0 0 0 1 0 2 1 0 1 0 1 0 0 0 0 2 0 1 0 1 0 0 0 1 0 2 0 0 0 0 0 1 0 2 1 0 1 0 0 0 0 2 1 0 0 1 0 0 0 1 0 2 1 0 0 0 0 1 0 2 1 0 0 1 0 0 0 1 0 0 0 3 0 3 0 2 0 3 0 3 0 3 0 1 0 0 1 0 0 0 0 0 0 2 0 2 0 2 1 0 0 1 0 2 0 1 0 2 0 3 0 3 0 1 0 1 0 2 0 2 0 0 0 1 0 1 0 1 1 0 0 2 0 1 1 0 0 2 0 2 1 0 1 0 0 1 0 1 0 3 0 1 1 0 1 0 1 0 0 1 1 0 0 3 0 0 0 1 0 2 1 0 0 3 0 0 1 0 1 0 0 0 0 1 0 1 0 0 0 1 0 1 0 1 1 0 0 0 1 0 1 0 0 0 0 2 0 1 0 2 0 1 1 0 0 1 1 0 0 1 0 3 0 0 0 3 0 0 0 0 0 3 0 3 0 1 0 2 1 0 0 1 0 1 0 2 0 3 0 0 0 0 0 0 1 0 0 0 1 0 0 2 0 1 1 0 0 1 0 2 0 0 0 3 0 0 0 3 0 1 0 0 0 2 1 0 0 1 1 0 1 0 0 1 0 1 0 2 0 0 0 1 0 2 0 0 0 0 1 0 1 0 0 3 0 1 0 1 0 3 0 1 1 0 0 1 0 2 0 1 0 3 0 1 0 2 1 0 0 0 0 1 0 3 0 1 0 3 0 3 0 0 0 0 1 0 0 3 0 0 0 2 1 0 0 2 0 0 0 1 0 2 0 3 0 2 0 3 0 1 0 3 0 3 0 2 0 3 0 2 0 1 0 2 0 2 0 2 0 2 0 1 1 0 0 1 0 2 0 0 0 0 0 1 0 0 0 3 0 1 0 3 0 1 0 2 0 2 0 2 0 3 0 0 1 0 0 3 0 3 0 2 0 0 1 0 1 0 1 0 0 3 0 0 0 0 0 1 0 0 0 0 0 3 0 0 1 0 0 0 0 3 0 2 0 0 0 3 0 0 0 2 0 1 0 0 0 2 0 2 0 2 0 0 0 1 0 0 0 0 0 2 0 0 0 1 0 3 0 1 1 0 0 2 0 0 0 1 0 1 1 0 0 0 0 1 0 0 0 3 0 2 0 1 0 3 0 3 0 1 0 0 0 1 0 3 0 2 0 3 0 0 0 2 0 0 0 2 0 2 0 3 0 3 0 0 0 3 0 2 0 2 0 1 0 3 0 1 0 1 0 0 0 1 0 1 0 1 1 0 0 1 0 2 0 0 0 1 0 1 0 3 0 1 0 1 1 0 0 2 0 2 0 2 0 0 0 0 0 2 0 0 0 1 0 2 1 0 0 3 0 1 1 0 0 2 0 1 0 1 1 0 1 0 0 2 0 1 0 0 0 3 0 0 0 0 0 3 0 3 0 1 0 2 0 0 0 1 0 2 0 0 0 0 0 3 0 2 0 3 0 1 0 1 0 3 0 0 0 1 0 3 0 3 0 0
0 825 1 1 0 1 0 0 2 0 1 0 0 0 2 0 2 0 1 0 3 0 3 0 2 0 2 0 1 0 1 0 0 0 0 0 0 0 2 0 1 1 0 0 1 0 3 0 2 0 2 0 0 0 2 0 2 1 0 0 3 0 1 0 0 0 2 0 1 0 1 0 2 0 0 0 3 0 1 0 2 0 2 1 0 0 1 0 1 0 3 0 1 0 2 0 0 0 2 1 0 1 0 0 3 0 0 0 2 1 0 0 2 0 1 0 2 1 0 0 3 0 2 0 2 0 2 0 1 1 0 0 1 0 3 0 1 0 0 1 0 0 2 1 0 1 0 0 3 0 2 0 0 0 2 1 0 0 1 0 0 0 3 0 1 0 0 0 3 0 0 0 0 1 0 0 2 0 0 0 3 0 0 1 0 0 0 0 3 0 0 1 0 0 2 0 0 0 2 0 1 0 2 0 3 0 1 0 3 0 3 0 2 0 3 0 1 0 2 1 0 0 1 0 0 0 1 0 1 1 0 0 2 1 0 1 0 0 1 0 3 0 2 0 3 0 3 0 0 0 0 0 1 0 2 0 2 1 0 0 0 0 0 0 0 0 0 0 0 0 2 0 0 0 3 0 1 0 3 0 2 0 0 0 0 1 0 0 3 0 2 1 0 0 1 0 1 0 3 0 1 0 0 0 1 0 2 1 0 0 2 1 0 0 2 0 2 0 0 0 2 0 2 0 3 0 3 0 0 1 0 0 2 1 0 1 0 1 0 0 0 1 0 1 0 0 3 0 3 0 2 0 1 0 2 0 1 0 1 0 1 0 2 0 2 1 0 0 1 1 0 0 2 0 3 0 0 0 2 0 1 0 0 0 1 0 3 0 0 0 3 0 3 0 3 0 3 0 1 1 0 0 2 0 1 0 2 0 1 0 3 0 1 0 0 1 0 1 0 0 0 0 3 0 1 0 2 1 0 0 1 0 2 1 0 0 1 0 1 1 0 1 0 0 1 0 3 0 3 0 1 1 0 1 0 0 2 1 0 1 0 0 2 1 0 0 1 1 0 0 0 0 3 0 1 1 0 0 3 0 2 0 1 0 1 1 0 0 1 0 2 0 0 1 0 1 0 0 1 0 3 0 0 0 3 0 1 0 2 1 0 0 3 0 3 0 1 0 3 0 0 1 0 0 1 0 1 0 1 0 0 1 0 1 0 0 2 1 0 0 1 0 0 0 2 0 1 0 1 1 0 0 2 1 0 0 1 0 1 0 1 0 2 0 2 1 0 0 2 0 3 0 0 0 2 1 0 1 0 1 0 0 1 0 1 0 0 0 2 0 0 0 1 0 1 0 2 0 3 0 0 0 2 0 0 0 2 0 1 0 1 1 0 0 3 0 1 0 0 0 1 0 0 0 1 0 2 0 0 0 0 1 0 0 1 0 3 0 1 1 0 1 0 1 0 0 1 0 2 0 3 0 2 1 0 0 2 0 1 0 2 0 0 1 0 0 3 0 2 0 3 0 0 0 3 0 2 0 1 0 2 0 1 1 0 0 2 0 0 0 1 0 3 0 2 0 2 0 2 0 1 0 0 1 0 0 2 0 3 0 2 0 0 0 2 0 2 0 3 0 3 0 1 1 0 0 1 0 2 0 3 0 1 1 0 0 0 0 0 0 0 0 1 0 0 0 1 0 0 1 0 0 1 0 3 0 1 0 0 0 1 1 0 1 0 1 0 1 0 0 0 0 0 0 3 0 3 0 2 0 1 0 1 0 1 0 1 0 2 0 2 1 0 0 0 0 1 0 2 1 0 0 1 0 1 0 2 0 1 0 2 0 3 0 3 0 1 0 1 0 3 0 2 0 2 0 1
1 826 1 0 0 0 0 3 0 3 0 2 0 1 0 0 0 0 1 0 0 3 0 3 0 1 0 0 0 3 0 2 0 0 0 0 0 0 1 0 1 0 1 0 0 3 0 2 0 1 0 0 0 2 0 0 0 2 0 0 0 1 0 3 0 0 1 0 0 3 0 2 1 0 0 2 0 1 1 0 0 1 0 1 1 0 0 2 0 3 0 1 1 0 0 0 0 2 0 1 0 0 1 0 0 1 0 2 0 0 1 0 1 0 1 0 0 2 0 0 0 2 0 1 0 1 0 0 1 0 1 0 0 3 0 1 0 3 0 1 1 0 0 1 0 0 1 0 0 2 0 0 0 2 0 0 1 0 0 2 0 1 0 1 0 3 0 1 0 1 0 1 0 1 0 3 0 3 0 1 0 1 0 2 0 3 0 0 0 1 0 2 0 3 0 3 0 0 1 0 1 0 0 1 0 2 1 0 0 3 0 3 0 1 0 2 1 0 0 1 1 0 0 2 0 0 0 2 1 0 0 0 0 1 0 0 0 3 0 2 0 2 0 1 0 3 0 2 0 1 0 0 0 3 0 0 0 1 1 0 0 0 0 0 0 0 0 0 0 0 1 0 0 2 0 1 1 0 0 3 0 0 0 1 0 1 1 0 0 2 0 1 1 0 0 2 0 3 0 1 0 3 0 0 0 3 0 1 0 0 0 1 0 0 0 0 0 0 0 2 0 0 0 1 0 3 0 2 0 2 1 0 0 1 0 0 1 0 0 3 0 0 1 0 1 0 0 2 0 3 0 0 1 0 0 0 0 3 0 2 0 3 0 0 0 1 1 0 1 0 0 0 0 0 0 2 0 1 1 0 0 3 0 0 0 3 0 1 0 2 0 2 0 3 0 3 0 2 1 0 1 0 1 0 1 0 0 0 1 0 0 2 0 3 0 1 1 0 0 3 0 0 0 1 1 0 0 1 1 0 0 3 0 0 1 0 0 2 1 0 0 0 0 3 0 2 0 2 0 3 0 0 0 0 1 0 0 1 0 0 1 0 0 0 1 0 0 3 0 3 0 0 0 2 0 0 0 0 0 2 0 0 0 3 0 3 0 3 0 1 1 0 0 2 1 0 0 3 0 2 0 1 0 2 0 1 1 0 0 2 0 0 0 2 0 2 1 0 0 2 0 2 0 3 0 1 0 2 0 2 0 1 1 0 1 0 0 0 1 0 0 2 0 0 1 0 1 0 0 0 0 0 0 0 1 0 0 2 0 2 0 3 0 0 0 2 0 0 0 0 0 2 0 2 0 1 0 0 1 0 0 3 0 1 0 2 0 0 1 0 0 1 0 2 0 3 0 0 0 2 0 1 1 0 0 1 1 0 1 0 0 0 0 0 0 1 0 3 0 0 0 2 0 0 0 2 1 0 0 1 0 1 0 3 0 2 0 2 0 0 0 0 1 0 0 3 0 2 0 0 0 3 0 1 1 0 1 0 1 0 0 0 0 2 1 0 0 2 0 1 0 2 0 2 0 2 0 0 1 0 0 0 1 0 1 0 1 0 0 1 0 3 0 2 0 1 0 1 0 0 0 3 0 1 1 0 0 0 0 3 0 0 0 2 0 0 0 1 0 3 0 2 1 0 1 0 0 3 0 0 0 2 1 0 1 0 0 0 0 0 0 0 0 2 0 0 0 2 0 1 0 3 0 2 0 1 0 3 0 0 1 0 0 0 1 0 1 0 0 2 1 0 0 1 0 2 0 3 0 0 0 3 0 2 0 2 0 3 0 0 0 1 1 0 0 0 0 3 0 0 1 0 0 2 0 2 1 0 1 0 0 1 0 3 0 2 0 3 0 3 0 2 0 1 0 0 1 0
1 827 1 0 3 0 0 0 2 0 3 0 0 0 3 0 0 0 1 1 0 0 2 0 2 0 3 0 1 0 2 0 0 0 1 0 0 0 1 1 0 1 0 1 0 0 2 0 0 0 3 0 0 1 0 0 1 1 0 0 1 0 3 0 1 0 2 1 0 0 2 0 1 1 0 1 0 1 0 1 0 0 2 1 0 0 0 0 0 0 2 1 0 1 0 0 0 1 0 0 3 0 1 0 3 0 1 1 0 0 2 1 0 1 0 0 3 0 3 0 0 1 0 0 3 0 2 0 1 1 0 1 0 0 1 1 0 0 2 1 0 1 0 0 2 0 1 0 3 0 3 0 0 1 0 0 2 0 3 0 3 0 2 0 3 0 1 0 3 0 2 0 2 0 3 0 2 0 2 0 3 0 3 0 0 0 2 0 1 0 3 0 0 0 3 0 2 0 2 1 0 0 3 0 2 0 1 0 0 0 2 0 2 1 0 0 1 1 0 0 3 0 3 0 3 0 1 0 0 1 0 0 0 0 2 0 1 0 2 0 1 0 0 1 0 0 3 0 0 0 3 0 1 0 1 0 1 0 3 0 2 1 0 0 0 0 0 0 0 0 1 1 0 0 0 0 0 0 0 0 1 0 1 0 2 1 0 0 0 0 0 0 0 0 0 0 0 0 2 1 0 0 2 0 2 0 1 0 3 0 0 0 2 0 0 0 0 0 0 1 0 0 1 0 3 0 2 0 1 0 1 1 0 0 2 0 1 1 0 0 1 0 2 1 0 1 0 0 0 0 2 0 2 0 3 0 0 0 2 0 1 0 2 0 1 1 0 0 0 0 2 1 0 0 1 0 0 0 0 0 0 0 1 0 2 0 1 1 0 0 1 0 1 0 3 0 3 0 2 0 0 1 0 1 0 0 3 0 0 1 0 0 0 0 3 0 0 0 0 0 1 0 1 0 3 0 3 0 2 1 0 0 1 0 2 1 0 0 0 1 0 0 1 0 2 0 1 0 1 0 2 0 1 0 1 0 3 0 1 0 1 0 3 0 0 1 0 0 2 0 2 0 1 1 0 0 1 0 0 1 0 0 2 0 2 0 3 0 3 0 0 0 0 0 1 0 0 0 2 0 0 1 0 0 0 1 0 1 0 1 0 0 2 0 0 0 2 0 0 0 0 0 1 0 2 1 0 0 1 0 1 0 0 0 0 0 3 0 0 0 3 0 3 0 1 1 0 0 2 1 0 0 0 0 1 1 0 0 0 0 1 0 2 0 1 1 0 0 1 0 1 0 0 0 0 0 3 0 1 1 0 0 1 1 0 0 0 0 2 0 3 0 2 0 0 0 2 0 1 1 0 1 0 1 0 1 0 0 0 0 2 1 0 0 0 0 3 0 1 0 1 1 0 0 2 0 0 1 0 0 2 0 3 0 2 0 1 0 0 0 1 0 1 1 0 0 2 0 0 0 2 0 2 0 0 0 0 1 0 0 3 0 0 0 0 1 0 1 0 1 0 0 1 0 1 0 0 0 2 0 3 0 0 1 0 1 0 0 3 0 2 0 2 0 0 0 3 0 2 0 1 0 1 1 0 1 0 0 1 0 1 0 1 1 0 0 1 0 3 0 2 0 2 0 0 1 0 0 1 0 2 0 1 0 0 0 2 1 0 0 0 0 0 1 0 0 1 1 0 1 0 0 3 0 0 1 0 0 2 0 2 0 3 0 0 1 0 1 0 0 0 1 0 0 3 0 0 0 2 0 2 0 2 0 1 0 1 0 2 0 1 0 3 0 3 0 0 0 1 0 2 1 0 0 0 0 2 0 0 0 3 0 2 0 2 0 1 0 3 0 3 0 0 0 3 0 1 0 2
0 827 3 0 1 0 2 0 0 0 2 0 2 0 1 0 1 1 0 0 0 0 0 0 1 0 2 1 0 0 0 0 1 0 2 0 0 1 0 0 0 1 0 0 3 0 3 0 1 0 1 0 2 0 3 0 2 0 3 0 2 0 1 1 0 0 2 0 0 0 0 0 0 0 0 1 0 1 0 1 0 0 0 1 0 0 0 0 1 0 1 0 0 0 3 0 0 1 0 0 1 1 0 0 3 0 0 0 0 0 1 0 0 1 0 0 2 0 2 0 2 1 0 0 2 0 1 0 0 0 0 0 3 0 2 1 0 0 1 0 0 0 3 0 3 0 3 0 2 0 2 0 2 1 0 0 0 0 3 0 3 0 1 0 2 1 0 0 3 0 1 0 1 0 3 0 1 0 1 0 3 0 2 0 1 1 0 1 0 0 2 0 2 0 2 0 1 0 2 0 0 0 2 0 0 0 3 0 1 0 0 0 1 1 0 1 0 0 0 0 2 0 3 0 2 0 3 0 1 0 2 1 0 1 0 1 0 0 0 0 3 0 1 1 0 0 1 0 2 0 1 0 3 0 2 0 3 0 2 0 1 1 0 0 0 0 0 0 0 0 3 0 2 1 0 0 0 0 0 0 2 0 3 0 0 1 0 0 0 0 0 0 0 0 0 0 1 0 1 0 0 0 0 0 0 1 0 0 2 0 1 1 0 0 1 0 0 0 1 0 3 0 2 0 2 0 0 0 3 0 3 0 3 0 3 0 3 0 3 0 2 0 1 0 0 0 3 0 0 0 0 0 1 0 2 0 1 1 0 1 0 0 0 1 0 1 0 0 1 0 0 1 0 0 2 0 0 0 0 0 0 0 2 1 0 1 0 1 0 0 2 0 3 0 2 0 3 0 0 0 2 1 0 1 0 0 1 0 2 0 3 0 0 0 1 0 1 0 0 0 2 0 3 0 2 0 3 0 1 1 0 0 3 0 0 1 0 0 1 0 3 0 1 1 0 0 3 0 2 1 0 0 3 0 3 0 1 0 3 0 3 0 1 0 2 1 0 0 0 0 0 1 0 1 0 0 2 0 1 1 0 0 0 0 1 0 3 0 2 0 1 0 0 0 2 0 0 1 0 0 2 0 3 0 0 1 0 1 0 0 3 0 3 0 0 1 0 0 1 0 0 0 3 0 0 1 0 0 2 0 2 0 0 0 1 0 1 0 2 0 2 0 3 0 0 0 0 0 0 1 0 0 0 0 3 0 2 1 0 0 2 1 0 1 0 1 0 0 2 0 2 0 0 0 1 0 1 1 0 1 0 0 3 0 3 0 0 0 0 0 3 0 0 0 2 0 0 0 0 0 0 1 0 1 0 0 3 0 0 0 0 1 0 0 1 0 1 0 3 0 3 0 3 0 3 0 1 1 0 0 0 0 3 0 0 0 3 0 0 0 2 0 3 0 3 0 3 0 1 0 0 0 0 0 1 0 1 1 0 0 1 0 1 0 1 1 0 1 0 0 3 0 1 0 2 0 1 0 0 0 2 0 2 1 0 1 0 0 2 0 1 0 0 0 2 0 2 0 0 1 0 0 0 0 0 0 3 0 1 0 2 0 3 0 3 0 2 0 2 0 1 0 0 0 2 0 3 0 1 1 0 0 3 0 1 0 0 1 0 0 0 0 1 0 3 0 2 1 0 1 0 0 1 0 2 1 0 0 0 0 1 0 2 0 2 1 0 0 3 0 0 1 0 0 1 0 2 0 0 0 1 0 0 0 3 0 2 1 0 1 0 0 3 0 2 0 1 0 3 0 0 1 0 0 0 1 0 0 2 0 2 0 1 0 0 1 0 0 3 0 2 0 2 0 1 1 0 0 1
0 829 1 0 1 1 0 0 0 0 2 0 0 0 0 0 3 0 3 0 2 1 0 0 0 0 3 0 0 1 0 0 0 0 2 1 0 0 2 0 3 0 0 1 0 0 2 0 2 0 3 0 3 0 0 0 3 0 1 0 3 0 0 1 0 1 0 1 0 0 1 0 0 0 0 0 1 1 0 1 0 0 3 0 0 0 2 1 0 0 2 0 2 0 1 0 1 0 2 0 3 0 2 1 0 0 1 0 1 0 0 0 2 0 1 1 0 0 0 0 1 0 1 1 0 1 0 0 3 0 0 0 1 0 2 0 1 1 0 0 2 0 1 0 2 0 3 0 3 0 1 0 1 0 1 1 0 0 1 0 2 0 2 1 0 0 2 0 0 0 1 0 3 0 3 0 1 0 3 0 3 0 2 0 1 0 0 0 0 1 0 0 0 0 1 0 0 1 0 0 0 0 1 1 0 0 2 0 1 0 3 0 0 1 0 0 0 0 3 0 0 0 0 0 3 0 1 0 2 1 0 0 2 0 0 1 0 0 3 0 0 0 1 1 0 1 0 0 2 1 0 1 0 0 3 0 1 0 3 0 0 1 0 1 0 0 0 0 0 0 1 0 2 0 1 1 0 0 0 0 1 0 0 0 2 0 2 0 2 1 0 0 0 0 0 0 0 0 2 0 2 0 0 0 0 0 1 0 3 0 3 0 3 0 3 0 1 0 0 0 3 0 2 0 1 0 0 0 2 0 2 0 3 0 3 0 3 0 3 0 3 0 0 0 3 0 1 0 1 0 1 0 0 0 3 0 0 0 0 0 0 0 3 0 0 1 0 0 3 0 1 0 1 0 3 0 3 0 0 0 0 0 1 0 1 0 0 1 0 1 0 0 0 0 3 0 1 0 2 0 2 0 1 0 0 0 3 0 2 0 0 0 2 0 1 0 2 0 2 0 1 0 0 0 3 0 1 0 3 0 0 0 0 0 1 0 2 0 3 0 2 0 2 0 0 0 0 0 2 0 2 0 0 0 2 0 2 1 0 0 3 0 2 1 0 0 1 1 0 0 0 0 1 1 0 0 3 0 3 0 3 0 2 1 0 0 3 0 2 0 0 0 3 0 0 1 0 0 2 1 0 0 0 0 2 0 2 1 0 1 0 0 2 0 2 0 2 0 3 0 1 0 1 0 1 0 2 1 0 0 0 0 0 0 1 0 2 0 3 0 0 0 1 0 2 0 1 0 0 0 1 0 3 0 0 0 2 0 2 0 0 0 1 0 0 1 0 1 0 0 0 0 0 0 1 0 2 1 0 0 0 1 0 0 2 0 2 0 1 0 1 0 1 0 1 1 0 0 1 0 0 0 1 1 0 1 0 0 1 0 1 0 1 0 3 0 1 0 3 0 2 0 3 0 3 0 2 1 0 1 0 0 1 0 1 0 2 0 1 0 2 0 0 0 3 0 3 0 2 0 3 0 0 0 0 0 2 0 3 0 3 0 1 0 2 1 0 0 0 1 0 0 1 1 0 0 0 0 3 0 1 0 0 0 2 0 0 0 3 0 3 0 2 0 1 0 0 0 0 0 2 0 2 1 0 0 1 0 1 1 0 0 1 0 3 0 3 0 1 0 0 0 3 0 1 0 0 0 3 0 0 0 0 0 1 0 3 0 1 0 2 1 0 0 3 0 2 0 2 0 0 0 3 0 2 0 0 1 0 0 0 0 3 0 0 0 2 0 0 0 1 0 2 0 3 0 1 1 0 0 1 0 2 0 1 0 2 0 2 0 0 1 0 0 2 0 0 1 0 0 2 0 2 0 3 0 0 1 0 0 0 0 0 0 3 0 1 1 0 0 2 0 1 0 0 1 0 1 0 0 2
1 829 2 0 3 0 2 1 0 1 0 0 1 0 1 0 2 0 3 0 1 1 0 0 1 0 1 0 2 0 3 0 0 0 1 0 0 0 0 0 2 0 2 1 0 0 0 0 1 0 3 0 2 0 2 0 1 1 0 0 2 0 2 1 0 1 0 0 3 0 1 0 0 0 0 1 0 0 0 1 0 0 1 0 2 0 1 0 0 0 0 0 0 0 3 0 3 0 0 0 3 0 1 1 0 0 2 0 2 0 0 1 0 1 0 1 0 0 0 0 2 1 0 0 0 1 0 0 1 0 1 0 2 1 0 1 0 1 0 1 0 1 0 0 1 0 3 0 2 0 3 0 2 0 3 0 3 0 2 0 0 0 1 1 0 1 0 0 1 0 3 0 2 0 2 1 0 0 3 0 3 0 0 0 3 0 0 0 1 0 2 1 0 0 2 0 1 0 2 1 0 0 3 0 3 0 3 0 3 0 1 0 2 0 3 0 0 0 1 0 1 0 1 0 1 1 0 0 1 1 0 1 0 0 2 1 0 0 1 0 1 1 0 0 0 1 0 0 1 0 0 1 0 0 1 1 0 0 2 0 2 1 0 0 2 1 0 0 0 0 2 1 0 1 0 1 0 0 0 0 2 0 1 0 0 0 1 0 1 1 0 0 0 0 0 0 1 0 0 0 0 0 1 0 0 0 3 0 2 0 3 0 3 0 2 0 3 0 1 0 2 0 0 0 3 0 1 0 0 0 1 0 3 0 3 0 3 0 3 0 2 0 2 0 1 0 3 0 2 0 2 0 1 0 1 0 1 0 0 0 1 0 1 0 2 1 0 0 1 0 3 0 3 0 2 0 2 0 1 0 0 0 2 0 2 0 1 1 0 0 3 0 0 0 1 1 0 0 1 0 0 0 3 0 1 0 2 0 0 0 1 1 0 1 0 0 1 0 0 0 3 0 1 0 1 1 0 0 2 0 1 0 0 0 3 0 0 0 3 0 1 0 0 0 1 0 1 0 0 0 0 0 2 0 0 0 2 0 0 0 2 0 1 1 0 0 3 0 2 1 0 1 0 0 0 0 2 0 3 0 3 0 2 0 0 0 2 0 0 0 2 0 1 0 2 1 0 0 0 1 0 0 1 0 0 0 2 0 0 1 0 0 0 0 1 0 1 0 2 0 3 0 2 0 3 0 0 1 0 0 0 0 0 0 3 0 0 0 2 0 1 0 2 1 0 0 3 0 0 0 3 0 1 0 2 0 0 0 0 0 1 0 2 0 1 1 0 0 2 1 0 0 0 0 3 0 0 1 0 0 1 1 0 0 0 0 0 0 3 0 2 0 2 0 3 0 3 0 1 0 0 1 0 0 0 0 3 0 1 0 2 0 3 0 1 1 0 0 3 0 1 0 3 0 3 0 2 0 0 0 3 0 1 0 2 1 0 1 0 0 0 0 2 0 2 0 3 0 1 0 2 0 1 0 1 0 0 0 3 0 2 1 0 0 1 1 0 0 1 0 3 0 2 0 3 0 0 0 1 0 3 0 0 1 0 0 2 0 2 0 3 0 0 0 3 0 0 0 1 0 0 0 1 1 0 0 2 0 3 0 3 0 2 0 2 0 2 0 3 0 1 0 1 0 3 0 1 0 1 0 1 0 0 0 3 0 1 1 0 0 2 0 0 0 2 0 1 0 0 0 2 0 2 0 0 0 2 0 3 0 0 0 1 0 1 1 0 0 1 0 3 0 0 0 2 1 0 1 0 0 2 1 0 1 0 0 1 0 0 0 2 0 3 0 3 0 1 1 0 0 0 0 1 0 2 0 2 0 2 1 0 0 1 0 1 1 0 1 0 1 0 0 3 0 1 1 0 1 0 0 0
1 831 1 0 0 0 3 0 2 0 0 0 3 0 1 0 3 0 0 0 2 1 0 1 0 0 2 0 3 0 0 0 2 0 1 0 2 0 0 0 1 0 0 0 1 1 0 0 0 0 3 0 2 0 1 0 1 0 0 0 0 0 0 0 2 0 0 1 0 0 1 0 3 0 0 0 1 0 3 0 0 0 3 0 1 1 0 0 3 0 0 0 0 0 1 0 2 0 2 0 2 0 2 0 0 0 0 0 0 0 0 0 2 1 0 1 0 0 3 0 0 0 0 1 0 0 1 0 3 0 1 0 3 0 1 0 0 1 0 1 0 1 0 0 3 0 2 0 2 0 1 0 3 0 1 0 3 0 3 0 0 0 1 1 0 0 0 0 3 0 2 0 2 0 1 0 2 0 0 0 2 0 2 0 2 0 1 0 1 0 3 0 0 1 0 1 0 1 0 0 2 0 0 0 2 0 3 0 3 0 2 1 0 0 1 0 2 0 1 0 2 0 2 0 2 0 3 0 3 0 2 1 0 1 0 0 0 1 0 0 2 0 3 0 3 0 0 0 3 0 1 0 1 0 3 0 2 1 0 0 0 0 2 0 0 0 0 1 0 0 1 0 1 0 0 1 0 0 2 1 0 1 0 0 3 0 0 0 2 0 3 0 2 1 0 0 0 0 2 0 0 0 0 0 2 0 1 0 2 0 1 0 3 0 3 0 1 0 2 1 0 0 0 0 2 0 1 0 3 0 0 0 3 0 2 0 3 0 3 0 3 0 1 0 0 1 0 0 3 0 1 0 0 0 3 0 2 0 2 0 0 0 2 0 3 0 0 1 0 0 3 0 2 0 3 0 1 0 0 0 3 0 1 0 0 0 1 0 0 0 0 0 1 0 1 0 3 0 3 0 1 0 1 0 1 1 0 0 0 0 1 1 0 0 0 0 3 0 1 0 1 0 1 0 3 0 3 0 3 0 3 0 2 0 1 0 1 0 2 0 1 0 3 0 0 0 2 0 2 0 0 0 0 1 0 0 1 1 0 0 2 0 0 0 0 0 0 0 2 0 2 0 0 0 3 0 0 0 0 0 3 0 3 0 0 0 1 1 0 0 1 1 0 1 0 0 1 1 0 0 1 0 3 0 1 0 0 1 0 0 2 0 2 1 0 0 2 0 3 0 0 0 3 0 1 0 2 0 2 0 2 1 0 0 1 0 1 0 1 1 0 1 0 0 2 0 0 0 1 0 2 0 1 1 0 0 0 0 1 0 0 0 3 0 0 0 0 0 0 0 0 1 0 0 1 0 1 0 2 0 3 0 2 0 2 1 0 0 1 0 2 0 1 0 1 0 3 0 2 0 3 0 1 0 3 0 0 0 1 1 0 0 1 0 3 0 0 0 0 0 1 1 0 0 3 0 3 0 0 0 2 0 1 1 0 0 2 0 0 0 3 0 0 0 0 0 1 0 2 1 0 0 0 0 3 0 2 0 1 0 2 0 1 1 0 0 3 0 3 0 2 0 2 0 1 0 2 0 1 0 3 0 1 0 2 1 0 0 0 0 1 0 2 0 2 0 1 0 1 0 2 0 0 1 0 0 0 0 0 0 3 0 3 0 1 0 1 0 1 0 2 0 3 0 3 0 1 0 3 0 2 0 2 0 1 0 1 1 0 1 0 1 0 0 1 1 0 0 3 0 1 0 0 0 0 0 2 0 0 0 2 0 1 0 2 0 3 0 3 0 2 0 1 0 2 0 1 0 0 1 0 0 1 0 0 0 3 0 1 0 1 0 0 0 3 0 2 1 0 1 0 0 0 0 3 0 0 0 1 0 1 1 0 0 2 1 0 0 0 1 0 1 0 0 2 0 0 0 0 0 2 1 0
1 831 2 0 1 0 2 0 0 0 2 0 1 1 0 0 2 0 2 0 1 0 0 1 0 0 0 0 2 0 1 1 0 1 0 0 0 0 1 0 2 0 0 0 3 0 3 0 0 0 2 0 0 0 3 0 2 0 0 0 0 0 0 1 0 0 2 0 3 0 2 0 1 0 1 0 3 0 1 0 2 0 2 0 0 0 0 0 1 0 1 0 0 0 3 0 0 0 1 0 1 0 0 0 1 0 0 0 0 0 1 0 1 0 0 1 0 0 1 0 1 0 1 0 3 0 2 0 1 1 0 0 2 0 3 0 1 1 0 1 0 1 0 0 2 0 1 0 0 1 0 0 2 1 0 0 3 0 2 0 1 0 3 0 3 0 0 0 2 0 1 0 0 1 0 0 0 0 2 0 0 0 1 0 0 0 3 0 3 0 1 0 2 1 0 1 0 0 3 0 3 0 1 0 0 0 3 0 3 0 1 1 0 0 2 1 0 1 0 0 1 0 1 0 1 0 3 0 3 0 2 0 0 0 3 0 0 1 0 0 0 0 3 0 2 0 2 0 1 0 3 0 3 0 2 0 1 1 0 0 0 1 0 0 1 0 1 0 3 0 1 0 2 0 1 1 0 0 1 0 0 1 0 0 1 0 2 0 0 0 3 0 1 1 0 0 0 1 0 0 1 0 0 1 0 1 0 0 0 1 0 0 3 0 2 1 0 0 1 1 0 0 0 1 0 1 0 0 2 0 2 0 2 0 1 0 3 0 3 0 2 0 3 0 1 1 0 0 1 0 3 0 1 0 2 0 1 0 0 0 2 0 0 0 2 0 2 1 0 0 2 0 1 0 2 0 3 0 1 0 1 0 3 0 0 0 2 0 0 0 0 0 2 0 3 0 2 0 2 0 3 0 2 0 3 0 2 1 0 0 3 0 3 0 0 0 1 0 3 0 2 0 3 0 2 0 3 0 3 0 3 0 0 0 3 0 2 1 0 1 0 0 2 0 2 0 0 0 0 0 1 0 1 0 3 0 2 0 3 0 3 0 0 0 0 0 1 0 0 0 0 0 2 0 1 0 1 0 1 0 2 0 2 0 1 0 3 0 3 0 2 1 0 0 3 0 2 0 3 0 2 0 1 0 3 0 1 1 0 0 0 0 2 0 0 0 0 0 2 0 2 0 1 1 0 0 1 0 1 0 1 1 0 0 2 0 2 1 0 0 0 0 3 0 3 0 0 0 2 1 0 1 0 1 0 0 0 0 2 0 1 0 1 0 1 0 0 0 0 0 1 0 3 0 1 0 3 0 0 0 3 0 1 0 1 1 0 0 2 1 0 0 3 0 3 0 2 0 1 0 2 1 0 0 2 0 1 0 3 0 3 0 2 0 1 0 1 0 0 1 0 0 0 0 2 0 2 0 1 1 0 1 0 1 0 1 0 0 2 0 1 0 1 0 0 0 3 0 0 1 0 0 1 0 2 0 0 1 0 0 1 0 0 0 0 0 2 0 3 0 1 0 0 1 0 0 0 1 0 0 2 1 0 0 1 1 0 0 0 0 3 0 0 0 0 0 3 0 2 1 0 0 2 0 2 1 0 0 1 0 2 0 2 0 3 0 2 0 3 0 0 0 3 0 2 1 0 0 3 0 1 0 0 1 0 0 0 0 0 1 0 0 3 0 2 1 0 0 1 0 3 0 0 0 0 1 0 0 1 1 0 1 0 0 1 0 3 0 3 0 0 1 0 0 0 0 3 0 1 0 3 0 1 0 1 0 1 0 3 0 2 0 1 0 2 0 2 0 0 0 3 0 0 0 1 0 1 0 2 1 0 0 0 0 0 1 0 0 1 1 0 0 3 0 3 0 0 0 1 0 0 1 0
1 832 1 0 1 0 0 0 0 2 0 0 0 0 0 0 0 0 0 0 0 3 0 1 0 3 0 0 0 0 0 0 0 0 0 2 1 0 0 2 1 0 0 2 0 2 0 2 0 1 1 0 0 2 0 2 0 0 0 1 0 0 0 1 1 0 0 0 0 3 0 0 0 3 0 3 0 1 1 0 0 1 0 0 0 1 0 0 0 2 0 2 0 1 0 1 0 1 0 2 0 2 0 0 0 2 0 0 0 0 0 2 0 2 0 1 0 3 0 1 0 2 0 3 0 2 0 1 0 0 0 0 0 0 0 3 0 0 0 0 1 0 0 3 0 3 0 2 0 1 1 0 0 1 0 0 0 2 0 0 1 0 0 3 0 2 0 1 1 0 0 3 0 1 0 2 1 0 1 0 0 1 0 2 0 1 0 2 0 2 1 0 0 2 0 0 1 0 0 2 0 2 0 3 0 1 0 2 0 3 0 0 0 0 0 1 0 0 0 3 0 1 0 2 0 3 0 2 0 3 0 0 0 2 0 1 0 2 0 3 0 0 0 2 0 1 0 0 1 0 0 3 0 3 0 0 1 0 1 0 0 1 0 3 0 1 0 3 0 1 1 0 0 0 1 0 1 0 0 2 0 1 0 3 0 1 1 0 0 2 0 1 1 0 1 0 0 1 0 3 0 1 0 1 1 0 0 3 0 0 1 0 0 2 0 1 1 0 0 3 0 3 0 0 1 0 1 0 0 0 0 1 0 0 1 0 0 3 0 3 0 1 0 2 1 0 1 0 0 3 0 1 1 0 0 0 0 3 0 0 1 0 0 2 0 0 0 1 1 0 1 0 1 0 0 1 0 2 0 3 0 3 0 1 0 1 1 0 0 1 0 1 0 0 0 3 0 1 0 1 0 3 0 1 0 3 0 2 0 0 0 2 0 2 0 1 0 3 0 2 0 1 0 3 0 1 0 3 0 3 0 2 0 2 0 2 0 2 0 0 1 0 0 0 0 0 0 1 0 0 0 2 0 3 0 2 0 1 0 3 0 2 0 1 0 0 0 2 0 0 0 0 1 0 0 3 0 2 0 3 0 0 0 0 1 0 0 3 0 3 0 2 0 0 0 2 0 1 0 3 0 0 1 0 0 2 1 0 1 0 0 0 1 0 0 1 0 1 0 0 0 0 1 0 1 0 0 2 0 2 1 0 0 0 0 0 0 1 1 0 0 1 0 2 0 2 0 2 0 1 0 0 1 0 0 2 1 0 1 0 0 3 0 2 0 2 0 0 0 0 0 3 0 1 1 0 0 2 0 2 0 1 1 0 0 0 0 0 0 1 0 0 0 2 0 3 0 0 1 0 0 1 1 0 1 0 1 0 0 3 0 3 0 0 0 3 0 2 0 1 0 3 0 0 0 0 0 1 0 0 0 0 1 0 1 0 0 3 0 3 0 2 0 2 0 1 0 1 0 2 0 3 0 1 1 0 0 2 0 3 0 1 0 0 0 1 0 0 0 2 0 3 0 1 0 3 0 0 1 0 0 0 1 0 0 3 0 3 0 0 0 1 0 1 0 1 0 2 0 2 0 0 0 0 0 1 1 0 0 3 0 0 0 1 0 3 0 1 0 2 0 2 0 2 0 2 0 0 0 1 0 3 0 1 0 2 1 0 0 1 1 0 0 2 0 1 1 0 0 3 0 1 0 1 0 1 0 3 0 2 1 0 0 3 0 2 0 2 0 2 0 2 0 3 0 0 0 1 1 0 0 2 0 3 0 2 0 3 0 2 0 0 1 0 0 1 0 0 0 2 0 1 0 1 0 2 0 3 0 0 1 0 0 0 0 1 0 3 0 2 1 0 0 2 0 2 0 1 0 2 0 1 0 2
0 833 1 1 0 0 2 1 0 1 0 0 1 0 0 0 0 0 0 0 1 0 1 1 0 0 2 0 1 0 0 0 0 0 1 0 1 0 0 0 1 0 0 0 0 0 1 0 1 0 0 0 0 0 0 0 0 0 1 0 2 0 0 0 3 0 3 0 0 0 1 0 2 0 2 0 2 1 0 1 0 0 2 0 0 0 2 0 1 0 0 0 0 0 3 0 2 0 3 0 0 0 0 0 1 1 0 0 1 0 1 0 0 0 0 1 0 0 2 1 0 0 1 0 3 0 0 0 3 0 0 0 0 0 1 0 1 0 1 0 1 1 0 0 2 0 3 0 0 1 0 1 0 0 2 0 0 1 0 0 2 1 0 0 2 0 1 0 0 0 0 0 1 1 0 0 2 0 0 0 3 0 1 1 0 1 0 0 1 0 1 1 0 1 0 0 2 1 0 0 0 0 1 0 2 1 0 0 1 0 2 0 1 0 0 0 2 0 1 0 1 1 0 0 1 0 3 0 1 0 2 0 1 1 0 1 0 0 1 0 2 0 1 1 0 0 3 0 1 1 0 0 2 0 2 0 2 1 0 0 3 0 2 0 1 1 0 0 2 1 0 1 0 0 1 1 0 0 3 0 3 0 3 0 2 0 0 0 0 0 0 0 0 0 0 0 3 0 2 0 1 1 0 0 0 0 0 0 1 0 2 1 0 0 0 0 0 0 0 0 2 0 2 0 2 1 0 0 2 1 0 0 2 0 1 1 0 0 2 0 2 1 0 0 2 0 0 1 0 0 1 1 0 1 0 0 1 0 1 0 2 0 3 0 3 0 0 1 0 0 0 1 0 0 3 0 2 0 0 0 3 0 2 0 3 0 3 0 3 0 1 0 2 0 1 0 1 0 3 0 3 0 1 1 0 0 3 0 0 0 2 0 0 0 0 1 0 0 3 0 0 1 0 0 2 1 0 0 3 0 3 0 1 0 1 0 1 0 0 0 2 0 2 1 0 0 0 0 2 0 1 0 0 0 3 0 0 1 0 0 3 0 0 0 3 0 0 1 0 0 1 0 1 1 0 0 2 0 1 0 2 0 1 0 1 1 0 0 2 0 3 0 0 0 1 1 0 1 0 0 2 0 2 1 0 0 1 0 0 0 3 0 0 0 3 0 1 0 2 0 0 0 1 1 0 1 0 0 0 0 1 1 0 0 0 0 0 0 3 0 3 0 2 0 0 0 1 0 0 0 3 0 1 1 0 0 1 0 0 1 0 0 2 0 1 0 0 0 1 0 1 0 2 0 0 0 0 0 0 0 0 1 0 1 0 0 0 0 0 0 2 0 1 0 0 0 2 0 2 0 3 0 2 1 0 1 0 1 0 0 2 0 2 0 2 0 2 0 0 1 0 0 2 0 1 0 0 0 2 0 0 0 1 1 0 1 0 0 2 0 3 0 1 0 0 0 3 0 3 0 0 0 3 0 0 0 0 0 0 0 2 0 3 0 0 0 2 0 1 0 0 0 2 1 0 0 2 0 2 0 3 0 0 1 0 0 2 0 2 0 1 0 2 0 2 0 3 0 0 0 0 0 1 0 0 1 0 0 0 0 1 0 1 0 3 0 1 1 0 0 1 0 1 0 1 0 0 0 1 0 3 0 1 1 0 0 1 1 0 1 0 0 0 0 0 0 0 0 0 0 1 0 3 0 2 0 3 0 2 0 2 0 0 0 2 0 1 0 1 0 1 0 1 0 2 0 1 1 0 0 0 0 0 0 3 0 1 0 3 0 0 0 2 0 3 0 1 0 0 1 0 0 3 0 3 0 0 0 2 0 2 0 2 1 0 0 3 0 2 0 2 0 0 0 0 0 0 1 0 0 0 1 0 0 1
0 834 1 0 0 0 0 1 0 0 0 3 0 1 0 0 0 0 0 0 0 2 0 3 0 3 0 3 0 2 0 0 0 0 0 2 0 2 0 0 0 2 0 0 0 0 0 2 0 2 0 0 0 0 0 0 0 0 0 2 1 0 0 2 0 2 0 2 0 1 0 3 0 0 0 1 0 2 0 0 0 3 0 3 0 0 1 0 0 3 0 0 0 1 0 2 0 1 0 2 0 1 0 0 0 3 0 3 0 1 0 2 0 0 0 1 1 0 0 0 1 0 0 3 0 1 0 2 0 1 0 1 0 0 0 2 0 2 0 2 1 0 0 0 0 0 0 2 0 2 1 0 0 3 0 3 0 1 1 0 0 0 1 0 1 0 0 3 0 0 0 0 0 3 0 3 0 3 0 1 0 2 0 0 0 0 0 3 0 1 1 0 0 0 1 0 0 0 1 0 0 0 0 3 0 0 1 0 0 2 1 0 0 3 0 0 1 0 0 3 0 3 0 3 0 2 0 1 1 0 0 1 0 0 0 0 0 3 0 2 0 0 0 0 0 0 0 2 0 0 0 0 0 0 0 1 0 2 0 0 0 2 0 1 0 0 0 0 0 1 0 0 0 3 0 2 1 0 0 2 0 3 0 3 0 0 0 1 0 0 0 0 0 0 0 1 0 2 0 0 1 0 1 0 0 0 0 0 0 3 0 0 1 0 0 0 0 0 0 1 0 0 0 1 0 2 0 0 0 1 0 0 0 0 0 0 0 0 0 0 0 1 1 0 1 0 0 2 0 3 0 2 1 0 0 3 0 1 0 3 0 0 0 3 0 2 0 2 0 3 0 0 1 0 0 2 0 0 0 2 0 2 0 1 0 3 0 3 0 2 1 0 0 0 0 3 0 3 0 2 0 3 0 0 0 0 0 1 0 1 1 0 0 1 0 1 1 0 0 1 0 2 1 0 0 1 0 0 0 2 0 2 0 3 0 2 0 2 0 1 0 0 0 1 1 0 0 0 1 0 0 3 0 1 0 1 0 2 1 0 0 1 0 2 0 1 0 2 0 3 0 1 0 3 0 3 0 3 0 2 1 0 1 0 0 0 0 0 0 0 0 2 0 1 1 0 0 0 1 0 0 0 0 1 1 0 0 2 0 1 0 1 0 2 0 1 1 0 0 0 0 1 1 0 0 0 0 2 1 0 0 3 0 2 1 0 0 1 0 2 0 3 0 0 0 1 0 2 0 1 0 1 1 0 1 0 0 2 0 1 0 3 0 3 0 2 0 0 0 2 0 2 1 0 0 1 0 0 0 0 0 1 1 0 0 2 1 0 0 0 1 0 0 3 0 1 0 0 0 1 0 3 0 2 0 0 1 0 1 0 0 0 0 1 0 1 0 0 0 2 0 3 0 3 0 2 0 0 1 0 0 1 1 0 0 0 1 0 0 0 0 2 0 3 0 1 0 2 0 2 0 2 0 1 0 1 0 0 0 1 0 0 0 2 0 1 1 0 0 3 0 1 0 1 0 0 0 0 0 1 0 2 0 2 1 0 0 0 0 0 1 0 0 1 0 1 0 2 0 1 0 0 0 2 0 1 0 2 1 0 0 2 0 3 0 1 1 0 1 0 0 2 0 2 0 2 0 0 0 3 0 1 1 0 1 0 1 0 0 0 0 2 1 0 0 0 0 0 0 0 0 3 0 2 0 1 0 3 0 1 0 0 0 1 1 0 0 3 0 2 0 2 0 2 1 0 1 0 1 0 0 0 0 1 0 1 1 0 0 2 0 2 0 0 0 2 0 3 0 1 1 0 0 2 0 2 0 2 0 0 0 1 0 2 0 0 0 2 0 1 0 0 0 1 0 0 0 1 0 3 0 0 0 3 0 1
1 835 1 0 2 1 0 0 2 0 1 0 1 0 3 0 0 0 0 0 1 0 0 0 3 0 3 0 3 0 0 0 1 0 1 0 0 0 0 0 1 1 0 0 1 0 1 0 0 0 0 0 1 0 0 0 0 0 1 0 1 0 0 0 0 0 1 0 0 1 0 0 2 0 1 0 2 1 0 0 2 0 2 0 2 0 2 1 0 0 1 0 1 0 2 1 0 1 0 0 0 0 3 0 1 0 2 0 2 1 0 0 0 0 1 0 3 0 3 0 0 1 0 0 1 1 0 0 0 0 3 0 2 0 1 0 0 0 1 0 1 1 0 0 0 0 1 0 0 0 2 0 0 0 2 0 2 1 0 1 0 0 1 1 0 1 0 0 1 0 1 0 1 0 2 0 3 0 2 1 0 0 0 0 1 0 1 0 1 1 0 1 0 0 1 0 3 0 0 0 3 0 0 0 1 0 2 1 0 0 1 0 0 0 1 0 2 1 0 0 2 0 3 0 3 0 0 1 0 1 0 0 2 0 0 0 1 0 2 0 0 0 1 0 0 0 0 1 0 0 1 0 0 0 0 0 2 1 0 0 1 1 0 0 3 0 0 0 0 0 2 0 1 0 2 0 2 0 0 0 0 0 3 0 2 0 1 0 2 0 0 0 0 0 0 0 2 1 0 0 2 1 0 0 2 1 0 0 1 0 1 0 2 0 2 1 0 0 0 0 2 0 0 0 2 1 0 0 1 0 2 0 0 0 0 0 0 0 0 0 0 1 0 0 0 1 0 0 0 0 3 0 2 0 0 0 1 1 0 0 2 0 2 0 2 0 1 0 1 0 2 0 2 0 3 0 3 0 1 0 0 0 0 1 0 0 3 0 3 0 1 1 0 0 1 0 2 0 3 0 1 0 2 0 1 0 0 0 2 0 3 0 3 0 1 0 3 0 3 0 2 0 0 1 0 0 2 0 1 0 0 0 1 0 3 0 1 0 0 0 3 0 0 0 3 0 3 0 0 1 0 0 1 0 3 0 3 0 0 1 0 0 2 1 0 1 0 0 1 0 2 1 0 0 3 0 3 0 3 0 2 0 0 0 2 1 0 0 0 0 0 1 0 1 0 1 0 0 1 0 2 1 0 0 3 0 3 0 3 0 2 0 2 1 0 1 0 1 0 0 0 0 3 0 3 0 0 0 1 0 0 0 2 0 1 1 0 0 3 0 0 0 2 0 1 0 2 1 0 1 0 0 0 0 0 0 3 0 3 0 3 0 2 0 3 0 0 0 2 0 0 0 1 1 0 0 2 0 0 0 0 1 0 0 0 0 0 1 0 0 1 1 0 0 1 0 3 0 0 0 3 0 2 0 0 0 2 1 0 0 2 1 0 0 2 0 2 0 1 0 0 0 3 0 3 0 0 0 2 0 3 0 2 0 3 0 0 0 3 0 0 0 0 0 2 1 0 0 1 0 1 0 0 0 3 0 2 0 0 0 2 0 1 0 0 0 0 0 0 0 1 0 3 0 2 0 0 0 0 0 3 0 0 0 1 1 0 0 0 0 1 0 3 0 1 0 2 1 0 0 3 0 0 1 0 1 0 0 2 0 0 0 0 0 3 0 0 0 0 1 0 0 0 0 1 0 0 0 2 0 2 0 0 0 0 1 0 0 3 0 0 0 0 1 0 0 0 0 0 0 1 0 2 0 0 1 0 0 2 0 3 0 0 1 0 0 0 0 2 0 1 0 1 0 2 0 0 1 0 0 2 1 0 0 2 1 0 0 0 0 0 0 0 0 2 0 0 0 3 0 0 0 0 0 0 0 1 0 0 0 1 0 2 1 0 0 1 1 0 0 3 0 0 0 2 0 0 0 3 0 1 0 2 0 1 1 0
1 835 3 0 0 1 0 1 0 0 3 0 3 0 1 0 1 0 0 0 2 0 1 0 2 0 3 0 2 0 1 0 2 0 2 0 0 0 0 0 3 0 3 0 1 0 2 0 0 0 0 0 2 0 0 0 0 0 2 0 2 0 0 0 0 0 2 0 1 0 3 0 3 0 3 0 1 0 0 0 0 0 1 0 1 0 1 1 0 0 2 0 3 0 1 0 0 0 3 0 0 0 1 1 0 0 1 0 1 1 0 0 0 0 3 0 2 0 2 0 2 0 3 0 2 0 3 0 0 0 2 0 0 0 3 0 0 0 2 0 3 0 2 1 0 0 2 0 0 1 0 0 2 0 0 0 2 0 0 0 3 0 2 1 0 0 3 0 1 0 2 0 3 0 0 0 3 0 1 1 0 0 0 0 2 0 2 1 0 0 0 0 3 0 2 0 1 0 2 0 1 0 1 0 3 0 0 1 0 0 2 0 0 0 3 0 1 0 0 0 0 0 3 0 2 0 2 1 0 0 3 0 3 0 0 0 2 1 0 0 1 0 2 0 0 0 1 0 3 0 1 0 0 0 1 0 0 1 0 1 0 0 0 0 1 0 1 0 0 1 0 1 0 0 1 0 0 0 1 0 1 0 2 0 0 1 0 0 0 0 1 0 0 0 1 0 1 0 0 0 1 0 0 0 0 1 0 0 2 0 3 0 0 0 1 1 0 0 0 1 0 0 2 0 0 1 0 0 2 1 0 0 1 0 0 0 0 0 0 0 1 0 3 0 0 0 3 0 0 0 2 0 0 0 1 1 0 0 0 0 0 0 1 0 0 0 3 0 3 0 0 0 1 0 3 0 2 0 3 0 0 0 1 1 0 0 2 0 2 1 0 1 0 0 3 0 0 0 2 1 0 0 0 0 3 0 1 0 0 0 3 0 2 1 0 0 3 0 3 0 0 0 2 0 3 0 3 0 2 0 0 0 3 0 1 0 3 0 1 0 1 0 2 0 2 0 2 0 2 0 3 0 2 0 2 0 2 0 2 1 0 0 1 0 0 0 3 0 2 0 1 0 0 0 2 0 3 0 3 0 0 0 2 0 0 1 0 0 0 0 1 1 0 1 0 0 3 0 2 0 1 0 0 0 2 0 3 0 3 0 1 0 2 0 0 1 0 0 3 0 0 0 2 0 2 0 1 0 2 0 1 0 0 0 0 0 0 0 1 0 1 1 0 1 0 0 2 0 0 0 2 1 0 0 1 0 2 0 3 0 3 0 1 0 2 0 1 1 0 0 1 0 3 0 3 0 3 0 0 0 1 0 2 1 0 0 1 0 3 0 2 0 3 0 2 0 1 0 2 0 2 0 0 0 2 0 1 0 0 0 1 0 0 0 0 0 0 0 3 0 1 0 2 0 2 0 2 0 0 0 3 0 1 0 2 0 2 0 1 0 1 0 1 0 0 1 0 0 2 0 2 0 1 0 2 0 0 0 1 1 0 0 3 0 0 0 0 0 0 0 3 0 2 0 0 0 1 0 1 0 1 0 1 0 3 0 2 1 0 0 3 0 1 1 0 0 2 0 0 0 1 0 2 1 0 0 3 0 3 0 0 0 1 0 1 0 1 0 1 0 2 1 0 0 2 0 1 0 0 0 0 0 1 0 1 1 0 0 1 0 1 0 1 0 2 1 0 0 0 0 2 1 0 0 2 1 0 0 0 0 2 0 2 0 2 1 0 1 0 0 3 0 2 1 0 0 2 1 0 0 1 0 0 0 0 1 0 0 0 0 0 0 0 1 0 0 2 0 1 0 1 0 0 0 0 0 2 0 0 0 3 0 0 1 0 1 0 0 0 0 1 0 1 1 0 0 2 0 1 1 0 0 0 1 0 1 0
0 837 1 0 1 0 2 1 0 1 0 0 2 0 2 0 3 0 2 0 0 1 0 1 0 0 1 0 3 0 0 1 0 0 1 0 0 0 1 0 1 0 2 0 2 1 0 0 0 0 1 0 0 1 0 0 1 0 1 0 0 0 0 0 1 0 0 1 0 1 0 0 3 0 3 0 2 0 3 0 0 0 0 0 2 0 2 1 0 0 0 0 0 0 2 0 3 0 1 0 1 0 1 0 3 0 3 0 1 0 3 0 3 0 0 0 2 0 1 0 1 0 1 0 3 0 1 0 2 0 1 1 0 0 2 0 1 0 2 0 0 0 3 0 1 1 0 1 0 0 2 0 3 0 3 0 0 1 0 0 2 0 2 0 2 0 0 0 1 1 0 0 1 0 2 0 2 0 1 1 0 1 0 0 1 0 0 0 1 1 0 0 1 0 2 0 0 1 0 0 0 0 3 0 3 0 1 0 2 0 3 0 3 0 1 0 1 0 3 0 0 0 1 0 2 0 1 0 2 0 0 0 2 0 2 0 2 0 0 1 0 0 2 1 0 0 1 0 3 0 1 0 3 0 0 0 2 0 1 1 0 0 2 1 0 0 2 0 2 0 1 1 0 0 3 0 1 0 0 0 2 0 2 1 0 0 2 0 2 1 0 0 2 0 0 0 2 0 2 0 0 0 2 0 0 0 1 1 0 0 0 0 2 0 1 0 3 0 3 0 0 0 3 0 3 0 1 1 0 0 0 1 0 0 2 0 0 0 0 0 0 0 3 0 1 0 2 0 1 0 1 1 0 0 1 0 3 0 2 1 0 0 0 0 2 0 1 0 2 0 2 0 1 0 3 0 2 0 1 0 2 0 1 1 0 0 0 0 0 0 2 0 0 1 0 0 1 0 2 0 0 1 0 0 1 0 1 0 3 0 1 0 2 0 2 0 0 0 2 0 2 0 2 0 0 0 3 0 3 0 0 0 2 0 1 1 0 0 2 0 3 0 3 0 0 0 1 0 1 0 1 0 3 0 1 0 1 0 1 0 1 1 0 0 2 0 1 0 2 0 0 0 3 0 1 0 0 0 3 0 2 0 1 1 0 0 2 0 2 1 0 1 0 0 0 1 0 0 2 0 0 0 3 0 1 0 0 0 3 0 2 1 0 0 0 0 2 1 0 0 1 0 2 0 0 0 0 1 0 0 0 0 3 0 0 0 0 0 0 0 2 1 0 0 0 0 3 0 3 0 1 0 0 1 0 0 3 0 0 0 3 0 2 1 0 0 0 1 0 1 0 0 3 0 2 0 3 0 2 0 1 0 3 0 0 1 0 0 3 0 2 0 1 0 3 0 0 1 0 0 1 0 0 0 1 1 0 0 3 0 0 0 2 0 0 0 0 0 1 0 1 1 0 0 1 0 1 0 0 0 2 0 1 1 0 0 1 0 0 0 3 0 2 0 2 0 1 1 0 0 0 0 0 1 0 0 0 0 1 1 0 0 0 0 1 0 1 0 0 0 1 0 2 0 0 0 1 0 2 0 2 0 2 0 3 0 2 0 2 0 0 0 1 1 0 1 0 1 0 0 1 0 3 0 1 0 0 0 2 0 2 0 1 0 2 0 2 0 2 0 3 0 0 1 0 1 0 0 3 0 0 0 0 0 2 0 3 0 3 0 1 0 2 0 3 0 0 1 0 0 1 0 1 0 0 0 0 1 0 0 1 0 0 0 1 0 2 0 0 1 0 0 2 0 2 0 0 0 0 1 0 0 2 0 0 0 1 0 2 1 0 0 0 0 1 0 3 0 3 0 2 0 2 0 0 0 0 1 0 0 2 0 1 0 2 1 0 0 2 1 0 0 2 0 3 0 3 0 3 0 3 0 3 0 0 1 0 0 2
1 837 2 0 3 0 1 0 0 1 0 0 0 0 1 0 3 0 0 0 2 1 0 0 3 0 2 0 1 0 2 0 3 0 1 0 0 0 2 0 3 0 0 0 1 1 0 0 0 0 2 0 1 0 3 0 1 0 2 0 0 0 0 0 2 0 1 1 0 1 0 0 2 0 3 0 1 0 2 0 1 0 1 0 0 0 1 1 0 0 0 0 1 0 0 0 2 0 3 0 2 0 3 0 2 0 2 1 0 0 3 0 2 0 1 1 0 0 3 0 2 0 3 0 1 1 0 0 0 1 0 1 0 1 0 1 0 0 0 0 2 0 2 0 0 0 0 1 0 0 0 0 3 0 2 0 2 1 0 0 0 0 1 0 0 0 1 0 3 0 3 0 2 0 0 0 1 0 0 0 0 0 3 0 1 0 0 0 3 0 3 0 1 1 0 0 2 0 3 0 0 0 2 0 2 1 0 0 1 0 3 0 2 0 3 0 3 0 1 0 1 0 2 1 0 1 0 0 0 0 2 0 0 0 1 0 0 0 2 1 0 0 0 1 0 0 3 0 1 1 0 0 2 0 2 0 0 0 0 0 0 0 1 0 0 0 0 0 1 0 0 0 0 0 1 0 3 0 1 0 0 0 2 0 0 0 0 0 1 1 0 1 0 0 2 0 0 0 0 0 1 1 0 0 1 0 3 0 2 1 0 1 0 1 0 0 3 0 2 0 2 0 2 0 2 1 0 1 0 0 1 0 3 0 3 0 0 0 0 0 1 0 1 1 0 0 0 0 3 0 3 0 3 0 2 0 2 0 1 1 0 0 0 1 0 1 0 0 1 0 0 1 0 0 3 0 0 1 0 0 0 1 0 1 0 0 0 0 0 1 0 0 2 0 3 0 1 1 0 0 2 0 3 0 1 0 3 0 1 1 0 0 1 0 0 0 2 0 0 0 1 0 0 0 2 0 2 0 2 0 2 0 0 0 0 0 0 0 0 0 3 0 2 0 1 0 2 0 2 0 3 0 1 0 3 0 2 0 2 0 3 0 3 0 3 0 2 1 0 0 2 0 1 0 3 0 1 0 2 0 1 0 0 0 0 0 0 0 2 0 0 0 3 0 0 0 3 0 3 0 1 0 1 0 3 0 1 0 2 0 1 1 0 0 1 0 0 1 0 0 2 1 0 0 1 0 1 0 3 0 0 0 1 0 1 0 0 0 1 0 0 1 0 0 1 0 2 0 2 0 3 0 1 1 0 0 1 0 2 0 2 0 1 1 0 0 1 1 0 1 0 0 2 0 1 0 3 0 0 1 0 0 2 0 2 1 0 0 2 0 0 1 0 0 2 0 2 0 3 0 1 0 0 1 0 0 0 0 1 0 1 1 0 0 1 0 0 0 2 0 3 0 3 0 1 0 2 0 0 1 0 1 0 1 0 0 2 0 1 0 2 0 1 0 0 1 0 1 0 0 0 0 1 0 2 1 0 0 3 0 2 1 0 0 2 0 2 0 0 0 2 1 0 0 1 0 3 0 0 0 1 0 1 0 3 0 1 0 0 0 1 1 0 0 0 1 0 0 3 0 2 0 1 0 3 0 1 0 0 0 0 1 0 0 1 0 1 0 1 0 2 0 2 1 0 1 0 0 1 0 1 0 1 0 0 0 3 0 2 1 0 0 1 0 2 0 2 0 3 0 1 0 2 0 0 0 1 0 3 0 1 0 0 0 2 1 0 0 2 1 0 0 0 0 0 0 1 0 1 0 3 0 3 0 0 0 3 0 0 1 0 0 0 0 3 0 2 0 3 0 1 0 0 0 1 0 1 0 3 0 3 0 3 0 1 0 0 0 1 0 0 0 0 0 3 0 3 0 3 0 3 0 2 0 2 1 0 0 0
1 839 1 0 0 0 2 0 3 0 1 0 2 1 0 0 3 0 1 0 2 0 1 0 0 0 2 0 0 1 0 0 1 0 2 0 3 0 1 0 0 0 2 0 1 0 3 0 2 1 0 1 0 1 0 0 2 1 0 0 0 0 1 0 1 0 0 0 0 0 0 1 0 0 0 0 2 1 0 0 0 0 3 0 2 0 0 0 3 0 2 1 0 0 2 0 1 0 0 0 3 0 1 0 3 0 1 0 2 0 0 0 2 0 1 0 0 0 0 0 2 0 1 0 2 1 0 1 0 0 1 1 0 1 0 1 0 0 3 0 0 0 0 0 0 0 1 0 1 0 3 0 0 0 2 0 1 0 1 1 0 0 0 0 2 0 0 0 3 0 2 0 3 0 0 0 1 0 2 0 0 0 1 0 1 0 3 0 1 0 2 0 3 0 0 0 0 0 0 0 2 0 2 0 0 0 1 1 0 0 3 0 2 0 1 0 3 0 2 0 3 0 3 0 1 0 0 0 2 1 0 1 0 0 1 0 2 0 1 0 0 1 0 0 1 1 0 0 2 0 0 0 0 0 0 0 0 0 1 0 0 0 0 0 2 0 0 0 0 0 2 0 0 0 0 0 3 0 1 0 3 0 0 1 0 0 1 0 0 1 0 0 0 0 3 0 3 0 0 0 0 0 3 0 3 0 2 0 2 0 2 0 0 1 0 1 0 0 2 0 1 0 1 0 1 0 2 0 0 0 3 0 2 0 2 0 2 0 1 0 0 0 2 0 3 0 3 0 0 0 2 0 3 0 3 0 1 0 0 1 0 1 0 0 1 1 0 0 3 0 1 0 1 1 0 0 1 0 2 0 3 0 0 1 0 0 2 1 0 0 1 1 0 0 0 0 3 0 0 0 0 0 0 0 2 1 0 0 2 1 0 1 0 0 2 0 0 1 0 0 1 0 2 0 1 0 0 0 1 0 1 0 0 0 1 0 0 0 0 0 1 0 2 0 0 1 0 0 1 0 1 0 2 1 0 0 3 0 1 0 1 0 3 0 3 0 3 0 1 1 0 1 0 1 0 0 2 1 0 0 0 0 3 0 0 0 0 0 0 1 0 0 2 0 1 0 2 0 2 0 2 0 3 0 3 0 1 1 0 0 0 1 0 1 0 0 2 0 1 1 0 0 0 1 0 0 2 0 3 0 1 0 1 0 2 0 2 0 0 0 2 0 1 0 3 0 2 0 0 0 1 0 2 1 0 1 0 0 3 0 0 0 0 1 0 1 0 1 0 0 0 0 3 0 3 0 3 0 1 0 2 1 0 0 0 0 1 1 0 1 0 0 2 1 0 0 0 0 1 0 2 0 3 0 1 0 2 1 0 0 2 0 3 0 3 0 1 0 1 0 0 0 3 0 2 1 0 0 0 0 2 1 0 1 0 0 3 0 3 0 2 1 0 0 3 0 1 1 0 0 2 1 0 0 3 0 1 0 0 0 2 0 2 0 0 0 0 0 0 0 2 0 0 1 0 0 3 0 1 0 1 0 2 0 3 0 1 0 3 0 0 0 3 0 3 0 0 1 0 0 2 0 0 1 0 0 2 0 3 0 0 0 1 0 3 0 1 0 2 0 3 0 0 0 2 0 0 0 3 0 1 0 2 0 2 0 1 0 2 0 1 1 0 0 3 0 0 0 1 0 2 1 0 0 0 0 1 0 3 0 1 0 3 0 1 0 1 0 0 0 0 1 0 0 0 0 0 0 2 0 3 0 2 0 2 0 2 0 1 0 2 0 3 0 0 0 2 0 1 0 2 0 3 0 0 0 2 0 3 0 2 0 3 0 2 0 3 0 0 0 2 0 0 0 1 0 2 0 3 0 3 0 3 0 1 0 1 1 0 0 0
1 839 2 0 1 0 0 0 2 1 0 0 2 0 0 0 1 1 0 0 0 0 3 0 0 1 0 0 2 0 3 0 2 0 0 0 2 0 3 0 0 1 0 1 0 0 3 0 2 0 0 1 0 1 0 0 0 1 0 0 0 0 2 0 2 0 0 0 0 0 1 0 3 0 0 0 0 1 0 0 1 0 2 0 0 0 2 0 2 0 1 1 0 1 0 0 3 0 1 0 1 1 0 0 2 1 0 0 0 0 1 1 0 0 3 0 0 0 0 1 0 1 0 0 2 0 0 0 3 0 2 1 0 1 0 1 0 0 1 0 1 0 0 0 0 0 2 0 3 0 1 0 1 1 0 0 3 0 3 0 2 1 0 1 0 0 2 0 2 0 1 0 2 0 1 0 2 1 0 0 1 0 2 0 3 0 1 1 0 0 1 0 2 0 1 0 0 0 1 0 0 0 0 0 1 1 0 0 0 0 2 0 0 1 0 0 3 0 1 0 3 0 2 0 3 0 1 0 1 0 0 0 3 0 1 1 0 0 3 0 1 0 3 0 2 0 3 0 3 0 0 0 0 0 0 0 0 0 2 0 0 0 0 1 0 0 1 0 0 1 0 0 1 0 1 0 1 1 0 0 2 0 2 0 3 0 1 0 1 0 3 0 0 0 2 0 2 0 1 0 1 0 2 0 3 0 1 0 1 0 0 0 2 1 0 0 3 0 3 0 2 0 2 0 2 1 0 0 2 0 2 0 1 0 1 0 0 0 3 0 1 0 0 0 3 0 2 0 2 0 0 0 3 0 2 0 3 0 1 1 0 0 3 0 2 1 0 0 1 0 3 0 3 0 3 0 2 0 0 0 2 0 2 1 0 0 0 1 0 0 3 0 3 0 0 0 1 0 1 0 0 0 1 0 1 0 0 0 1 0 0 0 3 0 3 0 1 0 3 0 1 1 0 0 3 0 0 0 2 0 2 0 0 0 2 0 0 0 0 0 2 1 0 0 2 0 3 0 1 0 3 0 1 0 0 0 1 0 3 0 3 0 2 0 3 0 3 0 0 0 0 1 0 1 0 0 0 1 0 0 1 0 1 0 1 0 0 0 1 0 3 0 3 0 3 0 0 0 1 0 1 0 3 0 2 1 0 1 0 0 1 1 0 0 3 0 3 0 3 0 3 0 0 1 0 0 0 0 2 0 3 0 3 0 0 0 0 0 1 1 0 1 0 0 3 0 0 0 1 0 3 0 1 0 0 1 0 0 1 0 1 0 1 1 0 1 0 0 3 0 0 0 2 0 3 0 2 1 0 0 1 1 0 0 0 1 0 0 0 1 0 0 0 1 0 0 0 0 3 0 0 0 2 1 0 0 2 0 0 0 0 0 3 0 2 0 3 0 2 0 1 0 2 0 1 1 0 0 1 0 1 0 0 1 0 0 2 0 3 0 2 0 0 0 2 0 0 0 0 0 1 0 0 0 1 0 3 0 1 0 0 0 0 0 1 0 0 0 0 1 0 0 2 1 0 0 1 0 3 0 3 0 0 0 2 1 0 0 2 0 2 0 2 0 2 0 2 0 3 0 3 0 1 1 0 0 0 0 2 0 1 0 3 0 1 1 0 0 1 0 2 0 1 1 0 0 2 0 1 1 0 0 1 0 0 1 0 0 1 0 0 0 0 0 1 0 1 0 3 0 0 1 0 0 0 0 3 0 1 1 0 0 2 0 3 0 2 0 0 0 1 0 2 1 0 0 1 0 0 0 3 0 1 0 1 0 0 1 0 0 1 0 2 0 1 1 0 1 0 0 1 0 2 0 2 0 0 0 3 0 1 0 3 0 1 0 2 0 1 1 0 0 1 0 3 0 0 0 3 0 3 0 2 0 3 0 3 0 2 1 0
1 840 1 0 0 3 0 1 0 0 1 0 1 0 0 1 0 3 0 3 0 0 0 1 0 2 1 0 0 0 0 3 0 0 0 2 0 0 0 2 0 2 1 0 1 0 0 2 0 0 0 2 1 0 0 3 0 0 0 3 0 0 0 0 0 0 0 1 0 0 0 3 0 1 0 1 0 1 0 3 0 1 1 0 0 2 0 0 0 1 0 0 0 0 1 0 0 1 1 0 0 0 0 0 0 0 1 0 0 0 1 0 0 0 0 1 0 1 0 1 1 0 0 3 0 3 0 1 0 2 0 2 0 0 1 0 0 3 0 1 0 2 0 0 0 1 0 0 0 2 1 0 0 0 0 0 0 2 0 3 0 2 0 0 1 0 0 0 0 0 1 0 0 0 1 0 0 1 1 0 0 3 0 0 0 2 1 0 1 0 0 2 1 0 0 3 0 0 0 2 0 0 0 0 0 3 0 2 1 0 1 0 0 2 1 0 0 1 1 0 0 3 0 1 0 2 0 3 0 2 0 1 0 2 0 0 0 0 0 1 1 0 0 3 0 1 0 3 0 2 0 1 0 0 0 0 0 0 1 0 0 1 0 1 0 3 0 1 0 1 0 3 0 1 0 2 1 0 0 0 0 0 0 1 0 2 0 3 0 3 0 1 0 2 0 0 0 0 0 3 0 3 0 0 0 2 0 3 0 2 0 1 0 1 0 0 0 2 0 3 0 1 0 1 0 2 0 0 0 0 0 0 0 3 0 2 0 1 0 1 0 3 0 1 0 2 0 1 0 0 0 2 0 2 0 1 0 3 0 0 0 0 0 2 0 1 1 0 0 3 0 2 0 3 0 3 0 0 0 2 0 0 0 1 1 0 0 1 1 0 0 2 0 2 0 1 0 2 0 2 0 0 0 2 0 2 0 0 0 2 0 1 0 2 0 2 1 0 0 3 0 0 0 0 0 1 0 2 0 0 0 0 0 1 1 0 0 1 0 1 0 1 0 0 0 0 0 2 1 0 0 2 0 3 0 0 0 3 0 2 0 3 0 1 0 3 0 2 0 1 0 1 1 0 0 3 0 0 0 3 0 1 0 2 0 2 0 0 0 3 0 2 0 3 0 2 0 1 0 2 0 3 0 2 0 2 0 0 0 3 0 2 1 0 0 2 0 3 0 3 0 2 0 2 0 3 0 0 0 0 0 3 0 2 0 1 0 0 1 0 0 0 1 0 0 1 0 1 0 3 0 1 0 3 0 1 0 3 0 1 0 2 1 0 0 0 1 0 0 1 0 2 0 0 0 3 0 1 1 0 0 3 0 3 0 0 0 3 0 0 0 3 0 0 0 3 0 0 0 1 0 2 0 0 1 0 1 0 0 1 0 1 0 2 0 1 0 3 0 0 1 0 0 0 1 0 1 0 0 2 0 2 0 1 1 0 0 0 0 3 0 0 0 1 1 0 0 1 0 0 0 2 0 0 0 3 0 1 0 3 0 0 0 0 0 2 0 0 0 1 1 0 0 0 1 0 0 3 0 2 0 2 0 2 0 1 0 0 0 0 0 1 0 1 0 1 0 1 0 3 0 2 1 0 1 0 0 0 1 0 1 0 0 2 1 0 1 0 0 2 1 0 1 0 1 0 1 0 1 0 1 0 0 2 0 1 0 3 0 1 0 0 0 0 0 2 0 3 0 1 0 2 0 3 0 0 0 2 0 0 0 0 0 0 0 3 0 0 0 1 0 3 0 0 1 0 0 2 0 1 0 1 0 3 0 2 0 1 0 3 0 2 0 0 0 0 0 0 0 3 0 2 0 0 0 0 0 2 0 1 1 0 0 2 1 0 0 0 1 0 1 0 0 3 0 1 0 2 0 2 0 3 0 1 0 3 0 3 0 1 1 0
1 841 1 1 0 0 1 0 3 0 1 1 0 0 3 0 2 0 2 0 2 0 1 0 3 0 0 1 0 0 1 0 1 0 1 1 0 0 2 0 0 0 2 0 0 0 3 0 3 0 1 0 1 0 0 0 1 0 2 0 1 0 1 0 0 0 0 0 2 0 1 0 1 0 3 0 2 0 3 0 1 1 0 1 0 1 0 0 1 0 2 0 0 0 1 0 3 0 2 0 2 1 0 0 0 0 1 0 3 0 0 0 2 1 0 0 2 0 2 1 0 0 0 0 2 0 2 1 0 0 1 0 0 0 2 1 0 0 1 1 0 0 0 0 1 0 2 0 1 0 0 1 0 0 0 0 1 0 0 0 3 0 0 0 2 0 2 1 0 0 1 0 3 0 0 0 3 0 2 1 0 0 1 0 2 0 1 0 0 1 0 0 1 0 0 0 1 0 1 1 0 0 1 0 1 0 2 0 2 0 0 1 0 0 0 1 0 1 0 0 0 0 1 1 0 0 1 0 3 0 0 1 0 0 0 0 1 0 0 1 0 0 0 0 1 1 0 0 3 0 0 0 3 0 0 0 0 0 1 0 3 0 1 0 3 0 1 0 3 0 3 0 1 1 0 0 1 1 0 0 0 0 0 0 3 0 0 0 3 0 2 1 0 0 0 0 1 0 1 0 2 0 2 0 2 0 0 0 3 0 0 0 3 0 2 0 1 0 0 0 2 0 3 0 2 1 0 0 1 0 0 0 1 0 2 0 0 0 3 0 3 0 1 1 0 0 0 0 3 0 1 0 0 0 0 1 0 0 2 0 1 0 1 0 0 0 0 0 0 0 2 0 1 0 3 0 2 0 1 1 0 0 1 0 3 0 3 0 2 1 0 0 0 0 0 1 0 0 1 0 0 0 2 0 0 0 0 0 1 1 0 1 0 0 1 0 2 0 0 0 1 0 1 0 0 0 2 1 0 0 1 0 0 0 3 0 3 0 1 0 2 0 2 0 0 0 1 0 1 0 0 0 0 0 2 0 2 0 2 0 1 0 2 1 0 0 3 0 0 1 0 0 0 0 0 0 1 0 2 0 1 1 0 0 1 0 0 0 2 0 2 0 1 0 3 0 0 1 0 0 1 0 3 0 1 0 0 0 2 0 2 0 2 0 0 0 0 0 3 0 3 0 1 0 1 0 2 0 1 0 1 0 2 0 0 0 3 0 1 0 3 0 0 0 3 0 1 0 3 0 1 1 0 0 2 1 0 0 2 1 0 0 1 1 0 0 1 0 3 0 1 1 0 0 2 0 2 0 0 0 0 0 2 0 2 0 2 0 1 0 2 0 1 0 2 0 1 0 1 0 2 1 0 0 2 1 0 0 3 0 1 0 2 1 0 1 0 0 2 0 2 0 3 0 0 1 0 1 0 0 0 0 0 1 0 1 0 0 1 0 1 0 1 0 3 0 3 0 1 0 0 1 0 0 2 0 1 1 0 0 2 0 1 0 0 1 0 0 1 0 3 0 3 0 0 1 0 0 2 0 1 0 1 0 0 0 3 0 0 0 0 0 2 0 2 0 2 0 3 0 2 0 2 0 0 0 3 0 0 1 0 1 0 0 1 0 0 1 0 0 1 0 0 1 0 1 0 1 0 1 0 0 3 0 3 0 3 0 1 0 3 0 0 0 1 0 0 0 2 1 0 0 1 0 2 0 1 1 0 0 1 0 0 0 1 0 1 0 1 0 3 0 1 0 2 0 3 0 3 0 2 0 3 0 2 0 0 1 0 0 3 0 0 0 1 0 0 0 1 0 2 0 0 0 1 0 1 0 0 0 0 0 0 0 0 1 0 0 1 1 0 1 0 0 1 1 0 0 1 0 1 0 2 1 0 0 3 0 2 1 0 1 0
1 841 3 0 3 0 2 0 2 0 0 0 0 0 2 0 1 0 1 0 0 1 0 0 2 0 2 0 3 0 1 0 2 0 3 0 3 0 3 0 0 1 0 0 2 0 2 0 2 0 3 0 2 0 0 0 2 1 0 0 3 0 2 0 0 0 0 1 0 0 3 0 3 0 2 0 1 0 3 0 0 0 0 1 0 0 3 0 1 1 0 0 1 0 3 0 2 0 1 0 1 1 0 0 0 0 3 0 1 0 2 0 1 0 0 0 0 0 1 1 0 0 1 0 0 0 1 1 0 0 2 0 1 0 0 1 0 0 3 0 2 1 0 0 2 1 0 0 3 0 1 0 2 1 0 0 2 0 1 0 1 0 2 0 0 0 1 1 0 0 3 0 1 0 2 0 2 0 1 1 0 0 2 1 0 0 3 0 1 0 3 0 1 0 0 0 2 0 3 0 3 0 1 0 3 0 0 0 0 0 2 0 3 0 0 1 0 0 2 1 0 0 3 0 3 0 2 0 1 0 2 0 2 1 0 0 2 0 1 0 2 1 0 1 0 0 0 0 1 0 2 0 1 0 1 0 0 0 3 0 1 1 0 0 2 1 0 0 3 0 2 1 0 1 0 0 3 0 2 1 0 0 1 0 1 0 2 0 2 0 1 1 0 0 0 0 2 0 3 0 0 0 1 0 0 0 2 0 1 0 2 0 2 0 0 0 3 0 1 0 0 0 3 0 1 1 0 0 2 0 0 0 2 1 0 0 2 0 2 0 2 1 0 1 0 0 1 0 1 0 3 0 0 0 1 0 3 0 3 0 2 0 2 0 0 0 0 0 0 1 0 1 0 0 3 0 0 1 0 1 0 0 3 0 2 0 3 0 1 1 0 0 0 0 1 0 3 0 1 0 0 1 0 0 1 0 0 1 0 0 0 0 3 0 1 1 0 0 1 0 2 0 2 0 1 0 0 1 0 0 2 0 1 0 2 0 2 1 0 0 1 0 0 0 1 0 2 0 2 0 0 0 1 0 0 0 1 0 0 1 0 0 2 0 0 0 1 0 2 0 2 1 0 0 0 0 2 1 0 1 0 1 0 0 2 0 1 0 0 0 0 1 0 0 2 0 2 0 3 0 2 0 1 0 3 0 1 0 0 0 1 0 0 0 1 0 1 0 2 0 2 0 3 0 2 1 0 0 3 0 2 1 0 0 2 0 1 1 0 0 2 0 2 0 1 1 0 0 3 0 0 0 0 0 1 0 0 0 0 1 0 0 3 0 3 0 2 0 2 0 0 0 0 0 0 0 0 0 1 0 1 0 0 0 1 0 0 1 0 0 0 1 0 0 0 0 3 0 3 0 1 0 0 0 1 0 0 0 1 1 0 0 2 0 0 1 0 0 0 0 1 0 2 0 2 1 0 0 2 1 0 0 1 1 0 0 3 0 1 0 2 0 3 0 2 0 2 0 3 0 1 0 3 0 3 0 3 0 3 0 3 0 2 0 1 0 3 0 2 0 2 0 2 0 2 0 3 0 3 0 2 0 2 0 1 0 1 0 1 0 1 0 0 0 1 0 1 0 3 0 1 0 0 0 2 0 1 0 2 1 0 0 3 0 1 0 1 0 3 0 1 0 1 1 0 1 0 1 0 1 0 0 2 0 3 0 2 1 0 0 2 0 1 0 2 0 1 0 0 1 0 0 2 1 0 1 0 1 0 0 2 0 0 0 2 0 2 0 3 0 1 1 0 0 1 0 3 0 3 0 1 0 3 0 0 0 2 1 0 0 1 0 1 0 2 0 0 0 2 1 0 0 1 0 2 0 2 0 0 0 0 0 0 0 1 0 3 0 2 1 0 0 3 0 2 0 3 0 1 0 3 0 1 0 0 0 2 0 2 0 0 0 2
0 843 1 0 2 0 3 0 1 0 0 0 1 0 0 1 0 0 3 0 2 0 1 1 0 0 0 0 1 0 2 1 0 0 1 0 3 0 3 0 2 0 2 1 0 0 0 0 1 0 1 0 3 0 0 0 2 0 1 0 0 0 2 0 0 0 1 0 1 1 0 0 2 0 3 0 0 1 0 0 2 0 1 0 1 1 0 0 1 1 0 1 0 0 3 0 2 0 0 0 3 0 3 0 3 0 0 0 1 1 0 0 0 0 3 0 0 0 0 0 3 0 3 0 1 0 0 0 3 0 3 0 3 0 2 0 1 1 0 0 2 0 2 0 0 0 1 0 0 0 1 1 0 0 1 1 0 1 0 0 3 0 2 1 0 0 1 1 0 0 0 0 1 1 0 0 1 0 1 0 0 0 0 0 1 0 0 0 1 1 0 0 2 0 3 0 1 0 0 0 3 0 2 1 0 0 2 0 1 0 1 0 0 0 2 0 2 1 0 0 1 0 0 0 2 0 3 0 0 1 0 0 1 0 1 1 0 1 0 1 0 0 2 0 0 0 2 1 0 0 2 1 0 0 3 0 2 0 1 0 2 0 0 0 0 0 1 0 0 0 2 0 2 0 0 1 0 0 2 0 1 1 0 0 2 0 3 0 0 0 0 1 0 1 0 0 1 0 0 0 2 0 1 0 2 0 0 1 0 1 0 0 1 0 0 0 2 0 1 0 3 0 1 0 1 1 0 1 0 1 0 0 2 0 1 0 0 0 0 0 1 0 2 0 0 0 3 0 1 0 3 0 1 0 1 0 3 0 2 0 3 0 1 0 0 0 1 0 0 0 1 1 0 1 0 0 1 0 2 1 0 1 0 0 2 0 1 0 2 1 0 1 0 0 0 0 3 0 1 0 3 0 1 0 3 0 1 0 1 0 3 0 0 0 1 1 0 1 0 0 3 0 0 0 0 0 3 0 1 0 3 0 3 0 3 0 0 0 1 1 0 0 2 0 0 0 3 0 0 0 0 0 1 0 2 0 0 0 2 0 1 0 3 0 3 0 0 0 3 0 0 0 1 1 0 0 1 0 1 0 0 1 0 0 3 0 3 0 2 0 0 0 1 1 0 0 0 0 1 0 3 0 0 1 0 0 2 0 3 0 0 0 2 0 0 0 2 0 3 0 0 0 1 0 3 0 2 0 0 0 2 0 2 0 0 0 0 0 0 0 0 0 0 0 1 0 0 0 0 0 1 0 1 0 0 0 2 0 0 0 1 1 0 0 2 0 3 0 1 0 0 0 1 0 0 0 0 0 0 0 2 0 2 0 0 0 2 0 1 0 3 0 0 0 3 0 0 0 2 0 2 0 3 0 0 0 2 0 0 0 3 0 3 0 3 0 1 0 2 1 0 0 3 0 0 0 2 0 0 0 0 1 0 1 0 0 0 0 1 1 0 0 1 0 3 0 1 0 1 0 2 1 0 0 3 0 3 0 3 0 3 0 3 0 0 1 0 0 3 0 1 0 1 0 1 0 1 0 3 0 3 0 1 0 0 0 3 0 2 0 2 0 2 0 0 0 2 0 3 0 1 0 3 0 0 1 0 1 0 0 2 0 0 0 1 0 3 0 3 0 1 1 0 0 0 0 0 1 0 1 0 1 0 0 0 0 3 0 1 1 0 1 0 1 0 0 0 0 3 0 1 1 0 0 1 0 0 1 0 0 3 0 3 0 1 0 0 0 1 0 2 1 0 1 0 0 3 0 2 0 2 1 0 0 2 0 2 0 0 1 0 0 2 0 2 1 0 0 2 0 0 1 0 0 3 0 0 0 0 0 1 0 0 0 0 0 3 0 2 0 2 0 0 0 2 0 1 0 2 1 0 0 2 0 3 0 1 0 0 0 0 0 2 0 0
0 843 3 0 0 0 2 0 3 0 0 0 2 0 1 1 0 0 2 0 0 1 0 1 0 0 0 0 3 0 0 1 0 0 3 0 2 0 3 0 1 0 1 1 0 0 0 0 2 0 3 0 1 0 1 1 0 0 3 0 0 1 0 0 1 0 2 1 0 0 0 0 0 0 2 0 2 0 3 0 3 0 2 0 3 0 3 0 2 1 0 1 0 0 2 0 0 0 2 0 2 0 3 0 2 0 1 0 3 0 3 0 0 0 1 0 1 0 1 0 2 0 2 0 3 0 1 0 2 0 3 0 3 0 1 0 0 0 0 0 0 0 0 0 1 0 2 0 0 0 3 0 3 0 2 1 0 1 0 0 2 0 1 1 0 0 3 0 2 1 0 0 3 0 3 0 1 0 2 0 0 0 0 0 2 0 0 1 0 0 0 0 0 0 2 0 3 0 1 0 2 0 1 1 0 1 0 0 3 0 2 0 1 0 0 0 1 1 0 0 2 0 1 0 0 0 2 0 2 0 3 0 1 1 0 0 0 1 0 0 3 0 3 0 1 0 1 0 0 0 1 0 0 0 2 0 0 1 0 0 0 0 1 0 0 0 2 0 1 0 0 0 0 0 2 1 0 0 0 0 0 0 0 0 0 0 2 0 1 0 1 1 0 0 3 0 1 0 0 1 0 1 0 0 0 0 2 1 0 0 3 0 1 0 0 1 0 1 0 0 2 1 0 0 0 0 0 1 0 0 3 0 3 0 2 0 0 0 0 0 2 1 0 0 2 0 1 1 0 0 2 0 3 0 3 0 2 0 1 0 2 0 3 0 0 0 2 0 0 1 0 0 0 0 3 0 2 0 1 0 0 0 3 0 3 0 3 0 1 0 0 0 3 0 0 0 1 1 0 0 2 1 0 0 2 0 3 0 3 0 1 0 1 1 0 0 0 1 0 0 1 0 1 0 1 0 1 1 0 0 3 0 3 0 2 0 1 0 3 0 3 0 3 0 1 0 1 0 1 0 0 0 2 1 0 0 1 1 0 1 0 0 3 0 2 0 2 0 1 0 1 0 3 0 3 0 1 0 2 0 1 1 0 0 2 0 3 0 0 0 1 0 3 0 2 1 0 0 3 0 1 0 2 1 0 0 0 0 2 0 1 1 0 0 2 0 0 0 2 0 1 0 3 0 2 0 0 0 2 0 0 0 0 0 1 0 0 0 0 0 0 0 0 0 2 0 0 0 0 0 2 0 2 0 0 1 0 0 1 1 0 0 0 0 0 0 2 0 3 0 0 0 2 0 0 0 0 0 1 0 0 0 0 0 1 1 0 1 0 0 2 0 2 0 1 0 2 0 0 0 1 0 2 0 1 1 0 0 2 0 2 0 3 0 2 1 0 0 2 0 0 0 1 0 1 1 0 0 1 0 1 1 0 0 2 1 0 0 3 0 3 0 2 0 1 0 3 0 3 0 1 0 0 0 2 0 3 0 3 0 3 0 2 0 2 1 0 0 1 0 3 0 2 0 2 0 3 0 2 0 2 0 3 0 1 0 2 0 1 0 1 0 0 0 2 0 0 0 2 1 0 0 2 0 2 1 0 0 3 0 3 0 0 0 3 0 2 0 2 1 0 1 0 0 0 0 1 1 0 1 0 0 3 0 0 0 2 0 0 0 0 1 0 0 3 0 0 0 1 1 0 1 0 0 2 0 1 1 0 0 2 0 2 0 3 0 0 0 3 0 1 0 0 1 0 0 2 0 1 0 2 0 0 0 0 0 0 0 2 1 0 0 0 0 1 1 0 1 0 0 2 1 0 0 1 0 1 0 0 0 2 0 0 0 1 0 2 0 1 0 0 0 1 1 0 1 0 0 2 0 0 0 0 0 2 0 3 0 0 0 0 1 0 0 1
0 845 1 0 1 0 2 0 0 0 2 0 1 1 0 1 0 1 0 1 0 0 2 1 0 0 3 0 0 0 1 0 2 1 0 0 2 0 1 0 2 0 3 0 3 0 3 0 0 0 0 0 2 1 0 0 0 0 0 0 1 0 2 0 3 0 2 0 0 1 0 0 0 0 1 0 0 0 1 0 3 0 3 0 1 0 3 0 3 0 2 0 0 0 3 0 3 0 1 0 0 0 1 0 3 0 0 1 0 0 3 0 2 0 1 0 2 0 2 0 3 0 0 0 1 0 2 1 0 0 1 0 3 0 2 0 3 0 0 0 0 0 0 0 0 0 2 1 0 0 2 0 2 0 3 0 2 0 0 1 0 0 0 0 0 0 0 0 2 0 2 0 0 0 2 0 2 1 0 0 0 0 1 0 0 1 0 0 2 0 2 1 0 0 1 0 0 0 2 1 0 0 1 0 0 0 0 1 0 0 2 0 0 0 3 0 0 0 3 0 3 0 3 0 2 0 1 0 0 0 1 0 2 1 0 1 0 0 1 1 0 0 2 0 2 0 3 0 2 0 0 0 2 0 0 1 0 0 2 0 2 1 0 0 2 0 0 1 0 0 3 0 0 0 1 0 0 1 0 0 0 0 0 0 0 0 0 1 0 1 0 0 0 0 0 0 1 0 3 0 1 1 0 0 3 0 0 0 1 0 0 0 1 0 3 0 1 1 0 1 0 0 0 1 0 0 0 0 1 1 0 0 2 0 3 0 0 0 1 0 1 0 1 0 0 0 0 0 0 0 0 0 0 0 3 0 3 0 0 1 0 0 1 0 2 0 1 1 0 0 2 0 3 0 0 0 2 0 0 0 3 0 1 0 2 0 3 0 2 0 3 0 1 0 1 0 1 1 0 0 0 0 1 0 0 0 0 0 3 0 2 0 3 0 3 0 3 0 0 0 3 0 1 0 2 0 2 1 0 0 0 0 2 0 3 0 0 1 0 0 3 0 3 0 2 0 3 0 2 0 2 0 1 0 0 1 0 1 0 0 0 1 0 0 2 0 1 0 0 0 3 0 3 0 2 0 2 1 0 0 1 0 0 0 0 0 0 0 2 0 1 0 3 0 2 0 2 0 0 0 1 1 0 0 1 1 0 0 0 1 0 1 0 1 0 1 0 0 1 1 0 1 0 0 3 0 0 0 1 1 0 0 1 0 0 0 2 0 0 0 0 0 0 0 0 1 0 0 1 0 1 0 0 0 0 0 2 0 3 0 2 0 2 1 0 0 1 0 0 0 2 0 1 1 0 0 1 0 0 0 2 0 0 0 0 1 0 0 0 1 0 0 0 0 0 1 0 0 0 0 1 0 3 0 0 0 0 0 0 0 0 0 1 0 3 0 1 1 0 1 0 0 1 0 2 0 3 0 3 0 1 1 0 0 0 0 1 0 0 0 2 0 3 0 0 1 0 0 3 0 2 0 3 0 1 0 0 0 3 0 3 0 3 0 1 0 1 1 0 0 3 0 2 0 1 0 1 0 3 0 1 0 1 0 2 1 0 0 0 0 3 0 2 0 0 1 0 0 2 0 1 0 0 0 0 0 2 0 0 0 2 0 2 0 2 0 2 0 1 0 2 0 0 0 2 1 0 1 0 0 0 1 0 0 1 0 1 1 0 0 1 0 1 1 0 0 1 0 1 1 0 0 0 1 0 0 0 0 0 0 0 0 0 0 1 0 2 0 2 0 1 0 3 0 1 0 3 0 3 0 2 1 0 0 1 0 0 0 1 0 0 1 0 0 0 1 0 0 0 1 0 0 0 1 0 0 2 0 2 0 0 1 0 0 1 0 2 1 0 0 3 0 0 1 0 0 0 0 3 0 3 0 0 0 1 0 0 0 2 0 1 0 1 0 3 0 1
1 845 2 0 2 1 0 0 2 0 0 0 0 0 0 1 0 1 0 1 0 0 1 0 0 0 1 0 1 0 3 0 0 1 0 1 0 1 0 0 1 0 3 0 3 0 2 0 1 0 1 0 0 1 0 0 0 0 0 0 3 0 0 0 3 0 0 0 2 0 2 1 0 0 2 0 0 0 3 0 2 0 2 1 0 0 3 0 3 0 0 0 2 0 2 0 2 0 3 0 0 0 3 0 1 0 2 1 0 0 2 0 0 1 0 0 1 0 1 0 2 0 1 0 3 0 0 1 0 0 3 0 2 0 1 0 2 0 1 0 0 0 0 0 1 0 1 0 0 0 0 0 1 0 3 0 0 0 2 0 2 1 0 0 0 0 1 0 0 0 0 0 2 0 0 0 1 1 0 0 0 0 2 0 1 1 0 0 0 0 1 1 0 0 2 0 1 0 0 1 0 0 2 0 0 0 1 0 3 0 3 0 1 0 1 0 2 0 2 0 3 0 3 0 0 0 3 0 0 0 3 0 1 0 0 0 3 0 2 1 0 0 0 0 1 0 3 0 0 0 1 1 0 0 2 1 0 0 0 0 1 1 0 1 0 0 2 1 0 0 1 0 1 0 2 0 1 0 2 1 0 0 0 0 0 0 1 1 0 0 2 1 0 0 0 0 3 0 2 0 0 0 0 0 1 0 1 0 2 0 0 0 3 0 2 0 0 0 0 0 3 0 0 0 2 1 0 1 0 0 0 0 0 0 2 0 1 0 2 0 2 0 2 0 0 0 0 0 0 0 0 0 1 0 2 0 2 0 2 0 3 0 2 0 0 0 0 0 0 0 0 0 2 0 1 1 0 0 2 0 1 1 0 0 1 0 3 0 1 0 2 0 3 0 2 0 3 0 2 1 0 0 2 0 0 0 1 0 2 0 1 0 3 0 3 0 2 0 2 0 1 1 0 0 1 0 1 1 0 0 1 0 0 0 2 0 2 1 0 0 2 0 3 0 1 0 3 0 1 0 0 0 3 0 1 1 0 0 3 0 0 0 3 0 3 0 2 0 1 0 2 0 3 0 1 0 1 1 0 0 2 0 0 0 0 0 0 1 0 1 0 0 3 0 1 0 0 0 1 0 3 0 3 0 2 0 3 0 0 1 0 1 0 1 0 0 3 0 2 1 0 1 0 0 1 0 1 0 3 0 3 0 1 0 0 1 0 0 1 0 0 0 0 0 1 0 3 0 1 0 2 0 0 0 1 0 0 0 3 0 1 0 1 1 0 0 2 0 0 1 0 1 0 1 0 0 2 0 0 1 0 0 1 0 1 0 3 0 0 0 2 1 0 0 1 0 2 1 0 0 3 0 1 0 1 0 0 0 0 0 0 0 3 0 2 0 0 0 0 0 3 0 2 0 0 0 3 0 2 1 0 1 0 0 0 0 2 0 1 0 0 0 2 0 2 1 0 0 2 0 1 0 2 0 3 0 1 0 2 0 3 0 2 1 0 0 0 0 0 0 2 0 0 0 3 0 3 0 1 0 3 0 3 0 0 1 0 0 1 0 2 0 0 0 2 0 3 0 3 0 2 0 0 0 0 1 0 0 2 0 0 0 1 0 1 0 0 1 0 0 0 0 2 0 1 0 0 0 3 0 0 0 3 0 1 0 3 0 3 0 1 0 3 0 3 0 1 0 3 0 3 0 0 0 2 1 0 0 0 0 0 0 0 0 3 0 0 0 0 1 0 0 2 1 0 0 3 0 3 0 1 1 0 0 2 0 0 0 2 0 1 0 3 0 0 0 3 0 0 0 3 0 0 1 0 0 0 0 0 0 2 0 3 0 2 0 1 0 0 0 1 0 2 0 3 0 0 0 2 0 2 0 1 0 2 0 0 1 0 0 3 0 3 0 1 1 0
1 847 1 0 0 0 1 1 0 1 0 0 1 0 0 0 1 1 0 1 0 0 3 0 1 0 0 0 2 0 3 0 1 0 2 1 0 1 0 0 3 0 2 0 2 0 3 0 0 0 3 0 2 0 1 0 2 1 0 0 1 0 1 0 2 0 1 0 2 0 0 0 1 1 0 1 0 0 2 0 2 0 1 0 2 0 0 0 2 0 2 0 2 0 0 0 1 0 1 0 2 0 2 0 1 1 0 0 1 1 0 1 0 0 2 0 3 0 1 0 2 1 0 1 0 0 2 0 2 1 0 0 2 0 0 1 0 0 0 0 3 0 0 0 0 0 2 0 2 0 0 0 0 0 3 0 1 0 2 0 0 0 1 1 0 0 0 0 2 0 0 0 0 1 0 0 1 0 3 0 2 1 0 1 0 1 0 1 0 0 0 0 3 0 3 0 3 0 2 0 1 0 3 0 3 0 0 0 3 0 2 0 2 0 3 0 3 0 0 0 1 0 3 0 2 0 2 0 1 0 2 0 1 0 3 0 1 0 2 0 1 1 0 0 0 0 3 0 1 0 1 1 0 0 0 0 0 1 0 0 0 1 0 0 0 1 0 0 0 1 0 0 2 0 2 1 0 1 0 0 1 1 0 0 0 0 0 1 0 0 0 0 0 1 0 0 1 0 2 0 0 0 1 0 0 0 2 0 2 1 0 0 2 0 2 0 0 0 1 0 1 0 1 0 2 0 1 0 0 0 2 1 0 0 0 1 0 1 0 0 1 0 1 0 0 0 1 0 0 0 0 0 0 0 3 0 0 0 1 0 1 0 3 0 0 0 1 0 0 0 0 0 0 1 0 1 0 1 0 1 0 1 0 1 0 0 3 0 1 1 0 0 1 0 3 0 1 0 3 0 1 1 0 1 0 0 1 0 2 1 0 1 0 0 3 0 3 0 1 0 0 1 0 1 0 0 2 0 3 0 3 0 1 0 1 0 0 0 2 0 0 0 0 0 2 1 0 0 2 0 3 0 1 0 2 0 0 0 0 0 1 0 2 0 2 0 3 0 0 1 0 0 1 0 2 0 3 0 3 0 3 0 3 0 0 0 0 0 1 1 0 1 0 0 1 0 3 0 0 0 3 0 2 0 3 0 1 0 2 0 2 1 0 1 0 1 0 0 2 0 2 0 0 0 3 0 1 0 3 0 2 0 2 0 3 0 1 0 3 0 1 0 0 0 0 0 3 0 1 1 0 0 0 0 1 0 2 0 1 0 1 0 3 0 3 0 3 0 3 0 1 1 0 1 0 0 3 0 3 0 1 0 3 0 1 0 3 0 1 0 2 0 0 1 0 0 3 0 1 0 0 0 1 0 3 0 2 0 0 0 0 0 1 0 2 0 0 0 1 0 1 0 2 0 0 0 2 0 2 0 2 0 0 0 2 1 0 1 0 0 3 0 1 0 0 0 1 1 0 1 0 1 0 0 1 0 2 1 0 0 1 0 3 0 1 1 0 0 0 0 0 1 0 0 2 0 2 0 2 1 0 0 3 0 2 0 2 0 3 0 1 1 0 0 2 0 0 0 3 0 3 0 0 0 1 0 1 0 3 0 3 0 0 0 2 0 2 0 1 0 2 1 0 1 0 0 3 0 1 0 1 0 2 0 1 1 0 0 3 0 2 1 0 0 3 0 2 1 0 0 3 0 2 0 2 0 0 1 0 0 0 0 0 0 1 0 1 0 1 0 1 1 0 0 1 0 0 0 2 0 2 1 0 1 0 1 0 0 1 1 0 1 0 0 2 0 2 0 1 0 2 0 1 0 2 0 2 1 0 0 1 0 0 0 3 0 0 0 3 0 0 0 3 0 0 0 2 0 2 0 0 0 0 1 0 0 0 0 2 1 0 0 2 0 2 1 0 1 0
1 847 2 0 0 1 0 0 0 0 3 0 1 0 0 1 0 0 0 1 0 0 1 0 3 0 1 0 0 0 2 1 0 0 2 0 0 1 0 0 2 0 1 0 1 0 2 0 2 0 2 0 0 1 0 0 1 1 0 0 2 0 2 1 0 1 0 0 0 0 1 1 0 0 0 1 0 0 0 0 0 1 0 0 0 0 2 0 0 0 1 0 0 0 1 0 2 0 3 0 0 0 0 1 0 1 0 1 0 0 0 1 0 0 0 0 2 1 0 0 2 0 0 1 0 0 0 0 1 1 0 1 0 0 2 0 3 0 0 0 1 0 1 0 1 0 0 0 0 0 1 0 1 0 1 1 0 0 0 0 1 0 3 0 2 1 0 1 0 0 1 0 1 0 3 0 2 0 2 0 2 0 0 1 0 1 0 0 3 0 0 0 2 0 3 0 3 0 0 1 0 0 3 0 2 0 2 0 2 0 1 0 1 0 3 0 2 0 1 0 3 0 2 0 1 0 0 1 0 0 0 1 0 0 2 1 0 0 0 1 0 1 0 0 1 0 1 0 3 0 3 0 2 1 0 0 1 0 3 0 0 0 3 0 0 0 3 0 0 1 0 0 0 0 2 0 0 0 3 0 2 0 2 1 0 0 1 0 2 1 0 0 1 0 3 0 1 1 0 0 1 0 2 0 1 0 0 0 2 0 0 0 0 0 0 0 1 0 2 0 2 0 2 1 0 0 3 0 1 0 0 1 0 0 1 1 0 0 3 0 1 0 2 0 0 0 2 0 0 0 0 0 1 0 1 0 1 0 2 0 3 0 1 0 1 0 2 0 0 0 0 0 1 1 0 1 0 1 0 1 0 1 0 1 0 0 1 1 0 1 0 0 3 0 1 1 0 0 3 0 0 0 0 0 3 0 2 0 1 0 0 1 0 0 2 0 2 0 3 0 1 1 0 1 0 0 0 0 3 0 2 0 3 0 2 0 0 1 0 0 1 0 1 0 1 0 0 0 0 0 2 1 0 0 0 0 1 0 0 0 3 0 0 0 1 0 2 0 2 0 3 0 2 0 0 0 3 0 3 0 3 0 2 0 1 0 0 1 0 0 0 0 3 0 2 0 1 0 2 0 2 0 1 0 2 1 0 0 1 0 2 0 0 1 0 1 0 0 0 0 0 0 2 0 1 1 0 0 3 0 1 0 1 0 2 1 0 0 2 0 3 0 0 0 1 0 1 1 0 1 0 0 0 0 2 1 0 0 3 0 3 0 2 0 3 0 3 0 3 0 0 0 0 1 0 0 2 0 2 1 0 0 2 1 0 0 2 1 0 0 0 0 2 1 0 0 1 0 3 0 0 0 3 0 2 0 0 0 1 0 0 0 2 1 0 0 1 0 2 0 2 1 0 0 2 0 0 0 1 0 0 0 2 0 1 0 0 1 0 0 1 0 3 0 0 1 0 0 0 1 0 0 3 0 2 0 0 1 0 0 3 0 1 1 0 1 0 0 0 0 1 1 0 0 0 0 1 0 2 0 0 0 2 0 1 0 1 0 2 1 0 1 0 1 0 0 2 0 2 0 2 0 1 0 2 0 3 0 2 0 2 0 2 0 0 0 0 1 0 0 2 0 0 1 0 0 1 0 3 0 3 0 0 0 0 0 0 0 2 0 2 0 0 0 2 0 2 0 0 0 2 0 1 0 0 0 2 0 2 1 0 0 0 0 2 0 2 0 2 0 3 0 3 0 1 0 1 0 0 0 2 0 0 1 0 0 3 0 2 1 0 1 0 0 0 0 0 1 0 0 0 1 0 0 1 0 1 1 0 0 2 0 1 0 1 0 2 0 1 0 2 0 1 0 2 0 0 0 0 0 1 0 1 0 3 0 0 0 1 0 0 0 0 0 2 0 0 0 2
0 848 1 0 0 2 0 3 0 0 0 1 0 3 0 1 0 3 0 0 0 3 0 2 0 1 0 3 0 1 0 0 1 0 1 0 0 2 0 3 0 3 0 2 0 3 0 0 0 1 0 0 0 2 0 3 0 2 1 0 0 0 0 2 0 0 0 2 1 0 0 3 0 3 0 0 0 2 1 0 0 1 0 2 1 0 1 0 0 1 0 2 0 0 0 3 0 0 0 2 0 1 0 1 1 0 1 0 0 3 0 0 0 3 0 0 0 0 1 0 1 0 0 2 0 2 1 0 1 0 0 0 1 0 0 0 0 2 0 1 0 2 0 2 0 2 0 0 0 0 0 2 0 2 0 3 0 2 1 0 0 3 0 2 0 2 0 0 0 3 0 1 0 3 0 2 0 1 0 1 0 0 0 2 1 0 1 0 0 1 0 2 0 0 0 3 0 2 0 2 1 0 0 2 0 1 0 1 0 0 0 3 0 3 0 2 0 0 1 0 0 3 0 0 0 3 0 1 0 3 0 0 1 0 0 0 1 0 0 1 1 0 0 3 0 1 0 3 0 2 0 3 0 1 1 0 0 3 0 1 0 2 0 1 0 2 0 1 0 2 0 2 1 0 1 0 0 2 0 2 0 1 0 1 1 0 0 3 0 0 1 0 0 3 0 1 1 0 1 0 0 2 1 0 0 3 0 0 1 0 0 1 0 0 0 0 0 3 0 0 0 1 0 2 0 0 0 1 0 3 0 1 0 3 0 2 1 0 0 1 1 0 0 0 0 1 1 0 0 1 0 0 0 2 0 2 0 3 0 0 0 2 0 3 0 2 1 0 0 1 0 0 1 0 0 0 1 0 1 0 1 0 1 0 0 3 0 2 1 0 1 0 0 2 0 0 0 0 0 1 0 1 0 1 0 2 0 0 0 3 0 1 1 0 0 0 0 1 0 3 0 0 0 0 0 3 0 0 0 2 0 1 0 3 0 0 0 2 0 3 0 1 0 2 0 2 0 0 0 1 0 0 1 0 0 0 0 2 0 1 0 1 0 1 0 3 0 0 0 1 0 3 0 0 0 2 0 2 0 3 0 3 0 0 0 3 0 1 0 3 0 0 0 2 0 0 1 0 0 1 0 0 1 0 0 1 1 0 0 2 1 0 0 2 1 0 0 2 1 0 0 1 0 0 0 0 0 0 0 1 0 3 0 3 0 1 0 0 0 0 0 2 0 1 0 2 1 0 0 0 0 3 0 0 0 1 0 0 0 2 0 3 0 1 0 3 0 3 0 2 0 1 0 1 1 0 0 0 0 2 0 0 0 1 0 0 0 0 1 0 0 1 0 0 1 0 0 3 0 1 0 2 0 2 0 0 0 1 0 2 0 1 0 0 1 0 0 3 0 0 0 1 1 0 1 0 0 1 0 2 0 0 1 0 0 3 0 1 0 3 0 2 0 1 0 2 0 3 0 0 1 0 0 2 0 0 0 2 1 0 0 2 0 0 0 0 0 2 1 0 0 3 0 2 1 0 0 2 1 0 0 1 1 0 0 3 0 3 0 1 0 0 1 0 1 0 0 0 0 1 0 0 1 0 0 1 0 3 0 1 0 1 0 0 0 1 0 1 0 3 0 3 0 1 0 3 0 2 0 2 0 2 0 1 0 0 0 1 0 0 0 0 0 2 0 0 0 0 0 1 1 0 0 3 0 1 0 0 0 1 1 0 0 1 0 0 0 1 0 1 0 3 0 2 0 3 0 2 0 0 1 0 0 2 1 0 0 2 0 2 0 0 0 2 1 0 0 1 0 3 0 0 0 3 0 1 0 3 0 3 0 3 0 2 0 2 1 0 1 0 0 0 1 0 0 0 0 1 0 0 0 2 0 3 0 1 0 1 0 2 0 0 0 0 1 0 0 2 0 0
0 849 1 1 0 0 0 0 2 0 1 0 3 0 1 1 0 0 2 0 2 0 2 0 0 1 0 0 2 0 3 0 1 1 0 1 0 0 0 0 3 0 3 0 1 0 2 0 1 0 2 0 1 0 0 0 3 0 1 1 0 0 0 1 0 0 2 0 1 0 0 0 2 0 2 0 2 0 0 1 0 0 3 0 1 0 0 0 3 0 1 1 0 0 2 0 1 0 1 1 0 1 0 0 0 0 0 1 0 0 1 0 2 0 1 0 1 0 1 1 0 1 0 0 0 0 2 0 0 0 3 0 0 0 2 1 0 1 0 1 0 0 1 0 1 0 0 0 1 0 1 0 0 0 1 0 3 0 2 0 0 0 2 0 1 0 0 0 2 0 1 1 0 0 3 0 0 0 3 0 2 0 1 0 1 0 0 0 3 0 1 1 0 0 2 0 2 0 1 0 1 1 0 1 0 0 3 0 2 0 1 0 2 0 3 0 0 0 2 1 0 0 1 0 2 0 1 1 0 0 2 0 2 0 3 0 0 0 3 0 2 1 0 0 1 1 0 0 3 0 1 0 3 0 0 0 0 0 1 1 0 0 0 1 0 0 0 1 0 0 1 0 2 0 0 1 0 0 0 0 0 1 0 0 0 0 0 0 1 0 2 1 0 0 2 0 0 0 0 1 0 0 1 0 0 0 1 0 2 0 3 0 1 0 0 0 1 0 1 0 1 0 2 1 0 0 1 0 3 0 1 1 0 0 3 0 1 1 0 0 3 0 2 1 0 0 3 0 3 0 1 0 1 0 0 0 1 0 2 0 2 0 0 0 3 0 1 1 0 0 2 0 1 0 3 0 0 1 0 1 0 1 0 1 0 0 2 0 2 0 0 0 3 0 3 0 0 0 0 0 2 0 2 0 2 1 0 0 2 0 1 1 0 1 0 0 0 0 3 0 1 0 1 0 1 0 1 0 1 1 0 1 0 0 2 0 2 0 0 0 2 1 0 0 1 0 0 0 1 0 2 0 1 0 2 1 0 1 0 0 3 0 2 0 3 0 1 0 1 0 3 0 1 0 2 0 0 0 1 0 3 0 2 0 2 0 1 1 0 0 2 0 1 1 0 0 2 0 3 0 1 0 1 0 3 0 2 1 0 0 1 0 0 0 1 0 0 0 0 1 0 0 2 0 0 0 0 0 0 0 3 0 2 0 2 0 3 0 0 0 0 1 0 1 0 0 1 1 0 0 1 0 1 0 1 0 2 0 1 0 0 0 2 1 0 0 3 0 3 0 0 0 3 0 3 0 2 1 0 1 0 0 1 0 2 0 0 0 1 0 3 0 1 0 1 1 0 0 1 1 0 0 1 0 0 0 1 0 2 1 0 0 3 0 1 1 0 0 1 0 1 1 0 0 0 0 3 0 1 1 0 0 2 1 0 0 1 1 0 0 3 0 0 1 0 0 1 0 2 0 2 0 3 0 3 0 1 0 0 1 0 1 0 0 1 0 1 0 1 0 0 0 2 0 2 0 0 0 0 1 0 1 0 0 0 0 2 0 2 0 3 0 1 1 0 0 2 1 0 0 2 0 1 0 3 0 2 0 1 0 3 0 2 0 0 0 2 0 3 0 2 0 2 1 0 0 3 0 1 0 1 0 0 0 3 0 0 0 2 0 0 0 0 1 0 0 1 0 0 1 0 0 0 0 1 0 3 0 0 0 3 0 3 0 1 0 0 0 2 0 3 0 2 0 1 0 3 0 0 0 2 1 0 0 1 0 0 0 0 0 0 0 2 0 0 1 0 0 3 0 1 0 2 0 1 1 0 0 3 0 3 0 3 0 1 0 2 0 0 0 3 0 0 0 2 1 0 0 2 0 1 0 0 0 2 0 3 0 2 1 0 0 1 0 1 0 3 0 3 0 0
0 849 3 0 2 1 0 1 0 1 0 0 3 0 0 0 0 0 0 0 1 0 0 0 2 1 0 0 0 0 3 0 0 0 0 0 3 0 0 0 2 0 2 1 0 0 0 1 0 0 0 0 3 0 1 0 1 1 0 1 0 0 1 0 3 0 3 0 2 0 1 0 0 0 1 0 0 0 2 1 0 0 1 0 3 0 1 0 1 1 0 1 0 1 0 1 0 0 0 0 0 0 2 1 0 0 1 0 3 0 1 1 0 0 3 0 2 1 0 0 0 0 2 1 0 1 0 0 2 0 1 0 2 0 1 0 0 1 0 0 3 0 1 0 2 0 0 0 2 0 2 0 0 0 3 0 2 0 0 0 1 1 0 0 3 0 1 0 0 0 0 0 0 0 1 0 2 0 2 0 0 0 3 0 2 0 1 0 2 0 0 0 0 0 0 0 0 1 0 0 0 0 0 1 0 0 2 0 0 1 0 0 1 0 2 0 2 0 0 1 0 0 3 0 0 0 0 0 0 0 0 0 1 0 2 0 2 0 2 0 1 1 0 1 0 0 0 0 1 1 0 0 2 0 1 0 0 0 3 0 3 0 0 0 3 0 0 0 3 0 1 1 0 0 2 0 2 1 0 0 1 0 2 1 0 0 0 0 3 0 0 1 0 1 0 0 1 0 1 0 3 0 1 0 0 0 3 0 0 0 2 0 3 0 0 0 2 0 2 0 3 0 0 1 0 0 3 0 2 0 0 0 0 0 2 0 0 0 0 0 2 0 2 0 0 0 2 0 2 0 3 0 2 0 0 0 3 0 0 0 0 0 2 0 1 1 0 1 0 1 0 1 0 0 2 0 2 1 0 1 0 1 0 1 0 0 0 0 0 0 2 0 2 0 2 0 1 0 1 0 0 0 1 0 2 0 0 0 0 0 0 0 0 0 3 0 0 0 1 0 3 0 2 0 2 0 2 1 0 0 0 1 0 0 0 0 0 0 2 0 0 1 0 0 2 0 0 0 2 1 0 1 0 0 2 0 0 1 0 0 2 0 1 0 2 0 3 0 3 0 1 1 0 0 0 0 1 0 3 0 2 0 1 0 1 0 0 0 0 0 0 0 0 0 0 0 0 0 2 0 3 0 3 0 2 0 1 1 0 0 2 0 0 0 2 0 0 0 1 0 3 0 3 0 0 0 0 0 1 0 2 0 1 0 1 0 2 0 1 0 1 1 0 0 3 0 2 0 3 0 1 0 2 0 2 1 0 0 3 0 1 0 1 0 0 0 2 0 2 0 2 0 2 0 3 0 2 0 0 0 3 0 1 1 0 0 1 0 3 0 1 0 3 0 3 0 3 0 2 0 3 0 1 0 0 0 3 0 1 0 0 0 1 1 0 1 0 0 2 0 3 0 3 0 0 0 2 0 0 0 0 0 0 1 0 1 0 0 0 0 1 0 2 0 3 0 2 0 0 0 1 0 3 0 2 0 3 0 1 1 0 0 3 0 1 0 2 0 2 0 1 0 0 0 0 0 1 0 1 1 0 0 3 0 0 0 0 0 1 0 3 0 0 0 0 0 0 1 0 1 0 1 0 0 3 0 0 1 0 0 3 0 0 0 2 0 0 0 3 0 1 0 2 0 0 0 1 0 3 0 2 0 1 0 1 0 1 1 0 0 1 0 1 0 3 0 1 0 1 0 2 1 0 0 3 0 1 0 2 0 2 0 2 0 3 0 1 0 0 0 3 0 0 1 0 0 2 0 2 0 0 1 0 0 2 0 0 0 0 0 0 1 0 0 2 1 0 0 1 1 0 0 1 0 0 0 0 0 2 0 3 0 2 1 0 0 0 0 2 0 1 0 2 0 0 1 0 1 0 0 3 0 1 0 0 0 3 0 1 1 0 0 2 0 3 0 2 0 2 0 1
1 851 1 0 2 0 2 0 0 1 0 1 0 0 1 0 1 0 0 0 0 0 2 0 1 0 0 1 0 0 1 0 1 0 1 0 1 0 1 0 2 0 0 0 1 1 0 0 1 0 3 0 0 0 1 1 0 0 0 0 0 0 3 0 2 0 2 0 3 0 0 0 3 0 0 0 2 0 1 0 0 1 0 0 3 0 1 1 0 0 0 0 0 1 0 1 0 0 2 1 0 0 1 0 0 1 0 0 3 0 2 0 0 0 0 0 2 0 1 1 0 0 1 0 1 0 0 0 3 0 3 0 2 1 0 0 3 0 1 1 0 0 1 1 0 0 0 0 2 0 0 0 0 0 2 0 2 0 0 0 1 1 0 0 0 0 1 0 3 0 0 0 0 0 0 0 3 0 0 0 0 0 2 0 2 0 0 1 0 0 0 0 1 0 0 0 0 0 1 0 2 1 0 0 1 0 3 0 3 0 1 0 3 0 2 0 0 0 0 0 2 1 0 0 1 0 1 0 0 0 0 0 0 0 3 0 0 0 1 0 1 0 0 0 0 0 2 1 0 0 3 0 3 0 3 0 2 0 1 0 2 0 2 0 2 0 1 0 2 0 2 0 0 0 0 0 0 0 1 1 0 0 3 0 0 1 0 0 1 0 1 0 2 1 0 0 3 0 1 0 3 0 1 0 3 0 1 0 1 0 2 0 0 0 2 0 2 0 0 0 1 0 2 0 2 1 0 0 2 0 0 0 1 0 0 1 0 0 1 0 1 0 0 0 0 0 2 0 0 0 1 0 3 0 0 0 2 0 1 0 1 0 1 0 0 0 0 0 0 1 0 1 0 1 0 0 0 0 2 0 0 1 0 1 0 0 2 1 0 0 1 0 0 0 1 0 0 0 3 0 2 0 0 0 2 1 0 0 1 0 0 0 0 0 1 0 1 0 1 0 3 0 2 0 1 0 1 0 1 1 0 0 1 0 2 1 0 0 0 1 0 0 2 0 3 0 3 0 1 0 1 0 0 0 3 0 3 0 1 0 3 0 3 0 3 0 0 0 3 0 2 1 0 1 0 0 0 0 3 0 2 0 0 0 3 0 2 0 0 0 0 0 0 0 0 0 0 0 1 0 0 0 3 0 3 0 0 1 0 1 0 1 0 0 1 1 0 0 1 0 3 0 2 0 2 0 1 0 0 0 2 1 0 0 3 0 2 1 0 1 0 0 0 0 0 0 2 0 1 0 2 1 0 0 1 0 2 0 0 0 1 0 3 0 2 0 1 0 0 0 1 0 1 0 1 0 3 0 0 0 2 0 1 1 0 1 0 0 3 0 1 1 0 0 3 0 3 0 3 0 1 0 2 0 3 0 1 0 1 0 3 0 0 1 0 0 0 1 0 0 0 0 3 0 2 0 1 1 0 0 1 0 0 0 1 1 0 0 2 1 0 0 3 0 0 0 3 0 0 0 1 0 3 0 2 0 1 0 3 0 0 0 0 0 1 1 0 0 1 0 0 0 3 0 0 0 0 0 2 1 0 0 0 0 1 0 1 0 0 0 3 0 1 0 1 0 0 0 1 1 0 1 0 1 0 0 1 0 2 1 0 0 1 0 1 1 0 0 2 0 1 1 0 0 0 0 1 0 3 0 2 0 0 0 3 0 2 0 3 0 3 0 1 0 3 0 1 0 3 0 3 0 1 0 0 0 1 1 0 0 1 0 1 0 1 0 2 0 3 0 1 0 1 0 2 1 0 0 0 0 0 0 2 0 3 0 3 0 0 0 0 0 1 1 0 0 0 1 0 0 3 0 3 0 1 0 0 0 1 0 0 0 3 0 1 1 0 0 0 1 0 1 0 0 0 0 2 1 0 1 0 0 1 0 3 0 1 0 2 0 0 0 0 0 0 0 3 0 1 0 0 1 0
1 851 3 0 0 0 0 0 2 1 0 0 3 0 1 0 2 0 0 0 0 1 0 0 3 0 1 0 3 0 1 0 2 0 2 0 2 0 2 1 0 0 1 0 3 0 3 0 2 0 1 0 1 0 3 0 2 1 0 0 1 0 2 0 1 0 1 0 2 0 2 0 1 0 1 1 0 0 3 0 1 1 0 0 1 1 0 1 0 0 0 0 1 1 0 1 0 0 0 1 0 0 2 0 1 1 0 0 2 0 0 0 1 0 0 1 0 1 0 1 0 0 2 0 2 0 1 0 2 0 3 0 2 0 0 0 1 1 0 1 0 0 3 0 2 1 0 1 0 0 1 0 1 0 0 0 0 0 1 0 3 0 2 1 0 0 3 0 1 0 1 0 0 0 1 0 1 0 1 0 1 0 0 0 0 0 2 0 2 1 0 0 2 0 0 0 0 0 3 0 0 1 0 0 3 0 2 0 2 1 0 0 3 0 0 0 1 0 1 0 0 1 0 0 2 0 2 0 0 0 0 0 1 0 1 0 1 0 2 0 2 0 0 0 1 0 1 0 0 0 2 0 3 0 3 0 0 1 0 0 1 0 1 0 0 1 0 0 1 0 0 0 1 0 0 0 0 1 0 0 0 0 1 0 2 0 3 0 1 0 3 0 1 0 0 0 1 1 0 0 2 1 0 0 2 0 3 0 2 1 0 0 2 0 0 0 0 0 1 0 3 0 0 0 1 1 0 1 0 0 1 0 2 0 1 0 3 0 1 0 2 0 0 0 0 1 0 0 1 0 3 0 1 0 1 1 0 0 3 0 2 0 2 0 0 0 0 0 1 1 0 1 0 0 2 1 0 1 0 0 2 1 0 1 0 0 0 1 0 0 2 0 0 0 2 0 1 0 2 0 0 0 2 0 0 1 0 0 2 0 0 0 0 0 2 0 2 0 3 0 2 0 0 0 3 0 2 0 3 0 3 0 2 0 0 1 0 0 1 1 0 0 0 0 3 0 2 0 3 0 2 0 1 0 2 0 2 1 0 0 3 0 3 0 2 0 2 0 2 0 2 0 0 0 3 0 0 0 2 0 0 0 2 0 2 0 0 0 1 0 0 0 0 0 0 0 0 0 2 0 1 0 2 0 2 0 2 1 0 1 0 0 3 0 2 0 3 0 2 0 2 0 1 0 0 0 3 0 1 0 1 0 0 0 2 0 2 0 0 0 2 1 0 0 0 1 0 1 0 0 1 1 0 0 2 1 0 0 1 0 3 0 2 0 0 0 3 0 0 0 2 0 2 0 3 0 1 0 2 0 0 0 0 0 0 1 0 0 2 0 0 0 0 0 2 0 3 0 2 1 0 0 1 0 2 0 3 0 3 0 1 0 2 0 3 0 0 0 3 0 0 0 2 0 0 1 0 1 0 0 2 0 0 1 0 0 0 0 1 0 0 0 1 0 2 0 1 0 1 0 3 0 2 0 0 1 0 0 2 0 1 0 0 0 3 0 3 0 1 0 1 0 1 0 1 0 1 0 0 1 0 0 0 0 2 0 2 0 1 0 1 0 3 0 2 0 0 1 0 0 0 1 0 0 3 0 2 0 0 1 0 0 2 0 3 0 3 0 3 0 3 0 2 1 0 0 3 0 2 0 0 0 2 0 2 0 1 0 3 0 2 1 0 0 2 1 0 0 3 0 2 0 3 0 0 0 3 0 3 0 1 0 2 0 3 0 0 0 2 0 3 0 3 0 0 1 0 0 0 0 1 0 0 0 3 0 2 0 1 0 0 0 3 0 3 0 0 1 0 0 2 0 2 0 3 0 0 0 2 0 1 0 1 1 0 1 0 0 1 1 0 0 3 0 0 0 1 0 0 0 3 0 2 0 1 1 0 0 0 0 1 0 0 0 1 0 1 0 3 0 1 0 2
0 853 1 0 1 0 1 0 1 0 1 0 0 0 1 1 0 0 0 0 1 0 1 1 0 0 1 1 0 0 2 1 0 0 1 0 1 0 1 0 1 1 0 0 3 0 2 0 3 0 0 0 3 0 3 0 2 0 1 1 0 0 2 1 0 0 3 0 3 0 0 0 0 1 0 0 0 0 0 0 1 1 0 1 0 1 0 0 0 0 2 1 0 1 0 0 0 0 3 0 0 0 3 0 3 0 3 0 3 0 3 0 0 0 2 0 1 1 0 1 0 1 0 0 0 0 0 1 0 0 1 0 3 0 0 0 1 1 0 0 0 1 0 0 2 0 2 0 0 0 3 0 1 0 2 0 0 0 0 0 3 0 2 0 2 0 0 0 1 0 3 0 2 0 0 0 2 0 2 0 2 0 2 0 0 0 1 0 0 0 1 1 0 1 0 0 1 0 1 0 1 0 2 1 0 0 2 0 1 0 2 0 0 0 1 0 1 0 2 0 2 0 1 1 0 0 0 0 0 0 1 0 0 0 2 0 2 0 3 0 0 0 0 0 1 0 2 0 2 0 1 0 0 0 3 0 2 0 2 0 3 0 1 0 2 0 1 0 3 0 1 0 0 0 2 0 0 0 1 0 2 1 0 0 3 0 0 0 2 1 0 0 2 0 3 0 0 1 0 0 0 0 1 0 0 0 0 0 3 0 1 1 0 1 0 0 1 0 0 0 3 0 1 0 1 1 0 0 0 0 3 0 1 1 0 1 0 0 2 1 0 0 0 0 1 0 1 0 3 0 2 0 1 1 0 0 0 0 0 0 2 0 1 0 0 0 1 0 0 1 0 0 0 1 0 0 1 0 0 1 0 0 1 0 0 0 3 0 0 0 3 0 3 0 0 1 0 1 0 0 0 0 1 1 0 0 2 0 3 0 3 0 0 0 1 0 0 0 1 0 3 0 0 0 2 0 2 0 1 0 3 0 3 0 0 0 2 0 3 0 2 0 3 0 0 0 2 0 1 0 3 0 0 1 0 0 1 0 2 0 0 0 2 0 3 0 1 0 1 0 1 0 0 0 2 0 1 0 1 1 0 0 2 0 0 0 0 0 1 0 2 0 0 0 0 0 0 0 0 1 0 1 0 0 1 0 1 0 2 0 0 1 0 0 2 0 1 0 3 0 1 0 0 0 3 0 1 0 1 0 3 0 2 0 1 0 0 0 0 0 2 0 0 1 0 0 1 1 0 0 3 0 2 1 0 0 0 1 0 0 3 0 2 0 0 0 2 0 1 0 2 0 0 0 1 0 2 1 0 0 0 0 1 0 0 0 1 0 3 0 3 0 0 0 1 0 0 0 3 0 1 1 0 0 3 0 0 0 3 0 2 1 0 0 1 0 2 0 2 0 1 0 1 1 0 0 2 1 0 0 3 0 3 0 1 0 2 1 0 0 2 0 0 0 2 1 0 0 3 0 3 0 2 0 0 0 2 0 3 0 3 0 2 0 1 0 2 0 2 0 3 0 2 0 2 0 2 0 2 0 1 0 3 0 0 0 0 0 0 0 3 0 3 0 2 0 0 0 2 0 3 0 0 1 0 0 2 0 0 0 2 1 0 0 0 0 3 0 3 0 3 0 3 0 2 0 0 0 2 0 0 0 2 0 0 0 0 1 0 0 3 0 2 0 0 0 1 0 0 0 2 0 1 0 2 0 2 0 2 0 2 1 0 0 1 0 2 0 2 0 0 0 3 0 2 0 2 0 2 1 0 0 2 0 1 0 2 0 0 0 3 0 1 0 2 0 2 0 2 1 0 0 0 0 1 0 2 0 1 1 0 1 0 0 0 0 0 0 3 0 2 1 0 0 1 0 1 0 2 0 1 0 2 0 0 1 0 1 0 0 0 0 2 0 0 0 2 0 3 0 1 1 0 0 1
0 853 2 0 2 0 2 0 2 0 2 0 0 0 3 0 2 1 0 0 2 0 3 0 3 0 2 1 0 0 0 1 0 0 2 0 2 0 2 1 0 0 0 0 2 0 1 0 2 0 2 0 2 0 3 0 1 0 0 0 0 0 1 0 0 0 2 0 2 0 1 0 1 0 2 1 0 0 0 1 0 0 0 1 0 0 3 0 0 0 1 0 0 0 3 0 0 0 1 0 2 0 2 0 3 0 3 0 3 0 2 0 2 0 0 0 0 0 0 1 0 0 2 1 0 0 1 0 3 0 2 0 1 0 1 0 3 0 3 0 0 1 0 0 0 0 0 0 2 0 1 1 0 0 0 0 1 0 1 0 2 0 1 0 0 0 1 0 3 0 2 0 0 0 2 0 0 0 1 0 1 0 0 0 1 0 2 0 0 1 0 0 0 0 3 0 1 0 2 0 3 0 0 1 0 1 0 1 0 0 0 0 1 0 2 0 3 0 0 0 0 1 0 1 0 0 0 0 0 0 2 0 1 0 0 0 1 0 2 0 1 0 0 0 3 0 0 0 0 0 3 0 1 0 2 0 1 0 1 0 2 1 0 0 0 1 0 0 2 0 3 0 0 1 0 0 1 0 3 0 1 0 0 0 1 0 2 0 1 0 0 0 0 0 2 0 2 0 2 1 0 0 2 0 0 0 1 0 2 0 0 0 0 0 3 0 1 0 1 0 1 0 3 0 3 0 3 0 0 0 2 0 0 0 0 1 0 0 0 1 0 0 0 0 2 0 3 0 2 0 0 1 0 1 0 0 0 0 0 1 0 0 3 0 0 0 2 0 1 0 3 0 0 0 3 0 1 0 1 0 3 0 1 0 1 0 1 0 2 0 2 0 2 0 2 1 0 0 2 1 0 1 0 0 0 0 0 0 3 0 2 0 1 0 2 0 0 0 3 0 1 0 2 0 0 0 0 1 0 0 3 0 2 0 2 0 0 0 3 0 1 0 2 0 1 1 0 1 0 0 2 0 2 0 3 0 1 1 0 0 2 0 0 0 2 0 3 0 2 0 2 0 0 1 0 0 3 0 3 0 3 0 3 0 0 0 0 0 2 1 0 0 1 0 0 0 0 0 1 1 0 0 3 0 1 0 2 1 0 0 2 0 3 0 3 0 3 0 1 0 3 0 1 0 1 0 3 0 3 0 2 0 0 0 3 0 0 0 0 1 0 0 2 0 3 0 2 1 0 0 2 0 1 1 0 0 1 1 0 0 2 0 0 0 1 1 0 1 0 0 0 0 1 0 3 0 0 1 0 0 0 0 2 0 0 0 3 0 2 0 2 0 1 0 2 0 1 0 2 0 0 0 0 0 1 0 2 0 2 0 1 1 0 0 3 0 0 0 0 1 0 0 0 0 0 0 1 0 0 0 2 0 2 1 0 0 1 1 0 1 0 0 2 0 1 0 0 0 2 0 3 0 0 0 2 0 0 0 3 0 3 0 0 1 0 0 1 0 1 0 3 0 1 0 1 0 1 0 0 1 0 0 2 0 1 0 0 0 1 0 2 0 3 0 0 0 2 0 0 0 2 0 2 0 3 0 3 0 1 0 0 1 0 0 1 0 2 0 3 0 3 0 3 0 0 0 1 1 0 0 1 1 0 0 1 0 1 1 0 0 2 0 0 0 1 0 2 0 0 1 0 1 0 0 1 0 1 0 1 0 1 1 0 0 3 0 0 0 0 0 2 0 2 0 1 0 1 0 1 1 0 1 0 1 0 0 0 0 2 0 1 1 0 0 1 0 1 0 1 1 0 0 0 0 3 0 0 0 0 0 0 0 2 1 0 0 1 0 2 0 1 1 0 0 2 0 2 1 0 1 0 0 0 0 2 1 0 0 2 1 0 1 0 0 2 0 0 0 2 1 0 1 0 0 2
1 855 1 0 0 0 1 0 1 0 1 0 0 0 2 0 2 0 2 0 0 0 0 0 3 0 3 0 1 1 0 0 1 1 0 0 0 0 1 0 1 1 0 0 0 1 0 1 0 0 1 0 1 0 1 0 2 0 3 0 0 0 0 0 2 0 1 0 0 0 0 0 3 0 3 0 0 1 0 0 1 0 3 0 0 1 0 0 1 0 1 0 2 0 1 0 1 0 1 0 3 0 0 0 1 0 3 0 3 0 3 0 1 0 0 0 1 0 0 0 1 1 0 0 0 1 0 0 3 0 2 0 0 0 3 0 3 0 2 0 2 0 2 0 2 1 0 0 0 1 0 1 0 1 0 0 0 0 2 0 2 1 0 0 3 0 0 0 3 0 2 0 0 0 1 1 0 0 1 0 2 0 2 0 0 0 2 1 0 0 2 0 3 0 0 0 1 1 0 0 1 0 2 0 2 1 0 1 0 0 2 1 0 0 3 0 0 0 2 0 1 0 1 1 0 0 2 1 0 0 0 1 0 0 3 0 0 0 2 1 0 0 3 0 1 0 1 0 1 0 1 0 1 1 0 0 0 0 3 0 3 0 0 1 0 0 1 1 0 0 0 0 2 0 2 0 3 0 2 0 1 0 3 0 0 0 2 1 0 0 3 0 0 0 1 0 0 0 1 0 1 1 0 1 0 0 1 0 2 1 0 0 1 0 1 0 1 0 3 0 2 0 3 0 2 0 3 0 2 0 1 1 0 0 1 0 1 0 3 0 0 0 3 0 0 0 0 0 3 0 0 0 2 1 0 0 2 1 0 0 1 1 0 0 1 0 1 1 0 1 0 0 2 0 2 0 1 0 3 0 3 0 1 0 3 0 2 0 3 0 0 0 1 0 1 0 2 0 0 0 1 0 0 0 2 1 0 0 1 0 2 0 0 1 0 0 0 0 2 0 1 1 0 0 0 0 1 0 1 1 0 0 2 0 1 0 0 0 2 0 1 1 0 0 1 0 0 0 0 1 0 0 0 0 1 0 2 1 0 1 0 1 0 0 2 0 0 0 3 0 1 0 0 0 2 1 0 0 2 0 3 0 3 0 2 0 1 0 1 0 0 1 0 0 2 0 0 0 0 1 0 0 0 0 1 1 0 0 2 0 0 0 0 0 3 0 3 0 2 1 0 0 2 0 3 0 3 0 2 0 3 0 0 0 2 0 1 0 1 0 1 1 0 0 0 0 3 0 1 1 0 1 0 1 0 1 0 0 3 0 3 0 3 0 0 1 0 0 0 0 2 1 0 0 3 0 1 0 2 0 2 1 0 1 0 0 2 0 2 0 1 0 0 1 0 0 0 1 0 0 0 0 1 0 0 0 3 0 0 0 1 0 0 0 0 0 1 0 1 0 1 0 2 1 0 0 0 0 2 0 1 0 0 0 1 1 0 1 0 0 0 0 3 0 3 0 2 0 1 0 0 0 2 0 1 1 0 0 2 0 2 0 2 0 2 0 3 0 1 0 3 0 1 0 3 0 2 0 2 0 1 0 3 0 3 0 2 0 0 0 3 0 0 0 2 0 1 1 0 0 2 0 0 0 1 0 3 0 2 0 3 0 1 0 3 0 2 0 0 0 3 0 3 0 2 0 1 0 3 0 3 0 2 0 3 0 1 0 3 0 3 0 3 0 0 0 2 1 0 0 2 1 0 0 3 0 1 0 2 0 2 1 0 0 0 0 1 0 1 0 1 0 0 0 0 0 3 0 2 1 0 0 0 1 0 0 2 1 0 1 0 1 0 1 0 0 2 0 2 0 3 0 3 0 0 0 1 0 1 0 0 0 1 0 0 1 0 0 3 0 0 0 0 0 0 0 0 0 2 0 0 0 3 0 0 0 1 0 0 0 1 0 0 0 3 0 3 0 1 0 1 0 0 1 0 0 0
1 855 2 0 0 0 2 0 2 0 2 0 1 0 0 0 1 0 0 0 1 0 1 0 2 0 2 1 0 1 0 0 3 0 2 1 0 0 2 0 3 0 3 0 0 1 0 0 3 0 1 0 2 0 3 0 0 0 2 0 1 0 0 1 0 0 3 0 0 0 1 0 2 0 2 0 2 0 3 0 2 0 1 0 2 0 3 0 1 0 2 1 0 0 3 0 2 0 3 0 1 0 1 0 3 0 2 0 3 0 2 0 3 0 0 0 2 0 0 0 3 0 3 0 0 1 0 0 2 0 0 0 2 0 2 0 3 0 1 0 1 0 1 0 1 1 0 0 1 1 0 1 0 0 3 0 0 0 0 0 2 0 0 0 1 0 2 0 2 0 0 0 1 0 3 0 3 0 2 0 0 0 0 0 2 0 1 0 0 0 0 0 2 0 1 0 3 0 3 0 2 0 0 0 2 0 0 1 0 0 1 0 0 0 1 0 1 1 0 1 0 0 0 0 0 0 0 1 0 0 1 1 0 0 1 0 2 0 1 0 0 0 1 0 3 0 2 0 2 0 2 0 3 0 3 0 0 0 2 0 2 0 2 0 3 0 2 0 3 0 0 0 0 0 1 0 3 0 0 1 0 0 2 0 2 0 1 0 0 0 1 0 1 0 2 0 0 0 2 1 0 0 0 0 3 0 2 0 0 1 0 0 2 0 2 0 3 0 2 0 1 0 3 0 1 0 3 0 0 1 0 1 0 0 2 0 3 0 1 0 2 0 1 0 1 0 1 0 1 0 2 0 1 0 0 0 0 1 0 0 3 0 3 0 1 1 0 0 0 1 0 0 0 0 0 1 0 0 3 0 2 1 0 0 3 0 1 0 2 0 1 0 2 0 2 1 0 0 1 0 2 0 1 0 0 1 0 0 2 1 0 0 2 0 2 1 0 1 0 1 0 1 0 0 0 0 2 0 3 0 3 0 3 0 2 0 0 1 0 1 0 1 0 0 2 0 0 0 1 0 2 1 0 0 3 0 1 0 0 1 0 0 3 0 3 0 1 0 1 0 3 0 1 0 1 0 0 0 0 0 3 0 3 0 0 0 3 0 2 0 1 0 3 0 3 0 0 0 1 0 2 1 0 0 3 0 3 0 3 0 0 0 1 0 2 0 3 0 2 0 0 0 0 0 3 0 3 0 1 0 2 0 1 1 0 0 3 0 2 0 3 0 3 0 0 0 2 0 0 0 0 1 0 1 0 1 0 0 2 0 3 0 2 0 2 0 3 0 0 0 1 0 0 0 1 1 0 0 1 0 2 0 0 1 0 0 0 0 0 0 3 0 1 0 3 0 0 0 2 1 0 0 2 0 1 0 1 0 1 0 2 0 0 0 0 0 2 0 2 0 3 0 0 1 0 0 0 1 0 0 3 0 0 1 0 0 0 0 3 0 0 0 2 0 3 0 0 0 3 0 1 0 0 0 0 0 0 0 0 0 1 0 1 0 1 0 2 1 0 0 2 1 0 0 3 0 1 0 0 1 0 0 3 0 3 0 0 0 2 0 1 0 1 1 0 1 0 1 0 1 0 0 1 0 3 0 2 0 1 0 2 1 0 0 3 0 0 0 2 0 2 0 3 0 0 1 0 0 3 0 3 0 1 0 2 1 0 0 3 0 3 0 2 0 2 0 1 0 0 0 1 0 0 0 1 1 0 0 1 0 1 1 0 0 0 0 2 0 2 0 2 0 0 0 1 0 2 0 1 1 0 0 1 1 0 0 1 0 0 1 0 1 0 1 0 0 0 0 1 0 3 0 2 0 1 0 2 0 2 0 0 0 2 0 1 1 0 0 1 0 1 0 0 0 0 0 0 1 0 0 2 0 1 0 1 0 2 0 0 0 2 0 1 0 2 0 2 0 3 0 2 0 1 0 2 1 0
1 856 1 0 0 2 0 0 0 1 0 0 0 3 0 0 0 2 0 0 0 2 0 3 0 0 0 2 0 0 1 0 0 2 0 2 0 0 0 0 0 3 0 2 0 2 1 0 0 1 1 0 0 1 0 2 0 1 1 0 0 3 0 1 1 0 0 1 0 1 0 3 0 0 0 1 0 1 0 3 0 0 1 0 0 1 0 2 1 0 0 2 0 0 0 2 0 1 0 2 0 3 0 3 0 2 0 1 0 3 0 1 0 2 0 1 1 0 0 2 0 2 0 2 0 2 0 3 0 3 0 1 0 0 0 1 0 2 0 3 0 2 0 2 0 3 0 3 0 2 1 0 1 0 0 1 0 1 0 0 1 0 0 1 0 3 0 0 0 0 0 1 0 3 0 2 0 3 0 0 0 1 0 0 1 0 0 3 0 0 0 0 1 0 1 0 0 3 0 3 0 0 0 1 1 0 0 2 0 3 0 1 0 0 0 2 1 0 0 0 0 2 1 0 0 0 0 1 0 3 0 2 0 3 0 1 1 0 0 3 0 0 0 3 0 2 0 1 0 1 0 1 0 3 0 2 0 2 0 0 0 1 0 1 0 3 0 1 0 2 0 1 0 0 0 3 0 1 0 2 1 0 0 0 0 0 0 3 0 0 0 2 0 2 1 0 0 2 0 0 1 0 0 1 0 2 0 0 0 2 1 0 0 0 0 1 0 3 0 0 1 0 0 2 1 0 0 2 0 2 1 0 1 0 0 0 0 2 1 0 0 0 0 3 0 2 0 2 0 2 1 0 0 3 0 0 0 1 1 0 0 2 0 2 1 0 1 0 0 1 0 2 1 0 0 1 1 0 0 2 0 2 0 0 0 1 1 0 0 0 1 0 0 1 0 1 1 0 0 2 1 0 0 3 0 1 1 0 0 1 0 0 0 0 0 2 0 0 1 0 1 0 0 3 0 0 0 0 0 3 0 3 0 3 0 0 0 2 1 0 1 0 0 3 0 3 0 0 0 3 0 1 0 0 0 1 0 3 0 1 1 0 0 2 0 2 0 3 0 3 0 1 0 3 0 2 0 0 0 1 0 2 0 2 0 2 0 2 0 0 1 0 0 3 0 2 0 1 0 3 0 1 0 0 0 2 0 3 0 2 0 1 0 3 0 0 0 3 0 0 0 1 0 1 0 2 0 2 1 0 0 1 0 0 0 0 0 2 0 1 0 3 0 2 0 1 1 0 0 1 0 1 1 0 1 0 1 0 0 0 0 3 0 1 0 1 0 2 0 1 0 2 0 0 0 3 0 3 0 1 1 0 0 2 0 2 1 0 0 1 0 1 1 0 0 2 0 2 0 0 1 0 1 0 0 3 0 2 0 2 1 0 0 1 0 1 0 0 0 1 0 2 0 2 0 3 0 0 1 0 0 1 0 2 0 3 0 0 0 1 0 2 0 0 0 2 0 2 0 1 0 3 0 0 0 0 0 0 0 0 0 2 0 2 0 3 0 1 0 0 0 1 0 0 0 1 0 3 0 1 1 0 0 2 0 2 0 1 1 0 1 0 0 0 0 0 1 0 1 0 0 3 0 2 0 2 0 0 1 0 0 2 0 0 0 1 0 2 0 0 0 1 0 2 0 2 1 0 0 2 0 2 1 0 0 2 0 0 0 2 0 3 0 1 0 0 0 3 0 0 0 2 0 0 0 3 0 3 0 1 0 3 0 3 0 0 0 0 0 1 0 0 0 1 0 2 1 0 1 0 1 0 0 3 0 3 0 1 0 1 1 0 1 0 0 2 1 0 0 3 0 2 0 0 1 0 0 1 0 0 0 1 1 0 1 0 1 0 0 2 0 2 0 0 0 0 0 1 0 3 0 3 0 2 0 2 1 0 0 1 1 0 1 0 0 1 0 1 0 3 0 0 1 0 0 1 1 0
1 857 1 0 3 0 3 0 0 0 2 0 1 0 1 0 1 1 0 0 2 0 0 0 2 0 1 1 0 0 2 1 0 0 0 0 0 0 1 0 1 0 2 0 1 0 1 1 0 0 3 0 3 0 2 0 0 0 0 0 0 0 1 1 0 1 0 0 2 0 3 0 1 0 1 0 2 0 3 0 1 0 2 0 3 0 2 0 0 1 0 1 0 0 1 1 0 1 0 0 1 0 3 0 3 0 0 1 0 0 2 1 0 0 1 0 0 0 0 0 0 0 1 0 1 0 1 0 3 0 2 0 3 0 0 0 3 0 0 0 3 0 1 0 1 0 3 0 3 0 2 0 0 0 3 0 1 0 2 0 1 0 3 0 2 0 1 0 1 0 0 0 3 0 2 0 1 0 2 0 1 0 2 0 1 1 0 0 1 0 1 0 1 1 0 1 0 0 2 0 2 0 1 1 0 0 0 0 0 0 2 0 3 0 1 0 0 1 0 0 1 0 0 1 0 0 0 0 3 0 2 0 1 0 3 0 0 0 0 0 1 0 2 0 2 0 0 0 3 0 2 0 3 0 2 0 1 0 0 0 1 0 2 0 3 0 1 1 0 0 0 0 3 0 1 0 1 1 0 0 1 1 0 0 0 0 1 0 1 0 2 0 0 0 1 1 0 1 0 0 2 0 3 0 1 1 0 0 2 0 0 1 0 0 0 0 3 0 1 0 2 1 0 0 1 0 0 0 0 0 2 0 0 0 3 0 0 0 0 1 0 0 1 0 2 0 1 0 1 0 2 0 0 0 1 0 1 1 0 0 0 0 0 0 2 0 0 0 3 0 2 0 0 1 0 1 0 0 0 0 0 0 0 0 1 0 3 0 3 0 0 0 3 0 1 1 0 0 0 0 1 0 0 0 1 1 0 1 0 0 2 0 0 0 0 1 0 0 2 1 0 1 0 0 1 0 1 0 1 0 2 0 3 0 2 0 2 0 1 0 0 1 0 0 2 0 2 0 2 0 1 0 3 0 0 0 3 0 2 0 0 0 0 0 0 0 1 0 3 0 2 1 0 0 3 0 0 0 1 0 3 0 0 0 1 0 1 0 0 0 2 1 0 0 2 0 0 1 0 0 2 0 3 0 1 0 0 0 3 0 0 1 0 0 2 0 2 0 1 0 1 0 2 0 3 0 0 0 1 1 0 0 2 0 0 0 0 1 0 1 0 0 3 0 0 1 0 1 0 0 2 1 0 0 0 1 0 0 3 0 0 0 1 0 3 0 2 1 0 1 0 0 0 0 2 0 2 0 3 0 0 0 0 0 0 0 1 1 0 0 2 1 0 0 0 0 0 0 0 0 2 1 0 1 0 0 2 0 1 0 1 1 0 0 2 0 2 0 0 0 3 0 0 0 1 0 2 0 2 0 3 0 2 0 0 0 2 0 1 0 2 1 0 0 2 0 0 0 0 1 0 0 2 0 1 0 0 0 0 0 1 0 0 0 1 0 2 0 3 0 0 0 2 0 0 0 3 0 2 0 0 0 0 0 0 0 1 0 0 0 0 0 2 1 0 0 1 1 0 1 0 0 2 0 1 0 0 0 2 0 3 0 3 0 0 0 2 1 0 0 1 0 3 0 0 0 2 0 0 0 0 0 1 1 0 1 0 0 2 0 0 0 2 0 3 0 1 0 1 0 1 1 0 0 2 0 2 0 2 1 0 0 3 0 2 0 1 0 0 0 2 0 0 0 3 0 1 0 0 1 0 1 0 0 2 0 2 1 0 0 0 0 0 1 0 0 1 0 0 0 2 0 0 0 2 0 3 0 1 0 0 1 0 0 0 1 0 1 0 0 0 0 0 0 1 0 0 0 3 0 2 0 3 0 1 0 1 1 0 1 0 0 0 0 3 0 1 0 3 0 1 0 2 0 3 0 2 0 2
0 857 3 0 2 0 2 0 1 1 0 0 3 0 2 0 3 0 3 0 3 0 1 0 0 0 0 0 0 0 0 1 0 0 0 0 0 0 2 0 2 1 0 1 0 0 0 0 0 0 2 0 3 0 0 0 1 0 0 0 0 1 0 0 0 1 0 0 0 0 2 0 3 0 3 0 0 0 2 1 0 0 1 0 3 0 0 0 2 1 0 0 3 0 2 1 0 0 3 0 2 0 2 0 2 0 2 1 0 0 0 1 0 0 2 0 0 0 0 0 0 0 2 0 2 0 3 0 2 0 1 0 2 0 2 0 1 0 2 0 1 0 3 0 3 0 2 0 3 0 0 0 2 0 1 1 0 0 0 1 0 0 3 0 0 0 3 0 2 0 1 0 2 0 0 1 0 0 0 1 0 0 0 1 0 1 0 0 2 0 2 1 0 0 0 1 0 0 0 0 0 1 0 1 0 0 0 0 1 0 0 0 2 0 3 0 1 0 3 0 1 0 1 0 3 0 0 0 2 0 0 1 0 0 2 0 1 0 0 0 3 0 0 0 0 0 2 0 2 0 1 0 3 0 0 0 3 0 0 0 3 0 0 0 2 1 0 1 0 0 1 0 1 0 3 0 3 0 3 0 2 0 2 1 0 0 2 0 2 1 0 0 1 1 0 0 0 1 0 0 0 0 2 1 0 1 0 1 0 0 2 0 3 0 0 0 1 1 0 0 1 1 0 0 2 0 0 0 0 1 0 0 2 0 1 0 1 0 1 0 3 0 1 1 0 0 3 0 2 1 0 0 1 0 2 0 3 0 2 1 0 0 0 1 0 0 2 0 2 0 0 0 2 1 0 0 2 1 0 0 0 0 0 0 3 0 2 0 2 0 2 0 1 1 0 1 0 0 0 0 2 0 0 1 0 0 0 0 3 0 3 0 0 0 1 1 0 0 1 0 0 0 3 0 1 0 2 0 3 0 0 0 3 0 1 0 0 0 3 0 1 1 0 0 0 0 1 0 0 1 0 0 2 0 2 0 2 0 0 0 1 0 0 0 0 0 3 0 2 0 2 0 0 0 1 0 1 0 3 0 1 0 1 0 2 0 2 0 1 0 0 1 0 1 0 0 2 1 0 0 0 0 2 0 3 0 1 0 1 0 2 1 0 0 0 0 0 0 3 0 3 0 0 0 2 0 1 0 3 0 3 0 3 0 0 0 1 1 0 1 0 0 1 0 2 1 0 1 0 0 0 1 0 0 1 1 0 0 1 0 1 0 3 0 2 0 2 0 0 0 3 0 0 0 0 0 1 0 2 0 1 0 0 0 0 1 0 0 0 0 0 1 0 0 0 0 0 0 1 0 1 0 0 0 3 0 3 0 2 1 0 0 0 0 0 0 0 0 2 0 1 0 1 0 3 0 0 0 1 0 3 0 0 0 1 1 0 1 0 0 1 1 0 1 0 0 1 0 1 0 3 0 3 0 2 0 0 0 0 0 2 0 0 0 3 0 0 0 2 0 1 1 0 0 2 0 2 0 0 0 1 0 0 0 0 0 2 0 0 0 1 0 0 1 0 1 0 0 0 0 3 0 3 0 2 0 1 0 0 0 3 0 2 0 2 0 0 1 0 0 3 0 1 0 1 1 0 0 1 0 0 1 0 0 0 0 3 0 3 0 1 0 0 0 2 0 3 0 2 1 0 0 0 0 0 0 1 0 2 0 0 0 2 0 0 0 3 0 0 1 0 0 2 0 1 0 3 0 1 1 0 1 0 0 0 0 1 1 0 0 0 0 1 0 3 0 1 0 0 1 0 0 2 0 0 0 2 0 3 0 1 0 3 0 0 1 0 0 2 1 0 0 0 0 2 0 1 0 2 0 1 0 2 1 0 0 0 0 0 0 3 0 0 0 1 1 0 0 2 1 0 0 1 0 3 0 1 0 1
1 859 1 0 2 0 1 0 1 0 0 0 0 0 2 0 1 0 3 0 3 0 2 0 3 0 0 0 0 0 0 0 1 0 2 1 0 0 1 0 0 0 2 0 0 0 2 1 0 0 1 0 0 0 2 0 1 0 2 0 0 0 1 0 3 0 0 0 3 0 0 0 0 0 3 0 2 0 2 0 0 1 0 0 3 0 1 0 2 0 1 0 0 0 2 0 2 0 0 0 2 0 1 0 1 0 1 0 1 1 0 0 1 0 3 0 3 0 0 0 0 0 1 0 0 0 1 0 3 0 0 1 0 0 1 0 0 1 0 0 0 1 0 0 3 0 3 0 1 0 2 0 1 1 0 1 0 1 0 0 1 1 0 0 1 0 2 0 2 0 0 1 0 0 0 0 2 0 3 0 0 0 3 0 0 1 0 1 0 0 0 0 1 1 0 0 1 0 2 1 0 0 1 1 0 0 2 1 0 0 2 0 1 0 0 0 2 1 0 0 2 0 3 0 3 0 1 0 1 1 0 0 2 0 3 0 3 0 2 0 1 0 1 0 1 0 1 0 0 0 0 1 0 0 2 0 2 0 1 0 2 0 1 0 2 0 1 0 0 0 3 0 1 0 3 0 2 0 3 0 3 0 1 0 2 0 0 0 0 0 1 1 0 0 3 0 3 0 0 0 3 0 0 0 1 0 0 1 0 1 0 0 0 0 2 0 1 0 3 0 3 0 2 0 3 0 3 0 0 0 1 0 3 0 3 0 2 0 2 0 3 0 2 0 0 0 0 0 2 0 1 1 0 0 3 0 0 0 3 0 1 1 0 0 1 1 0 0 0 0 0 0 2 0 1 0 0 0 0 1 0 0 0 0 1 0 2 0 1 0 1 0 1 0 0 0 0 0 2 1 0 1 0 0 2 0 3 0 0 0 2 0 2 0 1 0 3 0 3 0 1 0 1 0 1 1 0 0 1 0 2 0 2 0 1 0 3 0 1 0 1 1 0 1 0 0 0 0 2 0 1 1 0 0 0 0 1 0 0 0 1 0 2 0 0 0 1 0 2 0 1 0 0 0 1 0 2 0 3 0 1 0 3 0 3 0 0 0 0 0 3 0 1 1 0 1 0 0 0 1 0 0 1 0 0 0 2 0 3 0 3 0 0 1 0 0 0 0 1 0 2 0 2 0 1 1 0 1 0 0 3 0 3 0 2 0 1 1 0 0 0 0 3 0 2 0 1 0 0 0 3 0 0 0 3 0 2 0 3 0 1 0 3 0 2 0 1 0 0 0 2 0 1 0 1 0 0 0 2 1 0 0 3 0 0 0 1 0 2 1 0 0 1 0 2 1 0 0 0 0 2 0 2 0 1 0 2 0 3 0 1 1 0 0 0 0 0 0 0 1 0 0 3 0 3 0 1 0 1 0 3 0 1 0 1 1 0 0 0 0 3 0 2 1 0 0 3 0 1 0 3 0 2 0 3 0 0 0 1 0 0 1 0 0 2 0 1 0 2 0 0 0 0 0 0 0 0 0 0 0 1 0 2 0 0 0 0 1 0 0 1 0 2 0 1 1 0 0 3 0 0 0 2 0 3 0 0 0 3 0 1 0 2 0 1 0 0 0 2 1 0 0 1 0 3 0 3 0 3 0 1 0 1 0 3 0 0 0 2 0 2 0 3 0 1 0 0 0 3 0 1 1 0 0 0 0 0 0 2 1 0 0 1 1 0 0 2 0 1 0 2 0 3 0 3 0 3 0 2 0 0 0 0 0 2 1 0 0 3 0 2 1 0 0 3 0 1 0 3 0 1 0 3 0 3 0 1 0 0 0 2 1 0 0 2 0 2 1 0 0 0 1 0 0 0 1 0 1 0 0 0 1 0 0 1 1 0 0 0 0 1 0 1 0 1 1 0 0 0 0 0 1 0 0 3 0 1 0 3 0 2
0 859 2 1 0 0 3 0 2 0 0 0 0 1 0 1 0 0 3 0 3 0 1 0 2 0 1 0 0 0 0 0 3 0 0 1 0 0 2 0 0 1 0 0 2 0 0 1 0 0 2 0 0 1 0 1 0 0 0 0 1 0 3 0 1 0 2 0 1 0 1 0 1 0 2 0 1 0 0 0 2 1 0 0 1 1 0 0 0 0 3 0 1 0 0 0 0 0 1 1 0 0 3 0 2 0 2 0 3 0 3 0 2 0 2 0 2 0 1 0 0 0 2 0 0 0 3 0 1 0 2 0 3 0 1 0 1 0 3 0 0 1 0 0 2 0 2 1 0 0 1 0 0 0 0 1 0 0 3 0 2 0 3 0 2 0 0 0 0 0 2 0 3 0 0 0 0 0 2 0 2 0 1 0 2 1 0 0 2 1 0 0 3 0 3 0 2 0 0 1 0 1 0 0 0 0 0 1 0 1 0 0 3 0 1 0 1 0 0 0 0 0 3 0 2 1 0 0 0 0 0 0 0 0 3 0 3 0 0 0 3 0 2 0 2 0 2 0 0 0 1 1 0 0 0 0 0 1 0 0 0 1 0 0 0 0 3 0 1 0 1 1 0 0 3 0 1 0 3 0 2 1 0 0 0 0 1 0 0 1 0 0 0 0 2 0 2 0 2 0 1 0 1 0 2 0 1 1 0 0 2 1 0 1 0 1 0 0 3 0 3 0 1 0 3 0 2 0 1 0 3 0 2 0 3 0 1 0 1 0 3 0 0 0 1 0 1 0 0 0 0 0 0 0 1 0 2 0 1 1 0 1 0 0 3 0 2 1 0 0 0 1 0 0 3 0 0 0 1 0 2 1 0 0 2 1 0 0 3 0 2 0 2 0 0 0 1 0 1 0 0 1 0 0 0 0 2 0 2 0 0 0 0 1 0 0 3 0 2 0 3 0 2 0 3 0 3 0 2 0 0 0 0 1 0 0 2 1 0 0 0 0 0 0 2 1 0 1 0 1 0 1 0 0 0 0 2 0 0 0 2 1 0 0 1 0 2 1 0 0 3 0 0 0 3 0 0 0 2 1 0 0 3 0 2 0 1 0 1 0 2 0 0 0 0 0 3 0 0 0 3 0 1 0 1 0 0 0 3 0 2 0 2 0 2 1 0 0 3 0 0 0 1 0 0 0 0 1 0 0 2 0 3 0 0 1 0 1 0 0 1 0 2 0 0 0 3 0 1 0 1 0 2 0 2 0 1 0 2 1 0 0 3 0 0 0 3 0 0 1 0 0 3 0 2 0 1 0 1 0 0 0 1 0 1 0 3 0 0 1 0 0 3 0 0 1 0 0 1 0 0 0 0 1 0 0 1 0 2 1 0 1 0 0 0 0 0 0 1 1 0 0 2 0 2 0 3 0 3 0 1 0 3 0 3 0 3 0 0 0 2 0 2 0 0 0 1 1 0 0 3 0 1 0 2 0 1 0 2 0 1 0 3 0 3 0 2 1 0 0 1 0 0 0 0 0 0 0 0 0 2 1 0 0 1 0 1 0 3 0 2 0 0 0 0 0 0 0 1 0 2 0 0 0 2 0 2 0 1 1 0 0 0 0 3 0 1 0 0 1 0 0 3 0 2 0 3 0 2 0 3 0 3 0 1 0 2 0 0 0 1 0 2 0 3 0 1 0 1 1 0 1 0 0 0 0 1 0 0 1 0 0 3 0 3 0 3 0 3 0 0 0 3 0 3 0 3 0 0 0 1 0 1 0 1 0 0 0 2 0 2 0 0 0 1 1 0 0 2 1 0 0 3 0 2 0 3 0 1 0 1 0 0 0 0 0 1 1 0 0 1 0 3 0 0 1 0 0 3 0 0 0 3 0 2 0 2 1 0 0 2 0 2 0 3 0 2 1 0 0 1 1 0 0 1 1 0 0 3 0 1
1 861 1 0 1 0 0 0 2 0 0 0 1 0 1 1 0 1 0 0 2 0 2 1 0 0 0 0 3 0 0 0 1 0 1 0 2 0 3 0 3 0 1 0 3 0 3 0 1 0 3 0 3 0 1 1 0 0 2 1 0 0 3 0 1 1 0 0 0 0 3 0 2 0 2 1 0 0 3 0 1 0 0 1 0 0 3 0 3 0 0 0 1 0 3 0 0 0 0 1 0 0 0 0 2 0 1 0 1 0 3 0 3 0 1 0 1 0 0 0 3 0 0 1 0 0 2 0 1 1 0 0 1 0 2 0 3 0 3 0 1 0 2 1 0 0 0 0 1 1 0 0 2 0 0 0 1 1 0 0 2 0 1 0 3 0 0 0 1 0 1 0 0 0 2 0 1 0 1 0 0 0 0 1 0 0 2 0 0 0 1 0 0 0 2 0 3 0 0 0 2 1 0 0 2 1 0 0 1 1 0 1 0 0 1 0 3 0 2 0 0 0 1 0 2 0 1 1 0 0 0 0 0 0 1 0 2 0 2 0 2 0 2 0 1 0 1 0 0 0 1 0 3 0 2 1 0 0 1 0 3 0 0 0 3 0 0 0 1 1 0 0 0 0 0 0 1 1 0 0 3 0 1 1 0 0 0 0 2 0 1 0 3 0 0 0 0 0 1 0 0 0 3 0 3 0 0 0 0 0 0 0 1 0 0 1 0 1 0 0 2 0 2 1 0 0 3 0 0 1 0 0 3 0 1 0 2 0 3 0 3 0 1 0 1 0 2 0 2 0 0 0 0 0 0 0 3 0 0 0 0 0 0 1 0 0 2 0 1 1 0 0 1 1 0 0 1 0 1 0 3 0 1 0 0 0 1 0 0 0 2 0 1 0 0 0 1 0 2 0 2 0 1 0 3 0 0 0 0 0 0 0 1 0 1 1 0 0 2 0 1 0 3 0 1 0 3 0 3 0 0 0 1 0 1 1 0 0 0 1 0 0 0 0 1 0 1 0 0 1 0 1 0 0 2 1 0 1 0 0 2 0 0 1 0 0 3 0 1 0 0 0 1 0 2 0 1 0 2 0 1 0 0 0 2 0 0 0 3 0 2 1 0 0 1 0 1 0 1 0 2 0 1 0 3 0 2 0 1 0 2 0 1 0 1 0 2 0 0 0 1 0 1 0 2 0 0 0 1 1 0 0 0 0 2 0 2 1 0 0 3 0 1 1 0 0 2 0 1 0 3 0 3 0 0 0 0 1 0 0 2 0 0 0 1 0 2 0 1 0 2 1 0 0 2 0 0 0 3 0 2 0 0 0 2 0 3 0 1 0 2 1 0 0 1 0 2 0 3 0 1 0 0 0 1 0 3 0 2 0 1 0 0 0 2 1 0 0 0 1 0 0 0 0 0 0 1 0 3 0 2 1 0 0 3 0 3 0 2 0 2 0 0 0 0 0 1 1 0 0 0 0 1 1 0 0 0 1 0 0 0 1 0 0 3 0 3 0 1 1 0 0 2 0 0 0 0 0 0 0 1 0 0 1 0 0 2 0 3 0 2 0 0 0 1 0 0 0 0 0 2 1 0 0 2 0 0 0 0 1 0 1 0 0 1 0 1 0 3 0 1 1 0 0 2 0 1 0 3 0 1 0 3 0 2 1 0 0 0 0 1 0 3 0 0 0 2 1 0 0 0 0 0 0 2 1 0 0 2 0 1 1 0 0 2 0 3 0 3 0 2 0 2 0 2 0 3 0 2 0 1 0 2 0 2 0 2 0 1 0 0 0 0 0 1 1 0 0 0 0 1 0 0 0 2 0 1 0 2 0 3 0 2 0 0 0 0 0 3 0 3 0 2 0 1 0 2 1 0 0 1 0 2 0 2 0 1 0 2 0 0 0 0 0 1 0 3 0 1 1 0 0 3 0 3 0 2 1 0 0 1 1 0
1 861 2 0 2 0 0 1 0 0 1 0 2 1 0 0 0 1 0 0 0 0 1 1 0 0 1 0 1 0 1 0 2 0 3 0 0 0 3 0 2 1 0 0 3 0 2 1 0 0 3 0 3 0 0 0 0 0 1 0 0 0 1 1 0 1 0 0 1 0 2 0 1 0 2 0 0 0 1 0 3 0 1 1 0 0 2 0 2 0 1 0 3 0 1 0 1 0 1 0 2 1 0 1 0 0 3 0 3 0 2 0 2 0 3 0 2 0 1 0 1 0 2 0 3 0 3 0 3 0 3 0 2 0 0 0 3 0 2 1 0 0 1 1 0 0 0 0 3 0 3 0 3 0 0 0 3 0 3 0 3 0 3 0 1 0 1 0 2 0 2 0 0 1 0 0 3 0 2 0 0 0 1 0 3 0 3 0 0 0 2 0 1 0 0 0 2 0 2 0 1 0 0 0 0 1 0 1 0 0 0 0 3 0 2 0 2 0 0 0 1 0 2 1 0 1 0 1 0 0 0 0 0 0 3 0 0 0 1 0 1 0 0 0 3 0 2 0 0 0 3 0 2 0 1 1 0 0 3 0 1 0 2 0 1 0 1 0 3 0 2 1 0 0 0 1 0 0 0 0 1 1 0 1 0 0 0 1 0 1 0 0 2 0 1 0 0 0 2 0 1 0 2 0 2 0 1 0 0 0 0 0 2 0 1 1 0 1 0 0 0 0 2 0 0 0 1 0 2 1 0 0 1 1 0 0 1 0 3 0 2 0 3 0 3 0 0 0 0 0 1 0 0 0 1 0 1 0 1 0 0 0 1 0 3 0 3 0 3 0 3 0 2 0 3 0 1 0 3 0 1 0 3 0 0 0 2 0 0 1 0 0 3 0 0 0 3 0 0 0 0 1 0 0 2 0 1 0 0 0 0 0 2 0 3 0 3 0 3 0 3 0 1 1 0 0 3 0 2 0 1 0 2 0 3 0 3 0 0 0 2 1 0 0 2 0 2 0 1 1 0 1 0 0 1 0 0 0 3 0 3 0 1 1 0 0 1 0 3 0 0 0 2 1 0 1 0 0 0 0 3 0 0 1 0 0 2 0 2 0 1 1 0 0 2 0 2 0 2 1 0 1 0 0 3 0 0 1 0 0 0 0 3 0 2 1 0 0 1 0 2 0 2 1 0 0 1 0 3 0 3 0 0 0 0 0 2 0 0 0 1 1 0 1 0 1 0 1 0 0 3 0 2 0 1 0 1 0 3 0 3 0 0 0 2 1 0 1 0 0 1 1 0 1 0 0 2 0 2 0 0 0 2 0 0 0 2 1 0 0 1 1 0 0 3 0 0 0 2 0 3 0 0 0 3 0 2 0 0 0 3 0 1 0 0 1 0 0 1 0 2 1 0 0 0 0 3 0 2 0 2 0 0 0 2 0 3 0 1 0 0 0 1 0 0 0 3 0 2 1 0 0 3 0 3 0 0 0 3 0 0 1 0 0 2 0 2 1 0 1 0 1 0 0 1 0 0 0 0 0 2 0 1 1 0 0 0 0 3 0 0 0 1 0 2 0 0 0 1 0 0 1 0 1 0 0 1 0 1 1 0 0 3 0 1 0 3 0 1 1 0 1 0 1 0 1 0 0 2 1 0 0 3 0 1 1 0 0 0 0 3 0 1 0 2 0 0 1 0 0 0 0 1 0 1 0 0 0 0 0 0 0 0 0 0 0 3 0 3 0 1 0 1 0 1 0 3 0 0 1 0 0 1 0 1 0 0 0 3 0 0 0 0 0 3 0 2 1 0 0 2 0 0 1 0 1 0 0 1 0 3 0 0 0 1 0 1 0 2 0 3 0 0 1 0 0 1 1 0 0 3 0 0 0 0 1 0 0 0 0 1 0 0 0 3 0 2 0 0 0 0 0 2 0 3 0 1 1 0 0 3 0 2
0 863 1 0 0 0 0 0 2 0 3 0 2 0 0 1 0 0 1 0 2 1 0 0 3 0 3 0 1 0 2 0 3 0 0 0 2 0 2 0 2 0 2 0 0 0 2 0 2 0 0 0 2 0 2 0 1 0 0 0 2 0 0 1 0 0 0 0 3 0 1 1 0 1 0 0 0 0 1 0 3 0 2 0 0 0 0 0 0 0 0 1 0 0 2 0 3 0 2 0 3 0 1 0 0 1 0 0 2 0 3 0 1 0 1 0 3 0 0 0 3 0 3 0 0 0 3 0 3 0 3 0 3 0 0 0 2 0 2 0 1 1 0 0 3 0 3 0 0 0 2 0 3 0 2 0 2 0 2 0 3 0 3 0 2 0 3 0 3 0 0 0 0 0 2 1 0 0 2 0 0 0 1 0 3 0 2 0 2 0 1 1 0 0 3 0 1 0 0 0 0 0 3 0 0 0 1 1 0 0 3 0 0 0 2 0 1 0 0 0 1 0 3 0 1 0 0 1 0 0 2 1 0 0 1 0 1 0 1 0 2 0 2 0 1 0 2 0 0 0 2 0 2 0 1 0 0 0 0 0 1 1 0 0 0 0 3 0 3 0 2 0 1 1 0 0 1 0 2 1 0 1 0 0 0 0 3 0 0 1 0 0 3 0 3 0 2 0 0 1 0 1 0 0 1 0 0 0 3 0 0 0 1 0 0 0 0 0 0 0 2 1 0 1 0 0 1 0 3 0 0 1 0 0 3 0 3 0 2 0 2 0 1 0 3 0 2 0 1 0 0 0 2 0 0 0 2 0 2 0 2 0 0 0 3 0 2 0 3 0 3 0 3 0 1 0 2 1 0 0 2 1 0 0 2 0 1 1 0 0 2 1 0 0 1 0 2 0 1 0 1 0 1 0 3 0 3 0 2 0 0 0 1 0 0 0 3 0 3 0 3 0 3 0 0 0 0 0 2 0 0 1 0 0 1 0 3 0 2 0 2 0 1 0 0 0 0 0 1 0 0 0 0 0 3 0 1 0 1 0 2 0 2 1 0 1 0 0 3 0 1 0 2 0 1 0 0 0 3 0 0 0 1 0 2 1 0 0 0 0 1 0 0 0 0 0 0 0 1 0 2 0 0 1 0 0 1 0 2 0 3 0 0 0 2 0 1 1 0 0 3 0 0 0 1 1 0 0 3 0 2 0 2 0 1 0 0 1 0 0 1 1 0 0 0 1 0 1 0 1 0 0 2 0 0 0 3 0 3 0 2 0 2 0 2 0 1 0 0 0 3 0 2 1 0 1 0 0 0 0 0 0 1 1 0 0 2 0 0 1 0 1 0 0 0 0 1 0 2 0 0 0 2 0 2 0 2 0 0 0 2 0 1 0 3 0 1 0 3 0 2 0 0 1 0 0 1 0 2 0 1 0 0 0 2 0 0 0 2 0 3 0 0 0 2 0 1 0 2 0 2 0 0 0 2 0 2 0 2 0 1 0 2 1 0 0 0 0 2 0 0 1 0 0 3 0 1 0 0 0 0 1 0 1 0 1 0 0 1 0 1 0 1 0 2 1 0 0 1 0 2 0 1 1 0 0 3 0 1 1 0 0 0 0 1 1 0 0 3 0 0 0 0 1 0 1 0 1 0 0 1 0 0 0 1 1 0 1 0 0 1 0 1 1 0 0 0 0 2 0 2 1 0 0 2 0 2 0 0 0 0 0 0 0 0 0 1 0 2 0 2 0 3 0 2 0 3 0 1 0 2 0 3 0 1 0 2 0 1 0 1 0 1 0 1 0 2 0 1 1 0 1 0 0 2 1 0 0 3 0 2 0 1 0 1 0 2 0 3 0 0 0 2 0 2 0 3 0 2 1 0 0 1 0 1 0 1 0 2 1 0 0 2 0 1 0 2 0 0 0 1 0 1 0 0 0 3 0 0 0 0 0 2 0 1
1 863 2 0 0 0 1 0 0 0 3 0 0 0 2 0 3 0 2 0 1 0 0 0 2 0 2 1 0 0 1 0 2 0 2 0 0 0 1 0 1 0 0 0 2 0 0 0 0 0 2 0 0 0 0 0 3 0 0 1 0 0 2 0 3 0 0 0 2 0 0 0 0 0 2 1 0 0 3 0 2 0 0 0 1 0 0 0 0 0 1 1 0 0 0 0 3 0 1 0 2 0 3 0 1 1 0 0 0 0 2 0 3 0 3 0 1 0 2 0 2 0 2 0 2 0 2 0 3 0 3 0 2 0 2 0 0 0 1 0 0 0 0 0 2 0 2 0 2 0 0 0 3 0 1 0 1 0 1 0 3 0 3 0 1 0 3 0 2 0 1 0 1 0 0 1 0 1 0 0 1 0 3 0 2 0 1 0 1 0 0 0 0 0 1 0 3 0 0 0 1 0 1 0 1 1 0 0 0 0 1 0 1 1 0 0 3 0 0 0 3 0 1 0 3 0 1 1 0 0 0 1 0 0 2 0 2 0 3 0 0 0 0 1 0 0 0 0 2 0 0 0 0 0 3 0 0 0 0 0 3 0 3 0 0 0 2 0 3 0 0 1 0 1 0 0 3 0 1 0 0 0 3 0 0 0 1 0 2 1 0 0 2 0 3 0 0 0 2 1 0 0 3 0 1 0 1 0 1 0 1 0 2 0 0 0 0 0 1 0 1 0 0 0 3 0 2 0 1 0 2 1 0 0 2 0 3 0 1 0 0 1 0 0 3 0 0 0 3 0 0 1 0 0 2 0 0 0 1 0 0 0 2 0 2 0 1 0 3 0 3 0 2 1 0 0 2 0 0 0 1 0 0 0 0 0 0 0 0 0 0 1 0 0 2 1 0 0 3 0 2 0 3 0 2 0 3 0 0 0 1 0 2 0 1 0 2 0 3 0 3 0 2 0 1 0 0 1 0 0 2 0 3 0 2 0 2 0 1 0 0 0 3 0 0 0 0 0 2 0 0 0 1 0 1 0 3 0 3 0 0 0 2 0 0 1 0 0 1 1 0 0 0 0 3 0 1 0 1 0 1 0 3 0 0 1 0 0 0 0 2 0 0 0 0 0 0 0 2 1 0 0 2 0 3 0 2 0 0 0 2 0 2 0 0 0 0 0 0 0 1 0 1 1 0 0 0 0 2 0 1 0 0 0 3 0 1 0 3 0 2 0 3 0 0 1 0 1 0 0 3 0 3 0 1 0 2 0 3 0 1 0 1 0 0 0 3 0 1 0 2 0 2 0 0 0 2 1 0 0 0 0 3 0 3 0 3 0 1 1 0 0 2 1 0 0 2 1 0 0 2 0 0 0 1 0 0 0 1 1 0 1 0 0 2 1 0 0 3 0 0 0 2 0 3 0 1 1 0 0 3 0 0 1 0 0 2 0 0 0 2 0 1 1 0 1 0 0 1 0 0 0 2 0 0 0 1 0 0 1 0 0 1 1 0 0 0 1 0 0 2 1 0 0 1 0 3 0 0 0 1 1 0 1 0 0 3 0 1 0 2 0 3 0 0 1 0 0 3 0 0 0 0 0 0 0 1 1 0 1 0 0 0 1 0 0 0 0 1 0 1 0 1 1 0 1 0 0 3 0 1 0 0 1 0 0 0 0 3 0 1 0 3 0 3 0 0 0 0 0 2 0 0 0 0 0 0 0 1 0 0 0 0 0 0 0 3 0 0 0 1 0 3 0 1 0 2 1 0 0 1 0 2 1 0 0 0 0 3 0 2 0 2 0 3 0 0 0 0 0 0 1 0 0 1 0 0 0 2 0 0 0 3 0 3 0 0 0 2 0 2 0 0 0 1 0 3 0 1 1 0 0 2 0 2 0 3 0 0 1 0 1 0 1 0 0 0 0 1 0 2 0 2 0 1 0 1 0 1 0 0 1 0 1 0
1 864 1 0 0 1 0 2 0 1 0 1 0 2 0 0 0 3 0 0 0 3 0 1 0 0 0 1 1 0 0 3 0 0 0 0 0 1 0 2 0 2 0 0 1 0 0 1 0 0 1 0 0 1 0 1 0 1 0 2 1 0 0 0 0 2 0 1 1 0 0 1 0 1 0 1 0 0 0 2 0 0 0 1 0 2 0 0 0 0 0 3 0 3 0 0 0 1 1 0 0 1 0 2 1 0 1 0 0 1 0 0 0 3 0 2 1 0 0 1 0 1 0 1 0 1 0 1 0 3 0 3 0 1 0 0 0 1 0 2 0 0 0 1 0 0 0 1 0 0 0 2 0 1 0 3 0 2 0 3 0 2 0 2 1 0 0 3 0 0 0 3 0 2 0 1 1 0 0 3 0 2 0 2 0 0 0 3 0 2 0 0 0 0 0 3 0 1 0 1 0 2 0 2 0 3 0 2 1 0 0 2 1 0 0 0 0 1 0 2 0 1 1 0 0 2 1 0 1 0 0 1 1 0 0 0 0 1 0 2 0 1 0 1 0 2 1 0 1 0 0 1 0 1 0 1 0 1 0 1 0 2 0 2 0 2 0 0 0 2 0 2 1 0 1 0 0 1 0 3 0 1 0 1 0 1 0 3 0 1 0 0 0 0 0 2 0 2 0 1 0 0 0 1 0 3 0 2 0 2 0 2 1 0 0 1 0 0 0 2 0 2 0 1 0 2 0 0 1 0 0 2 0 0 0 0 0 2 0 3 0 1 1 0 0 1 0 2 0 1 0 2 0 3 0 3 0 0 0 2 0 1 0 0 0 0 1 0 0 3 0 3 0 1 1 0 1 0 0 1 0 2 0 0 0 0 0 0 0 0 0 1 1 0 0 1 0 0 0 2 0 1 0 3 0 1 0 2 0 1 0 2 1 0 1 0 0 1 0 3 0 3 0 0 0 3 0 1 1 0 0 0 0 3 0 1 0 0 0 3 0 1 0 1 0 1 0 0 1 0 0 1 0 2 0 3 0 2 0 2 0 1 1 0 0 2 0 3 0 2 0 3 0 0 0 1 0 3 0 2 0 3 0 1 0 2 0 2 1 0 1 0 0 1 0 0 0 1 0 1 0 0 0 0 0 3 0 0 0 2 0 0 0 0 0 1 0 0 0 0 0 2 0 3 0 2 1 0 1 0 0 3 0 1 0 1 1 0 0 3 0 1 0 2 0 2 1 0 1 0 0 2 0 2 1 0 0 1 0 2 0 3 0 2 0 1 0 1 1 0 0 1 0 0 0 2 0 0 1 0 0 1 0 2 0 3 0 3 0 0 0 0 0 1 0 0 0 0 1 0 1 0 0 1 0 2 0 0 1 0 0 0 1 0 0 1 0 0 0 1 0 2 0 0 0 3 0 0 0 0 0 1 0 2 0 3 0 3 0 1 0 0 0 0 0 0 0 3 0 1 0 0 1 0 0 1 0 2 0 1 0 3 0 2 0 3 0 0 1 0 0 0 1 0 0 3 0 1 0 1 1 0 0 0 1 0 0 1 1 0 0 1 0 2 0 2 1 0 0 1 0 1 0 0 0 0 1 0 0 0 0 3 0 0 0 2 1 0 0 2 0 2 1 0 0 0 1 0 0 1 0 3 0 1 0 3 0 0 0 1 1 0 0 3 0 2 0 1 0 0 1 0 0 1 0 0 0 0 0 2 0 0 0 0 0 1 0 1 0 1 0 3 0 1 1 0 0 1 1 0 0 3 0 0 1 0 0 1 0 2 0 1 0 1 0 2 0 1 0 0 0 1 0 3 0 1 0 0 1 0 0 2 0 2 0 2 0 2 0 0 0 0 0 1 0 3 0 2 0 0 0 0 0 0 0 1 0 2 0 2 1 0 1 0 0 2 1 0 0 3 0 0 0 0 0 3 0 2 0 2 0 1 1 0 0 2
0 865 1 0 3 0 1 1 0 0 3 0 2 1 0 0 2 0 1 0 2 0 1 0 3 0 0 1 0 0 0 0 1 0 1 0 0 0 3 0 0 0 0 0 2 0 3 0 1 0 1 0 3 0 1 0 2 0 3 0 0 1 0 0 0 1 0 1 0 1 0 0 2 0 2 0 2 0 0 1 0 0 1 0 2 1 0 0 1 0 1 0 2 0 2 0 1 0 3 0 3 0 2 0 1 0 0 0 3 0 1 0 1 0 2 0 1 1 0 0 2 0 2 0 2 0 2 0 3 0 2 0 2 0 3 0 0 0 2 1 0 0 1 0 2 0 0 0 2 0 0 1 0 1 0 0 3 0 1 0 3 0 1 0 2 0 0 0 1 0 2 0 2 0 1 0 0 0 0 0 2 0 1 0 0 0 2 0 2 0 0 0 1 0 1 0 1 0 3 0 3 0 0 0 1 0 3 0 2 0 0 0 0 1 0 0 0 0 3 0 0 0 0 0 0 0 1 0 0 0 3 0 2 0 2 1 0 0 2 1 0 0 3 0 3 0 1 0 0 0 3 0 1 0 2 0 2 0 2 0 3 0 0 0 1 0 0 0 2 0 0 0 2 0 0 0 3 0 2 0 1 0 3 0 2 0 3 0 1 0 3 0 0 0 1 0 0 0 0 0 3 0 0 0 3 0 2 0 1 0 1 0 1 1 0 0 2 0 1 0 0 0 0 1 0 0 0 0 2 0 3 0 3 0 0 0 1 0 0 0 2 1 0 1 0 0 2 1 0 1 0 0 1 0 3 0 2 0 1 1 0 0 3 0 0 0 1 1 0 0 2 0 3 0 0 0 0 0 3 0 1 1 0 0 1 0 0 0 0 0 0 0 3 0 3 0 1 0 0 1 0 1 0 0 2 1 0 0 0 1 0 0 2 0 0 0 3 0 2 0 2 0 2 0 2 0 1 1 0 1 0 0 1 0 1 0 3 0 1 0 1 0 3 0 2 0 2 0 1 0 3 0 2 0 0 0 3 0 1 0 1 0 0 0 0 0 0 0 3 0 1 0 2 0 1 0 3 0 2 0 1 0 2 1 0 0 1 0 2 0 0 0 3 0 1 0 0 0 2 0 2 0 0 0 1 0 1 0 1 1 0 0 1 0 0 0 2 0 0 0 1 0 0 0 3 0 2 0 0 1 0 0 1 1 0 0 0 0 0 0 1 1 0 0 1 0 2 0 0 1 0 0 0 0 1 1 0 0 3 0 0 0 3 0 0 0 3 0 3 0 3 0 1 0 0 1 0 0 2 0 3 0 2 0 0 0 3 0 2 0 1 0 0 0 2 0 0 0 1 1 0 0 3 0 1 1 0 0 2 0 3 0 0 0 3 0 1 0 0 0 2 1 0 0 2 0 1 0 1 0 0 0 3 0 0 0 3 0 2 0 3 0 0 0 0 0 1 0 1 0 3 0 1 0 3 0 1 1 0 1 0 0 3 0 1 0 2 0 2 0 3 0 0 1 0 0 1 0 3 0 3 0 3 0 0 0 3 0 2 0 3 0 2 0 0 0 1 1 0 0 2 0 2 0 0 0 1 0 3 0 0 0 1 0 2 0 1 0 0 0 0 0 1 1 0 0 1 0 3 0 2 0 1 1 0 0 2 0 1 1 0 0 0 0 2 0 0 0 3 0 1 0 3 0 1 0 0 0 0 1 0 0 1 0 0 0 2 0 2 0 3 0 1 1 0 1 0 1 0 0 0 0 1 0 2 0 3 0 1 1 0 0 3 0 2 1 0 0 3 0 0 0 3 0 1 0 3 0 1 1 0 0 0 0 1 0 1 0 0 0 1 0 0 0 3 0 2 0 0 0 1 0 0 0 0 0 3 0 0 0 2 0 0 1 0 0 1 0 0 0 1 0 1 0 1 0 2 0 1 0 1 0 0 0 0 0 0
0 865 3 0 2 0 0 0 0 0 2 0 1 1 0 1 0 1 0 0 0 1 0 0 2 0 2 0 2 1 0 0 2 0 2 0 1 0 1 0 1 0 1 0 0 0 2 0 3 0 3 0 1 1 0 0 1 0 2 0 2 0 3 0 0 1 0 1 0 1 0 0 0 0 1 0 0 0 2 0 3 0 2 0 0 1 0 0 2 0 3 0 0 0 0 1 0 0 3 0 3 0 0 0 3 0 1 0 1 0 3 0 3 0 0 0 0 0 0 0 0 0 1 0 1 0 1 0 3 0 1 0 1 0 2 0 2 0 0 1 0 0 2 1 0 0 1 1 0 0 2 1 0 1 0 0 1 1 0 0 2 1 0 0 0 0 1 0 3 0 0 0 0 0 3 0 0 0 0 1 0 0 3 0 1 0 0 0 0 0 1 0 2 0 2 0 3 0 2 0 2 0 1 0 3 0 2 0 0 0 1 0 1 0 3 0 0 0 1 0 1 0 0 0 0 0 2 0 1 0 2 0 1 0 2 0 0 0 1 0 0 0 2 0 2 0 3 0 1 0 1 1 0 0 1 0 1 0 1 0 2 0 1 0 2 0 0 1 0 0 1 1 0 0 2 0 2 0 0 1 0 0 3 0 1 0 2 1 0 0 2 0 1 0 2 0 0 0 1 0 1 0 2 0 2 0 0 0 3 0 2 0 3 0 3 0 3 0 2 0 0 0 1 0 3 0 0 0 0 0 3 0 2 0 1 0 2 0 1 0 1 0 0 1 0 0 1 0 0 0 3 0 2 0 2 0 1 0 0 0 0 0 1 0 1 1 0 0 0 0 0 0 2 0 1 0 1 0 1 1 0 1 0 0 2 0 0 0 0 0 1 0 2 0 2 0 3 0 1 1 0 1 0 0 0 1 0 0 1 0 3 0 3 0 1 0 2 0 1 0 1 0 1 0 1 0 0 0 0 0 3 0 1 0 3 0 1 0 3 0 3 0 2 0 1 0 0 1 0 0 3 0 0 0 2 0 1 0 3 0 2 0 0 0 0 0 1 0 1 1 0 0 0 1 0 0 3 0 0 1 0 0 1 1 0 0 2 1 0 0 2 0 1 0 3 0 1 0 0 0 0 0 1 0 2 0 2 0 3 0 3 0 1 0 0 1 0 0 1 0 2 0 1 0 2 0 0 0 2 0 3 0 2 0 2 1 0 0 0 0 3 0 3 0 1 1 0 0 2 0 2 1 0 1 0 0 0 0 1 0 2 0 1 0 2 0 2 0 3 0 2 0 3 0 1 1 0 0 0 0 3 0 0 0 2 0 2 0 0 0 3 0 0 1 0 0 1 1 0 0 0 0 2 0 0 0 0 0 0 0 2 0 2 0 1 0 3 0 1 0 0 1 0 1 0 0 3 0 2 0 1 0 1 0 2 0 2 0 1 0 2 0 1 0 0 0 2 0 3 0 1 1 0 0 3 0 0 0 0 1 0 0 1 1 0 0 1 0 1 0 2 0 2 0 3 0 2 0 2 0 3 0 2 0 2 0 2 0 1 0 3 0 0 0 1 1 0 0 0 0 0 0 0 0 1 0 3 0 1 0 1 0 2 1 0 0 3 0 0 0 0 0 3 0 3 0 2 0 2 0 0 1 0 1 0 1 0 1 0 1 0 0 0 1 0 0 2 0 1 1 0 0 2 0 3 0 0 0 1 0 3 0 1 0 1 0 0 0 1 0 3 0 0 0 0 1 0 0 2 1 0 0 3 0 0 0 3 0 0 0 0 0 2 0 2 0 0 0 1 0 2 0 1 1 0 0 2 1 0 1 0 0 0 0 2 0 2 0 0 0 2 0 1 0 2 0 0 0 1 0 2 0 0 0 1 0 1 0 1 1 0 0 2 0 3 0 1 0 0 0 2 0 2 0 2 1 0 0 3 0 2 0 0 0 0 0 0
0 867 1 0 2 0 0 0 1 0 1 0 0 0 0 0 0 1 0 0 3 0 0 1 0 0 0 0 1 0 2 0 0 0 0 0 0 0 3 0 2 0 2 0 2 0 1 0 0 0 3 0 2 1 0 1 0 0 3 0 0 0 1 0 2 0 2 1 0 1 0 0 2 1 0 0 2 0 1 0 0 0 3 0 0 0 2 1 0 0 0 0 2 0 1 0 1 1 0 0 2 0 2 0 2 0 1 0 3 0 3 0 2 0 2 0 1 0 0 0 0 0 0 0 2 0 2 0 3 0 1 0 3 0 3 0 0 0 0 0 2 1 0 0 0 1 0 1 0 0 0 0 1 0 0 0 3 0 2 1 0 0 0 1 0 0 0 0 3 0 1 0 1 0 1 0 1 0 1 0 1 1 0 0 1 0 3 0 0 0 0 0 3 0 0 0 1 0 3 0 1 0 0 1 0 0 3 0 0 0 1 0 2 0 3 0 1 0 1 0 2 0 2 0 0 0 0 1 0 1 0 0 0 1 0 0 0 0 1 0 2 0 1 0 0 0 1 0 2 0 3 0 3 0 3 0 1 0 2 0 2 1 0 1 0 0 0 0 2 0 3 0 2 1 0 0 0 0 0 0 2 1 0 0 1 1 0 0 1 1 0 1 0 1 0 0 0 0 1 0 2 0 3 0 0 0 0 0 2 0 2 0 1 0 3 0 3 0 3 0 0 0 1 0 3 0 1 0 1 0 1 0 2 0 0 1 0 0 0 0 3 0 2 0 1 0 3 0 1 0 1 0 2 0 1 0 0 0 3 0 0 0 0 0 2 0 3 0 2 1 0 0 0 1 0 0 3 0 2 1 0 0 0 0 3 0 3 0 0 0 0 0 3 0 0 0 1 0 3 0 0 0 0 0 3 0 0 0 3 0 2 0 2 0 2 1 0 0 0 0 3 0 2 0 2 0 2 0 0 0 1 0 1 1 0 0 2 1 0 0 3 0 3 0 0 0 3 0 1 1 0 0 1 0 1 1 0 1 0 0 3 0 0 0 1 0 0 0 2 0 3 0 3 0 0 1 0 0 1 0 2 0 3 0 2 1 0 0 0 1 0 1 0 1 0 0 2 0 3 0 0 0 0 0 3 0 0 0 1 0 3 0 2 0 3 0 1 0 3 0 1 1 0 1 0 0 0 0 2 0 0 0 3 0 1 0 1 1 0 0 1 0 2 0 3 0 0 0 0 0 0 0 2 0 0 0 2 1 0 0 2 1 0 1 0 0 1 0 1 0 3 0 1 0 2 1 0 1 0 0 1 0 1 0 2 0 0 0 0 0 2 0 1 0 2 0 3 0 2 0 2 1 0 1 0 0 1 0 0 0 1 0 0 0 0 1 0 0 2 0 3 0 1 1 0 1 0 0 2 0 0 0 3 0 3 0 0 0 0 1 0 0 0 0 3 0 1 0 0 0 3 0 0 0 0 0 1 0 1 0 1 0 3 0 2 0 3 0 1 0 3 0 0 0 1 0 3 0 1 0 1 0 3 0 1 0 1 0 0 1 0 0 2 0 1 0 3 0 2 1 0 0 0 0 0 0 3 0 1 0 3 0 3 0 1 0 0 0 1 0 1 0 1 0 2 0 3 0 1 0 0 0 2 1 0 1 0 1 0 1 0 0 3 0 0 1 0 0 0 0 0 0 0 0 0 0 2 0 1 0 3 0 1 0 3 0 2 0 0 0 3 0 1 0 1 0 1 1 0 0 1 0 0 0 1 0 2 0 1 0 1 0 1 0 0 0 0 0 1 0 3 0 0 0 0 0 0 0 1 0 0 0 3 0 0 0 0 0 0 0 1 1 0 1 0 0 0 0 1 0 2 1 0 0 1 0 2 0 2 1 0 0 0 0 0 0 2 0 3 0 1 0 0 0 1 0 2 0 0 0 2 0 0 0 1 0 0 0 0
0 867 2 1 0 0 1 0 2 0 2 0 0 0 0 0 1 1 0 0 1 0 2 0 2 1 0 0 2 1 0 0 1 0 0 0 1 0 2 0 1 0 1 0 0 0 3 0 1 0 2 0 2 0 0 1 0 0 1 0 1 0 3 0 0 0 2 0 0 1 0 0 0 1 0 1 0 0 3 0 1 0 1 0 2 0 0 1 0 0 0 1 0 1 0 0 0 0 0 0 0 0 1 0 0 1 0 0 3 0 3 0 1 0 0 0 3 0 0 0 0 0 1 0 0 0 1 0 2 1 0 0 3 0 2 0 1 0 1 0 0 1 0 0 1 1 0 0 2 1 0 0 2 0 1 0 2 0 1 1 0 0 1 0 3 0 0 0 1 0 3 0 2 0 2 0 2 0 2 0 3 0 3 0 2 0 1 0 1 0 1 0 1 0 1 0 3 0 1 0 3 0 1 1 0 0 1 0 1 0 3 0 0 0 2 0 3 0 3 0 0 0 0 0 1 0 1 1 0 0 3 0 0 0 2 1 0 0 2 1 0 0 3 0 0 0 3 0 0 0 3 0 3 0 2 1 0 0 1 0 2 0 0 0 3 0 0 0 0 0 3 0 1 1 0 0 0 0 1 0 0 1 0 0 3 0 3 0 2 1 0 1 0 0 2 1 0 0 3 0 0 0 2 0 1 0 1 0 0 0 0 1 0 0 3 0 3 0 2 0 1 0 3 0 1 0 3 0 2 0 2 1 0 0 2 0 3 0 0 0 2 0 0 1 0 0 2 0 3 0 2 1 0 0 3 0 1 0 1 0 1 0 1 0 0 0 3 0 1 1 0 0 1 1 0 0 2 0 1 1 0 0 1 0 2 0 2 0 1 0 1 0 1 0 1 0 3 0 1 0 1 0 1 0 1 0 2 0 2 0 1 0 1 0 1 1 0 0 1 0 2 0 1 0 1 0 0 0 1 0 2 1 0 0 0 0 1 0 0 0 2 0 2 0 2 0 1 1 0 1 0 0 2 1 0 0 0 1 0 0 1 0 1 0 2 0 1 0 0 0 3 0 2 0 2 0 3 0 2 0 0 0 3 0 1 1 0 0 1 1 0 1 0 1 0 0 0 0 2 0 1 0 1 0 1 0 1 0 3 0 2 0 1 0 2 1 0 0 3 0 0 0 0 0 2 1 0 1 0 0 2 0 1 0 3 0 3 0 3 0 2 0 0 0 2 0 1 0 0 0 0 1 0 0 2 0 1 0 0 0 1 0 0 0 3 0 1 0 3 0 1 1 0 0 2 0 0 0 3 0 1 0 2 1 0 0 1 0 0 1 0 1 0 0 1 0 3 0 1 0 2 0 0 0 3 0 1 0 0 0 2 0 0 0 1 1 0 0 0 0 3 0 0 0 0 0 3 0 3 0 1 0 2 0 2 0 1 0 1 0 3 0 0 0 1 0 3 0 1 0 1 0 1 0 0 0 2 0 2 0 3 0 2 0 1 0 2 1 0 0 2 0 1 0 3 0 1 0 3 0 3 0 1 0 3 0 2 0 1 0 3 0 3 0 3 0 2 0 1 1 0 0 0 0 1 0 1 1 0 0 3 0 2 0 3 0 0 0 2 0 2 0 3 0 0 0 2 0 3 0 1 0 1 0 0 1 0 1 0 1 0 0 1 0 2 0 2 1 0 0 0 0 0 0 0 1 0 1 0 0 2 1 0 0 3 0 0 0 2 0 1 0 3 0 2 0 3 0 3 0 1 0 0 0 2 1 0 0 3 0 2 0 2 0 0 0 0 0 3 0 1 0 1 0 0 0 0 0 2 0 1 0 1 0 1 0 0 0 0 1 0 0 0 0 2 1 0 0 3 0 0 1 0 0 3 0 0 0 1 1 0 0 0 0 1 0 0 0 2 0 3 0 0 0 2 1 0 0 1 1 0 0 1 0 2 0 0 0 0
0 869 1 0 0 1 0 0 3 0 0 0 0 0 1 0 0 0 3 0 3 0 2 0 0 0 2 0 0 0 0 1 0 0 2 0 0 0 2 1 0 0 3 0 2 0 1 0 1 1 0 0 1 0 0 0 2 0 3 0 1 0 3 0 1 0 1 1 0 0 2 0 3 0 0 1 0 1 0 0 1 0 3 0 2 1 0 0 2 0 3 0 0 1 0 0 2 1 0 0 0 0 0 0 2 0 1 1 0 0 2 0 2 0 3 0 1 0 1 0 1 0 0 0 2 0 0 0 3 0 1 0 0 0 2 0 0 0 3 0 2 0 1 0 3 0 2 1 0 0 0 1 0 1 0 1 0 0 0 1 0 1 0 0 3 0 1 0 1 0 3 0 2 0 1 0 1 0 1 0 1 0 3 0 3 0 0 0 3 0 2 0 2 0 2 0 3 0 1 1 0 0 2 1 0 1 0 0 2 0 3 0 1 0 2 0 0 0 3 0 2 0 1 0 0 0 2 1 0 0 0 0 1 0 2 0 1 0 0 0 1 0 0 0 1 0 2 0 1 0 2 0 2 0 3 0 1 1 0 0 2 1 0 0 2 0 1 0 1 0 1 0 1 1 0 1 0 0 0 0 2 0 1 1 0 0 2 0 3 0 2 0 0 1 0 0 1 0 0 0 1 0 1 1 0 0 3 0 2 0 0 0 1 1 0 0 2 0 3 0 0 1 0 0 2 1 0 0 3 0 1 0 2 0 0 0 0 0 2 0 1 1 0 0 2 1 0 0 0 0 3 0 2 0 0 0 1 0 3 0 2 0 2 0 2 0 1 0 1 1 0 1 0 0 3 0 3 0 3 0 3 0 3 0 2 0 0 0 0 0 3 0 2 0 2 0 3 0 1 0 3 0 2 0 2 0 3 0 0 0 0 0 3 0 2 0 3 0 3 0 1 1 0 0 3 0 2 0 0 0 3 0 0 1 0 0 0 0 2 0 1 0 0 0 1 0 1 0 0 0 0 1 0 0 0 1 0 0 1 0 3 0 1 0 2 1 0 0 3 0 1 0 2 0 1 0 1 0 3 0 0 0 2 0 1 1 0 1 0 1 0 0 0 1 0 0 2 1 0 1 0 0 3 0 2 0 2 0 3 0 2 0 0 1 0 0 2 0 0 0 1 0 1 0 1 0 1 0 0 0 3 0 3 0 3 0 2 0 3 0 3 0 0 0 1 1 0 0 3 0 0 0 1 0 3 0 3 0 2 0 0 0 2 0 1 0 1 1 0 0 2 1 0 1 0 1 0 0 2 0 1 1 0 0 1 1 0 0 2 0 1 1 0 0 3 0 2 0 1 1 0 0 0 0 2 0 1 0 3 0 0 1 0 0 1 0 3 0 3 0 0 0 1 0 1 0 1 0 2 0 2 1 0 0 1 0 0 0 3 0 3 0 1 0 1 0 3 0 1 0 3 0 2 0 2 0 1 0 0 0 1 0 3 0 0 1 0 0 1 1 0 1 0 1 0 0 2 1 0 0 3 0 2 1 0 0 3 0 0 1 0 0 3 0 3 0 3 0 0 1 0 1 0 0 0 0 2 1 0 0 0 0 2 0 1 0 2 0 2 0 0 0 1 0 2 0 2 0 0 0 2 0 3 0 2 0 1 1 0 1 0 0 3 0 2 0 0 0 1 1 0 0 0 0 0 0 1 1 0 1 0 0 1 0 0 0 1 0 1 1 0 1 0 0 3 0 1 0 3 0 2 0 3 0 1 0 1 0 0 0 2 0 1 0 0 0 1 0 1 0 1 0 3 0 2 0 0 0 0 1 0 0 3 0 2 0 2 0 0 0 1 0 3 0 0 0 1 0 0 0 1 0 2 1 0 0 1 0 1 0 3 0 2 1 0 0 2 0 1 0 0 0 2 0 2 0 0 1 0 0 3 0 3 0 1 1 0 0 1 0 0
0 869 2 0 1 1 0 0 1 0 1 0 0 0 2 0 1 0 2 0 3 0 0 0 1 1 0 0 1 0 1 0 3 0 3 0 1 0 1 0 0 0 2 0 0 0 3 0 3 0 3 0 1 0 1 0 0 0 2 1 0 0 2 1 0 0 0 0 0 0 0 0 2 0 2 1 0 0 3 0 2 0 2 0 2 0 0 0 0 0 2 0 2 1 0 0 0 1 0 0 0 0 1 0 0 0 0 0 0 0 0 0 1 0 2 0 3 0 2 0 2 0 0 1 0 0 2 0 1 0 3 0 0 1 0 0 2 0 2 0 0 1 0 0 3 0 1 1 0 0 1 1 0 1 0 0 3 0 0 1 0 1 0 0 1 0 3 0 3 0 2 0 0 0 3 0 2 0 2 0 3 0 2 0 2 0 2 0 2 0 1 0 1 0 1 0 3 0 0 0 0 0 1 0 0 1 0 0 0 0 2 1 0 0 0 0 2 0 2 0 0 0 3 0 1 0 0 1 0 0 0 0 2 1 0 0 3 0 0 0 2 0 0 0 2 1 0 1 0 0 1 0 1 0 3 0 0 0 0 0 0 1 0 1 0 0 3 0 2 0 2 1 0 0 0 0 3 0 0 0 0 0 0 0 0 0 0 0 3 0 0 0 2 0 3 0 1 0 0 0 2 1 0 0 0 0 2 0 0 0 1 1 0 0 0 0 0 0 2 0 2 1 0 0 1 0 0 0 1 1 0 0 0 0 1 0 1 0 0 0 0 0 0 0 0 1 0 0 1 0 2 0 0 0 1 0 3 0 2 0 1 0 1 0 0 1 0 0 0 0 0 1 0 0 2 0 3 0 3 0 3 0 3 0 0 0 1 0 1 0 2 0 1 0 1 0 2 1 0 0 3 0 1 0 1 0 2 0 1 0 1 0 2 0 1 0 3 0 3 0 0 0 0 0 2 0 0 0 2 0 1 0 2 0 2 1 0 1 0 0 3 0 0 0 2 0 2 0 0 0 1 0 3 0 0 0 3 0 2 0 1 1 0 0 2 0 0 0 1 1 0 0 0 0 3 0 3 0 1 0 2 0 0 0 0 0 0 1 0 0 3 0 0 1 0 0 1 0 0 1 0 0 2 0 1 0 1 0 3 0 0 0 2 0 3 0 3 0 0 0 2 0 2 0 2 0 2 0 1 0 2 0 3 0 3 0 1 0 3 0 2 0 1 1 0 0 0 0 1 0 1 0 3 0 2 0 3 0 0 0 1 1 0 1 0 0 0 0 0 0 1 0 0 1 0 0 3 0 3 0 3 0 3 0 2 1 0 0 0 0 0 0 0 0 2 0 0 1 0 1 0 0 0 1 0 1 0 0 2 0 2 0 3 0 2 0 2 0 2 0 1 0 2 0 2 0 3 0 0 0 1 1 0 0 2 0 1 0 2 0 2 0 3 0 3 0 1 1 0 0 3 0 1 0 0 0 3 0 0 0 3 0 1 0 2 0 3 0 2 1 0 1 0 1 0 0 1 0 0 0 2 0 2 0 0 0 1 0 2 1 0 0 2 0 3 0 2 0 2 1 0 0 3 0 0 0 0 1 0 0 0 1 0 1 0 0 1 0 0 0 1 0 3 0 0 0 0 0 2 0 0 0 3 0 1 0 0 0 0 1 0 0 2 0 0 0 1 0 3 0 2 1 0 0 0 1 0 0 0 0 3 0 1 0 0 0 2 1 0 0 0 1 0 0 1 1 0 0 3 0 1 0 2 0 3 0 2 0 0 1 0 0 3 0 0 0 2 0 2 0 3 0 2 0 0 0 1 0 1 1 0 0 2 0 1 0 0 0 1 0 3 0 1 0 1 0 2 0 0 0 3 0 0 1 0 0 2 0 3 0 2 0 1 1 0 1 0 0 3 0 1 0 0 0 0 0 2 1 0 0 2 0 2 1 0 1 0 0 2 0 0
0 870 1 0 1 0 1 0 0 2 0 2 0 0 1 0 1 0 0 1 0 2 0 1 0 3 0 3 0 1 0 3 0 2 0 2 0 3 0 2 0 0 1 0 0 2 0 2 0 3 0 2 0 3 0 2 0 1 0 1 0 0 0 0 1 0 0 0 0 0 0 1 0 0 0 2 0 0 0 2 0 1 0 1 0 0 0 1 0 1 0 0 0 1 1 0 0 1 0 2 1 0 0 2 0 0 0 0 0 0 0 0 0 3 0 0 0 3 0 1 0 0 0 2 0 3 0 3 0 3 0 1 0 2 1 0 0 0 0 0 0 2 1 0 0 1 1 0 1 0 1 0 0 0 1 0 0 1 0 2 1 0 0 3 0 2 0 2 0 3 0 0 0 2 0 2 0 1 0 1 0 3 0 1 0 1 0 1 0 0 0 3 0 2 0 3 0 1 0 1 0 0 0 2 0 1 0 3 0 0 0 0 1 0 0 1 0 0 0 0 0 2 0 1 0 3 0 1 0 3 0 0 0 1 0 0 0 1 0 1 1 0 0 2 0 1 0 0 0 3 0 1 0 3 0 1 0 1 0 0 0 1 1 0 1 0 0 2 0 1 0 1 1 0 0 1 0 1 0 1 0 0 0 0 0 0 0 1 0 1 0 2 0 0 0 2 0 3 0 1 0 0 1 0 0 0 1 0 0 1 0 3 0 2 1 0 0 1 0 0 0 1 1 0 0 2 0 0 0 3 0 2 1 0 0 2 0 2 0 0 0 0 0 0 0 1 0 3 0 1 1 0 0 1 0 3 0 2 0 0 0 3 0 2 0 1 0 2 1 0 0 1 1 0 0 0 0 3 0 3 0 3 0 2 0 1 0 2 0 2 1 0 0 3 0 3 0 1 0 0 0 1 0 3 0 2 1 0 0 3 0 2 1 0 1 0 0 3 0 2 0 1 0 0 1 0 0 1 1 0 1 0 0 1 0 2 0 0 1 0 0 1 0 2 0 0 0 0 0 1 0 3 0 1 0 2 0 2 0 0 1 0 1 0 1 0 0 1 0 3 0 3 0 0 0 2 0 2 1 0 0 0 0 1 0 0 0 1 1 0 0 1 0 2 0 3 0 1 0 1 0 3 0 3 0 2 0 3 0 1 0 2 0 0 0 3 0 2 0 2 0 0 0 1 0 1 0 0 1 0 0 1 0 3 0 2 1 0 0 3 0 0 1 0 1 0 0 0 0 2 0 3 0 2 0 1 0 2 0 1 1 0 0 0 0 2 1 0 0 0 0 2 0 1 1 0 0 2 0 3 0 3 0 3 0 1 1 0 0 0 0 0 0 0 1 0 0 2 1 0 0 3 0 0 1 0 1 0 0 0 0 1 0 3 0 1 0 1 0 0 1 0 0 1 0 1 0 2 0 1 0 3 0 3 0 3 0 3 0 0 0 1 0 3 0 3 0 0 0 0 0 1 0 3 0 1 0 1 0 2 0 1 1 0 0 1 0 3 0 2 0 0 1 0 0 3 0 1 0 1 0 0 0 0 0 1 0 3 0 1 0 0 0 0 0 3 0 1 0 2 0 0 0 1 0 1 0 1 0 3 0 0 1 0 0 3 0 1 0 0 0 3 0 1 0 1 0 0 1 0 0 2 0 1 0 3 0 0 0 1 0 3 0 3 0 0 0 3 0 2 0 1 1 0 0 1 0 3 0 0 0 1 0 3 0 1 0 0 1 0 0 1 0 3 0 2 1 0 0 1 1 0 0 1 0 3 0 0 0 2 1 0 0 1 0 2 0 0 0 1 0 3 0 0 0 1 0 2 0 3 0 3 0 3 0 2 0 0 0 3 0 1 0 3 0 2 1 0 0 2 0 1 0 2 1 0 0 0 0 3 0 1 0 0 0 0 1 0 0 1 0 3 0 0 0 1 0 1 0 0 0 0 0 2 0 0 0 3 0 3 0 0
0 871 1 1 0 1 0 1 0 0 0 0 0 0 2 1 0 0 3 0 1 1 0 1 0 0 3 0 2 1 0 0 3 0 1 0 1 0 3 0 0 0 2 1 0 0 0 0 1 0 3 0 1 0 3 0 0 0 3 0 2 0 0 0 1 0 2 1 0 0 0 0 2 0 0 1 0 0 1 1 0 0 3 0 2 0 0 0 2 0 2 0 0 0 3 0 3 0 2 0 0 1 0 1 0 0 1 0 0 0 0 0 1 0 1 0 2 0 1 0 3 0 1 0 0 0 3 0 3 0 2 1 0 0 1 1 0 0 0 0 1 0 0 1 0 1 0 0 0 1 0 0 3 0 0 0 3 0 2 0 1 0 0 0 2 0 1 0 1 0 2 0 2 0 0 0 0 0 3 0 3 0 1 0 3 0 2 0 2 0 1 0 2 0 1 0 2 0 3 0 2 0 0 1 0 1 0 0 2 0 1 0 1 0 3 0 1 0 0 0 0 1 0 1 0 0 2 1 0 0 2 0 1 0 2 0 0 0 2 0 3 0 3 0 3 0 2 0 1 0 1 1 0 0 2 0 3 0 2 0 0 1 0 0 0 0 3 0 3 0 2 0 3 0 3 0 1 0 2 0 2 0 0 0 0 0 0 0 2 0 2 1 0 0 2 0 0 0 2 0 3 0 1 0 3 0 0 0 3 0 2 0 2 0 1 1 0 0 2 0 0 0 3 0 3 0 3 0 1 0 2 0 2 0 0 0 0 0 0 0 1 0 0 0 0 0 3 0 1 1 0 1 0 0 3 0 2 0 0 0 2 0 2 0 0 1 0 0 1 1 0 0 3 0 3 0 0 0 2 0 3 0 3 0 0 1 0 0 1 0 2 0 0 0 2 0 2 0 3 0 0 0 3 0 2 0 2 0 0 0 2 0 2 0 0 1 0 0 2 0 0 0 3 0 1 0 3 0 2 1 0 0 3 0 1 1 0 0 2 0 3 0 1 1 0 0 1 0 0 0 3 0 1 1 0 0 1 0 0 0 2 1 0 1 0 0 3 0 2 0 2 0 2 0 2 0 0 0 1 1 0 0 0 0 2 0 0 0 3 0 3 0 2 0 0 0 2 0 3 0 3 0 2 0 3 0 1 0 2 1 0 0 0 0 2 0 2 0 1 0 0 0 1 0 2 0 2 0 1 0 3 0 2 0 2 0 2 0 0 0 1 0 2 1 0 0 3 0 0 0 0 0 3 0 0 1 0 0 0 1 0 1 0 0 1 0 0 1 0 0 1 0 0 0 0 0 0 0 0 0 3 0 3 0 2 1 0 1 0 0 0 0 0 0 1 1 0 0 1 0 0 0 1 0 2 1 0 0 2 1 0 0 3 0 1 0 3 0 2 0 1 0 3 0 1 0 2 1 0 1 0 0 3 0 3 0 3 0 2 0 1 0 3 0 2 0 2 0 1 0 0 0 3 0 1 0 3 0 2 1 0 1 0 1 0 0 3 0 2 0 0 0 2 1 0 0 1 0 3 0 2 0 0 0 0 0 3 0 1 0 3 0 0 0 1 0 1 1 0 0 0 0 1 0 2 0 2 0 3 0 1 0 2 1 0 0 1 0 3 0 1 0 1 0 3 0 2 0 1 0 3 0 3 0 3 0 1 0 1 0 3 0 2 0 2 0 2 0 2 0 0 1 0 1 0 0 3 0 1 0 1 0 3 0 1 0 3 0 1 0 3 0 2 0 2 0 1 1 0 0 3 0 3 0 2 0 1 0 2 0 0 1 0 0 2 1 0 0 1 0 3 0 1 0 1 0 3 0 0 0 3 0 3 0 3 0 0 0 2 0 1 1 0 0 3 0 1 1 0 1 0 1 0 0 1 1 0 0 1 0 1 0 3 0 0 0 1 0 3 0 2 0 1 0 1 0 2 0 2 0 0 0 0 1 0 0 2 0 2 0 2 0 1
1 872 1 0 0 0 1 0 0 2 1 0 0 1 0 1 0 0 0 2 0 0 0 0 1 0 0 2 0 2 0 0 0 1 0 3 0 3 0 1 0 2 0 0 1 0 0 0 0 3 0 1 1 0 0 2 0 2 0 2 0 0 0 1 0 3 0 0 1 0 0 0 1 0 0 2 0 3 0 2 1 0 0 2 0 0 0 2 0 0 0 0 0 2 0 2 0 3 0 0 0 2 1 0 0 3 0 1 0 0 0 0 0 2 0 2 1 0 1 0 0 2 0 3 0 1 0 2 0 3 0 1 1 0 0 3 0 2 1 0 0 2 0 1 1 0 0 3 0 0 1 0 0 1 0 2 0 2 0 0 0 3 0 0 1 0 0 3 0 3 0 0 0 0 0 1 0 1 0 2 0 2 1 0 0 3 0 1 0 0 1 0 0 0 1 0 0 1 0 3 0 0 0 2 1 0 0 3 0 3 0 2 0 3 0 1 0 3 0 0 0 1 1 0 1 0 0 0 1 0 1 0 1 0 0 0 0 2 0 0 0 3 0 3 0 3 0 0 1 0 0 0 0 0 0 0 0 3 0 0 0 2 0 3 0 0 0 2 0 3 0 1 0 3 0 2 1 0 0 1 0 0 0 1 0 0 0 1 0 0 0 1 1 0 1 0 0 2 0 0 0 2 1 0 0 2 0 2 0 2 0 1 0 0 1 0 1 0 1 0 0 2 0 2 0 3 0 2 1 0 0 1 0 0 0 1 0 0 0 0 0 2 0 0 0 1 0 2 0 0 0 0 1 0 0 2 0 0 0 2 0 0 0 0 0 2 0 3 0 2 1 0 0 2 0 2 0 2 0 0 0 3 0 2 0 2 0 3 0 1 1 0 0 2 0 0 0 1 0 2 0 2 0 2 0 1 0 0 0 2 0 0 0 0 0 2 0 3 0 3 0 1 0 1 1 0 0 3 0 2 0 0 0 2 0 0 0 0 0 0 0 2 1 0 1 0 0 2 0 1 0 1 1 0 1 0 0 2 0 1 0 1 0 0 1 0 0 2 0 1 0 1 0 1 0 0 0 1 0 3 0 2 1 0 1 0 0 2 0 2 0 3 0 0 0 2 0 0 0 3 0 3 0 1 0 2 1 0 0 1 1 0 0 1 0 0 0 0 0 3 0 0 0 3 0 0 0 0 1 0 0 3 0 1 0 1 0 0 0 1 0 3 0 1 0 0 0 1 0 1 0 1 0 1 0 2 0 3 0 0 1 0 0 3 0 1 0 1 0 3 0 1 0 0 0 0 0 0 0 1 0 2 0 3 0 2 0 0 0 2 1 0 0 0 0 3 0 3 0 1 0 0 0 3 0 1 0 0 0 1 0 0 0 1 1 0 0 3 0 0 1 0 0 2 1 0 0 2 0 0 1 0 0 2 0 3 0 3 0 0 1 0 0 3 0 1 0 0 0 3 0 1 0 1 1 0 0 3 0 2 0 0 1 0 1 0 0 2 0 0 0 2 0 0 1 0 0 3 0 2 0 0 0 1 0 1 0 1 1 0 0 2 0 1 0 2 0 3 0 2 1 0 0 3 0 0 0 1 0 2 1 0 0 1 1 0 0 3 0 1 0 3 0 3 0 2 0 0 1 0 0 3 0 3 0 2 0 3 0 3 0 2 0 1 0 1 0 1 0 0 0 2 1 0 1 0 0 1 0 3 0 3 0 1 1 0 0 2 1 0 0 3 0 1 0 1 0 0 0 0 0 2 0 3 0 0 1 0 0 0 0 2 1 0 0 0 1 0 0 3 0 1 0 3 0 3 0 1 0 2 0 2 0 3 0 2 0 2 0 0 0 0 0 0 0 2 0 0 0 0 1 0 0 3 0 2 0 3 0 1 0 3 0 1 0 1 0 3 0 2 0 0 0 3 0 3 0 0 0 0 0 1 0 1 1 0 0 0 0 1 0 0 1 0
1 873 1 0 3 0 0 1 0 0 0 1 0 0 2 0 2 0 0 1 0 0 1 0 1 1 0 0 0 0 0 0 1 0 3 0 2 0 2 1 0 0 0 0 2 0 3 0 0 0 2 0 0 0 0 0 0 0 1 0 0 0 1 0 3 0 1 0 2 0 3 0 0 1 0 0 0 0 3 0 1 1 0 1 0 0 1 1 0 0 1 0 1 0 0 0 1 0 2 0 2 0 1 0 0 0 1 0 3 0 0 0 1 0 0 0 2 0 0 1 0 0 0 0 2 1 0 0 1 0 3 0 0 0 0 0 2 0 2 0 0 0 0 0 0 0 0 0 1 0 2 0 3 0 2 0 0 0 0 0 2 0 1 0 2 1 0 0 2 0 2 0 1 0 0 0 2 0 3 0 0 0 2 0 0 0 1 0 3 0 1 0 3 0 0 0 3 0 2 0 1 0 2 0 1 0 0 0 2 0 3 0 1 0 2 1 0 0 2 0 1 1 0 0 0 0 3 0 0 1 0 1 0 0 2 1 0 1 0 0 2 0 2 0 3 0 2 0 2 0 2 1 0 0 0 0 1 0 1 0 2 0 0 0 2 0 2 0 0 0 2 1 0 0 3 0 1 1 0 0 2 0 0 0 2 0 0 0 2 0 0 1 0 0 0 0 3 0 3 0 1 0 1 0 0 0 0 0 1 0 0 0 3 0 1 1 0 1 0 1 0 0 0 0 1 0 3 0 1 1 0 0 2 0 0 0 2 0 0 0 0 1 0 0 1 0 2 1 0 0 1 0 1 0 3 0 3 0 0 1 0 0 1 0 1 0 0 0 3 0 2 0 0 0 0 0 1 0 0 0 2 0 2 0 1 0 1 0 2 1 0 1 0 1 0 0 1 0 3 0 0 0 1 0 0 0 3 0 0 1 0 0 1 0 1 0 0 0 3 0 2 1 0 0 0 0 0 0 2 0 0 0 1 1 0 0 1 0 0 0 1 0 1 0 0 0 3 0 3 0 2 1 0 0 0 0 3 0 3 0 2 0 2 0 1 0 3 0 3 0 2 0 2 0 2 0 0 0 3 0 2 0 2 0 0 1 0 0 0 0 1 0 2 0 1 1 0 0 2 0 2 0 2 1 0 0 1 1 0 0 3 0 3 0 1 0 0 0 1 0 1 0 2 0 1 0 1 0 1 1 0 0 1 0 3 0 2 0 0 0 3 0 1 0 3 0 0 0 2 0 2 0 2 0 3 0 0 0 2 0 2 1 0 0 1 0 3 0 3 0 1 0 3 0 0 0 0 0 0 0 3 0 0 0 3 0 0 0 2 0 0 1 0 0 1 0 2 0 2 0 3 0 1 0 1 0 3 0 0 0 2 0 0 1 0 0 0 0 1 0 2 1 0 0 0 1 0 1 0 0 2 1 0 0 0 0 3 0 2 0 2 1 0 0 1 0 3 0 1 0 1 1 0 0 0 0 0 0 2 0 0 0 2 1 0 0 3 0 3 0 0 1 0 0 2 1 0 0 2 0 0 0 1 0 2 0 2 0 3 0 3 0 3 0 3 0 0 0 3 0 2 0 0 0 1 0 1 0 3 0 0 1 0 1 0 0 0 0 1 1 0 0 3 0 3 0 0 0 2 1 0 0 2 0 3 0 1 0 3 0 3 0 0 0 3 0 2 0 2 0 1 0 1 0 0 0 3 0 2 0 2 0 3 0 0 0 0 0 1 0 0 0 1 0 3 0 2 0 0 0 1 0 0 0 2 0 2 0 3 0 0 0 0 1 0 0 1 1 0 0 1 1 0 0 3 0 2 1 0 0 1 0 1 0 3 0 1 0 0 0 1 0 0 0 0 1 0 0 1 0 1 1 0 0 2 0 1 0 2 1 0 0 2 0 3 0 3 0 2 0 0 0 2 0 2 0 2 0 1 0 0 0 2 0 3 0 2 1 0 0 2 0 1 0 2
0 873 3 0 1 0 2 0 3 0 0 1 0 0 0 0 0 0 2 0 3 0 1 0 3 0 2 1 0 0 0 0 3 0 2 0 1 0 1 1 0 0 1 0 0 0 2 0 1 1 0 0 1 0 0 0 0 0 2 0 0 0 3 0 1 1 0 0 1 0 2 0 2 0 3 0 0 0 2 0 0 0 0 0 3 0 2 0 3 0 1 0 2 0 0 0 3 0 0 0 0 0 3 0 0 0 3 0 1 0 1 0 2 0 0 1 0 0 2 0 3 0 0 0 0 1 0 0 3 0 1 0 1 0 1 0 0 0 0 0 1 0 0 0 0 0 0 0 3 0 0 0 3 0 0 0 1 0 0 1 0 1 0 0 2 0 0 0 0 0 0 0 3 0 1 0 0 0 2 0 1 1 0 0 1 0 3 0 1 1 0 0 2 0 2 0 2 0 0 1 0 0 0 0 3 0 1 0 0 0 2 1 0 0 1 1 0 1 0 1 0 1 0 0 1 0 1 0 2 1 0 1 0 0 1 0 0 1 0 0 0 0 1 0 3 0 1 0 1 0 1 1 0 0 0 0 2 0 2 1 0 0 2 0 0 0 0 0 2 0 1 0 0 0 1 1 0 1 0 1 0 0 1 1 0 0 1 1 0 0 2 0 3 0 0 0 2 0 2 0 3 0 2 0 0 0 0 0 2 0 1 0 2 0 0 0 0 1 0 0 2 1 0 0 3 0 1 1 0 1 0 1 0 0 1 1 0 0 1 0 1 0 3 0 2 0 0 1 0 0 2 0 3 0 2 0 2 0 2 0 3 0 1 0 2 0 1 0 2 0 0 0 1 0 0 0 2 0 1 0 0 0 0 0 3 0 3 0 1 0 0 1 0 0 3 0 2 0 1 0 1 0 2 0 1 0 1 0 2 0 3 0 1 0 2 0 1 0 2 0 1 1 0 0 0 0 0 1 0 0 1 0 3 0 3 0 1 0 0 0 2 0 2 0 1 0 2 0 3 0 1 1 0 0 1 0 2 0 3 0 1 0 0 1 0 0 3 0 3 0 1 0 1 0 0 0 2 0 2 0 1 0 0 0 2 0 2 1 0 0 3 0 0 0 0 0 0 0 0 0 1 0 1 1 0 1 0 0 0 0 2 0 2 0 3 0 0 0 2 0 2 1 0 0 3 0 2 0 3 0 3 0 2 0 2 0 0 0 2 0 1 1 0 0 2 0 2 0 0 0 1 0 1 0 2 0 2 0 0 0 1 1 0 0 3 0 2 0 2 1 0 0 2 0 1 0 0 0 1 0 1 0 2 0 1 0 1 1 0 0 2 0 3 0 2 0 0 0 1 0 2 0 3 0 3 0 1 0 1 1 0 0 2 0 2 1 0 0 3 0 0 1 0 0 1 1 0 1 0 0 0 1 0 0 1 0 2 0 1 0 1 1 0 0 3 0 1 0 3 0 3 0 2 1 0 0 0 1 0 0 2 0 1 0 0 0 2 0 2 0 2 1 0 0 0 1 0 1 0 0 1 0 3 0 0 0 1 0 3 0 3 0 3 0 2 0 2 0 2 0 0 0 1 0 2 0 3 0 1 0 2 1 0 0 2 1 0 1 0 0 0 0 2 0 2 0 2 0 1 0 0 0 0 0 2 1 0 0 3 0 2 0 2 0 2 0 1 0 0 0 3 0 2 0 1 0 2 0 1 0 1 0 2 0 1 0 0 0 2 0 0 0 3 0 2 0 0 0 1 0 2 0 1 0 0 0 1 0 2 0 1 0 1 0 3 0 2 0 3 0 2 1 0 0 2 0 1 1 0 0 2 0 3 0 1 0 3 0 0 0 2 0 0 0 1 0 3 0 1 0 3 0 3 0 3 0 3 0 1 0 0 0 0 0 3 0 3 0 0 0 2 0 0 0 1 0 0 0 3 0 1 0 0 0 3 0 1 1 0 1 0 1 0 0 1
0 875 1 0 1 1 0 0 1 0 2 0 2 0 2 1 0 0 1 0 0 0 2 1 0 0 3 0 1 1 0 0 1 0 2 0 0 0 3 0 3 0 3 0 1 0 0 1 0 1 0 1 0 0 2 0 0 0 0 1 0 0 2 0 1 1 0 1 0 0 3 0 0 0 1 0 2 0 1 1 0 0 1 0 1 0 2 0 1 0 2 1 0 0 0 0 2 0 1 0 1 0 1 0 1 0 2 0 1 0 3 0 2 1 0 0 2 1 0 0 0 0 2 0 1 0 1 1 0 0 1 0 3 0 2 0 2 0 0 0 0 0 2 0 0 0 0 0 1 0 1 0 2 0 1 0 1 0 2 0 1 1 0 0 3 0 3 0 0 0 0 0 1 0 1 0 3 0 0 1 0 1 0 1 0 0 3 0 2 0 0 0 0 0 0 0 1 0 0 0 2 0 3 0 0 0 1 0 3 0 1 0 0 1 0 1 0 0 0 1 0 1 0 0 3 0 1 0 3 0 1 0 0 0 3 0 1 0 1 0 2 1 0 0 3 0 1 0 3 0 2 0 3 0 3 0 0 0 0 0 1 1 0 1 0 0 1 0 0 1 0 0 3 0 0 1 0 0 0 1 0 0 3 0 2 0 3 0 2 1 0 0 0 0 2 0 2 0 0 0 1 0 3 0 0 0 1 0 0 1 0 1 0 0 0 0 1 0 1 1 0 0 1 0 0 0 2 0 0 0 0 1 0 0 3 0 2 0 3 0 1 0 3 0 2 0 0 0 2 1 0 0 0 0 3 0 1 0 1 0 1 0 2 1 0 0 0 1 0 0 0 0 1 0 2 0 0 1 0 0 3 0 0 0 1 0 2 0 2 0 3 0 1 1 0 0 2 0 0 0 3 0 2 1 0 0 3 0 3 0 0 0 2 1 0 0 0 1 0 0 0 1 0 1 0 0 0 0 1 0 3 0 2 0 2 0 2 0 3 0 1 0 0 0 0 1 0 0 1 0 2 1 0 1 0 0 3 0 0 0 2 0 3 0 1 1 0 0 2 0 2 0 3 0 2 0 1 0 0 0 0 0 3 0 1 0 0 0 2 0 0 0 1 0 1 0 0 0 0 0 0 0 2 1 0 0 0 0 3 0 0 0 0 0 1 0 2 0 2 0 0 0 2 0 0 0 2 0 1 0 3 0 3 0 1 0 0 0 2 0 0 0 0 0 0 0 0 0 0 0 1 0 2 0 3 0 0 0 0 0 1 1 0 0 0 0 2 0 1 0 1 1 0 1 0 0 3 0 0 0 2 0 2 1 0 1 0 0 0 0 0 0 0 0 3 0 0 0 1 0 3 0 0 0 3 0 2 1 0 0 0 0 0 0 0 0 2 0 0 0 1 0 2 0 3 0 2 1 0 0 3 0 0 0 3 0 1 1 0 1 0 0 0 0 0 0 1 1 0 0 3 0 3 0 1 1 0 0 1 0 3 0 3 0 2 0 1 0 0 0 1 0 1 1 0 0 1 1 0 0 3 0 2 0 1 0 1 0 3 0 2 0 3 0 3 0 1 0 1 0 0 0 1 0 3 0 0 0 2 1 0 0 2 0 0 0 1 0 0 0 3 0 0 0 0 0 1 0 0 0 3 0 0 0 1 0 1 0 0 0 2 0 1 0 1 0 0 0 3 0 1 0 2 0 0 1 0 0 0 0 3 0 2 1 0 0 3 0 0 1 0 0 2 0 2 0 0 0 1 0 2 1 0 0 3 0 0 0 2 1 0 0 3 0 3 0 2 0 1 0 3 0 2 0 0 0 0 0 0 0 0 0 0 0 2 1 0 0 2 0 1 1 0 0 1 0 3 0 1 1 0 0 3 0 3 0 3 0 2 0 3 0 0 0 1 0 2 0 2 0 1 1 0 0 1 0 2 0 1 0 1 0 3 0 1 0 2 0 0 0 0 1 0 0 3 0 1
1 875 2 0 3 0 3 0 2 0 0 0 1 0 1 1 0 0 2 0 1 0 1 0 0 0 1 1 0 1 0 0 2 1 0 0 2 0 2 0 3 0 2 0 3 0 1 1 0 1 0 0 3 0 3 0 0 0 1 1 0 0 0 0 0 0 0 1 0 0 1 0 1 0 2 1 0 1 0 1 0 0 2 0 2 1 0 1 0 0 1 1 0 0 0 1 0 0 3 0 2 0 2 0 2 1 0 1 0 0 3 0 2 0 0 0 0 1 0 0 0 1 0 0 3 0 3 0 3 0 2 0 2 0 1 0 0 0 1 0 0 1 0 0 1 0 0 0 2 0 2 1 0 0 3 0 3 0 0 0 0 0 0 0 2 0 2 0 1 0 0 0 2 0 3 0 1 0 2 1 0 1 0 1 0 0 2 0 0 0 1 0 0 0 0 0 2 0 1 0 0 0 2 0 1 0 3 0 1 0 3 0 1 1 0 0 3 0 0 1 0 1 0 0 1 1 0 0 2 0 3 0 1 0 1 0 3 0 3 0 1 0 0 0 1 1 0 0 3 0 1 0 3 0 2 0 1 0 0 1 0 0 0 0 3 0 1 0 1 1 0 0 1 0 2 0 3 0 0 1 0 0 2 0 1 0 3 0 1 1 0 0 1 0 0 0 0 0 1 0 3 0 1 0 1 0 2 0 1 1 0 0 2 1 0 0 2 0 3 0 3 0 1 0 0 1 0 0 1 0 1 1 0 0 2 0 1 0 2 1 0 0 3 0 0 0 2 0 0 1 0 0 1 0 1 0 3 0 2 0 3 0 0 1 0 0 1 0 2 1 0 0 2 1 0 0 2 1 0 0 1 0 1 0 3 0 0 0 1 0 2 1 0 1 0 1 0 0 2 0 2 0 2 0 0 0 2 0 2 0 2 0 0 1 0 0 1 0 3 0 0 1 0 0 2 1 0 0 3 0 2 0 1 0 1 0 1 0 2 0 3 0 0 0 1 0 3 0 2 0 1 0 0 1 0 0 1 0 2 0 0 0 3 0 0 0 0 0 0 0 1 0 3 0 0 0 3 0 0 0 1 0 1 0 3 0 0 1 0 0 1 0 2 0 2 0 0 0 0 0 1 0 0 1 0 0 1 0 1 0 1 0 0 0 3 0 0 0 0 0 1 1 0 0 1 1 0 1 0 0 3 0 2 0 3 0 0 1 0 0 1 0 0 0 0 0 0 0 0 0 3 0 0 0 2 0 1 0 0 0 3 0 2 1 0 1 0 1 0 0 0 0 0 1 0 0 1 0 2 0 0 0 2 0 0 0 2 1 0 0 0 0 1 0 1 0 1 0 3 0 1 0 2 0 2 0 1 1 0 0 0 0 0 0 0 1 0 0 1 0 3 0 0 0 3 0 2 0 0 0 1 0 2 0 2 0 0 0 0 0 2 1 0 0 0 1 0 0 0 0 2 0 2 1 0 1 0 0 3 0 2 0 3 0 0 0 3 0 0 0 2 0 3 0 3 0 2 1 0 0 2 0 0 0 3 0 3 0 2 0 1 0 3 0 2 0 3 0 2 0 0 0 3 0 1 0 2 0 0 1 0 1 0 0 1 0 2 0 1 0 1 0 1 0 0 0 2 0 1 0 1 0 1 0 2 0 2 0 0 1 0 0 3 0 2 0 1 0 1 1 0 0 0 0 2 0 3 0 0 0 2 0 2 0 0 0 1 0 2 1 0 0 0 0 0 0 1 0 3 0 1 0 0 0 1 0 2 0 1 0 0 0 2 0 3 0 0 1 0 0 3 0 0 0 1 0 0 0 0 0 0 0 1 0 0 1 0 1 0 1 0 1 0 0 3 0 2 0 0 0 0 0 2 0 3 0 3 0 1 0 2 0 1 0 3 0 0 0 0 1 0 1 0 0 2 1 0 0 3 0 3 0 1 1 0 0 0 0 1 0 1 1 0 0 1 1 0
1 877 1 0 0 0 3 0 3 0 0 0 1 0 2 0 3 0 3 0 3 0 2 0 2 0 0 1 0 0 0 1 0 0 1 0 0 0 0 0 1 0 3 0 1 0 3 0 0 0 0 1 0 0 2 0 2 0 1 0 3 0 2 1 0 0 0 0 1 0 3 0 1 0 3 0 1 0 0 1 0 1 0 0 0 0 2 0 0 0 3 0 2 0 3 0 0 1 0 0 2 0 1 0 1 0 2 0 0 1 0 0 2 0 0 0 1 0 1 0 3 0 0 1 0 0 2 0 3 0 3 0 1 0 0 0 3 0 0 0 2 0 1 0 3 0 1 0 1 0 0 0 2 0 0 0 2 0 2 0 1 0 0 0 1 0 0 0 0 0 3 0 1 0 0 0 2 1 0 0 2 0 0 1 0 0 3 0 3 0 0 0 2 0 0 0 0 1 0 0 3 0 0 1 0 1 0 0 2 1 0 0 3 0 0 0 0 0 1 0 2 1 0 0 3 0 2 1 0 0 0 0 2 0 3 0 3 0 2 0 2 0 3 0 0 1 0 0 0 0 1 1 0 0 3 0 0 0 3 0 1 0 3 0 0 0 1 0 3 0 3 0 3 0 2 0 0 0 2 0 2 0 3 0 3 0 3 0 1 1 0 1 0 0 2 0 0 0 0 0 3 0 1 0 3 0 3 0 0 0 0 0 0 0 1 0 0 0 0 0 3 0 2 0 3 0 1 0 3 0 1 0 3 0 3 0 3 0 3 0 1 0 0 0 1 0 1 1 0 0 2 0 3 0 1 0 3 0 2 0 1 0 2 0 2 0 3 0 2 0 1 0 0 0 1 0 0 0 0 1 0 0 2 0 3 0 1 0 1 0 3 0 1 0 0 1 0 1 0 0 0 0 1 0 0 0 2 0 0 0 1 0 0 0 2 0 3 0 2 0 1 0 2 1 0 0 1 0 0 0 2 0 0 0 3 0 2 0 3 0 0 0 2 0 1 0 3 0 2 0 0 0 3 0 1 0 3 0 1 1 0 0 2 0 1 0 1 0 0 0 0 0 3 0 1 0 2 0 1 0 1 0 2 0 3 0 1 0 2 0 3 0 2 0 0 0 0 0 1 0 0 0 2 0 1 0 3 0 1 0 2 0 2 0 1 0 1 0 1 0 0 0 3 0 3 0 2 1 0 1 0 0 2 0 1 0 2 0 2 0 3 0 1 0 0 0 0 0 0 0 1 0 1 0 1 1 0 0 3 0 1 0 2 0 2 0 0 1 0 0 2 1 0 0 1 0 3 0 1 1 0 0 1 1 0 0 2 0 0 1 0 0 0 0 2 0 2 0 3 0 1 1 0 0 1 0 0 1 0 1 0 0 0 0 0 0 1 0 3 0 2 0 1 0 2 0 2 0 0 0 1 0 3 0 0 0 0 0 1 0 1 0 0 1 0 0 1 0 3 0 0 0 0 0 2 0 0 1 0 0 2 0 1 0 2 0 2 0 1 0 2 0 0 0 3 0 3 0 1 1 0 1 0 0 2 0 2 0 3 0 0 1 0 0 3 0 1 0 3 0 0 0 2 0 1 1 0 0 0 0 2 1 0 0 3 0 1 1 0 0 3 0 2 0 2 0 0 1 0 0 3 0 2 0 3 0 0 0 0 0 2 1 0 0 2 0 0 0 3 0 3 0 3 0 0 0 0 0 2 0 2 0 0 0 0 0 1 0 3 0 0 1 0 0 0 0 0 0 3 0 1 0 3 0 0 0 2 1 0 0 3 0 1 0 0 0 2 0 2 1 0 0 1 0 1 0 2 0 0 0 0 0 0 0 2 0 1 1 0 1 0 1 0 1 0 0 2 0 0 0 1 0 1 0 0 0 3 0 2 1 0 0 0 1 0 0 2 0 1 0 1 1 0 1 0 0 1 0 0 0 2 0 2 1 0 1 0 0 0 0 2 0 3 0 3 0 2 0 2
0 877 2 0 1 0 2 0 2 0 1 0 3 0 0 0 3 0 3 0 3 0 1 0 0 0 2 0 3 0 0 0 3 0 1 0 0 0 0 0 3 0 1 1 0 0 2 0 1 0 1 1 0 0 0 0 0 1 0 0 3 0 1 1 0 0 0 0 3 0 1 1 0 0 2 0 3 0 1 1 0 0 2 1 0 1 0 0 2 0 2 0 1 0 2 0 2 0 3 0 3 0 2 0 2 1 0 0 2 0 3 0 3 0 0 0 2 0 3 0 1 0 2 1 0 0 0 0 3 0 2 0 3 0 1 0 1 0 1 1 0 1 0 0 2 0 3 0 2 0 0 1 0 0 2 0 0 0 0 0 3 0 0 0 2 0 0 0 1 0 1 0 3 0 1 0 0 1 0 1 0 0 2 1 0 0 2 0 2 0 1 1 0 0 1 0 1 1 0 0 1 0 2 1 0 1 0 0 1 0 0 0 1 0 1 0 0 0 3 0 1 0 0 0 2 0 1 1 0 0 1 0 0 0 3 0 3 0 1 0 1 0 2 0 2 0 2 1 0 1 0 0 0 0 1 0 2 0 1 1 0 0 2 0 1 0 3 0 2 0 3 0 3 0 0 0 2 0 0 0 1 0 3 0 3 0 3 0 0 0 0 0 3 0 3 0 0 0 1 0 1 1 0 0 3 0 2 0 1 0 0 0 0 0 2 0 0 0 1 0 2 0 1 0 2 1 0 0 2 1 0 0 3 0 3 0 3 0 2 0 3 0 0 0 2 1 0 0 0 0 0 0 2 1 0 0 3 0 0 1 0 0 1 0 1 0 3 0 0 0 3 0 0 0 2 0 0 0 1 1 0 0 0 0 2 0 3 0 3 0 1 0 3 0 1 1 0 0 2 1 0 0 2 0 0 1 0 0 1 0 2 0 1 0 0 0 3 0 0 1 0 0 1 1 0 0 2 0 0 1 0 0 2 0 2 0 1 0 2 0 1 1 0 1 0 0 3 0 0 0 2 0 1 1 0 0 2 1 0 1 0 1 0 0 3 0 2 0 0 0 1 0 1 1 0 0 0 0 3 0 3 0 0 0 2 1 0 0 1 0 3 0 0 0 1 0 0 0 2 0 0 1 0 1 0 0 2 1 0 0 1 0 0 0 3 0 2 0 2 0 1 0 2 0 3 0 2 0 0 0 3 0 3 0 3 0 0 0 1 0 2 0 3 0 0 0 0 0 0 0 2 0 2 1 0 0 0 0 1 1 0 0 1 0 0 0 2 1 0 0 0 1 0 0 3 0 1 1 0 1 0 0 3 0 3 0 3 0 1 0 3 0 0 0 0 0 1 0 2 1 0 1 0 0 2 0 1 1 0 0 2 1 0 0 0 0 3 0 2 0 0 1 0 0 1 0 0 0 1 0 3 0 1 0 1 0 0 0 2 0 2 0 1 0 3 0 2 0 1 0 1 0 0 1 0 0 2 0 3 0 3 0 3 0 0 0 0 1 0 0 0 0 2 0 2 0 3 0 0 0 0 1 0 0 0 0 1 0 2 0 2 1 0 0 1 1 0 0 2 0 1 1 0 1 0 1 0 0 1 0 1 0 0 0 2 0 0 0 0 0 2 0 1 0 0 0 2 1 0 0 2 0 1 0 2 0 1 0 1 0 0 1 0 1 0 0 2 0 2 0 3 0 2 0 1 0 1 0 0 0 0 0 1 0 0 0 3 0 1 0 2 0 2 1 0 0 1 0 1 1 0 0 2 0 2 0 1 0 0 0 1 0 3 0 1 0 0 0 1 1 0 0 2 0 2 1 0 0 1 0 0 0 1 0 0 0 0 0 0 1 0 1 0 0 3 0 3 0 0 0 2 0 2 0 1 0 2 0 1 1 0 0 1 0 3 0 3 0 2 1 0 0 0 0 3 0 1 0 1 0 0 0 2 0 0 0 3 0 0 0 0 0 3 0 3 0 1 0 1
1 878 1 0 1 0 0 1 0 0 1 0 0 2 0 2 0 2 0 3 0 2 0 3 0 1 0 0 0 2 0 2 0 1 0 3 0 0 0 1 0 1 1 0 1 0 1 0 0 3 0 3 0 2 1 0 0 1 1 0 0 1 1 0 1 0 0 1 0 2 0 0 0 0 0 0 0 3 0 0 0 0 0 1 0 0 1 0 0 0 0 0 1 0 0 1 0 1 0 3 0 3 0 1 0 2 0 0 0 0 0 3 0 2 0 2 0 0 0 2 1 0 0 1 1 0 0 1 0 2 0 1 0 2 0 3 0 2 1 0 0 0 1 0 0 0 0 3 0 0 0 2 0 3 0 3 0 0 0 1 0 1 0 1 1 0 0 1 0 2 0 3 0 1 0 3 0 1 1 0 1 0 0 1 0 0 0 0 0 0 1 0 1 0 0 2 0 3 0 3 0 2 0 1 0 0 0 3 0 1 0 0 0 2 0 2 0 1 0 1 0 3 0 0 1 0 1 0 1 0 0 2 0 1 0 2 0 2 0 3 0 3 0 0 0 1 0 2 0 0 0 2 1 0 0 2 1 0 1 0 1 0 1 0 1 0 0 3 0 1 0 3 0 2 0 1 1 0 0 1 0 3 0 2 0 3 0 2 0 1 0 1 0 2 0 2 0 1 0 2 1 0 0 0 0 2 0 0 0 3 0 0 0 0 1 0 0 1 0 2 1 0 1 0 0 2 0 0 0 1 0 0 0 2 0 3 0 3 0 1 0 2 0 2 0 0 1 0 0 0 0 1 0 1 0 0 0 1 0 2 0 3 0 1 0 3 0 1 0 2 0 1 0 1 1 0 0 1 0 3 0 3 0 0 0 0 0 3 0 2 1 0 0 3 0 0 0 0 0 0 1 0 1 0 0 2 0 3 0 1 1 0 0 3 0 1 0 1 0 2 0 3 0 2 0 3 0 3 0 1 1 0 0 0 0 0 1 0 0 1 0 0 0 0 1 0 0 1 0 2 0 0 0 0 0 0 0 1 0 0 1 0 1 0 0 2 0 0 0 1 0 2 0 3 0 3 0 0 0 2 0 2 0 2 0 0 1 0 0 3 0 1 0 1 0 2 0 0 1 0 0 2 1 0 1 0 0 0 1 0 0 2 0 1 0 2 0 1 0 0 1 0 0 1 0 3 0 0 0 2 0 2 0 3 0 2 0 1 0 3 0 0 0 2 0 1 0 0 0 1 0 0 0 1 1 0 0 0 0 3 0 3 0 1 0 1 0 0 1 0 0 1 1 0 0 2 0 0 0 0 1 0 0 2 0 3 0 2 1 0 0 2 0 1 0 0 0 3 0 1 0 0 1 0 0 0 0 0 0 0 0 0 1 0 0 1 0 2 0 0 0 2 0 3 0 1 0 0 0 3 0 1 0 3 0 2 0 1 0 0 0 0 1 0 0 3 0 0 0 3 0 2 0 1 1 0 0 0 0 3 0 3 0 2 0 1 0 1 0 3 0 0 0 0 0 1 0 2 0 1 0 1 0 2 1 0 0 3 0 0 0 1 1 0 1 0 0 0 0 0 0 0 0 0 1 0 0 3 0 1 0 2 0 0 1 0 0 1 0 0 1 0 0 3 0 1 0 0 1 0 1 0 1 0 0 0 0 3 0 2 0 1 1 0 1 0 0 0 0 1 0 3 0 0 0 3 0 2 0 0 0 0 0 2 0 1 0 1 1 0 0 1 0 1 1 0 0 2 1 0 0 0 0 0 0 0 0 3 0 0 0 3 0 1 0 3 0 0 1 0 0 0 0 0 0 1 1 0 0 2 0 0 0 2 0 0 0 0 0 1 1 0 1 0 0 2 0 2 0 2 0 0 0 0 1 0 0 0 1 0 1 0 0 3 0 2 0 3 0 1 1 0 0 1 0 1 0 3 0 2 0 0 1 0 0 2 0 1 0 1 0 1 0 2 0 2 0 3 0 2
0 879 1 1 0 0 3 0 1 0 1 1 0 0 0 0 1 0 1 0 3 0 1 0 2 0 3 0 1 0 0 0 0 1 0 0 2 0 1 0 2 1 0 0 0 1 0 1 0 0 2 0 3 0 1 1 0 0 3 0 3 0 2 1 0 0 3 0 1 1 0 0 1 0 0 0 1 0 1 0 1 0 0 0 2 0 1 0 2 1 0 0 1 0 3 0 1 0 3 0 2 0 2 1 0 0 0 0 1 0 1 0 2 0 1 0 0 0 2 0 0 1 0 0 3 0 3 0 1 1 0 1 0 0 1 0 3 0 1 1 0 0 1 0 3 0 0 0 1 0 2 0 0 0 3 0 2 0 1 0 2 0 2 0 3 0 3 0 2 0 0 0 2 1 0 0 3 0 0 0 0 0 3 0 1 0 0 0 0 0 1 1 0 1 0 0 0 0 3 0 3 0 0 0 3 0 1 0 1 0 3 0 1 0 0 0 0 0 3 0 3 0 1 0 2 1 0 1 0 0 3 0 3 0 3 0 0 0 1 0 3 0 2 0 1 0 2 1 0 0 2 0 1 0 0 0 1 0 0 1 0 1 0 1 0 1 0 0 1 1 0 0 3 0 0 1 0 1 0 0 3 0 2 0 1 0 3 0 0 0 3 0 3 0 0 0 0 1 0 0 1 1 0 0 0 1 0 0 2 0 1 0 1 0 1 0 3 0 2 0 1 0 0 0 3 0 3 0 0 0 2 0 1 0 0 0 3 0 2 1 0 0 1 0 0 0 2 0 2 1 0 0 2 0 2 0 0 0 3 0 0 0 2 1 0 0 2 1 0 0 0 0 3 0 3 0 3 0 2 0 2 0 2 0 1 0 1 0 2 0 2 0 0 0 1 0 1 0 0 0 1 1 0 1 0 0 0 0 3 0 0 0 0 0 1 0 3 0 3 0 0 0 3 0 1 0 3 0 2 1 0 1 0 0 0 0 1 0 3 0 1 0 0 0 1 0 3 0 1 1 0 0 1 0 0 0 0 0 2 0 1 1 0 0 3 0 3 0 0 0 3 0 0 0 3 0 2 0 2 0 0 0 1 0 0 0 2 1 0 0 1 0 3 0 2 1 0 0 2 1 0 0 1 0 0 0 3 0 0 0 3 0 3 0 2 1 0 0 3 0 1 0 3 0 2 0 1 0 2 0 0 0 1 0 3 0 0 1 0 0 2 0 1 1 0 0 3 0 0 0 2 0 0 0 3 0 3 0 0 0 2 0 2 0 3 0 2 0 1 0 3 0 2 0 3 0 3 0 0 0 1 1 0 0 0 0 3 0 1 1 0 1 0 0 3 0 1 0 1 0 3 0 1 0 2 1 0 0 0 0 0 0 1 0 3 0 1 1 0 0 2 0 0 0 2 0 3 0 1 0 1 1 0 0 3 0 0 0 3 0 0 0 1 1 0 0 1 0 2 0 2 0 0 1 0 1 0 0 1 0 2 0 3 0 0 0 3 0 3 0 1 0 1 0 0 0 2 1 0 0 3 0 3 0 1 0 0 0 1 0 1 1 0 0 0 0 2 1 0 0 0 0 0 0 1 1 0 0 1 1 0 0 0 0 2 0 3 0 1 0 1 1 0 0 1 0 3 0 1 1 0 1 0 0 3 0 0 0 2 0 1 0 0 0 0 0 2 1 0 0 3 0 1 0 2 0 2 0 0 0 1 0 0 1 0 0 3 0 3 0 3 0 1 1 0 0 0 0 0 1 0 0 0 0 0 0 1 0 1 0 2 0 1 1 0 0 2 0 2 0 2 1 0 0 0 0 3 0 3 0 3 0 0 1 0 0 1 0 0 1 0 0 0 1 0 0 0 0 1 0 0 0 1 0 1 0 3 0 0 1 0 1 0 0 2 0 1 0 2 1 0 1 0 0 2 0 3 0 2 0 0 0 2 0 3 0 3 0 2 0 2 0 3 0 0 0 1 0 3 0 1
1 880 1 0 0 0 0 1 0 3 0 3 0 2 1 0 0 2 0 3 0 1 1 0 0 1 0 2 0 3 0 0 0 1 0 3 0 3 0 3 0 0 1 0 0 1 1 0 1 0 0 0 0 3 0 0 0 0 0 2 0 3 0 2 0 0 0 1 1 0 1 0 0 2 0 0 0 2 0 2 0 2 0 0 1 0 1 0 0 1 1 0 0 3 0 1 1 0 0 3 0 1 0 1 1 0 0 0 0 2 0 2 1 0 0 3 0 0 1 0 0 2 1 0 0 2 0 3 0 0 0 0 0 3 0 2 0 1 1 0 1 0 0 3 0 1 0 1 0 2 1 0 0 2 0 2 0 0 1 0 0 1 0 1 0 3 0 3 0 0 0 2 0 1 0 0 0 1 0 1 0 1 0 1 0 3 0 0 0 0 1 0 0 0 0 3 0 0 0 2 0 2 0 2 0 1 0 3 0 3 0 1 0 3 0 0 0 1 0 2 0 2 1 0 0 2 0 0 1 0 0 2 0 3 0 2 0 1 0 3 0 2 0 0 1 0 0 1 1 0 1 0 0 3 0 0 0 2 0 1 1 0 1 0 1 0 0 3 0 2 1 0 0 1 0 2 1 0 1 0 0 2 0 0 1 0 0 2 0 2 0 2 0 2 0 1 0 1 0 3 0 2 0 3 0 0 0 3 0 3 0 2 0 2 0 3 0 2 0 0 0 3 0 1 0 2 0 2 0 1 1 0 0 3 0 1 0 2 0 1 1 0 0 2 0 1 0 0 0 2 0 0 0 0 0 0 0 2 0 1 0 2 0 1 0 0 0 0 1 0 0 1 0 2 0 3 0 3 0 1 0 1 0 0 0 3 0 3 0 0 0 0 0 1 0 2 0 2 0 0 1 0 0 0 0 3 0 0 0 1 0 1 0 0 0 3 0 2 0 2 0 2 0 1 1 0 0 3 0 2 0 0 0 2 1 0 0 3 0 1 0 3 0 0 0 3 0 1 1 0 1 0 0 2 0 0 0 1 0 0 0 0 0 0 0 2 0 2 0 2 0 1 0 2 0 2 0 1 0 0 0 1 0 2 0 1 0 0 1 0 0 3 0 2 0 2 0 0 0 0 1 0 0 2 0 1 0 1 0 2 0 2 0 3 0 2 0 0 0 1 1 0 0 3 0 0 1 0 0 0 0 1 0 3 0 1 0 2 1 0 0 0 0 0 0 0 0 1 0 1 1 0 0 2 0 2 0 2 0 2 0 0 0 1 0 3 0 0 1 0 0 3 0 1 0 3 0 2 0 1 0 3 0 3 0 0 0 2 0 0 0 0 1 0 0 1 0 3 0 3 0 1 1 0 0 1 1 0 0 0 0 0 0 3 0 1 1 0 1 0 1 0 0 2 0 0 0 2 1 0 0 0 0 0 0 1 0 2 0 1 0 1 0 3 0 3 0 2 0 0 0 0 0 2 1 0 0 3 0 2 0 0 0 2 0 2 0 2 0 2 0 3 0 2 0 1 0 1 0 0 0 2 0 2 0 3 0 0 0 2 0 3 0 3 0 0 0 0 1 0 0 0 0 0 0 3 0 3 0 2 0 3 0 0 0 0 0 2 0 3 0 3 0 3 0 2 0 2 0 0 0 0 1 0 0 1 0 1 1 0 0 3 0 0 0 1 0 1 0 0 0 1 1 0 0 1 0 0 0 1 0 2 0 1 1 0 0 2 0 3 0 2 1 0 1 0 0 0 0 1 0 2 1 0 0 0 0 2 0 3 0 0 0 0 0 0 0 0 0 1 0 1 1 0 0 1 0 2 0 3 0 2 0 2 0 3 0 1 0 1 0 3 0 0 0 2 1 0 0 2 0 0 0 2 0 3 0 1 0 2 1 0 0 3 0 3 0 3 0 1 0 0 1 0 0 0 0 3 0 0 0 2 0 0 0 3 0 3 0 1 0 1 0 2 0 1 0 3 0 1 1 0
1 881 1 0 2 1 0 0 3 0 2 0 3 0 2 0 0 0 0 0 2 1 0 1 0 0 3 0 0 0 2 0 1 0 3 0 2 0 3 0 2 0 2 0 3 0 2 1 0 0 3 0 0 0 1 0 1 0 1 0 0 0 3 0 0 0 1 1 0 0 0 0 3 0 3 0 1 0 0 0 1 0 0 0 2 1 0 0 3 0 2 1 0 0 2 0 0 0 0 0 1 0 3 0 3 0 3 0 0 0 0 0 2 0 0 0 1 0 2 1 0 0 1 0 0 0 0 0 2 0 1 0 1 0 2 0 1 0 0 0 0 1 0 0 1 0 3 0 3 0 1 0 0 0 0 0 0 0 2 0 3 0 1 0 3 0 2 0 2 0 1 1 0 0 3 0 0 0 2 0 2 0 2 0 3 0 1 0 1 0 1 0 3 0 0 0 1 0 2 0 0 0 1 0 0 1 0 0 3 0 2 1 0 0 2 0 1 0 3 0 0 0 1 1 0 1 0 0 2 1 0 0 0 0 3 0 0 1 0 0 3 0 0 0 2 0 3 0 2 1 0 1 0 0 1 0 2 0 0 0 0 0 0 1 0 1 0 0 2 0 1 1 0 0 3 0 1 0 0 0 3 0 3 0 1 1 0 0 0 0 1 0 1 0 0 0 3 0 3 0 2 0 1 0 2 0 2 0 2 0 3 0 1 0 1 0 3 0 0 0 2 0 1 1 0 0 1 0 1 0 0 0 0 0 1 1 0 0 0 1 0 1 0 1 0 0 3 0 0 1 0 0 1 0 0 0 0 1 0 1 0 0 0 0 3 0 0 0 1 0 3 0 2 0 0 0 3 0 2 0 3 0 2 0 1 0 2 0 2 0 1 0 0 0 3 0 0 0 0 0 2 0 3 0 0 0 1 0 1 0 2 0 2 0 1 0 2 0 1 0 1 0 1 0 0 0 0 0 2 0 0 0 2 0 1 0 0 0 1 1 0 0 2 0 2 0 2 0 0 0 0 0 3 0 3 0 0 0 2 0 0 0 0 0 1 0 0 0 1 0 0 1 0 0 1 0 0 0 3 0 0 0 2 1 0 0 3 0 1 1 0 0 2 0 1 0 0 0 1 0 1 0 3 0 3 0 2 0 3 0 0 0 1 0 3 0 0 0 1 1 0 0 0 0 1 0 2 0 2 1 0 0 3 0 1 1 0 0 1 1 0 0 0 0 0 0 0 0 2 1 0 0 0 0 0 0 1 0 1 0 0 0 1 0 3 0 1 0 2 1 0 0 1 1 0 0 3 0 0 1 0 0 3 0 2 0 1 1 0 0 1 0 1 0 3 0 2 0 2 0 2 1 0 1 0 0 3 0 2 1 0 0 1 0 2 0 0 0 0 1 0 0 3 0 3 0 1 0 0 1 0 0 0 0 0 0 2 1 0 0 3 0 3 0 2 0 3 0 0 0 1 0 1 0 1 0 0 0 2 0 0 0 2 0 0 0 1 0 1 0 1 0 3 0 0 0 3 0 2 0 1 0 0 0 1 0 2 0 2 0 0 0 3 0 2 0 1 0 1 0 2 1 0 0 1 0 2 0 3 0 1 0 2 0 1 0 1 0 0 0 3 0 3 0 3 0 1 0 0 0 1 0 1 0 3 0 1 1 0 0 0 0 1 0 1 0 2 0 2 0 0 0 3 0 3 0 1 0 0 0 3 0 0 0 0 0 0 0 0 0 3 0 2 0 0 0 2 1 0 0 3 0 0 1 0 0 1 0 0 0 2 0 1 0 0 0 0 0 0 0 2 0 3 0 3 0 2 0 0 0 3 0 1 0 1 0 2 0 3 0 3 0 1 0 2 0 0 1 0 1 0 0 2 0 0 0 2 1 0 0 2 0 0 0 2 0 3 0 2 0 3 0 1 0 3 0 0 0 1 0 1 1 0 0 2 0 2 0 2 0 3 0 2 1 0 1 0 0 2 1 0 1 0
1 881 3 0 1 0 0 0 2 0 1 0 3 0 0 0 1 0 1 0 1 0 0 1 0 0 1 0 1 1 0 1 0 0 3 0 1 0 3 0 1 0 1 0 3 0 2 0 0 0 1 0 1 0 2 0 2 0 2 0 1 0 1 0 1 0 3 0 3 0 0 0 2 0 2 0 3 0 0 0 2 0 1 0 1 0 0 0 2 0 1 1 0 1 0 0 1 0 0 0 3 0 2 0 3 0 2 0 1 0 0 1 0 0 1 0 3 0 0 1 0 0 2 0 0 0 0 1 0 0 3 0 2 1 0 0 3 0 0 0 1 0 3 0 2 0 2 0 2 0 3 0 0 0 0 0 1 0 0 0 2 1 0 0 3 0 1 0 1 0 0 0 0 0 1 0 2 0 0 0 1 0 1 0 2 0 3 0 2 0 3 0 1 0 1 0 2 1 0 0 1 0 2 0 1 1 0 0 2 0 1 1 0 1 0 1 0 0 2 0 1 1 0 0 0 1 0 0 0 1 0 0 1 0 1 0 2 1 0 0 1 0 2 0 0 0 3 0 2 0 0 0 3 0 1 1 0 0 1 0 0 0 1 1 0 1 0 0 0 0 0 0 0 0 1 0 3 0 1 0 2 0 2 1 0 1 0 0 0 0 2 0 2 0 1 0 2 0 3 0 0 1 0 0 1 0 1 0 1 0 2 0 3 0 3 0 1 0 1 1 0 1 0 1 0 0 2 0 2 0 0 0 0 0 3 0 3 0 0 1 0 1 0 1 0 0 1 0 2 0 3 0 1 0 0 0 1 1 0 0 3 0 0 0 1 0 1 0 3 0 2 0 0 0 2 0 2 0 1 0 3 0 0 1 0 0 1 0 0 0 3 0 1 0 1 0 1 0 1 0 0 0 2 0 1 0 2 0 3 0 0 0 0 1 0 0 0 0 3 0 2 0 2 0 0 0 0 1 0 0 1 1 0 0 3 0 0 1 0 0 0 0 0 0 1 0 0 0 1 0 1 0 2 0 2 0 1 1 0 0 1 0 0 0 2 0 0 0 2 0 1 0 3 0 1 0 1 0 1 0 2 0 1 0 0 0 1 1 0 1 0 1 0 0 3 0 0 0 2 0 3 0 2 0 3 0 1 0 2 0 1 0 3 0 1 0 1 0 3 0 2 1 0 0 3 0 0 0 2 0 0 0 1 1 0 1 0 0 3 0 2 1 0 0 0 0 1 0 0 1 0 0 0 0 0 0 2 0 2 0 0 0 3 0 1 1 0 0 1 1 0 1 0 0 0 0 1 0 2 1 0 0 2 0 0 1 0 1 0 0 2 0 3 0 2 0 1 0 1 0 2 0 0 1 0 0 2 0 1 1 0 0 2 1 0 0 1 0 1 1 0 0 2 0 2 0 3 0 1 0 2 1 0 0 1 0 1 0 0 0 2 0 3 0 1 0 2 0 1 0 2 0 2 0 2 0 0 1 0 0 1 1 0 0 1 0 2 0 2 0 3 0 1 0 2 0 2 0 0 0 3 0 0 0 3 0 0 0 0 0 2 0 2 0 0 0 3 0 3 0 0 1 0 0 3 0 0 0 2 1 0 0 0 0 3 0 2 0 1 0 2 0 3 0 2 0 3 0 0 0 2 0 3 0 1 1 0 1 0 0 0 0 2 0 3 0 0 0 0 0 2 0 2 0 2 0 3 0 1 0 1 0 1 0 0 0 0 0 1 0 2 0 0 0 2 0 1 0 0 0 1 0 2 0 3 0 1 0 0 1 0 0 3 0 0 0 0 0 1 0 0 0 3 0 3 0 0 0 2 0 1 0 3 0 3 0 0 0 3 0 2 1 0 0 0 0 2 1 0 0 3 0 3 0 1 0 0 1 0 1 0 0 2 0 0 0 3 0 1 0 2 1 0 0 2 0 1 0 2 1 0 0 0 0 0 0 1 0 1 0 3 0 2 0 0 1 0 0 1 0 0 0 2
0 883 1 0 1 0 3 0 0 1 0 1 0 0 2 0 1 0 2 0 2 0 2 0 1 0 3 0 1 1 0 0 0 1 0 0 1 1 0 0 2 0 3 0 3 0 2 0 0 0 1 0 2 0 3 0 0 0 1 0 0 0 3 0 2 0 3 0 2 0 2 0 2 0 0 0 1 0 2 0 1 1 0 0 3 0 2 0 1 0 0 0 0 0 0 0 3 0 1 0 1 0 2 0 1 0 3 0 0 0 3 0 1 0 3 0 2 0 1 0 2 0 3 0 3 0 0 0 1 1 0 0 2 0 2 0 0 0 1 0 1 0 3 0 2 0 1 0 1 0 1 0 2 0 1 0 0 0 2 0 1 0 1 0 0 0 1 0 3 0 2 0 0 0 0 0 2 1 0 0 1 0 2 0 3 0 0 0 3 0 1 0 2 0 3 0 3 0 0 1 0 0 3 0 0 0 0 0 0 0 0 0 0 0 0 1 0 0 3 0 3 0 3 0 3 0 0 0 3 0 0 0 3 0 1 0 3 0 0 1 0 0 2 1 0 0 2 0 2 0 0 0 2 0 1 1 0 1 0 0 2 0 0 1 0 0 0 0 2 1 0 0 0 0 0 0 3 0 1 1 0 0 1 0 2 0 0 0 3 0 0 0 0 0 0 1 0 0 1 0 2 0 2 0 3 0 1 0 2 0 3 0 0 0 3 0 2 1 0 0 0 0 0 1 0 1 0 0 0 0 0 0 1 0 1 0 2 0 2 0 2 1 0 1 0 0 3 0 2 0 0 0 2 0 3 0 0 1 0 0 0 0 1 0 1 0 2 0 3 0 2 0 0 0 2 0 0 0 0 1 0 0 2 0 2 0 3 0 1 0 1 0 1 0 3 0 2 0 2 0 2 0 0 1 0 1 0 0 1 0 2 0 1 0 1 0 3 0 0 0 2 0 1 0 0 0 1 0 1 0 3 0 2 1 0 0 1 0 2 0 2 1 0 0 0 0 2 0 0 0 2 0 3 0 0 0 0 1 0 1 0 0 2 0 0 1 0 0 1 1 0 1 0 0 2 0 3 0 2 0 2 1 0 0 3 0 0 1 0 0 0 1 0 1 0 0 1 0 2 0 0 0 3 0 1 0 2 1 0 0 0 1 0 0 2 0 3 0 3 0 2 0 2 0 0 0 1 0 1 1 0 0 1 1 0 0 0 1 0 0 2 0 1 1 0 0 0 0 2 0 1 0 2 1 0 0 1 0 0 0 0 0 2 0 1 1 0 1 0 1 0 0 0 0 2 1 0 0 3 0 0 1 0 1 0 0 2 1 0 1 0 0 0 0 3 0 0 0 3 0 2 1 0 0 2 1 0 0 0 0 0 0 0 0 0 1 0 0 2 1 0 0 0 0 0 0 1 0 2 1 0 0 1 1 0 0 2 0 2 0 1 0 0 0 2 1 0 0 0 1 0 0 1 0 1 0 0 0 2 0 3 0 2 0 3 0 2 0 0 0 1 0 2 1 0 0 1 0 0 0 2 0 1 0 2 0 1 0 1 0 1 0 0 0 0 0 2 0 2 0 2 0 2 1 0 0 1 0 2 0 0 1 0 0 1 0 2 0 0 1 0 0 1 0 3 0 1 0 2 0 2 0 0 0 3 0 0 0 0 0 3 0 0 0 0 0 2 0 1 0 1 0 0 0 1 0 1 0 2 0 3 0 2 0 2 0 0 0 0 0 2 1 0 0 1 1 0 0 3 0 0 0 3 0 0 0 2 0 3 0 1 1 0 0 1 0 1 0 0 0 2 0 1 0 2 0 2 0 1 1 0 1 0 0 3 0 2 0 2 0 2 0 1 1 0 0 1 0 1 0 0 0 2 0 2 0 3 0 1 1 0 0 3 0 3 0 1 0 1 1 0 0 1 1 0 1 0 1 0 0 1 1 0 0 0 0 0 0 2 0 3 0 2 0 0 0 2 0 3 0 1 0 1 0 0
0 883 2 0 3 0 1 0 2 1 0 0 3 0 3 0 3 0 0 0 1 0 0 1 0 0 2 1 0 1 0 0 1 0 3 0 2 1 0 0 0 0 3 0 3 0 0 0 1 0 3 0 0 0 2 0 1 0 2 0 1 0 2 0 1 0 3 0 1 0 1 0 0 0 1 0 3 0 0 0 0 0 0 0 2 0 0 0 3 0 0 0 0 0 1 0 1 0 3 0 2 1 0 1 0 0 2 0 2 0 1 1 0 0 3 0 0 1 0 0 1 0 3 0 2 0 1 1 0 0 0 0 0 0 0 0 1 0 2 0 3 0 2 0 0 0 3 0 2 0 2 1 0 0 3 0 0 1 0 0 3 0 2 0 0 0 3 0 2 0 0 0 1 0 1 0 0 1 0 0 3 0 0 0 2 0 2 0 1 1 0 0 1 0 3 0 2 0 2 1 0 0 1 0 1 0 0 0 0 0 0 0 0 0 1 1 0 0 2 0 3 0 3 0 2 0 2 0 1 0 2 0 1 1 0 0 2 0 2 1 0 0 1 0 0 0 0 0 0 0 2 0 0 0 0 0 0 0 3 0 3 0 1 0 3 0 0 0 0 1 0 0 0 0 1 0 1 1 0 1 0 0 2 1 0 0 2 0 1 0 1 0 0 0 1 0 3 0 2 0 0 0 1 0 2 1 0 0 1 0 2 0 2 0 2 0 1 1 0 0 0 0 1 1 0 0 2 1 0 0 0 0 2 0 3 0 0 0 1 0 2 0 0 1 0 0 2 0 0 0 2 0 0 0 2 0 2 0 2 1 0 0 2 0 3 0 0 0 3 0 0 0 1 1 0 0 1 0 1 1 0 0 0 0 1 0 2 0 3 0 2 0 3 0 2 0 1 0 1 0 0 0 2 1 0 0 3 0 1 1 0 0 3 0 3 0 1 0 1 1 0 0 3 0 0 0 2 0 3 0 2 0 1 1 0 0 3 0 0 0 1 1 0 0 0 1 0 0 2 0 0 0 2 0 1 0 1 1 0 0 3 0 3 0 1 0 3 0 2 1 0 1 0 0 0 0 3 0 1 0 2 0 0 0 1 0 2 0 3 0 0 1 0 0 3 0 1 1 0 0 2 0 1 1 0 0 1 1 0 0 1 1 0 0 0 0 3 0 3 0 1 0 0 0 1 0 2 0 3 0 3 0 2 0 3 0 0 0 3 0 3 0 3 0 2 1 0 1 0 1 0 0 1 1 0 0 2 0 0 0 1 0 0 0 0 0 0 1 0 0 3 0 0 0 1 0 0 0 1 0 2 1 0 1 0 0 1 0 0 0 3 0 0 0 1 0 2 0 2 0 2 0 0 0 0 1 0 0 0 0 0 0 0 0 1 1 0 0 0 1 0 0 0 0 0 0 3 0 0 1 0 1 0 0 0 0 0 0 0 0 3 0 1 0 0 1 0 0 1 0 3 0 1 0 2 0 1 0 0 0 3 0 1 0 3 0 0 0 1 0 3 0 0 1 0 0 2 0 0 1 0 1 0 0 0 0 3 0 2 0 2 0 0 0 1 0 0 0 1 0 1 0 1 1 0 0 2 1 0 0 2 0 3 0 1 1 0 0 2 0 3 0 2 0 1 1 0 0 1 0 0 0 2 0 1 0 1 0 1 0 1 0 1 0 0 1 0 0 3 0 2 0 0 0 2 0 3 0 0 0 3 0 1 0 0 0 1 0 1 0 0 1 0 1 0 0 0 0 1 0 2 0 1 0 2 0 0 0 2 1 0 1 0 0 2 0 2 0 0 1 0 1 0 0 1 0 1 0 0 0 0 1 0 0 2 0 1 0 1 0 0 1 0 1 0 0 2 0 2 0 1 0 0 0 1 0 3 0 0 0 0 0 2 0 2 0 3 0 3 0 3 0 2 1 0 1 0 0 3 0 2 0 2 1 0 0 1 0 0 0 3 0 0 0 2 0 0 0 2 0 3 0 2 0 0
